timestamp_utc,sample_index,label,pid,comm,cpu_percent,rss_kib,pss_kib,cmdline
2026-09-10T18:41:14Z,0,"combo_lifelong_devref",139327,"python3",0.1,73376,48070,"/usr/bin/python3 -c from ros2cli.daemon.daemonize import main; main() --name ros2-daemon --ros-domain-id 0 --rmw-implementation rmw_fastrtps_cpp"
2026-09-10T18:41:14Z,0,"combo_lifelong_devref",182523,"bash",0.0,4000,1111,"bash -c source /opt/ros/jazzy/setup.bash && bash /oomwoo/contributions/compute-benchmark/OsakaTX/scripts/run_nav2_slam_combo_bench.sh --mode lifelong --label combo_lifelong_devref --duration 240 --outdir /oomwoo/contributions/compute-benchmark/OsakaTX/results > /oomwoo/contributions/compute-benchmark/OsakaTX/results/combo/combo_lifelong_driver.log 2>&1"
2026-09-10T18:41:14Z,0,"combo_lifelong_devref",182536,"bash",0.0,3832,944,"bash /oomwoo/contributions/compute-benchmark/OsakaTX/scripts/run_nav2_slam_combo_bench.sh --mode lifelong --label combo_lifelong_devref --duration 240 --outdir /oomwoo/contributions/compute-benchmark/OsakaTX/results"
2026-09-10T18:41:14Z,0,"combo_lifelong_devref",182575,"python3",7.2,74768,49022,"python3 /oomwoo/contributions/compute-benchmark/OsakaTX/scripts/synthetic_scan_publisher.py --duration 340 --loop-s 40 --hz 5.0"
2026-09-10T18:41:14Z,0,"combo_lifelong_devref",182592,"ros2",5.7,81580,56265,"/usr/bin/python3 /opt/ros/jazzy/bin/ros2 launch nav2_bringup bringup_launch.py map:=/oomwoo/contributions/compute-benchmark/OsakaTX/scripts/../results/combo/combo_nav2_map.yaml params_file:=/oomwoo/contributions/compute-benchmark/OsakaTX/scripts/nav2_params_bench.yaml use_sim_time:=False autostart:=True slam:=False use_localization:=False"
2026-09-10T18:41:14Z,0,"combo_lifelong_devref",182612,"component_conta",13.0,140480,125488,"/opt/ros/jazzy/lib/rclcpp_components/component_container_isolated --ros-args --log-level info --ros-args -r __node:=nav2_container --params-file /tmp/launch_params_ljf44bln --params-file /tmp/launch_params_tdq1tqu6 -r /tf:=tf -r /tf_static:=tf_static"
2026-09-10T18:41:14Z,0,"combo_lifelong_devref",182663,"python3",92.5,82924,56343,"python3 /oomwoo/contributions/compute-benchmark/OsakaTX/scripts/nav_goal_sender.py --x 4.0 --y 4.0 --yaw 0.0 --repeat 0 --pause 1"
2026-09-10T18:41:14Z,0,"combo_lifelong_devref",182729,"bash",2.8,4460,1179,"bash /oomwoo/contributions/compute-benchmark/xbattlax/scripts/measure_ros_processes.sh --pattern python3|ros2|slam|nav2|component_container|nav_goal_sender --duration 230 --interval 2 --label combo_lifelong_devref --output /oomwoo/contributions/compute-benchmark/OsakaTX/scripts/../results/combo/combo_lifelong_devref_20260910T184017Z.csv"
2026-09-10T18:41:16Z,1,"combo_lifelong_devref",139327,"python3",0.1,73272,48020,"/usr/bin/python3 -c from ros2cli.daemon.daemonize import main; main() --name ros2-daemon --ros-domain-id 0 --rmw-implementation rmw_fastrtps_cpp"
2026-09-10T18:41:16Z,1,"combo_lifelong_devref",182523,"bash",0.0,4000,1113,"bash -c source /opt/ros/jazzy/setup.bash && bash /oomwoo/contributions/compute-benchmark/OsakaTX/scripts/run_nav2_slam_combo_bench.sh --mode lifelong --label combo_lifelong_devref --duration 240 --outdir /oomwoo/contributions/compute-benchmark/OsakaTX/results > /oomwoo/contributions/compute-benchmark/OsakaTX/results/combo/combo_lifelong_driver.log 2>&1"
2026-09-10T18:41:16Z,1,"combo_lifelong_devref",182536,"bash",0.0,3832,945,"bash /oomwoo/contributions/compute-benchmark/OsakaTX/scripts/run_nav2_slam_combo_bench.sh --mode lifelong --label combo_lifelong_devref --duration 240 --outdir /oomwoo/contributions/compute-benchmark/OsakaTX/results"
2026-09-10T18:41:16Z,1,"combo_lifelong_devref",182575,"python3",7.2,74772,49026,"python3 /oomwoo/contributions/compute-benchmark/OsakaTX/scripts/synthetic_scan_publisher.py --duration 340 --loop-s 40 --hz 5.0"
2026-09-10T18:41:16Z,1,"combo_lifelong_devref",182592,"ros2",5.9,81580,56258,"/usr/bin/python3 /opt/ros/jazzy/bin/ros2 launch nav2_bringup bringup_launch.py map:=/oomwoo/contributions/compute-benchmark/OsakaTX/scripts/../results/combo/combo_nav2_map.yaml params_file:=/oomwoo/contributions/compute-benchmark/OsakaTX/scripts/nav2_params_bench.yaml use_sim_time:=False autostart:=True slam:=False use_localization:=False"
2026-09-10T18:41:16Z,1,"combo_lifelong_devref",182612,"component_conta",13.4,140480,125487,"/opt/ros/jazzy/lib/rclcpp_components/component_container_isolated --ros-args --log-level info --ros-args -r __node:=nav2_container --params-file /tmp/launch_params_ljf44bln --params-file /tmp/launch_params_tdq1tqu6 -r /tf:=tf -r /tf_static:=tf_static"
2026-09-10T18:41:16Z,1,"combo_lifelong_devref",182663,"python3",93.4,83096,56513,"python3 /oomwoo/contributions/compute-benchmark/OsakaTX/scripts/nav_goal_sender.py --x 4.0 --y 4.0 --yaw 0.0 --repeat 0 --pause 1"
2026-09-10T18:41:16Z,1,"combo_lifelong_devref",182729,"bash",0.7,4468,1180,"bash /oomwoo/contributions/compute-benchmark/xbattlax/scripts/measure_ros_processes.sh --pattern python3|ros2|slam|nav2|component_container|nav_goal_sender --duration 230 --interval 2 --label combo_lifelong_devref --output /oomwoo/contributions/compute-benchmark/OsakaTX/scripts/../results/combo/combo_lifelong_devref_20260910T184017Z.csv"
2026-09-10T18:41:18Z,2,"combo_lifelong_devref",139327,"python3",0.1,73272,48022,"/usr/bin/python3 -c from ros2cli.daemon.daemonize import main; main() --name ros2-daemon --ros-domain-id 0 --rmw-implementation rmw_fastrtps_cpp"
2026-09-10T18:41:18Z,2,"combo_lifelong_devref",182523,"bash",0.0,4000,1112,"bash -c source /opt/ros/jazzy/setup.bash && bash /oomwoo/contributions/compute-benchmark/OsakaTX/scripts/run_nav2_slam_combo_bench.sh --mode lifelong --label combo_lifelong_devref --duration 240 --outdir /oomwoo/contributions/compute-benchmark/OsakaTX/results > /oomwoo/contributions/compute-benchmark/OsakaTX/results/combo/combo_lifelong_driver.log 2>&1"
2026-09-10T18:41:18Z,2,"combo_lifelong_devref",182536,"bash",0.0,3832,944,"bash /oomwoo/contributions/compute-benchmark/OsakaTX/scripts/run_nav2_slam_combo_bench.sh --mode lifelong --label combo_lifelong_devref --duration 240 --outdir /oomwoo/contributions/compute-benchmark/OsakaTX/results"
2026-09-10T18:41:18Z,2,"combo_lifelong_devref",182575,"python3",7.1,74708,49009,"python3 /oomwoo/contributions/compute-benchmark/OsakaTX/scripts/synthetic_scan_publisher.py --duration 340 --loop-s 40 --hz 5.0"
2026-09-10T18:41:18Z,2,"combo_lifelong_devref",182592,"ros2",6.2,81516,56249,"/usr/bin/python3 /opt/ros/jazzy/bin/ros2 launch nav2_bringup bringup_launch.py map:=/oomwoo/contributions/compute-benchmark/OsakaTX/scripts/../results/combo/combo_nav2_map.yaml params_file:=/oomwoo/contributions/compute-benchmark/OsakaTX/scripts/nav2_params_bench.yaml use_sim_time:=False autostart:=True slam:=False use_localization:=False"
2026-09-10T18:41:18Z,2,"combo_lifelong_devref",182612,"component_conta",13.6,140424,125472,"/opt/ros/jazzy/lib/rclcpp_components/component_container_isolated --ros-args --log-level info --ros-args -r __node:=nav2_container --params-file /tmp/launch_params_ljf44bln --params-file /tmp/launch_params_tdq1tqu6 -r /tf:=tf -r /tf_static:=tf_static"
2026-09-10T18:41:18Z,2,"combo_lifelong_devref",182663,"python3",94.1,83388,56853,"python3 /oomwoo/contributions/compute-benchmark/OsakaTX/scripts/nav_goal_sender.py --x 4.0 --y 4.0 --yaw 0.0 --repeat 0 --pause 1"
2026-09-10T18:41:18Z,2,"combo_lifelong_devref",182729,"bash",0.6,4472,1185,"bash /oomwoo/contributions/compute-benchmark/xbattlax/scripts/measure_ros_processes.sh --pattern python3|ros2|slam|nav2|component_container|nav_goal_sender --duration 230 --interval 2 --label combo_lifelong_devref --output /oomwoo/contributions/compute-benchmark/OsakaTX/scripts/../results/combo/combo_lifelong_devref_20260910T184017Z.csv"
2026-09-10T18:41:21Z,3,"combo_lifelong_devref",139327,"python3",0.1,73272,48022,"/usr/bin/python3 -c from ros2cli.daemon.daemonize import main; main() --name ros2-daemon --ros-domain-id 0 --rmw-implementation rmw_fastrtps_cpp"
2026-09-10T18:41:21Z,3,"combo_lifelong_devref",182523,"bash",0.0,4000,1113,"bash -c source /opt/ros/jazzy/setup.bash && bash /oomwoo/contributions/compute-benchmark/OsakaTX/scripts/run_nav2_slam_combo_bench.sh --mode lifelong --label combo_lifelong_devref --duration 240 --outdir /oomwoo/contributions/compute-benchmark/OsakaTX/results > /oomwoo/contributions/compute-benchmark/OsakaTX/results/combo/combo_lifelong_driver.log 2>&1"
2026-09-10T18:41:21Z,3,"combo_lifelong_devref",182536,"bash",0.0,3832,945,"bash /oomwoo/contributions/compute-benchmark/OsakaTX/scripts/run_nav2_slam_combo_bench.sh --mode lifelong --label combo_lifelong_devref --duration 240 --outdir /oomwoo/contributions/compute-benchmark/OsakaTX/results"
2026-09-10T18:41:21Z,3,"combo_lifelong_devref",182575,"python3",7.1,74708,49000,"python3 /oomwoo/contributions/compute-benchmark/OsakaTX/scripts/synthetic_scan_publisher.py --duration 340 --loop-s 40 --hz 5.0"
2026-09-10T18:41:21Z,3,"combo_lifelong_devref",182592,"ros2",6.4,81516,56251,"/usr/bin/python3 /opt/ros/jazzy/bin/ros2 launch nav2_bringup bringup_launch.py map:=/oomwoo/contributions/compute-benchmark/OsakaTX/scripts/../results/combo/combo_nav2_map.yaml params_file:=/oomwoo/contributions/compute-benchmark/OsakaTX/scripts/nav2_params_bench.yaml use_sim_time:=False autostart:=True slam:=False use_localization:=False"
2026-09-10T18:41:21Z,3,"combo_lifelong_devref",182612,"component_conta",13.8,140424,125472,"/opt/ros/jazzy/lib/rclcpp_components/component_container_isolated --ros-args --log-level info --ros-args -r __node:=nav2_container --params-file /tmp/launch_params_ljf44bln --params-file /tmp/launch_params_tdq1tqu6 -r /tf:=tf -r /tf_static:=tf_static"
2026-09-10T18:41:21Z,3,"combo_lifelong_devref",182663,"python3",94.5,83548,57012,"python3 /oomwoo/contributions/compute-benchmark/OsakaTX/scripts/nav_goal_sender.py --x 4.0 --y 4.0 --yaw 0.0 --repeat 0 --pause 1"
2026-09-10T18:41:21Z,3,"combo_lifelong_devref",182729,"bash",0.8,4472,1187,"bash /oomwoo/contributions/compute-benchmark/xbattlax/scripts/measure_ros_processes.sh --pattern python3|ros2|slam|nav2|component_container|nav_goal_sender --duration 230 --interval 2 --label combo_lifelong_devref --output /oomwoo/contributions/compute-benchmark/OsakaTX/scripts/../results/combo/combo_lifelong_devref_20260910T184017Z.csv"
2026-09-10T18:41:23Z,4,"combo_lifelong_devref",139327,"python3",0.1,73272,48022,"/usr/bin/python3 -c from ros2cli.daemon.daemonize import main; main() --name ros2-daemon --ros-domain-id 0 --rmw-implementation rmw_fastrtps_cpp"
2026-09-10T18:41:23Z,4,"combo_lifelong_devref",182523,"bash",0.0,4000,1112,"bash -c source /opt/ros/jazzy/setup.bash && bash /oomwoo/contributions/compute-benchmark/OsakaTX/scripts/run_nav2_slam_combo_bench.sh --mode lifelong --label combo_lifelong_devref --duration 240 --outdir /oomwoo/contributions/compute-benchmark/OsakaTX/results > /oomwoo/contributions/compute-benchmark/OsakaTX/results/combo/combo_lifelong_driver.log 2>&1"
2026-09-10T18:41:23Z,4,"combo_lifelong_devref",182536,"bash",0.0,3832,943,"bash /oomwoo/contributions/compute-benchmark/OsakaTX/scripts/run_nav2_slam_combo_bench.sh --mode lifelong --label combo_lifelong_devref --duration 240 --outdir /oomwoo/contributions/compute-benchmark/OsakaTX/results"
2026-09-10T18:41:23Z,4,"combo_lifelong_devref",182575,"python3",7.1,74708,49010,"python3 /oomwoo/contributions/compute-benchmark/OsakaTX/scripts/synthetic_scan_publisher.py --duration 340 --loop-s 40 --hz 5.0"
2026-09-10T18:41:23Z,4,"combo_lifelong_devref",182592,"ros2",6.7,81516,56251,"/usr/bin/python3 /opt/ros/jazzy/bin/ros2 launch nav2_bringup bringup_launch.py map:=/oomwoo/contributions/compute-benchmark/OsakaTX/scripts/../results/combo/combo_nav2_map.yaml params_file:=/oomwoo/contributions/compute-benchmark/OsakaTX/scripts/nav2_params_bench.yaml use_sim_time:=False autostart:=True slam:=False use_localization:=False"
2026-09-10T18:41:23Z,4,"combo_lifelong_devref",182612,"component_conta",13.9,140424,125474,"/opt/ros/jazzy/lib/rclcpp_components/component_container_isolated --ros-args --log-level info --ros-args -r __node:=nav2_container --params-file /tmp/launch_params_ljf44bln --params-file /tmp/launch_params_tdq1tqu6 -r /tf:=tf -r /tf_static:=tf_static"
2026-09-10T18:41:23Z,4,"combo_lifelong_devref",182663,"python3",95.1,83744,57211,"python3 /oomwoo/contributions/compute-benchmark/OsakaTX/scripts/nav_goal_sender.py --x 4.0 --y 4.0 --yaw 0.0 --repeat 0 --pause 1"
2026-09-10T18:41:23Z,4,"combo_lifelong_devref",182729,"bash",0.7,4472,1190,"bash /oomwoo/contributions/compute-benchmark/xbattlax/scripts/measure_ros_processes.sh --pattern python3|ros2|slam|nav2|component_container|nav_goal_sender --duration 230 --interval 2 --label combo_lifelong_devref --output /oomwoo/contributions/compute-benchmark/OsakaTX/scripts/../results/combo/combo_lifelong_devref_20260910T184017Z.csv"
2026-09-10T18:41:25Z,5,"combo_lifelong_devref",139327,"python3",0.1,73272,48022,"/usr/bin/python3 -c from ros2cli.daemon.daemonize import main; main() --name ros2-daemon --ros-domain-id 0 --rmw-implementation rmw_fastrtps_cpp"
2026-09-10T18:41:25Z,5,"combo_lifelong_devref",182523,"bash",0.0,4000,1112,"bash -c source /opt/ros/jazzy/setup.bash && bash /oomwoo/contributions/compute-benchmark/OsakaTX/scripts/run_nav2_slam_combo_bench.sh --mode lifelong --label combo_lifelong_devref --duration 240 --outdir /oomwoo/contributions/compute-benchmark/OsakaTX/results > /oomwoo/contributions/compute-benchmark/OsakaTX/results/combo/combo_lifelong_driver.log 2>&1"
2026-09-10T18:41:25Z,5,"combo_lifelong_devref",182536,"bash",0.0,3832,943,"bash /oomwoo/contributions/compute-benchmark/OsakaTX/scripts/run_nav2_slam_combo_bench.sh --mode lifelong --label combo_lifelong_devref --duration 240 --outdir /oomwoo/contributions/compute-benchmark/OsakaTX/results"
2026-09-10T18:41:25Z,5,"combo_lifelong_devref",182575,"python3",7.1,74708,49009,"python3 /oomwoo/contributions/compute-benchmark/OsakaTX/scripts/synthetic_scan_publisher.py --duration 340 --loop-s 40 --hz 5.0"
2026-09-10T18:41:25Z,5,"combo_lifelong_devref",182592,"ros2",6.9,81516,56242,"/usr/bin/python3 /opt/ros/jazzy/bin/ros2 launch nav2_bringup bringup_launch.py map:=/oomwoo/contributions/compute-benchmark/OsakaTX/scripts/../results/combo/combo_nav2_map.yaml params_file:=/oomwoo/contributions/compute-benchmark/OsakaTX/scripts/nav2_params_bench.yaml use_sim_time:=False autostart:=True slam:=False use_localization:=False"
2026-09-10T18:41:25Z,5,"combo_lifelong_devref",182612,"component_conta",14.1,140424,125472,"/opt/ros/jazzy/lib/rclcpp_components/component_container_isolated --ros-args --log-level info --ros-args -r __node:=nav2_container --params-file /tmp/launch_params_ljf44bln --params-file /tmp/launch_params_tdq1tqu6 -r /tf:=tf -r /tf_static:=tf_static"
2026-09-10T18:41:25Z,5,"combo_lifelong_devref",182663,"python3",95.5,83936,57402,"python3 /oomwoo/contributions/compute-benchmark/OsakaTX/scripts/nav_goal_sender.py --x 4.0 --y 4.0 --yaw 0.0 --repeat 0 --pause 1"
2026-09-10T18:41:25Z,5,"combo_lifelong_devref",182729,"bash",0.7,4472,1191,"bash /oomwoo/contributions/compute-benchmark/xbattlax/scripts/measure_ros_processes.sh --pattern python3|ros2|slam|nav2|component_container|nav_goal_sender --duration 230 --interval 2 --label combo_lifelong_devref --output /oomwoo/contributions/compute-benchmark/OsakaTX/scripts/../results/combo/combo_lifelong_devref_20260910T184017Z.csv"
2026-09-10T18:41:27Z,6,"combo_lifelong_devref",139327,"python3",0.1,73272,48020,"/usr/bin/python3 -c from ros2cli.daemon.daemonize import main; main() --name ros2-daemon --ros-domain-id 0 --rmw-implementation rmw_fastrtps_cpp"
2026-09-10T18:41:27Z,6,"combo_lifelong_devref",182523,"bash",0.0,4000,1112,"bash -c source /opt/ros/jazzy/setup.bash && bash /oomwoo/contributions/compute-benchmark/OsakaTX/scripts/run_nav2_slam_combo_bench.sh --mode lifelong --label combo_lifelong_devref --duration 240 --outdir /oomwoo/contributions/compute-benchmark/OsakaTX/results > /oomwoo/contributions/compute-benchmark/OsakaTX/results/combo/combo_lifelong_driver.log 2>&1"
2026-09-10T18:41:27Z,6,"combo_lifelong_devref",182536,"bash",0.0,3832,944,"bash /oomwoo/contributions/compute-benchmark/OsakaTX/scripts/run_nav2_slam_combo_bench.sh --mode lifelong --label combo_lifelong_devref --duration 240 --outdir /oomwoo/contributions/compute-benchmark/OsakaTX/results"
2026-09-10T18:41:27Z,6,"combo_lifelong_devref",182575,"python3",7.0,74708,49009,"python3 /oomwoo/contributions/compute-benchmark/OsakaTX/scripts/synthetic_scan_publisher.py --duration 340 --loop-s 40 --hz 5.0"
2026-09-10T18:41:27Z,6,"combo_lifelong_devref",182592,"ros2",7.1,81516,56243,"/usr/bin/python3 /opt/ros/jazzy/bin/ros2 launch nav2_bringup bringup_launch.py map:=/oomwoo/contributions/compute-benchmark/OsakaTX/scripts/../results/combo/combo_nav2_map.yaml params_file:=/oomwoo/contributions/compute-benchmark/OsakaTX/scripts/nav2_params_bench.yaml use_sim_time:=False autostart:=True slam:=False use_localization:=False"
2026-09-10T18:41:27Z,6,"combo_lifelong_devref",182612,"component_conta",14.3,140424,125473,"/opt/ros/jazzy/lib/rclcpp_components/component_container_isolated --ros-args --log-level info --ros-args -r __node:=nav2_container --params-file /tmp/launch_params_ljf44bln --params-file /tmp/launch_params_tdq1tqu6 -r /tf:=tf -r /tf_static:=tf_static"
2026-09-10T18:41:27Z,6,"combo_lifelong_devref",182663,"python3",95.9,84104,57570,"python3 /oomwoo/contributions/compute-benchmark/OsakaTX/scripts/nav_goal_sender.py --x 4.0 --y 4.0 --yaw 0.0 --repeat 0 --pause 1"
2026-09-10T18:41:27Z,6,"combo_lifelong_devref",182729,"bash",0.7,4472,1187,"bash /oomwoo/contributions/compute-benchmark/xbattlax/scripts/measure_ros_processes.sh --pattern python3|ros2|slam|nav2|component_container|nav_goal_sender --duration 230 --interval 2 --label combo_lifelong_devref --output /oomwoo/contributions/compute-benchmark/OsakaTX/scripts/../results/combo/combo_lifelong_devref_20260910T184017Z.csv"
2026-09-10T18:41:30Z,7,"combo_lifelong_devref",139327,"python3",0.1,73272,48022,"/usr/bin/python3 -c from ros2cli.daemon.daemonize import main; main() --name ros2-daemon --ros-domain-id 0 --rmw-implementation rmw_fastrtps_cpp"
2026-09-10T18:41:30Z,7,"combo_lifelong_devref",182523,"bash",0.0,4000,1112,"bash -c source /opt/ros/jazzy/setup.bash && bash /oomwoo/contributions/compute-benchmark/OsakaTX/scripts/run_nav2_slam_combo_bench.sh --mode lifelong --label combo_lifelong_devref --duration 240 --outdir /oomwoo/contributions/compute-benchmark/OsakaTX/results > /oomwoo/contributions/compute-benchmark/OsakaTX/results/combo/combo_lifelong_driver.log 2>&1"
2026-09-10T18:41:30Z,7,"combo_lifelong_devref",182536,"bash",0.0,3832,944,"bash /oomwoo/contributions/compute-benchmark/OsakaTX/scripts/run_nav2_slam_combo_bench.sh --mode lifelong --label combo_lifelong_devref --duration 240 --outdir /oomwoo/contributions/compute-benchmark/OsakaTX/results"
2026-09-10T18:41:30Z,7,"combo_lifelong_devref",182575,"python3",7.0,74708,49009,"python3 /oomwoo/contributions/compute-benchmark/OsakaTX/scripts/synthetic_scan_publisher.py --duration 340 --loop-s 40 --hz 5.0"
2026-09-10T18:41:30Z,7,"combo_lifelong_devref",182592,"ros2",7.2,81516,56243,"/usr/bin/python3 /opt/ros/jazzy/bin/ros2 launch nav2_bringup bringup_launch.py map:=/oomwoo/contributions/compute-benchmark/OsakaTX/scripts/../results/combo/combo_nav2_map.yaml params_file:=/oomwoo/contributions/compute-benchmark/OsakaTX/scripts/nav2_params_bench.yaml use_sim_time:=False autostart:=True slam:=False use_localization:=False"
2026-09-10T18:41:30Z,7,"combo_lifelong_devref",182612,"component_conta",14.4,140424,125472,"/opt/ros/jazzy/lib/rclcpp_components/component_container_isolated --ros-args --log-level info --ros-args -r __node:=nav2_container --params-file /tmp/launch_params_ljf44bln --params-file /tmp/launch_params_tdq1tqu6 -r /tf:=tf -r /tf_static:=tf_static"
2026-09-10T18:41:30Z,7,"combo_lifelong_devref",182663,"python3",96.1,84292,57758,"python3 /oomwoo/contributions/compute-benchmark/OsakaTX/scripts/nav_goal_sender.py --x 4.0 --y 4.0 --yaw 0.0 --repeat 0 --pause 1"
2026-09-10T18:41:30Z,7,"combo_lifelong_devref",182729,"bash",0.6,4472,1191,"bash /oomwoo/contributions/compute-benchmark/xbattlax/scripts/measure_ros_processes.sh --pattern python3|ros2|slam|nav2|component_container|nav_goal_sender --duration 230 --interval 2 --label combo_lifelong_devref --output /oomwoo/contributions/compute-benchmark/OsakaTX/scripts/../results/combo/combo_lifelong_devref_20260910T184017Z.csv"
2026-09-10T18:41:32Z,8,"combo_lifelong_devref",139327,"python3",0.1,73272,48022,"/usr/bin/python3 -c from ros2cli.daemon.daemonize import main; main() --name ros2-daemon --ros-domain-id 0 --rmw-implementation rmw_fastrtps_cpp"
2026-09-10T18:41:32Z,8,"combo_lifelong_devref",182523,"bash",0.0,4000,1112,"bash -c source /opt/ros/jazzy/setup.bash && bash /oomwoo/contributions/compute-benchmark/OsakaTX/scripts/run_nav2_slam_combo_bench.sh --mode lifelong --label combo_lifelong_devref --duration 240 --outdir /oomwoo/contributions/compute-benchmark/OsakaTX/results > /oomwoo/contributions/compute-benchmark/OsakaTX/results/combo/combo_lifelong_driver.log 2>&1"
2026-09-10T18:41:32Z,8,"combo_lifelong_devref",182536,"bash",0.0,3832,944,"bash /oomwoo/contributions/compute-benchmark/OsakaTX/scripts/run_nav2_slam_combo_bench.sh --mode lifelong --label combo_lifelong_devref --duration 240 --outdir /oomwoo/contributions/compute-benchmark/OsakaTX/results"
2026-09-10T18:41:32Z,8,"combo_lifelong_devref",182575,"python3",6.9,74708,49010,"python3 /oomwoo/contributions/compute-benchmark/OsakaTX/scripts/synthetic_scan_publisher.py --duration 340 --loop-s 40 --hz 5.0"
2026-09-10T18:41:32Z,8,"combo_lifelong_devref",182592,"ros2",7.4,81516,56250,"/usr/bin/python3 /opt/ros/jazzy/bin/ros2 launch nav2_bringup bringup_launch.py map:=/oomwoo/contributions/compute-benchmark/OsakaTX/scripts/../results/combo/combo_nav2_map.yaml params_file:=/oomwoo/contributions/compute-benchmark/OsakaTX/scripts/nav2_params_bench.yaml use_sim_time:=False autostart:=True slam:=False use_localization:=False"
2026-09-10T18:41:32Z,8,"combo_lifelong_devref",182612,"component_conta",14.6,140424,125474,"/opt/ros/jazzy/lib/rclcpp_components/component_container_isolated --ros-args --log-level info --ros-args -r __node:=nav2_container --params-file /tmp/launch_params_ljf44bln --params-file /tmp/launch_params_tdq1tqu6 -r /tf:=tf -r /tf_static:=tf_static"
2026-09-10T18:41:32Z,8,"combo_lifelong_devref",182663,"python3",96.5,84480,57946,"python3 /oomwoo/contributions/compute-benchmark/OsakaTX/scripts/nav_goal_sender.py --x 4.0 --y 4.0 --yaw 0.0 --repeat 0 --pause 1"
2026-09-10T18:41:32Z,8,"combo_lifelong_devref",182729,"bash",0.7,4472,1189,"bash /oomwoo/contributions/compute-benchmark/xbattlax/scripts/measure_ros_processes.sh --pattern python3|ros2|slam|nav2|component_container|nav_goal_sender --duration 230 --interval 2 --label combo_lifelong_devref --output /oomwoo/contributions/compute-benchmark/OsakaTX/scripts/../results/combo/combo_lifelong_devref_20260910T184017Z.csv"
2026-09-10T18:41:34Z,9,"combo_lifelong_devref",139327,"python3",0.1,73272,48020,"/usr/bin/python3 -c from ros2cli.daemon.daemonize import main; main() --name ros2-daemon --ros-domain-id 0 --rmw-implementation rmw_fastrtps_cpp"
2026-09-10T18:41:34Z,9,"combo_lifelong_devref",182523,"bash",0.0,4000,1113,"bash -c source /opt/ros/jazzy/setup.bash && bash /oomwoo/contributions/compute-benchmark/OsakaTX/scripts/run_nav2_slam_combo_bench.sh --mode lifelong --label combo_lifelong_devref --duration 240 --outdir /oomwoo/contributions/compute-benchmark/OsakaTX/results > /oomwoo/contributions/compute-benchmark/OsakaTX/results/combo/combo_lifelong_driver.log 2>&1"
2026-09-10T18:41:34Z,9,"combo_lifelong_devref",182536,"bash",0.0,3832,944,"bash /oomwoo/contributions/compute-benchmark/OsakaTX/scripts/run_nav2_slam_combo_bench.sh --mode lifelong --label combo_lifelong_devref --duration 240 --outdir /oomwoo/contributions/compute-benchmark/OsakaTX/results"
2026-09-10T18:41:34Z,9,"combo_lifelong_devref",182575,"python3",6.9,74708,49009,"python3 /oomwoo/contributions/compute-benchmark/OsakaTX/scripts/synthetic_scan_publisher.py --duration 340 --loop-s 40 --hz 5.0"
2026-09-10T18:41:34Z,9,"combo_lifelong_devref",182592,"ros2",7.6,81516,56248,"/usr/bin/python3 /opt/ros/jazzy/bin/ros2 launch nav2_bringup bringup_launch.py map:=/oomwoo/contributions/compute-benchmark/OsakaTX/scripts/../results/combo/combo_nav2_map.yaml params_file:=/oomwoo/contributions/compute-benchmark/OsakaTX/scripts/nav2_params_bench.yaml use_sim_time:=False autostart:=True slam:=False use_localization:=False"
2026-09-10T18:41:34Z,9,"combo_lifelong_devref",182612,"component_conta",14.7,140424,125471,"/opt/ros/jazzy/lib/rclcpp_components/component_container_isolated --ros-args --log-level info --ros-args -r __node:=nav2_container --params-file /tmp/launch_params_ljf44bln --params-file /tmp/launch_params_tdq1tqu6 -r /tf:=tf -r /tf_static:=tf_static"
2026-09-10T18:41:34Z,9,"combo_lifelong_devref",182663,"python3",96.7,84644,58110,"python3 /oomwoo/contributions/compute-benchmark/OsakaTX/scripts/nav_goal_sender.py --x 4.0 --y 4.0 --yaw 0.0 --repeat 0 --pause 1"
2026-09-10T18:41:34Z,9,"combo_lifelong_devref",182729,"bash",0.6,4472,1189,"bash /oomwoo/contributions/compute-benchmark/xbattlax/scripts/measure_ros_processes.sh --pattern python3|ros2|slam|nav2|component_container|nav_goal_sender --duration 230 --interval 2 --label combo_lifelong_devref --output /oomwoo/contributions/compute-benchmark/OsakaTX/scripts/../results/combo/combo_lifelong_devref_20260910T184017Z.csv"
2026-09-10T18:41:36Z,10,"combo_lifelong_devref",139327,"python3",0.1,73272,48018,"/usr/bin/python3 -c from ros2cli.daemon.daemonize import main; main() --name ros2-daemon --ros-domain-id 0 --rmw-implementation rmw_fastrtps_cpp"
2026-09-10T18:41:36Z,10,"combo_lifelong_devref",182523,"bash",0.0,4000,1112,"bash -c source /opt/ros/jazzy/setup.bash && bash /oomwoo/contributions/compute-benchmark/OsakaTX/scripts/run_nav2_slam_combo_bench.sh --mode lifelong --label combo_lifelong_devref --duration 240 --outdir /oomwoo/contributions/compute-benchmark/OsakaTX/results > /oomwoo/contributions/compute-benchmark/OsakaTX/results/combo/combo_lifelong_driver.log 2>&1"
2026-09-10T18:41:36Z,10,"combo_lifelong_devref",182536,"bash",0.0,3832,944,"bash /oomwoo/contributions/compute-benchmark/OsakaTX/scripts/run_nav2_slam_combo_bench.sh --mode lifelong --label combo_lifelong_devref --duration 240 --outdir /oomwoo/contributions/compute-benchmark/OsakaTX/results"
2026-09-10T18:41:36Z,10,"combo_lifelong_devref",182575,"python3",6.9,74708,49000,"python3 /oomwoo/contributions/compute-benchmark/OsakaTX/scripts/synthetic_scan_publisher.py --duration 340 --loop-s 40 --hz 5.0"
2026-09-10T18:41:36Z,10,"combo_lifelong_devref",182592,"ros2",7.7,81516,56246,"/usr/bin/python3 /opt/ros/jazzy/bin/ros2 launch nav2_bringup bringup_launch.py map:=/oomwoo/contributions/compute-benchmark/OsakaTX/scripts/../results/combo/combo_nav2_map.yaml params_file:=/oomwoo/contributions/compute-benchmark/OsakaTX/scripts/nav2_params_bench.yaml use_sim_time:=False autostart:=True slam:=False use_localization:=False"
2026-09-10T18:41:36Z,10,"combo_lifelong_devref",182612,"component_conta",14.8,140424,125472,"/opt/ros/jazzy/lib/rclcpp_components/component_container_isolated --ros-args --log-level info --ros-args -r __node:=nav2_container --params-file /tmp/launch_params_ljf44bln --params-file /tmp/launch_params_tdq1tqu6 -r /tf:=tf -r /tf_static:=tf_static"
2026-09-10T18:41:36Z,10,"combo_lifelong_devref",182663,"python3",96.9,85536,59006,"python3 /oomwoo/contributions/compute-benchmark/OsakaTX/scripts/nav_goal_sender.py --x 4.0 --y 4.0 --yaw 0.0 --repeat 0 --pause 1"
2026-09-10T18:41:36Z,10,"combo_lifelong_devref",182729,"bash",0.6,4472,1188,"bash /oomwoo/contributions/compute-benchmark/xbattlax/scripts/measure_ros_processes.sh --pattern python3|ros2|slam|nav2|component_container|nav_goal_sender --duration 230 --interval 2 --label combo_lifelong_devref --output /oomwoo/contributions/compute-benchmark/OsakaTX/scripts/../results/combo/combo_lifelong_devref_20260910T184017Z.csv"
2026-09-10T18:41:39Z,11,"combo_lifelong_devref",139327,"python3",0.1,73272,48022,"/usr/bin/python3 -c from ros2cli.daemon.daemonize import main; main() --name ros2-daemon --ros-domain-id 0 --rmw-implementation rmw_fastrtps_cpp"
2026-09-10T18:41:39Z,11,"combo_lifelong_devref",182523,"bash",0.0,4000,1114,"bash -c source /opt/ros/jazzy/setup.bash && bash /oomwoo/contributions/compute-benchmark/OsakaTX/scripts/run_nav2_slam_combo_bench.sh --mode lifelong --label combo_lifelong_devref --duration 240 --outdir /oomwoo/contributions/compute-benchmark/OsakaTX/results > /oomwoo/contributions/compute-benchmark/OsakaTX/results/combo/combo_lifelong_driver.log 2>&1"
2026-09-10T18:41:39Z,11,"combo_lifelong_devref",182536,"bash",0.0,3832,944,"bash /oomwoo/contributions/compute-benchmark/OsakaTX/scripts/run_nav2_slam_combo_bench.sh --mode lifelong --label combo_lifelong_devref --duration 240 --outdir /oomwoo/contributions/compute-benchmark/OsakaTX/results"
2026-09-10T18:41:39Z,11,"combo_lifelong_devref",182575,"python3",6.9,74708,49000,"python3 /oomwoo/contributions/compute-benchmark/OsakaTX/scripts/synthetic_scan_publisher.py --duration 340 --loop-s 40 --hz 5.0"
2026-09-10T18:41:39Z,11,"combo_lifelong_devref",182592,"ros2",7.8,81516,56248,"/usr/bin/python3 /opt/ros/jazzy/bin/ros2 launch nav2_bringup bringup_launch.py map:=/oomwoo/contributions/compute-benchmark/OsakaTX/scripts/../results/combo/combo_nav2_map.yaml params_file:=/oomwoo/contributions/compute-benchmark/OsakaTX/scripts/nav2_params_bench.yaml use_sim_time:=False autostart:=True slam:=False use_localization:=False"
2026-09-10T18:41:39Z,11,"combo_lifelong_devref",182612,"component_conta",15.0,140424,125471,"/opt/ros/jazzy/lib/rclcpp_components/component_container_isolated --ros-args --log-level info --ros-args -r __node:=nav2_container --params-file /tmp/launch_params_ljf44bln --params-file /tmp/launch_params_tdq1tqu6 -r /tf:=tf -r /tf_static:=tf_static"
2026-09-10T18:41:39Z,11,"combo_lifelong_devref",182663,"python3",97.1,85724,59190,"python3 /oomwoo/contributions/compute-benchmark/OsakaTX/scripts/nav_goal_sender.py --x 4.0 --y 4.0 --yaw 0.0 --repeat 0 --pause 1"
2026-09-10T18:41:39Z,11,"combo_lifelong_devref",182729,"bash",0.6,4472,1190,"bash /oomwoo/contributions/compute-benchmark/xbattlax/scripts/measure_ros_processes.sh --pattern python3|ros2|slam|nav2|component_container|nav_goal_sender --duration 230 --interval 2 --label combo_lifelong_devref --output /oomwoo/contributions/compute-benchmark/OsakaTX/scripts/../results/combo/combo_lifelong_devref_20260910T184017Z.csv"
2026-09-10T18:41:41Z,12,"combo_lifelong_devref",139327,"python3",0.1,73272,48018,"/usr/bin/python3 -c from ros2cli.daemon.daemonize import main; main() --name ros2-daemon --ros-domain-id 0 --rmw-implementation rmw_fastrtps_cpp"
2026-09-10T18:41:41Z,12,"combo_lifelong_devref",182523,"bash",0.0,4000,1113,"bash -c source /opt/ros/jazzy/setup.bash && bash /oomwoo/contributions/compute-benchmark/OsakaTX/scripts/run_nav2_slam_combo_bench.sh --mode lifelong --label combo_lifelong_devref --duration 240 --outdir /oomwoo/contributions/compute-benchmark/OsakaTX/results > /oomwoo/contributions/compute-benchmark/OsakaTX/results/combo/combo_lifelong_driver.log 2>&1"
2026-09-10T18:41:41Z,12,"combo_lifelong_devref",182536,"bash",0.0,3832,944,"bash /oomwoo/contributions/compute-benchmark/OsakaTX/scripts/run_nav2_slam_combo_bench.sh --mode lifelong --label combo_lifelong_devref --duration 240 --outdir /oomwoo/contributions/compute-benchmark/OsakaTX/results"
2026-09-10T18:41:41Z,12,"combo_lifelong_devref",182575,"python3",6.9,74708,49002,"python3 /oomwoo/contributions/compute-benchmark/OsakaTX/scripts/synthetic_scan_publisher.py --duration 340 --loop-s 40 --hz 5.0"
2026-09-10T18:41:41Z,12,"combo_lifelong_devref",182592,"ros2",8.0,81516,56251,"/usr/bin/python3 /opt/ros/jazzy/bin/ros2 launch nav2_bringup bringup_launch.py map:=/oomwoo/contributions/compute-benchmark/OsakaTX/scripts/../results/combo/combo_nav2_map.yaml params_file:=/oomwoo/contributions/compute-benchmark/OsakaTX/scripts/nav2_params_bench.yaml use_sim_time:=False autostart:=True slam:=False use_localization:=False"
2026-09-10T18:41:41Z,12,"combo_lifelong_devref",182612,"component_conta",15.1,140424,125472,"/opt/ros/jazzy/lib/rclcpp_components/component_container_isolated --ros-args --log-level info --ros-args -r __node:=nav2_container --params-file /tmp/launch_params_ljf44bln --params-file /tmp/launch_params_tdq1tqu6 -r /tf:=tf -r /tf_static:=tf_static"
2026-09-10T18:41:41Z,12,"combo_lifelong_devref",182663,"python3",97.1,85888,59354,"python3 /oomwoo/contributions/compute-benchmark/OsakaTX/scripts/nav_goal_sender.py --x 4.0 --y 4.0 --yaw 0.0 --repeat 0 --pause 1"
2026-09-10T18:41:41Z,12,"combo_lifelong_devref",182729,"bash",0.6,4472,1189,"bash /oomwoo/contributions/compute-benchmark/xbattlax/scripts/measure_ros_processes.sh --pattern python3|ros2|slam|nav2|component_container|nav_goal_sender --duration 230 --interval 2 --label combo_lifelong_devref --output /oomwoo/contributions/compute-benchmark/OsakaTX/scripts/../results/combo/combo_lifelong_devref_20260910T184017Z.csv"
2026-09-10T18:41:43Z,13,"combo_lifelong_devref",139327,"python3",0.1,73272,48022,"/usr/bin/python3 -c from ros2cli.daemon.daemonize import main; main() --name ros2-daemon --ros-domain-id 0 --rmw-implementation rmw_fastrtps_cpp"
2026-09-10T18:41:43Z,13,"combo_lifelong_devref",182523,"bash",0.0,4000,1112,"bash -c source /opt/ros/jazzy/setup.bash && bash /oomwoo/contributions/compute-benchmark/OsakaTX/scripts/run_nav2_slam_combo_bench.sh --mode lifelong --label combo_lifelong_devref --duration 240 --outdir /oomwoo/contributions/compute-benchmark/OsakaTX/results > /oomwoo/contributions/compute-benchmark/OsakaTX/results/combo/combo_lifelong_driver.log 2>&1"
2026-09-10T18:41:43Z,13,"combo_lifelong_devref",182536,"bash",0.0,3832,944,"bash /oomwoo/contributions/compute-benchmark/OsakaTX/scripts/run_nav2_slam_combo_bench.sh --mode lifelong --label combo_lifelong_devref --duration 240 --outdir /oomwoo/contributions/compute-benchmark/OsakaTX/results"
2026-09-10T18:41:43Z,13,"combo_lifelong_devref",182575,"python3",6.8,74708,49000,"python3 /oomwoo/contributions/compute-benchmark/OsakaTX/scripts/synthetic_scan_publisher.py --duration 340 --loop-s 40 --hz 5.0"
2026-09-10T18:41:43Z,13,"combo_lifelong_devref",182592,"ros2",8.1,81516,56250,"/usr/bin/python3 /opt/ros/jazzy/bin/ros2 launch nav2_bringup bringup_launch.py map:=/oomwoo/contributions/compute-benchmark/OsakaTX/scripts/../results/combo/combo_nav2_map.yaml params_file:=/oomwoo/contributions/compute-benchmark/OsakaTX/scripts/nav2_params_bench.yaml use_sim_time:=False autostart:=True slam:=False use_localization:=False"
2026-09-10T18:41:43Z,13,"combo_lifelong_devref",182612,"component_conta",15.2,140424,125473,"/opt/ros/jazzy/lib/rclcpp_components/component_container_isolated --ros-args --log-level info --ros-args -r __node:=nav2_container --params-file /tmp/launch_params_ljf44bln --params-file /tmp/launch_params_tdq1tqu6 -r /tf:=tf -r /tf_static:=tf_static"
2026-09-10T18:41:43Z,13,"combo_lifelong_devref",182663,"python3",97.2,86084,59548,"python3 /oomwoo/contributions/compute-benchmark/OsakaTX/scripts/nav_goal_sender.py --x 4.0 --y 4.0 --yaw 0.0 --repeat 0 --pause 1"
2026-09-10T18:41:43Z,13,"combo_lifelong_devref",182729,"bash",0.6,4472,1187,"bash /oomwoo/contributions/compute-benchmark/xbattlax/scripts/measure_ros_processes.sh --pattern python3|ros2|slam|nav2|component_container|nav_goal_sender --duration 230 --interval 2 --label combo_lifelong_devref --output /oomwoo/contributions/compute-benchmark/OsakaTX/scripts/../results/combo/combo_lifelong_devref_20260910T184017Z.csv"
2026-09-10T18:41:46Z,14,"combo_lifelong_devref",139327,"python3",0.1,73272,48020,"/usr/bin/python3 -c from ros2cli.daemon.daemonize import main; main() --name ros2-daemon --ros-domain-id 0 --rmw-implementation rmw_fastrtps_cpp"
2026-09-10T18:41:46Z,14,"combo_lifelong_devref",182523,"bash",0.0,4000,1113,"bash -c source /opt/ros/jazzy/setup.bash && bash /oomwoo/contributions/compute-benchmark/OsakaTX/scripts/run_nav2_slam_combo_bench.sh --mode lifelong --label combo_lifelong_devref --duration 240 --outdir /oomwoo/contributions/compute-benchmark/OsakaTX/results > /oomwoo/contributions/compute-benchmark/OsakaTX/results/combo/combo_lifelong_driver.log 2>&1"
2026-09-10T18:41:46Z,14,"combo_lifelong_devref",182536,"bash",0.0,3832,946,"bash /oomwoo/contributions/compute-benchmark/OsakaTX/scripts/run_nav2_slam_combo_bench.sh --mode lifelong --label combo_lifelong_devref --duration 240 --outdir /oomwoo/contributions/compute-benchmark/OsakaTX/results"
2026-09-10T18:41:46Z,14,"combo_lifelong_devref",182575,"python3",6.8,74708,49000,"python3 /oomwoo/contributions/compute-benchmark/OsakaTX/scripts/synthetic_scan_publisher.py --duration 340 --loop-s 40 --hz 5.0"
2026-09-10T18:41:46Z,14,"combo_lifelong_devref",182592,"ros2",8.2,81516,56249,"/usr/bin/python3 /opt/ros/jazzy/bin/ros2 launch nav2_bringup bringup_launch.py map:=/oomwoo/contributions/compute-benchmark/OsakaTX/scripts/../results/combo/combo_nav2_map.yaml params_file:=/oomwoo/contributions/compute-benchmark/OsakaTX/scripts/nav2_params_bench.yaml use_sim_time:=False autostart:=True slam:=False use_localization:=False"
2026-09-10T18:41:46Z,14,"combo_lifelong_devref",182612,"component_conta",15.2,140424,125472,"/opt/ros/jazzy/lib/rclcpp_components/component_container_isolated --ros-args --log-level info --ros-args -r __node:=nav2_container --params-file /tmp/launch_params_ljf44bln --params-file /tmp/launch_params_tdq1tqu6 -r /tf:=tf -r /tf_static:=tf_static"
2026-09-10T18:41:46Z,14,"combo_lifelong_devref",182663,"python3",97.2,86264,59731,"python3 /oomwoo/contributions/compute-benchmark/OsakaTX/scripts/nav_goal_sender.py --x 4.0 --y 4.0 --yaw 0.0 --repeat 0 --pause 1"
2026-09-10T18:41:46Z,14,"combo_lifelong_devref",182729,"bash",0.6,4472,1188,"bash /oomwoo/contributions/compute-benchmark/xbattlax/scripts/measure_ros_processes.sh --pattern python3|ros2|slam|nav2|component_container|nav_goal_sender --duration 230 --interval 2 --label combo_lifelong_devref --output /oomwoo/contributions/compute-benchmark/OsakaTX/scripts/../results/combo/combo_lifelong_devref_20260910T184017Z.csv"
2026-09-10T18:41:48Z,15,"combo_lifelong_devref",139327,"python3",0.1,73272,48020,"/usr/bin/python3 -c from ros2cli.daemon.daemonize import main; main() --name ros2-daemon --ros-domain-id 0 --rmw-implementation rmw_fastrtps_cpp"
2026-09-10T18:41:48Z,15,"combo_lifelong_devref",182523,"bash",0.0,4000,1111,"bash -c source /opt/ros/jazzy/setup.bash && bash /oomwoo/contributions/compute-benchmark/OsakaTX/scripts/run_nav2_slam_combo_bench.sh --mode lifelong --label combo_lifelong_devref --duration 240 --outdir /oomwoo/contributions/compute-benchmark/OsakaTX/results > /oomwoo/contributions/compute-benchmark/OsakaTX/results/combo/combo_lifelong_driver.log 2>&1"
2026-09-10T18:41:48Z,15,"combo_lifelong_devref",182536,"bash",0.0,3832,945,"bash /oomwoo/contributions/compute-benchmark/OsakaTX/scripts/run_nav2_slam_combo_bench.sh --mode lifelong --label combo_lifelong_devref --duration 240 --outdir /oomwoo/contributions/compute-benchmark/OsakaTX/results"
2026-09-10T18:41:48Z,15,"combo_lifelong_devref",182575,"python3",6.8,74708,49002,"python3 /oomwoo/contributions/compute-benchmark/OsakaTX/scripts/synthetic_scan_publisher.py --duration 340 --loop-s 40 --hz 5.0"
2026-09-10T18:41:48Z,15,"combo_lifelong_devref",182592,"ros2",8.3,81516,56249,"/usr/bin/python3 /opt/ros/jazzy/bin/ros2 launch nav2_bringup bringup_launch.py map:=/oomwoo/contributions/compute-benchmark/OsakaTX/scripts/../results/combo/combo_nav2_map.yaml params_file:=/oomwoo/contributions/compute-benchmark/OsakaTX/scripts/nav2_params_bench.yaml use_sim_time:=False autostart:=True slam:=False use_localization:=False"
2026-09-10T18:41:48Z,15,"combo_lifelong_devref",182612,"component_conta",15.3,140424,125474,"/opt/ros/jazzy/lib/rclcpp_components/component_container_isolated --ros-args --log-level info --ros-args -r __node:=nav2_container --params-file /tmp/launch_params_ljf44bln --params-file /tmp/launch_params_tdq1tqu6 -r /tf:=tf -r /tf_static:=tf_static"
2026-09-10T18:41:48Z,15,"combo_lifelong_devref",182663,"python3",97.4,86436,59902,"python3 /oomwoo/contributions/compute-benchmark/OsakaTX/scripts/nav_goal_sender.py --x 4.0 --y 4.0 --yaw 0.0 --repeat 0 --pause 1"
2026-09-10T18:41:48Z,15,"combo_lifelong_devref",182729,"bash",0.6,4472,1189,"bash /oomwoo/contributions/compute-benchmark/xbattlax/scripts/measure_ros_processes.sh --pattern python3|ros2|slam|nav2|component_container|nav_goal_sender --duration 230 --interval 2 --label combo_lifelong_devref --output /oomwoo/contributions/compute-benchmark/OsakaTX/scripts/../results/combo/combo_lifelong_devref_20260910T184017Z.csv"
2026-09-10T18:41:50Z,16,"combo_lifelong_devref",139327,"python3",0.1,73272,48022,"/usr/bin/python3 -c from ros2cli.daemon.daemonize import main; main() --name ros2-daemon --ros-domain-id 0 --rmw-implementation rmw_fastrtps_cpp"
2026-09-10T18:41:50Z,16,"combo_lifelong_devref",182523,"bash",0.0,4000,1111,"bash -c source /opt/ros/jazzy/setup.bash && bash /oomwoo/contributions/compute-benchmark/OsakaTX/scripts/run_nav2_slam_combo_bench.sh --mode lifelong --label combo_lifelong_devref --duration 240 --outdir /oomwoo/contributions/compute-benchmark/OsakaTX/results > /oomwoo/contributions/compute-benchmark/OsakaTX/results/combo/combo_lifelong_driver.log 2>&1"
2026-09-10T18:41:50Z,16,"combo_lifelong_devref",182536,"bash",0.0,3832,945,"bash /oomwoo/contributions/compute-benchmark/OsakaTX/scripts/run_nav2_slam_combo_bench.sh --mode lifelong --label combo_lifelong_devref --duration 240 --outdir /oomwoo/contributions/compute-benchmark/OsakaTX/results"
2026-09-10T18:41:50Z,16,"combo_lifelong_devref",182575,"python3",6.8,74708,49004,"python3 /oomwoo/contributions/compute-benchmark/OsakaTX/scripts/synthetic_scan_publisher.py --duration 340 --loop-s 40 --hz 5.0"
2026-09-10T18:41:50Z,16,"combo_lifelong_devref",182592,"ros2",8.4,81516,56248,"/usr/bin/python3 /opt/ros/jazzy/bin/ros2 launch nav2_bringup bringup_launch.py map:=/oomwoo/contributions/compute-benchmark/OsakaTX/scripts/../results/combo/combo_nav2_map.yaml params_file:=/oomwoo/contributions/compute-benchmark/OsakaTX/scripts/nav2_params_bench.yaml use_sim_time:=False autostart:=True slam:=False use_localization:=False"
2026-09-10T18:41:50Z,16,"combo_lifelong_devref",182612,"component_conta",15.4,140424,125471,"/opt/ros/jazzy/lib/rclcpp_components/component_container_isolated --ros-args --log-level info --ros-args -r __node:=nav2_container --params-file /tmp/launch_params_ljf44bln --params-file /tmp/launch_params_tdq1tqu6 -r /tf:=tf -r /tf_static:=tf_static"
2026-09-10T18:41:50Z,16,"combo_lifelong_devref",182663,"python3",97.3,86624,60091,"python3 /oomwoo/contributions/compute-benchmark/OsakaTX/scripts/nav_goal_sender.py --x 4.0 --y 4.0 --yaw 0.0 --repeat 0 --pause 1"
2026-09-10T18:41:50Z,16,"combo_lifelong_devref",182729,"bash",0.6,4472,1189,"bash /oomwoo/contributions/compute-benchmark/xbattlax/scripts/measure_ros_processes.sh --pattern python3|ros2|slam|nav2|component_container|nav_goal_sender --duration 230 --interval 2 --label combo_lifelong_devref --output /oomwoo/contributions/compute-benchmark/OsakaTX/scripts/../results/combo/combo_lifelong_devref_20260910T184017Z.csv"
2026-09-10T18:41:52Z,17,"combo_lifelong_devref",139327,"python3",0.1,73272,48022,"/usr/bin/python3 -c from ros2cli.daemon.daemonize import main; main() --name ros2-daemon --ros-domain-id 0 --rmw-implementation rmw_fastrtps_cpp"
2026-09-10T18:41:52Z,17,"combo_lifelong_devref",182523,"bash",0.0,4000,1112,"bash -c source /opt/ros/jazzy/setup.bash && bash /oomwoo/contributions/compute-benchmark/OsakaTX/scripts/run_nav2_slam_combo_bench.sh --mode lifelong --label combo_lifelong_devref --duration 240 --outdir /oomwoo/contributions/compute-benchmark/OsakaTX/results > /oomwoo/contributions/compute-benchmark/OsakaTX/results/combo/combo_lifelong_driver.log 2>&1"
2026-09-10T18:41:52Z,17,"combo_lifelong_devref",182536,"bash",0.0,3832,945,"bash /oomwoo/contributions/compute-benchmark/OsakaTX/scripts/run_nav2_slam_combo_bench.sh --mode lifelong --label combo_lifelong_devref --duration 240 --outdir /oomwoo/contributions/compute-benchmark/OsakaTX/results"
2026-09-10T18:41:52Z,17,"combo_lifelong_devref",182575,"python3",6.8,74708,49009,"python3 /oomwoo/contributions/compute-benchmark/OsakaTX/scripts/synthetic_scan_publisher.py --duration 340 --loop-s 40 --hz 5.0"
2026-09-10T18:41:52Z,17,"combo_lifelong_devref",182592,"ros2",8.5,81516,56248,"/usr/bin/python3 /opt/ros/jazzy/bin/ros2 launch nav2_bringup bringup_launch.py map:=/oomwoo/contributions/compute-benchmark/OsakaTX/scripts/../results/combo/combo_nav2_map.yaml params_file:=/oomwoo/contributions/compute-benchmark/OsakaTX/scripts/nav2_params_bench.yaml use_sim_time:=False autostart:=True slam:=False use_localization:=False"
2026-09-10T18:41:52Z,17,"combo_lifelong_devref",182612,"component_conta",15.5,140424,125473,"/opt/ros/jazzy/lib/rclcpp_components/component_container_isolated --ros-args --log-level info --ros-args -r __node:=nav2_container --params-file /tmp/launch_params_ljf44bln --params-file /tmp/launch_params_tdq1tqu6 -r /tf:=tf -r /tf_static:=tf_static"
2026-09-10T18:41:52Z,17,"combo_lifelong_devref",182663,"python3",97.4,86796,60263,"python3 /oomwoo/contributions/compute-benchmark/OsakaTX/scripts/nav_goal_sender.py --x 4.0 --y 4.0 --yaw 0.0 --repeat 0 --pause 1"
2026-09-10T18:41:52Z,17,"combo_lifelong_devref",182729,"bash",0.6,4472,1189,"bash /oomwoo/contributions/compute-benchmark/xbattlax/scripts/measure_ros_processes.sh --pattern python3|ros2|slam|nav2|component_container|nav_goal_sender --duration 230 --interval 2 --label combo_lifelong_devref --output /oomwoo/contributions/compute-benchmark/OsakaTX/scripts/../results/combo/combo_lifelong_devref_20260910T184017Z.csv"
2026-09-10T18:41:55Z,18,"combo_lifelong_devref",139327,"python3",0.1,73272,48023,"/usr/bin/python3 -c from ros2cli.daemon.daemonize import main; main() --name ros2-daemon --ros-domain-id 0 --rmw-implementation rmw_fastrtps_cpp"
2026-09-10T18:41:55Z,18,"combo_lifelong_devref",182523,"bash",0.0,4000,1111,"bash -c source /opt/ros/jazzy/setup.bash && bash /oomwoo/contributions/compute-benchmark/OsakaTX/scripts/run_nav2_slam_combo_bench.sh --mode lifelong --label combo_lifelong_devref --duration 240 --outdir /oomwoo/contributions/compute-benchmark/OsakaTX/results > /oomwoo/contributions/compute-benchmark/OsakaTX/results/combo/combo_lifelong_driver.log 2>&1"
2026-09-10T18:41:55Z,18,"combo_lifelong_devref",182536,"bash",0.0,3832,944,"bash /oomwoo/contributions/compute-benchmark/OsakaTX/scripts/run_nav2_slam_combo_bench.sh --mode lifelong --label combo_lifelong_devref --duration 240 --outdir /oomwoo/contributions/compute-benchmark/OsakaTX/results"
2026-09-10T18:41:55Z,18,"combo_lifelong_devref",182575,"python3",6.8,74708,49009,"python3 /oomwoo/contributions/compute-benchmark/OsakaTX/scripts/synthetic_scan_publisher.py --duration 340 --loop-s 40 --hz 5.0"
2026-09-10T18:41:55Z,18,"combo_lifelong_devref",182592,"ros2",8.5,81516,56249,"/usr/bin/python3 /opt/ros/jazzy/bin/ros2 launch nav2_bringup bringup_launch.py map:=/oomwoo/contributions/compute-benchmark/OsakaTX/scripts/../results/combo/combo_nav2_map.yaml params_file:=/oomwoo/contributions/compute-benchmark/OsakaTX/scripts/nav2_params_bench.yaml use_sim_time:=False autostart:=True slam:=False use_localization:=False"
2026-09-10T18:41:55Z,18,"combo_lifelong_devref",182612,"component_conta",15.5,140428,125476,"/opt/ros/jazzy/lib/rclcpp_components/component_container_isolated --ros-args --log-level info --ros-args -r __node:=nav2_container --params-file /tmp/launch_params_ljf44bln --params-file /tmp/launch_params_tdq1tqu6 -r /tf:=tf -r /tf_static:=tf_static"
2026-09-10T18:41:55Z,18,"combo_lifelong_devref",182663,"python3",95.7,86880,60346,"python3 /oomwoo/contributions/compute-benchmark/OsakaTX/scripts/nav_goal_sender.py --x 4.0 --y 4.0 --yaw 0.0 --repeat 0 --pause 1"
2026-09-10T18:41:55Z,18,"combo_lifelong_devref",182729,"bash",0.6,4472,1188,"bash /oomwoo/contributions/compute-benchmark/xbattlax/scripts/measure_ros_processes.sh --pattern python3|ros2|slam|nav2|component_container|nav_goal_sender --duration 230 --interval 2 --label combo_lifelong_devref --output /oomwoo/contributions/compute-benchmark/OsakaTX/scripts/../results/combo/combo_lifelong_devref_20260910T184017Z.csv"
2026-09-10T18:41:58Z,19,"combo_lifelong_devref",139327,"python3",0.1,73272,48020,"/usr/bin/python3 -c from ros2cli.daemon.daemonize import main; main() --name ros2-daemon --ros-domain-id 0 --rmw-implementation rmw_fastrtps_cpp"
2026-09-10T18:41:58Z,19,"combo_lifelong_devref",182523,"bash",0.0,4000,1111,"bash -c source /opt/ros/jazzy/setup.bash && bash /oomwoo/contributions/compute-benchmark/OsakaTX/scripts/run_nav2_slam_combo_bench.sh --mode lifelong --label combo_lifelong_devref --duration 240 --outdir /oomwoo/contributions/compute-benchmark/OsakaTX/results > /oomwoo/contributions/compute-benchmark/OsakaTX/results/combo/combo_lifelong_driver.log 2>&1"
2026-09-10T18:41:58Z,19,"combo_lifelong_devref",182536,"bash",0.0,3832,944,"bash /oomwoo/contributions/compute-benchmark/OsakaTX/scripts/run_nav2_slam_combo_bench.sh --mode lifelong --label combo_lifelong_devref --duration 240 --outdir /oomwoo/contributions/compute-benchmark/OsakaTX/results"
2026-09-10T18:41:58Z,19,"combo_lifelong_devref",182575,"python3",6.8,74708,49010,"python3 /oomwoo/contributions/compute-benchmark/OsakaTX/scripts/synthetic_scan_publisher.py --duration 340 --loop-s 40 --hz 5.0"
2026-09-10T18:41:58Z,19,"combo_lifelong_devref",182592,"ros2",8.5,81516,56243,"/usr/bin/python3 /opt/ros/jazzy/bin/ros2 launch nav2_bringup bringup_launch.py map:=/oomwoo/contributions/compute-benchmark/OsakaTX/scripts/../results/combo/combo_nav2_map.yaml params_file:=/oomwoo/contributions/compute-benchmark/OsakaTX/scripts/nav2_params_bench.yaml use_sim_time:=False autostart:=True slam:=False use_localization:=False"
2026-09-10T18:41:58Z,19,"combo_lifelong_devref",182612,"component_conta",15.5,140428,125475,"/opt/ros/jazzy/lib/rclcpp_components/component_container_isolated --ros-args --log-level info --ros-args -r __node:=nav2_container --params-file /tmp/launch_params_ljf44bln --params-file /tmp/launch_params_tdq1tqu6 -r /tf:=tf -r /tf_static:=tf_static"
2026-09-10T18:41:58Z,19,"combo_lifelong_devref",182663,"python3",94.7,86956,60422,"python3 /oomwoo/contributions/compute-benchmark/OsakaTX/scripts/nav_goal_sender.py --x 4.0 --y 4.0 --yaw 0.0 --repeat 0 --pause 1"
2026-09-10T18:41:58Z,19,"combo_lifelong_devref",182729,"bash",0.6,4476,1191,"bash /oomwoo/contributions/compute-benchmark/xbattlax/scripts/measure_ros_processes.sh --pattern python3|ros2|slam|nav2|component_container|nav_goal_sender --duration 230 --interval 2 --label combo_lifelong_devref --output /oomwoo/contributions/compute-benchmark/OsakaTX/scripts/../results/combo/combo_lifelong_devref_20260910T184017Z.csv"
2026-09-10T18:42:00Z,20,"combo_lifelong_devref",139327,"python3",0.1,73272,48020,"/usr/bin/python3 -c from ros2cli.daemon.daemonize import main; main() --name ros2-daemon --ros-domain-id 0 --rmw-implementation rmw_fastrtps_cpp"
2026-09-10T18:42:00Z,20,"combo_lifelong_devref",182523,"bash",0.0,4000,1111,"bash -c source /opt/ros/jazzy/setup.bash && bash /oomwoo/contributions/compute-benchmark/OsakaTX/scripts/run_nav2_slam_combo_bench.sh --mode lifelong --label combo_lifelong_devref --duration 240 --outdir /oomwoo/contributions/compute-benchmark/OsakaTX/results > /oomwoo/contributions/compute-benchmark/OsakaTX/results/combo/combo_lifelong_driver.log 2>&1"
2026-09-10T18:42:00Z,20,"combo_lifelong_devref",182536,"bash",0.0,3832,945,"bash /oomwoo/contributions/compute-benchmark/OsakaTX/scripts/run_nav2_slam_combo_bench.sh --mode lifelong --label combo_lifelong_devref --duration 240 --outdir /oomwoo/contributions/compute-benchmark/OsakaTX/results"
2026-09-10T18:42:00Z,20,"combo_lifelong_devref",182575,"python3",6.8,74708,49000,"python3 /oomwoo/contributions/compute-benchmark/OsakaTX/scripts/synthetic_scan_publisher.py --duration 340 --loop-s 40 --hz 5.0"
2026-09-10T18:42:00Z,20,"combo_lifelong_devref",182592,"ros2",8.6,81516,56250,"/usr/bin/python3 /opt/ros/jazzy/bin/ros2 launch nav2_bringup bringup_launch.py map:=/oomwoo/contributions/compute-benchmark/OsakaTX/scripts/../results/combo/combo_nav2_map.yaml params_file:=/oomwoo/contributions/compute-benchmark/OsakaTX/scripts/nav2_params_bench.yaml use_sim_time:=False autostart:=True slam:=False use_localization:=False"
2026-09-10T18:42:00Z,20,"combo_lifelong_devref",182612,"component_conta",15.6,140428,125478,"/opt/ros/jazzy/lib/rclcpp_components/component_container_isolated --ros-args --log-level info --ros-args -r __node:=nav2_container --params-file /tmp/launch_params_ljf44bln --params-file /tmp/launch_params_tdq1tqu6 -r /tf:=tf -r /tf_static:=tf_static"
2026-09-10T18:42:00Z,20,"combo_lifelong_devref",182663,"python3",94.7,87112,60576,"python3 /oomwoo/contributions/compute-benchmark/OsakaTX/scripts/nav_goal_sender.py --x 4.0 --y 4.0 --yaw 0.0 --repeat 0 --pause 1"
2026-09-10T18:42:00Z,20,"combo_lifelong_devref",182729,"bash",0.6,4476,1191,"bash /oomwoo/contributions/compute-benchmark/xbattlax/scripts/measure_ros_processes.sh --pattern python3|ros2|slam|nav2|component_container|nav_goal_sender --duration 230 --interval 2 --label combo_lifelong_devref --output /oomwoo/contributions/compute-benchmark/OsakaTX/scripts/../results/combo/combo_lifelong_devref_20260910T184017Z.csv"
2026-09-10T18:42:02Z,21,"combo_lifelong_devref",139327,"python3",0.1,73272,48020,"/usr/bin/python3 -c from ros2cli.daemon.daemonize import main; main() --name ros2-daemon --ros-domain-id 0 --rmw-implementation rmw_fastrtps_cpp"
2026-09-10T18:42:02Z,21,"combo_lifelong_devref",182523,"bash",0.0,4000,1112,"bash -c source /opt/ros/jazzy/setup.bash && bash /oomwoo/contributions/compute-benchmark/OsakaTX/scripts/run_nav2_slam_combo_bench.sh --mode lifelong --label combo_lifelong_devref --duration 240 --outdir /oomwoo/contributions/compute-benchmark/OsakaTX/results > /oomwoo/contributions/compute-benchmark/OsakaTX/results/combo/combo_lifelong_driver.log 2>&1"
2026-09-10T18:42:02Z,21,"combo_lifelong_devref",182536,"bash",0.0,3832,943,"bash /oomwoo/contributions/compute-benchmark/OsakaTX/scripts/run_nav2_slam_combo_bench.sh --mode lifelong --label combo_lifelong_devref --duration 240 --outdir /oomwoo/contributions/compute-benchmark/OsakaTX/results"
2026-09-10T18:42:02Z,21,"combo_lifelong_devref",182575,"python3",6.8,74708,49009,"python3 /oomwoo/contributions/compute-benchmark/OsakaTX/scripts/synthetic_scan_publisher.py --duration 340 --loop-s 40 --hz 5.0"
2026-09-10T18:42:02Z,21,"combo_lifelong_devref",182592,"ros2",8.7,81516,56249,"/usr/bin/python3 /opt/ros/jazzy/bin/ros2 launch nav2_bringup bringup_launch.py map:=/oomwoo/contributions/compute-benchmark/OsakaTX/scripts/../results/combo/combo_nav2_map.yaml params_file:=/oomwoo/contributions/compute-benchmark/OsakaTX/scripts/nav2_params_bench.yaml use_sim_time:=False autostart:=True slam:=False use_localization:=False"
2026-09-10T18:42:02Z,21,"combo_lifelong_devref",182612,"component_conta",15.6,140428,125475,"/opt/ros/jazzy/lib/rclcpp_components/component_container_isolated --ros-args --log-level info --ros-args -r __node:=nav2_container --params-file /tmp/launch_params_ljf44bln --params-file /tmp/launch_params_tdq1tqu6 -r /tf:=tf -r /tf_static:=tf_static"
2026-09-10T18:42:02Z,21,"combo_lifelong_devref",182663,"python3",95.0,87296,60767,"python3 /oomwoo/contributions/compute-benchmark/OsakaTX/scripts/nav_goal_sender.py --x 4.0 --y 4.0 --yaw 0.0 --repeat 0 --pause 1"
2026-09-10T18:42:02Z,21,"combo_lifelong_devref",182729,"bash",0.6,4476,1191,"bash /oomwoo/contributions/compute-benchmark/xbattlax/scripts/measure_ros_processes.sh --pattern python3|ros2|slam|nav2|component_container|nav_goal_sender --duration 230 --interval 2 --label combo_lifelong_devref --output /oomwoo/contributions/compute-benchmark/OsakaTX/scripts/../results/combo/combo_lifelong_devref_20260910T184017Z.csv"
2026-09-10T18:42:04Z,22,"combo_lifelong_devref",139327,"python3",0.1,73272,48018,"/usr/bin/python3 -c from ros2cli.daemon.daemonize import main; main() --name ros2-daemon --ros-domain-id 0 --rmw-implementation rmw_fastrtps_cpp"
2026-09-10T18:42:04Z,22,"combo_lifelong_devref",182523,"bash",0.0,4000,1112,"bash -c source /opt/ros/jazzy/setup.bash && bash /oomwoo/contributions/compute-benchmark/OsakaTX/scripts/run_nav2_slam_combo_bench.sh --mode lifelong --label combo_lifelong_devref --duration 240 --outdir /oomwoo/contributions/compute-benchmark/OsakaTX/results > /oomwoo/contributions/compute-benchmark/OsakaTX/results/combo/combo_lifelong_driver.log 2>&1"
2026-09-10T18:42:04Z,22,"combo_lifelong_devref",182536,"bash",0.0,3832,944,"bash /oomwoo/contributions/compute-benchmark/OsakaTX/scripts/run_nav2_slam_combo_bench.sh --mode lifelong --label combo_lifelong_devref --duration 240 --outdir /oomwoo/contributions/compute-benchmark/OsakaTX/results"
2026-09-10T18:42:04Z,22,"combo_lifelong_devref",182575,"python3",6.8,74708,49009,"python3 /oomwoo/contributions/compute-benchmark/OsakaTX/scripts/synthetic_scan_publisher.py --duration 340 --loop-s 40 --hz 5.0"
2026-09-10T18:42:04Z,22,"combo_lifelong_devref",182592,"ros2",8.8,81516,56250,"/usr/bin/python3 /opt/ros/jazzy/bin/ros2 launch nav2_bringup bringup_launch.py map:=/oomwoo/contributions/compute-benchmark/OsakaTX/scripts/../results/combo/combo_nav2_map.yaml params_file:=/oomwoo/contributions/compute-benchmark/OsakaTX/scripts/nav2_params_bench.yaml use_sim_time:=False autostart:=True slam:=False use_localization:=False"
2026-09-10T18:42:04Z,22,"combo_lifelong_devref",182612,"component_conta",15.7,140428,125475,"/opt/ros/jazzy/lib/rclcpp_components/component_container_isolated --ros-args --log-level info --ros-args -r __node:=nav2_container --params-file /tmp/launch_params_ljf44bln --params-file /tmp/launch_params_tdq1tqu6 -r /tf:=tf -r /tf_static:=tf_static"
2026-09-10T18:42:04Z,22,"combo_lifelong_devref",182663,"python3",95.2,87484,60951,"python3 /oomwoo/contributions/compute-benchmark/OsakaTX/scripts/nav_goal_sender.py --x 4.0 --y 4.0 --yaw 0.0 --repeat 0 --pause 1"
2026-09-10T18:42:04Z,22,"combo_lifelong_devref",182729,"bash",0.6,4476,1193,"bash /oomwoo/contributions/compute-benchmark/xbattlax/scripts/measure_ros_processes.sh --pattern python3|ros2|slam|nav2|component_container|nav_goal_sender --duration 230 --interval 2 --label combo_lifelong_devref --output /oomwoo/contributions/compute-benchmark/OsakaTX/scripts/../results/combo/combo_lifelong_devref_20260910T184017Z.csv"
2026-09-10T18:42:07Z,23,"combo_lifelong_devref",139327,"python3",0.1,73272,48022,"/usr/bin/python3 -c from ros2cli.daemon.daemonize import main; main() --name ros2-daemon --ros-domain-id 0 --rmw-implementation rmw_fastrtps_cpp"
2026-09-10T18:42:07Z,23,"combo_lifelong_devref",182523,"bash",0.0,4000,1112,"bash -c source /opt/ros/jazzy/setup.bash && bash /oomwoo/contributions/compute-benchmark/OsakaTX/scripts/run_nav2_slam_combo_bench.sh --mode lifelong --label combo_lifelong_devref --duration 240 --outdir /oomwoo/contributions/compute-benchmark/OsakaTX/results > /oomwoo/contributions/compute-benchmark/OsakaTX/results/combo/combo_lifelong_driver.log 2>&1"
2026-09-10T18:42:07Z,23,"combo_lifelong_devref",182536,"bash",0.0,3832,945,"bash /oomwoo/contributions/compute-benchmark/OsakaTX/scripts/run_nav2_slam_combo_bench.sh --mode lifelong --label combo_lifelong_devref --duration 240 --outdir /oomwoo/contributions/compute-benchmark/OsakaTX/results"
2026-09-10T18:42:07Z,23,"combo_lifelong_devref",182575,"python3",6.8,74708,49010,"python3 /oomwoo/contributions/compute-benchmark/OsakaTX/scripts/synthetic_scan_publisher.py --duration 340 --loop-s 40 --hz 5.0"
2026-09-10T18:42:07Z,23,"combo_lifelong_devref",182592,"ros2",8.9,81516,56250,"/usr/bin/python3 /opt/ros/jazzy/bin/ros2 launch nav2_bringup bringup_launch.py map:=/oomwoo/contributions/compute-benchmark/OsakaTX/scripts/../results/combo/combo_nav2_map.yaml params_file:=/oomwoo/contributions/compute-benchmark/OsakaTX/scripts/nav2_params_bench.yaml use_sim_time:=False autostart:=True slam:=False use_localization:=False"
2026-09-10T18:42:07Z,23,"combo_lifelong_devref",182612,"component_conta",15.8,140428,125475,"/opt/ros/jazzy/lib/rclcpp_components/component_container_isolated --ros-args --log-level info --ros-args -r __node:=nav2_container --params-file /tmp/launch_params_ljf44bln --params-file /tmp/launch_params_tdq1tqu6 -r /tf:=tf -r /tf_static:=tf_static"
2026-09-10T18:42:07Z,23,"combo_lifelong_devref",182663,"python3",95.2,87640,61106,"python3 /oomwoo/contributions/compute-benchmark/OsakaTX/scripts/nav_goal_sender.py --x 4.0 --y 4.0 --yaw 0.0 --repeat 0 --pause 1"
2026-09-10T18:42:07Z,23,"combo_lifelong_devref",182729,"bash",0.6,4476,1190,"bash /oomwoo/contributions/compute-benchmark/xbattlax/scripts/measure_ros_processes.sh --pattern python3|ros2|slam|nav2|component_container|nav_goal_sender --duration 230 --interval 2 --label combo_lifelong_devref --output /oomwoo/contributions/compute-benchmark/OsakaTX/scripts/../results/combo/combo_lifelong_devref_20260910T184017Z.csv"
2026-09-10T18:42:09Z,24,"combo_lifelong_devref",139327,"python3",0.1,73272,48022,"/usr/bin/python3 -c from ros2cli.daemon.daemonize import main; main() --name ros2-daemon --ros-domain-id 0 --rmw-implementation rmw_fastrtps_cpp"
2026-09-10T18:42:09Z,24,"combo_lifelong_devref",182523,"bash",0.0,4000,1111,"bash -c source /opt/ros/jazzy/setup.bash && bash /oomwoo/contributions/compute-benchmark/OsakaTX/scripts/run_nav2_slam_combo_bench.sh --mode lifelong --label combo_lifelong_devref --duration 240 --outdir /oomwoo/contributions/compute-benchmark/OsakaTX/results > /oomwoo/contributions/compute-benchmark/OsakaTX/results/combo/combo_lifelong_driver.log 2>&1"
2026-09-10T18:42:09Z,24,"combo_lifelong_devref",182536,"bash",0.0,3832,944,"bash /oomwoo/contributions/compute-benchmark/OsakaTX/scripts/run_nav2_slam_combo_bench.sh --mode lifelong --label combo_lifelong_devref --duration 240 --outdir /oomwoo/contributions/compute-benchmark/OsakaTX/results"
2026-09-10T18:42:09Z,24,"combo_lifelong_devref",182575,"python3",6.8,74708,49010,"python3 /oomwoo/contributions/compute-benchmark/OsakaTX/scripts/synthetic_scan_publisher.py --duration 340 --loop-s 40 --hz 5.0"
2026-09-10T18:42:09Z,24,"combo_lifelong_devref",182592,"ros2",9.0,81516,56250,"/usr/bin/python3 /opt/ros/jazzy/bin/ros2 launch nav2_bringup bringup_launch.py map:=/oomwoo/contributions/compute-benchmark/OsakaTX/scripts/../results/combo/combo_nav2_map.yaml params_file:=/oomwoo/contributions/compute-benchmark/OsakaTX/scripts/nav2_params_bench.yaml use_sim_time:=False autostart:=True slam:=False use_localization:=False"
2026-09-10T18:42:09Z,24,"combo_lifelong_devref",182612,"component_conta",15.9,140428,125476,"/opt/ros/jazzy/lib/rclcpp_components/component_container_isolated --ros-args --log-level info --ros-args -r __node:=nav2_container --params-file /tmp/launch_params_ljf44bln --params-file /tmp/launch_params_tdq1tqu6 -r /tf:=tf -r /tf_static:=tf_static"
2026-09-10T18:42:09Z,24,"combo_lifelong_devref",182663,"python3",95.4,87832,61298,"python3 /oomwoo/contributions/compute-benchmark/OsakaTX/scripts/nav_goal_sender.py --x 4.0 --y 4.0 --yaw 0.0 --repeat 0 --pause 1"
2026-09-10T18:42:09Z,24,"combo_lifelong_devref",182729,"bash",0.6,4476,1191,"bash /oomwoo/contributions/compute-benchmark/xbattlax/scripts/measure_ros_processes.sh --pattern python3|ros2|slam|nav2|component_container|nav_goal_sender --duration 230 --interval 2 --label combo_lifelong_devref --output /oomwoo/contributions/compute-benchmark/OsakaTX/scripts/../results/combo/combo_lifelong_devref_20260910T184017Z.csv"
2026-09-10T18:42:11Z,25,"combo_lifelong_devref",139327,"python3",0.1,73272,48020,"/usr/bin/python3 -c from ros2cli.daemon.daemonize import main; main() --name ros2-daemon --ros-domain-id 0 --rmw-implementation rmw_fastrtps_cpp"
2026-09-10T18:42:11Z,25,"combo_lifelong_devref",182523,"bash",0.0,4000,1112,"bash -c source /opt/ros/jazzy/setup.bash && bash /oomwoo/contributions/compute-benchmark/OsakaTX/scripts/run_nav2_slam_combo_bench.sh --mode lifelong --label combo_lifelong_devref --duration 240 --outdir /oomwoo/contributions/compute-benchmark/OsakaTX/results > /oomwoo/contributions/compute-benchmark/OsakaTX/results/combo/combo_lifelong_driver.log 2>&1"
2026-09-10T18:42:11Z,25,"combo_lifelong_devref",182536,"bash",0.0,3832,945,"bash /oomwoo/contributions/compute-benchmark/OsakaTX/scripts/run_nav2_slam_combo_bench.sh --mode lifelong --label combo_lifelong_devref --duration 240 --outdir /oomwoo/contributions/compute-benchmark/OsakaTX/results"
2026-09-10T18:42:11Z,25,"combo_lifelong_devref",182575,"python3",6.7,74708,49010,"python3 /oomwoo/contributions/compute-benchmark/OsakaTX/scripts/synthetic_scan_publisher.py --duration 340 --loop-s 40 --hz 5.0"
2026-09-10T18:42:11Z,25,"combo_lifelong_devref",182592,"ros2",9.1,81516,56243,"/usr/bin/python3 /opt/ros/jazzy/bin/ros2 launch nav2_bringup bringup_launch.py map:=/oomwoo/contributions/compute-benchmark/OsakaTX/scripts/../results/combo/combo_nav2_map.yaml params_file:=/oomwoo/contributions/compute-benchmark/OsakaTX/scripts/nav2_params_bench.yaml use_sim_time:=False autostart:=True slam:=False use_localization:=False"
2026-09-10T18:42:11Z,25,"combo_lifelong_devref",182612,"component_conta",15.9,140428,125478,"/opt/ros/jazzy/lib/rclcpp_components/component_container_isolated --ros-args --log-level info --ros-args -r __node:=nav2_container --params-file /tmp/launch_params_ljf44bln --params-file /tmp/launch_params_tdq1tqu6 -r /tf:=tf -r /tf_static:=tf_static"
2026-09-10T18:42:11Z,25,"combo_lifelong_devref",182663,"python3",95.5,88020,61485,"python3 /oomwoo/contributions/compute-benchmark/OsakaTX/scripts/nav_goal_sender.py --x 4.0 --y 4.0 --yaw 0.0 --repeat 0 --pause 1"
2026-09-10T18:42:11Z,25,"combo_lifelong_devref",182729,"bash",0.6,4476,1187,"bash /oomwoo/contributions/compute-benchmark/xbattlax/scripts/measure_ros_processes.sh --pattern python3|ros2|slam|nav2|component_container|nav_goal_sender --duration 230 --interval 2 --label combo_lifelong_devref --output /oomwoo/contributions/compute-benchmark/OsakaTX/scripts/../results/combo/combo_lifelong_devref_20260910T184017Z.csv"
2026-09-10T18:42:14Z,26,"combo_lifelong_devref",139327,"python3",0.1,73272,48018,"/usr/bin/python3 -c from ros2cli.daemon.daemonize import main; main() --name ros2-daemon --ros-domain-id 0 --rmw-implementation rmw_fastrtps_cpp"
2026-09-10T18:42:14Z,26,"combo_lifelong_devref",182523,"bash",0.0,4000,1112,"bash -c source /opt/ros/jazzy/setup.bash && bash /oomwoo/contributions/compute-benchmark/OsakaTX/scripts/run_nav2_slam_combo_bench.sh --mode lifelong --label combo_lifelong_devref --duration 240 --outdir /oomwoo/contributions/compute-benchmark/OsakaTX/results > /oomwoo/contributions/compute-benchmark/OsakaTX/results/combo/combo_lifelong_driver.log 2>&1"
2026-09-10T18:42:14Z,26,"combo_lifelong_devref",182536,"bash",0.0,3832,943,"bash /oomwoo/contributions/compute-benchmark/OsakaTX/scripts/run_nav2_slam_combo_bench.sh --mode lifelong --label combo_lifelong_devref --duration 240 --outdir /oomwoo/contributions/compute-benchmark/OsakaTX/results"
2026-09-10T18:42:14Z,26,"combo_lifelong_devref",182575,"python3",6.7,74708,49010,"python3 /oomwoo/contributions/compute-benchmark/OsakaTX/scripts/synthetic_scan_publisher.py --duration 340 --loop-s 40 --hz 5.0"
2026-09-10T18:42:14Z,26,"combo_lifelong_devref",182592,"ros2",9.2,81516,56251,"/usr/bin/python3 /opt/ros/jazzy/bin/ros2 launch nav2_bringup bringup_launch.py map:=/oomwoo/contributions/compute-benchmark/OsakaTX/scripts/../results/combo/combo_nav2_map.yaml params_file:=/oomwoo/contributions/compute-benchmark/OsakaTX/scripts/nav2_params_bench.yaml use_sim_time:=False autostart:=True slam:=False use_localization:=False"
2026-09-10T18:42:14Z,26,"combo_lifelong_devref",182612,"component_conta",16.0,140428,125478,"/opt/ros/jazzy/lib/rclcpp_components/component_container_isolated --ros-args --log-level info --ros-args -r __node:=nav2_container --params-file /tmp/launch_params_ljf44bln --params-file /tmp/launch_params_tdq1tqu6 -r /tf:=tf -r /tf_static:=tf_static"
2026-09-10T18:42:14Z,26,"combo_lifelong_devref",182663,"python3",95.6,89468,62935,"python3 /oomwoo/contributions/compute-benchmark/OsakaTX/scripts/nav_goal_sender.py --x 4.0 --y 4.0 --yaw 0.0 --repeat 0 --pause 1"
2026-09-10T18:42:14Z,26,"combo_lifelong_devref",182729,"bash",0.6,4476,1189,"bash /oomwoo/contributions/compute-benchmark/xbattlax/scripts/measure_ros_processes.sh --pattern python3|ros2|slam|nav2|component_container|nav_goal_sender --duration 230 --interval 2 --label combo_lifelong_devref --output /oomwoo/contributions/compute-benchmark/OsakaTX/scripts/../results/combo/combo_lifelong_devref_20260910T184017Z.csv"
2026-09-10T18:42:16Z,27,"combo_lifelong_devref",139327,"python3",0.1,73272,48022,"/usr/bin/python3 -c from ros2cli.daemon.daemonize import main; main() --name ros2-daemon --ros-domain-id 0 --rmw-implementation rmw_fastrtps_cpp"
2026-09-10T18:42:16Z,27,"combo_lifelong_devref",182523,"bash",0.0,4000,1112,"bash -c source /opt/ros/jazzy/setup.bash && bash /oomwoo/contributions/compute-benchmark/OsakaTX/scripts/run_nav2_slam_combo_bench.sh --mode lifelong --label combo_lifelong_devref --duration 240 --outdir /oomwoo/contributions/compute-benchmark/OsakaTX/results > /oomwoo/contributions/compute-benchmark/OsakaTX/results/combo/combo_lifelong_driver.log 2>&1"
2026-09-10T18:42:16Z,27,"combo_lifelong_devref",182536,"bash",0.0,3832,944,"bash /oomwoo/contributions/compute-benchmark/OsakaTX/scripts/run_nav2_slam_combo_bench.sh --mode lifelong --label combo_lifelong_devref --duration 240 --outdir /oomwoo/contributions/compute-benchmark/OsakaTX/results"
2026-09-10T18:42:16Z,27,"combo_lifelong_devref",182575,"python3",6.7,74708,49009,"python3 /oomwoo/contributions/compute-benchmark/OsakaTX/scripts/synthetic_scan_publisher.py --duration 340 --loop-s 40 --hz 5.0"
2026-09-10T18:42:16Z,27,"combo_lifelong_devref",182592,"ros2",9.2,81516,56243,"/usr/bin/python3 /opt/ros/jazzy/bin/ros2 launch nav2_bringup bringup_launch.py map:=/oomwoo/contributions/compute-benchmark/OsakaTX/scripts/../results/combo/combo_nav2_map.yaml params_file:=/oomwoo/contributions/compute-benchmark/OsakaTX/scripts/nav2_params_bench.yaml use_sim_time:=False autostart:=True slam:=False use_localization:=False"
2026-09-10T18:42:16Z,27,"combo_lifelong_devref",182612,"component_conta",16.0,140428,125476,"/opt/ros/jazzy/lib/rclcpp_components/component_container_isolated --ros-args --log-level info --ros-args -r __node:=nav2_container --params-file /tmp/launch_params_ljf44bln --params-file /tmp/launch_params_tdq1tqu6 -r /tf:=tf -r /tf_static:=tf_static"
2026-09-10T18:42:16Z,27,"combo_lifelong_devref",182663,"python3",95.8,89660,63127,"python3 /oomwoo/contributions/compute-benchmark/OsakaTX/scripts/nav_goal_sender.py --x 4.0 --y 4.0 --yaw 0.0 --repeat 0 --pause 1"
2026-09-10T18:42:16Z,27,"combo_lifelong_devref",182729,"bash",0.6,4476,1191,"bash /oomwoo/contributions/compute-benchmark/xbattlax/scripts/measure_ros_processes.sh --pattern python3|ros2|slam|nav2|component_container|nav_goal_sender --duration 230 --interval 2 --label combo_lifelong_devref --output /oomwoo/contributions/compute-benchmark/OsakaTX/scripts/../results/combo/combo_lifelong_devref_20260910T184017Z.csv"
2026-09-10T18:42:18Z,28,"combo_lifelong_devref",139327,"python3",0.1,73272,48022,"/usr/bin/python3 -c from ros2cli.daemon.daemonize import main; main() --name ros2-daemon --ros-domain-id 0 --rmw-implementation rmw_fastrtps_cpp"
2026-09-10T18:42:18Z,28,"combo_lifelong_devref",182523,"bash",0.0,4000,1111,"bash -c source /opt/ros/jazzy/setup.bash && bash /oomwoo/contributions/compute-benchmark/OsakaTX/scripts/run_nav2_slam_combo_bench.sh --mode lifelong --label combo_lifelong_devref --duration 240 --outdir /oomwoo/contributions/compute-benchmark/OsakaTX/results > /oomwoo/contributions/compute-benchmark/OsakaTX/results/combo/combo_lifelong_driver.log 2>&1"
2026-09-10T18:42:18Z,28,"combo_lifelong_devref",182536,"bash",0.0,3832,945,"bash /oomwoo/contributions/compute-benchmark/OsakaTX/scripts/run_nav2_slam_combo_bench.sh --mode lifelong --label combo_lifelong_devref --duration 240 --outdir /oomwoo/contributions/compute-benchmark/OsakaTX/results"
2026-09-10T18:42:18Z,28,"combo_lifelong_devref",182575,"python3",6.7,74708,49010,"python3 /oomwoo/contributions/compute-benchmark/OsakaTX/scripts/synthetic_scan_publisher.py --duration 340 --loop-s 40 --hz 5.0"
2026-09-10T18:42:18Z,28,"combo_lifelong_devref",182592,"ros2",9.3,81516,56251,"/usr/bin/python3 /opt/ros/jazzy/bin/ros2 launch nav2_bringup bringup_launch.py map:=/oomwoo/contributions/compute-benchmark/OsakaTX/scripts/../results/combo/combo_nav2_map.yaml params_file:=/oomwoo/contributions/compute-benchmark/OsakaTX/scripts/nav2_params_bench.yaml use_sim_time:=False autostart:=True slam:=False use_localization:=False"
2026-09-10T18:42:18Z,28,"combo_lifelong_devref",182612,"component_conta",16.1,140428,125477,"/opt/ros/jazzy/lib/rclcpp_components/component_container_isolated --ros-args --log-level info --ros-args -r __node:=nav2_container --params-file /tmp/launch_params_ljf44bln --params-file /tmp/launch_params_tdq1tqu6 -r /tf:=tf -r /tf_static:=tf_static"
2026-09-10T18:42:18Z,28,"combo_lifelong_devref",182663,"python3",95.9,89852,63317,"python3 /oomwoo/contributions/compute-benchmark/OsakaTX/scripts/nav_goal_sender.py --x 4.0 --y 4.0 --yaw 0.0 --repeat 0 --pause 1"
2026-09-10T18:42:18Z,28,"combo_lifelong_devref",182729,"bash",0.6,4476,1190,"bash /oomwoo/contributions/compute-benchmark/xbattlax/scripts/measure_ros_processes.sh --pattern python3|ros2|slam|nav2|component_container|nav_goal_sender --duration 230 --interval 2 --label combo_lifelong_devref --output /oomwoo/contributions/compute-benchmark/OsakaTX/scripts/../results/combo/combo_lifelong_devref_20260910T184017Z.csv"
2026-09-10T18:42:20Z,29,"combo_lifelong_devref",139327,"python3",0.1,73272,48020,"/usr/bin/python3 -c from ros2cli.daemon.daemonize import main; main() --name ros2-daemon --ros-domain-id 0 --rmw-implementation rmw_fastrtps_cpp"
2026-09-10T18:42:20Z,29,"combo_lifelong_devref",182523,"bash",0.0,4000,1112,"bash -c source /opt/ros/jazzy/setup.bash && bash /oomwoo/contributions/compute-benchmark/OsakaTX/scripts/run_nav2_slam_combo_bench.sh --mode lifelong --label combo_lifelong_devref --duration 240 --outdir /oomwoo/contributions/compute-benchmark/OsakaTX/results > /oomwoo/contributions/compute-benchmark/OsakaTX/results/combo/combo_lifelong_driver.log 2>&1"
2026-09-10T18:42:20Z,29,"combo_lifelong_devref",182536,"bash",0.0,3832,946,"bash /oomwoo/contributions/compute-benchmark/OsakaTX/scripts/run_nav2_slam_combo_bench.sh --mode lifelong --label combo_lifelong_devref --duration 240 --outdir /oomwoo/contributions/compute-benchmark/OsakaTX/results"
2026-09-10T18:42:20Z,29,"combo_lifelong_devref",182575,"python3",6.7,74708,49009,"python3 /oomwoo/contributions/compute-benchmark/OsakaTX/scripts/synthetic_scan_publisher.py --duration 340 --loop-s 40 --hz 5.0"
2026-09-10T18:42:20Z,29,"combo_lifelong_devref",182592,"ros2",9.4,81516,56250,"/usr/bin/python3 /opt/ros/jazzy/bin/ros2 launch nav2_bringup bringup_launch.py map:=/oomwoo/contributions/compute-benchmark/OsakaTX/scripts/../results/combo/combo_nav2_map.yaml params_file:=/oomwoo/contributions/compute-benchmark/OsakaTX/scripts/nav2_params_bench.yaml use_sim_time:=False autostart:=True slam:=False use_localization:=False"
2026-09-10T18:42:20Z,29,"combo_lifelong_devref",182612,"component_conta",16.1,140428,125476,"/opt/ros/jazzy/lib/rclcpp_components/component_container_isolated --ros-args --log-level info --ros-args -r __node:=nav2_container --params-file /tmp/launch_params_ljf44bln --params-file /tmp/launch_params_tdq1tqu6 -r /tf:=tf -r /tf_static:=tf_static"
2026-09-10T18:42:20Z,29,"combo_lifelong_devref",182663,"python3",95.9,90016,63481,"python3 /oomwoo/contributions/compute-benchmark/OsakaTX/scripts/nav_goal_sender.py --x 4.0 --y 4.0 --yaw 0.0 --repeat 0 --pause 1"
2026-09-10T18:42:20Z,29,"combo_lifelong_devref",182729,"bash",0.6,4476,1190,"bash /oomwoo/contributions/compute-benchmark/xbattlax/scripts/measure_ros_processes.sh --pattern python3|ros2|slam|nav2|component_container|nav_goal_sender --duration 230 --interval 2 --label combo_lifelong_devref --output /oomwoo/contributions/compute-benchmark/OsakaTX/scripts/../results/combo/combo_lifelong_devref_20260910T184017Z.csv"
2026-09-10T18:42:23Z,30,"combo_lifelong_devref",139327,"python3",0.1,73272,48022,"/usr/bin/python3 -c from ros2cli.daemon.daemonize import main; main() --name ros2-daemon --ros-domain-id 0 --rmw-implementation rmw_fastrtps_cpp"
2026-09-10T18:42:23Z,30,"combo_lifelong_devref",182523,"bash",0.0,4000,1113,"bash -c source /opt/ros/jazzy/setup.bash && bash /oomwoo/contributions/compute-benchmark/OsakaTX/scripts/run_nav2_slam_combo_bench.sh --mode lifelong --label combo_lifelong_devref --duration 240 --outdir /oomwoo/contributions/compute-benchmark/OsakaTX/results > /oomwoo/contributions/compute-benchmark/OsakaTX/results/combo/combo_lifelong_driver.log 2>&1"
2026-09-10T18:42:23Z,30,"combo_lifelong_devref",182536,"bash",0.0,3832,944,"bash /oomwoo/contributions/compute-benchmark/OsakaTX/scripts/run_nav2_slam_combo_bench.sh --mode lifelong --label combo_lifelong_devref --duration 240 --outdir /oomwoo/contributions/compute-benchmark/OsakaTX/results"
2026-09-10T18:42:23Z,30,"combo_lifelong_devref",182575,"python3",6.7,74708,49010,"python3 /oomwoo/contributions/compute-benchmark/OsakaTX/scripts/synthetic_scan_publisher.py --duration 340 --loop-s 40 --hz 5.0"
2026-09-10T18:42:23Z,30,"combo_lifelong_devref",182592,"ros2",9.4,81516,56248,"/usr/bin/python3 /opt/ros/jazzy/bin/ros2 launch nav2_bringup bringup_launch.py map:=/oomwoo/contributions/compute-benchmark/OsakaTX/scripts/../results/combo/combo_nav2_map.yaml params_file:=/oomwoo/contributions/compute-benchmark/OsakaTX/scripts/nav2_params_bench.yaml use_sim_time:=False autostart:=True slam:=False use_localization:=False"
2026-09-10T18:42:23Z,30,"combo_lifelong_devref",182612,"component_conta",16.2,140428,125476,"/opt/ros/jazzy/lib/rclcpp_components/component_container_isolated --ros-args --log-level info --ros-args -r __node:=nav2_container --params-file /tmp/launch_params_ljf44bln --params-file /tmp/launch_params_tdq1tqu6 -r /tf:=tf -r /tf_static:=tf_static"
2026-09-10T18:42:23Z,30,"combo_lifelong_devref",182663,"python3",96.1,90208,63675,"python3 /oomwoo/contributions/compute-benchmark/OsakaTX/scripts/nav_goal_sender.py --x 4.0 --y 4.0 --yaw 0.0 --repeat 0 --pause 1"
2026-09-10T18:42:23Z,30,"combo_lifelong_devref",182729,"bash",0.6,4476,1192,"bash /oomwoo/contributions/compute-benchmark/xbattlax/scripts/measure_ros_processes.sh --pattern python3|ros2|slam|nav2|component_container|nav_goal_sender --duration 230 --interval 2 --label combo_lifelong_devref --output /oomwoo/contributions/compute-benchmark/OsakaTX/scripts/../results/combo/combo_lifelong_devref_20260910T184017Z.csv"
2026-09-10T18:42:25Z,31,"combo_lifelong_devref",139327,"python3",0.1,73272,48022,"/usr/bin/python3 -c from ros2cli.daemon.daemonize import main; main() --name ros2-daemon --ros-domain-id 0 --rmw-implementation rmw_fastrtps_cpp"
2026-09-10T18:42:25Z,31,"combo_lifelong_devref",182523,"bash",0.0,4000,1114,"bash -c source /opt/ros/jazzy/setup.bash && bash /oomwoo/contributions/compute-benchmark/OsakaTX/scripts/run_nav2_slam_combo_bench.sh --mode lifelong --label combo_lifelong_devref --duration 240 --outdir /oomwoo/contributions/compute-benchmark/OsakaTX/results > /oomwoo/contributions/compute-benchmark/OsakaTX/results/combo/combo_lifelong_driver.log 2>&1"
2026-09-10T18:42:25Z,31,"combo_lifelong_devref",182536,"bash",0.0,3832,945,"bash /oomwoo/contributions/compute-benchmark/OsakaTX/scripts/run_nav2_slam_combo_bench.sh --mode lifelong --label combo_lifelong_devref --duration 240 --outdir /oomwoo/contributions/compute-benchmark/OsakaTX/results"
2026-09-10T18:42:25Z,31,"combo_lifelong_devref",182575,"python3",6.7,74708,49009,"python3 /oomwoo/contributions/compute-benchmark/OsakaTX/scripts/synthetic_scan_publisher.py --duration 340 --loop-s 40 --hz 5.0"
2026-09-10T18:42:25Z,31,"combo_lifelong_devref",182592,"ros2",9.5,81516,56250,"/usr/bin/python3 /opt/ros/jazzy/bin/ros2 launch nav2_bringup bringup_launch.py map:=/oomwoo/contributions/compute-benchmark/OsakaTX/scripts/../results/combo/combo_nav2_map.yaml params_file:=/oomwoo/contributions/compute-benchmark/OsakaTX/scripts/nav2_params_bench.yaml use_sim_time:=False autostart:=True slam:=False use_localization:=False"
2026-09-10T18:42:25Z,31,"combo_lifelong_devref",182612,"component_conta",16.2,140428,125477,"/opt/ros/jazzy/lib/rclcpp_components/component_container_isolated --ros-args --log-level info --ros-args -r __node:=nav2_container --params-file /tmp/launch_params_ljf44bln --params-file /tmp/launch_params_tdq1tqu6 -r /tf:=tf -r /tf_static:=tf_static"
2026-09-10T18:42:25Z,31,"combo_lifelong_devref",182663,"python3",96.2,90392,63858,"python3 /oomwoo/contributions/compute-benchmark/OsakaTX/scripts/nav_goal_sender.py --x 4.0 --y 4.0 --yaw 0.0 --repeat 0 --pause 1"
2026-09-10T18:42:25Z,31,"combo_lifelong_devref",182729,"bash",0.6,4476,1191,"bash /oomwoo/contributions/compute-benchmark/xbattlax/scripts/measure_ros_processes.sh --pattern python3|ros2|slam|nav2|component_container|nav_goal_sender --duration 230 --interval 2 --label combo_lifelong_devref --output /oomwoo/contributions/compute-benchmark/OsakaTX/scripts/../results/combo/combo_lifelong_devref_20260910T184017Z.csv"
2026-09-10T18:42:27Z,32,"combo_lifelong_devref",139327,"python3",0.1,73272,48022,"/usr/bin/python3 -c from ros2cli.daemon.daemonize import main; main() --name ros2-daemon --ros-domain-id 0 --rmw-implementation rmw_fastrtps_cpp"
2026-09-10T18:42:27Z,32,"combo_lifelong_devref",182523,"bash",0.0,4000,1112,"bash -c source /opt/ros/jazzy/setup.bash && bash /oomwoo/contributions/compute-benchmark/OsakaTX/scripts/run_nav2_slam_combo_bench.sh --mode lifelong --label combo_lifelong_devref --duration 240 --outdir /oomwoo/contributions/compute-benchmark/OsakaTX/results > /oomwoo/contributions/compute-benchmark/OsakaTX/results/combo/combo_lifelong_driver.log 2>&1"
2026-09-10T18:42:27Z,32,"combo_lifelong_devref",182536,"bash",0.0,3832,944,"bash /oomwoo/contributions/compute-benchmark/OsakaTX/scripts/run_nav2_slam_combo_bench.sh --mode lifelong --label combo_lifelong_devref --duration 240 --outdir /oomwoo/contributions/compute-benchmark/OsakaTX/results"
2026-09-10T18:42:27Z,32,"combo_lifelong_devref",182575,"python3",6.7,74708,49010,"python3 /oomwoo/contributions/compute-benchmark/OsakaTX/scripts/synthetic_scan_publisher.py --duration 340 --loop-s 40 --hz 5.0"
2026-09-10T18:42:27Z,32,"combo_lifelong_devref",182592,"ros2",9.6,81516,56251,"/usr/bin/python3 /opt/ros/jazzy/bin/ros2 launch nav2_bringup bringup_launch.py map:=/oomwoo/contributions/compute-benchmark/OsakaTX/scripts/../results/combo/combo_nav2_map.yaml params_file:=/oomwoo/contributions/compute-benchmark/OsakaTX/scripts/nav2_params_bench.yaml use_sim_time:=False autostart:=True slam:=False use_localization:=False"
2026-09-10T18:42:27Z,32,"combo_lifelong_devref",182612,"component_conta",16.3,140428,125476,"/opt/ros/jazzy/lib/rclcpp_components/component_container_isolated --ros-args --log-level info --ros-args -r __node:=nav2_container --params-file /tmp/launch_params_ljf44bln --params-file /tmp/launch_params_tdq1tqu6 -r /tf:=tf -r /tf_static:=tf_static"
2026-09-10T18:42:27Z,32,"combo_lifelong_devref",182663,"python3",96.2,90572,64038,"python3 /oomwoo/contributions/compute-benchmark/OsakaTX/scripts/nav_goal_sender.py --x 4.0 --y 4.0 --yaw 0.0 --repeat 0 --pause 1"
2026-09-10T18:42:27Z,32,"combo_lifelong_devref",182729,"bash",0.6,4476,1190,"bash /oomwoo/contributions/compute-benchmark/xbattlax/scripts/measure_ros_processes.sh --pattern python3|ros2|slam|nav2|component_container|nav_goal_sender --duration 230 --interval 2 --label combo_lifelong_devref --output /oomwoo/contributions/compute-benchmark/OsakaTX/scripts/../results/combo/combo_lifelong_devref_20260910T184017Z.csv"
2026-09-10T18:42:30Z,33,"combo_lifelong_devref",139327,"python3",0.1,73272,48022,"/usr/bin/python3 -c from ros2cli.daemon.daemonize import main; main() --name ros2-daemon --ros-domain-id 0 --rmw-implementation rmw_fastrtps_cpp"
2026-09-10T18:42:30Z,33,"combo_lifelong_devref",182523,"bash",0.0,4000,1112,"bash -c source /opt/ros/jazzy/setup.bash && bash /oomwoo/contributions/compute-benchmark/OsakaTX/scripts/run_nav2_slam_combo_bench.sh --mode lifelong --label combo_lifelong_devref --duration 240 --outdir /oomwoo/contributions/compute-benchmark/OsakaTX/results > /oomwoo/contributions/compute-benchmark/OsakaTX/results/combo/combo_lifelong_driver.log 2>&1"
2026-09-10T18:42:30Z,33,"combo_lifelong_devref",182536,"bash",0.0,3832,945,"bash /oomwoo/contributions/compute-benchmark/OsakaTX/scripts/run_nav2_slam_combo_bench.sh --mode lifelong --label combo_lifelong_devref --duration 240 --outdir /oomwoo/contributions/compute-benchmark/OsakaTX/results"
2026-09-10T18:42:30Z,33,"combo_lifelong_devref",182575,"python3",6.6,74708,49009,"python3 /oomwoo/contributions/compute-benchmark/OsakaTX/scripts/synthetic_scan_publisher.py --duration 340 --loop-s 40 --hz 5.0"
2026-09-10T18:42:30Z,33,"combo_lifelong_devref",182592,"ros2",9.6,81516,56248,"/usr/bin/python3 /opt/ros/jazzy/bin/ros2 launch nav2_bringup bringup_launch.py map:=/oomwoo/contributions/compute-benchmark/OsakaTX/scripts/../results/combo/combo_nav2_map.yaml params_file:=/oomwoo/contributions/compute-benchmark/OsakaTX/scripts/nav2_params_bench.yaml use_sim_time:=False autostart:=True slam:=False use_localization:=False"
2026-09-10T18:42:30Z,33,"combo_lifelong_devref",182612,"component_conta",16.3,140428,125478,"/opt/ros/jazzy/lib/rclcpp_components/component_container_isolated --ros-args --log-level info --ros-args -r __node:=nav2_container --params-file /tmp/launch_params_ljf44bln --params-file /tmp/launch_params_tdq1tqu6 -r /tf:=tf -r /tf_static:=tf_static"
2026-09-10T18:42:30Z,33,"combo_lifelong_devref",182663,"python3",96.3,90764,64230,"python3 /oomwoo/contributions/compute-benchmark/OsakaTX/scripts/nav_goal_sender.py --x 4.0 --y 4.0 --yaw 0.0 --repeat 0 --pause 1"
2026-09-10T18:42:30Z,33,"combo_lifelong_devref",182729,"bash",0.6,4476,1192,"bash /oomwoo/contributions/compute-benchmark/xbattlax/scripts/measure_ros_processes.sh --pattern python3|ros2|slam|nav2|component_container|nav_goal_sender --duration 230 --interval 2 --label combo_lifelong_devref --output /oomwoo/contributions/compute-benchmark/OsakaTX/scripts/../results/combo/combo_lifelong_devref_20260910T184017Z.csv"
2026-09-10T18:42:32Z,34,"combo_lifelong_devref",139327,"python3",0.1,73272,48020,"/usr/bin/python3 -c from ros2cli.daemon.daemonize import main; main() --name ros2-daemon --ros-domain-id 0 --rmw-implementation rmw_fastrtps_cpp"
2026-09-10T18:42:32Z,34,"combo_lifelong_devref",182523,"bash",0.0,4000,1113,"bash -c source /opt/ros/jazzy/setup.bash && bash /oomwoo/contributions/compute-benchmark/OsakaTX/scripts/run_nav2_slam_combo_bench.sh --mode lifelong --label combo_lifelong_devref --duration 240 --outdir /oomwoo/contributions/compute-benchmark/OsakaTX/results > /oomwoo/contributions/compute-benchmark/OsakaTX/results/combo/combo_lifelong_driver.log 2>&1"
2026-09-10T18:42:32Z,34,"combo_lifelong_devref",182536,"bash",0.0,3832,945,"bash /oomwoo/contributions/compute-benchmark/OsakaTX/scripts/run_nav2_slam_combo_bench.sh --mode lifelong --label combo_lifelong_devref --duration 240 --outdir /oomwoo/contributions/compute-benchmark/OsakaTX/results"
2026-09-10T18:42:32Z,34,"combo_lifelong_devref",182575,"python3",6.6,74708,49009,"python3 /oomwoo/contributions/compute-benchmark/OsakaTX/scripts/synthetic_scan_publisher.py --duration 340 --loop-s 40 --hz 5.0"
2026-09-10T18:42:32Z,34,"combo_lifelong_devref",182592,"ros2",9.7,81516,56246,"/usr/bin/python3 /opt/ros/jazzy/bin/ros2 launch nav2_bringup bringup_launch.py map:=/oomwoo/contributions/compute-benchmark/OsakaTX/scripts/../results/combo/combo_nav2_map.yaml params_file:=/oomwoo/contributions/compute-benchmark/OsakaTX/scripts/nav2_params_bench.yaml use_sim_time:=False autostart:=True slam:=False use_localization:=False"
2026-09-10T18:42:32Z,34,"combo_lifelong_devref",182612,"component_conta",16.4,140428,125477,"/opt/ros/jazzy/lib/rclcpp_components/component_container_isolated --ros-args --log-level info --ros-args -r __node:=nav2_container --params-file /tmp/launch_params_ljf44bln --params-file /tmp/launch_params_tdq1tqu6 -r /tf:=tf -r /tf_static:=tf_static"
2026-09-10T18:42:32Z,34,"combo_lifelong_devref",182663,"python3",96.3,90948,64415,"python3 /oomwoo/contributions/compute-benchmark/OsakaTX/scripts/nav_goal_sender.py --x 4.0 --y 4.0 --yaw 0.0 --repeat 0 --pause 1"
2026-09-10T18:42:32Z,34,"combo_lifelong_devref",182729,"bash",0.6,4476,1193,"bash /oomwoo/contributions/compute-benchmark/xbattlax/scripts/measure_ros_processes.sh --pattern python3|ros2|slam|nav2|component_container|nav_goal_sender --duration 230 --interval 2 --label combo_lifelong_devref --output /oomwoo/contributions/compute-benchmark/OsakaTX/scripts/../results/combo/combo_lifelong_devref_20260910T184017Z.csv"
2026-09-10T18:42:34Z,35,"combo_lifelong_devref",139327,"python3",0.1,73272,48018,"/usr/bin/python3 -c from ros2cli.daemon.daemonize import main; main() --name ros2-daemon --ros-domain-id 0 --rmw-implementation rmw_fastrtps_cpp"
2026-09-10T18:42:34Z,35,"combo_lifelong_devref",182523,"bash",0.0,4000,1113,"bash -c source /opt/ros/jazzy/setup.bash && bash /oomwoo/contributions/compute-benchmark/OsakaTX/scripts/run_nav2_slam_combo_bench.sh --mode lifelong --label combo_lifelong_devref --duration 240 --outdir /oomwoo/contributions/compute-benchmark/OsakaTX/results > /oomwoo/contributions/compute-benchmark/OsakaTX/results/combo/combo_lifelong_driver.log 2>&1"
2026-09-10T18:42:34Z,35,"combo_lifelong_devref",182536,"bash",0.0,3832,944,"bash /oomwoo/contributions/compute-benchmark/OsakaTX/scripts/run_nav2_slam_combo_bench.sh --mode lifelong --label combo_lifelong_devref --duration 240 --outdir /oomwoo/contributions/compute-benchmark/OsakaTX/results"
2026-09-10T18:42:34Z,35,"combo_lifelong_devref",182575,"python3",6.6,74708,49000,"python3 /oomwoo/contributions/compute-benchmark/OsakaTX/scripts/synthetic_scan_publisher.py --duration 340 --loop-s 40 --hz 5.0"
2026-09-10T18:42:34Z,35,"combo_lifelong_devref",182592,"ros2",9.7,81516,56249,"/usr/bin/python3 /opt/ros/jazzy/bin/ros2 launch nav2_bringup bringup_launch.py map:=/oomwoo/contributions/compute-benchmark/OsakaTX/scripts/../results/combo/combo_nav2_map.yaml params_file:=/oomwoo/contributions/compute-benchmark/OsakaTX/scripts/nav2_params_bench.yaml use_sim_time:=False autostart:=True slam:=False use_localization:=False"
2026-09-10T18:42:34Z,35,"combo_lifelong_devref",182612,"component_conta",16.4,140428,125478,"/opt/ros/jazzy/lib/rclcpp_components/component_container_isolated --ros-args --log-level info --ros-args -r __node:=nav2_container --params-file /tmp/launch_params_ljf44bln --params-file /tmp/launch_params_tdq1tqu6 -r /tf:=tf -r /tf_static:=tf_static"
2026-09-10T18:42:34Z,35,"combo_lifelong_devref",182663,"python3",96.4,91128,64595,"python3 /oomwoo/contributions/compute-benchmark/OsakaTX/scripts/nav_goal_sender.py --x 4.0 --y 4.0 --yaw 0.0 --repeat 0 --pause 1"
2026-09-10T18:42:34Z,35,"combo_lifelong_devref",182729,"bash",0.6,4476,1195,"bash /oomwoo/contributions/compute-benchmark/xbattlax/scripts/measure_ros_processes.sh --pattern python3|ros2|slam|nav2|component_container|nav_goal_sender --duration 230 --interval 2 --label combo_lifelong_devref --output /oomwoo/contributions/compute-benchmark/OsakaTX/scripts/../results/combo/combo_lifelong_devref_20260910T184017Z.csv"
2026-09-10T18:42:37Z,36,"combo_lifelong_devref",139327,"python3",0.1,73272,48022,"/usr/bin/python3 -c from ros2cli.daemon.daemonize import main; main() --name ros2-daemon --ros-domain-id 0 --rmw-implementation rmw_fastrtps_cpp"
2026-09-10T18:42:37Z,36,"combo_lifelong_devref",182523,"bash",0.0,4000,1111,"bash -c source /opt/ros/jazzy/setup.bash && bash /oomwoo/contributions/compute-benchmark/OsakaTX/scripts/run_nav2_slam_combo_bench.sh --mode lifelong --label combo_lifelong_devref --duration 240 --outdir /oomwoo/contributions/compute-benchmark/OsakaTX/results > /oomwoo/contributions/compute-benchmark/OsakaTX/results/combo/combo_lifelong_driver.log 2>&1"
2026-09-10T18:42:37Z,36,"combo_lifelong_devref",182536,"bash",0.0,3832,945,"bash /oomwoo/contributions/compute-benchmark/OsakaTX/scripts/run_nav2_slam_combo_bench.sh --mode lifelong --label combo_lifelong_devref --duration 240 --outdir /oomwoo/contributions/compute-benchmark/OsakaTX/results"
2026-09-10T18:42:37Z,36,"combo_lifelong_devref",182575,"python3",6.6,74708,49009,"python3 /oomwoo/contributions/compute-benchmark/OsakaTX/scripts/synthetic_scan_publisher.py --duration 340 --loop-s 40 --hz 5.0"
2026-09-10T18:42:37Z,36,"combo_lifelong_devref",182592,"ros2",9.7,81516,56251,"/usr/bin/python3 /opt/ros/jazzy/bin/ros2 launch nav2_bringup bringup_launch.py map:=/oomwoo/contributions/compute-benchmark/OsakaTX/scripts/../results/combo/combo_nav2_map.yaml params_file:=/oomwoo/contributions/compute-benchmark/OsakaTX/scripts/nav2_params_bench.yaml use_sim_time:=False autostart:=True slam:=False use_localization:=False"
2026-09-10T18:42:37Z,36,"combo_lifelong_devref",182612,"component_conta",16.4,140428,125475,"/opt/ros/jazzy/lib/rclcpp_components/component_container_isolated --ros-args --log-level info --ros-args -r __node:=nav2_container --params-file /tmp/launch_params_ljf44bln --params-file /tmp/launch_params_tdq1tqu6 -r /tf:=tf -r /tf_static:=tf_static"
2026-09-10T18:42:37Z,36,"combo_lifelong_devref",182663,"python3",96.5,91316,64782,"python3 /oomwoo/contributions/compute-benchmark/OsakaTX/scripts/nav_goal_sender.py --x 4.0 --y 4.0 --yaw 0.0 --repeat 0 --pause 1"
2026-09-10T18:42:37Z,36,"combo_lifelong_devref",182729,"bash",0.6,4476,1191,"bash /oomwoo/contributions/compute-benchmark/xbattlax/scripts/measure_ros_processes.sh --pattern python3|ros2|slam|nav2|component_container|nav_goal_sender --duration 230 --interval 2 --label combo_lifelong_devref --output /oomwoo/contributions/compute-benchmark/OsakaTX/scripts/../results/combo/combo_lifelong_devref_20260910T184017Z.csv"
2026-09-10T18:42:39Z,37,"combo_lifelong_devref",139327,"python3",0.1,73272,48020,"/usr/bin/python3 -c from ros2cli.daemon.daemonize import main; main() --name ros2-daemon --ros-domain-id 0 --rmw-implementation rmw_fastrtps_cpp"
2026-09-10T18:42:39Z,37,"combo_lifelong_devref",182523,"bash",0.0,4000,1112,"bash -c source /opt/ros/jazzy/setup.bash && bash /oomwoo/contributions/compute-benchmark/OsakaTX/scripts/run_nav2_slam_combo_bench.sh --mode lifelong --label combo_lifelong_devref --duration 240 --outdir /oomwoo/contributions/compute-benchmark/OsakaTX/results > /oomwoo/contributions/compute-benchmark/OsakaTX/results/combo/combo_lifelong_driver.log 2>&1"
2026-09-10T18:42:39Z,37,"combo_lifelong_devref",182536,"bash",0.0,3832,944,"bash /oomwoo/contributions/compute-benchmark/OsakaTX/scripts/run_nav2_slam_combo_bench.sh --mode lifelong --label combo_lifelong_devref --duration 240 --outdir /oomwoo/contributions/compute-benchmark/OsakaTX/results"
2026-09-10T18:42:39Z,37,"combo_lifelong_devref",182575,"python3",6.6,74708,49010,"python3 /oomwoo/contributions/compute-benchmark/OsakaTX/scripts/synthetic_scan_publisher.py --duration 340 --loop-s 40 --hz 5.0"
2026-09-10T18:42:39Z,37,"combo_lifelong_devref",182592,"ros2",9.8,81516,56250,"/usr/bin/python3 /opt/ros/jazzy/bin/ros2 launch nav2_bringup bringup_launch.py map:=/oomwoo/contributions/compute-benchmark/OsakaTX/scripts/../results/combo/combo_nav2_map.yaml params_file:=/oomwoo/contributions/compute-benchmark/OsakaTX/scripts/nav2_params_bench.yaml use_sim_time:=False autostart:=True slam:=False use_localization:=False"
2026-09-10T18:42:39Z,37,"combo_lifelong_devref",182612,"component_conta",16.5,140428,125476,"/opt/ros/jazzy/lib/rclcpp_components/component_container_isolated --ros-args --log-level info --ros-args -r __node:=nav2_container --params-file /tmp/launch_params_ljf44bln --params-file /tmp/launch_params_tdq1tqu6 -r /tf:=tf -r /tf_static:=tf_static"
2026-09-10T18:42:39Z,37,"combo_lifelong_devref",182663,"python3",96.5,91496,64963,"python3 /oomwoo/contributions/compute-benchmark/OsakaTX/scripts/nav_goal_sender.py --x 4.0 --y 4.0 --yaw 0.0 --repeat 0 --pause 1"
2026-09-10T18:42:39Z,37,"combo_lifelong_devref",182729,"bash",0.6,4476,1190,"bash /oomwoo/contributions/compute-benchmark/xbattlax/scripts/measure_ros_processes.sh --pattern python3|ros2|slam|nav2|component_container|nav_goal_sender --duration 230 --interval 2 --label combo_lifelong_devref --output /oomwoo/contributions/compute-benchmark/OsakaTX/scripts/../results/combo/combo_lifelong_devref_20260910T184017Z.csv"
2026-09-10T18:42:41Z,38,"combo_lifelong_devref",139327,"python3",0.1,73272,48022,"/usr/bin/python3 -c from ros2cli.daemon.daemonize import main; main() --name ros2-daemon --ros-domain-id 0 --rmw-implementation rmw_fastrtps_cpp"
2026-09-10T18:42:41Z,38,"combo_lifelong_devref",182523,"bash",0.0,4000,1113,"bash -c source /opt/ros/jazzy/setup.bash && bash /oomwoo/contributions/compute-benchmark/OsakaTX/scripts/run_nav2_slam_combo_bench.sh --mode lifelong --label combo_lifelong_devref --duration 240 --outdir /oomwoo/contributions/compute-benchmark/OsakaTX/results > /oomwoo/contributions/compute-benchmark/OsakaTX/results/combo/combo_lifelong_driver.log 2>&1"
2026-09-10T18:42:41Z,38,"combo_lifelong_devref",182536,"bash",0.0,3832,944,"bash /oomwoo/contributions/compute-benchmark/OsakaTX/scripts/run_nav2_slam_combo_bench.sh --mode lifelong --label combo_lifelong_devref --duration 240 --outdir /oomwoo/contributions/compute-benchmark/OsakaTX/results"
2026-09-10T18:42:41Z,38,"combo_lifelong_devref",182575,"python3",6.6,74708,49002,"python3 /oomwoo/contributions/compute-benchmark/OsakaTX/scripts/synthetic_scan_publisher.py --duration 340 --loop-s 40 --hz 5.0"
2026-09-10T18:42:41Z,38,"combo_lifelong_devref",182592,"ros2",9.8,81516,56243,"/usr/bin/python3 /opt/ros/jazzy/bin/ros2 launch nav2_bringup bringup_launch.py map:=/oomwoo/contributions/compute-benchmark/OsakaTX/scripts/../results/combo/combo_nav2_map.yaml params_file:=/oomwoo/contributions/compute-benchmark/OsakaTX/scripts/nav2_params_bench.yaml use_sim_time:=False autostart:=True slam:=False use_localization:=False"
2026-09-10T18:42:41Z,38,"combo_lifelong_devref",182612,"component_conta",16.5,140428,125476,"/opt/ros/jazzy/lib/rclcpp_components/component_container_isolated --ros-args --log-level info --ros-args -r __node:=nav2_container --params-file /tmp/launch_params_ljf44bln --params-file /tmp/launch_params_tdq1tqu6 -r /tf:=tf -r /tf_static:=tf_static"
2026-09-10T18:42:41Z,38,"combo_lifelong_devref",182663,"python3",96.6,91684,65155,"python3 /oomwoo/contributions/compute-benchmark/OsakaTX/scripts/nav_goal_sender.py --x 4.0 --y 4.0 --yaw 0.0 --repeat 0 --pause 1"
2026-09-10T18:42:41Z,38,"combo_lifelong_devref",182729,"bash",0.6,4476,1191,"bash /oomwoo/contributions/compute-benchmark/xbattlax/scripts/measure_ros_processes.sh --pattern python3|ros2|slam|nav2|component_container|nav_goal_sender --duration 230 --interval 2 --label combo_lifelong_devref --output /oomwoo/contributions/compute-benchmark/OsakaTX/scripts/../results/combo/combo_lifelong_devref_20260910T184017Z.csv"
2026-09-10T18:42:43Z,39,"combo_lifelong_devref",139327,"python3",0.1,73272,48022,"/usr/bin/python3 -c from ros2cli.daemon.daemonize import main; main() --name ros2-daemon --ros-domain-id 0 --rmw-implementation rmw_fastrtps_cpp"
2026-09-10T18:42:43Z,39,"combo_lifelong_devref",182523,"bash",0.0,4000,1112,"bash -c source /opt/ros/jazzy/setup.bash && bash /oomwoo/contributions/compute-benchmark/OsakaTX/scripts/run_nav2_slam_combo_bench.sh --mode lifelong --label combo_lifelong_devref --duration 240 --outdir /oomwoo/contributions/compute-benchmark/OsakaTX/results > /oomwoo/contributions/compute-benchmark/OsakaTX/results/combo/combo_lifelong_driver.log 2>&1"
2026-09-10T18:42:43Z,39,"combo_lifelong_devref",182536,"bash",0.0,3832,943,"bash /oomwoo/contributions/compute-benchmark/OsakaTX/scripts/run_nav2_slam_combo_bench.sh --mode lifelong --label combo_lifelong_devref --duration 240 --outdir /oomwoo/contributions/compute-benchmark/OsakaTX/results"
2026-09-10T18:42:43Z,39,"combo_lifelong_devref",182575,"python3",6.6,74708,49009,"python3 /oomwoo/contributions/compute-benchmark/OsakaTX/scripts/synthetic_scan_publisher.py --duration 340 --loop-s 40 --hz 5.0"
2026-09-10T18:42:43Z,39,"combo_lifelong_devref",182592,"ros2",9.9,81516,56249,"/usr/bin/python3 /opt/ros/jazzy/bin/ros2 launch nav2_bringup bringup_launch.py map:=/oomwoo/contributions/compute-benchmark/OsakaTX/scripts/../results/combo/combo_nav2_map.yaml params_file:=/oomwoo/contributions/compute-benchmark/OsakaTX/scripts/nav2_params_bench.yaml use_sim_time:=False autostart:=True slam:=False use_localization:=False"
2026-09-10T18:42:43Z,39,"combo_lifelong_devref",182612,"component_conta",16.6,140428,125475,"/opt/ros/jazzy/lib/rclcpp_components/component_container_isolated --ros-args --log-level info --ros-args -r __node:=nav2_container --params-file /tmp/launch_params_ljf44bln --params-file /tmp/launch_params_tdq1tqu6 -r /tf:=tf -r /tf_static:=tf_static"
2026-09-10T18:42:43Z,39,"combo_lifelong_devref",182663,"python3",96.7,91880,65345,"python3 /oomwoo/contributions/compute-benchmark/OsakaTX/scripts/nav_goal_sender.py --x 4.0 --y 4.0 --yaw 0.0 --repeat 0 --pause 1"
2026-09-10T18:42:43Z,39,"combo_lifelong_devref",182729,"bash",0.6,4476,1192,"bash /oomwoo/contributions/compute-benchmark/xbattlax/scripts/measure_ros_processes.sh --pattern python3|ros2|slam|nav2|component_container|nav_goal_sender --duration 230 --interval 2 --label combo_lifelong_devref --output /oomwoo/contributions/compute-benchmark/OsakaTX/scripts/../results/combo/combo_lifelong_devref_20260910T184017Z.csv"
2026-09-10T18:42:46Z,40,"combo_lifelong_devref",139327,"python3",0.1,73272,48022,"/usr/bin/python3 -c from ros2cli.daemon.daemonize import main; main() --name ros2-daemon --ros-domain-id 0 --rmw-implementation rmw_fastrtps_cpp"
2026-09-10T18:42:46Z,40,"combo_lifelong_devref",182523,"bash",0.0,4000,1112,"bash -c source /opt/ros/jazzy/setup.bash && bash /oomwoo/contributions/compute-benchmark/OsakaTX/scripts/run_nav2_slam_combo_bench.sh --mode lifelong --label combo_lifelong_devref --duration 240 --outdir /oomwoo/contributions/compute-benchmark/OsakaTX/results > /oomwoo/contributions/compute-benchmark/OsakaTX/results/combo/combo_lifelong_driver.log 2>&1"
2026-09-10T18:42:46Z,40,"combo_lifelong_devref",182536,"bash",0.0,3832,944,"bash /oomwoo/contributions/compute-benchmark/OsakaTX/scripts/run_nav2_slam_combo_bench.sh --mode lifelong --label combo_lifelong_devref --duration 240 --outdir /oomwoo/contributions/compute-benchmark/OsakaTX/results"
2026-09-10T18:42:46Z,40,"combo_lifelong_devref",182575,"python3",6.6,74708,49000,"python3 /oomwoo/contributions/compute-benchmark/OsakaTX/scripts/synthetic_scan_publisher.py --duration 340 --loop-s 40 --hz 5.0"
2026-09-10T18:42:46Z,40,"combo_lifelong_devref",182592,"ros2",9.9,81516,56249,"/usr/bin/python3 /opt/ros/jazzy/bin/ros2 launch nav2_bringup bringup_launch.py map:=/oomwoo/contributions/compute-benchmark/OsakaTX/scripts/../results/combo/combo_nav2_map.yaml params_file:=/oomwoo/contributions/compute-benchmark/OsakaTX/scripts/nav2_params_bench.yaml use_sim_time:=False autostart:=True slam:=False use_localization:=False"
2026-09-10T18:42:46Z,40,"combo_lifelong_devref",182612,"component_conta",16.6,140428,125477,"/opt/ros/jazzy/lib/rclcpp_components/component_container_isolated --ros-args --log-level info --ros-args -r __node:=nav2_container --params-file /tmp/launch_params_ljf44bln --params-file /tmp/launch_params_tdq1tqu6 -r /tf:=tf -r /tf_static:=tf_static"
2026-09-10T18:42:46Z,40,"combo_lifelong_devref",182663,"python3",96.6,92032,65499,"python3 /oomwoo/contributions/compute-benchmark/OsakaTX/scripts/nav_goal_sender.py --x 4.0 --y 4.0 --yaw 0.0 --repeat 0 --pause 1"
2026-09-10T18:42:46Z,40,"combo_lifelong_devref",182729,"bash",0.6,4476,1194,"bash /oomwoo/contributions/compute-benchmark/xbattlax/scripts/measure_ros_processes.sh --pattern python3|ros2|slam|nav2|component_container|nav_goal_sender --duration 230 --interval 2 --label combo_lifelong_devref --output /oomwoo/contributions/compute-benchmark/OsakaTX/scripts/../results/combo/combo_lifelong_devref_20260910T184017Z.csv"
2026-09-10T18:42:48Z,41,"combo_lifelong_devref",139327,"python3",0.1,73272,48022,"/usr/bin/python3 -c from ros2cli.daemon.daemonize import main; main() --name ros2-daemon --ros-domain-id 0 --rmw-implementation rmw_fastrtps_cpp"
2026-09-10T18:42:48Z,41,"combo_lifelong_devref",182523,"bash",0.0,4000,1112,"bash -c source /opt/ros/jazzy/setup.bash && bash /oomwoo/contributions/compute-benchmark/OsakaTX/scripts/run_nav2_slam_combo_bench.sh --mode lifelong --label combo_lifelong_devref --duration 240 --outdir /oomwoo/contributions/compute-benchmark/OsakaTX/results > /oomwoo/contributions/compute-benchmark/OsakaTX/results/combo/combo_lifelong_driver.log 2>&1"
2026-09-10T18:42:48Z,41,"combo_lifelong_devref",182536,"bash",0.0,3832,943,"bash /oomwoo/contributions/compute-benchmark/OsakaTX/scripts/run_nav2_slam_combo_bench.sh --mode lifelong --label combo_lifelong_devref --duration 240 --outdir /oomwoo/contributions/compute-benchmark/OsakaTX/results"
2026-09-10T18:42:48Z,41,"combo_lifelong_devref",182575,"python3",6.6,74708,49009,"python3 /oomwoo/contributions/compute-benchmark/OsakaTX/scripts/synthetic_scan_publisher.py --duration 340 --loop-s 40 --hz 5.0"
2026-09-10T18:42:48Z,41,"combo_lifelong_devref",182592,"ros2",9.9,81516,56248,"/usr/bin/python3 /opt/ros/jazzy/bin/ros2 launch nav2_bringup bringup_launch.py map:=/oomwoo/contributions/compute-benchmark/OsakaTX/scripts/../results/combo/combo_nav2_map.yaml params_file:=/oomwoo/contributions/compute-benchmark/OsakaTX/scripts/nav2_params_bench.yaml use_sim_time:=False autostart:=True slam:=False use_localization:=False"
2026-09-10T18:42:48Z,41,"combo_lifelong_devref",182612,"component_conta",16.6,140428,125475,"/opt/ros/jazzy/lib/rclcpp_components/component_container_isolated --ros-args --log-level info --ros-args -r __node:=nav2_container --params-file /tmp/launch_params_ljf44bln --params-file /tmp/launch_params_tdq1tqu6 -r /tf:=tf -r /tf_static:=tf_static"
2026-09-10T18:42:48Z,41,"combo_lifelong_devref",182663,"python3",96.7,92232,65699,"python3 /oomwoo/contributions/compute-benchmark/OsakaTX/scripts/nav_goal_sender.py --x 4.0 --y 4.0 --yaw 0.0 --repeat 0 --pause 1"
2026-09-10T18:42:48Z,41,"combo_lifelong_devref",182729,"bash",0.6,4476,1193,"bash /oomwoo/contributions/compute-benchmark/xbattlax/scripts/measure_ros_processes.sh --pattern python3|ros2|slam|nav2|component_container|nav_goal_sender --duration 230 --interval 2 --label combo_lifelong_devref --output /oomwoo/contributions/compute-benchmark/OsakaTX/scripts/../results/combo/combo_lifelong_devref_20260910T184017Z.csv"
2026-09-10T18:42:50Z,42,"combo_lifelong_devref",139327,"python3",0.1,73272,48022,"/usr/bin/python3 -c from ros2cli.daemon.daemonize import main; main() --name ros2-daemon --ros-domain-id 0 --rmw-implementation rmw_fastrtps_cpp"
2026-09-10T18:42:50Z,42,"combo_lifelong_devref",182523,"bash",0.0,4000,1112,"bash -c source /opt/ros/jazzy/setup.bash && bash /oomwoo/contributions/compute-benchmark/OsakaTX/scripts/run_nav2_slam_combo_bench.sh --mode lifelong --label combo_lifelong_devref --duration 240 --outdir /oomwoo/contributions/compute-benchmark/OsakaTX/results > /oomwoo/contributions/compute-benchmark/OsakaTX/results/combo/combo_lifelong_driver.log 2>&1"
2026-09-10T18:42:50Z,42,"combo_lifelong_devref",182536,"bash",0.0,3832,944,"bash /oomwoo/contributions/compute-benchmark/OsakaTX/scripts/run_nav2_slam_combo_bench.sh --mode lifelong --label combo_lifelong_devref --duration 240 --outdir /oomwoo/contributions/compute-benchmark/OsakaTX/results"
2026-09-10T18:42:50Z,42,"combo_lifelong_devref",182575,"python3",6.6,74708,49004,"python3 /oomwoo/contributions/compute-benchmark/OsakaTX/scripts/synthetic_scan_publisher.py --duration 340 --loop-s 40 --hz 5.0"
2026-09-10T18:42:50Z,42,"combo_lifelong_devref",182592,"ros2",10.0,81516,56249,"/usr/bin/python3 /opt/ros/jazzy/bin/ros2 launch nav2_bringup bringup_launch.py map:=/oomwoo/contributions/compute-benchmark/OsakaTX/scripts/../results/combo/combo_nav2_map.yaml params_file:=/oomwoo/contributions/compute-benchmark/OsakaTX/scripts/nav2_params_bench.yaml use_sim_time:=False autostart:=True slam:=False use_localization:=False"
2026-09-10T18:42:50Z,42,"combo_lifelong_devref",182612,"component_conta",16.6,140428,125477,"/opt/ros/jazzy/lib/rclcpp_components/component_container_isolated --ros-args --log-level info --ros-args -r __node:=nav2_container --params-file /tmp/launch_params_ljf44bln --params-file /tmp/launch_params_tdq1tqu6 -r /tf:=tf -r /tf_static:=tf_static"
2026-09-10T18:42:50Z,42,"combo_lifelong_devref",182663,"python3",96.8,92412,65879,"python3 /oomwoo/contributions/compute-benchmark/OsakaTX/scripts/nav_goal_sender.py --x 4.0 --y 4.0 --yaw 0.0 --repeat 0 --pause 1"
2026-09-10T18:42:50Z,42,"combo_lifelong_devref",182729,"bash",0.6,4476,1194,"bash /oomwoo/contributions/compute-benchmark/xbattlax/scripts/measure_ros_processes.sh --pattern python3|ros2|slam|nav2|component_container|nav_goal_sender --duration 230 --interval 2 --label combo_lifelong_devref --output /oomwoo/contributions/compute-benchmark/OsakaTX/scripts/../results/combo/combo_lifelong_devref_20260910T184017Z.csv"
2026-09-10T18:42:53Z,43,"combo_lifelong_devref",139327,"python3",0.1,73272,48022,"/usr/bin/python3 -c from ros2cli.daemon.daemonize import main; main() --name ros2-daemon --ros-domain-id 0 --rmw-implementation rmw_fastrtps_cpp"
2026-09-10T18:42:53Z,43,"combo_lifelong_devref",182523,"bash",0.0,4000,1111,"bash -c source /opt/ros/jazzy/setup.bash && bash /oomwoo/contributions/compute-benchmark/OsakaTX/scripts/run_nav2_slam_combo_bench.sh --mode lifelong --label combo_lifelong_devref --duration 240 --outdir /oomwoo/contributions/compute-benchmark/OsakaTX/results > /oomwoo/contributions/compute-benchmark/OsakaTX/results/combo/combo_lifelong_driver.log 2>&1"
2026-09-10T18:42:53Z,43,"combo_lifelong_devref",182536,"bash",0.0,3832,944,"bash /oomwoo/contributions/compute-benchmark/OsakaTX/scripts/run_nav2_slam_combo_bench.sh --mode lifelong --label combo_lifelong_devref --duration 240 --outdir /oomwoo/contributions/compute-benchmark/OsakaTX/results"
2026-09-10T18:42:53Z,43,"combo_lifelong_devref",182575,"python3",6.6,74708,49002,"python3 /oomwoo/contributions/compute-benchmark/OsakaTX/scripts/synthetic_scan_publisher.py --duration 340 --loop-s 40 --hz 5.0"
2026-09-10T18:42:53Z,43,"combo_lifelong_devref",182592,"ros2",10.0,81516,56243,"/usr/bin/python3 /opt/ros/jazzy/bin/ros2 launch nav2_bringup bringup_launch.py map:=/oomwoo/contributions/compute-benchmark/OsakaTX/scripts/../results/combo/combo_nav2_map.yaml params_file:=/oomwoo/contributions/compute-benchmark/OsakaTX/scripts/nav2_params_bench.yaml use_sim_time:=False autostart:=True slam:=False use_localization:=False"
2026-09-10T18:42:53Z,43,"combo_lifelong_devref",182612,"component_conta",16.7,140428,125478,"/opt/ros/jazzy/lib/rclcpp_components/component_container_isolated --ros-args --log-level info --ros-args -r __node:=nav2_container --params-file /tmp/launch_params_ljf44bln --params-file /tmp/launch_params_tdq1tqu6 -r /tf:=tf -r /tf_static:=tf_static"
2026-09-10T18:42:53Z,43,"combo_lifelong_devref",182663,"python3",96.9,92576,66042,"python3 /oomwoo/contributions/compute-benchmark/OsakaTX/scripts/nav_goal_sender.py --x 4.0 --y 4.0 --yaw 0.0 --repeat 0 --pause 1"
2026-09-10T18:42:53Z,43,"combo_lifelong_devref",182729,"bash",0.6,4476,1191,"bash /oomwoo/contributions/compute-benchmark/xbattlax/scripts/measure_ros_processes.sh --pattern python3|ros2|slam|nav2|component_container|nav_goal_sender --duration 230 --interval 2 --label combo_lifelong_devref --output /oomwoo/contributions/compute-benchmark/OsakaTX/scripts/../results/combo/combo_lifelong_devref_20260910T184017Z.csv"
2026-09-10T18:42:55Z,44,"combo_lifelong_devref",139327,"python3",0.1,73272,48020,"/usr/bin/python3 -c from ros2cli.daemon.daemonize import main; main() --name ros2-daemon --ros-domain-id 0 --rmw-implementation rmw_fastrtps_cpp"
2026-09-10T18:42:55Z,44,"combo_lifelong_devref",182523,"bash",0.0,4000,1112,"bash -c source /opt/ros/jazzy/setup.bash && bash /oomwoo/contributions/compute-benchmark/OsakaTX/scripts/run_nav2_slam_combo_bench.sh --mode lifelong --label combo_lifelong_devref --duration 240 --outdir /oomwoo/contributions/compute-benchmark/OsakaTX/results > /oomwoo/contributions/compute-benchmark/OsakaTX/results/combo/combo_lifelong_driver.log 2>&1"
2026-09-10T18:42:55Z,44,"combo_lifelong_devref",182536,"bash",0.0,3832,943,"bash /oomwoo/contributions/compute-benchmark/OsakaTX/scripts/run_nav2_slam_combo_bench.sh --mode lifelong --label combo_lifelong_devref --duration 240 --outdir /oomwoo/contributions/compute-benchmark/OsakaTX/results"
2026-09-10T18:42:55Z,44,"combo_lifelong_devref",182575,"python3",6.6,74708,49000,"python3 /oomwoo/contributions/compute-benchmark/OsakaTX/scripts/synthetic_scan_publisher.py --duration 340 --loop-s 40 --hz 5.0"
2026-09-10T18:42:55Z,44,"combo_lifelong_devref",182592,"ros2",10.1,81516,56248,"/usr/bin/python3 /opt/ros/jazzy/bin/ros2 launch nav2_bringup bringup_launch.py map:=/oomwoo/contributions/compute-benchmark/OsakaTX/scripts/../results/combo/combo_nav2_map.yaml params_file:=/oomwoo/contributions/compute-benchmark/OsakaTX/scripts/nav2_params_bench.yaml use_sim_time:=False autostart:=True slam:=False use_localization:=False"
2026-09-10T18:42:55Z,44,"combo_lifelong_devref",182612,"component_conta",16.7,140428,125478,"/opt/ros/jazzy/lib/rclcpp_components/component_container_isolated --ros-args --log-level info --ros-args -r __node:=nav2_container --params-file /tmp/launch_params_ljf44bln --params-file /tmp/launch_params_tdq1tqu6 -r /tf:=tf -r /tf_static:=tf_static"
2026-09-10T18:42:55Z,44,"combo_lifelong_devref",182663,"python3",96.9,92760,66224,"python3 /oomwoo/contributions/compute-benchmark/OsakaTX/scripts/nav_goal_sender.py --x 4.0 --y 4.0 --yaw 0.0 --repeat 0 --pause 1"
2026-09-10T18:42:55Z,44,"combo_lifelong_devref",182729,"bash",0.6,4476,1194,"bash /oomwoo/contributions/compute-benchmark/xbattlax/scripts/measure_ros_processes.sh --pattern python3|ros2|slam|nav2|component_container|nav_goal_sender --duration 230 --interval 2 --label combo_lifelong_devref --output /oomwoo/contributions/compute-benchmark/OsakaTX/scripts/../results/combo/combo_lifelong_devref_20260910T184017Z.csv"
2026-09-10T18:42:57Z,45,"combo_lifelong_devref",139327,"python3",0.1,73272,48020,"/usr/bin/python3 -c from ros2cli.daemon.daemonize import main; main() --name ros2-daemon --ros-domain-id 0 --rmw-implementation rmw_fastrtps_cpp"
2026-09-10T18:42:57Z,45,"combo_lifelong_devref",182523,"bash",0.0,4000,1111,"bash -c source /opt/ros/jazzy/setup.bash && bash /oomwoo/contributions/compute-benchmark/OsakaTX/scripts/run_nav2_slam_combo_bench.sh --mode lifelong --label combo_lifelong_devref --duration 240 --outdir /oomwoo/contributions/compute-benchmark/OsakaTX/results > /oomwoo/contributions/compute-benchmark/OsakaTX/results/combo/combo_lifelong_driver.log 2>&1"
2026-09-10T18:42:57Z,45,"combo_lifelong_devref",182536,"bash",0.0,3832,946,"bash /oomwoo/contributions/compute-benchmark/OsakaTX/scripts/run_nav2_slam_combo_bench.sh --mode lifelong --label combo_lifelong_devref --duration 240 --outdir /oomwoo/contributions/compute-benchmark/OsakaTX/results"
2026-09-10T18:42:57Z,45,"combo_lifelong_devref",182575,"python3",6.6,74708,49010,"python3 /oomwoo/contributions/compute-benchmark/OsakaTX/scripts/synthetic_scan_publisher.py --duration 340 --loop-s 40 --hz 5.0"
2026-09-10T18:42:57Z,45,"combo_lifelong_devref",182592,"ros2",10.1,81516,56249,"/usr/bin/python3 /opt/ros/jazzy/bin/ros2 launch nav2_bringup bringup_launch.py map:=/oomwoo/contributions/compute-benchmark/OsakaTX/scripts/../results/combo/combo_nav2_map.yaml params_file:=/oomwoo/contributions/compute-benchmark/OsakaTX/scripts/nav2_params_bench.yaml use_sim_time:=False autostart:=True slam:=False use_localization:=False"
2026-09-10T18:42:57Z,45,"combo_lifelong_devref",182612,"component_conta",16.7,140428,125476,"/opt/ros/jazzy/lib/rclcpp_components/component_container_isolated --ros-args --log-level info --ros-args -r __node:=nav2_container --params-file /tmp/launch_params_ljf44bln --params-file /tmp/launch_params_tdq1tqu6 -r /tf:=tf -r /tf_static:=tf_static"
2026-09-10T18:42:57Z,45,"combo_lifelong_devref",182663,"python3",97.0,92940,66406,"python3 /oomwoo/contributions/compute-benchmark/OsakaTX/scripts/nav_goal_sender.py --x 4.0 --y 4.0 --yaw 0.0 --repeat 0 --pause 1"
2026-09-10T18:42:57Z,45,"combo_lifelong_devref",182729,"bash",0.6,4476,1192,"bash /oomwoo/contributions/compute-benchmark/xbattlax/scripts/measure_ros_processes.sh --pattern python3|ros2|slam|nav2|component_container|nav_goal_sender --duration 230 --interval 2 --label combo_lifelong_devref --output /oomwoo/contributions/compute-benchmark/OsakaTX/scripts/../results/combo/combo_lifelong_devref_20260910T184017Z.csv"
2026-09-10T18:42:59Z,46,"combo_lifelong_devref",139327,"python3",0.1,73272,48018,"/usr/bin/python3 -c from ros2cli.daemon.daemonize import main; main() --name ros2-daemon --ros-domain-id 0 --rmw-implementation rmw_fastrtps_cpp"
2026-09-10T18:42:59Z,46,"combo_lifelong_devref",182523,"bash",0.0,4000,1112,"bash -c source /opt/ros/jazzy/setup.bash && bash /oomwoo/contributions/compute-benchmark/OsakaTX/scripts/run_nav2_slam_combo_bench.sh --mode lifelong --label combo_lifelong_devref --duration 240 --outdir /oomwoo/contributions/compute-benchmark/OsakaTX/results > /oomwoo/contributions/compute-benchmark/OsakaTX/results/combo/combo_lifelong_driver.log 2>&1"
2026-09-10T18:42:59Z,46,"combo_lifelong_devref",182536,"bash",0.0,3832,943,"bash /oomwoo/contributions/compute-benchmark/OsakaTX/scripts/run_nav2_slam_combo_bench.sh --mode lifelong --label combo_lifelong_devref --duration 240 --outdir /oomwoo/contributions/compute-benchmark/OsakaTX/results"
2026-09-10T18:42:59Z,46,"combo_lifelong_devref",182575,"python3",6.6,74708,49010,"python3 /oomwoo/contributions/compute-benchmark/OsakaTX/scripts/synthetic_scan_publisher.py --duration 340 --loop-s 40 --hz 5.0"
2026-09-10T18:42:59Z,46,"combo_lifelong_devref",182592,"ros2",10.1,81516,56248,"/usr/bin/python3 /opt/ros/jazzy/bin/ros2 launch nav2_bringup bringup_launch.py map:=/oomwoo/contributions/compute-benchmark/OsakaTX/scripts/../results/combo/combo_nav2_map.yaml params_file:=/oomwoo/contributions/compute-benchmark/OsakaTX/scripts/nav2_params_bench.yaml use_sim_time:=False autostart:=True slam:=False use_localization:=False"
2026-09-10T18:42:59Z,46,"combo_lifelong_devref",182612,"component_conta",16.8,140428,125478,"/opt/ros/jazzy/lib/rclcpp_components/component_container_isolated --ros-args --log-level info --ros-args -r __node:=nav2_container --params-file /tmp/launch_params_ljf44bln --params-file /tmp/launch_params_tdq1tqu6 -r /tf:=tf -r /tf_static:=tf_static"
2026-09-10T18:42:59Z,46,"combo_lifelong_devref",182663,"python3",96.9,93096,66563,"python3 /oomwoo/contributions/compute-benchmark/OsakaTX/scripts/nav_goal_sender.py --x 4.0 --y 4.0 --yaw 0.0 --repeat 0 --pause 1"
2026-09-10T18:42:59Z,46,"combo_lifelong_devref",182729,"bash",0.6,4476,1191,"bash /oomwoo/contributions/compute-benchmark/xbattlax/scripts/measure_ros_processes.sh --pattern python3|ros2|slam|nav2|component_container|nav_goal_sender --duration 230 --interval 2 --label combo_lifelong_devref --output /oomwoo/contributions/compute-benchmark/OsakaTX/scripts/../results/combo/combo_lifelong_devref_20260910T184017Z.csv"
2026-09-10T18:43:02Z,47,"combo_lifelong_devref",139327,"python3",0.1,73272,48020,"/usr/bin/python3 -c from ros2cli.daemon.daemonize import main; main() --name ros2-daemon --ros-domain-id 0 --rmw-implementation rmw_fastrtps_cpp"
2026-09-10T18:43:02Z,47,"combo_lifelong_devref",182523,"bash",0.0,4000,1111,"bash -c source /opt/ros/jazzy/setup.bash && bash /oomwoo/contributions/compute-benchmark/OsakaTX/scripts/run_nav2_slam_combo_bench.sh --mode lifelong --label combo_lifelong_devref --duration 240 --outdir /oomwoo/contributions/compute-benchmark/OsakaTX/results > /oomwoo/contributions/compute-benchmark/OsakaTX/results/combo/combo_lifelong_driver.log 2>&1"
2026-09-10T18:43:02Z,47,"combo_lifelong_devref",182536,"bash",0.0,3832,945,"bash /oomwoo/contributions/compute-benchmark/OsakaTX/scripts/run_nav2_slam_combo_bench.sh --mode lifelong --label combo_lifelong_devref --duration 240 --outdir /oomwoo/contributions/compute-benchmark/OsakaTX/results"
2026-09-10T18:43:02Z,47,"combo_lifelong_devref",182575,"python3",6.6,74708,49009,"python3 /oomwoo/contributions/compute-benchmark/OsakaTX/scripts/synthetic_scan_publisher.py --duration 340 --loop-s 40 --hz 5.0"
2026-09-10T18:43:02Z,47,"combo_lifelong_devref",182592,"ros2",10.2,81516,56251,"/usr/bin/python3 /opt/ros/jazzy/bin/ros2 launch nav2_bringup bringup_launch.py map:=/oomwoo/contributions/compute-benchmark/OsakaTX/scripts/../results/combo/combo_nav2_map.yaml params_file:=/oomwoo/contributions/compute-benchmark/OsakaTX/scripts/nav2_params_bench.yaml use_sim_time:=False autostart:=True slam:=False use_localization:=False"
2026-09-10T18:43:02Z,47,"combo_lifelong_devref",182612,"component_conta",16.8,140428,125476,"/opt/ros/jazzy/lib/rclcpp_components/component_container_isolated --ros-args --log-level info --ros-args -r __node:=nav2_container --params-file /tmp/launch_params_ljf44bln --params-file /tmp/launch_params_tdq1tqu6 -r /tf:=tf -r /tf_static:=tf_static"
2026-09-10T18:43:02Z,47,"combo_lifelong_devref",182663,"python3",97.0,93276,66742,"python3 /oomwoo/contributions/compute-benchmark/OsakaTX/scripts/nav_goal_sender.py --x 4.0 --y 4.0 --yaw 0.0 --repeat 0 --pause 1"
2026-09-10T18:43:02Z,47,"combo_lifelong_devref",182729,"bash",0.6,4476,1193,"bash /oomwoo/contributions/compute-benchmark/xbattlax/scripts/measure_ros_processes.sh --pattern python3|ros2|slam|nav2|component_container|nav_goal_sender --duration 230 --interval 2 --label combo_lifelong_devref --output /oomwoo/contributions/compute-benchmark/OsakaTX/scripts/../results/combo/combo_lifelong_devref_20260910T184017Z.csv"
2026-09-10T18:43:04Z,48,"combo_lifelong_devref",139327,"python3",0.1,73272,48020,"/usr/bin/python3 -c from ros2cli.daemon.daemonize import main; main() --name ros2-daemon --ros-domain-id 0 --rmw-implementation rmw_fastrtps_cpp"
2026-09-10T18:43:04Z,48,"combo_lifelong_devref",182523,"bash",0.0,4000,1112,"bash -c source /opt/ros/jazzy/setup.bash && bash /oomwoo/contributions/compute-benchmark/OsakaTX/scripts/run_nav2_slam_combo_bench.sh --mode lifelong --label combo_lifelong_devref --duration 240 --outdir /oomwoo/contributions/compute-benchmark/OsakaTX/results > /oomwoo/contributions/compute-benchmark/OsakaTX/results/combo/combo_lifelong_driver.log 2>&1"
2026-09-10T18:43:04Z,48,"combo_lifelong_devref",182536,"bash",0.0,3832,945,"bash /oomwoo/contributions/compute-benchmark/OsakaTX/scripts/run_nav2_slam_combo_bench.sh --mode lifelong --label combo_lifelong_devref --duration 240 --outdir /oomwoo/contributions/compute-benchmark/OsakaTX/results"
2026-09-10T18:43:04Z,48,"combo_lifelong_devref",182575,"python3",6.6,74708,49009,"python3 /oomwoo/contributions/compute-benchmark/OsakaTX/scripts/synthetic_scan_publisher.py --duration 340 --loop-s 40 --hz 5.0"
2026-09-10T18:43:04Z,48,"combo_lifelong_devref",182592,"ros2",10.2,81516,56248,"/usr/bin/python3 /opt/ros/jazzy/bin/ros2 launch nav2_bringup bringup_launch.py map:=/oomwoo/contributions/compute-benchmark/OsakaTX/scripts/../results/combo/combo_nav2_map.yaml params_file:=/oomwoo/contributions/compute-benchmark/OsakaTX/scripts/nav2_params_bench.yaml use_sim_time:=False autostart:=True slam:=False use_localization:=False"
2026-09-10T18:43:04Z,48,"combo_lifelong_devref",182612,"component_conta",16.8,140428,125477,"/opt/ros/jazzy/lib/rclcpp_components/component_container_isolated --ros-args --log-level info --ros-args -r __node:=nav2_container --params-file /tmp/launch_params_ljf44bln --params-file /tmp/launch_params_tdq1tqu6 -r /tf:=tf -r /tf_static:=tf_static"
2026-09-10T18:43:04Z,48,"combo_lifelong_devref",182663,"python3",97.0,93460,66926,"python3 /oomwoo/contributions/compute-benchmark/OsakaTX/scripts/nav_goal_sender.py --x 4.0 --y 4.0 --yaw 0.0 --repeat 0 --pause 1"
2026-09-10T18:43:04Z,48,"combo_lifelong_devref",182729,"bash",0.6,4476,1192,"bash /oomwoo/contributions/compute-benchmark/xbattlax/scripts/measure_ros_processes.sh --pattern python3|ros2|slam|nav2|component_container|nav_goal_sender --duration 230 --interval 2 --label combo_lifelong_devref --output /oomwoo/contributions/compute-benchmark/OsakaTX/scripts/../results/combo/combo_lifelong_devref_20260910T184017Z.csv"
2026-09-10T18:43:06Z,49,"combo_lifelong_devref",139327,"python3",0.1,73272,48020,"/usr/bin/python3 -c from ros2cli.daemon.daemonize import main; main() --name ros2-daemon --ros-domain-id 0 --rmw-implementation rmw_fastrtps_cpp"
2026-09-10T18:43:06Z,49,"combo_lifelong_devref",182523,"bash",0.0,4000,1113,"bash -c source /opt/ros/jazzy/setup.bash && bash /oomwoo/contributions/compute-benchmark/OsakaTX/scripts/run_nav2_slam_combo_bench.sh --mode lifelong --label combo_lifelong_devref --duration 240 --outdir /oomwoo/contributions/compute-benchmark/OsakaTX/results > /oomwoo/contributions/compute-benchmark/OsakaTX/results/combo/combo_lifelong_driver.log 2>&1"
2026-09-10T18:43:06Z,49,"combo_lifelong_devref",182536,"bash",0.0,3832,944,"bash /oomwoo/contributions/compute-benchmark/OsakaTX/scripts/run_nav2_slam_combo_bench.sh --mode lifelong --label combo_lifelong_devref --duration 240 --outdir /oomwoo/contributions/compute-benchmark/OsakaTX/results"
2026-09-10T18:43:06Z,49,"combo_lifelong_devref",182575,"python3",6.6,74708,49009,"python3 /oomwoo/contributions/compute-benchmark/OsakaTX/scripts/synthetic_scan_publisher.py --duration 340 --loop-s 40 --hz 5.0"
2026-09-10T18:43:06Z,49,"combo_lifelong_devref",182592,"ros2",10.3,81516,56249,"/usr/bin/python3 /opt/ros/jazzy/bin/ros2 launch nav2_bringup bringup_launch.py map:=/oomwoo/contributions/compute-benchmark/OsakaTX/scripts/../results/combo/combo_nav2_map.yaml params_file:=/oomwoo/contributions/compute-benchmark/OsakaTX/scripts/nav2_params_bench.yaml use_sim_time:=False autostart:=True slam:=False use_localization:=False"
2026-09-10T18:43:06Z,49,"combo_lifelong_devref",182612,"component_conta",16.9,140428,125475,"/opt/ros/jazzy/lib/rclcpp_components/component_container_isolated --ros-args --log-level info --ros-args -r __node:=nav2_container --params-file /tmp/launch_params_ljf44bln --params-file /tmp/launch_params_tdq1tqu6 -r /tf:=tf -r /tf_static:=tf_static"
2026-09-10T18:43:06Z,49,"combo_lifelong_devref",182663,"python3",97.0,93616,67084,"python3 /oomwoo/contributions/compute-benchmark/OsakaTX/scripts/nav_goal_sender.py --x 4.0 --y 4.0 --yaw 0.0 --repeat 0 --pause 1"
2026-09-10T18:43:06Z,49,"combo_lifelong_devref",182729,"bash",0.6,4476,1193,"bash /oomwoo/contributions/compute-benchmark/xbattlax/scripts/measure_ros_processes.sh --pattern python3|ros2|slam|nav2|component_container|nav_goal_sender --duration 230 --interval 2 --label combo_lifelong_devref --output /oomwoo/contributions/compute-benchmark/OsakaTX/scripts/../results/combo/combo_lifelong_devref_20260910T184017Z.csv"
2026-09-10T18:43:08Z,50,"combo_lifelong_devref",139327,"python3",0.1,73272,48020,"/usr/bin/python3 -c from ros2cli.daemon.daemonize import main; main() --name ros2-daemon --ros-domain-id 0 --rmw-implementation rmw_fastrtps_cpp"
2026-09-10T18:43:08Z,50,"combo_lifelong_devref",182523,"bash",0.0,4000,1112,"bash -c source /opt/ros/jazzy/setup.bash && bash /oomwoo/contributions/compute-benchmark/OsakaTX/scripts/run_nav2_slam_combo_bench.sh --mode lifelong --label combo_lifelong_devref --duration 240 --outdir /oomwoo/contributions/compute-benchmark/OsakaTX/results > /oomwoo/contributions/compute-benchmark/OsakaTX/results/combo/combo_lifelong_driver.log 2>&1"
2026-09-10T18:43:08Z,50,"combo_lifelong_devref",182536,"bash",0.0,3832,945,"bash /oomwoo/contributions/compute-benchmark/OsakaTX/scripts/run_nav2_slam_combo_bench.sh --mode lifelong --label combo_lifelong_devref --duration 240 --outdir /oomwoo/contributions/compute-benchmark/OsakaTX/results"
2026-09-10T18:43:08Z,50,"combo_lifelong_devref",182575,"python3",6.6,74708,49010,"python3 /oomwoo/contributions/compute-benchmark/OsakaTX/scripts/synthetic_scan_publisher.py --duration 340 --loop-s 40 --hz 5.0"
2026-09-10T18:43:08Z,50,"combo_lifelong_devref",182592,"ros2",10.3,81516,56249,"/usr/bin/python3 /opt/ros/jazzy/bin/ros2 launch nav2_bringup bringup_launch.py map:=/oomwoo/contributions/compute-benchmark/OsakaTX/scripts/../results/combo/combo_nav2_map.yaml params_file:=/oomwoo/contributions/compute-benchmark/OsakaTX/scripts/nav2_params_bench.yaml use_sim_time:=False autostart:=True slam:=False use_localization:=False"
2026-09-10T18:43:08Z,50,"combo_lifelong_devref",182612,"component_conta",16.9,140428,125478,"/opt/ros/jazzy/lib/rclcpp_components/component_container_isolated --ros-args --log-level info --ros-args -r __node:=nav2_container --params-file /tmp/launch_params_ljf44bln --params-file /tmp/launch_params_tdq1tqu6 -r /tf:=tf -r /tf_static:=tf_static"
2026-09-10T18:43:08Z,50,"combo_lifelong_devref",182663,"python3",97.1,93808,67275,"python3 /oomwoo/contributions/compute-benchmark/OsakaTX/scripts/nav_goal_sender.py --x 4.0 --y 4.0 --yaw 0.0 --repeat 0 --pause 1"
2026-09-10T18:43:08Z,50,"combo_lifelong_devref",182729,"bash",0.6,4476,1191,"bash /oomwoo/contributions/compute-benchmark/xbattlax/scripts/measure_ros_processes.sh --pattern python3|ros2|slam|nav2|component_container|nav_goal_sender --duration 230 --interval 2 --label combo_lifelong_devref --output /oomwoo/contributions/compute-benchmark/OsakaTX/scripts/../results/combo/combo_lifelong_devref_20260910T184017Z.csv"
2026-09-10T18:43:11Z,51,"combo_lifelong_devref",139327,"python3",0.1,73272,48020,"/usr/bin/python3 -c from ros2cli.daemon.daemonize import main; main() --name ros2-daemon --ros-domain-id 0 --rmw-implementation rmw_fastrtps_cpp"
2026-09-10T18:43:11Z,51,"combo_lifelong_devref",182523,"bash",0.0,4000,1113,"bash -c source /opt/ros/jazzy/setup.bash && bash /oomwoo/contributions/compute-benchmark/OsakaTX/scripts/run_nav2_slam_combo_bench.sh --mode lifelong --label combo_lifelong_devref --duration 240 --outdir /oomwoo/contributions/compute-benchmark/OsakaTX/results > /oomwoo/contributions/compute-benchmark/OsakaTX/results/combo/combo_lifelong_driver.log 2>&1"
2026-09-10T18:43:11Z,51,"combo_lifelong_devref",182536,"bash",0.0,3832,943,"bash /oomwoo/contributions/compute-benchmark/OsakaTX/scripts/run_nav2_slam_combo_bench.sh --mode lifelong --label combo_lifelong_devref --duration 240 --outdir /oomwoo/contributions/compute-benchmark/OsakaTX/results"
2026-09-10T18:43:11Z,51,"combo_lifelong_devref",182575,"python3",6.5,74708,49010,"python3 /oomwoo/contributions/compute-benchmark/OsakaTX/scripts/synthetic_scan_publisher.py --duration 340 --loop-s 40 --hz 5.0"
2026-09-10T18:43:11Z,51,"combo_lifelong_devref",182592,"ros2",10.4,81516,56249,"/usr/bin/python3 /opt/ros/jazzy/bin/ros2 launch nav2_bringup bringup_launch.py map:=/oomwoo/contributions/compute-benchmark/OsakaTX/scripts/../results/combo/combo_nav2_map.yaml params_file:=/oomwoo/contributions/compute-benchmark/OsakaTX/scripts/nav2_params_bench.yaml use_sim_time:=False autostart:=True slam:=False use_localization:=False"
2026-09-10T18:43:11Z,51,"combo_lifelong_devref",182612,"component_conta",16.9,140428,125478,"/opt/ros/jazzy/lib/rclcpp_components/component_container_isolated --ros-args --log-level info --ros-args -r __node:=nav2_container --params-file /tmp/launch_params_ljf44bln --params-file /tmp/launch_params_tdq1tqu6 -r /tf:=tf -r /tf_static:=tf_static"
2026-09-10T18:43:11Z,51,"combo_lifelong_devref",182663,"python3",97.2,94000,67467,"python3 /oomwoo/contributions/compute-benchmark/OsakaTX/scripts/nav_goal_sender.py --x 4.0 --y 4.0 --yaw 0.0 --repeat 0 --pause 1"
2026-09-10T18:43:11Z,51,"combo_lifelong_devref",182729,"bash",0.6,4476,1193,"bash /oomwoo/contributions/compute-benchmark/xbattlax/scripts/measure_ros_processes.sh --pattern python3|ros2|slam|nav2|component_container|nav_goal_sender --duration 230 --interval 2 --label combo_lifelong_devref --output /oomwoo/contributions/compute-benchmark/OsakaTX/scripts/../results/combo/combo_lifelong_devref_20260910T184017Z.csv"
2026-09-10T18:43:13Z,52,"combo_lifelong_devref",139327,"python3",0.1,73272,48022,"/usr/bin/python3 -c from ros2cli.daemon.daemonize import main; main() --name ros2-daemon --ros-domain-id 0 --rmw-implementation rmw_fastrtps_cpp"
2026-09-10T18:43:13Z,52,"combo_lifelong_devref",182523,"bash",0.0,4000,1111,"bash -c source /opt/ros/jazzy/setup.bash && bash /oomwoo/contributions/compute-benchmark/OsakaTX/scripts/run_nav2_slam_combo_bench.sh --mode lifelong --label combo_lifelong_devref --duration 240 --outdir /oomwoo/contributions/compute-benchmark/OsakaTX/results > /oomwoo/contributions/compute-benchmark/OsakaTX/results/combo/combo_lifelong_driver.log 2>&1"
2026-09-10T18:43:13Z,52,"combo_lifelong_devref",182536,"bash",0.0,3832,943,"bash /oomwoo/contributions/compute-benchmark/OsakaTX/scripts/run_nav2_slam_combo_bench.sh --mode lifelong --label combo_lifelong_devref --duration 240 --outdir /oomwoo/contributions/compute-benchmark/OsakaTX/results"
2026-09-10T18:43:13Z,52,"combo_lifelong_devref",182575,"python3",6.5,74708,49000,"python3 /oomwoo/contributions/compute-benchmark/OsakaTX/scripts/synthetic_scan_publisher.py --duration 340 --loop-s 40 --hz 5.0"
2026-09-10T18:43:13Z,52,"combo_lifelong_devref",182592,"ros2",10.4,81516,56243,"/usr/bin/python3 /opt/ros/jazzy/bin/ros2 launch nav2_bringup bringup_launch.py map:=/oomwoo/contributions/compute-benchmark/OsakaTX/scripts/../results/combo/combo_nav2_map.yaml params_file:=/oomwoo/contributions/compute-benchmark/OsakaTX/scripts/nav2_params_bench.yaml use_sim_time:=False autostart:=True slam:=False use_localization:=False"
2026-09-10T18:43:13Z,52,"combo_lifelong_devref",182612,"component_conta",16.9,140428,125478,"/opt/ros/jazzy/lib/rclcpp_components/component_container_isolated --ros-args --log-level info --ros-args -r __node:=nav2_container --params-file /tmp/launch_params_ljf44bln --params-file /tmp/launch_params_tdq1tqu6 -r /tf:=tf -r /tf_static:=tf_static"
2026-09-10T18:43:13Z,52,"combo_lifelong_devref",182663,"python3",97.2,94160,67630,"python3 /oomwoo/contributions/compute-benchmark/OsakaTX/scripts/nav_goal_sender.py --x 4.0 --y 4.0 --yaw 0.0 --repeat 0 --pause 1"
2026-09-10T18:43:13Z,52,"combo_lifelong_devref",182729,"bash",0.6,4476,1195,"bash /oomwoo/contributions/compute-benchmark/xbattlax/scripts/measure_ros_processes.sh --pattern python3|ros2|slam|nav2|component_container|nav_goal_sender --duration 230 --interval 2 --label combo_lifelong_devref --output /oomwoo/contributions/compute-benchmark/OsakaTX/scripts/../results/combo/combo_lifelong_devref_20260910T184017Z.csv"
2026-09-10T18:43:15Z,53,"combo_lifelong_devref",139327,"python3",0.1,73272,48022,"/usr/bin/python3 -c from ros2cli.daemon.daemonize import main; main() --name ros2-daemon --ros-domain-id 0 --rmw-implementation rmw_fastrtps_cpp"
2026-09-10T18:43:15Z,53,"combo_lifelong_devref",182523,"bash",0.0,4000,1114,"bash -c source /opt/ros/jazzy/setup.bash && bash /oomwoo/contributions/compute-benchmark/OsakaTX/scripts/run_nav2_slam_combo_bench.sh --mode lifelong --label combo_lifelong_devref --duration 240 --outdir /oomwoo/contributions/compute-benchmark/OsakaTX/results > /oomwoo/contributions/compute-benchmark/OsakaTX/results/combo/combo_lifelong_driver.log 2>&1"
2026-09-10T18:43:15Z,53,"combo_lifelong_devref",182536,"bash",0.0,3832,944,"bash /oomwoo/contributions/compute-benchmark/OsakaTX/scripts/run_nav2_slam_combo_bench.sh --mode lifelong --label combo_lifelong_devref --duration 240 --outdir /oomwoo/contributions/compute-benchmark/OsakaTX/results"
2026-09-10T18:43:15Z,53,"combo_lifelong_devref",182575,"python3",6.5,74708,49009,"python3 /oomwoo/contributions/compute-benchmark/OsakaTX/scripts/synthetic_scan_publisher.py --duration 340 --loop-s 40 --hz 5.0"
2026-09-10T18:43:15Z,53,"combo_lifelong_devref",182592,"ros2",10.4,81516,56251,"/usr/bin/python3 /opt/ros/jazzy/bin/ros2 launch nav2_bringup bringup_launch.py map:=/oomwoo/contributions/compute-benchmark/OsakaTX/scripts/../results/combo/combo_nav2_map.yaml params_file:=/oomwoo/contributions/compute-benchmark/OsakaTX/scripts/nav2_params_bench.yaml use_sim_time:=False autostart:=True slam:=False use_localization:=False"
2026-09-10T18:43:15Z,53,"combo_lifelong_devref",182612,"component_conta",17.0,140428,125477,"/opt/ros/jazzy/lib/rclcpp_components/component_container_isolated --ros-args --log-level info --ros-args -r __node:=nav2_container --params-file /tmp/launch_params_ljf44bln --params-file /tmp/launch_params_tdq1tqu6 -r /tf:=tf -r /tf_static:=tf_static"
2026-09-10T18:43:15Z,53,"combo_lifelong_devref",182663,"python3",97.2,94356,67823,"python3 /oomwoo/contributions/compute-benchmark/OsakaTX/scripts/nav_goal_sender.py --x 4.0 --y 4.0 --yaw 0.0 --repeat 0 --pause 1"
2026-09-10T18:43:15Z,53,"combo_lifelong_devref",182729,"bash",0.6,4476,1192,"bash /oomwoo/contributions/compute-benchmark/xbattlax/scripts/measure_ros_processes.sh --pattern python3|ros2|slam|nav2|component_container|nav_goal_sender --duration 230 --interval 2 --label combo_lifelong_devref --output /oomwoo/contributions/compute-benchmark/OsakaTX/scripts/../results/combo/combo_lifelong_devref_20260910T184017Z.csv"
2026-09-10T18:43:17Z,54,"combo_lifelong_devref",139327,"python3",0.1,73272,48022,"/usr/bin/python3 -c from ros2cli.daemon.daemonize import main; main() --name ros2-daemon --ros-domain-id 0 --rmw-implementation rmw_fastrtps_cpp"
2026-09-10T18:43:17Z,54,"combo_lifelong_devref",182523,"bash",0.0,4000,1114,"bash -c source /opt/ros/jazzy/setup.bash && bash /oomwoo/contributions/compute-benchmark/OsakaTX/scripts/run_nav2_slam_combo_bench.sh --mode lifelong --label combo_lifelong_devref --duration 240 --outdir /oomwoo/contributions/compute-benchmark/OsakaTX/results > /oomwoo/contributions/compute-benchmark/OsakaTX/results/combo/combo_lifelong_driver.log 2>&1"
2026-09-10T18:43:17Z,54,"combo_lifelong_devref",182536,"bash",0.0,3832,943,"bash /oomwoo/contributions/compute-benchmark/OsakaTX/scripts/run_nav2_slam_combo_bench.sh --mode lifelong --label combo_lifelong_devref --duration 240 --outdir /oomwoo/contributions/compute-benchmark/OsakaTX/results"
2026-09-10T18:43:17Z,54,"combo_lifelong_devref",182575,"python3",6.5,74708,49000,"python3 /oomwoo/contributions/compute-benchmark/OsakaTX/scripts/synthetic_scan_publisher.py --duration 340 --loop-s 40 --hz 5.0"
2026-09-10T18:43:17Z,54,"combo_lifelong_devref",182592,"ros2",10.5,81516,56249,"/usr/bin/python3 /opt/ros/jazzy/bin/ros2 launch nav2_bringup bringup_launch.py map:=/oomwoo/contributions/compute-benchmark/OsakaTX/scripts/../results/combo/combo_nav2_map.yaml params_file:=/oomwoo/contributions/compute-benchmark/OsakaTX/scripts/nav2_params_bench.yaml use_sim_time:=False autostart:=True slam:=False use_localization:=False"
2026-09-10T18:43:17Z,54,"combo_lifelong_devref",182612,"component_conta",17.0,140428,125476,"/opt/ros/jazzy/lib/rclcpp_components/component_container_isolated --ros-args --log-level info --ros-args -r __node:=nav2_container --params-file /tmp/launch_params_ljf44bln --params-file /tmp/launch_params_tdq1tqu6 -r /tf:=tf -r /tf_static:=tf_static"
2026-09-10T18:43:17Z,54,"combo_lifelong_devref",182663,"python3",97.3,94544,68011,"python3 /oomwoo/contributions/compute-benchmark/OsakaTX/scripts/nav_goal_sender.py --x 4.0 --y 4.0 --yaw 0.0 --repeat 0 --pause 1"
2026-09-10T18:43:17Z,54,"combo_lifelong_devref",182729,"bash",0.6,4476,1192,"bash /oomwoo/contributions/compute-benchmark/xbattlax/scripts/measure_ros_processes.sh --pattern python3|ros2|slam|nav2|component_container|nav_goal_sender --duration 230 --interval 2 --label combo_lifelong_devref --output /oomwoo/contributions/compute-benchmark/OsakaTX/scripts/../results/combo/combo_lifelong_devref_20260910T184017Z.csv"
2026-09-10T18:43:20Z,55,"combo_lifelong_devref",139327,"python3",0.1,73272,48020,"/usr/bin/python3 -c from ros2cli.daemon.daemonize import main; main() --name ros2-daemon --ros-domain-id 0 --rmw-implementation rmw_fastrtps_cpp"
2026-09-10T18:43:20Z,55,"combo_lifelong_devref",182523,"bash",0.0,4000,1112,"bash -c source /opt/ros/jazzy/setup.bash && bash /oomwoo/contributions/compute-benchmark/OsakaTX/scripts/run_nav2_slam_combo_bench.sh --mode lifelong --label combo_lifelong_devref --duration 240 --outdir /oomwoo/contributions/compute-benchmark/OsakaTX/results > /oomwoo/contributions/compute-benchmark/OsakaTX/results/combo/combo_lifelong_driver.log 2>&1"
2026-09-10T18:43:20Z,55,"combo_lifelong_devref",182536,"bash",0.0,3832,946,"bash /oomwoo/contributions/compute-benchmark/OsakaTX/scripts/run_nav2_slam_combo_bench.sh --mode lifelong --label combo_lifelong_devref --duration 240 --outdir /oomwoo/contributions/compute-benchmark/OsakaTX/results"
2026-09-10T18:43:20Z,55,"combo_lifelong_devref",182575,"python3",6.5,74708,49000,"python3 /oomwoo/contributions/compute-benchmark/OsakaTX/scripts/synthetic_scan_publisher.py --duration 340 --loop-s 40 --hz 5.0"
2026-09-10T18:43:20Z,55,"combo_lifelong_devref",182592,"ros2",10.5,81516,56249,"/usr/bin/python3 /opt/ros/jazzy/bin/ros2 launch nav2_bringup bringup_launch.py map:=/oomwoo/contributions/compute-benchmark/OsakaTX/scripts/../results/combo/combo_nav2_map.yaml params_file:=/oomwoo/contributions/compute-benchmark/OsakaTX/scripts/nav2_params_bench.yaml use_sim_time:=False autostart:=True slam:=False use_localization:=False"
2026-09-10T18:43:20Z,55,"combo_lifelong_devref",182612,"component_conta",17.0,140428,125478,"/opt/ros/jazzy/lib/rclcpp_components/component_container_isolated --ros-args --log-level info --ros-args -r __node:=nav2_container --params-file /tmp/launch_params_ljf44bln --params-file /tmp/launch_params_tdq1tqu6 -r /tf:=tf -r /tf_static:=tf_static"
2026-09-10T18:43:20Z,55,"combo_lifelong_devref",182663,"python3",97.3,94712,68178,"python3 /oomwoo/contributions/compute-benchmark/OsakaTX/scripts/nav_goal_sender.py --x 4.0 --y 4.0 --yaw 0.0 --repeat 0 --pause 1"
2026-09-10T18:43:20Z,55,"combo_lifelong_devref",182729,"bash",0.6,4476,1193,"bash /oomwoo/contributions/compute-benchmark/xbattlax/scripts/measure_ros_processes.sh --pattern python3|ros2|slam|nav2|component_container|nav_goal_sender --duration 230 --interval 2 --label combo_lifelong_devref --output /oomwoo/contributions/compute-benchmark/OsakaTX/scripts/../results/combo/combo_lifelong_devref_20260910T184017Z.csv"
2026-09-10T18:43:22Z,56,"combo_lifelong_devref",139327,"python3",0.1,73272,48022,"/usr/bin/python3 -c from ros2cli.daemon.daemonize import main; main() --name ros2-daemon --ros-domain-id 0 --rmw-implementation rmw_fastrtps_cpp"
2026-09-10T18:43:22Z,56,"combo_lifelong_devref",182523,"bash",0.0,4000,1112,"bash -c source /opt/ros/jazzy/setup.bash && bash /oomwoo/contributions/compute-benchmark/OsakaTX/scripts/run_nav2_slam_combo_bench.sh --mode lifelong --label combo_lifelong_devref --duration 240 --outdir /oomwoo/contributions/compute-benchmark/OsakaTX/results > /oomwoo/contributions/compute-benchmark/OsakaTX/results/combo/combo_lifelong_driver.log 2>&1"
2026-09-10T18:43:22Z,56,"combo_lifelong_devref",182536,"bash",0.0,3832,945,"bash /oomwoo/contributions/compute-benchmark/OsakaTX/scripts/run_nav2_slam_combo_bench.sh --mode lifelong --label combo_lifelong_devref --duration 240 --outdir /oomwoo/contributions/compute-benchmark/OsakaTX/results"
2026-09-10T18:43:22Z,56,"combo_lifelong_devref",182575,"python3",6.5,74708,49009,"python3 /oomwoo/contributions/compute-benchmark/OsakaTX/scripts/synthetic_scan_publisher.py --duration 340 --loop-s 40 --hz 5.0"
2026-09-10T18:43:22Z,56,"combo_lifelong_devref",182592,"ros2",10.5,81516,56251,"/usr/bin/python3 /opt/ros/jazzy/bin/ros2 launch nav2_bringup bringup_launch.py map:=/oomwoo/contributions/compute-benchmark/OsakaTX/scripts/../results/combo/combo_nav2_map.yaml params_file:=/oomwoo/contributions/compute-benchmark/OsakaTX/scripts/nav2_params_bench.yaml use_sim_time:=False autostart:=True slam:=False use_localization:=False"
2026-09-10T18:43:22Z,56,"combo_lifelong_devref",182612,"component_conta",17.0,140428,125475,"/opt/ros/jazzy/lib/rclcpp_components/component_container_isolated --ros-args --log-level info --ros-args -r __node:=nav2_container --params-file /tmp/launch_params_ljf44bln --params-file /tmp/launch_params_tdq1tqu6 -r /tf:=tf -r /tf_static:=tf_static"
2026-09-10T18:43:22Z,56,"combo_lifelong_devref",182663,"python3",97.3,94904,68371,"python3 /oomwoo/contributions/compute-benchmark/OsakaTX/scripts/nav_goal_sender.py --x 4.0 --y 4.0 --yaw 0.0 --repeat 0 --pause 1"
2026-09-10T18:43:22Z,56,"combo_lifelong_devref",182729,"bash",0.6,4476,1192,"bash /oomwoo/contributions/compute-benchmark/xbattlax/scripts/measure_ros_processes.sh --pattern python3|ros2|slam|nav2|component_container|nav_goal_sender --duration 230 --interval 2 --label combo_lifelong_devref --output /oomwoo/contributions/compute-benchmark/OsakaTX/scripts/../results/combo/combo_lifelong_devref_20260910T184017Z.csv"
2026-09-10T18:43:24Z,57,"combo_lifelong_devref",139327,"python3",0.1,73272,48020,"/usr/bin/python3 -c from ros2cli.daemon.daemonize import main; main() --name ros2-daemon --ros-domain-id 0 --rmw-implementation rmw_fastrtps_cpp"
2026-09-10T18:43:24Z,57,"combo_lifelong_devref",182523,"bash",0.0,4000,1112,"bash -c source /opt/ros/jazzy/setup.bash && bash /oomwoo/contributions/compute-benchmark/OsakaTX/scripts/run_nav2_slam_combo_bench.sh --mode lifelong --label combo_lifelong_devref --duration 240 --outdir /oomwoo/contributions/compute-benchmark/OsakaTX/results > /oomwoo/contributions/compute-benchmark/OsakaTX/results/combo/combo_lifelong_driver.log 2>&1"
2026-09-10T18:43:24Z,57,"combo_lifelong_devref",182536,"bash",0.0,3832,946,"bash /oomwoo/contributions/compute-benchmark/OsakaTX/scripts/run_nav2_slam_combo_bench.sh --mode lifelong --label combo_lifelong_devref --duration 240 --outdir /oomwoo/contributions/compute-benchmark/OsakaTX/results"
2026-09-10T18:43:24Z,57,"combo_lifelong_devref",182575,"python3",6.5,74708,49000,"python3 /oomwoo/contributions/compute-benchmark/OsakaTX/scripts/synthetic_scan_publisher.py --duration 340 --loop-s 40 --hz 5.0"
2026-09-10T18:43:24Z,57,"combo_lifelong_devref",182592,"ros2",10.5,81516,56249,"/usr/bin/python3 /opt/ros/jazzy/bin/ros2 launch nav2_bringup bringup_launch.py map:=/oomwoo/contributions/compute-benchmark/OsakaTX/scripts/../results/combo/combo_nav2_map.yaml params_file:=/oomwoo/contributions/compute-benchmark/OsakaTX/scripts/nav2_params_bench.yaml use_sim_time:=False autostart:=True slam:=False use_localization:=False"
2026-09-10T18:43:24Z,57,"combo_lifelong_devref",182612,"component_conta",17.0,140428,125476,"/opt/ros/jazzy/lib/rclcpp_components/component_container_isolated --ros-args --log-level info --ros-args -r __node:=nav2_container --params-file /tmp/launch_params_ljf44bln --params-file /tmp/launch_params_tdq1tqu6 -r /tf:=tf -r /tf_static:=tf_static"
2026-09-10T18:43:24Z,57,"combo_lifelong_devref",182663,"python3",97.4,97652,71118,"python3 /oomwoo/contributions/compute-benchmark/OsakaTX/scripts/nav_goal_sender.py --x 4.0 --y 4.0 --yaw 0.0 --repeat 0 --pause 1"
2026-09-10T18:43:24Z,57,"combo_lifelong_devref",182729,"bash",0.6,4476,1193,"bash /oomwoo/contributions/compute-benchmark/xbattlax/scripts/measure_ros_processes.sh --pattern python3|ros2|slam|nav2|component_container|nav_goal_sender --duration 230 --interval 2 --label combo_lifelong_devref --output /oomwoo/contributions/compute-benchmark/OsakaTX/scripts/../results/combo/combo_lifelong_devref_20260910T184017Z.csv"
2026-09-10T18:43:27Z,58,"combo_lifelong_devref",139327,"python3",0.1,73272,48018,"/usr/bin/python3 -c from ros2cli.daemon.daemonize import main; main() --name ros2-daemon --ros-domain-id 0 --rmw-implementation rmw_fastrtps_cpp"
2026-09-10T18:43:27Z,58,"combo_lifelong_devref",182523,"bash",0.0,4000,1112,"bash -c source /opt/ros/jazzy/setup.bash && bash /oomwoo/contributions/compute-benchmark/OsakaTX/scripts/run_nav2_slam_combo_bench.sh --mode lifelong --label combo_lifelong_devref --duration 240 --outdir /oomwoo/contributions/compute-benchmark/OsakaTX/results > /oomwoo/contributions/compute-benchmark/OsakaTX/results/combo/combo_lifelong_driver.log 2>&1"
2026-09-10T18:43:27Z,58,"combo_lifelong_devref",182536,"bash",0.0,3832,944,"bash /oomwoo/contributions/compute-benchmark/OsakaTX/scripts/run_nav2_slam_combo_bench.sh --mode lifelong --label combo_lifelong_devref --duration 240 --outdir /oomwoo/contributions/compute-benchmark/OsakaTX/results"
2026-09-10T18:43:27Z,58,"combo_lifelong_devref",182575,"python3",6.5,74708,49010,"python3 /oomwoo/contributions/compute-benchmark/OsakaTX/scripts/synthetic_scan_publisher.py --duration 340 --loop-s 40 --hz 5.0"
2026-09-10T18:43:27Z,58,"combo_lifelong_devref",182592,"ros2",10.6,81516,56249,"/usr/bin/python3 /opt/ros/jazzy/bin/ros2 launch nav2_bringup bringup_launch.py map:=/oomwoo/contributions/compute-benchmark/OsakaTX/scripts/../results/combo/combo_nav2_map.yaml params_file:=/oomwoo/contributions/compute-benchmark/OsakaTX/scripts/nav2_params_bench.yaml use_sim_time:=False autostart:=True slam:=False use_localization:=False"
2026-09-10T18:43:27Z,58,"combo_lifelong_devref",182612,"component_conta",17.1,140428,125477,"/opt/ros/jazzy/lib/rclcpp_components/component_container_isolated --ros-args --log-level info --ros-args -r __node:=nav2_container --params-file /tmp/launch_params_ljf44bln --params-file /tmp/launch_params_tdq1tqu6 -r /tf:=tf -r /tf_static:=tf_static"
2026-09-10T18:43:27Z,58,"combo_lifelong_devref",182663,"python3",97.4,97824,71288,"python3 /oomwoo/contributions/compute-benchmark/OsakaTX/scripts/nav_goal_sender.py --x 4.0 --y 4.0 --yaw 0.0 --repeat 0 --pause 1"
2026-09-10T18:43:27Z,58,"combo_lifelong_devref",182729,"bash",0.6,4476,1193,"bash /oomwoo/contributions/compute-benchmark/xbattlax/scripts/measure_ros_processes.sh --pattern python3|ros2|slam|nav2|component_container|nav_goal_sender --duration 230 --interval 2 --label combo_lifelong_devref --output /oomwoo/contributions/compute-benchmark/OsakaTX/scripts/../results/combo/combo_lifelong_devref_20260910T184017Z.csv"
2026-09-10T18:43:29Z,59,"combo_lifelong_devref",139327,"python3",0.1,73272,48024,"/usr/bin/python3 -c from ros2cli.daemon.daemonize import main; main() --name ros2-daemon --ros-domain-id 0 --rmw-implementation rmw_fastrtps_cpp"
2026-09-10T18:43:29Z,59,"combo_lifelong_devref",182523,"bash",0.0,4000,1112,"bash -c source /opt/ros/jazzy/setup.bash && bash /oomwoo/contributions/compute-benchmark/OsakaTX/scripts/run_nav2_slam_combo_bench.sh --mode lifelong --label combo_lifelong_devref --duration 240 --outdir /oomwoo/contributions/compute-benchmark/OsakaTX/results > /oomwoo/contributions/compute-benchmark/OsakaTX/results/combo/combo_lifelong_driver.log 2>&1"
2026-09-10T18:43:29Z,59,"combo_lifelong_devref",182536,"bash",0.0,3832,944,"bash /oomwoo/contributions/compute-benchmark/OsakaTX/scripts/run_nav2_slam_combo_bench.sh --mode lifelong --label combo_lifelong_devref --duration 240 --outdir /oomwoo/contributions/compute-benchmark/OsakaTX/results"
2026-09-10T18:43:29Z,59,"combo_lifelong_devref",182575,"python3",6.5,74708,49009,"python3 /oomwoo/contributions/compute-benchmark/OsakaTX/scripts/synthetic_scan_publisher.py --duration 340 --loop-s 40 --hz 5.0"
2026-09-10T18:43:29Z,59,"combo_lifelong_devref",182592,"ros2",10.6,81516,56248,"/usr/bin/python3 /opt/ros/jazzy/bin/ros2 launch nav2_bringup bringup_launch.py map:=/oomwoo/contributions/compute-benchmark/OsakaTX/scripts/../results/combo/combo_nav2_map.yaml params_file:=/oomwoo/contributions/compute-benchmark/OsakaTX/scripts/nav2_params_bench.yaml use_sim_time:=False autostart:=True slam:=False use_localization:=False"
2026-09-10T18:43:29Z,59,"combo_lifelong_devref",182612,"component_conta",17.1,140428,125475,"/opt/ros/jazzy/lib/rclcpp_components/component_container_isolated --ros-args --log-level info --ros-args -r __node:=nav2_container --params-file /tmp/launch_params_ljf44bln --params-file /tmp/launch_params_tdq1tqu6 -r /tf:=tf -r /tf_static:=tf_static"
2026-09-10T18:43:29Z,59,"combo_lifelong_devref",182663,"python3",97.4,98016,71483,"python3 /oomwoo/contributions/compute-benchmark/OsakaTX/scripts/nav_goal_sender.py --x 4.0 --y 4.0 --yaw 0.0 --repeat 0 --pause 1"
2026-09-10T18:43:29Z,59,"combo_lifelong_devref",182729,"bash",0.6,4476,1194,"bash /oomwoo/contributions/compute-benchmark/xbattlax/scripts/measure_ros_processes.sh --pattern python3|ros2|slam|nav2|component_container|nav_goal_sender --duration 230 --interval 2 --label combo_lifelong_devref --output /oomwoo/contributions/compute-benchmark/OsakaTX/scripts/../results/combo/combo_lifelong_devref_20260910T184017Z.csv"
2026-09-10T18:43:31Z,60,"combo_lifelong_devref",139327,"python3",0.1,73272,48020,"/usr/bin/python3 -c from ros2cli.daemon.daemonize import main; main() --name ros2-daemon --ros-domain-id 0 --rmw-implementation rmw_fastrtps_cpp"
2026-09-10T18:43:31Z,60,"combo_lifelong_devref",182523,"bash",0.0,4000,1111,"bash -c source /opt/ros/jazzy/setup.bash && bash /oomwoo/contributions/compute-benchmark/OsakaTX/scripts/run_nav2_slam_combo_bench.sh --mode lifelong --label combo_lifelong_devref --duration 240 --outdir /oomwoo/contributions/compute-benchmark/OsakaTX/results > /oomwoo/contributions/compute-benchmark/OsakaTX/results/combo/combo_lifelong_driver.log 2>&1"
2026-09-10T18:43:31Z,60,"combo_lifelong_devref",182536,"bash",0.0,3832,945,"bash /oomwoo/contributions/compute-benchmark/OsakaTX/scripts/run_nav2_slam_combo_bench.sh --mode lifelong --label combo_lifelong_devref --duration 240 --outdir /oomwoo/contributions/compute-benchmark/OsakaTX/results"
2026-09-10T18:43:31Z,60,"combo_lifelong_devref",182575,"python3",6.5,74708,49009,"python3 /oomwoo/contributions/compute-benchmark/OsakaTX/scripts/synthetic_scan_publisher.py --duration 340 --loop-s 40 --hz 5.0"
2026-09-10T18:43:31Z,60,"combo_lifelong_devref",182592,"ros2",10.6,81516,56250,"/usr/bin/python3 /opt/ros/jazzy/bin/ros2 launch nav2_bringup bringup_launch.py map:=/oomwoo/contributions/compute-benchmark/OsakaTX/scripts/../results/combo/combo_nav2_map.yaml params_file:=/oomwoo/contributions/compute-benchmark/OsakaTX/scripts/nav2_params_bench.yaml use_sim_time:=False autostart:=True slam:=False use_localization:=False"
2026-09-10T18:43:31Z,60,"combo_lifelong_devref",182612,"component_conta",17.1,140428,125476,"/opt/ros/jazzy/lib/rclcpp_components/component_container_isolated --ros-args --log-level info --ros-args -r __node:=nav2_container --params-file /tmp/launch_params_ljf44bln --params-file /tmp/launch_params_tdq1tqu6 -r /tf:=tf -r /tf_static:=tf_static"
2026-09-10T18:43:31Z,60,"combo_lifelong_devref",182663,"python3",97.4,98196,71662,"python3 /oomwoo/contributions/compute-benchmark/OsakaTX/scripts/nav_goal_sender.py --x 4.0 --y 4.0 --yaw 0.0 --repeat 0 --pause 1"
2026-09-10T18:43:31Z,60,"combo_lifelong_devref",182729,"bash",0.6,4476,1192,"bash /oomwoo/contributions/compute-benchmark/xbattlax/scripts/measure_ros_processes.sh --pattern python3|ros2|slam|nav2|component_container|nav_goal_sender --duration 230 --interval 2 --label combo_lifelong_devref --output /oomwoo/contributions/compute-benchmark/OsakaTX/scripts/../results/combo/combo_lifelong_devref_20260910T184017Z.csv"
2026-09-10T18:43:34Z,61,"combo_lifelong_devref",139327,"python3",0.1,73272,48022,"/usr/bin/python3 -c from ros2cli.daemon.daemonize import main; main() --name ros2-daemon --ros-domain-id 0 --rmw-implementation rmw_fastrtps_cpp"
2026-09-10T18:43:34Z,61,"combo_lifelong_devref",182523,"bash",0.0,4000,1113,"bash -c source /opt/ros/jazzy/setup.bash && bash /oomwoo/contributions/compute-benchmark/OsakaTX/scripts/run_nav2_slam_combo_bench.sh --mode lifelong --label combo_lifelong_devref --duration 240 --outdir /oomwoo/contributions/compute-benchmark/OsakaTX/results > /oomwoo/contributions/compute-benchmark/OsakaTX/results/combo/combo_lifelong_driver.log 2>&1"
2026-09-10T18:43:34Z,61,"combo_lifelong_devref",182536,"bash",0.0,3832,945,"bash /oomwoo/contributions/compute-benchmark/OsakaTX/scripts/run_nav2_slam_combo_bench.sh --mode lifelong --label combo_lifelong_devref --duration 240 --outdir /oomwoo/contributions/compute-benchmark/OsakaTX/results"
2026-09-10T18:43:34Z,61,"combo_lifelong_devref",182575,"python3",6.5,74708,49004,"python3 /oomwoo/contributions/compute-benchmark/OsakaTX/scripts/synthetic_scan_publisher.py --duration 340 --loop-s 40 --hz 5.0"
2026-09-10T18:43:34Z,61,"combo_lifelong_devref",182592,"ros2",10.6,81516,56246,"/usr/bin/python3 /opt/ros/jazzy/bin/ros2 launch nav2_bringup bringup_launch.py map:=/oomwoo/contributions/compute-benchmark/OsakaTX/scripts/../results/combo/combo_nav2_map.yaml params_file:=/oomwoo/contributions/compute-benchmark/OsakaTX/scripts/nav2_params_bench.yaml use_sim_time:=False autostart:=True slam:=False use_localization:=False"
2026-09-10T18:43:34Z,61,"combo_lifelong_devref",182612,"component_conta",17.1,140428,125477,"/opt/ros/jazzy/lib/rclcpp_components/component_container_isolated --ros-args --log-level info --ros-args -r __node:=nav2_container --params-file /tmp/launch_params_ljf44bln --params-file /tmp/launch_params_tdq1tqu6 -r /tf:=tf -r /tf_static:=tf_static"
2026-09-10T18:43:34Z,61,"combo_lifelong_devref",182663,"python3",97.5,98380,71847,"python3 /oomwoo/contributions/compute-benchmark/OsakaTX/scripts/nav_goal_sender.py --x 4.0 --y 4.0 --yaw 0.0 --repeat 0 --pause 1"
2026-09-10T18:43:34Z,61,"combo_lifelong_devref",182729,"bash",0.6,4476,1196,"bash /oomwoo/contributions/compute-benchmark/xbattlax/scripts/measure_ros_processes.sh --pattern python3|ros2|slam|nav2|component_container|nav_goal_sender --duration 230 --interval 2 --label combo_lifelong_devref --output /oomwoo/contributions/compute-benchmark/OsakaTX/scripts/../results/combo/combo_lifelong_devref_20260910T184017Z.csv"
2026-09-10T18:43:36Z,62,"combo_lifelong_devref",139327,"python3",0.1,73272,48022,"/usr/bin/python3 -c from ros2cli.daemon.daemonize import main; main() --name ros2-daemon --ros-domain-id 0 --rmw-implementation rmw_fastrtps_cpp"
2026-09-10T18:43:36Z,62,"combo_lifelong_devref",182523,"bash",0.0,4000,1111,"bash -c source /opt/ros/jazzy/setup.bash && bash /oomwoo/contributions/compute-benchmark/OsakaTX/scripts/run_nav2_slam_combo_bench.sh --mode lifelong --label combo_lifelong_devref --duration 240 --outdir /oomwoo/contributions/compute-benchmark/OsakaTX/results > /oomwoo/contributions/compute-benchmark/OsakaTX/results/combo/combo_lifelong_driver.log 2>&1"
2026-09-10T18:43:36Z,62,"combo_lifelong_devref",182536,"bash",0.0,3832,943,"bash /oomwoo/contributions/compute-benchmark/OsakaTX/scripts/run_nav2_slam_combo_bench.sh --mode lifelong --label combo_lifelong_devref --duration 240 --outdir /oomwoo/contributions/compute-benchmark/OsakaTX/results"
2026-09-10T18:43:36Z,62,"combo_lifelong_devref",182575,"python3",6.5,74708,49010,"python3 /oomwoo/contributions/compute-benchmark/OsakaTX/scripts/synthetic_scan_publisher.py --duration 340 --loop-s 40 --hz 5.0"
2026-09-10T18:43:36Z,62,"combo_lifelong_devref",182592,"ros2",10.7,81516,56250,"/usr/bin/python3 /opt/ros/jazzy/bin/ros2 launch nav2_bringup bringup_launch.py map:=/oomwoo/contributions/compute-benchmark/OsakaTX/scripts/../results/combo/combo_nav2_map.yaml params_file:=/oomwoo/contributions/compute-benchmark/OsakaTX/scripts/nav2_params_bench.yaml use_sim_time:=False autostart:=True slam:=False use_localization:=False"
2026-09-10T18:43:36Z,62,"combo_lifelong_devref",182612,"component_conta",17.1,140428,125478,"/opt/ros/jazzy/lib/rclcpp_components/component_container_isolated --ros-args --log-level info --ros-args -r __node:=nav2_container --params-file /tmp/launch_params_ljf44bln --params-file /tmp/launch_params_tdq1tqu6 -r /tf:=tf -r /tf_static:=tf_static"
2026-09-10T18:43:36Z,62,"combo_lifelong_devref",182663,"python3",97.5,98572,72038,"python3 /oomwoo/contributions/compute-benchmark/OsakaTX/scripts/nav_goal_sender.py --x 4.0 --y 4.0 --yaw 0.0 --repeat 0 --pause 1"
2026-09-10T18:43:36Z,62,"combo_lifelong_devref",182729,"bash",0.6,4476,1192,"bash /oomwoo/contributions/compute-benchmark/xbattlax/scripts/measure_ros_processes.sh --pattern python3|ros2|slam|nav2|component_container|nav_goal_sender --duration 230 --interval 2 --label combo_lifelong_devref --output /oomwoo/contributions/compute-benchmark/OsakaTX/scripts/../results/combo/combo_lifelong_devref_20260910T184017Z.csv"
2026-09-10T18:43:38Z,63,"combo_lifelong_devref",139327,"python3",0.1,73272,48022,"/usr/bin/python3 -c from ros2cli.daemon.daemonize import main; main() --name ros2-daemon --ros-domain-id 0 --rmw-implementation rmw_fastrtps_cpp"
2026-09-10T18:43:38Z,63,"combo_lifelong_devref",182523,"bash",0.0,4000,1111,"bash -c source /opt/ros/jazzy/setup.bash && bash /oomwoo/contributions/compute-benchmark/OsakaTX/scripts/run_nav2_slam_combo_bench.sh --mode lifelong --label combo_lifelong_devref --duration 240 --outdir /oomwoo/contributions/compute-benchmark/OsakaTX/results > /oomwoo/contributions/compute-benchmark/OsakaTX/results/combo/combo_lifelong_driver.log 2>&1"
2026-09-10T18:43:38Z,63,"combo_lifelong_devref",182536,"bash",0.0,3832,944,"bash /oomwoo/contributions/compute-benchmark/OsakaTX/scripts/run_nav2_slam_combo_bench.sh --mode lifelong --label combo_lifelong_devref --duration 240 --outdir /oomwoo/contributions/compute-benchmark/OsakaTX/results"
2026-09-10T18:43:38Z,63,"combo_lifelong_devref",182575,"python3",6.5,74708,49009,"python3 /oomwoo/contributions/compute-benchmark/OsakaTX/scripts/synthetic_scan_publisher.py --duration 340 --loop-s 40 --hz 5.0"
2026-09-10T18:43:38Z,63,"combo_lifelong_devref",182592,"ros2",10.7,81516,56249,"/usr/bin/python3 /opt/ros/jazzy/bin/ros2 launch nav2_bringup bringup_launch.py map:=/oomwoo/contributions/compute-benchmark/OsakaTX/scripts/../results/combo/combo_nav2_map.yaml params_file:=/oomwoo/contributions/compute-benchmark/OsakaTX/scripts/nav2_params_bench.yaml use_sim_time:=False autostart:=True slam:=False use_localization:=False"
2026-09-10T18:43:38Z,63,"combo_lifelong_devref",182612,"component_conta",17.1,140428,125475,"/opt/ros/jazzy/lib/rclcpp_components/component_container_isolated --ros-args --log-level info --ros-args -r __node:=nav2_container --params-file /tmp/launch_params_ljf44bln --params-file /tmp/launch_params_tdq1tqu6 -r /tf:=tf -r /tf_static:=tf_static"
2026-09-10T18:43:38Z,63,"combo_lifelong_devref",182663,"python3",97.5,98740,72207,"python3 /oomwoo/contributions/compute-benchmark/OsakaTX/scripts/nav_goal_sender.py --x 4.0 --y 4.0 --yaw 0.0 --repeat 0 --pause 1"
2026-09-10T18:43:38Z,63,"combo_lifelong_devref",182729,"bash",0.6,4476,1193,"bash /oomwoo/contributions/compute-benchmark/xbattlax/scripts/measure_ros_processes.sh --pattern python3|ros2|slam|nav2|component_container|nav_goal_sender --duration 230 --interval 2 --label combo_lifelong_devref --output /oomwoo/contributions/compute-benchmark/OsakaTX/scripts/../results/combo/combo_lifelong_devref_20260910T184017Z.csv"
2026-09-10T18:43:40Z,64,"combo_lifelong_devref",139327,"python3",0.1,73272,48018,"/usr/bin/python3 -c from ros2cli.daemon.daemonize import main; main() --name ros2-daemon --ros-domain-id 0 --rmw-implementation rmw_fastrtps_cpp"
2026-09-10T18:43:40Z,64,"combo_lifelong_devref",182523,"bash",0.0,4000,1112,"bash -c source /opt/ros/jazzy/setup.bash && bash /oomwoo/contributions/compute-benchmark/OsakaTX/scripts/run_nav2_slam_combo_bench.sh --mode lifelong --label combo_lifelong_devref --duration 240 --outdir /oomwoo/contributions/compute-benchmark/OsakaTX/results > /oomwoo/contributions/compute-benchmark/OsakaTX/results/combo/combo_lifelong_driver.log 2>&1"
2026-09-10T18:43:40Z,64,"combo_lifelong_devref",182536,"bash",0.0,3832,945,"bash /oomwoo/contributions/compute-benchmark/OsakaTX/scripts/run_nav2_slam_combo_bench.sh --mode lifelong --label combo_lifelong_devref --duration 240 --outdir /oomwoo/contributions/compute-benchmark/OsakaTX/results"
2026-09-10T18:43:40Z,64,"combo_lifelong_devref",182575,"python3",6.5,74708,49009,"python3 /oomwoo/contributions/compute-benchmark/OsakaTX/scripts/synthetic_scan_publisher.py --duration 340 --loop-s 40 --hz 5.0"
2026-09-10T18:43:40Z,64,"combo_lifelong_devref",182592,"ros2",10.7,81516,56250,"/usr/bin/python3 /opt/ros/jazzy/bin/ros2 launch nav2_bringup bringup_launch.py map:=/oomwoo/contributions/compute-benchmark/OsakaTX/scripts/../results/combo/combo_nav2_map.yaml params_file:=/oomwoo/contributions/compute-benchmark/OsakaTX/scripts/nav2_params_bench.yaml use_sim_time:=False autostart:=True slam:=False use_localization:=False"
2026-09-10T18:43:40Z,64,"combo_lifelong_devref",182612,"component_conta",17.1,140428,125478,"/opt/ros/jazzy/lib/rclcpp_components/component_container_isolated --ros-args --log-level info --ros-args -r __node:=nav2_container --params-file /tmp/launch_params_ljf44bln --params-file /tmp/launch_params_tdq1tqu6 -r /tf:=tf -r /tf_static:=tf_static"
2026-09-10T18:43:40Z,64,"combo_lifelong_devref",182663,"python3",97.6,98928,72393,"python3 /oomwoo/contributions/compute-benchmark/OsakaTX/scripts/nav_goal_sender.py --x 4.0 --y 4.0 --yaw 0.0 --repeat 0 --pause 1"
2026-09-10T18:43:40Z,64,"combo_lifelong_devref",182729,"bash",0.6,4476,1193,"bash /oomwoo/contributions/compute-benchmark/xbattlax/scripts/measure_ros_processes.sh --pattern python3|ros2|slam|nav2|component_container|nav_goal_sender --duration 230 --interval 2 --label combo_lifelong_devref --output /oomwoo/contributions/compute-benchmark/OsakaTX/scripts/../results/combo/combo_lifelong_devref_20260910T184017Z.csv"
2026-09-10T18:43:43Z,65,"combo_lifelong_devref",139327,"python3",0.1,73272,48020,"/usr/bin/python3 -c from ros2cli.daemon.daemonize import main; main() --name ros2-daemon --ros-domain-id 0 --rmw-implementation rmw_fastrtps_cpp"
2026-09-10T18:43:43Z,65,"combo_lifelong_devref",182523,"bash",0.0,4000,1114,"bash -c source /opt/ros/jazzy/setup.bash && bash /oomwoo/contributions/compute-benchmark/OsakaTX/scripts/run_nav2_slam_combo_bench.sh --mode lifelong --label combo_lifelong_devref --duration 240 --outdir /oomwoo/contributions/compute-benchmark/OsakaTX/results > /oomwoo/contributions/compute-benchmark/OsakaTX/results/combo/combo_lifelong_driver.log 2>&1"
2026-09-10T18:43:43Z,65,"combo_lifelong_devref",182536,"bash",0.0,3832,944,"bash /oomwoo/contributions/compute-benchmark/OsakaTX/scripts/run_nav2_slam_combo_bench.sh --mode lifelong --label combo_lifelong_devref --duration 240 --outdir /oomwoo/contributions/compute-benchmark/OsakaTX/results"
2026-09-10T18:43:43Z,65,"combo_lifelong_devref",182575,"python3",6.5,74708,49010,"python3 /oomwoo/contributions/compute-benchmark/OsakaTX/scripts/synthetic_scan_publisher.py --duration 340 --loop-s 40 --hz 5.0"
2026-09-10T18:43:43Z,65,"combo_lifelong_devref",182592,"ros2",10.7,81516,56250,"/usr/bin/python3 /opt/ros/jazzy/bin/ros2 launch nav2_bringup bringup_launch.py map:=/oomwoo/contributions/compute-benchmark/OsakaTX/scripts/../results/combo/combo_nav2_map.yaml params_file:=/oomwoo/contributions/compute-benchmark/OsakaTX/scripts/nav2_params_bench.yaml use_sim_time:=False autostart:=True slam:=False use_localization:=False"
2026-09-10T18:43:43Z,65,"combo_lifelong_devref",182612,"component_conta",17.2,140428,125478,"/opt/ros/jazzy/lib/rclcpp_components/component_container_isolated --ros-args --log-level info --ros-args -r __node:=nav2_container --params-file /tmp/launch_params_ljf44bln --params-file /tmp/launch_params_tdq1tqu6 -r /tf:=tf -r /tf_static:=tf_static"
2026-09-10T18:43:43Z,65,"combo_lifelong_devref",182663,"python3",97.6,99120,72586,"python3 /oomwoo/contributions/compute-benchmark/OsakaTX/scripts/nav_goal_sender.py --x 4.0 --y 4.0 --yaw 0.0 --repeat 0 --pause 1"
2026-09-10T18:43:43Z,65,"combo_lifelong_devref",182729,"bash",0.6,4480,1195,"bash /oomwoo/contributions/compute-benchmark/xbattlax/scripts/measure_ros_processes.sh --pattern python3|ros2|slam|nav2|component_container|nav_goal_sender --duration 230 --interval 2 --label combo_lifelong_devref --output /oomwoo/contributions/compute-benchmark/OsakaTX/scripts/../results/combo/combo_lifelong_devref_20260910T184017Z.csv"
2026-09-10T18:43:45Z,66,"combo_lifelong_devref",139327,"python3",0.1,73272,48022,"/usr/bin/python3 -c from ros2cli.daemon.daemonize import main; main() --name ros2-daemon --ros-domain-id 0 --rmw-implementation rmw_fastrtps_cpp"
2026-09-10T18:43:45Z,66,"combo_lifelong_devref",182523,"bash",0.0,4000,1113,"bash -c source /opt/ros/jazzy/setup.bash && bash /oomwoo/contributions/compute-benchmark/OsakaTX/scripts/run_nav2_slam_combo_bench.sh --mode lifelong --label combo_lifelong_devref --duration 240 --outdir /oomwoo/contributions/compute-benchmark/OsakaTX/results > /oomwoo/contributions/compute-benchmark/OsakaTX/results/combo/combo_lifelong_driver.log 2>&1"
2026-09-10T18:43:45Z,66,"combo_lifelong_devref",182536,"bash",0.0,3832,946,"bash /oomwoo/contributions/compute-benchmark/OsakaTX/scripts/run_nav2_slam_combo_bench.sh --mode lifelong --label combo_lifelong_devref --duration 240 --outdir /oomwoo/contributions/compute-benchmark/OsakaTX/results"
2026-09-10T18:43:45Z,66,"combo_lifelong_devref",182575,"python3",6.5,74708,49004,"python3 /oomwoo/contributions/compute-benchmark/OsakaTX/scripts/synthetic_scan_publisher.py --duration 340 --loop-s 40 --hz 5.0"
2026-09-10T18:43:45Z,66,"combo_lifelong_devref",182592,"ros2",10.8,81516,56246,"/usr/bin/python3 /opt/ros/jazzy/bin/ros2 launch nav2_bringup bringup_launch.py map:=/oomwoo/contributions/compute-benchmark/OsakaTX/scripts/../results/combo/combo_nav2_map.yaml params_file:=/oomwoo/contributions/compute-benchmark/OsakaTX/scripts/nav2_params_bench.yaml use_sim_time:=False autostart:=True slam:=False use_localization:=False"
2026-09-10T18:43:45Z,66,"combo_lifelong_devref",182612,"component_conta",17.2,140428,125475,"/opt/ros/jazzy/lib/rclcpp_components/component_container_isolated --ros-args --log-level info --ros-args -r __node:=nav2_container --params-file /tmp/launch_params_ljf44bln --params-file /tmp/launch_params_tdq1tqu6 -r /tf:=tf -r /tf_static:=tf_static"
2026-09-10T18:43:45Z,66,"combo_lifelong_devref",182663,"python3",97.6,99284,72755,"python3 /oomwoo/contributions/compute-benchmark/OsakaTX/scripts/nav_goal_sender.py --x 4.0 --y 4.0 --yaw 0.0 --repeat 0 --pause 1"
2026-09-10T18:43:45Z,66,"combo_lifelong_devref",182729,"bash",0.6,4480,1197,"bash /oomwoo/contributions/compute-benchmark/xbattlax/scripts/measure_ros_processes.sh --pattern python3|ros2|slam|nav2|component_container|nav_goal_sender --duration 230 --interval 2 --label combo_lifelong_devref --output /oomwoo/contributions/compute-benchmark/OsakaTX/scripts/../results/combo/combo_lifelong_devref_20260910T184017Z.csv"
2026-09-10T18:43:47Z,67,"combo_lifelong_devref",139327,"python3",0.1,73272,48020,"/usr/bin/python3 -c from ros2cli.daemon.daemonize import main; main() --name ros2-daemon --ros-domain-id 0 --rmw-implementation rmw_fastrtps_cpp"
2026-09-10T18:43:47Z,67,"combo_lifelong_devref",182523,"bash",0.0,4000,1112,"bash -c source /opt/ros/jazzy/setup.bash && bash /oomwoo/contributions/compute-benchmark/OsakaTX/scripts/run_nav2_slam_combo_bench.sh --mode lifelong --label combo_lifelong_devref --duration 240 --outdir /oomwoo/contributions/compute-benchmark/OsakaTX/results > /oomwoo/contributions/compute-benchmark/OsakaTX/results/combo/combo_lifelong_driver.log 2>&1"
2026-09-10T18:43:47Z,67,"combo_lifelong_devref",182536,"bash",0.0,3832,944,"bash /oomwoo/contributions/compute-benchmark/OsakaTX/scripts/run_nav2_slam_combo_bench.sh --mode lifelong --label combo_lifelong_devref --duration 240 --outdir /oomwoo/contributions/compute-benchmark/OsakaTX/results"
2026-09-10T18:43:47Z,67,"combo_lifelong_devref",182575,"python3",6.5,74708,49009,"python3 /oomwoo/contributions/compute-benchmark/OsakaTX/scripts/synthetic_scan_publisher.py --duration 340 --loop-s 40 --hz 5.0"
2026-09-10T18:43:47Z,67,"combo_lifelong_devref",182592,"ros2",10.8,81516,56251,"/usr/bin/python3 /opt/ros/jazzy/bin/ros2 launch nav2_bringup bringup_launch.py map:=/oomwoo/contributions/compute-benchmark/OsakaTX/scripts/../results/combo/combo_nav2_map.yaml params_file:=/oomwoo/contributions/compute-benchmark/OsakaTX/scripts/nav2_params_bench.yaml use_sim_time:=False autostart:=True slam:=False use_localization:=False"
2026-09-10T18:43:47Z,67,"combo_lifelong_devref",182612,"component_conta",17.2,140428,125475,"/opt/ros/jazzy/lib/rclcpp_components/component_container_isolated --ros-args --log-level info --ros-args -r __node:=nav2_container --params-file /tmp/launch_params_ljf44bln --params-file /tmp/launch_params_tdq1tqu6 -r /tf:=tf -r /tf_static:=tf_static"
2026-09-10T18:43:47Z,67,"combo_lifelong_devref",182663,"python3",97.6,99472,72939,"python3 /oomwoo/contributions/compute-benchmark/OsakaTX/scripts/nav_goal_sender.py --x 4.0 --y 4.0 --yaw 0.0 --repeat 0 --pause 1"
2026-09-10T18:43:47Z,67,"combo_lifelong_devref",182729,"bash",0.6,4480,1194,"bash /oomwoo/contributions/compute-benchmark/xbattlax/scripts/measure_ros_processes.sh --pattern python3|ros2|slam|nav2|component_container|nav_goal_sender --duration 230 --interval 2 --label combo_lifelong_devref --output /oomwoo/contributions/compute-benchmark/OsakaTX/scripts/../results/combo/combo_lifelong_devref_20260910T184017Z.csv"
2026-09-10T18:43:50Z,68,"combo_lifelong_devref",139327,"python3",0.1,73272,48020,"/usr/bin/python3 -c from ros2cli.daemon.daemonize import main; main() --name ros2-daemon --ros-domain-id 0 --rmw-implementation rmw_fastrtps_cpp"
2026-09-10T18:43:50Z,68,"combo_lifelong_devref",182523,"bash",0.0,4000,1111,"bash -c source /opt/ros/jazzy/setup.bash && bash /oomwoo/contributions/compute-benchmark/OsakaTX/scripts/run_nav2_slam_combo_bench.sh --mode lifelong --label combo_lifelong_devref --duration 240 --outdir /oomwoo/contributions/compute-benchmark/OsakaTX/results > /oomwoo/contributions/compute-benchmark/OsakaTX/results/combo/combo_lifelong_driver.log 2>&1"
2026-09-10T18:43:50Z,68,"combo_lifelong_devref",182536,"bash",0.0,3832,945,"bash /oomwoo/contributions/compute-benchmark/OsakaTX/scripts/run_nav2_slam_combo_bench.sh --mode lifelong --label combo_lifelong_devref --duration 240 --outdir /oomwoo/contributions/compute-benchmark/OsakaTX/results"
2026-09-10T18:43:50Z,68,"combo_lifelong_devref",182575,"python3",6.5,74708,49000,"python3 /oomwoo/contributions/compute-benchmark/OsakaTX/scripts/synthetic_scan_publisher.py --duration 340 --loop-s 40 --hz 5.0"
2026-09-10T18:43:50Z,68,"combo_lifelong_devref",182592,"ros2",10.8,81516,56250,"/usr/bin/python3 /opt/ros/jazzy/bin/ros2 launch nav2_bringup bringup_launch.py map:=/oomwoo/contributions/compute-benchmark/OsakaTX/scripts/../results/combo/combo_nav2_map.yaml params_file:=/oomwoo/contributions/compute-benchmark/OsakaTX/scripts/nav2_params_bench.yaml use_sim_time:=False autostart:=True slam:=False use_localization:=False"
2026-09-10T18:43:50Z,68,"combo_lifelong_devref",182612,"component_conta",17.2,140428,125476,"/opt/ros/jazzy/lib/rclcpp_components/component_container_isolated --ros-args --log-level info --ros-args -r __node:=nav2_container --params-file /tmp/launch_params_ljf44bln --params-file /tmp/launch_params_tdq1tqu6 -r /tf:=tf -r /tf_static:=tf_static"
2026-09-10T18:43:50Z,68,"combo_lifelong_devref",182663,"python3",97.6,99664,73131,"python3 /oomwoo/contributions/compute-benchmark/OsakaTX/scripts/nav_goal_sender.py --x 4.0 --y 4.0 --yaw 0.0 --repeat 0 --pause 1"
2026-09-10T18:43:50Z,68,"combo_lifelong_devref",182729,"bash",0.6,4480,1195,"bash /oomwoo/contributions/compute-benchmark/xbattlax/scripts/measure_ros_processes.sh --pattern python3|ros2|slam|nav2|component_container|nav_goal_sender --duration 230 --interval 2 --label combo_lifelong_devref --output /oomwoo/contributions/compute-benchmark/OsakaTX/scripts/../results/combo/combo_lifelong_devref_20260910T184017Z.csv"
2026-09-10T18:43:52Z,69,"combo_lifelong_devref",139327,"python3",0.1,73272,48022,"/usr/bin/python3 -c from ros2cli.daemon.daemonize import main; main() --name ros2-daemon --ros-domain-id 0 --rmw-implementation rmw_fastrtps_cpp"
2026-09-10T18:43:52Z,69,"combo_lifelong_devref",182523,"bash",0.0,4000,1112,"bash -c source /opt/ros/jazzy/setup.bash && bash /oomwoo/contributions/compute-benchmark/OsakaTX/scripts/run_nav2_slam_combo_bench.sh --mode lifelong --label combo_lifelong_devref --duration 240 --outdir /oomwoo/contributions/compute-benchmark/OsakaTX/results > /oomwoo/contributions/compute-benchmark/OsakaTX/results/combo/combo_lifelong_driver.log 2>&1"
2026-09-10T18:43:52Z,69,"combo_lifelong_devref",182536,"bash",0.0,3832,945,"bash /oomwoo/contributions/compute-benchmark/OsakaTX/scripts/run_nav2_slam_combo_bench.sh --mode lifelong --label combo_lifelong_devref --duration 240 --outdir /oomwoo/contributions/compute-benchmark/OsakaTX/results"
2026-09-10T18:43:52Z,69,"combo_lifelong_devref",182575,"python3",6.5,74708,49009,"python3 /oomwoo/contributions/compute-benchmark/OsakaTX/scripts/synthetic_scan_publisher.py --duration 340 --loop-s 40 --hz 5.0"
2026-09-10T18:43:52Z,69,"combo_lifelong_devref",182592,"ros2",10.8,81516,56250,"/usr/bin/python3 /opt/ros/jazzy/bin/ros2 launch nav2_bringup bringup_launch.py map:=/oomwoo/contributions/compute-benchmark/OsakaTX/scripts/../results/combo/combo_nav2_map.yaml params_file:=/oomwoo/contributions/compute-benchmark/OsakaTX/scripts/nav2_params_bench.yaml use_sim_time:=False autostart:=True slam:=False use_localization:=False"
2026-09-10T18:43:52Z,69,"combo_lifelong_devref",182612,"component_conta",17.2,140428,125476,"/opt/ros/jazzy/lib/rclcpp_components/component_container_isolated --ros-args --log-level info --ros-args -r __node:=nav2_container --params-file /tmp/launch_params_ljf44bln --params-file /tmp/launch_params_tdq1tqu6 -r /tf:=tf -r /tf_static:=tf_static"
2026-09-10T18:43:52Z,69,"combo_lifelong_devref",182663,"python3",97.7,99824,73290,"python3 /oomwoo/contributions/compute-benchmark/OsakaTX/scripts/nav_goal_sender.py --x 4.0 --y 4.0 --yaw 0.0 --repeat 0 --pause 1"
2026-09-10T18:43:52Z,69,"combo_lifelong_devref",182729,"bash",0.6,4480,1197,"bash /oomwoo/contributions/compute-benchmark/xbattlax/scripts/measure_ros_processes.sh --pattern python3|ros2|slam|nav2|component_container|nav_goal_sender --duration 230 --interval 2 --label combo_lifelong_devref --output /oomwoo/contributions/compute-benchmark/OsakaTX/scripts/../results/combo/combo_lifelong_devref_20260910T184017Z.csv"
2026-09-10T18:43:54Z,70,"combo_lifelong_devref",139327,"python3",0.1,73272,48022,"/usr/bin/python3 -c from ros2cli.daemon.daemonize import main; main() --name ros2-daemon --ros-domain-id 0 --rmw-implementation rmw_fastrtps_cpp"
2026-09-10T18:43:54Z,70,"combo_lifelong_devref",182523,"bash",0.0,4000,1111,"bash -c source /opt/ros/jazzy/setup.bash && bash /oomwoo/contributions/compute-benchmark/OsakaTX/scripts/run_nav2_slam_combo_bench.sh --mode lifelong --label combo_lifelong_devref --duration 240 --outdir /oomwoo/contributions/compute-benchmark/OsakaTX/results > /oomwoo/contributions/compute-benchmark/OsakaTX/results/combo/combo_lifelong_driver.log 2>&1"
2026-09-10T18:43:54Z,70,"combo_lifelong_devref",182536,"bash",0.0,3832,944,"bash /oomwoo/contributions/compute-benchmark/OsakaTX/scripts/run_nav2_slam_combo_bench.sh --mode lifelong --label combo_lifelong_devref --duration 240 --outdir /oomwoo/contributions/compute-benchmark/OsakaTX/results"
2026-09-10T18:43:54Z,70,"combo_lifelong_devref",182575,"python3",6.5,74708,49002,"python3 /oomwoo/contributions/compute-benchmark/OsakaTX/scripts/synthetic_scan_publisher.py --duration 340 --loop-s 40 --hz 5.0"
2026-09-10T18:43:54Z,70,"combo_lifelong_devref",182592,"ros2",10.8,81516,56248,"/usr/bin/python3 /opt/ros/jazzy/bin/ros2 launch nav2_bringup bringup_launch.py map:=/oomwoo/contributions/compute-benchmark/OsakaTX/scripts/../results/combo/combo_nav2_map.yaml params_file:=/oomwoo/contributions/compute-benchmark/OsakaTX/scripts/nav2_params_bench.yaml use_sim_time:=False autostart:=True slam:=False use_localization:=False"
2026-09-10T18:43:54Z,70,"combo_lifelong_devref",182612,"component_conta",17.2,140428,125476,"/opt/ros/jazzy/lib/rclcpp_components/component_container_isolated --ros-args --log-level info --ros-args -r __node:=nav2_container --params-file /tmp/launch_params_ljf44bln --params-file /tmp/launch_params_tdq1tqu6 -r /tf:=tf -r /tf_static:=tf_static"
2026-09-10T18:43:54Z,70,"combo_lifelong_devref",182663,"python3",97.7,100016,73481,"python3 /oomwoo/contributions/compute-benchmark/OsakaTX/scripts/nav_goal_sender.py --x 4.0 --y 4.0 --yaw 0.0 --repeat 0 --pause 1"
2026-09-10T18:43:54Z,70,"combo_lifelong_devref",182729,"bash",0.6,4480,1195,"bash /oomwoo/contributions/compute-benchmark/xbattlax/scripts/measure_ros_processes.sh --pattern python3|ros2|slam|nav2|component_container|nav_goal_sender --duration 230 --interval 2 --label combo_lifelong_devref --output /oomwoo/contributions/compute-benchmark/OsakaTX/scripts/../results/combo/combo_lifelong_devref_20260910T184017Z.csv"
2026-09-10T18:43:57Z,71,"combo_lifelong_devref",139327,"python3",0.1,73272,48022,"/usr/bin/python3 -c from ros2cli.daemon.daemonize import main; main() --name ros2-daemon --ros-domain-id 0 --rmw-implementation rmw_fastrtps_cpp"
2026-09-10T18:43:57Z,71,"combo_lifelong_devref",182523,"bash",0.0,4000,1114,"bash -c source /opt/ros/jazzy/setup.bash && bash /oomwoo/contributions/compute-benchmark/OsakaTX/scripts/run_nav2_slam_combo_bench.sh --mode lifelong --label combo_lifelong_devref --duration 240 --outdir /oomwoo/contributions/compute-benchmark/OsakaTX/results > /oomwoo/contributions/compute-benchmark/OsakaTX/results/combo/combo_lifelong_driver.log 2>&1"
2026-09-10T18:43:57Z,71,"combo_lifelong_devref",182536,"bash",0.0,3832,944,"bash /oomwoo/contributions/compute-benchmark/OsakaTX/scripts/run_nav2_slam_combo_bench.sh --mode lifelong --label combo_lifelong_devref --duration 240 --outdir /oomwoo/contributions/compute-benchmark/OsakaTX/results"
2026-09-10T18:43:57Z,71,"combo_lifelong_devref",182575,"python3",6.5,74708,49009,"python3 /oomwoo/contributions/compute-benchmark/OsakaTX/scripts/synthetic_scan_publisher.py --duration 340 --loop-s 40 --hz 5.0"
2026-09-10T18:43:57Z,71,"combo_lifelong_devref",182592,"ros2",10.9,81516,56250,"/usr/bin/python3 /opt/ros/jazzy/bin/ros2 launch nav2_bringup bringup_launch.py map:=/oomwoo/contributions/compute-benchmark/OsakaTX/scripts/../results/combo/combo_nav2_map.yaml params_file:=/oomwoo/contributions/compute-benchmark/OsakaTX/scripts/nav2_params_bench.yaml use_sim_time:=False autostart:=True slam:=False use_localization:=False"
2026-09-10T18:43:57Z,71,"combo_lifelong_devref",182612,"component_conta",17.2,140428,125478,"/opt/ros/jazzy/lib/rclcpp_components/component_container_isolated --ros-args --log-level info --ros-args -r __node:=nav2_container --params-file /tmp/launch_params_ljf44bln --params-file /tmp/launch_params_tdq1tqu6 -r /tf:=tf -r /tf_static:=tf_static"
2026-09-10T18:43:57Z,71,"combo_lifelong_devref",182663,"python3",97.7,100200,73666,"python3 /oomwoo/contributions/compute-benchmark/OsakaTX/scripts/nav_goal_sender.py --x 4.0 --y 4.0 --yaw 0.0 --repeat 0 --pause 1"
2026-09-10T18:43:57Z,71,"combo_lifelong_devref",182729,"bash",0.6,4480,1191,"bash /oomwoo/contributions/compute-benchmark/xbattlax/scripts/measure_ros_processes.sh --pattern python3|ros2|slam|nav2|component_container|nav_goal_sender --duration 230 --interval 2 --label combo_lifelong_devref --output /oomwoo/contributions/compute-benchmark/OsakaTX/scripts/../results/combo/combo_lifelong_devref_20260910T184017Z.csv"
2026-09-10T18:43:59Z,72,"combo_lifelong_devref",139327,"python3",0.1,73272,48022,"/usr/bin/python3 -c from ros2cli.daemon.daemonize import main; main() --name ros2-daemon --ros-domain-id 0 --rmw-implementation rmw_fastrtps_cpp"
2026-09-10T18:43:59Z,72,"combo_lifelong_devref",182523,"bash",0.0,4000,1112,"bash -c source /opt/ros/jazzy/setup.bash && bash /oomwoo/contributions/compute-benchmark/OsakaTX/scripts/run_nav2_slam_combo_bench.sh --mode lifelong --label combo_lifelong_devref --duration 240 --outdir /oomwoo/contributions/compute-benchmark/OsakaTX/results > /oomwoo/contributions/compute-benchmark/OsakaTX/results/combo/combo_lifelong_driver.log 2>&1"
2026-09-10T18:43:59Z,72,"combo_lifelong_devref",182536,"bash",0.0,3832,945,"bash /oomwoo/contributions/compute-benchmark/OsakaTX/scripts/run_nav2_slam_combo_bench.sh --mode lifelong --label combo_lifelong_devref --duration 240 --outdir /oomwoo/contributions/compute-benchmark/OsakaTX/results"
2026-09-10T18:43:59Z,72,"combo_lifelong_devref",182575,"python3",6.5,74708,49009,"python3 /oomwoo/contributions/compute-benchmark/OsakaTX/scripts/synthetic_scan_publisher.py --duration 340 --loop-s 40 --hz 5.0"
2026-09-10T18:43:59Z,72,"combo_lifelong_devref",182592,"ros2",10.9,81516,56249,"/usr/bin/python3 /opt/ros/jazzy/bin/ros2 launch nav2_bringup bringup_launch.py map:=/oomwoo/contributions/compute-benchmark/OsakaTX/scripts/../results/combo/combo_nav2_map.yaml params_file:=/oomwoo/contributions/compute-benchmark/OsakaTX/scripts/nav2_params_bench.yaml use_sim_time:=False autostart:=True slam:=False use_localization:=False"
2026-09-10T18:43:59Z,72,"combo_lifelong_devref",182612,"component_conta",17.3,140428,125478,"/opt/ros/jazzy/lib/rclcpp_components/component_container_isolated --ros-args --log-level info --ros-args -r __node:=nav2_container --params-file /tmp/launch_params_ljf44bln --params-file /tmp/launch_params_tdq1tqu6 -r /tf:=tf -r /tf_static:=tf_static"
2026-09-10T18:43:59Z,72,"combo_lifelong_devref",182663,"python3",97.7,100360,73827,"python3 /oomwoo/contributions/compute-benchmark/OsakaTX/scripts/nav_goal_sender.py --x 4.0 --y 4.0 --yaw 0.0 --repeat 0 --pause 1"
2026-09-10T18:43:59Z,72,"combo_lifelong_devref",182729,"bash",0.6,4480,1194,"bash /oomwoo/contributions/compute-benchmark/xbattlax/scripts/measure_ros_processes.sh --pattern python3|ros2|slam|nav2|component_container|nav_goal_sender --duration 230 --interval 2 --label combo_lifelong_devref --output /oomwoo/contributions/compute-benchmark/OsakaTX/scripts/../results/combo/combo_lifelong_devref_20260910T184017Z.csv"
2026-09-10T18:44:01Z,73,"combo_lifelong_devref",139327,"python3",0.1,73272,48023,"/usr/bin/python3 -c from ros2cli.daemon.daemonize import main; main() --name ros2-daemon --ros-domain-id 0 --rmw-implementation rmw_fastrtps_cpp"
2026-09-10T18:44:01Z,73,"combo_lifelong_devref",182523,"bash",0.0,4000,1111,"bash -c source /opt/ros/jazzy/setup.bash && bash /oomwoo/contributions/compute-benchmark/OsakaTX/scripts/run_nav2_slam_combo_bench.sh --mode lifelong --label combo_lifelong_devref --duration 240 --outdir /oomwoo/contributions/compute-benchmark/OsakaTX/results > /oomwoo/contributions/compute-benchmark/OsakaTX/results/combo/combo_lifelong_driver.log 2>&1"
2026-09-10T18:44:01Z,73,"combo_lifelong_devref",182536,"bash",0.0,3832,943,"bash /oomwoo/contributions/compute-benchmark/OsakaTX/scripts/run_nav2_slam_combo_bench.sh --mode lifelong --label combo_lifelong_devref --duration 240 --outdir /oomwoo/contributions/compute-benchmark/OsakaTX/results"
2026-09-10T18:44:01Z,73,"combo_lifelong_devref",182575,"python3",6.5,74708,49009,"python3 /oomwoo/contributions/compute-benchmark/OsakaTX/scripts/synthetic_scan_publisher.py --duration 340 --loop-s 40 --hz 5.0"
2026-09-10T18:44:01Z,73,"combo_lifelong_devref",182592,"ros2",10.9,81516,56249,"/usr/bin/python3 /opt/ros/jazzy/bin/ros2 launch nav2_bringup bringup_launch.py map:=/oomwoo/contributions/compute-benchmark/OsakaTX/scripts/../results/combo/combo_nav2_map.yaml params_file:=/oomwoo/contributions/compute-benchmark/OsakaTX/scripts/nav2_params_bench.yaml use_sim_time:=False autostart:=True slam:=False use_localization:=False"
2026-09-10T18:44:01Z,73,"combo_lifelong_devref",182612,"component_conta",17.3,140428,125477,"/opt/ros/jazzy/lib/rclcpp_components/component_container_isolated --ros-args --log-level info --ros-args -r __node:=nav2_container --params-file /tmp/launch_params_ljf44bln --params-file /tmp/launch_params_tdq1tqu6 -r /tf:=tf -r /tf_static:=tf_static"
2026-09-10T18:44:01Z,73,"combo_lifelong_devref",182663,"python3",97.7,100528,73994,"python3 /oomwoo/contributions/compute-benchmark/OsakaTX/scripts/nav_goal_sender.py --x 4.0 --y 4.0 --yaw 0.0 --repeat 0 --pause 1"
2026-09-10T18:44:01Z,73,"combo_lifelong_devref",182729,"bash",0.6,4480,1197,"bash /oomwoo/contributions/compute-benchmark/xbattlax/scripts/measure_ros_processes.sh --pattern python3|ros2|slam|nav2|component_container|nav_goal_sender --duration 230 --interval 2 --label combo_lifelong_devref --output /oomwoo/contributions/compute-benchmark/OsakaTX/scripts/../results/combo/combo_lifelong_devref_20260910T184017Z.csv"
2026-09-10T18:44:03Z,74,"combo_lifelong_devref",139327,"python3",0.1,73272,48022,"/usr/bin/python3 -c from ros2cli.daemon.daemonize import main; main() --name ros2-daemon --ros-domain-id 0 --rmw-implementation rmw_fastrtps_cpp"
2026-09-10T18:44:03Z,74,"combo_lifelong_devref",182523,"bash",0.0,4000,1113,"bash -c source /opt/ros/jazzy/setup.bash && bash /oomwoo/contributions/compute-benchmark/OsakaTX/scripts/run_nav2_slam_combo_bench.sh --mode lifelong --label combo_lifelong_devref --duration 240 --outdir /oomwoo/contributions/compute-benchmark/OsakaTX/results > /oomwoo/contributions/compute-benchmark/OsakaTX/results/combo/combo_lifelong_driver.log 2>&1"
2026-09-10T18:44:03Z,74,"combo_lifelong_devref",182536,"bash",0.0,3832,945,"bash /oomwoo/contributions/compute-benchmark/OsakaTX/scripts/run_nav2_slam_combo_bench.sh --mode lifelong --label combo_lifelong_devref --duration 240 --outdir /oomwoo/contributions/compute-benchmark/OsakaTX/results"
2026-09-10T18:44:03Z,74,"combo_lifelong_devref",182575,"python3",6.5,74708,49009,"python3 /oomwoo/contributions/compute-benchmark/OsakaTX/scripts/synthetic_scan_publisher.py --duration 340 --loop-s 40 --hz 5.0"
2026-09-10T18:44:03Z,74,"combo_lifelong_devref",182592,"ros2",10.9,81516,56250,"/usr/bin/python3 /opt/ros/jazzy/bin/ros2 launch nav2_bringup bringup_launch.py map:=/oomwoo/contributions/compute-benchmark/OsakaTX/scripts/../results/combo/combo_nav2_map.yaml params_file:=/oomwoo/contributions/compute-benchmark/OsakaTX/scripts/nav2_params_bench.yaml use_sim_time:=False autostart:=True slam:=False use_localization:=False"
2026-09-10T18:44:03Z,74,"combo_lifelong_devref",182612,"component_conta",17.3,140428,125476,"/opt/ros/jazzy/lib/rclcpp_components/component_container_isolated --ros-args --log-level info --ros-args -r __node:=nav2_container --params-file /tmp/launch_params_ljf44bln --params-file /tmp/launch_params_tdq1tqu6 -r /tf:=tf -r /tf_static:=tf_static"
2026-09-10T18:44:03Z,74,"combo_lifelong_devref",182663,"python3",97.7,100696,74163,"python3 /oomwoo/contributions/compute-benchmark/OsakaTX/scripts/nav_goal_sender.py --x 4.0 --y 4.0 --yaw 0.0 --repeat 0 --pause 1"
2026-09-10T18:44:03Z,74,"combo_lifelong_devref",182729,"bash",0.6,4480,1194,"bash /oomwoo/contributions/compute-benchmark/xbattlax/scripts/measure_ros_processes.sh --pattern python3|ros2|slam|nav2|component_container|nav_goal_sender --duration 230 --interval 2 --label combo_lifelong_devref --output /oomwoo/contributions/compute-benchmark/OsakaTX/scripts/../results/combo/combo_lifelong_devref_20260910T184017Z.csv"
2026-09-10T18:44:06Z,75,"combo_lifelong_devref",139327,"python3",0.1,73272,48022,"/usr/bin/python3 -c from ros2cli.daemon.daemonize import main; main() --name ros2-daemon --ros-domain-id 0 --rmw-implementation rmw_fastrtps_cpp"
2026-09-10T18:44:06Z,75,"combo_lifelong_devref",182523,"bash",0.0,4000,1111,"bash -c source /opt/ros/jazzy/setup.bash && bash /oomwoo/contributions/compute-benchmark/OsakaTX/scripts/run_nav2_slam_combo_bench.sh --mode lifelong --label combo_lifelong_devref --duration 240 --outdir /oomwoo/contributions/compute-benchmark/OsakaTX/results > /oomwoo/contributions/compute-benchmark/OsakaTX/results/combo/combo_lifelong_driver.log 2>&1"
2026-09-10T18:44:06Z,75,"combo_lifelong_devref",182536,"bash",0.0,3832,945,"bash /oomwoo/contributions/compute-benchmark/OsakaTX/scripts/run_nav2_slam_combo_bench.sh --mode lifelong --label combo_lifelong_devref --duration 240 --outdir /oomwoo/contributions/compute-benchmark/OsakaTX/results"
2026-09-10T18:44:06Z,75,"combo_lifelong_devref",182575,"python3",6.5,74708,49002,"python3 /oomwoo/contributions/compute-benchmark/OsakaTX/scripts/synthetic_scan_publisher.py --duration 340 --loop-s 40 --hz 5.0"
2026-09-10T18:44:06Z,75,"combo_lifelong_devref",182592,"ros2",11.0,81516,56246,"/usr/bin/python3 /opt/ros/jazzy/bin/ros2 launch nav2_bringup bringup_launch.py map:=/oomwoo/contributions/compute-benchmark/OsakaTX/scripts/../results/combo/combo_nav2_map.yaml params_file:=/oomwoo/contributions/compute-benchmark/OsakaTX/scripts/nav2_params_bench.yaml use_sim_time:=False autostart:=True slam:=False use_localization:=False"
2026-09-10T18:44:06Z,75,"combo_lifelong_devref",182612,"component_conta",17.3,140428,125475,"/opt/ros/jazzy/lib/rclcpp_components/component_container_isolated --ros-args --log-level info --ros-args -r __node:=nav2_container --params-file /tmp/launch_params_ljf44bln --params-file /tmp/launch_params_tdq1tqu6 -r /tf:=tf -r /tf_static:=tf_static"
2026-09-10T18:44:06Z,75,"combo_lifelong_devref",182663,"python3",97.7,100836,74307,"python3 /oomwoo/contributions/compute-benchmark/OsakaTX/scripts/nav_goal_sender.py --x 4.0 --y 4.0 --yaw 0.0 --repeat 0 --pause 1"
2026-09-10T18:44:06Z,75,"combo_lifelong_devref",182729,"bash",0.6,4480,1196,"bash /oomwoo/contributions/compute-benchmark/xbattlax/scripts/measure_ros_processes.sh --pattern python3|ros2|slam|nav2|component_container|nav_goal_sender --duration 230 --interval 2 --label combo_lifelong_devref --output /oomwoo/contributions/compute-benchmark/OsakaTX/scripts/../results/combo/combo_lifelong_devref_20260910T184017Z.csv"
2026-09-10T18:44:08Z,76,"combo_lifelong_devref",139327,"python3",0.1,73272,48020,"/usr/bin/python3 -c from ros2cli.daemon.daemonize import main; main() --name ros2-daemon --ros-domain-id 0 --rmw-implementation rmw_fastrtps_cpp"
2026-09-10T18:44:08Z,76,"combo_lifelong_devref",182523,"bash",0.0,4000,1113,"bash -c source /opt/ros/jazzy/setup.bash && bash /oomwoo/contributions/compute-benchmark/OsakaTX/scripts/run_nav2_slam_combo_bench.sh --mode lifelong --label combo_lifelong_devref --duration 240 --outdir /oomwoo/contributions/compute-benchmark/OsakaTX/results > /oomwoo/contributions/compute-benchmark/OsakaTX/results/combo/combo_lifelong_driver.log 2>&1"
2026-09-10T18:44:08Z,76,"combo_lifelong_devref",182536,"bash",0.0,3832,943,"bash /oomwoo/contributions/compute-benchmark/OsakaTX/scripts/run_nav2_slam_combo_bench.sh --mode lifelong --label combo_lifelong_devref --duration 240 --outdir /oomwoo/contributions/compute-benchmark/OsakaTX/results"
2026-09-10T18:44:08Z,76,"combo_lifelong_devref",182575,"python3",6.5,74708,49009,"python3 /oomwoo/contributions/compute-benchmark/OsakaTX/scripts/synthetic_scan_publisher.py --duration 340 --loop-s 40 --hz 5.0"
2026-09-10T18:44:08Z,76,"combo_lifelong_devref",182592,"ros2",11.0,81516,56251,"/usr/bin/python3 /opt/ros/jazzy/bin/ros2 launch nav2_bringup bringup_launch.py map:=/oomwoo/contributions/compute-benchmark/OsakaTX/scripts/../results/combo/combo_nav2_map.yaml params_file:=/oomwoo/contributions/compute-benchmark/OsakaTX/scripts/nav2_params_bench.yaml use_sim_time:=False autostart:=True slam:=False use_localization:=False"
2026-09-10T18:44:08Z,76,"combo_lifelong_devref",182612,"component_conta",17.4,140428,125478,"/opt/ros/jazzy/lib/rclcpp_components/component_container_isolated --ros-args --log-level info --ros-args -r __node:=nav2_container --params-file /tmp/launch_params_ljf44bln --params-file /tmp/launch_params_tdq1tqu6 -r /tf:=tf -r /tf_static:=tf_static"
2026-09-10T18:44:08Z,76,"combo_lifelong_devref",182663,"python3",97.7,101020,74487,"python3 /oomwoo/contributions/compute-benchmark/OsakaTX/scripts/nav_goal_sender.py --x 4.0 --y 4.0 --yaw 0.0 --repeat 0 --pause 1"
2026-09-10T18:44:08Z,76,"combo_lifelong_devref",182729,"bash",0.6,4480,1197,"bash /oomwoo/contributions/compute-benchmark/xbattlax/scripts/measure_ros_processes.sh --pattern python3|ros2|slam|nav2|component_container|nav_goal_sender --duration 230 --interval 2 --label combo_lifelong_devref --output /oomwoo/contributions/compute-benchmark/OsakaTX/scripts/../results/combo/combo_lifelong_devref_20260910T184017Z.csv"
2026-09-10T18:44:10Z,77,"combo_lifelong_devref",139327,"python3",0.1,73272,48019,"/usr/bin/python3 -c from ros2cli.daemon.daemonize import main; main() --name ros2-daemon --ros-domain-id 0 --rmw-implementation rmw_fastrtps_cpp"
2026-09-10T18:44:10Z,77,"combo_lifelong_devref",182523,"bash",0.0,4000,1112,"bash -c source /opt/ros/jazzy/setup.bash && bash /oomwoo/contributions/compute-benchmark/OsakaTX/scripts/run_nav2_slam_combo_bench.sh --mode lifelong --label combo_lifelong_devref --duration 240 --outdir /oomwoo/contributions/compute-benchmark/OsakaTX/results > /oomwoo/contributions/compute-benchmark/OsakaTX/results/combo/combo_lifelong_driver.log 2>&1"
2026-09-10T18:44:10Z,77,"combo_lifelong_devref",182536,"bash",0.0,3832,945,"bash /oomwoo/contributions/compute-benchmark/OsakaTX/scripts/run_nav2_slam_combo_bench.sh --mode lifelong --label combo_lifelong_devref --duration 240 --outdir /oomwoo/contributions/compute-benchmark/OsakaTX/results"
2026-09-10T18:44:10Z,77,"combo_lifelong_devref",182575,"python3",6.5,74708,49009,"python3 /oomwoo/contributions/compute-benchmark/OsakaTX/scripts/synthetic_scan_publisher.py --duration 340 --loop-s 40 --hz 5.0"
2026-09-10T18:44:10Z,77,"combo_lifelong_devref",182592,"ros2",11.0,81516,56243,"/usr/bin/python3 /opt/ros/jazzy/bin/ros2 launch nav2_bringup bringup_launch.py map:=/oomwoo/contributions/compute-benchmark/OsakaTX/scripts/../results/combo/combo_nav2_map.yaml params_file:=/oomwoo/contributions/compute-benchmark/OsakaTX/scripts/nav2_params_bench.yaml use_sim_time:=False autostart:=True slam:=False use_localization:=False"
2026-09-10T18:44:10Z,77,"combo_lifelong_devref",182612,"component_conta",17.4,140428,125475,"/opt/ros/jazzy/lib/rclcpp_components/component_container_isolated --ros-args --log-level info --ros-args -r __node:=nav2_container --params-file /tmp/launch_params_ljf44bln --params-file /tmp/launch_params_tdq1tqu6 -r /tf:=tf -r /tf_static:=tf_static"
2026-09-10T18:44:10Z,77,"combo_lifelong_devref",182663,"python3",97.8,101188,74654,"python3 /oomwoo/contributions/compute-benchmark/OsakaTX/scripts/nav_goal_sender.py --x 4.0 --y 4.0 --yaw 0.0 --repeat 0 --pause 1"
2026-09-10T18:44:10Z,77,"combo_lifelong_devref",182729,"bash",0.6,4480,1197,"bash /oomwoo/contributions/compute-benchmark/xbattlax/scripts/measure_ros_processes.sh --pattern python3|ros2|slam|nav2|component_container|nav_goal_sender --duration 230 --interval 2 --label combo_lifelong_devref --output /oomwoo/contributions/compute-benchmark/OsakaTX/scripts/../results/combo/combo_lifelong_devref_20260910T184017Z.csv"
2026-09-10T18:44:12Z,78,"combo_lifelong_devref",139327,"python3",0.1,73272,48022,"/usr/bin/python3 -c from ros2cli.daemon.daemonize import main; main() --name ros2-daemon --ros-domain-id 0 --rmw-implementation rmw_fastrtps_cpp"
2026-09-10T18:44:12Z,78,"combo_lifelong_devref",182523,"bash",0.0,4000,1113,"bash -c source /opt/ros/jazzy/setup.bash && bash /oomwoo/contributions/compute-benchmark/OsakaTX/scripts/run_nav2_slam_combo_bench.sh --mode lifelong --label combo_lifelong_devref --duration 240 --outdir /oomwoo/contributions/compute-benchmark/OsakaTX/results > /oomwoo/contributions/compute-benchmark/OsakaTX/results/combo/combo_lifelong_driver.log 2>&1"
2026-09-10T18:44:12Z,78,"combo_lifelong_devref",182536,"bash",0.0,3832,944,"bash /oomwoo/contributions/compute-benchmark/OsakaTX/scripts/run_nav2_slam_combo_bench.sh --mode lifelong --label combo_lifelong_devref --duration 240 --outdir /oomwoo/contributions/compute-benchmark/OsakaTX/results"
2026-09-10T18:44:12Z,78,"combo_lifelong_devref",182575,"python3",6.5,74708,49009,"python3 /oomwoo/contributions/compute-benchmark/OsakaTX/scripts/synthetic_scan_publisher.py --duration 340 --loop-s 40 --hz 5.0"
2026-09-10T18:44:12Z,78,"combo_lifelong_devref",182592,"ros2",11.0,81516,56251,"/usr/bin/python3 /opt/ros/jazzy/bin/ros2 launch nav2_bringup bringup_launch.py map:=/oomwoo/contributions/compute-benchmark/OsakaTX/scripts/../results/combo/combo_nav2_map.yaml params_file:=/oomwoo/contributions/compute-benchmark/OsakaTX/scripts/nav2_params_bench.yaml use_sim_time:=False autostart:=True slam:=False use_localization:=False"
2026-09-10T18:44:12Z,78,"combo_lifelong_devref",182612,"component_conta",17.4,140428,125478,"/opt/ros/jazzy/lib/rclcpp_components/component_container_isolated --ros-args --log-level info --ros-args -r __node:=nav2_container --params-file /tmp/launch_params_ljf44bln --params-file /tmp/launch_params_tdq1tqu6 -r /tf:=tf -r /tf_static:=tf_static"
2026-09-10T18:44:12Z,78,"combo_lifelong_devref",182663,"python3",97.8,101352,74819,"python3 /oomwoo/contributions/compute-benchmark/OsakaTX/scripts/nav_goal_sender.py --x 4.0 --y 4.0 --yaw 0.0 --repeat 0 --pause 1"
2026-09-10T18:44:12Z,78,"combo_lifelong_devref",182729,"bash",0.6,4480,1199,"bash /oomwoo/contributions/compute-benchmark/xbattlax/scripts/measure_ros_processes.sh --pattern python3|ros2|slam|nav2|component_container|nav_goal_sender --duration 230 --interval 2 --label combo_lifelong_devref --output /oomwoo/contributions/compute-benchmark/OsakaTX/scripts/../results/combo/combo_lifelong_devref_20260910T184017Z.csv"
2026-09-10T18:44:15Z,79,"combo_lifelong_devref",139327,"python3",0.1,73272,48022,"/usr/bin/python3 -c from ros2cli.daemon.daemonize import main; main() --name ros2-daemon --ros-domain-id 0 --rmw-implementation rmw_fastrtps_cpp"
2026-09-10T18:44:15Z,79,"combo_lifelong_devref",182523,"bash",0.0,4000,1112,"bash -c source /opt/ros/jazzy/setup.bash && bash /oomwoo/contributions/compute-benchmark/OsakaTX/scripts/run_nav2_slam_combo_bench.sh --mode lifelong --label combo_lifelong_devref --duration 240 --outdir /oomwoo/contributions/compute-benchmark/OsakaTX/results > /oomwoo/contributions/compute-benchmark/OsakaTX/results/combo/combo_lifelong_driver.log 2>&1"
2026-09-10T18:44:15Z,79,"combo_lifelong_devref",182536,"bash",0.0,3832,944,"bash /oomwoo/contributions/compute-benchmark/OsakaTX/scripts/run_nav2_slam_combo_bench.sh --mode lifelong --label combo_lifelong_devref --duration 240 --outdir /oomwoo/contributions/compute-benchmark/OsakaTX/results"
2026-09-10T18:44:15Z,79,"combo_lifelong_devref",182575,"python3",6.5,74708,49000,"python3 /oomwoo/contributions/compute-benchmark/OsakaTX/scripts/synthetic_scan_publisher.py --duration 340 --loop-s 40 --hz 5.0"
2026-09-10T18:44:15Z,79,"combo_lifelong_devref",182592,"ros2",11.0,81516,56249,"/usr/bin/python3 /opt/ros/jazzy/bin/ros2 launch nav2_bringup bringup_launch.py map:=/oomwoo/contributions/compute-benchmark/OsakaTX/scripts/../results/combo/combo_nav2_map.yaml params_file:=/oomwoo/contributions/compute-benchmark/OsakaTX/scripts/nav2_params_bench.yaml use_sim_time:=False autostart:=True slam:=False use_localization:=False"
2026-09-10T18:44:15Z,79,"combo_lifelong_devref",182612,"component_conta",17.4,140428,125475,"/opt/ros/jazzy/lib/rclcpp_components/component_container_isolated --ros-args --log-level info --ros-args -r __node:=nav2_container --params-file /tmp/launch_params_ljf44bln --params-file /tmp/launch_params_tdq1tqu6 -r /tf:=tf -r /tf_static:=tf_static"
2026-09-10T18:44:15Z,79,"combo_lifelong_devref",182663,"python3",97.8,101544,75010,"python3 /oomwoo/contributions/compute-benchmark/OsakaTX/scripts/nav_goal_sender.py --x 4.0 --y 4.0 --yaw 0.0 --repeat 0 --pause 1"
2026-09-10T18:44:15Z,79,"combo_lifelong_devref",182729,"bash",0.6,4480,1197,"bash /oomwoo/contributions/compute-benchmark/xbattlax/scripts/measure_ros_processes.sh --pattern python3|ros2|slam|nav2|component_container|nav_goal_sender --duration 230 --interval 2 --label combo_lifelong_devref --output /oomwoo/contributions/compute-benchmark/OsakaTX/scripts/../results/combo/combo_lifelong_devref_20260910T184017Z.csv"
2026-09-10T18:44:17Z,80,"combo_lifelong_devref",139327,"python3",0.1,73272,48022,"/usr/bin/python3 -c from ros2cli.daemon.daemonize import main; main() --name ros2-daemon --ros-domain-id 0 --rmw-implementation rmw_fastrtps_cpp"
2026-09-10T18:44:17Z,80,"combo_lifelong_devref",182523,"bash",0.0,4000,1112,"bash -c source /opt/ros/jazzy/setup.bash && bash /oomwoo/contributions/compute-benchmark/OsakaTX/scripts/run_nav2_slam_combo_bench.sh --mode lifelong --label combo_lifelong_devref --duration 240 --outdir /oomwoo/contributions/compute-benchmark/OsakaTX/results > /oomwoo/contributions/compute-benchmark/OsakaTX/results/combo/combo_lifelong_driver.log 2>&1"
2026-09-10T18:44:17Z,80,"combo_lifelong_devref",182536,"bash",0.0,3832,943,"bash /oomwoo/contributions/compute-benchmark/OsakaTX/scripts/run_nav2_slam_combo_bench.sh --mode lifelong --label combo_lifelong_devref --duration 240 --outdir /oomwoo/contributions/compute-benchmark/OsakaTX/results"
2026-09-10T18:44:17Z,80,"combo_lifelong_devref",182575,"python3",6.5,74708,49009,"python3 /oomwoo/contributions/compute-benchmark/OsakaTX/scripts/synthetic_scan_publisher.py --duration 340 --loop-s 40 --hz 5.0"
2026-09-10T18:44:17Z,80,"combo_lifelong_devref",182592,"ros2",11.1,81516,56249,"/usr/bin/python3 /opt/ros/jazzy/bin/ros2 launch nav2_bringup bringup_launch.py map:=/oomwoo/contributions/compute-benchmark/OsakaTX/scripts/../results/combo/combo_nav2_map.yaml params_file:=/oomwoo/contributions/compute-benchmark/OsakaTX/scripts/nav2_params_bench.yaml use_sim_time:=False autostart:=True slam:=False use_localization:=False"
2026-09-10T18:44:17Z,80,"combo_lifelong_devref",182612,"component_conta",17.4,140428,125475,"/opt/ros/jazzy/lib/rclcpp_components/component_container_isolated --ros-args --log-level info --ros-args -r __node:=nav2_container --params-file /tmp/launch_params_ljf44bln --params-file /tmp/launch_params_tdq1tqu6 -r /tf:=tf -r /tf_static:=tf_static"
2026-09-10T18:44:17Z,80,"combo_lifelong_devref",182663,"python3",97.8,101736,75203,"python3 /oomwoo/contributions/compute-benchmark/OsakaTX/scripts/nav_goal_sender.py --x 4.0 --y 4.0 --yaw 0.0 --repeat 0 --pause 1"
2026-09-10T18:44:17Z,80,"combo_lifelong_devref",182729,"bash",0.6,4480,1197,"bash /oomwoo/contributions/compute-benchmark/xbattlax/scripts/measure_ros_processes.sh --pattern python3|ros2|slam|nav2|component_container|nav_goal_sender --duration 230 --interval 2 --label combo_lifelong_devref --output /oomwoo/contributions/compute-benchmark/OsakaTX/scripts/../results/combo/combo_lifelong_devref_20260910T184017Z.csv"
2026-09-10T18:44:19Z,81,"combo_lifelong_devref",139327,"python3",0.1,73272,48023,"/usr/bin/python3 -c from ros2cli.daemon.daemonize import main; main() --name ros2-daemon --ros-domain-id 0 --rmw-implementation rmw_fastrtps_cpp"
2026-09-10T18:44:19Z,81,"combo_lifelong_devref",182523,"bash",0.0,4000,1111,"bash -c source /opt/ros/jazzy/setup.bash && bash /oomwoo/contributions/compute-benchmark/OsakaTX/scripts/run_nav2_slam_combo_bench.sh --mode lifelong --label combo_lifelong_devref --duration 240 --outdir /oomwoo/contributions/compute-benchmark/OsakaTX/results > /oomwoo/contributions/compute-benchmark/OsakaTX/results/combo/combo_lifelong_driver.log 2>&1"
2026-09-10T18:44:19Z,81,"combo_lifelong_devref",182536,"bash",0.0,3832,944,"bash /oomwoo/contributions/compute-benchmark/OsakaTX/scripts/run_nav2_slam_combo_bench.sh --mode lifelong --label combo_lifelong_devref --duration 240 --outdir /oomwoo/contributions/compute-benchmark/OsakaTX/results"
2026-09-10T18:44:19Z,81,"combo_lifelong_devref",182575,"python3",6.5,74708,49009,"python3 /oomwoo/contributions/compute-benchmark/OsakaTX/scripts/synthetic_scan_publisher.py --duration 340 --loop-s 40 --hz 5.0"
2026-09-10T18:44:19Z,81,"combo_lifelong_devref",182592,"ros2",11.1,81516,56251,"/usr/bin/python3 /opt/ros/jazzy/bin/ros2 launch nav2_bringup bringup_launch.py map:=/oomwoo/contributions/compute-benchmark/OsakaTX/scripts/../results/combo/combo_nav2_map.yaml params_file:=/oomwoo/contributions/compute-benchmark/OsakaTX/scripts/nav2_params_bench.yaml use_sim_time:=False autostart:=True slam:=False use_localization:=False"
2026-09-10T18:44:19Z,81,"combo_lifelong_devref",182612,"component_conta",17.5,140428,125477,"/opt/ros/jazzy/lib/rclcpp_components/component_container_isolated --ros-args --log-level info --ros-args -r __node:=nav2_container --params-file /tmp/launch_params_ljf44bln --params-file /tmp/launch_params_tdq1tqu6 -r /tf:=tf -r /tf_static:=tf_static"
2026-09-10T18:44:19Z,81,"combo_lifelong_devref",182663,"python3",97.8,101900,75366,"python3 /oomwoo/contributions/compute-benchmark/OsakaTX/scripts/nav_goal_sender.py --x 4.0 --y 4.0 --yaw 0.0 --repeat 0 --pause 1"
2026-09-10T18:44:19Z,81,"combo_lifelong_devref",182729,"bash",0.6,4480,1196,"bash /oomwoo/contributions/compute-benchmark/xbattlax/scripts/measure_ros_processes.sh --pattern python3|ros2|slam|nav2|component_container|nav_goal_sender --duration 230 --interval 2 --label combo_lifelong_devref --output /oomwoo/contributions/compute-benchmark/OsakaTX/scripts/../results/combo/combo_lifelong_devref_20260910T184017Z.csv"
2026-09-10T18:44:22Z,82,"combo_lifelong_devref",139327,"python3",0.1,73272,48022,"/usr/bin/python3 -c from ros2cli.daemon.daemonize import main; main() --name ros2-daemon --ros-domain-id 0 --rmw-implementation rmw_fastrtps_cpp"
2026-09-10T18:44:22Z,82,"combo_lifelong_devref",182523,"bash",0.0,4000,1111,"bash -c source /opt/ros/jazzy/setup.bash && bash /oomwoo/contributions/compute-benchmark/OsakaTX/scripts/run_nav2_slam_combo_bench.sh --mode lifelong --label combo_lifelong_devref --duration 240 --outdir /oomwoo/contributions/compute-benchmark/OsakaTX/results > /oomwoo/contributions/compute-benchmark/OsakaTX/results/combo/combo_lifelong_driver.log 2>&1"
2026-09-10T18:44:22Z,82,"combo_lifelong_devref",182536,"bash",0.0,3832,945,"bash /oomwoo/contributions/compute-benchmark/OsakaTX/scripts/run_nav2_slam_combo_bench.sh --mode lifelong --label combo_lifelong_devref --duration 240 --outdir /oomwoo/contributions/compute-benchmark/OsakaTX/results"
2026-09-10T18:44:22Z,82,"combo_lifelong_devref",182575,"python3",6.5,74708,49009,"python3 /oomwoo/contributions/compute-benchmark/OsakaTX/scripts/synthetic_scan_publisher.py --duration 340 --loop-s 40 --hz 5.0"
2026-09-10T18:44:22Z,82,"combo_lifelong_devref",182592,"ros2",11.1,81516,56250,"/usr/bin/python3 /opt/ros/jazzy/bin/ros2 launch nav2_bringup bringup_launch.py map:=/oomwoo/contributions/compute-benchmark/OsakaTX/scripts/../results/combo/combo_nav2_map.yaml params_file:=/oomwoo/contributions/compute-benchmark/OsakaTX/scripts/nav2_params_bench.yaml use_sim_time:=False autostart:=True slam:=False use_localization:=False"
2026-09-10T18:44:22Z,82,"combo_lifelong_devref",182612,"component_conta",17.5,140428,125478,"/opt/ros/jazzy/lib/rclcpp_components/component_container_isolated --ros-args --log-level info --ros-args -r __node:=nav2_container --params-file /tmp/launch_params_ljf44bln --params-file /tmp/launch_params_tdq1tqu6 -r /tf:=tf -r /tf_static:=tf_static"
2026-09-10T18:44:22Z,82,"combo_lifelong_devref",182663,"python3",97.8,102072,75538,"python3 /oomwoo/contributions/compute-benchmark/OsakaTX/scripts/nav_goal_sender.py --x 4.0 --y 4.0 --yaw 0.0 --repeat 0 --pause 1"
2026-09-10T18:44:22Z,82,"combo_lifelong_devref",182729,"bash",0.6,4480,1196,"bash /oomwoo/contributions/compute-benchmark/xbattlax/scripts/measure_ros_processes.sh --pattern python3|ros2|slam|nav2|component_container|nav_goal_sender --duration 230 --interval 2 --label combo_lifelong_devref --output /oomwoo/contributions/compute-benchmark/OsakaTX/scripts/../results/combo/combo_lifelong_devref_20260910T184017Z.csv"
2026-09-10T18:44:24Z,83,"combo_lifelong_devref",139327,"python3",0.1,73272,48022,"/usr/bin/python3 -c from ros2cli.daemon.daemonize import main; main() --name ros2-daemon --ros-domain-id 0 --rmw-implementation rmw_fastrtps_cpp"
2026-09-10T18:44:24Z,83,"combo_lifelong_devref",182523,"bash",0.0,4000,1112,"bash -c source /opt/ros/jazzy/setup.bash && bash /oomwoo/contributions/compute-benchmark/OsakaTX/scripts/run_nav2_slam_combo_bench.sh --mode lifelong --label combo_lifelong_devref --duration 240 --outdir /oomwoo/contributions/compute-benchmark/OsakaTX/results > /oomwoo/contributions/compute-benchmark/OsakaTX/results/combo/combo_lifelong_driver.log 2>&1"
2026-09-10T18:44:24Z,83,"combo_lifelong_devref",182536,"bash",0.0,3832,944,"bash /oomwoo/contributions/compute-benchmark/OsakaTX/scripts/run_nav2_slam_combo_bench.sh --mode lifelong --label combo_lifelong_devref --duration 240 --outdir /oomwoo/contributions/compute-benchmark/OsakaTX/results"
2026-09-10T18:44:24Z,83,"combo_lifelong_devref",182575,"python3",6.5,74708,49009,"python3 /oomwoo/contributions/compute-benchmark/OsakaTX/scripts/synthetic_scan_publisher.py --duration 340 --loop-s 40 --hz 5.0"
2026-09-10T18:44:24Z,83,"combo_lifelong_devref",182592,"ros2",11.1,81516,56248,"/usr/bin/python3 /opt/ros/jazzy/bin/ros2 launch nav2_bringup bringup_launch.py map:=/oomwoo/contributions/compute-benchmark/OsakaTX/scripts/../results/combo/combo_nav2_map.yaml params_file:=/oomwoo/contributions/compute-benchmark/OsakaTX/scripts/nav2_params_bench.yaml use_sim_time:=False autostart:=True slam:=False use_localization:=False"
2026-09-10T18:44:24Z,83,"combo_lifelong_devref",182612,"component_conta",17.5,140428,125476,"/opt/ros/jazzy/lib/rclcpp_components/component_container_isolated --ros-args --log-level info --ros-args -r __node:=nav2_container --params-file /tmp/launch_params_ljf44bln --params-file /tmp/launch_params_tdq1tqu6 -r /tf:=tf -r /tf_static:=tf_static"
2026-09-10T18:44:24Z,83,"combo_lifelong_devref",182663,"python3",97.8,102260,75727,"python3 /oomwoo/contributions/compute-benchmark/OsakaTX/scripts/nav_goal_sender.py --x 4.0 --y 4.0 --yaw 0.0 --repeat 0 --pause 1"
2026-09-10T18:44:24Z,83,"combo_lifelong_devref",182729,"bash",0.6,4480,1196,"bash /oomwoo/contributions/compute-benchmark/xbattlax/scripts/measure_ros_processes.sh --pattern python3|ros2|slam|nav2|component_container|nav_goal_sender --duration 230 --interval 2 --label combo_lifelong_devref --output /oomwoo/contributions/compute-benchmark/OsakaTX/scripts/../results/combo/combo_lifelong_devref_20260910T184017Z.csv"
2026-09-10T18:44:26Z,84,"combo_lifelong_devref",139327,"python3",0.1,73272,48022,"/usr/bin/python3 -c from ros2cli.daemon.daemonize import main; main() --name ros2-daemon --ros-domain-id 0 --rmw-implementation rmw_fastrtps_cpp"
2026-09-10T18:44:26Z,84,"combo_lifelong_devref",182523,"bash",0.0,4000,1113,"bash -c source /opt/ros/jazzy/setup.bash && bash /oomwoo/contributions/compute-benchmark/OsakaTX/scripts/run_nav2_slam_combo_bench.sh --mode lifelong --label combo_lifelong_devref --duration 240 --outdir /oomwoo/contributions/compute-benchmark/OsakaTX/results > /oomwoo/contributions/compute-benchmark/OsakaTX/results/combo/combo_lifelong_driver.log 2>&1"
2026-09-10T18:44:26Z,84,"combo_lifelong_devref",182536,"bash",0.0,3832,943,"bash /oomwoo/contributions/compute-benchmark/OsakaTX/scripts/run_nav2_slam_combo_bench.sh --mode lifelong --label combo_lifelong_devref --duration 240 --outdir /oomwoo/contributions/compute-benchmark/OsakaTX/results"
2026-09-10T18:44:26Z,84,"combo_lifelong_devref",182575,"python3",6.5,74708,49000,"python3 /oomwoo/contributions/compute-benchmark/OsakaTX/scripts/synthetic_scan_publisher.py --duration 340 --loop-s 40 --hz 5.0"
2026-09-10T18:44:26Z,84,"combo_lifelong_devref",182592,"ros2",11.1,81516,56250,"/usr/bin/python3 /opt/ros/jazzy/bin/ros2 launch nav2_bringup bringup_launch.py map:=/oomwoo/contributions/compute-benchmark/OsakaTX/scripts/../results/combo/combo_nav2_map.yaml params_file:=/oomwoo/contributions/compute-benchmark/OsakaTX/scripts/nav2_params_bench.yaml use_sim_time:=False autostart:=True slam:=False use_localization:=False"
2026-09-10T18:44:26Z,84,"combo_lifelong_devref",182612,"component_conta",17.5,140428,125475,"/opt/ros/jazzy/lib/rclcpp_components/component_container_isolated --ros-args --log-level info --ros-args -r __node:=nav2_container --params-file /tmp/launch_params_ljf44bln --params-file /tmp/launch_params_tdq1tqu6 -r /tf:=tf -r /tf_static:=tf_static"
2026-09-10T18:44:26Z,84,"combo_lifelong_devref",182663,"python3",97.8,102424,75891,"python3 /oomwoo/contributions/compute-benchmark/OsakaTX/scripts/nav_goal_sender.py --x 4.0 --y 4.0 --yaw 0.0 --repeat 0 --pause 1"
2026-09-10T18:44:26Z,84,"combo_lifelong_devref",182729,"bash",0.6,4480,1196,"bash /oomwoo/contributions/compute-benchmark/xbattlax/scripts/measure_ros_processes.sh --pattern python3|ros2|slam|nav2|component_container|nav_goal_sender --duration 230 --interval 2 --label combo_lifelong_devref --output /oomwoo/contributions/compute-benchmark/OsakaTX/scripts/../results/combo/combo_lifelong_devref_20260910T184017Z.csv"
2026-09-10T18:44:29Z,85,"combo_lifelong_devref",139327,"python3",0.1,73272,48019,"/usr/bin/python3 -c from ros2cli.daemon.daemonize import main; main() --name ros2-daemon --ros-domain-id 0 --rmw-implementation rmw_fastrtps_cpp"
2026-09-10T18:44:29Z,85,"combo_lifelong_devref",182523,"bash",0.0,4000,1112,"bash -c source /opt/ros/jazzy/setup.bash && bash /oomwoo/contributions/compute-benchmark/OsakaTX/scripts/run_nav2_slam_combo_bench.sh --mode lifelong --label combo_lifelong_devref --duration 240 --outdir /oomwoo/contributions/compute-benchmark/OsakaTX/results > /oomwoo/contributions/compute-benchmark/OsakaTX/results/combo/combo_lifelong_driver.log 2>&1"
2026-09-10T18:44:29Z,85,"combo_lifelong_devref",182536,"bash",0.0,3832,945,"bash /oomwoo/contributions/compute-benchmark/OsakaTX/scripts/run_nav2_slam_combo_bench.sh --mode lifelong --label combo_lifelong_devref --duration 240 --outdir /oomwoo/contributions/compute-benchmark/OsakaTX/results"
2026-09-10T18:44:29Z,85,"combo_lifelong_devref",182575,"python3",6.5,74708,49000,"python3 /oomwoo/contributions/compute-benchmark/OsakaTX/scripts/synthetic_scan_publisher.py --duration 340 --loop-s 40 --hz 5.0"
2026-09-10T18:44:29Z,85,"combo_lifelong_devref",182592,"ros2",11.1,81516,56243,"/usr/bin/python3 /opt/ros/jazzy/bin/ros2 launch nav2_bringup bringup_launch.py map:=/oomwoo/contributions/compute-benchmark/OsakaTX/scripts/../results/combo/combo_nav2_map.yaml params_file:=/oomwoo/contributions/compute-benchmark/OsakaTX/scripts/nav2_params_bench.yaml use_sim_time:=False autostart:=True slam:=False use_localization:=False"
2026-09-10T18:44:29Z,85,"combo_lifelong_devref",182612,"component_conta",17.5,140428,125476,"/opt/ros/jazzy/lib/rclcpp_components/component_container_isolated --ros-args --log-level info --ros-args -r __node:=nav2_container --params-file /tmp/launch_params_ljf44bln --params-file /tmp/launch_params_tdq1tqu6 -r /tf:=tf -r /tf_static:=tf_static"
2026-09-10T18:44:29Z,85,"combo_lifelong_devref",182663,"python3",97.9,102612,76079,"python3 /oomwoo/contributions/compute-benchmark/OsakaTX/scripts/nav_goal_sender.py --x 4.0 --y 4.0 --yaw 0.0 --repeat 0 --pause 1"
2026-09-10T18:44:29Z,85,"combo_lifelong_devref",182729,"bash",0.6,4480,1196,"bash /oomwoo/contributions/compute-benchmark/xbattlax/scripts/measure_ros_processes.sh --pattern python3|ros2|slam|nav2|component_container|nav_goal_sender --duration 230 --interval 2 --label combo_lifelong_devref --output /oomwoo/contributions/compute-benchmark/OsakaTX/scripts/../results/combo/combo_lifelong_devref_20260910T184017Z.csv"
2026-09-10T18:44:31Z,86,"combo_lifelong_devref",139327,"python3",0.1,73272,48020,"/usr/bin/python3 -c from ros2cli.daemon.daemonize import main; main() --name ros2-daemon --ros-domain-id 0 --rmw-implementation rmw_fastrtps_cpp"
2026-09-10T18:44:31Z,86,"combo_lifelong_devref",182523,"bash",0.0,4000,1111,"bash -c source /opt/ros/jazzy/setup.bash && bash /oomwoo/contributions/compute-benchmark/OsakaTX/scripts/run_nav2_slam_combo_bench.sh --mode lifelong --label combo_lifelong_devref --duration 240 --outdir /oomwoo/contributions/compute-benchmark/OsakaTX/results > /oomwoo/contributions/compute-benchmark/OsakaTX/results/combo/combo_lifelong_driver.log 2>&1"
2026-09-10T18:44:31Z,86,"combo_lifelong_devref",182536,"bash",0.0,3832,944,"bash /oomwoo/contributions/compute-benchmark/OsakaTX/scripts/run_nav2_slam_combo_bench.sh --mode lifelong --label combo_lifelong_devref --duration 240 --outdir /oomwoo/contributions/compute-benchmark/OsakaTX/results"
2026-09-10T18:44:31Z,86,"combo_lifelong_devref",182575,"python3",6.5,74708,49010,"python3 /oomwoo/contributions/compute-benchmark/OsakaTX/scripts/synthetic_scan_publisher.py --duration 340 --loop-s 40 --hz 5.0"
2026-09-10T18:44:31Z,86,"combo_lifelong_devref",182592,"ros2",11.2,81516,56250,"/usr/bin/python3 /opt/ros/jazzy/bin/ros2 launch nav2_bringup bringup_launch.py map:=/oomwoo/contributions/compute-benchmark/OsakaTX/scripts/../results/combo/combo_nav2_map.yaml params_file:=/oomwoo/contributions/compute-benchmark/OsakaTX/scripts/nav2_params_bench.yaml use_sim_time:=False autostart:=True slam:=False use_localization:=False"
2026-09-10T18:44:31Z,86,"combo_lifelong_devref",182612,"component_conta",17.5,140428,125477,"/opt/ros/jazzy/lib/rclcpp_components/component_container_isolated --ros-args --log-level info --ros-args -r __node:=nav2_container --params-file /tmp/launch_params_ljf44bln --params-file /tmp/launch_params_tdq1tqu6 -r /tf:=tf -r /tf_static:=tf_static"
2026-09-10T18:44:31Z,86,"combo_lifelong_devref",182663,"python3",97.8,102784,76251,"python3 /oomwoo/contributions/compute-benchmark/OsakaTX/scripts/nav_goal_sender.py --x 4.0 --y 4.0 --yaw 0.0 --repeat 0 --pause 1"
2026-09-10T18:44:31Z,86,"combo_lifelong_devref",182729,"bash",0.6,4480,1197,"bash /oomwoo/contributions/compute-benchmark/xbattlax/scripts/measure_ros_processes.sh --pattern python3|ros2|slam|nav2|component_container|nav_goal_sender --duration 230 --interval 2 --label combo_lifelong_devref --output /oomwoo/contributions/compute-benchmark/OsakaTX/scripts/../results/combo/combo_lifelong_devref_20260910T184017Z.csv"
2026-09-10T18:44:33Z,87,"combo_lifelong_devref",139327,"python3",0.1,73272,48020,"/usr/bin/python3 -c from ros2cli.daemon.daemonize import main; main() --name ros2-daemon --ros-domain-id 0 --rmw-implementation rmw_fastrtps_cpp"
2026-09-10T18:44:33Z,87,"combo_lifelong_devref",182523,"bash",0.0,4000,1113,"bash -c source /opt/ros/jazzy/setup.bash && bash /oomwoo/contributions/compute-benchmark/OsakaTX/scripts/run_nav2_slam_combo_bench.sh --mode lifelong --label combo_lifelong_devref --duration 240 --outdir /oomwoo/contributions/compute-benchmark/OsakaTX/results > /oomwoo/contributions/compute-benchmark/OsakaTX/results/combo/combo_lifelong_driver.log 2>&1"
2026-09-10T18:44:33Z,87,"combo_lifelong_devref",182536,"bash",0.0,3832,943,"bash /oomwoo/contributions/compute-benchmark/OsakaTX/scripts/run_nav2_slam_combo_bench.sh --mode lifelong --label combo_lifelong_devref --duration 240 --outdir /oomwoo/contributions/compute-benchmark/OsakaTX/results"
2026-09-10T18:44:33Z,87,"combo_lifelong_devref",182575,"python3",6.5,74708,49004,"python3 /oomwoo/contributions/compute-benchmark/OsakaTX/scripts/synthetic_scan_publisher.py --duration 340 --loop-s 40 --hz 5.0"
2026-09-10T18:44:33Z,87,"combo_lifelong_devref",182592,"ros2",11.2,81516,56251,"/usr/bin/python3 /opt/ros/jazzy/bin/ros2 launch nav2_bringup bringup_launch.py map:=/oomwoo/contributions/compute-benchmark/OsakaTX/scripts/../results/combo/combo_nav2_map.yaml params_file:=/oomwoo/contributions/compute-benchmark/OsakaTX/scripts/nav2_params_bench.yaml use_sim_time:=False autostart:=True slam:=False use_localization:=False"
2026-09-10T18:44:33Z,87,"combo_lifelong_devref",182612,"component_conta",17.5,140428,125475,"/opt/ros/jazzy/lib/rclcpp_components/component_container_isolated --ros-args --log-level info --ros-args -r __node:=nav2_container --params-file /tmp/launch_params_ljf44bln --params-file /tmp/launch_params_tdq1tqu6 -r /tf:=tf -r /tf_static:=tf_static"
2026-09-10T18:44:33Z,87,"combo_lifelong_devref",182663,"python3",97.8,102952,76418,"python3 /oomwoo/contributions/compute-benchmark/OsakaTX/scripts/nav_goal_sender.py --x 4.0 --y 4.0 --yaw 0.0 --repeat 0 --pause 1"
2026-09-10T18:44:33Z,87,"combo_lifelong_devref",182729,"bash",0.6,4480,1197,"bash /oomwoo/contributions/compute-benchmark/xbattlax/scripts/measure_ros_processes.sh --pattern python3|ros2|slam|nav2|component_container|nav_goal_sender --duration 230 --interval 2 --label combo_lifelong_devref --output /oomwoo/contributions/compute-benchmark/OsakaTX/scripts/../results/combo/combo_lifelong_devref_20260910T184017Z.csv"
2026-09-10T18:44:36Z,88,"combo_lifelong_devref",139327,"python3",0.1,73272,48022,"/usr/bin/python3 -c from ros2cli.daemon.daemonize import main; main() --name ros2-daemon --ros-domain-id 0 --rmw-implementation rmw_fastrtps_cpp"
2026-09-10T18:44:36Z,88,"combo_lifelong_devref",182523,"bash",0.0,4000,1113,"bash -c source /opt/ros/jazzy/setup.bash && bash /oomwoo/contributions/compute-benchmark/OsakaTX/scripts/run_nav2_slam_combo_bench.sh --mode lifelong --label combo_lifelong_devref --duration 240 --outdir /oomwoo/contributions/compute-benchmark/OsakaTX/results > /oomwoo/contributions/compute-benchmark/OsakaTX/results/combo/combo_lifelong_driver.log 2>&1"
2026-09-10T18:44:36Z,88,"combo_lifelong_devref",182536,"bash",0.0,3832,945,"bash /oomwoo/contributions/compute-benchmark/OsakaTX/scripts/run_nav2_slam_combo_bench.sh --mode lifelong --label combo_lifelong_devref --duration 240 --outdir /oomwoo/contributions/compute-benchmark/OsakaTX/results"
2026-09-10T18:44:36Z,88,"combo_lifelong_devref",182575,"python3",6.5,74708,49009,"python3 /oomwoo/contributions/compute-benchmark/OsakaTX/scripts/synthetic_scan_publisher.py --duration 340 --loop-s 40 --hz 5.0"
2026-09-10T18:44:36Z,88,"combo_lifelong_devref",182592,"ros2",11.2,81516,56242,"/usr/bin/python3 /opt/ros/jazzy/bin/ros2 launch nav2_bringup bringup_launch.py map:=/oomwoo/contributions/compute-benchmark/OsakaTX/scripts/../results/combo/combo_nav2_map.yaml params_file:=/oomwoo/contributions/compute-benchmark/OsakaTX/scripts/nav2_params_bench.yaml use_sim_time:=False autostart:=True slam:=False use_localization:=False"
2026-09-10T18:44:36Z,88,"combo_lifelong_devref",182612,"component_conta",17.6,140428,125478,"/opt/ros/jazzy/lib/rclcpp_components/component_container_isolated --ros-args --log-level info --ros-args -r __node:=nav2_container --params-file /tmp/launch_params_ljf44bln --params-file /tmp/launch_params_tdq1tqu6 -r /tf:=tf -r /tf_static:=tf_static"
2026-09-10T18:44:36Z,88,"combo_lifelong_devref",182663,"python3",97.8,103140,76607,"python3 /oomwoo/contributions/compute-benchmark/OsakaTX/scripts/nav_goal_sender.py --x 4.0 --y 4.0 --yaw 0.0 --repeat 0 --pause 1"
2026-09-10T18:44:36Z,88,"combo_lifelong_devref",182729,"bash",0.6,4480,1194,"bash /oomwoo/contributions/compute-benchmark/xbattlax/scripts/measure_ros_processes.sh --pattern python3|ros2|slam|nav2|component_container|nav_goal_sender --duration 230 --interval 2 --label combo_lifelong_devref --output /oomwoo/contributions/compute-benchmark/OsakaTX/scripts/../results/combo/combo_lifelong_devref_20260910T184017Z.csv"
2026-09-10T18:44:38Z,89,"combo_lifelong_devref",139327,"python3",0.1,73272,48018,"/usr/bin/python3 -c from ros2cli.daemon.daemonize import main; main() --name ros2-daemon --ros-domain-id 0 --rmw-implementation rmw_fastrtps_cpp"
2026-09-10T18:44:38Z,89,"combo_lifelong_devref",182523,"bash",0.0,4000,1112,"bash -c source /opt/ros/jazzy/setup.bash && bash /oomwoo/contributions/compute-benchmark/OsakaTX/scripts/run_nav2_slam_combo_bench.sh --mode lifelong --label combo_lifelong_devref --duration 240 --outdir /oomwoo/contributions/compute-benchmark/OsakaTX/results > /oomwoo/contributions/compute-benchmark/OsakaTX/results/combo/combo_lifelong_driver.log 2>&1"
2026-09-10T18:44:38Z,89,"combo_lifelong_devref",182536,"bash",0.0,3832,945,"bash /oomwoo/contributions/compute-benchmark/OsakaTX/scripts/run_nav2_slam_combo_bench.sh --mode lifelong --label combo_lifelong_devref --duration 240 --outdir /oomwoo/contributions/compute-benchmark/OsakaTX/results"
2026-09-10T18:44:38Z,89,"combo_lifelong_devref",182575,"python3",6.5,74708,49004,"python3 /oomwoo/contributions/compute-benchmark/OsakaTX/scripts/synthetic_scan_publisher.py --duration 340 --loop-s 40 --hz 5.0"
2026-09-10T18:44:38Z,89,"combo_lifelong_devref",182592,"ros2",11.2,81516,56246,"/usr/bin/python3 /opt/ros/jazzy/bin/ros2 launch nav2_bringup bringup_launch.py map:=/oomwoo/contributions/compute-benchmark/OsakaTX/scripts/../results/combo/combo_nav2_map.yaml params_file:=/oomwoo/contributions/compute-benchmark/OsakaTX/scripts/nav2_params_bench.yaml use_sim_time:=False autostart:=True slam:=False use_localization:=False"
2026-09-10T18:44:38Z,89,"combo_lifelong_devref",182612,"component_conta",17.6,140428,125478,"/opt/ros/jazzy/lib/rclcpp_components/component_container_isolated --ros-args --log-level info --ros-args -r __node:=nav2_container --params-file /tmp/launch_params_ljf44bln --params-file /tmp/launch_params_tdq1tqu6 -r /tf:=tf -r /tf_static:=tf_static"
2026-09-10T18:44:38Z,89,"combo_lifelong_devref",182663,"python3",97.9,103324,76789,"python3 /oomwoo/contributions/compute-benchmark/OsakaTX/scripts/nav_goal_sender.py --x 4.0 --y 4.0 --yaw 0.0 --repeat 0 --pause 1"
2026-09-10T18:44:38Z,89,"combo_lifelong_devref",182729,"bash",0.6,4480,1198,"bash /oomwoo/contributions/compute-benchmark/xbattlax/scripts/measure_ros_processes.sh --pattern python3|ros2|slam|nav2|component_container|nav_goal_sender --duration 230 --interval 2 --label combo_lifelong_devref --output /oomwoo/contributions/compute-benchmark/OsakaTX/scripts/../results/combo/combo_lifelong_devref_20260910T184017Z.csv"
2026-09-10T18:44:40Z,90,"combo_lifelong_devref",139327,"python3",0.1,73272,48019,"/usr/bin/python3 -c from ros2cli.daemon.daemonize import main; main() --name ros2-daemon --ros-domain-id 0 --rmw-implementation rmw_fastrtps_cpp"
2026-09-10T18:44:40Z,90,"combo_lifelong_devref",182523,"bash",0.0,4000,1113,"bash -c source /opt/ros/jazzy/setup.bash && bash /oomwoo/contributions/compute-benchmark/OsakaTX/scripts/run_nav2_slam_combo_bench.sh --mode lifelong --label combo_lifelong_devref --duration 240 --outdir /oomwoo/contributions/compute-benchmark/OsakaTX/results > /oomwoo/contributions/compute-benchmark/OsakaTX/results/combo/combo_lifelong_driver.log 2>&1"
2026-09-10T18:44:40Z,90,"combo_lifelong_devref",182536,"bash",0.0,3832,945,"bash /oomwoo/contributions/compute-benchmark/OsakaTX/scripts/run_nav2_slam_combo_bench.sh --mode lifelong --label combo_lifelong_devref --duration 240 --outdir /oomwoo/contributions/compute-benchmark/OsakaTX/results"
2026-09-10T18:44:40Z,90,"combo_lifelong_devref",182575,"python3",6.5,74708,49009,"python3 /oomwoo/contributions/compute-benchmark/OsakaTX/scripts/synthetic_scan_publisher.py --duration 340 --loop-s 40 --hz 5.0"
2026-09-10T18:44:40Z,90,"combo_lifelong_devref",182592,"ros2",11.2,81516,56249,"/usr/bin/python3 /opt/ros/jazzy/bin/ros2 launch nav2_bringup bringup_launch.py map:=/oomwoo/contributions/compute-benchmark/OsakaTX/scripts/../results/combo/combo_nav2_map.yaml params_file:=/oomwoo/contributions/compute-benchmark/OsakaTX/scripts/nav2_params_bench.yaml use_sim_time:=False autostart:=True slam:=False use_localization:=False"
2026-09-10T18:44:40Z,90,"combo_lifelong_devref",182612,"component_conta",17.6,140428,125477,"/opt/ros/jazzy/lib/rclcpp_components/component_container_isolated --ros-args --log-level info --ros-args -r __node:=nav2_container --params-file /tmp/launch_params_ljf44bln --params-file /tmp/launch_params_tdq1tqu6 -r /tf:=tf -r /tf_static:=tf_static"
2026-09-10T18:44:40Z,90,"combo_lifelong_devref",182663,"python3",97.9,103496,76962,"python3 /oomwoo/contributions/compute-benchmark/OsakaTX/scripts/nav_goal_sender.py --x 4.0 --y 4.0 --yaw 0.0 --repeat 0 --pause 1"
2026-09-10T18:44:40Z,90,"combo_lifelong_devref",182729,"bash",0.6,4480,1197,"bash /oomwoo/contributions/compute-benchmark/xbattlax/scripts/measure_ros_processes.sh --pattern python3|ros2|slam|nav2|component_container|nav_goal_sender --duration 230 --interval 2 --label combo_lifelong_devref --output /oomwoo/contributions/compute-benchmark/OsakaTX/scripts/../results/combo/combo_lifelong_devref_20260910T184017Z.csv"
2026-09-10T18:44:43Z,91,"combo_lifelong_devref",139327,"python3",0.1,73272,48020,"/usr/bin/python3 -c from ros2cli.daemon.daemonize import main; main() --name ros2-daemon --ros-domain-id 0 --rmw-implementation rmw_fastrtps_cpp"
2026-09-10T18:44:43Z,91,"combo_lifelong_devref",182523,"bash",0.0,4000,1112,"bash -c source /opt/ros/jazzy/setup.bash && bash /oomwoo/contributions/compute-benchmark/OsakaTX/scripts/run_nav2_slam_combo_bench.sh --mode lifelong --label combo_lifelong_devref --duration 240 --outdir /oomwoo/contributions/compute-benchmark/OsakaTX/results > /oomwoo/contributions/compute-benchmark/OsakaTX/results/combo/combo_lifelong_driver.log 2>&1"
2026-09-10T18:44:43Z,91,"combo_lifelong_devref",182536,"bash",0.0,3832,943,"bash /oomwoo/contributions/compute-benchmark/OsakaTX/scripts/run_nav2_slam_combo_bench.sh --mode lifelong --label combo_lifelong_devref --duration 240 --outdir /oomwoo/contributions/compute-benchmark/OsakaTX/results"
2026-09-10T18:44:43Z,91,"combo_lifelong_devref",182575,"python3",6.5,74708,49000,"python3 /oomwoo/contributions/compute-benchmark/OsakaTX/scripts/synthetic_scan_publisher.py --duration 340 --loop-s 40 --hz 5.0"
2026-09-10T18:44:43Z,91,"combo_lifelong_devref",182592,"ros2",11.2,81516,56248,"/usr/bin/python3 /opt/ros/jazzy/bin/ros2 launch nav2_bringup bringup_launch.py map:=/oomwoo/contributions/compute-benchmark/OsakaTX/scripts/../results/combo/combo_nav2_map.yaml params_file:=/oomwoo/contributions/compute-benchmark/OsakaTX/scripts/nav2_params_bench.yaml use_sim_time:=False autostart:=True slam:=False use_localization:=False"
2026-09-10T18:44:43Z,91,"combo_lifelong_devref",182612,"component_conta",17.6,140428,125478,"/opt/ros/jazzy/lib/rclcpp_components/component_container_isolated --ros-args --log-level info --ros-args -r __node:=nav2_container --params-file /tmp/launch_params_ljf44bln --params-file /tmp/launch_params_tdq1tqu6 -r /tf:=tf -r /tf_static:=tf_static"
2026-09-10T18:44:43Z,91,"combo_lifelong_devref",182663,"python3",97.9,103688,77155,"python3 /oomwoo/contributions/compute-benchmark/OsakaTX/scripts/nav_goal_sender.py --x 4.0 --y 4.0 --yaw 0.0 --repeat 0 --pause 1"
2026-09-10T18:44:43Z,91,"combo_lifelong_devref",182729,"bash",0.6,4480,1196,"bash /oomwoo/contributions/compute-benchmark/xbattlax/scripts/measure_ros_processes.sh --pattern python3|ros2|slam|nav2|component_container|nav_goal_sender --duration 230 --interval 2 --label combo_lifelong_devref --output /oomwoo/contributions/compute-benchmark/OsakaTX/scripts/../results/combo/combo_lifelong_devref_20260910T184017Z.csv"
2026-09-10T18:44:45Z,92,"combo_lifelong_devref",139327,"python3",0.1,73272,48020,"/usr/bin/python3 -c from ros2cli.daemon.daemonize import main; main() --name ros2-daemon --ros-domain-id 0 --rmw-implementation rmw_fastrtps_cpp"
2026-09-10T18:44:45Z,92,"combo_lifelong_devref",182523,"bash",0.0,4000,1114,"bash -c source /opt/ros/jazzy/setup.bash && bash /oomwoo/contributions/compute-benchmark/OsakaTX/scripts/run_nav2_slam_combo_bench.sh --mode lifelong --label combo_lifelong_devref --duration 240 --outdir /oomwoo/contributions/compute-benchmark/OsakaTX/results > /oomwoo/contributions/compute-benchmark/OsakaTX/results/combo/combo_lifelong_driver.log 2>&1"
2026-09-10T18:44:45Z,92,"combo_lifelong_devref",182536,"bash",0.0,3832,945,"bash /oomwoo/contributions/compute-benchmark/OsakaTX/scripts/run_nav2_slam_combo_bench.sh --mode lifelong --label combo_lifelong_devref --duration 240 --outdir /oomwoo/contributions/compute-benchmark/OsakaTX/results"
2026-09-10T18:44:45Z,92,"combo_lifelong_devref",182575,"python3",6.5,74708,49009,"python3 /oomwoo/contributions/compute-benchmark/OsakaTX/scripts/synthetic_scan_publisher.py --duration 340 --loop-s 40 --hz 5.0"
2026-09-10T18:44:45Z,92,"combo_lifelong_devref",182592,"ros2",11.2,81516,56249,"/usr/bin/python3 /opt/ros/jazzy/bin/ros2 launch nav2_bringup bringup_launch.py map:=/oomwoo/contributions/compute-benchmark/OsakaTX/scripts/../results/combo/combo_nav2_map.yaml params_file:=/oomwoo/contributions/compute-benchmark/OsakaTX/scripts/nav2_params_bench.yaml use_sim_time:=False autostart:=True slam:=False use_localization:=False"
2026-09-10T18:44:45Z,92,"combo_lifelong_devref",182612,"component_conta",17.6,140428,125476,"/opt/ros/jazzy/lib/rclcpp_components/component_container_isolated --ros-args --log-level info --ros-args -r __node:=nav2_container --params-file /tmp/launch_params_ljf44bln --params-file /tmp/launch_params_tdq1tqu6 -r /tf:=tf -r /tf_static:=tf_static"
2026-09-10T18:44:45Z,92,"combo_lifelong_devref",182663,"python3",97.9,103864,77330,"python3 /oomwoo/contributions/compute-benchmark/OsakaTX/scripts/nav_goal_sender.py --x 4.0 --y 4.0 --yaw 0.0 --repeat 0 --pause 1"
2026-09-10T18:44:45Z,92,"combo_lifelong_devref",182729,"bash",0.6,4480,1200,"bash /oomwoo/contributions/compute-benchmark/xbattlax/scripts/measure_ros_processes.sh --pattern python3|ros2|slam|nav2|component_container|nav_goal_sender --duration 230 --interval 2 --label combo_lifelong_devref --output /oomwoo/contributions/compute-benchmark/OsakaTX/scripts/../results/combo/combo_lifelong_devref_20260910T184017Z.csv"
2026-09-10T18:44:47Z,93,"combo_lifelong_devref",139327,"python3",0.1,73272,48022,"/usr/bin/python3 -c from ros2cli.daemon.daemonize import main; main() --name ros2-daemon --ros-domain-id 0 --rmw-implementation rmw_fastrtps_cpp"
2026-09-10T18:44:47Z,93,"combo_lifelong_devref",182523,"bash",0.0,4000,1112,"bash -c source /opt/ros/jazzy/setup.bash && bash /oomwoo/contributions/compute-benchmark/OsakaTX/scripts/run_nav2_slam_combo_bench.sh --mode lifelong --label combo_lifelong_devref --duration 240 --outdir /oomwoo/contributions/compute-benchmark/OsakaTX/results > /oomwoo/contributions/compute-benchmark/OsakaTX/results/combo/combo_lifelong_driver.log 2>&1"
2026-09-10T18:44:47Z,93,"combo_lifelong_devref",182536,"bash",0.0,3832,944,"bash /oomwoo/contributions/compute-benchmark/OsakaTX/scripts/run_nav2_slam_combo_bench.sh --mode lifelong --label combo_lifelong_devref --duration 240 --outdir /oomwoo/contributions/compute-benchmark/OsakaTX/results"
2026-09-10T18:44:47Z,93,"combo_lifelong_devref",182575,"python3",6.5,74708,49010,"python3 /oomwoo/contributions/compute-benchmark/OsakaTX/scripts/synthetic_scan_publisher.py --duration 340 --loop-s 40 --hz 5.0"
2026-09-10T18:44:47Z,93,"combo_lifelong_devref",182592,"ros2",11.2,81516,56249,"/usr/bin/python3 /opt/ros/jazzy/bin/ros2 launch nav2_bringup bringup_launch.py map:=/oomwoo/contributions/compute-benchmark/OsakaTX/scripts/../results/combo/combo_nav2_map.yaml params_file:=/oomwoo/contributions/compute-benchmark/OsakaTX/scripts/nav2_params_bench.yaml use_sim_time:=False autostart:=True slam:=False use_localization:=False"
2026-09-10T18:44:47Z,93,"combo_lifelong_devref",182612,"component_conta",17.6,140428,125476,"/opt/ros/jazzy/lib/rclcpp_components/component_container_isolated --ros-args --log-level info --ros-args -r __node:=nav2_container --params-file /tmp/launch_params_ljf44bln --params-file /tmp/launch_params_tdq1tqu6 -r /tf:=tf -r /tf_static:=tf_static"
2026-09-10T18:44:47Z,93,"combo_lifelong_devref",182663,"python3",97.9,104056,77523,"python3 /oomwoo/contributions/compute-benchmark/OsakaTX/scripts/nav_goal_sender.py --x 4.0 --y 4.0 --yaw 0.0 --repeat 0 --pause 1"
2026-09-10T18:44:47Z,93,"combo_lifelong_devref",182729,"bash",0.6,4480,1195,"bash /oomwoo/contributions/compute-benchmark/xbattlax/scripts/measure_ros_processes.sh --pattern python3|ros2|slam|nav2|component_container|nav_goal_sender --duration 230 --interval 2 --label combo_lifelong_devref --output /oomwoo/contributions/compute-benchmark/OsakaTX/scripts/../results/combo/combo_lifelong_devref_20260910T184017Z.csv"
2026-09-10T18:44:49Z,94,"combo_lifelong_devref",139327,"python3",0.1,73272,48023,"/usr/bin/python3 -c from ros2cli.daemon.daemonize import main; main() --name ros2-daemon --ros-domain-id 0 --rmw-implementation rmw_fastrtps_cpp"
2026-09-10T18:44:49Z,94,"combo_lifelong_devref",182523,"bash",0.0,4000,1113,"bash -c source /opt/ros/jazzy/setup.bash && bash /oomwoo/contributions/compute-benchmark/OsakaTX/scripts/run_nav2_slam_combo_bench.sh --mode lifelong --label combo_lifelong_devref --duration 240 --outdir /oomwoo/contributions/compute-benchmark/OsakaTX/results > /oomwoo/contributions/compute-benchmark/OsakaTX/results/combo/combo_lifelong_driver.log 2>&1"
2026-09-10T18:44:49Z,94,"combo_lifelong_devref",182536,"bash",0.0,3832,944,"bash /oomwoo/contributions/compute-benchmark/OsakaTX/scripts/run_nav2_slam_combo_bench.sh --mode lifelong --label combo_lifelong_devref --duration 240 --outdir /oomwoo/contributions/compute-benchmark/OsakaTX/results"
2026-09-10T18:44:49Z,94,"combo_lifelong_devref",182575,"python3",6.5,74708,49002,"python3 /oomwoo/contributions/compute-benchmark/OsakaTX/scripts/synthetic_scan_publisher.py --duration 340 --loop-s 40 --hz 5.0"
2026-09-10T18:44:49Z,94,"combo_lifelong_devref",182592,"ros2",11.2,81516,56246,"/usr/bin/python3 /opt/ros/jazzy/bin/ros2 launch nav2_bringup bringup_launch.py map:=/oomwoo/contributions/compute-benchmark/OsakaTX/scripts/../results/combo/combo_nav2_map.yaml params_file:=/oomwoo/contributions/compute-benchmark/OsakaTX/scripts/nav2_params_bench.yaml use_sim_time:=False autostart:=True slam:=False use_localization:=False"
2026-09-10T18:44:49Z,94,"combo_lifelong_devref",182612,"component_conta",17.6,140428,125477,"/opt/ros/jazzy/lib/rclcpp_components/component_container_isolated --ros-args --log-level info --ros-args -r __node:=nav2_container --params-file /tmp/launch_params_ljf44bln --params-file /tmp/launch_params_tdq1tqu6 -r /tf:=tf -r /tf_static:=tf_static"
2026-09-10T18:44:49Z,94,"combo_lifelong_devref",182663,"python3",97.9,104244,77711,"python3 /oomwoo/contributions/compute-benchmark/OsakaTX/scripts/nav_goal_sender.py --x 4.0 --y 4.0 --yaw 0.0 --repeat 0 --pause 1"
2026-09-10T18:44:49Z,94,"combo_lifelong_devref",182729,"bash",0.6,4480,1196,"bash /oomwoo/contributions/compute-benchmark/xbattlax/scripts/measure_ros_processes.sh --pattern python3|ros2|slam|nav2|component_container|nav_goal_sender --duration 230 --interval 2 --label combo_lifelong_devref --output /oomwoo/contributions/compute-benchmark/OsakaTX/scripts/../results/combo/combo_lifelong_devref_20260910T184017Z.csv"
2026-09-10T18:44:52Z,95,"combo_lifelong_devref",139327,"python3",0.1,73272,48022,"/usr/bin/python3 -c from ros2cli.daemon.daemonize import main; main() --name ros2-daemon --ros-domain-id 0 --rmw-implementation rmw_fastrtps_cpp"
2026-09-10T18:44:52Z,95,"combo_lifelong_devref",182523,"bash",0.0,4000,1113,"bash -c source /opt/ros/jazzy/setup.bash && bash /oomwoo/contributions/compute-benchmark/OsakaTX/scripts/run_nav2_slam_combo_bench.sh --mode lifelong --label combo_lifelong_devref --duration 240 --outdir /oomwoo/contributions/compute-benchmark/OsakaTX/results > /oomwoo/contributions/compute-benchmark/OsakaTX/results/combo/combo_lifelong_driver.log 2>&1"
2026-09-10T18:44:52Z,95,"combo_lifelong_devref",182536,"bash",0.0,3832,945,"bash /oomwoo/contributions/compute-benchmark/OsakaTX/scripts/run_nav2_slam_combo_bench.sh --mode lifelong --label combo_lifelong_devref --duration 240 --outdir /oomwoo/contributions/compute-benchmark/OsakaTX/results"
2026-09-10T18:44:52Z,95,"combo_lifelong_devref",182575,"python3",6.5,74708,49010,"python3 /oomwoo/contributions/compute-benchmark/OsakaTX/scripts/synthetic_scan_publisher.py --duration 340 --loop-s 40 --hz 5.0"
2026-09-10T18:44:52Z,95,"combo_lifelong_devref",182592,"ros2",11.2,81516,56249,"/usr/bin/python3 /opt/ros/jazzy/bin/ros2 launch nav2_bringup bringup_launch.py map:=/oomwoo/contributions/compute-benchmark/OsakaTX/scripts/../results/combo/combo_nav2_map.yaml params_file:=/oomwoo/contributions/compute-benchmark/OsakaTX/scripts/nav2_params_bench.yaml use_sim_time:=False autostart:=True slam:=False use_localization:=False"
2026-09-10T18:44:52Z,95,"combo_lifelong_devref",182612,"component_conta",17.6,140428,125476,"/opt/ros/jazzy/lib/rclcpp_components/component_container_isolated --ros-args --log-level info --ros-args -r __node:=nav2_container --params-file /tmp/launch_params_ljf44bln --params-file /tmp/launch_params_tdq1tqu6 -r /tf:=tf -r /tf_static:=tf_static"
2026-09-10T18:44:52Z,95,"combo_lifelong_devref",182663,"python3",97.9,104408,77875,"python3 /oomwoo/contributions/compute-benchmark/OsakaTX/scripts/nav_goal_sender.py --x 4.0 --y 4.0 --yaw 0.0 --repeat 0 --pause 1"
2026-09-10T18:44:52Z,95,"combo_lifelong_devref",182729,"bash",0.6,4480,1199,"bash /oomwoo/contributions/compute-benchmark/xbattlax/scripts/measure_ros_processes.sh --pattern python3|ros2|slam|nav2|component_container|nav_goal_sender --duration 230 --interval 2 --label combo_lifelong_devref --output /oomwoo/contributions/compute-benchmark/OsakaTX/scripts/../results/combo/combo_lifelong_devref_20260910T184017Z.csv"
2026-09-10T18:44:54Z,96,"combo_lifelong_devref",139327,"python3",0.1,73272,48020,"/usr/bin/python3 -c from ros2cli.daemon.daemonize import main; main() --name ros2-daemon --ros-domain-id 0 --rmw-implementation rmw_fastrtps_cpp"
2026-09-10T18:44:54Z,96,"combo_lifelong_devref",182523,"bash",0.0,4000,1114,"bash -c source /opt/ros/jazzy/setup.bash && bash /oomwoo/contributions/compute-benchmark/OsakaTX/scripts/run_nav2_slam_combo_bench.sh --mode lifelong --label combo_lifelong_devref --duration 240 --outdir /oomwoo/contributions/compute-benchmark/OsakaTX/results > /oomwoo/contributions/compute-benchmark/OsakaTX/results/combo/combo_lifelong_driver.log 2>&1"
2026-09-10T18:44:54Z,96,"combo_lifelong_devref",182536,"bash",0.0,3832,943,"bash /oomwoo/contributions/compute-benchmark/OsakaTX/scripts/run_nav2_slam_combo_bench.sh --mode lifelong --label combo_lifelong_devref --duration 240 --outdir /oomwoo/contributions/compute-benchmark/OsakaTX/results"
2026-09-10T18:44:54Z,96,"combo_lifelong_devref",182575,"python3",6.5,74708,49009,"python3 /oomwoo/contributions/compute-benchmark/OsakaTX/scripts/synthetic_scan_publisher.py --duration 340 --loop-s 40 --hz 5.0"
2026-09-10T18:44:54Z,96,"combo_lifelong_devref",182592,"ros2",11.2,81516,56250,"/usr/bin/python3 /opt/ros/jazzy/bin/ros2 launch nav2_bringup bringup_launch.py map:=/oomwoo/contributions/compute-benchmark/OsakaTX/scripts/../results/combo/combo_nav2_map.yaml params_file:=/oomwoo/contributions/compute-benchmark/OsakaTX/scripts/nav2_params_bench.yaml use_sim_time:=False autostart:=True slam:=False use_localization:=False"
2026-09-10T18:44:54Z,96,"combo_lifelong_devref",182612,"component_conta",17.6,140428,125478,"/opt/ros/jazzy/lib/rclcpp_components/component_container_isolated --ros-args --log-level info --ros-args -r __node:=nav2_container --params-file /tmp/launch_params_ljf44bln --params-file /tmp/launch_params_tdq1tqu6 -r /tf:=tf -r /tf_static:=tf_static"
2026-09-10T18:44:54Z,96,"combo_lifelong_devref",182663,"python3",97.9,104604,78070,"python3 /oomwoo/contributions/compute-benchmark/OsakaTX/scripts/nav_goal_sender.py --x 4.0 --y 4.0 --yaw 0.0 --repeat 0 --pause 1"
2026-09-10T18:44:54Z,96,"combo_lifelong_devref",182729,"bash",0.6,4480,1199,"bash /oomwoo/contributions/compute-benchmark/xbattlax/scripts/measure_ros_processes.sh --pattern python3|ros2|slam|nav2|component_container|nav_goal_sender --duration 230 --interval 2 --label combo_lifelong_devref --output /oomwoo/contributions/compute-benchmark/OsakaTX/scripts/../results/combo/combo_lifelong_devref_20260910T184017Z.csv"
2026-09-10T18:44:56Z,97,"combo_lifelong_devref",139327,"python3",0.1,73272,48022,"/usr/bin/python3 -c from ros2cli.daemon.daemonize import main; main() --name ros2-daemon --ros-domain-id 0 --rmw-implementation rmw_fastrtps_cpp"
2026-09-10T18:44:56Z,97,"combo_lifelong_devref",182523,"bash",0.0,4000,1113,"bash -c source /opt/ros/jazzy/setup.bash && bash /oomwoo/contributions/compute-benchmark/OsakaTX/scripts/run_nav2_slam_combo_bench.sh --mode lifelong --label combo_lifelong_devref --duration 240 --outdir /oomwoo/contributions/compute-benchmark/OsakaTX/results > /oomwoo/contributions/compute-benchmark/OsakaTX/results/combo/combo_lifelong_driver.log 2>&1"
2026-09-10T18:44:56Z,97,"combo_lifelong_devref",182536,"bash",0.0,3832,945,"bash /oomwoo/contributions/compute-benchmark/OsakaTX/scripts/run_nav2_slam_combo_bench.sh --mode lifelong --label combo_lifelong_devref --duration 240 --outdir /oomwoo/contributions/compute-benchmark/OsakaTX/results"
2026-09-10T18:44:56Z,97,"combo_lifelong_devref",182575,"python3",6.5,74708,49010,"python3 /oomwoo/contributions/compute-benchmark/OsakaTX/scripts/synthetic_scan_publisher.py --duration 340 --loop-s 40 --hz 5.0"
2026-09-10T18:44:56Z,97,"combo_lifelong_devref",182592,"ros2",11.3,81516,56249,"/usr/bin/python3 /opt/ros/jazzy/bin/ros2 launch nav2_bringup bringup_launch.py map:=/oomwoo/contributions/compute-benchmark/OsakaTX/scripts/../results/combo/combo_nav2_map.yaml params_file:=/oomwoo/contributions/compute-benchmark/OsakaTX/scripts/nav2_params_bench.yaml use_sim_time:=False autostart:=True slam:=False use_localization:=False"
2026-09-10T18:44:56Z,97,"combo_lifelong_devref",182612,"component_conta",17.6,140428,125476,"/opt/ros/jazzy/lib/rclcpp_components/component_container_isolated --ros-args --log-level info --ros-args -r __node:=nav2_container --params-file /tmp/launch_params_ljf44bln --params-file /tmp/launch_params_tdq1tqu6 -r /tf:=tf -r /tf_static:=tf_static"
2026-09-10T18:44:56Z,97,"combo_lifelong_devref",182663,"python3",98.0,104784,78250,"python3 /oomwoo/contributions/compute-benchmark/OsakaTX/scripts/nav_goal_sender.py --x 4.0 --y 4.0 --yaw 0.0 --repeat 0 --pause 1"
2026-09-10T18:44:56Z,97,"combo_lifelong_devref",182729,"bash",0.6,4480,1194,"bash /oomwoo/contributions/compute-benchmark/xbattlax/scripts/measure_ros_processes.sh --pattern python3|ros2|slam|nav2|component_container|nav_goal_sender --duration 230 --interval 2 --label combo_lifelong_devref --output /oomwoo/contributions/compute-benchmark/OsakaTX/scripts/../results/combo/combo_lifelong_devref_20260910T184017Z.csv"
2026-09-10T18:44:59Z,98,"combo_lifelong_devref",139327,"python3",0.1,73272,48020,"/usr/bin/python3 -c from ros2cli.daemon.daemonize import main; main() --name ros2-daemon --ros-domain-id 0 --rmw-implementation rmw_fastrtps_cpp"
2026-09-10T18:44:59Z,98,"combo_lifelong_devref",182523,"bash",0.0,4000,1111,"bash -c source /opt/ros/jazzy/setup.bash && bash /oomwoo/contributions/compute-benchmark/OsakaTX/scripts/run_nav2_slam_combo_bench.sh --mode lifelong --label combo_lifelong_devref --duration 240 --outdir /oomwoo/contributions/compute-benchmark/OsakaTX/results > /oomwoo/contributions/compute-benchmark/OsakaTX/results/combo/combo_lifelong_driver.log 2>&1"
2026-09-10T18:44:59Z,98,"combo_lifelong_devref",182536,"bash",0.0,3832,944,"bash /oomwoo/contributions/compute-benchmark/OsakaTX/scripts/run_nav2_slam_combo_bench.sh --mode lifelong --label combo_lifelong_devref --duration 240 --outdir /oomwoo/contributions/compute-benchmark/OsakaTX/results"
2026-09-10T18:44:59Z,98,"combo_lifelong_devref",182575,"python3",6.5,74708,49009,"python3 /oomwoo/contributions/compute-benchmark/OsakaTX/scripts/synthetic_scan_publisher.py --duration 340 --loop-s 40 --hz 5.0"
2026-09-10T18:44:59Z,98,"combo_lifelong_devref",182592,"ros2",11.3,81516,56243,"/usr/bin/python3 /opt/ros/jazzy/bin/ros2 launch nav2_bringup bringup_launch.py map:=/oomwoo/contributions/compute-benchmark/OsakaTX/scripts/../results/combo/combo_nav2_map.yaml params_file:=/oomwoo/contributions/compute-benchmark/OsakaTX/scripts/nav2_params_bench.yaml use_sim_time:=False autostart:=True slam:=False use_localization:=False"
2026-09-10T18:44:59Z,98,"combo_lifelong_devref",182612,"component_conta",17.6,140428,125477,"/opt/ros/jazzy/lib/rclcpp_components/component_container_isolated --ros-args --log-level info --ros-args -r __node:=nav2_container --params-file /tmp/launch_params_ljf44bln --params-file /tmp/launch_params_tdq1tqu6 -r /tf:=tf -r /tf_static:=tf_static"
2026-09-10T18:44:59Z,98,"combo_lifelong_devref",182663,"python3",97.9,104944,78409,"python3 /oomwoo/contributions/compute-benchmark/OsakaTX/scripts/nav_goal_sender.py --x 4.0 --y 4.0 --yaw 0.0 --repeat 0 --pause 1"
2026-09-10T18:44:59Z,98,"combo_lifelong_devref",182729,"bash",0.6,4480,1196,"bash /oomwoo/contributions/compute-benchmark/xbattlax/scripts/measure_ros_processes.sh --pattern python3|ros2|slam|nav2|component_container|nav_goal_sender --duration 230 --interval 2 --label combo_lifelong_devref --output /oomwoo/contributions/compute-benchmark/OsakaTX/scripts/../results/combo/combo_lifelong_devref_20260910T184017Z.csv"
2026-09-10T18:45:01Z,99,"combo_lifelong_devref",139327,"python3",0.1,73272,48020,"/usr/bin/python3 -c from ros2cli.daemon.daemonize import main; main() --name ros2-daemon --ros-domain-id 0 --rmw-implementation rmw_fastrtps_cpp"
2026-09-10T18:45:01Z,99,"combo_lifelong_devref",182523,"bash",0.0,4000,1111,"bash -c source /opt/ros/jazzy/setup.bash && bash /oomwoo/contributions/compute-benchmark/OsakaTX/scripts/run_nav2_slam_combo_bench.sh --mode lifelong --label combo_lifelong_devref --duration 240 --outdir /oomwoo/contributions/compute-benchmark/OsakaTX/results > /oomwoo/contributions/compute-benchmark/OsakaTX/results/combo/combo_lifelong_driver.log 2>&1"
2026-09-10T18:45:01Z,99,"combo_lifelong_devref",182536,"bash",0.0,3832,945,"bash /oomwoo/contributions/compute-benchmark/OsakaTX/scripts/run_nav2_slam_combo_bench.sh --mode lifelong --label combo_lifelong_devref --duration 240 --outdir /oomwoo/contributions/compute-benchmark/OsakaTX/results"
2026-09-10T18:45:01Z,99,"combo_lifelong_devref",182575,"python3",6.5,74708,49009,"python3 /oomwoo/contributions/compute-benchmark/OsakaTX/scripts/synthetic_scan_publisher.py --duration 340 --loop-s 40 --hz 5.0"
2026-09-10T18:45:01Z,99,"combo_lifelong_devref",182592,"ros2",11.3,81516,56248,"/usr/bin/python3 /opt/ros/jazzy/bin/ros2 launch nav2_bringup bringup_launch.py map:=/oomwoo/contributions/compute-benchmark/OsakaTX/scripts/../results/combo/combo_nav2_map.yaml params_file:=/oomwoo/contributions/compute-benchmark/OsakaTX/scripts/nav2_params_bench.yaml use_sim_time:=False autostart:=True slam:=False use_localization:=False"
2026-09-10T18:45:01Z,99,"combo_lifelong_devref",182612,"component_conta",17.7,140428,125477,"/opt/ros/jazzy/lib/rclcpp_components/component_container_isolated --ros-args --log-level info --ros-args -r __node:=nav2_container --params-file /tmp/launch_params_ljf44bln --params-file /tmp/launch_params_tdq1tqu6 -r /tf:=tf -r /tf_static:=tf_static"
2026-09-10T18:45:01Z,99,"combo_lifelong_devref",182663,"python3",97.9,105120,78587,"python3 /oomwoo/contributions/compute-benchmark/OsakaTX/scripts/nav_goal_sender.py --x 4.0 --y 4.0 --yaw 0.0 --repeat 0 --pause 1"
2026-09-10T18:45:01Z,99,"combo_lifelong_devref",182729,"bash",0.6,4480,1198,"bash /oomwoo/contributions/compute-benchmark/xbattlax/scripts/measure_ros_processes.sh --pattern python3|ros2|slam|nav2|component_container|nav_goal_sender --duration 230 --interval 2 --label combo_lifelong_devref --output /oomwoo/contributions/compute-benchmark/OsakaTX/scripts/../results/combo/combo_lifelong_devref_20260910T184017Z.csv"
2026-09-10T18:45:03Z,100,"combo_lifelong_devref",139327,"python3",0.1,73272,48020,"/usr/bin/python3 -c from ros2cli.daemon.daemonize import main; main() --name ros2-daemon --ros-domain-id 0 --rmw-implementation rmw_fastrtps_cpp"
2026-09-10T18:45:03Z,100,"combo_lifelong_devref",182523,"bash",0.0,4000,1113,"bash -c source /opt/ros/jazzy/setup.bash && bash /oomwoo/contributions/compute-benchmark/OsakaTX/scripts/run_nav2_slam_combo_bench.sh --mode lifelong --label combo_lifelong_devref --duration 240 --outdir /oomwoo/contributions/compute-benchmark/OsakaTX/results > /oomwoo/contributions/compute-benchmark/OsakaTX/results/combo/combo_lifelong_driver.log 2>&1"
2026-09-10T18:45:03Z,100,"combo_lifelong_devref",182536,"bash",0.0,3832,945,"bash /oomwoo/contributions/compute-benchmark/OsakaTX/scripts/run_nav2_slam_combo_bench.sh --mode lifelong --label combo_lifelong_devref --duration 240 --outdir /oomwoo/contributions/compute-benchmark/OsakaTX/results"
2026-09-10T18:45:03Z,100,"combo_lifelong_devref",182575,"python3",6.5,74708,49009,"python3 /oomwoo/contributions/compute-benchmark/OsakaTX/scripts/synthetic_scan_publisher.py --duration 340 --loop-s 40 --hz 5.0"
2026-09-10T18:45:03Z,100,"combo_lifelong_devref",182592,"ros2",11.3,81516,56251,"/usr/bin/python3 /opt/ros/jazzy/bin/ros2 launch nav2_bringup bringup_launch.py map:=/oomwoo/contributions/compute-benchmark/OsakaTX/scripts/../results/combo/combo_nav2_map.yaml params_file:=/oomwoo/contributions/compute-benchmark/OsakaTX/scripts/nav2_params_bench.yaml use_sim_time:=False autostart:=True slam:=False use_localization:=False"
2026-09-10T18:45:03Z,100,"combo_lifelong_devref",182612,"component_conta",17.7,140428,125476,"/opt/ros/jazzy/lib/rclcpp_components/component_container_isolated --ros-args --log-level info --ros-args -r __node:=nav2_container --params-file /tmp/launch_params_ljf44bln --params-file /tmp/launch_params_tdq1tqu6 -r /tf:=tf -r /tf_static:=tf_static"
2026-09-10T18:45:03Z,100,"combo_lifelong_devref",182663,"python3",98.0,105304,78769,"python3 /oomwoo/contributions/compute-benchmark/OsakaTX/scripts/nav_goal_sender.py --x 4.0 --y 4.0 --yaw 0.0 --repeat 0 --pause 1"
2026-09-10T18:45:03Z,100,"combo_lifelong_devref",182729,"bash",0.6,4480,1196,"bash /oomwoo/contributions/compute-benchmark/xbattlax/scripts/measure_ros_processes.sh --pattern python3|ros2|slam|nav2|component_container|nav_goal_sender --duration 230 --interval 2 --label combo_lifelong_devref --output /oomwoo/contributions/compute-benchmark/OsakaTX/scripts/../results/combo/combo_lifelong_devref_20260910T184017Z.csv"
