timestamp_utc,sample_index,label,pid,comm,cpu_percent,rss_kib,pss_kib,cmdline
2026-09-12T21:58:53Z,0,"compAB_devref_singleton",232119,"python3",0.2,80488,51400,"/usr/bin/python3 -c from ros2cli.daemon.daemonize import main; main() --name ros2-daemon --ros-domain-id 0 --rmw-implementation rmw_fastrtps_cpp"
2026-09-12T21:58:53Z,0,"compAB_devref_singleton",299391,"bash",0.0,3864,934,"bash -c source /opt/ros/jazzy/setup.bash && bash /cbab3/work/scripts/run_nav2_composition_ab.sh --label compAB_devref --duration 120 2>&1"
2026-09-12T21:58:53Z,0,"compAB_devref_singleton",299404,"bash",0.0,4476,1271,"bash /cbab3/work/scripts/run_nav2_composition_ab.sh --label compAB_devref --duration 120"
2026-09-12T21:58:53Z,0,"compAB_devref_singleton",316823,"python3",5.9,78420,48644,"python3 /cbab3/work/scripts/synthetic_scan_publisher.py --duration 220 --loop-s 40 --hz 5.0"
2026-09-12T21:58:53Z,0,"compAB_devref_singleton",316839,"ros2",1.0,43576,30709,"/usr/bin/python3 /opt/ros/jazzy/bin/ros2 launch nav2_bringup bringup_launch.py map:=/cbab3/work/scripts/../results/composition_ab/compAB_nav2_map.yaml params_file:=/cbab3/work/scripts/nav2_params_bench.yaml use_sim_time:=False autostart:=True slam:=False use_composition:=False"
2026-09-12T21:58:53Z,0,"compAB_devref_singleton",316843,"map_server",3.8,49308,22927,"/opt/ros/jazzy/lib/nav2_map_server/map_server --ros-args --log-level info --ros-args -r __node:=map_server -p use_sim_time:=False --params-file /tmp/launch_params_8lqf7rgz --params-file /tmp/launch_params_xbz9z5ah -r /tf:=tf -r /tf_static:=tf_static"
2026-09-12T21:58:53Z,0,"compAB_devref_singleton",316844,"amcl",6.8,51244,22389,"/opt/ros/jazzy/lib/nav2_amcl/amcl --ros-args --log-level info --ros-args -r __node:=amcl -p use_sim_time:=False --params-file /tmp/launch_params_8lqf7rgz -r /tf:=tf -r /tf_static:=tf_static"
2026-09-12T21:58:53Z,0,"compAB_devref_singleton",316845,"lifecycle_manag",4.2,43128,16726,"/opt/ros/jazzy/lib/nav2_lifecycle_manager/lifecycle_manager --ros-args --log-level info --ros-args -r __node:=lifecycle_manager_localization -p use_sim_time:=False --params-file /tmp/launch_params_dosuoat0 --params-file /tmp/launch_params_bm1qwshx"
2026-09-12T21:58:53Z,0,"compAB_devref_singleton",316846,"controller_serv",7.3,65192,34130,"/opt/ros/jazzy/lib/nav2_controller/controller_server --ros-args --log-level info --ros-args -p use_sim_time:=False --params-file /tmp/launch_params__90732i2 -r /tf:=tf -r /tf_static:=tf_static -r cmd_vel:=cmd_vel_nav"
2026-09-12T21:58:53Z,0,"compAB_devref_singleton",316847,"smoother_server",4.5,49024,19653,"/opt/ros/jazzy/lib/nav2_smoother/smoother_server --ros-args --log-level info --ros-args -r __node:=smoother_server -p use_sim_time:=False --params-file /tmp/launch_params__90732i2 -r /tf:=tf -r /tf_static:=tf_static"
2026-09-12T21:58:53Z,0,"compAB_devref_singleton",316848,"planner_server",4.8,58292,27190,"/opt/ros/jazzy/lib/nav2_planner/planner_server --ros-args --log-level info --ros-args -r __node:=planner_server -p use_sim_time:=False --params-file /tmp/launch_params__90732i2 -r /tf:=tf -r /tf_static:=tf_static"
2026-09-12T21:58:53Z,0,"compAB_devref_singleton",316849,"route_server",4.4,53112,22855,"/opt/ros/jazzy/lib/nav2_route/route_server --ros-args --log-level info --ros-args -r __node:=route_server -p use_sim_time:=False --params-file /tmp/launch_params__90732i2 -r /tf:=tf -r /tf_static:=tf_static"
2026-09-12T21:58:53Z,0,"compAB_devref_singleton",316850,"behavior_server",5.0,53452,23754,"/opt/ros/jazzy/lib/nav2_behaviors/behavior_server --ros-args --log-level info --ros-args -r __node:=behavior_server -p use_sim_time:=False --params-file /tmp/launch_params__90732i2 -r /tf:=tf -r /tf_static:=tf_static -r cmd_vel:=cmd_vel_nav"
2026-09-12T21:58:53Z,0,"compAB_devref_singleton",316851,"bt_navigator",6.2,77556,48416,"/opt/ros/jazzy/lib/nav2_bt_navigator/bt_navigator --ros-args --log-level info --ros-args -r __node:=bt_navigator -p use_sim_time:=False --params-file /tmp/launch_params__90732i2 -r /tf:=tf -r /tf_static:=tf_static"
2026-09-12T21:58:53Z,0,"compAB_devref_singleton",316852,"waypoint_follow",3.6,46668,19317,"/opt/ros/jazzy/lib/nav2_waypoint_follower/waypoint_follower --ros-args --log-level info --ros-args -r __node:=waypoint_follower -p use_sim_time:=False --params-file /tmp/launch_params__90732i2 -r /tf:=tf -r /tf_static:=tf_static"
2026-09-12T21:58:53Z,0,"compAB_devref_singleton",316853,"velocity_smooth",3.7,39364,16133,"/opt/ros/jazzy/lib/nav2_velocity_smoother/velocity_smoother --ros-args --log-level info --ros-args -r __node:=velocity_smoother -p use_sim_time:=False --params-file /tmp/launch_params__90732i2 -r /tf:=tf -r /tf_static:=tf_static -r cmd_vel:=cmd_vel_nav"
2026-09-12T21:58:53Z,0,"compAB_devref_singleton",316854,"collision_monit",4.2,51956,21623,"/opt/ros/jazzy/lib/nav2_collision_monitor/collision_monitor --ros-args --log-level info --ros-args -r __node:=collision_monitor -p use_sim_time:=False --params-file /tmp/launch_params__90732i2 -r /tf:=tf -r /tf_static:=tf_static"
2026-09-12T21:58:53Z,0,"compAB_devref_singleton",316856,"lifecycle_manag",9.5,46736,20744,"/opt/ros/jazzy/lib/nav2_lifecycle_manager/lifecycle_manager --ros-args --log-level info --ros-args -r __node:=lifecycle_manager_navigation -p use_sim_time:=False --params-file /tmp/launch_params_0swl114y --params-file /tmp/launch_params_oxcye_37"
2026-09-12T21:58:53Z,0,"compAB_devref_singleton",317108,"bash",0.0,2464,587,"bash /cbab3/work/scripts/run_nav2_composition_ab.sh --label compAB_devref --duration 120"
2026-09-12T21:58:53Z,0,"compAB_devref_singleton",317109,"python3",9.0,84804,53764,"python3 /cbab3/work/scripts/nav_goal_sender.py --x 4.0 --y 4.0 --yaw 0.0 --repeat 0 --pause 1"
2026-09-12T21:58:53Z,0,"compAB_devref_singleton",317244,"bash",2.9,4408,979,"bash /oomwoo/contributions/compute-benchmark/xbattlax/scripts/measure_ros_processes.sh --pattern python3|ros2|nav2|component_container|nav_goal_sender|amcl|map_server|planner|controller|behavior|bt_nav|smoother|waypoint --duration 110 --interval 2 --label compAB_devref_singleton --output /cbab3/work/scripts/../results/composition_ab/compAB_devref_singleton_20260912T215506Z.csv"
2026-09-12T21:58:55Z,1,"compAB_devref_singleton",232119,"python3",0.2,80320,51293,"/usr/bin/python3 -c from ros2cli.daemon.daemonize import main; main() --name ros2-daemon --ros-domain-id 0 --rmw-implementation rmw_fastrtps_cpp"
2026-09-12T21:58:55Z,1,"compAB_devref_singleton",299391,"bash",0.0,3864,934,"bash -c source /opt/ros/jazzy/setup.bash && bash /cbab3/work/scripts/run_nav2_composition_ab.sh --label compAB_devref --duration 120 2>&1"
2026-09-12T21:58:55Z,1,"compAB_devref_singleton",299404,"bash",0.0,4476,1279,"bash /cbab3/work/scripts/run_nav2_composition_ab.sh --label compAB_devref --duration 120"
2026-09-12T21:58:55Z,1,"compAB_devref_singleton",316823,"python3",5.9,78356,48635,"python3 /cbab3/work/scripts/synthetic_scan_publisher.py --duration 220 --loop-s 40 --hz 5.0"
2026-09-12T21:58:55Z,1,"compAB_devref_singleton",316839,"ros2",1.0,43576,30708,"/usr/bin/python3 /opt/ros/jazzy/bin/ros2 launch nav2_bringup bringup_launch.py map:=/cbab3/work/scripts/../results/composition_ab/compAB_nav2_map.yaml params_file:=/cbab3/work/scripts/nav2_params_bench.yaml use_sim_time:=False autostart:=True slam:=False use_composition:=False"
2026-09-12T21:58:55Z,1,"compAB_devref_singleton",316843,"map_server",3.8,49244,22924,"/opt/ros/jazzy/lib/nav2_map_server/map_server --ros-args --log-level info --ros-args -r __node:=map_server -p use_sim_time:=False --params-file /tmp/launch_params_8lqf7rgz --params-file /tmp/launch_params_xbz9z5ah -r /tf:=tf -r /tf_static:=tf_static"
2026-09-12T21:58:55Z,1,"compAB_devref_singleton",316844,"amcl",6.8,51244,22417,"/opt/ros/jazzy/lib/nav2_amcl/amcl --ros-args --log-level info --ros-args -r __node:=amcl -p use_sim_time:=False --params-file /tmp/launch_params_8lqf7rgz -r /tf:=tf -r /tf_static:=tf_static"
2026-09-12T21:58:55Z,1,"compAB_devref_singleton",316845,"lifecycle_manag",4.2,43064,16723,"/opt/ros/jazzy/lib/nav2_lifecycle_manager/lifecycle_manager --ros-args --log-level info --ros-args -r __node:=lifecycle_manager_localization -p use_sim_time:=False --params-file /tmp/launch_params_dosuoat0 --params-file /tmp/launch_params_bm1qwshx"
2026-09-12T21:58:55Z,1,"compAB_devref_singleton",316846,"controller_serv",7.5,69168,38167,"/opt/ros/jazzy/lib/nav2_controller/controller_server --ros-args --log-level info --ros-args -p use_sim_time:=False --params-file /tmp/launch_params__90732i2 -r /tf:=tf -r /tf_static:=tf_static -r cmd_vel:=cmd_vel_nav"
2026-09-12T21:58:55Z,1,"compAB_devref_singleton",316847,"smoother_server",4.5,48960,19650,"/opt/ros/jazzy/lib/nav2_smoother/smoother_server --ros-args --log-level info --ros-args -r __node:=smoother_server -p use_sim_time:=False --params-file /tmp/launch_params__90732i2 -r /tf:=tf -r /tf_static:=tf_static"
2026-09-12T21:58:55Z,1,"compAB_devref_singleton",316848,"planner_server",4.8,58252,27210,"/opt/ros/jazzy/lib/nav2_planner/planner_server --ros-args --log-level info --ros-args -r __node:=planner_server -p use_sim_time:=False --params-file /tmp/launch_params__90732i2 -r /tf:=tf -r /tf_static:=tf_static"
2026-09-12T21:58:55Z,1,"compAB_devref_singleton",316849,"route_server",4.4,52984,22787,"/opt/ros/jazzy/lib/nav2_route/route_server --ros-args --log-level info --ros-args -r __node:=route_server -p use_sim_time:=False --params-file /tmp/launch_params__90732i2 -r /tf:=tf -r /tf_static:=tf_static"
2026-09-12T21:58:55Z,1,"compAB_devref_singleton",316850,"behavior_server",4.9,53388,23750,"/opt/ros/jazzy/lib/nav2_behaviors/behavior_server --ros-args --log-level info --ros-args -r __node:=behavior_server -p use_sim_time:=False --params-file /tmp/launch_params__90732i2 -r /tf:=tf -r /tf_static:=tf_static -r cmd_vel:=cmd_vel_nav"
2026-09-12T21:58:55Z,1,"compAB_devref_singleton",316851,"bt_navigator",6.2,77540,48461,"/opt/ros/jazzy/lib/nav2_bt_navigator/bt_navigator --ros-args --log-level info --ros-args -r __node:=bt_navigator -p use_sim_time:=False --params-file /tmp/launch_params__90732i2 -r /tf:=tf -r /tf_static:=tf_static"
2026-09-12T21:58:55Z,1,"compAB_devref_singleton",316852,"waypoint_follow",3.6,46604,19313,"/opt/ros/jazzy/lib/nav2_waypoint_follower/waypoint_follower --ros-args --log-level info --ros-args -r __node:=waypoint_follower -p use_sim_time:=False --params-file /tmp/launch_params__90732i2 -r /tf:=tf -r /tf_static:=tf_static"
2026-09-12T21:58:55Z,1,"compAB_devref_singleton",316853,"velocity_smooth",3.6,39300,16129,"/opt/ros/jazzy/lib/nav2_velocity_smoother/velocity_smoother --ros-args --log-level info --ros-args -r __node:=velocity_smoother -p use_sim_time:=False --params-file /tmp/launch_params__90732i2 -r /tf:=tf -r /tf_static:=tf_static -r cmd_vel:=cmd_vel_nav"
2026-09-12T21:58:55Z,1,"compAB_devref_singleton",316854,"collision_monit",4.2,51892,21619,"/opt/ros/jazzy/lib/nav2_collision_monitor/collision_monitor --ros-args --log-level info --ros-args -r __node:=collision_monitor -p use_sim_time:=False --params-file /tmp/launch_params__90732i2 -r /tf:=tf -r /tf_static:=tf_static"
2026-09-12T21:58:55Z,1,"compAB_devref_singleton",316856,"lifecycle_manag",9.5,46672,20740,"/opt/ros/jazzy/lib/nav2_lifecycle_manager/lifecycle_manager --ros-args --log-level info --ros-args -r __node:=lifecycle_manager_navigation -p use_sim_time:=False --params-file /tmp/launch_params_0swl114y --params-file /tmp/launch_params_oxcye_37"
2026-09-12T21:58:55Z,1,"compAB_devref_singleton",317108,"bash",0.0,2464,587,"bash /cbab3/work/scripts/run_nav2_composition_ab.sh --label compAB_devref --duration 120"
2026-09-12T21:58:55Z,1,"compAB_devref_singleton",317109,"python3",8.1,84804,53789,"python3 /cbab3/work/scripts/nav_goal_sender.py --x 4.0 --y 4.0 --yaw 0.0 --repeat 0 --pause 1"
2026-09-12T21:58:55Z,1,"compAB_devref_singleton",317244,"bash",1.5,4420,993,"bash /oomwoo/contributions/compute-benchmark/xbattlax/scripts/measure_ros_processes.sh --pattern python3|ros2|nav2|component_container|nav_goal_sender|amcl|map_server|planner|controller|behavior|bt_nav|smoother|waypoint --duration 110 --interval 2 --label compAB_devref_singleton --output /cbab3/work/scripts/../results/composition_ab/compAB_devref_singleton_20260912T215506Z.csv"
2026-09-12T21:58:58Z,2,"compAB_devref_singleton",232119,"python3",0.2,80320,51293,"/usr/bin/python3 -c from ros2cli.daemon.daemonize import main; main() --name ros2-daemon --ros-domain-id 0 --rmw-implementation rmw_fastrtps_cpp"
2026-09-12T21:58:58Z,2,"compAB_devref_singleton",299391,"bash",0.0,3864,934,"bash -c source /opt/ros/jazzy/setup.bash && bash /cbab3/work/scripts/run_nav2_composition_ab.sh --label compAB_devref --duration 120 2>&1"
2026-09-12T21:58:58Z,2,"compAB_devref_singleton",299404,"bash",0.0,4476,1273,"bash /cbab3/work/scripts/run_nav2_composition_ab.sh --label compAB_devref --duration 120"
2026-09-12T21:58:58Z,2,"compAB_devref_singleton",316823,"python3",5.8,78356,48640,"python3 /cbab3/work/scripts/synthetic_scan_publisher.py --duration 220 --loop-s 40 --hz 5.0"
2026-09-12T21:58:58Z,2,"compAB_devref_singleton",316839,"ros2",0.9,43576,30709,"/usr/bin/python3 /opt/ros/jazzy/bin/ros2 launch nav2_bringup bringup_launch.py map:=/cbab3/work/scripts/../results/composition_ab/compAB_nav2_map.yaml params_file:=/cbab3/work/scripts/nav2_params_bench.yaml use_sim_time:=False autostart:=True slam:=False use_composition:=False"
2026-09-12T21:58:58Z,2,"compAB_devref_singleton",316843,"map_server",3.8,49244,22923,"/opt/ros/jazzy/lib/nav2_map_server/map_server --ros-args --log-level info --ros-args -r __node:=map_server -p use_sim_time:=False --params-file /tmp/launch_params_8lqf7rgz --params-file /tmp/launch_params_xbz9z5ah -r /tf:=tf -r /tf_static:=tf_static"
2026-09-12T21:58:58Z,2,"compAB_devref_singleton",316844,"amcl",6.8,51180,22385,"/opt/ros/jazzy/lib/nav2_amcl/amcl --ros-args --log-level info --ros-args -r __node:=amcl -p use_sim_time:=False --params-file /tmp/launch_params_8lqf7rgz -r /tf:=tf -r /tf_static:=tf_static"
2026-09-12T21:58:58Z,2,"compAB_devref_singleton",316845,"lifecycle_manag",4.2,43064,16723,"/opt/ros/jazzy/lib/nav2_lifecycle_manager/lifecycle_manager --ros-args --log-level info --ros-args -r __node:=lifecycle_manager_localization -p use_sim_time:=False --params-file /tmp/launch_params_dosuoat0 --params-file /tmp/launch_params_bm1qwshx"
2026-09-12T21:58:58Z,2,"compAB_devref_singleton",316846,"controller_serv",7.7,69736,38735,"/opt/ros/jazzy/lib/nav2_controller/controller_server --ros-args --log-level info --ros-args -p use_sim_time:=False --params-file /tmp/launch_params__90732i2 -r /tf:=tf -r /tf_static:=tf_static -r cmd_vel:=cmd_vel_nav"
2026-09-12T21:58:58Z,2,"compAB_devref_singleton",316847,"smoother_server",4.4,48960,19650,"/opt/ros/jazzy/lib/nav2_smoother/smoother_server --ros-args --log-level info --ros-args -r __node:=smoother_server -p use_sim_time:=False --params-file /tmp/launch_params__90732i2 -r /tf:=tf -r /tf_static:=tf_static"
2026-09-12T21:58:58Z,2,"compAB_devref_singleton",316848,"planner_server",4.8,58296,27254,"/opt/ros/jazzy/lib/nav2_planner/planner_server --ros-args --log-level info --ros-args -r __node:=planner_server -p use_sim_time:=False --params-file /tmp/launch_params__90732i2 -r /tf:=tf -r /tf_static:=tf_static"
2026-09-12T21:58:58Z,2,"compAB_devref_singleton",316849,"route_server",4.4,52984,22786,"/opt/ros/jazzy/lib/nav2_route/route_server --ros-args --log-level info --ros-args -r __node:=route_server -p use_sim_time:=False --params-file /tmp/launch_params__90732i2 -r /tf:=tf -r /tf_static:=tf_static"
2026-09-12T21:58:58Z,2,"compAB_devref_singleton",316850,"behavior_server",4.9,53388,23750,"/opt/ros/jazzy/lib/nav2_behaviors/behavior_server --ros-args --log-level info --ros-args -r __node:=behavior_server -p use_sim_time:=False --params-file /tmp/launch_params__90732i2 -r /tf:=tf -r /tf_static:=tf_static -r cmd_vel:=cmd_vel_nav"
2026-09-12T21:58:58Z,2,"compAB_devref_singleton",316851,"bt_navigator",6.3,77556,48477,"/opt/ros/jazzy/lib/nav2_bt_navigator/bt_navigator --ros-args --log-level info --ros-args -r __node:=bt_navigator -p use_sim_time:=False --params-file /tmp/launch_params__90732i2 -r /tf:=tf -r /tf_static:=tf_static"
2026-09-12T21:58:58Z,2,"compAB_devref_singleton",316852,"waypoint_follow",3.6,46604,19313,"/opt/ros/jazzy/lib/nav2_waypoint_follower/waypoint_follower --ros-args --log-level info --ros-args -r __node:=waypoint_follower -p use_sim_time:=False --params-file /tmp/launch_params__90732i2 -r /tf:=tf -r /tf_static:=tf_static"
2026-09-12T21:58:58Z,2,"compAB_devref_singleton",316853,"velocity_smooth",3.7,39300,16129,"/opt/ros/jazzy/lib/nav2_velocity_smoother/velocity_smoother --ros-args --log-level info --ros-args -r __node:=velocity_smoother -p use_sim_time:=False --params-file /tmp/launch_params__90732i2 -r /tf:=tf -r /tf_static:=tf_static -r cmd_vel:=cmd_vel_nav"
2026-09-12T21:58:58Z,2,"compAB_devref_singleton",316854,"collision_monit",4.2,51892,21619,"/opt/ros/jazzy/lib/nav2_collision_monitor/collision_monitor --ros-args --log-level info --ros-args -r __node:=collision_monitor -p use_sim_time:=False --params-file /tmp/launch_params__90732i2 -r /tf:=tf -r /tf_static:=tf_static"
2026-09-12T21:58:58Z,2,"compAB_devref_singleton",316856,"lifecycle_manag",9.5,46672,20740,"/opt/ros/jazzy/lib/nav2_lifecycle_manager/lifecycle_manager --ros-args --log-level info --ros-args -r __node:=lifecycle_manager_navigation -p use_sim_time:=False --params-file /tmp/launch_params_0swl114y --params-file /tmp/launch_params_oxcye_37"
2026-09-12T21:58:58Z,2,"compAB_devref_singleton",317108,"bash",0.0,2464,587,"bash /cbab3/work/scripts/run_nav2_composition_ab.sh --label compAB_devref --duration 120"
2026-09-12T21:58:58Z,2,"compAB_devref_singleton",317109,"python3",7.7,84748,53766,"python3 /cbab3/work/scripts/nav_goal_sender.py --x 4.0 --y 4.0 --yaw 0.0 --repeat 0 --pause 1"
2026-09-12T21:58:58Z,2,"compAB_devref_singleton",317244,"bash",1.3,4424,998,"bash /oomwoo/contributions/compute-benchmark/xbattlax/scripts/measure_ros_processes.sh --pattern python3|ros2|nav2|component_container|nav_goal_sender|amcl|map_server|planner|controller|behavior|bt_nav|smoother|waypoint --duration 110 --interval 2 --label compAB_devref_singleton --output /cbab3/work/scripts/../results/composition_ab/compAB_devref_singleton_20260912T215506Z.csv"
2026-09-12T21:59:01Z,3,"compAB_devref_singleton",232119,"python3",0.2,80320,51293,"/usr/bin/python3 -c from ros2cli.daemon.daemonize import main; main() --name ros2-daemon --ros-domain-id 0 --rmw-implementation rmw_fastrtps_cpp"
2026-09-12T21:59:01Z,3,"compAB_devref_singleton",299391,"bash",0.0,3864,934,"bash -c source /opt/ros/jazzy/setup.bash && bash /cbab3/work/scripts/run_nav2_composition_ab.sh --label compAB_devref --duration 120 2>&1"
2026-09-12T21:59:01Z,3,"compAB_devref_singleton",299404,"bash",0.0,4476,1275,"bash /cbab3/work/scripts/run_nav2_composition_ab.sh --label compAB_devref --duration 120"
2026-09-12T21:59:01Z,3,"compAB_devref_singleton",316823,"python3",5.8,78356,48633,"python3 /cbab3/work/scripts/synthetic_scan_publisher.py --duration 220 --loop-s 40 --hz 5.0"
2026-09-12T21:59:01Z,3,"compAB_devref_singleton",316839,"ros2",0.9,43576,30708,"/usr/bin/python3 /opt/ros/jazzy/bin/ros2 launch nav2_bringup bringup_launch.py map:=/cbab3/work/scripts/../results/composition_ab/compAB_nav2_map.yaml params_file:=/cbab3/work/scripts/nav2_params_bench.yaml use_sim_time:=False autostart:=True slam:=False use_composition:=False"
2026-09-12T21:59:01Z,3,"compAB_devref_singleton",316843,"map_server",3.8,49244,22924,"/opt/ros/jazzy/lib/nav2_map_server/map_server --ros-args --log-level info --ros-args -r __node:=map_server -p use_sim_time:=False --params-file /tmp/launch_params_8lqf7rgz --params-file /tmp/launch_params_xbz9z5ah -r /tf:=tf -r /tf_static:=tf_static"
2026-09-12T21:59:01Z,3,"compAB_devref_singleton",316844,"amcl",6.7,51180,22385,"/opt/ros/jazzy/lib/nav2_amcl/amcl --ros-args --log-level info --ros-args -r __node:=amcl -p use_sim_time:=False --params-file /tmp/launch_params_8lqf7rgz -r /tf:=tf -r /tf_static:=tf_static"
2026-09-12T21:59:01Z,3,"compAB_devref_singleton",316845,"lifecycle_manag",4.2,43064,16723,"/opt/ros/jazzy/lib/nav2_lifecycle_manager/lifecycle_manager --ros-args --log-level info --ros-args -r __node:=lifecycle_manager_localization -p use_sim_time:=False --params-file /tmp/launch_params_dosuoat0 --params-file /tmp/launch_params_bm1qwshx"
2026-09-12T21:59:01Z,3,"compAB_devref_singleton",316846,"controller_serv",7.7,68744,37743,"/opt/ros/jazzy/lib/nav2_controller/controller_server --ros-args --log-level info --ros-args -p use_sim_time:=False --params-file /tmp/launch_params__90732i2 -r /tf:=tf -r /tf_static:=tf_static -r cmd_vel:=cmd_vel_nav"
2026-09-12T21:59:01Z,3,"compAB_devref_singleton",316847,"smoother_server",4.4,48960,19650,"/opt/ros/jazzy/lib/nav2_smoother/smoother_server --ros-args --log-level info --ros-args -r __node:=smoother_server -p use_sim_time:=False --params-file /tmp/launch_params__90732i2 -r /tf:=tf -r /tf_static:=tf_static"
2026-09-12T21:59:01Z,3,"compAB_devref_singleton",316848,"planner_server",4.8,58340,27298,"/opt/ros/jazzy/lib/nav2_planner/planner_server --ros-args --log-level info --ros-args -r __node:=planner_server -p use_sim_time:=False --params-file /tmp/launch_params__90732i2 -r /tf:=tf -r /tf_static:=tf_static"
2026-09-12T21:59:01Z,3,"compAB_devref_singleton",316849,"route_server",4.4,52984,22787,"/opt/ros/jazzy/lib/nav2_route/route_server --ros-args --log-level info --ros-args -r __node:=route_server -p use_sim_time:=False --params-file /tmp/launch_params__90732i2 -r /tf:=tf -r /tf_static:=tf_static"
2026-09-12T21:59:01Z,3,"compAB_devref_singleton",316850,"behavior_server",4.9,53388,23750,"/opt/ros/jazzy/lib/nav2_behaviors/behavior_server --ros-args --log-level info --ros-args -r __node:=behavior_server -p use_sim_time:=False --params-file /tmp/launch_params__90732i2 -r /tf:=tf -r /tf_static:=tf_static -r cmd_vel:=cmd_vel_nav"
2026-09-12T21:59:01Z,3,"compAB_devref_singleton",316851,"bt_navigator",6.3,77556,48477,"/opt/ros/jazzy/lib/nav2_bt_navigator/bt_navigator --ros-args --log-level info --ros-args -r __node:=bt_navigator -p use_sim_time:=False --params-file /tmp/launch_params__90732i2 -r /tf:=tf -r /tf_static:=tf_static"
2026-09-12T21:59:01Z,3,"compAB_devref_singleton",316852,"waypoint_follow",3.6,46604,19313,"/opt/ros/jazzy/lib/nav2_waypoint_follower/waypoint_follower --ros-args --log-level info --ros-args -r __node:=waypoint_follower -p use_sim_time:=False --params-file /tmp/launch_params__90732i2 -r /tf:=tf -r /tf_static:=tf_static"
2026-09-12T21:59:01Z,3,"compAB_devref_singleton",316853,"velocity_smooth",3.6,39300,16129,"/opt/ros/jazzy/lib/nav2_velocity_smoother/velocity_smoother --ros-args --log-level info --ros-args -r __node:=velocity_smoother -p use_sim_time:=False --params-file /tmp/launch_params__90732i2 -r /tf:=tf -r /tf_static:=tf_static -r cmd_vel:=cmd_vel_nav"
2026-09-12T21:59:01Z,3,"compAB_devref_singleton",316854,"collision_monit",4.2,51892,21619,"/opt/ros/jazzy/lib/nav2_collision_monitor/collision_monitor --ros-args --log-level info --ros-args -r __node:=collision_monitor -p use_sim_time:=False --params-file /tmp/launch_params__90732i2 -r /tf:=tf -r /tf_static:=tf_static"
2026-09-12T21:59:01Z,3,"compAB_devref_singleton",316856,"lifecycle_manag",9.4,46672,20740,"/opt/ros/jazzy/lib/nav2_lifecycle_manager/lifecycle_manager --ros-args --log-level info --ros-args -r __node:=lifecycle_manager_navigation -p use_sim_time:=False --params-file /tmp/launch_params_0swl114y --params-file /tmp/launch_params_oxcye_37"
2026-09-12T21:59:01Z,3,"compAB_devref_singleton",317108,"bash",0.0,2464,587,"bash /cbab3/work/scripts/run_nav2_composition_ab.sh --label compAB_devref --duration 120"
2026-09-12T21:59:01Z,3,"compAB_devref_singleton",317109,"python3",7.6,84752,53769,"python3 /cbab3/work/scripts/nav_goal_sender.py --x 4.0 --y 4.0 --yaw 0.0 --repeat 0 --pause 1"
2026-09-12T21:59:01Z,3,"compAB_devref_singleton",317244,"bash",1.4,4428,999,"bash /oomwoo/contributions/compute-benchmark/xbattlax/scripts/measure_ros_processes.sh --pattern python3|ros2|nav2|component_container|nav_goal_sender|amcl|map_server|planner|controller|behavior|bt_nav|smoother|waypoint --duration 110 --interval 2 --label compAB_devref_singleton --output /cbab3/work/scripts/../results/composition_ab/compAB_devref_singleton_20260912T215506Z.csv"
2026-09-12T21:59:03Z,4,"compAB_devref_singleton",232119,"python3",0.2,80320,51285,"/usr/bin/python3 -c from ros2cli.daemon.daemonize import main; main() --name ros2-daemon --ros-domain-id 0 --rmw-implementation rmw_fastrtps_cpp"
2026-09-12T21:59:03Z,4,"compAB_devref_singleton",299391,"bash",0.0,3864,933,"bash -c source /opt/ros/jazzy/setup.bash && bash /cbab3/work/scripts/run_nav2_composition_ab.sh --label compAB_devref --duration 120 2>&1"
2026-09-12T21:59:03Z,4,"compAB_devref_singleton",299404,"bash",0.0,4476,1277,"bash /cbab3/work/scripts/run_nav2_composition_ab.sh --label compAB_devref --duration 120"
2026-09-12T21:59:03Z,4,"compAB_devref_singleton",316823,"python3",5.8,78356,48638,"python3 /cbab3/work/scripts/synthetic_scan_publisher.py --duration 220 --loop-s 40 --hz 5.0"
2026-09-12T21:59:03Z,4,"compAB_devref_singleton",316839,"ros2",0.9,43576,30707,"/usr/bin/python3 /opt/ros/jazzy/bin/ros2 launch nav2_bringup bringup_launch.py map:=/cbab3/work/scripts/../results/composition_ab/compAB_nav2_map.yaml params_file:=/cbab3/work/scripts/nav2_params_bench.yaml use_sim_time:=False autostart:=True slam:=False use_composition:=False"
2026-09-12T21:59:03Z,4,"compAB_devref_singleton",316843,"map_server",3.8,49244,22922,"/opt/ros/jazzy/lib/nav2_map_server/map_server --ros-args --log-level info --ros-args -r __node:=map_server -p use_sim_time:=False --params-file /tmp/launch_params_8lqf7rgz --params-file /tmp/launch_params_xbz9z5ah -r /tf:=tf -r /tf_static:=tf_static"
2026-09-12T21:59:03Z,4,"compAB_devref_singleton",316844,"amcl",6.7,51180,22372,"/opt/ros/jazzy/lib/nav2_amcl/amcl --ros-args --log-level info --ros-args -r __node:=amcl -p use_sim_time:=False --params-file /tmp/launch_params_8lqf7rgz -r /tf:=tf -r /tf_static:=tf_static"
2026-09-12T21:59:03Z,4,"compAB_devref_singleton",316845,"lifecycle_manag",4.1,43064,16722,"/opt/ros/jazzy/lib/nav2_lifecycle_manager/lifecycle_manager --ros-args --log-level info --ros-args -r __node:=lifecycle_manager_localization -p use_sim_time:=False --params-file /tmp/launch_params_dosuoat0 --params-file /tmp/launch_params_bm1qwshx"
2026-09-12T21:59:03Z,4,"compAB_devref_singleton",316846,"controller_serv",7.6,68744,37718,"/opt/ros/jazzy/lib/nav2_controller/controller_server --ros-args --log-level info --ros-args -p use_sim_time:=False --params-file /tmp/launch_params__90732i2 -r /tf:=tf -r /tf_static:=tf_static -r cmd_vel:=cmd_vel_nav"
2026-09-12T21:59:03Z,4,"compAB_devref_singleton",316847,"smoother_server",4.4,48960,19647,"/opt/ros/jazzy/lib/nav2_smoother/smoother_server --ros-args --log-level info --ros-args -r __node:=smoother_server -p use_sim_time:=False --params-file /tmp/launch_params__90732i2 -r /tf:=tf -r /tf_static:=tf_static"
2026-09-12T21:59:03Z,4,"compAB_devref_singleton",316848,"planner_server",4.8,58340,27274,"/opt/ros/jazzy/lib/nav2_planner/planner_server --ros-args --log-level info --ros-args -r __node:=planner_server -p use_sim_time:=False --params-file /tmp/launch_params__90732i2 -r /tf:=tf -r /tf_static:=tf_static"
2026-09-12T21:59:03Z,4,"compAB_devref_singleton",316849,"route_server",4.4,52984,22786,"/opt/ros/jazzy/lib/nav2_route/route_server --ros-args --log-level info --ros-args -r __node:=route_server -p use_sim_time:=False --params-file /tmp/launch_params__90732i2 -r /tf:=tf -r /tf_static:=tf_static"
2026-09-12T21:59:03Z,4,"compAB_devref_singleton",316850,"behavior_server",4.9,54020,23904,"/opt/ros/jazzy/lib/nav2_behaviors/behavior_server --ros-args --log-level info --ros-args -r __node:=behavior_server -p use_sim_time:=False --params-file /tmp/launch_params__90732i2 -r /tf:=tf -r /tf_static:=tf_static -r cmd_vel:=cmd_vel_nav"
2026-09-12T21:59:03Z,4,"compAB_devref_singleton",316851,"bt_navigator",6.4,77556,48464,"/opt/ros/jazzy/lib/nav2_bt_navigator/bt_navigator --ros-args --log-level info --ros-args -r __node:=bt_navigator -p use_sim_time:=False --params-file /tmp/launch_params__90732i2 -r /tf:=tf -r /tf_static:=tf_static"
2026-09-12T21:59:03Z,4,"compAB_devref_singleton",316852,"waypoint_follow",3.6,46604,19312,"/opt/ros/jazzy/lib/nav2_waypoint_follower/waypoint_follower --ros-args --log-level info --ros-args -r __node:=waypoint_follower -p use_sim_time:=False --params-file /tmp/launch_params__90732i2 -r /tf:=tf -r /tf_static:=tf_static"
2026-09-12T21:59:03Z,4,"compAB_devref_singleton",316853,"velocity_smooth",3.6,39300,16128,"/opt/ros/jazzy/lib/nav2_velocity_smoother/velocity_smoother --ros-args --log-level info --ros-args -r __node:=velocity_smoother -p use_sim_time:=False --params-file /tmp/launch_params__90732i2 -r /tf:=tf -r /tf_static:=tf_static -r cmd_vel:=cmd_vel_nav"
2026-09-12T21:59:03Z,4,"compAB_devref_singleton",316854,"collision_monit",4.2,51892,21607,"/opt/ros/jazzy/lib/nav2_collision_monitor/collision_monitor --ros-args --log-level info --ros-args -r __node:=collision_monitor -p use_sim_time:=False --params-file /tmp/launch_params__90732i2 -r /tf:=tf -r /tf_static:=tf_static"
2026-09-12T21:59:03Z,4,"compAB_devref_singleton",316856,"lifecycle_manag",9.4,46672,20740,"/opt/ros/jazzy/lib/nav2_lifecycle_manager/lifecycle_manager --ros-args --log-level info --ros-args -r __node:=lifecycle_manager_navigation -p use_sim_time:=False --params-file /tmp/launch_params_0swl114y --params-file /tmp/launch_params_oxcye_37"
2026-09-12T21:59:03Z,4,"compAB_devref_singleton",317108,"bash",0.0,2464,586,"bash /cbab3/work/scripts/run_nav2_composition_ab.sh --label compAB_devref --duration 120"
2026-09-12T21:59:03Z,4,"compAB_devref_singleton",317109,"python3",7.9,84752,53768,"python3 /cbab3/work/scripts/nav_goal_sender.py --x 4.0 --y 4.0 --yaw 0.0 --repeat 0 --pause 1"
2026-09-12T21:59:03Z,4,"compAB_devref_singleton",317244,"bash",1.2,4428,1003,"bash /oomwoo/contributions/compute-benchmark/xbattlax/scripts/measure_ros_processes.sh --pattern python3|ros2|nav2|component_container|nav_goal_sender|amcl|map_server|planner|controller|behavior|bt_nav|smoother|waypoint --duration 110 --interval 2 --label compAB_devref_singleton --output /cbab3/work/scripts/../results/composition_ab/compAB_devref_singleton_20260912T215506Z.csv"
2026-09-12T21:59:06Z,5,"compAB_devref_singleton",232119,"python3",0.2,80320,51287,"/usr/bin/python3 -c from ros2cli.daemon.daemonize import main; main() --name ros2-daemon --ros-domain-id 0 --rmw-implementation rmw_fastrtps_cpp"
2026-09-12T21:59:06Z,5,"compAB_devref_singleton",299391,"bash",0.0,3864,934,"bash -c source /opt/ros/jazzy/setup.bash && bash /cbab3/work/scripts/run_nav2_composition_ab.sh --label compAB_devref --duration 120 2>&1"
2026-09-12T21:59:06Z,5,"compAB_devref_singleton",299404,"bash",0.0,4476,1272,"bash /cbab3/work/scripts/run_nav2_composition_ab.sh --label compAB_devref --duration 120"
2026-09-12T21:59:06Z,5,"compAB_devref_singleton",316823,"python3",5.8,78356,48638,"python3 /cbab3/work/scripts/synthetic_scan_publisher.py --duration 220 --loop-s 40 --hz 5.0"
2026-09-12T21:59:06Z,5,"compAB_devref_singleton",316839,"ros2",0.8,43576,30708,"/usr/bin/python3 /opt/ros/jazzy/bin/ros2 launch nav2_bringup bringup_launch.py map:=/cbab3/work/scripts/../results/composition_ab/compAB_nav2_map.yaml params_file:=/cbab3/work/scripts/nav2_params_bench.yaml use_sim_time:=False autostart:=True slam:=False use_composition:=False"
2026-09-12T21:59:06Z,5,"compAB_devref_singleton",316843,"map_server",3.7,49244,22922,"/opt/ros/jazzy/lib/nav2_map_server/map_server --ros-args --log-level info --ros-args -r __node:=map_server -p use_sim_time:=False --params-file /tmp/launch_params_8lqf7rgz --params-file /tmp/launch_params_xbz9z5ah -r /tf:=tf -r /tf_static:=tf_static"
2026-09-12T21:59:06Z,5,"compAB_devref_singleton",316844,"amcl",6.7,51180,22372,"/opt/ros/jazzy/lib/nav2_amcl/amcl --ros-args --log-level info --ros-args -r __node:=amcl -p use_sim_time:=False --params-file /tmp/launch_params_8lqf7rgz -r /tf:=tf -r /tf_static:=tf_static"
2026-09-12T21:59:06Z,5,"compAB_devref_singleton",316845,"lifecycle_manag",4.1,43064,16723,"/opt/ros/jazzy/lib/nav2_lifecycle_manager/lifecycle_manager --ros-args --log-level info --ros-args -r __node:=lifecycle_manager_localization -p use_sim_time:=False --params-file /tmp/launch_params_dosuoat0 --params-file /tmp/launch_params_bm1qwshx"
2026-09-12T21:59:06Z,5,"compAB_devref_singleton",316846,"controller_serv",7.5,68744,37719,"/opt/ros/jazzy/lib/nav2_controller/controller_server --ros-args --log-level info --ros-args -p use_sim_time:=False --params-file /tmp/launch_params__90732i2 -r /tf:=tf -r /tf_static:=tf_static -r cmd_vel:=cmd_vel_nav"
2026-09-12T21:59:06Z,5,"compAB_devref_singleton",316847,"smoother_server",4.4,48960,19647,"/opt/ros/jazzy/lib/nav2_smoother/smoother_server --ros-args --log-level info --ros-args -r __node:=smoother_server -p use_sim_time:=False --params-file /tmp/launch_params__90732i2 -r /tf:=tf -r /tf_static:=tf_static"
2026-09-12T21:59:06Z,5,"compAB_devref_singleton",316848,"planner_server",4.7,58340,27273,"/opt/ros/jazzy/lib/nav2_planner/planner_server --ros-args --log-level info --ros-args -r __node:=planner_server -p use_sim_time:=False --params-file /tmp/launch_params__90732i2 -r /tf:=tf -r /tf_static:=tf_static"
2026-09-12T21:59:06Z,5,"compAB_devref_singleton",316849,"route_server",4.3,52984,22786,"/opt/ros/jazzy/lib/nav2_route/route_server --ros-args --log-level info --ros-args -r __node:=route_server -p use_sim_time:=False --params-file /tmp/launch_params__90732i2 -r /tf:=tf -r /tf_static:=tf_static"
2026-09-12T21:59:06Z,5,"compAB_devref_singleton",316850,"behavior_server",4.9,54020,23904,"/opt/ros/jazzy/lib/nav2_behaviors/behavior_server --ros-args --log-level info --ros-args -r __node:=behavior_server -p use_sim_time:=False --params-file /tmp/launch_params__90732i2 -r /tf:=tf -r /tf_static:=tf_static -r cmd_vel:=cmd_vel_nav"
2026-09-12T21:59:06Z,5,"compAB_devref_singleton",316851,"bt_navigator",6.5,77556,48465,"/opt/ros/jazzy/lib/nav2_bt_navigator/bt_navigator --ros-args --log-level info --ros-args -r __node:=bt_navigator -p use_sim_time:=False --params-file /tmp/launch_params__90732i2 -r /tf:=tf -r /tf_static:=tf_static"
2026-09-12T21:59:06Z,5,"compAB_devref_singleton",316852,"waypoint_follow",3.6,46604,19312,"/opt/ros/jazzy/lib/nav2_waypoint_follower/waypoint_follower --ros-args --log-level info --ros-args -r __node:=waypoint_follower -p use_sim_time:=False --params-file /tmp/launch_params__90732i2 -r /tf:=tf -r /tf_static:=tf_static"
2026-09-12T21:59:06Z,5,"compAB_devref_singleton",316853,"velocity_smooth",3.6,39300,16129,"/opt/ros/jazzy/lib/nav2_velocity_smoother/velocity_smoother --ros-args --log-level info --ros-args -r __node:=velocity_smoother -p use_sim_time:=False --params-file /tmp/launch_params__90732i2 -r /tf:=tf -r /tf_static:=tf_static -r cmd_vel:=cmd_vel_nav"
2026-09-12T21:59:06Z,5,"compAB_devref_singleton",316854,"collision_monit",4.2,51892,21608,"/opt/ros/jazzy/lib/nav2_collision_monitor/collision_monitor --ros-args --log-level info --ros-args -r __node:=collision_monitor -p use_sim_time:=False --params-file /tmp/launch_params__90732i2 -r /tf:=tf -r /tf_static:=tf_static"
2026-09-12T21:59:06Z,5,"compAB_devref_singleton",316856,"lifecycle_manag",9.4,46672,20740,"/opt/ros/jazzy/lib/nav2_lifecycle_manager/lifecycle_manager --ros-args --log-level info --ros-args -r __node:=lifecycle_manager_navigation -p use_sim_time:=False --params-file /tmp/launch_params_0swl114y --params-file /tmp/launch_params_oxcye_37"
2026-09-12T21:59:06Z,5,"compAB_devref_singleton",317108,"bash",0.0,2464,587,"bash /cbab3/work/scripts/run_nav2_composition_ab.sh --label compAB_devref --duration 120"
2026-09-12T21:59:06Z,5,"compAB_devref_singleton",317109,"python3",8.1,84752,53768,"python3 /cbab3/work/scripts/nav_goal_sender.py --x 4.0 --y 4.0 --yaw 0.0 --repeat 0 --pause 1"
2026-09-12T21:59:06Z,5,"compAB_devref_singleton",317244,"bash",1.2,4428,996,"bash /oomwoo/contributions/compute-benchmark/xbattlax/scripts/measure_ros_processes.sh --pattern python3|ros2|nav2|component_container|nav_goal_sender|amcl|map_server|planner|controller|behavior|bt_nav|smoother|waypoint --duration 110 --interval 2 --label compAB_devref_singleton --output /cbab3/work/scripts/../results/composition_ab/compAB_devref_singleton_20260912T215506Z.csv"
2026-09-12T21:59:08Z,6,"compAB_devref_singleton",232119,"python3",0.2,80320,51286,"/usr/bin/python3 -c from ros2cli.daemon.daemonize import main; main() --name ros2-daemon --ros-domain-id 0 --rmw-implementation rmw_fastrtps_cpp"
2026-09-12T21:59:08Z,6,"compAB_devref_singleton",299391,"bash",0.0,3864,933,"bash -c source /opt/ros/jazzy/setup.bash && bash /cbab3/work/scripts/run_nav2_composition_ab.sh --label compAB_devref --duration 120 2>&1"
2026-09-12T21:59:08Z,6,"compAB_devref_singleton",299404,"bash",0.0,4476,1277,"bash /cbab3/work/scripts/run_nav2_composition_ab.sh --label compAB_devref --duration 120"
2026-09-12T21:59:08Z,6,"compAB_devref_singleton",316823,"python3",5.7,78356,48638,"python3 /cbab3/work/scripts/synthetic_scan_publisher.py --duration 220 --loop-s 40 --hz 5.0"
2026-09-12T21:59:08Z,6,"compAB_devref_singleton",316839,"ros2",0.8,43576,30705,"/usr/bin/python3 /opt/ros/jazzy/bin/ros2 launch nav2_bringup bringup_launch.py map:=/cbab3/work/scripts/../results/composition_ab/compAB_nav2_map.yaml params_file:=/cbab3/work/scripts/nav2_params_bench.yaml use_sim_time:=False autostart:=True slam:=False use_composition:=False"
2026-09-12T21:59:08Z,6,"compAB_devref_singleton",316843,"map_server",3.7,49244,22923,"/opt/ros/jazzy/lib/nav2_map_server/map_server --ros-args --log-level info --ros-args -r __node:=map_server -p use_sim_time:=False --params-file /tmp/launch_params_8lqf7rgz --params-file /tmp/launch_params_xbz9z5ah -r /tf:=tf -r /tf_static:=tf_static"
2026-09-12T21:59:08Z,6,"compAB_devref_singleton",316844,"amcl",6.7,51180,22372,"/opt/ros/jazzy/lib/nav2_amcl/amcl --ros-args --log-level info --ros-args -r __node:=amcl -p use_sim_time:=False --params-file /tmp/launch_params_8lqf7rgz -r /tf:=tf -r /tf_static:=tf_static"
2026-09-12T21:59:08Z,6,"compAB_devref_singleton",316845,"lifecycle_manag",4.1,43064,16722,"/opt/ros/jazzy/lib/nav2_lifecycle_manager/lifecycle_manager --ros-args --log-level info --ros-args -r __node:=lifecycle_manager_localization -p use_sim_time:=False --params-file /tmp/launch_params_dosuoat0 --params-file /tmp/launch_params_bm1qwshx"
2026-09-12T21:59:08Z,6,"compAB_devref_singleton",316846,"controller_serv",7.8,69184,38159,"/opt/ros/jazzy/lib/nav2_controller/controller_server --ros-args --log-level info --ros-args -p use_sim_time:=False --params-file /tmp/launch_params__90732i2 -r /tf:=tf -r /tf_static:=tf_static -r cmd_vel:=cmd_vel_nav"
2026-09-12T21:59:08Z,6,"compAB_devref_singleton",316847,"smoother_server",4.3,48960,19647,"/opt/ros/jazzy/lib/nav2_smoother/smoother_server --ros-args --log-level info --ros-args -r __node:=smoother_server -p use_sim_time:=False --params-file /tmp/launch_params__90732i2 -r /tf:=tf -r /tf_static:=tf_static"
2026-09-12T21:59:08Z,6,"compAB_devref_singleton",316848,"planner_server",4.7,58348,27281,"/opt/ros/jazzy/lib/nav2_planner/planner_server --ros-args --log-level info --ros-args -r __node:=planner_server -p use_sim_time:=False --params-file /tmp/launch_params__90732i2 -r /tf:=tf -r /tf_static:=tf_static"
2026-09-12T21:59:08Z,6,"compAB_devref_singleton",316849,"route_server",4.3,52984,22786,"/opt/ros/jazzy/lib/nav2_route/route_server --ros-args --log-level info --ros-args -r __node:=route_server -p use_sim_time:=False --params-file /tmp/launch_params__90732i2 -r /tf:=tf -r /tf_static:=tf_static"
2026-09-12T21:59:08Z,6,"compAB_devref_singleton",316850,"behavior_server",4.8,54012,23896,"/opt/ros/jazzy/lib/nav2_behaviors/behavior_server --ros-args --log-level info --ros-args -r __node:=behavior_server -p use_sim_time:=False --params-file /tmp/launch_params__90732i2 -r /tf:=tf -r /tf_static:=tf_static -r cmd_vel:=cmd_vel_nav"
2026-09-12T21:59:08Z,6,"compAB_devref_singleton",316851,"bt_navigator",6.5,77584,48493,"/opt/ros/jazzy/lib/nav2_bt_navigator/bt_navigator --ros-args --log-level info --ros-args -r __node:=bt_navigator -p use_sim_time:=False --params-file /tmp/launch_params__90732i2 -r /tf:=tf -r /tf_static:=tf_static"
2026-09-12T21:59:08Z,6,"compAB_devref_singleton",316852,"waypoint_follow",3.6,46604,19312,"/opt/ros/jazzy/lib/nav2_waypoint_follower/waypoint_follower --ros-args --log-level info --ros-args -r __node:=waypoint_follower -p use_sim_time:=False --params-file /tmp/launch_params__90732i2 -r /tf:=tf -r /tf_static:=tf_static"
2026-09-12T21:59:08Z,6,"compAB_devref_singleton",316853,"velocity_smooth",3.6,39300,16129,"/opt/ros/jazzy/lib/nav2_velocity_smoother/velocity_smoother --ros-args --log-level info --ros-args -r __node:=velocity_smoother -p use_sim_time:=False --params-file /tmp/launch_params__90732i2 -r /tf:=tf -r /tf_static:=tf_static -r cmd_vel:=cmd_vel_nav"
2026-09-12T21:59:08Z,6,"compAB_devref_singleton",316854,"collision_monit",4.2,51892,21608,"/opt/ros/jazzy/lib/nav2_collision_monitor/collision_monitor --ros-args --log-level info --ros-args -r __node:=collision_monitor -p use_sim_time:=False --params-file /tmp/launch_params__90732i2 -r /tf:=tf -r /tf_static:=tf_static"
2026-09-12T21:59:08Z,6,"compAB_devref_singleton",316856,"lifecycle_manag",9.4,46672,20740,"/opt/ros/jazzy/lib/nav2_lifecycle_manager/lifecycle_manager --ros-args --log-level info --ros-args -r __node:=lifecycle_manager_navigation -p use_sim_time:=False --params-file /tmp/launch_params_0swl114y --params-file /tmp/launch_params_oxcye_37"
2026-09-12T21:59:08Z,6,"compAB_devref_singleton",317108,"bash",0.0,2464,587,"bash /cbab3/work/scripts/run_nav2_composition_ab.sh --label compAB_devref --duration 120"
2026-09-12T21:59:08Z,6,"compAB_devref_singleton",317109,"python3",8.0,84752,53766,"python3 /cbab3/work/scripts/nav_goal_sender.py --x 4.0 --y 4.0 --yaw 0.0 --repeat 0 --pause 1"
2026-09-12T21:59:08Z,6,"compAB_devref_singleton",317244,"bash",1.1,4432,1003,"bash /oomwoo/contributions/compute-benchmark/xbattlax/scripts/measure_ros_processes.sh --pattern python3|ros2|nav2|component_container|nav_goal_sender|amcl|map_server|planner|controller|behavior|bt_nav|smoother|waypoint --duration 110 --interval 2 --label compAB_devref_singleton --output /cbab3/work/scripts/../results/composition_ab/compAB_devref_singleton_20260912T215506Z.csv"
2026-09-12T21:59:11Z,7,"compAB_devref_singleton",232119,"python3",0.2,80320,51285,"/usr/bin/python3 -c from ros2cli.daemon.daemonize import main; main() --name ros2-daemon --ros-domain-id 0 --rmw-implementation rmw_fastrtps_cpp"
2026-09-12T21:59:11Z,7,"compAB_devref_singleton",299391,"bash",0.0,3864,933,"bash -c source /opt/ros/jazzy/setup.bash && bash /cbab3/work/scripts/run_nav2_composition_ab.sh --label compAB_devref --duration 120 2>&1"
2026-09-12T21:59:11Z,7,"compAB_devref_singleton",299404,"bash",0.0,4476,1278,"bash /cbab3/work/scripts/run_nav2_composition_ab.sh --label compAB_devref --duration 120"
2026-09-12T21:59:11Z,7,"compAB_devref_singleton",316823,"python3",5.7,78356,48632,"python3 /cbab3/work/scripts/synthetic_scan_publisher.py --duration 220 --loop-s 40 --hz 5.0"
2026-09-12T21:59:11Z,7,"compAB_devref_singleton",316839,"ros2",0.8,43576,30706,"/usr/bin/python3 /opt/ros/jazzy/bin/ros2 launch nav2_bringup bringup_launch.py map:=/cbab3/work/scripts/../results/composition_ab/compAB_nav2_map.yaml params_file:=/cbab3/work/scripts/nav2_params_bench.yaml use_sim_time:=False autostart:=True slam:=False use_composition:=False"
2026-09-12T21:59:11Z,7,"compAB_devref_singleton",316843,"map_server",3.7,49244,22922,"/opt/ros/jazzy/lib/nav2_map_server/map_server --ros-args --log-level info --ros-args -r __node:=map_server -p use_sim_time:=False --params-file /tmp/launch_params_8lqf7rgz --params-file /tmp/launch_params_xbz9z5ah -r /tf:=tf -r /tf_static:=tf_static"
2026-09-12T21:59:11Z,7,"compAB_devref_singleton",316844,"amcl",6.7,51180,22372,"/opt/ros/jazzy/lib/nav2_amcl/amcl --ros-args --log-level info --ros-args -r __node:=amcl -p use_sim_time:=False --params-file /tmp/launch_params_8lqf7rgz -r /tf:=tf -r /tf_static:=tf_static"
2026-09-12T21:59:11Z,7,"compAB_devref_singleton",316845,"lifecycle_manag",4.1,43064,16722,"/opt/ros/jazzy/lib/nav2_lifecycle_manager/lifecycle_manager --ros-args --log-level info --ros-args -r __node:=lifecycle_manager_localization -p use_sim_time:=False --params-file /tmp/launch_params_dosuoat0 --params-file /tmp/launch_params_bm1qwshx"
2026-09-12T21:59:11Z,7,"compAB_devref_singleton",316846,"controller_serv",8.3,69760,38734,"/opt/ros/jazzy/lib/nav2_controller/controller_server --ros-args --log-level info --ros-args -p use_sim_time:=False --params-file /tmp/launch_params__90732i2 -r /tf:=tf -r /tf_static:=tf_static -r cmd_vel:=cmd_vel_nav"
2026-09-12T21:59:11Z,7,"compAB_devref_singleton",316847,"smoother_server",4.3,48960,19647,"/opt/ros/jazzy/lib/nav2_smoother/smoother_server --ros-args --log-level info --ros-args -r __node:=smoother_server -p use_sim_time:=False --params-file /tmp/launch_params__90732i2 -r /tf:=tf -r /tf_static:=tf_static"
2026-09-12T21:59:11Z,7,"compAB_devref_singleton",316848,"planner_server",4.7,58384,27317,"/opt/ros/jazzy/lib/nav2_planner/planner_server --ros-args --log-level info --ros-args -r __node:=planner_server -p use_sim_time:=False --params-file /tmp/launch_params__90732i2 -r /tf:=tf -r /tf_static:=tf_static"
2026-09-12T21:59:11Z,7,"compAB_devref_singleton",316849,"route_server",4.3,52984,22786,"/opt/ros/jazzy/lib/nav2_route/route_server --ros-args --log-level info --ros-args -r __node:=route_server -p use_sim_time:=False --params-file /tmp/launch_params__90732i2 -r /tf:=tf -r /tf_static:=tf_static"
2026-09-12T21:59:11Z,7,"compAB_devref_singleton",316850,"behavior_server",4.8,54012,23897,"/opt/ros/jazzy/lib/nav2_behaviors/behavior_server --ros-args --log-level info --ros-args -r __node:=behavior_server -p use_sim_time:=False --params-file /tmp/launch_params__90732i2 -r /tf:=tf -r /tf_static:=tf_static -r cmd_vel:=cmd_vel_nav"
2026-09-12T21:59:11Z,7,"compAB_devref_singleton",316851,"bt_navigator",6.6,77600,48508,"/opt/ros/jazzy/lib/nav2_bt_navigator/bt_navigator --ros-args --log-level info --ros-args -r __node:=bt_navigator -p use_sim_time:=False --params-file /tmp/launch_params__90732i2 -r /tf:=tf -r /tf_static:=tf_static"
2026-09-12T21:59:11Z,7,"compAB_devref_singleton",316852,"waypoint_follow",3.6,46604,19312,"/opt/ros/jazzy/lib/nav2_waypoint_follower/waypoint_follower --ros-args --log-level info --ros-args -r __node:=waypoint_follower -p use_sim_time:=False --params-file /tmp/launch_params__90732i2 -r /tf:=tf -r /tf_static:=tf_static"
2026-09-12T21:59:11Z,7,"compAB_devref_singleton",316853,"velocity_smooth",3.6,39300,16129,"/opt/ros/jazzy/lib/nav2_velocity_smoother/velocity_smoother --ros-args --log-level info --ros-args -r __node:=velocity_smoother -p use_sim_time:=False --params-file /tmp/launch_params__90732i2 -r /tf:=tf -r /tf_static:=tf_static -r cmd_vel:=cmd_vel_nav"
2026-09-12T21:59:11Z,7,"compAB_devref_singleton",316854,"collision_monit",4.2,51892,21607,"/opt/ros/jazzy/lib/nav2_collision_monitor/collision_monitor --ros-args --log-level info --ros-args -r __node:=collision_monitor -p use_sim_time:=False --params-file /tmp/launch_params__90732i2 -r /tf:=tf -r /tf_static:=tf_static"
2026-09-12T21:59:11Z,7,"compAB_devref_singleton",316856,"lifecycle_manag",9.4,46672,20740,"/opt/ros/jazzy/lib/nav2_lifecycle_manager/lifecycle_manager --ros-args --log-level info --ros-args -r __node:=lifecycle_manager_navigation -p use_sim_time:=False --params-file /tmp/launch_params_0swl114y --params-file /tmp/launch_params_oxcye_37"
2026-09-12T21:59:11Z,7,"compAB_devref_singleton",317108,"bash",0.0,2464,586,"bash /cbab3/work/scripts/run_nav2_composition_ab.sh --label compAB_devref --duration 120"
2026-09-12T21:59:11Z,7,"compAB_devref_singleton",317109,"python3",8.2,84764,53780,"python3 /cbab3/work/scripts/nav_goal_sender.py --x 4.0 --y 4.0 --yaw 0.0 --repeat 0 --pause 1"
2026-09-12T21:59:11Z,7,"compAB_devref_singleton",317244,"bash",1.1,4432,1003,"bash /oomwoo/contributions/compute-benchmark/xbattlax/scripts/measure_ros_processes.sh --pattern python3|ros2|nav2|component_container|nav_goal_sender|amcl|map_server|planner|controller|behavior|bt_nav|smoother|waypoint --duration 110 --interval 2 --label compAB_devref_singleton --output /cbab3/work/scripts/../results/composition_ab/compAB_devref_singleton_20260912T215506Z.csv"
2026-09-12T21:59:14Z,8,"compAB_devref_singleton",232119,"python3",0.2,80320,51287,"/usr/bin/python3 -c from ros2cli.daemon.daemonize import main; main() --name ros2-daemon --ros-domain-id 0 --rmw-implementation rmw_fastrtps_cpp"
2026-09-12T21:59:14Z,8,"compAB_devref_singleton",299391,"bash",0.0,3864,933,"bash -c source /opt/ros/jazzy/setup.bash && bash /cbab3/work/scripts/run_nav2_composition_ab.sh --label compAB_devref --duration 120 2>&1"
2026-09-12T21:59:14Z,8,"compAB_devref_singleton",299404,"bash",0.0,4476,1279,"bash /cbab3/work/scripts/run_nav2_composition_ab.sh --label compAB_devref --duration 120"
2026-09-12T21:59:14Z,8,"compAB_devref_singleton",316823,"python3",5.7,78356,48632,"python3 /cbab3/work/scripts/synthetic_scan_publisher.py --duration 220 --loop-s 40 --hz 5.0"
2026-09-12T21:59:14Z,8,"compAB_devref_singleton",316839,"ros2",0.7,43576,30706,"/usr/bin/python3 /opt/ros/jazzy/bin/ros2 launch nav2_bringup bringup_launch.py map:=/cbab3/work/scripts/../results/composition_ab/compAB_nav2_map.yaml params_file:=/cbab3/work/scripts/nav2_params_bench.yaml use_sim_time:=False autostart:=True slam:=False use_composition:=False"
2026-09-12T21:59:14Z,8,"compAB_devref_singleton",316843,"map_server",3.7,49244,22923,"/opt/ros/jazzy/lib/nav2_map_server/map_server --ros-args --log-level info --ros-args -r __node:=map_server -p use_sim_time:=False --params-file /tmp/launch_params_8lqf7rgz --params-file /tmp/launch_params_xbz9z5ah -r /tf:=tf -r /tf_static:=tf_static"
2026-09-12T21:59:14Z,8,"compAB_devref_singleton",316844,"amcl",6.7,51180,22372,"/opt/ros/jazzy/lib/nav2_amcl/amcl --ros-args --log-level info --ros-args -r __node:=amcl -p use_sim_time:=False --params-file /tmp/launch_params_8lqf7rgz -r /tf:=tf -r /tf_static:=tf_static"
2026-09-12T21:59:14Z,8,"compAB_devref_singleton",316845,"lifecycle_manag",4.1,43064,16723,"/opt/ros/jazzy/lib/nav2_lifecycle_manager/lifecycle_manager --ros-args --log-level info --ros-args -r __node:=lifecycle_manager_localization -p use_sim_time:=False --params-file /tmp/launch_params_dosuoat0 --params-file /tmp/launch_params_bm1qwshx"
2026-09-12T21:59:14Z,8,"compAB_devref_singleton",316846,"controller_serv",8.7,68820,37795,"/opt/ros/jazzy/lib/nav2_controller/controller_server --ros-args --log-level info --ros-args -p use_sim_time:=False --params-file /tmp/launch_params__90732i2 -r /tf:=tf -r /tf_static:=tf_static -r cmd_vel:=cmd_vel_nav"
2026-09-12T21:59:14Z,8,"compAB_devref_singleton",316847,"smoother_server",4.3,48960,19647,"/opt/ros/jazzy/lib/nav2_smoother/smoother_server --ros-args --log-level info --ros-args -r __node:=smoother_server -p use_sim_time:=False --params-file /tmp/launch_params__90732i2 -r /tf:=tf -r /tf_static:=tf_static"
2026-09-12T21:59:14Z,8,"compAB_devref_singleton",316848,"planner_server",4.7,58424,27357,"/opt/ros/jazzy/lib/nav2_planner/planner_server --ros-args --log-level info --ros-args -r __node:=planner_server -p use_sim_time:=False --params-file /tmp/launch_params__90732i2 -r /tf:=tf -r /tf_static:=tf_static"
2026-09-12T21:59:14Z,8,"compAB_devref_singleton",316849,"route_server",4.3,52984,22787,"/opt/ros/jazzy/lib/nav2_route/route_server --ros-args --log-level info --ros-args -r __node:=route_server -p use_sim_time:=False --params-file /tmp/launch_params__90732i2 -r /tf:=tf -r /tf_static:=tf_static"
2026-09-12T21:59:14Z,8,"compAB_devref_singleton",316850,"behavior_server",4.8,54012,23896,"/opt/ros/jazzy/lib/nav2_behaviors/behavior_server --ros-args --log-level info --ros-args -r __node:=behavior_server -p use_sim_time:=False --params-file /tmp/launch_params__90732i2 -r /tf:=tf -r /tf_static:=tf_static -r cmd_vel:=cmd_vel_nav"
2026-09-12T21:59:14Z,8,"compAB_devref_singleton",316851,"bt_navigator",6.6,77600,48509,"/opt/ros/jazzy/lib/nav2_bt_navigator/bt_navigator --ros-args --log-level info --ros-args -r __node:=bt_navigator -p use_sim_time:=False --params-file /tmp/launch_params__90732i2 -r /tf:=tf -r /tf_static:=tf_static"
2026-09-12T21:59:14Z,8,"compAB_devref_singleton",316852,"waypoint_follow",3.6,46604,19312,"/opt/ros/jazzy/lib/nav2_waypoint_follower/waypoint_follower --ros-args --log-level info --ros-args -r __node:=waypoint_follower -p use_sim_time:=False --params-file /tmp/launch_params__90732i2 -r /tf:=tf -r /tf_static:=tf_static"
2026-09-12T21:59:14Z,8,"compAB_devref_singleton",316853,"velocity_smooth",3.6,39300,16129,"/opt/ros/jazzy/lib/nav2_velocity_smoother/velocity_smoother --ros-args --log-level info --ros-args -r __node:=velocity_smoother -p use_sim_time:=False --params-file /tmp/launch_params__90732i2 -r /tf:=tf -r /tf_static:=tf_static -r cmd_vel:=cmd_vel_nav"
2026-09-12T21:59:14Z,8,"compAB_devref_singleton",316854,"collision_monit",4.2,51892,21607,"/opt/ros/jazzy/lib/nav2_collision_monitor/collision_monitor --ros-args --log-level info --ros-args -r __node:=collision_monitor -p use_sim_time:=False --params-file /tmp/launch_params__90732i2 -r /tf:=tf -r /tf_static:=tf_static"
2026-09-12T21:59:14Z,8,"compAB_devref_singleton",316856,"lifecycle_manag",9.4,46672,20740,"/opt/ros/jazzy/lib/nav2_lifecycle_manager/lifecycle_manager --ros-args --log-level info --ros-args -r __node:=lifecycle_manager_navigation -p use_sim_time:=False --params-file /tmp/launch_params_0swl114y --params-file /tmp/launch_params_oxcye_37"
2026-09-12T21:59:14Z,8,"compAB_devref_singleton",317108,"bash",0.0,2464,587,"bash /cbab3/work/scripts/run_nav2_composition_ab.sh --label compAB_devref --duration 120"
2026-09-12T21:59:14Z,8,"compAB_devref_singleton",317109,"python3",8.2,84764,53778,"python3 /cbab3/work/scripts/nav_goal_sender.py --x 4.0 --y 4.0 --yaw 0.0 --repeat 0 --pause 1"
2026-09-12T21:59:14Z,8,"compAB_devref_singleton",317244,"bash",1.1,4432,1004,"bash /oomwoo/contributions/compute-benchmark/xbattlax/scripts/measure_ros_processes.sh --pattern python3|ros2|nav2|component_container|nav_goal_sender|amcl|map_server|planner|controller|behavior|bt_nav|smoother|waypoint --duration 110 --interval 2 --label compAB_devref_singleton --output /cbab3/work/scripts/../results/composition_ab/compAB_devref_singleton_20260912T215506Z.csv"
2026-09-12T21:59:16Z,9,"compAB_devref_singleton",232119,"python3",0.2,80320,51286,"/usr/bin/python3 -c from ros2cli.daemon.daemonize import main; main() --name ros2-daemon --ros-domain-id 0 --rmw-implementation rmw_fastrtps_cpp"
2026-09-12T21:59:16Z,9,"compAB_devref_singleton",299391,"bash",0.0,3864,933,"bash -c source /opt/ros/jazzy/setup.bash && bash /cbab3/work/scripts/run_nav2_composition_ab.sh --label compAB_devref --duration 120 2>&1"
2026-09-12T21:59:16Z,9,"compAB_devref_singleton",299404,"bash",0.0,4476,1278,"bash /cbab3/work/scripts/run_nav2_composition_ab.sh --label compAB_devref --duration 120"
2026-09-12T21:59:16Z,9,"compAB_devref_singleton",316823,"python3",5.7,78356,48638,"python3 /cbab3/work/scripts/synthetic_scan_publisher.py --duration 220 --loop-s 40 --hz 5.0"
2026-09-12T21:59:16Z,9,"compAB_devref_singleton",316839,"ros2",0.7,43576,30706,"/usr/bin/python3 /opt/ros/jazzy/bin/ros2 launch nav2_bringup bringup_launch.py map:=/cbab3/work/scripts/../results/composition_ab/compAB_nav2_map.yaml params_file:=/cbab3/work/scripts/nav2_params_bench.yaml use_sim_time:=False autostart:=True slam:=False use_composition:=False"
2026-09-12T21:59:16Z,9,"compAB_devref_singleton",316843,"map_server",3.7,49244,22922,"/opt/ros/jazzy/lib/nav2_map_server/map_server --ros-args --log-level info --ros-args -r __node:=map_server -p use_sim_time:=False --params-file /tmp/launch_params_8lqf7rgz --params-file /tmp/launch_params_xbz9z5ah -r /tf:=tf -r /tf_static:=tf_static"
2026-09-12T21:59:16Z,9,"compAB_devref_singleton",316844,"amcl",6.6,51180,22372,"/opt/ros/jazzy/lib/nav2_amcl/amcl --ros-args --log-level info --ros-args -r __node:=amcl -p use_sim_time:=False --params-file /tmp/launch_params_8lqf7rgz -r /tf:=tf -r /tf_static:=tf_static"
2026-09-12T21:59:16Z,9,"compAB_devref_singleton",316845,"lifecycle_manag",4.0,43064,16723,"/opt/ros/jazzy/lib/nav2_lifecycle_manager/lifecycle_manager --ros-args --log-level info --ros-args -r __node:=lifecycle_manager_localization -p use_sim_time:=False --params-file /tmp/launch_params_dosuoat0 --params-file /tmp/launch_params_bm1qwshx"
2026-09-12T21:59:16Z,9,"compAB_devref_singleton",316846,"controller_serv",8.6,70572,39547,"/opt/ros/jazzy/lib/nav2_controller/controller_server --ros-args --log-level info --ros-args -p use_sim_time:=False --params-file /tmp/launch_params__90732i2 -r /tf:=tf -r /tf_static:=tf_static -r cmd_vel:=cmd_vel_nav"
2026-09-12T21:59:16Z,9,"compAB_devref_singleton",316847,"smoother_server",4.3,48960,19647,"/opt/ros/jazzy/lib/nav2_smoother/smoother_server --ros-args --log-level info --ros-args -r __node:=smoother_server -p use_sim_time:=False --params-file /tmp/launch_params__90732i2 -r /tf:=tf -r /tf_static:=tf_static"
2026-09-12T21:59:16Z,9,"compAB_devref_singleton",316848,"planner_server",4.7,58448,27381,"/opt/ros/jazzy/lib/nav2_planner/planner_server --ros-args --log-level info --ros-args -r __node:=planner_server -p use_sim_time:=False --params-file /tmp/launch_params__90732i2 -r /tf:=tf -r /tf_static:=tf_static"
2026-09-12T21:59:16Z,9,"compAB_devref_singleton",316849,"route_server",4.3,52984,22786,"/opt/ros/jazzy/lib/nav2_route/route_server --ros-args --log-level info --ros-args -r __node:=route_server -p use_sim_time:=False --params-file /tmp/launch_params__90732i2 -r /tf:=tf -r /tf_static:=tf_static"
2026-09-12T21:59:16Z,9,"compAB_devref_singleton",316850,"behavior_server",4.8,54012,23896,"/opt/ros/jazzy/lib/nav2_behaviors/behavior_server --ros-args --log-level info --ros-args -r __node:=behavior_server -p use_sim_time:=False --params-file /tmp/launch_params__90732i2 -r /tf:=tf -r /tf_static:=tf_static -r cmd_vel:=cmd_vel_nav"
2026-09-12T21:59:16Z,9,"compAB_devref_singleton",316851,"bt_navigator",6.7,77616,48525,"/opt/ros/jazzy/lib/nav2_bt_navigator/bt_navigator --ros-args --log-level info --ros-args -r __node:=bt_navigator -p use_sim_time:=False --params-file /tmp/launch_params__90732i2 -r /tf:=tf -r /tf_static:=tf_static"
2026-09-12T21:59:16Z,9,"compAB_devref_singleton",316852,"waypoint_follow",3.6,46604,19312,"/opt/ros/jazzy/lib/nav2_waypoint_follower/waypoint_follower --ros-args --log-level info --ros-args -r __node:=waypoint_follower -p use_sim_time:=False --params-file /tmp/launch_params__90732i2 -r /tf:=tf -r /tf_static:=tf_static"
2026-09-12T21:59:16Z,9,"compAB_devref_singleton",316853,"velocity_smooth",3.6,39300,16129,"/opt/ros/jazzy/lib/nav2_velocity_smoother/velocity_smoother --ros-args --log-level info --ros-args -r __node:=velocity_smoother -p use_sim_time:=False --params-file /tmp/launch_params__90732i2 -r /tf:=tf -r /tf_static:=tf_static -r cmd_vel:=cmd_vel_nav"
2026-09-12T21:59:16Z,9,"compAB_devref_singleton",316854,"collision_monit",4.1,51892,21607,"/opt/ros/jazzy/lib/nav2_collision_monitor/collision_monitor --ros-args --log-level info --ros-args -r __node:=collision_monitor -p use_sim_time:=False --params-file /tmp/launch_params__90732i2 -r /tf:=tf -r /tf_static:=tf_static"
2026-09-12T21:59:16Z,9,"compAB_devref_singleton",316856,"lifecycle_manag",9.4,46672,20739,"/opt/ros/jazzy/lib/nav2_lifecycle_manager/lifecycle_manager --ros-args --log-level info --ros-args -r __node:=lifecycle_manager_navigation -p use_sim_time:=False --params-file /tmp/launch_params_0swl114y --params-file /tmp/launch_params_oxcye_37"
2026-09-12T21:59:16Z,9,"compAB_devref_singleton",317108,"bash",0.0,2464,587,"bash /cbab3/work/scripts/run_nav2_composition_ab.sh --label compAB_devref --duration 120"
2026-09-12T21:59:16Z,9,"compAB_devref_singleton",317109,"python3",8.0,84764,53780,"python3 /cbab3/work/scripts/nav_goal_sender.py --x 4.0 --y 4.0 --yaw 0.0 --repeat 0 --pause 1"
2026-09-12T21:59:16Z,9,"compAB_devref_singleton",317244,"bash",1.1,4432,1003,"bash /oomwoo/contributions/compute-benchmark/xbattlax/scripts/measure_ros_processes.sh --pattern python3|ros2|nav2|component_container|nav_goal_sender|amcl|map_server|planner|controller|behavior|bt_nav|smoother|waypoint --duration 110 --interval 2 --label compAB_devref_singleton --output /cbab3/work/scripts/../results/composition_ab/compAB_devref_singleton_20260912T215506Z.csv"
2026-09-12T21:59:19Z,10,"compAB_devref_singleton",232119,"python3",0.2,80320,51286,"/usr/bin/python3 -c from ros2cli.daemon.daemonize import main; main() --name ros2-daemon --ros-domain-id 0 --rmw-implementation rmw_fastrtps_cpp"
2026-09-12T21:59:19Z,10,"compAB_devref_singleton",299391,"bash",0.0,3864,934,"bash -c source /opt/ros/jazzy/setup.bash && bash /cbab3/work/scripts/run_nav2_composition_ab.sh --label compAB_devref --duration 120 2>&1"
2026-09-12T21:59:19Z,10,"compAB_devref_singleton",299404,"bash",0.0,4476,1279,"bash /cbab3/work/scripts/run_nav2_composition_ab.sh --label compAB_devref --duration 120"
2026-09-12T21:59:19Z,10,"compAB_devref_singleton",316823,"python3",5.6,78356,48633,"python3 /cbab3/work/scripts/synthetic_scan_publisher.py --duration 220 --loop-s 40 --hz 5.0"
2026-09-12T21:59:19Z,10,"compAB_devref_singleton",316839,"ros2",0.7,43576,30706,"/usr/bin/python3 /opt/ros/jazzy/bin/ros2 launch nav2_bringup bringup_launch.py map:=/cbab3/work/scripts/../results/composition_ab/compAB_nav2_map.yaml params_file:=/cbab3/work/scripts/nav2_params_bench.yaml use_sim_time:=False autostart:=True slam:=False use_composition:=False"
2026-09-12T21:59:19Z,10,"compAB_devref_singleton",316843,"map_server",3.6,49244,22923,"/opt/ros/jazzy/lib/nav2_map_server/map_server --ros-args --log-level info --ros-args -r __node:=map_server -p use_sim_time:=False --params-file /tmp/launch_params_8lqf7rgz --params-file /tmp/launch_params_xbz9z5ah -r /tf:=tf -r /tf_static:=tf_static"
2026-09-12T21:59:19Z,10,"compAB_devref_singleton",316844,"amcl",6.6,51180,22372,"/opt/ros/jazzy/lib/nav2_amcl/amcl --ros-args --log-level info --ros-args -r __node:=amcl -p use_sim_time:=False --params-file /tmp/launch_params_8lqf7rgz -r /tf:=tf -r /tf_static:=tf_static"
2026-09-12T21:59:19Z,10,"compAB_devref_singleton",316845,"lifecycle_manag",4.0,43064,16723,"/opt/ros/jazzy/lib/nav2_lifecycle_manager/lifecycle_manager --ros-args --log-level info --ros-args -r __node:=lifecycle_manager_localization -p use_sim_time:=False --params-file /tmp/launch_params_dosuoat0 --params-file /tmp/launch_params_bm1qwshx"
2026-09-12T21:59:19Z,10,"compAB_devref_singleton",316846,"controller_serv",8.5,70572,39547,"/opt/ros/jazzy/lib/nav2_controller/controller_server --ros-args --log-level info --ros-args -p use_sim_time:=False --params-file /tmp/launch_params__90732i2 -r /tf:=tf -r /tf_static:=tf_static -r cmd_vel:=cmd_vel_nav"
2026-09-12T21:59:19Z,10,"compAB_devref_singleton",316847,"smoother_server",4.3,48960,19647,"/opt/ros/jazzy/lib/nav2_smoother/smoother_server --ros-args --log-level info --ros-args -r __node:=smoother_server -p use_sim_time:=False --params-file /tmp/launch_params__90732i2 -r /tf:=tf -r /tf_static:=tf_static"
2026-09-12T21:59:19Z,10,"compAB_devref_singleton",316848,"planner_server",4.7,58448,27381,"/opt/ros/jazzy/lib/nav2_planner/planner_server --ros-args --log-level info --ros-args -r __node:=planner_server -p use_sim_time:=False --params-file /tmp/launch_params__90732i2 -r /tf:=tf -r /tf_static:=tf_static"
2026-09-12T21:59:19Z,10,"compAB_devref_singleton",316849,"route_server",4.2,52984,22786,"/opt/ros/jazzy/lib/nav2_route/route_server --ros-args --log-level info --ros-args -r __node:=route_server -p use_sim_time:=False --params-file /tmp/launch_params__90732i2 -r /tf:=tf -r /tf_static:=tf_static"
2026-09-12T21:59:19Z,10,"compAB_devref_singleton",316850,"behavior_server",4.8,54044,23929,"/opt/ros/jazzy/lib/nav2_behaviors/behavior_server --ros-args --log-level info --ros-args -r __node:=behavior_server -p use_sim_time:=False --params-file /tmp/launch_params__90732i2 -r /tf:=tf -r /tf_static:=tf_static -r cmd_vel:=cmd_vel_nav"
2026-09-12T21:59:19Z,10,"compAB_devref_singleton",316851,"bt_navigator",6.7,77620,48529,"/opt/ros/jazzy/lib/nav2_bt_navigator/bt_navigator --ros-args --log-level info --ros-args -r __node:=bt_navigator -p use_sim_time:=False --params-file /tmp/launch_params__90732i2 -r /tf:=tf -r /tf_static:=tf_static"
2026-09-12T21:59:19Z,10,"compAB_devref_singleton",316852,"waypoint_follow",3.5,46604,19312,"/opt/ros/jazzy/lib/nav2_waypoint_follower/waypoint_follower --ros-args --log-level info --ros-args -r __node:=waypoint_follower -p use_sim_time:=False --params-file /tmp/launch_params__90732i2 -r /tf:=tf -r /tf_static:=tf_static"
2026-09-12T21:59:19Z,10,"compAB_devref_singleton",316853,"velocity_smooth",3.6,39300,16129,"/opt/ros/jazzy/lib/nav2_velocity_smoother/velocity_smoother --ros-args --log-level info --ros-args -r __node:=velocity_smoother -p use_sim_time:=False --params-file /tmp/launch_params__90732i2 -r /tf:=tf -r /tf_static:=tf_static -r cmd_vel:=cmd_vel_nav"
2026-09-12T21:59:19Z,10,"compAB_devref_singleton",316854,"collision_monit",4.1,51892,21608,"/opt/ros/jazzy/lib/nav2_collision_monitor/collision_monitor --ros-args --log-level info --ros-args -r __node:=collision_monitor -p use_sim_time:=False --params-file /tmp/launch_params__90732i2 -r /tf:=tf -r /tf_static:=tf_static"
2026-09-12T21:59:19Z,10,"compAB_devref_singleton",316856,"lifecycle_manag",9.3,46672,20740,"/opt/ros/jazzy/lib/nav2_lifecycle_manager/lifecycle_manager --ros-args --log-level info --ros-args -r __node:=lifecycle_manager_navigation -p use_sim_time:=False --params-file /tmp/launch_params_0swl114y --params-file /tmp/launch_params_oxcye_37"
2026-09-12T21:59:19Z,10,"compAB_devref_singleton",317108,"bash",0.0,2464,587,"bash /cbab3/work/scripts/run_nav2_composition_ab.sh --label compAB_devref --duration 120"
2026-09-12T21:59:19Z,10,"compAB_devref_singleton",317109,"python3",8.2,84764,53779,"python3 /cbab3/work/scripts/nav_goal_sender.py --x 4.0 --y 4.0 --yaw 0.0 --repeat 0 --pause 1"
2026-09-12T21:59:19Z,10,"compAB_devref_singleton",317244,"bash",1.1,4432,1002,"bash /oomwoo/contributions/compute-benchmark/xbattlax/scripts/measure_ros_processes.sh --pattern python3|ros2|nav2|component_container|nav_goal_sender|amcl|map_server|planner|controller|behavior|bt_nav|smoother|waypoint --duration 110 --interval 2 --label compAB_devref_singleton --output /cbab3/work/scripts/../results/composition_ab/compAB_devref_singleton_20260912T215506Z.csv"
2026-09-12T21:59:21Z,11,"compAB_devref_singleton",232119,"python3",0.2,80320,51285,"/usr/bin/python3 -c from ros2cli.daemon.daemonize import main; main() --name ros2-daemon --ros-domain-id 0 --rmw-implementation rmw_fastrtps_cpp"
2026-09-12T21:59:21Z,11,"compAB_devref_singleton",299391,"bash",0.0,3864,934,"bash -c source /opt/ros/jazzy/setup.bash && bash /cbab3/work/scripts/run_nav2_composition_ab.sh --label compAB_devref --duration 120 2>&1"
2026-09-12T21:59:21Z,11,"compAB_devref_singleton",299404,"bash",0.0,4476,1276,"bash /cbab3/work/scripts/run_nav2_composition_ab.sh --label compAB_devref --duration 120"
2026-09-12T21:59:21Z,11,"compAB_devref_singleton",316823,"python3",5.6,78356,48637,"python3 /cbab3/work/scripts/synthetic_scan_publisher.py --duration 220 --loop-s 40 --hz 5.0"
2026-09-12T21:59:21Z,11,"compAB_devref_singleton",316839,"ros2",0.7,43576,30707,"/usr/bin/python3 /opt/ros/jazzy/bin/ros2 launch nav2_bringup bringup_launch.py map:=/cbab3/work/scripts/../results/composition_ab/compAB_nav2_map.yaml params_file:=/cbab3/work/scripts/nav2_params_bench.yaml use_sim_time:=False autostart:=True slam:=False use_composition:=False"
2026-09-12T21:59:21Z,11,"compAB_devref_singleton",316843,"map_server",3.6,49244,22922,"/opt/ros/jazzy/lib/nav2_map_server/map_server --ros-args --log-level info --ros-args -r __node:=map_server -p use_sim_time:=False --params-file /tmp/launch_params_8lqf7rgz --params-file /tmp/launch_params_xbz9z5ah -r /tf:=tf -r /tf_static:=tf_static"
2026-09-12T21:59:21Z,11,"compAB_devref_singleton",316844,"amcl",6.6,51180,22372,"/opt/ros/jazzy/lib/nav2_amcl/amcl --ros-args --log-level info --ros-args -r __node:=amcl -p use_sim_time:=False --params-file /tmp/launch_params_8lqf7rgz -r /tf:=tf -r /tf_static:=tf_static"
2026-09-12T21:59:21Z,11,"compAB_devref_singleton",316845,"lifecycle_manag",4.0,43064,16723,"/opt/ros/jazzy/lib/nav2_lifecycle_manager/lifecycle_manager --ros-args --log-level info --ros-args -r __node:=lifecycle_manager_localization -p use_sim_time:=False --params-file /tmp/launch_params_dosuoat0 --params-file /tmp/launch_params_bm1qwshx"
2026-09-12T21:59:21Z,11,"compAB_devref_singleton",316846,"controller_serv",8.3,70572,39546,"/opt/ros/jazzy/lib/nav2_controller/controller_server --ros-args --log-level info --ros-args -p use_sim_time:=False --params-file /tmp/launch_params__90732i2 -r /tf:=tf -r /tf_static:=tf_static -r cmd_vel:=cmd_vel_nav"
2026-09-12T21:59:21Z,11,"compAB_devref_singleton",316847,"smoother_server",4.3,48960,19647,"/opt/ros/jazzy/lib/nav2_smoother/smoother_server --ros-args --log-level info --ros-args -r __node:=smoother_server -p use_sim_time:=False --params-file /tmp/launch_params__90732i2 -r /tf:=tf -r /tf_static:=tf_static"
2026-09-12T21:59:21Z,11,"compAB_devref_singleton",316848,"planner_server",4.6,58448,27381,"/opt/ros/jazzy/lib/nav2_planner/planner_server --ros-args --log-level info --ros-args -r __node:=planner_server -p use_sim_time:=False --params-file /tmp/launch_params__90732i2 -r /tf:=tf -r /tf_static:=tf_static"
2026-09-12T21:59:21Z,11,"compAB_devref_singleton",316849,"route_server",4.2,52984,22786,"/opt/ros/jazzy/lib/nav2_route/route_server --ros-args --log-level info --ros-args -r __node:=route_server -p use_sim_time:=False --params-file /tmp/launch_params__90732i2 -r /tf:=tf -r /tf_static:=tf_static"
2026-09-12T21:59:21Z,11,"compAB_devref_singleton",316850,"behavior_server",4.8,54044,23928,"/opt/ros/jazzy/lib/nav2_behaviors/behavior_server --ros-args --log-level info --ros-args -r __node:=behavior_server -p use_sim_time:=False --params-file /tmp/launch_params__90732i2 -r /tf:=tf -r /tf_static:=tf_static -r cmd_vel:=cmd_vel_nav"
2026-09-12T21:59:21Z,11,"compAB_devref_singleton",316851,"bt_navigator",6.7,77620,48529,"/opt/ros/jazzy/lib/nav2_bt_navigator/bt_navigator --ros-args --log-level info --ros-args -r __node:=bt_navigator -p use_sim_time:=False --params-file /tmp/launch_params__90732i2 -r /tf:=tf -r /tf_static:=tf_static"
2026-09-12T21:59:21Z,11,"compAB_devref_singleton",316852,"waypoint_follow",3.6,46604,19312,"/opt/ros/jazzy/lib/nav2_waypoint_follower/waypoint_follower --ros-args --log-level info --ros-args -r __node:=waypoint_follower -p use_sim_time:=False --params-file /tmp/launch_params__90732i2 -r /tf:=tf -r /tf_static:=tf_static"
2026-09-12T21:59:21Z,11,"compAB_devref_singleton",316853,"velocity_smooth",3.6,39300,16129,"/opt/ros/jazzy/lib/nav2_velocity_smoother/velocity_smoother --ros-args --log-level info --ros-args -r __node:=velocity_smoother -p use_sim_time:=False --params-file /tmp/launch_params__90732i2 -r /tf:=tf -r /tf_static:=tf_static -r cmd_vel:=cmd_vel_nav"
2026-09-12T21:59:21Z,11,"compAB_devref_singleton",316854,"collision_monit",4.1,51892,21608,"/opt/ros/jazzy/lib/nav2_collision_monitor/collision_monitor --ros-args --log-level info --ros-args -r __node:=collision_monitor -p use_sim_time:=False --params-file /tmp/launch_params__90732i2 -r /tf:=tf -r /tf_static:=tf_static"
2026-09-12T21:59:21Z,11,"compAB_devref_singleton",316856,"lifecycle_manag",9.3,46672,20740,"/opt/ros/jazzy/lib/nav2_lifecycle_manager/lifecycle_manager --ros-args --log-level info --ros-args -r __node:=lifecycle_manager_navigation -p use_sim_time:=False --params-file /tmp/launch_params_0swl114y --params-file /tmp/launch_params_oxcye_37"
2026-09-12T21:59:21Z,11,"compAB_devref_singleton",317108,"bash",0.0,2464,586,"bash /cbab3/work/scripts/run_nav2_composition_ab.sh --label compAB_devref --duration 120"
2026-09-12T21:59:21Z,11,"compAB_devref_singleton",317109,"python3",8.3,84764,53780,"python3 /cbab3/work/scripts/nav_goal_sender.py --x 4.0 --y 4.0 --yaw 0.0 --repeat 0 --pause 1"
2026-09-12T21:59:21Z,11,"compAB_devref_singleton",317244,"bash",1.1,4432,1002,"bash /oomwoo/contributions/compute-benchmark/xbattlax/scripts/measure_ros_processes.sh --pattern python3|ros2|nav2|component_container|nav_goal_sender|amcl|map_server|planner|controller|behavior|bt_nav|smoother|waypoint --duration 110 --interval 2 --label compAB_devref_singleton --output /cbab3/work/scripts/../results/composition_ab/compAB_devref_singleton_20260912T215506Z.csv"
2026-09-12T21:59:24Z,12,"compAB_devref_singleton",232119,"python3",0.2,80320,51286,"/usr/bin/python3 -c from ros2cli.daemon.daemonize import main; main() --name ros2-daemon --ros-domain-id 0 --rmw-implementation rmw_fastrtps_cpp"
2026-09-12T21:59:24Z,12,"compAB_devref_singleton",299391,"bash",0.0,3864,934,"bash -c source /opt/ros/jazzy/setup.bash && bash /cbab3/work/scripts/run_nav2_composition_ab.sh --label compAB_devref --duration 120 2>&1"
2026-09-12T21:59:24Z,12,"compAB_devref_singleton",299404,"bash",0.0,4476,1278,"bash /cbab3/work/scripts/run_nav2_composition_ab.sh --label compAB_devref --duration 120"
2026-09-12T21:59:24Z,12,"compAB_devref_singleton",316823,"python3",5.6,78356,48636,"python3 /cbab3/work/scripts/synthetic_scan_publisher.py --duration 220 --loop-s 40 --hz 5.0"
2026-09-12T21:59:24Z,12,"compAB_devref_singleton",316839,"ros2",0.7,43576,30706,"/usr/bin/python3 /opt/ros/jazzy/bin/ros2 launch nav2_bringup bringup_launch.py map:=/cbab3/work/scripts/../results/composition_ab/compAB_nav2_map.yaml params_file:=/cbab3/work/scripts/nav2_params_bench.yaml use_sim_time:=False autostart:=True slam:=False use_composition:=False"
2026-09-12T21:59:24Z,12,"compAB_devref_singleton",316843,"map_server",3.6,49244,22922,"/opt/ros/jazzy/lib/nav2_map_server/map_server --ros-args --log-level info --ros-args -r __node:=map_server -p use_sim_time:=False --params-file /tmp/launch_params_8lqf7rgz --params-file /tmp/launch_params_xbz9z5ah -r /tf:=tf -r /tf_static:=tf_static"
2026-09-12T21:59:24Z,12,"compAB_devref_singleton",316844,"amcl",6.6,51180,22372,"/opt/ros/jazzy/lib/nav2_amcl/amcl --ros-args --log-level info --ros-args -r __node:=amcl -p use_sim_time:=False --params-file /tmp/launch_params_8lqf7rgz -r /tf:=tf -r /tf_static:=tf_static"
2026-09-12T21:59:24Z,12,"compAB_devref_singleton",316845,"lifecycle_manag",4.0,43064,16722,"/opt/ros/jazzy/lib/nav2_lifecycle_manager/lifecycle_manager --ros-args --log-level info --ros-args -r __node:=lifecycle_manager_localization -p use_sim_time:=False --params-file /tmp/launch_params_dosuoat0 --params-file /tmp/launch_params_bm1qwshx"
2026-09-12T21:59:24Z,12,"compAB_devref_singleton",316846,"controller_serv",8.2,70572,39546,"/opt/ros/jazzy/lib/nav2_controller/controller_server --ros-args --log-level info --ros-args -p use_sim_time:=False --params-file /tmp/launch_params__90732i2 -r /tf:=tf -r /tf_static:=tf_static -r cmd_vel:=cmd_vel_nav"
2026-09-12T21:59:24Z,12,"compAB_devref_singleton",316847,"smoother_server",4.3,48960,19647,"/opt/ros/jazzy/lib/nav2_smoother/smoother_server --ros-args --log-level info --ros-args -r __node:=smoother_server -p use_sim_time:=False --params-file /tmp/launch_params__90732i2 -r /tf:=tf -r /tf_static:=tf_static"
2026-09-12T21:59:24Z,12,"compAB_devref_singleton",316848,"planner_server",4.6,58452,27385,"/opt/ros/jazzy/lib/nav2_planner/planner_server --ros-args --log-level info --ros-args -r __node:=planner_server -p use_sim_time:=False --params-file /tmp/launch_params__90732i2 -r /tf:=tf -r /tf_static:=tf_static"
2026-09-12T21:59:24Z,12,"compAB_devref_singleton",316849,"route_server",4.2,52984,22786,"/opt/ros/jazzy/lib/nav2_route/route_server --ros-args --log-level info --ros-args -r __node:=route_server -p use_sim_time:=False --params-file /tmp/launch_params__90732i2 -r /tf:=tf -r /tf_static:=tf_static"
2026-09-12T21:59:24Z,12,"compAB_devref_singleton",316850,"behavior_server",4.8,54072,23957,"/opt/ros/jazzy/lib/nav2_behaviors/behavior_server --ros-args --log-level info --ros-args -r __node:=behavior_server -p use_sim_time:=False --params-file /tmp/launch_params__90732i2 -r /tf:=tf -r /tf_static:=tf_static -r cmd_vel:=cmd_vel_nav"
2026-09-12T21:59:24Z,12,"compAB_devref_singleton",316851,"bt_navigator",6.8,77620,48528,"/opt/ros/jazzy/lib/nav2_bt_navigator/bt_navigator --ros-args --log-level info --ros-args -r __node:=bt_navigator -p use_sim_time:=False --params-file /tmp/launch_params__90732i2 -r /tf:=tf -r /tf_static:=tf_static"
2026-09-12T21:59:24Z,12,"compAB_devref_singleton",316852,"waypoint_follow",3.5,46604,19312,"/opt/ros/jazzy/lib/nav2_waypoint_follower/waypoint_follower --ros-args --log-level info --ros-args -r __node:=waypoint_follower -p use_sim_time:=False --params-file /tmp/launch_params__90732i2 -r /tf:=tf -r /tf_static:=tf_static"
2026-09-12T21:59:24Z,12,"compAB_devref_singleton",316853,"velocity_smooth",3.6,39300,16129,"/opt/ros/jazzy/lib/nav2_velocity_smoother/velocity_smoother --ros-args --log-level info --ros-args -r __node:=velocity_smoother -p use_sim_time:=False --params-file /tmp/launch_params__90732i2 -r /tf:=tf -r /tf_static:=tf_static -r cmd_vel:=cmd_vel_nav"
2026-09-12T21:59:24Z,12,"compAB_devref_singleton",316854,"collision_monit",4.1,51892,21608,"/opt/ros/jazzy/lib/nav2_collision_monitor/collision_monitor --ros-args --log-level info --ros-args -r __node:=collision_monitor -p use_sim_time:=False --params-file /tmp/launch_params__90732i2 -r /tf:=tf -r /tf_static:=tf_static"
2026-09-12T21:59:24Z,12,"compAB_devref_singleton",316856,"lifecycle_manag",9.3,46672,20740,"/opt/ros/jazzy/lib/nav2_lifecycle_manager/lifecycle_manager --ros-args --log-level info --ros-args -r __node:=lifecycle_manager_navigation -p use_sim_time:=False --params-file /tmp/launch_params_0swl114y --params-file /tmp/launch_params_oxcye_37"
2026-09-12T21:59:24Z,12,"compAB_devref_singleton",317108,"bash",0.0,2464,586,"bash /cbab3/work/scripts/run_nav2_composition_ab.sh --label compAB_devref --duration 120"
2026-09-12T21:59:24Z,12,"compAB_devref_singleton",317109,"python3",8.4,84768,53783,"python3 /cbab3/work/scripts/nav_goal_sender.py --x 4.0 --y 4.0 --yaw 0.0 --repeat 0 --pause 1"
2026-09-12T21:59:24Z,12,"compAB_devref_singleton",317244,"bash",1.1,4432,1001,"bash /oomwoo/contributions/compute-benchmark/xbattlax/scripts/measure_ros_processes.sh --pattern python3|ros2|nav2|component_container|nav_goal_sender|amcl|map_server|planner|controller|behavior|bt_nav|smoother|waypoint --duration 110 --interval 2 --label compAB_devref_singleton --output /cbab3/work/scripts/../results/composition_ab/compAB_devref_singleton_20260912T215506Z.csv"
2026-09-12T21:59:27Z,13,"compAB_devref_singleton",232119,"python3",0.2,80320,51287,"/usr/bin/python3 -c from ros2cli.daemon.daemonize import main; main() --name ros2-daemon --ros-domain-id 0 --rmw-implementation rmw_fastrtps_cpp"
2026-09-12T21:59:27Z,13,"compAB_devref_singleton",299391,"bash",0.0,3864,934,"bash -c source /opt/ros/jazzy/setup.bash && bash /cbab3/work/scripts/run_nav2_composition_ab.sh --label compAB_devref --duration 120 2>&1"
2026-09-12T21:59:27Z,13,"compAB_devref_singleton",299404,"bash",0.0,4476,1273,"bash /cbab3/work/scripts/run_nav2_composition_ab.sh --label compAB_devref --duration 120"
2026-09-12T21:59:27Z,13,"compAB_devref_singleton",316823,"python3",5.6,78356,48634,"python3 /cbab3/work/scripts/synthetic_scan_publisher.py --duration 220 --loop-s 40 --hz 5.0"
2026-09-12T21:59:27Z,13,"compAB_devref_singleton",316839,"ros2",0.6,43576,30705,"/usr/bin/python3 /opt/ros/jazzy/bin/ros2 launch nav2_bringup bringup_launch.py map:=/cbab3/work/scripts/../results/composition_ab/compAB_nav2_map.yaml params_file:=/cbab3/work/scripts/nav2_params_bench.yaml use_sim_time:=False autostart:=True slam:=False use_composition:=False"
2026-09-12T21:59:27Z,13,"compAB_devref_singleton",316843,"map_server",3.6,49244,22922,"/opt/ros/jazzy/lib/nav2_map_server/map_server --ros-args --log-level info --ros-args -r __node:=map_server -p use_sim_time:=False --params-file /tmp/launch_params_8lqf7rgz --params-file /tmp/launch_params_xbz9z5ah -r /tf:=tf -r /tf_static:=tf_static"
2026-09-12T21:59:27Z,13,"compAB_devref_singleton",316844,"amcl",6.6,51180,22372,"/opt/ros/jazzy/lib/nav2_amcl/amcl --ros-args --log-level info --ros-args -r __node:=amcl -p use_sim_time:=False --params-file /tmp/launch_params_8lqf7rgz -r /tf:=tf -r /tf_static:=tf_static"
2026-09-12T21:59:27Z,13,"compAB_devref_singleton",316845,"lifecycle_manag",4.0,43064,16723,"/opt/ros/jazzy/lib/nav2_lifecycle_manager/lifecycle_manager --ros-args --log-level info --ros-args -r __node:=lifecycle_manager_localization -p use_sim_time:=False --params-file /tmp/launch_params_dosuoat0 --params-file /tmp/launch_params_bm1qwshx"
2026-09-12T21:59:27Z,13,"compAB_devref_singleton",316846,"controller_serv",8.3,71016,39991,"/opt/ros/jazzy/lib/nav2_controller/controller_server --ros-args --log-level info --ros-args -p use_sim_time:=False --params-file /tmp/launch_params__90732i2 -r /tf:=tf -r /tf_static:=tf_static -r cmd_vel:=cmd_vel_nav"
2026-09-12T21:59:27Z,13,"compAB_devref_singleton",316847,"smoother_server",4.3,48960,19646,"/opt/ros/jazzy/lib/nav2_smoother/smoother_server --ros-args --log-level info --ros-args -r __node:=smoother_server -p use_sim_time:=False --params-file /tmp/launch_params__90732i2 -r /tf:=tf -r /tf_static:=tf_static"
2026-09-12T21:59:27Z,13,"compAB_devref_singleton",316848,"planner_server",4.6,58480,27413,"/opt/ros/jazzy/lib/nav2_planner/planner_server --ros-args --log-level info --ros-args -r __node:=planner_server -p use_sim_time:=False --params-file /tmp/launch_params__90732i2 -r /tf:=tf -r /tf_static:=tf_static"
2026-09-12T21:59:27Z,13,"compAB_devref_singleton",316849,"route_server",4.2,52984,22786,"/opt/ros/jazzy/lib/nav2_route/route_server --ros-args --log-level info --ros-args -r __node:=route_server -p use_sim_time:=False --params-file /tmp/launch_params__90732i2 -r /tf:=tf -r /tf_static:=tf_static"
2026-09-12T21:59:27Z,13,"compAB_devref_singleton",316850,"behavior_server",4.8,54068,23952,"/opt/ros/jazzy/lib/nav2_behaviors/behavior_server --ros-args --log-level info --ros-args -r __node:=behavior_server -p use_sim_time:=False --params-file /tmp/launch_params__90732i2 -r /tf:=tf -r /tf_static:=tf_static -r cmd_vel:=cmd_vel_nav"
2026-09-12T21:59:27Z,13,"compAB_devref_singleton",316851,"bt_navigator",6.8,77652,48561,"/opt/ros/jazzy/lib/nav2_bt_navigator/bt_navigator --ros-args --log-level info --ros-args -r __node:=bt_navigator -p use_sim_time:=False --params-file /tmp/launch_params__90732i2 -r /tf:=tf -r /tf_static:=tf_static"
2026-09-12T21:59:27Z,13,"compAB_devref_singleton",316852,"waypoint_follow",3.6,46604,19312,"/opt/ros/jazzy/lib/nav2_waypoint_follower/waypoint_follower --ros-args --log-level info --ros-args -r __node:=waypoint_follower -p use_sim_time:=False --params-file /tmp/launch_params__90732i2 -r /tf:=tf -r /tf_static:=tf_static"
2026-09-12T21:59:27Z,13,"compAB_devref_singleton",316853,"velocity_smooth",3.6,39300,16129,"/opt/ros/jazzy/lib/nav2_velocity_smoother/velocity_smoother --ros-args --log-level info --ros-args -r __node:=velocity_smoother -p use_sim_time:=False --params-file /tmp/launch_params__90732i2 -r /tf:=tf -r /tf_static:=tf_static -r cmd_vel:=cmd_vel_nav"
2026-09-12T21:59:27Z,13,"compAB_devref_singleton",316854,"collision_monit",4.1,51896,21612,"/opt/ros/jazzy/lib/nav2_collision_monitor/collision_monitor --ros-args --log-level info --ros-args -r __node:=collision_monitor -p use_sim_time:=False --params-file /tmp/launch_params__90732i2 -r /tf:=tf -r /tf_static:=tf_static"
2026-09-12T21:59:27Z,13,"compAB_devref_singleton",316856,"lifecycle_manag",9.3,46672,20740,"/opt/ros/jazzy/lib/nav2_lifecycle_manager/lifecycle_manager --ros-args --log-level info --ros-args -r __node:=lifecycle_manager_navigation -p use_sim_time:=False --params-file /tmp/launch_params_0swl114y --params-file /tmp/launch_params_oxcye_37"
2026-09-12T21:59:27Z,13,"compAB_devref_singleton",317108,"bash",0.0,2464,587,"bash /cbab3/work/scripts/run_nav2_composition_ab.sh --label compAB_devref --duration 120"
2026-09-12T21:59:27Z,13,"compAB_devref_singleton",317109,"python3",8.3,84772,53787,"python3 /cbab3/work/scripts/nav_goal_sender.py --x 4.0 --y 4.0 --yaw 0.0 --repeat 0 --pause 1"
2026-09-12T21:59:27Z,13,"compAB_devref_singleton",317244,"bash",1.1,4432,1006,"bash /oomwoo/contributions/compute-benchmark/xbattlax/scripts/measure_ros_processes.sh --pattern python3|ros2|nav2|component_container|nav_goal_sender|amcl|map_server|planner|controller|behavior|bt_nav|smoother|waypoint --duration 110 --interval 2 --label compAB_devref_singleton --output /cbab3/work/scripts/../results/composition_ab/compAB_devref_singleton_20260912T215506Z.csv"
2026-09-12T21:59:29Z,14,"compAB_devref_singleton",232119,"python3",0.2,80320,51284,"/usr/bin/python3 -c from ros2cli.daemon.daemonize import main; main() --name ros2-daemon --ros-domain-id 0 --rmw-implementation rmw_fastrtps_cpp"
2026-09-12T21:59:29Z,14,"compAB_devref_singleton",299391,"bash",0.0,3864,933,"bash -c source /opt/ros/jazzy/setup.bash && bash /cbab3/work/scripts/run_nav2_composition_ab.sh --label compAB_devref --duration 120 2>&1"
2026-09-12T21:59:29Z,14,"compAB_devref_singleton",299404,"bash",0.0,4476,1278,"bash /cbab3/work/scripts/run_nav2_composition_ab.sh --label compAB_devref --duration 120"
2026-09-12T21:59:29Z,14,"compAB_devref_singleton",316823,"python3",5.6,78356,48637,"python3 /cbab3/work/scripts/synthetic_scan_publisher.py --duration 220 --loop-s 40 --hz 5.0"
2026-09-12T21:59:29Z,14,"compAB_devref_singleton",316839,"ros2",0.6,43576,30705,"/usr/bin/python3 /opt/ros/jazzy/bin/ros2 launch nav2_bringup bringup_launch.py map:=/cbab3/work/scripts/../results/composition_ab/compAB_nav2_map.yaml params_file:=/cbab3/work/scripts/nav2_params_bench.yaml use_sim_time:=False autostart:=True slam:=False use_composition:=False"
2026-09-12T21:59:29Z,14,"compAB_devref_singleton",316843,"map_server",3.6,49244,22922,"/opt/ros/jazzy/lib/nav2_map_server/map_server --ros-args --log-level info --ros-args -r __node:=map_server -p use_sim_time:=False --params-file /tmp/launch_params_8lqf7rgz --params-file /tmp/launch_params_xbz9z5ah -r /tf:=tf -r /tf_static:=tf_static"
2026-09-12T21:59:29Z,14,"compAB_devref_singleton",316844,"amcl",6.6,51180,22371,"/opt/ros/jazzy/lib/nav2_amcl/amcl --ros-args --log-level info --ros-args -r __node:=amcl -p use_sim_time:=False --params-file /tmp/launch_params_8lqf7rgz -r /tf:=tf -r /tf_static:=tf_static"
2026-09-12T21:59:29Z,14,"compAB_devref_singleton",316845,"lifecycle_manag",4.0,43064,16722,"/opt/ros/jazzy/lib/nav2_lifecycle_manager/lifecycle_manager --ros-args --log-level info --ros-args -r __node:=lifecycle_manager_localization -p use_sim_time:=False --params-file /tmp/launch_params_dosuoat0 --params-file /tmp/launch_params_bm1qwshx"
2026-09-12T21:59:29Z,14,"compAB_devref_singleton",316846,"controller_serv",8.8,71064,40004,"/opt/ros/jazzy/lib/nav2_controller/controller_server --ros-args --log-level info --ros-args -p use_sim_time:=False --params-file /tmp/launch_params__90732i2 -r /tf:=tf -r /tf_static:=tf_static -r cmd_vel:=cmd_vel_nav"
2026-09-12T21:59:29Z,14,"compAB_devref_singleton",316847,"smoother_server",4.3,48960,19646,"/opt/ros/jazzy/lib/nav2_smoother/smoother_server --ros-args --log-level info --ros-args -r __node:=smoother_server -p use_sim_time:=False --params-file /tmp/launch_params__90732i2 -r /tf:=tf -r /tf_static:=tf_static"
2026-09-12T21:59:29Z,14,"compAB_devref_singleton",316848,"planner_server",4.6,58484,27417,"/opt/ros/jazzy/lib/nav2_planner/planner_server --ros-args --log-level info --ros-args -r __node:=planner_server -p use_sim_time:=False --params-file /tmp/launch_params__90732i2 -r /tf:=tf -r /tf_static:=tf_static"
2026-09-12T21:59:29Z,14,"compAB_devref_singleton",316849,"route_server",4.2,52984,22785,"/opt/ros/jazzy/lib/nav2_route/route_server --ros-args --log-level info --ros-args -r __node:=route_server -p use_sim_time:=False --params-file /tmp/launch_params__90732i2 -r /tf:=tf -r /tf_static:=tf_static"
2026-09-12T21:59:29Z,14,"compAB_devref_singleton",316850,"behavior_server",4.8,54068,23951,"/opt/ros/jazzy/lib/nav2_behaviors/behavior_server --ros-args --log-level info --ros-args -r __node:=behavior_server -p use_sim_time:=False --params-file /tmp/launch_params__90732i2 -r /tf:=tf -r /tf_static:=tf_static -r cmd_vel:=cmd_vel_nav"
2026-09-12T21:59:29Z,14,"compAB_devref_singleton",316851,"bt_navigator",6.9,77660,48568,"/opt/ros/jazzy/lib/nav2_bt_navigator/bt_navigator --ros-args --log-level info --ros-args -r __node:=bt_navigator -p use_sim_time:=False --params-file /tmp/launch_params__90732i2 -r /tf:=tf -r /tf_static:=tf_static"
2026-09-12T21:59:29Z,14,"compAB_devref_singleton",316852,"waypoint_follow",3.5,46604,19312,"/opt/ros/jazzy/lib/nav2_waypoint_follower/waypoint_follower --ros-args --log-level info --ros-args -r __node:=waypoint_follower -p use_sim_time:=False --params-file /tmp/launch_params__90732i2 -r /tf:=tf -r /tf_static:=tf_static"
2026-09-12T21:59:29Z,14,"compAB_devref_singleton",316853,"velocity_smooth",3.6,39300,16129,"/opt/ros/jazzy/lib/nav2_velocity_smoother/velocity_smoother --ros-args --log-level info --ros-args -r __node:=velocity_smoother -p use_sim_time:=False --params-file /tmp/launch_params__90732i2 -r /tf:=tf -r /tf_static:=tf_static -r cmd_vel:=cmd_vel_nav"
2026-09-12T21:59:29Z,14,"compAB_devref_singleton",316854,"collision_monit",4.1,51896,21611,"/opt/ros/jazzy/lib/nav2_collision_monitor/collision_monitor --ros-args --log-level info --ros-args -r __node:=collision_monitor -p use_sim_time:=False --params-file /tmp/launch_params__90732i2 -r /tf:=tf -r /tf_static:=tf_static"
2026-09-12T21:59:29Z,14,"compAB_devref_singleton",316856,"lifecycle_manag",9.4,46672,20740,"/opt/ros/jazzy/lib/nav2_lifecycle_manager/lifecycle_manager --ros-args --log-level info --ros-args -r __node:=lifecycle_manager_navigation -p use_sim_time:=False --params-file /tmp/launch_params_0swl114y --params-file /tmp/launch_params_oxcye_37"
2026-09-12T21:59:29Z,14,"compAB_devref_singleton",317108,"bash",0.0,2464,586,"bash /cbab3/work/scripts/run_nav2_composition_ab.sh --label compAB_devref --duration 120"
2026-09-12T21:59:29Z,14,"compAB_devref_singleton",317109,"python3",8.4,84772,53786,"python3 /cbab3/work/scripts/nav_goal_sender.py --x 4.0 --y 4.0 --yaw 0.0 --repeat 0 --pause 1"
2026-09-12T21:59:29Z,14,"compAB_devref_singleton",317244,"bash",1.1,4432,1002,"bash /oomwoo/contributions/compute-benchmark/xbattlax/scripts/measure_ros_processes.sh --pattern python3|ros2|nav2|component_container|nav_goal_sender|amcl|map_server|planner|controller|behavior|bt_nav|smoother|waypoint --duration 110 --interval 2 --label compAB_devref_singleton --output /cbab3/work/scripts/../results/composition_ab/compAB_devref_singleton_20260912T215506Z.csv"
2026-09-12T21:59:32Z,15,"compAB_devref_singleton",232119,"python3",0.2,80320,51285,"/usr/bin/python3 -c from ros2cli.daemon.daemonize import main; main() --name ros2-daemon --ros-domain-id 0 --rmw-implementation rmw_fastrtps_cpp"
2026-09-12T21:59:32Z,15,"compAB_devref_singleton",299391,"bash",0.0,3864,933,"bash -c source /opt/ros/jazzy/setup.bash && bash /cbab3/work/scripts/run_nav2_composition_ab.sh --label compAB_devref --duration 120 2>&1"
2026-09-12T21:59:32Z,15,"compAB_devref_singleton",299404,"bash",0.0,4476,1277,"bash /cbab3/work/scripts/run_nav2_composition_ab.sh --label compAB_devref --duration 120"
2026-09-12T21:59:32Z,15,"compAB_devref_singleton",316823,"python3",5.6,78356,48632,"python3 /cbab3/work/scripts/synthetic_scan_publisher.py --duration 220 --loop-s 40 --hz 5.0"
2026-09-12T21:59:32Z,15,"compAB_devref_singleton",316839,"ros2",0.6,43576,30706,"/usr/bin/python3 /opt/ros/jazzy/bin/ros2 launch nav2_bringup bringup_launch.py map:=/cbab3/work/scripts/../results/composition_ab/compAB_nav2_map.yaml params_file:=/cbab3/work/scripts/nav2_params_bench.yaml use_sim_time:=False autostart:=True slam:=False use_composition:=False"
2026-09-12T21:59:32Z,15,"compAB_devref_singleton",316843,"map_server",3.6,49244,22923,"/opt/ros/jazzy/lib/nav2_map_server/map_server --ros-args --log-level info --ros-args -r __node:=map_server -p use_sim_time:=False --params-file /tmp/launch_params_8lqf7rgz --params-file /tmp/launch_params_xbz9z5ah -r /tf:=tf -r /tf_static:=tf_static"
2026-09-12T21:59:32Z,15,"compAB_devref_singleton",316844,"amcl",6.6,51184,22375,"/opt/ros/jazzy/lib/nav2_amcl/amcl --ros-args --log-level info --ros-args -r __node:=amcl -p use_sim_time:=False --params-file /tmp/launch_params_8lqf7rgz -r /tf:=tf -r /tf_static:=tf_static"
2026-09-12T21:59:32Z,15,"compAB_devref_singleton",316845,"lifecycle_manag",4.0,43064,16723,"/opt/ros/jazzy/lib/nav2_lifecycle_manager/lifecycle_manager --ros-args --log-level info --ros-args -r __node:=lifecycle_manager_localization -p use_sim_time:=False --params-file /tmp/launch_params_dosuoat0 --params-file /tmp/launch_params_bm1qwshx"
2026-09-12T21:59:32Z,15,"compAB_devref_singleton",316846,"controller_serv",9.2,71080,40020,"/opt/ros/jazzy/lib/nav2_controller/controller_server --ros-args --log-level info --ros-args -p use_sim_time:=False --params-file /tmp/launch_params__90732i2 -r /tf:=tf -r /tf_static:=tf_static -r cmd_vel:=cmd_vel_nav"
2026-09-12T21:59:32Z,15,"compAB_devref_singleton",316847,"smoother_server",4.2,48960,19647,"/opt/ros/jazzy/lib/nav2_smoother/smoother_server --ros-args --log-level info --ros-args -r __node:=smoother_server -p use_sim_time:=False --params-file /tmp/launch_params__90732i2 -r /tf:=tf -r /tf_static:=tf_static"
2026-09-12T21:59:32Z,15,"compAB_devref_singleton",316848,"planner_server",4.6,58564,27497,"/opt/ros/jazzy/lib/nav2_planner/planner_server --ros-args --log-level info --ros-args -r __node:=planner_server -p use_sim_time:=False --params-file /tmp/launch_params__90732i2 -r /tf:=tf -r /tf_static:=tf_static"
2026-09-12T21:59:32Z,15,"compAB_devref_singleton",316849,"route_server",4.2,52984,22786,"/opt/ros/jazzy/lib/nav2_route/route_server --ros-args --log-level info --ros-args -r __node:=route_server -p use_sim_time:=False --params-file /tmp/launch_params__90732i2 -r /tf:=tf -r /tf_static:=tf_static"
2026-09-12T21:59:32Z,15,"compAB_devref_singleton",316850,"behavior_server",4.7,54068,23951,"/opt/ros/jazzy/lib/nav2_behaviors/behavior_server --ros-args --log-level info --ros-args -r __node:=behavior_server -p use_sim_time:=False --params-file /tmp/launch_params__90732i2 -r /tf:=tf -r /tf_static:=tf_static -r cmd_vel:=cmd_vel_nav"
2026-09-12T21:59:32Z,15,"compAB_devref_singleton",316851,"bt_navigator",6.9,77664,48572,"/opt/ros/jazzy/lib/nav2_bt_navigator/bt_navigator --ros-args --log-level info --ros-args -r __node:=bt_navigator -p use_sim_time:=False --params-file /tmp/launch_params__90732i2 -r /tf:=tf -r /tf_static:=tf_static"
2026-09-12T21:59:32Z,15,"compAB_devref_singleton",316852,"waypoint_follow",3.5,46604,19312,"/opt/ros/jazzy/lib/nav2_waypoint_follower/waypoint_follower --ros-args --log-level info --ros-args -r __node:=waypoint_follower -p use_sim_time:=False --params-file /tmp/launch_params__90732i2 -r /tf:=tf -r /tf_static:=tf_static"
2026-09-12T21:59:32Z,15,"compAB_devref_singleton",316853,"velocity_smooth",3.6,39300,16129,"/opt/ros/jazzy/lib/nav2_velocity_smoother/velocity_smoother --ros-args --log-level info --ros-args -r __node:=velocity_smoother -p use_sim_time:=False --params-file /tmp/launch_params__90732i2 -r /tf:=tf -r /tf_static:=tf_static -r cmd_vel:=cmd_vel_nav"
2026-09-12T21:59:32Z,15,"compAB_devref_singleton",316854,"collision_monit",4.1,51896,21612,"/opt/ros/jazzy/lib/nav2_collision_monitor/collision_monitor --ros-args --log-level info --ros-args -r __node:=collision_monitor -p use_sim_time:=False --params-file /tmp/launch_params__90732i2 -r /tf:=tf -r /tf_static:=tf_static"
2026-09-12T21:59:32Z,15,"compAB_devref_singleton",316856,"lifecycle_manag",9.3,46672,20740,"/opt/ros/jazzy/lib/nav2_lifecycle_manager/lifecycle_manager --ros-args --log-level info --ros-args -r __node:=lifecycle_manager_navigation -p use_sim_time:=False --params-file /tmp/launch_params_0swl114y --params-file /tmp/launch_params_oxcye_37"
2026-09-12T21:59:32Z,15,"compAB_devref_singleton",317108,"bash",0.0,2464,586,"bash /cbab3/work/scripts/run_nav2_composition_ab.sh --label compAB_devref --duration 120"
2026-09-12T21:59:32Z,15,"compAB_devref_singleton",317109,"python3",8.6,84772,53785,"python3 /cbab3/work/scripts/nav_goal_sender.py --x 4.0 --y 4.0 --yaw 0.0 --repeat 0 --pause 1"
2026-09-12T21:59:32Z,15,"compAB_devref_singleton",317244,"bash",1.1,4432,1001,"bash /oomwoo/contributions/compute-benchmark/xbattlax/scripts/measure_ros_processes.sh --pattern python3|ros2|nav2|component_container|nav_goal_sender|amcl|map_server|planner|controller|behavior|bt_nav|smoother|waypoint --duration 110 --interval 2 --label compAB_devref_singleton --output /cbab3/work/scripts/../results/composition_ab/compAB_devref_singleton_20260912T215506Z.csv"
2026-09-12T21:59:35Z,16,"compAB_devref_singleton",232119,"python3",0.2,80320,51284,"/usr/bin/python3 -c from ros2cli.daemon.daemonize import main; main() --name ros2-daemon --ros-domain-id 0 --rmw-implementation rmw_fastrtps_cpp"
2026-09-12T21:59:35Z,16,"compAB_devref_singleton",299391,"bash",0.0,3864,933,"bash -c source /opt/ros/jazzy/setup.bash && bash /cbab3/work/scripts/run_nav2_composition_ab.sh --label compAB_devref --duration 120 2>&1"
2026-09-12T21:59:35Z,16,"compAB_devref_singleton",299404,"bash",0.0,4476,1277,"bash /cbab3/work/scripts/run_nav2_composition_ab.sh --label compAB_devref --duration 120"
2026-09-12T21:59:35Z,16,"compAB_devref_singleton",316823,"python3",5.6,78356,48632,"python3 /cbab3/work/scripts/synthetic_scan_publisher.py --duration 220 --loop-s 40 --hz 5.0"
2026-09-12T21:59:35Z,16,"compAB_devref_singleton",316839,"ros2",0.6,43576,30706,"/usr/bin/python3 /opt/ros/jazzy/bin/ros2 launch nav2_bringup bringup_launch.py map:=/cbab3/work/scripts/../results/composition_ab/compAB_nav2_map.yaml params_file:=/cbab3/work/scripts/nav2_params_bench.yaml use_sim_time:=False autostart:=True slam:=False use_composition:=False"
2026-09-12T21:59:35Z,16,"compAB_devref_singleton",316843,"map_server",3.6,49244,22922,"/opt/ros/jazzy/lib/nav2_map_server/map_server --ros-args --log-level info --ros-args -r __node:=map_server -p use_sim_time:=False --params-file /tmp/launch_params_8lqf7rgz --params-file /tmp/launch_params_xbz9z5ah -r /tf:=tf -r /tf_static:=tf_static"
2026-09-12T21:59:35Z,16,"compAB_devref_singleton",316844,"amcl",6.6,51184,22375,"/opt/ros/jazzy/lib/nav2_amcl/amcl --ros-args --log-level info --ros-args -r __node:=amcl -p use_sim_time:=False --params-file /tmp/launch_params_8lqf7rgz -r /tf:=tf -r /tf_static:=tf_static"
2026-09-12T21:59:35Z,16,"compAB_devref_singleton",316845,"lifecycle_manag",4.0,43064,16722,"/opt/ros/jazzy/lib/nav2_lifecycle_manager/lifecycle_manager --ros-args --log-level info --ros-args -r __node:=lifecycle_manager_localization -p use_sim_time:=False --params-file /tmp/launch_params_dosuoat0 --params-file /tmp/launch_params_bm1qwshx"
2026-09-12T21:59:35Z,16,"compAB_devref_singleton",316846,"controller_serv",9.6,71080,40020,"/opt/ros/jazzy/lib/nav2_controller/controller_server --ros-args --log-level info --ros-args -p use_sim_time:=False --params-file /tmp/launch_params__90732i2 -r /tf:=tf -r /tf_static:=tf_static -r cmd_vel:=cmd_vel_nav"
2026-09-12T21:59:35Z,16,"compAB_devref_singleton",316847,"smoother_server",4.2,48960,19647,"/opt/ros/jazzy/lib/nav2_smoother/smoother_server --ros-args --log-level info --ros-args -r __node:=smoother_server -p use_sim_time:=False --params-file /tmp/launch_params__90732i2 -r /tf:=tf -r /tf_static:=tf_static"
2026-09-12T21:59:35Z,16,"compAB_devref_singleton",316848,"planner_server",4.6,58620,27552,"/opt/ros/jazzy/lib/nav2_planner/planner_server --ros-args --log-level info --ros-args -r __node:=planner_server -p use_sim_time:=False --params-file /tmp/launch_params__90732i2 -r /tf:=tf -r /tf_static:=tf_static"
2026-09-12T21:59:35Z,16,"compAB_devref_singleton",316849,"route_server",4.2,52984,22786,"/opt/ros/jazzy/lib/nav2_route/route_server --ros-args --log-level info --ros-args -r __node:=route_server -p use_sim_time:=False --params-file /tmp/launch_params__90732i2 -r /tf:=tf -r /tf_static:=tf_static"
2026-09-12T21:59:35Z,16,"compAB_devref_singleton",316850,"behavior_server",4.7,54068,23951,"/opt/ros/jazzy/lib/nav2_behaviors/behavior_server --ros-args --log-level info --ros-args -r __node:=behavior_server -p use_sim_time:=False --params-file /tmp/launch_params__90732i2 -r /tf:=tf -r /tf_static:=tf_static -r cmd_vel:=cmd_vel_nav"
2026-09-12T21:59:35Z,16,"compAB_devref_singleton",316851,"bt_navigator",7.0,77664,48572,"/opt/ros/jazzy/lib/nav2_bt_navigator/bt_navigator --ros-args --log-level info --ros-args -r __node:=bt_navigator -p use_sim_time:=False --params-file /tmp/launch_params__90732i2 -r /tf:=tf -r /tf_static:=tf_static"
2026-09-12T21:59:35Z,16,"compAB_devref_singleton",316852,"waypoint_follow",3.5,46604,19312,"/opt/ros/jazzy/lib/nav2_waypoint_follower/waypoint_follower --ros-args --log-level info --ros-args -r __node:=waypoint_follower -p use_sim_time:=False --params-file /tmp/launch_params__90732i2 -r /tf:=tf -r /tf_static:=tf_static"
2026-09-12T21:59:35Z,16,"compAB_devref_singleton",316853,"velocity_smooth",3.6,39300,16129,"/opt/ros/jazzy/lib/nav2_velocity_smoother/velocity_smoother --ros-args --log-level info --ros-args -r __node:=velocity_smoother -p use_sim_time:=False --params-file /tmp/launch_params__90732i2 -r /tf:=tf -r /tf_static:=tf_static -r cmd_vel:=cmd_vel_nav"
2026-09-12T21:59:35Z,16,"compAB_devref_singleton",316854,"collision_monit",4.1,51896,21611,"/opt/ros/jazzy/lib/nav2_collision_monitor/collision_monitor --ros-args --log-level info --ros-args -r __node:=collision_monitor -p use_sim_time:=False --params-file /tmp/launch_params__90732i2 -r /tf:=tf -r /tf_static:=tf_static"
2026-09-12T21:59:35Z,16,"compAB_devref_singleton",316856,"lifecycle_manag",9.3,46672,20740,"/opt/ros/jazzy/lib/nav2_lifecycle_manager/lifecycle_manager --ros-args --log-level info --ros-args -r __node:=lifecycle_manager_navigation -p use_sim_time:=False --params-file /tmp/launch_params_0swl114y --params-file /tmp/launch_params_oxcye_37"
2026-09-12T21:59:35Z,16,"compAB_devref_singleton",317108,"bash",0.0,2464,586,"bash /cbab3/work/scripts/run_nav2_composition_ab.sh --label compAB_devref --duration 120"
2026-09-12T21:59:35Z,16,"compAB_devref_singleton",317109,"python3",8.6,84772,53788,"python3 /cbab3/work/scripts/nav_goal_sender.py --x 4.0 --y 4.0 --yaw 0.0 --repeat 0 --pause 1"
2026-09-12T21:59:35Z,16,"compAB_devref_singleton",317244,"bash",1.1,4432,1003,"bash /oomwoo/contributions/compute-benchmark/xbattlax/scripts/measure_ros_processes.sh --pattern python3|ros2|nav2|component_container|nav_goal_sender|amcl|map_server|planner|controller|behavior|bt_nav|smoother|waypoint --duration 110 --interval 2 --label compAB_devref_singleton --output /cbab3/work/scripts/../results/composition_ab/compAB_devref_singleton_20260912T215506Z.csv"
2026-09-12T21:59:37Z,17,"compAB_devref_singleton",232119,"python3",0.2,80320,51285,"/usr/bin/python3 -c from ros2cli.daemon.daemonize import main; main() --name ros2-daemon --ros-domain-id 0 --rmw-implementation rmw_fastrtps_cpp"
2026-09-12T21:59:37Z,17,"compAB_devref_singleton",299391,"bash",0.0,3864,934,"bash -c source /opt/ros/jazzy/setup.bash && bash /cbab3/work/scripts/run_nav2_composition_ab.sh --label compAB_devref --duration 120 2>&1"
2026-09-12T21:59:37Z,17,"compAB_devref_singleton",299404,"bash",0.0,4476,1276,"bash /cbab3/work/scripts/run_nav2_composition_ab.sh --label compAB_devref --duration 120"
2026-09-12T21:59:37Z,17,"compAB_devref_singleton",316823,"python3",5.6,78356,48638,"python3 /cbab3/work/scripts/synthetic_scan_publisher.py --duration 220 --loop-s 40 --hz 5.0"
2026-09-12T21:59:37Z,17,"compAB_devref_singleton",316839,"ros2",0.6,43576,30707,"/usr/bin/python3 /opt/ros/jazzy/bin/ros2 launch nav2_bringup bringup_launch.py map:=/cbab3/work/scripts/../results/composition_ab/compAB_nav2_map.yaml params_file:=/cbab3/work/scripts/nav2_params_bench.yaml use_sim_time:=False autostart:=True slam:=False use_composition:=False"
2026-09-12T21:59:37Z,17,"compAB_devref_singleton",316843,"map_server",3.5,49244,22922,"/opt/ros/jazzy/lib/nav2_map_server/map_server --ros-args --log-level info --ros-args -r __node:=map_server -p use_sim_time:=False --params-file /tmp/launch_params_8lqf7rgz --params-file /tmp/launch_params_xbz9z5ah -r /tf:=tf -r /tf_static:=tf_static"
2026-09-12T21:59:37Z,17,"compAB_devref_singleton",316844,"amcl",6.5,51184,22375,"/opt/ros/jazzy/lib/nav2_amcl/amcl --ros-args --log-level info --ros-args -r __node:=amcl -p use_sim_time:=False --params-file /tmp/launch_params_8lqf7rgz -r /tf:=tf -r /tf_static:=tf_static"
2026-09-12T21:59:37Z,17,"compAB_devref_singleton",316845,"lifecycle_manag",4.0,43064,16722,"/opt/ros/jazzy/lib/nav2_lifecycle_manager/lifecycle_manager --ros-args --log-level info --ros-args -r __node:=lifecycle_manager_localization -p use_sim_time:=False --params-file /tmp/launch_params_dosuoat0 --params-file /tmp/launch_params_bm1qwshx"
2026-09-12T21:59:37Z,17,"compAB_devref_singleton",316846,"controller_serv",10.0,71080,40020,"/opt/ros/jazzy/lib/nav2_controller/controller_server --ros-args --log-level info --ros-args -p use_sim_time:=False --params-file /tmp/launch_params__90732i2 -r /tf:=tf -r /tf_static:=tf_static -r cmd_vel:=cmd_vel_nav"
2026-09-12T21:59:37Z,17,"compAB_devref_singleton",316847,"smoother_server",4.2,48960,19647,"/opt/ros/jazzy/lib/nav2_smoother/smoother_server --ros-args --log-level info --ros-args -r __node:=smoother_server -p use_sim_time:=False --params-file /tmp/launch_params__90732i2 -r /tf:=tf -r /tf_static:=tf_static"
2026-09-12T21:59:37Z,17,"compAB_devref_singleton",316848,"planner_server",4.6,58620,27553,"/opt/ros/jazzy/lib/nav2_planner/planner_server --ros-args --log-level info --ros-args -r __node:=planner_server -p use_sim_time:=False --params-file /tmp/launch_params__90732i2 -r /tf:=tf -r /tf_static:=tf_static"
2026-09-12T21:59:37Z,17,"compAB_devref_singleton",316849,"route_server",4.2,52984,22786,"/opt/ros/jazzy/lib/nav2_route/route_server --ros-args --log-level info --ros-args -r __node:=route_server -p use_sim_time:=False --params-file /tmp/launch_params__90732i2 -r /tf:=tf -r /tf_static:=tf_static"
2026-09-12T21:59:37Z,17,"compAB_devref_singleton",316850,"behavior_server",4.7,54068,23951,"/opt/ros/jazzy/lib/nav2_behaviors/behavior_server --ros-args --log-level info --ros-args -r __node:=behavior_server -p use_sim_time:=False --params-file /tmp/launch_params__90732i2 -r /tf:=tf -r /tf_static:=tf_static -r cmd_vel:=cmd_vel_nav"
2026-09-12T21:59:37Z,17,"compAB_devref_singleton",316851,"bt_navigator",7.0,77664,48572,"/opt/ros/jazzy/lib/nav2_bt_navigator/bt_navigator --ros-args --log-level info --ros-args -r __node:=bt_navigator -p use_sim_time:=False --params-file /tmp/launch_params__90732i2 -r /tf:=tf -r /tf_static:=tf_static"
2026-09-12T21:59:37Z,17,"compAB_devref_singleton",316852,"waypoint_follow",3.5,46604,19312,"/opt/ros/jazzy/lib/nav2_waypoint_follower/waypoint_follower --ros-args --log-level info --ros-args -r __node:=waypoint_follower -p use_sim_time:=False --params-file /tmp/launch_params__90732i2 -r /tf:=tf -r /tf_static:=tf_static"
2026-09-12T21:59:37Z,17,"compAB_devref_singleton",316853,"velocity_smooth",3.5,39300,16129,"/opt/ros/jazzy/lib/nav2_velocity_smoother/velocity_smoother --ros-args --log-level info --ros-args -r __node:=velocity_smoother -p use_sim_time:=False --params-file /tmp/launch_params__90732i2 -r /tf:=tf -r /tf_static:=tf_static -r cmd_vel:=cmd_vel_nav"
2026-09-12T21:59:37Z,17,"compAB_devref_singleton",316854,"collision_monit",4.1,51896,21612,"/opt/ros/jazzy/lib/nav2_collision_monitor/collision_monitor --ros-args --log-level info --ros-args -r __node:=collision_monitor -p use_sim_time:=False --params-file /tmp/launch_params__90732i2 -r /tf:=tf -r /tf_static:=tf_static"
2026-09-12T21:59:37Z,17,"compAB_devref_singleton",316856,"lifecycle_manag",9.2,46672,20740,"/opt/ros/jazzy/lib/nav2_lifecycle_manager/lifecycle_manager --ros-args --log-level info --ros-args -r __node:=lifecycle_manager_navigation -p use_sim_time:=False --params-file /tmp/launch_params_0swl114y --params-file /tmp/launch_params_oxcye_37"
2026-09-12T21:59:37Z,17,"compAB_devref_singleton",317108,"bash",0.0,2464,586,"bash /cbab3/work/scripts/run_nav2_composition_ab.sh --label compAB_devref --duration 120"
2026-09-12T21:59:37Z,17,"compAB_devref_singleton",317109,"python3",8.8,84772,53788,"python3 /cbab3/work/scripts/nav_goal_sender.py --x 4.0 --y 4.0 --yaw 0.0 --repeat 0 --pause 1"
2026-09-12T21:59:37Z,17,"compAB_devref_singleton",317244,"bash",1.1,4432,1002,"bash /oomwoo/contributions/compute-benchmark/xbattlax/scripts/measure_ros_processes.sh --pattern python3|ros2|nav2|component_container|nav_goal_sender|amcl|map_server|planner|controller|behavior|bt_nav|smoother|waypoint --duration 110 --interval 2 --label compAB_devref_singleton --output /cbab3/work/scripts/../results/composition_ab/compAB_devref_singleton_20260912T215506Z.csv"
2026-09-12T21:59:40Z,18,"compAB_devref_singleton",232119,"python3",0.2,80320,51286,"/usr/bin/python3 -c from ros2cli.daemon.daemonize import main; main() --name ros2-daemon --ros-domain-id 0 --rmw-implementation rmw_fastrtps_cpp"
2026-09-12T21:59:40Z,18,"compAB_devref_singleton",299391,"bash",0.0,3864,934,"bash -c source /opt/ros/jazzy/setup.bash && bash /cbab3/work/scripts/run_nav2_composition_ab.sh --label compAB_devref --duration 120 2>&1"
2026-09-12T21:59:40Z,18,"compAB_devref_singleton",299404,"bash",0.0,4476,1277,"bash /cbab3/work/scripts/run_nav2_composition_ab.sh --label compAB_devref --duration 120"
2026-09-12T21:59:40Z,18,"compAB_devref_singleton",316823,"python3",5.6,78356,48630,"python3 /cbab3/work/scripts/synthetic_scan_publisher.py --duration 220 --loop-s 40 --hz 5.0"
2026-09-12T21:59:40Z,18,"compAB_devref_singleton",316839,"ros2",0.6,43576,30705,"/usr/bin/python3 /opt/ros/jazzy/bin/ros2 launch nav2_bringup bringup_launch.py map:=/cbab3/work/scripts/../results/composition_ab/compAB_nav2_map.yaml params_file:=/cbab3/work/scripts/nav2_params_bench.yaml use_sim_time:=False autostart:=True slam:=False use_composition:=False"
2026-09-12T21:59:40Z,18,"compAB_devref_singleton",316843,"map_server",3.5,49244,22922,"/opt/ros/jazzy/lib/nav2_map_server/map_server --ros-args --log-level info --ros-args -r __node:=map_server -p use_sim_time:=False --params-file /tmp/launch_params_8lqf7rgz --params-file /tmp/launch_params_xbz9z5ah -r /tf:=tf -r /tf_static:=tf_static"
2026-09-12T21:59:40Z,18,"compAB_devref_singleton",316844,"amcl",6.5,51184,22375,"/opt/ros/jazzy/lib/nav2_amcl/amcl --ros-args --log-level info --ros-args -r __node:=amcl -p use_sim_time:=False --params-file /tmp/launch_params_8lqf7rgz -r /tf:=tf -r /tf_static:=tf_static"
2026-09-12T21:59:40Z,18,"compAB_devref_singleton",316845,"lifecycle_manag",3.9,43064,16723,"/opt/ros/jazzy/lib/nav2_lifecycle_manager/lifecycle_manager --ros-args --log-level info --ros-args -r __node:=lifecycle_manager_localization -p use_sim_time:=False --params-file /tmp/launch_params_dosuoat0 --params-file /tmp/launch_params_bm1qwshx"
2026-09-12T21:59:40Z,18,"compAB_devref_singleton",316846,"controller_serv",10.3,71080,40020,"/opt/ros/jazzy/lib/nav2_controller/controller_server --ros-args --log-level info --ros-args -p use_sim_time:=False --params-file /tmp/launch_params__90732i2 -r /tf:=tf -r /tf_static:=tf_static -r cmd_vel:=cmd_vel_nav"
2026-09-12T21:59:40Z,18,"compAB_devref_singleton",316847,"smoother_server",4.2,48960,19647,"/opt/ros/jazzy/lib/nav2_smoother/smoother_server --ros-args --log-level info --ros-args -r __node:=smoother_server -p use_sim_time:=False --params-file /tmp/launch_params__90732i2 -r /tf:=tf -r /tf_static:=tf_static"
2026-09-12T21:59:40Z,18,"compAB_devref_singleton",316848,"planner_server",4.5,58620,27553,"/opt/ros/jazzy/lib/nav2_planner/planner_server --ros-args --log-level info --ros-args -r __node:=planner_server -p use_sim_time:=False --params-file /tmp/launch_params__90732i2 -r /tf:=tf -r /tf_static:=tf_static"
2026-09-12T21:59:40Z,18,"compAB_devref_singleton",316849,"route_server",4.1,52984,22786,"/opt/ros/jazzy/lib/nav2_route/route_server --ros-args --log-level info --ros-args -r __node:=route_server -p use_sim_time:=False --params-file /tmp/launch_params__90732i2 -r /tf:=tf -r /tf_static:=tf_static"
2026-09-12T21:59:40Z,18,"compAB_devref_singleton",316850,"behavior_server",4.7,54068,23952,"/opt/ros/jazzy/lib/nav2_behaviors/behavior_server --ros-args --log-level info --ros-args -r __node:=behavior_server -p use_sim_time:=False --params-file /tmp/launch_params__90732i2 -r /tf:=tf -r /tf_static:=tf_static -r cmd_vel:=cmd_vel_nav"
2026-09-12T21:59:40Z,18,"compAB_devref_singleton",316851,"bt_navigator",7.0,77664,48573,"/opt/ros/jazzy/lib/nav2_bt_navigator/bt_navigator --ros-args --log-level info --ros-args -r __node:=bt_navigator -p use_sim_time:=False --params-file /tmp/launch_params__90732i2 -r /tf:=tf -r /tf_static:=tf_static"
2026-09-12T21:59:40Z,18,"compAB_devref_singleton",316852,"waypoint_follow",3.5,46604,19312,"/opt/ros/jazzy/lib/nav2_waypoint_follower/waypoint_follower --ros-args --log-level info --ros-args -r __node:=waypoint_follower -p use_sim_time:=False --params-file /tmp/launch_params__90732i2 -r /tf:=tf -r /tf_static:=tf_static"
2026-09-12T21:59:40Z,18,"compAB_devref_singleton",316853,"velocity_smooth",3.5,39300,16129,"/opt/ros/jazzy/lib/nav2_velocity_smoother/velocity_smoother --ros-args --log-level info --ros-args -r __node:=velocity_smoother -p use_sim_time:=False --params-file /tmp/launch_params__90732i2 -r /tf:=tf -r /tf_static:=tf_static -r cmd_vel:=cmd_vel_nav"
2026-09-12T21:59:40Z,18,"compAB_devref_singleton",316854,"collision_monit",4.1,51896,21612,"/opt/ros/jazzy/lib/nav2_collision_monitor/collision_monitor --ros-args --log-level info --ros-args -r __node:=collision_monitor -p use_sim_time:=False --params-file /tmp/launch_params__90732i2 -r /tf:=tf -r /tf_static:=tf_static"
2026-09-12T21:59:40Z,18,"compAB_devref_singleton",316856,"lifecycle_manag",9.2,46672,20740,"/opt/ros/jazzy/lib/nav2_lifecycle_manager/lifecycle_manager --ros-args --log-level info --ros-args -r __node:=lifecycle_manager_navigation -p use_sim_time:=False --params-file /tmp/launch_params_0swl114y --params-file /tmp/launch_params_oxcye_37"
2026-09-12T21:59:40Z,18,"compAB_devref_singleton",317108,"bash",0.0,2464,587,"bash /cbab3/work/scripts/run_nav2_composition_ab.sh --label compAB_devref --duration 120"
2026-09-12T21:59:40Z,18,"compAB_devref_singleton",317109,"python3",8.8,84772,53786,"python3 /cbab3/work/scripts/nav_goal_sender.py --x 4.0 --y 4.0 --yaw 0.0 --repeat 0 --pause 1"
2026-09-12T21:59:40Z,18,"compAB_devref_singleton",317244,"bash",1.1,4432,1001,"bash /oomwoo/contributions/compute-benchmark/xbattlax/scripts/measure_ros_processes.sh --pattern python3|ros2|nav2|component_container|nav_goal_sender|amcl|map_server|planner|controller|behavior|bt_nav|smoother|waypoint --duration 110 --interval 2 --label compAB_devref_singleton --output /cbab3/work/scripts/../results/composition_ab/compAB_devref_singleton_20260912T215506Z.csv"
2026-09-12T21:59:43Z,19,"compAB_devref_singleton",232119,"python3",0.2,80320,51284,"/usr/bin/python3 -c from ros2cli.daemon.daemonize import main; main() --name ros2-daemon --ros-domain-id 0 --rmw-implementation rmw_fastrtps_cpp"
2026-09-12T21:59:43Z,19,"compAB_devref_singleton",299391,"bash",0.0,3864,933,"bash -c source /opt/ros/jazzy/setup.bash && bash /cbab3/work/scripts/run_nav2_composition_ab.sh --label compAB_devref --duration 120 2>&1"
2026-09-12T21:59:43Z,19,"compAB_devref_singleton",299404,"bash",0.0,4476,1274,"bash /cbab3/work/scripts/run_nav2_composition_ab.sh --label compAB_devref --duration 120"
2026-09-12T21:59:43Z,19,"compAB_devref_singleton",316823,"python3",5.6,78356,48638,"python3 /cbab3/work/scripts/synthetic_scan_publisher.py --duration 220 --loop-s 40 --hz 5.0"
2026-09-12T21:59:43Z,19,"compAB_devref_singleton",316839,"ros2",0.6,43576,30705,"/usr/bin/python3 /opt/ros/jazzy/bin/ros2 launch nav2_bringup bringup_launch.py map:=/cbab3/work/scripts/../results/composition_ab/compAB_nav2_map.yaml params_file:=/cbab3/work/scripts/nav2_params_bench.yaml use_sim_time:=False autostart:=True slam:=False use_composition:=False"
2026-09-12T21:59:43Z,19,"compAB_devref_singleton",316843,"map_server",3.5,49244,22922,"/opt/ros/jazzy/lib/nav2_map_server/map_server --ros-args --log-level info --ros-args -r __node:=map_server -p use_sim_time:=False --params-file /tmp/launch_params_8lqf7rgz --params-file /tmp/launch_params_xbz9z5ah -r /tf:=tf -r /tf_static:=tf_static"
2026-09-12T21:59:43Z,19,"compAB_devref_singleton",316844,"amcl",6.5,51184,22375,"/opt/ros/jazzy/lib/nav2_amcl/amcl --ros-args --log-level info --ros-args -r __node:=amcl -p use_sim_time:=False --params-file /tmp/launch_params_8lqf7rgz -r /tf:=tf -r /tf_static:=tf_static"
2026-09-12T21:59:43Z,19,"compAB_devref_singleton",316845,"lifecycle_manag",3.9,43064,16723,"/opt/ros/jazzy/lib/nav2_lifecycle_manager/lifecycle_manager --ros-args --log-level info --ros-args -r __node:=lifecycle_manager_localization -p use_sim_time:=False --params-file /tmp/launch_params_dosuoat0 --params-file /tmp/launch_params_bm1qwshx"
2026-09-12T21:59:43Z,19,"compAB_devref_singleton",316846,"controller_serv",10.5,69892,38832,"/opt/ros/jazzy/lib/nav2_controller/controller_server --ros-args --log-level info --ros-args -p use_sim_time:=False --params-file /tmp/launch_params__90732i2 -r /tf:=tf -r /tf_static:=tf_static -r cmd_vel:=cmd_vel_nav"
2026-09-12T21:59:43Z,19,"compAB_devref_singleton",316847,"smoother_server",4.2,48960,19647,"/opt/ros/jazzy/lib/nav2_smoother/smoother_server --ros-args --log-level info --ros-args -r __node:=smoother_server -p use_sim_time:=False --params-file /tmp/launch_params__90732i2 -r /tf:=tf -r /tf_static:=tf_static"
2026-09-12T21:59:43Z,19,"compAB_devref_singleton",316848,"planner_server",4.5,58620,27553,"/opt/ros/jazzy/lib/nav2_planner/planner_server --ros-args --log-level info --ros-args -r __node:=planner_server -p use_sim_time:=False --params-file /tmp/launch_params__90732i2 -r /tf:=tf -r /tf_static:=tf_static"
2026-09-12T21:59:43Z,19,"compAB_devref_singleton",316849,"route_server",4.1,52984,22786,"/opt/ros/jazzy/lib/nav2_route/route_server --ros-args --log-level info --ros-args -r __node:=route_server -p use_sim_time:=False --params-file /tmp/launch_params__90732i2 -r /tf:=tf -r /tf_static:=tf_static"
2026-09-12T21:59:43Z,19,"compAB_devref_singleton",316850,"behavior_server",4.7,54068,23951,"/opt/ros/jazzy/lib/nav2_behaviors/behavior_server --ros-args --log-level info --ros-args -r __node:=behavior_server -p use_sim_time:=False --params-file /tmp/launch_params__90732i2 -r /tf:=tf -r /tf_static:=tf_static -r cmd_vel:=cmd_vel_nav"
2026-09-12T21:59:43Z,19,"compAB_devref_singleton",316851,"bt_navigator",7.0,77664,48572,"/opt/ros/jazzy/lib/nav2_bt_navigator/bt_navigator --ros-args --log-level info --ros-args -r __node:=bt_navigator -p use_sim_time:=False --params-file /tmp/launch_params__90732i2 -r /tf:=tf -r /tf_static:=tf_static"
2026-09-12T21:59:43Z,19,"compAB_devref_singleton",316852,"waypoint_follow",3.5,46604,19312,"/opt/ros/jazzy/lib/nav2_waypoint_follower/waypoint_follower --ros-args --log-level info --ros-args -r __node:=waypoint_follower -p use_sim_time:=False --params-file /tmp/launch_params__90732i2 -r /tf:=tf -r /tf_static:=tf_static"
2026-09-12T21:59:43Z,19,"compAB_devref_singleton",316853,"velocity_smooth",3.5,39300,16129,"/opt/ros/jazzy/lib/nav2_velocity_smoother/velocity_smoother --ros-args --log-level info --ros-args -r __node:=velocity_smoother -p use_sim_time:=False --params-file /tmp/launch_params__90732i2 -r /tf:=tf -r /tf_static:=tf_static -r cmd_vel:=cmd_vel_nav"
2026-09-12T21:59:43Z,19,"compAB_devref_singleton",316854,"collision_monit",4.1,51896,21611,"/opt/ros/jazzy/lib/nav2_collision_monitor/collision_monitor --ros-args --log-level info --ros-args -r __node:=collision_monitor -p use_sim_time:=False --params-file /tmp/launch_params__90732i2 -r /tf:=tf -r /tf_static:=tf_static"
2026-09-12T21:59:43Z,19,"compAB_devref_singleton",316856,"lifecycle_manag",9.2,46672,20740,"/opt/ros/jazzy/lib/nav2_lifecycle_manager/lifecycle_manager --ros-args --log-level info --ros-args -r __node:=lifecycle_manager_navigation -p use_sim_time:=False --params-file /tmp/launch_params_0swl114y --params-file /tmp/launch_params_oxcye_37"
2026-09-12T21:59:43Z,19,"compAB_devref_singleton",317108,"bash",0.0,2464,586,"bash /cbab3/work/scripts/run_nav2_composition_ab.sh --label compAB_devref --duration 120"
2026-09-12T21:59:43Z,19,"compAB_devref_singleton",317109,"python3",8.9,84776,53792,"python3 /cbab3/work/scripts/nav_goal_sender.py --x 4.0 --y 4.0 --yaw 0.0 --repeat 0 --pause 1"
2026-09-12T21:59:43Z,19,"compAB_devref_singleton",317244,"bash",1.1,4432,1005,"bash /oomwoo/contributions/compute-benchmark/xbattlax/scripts/measure_ros_processes.sh --pattern python3|ros2|nav2|component_container|nav_goal_sender|amcl|map_server|planner|controller|behavior|bt_nav|smoother|waypoint --duration 110 --interval 2 --label compAB_devref_singleton --output /cbab3/work/scripts/../results/composition_ab/compAB_devref_singleton_20260912T215506Z.csv"
2026-09-12T21:59:45Z,20,"compAB_devref_singleton",232119,"python3",0.2,80320,51285,"/usr/bin/python3 -c from ros2cli.daemon.daemonize import main; main() --name ros2-daemon --ros-domain-id 0 --rmw-implementation rmw_fastrtps_cpp"
2026-09-12T21:59:45Z,20,"compAB_devref_singleton",299391,"bash",0.0,3864,933,"bash -c source /opt/ros/jazzy/setup.bash && bash /cbab3/work/scripts/run_nav2_composition_ab.sh --label compAB_devref --duration 120 2>&1"
2026-09-12T21:59:45Z,20,"compAB_devref_singleton",299404,"bash",0.0,4476,1278,"bash /cbab3/work/scripts/run_nav2_composition_ab.sh --label compAB_devref --duration 120"
2026-09-12T21:59:45Z,20,"compAB_devref_singleton",316823,"python3",5.6,78356,48638,"python3 /cbab3/work/scripts/synthetic_scan_publisher.py --duration 220 --loop-s 40 --hz 5.0"
2026-09-12T21:59:45Z,20,"compAB_devref_singleton",316839,"ros2",0.5,43576,30705,"/usr/bin/python3 /opt/ros/jazzy/bin/ros2 launch nav2_bringup bringup_launch.py map:=/cbab3/work/scripts/../results/composition_ab/compAB_nav2_map.yaml params_file:=/cbab3/work/scripts/nav2_params_bench.yaml use_sim_time:=False autostart:=True slam:=False use_composition:=False"
2026-09-12T21:59:45Z,20,"compAB_devref_singleton",316843,"map_server",3.5,49244,22922,"/opt/ros/jazzy/lib/nav2_map_server/map_server --ros-args --log-level info --ros-args -r __node:=map_server -p use_sim_time:=False --params-file /tmp/launch_params_8lqf7rgz --params-file /tmp/launch_params_xbz9z5ah -r /tf:=tf -r /tf_static:=tf_static"
2026-09-12T21:59:45Z,20,"compAB_devref_singleton",316844,"amcl",6.5,51184,22375,"/opt/ros/jazzy/lib/nav2_amcl/amcl --ros-args --log-level info --ros-args -r __node:=amcl -p use_sim_time:=False --params-file /tmp/launch_params_8lqf7rgz -r /tf:=tf -r /tf_static:=tf_static"
2026-09-12T21:59:45Z,20,"compAB_devref_singleton",316845,"lifecycle_manag",3.9,43064,16722,"/opt/ros/jazzy/lib/nav2_lifecycle_manager/lifecycle_manager --ros-args --log-level info --ros-args -r __node:=lifecycle_manager_localization -p use_sim_time:=False --params-file /tmp/launch_params_dosuoat0 --params-file /tmp/launch_params_bm1qwshx"
2026-09-12T21:59:45Z,20,"compAB_devref_singleton",316846,"controller_serv",10.4,69760,38700,"/opt/ros/jazzy/lib/nav2_controller/controller_server --ros-args --log-level info --ros-args -p use_sim_time:=False --params-file /tmp/launch_params__90732i2 -r /tf:=tf -r /tf_static:=tf_static -r cmd_vel:=cmd_vel_nav"
2026-09-12T21:59:45Z,20,"compAB_devref_singleton",316847,"smoother_server",4.1,48960,19647,"/opt/ros/jazzy/lib/nav2_smoother/smoother_server --ros-args --log-level info --ros-args -r __node:=smoother_server -p use_sim_time:=False --params-file /tmp/launch_params__90732i2 -r /tf:=tf -r /tf_static:=tf_static"
2026-09-12T21:59:45Z,20,"compAB_devref_singleton",316848,"planner_server",4.5,58620,27553,"/opt/ros/jazzy/lib/nav2_planner/planner_server --ros-args --log-level info --ros-args -r __node:=planner_server -p use_sim_time:=False --params-file /tmp/launch_params__90732i2 -r /tf:=tf -r /tf_static:=tf_static"
2026-09-12T21:59:45Z,20,"compAB_devref_singleton",316849,"route_server",4.1,52984,22786,"/opt/ros/jazzy/lib/nav2_route/route_server --ros-args --log-level info --ros-args -r __node:=route_server -p use_sim_time:=False --params-file /tmp/launch_params__90732i2 -r /tf:=tf -r /tf_static:=tf_static"
2026-09-12T21:59:45Z,20,"compAB_devref_singleton",316850,"behavior_server",4.7,54068,23951,"/opt/ros/jazzy/lib/nav2_behaviors/behavior_server --ros-args --log-level info --ros-args -r __node:=behavior_server -p use_sim_time:=False --params-file /tmp/launch_params__90732i2 -r /tf:=tf -r /tf_static:=tf_static -r cmd_vel:=cmd_vel_nav"
2026-09-12T21:59:45Z,20,"compAB_devref_singleton",316851,"bt_navigator",7.0,77664,48572,"/opt/ros/jazzy/lib/nav2_bt_navigator/bt_navigator --ros-args --log-level info --ros-args -r __node:=bt_navigator -p use_sim_time:=False --params-file /tmp/launch_params__90732i2 -r /tf:=tf -r /tf_static:=tf_static"
2026-09-12T21:59:45Z,20,"compAB_devref_singleton",316852,"waypoint_follow",3.5,46608,19316,"/opt/ros/jazzy/lib/nav2_waypoint_follower/waypoint_follower --ros-args --log-level info --ros-args -r __node:=waypoint_follower -p use_sim_time:=False --params-file /tmp/launch_params__90732i2 -r /tf:=tf -r /tf_static:=tf_static"
2026-09-12T21:59:45Z,20,"compAB_devref_singleton",316853,"velocity_smooth",3.5,39300,16129,"/opt/ros/jazzy/lib/nav2_velocity_smoother/velocity_smoother --ros-args --log-level info --ros-args -r __node:=velocity_smoother -p use_sim_time:=False --params-file /tmp/launch_params__90732i2 -r /tf:=tf -r /tf_static:=tf_static -r cmd_vel:=cmd_vel_nav"
2026-09-12T21:59:45Z,20,"compAB_devref_singleton",316854,"collision_monit",4.1,51896,21612,"/opt/ros/jazzy/lib/nav2_collision_monitor/collision_monitor --ros-args --log-level info --ros-args -r __node:=collision_monitor -p use_sim_time:=False --params-file /tmp/launch_params__90732i2 -r /tf:=tf -r /tf_static:=tf_static"
2026-09-12T21:59:45Z,20,"compAB_devref_singleton",316856,"lifecycle_manag",9.2,46672,20740,"/opt/ros/jazzy/lib/nav2_lifecycle_manager/lifecycle_manager --ros-args --log-level info --ros-args -r __node:=lifecycle_manager_navigation -p use_sim_time:=False --params-file /tmp/launch_params_0swl114y --params-file /tmp/launch_params_oxcye_37"
2026-09-12T21:59:45Z,20,"compAB_devref_singleton",317108,"bash",0.0,2464,586,"bash /cbab3/work/scripts/run_nav2_composition_ab.sh --label compAB_devref --duration 120"
2026-09-12T21:59:45Z,20,"compAB_devref_singleton",317109,"python3",8.8,84776,53791,"python3 /cbab3/work/scripts/nav_goal_sender.py --x 4.0 --y 4.0 --yaw 0.0 --repeat 0 --pause 1"
2026-09-12T21:59:45Z,20,"compAB_devref_singleton",317244,"bash",1.1,4432,1002,"bash /oomwoo/contributions/compute-benchmark/xbattlax/scripts/measure_ros_processes.sh --pattern python3|ros2|nav2|component_container|nav_goal_sender|amcl|map_server|planner|controller|behavior|bt_nav|smoother|waypoint --duration 110 --interval 2 --label compAB_devref_singleton --output /cbab3/work/scripts/../results/composition_ab/compAB_devref_singleton_20260912T215506Z.csv"
2026-09-12T21:59:48Z,21,"compAB_devref_singleton",232119,"python3",0.2,80320,51285,"/usr/bin/python3 -c from ros2cli.daemon.daemonize import main; main() --name ros2-daemon --ros-domain-id 0 --rmw-implementation rmw_fastrtps_cpp"
2026-09-12T21:59:48Z,21,"compAB_devref_singleton",299391,"bash",0.0,3864,933,"bash -c source /opt/ros/jazzy/setup.bash && bash /cbab3/work/scripts/run_nav2_composition_ab.sh --label compAB_devref --duration 120 2>&1"
2026-09-12T21:59:48Z,21,"compAB_devref_singleton",299404,"bash",0.0,4476,1278,"bash /cbab3/work/scripts/run_nav2_composition_ab.sh --label compAB_devref --duration 120"
2026-09-12T21:59:48Z,21,"compAB_devref_singleton",316823,"python3",5.5,78356,48638,"python3 /cbab3/work/scripts/synthetic_scan_publisher.py --duration 220 --loop-s 40 --hz 5.0"
2026-09-12T21:59:48Z,21,"compAB_devref_singleton",316839,"ros2",0.5,43576,30706,"/usr/bin/python3 /opt/ros/jazzy/bin/ros2 launch nav2_bringup bringup_launch.py map:=/cbab3/work/scripts/../results/composition_ab/compAB_nav2_map.yaml params_file:=/cbab3/work/scripts/nav2_params_bench.yaml use_sim_time:=False autostart:=True slam:=False use_composition:=False"
2026-09-12T21:59:48Z,21,"compAB_devref_singleton",316843,"map_server",3.5,49244,22922,"/opt/ros/jazzy/lib/nav2_map_server/map_server --ros-args --log-level info --ros-args -r __node:=map_server -p use_sim_time:=False --params-file /tmp/launch_params_8lqf7rgz --params-file /tmp/launch_params_xbz9z5ah -r /tf:=tf -r /tf_static:=tf_static"
2026-09-12T21:59:48Z,21,"compAB_devref_singleton",316844,"amcl",6.5,51184,22375,"/opt/ros/jazzy/lib/nav2_amcl/amcl --ros-args --log-level info --ros-args -r __node:=amcl -p use_sim_time:=False --params-file /tmp/launch_params_8lqf7rgz -r /tf:=tf -r /tf_static:=tf_static"
2026-09-12T21:59:48Z,21,"compAB_devref_singleton",316845,"lifecycle_manag",3.9,43064,16722,"/opt/ros/jazzy/lib/nav2_lifecycle_manager/lifecycle_manager --ros-args --log-level info --ros-args -r __node:=lifecycle_manager_localization -p use_sim_time:=False --params-file /tmp/launch_params_dosuoat0 --params-file /tmp/launch_params_bm1qwshx"
2026-09-12T21:59:48Z,21,"compAB_devref_singleton",316846,"controller_serv",10.5,69892,38832,"/opt/ros/jazzy/lib/nav2_controller/controller_server --ros-args --log-level info --ros-args -p use_sim_time:=False --params-file /tmp/launch_params__90732i2 -r /tf:=tf -r /tf_static:=tf_static -r cmd_vel:=cmd_vel_nav"
2026-09-12T21:59:48Z,21,"compAB_devref_singleton",316847,"smoother_server",4.1,48960,19646,"/opt/ros/jazzy/lib/nav2_smoother/smoother_server --ros-args --log-level info --ros-args -r __node:=smoother_server -p use_sim_time:=False --params-file /tmp/launch_params__90732i2 -r /tf:=tf -r /tf_static:=tf_static"
2026-09-12T21:59:48Z,21,"compAB_devref_singleton",316848,"planner_server",4.5,58620,27553,"/opt/ros/jazzy/lib/nav2_planner/planner_server --ros-args --log-level info --ros-args -r __node:=planner_server -p use_sim_time:=False --params-file /tmp/launch_params__90732i2 -r /tf:=tf -r /tf_static:=tf_static"
2026-09-12T21:59:48Z,21,"compAB_devref_singleton",316849,"route_server",4.1,52984,22786,"/opt/ros/jazzy/lib/nav2_route/route_server --ros-args --log-level info --ros-args -r __node:=route_server -p use_sim_time:=False --params-file /tmp/launch_params__90732i2 -r /tf:=tf -r /tf_static:=tf_static"
2026-09-12T21:59:48Z,21,"compAB_devref_singleton",316850,"behavior_server",4.6,54068,23951,"/opt/ros/jazzy/lib/nav2_behaviors/behavior_server --ros-args --log-level info --ros-args -r __node:=behavior_server -p use_sim_time:=False --params-file /tmp/launch_params__90732i2 -r /tf:=tf -r /tf_static:=tf_static -r cmd_vel:=cmd_vel_nav"
2026-09-12T21:59:48Z,21,"compAB_devref_singleton",316851,"bt_navigator",7.0,77664,48572,"/opt/ros/jazzy/lib/nav2_bt_navigator/bt_navigator --ros-args --log-level info --ros-args -r __node:=bt_navigator -p use_sim_time:=False --params-file /tmp/launch_params__90732i2 -r /tf:=tf -r /tf_static:=tf_static"
2026-09-12T21:59:48Z,21,"compAB_devref_singleton",316852,"waypoint_follow",3.5,46608,19316,"/opt/ros/jazzy/lib/nav2_waypoint_follower/waypoint_follower --ros-args --log-level info --ros-args -r __node:=waypoint_follower -p use_sim_time:=False --params-file /tmp/launch_params__90732i2 -r /tf:=tf -r /tf_static:=tf_static"
2026-09-12T21:59:48Z,21,"compAB_devref_singleton",316853,"velocity_smooth",3.5,39300,16129,"/opt/ros/jazzy/lib/nav2_velocity_smoother/velocity_smoother --ros-args --log-level info --ros-args -r __node:=velocity_smoother -p use_sim_time:=False --params-file /tmp/launch_params__90732i2 -r /tf:=tf -r /tf_static:=tf_static -r cmd_vel:=cmd_vel_nav"
2026-09-12T21:59:48Z,21,"compAB_devref_singleton",316854,"collision_monit",4.1,51896,21611,"/opt/ros/jazzy/lib/nav2_collision_monitor/collision_monitor --ros-args --log-level info --ros-args -r __node:=collision_monitor -p use_sim_time:=False --params-file /tmp/launch_params__90732i2 -r /tf:=tf -r /tf_static:=tf_static"
2026-09-12T21:59:48Z,21,"compAB_devref_singleton",316856,"lifecycle_manag",9.1,46672,20740,"/opt/ros/jazzy/lib/nav2_lifecycle_manager/lifecycle_manager --ros-args --log-level info --ros-args -r __node:=lifecycle_manager_navigation -p use_sim_time:=False --params-file /tmp/launch_params_0swl114y --params-file /tmp/launch_params_oxcye_37"
2026-09-12T21:59:48Z,21,"compAB_devref_singleton",317108,"bash",0.0,2464,586,"bash /cbab3/work/scripts/run_nav2_composition_ab.sh --label compAB_devref --duration 120"
2026-09-12T21:59:48Z,21,"compAB_devref_singleton",317109,"python3",8.7,84784,53799,"python3 /cbab3/work/scripts/nav_goal_sender.py --x 4.0 --y 4.0 --yaw 0.0 --repeat 0 --pause 1"
2026-09-12T21:59:48Z,21,"compAB_devref_singleton",317244,"bash",1.1,4432,1006,"bash /oomwoo/contributions/compute-benchmark/xbattlax/scripts/measure_ros_processes.sh --pattern python3|ros2|nav2|component_container|nav_goal_sender|amcl|map_server|planner|controller|behavior|bt_nav|smoother|waypoint --duration 110 --interval 2 --label compAB_devref_singleton --output /cbab3/work/scripts/../results/composition_ab/compAB_devref_singleton_20260912T215506Z.csv"
2026-09-12T21:59:51Z,22,"compAB_devref_singleton",232119,"python3",0.2,80320,51283,"/usr/bin/python3 -c from ros2cli.daemon.daemonize import main; main() --name ros2-daemon --ros-domain-id 0 --rmw-implementation rmw_fastrtps_cpp"
2026-09-12T21:59:51Z,22,"compAB_devref_singleton",299391,"bash",0.0,3864,933,"bash -c source /opt/ros/jazzy/setup.bash && bash /cbab3/work/scripts/run_nav2_composition_ab.sh --label compAB_devref --duration 120 2>&1"
2026-09-12T21:59:51Z,22,"compAB_devref_singleton",299404,"bash",0.0,4476,1272,"bash /cbab3/work/scripts/run_nav2_composition_ab.sh --label compAB_devref --duration 120"
2026-09-12T21:59:51Z,22,"compAB_devref_singleton",316823,"python3",5.5,78356,48632,"python3 /cbab3/work/scripts/synthetic_scan_publisher.py --duration 220 --loop-s 40 --hz 5.0"
2026-09-12T21:59:51Z,22,"compAB_devref_singleton",316839,"ros2",0.5,43576,30705,"/usr/bin/python3 /opt/ros/jazzy/bin/ros2 launch nav2_bringup bringup_launch.py map:=/cbab3/work/scripts/../results/composition_ab/compAB_nav2_map.yaml params_file:=/cbab3/work/scripts/nav2_params_bench.yaml use_sim_time:=False autostart:=True slam:=False use_composition:=False"
2026-09-12T21:59:51Z,22,"compAB_devref_singleton",316843,"map_server",3.5,49244,22922,"/opt/ros/jazzy/lib/nav2_map_server/map_server --ros-args --log-level info --ros-args -r __node:=map_server -p use_sim_time:=False --params-file /tmp/launch_params_8lqf7rgz --params-file /tmp/launch_params_xbz9z5ah -r /tf:=tf -r /tf_static:=tf_static"
2026-09-12T21:59:51Z,22,"compAB_devref_singleton",316844,"amcl",6.5,51184,22375,"/opt/ros/jazzy/lib/nav2_amcl/amcl --ros-args --log-level info --ros-args -r __node:=amcl -p use_sim_time:=False --params-file /tmp/launch_params_8lqf7rgz -r /tf:=tf -r /tf_static:=tf_static"
2026-09-12T21:59:51Z,22,"compAB_devref_singleton",316845,"lifecycle_manag",3.9,43064,16723,"/opt/ros/jazzy/lib/nav2_lifecycle_manager/lifecycle_manager --ros-args --log-level info --ros-args -r __node:=lifecycle_manager_localization -p use_sim_time:=False --params-file /tmp/launch_params_dosuoat0 --params-file /tmp/launch_params_bm1qwshx"
2026-09-12T21:59:51Z,22,"compAB_devref_singleton",316846,"controller_serv",10.7,69888,38828,"/opt/ros/jazzy/lib/nav2_controller/controller_server --ros-args --log-level info --ros-args -p use_sim_time:=False --params-file /tmp/launch_params__90732i2 -r /tf:=tf -r /tf_static:=tf_static -r cmd_vel:=cmd_vel_nav"
2026-09-12T21:59:51Z,22,"compAB_devref_singleton",316847,"smoother_server",4.1,48960,19647,"/opt/ros/jazzy/lib/nav2_smoother/smoother_server --ros-args --log-level info --ros-args -r __node:=smoother_server -p use_sim_time:=False --params-file /tmp/launch_params__90732i2 -r /tf:=tf -r /tf_static:=tf_static"
2026-09-12T21:59:51Z,22,"compAB_devref_singleton",316848,"planner_server",4.5,58620,27553,"/opt/ros/jazzy/lib/nav2_planner/planner_server --ros-args --log-level info --ros-args -r __node:=planner_server -p use_sim_time:=False --params-file /tmp/launch_params__90732i2 -r /tf:=tf -r /tf_static:=tf_static"
2026-09-12T21:59:51Z,22,"compAB_devref_singleton",316849,"route_server",4.1,52984,22786,"/opt/ros/jazzy/lib/nav2_route/route_server --ros-args --log-level info --ros-args -r __node:=route_server -p use_sim_time:=False --params-file /tmp/launch_params__90732i2 -r /tf:=tf -r /tf_static:=tf_static"
2026-09-12T21:59:51Z,22,"compAB_devref_singleton",316850,"behavior_server",4.6,54068,23951,"/opt/ros/jazzy/lib/nav2_behaviors/behavior_server --ros-args --log-level info --ros-args -r __node:=behavior_server -p use_sim_time:=False --params-file /tmp/launch_params__90732i2 -r /tf:=tf -r /tf_static:=tf_static -r cmd_vel:=cmd_vel_nav"
2026-09-12T21:59:51Z,22,"compAB_devref_singleton",316851,"bt_navigator",7.0,77648,48556,"/opt/ros/jazzy/lib/nav2_bt_navigator/bt_navigator --ros-args --log-level info --ros-args -r __node:=bt_navigator -p use_sim_time:=False --params-file /tmp/launch_params__90732i2 -r /tf:=tf -r /tf_static:=tf_static"
2026-09-12T21:59:51Z,22,"compAB_devref_singleton",316852,"waypoint_follow",3.5,46608,19316,"/opt/ros/jazzy/lib/nav2_waypoint_follower/waypoint_follower --ros-args --log-level info --ros-args -r __node:=waypoint_follower -p use_sim_time:=False --params-file /tmp/launch_params__90732i2 -r /tf:=tf -r /tf_static:=tf_static"
2026-09-12T21:59:51Z,22,"compAB_devref_singleton",316853,"velocity_smooth",3.5,39300,16129,"/opt/ros/jazzy/lib/nav2_velocity_smoother/velocity_smoother --ros-args --log-level info --ros-args -r __node:=velocity_smoother -p use_sim_time:=False --params-file /tmp/launch_params__90732i2 -r /tf:=tf -r /tf_static:=tf_static -r cmd_vel:=cmd_vel_nav"
2026-09-12T21:59:51Z,22,"compAB_devref_singleton",316854,"collision_monit",4.1,51896,21611,"/opt/ros/jazzy/lib/nav2_collision_monitor/collision_monitor --ros-args --log-level info --ros-args -r __node:=collision_monitor -p use_sim_time:=False --params-file /tmp/launch_params__90732i2 -r /tf:=tf -r /tf_static:=tf_static"
2026-09-12T21:59:51Z,22,"compAB_devref_singleton",316856,"lifecycle_manag",9.1,46672,20739,"/opt/ros/jazzy/lib/nav2_lifecycle_manager/lifecycle_manager --ros-args --log-level info --ros-args -r __node:=lifecycle_manager_navigation -p use_sim_time:=False --params-file /tmp/launch_params_0swl114y --params-file /tmp/launch_params_oxcye_37"
2026-09-12T21:59:51Z,22,"compAB_devref_singleton",317108,"bash",0.0,2464,586,"bash /cbab3/work/scripts/run_nav2_composition_ab.sh --label compAB_devref --duration 120"
2026-09-12T21:59:51Z,22,"compAB_devref_singleton",317109,"python3",8.8,84784,53798,"python3 /cbab3/work/scripts/nav_goal_sender.py --x 4.0 --y 4.0 --yaw 0.0 --repeat 0 --pause 1"
2026-09-12T21:59:51Z,22,"compAB_devref_singleton",317244,"bash",1.1,4432,1002,"bash /oomwoo/contributions/compute-benchmark/xbattlax/scripts/measure_ros_processes.sh --pattern python3|ros2|nav2|component_container|nav_goal_sender|amcl|map_server|planner|controller|behavior|bt_nav|smoother|waypoint --duration 110 --interval 2 --label compAB_devref_singleton --output /cbab3/work/scripts/../results/composition_ab/compAB_devref_singleton_20260912T215506Z.csv"
2026-09-12T21:59:53Z,23,"compAB_devref_singleton",232119,"python3",0.2,80320,51284,"/usr/bin/python3 -c from ros2cli.daemon.daemonize import main; main() --name ros2-daemon --ros-domain-id 0 --rmw-implementation rmw_fastrtps_cpp"
2026-09-12T21:59:53Z,23,"compAB_devref_singleton",299391,"bash",0.0,3864,933,"bash -c source /opt/ros/jazzy/setup.bash && bash /cbab3/work/scripts/run_nav2_composition_ab.sh --label compAB_devref --duration 120 2>&1"
2026-09-12T21:59:53Z,23,"compAB_devref_singleton",299404,"bash",0.0,4476,1277,"bash /cbab3/work/scripts/run_nav2_composition_ab.sh --label compAB_devref --duration 120"
2026-09-12T21:59:53Z,23,"compAB_devref_singleton",316823,"python3",5.5,78356,48638,"python3 /cbab3/work/scripts/synthetic_scan_publisher.py --duration 220 --loop-s 40 --hz 5.0"
2026-09-12T21:59:53Z,23,"compAB_devref_singleton",316839,"ros2",0.5,43576,30705,"/usr/bin/python3 /opt/ros/jazzy/bin/ros2 launch nav2_bringup bringup_launch.py map:=/cbab3/work/scripts/../results/composition_ab/compAB_nav2_map.yaml params_file:=/cbab3/work/scripts/nav2_params_bench.yaml use_sim_time:=False autostart:=True slam:=False use_composition:=False"
2026-09-12T21:59:53Z,23,"compAB_devref_singleton",316843,"map_server",3.5,49244,22922,"/opt/ros/jazzy/lib/nav2_map_server/map_server --ros-args --log-level info --ros-args -r __node:=map_server -p use_sim_time:=False --params-file /tmp/launch_params_8lqf7rgz --params-file /tmp/launch_params_xbz9z5ah -r /tf:=tf -r /tf_static:=tf_static"
2026-09-12T21:59:53Z,23,"compAB_devref_singleton",316844,"amcl",6.4,51184,22375,"/opt/ros/jazzy/lib/nav2_amcl/amcl --ros-args --log-level info --ros-args -r __node:=amcl -p use_sim_time:=False --params-file /tmp/launch_params_8lqf7rgz -r /tf:=tf -r /tf_static:=tf_static"
2026-09-12T21:59:53Z,23,"compAB_devref_singleton",316845,"lifecycle_manag",3.9,43064,16722,"/opt/ros/jazzy/lib/nav2_lifecycle_manager/lifecycle_manager --ros-args --log-level info --ros-args -r __node:=lifecycle_manager_localization -p use_sim_time:=False --params-file /tmp/launch_params_dosuoat0 --params-file /tmp/launch_params_bm1qwshx"
2026-09-12T21:59:53Z,23,"compAB_devref_singleton",316846,"controller_serv",10.7,70328,39268,"/opt/ros/jazzy/lib/nav2_controller/controller_server --ros-args --log-level info --ros-args -p use_sim_time:=False --params-file /tmp/launch_params__90732i2 -r /tf:=tf -r /tf_static:=tf_static -r cmd_vel:=cmd_vel_nav"
2026-09-12T21:59:53Z,23,"compAB_devref_singleton",316847,"smoother_server",4.1,48960,19647,"/opt/ros/jazzy/lib/nav2_smoother/smoother_server --ros-args --log-level info --ros-args -r __node:=smoother_server -p use_sim_time:=False --params-file /tmp/launch_params__90732i2 -r /tf:=tf -r /tf_static:=tf_static"
2026-09-12T21:59:53Z,23,"compAB_devref_singleton",316848,"planner_server",4.5,58620,27553,"/opt/ros/jazzy/lib/nav2_planner/planner_server --ros-args --log-level info --ros-args -r __node:=planner_server -p use_sim_time:=False --params-file /tmp/launch_params__90732i2 -r /tf:=tf -r /tf_static:=tf_static"
2026-09-12T21:59:53Z,23,"compAB_devref_singleton",316849,"route_server",4.1,52984,22786,"/opt/ros/jazzy/lib/nav2_route/route_server --ros-args --log-level info --ros-args -r __node:=route_server -p use_sim_time:=False --params-file /tmp/launch_params__90732i2 -r /tf:=tf -r /tf_static:=tf_static"
2026-09-12T21:59:53Z,23,"compAB_devref_singleton",316850,"behavior_server",4.6,54068,23951,"/opt/ros/jazzy/lib/nav2_behaviors/behavior_server --ros-args --log-level info --ros-args -r __node:=behavior_server -p use_sim_time:=False --params-file /tmp/launch_params__90732i2 -r /tf:=tf -r /tf_static:=tf_static -r cmd_vel:=cmd_vel_nav"
2026-09-12T21:59:53Z,23,"compAB_devref_singleton",316851,"bt_navigator",7.0,77676,48584,"/opt/ros/jazzy/lib/nav2_bt_navigator/bt_navigator --ros-args --log-level info --ros-args -r __node:=bt_navigator -p use_sim_time:=False --params-file /tmp/launch_params__90732i2 -r /tf:=tf -r /tf_static:=tf_static"
2026-09-12T21:59:53Z,23,"compAB_devref_singleton",316852,"waypoint_follow",3.5,46608,19316,"/opt/ros/jazzy/lib/nav2_waypoint_follower/waypoint_follower --ros-args --log-level info --ros-args -r __node:=waypoint_follower -p use_sim_time:=False --params-file /tmp/launch_params__90732i2 -r /tf:=tf -r /tf_static:=tf_static"
2026-09-12T21:59:53Z,23,"compAB_devref_singleton",316853,"velocity_smooth",3.5,39300,16129,"/opt/ros/jazzy/lib/nav2_velocity_smoother/velocity_smoother --ros-args --log-level info --ros-args -r __node:=velocity_smoother -p use_sim_time:=False --params-file /tmp/launch_params__90732i2 -r /tf:=tf -r /tf_static:=tf_static -r cmd_vel:=cmd_vel_nav"
2026-09-12T21:59:53Z,23,"compAB_devref_singleton",316854,"collision_monit",4.1,51896,21611,"/opt/ros/jazzy/lib/nav2_collision_monitor/collision_monitor --ros-args --log-level info --ros-args -r __node:=collision_monitor -p use_sim_time:=False --params-file /tmp/launch_params__90732i2 -r /tf:=tf -r /tf_static:=tf_static"
2026-09-12T21:59:53Z,23,"compAB_devref_singleton",316856,"lifecycle_manag",9.1,46672,20740,"/opt/ros/jazzy/lib/nav2_lifecycle_manager/lifecycle_manager --ros-args --log-level info --ros-args -r __node:=lifecycle_manager_navigation -p use_sim_time:=False --params-file /tmp/launch_params_0swl114y --params-file /tmp/launch_params_oxcye_37"
2026-09-12T21:59:53Z,23,"compAB_devref_singleton",317108,"bash",0.0,2464,586,"bash /cbab3/work/scripts/run_nav2_composition_ab.sh --label compAB_devref --duration 120"
2026-09-12T21:59:53Z,23,"compAB_devref_singleton",317109,"python3",8.6,84792,53807,"python3 /cbab3/work/scripts/nav_goal_sender.py --x 4.0 --y 4.0 --yaw 0.0 --repeat 0 --pause 1"
2026-09-12T21:59:53Z,23,"compAB_devref_singleton",317244,"bash",1.1,4432,1002,"bash /oomwoo/contributions/compute-benchmark/xbattlax/scripts/measure_ros_processes.sh --pattern python3|ros2|nav2|component_container|nav_goal_sender|amcl|map_server|planner|controller|behavior|bt_nav|smoother|waypoint --duration 110 --interval 2 --label compAB_devref_singleton --output /cbab3/work/scripts/../results/composition_ab/compAB_devref_singleton_20260912T215506Z.csv"
2026-09-12T21:59:56Z,24,"compAB_devref_singleton",232119,"python3",0.2,80320,51285,"/usr/bin/python3 -c from ros2cli.daemon.daemonize import main; main() --name ros2-daemon --ros-domain-id 0 --rmw-implementation rmw_fastrtps_cpp"
2026-09-12T21:59:56Z,24,"compAB_devref_singleton",299391,"bash",0.0,3864,934,"bash -c source /opt/ros/jazzy/setup.bash && bash /cbab3/work/scripts/run_nav2_composition_ab.sh --label compAB_devref --duration 120 2>&1"
2026-09-12T21:59:56Z,24,"compAB_devref_singleton",299404,"bash",0.0,4476,1279,"bash /cbab3/work/scripts/run_nav2_composition_ab.sh --label compAB_devref --duration 120"
2026-09-12T21:59:56Z,24,"compAB_devref_singleton",316823,"python3",5.5,78356,48633,"python3 /cbab3/work/scripts/synthetic_scan_publisher.py --duration 220 --loop-s 40 --hz 5.0"
2026-09-12T21:59:56Z,24,"compAB_devref_singleton",316839,"ros2",0.5,43576,30706,"/usr/bin/python3 /opt/ros/jazzy/bin/ros2 launch nav2_bringup bringup_launch.py map:=/cbab3/work/scripts/../results/composition_ab/compAB_nav2_map.yaml params_file:=/cbab3/work/scripts/nav2_params_bench.yaml use_sim_time:=False autostart:=True slam:=False use_composition:=False"
2026-09-12T21:59:56Z,24,"compAB_devref_singleton",316843,"map_server",3.5,49244,22922,"/opt/ros/jazzy/lib/nav2_map_server/map_server --ros-args --log-level info --ros-args -r __node:=map_server -p use_sim_time:=False --params-file /tmp/launch_params_8lqf7rgz --params-file /tmp/launch_params_xbz9z5ah -r /tf:=tf -r /tf_static:=tf_static"
2026-09-12T21:59:56Z,24,"compAB_devref_singleton",316844,"amcl",6.4,51184,22375,"/opt/ros/jazzy/lib/nav2_amcl/amcl --ros-args --log-level info --ros-args -r __node:=amcl -p use_sim_time:=False --params-file /tmp/launch_params_8lqf7rgz -r /tf:=tf -r /tf_static:=tf_static"
2026-09-12T21:59:56Z,24,"compAB_devref_singleton",316845,"lifecycle_manag",3.9,43064,16723,"/opt/ros/jazzy/lib/nav2_lifecycle_manager/lifecycle_manager --ros-args --log-level info --ros-args -r __node:=lifecycle_manager_localization -p use_sim_time:=False --params-file /tmp/launch_params_dosuoat0 --params-file /tmp/launch_params_bm1qwshx"
2026-09-12T21:59:56Z,24,"compAB_devref_singleton",316846,"controller_serv",11.0,70328,39268,"/opt/ros/jazzy/lib/nav2_controller/controller_server --ros-args --log-level info --ros-args -p use_sim_time:=False --params-file /tmp/launch_params__90732i2 -r /tf:=tf -r /tf_static:=tf_static -r cmd_vel:=cmd_vel_nav"
2026-09-12T21:59:56Z,24,"compAB_devref_singleton",316847,"smoother_server",4.1,48960,19647,"/opt/ros/jazzy/lib/nav2_smoother/smoother_server --ros-args --log-level info --ros-args -r __node:=smoother_server -p use_sim_time:=False --params-file /tmp/launch_params__90732i2 -r /tf:=tf -r /tf_static:=tf_static"
2026-09-12T21:59:56Z,24,"compAB_devref_singleton",316848,"planner_server",4.5,58620,27553,"/opt/ros/jazzy/lib/nav2_planner/planner_server --ros-args --log-level info --ros-args -r __node:=planner_server -p use_sim_time:=False --params-file /tmp/launch_params__90732i2 -r /tf:=tf -r /tf_static:=tf_static"
2026-09-12T21:59:56Z,24,"compAB_devref_singleton",316849,"route_server",4.1,52984,22786,"/opt/ros/jazzy/lib/nav2_route/route_server --ros-args --log-level info --ros-args -r __node:=route_server -p use_sim_time:=False --params-file /tmp/launch_params__90732i2 -r /tf:=tf -r /tf_static:=tf_static"
2026-09-12T21:59:56Z,24,"compAB_devref_singleton",316850,"behavior_server",4.6,54068,23951,"/opt/ros/jazzy/lib/nav2_behaviors/behavior_server --ros-args --log-level info --ros-args -r __node:=behavior_server -p use_sim_time:=False --params-file /tmp/launch_params__90732i2 -r /tf:=tf -r /tf_static:=tf_static -r cmd_vel:=cmd_vel_nav"
2026-09-12T21:59:56Z,24,"compAB_devref_singleton",316851,"bt_navigator",7.1,77676,48585,"/opt/ros/jazzy/lib/nav2_bt_navigator/bt_navigator --ros-args --log-level info --ros-args -r __node:=bt_navigator -p use_sim_time:=False --params-file /tmp/launch_params__90732i2 -r /tf:=tf -r /tf_static:=tf_static"
2026-09-12T21:59:56Z,24,"compAB_devref_singleton",316852,"waypoint_follow",3.5,46608,19316,"/opt/ros/jazzy/lib/nav2_waypoint_follower/waypoint_follower --ros-args --log-level info --ros-args -r __node:=waypoint_follower -p use_sim_time:=False --params-file /tmp/launch_params__90732i2 -r /tf:=tf -r /tf_static:=tf_static"
2026-09-12T21:59:56Z,24,"compAB_devref_singleton",316853,"velocity_smooth",3.5,39300,16129,"/opt/ros/jazzy/lib/nav2_velocity_smoother/velocity_smoother --ros-args --log-level info --ros-args -r __node:=velocity_smoother -p use_sim_time:=False --params-file /tmp/launch_params__90732i2 -r /tf:=tf -r /tf_static:=tf_static -r cmd_vel:=cmd_vel_nav"
2026-09-12T21:59:56Z,24,"compAB_devref_singleton",316854,"collision_monit",4.1,51896,21612,"/opt/ros/jazzy/lib/nav2_collision_monitor/collision_monitor --ros-args --log-level info --ros-args -r __node:=collision_monitor -p use_sim_time:=False --params-file /tmp/launch_params__90732i2 -r /tf:=tf -r /tf_static:=tf_static"
2026-09-12T21:59:56Z,24,"compAB_devref_singleton",316856,"lifecycle_manag",9.1,46672,20740,"/opt/ros/jazzy/lib/nav2_lifecycle_manager/lifecycle_manager --ros-args --log-level info --ros-args -r __node:=lifecycle_manager_navigation -p use_sim_time:=False --params-file /tmp/launch_params_0swl114y --params-file /tmp/launch_params_oxcye_37"
2026-09-12T21:59:56Z,24,"compAB_devref_singleton",317108,"bash",0.0,2464,587,"bash /cbab3/work/scripts/run_nav2_composition_ab.sh --label compAB_devref --duration 120"
2026-09-12T21:59:56Z,24,"compAB_devref_singleton",317109,"python3",8.7,84792,53806,"python3 /cbab3/work/scripts/nav_goal_sender.py --x 4.0 --y 4.0 --yaw 0.0 --repeat 0 --pause 1"
2026-09-12T21:59:56Z,24,"compAB_devref_singleton",317244,"bash",1.1,4432,1005,"bash /oomwoo/contributions/compute-benchmark/xbattlax/scripts/measure_ros_processes.sh --pattern python3|ros2|nav2|component_container|nav_goal_sender|amcl|map_server|planner|controller|behavior|bt_nav|smoother|waypoint --duration 110 --interval 2 --label compAB_devref_singleton --output /cbab3/work/scripts/../results/composition_ab/compAB_devref_singleton_20260912T215506Z.csv"
2026-09-12T21:59:58Z,25,"compAB_devref_singleton",232119,"python3",0.2,80320,51284,"/usr/bin/python3 -c from ros2cli.daemon.daemonize import main; main() --name ros2-daemon --ros-domain-id 0 --rmw-implementation rmw_fastrtps_cpp"
2026-09-12T21:59:58Z,25,"compAB_devref_singleton",299391,"bash",0.0,3864,933,"bash -c source /opt/ros/jazzy/setup.bash && bash /cbab3/work/scripts/run_nav2_composition_ab.sh --label compAB_devref --duration 120 2>&1"
2026-09-12T21:59:58Z,25,"compAB_devref_singleton",299404,"bash",0.0,4476,1277,"bash /cbab3/work/scripts/run_nav2_composition_ab.sh --label compAB_devref --duration 120"
2026-09-12T21:59:58Z,25,"compAB_devref_singleton",316823,"python3",5.5,78356,48638,"python3 /cbab3/work/scripts/synthetic_scan_publisher.py --duration 220 --loop-s 40 --hz 5.0"
2026-09-12T21:59:58Z,25,"compAB_devref_singleton",316839,"ros2",0.5,43576,30706,"/usr/bin/python3 /opt/ros/jazzy/bin/ros2 launch nav2_bringup bringup_launch.py map:=/cbab3/work/scripts/../results/composition_ab/compAB_nav2_map.yaml params_file:=/cbab3/work/scripts/nav2_params_bench.yaml use_sim_time:=False autostart:=True slam:=False use_composition:=False"
2026-09-12T21:59:58Z,25,"compAB_devref_singleton",316843,"map_server",3.5,49244,22922,"/opt/ros/jazzy/lib/nav2_map_server/map_server --ros-args --log-level info --ros-args -r __node:=map_server -p use_sim_time:=False --params-file /tmp/launch_params_8lqf7rgz --params-file /tmp/launch_params_xbz9z5ah -r /tf:=tf -r /tf_static:=tf_static"
2026-09-12T21:59:58Z,25,"compAB_devref_singleton",316844,"amcl",6.4,51184,22375,"/opt/ros/jazzy/lib/nav2_amcl/amcl --ros-args --log-level info --ros-args -r __node:=amcl -p use_sim_time:=False --params-file /tmp/launch_params_8lqf7rgz -r /tf:=tf -r /tf_static:=tf_static"
2026-09-12T21:59:58Z,25,"compAB_devref_singleton",316845,"lifecycle_manag",3.9,43064,16722,"/opt/ros/jazzy/lib/nav2_lifecycle_manager/lifecycle_manager --ros-args --log-level info --ros-args -r __node:=lifecycle_manager_localization -p use_sim_time:=False --params-file /tmp/launch_params_dosuoat0 --params-file /tmp/launch_params_bm1qwshx"
2026-09-12T21:59:58Z,25,"compAB_devref_singleton",316846,"controller_serv",10.8,70328,39268,"/opt/ros/jazzy/lib/nav2_controller/controller_server --ros-args --log-level info --ros-args -p use_sim_time:=False --params-file /tmp/launch_params__90732i2 -r /tf:=tf -r /tf_static:=tf_static -r cmd_vel:=cmd_vel_nav"
2026-09-12T21:59:58Z,25,"compAB_devref_singleton",316847,"smoother_server",4.1,48960,19647,"/opt/ros/jazzy/lib/nav2_smoother/smoother_server --ros-args --log-level info --ros-args -r __node:=smoother_server -p use_sim_time:=False --params-file /tmp/launch_params__90732i2 -r /tf:=tf -r /tf_static:=tf_static"
2026-09-12T21:59:58Z,25,"compAB_devref_singleton",316848,"planner_server",4.5,58620,27553,"/opt/ros/jazzy/lib/nav2_planner/planner_server --ros-args --log-level info --ros-args -r __node:=planner_server -p use_sim_time:=False --params-file /tmp/launch_params__90732i2 -r /tf:=tf -r /tf_static:=tf_static"
2026-09-12T21:59:58Z,25,"compAB_devref_singleton",316849,"route_server",4.1,52984,22786,"/opt/ros/jazzy/lib/nav2_route/route_server --ros-args --log-level info --ros-args -r __node:=route_server -p use_sim_time:=False --params-file /tmp/launch_params__90732i2 -r /tf:=tf -r /tf_static:=tf_static"
2026-09-12T21:59:58Z,25,"compAB_devref_singleton",316850,"behavior_server",4.6,54100,23983,"/opt/ros/jazzy/lib/nav2_behaviors/behavior_server --ros-args --log-level info --ros-args -r __node:=behavior_server -p use_sim_time:=False --params-file /tmp/launch_params__90732i2 -r /tf:=tf -r /tf_static:=tf_static -r cmd_vel:=cmd_vel_nav"
2026-09-12T21:59:58Z,25,"compAB_devref_singleton",316851,"bt_navigator",7.1,77676,48584,"/opt/ros/jazzy/lib/nav2_bt_navigator/bt_navigator --ros-args --log-level info --ros-args -r __node:=bt_navigator -p use_sim_time:=False --params-file /tmp/launch_params__90732i2 -r /tf:=tf -r /tf_static:=tf_static"
2026-09-12T21:59:58Z,25,"compAB_devref_singleton",316852,"waypoint_follow",3.5,46608,19316,"/opt/ros/jazzy/lib/nav2_waypoint_follower/waypoint_follower --ros-args --log-level info --ros-args -r __node:=waypoint_follower -p use_sim_time:=False --params-file /tmp/launch_params__90732i2 -r /tf:=tf -r /tf_static:=tf_static"
2026-09-12T21:59:58Z,25,"compAB_devref_singleton",316853,"velocity_smooth",3.5,39300,16129,"/opt/ros/jazzy/lib/nav2_velocity_smoother/velocity_smoother --ros-args --log-level info --ros-args -r __node:=velocity_smoother -p use_sim_time:=False --params-file /tmp/launch_params__90732i2 -r /tf:=tf -r /tf_static:=tf_static -r cmd_vel:=cmd_vel_nav"
2026-09-12T21:59:58Z,25,"compAB_devref_singleton",316854,"collision_monit",4.1,51896,21611,"/opt/ros/jazzy/lib/nav2_collision_monitor/collision_monitor --ros-args --log-level info --ros-args -r __node:=collision_monitor -p use_sim_time:=False --params-file /tmp/launch_params__90732i2 -r /tf:=tf -r /tf_static:=tf_static"
2026-09-12T21:59:58Z,25,"compAB_devref_singleton",316856,"lifecycle_manag",9.1,46672,20740,"/opt/ros/jazzy/lib/nav2_lifecycle_manager/lifecycle_manager --ros-args --log-level info --ros-args -r __node:=lifecycle_manager_navigation -p use_sim_time:=False --params-file /tmp/launch_params_0swl114y --params-file /tmp/launch_params_oxcye_37"
2026-09-12T21:59:58Z,25,"compAB_devref_singleton",317108,"bash",0.0,2464,587,"bash /cbab3/work/scripts/run_nav2_composition_ab.sh --label compAB_devref --duration 120"
2026-09-12T21:59:58Z,25,"compAB_devref_singleton",317109,"python3",8.7,84792,53808,"python3 /cbab3/work/scripts/nav_goal_sender.py --x 4.0 --y 4.0 --yaw 0.0 --repeat 0 --pause 1"
2026-09-12T21:59:58Z,25,"compAB_devref_singleton",317244,"bash",1.1,4432,1002,"bash /oomwoo/contributions/compute-benchmark/xbattlax/scripts/measure_ros_processes.sh --pattern python3|ros2|nav2|component_container|nav_goal_sender|amcl|map_server|planner|controller|behavior|bt_nav|smoother|waypoint --duration 110 --interval 2 --label compAB_devref_singleton --output /cbab3/work/scripts/../results/composition_ab/compAB_devref_singleton_20260912T215506Z.csv"
2026-09-12T22:00:01Z,26,"compAB_devref_singleton",232119,"python3",0.2,80320,51285,"/usr/bin/python3 -c from ros2cli.daemon.daemonize import main; main() --name ros2-daemon --ros-domain-id 0 --rmw-implementation rmw_fastrtps_cpp"
2026-09-12T22:00:01Z,26,"compAB_devref_singleton",299391,"bash",0.0,3864,934,"bash -c source /opt/ros/jazzy/setup.bash && bash /cbab3/work/scripts/run_nav2_composition_ab.sh --label compAB_devref --duration 120 2>&1"
2026-09-12T22:00:01Z,26,"compAB_devref_singleton",299404,"bash",0.0,4476,1276,"bash /cbab3/work/scripts/run_nav2_composition_ab.sh --label compAB_devref --duration 120"
2026-09-12T22:00:01Z,26,"compAB_devref_singleton",316823,"python3",5.5,78356,48637,"python3 /cbab3/work/scripts/synthetic_scan_publisher.py --duration 220 --loop-s 40 --hz 5.0"
2026-09-12T22:00:01Z,26,"compAB_devref_singleton",316839,"ros2",0.5,43576,30707,"/usr/bin/python3 /opt/ros/jazzy/bin/ros2 launch nav2_bringup bringup_launch.py map:=/cbab3/work/scripts/../results/composition_ab/compAB_nav2_map.yaml params_file:=/cbab3/work/scripts/nav2_params_bench.yaml use_sim_time:=False autostart:=True slam:=False use_composition:=False"
2026-09-12T22:00:01Z,26,"compAB_devref_singleton",316843,"map_server",3.4,49244,22922,"/opt/ros/jazzy/lib/nav2_map_server/map_server --ros-args --log-level info --ros-args -r __node:=map_server -p use_sim_time:=False --params-file /tmp/launch_params_8lqf7rgz --params-file /tmp/launch_params_xbz9z5ah -r /tf:=tf -r /tf_static:=tf_static"
2026-09-12T22:00:01Z,26,"compAB_devref_singleton",316844,"amcl",6.4,51184,22375,"/opt/ros/jazzy/lib/nav2_amcl/amcl --ros-args --log-level info --ros-args -r __node:=amcl -p use_sim_time:=False --params-file /tmp/launch_params_8lqf7rgz -r /tf:=tf -r /tf_static:=tf_static"
2026-09-12T22:00:01Z,26,"compAB_devref_singleton",316845,"lifecycle_manag",3.9,43064,16722,"/opt/ros/jazzy/lib/nav2_lifecycle_manager/lifecycle_manager --ros-args --log-level info --ros-args -r __node:=lifecycle_manager_localization -p use_sim_time:=False --params-file /tmp/launch_params_dosuoat0 --params-file /tmp/launch_params_bm1qwshx"
2026-09-12T22:00:01Z,26,"compAB_devref_singleton",316846,"controller_serv",10.7,70328,39268,"/opt/ros/jazzy/lib/nav2_controller/controller_server --ros-args --log-level info --ros-args -p use_sim_time:=False --params-file /tmp/launch_params__90732i2 -r /tf:=tf -r /tf_static:=tf_static -r cmd_vel:=cmd_vel_nav"
2026-09-12T22:00:01Z,26,"compAB_devref_singleton",316847,"smoother_server",4.1,48960,19647,"/opt/ros/jazzy/lib/nav2_smoother/smoother_server --ros-args --log-level info --ros-args -r __node:=smoother_server -p use_sim_time:=False --params-file /tmp/launch_params__90732i2 -r /tf:=tf -r /tf_static:=tf_static"
2026-09-12T22:00:01Z,26,"compAB_devref_singleton",316848,"planner_server",4.5,58620,27553,"/opt/ros/jazzy/lib/nav2_planner/planner_server --ros-args --log-level info --ros-args -r __node:=planner_server -p use_sim_time:=False --params-file /tmp/launch_params__90732i2 -r /tf:=tf -r /tf_static:=tf_static"
2026-09-12T22:00:01Z,26,"compAB_devref_singleton",316849,"route_server",4.1,52984,22786,"/opt/ros/jazzy/lib/nav2_route/route_server --ros-args --log-level info --ros-args -r __node:=route_server -p use_sim_time:=False --params-file /tmp/launch_params__90732i2 -r /tf:=tf -r /tf_static:=tf_static"
2026-09-12T22:00:01Z,26,"compAB_devref_singleton",316850,"behavior_server",4.6,54100,23983,"/opt/ros/jazzy/lib/nav2_behaviors/behavior_server --ros-args --log-level info --ros-args -r __node:=behavior_server -p use_sim_time:=False --params-file /tmp/launch_params__90732i2 -r /tf:=tf -r /tf_static:=tf_static -r cmd_vel:=cmd_vel_nav"
2026-09-12T22:00:01Z,26,"compAB_devref_singleton",316851,"bt_navigator",7.1,77676,48584,"/opt/ros/jazzy/lib/nav2_bt_navigator/bt_navigator --ros-args --log-level info --ros-args -r __node:=bt_navigator -p use_sim_time:=False --params-file /tmp/launch_params__90732i2 -r /tf:=tf -r /tf_static:=tf_static"
2026-09-12T22:00:01Z,26,"compAB_devref_singleton",316852,"waypoint_follow",3.5,46608,19316,"/opt/ros/jazzy/lib/nav2_waypoint_follower/waypoint_follower --ros-args --log-level info --ros-args -r __node:=waypoint_follower -p use_sim_time:=False --params-file /tmp/launch_params__90732i2 -r /tf:=tf -r /tf_static:=tf_static"
2026-09-12T22:00:01Z,26,"compAB_devref_singleton",316853,"velocity_smooth",3.5,39300,16129,"/opt/ros/jazzy/lib/nav2_velocity_smoother/velocity_smoother --ros-args --log-level info --ros-args -r __node:=velocity_smoother -p use_sim_time:=False --params-file /tmp/launch_params__90732i2 -r /tf:=tf -r /tf_static:=tf_static -r cmd_vel:=cmd_vel_nav"
2026-09-12T22:00:01Z,26,"compAB_devref_singleton",316854,"collision_monit",4.1,51896,21612,"/opt/ros/jazzy/lib/nav2_collision_monitor/collision_monitor --ros-args --log-level info --ros-args -r __node:=collision_monitor -p use_sim_time:=False --params-file /tmp/launch_params__90732i2 -r /tf:=tf -r /tf_static:=tf_static"
2026-09-12T22:00:01Z,26,"compAB_devref_singleton",316856,"lifecycle_manag",9.1,46672,20740,"/opt/ros/jazzy/lib/nav2_lifecycle_manager/lifecycle_manager --ros-args --log-level info --ros-args -r __node:=lifecycle_manager_navigation -p use_sim_time:=False --params-file /tmp/launch_params_0swl114y --params-file /tmp/launch_params_oxcye_37"
2026-09-12T22:00:01Z,26,"compAB_devref_singleton",317108,"bash",0.0,2464,586,"bash /cbab3/work/scripts/run_nav2_composition_ab.sh --label compAB_devref --duration 120"
2026-09-12T22:00:01Z,26,"compAB_devref_singleton",317109,"python3",8.8,84792,53808,"python3 /cbab3/work/scripts/nav_goal_sender.py --x 4.0 --y 4.0 --yaw 0.0 --repeat 0 --pause 1"
2026-09-12T22:00:01Z,26,"compAB_devref_singleton",317244,"bash",1.1,4432,1005,"bash /oomwoo/contributions/compute-benchmark/xbattlax/scripts/measure_ros_processes.sh --pattern python3|ros2|nav2|component_container|nav_goal_sender|amcl|map_server|planner|controller|behavior|bt_nav|smoother|waypoint --duration 110 --interval 2 --label compAB_devref_singleton --output /cbab3/work/scripts/../results/composition_ab/compAB_devref_singleton_20260912T215506Z.csv"
2026-09-12T22:00:04Z,27,"compAB_devref_singleton",232119,"python3",0.2,80320,51285,"/usr/bin/python3 -c from ros2cli.daemon.daemonize import main; main() --name ros2-daemon --ros-domain-id 0 --rmw-implementation rmw_fastrtps_cpp"
2026-09-12T22:00:04Z,27,"compAB_devref_singleton",299391,"bash",0.0,3864,934,"bash -c source /opt/ros/jazzy/setup.bash && bash /cbab3/work/scripts/run_nav2_composition_ab.sh --label compAB_devref --duration 120 2>&1"
2026-09-12T22:00:04Z,27,"compAB_devref_singleton",299404,"bash",0.0,4476,1273,"bash /cbab3/work/scripts/run_nav2_composition_ab.sh --label compAB_devref --duration 120"
2026-09-12T22:00:04Z,27,"compAB_devref_singleton",316823,"python3",5.6,78356,48638,"python3 /cbab3/work/scripts/synthetic_scan_publisher.py --duration 220 --loop-s 40 --hz 5.0"
2026-09-12T22:00:04Z,27,"compAB_devref_singleton",316839,"ros2",0.5,43576,30706,"/usr/bin/python3 /opt/ros/jazzy/bin/ros2 launch nav2_bringup bringup_launch.py map:=/cbab3/work/scripts/../results/composition_ab/compAB_nav2_map.yaml params_file:=/cbab3/work/scripts/nav2_params_bench.yaml use_sim_time:=False autostart:=True slam:=False use_composition:=False"
2026-09-12T22:00:04Z,27,"compAB_devref_singleton",316843,"map_server",3.4,49244,22922,"/opt/ros/jazzy/lib/nav2_map_server/map_server --ros-args --log-level info --ros-args -r __node:=map_server -p use_sim_time:=False --params-file /tmp/launch_params_8lqf7rgz --params-file /tmp/launch_params_xbz9z5ah -r /tf:=tf -r /tf_static:=tf_static"
2026-09-12T22:00:04Z,27,"compAB_devref_singleton",316844,"amcl",6.4,51184,22375,"/opt/ros/jazzy/lib/nav2_amcl/amcl --ros-args --log-level info --ros-args -r __node:=amcl -p use_sim_time:=False --params-file /tmp/launch_params_8lqf7rgz -r /tf:=tf -r /tf_static:=tf_static"
2026-09-12T22:00:04Z,27,"compAB_devref_singleton",316845,"lifecycle_manag",3.9,43064,16723,"/opt/ros/jazzy/lib/nav2_lifecycle_manager/lifecycle_manager --ros-args --log-level info --ros-args -r __node:=lifecycle_manager_localization -p use_sim_time:=False --params-file /tmp/launch_params_dosuoat0 --params-file /tmp/launch_params_bm1qwshx"
2026-09-12T22:00:04Z,27,"compAB_devref_singleton",316846,"controller_serv",10.6,70328,39268,"/opt/ros/jazzy/lib/nav2_controller/controller_server --ros-args --log-level info --ros-args -p use_sim_time:=False --params-file /tmp/launch_params__90732i2 -r /tf:=tf -r /tf_static:=tf_static -r cmd_vel:=cmd_vel_nav"
2026-09-12T22:00:04Z,27,"compAB_devref_singleton",316847,"smoother_server",4.1,48960,19646,"/opt/ros/jazzy/lib/nav2_smoother/smoother_server --ros-args --log-level info --ros-args -r __node:=smoother_server -p use_sim_time:=False --params-file /tmp/launch_params__90732i2 -r /tf:=tf -r /tf_static:=tf_static"
2026-09-12T22:00:04Z,27,"compAB_devref_singleton",316848,"planner_server",4.5,58620,27553,"/opt/ros/jazzy/lib/nav2_planner/planner_server --ros-args --log-level info --ros-args -r __node:=planner_server -p use_sim_time:=False --params-file /tmp/launch_params__90732i2 -r /tf:=tf -r /tf_static:=tf_static"
2026-09-12T22:00:04Z,27,"compAB_devref_singleton",316849,"route_server",4.1,52984,22786,"/opt/ros/jazzy/lib/nav2_route/route_server --ros-args --log-level info --ros-args -r __node:=route_server -p use_sim_time:=False --params-file /tmp/launch_params__90732i2 -r /tf:=tf -r /tf_static:=tf_static"
2026-09-12T22:00:04Z,27,"compAB_devref_singleton",316850,"behavior_server",4.6,54100,23983,"/opt/ros/jazzy/lib/nav2_behaviors/behavior_server --ros-args --log-level info --ros-args -r __node:=behavior_server -p use_sim_time:=False --params-file /tmp/launch_params__90732i2 -r /tf:=tf -r /tf_static:=tf_static -r cmd_vel:=cmd_vel_nav"
2026-09-12T22:00:04Z,27,"compAB_devref_singleton",316851,"bt_navigator",7.2,77676,48585,"/opt/ros/jazzy/lib/nav2_bt_navigator/bt_navigator --ros-args --log-level info --ros-args -r __node:=bt_navigator -p use_sim_time:=False --params-file /tmp/launch_params__90732i2 -r /tf:=tf -r /tf_static:=tf_static"
2026-09-12T22:00:04Z,27,"compAB_devref_singleton",316852,"waypoint_follow",3.5,46608,19316,"/opt/ros/jazzy/lib/nav2_waypoint_follower/waypoint_follower --ros-args --log-level info --ros-args -r __node:=waypoint_follower -p use_sim_time:=False --params-file /tmp/launch_params__90732i2 -r /tf:=tf -r /tf_static:=tf_static"
2026-09-12T22:00:04Z,27,"compAB_devref_singleton",316853,"velocity_smooth",3.5,39300,16129,"/opt/ros/jazzy/lib/nav2_velocity_smoother/velocity_smoother --ros-args --log-level info --ros-args -r __node:=velocity_smoother -p use_sim_time:=False --params-file /tmp/launch_params__90732i2 -r /tf:=tf -r /tf_static:=tf_static -r cmd_vel:=cmd_vel_nav"
2026-09-12T22:00:04Z,27,"compAB_devref_singleton",316854,"collision_monit",4.0,51896,21612,"/opt/ros/jazzy/lib/nav2_collision_monitor/collision_monitor --ros-args --log-level info --ros-args -r __node:=collision_monitor -p use_sim_time:=False --params-file /tmp/launch_params__90732i2 -r /tf:=tf -r /tf_static:=tf_static"
2026-09-12T22:00:04Z,27,"compAB_devref_singleton",316856,"lifecycle_manag",9.1,46672,20740,"/opt/ros/jazzy/lib/nav2_lifecycle_manager/lifecycle_manager --ros-args --log-level info --ros-args -r __node:=lifecycle_manager_navigation -p use_sim_time:=False --params-file /tmp/launch_params_0swl114y --params-file /tmp/launch_params_oxcye_37"
2026-09-12T22:00:04Z,27,"compAB_devref_singleton",317108,"bash",0.0,2464,587,"bash /cbab3/work/scripts/run_nav2_composition_ab.sh --label compAB_devref --duration 120"
2026-09-12T22:00:04Z,27,"compAB_devref_singleton",317109,"python3",9.0,84792,53808,"python3 /cbab3/work/scripts/nav_goal_sender.py --x 4.0 --y 4.0 --yaw 0.0 --repeat 0 --pause 1"
2026-09-12T22:00:04Z,27,"compAB_devref_singleton",317244,"bash",1.1,4432,1002,"bash /oomwoo/contributions/compute-benchmark/xbattlax/scripts/measure_ros_processes.sh --pattern python3|ros2|nav2|component_container|nav_goal_sender|amcl|map_server|planner|controller|behavior|bt_nav|smoother|waypoint --duration 110 --interval 2 --label compAB_devref_singleton --output /cbab3/work/scripts/../results/composition_ab/compAB_devref_singleton_20260912T215506Z.csv"
2026-09-12T22:00:06Z,28,"compAB_devref_singleton",232119,"python3",0.2,80320,51284,"/usr/bin/python3 -c from ros2cli.daemon.daemonize import main; main() --name ros2-daemon --ros-domain-id 0 --rmw-implementation rmw_fastrtps_cpp"
2026-09-12T22:00:06Z,28,"compAB_devref_singleton",299391,"bash",0.0,3864,933,"bash -c source /opt/ros/jazzy/setup.bash && bash /cbab3/work/scripts/run_nav2_composition_ab.sh --label compAB_devref --duration 120 2>&1"
2026-09-12T22:00:06Z,28,"compAB_devref_singleton",299404,"bash",0.0,4476,1275,"bash /cbab3/work/scripts/run_nav2_composition_ab.sh --label compAB_devref --duration 120"
2026-09-12T22:00:06Z,28,"compAB_devref_singleton",316823,"python3",5.6,78356,48638,"python3 /cbab3/work/scripts/synthetic_scan_publisher.py --duration 220 --loop-s 40 --hz 5.0"
2026-09-12T22:00:06Z,28,"compAB_devref_singleton",316839,"ros2",0.5,43576,30706,"/usr/bin/python3 /opt/ros/jazzy/bin/ros2 launch nav2_bringup bringup_launch.py map:=/cbab3/work/scripts/../results/composition_ab/compAB_nav2_map.yaml params_file:=/cbab3/work/scripts/nav2_params_bench.yaml use_sim_time:=False autostart:=True slam:=False use_composition:=False"
2026-09-12T22:00:06Z,28,"compAB_devref_singleton",316843,"map_server",3.4,49244,22922,"/opt/ros/jazzy/lib/nav2_map_server/map_server --ros-args --log-level info --ros-args -r __node:=map_server -p use_sim_time:=False --params-file /tmp/launch_params_8lqf7rgz --params-file /tmp/launch_params_xbz9z5ah -r /tf:=tf -r /tf_static:=tf_static"
2026-09-12T22:00:06Z,28,"compAB_devref_singleton",316844,"amcl",6.4,51184,22375,"/opt/ros/jazzy/lib/nav2_amcl/amcl --ros-args --log-level info --ros-args -r __node:=amcl -p use_sim_time:=False --params-file /tmp/launch_params_8lqf7rgz -r /tf:=tf -r /tf_static:=tf_static"
2026-09-12T22:00:06Z,28,"compAB_devref_singleton",316845,"lifecycle_manag",3.9,43064,16723,"/opt/ros/jazzy/lib/nav2_lifecycle_manager/lifecycle_manager --ros-args --log-level info --ros-args -r __node:=lifecycle_manager_localization -p use_sim_time:=False --params-file /tmp/launch_params_dosuoat0 --params-file /tmp/launch_params_bm1qwshx"
2026-09-12T22:00:06Z,28,"compAB_devref_singleton",316846,"controller_serv",10.6,71080,40020,"/opt/ros/jazzy/lib/nav2_controller/controller_server --ros-args --log-level info --ros-args -p use_sim_time:=False --params-file /tmp/launch_params__90732i2 -r /tf:=tf -r /tf_static:=tf_static -r cmd_vel:=cmd_vel_nav"
2026-09-12T22:00:06Z,28,"compAB_devref_singleton",316847,"smoother_server",4.1,48960,19647,"/opt/ros/jazzy/lib/nav2_smoother/smoother_server --ros-args --log-level info --ros-args -r __node:=smoother_server -p use_sim_time:=False --params-file /tmp/launch_params__90732i2 -r /tf:=tf -r /tf_static:=tf_static"
2026-09-12T22:00:06Z,28,"compAB_devref_singleton",316848,"planner_server",4.5,58640,27573,"/opt/ros/jazzy/lib/nav2_planner/planner_server --ros-args --log-level info --ros-args -r __node:=planner_server -p use_sim_time:=False --params-file /tmp/launch_params__90732i2 -r /tf:=tf -r /tf_static:=tf_static"
2026-09-12T22:00:06Z,28,"compAB_devref_singleton",316849,"route_server",4.1,52984,22786,"/opt/ros/jazzy/lib/nav2_route/route_server --ros-args --log-level info --ros-args -r __node:=route_server -p use_sim_time:=False --params-file /tmp/launch_params__90732i2 -r /tf:=tf -r /tf_static:=tf_static"
2026-09-12T22:00:06Z,28,"compAB_devref_singleton",316850,"behavior_server",4.6,54096,23979,"/opt/ros/jazzy/lib/nav2_behaviors/behavior_server --ros-args --log-level info --ros-args -r __node:=behavior_server -p use_sim_time:=False --params-file /tmp/launch_params__90732i2 -r /tf:=tf -r /tf_static:=tf_static -r cmd_vel:=cmd_vel_nav"
2026-09-12T22:00:06Z,28,"compAB_devref_singleton",316851,"bt_navigator",7.2,77676,48584,"/opt/ros/jazzy/lib/nav2_bt_navigator/bt_navigator --ros-args --log-level info --ros-args -r __node:=bt_navigator -p use_sim_time:=False --params-file /tmp/launch_params__90732i2 -r /tf:=tf -r /tf_static:=tf_static"
2026-09-12T22:00:06Z,28,"compAB_devref_singleton",316852,"waypoint_follow",3.5,46608,19316,"/opt/ros/jazzy/lib/nav2_waypoint_follower/waypoint_follower --ros-args --log-level info --ros-args -r __node:=waypoint_follower -p use_sim_time:=False --params-file /tmp/launch_params__90732i2 -r /tf:=tf -r /tf_static:=tf_static"
2026-09-12T22:00:06Z,28,"compAB_devref_singleton",316853,"velocity_smooth",3.5,39300,16129,"/opt/ros/jazzy/lib/nav2_velocity_smoother/velocity_smoother --ros-args --log-level info --ros-args -r __node:=velocity_smoother -p use_sim_time:=False --params-file /tmp/launch_params__90732i2 -r /tf:=tf -r /tf_static:=tf_static -r cmd_vel:=cmd_vel_nav"
2026-09-12T22:00:06Z,28,"compAB_devref_singleton",316854,"collision_monit",4.1,51896,21611,"/opt/ros/jazzy/lib/nav2_collision_monitor/collision_monitor --ros-args --log-level info --ros-args -r __node:=collision_monitor -p use_sim_time:=False --params-file /tmp/launch_params__90732i2 -r /tf:=tf -r /tf_static:=tf_static"
2026-09-12T22:00:06Z,28,"compAB_devref_singleton",316856,"lifecycle_manag",9.1,46672,20740,"/opt/ros/jazzy/lib/nav2_lifecycle_manager/lifecycle_manager --ros-args --log-level info --ros-args -r __node:=lifecycle_manager_navigation -p use_sim_time:=False --params-file /tmp/launch_params_0swl114y --params-file /tmp/launch_params_oxcye_37"
2026-09-12T22:00:06Z,28,"compAB_devref_singleton",317108,"bash",0.0,2464,586,"bash /cbab3/work/scripts/run_nav2_composition_ab.sh --label compAB_devref --duration 120"
2026-09-12T22:00:06Z,28,"compAB_devref_singleton",317109,"python3",9.1,84792,53806,"python3 /cbab3/work/scripts/nav_goal_sender.py --x 4.0 --y 4.0 --yaw 0.0 --repeat 0 --pause 1"
2026-09-12T22:00:06Z,28,"compAB_devref_singleton",317244,"bash",1.1,4432,978,"bash /oomwoo/contributions/compute-benchmark/xbattlax/scripts/measure_ros_processes.sh --pattern python3|ros2|nav2|component_container|nav_goal_sender|amcl|map_server|planner|controller|behavior|bt_nav|smoother|waypoint --duration 110 --interval 2 --label compAB_devref_singleton --output /cbab3/work/scripts/../results/composition_ab/compAB_devref_singleton_20260912T215506Z.csv"
2026-09-12T22:00:09Z,29,"compAB_devref_singleton",232119,"python3",0.2,80320,51285,"/usr/bin/python3 -c from ros2cli.daemon.daemonize import main; main() --name ros2-daemon --ros-domain-id 0 --rmw-implementation rmw_fastrtps_cpp"
2026-09-12T22:00:09Z,29,"compAB_devref_singleton",299391,"bash",0.0,3864,934,"bash -c source /opt/ros/jazzy/setup.bash && bash /cbab3/work/scripts/run_nav2_composition_ab.sh --label compAB_devref --duration 120 2>&1"
2026-09-12T22:00:09Z,29,"compAB_devref_singleton",299404,"bash",0.0,4476,1271,"bash /cbab3/work/scripts/run_nav2_composition_ab.sh --label compAB_devref --duration 120"
2026-09-12T22:00:09Z,29,"compAB_devref_singleton",316823,"python3",5.6,78356,48639,"python3 /cbab3/work/scripts/synthetic_scan_publisher.py --duration 220 --loop-s 40 --hz 5.0"
2026-09-12T22:00:09Z,29,"compAB_devref_singleton",316839,"ros2",0.5,43576,30705,"/usr/bin/python3 /opt/ros/jazzy/bin/ros2 launch nav2_bringup bringup_launch.py map:=/cbab3/work/scripts/../results/composition_ab/compAB_nav2_map.yaml params_file:=/cbab3/work/scripts/nav2_params_bench.yaml use_sim_time:=False autostart:=True slam:=False use_composition:=False"
2026-09-12T22:00:09Z,29,"compAB_devref_singleton",316843,"map_server",3.4,49244,22922,"/opt/ros/jazzy/lib/nav2_map_server/map_server --ros-args --log-level info --ros-args -r __node:=map_server -p use_sim_time:=False --params-file /tmp/launch_params_8lqf7rgz --params-file /tmp/launch_params_xbz9z5ah -r /tf:=tf -r /tf_static:=tf_static"
2026-09-12T22:00:09Z,29,"compAB_devref_singleton",316844,"amcl",6.4,51184,22375,"/opt/ros/jazzy/lib/nav2_amcl/amcl --ros-args --log-level info --ros-args -r __node:=amcl -p use_sim_time:=False --params-file /tmp/launch_params_8lqf7rgz -r /tf:=tf -r /tf_static:=tf_static"
2026-09-12T22:00:09Z,29,"compAB_devref_singleton",316845,"lifecycle_manag",3.8,43064,16723,"/opt/ros/jazzy/lib/nav2_lifecycle_manager/lifecycle_manager --ros-args --log-level info --ros-args -r __node:=lifecycle_manager_localization -p use_sim_time:=False --params-file /tmp/launch_params_dosuoat0 --params-file /tmp/launch_params_bm1qwshx"
2026-09-12T22:00:09Z,29,"compAB_devref_singleton",316846,"controller_serv",10.9,71104,40044,"/opt/ros/jazzy/lib/nav2_controller/controller_server --ros-args --log-level info --ros-args -p use_sim_time:=False --params-file /tmp/launch_params__90732i2 -r /tf:=tf -r /tf_static:=tf_static -r cmd_vel:=cmd_vel_nav"
2026-09-12T22:00:09Z,29,"compAB_devref_singleton",316847,"smoother_server",4.1,48960,19647,"/opt/ros/jazzy/lib/nav2_smoother/smoother_server --ros-args --log-level info --ros-args -r __node:=smoother_server -p use_sim_time:=False --params-file /tmp/launch_params__90732i2 -r /tf:=tf -r /tf_static:=tf_static"
2026-09-12T22:00:09Z,29,"compAB_devref_singleton",316848,"planner_server",4.5,58640,27573,"/opt/ros/jazzy/lib/nav2_planner/planner_server --ros-args --log-level info --ros-args -r __node:=planner_server -p use_sim_time:=False --params-file /tmp/launch_params__90732i2 -r /tf:=tf -r /tf_static:=tf_static"
2026-09-12T22:00:09Z,29,"compAB_devref_singleton",316849,"route_server",4.1,52984,22786,"/opt/ros/jazzy/lib/nav2_route/route_server --ros-args --log-level info --ros-args -r __node:=route_server -p use_sim_time:=False --params-file /tmp/launch_params__90732i2 -r /tf:=tf -r /tf_static:=tf_static"
2026-09-12T22:00:09Z,29,"compAB_devref_singleton",316850,"behavior_server",4.6,54096,23979,"/opt/ros/jazzy/lib/nav2_behaviors/behavior_server --ros-args --log-level info --ros-args -r __node:=behavior_server -p use_sim_time:=False --params-file /tmp/launch_params__90732i2 -r /tf:=tf -r /tf_static:=tf_static -r cmd_vel:=cmd_vel_nav"
2026-09-12T22:00:09Z,29,"compAB_devref_singleton",316851,"bt_navigator",7.2,77676,48584,"/opt/ros/jazzy/lib/nav2_bt_navigator/bt_navigator --ros-args --log-level info --ros-args -r __node:=bt_navigator -p use_sim_time:=False --params-file /tmp/launch_params__90732i2 -r /tf:=tf -r /tf_static:=tf_static"
2026-09-12T22:00:09Z,29,"compAB_devref_singleton",316852,"waypoint_follow",3.5,46608,19316,"/opt/ros/jazzy/lib/nav2_waypoint_follower/waypoint_follower --ros-args --log-level info --ros-args -r __node:=waypoint_follower -p use_sim_time:=False --params-file /tmp/launch_params__90732i2 -r /tf:=tf -r /tf_static:=tf_static"
2026-09-12T22:00:09Z,29,"compAB_devref_singleton",316853,"velocity_smooth",3.5,39300,16129,"/opt/ros/jazzy/lib/nav2_velocity_smoother/velocity_smoother --ros-args --log-level info --ros-args -r __node:=velocity_smoother -p use_sim_time:=False --params-file /tmp/launch_params__90732i2 -r /tf:=tf -r /tf_static:=tf_static -r cmd_vel:=cmd_vel_nav"
2026-09-12T22:00:09Z,29,"compAB_devref_singleton",316854,"collision_monit",4.1,51896,21612,"/opt/ros/jazzy/lib/nav2_collision_monitor/collision_monitor --ros-args --log-level info --ros-args -r __node:=collision_monitor -p use_sim_time:=False --params-file /tmp/launch_params__90732i2 -r /tf:=tf -r /tf_static:=tf_static"
2026-09-12T22:00:09Z,29,"compAB_devref_singleton",316856,"lifecycle_manag",9.1,46672,20740,"/opt/ros/jazzy/lib/nav2_lifecycle_manager/lifecycle_manager --ros-args --log-level info --ros-args -r __node:=lifecycle_manager_navigation -p use_sim_time:=False --params-file /tmp/launch_params_0swl114y --params-file /tmp/launch_params_oxcye_37"
2026-09-12T22:00:09Z,29,"compAB_devref_singleton",317108,"bash",0.0,2464,586,"bash /cbab3/work/scripts/run_nav2_composition_ab.sh --label compAB_devref --duration 120"
2026-09-12T22:00:09Z,29,"compAB_devref_singleton",317109,"python3",9.2,84792,53808,"python3 /cbab3/work/scripts/nav_goal_sender.py --x 4.0 --y 4.0 --yaw 0.0 --repeat 0 --pause 1"
2026-09-12T22:00:09Z,29,"compAB_devref_singleton",317244,"bash",1.1,4432,1000,"bash /oomwoo/contributions/compute-benchmark/xbattlax/scripts/measure_ros_processes.sh --pattern python3|ros2|nav2|component_container|nav_goal_sender|amcl|map_server|planner|controller|behavior|bt_nav|smoother|waypoint --duration 110 --interval 2 --label compAB_devref_singleton --output /cbab3/work/scripts/../results/composition_ab/compAB_devref_singleton_20260912T215506Z.csv"
2026-09-12T22:00:12Z,30,"compAB_devref_singleton",232119,"python3",0.2,80320,51284,"/usr/bin/python3 -c from ros2cli.daemon.daemonize import main; main() --name ros2-daemon --ros-domain-id 0 --rmw-implementation rmw_fastrtps_cpp"
2026-09-12T22:00:12Z,30,"compAB_devref_singleton",299391,"bash",0.0,3864,933,"bash -c source /opt/ros/jazzy/setup.bash && bash /cbab3/work/scripts/run_nav2_composition_ab.sh --label compAB_devref --duration 120 2>&1"
2026-09-12T22:00:12Z,30,"compAB_devref_singleton",299404,"bash",0.0,4476,1272,"bash /cbab3/work/scripts/run_nav2_composition_ab.sh --label compAB_devref --duration 120"
2026-09-12T22:00:12Z,30,"compAB_devref_singleton",316823,"python3",5.6,78356,48632,"python3 /cbab3/work/scripts/synthetic_scan_publisher.py --duration 220 --loop-s 40 --hz 5.0"
2026-09-12T22:00:12Z,30,"compAB_devref_singleton",316839,"ros2",0.5,43576,30706,"/usr/bin/python3 /opt/ros/jazzy/bin/ros2 launch nav2_bringup bringup_launch.py map:=/cbab3/work/scripts/../results/composition_ab/compAB_nav2_map.yaml params_file:=/cbab3/work/scripts/nav2_params_bench.yaml use_sim_time:=False autostart:=True slam:=False use_composition:=False"
2026-09-12T22:00:12Z,30,"compAB_devref_singleton",316843,"map_server",3.4,49244,22922,"/opt/ros/jazzy/lib/nav2_map_server/map_server --ros-args --log-level info --ros-args -r __node:=map_server -p use_sim_time:=False --params-file /tmp/launch_params_8lqf7rgz --params-file /tmp/launch_params_xbz9z5ah -r /tf:=tf -r /tf_static:=tf_static"
2026-09-12T22:00:12Z,30,"compAB_devref_singleton",316844,"amcl",6.4,51188,22379,"/opt/ros/jazzy/lib/nav2_amcl/amcl --ros-args --log-level info --ros-args -r __node:=amcl -p use_sim_time:=False --params-file /tmp/launch_params_8lqf7rgz -r /tf:=tf -r /tf_static:=tf_static"
2026-09-12T22:00:12Z,30,"compAB_devref_singleton",316845,"lifecycle_manag",3.8,43064,16722,"/opt/ros/jazzy/lib/nav2_lifecycle_manager/lifecycle_manager --ros-args --log-level info --ros-args -r __node:=lifecycle_manager_localization -p use_sim_time:=False --params-file /tmp/launch_params_dosuoat0 --params-file /tmp/launch_params_bm1qwshx"
2026-09-12T22:00:12Z,30,"compAB_devref_singleton",316846,"controller_serv",11.2,71104,40044,"/opt/ros/jazzy/lib/nav2_controller/controller_server --ros-args --log-level info --ros-args -p use_sim_time:=False --params-file /tmp/launch_params__90732i2 -r /tf:=tf -r /tf_static:=tf_static -r cmd_vel:=cmd_vel_nav"
2026-09-12T22:00:12Z,30,"compAB_devref_singleton",316847,"smoother_server",4.1,48960,19647,"/opt/ros/jazzy/lib/nav2_smoother/smoother_server --ros-args --log-level info --ros-args -r __node:=smoother_server -p use_sim_time:=False --params-file /tmp/launch_params__90732i2 -r /tf:=tf -r /tf_static:=tf_static"
2026-09-12T22:00:12Z,30,"compAB_devref_singleton",316848,"planner_server",4.5,58640,27573,"/opt/ros/jazzy/lib/nav2_planner/planner_server --ros-args --log-level info --ros-args -r __node:=planner_server -p use_sim_time:=False --params-file /tmp/launch_params__90732i2 -r /tf:=tf -r /tf_static:=tf_static"
2026-09-12T22:00:12Z,30,"compAB_devref_singleton",316849,"route_server",4.1,52984,22786,"/opt/ros/jazzy/lib/nav2_route/route_server --ros-args --log-level info --ros-args -r __node:=route_server -p use_sim_time:=False --params-file /tmp/launch_params__90732i2 -r /tf:=tf -r /tf_static:=tf_static"
2026-09-12T22:00:12Z,30,"compAB_devref_singleton",316850,"behavior_server",4.6,54096,23979,"/opt/ros/jazzy/lib/nav2_behaviors/behavior_server --ros-args --log-level info --ros-args -r __node:=behavior_server -p use_sim_time:=False --params-file /tmp/launch_params__90732i2 -r /tf:=tf -r /tf_static:=tf_static -r cmd_vel:=cmd_vel_nav"
2026-09-12T22:00:12Z,30,"compAB_devref_singleton",316851,"bt_navigator",7.2,77676,48584,"/opt/ros/jazzy/lib/nav2_bt_navigator/bt_navigator --ros-args --log-level info --ros-args -r __node:=bt_navigator -p use_sim_time:=False --params-file /tmp/launch_params__90732i2 -r /tf:=tf -r /tf_static:=tf_static"
2026-09-12T22:00:12Z,30,"compAB_devref_singleton",316852,"waypoint_follow",3.5,46608,19316,"/opt/ros/jazzy/lib/nav2_waypoint_follower/waypoint_follower --ros-args --log-level info --ros-args -r __node:=waypoint_follower -p use_sim_time:=False --params-file /tmp/launch_params__90732i2 -r /tf:=tf -r /tf_static:=tf_static"
2026-09-12T22:00:12Z,30,"compAB_devref_singleton",316853,"velocity_smooth",3.5,39300,16129,"/opt/ros/jazzy/lib/nav2_velocity_smoother/velocity_smoother --ros-args --log-level info --ros-args -r __node:=velocity_smoother -p use_sim_time:=False --params-file /tmp/launch_params__90732i2 -r /tf:=tf -r /tf_static:=tf_static -r cmd_vel:=cmd_vel_nav"
2026-09-12T22:00:12Z,30,"compAB_devref_singleton",316854,"collision_monit",4.1,51896,21612,"/opt/ros/jazzy/lib/nav2_collision_monitor/collision_monitor --ros-args --log-level info --ros-args -r __node:=collision_monitor -p use_sim_time:=False --params-file /tmp/launch_params__90732i2 -r /tf:=tf -r /tf_static:=tf_static"
2026-09-12T22:00:12Z,30,"compAB_devref_singleton",316856,"lifecycle_manag",9.1,46672,20740,"/opt/ros/jazzy/lib/nav2_lifecycle_manager/lifecycle_manager --ros-args --log-level info --ros-args -r __node:=lifecycle_manager_navigation -p use_sim_time:=False --params-file /tmp/launch_params_0swl114y --params-file /tmp/launch_params_oxcye_37"
2026-09-12T22:00:12Z,30,"compAB_devref_singleton",317108,"bash",0.0,2464,586,"bash /cbab3/work/scripts/run_nav2_composition_ab.sh --label compAB_devref --duration 120"
2026-09-12T22:00:12Z,30,"compAB_devref_singleton",317109,"python3",9.3,84792,53808,"python3 /cbab3/work/scripts/nav_goal_sender.py --x 4.0 --y 4.0 --yaw 0.0 --repeat 0 --pause 1"
2026-09-12T22:00:12Z,30,"compAB_devref_singleton",317244,"bash",1.1,4432,1004,"bash /oomwoo/contributions/compute-benchmark/xbattlax/scripts/measure_ros_processes.sh --pattern python3|ros2|nav2|component_container|nav_goal_sender|amcl|map_server|planner|controller|behavior|bt_nav|smoother|waypoint --duration 110 --interval 2 --label compAB_devref_singleton --output /cbab3/work/scripts/../results/composition_ab/compAB_devref_singleton_20260912T215506Z.csv"
2026-09-12T22:00:15Z,31,"compAB_devref_singleton",232119,"python3",0.2,80320,51285,"/usr/bin/python3 -c from ros2cli.daemon.daemonize import main; main() --name ros2-daemon --ros-domain-id 0 --rmw-implementation rmw_fastrtps_cpp"
2026-09-12T22:00:15Z,31,"compAB_devref_singleton",299391,"bash",0.0,3864,934,"bash -c source /opt/ros/jazzy/setup.bash && bash /cbab3/work/scripts/run_nav2_composition_ab.sh --label compAB_devref --duration 120 2>&1"
2026-09-12T22:00:15Z,31,"compAB_devref_singleton",299404,"bash",0.0,4476,1272,"bash /cbab3/work/scripts/run_nav2_composition_ab.sh --label compAB_devref --duration 120"
2026-09-12T22:00:15Z,31,"compAB_devref_singleton",316823,"python3",5.6,78356,48638,"python3 /cbab3/work/scripts/synthetic_scan_publisher.py --duration 220 --loop-s 40 --hz 5.0"
2026-09-12T22:00:15Z,31,"compAB_devref_singleton",316839,"ros2",0.5,43576,30706,"/usr/bin/python3 /opt/ros/jazzy/bin/ros2 launch nav2_bringup bringup_launch.py map:=/cbab3/work/scripts/../results/composition_ab/compAB_nav2_map.yaml params_file:=/cbab3/work/scripts/nav2_params_bench.yaml use_sim_time:=False autostart:=True slam:=False use_composition:=False"
2026-09-12T22:00:15Z,31,"compAB_devref_singleton",316843,"map_server",3.4,49244,22922,"/opt/ros/jazzy/lib/nav2_map_server/map_server --ros-args --log-level info --ros-args -r __node:=map_server -p use_sim_time:=False --params-file /tmp/launch_params_8lqf7rgz --params-file /tmp/launch_params_xbz9z5ah -r /tf:=tf -r /tf_static:=tf_static"
2026-09-12T22:00:15Z,31,"compAB_devref_singleton",316844,"amcl",6.4,51188,22379,"/opt/ros/jazzy/lib/nav2_amcl/amcl --ros-args --log-level info --ros-args -r __node:=amcl -p use_sim_time:=False --params-file /tmp/launch_params_8lqf7rgz -r /tf:=tf -r /tf_static:=tf_static"
2026-09-12T22:00:15Z,31,"compAB_devref_singleton",316845,"lifecycle_manag",3.8,43064,16722,"/opt/ros/jazzy/lib/nav2_lifecycle_manager/lifecycle_manager --ros-args --log-level info --ros-args -r __node:=lifecycle_manager_localization -p use_sim_time:=False --params-file /tmp/launch_params_dosuoat0 --params-file /tmp/launch_params_bm1qwshx"
2026-09-12T22:00:15Z,31,"compAB_devref_singleton",316846,"controller_serv",11.3,68952,37892,"/opt/ros/jazzy/lib/nav2_controller/controller_server --ros-args --log-level info --ros-args -p use_sim_time:=False --params-file /tmp/launch_params__90732i2 -r /tf:=tf -r /tf_static:=tf_static -r cmd_vel:=cmd_vel_nav"
2026-09-12T22:00:15Z,31,"compAB_devref_singleton",316847,"smoother_server",4.1,48960,19647,"/opt/ros/jazzy/lib/nav2_smoother/smoother_server --ros-args --log-level info --ros-args -r __node:=smoother_server -p use_sim_time:=False --params-file /tmp/launch_params__90732i2 -r /tf:=tf -r /tf_static:=tf_static"
2026-09-12T22:00:15Z,31,"compAB_devref_singleton",316848,"planner_server",4.4,58640,27573,"/opt/ros/jazzy/lib/nav2_planner/planner_server --ros-args --log-level info --ros-args -r __node:=planner_server -p use_sim_time:=False --params-file /tmp/launch_params__90732i2 -r /tf:=tf -r /tf_static:=tf_static"
2026-09-12T22:00:15Z,31,"compAB_devref_singleton",316849,"route_server",4.1,52984,22786,"/opt/ros/jazzy/lib/nav2_route/route_server --ros-args --log-level info --ros-args -r __node:=route_server -p use_sim_time:=False --params-file /tmp/launch_params__90732i2 -r /tf:=tf -r /tf_static:=tf_static"
2026-09-12T22:00:15Z,31,"compAB_devref_singleton",316850,"behavior_server",4.6,54096,23979,"/opt/ros/jazzy/lib/nav2_behaviors/behavior_server --ros-args --log-level info --ros-args -r __node:=behavior_server -p use_sim_time:=False --params-file /tmp/launch_params__90732i2 -r /tf:=tf -r /tf_static:=tf_static -r cmd_vel:=cmd_vel_nav"
2026-09-12T22:00:15Z,31,"compAB_devref_singleton",316851,"bt_navigator",7.2,77676,48585,"/opt/ros/jazzy/lib/nav2_bt_navigator/bt_navigator --ros-args --log-level info --ros-args -r __node:=bt_navigator -p use_sim_time:=False --params-file /tmp/launch_params__90732i2 -r /tf:=tf -r /tf_static:=tf_static"
2026-09-12T22:00:15Z,31,"compAB_devref_singleton",316852,"waypoint_follow",3.5,46608,19316,"/opt/ros/jazzy/lib/nav2_waypoint_follower/waypoint_follower --ros-args --log-level info --ros-args -r __node:=waypoint_follower -p use_sim_time:=False --params-file /tmp/launch_params__90732i2 -r /tf:=tf -r /tf_static:=tf_static"
2026-09-12T22:00:15Z,31,"compAB_devref_singleton",316853,"velocity_smooth",3.5,39300,16129,"/opt/ros/jazzy/lib/nav2_velocity_smoother/velocity_smoother --ros-args --log-level info --ros-args -r __node:=velocity_smoother -p use_sim_time:=False --params-file /tmp/launch_params__90732i2 -r /tf:=tf -r /tf_static:=tf_static -r cmd_vel:=cmd_vel_nav"
2026-09-12T22:00:15Z,31,"compAB_devref_singleton",316854,"collision_monit",4.1,51896,21612,"/opt/ros/jazzy/lib/nav2_collision_monitor/collision_monitor --ros-args --log-level info --ros-args -r __node:=collision_monitor -p use_sim_time:=False --params-file /tmp/launch_params__90732i2 -r /tf:=tf -r /tf_static:=tf_static"
2026-09-12T22:00:15Z,31,"compAB_devref_singleton",316856,"lifecycle_manag",9.1,46672,20740,"/opt/ros/jazzy/lib/nav2_lifecycle_manager/lifecycle_manager --ros-args --log-level info --ros-args -r __node:=lifecycle_manager_navigation -p use_sim_time:=False --params-file /tmp/launch_params_0swl114y --params-file /tmp/launch_params_oxcye_37"
2026-09-12T22:00:15Z,31,"compAB_devref_singleton",317108,"bash",0.0,2464,587,"bash /cbab3/work/scripts/run_nav2_composition_ab.sh --label compAB_devref --duration 120"
2026-09-12T22:00:15Z,31,"compAB_devref_singleton",317109,"python3",9.2,84796,53813,"python3 /cbab3/work/scripts/nav_goal_sender.py --x 4.0 --y 4.0 --yaw 0.0 --repeat 0 --pause 1"
2026-09-12T22:00:15Z,31,"compAB_devref_singleton",317244,"bash",1.1,4436,1008,"bash /oomwoo/contributions/compute-benchmark/xbattlax/scripts/measure_ros_processes.sh --pattern python3|ros2|nav2|component_container|nav_goal_sender|amcl|map_server|planner|controller|behavior|bt_nav|smoother|waypoint --duration 110 --interval 2 --label compAB_devref_singleton --output /cbab3/work/scripts/../results/composition_ab/compAB_devref_singleton_20260912T215506Z.csv"
2026-09-12T22:00:17Z,32,"compAB_devref_singleton",232119,"python3",0.2,80320,51284,"/usr/bin/python3 -c from ros2cli.daemon.daemonize import main; main() --name ros2-daemon --ros-domain-id 0 --rmw-implementation rmw_fastrtps_cpp"
2026-09-12T22:00:17Z,32,"compAB_devref_singleton",299391,"bash",0.0,3864,933,"bash -c source /opt/ros/jazzy/setup.bash && bash /cbab3/work/scripts/run_nav2_composition_ab.sh --label compAB_devref --duration 120 2>&1"
2026-09-12T22:00:17Z,32,"compAB_devref_singleton",299404,"bash",0.0,4476,1274,"bash /cbab3/work/scripts/run_nav2_composition_ab.sh --label compAB_devref --duration 120"
2026-09-12T22:00:17Z,32,"compAB_devref_singleton",316823,"python3",5.6,78356,48638,"python3 /cbab3/work/scripts/synthetic_scan_publisher.py --duration 220 --loop-s 40 --hz 5.0"
2026-09-12T22:00:17Z,32,"compAB_devref_singleton",316839,"ros2",0.4,43576,30706,"/usr/bin/python3 /opt/ros/jazzy/bin/ros2 launch nav2_bringup bringup_launch.py map:=/cbab3/work/scripts/../results/composition_ab/compAB_nav2_map.yaml params_file:=/cbab3/work/scripts/nav2_params_bench.yaml use_sim_time:=False autostart:=True slam:=False use_composition:=False"
2026-09-12T22:00:17Z,32,"compAB_devref_singleton",316843,"map_server",3.4,49244,22922,"/opt/ros/jazzy/lib/nav2_map_server/map_server --ros-args --log-level info --ros-args -r __node:=map_server -p use_sim_time:=False --params-file /tmp/launch_params_8lqf7rgz --params-file /tmp/launch_params_xbz9z5ah -r /tf:=tf -r /tf_static:=tf_static"
2026-09-12T22:00:17Z,32,"compAB_devref_singleton",316844,"amcl",6.4,51188,22379,"/opt/ros/jazzy/lib/nav2_amcl/amcl --ros-args --log-level info --ros-args -r __node:=amcl -p use_sim_time:=False --params-file /tmp/launch_params_8lqf7rgz -r /tf:=tf -r /tf_static:=tf_static"
2026-09-12T22:00:17Z,32,"compAB_devref_singleton",316845,"lifecycle_manag",3.8,43064,16723,"/opt/ros/jazzy/lib/nav2_lifecycle_manager/lifecycle_manager --ros-args --log-level info --ros-args -r __node:=lifecycle_manager_localization -p use_sim_time:=False --params-file /tmp/launch_params_dosuoat0 --params-file /tmp/launch_params_bm1qwshx"
2026-09-12T22:00:17Z,32,"compAB_devref_singleton",316846,"controller_serv",11.5,69512,38452,"/opt/ros/jazzy/lib/nav2_controller/controller_server --ros-args --log-level info --ros-args -p use_sim_time:=False --params-file /tmp/launch_params__90732i2 -r /tf:=tf -r /tf_static:=tf_static -r cmd_vel:=cmd_vel_nav"
2026-09-12T22:00:17Z,32,"compAB_devref_singleton",316847,"smoother_server",4.1,48960,19647,"/opt/ros/jazzy/lib/nav2_smoother/smoother_server --ros-args --log-level info --ros-args -r __node:=smoother_server -p use_sim_time:=False --params-file /tmp/launch_params__90732i2 -r /tf:=tf -r /tf_static:=tf_static"
2026-09-12T22:00:17Z,32,"compAB_devref_singleton",316848,"planner_server",4.4,58640,27573,"/opt/ros/jazzy/lib/nav2_planner/planner_server --ros-args --log-level info --ros-args -r __node:=planner_server -p use_sim_time:=False --params-file /tmp/launch_params__90732i2 -r /tf:=tf -r /tf_static:=tf_static"
2026-09-12T22:00:17Z,32,"compAB_devref_singleton",316849,"route_server",4.0,52984,22786,"/opt/ros/jazzy/lib/nav2_route/route_server --ros-args --log-level info --ros-args -r __node:=route_server -p use_sim_time:=False --params-file /tmp/launch_params__90732i2 -r /tf:=tf -r /tf_static:=tf_static"
2026-09-12T22:00:17Z,32,"compAB_devref_singleton",316850,"behavior_server",4.6,54096,23979,"/opt/ros/jazzy/lib/nav2_behaviors/behavior_server --ros-args --log-level info --ros-args -r __node:=behavior_server -p use_sim_time:=False --params-file /tmp/launch_params__90732i2 -r /tf:=tf -r /tf_static:=tf_static -r cmd_vel:=cmd_vel_nav"
2026-09-12T22:00:17Z,32,"compAB_devref_singleton",316851,"bt_navigator",7.2,77676,48584,"/opt/ros/jazzy/lib/nav2_bt_navigator/bt_navigator --ros-args --log-level info --ros-args -r __node:=bt_navigator -p use_sim_time:=False --params-file /tmp/launch_params__90732i2 -r /tf:=tf -r /tf_static:=tf_static"
2026-09-12T22:00:17Z,32,"compAB_devref_singleton",316852,"waypoint_follow",3.5,46608,19316,"/opt/ros/jazzy/lib/nav2_waypoint_follower/waypoint_follower --ros-args --log-level info --ros-args -r __node:=waypoint_follower -p use_sim_time:=False --params-file /tmp/launch_params__90732i2 -r /tf:=tf -r /tf_static:=tf_static"
2026-09-12T22:00:17Z,32,"compAB_devref_singleton",316853,"velocity_smooth",3.5,39300,16129,"/opt/ros/jazzy/lib/nav2_velocity_smoother/velocity_smoother --ros-args --log-level info --ros-args -r __node:=velocity_smoother -p use_sim_time:=False --params-file /tmp/launch_params__90732i2 -r /tf:=tf -r /tf_static:=tf_static -r cmd_vel:=cmd_vel_nav"
2026-09-12T22:00:17Z,32,"compAB_devref_singleton",316854,"collision_monit",4.1,51896,21612,"/opt/ros/jazzy/lib/nav2_collision_monitor/collision_monitor --ros-args --log-level info --ros-args -r __node:=collision_monitor -p use_sim_time:=False --params-file /tmp/launch_params__90732i2 -r /tf:=tf -r /tf_static:=tf_static"
2026-09-12T22:00:17Z,32,"compAB_devref_singleton",316856,"lifecycle_manag",9.1,46672,20740,"/opt/ros/jazzy/lib/nav2_lifecycle_manager/lifecycle_manager --ros-args --log-level info --ros-args -r __node:=lifecycle_manager_navigation -p use_sim_time:=False --params-file /tmp/launch_params_0swl114y --params-file /tmp/launch_params_oxcye_37"
2026-09-12T22:00:17Z,32,"compAB_devref_singleton",317108,"bash",0.0,2464,586,"bash /cbab3/work/scripts/run_nav2_composition_ab.sh --label compAB_devref --duration 120"
2026-09-12T22:00:17Z,32,"compAB_devref_singleton",317109,"python3",9.2,84800,53814,"python3 /cbab3/work/scripts/nav_goal_sender.py --x 4.0 --y 4.0 --yaw 0.0 --repeat 0 --pause 1"
2026-09-12T22:00:17Z,32,"compAB_devref_singleton",317244,"bash",1.1,4436,1009,"bash /oomwoo/contributions/compute-benchmark/xbattlax/scripts/measure_ros_processes.sh --pattern python3|ros2|nav2|component_container|nav_goal_sender|amcl|map_server|planner|controller|behavior|bt_nav|smoother|waypoint --duration 110 --interval 2 --label compAB_devref_singleton --output /cbab3/work/scripts/../results/composition_ab/compAB_devref_singleton_20260912T215506Z.csv"
2026-09-12T22:00:20Z,33,"compAB_devref_singleton",232119,"python3",0.2,80320,51285,"/usr/bin/python3 -c from ros2cli.daemon.daemonize import main; main() --name ros2-daemon --ros-domain-id 0 --rmw-implementation rmw_fastrtps_cpp"
2026-09-12T22:00:20Z,33,"compAB_devref_singleton",299391,"bash",0.0,3864,933,"bash -c source /opt/ros/jazzy/setup.bash && bash /cbab3/work/scripts/run_nav2_composition_ab.sh --label compAB_devref --duration 120 2>&1"
2026-09-12T22:00:20Z,33,"compAB_devref_singleton",299404,"bash",0.0,4476,1273,"bash /cbab3/work/scripts/run_nav2_composition_ab.sh --label compAB_devref --duration 120"
2026-09-12T22:00:20Z,33,"compAB_devref_singleton",316823,"python3",5.6,78356,48637,"python3 /cbab3/work/scripts/synthetic_scan_publisher.py --duration 220 --loop-s 40 --hz 5.0"
2026-09-12T22:00:20Z,33,"compAB_devref_singleton",316839,"ros2",0.4,43576,30705,"/usr/bin/python3 /opt/ros/jazzy/bin/ros2 launch nav2_bringup bringup_launch.py map:=/cbab3/work/scripts/../results/composition_ab/compAB_nav2_map.yaml params_file:=/cbab3/work/scripts/nav2_params_bench.yaml use_sim_time:=False autostart:=True slam:=False use_composition:=False"
2026-09-12T22:00:20Z,33,"compAB_devref_singleton",316843,"map_server",3.4,49244,22923,"/opt/ros/jazzy/lib/nav2_map_server/map_server --ros-args --log-level info --ros-args -r __node:=map_server -p use_sim_time:=False --params-file /tmp/launch_params_8lqf7rgz --params-file /tmp/launch_params_xbz9z5ah -r /tf:=tf -r /tf_static:=tf_static"
2026-09-12T22:00:20Z,33,"compAB_devref_singleton",316844,"amcl",6.4,51188,22379,"/opt/ros/jazzy/lib/nav2_amcl/amcl --ros-args --log-level info --ros-args -r __node:=amcl -p use_sim_time:=False --params-file /tmp/launch_params_8lqf7rgz -r /tf:=tf -r /tf_static:=tf_static"
2026-09-12T22:00:20Z,33,"compAB_devref_singleton",316845,"lifecycle_manag",3.8,43064,16723,"/opt/ros/jazzy/lib/nav2_lifecycle_manager/lifecycle_manager --ros-args --log-level info --ros-args -r __node:=lifecycle_manager_localization -p use_sim_time:=False --params-file /tmp/launch_params_dosuoat0 --params-file /tmp/launch_params_bm1qwshx"
2026-09-12T22:00:20Z,33,"compAB_devref_singleton",316846,"controller_serv",11.7,69520,38460,"/opt/ros/jazzy/lib/nav2_controller/controller_server --ros-args --log-level info --ros-args -p use_sim_time:=False --params-file /tmp/launch_params__90732i2 -r /tf:=tf -r /tf_static:=tf_static -r cmd_vel:=cmd_vel_nav"
2026-09-12T22:00:20Z,33,"compAB_devref_singleton",316847,"smoother_server",4.1,48960,19647,"/opt/ros/jazzy/lib/nav2_smoother/smoother_server --ros-args --log-level info --ros-args -r __node:=smoother_server -p use_sim_time:=False --params-file /tmp/launch_params__90732i2 -r /tf:=tf -r /tf_static:=tf_static"
2026-09-12T22:00:20Z,33,"compAB_devref_singleton",316848,"planner_server",4.4,58640,27573,"/opt/ros/jazzy/lib/nav2_planner/planner_server --ros-args --log-level info --ros-args -r __node:=planner_server -p use_sim_time:=False --params-file /tmp/launch_params__90732i2 -r /tf:=tf -r /tf_static:=tf_static"
2026-09-12T22:00:20Z,33,"compAB_devref_singleton",316849,"route_server",4.0,52984,22786,"/opt/ros/jazzy/lib/nav2_route/route_server --ros-args --log-level info --ros-args -r __node:=route_server -p use_sim_time:=False --params-file /tmp/launch_params__90732i2 -r /tf:=tf -r /tf_static:=tf_static"
2026-09-12T22:00:20Z,33,"compAB_devref_singleton",316850,"behavior_server",4.6,54096,23979,"/opt/ros/jazzy/lib/nav2_behaviors/behavior_server --ros-args --log-level info --ros-args -r __node:=behavior_server -p use_sim_time:=False --params-file /tmp/launch_params__90732i2 -r /tf:=tf -r /tf_static:=tf_static -r cmd_vel:=cmd_vel_nav"
2026-09-12T22:00:20Z,33,"compAB_devref_singleton",316851,"bt_navigator",7.3,77712,48620,"/opt/ros/jazzy/lib/nav2_bt_navigator/bt_navigator --ros-args --log-level info --ros-args -r __node:=bt_navigator -p use_sim_time:=False --params-file /tmp/launch_params__90732i2 -r /tf:=tf -r /tf_static:=tf_static"
2026-09-12T22:00:20Z,33,"compAB_devref_singleton",316852,"waypoint_follow",3.5,46608,19317,"/opt/ros/jazzy/lib/nav2_waypoint_follower/waypoint_follower --ros-args --log-level info --ros-args -r __node:=waypoint_follower -p use_sim_time:=False --params-file /tmp/launch_params__90732i2 -r /tf:=tf -r /tf_static:=tf_static"
2026-09-12T22:00:20Z,33,"compAB_devref_singleton",316853,"velocity_smooth",3.5,39300,16129,"/opt/ros/jazzy/lib/nav2_velocity_smoother/velocity_smoother --ros-args --log-level info --ros-args -r __node:=velocity_smoother -p use_sim_time:=False --params-file /tmp/launch_params__90732i2 -r /tf:=tf -r /tf_static:=tf_static -r cmd_vel:=cmd_vel_nav"
2026-09-12T22:00:20Z,33,"compAB_devref_singleton",316854,"collision_monit",4.1,51896,21612,"/opt/ros/jazzy/lib/nav2_collision_monitor/collision_monitor --ros-args --log-level info --ros-args -r __node:=collision_monitor -p use_sim_time:=False --params-file /tmp/launch_params__90732i2 -r /tf:=tf -r /tf_static:=tf_static"
2026-09-12T22:00:20Z,33,"compAB_devref_singleton",316856,"lifecycle_manag",9.1,46672,20740,"/opt/ros/jazzy/lib/nav2_lifecycle_manager/lifecycle_manager --ros-args --log-level info --ros-args -r __node:=lifecycle_manager_navigation -p use_sim_time:=False --params-file /tmp/launch_params_0swl114y --params-file /tmp/launch_params_oxcye_37"
2026-09-12T22:00:20Z,33,"compAB_devref_singleton",317108,"bash",0.0,2464,586,"bash /cbab3/work/scripts/run_nav2_composition_ab.sh --label compAB_devref --duration 120"
2026-09-12T22:00:20Z,33,"compAB_devref_singleton",317109,"python3",9.2,84800,53815,"python3 /cbab3/work/scripts/nav_goal_sender.py --x 4.0 --y 4.0 --yaw 0.0 --repeat 0 --pause 1"
2026-09-12T22:00:20Z,33,"compAB_devref_singleton",317244,"bash",1.1,4436,1006,"bash /oomwoo/contributions/compute-benchmark/xbattlax/scripts/measure_ros_processes.sh --pattern python3|ros2|nav2|component_container|nav_goal_sender|amcl|map_server|planner|controller|behavior|bt_nav|smoother|waypoint --duration 110 --interval 2 --label compAB_devref_singleton --output /cbab3/work/scripts/../results/composition_ab/compAB_devref_singleton_20260912T215506Z.csv"
2026-09-12T22:00:22Z,34,"compAB_devref_singleton",232119,"python3",0.2,80320,51285,"/usr/bin/python3 -c from ros2cli.daemon.daemonize import main; main() --name ros2-daemon --ros-domain-id 0 --rmw-implementation rmw_fastrtps_cpp"
2026-09-12T22:00:22Z,34,"compAB_devref_singleton",299391,"bash",0.0,3864,934,"bash -c source /opt/ros/jazzy/setup.bash && bash /cbab3/work/scripts/run_nav2_composition_ab.sh --label compAB_devref --duration 120 2>&1"
2026-09-12T22:00:22Z,34,"compAB_devref_singleton",299404,"bash",0.0,4476,1272,"bash /cbab3/work/scripts/run_nav2_composition_ab.sh --label compAB_devref --duration 120"
2026-09-12T22:00:22Z,34,"compAB_devref_singleton",316823,"python3",5.6,78356,48639,"python3 /cbab3/work/scripts/synthetic_scan_publisher.py --duration 220 --loop-s 40 --hz 5.0"
2026-09-12T22:00:22Z,34,"compAB_devref_singleton",316839,"ros2",0.4,43576,30705,"/usr/bin/python3 /opt/ros/jazzy/bin/ros2 launch nav2_bringup bringup_launch.py map:=/cbab3/work/scripts/../results/composition_ab/compAB_nav2_map.yaml params_file:=/cbab3/work/scripts/nav2_params_bench.yaml use_sim_time:=False autostart:=True slam:=False use_composition:=False"
2026-09-12T22:00:22Z,34,"compAB_devref_singleton",316843,"map_server",3.4,49244,22922,"/opt/ros/jazzy/lib/nav2_map_server/map_server --ros-args --log-level info --ros-args -r __node:=map_server -p use_sim_time:=False --params-file /tmp/launch_params_8lqf7rgz --params-file /tmp/launch_params_xbz9z5ah -r /tf:=tf -r /tf_static:=tf_static"
2026-09-12T22:00:22Z,34,"compAB_devref_singleton",316844,"amcl",6.4,51188,22379,"/opt/ros/jazzy/lib/nav2_amcl/amcl --ros-args --log-level info --ros-args -r __node:=amcl -p use_sim_time:=False --params-file /tmp/launch_params_8lqf7rgz -r /tf:=tf -r /tf_static:=tf_static"
2026-09-12T22:00:22Z,34,"compAB_devref_singleton",316845,"lifecycle_manag",3.8,43064,16723,"/opt/ros/jazzy/lib/nav2_lifecycle_manager/lifecycle_manager --ros-args --log-level info --ros-args -r __node:=lifecycle_manager_localization -p use_sim_time:=False --params-file /tmp/launch_params_dosuoat0 --params-file /tmp/launch_params_bm1qwshx"
2026-09-12T22:00:22Z,34,"compAB_devref_singleton",316846,"controller_serv",12.0,69516,38456,"/opt/ros/jazzy/lib/nav2_controller/controller_server --ros-args --log-level info --ros-args -p use_sim_time:=False --params-file /tmp/launch_params__90732i2 -r /tf:=tf -r /tf_static:=tf_static -r cmd_vel:=cmd_vel_nav"
2026-09-12T22:00:22Z,34,"compAB_devref_singleton",316847,"smoother_server",4.1,48960,19647,"/opt/ros/jazzy/lib/nav2_smoother/smoother_server --ros-args --log-level info --ros-args -r __node:=smoother_server -p use_sim_time:=False --params-file /tmp/launch_params__90732i2 -r /tf:=tf -r /tf_static:=tf_static"
2026-09-12T22:00:22Z,34,"compAB_devref_singleton",316848,"planner_server",4.4,58640,27573,"/opt/ros/jazzy/lib/nav2_planner/planner_server --ros-args --log-level info --ros-args -r __node:=planner_server -p use_sim_time:=False --params-file /tmp/launch_params__90732i2 -r /tf:=tf -r /tf_static:=tf_static"
2026-09-12T22:00:22Z,34,"compAB_devref_singleton",316849,"route_server",4.0,52984,22786,"/opt/ros/jazzy/lib/nav2_route/route_server --ros-args --log-level info --ros-args -r __node:=route_server -p use_sim_time:=False --params-file /tmp/launch_params__90732i2 -r /tf:=tf -r /tf_static:=tf_static"
2026-09-12T22:00:22Z,34,"compAB_devref_singleton",316850,"behavior_server",4.6,54096,23979,"/opt/ros/jazzy/lib/nav2_behaviors/behavior_server --ros-args --log-level info --ros-args -r __node:=behavior_server -p use_sim_time:=False --params-file /tmp/launch_params__90732i2 -r /tf:=tf -r /tf_static:=tf_static -r cmd_vel:=cmd_vel_nav"
2026-09-12T22:00:22Z,34,"compAB_devref_singleton",316851,"bt_navigator",7.3,77696,48605,"/opt/ros/jazzy/lib/nav2_bt_navigator/bt_navigator --ros-args --log-level info --ros-args -r __node:=bt_navigator -p use_sim_time:=False --params-file /tmp/launch_params__90732i2 -r /tf:=tf -r /tf_static:=tf_static"
2026-09-12T22:00:22Z,34,"compAB_devref_singleton",316852,"waypoint_follow",3.5,46608,19317,"/opt/ros/jazzy/lib/nav2_waypoint_follower/waypoint_follower --ros-args --log-level info --ros-args -r __node:=waypoint_follower -p use_sim_time:=False --params-file /tmp/launch_params__90732i2 -r /tf:=tf -r /tf_static:=tf_static"
2026-09-12T22:00:22Z,34,"compAB_devref_singleton",316853,"velocity_smooth",3.5,39300,16129,"/opt/ros/jazzy/lib/nav2_velocity_smoother/velocity_smoother --ros-args --log-level info --ros-args -r __node:=velocity_smoother -p use_sim_time:=False --params-file /tmp/launch_params__90732i2 -r /tf:=tf -r /tf_static:=tf_static -r cmd_vel:=cmd_vel_nav"
2026-09-12T22:00:22Z,34,"compAB_devref_singleton",316854,"collision_monit",4.1,51896,21612,"/opt/ros/jazzy/lib/nav2_collision_monitor/collision_monitor --ros-args --log-level info --ros-args -r __node:=collision_monitor -p use_sim_time:=False --params-file /tmp/launch_params__90732i2 -r /tf:=tf -r /tf_static:=tf_static"
2026-09-12T22:00:22Z,34,"compAB_devref_singleton",316856,"lifecycle_manag",9.1,46672,20740,"/opt/ros/jazzy/lib/nav2_lifecycle_manager/lifecycle_manager --ros-args --log-level info --ros-args -r __node:=lifecycle_manager_navigation -p use_sim_time:=False --params-file /tmp/launch_params_0swl114y --params-file /tmp/launch_params_oxcye_37"
2026-09-12T22:00:22Z,34,"compAB_devref_singleton",317108,"bash",0.0,2464,586,"bash /cbab3/work/scripts/run_nav2_composition_ab.sh --label compAB_devref --duration 120"
2026-09-12T22:00:22Z,34,"compAB_devref_singleton",317109,"python3",9.4,84800,53814,"python3 /cbab3/work/scripts/nav_goal_sender.py --x 4.0 --y 4.0 --yaw 0.0 --repeat 0 --pause 1"
2026-09-12T22:00:22Z,34,"compAB_devref_singleton",317244,"bash",1.1,4436,1003,"bash /oomwoo/contributions/compute-benchmark/xbattlax/scripts/measure_ros_processes.sh --pattern python3|ros2|nav2|component_container|nav_goal_sender|amcl|map_server|planner|controller|behavior|bt_nav|smoother|waypoint --duration 110 --interval 2 --label compAB_devref_singleton --output /cbab3/work/scripts/../results/composition_ab/compAB_devref_singleton_20260912T215506Z.csv"
2026-09-12T22:00:25Z,35,"compAB_devref_singleton",232119,"python3",0.2,80320,51285,"/usr/bin/python3 -c from ros2cli.daemon.daemonize import main; main() --name ros2-daemon --ros-domain-id 0 --rmw-implementation rmw_fastrtps_cpp"
2026-09-12T22:00:25Z,35,"compAB_devref_singleton",299391,"bash",0.0,3864,933,"bash -c source /opt/ros/jazzy/setup.bash && bash /cbab3/work/scripts/run_nav2_composition_ab.sh --label compAB_devref --duration 120 2>&1"
2026-09-12T22:00:25Z,35,"compAB_devref_singleton",299404,"bash",0.0,4476,1273,"bash /cbab3/work/scripts/run_nav2_composition_ab.sh --label compAB_devref --duration 120"
2026-09-12T22:00:25Z,35,"compAB_devref_singleton",316823,"python3",5.6,78356,48631,"python3 /cbab3/work/scripts/synthetic_scan_publisher.py --duration 220 --loop-s 40 --hz 5.0"
2026-09-12T22:00:25Z,35,"compAB_devref_singleton",316839,"ros2",0.4,43576,30705,"/usr/bin/python3 /opt/ros/jazzy/bin/ros2 launch nav2_bringup bringup_launch.py map:=/cbab3/work/scripts/../results/composition_ab/compAB_nav2_map.yaml params_file:=/cbab3/work/scripts/nav2_params_bench.yaml use_sim_time:=False autostart:=True slam:=False use_composition:=False"
2026-09-12T22:00:25Z,35,"compAB_devref_singleton",316843,"map_server",3.4,49244,22922,"/opt/ros/jazzy/lib/nav2_map_server/map_server --ros-args --log-level info --ros-args -r __node:=map_server -p use_sim_time:=False --params-file /tmp/launch_params_8lqf7rgz --params-file /tmp/launch_params_xbz9z5ah -r /tf:=tf -r /tf_static:=tf_static"
2026-09-12T22:00:25Z,35,"compAB_devref_singleton",316844,"amcl",6.4,51188,22378,"/opt/ros/jazzy/lib/nav2_amcl/amcl --ros-args --log-level info --ros-args -r __node:=amcl -p use_sim_time:=False --params-file /tmp/launch_params_8lqf7rgz -r /tf:=tf -r /tf_static:=tf_static"
2026-09-12T22:00:25Z,35,"compAB_devref_singleton",316845,"lifecycle_manag",3.8,43064,16722,"/opt/ros/jazzy/lib/nav2_lifecycle_manager/lifecycle_manager --ros-args --log-level info --ros-args -r __node:=lifecycle_manager_localization -p use_sim_time:=False --params-file /tmp/launch_params_dosuoat0 --params-file /tmp/launch_params_bm1qwshx"
2026-09-12T22:00:25Z,35,"compAB_devref_singleton",316846,"controller_serv",11.9,71572,40512,"/opt/ros/jazzy/lib/nav2_controller/controller_server --ros-args --log-level info --ros-args -p use_sim_time:=False --params-file /tmp/launch_params__90732i2 -r /tf:=tf -r /tf_static:=tf_static -r cmd_vel:=cmd_vel_nav"
2026-09-12T22:00:25Z,35,"compAB_devref_singleton",316847,"smoother_server",4.1,48960,19647,"/opt/ros/jazzy/lib/nav2_smoother/smoother_server --ros-args --log-level info --ros-args -r __node:=smoother_server -p use_sim_time:=False --params-file /tmp/launch_params__90732i2 -r /tf:=tf -r /tf_static:=tf_static"
2026-09-12T22:00:25Z,35,"compAB_devref_singleton",316848,"planner_server",4.4,58640,27572,"/opt/ros/jazzy/lib/nav2_planner/planner_server --ros-args --log-level info --ros-args -r __node:=planner_server -p use_sim_time:=False --params-file /tmp/launch_params__90732i2 -r /tf:=tf -r /tf_static:=tf_static"
2026-09-12T22:00:25Z,35,"compAB_devref_singleton",316849,"route_server",4.0,52984,22786,"/opt/ros/jazzy/lib/nav2_route/route_server --ros-args --log-level info --ros-args -r __node:=route_server -p use_sim_time:=False --params-file /tmp/launch_params__90732i2 -r /tf:=tf -r /tf_static:=tf_static"
2026-09-12T22:00:25Z,35,"compAB_devref_singleton",316850,"behavior_server",4.6,54104,23987,"/opt/ros/jazzy/lib/nav2_behaviors/behavior_server --ros-args --log-level info --ros-args -r __node:=behavior_server -p use_sim_time:=False --params-file /tmp/launch_params__90732i2 -r /tf:=tf -r /tf_static:=tf_static -r cmd_vel:=cmd_vel_nav"
2026-09-12T22:00:25Z,35,"compAB_devref_singleton",316851,"bt_navigator",7.4,77696,48604,"/opt/ros/jazzy/lib/nav2_bt_navigator/bt_navigator --ros-args --log-level info --ros-args -r __node:=bt_navigator -p use_sim_time:=False --params-file /tmp/launch_params__90732i2 -r /tf:=tf -r /tf_static:=tf_static"
2026-09-12T22:00:25Z,35,"compAB_devref_singleton",316852,"waypoint_follow",3.5,46608,19316,"/opt/ros/jazzy/lib/nav2_waypoint_follower/waypoint_follower --ros-args --log-level info --ros-args -r __node:=waypoint_follower -p use_sim_time:=False --params-file /tmp/launch_params__90732i2 -r /tf:=tf -r /tf_static:=tf_static"
2026-09-12T22:00:25Z,35,"compAB_devref_singleton",316853,"velocity_smooth",3.5,39300,16129,"/opt/ros/jazzy/lib/nav2_velocity_smoother/velocity_smoother --ros-args --log-level info --ros-args -r __node:=velocity_smoother -p use_sim_time:=False --params-file /tmp/launch_params__90732i2 -r /tf:=tf -r /tf_static:=tf_static -r cmd_vel:=cmd_vel_nav"
2026-09-12T22:00:25Z,35,"compAB_devref_singleton",316854,"collision_monit",4.1,51896,21611,"/opt/ros/jazzy/lib/nav2_collision_monitor/collision_monitor --ros-args --log-level info --ros-args -r __node:=collision_monitor -p use_sim_time:=False --params-file /tmp/launch_params__90732i2 -r /tf:=tf -r /tf_static:=tf_static"
2026-09-12T22:00:25Z,35,"compAB_devref_singleton",316856,"lifecycle_manag",9.1,46672,20740,"/opt/ros/jazzy/lib/nav2_lifecycle_manager/lifecycle_manager --ros-args --log-level info --ros-args -r __node:=lifecycle_manager_navigation -p use_sim_time:=False --params-file /tmp/launch_params_0swl114y --params-file /tmp/launch_params_oxcye_37"
2026-09-12T22:00:25Z,35,"compAB_devref_singleton",317108,"bash",0.0,2464,586,"bash /cbab3/work/scripts/run_nav2_composition_ab.sh --label compAB_devref --duration 120"
2026-09-12T22:00:25Z,35,"compAB_devref_singleton",317109,"python3",9.4,84800,53814,"python3 /cbab3/work/scripts/nav_goal_sender.py --x 4.0 --y 4.0 --yaw 0.0 --repeat 0 --pause 1"
2026-09-12T22:00:25Z,35,"compAB_devref_singleton",317244,"bash",1.1,4436,1006,"bash /oomwoo/contributions/compute-benchmark/xbattlax/scripts/measure_ros_processes.sh --pattern python3|ros2|nav2|component_container|nav_goal_sender|amcl|map_server|planner|controller|behavior|bt_nav|smoother|waypoint --duration 110 --interval 2 --label compAB_devref_singleton --output /cbab3/work/scripts/../results/composition_ab/compAB_devref_singleton_20260912T215506Z.csv"
2026-09-12T22:00:28Z,36,"compAB_devref_singleton",232119,"python3",0.2,80320,51285,"/usr/bin/python3 -c from ros2cli.daemon.daemonize import main; main() --name ros2-daemon --ros-domain-id 0 --rmw-implementation rmw_fastrtps_cpp"
2026-09-12T22:00:28Z,36,"compAB_devref_singleton",299391,"bash",0.0,3864,933,"bash -c source /opt/ros/jazzy/setup.bash && bash /cbab3/work/scripts/run_nav2_composition_ab.sh --label compAB_devref --duration 120 2>&1"
2026-09-12T22:00:28Z,36,"compAB_devref_singleton",299404,"bash",0.0,4476,1272,"bash /cbab3/work/scripts/run_nav2_composition_ab.sh --label compAB_devref --duration 120"
2026-09-12T22:00:28Z,36,"compAB_devref_singleton",316823,"python3",5.6,78356,48632,"python3 /cbab3/work/scripts/synthetic_scan_publisher.py --duration 220 --loop-s 40 --hz 5.0"
2026-09-12T22:00:28Z,36,"compAB_devref_singleton",316839,"ros2",0.4,43576,30707,"/usr/bin/python3 /opt/ros/jazzy/bin/ros2 launch nav2_bringup bringup_launch.py map:=/cbab3/work/scripts/../results/composition_ab/compAB_nav2_map.yaml params_file:=/cbab3/work/scripts/nav2_params_bench.yaml use_sim_time:=False autostart:=True slam:=False use_composition:=False"
2026-09-12T22:00:28Z,36,"compAB_devref_singleton",316843,"map_server",3.4,49244,22922,"/opt/ros/jazzy/lib/nav2_map_server/map_server --ros-args --log-level info --ros-args -r __node:=map_server -p use_sim_time:=False --params-file /tmp/launch_params_8lqf7rgz --params-file /tmp/launch_params_xbz9z5ah -r /tf:=tf -r /tf_static:=tf_static"
2026-09-12T22:00:28Z,36,"compAB_devref_singleton",316844,"amcl",6.4,51188,22379,"/opt/ros/jazzy/lib/nav2_amcl/amcl --ros-args --log-level info --ros-args -r __node:=amcl -p use_sim_time:=False --params-file /tmp/launch_params_8lqf7rgz -r /tf:=tf -r /tf_static:=tf_static"
2026-09-12T22:00:28Z,36,"compAB_devref_singleton",316845,"lifecycle_manag",3.8,43064,16722,"/opt/ros/jazzy/lib/nav2_lifecycle_manager/lifecycle_manager --ros-args --log-level info --ros-args -r __node:=lifecycle_manager_localization -p use_sim_time:=False --params-file /tmp/launch_params_dosuoat0 --params-file /tmp/launch_params_bm1qwshx"
2026-09-12T22:00:28Z,36,"compAB_devref_singleton",316846,"controller_serv",12.0,71580,40520,"/opt/ros/jazzy/lib/nav2_controller/controller_server --ros-args --log-level info --ros-args -p use_sim_time:=False --params-file /tmp/launch_params__90732i2 -r /tf:=tf -r /tf_static:=tf_static -r cmd_vel:=cmd_vel_nav"
2026-09-12T22:00:28Z,36,"compAB_devref_singleton",316847,"smoother_server",4.1,48960,19647,"/opt/ros/jazzy/lib/nav2_smoother/smoother_server --ros-args --log-level info --ros-args -r __node:=smoother_server -p use_sim_time:=False --params-file /tmp/launch_params__90732i2 -r /tf:=tf -r /tf_static:=tf_static"
2026-09-12T22:00:28Z,36,"compAB_devref_singleton",316848,"planner_server",4.4,58640,27573,"/opt/ros/jazzy/lib/nav2_planner/planner_server --ros-args --log-level info --ros-args -r __node:=planner_server -p use_sim_time:=False --params-file /tmp/launch_params__90732i2 -r /tf:=tf -r /tf_static:=tf_static"
2026-09-12T22:00:28Z,36,"compAB_devref_singleton",316849,"route_server",4.0,52984,22786,"/opt/ros/jazzy/lib/nav2_route/route_server --ros-args --log-level info --ros-args -r __node:=route_server -p use_sim_time:=False --params-file /tmp/launch_params__90732i2 -r /tf:=tf -r /tf_static:=tf_static"
2026-09-12T22:00:28Z,36,"compAB_devref_singleton",316850,"behavior_server",4.6,54096,23979,"/opt/ros/jazzy/lib/nav2_behaviors/behavior_server --ros-args --log-level info --ros-args -r __node:=behavior_server -p use_sim_time:=False --params-file /tmp/launch_params__90732i2 -r /tf:=tf -r /tf_static:=tf_static -r cmd_vel:=cmd_vel_nav"
2026-09-12T22:00:28Z,36,"compAB_devref_singleton",316851,"bt_navigator",7.4,77696,48604,"/opt/ros/jazzy/lib/nav2_bt_navigator/bt_navigator --ros-args --log-level info --ros-args -r __node:=bt_navigator -p use_sim_time:=False --params-file /tmp/launch_params__90732i2 -r /tf:=tf -r /tf_static:=tf_static"
2026-09-12T22:00:28Z,36,"compAB_devref_singleton",316852,"waypoint_follow",3.4,46608,19316,"/opt/ros/jazzy/lib/nav2_waypoint_follower/waypoint_follower --ros-args --log-level info --ros-args -r __node:=waypoint_follower -p use_sim_time:=False --params-file /tmp/launch_params__90732i2 -r /tf:=tf -r /tf_static:=tf_static"
2026-09-12T22:00:28Z,36,"compAB_devref_singleton",316853,"velocity_smooth",3.5,39300,16129,"/opt/ros/jazzy/lib/nav2_velocity_smoother/velocity_smoother --ros-args --log-level info --ros-args -r __node:=velocity_smoother -p use_sim_time:=False --params-file /tmp/launch_params__90732i2 -r /tf:=tf -r /tf_static:=tf_static -r cmd_vel:=cmd_vel_nav"
2026-09-12T22:00:28Z,36,"compAB_devref_singleton",316854,"collision_monit",4.1,51896,21612,"/opt/ros/jazzy/lib/nav2_collision_monitor/collision_monitor --ros-args --log-level info --ros-args -r __node:=collision_monitor -p use_sim_time:=False --params-file /tmp/launch_params__90732i2 -r /tf:=tf -r /tf_static:=tf_static"
2026-09-12T22:00:28Z,36,"compAB_devref_singleton",316856,"lifecycle_manag",9.1,46672,20740,"/opt/ros/jazzy/lib/nav2_lifecycle_manager/lifecycle_manager --ros-args --log-level info --ros-args -r __node:=lifecycle_manager_navigation -p use_sim_time:=False --params-file /tmp/launch_params_0swl114y --params-file /tmp/launch_params_oxcye_37"
2026-09-12T22:00:28Z,36,"compAB_devref_singleton",317108,"bash",0.0,2464,586,"bash /cbab3/work/scripts/run_nav2_composition_ab.sh --label compAB_devref --duration 120"
2026-09-12T22:00:28Z,36,"compAB_devref_singleton",317109,"python3",9.5,84800,53816,"python3 /cbab3/work/scripts/nav_goal_sender.py --x 4.0 --y 4.0 --yaw 0.0 --repeat 0 --pause 1"
2026-09-12T22:00:28Z,36,"compAB_devref_singleton",317244,"bash",1.1,4436,1004,"bash /oomwoo/contributions/compute-benchmark/xbattlax/scripts/measure_ros_processes.sh --pattern python3|ros2|nav2|component_container|nav_goal_sender|amcl|map_server|planner|controller|behavior|bt_nav|smoother|waypoint --duration 110 --interval 2 --label compAB_devref_singleton --output /cbab3/work/scripts/../results/composition_ab/compAB_devref_singleton_20260912T215506Z.csv"
2026-09-12T22:00:31Z,37,"compAB_devref_singleton",232119,"python3",0.2,80320,51286,"/usr/bin/python3 -c from ros2cli.daemon.daemonize import main; main() --name ros2-daemon --ros-domain-id 0 --rmw-implementation rmw_fastrtps_cpp"
2026-09-12T22:00:31Z,37,"compAB_devref_singleton",299391,"bash",0.0,3864,934,"bash -c source /opt/ros/jazzy/setup.bash && bash /cbab3/work/scripts/run_nav2_composition_ab.sh --label compAB_devref --duration 120 2>&1"
2026-09-12T22:00:31Z,37,"compAB_devref_singleton",299404,"bash",0.0,4476,1279,"bash /cbab3/work/scripts/run_nav2_composition_ab.sh --label compAB_devref --duration 120"
2026-09-12T22:00:31Z,37,"compAB_devref_singleton",316823,"python3",5.6,78356,48635,"python3 /cbab3/work/scripts/synthetic_scan_publisher.py --duration 220 --loop-s 40 --hz 5.0"
2026-09-12T22:00:31Z,37,"compAB_devref_singleton",316839,"ros2",0.4,43576,30705,"/usr/bin/python3 /opt/ros/jazzy/bin/ros2 launch nav2_bringup bringup_launch.py map:=/cbab3/work/scripts/../results/composition_ab/compAB_nav2_map.yaml params_file:=/cbab3/work/scripts/nav2_params_bench.yaml use_sim_time:=False autostart:=True slam:=False use_composition:=False"
2026-09-12T22:00:31Z,37,"compAB_devref_singleton",316843,"map_server",3.4,49244,22922,"/opt/ros/jazzy/lib/nav2_map_server/map_server --ros-args --log-level info --ros-args -r __node:=map_server -p use_sim_time:=False --params-file /tmp/launch_params_8lqf7rgz --params-file /tmp/launch_params_xbz9z5ah -r /tf:=tf -r /tf_static:=tf_static"
2026-09-12T22:00:31Z,37,"compAB_devref_singleton",316844,"amcl",6.4,51188,22381,"/opt/ros/jazzy/lib/nav2_amcl/amcl --ros-args --log-level info --ros-args -r __node:=amcl -p use_sim_time:=False --params-file /tmp/launch_params_8lqf7rgz -r /tf:=tf -r /tf_static:=tf_static"
2026-09-12T22:00:31Z,37,"compAB_devref_singleton",316845,"lifecycle_manag",3.8,43064,16722,"/opt/ros/jazzy/lib/nav2_lifecycle_manager/lifecycle_manager --ros-args --log-level info --ros-args -r __node:=lifecycle_manager_localization -p use_sim_time:=False --params-file /tmp/launch_params_dosuoat0 --params-file /tmp/launch_params_bm1qwshx"
2026-09-12T22:00:31Z,37,"compAB_devref_singleton",316846,"controller_serv",12.2,71580,40519,"/opt/ros/jazzy/lib/nav2_controller/controller_server --ros-args --log-level info --ros-args -p use_sim_time:=False --params-file /tmp/launch_params__90732i2 -r /tf:=tf -r /tf_static:=tf_static -r cmd_vel:=cmd_vel_nav"
2026-09-12T22:00:31Z,37,"compAB_devref_singleton",316847,"smoother_server",4.0,48960,19647,"/opt/ros/jazzy/lib/nav2_smoother/smoother_server --ros-args --log-level info --ros-args -r __node:=smoother_server -p use_sim_time:=False --params-file /tmp/launch_params__90732i2 -r /tf:=tf -r /tf_static:=tf_static"
2026-09-12T22:00:31Z,37,"compAB_devref_singleton",316848,"planner_server",4.4,58640,27572,"/opt/ros/jazzy/lib/nav2_planner/planner_server --ros-args --log-level info --ros-args -r __node:=planner_server -p use_sim_time:=False --params-file /tmp/launch_params__90732i2 -r /tf:=tf -r /tf_static:=tf_static"
2026-09-12T22:00:31Z,37,"compAB_devref_singleton",316849,"route_server",4.0,52984,22786,"/opt/ros/jazzy/lib/nav2_route/route_server --ros-args --log-level info --ros-args -r __node:=route_server -p use_sim_time:=False --params-file /tmp/launch_params__90732i2 -r /tf:=tf -r /tf_static:=tf_static"
2026-09-12T22:00:31Z,37,"compAB_devref_singleton",316850,"behavior_server",4.6,54096,23979,"/opt/ros/jazzy/lib/nav2_behaviors/behavior_server --ros-args --log-level info --ros-args -r __node:=behavior_server -p use_sim_time:=False --params-file /tmp/launch_params__90732i2 -r /tf:=tf -r /tf_static:=tf_static -r cmd_vel:=cmd_vel_nav"
2026-09-12T22:00:31Z,37,"compAB_devref_singleton",316851,"bt_navigator",7.4,77696,48604,"/opt/ros/jazzy/lib/nav2_bt_navigator/bt_navigator --ros-args --log-level info --ros-args -r __node:=bt_navigator -p use_sim_time:=False --params-file /tmp/launch_params__90732i2 -r /tf:=tf -r /tf_static:=tf_static"
2026-09-12T22:00:31Z,37,"compAB_devref_singleton",316852,"waypoint_follow",3.4,46608,19316,"/opt/ros/jazzy/lib/nav2_waypoint_follower/waypoint_follower --ros-args --log-level info --ros-args -r __node:=waypoint_follower -p use_sim_time:=False --params-file /tmp/launch_params__90732i2 -r /tf:=tf -r /tf_static:=tf_static"
2026-09-12T22:00:31Z,37,"compAB_devref_singleton",316853,"velocity_smooth",3.5,39300,16129,"/opt/ros/jazzy/lib/nav2_velocity_smoother/velocity_smoother --ros-args --log-level info --ros-args -r __node:=velocity_smoother -p use_sim_time:=False --params-file /tmp/launch_params__90732i2 -r /tf:=tf -r /tf_static:=tf_static -r cmd_vel:=cmd_vel_nav"
2026-09-12T22:00:31Z,37,"compAB_devref_singleton",316854,"collision_monit",4.1,51896,21612,"/opt/ros/jazzy/lib/nav2_collision_monitor/collision_monitor --ros-args --log-level info --ros-args -r __node:=collision_monitor -p use_sim_time:=False --params-file /tmp/launch_params__90732i2 -r /tf:=tf -r /tf_static:=tf_static"
2026-09-12T22:00:31Z,37,"compAB_devref_singleton",316856,"lifecycle_manag",9.1,46672,20740,"/opt/ros/jazzy/lib/nav2_lifecycle_manager/lifecycle_manager --ros-args --log-level info --ros-args -r __node:=lifecycle_manager_navigation -p use_sim_time:=False --params-file /tmp/launch_params_0swl114y --params-file /tmp/launch_params_oxcye_37"
2026-09-12T22:00:31Z,37,"compAB_devref_singleton",317108,"bash",0.0,2464,586,"bash /cbab3/work/scripts/run_nav2_composition_ab.sh --label compAB_devref --duration 120"
2026-09-12T22:00:31Z,37,"compAB_devref_singleton",317109,"python3",9.5,84800,53815,"python3 /cbab3/work/scripts/nav_goal_sender.py --x 4.0 --y 4.0 --yaw 0.0 --repeat 0 --pause 1"
2026-09-12T22:00:31Z,37,"compAB_devref_singleton",317244,"bash",1.1,4436,1003,"bash /oomwoo/contributions/compute-benchmark/xbattlax/scripts/measure_ros_processes.sh --pattern python3|ros2|nav2|component_container|nav_goal_sender|amcl|map_server|planner|controller|behavior|bt_nav|smoother|waypoint --duration 110 --interval 2 --label compAB_devref_singleton --output /cbab3/work/scripts/../results/composition_ab/compAB_devref_singleton_20260912T215506Z.csv"
2026-09-12T22:00:33Z,38,"compAB_devref_singleton",232119,"python3",0.2,80320,51285,"/usr/bin/python3 -c from ros2cli.daemon.daemonize import main; main() --name ros2-daemon --ros-domain-id 0 --rmw-implementation rmw_fastrtps_cpp"
2026-09-12T22:00:33Z,38,"compAB_devref_singleton",299391,"bash",0.0,3864,934,"bash -c source /opt/ros/jazzy/setup.bash && bash /cbab3/work/scripts/run_nav2_composition_ab.sh --label compAB_devref --duration 120 2>&1"
2026-09-12T22:00:33Z,38,"compAB_devref_singleton",299404,"bash",0.0,4476,1278,"bash /cbab3/work/scripts/run_nav2_composition_ab.sh --label compAB_devref --duration 120"
2026-09-12T22:00:33Z,38,"compAB_devref_singleton",316823,"python3",5.6,78356,48637,"python3 /cbab3/work/scripts/synthetic_scan_publisher.py --duration 220 --loop-s 40 --hz 5.0"
2026-09-12T22:00:33Z,38,"compAB_devref_singleton",316839,"ros2",0.4,43576,30705,"/usr/bin/python3 /opt/ros/jazzy/bin/ros2 launch nav2_bringup bringup_launch.py map:=/cbab3/work/scripts/../results/composition_ab/compAB_nav2_map.yaml params_file:=/cbab3/work/scripts/nav2_params_bench.yaml use_sim_time:=False autostart:=True slam:=False use_composition:=False"
2026-09-12T22:00:33Z,38,"compAB_devref_singleton",316843,"map_server",3.4,49244,22923,"/opt/ros/jazzy/lib/nav2_map_server/map_server --ros-args --log-level info --ros-args -r __node:=map_server -p use_sim_time:=False --params-file /tmp/launch_params_8lqf7rgz --params-file /tmp/launch_params_xbz9z5ah -r /tf:=tf -r /tf_static:=tf_static"
2026-09-12T22:00:33Z,38,"compAB_devref_singleton",316844,"amcl",6.4,51188,22379,"/opt/ros/jazzy/lib/nav2_amcl/amcl --ros-args --log-level info --ros-args -r __node:=amcl -p use_sim_time:=False --params-file /tmp/launch_params_8lqf7rgz -r /tf:=tf -r /tf_static:=tf_static"
2026-09-12T22:00:33Z,38,"compAB_devref_singleton",316845,"lifecycle_manag",3.8,43064,16723,"/opt/ros/jazzy/lib/nav2_lifecycle_manager/lifecycle_manager --ros-args --log-level info --ros-args -r __node:=lifecycle_manager_localization -p use_sim_time:=False --params-file /tmp/launch_params_dosuoat0 --params-file /tmp/launch_params_bm1qwshx"
2026-09-12T22:00:33Z,38,"compAB_devref_singleton",316846,"controller_serv",12.4,71580,40520,"/opt/ros/jazzy/lib/nav2_controller/controller_server --ros-args --log-level info --ros-args -p use_sim_time:=False --params-file /tmp/launch_params__90732i2 -r /tf:=tf -r /tf_static:=tf_static -r cmd_vel:=cmd_vel_nav"
2026-09-12T22:00:33Z,38,"compAB_devref_singleton",316847,"smoother_server",4.0,48960,19647,"/opt/ros/jazzy/lib/nav2_smoother/smoother_server --ros-args --log-level info --ros-args -r __node:=smoother_server -p use_sim_time:=False --params-file /tmp/launch_params__90732i2 -r /tf:=tf -r /tf_static:=tf_static"
2026-09-12T22:00:33Z,38,"compAB_devref_singleton",316848,"planner_server",4.4,58640,27573,"/opt/ros/jazzy/lib/nav2_planner/planner_server --ros-args --log-level info --ros-args -r __node:=planner_server -p use_sim_time:=False --params-file /tmp/launch_params__90732i2 -r /tf:=tf -r /tf_static:=tf_static"
2026-09-12T22:00:33Z,38,"compAB_devref_singleton",316849,"route_server",4.0,52984,22786,"/opt/ros/jazzy/lib/nav2_route/route_server --ros-args --log-level info --ros-args -r __node:=route_server -p use_sim_time:=False --params-file /tmp/launch_params__90732i2 -r /tf:=tf -r /tf_static:=tf_static"
2026-09-12T22:00:33Z,38,"compAB_devref_singleton",316850,"behavior_server",4.6,54096,23979,"/opt/ros/jazzy/lib/nav2_behaviors/behavior_server --ros-args --log-level info --ros-args -r __node:=behavior_server -p use_sim_time:=False --params-file /tmp/launch_params__90732i2 -r /tf:=tf -r /tf_static:=tf_static -r cmd_vel:=cmd_vel_nav"
2026-09-12T22:00:33Z,38,"compAB_devref_singleton",316851,"bt_navigator",7.4,77696,48605,"/opt/ros/jazzy/lib/nav2_bt_navigator/bt_navigator --ros-args --log-level info --ros-args -r __node:=bt_navigator -p use_sim_time:=False --params-file /tmp/launch_params__90732i2 -r /tf:=tf -r /tf_static:=tf_static"
2026-09-12T22:00:33Z,38,"compAB_devref_singleton",316852,"waypoint_follow",3.4,46608,19316,"/opt/ros/jazzy/lib/nav2_waypoint_follower/waypoint_follower --ros-args --log-level info --ros-args -r __node:=waypoint_follower -p use_sim_time:=False --params-file /tmp/launch_params__90732i2 -r /tf:=tf -r /tf_static:=tf_static"
2026-09-12T22:00:33Z,38,"compAB_devref_singleton",316853,"velocity_smooth",3.5,39300,16129,"/opt/ros/jazzy/lib/nav2_velocity_smoother/velocity_smoother --ros-args --log-level info --ros-args -r __node:=velocity_smoother -p use_sim_time:=False --params-file /tmp/launch_params__90732i2 -r /tf:=tf -r /tf_static:=tf_static -r cmd_vel:=cmd_vel_nav"
2026-09-12T22:00:33Z,38,"compAB_devref_singleton",316854,"collision_monit",4.1,51896,21612,"/opt/ros/jazzy/lib/nav2_collision_monitor/collision_monitor --ros-args --log-level info --ros-args -r __node:=collision_monitor -p use_sim_time:=False --params-file /tmp/launch_params__90732i2 -r /tf:=tf -r /tf_static:=tf_static"
2026-09-12T22:00:33Z,38,"compAB_devref_singleton",316856,"lifecycle_manag",9.0,46672,20740,"/opt/ros/jazzy/lib/nav2_lifecycle_manager/lifecycle_manager --ros-args --log-level info --ros-args -r __node:=lifecycle_manager_navigation -p use_sim_time:=False --params-file /tmp/launch_params_0swl114y --params-file /tmp/launch_params_oxcye_37"
2026-09-12T22:00:33Z,38,"compAB_devref_singleton",317108,"bash",0.0,2464,586,"bash /cbab3/work/scripts/run_nav2_composition_ab.sh --label compAB_devref --duration 120"
2026-09-12T22:00:33Z,38,"compAB_devref_singleton",317109,"python3",9.5,84800,53815,"python3 /cbab3/work/scripts/nav_goal_sender.py --x 4.0 --y 4.0 --yaw 0.0 --repeat 0 --pause 1"
2026-09-12T22:00:33Z,38,"compAB_devref_singleton",317244,"bash",1.1,4436,1008,"bash /oomwoo/contributions/compute-benchmark/xbattlax/scripts/measure_ros_processes.sh --pattern python3|ros2|nav2|component_container|nav_goal_sender|amcl|map_server|planner|controller|behavior|bt_nav|smoother|waypoint --duration 110 --interval 2 --label compAB_devref_singleton --output /cbab3/work/scripts/../results/composition_ab/compAB_devref_singleton_20260912T215506Z.csv"
2026-09-12T22:00:36Z,39,"compAB_devref_singleton",232119,"python3",0.2,80320,51285,"/usr/bin/python3 -c from ros2cli.daemon.daemonize import main; main() --name ros2-daemon --ros-domain-id 0 --rmw-implementation rmw_fastrtps_cpp"
2026-09-12T22:00:36Z,39,"compAB_devref_singleton",299391,"bash",0.0,3864,933,"bash -c source /opt/ros/jazzy/setup.bash && bash /cbab3/work/scripts/run_nav2_composition_ab.sh --label compAB_devref --duration 120 2>&1"
2026-09-12T22:00:36Z,39,"compAB_devref_singleton",299404,"bash",0.0,4476,1278,"bash /cbab3/work/scripts/run_nav2_composition_ab.sh --label compAB_devref --duration 120"
2026-09-12T22:00:36Z,39,"compAB_devref_singleton",316823,"python3",5.6,78356,48637,"python3 /cbab3/work/scripts/synthetic_scan_publisher.py --duration 220 --loop-s 40 --hz 5.0"
2026-09-12T22:00:36Z,39,"compAB_devref_singleton",316839,"ros2",0.4,43576,30705,"/usr/bin/python3 /opt/ros/jazzy/bin/ros2 launch nav2_bringup bringup_launch.py map:=/cbab3/work/scripts/../results/composition_ab/compAB_nav2_map.yaml params_file:=/cbab3/work/scripts/nav2_params_bench.yaml use_sim_time:=False autostart:=True slam:=False use_composition:=False"
2026-09-12T22:00:36Z,39,"compAB_devref_singleton",316843,"map_server",3.4,49244,22922,"/opt/ros/jazzy/lib/nav2_map_server/map_server --ros-args --log-level info --ros-args -r __node:=map_server -p use_sim_time:=False --params-file /tmp/launch_params_8lqf7rgz --params-file /tmp/launch_params_xbz9z5ah -r /tf:=tf -r /tf_static:=tf_static"
2026-09-12T22:00:36Z,39,"compAB_devref_singleton",316844,"amcl",6.4,51188,22379,"/opt/ros/jazzy/lib/nav2_amcl/amcl --ros-args --log-level info --ros-args -r __node:=amcl -p use_sim_time:=False --params-file /tmp/launch_params_8lqf7rgz -r /tf:=tf -r /tf_static:=tf_static"
2026-09-12T22:00:36Z,39,"compAB_devref_singleton",316845,"lifecycle_manag",3.8,43064,16722,"/opt/ros/jazzy/lib/nav2_lifecycle_manager/lifecycle_manager --ros-args --log-level info --ros-args -r __node:=lifecycle_manager_localization -p use_sim_time:=False --params-file /tmp/launch_params_dosuoat0 --params-file /tmp/launch_params_bm1qwshx"
2026-09-12T22:00:36Z,39,"compAB_devref_singleton",316846,"controller_serv",12.3,71572,40512,"/opt/ros/jazzy/lib/nav2_controller/controller_server --ros-args --log-level info --ros-args -p use_sim_time:=False --params-file /tmp/launch_params__90732i2 -r /tf:=tf -r /tf_static:=tf_static -r cmd_vel:=cmd_vel_nav"
2026-09-12T22:00:36Z,39,"compAB_devref_singleton",316847,"smoother_server",4.0,48960,19646,"/opt/ros/jazzy/lib/nav2_smoother/smoother_server --ros-args --log-level info --ros-args -r __node:=smoother_server -p use_sim_time:=False --params-file /tmp/launch_params__90732i2 -r /tf:=tf -r /tf_static:=tf_static"
2026-09-12T22:00:36Z,39,"compAB_devref_singleton",316848,"planner_server",4.4,58640,27573,"/opt/ros/jazzy/lib/nav2_planner/planner_server --ros-args --log-level info --ros-args -r __node:=planner_server -p use_sim_time:=False --params-file /tmp/launch_params__90732i2 -r /tf:=tf -r /tf_static:=tf_static"
2026-09-12T22:00:36Z,39,"compAB_devref_singleton",316849,"route_server",4.0,52984,22786,"/opt/ros/jazzy/lib/nav2_route/route_server --ros-args --log-level info --ros-args -r __node:=route_server -p use_sim_time:=False --params-file /tmp/launch_params__90732i2 -r /tf:=tf -r /tf_static:=tf_static"
2026-09-12T22:00:36Z,39,"compAB_devref_singleton",316850,"behavior_server",4.6,54096,23979,"/opt/ros/jazzy/lib/nav2_behaviors/behavior_server --ros-args --log-level info --ros-args -r __node:=behavior_server -p use_sim_time:=False --params-file /tmp/launch_params__90732i2 -r /tf:=tf -r /tf_static:=tf_static -r cmd_vel:=cmd_vel_nav"
2026-09-12T22:00:36Z,39,"compAB_devref_singleton",316851,"bt_navigator",7.4,77696,48604,"/opt/ros/jazzy/lib/nav2_bt_navigator/bt_navigator --ros-args --log-level info --ros-args -r __node:=bt_navigator -p use_sim_time:=False --params-file /tmp/launch_params__90732i2 -r /tf:=tf -r /tf_static:=tf_static"
2026-09-12T22:00:36Z,39,"compAB_devref_singleton",316852,"waypoint_follow",3.4,46612,19320,"/opt/ros/jazzy/lib/nav2_waypoint_follower/waypoint_follower --ros-args --log-level info --ros-args -r __node:=waypoint_follower -p use_sim_time:=False --params-file /tmp/launch_params__90732i2 -r /tf:=tf -r /tf_static:=tf_static"
2026-09-12T22:00:36Z,39,"compAB_devref_singleton",316853,"velocity_smooth",3.5,39300,16129,"/opt/ros/jazzy/lib/nav2_velocity_smoother/velocity_smoother --ros-args --log-level info --ros-args -r __node:=velocity_smoother -p use_sim_time:=False --params-file /tmp/launch_params__90732i2 -r /tf:=tf -r /tf_static:=tf_static -r cmd_vel:=cmd_vel_nav"
2026-09-12T22:00:36Z,39,"compAB_devref_singleton",316854,"collision_monit",4.1,51896,21611,"/opt/ros/jazzy/lib/nav2_collision_monitor/collision_monitor --ros-args --log-level info --ros-args -r __node:=collision_monitor -p use_sim_time:=False --params-file /tmp/launch_params__90732i2 -r /tf:=tf -r /tf_static:=tf_static"
2026-09-12T22:00:36Z,39,"compAB_devref_singleton",316856,"lifecycle_manag",9.0,46672,20740,"/opt/ros/jazzy/lib/nav2_lifecycle_manager/lifecycle_manager --ros-args --log-level info --ros-args -r __node:=lifecycle_manager_navigation -p use_sim_time:=False --params-file /tmp/launch_params_0swl114y --params-file /tmp/launch_params_oxcye_37"
2026-09-12T22:00:36Z,39,"compAB_devref_singleton",317108,"bash",0.0,2464,586,"bash /cbab3/work/scripts/run_nav2_composition_ab.sh --label compAB_devref --duration 120"
2026-09-12T22:00:36Z,39,"compAB_devref_singleton",317109,"python3",9.5,84804,53817,"python3 /cbab3/work/scripts/nav_goal_sender.py --x 4.0 --y 4.0 --yaw 0.0 --repeat 0 --pause 1"
2026-09-12T22:00:36Z,39,"compAB_devref_singleton",317244,"bash",1.1,4436,1010,"bash /oomwoo/contributions/compute-benchmark/xbattlax/scripts/measure_ros_processes.sh --pattern python3|ros2|nav2|component_container|nav_goal_sender|amcl|map_server|planner|controller|behavior|bt_nav|smoother|waypoint --duration 110 --interval 2 --label compAB_devref_singleton --output /cbab3/work/scripts/../results/composition_ab/compAB_devref_singleton_20260912T215506Z.csv"
2026-09-12T22:00:39Z,40,"compAB_devref_singleton",232119,"python3",0.2,80320,51285,"/usr/bin/python3 -c from ros2cli.daemon.daemonize import main; main() --name ros2-daemon --ros-domain-id 0 --rmw-implementation rmw_fastrtps_cpp"
2026-09-12T22:00:39Z,40,"compAB_devref_singleton",299391,"bash",0.0,3864,933,"bash -c source /opt/ros/jazzy/setup.bash && bash /cbab3/work/scripts/run_nav2_composition_ab.sh --label compAB_devref --duration 120 2>&1"
2026-09-12T22:00:39Z,40,"compAB_devref_singleton",299404,"bash",0.0,4476,1278,"bash /cbab3/work/scripts/run_nav2_composition_ab.sh --label compAB_devref --duration 120"
2026-09-12T22:00:39Z,40,"compAB_devref_singleton",316823,"python3",5.6,78356,48634,"python3 /cbab3/work/scripts/synthetic_scan_publisher.py --duration 220 --loop-s 40 --hz 5.0"
2026-09-12T22:00:39Z,40,"compAB_devref_singleton",316839,"ros2",0.4,43576,30706,"/usr/bin/python3 /opt/ros/jazzy/bin/ros2 launch nav2_bringup bringup_launch.py map:=/cbab3/work/scripts/../results/composition_ab/compAB_nav2_map.yaml params_file:=/cbab3/work/scripts/nav2_params_bench.yaml use_sim_time:=False autostart:=True slam:=False use_composition:=False"
2026-09-12T22:00:39Z,40,"compAB_devref_singleton",316843,"map_server",3.4,49244,22922,"/opt/ros/jazzy/lib/nav2_map_server/map_server --ros-args --log-level info --ros-args -r __node:=map_server -p use_sim_time:=False --params-file /tmp/launch_params_8lqf7rgz --params-file /tmp/launch_params_xbz9z5ah -r /tf:=tf -r /tf_static:=tf_static"
2026-09-12T22:00:39Z,40,"compAB_devref_singleton",316844,"amcl",6.4,51188,22379,"/opt/ros/jazzy/lib/nav2_amcl/amcl --ros-args --log-level info --ros-args -r __node:=amcl -p use_sim_time:=False --params-file /tmp/launch_params_8lqf7rgz -r /tf:=tf -r /tf_static:=tf_static"
2026-09-12T22:00:39Z,40,"compAB_devref_singleton",316845,"lifecycle_manag",3.8,43064,16722,"/opt/ros/jazzy/lib/nav2_lifecycle_manager/lifecycle_manager --ros-args --log-level info --ros-args -r __node:=lifecycle_manager_localization -p use_sim_time:=False --params-file /tmp/launch_params_dosuoat0 --params-file /tmp/launch_params_bm1qwshx"
2026-09-12T22:00:39Z,40,"compAB_devref_singleton",316846,"controller_serv",12.1,71572,40512,"/opt/ros/jazzy/lib/nav2_controller/controller_server --ros-args --log-level info --ros-args -p use_sim_time:=False --params-file /tmp/launch_params__90732i2 -r /tf:=tf -r /tf_static:=tf_static -r cmd_vel:=cmd_vel_nav"
2026-09-12T22:00:39Z,40,"compAB_devref_singleton",316847,"smoother_server",4.0,48960,19647,"/opt/ros/jazzy/lib/nav2_smoother/smoother_server --ros-args --log-level info --ros-args -r __node:=smoother_server -p use_sim_time:=False --params-file /tmp/launch_params__90732i2 -r /tf:=tf -r /tf_static:=tf_static"
2026-09-12T22:00:39Z,40,"compAB_devref_singleton",316848,"planner_server",4.4,58640,27573,"/opt/ros/jazzy/lib/nav2_planner/planner_server --ros-args --log-level info --ros-args -r __node:=planner_server -p use_sim_time:=False --params-file /tmp/launch_params__90732i2 -r /tf:=tf -r /tf_static:=tf_static"
2026-09-12T22:00:39Z,40,"compAB_devref_singleton",316849,"route_server",4.0,52984,22786,"/opt/ros/jazzy/lib/nav2_route/route_server --ros-args --log-level info --ros-args -r __node:=route_server -p use_sim_time:=False --params-file /tmp/launch_params__90732i2 -r /tf:=tf -r /tf_static:=tf_static"
2026-09-12T22:00:39Z,40,"compAB_devref_singleton",316850,"behavior_server",4.5,54100,23983,"/opt/ros/jazzy/lib/nav2_behaviors/behavior_server --ros-args --log-level info --ros-args -r __node:=behavior_server -p use_sim_time:=False --params-file /tmp/launch_params__90732i2 -r /tf:=tf -r /tf_static:=tf_static -r cmd_vel:=cmd_vel_nav"
2026-09-12T22:00:39Z,40,"compAB_devref_singleton",316851,"bt_navigator",7.4,77696,48605,"/opt/ros/jazzy/lib/nav2_bt_navigator/bt_navigator --ros-args --log-level info --ros-args -r __node:=bt_navigator -p use_sim_time:=False --params-file /tmp/launch_params__90732i2 -r /tf:=tf -r /tf_static:=tf_static"
2026-09-12T22:00:39Z,40,"compAB_devref_singleton",316852,"waypoint_follow",3.4,46612,19320,"/opt/ros/jazzy/lib/nav2_waypoint_follower/waypoint_follower --ros-args --log-level info --ros-args -r __node:=waypoint_follower -p use_sim_time:=False --params-file /tmp/launch_params__90732i2 -r /tf:=tf -r /tf_static:=tf_static"
2026-09-12T22:00:39Z,40,"compAB_devref_singleton",316853,"velocity_smooth",3.4,39300,16129,"/opt/ros/jazzy/lib/nav2_velocity_smoother/velocity_smoother --ros-args --log-level info --ros-args -r __node:=velocity_smoother -p use_sim_time:=False --params-file /tmp/launch_params__90732i2 -r /tf:=tf -r /tf_static:=tf_static -r cmd_vel:=cmd_vel_nav"
2026-09-12T22:00:39Z,40,"compAB_devref_singleton",316854,"collision_monit",4.1,51896,21612,"/opt/ros/jazzy/lib/nav2_collision_monitor/collision_monitor --ros-args --log-level info --ros-args -r __node:=collision_monitor -p use_sim_time:=False --params-file /tmp/launch_params__90732i2 -r /tf:=tf -r /tf_static:=tf_static"
2026-09-12T22:00:39Z,40,"compAB_devref_singleton",316856,"lifecycle_manag",9.0,46672,20740,"/opt/ros/jazzy/lib/nav2_lifecycle_manager/lifecycle_manager --ros-args --log-level info --ros-args -r __node:=lifecycle_manager_navigation -p use_sim_time:=False --params-file /tmp/launch_params_0swl114y --params-file /tmp/launch_params_oxcye_37"
2026-09-12T22:00:39Z,40,"compAB_devref_singleton",317108,"bash",0.0,2464,587,"bash /cbab3/work/scripts/run_nav2_composition_ab.sh --label compAB_devref --duration 120"
2026-09-12T22:00:39Z,40,"compAB_devref_singleton",317109,"python3",9.5,84804,53817,"python3 /cbab3/work/scripts/nav_goal_sender.py --x 4.0 --y 4.0 --yaw 0.0 --repeat 0 --pause 1"
2026-09-12T22:00:39Z,40,"compAB_devref_singleton",317244,"bash",1.1,4440,1010,"bash /oomwoo/contributions/compute-benchmark/xbattlax/scripts/measure_ros_processes.sh --pattern python3|ros2|nav2|component_container|nav_goal_sender|amcl|map_server|planner|controller|behavior|bt_nav|smoother|waypoint --duration 110 --interval 2 --label compAB_devref_singleton --output /cbab3/work/scripts/../results/composition_ab/compAB_devref_singleton_20260912T215506Z.csv"
2026-09-12T22:00:41Z,41,"compAB_devref_singleton",232119,"python3",0.2,80320,51284,"/usr/bin/python3 -c from ros2cli.daemon.daemonize import main; main() --name ros2-daemon --ros-domain-id 0 --rmw-implementation rmw_fastrtps_cpp"
2026-09-12T22:00:41Z,41,"compAB_devref_singleton",299391,"bash",0.0,3864,934,"bash -c source /opt/ros/jazzy/setup.bash && bash /cbab3/work/scripts/run_nav2_composition_ab.sh --label compAB_devref --duration 120 2>&1"
2026-09-12T22:00:41Z,41,"compAB_devref_singleton",299404,"bash",0.0,4476,1278,"bash /cbab3/work/scripts/run_nav2_composition_ab.sh --label compAB_devref --duration 120"
2026-09-12T22:00:41Z,41,"compAB_devref_singleton",316823,"python3",5.6,78356,48636,"python3 /cbab3/work/scripts/synthetic_scan_publisher.py --duration 220 --loop-s 40 --hz 5.0"
2026-09-12T22:00:41Z,41,"compAB_devref_singleton",316839,"ros2",0.4,43576,30705,"/usr/bin/python3 /opt/ros/jazzy/bin/ros2 launch nav2_bringup bringup_launch.py map:=/cbab3/work/scripts/../results/composition_ab/compAB_nav2_map.yaml params_file:=/cbab3/work/scripts/nav2_params_bench.yaml use_sim_time:=False autostart:=True slam:=False use_composition:=False"
2026-09-12T22:00:41Z,41,"compAB_devref_singleton",316843,"map_server",3.3,49244,22922,"/opt/ros/jazzy/lib/nav2_map_server/map_server --ros-args --log-level info --ros-args -r __node:=map_server -p use_sim_time:=False --params-file /tmp/launch_params_8lqf7rgz --params-file /tmp/launch_params_xbz9z5ah -r /tf:=tf -r /tf_static:=tf_static"
2026-09-12T22:00:41Z,41,"compAB_devref_singleton",316844,"amcl",6.4,51188,22379,"/opt/ros/jazzy/lib/nav2_amcl/amcl --ros-args --log-level info --ros-args -r __node:=amcl -p use_sim_time:=False --params-file /tmp/launch_params_8lqf7rgz -r /tf:=tf -r /tf_static:=tf_static"
2026-09-12T22:00:41Z,41,"compAB_devref_singleton",316845,"lifecycle_manag",3.8,43064,16722,"/opt/ros/jazzy/lib/nav2_lifecycle_manager/lifecycle_manager --ros-args --log-level info --ros-args -r __node:=lifecycle_manager_localization -p use_sim_time:=False --params-file /tmp/launch_params_dosuoat0 --params-file /tmp/launch_params_bm1qwshx"
2026-09-12T22:00:41Z,41,"compAB_devref_singleton",316846,"controller_serv",12.0,71572,40512,"/opt/ros/jazzy/lib/nav2_controller/controller_server --ros-args --log-level info --ros-args -p use_sim_time:=False --params-file /tmp/launch_params__90732i2 -r /tf:=tf -r /tf_static:=tf_static -r cmd_vel:=cmd_vel_nav"
2026-09-12T22:00:41Z,41,"compAB_devref_singleton",316847,"smoother_server",4.0,48960,19646,"/opt/ros/jazzy/lib/nav2_smoother/smoother_server --ros-args --log-level info --ros-args -r __node:=smoother_server -p use_sim_time:=False --params-file /tmp/launch_params__90732i2 -r /tf:=tf -r /tf_static:=tf_static"
2026-09-12T22:00:41Z,41,"compAB_devref_singleton",316848,"planner_server",4.4,58640,27573,"/opt/ros/jazzy/lib/nav2_planner/planner_server --ros-args --log-level info --ros-args -r __node:=planner_server -p use_sim_time:=False --params-file /tmp/launch_params__90732i2 -r /tf:=tf -r /tf_static:=tf_static"
2026-09-12T22:00:41Z,41,"compAB_devref_singleton",316849,"route_server",4.0,52984,22786,"/opt/ros/jazzy/lib/nav2_route/route_server --ros-args --log-level info --ros-args -r __node:=route_server -p use_sim_time:=False --params-file /tmp/launch_params__90732i2 -r /tf:=tf -r /tf_static:=tf_static"
2026-09-12T22:00:41Z,41,"compAB_devref_singleton",316850,"behavior_server",4.5,54100,23983,"/opt/ros/jazzy/lib/nav2_behaviors/behavior_server --ros-args --log-level info --ros-args -r __node:=behavior_server -p use_sim_time:=False --params-file /tmp/launch_params__90732i2 -r /tf:=tf -r /tf_static:=tf_static -r cmd_vel:=cmd_vel_nav"
2026-09-12T22:00:41Z,41,"compAB_devref_singleton",316851,"bt_navigator",7.4,77696,48604,"/opt/ros/jazzy/lib/nav2_bt_navigator/bt_navigator --ros-args --log-level info --ros-args -r __node:=bt_navigator -p use_sim_time:=False --params-file /tmp/launch_params__90732i2 -r /tf:=tf -r /tf_static:=tf_static"
2026-09-12T22:00:41Z,41,"compAB_devref_singleton",316852,"waypoint_follow",3.4,46612,19320,"/opt/ros/jazzy/lib/nav2_waypoint_follower/waypoint_follower --ros-args --log-level info --ros-args -r __node:=waypoint_follower -p use_sim_time:=False --params-file /tmp/launch_params__90732i2 -r /tf:=tf -r /tf_static:=tf_static"
2026-09-12T22:00:41Z,41,"compAB_devref_singleton",316853,"velocity_smooth",3.4,39300,16129,"/opt/ros/jazzy/lib/nav2_velocity_smoother/velocity_smoother --ros-args --log-level info --ros-args -r __node:=velocity_smoother -p use_sim_time:=False --params-file /tmp/launch_params__90732i2 -r /tf:=tf -r /tf_static:=tf_static -r cmd_vel:=cmd_vel_nav"
2026-09-12T22:00:41Z,41,"compAB_devref_singleton",316854,"collision_monit",4.0,51896,21611,"/opt/ros/jazzy/lib/nav2_collision_monitor/collision_monitor --ros-args --log-level info --ros-args -r __node:=collision_monitor -p use_sim_time:=False --params-file /tmp/launch_params__90732i2 -r /tf:=tf -r /tf_static:=tf_static"
2026-09-12T22:00:41Z,41,"compAB_devref_singleton",316856,"lifecycle_manag",9.0,46672,20740,"/opt/ros/jazzy/lib/nav2_lifecycle_manager/lifecycle_manager --ros-args --log-level info --ros-args -r __node:=lifecycle_manager_navigation -p use_sim_time:=False --params-file /tmp/launch_params_0swl114y --params-file /tmp/launch_params_oxcye_37"
2026-09-12T22:00:41Z,41,"compAB_devref_singleton",317108,"bash",0.0,2464,586,"bash /cbab3/work/scripts/run_nav2_composition_ab.sh --label compAB_devref --duration 120"
2026-09-12T22:00:41Z,41,"compAB_devref_singleton",317109,"python3",9.5,84804,53817,"python3 /cbab3/work/scripts/nav_goal_sender.py --x 4.0 --y 4.0 --yaw 0.0 --repeat 0 --pause 1"
2026-09-12T22:00:41Z,41,"compAB_devref_singleton",317244,"bash",1.1,4440,1010,"bash /oomwoo/contributions/compute-benchmark/xbattlax/scripts/measure_ros_processes.sh --pattern python3|ros2|nav2|component_container|nav_goal_sender|amcl|map_server|planner|controller|behavior|bt_nav|smoother|waypoint --duration 110 --interval 2 --label compAB_devref_singleton --output /cbab3/work/scripts/../results/composition_ab/compAB_devref_singleton_20260912T215506Z.csv"
