timestamp_utc,sample_index,label,pid,comm,cpu_percent,rss_kib,pss_kib,cmdline
2026-09-19T05:29:59Z,0,"topoABC_devref_singleton_r1",107,"python3",0.2,80964,51540,"/usr/bin/python3 -c from ros2cli.daemon.daemonize import main; main() --name ros2-daemon --ros-domain-id 0 --rmw-implementation rmw_fastrtps_cpp"
2026-09-19T05:29:59Z,0,"topoABC_devref_singleton_r1",32203,"python3",6.0,79560,49050,"python3 /wt/contributions/compute-benchmark/OsakaTX/scripts/synthetic_scan_publisher.py --duration 220 --loop-s 40 --hz 5.0"
2026-09-19T05:29:59Z,0,"topoABC_devref_singleton_r1",32219,"ros2",1.3,44188,30887,"/usr/bin/python3 /opt/ros/jazzy/bin/ros2 launch nav2_bringup bringup_launch.py map:=/wt/contributions/compute-benchmark/OsakaTX/scripts/../results/topology_abc/topoABC_nav2_map_r.yaml params_file:=/wt/contributions/compute-benchmark/OsakaTX/scripts/nav2_params_bench.yaml use_sim_time:=False autostart:=True slam:=False use_composition:=False"
2026-09-19T05:29:59Z,0,"topoABC_devref_singleton_r1",32223,"map_server",4.1,50344,23364,"/opt/ros/jazzy/lib/nav2_map_server/map_server --ros-args --log-level info --ros-args -r __node:=map_server -p use_sim_time:=False --params-file /tmp/launch_params_bm7msjj2 --params-file /tmp/launch_params_m__teirg -r /tf:=tf -r /tf_static:=tf_static"
2026-09-19T05:29:59Z,0,"topoABC_devref_singleton_r1",32224,"amcl",7.0,51956,22556,"/opt/ros/jazzy/lib/nav2_amcl/amcl --ros-args --log-level info --ros-args -r __node:=amcl -p use_sim_time:=False --params-file /tmp/launch_params_bm7msjj2 -r /tf:=tf -r /tf_static:=tf_static"
2026-09-19T05:29:59Z,0,"topoABC_devref_singleton_r1",32225,"lifecycle_manag",4.5,43372,16755,"/opt/ros/jazzy/lib/nav2_lifecycle_manager/lifecycle_manager --ros-args --log-level info --ros-args -r __node:=lifecycle_manager_localization -p use_sim_time:=False --params-file /tmp/launch_params_qzpct4_u --params-file /tmp/launch_params_f3b3lnex"
2026-09-19T05:29:59Z,0,"topoABC_devref_singleton_r1",32226,"controller_serv",6.1,65572,33574,"/opt/ros/jazzy/lib/nav2_controller/controller_server --ros-args --log-level info --ros-args -p use_sim_time:=False --params-file /tmp/launch_params_ijw3eq_3 -r /tf:=tf -r /tf_static:=tf_static -r cmd_vel:=cmd_vel_nav"
2026-09-19T05:29:59Z,0,"topoABC_devref_singleton_r1",32227,"smoother_server",4.5,49956,19855,"/opt/ros/jazzy/lib/nav2_smoother/smoother_server --ros-args --log-level info --ros-args -r __node:=smoother_server -p use_sim_time:=False --params-file /tmp/launch_params_ijw3eq_3 -r /tf:=tf -r /tf_static:=tf_static"
2026-09-19T05:29:59Z,0,"topoABC_devref_singleton_r1",32228,"planner_server",4.9,58380,27078,"/opt/ros/jazzy/lib/nav2_planner/planner_server --ros-args --log-level info --ros-args -r __node:=planner_server -p use_sim_time:=False --params-file /tmp/launch_params_ijw3eq_3 -r /tf:=tf -r /tf_static:=tf_static"
2026-09-19T05:29:59Z,0,"topoABC_devref_singleton_r1",32229,"route_server",4.7,53908,22921,"/opt/ros/jazzy/lib/nav2_route/route_server --ros-args --log-level info --ros-args -r __node:=route_server -p use_sim_time:=False --params-file /tmp/launch_params_ijw3eq_3 -r /tf:=tf -r /tf_static:=tf_static"
2026-09-19T05:29:59Z,0,"topoABC_devref_singleton_r1",32230,"behavior_server",5.1,53964,23812,"/opt/ros/jazzy/lib/nav2_behaviors/behavior_server --ros-args --log-level info --ros-args -r __node:=behavior_server -p use_sim_time:=False --params-file /tmp/launch_params_ijw3eq_3 -r /tf:=tf -r /tf_static:=tf_static -r cmd_vel:=cmd_vel_nav"
2026-09-19T05:29:59Z,0,"topoABC_devref_singleton_r1",32231,"bt_navigator",5.9,78056,48468,"/opt/ros/jazzy/lib/nav2_bt_navigator/bt_navigator --ros-args --log-level info --ros-args -r __node:=bt_navigator -p use_sim_time:=False --params-file /tmp/launch_params_ijw3eq_3 -r /tf:=tf -r /tf_static:=tf_static"
2026-09-19T05:29:59Z,0,"topoABC_devref_singleton_r1",32232,"waypoint_follow",3.7,46960,19295,"/opt/ros/jazzy/lib/nav2_waypoint_follower/waypoint_follower --ros-args --log-level info --ros-args -r __node:=waypoint_follower -p use_sim_time:=False --params-file /tmp/launch_params_ijw3eq_3 -r /tf:=tf -r /tf_static:=tf_static"
2026-09-19T05:29:59Z,0,"topoABC_devref_singleton_r1",32233,"velocity_smooth",3.9,39976,16070,"/opt/ros/jazzy/lib/nav2_velocity_smoother/velocity_smoother --ros-args --log-level info --ros-args -r __node:=velocity_smoother -p use_sim_time:=False --params-file /tmp/launch_params_ijw3eq_3 -r /tf:=tf -r /tf_static:=tf_static -r cmd_vel:=cmd_vel_nav"
2026-09-19T05:29:59Z,0,"topoABC_devref_singleton_r1",32234,"collision_monit",4.3,51632,21396,"/opt/ros/jazzy/lib/nav2_collision_monitor/collision_monitor --ros-args --log-level info --ros-args -r __node:=collision_monitor -p use_sim_time:=False --params-file /tmp/launch_params_ijw3eq_3 -r /tf:=tf -r /tf_static:=tf_static"
2026-09-19T05:29:59Z,0,"topoABC_devref_singleton_r1",32236,"lifecycle_manag",9.6,47500,20926,"/opt/ros/jazzy/lib/nav2_lifecycle_manager/lifecycle_manager --ros-args --log-level info --ros-args -r __node:=lifecycle_manager_navigation -p use_sim_time:=False --params-file /tmp/launch_params_i8sg6xsb --params-file /tmp/launch_params_vpz_2_f0"
2026-09-19T05:29:59Z,0,"topoABC_devref_singleton_r1",32488,"bash",0.0,2440,581,"bash /wt/contributions/compute-benchmark/OsakaTX/scripts/run_nav2_topology_abc.sh --label topoABC_devref --reps 1 --arms composable,hybrid,singleton"
2026-09-19T05:29:59Z,0,"topoABC_devref_singleton_r1",32489,"python3",24.8,84908,53760,"python3 /wt/contributions/compute-benchmark/OsakaTX/scripts/nav_goal_sender.py --x 4.0 --y 4.0 --yaw 0.0 --repeat 0 --pause 1"
2026-09-19T05:29:59Z,0,"topoABC_devref_singleton_r1",32544,"bash",4.9,4444,1005,"bash /wt/contributions/compute-benchmark/xbattlax/scripts/measure_ros_processes.sh --pattern python3|ros2|nav2|component_container|hybrid.*container|nav_goal_sender|amcl|map_server|planner|controller|behavior|bt_nav|smoother|waypoint|route|collision|velocity --duration 110 --interval 2 --label topoABC_devref_singleton_r1 --output /wt/contributions/compute-benchmark/OsakaTX/scripts/../results/topology_abc/topoABC_devref_singleton_r1_20260919T052351Z.csv"
2026-09-19T05:29:59Z,0,"topoABC_devref_singleton_r1",9640,"bash",0.0,3908,945,"bash -c source /opt/ros/jazzy/setup.bash; WT=/wt bash /wt/contributions/compute-benchmark/OsakaTX/scripts/run_nav2_topology_abc.sh --label topoABC_devref --reps 1 --arms composable,hybrid,singleton 2>&1 | grep -E ""^===|bringup gate|goals accepted|WARNING|ERROR|died"" | head -30"
2026-09-19T05:29:59Z,0,"topoABC_devref_singleton_r1",9653,"bash",0.0,4544,1293,"bash /wt/contributions/compute-benchmark/OsakaTX/scripts/run_nav2_topology_abc.sh --label topoABC_devref --reps 1 --arms composable,hybrid,singleton"
2026-09-19T05:30:02Z,1,"topoABC_devref_singleton_r1",107,"python3",0.2,80904,51538,"/usr/bin/python3 -c from ros2cli.daemon.daemonize import main; main() --name ros2-daemon --ros-domain-id 0 --rmw-implementation rmw_fastrtps_cpp"
2026-09-19T05:30:02Z,1,"topoABC_devref_singleton_r1",32203,"python3",6.0,79500,49030,"python3 /wt/contributions/compute-benchmark/OsakaTX/scripts/synthetic_scan_publisher.py --duration 220 --loop-s 40 --hz 5.0"
2026-09-19T05:30:02Z,1,"topoABC_devref_singleton_r1",32219,"ros2",1.2,44188,30885,"/usr/bin/python3 /opt/ros/jazzy/bin/ros2 launch nav2_bringup bringup_launch.py map:=/wt/contributions/compute-benchmark/OsakaTX/scripts/../results/topology_abc/topoABC_nav2_map_r.yaml params_file:=/wt/contributions/compute-benchmark/OsakaTX/scripts/nav2_params_bench.yaml use_sim_time:=False autostart:=True slam:=False use_composition:=False"
2026-09-19T05:30:02Z,1,"topoABC_devref_singleton_r1",32223,"map_server",4.1,50344,23369,"/opt/ros/jazzy/lib/nav2_map_server/map_server --ros-args --log-level info --ros-args -r __node:=map_server -p use_sim_time:=False --params-file /tmp/launch_params_bm7msjj2 --params-file /tmp/launch_params_m__teirg -r /tf:=tf -r /tf_static:=tf_static"
2026-09-19T05:30:02Z,1,"topoABC_devref_singleton_r1",32224,"amcl",6.9,51892,22520,"/opt/ros/jazzy/lib/nav2_amcl/amcl --ros-args --log-level info --ros-args -r __node:=amcl -p use_sim_time:=False --params-file /tmp/launch_params_bm7msjj2 -r /tf:=tf -r /tf_static:=tf_static"
2026-09-19T05:30:02Z,1,"topoABC_devref_singleton_r1",32225,"lifecycle_manag",4.4,43308,16750,"/opt/ros/jazzy/lib/nav2_lifecycle_manager/lifecycle_manager --ros-args --log-level info --ros-args -r __node:=lifecycle_manager_localization -p use_sim_time:=False --params-file /tmp/launch_params_qzpct4_u --params-file /tmp/launch_params_f3b3lnex"
2026-09-19T05:30:02Z,1,"topoABC_devref_singleton_r1",32226,"controller_serv",6.1,65508,33519,"/opt/ros/jazzy/lib/nav2_controller/controller_server --ros-args --log-level info --ros-args -p use_sim_time:=False --params-file /tmp/launch_params_ijw3eq_3 -r /tf:=tf -r /tf_static:=tf_static -r cmd_vel:=cmd_vel_nav"
2026-09-19T05:30:02Z,1,"topoABC_devref_singleton_r1",32227,"smoother_server",4.5,49892,19846,"/opt/ros/jazzy/lib/nav2_smoother/smoother_server --ros-args --log-level info --ros-args -r __node:=smoother_server -p use_sim_time:=False --params-file /tmp/launch_params_ijw3eq_3 -r /tf:=tf -r /tf_static:=tf_static"
2026-09-19T05:30:02Z,1,"topoABC_devref_singleton_r1",32228,"planner_server",4.9,58324,27034,"/opt/ros/jazzy/lib/nav2_planner/planner_server --ros-args --log-level info --ros-args -r __node:=planner_server -p use_sim_time:=False --params-file /tmp/launch_params_ijw3eq_3 -r /tf:=tf -r /tf_static:=tf_static"
2026-09-19T05:30:02Z,1,"topoABC_devref_singleton_r1",32229,"route_server",4.7,53844,22917,"/opt/ros/jazzy/lib/nav2_route/route_server --ros-args --log-level info --ros-args -r __node:=route_server -p use_sim_time:=False --params-file /tmp/launch_params_ijw3eq_3 -r /tf:=tf -r /tf_static:=tf_static"
2026-09-19T05:30:02Z,1,"topoABC_devref_singleton_r1",32230,"behavior_server",5.1,54500,23967,"/opt/ros/jazzy/lib/nav2_behaviors/behavior_server --ros-args --log-level info --ros-args -r __node:=behavior_server -p use_sim_time:=False --params-file /tmp/launch_params_ijw3eq_3 -r /tf:=tf -r /tf_static:=tf_static -r cmd_vel:=cmd_vel_nav"
2026-09-19T05:30:02Z,1,"topoABC_devref_singleton_r1",32231,"bt_navigator",6.0,77992,48426,"/opt/ros/jazzy/lib/nav2_bt_navigator/bt_navigator --ros-args --log-level info --ros-args -r __node:=bt_navigator -p use_sim_time:=False --params-file /tmp/launch_params_ijw3eq_3 -r /tf:=tf -r /tf_static:=tf_static"
2026-09-19T05:30:02Z,1,"topoABC_devref_singleton_r1",32232,"waypoint_follow",3.7,46944,19293,"/opt/ros/jazzy/lib/nav2_waypoint_follower/waypoint_follower --ros-args --log-level info --ros-args -r __node:=waypoint_follower -p use_sim_time:=False --params-file /tmp/launch_params_ijw3eq_3 -r /tf:=tf -r /tf_static:=tf_static"
2026-09-19T05:30:02Z,1,"topoABC_devref_singleton_r1",32233,"velocity_smooth",3.8,39912,16065,"/opt/ros/jazzy/lib/nav2_velocity_smoother/velocity_smoother --ros-args --log-level info --ros-args -r __node:=velocity_smoother -p use_sim_time:=False --params-file /tmp/launch_params_ijw3eq_3 -r /tf:=tf -r /tf_static:=tf_static -r cmd_vel:=cmd_vel_nav"
2026-09-19T05:30:02Z,1,"topoABC_devref_singleton_r1",32234,"collision_monit",4.3,52104,21509,"/opt/ros/jazzy/lib/nav2_collision_monitor/collision_monitor --ros-args --log-level info --ros-args -r __node:=collision_monitor -p use_sim_time:=False --params-file /tmp/launch_params_ijw3eq_3 -r /tf:=tf -r /tf_static:=tf_static"
2026-09-19T05:30:02Z,1,"topoABC_devref_singleton_r1",32236,"lifecycle_manag",9.5,47436,20922,"/opt/ros/jazzy/lib/nav2_lifecycle_manager/lifecycle_manager --ros-args --log-level info --ros-args -r __node:=lifecycle_manager_navigation -p use_sim_time:=False --params-file /tmp/launch_params_i8sg6xsb --params-file /tmp/launch_params_vpz_2_f0"
2026-09-19T05:30:02Z,1,"topoABC_devref_singleton_r1",32488,"bash",0.0,2440,581,"bash /wt/contributions/compute-benchmark/OsakaTX/scripts/run_nav2_topology_abc.sh --label topoABC_devref --reps 1 --arms composable,hybrid,singleton"
2026-09-19T05:30:02Z,1,"topoABC_devref_singleton_r1",32489,"python3",18.3,85064,53916,"python3 /wt/contributions/compute-benchmark/OsakaTX/scripts/nav_goal_sender.py --x 4.0 --y 4.0 --yaw 0.0 --repeat 0 --pause 1"
2026-09-19T05:30:02Z,1,"topoABC_devref_singleton_r1",32544,"bash",1.9,4464,1023,"bash /wt/contributions/compute-benchmark/xbattlax/scripts/measure_ros_processes.sh --pattern python3|ros2|nav2|component_container|hybrid.*container|nav_goal_sender|amcl|map_server|planner|controller|behavior|bt_nav|smoother|waypoint|route|collision|velocity --duration 110 --interval 2 --label topoABC_devref_singleton_r1 --output /wt/contributions/compute-benchmark/OsakaTX/scripts/../results/topology_abc/topoABC_devref_singleton_r1_20260919T052351Z.csv"
2026-09-19T05:30:02Z,1,"topoABC_devref_singleton_r1",9640,"bash",0.0,3908,945,"bash -c source /opt/ros/jazzy/setup.bash; WT=/wt bash /wt/contributions/compute-benchmark/OsakaTX/scripts/run_nav2_topology_abc.sh --label topoABC_devref --reps 1 --arms composable,hybrid,singleton 2>&1 | grep -E ""^===|bringup gate|goals accepted|WARNING|ERROR|died"" | head -30"
2026-09-19T05:30:02Z,1,"topoABC_devref_singleton_r1",9653,"bash",0.0,4544,1292,"bash /wt/contributions/compute-benchmark/OsakaTX/scripts/run_nav2_topology_abc.sh --label topoABC_devref --reps 1 --arms composable,hybrid,singleton"
2026-09-19T05:30:04Z,2,"topoABC_devref_singleton_r1",107,"python3",0.2,80840,51535,"/usr/bin/python3 -c from ros2cli.daemon.daemonize import main; main() --name ros2-daemon --ros-domain-id 0 --rmw-implementation rmw_fastrtps_cpp"
2026-09-19T05:30:04Z,2,"topoABC_devref_singleton_r1",32203,"python3",6.0,79436,49027,"python3 /wt/contributions/compute-benchmark/OsakaTX/scripts/synthetic_scan_publisher.py --duration 220 --loop-s 40 --hz 5.0"
2026-09-19T05:30:04Z,2,"topoABC_devref_singleton_r1",32219,"ros2",1.2,44188,30881,"/usr/bin/python3 /opt/ros/jazzy/bin/ros2 launch nav2_bringup bringup_launch.py map:=/wt/contributions/compute-benchmark/OsakaTX/scripts/../results/topology_abc/topoABC_nav2_map_r.yaml params_file:=/wt/contributions/compute-benchmark/OsakaTX/scripts/nav2_params_bench.yaml use_sim_time:=False autostart:=True slam:=False use_composition:=False"
2026-09-19T05:30:04Z,2,"topoABC_devref_singleton_r1",32223,"map_server",4.1,50280,23417,"/opt/ros/jazzy/lib/nav2_map_server/map_server --ros-args --log-level info --ros-args -r __node:=map_server -p use_sim_time:=False --params-file /tmp/launch_params_bm7msjj2 --params-file /tmp/launch_params_m__teirg -r /tf:=tf -r /tf_static:=tf_static"
2026-09-19T05:30:04Z,2,"topoABC_devref_singleton_r1",32224,"amcl",6.9,51828,22516,"/opt/ros/jazzy/lib/nav2_amcl/amcl --ros-args --log-level info --ros-args -r __node:=amcl -p use_sim_time:=False --params-file /tmp/launch_params_bm7msjj2 -r /tf:=tf -r /tf_static:=tf_static"
2026-09-19T05:30:04Z,2,"topoABC_devref_singleton_r1",32225,"lifecycle_manag",4.4,43244,16746,"/opt/ros/jazzy/lib/nav2_lifecycle_manager/lifecycle_manager --ros-args --log-level info --ros-args -r __node:=lifecycle_manager_localization -p use_sim_time:=False --params-file /tmp/launch_params_qzpct4_u --params-file /tmp/launch_params_f3b3lnex"
2026-09-19T05:30:04Z,2,"topoABC_devref_singleton_r1",32226,"controller_serv",6.2,66148,34219,"/opt/ros/jazzy/lib/nav2_controller/controller_server --ros-args --log-level info --ros-args -p use_sim_time:=False --params-file /tmp/launch_params_ijw3eq_3 -r /tf:=tf -r /tf_static:=tf_static -r cmd_vel:=cmd_vel_nav"
2026-09-19T05:30:04Z,2,"topoABC_devref_singleton_r1",32227,"smoother_server",4.4,49828,19843,"/opt/ros/jazzy/lib/nav2_smoother/smoother_server --ros-args --log-level info --ros-args -r __node:=smoother_server -p use_sim_time:=False --params-file /tmp/launch_params_ijw3eq_3 -r /tf:=tf -r /tf_static:=tf_static"
2026-09-19T05:30:04Z,2,"topoABC_devref_singleton_r1",32228,"planner_server",4.8,58312,27083,"/opt/ros/jazzy/lib/nav2_planner/planner_server --ros-args --log-level info --ros-args -r __node:=planner_server -p use_sim_time:=False --params-file /tmp/launch_params_ijw3eq_3 -r /tf:=tf -r /tf_static:=tf_static"
2026-09-19T05:30:04Z,2,"topoABC_devref_singleton_r1",32229,"route_server",4.6,53780,22913,"/opt/ros/jazzy/lib/nav2_route/route_server --ros-args --log-level info --ros-args -r __node:=route_server -p use_sim_time:=False --params-file /tmp/launch_params_ijw3eq_3 -r /tf:=tf -r /tf_static:=tf_static"
2026-09-19T05:30:04Z,2,"topoABC_devref_singleton_r1",32230,"behavior_server",5.1,54428,23954,"/opt/ros/jazzy/lib/nav2_behaviors/behavior_server --ros-args --log-level info --ros-args -r __node:=behavior_server -p use_sim_time:=False --params-file /tmp/launch_params_ijw3eq_3 -r /tf:=tf -r /tf_static:=tf_static -r cmd_vel:=cmd_vel_nav"
2026-09-19T05:30:04Z,2,"topoABC_devref_singleton_r1",32231,"bt_navigator",6.1,78040,48535,"/opt/ros/jazzy/lib/nav2_bt_navigator/bt_navigator --ros-args --log-level info --ros-args -r __node:=bt_navigator -p use_sim_time:=False --params-file /tmp/launch_params_ijw3eq_3 -r /tf:=tf -r /tf_static:=tf_static"
2026-09-19T05:30:04Z,2,"topoABC_devref_singleton_r1",32232,"waypoint_follow",3.7,46880,19289,"/opt/ros/jazzy/lib/nav2_waypoint_follower/waypoint_follower --ros-args --log-level info --ros-args -r __node:=waypoint_follower -p use_sim_time:=False --params-file /tmp/launch_params_ijw3eq_3 -r /tf:=tf -r /tf_static:=tf_static"
2026-09-19T05:30:04Z,2,"topoABC_devref_singleton_r1",32233,"velocity_smooth",3.8,39848,16061,"/opt/ros/jazzy/lib/nav2_velocity_smoother/velocity_smoother --ros-args --log-level info --ros-args -r __node:=velocity_smoother -p use_sim_time:=False --params-file /tmp/launch_params_ijw3eq_3 -r /tf:=tf -r /tf_static:=tf_static -r cmd_vel:=cmd_vel_nav"
2026-09-19T05:30:04Z,2,"topoABC_devref_singleton_r1",32234,"collision_monit",4.2,52040,21505,"/opt/ros/jazzy/lib/nav2_collision_monitor/collision_monitor --ros-args --log-level info --ros-args -r __node:=collision_monitor -p use_sim_time:=False --params-file /tmp/launch_params_ijw3eq_3 -r /tf:=tf -r /tf_static:=tf_static"
2026-09-19T05:30:04Z,2,"topoABC_devref_singleton_r1",32236,"lifecycle_manag",9.4,47372,20918,"/opt/ros/jazzy/lib/nav2_lifecycle_manager/lifecycle_manager --ros-args --log-level info --ros-args -r __node:=lifecycle_manager_navigation -p use_sim_time:=False --params-file /tmp/launch_params_i8sg6xsb --params-file /tmp/launch_params_vpz_2_f0"
2026-09-19T05:30:04Z,2,"topoABC_devref_singleton_r1",32488,"bash",0.0,2440,581,"bash /wt/contributions/compute-benchmark/OsakaTX/scripts/run_nav2_topology_abc.sh --label topoABC_devref --reps 1 --arms composable,hybrid,singleton"
2026-09-19T05:30:04Z,2,"topoABC_devref_singleton_r1",32489,"python3",15.5,85028,53939,"python3 /wt/contributions/compute-benchmark/OsakaTX/scripts/nav_goal_sender.py --x 4.0 --y 4.0 --yaw 0.0 --repeat 0 --pause 1"
2026-09-19T05:30:04Z,2,"topoABC_devref_singleton_r1",32544,"bash",1.4,4468,1025,"bash /wt/contributions/compute-benchmark/xbattlax/scripts/measure_ros_processes.sh --pattern python3|ros2|nav2|component_container|hybrid.*container|nav_goal_sender|amcl|map_server|planner|controller|behavior|bt_nav|smoother|waypoint|route|collision|velocity --duration 110 --interval 2 --label topoABC_devref_singleton_r1 --output /wt/contributions/compute-benchmark/OsakaTX/scripts/../results/topology_abc/topoABC_devref_singleton_r1_20260919T052351Z.csv"
2026-09-19T05:30:04Z,2,"topoABC_devref_singleton_r1",9640,"bash",0.0,3908,945,"bash -c source /opt/ros/jazzy/setup.bash; WT=/wt bash /wt/contributions/compute-benchmark/OsakaTX/scripts/run_nav2_topology_abc.sh --label topoABC_devref --reps 1 --arms composable,hybrid,singleton 2>&1 | grep -E ""^===|bringup gate|goals accepted|WARNING|ERROR|died"" | head -30"
2026-09-19T05:30:04Z,2,"topoABC_devref_singleton_r1",9653,"bash",0.0,4544,1290,"bash /wt/contributions/compute-benchmark/OsakaTX/scripts/run_nav2_topology_abc.sh --label topoABC_devref --reps 1 --arms composable,hybrid,singleton"
2026-09-19T05:30:07Z,3,"topoABC_devref_singleton_r1",107,"python3",0.2,80840,51532,"/usr/bin/python3 -c from ros2cli.daemon.daemonize import main; main() --name ros2-daemon --ros-domain-id 0 --rmw-implementation rmw_fastrtps_cpp"
2026-09-19T05:30:07Z,3,"topoABC_devref_singleton_r1",32203,"python3",6.0,79436,49026,"python3 /wt/contributions/compute-benchmark/OsakaTX/scripts/synthetic_scan_publisher.py --duration 220 --loop-s 40 --hz 5.0"
2026-09-19T05:30:07Z,3,"topoABC_devref_singleton_r1",32219,"ros2",1.1,44188,30885,"/usr/bin/python3 /opt/ros/jazzy/bin/ros2 launch nav2_bringup bringup_launch.py map:=/wt/contributions/compute-benchmark/OsakaTX/scripts/../results/topology_abc/topoABC_nav2_map_r.yaml params_file:=/wt/contributions/compute-benchmark/OsakaTX/scripts/nav2_params_bench.yaml use_sim_time:=False autostart:=True slam:=False use_composition:=False"
2026-09-19T05:30:07Z,3,"topoABC_devref_singleton_r1",32223,"map_server",4.0,50280,23417,"/opt/ros/jazzy/lib/nav2_map_server/map_server --ros-args --log-level info --ros-args -r __node:=map_server -p use_sim_time:=False --params-file /tmp/launch_params_bm7msjj2 --params-file /tmp/launch_params_m__teirg -r /tf:=tf -r /tf_static:=tf_static"
2026-09-19T05:30:07Z,3,"topoABC_devref_singleton_r1",32224,"amcl",6.9,51828,22516,"/opt/ros/jazzy/lib/nav2_amcl/amcl --ros-args --log-level info --ros-args -r __node:=amcl -p use_sim_time:=False --params-file /tmp/launch_params_bm7msjj2 -r /tf:=tf -r /tf_static:=tf_static"
2026-09-19T05:30:07Z,3,"topoABC_devref_singleton_r1",32225,"lifecycle_manag",4.4,43244,16746,"/opt/ros/jazzy/lib/nav2_lifecycle_manager/lifecycle_manager --ros-args --log-level info --ros-args -r __node:=lifecycle_manager_localization -p use_sim_time:=False --params-file /tmp/launch_params_qzpct4_u --params-file /tmp/launch_params_f3b3lnex"
2026-09-19T05:30:07Z,3,"topoABC_devref_singleton_r1",32226,"controller_serv",6.7,69856,37927,"/opt/ros/jazzy/lib/nav2_controller/controller_server --ros-args --log-level info --ros-args -p use_sim_time:=False --params-file /tmp/launch_params_ijw3eq_3 -r /tf:=tf -r /tf_static:=tf_static -r cmd_vel:=cmd_vel_nav"
2026-09-19T05:30:07Z,3,"topoABC_devref_singleton_r1",32227,"smoother_server",4.4,49828,19843,"/opt/ros/jazzy/lib/nav2_smoother/smoother_server --ros-args --log-level info --ros-args -r __node:=smoother_server -p use_sim_time:=False --params-file /tmp/launch_params_ijw3eq_3 -r /tf:=tf -r /tf_static:=tf_static"
2026-09-19T05:30:07Z,3,"topoABC_devref_singleton_r1",32228,"planner_server",4.8,58380,27150,"/opt/ros/jazzy/lib/nav2_planner/planner_server --ros-args --log-level info --ros-args -r __node:=planner_server -p use_sim_time:=False --params-file /tmp/launch_params_ijw3eq_3 -r /tf:=tf -r /tf_static:=tf_static"
2026-09-19T05:30:07Z,3,"topoABC_devref_singleton_r1",32229,"route_server",4.6,53780,22913,"/opt/ros/jazzy/lib/nav2_route/route_server --ros-args --log-level info --ros-args -r __node:=route_server -p use_sim_time:=False --params-file /tmp/launch_params_ijw3eq_3 -r /tf:=tf -r /tf_static:=tf_static"
2026-09-19T05:30:07Z,3,"topoABC_devref_singleton_r1",32230,"behavior_server",5.1,54428,23955,"/opt/ros/jazzy/lib/nav2_behaviors/behavior_server --ros-args --log-level info --ros-args -r __node:=behavior_server -p use_sim_time:=False --params-file /tmp/launch_params_ijw3eq_3 -r /tf:=tf -r /tf_static:=tf_static -r cmd_vel:=cmd_vel_nav"
2026-09-19T05:30:07Z,3,"topoABC_devref_singleton_r1",32231,"bt_navigator",6.2,78184,48679,"/opt/ros/jazzy/lib/nav2_bt_navigator/bt_navigator --ros-args --log-level info --ros-args -r __node:=bt_navigator -p use_sim_time:=False --params-file /tmp/launch_params_ijw3eq_3 -r /tf:=tf -r /tf_static:=tf_static"
2026-09-19T05:30:07Z,3,"topoABC_devref_singleton_r1",32232,"waypoint_follow",3.7,46880,19290,"/opt/ros/jazzy/lib/nav2_waypoint_follower/waypoint_follower --ros-args --log-level info --ros-args -r __node:=waypoint_follower -p use_sim_time:=False --params-file /tmp/launch_params_ijw3eq_3 -r /tf:=tf -r /tf_static:=tf_static"
2026-09-19T05:30:07Z,3,"topoABC_devref_singleton_r1",32233,"velocity_smooth",3.8,39848,16061,"/opt/ros/jazzy/lib/nav2_velocity_smoother/velocity_smoother --ros-args --log-level info --ros-args -r __node:=velocity_smoother -p use_sim_time:=False --params-file /tmp/launch_params_ijw3eq_3 -r /tf:=tf -r /tf_static:=tf_static -r cmd_vel:=cmd_vel_nav"
2026-09-19T05:30:07Z,3,"topoABC_devref_singleton_r1",32234,"collision_monit",4.2,52040,21505,"/opt/ros/jazzy/lib/nav2_collision_monitor/collision_monitor --ros-args --log-level info --ros-args -r __node:=collision_monitor -p use_sim_time:=False --params-file /tmp/launch_params_ijw3eq_3 -r /tf:=tf -r /tf_static:=tf_static"
2026-09-19T05:30:07Z,3,"topoABC_devref_singleton_r1",32236,"lifecycle_manag",9.4,47372,20918,"/opt/ros/jazzy/lib/nav2_lifecycle_manager/lifecycle_manager --ros-args --log-level info --ros-args -r __node:=lifecycle_manager_navigation -p use_sim_time:=False --params-file /tmp/launch_params_i8sg6xsb --params-file /tmp/launch_params_vpz_2_f0"
2026-09-19T05:30:07Z,3,"topoABC_devref_singleton_r1",32488,"bash",0.0,2440,581,"bash /wt/contributions/compute-benchmark/OsakaTX/scripts/run_nav2_topology_abc.sh --label topoABC_devref --reps 1 --arms composable,hybrid,singleton"
2026-09-19T05:30:07Z,3,"topoABC_devref_singleton_r1",32489,"python3",13.4,85032,53945,"python3 /wt/contributions/compute-benchmark/OsakaTX/scripts/nav_goal_sender.py --x 4.0 --y 4.0 --yaw 0.0 --repeat 0 --pause 1"
2026-09-19T05:30:07Z,3,"topoABC_devref_singleton_r1",32544,"bash",1.4,4468,1027,"bash /wt/contributions/compute-benchmark/xbattlax/scripts/measure_ros_processes.sh --pattern python3|ros2|nav2|component_container|hybrid.*container|nav_goal_sender|amcl|map_server|planner|controller|behavior|bt_nav|smoother|waypoint|route|collision|velocity --duration 110 --interval 2 --label topoABC_devref_singleton_r1 --output /wt/contributions/compute-benchmark/OsakaTX/scripts/../results/topology_abc/topoABC_devref_singleton_r1_20260919T052351Z.csv"
2026-09-19T05:30:07Z,3,"topoABC_devref_singleton_r1",9640,"bash",0.0,3908,945,"bash -c source /opt/ros/jazzy/setup.bash; WT=/wt bash /wt/contributions/compute-benchmark/OsakaTX/scripts/run_nav2_topology_abc.sh --label topoABC_devref --reps 1 --arms composable,hybrid,singleton 2>&1 | grep -E ""^===|bringup gate|goals accepted|WARNING|ERROR|died"" | head -30"
2026-09-19T05:30:07Z,3,"topoABC_devref_singleton_r1",9653,"bash",0.0,4544,1291,"bash /wt/contributions/compute-benchmark/OsakaTX/scripts/run_nav2_topology_abc.sh --label topoABC_devref --reps 1 --arms composable,hybrid,singleton"
2026-09-19T05:30:09Z,4,"topoABC_devref_singleton_r1",107,"python3",0.2,80840,51532,"/usr/bin/python3 -c from ros2cli.daemon.daemonize import main; main() --name ros2-daemon --ros-domain-id 0 --rmw-implementation rmw_fastrtps_cpp"
2026-09-19T05:30:09Z,4,"topoABC_devref_singleton_r1",32203,"python3",6.0,79436,49028,"python3 /wt/contributions/compute-benchmark/OsakaTX/scripts/synthetic_scan_publisher.py --duration 220 --loop-s 40 --hz 5.0"
2026-09-19T05:30:09Z,4,"topoABC_devref_singleton_r1",32219,"ros2",1.1,44188,30884,"/usr/bin/python3 /opt/ros/jazzy/bin/ros2 launch nav2_bringup bringup_launch.py map:=/wt/contributions/compute-benchmark/OsakaTX/scripts/../results/topology_abc/topoABC_nav2_map_r.yaml params_file:=/wt/contributions/compute-benchmark/OsakaTX/scripts/nav2_params_bench.yaml use_sim_time:=False autostart:=True slam:=False use_composition:=False"
2026-09-19T05:30:09Z,4,"topoABC_devref_singleton_r1",32223,"map_server",4.0,50216,23353,"/opt/ros/jazzy/lib/nav2_map_server/map_server --ros-args --log-level info --ros-args -r __node:=map_server -p use_sim_time:=False --params-file /tmp/launch_params_bm7msjj2 --params-file /tmp/launch_params_m__teirg -r /tf:=tf -r /tf_static:=tf_static"
2026-09-19T05:30:09Z,4,"topoABC_devref_singleton_r1",32224,"amcl",6.8,51832,22520,"/opt/ros/jazzy/lib/nav2_amcl/amcl --ros-args --log-level info --ros-args -r __node:=amcl -p use_sim_time:=False --params-file /tmp/launch_params_bm7msjj2 -r /tf:=tf -r /tf_static:=tf_static"
2026-09-19T05:30:09Z,4,"topoABC_devref_singleton_r1",32225,"lifecycle_manag",4.3,43244,16746,"/opt/ros/jazzy/lib/nav2_lifecycle_manager/lifecycle_manager --ros-args --log-level info --ros-args -r __node:=lifecycle_manager_localization -p use_sim_time:=False --params-file /tmp/launch_params_qzpct4_u --params-file /tmp/launch_params_f3b3lnex"
2026-09-19T05:30:09Z,4,"topoABC_devref_singleton_r1",32226,"controller_serv",7.3,69868,37939,"/opt/ros/jazzy/lib/nav2_controller/controller_server --ros-args --log-level info --ros-args -p use_sim_time:=False --params-file /tmp/launch_params_ijw3eq_3 -r /tf:=tf -r /tf_static:=tf_static -r cmd_vel:=cmd_vel_nav"
2026-09-19T05:30:09Z,4,"topoABC_devref_singleton_r1",32227,"smoother_server",4.4,49828,19843,"/opt/ros/jazzy/lib/nav2_smoother/smoother_server --ros-args --log-level info --ros-args -r __node:=smoother_server -p use_sim_time:=False --params-file /tmp/launch_params_ijw3eq_3 -r /tf:=tf -r /tf_static:=tf_static"
2026-09-19T05:30:09Z,4,"topoABC_devref_singleton_r1",32228,"planner_server",4.8,58408,27179,"/opt/ros/jazzy/lib/nav2_planner/planner_server --ros-args --log-level info --ros-args -r __node:=planner_server -p use_sim_time:=False --params-file /tmp/launch_params_ijw3eq_3 -r /tf:=tf -r /tf_static:=tf_static"
2026-09-19T05:30:09Z,4,"topoABC_devref_singleton_r1",32229,"route_server",4.6,53780,22913,"/opt/ros/jazzy/lib/nav2_route/route_server --ros-args --log-level info --ros-args -r __node:=route_server -p use_sim_time:=False --params-file /tmp/launch_params_ijw3eq_3 -r /tf:=tf -r /tf_static:=tf_static"
2026-09-19T05:30:09Z,4,"topoABC_devref_singleton_r1",32230,"behavior_server",5.0,54428,23955,"/opt/ros/jazzy/lib/nav2_behaviors/behavior_server --ros-args --log-level info --ros-args -r __node:=behavior_server -p use_sim_time:=False --params-file /tmp/launch_params_ijw3eq_3 -r /tf:=tf -r /tf_static:=tf_static -r cmd_vel:=cmd_vel_nav"
2026-09-19T05:30:09Z,4,"topoABC_devref_singleton_r1",32231,"bt_navigator",6.3,78168,48663,"/opt/ros/jazzy/lib/nav2_bt_navigator/bt_navigator --ros-args --log-level info --ros-args -r __node:=bt_navigator -p use_sim_time:=False --params-file /tmp/launch_params_ijw3eq_3 -r /tf:=tf -r /tf_static:=tf_static"
2026-09-19T05:30:09Z,4,"topoABC_devref_singleton_r1",32232,"waypoint_follow",3.6,46880,19289,"/opt/ros/jazzy/lib/nav2_waypoint_follower/waypoint_follower --ros-args --log-level info --ros-args -r __node:=waypoint_follower -p use_sim_time:=False --params-file /tmp/launch_params_ijw3eq_3 -r /tf:=tf -r /tf_static:=tf_static"
2026-09-19T05:30:09Z,4,"topoABC_devref_singleton_r1",32233,"velocity_smooth",3.8,39848,16061,"/opt/ros/jazzy/lib/nav2_velocity_smoother/velocity_smoother --ros-args --log-level info --ros-args -r __node:=velocity_smoother -p use_sim_time:=False --params-file /tmp/launch_params_ijw3eq_3 -r /tf:=tf -r /tf_static:=tf_static -r cmd_vel:=cmd_vel_nav"
2026-09-19T05:30:09Z,4,"topoABC_devref_singleton_r1",32234,"collision_monit",4.2,52040,21505,"/opt/ros/jazzy/lib/nav2_collision_monitor/collision_monitor --ros-args --log-level info --ros-args -r __node:=collision_monitor -p use_sim_time:=False --params-file /tmp/launch_params_ijw3eq_3 -r /tf:=tf -r /tf_static:=tf_static"
2026-09-19T05:30:09Z,4,"topoABC_devref_singleton_r1",32236,"lifecycle_manag",9.4,47372,20917,"/opt/ros/jazzy/lib/nav2_lifecycle_manager/lifecycle_manager --ros-args --log-level info --ros-args -r __node:=lifecycle_manager_navigation -p use_sim_time:=False --params-file /tmp/launch_params_i8sg6xsb --params-file /tmp/launch_params_vpz_2_f0"
2026-09-19T05:30:09Z,4,"topoABC_devref_singleton_r1",32488,"bash",0.0,2440,581,"bash /wt/contributions/compute-benchmark/OsakaTX/scripts/run_nav2_topology_abc.sh --label topoABC_devref --reps 1 --arms composable,hybrid,singleton"
2026-09-19T05:30:09Z,4,"topoABC_devref_singleton_r1",32489,"python3",12.1,85052,53963,"python3 /wt/contributions/compute-benchmark/OsakaTX/scripts/nav_goal_sender.py --x 4.0 --y 4.0 --yaw 0.0 --repeat 0 --pause 1"
2026-09-19T05:30:09Z,4,"topoABC_devref_singleton_r1",32544,"bash",1.4,4468,1029,"bash /wt/contributions/compute-benchmark/xbattlax/scripts/measure_ros_processes.sh --pattern python3|ros2|nav2|component_container|hybrid.*container|nav_goal_sender|amcl|map_server|planner|controller|behavior|bt_nav|smoother|waypoint|route|collision|velocity --duration 110 --interval 2 --label topoABC_devref_singleton_r1 --output /wt/contributions/compute-benchmark/OsakaTX/scripts/../results/topology_abc/topoABC_devref_singleton_r1_20260919T052351Z.csv"
2026-09-19T05:30:09Z,4,"topoABC_devref_singleton_r1",9640,"bash",0.0,3908,945,"bash -c source /opt/ros/jazzy/setup.bash; WT=/wt bash /wt/contributions/compute-benchmark/OsakaTX/scripts/run_nav2_topology_abc.sh --label topoABC_devref --reps 1 --arms composable,hybrid,singleton 2>&1 | grep -E ""^===|bringup gate|goals accepted|WARNING|ERROR|died"" | head -30"
2026-09-19T05:30:09Z,4,"topoABC_devref_singleton_r1",9653,"bash",0.0,4544,1291,"bash /wt/contributions/compute-benchmark/OsakaTX/scripts/run_nav2_topology_abc.sh --label topoABC_devref --reps 1 --arms composable,hybrid,singleton"
2026-09-19T05:30:11Z,5,"topoABC_devref_singleton_r1",107,"python3",0.2,80840,51535,"/usr/bin/python3 -c from ros2cli.daemon.daemonize import main; main() --name ros2-daemon --ros-domain-id 0 --rmw-implementation rmw_fastrtps_cpp"
2026-09-19T05:30:11Z,5,"topoABC_devref_singleton_r1",32203,"python3",5.9,79436,49026,"python3 /wt/contributions/compute-benchmark/OsakaTX/scripts/synthetic_scan_publisher.py --duration 220 --loop-s 40 --hz 5.0"
2026-09-19T05:30:11Z,5,"topoABC_devref_singleton_r1",32219,"ros2",1.0,44188,30885,"/usr/bin/python3 /opt/ros/jazzy/bin/ros2 launch nav2_bringup bringup_launch.py map:=/wt/contributions/compute-benchmark/OsakaTX/scripts/../results/topology_abc/topoABC_nav2_map_r.yaml params_file:=/wt/contributions/compute-benchmark/OsakaTX/scripts/nav2_params_bench.yaml use_sim_time:=False autostart:=True slam:=False use_composition:=False"
2026-09-19T05:30:11Z,5,"topoABC_devref_singleton_r1",32223,"map_server",3.9,50216,23353,"/opt/ros/jazzy/lib/nav2_map_server/map_server --ros-args --log-level info --ros-args -r __node:=map_server -p use_sim_time:=False --params-file /tmp/launch_params_bm7msjj2 --params-file /tmp/launch_params_m__teirg -r /tf:=tf -r /tf_static:=tf_static"
2026-09-19T05:30:11Z,5,"topoABC_devref_singleton_r1",32224,"amcl",6.8,51832,22521,"/opt/ros/jazzy/lib/nav2_amcl/amcl --ros-args --log-level info --ros-args -r __node:=amcl -p use_sim_time:=False --params-file /tmp/launch_params_bm7msjj2 -r /tf:=tf -r /tf_static:=tf_static"
2026-09-19T05:30:11Z,5,"topoABC_devref_singleton_r1",32225,"lifecycle_manag",4.3,43244,16746,"/opt/ros/jazzy/lib/nav2_lifecycle_manager/lifecycle_manager --ros-args --log-level info --ros-args -r __node:=lifecycle_manager_localization -p use_sim_time:=False --params-file /tmp/launch_params_qzpct4_u --params-file /tmp/launch_params_f3b3lnex"
2026-09-19T05:30:11Z,5,"topoABC_devref_singleton_r1",32226,"controller_serv",7.5,70312,38383,"/opt/ros/jazzy/lib/nav2_controller/controller_server --ros-args --log-level info --ros-args -p use_sim_time:=False --params-file /tmp/launch_params_ijw3eq_3 -r /tf:=tf -r /tf_static:=tf_static -r cmd_vel:=cmd_vel_nav"
2026-09-19T05:30:11Z,5,"topoABC_devref_singleton_r1",32227,"smoother_server",4.3,49828,19843,"/opt/ros/jazzy/lib/nav2_smoother/smoother_server --ros-args --log-level info --ros-args -r __node:=smoother_server -p use_sim_time:=False --params-file /tmp/launch_params_ijw3eq_3 -r /tf:=tf -r /tf_static:=tf_static"
2026-09-19T05:30:11Z,5,"topoABC_devref_singleton_r1",32228,"planner_server",4.8,58460,27230,"/opt/ros/jazzy/lib/nav2_planner/planner_server --ros-args --log-level info --ros-args -r __node:=planner_server -p use_sim_time:=False --params-file /tmp/launch_params_ijw3eq_3 -r /tf:=tf -r /tf_static:=tf_static"
2026-09-19T05:30:11Z,5,"topoABC_devref_singleton_r1",32229,"route_server",4.5,53780,22913,"/opt/ros/jazzy/lib/nav2_route/route_server --ros-args --log-level info --ros-args -r __node:=route_server -p use_sim_time:=False --params-file /tmp/launch_params_ijw3eq_3 -r /tf:=tf -r /tf_static:=tf_static"
2026-09-19T05:30:11Z,5,"topoABC_devref_singleton_r1",32230,"behavior_server",5.0,54428,23955,"/opt/ros/jazzy/lib/nav2_behaviors/behavior_server --ros-args --log-level info --ros-args -r __node:=behavior_server -p use_sim_time:=False --params-file /tmp/launch_params_ijw3eq_3 -r /tf:=tf -r /tf_static:=tf_static -r cmd_vel:=cmd_vel_nav"
2026-09-19T05:30:11Z,5,"topoABC_devref_singleton_r1",32231,"bt_navigator",6.3,78228,48723,"/opt/ros/jazzy/lib/nav2_bt_navigator/bt_navigator --ros-args --log-level info --ros-args -r __node:=bt_navigator -p use_sim_time:=False --params-file /tmp/launch_params_ijw3eq_3 -r /tf:=tf -r /tf_static:=tf_static"
2026-09-19T05:30:11Z,5,"topoABC_devref_singleton_r1",32232,"waypoint_follow",3.6,46880,19289,"/opt/ros/jazzy/lib/nav2_waypoint_follower/waypoint_follower --ros-args --log-level info --ros-args -r __node:=waypoint_follower -p use_sim_time:=False --params-file /tmp/launch_params_ijw3eq_3 -r /tf:=tf -r /tf_static:=tf_static"
2026-09-19T05:30:11Z,5,"topoABC_devref_singleton_r1",32233,"velocity_smooth",3.8,39848,16061,"/opt/ros/jazzy/lib/nav2_velocity_smoother/velocity_smoother --ros-args --log-level info --ros-args -r __node:=velocity_smoother -p use_sim_time:=False --params-file /tmp/launch_params_ijw3eq_3 -r /tf:=tf -r /tf_static:=tf_static -r cmd_vel:=cmd_vel_nav"
2026-09-19T05:30:11Z,5,"topoABC_devref_singleton_r1",32234,"collision_monit",4.2,52040,21505,"/opt/ros/jazzy/lib/nav2_collision_monitor/collision_monitor --ros-args --log-level info --ros-args -r __node:=collision_monitor -p use_sim_time:=False --params-file /tmp/launch_params_ijw3eq_3 -r /tf:=tf -r /tf_static:=tf_static"
2026-09-19T05:30:11Z,5,"topoABC_devref_singleton_r1",32236,"lifecycle_manag",9.4,47372,20917,"/opt/ros/jazzy/lib/nav2_lifecycle_manager/lifecycle_manager --ros-args --log-level info --ros-args -r __node:=lifecycle_manager_navigation -p use_sim_time:=False --params-file /tmp/launch_params_i8sg6xsb --params-file /tmp/launch_params_vpz_2_f0"
2026-09-19T05:30:11Z,5,"topoABC_devref_singleton_r1",32488,"bash",0.0,2440,581,"bash /wt/contributions/compute-benchmark/OsakaTX/scripts/run_nav2_topology_abc.sh --label topoABC_devref --reps 1 --arms composable,hybrid,singleton"
2026-09-19T05:30:11Z,5,"topoABC_devref_singleton_r1",32489,"python3",10.8,85056,53969,"python3 /wt/contributions/compute-benchmark/OsakaTX/scripts/nav_goal_sender.py --x 4.0 --y 4.0 --yaw 0.0 --repeat 0 --pause 1"
2026-09-19T05:30:11Z,5,"topoABC_devref_singleton_r1",32544,"bash",1.2,4468,1031,"bash /wt/contributions/compute-benchmark/xbattlax/scripts/measure_ros_processes.sh --pattern python3|ros2|nav2|component_container|hybrid.*container|nav_goal_sender|amcl|map_server|planner|controller|behavior|bt_nav|smoother|waypoint|route|collision|velocity --duration 110 --interval 2 --label topoABC_devref_singleton_r1 --output /wt/contributions/compute-benchmark/OsakaTX/scripts/../results/topology_abc/topoABC_devref_singleton_r1_20260919T052351Z.csv"
2026-09-19T05:30:11Z,5,"topoABC_devref_singleton_r1",9640,"bash",0.0,3908,946,"bash -c source /opt/ros/jazzy/setup.bash; WT=/wt bash /wt/contributions/compute-benchmark/OsakaTX/scripts/run_nav2_topology_abc.sh --label topoABC_devref --reps 1 --arms composable,hybrid,singleton 2>&1 | grep -E ""^===|bringup gate|goals accepted|WARNING|ERROR|died"" | head -30"
2026-09-19T05:30:11Z,5,"topoABC_devref_singleton_r1",9653,"bash",0.0,4544,1292,"bash /wt/contributions/compute-benchmark/OsakaTX/scripts/run_nav2_topology_abc.sh --label topoABC_devref --reps 1 --arms composable,hybrid,singleton"
2026-09-19T05:30:14Z,6,"topoABC_devref_singleton_r1",107,"python3",0.2,80840,51532,"/usr/bin/python3 -c from ros2cli.daemon.daemonize import main; main() --name ros2-daemon --ros-domain-id 0 --rmw-implementation rmw_fastrtps_cpp"
2026-09-19T05:30:14Z,6,"topoABC_devref_singleton_r1",32203,"python3",5.9,79436,49028,"python3 /wt/contributions/compute-benchmark/OsakaTX/scripts/synthetic_scan_publisher.py --duration 220 --loop-s 40 --hz 5.0"
2026-09-19T05:30:14Z,6,"topoABC_devref_singleton_r1",32219,"ros2",1.0,44188,30881,"/usr/bin/python3 /opt/ros/jazzy/bin/ros2 launch nav2_bringup bringup_launch.py map:=/wt/contributions/compute-benchmark/OsakaTX/scripts/../results/topology_abc/topoABC_nav2_map_r.yaml params_file:=/wt/contributions/compute-benchmark/OsakaTX/scripts/nav2_params_bench.yaml use_sim_time:=False autostart:=True slam:=False use_composition:=False"
2026-09-19T05:30:14Z,6,"topoABC_devref_singleton_r1",32223,"map_server",3.9,50216,23353,"/opt/ros/jazzy/lib/nav2_map_server/map_server --ros-args --log-level info --ros-args -r __node:=map_server -p use_sim_time:=False --params-file /tmp/launch_params_bm7msjj2 --params-file /tmp/launch_params_m__teirg -r /tf:=tf -r /tf_static:=tf_static"
2026-09-19T05:30:14Z,6,"topoABC_devref_singleton_r1",32224,"amcl",6.8,51832,22521,"/opt/ros/jazzy/lib/nav2_amcl/amcl --ros-args --log-level info --ros-args -r __node:=amcl -p use_sim_time:=False --params-file /tmp/launch_params_bm7msjj2 -r /tf:=tf -r /tf_static:=tf_static"
2026-09-19T05:30:14Z,6,"topoABC_devref_singleton_r1",32225,"lifecycle_manag",4.3,43244,16747,"/opt/ros/jazzy/lib/nav2_lifecycle_manager/lifecycle_manager --ros-args --log-level info --ros-args -r __node:=lifecycle_manager_localization -p use_sim_time:=False --params-file /tmp/launch_params_qzpct4_u --params-file /tmp/launch_params_f3b3lnex"
2026-09-19T05:30:14Z,6,"topoABC_devref_singleton_r1",32226,"controller_serv",7.7,70352,38424,"/opt/ros/jazzy/lib/nav2_controller/controller_server --ros-args --log-level info --ros-args -p use_sim_time:=False --params-file /tmp/launch_params_ijw3eq_3 -r /tf:=tf -r /tf_static:=tf_static -r cmd_vel:=cmd_vel_nav"
2026-09-19T05:30:14Z,6,"topoABC_devref_singleton_r1",32227,"smoother_server",4.3,49828,19843,"/opt/ros/jazzy/lib/nav2_smoother/smoother_server --ros-args --log-level info --ros-args -r __node:=smoother_server -p use_sim_time:=False --params-file /tmp/launch_params_ijw3eq_3 -r /tf:=tf -r /tf_static:=tf_static"
2026-09-19T05:30:14Z,6,"topoABC_devref_singleton_r1",32228,"planner_server",4.7,58504,27275,"/opt/ros/jazzy/lib/nav2_planner/planner_server --ros-args --log-level info --ros-args -r __node:=planner_server -p use_sim_time:=False --params-file /tmp/launch_params_ijw3eq_3 -r /tf:=tf -r /tf_static:=tf_static"
2026-09-19T05:30:14Z,6,"topoABC_devref_singleton_r1",32229,"route_server",4.5,53780,22913,"/opt/ros/jazzy/lib/nav2_route/route_server --ros-args --log-level info --ros-args -r __node:=route_server -p use_sim_time:=False --params-file /tmp/launch_params_ijw3eq_3 -r /tf:=tf -r /tf_static:=tf_static"
2026-09-19T05:30:14Z,6,"topoABC_devref_singleton_r1",32230,"behavior_server",5.0,54428,23955,"/opt/ros/jazzy/lib/nav2_behaviors/behavior_server --ros-args --log-level info --ros-args -r __node:=behavior_server -p use_sim_time:=False --params-file /tmp/launch_params_ijw3eq_3 -r /tf:=tf -r /tf_static:=tf_static -r cmd_vel:=cmd_vel_nav"
2026-09-19T05:30:14Z,6,"topoABC_devref_singleton_r1",32231,"bt_navigator",6.3,78220,48715,"/opt/ros/jazzy/lib/nav2_bt_navigator/bt_navigator --ros-args --log-level info --ros-args -r __node:=bt_navigator -p use_sim_time:=False --params-file /tmp/launch_params_ijw3eq_3 -r /tf:=tf -r /tf_static:=tf_static"
2026-09-19T05:30:14Z,6,"topoABC_devref_singleton_r1",32232,"waypoint_follow",3.6,46880,19290,"/opt/ros/jazzy/lib/nav2_waypoint_follower/waypoint_follower --ros-args --log-level info --ros-args -r __node:=waypoint_follower -p use_sim_time:=False --params-file /tmp/launch_params_ijw3eq_3 -r /tf:=tf -r /tf_static:=tf_static"
2026-09-19T05:30:14Z,6,"topoABC_devref_singleton_r1",32233,"velocity_smooth",3.8,39848,16061,"/opt/ros/jazzy/lib/nav2_velocity_smoother/velocity_smoother --ros-args --log-level info --ros-args -r __node:=velocity_smoother -p use_sim_time:=False --params-file /tmp/launch_params_ijw3eq_3 -r /tf:=tf -r /tf_static:=tf_static -r cmd_vel:=cmd_vel_nav"
2026-09-19T05:30:14Z,6,"topoABC_devref_singleton_r1",32234,"collision_monit",4.2,52040,21505,"/opt/ros/jazzy/lib/nav2_collision_monitor/collision_monitor --ros-args --log-level info --ros-args -r __node:=collision_monitor -p use_sim_time:=False --params-file /tmp/launch_params_ijw3eq_3 -r /tf:=tf -r /tf_static:=tf_static"
2026-09-19T05:30:14Z,6,"topoABC_devref_singleton_r1",32236,"lifecycle_manag",9.3,47372,20918,"/opt/ros/jazzy/lib/nav2_lifecycle_manager/lifecycle_manager --ros-args --log-level info --ros-args -r __node:=lifecycle_manager_navigation -p use_sim_time:=False --params-file /tmp/launch_params_i8sg6xsb --params-file /tmp/launch_params_vpz_2_f0"
2026-09-19T05:30:14Z,6,"topoABC_devref_singleton_r1",32488,"bash",0.0,2440,582,"bash /wt/contributions/compute-benchmark/OsakaTX/scripts/run_nav2_topology_abc.sh --label topoABC_devref --reps 1 --arms composable,hybrid,singleton"
2026-09-19T05:30:14Z,6,"topoABC_devref_singleton_r1",32489,"python3",10.0,85064,53977,"python3 /wt/contributions/compute-benchmark/OsakaTX/scripts/nav_goal_sender.py --x 4.0 --y 4.0 --yaw 0.0 --repeat 0 --pause 1"
2026-09-19T05:30:14Z,6,"topoABC_devref_singleton_r1",32544,"bash",1.2,4472,1032,"bash /wt/contributions/compute-benchmark/xbattlax/scripts/measure_ros_processes.sh --pattern python3|ros2|nav2|component_container|hybrid.*container|nav_goal_sender|amcl|map_server|planner|controller|behavior|bt_nav|smoother|waypoint|route|collision|velocity --duration 110 --interval 2 --label topoABC_devref_singleton_r1 --output /wt/contributions/compute-benchmark/OsakaTX/scripts/../results/topology_abc/topoABC_devref_singleton_r1_20260919T052351Z.csv"
2026-09-19T05:30:14Z,6,"topoABC_devref_singleton_r1",9640,"bash",0.0,3908,945,"bash -c source /opt/ros/jazzy/setup.bash; WT=/wt bash /wt/contributions/compute-benchmark/OsakaTX/scripts/run_nav2_topology_abc.sh --label topoABC_devref --reps 1 --arms composable,hybrid,singleton 2>&1 | grep -E ""^===|bringup gate|goals accepted|WARNING|ERROR|died"" | head -30"
2026-09-19T05:30:14Z,6,"topoABC_devref_singleton_r1",9653,"bash",0.0,4544,1291,"bash /wt/contributions/compute-benchmark/OsakaTX/scripts/run_nav2_topology_abc.sh --label topoABC_devref --reps 1 --arms composable,hybrid,singleton"
2026-09-19T05:30:17Z,7,"topoABC_devref_singleton_r1",107,"python3",0.2,80840,51536,"/usr/bin/python3 -c from ros2cli.daemon.daemonize import main; main() --name ros2-daemon --ros-domain-id 0 --rmw-implementation rmw_fastrtps_cpp"
2026-09-19T05:30:17Z,7,"topoABC_devref_singleton_r1",32203,"python3",5.9,79436,49028,"python3 /wt/contributions/compute-benchmark/OsakaTX/scripts/synthetic_scan_publisher.py --duration 220 --loop-s 40 --hz 5.0"
2026-09-19T05:30:17Z,7,"topoABC_devref_singleton_r1",32219,"ros2",1.0,44188,30878,"/usr/bin/python3 /opt/ros/jazzy/bin/ros2 launch nav2_bringup bringup_launch.py map:=/wt/contributions/compute-benchmark/OsakaTX/scripts/../results/topology_abc/topoABC_nav2_map_r.yaml params_file:=/wt/contributions/compute-benchmark/OsakaTX/scripts/nav2_params_bench.yaml use_sim_time:=False autostart:=True slam:=False use_composition:=False"
2026-09-19T05:30:17Z,7,"topoABC_devref_singleton_r1",32223,"map_server",3.9,50216,23353,"/opt/ros/jazzy/lib/nav2_map_server/map_server --ros-args --log-level info --ros-args -r __node:=map_server -p use_sim_time:=False --params-file /tmp/launch_params_bm7msjj2 --params-file /tmp/launch_params_m__teirg -r /tf:=tf -r /tf_static:=tf_static"
2026-09-19T05:30:17Z,7,"topoABC_devref_singleton_r1",32224,"amcl",6.8,51832,22521,"/opt/ros/jazzy/lib/nav2_amcl/amcl --ros-args --log-level info --ros-args -r __node:=amcl -p use_sim_time:=False --params-file /tmp/launch_params_bm7msjj2 -r /tf:=tf -r /tf_static:=tf_static"
2026-09-19T05:30:17Z,7,"topoABC_devref_singleton_r1",32225,"lifecycle_manag",4.2,43244,16747,"/opt/ros/jazzy/lib/nav2_lifecycle_manager/lifecycle_manager --ros-args --log-level info --ros-args -r __node:=lifecycle_manager_localization -p use_sim_time:=False --params-file /tmp/launch_params_qzpct4_u --params-file /tmp/launch_params_f3b3lnex"
2026-09-19T05:30:17Z,7,"topoABC_devref_singleton_r1",32226,"controller_serv",7.7,70484,38555,"/opt/ros/jazzy/lib/nav2_controller/controller_server --ros-args --log-level info --ros-args -p use_sim_time:=False --params-file /tmp/launch_params_ijw3eq_3 -r /tf:=tf -r /tf_static:=tf_static -r cmd_vel:=cmd_vel_nav"
2026-09-19T05:30:17Z,7,"topoABC_devref_singleton_r1",32227,"smoother_server",4.3,49828,19843,"/opt/ros/jazzy/lib/nav2_smoother/smoother_server --ros-args --log-level info --ros-args -r __node:=smoother_server -p use_sim_time:=False --params-file /tmp/launch_params_ijw3eq_3 -r /tf:=tf -r /tf_static:=tf_static"
2026-09-19T05:30:17Z,7,"topoABC_devref_singleton_r1",32228,"planner_server",4.7,58532,27303,"/opt/ros/jazzy/lib/nav2_planner/planner_server --ros-args --log-level info --ros-args -r __node:=planner_server -p use_sim_time:=False --params-file /tmp/launch_params_ijw3eq_3 -r /tf:=tf -r /tf_static:=tf_static"
2026-09-19T05:30:17Z,7,"topoABC_devref_singleton_r1",32229,"route_server",4.5,53780,22913,"/opt/ros/jazzy/lib/nav2_route/route_server --ros-args --log-level info --ros-args -r __node:=route_server -p use_sim_time:=False --params-file /tmp/launch_params_ijw3eq_3 -r /tf:=tf -r /tf_static:=tf_static"
2026-09-19T05:30:17Z,7,"topoABC_devref_singleton_r1",32230,"behavior_server",5.0,54428,23955,"/opt/ros/jazzy/lib/nav2_behaviors/behavior_server --ros-args --log-level info --ros-args -r __node:=behavior_server -p use_sim_time:=False --params-file /tmp/launch_params_ijw3eq_3 -r /tf:=tf -r /tf_static:=tf_static -r cmd_vel:=cmd_vel_nav"
2026-09-19T05:30:17Z,7,"topoABC_devref_singleton_r1",32231,"bt_navigator",6.3,78228,48724,"/opt/ros/jazzy/lib/nav2_bt_navigator/bt_navigator --ros-args --log-level info --ros-args -r __node:=bt_navigator -p use_sim_time:=False --params-file /tmp/launch_params_ijw3eq_3 -r /tf:=tf -r /tf_static:=tf_static"
2026-09-19T05:30:17Z,7,"topoABC_devref_singleton_r1",32232,"waypoint_follow",3.6,46880,19290,"/opt/ros/jazzy/lib/nav2_waypoint_follower/waypoint_follower --ros-args --log-level info --ros-args -r __node:=waypoint_follower -p use_sim_time:=False --params-file /tmp/launch_params_ijw3eq_3 -r /tf:=tf -r /tf_static:=tf_static"
2026-09-19T05:30:17Z,7,"topoABC_devref_singleton_r1",32233,"velocity_smooth",3.8,39848,16061,"/opt/ros/jazzy/lib/nav2_velocity_smoother/velocity_smoother --ros-args --log-level info --ros-args -r __node:=velocity_smoother -p use_sim_time:=False --params-file /tmp/launch_params_ijw3eq_3 -r /tf:=tf -r /tf_static:=tf_static -r cmd_vel:=cmd_vel_nav"
2026-09-19T05:30:17Z,7,"topoABC_devref_singleton_r1",32234,"collision_monit",4.2,52040,21505,"/opt/ros/jazzy/lib/nav2_collision_monitor/collision_monitor --ros-args --log-level info --ros-args -r __node:=collision_monitor -p use_sim_time:=False --params-file /tmp/launch_params_ijw3eq_3 -r /tf:=tf -r /tf_static:=tf_static"
2026-09-19T05:30:17Z,7,"topoABC_devref_singleton_r1",32236,"lifecycle_manag",9.3,47372,20918,"/opt/ros/jazzy/lib/nav2_lifecycle_manager/lifecycle_manager --ros-args --log-level info --ros-args -r __node:=lifecycle_manager_navigation -p use_sim_time:=False --params-file /tmp/launch_params_i8sg6xsb --params-file /tmp/launch_params_vpz_2_f0"
2026-09-19T05:30:17Z,7,"topoABC_devref_singleton_r1",32488,"bash",0.0,2440,582,"bash /wt/contributions/compute-benchmark/OsakaTX/scripts/run_nav2_topology_abc.sh --label topoABC_devref --reps 1 --arms composable,hybrid,singleton"
2026-09-19T05:30:17Z,7,"topoABC_devref_singleton_r1",32489,"python3",9.3,85068,53981,"python3 /wt/contributions/compute-benchmark/OsakaTX/scripts/nav_goal_sender.py --x 4.0 --y 4.0 --yaw 0.0 --repeat 0 --pause 1"
2026-09-19T05:30:17Z,7,"topoABC_devref_singleton_r1",32544,"bash",1.2,4472,1033,"bash /wt/contributions/compute-benchmark/xbattlax/scripts/measure_ros_processes.sh --pattern python3|ros2|nav2|component_container|hybrid.*container|nav_goal_sender|amcl|map_server|planner|controller|behavior|bt_nav|smoother|waypoint|route|collision|velocity --duration 110 --interval 2 --label topoABC_devref_singleton_r1 --output /wt/contributions/compute-benchmark/OsakaTX/scripts/../results/topology_abc/topoABC_devref_singleton_r1_20260919T052351Z.csv"
2026-09-19T05:30:17Z,7,"topoABC_devref_singleton_r1",9640,"bash",0.0,3908,946,"bash -c source /opt/ros/jazzy/setup.bash; WT=/wt bash /wt/contributions/compute-benchmark/OsakaTX/scripts/run_nav2_topology_abc.sh --label topoABC_devref --reps 1 --arms composable,hybrid,singleton 2>&1 | grep -E ""^===|bringup gate|goals accepted|WARNING|ERROR|died"" | head -30"
2026-09-19T05:30:17Z,7,"topoABC_devref_singleton_r1",9653,"bash",0.0,4544,1291,"bash /wt/contributions/compute-benchmark/OsakaTX/scripts/run_nav2_topology_abc.sh --label topoABC_devref --reps 1 --arms composable,hybrid,singleton"
2026-09-19T05:30:19Z,8,"topoABC_devref_singleton_r1",107,"python3",0.2,80840,51535,"/usr/bin/python3 -c from ros2cli.daemon.daemonize import main; main() --name ros2-daemon --ros-domain-id 0 --rmw-implementation rmw_fastrtps_cpp"
2026-09-19T05:30:19Z,8,"topoABC_devref_singleton_r1",32203,"python3",5.9,79436,49028,"python3 /wt/contributions/compute-benchmark/OsakaTX/scripts/synthetic_scan_publisher.py --duration 220 --loop-s 40 --hz 5.0"
2026-09-19T05:30:19Z,8,"topoABC_devref_singleton_r1",32219,"ros2",0.9,44188,30885,"/usr/bin/python3 /opt/ros/jazzy/bin/ros2 launch nav2_bringup bringup_launch.py map:=/wt/contributions/compute-benchmark/OsakaTX/scripts/../results/topology_abc/topoABC_nav2_map_r.yaml params_file:=/wt/contributions/compute-benchmark/OsakaTX/scripts/nav2_params_bench.yaml use_sim_time:=False autostart:=True slam:=False use_composition:=False"
2026-09-19T05:30:19Z,8,"topoABC_devref_singleton_r1",32223,"map_server",3.9,50216,23353,"/opt/ros/jazzy/lib/nav2_map_server/map_server --ros-args --log-level info --ros-args -r __node:=map_server -p use_sim_time:=False --params-file /tmp/launch_params_bm7msjj2 --params-file /tmp/launch_params_m__teirg -r /tf:=tf -r /tf_static:=tf_static"
2026-09-19T05:30:19Z,8,"topoABC_devref_singleton_r1",32224,"amcl",6.7,51832,22521,"/opt/ros/jazzy/lib/nav2_amcl/amcl --ros-args --log-level info --ros-args -r __node:=amcl -p use_sim_time:=False --params-file /tmp/launch_params_bm7msjj2 -r /tf:=tf -r /tf_static:=tf_static"
2026-09-19T05:30:19Z,8,"topoABC_devref_singleton_r1",32225,"lifecycle_manag",4.2,43244,16747,"/opt/ros/jazzy/lib/nav2_lifecycle_manager/lifecycle_manager --ros-args --log-level info --ros-args -r __node:=lifecycle_manager_localization -p use_sim_time:=False --params-file /tmp/launch_params_qzpct4_u --params-file /tmp/launch_params_f3b3lnex"
2026-09-19T05:30:19Z,8,"topoABC_devref_singleton_r1",32226,"controller_serv",7.8,70488,39743,"/opt/ros/jazzy/lib/nav2_controller/controller_server --ros-args --log-level info --ros-args -p use_sim_time:=False --params-file /tmp/launch_params_ijw3eq_3 -r /tf:=tf -r /tf_static:=tf_static -r cmd_vel:=cmd_vel_nav"
2026-09-19T05:30:19Z,8,"topoABC_devref_singleton_r1",32227,"smoother_server",4.3,49828,19842,"/opt/ros/jazzy/lib/nav2_smoother/smoother_server --ros-args --log-level info --ros-args -r __node:=smoother_server -p use_sim_time:=False --params-file /tmp/launch_params_ijw3eq_3 -r /tf:=tf -r /tf_static:=tf_static"
2026-09-19T05:30:19Z,8,"topoABC_devref_singleton_r1",32228,"planner_server",4.7,58532,27303,"/opt/ros/jazzy/lib/nav2_planner/planner_server --ros-args --log-level info --ros-args -r __node:=planner_server -p use_sim_time:=False --params-file /tmp/launch_params_ijw3eq_3 -r /tf:=tf -r /tf_static:=tf_static"
2026-09-19T05:30:19Z,8,"topoABC_devref_singleton_r1",32229,"route_server",4.4,53780,22913,"/opt/ros/jazzy/lib/nav2_route/route_server --ros-args --log-level info --ros-args -r __node:=route_server -p use_sim_time:=False --params-file /tmp/launch_params_ijw3eq_3 -r /tf:=tf -r /tf_static:=tf_static"
2026-09-19T05:30:19Z,8,"topoABC_devref_singleton_r1",32230,"behavior_server",4.9,54428,23954,"/opt/ros/jazzy/lib/nav2_behaviors/behavior_server --ros-args --log-level info --ros-args -r __node:=behavior_server -p use_sim_time:=False --params-file /tmp/launch_params_ijw3eq_3 -r /tf:=tf -r /tf_static:=tf_static -r cmd_vel:=cmd_vel_nav"
2026-09-19T05:30:19Z,8,"topoABC_devref_singleton_r1",32231,"bt_navigator",6.4,78228,48724,"/opt/ros/jazzy/lib/nav2_bt_navigator/bt_navigator --ros-args --log-level info --ros-args -r __node:=bt_navigator -p use_sim_time:=False --params-file /tmp/launch_params_ijw3eq_3 -r /tf:=tf -r /tf_static:=tf_static"
2026-09-19T05:30:19Z,8,"topoABC_devref_singleton_r1",32232,"waypoint_follow",3.6,46880,19289,"/opt/ros/jazzy/lib/nav2_waypoint_follower/waypoint_follower --ros-args --log-level info --ros-args -r __node:=waypoint_follower -p use_sim_time:=False --params-file /tmp/launch_params_ijw3eq_3 -r /tf:=tf -r /tf_static:=tf_static"
2026-09-19T05:30:19Z,8,"topoABC_devref_singleton_r1",32233,"velocity_smooth",3.7,39848,16062,"/opt/ros/jazzy/lib/nav2_velocity_smoother/velocity_smoother --ros-args --log-level info --ros-args -r __node:=velocity_smoother -p use_sim_time:=False --params-file /tmp/launch_params_ijw3eq_3 -r /tf:=tf -r /tf_static:=tf_static -r cmd_vel:=cmd_vel_nav"
2026-09-19T05:30:19Z,8,"topoABC_devref_singleton_r1",32234,"collision_monit",4.2,52044,21509,"/opt/ros/jazzy/lib/nav2_collision_monitor/collision_monitor --ros-args --log-level info --ros-args -r __node:=collision_monitor -p use_sim_time:=False --params-file /tmp/launch_params_ijw3eq_3 -r /tf:=tf -r /tf_static:=tf_static"
2026-09-19T05:30:19Z,8,"topoABC_devref_singleton_r1",32236,"lifecycle_manag",9.3,47372,20918,"/opt/ros/jazzy/lib/nav2_lifecycle_manager/lifecycle_manager --ros-args --log-level info --ros-args -r __node:=lifecycle_manager_navigation -p use_sim_time:=False --params-file /tmp/launch_params_i8sg6xsb --params-file /tmp/launch_params_vpz_2_f0"
2026-09-19T05:30:19Z,8,"topoABC_devref_singleton_r1",32488,"bash",0.0,2440,581,"bash /wt/contributions/compute-benchmark/OsakaTX/scripts/run_nav2_topology_abc.sh --label topoABC_devref --reps 1 --arms composable,hybrid,singleton"
2026-09-19T05:30:19Z,8,"topoABC_devref_singleton_r1",32489,"python3",9.6,85068,53978,"python3 /wt/contributions/compute-benchmark/OsakaTX/scripts/nav_goal_sender.py --x 4.0 --y 4.0 --yaw 0.0 --repeat 0 --pause 1"
2026-09-19T05:30:19Z,8,"topoABC_devref_singleton_r1",32544,"bash",1.2,4472,1033,"bash /wt/contributions/compute-benchmark/xbattlax/scripts/measure_ros_processes.sh --pattern python3|ros2|nav2|component_container|hybrid.*container|nav_goal_sender|amcl|map_server|planner|controller|behavior|bt_nav|smoother|waypoint|route|collision|velocity --duration 110 --interval 2 --label topoABC_devref_singleton_r1 --output /wt/contributions/compute-benchmark/OsakaTX/scripts/../results/topology_abc/topoABC_devref_singleton_r1_20260919T052351Z.csv"
2026-09-19T05:30:19Z,8,"topoABC_devref_singleton_r1",9640,"bash",0.0,3908,945,"bash -c source /opt/ros/jazzy/setup.bash; WT=/wt bash /wt/contributions/compute-benchmark/OsakaTX/scripts/run_nav2_topology_abc.sh --label topoABC_devref --reps 1 --arms composable,hybrid,singleton 2>&1 | grep -E ""^===|bringup gate|goals accepted|WARNING|ERROR|died"" | head -30"
2026-09-19T05:30:19Z,8,"topoABC_devref_singleton_r1",9653,"bash",0.0,4544,1291,"bash /wt/contributions/compute-benchmark/OsakaTX/scripts/run_nav2_topology_abc.sh --label topoABC_devref --reps 1 --arms composable,hybrid,singleton"
2026-09-19T05:30:21Z,9,"topoABC_devref_singleton_r1",107,"python3",0.2,80840,51531,"/usr/bin/python3 -c from ros2cli.daemon.daemonize import main; main() --name ros2-daemon --ros-domain-id 0 --rmw-implementation rmw_fastrtps_cpp"
2026-09-19T05:30:21Z,9,"topoABC_devref_singleton_r1",32203,"python3",5.9,79436,49027,"python3 /wt/contributions/compute-benchmark/OsakaTX/scripts/synthetic_scan_publisher.py --duration 220 --loop-s 40 --hz 5.0"
2026-09-19T05:30:21Z,9,"topoABC_devref_singleton_r1",32219,"ros2",0.9,44188,30883,"/usr/bin/python3 /opt/ros/jazzy/bin/ros2 launch nav2_bringup bringup_launch.py map:=/wt/contributions/compute-benchmark/OsakaTX/scripts/../results/topology_abc/topoABC_nav2_map_r.yaml params_file:=/wt/contributions/compute-benchmark/OsakaTX/scripts/nav2_params_bench.yaml use_sim_time:=False autostart:=True slam:=False use_composition:=False"
2026-09-19T05:30:21Z,9,"topoABC_devref_singleton_r1",32223,"map_server",3.9,50216,23353,"/opt/ros/jazzy/lib/nav2_map_server/map_server --ros-args --log-level info --ros-args -r __node:=map_server -p use_sim_time:=False --params-file /tmp/launch_params_bm7msjj2 --params-file /tmp/launch_params_m__teirg -r /tf:=tf -r /tf_static:=tf_static"
2026-09-19T05:30:21Z,9,"topoABC_devref_singleton_r1",32224,"amcl",6.7,51832,22520,"/opt/ros/jazzy/lib/nav2_amcl/amcl --ros-args --log-level info --ros-args -r __node:=amcl -p use_sim_time:=False --params-file /tmp/launch_params_bm7msjj2 -r /tf:=tf -r /tf_static:=tf_static"
2026-09-19T05:30:21Z,9,"topoABC_devref_singleton_r1",32225,"lifecycle_manag",4.2,43244,16746,"/opt/ros/jazzy/lib/nav2_lifecycle_manager/lifecycle_manager --ros-args --log-level info --ros-args -r __node:=lifecycle_manager_localization -p use_sim_time:=False --params-file /tmp/launch_params_qzpct4_u --params-file /tmp/launch_params_f3b3lnex"
2026-09-19T05:30:21Z,9,"topoABC_devref_singleton_r1",32226,"controller_serv",8.3,70484,38556,"/opt/ros/jazzy/lib/nav2_controller/controller_server --ros-args --log-level info --ros-args -p use_sim_time:=False --params-file /tmp/launch_params_ijw3eq_3 -r /tf:=tf -r /tf_static:=tf_static -r cmd_vel:=cmd_vel_nav"
2026-09-19T05:30:21Z,9,"topoABC_devref_singleton_r1",32227,"smoother_server",4.3,49828,19842,"/opt/ros/jazzy/lib/nav2_smoother/smoother_server --ros-args --log-level info --ros-args -r __node:=smoother_server -p use_sim_time:=False --params-file /tmp/launch_params_ijw3eq_3 -r /tf:=tf -r /tf_static:=tf_static"
2026-09-19T05:30:21Z,9,"topoABC_devref_singleton_r1",32228,"planner_server",4.7,58532,27303,"/opt/ros/jazzy/lib/nav2_planner/planner_server --ros-args --log-level info --ros-args -r __node:=planner_server -p use_sim_time:=False --params-file /tmp/launch_params_ijw3eq_3 -r /tf:=tf -r /tf_static:=tf_static"
2026-09-19T05:30:21Z,9,"topoABC_devref_singleton_r1",32229,"route_server",4.4,53780,22913,"/opt/ros/jazzy/lib/nav2_route/route_server --ros-args --log-level info --ros-args -r __node:=route_server -p use_sim_time:=False --params-file /tmp/launch_params_ijw3eq_3 -r /tf:=tf -r /tf_static:=tf_static"
2026-09-19T05:30:21Z,9,"topoABC_devref_singleton_r1",32230,"behavior_server",4.9,54428,23955,"/opt/ros/jazzy/lib/nav2_behaviors/behavior_server --ros-args --log-level info --ros-args -r __node:=behavior_server -p use_sim_time:=False --params-file /tmp/launch_params_ijw3eq_3 -r /tf:=tf -r /tf_static:=tf_static -r cmd_vel:=cmd_vel_nav"
2026-09-19T05:30:21Z,9,"topoABC_devref_singleton_r1",32231,"bt_navigator",6.4,78204,48699,"/opt/ros/jazzy/lib/nav2_bt_navigator/bt_navigator --ros-args --log-level info --ros-args -r __node:=bt_navigator -p use_sim_time:=False --params-file /tmp/launch_params_ijw3eq_3 -r /tf:=tf -r /tf_static:=tf_static"
2026-09-19T05:30:21Z,9,"topoABC_devref_singleton_r1",32232,"waypoint_follow",3.6,46880,19289,"/opt/ros/jazzy/lib/nav2_waypoint_follower/waypoint_follower --ros-args --log-level info --ros-args -r __node:=waypoint_follower -p use_sim_time:=False --params-file /tmp/launch_params_ijw3eq_3 -r /tf:=tf -r /tf_static:=tf_static"
2026-09-19T05:30:21Z,9,"topoABC_devref_singleton_r1",32233,"velocity_smooth",3.7,39848,16061,"/opt/ros/jazzy/lib/nav2_velocity_smoother/velocity_smoother --ros-args --log-level info --ros-args -r __node:=velocity_smoother -p use_sim_time:=False --params-file /tmp/launch_params_ijw3eq_3 -r /tf:=tf -r /tf_static:=tf_static -r cmd_vel:=cmd_vel_nav"
2026-09-19T05:30:21Z,9,"topoABC_devref_singleton_r1",32234,"collision_monit",4.2,52044,21509,"/opt/ros/jazzy/lib/nav2_collision_monitor/collision_monitor --ros-args --log-level info --ros-args -r __node:=collision_monitor -p use_sim_time:=False --params-file /tmp/launch_params_ijw3eq_3 -r /tf:=tf -r /tf_static:=tf_static"
2026-09-19T05:30:21Z,9,"topoABC_devref_singleton_r1",32236,"lifecycle_manag",9.3,47372,20917,"/opt/ros/jazzy/lib/nav2_lifecycle_manager/lifecycle_manager --ros-args --log-level info --ros-args -r __node:=lifecycle_manager_navigation -p use_sim_time:=False --params-file /tmp/launch_params_i8sg6xsb --params-file /tmp/launch_params_vpz_2_f0"
2026-09-19T05:30:21Z,9,"topoABC_devref_singleton_r1",32488,"bash",0.0,2440,581,"bash /wt/contributions/compute-benchmark/OsakaTX/scripts/run_nav2_topology_abc.sh --label topoABC_devref --reps 1 --arms composable,hybrid,singleton"
2026-09-19T05:30:21Z,9,"topoABC_devref_singleton_r1",32489,"python3",9.3,85068,53979,"python3 /wt/contributions/compute-benchmark/OsakaTX/scripts/nav_goal_sender.py --x 4.0 --y 4.0 --yaw 0.0 --repeat 0 --pause 1"
2026-09-19T05:30:21Z,9,"topoABC_devref_singleton_r1",32544,"bash",1.3,4476,1033,"bash /wt/contributions/compute-benchmark/xbattlax/scripts/measure_ros_processes.sh --pattern python3|ros2|nav2|component_container|hybrid.*container|nav_goal_sender|amcl|map_server|planner|controller|behavior|bt_nav|smoother|waypoint|route|collision|velocity --duration 110 --interval 2 --label topoABC_devref_singleton_r1 --output /wt/contributions/compute-benchmark/OsakaTX/scripts/../results/topology_abc/topoABC_devref_singleton_r1_20260919T052351Z.csv"
2026-09-19T05:30:21Z,9,"topoABC_devref_singleton_r1",9640,"bash",0.0,3908,945,"bash -c source /opt/ros/jazzy/setup.bash; WT=/wt bash /wt/contributions/compute-benchmark/OsakaTX/scripts/run_nav2_topology_abc.sh --label topoABC_devref --reps 1 --arms composable,hybrid,singleton 2>&1 | grep -E ""^===|bringup gate|goals accepted|WARNING|ERROR|died"" | head -30"
2026-09-19T05:30:21Z,9,"topoABC_devref_singleton_r1",9653,"bash",0.0,4544,1290,"bash /wt/contributions/compute-benchmark/OsakaTX/scripts/run_nav2_topology_abc.sh --label topoABC_devref --reps 1 --arms composable,hybrid,singleton"
2026-09-19T05:30:24Z,10,"topoABC_devref_singleton_r1",107,"python3",0.2,80840,51533,"/usr/bin/python3 -c from ros2cli.daemon.daemonize import main; main() --name ros2-daemon --ros-domain-id 0 --rmw-implementation rmw_fastrtps_cpp"
2026-09-19T05:30:24Z,10,"topoABC_devref_singleton_r1",32203,"python3",5.9,79436,49028,"python3 /wt/contributions/compute-benchmark/OsakaTX/scripts/synthetic_scan_publisher.py --duration 220 --loop-s 40 --hz 5.0"
2026-09-19T05:30:24Z,10,"topoABC_devref_singleton_r1",32219,"ros2",0.9,44188,30885,"/usr/bin/python3 /opt/ros/jazzy/bin/ros2 launch nav2_bringup bringup_launch.py map:=/wt/contributions/compute-benchmark/OsakaTX/scripts/../results/topology_abc/topoABC_nav2_map_r.yaml params_file:=/wt/contributions/compute-benchmark/OsakaTX/scripts/nav2_params_bench.yaml use_sim_time:=False autostart:=True slam:=False use_composition:=False"
2026-09-19T05:30:24Z,10,"topoABC_devref_singleton_r1",32223,"map_server",3.8,50216,23353,"/opt/ros/jazzy/lib/nav2_map_server/map_server --ros-args --log-level info --ros-args -r __node:=map_server -p use_sim_time:=False --params-file /tmp/launch_params_bm7msjj2 --params-file /tmp/launch_params_m__teirg -r /tf:=tf -r /tf_static:=tf_static"
2026-09-19T05:30:24Z,10,"topoABC_devref_singleton_r1",32224,"amcl",6.7,51832,22521,"/opt/ros/jazzy/lib/nav2_amcl/amcl --ros-args --log-level info --ros-args -r __node:=amcl -p use_sim_time:=False --params-file /tmp/launch_params_bm7msjj2 -r /tf:=tf -r /tf_static:=tf_static"
2026-09-19T05:30:24Z,10,"topoABC_devref_singleton_r1",32225,"lifecycle_manag",4.2,43244,16747,"/opt/ros/jazzy/lib/nav2_lifecycle_manager/lifecycle_manager --ros-args --log-level info --ros-args -r __node:=lifecycle_manager_localization -p use_sim_time:=False --params-file /tmp/launch_params_qzpct4_u --params-file /tmp/launch_params_f3b3lnex"
2026-09-19T05:30:24Z,10,"topoABC_devref_singleton_r1",32226,"controller_serv",8.4,70944,39016,"/opt/ros/jazzy/lib/nav2_controller/controller_server --ros-args --log-level info --ros-args -p use_sim_time:=False --params-file /tmp/launch_params_ijw3eq_3 -r /tf:=tf -r /tf_static:=tf_static -r cmd_vel:=cmd_vel_nav"
2026-09-19T05:30:24Z,10,"topoABC_devref_singleton_r1",32227,"smoother_server",4.2,49828,19843,"/opt/ros/jazzy/lib/nav2_smoother/smoother_server --ros-args --log-level info --ros-args -r __node:=smoother_server -p use_sim_time:=False --params-file /tmp/launch_params_ijw3eq_3 -r /tf:=tf -r /tf_static:=tf_static"
2026-09-19T05:30:24Z,10,"topoABC_devref_singleton_r1",32228,"planner_server",4.7,58560,27331,"/opt/ros/jazzy/lib/nav2_planner/planner_server --ros-args --log-level info --ros-args -r __node:=planner_server -p use_sim_time:=False --params-file /tmp/launch_params_ijw3eq_3 -r /tf:=tf -r /tf_static:=tf_static"
2026-09-19T05:30:24Z,10,"topoABC_devref_singleton_r1",32229,"route_server",4.4,53780,22913,"/opt/ros/jazzy/lib/nav2_route/route_server --ros-args --log-level info --ros-args -r __node:=route_server -p use_sim_time:=False --params-file /tmp/launch_params_ijw3eq_3 -r /tf:=tf -r /tf_static:=tf_static"
2026-09-19T05:30:24Z,10,"topoABC_devref_singleton_r1",32230,"behavior_server",4.9,54428,23955,"/opt/ros/jazzy/lib/nav2_behaviors/behavior_server --ros-args --log-level info --ros-args -r __node:=behavior_server -p use_sim_time:=False --params-file /tmp/launch_params_ijw3eq_3 -r /tf:=tf -r /tf_static:=tf_static -r cmd_vel:=cmd_vel_nav"
2026-09-19T05:30:24Z,10,"topoABC_devref_singleton_r1",32231,"bt_navigator",6.4,78280,48776,"/opt/ros/jazzy/lib/nav2_bt_navigator/bt_navigator --ros-args --log-level info --ros-args -r __node:=bt_navigator -p use_sim_time:=False --params-file /tmp/launch_params_ijw3eq_3 -r /tf:=tf -r /tf_static:=tf_static"
2026-09-19T05:30:24Z,10,"topoABC_devref_singleton_r1",32232,"waypoint_follow",3.6,46880,19290,"/opt/ros/jazzy/lib/nav2_waypoint_follower/waypoint_follower --ros-args --log-level info --ros-args -r __node:=waypoint_follower -p use_sim_time:=False --params-file /tmp/launch_params_ijw3eq_3 -r /tf:=tf -r /tf_static:=tf_static"
2026-09-19T05:30:24Z,10,"topoABC_devref_singleton_r1",32233,"velocity_smooth",3.7,39848,16061,"/opt/ros/jazzy/lib/nav2_velocity_smoother/velocity_smoother --ros-args --log-level info --ros-args -r __node:=velocity_smoother -p use_sim_time:=False --params-file /tmp/launch_params_ijw3eq_3 -r /tf:=tf -r /tf_static:=tf_static -r cmd_vel:=cmd_vel_nav"
2026-09-19T05:30:24Z,10,"topoABC_devref_singleton_r1",32234,"collision_monit",4.2,52044,21509,"/opt/ros/jazzy/lib/nav2_collision_monitor/collision_monitor --ros-args --log-level info --ros-args -r __node:=collision_monitor -p use_sim_time:=False --params-file /tmp/launch_params_ijw3eq_3 -r /tf:=tf -r /tf_static:=tf_static"
2026-09-19T05:30:24Z,10,"topoABC_devref_singleton_r1",32236,"lifecycle_manag",9.3,47372,20917,"/opt/ros/jazzy/lib/nav2_lifecycle_manager/lifecycle_manager --ros-args --log-level info --ros-args -r __node:=lifecycle_manager_navigation -p use_sim_time:=False --params-file /tmp/launch_params_i8sg6xsb --params-file /tmp/launch_params_vpz_2_f0"
2026-09-19T05:30:24Z,10,"topoABC_devref_singleton_r1",32488,"bash",0.0,2440,582,"bash /wt/contributions/compute-benchmark/OsakaTX/scripts/run_nav2_topology_abc.sh --label topoABC_devref --reps 1 --arms composable,hybrid,singleton"
2026-09-19T05:30:24Z,10,"topoABC_devref_singleton_r1",32489,"python3",9.0,85076,53986,"python3 /wt/contributions/compute-benchmark/OsakaTX/scripts/nav_goal_sender.py --x 4.0 --y 4.0 --yaw 0.0 --repeat 0 --pause 1"
2026-09-19T05:30:24Z,10,"topoABC_devref_singleton_r1",32544,"bash",1.2,4476,1033,"bash /wt/contributions/compute-benchmark/xbattlax/scripts/measure_ros_processes.sh --pattern python3|ros2|nav2|component_container|hybrid.*container|nav_goal_sender|amcl|map_server|planner|controller|behavior|bt_nav|smoother|waypoint|route|collision|velocity --duration 110 --interval 2 --label topoABC_devref_singleton_r1 --output /wt/contributions/compute-benchmark/OsakaTX/scripts/../results/topology_abc/topoABC_devref_singleton_r1_20260919T052351Z.csv"
2026-09-19T05:30:24Z,10,"topoABC_devref_singleton_r1",9640,"bash",0.0,3908,945,"bash -c source /opt/ros/jazzy/setup.bash; WT=/wt bash /wt/contributions/compute-benchmark/OsakaTX/scripts/run_nav2_topology_abc.sh --label topoABC_devref --reps 1 --arms composable,hybrid,singleton 2>&1 | grep -E ""^===|bringup gate|goals accepted|WARNING|ERROR|died"" | head -30"
2026-09-19T05:30:24Z,10,"topoABC_devref_singleton_r1",9653,"bash",0.0,4544,1291,"bash /wt/contributions/compute-benchmark/OsakaTX/scripts/run_nav2_topology_abc.sh --label topoABC_devref --reps 1 --arms composable,hybrid,singleton"
2026-09-19T05:30:26Z,11,"topoABC_devref_singleton_r1",107,"python3",0.2,80840,51533,"/usr/bin/python3 -c from ros2cli.daemon.daemonize import main; main() --name ros2-daemon --ros-domain-id 0 --rmw-implementation rmw_fastrtps_cpp"
2026-09-19T05:30:26Z,11,"topoABC_devref_singleton_r1",32203,"python3",5.9,79436,49027,"python3 /wt/contributions/compute-benchmark/OsakaTX/scripts/synthetic_scan_publisher.py --duration 220 --loop-s 40 --hz 5.0"
2026-09-19T05:30:26Z,11,"topoABC_devref_singleton_r1",32219,"ros2",0.9,44188,30885,"/usr/bin/python3 /opt/ros/jazzy/bin/ros2 launch nav2_bringup bringup_launch.py map:=/wt/contributions/compute-benchmark/OsakaTX/scripts/../results/topology_abc/topoABC_nav2_map_r.yaml params_file:=/wt/contributions/compute-benchmark/OsakaTX/scripts/nav2_params_bench.yaml use_sim_time:=False autostart:=True slam:=False use_composition:=False"
2026-09-19T05:30:26Z,11,"topoABC_devref_singleton_r1",32223,"map_server",3.8,50216,23353,"/opt/ros/jazzy/lib/nav2_map_server/map_server --ros-args --log-level info --ros-args -r __node:=map_server -p use_sim_time:=False --params-file /tmp/launch_params_bm7msjj2 --params-file /tmp/launch_params_m__teirg -r /tf:=tf -r /tf_static:=tf_static"
2026-09-19T05:30:26Z,11,"topoABC_devref_singleton_r1",32224,"amcl",6.7,51832,22520,"/opt/ros/jazzy/lib/nav2_amcl/amcl --ros-args --log-level info --ros-args -r __node:=amcl -p use_sim_time:=False --params-file /tmp/launch_params_bm7msjj2 -r /tf:=tf -r /tf_static:=tf_static"
2026-09-19T05:30:26Z,11,"topoABC_devref_singleton_r1",32225,"lifecycle_manag",4.2,43244,16747,"/opt/ros/jazzy/lib/nav2_lifecycle_manager/lifecycle_manager --ros-args --log-level info --ros-args -r __node:=lifecycle_manager_localization -p use_sim_time:=False --params-file /tmp/launch_params_qzpct4_u --params-file /tmp/launch_params_f3b3lnex"
2026-09-19T05:30:26Z,11,"topoABC_devref_singleton_r1",32226,"controller_serv",8.9,72240,40311,"/opt/ros/jazzy/lib/nav2_controller/controller_server --ros-args --log-level info --ros-args -p use_sim_time:=False --params-file /tmp/launch_params_ijw3eq_3 -r /tf:=tf -r /tf_static:=tf_static -r cmd_vel:=cmd_vel_nav"
2026-09-19T05:30:26Z,11,"topoABC_devref_singleton_r1",32227,"smoother_server",4.2,49828,19843,"/opt/ros/jazzy/lib/nav2_smoother/smoother_server --ros-args --log-level info --ros-args -r __node:=smoother_server -p use_sim_time:=False --params-file /tmp/launch_params_ijw3eq_3 -r /tf:=tf -r /tf_static:=tf_static"
2026-09-19T05:30:26Z,11,"topoABC_devref_singleton_r1",32228,"planner_server",4.6,58608,27379,"/opt/ros/jazzy/lib/nav2_planner/planner_server --ros-args --log-level info --ros-args -r __node:=planner_server -p use_sim_time:=False --params-file /tmp/launch_params_ijw3eq_3 -r /tf:=tf -r /tf_static:=tf_static"
2026-09-19T05:30:26Z,11,"topoABC_devref_singleton_r1",32229,"route_server",4.4,53780,22913,"/opt/ros/jazzy/lib/nav2_route/route_server --ros-args --log-level info --ros-args -r __node:=route_server -p use_sim_time:=False --params-file /tmp/launch_params_ijw3eq_3 -r /tf:=tf -r /tf_static:=tf_static"
2026-09-19T05:30:26Z,11,"topoABC_devref_singleton_r1",32230,"behavior_server",4.9,54428,23955,"/opt/ros/jazzy/lib/nav2_behaviors/behavior_server --ros-args --log-level info --ros-args -r __node:=behavior_server -p use_sim_time:=False --params-file /tmp/launch_params_ijw3eq_3 -r /tf:=tf -r /tf_static:=tf_static -r cmd_vel:=cmd_vel_nav"
2026-09-19T05:30:26Z,11,"topoABC_devref_singleton_r1",32231,"bt_navigator",6.5,78352,48847,"/opt/ros/jazzy/lib/nav2_bt_navigator/bt_navigator --ros-args --log-level info --ros-args -r __node:=bt_navigator -p use_sim_time:=False --params-file /tmp/launch_params_ijw3eq_3 -r /tf:=tf -r /tf_static:=tf_static"
2026-09-19T05:30:26Z,11,"topoABC_devref_singleton_r1",32232,"waypoint_follow",3.6,46880,19289,"/opt/ros/jazzy/lib/nav2_waypoint_follower/waypoint_follower --ros-args --log-level info --ros-args -r __node:=waypoint_follower -p use_sim_time:=False --params-file /tmp/launch_params_ijw3eq_3 -r /tf:=tf -r /tf_static:=tf_static"
2026-09-19T05:30:26Z,11,"topoABC_devref_singleton_r1",32233,"velocity_smooth",3.7,39848,16061,"/opt/ros/jazzy/lib/nav2_velocity_smoother/velocity_smoother --ros-args --log-level info --ros-args -r __node:=velocity_smoother -p use_sim_time:=False --params-file /tmp/launch_params_ijw3eq_3 -r /tf:=tf -r /tf_static:=tf_static -r cmd_vel:=cmd_vel_nav"
2026-09-19T05:30:26Z,11,"topoABC_devref_singleton_r1",32234,"collision_monit",4.2,52044,21509,"/opt/ros/jazzy/lib/nav2_collision_monitor/collision_monitor --ros-args --log-level info --ros-args -r __node:=collision_monitor -p use_sim_time:=False --params-file /tmp/launch_params_ijw3eq_3 -r /tf:=tf -r /tf_static:=tf_static"
2026-09-19T05:30:26Z,11,"topoABC_devref_singleton_r1",32236,"lifecycle_manag",9.3,47372,20918,"/opt/ros/jazzy/lib/nav2_lifecycle_manager/lifecycle_manager --ros-args --log-level info --ros-args -r __node:=lifecycle_manager_navigation -p use_sim_time:=False --params-file /tmp/launch_params_i8sg6xsb --params-file /tmp/launch_params_vpz_2_f0"
2026-09-19T05:30:26Z,11,"topoABC_devref_singleton_r1",32488,"bash",0.0,2440,581,"bash /wt/contributions/compute-benchmark/OsakaTX/scripts/run_nav2_topology_abc.sh --label topoABC_devref --reps 1 --arms composable,hybrid,singleton"
2026-09-19T05:30:26Z,11,"topoABC_devref_singleton_r1",32489,"python3",9.1,85080,53989,"python3 /wt/contributions/compute-benchmark/OsakaTX/scripts/nav_goal_sender.py --x 4.0 --y 4.0 --yaw 0.0 --repeat 0 --pause 1"
2026-09-19T05:30:26Z,11,"topoABC_devref_singleton_r1",32544,"bash",1.2,4476,1029,"bash /wt/contributions/compute-benchmark/xbattlax/scripts/measure_ros_processes.sh --pattern python3|ros2|nav2|component_container|hybrid.*container|nav_goal_sender|amcl|map_server|planner|controller|behavior|bt_nav|smoother|waypoint|route|collision|velocity --duration 110 --interval 2 --label topoABC_devref_singleton_r1 --output /wt/contributions/compute-benchmark/OsakaTX/scripts/../results/topology_abc/topoABC_devref_singleton_r1_20260919T052351Z.csv"
2026-09-19T05:30:26Z,11,"topoABC_devref_singleton_r1",9640,"bash",0.0,3908,945,"bash -c source /opt/ros/jazzy/setup.bash; WT=/wt bash /wt/contributions/compute-benchmark/OsakaTX/scripts/run_nav2_topology_abc.sh --label topoABC_devref --reps 1 --arms composable,hybrid,singleton 2>&1 | grep -E ""^===|bringup gate|goals accepted|WARNING|ERROR|died"" | head -30"
2026-09-19T05:30:26Z,11,"topoABC_devref_singleton_r1",9653,"bash",0.0,4544,1291,"bash /wt/contributions/compute-benchmark/OsakaTX/scripts/run_nav2_topology_abc.sh --label topoABC_devref --reps 1 --arms composable,hybrid,singleton"
2026-09-19T05:30:29Z,12,"topoABC_devref_singleton_r1",107,"python3",0.2,80840,51535,"/usr/bin/python3 -c from ros2cli.daemon.daemonize import main; main() --name ros2-daemon --ros-domain-id 0 --rmw-implementation rmw_fastrtps_cpp"
2026-09-19T05:30:29Z,12,"topoABC_devref_singleton_r1",32203,"python3",5.8,79436,49027,"python3 /wt/contributions/compute-benchmark/OsakaTX/scripts/synthetic_scan_publisher.py --duration 220 --loop-s 40 --hz 5.0"
2026-09-19T05:30:29Z,12,"topoABC_devref_singleton_r1",32219,"ros2",0.8,44188,30885,"/usr/bin/python3 /opt/ros/jazzy/bin/ros2 launch nav2_bringup bringup_launch.py map:=/wt/contributions/compute-benchmark/OsakaTX/scripts/../results/topology_abc/topoABC_nav2_map_r.yaml params_file:=/wt/contributions/compute-benchmark/OsakaTX/scripts/nav2_params_bench.yaml use_sim_time:=False autostart:=True slam:=False use_composition:=False"
2026-09-19T05:30:29Z,12,"topoABC_devref_singleton_r1",32223,"map_server",3.8,50216,23353,"/opt/ros/jazzy/lib/nav2_map_server/map_server --ros-args --log-level info --ros-args -r __node:=map_server -p use_sim_time:=False --params-file /tmp/launch_params_bm7msjj2 --params-file /tmp/launch_params_m__teirg -r /tf:=tf -r /tf_static:=tf_static"
2026-09-19T05:30:29Z,12,"topoABC_devref_singleton_r1",32224,"amcl",6.7,51832,22521,"/opt/ros/jazzy/lib/nav2_amcl/amcl --ros-args --log-level info --ros-args -r __node:=amcl -p use_sim_time:=False --params-file /tmp/launch_params_bm7msjj2 -r /tf:=tf -r /tf_static:=tf_static"
2026-09-19T05:30:29Z,12,"topoABC_devref_singleton_r1",32225,"lifecycle_manag",4.2,43244,16747,"/opt/ros/jazzy/lib/nav2_lifecycle_manager/lifecycle_manager --ros-args --log-level info --ros-args -r __node:=lifecycle_manager_localization -p use_sim_time:=False --params-file /tmp/launch_params_qzpct4_u --params-file /tmp/launch_params_f3b3lnex"
2026-09-19T05:30:29Z,12,"topoABC_devref_singleton_r1",32226,"controller_serv",8.9,71932,40004,"/opt/ros/jazzy/lib/nav2_controller/controller_server --ros-args --log-level info --ros-args -p use_sim_time:=False --params-file /tmp/launch_params_ijw3eq_3 -r /tf:=tf -r /tf_static:=tf_static -r cmd_vel:=cmd_vel_nav"
2026-09-19T05:30:29Z,12,"topoABC_devref_singleton_r1",32227,"smoother_server",4.2,49828,19843,"/opt/ros/jazzy/lib/nav2_smoother/smoother_server --ros-args --log-level info --ros-args -r __node:=smoother_server -p use_sim_time:=False --params-file /tmp/launch_params_ijw3eq_3 -r /tf:=tf -r /tf_static:=tf_static"
2026-09-19T05:30:29Z,12,"topoABC_devref_singleton_r1",32228,"planner_server",4.6,58608,27379,"/opt/ros/jazzy/lib/nav2_planner/planner_server --ros-args --log-level info --ros-args -r __node:=planner_server -p use_sim_time:=False --params-file /tmp/launch_params_ijw3eq_3 -r /tf:=tf -r /tf_static:=tf_static"
2026-09-19T05:30:29Z,12,"topoABC_devref_singleton_r1",32229,"route_server",4.4,53780,22913,"/opt/ros/jazzy/lib/nav2_route/route_server --ros-args --log-level info --ros-args -r __node:=route_server -p use_sim_time:=False --params-file /tmp/launch_params_ijw3eq_3 -r /tf:=tf -r /tf_static:=tf_static"
2026-09-19T05:30:29Z,12,"topoABC_devref_singleton_r1",32230,"behavior_server",4.9,54428,23955,"/opt/ros/jazzy/lib/nav2_behaviors/behavior_server --ros-args --log-level info --ros-args -r __node:=behavior_server -p use_sim_time:=False --params-file /tmp/launch_params_ijw3eq_3 -r /tf:=tf -r /tf_static:=tf_static -r cmd_vel:=cmd_vel_nav"
2026-09-19T05:30:29Z,12,"topoABC_devref_singleton_r1",32231,"bt_navigator",6.5,78288,48783,"/opt/ros/jazzy/lib/nav2_bt_navigator/bt_navigator --ros-args --log-level info --ros-args -r __node:=bt_navigator -p use_sim_time:=False --params-file /tmp/launch_params_ijw3eq_3 -r /tf:=tf -r /tf_static:=tf_static"
2026-09-19T05:30:29Z,12,"topoABC_devref_singleton_r1",32232,"waypoint_follow",3.6,46884,19293,"/opt/ros/jazzy/lib/nav2_waypoint_follower/waypoint_follower --ros-args --log-level info --ros-args -r __node:=waypoint_follower -p use_sim_time:=False --params-file /tmp/launch_params_ijw3eq_3 -r /tf:=tf -r /tf_static:=tf_static"
2026-09-19T05:30:29Z,12,"topoABC_devref_singleton_r1",32233,"velocity_smooth",3.7,39848,16061,"/opt/ros/jazzy/lib/nav2_velocity_smoother/velocity_smoother --ros-args --log-level info --ros-args -r __node:=velocity_smoother -p use_sim_time:=False --params-file /tmp/launch_params_ijw3eq_3 -r /tf:=tf -r /tf_static:=tf_static -r cmd_vel:=cmd_vel_nav"
2026-09-19T05:30:29Z,12,"topoABC_devref_singleton_r1",32234,"collision_monit",4.2,52044,21508,"/opt/ros/jazzy/lib/nav2_collision_monitor/collision_monitor --ros-args --log-level info --ros-args -r __node:=collision_monitor -p use_sim_time:=False --params-file /tmp/launch_params_ijw3eq_3 -r /tf:=tf -r /tf_static:=tf_static"
2026-09-19T05:30:29Z,12,"topoABC_devref_singleton_r1",32236,"lifecycle_manag",9.3,47372,20918,"/opt/ros/jazzy/lib/nav2_lifecycle_manager/lifecycle_manager --ros-args --log-level info --ros-args -r __node:=lifecycle_manager_navigation -p use_sim_time:=False --params-file /tmp/launch_params_i8sg6xsb --params-file /tmp/launch_params_vpz_2_f0"
2026-09-19T05:30:29Z,12,"topoABC_devref_singleton_r1",32488,"bash",0.0,2440,581,"bash /wt/contributions/compute-benchmark/OsakaTX/scripts/run_nav2_topology_abc.sh --label topoABC_devref --reps 1 --arms composable,hybrid,singleton"
2026-09-19T05:30:29Z,12,"topoABC_devref_singleton_r1",32489,"python3",8.6,85088,54000,"python3 /wt/contributions/compute-benchmark/OsakaTX/scripts/nav_goal_sender.py --x 4.0 --y 4.0 --yaw 0.0 --repeat 0 --pause 1"
2026-09-19T05:30:29Z,12,"topoABC_devref_singleton_r1",32544,"bash",1.2,4476,1033,"bash /wt/contributions/compute-benchmark/xbattlax/scripts/measure_ros_processes.sh --pattern python3|ros2|nav2|component_container|hybrid.*container|nav_goal_sender|amcl|map_server|planner|controller|behavior|bt_nav|smoother|waypoint|route|collision|velocity --duration 110 --interval 2 --label topoABC_devref_singleton_r1 --output /wt/contributions/compute-benchmark/OsakaTX/scripts/../results/topology_abc/topoABC_devref_singleton_r1_20260919T052351Z.csv"
2026-09-19T05:30:29Z,12,"topoABC_devref_singleton_r1",9640,"bash",0.0,3908,945,"bash -c source /opt/ros/jazzy/setup.bash; WT=/wt bash /wt/contributions/compute-benchmark/OsakaTX/scripts/run_nav2_topology_abc.sh --label topoABC_devref --reps 1 --arms composable,hybrid,singleton 2>&1 | grep -E ""^===|bringup gate|goals accepted|WARNING|ERROR|died"" | head -30"
2026-09-19T05:30:29Z,12,"topoABC_devref_singleton_r1",9653,"bash",0.0,4544,1293,"bash /wt/contributions/compute-benchmark/OsakaTX/scripts/run_nav2_topology_abc.sh --label topoABC_devref --reps 1 --arms composable,hybrid,singleton"
2026-09-19T05:30:31Z,13,"topoABC_devref_singleton_r1",107,"python3",0.2,80840,51533,"/usr/bin/python3 -c from ros2cli.daemon.daemonize import main; main() --name ros2-daemon --ros-domain-id 0 --rmw-implementation rmw_fastrtps_cpp"
2026-09-19T05:30:31Z,13,"topoABC_devref_singleton_r1",32203,"python3",5.8,79436,49028,"python3 /wt/contributions/compute-benchmark/OsakaTX/scripts/synthetic_scan_publisher.py --duration 220 --loop-s 40 --hz 5.0"
2026-09-19T05:30:31Z,13,"topoABC_devref_singleton_r1",32219,"ros2",0.8,44188,30885,"/usr/bin/python3 /opt/ros/jazzy/bin/ros2 launch nav2_bringup bringup_launch.py map:=/wt/contributions/compute-benchmark/OsakaTX/scripts/../results/topology_abc/topoABC_nav2_map_r.yaml params_file:=/wt/contributions/compute-benchmark/OsakaTX/scripts/nav2_params_bench.yaml use_sim_time:=False autostart:=True slam:=False use_composition:=False"
2026-09-19T05:30:31Z,13,"topoABC_devref_singleton_r1",32223,"map_server",3.8,50216,23354,"/opt/ros/jazzy/lib/nav2_map_server/map_server --ros-args --log-level info --ros-args -r __node:=map_server -p use_sim_time:=False --params-file /tmp/launch_params_bm7msjj2 --params-file /tmp/launch_params_m__teirg -r /tf:=tf -r /tf_static:=tf_static"
2026-09-19T05:30:31Z,13,"topoABC_devref_singleton_r1",32224,"amcl",6.7,51832,22520,"/opt/ros/jazzy/lib/nav2_amcl/amcl --ros-args --log-level info --ros-args -r __node:=amcl -p use_sim_time:=False --params-file /tmp/launch_params_bm7msjj2 -r /tf:=tf -r /tf_static:=tf_static"
2026-09-19T05:30:31Z,13,"topoABC_devref_singleton_r1",32225,"lifecycle_manag",4.2,43244,16747,"/opt/ros/jazzy/lib/nav2_lifecycle_manager/lifecycle_manager --ros-args --log-level info --ros-args -r __node:=lifecycle_manager_localization -p use_sim_time:=False --params-file /tmp/launch_params_qzpct4_u --params-file /tmp/launch_params_f3b3lnex"
2026-09-19T05:30:31Z,13,"topoABC_devref_singleton_r1",32226,"controller_serv",8.9,71932,40003,"/opt/ros/jazzy/lib/nav2_controller/controller_server --ros-args --log-level info --ros-args -p use_sim_time:=False --params-file /tmp/launch_params_ijw3eq_3 -r /tf:=tf -r /tf_static:=tf_static -r cmd_vel:=cmd_vel_nav"
2026-09-19T05:30:31Z,13,"topoABC_devref_singleton_r1",32227,"smoother_server",4.2,49828,19843,"/opt/ros/jazzy/lib/nav2_smoother/smoother_server --ros-args --log-level info --ros-args -r __node:=smoother_server -p use_sim_time:=False --params-file /tmp/launch_params_ijw3eq_3 -r /tf:=tf -r /tf_static:=tf_static"
2026-09-19T05:30:31Z,13,"topoABC_devref_singleton_r1",32228,"planner_server",4.6,58652,27423,"/opt/ros/jazzy/lib/nav2_planner/planner_server --ros-args --log-level info --ros-args -r __node:=planner_server -p use_sim_time:=False --params-file /tmp/launch_params_ijw3eq_3 -r /tf:=tf -r /tf_static:=tf_static"
2026-09-19T05:30:31Z,13,"topoABC_devref_singleton_r1",32229,"route_server",4.4,53780,22913,"/opt/ros/jazzy/lib/nav2_route/route_server --ros-args --log-level info --ros-args -r __node:=route_server -p use_sim_time:=False --params-file /tmp/launch_params_ijw3eq_3 -r /tf:=tf -r /tf_static:=tf_static"
2026-09-19T05:30:31Z,13,"topoABC_devref_singleton_r1",32230,"behavior_server",4.9,54428,23954,"/opt/ros/jazzy/lib/nav2_behaviors/behavior_server --ros-args --log-level info --ros-args -r __node:=behavior_server -p use_sim_time:=False --params-file /tmp/launch_params_ijw3eq_3 -r /tf:=tf -r /tf_static:=tf_static -r cmd_vel:=cmd_vel_nav"
2026-09-19T05:30:31Z,13,"topoABC_devref_singleton_r1",32231,"bt_navigator",6.5,78256,48752,"/opt/ros/jazzy/lib/nav2_bt_navigator/bt_navigator --ros-args --log-level info --ros-args -r __node:=bt_navigator -p use_sim_time:=False --params-file /tmp/launch_params_ijw3eq_3 -r /tf:=tf -r /tf_static:=tf_static"
2026-09-19T05:30:31Z,13,"topoABC_devref_singleton_r1",32232,"waypoint_follow",3.6,46884,19293,"/opt/ros/jazzy/lib/nav2_waypoint_follower/waypoint_follower --ros-args --log-level info --ros-args -r __node:=waypoint_follower -p use_sim_time:=False --params-file /tmp/launch_params_ijw3eq_3 -r /tf:=tf -r /tf_static:=tf_static"
2026-09-19T05:30:31Z,13,"topoABC_devref_singleton_r1",32233,"velocity_smooth",3.7,39848,16061,"/opt/ros/jazzy/lib/nav2_velocity_smoother/velocity_smoother --ros-args --log-level info --ros-args -r __node:=velocity_smoother -p use_sim_time:=False --params-file /tmp/launch_params_ijw3eq_3 -r /tf:=tf -r /tf_static:=tf_static -r cmd_vel:=cmd_vel_nav"
2026-09-19T05:30:31Z,13,"topoABC_devref_singleton_r1",32234,"collision_monit",4.2,52044,21508,"/opt/ros/jazzy/lib/nav2_collision_monitor/collision_monitor --ros-args --log-level info --ros-args -r __node:=collision_monitor -p use_sim_time:=False --params-file /tmp/launch_params_ijw3eq_3 -r /tf:=tf -r /tf_static:=tf_static"
2026-09-19T05:30:31Z,13,"topoABC_devref_singleton_r1",32236,"lifecycle_manag",9.3,47372,20917,"/opt/ros/jazzy/lib/nav2_lifecycle_manager/lifecycle_manager --ros-args --log-level info --ros-args -r __node:=lifecycle_manager_navigation -p use_sim_time:=False --params-file /tmp/launch_params_i8sg6xsb --params-file /tmp/launch_params_vpz_2_f0"
2026-09-19T05:30:31Z,13,"topoABC_devref_singleton_r1",32488,"bash",0.0,2440,581,"bash /wt/contributions/compute-benchmark/OsakaTX/scripts/run_nav2_topology_abc.sh --label topoABC_devref --reps 1 --arms composable,hybrid,singleton"
2026-09-19T05:30:31Z,13,"topoABC_devref_singleton_r1",32489,"python3",8.1,85096,54009,"python3 /wt/contributions/compute-benchmark/OsakaTX/scripts/nav_goal_sender.py --x 4.0 --y 4.0 --yaw 0.0 --repeat 0 --pause 1"
2026-09-19T05:30:31Z,13,"topoABC_devref_singleton_r1",32544,"bash",1.2,4476,1037,"bash /wt/contributions/compute-benchmark/xbattlax/scripts/measure_ros_processes.sh --pattern python3|ros2|nav2|component_container|hybrid.*container|nav_goal_sender|amcl|map_server|planner|controller|behavior|bt_nav|smoother|waypoint|route|collision|velocity --duration 110 --interval 2 --label topoABC_devref_singleton_r1 --output /wt/contributions/compute-benchmark/OsakaTX/scripts/../results/topology_abc/topoABC_devref_singleton_r1_20260919T052351Z.csv"
2026-09-19T05:30:31Z,13,"topoABC_devref_singleton_r1",9640,"bash",0.0,3908,945,"bash -c source /opt/ros/jazzy/setup.bash; WT=/wt bash /wt/contributions/compute-benchmark/OsakaTX/scripts/run_nav2_topology_abc.sh --label topoABC_devref --reps 1 --arms composable,hybrid,singleton 2>&1 | grep -E ""^===|bringup gate|goals accepted|WARNING|ERROR|died"" | head -30"
2026-09-19T05:30:31Z,13,"topoABC_devref_singleton_r1",9653,"bash",0.0,4544,1293,"bash /wt/contributions/compute-benchmark/OsakaTX/scripts/run_nav2_topology_abc.sh --label topoABC_devref --reps 1 --arms composable,hybrid,singleton"
2026-09-19T05:30:34Z,14,"topoABC_devref_singleton_r1",107,"python3",0.2,80840,51532,"/usr/bin/python3 -c from ros2cli.daemon.daemonize import main; main() --name ros2-daemon --ros-domain-id 0 --rmw-implementation rmw_fastrtps_cpp"
2026-09-19T05:30:34Z,14,"topoABC_devref_singleton_r1",32203,"python3",5.8,79436,49027,"python3 /wt/contributions/compute-benchmark/OsakaTX/scripts/synthetic_scan_publisher.py --duration 220 --loop-s 40 --hz 5.0"
2026-09-19T05:30:34Z,14,"topoABC_devref_singleton_r1",32219,"ros2",0.8,44188,30885,"/usr/bin/python3 /opt/ros/jazzy/bin/ros2 launch nav2_bringup bringup_launch.py map:=/wt/contributions/compute-benchmark/OsakaTX/scripts/../results/topology_abc/topoABC_nav2_map_r.yaml params_file:=/wt/contributions/compute-benchmark/OsakaTX/scripts/nav2_params_bench.yaml use_sim_time:=False autostart:=True slam:=False use_composition:=False"
2026-09-19T05:30:34Z,14,"topoABC_devref_singleton_r1",32223,"map_server",3.8,50216,23353,"/opt/ros/jazzy/lib/nav2_map_server/map_server --ros-args --log-level info --ros-args -r __node:=map_server -p use_sim_time:=False --params-file /tmp/launch_params_bm7msjj2 --params-file /tmp/launch_params_m__teirg -r /tf:=tf -r /tf_static:=tf_static"
2026-09-19T05:30:34Z,14,"topoABC_devref_singleton_r1",32224,"amcl",6.7,51832,22521,"/opt/ros/jazzy/lib/nav2_amcl/amcl --ros-args --log-level info --ros-args -r __node:=amcl -p use_sim_time:=False --params-file /tmp/launch_params_bm7msjj2 -r /tf:=tf -r /tf_static:=tf_static"
2026-09-19T05:30:34Z,14,"topoABC_devref_singleton_r1",32225,"lifecycle_manag",4.1,43244,16746,"/opt/ros/jazzy/lib/nav2_lifecycle_manager/lifecycle_manager --ros-args --log-level info --ros-args -r __node:=lifecycle_manager_localization -p use_sim_time:=False --params-file /tmp/launch_params_qzpct4_u --params-file /tmp/launch_params_f3b3lnex"
2026-09-19T05:30:34Z,14,"topoABC_devref_singleton_r1",32226,"controller_serv",8.7,71932,40004,"/opt/ros/jazzy/lib/nav2_controller/controller_server --ros-args --log-level info --ros-args -p use_sim_time:=False --params-file /tmp/launch_params_ijw3eq_3 -r /tf:=tf -r /tf_static:=tf_static -r cmd_vel:=cmd_vel_nav"
2026-09-19T05:30:34Z,14,"topoABC_devref_singleton_r1",32227,"smoother_server",4.2,49828,19843,"/opt/ros/jazzy/lib/nav2_smoother/smoother_server --ros-args --log-level info --ros-args -r __node:=smoother_server -p use_sim_time:=False --params-file /tmp/launch_params_ijw3eq_3 -r /tf:=tf -r /tf_static:=tf_static"
2026-09-19T05:30:34Z,14,"topoABC_devref_singleton_r1",32228,"planner_server",4.6,58652,27423,"/opt/ros/jazzy/lib/nav2_planner/planner_server --ros-args --log-level info --ros-args -r __node:=planner_server -p use_sim_time:=False --params-file /tmp/launch_params_ijw3eq_3 -r /tf:=tf -r /tf_static:=tf_static"
2026-09-19T05:30:34Z,14,"topoABC_devref_singleton_r1",32229,"route_server",4.4,53780,22913,"/opt/ros/jazzy/lib/nav2_route/route_server --ros-args --log-level info --ros-args -r __node:=route_server -p use_sim_time:=False --params-file /tmp/launch_params_ijw3eq_3 -r /tf:=tf -r /tf_static:=tf_static"
2026-09-19T05:30:34Z,14,"topoABC_devref_singleton_r1",32230,"behavior_server",4.9,54428,23954,"/opt/ros/jazzy/lib/nav2_behaviors/behavior_server --ros-args --log-level info --ros-args -r __node:=behavior_server -p use_sim_time:=False --params-file /tmp/launch_params_ijw3eq_3 -r /tf:=tf -r /tf_static:=tf_static -r cmd_vel:=cmd_vel_nav"
2026-09-19T05:30:34Z,14,"topoABC_devref_singleton_r1",32231,"bt_navigator",6.5,78268,48764,"/opt/ros/jazzy/lib/nav2_bt_navigator/bt_navigator --ros-args --log-level info --ros-args -r __node:=bt_navigator -p use_sim_time:=False --params-file /tmp/launch_params_ijw3eq_3 -r /tf:=tf -r /tf_static:=tf_static"
2026-09-19T05:30:34Z,14,"topoABC_devref_singleton_r1",32232,"waypoint_follow",3.5,46884,19294,"/opt/ros/jazzy/lib/nav2_waypoint_follower/waypoint_follower --ros-args --log-level info --ros-args -r __node:=waypoint_follower -p use_sim_time:=False --params-file /tmp/launch_params_ijw3eq_3 -r /tf:=tf -r /tf_static:=tf_static"
2026-09-19T05:30:34Z,14,"topoABC_devref_singleton_r1",32233,"velocity_smooth",3.7,39848,16061,"/opt/ros/jazzy/lib/nav2_velocity_smoother/velocity_smoother --ros-args --log-level info --ros-args -r __node:=velocity_smoother -p use_sim_time:=False --params-file /tmp/launch_params_ijw3eq_3 -r /tf:=tf -r /tf_static:=tf_static -r cmd_vel:=cmd_vel_nav"
2026-09-19T05:30:34Z,14,"topoABC_devref_singleton_r1",32234,"collision_monit",4.2,52044,21509,"/opt/ros/jazzy/lib/nav2_collision_monitor/collision_monitor --ros-args --log-level info --ros-args -r __node:=collision_monitor -p use_sim_time:=False --params-file /tmp/launch_params_ijw3eq_3 -r /tf:=tf -r /tf_static:=tf_static"
2026-09-19T05:30:34Z,14,"topoABC_devref_singleton_r1",32236,"lifecycle_manag",9.2,47372,20918,"/opt/ros/jazzy/lib/nav2_lifecycle_manager/lifecycle_manager --ros-args --log-level info --ros-args -r __node:=lifecycle_manager_navigation -p use_sim_time:=False --params-file /tmp/launch_params_i8sg6xsb --params-file /tmp/launch_params_vpz_2_f0"
2026-09-19T05:30:34Z,14,"topoABC_devref_singleton_r1",32488,"bash",0.0,2440,581,"bash /wt/contributions/compute-benchmark/OsakaTX/scripts/run_nav2_topology_abc.sh --label topoABC_devref --reps 1 --arms composable,hybrid,singleton"
2026-09-19T05:30:34Z,14,"topoABC_devref_singleton_r1",32489,"python3",8.1,85104,54016,"python3 /wt/contributions/compute-benchmark/OsakaTX/scripts/nav_goal_sender.py --x 4.0 --y 4.0 --yaw 0.0 --repeat 0 --pause 1"
2026-09-19T05:30:34Z,14,"topoABC_devref_singleton_r1",32544,"bash",1.2,4476,1033,"bash /wt/contributions/compute-benchmark/xbattlax/scripts/measure_ros_processes.sh --pattern python3|ros2|nav2|component_container|hybrid.*container|nav_goal_sender|amcl|map_server|planner|controller|behavior|bt_nav|smoother|waypoint|route|collision|velocity --duration 110 --interval 2 --label topoABC_devref_singleton_r1 --output /wt/contributions/compute-benchmark/OsakaTX/scripts/../results/topology_abc/topoABC_devref_singleton_r1_20260919T052351Z.csv"
2026-09-19T05:30:34Z,14,"topoABC_devref_singleton_r1",9640,"bash",0.0,3908,945,"bash -c source /opt/ros/jazzy/setup.bash; WT=/wt bash /wt/contributions/compute-benchmark/OsakaTX/scripts/run_nav2_topology_abc.sh --label topoABC_devref --reps 1 --arms composable,hybrid,singleton 2>&1 | grep -E ""^===|bringup gate|goals accepted|WARNING|ERROR|died"" | head -30"
2026-09-19T05:30:34Z,14,"topoABC_devref_singleton_r1",9653,"bash",0.0,4544,1291,"bash /wt/contributions/compute-benchmark/OsakaTX/scripts/run_nav2_topology_abc.sh --label topoABC_devref --reps 1 --arms composable,hybrid,singleton"
2026-09-19T05:30:36Z,15,"topoABC_devref_singleton_r1",107,"python3",0.2,80840,51532,"/usr/bin/python3 -c from ros2cli.daemon.daemonize import main; main() --name ros2-daemon --ros-domain-id 0 --rmw-implementation rmw_fastrtps_cpp"
2026-09-19T05:30:36Z,15,"topoABC_devref_singleton_r1",32203,"python3",5.8,79436,49028,"python3 /wt/contributions/compute-benchmark/OsakaTX/scripts/synthetic_scan_publisher.py --duration 220 --loop-s 40 --hz 5.0"
2026-09-19T05:30:36Z,15,"topoABC_devref_singleton_r1",32219,"ros2",0.8,44188,30880,"/usr/bin/python3 /opt/ros/jazzy/bin/ros2 launch nav2_bringup bringup_launch.py map:=/wt/contributions/compute-benchmark/OsakaTX/scripts/../results/topology_abc/topoABC_nav2_map_r.yaml params_file:=/wt/contributions/compute-benchmark/OsakaTX/scripts/nav2_params_bench.yaml use_sim_time:=False autostart:=True slam:=False use_composition:=False"
2026-09-19T05:30:36Z,15,"topoABC_devref_singleton_r1",32223,"map_server",3.8,50216,23353,"/opt/ros/jazzy/lib/nav2_map_server/map_server --ros-args --log-level info --ros-args -r __node:=map_server -p use_sim_time:=False --params-file /tmp/launch_params_bm7msjj2 --params-file /tmp/launch_params_m__teirg -r /tf:=tf -r /tf_static:=tf_static"
2026-09-19T05:30:36Z,15,"topoABC_devref_singleton_r1",32224,"amcl",6.7,51832,22521,"/opt/ros/jazzy/lib/nav2_amcl/amcl --ros-args --log-level info --ros-args -r __node:=amcl -p use_sim_time:=False --params-file /tmp/launch_params_bm7msjj2 -r /tf:=tf -r /tf_static:=tf_static"
2026-09-19T05:30:36Z,15,"topoABC_devref_singleton_r1",32225,"lifecycle_manag",4.1,43244,16747,"/opt/ros/jazzy/lib/nav2_lifecycle_manager/lifecycle_manager --ros-args --log-level info --ros-args -r __node:=lifecycle_manager_localization -p use_sim_time:=False --params-file /tmp/launch_params_qzpct4_u --params-file /tmp/launch_params_f3b3lnex"
2026-09-19T05:30:36Z,15,"topoABC_devref_singleton_r1",32226,"controller_serv",8.6,71932,40004,"/opt/ros/jazzy/lib/nav2_controller/controller_server --ros-args --log-level info --ros-args -p use_sim_time:=False --params-file /tmp/launch_params_ijw3eq_3 -r /tf:=tf -r /tf_static:=tf_static -r cmd_vel:=cmd_vel_nav"
2026-09-19T05:30:36Z,15,"topoABC_devref_singleton_r1",32227,"smoother_server",4.2,49828,19843,"/opt/ros/jazzy/lib/nav2_smoother/smoother_server --ros-args --log-level info --ros-args -r __node:=smoother_server -p use_sim_time:=False --params-file /tmp/launch_params_ijw3eq_3 -r /tf:=tf -r /tf_static:=tf_static"
2026-09-19T05:30:36Z,15,"topoABC_devref_singleton_r1",32228,"planner_server",4.6,58652,27423,"/opt/ros/jazzy/lib/nav2_planner/planner_server --ros-args --log-level info --ros-args -r __node:=planner_server -p use_sim_time:=False --params-file /tmp/launch_params_ijw3eq_3 -r /tf:=tf -r /tf_static:=tf_static"
2026-09-19T05:30:36Z,15,"topoABC_devref_singleton_r1",32229,"route_server",4.3,53780,22913,"/opt/ros/jazzy/lib/nav2_route/route_server --ros-args --log-level info --ros-args -r __node:=route_server -p use_sim_time:=False --params-file /tmp/launch_params_ijw3eq_3 -r /tf:=tf -r /tf_static:=tf_static"
2026-09-19T05:30:36Z,15,"topoABC_devref_singleton_r1",32230,"behavior_server",4.8,54460,23987,"/opt/ros/jazzy/lib/nav2_behaviors/behavior_server --ros-args --log-level info --ros-args -r __node:=behavior_server -p use_sim_time:=False --params-file /tmp/launch_params_ijw3eq_3 -r /tf:=tf -r /tf_static:=tf_static -r cmd_vel:=cmd_vel_nav"
2026-09-19T05:30:36Z,15,"topoABC_devref_singleton_r1",32231,"bt_navigator",6.5,78268,48764,"/opt/ros/jazzy/lib/nav2_bt_navigator/bt_navigator --ros-args --log-level info --ros-args -r __node:=bt_navigator -p use_sim_time:=False --params-file /tmp/launch_params_ijw3eq_3 -r /tf:=tf -r /tf_static:=tf_static"
2026-09-19T05:30:36Z,15,"topoABC_devref_singleton_r1",32232,"waypoint_follow",3.5,46884,19294,"/opt/ros/jazzy/lib/nav2_waypoint_follower/waypoint_follower --ros-args --log-level info --ros-args -r __node:=waypoint_follower -p use_sim_time:=False --params-file /tmp/launch_params_ijw3eq_3 -r /tf:=tf -r /tf_static:=tf_static"
2026-09-19T05:30:36Z,15,"topoABC_devref_singleton_r1",32233,"velocity_smooth",3.7,39848,16062,"/opt/ros/jazzy/lib/nav2_velocity_smoother/velocity_smoother --ros-args --log-level info --ros-args -r __node:=velocity_smoother -p use_sim_time:=False --params-file /tmp/launch_params_ijw3eq_3 -r /tf:=tf -r /tf_static:=tf_static -r cmd_vel:=cmd_vel_nav"
2026-09-19T05:30:36Z,15,"topoABC_devref_singleton_r1",32234,"collision_monit",4.2,52044,21509,"/opt/ros/jazzy/lib/nav2_collision_monitor/collision_monitor --ros-args --log-level info --ros-args -r __node:=collision_monitor -p use_sim_time:=False --params-file /tmp/launch_params_ijw3eq_3 -r /tf:=tf -r /tf_static:=tf_static"
2026-09-19T05:30:36Z,15,"topoABC_devref_singleton_r1",32236,"lifecycle_manag",9.2,47372,20918,"/opt/ros/jazzy/lib/nav2_lifecycle_manager/lifecycle_manager --ros-args --log-level info --ros-args -r __node:=lifecycle_manager_navigation -p use_sim_time:=False --params-file /tmp/launch_params_i8sg6xsb --params-file /tmp/launch_params_vpz_2_f0"
2026-09-19T05:30:36Z,15,"topoABC_devref_singleton_r1",32488,"bash",0.0,2440,582,"bash /wt/contributions/compute-benchmark/OsakaTX/scripts/run_nav2_topology_abc.sh --label topoABC_devref --reps 1 --arms composable,hybrid,singleton"
2026-09-19T05:30:36Z,15,"topoABC_devref_singleton_r1",32489,"python3",8.3,85104,54014,"python3 /wt/contributions/compute-benchmark/OsakaTX/scripts/nav_goal_sender.py --x 4.0 --y 4.0 --yaw 0.0 --repeat 0 --pause 1"
2026-09-19T05:30:36Z,15,"topoABC_devref_singleton_r1",32544,"bash",1.2,4476,1032,"bash /wt/contributions/compute-benchmark/xbattlax/scripts/measure_ros_processes.sh --pattern python3|ros2|nav2|component_container|hybrid.*container|nav_goal_sender|amcl|map_server|planner|controller|behavior|bt_nav|smoother|waypoint|route|collision|velocity --duration 110 --interval 2 --label topoABC_devref_singleton_r1 --output /wt/contributions/compute-benchmark/OsakaTX/scripts/../results/topology_abc/topoABC_devref_singleton_r1_20260919T052351Z.csv"
2026-09-19T05:30:36Z,15,"topoABC_devref_singleton_r1",9640,"bash",0.0,3908,945,"bash -c source /opt/ros/jazzy/setup.bash; WT=/wt bash /wt/contributions/compute-benchmark/OsakaTX/scripts/run_nav2_topology_abc.sh --label topoABC_devref --reps 1 --arms composable,hybrid,singleton 2>&1 | grep -E ""^===|bringup gate|goals accepted|WARNING|ERROR|died"" | head -30"
2026-09-19T05:30:36Z,15,"topoABC_devref_singleton_r1",9653,"bash",0.0,4544,1292,"bash /wt/contributions/compute-benchmark/OsakaTX/scripts/run_nav2_topology_abc.sh --label topoABC_devref --reps 1 --arms composable,hybrid,singleton"
2026-09-19T05:30:39Z,16,"topoABC_devref_singleton_r1",107,"python3",0.2,80840,51534,"/usr/bin/python3 -c from ros2cli.daemon.daemonize import main; main() --name ros2-daemon --ros-domain-id 0 --rmw-implementation rmw_fastrtps_cpp"
2026-09-19T05:30:39Z,16,"topoABC_devref_singleton_r1",32203,"python3",5.8,79436,49026,"python3 /wt/contributions/compute-benchmark/OsakaTX/scripts/synthetic_scan_publisher.py --duration 220 --loop-s 40 --hz 5.0"
2026-09-19T05:30:39Z,16,"topoABC_devref_singleton_r1",32219,"ros2",0.8,44188,30885,"/usr/bin/python3 /opt/ros/jazzy/bin/ros2 launch nav2_bringup bringup_launch.py map:=/wt/contributions/compute-benchmark/OsakaTX/scripts/../results/topology_abc/topoABC_nav2_map_r.yaml params_file:=/wt/contributions/compute-benchmark/OsakaTX/scripts/nav2_params_bench.yaml use_sim_time:=False autostart:=True slam:=False use_composition:=False"
2026-09-19T05:30:39Z,16,"topoABC_devref_singleton_r1",32223,"map_server",3.8,50216,23353,"/opt/ros/jazzy/lib/nav2_map_server/map_server --ros-args --log-level info --ros-args -r __node:=map_server -p use_sim_time:=False --params-file /tmp/launch_params_bm7msjj2 --params-file /tmp/launch_params_m__teirg -r /tf:=tf -r /tf_static:=tf_static"
2026-09-19T05:30:39Z,16,"topoABC_devref_singleton_r1",32224,"amcl",6.6,51832,22520,"/opt/ros/jazzy/lib/nav2_amcl/amcl --ros-args --log-level info --ros-args -r __node:=amcl -p use_sim_time:=False --params-file /tmp/launch_params_bm7msjj2 -r /tf:=tf -r /tf_static:=tf_static"
2026-09-19T05:30:39Z,16,"topoABC_devref_singleton_r1",32225,"lifecycle_manag",4.1,43244,16746,"/opt/ros/jazzy/lib/nav2_lifecycle_manager/lifecycle_manager --ros-args --log-level info --ros-args -r __node:=lifecycle_manager_localization -p use_sim_time:=False --params-file /tmp/launch_params_qzpct4_u --params-file /tmp/launch_params_f3b3lnex"
2026-09-19T05:30:39Z,16,"topoABC_devref_singleton_r1",32226,"controller_serv",8.5,71932,40003,"/opt/ros/jazzy/lib/nav2_controller/controller_server --ros-args --log-level info --ros-args -p use_sim_time:=False --params-file /tmp/launch_params_ijw3eq_3 -r /tf:=tf -r /tf_static:=tf_static -r cmd_vel:=cmd_vel_nav"
2026-09-19T05:30:39Z,16,"topoABC_devref_singleton_r1",32227,"smoother_server",4.2,49828,19843,"/opt/ros/jazzy/lib/nav2_smoother/smoother_server --ros-args --log-level info --ros-args -r __node:=smoother_server -p use_sim_time:=False --params-file /tmp/launch_params_ijw3eq_3 -r /tf:=tf -r /tf_static:=tf_static"
2026-09-19T05:30:39Z,16,"topoABC_devref_singleton_r1",32228,"planner_server",4.6,58652,27422,"/opt/ros/jazzy/lib/nav2_planner/planner_server --ros-args --log-level info --ros-args -r __node:=planner_server -p use_sim_time:=False --params-file /tmp/launch_params_ijw3eq_3 -r /tf:=tf -r /tf_static:=tf_static"
2026-09-19T05:30:39Z,16,"topoABC_devref_singleton_r1",32229,"route_server",4.3,53780,22913,"/opt/ros/jazzy/lib/nav2_route/route_server --ros-args --log-level info --ros-args -r __node:=route_server -p use_sim_time:=False --params-file /tmp/launch_params_ijw3eq_3 -r /tf:=tf -r /tf_static:=tf_static"
2026-09-19T05:30:39Z,16,"topoABC_devref_singleton_r1",32230,"behavior_server",4.8,54460,23986,"/opt/ros/jazzy/lib/nav2_behaviors/behavior_server --ros-args --log-level info --ros-args -r __node:=behavior_server -p use_sim_time:=False --params-file /tmp/launch_params_ijw3eq_3 -r /tf:=tf -r /tf_static:=tf_static -r cmd_vel:=cmd_vel_nav"
2026-09-19T05:30:39Z,16,"topoABC_devref_singleton_r1",32231,"bt_navigator",6.6,78268,48760,"/opt/ros/jazzy/lib/nav2_bt_navigator/bt_navigator --ros-args --log-level info --ros-args -r __node:=bt_navigator -p use_sim_time:=False --params-file /tmp/launch_params_ijw3eq_3 -r /tf:=tf -r /tf_static:=tf_static"
2026-09-19T05:30:39Z,16,"topoABC_devref_singleton_r1",32232,"waypoint_follow",3.5,46884,19294,"/opt/ros/jazzy/lib/nav2_waypoint_follower/waypoint_follower --ros-args --log-level info --ros-args -r __node:=waypoint_follower -p use_sim_time:=False --params-file /tmp/launch_params_ijw3eq_3 -r /tf:=tf -r /tf_static:=tf_static"
2026-09-19T05:30:39Z,16,"topoABC_devref_singleton_r1",32233,"velocity_smooth",3.7,39848,16061,"/opt/ros/jazzy/lib/nav2_velocity_smoother/velocity_smoother --ros-args --log-level info --ros-args -r __node:=velocity_smoother -p use_sim_time:=False --params-file /tmp/launch_params_ijw3eq_3 -r /tf:=tf -r /tf_static:=tf_static -r cmd_vel:=cmd_vel_nav"
2026-09-19T05:30:39Z,16,"topoABC_devref_singleton_r1",32234,"collision_monit",4.1,52044,21509,"/opt/ros/jazzy/lib/nav2_collision_monitor/collision_monitor --ros-args --log-level info --ros-args -r __node:=collision_monitor -p use_sim_time:=False --params-file /tmp/launch_params_ijw3eq_3 -r /tf:=tf -r /tf_static:=tf_static"
2026-09-19T05:30:39Z,16,"topoABC_devref_singleton_r1",32236,"lifecycle_manag",9.2,47372,20915,"/opt/ros/jazzy/lib/nav2_lifecycle_manager/lifecycle_manager --ros-args --log-level info --ros-args -r __node:=lifecycle_manager_navigation -p use_sim_time:=False --params-file /tmp/launch_params_i8sg6xsb --params-file /tmp/launch_params_vpz_2_f0"
2026-09-19T05:30:39Z,16,"topoABC_devref_singleton_r1",32488,"bash",0.0,2440,581,"bash /wt/contributions/compute-benchmark/OsakaTX/scripts/run_nav2_topology_abc.sh --label topoABC_devref --reps 1 --arms composable,hybrid,singleton"
2026-09-19T05:30:39Z,16,"topoABC_devref_singleton_r1",32489,"python3",8.4,85104,54015,"python3 /wt/contributions/compute-benchmark/OsakaTX/scripts/nav_goal_sender.py --x 4.0 --y 4.0 --yaw 0.0 --repeat 0 --pause 1"
2026-09-19T05:30:39Z,16,"topoABC_devref_singleton_r1",32544,"bash",1.2,4476,1033,"bash /wt/contributions/compute-benchmark/xbattlax/scripts/measure_ros_processes.sh --pattern python3|ros2|nav2|component_container|hybrid.*container|nav_goal_sender|amcl|map_server|planner|controller|behavior|bt_nav|smoother|waypoint|route|collision|velocity --duration 110 --interval 2 --label topoABC_devref_singleton_r1 --output /wt/contributions/compute-benchmark/OsakaTX/scripts/../results/topology_abc/topoABC_devref_singleton_r1_20260919T052351Z.csv"
2026-09-19T05:30:39Z,16,"topoABC_devref_singleton_r1",9640,"bash",0.0,3908,945,"bash -c source /opt/ros/jazzy/setup.bash; WT=/wt bash /wt/contributions/compute-benchmark/OsakaTX/scripts/run_nav2_topology_abc.sh --label topoABC_devref --reps 1 --arms composable,hybrid,singleton 2>&1 | grep -E ""^===|bringup gate|goals accepted|WARNING|ERROR|died"" | head -30"
2026-09-19T05:30:39Z,16,"topoABC_devref_singleton_r1",9653,"bash",0.0,4544,1292,"bash /wt/contributions/compute-benchmark/OsakaTX/scripts/run_nav2_topology_abc.sh --label topoABC_devref --reps 1 --arms composable,hybrid,singleton"
2026-09-19T05:30:41Z,17,"topoABC_devref_singleton_r1",107,"python3",0.2,80840,51533,"/usr/bin/python3 -c from ros2cli.daemon.daemonize import main; main() --name ros2-daemon --ros-domain-id 0 --rmw-implementation rmw_fastrtps_cpp"
2026-09-19T05:30:41Z,17,"topoABC_devref_singleton_r1",32203,"python3",5.7,79436,49028,"python3 /wt/contributions/compute-benchmark/OsakaTX/scripts/synthetic_scan_publisher.py --duration 220 --loop-s 40 --hz 5.0"
2026-09-19T05:30:41Z,17,"topoABC_devref_singleton_r1",32219,"ros2",0.7,44188,30879,"/usr/bin/python3 /opt/ros/jazzy/bin/ros2 launch nav2_bringup bringup_launch.py map:=/wt/contributions/compute-benchmark/OsakaTX/scripts/../results/topology_abc/topoABC_nav2_map_r.yaml params_file:=/wt/contributions/compute-benchmark/OsakaTX/scripts/nav2_params_bench.yaml use_sim_time:=False autostart:=True slam:=False use_composition:=False"
2026-09-19T05:30:41Z,17,"topoABC_devref_singleton_r1",32223,"map_server",3.8,50216,23353,"/opt/ros/jazzy/lib/nav2_map_server/map_server --ros-args --log-level info --ros-args -r __node:=map_server -p use_sim_time:=False --params-file /tmp/launch_params_bm7msjj2 --params-file /tmp/launch_params_m__teirg -r /tf:=tf -r /tf_static:=tf_static"
2026-09-19T05:30:41Z,17,"topoABC_devref_singleton_r1",32224,"amcl",6.7,51832,22521,"/opt/ros/jazzy/lib/nav2_amcl/amcl --ros-args --log-level info --ros-args -r __node:=amcl -p use_sim_time:=False --params-file /tmp/launch_params_bm7msjj2 -r /tf:=tf -r /tf_static:=tf_static"
2026-09-19T05:30:41Z,17,"topoABC_devref_singleton_r1",32225,"lifecycle_manag",4.1,43244,16746,"/opt/ros/jazzy/lib/nav2_lifecycle_manager/lifecycle_manager --ros-args --log-level info --ros-args -r __node:=lifecycle_manager_localization -p use_sim_time:=False --params-file /tmp/launch_params_qzpct4_u --params-file /tmp/launch_params_f3b3lnex"
2026-09-19T05:30:41Z,17,"topoABC_devref_singleton_r1",32226,"controller_serv",8.4,71932,40004,"/opt/ros/jazzy/lib/nav2_controller/controller_server --ros-args --log-level info --ros-args -p use_sim_time:=False --params-file /tmp/launch_params_ijw3eq_3 -r /tf:=tf -r /tf_static:=tf_static -r cmd_vel:=cmd_vel_nav"
2026-09-19T05:30:41Z,17,"topoABC_devref_singleton_r1",32227,"smoother_server",4.2,49828,19842,"/opt/ros/jazzy/lib/nav2_smoother/smoother_server --ros-args --log-level info --ros-args -r __node:=smoother_server -p use_sim_time:=False --params-file /tmp/launch_params_ijw3eq_3 -r /tf:=tf -r /tf_static:=tf_static"
2026-09-19T05:30:41Z,17,"topoABC_devref_singleton_r1",32228,"planner_server",4.6,58652,27423,"/opt/ros/jazzy/lib/nav2_planner/planner_server --ros-args --log-level info --ros-args -r __node:=planner_server -p use_sim_time:=False --params-file /tmp/launch_params_ijw3eq_3 -r /tf:=tf -r /tf_static:=tf_static"
2026-09-19T05:30:41Z,17,"topoABC_devref_singleton_r1",32229,"route_server",4.3,53780,22913,"/opt/ros/jazzy/lib/nav2_route/route_server --ros-args --log-level info --ros-args -r __node:=route_server -p use_sim_time:=False --params-file /tmp/launch_params_ijw3eq_3 -r /tf:=tf -r /tf_static:=tf_static"
2026-09-19T05:30:41Z,17,"topoABC_devref_singleton_r1",32230,"behavior_server",4.8,54488,24015,"/opt/ros/jazzy/lib/nav2_behaviors/behavior_server --ros-args --log-level info --ros-args -r __node:=behavior_server -p use_sim_time:=False --params-file /tmp/launch_params_ijw3eq_3 -r /tf:=tf -r /tf_static:=tf_static -r cmd_vel:=cmd_vel_nav"
2026-09-19T05:30:41Z,17,"topoABC_devref_singleton_r1",32231,"bt_navigator",6.6,78276,48772,"/opt/ros/jazzy/lib/nav2_bt_navigator/bt_navigator --ros-args --log-level info --ros-args -r __node:=bt_navigator -p use_sim_time:=False --params-file /tmp/launch_params_ijw3eq_3 -r /tf:=tf -r /tf_static:=tf_static"
2026-09-19T05:30:41Z,17,"topoABC_devref_singleton_r1",32232,"waypoint_follow",3.5,46884,19294,"/opt/ros/jazzy/lib/nav2_waypoint_follower/waypoint_follower --ros-args --log-level info --ros-args -r __node:=waypoint_follower -p use_sim_time:=False --params-file /tmp/launch_params_ijw3eq_3 -r /tf:=tf -r /tf_static:=tf_static"
2026-09-19T05:30:41Z,17,"topoABC_devref_singleton_r1",32233,"velocity_smooth",3.7,39848,16061,"/opt/ros/jazzy/lib/nav2_velocity_smoother/velocity_smoother --ros-args --log-level info --ros-args -r __node:=velocity_smoother -p use_sim_time:=False --params-file /tmp/launch_params_ijw3eq_3 -r /tf:=tf -r /tf_static:=tf_static -r cmd_vel:=cmd_vel_nav"
2026-09-19T05:30:41Z,17,"topoABC_devref_singleton_r1",32234,"collision_monit",4.1,52044,21509,"/opt/ros/jazzy/lib/nav2_collision_monitor/collision_monitor --ros-args --log-level info --ros-args -r __node:=collision_monitor -p use_sim_time:=False --params-file /tmp/launch_params_ijw3eq_3 -r /tf:=tf -r /tf_static:=tf_static"
2026-09-19T05:30:41Z,17,"topoABC_devref_singleton_r1",32236,"lifecycle_manag",9.2,47372,20918,"/opt/ros/jazzy/lib/nav2_lifecycle_manager/lifecycle_manager --ros-args --log-level info --ros-args -r __node:=lifecycle_manager_navigation -p use_sim_time:=False --params-file /tmp/launch_params_i8sg6xsb --params-file /tmp/launch_params_vpz_2_f0"
2026-09-19T05:30:41Z,17,"topoABC_devref_singleton_r1",32488,"bash",0.0,2440,582,"bash /wt/contributions/compute-benchmark/OsakaTX/scripts/run_nav2_topology_abc.sh --label topoABC_devref --reps 1 --arms composable,hybrid,singleton"
2026-09-19T05:30:41Z,17,"topoABC_devref_singleton_r1",32489,"python3",8.6,85104,54017,"python3 /wt/contributions/compute-benchmark/OsakaTX/scripts/nav_goal_sender.py --x 4.0 --y 4.0 --yaw 0.0 --repeat 0 --pause 1"
2026-09-19T05:30:41Z,17,"topoABC_devref_singleton_r1",32544,"bash",1.2,4476,1036,"bash /wt/contributions/compute-benchmark/xbattlax/scripts/measure_ros_processes.sh --pattern python3|ros2|nav2|component_container|hybrid.*container|nav_goal_sender|amcl|map_server|planner|controller|behavior|bt_nav|smoother|waypoint|route|collision|velocity --duration 110 --interval 2 --label topoABC_devref_singleton_r1 --output /wt/contributions/compute-benchmark/OsakaTX/scripts/../results/topology_abc/topoABC_devref_singleton_r1_20260919T052351Z.csv"
2026-09-19T05:30:41Z,17,"topoABC_devref_singleton_r1",9640,"bash",0.0,3908,946,"bash -c source /opt/ros/jazzy/setup.bash; WT=/wt bash /wt/contributions/compute-benchmark/OsakaTX/scripts/run_nav2_topology_abc.sh --label topoABC_devref --reps 1 --arms composable,hybrid,singleton 2>&1 | grep -E ""^===|bringup gate|goals accepted|WARNING|ERROR|died"" | head -30"
2026-09-19T05:30:41Z,17,"topoABC_devref_singleton_r1",9653,"bash",0.0,4544,1291,"bash /wt/contributions/compute-benchmark/OsakaTX/scripts/run_nav2_topology_abc.sh --label topoABC_devref --reps 1 --arms composable,hybrid,singleton"
2026-09-19T05:30:44Z,18,"topoABC_devref_singleton_r1",107,"python3",0.2,80840,51533,"/usr/bin/python3 -c from ros2cli.daemon.daemonize import main; main() --name ros2-daemon --ros-domain-id 0 --rmw-implementation rmw_fastrtps_cpp"
2026-09-19T05:30:44Z,18,"topoABC_devref_singleton_r1",32203,"python3",5.7,79436,49028,"python3 /wt/contributions/compute-benchmark/OsakaTX/scripts/synthetic_scan_publisher.py --duration 220 --loop-s 40 --hz 5.0"
2026-09-19T05:30:44Z,18,"topoABC_devref_singleton_r1",32219,"ros2",0.7,44188,30885,"/usr/bin/python3 /opt/ros/jazzy/bin/ros2 launch nav2_bringup bringup_launch.py map:=/wt/contributions/compute-benchmark/OsakaTX/scripts/../results/topology_abc/topoABC_nav2_map_r.yaml params_file:=/wt/contributions/compute-benchmark/OsakaTX/scripts/nav2_params_bench.yaml use_sim_time:=False autostart:=True slam:=False use_composition:=False"
2026-09-19T05:30:44Z,18,"topoABC_devref_singleton_r1",32223,"map_server",3.8,50216,23353,"/opt/ros/jazzy/lib/nav2_map_server/map_server --ros-args --log-level info --ros-args -r __node:=map_server -p use_sim_time:=False --params-file /tmp/launch_params_bm7msjj2 --params-file /tmp/launch_params_m__teirg -r /tf:=tf -r /tf_static:=tf_static"
2026-09-19T05:30:44Z,18,"topoABC_devref_singleton_r1",32224,"amcl",6.6,51832,22521,"/opt/ros/jazzy/lib/nav2_amcl/amcl --ros-args --log-level info --ros-args -r __node:=amcl -p use_sim_time:=False --params-file /tmp/launch_params_bm7msjj2 -r /tf:=tf -r /tf_static:=tf_static"
2026-09-19T05:30:44Z,18,"topoABC_devref_singleton_r1",32225,"lifecycle_manag",4.1,43244,16747,"/opt/ros/jazzy/lib/nav2_lifecycle_manager/lifecycle_manager --ros-args --log-level info --ros-args -r __node:=lifecycle_manager_localization -p use_sim_time:=False --params-file /tmp/launch_params_qzpct4_u --params-file /tmp/launch_params_f3b3lnex"
2026-09-19T05:30:44Z,18,"topoABC_devref_singleton_r1",32226,"controller_serv",8.5,72684,40756,"/opt/ros/jazzy/lib/nav2_controller/controller_server --ros-args --log-level info --ros-args -p use_sim_time:=False --params-file /tmp/launch_params_ijw3eq_3 -r /tf:=tf -r /tf_static:=tf_static -r cmd_vel:=cmd_vel_nav"
2026-09-19T05:30:44Z,18,"topoABC_devref_singleton_r1",32227,"smoother_server",4.2,49828,19843,"/opt/ros/jazzy/lib/nav2_smoother/smoother_server --ros-args --log-level info --ros-args -r __node:=smoother_server -p use_sim_time:=False --params-file /tmp/launch_params_ijw3eq_3 -r /tf:=tf -r /tf_static:=tf_static"
2026-09-19T05:30:44Z,18,"topoABC_devref_singleton_r1",32228,"planner_server",4.6,58652,27423,"/opt/ros/jazzy/lib/nav2_planner/planner_server --ros-args --log-level info --ros-args -r __node:=planner_server -p use_sim_time:=False --params-file /tmp/launch_params_ijw3eq_3 -r /tf:=tf -r /tf_static:=tf_static"
2026-09-19T05:30:44Z,18,"topoABC_devref_singleton_r1",32229,"route_server",4.3,53780,22913,"/opt/ros/jazzy/lib/nav2_route/route_server --ros-args --log-level info --ros-args -r __node:=route_server -p use_sim_time:=False --params-file /tmp/launch_params_ijw3eq_3 -r /tf:=tf -r /tf_static:=tf_static"
2026-09-19T05:30:44Z,18,"topoABC_devref_singleton_r1",32230,"behavior_server",4.8,54484,24011,"/opt/ros/jazzy/lib/nav2_behaviors/behavior_server --ros-args --log-level info --ros-args -r __node:=behavior_server -p use_sim_time:=False --params-file /tmp/launch_params_ijw3eq_3 -r /tf:=tf -r /tf_static:=tf_static -r cmd_vel:=cmd_vel_nav"
2026-09-19T05:30:44Z,18,"topoABC_devref_singleton_r1",32231,"bt_navigator",6.7,78324,48820,"/opt/ros/jazzy/lib/nav2_bt_navigator/bt_navigator --ros-args --log-level info --ros-args -r __node:=bt_navigator -p use_sim_time:=False --params-file /tmp/launch_params_ijw3eq_3 -r /tf:=tf -r /tf_static:=tf_static"
2026-09-19T05:30:44Z,18,"topoABC_devref_singleton_r1",32232,"waypoint_follow",3.5,46884,19294,"/opt/ros/jazzy/lib/nav2_waypoint_follower/waypoint_follower --ros-args --log-level info --ros-args -r __node:=waypoint_follower -p use_sim_time:=False --params-file /tmp/launch_params_ijw3eq_3 -r /tf:=tf -r /tf_static:=tf_static"
2026-09-19T05:30:44Z,18,"topoABC_devref_singleton_r1",32233,"velocity_smooth",3.7,39848,16062,"/opt/ros/jazzy/lib/nav2_velocity_smoother/velocity_smoother --ros-args --log-level info --ros-args -r __node:=velocity_smoother -p use_sim_time:=False --params-file /tmp/launch_params_ijw3eq_3 -r /tf:=tf -r /tf_static:=tf_static -r cmd_vel:=cmd_vel_nav"
2026-09-19T05:30:44Z,18,"topoABC_devref_singleton_r1",32234,"collision_monit",4.1,52044,21509,"/opt/ros/jazzy/lib/nav2_collision_monitor/collision_monitor --ros-args --log-level info --ros-args -r __node:=collision_monitor -p use_sim_time:=False --params-file /tmp/launch_params_ijw3eq_3 -r /tf:=tf -r /tf_static:=tf_static"
2026-09-19T05:30:44Z,18,"topoABC_devref_singleton_r1",32236,"lifecycle_manag",9.2,47372,20918,"/opt/ros/jazzy/lib/nav2_lifecycle_manager/lifecycle_manager --ros-args --log-level info --ros-args -r __node:=lifecycle_manager_navigation -p use_sim_time:=False --params-file /tmp/launch_params_i8sg6xsb --params-file /tmp/launch_params_vpz_2_f0"
2026-09-19T05:30:44Z,18,"topoABC_devref_singleton_r1",32488,"bash",0.0,2440,582,"bash /wt/contributions/compute-benchmark/OsakaTX/scripts/run_nav2_topology_abc.sh --label topoABC_devref --reps 1 --arms composable,hybrid,singleton"
2026-09-19T05:30:44Z,18,"topoABC_devref_singleton_r1",32489,"python3",8.7,85104,54014,"python3 /wt/contributions/compute-benchmark/OsakaTX/scripts/nav_goal_sender.py --x 4.0 --y 4.0 --yaw 0.0 --repeat 0 --pause 1"
2026-09-19T05:30:44Z,18,"topoABC_devref_singleton_r1",32544,"bash",1.2,4476,1033,"bash /wt/contributions/compute-benchmark/xbattlax/scripts/measure_ros_processes.sh --pattern python3|ros2|nav2|component_container|hybrid.*container|nav_goal_sender|amcl|map_server|planner|controller|behavior|bt_nav|smoother|waypoint|route|collision|velocity --duration 110 --interval 2 --label topoABC_devref_singleton_r1 --output /wt/contributions/compute-benchmark/OsakaTX/scripts/../results/topology_abc/topoABC_devref_singleton_r1_20260919T052351Z.csv"
2026-09-19T05:30:44Z,18,"topoABC_devref_singleton_r1",9640,"bash",0.0,3908,945,"bash -c source /opt/ros/jazzy/setup.bash; WT=/wt bash /wt/contributions/compute-benchmark/OsakaTX/scripts/run_nav2_topology_abc.sh --label topoABC_devref --reps 1 --arms composable,hybrid,singleton 2>&1 | grep -E ""^===|bringup gate|goals accepted|WARNING|ERROR|died"" | head -30"
2026-09-19T05:30:44Z,18,"topoABC_devref_singleton_r1",9653,"bash",0.0,4544,1293,"bash /wt/contributions/compute-benchmark/OsakaTX/scripts/run_nav2_topology_abc.sh --label topoABC_devref --reps 1 --arms composable,hybrid,singleton"
2026-09-19T05:30:46Z,19,"topoABC_devref_singleton_r1",107,"python3",0.2,80840,51533,"/usr/bin/python3 -c from ros2cli.daemon.daemonize import main; main() --name ros2-daemon --ros-domain-id 0 --rmw-implementation rmw_fastrtps_cpp"
2026-09-19T05:30:46Z,19,"topoABC_devref_singleton_r1",32203,"python3",5.7,79436,49028,"python3 /wt/contributions/compute-benchmark/OsakaTX/scripts/synthetic_scan_publisher.py --duration 220 --loop-s 40 --hz 5.0"
2026-09-19T05:30:46Z,19,"topoABC_devref_singleton_r1",32219,"ros2",0.7,44188,30885,"/usr/bin/python3 /opt/ros/jazzy/bin/ros2 launch nav2_bringup bringup_launch.py map:=/wt/contributions/compute-benchmark/OsakaTX/scripts/../results/topology_abc/topoABC_nav2_map_r.yaml params_file:=/wt/contributions/compute-benchmark/OsakaTX/scripts/nav2_params_bench.yaml use_sim_time:=False autostart:=True slam:=False use_composition:=False"
2026-09-19T05:30:46Z,19,"topoABC_devref_singleton_r1",32223,"map_server",3.8,50216,23353,"/opt/ros/jazzy/lib/nav2_map_server/map_server --ros-args --log-level info --ros-args -r __node:=map_server -p use_sim_time:=False --params-file /tmp/launch_params_bm7msjj2 --params-file /tmp/launch_params_m__teirg -r /tf:=tf -r /tf_static:=tf_static"
2026-09-19T05:30:46Z,19,"topoABC_devref_singleton_r1",32224,"amcl",6.6,51832,22521,"/opt/ros/jazzy/lib/nav2_amcl/amcl --ros-args --log-level info --ros-args -r __node:=amcl -p use_sim_time:=False --params-file /tmp/launch_params_bm7msjj2 -r /tf:=tf -r /tf_static:=tf_static"
2026-09-19T05:30:46Z,19,"topoABC_devref_singleton_r1",32225,"lifecycle_manag",4.1,43244,16747,"/opt/ros/jazzy/lib/nav2_lifecycle_manager/lifecycle_manager --ros-args --log-level info --ros-args -r __node:=lifecycle_manager_localization -p use_sim_time:=False --params-file /tmp/launch_params_qzpct4_u --params-file /tmp/launch_params_f3b3lnex"
2026-09-19T05:30:46Z,19,"topoABC_devref_singleton_r1",32226,"controller_serv",8.9,72688,40760,"/opt/ros/jazzy/lib/nav2_controller/controller_server --ros-args --log-level info --ros-args -p use_sim_time:=False --params-file /tmp/launch_params_ijw3eq_3 -r /tf:=tf -r /tf_static:=tf_static -r cmd_vel:=cmd_vel_nav"
2026-09-19T05:30:46Z,19,"topoABC_devref_singleton_r1",32227,"smoother_server",4.2,49828,19842,"/opt/ros/jazzy/lib/nav2_smoother/smoother_server --ros-args --log-level info --ros-args -r __node:=smoother_server -p use_sim_time:=False --params-file /tmp/launch_params_ijw3eq_3 -r /tf:=tf -r /tf_static:=tf_static"
2026-09-19T05:30:46Z,19,"topoABC_devref_singleton_r1",32228,"planner_server",4.6,58652,27423,"/opt/ros/jazzy/lib/nav2_planner/planner_server --ros-args --log-level info --ros-args -r __node:=planner_server -p use_sim_time:=False --params-file /tmp/launch_params_ijw3eq_3 -r /tf:=tf -r /tf_static:=tf_static"
2026-09-19T05:30:46Z,19,"topoABC_devref_singleton_r1",32229,"route_server",4.3,53780,22913,"/opt/ros/jazzy/lib/nav2_route/route_server --ros-args --log-level info --ros-args -r __node:=route_server -p use_sim_time:=False --params-file /tmp/launch_params_ijw3eq_3 -r /tf:=tf -r /tf_static:=tf_static"
2026-09-19T05:30:46Z,19,"topoABC_devref_singleton_r1",32230,"behavior_server",4.8,54484,24011,"/opt/ros/jazzy/lib/nav2_behaviors/behavior_server --ros-args --log-level info --ros-args -r __node:=behavior_server -p use_sim_time:=False --params-file /tmp/launch_params_ijw3eq_3 -r /tf:=tf -r /tf_static:=tf_static -r cmd_vel:=cmd_vel_nav"
2026-09-19T05:30:46Z,19,"topoABC_devref_singleton_r1",32231,"bt_navigator",6.8,78324,48820,"/opt/ros/jazzy/lib/nav2_bt_navigator/bt_navigator --ros-args --log-level info --ros-args -r __node:=bt_navigator -p use_sim_time:=False --params-file /tmp/launch_params_ijw3eq_3 -r /tf:=tf -r /tf_static:=tf_static"
2026-09-19T05:30:46Z,19,"topoABC_devref_singleton_r1",32232,"waypoint_follow",3.5,46884,19294,"/opt/ros/jazzy/lib/nav2_waypoint_follower/waypoint_follower --ros-args --log-level info --ros-args -r __node:=waypoint_follower -p use_sim_time:=False --params-file /tmp/launch_params_ijw3eq_3 -r /tf:=tf -r /tf_static:=tf_static"
2026-09-19T05:30:46Z,19,"topoABC_devref_singleton_r1",32233,"velocity_smooth",3.7,39848,16061,"/opt/ros/jazzy/lib/nav2_velocity_smoother/velocity_smoother --ros-args --log-level info --ros-args -r __node:=velocity_smoother -p use_sim_time:=False --params-file /tmp/launch_params_ijw3eq_3 -r /tf:=tf -r /tf_static:=tf_static -r cmd_vel:=cmd_vel_nav"
2026-09-19T05:30:46Z,19,"topoABC_devref_singleton_r1",32234,"collision_monit",4.1,52044,21509,"/opt/ros/jazzy/lib/nav2_collision_monitor/collision_monitor --ros-args --log-level info --ros-args -r __node:=collision_monitor -p use_sim_time:=False --params-file /tmp/launch_params_ijw3eq_3 -r /tf:=tf -r /tf_static:=tf_static"
2026-09-19T05:30:46Z,19,"topoABC_devref_singleton_r1",32236,"lifecycle_manag",9.2,47372,20918,"/opt/ros/jazzy/lib/nav2_lifecycle_manager/lifecycle_manager --ros-args --log-level info --ros-args -r __node:=lifecycle_manager_navigation -p use_sim_time:=False --params-file /tmp/launch_params_i8sg6xsb --params-file /tmp/launch_params_vpz_2_f0"
2026-09-19T05:30:46Z,19,"topoABC_devref_singleton_r1",32488,"bash",0.0,2440,581,"bash /wt/contributions/compute-benchmark/OsakaTX/scripts/run_nav2_topology_abc.sh --label topoABC_devref --reps 1 --arms composable,hybrid,singleton"
2026-09-19T05:30:46Z,19,"topoABC_devref_singleton_r1",32489,"python3",8.8,85104,54013,"python3 /wt/contributions/compute-benchmark/OsakaTX/scripts/nav_goal_sender.py --x 4.0 --y 4.0 --yaw 0.0 --repeat 0 --pause 1"
2026-09-19T05:30:46Z,19,"topoABC_devref_singleton_r1",32544,"bash",1.2,4480,1037,"bash /wt/contributions/compute-benchmark/xbattlax/scripts/measure_ros_processes.sh --pattern python3|ros2|nav2|component_container|hybrid.*container|nav_goal_sender|amcl|map_server|planner|controller|behavior|bt_nav|smoother|waypoint|route|collision|velocity --duration 110 --interval 2 --label topoABC_devref_singleton_r1 --output /wt/contributions/compute-benchmark/OsakaTX/scripts/../results/topology_abc/topoABC_devref_singleton_r1_20260919T052351Z.csv"
2026-09-19T05:30:46Z,19,"topoABC_devref_singleton_r1",9640,"bash",0.0,3908,945,"bash -c source /opt/ros/jazzy/setup.bash; WT=/wt bash /wt/contributions/compute-benchmark/OsakaTX/scripts/run_nav2_topology_abc.sh --label topoABC_devref --reps 1 --arms composable,hybrid,singleton 2>&1 | grep -E ""^===|bringup gate|goals accepted|WARNING|ERROR|died"" | head -30"
2026-09-19T05:30:46Z,19,"topoABC_devref_singleton_r1",9653,"bash",0.0,4544,1293,"bash /wt/contributions/compute-benchmark/OsakaTX/scripts/run_nav2_topology_abc.sh --label topoABC_devref --reps 1 --arms composable,hybrid,singleton"
2026-09-19T05:30:49Z,20,"topoABC_devref_singleton_r1",107,"python3",0.2,80840,51532,"/usr/bin/python3 -c from ros2cli.daemon.daemonize import main; main() --name ros2-daemon --ros-domain-id 0 --rmw-implementation rmw_fastrtps_cpp"
2026-09-19T05:30:49Z,20,"topoABC_devref_singleton_r1",32203,"python3",5.7,79436,49028,"python3 /wt/contributions/compute-benchmark/OsakaTX/scripts/synthetic_scan_publisher.py --duration 220 --loop-s 40 --hz 5.0"
2026-09-19T05:30:49Z,20,"topoABC_devref_singleton_r1",32219,"ros2",0.7,44188,30885,"/usr/bin/python3 /opt/ros/jazzy/bin/ros2 launch nav2_bringup bringup_launch.py map:=/wt/contributions/compute-benchmark/OsakaTX/scripts/../results/topology_abc/topoABC_nav2_map_r.yaml params_file:=/wt/contributions/compute-benchmark/OsakaTX/scripts/nav2_params_bench.yaml use_sim_time:=False autostart:=True slam:=False use_composition:=False"
2026-09-19T05:30:49Z,20,"topoABC_devref_singleton_r1",32223,"map_server",3.7,50216,23353,"/opt/ros/jazzy/lib/nav2_map_server/map_server --ros-args --log-level info --ros-args -r __node:=map_server -p use_sim_time:=False --params-file /tmp/launch_params_bm7msjj2 --params-file /tmp/launch_params_m__teirg -r /tf:=tf -r /tf_static:=tf_static"
2026-09-19T05:30:49Z,20,"topoABC_devref_singleton_r1",32224,"amcl",6.6,51832,22520,"/opt/ros/jazzy/lib/nav2_amcl/amcl --ros-args --log-level info --ros-args -r __node:=amcl -p use_sim_time:=False --params-file /tmp/launch_params_bm7msjj2 -r /tf:=tf -r /tf_static:=tf_static"
2026-09-19T05:30:49Z,20,"topoABC_devref_singleton_r1",32225,"lifecycle_manag",4.1,43244,16747,"/opt/ros/jazzy/lib/nav2_lifecycle_manager/lifecycle_manager --ros-args --log-level info --ros-args -r __node:=lifecycle_manager_localization -p use_sim_time:=False --params-file /tmp/launch_params_qzpct4_u --params-file /tmp/launch_params_f3b3lnex"
2026-09-19T05:30:49Z,20,"topoABC_devref_singleton_r1",32226,"controller_serv",9.3,72248,40320,"/opt/ros/jazzy/lib/nav2_controller/controller_server --ros-args --log-level info --ros-args -p use_sim_time:=False --params-file /tmp/launch_params_ijw3eq_3 -r /tf:=tf -r /tf_static:=tf_static -r cmd_vel:=cmd_vel_nav"
2026-09-19T05:30:49Z,20,"topoABC_devref_singleton_r1",32227,"smoother_server",4.2,49828,19843,"/opt/ros/jazzy/lib/nav2_smoother/smoother_server --ros-args --log-level info --ros-args -r __node:=smoother_server -p use_sim_time:=False --params-file /tmp/launch_params_ijw3eq_3 -r /tf:=tf -r /tf_static:=tf_static"
2026-09-19T05:30:49Z,20,"topoABC_devref_singleton_r1",32228,"planner_server",4.6,58652,27423,"/opt/ros/jazzy/lib/nav2_planner/planner_server --ros-args --log-level info --ros-args -r __node:=planner_server -p use_sim_time:=False --params-file /tmp/launch_params_ijw3eq_3 -r /tf:=tf -r /tf_static:=tf_static"
2026-09-19T05:30:49Z,20,"topoABC_devref_singleton_r1",32229,"route_server",4.3,53780,22913,"/opt/ros/jazzy/lib/nav2_route/route_server --ros-args --log-level info --ros-args -r __node:=route_server -p use_sim_time:=False --params-file /tmp/launch_params_ijw3eq_3 -r /tf:=tf -r /tf_static:=tf_static"
2026-09-19T05:30:49Z,20,"topoABC_devref_singleton_r1",32230,"behavior_server",4.8,54484,24011,"/opt/ros/jazzy/lib/nav2_behaviors/behavior_server --ros-args --log-level info --ros-args -r __node:=behavior_server -p use_sim_time:=False --params-file /tmp/launch_params_ijw3eq_3 -r /tf:=tf -r /tf_static:=tf_static -r cmd_vel:=cmd_vel_nav"
2026-09-19T05:30:49Z,20,"topoABC_devref_singleton_r1",32231,"bt_navigator",6.8,78324,48819,"/opt/ros/jazzy/lib/nav2_bt_navigator/bt_navigator --ros-args --log-level info --ros-args -r __node:=bt_navigator -p use_sim_time:=False --params-file /tmp/launch_params_ijw3eq_3 -r /tf:=tf -r /tf_static:=tf_static"
2026-09-19T05:30:49Z,20,"topoABC_devref_singleton_r1",32232,"waypoint_follow",3.6,46884,19294,"/opt/ros/jazzy/lib/nav2_waypoint_follower/waypoint_follower --ros-args --log-level info --ros-args -r __node:=waypoint_follower -p use_sim_time:=False --params-file /tmp/launch_params_ijw3eq_3 -r /tf:=tf -r /tf_static:=tf_static"
2026-09-19T05:30:49Z,20,"topoABC_devref_singleton_r1",32233,"velocity_smooth",3.7,39848,16061,"/opt/ros/jazzy/lib/nav2_velocity_smoother/velocity_smoother --ros-args --log-level info --ros-args -r __node:=velocity_smoother -p use_sim_time:=False --params-file /tmp/launch_params_ijw3eq_3 -r /tf:=tf -r /tf_static:=tf_static -r cmd_vel:=cmd_vel_nav"
2026-09-19T05:30:49Z,20,"topoABC_devref_singleton_r1",32234,"collision_monit",4.1,52044,21509,"/opt/ros/jazzy/lib/nav2_collision_monitor/collision_monitor --ros-args --log-level info --ros-args -r __node:=collision_monitor -p use_sim_time:=False --params-file /tmp/launch_params_ijw3eq_3 -r /tf:=tf -r /tf_static:=tf_static"
2026-09-19T05:30:49Z,20,"topoABC_devref_singleton_r1",32236,"lifecycle_manag",9.3,47372,20918,"/opt/ros/jazzy/lib/nav2_lifecycle_manager/lifecycle_manager --ros-args --log-level info --ros-args -r __node:=lifecycle_manager_navigation -p use_sim_time:=False --params-file /tmp/launch_params_i8sg6xsb --params-file /tmp/launch_params_vpz_2_f0"
2026-09-19T05:30:49Z,20,"topoABC_devref_singleton_r1",32488,"bash",0.0,2440,582,"bash /wt/contributions/compute-benchmark/OsakaTX/scripts/run_nav2_topology_abc.sh --label topoABC_devref --reps 1 --arms composable,hybrid,singleton"
2026-09-19T05:30:49Z,20,"topoABC_devref_singleton_r1",32489,"python3",8.8,85104,54013,"python3 /wt/contributions/compute-benchmark/OsakaTX/scripts/nav_goal_sender.py --x 4.0 --y 4.0 --yaw 0.0 --repeat 0 --pause 1"
2026-09-19T05:30:49Z,20,"topoABC_devref_singleton_r1",32544,"bash",1.2,4480,1035,"bash /wt/contributions/compute-benchmark/xbattlax/scripts/measure_ros_processes.sh --pattern python3|ros2|nav2|component_container|hybrid.*container|nav_goal_sender|amcl|map_server|planner|controller|behavior|bt_nav|smoother|waypoint|route|collision|velocity --duration 110 --interval 2 --label topoABC_devref_singleton_r1 --output /wt/contributions/compute-benchmark/OsakaTX/scripts/../results/topology_abc/topoABC_devref_singleton_r1_20260919T052351Z.csv"
2026-09-19T05:30:49Z,20,"topoABC_devref_singleton_r1",9640,"bash",0.0,3908,946,"bash -c source /opt/ros/jazzy/setup.bash; WT=/wt bash /wt/contributions/compute-benchmark/OsakaTX/scripts/run_nav2_topology_abc.sh --label topoABC_devref --reps 1 --arms composable,hybrid,singleton 2>&1 | grep -E ""^===|bringup gate|goals accepted|WARNING|ERROR|died"" | head -30"
2026-09-19T05:30:49Z,20,"topoABC_devref_singleton_r1",9653,"bash",0.0,4544,1293,"bash /wt/contributions/compute-benchmark/OsakaTX/scripts/run_nav2_topology_abc.sh --label topoABC_devref --reps 1 --arms composable,hybrid,singleton"
2026-09-19T05:30:51Z,21,"topoABC_devref_singleton_r1",107,"python3",0.2,80840,51535,"/usr/bin/python3 -c from ros2cli.daemon.daemonize import main; main() --name ros2-daemon --ros-domain-id 0 --rmw-implementation rmw_fastrtps_cpp"
2026-09-19T05:30:51Z,21,"topoABC_devref_singleton_r1",32203,"python3",5.7,79436,49026,"python3 /wt/contributions/compute-benchmark/OsakaTX/scripts/synthetic_scan_publisher.py --duration 220 --loop-s 40 --hz 5.0"
2026-09-19T05:30:51Z,21,"topoABC_devref_singleton_r1",32219,"ros2",0.7,44188,30884,"/usr/bin/python3 /opt/ros/jazzy/bin/ros2 launch nav2_bringup bringup_launch.py map:=/wt/contributions/compute-benchmark/OsakaTX/scripts/../results/topology_abc/topoABC_nav2_map_r.yaml params_file:=/wt/contributions/compute-benchmark/OsakaTX/scripts/nav2_params_bench.yaml use_sim_time:=False autostart:=True slam:=False use_composition:=False"
2026-09-19T05:30:51Z,21,"topoABC_devref_singleton_r1",32223,"map_server",3.7,50216,23353,"/opt/ros/jazzy/lib/nav2_map_server/map_server --ros-args --log-level info --ros-args -r __node:=map_server -p use_sim_time:=False --params-file /tmp/launch_params_bm7msjj2 --params-file /tmp/launch_params_m__teirg -r /tf:=tf -r /tf_static:=tf_static"
2026-09-19T05:30:51Z,21,"topoABC_devref_singleton_r1",32224,"amcl",6.6,51832,22520,"/opt/ros/jazzy/lib/nav2_amcl/amcl --ros-args --log-level info --ros-args -r __node:=amcl -p use_sim_time:=False --params-file /tmp/launch_params_bm7msjj2 -r /tf:=tf -r /tf_static:=tf_static"
2026-09-19T05:30:51Z,21,"topoABC_devref_singleton_r1",32225,"lifecycle_manag",4.1,43244,16746,"/opt/ros/jazzy/lib/nav2_lifecycle_manager/lifecycle_manager --ros-args --log-level info --ros-args -r __node:=lifecycle_manager_localization -p use_sim_time:=False --params-file /tmp/launch_params_qzpct4_u --params-file /tmp/launch_params_f3b3lnex"
2026-09-19T05:30:51Z,21,"topoABC_devref_singleton_r1",32226,"controller_serv",9.7,72248,40319,"/opt/ros/jazzy/lib/nav2_controller/controller_server --ros-args --log-level info --ros-args -p use_sim_time:=False --params-file /tmp/launch_params_ijw3eq_3 -r /tf:=tf -r /tf_static:=tf_static -r cmd_vel:=cmd_vel_nav"
2026-09-19T05:30:51Z,21,"topoABC_devref_singleton_r1",32227,"smoother_server",4.1,49828,19842,"/opt/ros/jazzy/lib/nav2_smoother/smoother_server --ros-args --log-level info --ros-args -r __node:=smoother_server -p use_sim_time:=False --params-file /tmp/launch_params_ijw3eq_3 -r /tf:=tf -r /tf_static:=tf_static"
2026-09-19T05:30:51Z,21,"topoABC_devref_singleton_r1",32228,"planner_server",4.5,58696,27467,"/opt/ros/jazzy/lib/nav2_planner/planner_server --ros-args --log-level info --ros-args -r __node:=planner_server -p use_sim_time:=False --params-file /tmp/launch_params_ijw3eq_3 -r /tf:=tf -r /tf_static:=tf_static"
2026-09-19T05:30:51Z,21,"topoABC_devref_singleton_r1",32229,"route_server",4.3,53780,22913,"/opt/ros/jazzy/lib/nav2_route/route_server --ros-args --log-level info --ros-args -r __node:=route_server -p use_sim_time:=False --params-file /tmp/launch_params_ijw3eq_3 -r /tf:=tf -r /tf_static:=tf_static"
2026-09-19T05:30:51Z,21,"topoABC_devref_singleton_r1",32230,"behavior_server",4.8,54484,24011,"/opt/ros/jazzy/lib/nav2_behaviors/behavior_server --ros-args --log-level info --ros-args -r __node:=behavior_server -p use_sim_time:=False --params-file /tmp/launch_params_ijw3eq_3 -r /tf:=tf -r /tf_static:=tf_static -r cmd_vel:=cmd_vel_nav"
2026-09-19T05:30:51Z,21,"topoABC_devref_singleton_r1",32231,"bt_navigator",6.9,78324,48817,"/opt/ros/jazzy/lib/nav2_bt_navigator/bt_navigator --ros-args --log-level info --ros-args -r __node:=bt_navigator -p use_sim_time:=False --params-file /tmp/launch_params_ijw3eq_3 -r /tf:=tf -r /tf_static:=tf_static"
2026-09-19T05:30:51Z,21,"topoABC_devref_singleton_r1",32232,"waypoint_follow",3.6,46884,19294,"/opt/ros/jazzy/lib/nav2_waypoint_follower/waypoint_follower --ros-args --log-level info --ros-args -r __node:=waypoint_follower -p use_sim_time:=False --params-file /tmp/launch_params_ijw3eq_3 -r /tf:=tf -r /tf_static:=tf_static"
2026-09-19T05:30:51Z,21,"topoABC_devref_singleton_r1",32233,"velocity_smooth",3.7,39848,16061,"/opt/ros/jazzy/lib/nav2_velocity_smoother/velocity_smoother --ros-args --log-level info --ros-args -r __node:=velocity_smoother -p use_sim_time:=False --params-file /tmp/launch_params_ijw3eq_3 -r /tf:=tf -r /tf_static:=tf_static -r cmd_vel:=cmd_vel_nav"
2026-09-19T05:30:51Z,21,"topoABC_devref_singleton_r1",32234,"collision_monit",4.2,52044,21509,"/opt/ros/jazzy/lib/nav2_collision_monitor/collision_monitor --ros-args --log-level info --ros-args -r __node:=collision_monitor -p use_sim_time:=False --params-file /tmp/launch_params_ijw3eq_3 -r /tf:=tf -r /tf_static:=tf_static"
2026-09-19T05:30:51Z,21,"topoABC_devref_singleton_r1",32236,"lifecycle_manag",9.2,47372,20917,"/opt/ros/jazzy/lib/nav2_lifecycle_manager/lifecycle_manager --ros-args --log-level info --ros-args -r __node:=lifecycle_manager_navigation -p use_sim_time:=False --params-file /tmp/launch_params_i8sg6xsb --params-file /tmp/launch_params_vpz_2_f0"
2026-09-19T05:30:51Z,21,"topoABC_devref_singleton_r1",32488,"bash",0.0,2440,581,"bash /wt/contributions/compute-benchmark/OsakaTX/scripts/run_nav2_topology_abc.sh --label topoABC_devref --reps 1 --arms composable,hybrid,singleton"
2026-09-19T05:30:51Z,21,"topoABC_devref_singleton_r1",32489,"python3",8.9,85104,54013,"python3 /wt/contributions/compute-benchmark/OsakaTX/scripts/nav_goal_sender.py --x 4.0 --y 4.0 --yaw 0.0 --repeat 0 --pause 1"
2026-09-19T05:30:51Z,21,"topoABC_devref_singleton_r1",32544,"bash",1.2,4480,1033,"bash /wt/contributions/compute-benchmark/xbattlax/scripts/measure_ros_processes.sh --pattern python3|ros2|nav2|component_container|hybrid.*container|nav_goal_sender|amcl|map_server|planner|controller|behavior|bt_nav|smoother|waypoint|route|collision|velocity --duration 110 --interval 2 --label topoABC_devref_singleton_r1 --output /wt/contributions/compute-benchmark/OsakaTX/scripts/../results/topology_abc/topoABC_devref_singleton_r1_20260919T052351Z.csv"
2026-09-19T05:30:51Z,21,"topoABC_devref_singleton_r1",9640,"bash",0.0,3908,945,"bash -c source /opt/ros/jazzy/setup.bash; WT=/wt bash /wt/contributions/compute-benchmark/OsakaTX/scripts/run_nav2_topology_abc.sh --label topoABC_devref --reps 1 --arms composable,hybrid,singleton 2>&1 | grep -E ""^===|bringup gate|goals accepted|WARNING|ERROR|died"" | head -30"
2026-09-19T05:30:51Z,21,"topoABC_devref_singleton_r1",9653,"bash",0.0,4544,1292,"bash /wt/contributions/compute-benchmark/OsakaTX/scripts/run_nav2_topology_abc.sh --label topoABC_devref --reps 1 --arms composable,hybrid,singleton"
2026-09-19T05:30:54Z,22,"topoABC_devref_singleton_r1",107,"python3",0.2,80840,51536,"/usr/bin/python3 -c from ros2cli.daemon.daemonize import main; main() --name ros2-daemon --ros-domain-id 0 --rmw-implementation rmw_fastrtps_cpp"
2026-09-19T05:30:54Z,22,"topoABC_devref_singleton_r1",32203,"python3",5.7,79436,49027,"python3 /wt/contributions/compute-benchmark/OsakaTX/scripts/synthetic_scan_publisher.py --duration 220 --loop-s 40 --hz 5.0"
2026-09-19T05:30:54Z,22,"topoABC_devref_singleton_r1",32219,"ros2",0.7,44188,30884,"/usr/bin/python3 /opt/ros/jazzy/bin/ros2 launch nav2_bringup bringup_launch.py map:=/wt/contributions/compute-benchmark/OsakaTX/scripts/../results/topology_abc/topoABC_nav2_map_r.yaml params_file:=/wt/contributions/compute-benchmark/OsakaTX/scripts/nav2_params_bench.yaml use_sim_time:=False autostart:=True slam:=False use_composition:=False"
2026-09-19T05:30:54Z,22,"topoABC_devref_singleton_r1",32223,"map_server",3.7,50216,23353,"/opt/ros/jazzy/lib/nav2_map_server/map_server --ros-args --log-level info --ros-args -r __node:=map_server -p use_sim_time:=False --params-file /tmp/launch_params_bm7msjj2 --params-file /tmp/launch_params_m__teirg -r /tf:=tf -r /tf_static:=tf_static"
2026-09-19T05:30:54Z,22,"topoABC_devref_singleton_r1",32224,"amcl",6.6,51832,22521,"/opt/ros/jazzy/lib/nav2_amcl/amcl --ros-args --log-level info --ros-args -r __node:=amcl -p use_sim_time:=False --params-file /tmp/launch_params_bm7msjj2 -r /tf:=tf -r /tf_static:=tf_static"
2026-09-19T05:30:54Z,22,"topoABC_devref_singleton_r1",32225,"lifecycle_manag",4.1,43244,16746,"/opt/ros/jazzy/lib/nav2_lifecycle_manager/lifecycle_manager --ros-args --log-level info --ros-args -r __node:=lifecycle_manager_localization -p use_sim_time:=False --params-file /tmp/launch_params_qzpct4_u --params-file /tmp/launch_params_f3b3lnex"
2026-09-19T05:30:54Z,22,"topoABC_devref_singleton_r1",32226,"controller_serv",9.9,72252,40323,"/opt/ros/jazzy/lib/nav2_controller/controller_server --ros-args --log-level info --ros-args -p use_sim_time:=False --params-file /tmp/launch_params_ijw3eq_3 -r /tf:=tf -r /tf_static:=tf_static -r cmd_vel:=cmd_vel_nav"
2026-09-19T05:30:54Z,22,"topoABC_devref_singleton_r1",32227,"smoother_server",4.1,49828,19843,"/opt/ros/jazzy/lib/nav2_smoother/smoother_server --ros-args --log-level info --ros-args -r __node:=smoother_server -p use_sim_time:=False --params-file /tmp/launch_params_ijw3eq_3 -r /tf:=tf -r /tf_static:=tf_static"
2026-09-19T05:30:54Z,22,"topoABC_devref_singleton_r1",32228,"planner_server",4.5,58756,27527,"/opt/ros/jazzy/lib/nav2_planner/planner_server --ros-args --log-level info --ros-args -r __node:=planner_server -p use_sim_time:=False --params-file /tmp/launch_params_ijw3eq_3 -r /tf:=tf -r /tf_static:=tf_static"
2026-09-19T05:30:54Z,22,"topoABC_devref_singleton_r1",32229,"route_server",4.3,53780,22913,"/opt/ros/jazzy/lib/nav2_route/route_server --ros-args --log-level info --ros-args -r __node:=route_server -p use_sim_time:=False --params-file /tmp/launch_params_ijw3eq_3 -r /tf:=tf -r /tf_static:=tf_static"
2026-09-19T05:30:54Z,22,"topoABC_devref_singleton_r1",32230,"behavior_server",4.8,54484,24011,"/opt/ros/jazzy/lib/nav2_behaviors/behavior_server --ros-args --log-level info --ros-args -r __node:=behavior_server -p use_sim_time:=False --params-file /tmp/launch_params_ijw3eq_3 -r /tf:=tf -r /tf_static:=tf_static -r cmd_vel:=cmd_vel_nav"
2026-09-19T05:30:54Z,22,"topoABC_devref_singleton_r1",32231,"bt_navigator",6.9,78356,48852,"/opt/ros/jazzy/lib/nav2_bt_navigator/bt_navigator --ros-args --log-level info --ros-args -r __node:=bt_navigator -p use_sim_time:=False --params-file /tmp/launch_params_ijw3eq_3 -r /tf:=tf -r /tf_static:=tf_static"
2026-09-19T05:30:54Z,22,"topoABC_devref_singleton_r1",32232,"waypoint_follow",3.5,46884,19294,"/opt/ros/jazzy/lib/nav2_waypoint_follower/waypoint_follower --ros-args --log-level info --ros-args -r __node:=waypoint_follower -p use_sim_time:=False --params-file /tmp/launch_params_ijw3eq_3 -r /tf:=tf -r /tf_static:=tf_static"
2026-09-19T05:30:54Z,22,"topoABC_devref_singleton_r1",32233,"velocity_smooth",3.7,39848,16061,"/opt/ros/jazzy/lib/nav2_velocity_smoother/velocity_smoother --ros-args --log-level info --ros-args -r __node:=velocity_smoother -p use_sim_time:=False --params-file /tmp/launch_params_ijw3eq_3 -r /tf:=tf -r /tf_static:=tf_static -r cmd_vel:=cmd_vel_nav"
2026-09-19T05:30:54Z,22,"topoABC_devref_singleton_r1",32234,"collision_monit",4.2,52044,21509,"/opt/ros/jazzy/lib/nav2_collision_monitor/collision_monitor --ros-args --log-level info --ros-args -r __node:=collision_monitor -p use_sim_time:=False --params-file /tmp/launch_params_ijw3eq_3 -r /tf:=tf -r /tf_static:=tf_static"
2026-09-19T05:30:54Z,22,"topoABC_devref_singleton_r1",32236,"lifecycle_manag",9.2,47372,20918,"/opt/ros/jazzy/lib/nav2_lifecycle_manager/lifecycle_manager --ros-args --log-level info --ros-args -r __node:=lifecycle_manager_navigation -p use_sim_time:=False --params-file /tmp/launch_params_i8sg6xsb --params-file /tmp/launch_params_vpz_2_f0"
2026-09-19T05:30:54Z,22,"topoABC_devref_singleton_r1",32488,"bash",0.0,2440,581,"bash /wt/contributions/compute-benchmark/OsakaTX/scripts/run_nav2_topology_abc.sh --label topoABC_devref --reps 1 --arms composable,hybrid,singleton"
2026-09-19T05:30:54Z,22,"topoABC_devref_singleton_r1",32489,"python3",8.9,85104,54017,"python3 /wt/contributions/compute-benchmark/OsakaTX/scripts/nav_goal_sender.py --x 4.0 --y 4.0 --yaw 0.0 --repeat 0 --pause 1"
2026-09-19T05:30:54Z,22,"topoABC_devref_singleton_r1",32544,"bash",1.2,4480,1037,"bash /wt/contributions/compute-benchmark/xbattlax/scripts/measure_ros_processes.sh --pattern python3|ros2|nav2|component_container|hybrid.*container|nav_goal_sender|amcl|map_server|planner|controller|behavior|bt_nav|smoother|waypoint|route|collision|velocity --duration 110 --interval 2 --label topoABC_devref_singleton_r1 --output /wt/contributions/compute-benchmark/OsakaTX/scripts/../results/topology_abc/topoABC_devref_singleton_r1_20260919T052351Z.csv"
2026-09-19T05:30:54Z,22,"topoABC_devref_singleton_r1",9640,"bash",0.0,3908,946,"bash -c source /opt/ros/jazzy/setup.bash; WT=/wt bash /wt/contributions/compute-benchmark/OsakaTX/scripts/run_nav2_topology_abc.sh --label topoABC_devref --reps 1 --arms composable,hybrid,singleton 2>&1 | grep -E ""^===|bringup gate|goals accepted|WARNING|ERROR|died"" | head -30"
2026-09-19T05:30:54Z,22,"topoABC_devref_singleton_r1",9653,"bash",0.0,4544,1291,"bash /wt/contributions/compute-benchmark/OsakaTX/scripts/run_nav2_topology_abc.sh --label topoABC_devref --reps 1 --arms composable,hybrid,singleton"
2026-09-19T05:30:56Z,23,"topoABC_devref_singleton_r1",107,"python3",0.2,80840,51535,"/usr/bin/python3 -c from ros2cli.daemon.daemonize import main; main() --name ros2-daemon --ros-domain-id 0 --rmw-implementation rmw_fastrtps_cpp"
2026-09-19T05:30:56Z,23,"topoABC_devref_singleton_r1",32203,"python3",5.7,79436,49026,"python3 /wt/contributions/compute-benchmark/OsakaTX/scripts/synthetic_scan_publisher.py --duration 220 --loop-s 40 --hz 5.0"
2026-09-19T05:30:56Z,23,"topoABC_devref_singleton_r1",32219,"ros2",0.6,44188,30881,"/usr/bin/python3 /opt/ros/jazzy/bin/ros2 launch nav2_bringup bringup_launch.py map:=/wt/contributions/compute-benchmark/OsakaTX/scripts/../results/topology_abc/topoABC_nav2_map_r.yaml params_file:=/wt/contributions/compute-benchmark/OsakaTX/scripts/nav2_params_bench.yaml use_sim_time:=False autostart:=True slam:=False use_composition:=False"
2026-09-19T05:30:56Z,23,"topoABC_devref_singleton_r1",32223,"map_server",3.7,50216,23353,"/opt/ros/jazzy/lib/nav2_map_server/map_server --ros-args --log-level info --ros-args -r __node:=map_server -p use_sim_time:=False --params-file /tmp/launch_params_bm7msjj2 --params-file /tmp/launch_params_m__teirg -r /tf:=tf -r /tf_static:=tf_static"
2026-09-19T05:30:56Z,23,"topoABC_devref_singleton_r1",32224,"amcl",6.6,51832,22521,"/opt/ros/jazzy/lib/nav2_amcl/amcl --ros-args --log-level info --ros-args -r __node:=amcl -p use_sim_time:=False --params-file /tmp/launch_params_bm7msjj2 -r /tf:=tf -r /tf_static:=tf_static"
2026-09-19T05:30:56Z,23,"topoABC_devref_singleton_r1",32225,"lifecycle_manag",4.1,43244,16746,"/opt/ros/jazzy/lib/nav2_lifecycle_manager/lifecycle_manager --ros-args --log-level info --ros-args -r __node:=lifecycle_manager_localization -p use_sim_time:=False --params-file /tmp/launch_params_qzpct4_u --params-file /tmp/launch_params_f3b3lnex"
2026-09-19T05:30:56Z,23,"topoABC_devref_singleton_r1",32226,"controller_serv",10.0,70580,38651,"/opt/ros/jazzy/lib/nav2_controller/controller_server --ros-args --log-level info --ros-args -p use_sim_time:=False --params-file /tmp/launch_params_ijw3eq_3 -r /tf:=tf -r /tf_static:=tf_static -r cmd_vel:=cmd_vel_nav"
2026-09-19T05:30:56Z,23,"topoABC_devref_singleton_r1",32227,"smoother_server",4.1,49828,19842,"/opt/ros/jazzy/lib/nav2_smoother/smoother_server --ros-args --log-level info --ros-args -r __node:=smoother_server -p use_sim_time:=False --params-file /tmp/launch_params_ijw3eq_3 -r /tf:=tf -r /tf_static:=tf_static"
2026-09-19T05:30:56Z,23,"topoABC_devref_singleton_r1",32228,"planner_server",4.5,58756,27527,"/opt/ros/jazzy/lib/nav2_planner/planner_server --ros-args --log-level info --ros-args -r __node:=planner_server -p use_sim_time:=False --params-file /tmp/launch_params_ijw3eq_3 -r /tf:=tf -r /tf_static:=tf_static"
2026-09-19T05:30:56Z,23,"topoABC_devref_singleton_r1",32229,"route_server",4.3,53780,22913,"/opt/ros/jazzy/lib/nav2_route/route_server --ros-args --log-level info --ros-args -r __node:=route_server -p use_sim_time:=False --params-file /tmp/launch_params_ijw3eq_3 -r /tf:=tf -r /tf_static:=tf_static"
2026-09-19T05:30:56Z,23,"topoABC_devref_singleton_r1",32230,"behavior_server",4.8,54484,24010,"/opt/ros/jazzy/lib/nav2_behaviors/behavior_server --ros-args --log-level info --ros-args -r __node:=behavior_server -p use_sim_time:=False --params-file /tmp/launch_params_ijw3eq_3 -r /tf:=tf -r /tf_static:=tf_static -r cmd_vel:=cmd_vel_nav"
2026-09-19T05:30:56Z,23,"topoABC_devref_singleton_r1",32231,"bt_navigator",6.9,78280,48772,"/opt/ros/jazzy/lib/nav2_bt_navigator/bt_navigator --ros-args --log-level info --ros-args -r __node:=bt_navigator -p use_sim_time:=False --params-file /tmp/launch_params_ijw3eq_3 -r /tf:=tf -r /tf_static:=tf_static"
2026-09-19T05:30:56Z,23,"topoABC_devref_singleton_r1",32232,"waypoint_follow",3.5,46888,19298,"/opt/ros/jazzy/lib/nav2_waypoint_follower/waypoint_follower --ros-args --log-level info --ros-args -r __node:=waypoint_follower -p use_sim_time:=False --params-file /tmp/launch_params_ijw3eq_3 -r /tf:=tf -r /tf_static:=tf_static"
2026-09-19T05:30:56Z,23,"topoABC_devref_singleton_r1",32233,"velocity_smooth",3.7,39848,16061,"/opt/ros/jazzy/lib/nav2_velocity_smoother/velocity_smoother --ros-args --log-level info --ros-args -r __node:=velocity_smoother -p use_sim_time:=False --params-file /tmp/launch_params_ijw3eq_3 -r /tf:=tf -r /tf_static:=tf_static -r cmd_vel:=cmd_vel_nav"
2026-09-19T05:30:56Z,23,"topoABC_devref_singleton_r1",32234,"collision_monit",4.2,52044,21509,"/opt/ros/jazzy/lib/nav2_collision_monitor/collision_monitor --ros-args --log-level info --ros-args -r __node:=collision_monitor -p use_sim_time:=False --params-file /tmp/launch_params_ijw3eq_3 -r /tf:=tf -r /tf_static:=tf_static"
2026-09-19T05:30:56Z,23,"topoABC_devref_singleton_r1",32236,"lifecycle_manag",9.2,47372,20918,"/opt/ros/jazzy/lib/nav2_lifecycle_manager/lifecycle_manager --ros-args --log-level info --ros-args -r __node:=lifecycle_manager_navigation -p use_sim_time:=False --params-file /tmp/launch_params_i8sg6xsb --params-file /tmp/launch_params_vpz_2_f0"
2026-09-19T05:30:56Z,23,"topoABC_devref_singleton_r1",32488,"bash",0.0,2440,581,"bash /wt/contributions/compute-benchmark/OsakaTX/scripts/run_nav2_topology_abc.sh --label topoABC_devref --reps 1 --arms composable,hybrid,singleton"
2026-09-19T05:30:56Z,23,"topoABC_devref_singleton_r1",32489,"python3",8.8,85104,54017,"python3 /wt/contributions/compute-benchmark/OsakaTX/scripts/nav_goal_sender.py --x 4.0 --y 4.0 --yaw 0.0 --repeat 0 --pause 1"
2026-09-19T05:30:56Z,23,"topoABC_devref_singleton_r1",32544,"bash",1.2,4480,1035,"bash /wt/contributions/compute-benchmark/xbattlax/scripts/measure_ros_processes.sh --pattern python3|ros2|nav2|component_container|hybrid.*container|nav_goal_sender|amcl|map_server|planner|controller|behavior|bt_nav|smoother|waypoint|route|collision|velocity --duration 110 --interval 2 --label topoABC_devref_singleton_r1 --output /wt/contributions/compute-benchmark/OsakaTX/scripts/../results/topology_abc/topoABC_devref_singleton_r1_20260919T052351Z.csv"
2026-09-19T05:30:56Z,23,"topoABC_devref_singleton_r1",9640,"bash",0.0,3908,945,"bash -c source /opt/ros/jazzy/setup.bash; WT=/wt bash /wt/contributions/compute-benchmark/OsakaTX/scripts/run_nav2_topology_abc.sh --label topoABC_devref --reps 1 --arms composable,hybrid,singleton 2>&1 | grep -E ""^===|bringup gate|goals accepted|WARNING|ERROR|died"" | head -30"
2026-09-19T05:30:56Z,23,"topoABC_devref_singleton_r1",9653,"bash",0.0,4544,1290,"bash /wt/contributions/compute-benchmark/OsakaTX/scripts/run_nav2_topology_abc.sh --label topoABC_devref --reps 1 --arms composable,hybrid,singleton"
2026-09-19T05:30:59Z,24,"topoABC_devref_singleton_r1",107,"python3",0.2,80840,51532,"/usr/bin/python3 -c from ros2cli.daemon.daemonize import main; main() --name ros2-daemon --ros-domain-id 0 --rmw-implementation rmw_fastrtps_cpp"
2026-09-19T05:30:59Z,24,"topoABC_devref_singleton_r1",32203,"python3",5.7,79436,49028,"python3 /wt/contributions/compute-benchmark/OsakaTX/scripts/synthetic_scan_publisher.py --duration 220 --loop-s 40 --hz 5.0"
2026-09-19T05:30:59Z,24,"topoABC_devref_singleton_r1",32219,"ros2",0.6,44188,30885,"/usr/bin/python3 /opt/ros/jazzy/bin/ros2 launch nav2_bringup bringup_launch.py map:=/wt/contributions/compute-benchmark/OsakaTX/scripts/../results/topology_abc/topoABC_nav2_map_r.yaml params_file:=/wt/contributions/compute-benchmark/OsakaTX/scripts/nav2_params_bench.yaml use_sim_time:=False autostart:=True slam:=False use_composition:=False"
2026-09-19T05:30:59Z,24,"topoABC_devref_singleton_r1",32223,"map_server",3.7,50216,23353,"/opt/ros/jazzy/lib/nav2_map_server/map_server --ros-args --log-level info --ros-args -r __node:=map_server -p use_sim_time:=False --params-file /tmp/launch_params_bm7msjj2 --params-file /tmp/launch_params_m__teirg -r /tf:=tf -r /tf_static:=tf_static"
2026-09-19T05:30:59Z,24,"topoABC_devref_singleton_r1",32224,"amcl",6.6,51832,22520,"/opt/ros/jazzy/lib/nav2_amcl/amcl --ros-args --log-level info --ros-args -r __node:=amcl -p use_sim_time:=False --params-file /tmp/launch_params_bm7msjj2 -r /tf:=tf -r /tf_static:=tf_static"
2026-09-19T05:30:59Z,24,"topoABC_devref_singleton_r1",32225,"lifecycle_manag",4.1,43244,16747,"/opt/ros/jazzy/lib/nav2_lifecycle_manager/lifecycle_manager --ros-args --log-level info --ros-args -r __node:=lifecycle_manager_localization -p use_sim_time:=False --params-file /tmp/launch_params_qzpct4_u --params-file /tmp/launch_params_f3b3lnex"
2026-09-19T05:30:59Z,24,"topoABC_devref_singleton_r1",32226,"controller_serv",10.0,70712,39968,"/opt/ros/jazzy/lib/nav2_controller/controller_server --ros-args --log-level info --ros-args -p use_sim_time:=False --params-file /tmp/launch_params_ijw3eq_3 -r /tf:=tf -r /tf_static:=tf_static -r cmd_vel:=cmd_vel_nav"
2026-09-19T05:30:59Z,24,"topoABC_devref_singleton_r1",32227,"smoother_server",4.1,49828,19843,"/opt/ros/jazzy/lib/nav2_smoother/smoother_server --ros-args --log-level info --ros-args -r __node:=smoother_server -p use_sim_time:=False --params-file /tmp/launch_params_ijw3eq_3 -r /tf:=tf -r /tf_static:=tf_static"
2026-09-19T05:30:59Z,24,"topoABC_devref_singleton_r1",32228,"planner_server",4.5,58756,27527,"/opt/ros/jazzy/lib/nav2_planner/planner_server --ros-args --log-level info --ros-args -r __node:=planner_server -p use_sim_time:=False --params-file /tmp/launch_params_ijw3eq_3 -r /tf:=tf -r /tf_static:=tf_static"
2026-09-19T05:30:59Z,24,"topoABC_devref_singleton_r1",32229,"route_server",4.3,53780,22913,"/opt/ros/jazzy/lib/nav2_route/route_server --ros-args --log-level info --ros-args -r __node:=route_server -p use_sim_time:=False --params-file /tmp/launch_params_ijw3eq_3 -r /tf:=tf -r /tf_static:=tf_static"
2026-09-19T05:30:59Z,24,"topoABC_devref_singleton_r1",32230,"behavior_server",4.8,54484,24010,"/opt/ros/jazzy/lib/nav2_behaviors/behavior_server --ros-args --log-level info --ros-args -r __node:=behavior_server -p use_sim_time:=False --params-file /tmp/launch_params_ijw3eq_3 -r /tf:=tf -r /tf_static:=tf_static -r cmd_vel:=cmd_vel_nav"
2026-09-19T05:30:59Z,24,"topoABC_devref_singleton_r1",32231,"bt_navigator",7.0,78316,48811,"/opt/ros/jazzy/lib/nav2_bt_navigator/bt_navigator --ros-args --log-level info --ros-args -r __node:=bt_navigator -p use_sim_time:=False --params-file /tmp/launch_params_ijw3eq_3 -r /tf:=tf -r /tf_static:=tf_static"
2026-09-19T05:30:59Z,24,"topoABC_devref_singleton_r1",32232,"waypoint_follow",3.5,46888,19297,"/opt/ros/jazzy/lib/nav2_waypoint_follower/waypoint_follower --ros-args --log-level info --ros-args -r __node:=waypoint_follower -p use_sim_time:=False --params-file /tmp/launch_params_ijw3eq_3 -r /tf:=tf -r /tf_static:=tf_static"
2026-09-19T05:30:59Z,24,"topoABC_devref_singleton_r1",32233,"velocity_smooth",3.7,39848,16061,"/opt/ros/jazzy/lib/nav2_velocity_smoother/velocity_smoother --ros-args --log-level info --ros-args -r __node:=velocity_smoother -p use_sim_time:=False --params-file /tmp/launch_params_ijw3eq_3 -r /tf:=tf -r /tf_static:=tf_static -r cmd_vel:=cmd_vel_nav"
2026-09-19T05:30:59Z,24,"topoABC_devref_singleton_r1",32234,"collision_monit",4.1,52044,21509,"/opt/ros/jazzy/lib/nav2_collision_monitor/collision_monitor --ros-args --log-level info --ros-args -r __node:=collision_monitor -p use_sim_time:=False --params-file /tmp/launch_params_ijw3eq_3 -r /tf:=tf -r /tf_static:=tf_static"
2026-09-19T05:30:59Z,24,"topoABC_devref_singleton_r1",32236,"lifecycle_manag",9.2,47372,20918,"/opt/ros/jazzy/lib/nav2_lifecycle_manager/lifecycle_manager --ros-args --log-level info --ros-args -r __node:=lifecycle_manager_navigation -p use_sim_time:=False --params-file /tmp/launch_params_i8sg6xsb --params-file /tmp/launch_params_vpz_2_f0"
2026-09-19T05:30:59Z,24,"topoABC_devref_singleton_r1",32488,"bash",0.0,2440,582,"bash /wt/contributions/compute-benchmark/OsakaTX/scripts/run_nav2_topology_abc.sh --label topoABC_devref --reps 1 --arms composable,hybrid,singleton"
2026-09-19T05:30:59Z,24,"topoABC_devref_singleton_r1",32489,"python3",8.8,85112,54022,"python3 /wt/contributions/compute-benchmark/OsakaTX/scripts/nav_goal_sender.py --x 4.0 --y 4.0 --yaw 0.0 --repeat 0 --pause 1"
2026-09-19T05:30:59Z,24,"topoABC_devref_singleton_r1",32544,"bash",1.2,4480,1036,"bash /wt/contributions/compute-benchmark/xbattlax/scripts/measure_ros_processes.sh --pattern python3|ros2|nav2|component_container|hybrid.*container|nav_goal_sender|amcl|map_server|planner|controller|behavior|bt_nav|smoother|waypoint|route|collision|velocity --duration 110 --interval 2 --label topoABC_devref_singleton_r1 --output /wt/contributions/compute-benchmark/OsakaTX/scripts/../results/topology_abc/topoABC_devref_singleton_r1_20260919T052351Z.csv"
2026-09-19T05:30:59Z,24,"topoABC_devref_singleton_r1",9640,"bash",0.0,3908,945,"bash -c source /opt/ros/jazzy/setup.bash; WT=/wt bash /wt/contributions/compute-benchmark/OsakaTX/scripts/run_nav2_topology_abc.sh --label topoABC_devref --reps 1 --arms composable,hybrid,singleton 2>&1 | grep -E ""^===|bringup gate|goals accepted|WARNING|ERROR|died"" | head -30"
2026-09-19T05:30:59Z,24,"topoABC_devref_singleton_r1",9653,"bash",0.0,4544,1292,"bash /wt/contributions/compute-benchmark/OsakaTX/scripts/run_nav2_topology_abc.sh --label topoABC_devref --reps 1 --arms composable,hybrid,singleton"
2026-09-19T05:31:01Z,25,"topoABC_devref_singleton_r1",107,"python3",0.2,80840,51533,"/usr/bin/python3 -c from ros2cli.daemon.daemonize import main; main() --name ros2-daemon --ros-domain-id 0 --rmw-implementation rmw_fastrtps_cpp"
2026-09-19T05:31:01Z,25,"topoABC_devref_singleton_r1",32203,"python3",5.7,79436,49028,"python3 /wt/contributions/compute-benchmark/OsakaTX/scripts/synthetic_scan_publisher.py --duration 220 --loop-s 40 --hz 5.0"
2026-09-19T05:31:01Z,25,"topoABC_devref_singleton_r1",32219,"ros2",0.6,44188,30884,"/usr/bin/python3 /opt/ros/jazzy/bin/ros2 launch nav2_bringup bringup_launch.py map:=/wt/contributions/compute-benchmark/OsakaTX/scripts/../results/topology_abc/topoABC_nav2_map_r.yaml params_file:=/wt/contributions/compute-benchmark/OsakaTX/scripts/nav2_params_bench.yaml use_sim_time:=False autostart:=True slam:=False use_composition:=False"
2026-09-19T05:31:01Z,25,"topoABC_devref_singleton_r1",32223,"map_server",3.7,50216,23353,"/opt/ros/jazzy/lib/nav2_map_server/map_server --ros-args --log-level info --ros-args -r __node:=map_server -p use_sim_time:=False --params-file /tmp/launch_params_bm7msjj2 --params-file /tmp/launch_params_m__teirg -r /tf:=tf -r /tf_static:=tf_static"
2026-09-19T05:31:01Z,25,"topoABC_devref_singleton_r1",32224,"amcl",6.6,51832,22521,"/opt/ros/jazzy/lib/nav2_amcl/amcl --ros-args --log-level info --ros-args -r __node:=amcl -p use_sim_time:=False --params-file /tmp/launch_params_bm7msjj2 -r /tf:=tf -r /tf_static:=tf_static"
2026-09-19T05:31:01Z,25,"topoABC_devref_singleton_r1",32225,"lifecycle_manag",4.1,43244,16746,"/opt/ros/jazzy/lib/nav2_lifecycle_manager/lifecycle_manager --ros-args --log-level info --ros-args -r __node:=lifecycle_manager_localization -p use_sim_time:=False --params-file /tmp/launch_params_qzpct4_u --params-file /tmp/launch_params_f3b3lnex"
2026-09-19T05:31:01Z,25,"topoABC_devref_singleton_r1",32226,"controller_serv",10.2,71892,39964,"/opt/ros/jazzy/lib/nav2_controller/controller_server --ros-args --log-level info --ros-args -p use_sim_time:=False --params-file /tmp/launch_params_ijw3eq_3 -r /tf:=tf -r /tf_static:=tf_static -r cmd_vel:=cmd_vel_nav"
2026-09-19T05:31:01Z,25,"topoABC_devref_singleton_r1",32227,"smoother_server",4.1,49828,19843,"/opt/ros/jazzy/lib/nav2_smoother/smoother_server --ros-args --log-level info --ros-args -r __node:=smoother_server -p use_sim_time:=False --params-file /tmp/launch_params_ijw3eq_3 -r /tf:=tf -r /tf_static:=tf_static"
2026-09-19T05:31:01Z,25,"topoABC_devref_singleton_r1",32228,"planner_server",4.5,58756,27527,"/opt/ros/jazzy/lib/nav2_planner/planner_server --ros-args --log-level info --ros-args -r __node:=planner_server -p use_sim_time:=False --params-file /tmp/launch_params_ijw3eq_3 -r /tf:=tf -r /tf_static:=tf_static"
2026-09-19T05:31:01Z,25,"topoABC_devref_singleton_r1",32229,"route_server",4.3,53780,22913,"/opt/ros/jazzy/lib/nav2_route/route_server --ros-args --log-level info --ros-args -r __node:=route_server -p use_sim_time:=False --params-file /tmp/launch_params_ijw3eq_3 -r /tf:=tf -r /tf_static:=tf_static"
2026-09-19T05:31:01Z,25,"topoABC_devref_singleton_r1",32230,"behavior_server",4.8,54520,24047,"/opt/ros/jazzy/lib/nav2_behaviors/behavior_server --ros-args --log-level info --ros-args -r __node:=behavior_server -p use_sim_time:=False --params-file /tmp/launch_params_ijw3eq_3 -r /tf:=tf -r /tf_static:=tf_static -r cmd_vel:=cmd_vel_nav"
2026-09-19T05:31:01Z,25,"topoABC_devref_singleton_r1",32231,"bt_navigator",7.0,78316,48812,"/opt/ros/jazzy/lib/nav2_bt_navigator/bt_navigator --ros-args --log-level info --ros-args -r __node:=bt_navigator -p use_sim_time:=False --params-file /tmp/launch_params_ijw3eq_3 -r /tf:=tf -r /tf_static:=tf_static"
2026-09-19T05:31:01Z,25,"topoABC_devref_singleton_r1",32232,"waypoint_follow",3.5,46888,19297,"/opt/ros/jazzy/lib/nav2_waypoint_follower/waypoint_follower --ros-args --log-level info --ros-args -r __node:=waypoint_follower -p use_sim_time:=False --params-file /tmp/launch_params_ijw3eq_3 -r /tf:=tf -r /tf_static:=tf_static"
2026-09-19T05:31:01Z,25,"topoABC_devref_singleton_r1",32233,"velocity_smooth",3.7,39848,16061,"/opt/ros/jazzy/lib/nav2_velocity_smoother/velocity_smoother --ros-args --log-level info --ros-args -r __node:=velocity_smoother -p use_sim_time:=False --params-file /tmp/launch_params_ijw3eq_3 -r /tf:=tf -r /tf_static:=tf_static -r cmd_vel:=cmd_vel_nav"
2026-09-19T05:31:01Z,25,"topoABC_devref_singleton_r1",32234,"collision_monit",4.1,52044,21509,"/opt/ros/jazzy/lib/nav2_collision_monitor/collision_monitor --ros-args --log-level info --ros-args -r __node:=collision_monitor -p use_sim_time:=False --params-file /tmp/launch_params_ijw3eq_3 -r /tf:=tf -r /tf_static:=tf_static"
2026-09-19T05:31:01Z,25,"topoABC_devref_singleton_r1",32236,"lifecycle_manag",9.2,47372,20918,"/opt/ros/jazzy/lib/nav2_lifecycle_manager/lifecycle_manager --ros-args --log-level info --ros-args -r __node:=lifecycle_manager_navigation -p use_sim_time:=False --params-file /tmp/launch_params_i8sg6xsb --params-file /tmp/launch_params_vpz_2_f0"
2026-09-19T05:31:01Z,25,"topoABC_devref_singleton_r1",32488,"bash",0.0,2440,582,"bash /wt/contributions/compute-benchmark/OsakaTX/scripts/run_nav2_topology_abc.sh --label topoABC_devref --reps 1 --arms composable,hybrid,singleton"
2026-09-19T05:31:01Z,25,"topoABC_devref_singleton_r1",32489,"python3",8.9,85112,54022,"python3 /wt/contributions/compute-benchmark/OsakaTX/scripts/nav_goal_sender.py --x 4.0 --y 4.0 --yaw 0.0 --repeat 0 --pause 1"
2026-09-19T05:31:01Z,25,"topoABC_devref_singleton_r1",32544,"bash",1.2,4480,1041,"bash /wt/contributions/compute-benchmark/xbattlax/scripts/measure_ros_processes.sh --pattern python3|ros2|nav2|component_container|hybrid.*container|nav_goal_sender|amcl|map_server|planner|controller|behavior|bt_nav|smoother|waypoint|route|collision|velocity --duration 110 --interval 2 --label topoABC_devref_singleton_r1 --output /wt/contributions/compute-benchmark/OsakaTX/scripts/../results/topology_abc/topoABC_devref_singleton_r1_20260919T052351Z.csv"
2026-09-19T05:31:01Z,25,"topoABC_devref_singleton_r1",9640,"bash",0.0,3908,945,"bash -c source /opt/ros/jazzy/setup.bash; WT=/wt bash /wt/contributions/compute-benchmark/OsakaTX/scripts/run_nav2_topology_abc.sh --label topoABC_devref --reps 1 --arms composable,hybrid,singleton 2>&1 | grep -E ""^===|bringup gate|goals accepted|WARNING|ERROR|died"" | head -30"
2026-09-19T05:31:01Z,25,"topoABC_devref_singleton_r1",9653,"bash",0.0,4544,1293,"bash /wt/contributions/compute-benchmark/OsakaTX/scripts/run_nav2_topology_abc.sh --label topoABC_devref --reps 1 --arms composable,hybrid,singleton"
2026-09-19T05:31:04Z,26,"topoABC_devref_singleton_r1",107,"python3",0.2,80840,51533,"/usr/bin/python3 -c from ros2cli.daemon.daemonize import main; main() --name ros2-daemon --ros-domain-id 0 --rmw-implementation rmw_fastrtps_cpp"
2026-09-19T05:31:04Z,26,"topoABC_devref_singleton_r1",32203,"python3",5.7,79436,49028,"python3 /wt/contributions/compute-benchmark/OsakaTX/scripts/synthetic_scan_publisher.py --duration 220 --loop-s 40 --hz 5.0"
2026-09-19T05:31:04Z,26,"topoABC_devref_singleton_r1",32219,"ros2",0.6,44188,30885,"/usr/bin/python3 /opt/ros/jazzy/bin/ros2 launch nav2_bringup bringup_launch.py map:=/wt/contributions/compute-benchmark/OsakaTX/scripts/../results/topology_abc/topoABC_nav2_map_r.yaml params_file:=/wt/contributions/compute-benchmark/OsakaTX/scripts/nav2_params_bench.yaml use_sim_time:=False autostart:=True slam:=False use_composition:=False"
2026-09-19T05:31:04Z,26,"topoABC_devref_singleton_r1",32223,"map_server",3.7,50216,23353,"/opt/ros/jazzy/lib/nav2_map_server/map_server --ros-args --log-level info --ros-args -r __node:=map_server -p use_sim_time:=False --params-file /tmp/launch_params_bm7msjj2 --params-file /tmp/launch_params_m__teirg -r /tf:=tf -r /tf_static:=tf_static"
2026-09-19T05:31:04Z,26,"topoABC_devref_singleton_r1",32224,"amcl",6.6,51832,22520,"/opt/ros/jazzy/lib/nav2_amcl/amcl --ros-args --log-level info --ros-args -r __node:=amcl -p use_sim_time:=False --params-file /tmp/launch_params_bm7msjj2 -r /tf:=tf -r /tf_static:=tf_static"
2026-09-19T05:31:04Z,26,"topoABC_devref_singleton_r1",32225,"lifecycle_manag",4.0,43244,16747,"/opt/ros/jazzy/lib/nav2_lifecycle_manager/lifecycle_manager --ros-args --log-level info --ros-args -r __node:=lifecycle_manager_localization -p use_sim_time:=False --params-file /tmp/launch_params_qzpct4_u --params-file /tmp/launch_params_f3b3lnex"
2026-09-19T05:31:04Z,26,"topoABC_devref_singleton_r1",32226,"controller_serv",10.1,71892,39964,"/opt/ros/jazzy/lib/nav2_controller/controller_server --ros-args --log-level info --ros-args -p use_sim_time:=False --params-file /tmp/launch_params_ijw3eq_3 -r /tf:=tf -r /tf_static:=tf_static -r cmd_vel:=cmd_vel_nav"
2026-09-19T05:31:04Z,26,"topoABC_devref_singleton_r1",32227,"smoother_server",4.1,49828,19843,"/opt/ros/jazzy/lib/nav2_smoother/smoother_server --ros-args --log-level info --ros-args -r __node:=smoother_server -p use_sim_time:=False --params-file /tmp/launch_params_ijw3eq_3 -r /tf:=tf -r /tf_static:=tf_static"
2026-09-19T05:31:04Z,26,"topoABC_devref_singleton_r1",32228,"planner_server",4.5,58756,27527,"/opt/ros/jazzy/lib/nav2_planner/planner_server --ros-args --log-level info --ros-args -r __node:=planner_server -p use_sim_time:=False --params-file /tmp/launch_params_ijw3eq_3 -r /tf:=tf -r /tf_static:=tf_static"
2026-09-19T05:31:04Z,26,"topoABC_devref_singleton_r1",32229,"route_server",4.3,53780,22913,"/opt/ros/jazzy/lib/nav2_route/route_server --ros-args --log-level info --ros-args -r __node:=route_server -p use_sim_time:=False --params-file /tmp/launch_params_ijw3eq_3 -r /tf:=tf -r /tf_static:=tf_static"
2026-09-19T05:31:04Z,26,"topoABC_devref_singleton_r1",32230,"behavior_server",4.8,54512,24039,"/opt/ros/jazzy/lib/nav2_behaviors/behavior_server --ros-args --log-level info --ros-args -r __node:=behavior_server -p use_sim_time:=False --params-file /tmp/launch_params_ijw3eq_3 -r /tf:=tf -r /tf_static:=tf_static -r cmd_vel:=cmd_vel_nav"
2026-09-19T05:31:04Z,26,"topoABC_devref_singleton_r1",32231,"bt_navigator",7.0,78316,48811,"/opt/ros/jazzy/lib/nav2_bt_navigator/bt_navigator --ros-args --log-level info --ros-args -r __node:=bt_navigator -p use_sim_time:=False --params-file /tmp/launch_params_ijw3eq_3 -r /tf:=tf -r /tf_static:=tf_static"
2026-09-19T05:31:04Z,26,"topoABC_devref_singleton_r1",32232,"waypoint_follow",3.5,46888,19297,"/opt/ros/jazzy/lib/nav2_waypoint_follower/waypoint_follower --ros-args --log-level info --ros-args -r __node:=waypoint_follower -p use_sim_time:=False --params-file /tmp/launch_params_ijw3eq_3 -r /tf:=tf -r /tf_static:=tf_static"
2026-09-19T05:31:04Z,26,"topoABC_devref_singleton_r1",32233,"velocity_smooth",3.7,39848,16061,"/opt/ros/jazzy/lib/nav2_velocity_smoother/velocity_smoother --ros-args --log-level info --ros-args -r __node:=velocity_smoother -p use_sim_time:=False --params-file /tmp/launch_params_ijw3eq_3 -r /tf:=tf -r /tf_static:=tf_static -r cmd_vel:=cmd_vel_nav"
2026-09-19T05:31:04Z,26,"topoABC_devref_singleton_r1",32234,"collision_monit",4.1,52044,21509,"/opt/ros/jazzy/lib/nav2_collision_monitor/collision_monitor --ros-args --log-level info --ros-args -r __node:=collision_monitor -p use_sim_time:=False --params-file /tmp/launch_params_ijw3eq_3 -r /tf:=tf -r /tf_static:=tf_static"
2026-09-19T05:31:04Z,26,"topoABC_devref_singleton_r1",32236,"lifecycle_manag",9.2,47372,20918,"/opt/ros/jazzy/lib/nav2_lifecycle_manager/lifecycle_manager --ros-args --log-level info --ros-args -r __node:=lifecycle_manager_navigation -p use_sim_time:=False --params-file /tmp/launch_params_i8sg6xsb --params-file /tmp/launch_params_vpz_2_f0"
2026-09-19T05:31:04Z,26,"topoABC_devref_singleton_r1",32488,"bash",0.0,2440,582,"bash /wt/contributions/compute-benchmark/OsakaTX/scripts/run_nav2_topology_abc.sh --label topoABC_devref --reps 1 --arms composable,hybrid,singleton"
2026-09-19T05:31:04Z,26,"topoABC_devref_singleton_r1",32489,"python3",9.0,85112,54021,"python3 /wt/contributions/compute-benchmark/OsakaTX/scripts/nav_goal_sender.py --x 4.0 --y 4.0 --yaw 0.0 --repeat 0 --pause 1"
2026-09-19T05:31:04Z,26,"topoABC_devref_singleton_r1",32544,"bash",1.2,4480,1039,"bash /wt/contributions/compute-benchmark/xbattlax/scripts/measure_ros_processes.sh --pattern python3|ros2|nav2|component_container|hybrid.*container|nav_goal_sender|amcl|map_server|planner|controller|behavior|bt_nav|smoother|waypoint|route|collision|velocity --duration 110 --interval 2 --label topoABC_devref_singleton_r1 --output /wt/contributions/compute-benchmark/OsakaTX/scripts/../results/topology_abc/topoABC_devref_singleton_r1_20260919T052351Z.csv"
2026-09-19T05:31:04Z,26,"topoABC_devref_singleton_r1",9640,"bash",0.0,3908,945,"bash -c source /opt/ros/jazzy/setup.bash; WT=/wt bash /wt/contributions/compute-benchmark/OsakaTX/scripts/run_nav2_topology_abc.sh --label topoABC_devref --reps 1 --arms composable,hybrid,singleton 2>&1 | grep -E ""^===|bringup gate|goals accepted|WARNING|ERROR|died"" | head -30"
2026-09-19T05:31:04Z,26,"topoABC_devref_singleton_r1",9653,"bash",0.0,4544,1291,"bash /wt/contributions/compute-benchmark/OsakaTX/scripts/run_nav2_topology_abc.sh --label topoABC_devref --reps 1 --arms composable,hybrid,singleton"
2026-09-19T05:31:06Z,27,"topoABC_devref_singleton_r1",107,"python3",0.2,80840,51536,"/usr/bin/python3 -c from ros2cli.daemon.daemonize import main; main() --name ros2-daemon --ros-domain-id 0 --rmw-implementation rmw_fastrtps_cpp"
2026-09-19T05:31:06Z,27,"topoABC_devref_singleton_r1",32203,"python3",5.7,79436,49027,"python3 /wt/contributions/compute-benchmark/OsakaTX/scripts/synthetic_scan_publisher.py --duration 220 --loop-s 40 --hz 5.0"
2026-09-19T05:31:06Z,27,"topoABC_devref_singleton_r1",32219,"ros2",0.6,44188,30878,"/usr/bin/python3 /opt/ros/jazzy/bin/ros2 launch nav2_bringup bringup_launch.py map:=/wt/contributions/compute-benchmark/OsakaTX/scripts/../results/topology_abc/topoABC_nav2_map_r.yaml params_file:=/wt/contributions/compute-benchmark/OsakaTX/scripts/nav2_params_bench.yaml use_sim_time:=False autostart:=True slam:=False use_composition:=False"
2026-09-19T05:31:06Z,27,"topoABC_devref_singleton_r1",32223,"map_server",3.7,50216,23353,"/opt/ros/jazzy/lib/nav2_map_server/map_server --ros-args --log-level info --ros-args -r __node:=map_server -p use_sim_time:=False --params-file /tmp/launch_params_bm7msjj2 --params-file /tmp/launch_params_m__teirg -r /tf:=tf -r /tf_static:=tf_static"
2026-09-19T05:31:06Z,27,"topoABC_devref_singleton_r1",32224,"amcl",6.6,51832,22521,"/opt/ros/jazzy/lib/nav2_amcl/amcl --ros-args --log-level info --ros-args -r __node:=amcl -p use_sim_time:=False --params-file /tmp/launch_params_bm7msjj2 -r /tf:=tf -r /tf_static:=tf_static"
2026-09-19T05:31:06Z,27,"topoABC_devref_singleton_r1",32225,"lifecycle_manag",4.1,43244,16746,"/opt/ros/jazzy/lib/nav2_lifecycle_manager/lifecycle_manager --ros-args --log-level info --ros-args -r __node:=lifecycle_manager_localization -p use_sim_time:=False --params-file /tmp/launch_params_qzpct4_u --params-file /tmp/launch_params_f3b3lnex"
2026-09-19T05:31:06Z,27,"topoABC_devref_singleton_r1",32226,"controller_serv",10.3,71900,39971,"/opt/ros/jazzy/lib/nav2_controller/controller_server --ros-args --log-level info --ros-args -p use_sim_time:=False --params-file /tmp/launch_params_ijw3eq_3 -r /tf:=tf -r /tf_static:=tf_static -r cmd_vel:=cmd_vel_nav"
2026-09-19T05:31:06Z,27,"topoABC_devref_singleton_r1",32227,"smoother_server",4.1,49828,19843,"/opt/ros/jazzy/lib/nav2_smoother/smoother_server --ros-args --log-level info --ros-args -r __node:=smoother_server -p use_sim_time:=False --params-file /tmp/launch_params_ijw3eq_3 -r /tf:=tf -r /tf_static:=tf_static"
2026-09-19T05:31:06Z,27,"topoABC_devref_singleton_r1",32228,"planner_server",4.5,58756,27527,"/opt/ros/jazzy/lib/nav2_planner/planner_server --ros-args --log-level info --ros-args -r __node:=planner_server -p use_sim_time:=False --params-file /tmp/launch_params_ijw3eq_3 -r /tf:=tf -r /tf_static:=tf_static"
2026-09-19T05:31:06Z,27,"topoABC_devref_singleton_r1",32229,"route_server",4.3,53780,22913,"/opt/ros/jazzy/lib/nav2_route/route_server --ros-args --log-level info --ros-args -r __node:=route_server -p use_sim_time:=False --params-file /tmp/launch_params_ijw3eq_3 -r /tf:=tf -r /tf_static:=tf_static"
2026-09-19T05:31:06Z,27,"topoABC_devref_singleton_r1",32230,"behavior_server",4.8,54512,24039,"/opt/ros/jazzy/lib/nav2_behaviors/behavior_server --ros-args --log-level info --ros-args -r __node:=behavior_server -p use_sim_time:=False --params-file /tmp/launch_params_ijw3eq_3 -r /tf:=tf -r /tf_static:=tf_static -r cmd_vel:=cmd_vel_nav"
2026-09-19T05:31:06Z,27,"topoABC_devref_singleton_r1",32231,"bt_navigator",7.0,78324,48820,"/opt/ros/jazzy/lib/nav2_bt_navigator/bt_navigator --ros-args --log-level info --ros-args -r __node:=bt_navigator -p use_sim_time:=False --params-file /tmp/launch_params_ijw3eq_3 -r /tf:=tf -r /tf_static:=tf_static"
2026-09-19T05:31:06Z,27,"topoABC_devref_singleton_r1",32232,"waypoint_follow",3.5,46888,19298,"/opt/ros/jazzy/lib/nav2_waypoint_follower/waypoint_follower --ros-args --log-level info --ros-args -r __node:=waypoint_follower -p use_sim_time:=False --params-file /tmp/launch_params_ijw3eq_3 -r /tf:=tf -r /tf_static:=tf_static"
2026-09-19T05:31:06Z,27,"topoABC_devref_singleton_r1",32233,"velocity_smooth",3.7,39848,16061,"/opt/ros/jazzy/lib/nav2_velocity_smoother/velocity_smoother --ros-args --log-level info --ros-args -r __node:=velocity_smoother -p use_sim_time:=False --params-file /tmp/launch_params_ijw3eq_3 -r /tf:=tf -r /tf_static:=tf_static -r cmd_vel:=cmd_vel_nav"
2026-09-19T05:31:06Z,27,"topoABC_devref_singleton_r1",32234,"collision_monit",4.1,52044,21508,"/opt/ros/jazzy/lib/nav2_collision_monitor/collision_monitor --ros-args --log-level info --ros-args -r __node:=collision_monitor -p use_sim_time:=False --params-file /tmp/launch_params_ijw3eq_3 -r /tf:=tf -r /tf_static:=tf_static"
2026-09-19T05:31:06Z,27,"topoABC_devref_singleton_r1",32236,"lifecycle_manag",9.2,47372,20918,"/opt/ros/jazzy/lib/nav2_lifecycle_manager/lifecycle_manager --ros-args --log-level info --ros-args -r __node:=lifecycle_manager_navigation -p use_sim_time:=False --params-file /tmp/launch_params_i8sg6xsb --params-file /tmp/launch_params_vpz_2_f0"
2026-09-19T05:31:06Z,27,"topoABC_devref_singleton_r1",32488,"bash",0.0,2440,582,"bash /wt/contributions/compute-benchmark/OsakaTX/scripts/run_nav2_topology_abc.sh --label topoABC_devref --reps 1 --arms composable,hybrid,singleton"
2026-09-19T05:31:06Z,27,"topoABC_devref_singleton_r1",32489,"python3",9.0,85112,54025,"python3 /wt/contributions/compute-benchmark/OsakaTX/scripts/nav_goal_sender.py --x 4.0 --y 4.0 --yaw 0.0 --repeat 0 --pause 1"
2026-09-19T05:31:06Z,27,"topoABC_devref_singleton_r1",32544,"bash",1.2,4480,1037,"bash /wt/contributions/compute-benchmark/xbattlax/scripts/measure_ros_processes.sh --pattern python3|ros2|nav2|component_container|hybrid.*container|nav_goal_sender|amcl|map_server|planner|controller|behavior|bt_nav|smoother|waypoint|route|collision|velocity --duration 110 --interval 2 --label topoABC_devref_singleton_r1 --output /wt/contributions/compute-benchmark/OsakaTX/scripts/../results/topology_abc/topoABC_devref_singleton_r1_20260919T052351Z.csv"
2026-09-19T05:31:06Z,27,"topoABC_devref_singleton_r1",9640,"bash",0.0,3908,946,"bash -c source /opt/ros/jazzy/setup.bash; WT=/wt bash /wt/contributions/compute-benchmark/OsakaTX/scripts/run_nav2_topology_abc.sh --label topoABC_devref --reps 1 --arms composable,hybrid,singleton 2>&1 | grep -E ""^===|bringup gate|goals accepted|WARNING|ERROR|died"" | head -30"
2026-09-19T05:31:06Z,27,"topoABC_devref_singleton_r1",9653,"bash",0.0,4544,1291,"bash /wt/contributions/compute-benchmark/OsakaTX/scripts/run_nav2_topology_abc.sh --label topoABC_devref --reps 1 --arms composable,hybrid,singleton"
2026-09-19T05:31:09Z,28,"topoABC_devref_singleton_r1",107,"python3",0.2,80840,51531,"/usr/bin/python3 -c from ros2cli.daemon.daemonize import main; main() --name ros2-daemon --ros-domain-id 0 --rmw-implementation rmw_fastrtps_cpp"
2026-09-19T05:31:09Z,28,"topoABC_devref_singleton_r1",32203,"python3",5.7,79436,49028,"python3 /wt/contributions/compute-benchmark/OsakaTX/scripts/synthetic_scan_publisher.py --duration 220 --loop-s 40 --hz 5.0"
2026-09-19T05:31:09Z,28,"topoABC_devref_singleton_r1",32219,"ros2",0.6,44188,30885,"/usr/bin/python3 /opt/ros/jazzy/bin/ros2 launch nav2_bringup bringup_launch.py map:=/wt/contributions/compute-benchmark/OsakaTX/scripts/../results/topology_abc/topoABC_nav2_map_r.yaml params_file:=/wt/contributions/compute-benchmark/OsakaTX/scripts/nav2_params_bench.yaml use_sim_time:=False autostart:=True slam:=False use_composition:=False"
2026-09-19T05:31:09Z,28,"topoABC_devref_singleton_r1",32223,"map_server",3.7,50216,23353,"/opt/ros/jazzy/lib/nav2_map_server/map_server --ros-args --log-level info --ros-args -r __node:=map_server -p use_sim_time:=False --params-file /tmp/launch_params_bm7msjj2 --params-file /tmp/launch_params_m__teirg -r /tf:=tf -r /tf_static:=tf_static"
2026-09-19T05:31:09Z,28,"topoABC_devref_singleton_r1",32224,"amcl",6.6,51832,22520,"/opt/ros/jazzy/lib/nav2_amcl/amcl --ros-args --log-level info --ros-args -r __node:=amcl -p use_sim_time:=False --params-file /tmp/launch_params_bm7msjj2 -r /tf:=tf -r /tf_static:=tf_static"
2026-09-19T05:31:09Z,28,"topoABC_devref_singleton_r1",32225,"lifecycle_manag",4.0,43244,16746,"/opt/ros/jazzy/lib/nav2_lifecycle_manager/lifecycle_manager --ros-args --log-level info --ros-args -r __node:=lifecycle_manager_localization -p use_sim_time:=False --params-file /tmp/launch_params_qzpct4_u --params-file /tmp/launch_params_f3b3lnex"
2026-09-19T05:31:09Z,28,"topoABC_devref_singleton_r1",32226,"controller_serv",10.5,71900,39972,"/opt/ros/jazzy/lib/nav2_controller/controller_server --ros-args --log-level info --ros-args -p use_sim_time:=False --params-file /tmp/launch_params_ijw3eq_3 -r /tf:=tf -r /tf_static:=tf_static -r cmd_vel:=cmd_vel_nav"
2026-09-19T05:31:09Z,28,"topoABC_devref_singleton_r1",32227,"smoother_server",4.1,49828,19843,"/opt/ros/jazzy/lib/nav2_smoother/smoother_server --ros-args --log-level info --ros-args -r __node:=smoother_server -p use_sim_time:=False --params-file /tmp/launch_params_ijw3eq_3 -r /tf:=tf -r /tf_static:=tf_static"
2026-09-19T05:31:09Z,28,"topoABC_devref_singleton_r1",32228,"planner_server",4.5,58756,27526,"/opt/ros/jazzy/lib/nav2_planner/planner_server --ros-args --log-level info --ros-args -r __node:=planner_server -p use_sim_time:=False --params-file /tmp/launch_params_ijw3eq_3 -r /tf:=tf -r /tf_static:=tf_static"
2026-09-19T05:31:09Z,28,"topoABC_devref_singleton_r1",32229,"route_server",4.3,53780,22913,"/opt/ros/jazzy/lib/nav2_route/route_server --ros-args --log-level info --ros-args -r __node:=route_server -p use_sim_time:=False --params-file /tmp/launch_params_ijw3eq_3 -r /tf:=tf -r /tf_static:=tf_static"
2026-09-19T05:31:09Z,28,"topoABC_devref_singleton_r1",32230,"behavior_server",4.8,54512,24039,"/opt/ros/jazzy/lib/nav2_behaviors/behavior_server --ros-args --log-level info --ros-args -r __node:=behavior_server -p use_sim_time:=False --params-file /tmp/launch_params_ijw3eq_3 -r /tf:=tf -r /tf_static:=tf_static -r cmd_vel:=cmd_vel_nav"
2026-09-19T05:31:09Z,28,"topoABC_devref_singleton_r1",32231,"bt_navigator",7.1,78324,48819,"/opt/ros/jazzy/lib/nav2_bt_navigator/bt_navigator --ros-args --log-level info --ros-args -r __node:=bt_navigator -p use_sim_time:=False --params-file /tmp/launch_params_ijw3eq_3 -r /tf:=tf -r /tf_static:=tf_static"
2026-09-19T05:31:09Z,28,"topoABC_devref_singleton_r1",32232,"waypoint_follow",3.6,46888,19297,"/opt/ros/jazzy/lib/nav2_waypoint_follower/waypoint_follower --ros-args --log-level info --ros-args -r __node:=waypoint_follower -p use_sim_time:=False --params-file /tmp/launch_params_ijw3eq_3 -r /tf:=tf -r /tf_static:=tf_static"
2026-09-19T05:31:09Z,28,"topoABC_devref_singleton_r1",32233,"velocity_smooth",3.7,39848,16061,"/opt/ros/jazzy/lib/nav2_velocity_smoother/velocity_smoother --ros-args --log-level info --ros-args -r __node:=velocity_smoother -p use_sim_time:=False --params-file /tmp/launch_params_ijw3eq_3 -r /tf:=tf -r /tf_static:=tf_static -r cmd_vel:=cmd_vel_nav"
2026-09-19T05:31:09Z,28,"topoABC_devref_singleton_r1",32234,"collision_monit",4.2,52044,21508,"/opt/ros/jazzy/lib/nav2_collision_monitor/collision_monitor --ros-args --log-level info --ros-args -r __node:=collision_monitor -p use_sim_time:=False --params-file /tmp/launch_params_ijw3eq_3 -r /tf:=tf -r /tf_static:=tf_static"
2026-09-19T05:31:09Z,28,"topoABC_devref_singleton_r1",32236,"lifecycle_manag",9.2,47372,20917,"/opt/ros/jazzy/lib/nav2_lifecycle_manager/lifecycle_manager --ros-args --log-level info --ros-args -r __node:=lifecycle_manager_navigation -p use_sim_time:=False --params-file /tmp/launch_params_i8sg6xsb --params-file /tmp/launch_params_vpz_2_f0"
2026-09-19T05:31:09Z,28,"topoABC_devref_singleton_r1",32488,"bash",0.0,2440,581,"bash /wt/contributions/compute-benchmark/OsakaTX/scripts/run_nav2_topology_abc.sh --label topoABC_devref --reps 1 --arms composable,hybrid,singleton"
2026-09-19T05:31:09Z,28,"topoABC_devref_singleton_r1",32489,"python3",9.1,85112,54020,"python3 /wt/contributions/compute-benchmark/OsakaTX/scripts/nav_goal_sender.py --x 4.0 --y 4.0 --yaw 0.0 --repeat 0 --pause 1"
2026-09-19T05:31:09Z,28,"topoABC_devref_singleton_r1",32544,"bash",1.2,4480,1035,"bash /wt/contributions/compute-benchmark/xbattlax/scripts/measure_ros_processes.sh --pattern python3|ros2|nav2|component_container|hybrid.*container|nav_goal_sender|amcl|map_server|planner|controller|behavior|bt_nav|smoother|waypoint|route|collision|velocity --duration 110 --interval 2 --label topoABC_devref_singleton_r1 --output /wt/contributions/compute-benchmark/OsakaTX/scripts/../results/topology_abc/topoABC_devref_singleton_r1_20260919T052351Z.csv"
2026-09-19T05:31:09Z,28,"topoABC_devref_singleton_r1",9640,"bash",0.0,3908,945,"bash -c source /opt/ros/jazzy/setup.bash; WT=/wt bash /wt/contributions/compute-benchmark/OsakaTX/scripts/run_nav2_topology_abc.sh --label topoABC_devref --reps 1 --arms composable,hybrid,singleton 2>&1 | grep -E ""^===|bringup gate|goals accepted|WARNING|ERROR|died"" | head -30"
2026-09-19T05:31:09Z,28,"topoABC_devref_singleton_r1",9653,"bash",0.0,4544,1292,"bash /wt/contributions/compute-benchmark/OsakaTX/scripts/run_nav2_topology_abc.sh --label topoABC_devref --reps 1 --arms composable,hybrid,singleton"
2026-09-19T05:31:11Z,29,"topoABC_devref_singleton_r1",107,"python3",0.2,80840,51536,"/usr/bin/python3 -c from ros2cli.daemon.daemonize import main; main() --name ros2-daemon --ros-domain-id 0 --rmw-implementation rmw_fastrtps_cpp"
2026-09-19T05:31:11Z,29,"topoABC_devref_singleton_r1",32203,"python3",5.6,79436,49028,"python3 /wt/contributions/compute-benchmark/OsakaTX/scripts/synthetic_scan_publisher.py --duration 220 --loop-s 40 --hz 5.0"
2026-09-19T05:31:11Z,29,"topoABC_devref_singleton_r1",32219,"ros2",0.6,44188,30884,"/usr/bin/python3 /opt/ros/jazzy/bin/ros2 launch nav2_bringup bringup_launch.py map:=/wt/contributions/compute-benchmark/OsakaTX/scripts/../results/topology_abc/topoABC_nav2_map_r.yaml params_file:=/wt/contributions/compute-benchmark/OsakaTX/scripts/nav2_params_bench.yaml use_sim_time:=False autostart:=True slam:=False use_composition:=False"
2026-09-19T05:31:11Z,29,"topoABC_devref_singleton_r1",32223,"map_server",3.7,50216,23353,"/opt/ros/jazzy/lib/nav2_map_server/map_server --ros-args --log-level info --ros-args -r __node:=map_server -p use_sim_time:=False --params-file /tmp/launch_params_bm7msjj2 --params-file /tmp/launch_params_m__teirg -r /tf:=tf -r /tf_static:=tf_static"
2026-09-19T05:31:11Z,29,"topoABC_devref_singleton_r1",32224,"amcl",6.6,51832,22520,"/opt/ros/jazzy/lib/nav2_amcl/amcl --ros-args --log-level info --ros-args -r __node:=amcl -p use_sim_time:=False --params-file /tmp/launch_params_bm7msjj2 -r /tf:=tf -r /tf_static:=tf_static"
2026-09-19T05:31:11Z,29,"topoABC_devref_singleton_r1",32225,"lifecycle_manag",4.0,43244,16747,"/opt/ros/jazzy/lib/nav2_lifecycle_manager/lifecycle_manager --ros-args --log-level info --ros-args -r __node:=lifecycle_manager_localization -p use_sim_time:=False --params-file /tmp/launch_params_qzpct4_u --params-file /tmp/launch_params_f3b3lnex"
2026-09-19T05:31:11Z,29,"topoABC_devref_singleton_r1",32226,"controller_serv",10.7,71588,39660,"/opt/ros/jazzy/lib/nav2_controller/controller_server --ros-args --log-level info --ros-args -p use_sim_time:=False --params-file /tmp/launch_params_ijw3eq_3 -r /tf:=tf -r /tf_static:=tf_static -r cmd_vel:=cmd_vel_nav"
2026-09-19T05:31:11Z,29,"topoABC_devref_singleton_r1",32227,"smoother_server",4.1,49828,19843,"/opt/ros/jazzy/lib/nav2_smoother/smoother_server --ros-args --log-level info --ros-args -r __node:=smoother_server -p use_sim_time:=False --params-file /tmp/launch_params_ijw3eq_3 -r /tf:=tf -r /tf_static:=tf_static"
2026-09-19T05:31:11Z,29,"topoABC_devref_singleton_r1",32228,"planner_server",4.5,58756,27527,"/opt/ros/jazzy/lib/nav2_planner/planner_server --ros-args --log-level info --ros-args -r __node:=planner_server -p use_sim_time:=False --params-file /tmp/launch_params_ijw3eq_3 -r /tf:=tf -r /tf_static:=tf_static"
2026-09-19T05:31:11Z,29,"topoABC_devref_singleton_r1",32229,"route_server",4.3,53780,22913,"/opt/ros/jazzy/lib/nav2_route/route_server --ros-args --log-level info --ros-args -r __node:=route_server -p use_sim_time:=False --params-file /tmp/launch_params_ijw3eq_3 -r /tf:=tf -r /tf_static:=tf_static"
2026-09-19T05:31:11Z,29,"topoABC_devref_singleton_r1",32230,"behavior_server",4.8,54512,24038,"/opt/ros/jazzy/lib/nav2_behaviors/behavior_server --ros-args --log-level info --ros-args -r __node:=behavior_server -p use_sim_time:=False --params-file /tmp/launch_params_ijw3eq_3 -r /tf:=tf -r /tf_static:=tf_static -r cmd_vel:=cmd_vel_nav"
2026-09-19T05:31:11Z,29,"topoABC_devref_singleton_r1",32231,"bt_navigator",7.1,78328,48824,"/opt/ros/jazzy/lib/nav2_bt_navigator/bt_navigator --ros-args --log-level info --ros-args -r __node:=bt_navigator -p use_sim_time:=False --params-file /tmp/launch_params_ijw3eq_3 -r /tf:=tf -r /tf_static:=tf_static"
2026-09-19T05:31:11Z,29,"topoABC_devref_singleton_r1",32232,"waypoint_follow",3.5,46888,19298,"/opt/ros/jazzy/lib/nav2_waypoint_follower/waypoint_follower --ros-args --log-level info --ros-args -r __node:=waypoint_follower -p use_sim_time:=False --params-file /tmp/launch_params_ijw3eq_3 -r /tf:=tf -r /tf_static:=tf_static"
2026-09-19T05:31:11Z,29,"topoABC_devref_singleton_r1",32233,"velocity_smooth",3.7,39848,16061,"/opt/ros/jazzy/lib/nav2_velocity_smoother/velocity_smoother --ros-args --log-level info --ros-args -r __node:=velocity_smoother -p use_sim_time:=False --params-file /tmp/launch_params_ijw3eq_3 -r /tf:=tf -r /tf_static:=tf_static -r cmd_vel:=cmd_vel_nav"
2026-09-19T05:31:11Z,29,"topoABC_devref_singleton_r1",32234,"collision_monit",4.1,52044,21509,"/opt/ros/jazzy/lib/nav2_collision_monitor/collision_monitor --ros-args --log-level info --ros-args -r __node:=collision_monitor -p use_sim_time:=False --params-file /tmp/launch_params_ijw3eq_3 -r /tf:=tf -r /tf_static:=tf_static"
2026-09-19T05:31:11Z,29,"topoABC_devref_singleton_r1",32236,"lifecycle_manag",9.2,47372,20918,"/opt/ros/jazzy/lib/nav2_lifecycle_manager/lifecycle_manager --ros-args --log-level info --ros-args -r __node:=lifecycle_manager_navigation -p use_sim_time:=False --params-file /tmp/launch_params_i8sg6xsb --params-file /tmp/launch_params_vpz_2_f0"
2026-09-19T05:31:11Z,29,"topoABC_devref_singleton_r1",32488,"bash",0.0,2440,582,"bash /wt/contributions/compute-benchmark/OsakaTX/scripts/run_nav2_topology_abc.sh --label topoABC_devref --reps 1 --arms composable,hybrid,singleton"
2026-09-19T05:31:11Z,29,"topoABC_devref_singleton_r1",32489,"python3",9.0,85112,54025,"python3 /wt/contributions/compute-benchmark/OsakaTX/scripts/nav_goal_sender.py --x 4.0 --y 4.0 --yaw 0.0 --repeat 0 --pause 1"
2026-09-19T05:31:11Z,29,"topoABC_devref_singleton_r1",32544,"bash",1.2,4480,1040,"bash /wt/contributions/compute-benchmark/xbattlax/scripts/measure_ros_processes.sh --pattern python3|ros2|nav2|component_container|hybrid.*container|nav_goal_sender|amcl|map_server|planner|controller|behavior|bt_nav|smoother|waypoint|route|collision|velocity --duration 110 --interval 2 --label topoABC_devref_singleton_r1 --output /wt/contributions/compute-benchmark/OsakaTX/scripts/../results/topology_abc/topoABC_devref_singleton_r1_20260919T052351Z.csv"
2026-09-19T05:31:11Z,29,"topoABC_devref_singleton_r1",9640,"bash",0.0,3908,946,"bash -c source /opt/ros/jazzy/setup.bash; WT=/wt bash /wt/contributions/compute-benchmark/OsakaTX/scripts/run_nav2_topology_abc.sh --label topoABC_devref --reps 1 --arms composable,hybrid,singleton 2>&1 | grep -E ""^===|bringup gate|goals accepted|WARNING|ERROR|died"" | head -30"
2026-09-19T05:31:11Z,29,"topoABC_devref_singleton_r1",9653,"bash",0.0,4544,1291,"bash /wt/contributions/compute-benchmark/OsakaTX/scripts/run_nav2_topology_abc.sh --label topoABC_devref --reps 1 --arms composable,hybrid,singleton"
2026-09-19T05:31:14Z,30,"topoABC_devref_singleton_r1",107,"python3",0.2,80840,51535,"/usr/bin/python3 -c from ros2cli.daemon.daemonize import main; main() --name ros2-daemon --ros-domain-id 0 --rmw-implementation rmw_fastrtps_cpp"
2026-09-19T05:31:14Z,30,"topoABC_devref_singleton_r1",32203,"python3",5.6,79436,49028,"python3 /wt/contributions/compute-benchmark/OsakaTX/scripts/synthetic_scan_publisher.py --duration 220 --loop-s 40 --hz 5.0"
2026-09-19T05:31:14Z,30,"topoABC_devref_singleton_r1",32219,"ros2",0.6,44188,30885,"/usr/bin/python3 /opt/ros/jazzy/bin/ros2 launch nav2_bringup bringup_launch.py map:=/wt/contributions/compute-benchmark/OsakaTX/scripts/../results/topology_abc/topoABC_nav2_map_r.yaml params_file:=/wt/contributions/compute-benchmark/OsakaTX/scripts/nav2_params_bench.yaml use_sim_time:=False autostart:=True slam:=False use_composition:=False"
2026-09-19T05:31:14Z,30,"topoABC_devref_singleton_r1",32223,"map_server",3.7,50216,23353,"/opt/ros/jazzy/lib/nav2_map_server/map_server --ros-args --log-level info --ros-args -r __node:=map_server -p use_sim_time:=False --params-file /tmp/launch_params_bm7msjj2 --params-file /tmp/launch_params_m__teirg -r /tf:=tf -r /tf_static:=tf_static"
2026-09-19T05:31:14Z,30,"topoABC_devref_singleton_r1",32224,"amcl",6.6,51832,22521,"/opt/ros/jazzy/lib/nav2_amcl/amcl --ros-args --log-level info --ros-args -r __node:=amcl -p use_sim_time:=False --params-file /tmp/launch_params_bm7msjj2 -r /tf:=tf -r /tf_static:=tf_static"
2026-09-19T05:31:14Z,30,"topoABC_devref_singleton_r1",32225,"lifecycle_manag",4.0,43244,16746,"/opt/ros/jazzy/lib/nav2_lifecycle_manager/lifecycle_manager --ros-args --log-level info --ros-args -r __node:=lifecycle_manager_localization -p use_sim_time:=False --params-file /tmp/launch_params_qzpct4_u --params-file /tmp/launch_params_f3b3lnex"
2026-09-19T05:31:14Z,30,"topoABC_devref_singleton_r1",32226,"controller_serv",10.7,70580,38651,"/opt/ros/jazzy/lib/nav2_controller/controller_server --ros-args --log-level info --ros-args -p use_sim_time:=False --params-file /tmp/launch_params_ijw3eq_3 -r /tf:=tf -r /tf_static:=tf_static -r cmd_vel:=cmd_vel_nav"
2026-09-19T05:31:14Z,30,"topoABC_devref_singleton_r1",32227,"smoother_server",4.1,49828,19842,"/opt/ros/jazzy/lib/nav2_smoother/smoother_server --ros-args --log-level info --ros-args -r __node:=smoother_server -p use_sim_time:=False --params-file /tmp/launch_params_ijw3eq_3 -r /tf:=tf -r /tf_static:=tf_static"
2026-09-19T05:31:14Z,30,"topoABC_devref_singleton_r1",32228,"planner_server",4.5,58760,27531,"/opt/ros/jazzy/lib/nav2_planner/planner_server --ros-args --log-level info --ros-args -r __node:=planner_server -p use_sim_time:=False --params-file /tmp/launch_params_ijw3eq_3 -r /tf:=tf -r /tf_static:=tf_static"
2026-09-19T05:31:14Z,30,"topoABC_devref_singleton_r1",32229,"route_server",4.3,53780,22913,"/opt/ros/jazzy/lib/nav2_route/route_server --ros-args --log-level info --ros-args -r __node:=route_server -p use_sim_time:=False --params-file /tmp/launch_params_ijw3eq_3 -r /tf:=tf -r /tf_static:=tf_static"
2026-09-19T05:31:14Z,30,"topoABC_devref_singleton_r1",32230,"behavior_server",4.8,54512,24038,"/opt/ros/jazzy/lib/nav2_behaviors/behavior_server --ros-args --log-level info --ros-args -r __node:=behavior_server -p use_sim_time:=False --params-file /tmp/launch_params_ijw3eq_3 -r /tf:=tf -r /tf_static:=tf_static -r cmd_vel:=cmd_vel_nav"
2026-09-19T05:31:14Z,30,"topoABC_devref_singleton_r1",32231,"bt_navigator",7.1,78312,48807,"/opt/ros/jazzy/lib/nav2_bt_navigator/bt_navigator --ros-args --log-level info --ros-args -r __node:=bt_navigator -p use_sim_time:=False --params-file /tmp/launch_params_ijw3eq_3 -r /tf:=tf -r /tf_static:=tf_static"
2026-09-19T05:31:14Z,30,"topoABC_devref_singleton_r1",32232,"waypoint_follow",3.5,46888,19298,"/opt/ros/jazzy/lib/nav2_waypoint_follower/waypoint_follower --ros-args --log-level info --ros-args -r __node:=waypoint_follower -p use_sim_time:=False --params-file /tmp/launch_params_ijw3eq_3 -r /tf:=tf -r /tf_static:=tf_static"
2026-09-19T05:31:14Z,30,"topoABC_devref_singleton_r1",32233,"velocity_smooth",3.7,39848,16061,"/opt/ros/jazzy/lib/nav2_velocity_smoother/velocity_smoother --ros-args --log-level info --ros-args -r __node:=velocity_smoother -p use_sim_time:=False --params-file /tmp/launch_params_ijw3eq_3 -r /tf:=tf -r /tf_static:=tf_static -r cmd_vel:=cmd_vel_nav"
2026-09-19T05:31:14Z,30,"topoABC_devref_singleton_r1",32234,"collision_monit",4.1,52044,21509,"/opt/ros/jazzy/lib/nav2_collision_monitor/collision_monitor --ros-args --log-level info --ros-args -r __node:=collision_monitor -p use_sim_time:=False --params-file /tmp/launch_params_ijw3eq_3 -r /tf:=tf -r /tf_static:=tf_static"
2026-09-19T05:31:14Z,30,"topoABC_devref_singleton_r1",32236,"lifecycle_manag",9.2,47372,20918,"/opt/ros/jazzy/lib/nav2_lifecycle_manager/lifecycle_manager --ros-args --log-level info --ros-args -r __node:=lifecycle_manager_navigation -p use_sim_time:=False --params-file /tmp/launch_params_i8sg6xsb --params-file /tmp/launch_params_vpz_2_f0"
2026-09-19T05:31:14Z,30,"topoABC_devref_singleton_r1",32488,"bash",0.0,2440,581,"bash /wt/contributions/compute-benchmark/OsakaTX/scripts/run_nav2_topology_abc.sh --label topoABC_devref --reps 1 --arms composable,hybrid,singleton"
2026-09-19T05:31:14Z,30,"topoABC_devref_singleton_r1",32489,"python3",8.9,85120,54033,"python3 /wt/contributions/compute-benchmark/OsakaTX/scripts/nav_goal_sender.py --x 4.0 --y 4.0 --yaw 0.0 --repeat 0 --pause 1"
2026-09-19T05:31:14Z,30,"topoABC_devref_singleton_r1",32544,"bash",1.2,4480,1038,"bash /wt/contributions/compute-benchmark/xbattlax/scripts/measure_ros_processes.sh --pattern python3|ros2|nav2|component_container|hybrid.*container|nav_goal_sender|amcl|map_server|planner|controller|behavior|bt_nav|smoother|waypoint|route|collision|velocity --duration 110 --interval 2 --label topoABC_devref_singleton_r1 --output /wt/contributions/compute-benchmark/OsakaTX/scripts/../results/topology_abc/topoABC_devref_singleton_r1_20260919T052351Z.csv"
2026-09-19T05:31:14Z,30,"topoABC_devref_singleton_r1",9640,"bash",0.0,3908,945,"bash -c source /opt/ros/jazzy/setup.bash; WT=/wt bash /wt/contributions/compute-benchmark/OsakaTX/scripts/run_nav2_topology_abc.sh --label topoABC_devref --reps 1 --arms composable,hybrid,singleton 2>&1 | grep -E ""^===|bringup gate|goals accepted|WARNING|ERROR|died"" | head -30"
2026-09-19T05:31:14Z,30,"topoABC_devref_singleton_r1",9653,"bash",0.0,4544,1292,"bash /wt/contributions/compute-benchmark/OsakaTX/scripts/run_nav2_topology_abc.sh --label topoABC_devref --reps 1 --arms composable,hybrid,singleton"
2026-09-19T05:31:16Z,31,"topoABC_devref_singleton_r1",107,"python3",0.2,80840,51536,"/usr/bin/python3 -c from ros2cli.daemon.daemonize import main; main() --name ros2-daemon --ros-domain-id 0 --rmw-implementation rmw_fastrtps_cpp"
2026-09-19T05:31:16Z,31,"topoABC_devref_singleton_r1",32203,"python3",5.6,79436,49028,"python3 /wt/contributions/compute-benchmark/OsakaTX/scripts/synthetic_scan_publisher.py --duration 220 --loop-s 40 --hz 5.0"
2026-09-19T05:31:16Z,31,"topoABC_devref_singleton_r1",32219,"ros2",0.5,44188,30883,"/usr/bin/python3 /opt/ros/jazzy/bin/ros2 launch nav2_bringup bringup_launch.py map:=/wt/contributions/compute-benchmark/OsakaTX/scripts/../results/topology_abc/topoABC_nav2_map_r.yaml params_file:=/wt/contributions/compute-benchmark/OsakaTX/scripts/nav2_params_bench.yaml use_sim_time:=False autostart:=True slam:=False use_composition:=False"
2026-09-19T05:31:16Z,31,"topoABC_devref_singleton_r1",32223,"map_server",3.7,50216,23353,"/opt/ros/jazzy/lib/nav2_map_server/map_server --ros-args --log-level info --ros-args -r __node:=map_server -p use_sim_time:=False --params-file /tmp/launch_params_bm7msjj2 --params-file /tmp/launch_params_m__teirg -r /tf:=tf -r /tf_static:=tf_static"
2026-09-19T05:31:16Z,31,"topoABC_devref_singleton_r1",32224,"amcl",6.6,51832,22521,"/opt/ros/jazzy/lib/nav2_amcl/amcl --ros-args --log-level info --ros-args -r __node:=amcl -p use_sim_time:=False --params-file /tmp/launch_params_bm7msjj2 -r /tf:=tf -r /tf_static:=tf_static"
2026-09-19T05:31:16Z,31,"topoABC_devref_singleton_r1",32225,"lifecycle_manag",4.0,43244,16747,"/opt/ros/jazzy/lib/nav2_lifecycle_manager/lifecycle_manager --ros-args --log-level info --ros-args -r __node:=lifecycle_manager_localization -p use_sim_time:=False --params-file /tmp/launch_params_qzpct4_u --params-file /tmp/launch_params_f3b3lnex"
2026-09-19T05:31:16Z,31,"topoABC_devref_singleton_r1",32226,"controller_serv",10.6,70580,38651,"/opt/ros/jazzy/lib/nav2_controller/controller_server --ros-args --log-level info --ros-args -p use_sim_time:=False --params-file /tmp/launch_params_ijw3eq_3 -r /tf:=tf -r /tf_static:=tf_static -r cmd_vel:=cmd_vel_nav"
2026-09-19T05:31:16Z,31,"topoABC_devref_singleton_r1",32227,"smoother_server",4.1,49828,19843,"/opt/ros/jazzy/lib/nav2_smoother/smoother_server --ros-args --log-level info --ros-args -r __node:=smoother_server -p use_sim_time:=False --params-file /tmp/launch_params_ijw3eq_3 -r /tf:=tf -r /tf_static:=tf_static"
2026-09-19T05:31:16Z,31,"topoABC_devref_singleton_r1",32228,"planner_server",4.5,58760,27531,"/opt/ros/jazzy/lib/nav2_planner/planner_server --ros-args --log-level info --ros-args -r __node:=planner_server -p use_sim_time:=False --params-file /tmp/launch_params_ijw3eq_3 -r /tf:=tf -r /tf_static:=tf_static"
2026-09-19T05:31:16Z,31,"topoABC_devref_singleton_r1",32229,"route_server",4.3,53780,22913,"/opt/ros/jazzy/lib/nav2_route/route_server --ros-args --log-level info --ros-args -r __node:=route_server -p use_sim_time:=False --params-file /tmp/launch_params_ijw3eq_3 -r /tf:=tf -r /tf_static:=tf_static"
2026-09-19T05:31:16Z,31,"topoABC_devref_singleton_r1",32230,"behavior_server",4.8,54520,24047,"/opt/ros/jazzy/lib/nav2_behaviors/behavior_server --ros-args --log-level info --ros-args -r __node:=behavior_server -p use_sim_time:=False --params-file /tmp/launch_params_ijw3eq_3 -r /tf:=tf -r /tf_static:=tf_static -r cmd_vel:=cmd_vel_nav"
2026-09-19T05:31:16Z,31,"topoABC_devref_singleton_r1",32231,"bt_navigator",7.1,78312,48808,"/opt/ros/jazzy/lib/nav2_bt_navigator/bt_navigator --ros-args --log-level info --ros-args -r __node:=bt_navigator -p use_sim_time:=False --params-file /tmp/launch_params_ijw3eq_3 -r /tf:=tf -r /tf_static:=tf_static"
2026-09-19T05:31:16Z,31,"topoABC_devref_singleton_r1",32232,"waypoint_follow",3.5,46888,19298,"/opt/ros/jazzy/lib/nav2_waypoint_follower/waypoint_follower --ros-args --log-level info --ros-args -r __node:=waypoint_follower -p use_sim_time:=False --params-file /tmp/launch_params_ijw3eq_3 -r /tf:=tf -r /tf_static:=tf_static"
2026-09-19T05:31:16Z,31,"topoABC_devref_singleton_r1",32233,"velocity_smooth",3.7,39848,16061,"/opt/ros/jazzy/lib/nav2_velocity_smoother/velocity_smoother --ros-args --log-level info --ros-args -r __node:=velocity_smoother -p use_sim_time:=False --params-file /tmp/launch_params_ijw3eq_3 -r /tf:=tf -r /tf_static:=tf_static -r cmd_vel:=cmd_vel_nav"
2026-09-19T05:31:16Z,31,"topoABC_devref_singleton_r1",32234,"collision_monit",4.1,52044,21508,"/opt/ros/jazzy/lib/nav2_collision_monitor/collision_monitor --ros-args --log-level info --ros-args -r __node:=collision_monitor -p use_sim_time:=False --params-file /tmp/launch_params_ijw3eq_3 -r /tf:=tf -r /tf_static:=tf_static"
2026-09-19T05:31:16Z,31,"topoABC_devref_singleton_r1",32236,"lifecycle_manag",9.2,47372,20915,"/opt/ros/jazzy/lib/nav2_lifecycle_manager/lifecycle_manager --ros-args --log-level info --ros-args -r __node:=lifecycle_manager_navigation -p use_sim_time:=False --params-file /tmp/launch_params_i8sg6xsb --params-file /tmp/launch_params_vpz_2_f0"
2026-09-19T05:31:16Z,31,"topoABC_devref_singleton_r1",32488,"bash",0.0,2440,582,"bash /wt/contributions/compute-benchmark/OsakaTX/scripts/run_nav2_topology_abc.sh --label topoABC_devref --reps 1 --arms composable,hybrid,singleton"
2026-09-19T05:31:16Z,31,"topoABC_devref_singleton_r1",32489,"python3",9.0,85120,54031,"python3 /wt/contributions/compute-benchmark/OsakaTX/scripts/nav_goal_sender.py --x 4.0 --y 4.0 --yaw 0.0 --repeat 0 --pause 1"
2026-09-19T05:31:16Z,31,"topoABC_devref_singleton_r1",32544,"bash",1.2,4480,1038,"bash /wt/contributions/compute-benchmark/xbattlax/scripts/measure_ros_processes.sh --pattern python3|ros2|nav2|component_container|hybrid.*container|nav_goal_sender|amcl|map_server|planner|controller|behavior|bt_nav|smoother|waypoint|route|collision|velocity --duration 110 --interval 2 --label topoABC_devref_singleton_r1 --output /wt/contributions/compute-benchmark/OsakaTX/scripts/../results/topology_abc/topoABC_devref_singleton_r1_20260919T052351Z.csv"
2026-09-19T05:31:16Z,31,"topoABC_devref_singleton_r1",9640,"bash",0.0,3908,946,"bash -c source /opt/ros/jazzy/setup.bash; WT=/wt bash /wt/contributions/compute-benchmark/OsakaTX/scripts/run_nav2_topology_abc.sh --label topoABC_devref --reps 1 --arms composable,hybrid,singleton 2>&1 | grep -E ""^===|bringup gate|goals accepted|WARNING|ERROR|died"" | head -30"
2026-09-19T05:31:16Z,31,"topoABC_devref_singleton_r1",9653,"bash",0.0,4544,1291,"bash /wt/contributions/compute-benchmark/OsakaTX/scripts/run_nav2_topology_abc.sh --label topoABC_devref --reps 1 --arms composable,hybrid,singleton"
2026-09-19T05:31:19Z,32,"topoABC_devref_singleton_r1",107,"python3",0.2,80840,51536,"/usr/bin/python3 -c from ros2cli.daemon.daemonize import main; main() --name ros2-daemon --ros-domain-id 0 --rmw-implementation rmw_fastrtps_cpp"
2026-09-19T05:31:19Z,32,"topoABC_devref_singleton_r1",32203,"python3",5.6,79436,49028,"python3 /wt/contributions/compute-benchmark/OsakaTX/scripts/synthetic_scan_publisher.py --duration 220 --loop-s 40 --hz 5.0"
2026-09-19T05:31:19Z,32,"topoABC_devref_singleton_r1",32219,"ros2",0.5,44188,30878,"/usr/bin/python3 /opt/ros/jazzy/bin/ros2 launch nav2_bringup bringup_launch.py map:=/wt/contributions/compute-benchmark/OsakaTX/scripts/../results/topology_abc/topoABC_nav2_map_r.yaml params_file:=/wt/contributions/compute-benchmark/OsakaTX/scripts/nav2_params_bench.yaml use_sim_time:=False autostart:=True slam:=False use_composition:=False"
2026-09-19T05:31:19Z,32,"topoABC_devref_singleton_r1",32223,"map_server",3.7,50216,23353,"/opt/ros/jazzy/lib/nav2_map_server/map_server --ros-args --log-level info --ros-args -r __node:=map_server -p use_sim_time:=False --params-file /tmp/launch_params_bm7msjj2 --params-file /tmp/launch_params_m__teirg -r /tf:=tf -r /tf_static:=tf_static"
2026-09-19T05:31:19Z,32,"topoABC_devref_singleton_r1",32224,"amcl",6.5,51832,22521,"/opt/ros/jazzy/lib/nav2_amcl/amcl --ros-args --log-level info --ros-args -r __node:=amcl -p use_sim_time:=False --params-file /tmp/launch_params_bm7msjj2 -r /tf:=tf -r /tf_static:=tf_static"
2026-09-19T05:31:19Z,32,"topoABC_devref_singleton_r1",32225,"lifecycle_manag",4.0,43244,16747,"/opt/ros/jazzy/lib/nav2_lifecycle_manager/lifecycle_manager --ros-args --log-level info --ros-args -r __node:=lifecycle_manager_localization -p use_sim_time:=False --params-file /tmp/launch_params_qzpct4_u --params-file /tmp/launch_params_f3b3lnex"
2026-09-19T05:31:19Z,32,"topoABC_devref_singleton_r1",32226,"controller_serv",10.4,70580,38651,"/opt/ros/jazzy/lib/nav2_controller/controller_server --ros-args --log-level info --ros-args -p use_sim_time:=False --params-file /tmp/launch_params_ijw3eq_3 -r /tf:=tf -r /tf_static:=tf_static -r cmd_vel:=cmd_vel_nav"
2026-09-19T05:31:19Z,32,"topoABC_devref_singleton_r1",32227,"smoother_server",4.1,49828,19842,"/opt/ros/jazzy/lib/nav2_smoother/smoother_server --ros-args --log-level info --ros-args -r __node:=smoother_server -p use_sim_time:=False --params-file /tmp/launch_params_ijw3eq_3 -r /tf:=tf -r /tf_static:=tf_static"
2026-09-19T05:31:19Z,32,"topoABC_devref_singleton_r1",32228,"planner_server",4.5,58760,27531,"/opt/ros/jazzy/lib/nav2_planner/planner_server --ros-args --log-level info --ros-args -r __node:=planner_server -p use_sim_time:=False --params-file /tmp/launch_params_ijw3eq_3 -r /tf:=tf -r /tf_static:=tf_static"
2026-09-19T05:31:19Z,32,"topoABC_devref_singleton_r1",32229,"route_server",4.3,53780,22913,"/opt/ros/jazzy/lib/nav2_route/route_server --ros-args --log-level info --ros-args -r __node:=route_server -p use_sim_time:=False --params-file /tmp/launch_params_ijw3eq_3 -r /tf:=tf -r /tf_static:=tf_static"
2026-09-19T05:31:19Z,32,"topoABC_devref_singleton_r1",32230,"behavior_server",4.7,54512,24039,"/opt/ros/jazzy/lib/nav2_behaviors/behavior_server --ros-args --log-level info --ros-args -r __node:=behavior_server -p use_sim_time:=False --params-file /tmp/launch_params_ijw3eq_3 -r /tf:=tf -r /tf_static:=tf_static -r cmd_vel:=cmd_vel_nav"
2026-09-19T05:31:19Z,32,"topoABC_devref_singleton_r1",32231,"bt_navigator",7.1,78312,48808,"/opt/ros/jazzy/lib/nav2_bt_navigator/bt_navigator --ros-args --log-level info --ros-args -r __node:=bt_navigator -p use_sim_time:=False --params-file /tmp/launch_params_ijw3eq_3 -r /tf:=tf -r /tf_static:=tf_static"
2026-09-19T05:31:19Z,32,"topoABC_devref_singleton_r1",32232,"waypoint_follow",3.5,46888,19298,"/opt/ros/jazzy/lib/nav2_waypoint_follower/waypoint_follower --ros-args --log-level info --ros-args -r __node:=waypoint_follower -p use_sim_time:=False --params-file /tmp/launch_params_ijw3eq_3 -r /tf:=tf -r /tf_static:=tf_static"
2026-09-19T05:31:19Z,32,"topoABC_devref_singleton_r1",32233,"velocity_smooth",3.7,39848,16061,"/opt/ros/jazzy/lib/nav2_velocity_smoother/velocity_smoother --ros-args --log-level info --ros-args -r __node:=velocity_smoother -p use_sim_time:=False --params-file /tmp/launch_params_ijw3eq_3 -r /tf:=tf -r /tf_static:=tf_static -r cmd_vel:=cmd_vel_nav"
2026-09-19T05:31:19Z,32,"topoABC_devref_singleton_r1",32234,"collision_monit",4.1,52044,21509,"/opt/ros/jazzy/lib/nav2_collision_monitor/collision_monitor --ros-args --log-level info --ros-args -r __node:=collision_monitor -p use_sim_time:=False --params-file /tmp/launch_params_ijw3eq_3 -r /tf:=tf -r /tf_static:=tf_static"
2026-09-19T05:31:19Z,32,"topoABC_devref_singleton_r1",32236,"lifecycle_manag",9.2,47372,20918,"/opt/ros/jazzy/lib/nav2_lifecycle_manager/lifecycle_manager --ros-args --log-level info --ros-args -r __node:=lifecycle_manager_navigation -p use_sim_time:=False --params-file /tmp/launch_params_i8sg6xsb --params-file /tmp/launch_params_vpz_2_f0"
2026-09-19T05:31:19Z,32,"topoABC_devref_singleton_r1",32488,"bash",0.0,2440,582,"bash /wt/contributions/compute-benchmark/OsakaTX/scripts/run_nav2_topology_abc.sh --label topoABC_devref --reps 1 --arms composable,hybrid,singleton"
2026-09-19T05:31:19Z,32,"topoABC_devref_singleton_r1",32489,"python3",9.0,85120,54033,"python3 /wt/contributions/compute-benchmark/OsakaTX/scripts/nav_goal_sender.py --x 4.0 --y 4.0 --yaw 0.0 --repeat 0 --pause 1"
2026-09-19T05:31:19Z,32,"topoABC_devref_singleton_r1",32544,"bash",1.2,4480,1037,"bash /wt/contributions/compute-benchmark/xbattlax/scripts/measure_ros_processes.sh --pattern python3|ros2|nav2|component_container|hybrid.*container|nav_goal_sender|amcl|map_server|planner|controller|behavior|bt_nav|smoother|waypoint|route|collision|velocity --duration 110 --interval 2 --label topoABC_devref_singleton_r1 --output /wt/contributions/compute-benchmark/OsakaTX/scripts/../results/topology_abc/topoABC_devref_singleton_r1_20260919T052351Z.csv"
2026-09-19T05:31:19Z,32,"topoABC_devref_singleton_r1",9640,"bash",0.0,3908,946,"bash -c source /opt/ros/jazzy/setup.bash; WT=/wt bash /wt/contributions/compute-benchmark/OsakaTX/scripts/run_nav2_topology_abc.sh --label topoABC_devref --reps 1 --arms composable,hybrid,singleton 2>&1 | grep -E ""^===|bringup gate|goals accepted|WARNING|ERROR|died"" | head -30"
2026-09-19T05:31:19Z,32,"topoABC_devref_singleton_r1",9653,"bash",0.0,4544,1291,"bash /wt/contributions/compute-benchmark/OsakaTX/scripts/run_nav2_topology_abc.sh --label topoABC_devref --reps 1 --arms composable,hybrid,singleton"
2026-09-19T05:31:21Z,33,"topoABC_devref_singleton_r1",107,"python3",0.2,80840,51535,"/usr/bin/python3 -c from ros2cli.daemon.daemonize import main; main() --name ros2-daemon --ros-domain-id 0 --rmw-implementation rmw_fastrtps_cpp"
2026-09-19T05:31:21Z,33,"topoABC_devref_singleton_r1",32203,"python3",5.6,79436,49026,"python3 /wt/contributions/compute-benchmark/OsakaTX/scripts/synthetic_scan_publisher.py --duration 220 --loop-s 40 --hz 5.0"
2026-09-19T05:31:21Z,33,"topoABC_devref_singleton_r1",32219,"ros2",0.5,44188,30885,"/usr/bin/python3 /opt/ros/jazzy/bin/ros2 launch nav2_bringup bringup_launch.py map:=/wt/contributions/compute-benchmark/OsakaTX/scripts/../results/topology_abc/topoABC_nav2_map_r.yaml params_file:=/wt/contributions/compute-benchmark/OsakaTX/scripts/nav2_params_bench.yaml use_sim_time:=False autostart:=True slam:=False use_composition:=False"
2026-09-19T05:31:21Z,33,"topoABC_devref_singleton_r1",32223,"map_server",3.7,50216,23352,"/opt/ros/jazzy/lib/nav2_map_server/map_server --ros-args --log-level info --ros-args -r __node:=map_server -p use_sim_time:=False --params-file /tmp/launch_params_bm7msjj2 --params-file /tmp/launch_params_m__teirg -r /tf:=tf -r /tf_static:=tf_static"
2026-09-19T05:31:21Z,33,"topoABC_devref_singleton_r1",32224,"amcl",6.5,51832,22521,"/opt/ros/jazzy/lib/nav2_amcl/amcl --ros-args --log-level info --ros-args -r __node:=amcl -p use_sim_time:=False --params-file /tmp/launch_params_bm7msjj2 -r /tf:=tf -r /tf_static:=tf_static"
2026-09-19T05:31:21Z,33,"topoABC_devref_singleton_r1",32225,"lifecycle_manag",4.0,43244,16746,"/opt/ros/jazzy/lib/nav2_lifecycle_manager/lifecycle_manager --ros-args --log-level info --ros-args -r __node:=lifecycle_manager_localization -p use_sim_time:=False --params-file /tmp/launch_params_qzpct4_u --params-file /tmp/launch_params_f3b3lnex"
2026-09-19T05:31:21Z,33,"topoABC_devref_singleton_r1",32226,"controller_serv",10.6,70716,39099,"/opt/ros/jazzy/lib/nav2_controller/controller_server --ros-args --log-level info --ros-args -p use_sim_time:=False --params-file /tmp/launch_params_ijw3eq_3 -r /tf:=tf -r /tf_static:=tf_static -r cmd_vel:=cmd_vel_nav"
2026-09-19T05:31:21Z,33,"topoABC_devref_singleton_r1",32227,"smoother_server",4.1,49828,19843,"/opt/ros/jazzy/lib/nav2_smoother/smoother_server --ros-args --log-level info --ros-args -r __node:=smoother_server -p use_sim_time:=False --params-file /tmp/launch_params_ijw3eq_3 -r /tf:=tf -r /tf_static:=tf_static"
2026-09-19T05:31:21Z,33,"topoABC_devref_singleton_r1",32228,"planner_server",4.5,58760,27531,"/opt/ros/jazzy/lib/nav2_planner/planner_server --ros-args --log-level info --ros-args -r __node:=planner_server -p use_sim_time:=False --params-file /tmp/launch_params_ijw3eq_3 -r /tf:=tf -r /tf_static:=tf_static"
2026-09-19T05:31:21Z,33,"topoABC_devref_singleton_r1",32229,"route_server",4.3,53780,22913,"/opt/ros/jazzy/lib/nav2_route/route_server --ros-args --log-level info --ros-args -r __node:=route_server -p use_sim_time:=False --params-file /tmp/launch_params_ijw3eq_3 -r /tf:=tf -r /tf_static:=tf_static"
2026-09-19T05:31:21Z,33,"topoABC_devref_singleton_r1",32230,"behavior_server",4.8,54512,24039,"/opt/ros/jazzy/lib/nav2_behaviors/behavior_server --ros-args --log-level info --ros-args -r __node:=behavior_server -p use_sim_time:=False --params-file /tmp/launch_params_ijw3eq_3 -r /tf:=tf -r /tf_static:=tf_static -r cmd_vel:=cmd_vel_nav"
2026-09-19T05:31:21Z,33,"topoABC_devref_singleton_r1",32231,"bt_navigator",7.2,78356,48848,"/opt/ros/jazzy/lib/nav2_bt_navigator/bt_navigator --ros-args --log-level info --ros-args -r __node:=bt_navigator -p use_sim_time:=False --params-file /tmp/launch_params_ijw3eq_3 -r /tf:=tf -r /tf_static:=tf_static"
2026-09-19T05:31:21Z,33,"topoABC_devref_singleton_r1",32232,"waypoint_follow",3.5,46888,19297,"/opt/ros/jazzy/lib/nav2_waypoint_follower/waypoint_follower --ros-args --log-level info --ros-args -r __node:=waypoint_follower -p use_sim_time:=False --params-file /tmp/launch_params_ijw3eq_3 -r /tf:=tf -r /tf_static:=tf_static"
2026-09-19T05:31:21Z,33,"topoABC_devref_singleton_r1",32233,"velocity_smooth",3.7,39848,16061,"/opt/ros/jazzy/lib/nav2_velocity_smoother/velocity_smoother --ros-args --log-level info --ros-args -r __node:=velocity_smoother -p use_sim_time:=False --params-file /tmp/launch_params_ijw3eq_3 -r /tf:=tf -r /tf_static:=tf_static -r cmd_vel:=cmd_vel_nav"
2026-09-19T05:31:21Z,33,"topoABC_devref_singleton_r1",32234,"collision_monit",4.1,52044,21509,"/opt/ros/jazzy/lib/nav2_collision_monitor/collision_monitor --ros-args --log-level info --ros-args -r __node:=collision_monitor -p use_sim_time:=False --params-file /tmp/launch_params_ijw3eq_3 -r /tf:=tf -r /tf_static:=tf_static"
2026-09-19T05:31:21Z,33,"topoABC_devref_singleton_r1",32236,"lifecycle_manag",9.2,47372,20918,"/opt/ros/jazzy/lib/nav2_lifecycle_manager/lifecycle_manager --ros-args --log-level info --ros-args -r __node:=lifecycle_manager_navigation -p use_sim_time:=False --params-file /tmp/launch_params_i8sg6xsb --params-file /tmp/launch_params_vpz_2_f0"
2026-09-19T05:31:21Z,33,"topoABC_devref_singleton_r1",32488,"bash",0.0,2440,581,"bash /wt/contributions/compute-benchmark/OsakaTX/scripts/run_nav2_topology_abc.sh --label topoABC_devref --reps 1 --arms composable,hybrid,singleton"
2026-09-19T05:31:21Z,33,"topoABC_devref_singleton_r1",32489,"python3",9.1,85120,54029,"python3 /wt/contributions/compute-benchmark/OsakaTX/scripts/nav_goal_sender.py --x 4.0 --y 4.0 --yaw 0.0 --repeat 0 --pause 1"
2026-09-19T05:31:21Z,33,"topoABC_devref_singleton_r1",32544,"bash",1.2,4480,1033,"bash /wt/contributions/compute-benchmark/xbattlax/scripts/measure_ros_processes.sh --pattern python3|ros2|nav2|component_container|hybrid.*container|nav_goal_sender|amcl|map_server|planner|controller|behavior|bt_nav|smoother|waypoint|route|collision|velocity --duration 110 --interval 2 --label topoABC_devref_singleton_r1 --output /wt/contributions/compute-benchmark/OsakaTX/scripts/../results/topology_abc/topoABC_devref_singleton_r1_20260919T052351Z.csv"
2026-09-19T05:31:21Z,33,"topoABC_devref_singleton_r1",9640,"bash",0.0,3908,946,"bash -c source /opt/ros/jazzy/setup.bash; WT=/wt bash /wt/contributions/compute-benchmark/OsakaTX/scripts/run_nav2_topology_abc.sh --label topoABC_devref --reps 1 --arms composable,hybrid,singleton 2>&1 | grep -E ""^===|bringup gate|goals accepted|WARNING|ERROR|died"" | head -30"
2026-09-19T05:31:21Z,33,"topoABC_devref_singleton_r1",9653,"bash",0.0,4544,1292,"bash /wt/contributions/compute-benchmark/OsakaTX/scripts/run_nav2_topology_abc.sh --label topoABC_devref --reps 1 --arms composable,hybrid,singleton"
2026-09-19T05:31:24Z,34,"topoABC_devref_singleton_r1",107,"python3",0.2,80840,51536,"/usr/bin/python3 -c from ros2cli.daemon.daemonize import main; main() --name ros2-daemon --ros-domain-id 0 --rmw-implementation rmw_fastrtps_cpp"
2026-09-19T05:31:24Z,34,"topoABC_devref_singleton_r1",32203,"python3",5.6,79436,49028,"python3 /wt/contributions/compute-benchmark/OsakaTX/scripts/synthetic_scan_publisher.py --duration 220 --loop-s 40 --hz 5.0"
2026-09-19T05:31:24Z,34,"topoABC_devref_singleton_r1",32219,"ros2",0.5,44188,30879,"/usr/bin/python3 /opt/ros/jazzy/bin/ros2 launch nav2_bringup bringup_launch.py map:=/wt/contributions/compute-benchmark/OsakaTX/scripts/../results/topology_abc/topoABC_nav2_map_r.yaml params_file:=/wt/contributions/compute-benchmark/OsakaTX/scripts/nav2_params_bench.yaml use_sim_time:=False autostart:=True slam:=False use_composition:=False"
2026-09-19T05:31:24Z,34,"topoABC_devref_singleton_r1",32223,"map_server",3.6,50216,23353,"/opt/ros/jazzy/lib/nav2_map_server/map_server --ros-args --log-level info --ros-args -r __node:=map_server -p use_sim_time:=False --params-file /tmp/launch_params_bm7msjj2 --params-file /tmp/launch_params_m__teirg -r /tf:=tf -r /tf_static:=tf_static"
2026-09-19T05:31:24Z,34,"topoABC_devref_singleton_r1",32224,"amcl",6.5,51832,22521,"/opt/ros/jazzy/lib/nav2_amcl/amcl --ros-args --log-level info --ros-args -r __node:=amcl -p use_sim_time:=False --params-file /tmp/launch_params_bm7msjj2 -r /tf:=tf -r /tf_static:=tf_static"
2026-09-19T05:31:24Z,34,"topoABC_devref_singleton_r1",32225,"lifecycle_manag",4.0,43244,16746,"/opt/ros/jazzy/lib/nav2_lifecycle_manager/lifecycle_manager --ros-args --log-level info --ros-args -r __node:=lifecycle_manager_localization -p use_sim_time:=False --params-file /tmp/launch_params_qzpct4_u --params-file /tmp/launch_params_f3b3lnex"
2026-09-19T05:31:24Z,34,"topoABC_devref_singleton_r1",32226,"controller_serv",10.9,70716,38788,"/opt/ros/jazzy/lib/nav2_controller/controller_server --ros-args --log-level info --ros-args -p use_sim_time:=False --params-file /tmp/launch_params_ijw3eq_3 -r /tf:=tf -r /tf_static:=tf_static -r cmd_vel:=cmd_vel_nav"
2026-09-19T05:31:24Z,34,"topoABC_devref_singleton_r1",32227,"smoother_server",4.1,49828,19843,"/opt/ros/jazzy/lib/nav2_smoother/smoother_server --ros-args --log-level info --ros-args -r __node:=smoother_server -p use_sim_time:=False --params-file /tmp/launch_params_ijw3eq_3 -r /tf:=tf -r /tf_static:=tf_static"
2026-09-19T05:31:24Z,34,"topoABC_devref_singleton_r1",32228,"planner_server",4.5,58760,27529,"/opt/ros/jazzy/lib/nav2_planner/planner_server --ros-args --log-level info --ros-args -r __node:=planner_server -p use_sim_time:=False --params-file /tmp/launch_params_ijw3eq_3 -r /tf:=tf -r /tf_static:=tf_static"
2026-09-19T05:31:24Z,34,"topoABC_devref_singleton_r1",32229,"route_server",4.2,53780,22913,"/opt/ros/jazzy/lib/nav2_route/route_server --ros-args --log-level info --ros-args -r __node:=route_server -p use_sim_time:=False --params-file /tmp/launch_params_ijw3eq_3 -r /tf:=tf -r /tf_static:=tf_static"
2026-09-19T05:31:24Z,34,"topoABC_devref_singleton_r1",32230,"behavior_server",4.7,54512,24039,"/opt/ros/jazzy/lib/nav2_behaviors/behavior_server --ros-args --log-level info --ros-args -r __node:=behavior_server -p use_sim_time:=False --params-file /tmp/launch_params_ijw3eq_3 -r /tf:=tf -r /tf_static:=tf_static -r cmd_vel:=cmd_vel_nav"
2026-09-19T05:31:24Z,34,"topoABC_devref_singleton_r1",32231,"bt_navigator",7.2,78356,48852,"/opt/ros/jazzy/lib/nav2_bt_navigator/bt_navigator --ros-args --log-level info --ros-args -r __node:=bt_navigator -p use_sim_time:=False --params-file /tmp/launch_params_ijw3eq_3 -r /tf:=tf -r /tf_static:=tf_static"
2026-09-19T05:31:24Z,34,"topoABC_devref_singleton_r1",32232,"waypoint_follow",3.5,46888,19298,"/opt/ros/jazzy/lib/nav2_waypoint_follower/waypoint_follower --ros-args --log-level info --ros-args -r __node:=waypoint_follower -p use_sim_time:=False --params-file /tmp/launch_params_ijw3eq_3 -r /tf:=tf -r /tf_static:=tf_static"
2026-09-19T05:31:24Z,34,"topoABC_devref_singleton_r1",32233,"velocity_smooth",3.7,39848,16061,"/opt/ros/jazzy/lib/nav2_velocity_smoother/velocity_smoother --ros-args --log-level info --ros-args -r __node:=velocity_smoother -p use_sim_time:=False --params-file /tmp/launch_params_ijw3eq_3 -r /tf:=tf -r /tf_static:=tf_static -r cmd_vel:=cmd_vel_nav"
2026-09-19T05:31:24Z,34,"topoABC_devref_singleton_r1",32234,"collision_monit",4.1,52044,21509,"/opt/ros/jazzy/lib/nav2_collision_monitor/collision_monitor --ros-args --log-level info --ros-args -r __node:=collision_monitor -p use_sim_time:=False --params-file /tmp/launch_params_ijw3eq_3 -r /tf:=tf -r /tf_static:=tf_static"
2026-09-19T05:31:24Z,34,"topoABC_devref_singleton_r1",32236,"lifecycle_manag",9.2,47372,20918,"/opt/ros/jazzy/lib/nav2_lifecycle_manager/lifecycle_manager --ros-args --log-level info --ros-args -r __node:=lifecycle_manager_navigation -p use_sim_time:=False --params-file /tmp/launch_params_i8sg6xsb --params-file /tmp/launch_params_vpz_2_f0"
2026-09-19T05:31:24Z,34,"topoABC_devref_singleton_r1",32488,"bash",0.0,2440,582,"bash /wt/contributions/compute-benchmark/OsakaTX/scripts/run_nav2_topology_abc.sh --label topoABC_devref --reps 1 --arms composable,hybrid,singleton"
2026-09-19T05:31:24Z,34,"topoABC_devref_singleton_r1",32489,"python3",9.1,85120,54033,"python3 /wt/contributions/compute-benchmark/OsakaTX/scripts/nav_goal_sender.py --x 4.0 --y 4.0 --yaw 0.0 --repeat 0 --pause 1"
2026-09-19T05:31:24Z,34,"topoABC_devref_singleton_r1",32544,"bash",1.2,4480,1038,"bash /wt/contributions/compute-benchmark/xbattlax/scripts/measure_ros_processes.sh --pattern python3|ros2|nav2|component_container|hybrid.*container|nav_goal_sender|amcl|map_server|planner|controller|behavior|bt_nav|smoother|waypoint|route|collision|velocity --duration 110 --interval 2 --label topoABC_devref_singleton_r1 --output /wt/contributions/compute-benchmark/OsakaTX/scripts/../results/topology_abc/topoABC_devref_singleton_r1_20260919T052351Z.csv"
2026-09-19T05:31:24Z,34,"topoABC_devref_singleton_r1",9640,"bash",0.0,3908,946,"bash -c source /opt/ros/jazzy/setup.bash; WT=/wt bash /wt/contributions/compute-benchmark/OsakaTX/scripts/run_nav2_topology_abc.sh --label topoABC_devref --reps 1 --arms composable,hybrid,singleton 2>&1 | grep -E ""^===|bringup gate|goals accepted|WARNING|ERROR|died"" | head -30"
2026-09-19T05:31:24Z,34,"topoABC_devref_singleton_r1",9653,"bash",0.0,4544,1290,"bash /wt/contributions/compute-benchmark/OsakaTX/scripts/run_nav2_topology_abc.sh --label topoABC_devref --reps 1 --arms composable,hybrid,singleton"
2026-09-19T05:31:26Z,35,"topoABC_devref_singleton_r1",107,"python3",0.2,80840,51532,"/usr/bin/python3 -c from ros2cli.daemon.daemonize import main; main() --name ros2-daemon --ros-domain-id 0 --rmw-implementation rmw_fastrtps_cpp"
2026-09-19T05:31:26Z,35,"topoABC_devref_singleton_r1",32203,"python3",5.6,79440,49032,"python3 /wt/contributions/compute-benchmark/OsakaTX/scripts/synthetic_scan_publisher.py --duration 220 --loop-s 40 --hz 5.0"
2026-09-19T05:31:26Z,35,"topoABC_devref_singleton_r1",32219,"ros2",0.5,44188,30885,"/usr/bin/python3 /opt/ros/jazzy/bin/ros2 launch nav2_bringup bringup_launch.py map:=/wt/contributions/compute-benchmark/OsakaTX/scripts/../results/topology_abc/topoABC_nav2_map_r.yaml params_file:=/wt/contributions/compute-benchmark/OsakaTX/scripts/nav2_params_bench.yaml use_sim_time:=False autostart:=True slam:=False use_composition:=False"
2026-09-19T05:31:26Z,35,"topoABC_devref_singleton_r1",32223,"map_server",3.6,50216,23354,"/opt/ros/jazzy/lib/nav2_map_server/map_server --ros-args --log-level info --ros-args -r __node:=map_server -p use_sim_time:=False --params-file /tmp/launch_params_bm7msjj2 --params-file /tmp/launch_params_m__teirg -r /tf:=tf -r /tf_static:=tf_static"
2026-09-19T05:31:26Z,35,"topoABC_devref_singleton_r1",32224,"amcl",6.5,51832,22520,"/opt/ros/jazzy/lib/nav2_amcl/amcl --ros-args --log-level info --ros-args -r __node:=amcl -p use_sim_time:=False --params-file /tmp/launch_params_bm7msjj2 -r /tf:=tf -r /tf_static:=tf_static"
2026-09-19T05:31:26Z,35,"topoABC_devref_singleton_r1",32225,"lifecycle_manag",4.0,43244,16747,"/opt/ros/jazzy/lib/nav2_lifecycle_manager/lifecycle_manager --ros-args --log-level info --ros-args -r __node:=lifecycle_manager_localization -p use_sim_time:=False --params-file /tmp/launch_params_qzpct4_u --params-file /tmp/launch_params_f3b3lnex"
2026-09-19T05:31:26Z,35,"topoABC_devref_singleton_r1",32226,"controller_serv",11.2,70716,38788,"/opt/ros/jazzy/lib/nav2_controller/controller_server --ros-args --log-level info --ros-args -p use_sim_time:=False --params-file /tmp/launch_params_ijw3eq_3 -r /tf:=tf -r /tf_static:=tf_static -r cmd_vel:=cmd_vel_nav"
2026-09-19T05:31:26Z,35,"topoABC_devref_singleton_r1",32227,"smoother_server",4.1,49828,19843,"/opt/ros/jazzy/lib/nav2_smoother/smoother_server --ros-args --log-level info --ros-args -r __node:=smoother_server -p use_sim_time:=False --params-file /tmp/launch_params_ijw3eq_3 -r /tf:=tf -r /tf_static:=tf_static"
2026-09-19T05:31:26Z,35,"topoABC_devref_singleton_r1",32228,"planner_server",4.5,58760,27531,"/opt/ros/jazzy/lib/nav2_planner/planner_server --ros-args --log-level info --ros-args -r __node:=planner_server -p use_sim_time:=False --params-file /tmp/launch_params_ijw3eq_3 -r /tf:=tf -r /tf_static:=tf_static"
2026-09-19T05:31:26Z,35,"topoABC_devref_singleton_r1",32229,"route_server",4.2,53780,22913,"/opt/ros/jazzy/lib/nav2_route/route_server --ros-args --log-level info --ros-args -r __node:=route_server -p use_sim_time:=False --params-file /tmp/launch_params_ijw3eq_3 -r /tf:=tf -r /tf_static:=tf_static"
2026-09-19T05:31:26Z,35,"topoABC_devref_singleton_r1",32230,"behavior_server",4.7,54512,24039,"/opt/ros/jazzy/lib/nav2_behaviors/behavior_server --ros-args --log-level info --ros-args -r __node:=behavior_server -p use_sim_time:=False --params-file /tmp/launch_params_ijw3eq_3 -r /tf:=tf -r /tf_static:=tf_static -r cmd_vel:=cmd_vel_nav"
2026-09-19T05:31:26Z,35,"topoABC_devref_singleton_r1",32231,"bt_navigator",7.2,78356,48852,"/opt/ros/jazzy/lib/nav2_bt_navigator/bt_navigator --ros-args --log-level info --ros-args -r __node:=bt_navigator -p use_sim_time:=False --params-file /tmp/launch_params_ijw3eq_3 -r /tf:=tf -r /tf_static:=tf_static"
2026-09-19T05:31:26Z,35,"topoABC_devref_singleton_r1",32232,"waypoint_follow",3.5,46888,19298,"/opt/ros/jazzy/lib/nav2_waypoint_follower/waypoint_follower --ros-args --log-level info --ros-args -r __node:=waypoint_follower -p use_sim_time:=False --params-file /tmp/launch_params_ijw3eq_3 -r /tf:=tf -r /tf_static:=tf_static"
2026-09-19T05:31:26Z,35,"topoABC_devref_singleton_r1",32233,"velocity_smooth",3.7,39848,16062,"/opt/ros/jazzy/lib/nav2_velocity_smoother/velocity_smoother --ros-args --log-level info --ros-args -r __node:=velocity_smoother -p use_sim_time:=False --params-file /tmp/launch_params_ijw3eq_3 -r /tf:=tf -r /tf_static:=tf_static -r cmd_vel:=cmd_vel_nav"
2026-09-19T05:31:26Z,35,"topoABC_devref_singleton_r1",32234,"collision_monit",4.1,52044,21509,"/opt/ros/jazzy/lib/nav2_collision_monitor/collision_monitor --ros-args --log-level info --ros-args -r __node:=collision_monitor -p use_sim_time:=False --params-file /tmp/launch_params_ijw3eq_3 -r /tf:=tf -r /tf_static:=tf_static"
2026-09-19T05:31:26Z,35,"topoABC_devref_singleton_r1",32236,"lifecycle_manag",9.2,47372,20918,"/opt/ros/jazzy/lib/nav2_lifecycle_manager/lifecycle_manager --ros-args --log-level info --ros-args -r __node:=lifecycle_manager_navigation -p use_sim_time:=False --params-file /tmp/launch_params_i8sg6xsb --params-file /tmp/launch_params_vpz_2_f0"
2026-09-19T05:31:26Z,35,"topoABC_devref_singleton_r1",32488,"bash",0.0,2440,582,"bash /wt/contributions/compute-benchmark/OsakaTX/scripts/run_nav2_topology_abc.sh --label topoABC_devref --reps 1 --arms composable,hybrid,singleton"
2026-09-19T05:31:26Z,35,"topoABC_devref_singleton_r1",32489,"python3",9.2,85120,54030,"python3 /wt/contributions/compute-benchmark/OsakaTX/scripts/nav_goal_sender.py --x 4.0 --y 4.0 --yaw 0.0 --repeat 0 --pause 1"
2026-09-19T05:31:26Z,35,"topoABC_devref_singleton_r1",32544,"bash",1.2,4480,1038,"bash /wt/contributions/compute-benchmark/xbattlax/scripts/measure_ros_processes.sh --pattern python3|ros2|nav2|component_container|hybrid.*container|nav_goal_sender|amcl|map_server|planner|controller|behavior|bt_nav|smoother|waypoint|route|collision|velocity --duration 110 --interval 2 --label topoABC_devref_singleton_r1 --output /wt/contributions/compute-benchmark/OsakaTX/scripts/../results/topology_abc/topoABC_devref_singleton_r1_20260919T052351Z.csv"
2026-09-19T05:31:26Z,35,"topoABC_devref_singleton_r1",9640,"bash",0.0,3908,945,"bash -c source /opt/ros/jazzy/setup.bash; WT=/wt bash /wt/contributions/compute-benchmark/OsakaTX/scripts/run_nav2_topology_abc.sh --label topoABC_devref --reps 1 --arms composable,hybrid,singleton 2>&1 | grep -E ""^===|bringup gate|goals accepted|WARNING|ERROR|died"" | head -30"
2026-09-19T05:31:26Z,35,"topoABC_devref_singleton_r1",9653,"bash",0.0,4544,1291,"bash /wt/contributions/compute-benchmark/OsakaTX/scripts/run_nav2_topology_abc.sh --label topoABC_devref --reps 1 --arms composable,hybrid,singleton"
2026-09-19T05:31:29Z,36,"topoABC_devref_singleton_r1",107,"python3",0.2,80840,51531,"/usr/bin/python3 -c from ros2cli.daemon.daemonize import main; main() --name ros2-daemon --ros-domain-id 0 --rmw-implementation rmw_fastrtps_cpp"
2026-09-19T05:31:29Z,36,"topoABC_devref_singleton_r1",32203,"python3",5.6,79440,49032,"python3 /wt/contributions/compute-benchmark/OsakaTX/scripts/synthetic_scan_publisher.py --duration 220 --loop-s 40 --hz 5.0"
2026-09-19T05:31:29Z,36,"topoABC_devref_singleton_r1",32219,"ros2",0.5,44188,30879,"/usr/bin/python3 /opt/ros/jazzy/bin/ros2 launch nav2_bringup bringup_launch.py map:=/wt/contributions/compute-benchmark/OsakaTX/scripts/../results/topology_abc/topoABC_nav2_map_r.yaml params_file:=/wt/contributions/compute-benchmark/OsakaTX/scripts/nav2_params_bench.yaml use_sim_time:=False autostart:=True slam:=False use_composition:=False"
2026-09-19T05:31:29Z,36,"topoABC_devref_singleton_r1",32223,"map_server",3.6,50216,23353,"/opt/ros/jazzy/lib/nav2_map_server/map_server --ros-args --log-level info --ros-args -r __node:=map_server -p use_sim_time:=False --params-file /tmp/launch_params_bm7msjj2 --params-file /tmp/launch_params_m__teirg -r /tf:=tf -r /tf_static:=tf_static"
2026-09-19T05:31:29Z,36,"topoABC_devref_singleton_r1",32224,"amcl",6.5,51832,22520,"/opt/ros/jazzy/lib/nav2_amcl/amcl --ros-args --log-level info --ros-args -r __node:=amcl -p use_sim_time:=False --params-file /tmp/launch_params_bm7msjj2 -r /tf:=tf -r /tf_static:=tf_static"
2026-09-19T05:31:29Z,36,"topoABC_devref_singleton_r1",32225,"lifecycle_manag",4.0,43244,16747,"/opt/ros/jazzy/lib/nav2_lifecycle_manager/lifecycle_manager --ros-args --log-level info --ros-args -r __node:=lifecycle_manager_localization -p use_sim_time:=False --params-file /tmp/launch_params_qzpct4_u --params-file /tmp/launch_params_f3b3lnex"
2026-09-19T05:31:29Z,36,"topoABC_devref_singleton_r1",32226,"controller_serv",11.4,70716,38788,"/opt/ros/jazzy/lib/nav2_controller/controller_server --ros-args --log-level info --ros-args -p use_sim_time:=False --params-file /tmp/launch_params_ijw3eq_3 -r /tf:=tf -r /tf_static:=tf_static -r cmd_vel:=cmd_vel_nav"
2026-09-19T05:31:29Z,36,"topoABC_devref_singleton_r1",32227,"smoother_server",4.1,49828,19843,"/opt/ros/jazzy/lib/nav2_smoother/smoother_server --ros-args --log-level info --ros-args -r __node:=smoother_server -p use_sim_time:=False --params-file /tmp/launch_params_ijw3eq_3 -r /tf:=tf -r /tf_static:=tf_static"
2026-09-19T05:31:29Z,36,"topoABC_devref_singleton_r1",32228,"planner_server",4.5,58760,27531,"/opt/ros/jazzy/lib/nav2_planner/planner_server --ros-args --log-level info --ros-args -r __node:=planner_server -p use_sim_time:=False --params-file /tmp/launch_params_ijw3eq_3 -r /tf:=tf -r /tf_static:=tf_static"
2026-09-19T05:31:29Z,36,"topoABC_devref_singleton_r1",32229,"route_server",4.2,53780,22913,"/opt/ros/jazzy/lib/nav2_route/route_server --ros-args --log-level info --ros-args -r __node:=route_server -p use_sim_time:=False --params-file /tmp/launch_params_ijw3eq_3 -r /tf:=tf -r /tf_static:=tf_static"
2026-09-19T05:31:29Z,36,"topoABC_devref_singleton_r1",32230,"behavior_server",4.7,54512,24039,"/opt/ros/jazzy/lib/nav2_behaviors/behavior_server --ros-args --log-level info --ros-args -r __node:=behavior_server -p use_sim_time:=False --params-file /tmp/launch_params_ijw3eq_3 -r /tf:=tf -r /tf_static:=tf_static -r cmd_vel:=cmd_vel_nav"
2026-09-19T05:31:29Z,36,"topoABC_devref_singleton_r1",32231,"bt_navigator",7.3,78356,48851,"/opt/ros/jazzy/lib/nav2_bt_navigator/bt_navigator --ros-args --log-level info --ros-args -r __node:=bt_navigator -p use_sim_time:=False --params-file /tmp/launch_params_ijw3eq_3 -r /tf:=tf -r /tf_static:=tf_static"
2026-09-19T05:31:29Z,36,"topoABC_devref_singleton_r1",32232,"waypoint_follow",3.5,46888,19298,"/opt/ros/jazzy/lib/nav2_waypoint_follower/waypoint_follower --ros-args --log-level info --ros-args -r __node:=waypoint_follower -p use_sim_time:=False --params-file /tmp/launch_params_ijw3eq_3 -r /tf:=tf -r /tf_static:=tf_static"
2026-09-19T05:31:29Z,36,"topoABC_devref_singleton_r1",32233,"velocity_smooth",3.7,39848,16061,"/opt/ros/jazzy/lib/nav2_velocity_smoother/velocity_smoother --ros-args --log-level info --ros-args -r __node:=velocity_smoother -p use_sim_time:=False --params-file /tmp/launch_params_ijw3eq_3 -r /tf:=tf -r /tf_static:=tf_static -r cmd_vel:=cmd_vel_nav"
2026-09-19T05:31:29Z,36,"topoABC_devref_singleton_r1",32234,"collision_monit",4.1,52044,21509,"/opt/ros/jazzy/lib/nav2_collision_monitor/collision_monitor --ros-args --log-level info --ros-args -r __node:=collision_monitor -p use_sim_time:=False --params-file /tmp/launch_params_ijw3eq_3 -r /tf:=tf -r /tf_static:=tf_static"
2026-09-19T05:31:29Z,36,"topoABC_devref_singleton_r1",32236,"lifecycle_manag",9.2,47372,20918,"/opt/ros/jazzy/lib/nav2_lifecycle_manager/lifecycle_manager --ros-args --log-level info --ros-args -r __node:=lifecycle_manager_navigation -p use_sim_time:=False --params-file /tmp/launch_params_i8sg6xsb --params-file /tmp/launch_params_vpz_2_f0"
2026-09-19T05:31:29Z,36,"topoABC_devref_singleton_r1",32488,"bash",0.0,2440,582,"bash /wt/contributions/compute-benchmark/OsakaTX/scripts/run_nav2_topology_abc.sh --label topoABC_devref --reps 1 --arms composable,hybrid,singleton"
2026-09-19T05:31:29Z,36,"topoABC_devref_singleton_r1",32489,"python3",9.2,85120,54030,"python3 /wt/contributions/compute-benchmark/OsakaTX/scripts/nav_goal_sender.py --x 4.0 --y 4.0 --yaw 0.0 --repeat 0 --pause 1"
2026-09-19T05:31:29Z,36,"topoABC_devref_singleton_r1",32544,"bash",1.2,4480,1042,"bash /wt/contributions/compute-benchmark/xbattlax/scripts/measure_ros_processes.sh --pattern python3|ros2|nav2|component_container|hybrid.*container|nav_goal_sender|amcl|map_server|planner|controller|behavior|bt_nav|smoother|waypoint|route|collision|velocity --duration 110 --interval 2 --label topoABC_devref_singleton_r1 --output /wt/contributions/compute-benchmark/OsakaTX/scripts/../results/topology_abc/topoABC_devref_singleton_r1_20260919T052351Z.csv"
2026-09-19T05:31:29Z,36,"topoABC_devref_singleton_r1",9640,"bash",0.0,3908,945,"bash -c source /opt/ros/jazzy/setup.bash; WT=/wt bash /wt/contributions/compute-benchmark/OsakaTX/scripts/run_nav2_topology_abc.sh --label topoABC_devref --reps 1 --arms composable,hybrid,singleton 2>&1 | grep -E ""^===|bringup gate|goals accepted|WARNING|ERROR|died"" | head -30"
2026-09-19T05:31:29Z,36,"topoABC_devref_singleton_r1",9653,"bash",0.0,4544,1292,"bash /wt/contributions/compute-benchmark/OsakaTX/scripts/run_nav2_topology_abc.sh --label topoABC_devref --reps 1 --arms composable,hybrid,singleton"
2026-09-19T05:31:31Z,37,"topoABC_devref_singleton_r1",107,"python3",0.2,80840,51535,"/usr/bin/python3 -c from ros2cli.daemon.daemonize import main; main() --name ros2-daemon --ros-domain-id 0 --rmw-implementation rmw_fastrtps_cpp"
2026-09-19T05:31:31Z,37,"topoABC_devref_singleton_r1",32203,"python3",5.6,79440,49031,"python3 /wt/contributions/compute-benchmark/OsakaTX/scripts/synthetic_scan_publisher.py --duration 220 --loop-s 40 --hz 5.0"
2026-09-19T05:31:31Z,37,"topoABC_devref_singleton_r1",32219,"ros2",0.5,44188,30885,"/usr/bin/python3 /opt/ros/jazzy/bin/ros2 launch nav2_bringup bringup_launch.py map:=/wt/contributions/compute-benchmark/OsakaTX/scripts/../results/topology_abc/topoABC_nav2_map_r.yaml params_file:=/wt/contributions/compute-benchmark/OsakaTX/scripts/nav2_params_bench.yaml use_sim_time:=False autostart:=True slam:=False use_composition:=False"
2026-09-19T05:31:31Z,37,"topoABC_devref_singleton_r1",32223,"map_server",3.6,50216,23353,"/opt/ros/jazzy/lib/nav2_map_server/map_server --ros-args --log-level info --ros-args -r __node:=map_server -p use_sim_time:=False --params-file /tmp/launch_params_bm7msjj2 --params-file /tmp/launch_params_m__teirg -r /tf:=tf -r /tf_static:=tf_static"
2026-09-19T05:31:31Z,37,"topoABC_devref_singleton_r1",32224,"amcl",6.5,51832,22521,"/opt/ros/jazzy/lib/nav2_amcl/amcl --ros-args --log-level info --ros-args -r __node:=amcl -p use_sim_time:=False --params-file /tmp/launch_params_bm7msjj2 -r /tf:=tf -r /tf_static:=tf_static"
2026-09-19T05:31:31Z,37,"topoABC_devref_singleton_r1",32225,"lifecycle_manag",4.0,43244,16747,"/opt/ros/jazzy/lib/nav2_lifecycle_manager/lifecycle_manager --ros-args --log-level info --ros-args -r __node:=lifecycle_manager_localization -p use_sim_time:=False --params-file /tmp/launch_params_qzpct4_u --params-file /tmp/launch_params_f3b3lnex"
2026-09-19T05:31:31Z,37,"topoABC_devref_singleton_r1",32226,"controller_serv",11.7,70716,38787,"/opt/ros/jazzy/lib/nav2_controller/controller_server --ros-args --log-level info --ros-args -p use_sim_time:=False --params-file /tmp/launch_params_ijw3eq_3 -r /tf:=tf -r /tf_static:=tf_static -r cmd_vel:=cmd_vel_nav"
2026-09-19T05:31:31Z,37,"topoABC_devref_singleton_r1",32227,"smoother_server",4.1,49828,19842,"/opt/ros/jazzy/lib/nav2_smoother/smoother_server --ros-args --log-level info --ros-args -r __node:=smoother_server -p use_sim_time:=False --params-file /tmp/launch_params_ijw3eq_3 -r /tf:=tf -r /tf_static:=tf_static"
2026-09-19T05:31:31Z,37,"topoABC_devref_singleton_r1",32228,"planner_server",4.5,58760,27531,"/opt/ros/jazzy/lib/nav2_planner/planner_server --ros-args --log-level info --ros-args -r __node:=planner_server -p use_sim_time:=False --params-file /tmp/launch_params_ijw3eq_3 -r /tf:=tf -r /tf_static:=tf_static"
2026-09-19T05:31:31Z,37,"topoABC_devref_singleton_r1",32229,"route_server",4.2,53780,22913,"/opt/ros/jazzy/lib/nav2_route/route_server --ros-args --log-level info --ros-args -r __node:=route_server -p use_sim_time:=False --params-file /tmp/launch_params_ijw3eq_3 -r /tf:=tf -r /tf_static:=tf_static"
2026-09-19T05:31:31Z,37,"topoABC_devref_singleton_r1",32230,"behavior_server",4.7,54512,24039,"/opt/ros/jazzy/lib/nav2_behaviors/behavior_server --ros-args --log-level info --ros-args -r __node:=behavior_server -p use_sim_time:=False --params-file /tmp/launch_params_ijw3eq_3 -r /tf:=tf -r /tf_static:=tf_static -r cmd_vel:=cmd_vel_nav"
2026-09-19T05:31:31Z,37,"topoABC_devref_singleton_r1",32231,"bt_navigator",7.3,78360,48855,"/opt/ros/jazzy/lib/nav2_bt_navigator/bt_navigator --ros-args --log-level info --ros-args -r __node:=bt_navigator -p use_sim_time:=False --params-file /tmp/launch_params_ijw3eq_3 -r /tf:=tf -r /tf_static:=tf_static"
2026-09-19T05:31:31Z,37,"topoABC_devref_singleton_r1",32232,"waypoint_follow",3.5,46888,19297,"/opt/ros/jazzy/lib/nav2_waypoint_follower/waypoint_follower --ros-args --log-level info --ros-args -r __node:=waypoint_follower -p use_sim_time:=False --params-file /tmp/launch_params_ijw3eq_3 -r /tf:=tf -r /tf_static:=tf_static"
2026-09-19T05:31:31Z,37,"topoABC_devref_singleton_r1",32233,"velocity_smooth",3.7,39848,16061,"/opt/ros/jazzy/lib/nav2_velocity_smoother/velocity_smoother --ros-args --log-level info --ros-args -r __node:=velocity_smoother -p use_sim_time:=False --params-file /tmp/launch_params_ijw3eq_3 -r /tf:=tf -r /tf_static:=tf_static -r cmd_vel:=cmd_vel_nav"
2026-09-19T05:31:31Z,37,"topoABC_devref_singleton_r1",32234,"collision_monit",4.1,52044,21509,"/opt/ros/jazzy/lib/nav2_collision_monitor/collision_monitor --ros-args --log-level info --ros-args -r __node:=collision_monitor -p use_sim_time:=False --params-file /tmp/launch_params_ijw3eq_3 -r /tf:=tf -r /tf_static:=tf_static"
2026-09-19T05:31:31Z,37,"topoABC_devref_singleton_r1",32236,"lifecycle_manag",9.1,47372,20918,"/opt/ros/jazzy/lib/nav2_lifecycle_manager/lifecycle_manager --ros-args --log-level info --ros-args -r __node:=lifecycle_manager_navigation -p use_sim_time:=False --params-file /tmp/launch_params_i8sg6xsb --params-file /tmp/launch_params_vpz_2_f0"
2026-09-19T05:31:31Z,37,"topoABC_devref_singleton_r1",32488,"bash",0.0,2440,581,"bash /wt/contributions/compute-benchmark/OsakaTX/scripts/run_nav2_topology_abc.sh --label topoABC_devref --reps 1 --arms composable,hybrid,singleton"
2026-09-19T05:31:31Z,37,"topoABC_devref_singleton_r1",32489,"python3",9.2,85120,54032,"python3 /wt/contributions/compute-benchmark/OsakaTX/scripts/nav_goal_sender.py --x 4.0 --y 4.0 --yaw 0.0 --repeat 0 --pause 1"
2026-09-19T05:31:31Z,37,"topoABC_devref_singleton_r1",32544,"bash",1.2,4480,1035,"bash /wt/contributions/compute-benchmark/xbattlax/scripts/measure_ros_processes.sh --pattern python3|ros2|nav2|component_container|hybrid.*container|nav_goal_sender|amcl|map_server|planner|controller|behavior|bt_nav|smoother|waypoint|route|collision|velocity --duration 110 --interval 2 --label topoABC_devref_singleton_r1 --output /wt/contributions/compute-benchmark/OsakaTX/scripts/../results/topology_abc/topoABC_devref_singleton_r1_20260919T052351Z.csv"
2026-09-19T05:31:31Z,37,"topoABC_devref_singleton_r1",9640,"bash",0.0,3908,944,"bash -c source /opt/ros/jazzy/setup.bash; WT=/wt bash /wt/contributions/compute-benchmark/OsakaTX/scripts/run_nav2_topology_abc.sh --label topoABC_devref --reps 1 --arms composable,hybrid,singleton 2>&1 | grep -E ""^===|bringup gate|goals accepted|WARNING|ERROR|died"" | head -30"
2026-09-19T05:31:31Z,37,"topoABC_devref_singleton_r1",9653,"bash",0.0,4544,1292,"bash /wt/contributions/compute-benchmark/OsakaTX/scripts/run_nav2_topology_abc.sh --label topoABC_devref --reps 1 --arms composable,hybrid,singleton"
2026-09-19T05:31:34Z,38,"topoABC_devref_singleton_r1",107,"python3",0.2,80840,51532,"/usr/bin/python3 -c from ros2cli.daemon.daemonize import main; main() --name ros2-daemon --ros-domain-id 0 --rmw-implementation rmw_fastrtps_cpp"
2026-09-19T05:31:34Z,38,"topoABC_devref_singleton_r1",32203,"python3",5.6,79440,49032,"python3 /wt/contributions/compute-benchmark/OsakaTX/scripts/synthetic_scan_publisher.py --duration 220 --loop-s 40 --hz 5.0"
2026-09-19T05:31:34Z,38,"topoABC_devref_singleton_r1",32219,"ros2",0.5,44188,30885,"/usr/bin/python3 /opt/ros/jazzy/bin/ros2 launch nav2_bringup bringup_launch.py map:=/wt/contributions/compute-benchmark/OsakaTX/scripts/../results/topology_abc/topoABC_nav2_map_r.yaml params_file:=/wt/contributions/compute-benchmark/OsakaTX/scripts/nav2_params_bench.yaml use_sim_time:=False autostart:=True slam:=False use_composition:=False"
2026-09-19T05:31:34Z,38,"topoABC_devref_singleton_r1",32223,"map_server",3.6,50216,23353,"/opt/ros/jazzy/lib/nav2_map_server/map_server --ros-args --log-level info --ros-args -r __node:=map_server -p use_sim_time:=False --params-file /tmp/launch_params_bm7msjj2 --params-file /tmp/launch_params_m__teirg -r /tf:=tf -r /tf_static:=tf_static"
2026-09-19T05:31:34Z,38,"topoABC_devref_singleton_r1",32224,"amcl",6.5,51832,22520,"/opt/ros/jazzy/lib/nav2_amcl/amcl --ros-args --log-level info --ros-args -r __node:=amcl -p use_sim_time:=False --params-file /tmp/launch_params_bm7msjj2 -r /tf:=tf -r /tf_static:=tf_static"
2026-09-19T05:31:34Z,38,"topoABC_devref_singleton_r1",32225,"lifecycle_manag",4.0,43244,16747,"/opt/ros/jazzy/lib/nav2_lifecycle_manager/lifecycle_manager --ros-args --log-level info --ros-args -r __node:=lifecycle_manager_localization -p use_sim_time:=False --params-file /tmp/launch_params_qzpct4_u --params-file /tmp/launch_params_f3b3lnex"
2026-09-19T05:31:34Z,38,"topoABC_devref_singleton_r1",32226,"controller_serv",11.9,71152,39224,"/opt/ros/jazzy/lib/nav2_controller/controller_server --ros-args --log-level info --ros-args -p use_sim_time:=False --params-file /tmp/launch_params_ijw3eq_3 -r /tf:=tf -r /tf_static:=tf_static -r cmd_vel:=cmd_vel_nav"
2026-09-19T05:31:34Z,38,"topoABC_devref_singleton_r1",32227,"smoother_server",4.0,49828,19843,"/opt/ros/jazzy/lib/nav2_smoother/smoother_server --ros-args --log-level info --ros-args -r __node:=smoother_server -p use_sim_time:=False --params-file /tmp/launch_params_ijw3eq_3 -r /tf:=tf -r /tf_static:=tf_static"
2026-09-19T05:31:34Z,38,"topoABC_devref_singleton_r1",32228,"planner_server",4.4,58776,27547,"/opt/ros/jazzy/lib/nav2_planner/planner_server --ros-args --log-level info --ros-args -r __node:=planner_server -p use_sim_time:=False --params-file /tmp/launch_params_ijw3eq_3 -r /tf:=tf -r /tf_static:=tf_static"
2026-09-19T05:31:34Z,38,"topoABC_devref_singleton_r1",32229,"route_server",4.2,53780,22913,"/opt/ros/jazzy/lib/nav2_route/route_server --ros-args --log-level info --ros-args -r __node:=route_server -p use_sim_time:=False --params-file /tmp/launch_params_ijw3eq_3 -r /tf:=tf -r /tf_static:=tf_static"
2026-09-19T05:31:34Z,38,"topoABC_devref_singleton_r1",32230,"behavior_server",4.7,54512,24039,"/opt/ros/jazzy/lib/nav2_behaviors/behavior_server --ros-args --log-level info --ros-args -r __node:=behavior_server -p use_sim_time:=False --params-file /tmp/launch_params_ijw3eq_3 -r /tf:=tf -r /tf_static:=tf_static -r cmd_vel:=cmd_vel_nav"
2026-09-19T05:31:34Z,38,"topoABC_devref_singleton_r1",32231,"bt_navigator",7.3,78360,48856,"/opt/ros/jazzy/lib/nav2_bt_navigator/bt_navigator --ros-args --log-level info --ros-args -r __node:=bt_navigator -p use_sim_time:=False --params-file /tmp/launch_params_ijw3eq_3 -r /tf:=tf -r /tf_static:=tf_static"
2026-09-19T05:31:34Z,38,"topoABC_devref_singleton_r1",32232,"waypoint_follow",3.5,46888,19298,"/opt/ros/jazzy/lib/nav2_waypoint_follower/waypoint_follower --ros-args --log-level info --ros-args -r __node:=waypoint_follower -p use_sim_time:=False --params-file /tmp/launch_params_ijw3eq_3 -r /tf:=tf -r /tf_static:=tf_static"
2026-09-19T05:31:34Z,38,"topoABC_devref_singleton_r1",32233,"velocity_smooth",3.7,39848,16062,"/opt/ros/jazzy/lib/nav2_velocity_smoother/velocity_smoother --ros-args --log-level info --ros-args -r __node:=velocity_smoother -p use_sim_time:=False --params-file /tmp/launch_params_ijw3eq_3 -r /tf:=tf -r /tf_static:=tf_static -r cmd_vel:=cmd_vel_nav"
2026-09-19T05:31:34Z,38,"topoABC_devref_singleton_r1",32234,"collision_monit",4.1,52044,21509,"/opt/ros/jazzy/lib/nav2_collision_monitor/collision_monitor --ros-args --log-level info --ros-args -r __node:=collision_monitor -p use_sim_time:=False --params-file /tmp/launch_params_ijw3eq_3 -r /tf:=tf -r /tf_static:=tf_static"
2026-09-19T05:31:34Z,38,"topoABC_devref_singleton_r1",32236,"lifecycle_manag",9.1,47372,20918,"/opt/ros/jazzy/lib/nav2_lifecycle_manager/lifecycle_manager --ros-args --log-level info --ros-args -r __node:=lifecycle_manager_navigation -p use_sim_time:=False --params-file /tmp/launch_params_i8sg6xsb --params-file /tmp/launch_params_vpz_2_f0"
2026-09-19T05:31:34Z,38,"topoABC_devref_singleton_r1",32488,"bash",0.0,2440,582,"bash /wt/contributions/compute-benchmark/OsakaTX/scripts/run_nav2_topology_abc.sh --label topoABC_devref --reps 1 --arms composable,hybrid,singleton"
2026-09-19T05:31:34Z,38,"topoABC_devref_singleton_r1",32489,"python3",9.3,85120,54033,"python3 /wt/contributions/compute-benchmark/OsakaTX/scripts/nav_goal_sender.py --x 4.0 --y 4.0 --yaw 0.0 --repeat 0 --pause 1"
2026-09-19T05:31:34Z,38,"topoABC_devref_singleton_r1",32544,"bash",1.2,4480,1037,"bash /wt/contributions/compute-benchmark/xbattlax/scripts/measure_ros_processes.sh --pattern python3|ros2|nav2|component_container|hybrid.*container|nav_goal_sender|amcl|map_server|planner|controller|behavior|bt_nav|smoother|waypoint|route|collision|velocity --duration 110 --interval 2 --label topoABC_devref_singleton_r1 --output /wt/contributions/compute-benchmark/OsakaTX/scripts/../results/topology_abc/topoABC_devref_singleton_r1_20260919T052351Z.csv"
2026-09-19T05:31:34Z,38,"topoABC_devref_singleton_r1",9640,"bash",0.0,3908,946,"bash -c source /opt/ros/jazzy/setup.bash; WT=/wt bash /wt/contributions/compute-benchmark/OsakaTX/scripts/run_nav2_topology_abc.sh --label topoABC_devref --reps 1 --arms composable,hybrid,singleton 2>&1 | grep -E ""^===|bringup gate|goals accepted|WARNING|ERROR|died"" | head -30"
2026-09-19T05:31:34Z,38,"topoABC_devref_singleton_r1",9653,"bash",0.0,4544,1291,"bash /wt/contributions/compute-benchmark/OsakaTX/scripts/run_nav2_topology_abc.sh --label topoABC_devref --reps 1 --arms composable,hybrid,singleton"
2026-09-19T05:31:36Z,39,"topoABC_devref_singleton_r1",107,"python3",0.2,80840,51533,"/usr/bin/python3 -c from ros2cli.daemon.daemonize import main; main() --name ros2-daemon --ros-domain-id 0 --rmw-implementation rmw_fastrtps_cpp"
2026-09-19T05:31:36Z,39,"topoABC_devref_singleton_r1",32203,"python3",5.6,79440,49031,"python3 /wt/contributions/compute-benchmark/OsakaTX/scripts/synthetic_scan_publisher.py --duration 220 --loop-s 40 --hz 5.0"
2026-09-19T05:31:36Z,39,"topoABC_devref_singleton_r1",32219,"ros2",0.5,44188,30881,"/usr/bin/python3 /opt/ros/jazzy/bin/ros2 launch nav2_bringup bringup_launch.py map:=/wt/contributions/compute-benchmark/OsakaTX/scripts/../results/topology_abc/topoABC_nav2_map_r.yaml params_file:=/wt/contributions/compute-benchmark/OsakaTX/scripts/nav2_params_bench.yaml use_sim_time:=False autostart:=True slam:=False use_composition:=False"
2026-09-19T05:31:36Z,39,"topoABC_devref_singleton_r1",32223,"map_server",3.6,50216,23352,"/opt/ros/jazzy/lib/nav2_map_server/map_server --ros-args --log-level info --ros-args -r __node:=map_server -p use_sim_time:=False --params-file /tmp/launch_params_bm7msjj2 --params-file /tmp/launch_params_m__teirg -r /tf:=tf -r /tf_static:=tf_static"
2026-09-19T05:31:36Z,39,"topoABC_devref_singleton_r1",32224,"amcl",6.5,51832,22521,"/opt/ros/jazzy/lib/nav2_amcl/amcl --ros-args --log-level info --ros-args -r __node:=amcl -p use_sim_time:=False --params-file /tmp/launch_params_bm7msjj2 -r /tf:=tf -r /tf_static:=tf_static"
2026-09-19T05:31:36Z,39,"topoABC_devref_singleton_r1",32225,"lifecycle_manag",4.0,43244,16746,"/opt/ros/jazzy/lib/nav2_lifecycle_manager/lifecycle_manager --ros-args --log-level info --ros-args -r __node:=lifecycle_manager_localization -p use_sim_time:=False --params-file /tmp/launch_params_qzpct4_u --params-file /tmp/launch_params_f3b3lnex"
2026-09-19T05:31:36Z,39,"topoABC_devref_singleton_r1",32226,"controller_serv",12.1,71156,39679,"/opt/ros/jazzy/lib/nav2_controller/controller_server --ros-args --log-level info --ros-args -p use_sim_time:=False --params-file /tmp/launch_params_ijw3eq_3 -r /tf:=tf -r /tf_static:=tf_static -r cmd_vel:=cmd_vel_nav"
2026-09-19T05:31:36Z,39,"topoABC_devref_singleton_r1",32227,"smoother_server",4.0,49828,19843,"/opt/ros/jazzy/lib/nav2_smoother/smoother_server --ros-args --log-level info --ros-args -r __node:=smoother_server -p use_sim_time:=False --params-file /tmp/launch_params_ijw3eq_3 -r /tf:=tf -r /tf_static:=tf_static"
2026-09-19T05:31:36Z,39,"topoABC_devref_singleton_r1",32228,"planner_server",4.4,58776,27547,"/opt/ros/jazzy/lib/nav2_planner/planner_server --ros-args --log-level info --ros-args -r __node:=planner_server -p use_sim_time:=False --params-file /tmp/launch_params_ijw3eq_3 -r /tf:=tf -r /tf_static:=tf_static"
2026-09-19T05:31:36Z,39,"topoABC_devref_singleton_r1",32229,"route_server",4.2,53780,22913,"/opt/ros/jazzy/lib/nav2_route/route_server --ros-args --log-level info --ros-args -r __node:=route_server -p use_sim_time:=False --params-file /tmp/launch_params_ijw3eq_3 -r /tf:=tf -r /tf_static:=tf_static"
2026-09-19T05:31:36Z,39,"topoABC_devref_singleton_r1",32230,"behavior_server",4.7,54512,24039,"/opt/ros/jazzy/lib/nav2_behaviors/behavior_server --ros-args --log-level info --ros-args -r __node:=behavior_server -p use_sim_time:=False --params-file /tmp/launch_params_ijw3eq_3 -r /tf:=tf -r /tf_static:=tf_static -r cmd_vel:=cmd_vel_nav"
2026-09-19T05:31:36Z,39,"topoABC_devref_singleton_r1",32231,"bt_navigator",7.3,78360,48856,"/opt/ros/jazzy/lib/nav2_bt_navigator/bt_navigator --ros-args --log-level info --ros-args -r __node:=bt_navigator -p use_sim_time:=False --params-file /tmp/launch_params_ijw3eq_3 -r /tf:=tf -r /tf_static:=tf_static"
2026-09-19T05:31:36Z,39,"topoABC_devref_singleton_r1",32232,"waypoint_follow",3.5,46888,19298,"/opt/ros/jazzy/lib/nav2_waypoint_follower/waypoint_follower --ros-args --log-level info --ros-args -r __node:=waypoint_follower -p use_sim_time:=False --params-file /tmp/launch_params_ijw3eq_3 -r /tf:=tf -r /tf_static:=tf_static"
2026-09-19T05:31:36Z,39,"topoABC_devref_singleton_r1",32233,"velocity_smooth",3.7,39848,16061,"/opt/ros/jazzy/lib/nav2_velocity_smoother/velocity_smoother --ros-args --log-level info --ros-args -r __node:=velocity_smoother -p use_sim_time:=False --params-file /tmp/launch_params_ijw3eq_3 -r /tf:=tf -r /tf_static:=tf_static -r cmd_vel:=cmd_vel_nav"
2026-09-19T05:31:36Z,39,"topoABC_devref_singleton_r1",32234,"collision_monit",4.1,52044,21508,"/opt/ros/jazzy/lib/nav2_collision_monitor/collision_monitor --ros-args --log-level info --ros-args -r __node:=collision_monitor -p use_sim_time:=False --params-file /tmp/launch_params_ijw3eq_3 -r /tf:=tf -r /tf_static:=tf_static"
2026-09-19T05:31:36Z,39,"topoABC_devref_singleton_r1",32236,"lifecycle_manag",9.1,47372,20918,"/opt/ros/jazzy/lib/nav2_lifecycle_manager/lifecycle_manager --ros-args --log-level info --ros-args -r __node:=lifecycle_manager_navigation -p use_sim_time:=False --params-file /tmp/launch_params_i8sg6xsb --params-file /tmp/launch_params_vpz_2_f0"
2026-09-19T05:31:36Z,39,"topoABC_devref_singleton_r1",32488,"bash",0.0,2440,581,"bash /wt/contributions/compute-benchmark/OsakaTX/scripts/run_nav2_topology_abc.sh --label topoABC_devref --reps 1 --arms composable,hybrid,singleton"
2026-09-19T05:31:36Z,39,"topoABC_devref_singleton_r1",32489,"python3",9.3,85120,54031,"python3 /wt/contributions/compute-benchmark/OsakaTX/scripts/nav_goal_sender.py --x 4.0 --y 4.0 --yaw 0.0 --repeat 0 --pause 1"
2026-09-19T05:31:36Z,39,"topoABC_devref_singleton_r1",32544,"bash",1.2,4480,1037,"bash /wt/contributions/compute-benchmark/xbattlax/scripts/measure_ros_processes.sh --pattern python3|ros2|nav2|component_container|hybrid.*container|nav_goal_sender|amcl|map_server|planner|controller|behavior|bt_nav|smoother|waypoint|route|collision|velocity --duration 110 --interval 2 --label topoABC_devref_singleton_r1 --output /wt/contributions/compute-benchmark/OsakaTX/scripts/../results/topology_abc/topoABC_devref_singleton_r1_20260919T052351Z.csv"
2026-09-19T05:31:36Z,39,"topoABC_devref_singleton_r1",9640,"bash",0.0,3908,945,"bash -c source /opt/ros/jazzy/setup.bash; WT=/wt bash /wt/contributions/compute-benchmark/OsakaTX/scripts/run_nav2_topology_abc.sh --label topoABC_devref --reps 1 --arms composable,hybrid,singleton 2>&1 | grep -E ""^===|bringup gate|goals accepted|WARNING|ERROR|died"" | head -30"
2026-09-19T05:31:36Z,39,"topoABC_devref_singleton_r1",9653,"bash",0.0,4544,1293,"bash /wt/contributions/compute-benchmark/OsakaTX/scripts/run_nav2_topology_abc.sh --label topoABC_devref --reps 1 --arms composable,hybrid,singleton"
2026-09-19T05:31:39Z,40,"topoABC_devref_singleton_r1",107,"python3",0.2,80840,51532,"/usr/bin/python3 -c from ros2cli.daemon.daemonize import main; main() --name ros2-daemon --ros-domain-id 0 --rmw-implementation rmw_fastrtps_cpp"
2026-09-19T05:31:39Z,40,"topoABC_devref_singleton_r1",32203,"python3",5.6,79440,49030,"python3 /wt/contributions/compute-benchmark/OsakaTX/scripts/synthetic_scan_publisher.py --duration 220 --loop-s 40 --hz 5.0"
2026-09-19T05:31:39Z,40,"topoABC_devref_singleton_r1",32219,"ros2",0.5,44188,30879,"/usr/bin/python3 /opt/ros/jazzy/bin/ros2 launch nav2_bringup bringup_launch.py map:=/wt/contributions/compute-benchmark/OsakaTX/scripts/../results/topology_abc/topoABC_nav2_map_r.yaml params_file:=/wt/contributions/compute-benchmark/OsakaTX/scripts/nav2_params_bench.yaml use_sim_time:=False autostart:=True slam:=False use_composition:=False"
2026-09-19T05:31:39Z,40,"topoABC_devref_singleton_r1",32223,"map_server",3.6,50216,23353,"/opt/ros/jazzy/lib/nav2_map_server/map_server --ros-args --log-level info --ros-args -r __node:=map_server -p use_sim_time:=False --params-file /tmp/launch_params_bm7msjj2 --params-file /tmp/launch_params_m__teirg -r /tf:=tf -r /tf_static:=tf_static"
2026-09-19T05:31:39Z,40,"topoABC_devref_singleton_r1",32224,"amcl",6.5,51832,22521,"/opt/ros/jazzy/lib/nav2_amcl/amcl --ros-args --log-level info --ros-args -r __node:=amcl -p use_sim_time:=False --params-file /tmp/launch_params_bm7msjj2 -r /tf:=tf -r /tf_static:=tf_static"
2026-09-19T05:31:39Z,40,"topoABC_devref_singleton_r1",32225,"lifecycle_manag",4.0,43244,16746,"/opt/ros/jazzy/lib/nav2_lifecycle_manager/lifecycle_manager --ros-args --log-level info --ros-args -r __node:=lifecycle_manager_localization -p use_sim_time:=False --params-file /tmp/launch_params_qzpct4_u --params-file /tmp/launch_params_f3b3lnex"
2026-09-19T05:31:39Z,40,"topoABC_devref_singleton_r1",32226,"controller_serv",12.2,72772,40844,"/opt/ros/jazzy/lib/nav2_controller/controller_server --ros-args --log-level info --ros-args -p use_sim_time:=False --params-file /tmp/launch_params_ijw3eq_3 -r /tf:=tf -r /tf_static:=tf_static -r cmd_vel:=cmd_vel_nav"
2026-09-19T05:31:39Z,40,"topoABC_devref_singleton_r1",32227,"smoother_server",4.0,49828,19842,"/opt/ros/jazzy/lib/nav2_smoother/smoother_server --ros-args --log-level info --ros-args -r __node:=smoother_server -p use_sim_time:=False --params-file /tmp/launch_params_ijw3eq_3 -r /tf:=tf -r /tf_static:=tf_static"
2026-09-19T05:31:39Z,40,"topoABC_devref_singleton_r1",32228,"planner_server",4.4,58776,27547,"/opt/ros/jazzy/lib/nav2_planner/planner_server --ros-args --log-level info --ros-args -r __node:=planner_server -p use_sim_time:=False --params-file /tmp/launch_params_ijw3eq_3 -r /tf:=tf -r /tf_static:=tf_static"
2026-09-19T05:31:39Z,40,"topoABC_devref_singleton_r1",32229,"route_server",4.2,53780,22913,"/opt/ros/jazzy/lib/nav2_route/route_server --ros-args --log-level info --ros-args -r __node:=route_server -p use_sim_time:=False --params-file /tmp/launch_params_ijw3eq_3 -r /tf:=tf -r /tf_static:=tf_static"
2026-09-19T05:31:39Z,40,"topoABC_devref_singleton_r1",32230,"behavior_server",4.7,54512,24039,"/opt/ros/jazzy/lib/nav2_behaviors/behavior_server --ros-args --log-level info --ros-args -r __node:=behavior_server -p use_sim_time:=False --params-file /tmp/launch_params_ijw3eq_3 -r /tf:=tf -r /tf_static:=tf_static -r cmd_vel:=cmd_vel_nav"
2026-09-19T05:31:39Z,40,"topoABC_devref_singleton_r1",32231,"bt_navigator",7.3,78360,48853,"/opt/ros/jazzy/lib/nav2_bt_navigator/bt_navigator --ros-args --log-level info --ros-args -r __node:=bt_navigator -p use_sim_time:=False --params-file /tmp/launch_params_ijw3eq_3 -r /tf:=tf -r /tf_static:=tf_static"
2026-09-19T05:31:39Z,40,"topoABC_devref_singleton_r1",32232,"waypoint_follow",3.5,46888,19298,"/opt/ros/jazzy/lib/nav2_waypoint_follower/waypoint_follower --ros-args --log-level info --ros-args -r __node:=waypoint_follower -p use_sim_time:=False --params-file /tmp/launch_params_ijw3eq_3 -r /tf:=tf -r /tf_static:=tf_static"
2026-09-19T05:31:39Z,40,"topoABC_devref_singleton_r1",32233,"velocity_smooth",3.7,39848,16062,"/opt/ros/jazzy/lib/nav2_velocity_smoother/velocity_smoother --ros-args --log-level info --ros-args -r __node:=velocity_smoother -p use_sim_time:=False --params-file /tmp/launch_params_ijw3eq_3 -r /tf:=tf -r /tf_static:=tf_static -r cmd_vel:=cmd_vel_nav"
2026-09-19T05:31:39Z,40,"topoABC_devref_singleton_r1",32234,"collision_monit",4.1,52044,21509,"/opt/ros/jazzy/lib/nav2_collision_monitor/collision_monitor --ros-args --log-level info --ros-args -r __node:=collision_monitor -p use_sim_time:=False --params-file /tmp/launch_params_ijw3eq_3 -r /tf:=tf -r /tf_static:=tf_static"
2026-09-19T05:31:39Z,40,"topoABC_devref_singleton_r1",32236,"lifecycle_manag",9.1,47372,20918,"/opt/ros/jazzy/lib/nav2_lifecycle_manager/lifecycle_manager --ros-args --log-level info --ros-args -r __node:=lifecycle_manager_navigation -p use_sim_time:=False --params-file /tmp/launch_params_i8sg6xsb --params-file /tmp/launch_params_vpz_2_f0"
2026-09-19T05:31:39Z,40,"topoABC_devref_singleton_r1",32488,"bash",0.0,2440,581,"bash /wt/contributions/compute-benchmark/OsakaTX/scripts/run_nav2_topology_abc.sh --label topoABC_devref --reps 1 --arms composable,hybrid,singleton"
2026-09-19T05:31:39Z,40,"topoABC_devref_singleton_r1",32489,"python3",9.2,85120,54033,"python3 /wt/contributions/compute-benchmark/OsakaTX/scripts/nav_goal_sender.py --x 4.0 --y 4.0 --yaw 0.0 --repeat 0 --pause 1"
2026-09-19T05:31:39Z,40,"topoABC_devref_singleton_r1",32544,"bash",1.2,4480,1037,"bash /wt/contributions/compute-benchmark/xbattlax/scripts/measure_ros_processes.sh --pattern python3|ros2|nav2|component_container|hybrid.*container|nav_goal_sender|amcl|map_server|planner|controller|behavior|bt_nav|smoother|waypoint|route|collision|velocity --duration 110 --interval 2 --label topoABC_devref_singleton_r1 --output /wt/contributions/compute-benchmark/OsakaTX/scripts/../results/topology_abc/topoABC_devref_singleton_r1_20260919T052351Z.csv"
2026-09-19T05:31:39Z,40,"topoABC_devref_singleton_r1",9640,"bash",0.0,3908,946,"bash -c source /opt/ros/jazzy/setup.bash; WT=/wt bash /wt/contributions/compute-benchmark/OsakaTX/scripts/run_nav2_topology_abc.sh --label topoABC_devref --reps 1 --arms composable,hybrid,singleton 2>&1 | grep -E ""^===|bringup gate|goals accepted|WARNING|ERROR|died"" | head -30"
2026-09-19T05:31:39Z,40,"topoABC_devref_singleton_r1",9653,"bash",0.0,4544,1292,"bash /wt/contributions/compute-benchmark/OsakaTX/scripts/run_nav2_topology_abc.sh --label topoABC_devref --reps 1 --arms composable,hybrid,singleton"
2026-09-19T05:31:41Z,41,"topoABC_devref_singleton_r1",107,"python3",0.2,80840,51535,"/usr/bin/python3 -c from ros2cli.daemon.daemonize import main; main() --name ros2-daemon --ros-domain-id 0 --rmw-implementation rmw_fastrtps_cpp"
2026-09-19T05:31:41Z,41,"topoABC_devref_singleton_r1",32203,"python3",5.6,79440,49030,"python3 /wt/contributions/compute-benchmark/OsakaTX/scripts/synthetic_scan_publisher.py --duration 220 --loop-s 40 --hz 5.0"
2026-09-19T05:31:41Z,41,"topoABC_devref_singleton_r1",32219,"ros2",0.5,44188,30884,"/usr/bin/python3 /opt/ros/jazzy/bin/ros2 launch nav2_bringup bringup_launch.py map:=/wt/contributions/compute-benchmark/OsakaTX/scripts/../results/topology_abc/topoABC_nav2_map_r.yaml params_file:=/wt/contributions/compute-benchmark/OsakaTX/scripts/nav2_params_bench.yaml use_sim_time:=False autostart:=True slam:=False use_composition:=False"
2026-09-19T05:31:41Z,41,"topoABC_devref_singleton_r1",32223,"map_server",3.6,50216,23353,"/opt/ros/jazzy/lib/nav2_map_server/map_server --ros-args --log-level info --ros-args -r __node:=map_server -p use_sim_time:=False --params-file /tmp/launch_params_bm7msjj2 --params-file /tmp/launch_params_m__teirg -r /tf:=tf -r /tf_static:=tf_static"
2026-09-19T05:31:41Z,41,"topoABC_devref_singleton_r1",32224,"amcl",6.5,51832,22521,"/opt/ros/jazzy/lib/nav2_amcl/amcl --ros-args --log-level info --ros-args -r __node:=amcl -p use_sim_time:=False --params-file /tmp/launch_params_bm7msjj2 -r /tf:=tf -r /tf_static:=tf_static"
2026-09-19T05:31:41Z,41,"topoABC_devref_singleton_r1",32225,"lifecycle_manag",4.0,43244,16746,"/opt/ros/jazzy/lib/nav2_lifecycle_manager/lifecycle_manager --ros-args --log-level info --ros-args -r __node:=lifecycle_manager_localization -p use_sim_time:=False --params-file /tmp/launch_params_qzpct4_u --params-file /tmp/launch_params_f3b3lnex"
2026-09-19T05:31:41Z,41,"topoABC_devref_singleton_r1",32226,"controller_serv",12.3,72464,40535,"/opt/ros/jazzy/lib/nav2_controller/controller_server --ros-args --log-level info --ros-args -p use_sim_time:=False --params-file /tmp/launch_params_ijw3eq_3 -r /tf:=tf -r /tf_static:=tf_static -r cmd_vel:=cmd_vel_nav"
2026-09-19T05:31:41Z,41,"topoABC_devref_singleton_r1",32227,"smoother_server",4.0,49828,19843,"/opt/ros/jazzy/lib/nav2_smoother/smoother_server --ros-args --log-level info --ros-args -r __node:=smoother_server -p use_sim_time:=False --params-file /tmp/launch_params_ijw3eq_3 -r /tf:=tf -r /tf_static:=tf_static"
2026-09-19T05:31:41Z,41,"topoABC_devref_singleton_r1",32228,"planner_server",4.4,58804,27575,"/opt/ros/jazzy/lib/nav2_planner/planner_server --ros-args --log-level info --ros-args -r __node:=planner_server -p use_sim_time:=False --params-file /tmp/launch_params_ijw3eq_3 -r /tf:=tf -r /tf_static:=tf_static"
2026-09-19T05:31:41Z,41,"topoABC_devref_singleton_r1",32229,"route_server",4.2,53780,22913,"/opt/ros/jazzy/lib/nav2_route/route_server --ros-args --log-level info --ros-args -r __node:=route_server -p use_sim_time:=False --params-file /tmp/launch_params_ijw3eq_3 -r /tf:=tf -r /tf_static:=tf_static"
2026-09-19T05:31:41Z,41,"topoABC_devref_singleton_r1",32230,"behavior_server",4.7,54512,24039,"/opt/ros/jazzy/lib/nav2_behaviors/behavior_server --ros-args --log-level info --ros-args -r __node:=behavior_server -p use_sim_time:=False --params-file /tmp/launch_params_ijw3eq_3 -r /tf:=tf -r /tf_static:=tf_static -r cmd_vel:=cmd_vel_nav"
2026-09-19T05:31:41Z,41,"topoABC_devref_singleton_r1",32231,"bt_navigator",7.4,78424,48919,"/opt/ros/jazzy/lib/nav2_bt_navigator/bt_navigator --ros-args --log-level info --ros-args -r __node:=bt_navigator -p use_sim_time:=False --params-file /tmp/launch_params_ijw3eq_3 -r /tf:=tf -r /tf_static:=tf_static"
2026-09-19T05:31:41Z,41,"topoABC_devref_singleton_r1",32232,"waypoint_follow",3.5,46888,19297,"/opt/ros/jazzy/lib/nav2_waypoint_follower/waypoint_follower --ros-args --log-level info --ros-args -r __node:=waypoint_follower -p use_sim_time:=False --params-file /tmp/launch_params_ijw3eq_3 -r /tf:=tf -r /tf_static:=tf_static"
2026-09-19T05:31:41Z,41,"topoABC_devref_singleton_r1",32233,"velocity_smooth",3.7,39848,16061,"/opt/ros/jazzy/lib/nav2_velocity_smoother/velocity_smoother --ros-args --log-level info --ros-args -r __node:=velocity_smoother -p use_sim_time:=False --params-file /tmp/launch_params_ijw3eq_3 -r /tf:=tf -r /tf_static:=tf_static -r cmd_vel:=cmd_vel_nav"
2026-09-19T05:31:41Z,41,"topoABC_devref_singleton_r1",32234,"collision_monit",4.1,52044,21509,"/opt/ros/jazzy/lib/nav2_collision_monitor/collision_monitor --ros-args --log-level info --ros-args -r __node:=collision_monitor -p use_sim_time:=False --params-file /tmp/launch_params_ijw3eq_3 -r /tf:=tf -r /tf_static:=tf_static"
2026-09-19T05:31:41Z,41,"topoABC_devref_singleton_r1",32236,"lifecycle_manag",9.1,47372,20918,"/opt/ros/jazzy/lib/nav2_lifecycle_manager/lifecycle_manager --ros-args --log-level info --ros-args -r __node:=lifecycle_manager_navigation -p use_sim_time:=False --params-file /tmp/launch_params_i8sg6xsb --params-file /tmp/launch_params_vpz_2_f0"
2026-09-19T05:31:41Z,41,"topoABC_devref_singleton_r1",32488,"bash",0.0,2440,581,"bash /wt/contributions/compute-benchmark/OsakaTX/scripts/run_nav2_topology_abc.sh --label topoABC_devref --reps 1 --arms composable,hybrid,singleton"
2026-09-19T05:31:41Z,41,"topoABC_devref_singleton_r1",32489,"python3",9.3,85120,54031,"python3 /wt/contributions/compute-benchmark/OsakaTX/scripts/nav_goal_sender.py --x 4.0 --y 4.0 --yaw 0.0 --repeat 0 --pause 1"
2026-09-19T05:31:41Z,41,"topoABC_devref_singleton_r1",32544,"bash",1.2,4480,1033,"bash /wt/contributions/compute-benchmark/xbattlax/scripts/measure_ros_processes.sh --pattern python3|ros2|nav2|component_container|hybrid.*container|nav_goal_sender|amcl|map_server|planner|controller|behavior|bt_nav|smoother|waypoint|route|collision|velocity --duration 110 --interval 2 --label topoABC_devref_singleton_r1 --output /wt/contributions/compute-benchmark/OsakaTX/scripts/../results/topology_abc/topoABC_devref_singleton_r1_20260919T052351Z.csv"
2026-09-19T05:31:41Z,41,"topoABC_devref_singleton_r1",9640,"bash",0.0,3908,945,"bash -c source /opt/ros/jazzy/setup.bash; WT=/wt bash /wt/contributions/compute-benchmark/OsakaTX/scripts/run_nav2_topology_abc.sh --label topoABC_devref --reps 1 --arms composable,hybrid,singleton 2>&1 | grep -E ""^===|bringup gate|goals accepted|WARNING|ERROR|died"" | head -30"
2026-09-19T05:31:41Z,41,"topoABC_devref_singleton_r1",9653,"bash",0.0,4544,1290,"bash /wt/contributions/compute-benchmark/OsakaTX/scripts/run_nav2_topology_abc.sh --label topoABC_devref --reps 1 --arms composable,hybrid,singleton"
2026-09-19T05:31:44Z,42,"topoABC_devref_singleton_r1",107,"python3",0.2,80840,51532,"/usr/bin/python3 -c from ros2cli.daemon.daemonize import main; main() --name ros2-daemon --ros-domain-id 0 --rmw-implementation rmw_fastrtps_cpp"
2026-09-19T05:31:44Z,42,"topoABC_devref_singleton_r1",32203,"python3",5.6,79440,49032,"python3 /wt/contributions/compute-benchmark/OsakaTX/scripts/synthetic_scan_publisher.py --duration 220 --loop-s 40 --hz 5.0"
2026-09-19T05:31:44Z,42,"topoABC_devref_singleton_r1",32219,"ros2",0.5,44188,30885,"/usr/bin/python3 /opt/ros/jazzy/bin/ros2 launch nav2_bringup bringup_launch.py map:=/wt/contributions/compute-benchmark/OsakaTX/scripts/../results/topology_abc/topoABC_nav2_map_r.yaml params_file:=/wt/contributions/compute-benchmark/OsakaTX/scripts/nav2_params_bench.yaml use_sim_time:=False autostart:=True slam:=False use_composition:=False"
2026-09-19T05:31:44Z,42,"topoABC_devref_singleton_r1",32223,"map_server",3.6,50216,23354,"/opt/ros/jazzy/lib/nav2_map_server/map_server --ros-args --log-level info --ros-args -r __node:=map_server -p use_sim_time:=False --params-file /tmp/launch_params_bm7msjj2 --params-file /tmp/launch_params_m__teirg -r /tf:=tf -r /tf_static:=tf_static"
2026-09-19T05:31:44Z,42,"topoABC_devref_singleton_r1",32224,"amcl",6.5,51832,22520,"/opt/ros/jazzy/lib/nav2_amcl/amcl --ros-args --log-level info --ros-args -r __node:=amcl -p use_sim_time:=False --params-file /tmp/launch_params_bm7msjj2 -r /tf:=tf -r /tf_static:=tf_static"
2026-09-19T05:31:44Z,42,"topoABC_devref_singleton_r1",32225,"lifecycle_manag",4.0,43244,16747,"/opt/ros/jazzy/lib/nav2_lifecycle_manager/lifecycle_manager --ros-args --log-level info --ros-args -r __node:=lifecycle_manager_localization -p use_sim_time:=False --params-file /tmp/launch_params_qzpct4_u --params-file /tmp/launch_params_f3b3lnex"
2026-09-19T05:31:44Z,42,"topoABC_devref_singleton_r1",32226,"controller_serv",12.5,72468,40540,"/opt/ros/jazzy/lib/nav2_controller/controller_server --ros-args --log-level info --ros-args -p use_sim_time:=False --params-file /tmp/launch_params_ijw3eq_3 -r /tf:=tf -r /tf_static:=tf_static -r cmd_vel:=cmd_vel_nav"
2026-09-19T05:31:44Z,42,"topoABC_devref_singleton_r1",32227,"smoother_server",4.0,49828,19843,"/opt/ros/jazzy/lib/nav2_smoother/smoother_server --ros-args --log-level info --ros-args -r __node:=smoother_server -p use_sim_time:=False --params-file /tmp/launch_params_ijw3eq_3 -r /tf:=tf -r /tf_static:=tf_static"
2026-09-19T05:31:44Z,42,"topoABC_devref_singleton_r1",32228,"planner_server",4.4,58804,27575,"/opt/ros/jazzy/lib/nav2_planner/planner_server --ros-args --log-level info --ros-args -r __node:=planner_server -p use_sim_time:=False --params-file /tmp/launch_params_ijw3eq_3 -r /tf:=tf -r /tf_static:=tf_static"
2026-09-19T05:31:44Z,42,"topoABC_devref_singleton_r1",32229,"route_server",4.2,53780,22913,"/opt/ros/jazzy/lib/nav2_route/route_server --ros-args --log-level info --ros-args -r __node:=route_server -p use_sim_time:=False --params-file /tmp/launch_params_ijw3eq_3 -r /tf:=tf -r /tf_static:=tf_static"
2026-09-19T05:31:44Z,42,"topoABC_devref_singleton_r1",32230,"behavior_server",4.7,54512,24039,"/opt/ros/jazzy/lib/nav2_behaviors/behavior_server --ros-args --log-level info --ros-args -r __node:=behavior_server -p use_sim_time:=False --params-file /tmp/launch_params_ijw3eq_3 -r /tf:=tf -r /tf_static:=tf_static -r cmd_vel:=cmd_vel_nav"
2026-09-19T05:31:44Z,42,"topoABC_devref_singleton_r1",32231,"bt_navigator",7.4,78424,48920,"/opt/ros/jazzy/lib/nav2_bt_navigator/bt_navigator --ros-args --log-level info --ros-args -r __node:=bt_navigator -p use_sim_time:=False --params-file /tmp/launch_params_ijw3eq_3 -r /tf:=tf -r /tf_static:=tf_static"
2026-09-19T05:31:44Z,42,"topoABC_devref_singleton_r1",32232,"waypoint_follow",3.5,46888,19298,"/opt/ros/jazzy/lib/nav2_waypoint_follower/waypoint_follower --ros-args --log-level info --ros-args -r __node:=waypoint_follower -p use_sim_time:=False --params-file /tmp/launch_params_ijw3eq_3 -r /tf:=tf -r /tf_static:=tf_static"
2026-09-19T05:31:44Z,42,"topoABC_devref_singleton_r1",32233,"velocity_smooth",3.7,39848,16061,"/opt/ros/jazzy/lib/nav2_velocity_smoother/velocity_smoother --ros-args --log-level info --ros-args -r __node:=velocity_smoother -p use_sim_time:=False --params-file /tmp/launch_params_ijw3eq_3 -r /tf:=tf -r /tf_static:=tf_static -r cmd_vel:=cmd_vel_nav"
2026-09-19T05:31:44Z,42,"topoABC_devref_singleton_r1",32234,"collision_monit",4.1,52044,21509,"/opt/ros/jazzy/lib/nav2_collision_monitor/collision_monitor --ros-args --log-level info --ros-args -r __node:=collision_monitor -p use_sim_time:=False --params-file /tmp/launch_params_ijw3eq_3 -r /tf:=tf -r /tf_static:=tf_static"
2026-09-19T05:31:44Z,42,"topoABC_devref_singleton_r1",32236,"lifecycle_manag",9.1,47372,20918,"/opt/ros/jazzy/lib/nav2_lifecycle_manager/lifecycle_manager --ros-args --log-level info --ros-args -r __node:=lifecycle_manager_navigation -p use_sim_time:=False --params-file /tmp/launch_params_i8sg6xsb --params-file /tmp/launch_params_vpz_2_f0"
2026-09-19T05:31:44Z,42,"topoABC_devref_singleton_r1",32488,"bash",0.0,2440,582,"bash /wt/contributions/compute-benchmark/OsakaTX/scripts/run_nav2_topology_abc.sh --label topoABC_devref --reps 1 --arms composable,hybrid,singleton"
2026-09-19T05:31:44Z,42,"topoABC_devref_singleton_r1",32489,"python3",9.3,85120,54030,"python3 /wt/contributions/compute-benchmark/OsakaTX/scripts/nav_goal_sender.py --x 4.0 --y 4.0 --yaw 0.0 --repeat 0 --pause 1"
2026-09-19T05:31:44Z,42,"topoABC_devref_singleton_r1",32544,"bash",1.2,4480,1030,"bash /wt/contributions/compute-benchmark/xbattlax/scripts/measure_ros_processes.sh --pattern python3|ros2|nav2|component_container|hybrid.*container|nav_goal_sender|amcl|map_server|planner|controller|behavior|bt_nav|smoother|waypoint|route|collision|velocity --duration 110 --interval 2 --label topoABC_devref_singleton_r1 --output /wt/contributions/compute-benchmark/OsakaTX/scripts/../results/topology_abc/topoABC_devref_singleton_r1_20260919T052351Z.csv"
2026-09-19T05:31:44Z,42,"topoABC_devref_singleton_r1",9640,"bash",0.0,3908,946,"bash -c source /opt/ros/jazzy/setup.bash; WT=/wt bash /wt/contributions/compute-benchmark/OsakaTX/scripts/run_nav2_topology_abc.sh --label topoABC_devref --reps 1 --arms composable,hybrid,singleton 2>&1 | grep -E ""^===|bringup gate|goals accepted|WARNING|ERROR|died"" | head -30"
2026-09-19T05:31:44Z,42,"topoABC_devref_singleton_r1",9653,"bash",0.0,4544,1291,"bash /wt/contributions/compute-benchmark/OsakaTX/scripts/run_nav2_topology_abc.sh --label topoABC_devref --reps 1 --arms composable,hybrid,singleton"
2026-09-19T05:31:46Z,43,"topoABC_devref_singleton_r1",107,"python3",0.2,80840,51535,"/usr/bin/python3 -c from ros2cli.daemon.daemonize import main; main() --name ros2-daemon --ros-domain-id 0 --rmw-implementation rmw_fastrtps_cpp"
2026-09-19T05:31:46Z,43,"topoABC_devref_singleton_r1",32203,"python3",5.6,79440,49032,"python3 /wt/contributions/compute-benchmark/OsakaTX/scripts/synthetic_scan_publisher.py --duration 220 --loop-s 40 --hz 5.0"
2026-09-19T05:31:46Z,43,"topoABC_devref_singleton_r1",32219,"ros2",0.5,44188,30878,"/usr/bin/python3 /opt/ros/jazzy/bin/ros2 launch nav2_bringup bringup_launch.py map:=/wt/contributions/compute-benchmark/OsakaTX/scripts/../results/topology_abc/topoABC_nav2_map_r.yaml params_file:=/wt/contributions/compute-benchmark/OsakaTX/scripts/nav2_params_bench.yaml use_sim_time:=False autostart:=True slam:=False use_composition:=False"
2026-09-19T05:31:46Z,43,"topoABC_devref_singleton_r1",32223,"map_server",3.6,50216,23353,"/opt/ros/jazzy/lib/nav2_map_server/map_server --ros-args --log-level info --ros-args -r __node:=map_server -p use_sim_time:=False --params-file /tmp/launch_params_bm7msjj2 --params-file /tmp/launch_params_m__teirg -r /tf:=tf -r /tf_static:=tf_static"
2026-09-19T05:31:46Z,43,"topoABC_devref_singleton_r1",32224,"amcl",6.5,51836,22525,"/opt/ros/jazzy/lib/nav2_amcl/amcl --ros-args --log-level info --ros-args -r __node:=amcl -p use_sim_time:=False --params-file /tmp/launch_params_bm7msjj2 -r /tf:=tf -r /tf_static:=tf_static"
2026-09-19T05:31:46Z,43,"topoABC_devref_singleton_r1",32225,"lifecycle_manag",4.0,43244,16746,"/opt/ros/jazzy/lib/nav2_lifecycle_manager/lifecycle_manager --ros-args --log-level info --ros-args -r __node:=lifecycle_manager_localization -p use_sim_time:=False --params-file /tmp/launch_params_qzpct4_u --params-file /tmp/launch_params_f3b3lnex"
2026-09-19T05:31:46Z,43,"topoABC_devref_singleton_r1",32226,"controller_serv",12.7,72468,40540,"/opt/ros/jazzy/lib/nav2_controller/controller_server --ros-args --log-level info --ros-args -p use_sim_time:=False --params-file /tmp/launch_params_ijw3eq_3 -r /tf:=tf -r /tf_static:=tf_static -r cmd_vel:=cmd_vel_nav"
2026-09-19T05:31:46Z,43,"topoABC_devref_singleton_r1",32227,"smoother_server",4.0,49828,19843,"/opt/ros/jazzy/lib/nav2_smoother/smoother_server --ros-args --log-level info --ros-args -r __node:=smoother_server -p use_sim_time:=False --params-file /tmp/launch_params_ijw3eq_3 -r /tf:=tf -r /tf_static:=tf_static"
2026-09-19T05:31:46Z,43,"topoABC_devref_singleton_r1",32228,"planner_server",4.4,58804,27575,"/opt/ros/jazzy/lib/nav2_planner/planner_server --ros-args --log-level info --ros-args -r __node:=planner_server -p use_sim_time:=False --params-file /tmp/launch_params_ijw3eq_3 -r /tf:=tf -r /tf_static:=tf_static"
2026-09-19T05:31:46Z,43,"topoABC_devref_singleton_r1",32229,"route_server",4.2,53780,22913,"/opt/ros/jazzy/lib/nav2_route/route_server --ros-args --log-level info --ros-args -r __node:=route_server -p use_sim_time:=False --params-file /tmp/launch_params_ijw3eq_3 -r /tf:=tf -r /tf_static:=tf_static"
2026-09-19T05:31:46Z,43,"topoABC_devref_singleton_r1",32230,"behavior_server",4.7,54512,24038,"/opt/ros/jazzy/lib/nav2_behaviors/behavior_server --ros-args --log-level info --ros-args -r __node:=behavior_server -p use_sim_time:=False --params-file /tmp/launch_params_ijw3eq_3 -r /tf:=tf -r /tf_static:=tf_static -r cmd_vel:=cmd_vel_nav"
2026-09-19T05:31:46Z,43,"topoABC_devref_singleton_r1",32231,"bt_navigator",7.4,78424,48920,"/opt/ros/jazzy/lib/nav2_bt_navigator/bt_navigator --ros-args --log-level info --ros-args -r __node:=bt_navigator -p use_sim_time:=False --params-file /tmp/launch_params_ijw3eq_3 -r /tf:=tf -r /tf_static:=tf_static"
2026-09-19T05:31:46Z,43,"topoABC_devref_singleton_r1",32232,"waypoint_follow",3.5,46888,19298,"/opt/ros/jazzy/lib/nav2_waypoint_follower/waypoint_follower --ros-args --log-level info --ros-args -r __node:=waypoint_follower -p use_sim_time:=False --params-file /tmp/launch_params_ijw3eq_3 -r /tf:=tf -r /tf_static:=tf_static"
2026-09-19T05:31:46Z,43,"topoABC_devref_singleton_r1",32233,"velocity_smooth",3.7,39848,16061,"/opt/ros/jazzy/lib/nav2_velocity_smoother/velocity_smoother --ros-args --log-level info --ros-args -r __node:=velocity_smoother -p use_sim_time:=False --params-file /tmp/launch_params_ijw3eq_3 -r /tf:=tf -r /tf_static:=tf_static -r cmd_vel:=cmd_vel_nav"
2026-09-19T05:31:46Z,43,"topoABC_devref_singleton_r1",32234,"collision_monit",4.2,52044,21509,"/opt/ros/jazzy/lib/nav2_collision_monitor/collision_monitor --ros-args --log-level info --ros-args -r __node:=collision_monitor -p use_sim_time:=False --params-file /tmp/launch_params_ijw3eq_3 -r /tf:=tf -r /tf_static:=tf_static"
2026-09-19T05:31:46Z,43,"topoABC_devref_singleton_r1",32236,"lifecycle_manag",9.1,47372,20918,"/opt/ros/jazzy/lib/nav2_lifecycle_manager/lifecycle_manager --ros-args --log-level info --ros-args -r __node:=lifecycle_manager_navigation -p use_sim_time:=False --params-file /tmp/launch_params_i8sg6xsb --params-file /tmp/launch_params_vpz_2_f0"
2026-09-19T05:31:46Z,43,"topoABC_devref_singleton_r1",32488,"bash",0.0,2440,582,"bash /wt/contributions/compute-benchmark/OsakaTX/scripts/run_nav2_topology_abc.sh --label topoABC_devref --reps 1 --arms composable,hybrid,singleton"
2026-09-19T05:31:46Z,43,"topoABC_devref_singleton_r1",32489,"python3",9.3,85120,54030,"python3 /wt/contributions/compute-benchmark/OsakaTX/scripts/nav_goal_sender.py --x 4.0 --y 4.0 --yaw 0.0 --repeat 0 --pause 1"
2026-09-19T05:31:46Z,43,"topoABC_devref_singleton_r1",32544,"bash",1.2,4480,1036,"bash /wt/contributions/compute-benchmark/xbattlax/scripts/measure_ros_processes.sh --pattern python3|ros2|nav2|component_container|hybrid.*container|nav_goal_sender|amcl|map_server|planner|controller|behavior|bt_nav|smoother|waypoint|route|collision|velocity --duration 110 --interval 2 --label topoABC_devref_singleton_r1 --output /wt/contributions/compute-benchmark/OsakaTX/scripts/../results/topology_abc/topoABC_devref_singleton_r1_20260919T052351Z.csv"
2026-09-19T05:31:46Z,43,"topoABC_devref_singleton_r1",9640,"bash",0.0,3908,946,"bash -c source /opt/ros/jazzy/setup.bash; WT=/wt bash /wt/contributions/compute-benchmark/OsakaTX/scripts/run_nav2_topology_abc.sh --label topoABC_devref --reps 1 --arms composable,hybrid,singleton 2>&1 | grep -E ""^===|bringup gate|goals accepted|WARNING|ERROR|died"" | head -30"
2026-09-19T05:31:46Z,43,"topoABC_devref_singleton_r1",9653,"bash",0.0,4544,1290,"bash /wt/contributions/compute-benchmark/OsakaTX/scripts/run_nav2_topology_abc.sh --label topoABC_devref --reps 1 --arms composable,hybrid,singleton"
2026-09-19T05:31:49Z,44,"topoABC_devref_singleton_r1",107,"python3",0.2,80840,51534,"/usr/bin/python3 -c from ros2cli.daemon.daemonize import main; main() --name ros2-daemon --ros-domain-id 0 --rmw-implementation rmw_fastrtps_cpp"
2026-09-19T05:31:49Z,44,"topoABC_devref_singleton_r1",32203,"python3",5.6,79440,49031,"python3 /wt/contributions/compute-benchmark/OsakaTX/scripts/synthetic_scan_publisher.py --duration 220 --loop-s 40 --hz 5.0"
2026-09-19T05:31:49Z,44,"topoABC_devref_singleton_r1",32219,"ros2",0.4,44188,30885,"/usr/bin/python3 /opt/ros/jazzy/bin/ros2 launch nav2_bringup bringup_launch.py map:=/wt/contributions/compute-benchmark/OsakaTX/scripts/../results/topology_abc/topoABC_nav2_map_r.yaml params_file:=/wt/contributions/compute-benchmark/OsakaTX/scripts/nav2_params_bench.yaml use_sim_time:=False autostart:=True slam:=False use_composition:=False"
2026-09-19T05:31:49Z,44,"topoABC_devref_singleton_r1",32223,"map_server",3.6,50216,23353,"/opt/ros/jazzy/lib/nav2_map_server/map_server --ros-args --log-level info --ros-args -r __node:=map_server -p use_sim_time:=False --params-file /tmp/launch_params_bm7msjj2 --params-file /tmp/launch_params_m__teirg -r /tf:=tf -r /tf_static:=tf_static"
2026-09-19T05:31:49Z,44,"topoABC_devref_singleton_r1",32224,"amcl",6.5,51836,22524,"/opt/ros/jazzy/lib/nav2_amcl/amcl --ros-args --log-level info --ros-args -r __node:=amcl -p use_sim_time:=False --params-file /tmp/launch_params_bm7msjj2 -r /tf:=tf -r /tf_static:=tf_static"
2026-09-19T05:31:49Z,44,"topoABC_devref_singleton_r1",32225,"lifecycle_manag",4.0,43244,16747,"/opt/ros/jazzy/lib/nav2_lifecycle_manager/lifecycle_manager --ros-args --log-level info --ros-args -r __node:=lifecycle_manager_localization -p use_sim_time:=False --params-file /tmp/launch_params_qzpct4_u --params-file /tmp/launch_params_f3b3lnex"
2026-09-19T05:31:49Z,44,"topoABC_devref_singleton_r1",32226,"controller_serv",12.7,72768,40839,"/opt/ros/jazzy/lib/nav2_controller/controller_server --ros-args --log-level info --ros-args -p use_sim_time:=False --params-file /tmp/launch_params_ijw3eq_3 -r /tf:=tf -r /tf_static:=tf_static -r cmd_vel:=cmd_vel_nav"
2026-09-19T05:31:49Z,44,"topoABC_devref_singleton_r1",32227,"smoother_server",4.0,49828,19843,"/opt/ros/jazzy/lib/nav2_smoother/smoother_server --ros-args --log-level info --ros-args -r __node:=smoother_server -p use_sim_time:=False --params-file /tmp/launch_params_ijw3eq_3 -r /tf:=tf -r /tf_static:=tf_static"
2026-09-19T05:31:49Z,44,"topoABC_devref_singleton_r1",32228,"planner_server",4.4,58808,27579,"/opt/ros/jazzy/lib/nav2_planner/planner_server --ros-args --log-level info --ros-args -r __node:=planner_server -p use_sim_time:=False --params-file /tmp/launch_params_ijw3eq_3 -r /tf:=tf -r /tf_static:=tf_static"
2026-09-19T05:31:49Z,44,"topoABC_devref_singleton_r1",32229,"route_server",4.2,53780,22913,"/opt/ros/jazzy/lib/nav2_route/route_server --ros-args --log-level info --ros-args -r __node:=route_server -p use_sim_time:=False --params-file /tmp/launch_params_ijw3eq_3 -r /tf:=tf -r /tf_static:=tf_static"
2026-09-19T05:31:49Z,44,"topoABC_devref_singleton_r1",32230,"behavior_server",4.7,54512,24039,"/opt/ros/jazzy/lib/nav2_behaviors/behavior_server --ros-args --log-level info --ros-args -r __node:=behavior_server -p use_sim_time:=False --params-file /tmp/launch_params_ijw3eq_3 -r /tf:=tf -r /tf_static:=tf_static -r cmd_vel:=cmd_vel_nav"
2026-09-19T05:31:49Z,44,"topoABC_devref_singleton_r1",32231,"bt_navigator",7.4,78408,48904,"/opt/ros/jazzy/lib/nav2_bt_navigator/bt_navigator --ros-args --log-level info --ros-args -r __node:=bt_navigator -p use_sim_time:=False --params-file /tmp/launch_params_ijw3eq_3 -r /tf:=tf -r /tf_static:=tf_static"
2026-09-19T05:31:49Z,44,"topoABC_devref_singleton_r1",32232,"waypoint_follow",3.5,46892,19302,"/opt/ros/jazzy/lib/nav2_waypoint_follower/waypoint_follower --ros-args --log-level info --ros-args -r __node:=waypoint_follower -p use_sim_time:=False --params-file /tmp/launch_params_ijw3eq_3 -r /tf:=tf -r /tf_static:=tf_static"
2026-09-19T05:31:49Z,44,"topoABC_devref_singleton_r1",32233,"velocity_smooth",3.7,39848,16062,"/opt/ros/jazzy/lib/nav2_velocity_smoother/velocity_smoother --ros-args --log-level info --ros-args -r __node:=velocity_smoother -p use_sim_time:=False --params-file /tmp/launch_params_ijw3eq_3 -r /tf:=tf -r /tf_static:=tf_static -r cmd_vel:=cmd_vel_nav"
2026-09-19T05:31:49Z,44,"topoABC_devref_singleton_r1",32234,"collision_monit",4.2,52044,21508,"/opt/ros/jazzy/lib/nav2_collision_monitor/collision_monitor --ros-args --log-level info --ros-args -r __node:=collision_monitor -p use_sim_time:=False --params-file /tmp/launch_params_ijw3eq_3 -r /tf:=tf -r /tf_static:=tf_static"
2026-09-19T05:31:49Z,44,"topoABC_devref_singleton_r1",32236,"lifecycle_manag",9.1,47372,20918,"/opt/ros/jazzy/lib/nav2_lifecycle_manager/lifecycle_manager --ros-args --log-level info --ros-args -r __node:=lifecycle_manager_navigation -p use_sim_time:=False --params-file /tmp/launch_params_i8sg6xsb --params-file /tmp/launch_params_vpz_2_f0"
2026-09-19T05:31:49Z,44,"topoABC_devref_singleton_r1",32488,"bash",0.0,2440,581,"bash /wt/contributions/compute-benchmark/OsakaTX/scripts/run_nav2_topology_abc.sh --label topoABC_devref --reps 1 --arms composable,hybrid,singleton"
2026-09-19T05:31:49Z,44,"topoABC_devref_singleton_r1",32489,"python3",9.2,85120,54029,"python3 /wt/contributions/compute-benchmark/OsakaTX/scripts/nav_goal_sender.py --x 4.0 --y 4.0 --yaw 0.0 --repeat 0 --pause 1"
2026-09-19T05:31:49Z,44,"topoABC_devref_singleton_r1",32544,"bash",1.2,4480,1034,"bash /wt/contributions/compute-benchmark/xbattlax/scripts/measure_ros_processes.sh --pattern python3|ros2|nav2|component_container|hybrid.*container|nav_goal_sender|amcl|map_server|planner|controller|behavior|bt_nav|smoother|waypoint|route|collision|velocity --duration 110 --interval 2 --label topoABC_devref_singleton_r1 --output /wt/contributions/compute-benchmark/OsakaTX/scripts/../results/topology_abc/topoABC_devref_singleton_r1_20260919T052351Z.csv"
2026-09-19T05:31:49Z,44,"topoABC_devref_singleton_r1",9640,"bash",0.0,3908,945,"bash -c source /opt/ros/jazzy/setup.bash; WT=/wt bash /wt/contributions/compute-benchmark/OsakaTX/scripts/run_nav2_topology_abc.sh --label topoABC_devref --reps 1 --arms composable,hybrid,singleton 2>&1 | grep -E ""^===|bringup gate|goals accepted|WARNING|ERROR|died"" | head -30"
2026-09-19T05:31:49Z,44,"topoABC_devref_singleton_r1",9653,"bash",0.0,4544,1293,"bash /wt/contributions/compute-benchmark/OsakaTX/scripts/run_nav2_topology_abc.sh --label topoABC_devref --reps 1 --arms composable,hybrid,singleton"
