[INFO] [launch]: All log files can be found below /root/.ros/log/2026-08-21-10-45-45-272592-d137359281ae-600195
[INFO] [launch]: Default logging verbosity is set to INFO
[INFO] [lifelong_slam_toolbox_node-1]: process started with pid [600212]
[lifelong_slam_toolbox_node-1] [WARN] [1787309145.529387940] [slam_toolbox]: Lifelong mapping mode in SLAM Toolbox is considered experimental and should be understood before proceeding. Please visit: https://github.com/SteveMacenski/slam_toolbox/wiki/Experimental-Lifelong-Mapping-Node for more information.
[lifelong_slam_toolbox_node-1] [INFO] [1787309145.694807139] [slam_toolbox]: Configuring
[lifelong_slam_toolbox_node-1] [INFO] [1787309145.703642087] [slam_toolbox]: Using solver plugin solver_plugins::CeresSolver
[INFO] [launch.user]: [LifecycleLaunch] Slamtoolbox node is activating.
[lifelong_slam_toolbox_node-1] [INFO] [1787309145.725838408] [slam_toolbox]: Activating
[lifelong_slam_toolbox_node-1] Registering sensor: [Custom Described Lidar]
[lifelong_slam_toolbox_node-1] [INFO] [1787309150.807295035] [slam_toolbox]: Metric Scores: Initial: 1.000000, IOU: 0.873390, Area: 0.931126, Num Con: 2, Reading: 0.466667, outcome score: -1.000000.
[lifelong_slam_toolbox_node-1] [INFO] [1787309151.643035179] [slam_toolbox]: Metric Scores: Initial: 1.000000, IOU: 0.895068, Area: 0.945493, Num Con: 2, Reading: 0.672222, outcome score: -1.000000.
[lifelong_slam_toolbox_node-1] [INFO] [1787309152.442156823] [slam_toolbox]: Metric Scores: Initial: 1.000000, IOU: 0.914918, Area: 0.954568, Num Con: 2, Reading: 0.702778, outcome score: -1.000000.
[lifelong_slam_toolbox_node-1] [INFO] [1787309153.217440838] [slam_toolbox]: Metric Scores: Initial: 1.000000, IOU: 0.930796, Area: 0.964201, Num Con: 2, Reading: 0.700000, outcome score: -1.000000.
[lifelong_slam_toolbox_node-1] [INFO] [1787309154.017741188] [slam_toolbox]: Metric Scores: Initial: 1.000000, IOU: 0.937081, Area: 0.970619, Num Con: 2, Reading: 0.697222, outcome score: -1.000000.
[lifelong_slam_toolbox_node-1] [INFO] [1787309154.881379583] [slam_toolbox]: Metric Scores: Initial: 1.000000, IOU: 0.948853, Area: 0.973850, Num Con: 2, Reading: 0.691667, outcome score: -1.000000.
[lifelong_slam_toolbox_node-1] [INFO] [1787309155.641726117] [slam_toolbox]: Metric Scores: Initial: 1.000000, IOU: 0.956447, Area: 0.977857, Num Con: 2, Reading: 0.688889, outcome score: -1.000000.
[lifelong_slam_toolbox_node-1] [INFO] [1787309156.428232292] [slam_toolbox]: Metric Scores: Initial: 1.000000, IOU: 0.957130, Area: 0.978136, Num Con: 2, Reading: 0.688889, outcome score: -1.000000.
[lifelong_slam_toolbox_node-1] [INFO] [1787309157.243020722] [slam_toolbox]: Metric Scores: Initial: 1.000000, IOU: 0.946397, Area: 0.972545, Num Con: 2, Reading: 0.683333, outcome score: -1.000000.
[lifelong_slam_toolbox_node-1] [INFO] [1787309158.048123898] [slam_toolbox]: Metric Scores: Initial: 1.000000, IOU: 0.944310, Area: 0.971392, Num Con: 2, Reading: 0.683333, outcome score: -1.000000.
[lifelong_slam_toolbox_node-1] [INFO] [1787309158.842518416] [slam_toolbox]: Metric Scores: Initial: 1.000000, IOU: 0.937480, Area: 0.967788, Num Con: 2, Reading: 0.680556, outcome score: -1.000000.
[lifelong_slam_toolbox_node-1] WARNING: Logging before InitGoogleLogging() is written to STDERR
[lifelong_slam_toolbox_node-1] W20260821 10:45:59.324723 600212 preprocessor.cc:67] Specified options.num_threads: 50 exceeds maximum available from the threading model Ceres was compiled with: 8.  Bounding to maximum number available.
[lifelong_slam_toolbox_node-1] [INFO] [1787309159.621853253] [slam_toolbox]: Metric Scores: Initial: 1.000000, IOU: 0.934597, Area: 0.966196, Num Con: 2, Reading: 0.683333, outcome score: -1.000000.
[lifelong_slam_toolbox_node-1] W20260821 10:46:00.062990 600212 preprocessor.cc:67] Specified options.num_threads: 50 exceeds maximum available from the threading model Ceres was compiled with: 8.  Bounding to maximum number available.
[lifelong_slam_toolbox_node-1] [INFO] [1787309160.424164214] [slam_toolbox]: Metric Scores: Initial: 1.000000, IOU: 0.935274, Area: 0.966534, Num Con: 2, Reading: 0.686111, outcome score: -1.000000.
[lifelong_slam_toolbox_node-1] 
[lifelong_slam_toolbox_node-1] Solver Summary (v 2.2.0-eigen-(3.4.0)-lapack-suitesparse-(7.6.1)-eigensparse)
[lifelong_slam_toolbox_node-1] 
[lifelong_slam_toolbox_node-1]                                      Original                  Reduced
[lifelong_slam_toolbox_node-1] Parameter blocks                           69                       39
[lifelong_slam_toolbox_node-1] Parameters                                 69                       39
[lifelong_slam_toolbox_node-1] Residual blocks                            12                       12
[lifelong_slam_toolbox_node-1] Residuals                                  36                       36
[lifelong_slam_toolbox_node-1] 
[lifelong_slam_toolbox_node-1] Minimizer                        TRUST_REGION
[lifelong_slam_toolbox_node-1] Trust region strategy     LEVENBERG_MARQUARDT
[lifelong_slam_toolbox_node-1] Sparse linear algebra library    SUITE_SPARSE 
[lifelong_slam_toolbox_node-1] 
[lifelong_slam_toolbox_node-1]                                         Given                     Used
[lifelong_slam_toolbox_node-1] Linear solver          SPARSE_NORMAL_CHOLESKY   SPARSE_NORMAL_CHOLESKY
[lifelong_slam_toolbox_node-1] Threads                                    50                        8
[lifelong_slam_toolbox_node-1] Linear solver ordering              AUTOMATIC                       39
[lifelong_slam_toolbox_node-1] 
[lifelong_slam_toolbox_node-1] Cost:
[lifelong_slam_toolbox_node-1] Initial                          4.654534e-28
[lifelong_slam_toolbox_node-1] Final                            4.654534e-28
[lifelong_slam_toolbox_node-1] Change                           0.000000e+00
[lifelong_slam_toolbox_node-1] 
[lifelong_slam_toolbox_node-1] Minimizer iterations                        1
[lifelong_slam_toolbox_node-1] Successful steps                            1
[lifelong_slam_toolbox_node-1] Unsuccessful steps                          0
[lifelong_slam_toolbox_node-1] 
[lifelong_slam_toolbox_node-1] Time (in seconds):
[lifelong_slam_toolbox_node-1] Preprocessor                         0.000727
[lifelong_slam_toolbox_node-1] 
[lifelong_slam_toolbox_node-1]   Residual only evaluation           0.000000 (0)
[lifelong_slam_toolbox_node-1]   Jacobian & residual evaluation     0.000062 (1)
[lifelong_slam_toolbox_node-1]   Linear solver                      0.000000 (0)
[lifelong_slam_toolbox_node-1] Minimizer                            0.000098
[lifelong_slam_toolbox_node-1] 
[lifelong_slam_toolbox_node-1] Postprocessor                        0.000006
[lifelong_slam_toolbox_node-1] Total                                0.000831
[lifelong_slam_toolbox_node-1] 
[lifelong_slam_toolbox_node-1] Termination:                      CONVERGENCE (Gradient tolerance reached. Gradient max norm: 6.206147e-13 <= 1.000000e-06)
[lifelong_slam_toolbox_node-1] 
[lifelong_slam_toolbox_node-1] 
[lifelong_slam_toolbox_node-1] Solver Summary (v 2.2.0-eigen-(3.4.0)-lapack-suitesparse-(7.6.1)-eigensparse)
[lifelong_slam_toolbox_node-1] 
[lifelong_slam_toolbox_node-1]                                      Original                  Reduced
[lifelong_slam_toolbox_node-1] Parameter blocks                           72                       42
[lifelong_slam_toolbox_node-1] Parameters                                 72                       42
[lifelong_slam_toolbox_node-1] Residual blocks                            13                       13
[lifelong_slam_toolbox_node-1] Residuals                                  39                       39
[lifelong_slam_toolbox_node-1] 
[lifelong_slam_toolbox_node-1] Minimizer                        TRUST_REGION
[lifelong_slam_toolbox_node-1] Trust region strategy     LEVENBERG_MARQUARDT
[lifelong_slam_toolbox_node-1] Sparse linear algebra library    SUITE_SPARSE 
[lifelong_slam_toolbox_node-1] 
[lifelong_slam_toolbox_node-1]                                         Given                     Used
[lifelong_slam_toolbox_node-1] Linear solver          SPARSE_NORMAL_CHOLESKY   SPARSE_NORMAL_CHOLESKY
[lifelong_slam_toolbox_node-1] Threads                                    50                        8
[lifelong_slam_toolbox_node-1] Linear solver ordering              AUTOMATIC                       42
[lifelong_slam_toolbox_node-1] 
[lifelong_slam_toolbox_node-1] Cost:
[lifelong_slam_toolbox_node-1] Initial                          6.922088e-02
[lifelong_slam_toolbox_node-1] Final                            1.723180e-08
[lifelong_slam_toolbox_node-1] Change                           6.922086e-02
[lifelong_slam_toolbox_node-1] 
[lifelong_slam_toolbox_node-1] Minimizer iterations                        2
[lifelong_slam_toolbox_node-1] Successful steps                            2
[lifelong_slam_toolbox_node-1] Unsuccessful steps                          0
[lifelong_slam_toolbox_node-1] 
[lifelong_slam_toolbox_node-1] Time (in seconds):
[lifelong_slam_toolbox_node-1] Preprocessor                         0.000205
[lifelong_slam_toolbox_node-1] 
[lifelong_slam_toolbox_node-1]   Residual only evaluation           0.000017 (2)
[lifelong_slam_toolbox_node-1]   Jacobian & residual evaluation     0.000693 (2)
[lifelong_slam_toolbox_node-1]   Linear solver                      0.000255 (2)
[lifelong_slam_toolbox_node-1] Minimizer                            0.001061
[lifelong_slam_toolbox_node-1] 
[lifelong_slam_toolbox_node-1] Postprocessor                        0.000007
[lifelong_slam_toolbox_node-1] Total                                0.001273
[lifelong_slam_toolbox_node-1] 
[lifelong_slam_toolbox_node-1] Termination:                      CONVERGENCE (Parameter tolerance reached. Relative step_norm: 7.049883e-07 <= 1.000000e-03.)
[lifelong_slam_toolbox_node-1] 
[lifelong_slam_toolbox_node-1] W20260821 10:46:01.239526 600212 preprocessor.cc:67] Specified options.num_threads: 50 exceeds maximum available from the threading model Ceres was compiled with: 8.  Bounding to maximum number available.
[lifelong_slam_toolbox_node-1] [INFO] [1787309161.240516652] [slam_toolbox]: Metric Scores: Initial: 1.000000, IOU: 0.934827, Area: 0.966336, Num Con: 2, Reading: 0.686111, outcome score: -1.000000.
[lifelong_slam_toolbox_node-1] [INFO] [1787309162.017446875] [slam_toolbox]: Metric Scores: Initial: 1.000000, IOU: 0.933576, Area: 0.965623, Num Con: 2, Reading: 0.683333, outcome score: -1.000000.
[lifelong_slam_toolbox_node-1] W20260821 10:46:02.841243 600212 preprocessor.cc:67] Specified options.num_threads: 50 exceeds maximum available from the threading model Ceres was compiled with: 8.  Bounding to maximum number available.
[lifelong_slam_toolbox_node-1] [INFO] [1787309162.842051557] [slam_toolbox]: Metric Scores: Initial: 1.000000, IOU: 0.937644, Area: 0.967754, Num Con: 2, Reading: 0.683333, outcome score: -1.000000.
[lifelong_slam_toolbox_node-1] [INFO] [1787309163.218965106] [slam_toolbox]: Metric Scores: Initial: 1.000000, IOU: 0.942146, Area: 0.970170, Num Con: 2, Reading: 0.686111, outcome score: -1.000000.
[lifelong_slam_toolbox_node-1] [INFO] [1787309164.017973749] [slam_toolbox]: Metric Scores: Initial: 1.000000, IOU: 0.943811, Area: 0.971005, Num Con: 3, Reading: 0.686111, outcome score: 0.999000.
[lifelong_slam_toolbox_node-1] W20260821 10:46:04.439277 600212 preprocessor.cc:67] Specified options.num_threads: 50 exceeds maximum available from the threading model Ceres was compiled with: 8.  Bounding to maximum number available.
[lifelong_slam_toolbox_node-1] 
[lifelong_slam_toolbox_node-1] Solver Summary (v 2.2.0-eigen-(3.4.0)-lapack-suitesparse-(7.6.1)-eigensparse)
[lifelong_slam_toolbox_node-1] 
[lifelong_slam_toolbox_node-1]                                      Original                  Reduced
[lifelong_slam_toolbox_node-1] Parameter blocks                           78                       48
[lifelong_slam_toolbox_node-1] Parameters                                 78                       48
[lifelong_slam_toolbox_node-1] Residual blocks                            15                       15
[lifelong_slam_toolbox_node-1] Residuals                                  45                       45
[lifelong_slam_toolbox_node-1] 
[lifelong_slam_toolbox_node-1] Minimizer                        TRUST_REGION
[lifelong_slam_toolbox_node-1] Trust region strategy     LEVENBERG_MARQUARDT
[lifelong_slam_toolbox_node-1] Sparse linear algebra library    SUITE_SPARSE 
[lifelong_slam_toolbox_node-1] 
[lifelong_slam_toolbox_node-1]                                         Given                     Used
[lifelong_slam_toolbox_node-1] Linear solver          SPARSE_NORMAL_CHOLESKY   SPARSE_NORMAL_CHOLESKY
[lifelong_slam_toolbox_node-1] Threads                                    50                        8
[lifelong_slam_toolbox_node-1] Linear solver ordering              AUTOMATIC                       48
[lifelong_slam_toolbox_node-1] 
[lifelong_slam_toolbox_node-1] Cost:
[lifelong_slam_toolbox_node-1] Initial                          1.722174e-08
[lifelong_slam_toolbox_node-1] Final                            1.108286e-14
[lifelong_slam_toolbox_node-1] Change                           1.722173e-08
[lifelong_slam_toolbox_node-1] 
[lifelong_slam_toolbox_node-1] Minimizer iterations                        2
[lifelong_slam_toolbox_node-1] Successful steps                            2
[lifelong_slam_toolbox_node-1] Unsuccessful steps                          0
[lifelong_slam_toolbox_node-1] 
[lifelong_slam_toolbox_node-1] Time (in seconds):
[lifelong_slam_toolbox_node-1] Preprocessor                         0.000189
[lifelong_slam_toolbox_node-1] 
[lifelong_slam_toolbox_node-1]   Residual only evaluation           0.000036 (2)
[lifelong_slam_toolbox_node-1]   Jacobian & residual evaluation     0.000106 (2)
[lifelong_slam_toolbox_node-1]   Linear solver                      0.000120 (2)
[lifelong_slam_toolbox_node-1] Minimizer                            0.000385
[lifelong_slam_toolbox_node-1] 
[lifelong_slam_toolbox_node-1] Postprocessor                        0.000004
[lifelong_slam_toolbox_node-1] Total                                0.000578
[lifelong_slam_toolbox_node-1] 
[lifelong_slam_toolbox_node-1] Termination:                      CONVERGENCE (Parameter tolerance reached. Relative step_norm: 8.006893e-10 <= 1.000000e-03.)
[lifelong_slam_toolbox_node-1] 
[lifelong_slam_toolbox_node-1] 
[lifelong_slam_toolbox_node-1] Solver Summary (v 2.2.0-eigen-(3.4.0)-lapack-suitesparse-(7.6.1)-eigensparse)
[lifelong_slam_toolbox_node-1] 
[lifelong_slam_toolbox_node-1]                                      Original                  Reduced
[lifelong_slam_toolbox_node-1] Parameter blocks                           84                       51
[lifelong_slam_toolbox_node-1] Parameters                                 84                       51
[lifelong_slam_toolbox_node-1] Residual blocks                            16                       16
[lifelong_slam_toolbox_node-1] Residuals                                  48                       48
[lifelong_slam_toolbox_node-1] 
[lifelong_slam_toolbox_node-1] Minimizer                        TRUST_REGION
[lifelong_slam_toolbox_node-1] Trust region strategy     LEVENBERG_MARQUARDT
[lifelong_slam_toolbox_node-1] Sparse linear algebra library    SUITE_SPARSE 
[lifelong_slam_toolbox_node-1] 
[lifelong_slam_toolbox_node-1]                                         Given                     Used
[lifelong_slam_toolbox_node-1] Linear solver          SPARSE_NORMAL_CHOLESKY   SPARSE_NORMAL_CHOLESKY
[lifelong_slam_toolbox_node-1] Threads                                    50                        8
[lifelong_slam_toolbox_node-1] Linear solver ordering              AUTOMATIC                       51
[lifelong_slam_toolbox_node-1] 
[lifelong_slam_toolbox_node-1] Cost:
[lifelong_slam_toolbox_node-1] Initial                          8.692501e-15
[lifelong_slam_toolbox_node-1] Final                            3.439876e-20
[lifelong_slam_toolbox_node-1] Change                           8.692466e-15
[lifelong_slam_toolbox_node-1] 
[lifelong_slam_toolbox_node-1] Minimizer iterations                        2
[lifelong_slam_toolbox_node-1] Successful steps                            2
[lifelong_slam_toolbox_node-1] Unsuccessful steps                          0
[lifelong_slam_toolbox_node-1] 
[lifelong_slam_toolbox_node-1] Time (in seconds):
[lifelong_slam_toolbox_node-1] Preprocessor                         0.000189
[lifelong_slam_toolbox_node-1] 
[lifelong_slam_toolbox_node-1]   Residual only evaluation           0.000068 (1)
[lifelong_slam_toolbox_node-1]   Jacobian & residual evaluation     0.000109 (2)
[lifelong_slam_toolbox_node-1]   Linear solver                      0.000080 (1)
[lifelong_slam_toolbox_node-1] Minimizer                            0.000323
[lifelong_slam_toolbox_node-1] 
[lifelong_slam_toolbox_node-1] Postprocessor                        0.000005
[lifelong_slam_toolbox_node-1] Total                                0.000518
[lifelong_slam_toolbox_node-1] 
[lifelong_slam_toolbox_node-1] Termination:                      CONVERGENCE (Gradient tolerance reached. Gradient max norm: 4.933761e-09 <= 1.000000e-06)
[lifelong_slam_toolbox_node-1] 
[lifelong_slam_toolbox_node-1] 
[lifelong_slam_toolbox_node-1] Solver Summary (v 2.2.0-eigen-(3.4.0)-lapack-suitesparse-(7.6.1)-eigensparse)
[lifelong_slam_toolbox_node-1] 
[lifelong_slam_toolbox_node-1]                                      Original                  Reduced
[lifelong_slam_toolbox_node-1] Parameter blocks                           90                       54
[lifelong_slam_toolbox_node-1] Parameters                                 90                       54
[lifelong_slam_toolbox_node-1] Residual blocks                            17                       17
[lifelong_slam_toolbox_node-1] Residuals                                  51                       51
[lifelong_slam_toolbox_node-1] 
[lifelong_slam_toolbox_node-1] Minimizer                        TRUST_REGION
[lifelong_slam_toolbox_node-1] Trust region strategy     LEVENBERG_MARQUARDT
[lifelong_slam_toolbox_node-1] Sparse linear algebra library    SUITE_SPARSE 
[lifelong_slam_toolbox_node-1] 
[lifelong_slam_toolbox_node-1]                                         Given                     Used
[lifelong_slam_toolbox_node-1] Linear solver          SPARSE_NORMAL_CHOLESKY   SPARSE_NORMAL_CHOLESKY
[lifelong_slam_toolbox_node-1] Threads                                    50                        8
[lifelong_slam_toolbox_node-1] [INFO] [1787309164.439919942] [slam_toolbox]: Metric Scores: Initial: 1.000000, IOU: 0.940591, Area: 0.969310, Num Con: 2, Reading: 0.683333, outcome score: -1.000000.
[lifelong_slam_toolbox_node-1] [INFO] [1787309164.439957242] [slam_toolbox]: Metric Scores: Initial: 0.999000, IOU: 0.937213, Area: 0.967455, Num Con: 3, Reading: 0.686111, outcome score: 0.997959.
[lifelong_slam_toolbox_node-1] [INFO] [1787309165.217381968] [slam_toolbox]: Metric Scores: Initial: 1.000000, IOU: 0.929592, Area: 0.963340, Num Con: 3, Reading: 0.683333, outcome score: 0.999000.
[lifelong_slam_toolbox_node-1] Linear solver ordering              AUTOMATIC                       54
[lifelong_slam_toolbox_node-1] 
[lifelong_slam_toolbox_node-1] Cost:
[lifelong_slam_toolbox_node-1] Initial                          2.674583e-20
[lifelong_slam_toolbox_node-1] Final                            2.674583e-20
[lifelong_slam_toolbox_node-1] Change                           0.000000e+00
[lifelong_slam_toolbox_node-1] 
[lifelong_slam_toolbox_node-1] Minimizer iterations                        1
[lifelong_slam_toolbox_node-1] Successful steps                            1
[lifelong_slam_toolbox_node-1] Unsuccessful steps                          0
[lifelong_slam_toolbox_node-1] 
[lifelong_slam_toolbox_node-1] Time (in seconds):
[lifelong_slam_toolbox_node-1] Preprocessor                         0.000170
[lifelong_slam_toolbox_node-1] 
[lifelong_slam_toolbox_node-1]   Residual only evaluation           0.000000 (0)
[lifelong_slam_toolbox_node-1]   Jacobian & residual evaluation     0.000088 (1)
[lifelong_slam_toolbox_node-1]   Linear solver                      0.000000 (0)
[lifelong_slam_toolbox_node-1] Minimizer                            0.000115
[lifelong_slam_toolbox_node-1] 
[lifelong_slam_toolbox_node-1] Postprocessor                        0.000015
[lifelong_slam_toolbox_node-1] Total                                0.000300
[lifelong_slam_toolbox_node-1] 
[lifelong_slam_toolbox_node-1] Termination:                      CONVERGENCE (Gradient tolerance reached. Gradient max norm: 1.562195e-08 <= 1.000000e-06)
[lifelong_slam_toolbox_node-1] 
[lifelong_slam_toolbox_node-1] W20260821 10:46:05.659094 600212 preprocessor.cc:67] Specified options.num_threads: 50 exceeds maximum available from the threading model Ceres was compiled with: 8.  Bounding to maximum number available.
[lifelong_slam_toolbox_node-1] [INFO] [1787309165.660141974] [slam_toolbox]: Metric Scores: Initial: 1.000000, IOU: 0.923113, Area: 0.959945, Num Con: 2, Reading: 0.686111, outcome score: -1.000000.
[lifelong_slam_toolbox_node-1] [INFO] [1787309165.660205875] [slam_toolbox]: Metric Scores: Initial: 0.999000, IOU: 0.920515, Area: 0.958466, Num Con: 3, Reading: 0.683333, outcome score: 0.997959.
[lifelong_slam_toolbox_node-1] [INFO] [1787309166.434394783] [slam_toolbox]: Metric Scores: Initial: 1.000000, IOU: 0.911535, Area: 0.953612, Num Con: 2, Reading: 0.686111, outcome score: -1.000000.
[lifelong_slam_toolbox_node-1] [INFO] [1787309166.818039368] [slam_toolbox]: Metric Scores: Initial: 1.000000, IOU: 0.906684, Area: 0.950875, Num Con: 2, Reading: 0.683333, outcome score: -1.000000.
[lifelong_slam_toolbox_node-1] [INFO] [1787309167.619515724] [slam_toolbox]: Metric Scores: Initial: 1.000000, IOU: 0.897047, Area: 0.945621, Num Con: 2, Reading: 0.441667, outcome score: -1.000000.
[lifelong_slam_toolbox_node-1] W20260821 10:46:08.441603 600212 preprocessor.cc:67] Specified options.num_threads: 50 exceeds maximum available from the threading model Ceres was compiled with: 8.  Bounding to maximum number available.
[lifelong_slam_toolbox_node-1] [INFO] [1787309168.442440397] [slam_toolbox]: Metric Scores: Initial: 1.000000, IOU: 0.832039, Area: 0.907488, Num Con: 2, Reading: 0.422222, outcome score: 0.973667.
[lifelong_slam_toolbox_node-1] [INFO] [1787309168.442485197] [slam_toolbox]: Metric Scores: Initial: 0.997959, IOU: 0.833243, Area: 0.908192, Num Con: 2, Reading: 0.425000, outcome score: 0.971459.
[lifelong_slam_toolbox_node-1] [INFO] [1787309168.442509797] [slam_toolbox]: Metric Scores: Initial: 1.000000, IOU: 0.887910, Area: 0.939889, Num Con: 3, Reading: 0.441667, outcome score: 0.999000.
[lifelong_slam_toolbox_node-1] [INFO] [1787309168.818184239] [slam_toolbox]: Metric Scores: Initial: 0.973667, IOU: 0.820935, Area: 0.900881, Num Con: 2, Reading: 0.422222, outcome score: 0.947333.
[lifelong_slam_toolbox_node-1] [INFO] [1787309168.818252540] [slam_toolbox]: Metric Scores: Initial: 0.971459, IOU: 0.822122, Area: 0.901583, Num Con: 2, Reading: 0.425000, outcome score: 0.944959.
[lifelong_slam_toolbox_node-1] [INFO] [1787309168.818281040] [slam_toolbox]: Metric Scores: Initial: 1.000000, IOU: 0.883534, Area: 0.937481, Num Con: 2, Reading: 0.444444, outcome score: -1.000000.
[lifelong_slam_toolbox_node-1] [INFO] [1787309168.818291240] [slam_toolbox]: Metric Scores: Initial: 0.999000, IOU: 0.875937, Area: 0.933178, Num Con: 3, Reading: 0.441667, outcome score: 0.997973.
[lifelong_slam_toolbox_node-1] [INFO] [1787309169.217274308] [slam_toolbox]: Metric Scores: Initial: 0.947333, IOU: 0.810074, Area: 0.894279, Num Con: 2, Reading: 0.422222, outcome score: 0.921000.
[lifelong_slam_toolbox_node-1] [INFO] [1787309169.217327009] [slam_toolbox]: Metric Scores: Initial: 0.944959, IOU: 0.811245, Area: 0.894980, Num Con: 2, Reading: 0.425000, outcome score: 0.918459.
[lifelong_slam_toolbox_node-1] [INFO] [1787309169.618442389] [slam_toolbox]: Metric Scores: Initial: 0.921000, IOU: 0.798732, Area: 0.887321, Num Con: 2, Reading: 0.419444, outcome score: 0.894833.
[lifelong_slam_toolbox_node-1] [INFO] [1787309169.618546589] [slam_toolbox]: Metric Scores: Initial: 0.918459, IOU: 0.799886, Area: 0.888020, Num Con: 2, Reading: 0.425000, outcome score: 0.891959.
[lifelong_slam_toolbox_node-1] [INFO] [1787309169.618577389] [slam_toolbox]: Metric Scores: Initial: 1.000000, IOU: 0.877880, Area: 0.934285, Num Con: 3, Reading: 0.438889, outcome score: 0.999000.
[lifelong_slam_toolbox_node-1] W20260821 10:46:10.044648 600212 preprocessor.cc:67] Specified options.num_threads: 50 exceeds maximum available from the threading model Ceres was compiled with: 8.  Bounding to maximum number available.
[lifelong_slam_toolbox_node-1] 
[lifelong_slam_toolbox_node-1] Solver Summary (v 2.2.0-eigen-(3.4.0)-lapack-suitesparse-(7.6.1)-eigensparse)
[lifelong_slam_toolbox_node-1] 
[lifelong_slam_toolbox_node-1]                                      Original                  Reduced
[lifelong_slam_toolbox_node-1] Parameter blocks                           96                       63
[lifelong_slam_toolbox_node-1] Parameters                                 96                       63
[lifelong_slam_toolbox_node-1] Residual blocks                            19                       19
[lifelong_slam_toolbox_node-1] Residuals                                  57                       57
[lifelong_slam_toolbox_node-1] 
[lifelong_slam_toolbox_node-1] Minimizer                        TRUST_REGION
[lifelong_slam_toolbox_node-1] Trust region strategy     LEVENBERG_MARQUARDT
[lifelong_slam_toolbox_node-1] Sparse linear algebra library    SUITE_SPARSE 
[lifelong_slam_toolbox_node-1] 
[lifelong_slam_toolbox_node-1]                                         Given                     Used
[lifelong_slam_toolbox_node-1] Linear solver          SPARSE_NORMAL_CHOLESKY   SPARSE_NORMAL_CHOLESKY
[lifelong_slam_toolbox_node-1] Threads                                    50                        8
[lifelong_slam_toolbox_node-1] Linear solver ordering              AUTOMATIC                       63
[lifelong_slam_toolbox_node-1] 
[lifelong_slam_toolbox_node-1] Cost:
[lifelong_slam_toolbox_node-1] Initial                          2.719808e-02
[lifelong_slam_toolbox_node-1] Final                            9.621960e-10
[lifelong_slam_toolbox_node-1] Change                           2.719808e-02
[lifelong_slam_toolbox_node-1] 
[lifelong_slam_toolbox_node-1] Minimizer iterations                        2
[lifelong_slam_toolbox_node-1] Successful steps                            2
[lifelong_slam_toolbox_node-1] Unsuccessful steps                          0
[lifelong_slam_toolbox_node-1] 
[lifelong_slam_toolbox_node-1] Time (in seconds):
[lifelong_slam_toolbox_node-1] Preprocessor                         0.001629
[lifelong_slam_toolbox_node-1] 
[lifelong_slam_toolbox_node-1]   Residual only evaluation           0.000023 (2)
[lifelong_slam_toolbox_node-1]   Jacobian & residual evaluation     0.000134 (2)
[lifelong_slam_toolbox_node-1]   Linear solver                      0.000145 (2)
[lifelong_slam_toolbox_node-1] Minimizer                            0.000408
[lifelong_slam_toolbox_node-1] 
[lifelong_slam_toolbox_node-1] Postprocessor                        0.000008
[lifelong_slam_toolbox_node-1] Total                                0.002045
[lifelong_slam_toolbox_node-1] 
[lifelong_slam_toolbox_node-1] Termination:                      CONVERGENCE (Parameter tolerance reached. Relative step_norm: 4.936004e-07 <= 1.000000e-03.)
[lifelong_slam_toolbox_node-1] 
[lifelong_slam_toolbox_node-1] 
[lifelong_slam_toolbox_node-1] Solver Summary (v 2.2.0-eigen-(3.4.0)-lapack-suitesparse-(7.6.1)-eigensparse)
[lifelong_slam_toolbox_node-1] 
[lifelong_slam_toolbox_node-1]                                      Original                  Reduced
[lifelong_slam_toolbox_node-1] Parameter blocks                          105                       63
[lifelong_slam_toolbox_node-1] Parameters                                105                       63
[lifelong_slam_toolbox_node-1] Residual blocks                            19                       19
[lifelong_slam_toolbox_node-1] Residuals                                  57                       57
[lifelong_slam_toolbox_node-1] 
[lifelong_slam_toolbox_node-1] Minimizer                        TRUST_REGION
[lifelong_slam_toolbox_node-1] Trust region strategy     LEVENBERG_MARQUARDT
[lifelong_slam_toolbox_node-1] Sparse linear algebra library    SUITE_SPARSE 
[lifelong_slam_toolbox_node-1] 
[lifelong_slam_toolbox_node-1]                                         Given                     Used
[lifelong_slam_toolbox_node-1] Linear solver          SPARSE_NORMAL_CHOLESKY   SPARSE_NORMAL_CHOLESKY
[lifelong_slam_toolbox_node-1] Threads                                    50                        8
[lifelong_slam_toolbox_node-1] Linear solver ordering              AUTOMATIC                       63
[lifelong_slam_toolbox_node-1] 
[lifelong_slam_toolbox_node-1] Cost:
[lifelong_slam_toolbox_node-1] Initial                          7.659459e-10
[lifelong_slam_toolbox_node-1] Final                            1.638591e-15
[lifelong_slam_toolbox_node-1] Change                           7.659443e-10
[lifelong_slam_toolbox_node-1] 
[lifelong_slam_toolbox_node-1] Minimizer iterations                        2
[lifelong_slam_toolbox_node-1] Successful steps                            2
[lifelong_slam_toolbox_node-1] Unsuccessful steps                          0
[lifelong_slam_toolbox_node-1] 
[lifelong_slam_toolbox_node-1] Time (in seconds):
[lifelong_slam_toolbox_node-1] Preprocessor                         0.000182
[lifelong_slam_toolbox_node-1] 
[lifelong_slam_toolbox_node-1]   Residual only evaluation           0.000012 (1)
[lifelong_slam_toolbox_node-1]   Jacobian & residual evaluation     0.000089 (2)
[lifelong_slam_toolbox_node-1]   Linear solver                      0.000086 (1)
[lifelong_slam_toolbox_node-1] Minimizer                            0.000267
[lifelong_slam_toolbox_node-1] 
[lifelong_slam_toolbox_node-1] Postprocessor                        0.000004
[lifelong_slam_toolbox_node-1] Total                                0.000453
[lifelong_slam_toolbox_node-1] 
[lifelong_slam_toolbox_node-1] Termination:                      CONVERGENCE (Gradient tolerance reached. Gradient max norm: 4.364333e-07 <= 1.000000e-06)
[lifelong_slam_toolbox_node-1] 
[lifelong_slam_toolbox_node-1] 
[lifelong_slam_toolbox_node-1] Solver Summary (v 2.2.0-eigen-(3.4.0)-lapack-suitesparse-(7.6.1)-eigensparse)
[lifelong_slam_toolbox_node-1] 
[lifelong_slam_toolbox_node-1]                                      Original                  Reduced
[lifelong_slam_toolbox_node-1] Parameter blocks                          114                       72
[lifelong_slam_toolbox_node-1] Parameters                                114                       72
[lifelong_slam_toolbox_node-1] Residual blocks                            22                       22
[lifelong_slam_toolbox_node-1] Residuals                                  66                       66
[lifelong_slam_toolbox_node-1] 
[lifelong_slam_toolbox_node-1] Minimizer                        TRUST_REGION
[lifelong_slam_toolbox_node-1] Trust region strategy     LEVENBERG_MARQUARDT
[lifelong_slam_toolbox_node-1] Sparse linear algebra library    SUITE_SPARSE 
[lifelong_slam_toolbox_node-1] 
[lifelong_slam_toolbox_node-1]                                         Given                     Used
[lifelong_slam_toolbox_node-1] Linear solver          SPARSE_NORMAL_CHOLESKY   SPARSE_NORMAL_CHOLESKY
[lifelong_slam_toolbox_node-1] Threads                                    50                        8
[lifelong_slam_toolbox_node-1] [INFO] [1787309170.045653310] [slam_toolbox]: Metric Scores: Initial: 1.000000, IOU: 0.795335, Area: 0.885259, Num Con: 2, Reading: 0.427778, outcome score: 0.973333.
[lifelong_slam_toolbox_node-1] [INFO] [1787309170.045694811] [slam_toolbox]: Metric Scores: Initial: 0.997959, IOU: 0.799938, Area: 0.888072, Num Con: 2, Reading: 0.427778, outcome score: 0.971292.
[lifelong_slam_toolbox_node-1] [INFO] [1787309170.045712111] [slam_toolbox]: Metric Scores: Initial: 0.894833, IOU: 0.789148, Area: 0.881377, Num Con: 2, Reading: 0.419444, outcome score: 0.868667.
[lifelong_slam_toolbox_node-1] [INFO] [1787309170.045721911] [slam_toolbox]: Metric Scores: Initial: 0.891959, IOU: 0.790285, Area: 0.882074, Num Con: 2, Reading: 0.422222, outcome score: 0.865625.
[lifelong_slam_toolbox_node-1] [INFO] [1787309170.045737211] [slam_toolbox]: Metric Scores: Initial: 1.000000, IOU: 0.877314, Area: 0.934035, Num Con: 2, Reading: 0.433333, outcome score: -1.000000.
[lifelong_slam_toolbox_node-1] [INFO] [1787309170.045747011] [slam_toolbox]: Metric Scores: Initial: 0.999000, IOU: 0.867144, Area: 0.928173, Num Con: 3, Reading: 0.436111, outcome score: 0.997974.
[lifelong_slam_toolbox_node-1] [INFO] [1787309170.418231435] [slam_toolbox]: Metric Scores: Initial: 0.973333, IOU: 0.785334, Area: 0.879008, Num Con: 2, Reading: 0.427778, outcome score: 0.946667.
[lifelong_slam_toolbox_node-1] [INFO] [1787309170.418295036] [slam_toolbox]: Metric Scores: Initial: 0.971292, IOU: 0.789871, Area: 0.881811, Num Con: 2, Reading: 0.425000, outcome score: 0.944792.
[lifelong_slam_toolbox_node-1] [INFO] [1787309170.418364836] [slam_toolbox]: Metric Scores: Initial: 0.868667, IOU: 0.779234, Area: 0.875138, Num Con: 2, Reading: 0.419444, outcome score: 0.842500.
[lifelong_slam_toolbox_node-1] [INFO] [1787309170.418381236] [slam_toolbox]: Metric Scores: Initial: 0.865625, IOU: 0.780356, Area: 0.875832, Num Con: 2, Reading: 0.422222, outcome score: 0.839292.
[lifelong_slam_toolbox_node-1] Linear solver ordering              AUTOMATIC                       72
[lifelong_slam_toolbox_node-1] 
[lifelong_slam_toolbox_node-1] Cost:
[lifelong_slam_toolbox_node-1] Initial                          1.173437e-15
[lifelong_slam_toolbox_node-1] Final                            1.859420e-20
[lifelong_slam_toolbox_node-1] Change                           1.173418e-15
[lifelong_slam_toolbox_node-1] 
[lifelong_slam_toolbox_node-1] Minimizer iterations                        2
[lifelong_slam_toolbox_node-1] Successful steps                            2
[lifelong_slam_toolbox_node-1] Unsuccessful steps                          0
[lifelong_slam_toolbox_node-1] 
[lifelong_slam_toolbox_node-1] Time (in seconds):
[lifelong_slam_toolbox_node-1] Preprocessor                         0.000198
[lifelong_slam_toolbox_node-1] 
[lifelong_slam_toolbox_node-1]   Residual only evaluation           0.000012 (1)
[lifelong_slam_toolbox_node-1]   Jacobian & residual evaluation     0.000116 (2)
[lifelong_slam_toolbox_node-1]   Linear solver                      0.000106 (1)
[lifelong_slam_toolbox_node-1] Minimizer                            0.000335
[lifelong_slam_toolbox_node-1] 
[lifelong_slam_toolbox_node-1] Postprocessor                        0.000007
[lifelong_slam_toolbox_node-1] Total                                0.000540
[lifelong_slam_toolbox_node-1] 
[lifelong_slam_toolbox_node-1] Termination:                      CONVERGENCE (Gradient tolerance reached. Gradient max norm: 1.236891e-09 <= 1.000000e-06)
[lifelong_slam_toolbox_node-1] 
[lifelong_slam_toolbox_node-1] [INFO] [1787309170.817906308] [slam_toolbox]: Metric Scores: Initial: 0.946667, IOU: 0.775414, Area: 0.872737, Num Con: 2, Reading: 0.427778, outcome score: 0.920000.
[lifelong_slam_toolbox_node-1] [INFO] [1787309170.817966708] [slam_toolbox]: Metric Scores: Initial: 0.944792, IOU: 0.779890, Area: 0.875534, Num Con: 2, Reading: 0.425000, outcome score: 0.918292.
[lifelong_slam_toolbox_node-1] [INFO] [1787309170.817988608] [slam_toolbox]: Metric Scores: Initial: 0.842500, IOU: 0.769389, Area: 0.868872, Num Con: 2, Reading: 0.419444, outcome score: 0.816333.
[lifelong_slam_toolbox_node-1] [INFO] [1787309170.818002908] [slam_toolbox]: Metric Scores: Initial: 0.839292, IOU: 0.770498, Area: 0.869566, Num Con: 2, Reading: 0.422222, outcome score: 0.812959.
[lifelong_slam_toolbox_node-1] [INFO] [1787309170.818016008] [slam_toolbox]: Metric Scores: Initial: 1.000000, IOU: 0.874914, Area: 0.932661, Num Con: 2, Reading: 0.441667, outcome score: -1.000000.
[lifelong_slam_toolbox_node-1] [INFO] [1787309171.218967087] [slam_toolbox]: Metric Scores: Initial: 0.920000, IOU: 0.766856, Area: 0.867308, Num Con: 2, Reading: 0.425000, outcome score: 0.893500.
[lifelong_slam_toolbox_node-1] [INFO] [1787309171.219029188] [slam_toolbox]: Metric Scores: Initial: 0.918292, IOU: 0.771278, Area: 0.870097, Num Con: 2, Reading: 0.425000, outcome score: 0.891792.
[lifelong_slam_toolbox_node-1] [INFO] [1787309171.219051588] [slam_toolbox]: Metric Scores: Initial: 0.816333, IOU: 0.760902, Area: 0.863451, Num Con: 2, Reading: 0.416667, outcome score: 0.790333.
[lifelong_slam_toolbox_node-1] [INFO] [1787309171.219066588] [slam_toolbox]: Metric Scores: Initial: 0.812959, IOU: 0.761998, Area: 0.864144, Num Con: 2, Reading: 0.422222, outcome score: 0.786625.
[lifelong_slam_toolbox_node-1] [INFO] [1787309171.617971156] [slam_toolbox]: Metric Scores: Initial: 0.893500, IOU: 0.758137, Area: 0.861682, Num Con: 2, Reading: 0.375000, outcome score: 0.870000.
[lifelong_slam_toolbox_node-1] [INFO] [1787309171.618029456] [slam_toolbox]: Metric Scores: Initial: 0.891792, IOU: 0.762500, Area: 0.864463, Num Con: 2, Reading: 0.375000, outcome score: 0.868292.
[lifelong_slam_toolbox_node-1] [INFO] [1787309171.618052156] [slam_toolbox]: Metric Scores: Initial: 0.790333, IOU: 0.752261, Area: 0.857839, Num Con: 2, Reading: 0.366667, outcome score: 0.767333.
[lifelong_slam_toolbox_node-1] [INFO] [1787309171.618062656] [slam_toolbox]: Metric Scores: Initial: 1.000000, IOU: 0.877219, Area: 0.933953, Num Con: 2, Reading: 0.572222, outcome score: -1.000000.
[lifelong_slam_toolbox_node-1] [INFO] [1787309171.618073556] [slam_toolbox]: Metric Scores: Initial: 0.786625, IOU: 0.753343, Area: 0.858530, Num Con: 2, Reading: 0.375000, outcome score: 0.763126.
[lifelong_slam_toolbox_node-1] [INFO] [1787309172.024076363] [slam_toolbox]: Metric Scores: Initial: 0.870000, IOU: 0.750051, Area: 0.856454, Num Con: 2, Reading: 0.200000, outcome score: 0.857000.
[lifelong_slam_toolbox_node-1] [INFO] [1787309172.024132863] [slam_toolbox]: Metric Scores: Initial: 0.868292, IOU: 0.754367, Area: 0.859230, Num Con: 2, Reading: 0.197222, outcome score: 0.855459.
[lifelong_slam_toolbox_node-1] [INFO] [1787309172.024151763] [slam_toolbox]: Metric Scores: Initial: 0.767333, IOU: 0.744231, Area: 0.852612, Num Con: 2, Reading: 0.194444, outcome score: 0.754667.
[lifelong_slam_toolbox_node-1] [INFO] [1787309172.024162263] [slam_toolbox]: Metric Scores: Initial: 0.763126, IOU: 0.745304, Area: 0.853303, Num Con: 2, Reading: 0.200000, outcome score: 0.750126.
[lifelong_slam_toolbox_node-1] W20260821 10:46:12.460088 600212 preprocessor.cc:67] Specified options.num_threads: 50 exceeds maximum available from the threading model Ceres was compiled with: 8.  Bounding to maximum number available.
[lifelong_slam_toolbox_node-1] [INFO] [1787309172.461424940] [slam_toolbox]: Metric Scores: Initial: 0.857000, IOU: 0.742542, Area: 0.851516, Num Con: 2, Reading: 0.169444, outcome score: 0.845833.
[lifelong_slam_toolbox_node-1] [INFO] [1787309172.461498140] [slam_toolbox]: Metric Scores: Initial: 0.855459, IOU: 0.746804, Area: 0.854281, Num Con: 2, Reading: 0.166667, outcome score: 0.844459.
[lifelong_slam_toolbox_node-1] [INFO] [1787309172.461516940] [slam_toolbox]: Metric Scores: Initial: 1.000000, IOU: 0.881891, Area: 0.937254, Num Con: 3, Reading: 0.400000, outcome score: 0.999000.
[lifelong_slam_toolbox_node-1] [INFO] [1787309172.461532840] [slam_toolbox]: Metric Scores: Initial: 0.754667, IOU: 0.736800, Area: 0.847693, Num Con: 2, Reading: 0.161111, outcome score: 0.744000.
[lifelong_slam_toolbox_node-1] [INFO] [1787309172.461546441] [slam_toolbox]: Metric Scores: Initial: 0.750126, IOU: 0.737857, Area: 0.848381, Num Con: 2, Reading: 0.166667, outcome score: 0.739125.
[lifelong_slam_toolbox_node-1] [INFO] [1787309172.825406318] [slam_toolbox]: Metric Scores: Initial: 0.845833, IOU: 0.735812, Area: 0.847090, Num Con: 2, Reading: 0.169444, outcome score: 0.834667.
[lifelong_slam_toolbox_node-1] [INFO] [1787309172.825477818] [slam_toolbox]: Metric Scores: Initial: 0.844459, IOU: 0.740031, Area: 0.849849, Num Con: 2, Reading: 0.166667, outcome score: 0.833459.
[lifelong_slam_toolbox_node-1] [INFO] [1787309172.825554619] [slam_toolbox]: Metric Scores: Initial: 1.000000, IOU: 0.885604, Area: 0.939323, Num Con: 2, Reading: 0.405556, outcome score: -1.000000.
[lifelong_slam_toolbox_node-1] [INFO] [1787309172.825568519] [slam_toolbox]: Metric Scores: Initial: 0.999000, IOU: 0.873664, Area: 0.932610, Num Con: 3, Reading: 0.400000, outcome score: 0.997976.
[lifelong_slam_toolbox_node-1] [INFO] [1787309172.825583019] [slam_toolbox]: Metric Scores: Initial: 0.744000, IOU: 0.730128, Area: 0.843276, Num Con: 2, Reading: 0.161111, outcome score: 0.733333.
[lifelong_slam_toolbox_node-1] [INFO] [1787309172.825598619] [slam_toolbox]: Metric Scores: Initial: 0.739125, IOU: 0.731175, Area: 0.843963, Num Con: 2, Reading: 0.166667, outcome score: 0.728125.
[lifelong_slam_toolbox_node-1] [INFO] [1787309173.217963352] [slam_toolbox]: Metric Scores: Initial: 0.834667, IOU: 0.729785, Area: 0.843080, Num Con: 2, Reading: 0.169444, outcome score: 0.823500.
[lifelong_slam_toolbox_node-1] [INFO] [1787309173.218021752] [slam_toolbox]: Metric Scores: Initial: 0.833459, IOU: 0.733962, Area: 0.845831, Num Con: 2, Reading: 0.166667, outcome score: 0.822459.
[lifelong_slam_toolbox_node-1] [INFO] [1787309173.620033437] [slam_toolbox]: Metric Scores: Initial: 1.000000, IOU: 0.895202, Area: 0.944718, Num Con: 2, Reading: 0.411111, outcome score: -1.000000.
[lifelong_slam_toolbox_node-1] [INFO] [1787309173.620092037] [slam_toolbox]: Metric Scores: Initial: 0.823500, IOU: 0.723754, Area: 0.839044, Num Con: 2, Reading: 0.169444, outcome score: 0.812333.
[lifelong_slam_toolbox_node-1] [INFO] [1787309173.620108337] [slam_toolbox]: Metric Scores: Initial: 0.822459, IOU: 0.727898, Area: 0.841792, Num Con: 2, Reading: 0.166667, outcome score: 0.811459.
[lifelong_slam_toolbox_node-1] [INFO] [1787309174.018212701] [slam_toolbox]: Metric Scores: Initial: 1.000000, IOU: 0.899538, Area: 0.947145, Num Con: 2, Reading: 0.416667, outcome score: -1.000000.
[lifelong_slam_toolbox_node-1] [INFO] [1787309174.018272501] [slam_toolbox]: Metric Scores: Initial: 0.812333, IOU: 0.718549, Area: 0.835556, Num Con: 2, Reading: 0.169444, outcome score: 0.801167.
[lifelong_slam_toolbox_node-1] [INFO] [1787309174.018288701] [slam_toolbox]: Metric Scores: Initial: 0.811459, IOU: 0.722656, Area: 0.838296, Num Con: 2, Reading: 0.166667, outcome score: 0.800459.
[lifelong_slam_toolbox_node-1] W20260821 10:46:14.877898 600212 preprocessor.cc:67] Specified options.num_threads: 50 exceeds maximum available from the threading model Ceres was compiled with: 8.  Bounding to maximum number available.
[lifelong_slam_toolbox_node-1] [INFO] [1787309174.879043779] [slam_toolbox]: Metric Scores: Initial: 1.000000, IOU: 0.910780, Area: 0.953374, Num Con: 2, Reading: 0.425000, outcome score: -1.000000.
[lifelong_slam_toolbox_node-1] 
[lifelong_slam_toolbox_node-1] Solver Summary (v 2.2.0-eigen-(3.4.0)-lapack-suitesparse-(7.6.1)-eigensparse)
[lifelong_slam_toolbox_node-1] 
[lifelong_slam_toolbox_node-1]                                      Original                  Reduced
[lifelong_slam_toolbox_node-1] Parameter blocks                          123                       78
[lifelong_slam_toolbox_node-1] Parameters                                123                       78
[lifelong_slam_toolbox_node-1] Residual blocks                            23                       23
[lifelong_slam_toolbox_node-1] Residuals                                  69                       69
[lifelong_slam_toolbox_node-1] 
[lifelong_slam_toolbox_node-1] Minimizer                        TRUST_REGION
[lifelong_slam_toolbox_node-1] Trust region strategy     LEVENBERG_MARQUARDT
[lifelong_slam_toolbox_node-1] Sparse linear algebra library    SUITE_SPARSE 
[lifelong_slam_toolbox_node-1] 
[lifelong_slam_toolbox_node-1]                                         Given                     Used
[lifelong_slam_toolbox_node-1] Linear solver          SPARSE_NORMAL_CHOLESKY   SPARSE_NORMAL_CHOLESKY
[lifelong_slam_toolbox_node-1] Threads                                    50                        8
[lifelong_slam_toolbox_node-1] Linear solver ordering              AUTOMATIC                       78
[lifelong_slam_toolbox_node-1] 
[lifelong_slam_toolbox_node-1] Cost:
[lifelong_slam_toolbox_node-1] Initial                          5.470421e-21
[lifelong_slam_toolbox_node-1] Final                            5.470421e-21
[lifelong_slam_toolbox_node-1] Change                           0.000000e+00
[lifelong_slam_toolbox_node-1] 
[lifelong_slam_toolbox_node-1] Minimizer iterations                        1
[lifelong_slam_toolbox_node-1] Successful steps                            1
[lifelong_slam_toolbox_node-1] Unsuccessful steps                          0
[lifelong_slam_toolbox_node-1] 
[lifelong_slam_toolbox_node-1] Time (in seconds):
[lifelong_slam_toolbox_node-1] Preprocessor                         0.000245
[lifelong_slam_toolbox_node-1] 
[lifelong_slam_toolbox_node-1]   Residual only evaluation           0.000000 (0)
[lifelong_slam_toolbox_node-1]   Jacobian & residual evaluation     0.000098 (1)
[lifelong_slam_toolbox_node-1]   Linear solver                      0.000000 (0)
[lifelong_slam_toolbox_node-1] Minimizer                            0.000138
[lifelong_slam_toolbox_node-1] 
[lifelong_slam_toolbox_node-1] Postprocessor                        0.000007
[lifelong_slam_toolbox_node-1] Total                                0.000391
[lifelong_slam_toolbox_node-1] 
[lifelong_slam_toolbox_node-1] Termination:                      CONVERGENCE (Gradient tolerance reached. Gradient max norm: 4.795591e-09 <= 1.000000e-06)
[lifelong_slam_toolbox_node-1] 
[lifelong_slam_toolbox_node-1] 
[lifelong_slam_toolbox_node-1] Solver Summary (v 2.2.0-eigen-(3.4.0)-lapack-suitesparse-(7.6.1)-eigensparse)
[lifelong_slam_toolbox_node-1] 
[lifelong_slam_toolbox_node-1]                                      Original                  Reduced
[lifelong_slam_toolbox_node-1] Parameter blocks                          132                       87
[lifelong_slam_toolbox_node-1] Parameters                                132                       87
[lifelong_slam_toolbox_node-1] Residual blocks                            24                       24
[lifelong_slam_toolbox_node-1] Residuals                                  72                       72
[lifelong_slam_toolbox_node-1] 
[lifelong_slam_toolbox_node-1] Minimizer                        TRUST_REGION
[lifelong_slam_toolbox_node-1] Trust region strategy     LEVENBERG_MARQUARDT
[lifelong_slam_toolbox_node-1] Sparse linear algebra library    SUITE_SPARSE 
[lifelong_slam_toolbox_node-1] 
[lifelong_slam_toolbox_node-1]                                         Given                     Used
[lifelong_slam_toolbox_node-1] Linear solver          SPARSE_NORMAL_CHOLESKY   SPARSE_NORMAL_CHOLESKY
[lifelong_slam_toolbox_node-1] Threads                                    50                        8
[lifelong_slam_toolbox_node-1] Linear solver ordering              AUTOMATIC                       87
[lifelong_slam_toolbox_node-1] 
[lifelong_slam_toolbox_node-1] Cost:
[lifelong_slam_toolbox_node-1] Initial                          2.228416e-02
[lifelong_slam_toolbox_node-1] Final                            6.997838e-10
[lifelong_slam_toolbox_node-1] Change                           2.228416e-02
[lifelong_slam_toolbox_node-1] 
[lifelong_slam_toolbox_node-1] Minimizer iterations                        2
[lifelong_slam_toolbox_node-1] Successful steps                            2
[lifelong_slam_toolbox_node-1] Unsuccessful steps                          0
[lifelong_slam_toolbox_node-1] 
[lifelong_slam_toolbox_node-1] Time (in seconds):
[lifelong_slam_toolbox_node-1] Preprocessor                         0.000196
[lifelong_slam_toolbox_node-1] 
[lifelong_slam_toolbox_node-1]   Residual only evaluation           0.000025 (2)
[lifelong_slam_toolbox_node-1]   Jacobian & residual evaluation     0.000120 (2)
[lifelong_slam_toolbox_node-1]   Linear solver                      0.000175 (2)
[lifelong_slam_toolbox_node-1] Minimizer                            0.000447
[lifelong_slam_toolbox_node-1] 
[lifelong_slam_toolbox_node-1] Postprocessor                        0.000006
[lifelong_slam_toolbox_node-1] Total                                0.000649
[lifelong_slam_toolbox_node-1] 
[lifelong_slam_toolbox_node-1] Termination:                      CONVERGENCE (Parameter tolerance reached. Relative step_norm: 3.113692e-07 <= 1.000000e-03.)
[lifelong_slam_toolbox_node-1] 
[lifelong_slam_toolbox_node-1] [INFO] [1787309175.619116201] [slam_toolbox]: Metric Scores: Initial: 1.000000, IOU: 0.922087, Area: 0.959547, Num Con: 2, Reading: 0.611111, outcome score: -1.000000.
[lifelong_slam_toolbox_node-1] W20260821 10:46:16.443352 600212 preprocessor.cc:67] Specified options.num_threads: 50 exceeds maximum available from the threading model Ceres was compiled with: 8.  Bounding to maximum number available.
[lifelong_slam_toolbox_node-1] [INFO] [1787309176.444564387] [slam_toolbox]: Metric Scores: Initial: 1.000000, IOU: 0.730467, Area: 0.843605, Num Con: 2, Reading: 0.188889, outcome score: 0.987667.
[lifelong_slam_toolbox_node-1] [INFO] [1787309176.444618487] [slam_toolbox]: Metric Scores: Initial: 0.997973, IOU: 0.736504, Area: 0.847661, Num Con: 2, Reading: 0.191667, outcome score: 0.985474.
[lifelong_slam_toolbox_node-1] [INFO] [1787309176.444651787] [slam_toolbox]: Metric Scores: Initial: 1.000000, IOU: 0.934711, Area: 0.966326, Num Con: 3, Reading: 0.622222, outcome score: 0.999000.
[lifelong_slam_toolbox_node-1] [INFO] [1787309176.819178423] [slam_toolbox]: Metric Scores: Initial: 0.987667, IOU: 0.728210, Area: 0.842110, Num Con: 2, Reading: 0.188889, outcome score: 0.975333.
[lifelong_slam_toolbox_node-1] [INFO] [1787309176.819252523] [slam_toolbox]: Metric Scores: Initial: 0.985474, IOU: 0.734224, Area: 0.846161, Num Con: 2, Reading: 0.191667, outcome score: 0.972974.
[lifelong_slam_toolbox_node-1] [INFO] [1787309176.819285723] [slam_toolbox]: Metric Scores: Initial: 1.000000, IOU: 0.940571, Area: 0.969440, Num Con: 2, Reading: 0.625000, outcome score: -1.000000.
[lifelong_slam_toolbox_node-1] [INFO] [1787309176.819300823] [slam_toolbox]: Metric Scores: Initial: 0.999000, IOU: 0.931675, Area: 0.964717, Num Con: 3, Reading: 0.622222, outcome score: 0.997963.
[lifelong_slam_toolbox_node-1] [INFO] [1787309177.219422398] [slam_toolbox]: Metric Scores: Initial: 0.975333, IOU: 0.726878, Area: 0.841187, Num Con: 2, Reading: 0.188889, outcome score: 0.963000.
[lifelong_slam_toolbox_node-1] [INFO] [1787309177.219490898] [slam_toolbox]: Metric Scores: Initial: 0.972974, IOU: 0.732879, Area: 0.845234, Num Con: 2, Reading: 0.191667, outcome score: 0.960474.
[lifelong_slam_toolbox_node-1] [INFO] [1787309177.618959069] [slam_toolbox]: Metric Scores: Initial: 0.963000, IOU: 0.725215, Area: 0.840080, Num Con: 2, Reading: 0.188889, outcome score: 0.950667.
[lifelong_slam_toolbox_node-1] [INFO] [1787309177.619029169] [slam_toolbox]: Metric Scores: Initial: 0.960474, IOU: 0.731195, Area: 0.844122, Num Con: 2, Reading: 0.191667, outcome score: 0.947974.
[lifelong_slam_toolbox_node-1] [INFO] [1787309177.619058469] [slam_toolbox]: Metric Scores: Initial: 1.000000, IOU: 0.952707, Area: 0.975812, Num Con: 2, Reading: 0.633333, outcome score: -1.000000.
[lifelong_slam_toolbox_node-1] [INFO] [1787309178.019486146] [slam_toolbox]: Metric Scores: Initial: 0.950667, IOU: 0.724667, Area: 0.839706, Num Con: 2, Reading: 0.188889, outcome score: 0.938333.
[lifelong_slam_toolbox_node-1] [INFO] [1787309178.019551246] [slam_toolbox]: Metric Scores: Initial: 0.947974, IOU: 0.730641, Area: 0.843746, Num Con: 2, Reading: 0.191667, outcome score: 0.935474.
[lifelong_slam_toolbox_node-1] W20260821 10:46:18.474028 600212 preprocessor.cc:67] Specified options.num_threads: 50 exceeds maximum available from the threading model Ceres was compiled with: 8.  Bounding to maximum number available.
[lifelong_slam_toolbox_node-1] [INFO] [1787309178.475902226] [slam_toolbox]: Metric Scores: Initial: 1.000000, IOU: 0.745000, Area: 0.853291, Num Con: 2, Reading: 0.197222, outcome score: 0.987167.
[lifelong_slam_toolbox_node-1] [INFO] [1787309178.475962426] [slam_toolbox]: Metric Scores: Initial: 0.997974, IOU: 0.752056, Area: 0.857883, Num Con: 2, Reading: 0.200000, outcome score: 0.984974.
[lifelong_slam_toolbox_node-1] [INFO] [1787309178.475986926] [slam_toolbox]: Metric Scores: Initial: 0.938333, IOU: 0.724547, Area: 0.839630, Num Con: 2, Reading: 0.188889, outcome score: 0.926000.
[lifelong_slam_toolbox_node-1] [INFO] [1787309178.476003226] [slam_toolbox]: Metric Scores: Initial: 0.935474, IOU: 0.730518, Area: 0.843668, Num Con: 2, Reading: 0.191667, outcome score: 0.922974.
[lifelong_slam_toolbox_node-1] [INFO] [1787309178.476018026] [slam_toolbox]: Metric Scores: Initial: 1.000000, IOU: 0.964436, Area: 0.981905, Num Con: 2, Reading: 0.638889, outcome score: -1.000000.
[lifelong_slam_toolbox_node-1] [INFO] [1787309178.827155435] [slam_toolbox]: Metric Scores: Initial: 0.987167, IOU: 0.744659, Area: 0.853078, Num Con: 2, Reading: 0.197222, outcome score: 0.974333.
[lifelong_slam_toolbox_node-1] [INFO] [1787309178.827238835] [slam_toolbox]: Metric Scores: Initial: 0.984974, IOU: 0.751709, Area: 0.857668, Num Con: 2, Reading: 0.200000, outcome score: 0.971974.
[lifelong_slam_toolbox_node-1] [INFO] [1787309178.827267935] [slam_toolbox]: Metric Scores: Initial: 0.926000, IOU: 0.724224, Area: 0.839423, Num Con: 2, Reading: 0.188889, outcome score: 0.913667.
[lifelong_slam_toolbox_node-1] [INFO] [1787309178.827284235] [slam_toolbox]: Metric Scores: Initial: 0.922974, IOU: 0.730190, Area: 0.843459, Num Con: 2, Reading: 0.191667, outcome score: 0.910474.
[lifelong_slam_toolbox_node-1] [INFO] [1787309178.827299835] [slam_toolbox]: Metric Scores: Initial: 1.000000, IOU: 0.963336, Area: 0.981342, Num Con: 2, Reading: 0.641667, outcome score: -1.000000.
[lifelong_slam_toolbox_node-1] [INFO] [1787309179.226087503] [slam_toolbox]: Metric Scores: Initial: 0.974333, IOU: 0.746082, Area: 0.853987, Num Con: 2, Reading: 0.197222, outcome score: 0.961500.
[lifelong_slam_toolbox_node-1] [INFO] [1787309179.226155603] [slam_toolbox]: Metric Scores: Initial: 0.971974, IOU: 0.753146, Area: 0.858578, Num Con: 2, Reading: 0.200000, outcome score: 0.958974.
[lifelong_slam_toolbox_node-1] [INFO] [1787309179.226196603] [slam_toolbox]: Metric Scores: Initial: 0.913667, IOU: 0.725617, Area: 0.840333, Num Con: 2, Reading: 0.188889, outcome score: 0.901333.
[lifelong_slam_toolbox_node-1] [INFO] [1787309179.226218203] [slam_toolbox]: Metric Scores: Initial: 0.910474, IOU: 0.731590, Area: 0.844369, Num Con: 2, Reading: 0.191667, outcome score: 0.897974.
[lifelong_slam_toolbox_node-1] [INFO] [1787309179.619968343] [slam_toolbox]: Metric Scores: Initial: 0.961500, IOU: 0.747578, Area: 0.854980, Num Con: 2, Reading: 0.197222, outcome score: 0.948667.
[lifelong_slam_toolbox_node-1] [INFO] [1787309179.620031443] [slam_toolbox]: Metric Scores: Initial: 0.958974, IOU: 0.754658, Area: 0.859574, Num Con: 2, Reading: 0.200000, outcome score: 0.945974.
[lifelong_slam_toolbox_node-1] [INFO] [1787309179.620061144] [slam_toolbox]: Metric Scores: Initial: 0.901333, IOU: 0.727067, Area: 0.841319, Num Con: 2, Reading: 0.188889, outcome score: 0.889000.
[lifelong_slam_toolbox_node-1] [INFO] [1787309179.620074744] [slam_toolbox]: Metric Scores: Initial: 1.000000, IOU: 0.958100, Area: 0.978583, Num Con: 2, Reading: 0.647222, outcome score: -1.000000.
[lifelong_slam_toolbox_node-1] [INFO] [1787309179.620088944] [slam_toolbox]: Metric Scores: Initial: 0.897974, IOU: 0.733054, Area: 0.845357, Num Con: 2, Reading: 0.191667, outcome score: 0.885474.
[lifelong_slam_toolbox_node-1] [INFO] [1787309180.019420314] [slam_toolbox]: Metric Scores: Initial: 0.948667, IOU: 0.749001, Area: 0.855937, Num Con: 2, Reading: 0.197222, outcome score: 0.935833.
[lifelong_slam_toolbox_node-1] [INFO] [1787309180.019482814] [slam_toolbox]: Metric Scores: Initial: 0.945974, IOU: 0.756094, Area: 0.860532, Num Con: 2, Reading: 0.200000, outcome score: 0.932974.
[lifelong_slam_toolbox_node-1] [INFO] [1787309180.019504114] [slam_toolbox]: Metric Scores: Initial: 0.889000, IOU: 0.728455, Area: 0.842275, Num Con: 2, Reading: 0.188889, outcome score: 0.876667.
[lifelong_slam_toolbox_node-1] [INFO] [1787309180.019514214] [slam_toolbox]: Metric Scores: Initial: 0.885474, IOU: 0.734451, Area: 0.846312, Num Con: 2, Reading: 0.191667, outcome score: 0.872974.
[lifelong_slam_toolbox_node-1] [INFO] [1787309180.419176986] [slam_toolbox]: Metric Scores: Initial: 0.935833, IOU: 0.752303, Area: 0.858051, Num Con: 2, Reading: 0.197222, outcome score: 0.923000.
[lifelong_slam_toolbox_node-1] [INFO] [1787309180.419247386] [slam_toolbox]: Metric Scores: Initial: 0.932974, IOU: 0.759431, Area: 0.862651, Num Con: 2, Reading: 0.200000, outcome score: 0.919974.
[lifelong_slam_toolbox_node-1] [INFO] [1787309180.419264087] [slam_toolbox]: Metric Scores: Initial: 1.000000, IOU: 0.959664, Area: 0.979388, Num Con: 3, Reading: 0.650000, outcome score: 0.999000.
[lifelong_slam_toolbox_node-1] [INFO] [1787309180.419274687] [slam_toolbox]: Metric Scores: Initial: 0.876667, IOU: 0.731658, Area: 0.844374, Num Con: 2, Reading: 0.188889, outcome score: 0.864333.
[lifelong_slam_toolbox_node-1] [INFO] [1787309180.419283787] [slam_toolbox]: Metric Scores: Initial: 0.872974, IOU: 0.737683, Area: 0.848416, Num Con: 2, Reading: 0.191667, outcome score: 0.860474.
[lifelong_slam_toolbox_node-1] 
[lifelong_slam_toolbox_node-1] Solver Summary (v 2.2.0-eigen-(3.4.0)-lapack-suitesparse-(7.6.1)-eigensparse)
[lifelong_slam_toolbox_node-1] 
[lifelong_slam_toolbox_node-1]                                      Original                  Reduced
[lifelong_slam_toolbox_node-1] Parameter blocks                          138                       87
[lifelong_slam_toolbox_node-1] Parameters                                138                       87
[lifelong_slam_toolbox_node-1] Residual blocks                            25                       25
[lifelong_slam_toolbox_node-1] Residuals                                  75                       75
[lifelong_slam_toolbox_node-1] 
[lifelong_slam_toolbox_node-1] Minimizer                        TRUST_REGION
[lifelong_slam_toolbox_node-1] Trust region strategy     LEVENBERG_MARQUARDT
[lifelong_slam_toolbox_node-1] Sparse linear algebra library    SUITE_SPARSE 
[lifelong_slam_toolbox_node-1] 
[lifelong_slam_toolbox_node-1]                                         Given                     Used
[lifelong_slam_toolbox_node-1] Linear solver          SPARSE_NORMAL_CHOLESKY   SPARSE_NORMAL_CHOLESKY
[lifelong_slam_toolbox_node-1] Threads                                    50                        8
[lifelong_slam_toolbox_node-1] Linear solver ordering              AUTOMATIC                       87
[lifelong_slam_toolbox_node-1] 
[lifelong_slam_toolbox_node-1] Cost:
[lifelong_slam_toolbox_node-1] Initial                          6.813847e-10
[lifelong_slam_toolbox_node-1] Final                            5.582098e-15
[lifelong_slam_toolbox_node-1] Change                           6.813791e-10
[lifelong_slam_toolbox_node-1] 
[lifelong_slam_toolbox_node-1] Minimizer iterations                        2
[lifelong_slam_toolbox_node-1] Successful steps                            2
[lifelong_slam_toolbox_node-1] Unsuccessful steps                          0
[lifelong_slam_toolbox_node-1] 
[lifelong_slam_toolbox_node-1] Time (in seconds):
[lifelong_slam_toolbox_node-1] Preprocessor                         0.000226
[lifelong_slam_toolbox_node-1] 
[lifelong_slam_toolbox_node-1]   Residual only evaluation           0.000022 (1)
[lifelong_slam_toolbox_node-1]   Jacobian & residual evaluation     0.000141 (2)
[lifelong_slam_toolbox_node-1]   Linear solver                      0.000138 (1)
[lifelong_slam_toolbox_node-1] Minimizer                            0.000384
[lifelong_slam_toolbox_node-1] 
[lifelong_slam_toolbox_node-1] Postprocessor                        0.000013
[lifelong_slam_toolbox_node-1] Total                                0.000623
[lifelong_slam_toolbox_node-1] 
[lifelong_slam_toolbox_node-1] Termination:                      CONVERGENCE (Gradient tolerance reached. Gradient max norm: 6.290042e-07 <= 1.000000e-06)
[lifelong_slam_toolbox_node-1] 
[lifelong_slam_toolbox_node-1] 
[lifelong_slam_toolbox_node-1] Solver Summary (v 2.2.0-eigen-(3.4.0)-lapack-suitesparse-(7.6.1)-eigensparse)
[lifelong_slam_toolbox_node-1] 
[lifelong_slam_toolbox_node-1]                                      Original                  Reduced
[lifelong_slam_toolbox_node-1] Parameter blocks                          147                       93
[lifelong_slam_toolbox_node-1] Parameters                                147                       93
[lifelong_slam_toolbox_node-1] Residual blocks                            27                       27
[lifelong_slam_toolbox_node-1] Residuals                                  81                       81
[lifelong_slam_toolbox_node-1] 
[lifelong_slam_toolbox_node-1] Minimizer                        TRUST_REGION
[lifelong_slam_toolbox_node-1] Trust region strategy     LEVENBERG_MARQUARDT
[lifelong_slam_toolbox_node-1] Sparse linear algebra library    SUITE_SPARSE 
[lifelong_slam_toolbox_node-1] 
[lifelong_slam_toolbox_node-1]                                         Given                     Used
[lifelong_slam_toolbox_node-1] Linear solver          SPARSE_NORMAL_CHOLESKY   SPARSE_NORMAL_CHOLESKY
[lifelong_slam_toolbox_node-1] Threads                                    50                        8
[lifelong_slam_toolbox_node-1] Linear solver ordering              AUTOMATIC                       93
[lifelong_slam_toolbox_node-1] 
[lifelong_slam_toolbox_node-1] Cost:
[lifelong_slam_toolbox_node-1] Initial                          3.203494e-15
[lifelong_slam_toolbox_node-1] Final                            1.234812e-20
[lifelong_slam_toolbox_node-1] Change                           3.203481e-15
[lifelong_slam_toolbox_node-1] 
[lifelong_slam_toolbox_node-1] Minimizer iterations                        2
[lifelong_slam_toolbox_node-1] Successful steps                            2
[lifelong_slam_toolbox_node-1] Unsuccessful steps                          0
[lifelong_slam_toolbox_node-1] 
[lifelong_slam_toolbox_node-1] Time (in seconds):
[lifelong_slam_toolbox_node-1] Preprocessor                         0.000198
[lifelong_slam_toolbox_node-1] 
[lifelong_slam_toolbox_node-1]   Residual only evaluation           0.000028 (1)
[lifelong_slam_toolbox_node-1]   Jacobian & residual evaluation     0.000164 (2)
[lifelong_slam_toolbox_node-1]   Linear solver                      0.000127 (1)
[lifelong_slam_toolbox_node-1] Minimizer                            0.000679
[lifelong_slam_toolbox_node-1] 
[lifelong_slam_toolbox_node-1] Postprocessor                        0.000058
[lifelong_slam_toolbox_node-1] Total                                0.000935
[lifelong_slam_toolbox_node-1] 
[lifelong_slam_toolbox_node-1] Termination:                      CONVERGENCE (Gradient tolerance reached. Gradient max norm: 1.340984e-09 <= 1.000000e-06)
[lifelong_slam_toolbox_node-1] 
[lifelong_slam_toolbox_node-1] W20260821 10:46:20.843149 600212 preprocessor.cc:67] Specified options.num_threads: 50 exceeds maximum available from the threading model Ceres was compiled with: 8.  Bounding to maximum number available.
[lifelong_slam_toolbox_node-1] [INFO] [1787309180.844284196] [slam_toolbox]: Metric Scores: Initial: 0.923000, IOU: 0.755039, Area: 0.859843, Num Con: 2, Reading: 0.197222, outcome score: 0.910167.
[lifelong_slam_toolbox_node-1] [INFO] [1787309180.844339696] [slam_toolbox]: Metric Scores: Initial: 0.919974, IOU: 0.762196, Area: 0.864448, Num Con: 2, Reading: 0.200000, outcome score: 0.906974.
[lifelong_slam_toolbox_node-1] [INFO] [1787309180.844356997] [slam_toolbox]: Metric Scores: Initial: 1.000000, IOU: 0.958391, Area: 0.978726, Num Con: 2, Reading: 0.652778, outcome score: -1.000000.
[lifelong_slam_toolbox_node-1] [INFO] [1787309180.844368997] [slam_toolbox]: Metric Scores: Initial: 0.999000, IOU: 0.956821, Area: 0.977922, Num Con: 3, Reading: 0.650000, outcome score: 0.997961.
[lifelong_slam_toolbox_node-1] [INFO] [1787309180.844381197] [slam_toolbox]: Metric Scores: Initial: 0.864333, IOU: 0.734313, Area: 0.846156, Num Con: 2, Reading: 0.188889, outcome score: 0.852000.
[lifelong_slam_toolbox_node-1] [INFO] [1787309180.844393697] [slam_toolbox]: Metric Scores: Initial: 0.860474, IOU: 0.740361, Area: 0.850201, Num Con: 2, Reading: 0.191667, outcome score: 0.847974.
[lifelong_slam_toolbox_node-1] [INFO] [1787309181.218245028] [slam_toolbox]: Metric Scores: Initial: 0.910167, IOU: 0.759190, Area: 0.862544, Num Con: 2, Reading: 0.197222, outcome score: 0.897333.
[lifelong_slam_toolbox_node-1] [INFO] [1787309181.218295929] [slam_toolbox]: Metric Scores: Initial: 0.906974, IOU: 0.766390, Area: 0.867155, Num Con: 2, Reading: 0.200000, outcome score: 0.893974.
[lifelong_slam_toolbox_node-1] [INFO] [1787309181.620062012] [slam_toolbox]: Metric Scores: Initial: 0.897333, IOU: 0.763792, Area: 0.865442, Num Con: 2, Reading: 0.197222, outcome score: 0.884500.
[lifelong_slam_toolbox_node-1] [INFO] [1787309181.620117912] [slam_toolbox]: Metric Scores: Initial: 1.000000, IOU: 0.959577, Area: 0.979310, Num Con: 2, Reading: 0.655556, outcome score: -1.000000.
[lifelong_slam_toolbox_node-1] [INFO] [1787309181.620129512] [slam_toolbox]: Metric Scores: Initial: 0.893974, IOU: 0.771042, Area: 0.870060, Num Con: 2, Reading: 0.200000, outcome score: 0.880974.
[lifelong_slam_toolbox_node-1] [INFO] [1787309182.020374087] [slam_toolbox]: Metric Scores: Initial: 0.884500, IOU: 0.769027, Area: 0.868811, Num Con: 2, Reading: 0.197222, outcome score: 0.871667.
[lifelong_slam_toolbox_node-1] [INFO] [1787309182.020425887] [slam_toolbox]: Metric Scores: Initial: 0.880974, IOU: 0.776333, Area: 0.873437, Num Con: 2, Reading: 0.200000, outcome score: 0.867974.
[lifelong_slam_toolbox_node-1] W20260821 10:46:22.443534 600212 preprocessor.cc:67] Specified options.num_threads: 50 exceeds maximum available from the threading model Ceres was compiled with: 8.  Bounding to maximum number available.
[lifelong_slam_toolbox_node-1] [INFO] [1787309182.444774293] [slam_toolbox]: Metric Scores: Initial: 1.000000, IOU: 0.958397, Area: 0.978720, Num Con: 3, Reading: 0.655556, outcome score: 0.999000.
[lifelong_slam_toolbox_node-1] [INFO] [1787309182.444820694] [slam_toolbox]: Metric Scores: Initial: 0.871667, IOU: 0.775331, Area: 0.872850, Num Con: 2, Reading: 0.197222, outcome score: 0.858833.
[lifelong_slam_toolbox_node-1] [INFO] [1787309182.444830294] [slam_toolbox]: Metric Scores: Initial: 0.867974, IOU: 0.782707, Area: 0.877487, Num Con: 2, Reading: 0.200000, outcome score: 0.854974.
[lifelong_slam_toolbox_node-1] [INFO] [1787309182.818756025] [slam_toolbox]: Metric Scores: Initial: 1.000000, IOU: 0.949913, Area: 0.974245, Num Con: 2, Reading: 0.658333, outcome score: -1.000000.
[lifelong_slam_toolbox_node-1] [INFO] [1787309182.818809326] [slam_toolbox]: Metric Scores: Initial: 0.999000, IOU: 0.950308, Area: 0.974464, Num Con: 3, Reading: 0.655556, outcome score: 0.997961.
[lifelong_slam_toolbox_node-1] [INFO] [1787309182.818819826] [slam_toolbox]: Metric Scores: Initial: 0.858833, IOU: 0.781598, Area: 0.876790, Num Con: 2, Reading: 0.197222, outcome score: 0.846000.
[lifelong_slam_toolbox_node-1] [INFO] [1787309182.818830326] [slam_toolbox]: Metric Scores: Initial: 0.854974, IOU: 0.789042, Area: 0.881438, Num Con: 2, Reading: 0.200000, outcome score: 0.841974.
[lifelong_slam_toolbox_node-1] W20260821 10:46:23.642177 600212 preprocessor.cc:67] Specified options.num_threads: 50 exceeds maximum available from the threading model Ceres was compiled with: 8.  Bounding to maximum number available.
[lifelong_slam_toolbox_node-1] 
[lifelong_slam_toolbox_node-1] Solver Summary (v 2.2.0-eigen-(3.4.0)-lapack-suitesparse-(7.6.1)-eigensparse)
[lifelong_slam_toolbox_node-1] 
[lifelong_slam_toolbox_node-1]                                      Original                  Reduced
[lifelong_slam_toolbox_node-1] Parameter blocks                          156                       96
[lifelong_slam_toolbox_node-1] Parameters                                156                       96
[lifelong_slam_toolbox_node-1] Residual blocks                            28                       28
[lifelong_slam_toolbox_node-1] Residuals                                  84                       84
[lifelong_slam_toolbox_node-1] 
[lifelong_slam_toolbox_node-1] Minimizer                        TRUST_REGION
[lifelong_slam_toolbox_node-1] Trust region strategy     LEVENBERG_MARQUARDT
[lifelong_slam_toolbox_node-1] Sparse linear algebra library    SUITE_SPARSE 
[lifelong_slam_toolbox_node-1] 
[lifelong_slam_toolbox_node-1]                                         Given                     Used
[lifelong_slam_toolbox_node-1] Linear solver          SPARSE_NORMAL_CHOLESKY   SPARSE_NORMAL_CHOLESKY
[lifelong_slam_toolbox_node-1] Threads                                    50                        8
[lifelong_slam_toolbox_node-1] Linear solver ordering              AUTOMATIC                       96
[lifelong_slam_toolbox_node-1] 
[lifelong_slam_toolbox_node-1] Cost:
[lifelong_slam_toolbox_node-1] Initial                          5.083182e-21
[lifelong_slam_toolbox_node-1] Final                            5.083182e-21
[lifelong_slam_toolbox_node-1] Change                           0.000000e+00
[lifelong_slam_toolbox_node-1] 
[lifelong_slam_toolbox_node-1] Minimizer iterations                        1
[lifelong_slam_toolbox_node-1] Successful steps                            1
[lifelong_slam_toolbox_node-1] Unsuccessful steps                          0
[lifelong_slam_toolbox_node-1] 
[lifelong_slam_toolbox_node-1] Time (in seconds):
[lifelong_slam_toolbox_node-1] Preprocessor                         0.000218
[lifelong_slam_toolbox_node-1] 
[lifelong_slam_toolbox_node-1]   Residual only evaluation           0.000000 (0)
[lifelong_slam_toolbox_node-1]   Jacobian & residual evaluation     0.000092 (1)
[lifelong_slam_toolbox_node-1]   Linear solver                      0.000000 (0)
[lifelong_slam_toolbox_node-1] Minimizer                            0.000130
[lifelong_slam_toolbox_node-1] 
[lifelong_slam_toolbox_node-1] Postprocessor                        0.000007
[lifelong_slam_toolbox_node-1] Total                                0.000355
[lifelong_slam_toolbox_node-1] 
[lifelong_slam_toolbox_node-1] Termination:                      CONVERGENCE (Gradient tolerance reached. Gradient max norm: 4.934942e-09 <= 1.000000e-06)
[lifelong_slam_toolbox_node-1] 
[lifelong_slam_toolbox_node-1] 
[lifelong_slam_toolbox_node-1] Solver Summary (v 2.2.0-eigen-(3.4.0)-lapack-suitesparse-(7.6.1)-eigensparse)
[lifelong_slam_toolbox_node-1] 
[lifelong_slam_toolbox_node-1]                                      Original                  Reduced
[lifelong_slam_toolbox_node-1] Parameter blocks                          162                      102
[lifelong_slam_toolbox_node-1] Parameters                                162                      102
[lifelong_slam_toolbox_node-1] Residual blocks                            29                       29
[lifelong_slam_toolbox_node-1] Residuals                                  87                       87
[lifelong_slam_toolbox_node-1] 
[lifelong_slam_toolbox_node-1] Minimizer                        TRUST_REGION
[lifelong_slam_toolbox_node-1] Trust region strategy     LEVENBERG_MARQUARDT
[lifelong_slam_toolbox_node-1] Sparse linear algebra library    SUITE_SPARSE 
[lifelong_slam_toolbox_node-1] 
[lifelong_slam_toolbox_node-1]                                         Given                     Used
[lifelong_slam_toolbox_node-1] Linear solver          SPARSE_NORMAL_CHOLESKY   SPARSE_NORMAL_CHOLESKY
[lifelong_slam_toolbox_node-1] Threads                                    50                        8
[lifelong_slam_toolbox_node-1] Linear solver ordering              AUTOMATIC                      102
[lifelong_slam_toolbox_node-1] 
[lifelong_slam_toolbox_node-1] Cost:
[lifelong_slam_toolbox_node-1] Initial                          6.693843e-02
[lifelong_slam_toolbox_node-1] Final                            7.979752e-08
[lifelong_slam_toolbox_node-1] Change                           6.693835e-02
[lifelong_slam_toolbox_node-1] 
[lifelong_slam_toolbox_node-1] Minimizer iterations                        2
[lifelong_slam_toolbox_node-1] Successful steps                            2
[lifelong_slam_toolbox_node-1] Unsuccessful steps                          0
[lifelong_slam_toolbox_node-1] 
[lifelong_slam_toolbox_node-1] Time (in seconds):
[lifelong_slam_toolbox_node-1] Preprocessor                         0.000218
[lifelong_slam_toolbox_node-1] 
[lifelong_slam_toolbox_node-1]   Residual only evaluation           0.000025 (2)
[lifelong_slam_toolbox_node-1]   Jacobian & residual evaluation     0.000112 (2)
[lifelong_slam_toolbox_node-1]   Linear solver                      0.000180 (2)
[lifelong_slam_toolbox_node-1] Minimizer                            0.000396
[lifelong_slam_toolbox_node-1] 
[lifelong_slam_toolbox_node-1] Postprocessor                        0.000007
[lifelong_slam_toolbox_node-1] Total                                0.000621
[lifelong_slam_toolbox_node-1] 
[lifelong_slam_toolbox_node-1] Termination:                      CONVERGENCE (Parameter tolerance reached. Relative step_norm: 1.788642e-06 <= 1.000000e-03.)
[lifelong_slam_toolbox_node-1] 
[lifelong_slam_toolbox_node-1] 
[lifelong_slam_toolbox_node-1] Solver Summary (v 2.2.0-eigen-(3.4.0)-lapack-suitesparse-(7.6.1)-eigensparse)
[lifelong_slam_toolbox_node-1] 
[lifelong_slam_toolbox_node-1]                                      Original                  Reduced
[lifelong_slam_toolbox_node-1] Parameter blocks                          168                      108
[lifelong_slam_toolbox_node-1] Parameters                                168                      108
[lifelong_slam_toolbox_node-1] Residual blocks                            31                       31
[lifelong_slam_toolbox_node-1] Residuals                                  93                       93
[lifelong_slam_toolbox_node-1] 
[lifelong_slam_toolbox_node-1] Minimizer                        TRUST_REGION
[lifelong_slam_toolbox_node-1] Trust region strategy     LEVENBERG_MARQUARDT
[lifelong_slam_toolbox_node-1] Sparse linear algebra library    SUITE_SPARSE 
[lifelong_slam_toolbox_node-1] 
[lifelong_slam_toolbox_node-1]                                         Given                     Used
[lifelong_slam_toolbox_node-1] Linear solver          SPARSE_NORMAL_CHOLESKY   SPARSE_NORMAL_CHOLESKY
[lifelong_slam_toolbox_node-1] Threads                                    50                        8
[lifelong_slam_toolbox_node-1] [INFO] [1787309183.643539107] [slam_toolbox]: Metric Scores: Initial: 1.000000, IOU: 0.866225, Area: 0.928182, Num Con: 2, Reading: 0.394444, outcome score: -1.000000.
[lifelong_slam_toolbox_node-1] [INFO] [1787309183.643581008] [slam_toolbox]: Metric Scores: Initial: 0.997976, IOU: 0.877088, Area: 0.934399, Num Con: 2, Reading: 0.400000, outcome score: -1.000000.
[lifelong_slam_toolbox_node-1] [INFO] [1787309183.643593508] [slam_toolbox]: Metric Scores: Initial: 0.733333, IOU: 0.734290, Area: 0.845958, Num Con: 2, Reading: 0.161111, outcome score: 0.722667.
[lifelong_slam_toolbox_node-1] [INFO] [1787309183.643603108] [slam_toolbox]: Metric Scores: Initial: 0.728125, IOU: 0.735270, Area: 0.846597, Num Con: 2, Reading: 0.166667, outcome score: 0.717125.
[lifelong_slam_toolbox_node-1] [INFO] [1787309183.643622008] [slam_toolbox]: Metric Scores: Initial: 1.000000, IOU: 0.933267, Area: 0.965394, Num Con: 2, Reading: 0.655556, outcome score: -1.000000.
[lifelong_slam_toolbox_node-1] [INFO] [1787309184.420424329] [slam_toolbox]: Metric Scores: Initial: 1.000000, IOU: 0.915743, Area: 0.955921, Num Con: 2, Reading: 0.652778, outcome score: -1.000000.
[lifelong_slam_toolbox_node-1] [INFO] [1787309184.842420822] [slam_toolbox]: Metric Scores: Initial: 1.000000, IOU: 0.906846, Area: 0.951051, Num Con: 2, Reading: 0.652778, outcome score: -1.000000.
[lifelong_slam_toolbox_node-1] Linear solver ordering              AUTOMATIC                      108
[lifelong_slam_toolbox_node-1] 
[lifelong_slam_toolbox_node-1] Cost:
[lifelong_slam_toolbox_node-1] Initial                          3.026652e-02
[lifelong_slam_toolbox_node-1] Final                            1.079856e-07
[lifelong_slam_toolbox_node-1] Change                           3.026641e-02
[lifelong_slam_toolbox_node-1] 
[lifelong_slam_toolbox_node-1] Minimizer iterations                        2
[lifelong_slam_toolbox_node-1] Successful steps                            2
[lifelong_slam_toolbox_node-1] Unsuccessful steps                          0
[lifelong_slam_toolbox_node-1] 
[lifelong_slam_toolbox_node-1] Time (in seconds):
[lifelong_slam_toolbox_node-1] Preprocessor                         0.000225
[lifelong_slam_toolbox_node-1] 
[lifelong_slam_toolbox_node-1]   Residual only evaluation           0.000034 (2)
[lifelong_slam_toolbox_node-1]   Jacobian & residual evaluation     0.000144 (2)
[lifelong_slam_toolbox_node-1]   Linear solver                      0.000195 (2)
[lifelong_slam_toolbox_node-1] Minimizer                            0.000489
[lifelong_slam_toolbox_node-1] 
[lifelong_slam_toolbox_node-1] Postprocessor                        0.000007
[lifelong_slam_toolbox_node-1] Total                                0.000721
[lifelong_slam_toolbox_node-1] 
[lifelong_slam_toolbox_node-1] Termination:                      CONVERGENCE (Parameter tolerance reached. Relative step_norm: 6.510635e-06 <= 1.000000e-03.)
[lifelong_slam_toolbox_node-1] 
[lifelong_slam_toolbox_node-1] [INFO] [1787309185.630489404] [slam_toolbox]: Metric Scores: Initial: 1.000000, IOU: 0.890113, Area: 0.941789, Num Con: 2, Reading: 0.650000, outcome score: -1.000000.
[lifelong_slam_toolbox_node-1] [INFO] [1787309186.419538591] [slam_toolbox]: Metric Scores: Initial: 1.000000, IOU: 0.876932, Area: 0.934351, Num Con: 3, Reading: 0.411111, outcome score: 0.999000.
[lifelong_slam_toolbox_node-1] [INFO] [1787309186.819403164] [slam_toolbox]: Metric Scores: Initial: 1.000000, IOU: 0.868655, Area: 0.929615, Num Con: 2, Reading: 0.411111, outcome score: -1.000000.
[lifelong_slam_toolbox_node-1] [INFO] [1787309186.819458864] [slam_toolbox]: Metric Scores: Initial: 0.999000, IOU: 0.861472, Area: 0.925466, Num Con: 3, Reading: 0.408333, outcome score: 0.997976.
[lifelong_slam_toolbox_node-1] W20260821 10:46:27.249118 600212 preprocessor.cc:67] Specified options.num_threads: 50 exceeds maximum available from the threading model Ceres was compiled with: 8.  Bounding to maximum number available.
[lifelong_slam_toolbox_node-1] W20260821 10:46:27.649718 600212 preprocessor.cc:67] Specified options.num_threads: 50 exceeds maximum available from the threading model Ceres was compiled with: 8.  Bounding to maximum number available.
[lifelong_slam_toolbox_node-1] [INFO] [1787309187.650748181] [slam_toolbox]: Metric Scores: Initial: 1.000000, IOU: 0.853246, Area: 0.920707, Num Con: 2, Reading: 0.372222, outcome score: -1.000000.
[lifelong_slam_toolbox_node-1] W20260821 10:46:28.052477 600212 preprocessor.cc:67] Specified options.num_threads: 50 exceeds maximum available from the threading model Ceres was compiled with: 8.  Bounding to maximum number available.
[lifelong_slam_toolbox_node-1] 
[lifelong_slam_toolbox_node-1] Solver Summary (v 2.2.0-eigen-(3.4.0)-lapack-suitesparse-(7.6.1)-eigensparse)
[lifelong_slam_toolbox_node-1] 
[lifelong_slam_toolbox_node-1]                                      Original                  Reduced
[lifelong_slam_toolbox_node-1] Parameter blocks                          174                      108
[lifelong_slam_toolbox_node-1] Parameters                                174                      108
[lifelong_slam_toolbox_node-1] Residual blocks                            32                       32
[lifelong_slam_toolbox_node-1] Residuals                                  96                       96
[lifelong_slam_toolbox_node-1] 
[lifelong_slam_toolbox_node-1] Minimizer                        TRUST_REGION
[lifelong_slam_toolbox_node-1] Trust region strategy     LEVENBERG_MARQUARDT
[lifelong_slam_toolbox_node-1] Sparse linear algebra library    SUITE_SPARSE 
[lifelong_slam_toolbox_node-1] 
[lifelong_slam_toolbox_node-1]                                         Given                     Used
[lifelong_slam_toolbox_node-1] Linear solver          SPARSE_NORMAL_CHOLESKY   SPARSE_NORMAL_CHOLESKY
[lifelong_slam_toolbox_node-1] Threads                                    50                        8
[lifelong_slam_toolbox_node-1] Linear solver ordering              AUTOMATIC                      108
[lifelong_slam_toolbox_node-1] 
[lifelong_slam_toolbox_node-1] Cost:
[lifelong_slam_toolbox_node-1] Initial                          2.521318e-08
[lifelong_slam_toolbox_node-1] Final                            1.143896e-15
[lifelong_slam_toolbox_node-1] Change                           2.521318e-08
[lifelong_slam_toolbox_node-1] 
[lifelong_slam_toolbox_node-1] Minimizer iterations                        2
[lifelong_slam_toolbox_node-1] Successful steps                            2
[lifelong_slam_toolbox_node-1] Unsuccessful steps                          0
[lifelong_slam_toolbox_node-1] 
[lifelong_slam_toolbox_node-1] Time (in seconds):
[lifelong_slam_toolbox_node-1] Preprocessor                         0.000247
[lifelong_slam_toolbox_node-1] 
[lifelong_slam_toolbox_node-1]   Residual only evaluation           0.000019 (1)
[lifelong_slam_toolbox_node-1]   Jacobian & residual evaluation     0.000152 (2)
[lifelong_slam_toolbox_node-1]   Linear solver                      0.000139 (1)
[lifelong_slam_toolbox_node-1] Minimizer                            0.000423
[lifelong_slam_toolbox_node-1] 
[lifelong_slam_toolbox_node-1] Postprocessor                        0.000014
[lifelong_slam_toolbox_node-1] Total                                0.000684
[lifelong_slam_toolbox_node-1] 
[lifelong_slam_toolbox_node-1] Termination:                      CONVERGENCE (Gradient tolerance reached. Gradient max norm: 9.330053e-07 <= 1.000000e-06)
[lifelong_slam_toolbox_node-1] 
[lifelong_slam_toolbox_node-1] 
[lifelong_slam_toolbox_node-1] Solver Summary (v 2.2.0-eigen-(3.4.0)-lapack-suitesparse-(7.6.1)-eigensparse)
[lifelong_slam_toolbox_node-1] 
[lifelong_slam_toolbox_node-1]                                      Original                  Reduced
[lifelong_slam_toolbox_node-1] Parameter blocks                          177                      114
[lifelong_slam_toolbox_node-1] Parameters                                177                      114
[lifelong_slam_toolbox_node-1] Residual blocks                            34                       34
[lifelong_slam_toolbox_node-1] Residuals                                 102                      102
[lifelong_slam_toolbox_node-1] 
[lifelong_slam_toolbox_node-1] Minimizer                        TRUST_REGION
[lifelong_slam_toolbox_node-1] Trust region strategy     LEVENBERG_MARQUARDT
[lifelong_slam_toolbox_node-1] Sparse linear algebra library    SUITE_SPARSE 
[lifelong_slam_toolbox_node-1] 
[lifelong_slam_toolbox_node-1]                                         Given                     Used
[lifelong_slam_toolbox_node-1] Linear solver          SPARSE_NORMAL_CHOLESKY   SPARSE_NORMAL_CHOLESKY
[lifelong_slam_toolbox_node-1] Threads                                    50                        8
[lifelong_slam_toolbox_node-1] Linear solver ordering              AUTOMATIC                      114
[lifelong_slam_toolbox_node-1] 
[lifelong_slam_toolbox_node-1] Cost:
[lifelong_slam_toolbox_node-1] Initial                          1.143896e-15
[lifelong_slam_toolbox_node-1] Final                            1.143896e-15
[lifelong_slam_toolbox_node-1] Change                           0.000000e+00
[lifelong_slam_toolbox_node-1] 
[lifelong_slam_toolbox_node-1] Minimizer iterations                        1
[lifelong_slam_toolbox_node-1] Successful steps                            1
[lifelong_slam_toolbox_node-1] Unsuccessful steps                          0
[lifelong_slam_toolbox_node-1] 
[lifelong_slam_toolbox_node-1] Time (in seconds):
[lifelong_slam_toolbox_node-1] Preprocessor                         0.000230
[lifelong_slam_toolbox_node-1] 
[lifelong_slam_toolbox_node-1]   Residual only evaluation           0.000000 (0)
[lifelong_slam_toolbox_node-1]   Jacobian & residual evaluation     0.000074 (1)
[lifelong_slam_toolbox_node-1]   Linear solver                      0.000000 (0)
[lifelong_slam_toolbox_node-1] Minimizer                            0.000116
[lifelong_slam_toolbox_node-1] 
[lifelong_slam_toolbox_node-1] Postprocessor                        0.000006
[lifelong_slam_toolbox_node-1] Total                                0.000352
[lifelong_slam_toolbox_node-1] 
[lifelong_slam_toolbox_node-1] Termination:                      CONVERGENCE (Gradient tolerance reached. Gradient max norm: 9.330053e-07 <= 1.000000e-06)
[lifelong_slam_toolbox_node-1] 
[lifelong_slam_toolbox_node-1] 
[lifelong_slam_toolbox_node-1] Solver Summary (v 2.2.0-eigen-(3.4.0)-lapack-suitesparse-(7.6.1)-eigensparse)
[lifelong_slam_toolbox_node-1] 
[lifelong_slam_toolbox_node-1]                                      Original                  Reduced
[lifelong_slam_toolbox_node-1] Parameter blocks                          177                      114
[lifelong_slam_toolbox_node-1] Parameters                                177                      114
[lifelong_slam_toolbox_node-1] Residual blocks                            35                       35
[lifelong_slam_toolbox_node-1] Residuals                                 105                      105
[lifelong_slam_toolbox_node-1] 
[lifelong_slam_toolbox_node-1] Minimizer                        TRUST_REGION
[lifelong_slam_toolbox_node-1] Trust region strategy     LEVENBERG_MARQUARDT
[lifelong_slam_toolbox_node-1] Sparse linear algebra library    SUITE_SPARSE 
[lifelong_slam_toolbox_node-1] 
[lifelong_slam_toolbox_node-1]                                         Given                     Used
[lifelong_slam_toolbox_node-1] Linear solver          SPARSE_NORMAL_CHOLESKY   SPARSE_NORMAL_CHOLESKY
[lifelong_slam_toolbox_node-1] Threads                                    50                        8
[lifelong_slam_toolbox_node-1] [INFO] [1787309188.053455270] [slam_toolbox]: Metric Scores: Initial: 1.000000, IOU: 0.999511, Area: 0.999548, Num Con: 2, Reading: 0.697222, outcome score: -1.000000.
[lifelong_slam_toolbox_node-1] W20260821 10:46:28.451378 600212 preprocessor.cc:67] Specified options.num_threads: 50 exceeds maximum available from the threading model Ceres was compiled with: 8.  Bounding to maximum number available.
[lifelong_slam_toolbox_node-1] [INFO] [1787309188.452819639] [slam_toolbox]: Metric Scores: Initial: 1.000000, IOU: 0.988101, Area: 0.995924, Num Con: 2, Reading: 0.702778, outcome score: -1.000000.
[lifelong_slam_toolbox_node-1] [INFO] [1787309188.452896840] [slam_toolbox]: Metric Scores: Initial: 1.000000, IOU: 0.847036, Area: 0.917035, Num Con: 2, Reading: 0.225000, outcome score: 0.985500.
[lifelong_slam_toolbox_node-1] W20260821 10:46:28.861318 600212 preprocessor.cc:67] Specified options.num_threads: 50 exceeds maximum available from the threading model Ceres was compiled with: 8.  Bounding to maximum number available.
[lifelong_slam_toolbox_node-1] [INFO] [1787309188.862357965] [slam_toolbox]: Metric Scores: Initial: 1.000000, IOU: 0.848244, Area: 0.918556, Num Con: 2, Reading: 0.227778, outcome score: 0.985333.
[lifelong_slam_toolbox_node-1] [INFO] [1787309188.862402365] [slam_toolbox]: Metric Scores: Initial: 0.985500, IOU: 0.836961, Area: 0.911919, Num Con: 2, Reading: 0.225000, outcome score: 0.971000.
[lifelong_slam_toolbox_node-1] W20260821 10:46:29.251158 600212 preprocessor.cc:67] Specified options.num_threads: 50 exceeds maximum available from the threading model Ceres was compiled with: 8.  Bounding to maximum number available.
[lifelong_slam_toolbox_node-1] Linear solver ordering              AUTOMATIC                      114
[lifelong_slam_toolbox_node-1] 
[lifelong_slam_toolbox_node-1] Cost:
[lifelong_slam_toolbox_node-1] Initial                          8.185197e-16
[lifelong_slam_toolbox_node-1] Final                            8.185197e-16
[lifelong_slam_toolbox_node-1] Change                           0.000000e+00
[lifelong_slam_toolbox_node-1] 
[lifelong_slam_toolbox_node-1] Minimizer iterations                        1
[lifelong_slam_toolbox_node-1] Successful steps                            1
[lifelong_slam_toolbox_node-1] Unsuccessful steps                          0
[lifelong_slam_toolbox_node-1] 
[lifelong_slam_toolbox_node-1] Time (in seconds):
[lifelong_slam_toolbox_node-1] Preprocessor                         0.000193
[lifelong_slam_toolbox_node-1] 
[lifelong_slam_toolbox_node-1]   Residual only evaluation           0.000000 (0)
[lifelong_slam_toolbox_node-1]   Jacobian & residual evaluation     0.000079 (1)
[lifelong_slam_toolbox_node-1]   Linear solver                      0.000000 (0)
[lifelong_slam_toolbox_node-1] Minimizer                            0.000117
[lifelong_slam_toolbox_node-1] 
[lifelong_slam_toolbox_node-1] Postprocessor                        0.000007
[lifelong_slam_toolbox_node-1] Total                                0.000317
[lifelong_slam_toolbox_node-1] 
[lifelong_slam_toolbox_node-1] Termination:                      CONVERGENCE (Gradient tolerance reached. Gradient max norm: 9.221363e-07 <= 1.000000e-06)
[lifelong_slam_toolbox_node-1] 
[lifelong_slam_toolbox_node-1] 
[lifelong_slam_toolbox_node-1] Solver Summary (v 2.2.0-eigen-(3.4.0)-lapack-suitesparse-(7.6.1)-eigensparse)
[lifelong_slam_toolbox_node-1] 
[lifelong_slam_toolbox_node-1]                                      Original                  Reduced
[lifelong_slam_toolbox_node-1] Parameter blocks                          177                      117
[lifelong_slam_toolbox_node-1] Parameters                                177                      117
[lifelong_slam_toolbox_node-1] Residual blocks                            36                       36
[lifelong_slam_toolbox_node-1] Residuals                                 108                      108
[lifelong_slam_toolbox_node-1] 
[lifelong_slam_toolbox_node-1] Minimizer                        TRUST_REGION
[lifelong_slam_toolbox_node-1] Trust region strategy     LEVENBERG_MARQUARDT
[lifelong_slam_toolbox_node-1] Sparse linear algebra library    SUITE_SPARSE 
[lifelong_slam_toolbox_node-1] 
[lifelong_slam_toolbox_node-1]                                         Given                     Used
[lifelong_slam_toolbox_node-1] Linear solver          SPARSE_NORMAL_CHOLESKY   SPARSE_NORMAL_CHOLESKY
[lifelong_slam_toolbox_node-1] Threads                                    50                        8
[lifelong_slam_toolbox_node-1] Linear solver ordering              AUTOMATIC                      117
[lifelong_slam_toolbox_node-1] 
[lifelong_slam_toolbox_node-1] Cost:
[lifelong_slam_toolbox_node-1] Initial                          8.185197e-16
[lifelong_slam_toolbox_node-1] Final                            8.185197e-16
[lifelong_slam_toolbox_node-1] Change                           0.000000e+00
[lifelong_slam_toolbox_node-1] 
[lifelong_slam_toolbox_node-1] Minimizer iterations                        1
[lifelong_slam_toolbox_node-1] Successful steps                            1
[lifelong_slam_toolbox_node-1] Unsuccessful steps                          0
[lifelong_slam_toolbox_node-1] 
[lifelong_slam_toolbox_node-1] Time (in seconds):
[lifelong_slam_toolbox_node-1] Preprocessor                         0.000250
[lifelong_slam_toolbox_node-1] 
[lifelong_slam_toolbox_node-1]   Residual only evaluation           0.000000 (0)
[lifelong_slam_toolbox_node-1]   Jacobian & residual evaluation     0.000172 (1)
[lifelong_slam_toolbox_node-1]   Linear solver                      0.000000 (0)
[lifelong_slam_toolbox_node-1] Minimizer                            0.000270
[lifelong_slam_toolbox_node-1] 
[lifelong_slam_toolbox_node-1] Postprocessor                        0.000014
[lifelong_slam_toolbox_node-1] Total                                0.000535
[lifelong_slam_toolbox_node-1] 
[lifelong_slam_toolbox_node-1] Termination:                      CONVERGENCE (Gradient tolerance reached. Gradient max norm: 9.221363e-07 <= 1.000000e-06)
[lifelong_slam_toolbox_node-1] 
[lifelong_slam_toolbox_node-1] 
[lifelong_slam_toolbox_node-1] Solver Summary (v 2.2.0-eigen-(3.4.0)-lapack-suitesparse-(7.6.1)-eigensparse)
[lifelong_slam_toolbox_node-1] 
[lifelong_slam_toolbox_node-1]                                      Original                  Reduced
[lifelong_slam_toolbox_node-1] Parameter blocks                          177                      120
[lifelong_slam_toolbox_node-1] Parameters                                177                      120
[lifelong_slam_toolbox_node-1] Residual blocks                            36                       36
[lifelong_slam_toolbox_node-1] Residuals                                 108                      108
[lifelong_slam_toolbox_node-1] 
[lifelong_slam_toolbox_node-1] Minimizer                        TRUST_REGION
[lifelong_slam_toolbox_node-1] Trust region strategy     LEVENBERG_MARQUARDT
[lifelong_slam_toolbox_node-1] Sparse linear algebra library    SUITE_SPARSE 
[lifelong_slam_toolbox_node-1] 
[lifelong_slam_toolbox_node-1]                                         Given                     Used
[lifelong_slam_toolbox_node-1] Linear solver          SPARSE_NORMAL_CHOLESKY   SPARSE_NORMAL_CHOLESKY
[lifelong_slam_toolbox_node-1] Threads                                    50                        8
[lifelong_slam_toolbox_node-1] Linear solver ordering              AUTOMATIC                      120
[lifelong_slam_toolbox_node-1] 
[lifelong_slam_toolbox_node-1] Cost:
[lifelong_slam_toolbox_node-1] Initial                          8.185197e-16
[lifelong_slam_toolbox_node-1] Final                            8.185197e-16
[lifelong_slam_toolbox_node-1] Change                           0.000000e+00
[lifelong_slam_toolbox_node-1] 
[lifelong_slam_toolbox_node-1] Minimizer iterations                        1
[lifelong_slam_toolbox_node-1] Successful steps                            1
[lifelong_slam_toolbox_node-1] Unsuccessful steps                          0
[lifelong_slam_toolbox_node-1] 
[lifelong_slam_toolbox_node-1] Time (in seconds):
[lifelong_slam_toolbox_node-1] Preprocessor                         0.000195
[lifelong_slam_toolbox_node-1] 
[lifelong_slam_toolbox_node-1]   Residual only evaluation           0.000000 (0)
[lifelong_slam_toolbox_node-1]   Jacobian & residual evaluation     0.000094 (1)
[lifelong_slam_toolbox_node-1]   Linear solver                      0.000000 (0)
[lifelong_slam_toolbox_node-1] Minimizer                            0.000137
[lifelong_slam_toolbox_node-1] 
[lifelong_slam_toolbox_node-1] Postprocessor                        0.000008
[lifelong_slam_toolbox_node-1] Total                                0.000340
[lifelong_slam_toolbox_node-1] 
[lifelong_slam_toolbox_node-1] Termination:                      CONVERGENCE (Gradient tolerance reached. Gradient max norm: 9.221363e-07 <= 1.000000e-06)
[lifelong_slam_toolbox_node-1] 
[lifelong_slam_toolbox_node-1] 
[lifelong_slam_toolbox_node-1] [INFO] [1787309189.252235083] [slam_toolbox]: Metric Scores: Initial: 1.000000, IOU: 0.990501, Area: 0.994949, Num Con: 2, Reading: 0.697222, outcome score: -1.000000.
[lifelong_slam_toolbox_node-1] [INFO] [1787309189.252301083] [slam_toolbox]: Metric Scores: Initial: 1.000000, IOU: 0.849207, Area: 0.919165, Num Con: 2, Reading: 0.233333, outcome score: 0.985000.
[lifelong_slam_toolbox_node-1] [INFO] [1787309189.252317184] [slam_toolbox]: Metric Scores: Initial: 0.985333, IOU: 0.836527, Area: 0.911636, Num Con: 2, Reading: 0.227778, outcome score: 0.970667.
[lifelong_slam_toolbox_node-1] [INFO] [1787309189.252328784] [slam_toolbox]: Metric Scores: Initial: 0.971000, IOU: 0.825421, Area: 0.905020, Num Con: 2, Reading: 0.225000, outcome score: 0.956500.
[lifelong_slam_toolbox_node-1] W20260821 10:46:29.650249 600212 preprocessor.cc:67] Specified options.num_threads: 50 exceeds maximum available from the threading model Ceres was compiled with: 8.  Bounding to maximum number available.
[lifelong_slam_toolbox_node-1] [INFO] [1787309189.651253051] [slam_toolbox]: Metric Scores: Initial: 1.000000, IOU: 0.855128, Area: 0.922593, Num Con: 3, Reading: 0.233333, outcome score: 0.999000.
[lifelong_slam_toolbox_node-1] [INFO] [1787309189.651300551] [slam_toolbox]: Metric Scores: Initial: 0.985000, IOU: 0.842089, Area: 0.914984, Num Con: 2, Reading: 0.233333, outcome score: 0.970000.
[lifelong_slam_toolbox_node-1] [INFO] [1787309189.651309851] [slam_toolbox]: Metric Scores: Initial: 0.970667, IOU: 0.829531, Area: 0.907470, Num Con: 2, Reading: 0.227778, outcome score: 0.956000.
[lifelong_slam_toolbox_node-1] [INFO] [1787309189.651320451] [slam_toolbox]: Metric Scores: Initial: 0.956500, IOU: 0.818528, Area: 0.900865, Num Con: 2, Reading: 0.225000, outcome score: 0.942000.
[lifelong_slam_toolbox_node-1] W20260821 10:46:30.049233 600212 preprocessor.cc:67] Specified options.num_threads: 50 exceeds maximum available from the threading model Ceres was compiled with: 8.  Bounding to maximum number available.
[lifelong_slam_toolbox_node-1] Solver Summary (v 2.2.0-eigen-(3.4.0)-lapack-suitesparse-(7.6.1)-eigensparse)
[lifelong_slam_toolbox_node-1] 
[lifelong_slam_toolbox_node-1]                                      Original                  Reduced
[lifelong_slam_toolbox_node-1] Parameter blocks                          180                      126
[lifelong_slam_toolbox_node-1] Parameters                                180                      126
[lifelong_slam_toolbox_node-1] Residual blocks                            39                       39
[lifelong_slam_toolbox_node-1] Residuals                                 117                      117
[lifelong_slam_toolbox_node-1] 
[lifelong_slam_toolbox_node-1] Minimizer                        TRUST_REGION
[lifelong_slam_toolbox_node-1] Trust region strategy     LEVENBERG_MARQUARDT
[lifelong_slam_toolbox_node-1] Sparse linear algebra library    SUITE_SPARSE 
[lifelong_slam_toolbox_node-1] 
[lifelong_slam_toolbox_node-1]                                         Given                     Used
[lifelong_slam_toolbox_node-1] Linear solver          SPARSE_NORMAL_CHOLESKY   SPARSE_NORMAL_CHOLESKY
[lifelong_slam_toolbox_node-1] Threads                                    50                        8
[lifelong_slam_toolbox_node-1] Linear solver ordering              AUTOMATIC                      126
[lifelong_slam_toolbox_node-1] 
[lifelong_slam_toolbox_node-1] Cost:
[lifelong_slam_toolbox_node-1] Initial                          8.185197e-16
[lifelong_slam_toolbox_node-1] Final                            8.185197e-16
[lifelong_slam_toolbox_node-1] Change                           0.000000e+00
[lifelong_slam_toolbox_node-1] 
[lifelong_slam_toolbox_node-1] Minimizer iterations                        1
[lifelong_slam_toolbox_node-1] Successful steps                            1
[lifelong_slam_toolbox_node-1] Unsuccessful steps                          0
[lifelong_slam_toolbox_node-1] 
[lifelong_slam_toolbox_node-1] Time (in seconds):
[lifelong_slam_toolbox_node-1] Preprocessor                         0.000229
[lifelong_slam_toolbox_node-1] 
[lifelong_slam_toolbox_node-1]   Residual only evaluation           0.000000 (0)
[lifelong_slam_toolbox_node-1]   Jacobian & residual evaluation     0.000079 (1)
[lifelong_slam_toolbox_node-1]   Linear solver                      0.000000 (0)
[lifelong_slam_toolbox_node-1] Minimizer                            0.000143
[lifelong_slam_toolbox_node-1] 
[lifelong_slam_toolbox_node-1] Postprocessor                        0.000007
[lifelong_slam_toolbox_node-1] Total                                0.000379
[lifelong_slam_toolbox_node-1] 
[lifelong_slam_toolbox_node-1] Termination:                      CONVERGENCE (Gradient tolerance reached. Gradient max norm: 9.221363e-07 <= 1.000000e-06)
[lifelong_slam_toolbox_node-1] 
[lifelong_slam_toolbox_node-1] 
[lifelong_slam_toolbox_node-1] Solver Summary (v 2.2.0-eigen-(3.4.0)-lapack-suitesparse-(7.6.1)-eigensparse)
[lifelong_slam_toolbox_node-1] 
[lifelong_slam_toolbox_node-1]                                      Original                  Reduced
[lifelong_slam_toolbox_node-1] Parameter blocks                          180                      129
[lifelong_slam_toolbox_node-1] Parameters                                180                      129
[lifelong_slam_toolbox_node-1] Residual blocks                            39                       39
[lifelong_slam_toolbox_node-1] Residuals                                 117                      117
[lifelong_slam_toolbox_node-1] 
[lifelong_slam_toolbox_node-1] Minimizer                        TRUST_REGION
[lifelong_slam_toolbox_node-1] Trust region strategy     LEVENBERG_MARQUARDT
[lifelong_slam_toolbox_node-1] Sparse linear algebra library    SUITE_SPARSE 
[lifelong_slam_toolbox_node-1] 
[lifelong_slam_toolbox_node-1]                                         Given                     Used
[lifelong_slam_toolbox_node-1] Linear solver          SPARSE_NORMAL_CHOLESKY   SPARSE_NORMAL_CHOLESKY
[lifelong_slam_toolbox_node-1] Threads                                    50                        8
[lifelong_slam_toolbox_node-1] Linear solver ordering              AUTOMATIC                      129
[lifelong_slam_toolbox_node-1] 
[lifelong_slam_toolbox_node-1] Cost:
[lifelong_slam_toolbox_node-1] Initial                          8.185197e-16
[lifelong_slam_toolbox_node-1] Final                            8.185197e-16
[lifelong_slam_toolbox_node-1] Change                           0.000000e+00
[lifelong_slam_toolbox_node-1] 
[lifelong_slam_toolbox_node-1] Minimizer iterations                        1
[lifelong_slam_toolbox_node-1] Successful steps                            1
[lifelong_slam_toolbox_node-1] Unsuccessful steps                          0
[lifelong_slam_toolbox_node-1] 
[lifelong_slam_toolbox_node-1] Time (in seconds):
[lifelong_slam_toolbox_node-1] Preprocessor                         0.000247
[lifelong_slam_toolbox_node-1] 
[lifelong_slam_toolbox_node-1]   Residual only evaluation           0.000000 (0)
[lifelong_slam_toolbox_node-1]   Jacobian & residual evaluation     0.000082 (1)
[lifelong_slam_toolbox_node-1]   Linear solver                      0.000000 (0)
[lifelong_slam_toolbox_node-1] Minimizer                            0.000121
[lifelong_slam_toolbox_node-1] 
[lifelong_slam_toolbox_node-1] Postprocessor                        0.000007
[lifelong_slam_toolbox_node-1] Total                                0.000375
[lifelong_slam_toolbox_node-1] 
[lifelong_slam_toolbox_node-1] Termination:                      CONVERGENCE (Gradient tolerance reached. Gradient max norm: 9.221363e-07 <= 1.000000e-06)
[lifelong_slam_toolbox_node-1] 
[lifelong_slam_toolbox_node-1] 
[lifelong_slam_toolbox_node-1] Solver Summary (v 2.2.0-eigen-(3.4.0)-lapack-suitesparse-(7.6.1)-eigensparse)
[lifelong_slam_toolbox_node-1] 
[lifelong_slam_toolbox_node-1]                                      Original                  Reduced
[lifelong_slam_toolbox_node-1] Parameter blocks                          183                      135
[lifelong_slam_toolbox_node-1] Parameters                                183                      135
[lifelong_slam_toolbox_node-1] Residual blocks                            42                       42
[lifelong_slam_toolbox_node-1] Residuals                                 126                      126
[lifelong_slam_toolbox_node-1] 
[lifelong_slam_toolbox_node-1] Minimizer                        TRUST_REGION
[lifelong_slam_toolbox_node-1] Trust region strategy     LEVENBERG_MARQUARDT
[lifelong_slam_toolbox_node-1] Sparse linear algebra library    SUITE_SPARSE 
[lifelong_slam_toolbox_node-1] 
[lifelong_slam_toolbox_node-1]                                         Given                     Used
[lifelong_slam_toolbox_node-1] Linear solver          SPARSE_NORMAL_CHOLESKY   SPARSE_NORMAL_CHOLESKY
[lifelong_slam_toolbox_node-1] Threads                                    50                        8
[lifelong_slam_toolbox_node-1] Linear solver ordering              AUTOMATIC                      135
[lifelong_slam_toolbox_node-1] 
[lifelong_slam_toolbox_node-1] Cost:
[lifelong_slam_toolbox_node-1] [INFO] [1787309190.050251519] [slam_toolbox]: Metric Scores: Initial: 1.000000, IOU: 0.992777, Area: 0.996132, Num Con: 2, Reading: 0.697222, outcome score: -1.000000.
[lifelong_slam_toolbox_node-1] [INFO] [1787309190.050306019] [slam_toolbox]: Metric Scores: Initial: 1.000000, IOU: 0.859426, Area: 0.925118, Num Con: 3, Reading: 0.452778, outcome score: 0.999000.
[lifelong_slam_toolbox_node-1] [INFO] [1787309190.050318919] [slam_toolbox]: Metric Scores: Initial: 0.999000, IOU: 0.845738, Area: 0.917129, Num Con: 3, Reading: 0.233333, outcome score: 0.997986.
[lifelong_slam_toolbox_node-1] [INFO] [1787309190.050329819] [slam_toolbox]: Metric Scores: Initial: 0.970000, IOU: 0.832856, Area: 0.909535, Num Con: 2, Reading: 0.233333, outcome score: 0.955000.
[lifelong_slam_toolbox_node-1] [INFO] [1787309190.050339120] [slam_toolbox]: Metric Scores: Initial: 0.956000, IOU: 0.820458, Area: 0.902042, Num Con: 2, Reading: 0.227778, outcome score: 0.941333.
[lifelong_slam_toolbox_node-1] [INFO] [1787309190.050347820] [slam_toolbox]: Metric Scores: Initial: 0.942000, IOU: 0.809589, Area: 0.895453, Num Con: 2, Reading: 0.225000, outcome score: 0.927500.
[lifelong_slam_toolbox_node-1] W20260821 10:46:30.450807 600212 preprocessor.cc:67] Specified options.num_threads: 50 exceeds maximum available from the threading model Ceres was compiled with: 8.  Bounding to maximum number available.
[lifelong_slam_toolbox_node-1] [INFO] [1787309190.451849501] [slam_toolbox]: Metric Scores: Initial: 1.000000, IOU: 0.864777, Area: 0.928170, Num Con: 3, Reading: 0.455556, outcome score: 0.999000.
[lifelong_slam_toolbox_node-1] [INFO] [1787309190.451925201] [slam_toolbox]: Metric Scores: Initial: 0.999000, IOU: 0.852519, Area: 0.921086, Num Con: 3, Reading: 0.452778, outcome score: 0.997973.
[lifelong_slam_toolbox_node-1] [INFO] [1787309190.451939802] [slam_toolbox]: Metric Scores: Initial: 0.997986, IOU: 0.838958, Area: 0.913113, Num Con: 3, Reading: 0.233333, outcome score: 0.996958.
[lifelong_slam_toolbox_node-1] [INFO] [1787309190.451950302] [slam_toolbox]: Metric Scores: Initial: 0.955000, IOU: 0.826193, Area: 0.905532, Num Con: 2, Reading: 0.233333, outcome score: 0.940000.
[lifelong_slam_toolbox_node-1] [INFO] [1787309190.451959902] [slam_toolbox]: Metric Scores: Initial: 0.941333, IOU: 0.813909, Area: 0.898054, Num Con: 2, Reading: 0.227778, outcome score: 0.926667.
[lifelong_slam_toolbox_node-1] [INFO] [1787309190.451969702] [slam_toolbox]: Metric Scores: Initial: 0.927500, IOU: 0.803139, Area: 0.891478, Num Con: 2, Reading: 0.225000, outcome score: 0.913000.
[lifelong_slam_toolbox_node-1] Initial                          8.185197e-16
[lifelong_slam_toolbox_node-1] Final                            8.185197e-16
[lifelong_slam_toolbox_node-1] Change                           0.000000e+00
[lifelong_slam_toolbox_node-1] 
[lifelong_slam_toolbox_node-1] Minimizer iterations                        1
[lifelong_slam_toolbox_node-1] Successful steps                            1
[lifelong_slam_toolbox_node-1] Unsuccessful steps                          0
[lifelong_slam_toolbox_node-1] 
[lifelong_slam_toolbox_node-1] Time (in seconds):
[lifelong_slam_toolbox_node-1] Preprocessor                         0.000252
[lifelong_slam_toolbox_node-1] 
[lifelong_slam_toolbox_node-1]   Residual only evaluation           0.000000 (0)
[lifelong_slam_toolbox_node-1]   Jacobian & residual evaluation     0.000085 (1)
[lifelong_slam_toolbox_node-1]   Linear solver                      0.000000 (0)
[lifelong_slam_toolbox_node-1] Minimizer                            0.000125
[lifelong_slam_toolbox_node-1] 
[lifelong_slam_toolbox_node-1] Postprocessor                        0.000006
[lifelong_slam_toolbox_node-1] Total                                0.000383
[lifelong_slam_toolbox_node-1] 
[lifelong_slam_toolbox_node-1] Termination:                      CONVERGENCE (Gradient tolerance reached. Gradient max norm: 9.221363e-07 <= 1.000000e-06)
[lifelong_slam_toolbox_node-1] 
[lifelong_slam_toolbox_node-1] 
[lifelong_slam_toolbox_node-1] Solver Summary (v 2.2.0-eigen-(3.4.0)-lapack-suitesparse-(7.6.1)-eigensparse)
[lifelong_slam_toolbox_node-1] 
[lifelong_slam_toolbox_node-1]                                      Original                  Reduced
[lifelong_slam_toolbox_node-1] Parameter blocks                          183                      138
[lifelong_slam_toolbox_node-1] Parameters                                183                      138
[lifelong_slam_toolbox_node-1] Residual blocks                            42                       42
[lifelong_slam_toolbox_node-1] Residuals                                 126                      126
[lifelong_slam_toolbox_node-1] 
[lifelong_slam_toolbox_node-1] Minimizer                        TRUST_REGION
[lifelong_slam_toolbox_node-1] Trust region strategy     LEVENBERG_MARQUARDT
[lifelong_slam_toolbox_node-1] Sparse linear algebra library    SUITE_SPARSE 
[lifelong_slam_toolbox_node-1] 
[lifelong_slam_toolbox_node-1]                                         Given                     Used
[lifelong_slam_toolbox_node-1] Linear solver          SPARSE_NORMAL_CHOLESKY   SPARSE_NORMAL_CHOLESKY
[lifelong_slam_toolbox_node-1] Threads                                    50                        8
[lifelong_slam_toolbox_node-1] Linear solver ordering              AUTOMATIC                      138
[lifelong_slam_toolbox_node-1] 
[lifelong_slam_toolbox_node-1] Cost:
[lifelong_slam_toolbox_node-1] Initial                          8.185197e-16
[lifelong_slam_toolbox_node-1] Final                            8.185197e-16
[lifelong_slam_toolbox_node-1] Change                           0.000000e+00
[lifelong_slam_toolbox_node-1] 
[lifelong_slam_toolbox_node-1] Minimizer iterations                        1
[lifelong_slam_toolbox_node-1] Successful steps                            1
[lifelong_slam_toolbox_node-1] Unsuccessful steps                          0
[lifelong_slam_toolbox_node-1] 
[lifelong_slam_toolbox_node-1] Time (in seconds):
[lifelong_slam_toolbox_node-1] Preprocessor                         0.000208
[lifelong_slam_toolbox_node-1] 
[lifelong_slam_toolbox_node-1]   Residual only evaluation           0.000000 (0)
[lifelong_slam_toolbox_node-1]   Jacobian & residual evaluation     0.000106 (1)
[lifelong_slam_toolbox_node-1]   Linear solver                      0.000000 (0)
[lifelong_slam_toolbox_node-1] Minimizer                            0.000138
[lifelong_slam_toolbox_node-1] 
[lifelong_slam_toolbox_node-1] Postprocessor                        0.000008
[lifelong_slam_toolbox_node-1] Total                                0.000354
[lifelong_slam_toolbox_node-1] 
[lifelong_slam_toolbox_node-1] Termination:                      CONVERGENCE (Gradient tolerance reached. Gradient max norm: 9.221363e-07 <= 1.000000e-06)
[lifelong_slam_toolbox_node-1] 
[lifelong_slam_toolbox_node-1] W20260821 10:46:30.850349 600212 preprocessor.cc:67] Specified options.num_threads: 50 exceeds maximum available from the threading model Ceres was compiled with: 8.  Bounding to maximum number available.
[lifelong_slam_toolbox_node-1] [INFO] [1787309190.851536673] [slam_toolbox]: Metric Scores: Initial: 1.000000, IOU: 0.992406, Area: 0.999005, Num Con: 2, Reading: 0.694444, outcome score: -1.000000.
[lifelong_slam_toolbox_node-1] [INFO] [1787309190.851586873] [slam_toolbox]: Metric Scores: Initial: 1.000000, IOU: 0.941618, Area: 0.972549, Num Con: 2, Reading: 0.688889, outcome score: -1.000000.
[lifelong_slam_toolbox_node-1] [INFO] [1787309190.851602273] [slam_toolbox]: Metric Scores: Initial: 0.717125, IOU: 0.906359, Area: 0.950606, Num Con: 2, Reading: 0.686111, outcome score: -1.000000.
[lifelong_slam_toolbox_node-1] [INFO] [1787309190.851624073] [slam_toolbox]: Metric Scores: Initial: 1.000000, IOU: 0.873608, Area: 0.933265, Num Con: 2, Reading: 0.466667, outcome score: -1.000000.
[lifelong_slam_toolbox_node-1] [INFO] [1787309190.851632573] [slam_toolbox]: Metric Scores: Initial: 0.999000, IOU: 0.858177, Area: 0.924358, Num Con: 3, Reading: 0.455556, outcome score: 0.997973.
[lifelong_slam_toolbox_node-1] [INFO] [1787309190.851640573] [slam_toolbox]: Metric Scores: Initial: 0.997973, IOU: 0.846025, Area: 0.917285, Num Con: 3, Reading: 0.452778, outcome score: 0.996918.
[lifelong_slam_toolbox_node-1] [INFO] [1787309190.851651273] [slam_toolbox]: Metric Scores: Initial: 0.996958, IOU: 0.832583, Area: 0.909327, Num Con: 3, Reading: 0.233333, outcome score: 0.995915.
[lifelong_slam_toolbox_node-1] [INFO] [1787309190.851660773] [slam_toolbox]: Metric Scores: Initial: 0.940000, IOU: 0.819928, Area: 0.901759, Num Con: 2, Reading: 0.233333, outcome score: 0.925000.
[lifelong_slam_toolbox_node-1] [INFO] [1787309190.851669873] [slam_toolbox]: Metric Scores: Initial: 0.926667, IOU: 0.807753, Area: 0.894296, Num Con: 2, Reading: 0.227778, outcome score: 0.912000.
[lifelong_slam_toolbox_node-1] [INFO] [1787309190.851677973] [slam_toolbox]: Metric Scores: Initial: 0.913000, IOU: 0.797075, Area: 0.887732, Num Con: 2, Reading: 0.225000, outcome score: 0.898500.
[lifelong_slam_toolbox_node-1] W20260821 10:46:31.258217 600212 preprocessor.cc:67] Specified options.num_threads: 50 exceeds maximum available from the threading model Ceres was compiled with: 8.  Bounding to maximum number available.
[lifelong_slam_toolbox_node-1] [INFO] [1787309191.259303188] [slam_toolbox]: Metric Scores: Initial: 1.000000, IOU: 0.947121, Area: 0.972435, Num Con: 2, Reading: 0.686111, outcome score: -1.000000.
[lifelong_slam_toolbox_node-1] [INFO] [1787309191.259353988] [slam_toolbox]: Metric Scores: Initial: 0.800459, IOU: 0.885207, Area: 0.938666, Num Con: 2, Reading: 0.683333, outcome score: -1.000000.
[lifelong_slam_toolbox_node-1] [INFO] [1787309191.259376689] [slam_toolbox]: Metric Scores: Initial: 1.000000, IOU: 0.884915, Area: 0.939727, Num Con: 2, Reading: 0.480556, outcome score: -1.000000.
[lifelong_slam_toolbox_node-1] W20260821 10:46:31.663744 600212 preprocessor.cc:67] Specified options.num_threads: 50 exceeds maximum available from the threading model Ceres was compiled with: 8.  Bounding to maximum number available.
[lifelong_slam_toolbox_node-1] 
[lifelong_slam_toolbox_node-1] Solver Summary (v 2.2.0-eigen-(3.4.0)-lapack-suitesparse-(7.6.1)-eigensparse)
[lifelong_slam_toolbox_node-1] 
[lifelong_slam_toolbox_node-1]                                      Original                  Reduced
[lifelong_slam_toolbox_node-1] Parameter blocks                          186                      141
[lifelong_slam_toolbox_node-1] Parameters                                186                      141
[lifelong_slam_toolbox_node-1] Residual blocks                            45                       45
[lifelong_slam_toolbox_node-1] Residuals                                 135                      135
[lifelong_slam_toolbox_node-1] 
[lifelong_slam_toolbox_node-1] Minimizer                        TRUST_REGION
[lifelong_slam_toolbox_node-1] Trust region strategy     LEVENBERG_MARQUARDT
[lifelong_slam_toolbox_node-1] Sparse linear algebra library    SUITE_SPARSE 
[lifelong_slam_toolbox_node-1] 
[lifelong_slam_toolbox_node-1]                                         Given                     Used
[lifelong_slam_toolbox_node-1] Linear solver          SPARSE_NORMAL_CHOLESKY   SPARSE_NORMAL_CHOLESKY
[lifelong_slam_toolbox_node-1] Threads                                    50                        8
[lifelong_slam_toolbox_node-1] Linear solver ordering              AUTOMATIC                      141
[lifelong_slam_toolbox_node-1] 
[lifelong_slam_toolbox_node-1] Cost:
[lifelong_slam_toolbox_node-1] Initial                          8.185197e-16
[lifelong_slam_toolbox_node-1] Final                            8.185197e-16
[lifelong_slam_toolbox_node-1] Change                           0.000000e+00
[lifelong_slam_toolbox_node-1] 
[lifelong_slam_toolbox_node-1] Minimizer iterations                        1
[lifelong_slam_toolbox_node-1] Successful steps                            1
[lifelong_slam_toolbox_node-1] Unsuccessful steps                          0
[lifelong_slam_toolbox_node-1] 
[lifelong_slam_toolbox_node-1] Time (in seconds):
[lifelong_slam_toolbox_node-1] Preprocessor                         0.000288
[lifelong_slam_toolbox_node-1] 
[lifelong_slam_toolbox_node-1]   Residual only evaluation           0.000000 (0)
[lifelong_slam_toolbox_node-1]   Jacobian & residual evaluation     0.000126 (1)
[lifelong_slam_toolbox_node-1]   Linear solver                      0.000000 (0)
[lifelong_slam_toolbox_node-1] Minimizer                            0.000167
[lifelong_slam_toolbox_node-1] 
[lifelong_slam_toolbox_node-1] Postprocessor                        0.000008
[lifelong_slam_toolbox_node-1] Total                                0.000463
[lifelong_slam_toolbox_node-1] 
[lifelong_slam_toolbox_node-1] Termination:                      CONVERGENCE (Gradient tolerance reached. Gradient max norm: 9.221363e-07 <= 1.000000e-06)
[lifelong_slam_toolbox_node-1] 
[lifelong_slam_toolbox_node-1] 
[lifelong_slam_toolbox_node-1] Solver Summary (v 2.2.0-eigen-(3.4.0)-lapack-suitesparse-(7.6.1)-eigensparse)
[lifelong_slam_toolbox_node-1] 
[lifelong_slam_toolbox_node-1]                                      Original                  Reduced
[lifelong_slam_toolbox_node-1] Parameter blocks                          177                      129
[lifelong_slam_toolbox_node-1] Parameters                                177                      129
[lifelong_slam_toolbox_node-1] Residual blocks                            40                       40
[lifelong_slam_toolbox_node-1] Residuals                                 120                      120
[lifelong_slam_toolbox_node-1] 
[lifelong_slam_toolbox_node-1] Minimizer                        TRUST_REGION
[lifelong_slam_toolbox_node-1] Trust region strategy     LEVENBERG_MARQUARDT
[lifelong_slam_toolbox_node-1] Sparse linear algebra library    SUITE_SPARSE 
[lifelong_slam_toolbox_node-1] 
[lifelong_slam_toolbox_node-1]                                         Given                     Used
[lifelong_slam_toolbox_node-1] Linear solver          SPARSE_NORMAL_CHOLESKY   SPARSE_NORMAL_CHOLESKY
[lifelong_slam_toolbox_node-1] Threads                                    50                        8
[lifelong_slam_toolbox_node-1] Linear solver ordering              AUTOMATIC                      129
[lifelong_slam_toolbox_node-1] 
[lifelong_slam_toolbox_node-1] Cost:
[lifelong_slam_toolbox_node-1] Initial                          8.054278e-16
[lifelong_slam_toolbox_node-1] Final                            8.054278e-16
[lifelong_slam_toolbox_node-1] Change                           0.000000e+00
[lifelong_slam_toolbox_node-1] 
[lifelong_slam_toolbox_node-1] Minimizer iterations                        1
[lifelong_slam_toolbox_node-1] Successful steps                            1
[lifelong_slam_toolbox_node-1] Unsuccessful steps                          0
[lifelong_slam_toolbox_node-1] 
[lifelong_slam_toolbox_node-1] Time (in seconds):
[lifelong_slam_toolbox_node-1] Preprocessor                         0.000272
[lifelong_slam_toolbox_node-1] 
[lifelong_slam_toolbox_node-1]   Residual only evaluation           0.000000 (0)
[lifelong_slam_toolbox_node-1]   Jacobian & residual evaluation     0.000134 (1)
[lifelong_slam_toolbox_node-1]   Linear solver                      0.000000 (0)
[lifelong_slam_toolbox_node-1] Minimizer                            0.000179
[lifelong_slam_toolbox_node-1] 
[lifelong_slam_toolbox_node-1] Postprocessor                        0.000009
[lifelong_slam_toolbox_node-1] Total                                0.000461
[lifelong_slam_toolbox_node-1] 
[lifelong_slam_toolbox_node-1] Termination:                      CONVERGENCE (Gradient tolerance reached. Gradient max norm: 9.221363e-07 <= 1.000000e-06)
[lifelong_slam_toolbox_node-1] 
[lifelong_slam_toolbox_node-1] 
[lifelong_slam_toolbox_node-1] Solver Summary (v 2.2.0-eigen-(3.4.0)-lapack-suitesparse-(7.6.1)-eigensparse)
[lifelong_slam_toolbox_node-1] 
[lifelong_slam_toolbox_node-1]                                      Original                  Reduced
[lifelong_slam_toolbox_node-1] Parameter blocks                          171                      120
[lifelong_slam_toolbox_node-1] Parameters                                171                      120
[lifelong_slam_toolbox_node-1] Residual blocks                            38                       38
[lifelong_slam_toolbox_node-1] Residuals                                 114                      114
[lifelong_slam_toolbox_node-1] 
[lifelong_slam_toolbox_node-1] Minimizer                        TRUST_REGION
[lifelong_slam_toolbox_node-1] Trust region strategy     LEVENBERG_MARQUARDT
[lifelong_slam_toolbox_node-1] Sparse linear algebra library    SUITE_SPARSE 
[lifelong_slam_toolbox_node-1] 
[lifelong_slam_toolbox_node-1]                                         Given                     Used
[lifelong_slam_toolbox_node-1] Linear solver          SPARSE_NORMAL_CHOLESKY   SPARSE_NORMAL_CHOLESKY
[lifelong_slam_toolbox_node-1] Threads                                    50                        8
[lifelong_slam_toolbox_node-1] [INFO] [1787309191.665925498] [slam_toolbox]: Metric Scores: Initial: 1.000000, IOU: 0.994588, Area: 0.996963, Num Con: 2, Reading: 0.688889, outcome score: -1.000000.
[lifelong_slam_toolbox_node-1] W20260821 10:46:32.049490 600212 preprocessor.cc:67] Specified options.num_threads: 50 exceeds maximum available from the threading model Ceres was compiled with: 8.  Bounding to maximum number available.
[lifelong_slam_toolbox_node-1] [INFO] [1787309192.050737388] [slam_toolbox]: Metric Scores: Initial: 1.000000, IOU: 0.934159, Area: 0.965494, Num Con: 2, Reading: 0.688889, outcome score: -1.000000.
[lifelong_slam_toolbox_node-1] [INFO] [1787309192.050789189] [slam_toolbox]: Metric Scores: Initial: 0.847974, IOU: 0.849543, Area: 0.918348, Num Con: 2, Reading: 0.677778, outcome score: 0.806307.
[lifelong_slam_toolbox_node-1] [INFO] [1787309192.050802389] [slam_toolbox]: Metric Scores: Initial: 0.852000, IOU: 0.852023, Area: 0.919751, Num Con: 2, Reading: 0.680556, outcome score: -1.000000.
[lifelong_slam_toolbox_node-1] [INFO] [1787309192.050814189] [slam_toolbox]: Metric Scores: Initial: 0.997961, IOU: 0.715765, Area: 0.834654, Num Con: 2, Reading: 0.172222, outcome score: 0.986628.
[lifelong_slam_toolbox_node-1] [INFO] [1787309192.050833589] [slam_toolbox]: Metric Scores: Initial: 1.000000, IOU: 0.906907, Area: 0.952047, Num Con: 2, Reading: 0.697222, outcome score: -1.000000.
[lifelong_slam_toolbox_node-1] W20260821 10:46:32.445243 600212 preprocessor.cc:67] Specified options.num_threads: 50 exceeds maximum available from the threading model Ceres was compiled with: 8.  Bounding to maximum number available.
[lifelong_slam_toolbox_node-1] [INFO] [1787309192.446122536] [slam_toolbox]: Metric Scores: Initial: 1.000000, IOU: 0.995264, Area: 0.997303, Num Con: 2, Reading: 0.688889, outcome score: -1.000000.
[lifelong_slam_toolbox_node-1] [INFO] [1787309192.446167437] [slam_toolbox]: Metric Scores: Initial: 1.000000, IOU: 0.926668, Area: 0.961636, Num Con: 2, Reading: 0.683333, outcome score: -1.000000.
[lifelong_slam_toolbox_node-1] [INFO] [1787309192.446182937] [slam_toolbox]: Metric Scores: Initial: 0.841974, IOU: 0.845169, Area: 0.915916, Num Con: 2, Reading: 0.672222, outcome score: 0.800640.
[lifelong_slam_toolbox_node-1] [INFO] [1787309192.446216037] [slam_toolbox]: Metric Scores: Initial: 0.846000, IOU: 0.846594, Area: 0.916774, Num Con: 2, Reading: 0.672222, outcome score: 0.804667.
[lifelong_slam_toolbox_node-1] [INFO] [1787309192.446231337] [slam_toolbox]: Metric Scores: Initial: 0.997961, IOU: 0.705606, Area: 0.827798, Num Con: 2, Reading: 0.177778, outcome score: 0.986294.
[lifelong_slam_toolbox_node-1] W20260821 10:46:32.847157 600212 preprocessor.cc:67] Specified options.num_threads: 50 exceeds maximum available from the threading model Ceres was compiled with: 8.  Bounding to maximum number available.
[lifelong_slam_toolbox_node-1] Linear solver ordering              AUTOMATIC                      120
[lifelong_slam_toolbox_node-1] 
[lifelong_slam_toolbox_node-1] Cost:
[lifelong_slam_toolbox_node-1] Initial                          8.054278e-16
[lifelong_slam_toolbox_node-1] Final                            8.054278e-16
[lifelong_slam_toolbox_node-1] Change                           0.000000e+00
[lifelong_slam_toolbox_node-1] 
[lifelong_slam_toolbox_node-1] Minimizer iterations                        1
[lifelong_slam_toolbox_node-1] Successful steps                            1
[lifelong_slam_toolbox_node-1] Unsuccessful steps                          0
[lifelong_slam_toolbox_node-1] 
[lifelong_slam_toolbox_node-1] Time (in seconds):
[lifelong_slam_toolbox_node-1] Preprocessor                         0.000258
[lifelong_slam_toolbox_node-1] 
[lifelong_slam_toolbox_node-1]   Residual only evaluation           0.000000 (0)
[lifelong_slam_toolbox_node-1]   Jacobian & residual evaluation     0.000128 (1)
[lifelong_slam_toolbox_node-1]   Linear solver                      0.000000 (0)
[lifelong_slam_toolbox_node-1] Minimizer                            0.000226
[lifelong_slam_toolbox_node-1] 
[lifelong_slam_toolbox_node-1] Postprocessor                        0.000039
[lifelong_slam_toolbox_node-1] Total                                0.000524
[lifelong_slam_toolbox_node-1] 
[lifelong_slam_toolbox_node-1] Termination:                      CONVERGENCE (Gradient tolerance reached. Gradient max norm: 9.221363e-07 <= 1.000000e-06)
[lifelong_slam_toolbox_node-1] 
[lifelong_slam_toolbox_node-1] 
[lifelong_slam_toolbox_node-1] Solver Summary (v 2.2.0-eigen-(3.4.0)-lapack-suitesparse-(7.6.1)-eigensparse)
[lifelong_slam_toolbox_node-1] 
[lifelong_slam_toolbox_node-1]                                      Original                  Reduced
[lifelong_slam_toolbox_node-1] Parameter blocks                          171                      120
[lifelong_slam_toolbox_node-1] Parameters                                171                      120
[lifelong_slam_toolbox_node-1] Residual blocks                            38                       38
[lifelong_slam_toolbox_node-1] Residuals                                 114                      114
[lifelong_slam_toolbox_node-1] 
[lifelong_slam_toolbox_node-1] Minimizer                        TRUST_REGION
[lifelong_slam_toolbox_node-1] Trust region strategy     LEVENBERG_MARQUARDT
[lifelong_slam_toolbox_node-1] Sparse linear algebra library    SUITE_SPARSE 
[lifelong_slam_toolbox_node-1] 
[lifelong_slam_toolbox_node-1]                                         Given                     Used
[lifelong_slam_toolbox_node-1] Linear solver          SPARSE_NORMAL_CHOLESKY   SPARSE_NORMAL_CHOLESKY
[lifelong_slam_toolbox_node-1] Threads                                    50                        8
[lifelong_slam_toolbox_node-1] Linear solver ordering              AUTOMATIC                      120
[lifelong_slam_toolbox_node-1] 
[lifelong_slam_toolbox_node-1] Cost:
[lifelong_slam_toolbox_node-1] Initial                          8.054278e-16
[lifelong_slam_toolbox_node-1] Final                            8.054278e-16
[lifelong_slam_toolbox_node-1] Change                           0.000000e+00
[lifelong_slam_toolbox_node-1] 
[lifelong_slam_toolbox_node-1] Minimizer iterations                        1
[lifelong_slam_toolbox_node-1] Successful steps                            1
[lifelong_slam_toolbox_node-1] Unsuccessful steps                          0
[lifelong_slam_toolbox_node-1] 
[lifelong_slam_toolbox_node-1] Time (in seconds):
[lifelong_slam_toolbox_node-1] Preprocessor                         0.000249
[lifelong_slam_toolbox_node-1] 
[lifelong_slam_toolbox_node-1]   Residual only evaluation           0.000000 (0)
[lifelong_slam_toolbox_node-1]   Jacobian & residual evaluation     0.000113 (1)
[lifelong_slam_toolbox_node-1]   Linear solver                      0.000000 (0)
[lifelong_slam_toolbox_node-1] Minimizer                            0.000156
[lifelong_slam_toolbox_node-1] 
[lifelong_slam_toolbox_node-1] Postprocessor                        0.000009
[lifelong_slam_toolbox_node-1] Total                                0.000414
[lifelong_slam_toolbox_node-1] 
[lifelong_slam_toolbox_node-1] Termination:                      CONVERGENCE (Gradient tolerance reached. Gradient max norm: 9.221363e-07 <= 1.000000e-06)
[lifelong_slam_toolbox_node-1] 
[lifelong_slam_toolbox_node-1] 
[lifelong_slam_toolbox_node-1] Solver Summary (v 2.2.0-eigen-(3.4.0)-lapack-suitesparse-(7.6.1)-eigensparse)
[lifelong_slam_toolbox_node-1] 
[lifelong_slam_toolbox_node-1]                                      Original                  Reduced
[lifelong_slam_toolbox_node-1] Parameter blocks                          165                      108
[lifelong_slam_toolbox_node-1] Parameters                                165                      108
[lifelong_slam_toolbox_node-1] Residual blocks                            35                       35
[lifelong_slam_toolbox_node-1] Residuals                                 105                      105
[lifelong_slam_toolbox_node-1] 
[lifelong_slam_toolbox_node-1] Minimizer                        TRUST_REGION
[lifelong_slam_toolbox_node-1] Trust region strategy     LEVENBERG_MARQUARDT
[lifelong_slam_toolbox_node-1] Sparse linear algebra library    SUITE_SPARSE 
[lifelong_slam_toolbox_node-1] 
[lifelong_slam_toolbox_node-1]                                         Given                     Used
[lifelong_slam_toolbox_node-1] Linear solver          SPARSE_NORMAL_CHOLESKY   SPARSE_NORMAL_CHOLESKY
[lifelong_slam_toolbox_node-1] Threads                                    50                        8
[lifelong_slam_toolbox_node-1] Linear solver ordering              AUTOMATIC                      108
[lifelong_slam_toolbox_node-1] 
[lifelong_slam_toolbox_node-1] Cost:
[lifelong_slam_toolbox_node-1] Initial                          8.054278e-16
[lifelong_slam_toolbox_node-1] Final                            8.054278e-16
[lifelong_slam_toolbox_node-1] Change                           0.000000e+00
[lifelong_slam_toolbox_node-1] 
[lifelong_slam_toolbox_node-1] Minimizer iterations                        1
[lifelong_slam_toolbox_node-1] Successful steps                            1
[lifelong_slam_toolbox_node-1] Unsuccessful steps                          0
[lifelong_slam_toolbox_node-1] 
[lifelong_slam_toolbox_node-1] Time (in seconds):
[lifelong_slam_toolbox_node-1] Preprocessor                         0.000207
[lifelong_slam_toolbox_node-1] 
[lifelong_slam_toolbox_node-1]   Residual only evaluation           0.000000 (0)
[lifelong_slam_toolbox_node-1]   Jacobian & residual evaluation     0.000085 (1)
[lifelong_slam_toolbox_node-1]   Linear solver                      0.000000 (0)
[lifelong_slam_toolbox_node-1] Minimizer                            0.000115
[lifelong_slam_toolbox_node-1] 
[lifelong_slam_toolbox_node-1] Postprocessor                        0.000007
[lifelong_slam_toolbox_node-1] Total                                0.000329
[lifelong_slam_toolbox_node-1] 
[lifelong_slam_toolbox_node-1] Termination:                      CONVERGENCE (Gradient tolerance reached. Gradient max norm: 9.221363e-07 <= 1.000000e-06)
[lifelong_slam_toolbox_node-1] 
[lifelong_slam_toolbox_node-1] 
[lifelong_slam_toolbox_node-1] [INFO] [1787309192.848097820] [slam_toolbox]: Metric Scores: Initial: 1.000000, IOU: 0.921269, Area: 0.959089, Num Con: 2, Reading: 0.700000, outcome score: -1.000000.
[lifelong_slam_toolbox_node-1] W20260821 10:46:33.243331 600212 preprocessor.cc:67] Specified options.num_threads: 50 exceeds maximum available from the threading model Ceres was compiled with: 8.  Bounding to maximum number available.
[lifelong_slam_toolbox_node-1] W20260821 10:46:33.643502 600212 preprocessor.cc:67] Specified options.num_threads: 50 exceeds maximum available from the threading model Ceres was compiled with: 8.  Bounding to maximum number available.
[lifelong_slam_toolbox_node-1] Solver Summary (v 2.2.0-eigen-(3.4.0)-lapack-suitesparse-(7.6.1)-eigensparse)
[lifelong_slam_toolbox_node-1] 
[lifelong_slam_toolbox_node-1]                                      Original                  Reduced
[lifelong_slam_toolbox_node-1] Parameter blocks                          162                      108
[lifelong_slam_toolbox_node-1] Parameters                                162                      108
[lifelong_slam_toolbox_node-1] Residual blocks                            33                       33
[lifelong_slam_toolbox_node-1] Residuals                                  99                       99
[lifelong_slam_toolbox_node-1] 
[lifelong_slam_toolbox_node-1] Minimizer                        TRUST_REGION
[lifelong_slam_toolbox_node-1] Trust region strategy     LEVENBERG_MARQUARDT
[lifelong_slam_toolbox_node-1] Sparse linear algebra library    SUITE_SPARSE 
[lifelong_slam_toolbox_node-1] 
[lifelong_slam_toolbox_node-1]                                         Given                     Used
[lifelong_slam_toolbox_node-1] Linear solver          SPARSE_NORMAL_CHOLESKY   SPARSE_NORMAL_CHOLESKY
[lifelong_slam_toolbox_node-1] Threads                                    50                        8
[lifelong_slam_toolbox_node-1] Linear solver ordering              AUTOMATIC                      108
[lifelong_slam_toolbox_node-1] 
[lifelong_slam_toolbox_node-1] Cost:
[lifelong_slam_toolbox_node-1] Initial                          8.054278e-16
[lifelong_slam_toolbox_node-1] Final                            8.054278e-16
[lifelong_slam_toolbox_node-1] Change                           0.000000e+00
[lifelong_slam_toolbox_node-1] 
[lifelong_slam_toolbox_node-1] Minimizer iterations                        1
[lifelong_slam_toolbox_node-1] Successful steps                            1
[lifelong_slam_toolbox_node-1] Unsuccessful steps                          0
[lifelong_slam_toolbox_node-1] 
[lifelong_slam_toolbox_node-1] Time (in seconds):
[lifelong_slam_toolbox_node-1] Preprocessor                         0.000213
[lifelong_slam_toolbox_node-1] 
[lifelong_slam_toolbox_node-1]   Residual only evaluation           0.000000 (0)
[lifelong_slam_toolbox_node-1]   Jacobian & residual evaluation     0.000090 (1)
[lifelong_slam_toolbox_node-1]   Linear solver                      0.000000 (0)
[lifelong_slam_toolbox_node-1] Minimizer                            0.000126
[lifelong_slam_toolbox_node-1] 
[lifelong_slam_toolbox_node-1] Postprocessor                        0.000006
[lifelong_slam_toolbox_node-1] Total                                0.000346
[lifelong_slam_toolbox_node-1] 
[lifelong_slam_toolbox_node-1] Termination:                      CONVERGENCE (Gradient tolerance reached. Gradient max norm: 9.221363e-07 <= 1.000000e-06)
[lifelong_slam_toolbox_node-1] 
[lifelong_slam_toolbox_node-1] 
[lifelong_slam_toolbox_node-1] Solver Summary (v 2.2.0-eigen-(3.4.0)-lapack-suitesparse-(7.6.1)-eigensparse)
[lifelong_slam_toolbox_node-1] 
[lifelong_slam_toolbox_node-1]                                      Original                  Reduced
[lifelong_slam_toolbox_node-1] Parameter blocks                          162                      108
[lifelong_slam_toolbox_node-1] Parameters                                162                      108
[lifelong_slam_toolbox_node-1] Residual blocks                            33                       33
[lifelong_slam_toolbox_node-1] Residuals                                  99                       99
[lifelong_slam_toolbox_node-1] 
[lifelong_slam_toolbox_node-1] Minimizer                        TRUST_REGION
[lifelong_slam_toolbox_node-1] Trust region strategy     LEVENBERG_MARQUARDT
[lifelong_slam_toolbox_node-1] Sparse linear algebra library    SUITE_SPARSE 
[lifelong_slam_toolbox_node-1] 
[lifelong_slam_toolbox_node-1]                                         Given                     Used
[lifelong_slam_toolbox_node-1] Linear solver          SPARSE_NORMAL_CHOLESKY   SPARSE_NORMAL_CHOLESKY
[lifelong_slam_toolbox_node-1] Threads                                    50                        8
[lifelong_slam_toolbox_node-1] Linear solver ordering              AUTOMATIC                      108
[lifelong_slam_toolbox_node-1] 
[lifelong_slam_toolbox_node-1] Cost:
[lifelong_slam_toolbox_node-1] Initial                          8.054278e-16
[lifelong_slam_toolbox_node-1] Final                            8.054278e-16
[lifelong_slam_toolbox_node-1] Change                           0.000000e+00
[lifelong_slam_toolbox_node-1] 
[lifelong_slam_toolbox_node-1] Minimizer iterations                        1
[lifelong_slam_toolbox_node-1] Successful steps                            1
[lifelong_slam_toolbox_node-1] Unsuccessful steps                          0
[lifelong_slam_toolbox_node-1] 
[lifelong_slam_toolbox_node-1] Time (in seconds):
[lifelong_slam_toolbox_node-1] Preprocessor                         0.000186
[lifelong_slam_toolbox_node-1] 
[lifelong_slam_toolbox_node-1]   Residual only evaluation           0.000000 (0)
[lifelong_slam_toolbox_node-1]   Jacobian & residual evaluation     0.000078 (1)
[lifelong_slam_toolbox_node-1]   Linear solver                      0.000000 (0)
[lifelong_slam_toolbox_node-1] Minimizer                            0.000111
[lifelong_slam_toolbox_node-1] 
[lifelong_slam_toolbox_node-1] Postprocessor                        0.000006
[lifelong_slam_toolbox_node-1] Total                                0.000303
[lifelong_slam_toolbox_node-1] 
[lifelong_slam_toolbox_node-1] Termination:                      CONVERGENCE (Gradient tolerance reached. Gradient max norm: 9.221363e-07 <= 1.000000e-06)
[lifelong_slam_toolbox_node-1] 
[lifelong_slam_toolbox_node-1] 
[lifelong_slam_toolbox_node-1] Solver Summary (v 2.2.0-eigen-(3.4.0)-lapack-suitesparse-(7.6.1)-eigensparse)
[lifelong_slam_toolbox_node-1] 
[lifelong_slam_toolbox_node-1]                                      Original                  Reduced
[lifelong_slam_toolbox_node-1] Parameter blocks                          165                      111
[lifelong_slam_toolbox_node-1] Parameters                                165                      111
[lifelong_slam_toolbox_node-1] Residual blocks                            36                       36
[lifelong_slam_toolbox_node-1] Residuals                                 108                      108
[lifelong_slam_toolbox_node-1] 
[lifelong_slam_toolbox_node-1] Minimizer                        TRUST_REGION
[lifelong_slam_toolbox_node-1] Trust region strategy     LEVENBERG_MARQUARDT
[lifelong_slam_toolbox_node-1] Sparse linear algebra library    SUITE_SPARSE 
[lifelong_slam_toolbox_node-1] 
[lifelong_slam_toolbox_node-1]                                         Given                     Used
[lifelong_slam_toolbox_node-1] Linear solver          SPARSE_NORMAL_CHOLESKY   SPARSE_NORMAL_CHOLESKY
[lifelong_slam_toolbox_node-1] Threads                                    50                        8
[lifelong_slam_toolbox_node-1] Linear solver ordering              AUTOMATIC                      111
[lifelong_slam_toolbox_node-1] 
[lifelong_slam_toolbox_node-1] Cost:
[lifelong_slam_toolbox_node-1] [INFO] [1787309193.644401247] [slam_toolbox]: Metric Scores: Initial: 1.000000, IOU: 0.999302, Area: 0.999350, Num Con: 2, Reading: 0.686111, outcome score: -1.000000.
[lifelong_slam_toolbox_node-1] [INFO] [1787309193.644437647] [slam_toolbox]: Metric Scores: Initial: 1.000000, IOU: 0.878267, Area: 0.934814, Num Con: 2, Reading: 0.686111, outcome score: -1.000000.
[lifelong_slam_toolbox_node-1] [INFO] [1787309193.644452947] [slam_toolbox]: Metric Scores: Initial: 0.997963, IOU: 0.747822, Area: 0.856114, Num Con: 2, Reading: 0.188889, outcome score: 0.985629.
[lifelong_slam_toolbox_node-1] [INFO] [1787309193.644465147] [slam_toolbox]: Metric Scores: Initial: 1.000000, IOU: 0.933997, Area: 0.965926, Num Con: 2, Reading: 0.697222, outcome score: -1.000000.
[lifelong_slam_toolbox_node-1] W20260821 10:46:34.043007 600212 preprocessor.cc:67] Specified options.num_threads: 50 exceeds maximum available from the threading model Ceres was compiled with: 8.  Bounding to maximum number available.
[lifelong_slam_toolbox_node-1] [INFO] [1787309194.043893417] [slam_toolbox]: Metric Scores: Initial: 1.000000, IOU: 0.996711, Area: 0.997971, Num Con: 2, Reading: 0.683333, outcome score: -1.000000.
[lifelong_slam_toolbox_node-1] W20260821 10:46:34.441912 600212 preprocessor.cc:67] Specified options.num_threads: 50 exceeds maximum available from the threading model Ceres was compiled with: 8.  Bounding to maximum number available.
[lifelong_slam_toolbox_node-1] [INFO] [1787309194.443206587] [slam_toolbox]: Metric Scores: Initial: 1.000000, IOU: 0.945062, Area: 0.971850, Num Con: 2, Reading: 0.694444, outcome score: -1.000000.
[lifelong_slam_toolbox_node-1] W20260821 10:46:34.864243 600212 preprocessor.cc:67] Specified options.num_threads: 50 exceeds maximum available from the threading model Ceres was compiled with: 8.  Bounding to maximum number available.
[lifelong_slam_toolbox_node-1] Initial                          8.054278e-16
[lifelong_slam_toolbox_node-1] Final                            8.054278e-16
[lifelong_slam_toolbox_node-1] Change                           0.000000e+00
[lifelong_slam_toolbox_node-1] 
[lifelong_slam_toolbox_node-1] Minimizer iterations                        1
[lifelong_slam_toolbox_node-1] Successful steps                            1
[lifelong_slam_toolbox_node-1] Unsuccessful steps                          0
[lifelong_slam_toolbox_node-1] 
[lifelong_slam_toolbox_node-1] Time (in seconds):
[lifelong_slam_toolbox_node-1] Preprocessor                         0.000203
[lifelong_slam_toolbox_node-1] 
[lifelong_slam_toolbox_node-1]   Residual only evaluation           0.000000 (0)
[lifelong_slam_toolbox_node-1]   Jacobian & residual evaluation     0.000080 (1)
[lifelong_slam_toolbox_node-1]   Linear solver                      0.000000 (0)
[lifelong_slam_toolbox_node-1] Minimizer                            0.000119
[lifelong_slam_toolbox_node-1] 
[lifelong_slam_toolbox_node-1] Postprocessor                        0.000006
[lifelong_slam_toolbox_node-1] Total                                0.000328
[lifelong_slam_toolbox_node-1] 
[lifelong_slam_toolbox_node-1] Termination:                      CONVERGENCE (Gradient tolerance reached. Gradient max norm: 9.221363e-07 <= 1.000000e-06)
[lifelong_slam_toolbox_node-1] 
[lifelong_slam_toolbox_node-1] 
[lifelong_slam_toolbox_node-1] Solver Summary (v 2.2.0-eigen-(3.4.0)-lapack-suitesparse-(7.6.1)-eigensparse)
[lifelong_slam_toolbox_node-1] 
[lifelong_slam_toolbox_node-1]                                      Original                  Reduced
[lifelong_slam_toolbox_node-1] Parameter blocks                          159                      105
[lifelong_slam_toolbox_node-1] Parameters                                159                      105
[lifelong_slam_toolbox_node-1] Residual blocks                            33                       33
[lifelong_slam_toolbox_node-1] Residuals                                  99                       99
[lifelong_slam_toolbox_node-1] 
[lifelong_slam_toolbox_node-1] Minimizer                        TRUST_REGION
[lifelong_slam_toolbox_node-1] Trust region strategy     LEVENBERG_MARQUARDT
[lifelong_slam_toolbox_node-1] Sparse linear algebra library    SUITE_SPARSE 
[lifelong_slam_toolbox_node-1] 
[lifelong_slam_toolbox_node-1]                                         Given                     Used
[lifelong_slam_toolbox_node-1] Linear solver          SPARSE_NORMAL_CHOLESKY   SPARSE_NORMAL_CHOLESKY
[lifelong_slam_toolbox_node-1] Threads                                    50                        8
[lifelong_slam_toolbox_node-1] Linear solver ordering              AUTOMATIC                      105
[lifelong_slam_toolbox_node-1] 
[lifelong_slam_toolbox_node-1] Cost:
[lifelong_slam_toolbox_node-1] Initial                          8.054278e-16
[lifelong_slam_toolbox_node-1] Final                            8.054278e-16
[lifelong_slam_toolbox_node-1] Change                           0.000000e+00
[lifelong_slam_toolbox_node-1] 
[lifelong_slam_toolbox_node-1] Minimizer iterations                        1
[lifelong_slam_toolbox_node-1] Successful steps                            1
[lifelong_slam_toolbox_node-1] Unsuccessful steps                          0
[lifelong_slam_toolbox_node-1] 
[lifelong_slam_toolbox_node-1] Time (in seconds):
[lifelong_slam_toolbox_node-1] Preprocessor                         0.000215
[lifelong_slam_toolbox_node-1] 
[lifelong_slam_toolbox_node-1]   Residual only evaluation           0.000000 (0)
[lifelong_slam_toolbox_node-1]   Jacobian & residual evaluation     0.000093 (1)
[lifelong_slam_toolbox_node-1]   Linear solver                      0.000000 (0)
[lifelong_slam_toolbox_node-1] Minimizer                            0.000133
[lifelong_slam_toolbox_node-1] 
[lifelong_slam_toolbox_node-1] Postprocessor                        0.000007
[lifelong_slam_toolbox_node-1] Total                                0.000355
[lifelong_slam_toolbox_node-1] 
[lifelong_slam_toolbox_node-1] Termination:                      CONVERGENCE (Gradient tolerance reached. Gradient max norm: 9.221363e-07 <= 1.000000e-06)
[lifelong_slam_toolbox_node-1] 
[lifelong_slam_toolbox_node-1] 
[lifelong_slam_toolbox_node-1] Solver Summary (v 2.2.0-eigen-(3.4.0)-lapack-suitesparse-(7.6.1)-eigensparse)
[lifelong_slam_toolbox_node-1] 
[lifelong_slam_toolbox_node-1]                                      Original                  Reduced
[lifelong_slam_toolbox_node-1] Parameter blocks                          159                      108
[lifelong_slam_toolbox_node-1] Parameters                                159                      108
[lifelong_slam_toolbox_node-1] Residual blocks                            33                       33
[lifelong_slam_toolbox_node-1] Residuals                                  99                       99
[lifelong_slam_toolbox_node-1] 
[lifelong_slam_toolbox_node-1] Minimizer                        TRUST_REGION
[lifelong_slam_toolbox_node-1] Trust region strategy     LEVENBERG_MARQUARDT
[lifelong_slam_toolbox_node-1] Sparse linear algebra library    SUITE_SPARSE 
[lifelong_slam_toolbox_node-1] 
[lifelong_slam_toolbox_node-1]                                         Given                     Used
[lifelong_slam_toolbox_node-1] Linear solver          SPARSE_NORMAL_CHOLESKY   SPARSE_NORMAL_CHOLESKY
[lifelong_slam_toolbox_node-1] Threads                                    50                        8
[lifelong_slam_toolbox_node-1] Linear solver ordering              AUTOMATIC                      108
[lifelong_slam_toolbox_node-1] 
[lifelong_slam_toolbox_node-1] Cost:
[lifelong_slam_toolbox_node-1] Initial                          4.028915e-02
[lifelong_slam_toolbox_node-1] Final                            1.503509e-09
[lifelong_slam_toolbox_node-1] Change                           4.028915e-02
[lifelong_slam_toolbox_node-1] 
[lifelong_slam_toolbox_node-1] Minimizer iterations                        2
[lifelong_slam_toolbox_node-1] Successful steps                            2
[lifelong_slam_toolbox_node-1] Unsuccessful steps                          0
[lifelong_slam_toolbox_node-1] 
[lifelong_slam_toolbox_node-1] Time (in seconds):
[lifelong_slam_toolbox_node-1] Preprocessor                         0.000196
[lifelong_slam_toolbox_node-1] 
[lifelong_slam_toolbox_node-1]   Residual only evaluation           0.000040 (2)
[lifelong_slam_toolbox_node-1]   Jacobian & residual evaluation     0.000128 (2)
[lifelong_slam_toolbox_node-1]   Linear solver                      0.000223 (2)
[lifelong_slam_toolbox_node-1] Minimizer                            0.000486
[lifelong_slam_toolbox_node-1] 
[lifelong_slam_toolbox_node-1] Postprocessor                        0.000010
[lifelong_slam_toolbox_node-1] Total                                0.000693
[lifelong_slam_toolbox_node-1] 
[lifelong_slam_toolbox_node-1] Termination:                      CONVERGENCE (Parameter tolerance reached. Relative step_norm: 4.635214e-07 <= 1.000000e-03.)
[lifelong_slam_toolbox_node-1] 
[lifelong_slam_toolbox_node-1] 
[lifelong_slam_toolbox_node-1] Solver Summary (v 2.2.0-eigen-(3.4.0)-lapack-suitesparse-(7.6.1)-eigensparse)
[lifelong_slam_toolbox_node-1] 
[lifelong_slam_toolbox_node-1] [INFO] [1787309194.865937484] [slam_toolbox]: Metric Scores: Initial: 0.804667, IOU: 0.863558, Area: 0.926697, Num Con: 3, Reading: 0.672222, outcome score: 0.795788.
[lifelong_slam_toolbox_node-1] [INFO] [1787309194.865976184] [slam_toolbox]: Metric Scores: Initial: 0.986294, IOU: 0.689873, Area: 0.816933, Num Con: 2, Reading: 0.177778, outcome score: 0.974627.
[lifelong_slam_toolbox_node-1] W20260821 10:46:35.245012 600212 preprocessor.cc:67] Specified options.num_threads: 50 exceeds maximum available from the threading model Ceres was compiled with: 8.  Bounding to maximum number available.
[lifelong_slam_toolbox_node-1] [INFO] [1787309195.245941648] [slam_toolbox]: Metric Scores: Initial: 0.795788, IOU: 0.867231, Area: 0.928799, Num Con: 3, Reading: 0.672222, outcome score: 0.786552.
[lifelong_slam_toolbox_node-1] [INFO] [1787309195.245989448] [slam_toolbox]: Metric Scores: Initial: 0.974627, IOU: 0.686255, Area: 0.814385, Num Con: 2, Reading: 0.177778, outcome score: 0.962961.
[lifelong_slam_toolbox_node-1] [INFO] [1787309195.246014549] [slam_toolbox]: Metric Scores: Initial: 1.000000, IOU: 0.950397, Area: 0.974618, Num Con: 2, Reading: 0.688889, outcome score: -1.000000.
[lifelong_slam_toolbox_node-1]                                      Original                  Reduced
[lifelong_slam_toolbox_node-1] Parameter blocks                          159                      105
[lifelong_slam_toolbox_node-1] Parameters                                159                      105
[lifelong_slam_toolbox_node-1] Residual blocks                            33                       33
[lifelong_slam_toolbox_node-1] Residuals                                  99                       99
[lifelong_slam_toolbox_node-1] 
[lifelong_slam_toolbox_node-1] Minimizer                        TRUST_REGION
[lifelong_slam_toolbox_node-1] Trust region strategy     LEVENBERG_MARQUARDT
[lifelong_slam_toolbox_node-1] Sparse linear algebra library    SUITE_SPARSE 
[lifelong_slam_toolbox_node-1] 
[lifelong_slam_toolbox_node-1]                                         Given                     Used
[lifelong_slam_toolbox_node-1] Linear solver          SPARSE_NORMAL_CHOLESKY   SPARSE_NORMAL_CHOLESKY
[lifelong_slam_toolbox_node-1] Threads                                    50                        8
[lifelong_slam_toolbox_node-1] Linear solver ordering              AUTOMATIC                      105
[lifelong_slam_toolbox_node-1] 
[lifelong_slam_toolbox_node-1] Cost:
[lifelong_slam_toolbox_node-1] Initial                          1.499861e-09
[lifelong_slam_toolbox_node-1] Final                            1.778121e-14
[lifelong_slam_toolbox_node-1] Change                           1.499843e-09
[lifelong_slam_toolbox_node-1] 
[lifelong_slam_toolbox_node-1] Minimizer iterations                        2
[lifelong_slam_toolbox_node-1] Successful steps                            2
[lifelong_slam_toolbox_node-1] Unsuccessful steps                          0
[lifelong_slam_toolbox_node-1] 
[lifelong_slam_toolbox_node-1] Time (in seconds):
[lifelong_slam_toolbox_node-1] Preprocessor                         0.000255
[lifelong_slam_toolbox_node-1] 
[lifelong_slam_toolbox_node-1]   Residual only evaluation           0.000015 (1)
[lifelong_slam_toolbox_node-1]   Jacobian & residual evaluation     0.000669 (2)
[lifelong_slam_toolbox_node-1]   Linear solver                      0.000121 (1)
[lifelong_slam_toolbox_node-1] Minimizer                            0.000888
[lifelong_slam_toolbox_node-1] 
[lifelong_slam_toolbox_node-1] Postprocessor                        0.000012
[lifelong_slam_toolbox_node-1] Total                                0.001155
[lifelong_slam_toolbox_node-1] 
[lifelong_slam_toolbox_node-1] Termination:                      CONVERGENCE (Gradient tolerance reached. Gradient max norm: 7.485279e-07 <= 1.000000e-06)
[lifelong_slam_toolbox_node-1] 
[lifelong_slam_toolbox_node-1] 
[lifelong_slam_toolbox_node-1] Solver Summary (v 2.2.0-eigen-(3.4.0)-lapack-suitesparse-(7.6.1)-eigensparse)
[lifelong_slam_toolbox_node-1] 
[lifelong_slam_toolbox_node-1]                                      Original                  Reduced
[lifelong_slam_toolbox_node-1] Parameter blocks                          162                      111
[lifelong_slam_toolbox_node-1] Parameters                                162                      111
[lifelong_slam_toolbox_node-1] Residual blocks                            35                       35
[lifelong_slam_toolbox_node-1] Residuals                                 105                      105
[lifelong_slam_toolbox_node-1] 
[lifelong_slam_toolbox_node-1] Minimizer                        TRUST_REGION
[lifelong_slam_toolbox_node-1] Trust region strategy     LEVENBERG_MARQUARDT
[lifelong_slam_toolbox_node-1] Sparse linear algebra library    SUITE_SPARSE 
[lifelong_slam_toolbox_node-1] 
[lifelong_slam_toolbox_node-1]                                         Given                     Used
[lifelong_slam_toolbox_node-1] Linear solver          SPARSE_NORMAL_CHOLESKY   SPARSE_NORMAL_CHOLESKY
[lifelong_slam_toolbox_node-1] Threads                                    50                        8
[lifelong_slam_toolbox_node-1] Linear solver ordering              AUTOMATIC                      111
[lifelong_slam_toolbox_node-1] 
[lifelong_slam_toolbox_node-1] Cost:
[lifelong_slam_toolbox_node-1] Initial                          1.778121e-14
[lifelong_slam_toolbox_node-1] Final                            1.778121e-14
[lifelong_slam_toolbox_node-1] Change                           0.000000e+00
[lifelong_slam_toolbox_node-1] 
[lifelong_slam_toolbox_node-1] Minimizer iterations                        1
[lifelong_slam_toolbox_node-1] Successful steps                            1
[lifelong_slam_toolbox_node-1] Unsuccessful steps                          0
[lifelong_slam_toolbox_node-1] 
[lifelong_slam_toolbox_node-1] Time (in seconds):
[lifelong_slam_toolbox_node-1] Preprocessor                         0.000189
[lifelong_slam_toolbox_node-1] 
[lifelong_slam_toolbox_node-1]   Residual only evaluation           0.000000 (0)
[lifelong_slam_toolbox_node-1]   Jacobian & residual evaluation     0.000105 (1)
[lifelong_slam_toolbox_node-1]   Linear solver                      0.000000 (0)
[lifelong_slam_toolbox_node-1] Minimizer                            0.000145
[lifelong_slam_toolbox_node-1] 
[lifelong_slam_toolbox_node-1] Postprocessor                        0.000007
[lifelong_slam_toolbox_node-1] Total                                0.000341
[lifelong_slam_toolbox_node-1] 
[lifelong_slam_toolbox_node-1] Termination:                      CONVERGENCE (Gradient tolerance reached. Gradient max norm: 7.485279e-07 <= 1.000000e-06)
[lifelong_slam_toolbox_node-1] 
[lifelong_slam_toolbox_node-1] W20260821 10:46:35.641129 600212 preprocessor.cc:67] Specified options.num_threads: 50 exceeds maximum available from the threading model Ceres was compiled with: 8.  Bounding to maximum number available.
[lifelong_slam_toolbox_node-1] [INFO] [1787309195.642451302] [slam_toolbox]: Metric Scores: Initial: 1.000000, IOU: 0.860393, Area: 0.925166, Num Con: 2, Reading: 0.541667, outcome score: -1.000000.
[lifelong_slam_toolbox_node-1] [INFO] [1787309195.642497303] [slam_toolbox]: Metric Scores: Initial: 0.997976, IOU: 0.713002, Area: 0.835152, Num Con: 2, Reading: 0.208333, outcome score: 0.984476.
[lifelong_slam_toolbox_node-1] [INFO] [1787309195.642510703] [slam_toolbox]: Metric Scores: Initial: 0.786552, IOU: 0.871505, Area: 0.931289, Num Con: 3, Reading: 0.672222, outcome score: 0.776943.
[lifelong_slam_toolbox_node-1] [INFO] [1787309195.642521303] [slam_toolbox]: Metric Scores: Initial: 0.962961, IOU: 0.686096, Area: 0.814358, Num Con: 2, Reading: 0.177778, outcome score: 0.951294.
[lifelong_slam_toolbox_node-1] [INFO] [1787309195.642542103] [slam_toolbox]: Metric Scores: Initial: 1.000000, IOU: 0.956447, Area: 0.977854, Num Con: 2, Reading: 0.688889, outcome score: -1.000000.
[lifelong_slam_toolbox_node-1] [INFO] [1787309196.017725341] [slam_toolbox]: Metric Scores: Initial: 0.776943, IOU: 0.877133, Area: 0.934470, Num Con: 3, Reading: 0.672222, outcome score: 0.766946.
[lifelong_slam_toolbox_node-1] [INFO] [1787309196.017788742] [slam_toolbox]: Metric Scores: Initial: 0.951294, IOU: 0.684650, Area: 0.813319, Num Con: 2, Reading: 0.177778, outcome score: 0.939627.
[lifelong_slam_toolbox_node-1] [INFO] [1787309196.418853120] [slam_toolbox]: Metric Scores: Initial: 0.766946, IOU: 0.882953, Area: 0.937770, Num Con: 3, Reading: 0.672222, outcome score: 0.756546.
[lifelong_slam_toolbox_node-1] [INFO] [1787309196.418906421] [slam_toolbox]: Metric Scores: Initial: 0.939627, IOU: 0.682626, Area: 0.811896, Num Con: 2, Reading: 0.177778, outcome score: 0.927961.
[lifelong_slam_toolbox_node-1] [INFO] [1787309196.418926421] [slam_toolbox]: Metric Scores: Initial: 1.000000, IOU: 0.956891, Area: 0.978039, Num Con: 2, Reading: 0.688889, outcome score: -1.000000.
[lifelong_slam_toolbox_node-1] [INFO] [1787309196.818718093] [slam_toolbox]: Metric Scores: Initial: 1.000000, IOU: 0.999240, Area: 0.999246, Num Con: 2, Reading: 0.686111, outcome score: -1.000000.
[lifelong_slam_toolbox_node-1] [INFO] [1787309196.818789593] [slam_toolbox]: Metric Scores: Initial: 0.756546, IOU: 0.887650, Area: 0.940418, Num Con: 3, Reading: 0.672222, outcome score: 0.745727.
[lifelong_slam_toolbox_node-1] [INFO] [1787309196.818802593] [slam_toolbox]: Metric Scores: Initial: 0.927961, IOU: 0.683246, Area: 0.812338, Num Con: 2, Reading: 0.177778, outcome score: 0.916294.
[lifelong_slam_toolbox_node-1] [INFO] [1787309196.818818193] [slam_toolbox]: Metric Scores: Initial: 1.000000, IOU: 0.953291, Area: 0.976119, Num Con: 2, Reading: 0.686111, outcome score: -1.000000.
[lifelong_slam_toolbox_node-1] [INFO] [1787309197.222940589] [slam_toolbox]: Metric Scores: Initial: 0.745727, IOU: 0.893763, Area: 0.943840, Num Con: 3, Reading: 0.672222, outcome score: 0.734471.
[lifelong_slam_toolbox_node-1] [INFO] [1787309197.223011289] [slam_toolbox]: Metric Scores: Initial: 0.916294, IOU: 0.681833, Area: 0.811341, Num Con: 2, Reading: 0.177778, outcome score: 0.904627.
[lifelong_slam_toolbox_node-1] [INFO] [1787309197.223031289] [slam_toolbox]: Metric Scores: Initial: 1.000000, IOU: 0.946382, Area: 0.972527, Num Con: 2, Reading: 0.683333, outcome score: -1.000000.
[lifelong_slam_toolbox_node-1] [INFO] [1787309197.631896611] [slam_toolbox]: Metric Scores: Initial: 0.734471, IOU: 0.902318, Area: 0.948626, Num Con: 3, Reading: 0.672222, outcome score: 0.722761.
[lifelong_slam_toolbox_node-1] [INFO] [1787309197.631951011] [slam_toolbox]: Metric Scores: Initial: 0.904627, IOU: 0.680912, Area: 0.810721, Num Con: 2, Reading: 0.177778, outcome score: 0.892961.
[lifelong_slam_toolbox_node-1] [INFO] [1787309198.027121258] [slam_toolbox]: Metric Scores: Initial: 0.722761, IOU: 0.904972, Area: 0.950076, Num Con: 3, Reading: 0.672222, outcome score: 0.710579.
[lifelong_slam_toolbox_node-1] [INFO] [1787309198.027184558] [slam_toolbox]: Metric Scores: Initial: 1.000000, IOU: 0.944324, Area: 0.971402, Num Con: 3, Reading: 0.683333, outcome score: 0.999000.
[lifelong_slam_toolbox_node-1] [INFO] [1787309198.027214058] [slam_toolbox]: Metric Scores: Initial: 0.892961, IOU: 0.682313, Area: 0.811700, Num Con: 2, Reading: 0.177778, outcome score: 0.881294.
[lifelong_slam_toolbox_node-1] [INFO] [1787309198.420667996] [slam_toolbox]: Metric Scores: Initial: 1.000000, IOU: 0.939014, Area: 0.968553, Num Con: 3, Reading: 0.680556, outcome score: 0.999000.
[lifelong_slam_toolbox_node-1] [INFO] [1787309198.420736196] [slam_toolbox]: Metric Scores: Initial: 0.710579, IOU: 0.911902, Area: 0.953853, Num Con: 3, Reading: 0.672222, outcome score: 0.697906.
[lifelong_slam_toolbox_node-1] [INFO] [1787309198.420750796] [slam_toolbox]: Metric Scores: Initial: 0.999000, IOU: 0.936063, Area: 0.966984, Num Con: 3, Reading: 0.683333, outcome score: 0.997959.
[lifelong_slam_toolbox_node-1] [INFO] [1787309198.420851497] [slam_toolbox]: Metric Scores: Initial: 0.881294, IOU: 0.682721, Area: 0.811965, Num Con: 2, Reading: 0.177778, outcome score: 0.869627.
[lifelong_slam_toolbox_node-1] [INFO] [1787309198.819377862] [slam_toolbox]: Metric Scores: Initial: 1.000000, IOU: 0.939554, Area: 0.968883, Num Con: 3, Reading: 0.680556, outcome score: 0.999000.
[lifelong_slam_toolbox_node-1] [INFO] [1787309198.819430862] [slam_toolbox]: Metric Scores: Initial: 0.999000, IOU: 0.933994, Area: 0.965913, Num Con: 3, Reading: 0.680556, outcome score: 0.997959.
[lifelong_slam_toolbox_node-1] [INFO] [1787309198.819442262] [slam_toolbox]: Metric Scores: Initial: 0.697906, IOU: 0.913729, Area: 0.954889, Num Con: 3, Reading: 0.672222, outcome score: 0.684722.
[lifelong_slam_toolbox_node-1] [INFO] [1787309198.819453062] [slam_toolbox]: Metric Scores: Initial: 0.997959, IOU: 0.931063, Area: 0.964348, Num Con: 3, Reading: 0.683333, outcome score: 0.996875.
[lifelong_slam_toolbox_node-1] [INFO] [1787309198.819462563] [slam_toolbox]: Metric Scores: Initial: 0.869627, IOU: 0.684024, Area: 0.812917, Num Con: 2, Reading: 0.177778, outcome score: 0.857961.
[lifelong_slam_toolbox_node-1] [INFO] [1787309199.219407235] [slam_toolbox]: Metric Scores: Initial: 1.000000, IOU: 0.937059, Area: 0.967518, Num Con: 3, Reading: 0.686111, outcome score: 0.999000.
[lifelong_slam_toolbox_node-1] [INFO] [1787309199.219456636] [slam_toolbox]: Metric Scores: Initial: 0.999000, IOU: 0.932905, Area: 0.965290, Num Con: 3, Reading: 0.680556, outcome score: 0.997959.
[lifelong_slam_toolbox_node-1] [INFO] [1787309199.219467136] [slam_toolbox]: Metric Scores: Initial: 0.997959, IOU: 0.927393, Area: 0.962325, Num Con: 3, Reading: 0.680556, outcome score: 0.996876.
[lifelong_slam_toolbox_node-1] [INFO] [1787309199.219477936] [slam_toolbox]: Metric Scores: Initial: 0.684722, IOU: 0.914167, Area: 0.955083, Num Con: 3, Reading: 0.672222, outcome score: 0.671006.
[lifelong_slam_toolbox_node-1] [INFO] [1787309199.219487936] [slam_toolbox]: Metric Scores: Initial: 0.996875, IOU: 0.924488, Area: 0.960763, Num Con: 3, Reading: 0.683333, outcome score: 0.995747.
[lifelong_slam_toolbox_node-1] [INFO] [1787309199.219496836] [slam_toolbox]: Metric Scores: Initial: 0.857961, IOU: 0.684322, Area: 0.813088, Num Con: 2, Reading: 0.177778, outcome score: 0.846294.
[lifelong_slam_toolbox_node-1] [INFO] [1787309199.618597104] [slam_toolbox]: Metric Scores: Initial: 0.722667, IOU: 0.998391, Area: 0.999011, Num Con: 2, Reading: 0.683333, outcome score: -1.000000.
[lifelong_slam_toolbox_node-1] [INFO] [1787309199.618664204] [slam_toolbox]: Metric Scores: Initial: 1.000000, IOU: 0.937384, Area: 0.967655, Num Con: 2, Reading: 0.683333, outcome score: -1.000000.
[lifelong_slam_toolbox_node-1] [INFO] [1787309199.618673504] [slam_toolbox]: Metric Scores: Initial: 0.999000, IOU: 0.932722, Area: 0.965200, Num Con: 3, Reading: 0.686111, outcome score: 0.997959.
[lifelong_slam_toolbox_node-1] [INFO] [1787309199.618682204] [slam_toolbox]: Metric Scores: Initial: 0.997959, IOU: 0.928596, Area: 0.962976, Num Con: 3, Reading: 0.680556, outcome score: 0.996876.
[lifelong_slam_toolbox_node-1] [INFO] [1787309199.618691004] [slam_toolbox]: Metric Scores: Initial: 0.996876, IOU: 0.923117, Area: 0.960016, Num Con: 3, Reading: 0.680556, outcome score: 0.995748.
[lifelong_slam_toolbox_node-1] [INFO] [1787309199.618700805] [slam_toolbox]: Metric Scores: Initial: 0.671006, IOU: 0.916405, Area: 0.956301, Num Con: 3, Reading: 0.672222, outcome score: 0.656736.
[lifelong_slam_toolbox_node-1] [INFO] [1787309199.618709605] [slam_toolbox]: Metric Scores: Initial: 0.995747, IOU: 0.920229, Area: 0.958457, Num Con: 3, Reading: 0.683333, outcome score: 0.994573.
[lifelong_slam_toolbox_node-1] [INFO] [1787309199.618718205] [slam_toolbox]: Metric Scores: Initial: 0.846294, IOU: 0.685913, Area: 0.814208, Num Con: 2, Reading: 0.177778, outcome score: 0.834627.
[lifelong_slam_toolbox_node-1] W20260821 10:46:40.045609 600212 preprocessor.cc:67] Specified options.num_threads: 50 exceeds maximum available from the threading model Ceres was compiled with: 8.  Bounding to maximum number available.
[lifelong_slam_toolbox_node-1] W20260821 10:46:40.445080 600212 preprocessor.cc:67] Specified options.num_threads: 50 exceeds maximum available from the threading model Ceres was compiled with: 8.  Bounding to maximum number available.
[lifelong_slam_toolbox_node-1] 
[lifelong_slam_toolbox_node-1] Solver Summary (v 2.2.0-eigen-(3.4.0)-lapack-suitesparse-(7.6.1)-eigensparse)
[lifelong_slam_toolbox_node-1] 
[lifelong_slam_toolbox_node-1]                                      Original                  Reduced
[lifelong_slam_toolbox_node-1] Parameter blocks                          162                      108
[lifelong_slam_toolbox_node-1] Parameters                                162                      108
[lifelong_slam_toolbox_node-1] Residual blocks                            35                       35
[lifelong_slam_toolbox_node-1] Residuals                                 105                      105
[lifelong_slam_toolbox_node-1] 
[lifelong_slam_toolbox_node-1] Minimizer                        TRUST_REGION
[lifelong_slam_toolbox_node-1] Trust region strategy     LEVENBERG_MARQUARDT
[lifelong_slam_toolbox_node-1] Sparse linear algebra library    SUITE_SPARSE 
[lifelong_slam_toolbox_node-1] 
[lifelong_slam_toolbox_node-1]                                         Given                     Used
[lifelong_slam_toolbox_node-1] Linear solver          SPARSE_NORMAL_CHOLESKY   SPARSE_NORMAL_CHOLESKY
[lifelong_slam_toolbox_node-1] Threads                                    50                        8
[lifelong_slam_toolbox_node-1] Linear solver ordering              AUTOMATIC                      108
[lifelong_slam_toolbox_node-1] 
[lifelong_slam_toolbox_node-1] Cost:
[lifelong_slam_toolbox_node-1] Initial                          1.121512e-01
[lifelong_slam_toolbox_node-1] Final                            5.459043e-07
[lifelong_slam_toolbox_node-1] Change                           1.121506e-01
[lifelong_slam_toolbox_node-1] 
[lifelong_slam_toolbox_node-1] Minimizer iterations                        2
[lifelong_slam_toolbox_node-1] Successful steps                            2
[lifelong_slam_toolbox_node-1] Unsuccessful steps                          0
[lifelong_slam_toolbox_node-1] 
[lifelong_slam_toolbox_node-1] Time (in seconds):
[lifelong_slam_toolbox_node-1] Preprocessor                         0.000200
[lifelong_slam_toolbox_node-1] 
[lifelong_slam_toolbox_node-1]   Residual only evaluation           0.000023 (2)
[lifelong_slam_toolbox_node-1]   Jacobian & residual evaluation     0.000154 (2)
[lifelong_slam_toolbox_node-1]   Linear solver                      0.000224 (2)
[lifelong_slam_toolbox_node-1] Minimizer                            0.000481
[lifelong_slam_toolbox_node-1] 
[lifelong_slam_toolbox_node-1] Postprocessor                        0.000011
[lifelong_slam_toolbox_node-1] Total                                0.000692
[lifelong_slam_toolbox_node-1] 
[lifelong_slam_toolbox_node-1] Termination:                      CONVERGENCE (Parameter tolerance reached. Relative step_norm: 5.754998e-06 <= 1.000000e-03.)
[lifelong_slam_toolbox_node-1] 
[lifelong_slam_toolbox_node-1] 
[lifelong_slam_toolbox_node-1] Solver Summary (v 2.2.0-eigen-(3.4.0)-lapack-suitesparse-(7.6.1)-eigensparse)
[lifelong_slam_toolbox_node-1] 
[lifelong_slam_toolbox_node-1]                                      Original                  Reduced
[lifelong_slam_toolbox_node-1] Parameter blocks                          171                      114
[lifelong_slam_toolbox_node-1] Parameters                                171                      114
[lifelong_slam_toolbox_node-1] Residual blocks                            35                       35
[lifelong_slam_toolbox_node-1] Residuals                                 105                      105
[lifelong_slam_toolbox_node-1] 
[lifelong_slam_toolbox_node-1] Minimizer                        TRUST_REGION
[lifelong_slam_toolbox_node-1] Trust region strategy     LEVENBERG_MARQUARDT
[lifelong_slam_toolbox_node-1] Sparse linear algebra library    SUITE_SPARSE 
[lifelong_slam_toolbox_node-1] 
[lifelong_slam_toolbox_node-1]                                         Given                     Used
[lifelong_slam_toolbox_node-1] Linear solver          SPARSE_NORMAL_CHOLESKY   SPARSE_NORMAL_CHOLESKY
[lifelong_slam_toolbox_node-1] Threads                                    50                        8
[lifelong_slam_toolbox_node-1] Linear solver ordering              AUTOMATIC                      114
[lifelong_slam_toolbox_node-1] 
[lifelong_slam_toolbox_node-1] Cost:
[lifelong_slam_toolbox_node-1] Initial                          7.440800e-03
[lifelong_slam_toolbox_node-1] Final                            1.625514e-09
[lifelong_slam_toolbox_node-1] Change                           7.440798e-03
[lifelong_slam_toolbox_node-1] 
[lifelong_slam_toolbox_node-1] Minimizer iterations                        2
[lifelong_slam_toolbox_node-1] Successful steps                            2
[lifelong_slam_toolbox_node-1] Unsuccessful steps                          0
[lifelong_slam_toolbox_node-1] 
[lifelong_slam_toolbox_node-1] Time (in seconds):
[lifelong_slam_toolbox_node-1] Preprocessor                         0.000220
[lifelong_slam_toolbox_node-1] 
[lifelong_slam_toolbox_node-1]   Residual only evaluation           0.000033 (2)
[lifelong_slam_toolbox_node-1]   Jacobian & residual evaluation     0.000143 (2)
[lifelong_slam_toolbox_node-1]   Linear solver                      0.000231 (2)
[lifelong_slam_toolbox_node-1] Minimizer                            0.000540
[lifelong_slam_toolbox_node-1] 
[lifelong_slam_toolbox_node-1] Postprocessor                        0.000011
[lifelong_slam_toolbox_node-1] Total                                0.000771
[lifelong_slam_toolbox_node-1] 
[lifelong_slam_toolbox_node-1] Termination:                      CONVERGENCE (Parameter tolerance reached. Relative step_norm: 4.313603e-07 <= 1.000000e-03.)
[lifelong_slam_toolbox_node-1] 
[lifelong_slam_toolbox_node-1] 
[lifelong_slam_toolbox_node-1] Solver Summary (v 2.2.0-eigen-(3.4.0)-lapack-suitesparse-(7.6.1)-eigensparse)
[lifelong_slam_toolbox_node-1] 
[lifelong_slam_toolbox_node-1]                                      Original                  Reduced
[lifelong_slam_toolbox_node-1] Parameter blocks                          174                      117
[lifelong_slam_toolbox_node-1] Parameters                                174                      117
[lifelong_slam_toolbox_node-1] Residual blocks                            38                       38
[lifelong_slam_toolbox_node-1] Residuals                                 114                      114
[lifelong_slam_toolbox_node-1] 
[lifelong_slam_toolbox_node-1] Minimizer                        TRUST_REGION
[lifelong_slam_toolbox_node-1] Trust region strategy     LEVENBERG_MARQUARDT
[lifelong_slam_toolbox_node-1] Sparse linear algebra library    SUITE_SPARSE 
[lifelong_slam_toolbox_node-1] 
[lifelong_slam_toolbox_node-1]                                         Given                     Used
[lifelong_slam_toolbox_node-1] Linear solver          SPARSE_NORMAL_CHOLESKY   SPARSE_NORMAL_CHOLESKY
[lifelong_slam_toolbox_node-1] Threads                                    50                        8
[lifelong_slam_toolbox_node-1] [INFO] [1787309200.446377401] [slam_toolbox]: Metric Scores: Initial: 0.801167, IOU: 0.993540, Area: 0.996385, Num Con: 2, Reading: 0.686111, outcome score: -1.000000.
[lifelong_slam_toolbox_node-1] [INFO] [1787309200.446415401] [slam_toolbox]: Metric Scores: Initial: 1.000000, IOU: 0.962343, Area: 0.980501, Num Con: 2, Reading: 0.680556, outcome score: -1.000000.
[lifelong_slam_toolbox_node-1] [INFO] [1787309200.446427701] [slam_toolbox]: Metric Scores: Initial: 0.994573, IOU: 0.906147, Area: 0.950762, Num Con: 3, Reading: 0.683333, outcome score: 0.993350.
[lifelong_slam_toolbox_node-1] [INFO] [1787309200.446440001] [slam_toolbox]: Metric Scores: Initial: 0.995748, IOU: 0.908977, Area: 0.952314, Num Con: 3, Reading: 0.680556, outcome score: 0.994575.
[lifelong_slam_toolbox_node-1] [INFO] [1787309200.446481302] [slam_toolbox]: Metric Scores: Initial: 0.996876, IOU: 0.914349, Area: 0.955259, Num Con: 3, Reading: 0.680556, outcome score: 0.995748.
[lifelong_slam_toolbox_node-1] [INFO] [1787309200.446495002] [slam_toolbox]: Metric Scores: Initial: 0.656736, IOU: 0.921639, Area: 0.959144, Num Con: 3, Reading: 0.672222, outcome score: 0.641891.
[lifelong_slam_toolbox_node-1] [INFO] [1787309200.446505002] [slam_toolbox]: Metric Scores: Initial: 0.997959, IOU: 0.918391, Area: 0.957471, Num Con: 2, Reading: 0.686111, outcome score: -1.000000.
[lifelong_slam_toolbox_node-1] [INFO] [1787309200.446515302] [slam_toolbox]: Metric Scores: Initial: 0.834627, IOU: 0.689624, Area: 0.816816, Num Con: 2, Reading: 0.177778, outcome score: 0.822961.
[lifelong_slam_toolbox_node-1] [INFO] [1787309200.446529502] [slam_toolbox]: Metric Scores: Initial: 1.000000, IOU: 0.935290, Area: 0.966550, Num Con: 2, Reading: 0.686111, outcome score: -1.000000.
[lifelong_slam_toolbox_node-1] Linear solver ordering              AUTOMATIC                      117
[lifelong_slam_toolbox_node-1] 
[lifelong_slam_toolbox_node-1] Cost:
[lifelong_slam_toolbox_node-1] Initial                          1.625514e-09
[lifelong_slam_toolbox_node-1] Final                            1.806525e-11
[lifelong_slam_toolbox_node-1] Change                           1.607449e-09
[lifelong_slam_toolbox_node-1] 
[lifelong_slam_toolbox_node-1] Minimizer iterations                        2
[lifelong_slam_toolbox_node-1] Successful steps                            2
[lifelong_slam_toolbox_node-1] Unsuccessful steps                          0
[lifelong_slam_toolbox_node-1] 
[lifelong_slam_toolbox_node-1] Time (in seconds):
[lifelong_slam_toolbox_node-1] Preprocessor                         0.000214
[lifelong_slam_toolbox_node-1] 
[lifelong_slam_toolbox_node-1]   Residual only evaluation           0.000016 (1)
[lifelong_slam_toolbox_node-1]   Jacobian & residual evaluation     0.000179 (2)
[lifelong_slam_toolbox_node-1]   Linear solver                      0.000133 (1)
[lifelong_slam_toolbox_node-1] Minimizer                            0.000406
[lifelong_slam_toolbox_node-1] 
[lifelong_slam_toolbox_node-1] Postprocessor                        0.000008
[lifelong_slam_toolbox_node-1] Total                                0.000628
[lifelong_slam_toolbox_node-1] 
[lifelong_slam_toolbox_node-1] Termination:                      CONVERGENCE (Gradient tolerance reached. Gradient max norm: 6.719205e-07 <= 1.000000e-06)
[lifelong_slam_toolbox_node-1] 
[lifelong_slam_toolbox_node-1] W20260821 10:46:40.844657 600212 preprocessor.cc:67] Specified options.num_threads: 50 exceeds maximum available from the threading model Ceres was compiled with: 8.  Bounding to maximum number available.
[lifelong_slam_toolbox_node-1] [INFO] [1787309200.845981072] [slam_toolbox]: Metric Scores: Initial: 0.806307, IOU: 0.943615, Area: 0.970728, Num Con: 2, Reading: 0.677778, outcome score: -1.000000.
[lifelong_slam_toolbox_node-1] [INFO] [1787309200.846030572] [slam_toolbox]: Metric Scores: Initial: 0.994575, IOU: 0.902135, Area: 0.948543, Num Con: 3, Reading: 0.680556, outcome score: 0.993353.
[lifelong_slam_toolbox_node-1] [INFO] [1787309200.846042472] [slam_toolbox]: Metric Scores: Initial: 0.993350, IOU: 0.899334, Area: 0.946996, Num Con: 2, Reading: 0.683333, outcome score: -1.000000.
[lifelong_slam_toolbox_node-1] [INFO] [1787309200.846052272] [slam_toolbox]: Metric Scores: Initial: 0.995748, IOU: 0.907454, Area: 0.951481, Num Con: 2, Reading: 0.680556, outcome score: -1.000000.
[lifelong_slam_toolbox_node-1] [INFO] [1787309200.846062372] [slam_toolbox]: Metric Scores: Initial: 0.641891, IOU: 0.925543, Area: 0.961255, Num Con: 3, Reading: 0.672222, outcome score: 0.626447.
[lifelong_slam_toolbox_node-1] [INFO] [1787309200.846074772] [slam_toolbox]: Metric Scores: Initial: 0.822961, IOU: 0.692404, Area: 0.818773, Num Con: 2, Reading: 0.177778, outcome score: 0.811294.
[lifelong_slam_toolbox_node-1] W20260821 10:46:41.244170 600212 preprocessor.cc:67] Specified options.num_threads: 50 exceeds maximum available from the threading model Ceres was compiled with: 8.  Bounding to maximum number available.
[lifelong_slam_toolbox_node-1] [INFO] [1787309201.245389542] [slam_toolbox]: Metric Scores: Initial: 0.626447, IOU: 0.929770, Area: 0.963564, Num Con: 3, Reading: 0.672222, outcome score: 0.610381.
[lifelong_slam_toolbox_node-1] [INFO] [1787309201.245441542] [slam_toolbox]: Metric Scores: Initial: 0.811294, IOU: 0.695402, Area: 0.820884, Num Con: 2, Reading: 0.177778, outcome score: 0.799627.
[lifelong_slam_toolbox_node-1] [INFO] [1787309201.245466942] [slam_toolbox]: Metric Scores: Initial: 1.000000, IOU: 0.934800, Area: 0.966314, Num Con: 2, Reading: 0.686111, outcome score: -1.000000.
[lifelong_slam_toolbox_node-1] W20260821 10:46:41.640359 600212 preprocessor.cc:67] Specified options.num_threads: 50 exceeds maximum available from the threading model Ceres was compiled with: 8.  Bounding to maximum number available.
[lifelong_slam_toolbox_node-1] 
[lifelong_slam_toolbox_node-1] Solver Summary (v 2.2.0-eigen-(3.4.0)-lapack-suitesparse-(7.6.1)-eigensparse)
[lifelong_slam_toolbox_node-1] 
[lifelong_slam_toolbox_node-1]                                      Original                  Reduced
[lifelong_slam_toolbox_node-1] Parameter blocks                          165                      102
[lifelong_slam_toolbox_node-1] Parameters                                165                      102
[lifelong_slam_toolbox_node-1] Residual blocks                            32                       32
[lifelong_slam_toolbox_node-1] Residuals                                  96                       96
[lifelong_slam_toolbox_node-1] 
[lifelong_slam_toolbox_node-1] Minimizer                        TRUST_REGION
[lifelong_slam_toolbox_node-1] Trust region strategy     LEVENBERG_MARQUARDT
[lifelong_slam_toolbox_node-1] Sparse linear algebra library    SUITE_SPARSE 
[lifelong_slam_toolbox_node-1] 
[lifelong_slam_toolbox_node-1]                                         Given                     Used
[lifelong_slam_toolbox_node-1] Linear solver          SPARSE_NORMAL_CHOLESKY   SPARSE_NORMAL_CHOLESKY
[lifelong_slam_toolbox_node-1] Threads                                    50                        8
[lifelong_slam_toolbox_node-1] Linear solver ordering              AUTOMATIC                      102
[lifelong_slam_toolbox_node-1] 
[lifelong_slam_toolbox_node-1] Cost:
[lifelong_slam_toolbox_node-1] Initial                          3.805123e-02
[lifelong_slam_toolbox_node-1] Final                            2.103429e-07
[lifelong_slam_toolbox_node-1] Change                           3.805102e-02
[lifelong_slam_toolbox_node-1] 
[lifelong_slam_toolbox_node-1] Minimizer iterations                        2
[lifelong_slam_toolbox_node-1] Successful steps                            2
[lifelong_slam_toolbox_node-1] Unsuccessful steps                          0
[lifelong_slam_toolbox_node-1] 
[lifelong_slam_toolbox_node-1] Time (in seconds):
[lifelong_slam_toolbox_node-1] Preprocessor                         0.000211
[lifelong_slam_toolbox_node-1] 
[lifelong_slam_toolbox_node-1]   Residual only evaluation           0.000028 (2)
[lifelong_slam_toolbox_node-1]   Jacobian & residual evaluation     0.000158 (2)
[lifelong_slam_toolbox_node-1]   Linear solver                      0.000240 (2)
[lifelong_slam_toolbox_node-1] Minimizer                            0.000516
[lifelong_slam_toolbox_node-1] 
[lifelong_slam_toolbox_node-1] Postprocessor                        0.000011
[lifelong_slam_toolbox_node-1] Total                                0.000738
[lifelong_slam_toolbox_node-1] 
[lifelong_slam_toolbox_node-1] Termination:                      CONVERGENCE (Parameter tolerance reached. Relative step_norm: 8.519442e-06 <= 1.000000e-03.)
[lifelong_slam_toolbox_node-1] 
[lifelong_slam_toolbox_node-1] 
[lifelong_slam_toolbox_node-1] Solver Summary (v 2.2.0-eigen-(3.4.0)-lapack-suitesparse-(7.6.1)-eigensparse)
[lifelong_slam_toolbox_node-1] 
[lifelong_slam_toolbox_node-1]                                      Original                  Reduced
[lifelong_slam_toolbox_node-1] Parameter blocks                          159                       90
[lifelong_slam_toolbox_node-1] Parameters                                159                       90
[lifelong_slam_toolbox_node-1] Residual blocks                            28                       28
[lifelong_slam_toolbox_node-1] Residuals                                  84                       84
[lifelong_slam_toolbox_node-1] 
[lifelong_slam_toolbox_node-1] Minimizer                        TRUST_REGION
[lifelong_slam_toolbox_node-1] Trust region strategy     LEVENBERG_MARQUARDT
[lifelong_slam_toolbox_node-1] Sparse linear algebra library    SUITE_SPARSE 
[lifelong_slam_toolbox_node-1] 
[lifelong_slam_toolbox_node-1]                                         Given                     Used
[lifelong_slam_toolbox_node-1] Linear solver          SPARSE_NORMAL_CHOLESKY   SPARSE_NORMAL_CHOLESKY
[lifelong_slam_toolbox_node-1] Threads                                    50                        8
[lifelong_slam_toolbox_node-1] Linear solver ordering              AUTOMATIC                       90
[lifelong_slam_toolbox_node-1] 
[lifelong_slam_toolbox_node-1] Cost:
[lifelong_slam_toolbox_node-1] Initial                          3.762886e-02
[lifelong_slam_toolbox_node-1] Final                            5.342974e-08
[lifelong_slam_toolbox_node-1] Change                           3.762881e-02
[lifelong_slam_toolbox_node-1] 
[lifelong_slam_toolbox_node-1] Minimizer iterations                        2
[lifelong_slam_toolbox_node-1] Successful steps                            2
[lifelong_slam_toolbox_node-1] Unsuccessful steps                          0
[lifelong_slam_toolbox_node-1] 
[lifelong_slam_toolbox_node-1] Time (in seconds):
[lifelong_slam_toolbox_node-1] Preprocessor                         0.000219
[lifelong_slam_toolbox_node-1] 
[lifelong_slam_toolbox_node-1]   Residual only evaluation           0.000033 (2)
[lifelong_slam_toolbox_node-1]   Jacobian & residual evaluation     0.000110 (2)
[lifelong_slam_toolbox_node-1]   Linear solver                      0.000166 (2)
[lifelong_slam_toolbox_node-1] Minimizer                            0.000404
[lifelong_slam_toolbox_node-1] 
[lifelong_slam_toolbox_node-1] Postprocessor                        0.000007
[lifelong_slam_toolbox_node-1] Total                                0.000630
[lifelong_slam_toolbox_node-1] 
[lifelong_slam_toolbox_node-1] Termination:                      CONVERGENCE (Parameter tolerance reached. Relative step_norm: 3.554835e-06 <= 1.000000e-03.)
[lifelong_slam_toolbox_node-1] 
[lifelong_slam_toolbox_node-1] 
[lifelong_slam_toolbox_node-1] Solver Summary (v 2.2.0-eigen-(3.4.0)-lapack-suitesparse-(7.6.1)-eigensparse)
[lifelong_slam_toolbox_node-1] 
[lifelong_slam_toolbox_node-1]                                      Original                  Reduced
[lifelong_slam_toolbox_node-1] Parameter blocks                          159                       90
[lifelong_slam_toolbox_node-1] Parameters                                159                       90
[lifelong_slam_toolbox_node-1] Residual blocks                            28                       28
[lifelong_slam_toolbox_node-1] Residuals                                  84                       84
[lifelong_slam_toolbox_node-1] 
[lifelong_slam_toolbox_node-1] Minimizer                        TRUST_REGION
[lifelong_slam_toolbox_node-1] Trust region strategy     LEVENBERG_MARQUARDT
[lifelong_slam_toolbox_node-1] Sparse linear algebra library    SUITE_SPARSE 
[lifelong_slam_toolbox_node-1] 
[lifelong_slam_toolbox_node-1]                                         Given                     Used
[lifelong_slam_toolbox_node-1] Linear solver          SPARSE_NORMAL_CHOLESKY   SPARSE_NORMAL_CHOLESKY
[lifelong_slam_toolbox_node-1] Threads                                    50                        8
[lifelong_slam_toolbox_node-1] [INFO] [1787309201.641589094] [slam_toolbox]: Metric Scores: Initial: 0.610381, IOU: 0.932400, Area: 0.964912, Num Con: 3, Reading: 0.672222, outcome score: 0.593666.
[lifelong_slam_toolbox_node-1] [INFO] [1787309201.641627994] [slam_toolbox]: Metric Scores: Initial: 0.799627, IOU: 0.697256, Area: 0.822121, Num Con: 2, Reading: 0.177778, outcome score: 0.787961.
[lifelong_slam_toolbox_node-1] [INFO] [1787309202.020461152] [slam_toolbox]: Metric Scores: Initial: 0.593666, IOU: 0.937701, Area: 0.967782, Num Con: 3, Reading: 0.672222, outcome score: 0.576277.
[lifelong_slam_toolbox_node-1] [INFO] [1787309202.020517152] [slam_toolbox]: Metric Scores: Initial: 0.787961, IOU: 0.701017, Area: 0.824761, Num Con: 2, Reading: 0.177778, outcome score: 0.776294.
[lifelong_slam_toolbox_node-1] [INFO] [1787309202.020543453] [slam_toolbox]: Metric Scores: Initial: 1.000000, IOU: 0.933577, Area: 0.965614, Num Con: 2, Reading: 0.683333, outcome score: -1.000000.
[lifelong_slam_toolbox_node-1] [INFO] [1787309202.423542642] [slam_toolbox]: Metric Scores: Initial: 0.576277, IOU: 0.942299, Area: 0.970211, Num Con: 3, Reading: 0.672222, outcome score: 0.558187.
[lifelong_slam_toolbox_node-1] [INFO] [1787309202.423593142] [slam_toolbox]: Metric Scores: Initial: 0.776294, IOU: 0.704278, Area: 0.827000, Num Con: 2, Reading: 0.177778, outcome score: 0.764627.
[lifelong_slam_toolbox_node-1] [INFO] [1787309202.818266186] [slam_toolbox]: Metric Scores: Initial: 0.558187, IOU: 0.948588, Area: 0.973536, Num Con: 3, Reading: 0.672222, outcome score: 0.539367.
[lifelong_slam_toolbox_node-1] [INFO] [1787309202.818315086] [slam_toolbox]: Metric Scores: Initial: 0.764627, IOU: 0.708731, Area: 0.830062, Num Con: 2, Reading: 0.177778, outcome score: 0.752961.
[lifelong_slam_toolbox_node-1] [INFO] [1787309202.818334687] [slam_toolbox]: Metric Scores: Initial: 1.000000, IOU: 0.937629, Area: 0.967755, Num Con: 2, Reading: 0.683333, outcome score: -1.000000.
[lifelong_slam_toolbox_node-1] [INFO] [1787309203.218433760] [slam_toolbox]: Metric Scores: Initial: 0.539367, IOU: 0.956557, Area: 0.977681, Num Con: 3, Reading: 0.672222, outcome score: 0.519789.
[lifelong_slam_toolbox_node-1] [INFO] [1787309203.218486260] [slam_toolbox]: Metric Scores: Initial: 0.752961, IOU: 0.714376, Area: 0.833888, Num Con: 2, Reading: 0.177778, outcome score: 0.741294.
[lifelong_slam_toolbox_node-1] [INFO] [1787309203.624859868] [slam_toolbox]: Metric Scores: Initial: 0.519789, IOU: 0.963228, Area: 0.981134, Num Con: 3, Reading: 0.672222, outcome score: 0.499420.
[lifelong_slam_toolbox_node-1] [INFO] [1787309203.624933568] [slam_toolbox]: Metric Scores: Initial: 0.741294, IOU: 0.719085, Area: 0.837069, Num Con: 2, Reading: 0.177778, outcome score: 0.729627.
[lifelong_slam_toolbox_node-1] [INFO] [1787309203.624954268] [slam_toolbox]: Metric Scores: Initial: 1.000000, IOU: 0.940439, Area: 0.969243, Num Con: 2, Reading: 0.683333, outcome score: -1.000000.
[lifelong_slam_toolbox_node-1] [INFO] [1787309204.025012542] [slam_toolbox]: Metric Scores: Initial: 0.499420, IOU: 0.971151, Area: 0.985246, Num Con: 3, Reading: 0.672222, outcome score: 0.478230.
[lifelong_slam_toolbox_node-1] [INFO] [1787309204.025145942] [slam_toolbox]: Metric Scores: Initial: 0.729627, IOU: 0.724686, Area: 0.840864, Num Con: 2, Reading: 0.177778, outcome score: 0.717961.
[lifelong_slam_toolbox_node-1] [INFO] [1787309204.426011520] [slam_toolbox]: Metric Scores: Initial: 0.478230, IOU: 0.979621, Area: 0.989542, Num Con: 3, Reading: 0.672222, outcome score: 0.456185.
[lifelong_slam_toolbox_node-1] [INFO] [1787309204.426068320] [slam_toolbox]: Metric Scores: Initial: 1.000000, IOU: 0.940596, Area: 0.969306, Num Con: 2, Reading: 0.683333, outcome score: -1.000000.
[lifelong_slam_toolbox_node-1] [INFO] [1787309204.426079420] [slam_toolbox]: Metric Scores: Initial: 0.717961, IOU: 0.730659, Area: 0.844830, Num Con: 2, Reading: 0.177778, outcome score: 0.706294.
[lifelong_slam_toolbox_node-1] [INFO] [1787309204.837734457] [slam_toolbox]: Metric Scores: Initial: 0.456185, IOU: 0.988314, Area: 0.993953, Num Con: 3, Reading: 0.672222, outcome score: 0.433251.
[lifelong_slam_toolbox_node-1] [INFO] [1787309204.837799857] [slam_toolbox]: Metric Scores: Initial: 0.706294, IOU: 0.736783, Area: 0.848903, Num Con: 2, Reading: 0.177778, outcome score: 0.694627.
[lifelong_slam_toolbox_node-1] [INFO] [1787309205.218551125] [slam_toolbox]: Metric Scores: Initial: 0.433251, IOU: 0.999566, Area: 0.999573, Num Con: 4, Reading: 0.672222, outcome score: 0.409392.
[lifelong_slam_toolbox_node-1] [INFO] [1787309205.218604026] [slam_toolbox]: Metric Scores: Initial: 0.694627, IOU: 0.745145, Area: 0.854390, Num Con: 2, Reading: 0.177778, outcome score: 0.682961.
[lifelong_slam_toolbox_node-1] [INFO] [1787309205.218613926] [slam_toolbox]: Metric Scores: Initial: 1.000000, IOU: 0.929577, Area: 0.963345, Num Con: 3, Reading: 0.683333, outcome score: 0.999000.
[lifelong_slam_toolbox_node-1] Linear solver ordering              AUTOMATIC                       90
[lifelong_slam_toolbox_node-1] 
[lifelong_slam_toolbox_node-1] Cost:
[lifelong_slam_toolbox_node-1] Initial                          5.322689e-08
[lifelong_slam_toolbox_node-1] Final                            6.493849e-13
[lifelong_slam_toolbox_node-1] Change                           5.322624e-08
[lifelong_slam_toolbox_node-1] 
[lifelong_slam_toolbox_node-1] Minimizer iterations                        2
[lifelong_slam_toolbox_node-1] Successful steps                            2
[lifelong_slam_toolbox_node-1] Unsuccessful steps                          0
[lifelong_slam_toolbox_node-1] 
[lifelong_slam_toolbox_node-1] Time (in seconds):
[lifelong_slam_toolbox_node-1] Preprocessor                         0.000185
[lifelong_slam_toolbox_node-1] 
[lifelong_slam_toolbox_node-1]   Residual only evaluation           0.000035 (2)
[lifelong_slam_toolbox_node-1]   Jacobian & residual evaluation     0.000120 (2)
[lifelong_slam_toolbox_node-1]   Linear solver                      0.000177 (2)
[lifelong_slam_toolbox_node-1] Minimizer                            0.000427
[lifelong_slam_toolbox_node-1] 
[lifelong_slam_toolbox_node-1] Postprocessor                        0.000007
[lifelong_slam_toolbox_node-1] Total                                0.000620
[lifelong_slam_toolbox_node-1] 
[lifelong_slam_toolbox_node-1] Termination:                      CONVERGENCE (Parameter tolerance reached. Relative step_norm: 1.178565e-08 <= 1.000000e-03.)
[lifelong_slam_toolbox_node-1] 
[lifelong_slam_toolbox_node-1] W20260821 10:46:45.641872 600212 preprocessor.cc:67] Specified options.num_threads: 50 exceeds maximum available from the threading model Ceres was compiled with: 8.  Bounding to maximum number available.
[lifelong_slam_toolbox_node-1] [INFO] [1787309205.643252432] [slam_toolbox]: Metric Scores: Initial: 0.800640, IOU: 0.999548, Area: 0.999560, Num Con: 2, Reading: 0.672222, outcome score: -1.000000.
[lifelong_slam_toolbox_node-1] [INFO] [1787309205.643298133] [slam_toolbox]: Metric Scores: Initial: 0.409392, IOU: 0.989894, Area: 0.994733, Num Con: 4, Reading: 0.672222, outcome score: 0.384571.
[lifelong_slam_toolbox_node-1] [INFO] [1787309205.643309833] [slam_toolbox]: Metric Scores: Initial: 0.682961, IOU: 0.752197, Area: 0.859021, Num Con: 2, Reading: 0.177778, outcome score: 0.671294.
[lifelong_slam_toolbox_node-1] [INFO] [1787309205.643319533] [slam_toolbox]: Metric Scores: Initial: 0.999000, IOU: 0.920502, Area: 0.958469, Num Con: 3, Reading: 0.683333, outcome score: 0.997959.
[lifelong_slam_toolbox_node-1] [INFO] [1787309205.643331233] [slam_toolbox]: Metric Scores: Initial: 1.000000, IOU: 0.923104, Area: 0.959938, Num Con: 3, Reading: 0.686111, outcome score: 0.999000.
[lifelong_slam_toolbox_node-1] [INFO] [1787309206.019393876] [slam_toolbox]: Metric Scores: Initial: 0.384571, IOU: 0.978109, Area: 0.988684, Num Con: 3, Reading: 0.672222, outcome score: 0.358749.
[lifelong_slam_toolbox_node-1] [INFO] [1787309206.019450876] [slam_toolbox]: Metric Scores: Initial: 0.671294, IOU: 0.760798, Area: 0.864545, Num Con: 2, Reading: 0.177778, outcome score: 0.659627.
[lifelong_slam_toolbox_node-1] [INFO] [1787309206.019461576] [slam_toolbox]: Metric Scores: Initial: 0.997959, IOU: 0.909715, Area: 0.952527, Num Con: 3, Reading: 0.683333, outcome score: 0.996875.
[lifelong_slam_toolbox_node-1] [INFO] [1787309206.019475076] [slam_toolbox]: Metric Scores: Initial: 0.999000, IOU: 0.912281, Area: 0.953992, Num Con: 3, Reading: 0.686111, outcome score: 0.997959.
[lifelong_slam_toolbox_node-1] [INFO] [1787309206.019488076] [slam_toolbox]: Metric Scores: Initial: 1.000000, IOU: 0.917449, Area: 0.956773, Num Con: 2, Reading: 0.686111, outcome score: -1.000000.
[lifelong_slam_toolbox_node-1] [INFO] [1787309206.419271948] [slam_toolbox]: Metric Scores: Initial: 1.000000, IOU: 0.999762, Area: 0.999861, Num Con: 2, Reading: 0.666667, outcome score: -1.000000.
[lifelong_slam_toolbox_node-1] [INFO] [1787309206.419324948] [slam_toolbox]: Metric Scores: Initial: 0.997959, IOU: 0.901998, Area: 0.948355, Num Con: 2, Reading: 0.686111, outcome score: -1.000000.
[lifelong_slam_toolbox_node-1] [INFO] [1787309206.419338348] [slam_toolbox]: Metric Scores: Initial: 0.996875, IOU: 0.899459, Area: 0.946890, Num Con: 3, Reading: 0.683333, outcome score: 0.995747.
[lifelong_slam_toolbox_node-1] [INFO] [1787309206.419351648] [slam_toolbox]: Metric Scores: Initial: 0.358749, IOU: 0.966967, Area: 0.982975, Num Con: 3, Reading: 0.672222, outcome score: 0.331885.
[lifelong_slam_toolbox_node-1] [INFO] [1787309206.419363348] [slam_toolbox]: Metric Scores: Initial: 0.659627, IOU: 0.769139, Area: 0.869917, Num Con: 2, Reading: 0.177778, outcome score: 0.647961.
[lifelong_slam_toolbox_node-1] [INFO] [1787309206.818858418] [slam_toolbox]: Metric Scores: Initial: 0.331885, IOU: 0.955351, Area: 0.976898, Num Con: 3, Reading: 0.672222, outcome score: 0.303938.
[lifelong_slam_toolbox_node-1] [INFO] [1787309206.818918819] [slam_toolbox]: Metric Scores: Initial: 0.647961, IOU: 0.778088, Area: 0.875576, Num Con: 2, Reading: 0.250000, outcome score: 0.631961.
[lifelong_slam_toolbox_node-1] [INFO] [1787309206.818931319] [slam_toolbox]: Metric Scores: Initial: 0.995747, IOU: 0.888804, Area: 0.940914, Num Con: 2, Reading: 0.683333, outcome score: -1.000000.
[lifelong_slam_toolbox_node-1] [INFO] [1787309206.818951119] [slam_toolbox]: Metric Scores: Initial: 1.000000, IOU: 0.906676, Area: 0.950872, Num Con: 2, Reading: 0.683333, outcome score: -1.000000.
[lifelong_slam_toolbox_node-1] [INFO] [1787309207.219135093] [slam_toolbox]: Metric Scores: Initial: 0.303938, IOU: 0.942451, Area: 0.970097, Num Con: 2, Reading: 0.541667, outcome score: -1.000000.
[lifelong_slam_toolbox_node-1] [INFO] [1787309207.219202993] [slam_toolbox]: Metric Scores: Initial: 0.631961, IOU: 0.788338, Area: 0.882015, Num Con: 2, Reading: 0.430556, outcome score: 0.605127.
[lifelong_slam_toolbox_node-1] W20260821 10:46:47.643026 600212 preprocessor.cc:67] Specified options.num_threads: 50 exceeds maximum available from the threading model Ceres was compiled with: 8.  Bounding to maximum number available.
[lifelong_slam_toolbox_node-1] [INFO] [1787309207.644314602] [slam_toolbox]: Metric Scores: Initial: 0.997973, IOU: 0.902351, Area: 0.946725, Num Con: 2, Reading: 0.227778, outcome score: -1.000000.
[lifelong_slam_toolbox_node-1] [INFO] [1787309207.644360303] [slam_toolbox]: Metric Scores: Initial: 0.995915, IOU: 0.911664, Area: 0.951853, Num Con: 3, Reading: 0.436111, outcome score: 0.994808.
[lifelong_slam_toolbox_node-1] [INFO] [1787309207.644368503] [slam_toolbox]: Metric Scores: Initial: 0.996918, IOU: 0.908457, Area: 0.950104, Num Con: 3, Reading: 0.322222, outcome score: 0.995858.
[lifelong_slam_toolbox_node-1] [INFO] [1787309207.644379103] [slam_toolbox]: Metric Scores: Initial: 0.925000, IOU: 0.903934, Area: 0.947643, Num Con: 2, Reading: 0.438889, outcome score: -1.000000.
[lifelong_slam_toolbox_node-1] [INFO] [1787309207.644427703] [slam_toolbox]: Metric Scores: Initial: 0.912000, IOU: 0.890302, Area: 0.940024, Num Con: 2, Reading: 0.436111, outcome score: -1.000000.
[lifelong_slam_toolbox_node-1] [INFO] [1787309207.644440003] [slam_toolbox]: Metric Scores: Initial: 0.898500, IOU: 0.878440, Area: 0.933372, Num Con: 2, Reading: 0.436111, outcome score: -1.000000.
[lifelong_slam_toolbox_node-1] [INFO] [1787309207.644456403] [slam_toolbox]: Metric Scores: Initial: 1.000000, IOU: 0.896647, Area: 0.945466, Num Con: 2, Reading: 0.441667, outcome score: -1.000000.
[lifelong_slam_toolbox_node-1] W20260821 10:46:48.045439 600212 preprocessor.cc:67] Specified options.num_threads: 50 exceeds maximum available from the threading model Ceres was compiled with: 8.  Bounding to maximum number available.
[lifelong_slam_toolbox_node-1] 
[lifelong_slam_toolbox_node-1] Solver Summary (v 2.2.0-eigen-(3.4.0)-lapack-suitesparse-(7.6.1)-eigensparse)
[lifelong_slam_toolbox_node-1] 
[lifelong_slam_toolbox_node-1]                                      Original                  Reduced
[lifelong_slam_toolbox_node-1] Parameter blocks                          177                       99
[lifelong_slam_toolbox_node-1] Parameters                                177                       99
[lifelong_slam_toolbox_node-1] Residual blocks                            33                       33
[lifelong_slam_toolbox_node-1] Residuals                                  99                       99
[lifelong_slam_toolbox_node-1] 
[lifelong_slam_toolbox_node-1] Minimizer                        TRUST_REGION
[lifelong_slam_toolbox_node-1] Trust region strategy     LEVENBERG_MARQUARDT
[lifelong_slam_toolbox_node-1] Sparse linear algebra library    SUITE_SPARSE 
[lifelong_slam_toolbox_node-1] 
[lifelong_slam_toolbox_node-1]                                         Given                     Used
[lifelong_slam_toolbox_node-1] Linear solver          SPARSE_NORMAL_CHOLESKY   SPARSE_NORMAL_CHOLESKY
[lifelong_slam_toolbox_node-1] Threads                                    50                        8
[lifelong_slam_toolbox_node-1] Linear solver ordering              AUTOMATIC                       99
[lifelong_slam_toolbox_node-1] 
[lifelong_slam_toolbox_node-1] Cost:
[lifelong_slam_toolbox_node-1] Initial                          6.647488e-02
[lifelong_slam_toolbox_node-1] Final                            1.511231e-09
[lifelong_slam_toolbox_node-1] Change                           6.647488e-02
[lifelong_slam_toolbox_node-1] 
[lifelong_slam_toolbox_node-1] Minimizer iterations                        2
[lifelong_slam_toolbox_node-1] Successful steps                            2
[lifelong_slam_toolbox_node-1] Unsuccessful steps                          0
[lifelong_slam_toolbox_node-1] 
[lifelong_slam_toolbox_node-1] Time (in seconds):
[lifelong_slam_toolbox_node-1] Preprocessor                         0.000202
[lifelong_slam_toolbox_node-1] 
[lifelong_slam_toolbox_node-1]   Residual only evaluation           0.000026 (2)
[lifelong_slam_toolbox_node-1]   Jacobian & residual evaluation     0.000139 (2)
[lifelong_slam_toolbox_node-1]   Linear solver                      0.000232 (2)
[lifelong_slam_toolbox_node-1] Minimizer                            0.000493
[lifelong_slam_toolbox_node-1] 
[lifelong_slam_toolbox_node-1] Postprocessor                        0.000011
[lifelong_slam_toolbox_node-1] Total                                0.000706
[lifelong_slam_toolbox_node-1] 
[lifelong_slam_toolbox_node-1] Termination:                      CONVERGENCE (Parameter tolerance reached. Relative step_norm: 2.570888e-07 <= 1.000000e-03.)
[lifelong_slam_toolbox_node-1] 
[lifelong_slam_toolbox_node-1] 
[lifelong_slam_toolbox_node-1] Solver Summary (v 2.2.0-eigen-(3.4.0)-lapack-suitesparse-(7.6.1)-eigensparse)
[lifelong_slam_toolbox_node-1] 
[lifelong_slam_toolbox_node-1]                                      Original                  Reduced
[lifelong_slam_toolbox_node-1] Parameter blocks                          171                       87
[lifelong_slam_toolbox_node-1] Parameters                                171                       87
[lifelong_slam_toolbox_node-1] Residual blocks                            27                       27
[lifelong_slam_toolbox_node-1] Residuals                                  81                       81
[lifelong_slam_toolbox_node-1] 
[lifelong_slam_toolbox_node-1] Minimizer                        TRUST_REGION
[lifelong_slam_toolbox_node-1] Trust region strategy     LEVENBERG_MARQUARDT
[lifelong_slam_toolbox_node-1] Sparse linear algebra library    SUITE_SPARSE 
[lifelong_slam_toolbox_node-1] 
[lifelong_slam_toolbox_node-1]                                         Given                     Used
[lifelong_slam_toolbox_node-1] Linear solver          SPARSE_NORMAL_CHOLESKY   SPARSE_NORMAL_CHOLESKY
[lifelong_slam_toolbox_node-1] Threads                                    50                        8
[lifelong_slam_toolbox_node-1] Linear solver ordering              AUTOMATIC                       87
[lifelong_slam_toolbox_node-1] 
[lifelong_slam_toolbox_node-1] Cost:
[lifelong_slam_toolbox_node-1] Initial                          1.509469e-01
[lifelong_slam_toolbox_node-1] Final                            8.719722e-06
[lifelong_slam_toolbox_node-1] Change                           1.509382e-01
[lifelong_slam_toolbox_node-1] 
[lifelong_slam_toolbox_node-1] Minimizer iterations                        2
[lifelong_slam_toolbox_node-1] Successful steps                            2
[lifelong_slam_toolbox_node-1] Unsuccessful steps                          0
[lifelong_slam_toolbox_node-1] 
[lifelong_slam_toolbox_node-1] Time (in seconds):
[lifelong_slam_toolbox_node-1] Preprocessor                         0.000185
[lifelong_slam_toolbox_node-1] 
[lifelong_slam_toolbox_node-1]   Residual only evaluation           0.000023 (2)
[lifelong_slam_toolbox_node-1]   Jacobian & residual evaluation     0.000131 (2)
[lifelong_slam_toolbox_node-1]   Linear solver                      0.000186 (2)
[lifelong_slam_toolbox_node-1] Minimizer                            0.000449
[lifelong_slam_toolbox_node-1] 
[lifelong_slam_toolbox_node-1] Postprocessor                        0.000008
[lifelong_slam_toolbox_node-1] Total                                0.000642
[lifelong_slam_toolbox_node-1] 
[lifelong_slam_toolbox_node-1] Termination:                      CONVERGENCE (Parameter tolerance reached. Relative step_norm: 7.426609e-05 <= 1.000000e-03.)
[lifelong_slam_toolbox_node-1] 
[lifelong_slam_toolbox_node-1] 
[lifelong_slam_toolbox_node-1] Solver Summary (v 2.2.0-eigen-(3.4.0)-lapack-suitesparse-(7.6.1)-eigensparse)
[lifelong_slam_toolbox_node-1] 
[lifelong_slam_toolbox_node-1]                                      Original                  Reduced
[lifelong_slam_toolbox_node-1] Parameter blocks                          159                       72
[lifelong_slam_toolbox_node-1] Parameters                                159                       72
[lifelong_slam_toolbox_node-1] Residual blocks                            21                       21
[lifelong_slam_toolbox_node-1] Residuals                                  63                       63
[lifelong_slam_toolbox_node-1] 
[lifelong_slam_toolbox_node-1] Minimizer                        TRUST_REGION
[lifelong_slam_toolbox_node-1] Trust region strategy     LEVENBERG_MARQUARDT
[lifelong_slam_toolbox_node-1] Sparse linear algebra library    SUITE_SPARSE 
[lifelong_slam_toolbox_node-1] 
[lifelong_slam_toolbox_node-1]                                         Given                     Used
[lifelong_slam_toolbox_node-1] Linear solver          SPARSE_NORMAL_CHOLESKY   SPARSE_NORMAL_CHOLESKY
[lifelong_slam_toolbox_node-1] Threads                                    50                        8
[lifelong_slam_toolbox_node-1] [INFO] [1787309208.046652588] [slam_toolbox]: Metric Scores: Initial: 0.994808, IOU: 0.911405, Area: 0.951687, Num Con: 2, Reading: 0.436111, outcome score: -1.000000.
[lifelong_slam_toolbox_node-1] [INFO] [1787309208.046689488] [slam_toolbox]: Metric Scores: Initial: 0.995858, IOU: 0.908144, Area: 0.949909, Num Con: 2, Reading: 0.322222, outcome score: -1.000000.
[lifelong_slam_toolbox_node-1] [INFO] [1787309208.418667409] [slam_toolbox]: Metric Scores: Initial: 1.000000, IOU: 0.888371, Area: 0.941994, Num Con: 2, Reading: 0.441667, outcome score: -1.000000.
[lifelong_slam_toolbox_node-1] [INFO] [1787309208.819806488] [slam_toolbox]: Metric Scores: Initial: 1.000000, IOU: 0.986662, Area: 0.993246, Num Con: 2, Reading: 0.608333, outcome score: -1.000000.
[lifelong_slam_toolbox_node-1] [INFO] [1787309209.222923377] [slam_toolbox]: Metric Scores: Initial: 1.000000, IOU: 0.882211, Area: 0.938537, Num Con: 2, Reading: 0.438889, outcome score: -1.000000.
[lifelong_slam_toolbox_node-1] [INFO] [1787309210.030108262] [slam_toolbox]: Metric Scores: Initial: 1.000000, IOU: 0.878095, Area: 0.936207, Num Con: 2, Reading: 0.433333, outcome score: -1.000000.
[lifelong_slam_toolbox_node-1] [INFO] [1787309210.427798322] [slam_toolbox]: Metric Scores: Initial: 1.000000, IOU: 0.997568, Area: 0.997568, Num Con: 2, Reading: 0.605556, outcome score: -1.000000.
[lifelong_slam_toolbox_node-1] Linear solver ordering              AUTOMATIC                       72
[lifelong_slam_toolbox_node-1] 
[lifelong_slam_toolbox_node-1] Cost:
[lifelong_slam_toolbox_node-1] Initial                          7.025809e-03
[lifelong_slam_toolbox_node-1] Final                            2.272260e-09
[lifelong_slam_toolbox_node-1] Change                           7.025807e-03
[lifelong_slam_toolbox_node-1] 
[lifelong_slam_toolbox_node-1] Minimizer iterations                        2
[lifelong_slam_toolbox_node-1] Successful steps                            2
[lifelong_slam_toolbox_node-1] Unsuccessful steps                          0
[lifelong_slam_toolbox_node-1] 
[lifelong_slam_toolbox_node-1] Time (in seconds):
[lifelong_slam_toolbox_node-1] Preprocessor                         0.000200
[lifelong_slam_toolbox_node-1] 
[lifelong_slam_toolbox_node-1]   Residual only evaluation           0.000031 (2)
[lifelong_slam_toolbox_node-1]   Jacobian & residual evaluation     0.000096 (2)
[lifelong_slam_toolbox_node-1]   Linear solver                      0.000146 (2)
[lifelong_slam_toolbox_node-1] Minimizer                            0.000411
[lifelong_slam_toolbox_node-1] 
[lifelong_slam_toolbox_node-1] Postprocessor                        0.000010
[lifelong_slam_toolbox_node-1] Total                                0.000621
[lifelong_slam_toolbox_node-1] 
[lifelong_slam_toolbox_node-1] Termination:                      CONVERGENCE (Parameter tolerance reached. Relative step_norm: 1.061264e-06 <= 1.000000e-03.)
[lifelong_slam_toolbox_node-1] 
[lifelong_slam_toolbox_node-1] [INFO] [1787309210.821829362] [slam_toolbox]: Metric Scores: Initial: 1.000000, IOU: 0.875707, Area: 0.934834, Num Con: 2, Reading: 0.430556, outcome score: -1.000000.
[lifelong_slam_toolbox_node-1] [INFO] [1787309211.220471728] [slam_toolbox]: Metric Scores: Initial: 1.000000, IOU: 0.997563, Area: 0.997563, Num Con: 2, Reading: 0.605556, outcome score: -1.000000.
[lifelong_slam_toolbox_node-1] [INFO] [1787309211.620967903] [slam_toolbox]: Metric Scores: Initial: 1.000000, IOU: 0.989855, Area: 0.993673, Num Con: 2, Reading: 0.638889, outcome score: -1.000000.
[lifelong_slam_toolbox_node-1] [INFO] [1787309211.621048903] [slam_toolbox]: Metric Scores: Initial: 1.000000, IOU: 0.878015, Area: 0.936150, Num Con: 3, Reading: 0.600000, outcome score: 0.999000.
[lifelong_slam_toolbox_node-1] [INFO] [1787309212.020777075] [slam_toolbox]: Metric Scores: Initial: 1.000000, IOU: 0.880833, Area: 0.937762, Num Con: 3, Reading: 0.394444, outcome score: 0.999000.
[lifelong_slam_toolbox_node-1] [INFO] [1787309212.020830775] [slam_toolbox]: Metric Scores: Initial: 0.999000, IOU: 0.868451, Area: 0.930705, Num Con: 3, Reading: 0.386111, outcome score: 0.997977.
[lifelong_slam_toolbox_node-1] [INFO] [1787309212.426005376] [slam_toolbox]: Metric Scores: Initial: 0.985629, IOU: 0.997576, Area: 0.997576, Num Con: 2, Reading: 0.622222, outcome score: -1.000000.
[lifelong_slam_toolbox_node-1] [INFO] [1787309212.426078876] [slam_toolbox]: Metric Scores: Initial: 1.000000, IOU: 0.882070, Area: 0.937346, Num Con: 2, Reading: 0.400000, outcome score: -1.000000.
[lifelong_slam_toolbox_node-1] [INFO] [1787309212.426089376] [slam_toolbox]: Metric Scores: Initial: 0.999000, IOU: 0.871712, Area: 0.932565, Num Con: 3, Reading: 0.394444, outcome score: 0.997976.
[lifelong_slam_toolbox_node-1] [INFO] [1787309212.426098776] [slam_toolbox]: Metric Scores: Initial: 0.997977, IOU: 0.859484, Area: 0.925528, Num Con: 3, Reading: 0.386111, outcome score: 0.996930.
[lifelong_slam_toolbox_node-1] W20260821 10:46:52.847790 600212 preprocessor.cc:67] Specified options.num_threads: 50 exceeds maximum available from the threading model Ceres was compiled with: 8.  Bounding to maximum number available.
[lifelong_slam_toolbox_node-1] [INFO] [1787309212.849000173] [slam_toolbox]: Metric Scores: Initial: 0.996930, IOU: 0.850382, Area: 0.920238, Num Con: 3, Reading: 0.386111, outcome score: 0.995859.
[lifelong_slam_toolbox_node-1] [INFO] [1787309212.849047274] [slam_toolbox]: Metric Scores: Initial: 0.997976, IOU: 0.862456, Area: 0.927255, Num Con: 2, Reading: 0.394444, outcome score: -1.000000.
[lifelong_slam_toolbox_node-1] W20260821 10:46:53.242835 600212 preprocessor.cc:67] Specified options.num_threads: 50 exceeds maximum available from the threading model Ceres was compiled with: 8.  Bounding to maximum number available.
[lifelong_slam_toolbox_node-1] [INFO] [1787309213.243970119] [slam_toolbox]: Metric Scores: Initial: 1.000000, IOU: 0.997531, Area: 0.997531, Num Con: 2, Reading: 0.627778, outcome score: -1.000000.
[lifelong_slam_toolbox_node-1] [INFO] [1787309213.244024319] [slam_toolbox]: Metric Scores: Initial: 0.995859, IOU: 0.843659, Area: 0.916287, Num Con: 2, Reading: 0.386111, outcome score: 0.971692.
[lifelong_slam_toolbox_node-1] [INFO] [1787309213.244045719] [slam_toolbox]: Metric Scores: Initial: 1.000000, IOU: 0.890348, Area: 0.941989, Num Con: 2, Reading: 0.408333, outcome score: -1.000000.
[lifelong_slam_toolbox_node-1] [INFO] [1787309213.620128862] [slam_toolbox]: Metric Scores: Initial: 0.971692, IOU: 0.836134, Area: 0.911842, Num Con: 2, Reading: 0.386111, outcome score: 0.947526.
[lifelong_slam_toolbox_node-1] [INFO] [1787309214.020290335] [slam_toolbox]: Metric Scores: Initial: 1.000000, IOU: 0.997494, Area: 0.997505, Num Con: 2, Reading: 0.636111, outcome score: -1.000000.
[lifelong_slam_toolbox_node-1] [INFO] [1787309214.020370336] [slam_toolbox]: Metric Scores: Initial: 0.947526, IOU: 0.829925, Area: 0.908160, Num Con: 2, Reading: 0.386111, outcome score: 0.923359.
[lifelong_slam_toolbox_node-1] [INFO] [1787309214.020388836] [slam_toolbox]: Metric Scores: Initial: 1.000000, IOU: 0.899403, Area: 0.947056, Num Con: 2, Reading: 0.416667, outcome score: -1.000000.
[lifelong_slam_toolbox_node-1] [INFO] [1787309214.420007106] [slam_toolbox]: Metric Scores: Initial: 0.923359, IOU: 0.824185, Area: 0.904710, Num Con: 2, Reading: 0.386111, outcome score: 0.899192.
[lifelong_slam_toolbox_node-1] [INFO] [1787309214.839903887] [slam_toolbox]: Metric Scores: Initial: 0.899192, IOU: 0.819330, Area: 0.901779, Num Con: 2, Reading: 0.386111, outcome score: 0.875026.
[lifelong_slam_toolbox_node-1] [INFO] [1787309214.839968387] [slam_toolbox]: Metric Scores: Initial: 1.000000, IOU: 0.911096, Area: 0.953506, Num Con: 2, Reading: 0.425000, outcome score: -1.000000.
[lifelong_slam_toolbox_node-1] [INFO] [1787309215.220849356] [slam_toolbox]: Metric Scores: Initial: 0.875026, IOU: 0.813827, Area: 0.898431, Num Con: 2, Reading: 0.386111, outcome score: 0.850859.
[lifelong_slam_toolbox_node-1] 
[lifelong_slam_toolbox_node-1] Solver Summary (v 2.2.0-eigen-(3.4.0)-lapack-suitesparse-(7.6.1)-eigensparse)
[lifelong_slam_toolbox_node-1] 
[lifelong_slam_toolbox_node-1]                                      Original                  Reduced
[lifelong_slam_toolbox_node-1] Parameter blocks                          159                       69
[lifelong_slam_toolbox_node-1] Parameters                                159                       69
[lifelong_slam_toolbox_node-1] Residual blocks                            20                       20
[lifelong_slam_toolbox_node-1] Residuals                                  60                       60
[lifelong_slam_toolbox_node-1] 
[lifelong_slam_toolbox_node-1] Minimizer                        TRUST_REGION
[lifelong_slam_toolbox_node-1] Trust region strategy     LEVENBERG_MARQUARDT
[lifelong_slam_toolbox_node-1] Sparse linear algebra library    SUITE_SPARSE 
[lifelong_slam_toolbox_node-1] 
[lifelong_slam_toolbox_node-1]                                         Given                     Used
[lifelong_slam_toolbox_node-1] Linear solver          SPARSE_NORMAL_CHOLESKY   SPARSE_NORMAL_CHOLESKY
[lifelong_slam_toolbox_node-1] Threads                                    50                        8
[lifelong_slam_toolbox_node-1] Linear solver ordering              AUTOMATIC                       69
[lifelong_slam_toolbox_node-1] 
[lifelong_slam_toolbox_node-1] Cost:
[lifelong_slam_toolbox_node-1] Initial                          1.261995e-01
[lifelong_slam_toolbox_node-1] Final                            7.690847e-07
[lifelong_slam_toolbox_node-1] Change                           1.261987e-01
[lifelong_slam_toolbox_node-1] 
[lifelong_slam_toolbox_node-1] Minimizer iterations                        2
[lifelong_slam_toolbox_node-1] Successful steps                            2
[lifelong_slam_toolbox_node-1] Unsuccessful steps                          0
[lifelong_slam_toolbox_node-1] 
[lifelong_slam_toolbox_node-1] Time (in seconds):
[lifelong_slam_toolbox_node-1] Preprocessor                         0.000192
[lifelong_slam_toolbox_node-1] 
[lifelong_slam_toolbox_node-1]   Residual only evaluation           0.000053 (2)
[lifelong_slam_toolbox_node-1]   Jacobian & residual evaluation     0.000142 (2)
[lifelong_slam_toolbox_node-1]   Linear solver                      0.000161 (2)
[lifelong_slam_toolbox_node-1] Minimizer                            0.000441
[lifelong_slam_toolbox_node-1] 
[lifelong_slam_toolbox_node-1] Postprocessor                        0.000010
[lifelong_slam_toolbox_node-1] Total                                0.000643
[lifelong_slam_toolbox_node-1] 
[lifelong_slam_toolbox_node-1] Termination:                      CONVERGENCE (Parameter tolerance reached. Relative step_norm: 1.756495e-05 <= 1.000000e-03.)
[lifelong_slam_toolbox_node-1] 
[lifelong_slam_toolbox_node-1] 
[lifelong_slam_toolbox_node-1] Solver Summary (v 2.2.0-eigen-(3.4.0)-lapack-suitesparse-(7.6.1)-eigensparse)
[lifelong_slam_toolbox_node-1] 
[lifelong_slam_toolbox_node-1]                                      Original                  Reduced
[lifelong_slam_toolbox_node-1] Parameter blocks                          159                       69
[lifelong_slam_toolbox_node-1] Parameters                                159                       69
[lifelong_slam_toolbox_node-1] Residual blocks                            21                       21
[lifelong_slam_toolbox_node-1] Residuals                                  63                       63
[lifelong_slam_toolbox_node-1] 
[lifelong_slam_toolbox_node-1] Minimizer                        TRUST_REGION
[lifelong_slam_toolbox_node-1] Trust region strategy     LEVENBERG_MARQUARDT
[lifelong_slam_toolbox_node-1] Sparse linear algebra library    SUITE_SPARSE 
[lifelong_slam_toolbox_node-1] 
[lifelong_slam_toolbox_node-1]                                         Given                     Used
[lifelong_slam_toolbox_node-1] Linear solver          SPARSE_NORMAL_CHOLESKY   SPARSE_NORMAL_CHOLESKY
[lifelong_slam_toolbox_node-1] Threads                                    50                        8
[lifelong_slam_toolbox_node-1] Linear solver ordering              AUTOMATIC                       69
[lifelong_slam_toolbox_node-1] 
[lifelong_slam_toolbox_node-1] Cost:
[lifelong_slam_toolbox_node-1] Initial                          7.690847e-07
[lifelong_slam_toolbox_node-1] Final                            1.726870e-10
[lifelong_slam_toolbox_node-1] Change                           7.689120e-07
[lifelong_slam_toolbox_node-1] 
[lifelong_slam_toolbox_node-1] Minimizer iterations                        2
[lifelong_slam_toolbox_node-1] Successful steps                            2
[lifelong_slam_toolbox_node-1] Unsuccessful steps                          0
[lifelong_slam_toolbox_node-1] 
[lifelong_slam_toolbox_node-1] Time (in seconds):
[lifelong_slam_toolbox_node-1] Preprocessor                         0.000188
[lifelong_slam_toolbox_node-1] 
[lifelong_slam_toolbox_node-1]   Residual only evaluation           0.000046 (2)
[lifelong_slam_toolbox_node-1]   Jacobian & residual evaluation     0.000107 (2)
[lifelong_slam_toolbox_node-1]   Linear solver                      0.000159 (2)
[lifelong_slam_toolbox_node-1] Minimizer                            0.000391
[lifelong_slam_toolbox_node-1] 
[lifelong_slam_toolbox_node-1] Postprocessor                        0.000007
[lifelong_slam_toolbox_node-1] Total                                0.000586
[lifelong_slam_toolbox_node-1] 
[lifelong_slam_toolbox_node-1] Termination:                      CONVERGENCE (Parameter tolerance reached. Relative step_norm: 1.787956e-07 <= 1.000000e-03.)
[lifelong_slam_toolbox_node-1] 
[lifelong_slam_toolbox_node-1] [INFO] [1787309215.620693628] [slam_toolbox]: Metric Scores: Initial: 1.000000, IOU: 0.922019, Area: 0.959468, Num Con: 2, Reading: 0.611111, outcome score: -1.000000.
[lifelong_slam_toolbox_node-1] [INFO] [1787309215.620744828] [slam_toolbox]: Metric Scores: Initial: 0.850859, IOU: 0.810268, Area: 0.896287, Num Con: 2, Reading: 0.386111, outcome score: 0.826692.
[lifelong_slam_toolbox_node-1] [INFO] [1787309216.021970607] [slam_toolbox]: Metric Scores: Initial: 1.000000, IOU: 0.997541, Area: 0.997542, Num Con: 2, Reading: 0.650000, outcome score: -1.000000.
[lifelong_slam_toolbox_node-1] [INFO] [1787309216.022071408] [slam_toolbox]: Metric Scores: Initial: 0.826692, IOU: 0.806730, Area: 0.894096, Num Con: 2, Reading: 0.386111, outcome score: 0.802526.
[lifelong_slam_toolbox_node-1] [INFO] [1787309216.426593305] [slam_toolbox]: Metric Scores: Initial: 1.000000, IOU: 0.934665, Area: 0.966265, Num Con: 2, Reading: 0.622222, outcome score: -1.000000.
[lifelong_slam_toolbox_node-1] [INFO] [1787309216.426665905] [slam_toolbox]: Metric Scores: Initial: 0.802526, IOU: 0.804019, Area: 0.892453, Num Con: 2, Reading: 0.386111, outcome score: 0.778359.
[lifelong_slam_toolbox_node-1] [INFO] [1787309216.831119502] [slam_toolbox]: Metric Scores: Initial: 1.000000, IOU: 0.940557, Area: 0.969385, Num Con: 2, Reading: 0.625000, outcome score: -1.000000.
[lifelong_slam_toolbox_node-1] [INFO] [1787309216.831205103] [slam_toolbox]: Metric Scores: Initial: 0.778359, IOU: 0.801493, Area: 0.890886, Num Con: 2, Reading: 0.386111, outcome score: 0.754192.
[lifelong_slam_toolbox_node-1] [INFO] [1787309217.221326721] [slam_toolbox]: Metric Scores: Initial: 1.000000, IOU: 0.946383, Area: 0.972476, Num Con: 2, Reading: 0.627778, outcome score: -1.000000.
[lifelong_slam_toolbox_node-1] W20260821 10:46:57.644107 600212 preprocessor.cc:67] Specified options.num_threads: 50 exceeds maximum available from the threading model Ceres was compiled with: 8.  Bounding to maximum number available.
[lifelong_slam_toolbox_node-1] [INFO] [1787309217.645696726] [slam_toolbox]: Metric Scores: Initial: 1.000000, IOU: 0.996255, Area: 0.996766, Num Con: 2, Reading: 0.655556, outcome score: -1.000000.
[lifelong_slam_toolbox_node-1] [INFO] [1787309217.645815827] [slam_toolbox]: Metric Scores: Initial: 0.754192, IOU: 0.798112, Area: 0.888796, Num Con: 2, Reading: 0.386111, outcome score: 0.730026.
[lifelong_slam_toolbox_node-1] W20260821 10:46:58.043643 600212 preprocessor.cc:67] Specified options.num_threads: 50 exceeds maximum available from the threading model Ceres was compiled with: 8.  Bounding to maximum number available.
[lifelong_slam_toolbox_node-1] [INFO] [1787309218.044945895] [slam_toolbox]: Metric Scores: Initial: 0.730026, IOU: 0.797497, Area: 0.888418, Num Con: 2, Reading: 0.386111, outcome score: 0.705859.
[lifelong_slam_toolbox_node-1] [INFO] [1787309218.045008795] [slam_toolbox]: Metric Scores: Initial: 1.000000, IOU: 0.959315, Area: 0.979234, Num Con: 2, Reading: 0.636111, outcome score: -1.000000.
[lifelong_slam_toolbox_node-1] [INFO] [1787309218.420234933] [slam_toolbox]: Metric Scores: Initial: 0.705859, IOU: 0.797355, Area: 0.888326, Num Con: 2, Reading: 0.386111, outcome score: 0.681692.
[lifelong_slam_toolbox_node-1] [INFO] [1787309218.820702908] [slam_toolbox]: Metric Scores: Initial: 0.681692, IOU: 0.796984, Area: 0.888106, Num Con: 2, Reading: 0.386111, outcome score: 0.657526.
[lifelong_slam_toolbox_node-1] [INFO] [1787309218.820766208] [slam_toolbox]: Metric Scores: Initial: 1.000000, IOU: 0.961140, Area: 0.980200, Num Con: 2, Reading: 0.641667, outcome score: -1.000000.
[lifelong_slam_toolbox_node-1] [INFO] [1787309219.220524480] [slam_toolbox]: Metric Scores: Initial: 0.657526, IOU: 0.798520, Area: 0.889040, Num Con: 2, Reading: 0.386111, outcome score: 0.633359.
[lifelong_slam_toolbox_node-1] [INFO] [1787309219.220584480] [slam_toolbox]: Metric Scores: Initial: 1.000000, IOU: 0.956360, Area: 0.977699, Num Con: 2, Reading: 0.647222, outcome score: -1.000000.
[lifelong_slam_toolbox_node-1] [INFO] [1787309219.621350156] [slam_toolbox]: Metric Scores: Initial: 1.000000, IOU: 0.998071, Area: 0.998071, Num Con: 2, Reading: 0.655556, outcome score: -1.000000.
[lifelong_slam_toolbox_node-1] [INFO] [1787309219.621426657] [slam_toolbox]: Metric Scores: Initial: 0.633359, IOU: 0.800147, Area: 0.890058, Num Con: 2, Reading: 0.386111, outcome score: 0.609192.
[lifelong_slam_toolbox_node-1] [INFO] [1787309220.026870559] [slam_toolbox]: Metric Scores: Initial: 0.609192, IOU: 0.801676, Area: 0.891016, Num Con: 2, Reading: 0.386111, outcome score: 0.585026.
[lifelong_slam_toolbox_node-1] [INFO] [1787309220.026930659] [slam_toolbox]: Metric Scores: Initial: 1.000000, IOU: 0.956969, Area: 0.978043, Num Con: 2, Reading: 0.650000, outcome score: -1.000000.
[lifelong_slam_toolbox_node-1] [INFO] [1787309220.421139400] [slam_toolbox]: Metric Scores: Initial: 1.000000, IOU: 0.996923, Area: 0.997448, Num Con: 2, Reading: 0.655556, outcome score: -1.000000.
[lifelong_slam_toolbox_node-1] [INFO] [1787309220.421238101] [slam_toolbox]: Metric Scores: Initial: 1.000000, IOU: 0.959636, Area: 0.979388, Num Con: 2, Reading: 0.650000, outcome score: -1.000000.
[lifelong_slam_toolbox_node-1] [INFO] [1787309220.421256301] [slam_toolbox]: Metric Scores: Initial: 0.585026, IOU: 0.805258, Area: 0.893202, Num Con: 2, Reading: 0.386111, outcome score: 0.560859.
[lifelong_slam_toolbox_node-1] 
[lifelong_slam_toolbox_node-1] Solver Summary (v 2.2.0-eigen-(3.4.0)-lapack-suitesparse-(7.6.1)-eigensparse)
[lifelong_slam_toolbox_node-1] 
[lifelong_slam_toolbox_node-1]                                      Original                  Reduced
[lifelong_slam_toolbox_node-1] Parameter blocks                          162                       63
[lifelong_slam_toolbox_node-1] Parameters                                162                       63
[lifelong_slam_toolbox_node-1] Residual blocks                            20                       20
[lifelong_slam_toolbox_node-1] Residuals                                  60                       60
[lifelong_slam_toolbox_node-1] 
[lifelong_slam_toolbox_node-1] Minimizer                        TRUST_REGION
[lifelong_slam_toolbox_node-1] Trust region strategy     LEVENBERG_MARQUARDT
[lifelong_slam_toolbox_node-1] Sparse linear algebra library    SUITE_SPARSE 
[lifelong_slam_toolbox_node-1] 
[lifelong_slam_toolbox_node-1]                                         Given                     Used
[lifelong_slam_toolbox_node-1] Linear solver          SPARSE_NORMAL_CHOLESKY   SPARSE_NORMAL_CHOLESKY
[lifelong_slam_toolbox_node-1] Threads                                    50                        8
[lifelong_slam_toolbox_node-1] Linear solver ordering              AUTOMATIC                       63
[lifelong_slam_toolbox_node-1] 
[lifelong_slam_toolbox_node-1] Cost:
[lifelong_slam_toolbox_node-1] Initial                          1.299396e-20
[lifelong_slam_toolbox_node-1] Final                            1.299396e-20
[lifelong_slam_toolbox_node-1] Change                           0.000000e+00
[lifelong_slam_toolbox_node-1] 
[lifelong_slam_toolbox_node-1] Minimizer iterations                        1
[lifelong_slam_toolbox_node-1] Successful steps                            1
[lifelong_slam_toolbox_node-1] Unsuccessful steps                          0
[lifelong_slam_toolbox_node-1] 
[lifelong_slam_toolbox_node-1] Time (in seconds):
[lifelong_slam_toolbox_node-1] Preprocessor                         0.000401
[lifelong_slam_toolbox_node-1] 
[lifelong_slam_toolbox_node-1]   Residual only evaluation           0.000000 (0)
[lifelong_slam_toolbox_node-1]   Jacobian & residual evaluation     0.000123 (1)
[lifelong_slam_toolbox_node-1]   Linear solver                      0.000000 (0)
[lifelong_slam_toolbox_node-1] Minimizer                            0.000160
[lifelong_slam_toolbox_node-1] 
[lifelong_slam_toolbox_node-1] Postprocessor                        0.000055
[lifelong_slam_toolbox_node-1] Total                                0.000617
[lifelong_slam_toolbox_node-1] 
[lifelong_slam_toolbox_node-1] Termination:                      CONVERGENCE (Gradient tolerance reached. Gradient max norm: 4.239347e-09 <= 1.000000e-06)
[lifelong_slam_toolbox_node-1] 
[lifelong_slam_toolbox_node-1] 
[lifelong_slam_toolbox_node-1] Solver Summary (v 2.2.0-eigen-(3.4.0)-lapack-suitesparse-(7.6.1)-eigensparse)
[lifelong_slam_toolbox_node-1] 
[lifelong_slam_toolbox_node-1]                                      Original                  Reduced
[lifelong_slam_toolbox_node-1] Parameter blocks                          162                       63
[lifelong_slam_toolbox_node-1] Parameters                                162                       63
[lifelong_slam_toolbox_node-1] Residual blocks                            20                       20
[lifelong_slam_toolbox_node-1] Residuals                                  60                       60
[lifelong_slam_toolbox_node-1] 
[lifelong_slam_toolbox_node-1] Minimizer                        TRUST_REGION
[lifelong_slam_toolbox_node-1] Trust region strategy     LEVENBERG_MARQUARDT
[lifelong_slam_toolbox_node-1] Sparse linear algebra library    SUITE_SPARSE 
[lifelong_slam_toolbox_node-1] 
[lifelong_slam_toolbox_node-1]                                         Given                     Used
[lifelong_slam_toolbox_node-1] Linear solver          SPARSE_NORMAL_CHOLESKY   SPARSE_NORMAL_CHOLESKY
[lifelong_slam_toolbox_node-1] Threads                                    50                        8
[lifelong_slam_toolbox_node-1] Linear solver ordering              AUTOMATIC                       63
[lifelong_slam_toolbox_node-1] 
[lifelong_slam_toolbox_node-1] Cost:
[lifelong_slam_toolbox_node-1] Initial                          6.699203e-02
[lifelong_slam_toolbox_node-1] Final                            1.255072e-07
[lifelong_slam_toolbox_node-1] Change                           6.699191e-02
[lifelong_slam_toolbox_node-1] 
[lifelong_slam_toolbox_node-1] Minimizer iterations                        2
[lifelong_slam_toolbox_node-1] Successful steps                            2
[lifelong_slam_toolbox_node-1] Unsuccessful steps                          0
[lifelong_slam_toolbox_node-1] 
[lifelong_slam_toolbox_node-1] Time (in seconds):
[lifelong_slam_toolbox_node-1] Preprocessor                         0.000204
[lifelong_slam_toolbox_node-1] 
[lifelong_slam_toolbox_node-1]   Residual only evaluation           0.000040 (2)
[lifelong_slam_toolbox_node-1]   Jacobian & residual evaluation     0.000095 (2)
[lifelong_slam_toolbox_node-1]   Linear solver                      0.000150 (2)
[lifelong_slam_toolbox_node-1] Minimizer                            0.000364
[lifelong_slam_toolbox_node-1] 
[lifelong_slam_toolbox_node-1] Postprocessor                        0.000013
[lifelong_slam_toolbox_node-1] Total                                0.000581
[lifelong_slam_toolbox_node-1] 
[lifelong_slam_toolbox_node-1] Termination:                      CONVERGENCE (Parameter tolerance reached. Relative step_norm: 1.774682e-06 <= 1.000000e-03.)
[lifelong_slam_toolbox_node-1] 
[lifelong_slam_toolbox_node-1] [INFO] [1787309220.821089972] [slam_toolbox]: Metric Scores: Initial: 0.560859, IOU: 0.809221, Area: 0.895639, Num Con: 2, Reading: 0.386111, outcome score: 0.536692.
[lifelong_slam_toolbox_node-1] [INFO] [1787309221.220413441] [slam_toolbox]: Metric Scores: Initial: 1.000000, IOU: 0.997942, Area: 0.997982, Num Con: 2, Reading: 0.650000, outcome score: -1.000000.
[lifelong_slam_toolbox_node-1] [INFO] [1787309221.220500342] [slam_toolbox]: Metric Scores: Initial: 1.000000, IOU: 0.956460, Area: 0.977753, Num Con: 3, Reading: 0.652778, outcome score: 0.999000.
[lifelong_slam_toolbox_node-1] [INFO] [1787309221.220520942] [slam_toolbox]: Metric Scores: Initial: 0.536692, IOU: 0.812716, Area: 0.897775, Num Con: 2, Reading: 0.386111, outcome score: 0.512526.
[lifelong_slam_toolbox_node-1] [INFO] [1787309221.623400930] [slam_toolbox]: Metric Scores: Initial: 1.000000, IOU: 0.959554, Area: 0.979335, Num Con: 3, Reading: 0.655556, outcome score: 0.999000.
[lifelong_slam_toolbox_node-1] [INFO] [1787309221.623460030] [slam_toolbox]: Metric Scores: Initial: 0.999000, IOU: 0.952168, Area: 0.975473, Num Con: 3, Reading: 0.652778, outcome score: 0.997961.
[lifelong_slam_toolbox_node-1] [INFO] [1787309221.623482430] [slam_toolbox]: Metric Scores: Initial: 0.512526, IOU: 0.817706, Area: 0.900778, Num Con: 2, Reading: 0.386111, outcome score: 0.488359.
[lifelong_slam_toolbox_node-1] [INFO] [1787309222.021687593] [slam_toolbox]: Metric Scores: Initial: 1.000000, IOU: 0.997618, Area: 1.000000, Num Con: 2, Reading: 0.647222, outcome score: -1.000000.
[lifelong_slam_toolbox_node-1] [INFO] [1787309222.021770493] [slam_toolbox]: Metric Scores: Initial: 1.000000, IOU: 0.960925, Area: 0.980054, Num Con: 3, Reading: 0.655556, outcome score: 0.999000.
[lifelong_slam_toolbox_node-1] [INFO] [1787309222.021784193] [slam_toolbox]: Metric Scores: Initial: 0.999000, IOU: 0.957831, Area: 0.978445, Num Con: 3, Reading: 0.655556, outcome score: 0.997961.
[lifelong_slam_toolbox_node-1] [INFO] [1787309222.021797293] [slam_toolbox]: Metric Scores: Initial: 0.997961, IOU: 0.950466, Area: 0.974587, Num Con: 3, Reading: 0.652778, outcome score: 0.996881.
[lifelong_slam_toolbox_node-1] [INFO] [1787309222.021819293] [slam_toolbox]: Metric Scores: Initial: 0.488359, IOU: 0.823386, Area: 0.904216, Num Con: 2, Reading: 0.386111, outcome score: 0.464192.
[lifelong_slam_toolbox_node-1] [INFO] [1787309222.426957394] [slam_toolbox]: Metric Scores: Initial: 1.000000, IOU: 0.958266, Area: 0.978675, Num Con: 3, Reading: 0.655556, outcome score: 0.999000.
[lifelong_slam_toolbox_node-1] [INFO] [1787309222.427021494] [slam_toolbox]: Metric Scores: Initial: 0.999000, IOU: 0.958394, Area: 0.978738, Num Con: 3, Reading: 0.655556, outcome score: 0.997961.
[lifelong_slam_toolbox_node-1] [INFO] [1787309222.427035294] [slam_toolbox]: Metric Scores: Initial: 0.997961, IOU: 0.955544, Area: 0.977253, Num Con: 3, Reading: 0.655556, outcome score: 0.996880.
[lifelong_slam_toolbox_node-1] [INFO] [1787309222.427050694] [slam_toolbox]: Metric Scores: Initial: 0.996881, IOU: 0.948206, Area: 0.973399, Num Con: 3, Reading: 0.652778, outcome score: 0.995759.
[lifelong_slam_toolbox_node-1] [INFO] [1787309222.427075094] [slam_toolbox]: Metric Scores: Initial: 0.464192, IOU: 0.830256, Area: 0.908341, Num Con: 2, Reading: 0.386111, outcome score: 0.440026.
[lifelong_slam_toolbox_node-1] [INFO] [1787309222.826268262] [slam_toolbox]: Metric Scores: Initial: 0.984476, IOU: 0.991787, Area: 0.997059, Num Con: 2, Reading: 0.644444, outcome score: -1.000000.
[lifelong_slam_toolbox_node-1] [INFO] [1787309222.826360763] [slam_toolbox]: Metric Scores: Initial: 1.000000, IOU: 0.949786, Area: 0.974214, Num Con: 2, Reading: 0.658333, outcome score: -1.000000.
[lifelong_slam_toolbox_node-1] [INFO] [1787309222.826377063] [slam_toolbox]: Metric Scores: Initial: 0.999000, IOU: 0.950169, Area: 0.974427, Num Con: 3, Reading: 0.655556, outcome score: 0.997961.
[lifelong_slam_toolbox_node-1] [INFO] [1787309222.826391163] [slam_toolbox]: Metric Scores: Initial: 0.997961, IOU: 0.950292, Area: 0.974487, Num Con: 3, Reading: 0.655556, outcome score: 0.996880.
[lifelong_slam_toolbox_node-1] [INFO] [1787309222.826405163] [slam_toolbox]: Metric Scores: Initial: 0.996880, IOU: 0.950998, Area: 0.974862, Num Con: 3, Reading: 0.655556, outcome score: 0.995758.
[lifelong_slam_toolbox_node-1] [INFO] [1787309222.826419363] [slam_toolbox]: Metric Scores: Initial: 0.995759, IOU: 0.944407, Area: 0.971386, Num Con: 3, Reading: 0.652778, outcome score: 0.994593.
[lifelong_slam_toolbox_node-1] [INFO] [1787309222.826440263] [slam_toolbox]: Metric Scores: Initial: 0.440026, IOU: 0.837051, Area: 0.912380, Num Con: 2, Reading: 0.386111, outcome score: 0.415859.
[lifelong_slam_toolbox_node-1] W20260821 10:47:03.254611 600212 preprocessor.cc:67] Specified options.num_threads: 50 exceeds maximum available from the threading model Ceres was compiled with: 8.  Bounding to maximum number available.
[lifelong_slam_toolbox_node-1] [INFO] [1787309223.255818195] [slam_toolbox]: Metric Scores: Initial: 0.995758, IOU: 0.941569, Area: 0.969876, Num Con: 3, Reading: 0.655556, outcome score: 0.994591.
[lifelong_slam_toolbox_node-1] [INFO] [1787309223.255905496] [slam_toolbox]: Metric Scores: Initial: 0.415859, IOU: 0.845192, Area: 0.917182, Num Con: 2, Reading: 0.386111, outcome score: 0.391692.
[lifelong_slam_toolbox_node-1] [INFO] [1787309223.255916396] [slam_toolbox]: Metric Scores: Initial: 0.994593, IOU: 0.942693, Area: 0.970470, Num Con: 3, Reading: 0.652778, outcome score: 0.993381.
[lifelong_slam_toolbox_node-1] [INFO] [1787309223.255924996] [slam_toolbox]: Metric Scores: Initial: 0.996880, IOU: 0.940873, Area: 0.969503, Num Con: 3, Reading: 0.655556, outcome score: 0.995758.
[lifelong_slam_toolbox_node-1] [INFO] [1787309223.255936596] [slam_toolbox]: Metric Scores: Initial: 0.997961, IOU: 0.940753, Area: 0.969443, Num Con: 2, Reading: 0.655556, outcome score: -1.000000.
[lifelong_slam_toolbox_node-1] [INFO] [1787309223.620790077] [slam_toolbox]: Metric Scores: Initial: 1.000000, IOU: 0.989818, Area: 0.993903, Num Con: 2, Reading: 0.638889, outcome score: -1.000000.
[lifelong_slam_toolbox_node-1] [INFO] [1787309223.620856478] [slam_toolbox]: Metric Scores: Initial: 0.994591, IOU: 0.930357, Area: 0.963873, Num Con: 3, Reading: 0.655556, outcome score: 0.993378.
[lifelong_slam_toolbox_node-1] [INFO] [1787309223.620871178] [slam_toolbox]: Metric Scores: Initial: 0.391692, IOU: 0.855076, Area: 0.922945, Num Con: 2, Reading: 0.386111, outcome score: -1.000000.
[lifelong_slam_toolbox_node-1] [INFO] [1787309223.620880878] [slam_toolbox]: Metric Scores: Initial: 0.993381, IOU: 0.932487, Area: 0.965014, Num Con: 3, Reading: 0.652778, outcome score: 0.992122.
[lifelong_slam_toolbox_node-1] [INFO] [1787309223.620891078] [slam_toolbox]: Metric Scores: Initial: 0.995758, IOU: 0.929674, Area: 0.963503, Num Con: 2, Reading: 0.655556, outcome score: -1.000000.
[lifelong_slam_toolbox_node-1] [INFO] [1787309223.620915078] [slam_toolbox]: Metric Scores: Initial: 1.000000, IOU: 0.933150, Area: 0.965366, Num Con: 2, Reading: 0.655556, outcome score: -1.000000.
[lifelong_slam_toolbox_node-1] W20260821 10:47:04.047962 600212 preprocessor.cc:67] Specified options.num_threads: 50 exceeds maximum available from the threading model Ceres was compiled with: 8.  Bounding to maximum number available.
[lifelong_slam_toolbox_node-1] [INFO] [1787309224.049297004] [slam_toolbox]: Metric Scores: Initial: 0.993378, IOU: 0.918753, Area: 0.957618, Num Con: 2, Reading: 0.655556, outcome score: -1.000000.
[lifelong_slam_toolbox_node-1] [INFO] [1787309224.049347905] [slam_toolbox]: Metric Scores: Initial: 0.992122, IOU: 0.920844, Area: 0.958752, Num Con: 3, Reading: 0.652778, outcome score: 0.990813.
[lifelong_slam_toolbox_node-1] [INFO] [1787309224.419854417] [slam_toolbox]: Metric Scores: Initial: 1.000000, IOU: 0.988573, Area: 0.993305, Num Con: 2, Reading: 0.627778, outcome score: -1.000000.
[lifelong_slam_toolbox_node-1] [INFO] [1787309224.419933517] [slam_toolbox]: Metric Scores: Initial: 1.000000, IOU: 0.915610, Area: 0.955896, Num Con: 2, Reading: 0.652778, outcome score: -1.000000.
[lifelong_slam_toolbox_node-1] [INFO] [1787309225.220100063] [slam_toolbox]: Metric Scores: Initial: 1.000000, IOU: 0.898133, Area: 0.946258, Num Con: 2, Reading: 0.650000, outcome score: -1.000000.
[lifelong_slam_toolbox_node-1] 
[lifelong_slam_toolbox_node-1] Solver Summary (v 2.2.0-eigen-(3.4.0)-lapack-suitesparse-(7.6.1)-eigensparse)
[lifelong_slam_toolbox_node-1] 
[lifelong_slam_toolbox_node-1]                                      Original                  Reduced
[lifelong_slam_toolbox_node-1] Parameter blocks                          168                       69
[lifelong_slam_toolbox_node-1] Parameters                                168                       69
[lifelong_slam_toolbox_node-1] Residual blocks                            23                       23
[lifelong_slam_toolbox_node-1] Residuals                                  69                       69
[lifelong_slam_toolbox_node-1] 
[lifelong_slam_toolbox_node-1] Minimizer                        TRUST_REGION
[lifelong_slam_toolbox_node-1] Trust region strategy     LEVENBERG_MARQUARDT
[lifelong_slam_toolbox_node-1] Sparse linear algebra library    SUITE_SPARSE 
[lifelong_slam_toolbox_node-1] 
[lifelong_slam_toolbox_node-1]                                         Given                     Used
[lifelong_slam_toolbox_node-1] Linear solver          SPARSE_NORMAL_CHOLESKY   SPARSE_NORMAL_CHOLESKY
[lifelong_slam_toolbox_node-1] Threads                                    50                        8
[lifelong_slam_toolbox_node-1] Linear solver ordering              AUTOMATIC                       69
[lifelong_slam_toolbox_node-1] 
[lifelong_slam_toolbox_node-1] Cost:
[lifelong_slam_toolbox_node-1] Initial                          1.255072e-07
[lifelong_slam_toolbox_node-1] Final                            9.682507e-15
[lifelong_slam_toolbox_node-1] Change                           1.255072e-07
[lifelong_slam_toolbox_node-1] 
[lifelong_slam_toolbox_node-1] Minimizer iterations                        2
[lifelong_slam_toolbox_node-1] Successful steps                            2
[lifelong_slam_toolbox_node-1] Unsuccessful steps                          0
[lifelong_slam_toolbox_node-1] 
[lifelong_slam_toolbox_node-1] Time (in seconds):
[lifelong_slam_toolbox_node-1] Preprocessor                         0.000194
[lifelong_slam_toolbox_node-1] 
[lifelong_slam_toolbox_node-1]   Residual only evaluation           0.000053 (2)
[lifelong_slam_toolbox_node-1]   Jacobian & residual evaluation     0.000112 (2)
[lifelong_slam_toolbox_node-1]   Linear solver                      0.000156 (2)
[lifelong_slam_toolbox_node-1] Minimizer                            0.000401
[lifelong_slam_toolbox_node-1] 
[lifelong_slam_toolbox_node-1] Postprocessor                        0.000010
[lifelong_slam_toolbox_node-1] Total                                0.000605
[lifelong_slam_toolbox_node-1] 
[lifelong_slam_toolbox_node-1] Termination:                      CONVERGENCE (Parameter tolerance reached. Relative step_norm: 9.535584e-10 <= 1.000000e-03.)
[lifelong_slam_toolbox_node-1] 
[lifelong_slam_toolbox_node-1] 
[lifelong_slam_toolbox_node-1] Solver Summary (v 2.2.0-eigen-(3.4.0)-lapack-suitesparse-(7.6.1)-eigensparse)
[lifelong_slam_toolbox_node-1] 
[lifelong_slam_toolbox_node-1]                                      Original                  Reduced
[lifelong_slam_toolbox_node-1] Parameter blocks                          159                       54
[lifelong_slam_toolbox_node-1] Parameters                                159                       54
[lifelong_slam_toolbox_node-1] Residual blocks                            18                       18
[lifelong_slam_toolbox_node-1] Residuals                                  54                       54
[lifelong_slam_toolbox_node-1] 
[lifelong_slam_toolbox_node-1] Minimizer                        TRUST_REGION
[lifelong_slam_toolbox_node-1] Trust region strategy     LEVENBERG_MARQUARDT
[lifelong_slam_toolbox_node-1] Sparse linear algebra library    SUITE_SPARSE 
[lifelong_slam_toolbox_node-1] 
[lifelong_slam_toolbox_node-1]                                         Given                     Used
[lifelong_slam_toolbox_node-1] Linear solver          SPARSE_NORMAL_CHOLESKY   SPARSE_NORMAL_CHOLESKY
[lifelong_slam_toolbox_node-1] Threads                                    50                        8
[lifelong_slam_toolbox_node-1] Linear solver ordering              AUTOMATIC                       54
[lifelong_slam_toolbox_node-1] 
[lifelong_slam_toolbox_node-1] Cost:
[lifelong_slam_toolbox_node-1] Initial                          6.756993e-02
[lifelong_slam_toolbox_node-1] Final                            8.817497e-09
[lifelong_slam_toolbox_node-1] Change                           6.756992e-02
[lifelong_slam_toolbox_node-1] 
[lifelong_slam_toolbox_node-1] Minimizer iterations                        2
[lifelong_slam_toolbox_node-1] Successful steps                            2
[lifelong_slam_toolbox_node-1] Unsuccessful steps                          0
[lifelong_slam_toolbox_node-1] 
[lifelong_slam_toolbox_node-1] Time (in seconds):
[lifelong_slam_toolbox_node-1] Preprocessor                         0.000186
[lifelong_slam_toolbox_node-1] 
[lifelong_slam_toolbox_node-1]   Residual only evaluation           0.000057 (2)
[lifelong_slam_toolbox_node-1]   Jacobian & residual evaluation     0.000106 (2)
[lifelong_slam_toolbox_node-1]   Linear solver                      0.000156 (2)
[lifelong_slam_toolbox_node-1] Minimizer                            0.000407
[lifelong_slam_toolbox_node-1] 
[lifelong_slam_toolbox_node-1] Postprocessor                        0.000010
[lifelong_slam_toolbox_node-1] Total                                0.000604
[lifelong_slam_toolbox_node-1] 
[lifelong_slam_toolbox_node-1] Termination:                      CONVERGENCE (Parameter tolerance reached. Relative step_norm: 6.070417e-07 <= 1.000000e-03.)
[lifelong_slam_toolbox_node-1] 
[lifelong_slam_toolbox_node-1] [INFO] [1787309226.020260608] [slam_toolbox]: Metric Scores: Initial: 1.000000, IOU: 0.881897, Area: 0.937193, Num Con: 2, Reading: 0.427778, outcome score: -1.000000.
[lifelong_slam_toolbox_node-1] [INFO] [1787309226.819852651] [slam_toolbox]: Metric Scores: Initial: 1.000000, IOU: 0.868483, Area: 0.929559, Num Con: 2, Reading: 0.411111, outcome score: -1.000000.
[lifelong_slam_toolbox_node-1] [INFO] [1787309227.219984523] [slam_toolbox]: Metric Scores: Initial: 1.000000, IOU: 0.997787, Area: 0.999987, Num Con: 2, Reading: 0.608333, outcome score: -1.000000.
[lifelong_slam_toolbox_node-1] [INFO] [1787309227.220067324] [slam_toolbox]: Metric Scores: Initial: 1.000000, IOU: 0.859548, Area: 0.924408, Num Con: 2, Reading: 0.408333, outcome score: -1.000000.
[lifelong_slam_toolbox_node-1] [INFO] [1787309228.019140263] [slam_toolbox]: Metric Scores: Initial: 1.000000, IOU: 0.983805, Area: 0.990936, Num Con: 2, Reading: 0.675000, outcome score: -1.000000.
[lifelong_slam_toolbox_node-1] [INFO] [1787309228.019239264] [slam_toolbox]: Metric Scores: Initial: 1.000000, IOU: 0.848563, Area: 0.917995, Num Con: 2, Reading: 0.222222, outcome score: 0.985667.
[lifelong_slam_toolbox_node-1] [INFO] [1787309228.426570276] [slam_toolbox]: Metric Scores: Initial: 1.000000, IOU: 0.846828, Area: 0.916976, Num Con: 2, Reading: 0.225000, outcome score: 0.985500.
[lifelong_slam_toolbox_node-1] [INFO] [1787309228.426626376] [slam_toolbox]: Metric Scores: Initial: 0.985667, IOU: 0.835953, Area: 0.910549, Num Con: 2, Reading: 0.222222, outcome score: 0.971333.
[lifelong_slam_toolbox_node-1] [INFO] [1787309228.825595543] [slam_toolbox]: Metric Scores: Initial: 1.000000, IOU: 0.989487, Area: 0.994371, Num Con: 2, Reading: 0.702778, outcome score: -1.000000.
[lifelong_slam_toolbox_node-1] [INFO] [1787309228.825695143] [slam_toolbox]: Metric Scores: Initial: 1.000000, IOU: 0.848018, Area: 0.918139, Num Con: 2, Reading: 0.227778, outcome score: 0.985333.
[lifelong_slam_toolbox_node-1] [INFO] [1787309228.825714443] [slam_toolbox]: Metric Scores: Initial: 0.985500, IOU: 0.836716, Area: 0.911476, Num Con: 2, Reading: 0.225000, outcome score: 0.971000.
[lifelong_slam_toolbox_node-1] [INFO] [1787309228.825728443] [slam_toolbox]: Metric Scores: Initial: 0.971333, IOU: 0.825989, Area: 0.905063, Num Con: 2, Reading: 0.222222, outcome score: 0.957000.
[lifelong_slam_toolbox_node-1] [INFO] [1787309229.230975744] [slam_toolbox]: Metric Scores: Initial: 1.000000, IOU: 0.848972, Area: 0.918700, Num Con: 2, Reading: 0.233333, outcome score: 0.985000.
[lifelong_slam_toolbox_node-1] [INFO] [1787309229.231040244] [slam_toolbox]: Metric Scores: Initial: 0.985333, IOU: 0.836279, Area: 0.911206, Num Con: 2, Reading: 0.227778, outcome score: 0.970667.
[lifelong_slam_toolbox_node-1] [INFO] [1787309229.231057145] [slam_toolbox]: Metric Scores: Initial: 0.971000, IOU: 0.825156, Area: 0.904564, Num Con: 2, Reading: 0.225000, outcome score: 0.956500.
[lifelong_slam_toolbox_node-1] [INFO] [1787309229.231071545] [slam_toolbox]: Metric Scores: Initial: 0.957000, IOU: 0.814597, Area: 0.898172, Num Con: 2, Reading: 0.222222, outcome score: 0.942667.
[lifelong_slam_toolbox_node-1] [INFO] [1787309229.627442597] [slam_toolbox]: Metric Scores: Initial: 1.000000, IOU: 0.990587, Area: 0.994033, Num Con: 2, Reading: 0.702778, outcome score: -1.000000.
[lifelong_slam_toolbox_node-1] [INFO] [1787309229.627589098] [slam_toolbox]: Metric Scores: Initial: 1.000000, IOU: 0.852742, Area: 0.920894, Num Con: 3, Reading: 0.233333, outcome score: 0.999000.
[lifelong_slam_toolbox_node-1] [INFO] [1787309229.627608498] [slam_toolbox]: Metric Scores: Initial: 0.985000, IOU: 0.839733, Area: 0.913269, Num Con: 2, Reading: 0.233333, outcome score: 0.970000.
[lifelong_slam_toolbox_node-1] [INFO] [1787309229.627622698] [slam_toolbox]: Metric Scores: Initial: 0.970667, IOU: 0.827201, Area: 0.905795, Num Con: 2, Reading: 0.227778, outcome score: 0.956000.
[lifelong_slam_toolbox_node-1] [INFO] [1787309229.627637098] [slam_toolbox]: Metric Scores: Initial: 0.956500, IOU: 0.816214, Area: 0.899170, Num Con: 2, Reading: 0.225000, outcome score: 0.942000.
[lifelong_slam_toolbox_node-1] [INFO] [1787309229.627650798] [slam_toolbox]: Metric Scores: Initial: 0.942667, IOU: 0.805783, Area: 0.892794, Num Con: 2, Reading: 0.222222, outcome score: 0.928333.
[lifelong_slam_toolbox_node-1] [INFO] [1787309230.018825722] [slam_toolbox]: Metric Scores: Initial: 1.000000, IOU: 0.859180, Area: 0.924648, Num Con: 3, Reading: 0.452778, outcome score: 0.999000.
[lifelong_slam_toolbox_node-1] [INFO] [1787309230.018878123] [slam_toolbox]: Metric Scores: Initial: 0.999000, IOU: 0.845476, Area: 0.916647, Num Con: 3, Reading: 0.233333, outcome score: 0.997986.
[lifelong_slam_toolbox_node-1] [INFO] [1787309230.018889123] [slam_toolbox]: Metric Scores: Initial: 0.970000, IOU: 0.832585, Area: 0.909031, Num Con: 2, Reading: 0.233333, outcome score: 0.955000.
[lifelong_slam_toolbox_node-1] [INFO] [1787309230.018941523] [slam_toolbox]: Metric Scores: Initial: 0.956000, IOU: 0.820175, Area: 0.901573, Num Con: 2, Reading: 0.227778, outcome score: 0.941333.
[lifelong_slam_toolbox_node-1] [INFO] [1787309230.018953023] [slam_toolbox]: Metric Scores: Initial: 0.942000, IOU: 0.809289, Area: 0.894959, Num Con: 2, Reading: 0.225000, outcome score: 0.927500.
[lifelong_slam_toolbox_node-1] [INFO] [1787309230.018962723] [slam_toolbox]: Metric Scores: Initial: 0.928333, IOU: 0.798954, Area: 0.888592, Num Con: 2, Reading: 0.222222, outcome score: 0.914000.
[lifelong_slam_toolbox_node-1] [INFO] [1787309230.420984806] [slam_toolbox]: Metric Scores: Initial: 1.000000, IOU: 0.993499, Area: 0.995454, Num Con: 2, Reading: 0.700000, outcome score: -1.000000.
[lifelong_slam_toolbox_node-1] [INFO] [1787309230.421072307] [slam_toolbox]: Metric Scores: Initial: 1.000000, IOU: 0.864539, Area: 0.927732, Num Con: 3, Reading: 0.455556, outcome score: 0.999000.
[lifelong_slam_toolbox_node-1] [INFO] [1787309230.421091107] [slam_toolbox]: Metric Scores: Initial: 0.999000, IOU: 0.852266, Area: 0.920626, Num Con: 3, Reading: 0.452778, outcome score: 0.997973.
[lifelong_slam_toolbox_node-1] [INFO] [1787309230.421108207] [slam_toolbox]: Metric Scores: Initial: 0.997986, IOU: 0.838689, Area: 0.912640, Num Con: 3, Reading: 0.233333, outcome score: 0.996958.
[lifelong_slam_toolbox_node-1] [INFO] [1787309230.421119707] [slam_toolbox]: Metric Scores: Initial: 0.955000, IOU: 0.825915, Area: 0.905038, Num Con: 2, Reading: 0.233333, outcome score: 0.940000.
[lifelong_slam_toolbox_node-1] [INFO] [1787309230.421133207] [slam_toolbox]: Metric Scores: Initial: 0.941333, IOU: 0.813620, Area: 0.897595, Num Con: 2, Reading: 0.227778, outcome score: 0.926667.
[lifelong_slam_toolbox_node-1] [INFO] [1787309230.421146307] [slam_toolbox]: Metric Scores: Initial: 0.927500, IOU: 0.802834, Area: 0.890994, Num Con: 2, Reading: 0.225000, outcome score: 0.913000.
[lifelong_slam_toolbox_node-1] [INFO] [1787309230.421159007] [slam_toolbox]: Metric Scores: Initial: 0.914000, IOU: 0.792591, Area: 0.884640, Num Con: 2, Reading: 0.222222, outcome score: 0.899667.
[lifelong_slam_toolbox_node-1] [INFO] [1787309230.820271675] [slam_toolbox]: Metric Scores: Initial: 1.000000, IOU: 0.873379, Area: 0.932812, Num Con: 3, Reading: 0.466667, outcome score: 0.999000.
[lifelong_slam_toolbox_node-1] [INFO] [1787309230.820332075] [slam_toolbox]: Metric Scores: Initial: 0.999000, IOU: 0.857931, Area: 0.923917, Num Con: 3, Reading: 0.455556, outcome score: 0.997973.
[lifelong_slam_toolbox_node-1] [INFO] [1787309230.820350875] [slam_toolbox]: Metric Scores: Initial: 0.997973, IOU: 0.845764, Area: 0.916823, Num Con: 3, Reading: 0.452778, outcome score: 0.996918.
[lifelong_slam_toolbox_node-1] [INFO] [1787309230.820368875] [slam_toolbox]: Metric Scores: Initial: 0.996958, IOU: 0.832307, Area: 0.908852, Num Con: 3, Reading: 0.233333, outcome score: 0.995915.
[lifelong_slam_toolbox_node-1] [INFO] [1787309230.820382075] [slam_toolbox]: Metric Scores: Initial: 0.940000, IOU: 0.819643, Area: 0.901263, Num Con: 2, Reading: 0.233333, outcome score: 0.925000.
[lifelong_slam_toolbox_node-1] [INFO] [1787309230.820393475] [slam_toolbox]: Metric Scores: Initial: 0.926667, IOU: 0.807456, Area: 0.893835, Num Con: 2, Reading: 0.227778, outcome score: 0.912000.
[lifelong_slam_toolbox_node-1] [INFO] [1787309230.820406775] [slam_toolbox]: Metric Scores: Initial: 0.913000, IOU: 0.796763, Area: 0.887246, Num Con: 2, Reading: 0.225000, outcome score: 0.898500.
[lifelong_slam_toolbox_node-1] [INFO] [1787309230.820419675] [slam_toolbox]: Metric Scores: Initial: 0.899667, IOU: 0.786608, Area: 0.880904, Num Con: 2, Reading: 0.222222, outcome score: 0.885333.
[lifelong_slam_toolbox_node-1] [INFO] [1787309231.220873650] [slam_toolbox]: Metric Scores: Initial: 1.000000, IOU: 0.994261, Area: 0.995876, Num Con: 2, Reading: 0.694444, outcome score: -1.000000.
[lifelong_slam_toolbox_node-1] [INFO] [1787309231.220963650] [slam_toolbox]: Metric Scores: Initial: 1.000000, IOU: 0.884711, Area: 0.939265, Num Con: 2, Reading: 0.480556, outcome score: -1.000000.
[lifelong_slam_toolbox_node-1] [INFO] [1787309231.220979751] [slam_toolbox]: Metric Scores: Initial: 0.999000, IOU: 0.867010, Area: 0.929184, Num Con: 3, Reading: 0.466667, outcome score: 0.997972.
[lifelong_slam_toolbox_node-1] [INFO] [1787309231.220993351] [slam_toolbox]: Metric Scores: Initial: 0.997973, IOU: 0.851693, Area: 0.920304, Num Con: 3, Reading: 0.455556, outcome score: 0.996917.
[lifelong_slam_toolbox_node-1] [INFO] [1787309231.221011751] [slam_toolbox]: Metric Scores: Initial: 0.996918, IOU: 0.839627, Area: 0.913222, Num Con: 3, Reading: 0.452778, outcome score: 0.995834.
[lifelong_slam_toolbox_node-1] [INFO] [1787309231.221027551] [slam_toolbox]: Metric Scores: Initial: 0.995915, IOU: 0.826284, Area: 0.905265, Num Con: 3, Reading: 0.233333, outcome score: 0.994858.
[lifelong_slam_toolbox_node-1] [INFO] [1787309231.221041851] [slam_toolbox]: Metric Scores: Initial: 0.925000, IOU: 0.813725, Area: 0.897690, Num Con: 2, Reading: 0.233333, outcome score: 0.910000.
[lifelong_slam_toolbox_node-1] [INFO] [1787309231.221055351] [slam_toolbox]: Metric Scores: Initial: 0.912000, IOU: 0.801640, Area: 0.890276, Num Con: 2, Reading: 0.227778, outcome score: 0.897333.
[lifelong_slam_toolbox_node-1] [INFO] [1787309231.221069151] [slam_toolbox]: Metric Scores: Initial: 0.898500, IOU: 0.791034, Area: 0.883699, Num Con: 2, Reading: 0.225000, outcome score: 0.884000.
[lifelong_slam_toolbox_node-1] [INFO] [1787309231.221083451] [slam_toolbox]: Metric Scores: Initial: 0.885333, IOU: 0.780962, Area: 0.877368, Num Con: 2, Reading: 0.222222, outcome score: 0.871000.
[lifelong_slam_toolbox_node-1] W20260821 10:47:11.647921 600212 preprocessor.cc:67] Specified options.num_threads: 50 exceeds maximum available from the threading model Ceres was compiled with: 8.  Bounding to maximum number available.
[lifelong_slam_toolbox_node-1] [INFO] [1787309231.649331477] [slam_toolbox]: Metric Scores: Initial: 0.996917, IOU: 0.846953, Area: 0.917521, Num Con: 3, Reading: 0.455556, outcome score: 0.995833.
[lifelong_slam_toolbox_node-1] [INFO] [1787309231.649384077] [slam_toolbox]: Metric Scores: Initial: 0.997972, IOU: 0.862174, Area: 0.926390, Num Con: 2, Reading: 0.466667, outcome score: -1.000000.
[lifelong_slam_toolbox_node-1] [INFO] [1787309231.649401477] [slam_toolbox]: Metric Scores: Initial: 0.994858, IOU: 0.821702, Area: 0.902500, Num Con: 3, Reading: 0.233333, outcome score: 0.993786.
[lifelong_slam_toolbox_node-1] [INFO] [1787309231.649413177] [slam_toolbox]: Metric Scores: Initial: 0.995834, IOU: 0.834961, Area: 0.910446, Num Con: 3, Reading: 0.452778, outcome score: 0.994721.
[lifelong_slam_toolbox_node-1] [INFO] [1787309231.649428077] [slam_toolbox]: Metric Scores: Initial: 0.910000, IOU: 0.809221, Area: 0.894933, Num Con: 2, Reading: 0.233333, outcome score: 0.895000.
[lifelong_slam_toolbox_node-1] [INFO] [1787309231.649444977] [slam_toolbox]: Metric Scores: Initial: 0.897333, IOU: 0.797213, Area: 0.887530, Num Con: 2, Reading: 0.227778, outcome score: 0.882667.
[lifelong_slam_toolbox_node-1] [INFO] [1787309231.649460677] [slam_toolbox]: Metric Scores: Initial: 0.884000, IOU: 0.786673, Area: 0.880962, Num Con: 2, Reading: 0.225000, outcome score: 0.869500.
[lifelong_slam_toolbox_node-1] [INFO] [1787309231.649515778] [slam_toolbox]: Metric Scores: Initial: 0.871000, IOU: 0.776663, Area: 0.874639, Num Con: 2, Reading: 0.222222, outcome score: 0.856667.
[lifelong_slam_toolbox_node-1] [INFO] [1787309232.021966800] [slam_toolbox]: Metric Scores: Initial: 0.995833, IOU: 0.841541, Area: 0.914352, Num Con: 2, Reading: 0.455556, outcome score: 0.967500.
[lifelong_slam_toolbox_node-1] [INFO] [1787309232.022031500] [slam_toolbox]: Metric Scores: Initial: 0.993786, IOU: 0.816478, Area: 0.899356, Num Con: 3, Reading: 0.233333, outcome score: 0.992699.
[lifelong_slam_toolbox_node-1] [INFO] [1787309232.022044801] [slam_toolbox]: Metric Scores: Initial: 0.994721, IOU: 0.829638, Area: 0.907289, Num Con: 3, Reading: 0.452778, outcome score: 0.993577.
[lifelong_slam_toolbox_node-1] [INFO] [1787309232.022061401] [slam_toolbox]: Metric Scores: Initial: 0.895000, IOU: 0.804088, Area: 0.891802, Num Con: 2, Reading: 0.233333, outcome score: 0.880000.
[lifelong_slam_toolbox_node-1] [INFO] [1787309232.022080301] [slam_toolbox]: Metric Scores: Initial: 0.882667, IOU: 0.792168, Area: 0.884411, Num Con: 2, Reading: 0.227778, outcome score: 0.868000.
[lifelong_slam_toolbox_node-1] [INFO] [1787309232.022095001] [slam_toolbox]: Metric Scores: Initial: 0.869500, IOU: 0.781705, Area: 0.877854, Num Con: 2, Reading: 0.225000, outcome score: 0.855000.
[lifelong_slam_toolbox_node-1] [INFO] [1787309232.022111301] [slam_toolbox]: Metric Scores: Initial: 0.856667, IOU: 0.771767, Area: 0.871543, Num Con: 2, Reading: 0.222222, outcome score: 0.842333.
[lifelong_slam_toolbox_node-1] [INFO] [1787309232.022127901] [slam_toolbox]: Metric Scores: Initial: 1.000000, IOU: 0.906164, Area: 0.951250, Num Con: 2, Reading: 0.697222, outcome score: -1.000000.
[lifelong_slam_toolbox_node-1] [INFO] [1787309232.420234463] [slam_toolbox]: Metric Scores: Initial: 1.000000, IOU: 0.994547, Area: 0.995717, Num Con: 2, Reading: 0.691667, outcome score: -1.000000.
[lifelong_slam_toolbox_node-1] [INFO] [1787309232.420310463] [slam_toolbox]: Metric Scores: Initial: 0.967500, IOU: 0.835555, Area: 0.910810, Num Con: 2, Reading: 0.455556, outcome score: 0.939166.
[lifelong_slam_toolbox_node-1] [INFO] [1787309232.420328563] [slam_toolbox]: Metric Scores: Initial: 0.992699, IOU: 0.810706, Area: 0.895846, Num Con: 3, Reading: 0.233333, outcome score: 0.991597.
[lifelong_slam_toolbox_node-1] [INFO] [1787309232.420345663] [slam_toolbox]: Metric Scores: Initial: 0.993577, IOU: 0.823755, Area: 0.903762, Num Con: 3, Reading: 0.452778, outcome score: 0.992403.
[lifelong_slam_toolbox_node-1] [INFO] [1787309232.420373764] [slam_toolbox]: Metric Scores: Initial: 0.880000, IOU: 0.798421, Area: 0.888309, Num Con: 2, Reading: 0.233333, outcome score: 0.865000.
[lifelong_slam_toolbox_node-1] [INFO] [1787309232.420390864] [slam_toolbox]: Metric Scores: Initial: 0.868000, IOU: 0.786600, Area: 0.880933, Num Con: 2, Reading: 0.227778, outcome score: 0.853333.
[lifelong_slam_toolbox_node-1] [INFO] [1787309232.420406564] [slam_toolbox]: Metric Scores: Initial: 0.855000, IOU: 0.776224, Area: 0.874390, Num Con: 2, Reading: 0.225000, outcome score: 0.840500.
[lifelong_slam_toolbox_node-1] [INFO] [1787309232.420423864] [slam_toolbox]: Metric Scores: Initial: 0.842333, IOU: 0.766368, Area: 0.868092, Num Con: 2, Reading: 0.222222, outcome score: 0.828000.
[lifelong_slam_toolbox_node-1] [INFO] [1787309232.821882744] [slam_toolbox]: Metric Scores: Initial: 0.939166, IOU: 0.832000, Area: 0.908703, Num Con: 2, Reading: 0.455556, outcome score: 0.910833.
[lifelong_slam_toolbox_node-1] [INFO] [1787309232.821946544] [slam_toolbox]: Metric Scores: Initial: 0.991597, IOU: 0.807279, Area: 0.893759, Num Con: 3, Reading: 0.233333, outcome score: 0.990479.
[lifelong_slam_toolbox_node-1] [INFO] [1787309232.821961144] [slam_toolbox]: Metric Scores: Initial: 0.992403, IOU: 0.820262, Area: 0.901665, Num Con: 3, Reading: 0.452778, outcome score: 0.991197.
[lifelong_slam_toolbox_node-1] [INFO] [1787309232.821978244] [slam_toolbox]: Metric Scores: Initial: 0.865000, IOU: 0.795057, Area: 0.886231, Num Con: 2, Reading: 0.233333, outcome score: 0.850000.
[lifelong_slam_toolbox_node-1] [INFO] [1787309232.821994444] [slam_toolbox]: Metric Scores: Initial: 0.853333, IOU: 0.783294, Area: 0.878865, Num Con: 2, Reading: 0.227778, outcome score: 0.838667.
[lifelong_slam_toolbox_node-1] [INFO] [1787309232.822011345] [slam_toolbox]: Metric Scores: Initial: 0.840500, IOU: 0.772969, Area: 0.872330, Num Con: 2, Reading: 0.225000, outcome score: 0.826000.
[lifelong_slam_toolbox_node-1] [INFO] [1787309232.822025245] [slam_toolbox]: Metric Scores: Initial: 1.000000, IOU: 0.920553, Area: 0.958656, Num Con: 2, Reading: 0.700000, outcome score: -1.000000.
[lifelong_slam_toolbox_node-1] [INFO] [1787309232.822038545] [slam_toolbox]: Metric Scores: Initial: 0.828000, IOU: 0.763162, Area: 0.866040, Num Con: 2, Reading: 0.222222, outcome score: 0.813667.
[lifelong_slam_toolbox_node-1] [INFO] [1787309233.221117812] [slam_toolbox]: Metric Scores: Initial: 0.910833, IOU: 0.829370, Area: 0.907123, Num Con: 2, Reading: 0.455556, outcome score: 0.882500.
[lifelong_slam_toolbox_node-1] [INFO] [1787309233.221179412] [slam_toolbox]: Metric Scores: Initial: 0.990479, IOU: 0.804738, Area: 0.892190, Num Con: 3, Reading: 0.233333, outcome score: 0.989346.
[lifelong_slam_toolbox_node-1] [INFO] [1787309233.221205312] [slam_toolbox]: Metric Scores: Initial: 0.991197, IOU: 0.817674, Area: 0.900090, Num Con: 3, Reading: 0.452778, outcome score: 0.989957.
[lifelong_slam_toolbox_node-1] [INFO] [1787309233.221223212] [slam_toolbox]: Metric Scores: Initial: 0.850000, IOU: 0.792559, Area: 0.884668, Num Con: 2, Reading: 0.233333, outcome score: 0.835000.
[lifelong_slam_toolbox_node-1] [INFO] [1787309233.221241012] [slam_toolbox]: Metric Scores: Initial: 0.838667, IOU: 0.780839, Area: 0.877308, Num Con: 2, Reading: 0.227778, outcome score: 0.824000.
[lifelong_slam_toolbox_node-1] [INFO] [1787309233.221256012] [slam_toolbox]: Metric Scores: Initial: 0.826000, IOU: 0.770550, Area: 0.870779, Num Con: 2, Reading: 0.225000, outcome score: 0.811500.
[lifelong_slam_toolbox_node-1] [INFO] [1787309233.221268913] [slam_toolbox]: Metric Scores: Initial: 0.813667, IOU: 0.760778, Area: 0.864494, Num Con: 2, Reading: 0.222222, outcome score: 0.799333.
[lifelong_slam_toolbox_node-1] [INFO] [1787309233.623794098] [slam_toolbox]: Metric Scores: Initial: 0.882500, IOU: 0.824935, Area: 0.904477, Num Con: 2, Reading: 0.455556, outcome score: 0.854166.
[lifelong_slam_toolbox_node-1] [INFO] [1787309233.623858499] [slam_toolbox]: Metric Scores: Initial: 0.989346, IOU: 0.800471, Area: 0.889574, Num Con: 3, Reading: 0.233333, outcome score: 0.988197.
[lifelong_slam_toolbox_node-1] [INFO] [1787309233.623873299] [slam_toolbox]: Metric Scores: Initial: 0.989957, IOU: 0.813321, Area: 0.897459, Num Con: 3, Reading: 0.452778, outcome score: 0.988685.
[lifelong_slam_toolbox_node-1] [INFO] [1787309233.623890799] [slam_toolbox]: Metric Scores: Initial: 0.835000, IOU: 0.788374, Area: 0.882067, Num Con: 2, Reading: 0.233333, outcome score: 0.820000.
[lifelong_slam_toolbox_node-1] [INFO] [1787309233.623903799] [slam_toolbox]: Metric Scores: Initial: 1.000000, IOU: 0.935770, Area: 0.966854, Num Con: 2, Reading: 0.700000, outcome score: -1.000000.
[lifelong_slam_toolbox_node-1] [INFO] [1787309233.623916499] [slam_toolbox]: Metric Scores: Initial: 0.824000, IOU: 0.776728, Area: 0.874720, Num Con: 2, Reading: 0.227778, outcome score: 0.809333.
[lifelong_slam_toolbox_node-1] [INFO] [1787309233.623929599] [slam_toolbox]: Metric Scores: Initial: 0.811500, IOU: 0.766506, Area: 0.868202, Num Con: 2, Reading: 0.225000, outcome score: 0.797000.
[lifelong_slam_toolbox_node-1] [INFO] [1787309233.623943699] [slam_toolbox]: Metric Scores: Initial: 0.799333, IOU: 0.756796, Area: 0.861930, Num Con: 2, Reading: 0.222222, outcome score: 0.785000.
[lifelong_slam_toolbox_node-1] [INFO] [1787309234.021271157] [slam_toolbox]: Metric Scores: Initial: 1.000000, IOU: 0.993632, Area: 0.995202, Num Con: 2, Reading: 0.686111, outcome score: -1.000000.
[lifelong_slam_toolbox_node-1] [INFO] [1787309234.021354257] [slam_toolbox]: Metric Scores: Initial: 0.854166, IOU: 0.821350, Area: 0.902333, Num Con: 2, Reading: 0.455556, outcome score: 0.825833.
[lifelong_slam_toolbox_node-1] [INFO] [1787309234.021373957] [slam_toolbox]: Metric Scores: Initial: 0.988197, IOU: 0.797023, Area: 0.887456, Num Con: 3, Reading: 0.233333, outcome score: 0.987031.
[lifelong_slam_toolbox_node-1] [INFO] [1787309234.021386957] [slam_toolbox]: Metric Scores: Initial: 0.988685, IOU: 0.809804, Area: 0.895329, Num Con: 3, Reading: 0.452778, outcome score: 0.987377.
[lifelong_slam_toolbox_node-1] [INFO] [1787309234.021402357] [slam_toolbox]: Metric Scores: Initial: 0.820000, IOU: 0.784993, Area: 0.879962, Num Con: 2, Reading: 0.233333, outcome score: 0.805000.
[lifelong_slam_toolbox_node-1] [INFO] [1787309234.021416357] [slam_toolbox]: Metric Scores: Initial: 0.809333, IOU: 0.773407, Area: 0.872625, Num Con: 2, Reading: 0.227778, outcome score: 0.794667.
[lifelong_slam_toolbox_node-1] [INFO] [1787309234.021430857] [slam_toolbox]: Metric Scores: Initial: 0.797000, IOU: 0.763239, Area: 0.866118, Num Con: 2, Reading: 0.225000, outcome score: 0.782500.
[lifelong_slam_toolbox_node-1] [INFO] [1787309234.021443258] [slam_toolbox]: Metric Scores: Initial: 0.785000, IOU: 0.753581, Area: 0.859855, Num Con: 2, Reading: 0.222222, outcome score: 0.770667.
[lifelong_slam_toolbox_node-1] [INFO] [1787309234.420830126] [slam_toolbox]: Metric Scores: Initial: 0.825833, IOU: 0.819078, Area: 0.900964, Num Con: 2, Reading: 0.455556, outcome score: 0.797500.
[lifelong_slam_toolbox_node-1] [INFO] [1787309234.420926727] [slam_toolbox]: Metric Scores: Initial: 1.000000, IOU: 0.944456, Area: 0.971488, Num Con: 2, Reading: 0.694444, outcome score: -1.000000.
[lifelong_slam_toolbox_node-1] [INFO] [1787309234.420943227] [slam_toolbox]: Metric Scores: Initial: 0.987031, IOU: 0.794836, Area: 0.886102, Num Con: 3, Reading: 0.233333, outcome score: 0.985850.
[lifelong_slam_toolbox_node-1] [INFO] [1787309234.420955427] [slam_toolbox]: Metric Scores: Initial: 0.987377, IOU: 0.807573, Area: 0.893967, Num Con: 3, Reading: 0.452778, outcome score: 0.986034.
[lifelong_slam_toolbox_node-1] [INFO] [1787309234.420968927] [slam_toolbox]: Metric Scores: Initial: 0.805000, IOU: 0.782849, Area: 0.878617, Num Con: 2, Reading: 0.233333, outcome score: 0.790000.
[lifelong_slam_toolbox_node-1] [INFO] [1787309234.420985027] [slam_toolbox]: Metric Scores: Initial: 0.794667, IOU: 0.771300, Area: 0.871286, Num Con: 2, Reading: 0.227778, outcome score: 0.780000.
[lifelong_slam_toolbox_node-1] [INFO] [1787309234.420999527] [slam_toolbox]: Metric Scores: Initial: 0.782500, IOU: 0.761166, Area: 0.864785, Num Con: 2, Reading: 0.225000, outcome score: 0.768000.
[lifelong_slam_toolbox_node-1] [INFO] [1787309234.421013227] [slam_toolbox]: Metric Scores: Initial: 0.770667, IOU: 0.751540, Area: 0.858529, Num Con: 2, Reading: 0.222222, outcome score: 0.756333.
[lifelong_slam_toolbox_node-1] [INFO] [1787309234.834170071] [slam_toolbox]: Metric Scores: Initial: 0.993353, IOU: 0.992967, Area: 0.994823, Num Con: 2, Reading: 0.683333, outcome score: -1.000000.
[lifelong_slam_toolbox_node-1] [INFO] [1787309234.834306071] [slam_toolbox]: Metric Scores: Initial: 0.797500, IOU: 0.816178, Area: 0.899211, Num Con: 2, Reading: 0.455556, outcome score: 0.769166.
[lifelong_slam_toolbox_node-1] [INFO] [1787309234.834323372] [slam_toolbox]: Metric Scores: Initial: 0.985850, IOU: 0.792050, Area: 0.884372, Num Con: 3, Reading: 0.233333, outcome score: 0.984652.
[lifelong_slam_toolbox_node-1] [INFO] [1787309234.834339472] [slam_toolbox]: Metric Scores: Initial: 0.986034, IOU: 0.804730, Area: 0.892227, Num Con: 3, Reading: 0.452778, outcome score: 0.984655.
[lifelong_slam_toolbox_node-1] [INFO] [1787309234.834353472] [slam_toolbox]: Metric Scores: Initial: 0.790000, IOU: 0.780119, Area: 0.876899, Num Con: 2, Reading: 0.233333, outcome score: 0.775000.
[lifelong_slam_toolbox_node-1] [INFO] [1787309234.834385472] [slam_toolbox]: Metric Scores: Initial: 0.780000, IOU: 0.768618, Area: 0.869576, Num Con: 2, Reading: 0.227778, outcome score: 0.765333.
[lifelong_slam_toolbox_node-1] [INFO] [1787309234.834399972] [slam_toolbox]: Metric Scores: Initial: 0.768000, IOU: 0.758529, Area: 0.863085, Num Con: 2, Reading: 0.225000, outcome score: 0.753500.
[lifelong_slam_toolbox_node-1] [INFO] [1787309234.834414672] [slam_toolbox]: Metric Scores: Initial: 0.756333, IOU: 0.748946, Area: 0.856837, Num Con: 2, Reading: 0.222222, outcome score: 0.742000.
[lifelong_slam_toolbox_node-1] [INFO] [1787309235.226083599] [slam_toolbox]: Metric Scores: Initial: 1.000000, IOU: 0.949808, Area: 0.974283, Num Con: 2, Reading: 0.688889, outcome score: -1.000000.
[lifelong_slam_toolbox_node-1] [INFO] [1787309235.226148799] [slam_toolbox]: Metric Scores: Initial: 0.769166, IOU: 0.811721, Area: 0.896488, Num Con: 2, Reading: 0.455556, outcome score: 0.740833.
[lifelong_slam_toolbox_node-1] [INFO] [1787309235.226165199] [slam_toolbox]: Metric Scores: Initial: 0.984652, IOU: 0.787757, Area: 0.881678, Num Con: 3, Reading: 0.233333, outcome score: 0.983437.
[lifelong_slam_toolbox_node-1] [INFO] [1787309235.226179399] [slam_toolbox]: Metric Scores: Initial: 0.984655, IOU: 0.800353, Area: 0.889519, Num Con: 3, Reading: 0.452778, outcome score: 0.983238.
[lifelong_slam_toolbox_node-1] [INFO] [1787309235.226202499] [slam_toolbox]: Metric Scores: Initial: 0.775000, IOU: 0.775906, Area: 0.874220, Num Con: 2, Reading: 0.233333, outcome score: 0.760000.
[lifelong_slam_toolbox_node-1] [INFO] [1787309235.226217700] [slam_toolbox]: Metric Scores: Initial: 0.765333, IOU: 0.764478, Area: 0.866909, Num Con: 2, Reading: 0.227778, outcome score: 0.750667.
[lifelong_slam_toolbox_node-1] [INFO] [1787309235.226231400] [slam_toolbox]: Metric Scores: Initial: 0.753500, IOU: 0.754455, Area: 0.860430, Num Con: 2, Reading: 0.225000, outcome score: 0.739000.
[lifelong_slam_toolbox_node-1] [INFO] [1787309235.226244200] [slam_toolbox]: Metric Scores: Initial: 0.742000, IOU: 0.744934, Area: 0.854194, Num Con: 2, Reading: 0.222222, outcome score: 0.727667.
[lifelong_slam_toolbox_node-1] 
[lifelong_slam_toolbox_node-1] Solver Summary (v 2.2.0-eigen-(3.4.0)-lapack-suitesparse-(7.6.1)-eigensparse)
[lifelong_slam_toolbox_node-1] 
[lifelong_slam_toolbox_node-1]                                      Original                  Reduced
[lifelong_slam_toolbox_node-1] Parameter blocks                          174                       72
[lifelong_slam_toolbox_node-1] Parameters                                174                       72
[lifelong_slam_toolbox_node-1] Residual blocks                            26                       26
[lifelong_slam_toolbox_node-1] Residuals                                  78                       78
[lifelong_slam_toolbox_node-1] 
[lifelong_slam_toolbox_node-1] Minimizer                        TRUST_REGION
[lifelong_slam_toolbox_node-1] Trust region strategy     LEVENBERG_MARQUARDT
[lifelong_slam_toolbox_node-1] Sparse linear algebra library    SUITE_SPARSE 
[lifelong_slam_toolbox_node-1] 
[lifelong_slam_toolbox_node-1]                                         Given                     Used
[lifelong_slam_toolbox_node-1] Linear solver          SPARSE_NORMAL_CHOLESKY   SPARSE_NORMAL_CHOLESKY
[lifelong_slam_toolbox_node-1] Threads                                    50                        8
[lifelong_slam_toolbox_node-1] Linear solver ordering              AUTOMATIC                       72
[lifelong_slam_toolbox_node-1] 
[lifelong_slam_toolbox_node-1] Cost:
[lifelong_slam_toolbox_node-1] Initial                          2.756309e-02
[lifelong_slam_toolbox_node-1] Final                            1.096692e-06
[lifelong_slam_toolbox_node-1] Change                           2.756200e-02
[lifelong_slam_toolbox_node-1] 
[lifelong_slam_toolbox_node-1] Minimizer iterations                        2
[lifelong_slam_toolbox_node-1] Successful steps                            2
[lifelong_slam_toolbox_node-1] Unsuccessful steps                          0
[lifelong_slam_toolbox_node-1] 
[lifelong_slam_toolbox_node-1] Time (in seconds):
[lifelong_slam_toolbox_node-1] Preprocessor                         0.000184
[lifelong_slam_toolbox_node-1] 
[lifelong_slam_toolbox_node-1]   Residual only evaluation           0.000047 (2)
[lifelong_slam_toolbox_node-1]   Jacobian & residual evaluation     0.000125 (2)
[lifelong_slam_toolbox_node-1]   Linear solver                      0.000209 (2)
[lifelong_slam_toolbox_node-1] Minimizer                            0.000502
[lifelong_slam_toolbox_node-1] 
[lifelong_slam_toolbox_node-1] Postprocessor                        0.000014
[lifelong_slam_toolbox_node-1] Total                                0.000700
[lifelong_slam_toolbox_node-1] 
[lifelong_slam_toolbox_node-1] Termination:                      CONVERGENCE (Parameter tolerance reached. Relative step_norm: 3.202345e-05 <= 1.000000e-03.)
[lifelong_slam_toolbox_node-1] 
[lifelong_slam_toolbox_node-1] [INFO] [1787309235.627766780] [slam_toolbox]: Metric Scores: Initial: 1.000000, IOU: 0.955869, Area: 0.977492, Num Con: 2, Reading: 0.688889, outcome score: -1.000000.
[lifelong_slam_toolbox_node-1] [INFO] [1787309235.627842680] [slam_toolbox]: Metric Scores: Initial: 0.740833, IOU: 0.811340, Area: 0.896272, Num Con: 2, Reading: 0.455556, outcome score: 0.712500.
[lifelong_slam_toolbox_node-1] [INFO] [1787309235.627861780] [slam_toolbox]: Metric Scores: Initial: 0.983437, IOU: 0.787400, Area: 0.881471, Num Con: 3, Reading: 0.233333, outcome score: 0.982205.
[lifelong_slam_toolbox_node-1] [INFO] [1787309235.627878781] [slam_toolbox]: Metric Scores: Initial: 0.983238, IOU: 0.799985, Area: 0.889308, Num Con: 3, Reading: 0.452778, outcome score: 0.981783.
[lifelong_slam_toolbox_node-1] [INFO] [1787309235.627893681] [slam_toolbox]: Metric Scores: Initial: 0.760000, IOU: 0.775561, Area: 0.874017, Num Con: 2, Reading: 0.233333, outcome score: 0.745000.
[lifelong_slam_toolbox_node-1] [INFO] [1787309235.627909481] [slam_toolbox]: Metric Scores: Initial: 0.750667, IOU: 0.764142, Area: 0.866709, Num Con: 2, Reading: 0.227778, outcome score: 0.736000.
[lifelong_slam_toolbox_node-1] [INFO] [1787309235.627925281] [slam_toolbox]: Metric Scores: Initial: 0.739000, IOU: 0.754127, Area: 0.860232, Num Con: 2, Reading: 0.225000, outcome score: 0.724500.
[lifelong_slam_toolbox_node-1] [INFO] [1787309235.627940481] [slam_toolbox]: Metric Scores: Initial: 0.727667, IOU: 0.744614, Area: 0.854000, Num Con: 2, Reading: 0.222222, outcome score: 0.713333.
[lifelong_slam_toolbox_node-1] W20260821 10:47:16.055326 600212 preprocessor.cc:67] Specified options.num_threads: 50 exceeds maximum available from the threading model Ceres was compiled with: 8.  Bounding to maximum number available.
[lifelong_slam_toolbox_node-1] [INFO] [1787309236.056656809] [slam_toolbox]: Metric Scores: Initial: 0.712500, IOU: 0.808474, Area: 0.894511, Num Con: 2, Reading: 0.455556, outcome score: 0.684166.
[lifelong_slam_toolbox_node-1] [INFO] [1787309236.056705709] [slam_toolbox]: Metric Scores: Initial: 0.982205, IOU: 0.784653, Area: 0.879738, Num Con: 3, Reading: 0.233333, outcome score: 0.980956.
[lifelong_slam_toolbox_node-1] [INFO] [1787309236.056716209] [slam_toolbox]: Metric Scores: Initial: 0.981783, IOU: 0.797179, Area: 0.887562, Num Con: 3, Reading: 0.452778, outcome score: 0.980288.
[lifelong_slam_toolbox_node-1] [INFO] [1787309236.056727709] [slam_toolbox]: Metric Scores: Initial: 0.745000, IOU: 0.772871, Area: 0.872297, Num Con: 2, Reading: 0.233333, outcome score: 0.730000.
[lifelong_slam_toolbox_node-1] [INFO] [1787309236.056740509] [slam_toolbox]: Metric Scores: Initial: 0.736000, IOU: 0.761499, Area: 0.864998, Num Con: 2, Reading: 0.227778, outcome score: 0.721333.
[lifelong_slam_toolbox_node-1] [INFO] [1787309236.056751409] [slam_toolbox]: Metric Scores: Initial: 0.724500, IOU: 0.751529, Area: 0.858531, Num Con: 2, Reading: 0.225000, outcome score: 0.710000.
[lifelong_slam_toolbox_node-1] [INFO] [1787309236.056769709] [slam_toolbox]: Metric Scores: Initial: 0.713333, IOU: 0.742060, Area: 0.852309, Num Con: 2, Reading: 0.222222, outcome score: 0.699000.
[lifelong_slam_toolbox_node-1] [INFO] [1787309236.421960892] [slam_toolbox]: Metric Scores: Initial: 0.684166, IOU: 0.805916, Area: 0.892947, Num Con: 2, Reading: 0.455556, outcome score: 0.655833.
[lifelong_slam_toolbox_node-1] [INFO] [1787309236.422016193] [slam_toolbox]: Metric Scores: Initial: 0.980956, IOU: 0.782198, Area: 0.878197, Num Con: 3, Reading: 0.233333, outcome score: 0.979689.
[lifelong_slam_toolbox_node-1] [INFO] [1787309236.422027993] [slam_toolbox]: Metric Scores: Initial: 0.980288, IOU: 0.794673, Area: 0.886011, Num Con: 3, Reading: 0.452778, outcome score: 0.978752.
[lifelong_slam_toolbox_node-1] [INFO] [1787309236.422040493] [slam_toolbox]: Metric Scores: Initial: 0.730000, IOU: 0.770467, Area: 0.870768, Num Con: 2, Reading: 0.233333, outcome score: 0.715000.
[lifelong_slam_toolbox_node-1] [INFO] [1787309236.422054493] [slam_toolbox]: Metric Scores: Initial: 0.721333, IOU: 0.759138, Area: 0.863477, Num Con: 2, Reading: 0.227778, outcome score: 0.706667.
[lifelong_slam_toolbox_node-1] [INFO] [1787309236.422066193] [slam_toolbox]: Metric Scores: Initial: 0.710000, IOU: 0.749208, Area: 0.857019, Num Con: 2, Reading: 0.225000, outcome score: 0.695500.
[lifelong_slam_toolbox_node-1] [INFO] [1787309236.422078493] [slam_toolbox]: Metric Scores: Initial: 0.699000, IOU: 0.739777, Area: 0.850806, Num Con: 2, Reading: 0.222222, outcome score: 0.684667.
[lifelong_slam_toolbox_node-1] [INFO] [1787309236.422091593] [slam_toolbox]: Metric Scores: Initial: 1.000000, IOU: 0.957975, Area: 0.978565, Num Con: 2, Reading: 0.688889, outcome score: -1.000000.
[lifelong_slam_toolbox_node-1] [INFO] [1787309236.821840064] [slam_toolbox]: Metric Scores: Initial: 1.000000, IOU: 0.996770, Area: 0.996770, Num Con: 2, Reading: 0.686111, outcome score: -1.000000.
[lifelong_slam_toolbox_node-1] [INFO] [1787309236.821909464] [slam_toolbox]: Metric Scores: Initial: 0.655833, IOU: 0.806584, Area: 0.893360, Num Con: 2, Reading: 0.455556, outcome score: 0.627500.
[lifelong_slam_toolbox_node-1] [INFO] [1787309236.821969064] [slam_toolbox]: Metric Scores: Initial: 0.979689, IOU: 0.782855, Area: 0.878614, Num Con: 3, Reading: 0.233333, outcome score: 0.978405.
[lifelong_slam_toolbox_node-1] [INFO] [1787309236.821981164] [slam_toolbox]: Metric Scores: Initial: 0.978752, IOU: 0.795338, Area: 0.886427, Num Con: 3, Reading: 0.452778, outcome score: 0.977175.
[lifelong_slam_toolbox_node-1] [INFO] [1787309236.821994564] [slam_toolbox]: Metric Scores: Initial: 0.715000, IOU: 0.771119, Area: 0.871188, Num Con: 2, Reading: 0.233333, outcome score: 0.700000.
[lifelong_slam_toolbox_node-1] [INFO] [1787309236.822007965] [slam_toolbox]: Metric Scores: Initial: 0.706667, IOU: 0.759782, Area: 0.863896, Num Con: 2, Reading: 0.227778, outcome score: 0.692000.
[lifelong_slam_toolbox_node-1] [INFO] [1787309236.822020865] [slam_toolbox]: Metric Scores: Initial: 0.695500, IOU: 0.749846, Area: 0.857438, Num Con: 2, Reading: 0.225000, outcome score: 0.681000.
[lifelong_slam_toolbox_node-1] [INFO] [1787309236.822036365] [slam_toolbox]: Metric Scores: Initial: 0.684667, IOU: 0.740409, Area: 0.851226, Num Con: 2, Reading: 0.222222, outcome score: 0.670333.
[lifelong_slam_toolbox_node-1] [INFO] [1787309237.221397533] [slam_toolbox]: Metric Scores: Initial: 0.627500, IOU: 0.804765, Area: 0.892247, Num Con: 2, Reading: 0.455556, outcome score: 0.599166.
[lifelong_slam_toolbox_node-1] [INFO] [1787309237.221456133] [slam_toolbox]: Metric Scores: Initial: 0.978405, IOU: 0.781114, Area: 0.877520, Num Con: 3, Reading: 0.233333, outcome score: 0.977103.
[lifelong_slam_toolbox_node-1] [INFO] [1787309237.221468034] [slam_toolbox]: Metric Scores: Initial: 0.977175, IOU: 0.793559, Area: 0.885325, Num Con: 3, Reading: 0.452778, outcome score: 0.975555.
[lifelong_slam_toolbox_node-1] [INFO] [1787309237.221481334] [slam_toolbox]: Metric Scores: Initial: 0.700000, IOU: 0.769416, Area: 0.870103, Num Con: 2, Reading: 0.233333, outcome score: 0.685000.
[lifelong_slam_toolbox_node-1] [INFO] [1787309237.221494134] [slam_toolbox]: Metric Scores: Initial: 0.692000, IOU: 0.758110, Area: 0.862817, Num Con: 2, Reading: 0.227778, outcome score: 0.677333.
[lifelong_slam_toolbox_node-1] [INFO] [1787309237.221507034] [slam_toolbox]: Metric Scores: Initial: 0.681000, IOU: 0.748204, Area: 0.856367, Num Con: 2, Reading: 0.225000, outcome score: 0.666500.
[lifelong_slam_toolbox_node-1] [INFO] [1787309237.221516634] [slam_toolbox]: Metric Scores: Initial: 1.000000, IOU: 0.946234, Area: 0.972411, Num Con: 2, Reading: 0.683333, outcome score: -1.000000.
[lifelong_slam_toolbox_node-1] [INFO] [1787309237.221527034] [slam_toolbox]: Metric Scores: Initial: 0.670333, IOU: 0.738795, Area: 0.850162, Num Con: 2, Reading: 0.222222, outcome score: 0.656000.
[lifelong_slam_toolbox_node-1] [INFO] [1787309237.622302510] [slam_toolbox]: Metric Scores: Initial: 0.599166, IOU: 0.803496, Area: 0.891484, Num Con: 2, Reading: 0.455556, outcome score: 0.570833.
[lifelong_slam_toolbox_node-1] [INFO] [1787309237.622366110] [slam_toolbox]: Metric Scores: Initial: 0.977103, IOU: 0.779910, Area: 0.876777, Num Con: 3, Reading: 0.233333, outcome score: 0.975782.
[lifelong_slam_toolbox_node-1] [INFO] [1787309237.622376410] [slam_toolbox]: Metric Scores: Initial: 0.975555, IOU: 0.792325, Area: 0.884573, Num Con: 3, Reading: 0.452778, outcome score: 0.973891.
[lifelong_slam_toolbox_node-1] [INFO] [1787309237.622397211] [slam_toolbox]: Metric Scores: Initial: 0.685000, IOU: 0.768245, Area: 0.869371, Num Con: 2, Reading: 0.233333, outcome score: 0.670000.
[lifelong_slam_toolbox_node-1] [INFO] [1787309237.622411211] [slam_toolbox]: Metric Scores: Initial: 0.677333, IOU: 0.756961, Area: 0.862090, Num Con: 2, Reading: 0.227778, outcome score: 0.662667.
[lifelong_slam_toolbox_node-1] [INFO] [1787309237.622420911] [slam_toolbox]: Metric Scores: Initial: 0.666500, IOU: 0.747079, Area: 0.855647, Num Con: 2, Reading: 0.225000, outcome score: 0.652000.
[lifelong_slam_toolbox_node-1] [INFO] [1787309237.622430311] [slam_toolbox]: Metric Scores: Initial: 0.656000, IOU: 0.737693, Area: 0.849449, Num Con: 2, Reading: 0.222222, outcome score: 0.641667.
[lifelong_slam_toolbox_node-1] [INFO] [1787309238.021823879] [slam_toolbox]: Metric Scores: Initial: 0.570833, IOU: 0.805147, Area: 0.892485, Num Con: 2, Reading: 0.455556, outcome score: 0.542500.
[lifelong_slam_toolbox_node-1] [INFO] [1787309238.021880880] [slam_toolbox]: Metric Scores: Initial: 0.975782, IOU: 0.781511, Area: 0.877775, Num Con: 3, Reading: 0.233333, outcome score: 0.974443.
[lifelong_slam_toolbox_node-1] [INFO] [1787309238.021891880] [slam_toolbox]: Metric Scores: Initial: 0.973891, IOU: 0.793953, Area: 0.885574, Num Con: 3, Reading: 0.452778, outcome score: 0.972181.
[lifelong_slam_toolbox_node-1] [INFO] [1787309238.021905180] [slam_toolbox]: Metric Scores: Initial: 0.670000, IOU: 0.769822, Area: 0.870367, Num Con: 2, Reading: 0.233333, outcome score: 0.655000.
[lifelong_slam_toolbox_node-1] [INFO] [1787309238.021957680] [slam_toolbox]: Metric Scores: Initial: 1.000000, IOU: 0.944171, Area: 0.971297, Num Con: 2, Reading: 0.683333, outcome score: -1.000000.
[lifelong_slam_toolbox_node-1] [INFO] [1787309238.021969180] [slam_toolbox]: Metric Scores: Initial: 0.662667, IOU: 0.758513, Area: 0.863082, Num Con: 2, Reading: 0.227778, outcome score: 0.648000.
[lifelong_slam_toolbox_node-1] [INFO] [1787309238.021978680] [slam_toolbox]: Metric Scores: Initial: 0.652000, IOU: 0.748609, Area: 0.856637, Num Con: 2, Reading: 0.225000, outcome score: 0.637500.
[lifelong_slam_toolbox_node-1] [INFO] [1787309238.021988280] [slam_toolbox]: Metric Scores: Initial: 0.641667, IOU: 0.739204, Area: 0.850436, Num Con: 2, Reading: 0.222222, outcome score: 0.627333.
[lifelong_slam_toolbox_node-1] [INFO] [1787309238.422371254] [slam_toolbox]: Metric Scores: Initial: 0.542500, IOU: 0.805505, Area: 0.892692, Num Con: 2, Reading: 0.455556, outcome score: 0.514166.
[lifelong_slam_toolbox_node-1] [INFO] [1787309238.422427055] [slam_toolbox]: Metric Scores: Initial: 0.974443, IOU: 0.781877, Area: 0.877991, Num Con: 3, Reading: 0.233333, outcome score: 0.973085.
[lifelong_slam_toolbox_node-1] [INFO] [1787309238.422438955] [slam_toolbox]: Metric Scores: Initial: 0.972181, IOU: 0.794319, Area: 0.885787, Num Con: 3, Reading: 0.452778, outcome score: 0.970426.
[lifelong_slam_toolbox_node-1] [INFO] [1787309238.422448855] [slam_toolbox]: Metric Scores: Initial: 0.655000, IOU: 0.770191, Area: 0.870589, Num Con: 2, Reading: 0.233333, outcome score: 0.640000.
[lifelong_slam_toolbox_node-1] [INFO] [1787309238.422458255] [slam_toolbox]: Metric Scores: Initial: 0.648000, IOU: 0.758879, Area: 0.863306, Num Con: 2, Reading: 0.227778, outcome score: 0.633333.
[lifelong_slam_toolbox_node-1] [INFO] [1787309238.422467555] [slam_toolbox]: Metric Scores: Initial: 0.637500, IOU: 0.748975, Area: 0.856863, Num Con: 2, Reading: 0.225000, outcome score: 0.623000.
[lifelong_slam_toolbox_node-1] [INFO] [1787309238.422477855] [slam_toolbox]: Metric Scores: Initial: 0.627333, IOU: 0.739571, Area: 0.850666, Num Con: 2, Reading: 0.222222, outcome score: 0.613000.
[lifelong_slam_toolbox_node-1] [INFO] [1787309238.821931624] [slam_toolbox]: Metric Scores: Initial: 0.514166, IOU: 0.806994, Area: 0.893628, Num Con: 2, Reading: 0.455556, outcome score: 0.485833.
[lifelong_slam_toolbox_node-1] [INFO] [1787309238.821981324] [slam_toolbox]: Metric Scores: Initial: 1.000000, IOU: 0.939448, Area: 0.968795, Num Con: 2, Reading: 0.680556, outcome score: -1.000000.
[lifelong_slam_toolbox_node-1] [INFO] [1787309238.821992624] [slam_toolbox]: Metric Scores: Initial: 0.973085, IOU: 0.783327, Area: 0.878927, Num Con: 3, Reading: 0.233333, outcome score: 0.971708.
[lifelong_slam_toolbox_node-1] [INFO] [1787309238.822002624] [slam_toolbox]: Metric Scores: Initial: 0.970426, IOU: 0.795791, Area: 0.886725, Num Con: 3, Reading: 0.452778, outcome score: 0.968622.
[lifelong_slam_toolbox_node-1] [INFO] [1787309238.822013824] [slam_toolbox]: Metric Scores: Initial: 0.640000, IOU: 0.771623, Area: 0.871525, Num Con: 2, Reading: 0.233333, outcome score: 0.625000.
[lifelong_slam_toolbox_node-1] [INFO] [1787309238.822023524] [slam_toolbox]: Metric Scores: Initial: 0.633333, IOU: 0.760288, Area: 0.864239, Num Con: 2, Reading: 0.227778, outcome score: 0.618667.
[lifelong_slam_toolbox_node-1] [INFO] [1787309238.822034824] [slam_toolbox]: Metric Scores: Initial: 0.623000, IOU: 0.750367, Area: 0.857795, Num Con: 2, Reading: 0.225000, outcome score: 0.608500.
[lifelong_slam_toolbox_node-1] [INFO] [1787309238.822044324] [slam_toolbox]: Metric Scores: Initial: 0.613000, IOU: 0.740946, Area: 0.851596, Num Con: 2, Reading: 0.222222, outcome score: 0.598667.
[lifelong_slam_toolbox_node-1] [INFO] [1787309239.221868295] [slam_toolbox]: Metric Scores: Initial: 0.485833, IOU: 0.807250, Area: 0.893755, Num Con: 2, Reading: 0.455556, outcome score: 0.457500.
[lifelong_slam_toolbox_node-1] [INFO] [1787309239.221925396] [slam_toolbox]: Metric Scores: Initial: 0.971708, IOU: 0.783590, Area: 0.879063, Num Con: 3, Reading: 0.233333, outcome score: 0.970312.
[lifelong_slam_toolbox_node-1] [INFO] [1787309239.221936996] [slam_toolbox]: Metric Scores: Initial: 0.968622, IOU: 0.796053, Area: 0.886858, Num Con: 3, Reading: 0.452778, outcome score: 0.966770.
[lifelong_slam_toolbox_node-1] [INFO] [1787309239.221947596] [slam_toolbox]: Metric Scores: Initial: 0.625000, IOU: 0.771889, Area: 0.871665, Num Con: 2, Reading: 0.233333, outcome score: 0.610000.
[lifelong_slam_toolbox_node-1] [INFO] [1787309239.221957896] [slam_toolbox]: Metric Scores: Initial: 0.618667, IOU: 0.760552, Area: 0.864380, Num Con: 2, Reading: 0.227778, outcome score: 0.604000.
[lifelong_slam_toolbox_node-1] [INFO] [1787309239.222167997] [slam_toolbox]: Metric Scores: Initial: 0.608500, IOU: 0.750631, Area: 0.857939, Num Con: 2, Reading: 0.225000, outcome score: 0.594000.
[lifelong_slam_toolbox_node-1] [INFO] [1787309239.222180097] [slam_toolbox]: Metric Scores: Initial: 0.598667, IOU: 0.741212, Area: 0.851743, Num Con: 2, Reading: 0.222222, outcome score: 0.584333.
[lifelong_slam_toolbox_node-1] [INFO] [1787309239.621267264] [slam_toolbox]: Metric Scores: Initial: 1.000000, IOU: 0.934445, Area: 0.966117, Num Con: 2, Reading: 0.683333, outcome score: -1.000000.
[lifelong_slam_toolbox_node-1] [INFO] [1787309239.621328964] [slam_toolbox]: Metric Scores: Initial: 0.457500, IOU: 0.809609, Area: 0.895222, Num Con: 2, Reading: 0.455556, outcome score: 0.429166.
[lifelong_slam_toolbox_node-1] [INFO] [1787309239.621340864] [slam_toolbox]: Metric Scores: Initial: 0.970312, IOU: 0.785886, Area: 0.880528, Num Con: 3, Reading: 0.233333, outcome score: 0.968897.
[lifelong_slam_toolbox_node-1] [INFO] [1787309239.621351764] [slam_toolbox]: Metric Scores: Initial: 0.966770, IOU: 0.798386, Area: 0.888326, Num Con: 3, Reading: 0.452778, outcome score: 0.964867.
[lifelong_slam_toolbox_node-1] [INFO] [1787309239.621361064] [slam_toolbox]: Metric Scores: Initial: 0.610000, IOU: 0.774155, Area: 0.873130, Num Con: 2, Reading: 0.233333, outcome score: 0.595000.
[lifelong_slam_toolbox_node-1] [INFO] [1787309239.621378564] [slam_toolbox]: Metric Scores: Initial: 0.604000, IOU: 0.762781, Area: 0.865840, Num Con: 2, Reading: 0.227778, outcome score: 0.589333.
[lifelong_slam_toolbox_node-1] [INFO] [1787309239.621388165] [slam_toolbox]: Metric Scores: Initial: 0.594000, IOU: 0.752833, Area: 0.859397, Num Con: 2, Reading: 0.225000, outcome score: 0.579500.
[lifelong_slam_toolbox_node-1] [INFO] [1787309239.621397165] [slam_toolbox]: Metric Scores: Initial: 0.584333, IOU: 0.743387, Area: 0.853199, Num Con: 2, Reading: 0.222222, outcome score: 0.570000.
[lifelong_slam_toolbox_node-1] [INFO] [1787309240.021864939] [slam_toolbox]: Metric Scores: Initial: 1.000000, IOU: 0.996739, Area: 0.996739, Num Con: 2, Reading: 0.686111, outcome score: -1.000000.
[lifelong_slam_toolbox_node-1] [INFO] [1787309240.021957140] [slam_toolbox]: Metric Scores: Initial: 1.000000, IOU: 0.936471, Area: 0.967215, Num Con: 3, Reading: 0.683333, outcome score: 0.999000.
[lifelong_slam_toolbox_node-1] [INFO] [1787309240.021982540] [slam_toolbox]: Metric Scores: Initial: 0.429166, IOU: 0.810681, Area: 0.895880, Num Con: 2, Reading: 0.455556, outcome score: 0.400833.
[lifelong_slam_toolbox_node-1] [INFO] [1787309240.021998340] [slam_toolbox]: Metric Scores: Initial: 0.968897, IOU: 0.786931, Area: 0.881187, Num Con: 3, Reading: 0.233333, outcome score: 0.967461.
[lifelong_slam_toolbox_node-1] [INFO] [1787309240.022012040] [slam_toolbox]: Metric Scores: Initial: 0.964867, IOU: 0.799447, Area: 0.888985, Num Con: 3, Reading: 0.452778, outcome score: 0.962913.
[lifelong_slam_toolbox_node-1] [INFO] [1787309240.022022440] [slam_toolbox]: Metric Scores: Initial: 0.595000, IOU: 0.775187, Area: 0.873790, Num Con: 2, Reading: 0.233333, outcome score: 0.580000.
[lifelong_slam_toolbox_node-1] [INFO] [1787309240.022032540] [slam_toolbox]: Metric Scores: Initial: 0.589333, IOU: 0.763798, Area: 0.866498, Num Con: 2, Reading: 0.227778, outcome score: 0.574667.
[lifelong_slam_toolbox_node-1] [INFO] [1787309240.022043640] [slam_toolbox]: Metric Scores: Initial: 0.579500, IOU: 0.753837, Area: 0.860054, Num Con: 2, Reading: 0.225000, outcome score: 0.565000.
[lifelong_slam_toolbox_node-1] [INFO] [1787309240.022054240] [slam_toolbox]: Metric Scores: Initial: 0.570000, IOU: 0.744380, Area: 0.853856, Num Con: 2, Reading: 0.222222, outcome score: 0.555667.
[lifelong_slam_toolbox_node-1] [INFO] [1787309240.422221513] [slam_toolbox]: Metric Scores: Initial: 1.000000, IOU: 0.935198, Area: 0.966508, Num Con: 2, Reading: 0.686111, outcome score: -1.000000.
[lifelong_slam_toolbox_node-1] [INFO] [1787309240.422274813] [slam_toolbox]: Metric Scores: Initial: 0.999000, IOU: 0.928884, Area: 0.963129, Num Con: 3, Reading: 0.683333, outcome score: 0.997959.
[lifelong_slam_toolbox_node-1] [INFO] [1787309240.422291213] [slam_toolbox]: Metric Scores: Initial: 0.400833, IOU: 0.813401, Area: 0.897515, Num Con: 2, Reading: 0.455556, outcome score: 0.372500.
[lifelong_slam_toolbox_node-1] [INFO] [1787309240.422301113] [slam_toolbox]: Metric Scores: Initial: 0.967461, IOU: 0.789575, Area: 0.882820, Num Con: 3, Reading: 0.233333, outcome score: 0.966006.
[lifelong_slam_toolbox_node-1] [INFO] [1787309240.422311213] [slam_toolbox]: Metric Scores: Initial: 0.962913, IOU: 0.802134, Area: 0.890622, Num Con: 3, Reading: 0.452778, outcome score: 0.960905.
[lifelong_slam_toolbox_node-1] [INFO] [1787309240.422321813] [slam_toolbox]: Metric Scores: Initial: 0.580000, IOU: 0.777795, Area: 0.875422, Num Con: 2, Reading: 0.233333, outcome score: 0.565000.
[lifelong_slam_toolbox_node-1] [INFO] [1787309240.422391414] [slam_toolbox]: Metric Scores: Initial: 0.574667, IOU: 0.766364, Area: 0.868124, Num Con: 2, Reading: 0.227778, outcome score: 0.560000.
[lifelong_slam_toolbox_node-1] [INFO] [1787309240.422402014] [slam_toolbox]: Metric Scores: Initial: 0.565000, IOU: 0.756370, Area: 0.861678, Num Con: 2, Reading: 0.225000, outcome score: 0.550500.
[lifelong_slam_toolbox_node-1] [INFO] [1787309240.422411914] [slam_toolbox]: Metric Scores: Initial: 0.555667, IOU: 0.746881, Area: 0.855478, Num Con: 2, Reading: 0.222222, outcome score: 0.541333.
[lifelong_slam_toolbox_node-1] 
[lifelong_slam_toolbox_node-1] Solver Summary (v 2.2.0-eigen-(3.4.0)-lapack-suitesparse-(7.6.1)-eigensparse)
[lifelong_slam_toolbox_node-1] 
[lifelong_slam_toolbox_node-1]                                      Original                  Reduced
[lifelong_slam_toolbox_node-1] Parameter blocks                          177                       72
[lifelong_slam_toolbox_node-1] Parameters                                177                       72
[lifelong_slam_toolbox_node-1] Residual blocks                            25                       25
[lifelong_slam_toolbox_node-1] Residuals                                  75                       75
[lifelong_slam_toolbox_node-1] 
[lifelong_slam_toolbox_node-1] Minimizer                        TRUST_REGION
[lifelong_slam_toolbox_node-1] Trust region strategy     LEVENBERG_MARQUARDT
[lifelong_slam_toolbox_node-1] Sparse linear algebra library    SUITE_SPARSE 
[lifelong_slam_toolbox_node-1] 
[lifelong_slam_toolbox_node-1]                                         Given                     Used
[lifelong_slam_toolbox_node-1] Linear solver          SPARSE_NORMAL_CHOLESKY   SPARSE_NORMAL_CHOLESKY
[lifelong_slam_toolbox_node-1] Threads                                    50                        8
[lifelong_slam_toolbox_node-1] Linear solver ordering              AUTOMATIC                       72
[lifelong_slam_toolbox_node-1] 
[lifelong_slam_toolbox_node-1] Cost:
[lifelong_slam_toolbox_node-1] Initial                          5.496604e-02
[lifelong_slam_toolbox_node-1] Final                            2.277314e-06
[lifelong_slam_toolbox_node-1] Change                           5.496376e-02
[lifelong_slam_toolbox_node-1] 
[lifelong_slam_toolbox_node-1] Minimizer iterations                        2
[lifelong_slam_toolbox_node-1] Successful steps                            2
[lifelong_slam_toolbox_node-1] Unsuccessful steps                          0
[lifelong_slam_toolbox_node-1] 
[lifelong_slam_toolbox_node-1] Time (in seconds):
[lifelong_slam_toolbox_node-1] Preprocessor                         0.000193
[lifelong_slam_toolbox_node-1] 
[lifelong_slam_toolbox_node-1]   Residual only evaluation           0.000041 (2)
[lifelong_slam_toolbox_node-1]   Jacobian & residual evaluation     0.000138 (2)
[lifelong_slam_toolbox_node-1]   Linear solver                      0.000163 (2)
[lifelong_slam_toolbox_node-1] Minimizer                            0.000441
[lifelong_slam_toolbox_node-1] 
[lifelong_slam_toolbox_node-1] Postprocessor                        0.000013
[lifelong_slam_toolbox_node-1] Total                                0.000647
[lifelong_slam_toolbox_node-1] 
[lifelong_slam_toolbox_node-1] Termination:                      CONVERGENCE (Parameter tolerance reached. Relative step_norm: 5.477593e-05 <= 1.000000e-03.)
[lifelong_slam_toolbox_node-1] 
[lifelong_slam_toolbox_node-1] W20260821 10:47:20.851699 600212 preprocessor.cc:67] Specified options.num_threads: 50 exceeds maximum available from the threading model Ceres was compiled with: 8.  Bounding to maximum number available.
[lifelong_slam_toolbox_node-1] [INFO] [1787309240.853101152] [slam_toolbox]: Metric Scores: Initial: 1.000000, IOU: 0.996827, Area: 0.996827, Num Con: 2, Reading: 0.686111, outcome score: -1.000000.
[lifelong_slam_toolbox_node-1] [INFO] [1787309240.853157353] [slam_toolbox]: Metric Scores: Initial: 0.372500, IOU: 0.816644, Area: 0.899487, Num Con: 2, Reading: 0.455556, outcome score: 0.344166.
[lifelong_slam_toolbox_node-1] [INFO] [1787309240.853166653] [slam_toolbox]: Metric Scores: Initial: 0.997959, IOU: 0.924239, Area: 0.960629, Num Con: 2, Reading: 0.683333, outcome score: -1.000000.
[lifelong_slam_toolbox_node-1] [INFO] [1787309240.853178753] [slam_toolbox]: Metric Scores: Initial: 0.966006, IOU: 0.792716, Area: 0.884781, Num Con: 3, Reading: 0.233333, outcome score: 0.964530.
[lifelong_slam_toolbox_node-1] [INFO] [1787309240.853201953] [slam_toolbox]: Metric Scores: Initial: 0.960905, IOU: 0.805330, Area: 0.892589, Num Con: 3, Reading: 0.452778, outcome score: 0.958843.
[lifelong_slam_toolbox_node-1] [INFO] [1787309240.853215453] [slam_toolbox]: Metric Scores: Initial: 0.565000, IOU: 0.780887, Area: 0.877378, Num Con: 2, Reading: 0.233333, outcome score: 0.550000.
[lifelong_slam_toolbox_node-1] [INFO] [1787309240.853229153] [slam_toolbox]: Metric Scores: Initial: 0.560000, IOU: 0.769405, Area: 0.870073, Num Con: 2, Reading: 0.227778, outcome score: 0.545333.
[lifelong_slam_toolbox_node-1] [INFO] [1787309240.853241653] [slam_toolbox]: Metric Scores: Initial: 0.550500, IOU: 0.759369, Area: 0.863621, Num Con: 2, Reading: 0.225000, outcome score: 0.536000.
[lifelong_slam_toolbox_node-1] [INFO] [1787309240.853254653] [slam_toolbox]: Metric Scores: Initial: 0.541333, IOU: 0.749841, Area: 0.857416, Num Con: 2, Reading: 0.222222, outcome score: 0.527000.
[lifelong_slam_toolbox_node-1] [INFO] [1787309241.226005877] [slam_toolbox]: Metric Scores: Initial: 0.344166, IOU: 0.821249, Area: 0.902287, Num Con: 2, Reading: 0.455556, outcome score: 0.315833.
[lifelong_slam_toolbox_node-1] [INFO] [1787309241.226077377] [slam_toolbox]: Metric Scores: Initial: 0.964530, IOU: 0.797178, Area: 0.887567, Num Con: 3, Reading: 0.233333, outcome score: 0.963033.
[lifelong_slam_toolbox_node-1] [INFO] [1787309241.226094377] [slam_toolbox]: Metric Scores: Initial: 0.958843, IOU: 0.809870, Area: 0.895384, Num Con: 3, Reading: 0.452778, outcome score: 0.956725.
[lifelong_slam_toolbox_node-1] [INFO] [1787309241.226112378] [slam_toolbox]: Metric Scores: Initial: 0.550000, IOU: 0.785279, Area: 0.880157, Num Con: 2, Reading: 0.233333, outcome score: 0.535000.
[lifelong_slam_toolbox_node-1] [INFO] [1787309241.226131378] [slam_toolbox]: Metric Scores: Initial: 0.545333, IOU: 0.773725, Area: 0.872842, Num Con: 2, Reading: 0.227778, outcome score: 0.530667.
[lifelong_slam_toolbox_node-1] [INFO] [1787309241.226148278] [slam_toolbox]: Metric Scores: Initial: 0.536000, IOU: 0.763628, Area: 0.866382, Num Con: 2, Reading: 0.225000, outcome score: 0.521500.
[lifelong_slam_toolbox_node-1] [INFO] [1787309241.226165278] [slam_toolbox]: Metric Scores: Initial: 0.527000, IOU: 0.754043, Area: 0.860170, Num Con: 2, Reading: 0.222222, outcome score: 0.512667.
[lifelong_slam_toolbox_node-1] [INFO] [1787309241.226182978] [slam_toolbox]: Metric Scores: Initial: 1.000000, IOU: 0.934761, Area: 0.966289, Num Con: 2, Reading: 0.686111, outcome score: -1.000000.
[lifelong_slam_toolbox_node-1] [INFO] [1787309241.631666180] [slam_toolbox]: Metric Scores: Initial: 0.315833, IOU: 0.823403, Area: 0.903552, Num Con: 2, Reading: 0.455556, outcome score: 0.287500.
[lifelong_slam_toolbox_node-1] [INFO] [1787309241.631734680] [slam_toolbox]: Metric Scores: Initial: 0.963033, IOU: 0.799272, Area: 0.888829, Num Con: 3, Reading: 0.233333, outcome score: 0.961516.
[lifelong_slam_toolbox_node-1] [INFO] [1787309241.631753480] [slam_toolbox]: Metric Scores: Initial: 0.956725, IOU: 0.811998, Area: 0.896649, Num Con: 3, Reading: 0.452778, outcome score: 0.954549.
[lifelong_slam_toolbox_node-1] [INFO] [1787309241.631773280] [slam_toolbox]: Metric Scores: Initial: 0.535000, IOU: 0.787344, Area: 0.881419, Num Con: 2, Reading: 0.233333, outcome score: 0.520000.
[lifelong_slam_toolbox_node-1] [INFO] [1787309241.631793080] [slam_toolbox]: Metric Scores: Initial: 0.530667, IOU: 0.775756, Area: 0.874100, Num Con: 2, Reading: 0.227778, outcome score: 0.516000.
[lifelong_slam_toolbox_node-1] [INFO] [1787309241.631811680] [slam_toolbox]: Metric Scores: Initial: 0.521500, IOU: 0.765632, Area: 0.867638, Num Con: 2, Reading: 0.225000, outcome score: 0.507000.
[lifelong_slam_toolbox_node-1] [INFO] [1787309241.631828880] [slam_toolbox]: Metric Scores: Initial: 0.512667, IOU: 0.756023, Area: 0.861424, Num Con: 2, Reading: 0.222222, outcome score: 0.498333.
[lifelong_slam_toolbox_node-1] [INFO] [1787309241.631839980] [slam_toolbox]: Metric Scores: Initial: 1.000000, IOU: 0.937737, Area: 0.967822, Num Con: 2, Reading: 0.686111, outcome score: -1.000000.
[lifelong_slam_toolbox_node-1] [INFO] [1787309242.029084737] [slam_toolbox]: Metric Scores: Initial: 0.287500, IOU: 0.827850, Area: 0.906242, Num Con: 2, Reading: 0.455556, outcome score: 0.259166.
[lifelong_slam_toolbox_node-1] [INFO] [1787309242.029153038] [slam_toolbox]: Metric Scores: Initial: 0.961516, IOU: 0.803582, Area: 0.891508, Num Con: 3, Reading: 0.233333, outcome score: 0.959977.
[lifelong_slam_toolbox_node-1] [INFO] [1787309242.029169138] [slam_toolbox]: Metric Scores: Initial: 0.954549, IOU: 0.816383, Area: 0.899336, Num Con: 3, Reading: 0.452778, outcome score: 0.952315.
[lifelong_slam_toolbox_node-1] [INFO] [1787309242.029196738] [slam_toolbox]: Metric Scores: Initial: 0.520000, IOU: 0.791589, Area: 0.884092, Num Con: 2, Reading: 0.233333, outcome score: 0.505000.
[lifelong_slam_toolbox_node-1] [INFO] [1787309242.029211638] [slam_toolbox]: Metric Scores: Initial: 0.516000, IOU: 0.779930, Area: 0.876762, Num Con: 2, Reading: 0.227778, outcome score: 0.501333.
[lifelong_slam_toolbox_node-1] [INFO] [1787309242.029224238] [slam_toolbox]: Metric Scores: Initial: 0.507000, IOU: 0.769748, Area: 0.870294, Num Con: 2, Reading: 0.225000, outcome score: 0.492500.
[lifelong_slam_toolbox_node-1] [INFO] [1787309242.029234238] [slam_toolbox]: Metric Scores: Initial: 0.498333, IOU: 0.760085, Area: 0.864074, Num Con: 2, Reading: 0.222222, outcome score: 0.484000.
[lifelong_slam_toolbox_node-1] [INFO] [1787309242.421584368] [slam_toolbox]: Metric Scores: Initial: 1.000000, IOU: 0.996807, Area: 0.996807, Num Con: 2, Reading: 0.686111, outcome score: -1.000000.
[lifelong_slam_toolbox_node-1] [INFO] [1787309242.421661469] [slam_toolbox]: Metric Scores: Initial: 0.259166, IOU: 0.831756, Area: 0.908566, Num Con: 2, Reading: 0.455556, outcome score: 0.230833.
[lifelong_slam_toolbox_node-1] [INFO] [1787309242.421673669] [slam_toolbox]: Metric Scores: Initial: 0.959977, IOU: 0.807361, Area: 0.893817, Num Con: 3, Reading: 0.233333, outcome score: 0.958417.
[lifelong_slam_toolbox_node-1] [INFO] [1787309242.421682869] [slam_toolbox]: Metric Scores: Initial: 0.952315, IOU: 0.820230, Area: 0.901654, Num Con: 3, Reading: 0.452778, outcome score: 0.950019.
[lifelong_slam_toolbox_node-1] [INFO] [1787309242.421696169] [slam_toolbox]: Metric Scores: Initial: 0.505000, IOU: 0.795305, Area: 0.886393, Num Con: 2, Reading: 0.233333, outcome score: 0.490000.
[lifelong_slam_toolbox_node-1] [INFO] [1787309242.421709069] [slam_toolbox]: Metric Scores: Initial: 0.501333, IOU: 0.783584, Area: 0.879055, Num Con: 2, Reading: 0.227778, outcome score: 0.486667.
[lifelong_slam_toolbox_node-1] [INFO] [1787309242.421718169] [slam_toolbox]: Metric Scores: Initial: 1.000000, IOU: 0.938836, Area: 0.968447, Num Con: 3, Reading: 0.683333, outcome score: 0.999000.
[lifelong_slam_toolbox_node-1] [INFO] [1787309242.421726569] [slam_toolbox]: Metric Scores: Initial: 0.492500, IOU: 0.773349, Area: 0.872579, Num Con: 2, Reading: 0.225000, outcome score: 0.478000.
[lifelong_slam_toolbox_node-1] [INFO] [1787309242.421737069] [slam_toolbox]: Metric Scores: Initial: 0.484000, IOU: 0.763635, Area: 0.866352, Num Con: 2, Reading: 0.222222, outcome score: 0.469667.
[lifelong_slam_toolbox_node-1] [INFO] [1787309242.819826231] [slam_toolbox]: Metric Scores: Initial: 0.230833, IOU: 0.837061, Area: 0.911725, Num Con: 2, Reading: 0.455556, outcome score: 0.202500.
[lifelong_slam_toolbox_node-1] [INFO] [1787309242.819884431] [slam_toolbox]: Metric Scores: Initial: 0.958417, IOU: 0.812497, Area: 0.896958, Num Con: 3, Reading: 0.233333, outcome score: 0.956834.
[lifelong_slam_toolbox_node-1] [INFO] [1787309242.819894731] [slam_toolbox]: Metric Scores: Initial: 0.950019, IOU: 0.825457, Area: 0.904806, Num Con: 3, Reading: 0.452778, outcome score: 0.947661.
[lifelong_slam_toolbox_node-1] [INFO] [1787309242.819906431] [slam_toolbox]: Metric Scores: Initial: 0.490000, IOU: 0.800359, Area: 0.889526, Num Con: 2, Reading: 0.233333, outcome score: 0.475000.
[lifelong_slam_toolbox_node-1] [INFO] [1787309242.819916931] [slam_toolbox]: Metric Scores: Initial: 1.000000, IOU: 0.937589, Area: 0.967763, Num Con: 2, Reading: 0.683333, outcome score: -1.000000.
[lifelong_slam_toolbox_node-1] [INFO] [1787309242.819928031] [slam_toolbox]: Metric Scores: Initial: 0.486667, IOU: 0.788553, Area: 0.882176, Num Con: 2, Reading: 0.227778, outcome score: 0.472000.
[lifelong_slam_toolbox_node-1] [INFO] [1787309242.819938631] [slam_toolbox]: Metric Scores: Initial: 0.999000, IOU: 0.932568, Area: 0.965106, Num Con: 3, Reading: 0.683333, outcome score: 0.997959.
[lifelong_slam_toolbox_node-1] [INFO] [1787309242.819948731] [slam_toolbox]: Metric Scores: Initial: 0.478000, IOU: 0.778247, Area: 0.875692, Num Con: 2, Reading: 0.225000, outcome score: 0.463500.
[lifelong_slam_toolbox_node-1] [INFO] [1787309242.819957631] [slam_toolbox]: Metric Scores: Initial: 0.469667, IOU: 0.768466, Area: 0.869456, Num Con: 2, Reading: 0.222222, outcome score: 0.455333.
[lifelong_slam_toolbox_node-1] [INFO] [1787309243.221780313] [slam_toolbox]: Metric Scores: Initial: 1.000000, IOU: 0.996961, Area: 1.000000, Num Con: 2, Reading: 0.680556, outcome score: -1.000000.
[lifelong_slam_toolbox_node-1] [INFO] [1787309243.221861213] [slam_toolbox]: Metric Scores: Initial: 0.202500, IOU: 0.843884, Area: 0.915744, Num Con: 2, Reading: 0.455556, outcome score: 0.174166.
[lifelong_slam_toolbox_node-1] [INFO] [1787309243.221874014] [slam_toolbox]: Metric Scores: Initial: 0.956834, IOU: 0.819089, Area: 0.900948, Num Con: 3, Reading: 0.233333, outcome score: 0.955230.
[lifelong_slam_toolbox_node-1] [INFO] [1787309243.221882614] [slam_toolbox]: Metric Scores: Initial: 0.947661, IOU: 0.832172, Area: 0.908812, Num Con: 3, Reading: 0.452778, outcome score: 0.945239.
[lifelong_slam_toolbox_node-1] [INFO] [1787309243.221892214] [slam_toolbox]: Metric Scores: Initial: 1.000000, IOU: 0.941932, Area: 0.970093, Num Con: 2, Reading: 0.686111, outcome score: -1.000000.
[lifelong_slam_toolbox_node-1] [INFO] [1787309243.221901414] [slam_toolbox]: Metric Scores: Initial: 0.475000, IOU: 0.806839, Area: 0.893501, Num Con: 2, Reading: 0.233333, outcome score: 0.460000.
[lifelong_slam_toolbox_node-1] [INFO] [1787309243.221910814] [slam_toolbox]: Metric Scores: Initial: 0.472000, IOU: 0.794922, Area: 0.886135, Num Con: 2, Reading: 0.227778, outcome score: 0.457333.
[lifelong_slam_toolbox_node-1] [INFO] [1787309243.221919114] [slam_toolbox]: Metric Scores: Initial: 0.463500, IOU: 0.784521, Area: 0.879637, Num Con: 2, Reading: 0.225000, outcome score: 0.449000.
[lifelong_slam_toolbox_node-1] [INFO] [1787309243.221928014] [slam_toolbox]: Metric Scores: Initial: 0.455333, IOU: 0.774651, Area: 0.873388, Num Con: 2, Reading: 0.222222, outcome score: 0.441000.
[lifelong_slam_toolbox_node-1] [INFO] [1787309243.621525583] [slam_toolbox]: Metric Scores: Initial: 0.174166, IOU: 0.849501, Area: 0.919025, Num Con: 2, Reading: 0.455556, outcome score: 0.145833.
[lifelong_slam_toolbox_node-1] [INFO] [1787309243.621576184] [slam_toolbox]: Metric Scores: Initial: 0.955230, IOU: 0.824526, Area: 0.904211, Num Con: 3, Reading: 0.233333, outcome score: 0.953603.
[lifelong_slam_toolbox_node-1] [INFO] [1787309243.621588084] [slam_toolbox]: Metric Scores: Initial: 0.945239, IOU: 0.837707, Area: 0.912087, Num Con: 3, Reading: 0.452778, outcome score: 0.942752.
[lifelong_slam_toolbox_node-1] [INFO] [1787309243.621597884] [slam_toolbox]: Metric Scores: Initial: 0.460000, IOU: 0.812188, Area: 0.896756, Num Con: 2, Reading: 0.233333, outcome score: 0.445000.
[lifelong_slam_toolbox_node-1] [INFO] [1787309243.621608384] [slam_toolbox]: Metric Scores: Initial: 0.457333, IOU: 0.800181, Area: 0.889377, Num Con: 2, Reading: 0.227778, outcome score: 0.442667.
[lifelong_slam_toolbox_node-1] [INFO] [1787309243.621618584] [slam_toolbox]: Metric Scores: Initial: 0.449000, IOU: 0.789704, Area: 0.882870, Num Con: 2, Reading: 0.225000, outcome score: 0.434500.
[lifelong_slam_toolbox_node-1] [INFO] [1787309243.621627884] [slam_toolbox]: Metric Scores: Initial: 0.441000, IOU: 0.779762, Area: 0.876612, Num Con: 2, Reading: 0.222222, outcome score: 0.426667.
[lifelong_slam_toolbox_node-1] [INFO] [1787309244.021160953] [slam_toolbox]: Metric Scores: Initial: 1.000000, IOU: 0.996850, Area: 1.000000, Num Con: 2, Reading: 0.680556, outcome score: -1.000000.
[lifelong_slam_toolbox_node-1] [INFO] [1787309244.021252354] [slam_toolbox]: Metric Scores: Initial: 1.000000, IOU: 0.943796, Area: 0.971036, Num Con: 2, Reading: 0.686111, outcome score: -1.000000.
[lifelong_slam_toolbox_node-1] [INFO] [1787309244.021265254] [slam_toolbox]: Metric Scores: Initial: 0.145833, IOU: 0.856257, Area: 0.922963, Num Con: 2, Reading: 0.455556, outcome score: -1.000000.
[lifelong_slam_toolbox_node-1] [INFO] [1787309244.021274354] [slam_toolbox]: Metric Scores: Initial: 0.953603, IOU: 0.831054, Area: 0.908122, Num Con: 3, Reading: 0.233333, outcome score: 0.951954.
[lifelong_slam_toolbox_node-1] [INFO] [1787309244.021284254] [slam_toolbox]: Metric Scores: Initial: 0.942752, IOU: 0.844355, Area: 0.916013, Num Con: 3, Reading: 0.452778, outcome score: 0.940197.
[lifelong_slam_toolbox_node-1] [INFO] [1787309244.021293254] [slam_toolbox]: Metric Scores: Initial: 0.445000, IOU: 0.818604, Area: 0.900652, Num Con: 2, Reading: 0.233333, outcome score: 0.430000.
[lifelong_slam_toolbox_node-1] [INFO] [1787309244.021302854] [slam_toolbox]: Metric Scores: Initial: 0.442667, IOU: 0.806487, Area: 0.893258, Num Con: 2, Reading: 0.227778, outcome score: 0.428000.
[lifelong_slam_toolbox_node-1] [INFO] [1787309244.021311954] [slam_toolbox]: Metric Scores: Initial: 0.434500, IOU: 0.795916, Area: 0.886738, Num Con: 2, Reading: 0.225000, outcome score: 0.420000.
[lifelong_slam_toolbox_node-1] [INFO] [1787309244.021356354] [slam_toolbox]: Metric Scores: Initial: 0.426667, IOU: 0.785886, Area: 0.880468, Num Con: 2, Reading: 0.222222, outcome score: 0.412333.
[lifelong_slam_toolbox_node-1] [INFO] [1787309244.421305726] [slam_toolbox]: Metric Scores: Initial: 0.951954, IOU: 0.838036, Area: 0.912259, Num Con: 3, Reading: 0.233333, outcome score: 0.950281.
[lifelong_slam_toolbox_node-1] [INFO] [1787309244.421357326] [slam_toolbox]: Metric Scores: Initial: 0.940197, IOU: 0.851468, Area: 0.920166, Num Con: 2, Reading: 0.452778, outcome score: -1.000000.
[lifelong_slam_toolbox_node-1] [INFO] [1787309244.421367326] [slam_toolbox]: Metric Scores: Initial: 0.430000, IOU: 0.825466, Area: 0.904774, Num Con: 2, Reading: 0.233333, outcome score: 0.415000.
[lifelong_slam_toolbox_node-1] [INFO] [1787309244.421377826] [slam_toolbox]: Metric Scores: Initial: 0.428000, IOU: 0.813230, Area: 0.897363, Num Con: 2, Reading: 0.227778, outcome score: 0.413333.
[lifelong_slam_toolbox_node-1] [INFO] [1787309244.421388326] [slam_toolbox]: Metric Scores: Initial: 0.420000, IOU: 0.802557, Area: 0.890829, Num Con: 2, Reading: 0.225000, outcome score: 0.405500.
[lifelong_slam_toolbox_node-1] [INFO] [1787309244.421397326] [slam_toolbox]: Metric Scores: Initial: 0.412333, IOU: 0.792432, Area: 0.884546, Num Con: 2, Reading: 0.222222, outcome score: 0.398000.
[lifelong_slam_toolbox_node-1] [INFO] [1787309244.831892055] [slam_toolbox]: Metric Scores: Initial: 1.000000, IOU: 0.996884, Area: 1.000000, Num Con: 2, Reading: 0.680556, outcome score: -1.000000.
[lifelong_slam_toolbox_node-1] [INFO] [1787309244.831988555] [slam_toolbox]: Metric Scores: Initial: 1.000000, IOU: 0.934899, Area: 0.966303, Num Con: 3, Reading: 0.686111, outcome score: 0.999000.
[lifelong_slam_toolbox_node-1] [INFO] [1787309244.832008656] [slam_toolbox]: Metric Scores: Initial: 0.950281, IOU: 0.845182, Area: 0.916469, Num Con: 2, Reading: 0.233333, outcome score: 0.935281.
[lifelong_slam_toolbox_node-1] [INFO] [1787309244.832022556] [slam_toolbox]: Metric Scores: Initial: 0.415000, IOU: 0.832490, Area: 0.908970, Num Con: 2, Reading: 0.233333, outcome score: 0.400000.
[lifelong_slam_toolbox_node-1] [INFO] [1787309244.832037356] [slam_toolbox]: Metric Scores: Initial: 0.413333, IOU: 0.820132, Area: 0.901542, Num Con: 2, Reading: 0.227778, outcome score: 0.398667.
[lifelong_slam_toolbox_node-1] [INFO] [1787309244.832050856] [slam_toolbox]: Metric Scores: Initial: 0.405500, IOU: 0.809356, Area: 0.894994, Num Con: 2, Reading: 0.225000, outcome score: 0.391000.
[lifelong_slam_toolbox_node-1] [INFO] [1787309244.832064356] [slam_toolbox]: Metric Scores: Initial: 0.398000, IOU: 0.799132, Area: 0.888697, Num Con: 2, Reading: 0.222222, outcome score: 0.383667.
[lifelong_slam_toolbox_node-1] [INFO] [1787309245.221363369] [slam_toolbox]: Metric Scores: Initial: 1.000000, IOU: 0.929400, Area: 0.963326, Num Con: 2, Reading: 0.683333, outcome score: -1.000000.
[lifelong_slam_toolbox_node-1] [INFO] [1787309245.221427770] [slam_toolbox]: Metric Scores: Initial: 0.999000, IOU: 0.923920, Area: 0.960390, Num Con: 3, Reading: 0.686111, outcome score: 0.997959.
[lifelong_slam_toolbox_node-1] [INFO] [1787309245.221445870] [slam_toolbox]: Metric Scores: Initial: 0.935281, IOU: 0.854988, Area: 0.922186, Num Con: 2, Reading: 0.233333, outcome score: -1.000000.
[lifelong_slam_toolbox_node-1] [INFO] [1787309245.221455970] [slam_toolbox]: Metric Scores: Initial: 0.400000, IOU: 0.842123, Area: 0.914665, Num Con: 2, Reading: 0.233333, outcome score: 0.385000.
[lifelong_slam_toolbox_node-1] [INFO] [1787309245.221466170] [slam_toolbox]: Metric Scores: Initial: 0.398667, IOU: 0.829597, Area: 0.907214, Num Con: 2, Reading: 0.227778, outcome score: 0.384000.
[lifelong_slam_toolbox_node-1] [INFO] [1787309245.221475270] [slam_toolbox]: Metric Scores: Initial: 0.391000, IOU: 0.818675, Area: 0.900646, Num Con: 2, Reading: 0.225000, outcome score: 0.376500.
[lifelong_slam_toolbox_node-1] [INFO] [1787309245.221485170] [slam_toolbox]: Metric Scores: Initial: 0.383667, IOU: 0.808315, Area: 0.894330, Num Con: 2, Reading: 0.222222, outcome score: 0.369333.
[lifelong_slam_toolbox_node-1] 
[lifelong_slam_toolbox_node-1] Solver Summary (v 2.2.0-eigen-(3.4.0)-lapack-suitesparse-(7.6.1)-eigensparse)
[lifelong_slam_toolbox_node-1] 
[lifelong_slam_toolbox_node-1]                                      Original                  Reduced
[lifelong_slam_toolbox_node-1] Parameter blocks                          189                       87
[lifelong_slam_toolbox_node-1] Parameters                                189                       87
[lifelong_slam_toolbox_node-1] Residual blocks                            31                       31
[lifelong_slam_toolbox_node-1] Residuals                                  93                       93
[lifelong_slam_toolbox_node-1] 
[lifelong_slam_toolbox_node-1] Minimizer                        TRUST_REGION
[lifelong_slam_toolbox_node-1] Trust region strategy     LEVENBERG_MARQUARDT
[lifelong_slam_toolbox_node-1] Sparse linear algebra library    SUITE_SPARSE 
[lifelong_slam_toolbox_node-1] 
[lifelong_slam_toolbox_node-1]                                         Given                     Used
[lifelong_slam_toolbox_node-1] Linear solver          SPARSE_NORMAL_CHOLESKY   SPARSE_NORMAL_CHOLESKY
[lifelong_slam_toolbox_node-1] Threads                                    50                        8
[lifelong_slam_toolbox_node-1] Linear solver ordering              AUTOMATIC                       87
[lifelong_slam_toolbox_node-1] 
[lifelong_slam_toolbox_node-1] Cost:
[lifelong_slam_toolbox_node-1] Initial                          3.049399e-02
[lifelong_slam_toolbox_node-1] Final                            1.707609e-06
[lifelong_slam_toolbox_node-1] Change                           3.049229e-02
[lifelong_slam_toolbox_node-1] 
[lifelong_slam_toolbox_node-1] Minimizer iterations                        2
[lifelong_slam_toolbox_node-1] Successful steps                            2
[lifelong_slam_toolbox_node-1] Unsuccessful steps                          0
[lifelong_slam_toolbox_node-1] 
[lifelong_slam_toolbox_node-1] Time (in seconds):
[lifelong_slam_toolbox_node-1] Preprocessor                         0.000254
[lifelong_slam_toolbox_node-1] 
[lifelong_slam_toolbox_node-1]   Residual only evaluation           0.000028 (2)
[lifelong_slam_toolbox_node-1]   Jacobian & residual evaluation     0.000159 (2)
[lifelong_slam_toolbox_node-1]   Linear solver                      0.000189 (2)
[lifelong_slam_toolbox_node-1] Minimizer                            0.000506
[lifelong_slam_toolbox_node-1] 
[lifelong_slam_toolbox_node-1] Postprocessor                        0.000009
[lifelong_slam_toolbox_node-1] Total                                0.000769
[lifelong_slam_toolbox_node-1] 
[lifelong_slam_toolbox_node-1] Termination:                      CONVERGENCE (Parameter tolerance reached. Relative step_norm: 3.846430e-05 <= 1.000000e-03.)
[lifelong_slam_toolbox_node-1] 
[lifelong_slam_toolbox_node-1] W20260821 10:47:25.649881 600212 preprocessor.cc:67] Specified options.num_threads: 50 exceeds maximum available from the threading model Ceres was compiled with: 8.  Bounding to maximum number available.
[lifelong_slam_toolbox_node-1] [INFO] [1787309245.651226003] [slam_toolbox]: Metric Scores: Initial: 1.000000, IOU: 0.996892, Area: 1.000000, Num Con: 2, Reading: 0.672222, outcome score: -1.000000.
[lifelong_slam_toolbox_node-1] [INFO] [1787309245.651276804] [slam_toolbox]: Metric Scores: Initial: 0.997959, IOU: 0.915357, Area: 0.955752, Num Con: 2, Reading: 0.686111, outcome score: -1.000000.
[lifelong_slam_toolbox_node-1] [INFO] [1787309246.020867310] [slam_toolbox]: Metric Scores: Initial: 1.000000, IOU: 0.917565, Area: 0.956918, Num Con: 2, Reading: 0.686111, outcome score: -1.000000.
[lifelong_slam_toolbox_node-1] [INFO] [1787309246.820586752] [slam_toolbox]: Metric Scores: Initial: 1.000000, IOU: 0.906775, Area: 0.951014, Num Con: 2, Reading: 0.683333, outcome score: -1.000000.
[lifelong_slam_toolbox_node-1] [INFO] [1787309247.626357727] [slam_toolbox]: Metric Scores: Initial: 1.000000, IOU: 0.897136, Area: 0.945716, Num Con: 2, Reading: 0.441667, outcome score: -1.000000.
[lifelong_slam_toolbox_node-1] [INFO] [1787309248.434891116] [slam_toolbox]: Metric Scores: Initial: 1.000000, IOU: 0.888002, Area: 0.940314, Num Con: 2, Reading: 0.441667, outcome score: -1.000000.
[lifelong_slam_toolbox_node-1] [INFO] [1787309249.221160085] [slam_toolbox]: Metric Scores: Initial: 1.000000, IOU: 0.881993, Area: 0.936966, Num Con: 2, Reading: 0.438889, outcome score: -1.000000.
[lifelong_slam_toolbox_node-1] [INFO] [1787309249.620892455] [slam_toolbox]: Metric Scores: Initial: 1.000000, IOU: 0.877685, Area: 0.934522, Num Con: 2, Reading: 0.438889, outcome score: -1.000000.
[lifelong_slam_toolbox_node-1] W20260821 10:47:30.044179 600212 preprocessor.cc:67] Specified options.num_threads: 50 exceeds maximum available from the threading model Ceres was compiled with: 8.  Bounding to maximum number available.
[lifelong_slam_toolbox_node-1] [INFO] [1787309250.420788398] [slam_toolbox]: Metric Scores: Initial: 1.000000, IOU: 0.875667, Area: 0.933390, Num Con: 3, Reading: 0.433333, outcome score: 0.999000.
[lifelong_slam_toolbox_node-1] 
[lifelong_slam_toolbox_node-1] Solver Summary (v 2.2.0-eigen-(3.4.0)-lapack-suitesparse-(7.6.1)-eigensparse)
[lifelong_slam_toolbox_node-1] 
[lifelong_slam_toolbox_node-1]                                      Original                  Reduced
[lifelong_slam_toolbox_node-1] Parameter blocks                          180                       78
[lifelong_slam_toolbox_node-1] Parameters                                180                       78
[lifelong_slam_toolbox_node-1] Residual blocks                            24                       24
[lifelong_slam_toolbox_node-1] Residuals                                  72                       72
[lifelong_slam_toolbox_node-1] 
[lifelong_slam_toolbox_node-1] Minimizer                        TRUST_REGION
[lifelong_slam_toolbox_node-1] Trust region strategy     LEVENBERG_MARQUARDT
[lifelong_slam_toolbox_node-1] Sparse linear algebra library    SUITE_SPARSE 
[lifelong_slam_toolbox_node-1] 
[lifelong_slam_toolbox_node-1]                                         Given                     Used
[lifelong_slam_toolbox_node-1] Linear solver          SPARSE_NORMAL_CHOLESKY   SPARSE_NORMAL_CHOLESKY
[lifelong_slam_toolbox_node-1] Threads                                    50                        8
[lifelong_slam_toolbox_node-1] Linear solver ordering              AUTOMATIC                       78
[lifelong_slam_toolbox_node-1] 
[lifelong_slam_toolbox_node-1] Cost:
[lifelong_slam_toolbox_node-1] Initial                          3.620018e-02
[lifelong_slam_toolbox_node-1] Final                            1.184428e-02
[lifelong_slam_toolbox_node-1] Change                           2.435589e-02
[lifelong_slam_toolbox_node-1] 
[lifelong_slam_toolbox_node-1] Minimizer iterations                        2
[lifelong_slam_toolbox_node-1] Successful steps                            2
[lifelong_slam_toolbox_node-1] Unsuccessful steps                          0
[lifelong_slam_toolbox_node-1] 
[lifelong_slam_toolbox_node-1] Time (in seconds):
[lifelong_slam_toolbox_node-1] Preprocessor                         0.000203
[lifelong_slam_toolbox_node-1] 
[lifelong_slam_toolbox_node-1]   Residual only evaluation           0.000050 (2)
[lifelong_slam_toolbox_node-1]   Jacobian & residual evaluation     0.000109 (2)
[lifelong_slam_toolbox_node-1]   Linear solver                      0.000185 (2)
[lifelong_slam_toolbox_node-1] Minimizer                            0.000424
[lifelong_slam_toolbox_node-1] 
[lifelong_slam_toolbox_node-1] Postprocessor                        0.000011
[lifelong_slam_toolbox_node-1] Total                                0.000638
[lifelong_slam_toolbox_node-1] 
[lifelong_slam_toolbox_node-1] Termination:                      CONVERGENCE (Parameter tolerance reached. Relative step_norm: 5.824451e-06 <= 1.000000e-03.)
[lifelong_slam_toolbox_node-1] 
[lifelong_slam_toolbox_node-1] 
[lifelong_slam_toolbox_node-1] Solver Summary (v 2.2.0-eigen-(3.4.0)-lapack-suitesparse-(7.6.1)-eigensparse)
[lifelong_slam_toolbox_node-1] 
[lifelong_slam_toolbox_node-1]                                      Original                  Reduced
[lifelong_slam_toolbox_node-1] Parameter blocks                          189                       81
[lifelong_slam_toolbox_node-1] Parameters                                189                       81
[lifelong_slam_toolbox_node-1] Residual blocks                            24                       24
[lifelong_slam_toolbox_node-1] Residuals                                  72                       72
[lifelong_slam_toolbox_node-1] 
[lifelong_slam_toolbox_node-1] Minimizer                        TRUST_REGION
[lifelong_slam_toolbox_node-1] Trust region strategy     LEVENBERG_MARQUARDT
[lifelong_slam_toolbox_node-1] Sparse linear algebra library    SUITE_SPARSE 
[lifelong_slam_toolbox_node-1] 
[lifelong_slam_toolbox_node-1]                                         Given                     Used
[lifelong_slam_toolbox_node-1] Linear solver          SPARSE_NORMAL_CHOLESKY   SPARSE_NORMAL_CHOLESKY
[lifelong_slam_toolbox_node-1] Threads                                    50                        8
[lifelong_slam_toolbox_node-1] Linear solver ordering              AUTOMATIC                       81
[lifelong_slam_toolbox_node-1] 
[lifelong_slam_toolbox_node-1] Cost:
[lifelong_slam_toolbox_node-1] Initial                          8.606563e-09
[lifelong_slam_toolbox_node-1] Final                            8.725653e-17
[lifelong_slam_toolbox_node-1] Change                           8.606563e-09
[lifelong_slam_toolbox_node-1] 
[lifelong_slam_toolbox_node-1] Minimizer iterations                        2
[lifelong_slam_toolbox_node-1] Successful steps                            2
[lifelong_slam_toolbox_node-1] Unsuccessful steps                          0
[lifelong_slam_toolbox_node-1] 
[lifelong_slam_toolbox_node-1] Time (in seconds):
[lifelong_slam_toolbox_node-1] Preprocessor                         0.000233
[lifelong_slam_toolbox_node-1] 
[lifelong_slam_toolbox_node-1]   Residual only evaluation           0.000029 (1)
[lifelong_slam_toolbox_node-1]   Jacobian & residual evaluation     0.000112 (2)
[lifelong_slam_toolbox_node-1]   Linear solver                      0.000105 (1)
[lifelong_slam_toolbox_node-1] Minimizer                            0.000351
[lifelong_slam_toolbox_node-1] 
[lifelong_slam_toolbox_node-1] Postprocessor                        0.000012
[lifelong_slam_toolbox_node-1] Total                                0.000597
[lifelong_slam_toolbox_node-1] 
[lifelong_slam_toolbox_node-1] Termination:                      CONVERGENCE (Gradient tolerance reached. Gradient max norm: 3.197269e-07 <= 1.000000e-06)
[lifelong_slam_toolbox_node-1] 
[lifelong_slam_toolbox_node-1] [INFO] [1787309250.822150577] [slam_toolbox]: Metric Scores: Initial: 1.000000, IOU: 0.874728, Area: 0.932870, Num Con: 2, Reading: 0.430556, outcome score: -1.000000.
[lifelong_slam_toolbox_node-1] [INFO] [1787309250.822219977] [slam_toolbox]: Metric Scores: Initial: 0.999000, IOU: 0.864423, Area: 0.926953, Num Con: 3, Reading: 0.433333, outcome score: 0.997974.
[lifelong_slam_toolbox_node-1] [INFO] [1787309251.220034237] [slam_toolbox]: Metric Scores: Initial: 1.000000, IOU: 0.999726, Area: 0.999863, Num Con: 2, Reading: 0.605556, outcome score: -1.000000.
[lifelong_slam_toolbox_node-1] [INFO] [1787309251.220116537] [slam_toolbox]: Metric Scores: Initial: 1.000000, IOU: 0.876513, Area: 0.933897, Num Con: 2, Reading: 0.600000, outcome score: -1.000000.
[lifelong_slam_toolbox_node-1] [INFO] [1787309252.020073680] [slam_toolbox]: Metric Scores: Initial: 1.000000, IOU: 0.999723, Area: 0.999856, Num Con: 2, Reading: 0.616667, outcome score: -1.000000.
[lifelong_slam_toolbox_node-1] [INFO] [1787309252.020155580] [slam_toolbox]: Metric Scores: Initial: 1.000000, IOU: 0.879815, Area: 0.936066, Num Con: 2, Reading: 0.394444, outcome score: -1.000000.
[lifelong_slam_toolbox_node-1] [INFO] [1787309252.819818822] [slam_toolbox]: Metric Scores: Initial: 1.000000, IOU: 0.885449, Area: 0.939242, Num Con: 3, Reading: 0.405556, outcome score: 0.999000.
[lifelong_slam_toolbox_node-1] [INFO] [1787309253.220844999] [slam_toolbox]: Metric Scores: Initial: 1.000000, IOU: 0.889871, Area: 0.941732, Num Con: 2, Reading: 0.408333, outcome score: -1.000000.
[lifelong_slam_toolbox_node-1] [INFO] [1787309253.220901699] [slam_toolbox]: Metric Scores: Initial: 0.999000, IOU: 0.877927, Area: 0.934998, Num Con: 3, Reading: 0.405556, outcome score: 0.997976.
[lifelong_slam_toolbox_node-1] [INFO] [1787309253.621280372] [slam_toolbox]: Metric Scores: Initial: 1.000000, IOU: 0.895051, Area: 0.944629, Num Con: 2, Reading: 0.411111, outcome score: -1.000000.
[lifelong_slam_toolbox_node-1] [INFO] [1787309254.031224998] [slam_toolbox]: Metric Scores: Initial: 1.000000, IOU: 0.899406, Area: 0.947057, Num Con: 2, Reading: 0.416667, outcome score: -1.000000.
[lifelong_slam_toolbox_node-1] W20260821 10:47:34.457768 600212 preprocessor.cc:67] Specified options.num_threads: 50 exceeds maximum available from the threading model Ceres was compiled with: 8.  Bounding to maximum number available.
[lifelong_slam_toolbox_node-1] [INFO] [1787309254.459543323] [slam_toolbox]: Metric Scores: Initial: 1.000000, IOU: 0.999724, Area: 0.999869, Num Con: 2, Reading: 0.638889, outcome score: -1.000000.
[lifelong_slam_toolbox_node-1] [INFO] [1787309254.459623724] [slam_toolbox]: Metric Scores: Initial: 1.000000, IOU: 0.904727, Area: 0.950005, Num Con: 2, Reading: 0.419444, outcome score: -1.000000.
[lifelong_slam_toolbox_node-1] [INFO] [1787309255.220849756] [slam_toolbox]: Metric Scores: Initial: 1.000000, IOU: 0.997083, Area: 0.997312, Num Con: 2, Reading: 0.647222, outcome score: -1.000000.
[lifelong_slam_toolbox_node-1] [INFO] [1787309255.220935256] [slam_toolbox]: Metric Scores: Initial: 1.000000, IOU: 0.916295, Area: 0.956329, Num Con: 2, Reading: 0.425000, outcome score: -1.000000.
[lifelong_slam_toolbox_node-1] 
[lifelong_slam_toolbox_node-1] Solver Summary (v 2.2.0-eigen-(3.4.0)-lapack-suitesparse-(7.6.1)-eigensparse)
[lifelong_slam_toolbox_node-1] 
[lifelong_slam_toolbox_node-1]                                      Original                  Reduced
[lifelong_slam_toolbox_node-1] Parameter blocks                          198                       96
[lifelong_slam_toolbox_node-1] Parameters                                198                       96
[lifelong_slam_toolbox_node-1] Residual blocks                            28                       28
[lifelong_slam_toolbox_node-1] Residuals                                  84                       84
[lifelong_slam_toolbox_node-1] 
[lifelong_slam_toolbox_node-1] Minimizer                        TRUST_REGION
[lifelong_slam_toolbox_node-1] Trust region strategy     LEVENBERG_MARQUARDT
[lifelong_slam_toolbox_node-1] Sparse linear algebra library    SUITE_SPARSE 
[lifelong_slam_toolbox_node-1] 
[lifelong_slam_toolbox_node-1]                                         Given                     Used
[lifelong_slam_toolbox_node-1] Linear solver          SPARSE_NORMAL_CHOLESKY   SPARSE_NORMAL_CHOLESKY
[lifelong_slam_toolbox_node-1] Threads                                    50                        8
[lifelong_slam_toolbox_node-1] Linear solver ordering              AUTOMATIC                       96
[lifelong_slam_toolbox_node-1] 
[lifelong_slam_toolbox_node-1] Cost:
[lifelong_slam_toolbox_node-1] Initial                          2.519456e-02
[lifelong_slam_toolbox_node-1] Final                            1.281855e-06
[lifelong_slam_toolbox_node-1] Change                           2.519327e-02
[lifelong_slam_toolbox_node-1] 
[lifelong_slam_toolbox_node-1] Minimizer iterations                        2
[lifelong_slam_toolbox_node-1] Successful steps                            2
[lifelong_slam_toolbox_node-1] Unsuccessful steps                          0
[lifelong_slam_toolbox_node-1] 
[lifelong_slam_toolbox_node-1] Time (in seconds):
[lifelong_slam_toolbox_node-1] Preprocessor                         0.000259
[lifelong_slam_toolbox_node-1] 
[lifelong_slam_toolbox_node-1]   Residual only evaluation           0.000036 (2)
[lifelong_slam_toolbox_node-1]   Jacobian & residual evaluation     0.000137 (2)
[lifelong_slam_toolbox_node-1]   Linear solver                      0.000191 (2)
[lifelong_slam_toolbox_node-1] Minimizer                            0.000469
[lifelong_slam_toolbox_node-1] 
[lifelong_slam_toolbox_node-1] Postprocessor                        0.000015
[lifelong_slam_toolbox_node-1] Total                                0.000743
[lifelong_slam_toolbox_node-1] 
[lifelong_slam_toolbox_node-1] Termination:                      CONVERGENCE (Parameter tolerance reached. Relative step_norm: 2.990127e-05 <= 1.000000e-03.)
[lifelong_slam_toolbox_node-1] 
[lifelong_slam_toolbox_node-1] [INFO] [1787309256.020943099] [slam_toolbox]: Metric Scores: Initial: 1.000000, IOU: 0.928470, Area: 0.962917, Num Con: 2, Reading: 0.616667, outcome score: -1.000000.
[lifelong_slam_toolbox_node-1] [INFO] [1787309256.421661775] [slam_toolbox]: Metric Scores: Initial: 1.000000, IOU: 0.997113, Area: 0.998566, Num Con: 2, Reading: 0.652778, outcome score: -1.000000.
[lifelong_slam_toolbox_node-1] [INFO] [1787309256.421717575] [slam_toolbox]: Metric Scores: Initial: 0.990813, IOU: 0.995174, Area: 0.997592, Num Con: 2, Reading: 0.652778, outcome score: -1.000000.
[lifelong_slam_toolbox_node-1] [INFO] [1787309256.821602046] [slam_toolbox]: Metric Scores: Initial: 1.000000, IOU: 0.940910, Area: 0.969573, Num Con: 2, Reading: 0.625000, outcome score: -1.000000.
[lifelong_slam_toolbox_node-1] [INFO] [1787309257.222137120] [slam_toolbox]: Metric Scores: Initial: 1.000000, IOU: 0.996250, Area: 0.996890, Num Con: 2, Reading: 0.652778, outcome score: -1.000000.
[lifelong_slam_toolbox_node-1] [INFO] [1787309257.620572483] [slam_toolbox]: Metric Scores: Initial: 1.000000, IOU: 0.953111, Area: 0.976001, Num Con: 3, Reading: 0.633333, outcome score: 0.999000.
[lifelong_slam_toolbox_node-1] [INFO] [1787309258.021363358] [slam_toolbox]: Metric Scores: Initial: 1.000000, IOU: 0.960224, Area: 0.979708, Num Con: 2, Reading: 0.636111, outcome score: -1.000000.
[lifelong_slam_toolbox_node-1] [INFO] [1787309258.021415259] [slam_toolbox]: Metric Scores: Initial: 0.999000, IOU: 0.952866, Area: 0.975876, Num Con: 3, Reading: 0.633333, outcome score: 0.997962.
[lifelong_slam_toolbox_node-1] [INFO] [1787309258.420848527] [slam_toolbox]: Metric Scores: Initial: 0.605127, IOU: 0.996576, Area: 0.996927, Num Con: 2, Reading: 0.655556, outcome score: -1.000000.
[lifelong_slam_toolbox_node-1] [INFO] [1787309258.420925227] [slam_toolbox]: Metric Scores: Initial: 1.000000, IOU: 0.965104, Area: 0.982245, Num Con: 2, Reading: 0.638889, outcome score: -1.000000.
[lifelong_slam_toolbox_node-1] W20260821 10:47:38.843204 600212 preprocessor.cc:67] Specified options.num_threads: 50 exceeds maximum available from the threading model Ceres was compiled with: 8.  Bounding to maximum number available.
[lifelong_slam_toolbox_node-1] [INFO] [1787309259.222762280] [slam_toolbox]: Metric Scores: Initial: 1.000000, IOU: 0.953838, Area: 0.976382, Num Con: 2, Reading: 0.647222, outcome score: -1.000000.
[lifelong_slam_toolbox_node-1] [INFO] [1787309259.621222443] [slam_toolbox]: Metric Scores: Initial: 1.000000, IOU: 0.998448, Area: 0.999230, Num Con: 2, Reading: 0.655556, outcome score: -1.000000.
[lifelong_slam_toolbox_node-1] [INFO] [1787309259.621303143] [slam_toolbox]: Metric Scores: Initial: 1.000000, IOU: 0.956812, Area: 0.977915, Num Con: 2, Reading: 0.647222, outcome score: -1.000000.
[lifelong_slam_toolbox_node-1] [INFO] [1787309260.023561327] [slam_toolbox]: Metric Scores: Initial: 1.000000, IOU: 0.955767, Area: 0.977414, Num Con: 2, Reading: 0.650000, outcome score: -1.000000.
[lifelong_slam_toolbox_node-1] [INFO] [1787309260.425506009] [slam_toolbox]: Metric Scores: Initial: 1.000000, IOU: 0.995902, Area: 0.997924, Num Con: 2, Reading: 0.655556, outcome score: -1.000000.
[lifelong_slam_toolbox_node-1] 
[lifelong_slam_toolbox_node-1] Solver Summary (v 2.2.0-eigen-(3.4.0)-lapack-suitesparse-(7.6.1)-eigensparse)
[lifelong_slam_toolbox_node-1] 
[lifelong_slam_toolbox_node-1]                                      Original                  Reduced
[lifelong_slam_toolbox_node-1] Parameter blocks                          195                       93
[lifelong_slam_toolbox_node-1] Parameters                                195                       93
[lifelong_slam_toolbox_node-1] Residual blocks                            26                       26
[lifelong_slam_toolbox_node-1] Residuals                                  78                       78
[lifelong_slam_toolbox_node-1] 
[lifelong_slam_toolbox_node-1] Minimizer                        TRUST_REGION
[lifelong_slam_toolbox_node-1] Trust region strategy     LEVENBERG_MARQUARDT
[lifelong_slam_toolbox_node-1] Sparse linear algebra library    SUITE_SPARSE 
[lifelong_slam_toolbox_node-1] 
[lifelong_slam_toolbox_node-1]                                         Given                     Used
[lifelong_slam_toolbox_node-1] Linear solver          SPARSE_NORMAL_CHOLESKY   SPARSE_NORMAL_CHOLESKY
[lifelong_slam_toolbox_node-1] Threads                                    50                        8
[lifelong_slam_toolbox_node-1] Linear solver ordering              AUTOMATIC                       93
[lifelong_slam_toolbox_node-1] 
[lifelong_slam_toolbox_node-1] Cost:
[lifelong_slam_toolbox_node-1] Initial                          7.966298e-02
[lifelong_slam_toolbox_node-1] Final                            1.906462e-06
[lifelong_slam_toolbox_node-1] Change                           7.966108e-02
[lifelong_slam_toolbox_node-1] 
[lifelong_slam_toolbox_node-1] Minimizer iterations                        2
[lifelong_slam_toolbox_node-1] Successful steps                            2
[lifelong_slam_toolbox_node-1] Unsuccessful steps                          0
[lifelong_slam_toolbox_node-1] 
[lifelong_slam_toolbox_node-1] Time (in seconds):
[lifelong_slam_toolbox_node-1] Preprocessor                         0.000213
[lifelong_slam_toolbox_node-1] 
[lifelong_slam_toolbox_node-1]   Residual only evaluation           0.000030 (2)
[lifelong_slam_toolbox_node-1]   Jacobian & residual evaluation     0.000128 (2)
[lifelong_slam_toolbox_node-1]   Linear solver                      0.000188 (2)
[lifelong_slam_toolbox_node-1] Minimizer                            0.000452
[lifelong_slam_toolbox_node-1] 
[lifelong_slam_toolbox_node-1] Postprocessor                        0.000010
[lifelong_slam_toolbox_node-1] Total                                0.000675
[lifelong_slam_toolbox_node-1] 
[lifelong_slam_toolbox_node-1] Termination:                      CONVERGENCE (Parameter tolerance reached. Relative step_norm: 4.530599e-05 <= 1.000000e-03.)
[lifelong_slam_toolbox_node-1] 
[lifelong_slam_toolbox_node-1] [INFO] [1787309260.828050394] [slam_toolbox]: Metric Scores: Initial: 1.000000, IOU: 0.958365, Area: 0.978740, Num Con: 2, Reading: 0.652778, outcome score: -1.000000.
[lifelong_slam_toolbox_node-1] [INFO] [1787309261.223802242] [slam_toolbox]: Metric Scores: Initial: 1.000000, IOU: 0.996055, Area: 0.998032, Num Con: 2, Reading: 0.650000, outcome score: -1.000000.
[lifelong_slam_toolbox_node-1] [INFO] [1787309261.620845097] [slam_toolbox]: Metric Scores: Initial: 1.000000, IOU: 0.959566, Area: 0.979343, Num Con: 2, Reading: 0.655556, outcome score: -1.000000.
[lifelong_slam_toolbox_node-1] [INFO] [1787309262.020780368] [slam_toolbox]: Metric Scores: Initial: 1.000000, IOU: 0.993373, Area: 0.996684, Num Con: 2, Reading: 0.650000, outcome score: -1.000000.
[lifelong_slam_toolbox_node-1] [INFO] [1787309262.421360243] [slam_toolbox]: Metric Scores: Initial: 1.000000, IOU: 0.958269, Area: 0.978666, Num Con: 2, Reading: 0.655556, outcome score: -1.000000.
[lifelong_slam_toolbox_node-1] [INFO] [1787309262.820007107] [slam_toolbox]: Metric Scores: Initial: 1.000000, IOU: 0.992078, Area: 0.996016, Num Con: 2, Reading: 0.644444, outcome score: -1.000000.
[lifelong_slam_toolbox_node-1] [INFO] [1787309262.820081207] [slam_toolbox]: Metric Scores: Initial: 1.000000, IOU: 0.949780, Area: 0.974217, Num Con: 2, Reading: 0.658333, outcome score: -1.000000.
[lifelong_slam_toolbox_node-1] W20260821 10:47:43.245173 600212 preprocessor.cc:67] Specified options.num_threads: 50 exceeds maximum available from the threading model Ceres was compiled with: 8.  Bounding to maximum number available.
[lifelong_slam_toolbox_node-1] [INFO] [1787309263.621165555] [slam_toolbox]: Metric Scores: Initial: 1.000000, IOU: 0.997688, Area: 0.999997, Num Con: 2, Reading: 0.633333, outcome score: -1.000000.
[lifelong_slam_toolbox_node-1] [INFO] [1787309263.621236256] [slam_toolbox]: Metric Scores: Initial: 0.369333, IOU: 0.987103, Area: 0.994647, Num Con: 2, Reading: 0.627778, outcome score: -1.000000.
[lifelong_slam_toolbox_node-1] [INFO] [1787309263.621250156] [slam_toolbox]: Metric Scores: Initial: 0.376500, IOU: 0.974063, Area: 0.988006, Num Con: 2, Reading: 0.622222, outcome score: -1.000000.
[lifelong_slam_toolbox_node-1] [INFO] [1787309263.621262256] [slam_toolbox]: Metric Scores: Initial: 0.384000, IOU: 0.960753, Area: 0.981121, Num Con: 2, Reading: 0.616667, outcome score: -1.000000.
[lifelong_slam_toolbox_node-1] [INFO] [1787309263.621283856] [slam_toolbox]: Metric Scores: Initial: 1.000000, IOU: 0.933718, Area: 0.964493, Num Con: 2, Reading: 0.655556, outcome score: -1.000000.
[lifelong_slam_toolbox_node-1] [INFO] [1787309264.422617506] [slam_toolbox]: Metric Scores: Initial: 1.000000, IOU: 0.916182, Area: 0.955036, Num Con: 2, Reading: 0.652778, outcome score: -1.000000.
[lifelong_slam_toolbox_node-1] [INFO] [1787309265.221952944] [slam_toolbox]: Metric Scores: Initial: 1.000000, IOU: 0.898698, Area: 0.945355, Num Con: 2, Reading: 0.650000, outcome score: -1.000000.
[lifelong_slam_toolbox_node-1] 
[lifelong_slam_toolbox_node-1] Solver Summary (v 2.2.0-eigen-(3.4.0)-lapack-suitesparse-(7.6.1)-eigensparse)
[lifelong_slam_toolbox_node-1] 
[lifelong_slam_toolbox_node-1]                                      Original                  Reduced
[lifelong_slam_toolbox_node-1] Parameter blocks                          192                       87
[lifelong_slam_toolbox_node-1] Parameters                                192                       87
[lifelong_slam_toolbox_node-1] Residual blocks                            24                       24
[lifelong_slam_toolbox_node-1] Residuals                                  72                       72
[lifelong_slam_toolbox_node-1] 
[lifelong_slam_toolbox_node-1] Minimizer                        TRUST_REGION
[lifelong_slam_toolbox_node-1] Trust region strategy     LEVENBERG_MARQUARDT
[lifelong_slam_toolbox_node-1] Sparse linear algebra library    SUITE_SPARSE 
[lifelong_slam_toolbox_node-1] 
[lifelong_slam_toolbox_node-1]                                         Given                     Used
[lifelong_slam_toolbox_node-1] Linear solver          SPARSE_NORMAL_CHOLESKY   SPARSE_NORMAL_CHOLESKY
[lifelong_slam_toolbox_node-1] Threads                                    50                        8
[lifelong_slam_toolbox_node-1] Linear solver ordering              AUTOMATIC                       87
[lifelong_slam_toolbox_node-1] 
[lifelong_slam_toolbox_node-1] Cost:
[lifelong_slam_toolbox_node-1] Initial                          6.693029e-02
[lifelong_slam_toolbox_node-1] Final                            1.473760e-06
[lifelong_slam_toolbox_node-1] Change                           6.692882e-02
[lifelong_slam_toolbox_node-1] 
[lifelong_slam_toolbox_node-1] Minimizer iterations                        2
[lifelong_slam_toolbox_node-1] Successful steps                            2
[lifelong_slam_toolbox_node-1] Unsuccessful steps                          0
[lifelong_slam_toolbox_node-1] 
[lifelong_slam_toolbox_node-1] Time (in seconds):
[lifelong_slam_toolbox_node-1] Preprocessor                         0.000235
[lifelong_slam_toolbox_node-1] 
[lifelong_slam_toolbox_node-1]   Residual only evaluation           0.000042 (2)
[lifelong_slam_toolbox_node-1]   Jacobian & residual evaluation     0.000111 (2)
[lifelong_slam_toolbox_node-1]   Linear solver                      0.000160 (2)
[lifelong_slam_toolbox_node-1] Minimizer                            0.000418
[lifelong_slam_toolbox_node-1] 
[lifelong_slam_toolbox_node-1] Postprocessor                        0.000011
[lifelong_slam_toolbox_node-1] Total                                0.000664
[lifelong_slam_toolbox_node-1] 
[lifelong_slam_toolbox_node-1] Termination:                      CONVERGENCE (Parameter tolerance reached. Relative step_norm: 1.302649e-05 <= 1.000000e-03.)
[lifelong_slam_toolbox_node-1] 
[lifelong_slam_toolbox_node-1] [INFO] [1787309266.023025992] [slam_toolbox]: Metric Scores: Initial: 1.000000, IOU: 0.882762, Area: 0.935464, Num Con: 2, Reading: 0.491667, outcome score: -1.000000.
[lifelong_slam_toolbox_node-1] [INFO] [1787309266.829227168] [slam_toolbox]: Metric Scores: Initial: 1.000000, IOU: 0.869075, Area: 0.928750, Num Con: 2, Reading: 0.411111, outcome score: -1.000000.
[lifelong_slam_toolbox_node-1] [INFO] [1787309267.231488052] [slam_toolbox]: Metric Scores: Initial: 1.000000, IOU: 0.860169, Area: 0.923627, Num Con: 2, Reading: 0.408333, outcome score: -1.000000.
[lifelong_slam_toolbox_node-1] [INFO] [1787309267.621931571] [slam_toolbox]: Metric Scores: Initial: 1.000000, IOU: 0.997776, Area: 0.999985, Num Con: 2, Reading: 0.780556, outcome score: -1.000000.
[lifelong_slam_toolbox_node-1] [INFO] [1787309268.021400039] [slam_toolbox]: Metric Scores: Initial: 1.000000, IOU: 0.848804, Area: 0.918056, Num Con: 2, Reading: 0.222222, outcome score: 0.985667.
[lifelong_slam_toolbox_node-1] [INFO] [1787309268.421877813] [slam_toolbox]: Metric Scores: Initial: 1.000000, IOU: 0.997861, Area: 0.999980, Num Con: 2, Reading: 0.702778, outcome score: -1.000000.
[lifelong_slam_toolbox_node-1] [INFO] [1787309268.421960413] [slam_toolbox]: Metric Scores: Initial: 1.000000, IOU: 0.847065, Area: 0.917030, Num Con: 2, Reading: 0.225000, outcome score: 0.985500.
[lifelong_slam_toolbox_node-1] [INFO] [1787309268.421970413] [slam_toolbox]: Metric Scores: Initial: 0.985667, IOU: 0.836217, Area: 0.910609, Num Con: 2, Reading: 0.222222, outcome score: 0.971333.
[lifelong_slam_toolbox_node-1] [INFO] [1787309268.822275986] [slam_toolbox]: Metric Scores: Initial: 1.000000, IOU: 0.848307, Area: 0.918674, Num Con: 2, Reading: 0.227778, outcome score: 0.985333.
[lifelong_slam_toolbox_node-1] [INFO] [1787309268.822328686] [slam_toolbox]: Metric Scores: Initial: 0.985500, IOU: 0.837005, Area: 0.912019, Num Con: 2, Reading: 0.225000, outcome score: 0.971000.
[lifelong_slam_toolbox_node-1] [INFO] [1787309268.822339386] [slam_toolbox]: Metric Scores: Initial: 0.971333, IOU: 0.826306, Area: 0.905610, Num Con: 2, Reading: 0.222222, outcome score: 0.957000.
[lifelong_slam_toolbox_node-1] [INFO] [1787309269.221883955] [slam_toolbox]: Metric Scores: Initial: 1.000000, IOU: 0.996924, Area: 1.000000, Num Con: 2, Reading: 0.702778, outcome score: -1.000000.
[lifelong_slam_toolbox_node-1] [INFO] [1787309269.221967055] [slam_toolbox]: Metric Scores: Initial: 1.000000, IOU: 0.849261, Area: 0.919249, Num Con: 3, Reading: 0.233333, outcome score: 0.999000.
[lifelong_slam_toolbox_node-1] [INFO] [1787309269.221976455] [slam_toolbox]: Metric Scores: Initial: 0.985333, IOU: 0.836587, Area: 0.911742, Num Con: 2, Reading: 0.227778, outcome score: 0.970667.
[lifelong_slam_toolbox_node-1] [INFO] [1787309269.221985555] [slam_toolbox]: Metric Scores: Initial: 0.971000, IOU: 0.825463, Area: 0.905108, Num Con: 2, Reading: 0.225000, outcome score: 0.956500.
[lifelong_slam_toolbox_node-1] [INFO] [1787309269.221994656] [slam_toolbox]: Metric Scores: Initial: 0.957000, IOU: 0.814931, Area: 0.898720, Num Con: 2, Reading: 0.222222, outcome score: 0.942667.
[lifelong_slam_toolbox_node-1] [INFO] [1787309269.622683230] [slam_toolbox]: Metric Scores: Initial: 1.000000, IOU: 0.855178, Area: 0.922694, Num Con: 3, Reading: 0.233333, outcome score: 0.999000.
[lifelong_slam_toolbox_node-1] [INFO] [1787309269.622735731] [slam_toolbox]: Metric Scores: Initial: 0.999000, IOU: 0.842149, Area: 0.915071, Num Con: 3, Reading: 0.233333, outcome score: 0.997986.
[lifelong_slam_toolbox_node-1] [INFO] [1787309269.622746531] [slam_toolbox]: Metric Scores: Initial: 0.970667, IOU: 0.829597, Area: 0.907579, Num Con: 2, Reading: 0.227778, outcome score: 0.956000.
[lifelong_slam_toolbox_node-1] [INFO] [1787309269.622757331] [slam_toolbox]: Metric Scores: Initial: 0.956500, IOU: 0.818576, Area: 0.900956, Num Con: 2, Reading: 0.225000, outcome score: 0.942000.
[lifelong_slam_toolbox_node-1] [INFO] [1787309269.622769131] [slam_toolbox]: Metric Scores: Initial: 0.942667, IOU: 0.808140, Area: 0.894579, Num Con: 2, Reading: 0.222222, outcome score: 0.928333.
[lifelong_slam_toolbox_node-1] [INFO] [1787309270.023008203] [slam_toolbox]: Metric Scores: Initial: 1.000000, IOU: 0.859030, Area: 0.926018, Num Con: 3, Reading: 0.452778, outcome score: 0.999000.
[lifelong_slam_toolbox_node-1] [INFO] [1787309270.023058503] [slam_toolbox]: Metric Scores: Initial: 0.999000, IOU: 0.845790, Area: 0.917232, Num Con: 3, Reading: 0.233333, outcome score: 0.997986.
[lifelong_slam_toolbox_node-1] [INFO] [1787309270.023069203] [slam_toolbox]: Metric Scores: Initial: 0.997986, IOU: 0.832919, Area: 0.909625, Num Con: 3, Reading: 0.233333, outcome score: 0.996958.
[lifelong_slam_toolbox_node-1] [INFO] [1787309270.023078703] [slam_toolbox]: Metric Scores: Initial: 0.956000, IOU: 0.820526, Area: 0.902153, Num Con: 2, Reading: 0.227778, outcome score: 0.941333.
[lifelong_slam_toolbox_node-1] [INFO] [1787309270.023121804] [slam_toolbox]: Metric Scores: Initial: 0.942000, IOU: 0.809639, Area: 0.895546, Num Con: 2, Reading: 0.225000, outcome score: 0.927500.
[lifelong_slam_toolbox_node-1] [INFO] [1787309270.023132604] [slam_toolbox]: Metric Scores: Initial: 0.928333, IOU: 0.799330, Area: 0.889183, Num Con: 2, Reading: 0.222222, outcome score: 0.914000.
[lifelong_slam_toolbox_node-1] [INFO] [1787309270.422059369] [slam_toolbox]: Metric Scores: Initial: 1.000000, IOU: 0.864831, Area: 0.928263, Num Con: 3, Reading: 0.455556, outcome score: 0.999000.
[lifelong_slam_toolbox_node-1] [INFO] [1787309270.422117369] [slam_toolbox]: Metric Scores: Initial: 0.999000, IOU: 0.852127, Area: 0.921973, Num Con: 3, Reading: 0.452778, outcome score: 0.997973.
[lifelong_slam_toolbox_node-1] [INFO] [1787309270.422132269] [slam_toolbox]: Metric Scores: Initial: 0.997986, IOU: 0.839015, Area: 0.913210, Num Con: 3, Reading: 0.233333, outcome score: 0.996958.
[lifelong_slam_toolbox_node-1] [INFO] [1787309270.422141669] [slam_toolbox]: Metric Scores: Initial: 0.996958, IOU: 0.826261, Area: 0.905615, Num Con: 3, Reading: 0.233333, outcome score: 0.995915.
[lifelong_slam_toolbox_node-1] [INFO] [1787309270.422151669] [slam_toolbox]: Metric Scores: Initial: 0.941333, IOU: 0.813982, Area: 0.898159, Num Con: 2, Reading: 0.227778, outcome score: 0.926667.
[lifelong_slam_toolbox_node-1] [INFO] [1787309270.422159969] [slam_toolbox]: Metric Scores: Initial: 0.927500, IOU: 0.803194, Area: 0.891565, Num Con: 2, Reading: 0.225000, outcome score: 0.913000.
[lifelong_slam_toolbox_node-1] [INFO] [1787309270.422169170] [slam_toolbox]: Metric Scores: Initial: 0.914000, IOU: 0.792977, Area: 0.885215, Num Con: 2, Reading: 0.222222, outcome score: 0.899667.
[lifelong_slam_toolbox_node-1] [INFO] [1787309270.825131457] [slam_toolbox]: Metric Scores: Initial: 1.000000, IOU: 0.996912, Area: 1.000000, Num Con: 2, Reading: 0.694444, outcome score: -1.000000.
[lifelong_slam_toolbox_node-1] [INFO] [1787309270.825223657] [slam_toolbox]: Metric Scores: Initial: 1.000000, IOU: 0.873660, Area: 0.933373, Num Con: 3, Reading: 0.466667, outcome score: 0.999000.
[lifelong_slam_toolbox_node-1] [INFO] [1787309270.825236957] [slam_toolbox]: Metric Scores: Initial: 0.999000, IOU: 0.858233, Area: 0.924464, Num Con: 3, Reading: 0.455556, outcome score: 0.997973.
[lifelong_slam_toolbox_node-1] [INFO] [1787309270.825249757] [slam_toolbox]: Metric Scores: Initial: 0.997973, IOU: 0.845635, Area: 0.918178, Num Con: 3, Reading: 0.452778, outcome score: 0.996918.
[lifelong_slam_toolbox_node-1] [INFO] [1787309270.825261657] [slam_toolbox]: Metric Scores: Initial: 0.996958, IOU: 0.832643, Area: 0.909436, Num Con: 3, Reading: 0.233333, outcome score: 0.995915.
[lifelong_slam_toolbox_node-1] [INFO] [1787309270.825270757] [slam_toolbox]: Metric Scores: Initial: 0.995915, IOU: 0.819998, Area: 0.901855, Num Con: 3, Reading: 0.233333, outcome score: 0.994858.
[lifelong_slam_toolbox_node-1] [INFO] [1787309270.825280457] [slam_toolbox]: Metric Scores: Initial: 0.926667, IOU: 0.807827, Area: 0.894414, Num Con: 2, Reading: 0.227778, outcome score: 0.912000.
[lifelong_slam_toolbox_node-1] [INFO] [1787309270.825289657] [slam_toolbox]: Metric Scores: Initial: 0.913000, IOU: 0.797132, Area: 0.887832, Num Con: 2, Reading: 0.225000, outcome score: 0.898500.
[lifelong_slam_toolbox_node-1] [INFO] [1787309270.825298758] [slam_toolbox]: Metric Scores: Initial: 0.899667, IOU: 0.787002, Area: 0.881494, Num Con: 2, Reading: 0.222222, outcome score: 0.885333.
[lifelong_slam_toolbox_node-1] [INFO] [1787309271.222300212] [slam_toolbox]: Metric Scores: Initial: 1.000000, IOU: 0.884959, Area: 0.939832, Num Con: 2, Reading: 0.480556, outcome score: -1.000000.
[lifelong_slam_toolbox_node-1] [INFO] [1787309271.222353213] [slam_toolbox]: Metric Scores: Initial: 0.999000, IOU: 0.867302, Area: 0.929763, Num Con: 3, Reading: 0.466667, outcome score: 0.997972.
[lifelong_slam_toolbox_node-1] [INFO] [1787309271.222364113] [slam_toolbox]: Metric Scores: Initial: 0.997973, IOU: 0.852006, Area: 0.920869, Num Con: 3, Reading: 0.455556, outcome score: 0.996917.
[lifelong_slam_toolbox_node-1] [INFO] [1787309271.222378613] [slam_toolbox]: Metric Scores: Initial: 0.996918, IOU: 0.839508, Area: 0.914588, Num Con: 3, Reading: 0.452778, outcome score: 0.995834.
[lifelong_slam_toolbox_node-1] [INFO] [1787309271.222392013] [slam_toolbox]: Metric Scores: Initial: 0.995915, IOU: 0.826630, Area: 0.905867, Num Con: 3, Reading: 0.233333, outcome score: 0.994858.
[lifelong_slam_toolbox_node-1] [INFO] [1787309271.222401913] [slam_toolbox]: Metric Scores: Initial: 0.994858, IOU: 0.814089, Area: 0.898299, Num Con: 3, Reading: 0.233333, outcome score: 0.993786.
[lifelong_slam_toolbox_node-1] [INFO] [1787309271.222411913] [slam_toolbox]: Metric Scores: Initial: 0.912000, IOU: 0.802021, Area: 0.890872, Num Con: 2, Reading: 0.227778, outcome score: 0.897333.
[lifelong_slam_toolbox_node-1] [INFO] [1787309271.222421013] [slam_toolbox]: Metric Scores: Initial: 0.898500, IOU: 0.791413, Area: 0.884302, Num Con: 2, Reading: 0.225000, outcome score: 0.884000.
[lifelong_slam_toolbox_node-1] [INFO] [1787309271.222430513] [slam_toolbox]: Metric Scores: Initial: 0.885333, IOU: 0.781366, Area: 0.877976, Num Con: 2, Reading: 0.222222, outcome score: 0.871000.
[lifelong_slam_toolbox_node-1] W20260821 10:47:51.643862 600212 preprocessor.cc:67] Specified options.num_threads: 50 exceeds maximum available from the threading model Ceres was compiled with: 8.  Bounding to maximum number available.
[lifelong_slam_toolbox_node-1] [INFO] [1787309271.645279508] [slam_toolbox]: Metric Scores: Initial: 0.996917, IOU: 0.846360, Area: 0.915204, Num Con: 3, Reading: 0.455556, outcome score: 0.995833.
[lifelong_slam_toolbox_node-1] [INFO] [1787309271.645322808] [slam_toolbox]: Metric Scores: Initial: 0.997972, IOU: 0.861617, Area: 0.923957, Num Con: 2, Reading: 0.466667, outcome score: -1.000000.
[lifelong_slam_toolbox_node-1] [INFO] [1787309271.645335308] [slam_toolbox]: Metric Scores: Initial: 0.994858, IOU: 0.820708, Area: 0.900996, Num Con: 3, Reading: 0.233333, outcome score: 0.993786.
[lifelong_slam_toolbox_node-1] [INFO] [1787309271.645345508] [slam_toolbox]: Metric Scores: Initial: 0.995834, IOU: 0.833635, Area: 0.909467, Num Con: 3, Reading: 0.452778, outcome score: 0.994721.
[lifelong_slam_toolbox_node-1] [INFO] [1787309271.645357808] [slam_toolbox]: Metric Scores: Initial: 0.993786, IOU: 0.808241, Area: 0.893430, Num Con: 3, Reading: 0.233333, outcome score: 0.992699.
[lifelong_slam_toolbox_node-1] [INFO] [1787309271.645369808] [slam_toolbox]: Metric Scores: Initial: 0.897333, IOU: 0.796249, Area: 0.886029, Num Con: 2, Reading: 0.227778, outcome score: 0.882667.
[lifelong_slam_toolbox_node-1] [INFO] [1787309271.645380309] [slam_toolbox]: Metric Scores: Initial: 0.884000, IOU: 0.785707, Area: 0.879464, Num Con: 2, Reading: 0.225000, outcome score: 0.869500.
[lifelong_slam_toolbox_node-1] [INFO] [1787309271.645425809] [slam_toolbox]: Metric Scores: Initial: 0.871000, IOU: 0.775720, Area: 0.873154, Num Con: 2, Reading: 0.222222, outcome score: 0.856667.
[lifelong_slam_toolbox_node-1] [INFO] [1787309272.023478461] [slam_toolbox]: Metric Scores: Initial: 0.995833, IOU: 0.841472, Area: 0.912341, Num Con: 2, Reading: 0.455556, outcome score: 0.967500.
[lifelong_slam_toolbox_node-1] [INFO] [1787309272.023533161] [slam_toolbox]: Metric Scores: Initial: 0.993786, IOU: 0.815988, Area: 0.898150, Num Con: 3, Reading: 0.233333, outcome score: 0.992699.
[lifelong_slam_toolbox_node-1] [INFO] [1787309272.023543961] [slam_toolbox]: Metric Scores: Initial: 0.994721, IOU: 0.828827, Area: 0.906605, Num Con: 3, Reading: 0.452778, outcome score: 0.993577.
[lifelong_slam_toolbox_node-1] [INFO] [1787309272.023556161] [slam_toolbox]: Metric Scores: Initial: 0.992699, IOU: 0.803603, Area: 0.890595, Num Con: 3, Reading: 0.233333, outcome score: 0.991597.
[lifelong_slam_toolbox_node-1] [INFO] [1787309272.023569361] [slam_toolbox]: Metric Scores: Initial: 0.882667, IOU: 0.791691, Area: 0.883205, Num Con: 2, Reading: 0.227778, outcome score: 0.868000.
[lifelong_slam_toolbox_node-1] [INFO] [1787309272.023582761] [slam_toolbox]: Metric Scores: Initial: 0.869500, IOU: 0.781218, Area: 0.876650, Num Con: 2, Reading: 0.225000, outcome score: 0.855000.
[lifelong_slam_toolbox_node-1] [INFO] [1787309272.023595761] [slam_toolbox]: Metric Scores: Initial: 0.856667, IOU: 0.771295, Area: 0.870349, Num Con: 2, Reading: 0.222222, outcome score: 0.842333.
[lifelong_slam_toolbox_node-1] [INFO] [1787309272.023608361] [slam_toolbox]: Metric Scores: Initial: 1.000000, IOU: 0.906600, Area: 0.951202, Num Con: 2, Reading: 0.697222, outcome score: -1.000000.
[lifelong_slam_toolbox_node-1] [INFO] [1787309272.422396726] [slam_toolbox]: Metric Scores: Initial: 1.000000, IOU: 0.995248, Area: 0.996732, Num Con: 2, Reading: 0.691667, outcome score: -1.000000.
[lifelong_slam_toolbox_node-1] [INFO] [1787309272.422458426] [slam_toolbox]: Metric Scores: Initial: 0.967500, IOU: 0.835490, Area: 0.908816, Num Con: 2, Reading: 0.455556, outcome score: 0.939166.
[lifelong_slam_toolbox_node-1] [INFO] [1787309272.422473026] [slam_toolbox]: Metric Scores: Initial: 0.992699, IOU: 0.810221, Area: 0.894652, Num Con: 3, Reading: 0.233333, outcome score: 0.991597.
[lifelong_slam_toolbox_node-1] [INFO] [1787309272.422485126] [slam_toolbox]: Metric Scores: Initial: 0.993577, IOU: 0.822950, Area: 0.903087, Num Con: 3, Reading: 0.452778, outcome score: 0.992403.
[lifelong_slam_toolbox_node-1] [INFO] [1787309272.422495926] [slam_toolbox]: Metric Scores: Initial: 0.991597, IOU: 0.797942, Area: 0.887113, Num Con: 3, Reading: 0.233333, outcome score: 0.990479.
[lifelong_slam_toolbox_node-1] [INFO] [1787309272.422507526] [slam_toolbox]: Metric Scores: Initial: 0.868000, IOU: 0.786128, Area: 0.879739, Num Con: 2, Reading: 0.227778, outcome score: 0.853333.
[lifelong_slam_toolbox_node-1] [INFO] [1787309272.422520626] [slam_toolbox]: Metric Scores: Initial: 0.855000, IOU: 0.775742, Area: 0.873197, Num Con: 2, Reading: 0.225000, outcome score: 0.840500.
[lifelong_slam_toolbox_node-1] [INFO] [1787309272.422532626] [slam_toolbox]: Metric Scores: Initial: 0.842333, IOU: 0.765901, Area: 0.866910, Num Con: 2, Reading: 0.222222, outcome score: 0.828000.
[lifelong_slam_toolbox_node-1] [INFO] [1787309272.830184039] [slam_toolbox]: Metric Scores: Initial: 0.939166, IOU: 0.831503, Area: 0.906454, Num Con: 2, Reading: 0.455556, outcome score: 0.910833.
[lifelong_slam_toolbox_node-1] [INFO] [1787309272.830275939] [slam_toolbox]: Metric Scores: Initial: 0.991597, IOU: 0.806379, Area: 0.892309, Num Con: 3, Reading: 0.233333, outcome score: 0.990479.
[lifelong_slam_toolbox_node-1] [INFO] [1787309272.830293940] [slam_toolbox]: Metric Scores: Initial: 0.992403, IOU: 0.819033, Area: 0.900731, Num Con: 3, Reading: 0.452778, outcome score: 0.991197.
[lifelong_slam_toolbox_node-1] [INFO] [1787309272.830326140] [slam_toolbox]: Metric Scores: Initial: 0.990479, IOU: 0.794170, Area: 0.884782, Num Con: 3, Reading: 0.233333, outcome score: 0.989346.
[lifelong_slam_toolbox_node-1] [INFO] [1787309272.830345940] [slam_toolbox]: Metric Scores: Initial: 0.853333, IOU: 0.782422, Area: 0.877418, Num Con: 2, Reading: 0.227778, outcome score: 0.838667.
[lifelong_slam_toolbox_node-1] [INFO] [1787309272.830362240] [slam_toolbox]: Metric Scores: Initial: 0.840500, IOU: 0.772093, Area: 0.870886, Num Con: 2, Reading: 0.225000, outcome score: 0.826000.
[lifelong_slam_toolbox_node-1] [INFO] [1787309272.830377440] [slam_toolbox]: Metric Scores: Initial: 1.000000, IOU: 0.920535, Area: 0.958618, Num Con: 2, Reading: 0.700000, outcome score: -1.000000.
[lifelong_slam_toolbox_node-1] [INFO] [1787309272.830393740] [slam_toolbox]: Metric Scores: Initial: 0.828000, IOU: 0.762307, Area: 0.864608, Num Con: 2, Reading: 0.222222, outcome score: 0.813667.
[lifelong_slam_toolbox_node-1] [INFO] [1787309273.233232326] [slam_toolbox]: Metric Scores: Initial: 1.000000, IOU: 0.996710, Area: 0.997451, Num Con: 2, Reading: 0.688889, outcome score: -1.000000.
[lifelong_slam_toolbox_node-1] [INFO] [1787309273.233329927] [slam_toolbox]: Metric Scores: Initial: 0.910833, IOU: 0.828338, Area: 0.904558, Num Con: 2, Reading: 0.455556, outcome score: 0.882500.
[lifelong_slam_toolbox_node-1] [INFO] [1787309273.233349027] [slam_toolbox]: Metric Scores: Initial: 0.990479, IOU: 0.803323, Area: 0.890425, Num Con: 3, Reading: 0.233333, outcome score: 0.989346.
[lifelong_slam_toolbox_node-1] [INFO] [1787309273.233363127] [slam_toolbox]: Metric Scores: Initial: 0.991197, IOU: 0.815921, Area: 0.898836, Num Con: 3, Reading: 0.452778, outcome score: 0.989957.
[lifelong_slam_toolbox_node-1] [INFO] [1787309273.233379927] [slam_toolbox]: Metric Scores: Initial: 0.989346, IOU: 0.791168, Area: 0.882905, Num Con: 3, Reading: 0.233333, outcome score: 0.988197.
[lifelong_slam_toolbox_node-1] [INFO] [1787309273.233398027] [slam_toolbox]: Metric Scores: Initial: 0.838667, IOU: 0.779471, Area: 0.875549, Num Con: 2, Reading: 0.227778, outcome score: 0.824000.
[lifelong_slam_toolbox_node-1] [INFO] [1787309273.233411327] [slam_toolbox]: Metric Scores: Initial: 0.826000, IOU: 0.769187, Area: 0.869024, Num Con: 2, Reading: 0.225000, outcome score: 0.811500.
[lifelong_slam_toolbox_node-1] [INFO] [1787309273.233425727] [slam_toolbox]: Metric Scores: Initial: 0.813667, IOU: 0.759443, Area: 0.862752, Num Con: 2, Reading: 0.222222, outcome score: 0.799333.
[lifelong_slam_toolbox_node-1] [INFO] [1787309273.628303971] [slam_toolbox]: Metric Scores: Initial: 0.882500, IOU: 0.824407, Area: 0.902211, Num Con: 2, Reading: 0.455556, outcome score: 0.854166.
[lifelong_slam_toolbox_node-1] [INFO] [1787309273.628361371] [slam_toolbox]: Metric Scores: Initial: 0.989346, IOU: 0.799542, Area: 0.888102, Num Con: 3, Reading: 0.233333, outcome score: 0.988197.
[lifelong_slam_toolbox_node-1] [INFO] [1787309273.628372471] [slam_toolbox]: Metric Scores: Initial: 0.989957, IOU: 0.812065, Area: 0.896498, Num Con: 3, Reading: 0.452778, outcome score: 0.988685.
[lifelong_slam_toolbox_node-1] [INFO] [1787309273.628384671] [slam_toolbox]: Metric Scores: Initial: 0.988197, IOU: 0.787459, Area: 0.880596, Num Con: 3, Reading: 0.233333, outcome score: 0.987031.
[lifelong_slam_toolbox_node-1] [INFO] [1787309273.628393971] [slam_toolbox]: Metric Scores: Initial: 1.000000, IOU: 0.933333, Area: 0.965517, Num Con: 2, Reading: 0.697222, outcome score: -1.000000.
[lifelong_slam_toolbox_node-1] [INFO] [1787309273.628407471] [slam_toolbox]: Metric Scores: Initial: 0.824000, IOU: 0.775827, Area: 0.873251, Num Con: 2, Reading: 0.227778, outcome score: 0.809333.
[lifelong_slam_toolbox_node-1] [INFO] [1787309273.628417571] [slam_toolbox]: Metric Scores: Initial: 0.811500, IOU: 0.765603, Area: 0.866736, Num Con: 2, Reading: 0.225000, outcome score: 0.797000.
[lifelong_slam_toolbox_node-1] [INFO] [1787309273.628427571] [slam_toolbox]: Metric Scores: Initial: 0.799333, IOU: 0.755914, Area: 0.860476, Num Con: 2, Reading: 0.222222, outcome score: 0.785000.
[lifelong_slam_toolbox_node-1] [INFO] [1787309274.022321909] [slam_toolbox]: Metric Scores: Initial: 1.000000, IOU: 0.995186, Area: 0.996699, Num Con: 2, Reading: 0.686111, outcome score: -1.000000.
[lifelong_slam_toolbox_node-1] [INFO] [1787309274.022404310] [slam_toolbox]: Metric Scores: Initial: 0.854166, IOU: 0.820821, Area: 0.900062, Num Con: 2, Reading: 0.455556, outcome score: 0.825833.
[lifelong_slam_toolbox_node-1] [INFO] [1787309274.022417810] [slam_toolbox]: Metric Scores: Initial: 0.988197, IOU: 0.796093, Area: 0.885976, Num Con: 3, Reading: 0.233333, outcome score: 0.987031.
[lifelong_slam_toolbox_node-1] [INFO] [1787309274.022428710] [slam_toolbox]: Metric Scores: Initial: 0.988685, IOU: 0.808548, Area: 0.894359, Num Con: 3, Reading: 0.452778, outcome score: 0.987377.
[lifelong_slam_toolbox_node-1] [INFO] [1787309274.022437410] [slam_toolbox]: Metric Scores: Initial: 1.000000, IOU: 0.939496, Area: 0.968808, Num Con: 2, Reading: 0.697222, outcome score: -1.000000.
[lifelong_slam_toolbox_node-1] [INFO] [1787309274.022446510] [slam_toolbox]: Metric Scores: Initial: 0.987031, IOU: 0.784078, Area: 0.878484, Num Con: 3, Reading: 0.233333, outcome score: 0.985850.
[lifelong_slam_toolbox_node-1] [INFO] [1787309274.022455510] [slam_toolbox]: Metric Scores: Initial: 0.809333, IOU: 0.772506, Area: 0.871148, Num Con: 2, Reading: 0.227778, outcome score: 0.794667.
[lifelong_slam_toolbox_node-1] [INFO] [1787309274.022463410] [slam_toolbox]: Metric Scores: Initial: 0.797000, IOU: 0.762336, Area: 0.864644, Num Con: 2, Reading: 0.225000, outcome score: 0.782500.
[lifelong_slam_toolbox_node-1] [INFO] [1787309274.022525510] [slam_toolbox]: Metric Scores: Initial: 0.785000, IOU: 0.752699, Area: 0.858394, Num Con: 2, Reading: 0.222222, outcome score: 0.770667.
[lifelong_slam_toolbox_node-1] [INFO] [1787309274.423263985] [slam_toolbox]: Metric Scores: Initial: 0.825833, IOU: 0.818554, Area: 0.898697, Num Con: 2, Reading: 0.455556, outcome score: 0.797500.
[lifelong_slam_toolbox_node-1] [INFO] [1787309274.423319185] [slam_toolbox]: Metric Scores: Initial: 0.987031, IOU: 0.793913, Area: 0.884625, Num Con: 3, Reading: 0.233333, outcome score: 0.985850.
[lifelong_slam_toolbox_node-1] [INFO] [1787309274.423331785] [slam_toolbox]: Metric Scores: Initial: 0.987377, IOU: 0.806325, Area: 0.892999, Num Con: 3, Reading: 0.452778, outcome score: 0.986034.
[lifelong_slam_toolbox_node-1] [INFO] [1787309274.423342186] [slam_toolbox]: Metric Scores: Initial: 0.985850, IOU: 0.781939, Area: 0.877141, Num Con: 3, Reading: 0.233333, outcome score: 0.984652.
[lifelong_slam_toolbox_node-1] [INFO] [1787309274.423353786] [slam_toolbox]: Metric Scores: Initial: 0.794667, IOU: 0.770405, Area: 0.869811, Num Con: 2, Reading: 0.227778, outcome score: 0.780000.
[lifelong_slam_toolbox_node-1] [INFO] [1787309274.423389086] [slam_toolbox]: Metric Scores: Initial: 0.782500, IOU: 0.760269, Area: 0.863314, Num Con: 2, Reading: 0.225000, outcome score: 0.768000.
[lifelong_slam_toolbox_node-1] [INFO] [1787309274.423405686] [slam_toolbox]: Metric Scores: Initial: 0.770667, IOU: 0.750664, Area: 0.857070, Num Con: 2, Reading: 0.222222, outcome score: 0.756333.
[lifelong_slam_toolbox_node-1] [INFO] [1787309274.840824551] [slam_toolbox]: Metric Scores: Initial: 1.000000, IOU: 0.995281, Area: 0.996731, Num Con: 2, Reading: 0.683333, outcome score: -1.000000.
[lifelong_slam_toolbox_node-1] [INFO] [1787309274.840916552] [slam_toolbox]: Metric Scores: Initial: 1.000000, IOU: 0.948243, Area: 0.973450, Num Con: 2, Reading: 0.691667, outcome score: -1.000000.
[lifelong_slam_toolbox_node-1] [INFO] [1787309274.840934152] [slam_toolbox]: Metric Scores: Initial: 0.797500, IOU: 0.815659, Area: 0.896949, Num Con: 2, Reading: 0.455556, outcome score: 0.769166.
[lifelong_slam_toolbox_node-1] [INFO] [1787309274.840948052] [slam_toolbox]: Metric Scores: Initial: 0.985850, IOU: 0.791134, Area: 0.882898, Num Con: 3, Reading: 0.233333, outcome score: 0.984652.
[lifelong_slam_toolbox_node-1] [INFO] [1787309274.840962152] [slam_toolbox]: Metric Scores: Initial: 0.986034, IOU: 0.803490, Area: 0.891260, Num Con: 3, Reading: 0.452778, outcome score: 0.984655.
[lifelong_slam_toolbox_node-1] [INFO] [1787309274.840975152] [slam_toolbox]: Metric Scores: Initial: 0.984652, IOU: 0.779216, Area: 0.875426, Num Con: 3, Reading: 0.233333, outcome score: 0.983437.
[lifelong_slam_toolbox_node-1] [INFO] [1787309274.840990152] [slam_toolbox]: Metric Scores: Initial: 0.780000, IOU: 0.767731, Area: 0.868105, Num Con: 2, Reading: 0.227778, outcome score: 0.765333.
[lifelong_slam_toolbox_node-1] [INFO] [1787309274.841003552] [slam_toolbox]: Metric Scores: Initial: 0.768000, IOU: 0.757639, Area: 0.861617, Num Con: 2, Reading: 0.225000, outcome score: 0.753500.
[lifelong_slam_toolbox_node-1] [INFO] [1787309274.841017152] [slam_toolbox]: Metric Scores: Initial: 0.756333, IOU: 0.748076, Area: 0.855382, Num Con: 2, Reading: 0.222222, outcome score: 0.742000.
[lifelong_slam_toolbox_node-1] [INFO] [1787309275.222436222] [slam_toolbox]: Metric Scores: Initial: 0.769166, IOU: 0.811205, Area: 0.894233, Num Con: 2, Reading: 0.455556, outcome score: 0.740833.
[lifelong_slam_toolbox_node-1] [INFO] [1787309275.222486923] [slam_toolbox]: Metric Scores: Initial: 0.984652, IOU: 0.786845, Area: 0.880207, Num Con: 3, Reading: 0.233333, outcome score: 0.983437.
[lifelong_slam_toolbox_node-1] [INFO] [1787309275.222497523] [slam_toolbox]: Metric Scores: Initial: 0.984655, IOU: 0.799118, Area: 0.888552, Num Con: 3, Reading: 0.452778, outcome score: 0.983238.
[lifelong_slam_toolbox_node-1] [INFO] [1787309275.222507323] [slam_toolbox]: Metric Scores: Initial: 0.983437, IOU: 0.775007, Area: 0.872750, Num Con: 3, Reading: 0.233333, outcome score: 0.982205.
[lifelong_slam_toolbox_node-1] [INFO] [1787309275.222517623] [slam_toolbox]: Metric Scores: Initial: 0.765333, IOU: 0.763594, Area: 0.865441, Num Con: 2, Reading: 0.227778, outcome score: 0.750667.
[lifelong_slam_toolbox_node-1] [INFO] [1787309275.222528723] [slam_toolbox]: Metric Scores: Initial: 0.753500, IOU: 0.753568, Area: 0.858965, Num Con: 2, Reading: 0.225000, outcome score: 0.739000.
[lifelong_slam_toolbox_node-1] [INFO] [1787309275.222538923] [slam_toolbox]: Metric Scores: Initial: 0.742000, IOU: 0.744067, Area: 0.852742, Num Con: 2, Reading: 0.222222, outcome score: 0.727667.
[lifelong_slam_toolbox_node-1] 
[lifelong_slam_toolbox_node-1] Solver Summary (v 2.2.0-eigen-(3.4.0)-lapack-suitesparse-(7.6.1)-eigensparse)
[lifelong_slam_toolbox_node-1] 
[lifelong_slam_toolbox_node-1]                                      Original                  Reduced
[lifelong_slam_toolbox_node-1] Parameter blocks                          210                      105
[lifelong_slam_toolbox_node-1] Parameters                                210                      105
[lifelong_slam_toolbox_node-1] Residual blocks                            34                       34
[lifelong_slam_toolbox_node-1] Residuals                                 102                      102
[lifelong_slam_toolbox_node-1] 
[lifelong_slam_toolbox_node-1] Minimizer                        TRUST_REGION
[lifelong_slam_toolbox_node-1] Trust region strategy     LEVENBERG_MARQUARDT
[lifelong_slam_toolbox_node-1] Sparse linear algebra library    SUITE_SPARSE 
[lifelong_slam_toolbox_node-1] 
[lifelong_slam_toolbox_node-1]                                         Given                     Used
[lifelong_slam_toolbox_node-1] Linear solver          SPARSE_NORMAL_CHOLESKY   SPARSE_NORMAL_CHOLESKY
[lifelong_slam_toolbox_node-1] Threads                                    50                        8
[lifelong_slam_toolbox_node-1] Linear solver ordering              AUTOMATIC                      105
[lifelong_slam_toolbox_node-1] 
[lifelong_slam_toolbox_node-1] Cost:
[lifelong_slam_toolbox_node-1] Initial                          2.542299e-01
[lifelong_slam_toolbox_node-1] Final                            3.707533e-02
[lifelong_slam_toolbox_node-1] Change                           2.171545e-01
[lifelong_slam_toolbox_node-1] 
[lifelong_slam_toolbox_node-1] Minimizer iterations                        2
[lifelong_slam_toolbox_node-1] Successful steps                            2
[lifelong_slam_toolbox_node-1] Unsuccessful steps                          0
[lifelong_slam_toolbox_node-1] 
[lifelong_slam_toolbox_node-1] Time (in seconds):
[lifelong_slam_toolbox_node-1] Preprocessor                         0.000209
[lifelong_slam_toolbox_node-1] 
[lifelong_slam_toolbox_node-1]   Residual only evaluation           0.000042 (2)
[lifelong_slam_toolbox_node-1]   Jacobian & residual evaluation     0.000111 (2)
[lifelong_slam_toolbox_node-1]   Linear solver                      0.000196 (2)
[lifelong_slam_toolbox_node-1] Minimizer                            0.000472
[lifelong_slam_toolbox_node-1] 
[lifelong_slam_toolbox_node-1] Postprocessor                        0.000010
[lifelong_slam_toolbox_node-1] Total                                0.000691
[lifelong_slam_toolbox_node-1] 
[lifelong_slam_toolbox_node-1] Termination:                      CONVERGENCE (Parameter tolerance reached. Relative step_norm: 1.132806e-05 <= 1.000000e-03.)
[lifelong_slam_toolbox_node-1] 
[lifelong_slam_toolbox_node-1] [INFO] [1787309275.621480188] [slam_toolbox]: Metric Scores: Initial: 1.000000, IOU: 0.996441, Area: 0.997326, Num Con: 2, Reading: 0.688889, outcome score: -1.000000.
[lifelong_slam_toolbox_node-1] [INFO] [1787309275.621563489] [slam_toolbox]: Metric Scores: Initial: 1.000000, IOU: 0.955909, Area: 0.977491, Num Con: 3, Reading: 0.688889, outcome score: 0.999000.
[lifelong_slam_toolbox_node-1] [INFO] [1787309275.621579389] [slam_toolbox]: Metric Scores: Initial: 0.740833, IOU: 0.810831, Area: 0.894019, Num Con: 2, Reading: 0.455556, outcome score: 0.712500.
[lifelong_slam_toolbox_node-1] [INFO] [1787309275.621588389] [slam_toolbox]: Metric Scores: Initial: 0.983437, IOU: 0.786496, Area: 0.880002, Num Con: 3, Reading: 0.233333, outcome score: 0.982205.
[lifelong_slam_toolbox_node-1] [INFO] [1787309275.621597689] [slam_toolbox]: Metric Scores: Initial: 0.983238, IOU: 0.798759, Area: 0.888344, Num Con: 3, Reading: 0.452778, outcome score: 0.981783.
[lifelong_slam_toolbox_node-1] [INFO] [1787309275.621607089] [slam_toolbox]: Metric Scores: Initial: 0.982205, IOU: 0.774670, Area: 0.872550, Num Con: 3, Reading: 0.233333, outcome score: 0.980956.
[lifelong_slam_toolbox_node-1] [INFO] [1787309275.621616689] [slam_toolbox]: Metric Scores: Initial: 0.750667, IOU: 0.763265, Area: 0.865243, Num Con: 2, Reading: 0.227778, outcome score: 0.736000.
[lifelong_slam_toolbox_node-1] [INFO] [1787309275.621625789] [slam_toolbox]: Metric Scores: Initial: 0.739000, IOU: 0.753247, Area: 0.858770, Num Con: 2, Reading: 0.225000, outcome score: 0.724500.
[lifelong_slam_toolbox_node-1] [INFO] [1787309275.621634189] [slam_toolbox]: Metric Scores: Initial: 0.727667, IOU: 0.743754, Area: 0.852550, Num Con: 2, Reading: 0.222222, outcome score: 0.713333.
[lifelong_slam_toolbox_node-1] [INFO] [1787309276.021914061] [slam_toolbox]: Metric Scores: Initial: 1.000000, IOU: 0.959175, Area: 0.979182, Num Con: 2, Reading: 0.688889, outcome score: -1.000000.
[lifelong_slam_toolbox_node-1] [INFO] [1787309276.021969162] [slam_toolbox]: Metric Scores: Initial: 0.999000, IOU: 0.953524, Area: 0.976237, Num Con: 3, Reading: 0.686111, outcome score: 0.997959.
[lifelong_slam_toolbox_node-1] [INFO] [1787309276.021985962] [slam_toolbox]: Metric Scores: Initial: 0.712500, IOU: 0.808980, Area: 0.892885, Num Con: 2, Reading: 0.455556, outcome score: 0.684166.
[lifelong_slam_toolbox_node-1] [INFO] [1787309276.021996562] [slam_toolbox]: Metric Scores: Initial: 0.982205, IOU: 0.784726, Area: 0.878887, Num Con: 3, Reading: 0.233333, outcome score: 0.980956.
[lifelong_slam_toolbox_node-1] [INFO] [1787309276.022006662] [slam_toolbox]: Metric Scores: Initial: 0.981783, IOU: 0.796952, Area: 0.887221, Num Con: 3, Reading: 0.452778, outcome score: 0.980288.
[lifelong_slam_toolbox_node-1] [INFO] [1787309276.022016362] [slam_toolbox]: Metric Scores: Initial: 0.980956, IOU: 0.772939, Area: 0.871444, Num Con: 3, Reading: 0.233333, outcome score: 0.979689.
[lifelong_slam_toolbox_node-1] [INFO] [1787309276.022025362] [slam_toolbox]: Metric Scores: Initial: 0.736000, IOU: 0.761566, Area: 0.864144, Num Con: 2, Reading: 0.227778, outcome score: 0.721333.
[lifelong_slam_toolbox_node-1] [INFO] [1787309276.022034162] [slam_toolbox]: Metric Scores: Initial: 0.724500, IOU: 0.751577, Area: 0.857678, Num Con: 2, Reading: 0.225000, outcome score: 0.710000.
[lifelong_slam_toolbox_node-1] [INFO] [1787309276.022043262] [slam_toolbox]: Metric Scores: Initial: 0.713333, IOU: 0.742114, Area: 0.851465, Num Con: 2, Reading: 0.222222, outcome score: 0.699000.
[lifelong_slam_toolbox_node-1] W20260821 10:47:56.447031 600212 preprocessor.cc:67] Specified options.num_threads: 50 exceeds maximum available from the threading model Ceres was compiled with: 8.  Bounding to maximum number available.
[lifelong_slam_toolbox_node-1] [INFO] [1787309276.448569577] [slam_toolbox]: Metric Scores: Initial: 0.684166, IOU: 0.806615, Area: 0.894440, Num Con: 2, Reading: 0.455556, outcome score: 0.655833.
[lifelong_slam_toolbox_node-1] [INFO] [1787309276.448615677] [slam_toolbox]: Metric Scores: Initial: 0.997959, IOU: 0.949473, Area: 0.977245, Num Con: 2, Reading: 0.686111, outcome score: -1.000000.
[lifelong_slam_toolbox_node-1] [INFO] [1787309276.448628877] [slam_toolbox]: Metric Scores: Initial: 0.980956, IOU: 0.782518, Area: 0.880398, Num Con: 3, Reading: 0.233333, outcome score: 0.979689.
[lifelong_slam_toolbox_node-1] [INFO] [1787309276.448638677] [slam_toolbox]: Metric Scores: Initial: 0.980288, IOU: 0.794670, Area: 0.888750, Num Con: 3, Reading: 0.452778, outcome score: 0.978752.
[lifelong_slam_toolbox_node-1] [INFO] [1787309276.448651377] [slam_toolbox]: Metric Scores: Initial: 0.979689, IOU: 0.770797, Area: 0.872955, Num Con: 3, Reading: 0.233333, outcome score: 0.978405.
[lifelong_slam_toolbox_node-1] [INFO] [1787309276.448663177] [slam_toolbox]: Metric Scores: Initial: 0.721333, IOU: 0.759480, Area: 0.865651, Num Con: 2, Reading: 0.227778, outcome score: 0.706667.
[lifelong_slam_toolbox_node-1] [INFO] [1787309276.448673877] [slam_toolbox]: Metric Scores: Initial: 0.710000, IOU: 0.749544, Area: 0.859182, Num Con: 2, Reading: 0.225000, outcome score: 0.695500.
[lifelong_slam_toolbox_node-1] [INFO] [1787309276.448720278] [slam_toolbox]: Metric Scores: Initial: 0.699000, IOU: 0.740130, Area: 0.852967, Num Con: 2, Reading: 0.222222, outcome score: 0.684667.
[lifelong_slam_toolbox_node-1] [INFO] [1787309276.824783419] [slam_toolbox]: Metric Scores: Initial: 1.000000, IOU: 0.998139, Area: 0.998139, Num Con: 2, Reading: 0.686111, outcome score: -1.000000.
[lifelong_slam_toolbox_node-1] [INFO] [1787309276.824849919] [slam_toolbox]: Metric Scores: Initial: 0.655833, IOU: 0.807266, Area: 0.894843, Num Con: 2, Reading: 0.455556, outcome score: 0.627500.
[lifelong_slam_toolbox_node-1] [INFO] [1787309276.824863819] [slam_toolbox]: Metric Scores: Initial: 0.979689, IOU: 0.783161, Area: 0.880807, Num Con: 3, Reading: 0.233333, outcome score: 0.978405.
[lifelong_slam_toolbox_node-1] [INFO] [1787309276.824873219] [slam_toolbox]: Metric Scores: Initial: 0.978752, IOU: 0.795321, Area: 0.889159, Num Con: 3, Reading: 0.452778, outcome score: 0.977175.
[lifelong_slam_toolbox_node-1] [INFO] [1787309276.824885419] [slam_toolbox]: Metric Scores: Initial: 0.978405, IOU: 0.771435, Area: 0.873366, Num Con: 3, Reading: 0.233333, outcome score: 0.977103.
[lifelong_slam_toolbox_node-1] [INFO] [1787309276.824897719] [slam_toolbox]: Metric Scores: Initial: 0.706667, IOU: 0.760109, Area: 0.866061, Num Con: 2, Reading: 0.227778, outcome score: 0.692000.
[lifelong_slam_toolbox_node-1] [INFO] [1787309276.824908919] [slam_toolbox]: Metric Scores: Initial: 0.695500, IOU: 0.750167, Area: 0.859593, Num Con: 2, Reading: 0.225000, outcome score: 0.681000.
[lifelong_slam_toolbox_node-1] [INFO] [1787309276.824921119] [slam_toolbox]: Metric Scores: Initial: 0.684667, IOU: 0.740748, Area: 0.853379, Num Con: 2, Reading: 0.222222, outcome score: 0.670333.
[lifelong_slam_toolbox_node-1] [INFO] [1787309276.824932419] [slam_toolbox]: Metric Scores: Initial: 1.000000, IOU: 0.953306, Area: 0.976164, Num Con: 2, Reading: 0.686111, outcome score: -1.000000.
[lifelong_slam_toolbox_node-1] [INFO] [1787309277.222620778] [slam_toolbox]: Metric Scores: Initial: 0.627500, IOU: 0.805438, Area: 0.893727, Num Con: 2, Reading: 0.455556, outcome score: 0.599166.
[lifelong_slam_toolbox_node-1] [INFO] [1787309277.222672478] [slam_toolbox]: Metric Scores: Initial: 0.978405, IOU: 0.781413, Area: 0.879709, Num Con: 3, Reading: 0.233333, outcome score: 0.977103.
[lifelong_slam_toolbox_node-1] [INFO] [1787309277.222684078] [slam_toolbox]: Metric Scores: Initial: 0.977175, IOU: 0.793536, Area: 0.888053, Num Con: 3, Reading: 0.452778, outcome score: 0.975555.
[lifelong_slam_toolbox_node-1] [INFO] [1787309277.222697478] [slam_toolbox]: Metric Scores: Initial: 0.977103, IOU: 0.769725, Area: 0.872278, Num Con: 3, Reading: 0.233333, outcome score: 0.975782.
[lifelong_slam_toolbox_node-1] [INFO] [1787309277.222710678] [slam_toolbox]: Metric Scores: Initial: 0.692000, IOU: 0.758431, Area: 0.864980, Num Con: 2, Reading: 0.227778, outcome score: 0.677333.
[lifelong_slam_toolbox_node-1] [INFO] [1787309277.222722878] [slam_toolbox]: Metric Scores: Initial: 0.681000, IOU: 0.748519, Area: 0.858519, Num Con: 2, Reading: 0.225000, outcome score: 0.666500.
[lifelong_slam_toolbox_node-1] [INFO] [1787309277.222745778] [slam_toolbox]: Metric Scores: Initial: 0.670333, IOU: 0.739128, Area: 0.852312, Num Con: 2, Reading: 0.222222, outcome score: 0.656000.
[lifelong_slam_toolbox_node-1] [INFO] [1787309277.622746949] [slam_toolbox]: Metric Scores: Initial: 0.599166, IOU: 0.804151, Area: 0.892968, Num Con: 2, Reading: 0.455556, outcome score: 0.570833.
[lifelong_slam_toolbox_node-1] [INFO] [1787309277.622800650] [slam_toolbox]: Metric Scores: Initial: 0.977103, IOU: 0.780193, Area: 0.878971, Num Con: 3, Reading: 0.233333, outcome score: 0.975782.
[lifelong_slam_toolbox_node-1] [INFO] [1787309277.622812250] [slam_toolbox]: Metric Scores: Initial: 0.975555, IOU: 0.792288, Area: 0.887306, Num Con: 3, Reading: 0.452778, outcome score: 0.973891.
[lifelong_slam_toolbox_node-1] [INFO] [1787309277.622826550] [slam_toolbox]: Metric Scores: Initial: 0.975782, IOU: 0.768538, Area: 0.871550, Num Con: 3, Reading: 0.233333, outcome score: 0.974443.
[lifelong_slam_toolbox_node-1] [INFO] [1787309277.622838850] [slam_toolbox]: Metric Scores: Initial: 0.677333, IOU: 0.757267, Area: 0.864257, Num Con: 2, Reading: 0.227778, outcome score: 0.662667.
[lifelong_slam_toolbox_node-1] [INFO] [1787309277.622851050] [slam_toolbox]: Metric Scores: Initial: 0.666500, IOU: 0.747379, Area: 0.857803, Num Con: 2, Reading: 0.225000, outcome score: 0.652000.
[lifelong_slam_toolbox_node-1] [INFO] [1787309277.622860650] [slam_toolbox]: Metric Scores: Initial: 1.000000, IOU: 0.942057, Area: 0.970291, Num Con: 2, Reading: 0.683333, outcome score: -1.000000.
[lifelong_slam_toolbox_node-1] [INFO] [1787309277.622871050] [slam_toolbox]: Metric Scores: Initial: 0.656000, IOU: 0.738011, Area: 0.851603, Num Con: 2, Reading: 0.222222, outcome score: 0.641667.
[lifelong_slam_toolbox_node-1] [INFO] [1787309278.023938227] [slam_toolbox]: Metric Scores: Initial: 1.000000, IOU: 0.998466, Area: 1.000000, Num Con: 2, Reading: 0.686111, outcome score: -1.000000.
[lifelong_slam_toolbox_node-1] [INFO] [1787309278.023992327] [slam_toolbox]: Metric Scores: Initial: 0.997959, IOU: 0.991013, Area: 0.996267, Num Con: 2, Reading: 0.683333, outcome score: -1.000000.
[lifelong_slam_toolbox_node-1] [INFO] [1787309278.024022527] [slam_toolbox]: Metric Scores: Initial: 0.570833, IOU: 0.805615, Area: 0.892414, Num Con: 2, Reading: 0.455556, outcome score: 0.542500.
[lifelong_slam_toolbox_node-1] [INFO] [1787309278.024035927] [slam_toolbox]: Metric Scores: Initial: 0.975782, IOU: 0.781597, Area: 0.878424, Num Con: 3, Reading: 0.233333, outcome score: 0.974443.
[lifelong_slam_toolbox_node-1] [INFO] [1787309278.024045327] [slam_toolbox]: Metric Scores: Initial: 0.973891, IOU: 0.793726, Area: 0.886755, Num Con: 3, Reading: 0.452778, outcome score: 0.972181.
[lifelong_slam_toolbox_node-1] [INFO] [1787309278.024056227] [slam_toolbox]: Metric Scores: Initial: 0.974443, IOU: 0.769911, Area: 0.871008, Num Con: 3, Reading: 0.233333, outcome score: 0.973085.
[lifelong_slam_toolbox_node-1] [INFO] [1787309278.024067827] [slam_toolbox]: Metric Scores: Initial: 0.662667, IOU: 0.758609, Area: 0.863717, Num Con: 2, Reading: 0.227778, outcome score: 0.648000.
[lifelong_slam_toolbox_node-1] [INFO] [1787309278.024077427] [slam_toolbox]: Metric Scores: Initial: 0.652000, IOU: 0.748694, Area: 0.857267, Num Con: 2, Reading: 0.225000, outcome score: 0.637500.
[lifelong_slam_toolbox_node-1] [INFO] [1787309278.024086227] [slam_toolbox]: Metric Scores: Initial: 0.641667, IOU: 0.739302, Area: 0.851070, Num Con: 2, Reading: 0.222222, outcome score: 0.627333.
[lifelong_slam_toolbox_node-1] [INFO] [1787309278.428332621] [slam_toolbox]: Metric Scores: Initial: 0.542500, IOU: 0.805968, Area: 0.892605, Num Con: 2, Reading: 0.455556, outcome score: 0.514166.
[lifelong_slam_toolbox_node-1] [INFO] [1787309278.428386421] [slam_toolbox]: Metric Scores: Initial: 0.974443, IOU: 0.781959, Area: 0.878628, Num Con: 3, Reading: 0.233333, outcome score: 0.973085.
[lifelong_slam_toolbox_node-1] [INFO] [1787309278.428396922] [slam_toolbox]: Metric Scores: Initial: 0.972181, IOU: 0.794090, Area: 0.886957, Num Con: 3, Reading: 0.452778, outcome score: 0.970426.
[lifelong_slam_toolbox_node-1] [INFO] [1787309278.428410222] [slam_toolbox]: Metric Scores: Initial: 0.973085, IOU: 0.770277, Area: 0.871218, Num Con: 3, Reading: 0.233333, outcome score: 0.971708.
[lifelong_slam_toolbox_node-1] [INFO] [1787309278.428419222] [slam_toolbox]: Metric Scores: Initial: 1.000000, IOU: 0.939094, Area: 0.967063, Num Con: 2, Reading: 0.680556, outcome score: -1.000000.
[lifelong_slam_toolbox_node-1] [INFO] [1787309278.428428822] [slam_toolbox]: Metric Scores: Initial: 0.648000, IOU: 0.758971, Area: 0.863928, Num Con: 2, Reading: 0.227778, outcome score: 0.633333.
[lifelong_slam_toolbox_node-1] [INFO] [1787309278.428438822] [slam_toolbox]: Metric Scores: Initial: 0.637500, IOU: 0.749057, Area: 0.857481, Num Con: 2, Reading: 0.225000, outcome score: 0.623000.
[lifelong_slam_toolbox_node-1] [INFO] [1787309278.428447622] [slam_toolbox]: Metric Scores: Initial: 0.627333, IOU: 0.739666, Area: 0.851287, Num Con: 2, Reading: 0.222222, outcome score: 0.613000.
[lifelong_slam_toolbox_node-1] [INFO] [1787309278.829685099] [slam_toolbox]: Metric Scores: Initial: 0.514166, IOU: 0.807454, Area: 0.893547, Num Con: 2, Reading: 0.455556, outcome score: 0.485833.
[lifelong_slam_toolbox_node-1] [INFO] [1787309278.829748800] [slam_toolbox]: Metric Scores: Initial: 0.973085, IOU: 0.783408, Area: 0.879571, Num Con: 3, Reading: 0.233333, outcome score: 0.971708.
[lifelong_slam_toolbox_node-1] [INFO] [1787309278.829760700] [slam_toolbox]: Metric Scores: Initial: 0.970426, IOU: 0.795562, Area: 0.887904, Num Con: 3, Reading: 0.452778, outcome score: 0.968622.
[lifelong_slam_toolbox_node-1] [INFO] [1787309278.829769800] [slam_toolbox]: Metric Scores: Initial: 0.971708, IOU: 0.771708, Area: 0.872161, Num Con: 3, Reading: 0.233333, outcome score: 0.970312.
[lifelong_slam_toolbox_node-1] [INFO] [1787309278.829779200] [slam_toolbox]: Metric Scores: Initial: 0.633333, IOU: 0.760379, Area: 0.864868, Num Con: 2, Reading: 0.227778, outcome score: 0.618667.
[lifelong_slam_toolbox_node-1] [INFO] [1787309278.829789400] [slam_toolbox]: Metric Scores: Initial: 0.623000, IOU: 0.750448, Area: 0.858420, Num Con: 2, Reading: 0.225000, outcome score: 0.608500.
[lifelong_slam_toolbox_node-1] [INFO] [1787309278.829799800] [slam_toolbox]: Metric Scores: Initial: 0.613000, IOU: 0.741040, Area: 0.852225, Num Con: 2, Reading: 0.222222, outcome score: 0.598667.
[lifelong_slam_toolbox_node-1] [INFO] [1787309279.234704397] [slam_toolbox]: Metric Scores: Initial: 0.485833, IOU: 0.807705, Area: 0.893666, Num Con: 2, Reading: 0.455556, outcome score: 0.457500.
[lifelong_slam_toolbox_node-1] [INFO] [1787309279.234765898] [slam_toolbox]: Metric Scores: Initial: 1.000000, IOU: 0.937224, Area: 0.966085, Num Con: 2, Reading: 0.686111, outcome score: -1.000000.
[lifelong_slam_toolbox_node-1] [INFO] [1787309279.234782398] [slam_toolbox]: Metric Scores: Initial: 0.971708, IOU: 0.783667, Area: 0.879700, Num Con: 3, Reading: 0.233333, outcome score: 0.970312.
[lifelong_slam_toolbox_node-1] [INFO] [1787309279.234798298] [slam_toolbox]: Metric Scores: Initial: 0.968622, IOU: 0.795822, Area: 0.888031, Num Con: 3, Reading: 0.452778, outcome score: 0.966770.
[lifelong_slam_toolbox_node-1] [INFO] [1787309279.234812698] [slam_toolbox]: Metric Scores: Initial: 0.970312, IOU: 0.771970, Area: 0.872295, Num Con: 3, Reading: 0.233333, outcome score: 0.968897.
[lifelong_slam_toolbox_node-1] [INFO] [1787309279.234826598] [slam_toolbox]: Metric Scores: Initial: 0.618667, IOU: 0.760640, Area: 0.865003, Num Con: 2, Reading: 0.227778, outcome score: 0.604000.
[lifelong_slam_toolbox_node-1] [INFO] [1787309279.234841298] [slam_toolbox]: Metric Scores: Initial: 0.608500, IOU: 0.750709, Area: 0.858557, Num Con: 2, Reading: 0.225000, outcome score: 0.594000.
[lifelong_slam_toolbox_node-1] [INFO] [1787309279.234855798] [slam_toolbox]: Metric Scores: Initial: 0.598667, IOU: 0.741302, Area: 0.852365, Num Con: 2, Reading: 0.222222, outcome score: 0.584333.
[lifelong_slam_toolbox_node-1] [INFO] [1787309279.640489100] [slam_toolbox]: Metric Scores: Initial: 0.457500, IOU: 0.810055, Area: 0.895126, Num Con: 2, Reading: 0.455556, outcome score: 0.429166.
[lifelong_slam_toolbox_node-1] [INFO] [1787309279.640548000] [slam_toolbox]: Metric Scores: Initial: 0.970312, IOU: 0.785956, Area: 0.881162, Num Con: 3, Reading: 0.233333, outcome score: 0.968897.
[lifelong_slam_toolbox_node-1] [INFO] [1787309279.640563100] [slam_toolbox]: Metric Scores: Initial: 0.966770, IOU: 0.798148, Area: 0.889498, Num Con: 3, Reading: 0.452778, outcome score: 0.964867.
[lifelong_slam_toolbox_node-1] [INFO] [1787309279.640577000] [slam_toolbox]: Metric Scores: Initial: 0.968897, IOU: 0.774229, Area: 0.873756, Num Con: 3, Reading: 0.233333, outcome score: 0.967461.
[lifelong_slam_toolbox_node-1] [INFO] [1787309279.640589600] [slam_toolbox]: Metric Scores: Initial: 0.604000, IOU: 0.762862, Area: 0.866460, Num Con: 2, Reading: 0.227778, outcome score: 0.589333.
[lifelong_slam_toolbox_node-1] [INFO] [1787309279.640603900] [slam_toolbox]: Metric Scores: Initial: 0.594000, IOU: 0.752904, Area: 0.860012, Num Con: 2, Reading: 0.225000, outcome score: 0.579500.
[lifelong_slam_toolbox_node-1] [INFO] [1787309279.640617900] [slam_toolbox]: Metric Scores: Initial: 0.584333, IOU: 0.743471, Area: 0.853818, Num Con: 2, Reading: 0.222222, outcome score: 0.570000.
[lifelong_slam_toolbox_node-1] [INFO] [1787309280.037644255] [slam_toolbox]: Metric Scores: Initial: 1.000000, IOU: 0.995621, Area: 0.998567, Num Con: 2, Reading: 0.683333, outcome score: -1.000000.
[lifelong_slam_toolbox_node-1] [INFO] [1787309280.037727655] [slam_toolbox]: Metric Scores: Initial: 1.000000, IOU: 0.936697, Area: 0.965804, Num Con: 3, Reading: 0.683333, outcome score: 0.999000.
[lifelong_slam_toolbox_node-1] [INFO] [1787309280.037752955] [slam_toolbox]: Metric Scores: Initial: 0.429166, IOU: 0.811124, Area: 0.895782, Num Con: 2, Reading: 0.455556, outcome score: 0.400833.
[lifelong_slam_toolbox_node-1] [INFO] [1787309280.037766156] [slam_toolbox]: Metric Scores: Initial: 0.968897, IOU: 0.787000, Area: 0.881821, Num Con: 3, Reading: 0.233333, outcome score: 0.967461.
[lifelong_slam_toolbox_node-1] [INFO] [1787309280.037779256] [slam_toolbox]: Metric Scores: Initial: 0.964867, IOU: 0.799209, Area: 0.890158, Num Con: 3, Reading: 0.452778, outcome score: 0.962913.
[lifelong_slam_toolbox_node-1] [INFO] [1787309280.037792556] [slam_toolbox]: Metric Scores: Initial: 0.967461, IOU: 0.775260, Area: 0.874415, Num Con: 3, Reading: 0.233333, outcome score: 0.966006.
[lifelong_slam_toolbox_node-1] [INFO] [1787309280.037806356] [slam_toolbox]: Metric Scores: Initial: 0.589333, IOU: 0.763878, Area: 0.867117, Num Con: 2, Reading: 0.227778, outcome score: 0.574667.
[lifelong_slam_toolbox_node-1] [INFO] [1787309280.037819656] [slam_toolbox]: Metric Scores: Initial: 0.579500, IOU: 0.753906, Area: 0.860668, Num Con: 2, Reading: 0.225000, outcome score: 0.565000.
[lifelong_slam_toolbox_node-1] [INFO] [1787309280.037868856] [slam_toolbox]: Metric Scores: Initial: 0.570000, IOU: 0.744463, Area: 0.854474, Num Con: 2, Reading: 0.222222, outcome score: 0.555667.
[lifelong_slam_toolbox_node-1] [INFO] [1787309280.424632255] [slam_toolbox]: Metric Scores: Initial: 1.000000, IOU: 0.935420, Area: 0.965065, Num Con: 3, Reading: 0.686111, outcome score: 0.999000.
[lifelong_slam_toolbox_node-1] [INFO] [1787309280.424746756] [slam_toolbox]: Metric Scores: Initial: 0.999000, IOU: 0.929095, Area: 0.961699, Num Con: 3, Reading: 0.683333, outcome score: 0.997959.
[lifelong_slam_toolbox_node-1] [INFO] [1787309280.424773856] [slam_toolbox]: Metric Scores: Initial: 0.400833, IOU: 0.813834, Area: 0.897393, Num Con: 2, Reading: 0.455556, outcome score: 0.372500.
[lifelong_slam_toolbox_node-1] [INFO] [1787309280.424788056] [slam_toolbox]: Metric Scores: Initial: 0.967461, IOU: 0.789636, Area: 0.883433, Num Con: 3, Reading: 0.233333, outcome score: 0.966006.
[lifelong_slam_toolbox_node-1] [INFO] [1787309280.424801056] [slam_toolbox]: Metric Scores: Initial: 0.962913, IOU: 0.801890, Area: 0.891777, Num Con: 3, Reading: 0.452778, outcome score: 0.960905.
[lifelong_slam_toolbox_node-1] [INFO] [1787309280.424813556] [slam_toolbox]: Metric Scores: Initial: 0.966006, IOU: 0.777860, Area: 0.876027, Num Con: 3, Reading: 0.233333, outcome score: 0.964530.
[lifelong_slam_toolbox_node-1] [INFO] [1787309280.424827556] [slam_toolbox]: Metric Scores: Initial: 0.574667, IOU: 0.766436, Area: 0.868723, Num Con: 2, Reading: 0.227778, outcome score: 0.560000.
[lifelong_slam_toolbox_node-1] [INFO] [1787309280.424840856] [slam_toolbox]: Metric Scores: Initial: 0.565000, IOU: 0.756431, Area: 0.862272, Num Con: 2, Reading: 0.225000, outcome score: 0.550500.
[lifelong_slam_toolbox_node-1] [INFO] [1787309280.424854056] [slam_toolbox]: Metric Scores: Initial: 0.555667, IOU: 0.746957, Area: 0.856076, Num Con: 2, Reading: 0.222222, outcome score: 0.541333.
[lifelong_slam_toolbox_node-1] 
[lifelong_slam_toolbox_node-1] Solver Summary (v 2.2.0-eigen-(3.4.0)-lapack-suitesparse-(7.6.1)-eigensparse)
[lifelong_slam_toolbox_node-1] 
[lifelong_slam_toolbox_node-1]                                      Original                  Reduced
[lifelong_slam_toolbox_node-1] Parameter blocks                          210                      111
[lifelong_slam_toolbox_node-1] Parameters                                210                      111
[lifelong_slam_toolbox_node-1] Residual blocks                            35                       35
[lifelong_slam_toolbox_node-1] Residuals                                 105                      105
[lifelong_slam_toolbox_node-1] 
[lifelong_slam_toolbox_node-1] Minimizer                        TRUST_REGION
[lifelong_slam_toolbox_node-1] Trust region strategy     LEVENBERG_MARQUARDT
[lifelong_slam_toolbox_node-1] Sparse linear algebra library    SUITE_SPARSE 
[lifelong_slam_toolbox_node-1] 
[lifelong_slam_toolbox_node-1]                                         Given                     Used
[lifelong_slam_toolbox_node-1] Linear solver          SPARSE_NORMAL_CHOLESKY   SPARSE_NORMAL_CHOLESKY
[lifelong_slam_toolbox_node-1] Threads                                    50                        8
[lifelong_slam_toolbox_node-1] Linear solver ordering              AUTOMATIC                      111
[lifelong_slam_toolbox_node-1] 
[lifelong_slam_toolbox_node-1] Cost:
[lifelong_slam_toolbox_node-1] Initial                          1.031810e-01
[lifelong_slam_toolbox_node-1] Final                            3.577391e-02
[lifelong_slam_toolbox_node-1] Change                           6.740712e-02
[lifelong_slam_toolbox_node-1] 
[lifelong_slam_toolbox_node-1] Minimizer iterations                        2
[lifelong_slam_toolbox_node-1] Successful steps                            2
[lifelong_slam_toolbox_node-1] Unsuccessful steps                          0
[lifelong_slam_toolbox_node-1] 
[lifelong_slam_toolbox_node-1] Time (in seconds):
[lifelong_slam_toolbox_node-1] Preprocessor                         0.000221
[lifelong_slam_toolbox_node-1] 
[lifelong_slam_toolbox_node-1]   Residual only evaluation           0.000029 (2)
[lifelong_slam_toolbox_node-1]   Jacobian & residual evaluation     0.000161 (2)
[lifelong_slam_toolbox_node-1]   Linear solver                      0.000208 (2)
[lifelong_slam_toolbox_node-1] Minimizer                            0.000514
[lifelong_slam_toolbox_node-1] 
[lifelong_slam_toolbox_node-1] Postprocessor                        0.000012
[lifelong_slam_toolbox_node-1] Total                                0.000748
[lifelong_slam_toolbox_node-1] 
[lifelong_slam_toolbox_node-1] Termination:                      CONVERGENCE (Parameter tolerance reached. Relative step_norm: 1.438942e-05 <= 1.000000e-03.)
[lifelong_slam_toolbox_node-1] 
[lifelong_slam_toolbox_node-1] [INFO] [1787309280.828991449] [slam_toolbox]: Metric Scores: Initial: 1.000000, IOU: 0.993660, Area: 0.997573, Num Con: 2, Reading: 0.683333, outcome score: -1.000000.
[lifelong_slam_toolbox_node-1] [INFO] [1787309280.829079850] [slam_toolbox]: Metric Scores: Initial: 1.000000, IOU: 0.934495, Area: 0.964584, Num Con: 2, Reading: 0.683333, outcome score: -1.000000.
[lifelong_slam_toolbox_node-1] [INFO] [1787309280.829095650] [slam_toolbox]: Metric Scores: Initial: 0.999000, IOU: 0.929493, Area: 0.961911, Num Con: 3, Reading: 0.686111, outcome score: 0.997959.
[lifelong_slam_toolbox_node-1] [INFO] [1787309280.829109850] [slam_toolbox]: Metric Scores: Initial: 0.997959, IOU: 0.923218, Area: 0.958552, Num Con: 3, Reading: 0.683333, outcome score: 0.996875.
[lifelong_slam_toolbox_node-1] [INFO] [1787309280.829131550] [slam_toolbox]: Metric Scores: Initial: 0.372500, IOU: 0.816018, Area: 0.898734, Num Con: 2, Reading: 0.455556, outcome score: 0.344166.
[lifelong_slam_toolbox_node-1] [INFO] [1787309280.829144350] [slam_toolbox]: Metric Scores: Initial: 0.966006, IOU: 0.791762, Area: 0.884775, Num Con: 3, Reading: 0.233333, outcome score: 0.964530.
[lifelong_slam_toolbox_node-1] [INFO] [1787309280.829158150] [slam_toolbox]: Metric Scores: Initial: 0.960905, IOU: 0.804050, Area: 0.893123, Num Con: 3, Reading: 0.452778, outcome score: 0.958843.
[lifelong_slam_toolbox_node-1] [INFO] [1787309280.829170450] [slam_toolbox]: Metric Scores: Initial: 0.964530, IOU: 0.779956, Area: 0.877367, Num Con: 3, Reading: 0.233333, outcome score: 0.963033.
[lifelong_slam_toolbox_node-1] [INFO] [1787309280.829184250] [slam_toolbox]: Metric Scores: Initial: 0.560000, IOU: 0.768498, Area: 0.870059, Num Con: 2, Reading: 0.227778, outcome score: 0.545333.
[lifelong_slam_toolbox_node-1] [INFO] [1787309280.829208951] [slam_toolbox]: Metric Scores: Initial: 0.550500, IOU: 0.758467, Area: 0.863606, Num Con: 2, Reading: 0.225000, outcome score: 0.536000.
[lifelong_slam_toolbox_node-1] [INFO] [1787309280.829223751] [slam_toolbox]: Metric Scores: Initial: 0.541333, IOU: 0.748968, Area: 0.857408, Num Con: 2, Reading: 0.222222, outcome score: 0.527000.
[lifelong_slam_toolbox_node-1] W20260821 10:48:01.249410 600212 preprocessor.cc:67] Specified options.num_threads: 50 exceeds maximum available from the threading model Ceres was compiled with: 8.  Bounding to maximum number available.
[lifelong_slam_toolbox_node-1] [INFO] [1787309281.251040040] [slam_toolbox]: Metric Scores: Initial: 0.344166, IOU: 0.822704, Area: 0.902805, Num Con: 2, Reading: 0.455556, outcome score: 0.315833.
[lifelong_slam_toolbox_node-1] [INFO] [1787309281.251094340] [slam_toolbox]: Metric Scores: Initial: 0.997959, IOU: 0.923515, Area: 0.958704, Num Con: 2, Reading: 0.686111, outcome score: -1.000000.
[lifelong_slam_toolbox_node-1] [INFO] [1787309281.251112440] [slam_toolbox]: Metric Scores: Initial: 0.964530, IOU: 0.798231, Area: 0.888830, Num Con: 3, Reading: 0.233333, outcome score: 0.963033.
[lifelong_slam_toolbox_node-1] [INFO] [1787309281.251125540] [slam_toolbox]: Metric Scores: Initial: 0.958843, IOU: 0.810637, Area: 0.897198, Num Con: 3, Reading: 0.452778, outcome score: 0.956725.
[lifelong_slam_toolbox_node-1] [INFO] [1787309281.251137840] [slam_toolbox]: Metric Scores: Initial: 0.996875, IOU: 0.917297, Area: 0.955349, Num Con: 3, Reading: 0.683333, outcome score: 0.995747.
[lifelong_slam_toolbox_node-1] [INFO] [1787309281.251153940] [slam_toolbox]: Metric Scores: Initial: 0.963033, IOU: 0.786321, Area: 0.881410, Num Con: 3, Reading: 0.233333, outcome score: 0.961516.
[lifelong_slam_toolbox_node-1] [INFO] [1787309281.251169540] [slam_toolbox]: Metric Scores: Initial: 0.545333, IOU: 0.774757, Area: 0.874087, Num Con: 2, Reading: 0.227778, outcome score: 0.530667.
[lifelong_slam_toolbox_node-1] [INFO] [1787309281.251184141] [slam_toolbox]: Metric Scores: Initial: 0.536000, IOU: 0.764636, Area: 0.867621, Num Con: 2, Reading: 0.225000, outcome score: 0.521500.
[lifelong_slam_toolbox_node-1] [INFO] [1787309281.251215741] [slam_toolbox]: Metric Scores: Initial: 0.527000, IOU: 0.755053, Area: 0.861411, Num Con: 2, Reading: 0.222222, outcome score: 0.512667.
[lifelong_slam_toolbox_node-1] [INFO] [1787309281.625101670] [slam_toolbox]: Metric Scores: Initial: 1.000000, IOU: 0.998521, Area: 1.000000, Num Con: 2, Reading: 0.686111, outcome score: -1.000000.
[lifelong_slam_toolbox_node-1] [INFO] [1787309281.625182970] [slam_toolbox]: Metric Scores: Initial: 0.315833, IOU: 0.824851, Area: 0.904047, Num Con: 2, Reading: 0.455556, outcome score: 0.287500.
[lifelong_slam_toolbox_node-1] [INFO] [1787309281.625212770] [slam_toolbox]: Metric Scores: Initial: 0.963033, IOU: 0.800320, Area: 0.890073, Num Con: 3, Reading: 0.233333, outcome score: 0.961516.
[lifelong_slam_toolbox_node-1] [INFO] [1787309281.625228370] [slam_toolbox]: Metric Scores: Initial: 0.956725, IOU: 0.812761, Area: 0.898446, Num Con: 3, Reading: 0.452778, outcome score: 0.954549.
[lifelong_slam_toolbox_node-1] [INFO] [1787309281.625245571] [slam_toolbox]: Metric Scores: Initial: 0.961516, IOU: 0.788381, Area: 0.882653, Num Con: 3, Reading: 0.233333, outcome score: 0.959977.
[lifelong_slam_toolbox_node-1] [INFO] [1787309281.625327671] [slam_toolbox]: Metric Scores: Initial: 0.530667, IOU: 0.776783, Area: 0.875325, Num Con: 2, Reading: 0.227778, outcome score: 0.516000.
[lifelong_slam_toolbox_node-1] [INFO] [1787309281.625350371] [slam_toolbox]: Metric Scores: Initial: 0.521500, IOU: 0.766636, Area: 0.868857, Num Con: 2, Reading: 0.225000, outcome score: 0.507000.
[lifelong_slam_toolbox_node-1] [INFO] [1787309281.625367071] [slam_toolbox]: Metric Scores: Initial: 0.512667, IOU: 0.757027, Area: 0.862646, Num Con: 2, Reading: 0.222222, outcome score: 0.498333.
[lifelong_slam_toolbox_node-1] [INFO] [1787309281.625383171] [slam_toolbox]: Metric Scores: Initial: 1.000000, IOU: 0.937744, Area: 0.967807, Num Con: 3, Reading: 0.686111, outcome score: 0.999000.
[lifelong_slam_toolbox_node-1] [INFO] [1787309282.024981840] [slam_toolbox]: Metric Scores: Initial: 0.287500, IOU: 0.829299, Area: 0.906738, Num Con: 2, Reading: 0.455556, outcome score: 0.259166.
[lifelong_slam_toolbox_node-1] [INFO] [1787309282.025043940] [slam_toolbox]: Metric Scores: Initial: 0.961516, IOU: 0.804633, Area: 0.892757, Num Con: 3, Reading: 0.233333, outcome score: 0.959977.
[lifelong_slam_toolbox_node-1] [INFO] [1787309282.025060340] [slam_toolbox]: Metric Scores: Initial: 0.954549, IOU: 0.817150, Area: 0.901142, Num Con: 3, Reading: 0.452778, outcome score: 0.952315.
[lifelong_slam_toolbox_node-1] [INFO] [1787309282.025076840] [slam_toolbox]: Metric Scores: Initial: 0.959977, IOU: 0.792628, Area: 0.885331, Num Con: 3, Reading: 0.233333, outcome score: 0.958417.
[lifelong_slam_toolbox_node-1] [INFO] [1787309282.025093540] [slam_toolbox]: Metric Scores: Initial: 0.516000, IOU: 0.780960, Area: 0.877993, Num Con: 2, Reading: 0.227778, outcome score: 0.501333.
[lifelong_slam_toolbox_node-1] [INFO] [1787309282.025110541] [slam_toolbox]: Metric Scores: Initial: 0.507000, IOU: 0.770754, Area: 0.871518, Num Con: 2, Reading: 0.225000, outcome score: 0.492500.
[lifelong_slam_toolbox_node-1] [INFO] [1787309282.025127741] [slam_toolbox]: Metric Scores: Initial: 0.498333, IOU: 0.761092, Area: 0.865300, Num Con: 2, Reading: 0.222222, outcome score: 0.484000.
[lifelong_slam_toolbox_node-1] [INFO] [1787309282.025141841] [slam_toolbox]: Metric Scores: Initial: 1.000000, IOU: 0.933615, Area: 0.965634, Num Con: 2, Reading: 0.683333, outcome score: -1.000000.
[lifelong_slam_toolbox_node-1] [INFO] [1787309282.025155241] [slam_toolbox]: Metric Scores: Initial: 0.999000, IOU: 0.930846, Area: 0.964147, Num Con: 3, Reading: 0.686111, outcome score: 0.997959.
[lifelong_slam_toolbox_node-1] [INFO] [1787309282.423583403] [slam_toolbox]: Metric Scores: Initial: 1.000000, IOU: 0.997850, Area: 0.999685, Num Con: 2, Reading: 0.686111, outcome score: -1.000000.
[lifelong_slam_toolbox_node-1] [INFO] [1787309282.423660103] [slam_toolbox]: Metric Scores: Initial: 0.259166, IOU: 0.833204, Area: 0.909058, Num Con: 2, Reading: 0.455556, outcome score: 0.230833.
[lifelong_slam_toolbox_node-1] [INFO] [1787309282.423673603] [slam_toolbox]: Metric Scores: Initial: 0.959977, IOU: 0.808411, Area: 0.895066, Num Con: 3, Reading: 0.233333, outcome score: 0.958417.
[lifelong_slam_toolbox_node-1] [INFO] [1787309282.423684703] [slam_toolbox]: Metric Scores: Initial: 0.952315, IOU: 0.820997, Area: 0.903462, Num Con: 3, Reading: 0.452778, outcome score: 0.950019.
[lifelong_slam_toolbox_node-1] [INFO] [1787309282.423696904] [slam_toolbox]: Metric Scores: Initial: 0.958417, IOU: 0.796343, Area: 0.887632, Num Con: 3, Reading: 0.233333, outcome score: 0.956834.
[lifelong_slam_toolbox_node-1] [INFO] [1787309282.423709804] [slam_toolbox]: Metric Scores: Initial: 0.501333, IOU: 0.784613, Area: 0.880285, Num Con: 2, Reading: 0.227778, outcome score: 0.486667.
[lifelong_slam_toolbox_node-1] [INFO] [1787309282.423721604] [slam_toolbox]: Metric Scores: Initial: 0.492500, IOU: 0.774354, Area: 0.873803, Num Con: 2, Reading: 0.225000, outcome score: 0.478000.
[lifelong_slam_toolbox_node-1] [INFO] [1787309282.423731304] [slam_toolbox]: Metric Scores: Initial: 1.000000, IOU: 0.938900, Area: 0.968471, Num Con: 2, Reading: 0.683333, outcome score: -1.000000.
[lifelong_slam_toolbox_node-1] [INFO] [1787309282.423740004] [slam_toolbox]: Metric Scores: Initial: 0.484000, IOU: 0.764641, Area: 0.867579, Num Con: 2, Reading: 0.222222, outcome score: 0.469667.
[lifelong_slam_toolbox_node-1] [INFO] [1787309282.825695685] [slam_toolbox]: Metric Scores: Initial: 0.230833, IOU: 0.837996, Area: 0.911905, Num Con: 2, Reading: 0.455556, outcome score: 0.202500.
[lifelong_slam_toolbox_node-1] [INFO] [1787309282.825759085] [slam_toolbox]: Metric Scores: Initial: 0.958417, IOU: 0.813052, Area: 0.897903, Num Con: 3, Reading: 0.233333, outcome score: 0.956834.
[lifelong_slam_toolbox_node-1] [INFO] [1787309282.825769985] [slam_toolbox]: Metric Scores: Initial: 0.950019, IOU: 0.825722, Area: 0.906313, Num Con: 3, Reading: 0.452778, outcome score: 0.947661.
[lifelong_slam_toolbox_node-1] [INFO] [1787309282.825848286] [slam_toolbox]: Metric Scores: Initial: 0.956834, IOU: 0.800911, Area: 0.890461, Num Con: 3, Reading: 0.233333, outcome score: 0.955230.
[lifelong_slam_toolbox_node-1] [INFO] [1787309282.825861986] [slam_toolbox]: Metric Scores: Initial: 0.486667, IOU: 0.789104, Area: 0.883104, Num Con: 2, Reading: 0.227778, outcome score: 0.472000.
[lifelong_slam_toolbox_node-1] [INFO] [1787309282.825871886] [slam_toolbox]: Metric Scores: Initial: 0.478000, IOU: 0.778781, Area: 0.876614, Num Con: 2, Reading: 0.225000, outcome score: 0.463500.
[lifelong_slam_toolbox_node-1] [INFO] [1787309282.825881686] [slam_toolbox]: Metric Scores: Initial: 0.469667, IOU: 0.769008, Area: 0.870382, Num Con: 2, Reading: 0.222222, outcome score: 0.455333.
[lifelong_slam_toolbox_node-1] [INFO] [1787309283.223905346] [slam_toolbox]: Metric Scores: Initial: 1.000000, IOU: 0.997757, Area: 0.999634, Num Con: 2, Reading: 0.680556, outcome score: -1.000000.
[lifelong_slam_toolbox_node-1] [INFO] [1787309283.223987846] [slam_toolbox]: Metric Scores: Initial: 0.202500, IOU: 0.845412, Area: 0.916265, Num Con: 2, Reading: 0.455556, outcome score: 0.174166.
[lifelong_slam_toolbox_node-1] [INFO] [1787309283.224001147] [slam_toolbox]: Metric Scores: Initial: 0.956834, IOU: 0.820219, Area: 0.902238, Num Con: 3, Reading: 0.233333, outcome score: 0.955230.
[lifelong_slam_toolbox_node-1] [INFO] [1787309283.224010947] [slam_toolbox]: Metric Scores: Initial: 0.947661, IOU: 0.833022, Area: 0.910671, Num Con: 3, Reading: 0.452778, outcome score: 0.945239.
[lifelong_slam_toolbox_node-1] [INFO] [1787309283.224023647] [slam_toolbox]: Metric Scores: Initial: 0.955230, IOU: 0.807957, Area: 0.894782, Num Con: 3, Reading: 0.233333, outcome score: 0.953603.
[lifelong_slam_toolbox_node-1] [INFO] [1787309283.224033247] [slam_toolbox]: Metric Scores: Initial: 1.000000, IOU: 0.941703, Area: 0.969956, Num Con: 3, Reading: 0.683333, outcome score: 0.999000.
[lifelong_slam_toolbox_node-1] [INFO] [1787309283.224042447] [slam_toolbox]: Metric Scores: Initial: 0.472000, IOU: 0.796029, Area: 0.887407, Num Con: 2, Reading: 0.227778, outcome score: 0.457333.
[lifelong_slam_toolbox_node-1] [INFO] [1787309283.224052847] [slam_toolbox]: Metric Scores: Initial: 0.463500, IOU: 0.785603, Area: 0.880902, Num Con: 2, Reading: 0.225000, outcome score: 0.449000.
[lifelong_slam_toolbox_node-1] [INFO] [1787309283.224061947] [slam_toolbox]: Metric Scores: Initial: 0.455333, IOU: 0.775733, Area: 0.874656, Num Con: 2, Reading: 0.222222, outcome score: 0.441000.
[lifelong_slam_toolbox_node-1] [INFO] [1787309283.626922633] [slam_toolbox]: Metric Scores: Initial: 0.174166, IOU: 0.850560, Area: 0.919261, Num Con: 2, Reading: 0.455556, outcome score: -1.000000.
[lifelong_slam_toolbox_node-1] [INFO] [1787309283.626982133] [slam_toolbox]: Metric Scores: Initial: 0.955230, IOU: 0.825203, Area: 0.905224, Num Con: 3, Reading: 0.233333, outcome score: 0.953603.
[lifelong_slam_toolbox_node-1] [INFO] [1787309283.626994833] [slam_toolbox]: Metric Scores: Initial: 0.945239, IOU: 0.838097, Area: 0.913671, Num Con: 3, Reading: 0.452778, outcome score: 0.942752.
[lifelong_slam_toolbox_node-1] [INFO] [1787309283.627006034] [slam_toolbox]: Metric Scores: Initial: 1.000000, IOU: 0.943141, Area: 0.970673, Num Con: 2, Reading: 0.683333, outcome score: -1.000000.
[lifelong_slam_toolbox_node-1] [INFO] [1787309283.627016534] [slam_toolbox]: Metric Scores: Initial: 0.953603, IOU: 0.812860, Area: 0.897759, Num Con: 3, Reading: 0.233333, outcome score: 0.951954.
[lifelong_slam_toolbox_node-1] [INFO] [1787309283.627026134] [slam_toolbox]: Metric Scores: Initial: 0.999000, IOU: 0.935852, Area: 0.966823, Num Con: 3, Reading: 0.683333, outcome score: 0.997959.
[lifelong_slam_toolbox_node-1] [INFO] [1787309283.627036134] [slam_toolbox]: Metric Scores: Initial: 0.457333, IOU: 0.800849, Area: 0.890372, Num Con: 2, Reading: 0.227778, outcome score: 0.442667.
[lifelong_slam_toolbox_node-1] [INFO] [1787309283.627045934] [slam_toolbox]: Metric Scores: Initial: 0.449000, IOU: 0.790353, Area: 0.883859, Num Con: 2, Reading: 0.225000, outcome score: 0.434500.
[lifelong_slam_toolbox_node-1] [INFO] [1787309283.627055034] [slam_toolbox]: Metric Scores: Initial: 0.441000, IOU: 0.780418, Area: 0.877605, Num Con: 2, Reading: 0.222222, outcome score: 0.426667.
[lifelong_slam_toolbox_node-1] [INFO] [1787309284.024932993] [slam_toolbox]: Metric Scores: Initial: 1.000000, IOU: 0.998246, Area: 0.999881, Num Con: 2, Reading: 0.680556, outcome score: -1.000000.
[lifelong_slam_toolbox_node-1] [INFO] [1787309284.025021893] [slam_toolbox]: Metric Scores: Initial: 0.953603, IOU: 0.831528, Area: 0.909018, Num Con: 3, Reading: 0.233333, outcome score: 0.951954.
[lifelong_slam_toolbox_node-1] [INFO] [1787309284.025082894] [slam_toolbox]: Metric Scores: Initial: 0.942752, IOU: 0.844539, Area: 0.917485, Num Con: 2, Reading: 0.452778, outcome score: 0.914585.
[lifelong_slam_toolbox_node-1] [INFO] [1787309284.025093194] [slam_toolbox]: Metric Scores: Initial: 0.951954, IOU: 0.819078, Area: 0.901540, Num Con: 3, Reading: 0.233333, outcome score: 0.950281.
[lifelong_slam_toolbox_node-1] [INFO] [1787309284.025102294] [slam_toolbox]: Metric Scores: Initial: 0.442667, IOU: 0.806960, Area: 0.894138, Num Con: 2, Reading: 0.227778, outcome score: 0.428000.
[lifelong_slam_toolbox_node-1] [INFO] [1787309284.025112594] [slam_toolbox]: Metric Scores: Initial: 0.434500, IOU: 0.796373, Area: 0.887613, Num Con: 2, Reading: 0.225000, outcome score: 0.420000.
[lifelong_slam_toolbox_node-1] [INFO] [1787309284.025121394] [slam_toolbox]: Metric Scores: Initial: 0.426667, IOU: 0.786353, Area: 0.881347, Num Con: 2, Reading: 0.222222, outcome score: 0.412333.
[lifelong_slam_toolbox_node-1] [INFO] [1787309284.426724373] [slam_toolbox]: Metric Scores: Initial: 1.000000, IOU: 0.941167, Area: 0.969638, Num Con: 2, Reading: 0.683333, outcome score: -1.000000.
[lifelong_slam_toolbox_node-1] [INFO] [1787309284.426785574] [slam_toolbox]: Metric Scores: Initial: 0.951954, IOU: 0.838507, Area: 0.913135, Num Con: 3, Reading: 0.233333, outcome score: 0.950281.
[lifelong_slam_toolbox_node-1] [INFO] [1787309284.426800274] [slam_toolbox]: Metric Scores: Initial: 0.914585, IOU: 0.851649, Area: 0.921623, Num Con: 2, Reading: 0.452778, outcome score: -1.000000.
[lifelong_slam_toolbox_node-1] [INFO] [1787309284.426811874] [slam_toolbox]: Metric Scores: Initial: 0.950281, IOU: 0.825936, Area: 0.905642, Num Con: 3, Reading: 0.233333, outcome score: 0.948585.
[lifelong_slam_toolbox_node-1] [INFO] [1787309284.426824374] [slam_toolbox]: Metric Scores: Initial: 0.428000, IOU: 0.813700, Area: 0.898224, Num Con: 2, Reading: 0.227778, outcome score: 0.413333.
[lifelong_slam_toolbox_node-1] [INFO] [1787309284.426837874] [slam_toolbox]: Metric Scores: Initial: 0.420000, IOU: 0.803011, Area: 0.891684, Num Con: 2, Reading: 0.225000, outcome score: 0.405500.
[lifelong_slam_toolbox_node-1] [INFO] [1787309284.426852074] [slam_toolbox]: Metric Scores: Initial: 0.412333, IOU: 0.792895, Area: 0.885405, Num Con: 2, Reading: 0.222222, outcome score: 0.398000.
[lifelong_slam_toolbox_node-1] [INFO] [1787309284.838314607] [slam_toolbox]: Metric Scores: Initial: 1.000000, IOU: 0.998256, Area: 0.999876, Num Con: 2, Reading: 0.680556, outcome score: -1.000000.
[lifelong_slam_toolbox_node-1] [INFO] [1787309284.838421207] [slam_toolbox]: Metric Scores: Initial: 0.950281, IOU: 0.845653, Area: 0.917355, Num Con: 2, Reading: 0.233333, outcome score: 0.935281.
[lifelong_slam_toolbox_node-1] [INFO] [1787309284.838436408] [slam_toolbox]: Metric Scores: Initial: 0.948585, IOU: 0.832960, Area: 0.909847, Num Con: 3, Reading: 0.233333, outcome score: 0.946865.
[lifelong_slam_toolbox_node-1] [INFO] [1787309284.838451408] [slam_toolbox]: Metric Scores: Initial: 0.413333, IOU: 0.820602, Area: 0.902412, Num Con: 2, Reading: 0.227778, outcome score: 0.398667.
[lifelong_slam_toolbox_node-1] [INFO] [1787309284.838466008] [slam_toolbox]: Metric Scores: Initial: 0.405500, IOU: 0.809809, Area: 0.895859, Num Con: 2, Reading: 0.225000, outcome score: 0.391000.
[lifelong_slam_toolbox_node-1] [INFO] [1787309284.838481108] [slam_toolbox]: Metric Scores: Initial: 0.398000, IOU: 0.799596, Area: 0.889566, Num Con: 2, Reading: 0.222222, outcome score: 0.383667.
[lifelong_slam_toolbox_node-1] [INFO] [1787309285.229390629] [slam_toolbox]: Metric Scores: Initial: 1.000000, IOU: 0.930156, Area: 0.963693, Num Con: 3, Reading: 0.683333, outcome score: 0.999000.
[lifelong_slam_toolbox_node-1] [INFO] [1787309285.229464929] [slam_toolbox]: Metric Scores: Initial: 0.935281, IOU: 0.855461, Area: 0.923059, Num Con: 2, Reading: 0.233333, outcome score: -1.000000.
[lifelong_slam_toolbox_node-1] [INFO] [1787309285.229480330] [slam_toolbox]: Metric Scores: Initial: 0.946865, IOU: 0.842595, Area: 0.915529, Num Con: 3, Reading: 0.233333, outcome score: 0.945121.
[lifelong_slam_toolbox_node-1] [INFO] [1787309285.229489130] [slam_toolbox]: Metric Scores: Initial: 0.398667, IOU: 0.830069, Area: 0.908071, Num Con: 2, Reading: 0.227778, outcome score: 0.384000.
[lifelong_slam_toolbox_node-1] [INFO] [1787309285.229498630] [slam_toolbox]: Metric Scores: Initial: 0.391000, IOU: 0.819131, Area: 0.901498, Num Con: 2, Reading: 0.225000, outcome score: 0.376500.
[lifelong_slam_toolbox_node-1] [INFO] [1787309285.229508330] [slam_toolbox]: Metric Scores: Initial: 0.383667, IOU: 0.808780, Area: 0.895186, Num Con: 2, Reading: 0.222222, outcome score: 0.369333.
[lifelong_slam_toolbox_node-1] 
[lifelong_slam_toolbox_node-1] Solver Summary (v 2.2.0-eigen-(3.4.0)-lapack-suitesparse-(7.6.1)-eigensparse)
[lifelong_slam_toolbox_node-1] 
[lifelong_slam_toolbox_node-1]                                      Original                  Reduced
[lifelong_slam_toolbox_node-1] Parameter blocks                          213                      114
[lifelong_slam_toolbox_node-1] Parameters                                213                      114
[lifelong_slam_toolbox_node-1] Residual blocks                            37                       37
[lifelong_slam_toolbox_node-1] Residuals                                 111                      111
[lifelong_slam_toolbox_node-1] 
[lifelong_slam_toolbox_node-1] Minimizer                        TRUST_REGION
[lifelong_slam_toolbox_node-1] Trust region strategy     LEVENBERG_MARQUARDT
[lifelong_slam_toolbox_node-1] Sparse linear algebra library    SUITE_SPARSE 
[lifelong_slam_toolbox_node-1] 
[lifelong_slam_toolbox_node-1]                                         Given                     Used
[lifelong_slam_toolbox_node-1] Linear solver          SPARSE_NORMAL_CHOLESKY   SPARSE_NORMAL_CHOLESKY
[lifelong_slam_toolbox_node-1] Threads                                    50                        8
[lifelong_slam_toolbox_node-1] Linear solver ordering              AUTOMATIC                      114
[lifelong_slam_toolbox_node-1] 
[lifelong_slam_toolbox_node-1] Cost:
[lifelong_slam_toolbox_node-1] Initial                          1.229533e-01
[lifelong_slam_toolbox_node-1] Final                            3.577300e-02
[lifelong_slam_toolbox_node-1] Change                           8.718030e-02
[lifelong_slam_toolbox_node-1] 
[lifelong_slam_toolbox_node-1] Minimizer iterations                        2
[lifelong_slam_toolbox_node-1] Successful steps                            2
[lifelong_slam_toolbox_node-1] Unsuccessful steps                          0
[lifelong_slam_toolbox_node-1] 
[lifelong_slam_toolbox_node-1] Time (in seconds):
[lifelong_slam_toolbox_node-1] Preprocessor                         0.000257
[lifelong_slam_toolbox_node-1] 
[lifelong_slam_toolbox_node-1]   Residual only evaluation           0.000035 (2)
[lifelong_slam_toolbox_node-1]   Jacobian & residual evaluation     0.000147 (2)
[lifelong_slam_toolbox_node-1]   Linear solver                      0.000264 (2)
[lifelong_slam_toolbox_node-1] Minimizer                            0.000575
[lifelong_slam_toolbox_node-1] 
[lifelong_slam_toolbox_node-1] Postprocessor                        0.000014
[lifelong_slam_toolbox_node-1] Total                                0.000846
[lifelong_slam_toolbox_node-1] 
[lifelong_slam_toolbox_node-1] Termination:                      CONVERGENCE (Parameter tolerance reached. Relative step_norm: 4.958094e-05 <= 1.000000e-03.)
[lifelong_slam_toolbox_node-1] 
[lifelong_slam_toolbox_node-1] [INFO] [1787309285.631882513] [slam_toolbox]: Metric Scores: Initial: 1.000000, IOU: 0.923674, Area: 0.960269, Num Con: 2, Reading: 0.686111, outcome score: -1.000000.
[lifelong_slam_toolbox_node-1] [INFO] [1787309285.631933913] [slam_toolbox]: Metric Scores: Initial: 0.999000, IOU: 0.921066, Area: 0.958806, Num Con: 3, Reading: 0.683333, outcome score: 0.997959.
[lifelong_slam_toolbox_node-1] W20260821 10:48:06.063807 600212 preprocessor.cc:67] Specified options.num_threads: 50 exceeds maximum available from the threading model Ceres was compiled with: 8.  Bounding to maximum number available.
[lifelong_slam_toolbox_node-1] [INFO] [1787309286.065502466] [slam_toolbox]: Metric Scores: Initial: 1.000000, IOU: 0.997941, Area: 0.999695, Num Con: 2, Reading: 0.666667, outcome score: -1.000000.
[lifelong_slam_toolbox_node-1] [INFO] [1787309286.065561267] [slam_toolbox]: Metric Scores: Initial: 0.997974, IOU: 0.990205, Area: 0.995793, Num Con: 2, Reading: 0.666667, outcome score: -1.000000.
[lifelong_slam_toolbox_node-1] [INFO] [1787309286.065576367] [slam_toolbox]: Metric Scores: Initial: 0.997959, IOU: 0.911337, Area: 0.953515, Num Con: 2, Reading: 0.683333, outcome score: -1.000000.
[lifelong_slam_toolbox_node-1] [INFO] [1787309286.424642715] [slam_toolbox]: Metric Scores: Initial: 1.000000, IOU: 0.909694, Area: 0.952635, Num Con: 2, Reading: 0.686111, outcome score: -1.000000.
[lifelong_slam_toolbox_node-1] [INFO] [1787309287.227337171] [slam_toolbox]: Metric Scores: Initial: 1.000000, IOU: 0.996999, Area: 1.000000, Num Con: 2, Reading: 0.605556, outcome score: -1.000000.
[lifelong_slam_toolbox_node-1] [INFO] [1787309287.227418171] [slam_toolbox]: Metric Scores: Initial: 1.000000, IOU: 0.901357, Area: 0.948029, Num Con: 2, Reading: 0.438889, outcome score: -1.000000.
[lifelong_slam_toolbox_node-1] [INFO] [1787309288.024053094] [slam_toolbox]: Metric Scores: Initial: 1.000000, IOU: 0.988550, Area: 0.994245, Num Con: 2, Reading: 0.608333, outcome score: -1.000000.
[lifelong_slam_toolbox_node-1] [INFO] [1787309288.024110095] [slam_toolbox]: Metric Scores: Initial: 0.997976, IOU: 0.974881, Area: 0.987267, Num Con: 2, Reading: 0.608333, outcome score: -1.000000.
[lifelong_slam_toolbox_node-1] [INFO] [1787309288.024143795] [slam_toolbox]: Metric Scores: Initial: 1.000000, IOU: 0.890746, Area: 0.941837, Num Con: 2, Reading: 0.441667, outcome score: -1.000000.
[lifelong_slam_toolbox_node-1] [INFO] [1787309288.824426937] [slam_toolbox]: Metric Scores: Initial: 1.000000, IOU: 0.998956, Area: 0.999469, Num Con: 2, Reading: 0.611111, outcome score: -1.000000.
[lifelong_slam_toolbox_node-1] [INFO] [1787309288.824509538] [slam_toolbox]: Metric Scores: Initial: 1.000000, IOU: 0.883228, Area: 0.937649, Num Con: 2, Reading: 0.444444, outcome score: -1.000000.
[lifelong_slam_toolbox_node-1] [INFO] [1787309289.624393078] [slam_toolbox]: Metric Scores: Initial: 1.000000, IOU: 0.877565, Area: 0.934453, Num Con: 2, Reading: 0.438889, outcome score: -1.000000.
[lifelong_slam_toolbox_node-1] [INFO] [1787309290.024309248] [slam_toolbox]: Metric Scores: Initial: 1.000000, IOU: 0.876996, Area: 0.934166, Num Con: 2, Reading: 0.433333, outcome score: -1.000000.
[lifelong_slam_toolbox_node-1] W20260821 10:48:10.449152 600212 preprocessor.cc:67] Specified options.num_threads: 50 exceeds maximum available from the threading model Ceres was compiled with: 8.  Bounding to maximum number available.
[lifelong_slam_toolbox_node-1] [INFO] [1787309290.450636662] [slam_toolbox]: Metric Scores: Initial: 1.000000, IOU: 0.874544, Area: 0.932752, Num Con: 2, Reading: 0.433333, outcome score: -1.000000.
[lifelong_slam_toolbox_node-1] 
[lifelong_slam_toolbox_node-1] Solver Summary (v 2.2.0-eigen-(3.4.0)-lapack-suitesparse-(7.6.1)-eigensparse)
[lifelong_slam_toolbox_node-1] 
[lifelong_slam_toolbox_node-1]                                      Original                  Reduced
[lifelong_slam_toolbox_node-1] Parameter blocks                          207                      114
[lifelong_slam_toolbox_node-1] Parameters                                207                      114
[lifelong_slam_toolbox_node-1] Residual blocks                            32                       32
[lifelong_slam_toolbox_node-1] Residuals                                  96                       96
[lifelong_slam_toolbox_node-1] 
[lifelong_slam_toolbox_node-1] Minimizer                        TRUST_REGION
[lifelong_slam_toolbox_node-1] Trust region strategy     LEVENBERG_MARQUARDT
[lifelong_slam_toolbox_node-1] Sparse linear algebra library    SUITE_SPARSE 
[lifelong_slam_toolbox_node-1] 
[lifelong_slam_toolbox_node-1]                                         Given                     Used
[lifelong_slam_toolbox_node-1] Linear solver          SPARSE_NORMAL_CHOLESKY   SPARSE_NORMAL_CHOLESKY
[lifelong_slam_toolbox_node-1] Threads                                    50                        8
[lifelong_slam_toolbox_node-1] Linear solver ordering              AUTOMATIC                      114
[lifelong_slam_toolbox_node-1] 
[lifelong_slam_toolbox_node-1] Cost:
[lifelong_slam_toolbox_node-1] Initial                          6.168387e-02
[lifelong_slam_toolbox_node-1] Final                            2.046866e-06
[lifelong_slam_toolbox_node-1] Change                           6.168182e-02
[lifelong_slam_toolbox_node-1] 
[lifelong_slam_toolbox_node-1] Minimizer iterations                        2
[lifelong_slam_toolbox_node-1] Successful steps                            2
[lifelong_slam_toolbox_node-1] Unsuccessful steps                          0
[lifelong_slam_toolbox_node-1] 
[lifelong_slam_toolbox_node-1] Time (in seconds):
[lifelong_slam_toolbox_node-1] Preprocessor                         0.000227
[lifelong_slam_toolbox_node-1] 
[lifelong_slam_toolbox_node-1]   Residual only evaluation           0.000038 (2)
[lifelong_slam_toolbox_node-1]   Jacobian & residual evaluation     0.000139 (2)
[lifelong_slam_toolbox_node-1]   Linear solver                      0.000207 (2)
[lifelong_slam_toolbox_node-1] Minimizer                            0.000491
[lifelong_slam_toolbox_node-1] 
[lifelong_slam_toolbox_node-1] Postprocessor                        0.000016
[lifelong_slam_toolbox_node-1] Total                                0.000734
[lifelong_slam_toolbox_node-1] 
[lifelong_slam_toolbox_node-1] Termination:                      CONVERGENCE (Parameter tolerance reached. Relative step_norm: 3.734303e-05 <= 1.000000e-03.)
[lifelong_slam_toolbox_node-1] 
[lifelong_slam_toolbox_node-1] 
[lifelong_slam_toolbox_node-1] Solver Summary (v 2.2.0-eigen-(3.4.0)-lapack-suitesparse-(7.6.1)-eigensparse)
[lifelong_slam_toolbox_node-1] 
[lifelong_slam_toolbox_node-1]                                      Original                  Reduced
[lifelong_slam_toolbox_node-1] Parameter blocks                          201                      102
[lifelong_slam_toolbox_node-1] Parameters                                201                      102
[lifelong_slam_toolbox_node-1] Residual blocks                            29                       29
[lifelong_slam_toolbox_node-1] Residuals                                  87                       87
[lifelong_slam_toolbox_node-1] 
[lifelong_slam_toolbox_node-1] Minimizer                        TRUST_REGION
[lifelong_slam_toolbox_node-1] Trust region strategy     LEVENBERG_MARQUARDT
[lifelong_slam_toolbox_node-1] Sparse linear algebra library    SUITE_SPARSE 
[lifelong_slam_toolbox_node-1] 
[lifelong_slam_toolbox_node-1]                                         Given                     Used
[lifelong_slam_toolbox_node-1] Linear solver          SPARSE_NORMAL_CHOLESKY   SPARSE_NORMAL_CHOLESKY
[lifelong_slam_toolbox_node-1] Threads                                    50                        8
[lifelong_slam_toolbox_node-1] Linear solver ordering              AUTOMATIC                      102
[lifelong_slam_toolbox_node-1] 
[lifelong_slam_toolbox_node-1] Cost:
[lifelong_slam_toolbox_node-1] Initial                          9.683457e-02
[lifelong_slam_toolbox_node-1] Final                            9.703585e-07
[lifelong_slam_toolbox_node-1] Change                           9.683360e-02
[lifelong_slam_toolbox_node-1] 
[lifelong_slam_toolbox_node-1] Minimizer iterations                        2
[lifelong_slam_toolbox_node-1] Successful steps                            2
[lifelong_slam_toolbox_node-1] Unsuccessful steps                          0
[lifelong_slam_toolbox_node-1] 
[lifelong_slam_toolbox_node-1] Time (in seconds):
[lifelong_slam_toolbox_node-1] Preprocessor                         0.000236
[lifelong_slam_toolbox_node-1] 
[lifelong_slam_toolbox_node-1]   Residual only evaluation           0.000035 (2)
[lifelong_slam_toolbox_node-1]   Jacobian & residual evaluation     0.000107 (2)
[lifelong_slam_toolbox_node-1]   Linear solver                      0.000203 (2)
[lifelong_slam_toolbox_node-1] Minimizer                            0.000441
[lifelong_slam_toolbox_node-1] 
[lifelong_slam_toolbox_node-1] Postprocessor                        0.000011
[lifelong_slam_toolbox_node-1] Total                                0.000688
[lifelong_slam_toolbox_node-1] 
[lifelong_slam_toolbox_node-1] Termination:                      CONVERGENCE (Parameter tolerance reached. Relative step_norm: 2.794487e-05 <= 1.000000e-03.)
[lifelong_slam_toolbox_node-1] 
[lifelong_slam_toolbox_node-1] [INFO] [1787309291.225059364] [slam_toolbox]: Metric Scores: Initial: 1.000000, IOU: 0.988856, Area: 0.994395, Num Con: 2, Reading: 0.608333, outcome score: -1.000000.
[lifelong_slam_toolbox_node-1] [INFO] [1787309291.225140664] [slam_toolbox]: Metric Scores: Initial: 1.000000, IOU: 0.875388, Area: 0.933257, Num Con: 2, Reading: 0.600000, outcome score: -1.000000.
[lifelong_slam_toolbox_node-1] [INFO] [1787309291.631208668] [slam_toolbox]: Metric Scores: Initial: 1.000000, IOU: 0.875905, Area: 0.933535, Num Con: 2, Reading: 0.550000, outcome score: -1.000000.
[lifelong_slam_toolbox_node-1] [INFO] [1787309292.030956537] [slam_toolbox]: Metric Scores: Initial: 1.000000, IOU: 0.989263, Area: 0.994613, Num Con: 2, Reading: 0.611111, outcome score: -1.000000.
[lifelong_slam_toolbox_node-1] [INFO] [1787309292.430906107] [slam_toolbox]: Metric Scores: Initial: 1.000000, IOU: 0.881429, Area: 0.936985, Num Con: 2, Reading: 0.400000, outcome score: -1.000000.
[lifelong_slam_toolbox_node-1] [INFO] [1787309292.824774944] [slam_toolbox]: Metric Scores: Initial: 1.000000, IOU: 0.990857, Area: 0.995419, Num Con: 2, Reading: 0.622222, outcome score: -1.000000.
[lifelong_slam_toolbox_node-1] [INFO] [1787309293.224301112] [slam_toolbox]: Metric Scores: Initial: 1.000000, IOU: 0.998947, Area: 0.999465, Num Con: 2, Reading: 0.627778, outcome score: -1.000000.
[lifelong_slam_toolbox_node-1] [INFO] [1787309293.224363512] [slam_toolbox]: Metric Scores: Initial: 0.997962, IOU: 0.990823, Area: 0.995377, Num Con: 2, Reading: 0.633333, outcome score: -1.000000.
[lifelong_slam_toolbox_node-1] [INFO] [1787309293.224403512] [slam_toolbox]: Metric Scores: Initial: 1.000000, IOU: 0.889876, Area: 0.941734, Num Con: 2, Reading: 0.408333, outcome score: -1.000000.
[lifelong_slam_toolbox_node-1] [INFO] [1787309293.625105187] [slam_toolbox]: Metric Scores: Initial: 1.000000, IOU: 0.895064, Area: 0.944635, Num Con: 2, Reading: 0.411111, outcome score: -1.000000.
[lifelong_slam_toolbox_node-1] [INFO] [1787309294.025113357] [slam_toolbox]: Metric Scores: Initial: 1.000000, IOU: 0.992548, Area: 0.996273, Num Con: 2, Reading: 0.633333, outcome score: -1.000000.
[lifelong_slam_toolbox_node-1] [INFO] [1787309294.424140022] [slam_toolbox]: Metric Scores: Initial: 1.000000, IOU: 0.904739, Area: 0.950018, Num Con: 4, Reading: 0.419444, outcome score: 0.999000.
[lifelong_slam_toolbox_node-1] [INFO] [1787309294.839257575] [slam_toolbox]: Metric Scores: Initial: 1.000000, IOU: 0.995422, Area: 0.997704, Num Con: 2, Reading: 0.641667, outcome score: -1.000000.
[lifelong_slam_toolbox_node-1] [INFO] [1787309294.839355475] [slam_toolbox]: Metric Scores: Initial: 1.000000, IOU: 0.910688, Area: 0.953283, Num Con: 2, Reading: 0.425000, outcome score: -1.000000.
[lifelong_slam_toolbox_node-1] [INFO] [1787309294.839370875] [slam_toolbox]: Metric Scores: Initial: 0.999000, IOU: 0.898911, Area: 0.946789, Num Con: 4, Reading: 0.419444, outcome score: 0.997975.
[lifelong_slam_toolbox_node-1] W20260821 10:48:15.247442 600212 preprocessor.cc:67] Specified options.num_threads: 50 exceeds maximum available from the threading model Ceres was compiled with: 8.  Bounding to maximum number available.
[lifelong_slam_toolbox_node-1] [INFO] [1787309295.248813397] [slam_toolbox]: Metric Scores: Initial: 0.997975, IOU: 0.893162, Area: 0.943583, Num Con: 3, Reading: 0.419444, outcome score: 0.996924.
[lifelong_slam_toolbox_node-1] 
[lifelong_slam_toolbox_node-1] Solver Summary (v 2.2.0-eigen-(3.4.0)-lapack-suitesparse-(7.6.1)-eigensparse)
[lifelong_slam_toolbox_node-1] 
[lifelong_slam_toolbox_node-1]                                      Original                  Reduced
[lifelong_slam_toolbox_node-1] Parameter blocks                          195                       93
[lifelong_slam_toolbox_node-1] Parameters                                195                       93
[lifelong_slam_toolbox_node-1] Residual blocks                            27                       27
[lifelong_slam_toolbox_node-1] Residuals                                  81                       81
[lifelong_slam_toolbox_node-1] 
[lifelong_slam_toolbox_node-1] Minimizer                        TRUST_REGION
[lifelong_slam_toolbox_node-1] Trust region strategy     LEVENBERG_MARQUARDT
[lifelong_slam_toolbox_node-1] Sparse linear algebra library    SUITE_SPARSE 
[lifelong_slam_toolbox_node-1] 
[lifelong_slam_toolbox_node-1]                                         Given                     Used
[lifelong_slam_toolbox_node-1] Linear solver          SPARSE_NORMAL_CHOLESKY   SPARSE_NORMAL_CHOLESKY
[lifelong_slam_toolbox_node-1] Threads                                    50                        8
[lifelong_slam_toolbox_node-1] Linear solver ordering              AUTOMATIC                       93
[lifelong_slam_toolbox_node-1] 
[lifelong_slam_toolbox_node-1] Cost:
[lifelong_slam_toolbox_node-1] Initial                          2.794181e-07
[lifelong_slam_toolbox_node-1] Final                            6.737482e-14
[lifelong_slam_toolbox_node-1] Change                           2.794180e-07
[lifelong_slam_toolbox_node-1] 
[lifelong_slam_toolbox_node-1] Minimizer iterations                        2
[lifelong_slam_toolbox_node-1] Successful steps                            2
[lifelong_slam_toolbox_node-1] Unsuccessful steps                          0
[lifelong_slam_toolbox_node-1] 
[lifelong_slam_toolbox_node-1] Time (in seconds):
[lifelong_slam_toolbox_node-1] Preprocessor                         0.000217
[lifelong_slam_toolbox_node-1] 
[lifelong_slam_toolbox_node-1]   Residual only evaluation           0.000037 (2)
[lifelong_slam_toolbox_node-1]   Jacobian & residual evaluation     0.000121 (2)
[lifelong_slam_toolbox_node-1]   Linear solver                      0.000186 (2)
[lifelong_slam_toolbox_node-1] Minimizer                            0.000434
[lifelong_slam_toolbox_node-1] 
[lifelong_slam_toolbox_node-1] Postprocessor                        0.000009
[lifelong_slam_toolbox_node-1] Total                                0.000660
[lifelong_slam_toolbox_node-1] 
[lifelong_slam_toolbox_node-1] Termination:                      CONVERGENCE (Parameter tolerance reached. Relative step_norm: 1.658647e-09 <= 1.000000e-03.)
[lifelong_slam_toolbox_node-1] 
[lifelong_slam_toolbox_node-1] [INFO] [1787309295.625507641] [slam_toolbox]: Metric Scores: Initial: 1.000000, IOU: 0.998356, Area: 0.999171, Num Con: 2, Reading: 0.647222, outcome score: -1.000000.
[lifelong_slam_toolbox_node-1] [INFO] [1787309295.625569141] [slam_toolbox]: Metric Scores: Initial: 0.996924, IOU: 0.889593, Area: 0.941610, Num Con: 3, Reading: 0.419444, outcome score: 0.995846.
[lifelong_slam_toolbox_node-1] [INFO] [1787309295.625596141] [slam_toolbox]: Metric Scores: Initial: 1.000000, IOU: 0.922447, Area: 0.959701, Num Con: 2, Reading: 0.611111, outcome score: -1.000000.
[lifelong_slam_toolbox_node-1] [INFO] [1787309296.026083214] [slam_toolbox]: Metric Scores: Initial: 0.995846, IOU: 0.885634, Area: 0.939364, Num Con: 3, Reading: 0.419444, outcome score: 0.994742.
[lifelong_slam_toolbox_node-1] [INFO] [1787309296.424427476] [slam_toolbox]: Metric Scores: Initial: 0.994742, IOU: 0.882603, Area: 0.937676, Num Con: 3, Reading: 0.419444, outcome score: 0.993610.
[lifelong_slam_toolbox_node-1] [INFO] [1787309296.424494876] [slam_toolbox]: Metric Scores: Initial: 1.000000, IOU: 0.935441, Area: 0.966678, Num Con: 2, Reading: 0.622222, outcome score: -1.000000.
[lifelong_slam_toolbox_node-1] [INFO] [1787309296.825065749] [slam_toolbox]: Metric Scores: Initial: 0.993610, IOU: 0.879772, Area: 0.936067, Num Con: 3, Reading: 0.419444, outcome score: 0.992449.
[lifelong_slam_toolbox_node-1] [INFO] [1787309297.227011730] [slam_toolbox]: Metric Scores: Initial: 0.992449, IOU: 0.878095, Area: 0.935118, Num Con: 3, Reading: 0.419444, outcome score: 0.991259.
[lifelong_slam_toolbox_node-1] [INFO] [1787309297.227085031] [slam_toolbox]: Metric Scores: Initial: 1.000000, IOU: 0.947362, Area: 0.972984, Num Con: 2, Reading: 0.627778, outcome score: -1.000000.
[lifelong_slam_toolbox_node-1] [INFO] [1787309297.625661393] [slam_toolbox]: Metric Scores: Initial: 0.991259, IOU: 0.875974, Area: 0.933918, Num Con: 3, Reading: 0.419444, outcome score: 0.990039.
[lifelong_slam_toolbox_node-1] [INFO] [1787309298.029416284] [slam_toolbox]: Metric Scores: Initial: 1.000000, IOU: 0.999260, Area: 0.999617, Num Con: 2, Reading: 0.655556, outcome score: -1.000000.
[lifelong_slam_toolbox_node-1] [INFO] [1787309298.029497984] [slam_toolbox]: Metric Scores: Initial: 0.990039, IOU: 0.875279, Area: 0.933516, Num Con: 3, Reading: 0.419444, outcome score: 0.988788.
[lifelong_slam_toolbox_node-1] [INFO] [1787309298.029508584] [slam_toolbox]: Metric Scores: Initial: 1.000000, IOU: 0.959766, Area: 0.979464, Num Con: 2, Reading: 0.636111, outcome score: -1.000000.
[lifelong_slam_toolbox_node-1] [INFO] [1787309298.438827605] [slam_toolbox]: Metric Scores: Initial: 0.988788, IOU: 0.875098, Area: 0.933420, Num Con: 3, Reading: 0.419444, outcome score: 0.987506.
[lifelong_slam_toolbox_node-1] [INFO] [1787309298.836609463] [slam_toolbox]: Metric Scores: Initial: 1.000000, IOU: 0.963694, Area: 0.981526, Num Con: 2, Reading: 0.641667, outcome score: -1.000000.
[lifelong_slam_toolbox_node-1] [INFO] [1787309298.836667964] [slam_toolbox]: Metric Scores: Initial: 0.987506, IOU: 0.874681, Area: 0.933189, Num Con: 3, Reading: 0.419444, outcome score: 0.986191.
[lifelong_slam_toolbox_node-1] [INFO] [1787309299.224417868] [slam_toolbox]: Metric Scores: Initial: 1.000000, IOU: 0.956652, Area: 0.979030, Num Con: 2, Reading: 0.647222, outcome score: -1.000000.
[lifelong_slam_toolbox_node-1] [INFO] [1787309299.224475268] [slam_toolbox]: Metric Scores: Initial: 0.986191, IOU: 0.876545, Area: 0.935360, Num Con: 3, Reading: 0.419444, outcome score: 0.984844.
[lifelong_slam_toolbox_node-1] W20260821 10:48:19.653709 600212 preprocessor.cc:67] Specified options.num_threads: 50 exceeds maximum available from the threading model Ceres was compiled with: 8.  Bounding to maximum number available.
[lifelong_slam_toolbox_node-1] [INFO] [1787309299.655266305] [slam_toolbox]: Metric Scores: Initial: 1.000000, IOU: 0.996758, Area: 0.996758, Num Con: 2, Reading: 0.655556, outcome score: -1.000000.
[lifelong_slam_toolbox_node-1] [INFO] [1787309299.655321606] [slam_toolbox]: Metric Scores: Initial: 0.984844, IOU: 0.879292, Area: 0.935793, Num Con: 3, Reading: 0.419444, outcome score: 0.983463.
[lifelong_slam_toolbox_node-1] [INFO] [1787309300.024896911] [slam_toolbox]: Metric Scores: Initial: 0.983463, IOU: 0.881164, Area: 0.939163, Num Con: 3, Reading: 0.419444, outcome score: 0.982046.
[lifelong_slam_toolbox_node-1] [INFO] [1787309300.024970211] [slam_toolbox]: Metric Scores: Initial: 1.000000, IOU: 0.957297, Area: 0.978588, Num Con: 3, Reading: 0.650000, outcome score: 0.999000.
[lifelong_slam_toolbox_node-1] [INFO] [1787309300.425303483] [slam_toolbox]: Metric Scores: Initial: 0.982046, IOU: 0.885136, Area: 0.941341, Num Con: 3, Reading: 0.419444, outcome score: 0.980594.
[lifelong_slam_toolbox_node-1] [INFO] [1787309300.425373484] [slam_toolbox]: Metric Scores: Initial: 1.000000, IOU: 0.959900, Area: 0.979814, Num Con: 3, Reading: 0.650000, outcome score: 0.999000.
[lifelong_slam_toolbox_node-1] [INFO] [1787309300.425384584] [slam_toolbox]: Metric Scores: Initial: 0.999000, IOU: 0.954714, Area: 0.977167, Num Con: 3, Reading: 0.650000, outcome score: 0.997961.
[lifelong_slam_toolbox_node-1] 
[lifelong_slam_toolbox_node-1] Solver Summary (v 2.2.0-eigen-(3.4.0)-lapack-suitesparse-(7.6.1)-eigensparse)
[lifelong_slam_toolbox_node-1] 
[lifelong_slam_toolbox_node-1]                                      Original                  Reduced
[lifelong_slam_toolbox_node-1] Parameter blocks                          204                      102
[lifelong_slam_toolbox_node-1] Parameters                                204                      102
[lifelong_slam_toolbox_node-1] Residual blocks                            31                       31
[lifelong_slam_toolbox_node-1] Residuals                                  93                       93
[lifelong_slam_toolbox_node-1] 
[lifelong_slam_toolbox_node-1] Minimizer                        TRUST_REGION
[lifelong_slam_toolbox_node-1] Trust region strategy     LEVENBERG_MARQUARDT
[lifelong_slam_toolbox_node-1] Sparse linear algebra library    SUITE_SPARSE 
[lifelong_slam_toolbox_node-1] 
[lifelong_slam_toolbox_node-1]                                         Given                     Used
[lifelong_slam_toolbox_node-1] Linear solver          SPARSE_NORMAL_CHOLESKY   SPARSE_NORMAL_CHOLESKY
[lifelong_slam_toolbox_node-1] Threads                                    50                        8
[lifelong_slam_toolbox_node-1] Linear solver ordering              AUTOMATIC                      102
[lifelong_slam_toolbox_node-1] 
[lifelong_slam_toolbox_node-1] Cost:
[lifelong_slam_toolbox_node-1] Initial                          2.080149e-01
[lifelong_slam_toolbox_node-1] Final                            5.707393e-03
[lifelong_slam_toolbox_node-1] Change                           2.023075e-01
[lifelong_slam_toolbox_node-1] 
[lifelong_slam_toolbox_node-1] Minimizer iterations                        2
[lifelong_slam_toolbox_node-1] Successful steps                            2
[lifelong_slam_toolbox_node-1] Unsuccessful steps                          0
[lifelong_slam_toolbox_node-1] 
[lifelong_slam_toolbox_node-1] Time (in seconds):
[lifelong_slam_toolbox_node-1] Preprocessor                         0.000213
[lifelong_slam_toolbox_node-1] 
[lifelong_slam_toolbox_node-1]   Residual only evaluation           0.000029 (2)
[lifelong_slam_toolbox_node-1]   Jacobian & residual evaluation     0.000193 (2)
[lifelong_slam_toolbox_node-1]   Linear solver                      0.000194 (2)
[lifelong_slam_toolbox_node-1] Minimizer                            0.000510
[lifelong_slam_toolbox_node-1] 
[lifelong_slam_toolbox_node-1] Postprocessor                        0.000011
[lifelong_slam_toolbox_node-1] Total                                0.000734
[lifelong_slam_toolbox_node-1] 
[lifelong_slam_toolbox_node-1] Termination:                      CONVERGENCE (Parameter tolerance reached. Relative step_norm: 4.635949e-05 <= 1.000000e-03.)
[lifelong_slam_toolbox_node-1] 
[lifelong_slam_toolbox_node-1] [INFO] [1787309300.824594450] [slam_toolbox]: Metric Scores: Initial: 1.000000, IOU: 0.999376, Area: 0.999701, Num Con: 2, Reading: 0.652778, outcome score: -1.000000.
[lifelong_slam_toolbox_node-1] [INFO] [1787309300.824661650] [slam_toolbox]: Metric Scores: Initial: 0.980594, IOU: 0.888430, Area: 0.943219, Num Con: 3, Reading: 0.419444, outcome score: 0.979106.
[lifelong_slam_toolbox_node-1] [INFO] [1787309300.824681050] [slam_toolbox]: Metric Scores: Initial: 1.000000, IOU: 0.958625, Area: 0.979175, Num Con: 2, Reading: 0.652778, outcome score: -1.000000.
[lifelong_slam_toolbox_node-1] [INFO] [1787309300.824690750] [slam_toolbox]: Metric Scores: Initial: 0.999000, IOU: 0.957059, Area: 0.978356, Num Con: 3, Reading: 0.650000, outcome score: 0.997961.
[lifelong_slam_toolbox_node-1] [INFO] [1787309300.824700650] [slam_toolbox]: Metric Scores: Initial: 0.997961, IOU: 0.951895, Area: 0.975712, Num Con: 3, Reading: 0.650000, outcome score: 0.996881.
[lifelong_slam_toolbox_node-1] [INFO] [1787309301.225470325] [slam_toolbox]: Metric Scores: Initial: 0.979106, IOU: 0.893428, Area: 0.946050, Num Con: 3, Reading: 0.419444, outcome score: 0.977580.
[lifelong_slam_toolbox_node-1] [INFO] [1787309301.225531525] [slam_toolbox]: Metric Scores: Initial: 1.000000, IOU: 0.956735, Area: 0.978240, Num Con: 2, Reading: 0.652778, outcome score: -1.000000.
[lifelong_slam_toolbox_node-1] [INFO] [1787309301.631009825] [slam_toolbox]: Metric Scores: Initial: 1.000000, IOU: 0.999370, Area: 0.999693, Num Con: 2, Reading: 0.650000, outcome score: -1.000000.
[lifelong_slam_toolbox_node-1] [INFO] [1787309301.631089625] [slam_toolbox]: Metric Scores: Initial: 0.977580, IOU: 0.898985, Area: 0.949039, Num Con: 3, Reading: 0.419444, outcome score: 0.976016.
[lifelong_slam_toolbox_node-1] [INFO] [1787309302.024974962] [slam_toolbox]: Metric Scores: Initial: 0.976016, IOU: 0.904636, Area: 0.951066, Num Con: 3, Reading: 0.419444, outcome score: 0.974412.
[lifelong_slam_toolbox_node-1] [INFO] [1787309302.025034563] [slam_toolbox]: Metric Scores: Initial: 1.000000, IOU: 0.961784, Area: 0.979613, Num Con: 2, Reading: 0.655556, outcome score: -1.000000.
[lifelong_slam_toolbox_node-1] [INFO] [1787309302.425314234] [slam_toolbox]: Metric Scores: Initial: 0.974412, IOU: 0.912972, Area: 0.955654, Num Con: 3, Reading: 0.419444, outcome score: 0.972768.
[lifelong_slam_toolbox_node-1] [INFO] [1787309302.824932602] [slam_toolbox]: Metric Scores: Initial: 1.000000, IOU: 0.950605, Area: 0.973731, Num Con: 2, Reading: 0.658333, outcome score: -1.000000.
[lifelong_slam_toolbox_node-1] [INFO] [1787309302.824988003] [slam_toolbox]: Metric Scores: Initial: 0.972768, IOU: 0.920101, Area: 0.959525, Num Con: 3, Reading: 0.419444, outcome score: 0.971083.
[lifelong_slam_toolbox_node-1] [INFO] [1787309303.228582492] [slam_toolbox]: Metric Scores: Initial: 0.971083, IOU: 0.922839, Area: 0.960992, Num Con: 3, Reading: 0.419444, outcome score: 0.969355.
[lifelong_slam_toolbox_node-1] [INFO] [1787309303.627067054] [slam_toolbox]: Metric Scores: Initial: 1.000000, IOU: 0.997894, Area: 1.000000, Num Con: 2, Reading: 0.633333, outcome score: -1.000000.
[lifelong_slam_toolbox_node-1] [INFO] [1787309303.627117355] [slam_toolbox]: Metric Scores: Initial: 0.369333, IOU: 0.988264, Area: 0.995136, Num Con: 2, Reading: 0.627778, outcome score: -1.000000.
[lifelong_slam_toolbox_node-1] [INFO] [1787309303.627132755] [slam_toolbox]: Metric Scores: Initial: 0.376500, IOU: 0.975221, Area: 0.988502, Num Con: 2, Reading: 0.622222, outcome score: -1.000000.
[lifelong_slam_toolbox_node-1] [INFO] [1787309303.627145455] [slam_toolbox]: Metric Scores: Initial: 0.384000, IOU: 0.961874, Area: 0.981601, Num Con: 2, Reading: 0.616667, outcome score: -1.000000.
[lifelong_slam_toolbox_node-1] [INFO] [1787309303.627158155] [slam_toolbox]: Metric Scores: Initial: 0.945121, IOU: 0.947149, Area: 0.973906, Num Con: 2, Reading: 0.611111, outcome score: -1.000000.
[lifelong_slam_toolbox_node-1] [INFO] [1787309303.627178155] [slam_toolbox]: Metric Scores: Initial: 1.000000, IOU: 0.933659, Area: 0.966766, Num Con: 3, Reading: 0.655556, outcome score: 0.999000.
[lifelong_slam_toolbox_node-1] [INFO] [1787309303.627201255] [slam_toolbox]: Metric Scores: Initial: 0.969355, IOU: 0.919425, Area: 0.959112, Num Con: 3, Reading: 0.419444, outcome score: 0.967584.
[lifelong_slam_toolbox_node-1] [INFO] [1787309304.030026740] [slam_toolbox]: Metric Scores: Initial: 1.000000, IOU: 0.924126, Area: 0.959278, Num Con: 3, Reading: 0.655556, outcome score: 0.999000.
[lifelong_slam_toolbox_node-1] [INFO] [1787309304.030082741] [slam_toolbox]: Metric Scores: Initial: 0.999000, IOU: 0.922040, Area: 0.960512, Num Con: 3, Reading: 0.655556, outcome score: 0.997961.
[lifelong_slam_toolbox_node-1] [INFO] [1787309304.030143141] [slam_toolbox]: Metric Scores: Initial: 0.967584, IOU: 0.916206, Area: 0.957365, Num Con: 3, Reading: 0.419444, outcome score: 0.965768.
[lifelong_slam_toolbox_node-1] [INFO] [1787309304.433146328] [slam_toolbox]: Metric Scores: Initial: 1.000000, IOU: 0.916296, Area: 0.955099, Num Con: 2, Reading: 0.652778, outcome score: -1.000000.
[lifelong_slam_toolbox_node-1] [INFO] [1787309304.433220328] [slam_toolbox]: Metric Scores: Initial: 0.999000, IOU: 0.912101, Area: 0.952744, Num Con: 3, Reading: 0.655556, outcome score: 0.997961.
[lifelong_slam_toolbox_node-1] [INFO] [1787309304.433237928] [slam_toolbox]: Metric Scores: Initial: 0.997961, IOU: 0.910027, Area: 0.953953, Num Con: 3, Reading: 0.655556, outcome score: 0.996880.
[lifelong_slam_toolbox_node-1] [INFO] [1787309304.433256428] [slam_toolbox]: Metric Scores: Initial: 0.965768, IOU: 0.913172, Area: 0.955701, Num Con: 3, Reading: 0.419444, outcome score: 0.963907.
[lifelong_slam_toolbox_node-1] W20260821 10:48:24.916528 600212 preprocessor.cc:67] Specified options.num_threads: 50 exceeds maximum available from the threading model Ceres was compiled with: 8.  Bounding to maximum number available.
[lifelong_slam_toolbox_node-1] [INFO] [1787309304.918215559] [slam_toolbox]: Metric Scores: Initial: 0.963907, IOU: 0.911758, Area: 0.954909, Num Con: 3, Reading: 0.419444, outcome score: 0.961999.
[lifelong_slam_toolbox_node-1] [INFO] [1787309304.918266359] [slam_toolbox]: Metric Scores: Initial: 0.996880, IOU: 0.896782, Area: 0.946610, Num Con: 3, Reading: 0.655556, outcome score: 0.995758.
[lifelong_slam_toolbox_node-1] [INFO] [1787309304.918279260] [slam_toolbox]: Metric Scores: Initial: 0.997961, IOU: 0.899070, Area: 0.945553, Num Con: 2, Reading: 0.655556, outcome score: -1.000000.
[lifelong_slam_toolbox_node-1] [INFO] [1787309305.231440459] [slam_toolbox]: Metric Scores: Initial: 0.385000, IOU: 0.997925, Area: 0.999985, Num Con: 2, Reading: 0.611111, outcome score: -1.000000.
[lifelong_slam_toolbox_node-1] [INFO] [1787309305.231519759] [slam_toolbox]: Metric Scores: Initial: 0.961999, IOU: 0.909059, Area: 0.952318, Num Con: 3, Reading: 0.419444, outcome score: 0.960042.
[lifelong_slam_toolbox_node-1] [INFO] [1787309305.231536059] [slam_toolbox]: Metric Scores: Initial: 0.995758, IOU: 0.884480, Area: 0.938625, Num Con: 2, Reading: 0.655556, outcome score: -1.000000.
[lifelong_slam_toolbox_node-1] [INFO] [1787309305.231572459] [slam_toolbox]: Metric Scores: Initial: 1.000000, IOU: 0.897438, Area: 0.944709, Num Con: 2, Reading: 0.650000, outcome score: -1.000000.
[lifelong_slam_toolbox_node-1] 
[lifelong_slam_toolbox_node-1] Solver Summary (v 2.2.0-eigen-(3.4.0)-lapack-suitesparse-(7.6.1)-eigensparse)
[lifelong_slam_toolbox_node-1] 
[lifelong_slam_toolbox_node-1]                                      Original                  Reduced
[lifelong_slam_toolbox_node-1] Parameter blocks                          204                      105
[lifelong_slam_toolbox_node-1] Parameters                                204                      105
[lifelong_slam_toolbox_node-1] Residual blocks                            31                       31
[lifelong_slam_toolbox_node-1] Residuals                                  93                       93
[lifelong_slam_toolbox_node-1] 
[lifelong_slam_toolbox_node-1] Minimizer                        TRUST_REGION
[lifelong_slam_toolbox_node-1] Trust region strategy     LEVENBERG_MARQUARDT
[lifelong_slam_toolbox_node-1] Sparse linear algebra library    SUITE_SPARSE 
[lifelong_slam_toolbox_node-1] 
[lifelong_slam_toolbox_node-1]                                         Given                     Used
[lifelong_slam_toolbox_node-1] Linear solver          SPARSE_NORMAL_CHOLESKY   SPARSE_NORMAL_CHOLESKY
[lifelong_slam_toolbox_node-1] Threads                                    50                        8
[lifelong_slam_toolbox_node-1] Linear solver ordering              AUTOMATIC                      105
[lifelong_slam_toolbox_node-1] 
[lifelong_slam_toolbox_node-1] Cost:
[lifelong_slam_toolbox_node-1] Initial                          8.068616e-02
[lifelong_slam_toolbox_node-1] Final                            5.753017e-07
[lifelong_slam_toolbox_node-1] Change                           8.068558e-02
[lifelong_slam_toolbox_node-1] 
[lifelong_slam_toolbox_node-1] Minimizer iterations                        2
[lifelong_slam_toolbox_node-1] Successful steps                            2
[lifelong_slam_toolbox_node-1] Unsuccessful steps                          0
[lifelong_slam_toolbox_node-1] 
[lifelong_slam_toolbox_node-1] Time (in seconds):
[lifelong_slam_toolbox_node-1] Preprocessor                         0.000312
[lifelong_slam_toolbox_node-1] 
[lifelong_slam_toolbox_node-1]   Residual only evaluation           0.000031 (2)
[lifelong_slam_toolbox_node-1]   Jacobian & residual evaluation     0.000179 (2)
[lifelong_slam_toolbox_node-1]   Linear solver                      0.000265 (2)
[lifelong_slam_toolbox_node-1] Minimizer                            0.000585
[lifelong_slam_toolbox_node-1] 
[lifelong_slam_toolbox_node-1] Postprocessor                        0.000014
[lifelong_slam_toolbox_node-1] Total                                0.000911
[lifelong_slam_toolbox_node-1] 
[lifelong_slam_toolbox_node-1] Termination:                      CONVERGENCE (Parameter tolerance reached. Relative step_norm: 1.866671e-05 <= 1.000000e-03.)
[lifelong_slam_toolbox_node-1] 
[lifelong_slam_toolbox_node-1] [INFO] [1787309305.625090694] [slam_toolbox]: Metric Scores: Initial: 0.960042, IOU: 0.903892, Area: 0.949479, Num Con: 3, Reading: 0.419444, outcome score: 0.958037.
[lifelong_slam_toolbox_node-1] [INFO] [1787309306.025954969] [slam_toolbox]: Metric Scores: Initial: 0.958037, IOU: 0.900386, Area: 0.947537, Num Con: 3, Reading: 0.200000, outcome score: 0.956533.
[lifelong_slam_toolbox_node-1] [INFO] [1787309306.026027469] [slam_toolbox]: Metric Scores: Initial: 1.000000, IOU: 0.881215, Area: 0.935688, Num Con: 2, Reading: 0.427778, outcome score: -1.000000.
[lifelong_slam_toolbox_node-1] [INFO] [1787309306.426008239] [slam_toolbox]: Metric Scores: Initial: 0.956533, IOU: 0.894064, Area: 0.944035, Num Con: 3, Reading: 0.200000, outcome score: 0.955011.
[lifelong_slam_toolbox_node-1] [INFO] [1787309306.426080540] [slam_toolbox]: Metric Scores: Initial: 1.000000, IOU: 0.877234, Area: 0.933442, Num Con: 2, Reading: 0.411111, outcome score: -1.000000.
[lifelong_slam_toolbox_node-1] [INFO] [1787309306.825311106] [slam_toolbox]: Metric Scores: Initial: 0.955011, IOU: 0.887724, Area: 0.940464, Num Con: 3, Reading: 0.200000, outcome score: 0.953472.
[lifelong_slam_toolbox_node-1] [INFO] [1787309307.224778973] [slam_toolbox]: Metric Scores: Initial: 0.953472, IOU: 0.880519, Area: 0.936396, Num Con: 3, Reading: 0.200000, outcome score: 0.951913.
[lifelong_slam_toolbox_node-1] [INFO] [1787309307.224849873] [slam_toolbox]: Metric Scores: Initial: 1.000000, IOU: 0.860008, Area: 0.923587, Num Con: 2, Reading: 0.408333, outcome score: -1.000000.
[lifelong_slam_toolbox_node-1] [INFO] [1787309307.625147245] [slam_toolbox]: Metric Scores: Initial: 1.000000, IOU: 0.998524, Area: 0.999856, Num Con: 2, Reading: 0.686111, outcome score: -1.000000.
[lifelong_slam_toolbox_node-1] [INFO] [1787309307.625232145] [slam_toolbox]: Metric Scores: Initial: 0.951913, IOU: 0.878092, Area: 0.935012, Num Con: 3, Reading: 0.386111, outcome score: 0.949799.
[lifelong_slam_toolbox_node-1] [INFO] [1787309308.023859508] [slam_toolbox]: Metric Scores: Initial: 0.949799, IOU: 0.871216, Area: 0.931077, Num Con: 3, Reading: 0.386111, outcome score: 0.947636.
[lifelong_slam_toolbox_node-1] [INFO] [1787309308.023923208] [slam_toolbox]: Metric Scores: Initial: 1.000000, IOU: 0.849000, Area: 0.917186, Num Con: 2, Reading: 0.222222, outcome score: 0.985667.
[lifelong_slam_toolbox_node-1] [INFO] [1787309308.430363813] [slam_toolbox]: Metric Scores: Initial: 1.000000, IOU: 0.998572, Area: 0.999857, Num Con: 2, Reading: 0.702778, outcome score: -1.000000.
[lifelong_slam_toolbox_node-1] [INFO] [1787309308.430447614] [slam_toolbox]: Metric Scores: Initial: 0.947636, IOU: 0.863104, Area: 0.926406, Num Con: 3, Reading: 0.386111, outcome score: 0.945423.
[lifelong_slam_toolbox_node-1] [INFO] [1787309308.430470814] [slam_toolbox]: Metric Scores: Initial: 1.000000, IOU: 0.847254, Area: 0.916154, Num Con: 2, Reading: 0.225000, outcome score: 0.985500.
[lifelong_slam_toolbox_node-1] [INFO] [1787309308.430484514] [slam_toolbox]: Metric Scores: Initial: 0.985667, IOU: 0.836388, Area: 0.909749, Num Con: 2, Reading: 0.222222, outcome score: 0.971333.
[lifelong_slam_toolbox_node-1] [INFO] [1787309308.824454051] [slam_toolbox]: Metric Scores: Initial: 0.945423, IOU: 0.854545, Area: 0.921914, Num Con: 3, Reading: 0.386111, outcome score: 0.943159.
[lifelong_slam_toolbox_node-1] [INFO] [1787309308.824511452] [slam_toolbox]: Metric Scores: Initial: 1.000000, IOU: 0.849347, Area: 0.917857, Num Con: 3, Reading: 0.230556, outcome score: 0.999000.
[lifelong_slam_toolbox_node-1] [INFO] [1787309308.824528752] [slam_toolbox]: Metric Scores: Initial: 0.985500, IOU: 0.837144, Area: 0.910660, Num Con: 2, Reading: 0.225000, outcome score: 0.971000.
[lifelong_slam_toolbox_node-1] [INFO] [1787309308.824541152] [slam_toolbox]: Metric Scores: Initial: 0.971333, IOU: 0.826425, Area: 0.904269, Num Con: 2, Reading: 0.222222, outcome score: 0.957000.
[lifelong_slam_toolbox_node-1] [INFO] [1787309309.224272420] [slam_toolbox]: Metric Scores: Initial: 1.000000, IOU: 0.998326, Area: 1.000000, Num Con: 2, Reading: 0.702778, outcome score: -1.000000.
[lifelong_slam_toolbox_node-1] [INFO] [1787309309.224365621] [slam_toolbox]: Metric Scores: Initial: 0.943159, IOU: 0.847972, Area: 0.918066, Num Con: 3, Reading: 0.386111, outcome score: 0.940842.
[lifelong_slam_toolbox_node-1] [INFO] [1787309309.224379621] [slam_toolbox]: Metric Scores: Initial: 0.999000, IOU: 0.837592, Area: 0.910933, Num Con: 3, Reading: 0.230556, outcome score: 0.997986.
[lifelong_slam_toolbox_node-1] [INFO] [1787309309.224393021] [slam_toolbox]: Metric Scores: Initial: 1.000000, IOU: 0.848966, Area: 0.918692, Num Con: 2, Reading: 0.233333, outcome score: 0.985000.
[lifelong_slam_toolbox_node-1] [INFO] [1787309309.224405721] [slam_toolbox]: Metric Scores: Initial: 0.971000, IOU: 0.825584, Area: 0.903761, Num Con: 2, Reading: 0.225000, outcome score: 0.956500.
[lifelong_slam_toolbox_node-1] [INFO] [1787309309.224481221] [slam_toolbox]: Metric Scores: Initial: 0.957000, IOU: 0.815034, Area: 0.897391, Num Con: 2, Reading: 0.222222, outcome score: 0.942667.
[lifelong_slam_toolbox_node-1] [INFO] [1787309309.624404891] [slam_toolbox]: Metric Scores: Initial: 1.000000, IOU: 0.854885, Area: 0.922142, Num Con: 3, Reading: 0.233333, outcome score: 0.999000.
[lifelong_slam_toolbox_node-1] [INFO] [1787309309.624466291] [slam_toolbox]: Metric Scores: Initial: 0.940842, IOU: 0.840419, Area: 0.913623, Num Con: 3, Reading: 0.386111, outcome score: 0.938471.
[lifelong_slam_toolbox_node-1] [INFO] [1787309309.624477191] [slam_toolbox]: Metric Scores: Initial: 0.997986, IOU: 0.830571, Area: 0.906762, Num Con: 3, Reading: 0.230556, outcome score: 0.996958.
[lifelong_slam_toolbox_node-1] [INFO] [1787309309.624487691] [slam_toolbox]: Metric Scores: Initial: 0.985000, IOU: 0.841832, Area: 0.914501, Num Con: 2, Reading: 0.233333, outcome score: 0.970000.
[lifelong_slam_toolbox_node-1] [INFO] [1787309309.624498292] [slam_toolbox]: Metric Scores: Initial: 0.956500, IOU: 0.818679, Area: 0.899605, Num Con: 2, Reading: 0.225000, outcome score: 0.942000.
[lifelong_slam_toolbox_node-1] [INFO] [1787309309.624509092] [slam_toolbox]: Metric Scores: Initial: 0.942667, IOU: 0.808224, Area: 0.893245, Num Con: 2, Reading: 0.222222, outcome score: 0.928333.
[lifelong_slam_toolbox_node-1] [INFO] [1787309310.024313961] [slam_toolbox]: Metric Scores: Initial: 1.000000, IOU: 0.859177, Area: 0.924650, Num Con: 3, Reading: 0.452778, outcome score: 0.999000.
[lifelong_slam_toolbox_node-1] [INFO] [1787309310.024371161] [slam_toolbox]: Metric Scores: Initial: 0.999000, IOU: 0.845475, Area: 0.916656, Num Con: 3, Reading: 0.233333, outcome score: 0.997986.
[lifelong_slam_toolbox_node-1] [INFO] [1787309310.024382061] [slam_toolbox]: Metric Scores: Initial: 0.938471, IOU: 0.832899, Area: 0.909177, Num Con: 3, Reading: 0.386111, outcome score: 0.936046.
[lifelong_slam_toolbox_node-1] [INFO] [1787309310.024391761] [slam_toolbox]: Metric Scores: Initial: 0.996958, IOU: 0.821467, Area: 0.901319, Num Con: 3, Reading: 0.230556, outcome score: 0.995916.
[lifelong_slam_toolbox_node-1] [INFO] [1787309310.024400861] [slam_toolbox]: Metric Scores: Initial: 0.970000, IOU: 0.832581, Area: 0.909031, Num Con: 2, Reading: 0.233333, outcome score: 0.955000.
[lifelong_slam_toolbox_node-1] [INFO] [1787309310.024410561] [slam_toolbox]: Metric Scores: Initial: 0.942000, IOU: 0.809724, Area: 0.894181, Num Con: 2, Reading: 0.225000, outcome score: 0.927500.
[lifelong_slam_toolbox_node-1] [INFO] [1787309310.024419361] [slam_toolbox]: Metric Scores: Initial: 0.928333, IOU: 0.799396, Area: 0.887836, Num Con: 2, Reading: 0.222222, outcome score: 0.914000.
[lifelong_slam_toolbox_node-1] [INFO] [1787309310.428416453] [slam_toolbox]: Metric Scores: Initial: 1.000000, IOU: 0.864534, Area: 0.927721, Num Con: 3, Reading: 0.455556, outcome score: 0.999000.
[lifelong_slam_toolbox_node-1] [INFO] [1787309310.428483853] [slam_toolbox]: Metric Scores: Initial: 0.999000, IOU: 0.852263, Area: 0.920622, Num Con: 3, Reading: 0.452778, outcome score: 0.997973.
[lifelong_slam_toolbox_node-1] [INFO] [1787309310.428503753] [slam_toolbox]: Metric Scores: Initial: 0.997986, IOU: 0.838689, Area: 0.912643, Num Con: 3, Reading: 0.233333, outcome score: 0.996958.
[lifelong_slam_toolbox_node-1] [INFO] [1787309310.428516053] [slam_toolbox]: Metric Scores: Initial: 0.936046, IOU: 0.827901, Area: 0.906181, Num Con: 3, Reading: 0.386111, outcome score: 0.933564.
[lifelong_slam_toolbox_node-1] [INFO] [1787309310.428529553] [slam_toolbox]: Metric Scores: Initial: 0.995916, IOU: 0.814904, Area: 0.897340, Num Con: 3, Reading: 0.230556, outcome score: 0.994860.
[lifelong_slam_toolbox_node-1] [INFO] [1787309310.428542753] [slam_toolbox]: Metric Scores: Initial: 0.955000, IOU: 0.825912, Area: 0.905032, Num Con: 2, Reading: 0.233333, outcome score: 0.940000.
[lifelong_slam_toolbox_node-1] [INFO] [1787309310.428555854] [slam_toolbox]: Metric Scores: Initial: 0.927500, IOU: 0.803269, Area: 0.890217, Num Con: 2, Reading: 0.225000, outcome score: 0.913000.
[lifelong_slam_toolbox_node-1] [INFO] [1787309310.428570354] [slam_toolbox]: Metric Scores: Initial: 0.914000, IOU: 0.793034, Area: 0.883885, Num Con: 2, Reading: 0.222222, outcome score: 0.899667.
[lifelong_slam_toolbox_node-1] [INFO] [1787309310.833292449] [slam_toolbox]: Metric Scores: Initial: 1.000000, IOU: 0.873370, Area: 0.932808, Num Con: 3, Reading: 0.466667, outcome score: 0.999000.
[lifelong_slam_toolbox_node-1] [INFO] [1787309310.833362950] [slam_toolbox]: Metric Scores: Initial: 0.999000, IOU: 0.857925, Area: 0.923904, Num Con: 3, Reading: 0.455556, outcome score: 0.997973.
[lifelong_slam_toolbox_node-1] [INFO] [1787309310.833383150] [slam_toolbox]: Metric Scores: Initial: 0.997973, IOU: 0.845760, Area: 0.916818, Num Con: 3, Reading: 0.452778, outcome score: 0.996918.
[lifelong_slam_toolbox_node-1] [INFO] [1787309310.833400550] [slam_toolbox]: Metric Scores: Initial: 0.996958, IOU: 0.832305, Area: 0.908854, Num Con: 3, Reading: 0.233333, outcome score: 0.995915.
[lifelong_slam_toolbox_node-1] [INFO] [1787309310.833414350] [slam_toolbox]: Metric Scores: Initial: 0.933564, IOU: 0.821543, Area: 0.902362, Num Con: 3, Reading: 0.386111, outcome score: 0.931025.
[lifelong_slam_toolbox_node-1] [INFO] [1787309310.833428550] [slam_toolbox]: Metric Scores: Initial: 0.994860, IOU: 0.808731, Area: 0.893584, Num Con: 3, Reading: 0.230556, outcome score: 0.993789.
[lifelong_slam_toolbox_node-1] [INFO] [1787309310.833442750] [slam_toolbox]: Metric Scores: Initial: 0.940000, IOU: 0.819638, Area: 0.901255, Num Con: 2, Reading: 0.233333, outcome score: 0.925000.
[lifelong_slam_toolbox_node-1] [INFO] [1787309310.833457250] [slam_toolbox]: Metric Scores: Initial: 0.913000, IOU: 0.797198, Area: 0.886475, Num Con: 2, Reading: 0.225000, outcome score: 0.898500.
[lifelong_slam_toolbox_node-1] [INFO] [1787309310.833471950] [slam_toolbox]: Metric Scores: Initial: 0.899667, IOU: 0.787050, Area: 0.880154, Num Con: 2, Reading: 0.222222, outcome score: 0.885333.
[lifelong_slam_toolbox_node-1] [INFO] [1787309311.231806411] [slam_toolbox]: Metric Scores: Initial: 1.000000, IOU: 0.998372, Area: 1.000000, Num Con: 2, Reading: 0.694444, outcome score: -1.000000.
[lifelong_slam_toolbox_node-1] [INFO] [1787309311.231896012] [slam_toolbox]: Metric Scores: Initial: 1.000000, IOU: 0.884700, Area: 0.939254, Num Con: 2, Reading: 0.480556, outcome score: -1.000000.
[lifelong_slam_toolbox_node-1] [INFO] [1787309311.231910312] [slam_toolbox]: Metric Scores: Initial: 0.999000, IOU: 0.867001, Area: 0.929181, Num Con: 3, Reading: 0.466667, outcome score: 0.997972.
[lifelong_slam_toolbox_node-1] [INFO] [1787309311.231923112] [slam_toolbox]: Metric Scores: Initial: 0.997973, IOU: 0.851687, Area: 0.920293, Num Con: 3, Reading: 0.455556, outcome score: 0.996917.
[lifelong_slam_toolbox_node-1] [INFO] [1787309311.231939812] [slam_toolbox]: Metric Scores: Initial: 0.996918, IOU: 0.839623, Area: 0.913218, Num Con: 3, Reading: 0.452778, outcome score: 0.995834.
[lifelong_slam_toolbox_node-1] [INFO] [1787309311.231960712] [slam_toolbox]: Metric Scores: Initial: 0.995915, IOU: 0.826282, Area: 0.905268, Num Con: 3, Reading: 0.233333, outcome score: 0.994858.
[lifelong_slam_toolbox_node-1] [INFO] [1787309311.231975612] [slam_toolbox]: Metric Scores: Initial: 0.931025, IOU: 0.815557, Area: 0.898757, Num Con: 3, Reading: 0.386111, outcome score: 0.928427.
[lifelong_slam_toolbox_node-1] [INFO] [1787309311.231989112] [slam_toolbox]: Metric Scores: Initial: 0.993789, IOU: 0.802907, Area: 0.890030, Num Con: 3, Reading: 0.230556, outcome score: 0.992703.
[lifelong_slam_toolbox_node-1] [INFO] [1787309311.232000212] [slam_toolbox]: Metric Scores: Initial: 0.925000, IOU: 0.813719, Area: 0.897683, Num Con: 2, Reading: 0.233333, outcome score: 0.910000.
[lifelong_slam_toolbox_node-1] [INFO] [1787309311.232014912] [slam_toolbox]: Metric Scores: Initial: 0.898500, IOU: 0.791469, Area: 0.882935, Num Con: 2, Reading: 0.225000, outcome score: 0.884000.
[lifelong_slam_toolbox_node-1] [INFO] [1787309311.232025512] [slam_toolbox]: Metric Scores: Initial: 0.885333, IOU: 0.781405, Area: 0.876625, Num Con: 2, Reading: 0.222222, outcome score: 0.871000.
[lifelong_slam_toolbox_node-1] W20260821 10:48:31.648128 600212 preprocessor.cc:67] Specified options.num_threads: 50 exceeds maximum available from the threading model Ceres was compiled with: 8.  Bounding to maximum number available.
[lifelong_slam_toolbox_node-1] [INFO] [1787309311.649669478] [slam_toolbox]: Metric Scores: Initial: 0.996917, IOU: 0.845908, Area: 0.916886, Num Con: 3, Reading: 0.455556, outcome score: 0.995833.
[lifelong_slam_toolbox_node-1] [INFO] [1787309311.649713778] [slam_toolbox]: Metric Scores: Initial: 0.997972, IOU: 0.861094, Area: 0.925768, Num Con: 2, Reading: 0.466667, outcome score: -1.000000.
[lifelong_slam_toolbox_node-1] [INFO] [1787309311.649727178] [slam_toolbox]: Metric Scores: Initial: 0.928427, IOU: 0.810001, Area: 0.895413, Num Con: 3, Reading: 0.386111, outcome score: 0.925769.
[lifelong_slam_toolbox_node-1] [INFO] [1787309311.649736178] [slam_toolbox]: Metric Scores: Initial: 0.992703, IOU: 0.797363, Area: 0.886949, Num Con: 3, Reading: 0.230556, outcome score: 0.991602.
[lifelong_slam_toolbox_node-1] [INFO] [1787309311.649746178] [slam_toolbox]: Metric Scores: Initial: 0.994858, IOU: 0.820763, Area: 0.901786, Num Con: 3, Reading: 0.233333, outcome score: 0.993786.
[lifelong_slam_toolbox_node-1] [INFO] [1787309311.649804479] [slam_toolbox]: Metric Scores: Initial: 0.995834, IOU: 0.833953, Area: 0.909800, Num Con: 3, Reading: 0.452778, outcome score: 0.994721.
[lifelong_slam_toolbox_node-1] [INFO] [1787309311.649817379] [slam_toolbox]: Metric Scores: Initial: 0.884000, IOU: 0.786013, Area: 0.879863, Num Con: 2, Reading: 0.225000, outcome score: 0.869500.
[lifelong_slam_toolbox_node-1] [INFO] [1787309311.649827479] [slam_toolbox]: Metric Scores: Initial: 0.910000, IOU: 0.808413, Area: 0.894027, Num Con: 2, Reading: 0.233333, outcome score: 0.895000.
[lifelong_slam_toolbox_node-1] [INFO] [1787309311.649839479] [slam_toolbox]: Metric Scores: Initial: 0.871000, IOU: 0.776023, Area: 0.873563, Num Con: 2, Reading: 0.222222, outcome score: 0.856667.
[lifelong_slam_toolbox_node-1] [INFO] [1787309312.023942408] [slam_toolbox]: Metric Scores: Initial: 0.995833, IOU: 0.841025, Area: 0.914019, Num Con: 2, Reading: 0.455556, outcome score: 0.967500.
[lifelong_slam_toolbox_node-1] [INFO] [1787309312.023998009] [slam_toolbox]: Metric Scores: Initial: 0.925769, IOU: 0.805324, Area: 0.892557, Num Con: 3, Reading: 0.386111, outcome score: 0.923050.
[lifelong_slam_toolbox_node-1] [INFO] [1787309312.024008409] [slam_toolbox]: Metric Scores: Initial: 0.991602, IOU: 0.792804, Area: 0.884128, Num Con: 3, Reading: 0.230556, outcome score: 0.990486.
[lifelong_slam_toolbox_node-1] [INFO] [1787309312.024019109] [slam_toolbox]: Metric Scores: Initial: 0.993786, IOU: 0.816049, Area: 0.898941, Num Con: 3, Reading: 0.233333, outcome score: 0.992699.
[lifelong_slam_toolbox_node-1] [INFO] [1787309312.024029609] [slam_toolbox]: Metric Scores: Initial: 0.994721, IOU: 0.829150, Area: 0.906943, Num Con: 3, Reading: 0.452778, outcome score: 0.993577.
[lifelong_slam_toolbox_node-1] [INFO] [1787309312.024045309] [slam_toolbox]: Metric Scores: Initial: 0.869500, IOU: 0.781529, Area: 0.877052, Num Con: 2, Reading: 0.225000, outcome score: 0.855000.
[lifelong_slam_toolbox_node-1] [INFO] [1787309312.024054809] [slam_toolbox]: Metric Scores: Initial: 0.895000, IOU: 0.803781, Area: 0.891194, Num Con: 2, Reading: 0.233333, outcome score: 0.880000.
[lifelong_slam_toolbox_node-1] [INFO] [1787309312.024067509] [slam_toolbox]: Metric Scores: Initial: 0.856667, IOU: 0.771603, Area: 0.870762, Num Con: 2, Reading: 0.222222, outcome score: 0.842333.
[lifelong_slam_toolbox_node-1] [INFO] [1787309312.024086209] [slam_toolbox]: Metric Scores: Initial: 1.000000, IOU: 0.906727, Area: 0.951565, Num Con: 2, Reading: 0.697222, outcome score: -1.000000.
[lifelong_slam_toolbox_node-1] [INFO] [1787309312.423736077] [slam_toolbox]: Metric Scores: Initial: 0.967500, IOU: 0.835045, Area: 0.910486, Num Con: 2, Reading: 0.455556, outcome score: 0.939166.
[lifelong_slam_toolbox_node-1] [INFO] [1787309312.423815678] [slam_toolbox]: Metric Scores: Initial: 0.923050, IOU: 0.799688, Area: 0.889094, Num Con: 3, Reading: 0.386111, outcome score: 0.920267.
[lifelong_slam_toolbox_node-1] [INFO] [1787309312.423831078] [slam_toolbox]: Metric Scores: Initial: 0.990486, IOU: 0.787234, Area: 0.880660, Num Con: 3, Reading: 0.230556, outcome score: 0.989354.
[lifelong_slam_toolbox_node-1] [INFO] [1787309312.423857678] [slam_toolbox]: Metric Scores: Initial: 0.992699, IOU: 0.810282, Area: 0.895441, Num Con: 3, Reading: 0.233333, outcome score: 0.991597.
[lifelong_slam_toolbox_node-1] [INFO] [1787309312.423868678] [slam_toolbox]: Metric Scores: Initial: 0.993577, IOU: 0.823272, Area: 0.903425, Num Con: 3, Reading: 0.452778, outcome score: 0.992403.
[lifelong_slam_toolbox_node-1] [INFO] [1787309312.423879578] [slam_toolbox]: Metric Scores: Initial: 0.855000, IOU: 0.776051, Area: 0.873600, Num Con: 2, Reading: 0.225000, outcome score: 0.840500.
[lifelong_slam_toolbox_node-1] [INFO] [1787309312.423890378] [slam_toolbox]: Metric Scores: Initial: 0.880000, IOU: 0.798119, Area: 0.887711, Num Con: 2, Reading: 0.233333, outcome score: 0.865000.
[lifelong_slam_toolbox_node-1] [INFO] [1787309312.423902478] [slam_toolbox]: Metric Scores: Initial: 0.842333, IOU: 0.766208, Area: 0.867323, Num Con: 2, Reading: 0.222222, outcome score: 0.828000.
[lifelong_slam_toolbox_node-1] [INFO] [1787309312.823996648] [slam_toolbox]: Metric Scores: Initial: 0.939166, IOU: 0.831490, Area: 0.908387, Num Con: 2, Reading: 0.455556, outcome score: 0.910833.
[lifelong_slam_toolbox_node-1] [INFO] [1787309312.824056049] [slam_toolbox]: Metric Scores: Initial: 0.920267, IOU: 0.796345, Area: 0.887042, Num Con: 3, Reading: 0.386111, outcome score: 0.917420.
[lifelong_slam_toolbox_node-1] [INFO] [1787309312.824066049] [slam_toolbox]: Metric Scores: Initial: 0.989354, IOU: 0.783925, Area: 0.878602, Num Con: 3, Reading: 0.230556, outcome score: 0.988207.
[lifelong_slam_toolbox_node-1] [INFO] [1787309312.824076049] [slam_toolbox]: Metric Scores: Initial: 0.991597, IOU: 0.806856, Area: 0.893362, Num Con: 3, Reading: 0.233333, outcome score: 0.990479.
[lifelong_slam_toolbox_node-1] [INFO] [1787309312.824131749] [slam_toolbox]: Metric Scores: Initial: 0.992403, IOU: 0.819780, Area: 0.901336, Num Con: 3, Reading: 0.452778, outcome score: 0.991197.
[lifelong_slam_toolbox_node-1] [INFO] [1787309312.824145949] [slam_toolbox]: Metric Scores: Initial: 0.840500, IOU: 0.772797, Area: 0.871550, Num Con: 2, Reading: 0.225000, outcome score: 0.826000.
[lifelong_slam_toolbox_node-1] [INFO] [1787309312.824155549] [slam_toolbox]: Metric Scores: Initial: 0.865000, IOU: 0.794755, Area: 0.885643, Num Con: 2, Reading: 0.233333, outcome score: 0.850000.
[lifelong_slam_toolbox_node-1] [INFO] [1787309312.824167449] [slam_toolbox]: Metric Scores: Initial: 0.828000, IOU: 0.763002, Area: 0.865281, Num Con: 2, Reading: 0.222222, outcome score: 0.813667.
[lifelong_slam_toolbox_node-1] [INFO] [1787309312.824179849] [slam_toolbox]: Metric Scores: Initial: 1.000000, IOU: 0.921131, Area: 0.958982, Num Con: 2, Reading: 0.700000, outcome score: -1.000000.
[lifelong_slam_toolbox_node-1] [INFO] [1787309313.224247120] [slam_toolbox]: Metric Scores: Initial: 1.000000, IOU: 0.995564, Area: 0.995564, Num Con: 2, Reading: 0.686111, outcome score: -1.000000.
[lifelong_slam_toolbox_node-1] [INFO] [1787309313.224320220] [slam_toolbox]: Metric Scores: Initial: 0.910833, IOU: 0.828328, Area: 0.906485, Num Con: 2, Reading: 0.455556, outcome score: 0.882500.
[lifelong_slam_toolbox_node-1] [INFO] [1787309313.224333620] [slam_toolbox]: Metric Scores: Initial: 0.917420, IOU: 0.793327, Area: 0.885156, Num Con: 3, Reading: 0.386111, outcome score: 0.914507.
[lifelong_slam_toolbox_node-1] [INFO] [1787309313.224342620] [slam_toolbox]: Metric Scores: Initial: 0.988207, IOU: 0.780972, Area: 0.876731, Num Con: 3, Reading: 0.230556, outcome score: 0.987044.
[lifelong_slam_toolbox_node-1] [INFO] [1787309313.224351420] [slam_toolbox]: Metric Scores: Initial: 0.990479, IOU: 0.803802, Area: 0.891475, Num Con: 3, Reading: 0.233333, outcome score: 0.989346.
[lifelong_slam_toolbox_node-1] [INFO] [1787309313.224361520] [slam_toolbox]: Metric Scores: Initial: 0.991197, IOU: 0.816669, Area: 0.899441, Num Con: 3, Reading: 0.452778, outcome score: 0.989957.
[lifelong_slam_toolbox_node-1] [INFO] [1787309313.224374020] [slam_toolbox]: Metric Scores: Initial: 0.826000, IOU: 0.769892, Area: 0.869687, Num Con: 2, Reading: 0.225000, outcome score: 0.811500.
[lifelong_slam_toolbox_node-1] [INFO] [1787309313.224383221] [slam_toolbox]: Metric Scores: Initial: 0.850000, IOU: 0.791754, Area: 0.883765, Num Con: 2, Reading: 0.233333, outcome score: 0.835000.
[lifelong_slam_toolbox_node-1] [INFO] [1787309313.224396321] [slam_toolbox]: Metric Scores: Initial: 0.813667, IOU: 0.760139, Area: 0.863425, Num Con: 2, Reading: 0.222222, outcome score: 0.799333.
[lifelong_slam_toolbox_node-1] [INFO] [1787309313.623849088] [slam_toolbox]: Metric Scores: Initial: 0.882500, IOU: 0.824393, Area: 0.904129, Num Con: 2, Reading: 0.455556, outcome score: 0.854166.
[lifelong_slam_toolbox_node-1] [INFO] [1787309313.623908888] [slam_toolbox]: Metric Scores: Initial: 0.914507, IOU: 0.789699, Area: 0.882898, Num Con: 3, Reading: 0.386111, outcome score: 0.911526.
[lifelong_slam_toolbox_node-1] [INFO] [1787309313.623919588] [slam_toolbox]: Metric Scores: Initial: 0.987044, IOU: 0.777320, Area: 0.874429, Num Con: 3, Reading: 0.230556, outcome score: 0.985864.
[lifelong_slam_toolbox_node-1] [INFO] [1787309313.623929888] [slam_toolbox]: Metric Scores: Initial: 0.989346, IOU: 0.800015, Area: 0.889147, Num Con: 3, Reading: 0.233333, outcome score: 0.988197.
[lifelong_slam_toolbox_node-1] [INFO] [1787309313.623940088] [slam_toolbox]: Metric Scores: Initial: 0.989957, IOU: 0.812807, Area: 0.897099, Num Con: 3, Reading: 0.452778, outcome score: 0.988685.
[lifelong_slam_toolbox_node-1] [INFO] [1787309313.623951488] [slam_toolbox]: Metric Scores: Initial: 0.811500, IOU: 0.766302, Area: 0.867395, Num Con: 2, Reading: 0.225000, outcome score: 0.797000.
[lifelong_slam_toolbox_node-1] [INFO] [1787309313.623961588] [slam_toolbox]: Metric Scores: Initial: 0.835000, IOU: 0.788040, Area: 0.881451, Num Con: 2, Reading: 0.233333, outcome score: 0.820000.
[lifelong_slam_toolbox_node-1] [INFO] [1787309313.623971588] [slam_toolbox]: Metric Scores: Initial: 1.000000, IOU: 0.933909, Area: 0.965864, Num Con: 2, Reading: 0.697222, outcome score: -1.000000.
[lifelong_slam_toolbox_node-1] [INFO] [1787309313.623981688] [slam_toolbox]: Metric Scores: Initial: 0.799333, IOU: 0.756605, Area: 0.861144, Num Con: 2, Reading: 0.222222, outcome score: 0.785000.
[lifelong_slam_toolbox_node-1] [INFO] [1787309314.024051059] [slam_toolbox]: Metric Scores: Initial: 0.854166, IOU: 0.821175, Area: 0.902208, Num Con: 2, Reading: 0.455556, outcome score: 0.825833.
[lifelong_slam_toolbox_node-1] [INFO] [1787309314.024175559] [slam_toolbox]: Metric Scores: Initial: 0.911526, IOU: 0.786773, Area: 0.881084, Num Con: 3, Reading: 0.386111, outcome score: 0.908476.
[lifelong_slam_toolbox_node-1] [INFO] [1787309314.024201959] [slam_toolbox]: Metric Scores: Initial: 0.985864, IOU: 0.774340, Area: 0.872556, Num Con: 3, Reading: 0.230556, outcome score: 0.984669.
[lifelong_slam_toolbox_node-1] [INFO] [1787309314.024215259] [slam_toolbox]: Metric Scores: Initial: 0.988197, IOU: 0.796922, Area: 0.887250, Num Con: 3, Reading: 0.233333, outcome score: 0.987031.
[lifelong_slam_toolbox_node-1] [INFO] [1787309314.024225659] [slam_toolbox]: Metric Scores: Initial: 0.988685, IOU: 0.809651, Area: 0.895190, Num Con: 3, Reading: 0.452778, outcome score: 0.987377.
[lifelong_slam_toolbox_node-1] [INFO] [1787309314.024236360] [slam_toolbox]: Metric Scores: Initial: 1.000000, IOU: 0.940485, Area: 0.969371, Num Con: 2, Reading: 0.697222, outcome score: -1.000000.
[lifelong_slam_toolbox_node-1] [INFO] [1787309314.024246760] [slam_toolbox]: Metric Scores: Initial: 0.797000, IOU: 0.763374, Area: 0.865531, Num Con: 2, Reading: 0.225000, outcome score: 0.782500.
[lifelong_slam_toolbox_node-1] [INFO] [1787309314.024256760] [slam_toolbox]: Metric Scores: Initial: 0.820000, IOU: 0.785008, Area: 0.879567, Num Con: 2, Reading: 0.233333, outcome score: 0.805000.
[lifelong_slam_toolbox_node-1] [INFO] [1787309314.024266260] [slam_toolbox]: Metric Scores: Initial: 0.785000, IOU: 0.753724, Area: 0.859290, Num Con: 2, Reading: 0.222222, outcome score: 0.770667.
[lifelong_slam_toolbox_node-1] [INFO] [1787309314.424889733] [slam_toolbox]: Metric Scores: Initial: 1.000000, IOU: 0.994645, Area: 0.995045, Num Con: 2, Reading: 0.686111, outcome score: -1.000000.
[lifelong_slam_toolbox_node-1] [INFO] [1787309314.424971433] [slam_toolbox]: Metric Scores: Initial: 0.825833, IOU: 0.818283, Area: 0.900462, Num Con: 2, Reading: 0.455556, outcome score: 0.797500.
[lifelong_slam_toolbox_node-1] [INFO] [1787309314.424981733] [slam_toolbox]: Metric Scores: Initial: 1.000000, IOU: 0.944717, Area: 0.971627, Num Con: 2, Reading: 0.694444, outcome score: -1.000000.
[lifelong_slam_toolbox_node-1] [INFO] [1787309314.424991034] [slam_toolbox]: Metric Scores: Initial: 0.908476, IOU: 0.784071, Area: 0.879389, Num Con: 3, Reading: 0.386111, outcome score: 0.905356.
[lifelong_slam_toolbox_node-1] [INFO] [1787309314.425000434] [slam_toolbox]: Metric Scores: Initial: 0.984669, IOU: 0.771650, Area: 0.870846, Num Con: 3, Reading: 0.230556, outcome score: 0.983457.
[lifelong_slam_toolbox_node-1] [INFO] [1787309314.425009834] [slam_toolbox]: Metric Scores: Initial: 0.987031, IOU: 0.794136, Area: 0.885522, Num Con: 3, Reading: 0.233333, outcome score: 0.985850.
[lifelong_slam_toolbox_node-1] [INFO] [1787309314.425019734] [slam_toolbox]: Metric Scores: Initial: 0.987377, IOU: 0.806810, Area: 0.893453, Num Con: 3, Reading: 0.452778, outcome score: 0.986034.
[lifelong_slam_toolbox_node-1] [INFO] [1787309314.425029134] [slam_toolbox]: Metric Scores: Initial: 0.782500, IOU: 0.760728, Area: 0.863829, Num Con: 2, Reading: 0.225000, outcome score: 0.768000.
[lifelong_slam_toolbox_node-1] [INFO] [1787309314.425039534] [slam_toolbox]: Metric Scores: Initial: 0.805000, IOU: 0.782273, Area: 0.877849, Num Con: 2, Reading: 0.233333, outcome score: 0.790000.
[lifelong_slam_toolbox_node-1] [INFO] [1787309314.425049734] [slam_toolbox]: Metric Scores: Initial: 0.770667, IOU: 0.751118, Area: 0.857594, Num Con: 2, Reading: 0.222222, outcome score: 0.756333.
[lifelong_slam_toolbox_node-1] [INFO] [1787309314.840566888] [slam_toolbox]: Metric Scores: Initial: 0.797500, IOU: 0.815750, Area: 0.898939, Num Con: 2, Reading: 0.455556, outcome score: 0.769166.
[lifelong_slam_toolbox_node-1] [INFO] [1787309314.840627188] [slam_toolbox]: Metric Scores: Initial: 0.905356, IOU: 0.781809, Area: 0.877977, Num Con: 3, Reading: 0.386111, outcome score: 0.902164.
[lifelong_slam_toolbox_node-1] [INFO] [1787309314.840642988] [slam_toolbox]: Metric Scores: Initial: 0.983457, IOU: 0.769310, Area: 0.869366, Num Con: 3, Reading: 0.230556, outcome score: 0.982228.
[lifelong_slam_toolbox_node-1] [INFO] [1787309314.840657688] [slam_toolbox]: Metric Scores: Initial: 0.985850, IOU: 0.791705, Area: 0.884021, Num Con: 3, Reading: 0.233333, outcome score: 0.984652.
[lifelong_slam_toolbox_node-1] [INFO] [1787309314.840672688] [slam_toolbox]: Metric Scores: Initial: 0.986034, IOU: 0.804328, Area: 0.891943, Num Con: 3, Reading: 0.452778, outcome score: 0.984655.
[lifelong_slam_toolbox_node-1] [INFO] [1787309314.840687089] [slam_toolbox]: Metric Scores: Initial: 0.768000, IOU: 0.758430, Area: 0.862357, Num Con: 2, Reading: 0.225000, outcome score: 0.753500.
[lifelong_slam_toolbox_node-1] [INFO] [1787309314.840701289] [slam_toolbox]: Metric Scores: Initial: 0.790000, IOU: 0.779892, Area: 0.876360, Num Con: 2, Reading: 0.233333, outcome score: 0.775000.
[lifelong_slam_toolbox_node-1] [INFO] [1787309314.840756789] [slam_toolbox]: Metric Scores: Initial: 0.756333, IOU: 0.748857, Area: 0.856130, Num Con: 2, Reading: 0.222222, outcome score: 0.742000.
[lifelong_slam_toolbox_node-1] [INFO] [1787309315.224089468] [slam_toolbox]: Metric Scores: Initial: 1.000000, IOU: 0.994593, Area: 0.994917, Num Con: 2, Reading: 0.686111, outcome score: -1.000000.
[lifelong_slam_toolbox_node-1] [INFO] [1787309315.224147369] [slam_toolbox]: Metric Scores: Initial: 0.995747, IOU: 0.988225, Area: 0.991742, Num Con: 2, Reading: 0.686111, outcome score: -1.000000.
[lifelong_slam_toolbox_node-1] [INFO] [1787309315.224184769] [slam_toolbox]: Metric Scores: Initial: 1.000000, IOU: 0.950499, Area: 0.974639, Num Con: 2, Reading: 0.688889, outcome score: -1.000000.
[lifelong_slam_toolbox_node-1] [INFO] [1787309315.224210269] [slam_toolbox]: Metric Scores: Initial: 0.769166, IOU: 0.811291, Area: 0.896198, Num Con: 2, Reading: 0.455556, outcome score: 0.740833.
[lifelong_slam_toolbox_node-1] [INFO] [1787309315.224219869] [slam_toolbox]: Metric Scores: Initial: 0.902164, IOU: 0.777663, Area: 0.875330, Num Con: 3, Reading: 0.386111, outcome score: 0.898897.
[lifelong_slam_toolbox_node-1] [INFO] [1787309315.224229669] [slam_toolbox]: Metric Scores: Initial: 0.982228, IOU: 0.765163, Area: 0.866684, Num Con: 3, Reading: 0.230556, outcome score: 0.980982.
[lifelong_slam_toolbox_node-1] [INFO] [1787309315.224238869] [slam_toolbox]: Metric Scores: Initial: 0.984652, IOU: 0.787409, Area: 0.881310, Num Con: 3, Reading: 0.233333, outcome score: 0.983437.
[lifelong_slam_toolbox_node-1] [INFO] [1787309315.224248569] [slam_toolbox]: Metric Scores: Initial: 0.984655, IOU: 0.799949, Area: 0.889216, Num Con: 3, Reading: 0.452778, outcome score: 0.983238.
[lifelong_slam_toolbox_node-1] [INFO] [1787309315.224257469] [slam_toolbox]: Metric Scores: Initial: 0.753500, IOU: 0.754351, Area: 0.859686, Num Con: 2, Reading: 0.225000, outcome score: 0.739000.
[lifelong_slam_toolbox_node-1] [INFO] [1787309315.224267269] [slam_toolbox]: Metric Scores: Initial: 0.775000, IOU: 0.775676, Area: 0.873664, Num Con: 2, Reading: 0.233333, outcome score: 0.760000.
[lifelong_slam_toolbox_node-1] [INFO] [1787309315.224275769] [slam_toolbox]: Metric Scores: Initial: 0.742000, IOU: 0.744841, Area: 0.853472, Num Con: 2, Reading: 0.222222, outcome score: 0.727667.
[lifelong_slam_toolbox_node-1] 
[lifelong_slam_toolbox_node-1] Solver Summary (v 2.2.0-eigen-(3.4.0)-lapack-suitesparse-(7.6.1)-eigensparse)
[lifelong_slam_toolbox_node-1] 
[lifelong_slam_toolbox_node-1]                                      Original                  Reduced
[lifelong_slam_toolbox_node-1] Parameter blocks                          219                      120
[lifelong_slam_toolbox_node-1] Parameters                                219                      120
[lifelong_slam_toolbox_node-1] Residual blocks                            40                       40
[lifelong_slam_toolbox_node-1] Residuals                                 120                      120
[lifelong_slam_toolbox_node-1] 
[lifelong_slam_toolbox_node-1] Minimizer                        TRUST_REGION
[lifelong_slam_toolbox_node-1] Trust region strategy     LEVENBERG_MARQUARDT
[lifelong_slam_toolbox_node-1] Sparse linear algebra library    SUITE_SPARSE 
[lifelong_slam_toolbox_node-1] 
[lifelong_slam_toolbox_node-1]                                         Given                     Used
[lifelong_slam_toolbox_node-1] Linear solver          SPARSE_NORMAL_CHOLESKY   SPARSE_NORMAL_CHOLESKY
[lifelong_slam_toolbox_node-1] Threads                                    50                        8
[lifelong_slam_toolbox_node-1] Linear solver ordering              AUTOMATIC                      120
[lifelong_slam_toolbox_node-1] 
[lifelong_slam_toolbox_node-1] Cost:
[lifelong_slam_toolbox_node-1] Initial                          1.931997e-02
[lifelong_slam_toolbox_node-1] Final                            4.930693e-03
[lifelong_slam_toolbox_node-1] Change                           1.438928e-02
[lifelong_slam_toolbox_node-1] 
[lifelong_slam_toolbox_node-1] Minimizer iterations                        2
[lifelong_slam_toolbox_node-1] Successful steps                            2
[lifelong_slam_toolbox_node-1] Unsuccessful steps                          0
[lifelong_slam_toolbox_node-1] 
[lifelong_slam_toolbox_node-1] Time (in seconds):
[lifelong_slam_toolbox_node-1] Preprocessor                         0.000237
[lifelong_slam_toolbox_node-1] 
[lifelong_slam_toolbox_node-1]   Residual only evaluation           0.000029 (2)
[lifelong_slam_toolbox_node-1]   Jacobian & residual evaluation     0.000154 (2)
[lifelong_slam_toolbox_node-1]   Linear solver                      0.000223 (2)
[lifelong_slam_toolbox_node-1] Minimizer                            0.000508
[lifelong_slam_toolbox_node-1] 
[lifelong_slam_toolbox_node-1] Postprocessor                        0.000010
[lifelong_slam_toolbox_node-1] Total                                0.000755
[lifelong_slam_toolbox_node-1] 
[lifelong_slam_toolbox_node-1] Termination:                      CONVERGENCE (Parameter tolerance reached. Relative step_norm: 2.455902e-07 <= 1.000000e-03.)
[lifelong_slam_toolbox_node-1] 
[lifelong_slam_toolbox_node-1] [INFO] [1787309315.625799848] [slam_toolbox]: Metric Scores: Initial: 1.000000, IOU: 0.956575, Area: 0.977863, Num Con: 2, Reading: 0.688889, outcome score: -1.000000.
[lifelong_slam_toolbox_node-1] [INFO] [1787309315.625851448] [slam_toolbox]: Metric Scores: Initial: 0.740833, IOU: 0.810913, Area: 0.895992, Num Con: 2, Reading: 0.455556, outcome score: 0.712500.
[lifelong_slam_toolbox_node-1] [INFO] [1787309315.625863148] [slam_toolbox]: Metric Scores: Initial: 0.898897, IOU: 0.777416, Area: 0.875199, Num Con: 3, Reading: 0.386111, outcome score: 0.895555.
[lifelong_slam_toolbox_node-1] [INFO] [1787309315.625871848] [slam_toolbox]: Metric Scores: Initial: 0.980982, IOU: 0.764830, Area: 0.866494, Num Con: 3, Reading: 0.230556, outcome score: 0.979719.
[lifelong_slam_toolbox_node-1] [INFO] [1787309315.625880848] [slam_toolbox]: Metric Scores: Initial: 0.983437, IOU: 0.787055, Area: 0.881113, Num Con: 3, Reading: 0.233333, outcome score: 0.982205.
[lifelong_slam_toolbox_node-1] [INFO] [1787309315.625890248] [slam_toolbox]: Metric Scores: Initial: 0.983238, IOU: 0.799584, Area: 0.889016, Num Con: 3, Reading: 0.452778, outcome score: 0.981783.
[lifelong_slam_toolbox_node-1] [INFO] [1787309315.625898048] [slam_toolbox]: Metric Scores: Initial: 0.739000, IOU: 0.754026, Area: 0.859499, Num Con: 2, Reading: 0.225000, outcome score: 0.724500.
[lifelong_slam_toolbox_node-1] [INFO] [1787309315.625908048] [slam_toolbox]: Metric Scores: Initial: 0.760000, IOU: 0.775334, Area: 0.873472, Num Con: 2, Reading: 0.233333, outcome score: 0.745000.
[lifelong_slam_toolbox_node-1] [INFO] [1787309315.625917048] [slam_toolbox]: Metric Scores: Initial: 0.727667, IOU: 0.744524, Area: 0.853287, Num Con: 2, Reading: 0.222222, outcome score: 0.713333.
[lifelong_slam_toolbox_node-1] W20260821 10:48:36.048223 600212 preprocessor.cc:67] Specified options.num_threads: 50 exceeds maximum available from the threading model Ceres was compiled with: 8.  Bounding to maximum number available.
[lifelong_slam_toolbox_node-1] [INFO] [1787309316.049727147] [slam_toolbox]: Metric Scores: Initial: 0.712500, IOU: 0.809059, Area: 0.894837, Num Con: 2, Reading: 0.455556, outcome score: 0.684166.
[lifelong_slam_toolbox_node-1] [INFO] [1787309316.049774947] [slam_toolbox]: Metric Scores: Initial: 0.895555, IOU: 0.775795, Area: 0.874155, Num Con: 3, Reading: 0.386111, outcome score: 0.892135.
[lifelong_slam_toolbox_node-1] [INFO] [1787309316.049785047] [slam_toolbox]: Metric Scores: Initial: 0.979719, IOU: 0.763120, Area: 0.865379, Num Con: 3, Reading: 0.230556, outcome score: 0.978438.
[lifelong_slam_toolbox_node-1] [INFO] [1787309316.049794748] [slam_toolbox]: Metric Scores: Initial: 0.982205, IOU: 0.785276, Area: 0.879980, Num Con: 3, Reading: 0.233333, outcome score: 0.980956.
[lifelong_slam_toolbox_node-1] [INFO] [1787309316.049805048] [slam_toolbox]: Metric Scores: Initial: 0.981783, IOU: 0.797768, Area: 0.887874, Num Con: 3, Reading: 0.452778, outcome score: 0.980288.
[lifelong_slam_toolbox_node-1] [INFO] [1787309316.049817948] [slam_toolbox]: Metric Scores: Initial: 0.724500, IOU: 0.752346, Area: 0.858390, Num Con: 2, Reading: 0.225000, outcome score: 0.710000.
[lifelong_slam_toolbox_node-1] [INFO] [1787309316.049827048] [slam_toolbox]: Metric Scores: Initial: 0.745000, IOU: 0.773593, Area: 0.872349, Num Con: 2, Reading: 0.233333, outcome score: 0.730000.
[lifelong_slam_toolbox_node-1] [INFO] [1787309316.049839148] [slam_toolbox]: Metric Scores: Initial: 0.713333, IOU: 0.742873, Area: 0.852186, Num Con: 2, Reading: 0.222222, outcome score: 0.699000.
[lifelong_slam_toolbox_node-1] [INFO] [1787309316.423824976] [slam_toolbox]: Metric Scores: Initial: 1.000000, IOU: 0.990407, Area: 0.990407, Num Con: 2, Reading: 0.686111, outcome score: -1.000000.
[lifelong_slam_toolbox_node-1] [INFO] [1787309316.423925477] [slam_toolbox]: Metric Scores: Initial: 0.684166, IOU: 0.807128, Area: 0.893658, Num Con: 2, Reading: 0.455556, outcome score: 0.655833.
[lifelong_slam_toolbox_node-1] [INFO] [1787309316.423938977] [slam_toolbox]: Metric Scores: Initial: 0.892135, IOU: 0.774127, Area: 0.873098, Num Con: 3, Reading: 0.386111, outcome score: 0.888636.
[lifelong_slam_toolbox_node-1] [INFO] [1787309316.423950177] [slam_toolbox]: Metric Scores: Initial: 0.978438, IOU: 0.761346, Area: 0.864240, Num Con: 3, Reading: 0.230556, outcome score: 0.977140.
[lifelong_slam_toolbox_node-1] [INFO] [1787309316.423960177] [slam_toolbox]: Metric Scores: Initial: 0.980956, IOU: 0.783428, Area: 0.878822, Num Con: 3, Reading: 0.233333, outcome score: 0.979689.
[lifelong_slam_toolbox_node-1] [INFO] [1787309316.423970077] [slam_toolbox]: Metric Scores: Initial: 0.980288, IOU: 0.795880, Area: 0.886706, Num Con: 3, Reading: 0.452778, outcome score: 0.978752.
[lifelong_slam_toolbox_node-1] [INFO] [1787309316.423982477] [slam_toolbox]: Metric Scores: Initial: 0.710000, IOU: 0.750603, Area: 0.857257, Num Con: 2, Reading: 0.225000, outcome score: 0.695500.
[lifelong_slam_toolbox_node-1] [INFO] [1787309316.423993177] [slam_toolbox]: Metric Scores: Initial: 0.730000, IOU: 0.771786, Area: 0.871202, Num Con: 2, Reading: 0.233333, outcome score: 0.715000.
[lifelong_slam_toolbox_node-1] [INFO] [1787309316.424037178] [slam_toolbox]: Metric Scores: Initial: 0.699000, IOU: 0.741160, Area: 0.851061, Num Con: 2, Reading: 0.222222, outcome score: 0.684667.
[lifelong_slam_toolbox_node-1] [INFO] [1787309316.424058578] [slam_toolbox]: Metric Scores: Initial: 1.000000, IOU: 0.957246, Area: 0.978188, Num Con: 3, Reading: 0.688889, outcome score: 0.999000.
[lifelong_slam_toolbox_node-1] [INFO] [1787309316.827562567] [slam_toolbox]: Metric Scores: Initial: 0.655833, IOU: 0.807796, Area: 0.894067, Num Con: 2, Reading: 0.455556, outcome score: 0.627500.
[lifelong_slam_toolbox_node-1] [INFO] [1787309316.827625767] [slam_toolbox]: Metric Scores: Initial: 0.888636, IOU: 0.774885, Area: 0.873580, Num Con: 3, Reading: 0.386111, outcome score: 0.885056.
[lifelong_slam_toolbox_node-1] [INFO] [1787309316.827642967] [slam_toolbox]: Metric Scores: Initial: 0.977140, IOU: 0.761991, Area: 0.864655, Num Con: 3, Reading: 0.230556, outcome score: 0.975824.
[lifelong_slam_toolbox_node-1] [INFO] [1787309316.827657667] [slam_toolbox]: Metric Scores: Initial: 0.979689, IOU: 0.784086, Area: 0.879235, Num Con: 3, Reading: 0.233333, outcome score: 0.978405.
[lifelong_slam_toolbox_node-1] [INFO] [1787309316.827672267] [slam_toolbox]: Metric Scores: Initial: 0.978752, IOU: 0.796545, Area: 0.887119, Num Con: 3, Reading: 0.452778, outcome score: 0.977175.
[lifelong_slam_toolbox_node-1] [INFO] [1787309316.827690967] [slam_toolbox]: Metric Scores: Initial: 0.695500, IOU: 0.751240, Area: 0.857672, Num Con: 2, Reading: 0.225000, outcome score: 0.681000.
[lifelong_slam_toolbox_node-1] [INFO] [1787309316.827705567] [slam_toolbox]: Metric Scores: Initial: 0.715000, IOU: 0.772438, Area: 0.871617, Num Con: 2, Reading: 0.233333, outcome score: 0.700000.
[lifelong_slam_toolbox_node-1] [INFO] [1787309316.827722167] [slam_toolbox]: Metric Scores: Initial: 0.684667, IOU: 0.741792, Area: 0.851477, Num Con: 2, Reading: 0.222222, outcome score: 0.670333.
[lifelong_slam_toolbox_node-1] [INFO] [1787309316.827741068] [slam_toolbox]: Metric Scores: Initial: 1.000000, IOU: 0.953738, Area: 0.976335, Num Con: 2, Reading: 0.686111, outcome score: -1.000000.
[lifelong_slam_toolbox_node-1] [INFO] [1787309316.827755568] [slam_toolbox]: Metric Scores: Initial: 0.999000, IOU: 0.952123, Area: 0.975506, Num Con: 3, Reading: 0.688889, outcome score: 0.997959.
[lifelong_slam_toolbox_node-1] [INFO] [1787309317.235719381] [slam_toolbox]: Metric Scores: Initial: 1.000000, IOU: 0.998042, Area: 0.998281, Num Con: 2, Reading: 0.686111, outcome score: -1.000000.
[lifelong_slam_toolbox_node-1] [INFO] [1787309317.235792081] [slam_toolbox]: Metric Scores: Initial: 0.997959, IOU: 0.991049, Area: 0.994749, Num Con: 2, Reading: 0.688889, outcome score: -1.000000.
[lifelong_slam_toolbox_node-1] [INFO] [1787309317.235828481] [slam_toolbox]: Metric Scores: Initial: 0.627500, IOU: 0.805972, Area: 0.892956, Num Con: 2, Reading: 0.455556, outcome score: 0.599166.
[lifelong_slam_toolbox_node-1] [INFO] [1787309317.235844881] [slam_toolbox]: Metric Scores: Initial: 0.885056, IOU: 0.773305, Area: 0.872583, Num Con: 3, Reading: 0.386111, outcome score: 0.881394.
[lifelong_slam_toolbox_node-1] [INFO] [1787309317.235859481] [slam_toolbox]: Metric Scores: Initial: 0.975824, IOU: 0.760314, Area: 0.863581, Num Con: 3, Reading: 0.230556, outcome score: 0.974489.
[lifelong_slam_toolbox_node-1] [INFO] [1787309317.235871881] [slam_toolbox]: Metric Scores: Initial: 0.978405, IOU: 0.782340, Area: 0.878144, Num Con: 3, Reading: 0.233333, outcome score: 0.977103.
[lifelong_slam_toolbox_node-1] [INFO] [1787309317.235885282] [slam_toolbox]: Metric Scores: Initial: 0.977175, IOU: 0.794760, Area: 0.886019, Num Con: 3, Reading: 0.452778, outcome score: 0.975555.
[lifelong_slam_toolbox_node-1] [INFO] [1787309317.235902882] [slam_toolbox]: Metric Scores: Initial: 0.681000, IOU: 0.749592, Area: 0.856604, Num Con: 2, Reading: 0.225000, outcome score: 0.666500.
[lifelong_slam_toolbox_node-1] [INFO] [1787309317.235916782] [slam_toolbox]: Metric Scores: Initial: 0.700000, IOU: 0.770730, Area: 0.870536, Num Con: 2, Reading: 0.233333, outcome score: 0.685000.
[lifelong_slam_toolbox_node-1] [INFO] [1787309317.235936482] [slam_toolbox]: Metric Scores: Initial: 0.670333, IOU: 0.740173, Area: 0.850416, Num Con: 2, Reading: 0.222222, outcome score: 0.656000.
[lifelong_slam_toolbox_node-1] [INFO] [1787309317.632067131] [slam_toolbox]: Metric Scores: Initial: 0.599166, IOU: 0.805082, Area: 0.892425, Num Con: 2, Reading: 0.455556, outcome score: 0.570833.
[lifelong_slam_toolbox_node-1] [INFO] [1787309317.632132931] [slam_toolbox]: Metric Scores: Initial: 0.881394, IOU: 0.772665, Area: 0.872190, Num Con: 3, Reading: 0.386111, outcome score: 0.877646.
[lifelong_slam_toolbox_node-1] [INFO] [1787309317.632149831] [slam_toolbox]: Metric Scores: Initial: 0.974489, IOU: 0.759518, Area: 0.863082, Num Con: 3, Reading: 0.230556, outcome score: 0.973137.
[lifelong_slam_toolbox_node-1] [INFO] [1787309317.632234332] [slam_toolbox]: Metric Scores: Initial: 0.977103, IOU: 0.781501, Area: 0.877630, Num Con: 3, Reading: 0.233333, outcome score: 0.975782.
[lifelong_slam_toolbox_node-1] [INFO] [1787309317.632254332] [slam_toolbox]: Metric Scores: Initial: 0.975555, IOU: 0.793899, Area: 0.885498, Num Con: 3, Reading: 0.452778, outcome score: 0.973891.
[lifelong_slam_toolbox_node-1] [INFO] [1787309317.632274132] [slam_toolbox]: Metric Scores: Initial: 0.666500, IOU: 0.748813, Area: 0.856109, Num Con: 2, Reading: 0.225000, outcome score: 0.652000.
[lifelong_slam_toolbox_node-1] [INFO] [1787309317.632288432] [slam_toolbox]: Metric Scores: Initial: 0.685000, IOU: 0.769916, Area: 0.870031, Num Con: 2, Reading: 0.233333, outcome score: 0.670000.
[lifelong_slam_toolbox_node-1] [INFO] [1787309317.632306732] [slam_toolbox]: Metric Scores: Initial: 0.656000, IOU: 0.739411, Area: 0.849927, Num Con: 2, Reading: 0.222222, outcome score: 0.641667.
[lifelong_slam_toolbox_node-1] [INFO] [1787309317.632320132] [slam_toolbox]: Metric Scores: Initial: 1.000000, IOU: 0.942832, Area: 0.970620, Num Con: 2, Reading: 0.683333, outcome score: -1.000000.
[lifelong_slam_toolbox_node-1] [INFO] [1787309318.024464259] [slam_toolbox]: Metric Scores: Initial: 0.570833, IOU: 0.806155, Area: 0.893072, Num Con: 2, Reading: 0.455556, outcome score: 0.542500.
[lifelong_slam_toolbox_node-1] [INFO] [1787309318.024514559] [slam_toolbox]: Metric Scores: Initial: 0.877646, IOU: 0.773772, Area: 0.872883, Num Con: 3, Reading: 0.386111, outcome score: 0.873811.
[lifelong_slam_toolbox_node-1] [INFO] [1787309318.024524760] [slam_toolbox]: Metric Scores: Initial: 0.973137, IOU: 0.760534, Area: 0.863727, Num Con: 3, Reading: 0.230556, outcome score: 0.971765.
[lifelong_slam_toolbox_node-1] [INFO] [1787309318.024535460] [slam_toolbox]: Metric Scores: Initial: 0.975782, IOU: 0.782545, Area: 0.878276, Num Con: 3, Reading: 0.233333, outcome score: 0.974443.
[lifelong_slam_toolbox_node-1] [INFO] [1787309318.024545460] [slam_toolbox]: Metric Scores: Initial: 0.973891, IOU: 0.794960, Area: 0.886146, Num Con: 3, Reading: 0.452778, outcome score: 0.972181.
[lifelong_slam_toolbox_node-1] [INFO] [1787309318.024557860] [slam_toolbox]: Metric Scores: Initial: 0.652000, IOU: 0.749814, Area: 0.856752, Num Con: 2, Reading: 0.225000, outcome score: 0.637500.
[lifelong_slam_toolbox_node-1] [INFO] [1787309318.024566860] [slam_toolbox]: Metric Scores: Initial: 0.670000, IOU: 0.770946, Area: 0.870677, Num Con: 2, Reading: 0.233333, outcome score: 0.655000.
[lifelong_slam_toolbox_node-1] [INFO] [1787309318.024575060] [slam_toolbox]: Metric Scores: Initial: 0.641667, IOU: 0.740400, Area: 0.850569, Num Con: 2, Reading: 0.222222, outcome score: 0.627333.
[lifelong_slam_toolbox_node-1] [INFO] [1787309318.425442334] [slam_toolbox]: Metric Scores: Initial: 0.542500, IOU: 0.806512, Area: 0.893284, Num Con: 2, Reading: 0.455556, outcome score: 0.514166.
[lifelong_slam_toolbox_node-1] [INFO] [1787309318.425495035] [slam_toolbox]: Metric Scores: Initial: 0.873811, IOU: 0.774313, Area: 0.873220, Num Con: 3, Reading: 0.386111, outcome score: 0.869888.
[lifelong_slam_toolbox_node-1] [INFO] [1787309318.425506435] [slam_toolbox]: Metric Scores: Initial: 0.971765, IOU: 0.760902, Area: 0.863956, Num Con: 3, Reading: 0.230556, outcome score: 0.970374.
[lifelong_slam_toolbox_node-1] [INFO] [1787309318.425517035] [slam_toolbox]: Metric Scores: Initial: 0.974443, IOU: 0.782910, Area: 0.878499, Num Con: 3, Reading: 0.233333, outcome score: 0.973085.
[lifelong_slam_toolbox_node-1] [INFO] [1787309318.425527035] [slam_toolbox]: Metric Scores: Initial: 0.972181, IOU: 0.795324, Area: 0.886365, Num Con: 3, Reading: 0.452778, outcome score: 0.970426.
[lifelong_slam_toolbox_node-1] [INFO] [1787309318.425537035] [slam_toolbox]: Metric Scores: Initial: 1.000000, IOU: 0.937858, Area: 0.967938, Num Con: 2, Reading: 0.680556, outcome score: -1.000000.
[lifelong_slam_toolbox_node-1] [INFO] [1787309318.425546835] [slam_toolbox]: Metric Scores: Initial: 0.637500, IOU: 0.750179, Area: 0.856983, Num Con: 2, Reading: 0.225000, outcome score: 0.623000.
[lifelong_slam_toolbox_node-1] [INFO] [1787309318.425556735] [slam_toolbox]: Metric Scores: Initial: 0.655000, IOU: 0.771315, Area: 0.870905, Num Con: 2, Reading: 0.233333, outcome score: 0.640000.
[lifelong_slam_toolbox_node-1] [INFO] [1787309318.425566735] [slam_toolbox]: Metric Scores: Initial: 0.627333, IOU: 0.740766, Area: 0.850803, Num Con: 2, Reading: 0.222222, outcome score: 0.613000.
[lifelong_slam_toolbox_node-1] [INFO] [1787309318.824397698] [slam_toolbox]: Metric Scores: Initial: 1.000000, IOU: 0.997759, Area: 0.998133, Num Con: 2, Reading: 0.683333, outcome score: -1.000000.
[lifelong_slam_toolbox_node-1] [INFO] [1787309318.824488999] [slam_toolbox]: Metric Scores: Initial: 0.997959, IOU: 0.993910, Area: 0.996240, Num Con: 2, Reading: 0.686111, outcome score: -1.000000.
[lifelong_slam_toolbox_node-1] [INFO] [1787309318.824531199] [slam_toolbox]: Metric Scores: Initial: 0.514166, IOU: 0.808001, Area: 0.894211, Num Con: 2, Reading: 0.455556, outcome score: 0.485833.
[lifelong_slam_toolbox_node-1] [INFO] [1787309318.824541399] [slam_toolbox]: Metric Scores: Initial: 1.000000, IOU: 0.938470, Area: 0.968267, Num Con: 2, Reading: 0.680556, outcome score: -1.000000.
[lifelong_slam_toolbox_node-1] [INFO] [1787309318.824551099] [slam_toolbox]: Metric Scores: Initial: 0.869888, IOU: 0.775856, Area: 0.874215, Num Con: 3, Reading: 0.386111, outcome score: 0.865874.
[lifelong_slam_toolbox_node-1] [INFO] [1787309318.824565499] [slam_toolbox]: Metric Scores: Initial: 0.970374, IOU: 0.762313, Area: 0.864881, Num Con: 3, Reading: 0.230556, outcome score: 0.968965.
[lifelong_slam_toolbox_node-1] [INFO] [1787309318.824590599] [slam_toolbox]: Metric Scores: Initial: 0.973085, IOU: 0.784359, Area: 0.879426, Num Con: 3, Reading: 0.233333, outcome score: 0.971708.
[lifelong_slam_toolbox_node-1] [INFO] [1787309318.824600400] [slam_toolbox]: Metric Scores: Initial: 0.970426, IOU: 0.796797, Area: 0.887294, Num Con: 3, Reading: 0.452778, outcome score: 0.968622.
[lifelong_slam_toolbox_node-1] [INFO] [1787309318.824609800] [slam_toolbox]: Metric Scores: Initial: 0.623000, IOU: 0.751569, Area: 0.857905, Num Con: 2, Reading: 0.225000, outcome score: 0.608500.
[lifelong_slam_toolbox_node-1] [INFO] [1787309318.824618700] [slam_toolbox]: Metric Scores: Initial: 0.640000, IOU: 0.772745, Area: 0.871831, Num Con: 2, Reading: 0.233333, outcome score: 0.625000.
[lifelong_slam_toolbox_node-1] [INFO] [1787309318.824628400] [slam_toolbox]: Metric Scores: Initial: 0.613000, IOU: 0.742141, Area: 0.851725, Num Con: 2, Reading: 0.222222, outcome score: 0.598667.
[lifelong_slam_toolbox_node-1] [INFO] [1787309319.224712570] [slam_toolbox]: Metric Scores: Initial: 0.485833, IOU: 0.807886, Area: 0.894118, Num Con: 2, Reading: 0.455556, outcome score: 0.457500.
[lifelong_slam_toolbox_node-1] [INFO] [1787309319.224763370] [slam_toolbox]: Metric Scores: Initial: 0.865874, IOU: 0.775895, Area: 0.874217, Num Con: 3, Reading: 0.386111, outcome score: 0.861766.
[lifelong_slam_toolbox_node-1] [INFO] [1787309319.224773870] [slam_toolbox]: Metric Scores: Initial: 0.968965, IOU: 0.762230, Area: 0.864805, Num Con: 3, Reading: 0.230556, outcome score: 0.967535.
[lifelong_slam_toolbox_node-1] [INFO] [1787309319.224783370] [slam_toolbox]: Metric Scores: Initial: 0.971708, IOU: 0.784262, Area: 0.879342, Num Con: 3, Reading: 0.233333, outcome score: 0.970312.
[lifelong_slam_toolbox_node-1] [INFO] [1787309319.224793070] [slam_toolbox]: Metric Scores: Initial: 0.968622, IOU: 0.796692, Area: 0.887206, Num Con: 3, Reading: 0.452778, outcome score: 0.966770.
[lifelong_slam_toolbox_node-1] [INFO] [1787309319.224803670] [slam_toolbox]: Metric Scores: Initial: 0.608500, IOU: 0.751489, Area: 0.857831, Num Con: 2, Reading: 0.225000, outcome score: 0.594000.
[lifelong_slam_toolbox_node-1] [INFO] [1787309319.224812670] [slam_toolbox]: Metric Scores: Initial: 0.625000, IOU: 0.772657, Area: 0.871753, Num Con: 2, Reading: 0.233333, outcome score: 0.610000.
[lifelong_slam_toolbox_node-1] [INFO] [1787309319.224822871] [slam_toolbox]: Metric Scores: Initial: 0.598667, IOU: 0.742066, Area: 0.851654, Num Con: 2, Reading: 0.222222, outcome score: 0.584333.
[lifelong_slam_toolbox_node-1] [INFO] [1787309319.625232542] [slam_toolbox]: Metric Scores: Initial: 1.000000, IOU: 0.936247, Area: 0.967064, Num Con: 2, Reading: 0.683333, outcome score: -1.000000.
[lifelong_slam_toolbox_node-1] [INFO] [1787309319.625290643] [slam_toolbox]: Metric Scores: Initial: 0.457500, IOU: 0.810169, Area: 0.895517, Num Con: 2, Reading: 0.455556, outcome score: 0.429166.
[lifelong_slam_toolbox_node-1] [INFO] [1787309319.625300943] [slam_toolbox]: Metric Scores: Initial: 0.861766, IOU: 0.778192, Area: 0.875676, Num Con: 3, Reading: 0.386111, outcome score: 0.857564.
[lifelong_slam_toolbox_node-1] [INFO] [1787309319.625310443] [slam_toolbox]: Metric Scores: Initial: 0.967535, IOU: 0.764382, Area: 0.866193, Num Con: 3, Reading: 0.230556, outcome score: 0.966086.
[lifelong_slam_toolbox_node-1] [INFO] [1787309319.625319943] [slam_toolbox]: Metric Scores: Initial: 0.970312, IOU: 0.786479, Area: 0.880737, Num Con: 3, Reading: 0.233333, outcome score: 0.968897.
[lifelong_slam_toolbox_node-1] [INFO] [1787309319.625330043] [slam_toolbox]: Metric Scores: Initial: 0.966770, IOU: 0.798946, Area: 0.888605, Num Con: 3, Reading: 0.452778, outcome score: 0.964867.
[lifelong_slam_toolbox_node-1] [INFO] [1787309319.625339543] [slam_toolbox]: Metric Scores: Initial: 0.594000, IOU: 0.753609, Area: 0.859214, Num Con: 2, Reading: 0.225000, outcome score: 0.579500.
[lifelong_slam_toolbox_node-1] [INFO] [1787309319.625390943] [slam_toolbox]: Metric Scores: Initial: 0.610000, IOU: 0.774841, Area: 0.873145, Num Con: 2, Reading: 0.233333, outcome score: 0.595000.
[lifelong_slam_toolbox_node-1] [INFO] [1787309319.625401743] [slam_toolbox]: Metric Scores: Initial: 0.584333, IOU: 0.744159, Area: 0.853035, Num Con: 2, Reading: 0.222222, outcome score: 0.570000.
[lifelong_slam_toolbox_node-1] [INFO] [1787309320.024676109] [slam_toolbox]: Metric Scores: Initial: 1.000000, IOU: 0.935956, Area: 0.966939, Num Con: 2, Reading: 0.683333, outcome score: -1.000000.
[lifelong_slam_toolbox_node-1] [INFO] [1787309320.024736610] [slam_toolbox]: Metric Scores: Initial: 0.429166, IOU: 0.811319, Area: 0.896236, Num Con: 2, Reading: 0.455556, outcome score: 0.400833.
[lifelong_slam_toolbox_node-1] [INFO] [1787309320.024748010] [slam_toolbox]: Metric Scores: Initial: 0.857564, IOU: 0.779448, Area: 0.876487, Num Con: 3, Reading: 0.386111, outcome score: 0.853264.
[lifelong_slam_toolbox_node-1] [INFO] [1787309320.024758610] [slam_toolbox]: Metric Scores: Initial: 0.966086, IOU: 0.765483, Area: 0.866915, Num Con: 3, Reading: 0.230556, outcome score: 0.964617.
[lifelong_slam_toolbox_node-1] [INFO] [1787309320.024767710] [slam_toolbox]: Metric Scores: Initial: 0.968897, IOU: 0.787604, Area: 0.881458, Num Con: 3, Reading: 0.233333, outcome score: 0.967461.
[lifelong_slam_toolbox_node-1] [INFO] [1787309320.024776510] [slam_toolbox]: Metric Scores: Initial: 0.964867, IOU: 0.800087, Area: 0.889327, Num Con: 3, Reading: 0.452778, outcome score: 0.962913.
[lifelong_slam_toolbox_node-1] [INFO] [1787309320.024786410] [slam_toolbox]: Metric Scores: Initial: 0.579500, IOU: 0.754694, Area: 0.859935, Num Con: 2, Reading: 0.225000, outcome score: 0.565000.
[lifelong_slam_toolbox_node-1] [INFO] [1787309320.024795210] [slam_toolbox]: Metric Scores: Initial: 0.595000, IOU: 0.775955, Area: 0.873868, Num Con: 2, Reading: 0.233333, outcome score: 0.580000.
[lifelong_slam_toolbox_node-1] [INFO] [1787309320.024823210] [slam_toolbox]: Metric Scores: Initial: 0.570000, IOU: 0.745234, Area: 0.853756, Num Con: 2, Reading: 0.222222, outcome score: 0.555667.
[lifelong_slam_toolbox_node-1] W20260821 10:48:40.450063 600212 preprocessor.cc:67] Specified options.num_threads: 50 exceeds maximum available from the threading model Ceres was compiled with: 8.  Bounding to maximum number available.
[lifelong_slam_toolbox_node-1] [INFO] [1787309320.451720626] [slam_toolbox]: Metric Scores: Initial: 0.400833, IOU: 0.814044, Area: 0.897870, Num Con: 2, Reading: 0.455556, outcome score: 0.372500.
[lifelong_slam_toolbox_node-1] [INFO] [1787309320.451772426] [slam_toolbox]: Metric Scores: Initial: 0.853264, IOU: 0.782235, Area: 0.878220, Num Con: 3, Reading: 0.386111, outcome score: 0.848865.
[lifelong_slam_toolbox_node-1] [INFO] [1787309320.451794026] [slam_toolbox]: Metric Scores: Initial: 0.964617, IOU: 0.768060, Area: 0.868541, Num Con: 3, Reading: 0.230556, outcome score: 0.963127.
[lifelong_slam_toolbox_node-1] [INFO] [1787309320.451803126] [slam_toolbox]: Metric Scores: Initial: 0.967461, IOU: 0.790255, Area: 0.883090, Num Con: 3, Reading: 0.233333, outcome score: 0.966006.
[lifelong_slam_toolbox_node-1] [INFO] [1787309320.451812426] [slam_toolbox]: Metric Scores: Initial: 0.962913, IOU: 0.802780, Area: 0.890962, Num Con: 3, Reading: 0.452778, outcome score: 0.960905.
[lifelong_slam_toolbox_node-1] [INFO] [1787309320.451823526] [slam_toolbox]: Metric Scores: Initial: 0.565000, IOU: 0.757232, Area: 0.861556, Num Con: 2, Reading: 0.225000, outcome score: 0.550500.
[lifelong_slam_toolbox_node-1] [INFO] [1787309320.451833026] [slam_toolbox]: Metric Scores: Initial: 0.580000, IOU: 0.778568, Area: 0.875498, Num Con: 2, Reading: 0.233333, outcome score: 0.565000.
[lifelong_slam_toolbox_node-1] [INFO] [1787309320.451844126] [slam_toolbox]: Metric Scores: Initial: 0.555667, IOU: 0.747740, Area: 0.855375, Num Con: 2, Reading: 0.222222, outcome score: 0.541333.
[lifelong_slam_toolbox_node-1] 
[lifelong_slam_toolbox_node-1] Solver Summary (v 2.2.0-eigen-(3.4.0)-lapack-suitesparse-(7.6.1)-eigensparse)
[lifelong_slam_toolbox_node-1] 
[lifelong_slam_toolbox_node-1]                                      Original                  Reduced
[lifelong_slam_toolbox_node-1] Parameter blocks                          216                      111
[lifelong_slam_toolbox_node-1] Parameters                                216                      111
[lifelong_slam_toolbox_node-1] Residual blocks                            37                       37
[lifelong_slam_toolbox_node-1] Residuals                                 111                      111
[lifelong_slam_toolbox_node-1] 
[lifelong_slam_toolbox_node-1] Minimizer                        TRUST_REGION
[lifelong_slam_toolbox_node-1] Trust region strategy     LEVENBERG_MARQUARDT
[lifelong_slam_toolbox_node-1] Sparse linear algebra library    SUITE_SPARSE 
[lifelong_slam_toolbox_node-1] 
[lifelong_slam_toolbox_node-1]                                         Given                     Used
[lifelong_slam_toolbox_node-1] Linear solver          SPARSE_NORMAL_CHOLESKY   SPARSE_NORMAL_CHOLESKY
[lifelong_slam_toolbox_node-1] Threads                                    50                        8
[lifelong_slam_toolbox_node-1] Linear solver ordering              AUTOMATIC                      111
[lifelong_slam_toolbox_node-1] 
[lifelong_slam_toolbox_node-1] Cost:
[lifelong_slam_toolbox_node-1] Initial                          5.459608e-02
[lifelong_slam_toolbox_node-1] Final                            4.923994e-03
[lifelong_slam_toolbox_node-1] Change                           4.967208e-02
[lifelong_slam_toolbox_node-1] 
[lifelong_slam_toolbox_node-1] Minimizer iterations                        2
[lifelong_slam_toolbox_node-1] Successful steps                            2
[lifelong_slam_toolbox_node-1] Unsuccessful steps                          0
[lifelong_slam_toolbox_node-1] 
[lifelong_slam_toolbox_node-1] Time (in seconds):
[lifelong_slam_toolbox_node-1] Preprocessor                         0.000233
[lifelong_slam_toolbox_node-1] 
[lifelong_slam_toolbox_node-1]   Residual only evaluation           0.000034 (2)
[lifelong_slam_toolbox_node-1]   Jacobian & residual evaluation     0.000136 (2)
[lifelong_slam_toolbox_node-1]   Linear solver                      0.000220 (2)
[lifelong_slam_toolbox_node-1] Minimizer                            0.000486
[lifelong_slam_toolbox_node-1] 
[lifelong_slam_toolbox_node-1] Postprocessor                        0.000013
[lifelong_slam_toolbox_node-1] Total                                0.000732
[lifelong_slam_toolbox_node-1] 
[lifelong_slam_toolbox_node-1] Termination:                      CONVERGENCE (Parameter tolerance reached. Relative step_norm: 2.986538e-05 <= 1.000000e-03.)
[lifelong_slam_toolbox_node-1] 
[lifelong_slam_toolbox_node-1] 
[lifelong_slam_toolbox_node-1] Solver Summary (v 2.2.0-eigen-(3.4.0)-lapack-suitesparse-(7.6.1)-eigensparse)
[lifelong_slam_toolbox_node-1] 
[lifelong_slam_toolbox_node-1]                                      Original                  Reduced
[lifelong_slam_toolbox_node-1] Parameter blocks                          216                      108
[lifelong_slam_toolbox_node-1] Parameters                                216                      108
[lifelong_slam_toolbox_node-1] Residual blocks                            37                       37
[lifelong_slam_toolbox_node-1] Residuals                                 111                      111
[lifelong_slam_toolbox_node-1] 
[lifelong_slam_toolbox_node-1] Minimizer                        TRUST_REGION
[lifelong_slam_toolbox_node-1] Trust region strategy     LEVENBERG_MARQUARDT
[lifelong_slam_toolbox_node-1] Sparse linear algebra library    SUITE_SPARSE 
[lifelong_slam_toolbox_node-1] 
[lifelong_slam_toolbox_node-1]                                         Given                     Used
[lifelong_slam_toolbox_node-1] Linear solver          SPARSE_NORMAL_CHOLESKY   SPARSE_NORMAL_CHOLESKY
[lifelong_slam_toolbox_node-1] Threads                                    50                        8
[lifelong_slam_toolbox_node-1] Linear solver ordering              AUTOMATIC                      108
[lifelong_slam_toolbox_node-1] 
[lifelong_slam_toolbox_node-1] Cost:
[lifelong_slam_toolbox_node-1] Initial                          8.874066e-02
[lifelong_slam_toolbox_node-1] Final                            4.923343e-03
[lifelong_slam_toolbox_node-1] Change                           8.381731e-02
[lifelong_slam_toolbox_node-1] 
[lifelong_slam_toolbox_node-1] Minimizer iterations                        2
[lifelong_slam_toolbox_node-1] Successful steps                            2
[lifelong_slam_toolbox_node-1] Unsuccessful steps                          0
[lifelong_slam_toolbox_node-1] 
[lifelong_slam_toolbox_node-1] Time (in seconds):
[lifelong_slam_toolbox_node-1] Preprocessor                         0.000195
[lifelong_slam_toolbox_node-1] 
[lifelong_slam_toolbox_node-1]   Residual only evaluation           0.000062 (2)
[lifelong_slam_toolbox_node-1]   Jacobian & residual evaluation     0.000153 (2)
[lifelong_slam_toolbox_node-1]   Linear solver                      0.000250 (2)
[lifelong_slam_toolbox_node-1] Minimizer                            0.000618
[lifelong_slam_toolbox_node-1] 
[lifelong_slam_toolbox_node-1] Postprocessor                        0.000016
[lifelong_slam_toolbox_node-1] Total                                0.000829
[lifelong_slam_toolbox_node-1] 
[lifelong_slam_toolbox_node-1] Termination:                      CONVERGENCE (Parameter tolerance reached. Relative step_norm: 1.644244e-05 <= 1.000000e-03.)
[lifelong_slam_toolbox_node-1] 
[lifelong_slam_toolbox_node-1] [INFO] [1787309320.824479848] [slam_toolbox]: Metric Scores: Initial: 1.000000, IOU: 0.997981, Area: 0.999037, Num Con: 2, Reading: 0.686111, outcome score: -1.000000.
[lifelong_slam_toolbox_node-1] [INFO] [1787309320.824545448] [slam_toolbox]: Metric Scores: Initial: 0.372500, IOU: 0.816662, Area: 0.899465, Num Con: 2, Reading: 0.455556, outcome score: 0.344166.
[lifelong_slam_toolbox_node-1] [INFO] [1787309320.824559548] [slam_toolbox]: Metric Scores: Initial: 0.848865, IOU: 0.784869, Area: 0.879881, Num Con: 3, Reading: 0.386111, outcome score: 0.844364.
[lifelong_slam_toolbox_node-1] [INFO] [1787309320.824569248] [slam_toolbox]: Metric Scores: Initial: 0.963127, IOU: 0.770528, Area: 0.870122, Num Con: 3, Reading: 0.230556, outcome score: 0.961617.
[lifelong_slam_toolbox_node-1] [INFO] [1787309320.824578848] [slam_toolbox]: Metric Scores: Initial: 0.966006, IOU: 0.792796, Area: 0.884679, Num Con: 3, Reading: 0.233333, outcome score: 0.964530.
[lifelong_slam_toolbox_node-1] [INFO] [1787309320.824588848] [slam_toolbox]: Metric Scores: Initial: 0.960905, IOU: 0.805365, Area: 0.892555, Num Con: 3, Reading: 0.452778, outcome score: 0.958843.
[lifelong_slam_toolbox_node-1] [INFO] [1787309320.824602248] [slam_toolbox]: Metric Scores: Initial: 0.550500, IOU: 0.759662, Area: 0.863132, Num Con: 2, Reading: 0.225000, outcome score: 0.536000.
[lifelong_slam_toolbox_node-1] [INFO] [1787309320.824612248] [slam_toolbox]: Metric Scores: Initial: 0.565000, IOU: 0.781072, Area: 0.877083, Num Con: 2, Reading: 0.233333, outcome score: 0.550000.
[lifelong_slam_toolbox_node-1] [INFO] [1787309320.824624148] [slam_toolbox]: Metric Scores: Initial: 0.541333, IOU: 0.750139, Area: 0.856947, Num Con: 2, Reading: 0.222222, outcome score: 0.527000.
[lifelong_slam_toolbox_node-1] [INFO] [1787309320.824644649] [slam_toolbox]: Metric Scores: Initial: 1.000000, IOU: 0.933564, Area: 0.965638, Num Con: 2, Reading: 0.683333, outcome score: -1.000000.
[lifelong_slam_toolbox_node-1] [INFO] [1787309321.224805219] [slam_toolbox]: Metric Scores: Initial: 0.344166, IOU: 0.821268, Area: 0.902260, Num Con: 2, Reading: 0.455556, outcome score: 0.315833.
[lifelong_slam_toolbox_node-1] [INFO] [1787309321.224863919] [slam_toolbox]: Metric Scores: Initial: 0.844364, IOU: 0.789416, Area: 0.882740, Num Con: 3, Reading: 0.386111, outcome score: 0.839758.
[lifelong_slam_toolbox_node-1] [INFO] [1787309321.224875720] [slam_toolbox]: Metric Scores: Initial: 0.961617, IOU: 0.774854, Area: 0.872885, Num Con: 3, Reading: 0.230556, outcome score: 0.960086.
[lifelong_slam_toolbox_node-1] [INFO] [1787309321.224885720] [slam_toolbox]: Metric Scores: Initial: 0.964530, IOU: 0.797259, Area: 0.887460, Num Con: 3, Reading: 0.233333, outcome score: 0.963033.
[lifelong_slam_toolbox_node-1] [INFO] [1787309321.224895820] [slam_toolbox]: Metric Scores: Initial: 0.958843, IOU: 0.809905, Area: 0.895346, Num Con: 3, Reading: 0.452778, outcome score: 0.956725.
[lifelong_slam_toolbox_node-1] [INFO] [1787309321.224909020] [slam_toolbox]: Metric Scores: Initial: 0.536000, IOU: 0.763920, Area: 0.865885, Num Con: 2, Reading: 0.225000, outcome score: 0.521500.
[lifelong_slam_toolbox_node-1] [INFO] [1787309321.224919520] [slam_toolbox]: Metric Scores: Initial: 0.550000, IOU: 0.785465, Area: 0.879856, Num Con: 2, Reading: 0.233333, outcome score: 0.535000.
[lifelong_slam_toolbox_node-1] [INFO] [1787309321.224931720] [slam_toolbox]: Metric Scores: Initial: 0.527000, IOU: 0.754341, Area: 0.859693, Num Con: 2, Reading: 0.222222, outcome score: 0.512667.
[lifelong_slam_toolbox_node-1] [INFO] [1787309321.623935184] [slam_toolbox]: Metric Scores: Initial: 0.315833, IOU: 0.822804, Area: 0.903158, Num Con: 2, Reading: 0.455556, outcome score: 0.287500.
[lifelong_slam_toolbox_node-1] [INFO] [1787309321.624007385] [slam_toolbox]: Metric Scores: Initial: 0.839758, IOU: 0.791047, Area: 0.883732, Num Con: 3, Reading: 0.386111, outcome score: 0.835046.
[lifelong_slam_toolbox_node-1] [INFO] [1787309321.624018785] [slam_toolbox]: Metric Scores: Initial: 0.960086, IOU: 0.776315, Area: 0.873784, Num Con: 3, Reading: 0.230556, outcome score: 0.958534.
[lifelong_slam_toolbox_node-1] [INFO] [1787309321.624027585] [slam_toolbox]: Metric Scores: Initial: 0.963033, IOU: 0.798757, Area: 0.888360, Num Con: 3, Reading: 0.233333, outcome score: 0.961516.
[lifelong_slam_toolbox_node-1] [INFO] [1787309321.624037985] [slam_toolbox]: Metric Scores: Initial: 0.956725, IOU: 0.811426, Area: 0.896247, Num Con: 3, Reading: 0.452778, outcome score: 0.954549.
[lifelong_slam_toolbox_node-1] [INFO] [1787309321.624051985] [slam_toolbox]: Metric Scores: Initial: 0.521500, IOU: 0.765359, Area: 0.866782, Num Con: 2, Reading: 0.225000, outcome score: 0.507000.
[lifelong_slam_toolbox_node-1] [INFO] [1787309321.624062585] [slam_toolbox]: Metric Scores: Initial: 0.535000, IOU: 0.786945, Area: 0.880756, Num Con: 2, Reading: 0.233333, outcome score: 0.520000.
[lifelong_slam_toolbox_node-1] [INFO] [1787309321.624123885] [slam_toolbox]: Metric Scores: Initial: 0.512667, IOU: 0.755764, Area: 0.860590, Num Con: 2, Reading: 0.222222, outcome score: 0.498333.
[lifelong_slam_toolbox_node-1] [INFO] [1787309321.624138085] [slam_toolbox]: Metric Scores: Initial: 1.000000, IOU: 0.936295, Area: 0.967054, Num Con: 3, Reading: 0.686111, outcome score: 0.999000.
[lifelong_slam_toolbox_node-1] [INFO] [1787309322.024296656] [slam_toolbox]: Metric Scores: Initial: 0.287500, IOU: 0.827246, Area: 0.905846, Num Con: 2, Reading: 0.455556, outcome score: 0.259166.
[lifelong_slam_toolbox_node-1] [INFO] [1787309322.024350156] [slam_toolbox]: Metric Scores: Initial: 0.835046, IOU: 0.795460, Area: 0.886496, Num Con: 3, Reading: 0.386111, outcome score: 0.830224.
[lifelong_slam_toolbox_node-1] [INFO] [1787309322.024361356] [slam_toolbox]: Metric Scores: Initial: 0.958534, IOU: 0.780491, Area: 0.876443, Num Con: 3, Reading: 0.230556, outcome score: 0.956961.
[lifelong_slam_toolbox_node-1] [INFO] [1787309322.024371056] [slam_toolbox]: Metric Scores: Initial: 0.961516, IOU: 0.803063, Area: 0.891034, Num Con: 3, Reading: 0.233333, outcome score: 0.959977.
[lifelong_slam_toolbox_node-1] [INFO] [1787309322.024380956] [slam_toolbox]: Metric Scores: Initial: 0.954549, IOU: 0.815807, Area: 0.898930, Num Con: 3, Reading: 0.452778, outcome score: 0.952315.
[lifelong_slam_toolbox_node-1] [INFO] [1787309322.024392856] [slam_toolbox]: Metric Scores: Initial: 0.507000, IOU: 0.769470, Area: 0.869431, Num Con: 2, Reading: 0.225000, outcome score: 0.492500.
[lifelong_slam_toolbox_node-1] [INFO] [1787309322.024402856] [slam_toolbox]: Metric Scores: Initial: 0.520000, IOU: 0.791184, Area: 0.883424, Num Con: 2, Reading: 0.233333, outcome score: 0.505000.
[lifelong_slam_toolbox_node-1] [INFO] [1787309322.024414556] [slam_toolbox]: Metric Scores: Initial: 0.498333, IOU: 0.759821, Area: 0.863233, Num Con: 2, Reading: 0.222222, outcome score: 0.484000.
[lifelong_slam_toolbox_node-1] [INFO] [1787309322.024423556] [slam_toolbox]: Metric Scores: Initial: 1.000000, IOU: 0.933333, Area: 0.965505, Num Con: 2, Reading: 0.683333, outcome score: -1.000000.
[lifelong_slam_toolbox_node-1] [INFO] [1787309322.024434257] [slam_toolbox]: Metric Scores: Initial: 0.999000, IOU: 0.929407, Area: 0.963387, Num Con: 3, Reading: 0.686111, outcome score: 0.997959.
[lifelong_slam_toolbox_node-1] [INFO] [1787309322.424314126] [slam_toolbox]: Metric Scores: Initial: 0.259166, IOU: 0.831146, Area: 0.908171, Num Con: 2, Reading: 0.455556, outcome score: 0.230833.
[lifelong_slam_toolbox_node-1] [INFO] [1787309322.424370926] [slam_toolbox]: Metric Scores: Initial: 0.830224, IOU: 0.799258, Area: 0.888841, Num Con: 3, Reading: 0.386111, outcome score: 0.825291.
[lifelong_slam_toolbox_node-1] [INFO] [1787309322.424382126] [slam_toolbox]: Metric Scores: Initial: 0.956961, IOU: 0.784145, Area: 0.878735, Num Con: 3, Reading: 0.230556, outcome score: 0.955365.
[lifelong_slam_toolbox_node-1] [INFO] [1787309322.424392626] [slam_toolbox]: Metric Scores: Initial: 0.959977, IOU: 0.806836, Area: 0.893344, Num Con: 3, Reading: 0.233333, outcome score: 0.958417.
[lifelong_slam_toolbox_node-1] [INFO] [1787309322.424401826] [slam_toolbox]: Metric Scores: Initial: 0.952315, IOU: 0.819648, Area: 0.901249, Num Con: 3, Reading: 0.452778, outcome score: 0.950019.
[lifelong_slam_toolbox_node-1] [INFO] [1787309322.424414126] [slam_toolbox]: Metric Scores: Initial: 0.492500, IOU: 0.773065, Area: 0.871715, Num Con: 2, Reading: 0.225000, outcome score: 0.478000.
[lifelong_slam_toolbox_node-1] [INFO] [1787309322.424423826] [slam_toolbox]: Metric Scores: Initial: 0.505000, IOU: 0.794895, Area: 0.885725, Num Con: 2, Reading: 0.233333, outcome score: 0.490000.
[lifelong_slam_toolbox_node-1] [INFO] [1787309322.424433426] [slam_toolbox]: Metric Scores: Initial: 1.000000, IOU: 0.938640, Area: 0.968336, Num Con: 2, Reading: 0.683333, outcome score: -1.000000.
[lifelong_slam_toolbox_node-1] [INFO] [1787309322.424442726] [slam_toolbox]: Metric Scores: Initial: 0.484000, IOU: 0.763366, Area: 0.865510, Num Con: 2, Reading: 0.222222, outcome score: 0.469667.
[lifelong_slam_toolbox_node-1] [INFO] [1787309322.824788398] [slam_toolbox]: Metric Scores: Initial: 0.230833, IOU: 0.836445, Area: 0.911325, Num Con: 2, Reading: 0.455556, outcome score: 0.202500.
[lifelong_slam_toolbox_node-1] [INFO] [1787309322.824841798] [slam_toolbox]: Metric Scores: Initial: 0.825291, IOU: 0.804472, Area: 0.892056, Num Con: 3, Reading: 0.386111, outcome score: 0.820244.
[lifelong_slam_toolbox_node-1] [INFO] [1787309322.824852598] [slam_toolbox]: Metric Scores: Initial: 0.955365, IOU: 0.789116, Area: 0.881850, Num Con: 3, Reading: 0.230556, outcome score: 0.953748.
[lifelong_slam_toolbox_node-1] [INFO] [1787309322.824861998] [slam_toolbox]: Metric Scores: Initial: 0.958417, IOU: 0.811966, Area: 0.896480, Num Con: 3, Reading: 0.233333, outcome score: 0.956834.
[lifelong_slam_toolbox_node-1] [INFO] [1787309322.824906198] [slam_toolbox]: Metric Scores: Initial: 0.950019, IOU: 0.824870, Area: 0.904397, Num Con: 3, Reading: 0.452778, outcome score: 0.947661.
[lifelong_slam_toolbox_node-1] [INFO] [1787309322.824916799] [slam_toolbox]: Metric Scores: Initial: 0.478000, IOU: 0.777957, Area: 0.874819, Num Con: 2, Reading: 0.225000, outcome score: 0.463500.
[lifelong_slam_toolbox_node-1] [INFO] [1787309322.824926399] [slam_toolbox]: Metric Scores: Initial: 0.490000, IOU: 0.799943, Area: 0.888851, Num Con: 2, Reading: 0.233333, outcome score: 0.475000.
[lifelong_slam_toolbox_node-1] [INFO] [1787309322.824936299] [slam_toolbox]: Metric Scores: Initial: 0.469667, IOU: 0.768192, Area: 0.868606, Num Con: 2, Reading: 0.222222, outcome score: 0.455333.
[lifelong_slam_toolbox_node-1] [INFO] [1787309323.226454777] [slam_toolbox]: Metric Scores: Initial: 0.202500, IOU: 0.843258, Area: 0.915341, Num Con: 2, Reading: 0.455556, outcome score: 0.174166.
[lifelong_slam_toolbox_node-1] [INFO] [1787309323.226512877] [slam_toolbox]: Metric Scores: Initial: 1.000000, IOU: 0.941745, Area: 0.969983, Num Con: 3, Reading: 0.686111, outcome score: 0.999000.
[lifelong_slam_toolbox_node-1] [INFO] [1787309323.226527177] [slam_toolbox]: Metric Scores: Initial: 0.820244, IOU: 0.811036, Area: 0.896064, Num Con: 3, Reading: 0.386111, outcome score: 0.815079.
[lifelong_slam_toolbox_node-1] [INFO] [1787309323.226539677] [slam_toolbox]: Metric Scores: Initial: 0.953748, IOU: 0.795484, Area: 0.885803, Num Con: 3, Reading: 0.230556, outcome score: 0.952108.
[lifelong_slam_toolbox_node-1] [INFO] [1787309323.226553177] [slam_toolbox]: Metric Scores: Initial: 0.956834, IOU: 0.818548, Area: 0.900465, Num Con: 3, Reading: 0.233333, outcome score: 0.955230.
[lifelong_slam_toolbox_node-1] [INFO] [1787309323.226566677] [slam_toolbox]: Metric Scores: Initial: 0.947661, IOU: 0.831574, Area: 0.908399, Num Con: 3, Reading: 0.452778, outcome score: 0.945239.
[lifelong_slam_toolbox_node-1] [INFO] [1787309323.226578777] [slam_toolbox]: Metric Scores: Initial: 0.463500, IOU: 0.784221, Area: 0.878756, Num Con: 2, Reading: 0.225000, outcome score: 0.449000.
[lifelong_slam_toolbox_node-1] [INFO] [1787309323.226591277] [slam_toolbox]: Metric Scores: Initial: 0.475000, IOU: 0.806413, Area: 0.892820, Num Con: 2, Reading: 0.233333, outcome score: 0.460000.
[lifelong_slam_toolbox_node-1] [INFO] [1787309323.226604777] [slam_toolbox]: Metric Scores: Initial: 0.455333, IOU: 0.774366, Area: 0.872530, Num Con: 2, Reading: 0.222222, outcome score: 0.441000.
[lifelong_slam_toolbox_node-1] [INFO] [1787309323.631744375] [slam_toolbox]: Metric Scores: Initial: 1.000000, IOU: 0.940226, Area: 0.969158, Num Con: 2, Reading: 0.683333, outcome score: -1.000000.
[lifelong_slam_toolbox_node-1] [INFO] [1787309323.631809875] [slam_toolbox]: Metric Scores: Initial: 0.174166, IOU: 0.848868, Area: 0.918620, Num Con: 2, Reading: 0.455556, outcome score: 0.145833.
[lifelong_slam_toolbox_node-1] [INFO] [1787309323.631826475] [slam_toolbox]: Metric Scores: Initial: 0.999000, IOU: 0.935330, Area: 0.966554, Num Con: 3, Reading: 0.686111, outcome score: 0.997959.
[lifelong_slam_toolbox_node-1] [INFO] [1787309323.631841875] [slam_toolbox]: Metric Scores: Initial: 0.815079, IOU: 0.816552, Area: 0.899404, Num Con: 3, Reading: 0.386111, outcome score: 0.809795.
[lifelong_slam_toolbox_node-1] [INFO] [1787309323.631857176] [slam_toolbox]: Metric Scores: Initial: 0.952108, IOU: 0.800744, Area: 0.889041, Num Con: 3, Reading: 0.230556, outcome score: 0.950446.
[lifelong_slam_toolbox_node-1] [INFO] [1787309323.631871776] [slam_toolbox]: Metric Scores: Initial: 0.955230, IOU: 0.823978, Area: 0.903726, Num Con: 3, Reading: 0.233333, outcome score: 0.953603.
[lifelong_slam_toolbox_node-1] [INFO] [1787309323.631886176] [slam_toolbox]: Metric Scores: Initial: 0.945239, IOU: 0.837102, Area: 0.911671, Num Con: 3, Reading: 0.452778, outcome score: 0.942752.
[lifelong_slam_toolbox_node-1] [INFO] [1787309323.631900276] [slam_toolbox]: Metric Scores: Initial: 0.449000, IOU: 0.789397, Area: 0.881983, Num Con: 2, Reading: 0.225000, outcome score: 0.434500.
[lifelong_slam_toolbox_node-1] [INFO] [1787309323.631914476] [slam_toolbox]: Metric Scores: Initial: 0.460000, IOU: 0.811755, Area: 0.896070, Num Con: 2, Reading: 0.233333, outcome score: 0.445000.
[lifelong_slam_toolbox_node-1] [INFO] [1787309323.631929476] [slam_toolbox]: Metric Scores: Initial: 0.441000, IOU: 0.779471, Area: 0.875748, Num Con: 2, Reading: 0.222222, outcome score: 0.426667.
[lifelong_slam_toolbox_node-1] [INFO] [1787309324.026074114] [slam_toolbox]: Metric Scores: Initial: 1.000000, IOU: 0.991957, Area: 0.995997, Num Con: 2, Reading: 0.680556, outcome score: -1.000000.
[lifelong_slam_toolbox_node-1] [INFO] [1787309324.026209715] [slam_toolbox]: Metric Scores: Initial: 1.000000, IOU: 0.944104, Area: 0.971204, Num Con: 2, Reading: 0.686111, outcome score: -1.000000.
[lifelong_slam_toolbox_node-1] [INFO] [1787309324.026231515] [slam_toolbox]: Metric Scores: Initial: 0.145833, IOU: 0.856088, Area: 0.922837, Num Con: 2, Reading: 0.455556, outcome score: -1.000000.
[lifelong_slam_toolbox_node-1] [INFO] [1787309324.026242015] [slam_toolbox]: Metric Scores: Initial: 0.809795, IOU: 0.823511, Area: 0.903615, Num Con: 3, Reading: 0.386111, outcome score: 0.804389.
[lifelong_slam_toolbox_node-1] [INFO] [1787309324.026250815] [slam_toolbox]: Metric Scores: Initial: 0.950446, IOU: 0.807491, Area: 0.893193, Num Con: 3, Reading: 0.230556, outcome score: 0.948760.
[lifelong_slam_toolbox_node-1] [INFO] [1787309324.026261015] [slam_toolbox]: Metric Scores: Initial: 0.953603, IOU: 0.830953, Area: 0.907911, Num Con: 3, Reading: 0.233333, outcome score: 0.951954.
[lifelong_slam_toolbox_node-1] [INFO] [1787309324.026270115] [slam_toolbox]: Metric Scores: Initial: 0.942752, IOU: 0.844206, Area: 0.915874, Num Con: 3, Reading: 0.452778, outcome score: 0.940197.
[lifelong_slam_toolbox_node-1] [INFO] [1787309324.026279515] [slam_toolbox]: Metric Scores: Initial: 0.434500, IOU: 0.796032, Area: 0.886119, Num Con: 2, Reading: 0.225000, outcome score: 0.420000.
[lifelong_slam_toolbox_node-1] [INFO] [1787309324.026288215] [slam_toolbox]: Metric Scores: Initial: 0.445000, IOU: 0.818609, Area: 0.900239, Num Con: 2, Reading: 0.233333, outcome score: 0.430000.
[lifelong_slam_toolbox_node-1] [INFO] [1787309324.026297015] [slam_toolbox]: Metric Scores: Initial: 0.426667, IOU: 0.786011, Area: 0.879870, Num Con: 2, Reading: 0.222222, outcome score: 0.412333.
[lifelong_slam_toolbox_node-1] [INFO] [1787309324.425613981] [slam_toolbox]: Metric Scores: Initial: 1.000000, IOU: 0.940126, Area: 0.969097, Num Con: 2, Reading: 0.683333, outcome score: -1.000000.
[lifelong_slam_toolbox_node-1] [INFO] [1787309324.425690681] [slam_toolbox]: Metric Scores: Initial: 0.804389, IOU: 0.830472, Area: 0.907766, Num Con: 3, Reading: 0.386111, outcome score: 0.798857.
[lifelong_slam_toolbox_node-1] [INFO] [1787309324.425706581] [slam_toolbox]: Metric Scores: Initial: 0.948760, IOU: 0.814232, Area: 0.897281, Num Con: 3, Reading: 0.230556, outcome score: 0.947051.
[lifelong_slam_toolbox_node-1] [INFO] [1787309324.425716081] [slam_toolbox]: Metric Scores: Initial: 0.951954, IOU: 0.837923, Area: 0.912033, Num Con: 3, Reading: 0.233333, outcome score: 0.950281.
[lifelong_slam_toolbox_node-1] [INFO] [1787309324.425727382] [slam_toolbox]: Metric Scores: Initial: 0.940197, IOU: 0.851307, Area: 0.920014, Num Con: 2, Reading: 0.452778, outcome score: -1.000000.
[lifelong_slam_toolbox_node-1] [INFO] [1787309324.425738682] [slam_toolbox]: Metric Scores: Initial: 0.420000, IOU: 0.802662, Area: 0.890192, Num Con: 2, Reading: 0.225000, outcome score: 0.405500.
[lifelong_slam_toolbox_node-1] [INFO] [1787309324.425747582] [slam_toolbox]: Metric Scores: Initial: 0.430000, IOU: 0.825460, Area: 0.904344, Num Con: 2, Reading: 0.233333, outcome score: 0.415000.
[lifelong_slam_toolbox_node-1] [INFO] [1787309324.425756582] [slam_toolbox]: Metric Scores: Initial: 0.412333, IOU: 0.792546, Area: 0.883930, Num Con: 2, Reading: 0.222222, outcome score: 0.398000.
[lifelong_slam_toolbox_node-1] W20260821 10:48:44.899121 600212 preprocessor.cc:67] Specified options.num_threads: 50 exceeds maximum available from the threading model Ceres was compiled with: 8.  Bounding to maximum number available.
[lifelong_slam_toolbox_node-1] [INFO] [1787309324.901145560] [slam_toolbox]: Metric Scores: Initial: 1.000000, IOU: 0.991347, Area: 0.995692, Num Con: 2, Reading: 0.677778, outcome score: -1.000000.
[lifelong_slam_toolbox_node-1] [INFO] [1787309324.901216761] [slam_toolbox]: Metric Scores: Initial: 0.798857, IOU: 0.836574, Area: 0.911356, Num Con: 3, Reading: 0.386111, outcome score: 0.793197.
[lifelong_slam_toolbox_node-1] [INFO] [1787309324.901229861] [slam_toolbox]: Metric Scores: Initial: 0.947051, IOU: 0.820108, Area: 0.900763, Num Con: 3, Reading: 0.230556, outcome score: 0.945319.
[lifelong_slam_toolbox_node-1] [INFO] [1787309324.901238761] [slam_toolbox]: Metric Scores: Initial: 0.950281, IOU: 0.844018, Area: 0.915491, Num Con: 2, Reading: 0.233333, outcome score: 0.935281.
[lifelong_slam_toolbox_node-1] [INFO] [1787309324.901249361] [slam_toolbox]: Metric Scores: Initial: 0.405500, IOU: 0.808442, Area: 0.893660, Num Con: 2, Reading: 0.225000, outcome score: 0.391000.
[lifelong_slam_toolbox_node-1] [INFO] [1787309324.901258761] [slam_toolbox]: Metric Scores: Initial: 0.415000, IOU: 0.831441, Area: 0.907815, Num Con: 2, Reading: 0.233333, outcome score: 0.400000.
[lifelong_slam_toolbox_node-1] [INFO] [1787309324.901269361] [slam_toolbox]: Metric Scores: Initial: 0.398000, IOU: 0.798245, Area: 0.887388, Num Con: 2, Reading: 0.222222, outcome score: 0.383667.
[lifelong_slam_toolbox_node-1] [INFO] [1787309325.225870722] [slam_toolbox]: Metric Scores: Initial: 0.793197, IOU: 0.846752, Area: 0.917337, Num Con: 3, Reading: 0.386111, outcome score: 0.787407.
[lifelong_slam_toolbox_node-1] [INFO] [1787309325.225947022] [slam_toolbox]: Metric Scores: Initial: 0.945319, IOU: 0.830018, Area: 0.906688, Num Con: 3, Reading: 0.230556, outcome score: 0.943562.
[lifelong_slam_toolbox_node-1] [INFO] [1787309325.225959622] [slam_toolbox]: Metric Scores: Initial: 0.935281, IOU: 0.854272, Area: 0.921467, Num Con: 2, Reading: 0.233333, outcome score: -1.000000.
[lifelong_slam_toolbox_node-1] [INFO] [1787309325.225972922] [slam_toolbox]: Metric Scores: Initial: 0.391000, IOU: 0.818187, Area: 0.899563, Num Con: 2, Reading: 0.225000, outcome score: 0.376500.
[lifelong_slam_toolbox_node-1] [INFO] [1787309325.225983422] [slam_toolbox]: Metric Scores: Initial: 0.400000, IOU: 0.841514, Area: 0.913765, Num Con: 2, Reading: 0.233333, outcome score: 0.385000.
[lifelong_slam_toolbox_node-1] [INFO] [1787309325.225996722] [slam_toolbox]: Metric Scores: Initial: 0.383667, IOU: 0.807846, Area: 0.893271, Num Con: 2, Reading: 0.222222, outcome score: 0.369333.
[lifelong_slam_toolbox_node-1] [INFO] [1787309325.226014422] [slam_toolbox]: Metric Scores: Initial: 1.000000, IOU: 0.930100, Area: 0.963706, Num Con: 2, Reading: 0.683333, outcome score: -1.000000.
[lifelong_slam_toolbox_node-1] 
[lifelong_slam_toolbox_node-1] Solver Summary (v 2.2.0-eigen-(3.4.0)-lapack-suitesparse-(7.6.1)-eigensparse)
[lifelong_slam_toolbox_node-1] 
[lifelong_slam_toolbox_node-1]                                      Original                  Reduced
[lifelong_slam_toolbox_node-1] Parameter blocks                          219                      114
[lifelong_slam_toolbox_node-1] Parameters                                219                      114
[lifelong_slam_toolbox_node-1] Residual blocks                            36                       36
[lifelong_slam_toolbox_node-1] Residuals                                 108                      108
[lifelong_slam_toolbox_node-1] 
[lifelong_slam_toolbox_node-1] Minimizer                        TRUST_REGION
[lifelong_slam_toolbox_node-1] Trust region strategy     LEVENBERG_MARQUARDT
[lifelong_slam_toolbox_node-1] Sparse linear algebra library    SUITE_SPARSE 
[lifelong_slam_toolbox_node-1] 
[lifelong_slam_toolbox_node-1]                                         Given                     Used
[lifelong_slam_toolbox_node-1] Linear solver          SPARSE_NORMAL_CHOLESKY   SPARSE_NORMAL_CHOLESKY
[lifelong_slam_toolbox_node-1] Threads                                    50                        8
[lifelong_slam_toolbox_node-1] Linear solver ordering              AUTOMATIC                      114
[lifelong_slam_toolbox_node-1] 
[lifelong_slam_toolbox_node-1] Cost:
[lifelong_slam_toolbox_node-1] Initial                          5.490396e-02
[lifelong_slam_toolbox_node-1] Final                            4.354320e-03
[lifelong_slam_toolbox_node-1] Change                           5.054964e-02
[lifelong_slam_toolbox_node-1] 
[lifelong_slam_toolbox_node-1] Minimizer iterations                        2
[lifelong_slam_toolbox_node-1] Successful steps                            2
[lifelong_slam_toolbox_node-1] Unsuccessful steps                          0
[lifelong_slam_toolbox_node-1] 
[lifelong_slam_toolbox_node-1] Time (in seconds):
[lifelong_slam_toolbox_node-1] Preprocessor                         0.000278
[lifelong_slam_toolbox_node-1] 
[lifelong_slam_toolbox_node-1]   Residual only evaluation           0.000042 (2)
[lifelong_slam_toolbox_node-1]   Jacobian & residual evaluation     0.000177 (2)
[lifelong_slam_toolbox_node-1]   Linear solver                      0.000297 (2)
[lifelong_slam_toolbox_node-1] Minimizer                            0.000628
[lifelong_slam_toolbox_node-1] 
[lifelong_slam_toolbox_node-1] Postprocessor                        0.000022
[lifelong_slam_toolbox_node-1] Total                                0.000930
[lifelong_slam_toolbox_node-1] 
[lifelong_slam_toolbox_node-1] Termination:                      CONVERGENCE (Parameter tolerance reached. Relative step_norm: 1.826648e-05 <= 1.000000e-03.)
[lifelong_slam_toolbox_node-1] 
[lifelong_slam_toolbox_node-1] [INFO] [1787309325.624901986] [slam_toolbox]: Metric Scores: Initial: 1.000000, IOU: 0.991825, Area: 0.995893, Num Con: 2, Reading: 0.672222, outcome score: -1.000000.
[lifelong_slam_toolbox_node-1] [INFO] [1787309325.624976286] [slam_toolbox]: Metric Scores: Initial: 0.787407, IOU: 0.854278, Area: 0.921746, Num Con: 3, Reading: 0.386111, outcome score: 0.781481.
[lifelong_slam_toolbox_node-1] [INFO] [1787309325.624986786] [slam_toolbox]: Metric Scores: Initial: 0.943562, IOU: 0.837318, Area: 0.911040, Num Con: 3, Reading: 0.230556, outcome score: 0.941782.
[lifelong_slam_toolbox_node-1] [INFO] [1787309325.624999386] [slam_toolbox]: Metric Scores: Initial: 0.376500, IOU: 0.825365, Area: 0.903897, Num Con: 2, Reading: 0.225000, outcome score: 0.362000.
[lifelong_slam_toolbox_node-1] [INFO] [1787309325.625012787] [slam_toolbox]: Metric Scores: Initial: 0.369333, IOU: 0.814919, Area: 0.897591, Num Con: 2, Reading: 0.222222, outcome score: 0.355000.
[lifelong_slam_toolbox_node-1] [INFO] [1787309326.024396853] [slam_toolbox]: Metric Scores: Initial: 0.781481, IOU: 0.864701, Area: 0.927748, Num Con: 3, Reading: 0.386111, outcome score: 0.775419.
[lifelong_slam_toolbox_node-1] [INFO] [1787309326.024448253] [slam_toolbox]: Metric Scores: Initial: 0.941782, IOU: 0.847489, Area: 0.917001, Num Con: 3, Reading: 0.230556, outcome score: 0.939976.
[lifelong_slam_toolbox_node-1] [INFO] [1787309326.024461453] [slam_toolbox]: Metric Scores: Initial: 0.362000, IOU: 0.835363, Area: 0.909835, Num Con: 2, Reading: 0.225000, outcome score: 0.347500.
[lifelong_slam_toolbox_node-1] [INFO] [1787309326.024474153] [slam_toolbox]: Metric Scores: Initial: 0.355000, IOU: 0.824768, Area: 0.903508, Num Con: 2, Reading: 0.222222, outcome score: 0.340667.
[lifelong_slam_toolbox_node-1] [INFO] [1787309326.024488753] [slam_toolbox]: Metric Scores: Initial: 1.000000, IOU: 0.917088, Area: 0.956664, Num Con: 3, Reading: 0.686111, outcome score: 0.999000.
[lifelong_slam_toolbox_node-1] [INFO] [1787309326.424867325] [slam_toolbox]: Metric Scores: Initial: 1.000000, IOU: 0.996112, Area: 0.998888, Num Con: 2, Reading: 0.666667, outcome score: -1.000000.
[lifelong_slam_toolbox_node-1] [INFO] [1787309326.424947825] [slam_toolbox]: Metric Scores: Initial: 0.775419, IOU: 0.875029, Area: 0.933668, Num Con: 3, Reading: 0.386111, outcome score: 0.769216.
[lifelong_slam_toolbox_node-1] [INFO] [1787309326.424958025] [slam_toolbox]: Metric Scores: Initial: 0.939976, IOU: 0.857462, Area: 0.922821, Num Con: 3, Reading: 0.230556, outcome score: 0.938146.
[lifelong_slam_toolbox_node-1] [INFO] [1787309326.424969026] [slam_toolbox]: Metric Scores: Initial: 0.347500, IOU: 0.845169, Area: 0.915633, Num Con: 2, Reading: 0.225000, outcome score: 0.333000.
[lifelong_slam_toolbox_node-1] [INFO] [1787309326.424980626] [slam_toolbox]: Metric Scores: Initial: 0.340667, IOU: 0.834430, Area: 0.909288, Num Con: 2, Reading: 0.222222, outcome score: 0.326333.
[lifelong_slam_toolbox_node-1] [INFO] [1787309326.424989326] [slam_toolbox]: Metric Scores: Initial: 1.000000, IOU: 0.910562, Area: 0.953119, Num Con: 2, Reading: 0.686111, outcome score: -1.000000.
[lifelong_slam_toolbox_node-1] [INFO] [1787309326.424998226] [slam_toolbox]: Metric Scores: Initial: 0.999000, IOU: 0.906138, Area: 0.950682, Num Con: 3, Reading: 0.686111, outcome score: 0.997959.
[lifelong_slam_toolbox_node-1] [INFO] [1787309326.823633388] [slam_toolbox]: Metric Scores: Initial: 0.769216, IOU: 0.884802, Area: 0.939172, Num Con: 3, Reading: 0.386111, outcome score: 0.762870.
[lifelong_slam_toolbox_node-1] [INFO] [1787309326.823686088] [slam_toolbox]: Metric Scores: Initial: 0.938146, IOU: 0.866944, Area: 0.928259, Num Con: 3, Reading: 0.238889, outcome score: 0.936259.
[lifelong_slam_toolbox_node-1] [INFO] [1787309326.823699888] [slam_toolbox]: Metric Scores: Initial: 0.333000, IOU: 0.854490, Area: 0.921050, Num Con: 2, Reading: 0.233333, outcome score: -1.000000.
[lifelong_slam_toolbox_node-1] [INFO] [1787309326.823709888] [slam_toolbox]: Metric Scores: Initial: 1.000000, IOU: 0.906418, Area: 0.950813, Num Con: 2, Reading: 0.683333, outcome score: -1.000000.
[lifelong_slam_toolbox_node-1] [INFO] [1787309326.823719088] [slam_toolbox]: Metric Scores: Initial: 0.326333, IOU: 0.843612, Area: 0.914687, Num Con: 2, Reading: 0.230556, outcome score: 0.311500.
[lifelong_slam_toolbox_node-1] [INFO] [1787309327.223876659] [slam_toolbox]: Metric Scores: Initial: 0.762870, IOU: 0.897480, Area: 0.946263, Num Con: 3, Reading: 0.602778, outcome score: 0.753294.
[lifelong_slam_toolbox_node-1] [INFO] [1787309327.223930459] [slam_toolbox]: Metric Scores: Initial: 0.936259, IOU: 0.879373, Area: 0.935338, Num Con: 2, Reading: 0.438889, outcome score: -1.000000.
[lifelong_slam_toolbox_node-1] [INFO] [1787309327.624545132] [slam_toolbox]: Metric Scores: Initial: 1.000000, IOU: 0.999297, Area: 0.999640, Num Con: 2, Reading: 0.605556, outcome score: -1.000000.
[lifelong_slam_toolbox_node-1] [INFO] [1787309327.624658333] [slam_toolbox]: Metric Scores: Initial: 1.000000, IOU: 0.896245, Area: 0.945229, Num Con: 2, Reading: 0.441667, outcome score: -1.000000.
[lifelong_slam_toolbox_node-1] [INFO] [1787309327.624668933] [slam_toolbox]: Metric Scores: Initial: 0.753294, IOU: 0.908507, Area: 0.952372, Num Con: 3, Reading: 0.602778, outcome score: 0.743371.
[lifelong_slam_toolbox_node-1] [INFO] [1787309328.024224200] [slam_toolbox]: Metric Scores: Initial: 0.743371, IOU: 0.921560, Area: 0.959180, Num Con: 3, Reading: 0.602778, outcome score: 0.733090.
[lifelong_slam_toolbox_node-1] [INFO] [1787309328.422723961] [slam_toolbox]: Metric Scores: Initial: 1.000000, IOU: 0.988086, Area: 0.993981, Num Con: 2, Reading: 0.605556, outcome score: -1.000000.
[lifelong_slam_toolbox_node-1] [INFO] [1787309328.422800562] [slam_toolbox]: Metric Scores: Initial: 1.000000, IOU: 0.887116, Area: 0.939812, Num Con: 2, Reading: 0.441667, outcome score: -1.000000.
[lifelong_slam_toolbox_node-1] [INFO] [1787309328.422814162] [slam_toolbox]: Metric Scores: Initial: 0.733090, IOU: 0.933360, Area: 0.965510, Num Con: 3, Reading: 0.602778, outcome score: 0.722436.
[lifelong_slam_toolbox_node-1] [INFO] [1787309328.823898937] [slam_toolbox]: Metric Scores: Initial: 1.000000, IOU: 0.882742, Area: 0.937382, Num Con: 2, Reading: 0.444444, outcome score: -1.000000.
[lifelong_slam_toolbox_node-1] [INFO] [1787309328.823958137] [slam_toolbox]: Metric Scores: Initial: 0.722436, IOU: 0.946320, Area: 0.972432, Num Con: 3, Reading: 0.602778, outcome score: 0.711398.
[lifelong_slam_toolbox_node-1] W20260821 10:48:49.255285 600212 preprocessor.cc:67] Specified options.num_threads: 50 exceeds maximum available from the threading model Ceres was compiled with: 8.  Bounding to maximum number available.
[lifelong_slam_toolbox_node-1] [INFO] [1787309329.257876991] [slam_toolbox]: Metric Scores: Initial: 1.000000, IOU: 0.987150, Area: 0.993521, Num Con: 2, Reading: 0.608333, outcome score: -1.000000.
[lifelong_slam_toolbox_node-1] [INFO] [1787309329.257941391] [slam_toolbox]: Metric Scores: Initial: 0.711398, IOU: 0.960662, Area: 0.979940, Num Con: 3, Reading: 0.602778, outcome score: 0.699960.
[lifelong_slam_toolbox_node-1] [INFO] [1787309329.633818030] [slam_toolbox]: Metric Scores: Initial: 0.699960, IOU: 0.974279, Area: 0.986976, Num Con: 3, Reading: 0.605556, outcome score: 0.688059.
[lifelong_slam_toolbox_node-1] [INFO] [1787309329.633892530] [slam_toolbox]: Metric Scores: Initial: 1.000000, IOU: 0.879228, Area: 0.935404, Num Con: 2, Reading: 0.438889, outcome score: -1.000000.
[lifelong_slam_toolbox_node-1] [INFO] [1787309330.043592752] [slam_toolbox]: Metric Scores: Initial: 1.000000, IOU: 0.998966, Area: 0.999478, Num Con: 2, Reading: 0.608333, outcome score: -1.000000.
[lifelong_slam_toolbox_node-1] [INFO] [1787309330.043653753] [slam_toolbox]: Metric Scores: Initial: 0.688059, IOU: 0.987475, Area: 0.993708, Num Con: 3, Reading: 0.605556, outcome score: 0.675725.
[lifelong_slam_toolbox_node-1] [INFO] [1787309330.426293728] [slam_toolbox]: Metric Scores: Initial: 1.000000, IOU: 0.999676, Area: 0.999824, Num Con: 2, Reading: 0.605556, outcome score: -1.000000.
[lifelong_slam_toolbox_node-1] [INFO] [1787309330.426355828] [slam_toolbox]: Metric Scores: Initial: 0.675725, IOU: 0.999554, Area: 0.999775, Num Con: 2, Reading: 0.605556, outcome score: -1.000000.
[lifelong_slam_toolbox_node-1] [INFO] [1787309330.426394929] [slam_toolbox]: Metric Scores: Initial: 1.000000, IOU: 0.876997, Area: 0.934152, Num Con: 2, Reading: 0.433333, outcome score: -1.000000.
[lifelong_slam_toolbox_node-1] 
[lifelong_slam_toolbox_node-1] Solver Summary (v 2.2.0-eigen-(3.4.0)-lapack-suitesparse-(7.6.1)-eigensparse)
[lifelong_slam_toolbox_node-1] 
[lifelong_slam_toolbox_node-1]                                      Original                  Reduced
[lifelong_slam_toolbox_node-1] Parameter blocks                          210                      108
[lifelong_slam_toolbox_node-1] Parameters                                210                      108
[lifelong_slam_toolbox_node-1] Residual blocks                            31                       31
[lifelong_slam_toolbox_node-1] Residuals                                  93                       93
[lifelong_slam_toolbox_node-1] 
[lifelong_slam_toolbox_node-1] Minimizer                        TRUST_REGION
[lifelong_slam_toolbox_node-1] Trust region strategy     LEVENBERG_MARQUARDT
[lifelong_slam_toolbox_node-1] Sparse linear algebra library    SUITE_SPARSE 
[lifelong_slam_toolbox_node-1] 
[lifelong_slam_toolbox_node-1]                                         Given                     Used
[lifelong_slam_toolbox_node-1] Linear solver          SPARSE_NORMAL_CHOLESKY   SPARSE_NORMAL_CHOLESKY
[lifelong_slam_toolbox_node-1] Threads                                    50                        8
[lifelong_slam_toolbox_node-1] Linear solver ordering              AUTOMATIC                      108
[lifelong_slam_toolbox_node-1] 
[lifelong_slam_toolbox_node-1] Cost:
[lifelong_slam_toolbox_node-1] Initial                          9.510004e-02
[lifelong_slam_toolbox_node-1] Final                            3.431506e-06
[lifelong_slam_toolbox_node-1] Change                           9.509661e-02
[lifelong_slam_toolbox_node-1] 
[lifelong_slam_toolbox_node-1] Minimizer iterations                        2
[lifelong_slam_toolbox_node-1] Successful steps                            2
[lifelong_slam_toolbox_node-1] Unsuccessful steps                          0
[lifelong_slam_toolbox_node-1] 
[lifelong_slam_toolbox_node-1] Time (in seconds):
[lifelong_slam_toolbox_node-1] Preprocessor                         0.000287
[lifelong_slam_toolbox_node-1] 
[lifelong_slam_toolbox_node-1]   Residual only evaluation           0.000064 (2)
[lifelong_slam_toolbox_node-1]   Jacobian & residual evaluation     0.000662 (2)
[lifelong_slam_toolbox_node-1]   Linear solver                      0.000263 (2)
[lifelong_slam_toolbox_node-1] Minimizer                            0.001157
[lifelong_slam_toolbox_node-1] 
[lifelong_slam_toolbox_node-1] Postprocessor                        0.000019
[lifelong_slam_toolbox_node-1] Total                                0.001463
[lifelong_slam_toolbox_node-1] 
[lifelong_slam_toolbox_node-1] Termination:                      CONVERGENCE (Parameter tolerance reached. Relative step_norm: 5.793633e-05 <= 1.000000e-03.)
[lifelong_slam_toolbox_node-1] 
[lifelong_slam_toolbox_node-1] [INFO] [1787309330.824981291] [slam_toolbox]: Metric Scores: Initial: 1.000000, IOU: 0.874928, Area: 0.932991, Num Con: 2, Reading: 0.430556, outcome score: -1.000000.
[lifelong_slam_toolbox_node-1] [INFO] [1787309331.223981955] [slam_toolbox]: Metric Scores: Initial: 1.000000, IOU: 0.999552, Area: 0.999771, Num Con: 2, Reading: 0.605556, outcome score: -1.000000.
[lifelong_slam_toolbox_node-1] [INFO] [1787309331.623947724] [slam_toolbox]: Metric Scores: Initial: 1.000000, IOU: 0.877241, Area: 0.934297, Num Con: 2, Reading: 0.580556, outcome score: -1.000000.
[lifelong_slam_toolbox_node-1] [INFO] [1787309332.024563797] [slam_toolbox]: Metric Scores: Initial: 1.000000, IOU: 0.999549, Area: 0.999770, Num Con: 2, Reading: 0.616667, outcome score: -1.000000.
[lifelong_slam_toolbox_node-1] [INFO] [1787309332.425994874] [slam_toolbox]: Metric Scores: Initial: 1.000000, IOU: 0.881957, Area: 0.937295, Num Con: 2, Reading: 0.400000, outcome score: -1.000000.
[lifelong_slam_toolbox_node-1] [INFO] [1787309332.824157833] [slam_toolbox]: Metric Scores: Initial: 1.000000, IOU: 0.999550, Area: 0.999762, Num Con: 2, Reading: 0.625000, outcome score: -1.000000.
[lifelong_slam_toolbox_node-1] [INFO] [1787309333.224770506] [slam_toolbox]: Metric Scores: Initial: 1.000000, IOU: 0.890580, Area: 0.942113, Num Con: 3, Reading: 0.408333, outcome score: 0.999000.
[lifelong_slam_toolbox_node-1] [INFO] [1787309333.624063172] [slam_toolbox]: Metric Scores: Initial: 1.000000, IOU: 0.894830, Area: 0.944504, Num Con: 3, Reading: 0.411111, outcome score: 0.999000.
[lifelong_slam_toolbox_node-1] [INFO] [1787309333.624112672] [slam_toolbox]: Metric Scores: Initial: 0.999000, IOU: 0.882550, Area: 0.937620, Num Con: 3, Reading: 0.408333, outcome score: 0.997976.
[lifelong_slam_toolbox_node-1] [INFO] [1787309334.023670339] [slam_toolbox]: Metric Scores: Initial: 1.000000, IOU: 0.899884, Area: 0.947320, Num Con: 2, Reading: 0.416667, outcome score: -1.000000.
[lifelong_slam_toolbox_node-1] [INFO] [1787309334.023721239] [slam_toolbox]: Metric Scores: Initial: 0.999000, IOU: 0.888107, Area: 0.940758, Num Con: 3, Reading: 0.411111, outcome score: 0.997975.
[lifelong_slam_toolbox_node-1] [INFO] [1787309334.023732539] [slam_toolbox]: Metric Scores: Initial: 0.997976, IOU: 0.875941, Area: 0.933889, Num Con: 3, Reading: 0.408333, outcome score: 0.996926.
[lifelong_slam_toolbox_node-1] W20260821 10:48:54.447328 600212 preprocessor.cc:67] Specified options.num_threads: 50 exceeds maximum available from the threading model Ceres was compiled with: 8.  Bounding to maximum number available.
[lifelong_slam_toolbox_node-1] [INFO] [1787309334.448801045] [slam_toolbox]: Metric Scores: Initial: 1.000000, IOU: 0.999536, Area: 0.999761, Num Con: 2, Reading: 0.638889, outcome score: -1.000000.
[lifelong_slam_toolbox_node-1] [INFO] [1787309334.448848345] [slam_toolbox]: Metric Scores: Initial: 0.996926, IOU: 0.869812, Area: 0.930393, Num Con: 3, Reading: 0.408333, outcome score: 0.995851.
[lifelong_slam_toolbox_node-1] [INFO] [1787309334.448860645] [slam_toolbox]: Metric Scores: Initial: 0.997975, IOU: 0.882323, Area: 0.937501, Num Con: 2, Reading: 0.411111, outcome score: -1.000000.
[lifelong_slam_toolbox_node-1] [INFO] [1787309334.847578307] [slam_toolbox]: Metric Scores: Initial: 0.995851, IOU: 0.864262, Area: 0.927208, Num Con: 2, Reading: 0.408333, outcome score: -1.000000.
[lifelong_slam_toolbox_node-1] [INFO] [1787309334.847660108] [slam_toolbox]: Metric Scores: Initial: 1.000000, IOU: 0.910686, Area: 0.953295, Num Con: 2, Reading: 0.425000, outcome score: -1.000000.
[lifelong_slam_toolbox_node-1] [INFO] [1787309335.223772448] [slam_toolbox]: Metric Scores: Initial: 1.000000, IOU: 0.994344, Area: 0.995045, Num Con: 2, Reading: 0.647222, outcome score: -1.000000.
[lifelong_slam_toolbox_node-1] [INFO] [1787309335.223830648] [slam_toolbox]: Metric Scores: Initial: 0.996881, IOU: 0.989943, Area: 0.992901, Num Con: 3, Reading: 0.650000, outcome score: 0.995760.
[lifelong_slam_toolbox_node-1] [INFO] [1787309335.223848448] [slam_toolbox]: Metric Scores: Initial: 0.997961, IOU: 0.985449, Area: 0.990570, Num Con: 2, Reading: 0.650000, outcome score: -1.000000.
[lifelong_slam_toolbox_node-1] 
[lifelong_slam_toolbox_node-1] Solver Summary (v 2.2.0-eigen-(3.4.0)-lapack-suitesparse-(7.6.1)-eigensparse)
[lifelong_slam_toolbox_node-1] 
[lifelong_slam_toolbox_node-1]                                      Original                  Reduced
[lifelong_slam_toolbox_node-1] Parameter blocks                          210                      111
[lifelong_slam_toolbox_node-1] Parameters                                210                      111
[lifelong_slam_toolbox_node-1] Residual blocks                            32                       32
[lifelong_slam_toolbox_node-1] Residuals                                  96                       96
[lifelong_slam_toolbox_node-1] 
[lifelong_slam_toolbox_node-1] Minimizer                        TRUST_REGION
[lifelong_slam_toolbox_node-1] Trust region strategy     LEVENBERG_MARQUARDT
[lifelong_slam_toolbox_node-1] Sparse linear algebra library    SUITE_SPARSE 
[lifelong_slam_toolbox_node-1] 
[lifelong_slam_toolbox_node-1]                                         Given                     Used
[lifelong_slam_toolbox_node-1] Linear solver          SPARSE_NORMAL_CHOLESKY   SPARSE_NORMAL_CHOLESKY
[lifelong_slam_toolbox_node-1] Threads                                    50                        8
[lifelong_slam_toolbox_node-1] Linear solver ordering              AUTOMATIC                      111
[lifelong_slam_toolbox_node-1] 
[lifelong_slam_toolbox_node-1] Cost:
[lifelong_slam_toolbox_node-1] Initial                          3.468115e-02
[lifelong_slam_toolbox_node-1] Final                            1.591849e-09
[lifelong_slam_toolbox_node-1] Change                           3.468115e-02
[lifelong_slam_toolbox_node-1] 
[lifelong_slam_toolbox_node-1] Minimizer iterations                        2
[lifelong_slam_toolbox_node-1] Successful steps                            2
[lifelong_slam_toolbox_node-1] Unsuccessful steps                          0
[lifelong_slam_toolbox_node-1] 
[lifelong_slam_toolbox_node-1] Time (in seconds):
[lifelong_slam_toolbox_node-1] Preprocessor                         0.000221
[lifelong_slam_toolbox_node-1] 
[lifelong_slam_toolbox_node-1]   Residual only evaluation           0.000028 (2)
[lifelong_slam_toolbox_node-1]   Jacobian & residual evaluation     0.000159 (2)
[lifelong_slam_toolbox_node-1]   Linear solver                      0.000197 (2)
[lifelong_slam_toolbox_node-1] Minimizer                            0.000489
[lifelong_slam_toolbox_node-1] 
[lifelong_slam_toolbox_node-1] Postprocessor                        0.000011
[lifelong_slam_toolbox_node-1] Total                                0.000721
[lifelong_slam_toolbox_node-1] 
[lifelong_slam_toolbox_node-1] Termination:                      CONVERGENCE (Parameter tolerance reached. Relative step_norm: 6.629318e-07 <= 1.000000e-03.)
[lifelong_slam_toolbox_node-1] 
[lifelong_slam_toolbox_node-1] [INFO] [1787309335.627378237] [slam_toolbox]: Metric Scores: Initial: 1.000000, IOU: 0.922022, Area: 0.959468, Num Con: 2, Reading: 0.611111, outcome score: -1.000000.
[lifelong_slam_toolbox_node-1] [INFO] [1787309336.031718430] [slam_toolbox]: Metric Scores: Initial: 0.995760, IOU: 0.995886, Area: 0.995886, Num Con: 2, Reading: 0.650000, outcome score: -1.000000.
[lifelong_slam_toolbox_node-1] [INFO] [1787309336.431858300] [slam_toolbox]: Metric Scores: Initial: 1.000000, IOU: 0.934676, Area: 0.966270, Num Con: 2, Reading: 0.622222, outcome score: -1.000000.
[lifelong_slam_toolbox_node-1] [INFO] [1787309337.225281303] [slam_toolbox]: Metric Scores: Initial: 1.000000, IOU: 0.946382, Area: 0.972482, Num Con: 2, Reading: 0.627778, outcome score: -1.000000.
[lifelong_slam_toolbox_node-1] [INFO] [1787309337.625096771] [slam_toolbox]: Metric Scores: Initial: 1.000000, IOU: 0.952724, Area: 0.975798, Num Con: 2, Reading: 0.633333, outcome score: -1.000000.
[lifelong_slam_toolbox_node-1] [INFO] [1787309338.423864203] [slam_toolbox]: Metric Scores: Initial: 1.000000, IOU: 0.964324, Area: 0.981834, Num Con: 3, Reading: 0.638889, outcome score: 0.999000.
[lifelong_slam_toolbox_node-1] [INFO] [1787309338.824553376] [slam_toolbox]: Metric Scores: Initial: 1.000000, IOU: 0.963262, Area: 0.981296, Num Con: 2, Reading: 0.641667, outcome score: -1.000000.
[lifelong_slam_toolbox_node-1] [INFO] [1787309338.824606276] [slam_toolbox]: Metric Scores: Initial: 0.999000, IOU: 0.959927, Area: 0.979562, Num Con: 3, Reading: 0.638889, outcome score: 0.997962.
[lifelong_slam_toolbox_node-1] W20260821 10:48:59.250946 600212 preprocessor.cc:67] Specified options.num_threads: 50 exceeds maximum available from the threading model Ceres was compiled with: 8.  Bounding to maximum number available.
[lifelong_slam_toolbox_node-1] [INFO] [1787309339.252432797] [slam_toolbox]: Metric Scores: Initial: 0.997962, IOU: 0.950543, Area: 0.974638, Num Con: 2, Reading: 0.638889, outcome score: -1.000000.
[lifelong_slam_toolbox_node-1] [INFO] [1787309339.625263718] [slam_toolbox]: Metric Scores: Initial: 1.000000, IOU: 0.995211, Area: 0.995211, Num Con: 2, Reading: 0.655556, outcome score: -1.000000.
[lifelong_slam_toolbox_node-1] [INFO] [1787309339.625341519] [slam_toolbox]: Metric Scores: Initial: 1.000000, IOU: 0.958485, Area: 0.978795, Num Con: 2, Reading: 0.647222, outcome score: -1.000000.
[lifelong_slam_toolbox_node-1] [INFO] [1787309340.425081756] [slam_toolbox]: Metric Scores: Initial: 1.000000, IOU: 0.960842, Area: 0.981198, Num Con: 3, Reading: 0.650000, outcome score: 0.999000.
[lifelong_slam_toolbox_node-1] 
[lifelong_slam_toolbox_node-1] Solver Summary (v 2.2.0-eigen-(3.4.0)-lapack-suitesparse-(7.6.1)-eigensparse)
[lifelong_slam_toolbox_node-1] 
[lifelong_slam_toolbox_node-1]                                      Original                  Reduced
[lifelong_slam_toolbox_node-1] Parameter blocks                          210                       99
[lifelong_slam_toolbox_node-1] Parameters                                210                       99
[lifelong_slam_toolbox_node-1] Residual blocks                            28                       28
[lifelong_slam_toolbox_node-1] Residuals                                  84                       84
[lifelong_slam_toolbox_node-1] 
[lifelong_slam_toolbox_node-1] Minimizer                        TRUST_REGION
[lifelong_slam_toolbox_node-1] Trust region strategy     LEVENBERG_MARQUARDT
[lifelong_slam_toolbox_node-1] Sparse linear algebra library    SUITE_SPARSE 
[lifelong_slam_toolbox_node-1] 
[lifelong_slam_toolbox_node-1]                                         Given                     Used
[lifelong_slam_toolbox_node-1] Linear solver          SPARSE_NORMAL_CHOLESKY   SPARSE_NORMAL_CHOLESKY
[lifelong_slam_toolbox_node-1] Threads                                    50                        8
[lifelong_slam_toolbox_node-1] Linear solver ordering              AUTOMATIC                       99
[lifelong_slam_toolbox_node-1] 
[lifelong_slam_toolbox_node-1] Cost:
[lifelong_slam_toolbox_node-1] Initial                          3.951661e-02
[lifelong_slam_toolbox_node-1] Final                            1.433851e-06
[lifelong_slam_toolbox_node-1] Change                           3.951517e-02
[lifelong_slam_toolbox_node-1] 
[lifelong_slam_toolbox_node-1] Minimizer iterations                        2
[lifelong_slam_toolbox_node-1] Successful steps                            2
[lifelong_slam_toolbox_node-1] Unsuccessful steps                          0
[lifelong_slam_toolbox_node-1] 
[lifelong_slam_toolbox_node-1] Time (in seconds):
[lifelong_slam_toolbox_node-1] Preprocessor                         0.000228
[lifelong_slam_toolbox_node-1] 
[lifelong_slam_toolbox_node-1]   Residual only evaluation           0.000030 (2)
[lifelong_slam_toolbox_node-1]   Jacobian & residual evaluation     0.000118 (2)
[lifelong_slam_toolbox_node-1]   Linear solver                      0.000188 (2)
[lifelong_slam_toolbox_node-1] Minimizer                            0.000483
[lifelong_slam_toolbox_node-1] 
[lifelong_slam_toolbox_node-1] Postprocessor                        0.000012
[lifelong_slam_toolbox_node-1] Total                                0.000724
[lifelong_slam_toolbox_node-1] 
[lifelong_slam_toolbox_node-1] Termination:                      CONVERGENCE (Parameter tolerance reached. Relative step_norm: 3.531164e-05 <= 1.000000e-03.)
[lifelong_slam_toolbox_node-1] 
[lifelong_slam_toolbox_node-1] [INFO] [1787309340.831892262] [slam_toolbox]: Metric Scores: Initial: 1.000000, IOU: 0.999270, Area: 0.999631, Num Con: 2, Reading: 0.652778, outcome score: -1.000000.
[lifelong_slam_toolbox_node-1] [INFO] [1787309340.831977363] [slam_toolbox]: Metric Scores: Initial: 1.000000, IOU: 0.960058, Area: 0.980808, Num Con: 2, Reading: 0.652778, outcome score: -1.000000.
[lifelong_slam_toolbox_node-1] [INFO] [1787309340.831987063] [slam_toolbox]: Metric Scores: Initial: 0.999000, IOU: 0.958451, Area: 0.979966, Num Con: 3, Reading: 0.650000, outcome score: 0.997961.
[lifelong_slam_toolbox_node-1] [INFO] [1787309341.225365196] [slam_toolbox]: Metric Scores: Initial: 1.000000, IOU: 0.957426, Area: 0.979458, Num Con: 2, Reading: 0.652778, outcome score: -1.000000.
[lifelong_slam_toolbox_node-1] [INFO] [1787309341.624750462] [slam_toolbox]: Metric Scores: Initial: 1.000000, IOU: 0.999047, Area: 0.999510, Num Con: 2, Reading: 0.650000, outcome score: -1.000000.
[lifelong_slam_toolbox_node-1] [INFO] [1787309341.624841162] [slam_toolbox]: Metric Scores: Initial: 1.000000, IOU: 0.961059, Area: 0.981273, Num Con: 2, Reading: 0.655556, outcome score: -1.000000.
[lifelong_slam_toolbox_node-1] [INFO] [1787309342.434205252] [slam_toolbox]: Metric Scores: Initial: 1.000000, IOU: 0.958738, Area: 0.980091, Num Con: 3, Reading: 0.655556, outcome score: 0.999000.
[lifelong_slam_toolbox_node-1] [INFO] [1787309342.832504412] [slam_toolbox]: Metric Scores: Initial: 1.000000, IOU: 0.950276, Area: 0.975628, Num Con: 2, Reading: 0.658333, outcome score: -1.000000.
[lifelong_slam_toolbox_node-1] [INFO] [1787309342.832563812] [slam_toolbox]: Metric Scores: Initial: 0.999000, IOU: 0.950650, Area: 0.975836, Num Con: 3, Reading: 0.655556, outcome score: 0.997961.
[lifelong_slam_toolbox_node-1] [INFO] [1787309343.225796944] [slam_toolbox]: Metric Scores: Initial: 1.000000, IOU: 0.988823, Area: 0.994708, Num Con: 2, Reading: 0.633333, outcome score: -1.000000.
[lifelong_slam_toolbox_node-1] [INFO] [1787309343.225879245] [slam_toolbox]: Metric Scores: Initial: 1.000000, IOU: 0.941677, Area: 0.971078, Num Con: 2, Reading: 0.655556, outcome score: -1.000000.
[lifelong_slam_toolbox_node-1] W20260821 10:49:03.650667 600212 preprocessor.cc:67] Specified options.num_threads: 50 exceeds maximum available from the threading model Ceres was compiled with: 8.  Bounding to maximum number available.
[lifelong_slam_toolbox_node-1] [INFO] [1787309344.027576093] [slam_toolbox]: Metric Scores: Initial: 1.000000, IOU: 0.921430, Area: 0.956504, Num Con: 3, Reading: 0.655556, outcome score: 0.999000.
[lifelong_slam_toolbox_node-1] [INFO] [1787309344.428891969] [slam_toolbox]: Metric Scores: Initial: 0.311500, IOU: 0.988192, Area: 0.993422, Num Con: 2, Reading: 0.627778, outcome score: -1.000000.
[lifelong_slam_toolbox_node-1] [INFO] [1787309344.428976069] [slam_toolbox]: Metric Scores: Initial: 1.000000, IOU: 0.914017, Area: 0.953767, Num Con: 2, Reading: 0.652778, outcome score: -1.000000.
[lifelong_slam_toolbox_node-1] [INFO] [1787309344.428986769] [slam_toolbox]: Metric Scores: Initial: 0.999000, IOU: 0.909807, Area: 0.951487, Num Con: 3, Reading: 0.655556, outcome score: 0.997961.
[lifelong_slam_toolbox_node-1] [INFO] [1787309345.226923696] [slam_toolbox]: Metric Scores: Initial: 1.000000, IOU: 0.897381, Area: 0.943368, Num Con: 2, Reading: 0.650000, outcome score: -1.000000.
[lifelong_slam_toolbox_node-1] 
[lifelong_slam_toolbox_node-1] Solver Summary (v 2.2.0-eigen-(3.4.0)-lapack-suitesparse-(7.6.1)-eigensparse)
[lifelong_slam_toolbox_node-1] 
[lifelong_slam_toolbox_node-1]                                      Original                  Reduced
[lifelong_slam_toolbox_node-1] Parameter blocks                          210                       99
[lifelong_slam_toolbox_node-1] Parameters                                210                       99
[lifelong_slam_toolbox_node-1] Residual blocks                            27                       27
[lifelong_slam_toolbox_node-1] Residuals                                  81                       81
[lifelong_slam_toolbox_node-1] 
[lifelong_slam_toolbox_node-1] Minimizer                        TRUST_REGION
[lifelong_slam_toolbox_node-1] Trust region strategy     LEVENBERG_MARQUARDT
[lifelong_slam_toolbox_node-1] Sparse linear algebra library    SUITE_SPARSE 
[lifelong_slam_toolbox_node-1] 
[lifelong_slam_toolbox_node-1]                                         Given                     Used
[lifelong_slam_toolbox_node-1] Linear solver          SPARSE_NORMAL_CHOLESKY   SPARSE_NORMAL_CHOLESKY
[lifelong_slam_toolbox_node-1] Threads                                    50                        8
[lifelong_slam_toolbox_node-1] Linear solver ordering              AUTOMATIC                       99
[lifelong_slam_toolbox_node-1] 
[lifelong_slam_toolbox_node-1] Cost:
[lifelong_slam_toolbox_node-1] Initial                          3.453974e-01
[lifelong_slam_toolbox_node-1] Final                            1.358672e-05
[lifelong_slam_toolbox_node-1] Change                           3.453838e-01
[lifelong_slam_toolbox_node-1] 
[lifelong_slam_toolbox_node-1] Minimizer iterations                        2
[lifelong_slam_toolbox_node-1] Successful steps                            2
[lifelong_slam_toolbox_node-1] Unsuccessful steps                          0
[lifelong_slam_toolbox_node-1] 
[lifelong_slam_toolbox_node-1] Time (in seconds):
[lifelong_slam_toolbox_node-1] Preprocessor                         0.000275
[lifelong_slam_toolbox_node-1] 
[lifelong_slam_toolbox_node-1]   Residual only evaluation           0.000023 (2)
[lifelong_slam_toolbox_node-1]   Jacobian & residual evaluation     0.000144 (2)
[lifelong_slam_toolbox_node-1]   Linear solver                      0.000192 (2)
[lifelong_slam_toolbox_node-1] Minimizer                            0.000480
[lifelong_slam_toolbox_node-1] 
[lifelong_slam_toolbox_node-1] Postprocessor                        0.000013
[lifelong_slam_toolbox_node-1] Total                                0.000769
[lifelong_slam_toolbox_node-1] 
[lifelong_slam_toolbox_node-1] Termination:                      CONVERGENCE (Parameter tolerance reached. Relative step_norm: 5.602991e-05 <= 1.000000e-03.)
[lifelong_slam_toolbox_node-1] 
[lifelong_slam_toolbox_node-1] [INFO] [1787309345.629638780] [slam_toolbox]: Metric Scores: Initial: 0.385000, IOU: 0.985651, Area: 0.992447, Num Con: 2, Reading: 0.611111, outcome score: -1.000000.
[lifelong_slam_toolbox_node-1] [INFO] [1787309346.027069636] [slam_toolbox]: Metric Scores: Initial: 1.000000, IOU: 0.881131, Area: 0.934258, Num Con: 2, Reading: 0.411111, outcome score: -1.000000.
[lifelong_slam_toolbox_node-1] [INFO] [1787309346.426811203] [slam_toolbox]: Metric Scores: Initial: 1.000000, IOU: 0.876024, Area: 0.931389, Num Con: 2, Reading: 0.411111, outcome score: -1.000000.
[lifelong_slam_toolbox_node-1] [INFO] [1787309346.829612188] [slam_toolbox]: Metric Scores: Initial: 1.000000, IOU: 0.867720, Area: 0.927973, Num Con: 2, Reading: 0.411111, outcome score: -1.000000.
[lifelong_slam_toolbox_node-1] [INFO] [1787309347.625922306] [slam_toolbox]: Metric Scores: Initial: 1.000000, IOU: 0.997510, Area: 0.997624, Num Con: 2, Reading: 0.697222, outcome score: -1.000000.
[lifelong_slam_toolbox_node-1] [INFO] [1787309347.626001406] [slam_toolbox]: Metric Scores: Initial: 1.000000, IOU: 0.852589, Area: 0.917882, Num Con: 3, Reading: 0.219444, outcome score: 0.999000.
[lifelong_slam_toolbox_node-1] [INFO] [1787309348.026604579] [slam_toolbox]: Metric Scores: Initial: 0.999000, IOU: 0.836613, Area: 0.908521, Num Con: 3, Reading: 0.219444, outcome score: 0.997987.
[lifelong_slam_toolbox_node-1] [INFO] [1787309348.026663979] [slam_toolbox]: Metric Scores: Initial: 1.000000, IOU: 0.847424, Area: 0.917411, Num Con: 2, Reading: 0.222222, outcome score: 0.985667.
[lifelong_slam_toolbox_node-1] [INFO] [1787309348.434343790] [slam_toolbox]: Metric Scores: Initial: 1.000000, IOU: 0.997716, Area: 0.997775, Num Con: 2, Reading: 0.702778, outcome score: -1.000000.
[lifelong_slam_toolbox_node-1] [INFO] [1787309348.434441690] [slam_toolbox]: Metric Scores: Initial: 0.997987, IOU: 0.826301, Area: 0.902389, Num Con: 3, Reading: 0.219444, outcome score: 0.996960.
[lifelong_slam_toolbox_node-1] [INFO] [1787309348.434464590] [slam_toolbox]: Metric Scores: Initial: 0.985667, IOU: 0.836951, Area: 0.911238, Num Con: 2, Reading: 0.222222, outcome score: 0.971333.
[lifelong_slam_toolbox_node-1] [INFO] [1787309348.434480690] [slam_toolbox]: Metric Scores: Initial: 1.000000, IOU: 0.847631, Area: 0.916276, Num Con: 2, Reading: 0.225000, outcome score: 0.985500.
[lifelong_slam_toolbox_node-1] [INFO] [1787309348.833139852] [slam_toolbox]: Metric Scores: Initial: 0.996960, IOU: 0.814727, Area: 0.895448, Num Con: 3, Reading: 0.219444, outcome score: 0.995920.
[lifelong_slam_toolbox_node-1] [INFO] [1787309348.833221953] [slam_toolbox]: Metric Scores: Initial: 0.971333, IOU: 0.825197, Area: 0.904251, Num Con: 2, Reading: 0.222222, outcome score: 0.957000.
[lifelong_slam_toolbox_node-1] [INFO] [1787309348.833239853] [slam_toolbox]: Metric Scores: Initial: 1.000000, IOU: 0.847261, Area: 0.917338, Num Con: 2, Reading: 0.227778, outcome score: 0.985333.
[lifelong_slam_toolbox_node-1] [INFO] [1787309348.833254153] [slam_toolbox]: Metric Scores: Initial: 0.985500, IOU: 0.835714, Area: 0.909283, Num Con: 2, Reading: 0.225000, outcome score: 0.971000.
[lifelong_slam_toolbox_node-1] [INFO] [1787309349.226690186] [slam_toolbox]: Metric Scores: Initial: 1.000000, IOU: 0.996835, Area: 0.996835, Num Con: 2, Reading: 0.702778, outcome score: -1.000000.
[lifelong_slam_toolbox_node-1] [INFO] [1787309349.226787087] [slam_toolbox]: Metric Scores: Initial: 0.995920, IOU: 0.803497, Area: 0.888586, Num Con: 3, Reading: 0.219444, outcome score: 0.994867.
[lifelong_slam_toolbox_node-1] [INFO] [1787309349.226804087] [slam_toolbox]: Metric Scores: Initial: 1.000000, IOU: 0.848203, Area: 0.917871, Num Con: 2, Reading: 0.233333, outcome score: 0.985000.
[lifelong_slam_toolbox_node-1] [INFO] [1787309349.226817687] [slam_toolbox]: Metric Scores: Initial: 0.957000, IOU: 0.813791, Area: 0.897341, Num Con: 2, Reading: 0.222222, outcome score: 0.942667.
[lifelong_slam_toolbox_node-1] [INFO] [1787309349.226829187] [slam_toolbox]: Metric Scores: Initial: 0.985333, IOU: 0.835506, Area: 0.910385, Num Con: 2, Reading: 0.227778, outcome score: 0.970667.
[lifelong_slam_toolbox_node-1] [INFO] [1787309349.226843387] [slam_toolbox]: Metric Scores: Initial: 0.971000, IOU: 0.824149, Area: 0.902366, Num Con: 2, Reading: 0.225000, outcome score: 0.956500.
[lifelong_slam_toolbox_node-1] [INFO] [1787309349.627371359] [slam_toolbox]: Metric Scores: Initial: 1.000000, IOU: 0.854284, Area: 0.920152, Num Con: 2, Reading: 0.233333, outcome score: -1.000000.
[lifelong_slam_toolbox_node-1] [INFO] [1787309349.627431259] [slam_toolbox]: Metric Scores: Initial: 0.994867, IOU: 0.797162, Area: 0.884688, Num Con: 3, Reading: 0.219444, outcome score: 0.993799.
[lifelong_slam_toolbox_node-1] [INFO] [1787309349.627446059] [slam_toolbox]: Metric Scores: Initial: 0.985000, IOU: 0.841472, Area: 0.913917, Num Con: 2, Reading: 0.233333, outcome score: 0.970000.
[lifelong_slam_toolbox_node-1] [INFO] [1787309349.627517860] [slam_toolbox]: Metric Scores: Initial: 0.942667, IOU: 0.807362, Area: 0.893420, Num Con: 2, Reading: 0.222222, outcome score: 0.928333.
[lifelong_slam_toolbox_node-1] [INFO] [1787309349.627535060] [slam_toolbox]: Metric Scores: Initial: 0.970667, IOU: 0.828890, Area: 0.906445, Num Con: 2, Reading: 0.227778, outcome score: 0.956000.
[lifelong_slam_toolbox_node-1] [INFO] [1787309349.627548360] [slam_toolbox]: Metric Scores: Initial: 0.956500, IOU: 0.817635, Area: 0.898443, Num Con: 2, Reading: 0.225000, outcome score: 0.942000.
[lifelong_slam_toolbox_node-1] [INFO] [1787309350.026758625] [slam_toolbox]: Metric Scores: Initial: 1.000000, IOU: 0.858839, Area: 0.924064, Num Con: 2, Reading: 0.452778, outcome score: -1.000000.
[lifelong_slam_toolbox_node-1] [INFO] [1787309350.026825625] [slam_toolbox]: Metric Scores: Initial: 0.993799, IOU: 0.788442, Area: 0.879277, Num Con: 3, Reading: 0.219444, outcome score: 0.992717.
[lifelong_slam_toolbox_node-1] [INFO] [1787309350.026840325] [slam_toolbox]: Metric Scores: Initial: 0.928333, IOU: 0.798510, Area: 0.887973, Num Con: 2, Reading: 0.222222, outcome score: 0.914000.
[lifelong_slam_toolbox_node-1] [INFO] [1787309350.026854525] [slam_toolbox]: Metric Scores: Initial: 0.942000, IOU: 0.808663, Area: 0.892991, Num Con: 2, Reading: 0.225000, outcome score: 0.927500.
[lifelong_slam_toolbox_node-1] [INFO] [1787309350.026869525] [slam_toolbox]: Metric Scores: Initial: 0.956000, IOU: 0.819775, Area: 0.900967, Num Con: 2, Reading: 0.227778, outcome score: 0.941333.
[lifelong_slam_toolbox_node-1] [INFO] [1787309350.427710999] [slam_toolbox]: Metric Scores: Initial: 1.000000, IOU: 0.863537, Area: 0.926776, Num Con: 2, Reading: 0.455556, outcome score: -1.000000.
[lifelong_slam_toolbox_node-1] [INFO] [1787309350.427781899] [slam_toolbox]: Metric Scores: Initial: 0.992717, IOU: 0.781574, Area: 0.874977, Num Con: 3, Reading: 0.219444, outcome score: 0.991621.
[lifelong_slam_toolbox_node-1] [INFO] [1787309350.427795699] [slam_toolbox]: Metric Scores: Initial: 0.914000, IOU: 0.791534, Area: 0.883642, Num Con: 2, Reading: 0.222222, outcome score: 0.899667.
[lifelong_slam_toolbox_node-1] [INFO] [1787309350.427808399] [slam_toolbox]: Metric Scores: Initial: 0.927500, IOU: 0.801590, Area: 0.888656, Num Con: 2, Reading: 0.225000, outcome score: 0.913000.
[lifelong_slam_toolbox_node-1] [INFO] [1787309350.427822699] [slam_toolbox]: Metric Scores: Initial: 0.941333, IOU: 0.812586, Area: 0.896607, Num Con: 2, Reading: 0.227778, outcome score: 0.926667.
[lifelong_slam_toolbox_node-1] [INFO] [1787309350.827773968] [slam_toolbox]: Metric Scores: Initial: 1.000000, IOU: 0.874149, Area: 0.931522, Num Con: 2, Reading: 0.466667, outcome score: -1.000000.
[lifelong_slam_toolbox_node-1] [INFO] [1787309350.827844669] [slam_toolbox]: Metric Scores: Initial: 0.991621, IOU: 0.777041, Area: 0.872120, Num Con: 3, Reading: 0.219444, outcome score: 0.990511.
[lifelong_slam_toolbox_node-1] [INFO] [1787309350.827858469] [slam_toolbox]: Metric Scores: Initial: 0.899667, IOU: 0.786933, Area: 0.880766, Num Con: 2, Reading: 0.222222, outcome score: 0.885333.
[lifelong_slam_toolbox_node-1] [INFO] [1787309350.827872169] [slam_toolbox]: Metric Scores: Initial: 0.913000, IOU: 0.796926, Area: 0.885777, Num Con: 2, Reading: 0.225000, outcome score: 0.898500.
[lifelong_slam_toolbox_node-1] [INFO] [1787309350.827886969] [slam_toolbox]: Metric Scores: Initial: 0.926667, IOU: 0.807848, Area: 0.893714, Num Con: 2, Reading: 0.227778, outcome score: 0.912000.
[lifelong_slam_toolbox_node-1] W20260821 10:49:11.255924 600212 preprocessor.cc:67] Specified options.num_threads: 50 exceeds maximum available from the threading model Ceres was compiled with: 8.  Bounding to maximum number available.
[lifelong_slam_toolbox_node-1] [INFO] [1787309351.257607599] [slam_toolbox]: Metric Scores: Initial: 1.000000, IOU: 0.993451, Area: 0.995178, Num Con: 2, Reading: 0.694444, outcome score: -1.000000.
[lifelong_slam_toolbox_node-1] [INFO] [1787309351.257659599] [slam_toolbox]: Metric Scores: Initial: 0.990511, IOU: 0.770282, Area: 0.870526, Num Con: 3, Reading: 0.219444, outcome score: 0.989386.
[lifelong_slam_toolbox_node-1] [INFO] [1787309351.257671099] [slam_toolbox]: Metric Scores: Initial: 0.885333, IOU: 0.779731, Area: 0.876546, Num Con: 2, Reading: 0.222222, outcome score: 0.871000.
[lifelong_slam_toolbox_node-1] [INFO] [1787309351.257681399] [slam_toolbox]: Metric Scores: Initial: 0.898500, IOU: 0.789431, Area: 0.880186, Num Con: 2, Reading: 0.225000, outcome score: 0.884000.
[lifelong_slam_toolbox_node-1] [INFO] [1787309351.257693499] [slam_toolbox]: Metric Scores: Initial: 0.912000, IOU: 0.800007, Area: 0.886758, Num Con: 2, Reading: 0.227778, outcome score: 0.897333.
[lifelong_slam_toolbox_node-1] [INFO] [1787309351.629559616] [slam_toolbox]: Metric Scores: Initial: 1.000000, IOU: 0.994105, Area: 0.998537, Num Con: 2, Reading: 0.691667, outcome score: -1.000000.
[lifelong_slam_toolbox_node-1] [INFO] [1787309351.629621416] [slam_toolbox]: Metric Scores: Initial: 0.997959, IOU: 0.986738, Area: 0.994804, Num Con: 2, Reading: 0.691667, outcome score: -1.000000.
[lifelong_slam_toolbox_node-1] [INFO] [1787309351.629646816] [slam_toolbox]: Metric Scores: Initial: 0.989386, IOU: 0.766474, Area: 0.868070, Num Con: 3, Reading: 0.219444, outcome score: 0.988246.
[lifelong_slam_toolbox_node-1] [INFO] [1787309351.629663817] [slam_toolbox]: Metric Scores: Initial: 0.871000, IOU: 0.775871, Area: 0.874082, Num Con: 2, Reading: 0.222222, outcome score: 0.856667.
[lifelong_slam_toolbox_node-1] [INFO] [1787309351.629681417] [slam_toolbox]: Metric Scores: Initial: 0.884000, IOU: 0.785521, Area: 0.877723, Num Con: 2, Reading: 0.225000, outcome score: 0.869500.
[lifelong_slam_toolbox_node-1] [INFO] [1787309351.629698717] [slam_toolbox]: Metric Scores: Initial: 0.897333, IOU: 0.796036, Area: 0.884287, Num Con: 2, Reading: 0.227778, outcome score: 0.882667.
[lifelong_slam_toolbox_node-1] [INFO] [1787309351.629719817] [slam_toolbox]: Metric Scores: Initial: 1.000000, IOU: 0.894725, Area: 0.945326, Num Con: 2, Reading: 0.672222, outcome score: -1.000000.
[lifelong_slam_toolbox_node-1] [INFO] [1787309352.027972576] [slam_toolbox]: Metric Scores: Initial: 0.988246, IOU: 0.762123, Area: 0.865303, Num Con: 3, Reading: 0.219444, outcome score: 0.987092.
[lifelong_slam_toolbox_node-1] [INFO] [1787309352.028034677] [slam_toolbox]: Metric Scores: Initial: 0.856667, IOU: 0.771459, Area: 0.871306, Num Con: 2, Reading: 0.222222, outcome score: 0.842333.
[lifelong_slam_toolbox_node-1] [INFO] [1787309352.028053477] [slam_toolbox]: Metric Scores: Initial: 0.869500, IOU: 0.781052, Area: 0.874950, Num Con: 2, Reading: 0.225000, outcome score: 0.855000.
[lifelong_slam_toolbox_node-1] [INFO] [1787309352.028069677] [slam_toolbox]: Metric Scores: Initial: 0.882667, IOU: 0.791499, Area: 0.881504, Num Con: 2, Reading: 0.227778, outcome score: 0.868000.
[lifelong_slam_toolbox_node-1] [INFO] [1787309352.428356847] [slam_toolbox]: Metric Scores: Initial: 0.987092, IOU: 0.756809, Area: 0.861877, Num Con: 3, Reading: 0.219444, outcome score: 0.985922.
[lifelong_slam_toolbox_node-1] [INFO] [1787309352.428418848] [slam_toolbox]: Metric Scores: Initial: 0.842333, IOU: 0.766068, Area: 0.867867, Num Con: 2, Reading: 0.222222, outcome score: 0.828000.
[lifelong_slam_toolbox_node-1] [INFO] [1787309352.428435648] [slam_toolbox]: Metric Scores: Initial: 0.855000, IOU: 0.775591, Area: 0.871513, Num Con: 2, Reading: 0.225000, outcome score: 0.840500.
[lifelong_slam_toolbox_node-1] [INFO] [1787309352.428451848] [slam_toolbox]: Metric Scores: Initial: 0.868000, IOU: 0.785951, Area: 0.878054, Num Con: 2, Reading: 0.227778, outcome score: 0.853333.
[lifelong_slam_toolbox_node-1] [INFO] [1787309352.428527848] [slam_toolbox]: Metric Scores: Initial: 1.000000, IOU: 0.911474, Area: 0.954698, Num Con: 2, Reading: 0.702778, outcome score: -1.000000.
[lifelong_slam_toolbox_node-1] [INFO] [1787309352.828432417] [slam_toolbox]: Metric Scores: Initial: 0.985922, IOU: 0.753653, Area: 0.859844, Num Con: 3, Reading: 0.219444, outcome score: 0.984736.
[lifelong_slam_toolbox_node-1] [INFO] [1787309352.828496517] [slam_toolbox]: Metric Scores: Initial: 0.828000, IOU: 0.762867, Area: 0.865826, Num Con: 2, Reading: 0.222222, outcome score: 0.813667.
[lifelong_slam_toolbox_node-1] [INFO] [1787309352.828516217] [slam_toolbox]: Metric Scores: Initial: 0.840500, IOU: 0.772348, Area: 0.869473, Num Con: 2, Reading: 0.225000, outcome score: 0.826000.
[lifelong_slam_toolbox_node-1] [INFO] [1787309352.828529317] [slam_toolbox]: Metric Scores: Initial: 0.853333, IOU: 0.782657, Area: 0.876005, Num Con: 2, Reading: 0.227778, outcome score: 0.838667.
[lifelong_slam_toolbox_node-1] [INFO] [1787309353.227782182] [slam_toolbox]: Metric Scores: Initial: 1.000000, IOU: 0.996967, Area: 1.000000, Num Con: 2, Reading: 0.686111, outcome score: -1.000000.
[lifelong_slam_toolbox_node-1] [INFO] [1787309353.227870483] [slam_toolbox]: Metric Scores: Initial: 0.984736, IOU: 0.750831, Area: 0.857983, Num Con: 3, Reading: 0.219444, outcome score: 0.983535.
[lifelong_slam_toolbox_node-1] [INFO] [1787309353.227890583] [slam_toolbox]: Metric Scores: Initial: 0.813667, IOU: 0.760006, Area: 0.863959, Num Con: 2, Reading: 0.222222, outcome score: 0.799333.
[lifelong_slam_toolbox_node-1] [INFO] [1787309353.227908383] [slam_toolbox]: Metric Scores: Initial: 1.000000, IOU: 0.930477, Area: 0.964062, Num Con: 2, Reading: 0.700000, outcome score: -1.000000.
[lifelong_slam_toolbox_node-1] [INFO] [1787309353.227922083] [slam_toolbox]: Metric Scores: Initial: 0.826000, IOU: 0.769449, Area: 0.867607, Num Con: 2, Reading: 0.225000, outcome score: 0.811500.
[lifelong_slam_toolbox_node-1] [INFO] [1787309353.227935983] [slam_toolbox]: Metric Scores: Initial: 0.838667, IOU: 0.779714, Area: 0.874132, Num Con: 2, Reading: 0.227778, outcome score: 0.824000.
[lifelong_slam_toolbox_node-1] [INFO] [1787309353.628866857] [slam_toolbox]: Metric Scores: Initial: 0.983535, IOU: 0.747354, Area: 0.855727, Num Con: 3, Reading: 0.219444, outcome score: 0.982319.
[lifelong_slam_toolbox_node-1] [INFO] [1787309353.628923557] [slam_toolbox]: Metric Scores: Initial: 0.799333, IOU: 0.756475, Area: 0.861692, Num Con: 2, Reading: 0.222222, outcome score: 0.785000.
[lifelong_slam_toolbox_node-1] [INFO] [1787309353.628938657] [slam_toolbox]: Metric Scores: Initial: 0.811500, IOU: 0.765872, Area: 0.865340, Num Con: 2, Reading: 0.225000, outcome score: 0.797000.
[lifelong_slam_toolbox_node-1] [INFO] [1787309353.628951758] [slam_toolbox]: Metric Scores: Initial: 0.824000, IOU: 0.776078, Area: 0.871855, Num Con: 2, Reading: 0.227778, outcome score: 0.809333.
[lifelong_slam_toolbox_node-1] [INFO] [1787309354.029344929] [slam_toolbox]: Metric Scores: Initial: 1.000000, IOU: 0.939849, Area: 0.969083, Num Con: 3, Reading: 0.697222, outcome score: 0.999000.
[lifelong_slam_toolbox_node-1] [INFO] [1787309354.029397129] [slam_toolbox]: Metric Scores: Initial: 0.982319, IOU: 0.744186, Area: 0.853676, Num Con: 3, Reading: 0.219444, outcome score: 0.981086.
[lifelong_slam_toolbox_node-1] [INFO] [1787309354.029408129] [slam_toolbox]: Metric Scores: Initial: 0.785000, IOU: 0.753259, Area: 0.859632, Num Con: 2, Reading: 0.222222, outcome score: 0.770667.
[lifelong_slam_toolbox_node-1] [INFO] [1787309354.029418529] [slam_toolbox]: Metric Scores: Initial: 0.797000, IOU: 0.762611, Area: 0.863280, Num Con: 2, Reading: 0.225000, outcome score: 0.782500.
[lifelong_slam_toolbox_node-1] [INFO] [1787309354.029429429] [slam_toolbox]: Metric Scores: Initial: 0.809333, IOU: 0.772763, Area: 0.869784, Num Con: 2, Reading: 0.227778, outcome score: 0.794667.
[lifelong_slam_toolbox_node-1] [INFO] [1787309354.432521715] [slam_toolbox]: Metric Scores: Initial: 1.000000, IOU: 0.995640, Area: 0.999365, Num Con: 2, Reading: 0.686111, outcome score: -1.000000.
[lifelong_slam_toolbox_node-1] [INFO] [1787309354.432601815] [slam_toolbox]: Metric Scores: Initial: 1.000000, IOU: 0.945821, Area: 0.972267, Num Con: 3, Reading: 0.694444, outcome score: 0.999000.
[lifelong_slam_toolbox_node-1] [INFO] [1787309354.432615715] [slam_toolbox]: Metric Scores: Initial: 0.999000, IOU: 0.936923, Area: 0.967526, Num Con: 3, Reading: 0.697222, outcome score: 0.997958.
[lifelong_slam_toolbox_node-1] [INFO] [1787309354.432625115] [slam_toolbox]: Metric Scores: Initial: 0.981086, IOU: 0.742020, Area: 0.852251, Num Con: 3, Reading: 0.219444, outcome score: 0.979837.
[lifelong_slam_toolbox_node-1] [INFO] [1787309354.432634315] [slam_toolbox]: Metric Scores: Initial: 0.770667, IOU: 0.751061, Area: 0.858200, Num Con: 2, Reading: 0.222222, outcome score: 0.756333.
[lifelong_slam_toolbox_node-1] [INFO] [1787309354.432693716] [slam_toolbox]: Metric Scores: Initial: 0.782500, IOU: 0.760384, Area: 0.861848, Num Con: 2, Reading: 0.225000, outcome score: 0.768000.
[lifelong_slam_toolbox_node-1] [INFO] [1787309354.432704816] [slam_toolbox]: Metric Scores: Initial: 0.794667, IOU: 0.770499, Area: 0.868346, Num Con: 2, Reading: 0.227778, outcome score: 0.780000.
[lifelong_slam_toolbox_node-1] [INFO] [1787309354.854359302] [slam_toolbox]: Metric Scores: Initial: 1.000000, IOU: 0.948319, Area: 0.973586, Num Con: 2, Reading: 0.691667, outcome score: -1.000000.
[lifelong_slam_toolbox_node-1] [INFO] [1787309354.854427903] [slam_toolbox]: Metric Scores: Initial: 0.999000, IOU: 0.942261, Area: 0.970389, Num Con: 3, Reading: 0.694444, outcome score: 0.997958.
[lifelong_slam_toolbox_node-1] [INFO] [1787309354.854447003] [slam_toolbox]: Metric Scores: Initial: 0.997958, IOU: 0.933407, Area: 0.965655, Num Con: 3, Reading: 0.694444, outcome score: 0.996873.
[lifelong_slam_toolbox_node-1] [INFO] [1787309354.854461403] [slam_toolbox]: Metric Scores: Initial: 0.979837, IOU: 0.739463, Area: 0.850569, Num Con: 3, Reading: 0.219444, outcome score: 0.978571.
[lifelong_slam_toolbox_node-1] [INFO] [1787309354.854476203] [slam_toolbox]: Metric Scores: Initial: 0.756333, IOU: 0.748464, Area: 0.856509, Num Con: 2, Reading: 0.222222, outcome score: 0.742000.
[lifelong_slam_toolbox_node-1] [INFO] [1787309354.854490603] [slam_toolbox]: Metric Scores: Initial: 0.768000, IOU: 0.757751, Area: 0.860157, Num Con: 2, Reading: 0.225000, outcome score: 0.753500.
[lifelong_slam_toolbox_node-1] [INFO] [1787309354.854542903] [slam_toolbox]: Metric Scores: Initial: 0.780000, IOU: 0.767822, Area: 0.866645, Num Con: 2, Reading: 0.227778, outcome score: 0.765333.
[lifelong_slam_toolbox_node-1] [INFO] [1787309355.237353579] [slam_toolbox]: Metric Scores: Initial: 1.000000, IOU: 0.951917, Area: 0.975421, Num Con: 2, Reading: 0.688889, outcome score: -1.000000.
[lifelong_slam_toolbox_node-1] [INFO] [1787309355.237422079] [slam_toolbox]: Metric Scores: Initial: 0.978571, IOU: 0.735511, Area: 0.847932, Num Con: 3, Reading: 0.219444, outcome score: 0.977289.
[lifelong_slam_toolbox_node-1] [INFO] [1787309355.237439079] [slam_toolbox]: Metric Scores: Initial: 0.742000, IOU: 0.744454, Area: 0.853861, Num Con: 2, Reading: 0.222222, outcome score: 0.727667.
[lifelong_slam_toolbox_node-1] [INFO] [1787309355.237454479] [slam_toolbox]: Metric Scores: Initial: 0.753500, IOU: 0.753688, Area: 0.857509, Num Con: 2, Reading: 0.225000, outcome score: 0.739000.
[lifelong_slam_toolbox_node-1] [INFO] [1787309355.237470679] [slam_toolbox]: Metric Scores: Initial: 0.765333, IOU: 0.763694, Area: 0.863985, Num Con: 2, Reading: 0.227778, outcome score: 0.750667.
[lifelong_slam_toolbox_node-1] 
[lifelong_slam_toolbox_node-1] Solver Summary (v 2.2.0-eigen-(3.4.0)-lapack-suitesparse-(7.6.1)-eigensparse)
[lifelong_slam_toolbox_node-1] 
[lifelong_slam_toolbox_node-1]                                      Original                  Reduced
[lifelong_slam_toolbox_node-1] Parameter blocks                          225                      126
[lifelong_slam_toolbox_node-1] Parameters                                225                      126
[lifelong_slam_toolbox_node-1] Residual blocks                            36                       36
[lifelong_slam_toolbox_node-1] Residuals                                 108                      108
[lifelong_slam_toolbox_node-1] 
[lifelong_slam_toolbox_node-1] Minimizer                        TRUST_REGION
[lifelong_slam_toolbox_node-1] Trust region strategy     LEVENBERG_MARQUARDT
[lifelong_slam_toolbox_node-1] Sparse linear algebra library    SUITE_SPARSE 
[lifelong_slam_toolbox_node-1] 
[lifelong_slam_toolbox_node-1]                                         Given                     Used
[lifelong_slam_toolbox_node-1] Linear solver          SPARSE_NORMAL_CHOLESKY   SPARSE_NORMAL_CHOLESKY
[lifelong_slam_toolbox_node-1] Threads                                    50                        8
[lifelong_slam_toolbox_node-1] Linear solver ordering              AUTOMATIC                      126
[lifelong_slam_toolbox_node-1] 
[lifelong_slam_toolbox_node-1] Cost:
[lifelong_slam_toolbox_node-1] Initial                          3.491177e-01
[lifelong_slam_toolbox_node-1] Final                            1.165955e-02
[lifelong_slam_toolbox_node-1] Change                           3.374581e-01
[lifelong_slam_toolbox_node-1] 
[lifelong_slam_toolbox_node-1] Minimizer iterations                        2
[lifelong_slam_toolbox_node-1] Successful steps                            2
[lifelong_slam_toolbox_node-1] Unsuccessful steps                          0
[lifelong_slam_toolbox_node-1] 
[lifelong_slam_toolbox_node-1] Time (in seconds):
[lifelong_slam_toolbox_node-1] Preprocessor                         0.000260
[lifelong_slam_toolbox_node-1] 
[lifelong_slam_toolbox_node-1]   Residual only evaluation           0.000034 (2)
[lifelong_slam_toolbox_node-1]   Jacobian & residual evaluation     0.000184 (2)
[lifelong_slam_toolbox_node-1]   Linear solver                      0.000227 (2)
[lifelong_slam_toolbox_node-1] Minimizer                            0.000550
[lifelong_slam_toolbox_node-1] 
[lifelong_slam_toolbox_node-1] Postprocessor                        0.000013
[lifelong_slam_toolbox_node-1] Total                                0.000823
[lifelong_slam_toolbox_node-1] 
[lifelong_slam_toolbox_node-1] Termination:                      CONVERGENCE (Parameter tolerance reached. Relative step_norm: 4.005372e-05 <= 1.000000e-03.)
[lifelong_slam_toolbox_node-1] 
[lifelong_slam_toolbox_node-1] W20260821 10:49:15.650074 600212 preprocessor.cc:67] Specified options.num_threads: 50 exceeds maximum available from the threading model Ceres was compiled with: 8.  Bounding to maximum number available.
[lifelong_slam_toolbox_node-1] [INFO] [1787309355.651623825] [slam_toolbox]: Metric Scores: Initial: 0.977289, IOU: 0.734270, Area: 0.847141, Num Con: 3, Reading: 0.219444, outcome score: 0.975990.
[lifelong_slam_toolbox_node-1] [INFO] [1787309355.651671325] [slam_toolbox]: Metric Scores: Initial: 0.727667, IOU: 0.743193, Area: 0.853064, Num Con: 2, Reading: 0.222222, outcome score: 0.713333.
[lifelong_slam_toolbox_node-1] [INFO] [1787309355.651683925] [slam_toolbox]: Metric Scores: Initial: 0.739000, IOU: 0.752409, Area: 0.856710, Num Con: 2, Reading: 0.225000, outcome score: 0.724500.
[lifelong_slam_toolbox_node-1] [INFO] [1787309355.651695726] [slam_toolbox]: Metric Scores: Initial: 0.750667, IOU: 0.762392, Area: 0.863180, Num Con: 2, Reading: 0.227778, outcome score: 0.736000.
[lifelong_slam_toolbox_node-1] [INFO] [1787309356.047723373] [slam_toolbox]: Metric Scores: Initial: 0.975990, IOU: 0.732651, Area: 0.846043, Num Con: 3, Reading: 0.219444, outcome score: 0.974674.
[lifelong_slam_toolbox_node-1] [INFO] [1787309356.047795973] [slam_toolbox]: Metric Scores: Initial: 0.713333, IOU: 0.741547, Area: 0.851959, Num Con: 2, Reading: 0.222222, outcome score: 0.699000.
[lifelong_slam_toolbox_node-1] [INFO] [1787309356.047810073] [slam_toolbox]: Metric Scores: Initial: 0.724500, IOU: 0.750739, Area: 0.855603, Num Con: 2, Reading: 0.225000, outcome score: 0.710000.
[lifelong_slam_toolbox_node-1] [INFO] [1787309356.047823273] [slam_toolbox]: Metric Scores: Initial: 0.736000, IOU: 0.760693, Area: 0.862067, Num Con: 2, Reading: 0.227778, outcome score: 0.721333.
[lifelong_slam_toolbox_node-1] [INFO] [1787309356.047838574] [slam_toolbox]: Metric Scores: Initial: 1.000000, IOU: 0.959679, Area: 0.979478, Num Con: 2, Reading: 0.688889, outcome score: -1.000000.
[lifelong_slam_toolbox_node-1] [INFO] [1787309356.450603557] [slam_toolbox]: Metric Scores: Initial: 0.974674, IOU: 0.730408, Area: 0.844553, Num Con: 3, Reading: 0.219444, outcome score: 0.973341.
[lifelong_slam_toolbox_node-1] [INFO] [1787309356.450665558] [slam_toolbox]: Metric Scores: Initial: 0.699000, IOU: 0.739267, Area: 0.850460, Num Con: 2, Reading: 0.222222, outcome score: 0.684667.
[lifelong_slam_toolbox_node-1] [INFO] [1787309356.450680558] [slam_toolbox]: Metric Scores: Initial: 0.710000, IOU: 0.748427, Area: 0.854104, Num Con: 2, Reading: 0.225000, outcome score: 0.695500.
[lifelong_slam_toolbox_node-1] [INFO] [1787309356.450693758] [slam_toolbox]: Metric Scores: Initial: 0.721333, IOU: 0.758341, Area: 0.860558, Num Con: 2, Reading: 0.227778, outcome score: 0.706667.
[lifelong_slam_toolbox_node-1] [INFO] [1787309356.450707058] [slam_toolbox]: Metric Scores: Initial: 1.000000, IOU: 0.956856, Area: 0.978004, Num Con: 2, Reading: 0.688889, outcome score: -1.000000.
[lifelong_slam_toolbox_node-1] [INFO] [1787309356.848323814] [slam_toolbox]: Metric Scores: Initial: 1.000000, IOU: 0.994813, Area: 0.998978, Num Con: 2, Reading: 0.688889, outcome score: -1.000000.
[lifelong_slam_toolbox_node-1] [INFO] [1787309356.848402814] [slam_toolbox]: Metric Scores: Initial: 0.973341, IOU: 0.731033, Area: 0.844983, Num Con: 3, Reading: 0.219444, outcome score: 0.971990.
[lifelong_slam_toolbox_node-1] [INFO] [1787309356.848415814] [slam_toolbox]: Metric Scores: Initial: 0.684667, IOU: 0.739896, Area: 0.850889, Num Con: 2, Reading: 0.222222, outcome score: 0.670333.
[lifelong_slam_toolbox_node-1] [INFO] [1787309356.848428014] [slam_toolbox]: Metric Scores: Initial: 0.695500, IOU: 0.749062, Area: 0.854531, Num Con: 2, Reading: 0.225000, outcome score: 0.681000.
[lifelong_slam_toolbox_node-1] [INFO] [1787309356.848440815] [slam_toolbox]: Metric Scores: Initial: 0.706667, IOU: 0.758983, Area: 0.860985, Num Con: 2, Reading: 0.227778, outcome score: 0.692000.
[lifelong_slam_toolbox_node-1] [INFO] [1787309357.244944464] [slam_toolbox]: Metric Scores: Initial: 1.000000, IOU: 0.996873, Area: 1.000000, Num Con: 2, Reading: 0.686111, outcome score: -1.000000.
[lifelong_slam_toolbox_node-1] [INFO] [1787309357.245020965] [slam_toolbox]: Metric Scores: Initial: 0.997959, IOU: 0.990031, Area: 0.996535, Num Con: 2, Reading: 0.688889, outcome score: -1.000000.
[lifelong_slam_toolbox_node-1] [INFO] [1787309357.245053465] [slam_toolbox]: Metric Scores: Initial: 0.971990, IOU: 0.729446, Area: 0.843918, Num Con: 3, Reading: 0.219444, outcome score: 0.970621.
[lifelong_slam_toolbox_node-1] [INFO] [1787309357.245064865] [slam_toolbox]: Metric Scores: Initial: 0.670333, IOU: 0.738282, Area: 0.849817, Num Con: 2, Reading: 0.222222, outcome score: 0.656000.
[lifelong_slam_toolbox_node-1] [INFO] [1787309357.245076965] [slam_toolbox]: Metric Scores: Initial: 0.681000, IOU: 0.747425, Area: 0.853458, Num Con: 2, Reading: 0.225000, outcome score: 0.666500.
[lifelong_slam_toolbox_node-1] [INFO] [1787309357.245085265] [slam_toolbox]: Metric Scores: Initial: 1.000000, IOU: 0.946394, Area: 0.972526, Num Con: 2, Reading: 0.683333, outcome score: -1.000000.
[lifelong_slam_toolbox_node-1] [INFO] [1787309357.245145166] [slam_toolbox]: Metric Scores: Initial: 0.692000, IOU: 0.757316, Area: 0.859905, Num Con: 2, Reading: 0.227778, outcome score: 0.677333.
[lifelong_slam_toolbox_node-1] [INFO] [1787309357.627452138] [slam_toolbox]: Metric Scores: Initial: 0.970621, IOU: 0.728367, Area: 0.843227, Num Con: 3, Reading: 0.219444, outcome score: 0.969234.
[lifelong_slam_toolbox_node-1] [INFO] [1787309357.627507539] [slam_toolbox]: Metric Scores: Initial: 0.656000, IOU: 0.737182, Area: 0.849118, Num Con: 2, Reading: 0.222222, outcome score: 0.641667.
[lifelong_slam_toolbox_node-1] [INFO] [1787309357.627517339] [slam_toolbox]: Metric Scores: Initial: 0.666500, IOU: 0.746307, Area: 0.852758, Num Con: 2, Reading: 0.225000, outcome score: 0.652000.
[lifelong_slam_toolbox_node-1] [INFO] [1787309357.627527439] [slam_toolbox]: Metric Scores: Initial: 0.677333, IOU: 0.756174, Area: 0.859198, Num Con: 2, Reading: 0.227778, outcome score: 0.662667.
[lifelong_slam_toolbox_node-1] [INFO] [1787309358.027753509] [slam_toolbox]: Metric Scores: Initial: 1.000000, IOU: 0.996385, Area: 0.999747, Num Con: 2, Reading: 0.688889, outcome score: -1.000000.
[lifelong_slam_toolbox_node-1] [INFO] [1787309358.027836009] [slam_toolbox]: Metric Scores: Initial: 0.969234, IOU: 0.729852, Area: 0.844192, Num Con: 3, Reading: 0.219444, outcome score: 0.967829.
[lifelong_slam_toolbox_node-1] [INFO] [1787309358.027845409] [slam_toolbox]: Metric Scores: Initial: 1.000000, IOU: 0.944312, Area: 0.971376, Num Con: 2, Reading: 0.683333, outcome score: -1.000000.
[lifelong_slam_toolbox_node-1] [INFO] [1787309358.027854010] [slam_toolbox]: Metric Scores: Initial: 0.641667, IOU: 0.738684, Area: 0.850086, Num Con: 2, Reading: 0.222222, outcome score: 0.627333.
[lifelong_slam_toolbox_node-1] [INFO] [1787309358.027863310] [slam_toolbox]: Metric Scores: Initial: 0.652000, IOU: 0.747828, Area: 0.853723, Num Con: 2, Reading: 0.225000, outcome score: 0.637500.
[lifelong_slam_toolbox_node-1] [INFO] [1787309358.027872610] [slam_toolbox]: Metric Scores: Initial: 0.662667, IOU: 0.757716, Area: 0.860166, Num Con: 2, Reading: 0.227778, outcome score: 0.648000.
[lifelong_slam_toolbox_node-1] [INFO] [1787309358.426941073] [slam_toolbox]: Metric Scores: Initial: 0.967829, IOU: 0.730524, Area: 0.844634, Num Con: 3, Reading: 0.219444, outcome score: 0.966405.
[lifelong_slam_toolbox_node-1] [INFO] [1787309358.426993374] [slam_toolbox]: Metric Scores: Initial: 0.627333, IOU: 0.739360, Area: 0.850525, Num Con: 2, Reading: 0.222222, outcome score: 0.613000.
[lifelong_slam_toolbox_node-1] [INFO] [1787309358.427004474] [slam_toolbox]: Metric Scores: Initial: 0.637500, IOU: 0.748508, Area: 0.854160, Num Con: 2, Reading: 0.225000, outcome score: 0.623000.
[lifelong_slam_toolbox_node-1] [INFO] [1787309358.427014374] [slam_toolbox]: Metric Scores: Initial: 0.648000, IOU: 0.758401, Area: 0.860601, Num Con: 2, Reading: 0.227778, outcome score: 0.633333.
[lifelong_slam_toolbox_node-1] [INFO] [1787309358.828236649] [slam_toolbox]: Metric Scores: Initial: 1.000000, IOU: 0.996840, Area: 1.000000, Num Con: 2, Reading: 0.683333, outcome score: -1.000000.
[lifelong_slam_toolbox_node-1] [INFO] [1787309358.828291650] [slam_toolbox]: Metric Scores: Initial: 0.997959, IOU: 0.990715, Area: 0.996939, Num Con: 2, Reading: 0.686111, outcome score: -1.000000.
[lifelong_slam_toolbox_node-1] [INFO] [1787309358.828326650] [slam_toolbox]: Metric Scores: Initial: 1.000000, IOU: 0.940092, Area: 0.969156, Num Con: 3, Reading: 0.680556, outcome score: 0.999000.
[lifelong_slam_toolbox_node-1] [INFO] [1787309358.828338350] [slam_toolbox]: Metric Scores: Initial: 0.966405, IOU: 0.731883, Area: 0.845571, Num Con: 3, Reading: 0.219444, outcome score: 0.964963.
[lifelong_slam_toolbox_node-1] [INFO] [1787309358.828348350] [slam_toolbox]: Metric Scores: Initial: 0.613000, IOU: 0.740733, Area: 0.851462, Num Con: 2, Reading: 0.222222, outcome score: 0.598667.
[lifelong_slam_toolbox_node-1] [INFO] [1787309358.828357950] [slam_toolbox]: Metric Scores: Initial: 0.623000, IOU: 0.749897, Area: 0.855096, Num Con: 2, Reading: 0.225000, outcome score: 0.608500.
[lifelong_slam_toolbox_node-1] [INFO] [1787309358.828368050] [slam_toolbox]: Metric Scores: Initial: 0.633333, IOU: 0.759807, Area: 0.861537, Num Con: 2, Reading: 0.227778, outcome score: 0.618667.
[lifelong_slam_toolbox_node-1] [INFO] [1787309359.230008328] [slam_toolbox]: Metric Scores: Initial: 1.000000, IOU: 0.937110, Area: 0.967542, Num Con: 3, Reading: 0.686111, outcome score: 0.999000.
[lifelong_slam_toolbox_node-1] [INFO] [1787309359.230063928] [slam_toolbox]: Metric Scores: Initial: 0.999000, IOU: 0.932963, Area: 0.965306, Num Con: 3, Reading: 0.680556, outcome score: 0.997959.
[lifelong_slam_toolbox_node-1] [INFO] [1787309359.230130428] [slam_toolbox]: Metric Scores: Initial: 0.964963, IOU: 0.732427, Area: 0.845892, Num Con: 3, Reading: 0.219444, outcome score: 0.963502.
[lifelong_slam_toolbox_node-1] [INFO] [1787309359.230141428] [slam_toolbox]: Metric Scores: Initial: 0.598667, IOU: 0.741279, Area: 0.851781, Num Con: 2, Reading: 0.222222, outcome score: 0.584333.
[lifelong_slam_toolbox_node-1] [INFO] [1787309359.230150729] [slam_toolbox]: Metric Scores: Initial: 0.608500, IOU: 0.750447, Area: 0.855412, Num Con: 2, Reading: 0.225000, outcome score: 0.594000.
[lifelong_slam_toolbox_node-1] [INFO] [1787309359.230160129] [slam_toolbox]: Metric Scores: Initial: 0.618667, IOU: 0.760361, Area: 0.861852, Num Con: 2, Reading: 0.227778, outcome score: 0.604000.
[lifelong_slam_toolbox_node-1] [INFO] [1787309359.627278982] [slam_toolbox]: Metric Scores: Initial: 1.000000, IOU: 0.934574, Area: 0.966181, Num Con: 3, Reading: 0.683333, outcome score: 0.999000.
[lifelong_slam_toolbox_node-1] [INFO] [1787309359.627326582] [slam_toolbox]: Metric Scores: Initial: 0.999000, IOU: 0.929964, Area: 0.963744, Num Con: 3, Reading: 0.686111, outcome score: 0.997959.
[lifelong_slam_toolbox_node-1] [INFO] [1787309359.627340782] [slam_toolbox]: Metric Scores: Initial: 0.997959, IOU: 0.925861, Area: 0.961515, Num Con: 3, Reading: 0.680556, outcome score: 0.996876.
[lifelong_slam_toolbox_node-1] [INFO] [1787309359.627353882] [slam_toolbox]: Metric Scores: Initial: 0.963502, IOU: 0.734572, Area: 0.847342, Num Con: 3, Reading: 0.219444, outcome score: 0.962021.
[lifelong_slam_toolbox_node-1] [INFO] [1787309359.627365982] [slam_toolbox]: Metric Scores: Initial: 0.584333, IOU: 0.743448, Area: 0.853232, Num Con: 2, Reading: 0.222222, outcome score: 0.570000.
[lifelong_slam_toolbox_node-1] [INFO] [1787309359.627376482] [slam_toolbox]: Metric Scores: Initial: 0.594000, IOU: 0.752641, Area: 0.856861, Num Con: 2, Reading: 0.225000, outcome score: 0.579500.
[lifelong_slam_toolbox_node-1] [INFO] [1787309359.627385782] [slam_toolbox]: Metric Scores: Initial: 0.604000, IOU: 0.762583, Area: 0.863303, Num Con: 2, Reading: 0.227778, outcome score: 0.589333.
[lifelong_slam_toolbox_node-1] [INFO] [1787309360.049742972] [slam_toolbox]: Metric Scores: Initial: 1.000000, IOU: 0.997736, Area: 0.999708, Num Con: 2, Reading: 0.686111, outcome score: -1.000000.
[lifelong_slam_toolbox_node-1] [INFO] [1787309360.049839373] [slam_toolbox]: Metric Scores: Initial: 1.000000, IOU: 0.936576, Area: 0.967291, Num Con: 2, Reading: 0.683333, outcome score: -1.000000.
[lifelong_slam_toolbox_node-1] [INFO] [1787309360.049850073] [slam_toolbox]: Metric Scores: Initial: 0.999000, IOU: 0.930408, Area: 0.963968, Num Con: 3, Reading: 0.683333, outcome score: 0.997959.
[lifelong_slam_toolbox_node-1] [INFO] [1787309360.049859373] [slam_toolbox]: Metric Scores: Initial: 0.997959, IOU: 0.925824, Area: 0.961534, Num Con: 3, Reading: 0.686111, outcome score: 0.996875.
[lifelong_slam_toolbox_node-1] [INFO] [1787309360.049871973] [slam_toolbox]: Metric Scores: Initial: 0.996876, IOU: 0.921744, Area: 0.959309, Num Con: 3, Reading: 0.680556, outcome score: 0.995748.
[lifelong_slam_toolbox_node-1] [INFO] [1787309360.049885773] [slam_toolbox]: Metric Scores: Initial: 0.962021, IOU: 0.735553, Area: 0.848010, Num Con: 3, Reading: 0.219444, outcome score: 0.960521.
[lifelong_slam_toolbox_node-1] [INFO] [1787309360.049895773] [slam_toolbox]: Metric Scores: Initial: 0.570000, IOU: 0.744439, Area: 0.853900, Num Con: 2, Reading: 0.222222, outcome score: 0.555667.
[lifelong_slam_toolbox_node-1] [INFO] [1787309360.049906173] [slam_toolbox]: Metric Scores: Initial: 0.579500, IOU: 0.753643, Area: 0.857528, Num Con: 2, Reading: 0.225000, outcome score: 0.565000.
[lifelong_slam_toolbox_node-1] [INFO] [1787309360.049916373] [slam_toolbox]: Metric Scores: Initial: 0.589333, IOU: 0.763597, Area: 0.863970, Num Con: 2, Reading: 0.227778, outcome score: 0.574667.
[lifelong_slam_toolbox_node-1] W20260821 10:49:20.455127 600212 preprocessor.cc:67] Specified options.num_threads: 50 exceeds maximum available from the threading model Ceres was compiled with: 8.  Bounding to maximum number available.
[lifelong_slam_toolbox_node-1] [INFO] [1787309360.456720479] [slam_toolbox]: Metric Scores: Initial: 0.997959, IOU: 0.922980, Area: 0.956869, Num Con: 2, Reading: 0.683333, outcome score: -1.000000.
[lifelong_slam_toolbox_node-1] [INFO] [1787309360.456771179] [slam_toolbox]: Metric Scores: Initial: 0.960521, IOU: 0.737442, Area: 0.846537, Num Con: 3, Reading: 0.219444, outcome score: 0.959001.
[lifelong_slam_toolbox_node-1] [INFO] [1787309360.456781779] [slam_toolbox]: Metric Scores: Initial: 0.996875, IOU: 0.918430, Area: 0.954444, Num Con: 3, Reading: 0.686111, outcome score: 0.995746.
[lifelong_slam_toolbox_node-1] [INFO] [1787309360.456793479] [slam_toolbox]: Metric Scores: Initial: 0.555667, IOU: 0.746363, Area: 0.852418, Num Con: 2, Reading: 0.222222, outcome score: 0.541333.
[lifelong_slam_toolbox_node-1] [INFO] [1787309360.456802979] [slam_toolbox]: Metric Scores: Initial: 0.995748, IOU: 0.914386, Area: 0.952227, Num Con: 3, Reading: 0.680556, outcome score: 0.994575.
[lifelong_slam_toolbox_node-1] [INFO] [1787309360.456853380] [slam_toolbox]: Metric Scores: Initial: 0.565000, IOU: 0.755598, Area: 0.856045, Num Con: 2, Reading: 0.225000, outcome score: 0.550500.
[lifelong_slam_toolbox_node-1] [INFO] [1787309360.456864880] [slam_toolbox]: Metric Scores: Initial: 0.574667, IOU: 0.765593, Area: 0.862479, Num Con: 2, Reading: 0.227778, outcome score: 0.560000.
[lifelong_slam_toolbox_node-1] 
[lifelong_slam_toolbox_node-1] Solver Summary (v 2.2.0-eigen-(3.4.0)-lapack-suitesparse-(7.6.1)-eigensparse)
[lifelong_slam_toolbox_node-1] 
[lifelong_slam_toolbox_node-1]                                      Original                  Reduced
[lifelong_slam_toolbox_node-1] Parameter blocks                          228                      132
[lifelong_slam_toolbox_node-1] Parameters                                228                      132
[lifelong_slam_toolbox_node-1] Residual blocks                            37                       37
[lifelong_slam_toolbox_node-1] Residuals                                 111                      111
[lifelong_slam_toolbox_node-1] 
[lifelong_slam_toolbox_node-1] Minimizer                        TRUST_REGION
[lifelong_slam_toolbox_node-1] Trust region strategy     LEVENBERG_MARQUARDT
[lifelong_slam_toolbox_node-1] Sparse linear algebra library    SUITE_SPARSE 
[lifelong_slam_toolbox_node-1] 
[lifelong_slam_toolbox_node-1]                                         Given                     Used
[lifelong_slam_toolbox_node-1] Linear solver          SPARSE_NORMAL_CHOLESKY   SPARSE_NORMAL_CHOLESKY
[lifelong_slam_toolbox_node-1] Threads                                    50                        8
[lifelong_slam_toolbox_node-1] Linear solver ordering              AUTOMATIC                      132
[lifelong_slam_toolbox_node-1] 
[lifelong_slam_toolbox_node-1] Cost:
[lifelong_slam_toolbox_node-1] Initial                          4.511292e-02
[lifelong_slam_toolbox_node-1] Final                            1.850001e-06
[lifelong_slam_toolbox_node-1] Change                           4.511107e-02
[lifelong_slam_toolbox_node-1] 
[lifelong_slam_toolbox_node-1] Minimizer iterations                        2
[lifelong_slam_toolbox_node-1] Successful steps                            2
[lifelong_slam_toolbox_node-1] Unsuccessful steps                          0
[lifelong_slam_toolbox_node-1] 
[lifelong_slam_toolbox_node-1] Time (in seconds):
[lifelong_slam_toolbox_node-1] Preprocessor                         0.000230
[lifelong_slam_toolbox_node-1] 
[lifelong_slam_toolbox_node-1]   Residual only evaluation           0.000027 (2)
[lifelong_slam_toolbox_node-1]   Jacobian & residual evaluation     0.000141 (2)
[lifelong_slam_toolbox_node-1]   Linear solver                      0.000222 (2)
[lifelong_slam_toolbox_node-1] Minimizer                            0.000470
[lifelong_slam_toolbox_node-1] 
[lifelong_slam_toolbox_node-1] Postprocessor                        0.000013
[lifelong_slam_toolbox_node-1] Total                                0.000713
[lifelong_slam_toolbox_node-1] 
[lifelong_slam_toolbox_node-1] Termination:                      CONVERGENCE (Parameter tolerance reached. Relative step_norm: 4.040609e-05 <= 1.000000e-03.)
[lifelong_slam_toolbox_node-1] 
[lifelong_slam_toolbox_node-1] 
[lifelong_slam_toolbox_node-1] Solver Summary (v 2.2.0-eigen-(3.4.0)-lapack-suitesparse-(7.6.1)-eigensparse)
[lifelong_slam_toolbox_node-1] 
[lifelong_slam_toolbox_node-1]                                      Original                  Reduced
[lifelong_slam_toolbox_node-1] Parameter blocks                          228                      132
[lifelong_slam_toolbox_node-1] Parameters                                228                      132
[lifelong_slam_toolbox_node-1] Residual blocks                            39                       39
[lifelong_slam_toolbox_node-1] Residuals                                 117                      117
[lifelong_slam_toolbox_node-1] 
[lifelong_slam_toolbox_node-1] Minimizer                        TRUST_REGION
[lifelong_slam_toolbox_node-1] Trust region strategy     LEVENBERG_MARQUARDT
[lifelong_slam_toolbox_node-1] Sparse linear algebra library    SUITE_SPARSE 
[lifelong_slam_toolbox_node-1] 
[lifelong_slam_toolbox_node-1]                                         Given                     Used
[lifelong_slam_toolbox_node-1] Linear solver          SPARSE_NORMAL_CHOLESKY   SPARSE_NORMAL_CHOLESKY
[lifelong_slam_toolbox_node-1] Threads                                    50                        8
[lifelong_slam_toolbox_node-1] Linear solver ordering              AUTOMATIC                      132
[lifelong_slam_toolbox_node-1] 
[lifelong_slam_toolbox_node-1] Cost:
[lifelong_slam_toolbox_node-1] Initial                          1.213225e-01
[lifelong_slam_toolbox_node-1] Final                            5.363956e-06
[lifelong_slam_toolbox_node-1] Change                           1.213172e-01
[lifelong_slam_toolbox_node-1] 
[lifelong_slam_toolbox_node-1] Minimizer iterations                        2
[lifelong_slam_toolbox_node-1] Successful steps                            2
[lifelong_slam_toolbox_node-1] Unsuccessful steps                          0
[lifelong_slam_toolbox_node-1] 
[lifelong_slam_toolbox_node-1] Time (in seconds):
[lifelong_slam_toolbox_node-1] Preprocessor                         0.000269
[lifelong_slam_toolbox_node-1] 
[lifelong_slam_toolbox_node-1]   Residual only evaluation           0.000032 (2)
[lifelong_slam_toolbox_node-1]   Jacobian & residual evaluation     0.000136 (2)
[lifelong_slam_toolbox_node-1]   Linear solver                      0.000230 (2)
[lifelong_slam_toolbox_node-1] Minimizer                            0.000493
[lifelong_slam_toolbox_node-1] 
[lifelong_slam_toolbox_node-1] Postprocessor                        0.000011
[lifelong_slam_toolbox_node-1] Total                                0.000773
[lifelong_slam_toolbox_node-1] 
[lifelong_slam_toolbox_node-1] Termination:                      CONVERGENCE (Parameter tolerance reached. Relative step_norm: 1.761285e-05 <= 1.000000e-03.)
[lifelong_slam_toolbox_node-1] 
[lifelong_slam_toolbox_node-1] [INFO] [1787309360.839495054] [slam_toolbox]: Metric Scores: Initial: 1.000000, IOU: 0.997325, Area: 0.997325, Num Con: 2, Reading: 0.686111, outcome score: -1.000000.
[lifelong_slam_toolbox_node-1] [INFO] [1787309360.839577755] [slam_toolbox]: Metric Scores: Initial: 0.959001, IOU: 0.739446, Area: 0.847874, Num Con: 3, Reading: 0.219444, outcome score: 0.957461.
[lifelong_slam_toolbox_node-1] [INFO] [1787309360.839598655] [slam_toolbox]: Metric Scores: Initial: 0.541333, IOU: 0.748390, Area: 0.853757, Num Con: 2, Reading: 0.222222, outcome score: 0.527000.
[lifelong_slam_toolbox_node-1] [INFO] [1787309360.839617755] [slam_toolbox]: Metric Scores: Initial: 0.550500, IOU: 0.757648, Area: 0.857381, Num Con: 2, Reading: 0.225000, outcome score: 0.536000.
[lifelong_slam_toolbox_node-1] [INFO] [1787309360.839634855] [slam_toolbox]: Metric Scores: Initial: 0.560000, IOU: 0.767671, Area: 0.863818, Num Con: 2, Reading: 0.227778, outcome score: 0.545333.
[lifelong_slam_toolbox_node-1] [INFO] [1787309360.839657355] [slam_toolbox]: Metric Scores: Initial: 1.000000, IOU: 0.934167, Area: 0.965946, Num Con: 2, Reading: 0.683333, outcome score: -1.000000.
[lifelong_slam_toolbox_node-1] [INFO] [1787309361.242805641] [slam_toolbox]: Metric Scores: Initial: 0.957461, IOU: 0.743602, Area: 0.850594, Num Con: 3, Reading: 0.219444, outcome score: 0.955901.
[lifelong_slam_toolbox_node-1] [INFO] [1787309361.242874142] [slam_toolbox]: Metric Scores: Initial: 0.527000, IOU: 0.752599, Area: 0.856484, Num Con: 2, Reading: 0.222222, outcome score: 0.512667.
[lifelong_slam_toolbox_node-1] [INFO] [1787309361.242889342] [slam_toolbox]: Metric Scores: Initial: 0.536000, IOU: 0.761909, Area: 0.860104, Num Con: 2, Reading: 0.225000, outcome score: 0.521500.
[lifelong_slam_toolbox_node-1] [INFO] [1787309361.242903442] [slam_toolbox]: Metric Scores: Initial: 0.545333, IOU: 0.771992, Area: 0.866549, Num Con: 2, Reading: 0.227778, outcome score: 0.530667.
[lifelong_slam_toolbox_node-1] [INFO] [1787309361.637964184] [slam_toolbox]: Metric Scores: Initial: 1.000000, IOU: 0.996669, Area: 0.996788, Num Con: 2, Reading: 0.686111, outcome score: -1.000000.
[lifelong_slam_toolbox_node-1] [INFO] [1787309361.638029084] [slam_toolbox]: Metric Scores: Initial: 0.997959, IOU: 0.989987, Area: 0.993409, Num Con: 2, Reading: 0.686111, outcome score: -1.000000.
[lifelong_slam_toolbox_node-1] [INFO] [1787309361.638064084] [slam_toolbox]: Metric Scores: Initial: 0.955901, IOU: 0.745422, Area: 0.851786, Num Con: 3, Reading: 0.219444, outcome score: 0.954321.
[lifelong_slam_toolbox_node-1] [INFO] [1787309361.638082384] [slam_toolbox]: Metric Scores: Initial: 0.512667, IOU: 0.754440, Area: 0.857677, Num Con: 2, Reading: 0.222222, outcome score: 0.498333.
[lifelong_slam_toolbox_node-1] [INFO] [1787309361.638098184] [slam_toolbox]: Metric Scores: Initial: 0.521500, IOU: 0.763771, Area: 0.861296, Num Con: 2, Reading: 0.225000, outcome score: 0.507000.
[lifelong_slam_toolbox_node-1] [INFO] [1787309361.638115885] [slam_toolbox]: Metric Scores: Initial: 0.530667, IOU: 0.773878, Area: 0.867742, Num Con: 2, Reading: 0.227778, outcome score: 0.516000.
[lifelong_slam_toolbox_node-1] [INFO] [1787309361.638128885] [slam_toolbox]: Metric Scores: Initial: 1.000000, IOU: 0.937432, Area: 0.967674, Num Con: 2, Reading: 0.686111, outcome score: -1.000000.
[lifelong_slam_toolbox_node-1] [INFO] [1787309362.027911198] [slam_toolbox]: Metric Scores: Initial: 0.954321, IOU: 0.749441, Area: 0.854412, Num Con: 3, Reading: 0.219444, outcome score: 0.952719.
[lifelong_slam_toolbox_node-1] [INFO] [1787309362.027977898] [slam_toolbox]: Metric Scores: Initial: 0.498333, IOU: 0.758509, Area: 0.860309, Num Con: 2, Reading: 0.222222, outcome score: 0.484000.
[lifelong_slam_toolbox_node-1] [INFO] [1787309362.027998098] [slam_toolbox]: Metric Scores: Initial: 0.507000, IOU: 0.767889, Area: 0.863924, Num Con: 2, Reading: 0.225000, outcome score: 0.492500.
[lifelong_slam_toolbox_node-1] [INFO] [1787309362.028012099] [slam_toolbox]: Metric Scores: Initial: 0.516000, IOU: 0.778056, Area: 0.870377, Num Con: 2, Reading: 0.227778, outcome score: 0.501333.
[lifelong_slam_toolbox_node-1] [INFO] [1787309362.428596370] [slam_toolbox]: Metric Scores: Initial: 0.952719, IOU: 0.753896, Area: 0.857307, Num Con: 3, Reading: 0.219444, outcome score: 0.951097.
[lifelong_slam_toolbox_node-1] [INFO] [1787309362.428655271] [slam_toolbox]: Metric Scores: Initial: 0.484000, IOU: 0.763025, Area: 0.863212, Num Con: 2, Reading: 0.222222, outcome score: 0.469667.
[lifelong_slam_toolbox_node-1] [INFO] [1787309362.428666271] [slam_toolbox]: Metric Scores: Initial: 1.000000, IOU: 0.939796, Area: 0.968937, Num Con: 3, Reading: 0.683333, outcome score: 0.999000.
[lifelong_slam_toolbox_node-1] [INFO] [1787309362.428676271] [slam_toolbox]: Metric Scores: Initial: 0.492500, IOU: 0.772463, Area: 0.866825, Num Con: 2, Reading: 0.225000, outcome score: 0.478000.
[lifelong_slam_toolbox_node-1] [INFO] [1787309362.428726471] [slam_toolbox]: Metric Scores: Initial: 0.501333, IOU: 0.782698, Area: 0.873288, Num Con: 2, Reading: 0.227778, outcome score: 0.486667.
[lifelong_slam_toolbox_node-1] [INFO] [1787309362.828058236] [slam_toolbox]: Metric Scores: Initial: 0.951097, IOU: 0.757713, Area: 0.859778, Num Con: 3, Reading: 0.219444, outcome score: 0.949453.
[lifelong_slam_toolbox_node-1] [INFO] [1787309362.828115437] [slam_toolbox]: Metric Scores: Initial: 1.000000, IOU: 0.937315, Area: 0.967621, Num Con: 2, Reading: 0.683333, outcome score: -1.000000.
[lifelong_slam_toolbox_node-1] [INFO] [1787309362.828126337] [slam_toolbox]: Metric Scores: Initial: 0.469667, IOU: 0.766890, Area: 0.865688, Num Con: 2, Reading: 0.222222, outcome score: 0.455333.
[lifelong_slam_toolbox_node-1] [INFO] [1787309362.828136337] [slam_toolbox]: Metric Scores: Initial: 0.999000, IOU: 0.932315, Area: 0.964947, Num Con: 3, Reading: 0.683333, outcome score: 0.997959.
[lifelong_slam_toolbox_node-1] [INFO] [1787309362.828145937] [slam_toolbox]: Metric Scores: Initial: 0.478000, IOU: 0.776375, Area: 0.869298, Num Con: 2, Reading: 0.225000, outcome score: 0.463500.
[lifelong_slam_toolbox_node-1] [INFO] [1787309362.828155237] [slam_toolbox]: Metric Scores: Initial: 0.486667, IOU: 0.786665, Area: 0.875767, Num Con: 2, Reading: 0.227778, outcome score: 0.472000.
[lifelong_slam_toolbox_node-1] [INFO] [1787309363.229322912] [slam_toolbox]: Metric Scores: Initial: 1.000000, IOU: 0.941692, Area: 0.969953, Num Con: 2, Reading: 0.686111, outcome score: -1.000000.
[lifelong_slam_toolbox_node-1] [INFO] [1787309363.229374712] [slam_toolbox]: Metric Scores: Initial: 0.949453, IOU: 0.763802, Area: 0.863694, Num Con: 3, Reading: 0.219444, outcome score: 0.947787.
[lifelong_slam_toolbox_node-1] [INFO] [1787309363.229385712] [slam_toolbox]: Metric Scores: Initial: 0.455333, IOU: 0.773062, Area: 0.869617, Num Con: 2, Reading: 0.222222, outcome score: 0.441000.
[lifelong_slam_toolbox_node-1] [INFO] [1787309363.229396112] [slam_toolbox]: Metric Scores: Initial: 0.463500, IOU: 0.782625, Area: 0.873223, Num Con: 2, Reading: 0.225000, outcome score: 0.449000.
[lifelong_slam_toolbox_node-1] [INFO] [1787309363.229407212] [slam_toolbox]: Metric Scores: Initial: 0.472000, IOU: 0.793010, Area: 0.879706, Num Con: 2, Reading: 0.227778, outcome score: 0.457333.
[lifelong_slam_toolbox_node-1] [INFO] [1787309363.628766278] [slam_toolbox]: Metric Scores: Initial: 1.000000, IOU: 0.992177, Area: 0.994531, Num Con: 2, Reading: 0.680556, outcome score: -1.000000.
[lifelong_slam_toolbox_node-1] [INFO] [1787309363.628853578] [slam_toolbox]: Metric Scores: Initial: 0.947787, IOU: 0.768851, Area: 0.866922, Num Con: 3, Reading: 0.219444, outcome score: 0.946100.
[lifelong_slam_toolbox_node-1] [INFO] [1787309363.628864078] [slam_toolbox]: Metric Scores: Initial: 0.441000, IOU: 0.778177, Area: 0.872853, Num Con: 2, Reading: 0.222222, outcome score: 0.426667.
[lifelong_slam_toolbox_node-1] [INFO] [1787309363.628873178] [slam_toolbox]: Metric Scores: Initial: 0.449000, IOU: 0.787804, Area: 0.876455, Num Con: 2, Reading: 0.225000, outcome score: 0.434500.
[lifelong_slam_toolbox_node-1] [INFO] [1787309363.628882278] [slam_toolbox]: Metric Scores: Initial: 0.457333, IOU: 0.798266, Area: 0.882948, Num Con: 2, Reading: 0.227778, outcome score: 0.442667.
[lifelong_slam_toolbox_node-1] [INFO] [1787309364.028285644] [slam_toolbox]: Metric Scores: Initial: 1.000000, IOU: 0.943592, Area: 0.970971, Num Con: 2, Reading: 0.686111, outcome score: -1.000000.
[lifelong_slam_toolbox_node-1] [INFO] [1787309364.028347144] [slam_toolbox]: Metric Scores: Initial: 0.946100, IOU: 0.774884, Area: 0.870754, Num Con: 3, Reading: 0.219444, outcome score: 0.944390.
[lifelong_slam_toolbox_node-1] [INFO] [1787309364.028358944] [slam_toolbox]: Metric Scores: Initial: 0.426667, IOU: 0.784292, Area: 0.876697, Num Con: 2, Reading: 0.222222, outcome score: 0.412333.
[lifelong_slam_toolbox_node-1] [INFO] [1787309364.028368844] [slam_toolbox]: Metric Scores: Initial: 0.434500, IOU: 0.793998, Area: 0.880296, Num Con: 2, Reading: 0.225000, outcome score: 0.420000.
[lifelong_slam_toolbox_node-1] [INFO] [1787309364.028379444] [slam_toolbox]: Metric Scores: Initial: 0.442667, IOU: 0.804553, Area: 0.886801, Num Con: 2, Reading: 0.227778, outcome score: 0.428000.
[lifelong_slam_toolbox_node-1] [INFO] [1787309364.427628609] [slam_toolbox]: Metric Scores: Initial: 1.000000, IOU: 0.940428, Area: 0.969293, Num Con: 2, Reading: 0.683333, outcome score: -1.000000.
[lifelong_slam_toolbox_node-1] [INFO] [1787309364.427688009] [slam_toolbox]: Metric Scores: Initial: 0.944390, IOU: 0.781330, Area: 0.874813, Num Con: 3, Reading: 0.219444, outcome score: 0.942658.
[lifelong_slam_toolbox_node-1] [INFO] [1787309364.427735409] [slam_toolbox]: Metric Scores: Initial: 0.412333, IOU: 0.790827, Area: 0.880769, Num Con: 2, Reading: 0.222222, outcome score: 0.398000.
[lifelong_slam_toolbox_node-1] [INFO] [1787309364.427746509] [slam_toolbox]: Metric Scores: Initial: 0.420000, IOU: 0.800617, Area: 0.884364, Num Con: 2, Reading: 0.225000, outcome score: 0.405500.
[lifelong_slam_toolbox_node-1] [INFO] [1787309364.427756410] [slam_toolbox]: Metric Scores: Initial: 0.428000, IOU: 0.811273, Area: 0.890884, Num Con: 2, Reading: 0.227778, outcome score: 0.413333.
[lifelong_slam_toolbox_node-1] W20260821 10:49:24.886292 600212 preprocessor.cc:67] Specified options.num_threads: 50 exceeds maximum available from the threading model Ceres was compiled with: 8.  Bounding to maximum number available.
[lifelong_slam_toolbox_node-1] [INFO] [1787309364.888619308] [slam_toolbox]: Metric Scores: Initial: 0.942658, IOU: 0.787906, Area: 0.878932, Num Con: 3, Reading: 0.219444, outcome score: 0.940903.
[lifelong_slam_toolbox_node-1] [INFO] [1787309364.888679509] [slam_toolbox]: Metric Scores: Initial: 0.398000, IOU: 0.797492, Area: 0.884899, Num Con: 2, Reading: 0.222222, outcome score: 0.383667.
[lifelong_slam_toolbox_node-1] [INFO] [1787309364.888698209] [slam_toolbox]: Metric Scores: Initial: 0.405500, IOU: 0.807367, Area: 0.888490, Num Con: 2, Reading: 0.225000, outcome score: 0.391000.
[lifelong_slam_toolbox_node-1] [INFO] [1787309364.888717409] [slam_toolbox]: Metric Scores: Initial: 0.413333, IOU: 0.818125, Area: 0.895022, Num Con: 2, Reading: 0.227778, outcome score: 0.398667.
[lifelong_slam_toolbox_node-1] [INFO] [1787309365.247081352] [slam_toolbox]: Metric Scores: Initial: 0.940903, IOU: 0.797325, Area: 0.884769, Num Con: 3, Reading: 0.219444, outcome score: 0.939125.
[lifelong_slam_toolbox_node-1] [INFO] [1787309365.247137452] [slam_toolbox]: Metric Scores: Initial: 0.383667, IOU: 0.807044, Area: 0.890756, Num Con: 2, Reading: 0.222222, outcome score: 0.369333.
[lifelong_slam_toolbox_node-1] [INFO] [1787309365.247150452] [slam_toolbox]: Metric Scores: Initial: 0.391000, IOU: 0.817043, Area: 0.894342, Num Con: 2, Reading: 0.225000, outcome score: 0.376500.
[lifelong_slam_toolbox_node-1] [INFO] [1787309365.247161752] [slam_toolbox]: Metric Scores: Initial: 0.398667, IOU: 0.827953, Area: 0.900896, Num Con: 2, Reading: 0.227778, outcome score: 0.384000.
[lifelong_slam_toolbox_node-1] [INFO] [1787309365.247178252] [slam_toolbox]: Metric Scores: Initial: 1.000000, IOU: 0.928772, Area: 0.963061, Num Con: 2, Reading: 0.683333, outcome score: -1.000000.
[lifelong_slam_toolbox_node-1] 
[lifelong_slam_toolbox_node-1] Solver Summary (v 2.2.0-eigen-(3.4.0)-lapack-suitesparse-(7.6.1)-eigensparse)
[lifelong_slam_toolbox_node-1] 
[lifelong_slam_toolbox_node-1]                                      Original                  Reduced
[lifelong_slam_toolbox_node-1] Parameter blocks                          228                      129
[lifelong_slam_toolbox_node-1] Parameters                                228                      129
[lifelong_slam_toolbox_node-1] Residual blocks                            37                       37
[lifelong_slam_toolbox_node-1] Residuals                                 111                      111
[lifelong_slam_toolbox_node-1] 
[lifelong_slam_toolbox_node-1] Minimizer                        TRUST_REGION
[lifelong_slam_toolbox_node-1] Trust region strategy     LEVENBERG_MARQUARDT
[lifelong_slam_toolbox_node-1] Sparse linear algebra library    SUITE_SPARSE 
[lifelong_slam_toolbox_node-1] 
[lifelong_slam_toolbox_node-1]                                         Given                     Used
[lifelong_slam_toolbox_node-1] Linear solver          SPARSE_NORMAL_CHOLESKY   SPARSE_NORMAL_CHOLESKY
[lifelong_slam_toolbox_node-1] Threads                                    50                        8
[lifelong_slam_toolbox_node-1] Linear solver ordering              AUTOMATIC                      129
[lifelong_slam_toolbox_node-1] 
[lifelong_slam_toolbox_node-1] Cost:
[lifelong_slam_toolbox_node-1] Initial                          6.852464e-02
[lifelong_slam_toolbox_node-1] Final                            3.223837e-06
[lifelong_slam_toolbox_node-1] Change                           6.852141e-02
[lifelong_slam_toolbox_node-1] 
[lifelong_slam_toolbox_node-1] Minimizer iterations                        2
[lifelong_slam_toolbox_node-1] Successful steps                            2
[lifelong_slam_toolbox_node-1] Unsuccessful steps                          0
[lifelong_slam_toolbox_node-1] 
[lifelong_slam_toolbox_node-1] Time (in seconds):
[lifelong_slam_toolbox_node-1] Preprocessor                         0.000287
[lifelong_slam_toolbox_node-1] 
[lifelong_slam_toolbox_node-1]   Residual only evaluation           0.000039 (2)
[lifelong_slam_toolbox_node-1]   Jacobian & residual evaluation     0.000182 (2)
[lifelong_slam_toolbox_node-1]   Linear solver                      0.000302 (2)
[lifelong_slam_toolbox_node-1] Minimizer                            0.000627
[lifelong_slam_toolbox_node-1] 
[lifelong_slam_toolbox_node-1] Postprocessor                        0.000013
[lifelong_slam_toolbox_node-1] Total                                0.000927
[lifelong_slam_toolbox_node-1] 
[lifelong_slam_toolbox_node-1] Termination:                      CONVERGENCE (Parameter tolerance reached. Relative step_norm: 5.475054e-05 <= 1.000000e-03.)
[lifelong_slam_toolbox_node-1] 
[lifelong_slam_toolbox_node-1] [INFO] [1787309365.648210327] [slam_toolbox]: Metric Scores: Initial: 1.000000, IOU: 0.992498, Area: 0.994732, Num Con: 2, Reading: 0.672222, outcome score: -1.000000.
[lifelong_slam_toolbox_node-1] [INFO] [1787309365.648320727] [slam_toolbox]: Metric Scores: Initial: 0.939125, IOU: 0.804955, Area: 0.889460, Num Con: 3, Reading: 0.219444, outcome score: 0.937323.
[lifelong_slam_toolbox_node-1] [INFO] [1787309365.648335527] [slam_toolbox]: Metric Scores: Initial: 0.369333, IOU: 0.814782, Area: 0.895462, Num Con: 2, Reading: 0.222222, outcome score: 0.355000.
[lifelong_slam_toolbox_node-1] [INFO] [1787309365.648348427] [slam_toolbox]: Metric Scores: Initial: 0.376500, IOU: 0.824883, Area: 0.899044, Num Con: 2, Reading: 0.225000, outcome score: 0.362000.
[lifelong_slam_toolbox_node-1] [INFO] [1787309365.648361027] [slam_toolbox]: Metric Scores: Initial: 0.384000, IOU: 0.835915, Area: 0.905615, Num Con: 2, Reading: 0.227778, outcome score: 0.369333.
[lifelong_slam_toolbox_node-1] [INFO] [1787309366.050394907] [slam_toolbox]: Metric Scores: Initial: 0.937323, IOU: 0.814332, Area: 0.896534, Num Con: 3, Reading: 0.219444, outcome score: 0.935498.
[lifelong_slam_toolbox_node-1] [INFO] [1787309366.050453707] [slam_toolbox]: Metric Scores: Initial: 0.355000, IOU: 0.824286, Area: 0.902560, Num Con: 2, Reading: 0.222222, outcome score: 0.340667.
[lifelong_slam_toolbox_node-1] [INFO] [1787309366.050467807] [slam_toolbox]: Metric Scores: Initial: 0.362000, IOU: 0.834508, Area: 0.906136, Num Con: 2, Reading: 0.225000, outcome score: 0.347500.
[lifelong_slam_toolbox_node-1] [INFO] [1787309366.050480908] [slam_toolbox]: Metric Scores: Initial: 0.369333, IOU: 0.845684, Area: 0.912733, Num Con: 2, Reading: 0.227778, outcome score: 0.354667.
[lifelong_slam_toolbox_node-1] [INFO] [1787309366.050491608] [slam_toolbox]: Metric Scores: Initial: 1.000000, IOU: 0.916811, Area: 0.958050, Num Con: 3, Reading: 0.683333, outcome score: 0.999000.
[lifelong_slam_toolbox_node-1] [INFO] [1787309366.448695367] [slam_toolbox]: Metric Scores: Initial: 0.935498, IOU: 0.823323, Area: 0.901973, Num Con: 3, Reading: 0.219444, outcome score: 0.933649.
[lifelong_slam_toolbox_node-1] [INFO] [1787309366.448759167] [slam_toolbox]: Metric Scores: Initial: 0.340667, IOU: 0.833401, Area: 0.908014, Num Con: 2, Reading: 0.222222, outcome score: 0.326333.
[lifelong_slam_toolbox_node-1] [INFO] [1787309366.448773367] [slam_toolbox]: Metric Scores: Initial: 0.347500, IOU: 0.843741, Area: 0.911585, Num Con: 2, Reading: 0.225000, outcome score: 0.333000.
[lifelong_slam_toolbox_node-1] [INFO] [1787309366.448784967] [slam_toolbox]: Metric Scores: Initial: 1.000000, IOU: 0.912007, Area: 0.955438, Num Con: 2, Reading: 0.686111, outcome score: -1.000000.
[lifelong_slam_toolbox_node-1] [INFO] [1787309366.448794967] [slam_toolbox]: Metric Scores: Initial: 0.354667, IOU: 0.855059, Area: 0.918198, Num Con: 2, Reading: 0.227778, outcome score: -1.000000.
[lifelong_slam_toolbox_node-1] [INFO] [1787309366.448805267] [slam_toolbox]: Metric Scores: Initial: 0.999000, IOU: 0.906399, Area: 0.952354, Num Con: 3, Reading: 0.683333, outcome score: 0.997959.
[lifelong_slam_toolbox_node-1] [INFO] [1787309366.848831336] [slam_toolbox]: Metric Scores: Initial: 1.000000, IOU: 0.996438, Area: 0.996744, Num Con: 2, Reading: 0.661111, outcome score: -1.000000.
[lifelong_slam_toolbox_node-1] [INFO] [1787309366.848915136] [slam_toolbox]: Metric Scores: Initial: 0.933649, IOU: 0.832702, Area: 0.906196, Num Con: 3, Reading: 0.219444, outcome score: 0.931775.
[lifelong_slam_toolbox_node-1] [INFO] [1787309366.848928436] [slam_toolbox]: Metric Scores: Initial: 0.326333, IOU: 0.842923, Area: 0.912251, Num Con: 2, Reading: 0.222222, outcome score: 0.312000.
[lifelong_slam_toolbox_node-1] [INFO] [1787309366.848938236] [slam_toolbox]: Metric Scores: Initial: 1.000000, IOU: 0.906167, Area: 0.950771, Num Con: 2, Reading: 0.683333, outcome score: -1.000000.
[lifelong_slam_toolbox_node-1] [INFO] [1787309367.237493743] [slam_toolbox]: Metric Scores: Initial: 0.931775, IOU: 0.843809, Area: 0.912751, Num Con: 3, Reading: 0.436111, outcome score: 0.928990.
[lifelong_slam_toolbox_node-1] [INFO] [1787309367.237547843] [slam_toolbox]: Metric Scores: Initial: 0.312000, IOU: 0.854192, Area: 0.918827, Num Con: 2, Reading: 0.436111, outcome score: -1.000000.
[lifelong_slam_toolbox_node-1] [INFO] [1787309367.640920930] [slam_toolbox]: Metric Scores: Initial: 1.000000, IOU: 0.896486, Area: 0.945415, Num Con: 2, Reading: 0.441667, outcome score: -1.000000.
[lifelong_slam_toolbox_node-1] [INFO] [1787309367.640995031] [slam_toolbox]: Metric Scores: Initial: 0.928990, IOU: 0.854257, Area: 0.918846, Num Con: 2, Reading: 0.436111, outcome score: -1.000000.
[lifelong_slam_toolbox_node-1] [INFO] [1787309368.036244974] [slam_toolbox]: Metric Scores: Initial: 1.000000, IOU: 0.889403, Area: 0.941458, Num Con: 2, Reading: 0.441667, outcome score: -1.000000.
[lifelong_slam_toolbox_node-1] [INFO] [1787309368.828625070] [slam_toolbox]: Metric Scores: Initial: 1.000000, IOU: 0.882946, Area: 0.937829, Num Con: 3, Reading: 0.444444, outcome score: 0.999000.
[lifelong_slam_toolbox_node-1] [INFO] [1787309369.251654863] [slam_toolbox]: Metric Scores: Initial: 1.000000, IOU: 0.880610, Area: 0.936512, Num Con: 2, Reading: 0.438889, outcome score: -1.000000.
[lifelong_slam_toolbox_node-1] [INFO] [1787309369.251709063] [slam_toolbox]: Metric Scores: Initial: 0.999000, IOU: 0.869977, Area: 0.930456, Num Con: 3, Reading: 0.444444, outcome score: 0.997973.
[lifelong_slam_toolbox_node-1] W20260821 10:49:29.655553 600212 preprocessor.cc:67] Specified options.num_threads: 50 exceeds maximum available from the threading model Ceres was compiled with: 8.  Bounding to maximum number available.
[lifelong_slam_toolbox_node-1] [INFO] [1787309369.657588064] [slam_toolbox]: Metric Scores: Initial: 1.000000, IOU: 0.996757, Area: 0.997211, Num Con: 2, Reading: 0.605556, outcome score: -1.000000.
[lifelong_slam_toolbox_node-1] [INFO] [1787309369.657641264] [slam_toolbox]: Metric Scores: Initial: 0.997973, IOU: 0.861650, Area: 0.927880, Num Con: 2, Reading: 0.444444, outcome score: -1.000000.
[lifelong_slam_toolbox_node-1] [INFO] [1787309370.030659086] [slam_toolbox]: Metric Scores: Initial: 1.000000, IOU: 0.876806, Area: 0.931022, Num Con: 3, Reading: 0.433333, outcome score: 0.999000.
[lifelong_slam_toolbox_node-1] W20260821 10:49:30.464644 600212 preprocessor.cc:67] Specified options.num_threads: 50 exceeds maximum available from the threading model Ceres was compiled with: 8.  Bounding to maximum number available.
[lifelong_slam_toolbox_node-1] [INFO] [1787309370.466364649] [slam_toolbox]: Metric Scores: Initial: 1.000000, IOU: 0.877772, Area: 0.931439, Num Con: 2, Reading: 0.433333, outcome score: -1.000000.
[lifelong_slam_toolbox_node-1] [INFO] [1787309370.466408449] [slam_toolbox]: Metric Scores: Initial: 0.999000, IOU: 0.868017, Area: 0.925939, Num Con: 3, Reading: 0.433333, outcome score: 0.997974.
[lifelong_slam_toolbox_node-1] 
[lifelong_slam_toolbox_node-1] Solver Summary (v 2.2.0-eigen-(3.4.0)-lapack-suitesparse-(7.6.1)-eigensparse)
[lifelong_slam_toolbox_node-1] 
[lifelong_slam_toolbox_node-1]                                      Original                  Reduced
[lifelong_slam_toolbox_node-1] Parameter blocks                          231                      132
[lifelong_slam_toolbox_node-1] Parameters                                231                      132
[lifelong_slam_toolbox_node-1] Residual blocks                            38                       38
[lifelong_slam_toolbox_node-1] Residuals                                 114                      114
[lifelong_slam_toolbox_node-1] 
[lifelong_slam_toolbox_node-1] Minimizer                        TRUST_REGION
[lifelong_slam_toolbox_node-1] Trust region strategy     LEVENBERG_MARQUARDT
[lifelong_slam_toolbox_node-1] Sparse linear algebra library    SUITE_SPARSE 
[lifelong_slam_toolbox_node-1] 
[lifelong_slam_toolbox_node-1]                                         Given                     Used
[lifelong_slam_toolbox_node-1] Linear solver          SPARSE_NORMAL_CHOLESKY   SPARSE_NORMAL_CHOLESKY
[lifelong_slam_toolbox_node-1] Threads                                    50                        8
[lifelong_slam_toolbox_node-1] Linear solver ordering              AUTOMATIC                      132
[lifelong_slam_toolbox_node-1] 
[lifelong_slam_toolbox_node-1] Cost:
[lifelong_slam_toolbox_node-1] Initial                          4.498677e-01
[lifelong_slam_toolbox_node-1] Final                            1.834845e-05
[lifelong_slam_toolbox_node-1] Change                           4.498493e-01
[lifelong_slam_toolbox_node-1] 
[lifelong_slam_toolbox_node-1] Minimizer iterations                        2
[lifelong_slam_toolbox_node-1] Successful steps                            2
[lifelong_slam_toolbox_node-1] Unsuccessful steps                          0
[lifelong_slam_toolbox_node-1] 
[lifelong_slam_toolbox_node-1] Time (in seconds):
[lifelong_slam_toolbox_node-1] Preprocessor                         0.000229
[lifelong_slam_toolbox_node-1] 
[lifelong_slam_toolbox_node-1]   Residual only evaluation           0.000090 (2)
[lifelong_slam_toolbox_node-1]   Jacobian & residual evaluation     0.000166 (2)
[lifelong_slam_toolbox_node-1]   Linear solver                      0.000298 (2)
[lifelong_slam_toolbox_node-1] Minimizer                            0.000779
[lifelong_slam_toolbox_node-1] 
[lifelong_slam_toolbox_node-1] Postprocessor                        0.000023
[lifelong_slam_toolbox_node-1] Total                                0.001031
[lifelong_slam_toolbox_node-1] 
[lifelong_slam_toolbox_node-1] Termination:                      CONVERGENCE (Parameter tolerance reached. Relative step_norm: 1.067205e-04 <= 1.000000e-03.)
[lifelong_slam_toolbox_node-1] 
[lifelong_slam_toolbox_node-1] 
[lifelong_slam_toolbox_node-1] Solver Summary (v 2.2.0-eigen-(3.4.0)-lapack-suitesparse-(7.6.1)-eigensparse)
[lifelong_slam_toolbox_node-1] 
[lifelong_slam_toolbox_node-1]                                      Original                  Reduced
[lifelong_slam_toolbox_node-1] Parameter blocks                          231                      135
[lifelong_slam_toolbox_node-1] Parameters                                231                      135
[lifelong_slam_toolbox_node-1] Residual blocks                            38                       38
[lifelong_slam_toolbox_node-1] Residuals                                 114                      114
[lifelong_slam_toolbox_node-1] 
[lifelong_slam_toolbox_node-1] Minimizer                        TRUST_REGION
[lifelong_slam_toolbox_node-1] Trust region strategy     LEVENBERG_MARQUARDT
[lifelong_slam_toolbox_node-1] Sparse linear algebra library    SUITE_SPARSE 
[lifelong_slam_toolbox_node-1] 
[lifelong_slam_toolbox_node-1]                                         Given                     Used
[lifelong_slam_toolbox_node-1] Linear solver          SPARSE_NORMAL_CHOLESKY   SPARSE_NORMAL_CHOLESKY
[lifelong_slam_toolbox_node-1] Threads                                    50                        8
[lifelong_slam_toolbox_node-1] Linear solver ordering              AUTOMATIC                      135
[lifelong_slam_toolbox_node-1] 
[lifelong_slam_toolbox_node-1] Cost:
[lifelong_slam_toolbox_node-1] Initial                          3.560748e-01
[lifelong_slam_toolbox_node-1] Final                            1.787764e-06
[lifelong_slam_toolbox_node-1] Change                           3.560731e-01
[lifelong_slam_toolbox_node-1] 
[lifelong_slam_toolbox_node-1] Minimizer iterations                        2
[lifelong_slam_toolbox_node-1] Successful steps                            2
[lifelong_slam_toolbox_node-1] Unsuccessful steps                          0
[lifelong_slam_toolbox_node-1] 
[lifelong_slam_toolbox_node-1] Time (in seconds):
[lifelong_slam_toolbox_node-1] Preprocessor                         0.000248
[lifelong_slam_toolbox_node-1] 
[lifelong_slam_toolbox_node-1]   Residual only evaluation           0.000050 (2)
[lifelong_slam_toolbox_node-1]   Jacobian & residual evaluation     0.000152 (2)
[lifelong_slam_toolbox_node-1]   Linear solver                      0.000256 (2)
[lifelong_slam_toolbox_node-1] Minimizer                            0.000587
[lifelong_slam_toolbox_node-1] 
[lifelong_slam_toolbox_node-1] Postprocessor                        0.000012
[lifelong_slam_toolbox_node-1] Total                                0.000847
[lifelong_slam_toolbox_node-1] 
[lifelong_slam_toolbox_node-1] Termination:                      CONVERGENCE (Parameter tolerance reached. Relative step_norm: 7.286362e-06 <= 1.000000e-03.)
[lifelong_slam_toolbox_node-1] 
[lifelong_slam_toolbox_node-1] [INFO] [1787309371.231968099] [slam_toolbox]: Metric Scores: Initial: 1.000000, IOU: 0.997295, Area: 0.998666, Num Con: 2, Reading: 0.605556, outcome score: -1.000000.
[lifelong_slam_toolbox_node-1] [INFO] [1787309371.232063400] [slam_toolbox]: Metric Scores: Initial: 1.000000, IOU: 0.875588, Area: 0.931967, Num Con: 3, Reading: 0.600000, outcome score: 0.999000.
[lifelong_slam_toolbox_node-1] [INFO] [1787309371.633064274] [slam_toolbox]: Metric Scores: Initial: 1.000000, IOU: 0.875684, Area: 0.931996, Num Con: 2, Reading: 0.541667, outcome score: -1.000000.
[lifelong_slam_toolbox_node-1] [INFO] [1787309371.633129274] [slam_toolbox]: Metric Scores: Initial: 0.999000, IOU: 0.864976, Area: 0.925909, Num Con: 3, Reading: 0.541667, outcome score: 0.997968.
[lifelong_slam_toolbox_node-1] [INFO] [1787309372.039119375] [slam_toolbox]: Metric Scores: Initial: 1.000000, IOU: 0.879954, Area: 0.936154, Num Con: 2, Reading: 0.422222, outcome score: -1.000000.
[lifelong_slam_toolbox_node-1] [INFO] [1787309372.430221395] [slam_toolbox]: Metric Scores: Initial: 1.000000, IOU: 0.992925, Area: 0.996464, Num Con: 2, Reading: 0.616667, outcome score: -1.000000.
[lifelong_slam_toolbox_node-1] [INFO] [1787309372.829909762] [slam_toolbox]: Metric Scores: Initial: 1.000000, IOU: 0.883321, Area: 0.936922, Num Con: 3, Reading: 0.405556, outcome score: 0.999000.
[lifelong_slam_toolbox_node-1] [INFO] [1787309373.235288560] [slam_toolbox]: Metric Scores: Initial: 1.000000, IOU: 0.994467, Area: 0.997245, Num Con: 2, Reading: 0.625000, outcome score: -1.000000.
[lifelong_slam_toolbox_node-1] [INFO] [1787309373.235384860] [slam_toolbox]: Metric Scores: Initial: 1.000000, IOU: 0.890503, Area: 0.940966, Num Con: 2, Reading: 0.408333, outcome score: -1.000000.
[lifelong_slam_toolbox_node-1] [INFO] [1787309373.235399460] [slam_toolbox]: Metric Scores: Initial: 0.999000, IOU: 0.877426, Area: 0.933581, Num Con: 3, Reading: 0.405556, outcome score: 0.997976.
[lifelong_slam_toolbox_node-1] [INFO] [1787309373.639838453] [slam_toolbox]: Metric Scores: Initial: 1.000000, IOU: 0.893643, Area: 0.942728, Num Con: 2, Reading: 0.411111, outcome score: -1.000000.
[lifelong_slam_toolbox_node-1] [INFO] [1787309374.430531140] [slam_toolbox]: Metric Scores: Initial: 1.000000, IOU: 0.994502, Area: 0.997267, Num Con: 2, Reading: 0.636111, outcome score: -1.000000.
[lifelong_slam_toolbox_node-1] [INFO] [1787309374.430609740] [slam_toolbox]: Metric Scores: Initial: 1.000000, IOU: 0.901688, Area: 0.947214, Num Con: 4, Reading: 0.419444, outcome score: 0.999000.
[lifelong_slam_toolbox_node-1] [INFO] [1787309374.844586784] [slam_toolbox]: Metric Scores: Initial: 1.000000, IOU: 0.910009, Area: 0.951804, Num Con: 2, Reading: 0.425000, outcome score: -1.000000.
[lifelong_slam_toolbox_node-1] [INFO] [1787309374.844655085] [slam_toolbox]: Metric Scores: Initial: 0.999000, IOU: 0.895490, Area: 0.943779, Num Con: 4, Reading: 0.419444, outcome score: 0.997975.
[lifelong_slam_toolbox_node-1] W20260821 10:49:35.253858 600212 preprocessor.cc:67] Specified options.num_threads: 50 exceeds maximum available from the threading model Ceres was compiled with: 8.  Bounding to maximum number available.
[lifelong_slam_toolbox_node-1] [INFO] [1787309375.255501712] [slam_toolbox]: Metric Scores: Initial: 1.000000, IOU: 0.999609, Area: 0.999824, Num Con: 2, Reading: 0.647222, outcome score: -1.000000.
[lifelong_slam_toolbox_node-1] [INFO] [1787309375.255545812] [slam_toolbox]: Metric Scores: Initial: 0.986628, IOU: 0.985548, Area: 0.990581, Num Con: 2, Reading: 0.650000, outcome score: -1.000000.
[lifelong_slam_toolbox_node-1] [INFO] [1787309375.255559512] [slam_toolbox]: Metric Scores: Initial: 0.997975, IOU: 0.890978, Area: 0.941255, Num Con: 3, Reading: 0.419444, outcome score: 0.996924.
[lifelong_slam_toolbox_node-1] 
[lifelong_slam_toolbox_node-1] Solver Summary (v 2.2.0-eigen-(3.4.0)-lapack-suitesparse-(7.6.1)-eigensparse)
[lifelong_slam_toolbox_node-1] 
[lifelong_slam_toolbox_node-1]                                      Original                  Reduced
[lifelong_slam_toolbox_node-1] Parameter blocks                          237                      156
[lifelong_slam_toolbox_node-1] Parameters                                237                      156
[lifelong_slam_toolbox_node-1] Residual blocks                            42                       42
[lifelong_slam_toolbox_node-1] Residuals                                 126                      126
[lifelong_slam_toolbox_node-1] 
[lifelong_slam_toolbox_node-1] Minimizer                        TRUST_REGION
[lifelong_slam_toolbox_node-1] Trust region strategy     LEVENBERG_MARQUARDT
[lifelong_slam_toolbox_node-1] Sparse linear algebra library    SUITE_SPARSE 
[lifelong_slam_toolbox_node-1] 
[lifelong_slam_toolbox_node-1]                                         Given                     Used
[lifelong_slam_toolbox_node-1] Linear solver          SPARSE_NORMAL_CHOLESKY   SPARSE_NORMAL_CHOLESKY
[lifelong_slam_toolbox_node-1] Threads                                    50                        8
[lifelong_slam_toolbox_node-1] Linear solver ordering              AUTOMATIC                      156
[lifelong_slam_toolbox_node-1] 
[lifelong_slam_toolbox_node-1] Cost:
[lifelong_slam_toolbox_node-1] Initial                          2.373309e-01
[lifelong_slam_toolbox_node-1] Final                            3.622440e-03
[lifelong_slam_toolbox_node-1] Change                           2.337085e-01
[lifelong_slam_toolbox_node-1] 
[lifelong_slam_toolbox_node-1] Minimizer iterations                        2
[lifelong_slam_toolbox_node-1] Successful steps                            2
[lifelong_slam_toolbox_node-1] Unsuccessful steps                          0
[lifelong_slam_toolbox_node-1] 
[lifelong_slam_toolbox_node-1] Time (in seconds):
[lifelong_slam_toolbox_node-1] Preprocessor                         0.000237
[lifelong_slam_toolbox_node-1] 
[lifelong_slam_toolbox_node-1]   Residual only evaluation           0.000072 (2)
[lifelong_slam_toolbox_node-1]   Jacobian & residual evaluation     0.000154 (2)
[lifelong_slam_toolbox_node-1]   Linear solver                      0.000255 (2)
[lifelong_slam_toolbox_node-1] Minimizer                            0.000572
[lifelong_slam_toolbox_node-1] 
[lifelong_slam_toolbox_node-1] Postprocessor                        0.000011
[lifelong_slam_toolbox_node-1] Total                                0.000820
[lifelong_slam_toolbox_node-1] 
[lifelong_slam_toolbox_node-1] Termination:                      CONVERGENCE (Parameter tolerance reached. Relative step_norm: 9.501559e-06 <= 1.000000e-03.)
[lifelong_slam_toolbox_node-1] 
[lifelong_slam_toolbox_node-1] W20260821 10:49:35.656608 600212 preprocessor.cc:67] Specified options.num_threads: 50 exceeds maximum available from the threading model Ceres was compiled with: 8.  Bounding to maximum number available.
[lifelong_slam_toolbox_node-1] [INFO] [1787309375.658635397] [slam_toolbox]: Metric Scores: Initial: 1.000000, IOU: 0.925144, Area: 0.962086, Num Con: 2, Reading: 0.611111, outcome score: -1.000000.
[lifelong_slam_toolbox_node-1] [INFO] [1787309376.029718309] [slam_toolbox]: Metric Scores: Initial: 1.000000, IOU: 0.998415, Area: 0.999768, Num Con: 2, Reading: 0.650000, outcome score: -1.000000.
[lifelong_slam_toolbox_node-1] [INFO] [1787309376.029781109] [slam_toolbox]: Metric Scores: Initial: 0.997961, IOU: 0.993749, Area: 0.997402, Num Con: 2, Reading: 0.650000, outcome score: -1.000000.
[lifelong_slam_toolbox_node-1] [INFO] [1787309376.428169769] [slam_toolbox]: Metric Scores: Initial: 1.000000, IOU: 0.934680, Area: 0.966282, Num Con: 2, Reading: 0.622222, outcome score: -1.000000.
[lifelong_slam_toolbox_node-1] [INFO] [1787309377.228979210] [slam_toolbox]: Metric Scores: Initial: 1.000000, IOU: 0.946374, Area: 0.972481, Num Con: 2, Reading: 0.627778, outcome score: -1.000000.
[lifelong_slam_toolbox_node-1] [INFO] [1787309377.628752778] [slam_toolbox]: Metric Scores: Initial: 1.000000, IOU: 0.952700, Area: 0.975794, Num Con: 2, Reading: 0.633333, outcome score: -1.000000.
[lifelong_slam_toolbox_node-1] [INFO] [1787309378.028235243] [slam_toolbox]: Metric Scores: Initial: 1.000000, IOU: 0.998379, Area: 0.999756, Num Con: 2, Reading: 0.655556, outcome score: -1.000000.
[lifelong_slam_toolbox_node-1] [INFO] [1787309378.028287643] [slam_toolbox]: Metric Scores: Initial: 0.997961, IOU: 0.995983, Area: 0.998559, Num Con: 2, Reading: 0.655556, outcome score: -1.000000.
[lifelong_slam_toolbox_node-1] [INFO] [1787309378.428209811] [slam_toolbox]: Metric Scores: Initial: 1.000000, IOU: 0.964388, Area: 0.981868, Num Con: 2, Reading: 0.638889, outcome score: -1.000000.
[lifelong_slam_toolbox_node-1] [INFO] [1787309378.828067179] [slam_toolbox]: Metric Scores: Initial: 1.000000, IOU: 0.995429, Area: 0.996178, Num Con: 2, Reading: 0.655556, outcome score: -1.000000.
[lifelong_slam_toolbox_node-1] [INFO] [1787309379.228135448] [slam_toolbox]: Metric Scores: Initial: 1.000000, IOU: 0.995993, Area: 0.997003, Num Con: 2, Reading: 0.655556, outcome score: -1.000000.
[lifelong_slam_toolbox_node-1] [INFO] [1787309379.228201048] [slam_toolbox]: Metric Scores: Initial: 0.997961, IOU: 0.995710, Area: 0.996879, Num Con: 2, Reading: 0.655556, outcome score: -1.000000.
[lifelong_slam_toolbox_node-1] [INFO] [1787309379.228233748] [slam_toolbox]: Metric Scores: Initial: 1.000000, IOU: 0.956364, Area: 0.977704, Num Con: 2, Reading: 0.647222, outcome score: -1.000000.
[lifelong_slam_toolbox_node-1] [INFO] [1787309379.633890947] [slam_toolbox]: Metric Scores: Initial: 1.000000, IOU: 0.958080, Area: 0.978574, Num Con: 2, Reading: 0.647222, outcome score: -1.000000.
[lifelong_slam_toolbox_node-1] W20260821 10:49:40.069550 600212 preprocessor.cc:67] Specified options.num_threads: 50 exceeds maximum available from the threading model Ceres was compiled with: 8.  Bounding to maximum number available.
[lifelong_slam_toolbox_node-1] [INFO] [1787309380.447360757] [slam_toolbox]: Metric Scores: Initial: 1.000000, IOU: 0.959423, Area: 0.979130, Num Con: 3, Reading: 0.650000, outcome score: 0.999000.
[lifelong_slam_toolbox_node-1] 
[lifelong_slam_toolbox_node-1] Solver Summary (v 2.2.0-eigen-(3.4.0)-lapack-suitesparse-(7.6.1)-eigensparse)
[lifelong_slam_toolbox_node-1] 
[lifelong_slam_toolbox_node-1]                                      Original                  Reduced
[lifelong_slam_toolbox_node-1] Parameter blocks                          234                      153
[lifelong_slam_toolbox_node-1] Parameters                                234                      153
[lifelong_slam_toolbox_node-1] Residual blocks                            40                       40
[lifelong_slam_toolbox_node-1] Residuals                                 120                      120
[lifelong_slam_toolbox_node-1] 
[lifelong_slam_toolbox_node-1] Minimizer                        TRUST_REGION
[lifelong_slam_toolbox_node-1] Trust region strategy     LEVENBERG_MARQUARDT
[lifelong_slam_toolbox_node-1] Sparse linear algebra library    SUITE_SPARSE 
[lifelong_slam_toolbox_node-1] 
[lifelong_slam_toolbox_node-1]                                         Given                     Used
[lifelong_slam_toolbox_node-1] Linear solver          SPARSE_NORMAL_CHOLESKY   SPARSE_NORMAL_CHOLESKY
[lifelong_slam_toolbox_node-1] Threads                                    50                        8
[lifelong_slam_toolbox_node-1] Linear solver ordering              AUTOMATIC                      153
[lifelong_slam_toolbox_node-1] 
[lifelong_slam_toolbox_node-1] Cost:
[lifelong_slam_toolbox_node-1] Initial                          1.049615e-02
[lifelong_slam_toolbox_node-1] Final                            2.240195e-07
[lifelong_slam_toolbox_node-1] Change                           1.049592e-02
[lifelong_slam_toolbox_node-1] 
[lifelong_slam_toolbox_node-1] Minimizer iterations                        2
[lifelong_slam_toolbox_node-1] Successful steps                            2
[lifelong_slam_toolbox_node-1] Unsuccessful steps                          0
[lifelong_slam_toolbox_node-1] 
[lifelong_slam_toolbox_node-1] Time (in seconds):
[lifelong_slam_toolbox_node-1] Preprocessor                         0.000267
[lifelong_slam_toolbox_node-1] 
[lifelong_slam_toolbox_node-1]   Residual only evaluation           0.000043 (2)
[lifelong_slam_toolbox_node-1]   Jacobian & residual evaluation     0.000212 (2)
[lifelong_slam_toolbox_node-1]   Linear solver                      0.000294 (2)
[lifelong_slam_toolbox_node-1] Minimizer                            0.000691
[lifelong_slam_toolbox_node-1] 
[lifelong_slam_toolbox_node-1] Postprocessor                        0.000019
[lifelong_slam_toolbox_node-1] Total                                0.000977
[lifelong_slam_toolbox_node-1] 
[lifelong_slam_toolbox_node-1] Termination:                      CONVERGENCE (Parameter tolerance reached. Relative step_norm: 1.161909e-05 <= 1.000000e-03.)
[lifelong_slam_toolbox_node-1] 
[lifelong_slam_toolbox_node-1] 
[lifelong_slam_toolbox_node-1] Solver Summary (v 2.2.0-eigen-(3.4.0)-lapack-suitesparse-(7.6.1)-eigensparse)
[lifelong_slam_toolbox_node-1] 
[lifelong_slam_toolbox_node-1]                                      Original                  Reduced
[lifelong_slam_toolbox_node-1] Parameter blocks                          225                      132
[lifelong_slam_toolbox_node-1] Parameters                                225                      132
[lifelong_slam_toolbox_node-1] Residual blocks                            36                       36
[lifelong_slam_toolbox_node-1] Residuals                                 108                      108
[lifelong_slam_toolbox_node-1] 
[lifelong_slam_toolbox_node-1] Minimizer                        TRUST_REGION
[lifelong_slam_toolbox_node-1] Trust region strategy     LEVENBERG_MARQUARDT
[lifelong_slam_toolbox_node-1] Sparse linear algebra library    SUITE_SPARSE 
[lifelong_slam_toolbox_node-1] 
[lifelong_slam_toolbox_node-1]                                         Given                     Used
[lifelong_slam_toolbox_node-1] Linear solver          SPARSE_NORMAL_CHOLESKY   SPARSE_NORMAL_CHOLESKY
[lifelong_slam_toolbox_node-1] Threads                                    50                        8
[lifelong_slam_toolbox_node-1] Linear solver ordering              AUTOMATIC                      132
[lifelong_slam_toolbox_node-1] 
[lifelong_slam_toolbox_node-1] Cost:
[lifelong_slam_toolbox_node-1] Initial                          1.314311e-01
[lifelong_slam_toolbox_node-1] Final                            7.011196e-06
[lifelong_slam_toolbox_node-1] Change                           1.314241e-01
[lifelong_slam_toolbox_node-1] 
[lifelong_slam_toolbox_node-1] Minimizer iterations                        2
[lifelong_slam_toolbox_node-1] Successful steps                            2
[lifelong_slam_toolbox_node-1] Unsuccessful steps                          0
[lifelong_slam_toolbox_node-1] 
[lifelong_slam_toolbox_node-1] Time (in seconds):
[lifelong_slam_toolbox_node-1] Preprocessor                         0.000261
[lifelong_slam_toolbox_node-1] 
[lifelong_slam_toolbox_node-1]   Residual only evaluation           0.000171 (2)
[lifelong_slam_toolbox_node-1]   Jacobian & residual evaluation     0.000171 (2)
[lifelong_slam_toolbox_node-1]   Linear solver                      0.000309 (2)
[lifelong_slam_toolbox_node-1] Minimizer                            0.000787
[lifelong_slam_toolbox_node-1] 
[lifelong_slam_toolbox_node-1] Postprocessor                        0.000016
[lifelong_slam_toolbox_node-1] Total                                0.001065
[lifelong_slam_toolbox_node-1] 
[lifelong_slam_toolbox_node-1] Termination:                      CONVERGENCE (Parameter tolerance reached. Relative step_norm: 6.952804e-05 <= 1.000000e-03.)
[lifelong_slam_toolbox_node-1] 
[lifelong_slam_toolbox_node-1] [INFO] [1787309380.828325922] [slam_toolbox]: Metric Scores: Initial: 1.000000, IOU: 0.996020, Area: 0.996020, Num Con: 2, Reading: 0.652778, outcome score: -1.000000.
[lifelong_slam_toolbox_node-1] [INFO] [1787309380.828405323] [slam_toolbox]: Metric Scores: Initial: 1.000000, IOU: 0.958715, Area: 0.978933, Num Con: 2, Reading: 0.652778, outcome score: -1.000000.
[lifelong_slam_toolbox_node-1] [INFO] [1787309380.828415723] [slam_toolbox]: Metric Scores: Initial: 0.999000, IOU: 0.957144, Area: 0.978113, Num Con: 3, Reading: 0.650000, outcome score: 0.997961.
[lifelong_slam_toolbox_node-1] [INFO] [1787309381.228333891] [slam_toolbox]: Metric Scores: Initial: 1.000000, IOU: 0.954852, Area: 0.976910, Num Con: 2, Reading: 0.652778, outcome score: -1.000000.
[lifelong_slam_toolbox_node-1] [INFO] [1787309381.628649861] [slam_toolbox]: Metric Scores: Initial: 1.000000, IOU: 0.995990, Area: 0.995990, Num Con: 2, Reading: 0.650000, outcome score: -1.000000.
[lifelong_slam_toolbox_node-1] [INFO] [1787309381.628727661] [slam_toolbox]: Metric Scores: Initial: 1.000000, IOU: 0.959555, Area: 0.979384, Num Con: 2, Reading: 0.655556, outcome score: -1.000000.
[lifelong_slam_toolbox_node-1] [INFO] [1787309382.429037100] [slam_toolbox]: Metric Scores: Initial: 1.000000, IOU: 0.957456, Area: 0.978270, Num Con: 2, Reading: 0.655556, outcome score: -1.000000.
[lifelong_slam_toolbox_node-1] [INFO] [1787309383.229893841] [slam_toolbox]: Metric Scores: Initial: 1.000000, IOU: 0.940363, Area: 0.969256, Num Con: 2, Reading: 0.655556, outcome score: -1.000000.
[lifelong_slam_toolbox_node-1] [INFO] [1787309384.029325074] [slam_toolbox]: Metric Scores: Initial: 1.000000, IOU: 0.921912, Area: 0.959181, Num Con: 4, Reading: 0.655556, outcome score: 0.999000.
[lifelong_slam_toolbox_node-1] [INFO] [1787309384.429628944] [slam_toolbox]: Metric Scores: Initial: 0.333000, IOU: 0.989993, Area: 0.989993, Num Con: 2, Reading: 0.622222, outcome score: -1.000000.
[lifelong_slam_toolbox_node-1] [INFO] [1787309384.429710745] [slam_toolbox]: Metric Scores: Initial: 1.000000, IOU: 0.915007, Area: 0.955592, Num Con: 2, Reading: 0.652778, outcome score: -1.000000.
[lifelong_slam_toolbox_node-1] [INFO] [1787309384.429720745] [slam_toolbox]: Metric Scores: Initial: 0.999000, IOU: 0.909891, Area: 0.952631, Num Con: 4, Reading: 0.655556, outcome score: 0.997961.
[lifelong_slam_toolbox_node-1] W20260821 10:49:44.879741 600212 preprocessor.cc:67] Specified options.num_threads: 50 exceeds maximum available from the threading model Ceres was compiled with: 8.  Bounding to maximum number available.
[lifelong_slam_toolbox_node-1] [INFO] [1787309384.881451293] [slam_toolbox]: Metric Scores: Initial: 0.997961, IOU: 0.896831, Area: 0.945414, Num Con: 3, Reading: 0.655556, outcome score: 0.996880.
[lifelong_slam_toolbox_node-1] [INFO] [1787309385.228984377] [slam_toolbox]: Metric Scores: Initial: 0.970000, IOU: 0.984501, Area: 0.984501, Num Con: 2, Reading: 0.611111, outcome score: -1.000000.
[lifelong_slam_toolbox_node-1] [INFO] [1787309385.229049878] [slam_toolbox]: Metric Scores: Initial: 0.996880, IOU: 0.883281, Area: 0.937819, Num Con: 3, Reading: 0.655556, outcome score: 0.995758.
[lifelong_slam_toolbox_node-1] [INFO] [1787309385.229078478] [slam_toolbox]: Metric Scores: Initial: 1.000000, IOU: 0.897316, Area: 0.945857, Num Con: 2, Reading: 0.652778, outcome score: -1.000000.
[lifelong_slam_toolbox_node-1] 
[lifelong_slam_toolbox_node-1] Solver Summary (v 2.2.0-eigen-(3.4.0)-lapack-suitesparse-(7.6.1)-eigensparse)
[lifelong_slam_toolbox_node-1] 
[lifelong_slam_toolbox_node-1]                                      Original                  Reduced
[lifelong_slam_toolbox_node-1] Parameter blocks                          234                      150
[lifelong_slam_toolbox_node-1] Parameters                                234                      150
[lifelong_slam_toolbox_node-1] Residual blocks                            41                       41
[lifelong_slam_toolbox_node-1] Residuals                                 123                      123
[lifelong_slam_toolbox_node-1] 
[lifelong_slam_toolbox_node-1] Minimizer                        TRUST_REGION
[lifelong_slam_toolbox_node-1] Trust region strategy     LEVENBERG_MARQUARDT
[lifelong_slam_toolbox_node-1] Sparse linear algebra library    SUITE_SPARSE 
[lifelong_slam_toolbox_node-1] 
[lifelong_slam_toolbox_node-1]                                         Given                     Used
[lifelong_slam_toolbox_node-1] Linear solver          SPARSE_NORMAL_CHOLESKY   SPARSE_NORMAL_CHOLESKY
[lifelong_slam_toolbox_node-1] Threads                                    50                        8
[lifelong_slam_toolbox_node-1] Linear solver ordering              AUTOMATIC                      150
[lifelong_slam_toolbox_node-1] 
[lifelong_slam_toolbox_node-1] Cost:
[lifelong_slam_toolbox_node-1] Initial                          1.231667e-01
[lifelong_slam_toolbox_node-1] Final                            1.797248e-06
[lifelong_slam_toolbox_node-1] Change                           1.231649e-01
[lifelong_slam_toolbox_node-1] 
[lifelong_slam_toolbox_node-1] Minimizer iterations                        2
[lifelong_slam_toolbox_node-1] Successful steps                            2
[lifelong_slam_toolbox_node-1] Unsuccessful steps                          0
[lifelong_slam_toolbox_node-1] 
[lifelong_slam_toolbox_node-1] Time (in seconds):
[lifelong_slam_toolbox_node-1] Preprocessor                         0.000236
[lifelong_slam_toolbox_node-1] 
[lifelong_slam_toolbox_node-1]   Residual only evaluation           0.000037 (2)
[lifelong_slam_toolbox_node-1]   Jacobian & residual evaluation     0.000178 (2)
[lifelong_slam_toolbox_node-1]   Linear solver                      0.000264 (2)
[lifelong_slam_toolbox_node-1] Minimizer                            0.000607
[lifelong_slam_toolbox_node-1] 
[lifelong_slam_toolbox_node-1] Postprocessor                        0.000012
[lifelong_slam_toolbox_node-1] Total                                0.000855
[lifelong_slam_toolbox_node-1] 
[lifelong_slam_toolbox_node-1] Termination:                      CONVERGENCE (Parameter tolerance reached. Relative step_norm: 3.133659e-05 <= 1.000000e-03.)
[lifelong_slam_toolbox_node-1] 
[lifelong_slam_toolbox_node-1] [INFO] [1787309385.627587938] [slam_toolbox]: Metric Scores: Initial: 0.995758, IOU: 0.869348, Area: 0.929901, Num Con: 3, Reading: 0.655556, outcome score: 0.994591.
[lifelong_slam_toolbox_node-1] [INFO] [1787309386.034172042] [slam_toolbox]: Metric Scores: Initial: 0.994591, IOU: 0.856286, Area: 0.922379, Num Con: 3, Reading: 0.405556, outcome score: 0.993459.
[lifelong_slam_toolbox_node-1] [INFO] [1787309386.034268242] [slam_toolbox]: Metric Scores: Initial: 1.000000, IOU: 0.882228, Area: 0.937416, Num Con: 2, Reading: 0.411111, outcome score: -1.000000.
[lifelong_slam_toolbox_node-1] [INFO] [1787309386.436365822] [slam_toolbox]: Metric Scores: Initial: 0.993459, IOU: 0.844169, Area: 0.915306, Num Con: 3, Reading: 0.405556, outcome score: 0.992300.
[lifelong_slam_toolbox_node-1] [INFO] [1787309386.436446822] [slam_toolbox]: Metric Scores: Initial: 1.000000, IOU: 0.877087, Area: 0.934515, Num Con: 2, Reading: 0.411111, outcome score: -1.000000.
[lifelong_slam_toolbox_node-1] [INFO] [1787309386.834959783] [slam_toolbox]: Metric Scores: Initial: 0.992300, IOU: 0.829319, Area: 0.906495, Num Con: 3, Reading: 0.402778, outcome score: 0.991114.
[lifelong_slam_toolbox_node-1] [INFO] [1787309386.835042883] [slam_toolbox]: Metric Scores: Initial: 1.000000, IOU: 0.868791, Area: 0.929772, Num Con: 2, Reading: 0.411111, outcome score: -1.000000.
[lifelong_slam_toolbox_node-1] [INFO] [1787309387.226272504] [slam_toolbox]: Metric Scores: Initial: 0.991114, IOU: 0.812920, Area: 0.896598, Num Con: 3, Reading: 0.402778, outcome score: 0.989899.
[lifelong_slam_toolbox_node-1] [INFO] [1787309387.226344304] [slam_toolbox]: Metric Scores: Initial: 1.000000, IOU: 0.860965, Area: 0.925264, Num Con: 2, Reading: 0.405556, outcome score: -1.000000.
[lifelong_slam_toolbox_node-1] [INFO] [1787309387.627360478] [slam_toolbox]: Metric Scores: Initial: 0.989899, IOU: 0.797482, Area: 0.887124, Num Con: 3, Reading: 0.186111, outcome score: 0.988786.
[lifelong_slam_toolbox_node-1] [INFO] [1787309388.027370846] [slam_toolbox]: Metric Scores: Initial: 1.000000, IOU: 0.996750, Area: 0.996750, Num Con: 2, Reading: 0.697222, outcome score: -1.000000.
[lifelong_slam_toolbox_node-1] [INFO] [1787309388.027449447] [slam_toolbox]: Metric Scores: Initial: 0.988786, IOU: 0.783673, Area: 0.878497, Num Con: 3, Reading: 0.186111, outcome score: 0.987661.
[lifelong_slam_toolbox_node-1] [INFO] [1787309388.027468647] [slam_toolbox]: Metric Scores: Initial: 1.000000, IOU: 0.848859, Area: 0.918217, Num Con: 2, Reading: 0.222222, outcome score: 0.985667.
[lifelong_slam_toolbox_node-1] [INFO] [1787309388.433164046] [slam_toolbox]: Metric Scores: Initial: 0.987661, IOU: 0.772106, Area: 0.871178, Num Con: 3, Reading: 0.186111, outcome score: 0.986523.
[lifelong_slam_toolbox_node-1] [INFO] [1787309388.433226646] [slam_toolbox]: Metric Scores: Initial: 1.000000, IOU: 0.847115, Area: 0.917193, Num Con: 2, Reading: 0.225000, outcome score: 0.985500.
[lifelong_slam_toolbox_node-1] [INFO] [1787309388.433237046] [slam_toolbox]: Metric Scores: Initial: 0.985667, IOU: 0.836231, Area: 0.910776, Num Con: 2, Reading: 0.222222, outcome score: 0.971333.
[lifelong_slam_toolbox_node-1] [INFO] [1787309388.827173781] [slam_toolbox]: Metric Scores: Initial: 1.000000, IOU: 0.995258, Area: 0.995258, Num Con: 2, Reading: 0.702778, outcome score: -1.000000.
[lifelong_slam_toolbox_node-1] [INFO] [1787309388.827264082] [slam_toolbox]: Metric Scores: Initial: 0.986523, IOU: 0.762929, Area: 0.865509, Num Con: 3, Reading: 0.186111, outcome score: 0.985373.
[lifelong_slam_toolbox_node-1] [INFO] [1787309388.827275082] [slam_toolbox]: Metric Scores: Initial: 1.000000, IOU: 0.848305, Area: 0.918102, Num Con: 3, Reading: 0.227778, outcome score: 0.999000.
[lifelong_slam_toolbox_node-1] [INFO] [1787309388.827287682] [slam_toolbox]: Metric Scores: Initial: 0.985500, IOU: 0.836971, Area: 0.911429, Num Con: 2, Reading: 0.225000, outcome score: 0.971000.
[lifelong_slam_toolbox_node-1] [INFO] [1787309388.827296882] [slam_toolbox]: Metric Scores: Initial: 0.971333, IOU: 0.826234, Area: 0.905027, Num Con: 2, Reading: 0.222222, outcome score: 0.957000.
[lifelong_slam_toolbox_node-1] [INFO] [1787309389.226091344] [slam_toolbox]: Metric Scores: Initial: 1.000000, IOU: 0.990328, Area: 0.992798, Num Con: 2, Reading: 0.697222, outcome score: -1.000000.
[lifelong_slam_toolbox_node-1] [INFO] [1787309389.226146744] [slam_toolbox]: Metric Scores: Initial: 0.996873, IOU: 0.980401, Area: 0.987744, Num Con: 3, Reading: 0.700000, outcome score: 0.995742.
[lifelong_slam_toolbox_node-1] [INFO] [1787309389.226160744] [slam_toolbox]: Metric Scores: Initial: 0.997958, IOU: 0.972558, Area: 0.983761, Num Con: 2, Reading: 0.697222, outcome score: -1.000000.
[lifelong_slam_toolbox_node-1] [INFO] [1787309389.226207644] [slam_toolbox]: Metric Scores: Initial: 0.985373, IOU: 0.752471, Area: 0.858727, Num Con: 3, Reading: 0.186111, outcome score: 0.984210.
[lifelong_slam_toolbox_node-1] [INFO] [1787309389.226287345] [slam_toolbox]: Metric Scores: Initial: 0.999000, IOU: 0.836545, Area: 0.911159, Num Con: 3, Reading: 0.227778, outcome score: 0.997986.
[lifelong_slam_toolbox_node-1] [INFO] [1787309389.226303445] [slam_toolbox]: Metric Scores: Initial: 1.000000, IOU: 0.849250, Area: 0.918651, Num Con: 2, Reading: 0.233333, outcome score: 0.985000.
[lifelong_slam_toolbox_node-1] [INFO] [1787309389.226313345] [slam_toolbox]: Metric Scores: Initial: 0.971000, IOU: 0.825390, Area: 0.904508, Num Con: 2, Reading: 0.225000, outcome score: 0.956500.
[lifelong_slam_toolbox_node-1] [INFO] [1787309389.226324445] [slam_toolbox]: Metric Scores: Initial: 0.957000, IOU: 0.814822, Area: 0.898127, Num Con: 2, Reading: 0.222222, outcome score: 0.942667.
[lifelong_slam_toolbox_node-1] [INFO] [1787309389.626645915] [slam_toolbox]: Metric Scores: Initial: 1.000000, IOU: 0.989930, Area: 0.993393, Num Con: 2, Reading: 0.700000, outcome score: -1.000000.
[lifelong_slam_toolbox_node-1] [INFO] [1787309389.626717115] [slam_toolbox]: Metric Scores: Initial: 1.000000, IOU: 0.855550, Area: 0.922343, Num Con: 3, Reading: 0.233333, outcome score: 0.999000.
[lifelong_slam_toolbox_node-1] [INFO] [1787309389.626726715] [slam_toolbox]: Metric Scores: Initial: 0.984210, IOU: 0.746186, Area: 0.854633, Num Con: 3, Reading: 0.186111, outcome score: 0.983033.
[lifelong_slam_toolbox_node-1] [INFO] [1787309389.626735315] [slam_toolbox]: Metric Scores: Initial: 0.997986, IOU: 0.829522, Area: 0.906992, Num Con: 3, Reading: 0.227778, outcome score: 0.996959.
[lifelong_slam_toolbox_node-1] [INFO] [1787309389.626743215] [slam_toolbox]: Metric Scores: Initial: 0.985000, IOU: 0.842104, Area: 0.914470, Num Con: 2, Reading: 0.233333, outcome score: 0.970000.
[lifelong_slam_toolbox_node-1] [INFO] [1787309389.626751715] [slam_toolbox]: Metric Scores: Initial: 0.956500, IOU: 0.818471, Area: 0.900352, Num Con: 2, Reading: 0.225000, outcome score: 0.942000.
[lifelong_slam_toolbox_node-1] [INFO] [1787309389.626760015] [slam_toolbox]: Metric Scores: Initial: 0.942667, IOU: 0.808000, Area: 0.893982, Num Con: 2, Reading: 0.222222, outcome score: 0.928333.
[lifelong_slam_toolbox_node-1] [INFO] [1787309390.029051096] [slam_toolbox]: Metric Scores: Initial: 1.000000, IOU: 0.859016, Area: 0.924348, Num Con: 3, Reading: 0.452778, outcome score: 0.999000.
[lifelong_slam_toolbox_node-1] [INFO] [1787309390.029103096] [slam_toolbox]: Metric Scores: Initial: 0.999000, IOU: 0.846114, Area: 0.916832, Num Con: 3, Reading: 0.233333, outcome score: 0.997986.
[lifelong_slam_toolbox_node-1] [INFO] [1787309390.029113496] [slam_toolbox]: Metric Scores: Initial: 0.983033, IOU: 0.738049, Area: 0.849271, Num Con: 3, Reading: 0.186111, outcome score: 0.981844.
[lifelong_slam_toolbox_node-1] [INFO] [1787309390.029122896] [slam_toolbox]: Metric Scores: Initial: 0.996959, IOU: 0.820409, Area: 0.901519, Num Con: 3, Reading: 0.227778, outcome score: 0.995917.
[lifelong_slam_toolbox_node-1] [INFO] [1787309390.029132297] [slam_toolbox]: Metric Scores: Initial: 0.970000, IOU: 0.832832, Area: 0.908976, Num Con: 2, Reading: 0.233333, outcome score: 0.955000.
[lifelong_slam_toolbox_node-1] [INFO] [1787309390.029141997] [slam_toolbox]: Metric Scores: Initial: 0.942000, IOU: 0.809494, Area: 0.894895, Num Con: 2, Reading: 0.225000, outcome score: 0.927500.
[lifelong_slam_toolbox_node-1] [INFO] [1787309390.029151397] [slam_toolbox]: Metric Scores: Initial: 0.928333, IOU: 0.799151, Area: 0.888540, Num Con: 2, Reading: 0.222222, outcome score: 0.914000.
[lifelong_slam_toolbox_node-1] [INFO] [1787309390.427216154] [slam_toolbox]: Metric Scores: Initial: 1.000000, IOU: 0.864648, Area: 0.929036, Num Con: 3, Reading: 0.455556, outcome score: 0.999000.
[lifelong_slam_toolbox_node-1] [INFO] [1787309390.427269555] [slam_toolbox]: Metric Scores: Initial: 0.999000, IOU: 0.852368, Area: 0.921917, Num Con: 3, Reading: 0.452778, outcome score: 0.997973.
[lifelong_slam_toolbox_node-1] [INFO] [1787309390.427283355] [slam_toolbox]: Metric Scores: Initial: 0.997986, IOU: 0.839590, Area: 0.914409, Num Con: 3, Reading: 0.233333, outcome score: 0.996958.
[lifelong_slam_toolbox_node-1] [INFO] [1787309390.427292955] [slam_toolbox]: Metric Scores: Initial: 0.981844, IOU: 0.732529, Area: 0.846919, Num Con: 3, Reading: 0.186111, outcome score: 0.980641.
[lifelong_slam_toolbox_node-1] [INFO] [1787309390.427304655] [slam_toolbox]: Metric Scores: Initial: 0.995917, IOU: 0.814134, Area: 0.899113, Num Con: 3, Reading: 0.227778, outcome score: 0.994861.
[lifelong_slam_toolbox_node-1] [INFO] [1787309390.427313455] [slam_toolbox]: Metric Scores: Initial: 0.955000, IOU: 0.826436, Area: 0.906561, Num Con: 2, Reading: 0.233333, outcome score: 0.940000.
[lifelong_slam_toolbox_node-1] [INFO] [1787309390.427322755] [slam_toolbox]: Metric Scores: Initial: 0.927500, IOU: 0.803322, Area: 0.892497, Num Con: 2, Reading: 0.225000, outcome score: 0.913000.
[lifelong_slam_toolbox_node-1] [INFO] [1787309390.427364855] [slam_toolbox]: Metric Scores: Initial: 0.914000, IOU: 0.793076, Area: 0.886148, Num Con: 2, Reading: 0.222222, outcome score: 0.899667.
[lifelong_slam_toolbox_node-1] [INFO] [1787309390.828087827] [slam_toolbox]: Metric Scores: Initial: 1.000000, IOU: 0.872899, Area: 0.932318, Num Con: 3, Reading: 0.466667, outcome score: 0.999000.
[lifelong_slam_toolbox_node-1] [INFO] [1787309390.828141027] [slam_toolbox]: Metric Scores: Initial: 0.999000, IOU: 0.857434, Area: 0.923416, Num Con: 3, Reading: 0.455556, outcome score: 0.997973.
[lifelong_slam_toolbox_node-1] [INFO] [1787309390.828156027] [slam_toolbox]: Metric Scores: Initial: 0.997973, IOU: 0.845259, Area: 0.916315, Num Con: 3, Reading: 0.452778, outcome score: 0.996918.
[lifelong_slam_toolbox_node-1] [INFO] [1787309390.828168828] [slam_toolbox]: Metric Scores: Initial: 0.996958, IOU: 0.832594, Area: 0.908827, Num Con: 3, Reading: 0.233333, outcome score: 0.995915.
[lifelong_slam_toolbox_node-1] [INFO] [1787309390.828179628] [slam_toolbox]: Metric Scores: Initial: 0.980641, IOU: 0.726435, Area: 0.841520, Num Con: 3, Reading: 0.186111, outcome score: 0.979425.
[lifelong_slam_toolbox_node-1] [INFO] [1787309390.828201828] [slam_toolbox]: Metric Scores: Initial: 0.994861, IOU: 0.807361, Area: 0.893575, Num Con: 3, Reading: 0.227778, outcome score: 0.993791.
[lifelong_slam_toolbox_node-1] [INFO] [1787309390.828217428] [slam_toolbox]: Metric Scores: Initial: 0.940000, IOU: 0.819554, Area: 0.901001, Num Con: 2, Reading: 0.233333, outcome score: 0.925000.
[lifelong_slam_toolbox_node-1] [INFO] [1787309390.828228728] [slam_toolbox]: Metric Scores: Initial: 0.913000, IOU: 0.796642, Area: 0.886977, Num Con: 2, Reading: 0.225000, outcome score: 0.898500.
[lifelong_slam_toolbox_node-1] [INFO] [1787309390.828238228] [slam_toolbox]: Metric Scores: Initial: 0.899667, IOU: 0.786484, Area: 0.880646, Num Con: 2, Reading: 0.222222, outcome score: 0.885333.
[lifelong_slam_toolbox_node-1] [INFO] [1787309391.228808399] [slam_toolbox]: Metric Scores: Initial: 1.000000, IOU: 0.884213, Area: 0.938749, Num Con: 3, Reading: 0.480556, outcome score: 0.999000.
[lifelong_slam_toolbox_node-1] [INFO] [1787309391.228860399] [slam_toolbox]: Metric Scores: Initial: 0.999000, IOU: 0.866528, Area: 0.928679, Num Con: 3, Reading: 0.466667, outcome score: 0.997972.
[lifelong_slam_toolbox_node-1] [INFO] [1787309391.228871100] [slam_toolbox]: Metric Scores: Initial: 0.997973, IOU: 0.851193, Area: 0.919792, Num Con: 3, Reading: 0.455556, outcome score: 0.996917.
[lifelong_slam_toolbox_node-1] [INFO] [1787309391.228884200] [slam_toolbox]: Metric Scores: Initial: 0.996918, IOU: 0.839120, Area: 0.912703, Num Con: 3, Reading: 0.452778, outcome score: 0.995834.
[lifelong_slam_toolbox_node-1] [INFO] [1787309391.228896000] [slam_toolbox]: Metric Scores: Initial: 0.995915, IOU: 0.826562, Area: 0.905229, Num Con: 3, Reading: 0.233333, outcome score: 0.994858.
[lifelong_slam_toolbox_node-1] [INFO] [1787309391.228906200] [slam_toolbox]: Metric Scores: Initial: 0.979425, IOU: 0.721258, Area: 0.838042, Num Con: 3, Reading: 0.186111, outcome score: 0.978195.
[lifelong_slam_toolbox_node-1] [INFO] [1787309391.228915500] [slam_toolbox]: Metric Scores: Initial: 0.993791, IOU: 0.801539, Area: 0.890004, Num Con: 3, Reading: 0.227778, outcome score: 0.992706.
[lifelong_slam_toolbox_node-1] [INFO] [1787309391.228923900] [slam_toolbox]: Metric Scores: Initial: 0.925000, IOU: 0.813629, Area: 0.897416, Num Con: 2, Reading: 0.233333, outcome score: 0.910000.
[lifelong_slam_toolbox_node-1] [INFO] [1787309391.228932800] [slam_toolbox]: Metric Scores: Initial: 0.898500, IOU: 0.790909, Area: 0.883418, Num Con: 2, Reading: 0.225000, outcome score: 0.884000.
[lifelong_slam_toolbox_node-1] [INFO] [1787309391.228942400] [slam_toolbox]: Metric Scores: Initial: 0.885333, IOU: 0.780833, Area: 0.877099, Num Con: 2, Reading: 0.222222, outcome score: 0.871000.
[lifelong_slam_toolbox_node-1] [INFO] [1787309391.626823357] [slam_toolbox]: Metric Scores: Initial: 1.000000, IOU: 0.995222, Area: 0.995222, Num Con: 2, Reading: 0.691667, outcome score: -1.000000.
[lifelong_slam_toolbox_node-1] [INFO] [1787309391.626902257] [slam_toolbox]: Metric Scores: Initial: 1.000000, IOU: 0.896226, Area: 0.945470, Num Con: 2, Reading: 0.686111, outcome score: -1.000000.
[lifelong_slam_toolbox_node-1] [INFO] [1787309391.626912857] [slam_toolbox]: Metric Scores: Initial: 0.999000, IOU: 0.878903, Area: 0.935743, Num Con: 3, Reading: 0.480556, outcome score: 0.997971.
[lifelong_slam_toolbox_node-1] [INFO] [1787309391.626922957] [slam_toolbox]: Metric Scores: Initial: 0.997972, IOU: 0.861343, Area: 0.925688, Num Con: 3, Reading: 0.466667, outcome score: 0.996915.
[lifelong_slam_toolbox_node-1] [INFO] [1787309391.626932357] [slam_toolbox]: Metric Scores: Initial: 0.996917, IOU: 0.846116, Area: 0.916815, Num Con: 3, Reading: 0.455556, outcome score: 0.995833.
[lifelong_slam_toolbox_node-1] [INFO] [1787309391.626944457] [slam_toolbox]: Metric Scores: Initial: 0.995834, IOU: 0.834127, Area: 0.909736, Num Con: 3, Reading: 0.452778, outcome score: 0.994721.
[lifelong_slam_toolbox_node-1] [INFO] [1787309391.626991757] [slam_toolbox]: Metric Scores: Initial: 0.994858, IOU: 0.821656, Area: 0.902274, Num Con: 3, Reading: 0.233333, outcome score: 0.993786.
[lifelong_slam_toolbox_node-1] [INFO] [1787309391.627003257] [slam_toolbox]: Metric Scores: Initial: 0.978195, IOU: 0.717057, Area: 0.835194, Num Con: 3, Reading: 0.186111, outcome score: 0.976952.
[lifelong_slam_toolbox_node-1] [INFO] [1787309391.627013558] [slam_toolbox]: Metric Scores: Initial: 0.992706, IOU: 0.796805, Area: 0.887074, Num Con: 3, Reading: 0.227778, outcome score: 0.991607.
[lifelong_slam_toolbox_node-1] [INFO] [1787309391.627022058] [slam_toolbox]: Metric Scores: Initial: 0.910000, IOU: 0.808813, Area: 0.894473, Num Con: 2, Reading: 0.233333, outcome score: 0.895000.
[lifelong_slam_toolbox_node-1] [INFO] [1787309391.627031758] [slam_toolbox]: Metric Scores: Initial: 0.884000, IOU: 0.786247, Area: 0.880498, Num Con: 2, Reading: 0.225000, outcome score: 0.869500.
[lifelong_slam_toolbox_node-1] [INFO] [1787309391.627041858] [slam_toolbox]: Metric Scores: Initial: 0.871000, IOU: 0.776240, Area: 0.874189, Num Con: 2, Reading: 0.222222, outcome score: 0.856667.
[lifelong_slam_toolbox_node-1] W20260821 10:49:52.058617 600212 preprocessor.cc:67] Specified options.num_threads: 50 exceeds maximum available from the threading model Ceres was compiled with: 8.  Bounding to maximum number available.
[lifelong_slam_toolbox_node-1] [INFO] [1787309392.061491013] [slam_toolbox]: Metric Scores: Initial: 0.995833, IOU: 0.840451, Area: 0.913478, Num Con: 3, Reading: 0.455556, outcome score: 0.994719.
[lifelong_slam_toolbox_node-1] [INFO] [1787309392.061541713] [slam_toolbox]: Metric Scores: Initial: 0.996915, IOU: 0.855583, Area: 0.922352, Num Con: 3, Reading: 0.466667, outcome score: 0.995829.
[lifelong_slam_toolbox_node-1] [INFO] [1787309392.061556713] [slam_toolbox]: Metric Scores: Initial: 0.976952, IOU: 0.712456, Area: 0.832062, Num Con: 3, Reading: 0.186111, outcome score: 0.975694.
[lifelong_slam_toolbox_node-1] [INFO] [1787309392.061566413] [slam_toolbox]: Metric Scores: Initial: 0.991607, IOU: 0.791663, Area: 0.883878, Num Con: 3, Reading: 0.227778, outcome score: 0.990492.
[lifelong_slam_toolbox_node-1] [INFO] [1787309392.061577313] [slam_toolbox]: Metric Scores: Initial: 0.993786, IOU: 0.815975, Area: 0.898834, Num Con: 3, Reading: 0.233333, outcome score: 0.992699.
[lifelong_slam_toolbox_node-1] [INFO] [1787309392.061586713] [slam_toolbox]: Metric Scores: Initial: 0.994721, IOU: 0.828500, Area: 0.906377, Num Con: 3, Reading: 0.452778, outcome score: 0.993577.
[lifelong_slam_toolbox_node-1] [INFO] [1787309392.061596013] [slam_toolbox]: Metric Scores: Initial: 0.997971, IOU: 0.873007, Area: 0.932391, Num Con: 2, Reading: 0.480556, outcome score: -1.000000.
[lifelong_slam_toolbox_node-1] [INFO] [1787309392.061606513] [slam_toolbox]: Metric Scores: Initial: 0.869500, IOU: 0.781185, Area: 0.877314, Num Con: 2, Reading: 0.225000, outcome score: 0.855000.
[lifelong_slam_toolbox_node-1] [INFO] [1787309392.061615413] [slam_toolbox]: Metric Scores: Initial: 0.895000, IOU: 0.803583, Area: 0.891266, Num Con: 2, Reading: 0.233333, outcome score: 0.880000.
[lifelong_slam_toolbox_node-1] [INFO] [1787309392.061627013] [slam_toolbox]: Metric Scores: Initial: 0.856667, IOU: 0.771254, Area: 0.871016, Num Con: 2, Reading: 0.222222, outcome score: 0.842333.
[lifelong_slam_toolbox_node-1] [INFO] [1787309392.439840463] [slam_toolbox]: Metric Scores: Initial: 1.000000, IOU: 0.999067, Area: 0.999552, Num Con: 2, Reading: 0.691667, outcome score: -1.000000.
[lifelong_slam_toolbox_node-1] [INFO] [1787309392.439919364] [slam_toolbox]: Metric Scores: Initial: 0.994719, IOU: 0.835098, Area: 0.913192, Num Con: 3, Reading: 0.455556, outcome score: 0.993575.
[lifelong_slam_toolbox_node-1] [INFO] [1787309392.439934664] [slam_toolbox]: Metric Scores: Initial: 0.995829, IOU: 0.850086, Area: 0.922061, Num Con: 2, Reading: 0.466667, outcome score: -1.000000.
[lifelong_slam_toolbox_node-1] [INFO] [1787309392.439952664] [slam_toolbox]: Metric Scores: Initial: 0.975694, IOU: 0.708256, Area: 0.831818, Num Con: 3, Reading: 0.186111, outcome score: 0.974423.
[lifelong_slam_toolbox_node-1] [INFO] [1787309392.439968464] [slam_toolbox]: Metric Scores: Initial: 0.990492, IOU: 0.786760, Area: 0.883606, Num Con: 3, Reading: 0.227778, outcome score: 0.989362.
[lifelong_slam_toolbox_node-1] [INFO] [1787309392.439983264] [slam_toolbox]: Metric Scores: Initial: 0.992699, IOU: 0.810852, Area: 0.898556, Num Con: 3, Reading: 0.233333, outcome score: 0.991597.
[lifelong_slam_toolbox_node-1] [INFO] [1787309392.439997164] [slam_toolbox]: Metric Scores: Initial: 0.993577, IOU: 0.823261, Area: 0.906096, Num Con: 3, Reading: 0.452778, outcome score: 0.992403.
[lifelong_slam_toolbox_node-1] [INFO] [1787309392.440014264] [slam_toolbox]: Metric Scores: Initial: 0.855000, IOU: 0.776377, Area: 0.877044, Num Con: 2, Reading: 0.225000, outcome score: 0.840500.
[lifelong_slam_toolbox_node-1] [INFO] [1787309392.440033564] [slam_toolbox]: Metric Scores: Initial: 0.880000, IOU: 0.798574, Area: 0.890992, Num Con: 2, Reading: 0.233333, outcome score: 0.865000.
[lifelong_slam_toolbox_node-1] [INFO] [1787309392.440103265] [slam_toolbox]: Metric Scores: Initial: 0.842333, IOU: 0.766534, Area: 0.870749, Num Con: 2, Reading: 0.222222, outcome score: 0.828000.
[lifelong_slam_toolbox_node-1] [INFO] [1787309392.440130265] [slam_toolbox]: Metric Scores: Initial: 1.000000, IOU: 0.913898, Area: 0.956248, Num Con: 2, Reading: 0.702778, outcome score: -1.000000.
[lifelong_slam_toolbox_node-1] [INFO] [1787309392.838232223] [slam_toolbox]: Metric Scores: Initial: 0.993575, IOU: 0.831547, Area: 0.911110, Num Con: 2, Reading: 0.455556, outcome score: 0.965241.
[lifelong_slam_toolbox_node-1] [INFO] [1787309392.838288623] [slam_toolbox]: Metric Scores: Initial: 0.974423, IOU: 0.705338, Area: 0.829843, Num Con: 3, Reading: 0.186111, outcome score: 0.973137.
[lifelong_slam_toolbox_node-1] [INFO] [1787309392.838299523] [slam_toolbox]: Metric Scores: Initial: 0.989362, IOU: 0.783455, Area: 0.881562, Num Con: 3, Reading: 0.227778, outcome score: 0.988217.
[lifelong_slam_toolbox_node-1] [INFO] [1787309392.838311023] [slam_toolbox]: Metric Scores: Initial: 0.991597, IOU: 0.807426, Area: 0.896493, Num Con: 3, Reading: 0.233333, outcome score: 0.990479.
[lifelong_slam_toolbox_node-1] [INFO] [1787309392.838321623] [slam_toolbox]: Metric Scores: Initial: 0.992403, IOU: 0.819772, Area: 0.904023, Num Con: 3, Reading: 0.452778, outcome score: 0.991197.
[lifelong_slam_toolbox_node-1] [INFO] [1787309392.838335123] [slam_toolbox]: Metric Scores: Initial: 0.840500, IOU: 0.773124, Area: 0.875008, Num Con: 2, Reading: 0.225000, outcome score: 0.826000.
[lifelong_slam_toolbox_node-1] [INFO] [1787309392.838346123] [slam_toolbox]: Metric Scores: Initial: 0.865000, IOU: 0.795210, Area: 0.888939, Num Con: 2, Reading: 0.233333, outcome score: 0.850000.
[lifelong_slam_toolbox_node-1] [INFO] [1787309392.838357023] [slam_toolbox]: Metric Scores: Initial: 0.828000, IOU: 0.763329, Area: 0.868721, Num Con: 2, Reading: 0.222222, outcome score: 0.813667.
[lifelong_slam_toolbox_node-1] [INFO] [1787309393.232971262] [slam_toolbox]: Metric Scores: Initial: 1.000000, IOU: 0.996563, Area: 0.997395, Num Con: 2, Reading: 0.688889, outcome score: -1.000000.
[lifelong_slam_toolbox_node-1] [INFO] [1787309393.233044963] [slam_toolbox]: Metric Scores: Initial: 0.965241, IOU: 0.828388, Area: 0.907737, Num Con: 2, Reading: 0.455556, outcome score: 0.936908.
[lifelong_slam_toolbox_node-1] [INFO] [1787309393.233058763] [slam_toolbox]: Metric Scores: Initial: 0.973137, IOU: 0.702623, Area: 0.826619, Num Con: 3, Reading: 0.186111, outcome score: 0.971837.
[lifelong_slam_toolbox_node-1] [INFO] [1787309393.233068163] [slam_toolbox]: Metric Scores: Initial: 0.988217, IOU: 0.780469, Area: 0.878242, Num Con: 3, Reading: 0.227778, outcome score: 0.987056.
[lifelong_slam_toolbox_node-1] [INFO] [1787309393.233077663] [slam_toolbox]: Metric Scores: Initial: 0.990479, IOU: 0.804354, Area: 0.893146, Num Con: 3, Reading: 0.233333, outcome score: 0.989346.
[lifelong_slam_toolbox_node-1] [INFO] [1787309393.233086763] [slam_toolbox]: Metric Scores: Initial: 0.991197, IOU: 0.816656, Area: 0.900663, Num Con: 3, Reading: 0.452778, outcome score: 0.989957.
[lifelong_slam_toolbox_node-1] [INFO] [1787309393.233099063] [slam_toolbox]: Metric Scores: Initial: 0.826000, IOU: 0.770174, Area: 0.871701, Num Con: 2, Reading: 0.225000, outcome score: 0.811500.
[lifelong_slam_toolbox_node-1] [INFO] [1787309393.233110963] [slam_toolbox]: Metric Scores: Initial: 0.850000, IOU: 0.792182, Area: 0.885605, Num Con: 2, Reading: 0.233333, outcome score: 0.835000.
[lifelong_slam_toolbox_node-1] [INFO] [1787309393.233124063] [slam_toolbox]: Metric Scores: Initial: 0.813667, IOU: 0.760414, Area: 0.865425, Num Con: 2, Reading: 0.222222, outcome score: 0.799333.
[lifelong_slam_toolbox_node-1] [INFO] [1787309393.233137463] [slam_toolbox]: Metric Scores: Initial: 1.000000, IOU: 0.930606, Area: 0.962628, Num Con: 2, Reading: 0.700000, outcome score: -1.000000.
[lifelong_slam_toolbox_node-1] [INFO] [1787309393.627955003] [slam_toolbox]: Metric Scores: Initial: 0.936908, IOU: 0.824101, Area: 0.905186, Num Con: 2, Reading: 0.455556, outcome score: 0.908575.
[lifelong_slam_toolbox_node-1] [INFO] [1787309393.628009803] [slam_toolbox]: Metric Scores: Initial: 0.971837, IOU: 0.699126, Area: 0.824220, Num Con: 3, Reading: 0.186111, outcome score: 0.970523.
[lifelong_slam_toolbox_node-1] [INFO] [1787309393.628020603] [slam_toolbox]: Metric Scores: Initial: 0.987056, IOU: 0.776487, Area: 0.875743, Num Con: 3, Reading: 0.227778, outcome score: 0.985879.
[lifelong_slam_toolbox_node-1] [INFO] [1787309393.628031204] [slam_toolbox]: Metric Scores: Initial: 0.989346, IOU: 0.800222, Area: 0.890622, Num Con: 3, Reading: 0.233333, outcome score: 0.988197.
[lifelong_slam_toolbox_node-1] [INFO] [1787309393.628090804] [slam_toolbox]: Metric Scores: Initial: 0.989957, IOU: 0.812446, Area: 0.898125, Num Con: 3, Reading: 0.452778, outcome score: 0.988685.
[lifelong_slam_toolbox_node-1] [INFO] [1787309393.628103804] [slam_toolbox]: Metric Scores: Initial: 0.811500, IOU: 0.766255, Area: 0.869213, Num Con: 2, Reading: 0.225000, outcome score: 0.797000.
[lifelong_slam_toolbox_node-1] [INFO] [1787309393.628113504] [slam_toolbox]: Metric Scores: Initial: 0.835000, IOU: 0.788129, Area: 0.883095, Num Con: 2, Reading: 0.233333, outcome score: 0.820000.
[lifelong_slam_toolbox_node-1] [INFO] [1787309393.628126504] [slam_toolbox]: Metric Scores: Initial: 0.799333, IOU: 0.756556, Area: 0.862949, Num Con: 2, Reading: 0.222222, outcome score: 0.785000.
[lifelong_slam_toolbox_node-1] [INFO] [1787309394.028635175] [slam_toolbox]: Metric Scores: Initial: 1.000000, IOU: 0.996158, Area: 0.997190, Num Con: 2, Reading: 0.683333, outcome score: -1.000000.
[lifelong_slam_toolbox_node-1] [INFO] [1787309394.028693675] [slam_toolbox]: Metric Scores: Initial: 0.994575, IOU: 0.991200, Area: 0.994690, Num Con: 3, Reading: 0.683333, outcome score: 0.993352.
[lifelong_slam_toolbox_node-1] [INFO] [1787309394.028707275] [slam_toolbox]: Metric Scores: Initial: 0.995746, IOU: 0.986212, Area: 0.992191, Num Con: 2, Reading: 0.688889, outcome score: -1.000000.
[lifelong_slam_toolbox_node-1] [INFO] [1787309394.028734675] [slam_toolbox]: Metric Scores: Initial: 0.908575, IOU: 0.820514, Area: 0.903036, Num Con: 2, Reading: 0.455556, outcome score: 0.880241.
[lifelong_slam_toolbox_node-1] [INFO] [1787309394.028748176] [slam_toolbox]: Metric Scores: Initial: 0.970523, IOU: 0.696216, Area: 0.822211, Num Con: 3, Reading: 0.186111, outcome score: 0.969194.
[lifelong_slam_toolbox_node-1] [INFO] [1787309394.028757176] [slam_toolbox]: Metric Scores: Initial: 0.985879, IOU: 0.773161, Area: 0.873642, Num Con: 3, Reading: 0.227778, outcome score: 0.984686.
[lifelong_slam_toolbox_node-1] [INFO] [1787309394.028765276] [slam_toolbox]: Metric Scores: Initial: 0.988197, IOU: 0.796770, Area: 0.888497, Num Con: 3, Reading: 0.233333, outcome score: 0.987031.
[lifelong_slam_toolbox_node-1] [INFO] [1787309394.028773976] [slam_toolbox]: Metric Scores: Initial: 0.988685, IOU: 0.808927, Area: 0.895989, Num Con: 3, Reading: 0.452778, outcome score: 0.987377.
[lifelong_slam_toolbox_node-1] [INFO] [1787309394.028787276] [slam_toolbox]: Metric Scores: Initial: 0.797000, IOU: 0.762984, Area: 0.867122, Num Con: 2, Reading: 0.225000, outcome score: 0.782500.
[lifelong_slam_toolbox_node-1] [INFO] [1787309394.028796676] [slam_toolbox]: Metric Scores: Initial: 0.820000, IOU: 0.784743, Area: 0.880984, Num Con: 2, Reading: 0.233333, outcome score: 0.805000.
[lifelong_slam_toolbox_node-1] [INFO] [1787309394.028805476] [slam_toolbox]: Metric Scores: Initial: 1.000000, IOU: 0.939591, Area: 0.967413, Num Con: 3, Reading: 0.697222, outcome score: 0.999000.
[lifelong_slam_toolbox_node-1] [INFO] [1787309394.028814476] [slam_toolbox]: Metric Scores: Initial: 0.785000, IOU: 0.753336, Area: 0.860867, Num Con: 2, Reading: 0.222222, outcome score: 0.770667.
[lifelong_slam_toolbox_node-1] [INFO] [1787309394.428945745] [slam_toolbox]: Metric Scores: Initial: 0.880241, IOU: 0.818247, Area: 0.901681, Num Con: 2, Reading: 0.455556, outcome score: 0.851908.
[lifelong_slam_toolbox_node-1] [INFO] [1787309394.429001045] [slam_toolbox]: Metric Scores: Initial: 0.969194, IOU: 0.694374, Area: 0.820942, Num Con: 3, Reading: 0.186111, outcome score: 0.967850.
[lifelong_slam_toolbox_node-1] [INFO] [1787309394.429011845] [slam_toolbox]: Metric Scores: Initial: 0.984686, IOU: 0.771058, Area: 0.872316, Num Con: 3, Reading: 0.227778, outcome score: 0.983476.
[lifelong_slam_toolbox_node-1] [INFO] [1787309394.429022645] [slam_toolbox]: Metric Scores: Initial: 0.987031, IOU: 0.794587, Area: 0.887158, Num Con: 3, Reading: 0.233333, outcome score: 0.985850.
[lifelong_slam_toolbox_node-1] [INFO] [1787309394.429033145] [slam_toolbox]: Metric Scores: Initial: 0.987377, IOU: 0.806702, Area: 0.894642, Num Con: 3, Reading: 0.452778, outcome score: 0.986034.
[lifelong_slam_toolbox_node-1] [INFO] [1787309394.429044045] [slam_toolbox]: Metric Scores: Initial: 1.000000, IOU: 0.944525, Area: 0.970064, Num Con: 3, Reading: 0.694444, outcome score: 0.999000.
[lifelong_slam_toolbox_node-1] [INFO] [1787309394.429054045] [slam_toolbox]: Metric Scores: Initial: 0.782500, IOU: 0.760915, Area: 0.865803, Num Con: 2, Reading: 0.225000, outcome score: 0.768000.
[lifelong_slam_toolbox_node-1] [INFO] [1787309394.429064345] [slam_toolbox]: Metric Scores: Initial: 0.805000, IOU: 0.782602, Area: 0.879652, Num Con: 2, Reading: 0.233333, outcome score: 0.790000.
[lifelong_slam_toolbox_node-1] [INFO] [1787309394.429074745] [slam_toolbox]: Metric Scores: Initial: 0.999000, IOU: 0.936875, Area: 0.965988, Num Con: 3, Reading: 0.697222, outcome score: 0.997958.
[lifelong_slam_toolbox_node-1] [INFO] [1787309394.429119446] [slam_toolbox]: Metric Scores: Initial: 0.770667, IOU: 0.751299, Area: 0.859554, Num Con: 2, Reading: 0.222222, outcome score: 0.756333.
[lifelong_slam_toolbox_node-1] [INFO] [1787309394.865195209] [slam_toolbox]: Metric Scores: Initial: 0.993352, IOU: 0.998246, Area: 0.998246, Num Con: 2, Reading: 0.683333, outcome score: -1.000000.
[lifelong_slam_toolbox_node-1] [INFO] [1787309394.865292910] [slam_toolbox]: Metric Scores: Initial: 0.851908, IOU: 0.815340, Area: 0.899916, Num Con: 2, Reading: 0.455556, outcome score: 0.823575.
[lifelong_slam_toolbox_node-1] [INFO] [1787309394.865308110] [slam_toolbox]: Metric Scores: Initial: 1.000000, IOU: 0.948946, Area: 0.975420, Num Con: 2, Reading: 0.691667, outcome score: -1.000000.
[lifelong_slam_toolbox_node-1] [INFO] [1787309394.865321510] [slam_toolbox]: Metric Scores: Initial: 0.967850, IOU: 0.692032, Area: 0.819305, Num Con: 3, Reading: 0.186111, outcome score: 0.966491.
[lifelong_slam_toolbox_node-1] [INFO] [1787309394.865336010] [slam_toolbox]: Metric Scores: Initial: 0.983476, IOU: 0.768367, Area: 0.870594, Num Con: 3, Reading: 0.227778, outcome score: 0.982251.
[lifelong_slam_toolbox_node-1] [INFO] [1787309394.865350310] [slam_toolbox]: Metric Scores: Initial: 0.985850, IOU: 0.791792, Area: 0.885415, Num Con: 3, Reading: 0.233333, outcome score: 0.984652.
[lifelong_slam_toolbox_node-1] [INFO] [1787309394.865364710] [slam_toolbox]: Metric Scores: Initial: 0.986034, IOU: 0.803853, Area: 0.892889, Num Con: 3, Reading: 0.452778, outcome score: 0.984655.
[lifelong_slam_toolbox_node-1] [INFO] [1787309394.865379510] [slam_toolbox]: Metric Scores: Initial: 0.999000, IOU: 0.940971, Area: 0.968183, Num Con: 3, Reading: 0.694444, outcome score: 0.997958.
[lifelong_slam_toolbox_node-1] [INFO] [1787309394.865394510] [slam_toolbox]: Metric Scores: Initial: 0.768000, IOU: 0.758269, Area: 0.864090, Num Con: 2, Reading: 0.225000, outcome score: 0.753500.
[lifelong_slam_toolbox_node-1] [INFO] [1787309394.865408510] [slam_toolbox]: Metric Scores: Initial: 0.790000, IOU: 0.779863, Area: 0.877921, Num Con: 2, Reading: 0.233333, outcome score: 0.775000.
[lifelong_slam_toolbox_node-1] [INFO] [1787309394.865423810] [slam_toolbox]: Metric Scores: Initial: 0.997958, IOU: 0.933362, Area: 0.964114, Num Con: 3, Reading: 0.694444, outcome score: 0.996873.
[lifelong_slam_toolbox_node-1] [INFO] [1787309394.865438411] [slam_toolbox]: Metric Scores: Initial: 0.756333, IOU: 0.748696, Area: 0.857850, Num Con: 2, Reading: 0.222222, outcome score: 0.742000.
[lifelong_slam_toolbox_node-1] [INFO] [1787309395.228731780] [slam_toolbox]: Metric Scores: Initial: 0.823575, IOU: 0.810886, Area: 0.897183, Num Con: 2, Reading: 0.455556, outcome score: 0.795241.
[lifelong_slam_toolbox_node-1] [INFO] [1787309395.228779580] [slam_toolbox]: Metric Scores: Initial: 0.966491, IOU: 0.688386, Area: 0.816732, Num Con: 3, Reading: 0.186111, outcome score: 0.965117.
[lifelong_slam_toolbox_node-1] [INFO] [1787309395.228790180] [slam_toolbox]: Metric Scores: Initial: 0.982251, IOU: 0.764225, Area: 0.867917, Num Con: 3, Reading: 0.227778, outcome score: 0.981008.
[lifelong_slam_toolbox_node-1] [INFO] [1787309395.228800180] [slam_toolbox]: Metric Scores: Initial: 0.984652, IOU: 0.787498, Area: 0.882711, Num Con: 3, Reading: 0.233333, outcome score: 0.983437.
[lifelong_slam_toolbox_node-1] [INFO] [1787309395.228811480] [slam_toolbox]: Metric Scores: Initial: 0.984655, IOU: 0.799478, Area: 0.890172, Num Con: 3, Reading: 0.452778, outcome score: 0.983238.
[lifelong_slam_toolbox_node-1] [INFO] [1787309395.228820780] [slam_toolbox]: Metric Scores: Initial: 0.753500, IOU: 0.754192, Area: 0.861425, Num Con: 2, Reading: 0.225000, outcome score: 0.739000.
[lifelong_slam_toolbox_node-1] [INFO] [1787309395.228830680] [slam_toolbox]: Metric Scores: Initial: 0.775000, IOU: 0.775648, Area: 0.875232, Num Con: 2, Reading: 0.233333, outcome score: 0.760000.
[lifelong_slam_toolbox_node-1] [INFO] [1787309395.228839880] [slam_toolbox]: Metric Scores: Initial: 0.742000, IOU: 0.744681, Area: 0.855197, Num Con: 2, Reading: 0.222222, outcome score: 0.727667.
[lifelong_slam_toolbox_node-1] 
[lifelong_slam_toolbox_node-1] Solver Summary (v 2.2.0-eigen-(3.4.0)-lapack-suitesparse-(7.6.1)-eigensparse)
[lifelong_slam_toolbox_node-1] 
[lifelong_slam_toolbox_node-1]                                      Original                  Reduced
[lifelong_slam_toolbox_node-1] Parameter blocks                          249                      165
[lifelong_slam_toolbox_node-1] Parameters                                249                      165
[lifelong_slam_toolbox_node-1] Residual blocks                            51                       51
[lifelong_slam_toolbox_node-1] Residuals                                 153                      153
[lifelong_slam_toolbox_node-1] 
[lifelong_slam_toolbox_node-1] Minimizer                        TRUST_REGION
[lifelong_slam_toolbox_node-1] Trust region strategy     LEVENBERG_MARQUARDT
[lifelong_slam_toolbox_node-1] Sparse linear algebra library    SUITE_SPARSE 
[lifelong_slam_toolbox_node-1] 
[lifelong_slam_toolbox_node-1]                                         Given                     Used
[lifelong_slam_toolbox_node-1] Linear solver          SPARSE_NORMAL_CHOLESKY   SPARSE_NORMAL_CHOLESKY
[lifelong_slam_toolbox_node-1] Threads                                    50                        8
[lifelong_slam_toolbox_node-1] Linear solver ordering              AUTOMATIC                      165
[lifelong_slam_toolbox_node-1] 
[lifelong_slam_toolbox_node-1] Cost:
[lifelong_slam_toolbox_node-1] Initial                          2.641380e-01
[lifelong_slam_toolbox_node-1] Final                            3.996433e-02
[lifelong_slam_toolbox_node-1] Change                           2.241737e-01
[lifelong_slam_toolbox_node-1] 
[lifelong_slam_toolbox_node-1] Minimizer iterations                        2
[lifelong_slam_toolbox_node-1] Successful steps                            2
[lifelong_slam_toolbox_node-1] Unsuccessful steps                          0
[lifelong_slam_toolbox_node-1] 
[lifelong_slam_toolbox_node-1] Time (in seconds):
[lifelong_slam_toolbox_node-1] Preprocessor                         0.000267
[lifelong_slam_toolbox_node-1] 
[lifelong_slam_toolbox_node-1]   Residual only evaluation           0.000885 (2)
[lifelong_slam_toolbox_node-1]   Jacobian & residual evaluation     0.000238 (2)
[lifelong_slam_toolbox_node-1]   Linear solver                      0.000363 (2)
[lifelong_slam_toolbox_node-1] Minimizer                            0.001599
[lifelong_slam_toolbox_node-1] 
[lifelong_slam_toolbox_node-1] Postprocessor                        0.000016
[lifelong_slam_toolbox_node-1] Total                                0.001883
[lifelong_slam_toolbox_node-1] 
[lifelong_slam_toolbox_node-1] Termination:                      CONVERGENCE (Parameter tolerance reached. Relative step_norm: 2.407821e-05 <= 1.000000e-03.)
[lifelong_slam_toolbox_node-1] 
[lifelong_slam_toolbox_node-1] [INFO] [1787309395.629151050] [slam_toolbox]: Metric Scores: Initial: 1.000000, IOU: 0.954903, Area: 0.978550, Num Con: 2, Reading: 0.688889, outcome score: -1.000000.
[lifelong_slam_toolbox_node-1] [INFO] [1787309395.629226050] [slam_toolbox]: Metric Scores: Initial: 0.795241, IOU: 0.810129, Area: 0.896744, Num Con: 2, Reading: 0.455556, outcome score: 0.766908.
[lifelong_slam_toolbox_node-1] [INFO] [1787309395.629239450] [slam_toolbox]: Metric Scores: Initial: 0.965117, IOU: 0.687809, Area: 0.816349, Num Con: 3, Reading: 0.186111, outcome score: 0.963727.
[lifelong_slam_toolbox_node-1] [INFO] [1787309395.629249550] [slam_toolbox]: Metric Scores: Initial: 0.981008, IOU: 0.763535, Area: 0.867496, Num Con: 3, Reading: 0.227778, outcome score: 0.979748.
[lifelong_slam_toolbox_node-1] [INFO] [1787309395.629258750] [slam_toolbox]: Metric Scores: Initial: 0.983437, IOU: 0.786776, Area: 0.882282, Num Con: 3, Reading: 0.233333, outcome score: 0.982205.
[lifelong_slam_toolbox_node-1] [INFO] [1787309395.629268251] [slam_toolbox]: Metric Scores: Initial: 0.983238, IOU: 0.798740, Area: 0.889738, Num Con: 3, Reading: 0.452778, outcome score: 0.981783.
[lifelong_slam_toolbox_node-1] [INFO] [1787309395.629278351] [slam_toolbox]: Metric Scores: Initial: 0.739000, IOU: 0.753516, Area: 0.861007, Num Con: 2, Reading: 0.225000, outcome score: 0.724500.
[lifelong_slam_toolbox_node-1] [INFO] [1787309395.629288851] [slam_toolbox]: Metric Scores: Initial: 0.760000, IOU: 0.774945, Area: 0.874808, Num Con: 2, Reading: 0.233333, outcome score: 0.745000.
[lifelong_slam_toolbox_node-1] [INFO] [1787309395.629297851] [slam_toolbox]: Metric Scores: Initial: 0.727667, IOU: 0.744018, Area: 0.854783, Num Con: 2, Reading: 0.222222, outcome score: 0.713333.
[lifelong_slam_toolbox_node-1] [INFO] [1787309396.028856516] [slam_toolbox]: Metric Scores: Initial: 1.000000, IOU: 0.958693, Area: 0.980505, Num Con: 2, Reading: 0.688889, outcome score: -1.000000.
[lifelong_slam_toolbox_node-1] [INFO] [1787309396.028919317] [slam_toolbox]: Metric Scores: Initial: 0.766908, IOU: 0.808924, Area: 0.895992, Num Con: 2, Reading: 0.455556, outcome score: 0.738575.
[lifelong_slam_toolbox_node-1] [INFO] [1787309396.028931217] [slam_toolbox]: Metric Scores: Initial: 0.963727, IOU: 0.686891, Area: 0.815689, Num Con: 3, Reading: 0.186111, outcome score: 0.962322.
[lifelong_slam_toolbox_node-1] [INFO] [1787309396.028940917] [slam_toolbox]: Metric Scores: Initial: 0.979748, IOU: 0.762438, Area: 0.866774, Num Con: 3, Reading: 0.227778, outcome score: 0.978472.
[lifelong_slam_toolbox_node-1] [INFO] [1787309396.028951017] [slam_toolbox]: Metric Scores: Initial: 0.982205, IOU: 0.785629, Area: 0.881547, Num Con: 3, Reading: 0.233333, outcome score: 0.980956.
[lifelong_slam_toolbox_node-1] [INFO] [1787309396.028961517] [slam_toolbox]: Metric Scores: Initial: 0.981783, IOU: 0.797567, Area: 0.888996, Num Con: 3, Reading: 0.452778, outcome score: 0.980288.
[lifelong_slam_toolbox_node-1] [INFO] [1787309396.028971517] [slam_toolbox]: Metric Scores: Initial: 0.724500, IOU: 0.752440, Area: 0.860291, Num Con: 2, Reading: 0.225000, outcome score: 0.710000.
[lifelong_slam_toolbox_node-1] [INFO] [1787309396.028982717] [slam_toolbox]: Metric Scores: Initial: 0.745000, IOU: 0.773827, Area: 0.874081, Num Con: 2, Reading: 0.233333, outcome score: 0.730000.
[lifelong_slam_toolbox_node-1] [INFO] [1787309396.028991717] [slam_toolbox]: Metric Scores: Initial: 0.713333, IOU: 0.742963, Area: 0.854073, Num Con: 2, Reading: 0.222222, outcome score: 0.699000.
[lifelong_slam_toolbox_node-1] W20260821 10:49:56.452266 600212 preprocessor.cc:67] Specified options.num_threads: 50 exceeds maximum available from the threading model Ceres was compiled with: 8.  Bounding to maximum number available.
[lifelong_slam_toolbox_node-1] [INFO] [1787309396.453912220] [slam_toolbox]: Metric Scores: Initial: 1.000000, IOU: 0.999218, Area: 1.000000, Num Con: 2, Reading: 0.688889, outcome score: -1.000000.
[lifelong_slam_toolbox_node-1] [INFO] [1787309396.453966520] [slam_toolbox]: Metric Scores: Initial: 0.738575, IOU: 0.806451, Area: 0.895903, Num Con: 2, Reading: 0.455556, outcome score: 0.710241.
[lifelong_slam_toolbox_node-1] [INFO] [1787309396.453980421] [slam_toolbox]: Metric Scores: Initial: 0.962322, IOU: 0.685020, Area: 0.815670, Num Con: 3, Reading: 0.186111, outcome score: 0.960901.
[lifelong_slam_toolbox_node-1] [INFO] [1787309396.453989221] [slam_toolbox]: Metric Scores: Initial: 0.978472, IOU: 0.760205, Area: 0.866713, Num Con: 3, Reading: 0.227778, outcome score: 0.977177.
[lifelong_slam_toolbox_node-1] [INFO] [1787309396.453999121] [slam_toolbox]: Metric Scores: Initial: 0.980956, IOU: 0.783286, Area: 0.881477, Num Con: 3, Reading: 0.233333, outcome score: 0.979689.
[lifelong_slam_toolbox_node-1] [INFO] [1787309396.454008121] [slam_toolbox]: Metric Scores: Initial: 0.980288, IOU: 0.795162, Area: 0.888920, Num Con: 3, Reading: 0.452778, outcome score: 0.978752.
[lifelong_slam_toolbox_node-1] [INFO] [1787309396.454018421] [slam_toolbox]: Metric Scores: Initial: 0.710000, IOU: 0.750254, Area: 0.860234, Num Con: 2, Reading: 0.225000, outcome score: 0.695500.
[lifelong_slam_toolbox_node-1] [INFO] [1787309396.454059721] [slam_toolbox]: Metric Scores: Initial: 0.730000, IOU: 0.771543, Area: 0.874018, Num Con: 2, Reading: 0.233333, outcome score: 0.715000.
[lifelong_slam_toolbox_node-1] [INFO] [1787309396.454072821] [slam_toolbox]: Metric Scores: Initial: 0.699000, IOU: 0.740821, Area: 0.854019, Num Con: 2, Reading: 0.222222, outcome score: 0.684667.
[lifelong_slam_toolbox_node-1] [INFO] [1787309396.828649651] [slam_toolbox]: Metric Scores: Initial: 0.710241, IOU: 0.806323, Area: 0.894403, Num Con: 2, Reading: 0.455556, outcome score: 0.681908.
[lifelong_slam_toolbox_node-1] [INFO] [1787309396.828701052] [slam_toolbox]: Metric Scores: Initial: 0.960901, IOU: 0.684873, Area: 0.814272, Num Con: 3, Reading: 0.186111, outcome score: 0.959465.
[lifelong_slam_toolbox_node-1] [INFO] [1787309396.828711952] [slam_toolbox]: Metric Scores: Initial: 0.977177, IOU: 0.760066, Area: 0.865248, Num Con: 3, Reading: 0.227778, outcome score: 0.975866.
[lifelong_slam_toolbox_node-1] [INFO] [1787309396.828721752] [slam_toolbox]: Metric Scores: Initial: 0.979689, IOU: 0.783155, Area: 0.879996, Num Con: 3, Reading: 0.233333, outcome score: 0.978405.
[lifelong_slam_toolbox_node-1] [INFO] [1787309396.828733152] [slam_toolbox]: Metric Scores: Initial: 0.978752, IOU: 0.795034, Area: 0.887430, Num Con: 3, Reading: 0.452778, outcome score: 0.977175.
[lifelong_slam_toolbox_node-1] [INFO] [1787309396.828746252] [slam_toolbox]: Metric Scores: Initial: 0.695500, IOU: 0.750112, Area: 0.858776, Num Con: 2, Reading: 0.225000, outcome score: 0.681000.
[lifelong_slam_toolbox_node-1] [INFO] [1787309396.828756752] [slam_toolbox]: Metric Scores: Initial: 0.715000, IOU: 0.771409, Area: 0.872546, Num Con: 2, Reading: 0.233333, outcome score: 0.700000.
[lifelong_slam_toolbox_node-1] [INFO] [1787309396.828769552] [slam_toolbox]: Metric Scores: Initial: 0.684667, IOU: 0.740676, Area: 0.852569, Num Con: 2, Reading: 0.222222, outcome score: 0.670333.
[lifelong_slam_toolbox_node-1] [INFO] [1787309396.828785152] [slam_toolbox]: Metric Scores: Initial: 1.000000, IOU: 0.952858, Area: 0.973717, Num Con: 2, Reading: 0.686111, outcome score: -1.000000.
[lifelong_slam_toolbox_node-1] [INFO] [1787309397.229571224] [slam_toolbox]: Metric Scores: Initial: 0.681908, IOU: 0.804508, Area: 0.893285, Num Con: 2, Reading: 0.455556, outcome score: 0.653575.
[lifelong_slam_toolbox_node-1] [INFO] [1787309397.229625725] [slam_toolbox]: Metric Scores: Initial: 0.959465, IOU: 0.683441, Area: 0.813259, Num Con: 3, Reading: 0.186111, outcome score: 0.958012.
[lifelong_slam_toolbox_node-1] [INFO] [1787309397.229637025] [slam_toolbox]: Metric Scores: Initial: 0.975866, IOU: 0.758396, Area: 0.864164, Num Con: 3, Reading: 0.227778, outcome score: 0.974536.
[lifelong_slam_toolbox_node-1] [INFO] [1787309397.229646925] [slam_toolbox]: Metric Scores: Initial: 0.978405, IOU: 0.781416, Area: 0.878897, Num Con: 3, Reading: 0.233333, outcome score: 0.977103.
[lifelong_slam_toolbox_node-1] [INFO] [1787309397.229656725] [slam_toolbox]: Metric Scores: Initial: 0.977175, IOU: 0.793259, Area: 0.886322, Num Con: 3, Reading: 0.452778, outcome score: 0.975555.
[lifelong_slam_toolbox_node-1] [INFO] [1787309397.229669325] [slam_toolbox]: Metric Scores: Initial: 0.681000, IOU: 0.748471, Area: 0.857700, Num Con: 2, Reading: 0.225000, outcome score: 0.666500.
[lifelong_slam_toolbox_node-1] [INFO] [1787309397.229681225] [slam_toolbox]: Metric Scores: Initial: 0.700000, IOU: 0.769708, Area: 0.871457, Num Con: 2, Reading: 0.233333, outcome score: 0.685000.
[lifelong_slam_toolbox_node-1] [INFO] [1787309397.229693425] [slam_toolbox]: Metric Scores: Initial: 0.670333, IOU: 0.739064, Area: 0.851500, Num Con: 2, Reading: 0.222222, outcome score: 0.656000.
[lifelong_slam_toolbox_node-1] [INFO] [1787309397.629455992] [slam_toolbox]: Metric Scores: Initial: 1.000000, IOU: 0.992191, Area: 1.000000, Num Con: 2, Reading: 0.686111, outcome score: -1.000000.
[lifelong_slam_toolbox_node-1] [INFO] [1787309397.629511192] [slam_toolbox]: Metric Scores: Initial: 0.997959, IOU: 0.985976, Area: 0.996838, Num Con: 2, Reading: 0.683333, outcome score: -1.000000.
[lifelong_slam_toolbox_node-1] [INFO] [1787309397.629538092] [slam_toolbox]: Metric Scores: Initial: 0.653575, IOU: 0.803302, Area: 0.893994, Num Con: 2, Reading: 0.455556, outcome score: 0.625241.
[lifelong_slam_toolbox_node-1] [INFO] [1787309397.629551192] [slam_toolbox]: Metric Scores: Initial: 0.958012, IOU: 0.682611, Area: 0.813993, Num Con: 3, Reading: 0.186111, outcome score: 0.956543.
[lifelong_slam_toolbox_node-1] [INFO] [1787309397.629560992] [slam_toolbox]: Metric Scores: Initial: 0.974536, IOU: 0.757333, Area: 0.864879, Num Con: 3, Reading: 0.227778, outcome score: 0.973188.
[lifelong_slam_toolbox_node-1] [INFO] [1787309397.629570192] [slam_toolbox]: Metric Scores: Initial: 0.977103, IOU: 0.780286, Area: 0.879610, Num Con: 3, Reading: 0.233333, outcome score: 0.975782.
[lifelong_slam_toolbox_node-1] [INFO] [1787309397.629609292] [slam_toolbox]: Metric Scores: Initial: 0.975555, IOU: 0.792093, Area: 0.887035, Num Con: 3, Reading: 0.452778, outcome score: 0.973891.
[lifelong_slam_toolbox_node-1] [INFO] [1787309397.629622593] [slam_toolbox]: Metric Scores: Initial: 0.666500, IOU: 0.747437, Area: 0.858415, Num Con: 2, Reading: 0.225000, outcome score: 0.652000.
[lifelong_slam_toolbox_node-1] [INFO] [1787309397.629631993] [slam_toolbox]: Metric Scores: Initial: 0.685000, IOU: 0.768615, Area: 0.872173, Num Con: 2, Reading: 0.233333, outcome score: 0.670000.
[lifelong_slam_toolbox_node-1] [INFO] [1787309397.629644493] [slam_toolbox]: Metric Scores: Initial: 0.656000, IOU: 0.738057, Area: 0.852215, Num Con: 2, Reading: 0.222222, outcome score: 0.641667.
[lifelong_slam_toolbox_node-1] [INFO] [1787309397.629656893] [slam_toolbox]: Metric Scores: Initial: 1.000000, IOU: 0.943885, Area: 0.970584, Num Con: 3, Reading: 0.683333, outcome score: 0.999000.
[lifelong_slam_toolbox_node-1] [INFO] [1787309398.029691861] [slam_toolbox]: Metric Scores: Initial: 0.625241, IOU: 0.804659, Area: 0.894826, Num Con: 2, Reading: 0.455556, outcome score: 0.596908.
[lifelong_slam_toolbox_node-1] [INFO] [1787309398.029748261] [slam_toolbox]: Metric Scores: Initial: 0.956543, IOU: 0.683791, Area: 0.814825, Num Con: 3, Reading: 0.186111, outcome score: 0.955058.
[lifelong_slam_toolbox_node-1] [INFO] [1787309398.029758461] [slam_toolbox]: Metric Scores: Initial: 0.973188, IOU: 0.758617, Area: 0.865709, Num Con: 3, Reading: 0.227778, outcome score: 0.971821.
[lifelong_slam_toolbox_node-1] [INFO] [1787309398.029768661] [slam_toolbox]: Metric Scores: Initial: 0.975782, IOU: 0.781608, Area: 0.880443, Num Con: 3, Reading: 0.233333, outcome score: 0.974443.
[lifelong_slam_toolbox_node-1] [INFO] [1787309398.029778461] [slam_toolbox]: Metric Scores: Initial: 0.973891, IOU: 0.793434, Area: 0.887869, Num Con: 3, Reading: 0.452778, outcome score: 0.972181.
[lifelong_slam_toolbox_node-1] [INFO] [1787309398.029790461] [slam_toolbox]: Metric Scores: Initial: 0.652000, IOU: 0.748705, Area: 0.859244, Num Con: 2, Reading: 0.225000, outcome score: 0.637500.
[lifelong_slam_toolbox_node-1] [INFO] [1787309398.029800061] [slam_toolbox]: Metric Scores: Initial: 0.670000, IOU: 0.769920, Area: 0.873006, Num Con: 2, Reading: 0.233333, outcome score: 0.655000.
[lifelong_slam_toolbox_node-1] [INFO] [1787309398.029814462] [slam_toolbox]: Metric Scores: Initial: 0.641667, IOU: 0.739311, Area: 0.853044, Num Con: 2, Reading: 0.222222, outcome score: 0.627333.
[lifelong_slam_toolbox_node-1] [INFO] [1787309398.029823862] [slam_toolbox]: Metric Scores: Initial: 1.000000, IOU: 0.944198, Area: 0.970706, Num Con: 2, Reading: 0.683333, outcome score: -1.000000.
[lifelong_slam_toolbox_node-1] [INFO] [1787309398.029832962] [slam_toolbox]: Metric Scores: Initial: 0.999000, IOU: 0.939191, Area: 0.968091, Num Con: 3, Reading: 0.683333, outcome score: 0.997959.
[lifelong_slam_toolbox_node-1] [INFO] [1787309398.433221048] [slam_toolbox]: Metric Scores: Initial: 0.596908, IOU: 0.805203, Area: 0.893708, Num Con: 2, Reading: 0.455556, outcome score: 0.568575.
[lifelong_slam_toolbox_node-1] [INFO] [1787309398.433288648] [slam_toolbox]: Metric Scores: Initial: 0.955058, IOU: 0.684250, Area: 0.813826, Num Con: 3, Reading: 0.186111, outcome score: 0.953556.
[lifelong_slam_toolbox_node-1] [INFO] [1787309398.433303948] [slam_toolbox]: Metric Scores: Initial: 0.971821, IOU: 0.759122, Area: 0.864630, Num Con: 3, Reading: 0.227778, outcome score: 0.970436.
[lifelong_slam_toolbox_node-1] [INFO] [1787309398.433317749] [slam_toolbox]: Metric Scores: Initial: 0.974443, IOU: 0.782136, Area: 0.879347, Num Con: 3, Reading: 0.233333, outcome score: 0.973085.
[lifelong_slam_toolbox_node-1] [INFO] [1787309398.433332149] [slam_toolbox]: Metric Scores: Initial: 0.972181, IOU: 0.793974, Area: 0.886763, Num Con: 3, Reading: 0.452778, outcome score: 0.970426.
[lifelong_slam_toolbox_node-1] [INFO] [1787309398.433351449] [slam_toolbox]: Metric Scores: Initial: 0.637500, IOU: 0.749200, Area: 0.858172, Num Con: 2, Reading: 0.225000, outcome score: 0.623000.
[lifelong_slam_toolbox_node-1] [INFO] [1787309398.433365749] [slam_toolbox]: Metric Scores: Initial: 0.655000, IOU: 0.770440, Area: 0.871920, Num Con: 2, Reading: 0.233333, outcome score: 0.640000.
[lifelong_slam_toolbox_node-1] [INFO] [1787309398.433380749] [slam_toolbox]: Metric Scores: Initial: 0.627333, IOU: 0.739798, Area: 0.851980, Num Con: 2, Reading: 0.222222, outcome score: 0.613000.
[lifelong_slam_toolbox_node-1] [INFO] [1787309398.838969147] [slam_toolbox]: Metric Scores: Initial: 1.000000, IOU: 0.994892, Area: 0.999712, Num Con: 2, Reading: 0.683333, outcome score: -1.000000.
[lifelong_slam_toolbox_node-1] [INFO] [1787309398.839120948] [slam_toolbox]: Metric Scores: Initial: 0.568575, IOU: 0.806687, Area: 0.894636, Num Con: 2, Reading: 0.455556, outcome score: 0.540241.
[lifelong_slam_toolbox_node-1] [INFO] [1787309398.839145148] [slam_toolbox]: Metric Scores: Initial: 0.953556, IOU: 0.685542, Area: 0.814753, Num Con: 3, Reading: 0.186111, outcome score: 0.952037.
[lifelong_slam_toolbox_node-1] [INFO] [1787309398.839160048] [slam_toolbox]: Metric Scores: Initial: 0.970436, IOU: 0.760527, Area: 0.865555, Num Con: 3, Reading: 0.227778, outcome score: 0.969032.
[lifelong_slam_toolbox_node-1] [INFO] [1787309398.839176248] [slam_toolbox]: Metric Scores: Initial: 0.973085, IOU: 0.783583, Area: 0.880275, Num Con: 3, Reading: 0.233333, outcome score: 0.971708.
[lifelong_slam_toolbox_node-1] [INFO] [1787309398.839206148] [slam_toolbox]: Metric Scores: Initial: 0.970426, IOU: 0.795442, Area: 0.887692, Num Con: 3, Reading: 0.452778, outcome score: 0.968622.
[lifelong_slam_toolbox_node-1] [INFO] [1787309398.839221649] [slam_toolbox]: Metric Scores: Initial: 1.000000, IOU: 0.939146, Area: 0.966452, Num Con: 2, Reading: 0.680556, outcome score: -1.000000.
[lifelong_slam_toolbox_node-1] [INFO] [1787309398.839234849] [slam_toolbox]: Metric Scores: Initial: 0.623000, IOU: 0.750588, Area: 0.859097, Num Con: 2, Reading: 0.225000, outcome score: 0.608500.
[lifelong_slam_toolbox_node-1] [INFO] [1787309398.839250949] [slam_toolbox]: Metric Scores: Initial: 0.640000, IOU: 0.771868, Area: 0.872848, Num Con: 2, Reading: 0.233333, outcome score: 0.625000.
[lifelong_slam_toolbox_node-1] [INFO] [1787309398.839265049] [slam_toolbox]: Metric Scores: Initial: 0.613000, IOU: 0.741169, Area: 0.852904, Num Con: 2, Reading: 0.222222, outcome score: 0.598667.
[lifelong_slam_toolbox_node-1] [INFO] [1787309399.241811831] [slam_toolbox]: Metric Scores: Initial: 0.540241, IOU: 0.806811, Area: 0.896128, Num Con: 2, Reading: 0.455556, outcome score: 0.511908.
[lifelong_slam_toolbox_node-1] [INFO] [1787309399.241873631] [slam_toolbox]: Metric Scores: Initial: 1.000000, IOU: 0.937002, Area: 0.966868, Num Con: 2, Reading: 0.686111, outcome score: -1.000000.
[lifelong_slam_toolbox_node-1] [INFO] [1787309399.241890331] [slam_toolbox]: Metric Scores: Initial: 0.952037, IOU: 0.685805, Area: 0.816228, Num Con: 3, Reading: 0.186111, outcome score: 0.950502.
[lifelong_slam_toolbox_node-1] [INFO] [1787309399.241906331] [slam_toolbox]: Metric Scores: Initial: 0.969032, IOU: 0.760702, Area: 0.867038, Num Con: 3, Reading: 0.227778, outcome score: 0.967609.
[lifelong_slam_toolbox_node-1] [INFO] [1787309399.241920531] [slam_toolbox]: Metric Scores: Initial: 0.971708, IOU: 0.783736, Area: 0.881765, Num Con: 3, Reading: 0.233333, outcome score: 0.970312.
[lifelong_slam_toolbox_node-1] [INFO] [1787309399.241936731] [slam_toolbox]: Metric Scores: Initial: 0.968622, IOU: 0.795582, Area: 0.889185, Num Con: 3, Reading: 0.452778, outcome score: 0.966770.
[lifelong_slam_toolbox_node-1] [INFO] [1787309399.241951431] [slam_toolbox]: Metric Scores: Initial: 0.608500, IOU: 0.750773, Area: 0.860577, Num Con: 2, Reading: 0.225000, outcome score: 0.594000.
[lifelong_slam_toolbox_node-1] [INFO] [1787309399.241967431] [slam_toolbox]: Metric Scores: Initial: 0.625000, IOU: 0.772035, Area: 0.874337, Num Con: 2, Reading: 0.233333, outcome score: 0.610000.
[lifelong_slam_toolbox_node-1] [INFO] [1787309399.241983731] [slam_toolbox]: Metric Scores: Initial: 0.598667, IOU: 0.741363, Area: 0.854382, Num Con: 2, Reading: 0.222222, outcome score: 0.584333.
[lifelong_slam_toolbox_node-1] [INFO] [1787309399.629322831] [slam_toolbox]: Metric Scores: Initial: 0.511908, IOU: 0.809953, Area: 0.896635, Num Con: 2, Reading: 0.455556, outcome score: 0.483575.
[lifelong_slam_toolbox_node-1] [INFO] [1787309399.629376531] [slam_toolbox]: Metric Scores: Initial: 0.950502, IOU: 0.688421, Area: 0.816777, Num Con: 3, Reading: 0.186111, outcome score: 0.948949.
[lifelong_slam_toolbox_node-1] [INFO] [1787309399.629387231] [slam_toolbox]: Metric Scores: Initial: 0.967609, IOU: 0.763632, Area: 0.867557, Num Con: 3, Reading: 0.227778, outcome score: 0.966166.
[lifelong_slam_toolbox_node-1] [INFO] [1787309399.629396231] [slam_toolbox]: Metric Scores: Initial: 0.970312, IOU: 0.786775, Area: 0.882280, Num Con: 3, Reading: 0.233333, outcome score: 0.968897.
[lifelong_slam_toolbox_node-1] [INFO] [1787309399.629406831] [slam_toolbox]: Metric Scores: Initial: 0.966770, IOU: 0.798677, Area: 0.889698, Num Con: 3, Reading: 0.452778, outcome score: 0.964867.
[lifelong_slam_toolbox_node-1] [INFO] [1787309399.629417831] [slam_toolbox]: Metric Scores: Initial: 0.594000, IOU: 0.753657, Area: 0.861097, Num Con: 2, Reading: 0.225000, outcome score: 0.579500.
[lifelong_slam_toolbox_node-1] [INFO] [1787309399.629428231] [slam_toolbox]: Metric Scores: Initial: 0.610000, IOU: 0.775023, Area: 0.874856, Num Con: 2, Reading: 0.233333, outcome score: 0.595000.
[lifelong_slam_toolbox_node-1] [INFO] [1787309399.629482232] [slam_toolbox]: Metric Scores: Initial: 0.584333, IOU: 0.744205, Area: 0.854904, Num Con: 2, Reading: 0.222222, outcome score: 0.570000.
[lifelong_slam_toolbox_node-1] [INFO] [1787309400.042587071] [slam_toolbox]: Metric Scores: Initial: 1.000000, IOU: 0.937323, Area: 0.965499, Num Con: 2, Reading: 0.683333, outcome score: -1.000000.
[lifelong_slam_toolbox_node-1] [INFO] [1787309400.042649971] [slam_toolbox]: Metric Scores: Initial: 0.483575, IOU: 0.810349, Area: 0.896883, Num Con: 2, Reading: 0.455556, outcome score: 0.455241.
[lifelong_slam_toolbox_node-1] [INFO] [1787309400.042662171] [slam_toolbox]: Metric Scores: Initial: 0.948949, IOU: 0.688789, Area: 0.817041, Num Con: 3, Reading: 0.186111, outcome score: 0.947379.
[lifelong_slam_toolbox_node-1] [INFO] [1787309400.042671871] [slam_toolbox]: Metric Scores: Initial: 0.966166, IOU: 0.764014, Area: 0.867809, Num Con: 3, Reading: 0.227778, outcome score: 0.964704.
[lifelong_slam_toolbox_node-1] [INFO] [1787309400.042681571] [slam_toolbox]: Metric Scores: Initial: 0.968897, IOU: 0.787166, Area: 0.882531, Num Con: 3, Reading: 0.233333, outcome score: 0.967461.
[lifelong_slam_toolbox_node-1] [INFO] [1787309400.042691371] [slam_toolbox]: Metric Scores: Initial: 0.964867, IOU: 0.799072, Area: 0.889948, Num Con: 3, Reading: 0.452778, outcome score: 0.962913.
[lifelong_slam_toolbox_node-1] [INFO] [1787309400.042701471] [slam_toolbox]: Metric Scores: Initial: 0.579500, IOU: 0.754036, Area: 0.861350, Num Con: 2, Reading: 0.225000, outcome score: 0.565000.
[lifelong_slam_toolbox_node-1] [INFO] [1787309400.042710271] [slam_toolbox]: Metric Scores: Initial: 0.595000, IOU: 0.775410, Area: 0.875108, Num Con: 2, Reading: 0.233333, outcome score: 0.580000.
[lifelong_slam_toolbox_node-1] [INFO] [1787309400.042719771] [slam_toolbox]: Metric Scores: Initial: 0.570000, IOU: 0.744581, Area: 0.855158, Num Con: 2, Reading: 0.222222, outcome score: 0.555667.
[lifelong_slam_toolbox_node-1] [INFO] [1787309400.430742474] [slam_toolbox]: Metric Scores: Initial: 1.000000, IOU: 0.935655, Area: 0.965209, Num Con: 2, Reading: 0.686111, outcome score: -1.000000.
[lifelong_slam_toolbox_node-1] [INFO] [1787309400.430814175] [slam_toolbox]: Metric Scores: Initial: 0.455241, IOU: 0.813430, Area: 0.898731, Num Con: 2, Reading: 0.455556, outcome score: 0.426908.
[lifelong_slam_toolbox_node-1] [INFO] [1787309400.430828475] [slam_toolbox]: Metric Scores: Initial: 0.947379, IOU: 0.691437, Area: 0.818869, Num Con: 3, Reading: 0.186111, outcome score: 0.945791.
[lifelong_slam_toolbox_node-1] [INFO] [1787309400.430844075] [slam_toolbox]: Metric Scores: Initial: 0.964704, IOU: 0.766921, Area: 0.869646, Num Con: 3, Reading: 0.227778, outcome score: 0.963221.
[lifelong_slam_toolbox_node-1] [INFO] [1787309400.430859475] [slam_toolbox]: Metric Scores: Initial: 0.967461, IOU: 0.790163, Area: 0.884376, Num Con: 3, Reading: 0.233333, outcome score: 0.966006.
[lifelong_slam_toolbox_node-1] [INFO] [1787309400.430869175] [slam_toolbox]: Metric Scores: Initial: 0.962913, IOU: 0.802115, Area: 0.891797, Num Con: 3, Reading: 0.452778, outcome score: 0.960905.
[lifelong_slam_toolbox_node-1] [INFO] [1787309400.430878275] [slam_toolbox]: Metric Scores: Initial: 0.565000, IOU: 0.756904, Area: 0.863184, Num Con: 2, Reading: 0.225000, outcome score: 0.550500.
[lifelong_slam_toolbox_node-1] [INFO] [1787309400.430890675] [slam_toolbox]: Metric Scores: Initial: 0.580000, IOU: 0.778365, Area: 0.876952, Num Con: 2, Reading: 0.233333, outcome score: 0.565000.
[lifelong_slam_toolbox_node-1] [INFO] [1787309400.430900975] [slam_toolbox]: Metric Scores: Initial: 0.555667, IOU: 0.747414, Area: 0.856989, Num Con: 2, Reading: 0.222222, outcome score: 0.541333.
[lifelong_slam_toolbox_node-1] 
[lifelong_slam_toolbox_node-1] Solver Summary (v 2.2.0-eigen-(3.4.0)-lapack-suitesparse-(7.6.1)-eigensparse)
[lifelong_slam_toolbox_node-1] 
[lifelong_slam_toolbox_node-1]                                      Original                  Reduced
[lifelong_slam_toolbox_node-1] Parameter blocks                          246                      156
[lifelong_slam_toolbox_node-1] Parameters                                246                      156
[lifelong_slam_toolbox_node-1] Residual blocks                            48                       48
[lifelong_slam_toolbox_node-1] Residuals                                 144                      144
[lifelong_slam_toolbox_node-1] 
[lifelong_slam_toolbox_node-1] Minimizer                        TRUST_REGION
[lifelong_slam_toolbox_node-1] Trust region strategy     LEVENBERG_MARQUARDT
[lifelong_slam_toolbox_node-1] Sparse linear algebra library    SUITE_SPARSE 
[lifelong_slam_toolbox_node-1] 
[lifelong_slam_toolbox_node-1]                                         Given                     Used
[lifelong_slam_toolbox_node-1] Linear solver          SPARSE_NORMAL_CHOLESKY   SPARSE_NORMAL_CHOLESKY
[lifelong_slam_toolbox_node-1] Threads                                    50                        8
[lifelong_slam_toolbox_node-1] Linear solver ordering              AUTOMATIC                      156
[lifelong_slam_toolbox_node-1] 
[lifelong_slam_toolbox_node-1] Cost:
[lifelong_slam_toolbox_node-1] Initial                          1.937489e-01
[lifelong_slam_toolbox_node-1] Final                            6.285220e-02
[lifelong_slam_toolbox_node-1] Change                           1.308967e-01
[lifelong_slam_toolbox_node-1] 
[lifelong_slam_toolbox_node-1] Minimizer iterations                        2
[lifelong_slam_toolbox_node-1] Successful steps                            2
[lifelong_slam_toolbox_node-1] Unsuccessful steps                          0
[lifelong_slam_toolbox_node-1] 
[lifelong_slam_toolbox_node-1] Time (in seconds):
[lifelong_slam_toolbox_node-1] Preprocessor                         0.000247
[lifelong_slam_toolbox_node-1] 
[lifelong_slam_toolbox_node-1]   Residual only evaluation           0.000032 (2)
[lifelong_slam_toolbox_node-1]   Jacobian & residual evaluation     0.000155 (2)
[lifelong_slam_toolbox_node-1]   Linear solver                      0.000245 (2)
[lifelong_slam_toolbox_node-1] Minimizer                            0.000542
[lifelong_slam_toolbox_node-1] 
[lifelong_slam_toolbox_node-1] Postprocessor                        0.000014
[lifelong_slam_toolbox_node-1] Total                                0.000803
[lifelong_slam_toolbox_node-1] 
[lifelong_slam_toolbox_node-1] Termination:                      CONVERGENCE (Parameter tolerance reached. Relative step_norm: 2.577216e-05 <= 1.000000e-03.)
[lifelong_slam_toolbox_node-1] 
[lifelong_slam_toolbox_node-1] W20260821 10:50:00.858840 600212 preprocessor.cc:67] Specified options.num_threads: 50 exceeds maximum available from the threading model Ceres was compiled with: 8.  Bounding to maximum number available.
[lifelong_slam_toolbox_node-1] [INFO] [1787309400.860740505] [slam_toolbox]: Metric Scores: Initial: 0.426908, IOU: 0.816226, Area: 0.901896, Num Con: 2, Reading: 0.455556, outcome score: 0.398575.
[lifelong_slam_toolbox_node-1] [INFO] [1787309400.860796105] [slam_toolbox]: Metric Scores: Initial: 0.945791, IOU: 0.693922, Area: 0.821944, Num Con: 3, Reading: 0.186111, outcome score: 0.944186.
[lifelong_slam_toolbox_node-1] [INFO] [1787309400.860806405] [slam_toolbox]: Metric Scores: Initial: 0.963221, IOU: 0.769591, Area: 0.872777, Num Con: 3, Reading: 0.227778, outcome score: 0.961719.
[lifelong_slam_toolbox_node-1] [INFO] [1787309400.860816305] [slam_toolbox]: Metric Scores: Initial: 0.966006, IOU: 0.792898, Area: 0.887527, Num Con: 3, Reading: 0.233333, outcome score: 0.964530.
[lifelong_slam_toolbox_node-1] [INFO] [1787309400.860825905] [slam_toolbox]: Metric Scores: Initial: 0.960905, IOU: 0.804884, Area: 0.894957, Num Con: 3, Reading: 0.452778, outcome score: 0.958843.
[lifelong_slam_toolbox_node-1] [INFO] [1787309400.860834705] [slam_toolbox]: Metric Scores: Initial: 0.550500, IOU: 0.759546, Area: 0.866306, Num Con: 2, Reading: 0.225000, outcome score: 0.536000.
[lifelong_slam_toolbox_node-1] [INFO] [1787309400.860842405] [slam_toolbox]: Metric Scores: Initial: 0.565000, IOU: 0.781070, Area: 0.880095, Num Con: 2, Reading: 0.233333, outcome score: 0.550000.
[lifelong_slam_toolbox_node-1] [INFO] [1787309400.860853605] [slam_toolbox]: Metric Scores: Initial: 0.541333, IOU: 0.750031, Area: 0.860103, Num Con: 2, Reading: 0.222222, outcome score: 0.527000.
[lifelong_slam_toolbox_node-1] [INFO] [1787309401.233524325] [slam_toolbox]: Metric Scores: Initial: 1.000000, IOU: 0.991877, Area: 0.998280, Num Con: 2, Reading: 0.686111, outcome score: -1.000000.
[lifelong_slam_toolbox_node-1] [INFO] [1787309401.233587826] [slam_toolbox]: Metric Scores: Initial: 0.997959, IOU: 0.984535, Area: 0.994556, Num Con: 2, Reading: 0.683333, outcome score: -1.000000.
[lifelong_slam_toolbox_node-1] [INFO] [1787309401.233603226] [slam_toolbox]: Metric Scores: Initial: 0.398575, IOU: 0.820538, Area: 0.903089, Num Con: 2, Reading: 0.455556, outcome score: 0.370241.
[lifelong_slam_toolbox_node-1] [INFO] [1787309401.233616326] [slam_toolbox]: Metric Scores: Initial: 0.944186, IOU: 0.697479, Area: 0.823129, Num Con: 3, Reading: 0.186111, outcome score: 0.942563.
[lifelong_slam_toolbox_node-1] [INFO] [1787309401.233626026] [slam_toolbox]: Metric Scores: Initial: 0.961719, IOU: 0.773603, Area: 0.873965, Num Con: 3, Reading: 0.227778, outcome score: 0.960196.
[lifelong_slam_toolbox_node-1] [INFO] [1787309401.233635226] [slam_toolbox]: Metric Scores: Initial: 0.964530, IOU: 0.797062, Area: 0.888720, Num Con: 3, Reading: 0.233333, outcome score: 0.963033.
[lifelong_slam_toolbox_node-1] [INFO] [1787309401.233644926] [slam_toolbox]: Metric Scores: Initial: 0.958843, IOU: 0.809126, Area: 0.896151, Num Con: 3, Reading: 0.452778, outcome score: 0.956725.
[lifelong_slam_toolbox_node-1] [INFO] [1787309401.233657826] [slam_toolbox]: Metric Scores: Initial: 0.536000, IOU: 0.763494, Area: 0.867492, Num Con: 2, Reading: 0.225000, outcome score: 0.521500.
[lifelong_slam_toolbox_node-1] [INFO] [1787309401.233668126] [slam_toolbox]: Metric Scores: Initial: 0.550000, IOU: 0.785159, Area: 0.881286, Num Con: 2, Reading: 0.233333, outcome score: 0.535000.
[lifelong_slam_toolbox_node-1] [INFO] [1787309401.233680426] [slam_toolbox]: Metric Scores: Initial: 0.527000, IOU: 0.753919, Area: 0.861287, Num Con: 2, Reading: 0.222222, outcome score: 0.512667.
[lifelong_slam_toolbox_node-1] [INFO] [1787309401.233698926] [slam_toolbox]: Metric Scores: Initial: 1.000000, IOU: 0.934403, Area: 0.966349, Num Con: 3, Reading: 0.686111, outcome score: 0.999000.
[lifelong_slam_toolbox_node-1] [INFO] [1787309401.631136880] [slam_toolbox]: Metric Scores: Initial: 0.370241, IOU: 0.822683, Area: 0.904335, Num Con: 2, Reading: 0.455556, outcome score: 0.341908.
[lifelong_slam_toolbox_node-1] [INFO] [1787309401.631210281] [slam_toolbox]: Metric Scores: Initial: 0.942563, IOU: 0.699324, Area: 0.824365, Num Con: 3, Reading: 0.186111, outcome score: 0.940921.
[lifelong_slam_toolbox_node-1] [INFO] [1787309401.631228481] [slam_toolbox]: Metric Scores: Initial: 0.960196, IOU: 0.775626, Area: 0.875204, Num Con: 3, Reading: 0.227778, outcome score: 0.958652.
[lifelong_slam_toolbox_node-1] [INFO] [1787309401.631239381] [slam_toolbox]: Metric Scores: Initial: 0.963033, IOU: 0.799148, Area: 0.889964, Num Con: 3, Reading: 0.233333, outcome score: 0.961516.
[lifelong_slam_toolbox_node-1] [INFO] [1787309401.631250881] [slam_toolbox]: Metric Scores: Initial: 0.956725, IOU: 0.811244, Area: 0.897398, Num Con: 3, Reading: 0.452778, outcome score: 0.954549.
[lifelong_slam_toolbox_node-1] [INFO] [1787309401.631264181] [slam_toolbox]: Metric Scores: Initial: 0.521500, IOU: 0.765491, Area: 0.868730, Num Con: 2, Reading: 0.225000, outcome score: 0.507000.
[lifelong_slam_toolbox_node-1] [INFO] [1787309401.631326981] [slam_toolbox]: Metric Scores: Initial: 0.535000, IOU: 0.787216, Area: 0.882530, Num Con: 2, Reading: 0.233333, outcome score: 0.520000.
[lifelong_slam_toolbox_node-1] [INFO] [1787309401.631348181] [slam_toolbox]: Metric Scores: Initial: 0.512667, IOU: 0.755891, Area: 0.862524, Num Con: 2, Reading: 0.222222, outcome score: 0.498333.
[lifelong_slam_toolbox_node-1] [INFO] [1787309401.631364481] [slam_toolbox]: Metric Scores: Initial: 1.000000, IOU: 0.935227, Area: 0.968011, Num Con: 2, Reading: 0.686111, outcome score: -1.000000.
[lifelong_slam_toolbox_node-1] [INFO] [1787309401.631373582] [slam_toolbox]: Metric Scores: Initial: 0.999000, IOU: 0.928377, Area: 0.963065, Num Con: 3, Reading: 0.686111, outcome score: 0.997959.
[lifelong_slam_toolbox_node-1] [INFO] [1787309402.032527656] [slam_toolbox]: Metric Scores: Initial: 0.341908, IOU: 0.826674, Area: 0.906762, Num Con: 2, Reading: 0.455556, outcome score: 0.313575.
[lifelong_slam_toolbox_node-1] [INFO] [1787309402.032583156] [slam_toolbox]: Metric Scores: Initial: 0.940921, IOU: 0.702718, Area: 0.826738, Num Con: 3, Reading: 0.186111, outcome score: 0.939262.
[lifelong_slam_toolbox_node-1] [INFO] [1787309402.032595356] [slam_toolbox]: Metric Scores: Initial: 0.958652, IOU: 0.779379, Area: 0.877608, Num Con: 3, Reading: 0.227778, outcome score: 0.957087.
[lifelong_slam_toolbox_node-1] [INFO] [1787309402.032605756] [slam_toolbox]: Metric Scores: Initial: 0.961516, IOU: 0.803023, Area: 0.892382, Num Con: 3, Reading: 0.233333, outcome score: 0.959977.
[lifelong_slam_toolbox_node-1] [INFO] [1787309402.032616256] [slam_toolbox]: Metric Scores: Initial: 0.954549, IOU: 0.815181, Area: 0.899822, Num Con: 3, Reading: 0.452778, outcome score: 0.952315.
[lifelong_slam_toolbox_node-1] [INFO] [1787309402.032628656] [slam_toolbox]: Metric Scores: Initial: 0.507000, IOU: 0.769192, Area: 0.871128, Num Con: 2, Reading: 0.225000, outcome score: 0.492500.
[lifelong_slam_toolbox_node-1] [INFO] [1787309402.032638756] [slam_toolbox]: Metric Scores: Initial: 0.520000, IOU: 0.791032, Area: 0.884943, Num Con: 2, Reading: 0.233333, outcome score: 0.505000.
[lifelong_slam_toolbox_node-1] [INFO] [1787309402.032650456] [slam_toolbox]: Metric Scores: Initial: 0.498333, IOU: 0.759544, Area: 0.864917, Num Con: 2, Reading: 0.222222, outcome score: 0.484000.
[lifelong_slam_toolbox_node-1] [INFO] [1787309402.432861025] [slam_toolbox]: Metric Scores: Initial: 0.313575, IOU: 0.831242, Area: 0.909489, Num Con: 2, Reading: 0.455556, outcome score: 0.285241.
[lifelong_slam_toolbox_node-1] [INFO] [1787309402.432917626] [slam_toolbox]: Metric Scores: Initial: 0.939262, IOU: 0.706531, Area: 0.829358, Num Con: 3, Reading: 0.186111, outcome score: 0.937583.
[lifelong_slam_toolbox_node-1] [INFO] [1787309402.432928826] [slam_toolbox]: Metric Scores: Initial: 0.957087, IOU: 0.783650, Area: 0.880296, Num Con: 3, Reading: 0.227778, outcome score: 0.955500.
[lifelong_slam_toolbox_node-1] [INFO] [1787309402.432940126] [slam_toolbox]: Metric Scores: Initial: 0.959977, IOU: 0.807443, Area: 0.895090, Num Con: 3, Reading: 0.233333, outcome score: 0.958417.
[lifelong_slam_toolbox_node-1] [INFO] [1787309402.432949526] [slam_toolbox]: Metric Scores: Initial: 0.952315, IOU: 0.819678, Area: 0.902541, Num Con: 3, Reading: 0.452778, outcome score: 0.950019.
[lifelong_slam_toolbox_node-1] [INFO] [1787309402.432962726] [slam_toolbox]: Metric Scores: Initial: 0.492500, IOU: 0.773401, Area: 0.873807, Num Con: 2, Reading: 0.225000, outcome score: 0.478000.
[lifelong_slam_toolbox_node-1] [INFO] [1787309402.432974126] [slam_toolbox]: Metric Scores: Initial: 0.505000, IOU: 0.795377, Area: 0.887642, Num Con: 2, Reading: 0.233333, outcome score: 0.490000.
[lifelong_slam_toolbox_node-1] [INFO] [1787309402.432986426] [slam_toolbox]: Metric Scores: Initial: 0.484000, IOU: 0.763693, Area: 0.867587, Num Con: 2, Reading: 0.222222, outcome score: 0.469667.
[lifelong_slam_toolbox_node-1] [INFO] [1787309402.432996026] [slam_toolbox]: Metric Scores: Initial: 1.000000, IOU: 0.938987, Area: 0.970048, Num Con: 2, Reading: 0.683333, outcome score: -1.000000.
[lifelong_slam_toolbox_node-1] [INFO] [1787309402.830254579] [slam_toolbox]: Metric Scores: Initial: 0.285241, IOU: 0.836138, Area: 0.912416, Num Con: 2, Reading: 0.455556, outcome score: 0.256908.
[lifelong_slam_toolbox_node-1] [INFO] [1787309402.830314279] [slam_toolbox]: Metric Scores: Initial: 0.937583, IOU: 0.710665, Area: 0.832204, Num Con: 3, Reading: 0.186111, outcome score: 0.935886.
[lifelong_slam_toolbox_node-1] [INFO] [1787309402.830325780] [slam_toolbox]: Metric Scores: Initial: 0.955500, IOU: 0.788244, Area: 0.883192, Num Con: 3, Reading: 0.227778, outcome score: 0.953892.
[lifelong_slam_toolbox_node-1] [INFO] [1787309402.830335780] [slam_toolbox]: Metric Scores: Initial: 0.958417, IOU: 0.812190, Area: 0.898004, Num Con: 3, Reading: 0.233333, outcome score: 0.956834.
[lifelong_slam_toolbox_node-1] [INFO] [1787309402.830394380] [slam_toolbox]: Metric Scores: Initial: 0.950019, IOU: 0.824504, Area: 0.905463, Num Con: 3, Reading: 0.452778, outcome score: 0.947661.
[lifelong_slam_toolbox_node-1] [INFO] [1787309402.830409280] [slam_toolbox]: Metric Scores: Initial: 0.478000, IOU: 0.777930, Area: 0.876694, Num Con: 2, Reading: 0.225000, outcome score: 0.463500.
[lifelong_slam_toolbox_node-1] [INFO] [1787309402.830419680] [slam_toolbox]: Metric Scores: Initial: 0.490000, IOU: 0.800050, Area: 0.890548, Num Con: 2, Reading: 0.233333, outcome score: 0.475000.
[lifelong_slam_toolbox_node-1] [INFO] [1787309402.830429080] [slam_toolbox]: Metric Scores: Initial: 0.469667, IOU: 0.768161, Area: 0.870467, Num Con: 2, Reading: 0.222222, outcome score: 0.455333.
[lifelong_slam_toolbox_node-1] [INFO] [1787309403.230172147] [slam_toolbox]: Metric Scores: Initial: 0.256908, IOU: 0.842952, Area: 0.916410, Num Con: 2, Reading: 0.455556, outcome score: 0.228575.
[lifelong_slam_toolbox_node-1] [INFO] [1787309403.230240347] [slam_toolbox]: Metric Scores: Initial: 0.935886, IOU: 0.716333, Area: 0.836034, Num Con: 3, Reading: 0.186111, outcome score: 0.934171.
[lifelong_slam_toolbox_node-1] [INFO] [1787309403.230250947] [slam_toolbox]: Metric Scores: Initial: 0.953892, IOU: 0.794609, Area: 0.887126, Num Con: 3, Reading: 0.227778, outcome score: 0.952262.
[lifelong_slam_toolbox_node-1] [INFO] [1787309403.230261747] [slam_toolbox]: Metric Scores: Initial: 0.956834, IOU: 0.818778, Area: 0.901970, Num Con: 3, Reading: 0.233333, outcome score: 0.955230.
[lifelong_slam_toolbox_node-1] [INFO] [1787309403.230272047] [slam_toolbox]: Metric Scores: Initial: 0.947661, IOU: 0.831209, Area: 0.909444, Num Con: 3, Reading: 0.452778, outcome score: 0.945239.
[lifelong_slam_toolbox_node-1] [INFO] [1787309403.230281747] [slam_toolbox]: Metric Scores: Initial: 1.000000, IOU: 0.941946, Area: 0.968491, Num Con: 3, Reading: 0.683333, outcome score: 0.999000.
[lifelong_slam_toolbox_node-1] [INFO] [1787309403.230291247] [slam_toolbox]: Metric Scores: Initial: 0.463500, IOU: 0.784198, Area: 0.880615, Num Con: 2, Reading: 0.225000, outcome score: 0.449000.
[lifelong_slam_toolbox_node-1] [INFO] [1787309403.230299947] [slam_toolbox]: Metric Scores: Initial: 0.475000, IOU: 0.806525, Area: 0.894499, Num Con: 2, Reading: 0.233333, outcome score: 0.460000.
[lifelong_slam_toolbox_node-1] [INFO] [1787309403.230309947] [slam_toolbox]: Metric Scores: Initial: 0.455333, IOU: 0.774340, Area: 0.874375, Num Con: 2, Reading: 0.222222, outcome score: 0.441000.
[lifelong_slam_toolbox_node-1] [INFO] [1787309403.630472316] [slam_toolbox]: Metric Scores: Initial: 1.000000, IOU: 0.991744, Area: 0.998138, Num Con: 2, Reading: 0.680556, outcome score: -1.000000.
[lifelong_slam_toolbox_node-1] [INFO] [1787309403.630559417] [slam_toolbox]: Metric Scores: Initial: 0.228575, IOU: 0.848966, Area: 0.919941, Num Con: 2, Reading: 0.455556, outcome score: 0.200241.
[lifelong_slam_toolbox_node-1] [INFO] [1787309403.630570217] [slam_toolbox]: Metric Scores: Initial: 1.000000, IOU: 0.944439, Area: 0.969776, Num Con: 3, Reading: 0.683333, outcome score: 0.999000.
[lifelong_slam_toolbox_node-1] [INFO] [1787309403.630579817] [slam_toolbox]: Metric Scores: Initial: 0.934171, IOU: 0.721380, Area: 0.839451, Num Con: 3, Reading: 0.186111, outcome score: 0.932435.
[lifelong_slam_toolbox_node-1] [INFO] [1787309403.630589517] [slam_toolbox]: Metric Scores: Initial: 0.952262, IOU: 0.800240, Area: 0.890613, Num Con: 3, Reading: 0.227778, outcome score: 0.950609.
[lifelong_slam_toolbox_node-1] [INFO] [1787309403.630598017] [slam_toolbox]: Metric Scores: Initial: 0.955230, IOU: 0.824603, Area: 0.905481, Num Con: 3, Reading: 0.233333, outcome score: 0.953603.
[lifelong_slam_toolbox_node-1] [INFO] [1787309403.630607217] [slam_toolbox]: Metric Scores: Initial: 0.945239, IOU: 0.837133, Area: 0.912967, Num Con: 3, Reading: 0.452778, outcome score: 0.942752.
[lifelong_slam_toolbox_node-1] [INFO] [1787309403.630616017] [slam_toolbox]: Metric Scores: Initial: 0.999000, IOU: 0.935927, Area: 0.965289, Num Con: 3, Reading: 0.683333, outcome score: 0.997959.
[lifelong_slam_toolbox_node-1] [INFO] [1787309403.630625317] [slam_toolbox]: Metric Scores: Initial: 0.449000, IOU: 0.789748, Area: 0.884092, Num Con: 2, Reading: 0.225000, outcome score: 0.434500.
[lifelong_slam_toolbox_node-1] [INFO] [1787309403.630635117] [slam_toolbox]: Metric Scores: Initial: 0.460000, IOU: 0.812254, Area: 0.898000, Num Con: 2, Reading: 0.233333, outcome score: 0.445000.
[lifelong_slam_toolbox_node-1] [INFO] [1787309403.630644317] [slam_toolbox]: Metric Scores: Initial: 0.441000, IOU: 0.779813, Area: 0.877842, Num Con: 2, Reading: 0.222222, outcome score: 0.426667.
[lifelong_slam_toolbox_node-1] [INFO] [1787309404.030858086] [slam_toolbox]: Metric Scores: Initial: 1.000000, IOU: 0.943212, Area: 0.969137, Num Con: 2, Reading: 0.686111, outcome score: -1.000000.
[lifelong_slam_toolbox_node-1] [INFO] [1787309404.030917186] [slam_toolbox]: Metric Scores: Initial: 0.200241, IOU: 0.855714, Area: 0.923895, Num Con: 2, Reading: 0.455556, outcome score: -1.000000.
[lifelong_slam_toolbox_node-1] [INFO] [1787309404.030928086] [slam_toolbox]: Metric Scores: Initial: 0.999000, IOU: 0.941246, Area: 0.968102, Num Con: 3, Reading: 0.683333, outcome score: 0.997959.
[lifelong_slam_toolbox_node-1] [INFO] [1787309404.030939086] [slam_toolbox]: Metric Scores: Initial: 0.932435, IOU: 0.727000, Area: 0.843250, Num Con: 3, Reading: 0.186111, outcome score: 0.930681.
[lifelong_slam_toolbox_node-1] [INFO] [1787309404.030949387] [slam_toolbox]: Metric Scores: Initial: 0.950609, IOU: 0.806545, Area: 0.894510, Num Con: 3, Reading: 0.227778, outcome score: 0.948934.
[lifelong_slam_toolbox_node-1] [INFO] [1787309404.030959587] [slam_toolbox]: Metric Scores: Initial: 0.953603, IOU: 0.831129, Area: 0.909408, Num Con: 3, Reading: 0.233333, outcome score: 0.951954.
[lifelong_slam_toolbox_node-1] [INFO] [1787309404.030969387] [slam_toolbox]: Metric Scores: Initial: 0.942752, IOU: 0.843774, Area: 0.916908, Num Con: 3, Reading: 0.452778, outcome score: 0.940197.
[lifelong_slam_toolbox_node-1] [INFO] [1787309404.030978787] [slam_toolbox]: Metric Scores: Initial: 0.997959, IOU: 0.932761, Area: 0.963614, Num Con: 3, Reading: 0.686111, outcome score: 0.996875.
[lifelong_slam_toolbox_node-1] [INFO] [1787309404.030989287] [slam_toolbox]: Metric Scores: Initial: 0.434500, IOU: 0.795959, Area: 0.887976, Num Con: 2, Reading: 0.225000, outcome score: 0.420000.
[lifelong_slam_toolbox_node-1] [INFO] [1787309404.030998987] [slam_toolbox]: Metric Scores: Initial: 0.445000, IOU: 0.818669, Area: 0.901913, Num Con: 2, Reading: 0.233333, outcome score: 0.430000.
[lifelong_slam_toolbox_node-1] [INFO] [1787309404.031008087] [slam_toolbox]: Metric Scores: Initial: 0.426667, IOU: 0.785935, Area: 0.881714, Num Con: 2, Reading: 0.222222, outcome score: 0.412333.
[lifelong_slam_toolbox_node-1] [INFO] [1787309404.431573158] [slam_toolbox]: Metric Scores: Initial: 0.930681, IOU: 0.732997, Area: 0.847236, Num Con: 3, Reading: 0.186111, outcome score: 0.928907.
[lifelong_slam_toolbox_node-1] [INFO] [1787309404.431625058] [slam_toolbox]: Metric Scores: Initial: 0.948934, IOU: 0.813283, Area: 0.898601, Num Con: 3, Reading: 0.227778, outcome score: 0.947236.
[lifelong_slam_toolbox_node-1] [INFO] [1787309404.431635958] [slam_toolbox]: Metric Scores: Initial: 0.951954, IOU: 0.838106, Area: 0.913531, Num Con: 3, Reading: 0.233333, outcome score: 0.950281.
[lifelong_slam_toolbox_node-1] [INFO] [1787309404.431645858] [slam_toolbox]: Metric Scores: Initial: 0.940197, IOU: 0.850875, Area: 0.921047, Num Con: 2, Reading: 0.452778, outcome score: -1.000000.
[lifelong_slam_toolbox_node-1] [INFO] [1787309404.431656558] [slam_toolbox]: Metric Scores: Initial: 0.420000, IOU: 0.802595, Area: 0.892054, Num Con: 2, Reading: 0.225000, outcome score: 0.405500.
[lifelong_slam_toolbox_node-1] [INFO] [1787309404.431667058] [slam_toolbox]: Metric Scores: Initial: 0.430000, IOU: 0.825526, Area: 0.906020, Num Con: 2, Reading: 0.233333, outcome score: 0.415000.
[lifelong_slam_toolbox_node-1] [INFO] [1787309404.431677258] [slam_toolbox]: Metric Scores: Initial: 0.412333, IOU: 0.792476, Area: 0.885778, Num Con: 2, Reading: 0.222222, outcome score: 0.398000.
[lifelong_slam_toolbox_node-1] [INFO] [1787309404.869184129] [slam_toolbox]: Metric Scores: Initial: 1.000000, IOU: 0.990857, Area: 0.997684, Num Con: 2, Reading: 0.677778, outcome score: -1.000000.
[lifelong_slam_toolbox_node-1] [INFO] [1787309404.869356230] [slam_toolbox]: Metric Scores: Initial: 1.000000, IOU: 0.934969, Area: 0.964784, Num Con: 4, Reading: 0.686111, outcome score: 0.999000.
[lifelong_slam_toolbox_node-1] [INFO] [1787309404.869381331] [slam_toolbox]: Metric Scores: Initial: 0.928907, IOU: 0.739140, Area: 0.851318, Num Con: 3, Reading: 0.186111, outcome score: 0.927113.
[lifelong_slam_toolbox_node-1] [INFO] [1787309404.869398231] [slam_toolbox]: Metric Scores: Initial: 0.947236, IOU: 0.820181, Area: 0.902788, Num Con: 3, Reading: 0.227778, outcome score: 0.945515.
[lifelong_slam_toolbox_node-1] [INFO] [1787309404.869588032] [slam_toolbox]: Metric Scores: Initial: 0.950281, IOU: 0.845249, Area: 0.917749, Num Con: 2, Reading: 0.233333, outcome score: 0.935281.
[lifelong_slam_toolbox_node-1] [INFO] [1787309404.869611032] [slam_toolbox]: Metric Scores: Initial: 0.405500, IOU: 0.809389, Area: 0.896226, Num Con: 2, Reading: 0.225000, outcome score: 0.391000.
[lifelong_slam_toolbox_node-1] [INFO] [1787309404.869626532] [slam_toolbox]: Metric Scores: Initial: 0.415000, IOU: 0.832546, Area: 0.910223, Num Con: 2, Reading: 0.233333, outcome score: 0.400000.
[lifelong_slam_toolbox_node-1] [INFO] [1787309404.869698932] [slam_toolbox]: Metric Scores: Initial: 0.398000, IOU: 0.799172, Area: 0.889937, Num Con: 2, Reading: 0.222222, outcome score: 0.383667.
[lifelong_slam_toolbox_node-1] [INFO] [1787309405.239849638] [slam_toolbox]: Metric Scores: Initial: 1.000000, IOU: 0.990314, Area: 0.991250, Num Con: 2, Reading: 0.672222, outcome score: -1.000000.
[lifelong_slam_toolbox_node-1] [INFO] [1787309405.239922439] [slam_toolbox]: Metric Scores: Initial: 0.997974, IOU: 0.980752, Area: 0.986534, Num Con: 2, Reading: 0.666667, outcome score: -1.000000.
[lifelong_slam_toolbox_node-1] [INFO] [1787309405.239965039] [slam_toolbox]: Metric Scores: Initial: 1.000000, IOU: 0.929226, Area: 0.963192, Num Con: 2, Reading: 0.683333, outcome score: -1.000000.
[lifelong_slam_toolbox_node-1] [INFO] [1787309405.239980939] [slam_toolbox]: Metric Scores: Initial: 0.999000, IOU: 0.924001, Area: 0.958871, Num Con: 4, Reading: 0.686111, outcome score: 0.997959.
[lifelong_slam_toolbox_node-1] [INFO] [1787309405.240002839] [slam_toolbox]: Metric Scores: Initial: 0.927113, IOU: 0.747544, Area: 0.856829, Num Con: 3, Reading: 0.186111, outcome score: 0.925299.
[lifelong_slam_toolbox_node-1] [INFO] [1787309405.240017039] [slam_toolbox]: Metric Scores: Initial: 0.945515, IOU: 0.829649, Area: 0.908455, Num Con: 3, Reading: 0.227778, outcome score: 0.943771.
[lifelong_slam_toolbox_node-1] [INFO] [1787309405.240033039] [slam_toolbox]: Metric Scores: Initial: 0.935281, IOU: 0.855059, Area: 0.923462, Num Con: 2, Reading: 0.233333, outcome score: -1.000000.
[lifelong_slam_toolbox_node-1] [INFO] [1787309405.240047939] [slam_toolbox]: Metric Scores: Initial: 0.391000, IOU: 0.818712, Area: 0.901873, Num Con: 2, Reading: 0.225000, outcome score: 0.376500.
[lifelong_slam_toolbox_node-1] [INFO] [1787309405.240064039] [slam_toolbox]: Metric Scores: Initial: 0.400000, IOU: 0.842183, Area: 0.915914, Num Con: 2, Reading: 0.233333, outcome score: 0.385000.
[lifelong_slam_toolbox_node-1] [INFO] [1787309405.240079140] [slam_toolbox]: Metric Scores: Initial: 0.383667, IOU: 0.808359, Area: 0.895565, Num Con: 2, Reading: 0.222222, outcome score: 0.369333.
[lifelong_slam_toolbox_node-1] 
[lifelong_slam_toolbox_node-1] Solver Summary (v 2.2.0-eigen-(3.4.0)-lapack-suitesparse-(7.6.1)-eigensparse)
[lifelong_slam_toolbox_node-1] 
[lifelong_slam_toolbox_node-1]                                      Original                  Reduced
[lifelong_slam_toolbox_node-1] Parameter blocks                          249                      159
[lifelong_slam_toolbox_node-1] Parameters                                249                      159
[lifelong_slam_toolbox_node-1] Residual blocks                            48                       48
[lifelong_slam_toolbox_node-1] Residuals                                 144                      144
[lifelong_slam_toolbox_node-1] 
[lifelong_slam_toolbox_node-1] Minimizer                        TRUST_REGION
[lifelong_slam_toolbox_node-1] Trust region strategy     LEVENBERG_MARQUARDT
[lifelong_slam_toolbox_node-1] Sparse linear algebra library    SUITE_SPARSE 
[lifelong_slam_toolbox_node-1] 
[lifelong_slam_toolbox_node-1]                                         Given                     Used
[lifelong_slam_toolbox_node-1] Linear solver          SPARSE_NORMAL_CHOLESKY   SPARSE_NORMAL_CHOLESKY
[lifelong_slam_toolbox_node-1] Threads                                    50                        8
[lifelong_slam_toolbox_node-1] Linear solver ordering              AUTOMATIC                      159
[lifelong_slam_toolbox_node-1] 
[lifelong_slam_toolbox_node-1] Cost:
[lifelong_slam_toolbox_node-1] Initial                          7.321464e-01
[lifelong_slam_toolbox_node-1] Final                            3.991994e-02
[lifelong_slam_toolbox_node-1] Change                           6.922264e-01
[lifelong_slam_toolbox_node-1] 
[lifelong_slam_toolbox_node-1] Minimizer iterations                        2
[lifelong_slam_toolbox_node-1] Successful steps                            2
[lifelong_slam_toolbox_node-1] Unsuccessful steps                          0
[lifelong_slam_toolbox_node-1] 
[lifelong_slam_toolbox_node-1] Time (in seconds):
[lifelong_slam_toolbox_node-1] Preprocessor                         0.000371
[lifelong_slam_toolbox_node-1] 
[lifelong_slam_toolbox_node-1]   Residual only evaluation           0.000037 (2)
[lifelong_slam_toolbox_node-1]   Jacobian & residual evaluation     0.000183 (2)
[lifelong_slam_toolbox_node-1]   Linear solver                      0.000268 (2)
[lifelong_slam_toolbox_node-1] Minimizer                            0.000597
[lifelong_slam_toolbox_node-1] 
[lifelong_slam_toolbox_node-1] Postprocessor                        0.000016
[lifelong_slam_toolbox_node-1] Total                                0.000985
[lifelong_slam_toolbox_node-1] 
[lifelong_slam_toolbox_node-1] Termination:                      CONVERGENCE (Parameter tolerance reached. Relative step_norm: 2.819596e-05 <= 1.000000e-03.)
[lifelong_slam_toolbox_node-1] 
[lifelong_slam_toolbox_node-1] W20260821 10:50:05.674860 600212 preprocessor.cc:67] Specified options.num_threads: 50 exceeds maximum available from the threading model Ceres was compiled with: 8.  Bounding to maximum number available.
[lifelong_slam_toolbox_node-1] [INFO] [1787309405.679535721] [slam_toolbox]: Metric Scores: Initial: 0.997959, IOU: 0.916164, Area: 0.954635, Num Con: 3, Reading: 0.686111, outcome score: 0.996875.
[lifelong_slam_toolbox_node-1] [INFO] [1787309405.679600722] [slam_toolbox]: Metric Scores: Initial: 0.925299, IOU: 0.753627, Area: 0.860799, Num Con: 3, Reading: 0.186111, outcome score: 0.923465.
[lifelong_slam_toolbox_node-1] [INFO] [1787309405.679616122] [slam_toolbox]: Metric Scores: Initial: 0.943771, IOU: 0.836458, Area: 0.912504, Num Con: 3, Reading: 0.227778, outcome score: 0.942002.
[lifelong_slam_toolbox_node-1] [INFO] [1787309405.679646722] [slam_toolbox]: Metric Scores: Initial: 0.376500, IOU: 0.825417, Area: 0.905909, Num Con: 2, Reading: 0.225000, outcome score: 0.362000.
[lifelong_slam_toolbox_node-1] [INFO] [1787309405.679667522] [slam_toolbox]: Metric Scores: Initial: 0.369333, IOU: 0.814966, Area: 0.899588, Num Con: 2, Reading: 0.222222, outcome score: 0.355000.
[lifelong_slam_toolbox_node-1] [INFO] [1787309406.028987615] [slam_toolbox]: Metric Scores: Initial: 0.996875, IOU: 0.905437, Area: 0.948739, Num Con: 3, Reading: 0.686111, outcome score: 0.995746.
[lifelong_slam_toolbox_node-1] [INFO] [1787309406.029046315] [slam_toolbox]: Metric Scores: Initial: 0.923465, IOU: 0.762259, Area: 0.866366, Num Con: 3, Reading: 0.186111, outcome score: 0.921610.
[lifelong_slam_toolbox_node-1] [INFO] [1787309406.029057515] [slam_toolbox]: Metric Scores: Initial: 0.942002, IOU: 0.846205, Area: 0.918235, Num Con: 3, Reading: 0.227778, outcome score: 0.940210.
[lifelong_slam_toolbox_node-1] [INFO] [1787309406.029068616] [slam_toolbox]: Metric Scores: Initial: 0.362000, IOU: 0.835012, Area: 0.911619, Num Con: 2, Reading: 0.225000, outcome score: 0.347500.
[lifelong_slam_toolbox_node-1] [INFO] [1787309406.029081716] [slam_toolbox]: Metric Scores: Initial: 0.355000, IOU: 0.824418, Area: 0.905278, Num Con: 2, Reading: 0.222222, outcome score: 0.340667.
[lifelong_slam_toolbox_node-1] [INFO] [1787309406.029097716] [slam_toolbox]: Metric Scores: Initial: 1.000000, IOU: 0.916193, Area: 0.956136, Num Con: 3, Reading: 0.683333, outcome score: 0.999000.
[lifelong_slam_toolbox_node-1] [INFO] [1787309406.429101184] [slam_toolbox]: Metric Scores: Initial: 1.000000, IOU: 0.989749, Area: 0.994053, Num Con: 2, Reading: 0.661111, outcome score: -1.000000.
[lifelong_slam_toolbox_node-1] [INFO] [1787309406.429160784] [slam_toolbox]: Metric Scores: Initial: 0.997968, IOU: 0.976271, Area: 0.987218, Num Con: 2, Reading: 0.538889, outcome score: -1.000000.
[lifelong_slam_toolbox_node-1] [INFO] [1787309406.429184484] [slam_toolbox]: Metric Scores: Initial: 0.995746, IOU: 0.895222, Area: 0.943108, Num Con: 3, Reading: 0.686111, outcome score: 0.994571.
[lifelong_slam_toolbox_node-1] [INFO] [1787309406.429208384] [slam_toolbox]: Metric Scores: Initial: 0.921610, IOU: 0.770614, Area: 0.871745, Num Con: 3, Reading: 0.186111, outcome score: 0.919735.
[lifelong_slam_toolbox_node-1] [INFO] [1787309406.429219984] [slam_toolbox]: Metric Scores: Initial: 0.940210, IOU: 0.855599, Area: 0.923744, Num Con: 3, Reading: 0.227778, outcome score: 0.938392.
[lifelong_slam_toolbox_node-1] [INFO] [1787309406.429232784] [slam_toolbox]: Metric Scores: Initial: 0.347500, IOU: 0.844262, Area: 0.917111, Num Con: 2, Reading: 0.225000, outcome score: 0.333000.
[lifelong_slam_toolbox_node-1] [INFO] [1787309406.429245084] [slam_toolbox]: Metric Scores: Initial: 0.340667, IOU: 0.833533, Area: 0.910753, Num Con: 2, Reading: 0.222222, outcome score: 0.326333.
[lifelong_slam_toolbox_node-1] [INFO] [1787309406.429260784] [slam_toolbox]: Metric Scores: Initial: 1.000000, IOU: 0.911441, Area: 0.953568, Num Con: 2, Reading: 0.686111, outcome score: -1.000000.
[lifelong_slam_toolbox_node-1] [INFO] [1787309406.429271084] [slam_toolbox]: Metric Scores: Initial: 0.999000, IOU: 0.905853, Area: 0.950491, Num Con: 3, Reading: 0.683333, outcome score: 0.997959.
[lifelong_slam_toolbox_node-1] [INFO] [1787309406.830065357] [slam_toolbox]: Metric Scores: Initial: 0.994571, IOU: 0.884622, Area: 0.937158, Num Con: 3, Reading: 0.686111, outcome score: 0.993348.
[lifelong_slam_toolbox_node-1] [INFO] [1787309406.830122657] [slam_toolbox]: Metric Scores: Initial: 0.919735, IOU: 0.779593, Area: 0.877429, Num Con: 3, Reading: 0.186111, outcome score: 0.917839.
[lifelong_slam_toolbox_node-1] [INFO] [1787309406.830133557] [slam_toolbox]: Metric Scores: Initial: 0.938392, IOU: 0.865740, Area: 0.929588, Num Con: 3, Reading: 0.227778, outcome score: 0.936551.
[lifelong_slam_toolbox_node-1] [INFO] [1787309406.830145157] [slam_toolbox]: Metric Scores: Initial: 0.333000, IOU: 0.854244, Area: 0.922935, Num Con: 2, Reading: 0.225000, outcome score: -1.000000.
[lifelong_slam_toolbox_node-1] [INFO] [1787309406.830158157] [slam_toolbox]: Metric Scores: Initial: 0.326333, IOU: 0.843366, Area: 0.916557, Num Con: 2, Reading: 0.222222, outcome score: 0.312000.
[lifelong_slam_toolbox_node-1] [INFO] [1787309406.830222757] [slam_toolbox]: Metric Scores: Initial: 1.000000, IOU: 0.906583, Area: 0.950868, Num Con: 2, Reading: 0.686111, outcome score: -1.000000.
[lifelong_slam_toolbox_node-1] [INFO] [1787309407.229372721] [slam_toolbox]: Metric Scores: Initial: 0.993348, IOU: 0.872856, Area: 0.930481, Num Con: 3, Reading: 0.525000, outcome score: 0.992138.
[lifelong_slam_toolbox_node-1] [INFO] [1787309407.229425021] [slam_toolbox]: Metric Scores: Initial: 0.917839, IOU: 0.789871, Area: 0.883872, Num Con: 3, Reading: 0.427778, outcome score: 0.914730.
[lifelong_slam_toolbox_node-1] [INFO] [1787309407.229436921] [slam_toolbox]: Metric Scores: Initial: 0.936551, IOU: 0.877364, Area: 0.936215, Num Con: 2, Reading: 0.436111, outcome score: -1.000000.
[lifelong_slam_toolbox_node-1] [INFO] [1787309407.631771901] [slam_toolbox]: Metric Scores: Initial: 0.992138, IOU: 0.862187, Area: 0.924400, Num Con: 3, Reading: 0.433333, outcome score: 0.990934.
[lifelong_slam_toolbox_node-1] [INFO] [1787309407.631827802] [slam_toolbox]: Metric Scores: Initial: 0.914730, IOU: 0.799488, Area: 0.889878, Num Con: 3, Reading: 0.430556, outcome score: 0.911527.
[lifelong_slam_toolbox_node-1] [INFO] [1787309407.631841002] [slam_toolbox]: Metric Scores: Initial: 1.000000, IOU: 0.896950, Area: 0.945595, Num Con: 2, Reading: 0.441667, outcome score: -1.000000.
[lifelong_slam_toolbox_node-1] [INFO] [1787309408.029239655] [slam_toolbox]: Metric Scores: Initial: 1.000000, IOU: 0.996396, Area: 0.996396, Num Con: 2, Reading: 0.605556, outcome score: -1.000000.
[lifelong_slam_toolbox_node-1] [INFO] [1787309408.029326956] [slam_toolbox]: Metric Scores: Initial: 0.990934, IOU: 0.850120, Area: 0.916968, Num Con: 3, Reading: 0.430556, outcome score: 0.989699.
[lifelong_slam_toolbox_node-1] [INFO] [1787309408.029340056] [slam_toolbox]: Metric Scores: Initial: 0.911527, IOU: 0.810647, Area: 0.896307, Num Con: 3, Reading: 0.430556, outcome score: 0.908241.
[lifelong_slam_toolbox_node-1] [INFO] [1787309408.029349556] [slam_toolbox]: Metric Scores: Initial: 1.000000, IOU: 0.891452, Area: 0.942064, Num Con: 2, Reading: 0.441667, outcome score: -1.000000.
[lifelong_slam_toolbox_node-1] [INFO] [1787309408.427908716] [slam_toolbox]: Metric Scores: Initial: 1.000000, IOU: 0.996774, Area: 0.997740, Num Con: 2, Reading: 0.608333, outcome score: -1.000000.
[lifelong_slam_toolbox_node-1] [INFO] [1787309408.427971016] [slam_toolbox]: Metric Scores: Initial: 0.997976, IOU: 0.988024, Area: 0.993290, Num Con: 2, Reading: 0.611111, outcome score: -1.000000.
[lifelong_slam_toolbox_node-1] [INFO] [1787309408.428017517] [slam_toolbox]: Metric Scores: Initial: 0.989699, IOU: 0.839535, Area: 0.910749, Num Con: 3, Reading: 0.430556, outcome score: 0.988433.
[lifelong_slam_toolbox_node-1] [INFO] [1787309408.428031617] [slam_toolbox]: Metric Scores: Initial: 0.908241, IOU: 0.820720, Area: 0.902412, Num Con: 3, Reading: 0.430556, outcome score: 0.904871.
[lifelong_slam_toolbox_node-1] [INFO] [1787309408.828681288] [slam_toolbox]: Metric Scores: Initial: 1.000000, IOU: 0.883047, Area: 0.937398, Num Con: 2, Reading: 0.444444, outcome score: -1.000000.
[lifelong_slam_toolbox_node-1] [INFO] [1787309408.828736988] [slam_toolbox]: Metric Scores: Initial: 0.988433, IOU: 0.827966, Area: 0.903912, Num Con: 3, Reading: 0.430556, outcome score: 0.987134.
[lifelong_slam_toolbox_node-1] [INFO] [1787309408.828748188] [slam_toolbox]: Metric Scores: Initial: 0.904871, IOU: 0.832162, Area: 0.909308, Num Con: 3, Reading: 0.430556, outcome score: 0.901414.
[lifelong_slam_toolbox_node-1] [INFO] [1787309409.228493355] [slam_toolbox]: Metric Scores: Initial: 0.987134, IOU: 0.817004, Area: 0.897311, Num Con: 3, Reading: 0.430556, outcome score: 0.985802.
[lifelong_slam_toolbox_node-1] [INFO] [1787309409.228546055] [slam_toolbox]: Metric Scores: Initial: 0.901414, IOU: 0.843345, Area: 0.915922, Num Con: 3, Reading: 0.430556, outcome score: 0.897867.
[lifelong_slam_toolbox_node-1] [INFO] [1787309409.629309027] [slam_toolbox]: Metric Scores: Initial: 1.000000, IOU: 0.990225, Area: 0.993890, Num Con: 2, Reading: 0.608333, outcome score: -1.000000.
[lifelong_slam_toolbox_node-1] [INFO] [1787309409.629363227] [slam_toolbox]: Metric Scores: Initial: 0.996924, IOU: 0.978520, Area: 0.987986, Num Con: 2, Reading: 0.605556, outcome score: -1.000000.
[lifelong_slam_toolbox_node-1] [INFO] [1787309409.629397527] [slam_toolbox]: Metric Scores: Initial: 1.000000, IOU: 0.877390, Area: 0.934209, Num Con: 3, Reading: 0.438889, outcome score: 0.999000.
[lifelong_slam_toolbox_node-1] [INFO] [1787309409.629414027] [slam_toolbox]: Metric Scores: Initial: 0.985802, IOU: 0.805561, Area: 0.890346, Num Con: 3, Reading: 0.427778, outcome score: 0.984438.
[lifelong_slam_toolbox_node-1] [INFO] [1787309409.629460628] [slam_toolbox]: Metric Scores: Initial: 0.897867, IOU: 0.855367, Area: 0.922955, Num Con: 3, Reading: 0.433333, outcome score: 0.894211.
[lifelong_slam_toolbox_node-1] [INFO] [1787309410.028066588] [slam_toolbox]: Metric Scores: Initial: 1.000000, IOU: 0.876826, Area: 0.933929, Num Con: 3, Reading: 0.433333, outcome score: 0.999000.
[lifelong_slam_toolbox_node-1] [INFO] [1787309410.028122488] [slam_toolbox]: Metric Scores: Initial: 0.999000, IOU: 0.866650, Area: 0.928093, Num Con: 3, Reading: 0.436111, outcome score: 0.997974.
[lifelong_slam_toolbox_node-1] [INFO] [1787309410.028139188] [slam_toolbox]: Metric Scores: Initial: 0.984438, IOU: 0.795874, Area: 0.884395, Num Con: 3, Reading: 0.427778, outcome score: 0.983038.
[lifelong_slam_toolbox_node-1] [INFO] [1787309410.028148688] [slam_toolbox]: Metric Scores: Initial: 0.894211, IOU: 0.865973, Area: 0.929099, Num Con: 3, Reading: 0.433333, outcome score: 0.890461.
[lifelong_slam_toolbox_node-1] [INFO] [1787309410.428869460] [slam_toolbox]: Metric Scores: Initial: 1.000000, IOU: 0.995331, Area: 0.995331, Num Con: 2, Reading: 0.605556, outcome score: -1.000000.
[lifelong_slam_toolbox_node-1] [INFO] [1787309410.428956860] [slam_toolbox]: Metric Scores: Initial: 1.000000, IOU: 0.875369, Area: 0.933074, Num Con: 2, Reading: 0.433333, outcome score: -1.000000.
[lifelong_slam_toolbox_node-1] [INFO] [1787309410.428966961] [slam_toolbox]: Metric Scores: Initial: 0.999000, IOU: 0.865602, Area: 0.927510, Num Con: 3, Reading: 0.433333, outcome score: 0.997974.
[lifelong_slam_toolbox_node-1] [INFO] [1787309410.428976561] [slam_toolbox]: Metric Scores: Initial: 0.997974, IOU: 0.855582, Area: 0.921694, Num Con: 3, Reading: 0.436111, outcome score: 0.996921.
[lifelong_slam_toolbox_node-1] [INFO] [1787309410.428990561] [slam_toolbox]: Metric Scores: Initial: 0.983038, IOU: 0.785865, Area: 0.878156, Num Con: 3, Reading: 0.427778, outcome score: 0.981603.
[lifelong_slam_toolbox_node-1] [INFO] [1787309410.429000061] [slam_toolbox]: Metric Scores: Initial: 0.890461, IOU: 0.877205, Area: 0.935507, Num Con: 3, Reading: 0.433333, outcome score: 0.886613.
[lifelong_slam_toolbox_node-1] 
[lifelong_slam_toolbox_node-1] Solver Summary (v 2.2.0-eigen-(3.4.0)-lapack-suitesparse-(7.6.1)-eigensparse)
[lifelong_slam_toolbox_node-1] 
[lifelong_slam_toolbox_node-1]                                      Original                  Reduced
[lifelong_slam_toolbox_node-1] Parameter blocks                          246                      162
[lifelong_slam_toolbox_node-1] Parameters                                246                      162
[lifelong_slam_toolbox_node-1] Residual blocks                            46                       46
[lifelong_slam_toolbox_node-1] Residuals                                 138                      138
[lifelong_slam_toolbox_node-1] 
[lifelong_slam_toolbox_node-1] Minimizer                        TRUST_REGION
[lifelong_slam_toolbox_node-1] Trust region strategy     LEVENBERG_MARQUARDT
[lifelong_slam_toolbox_node-1] Sparse linear algebra library    SUITE_SPARSE 
[lifelong_slam_toolbox_node-1] 
[lifelong_slam_toolbox_node-1]                                         Given                     Used
[lifelong_slam_toolbox_node-1] Linear solver          SPARSE_NORMAL_CHOLESKY   SPARSE_NORMAL_CHOLESKY
[lifelong_slam_toolbox_node-1] Threads                                    50                        8
[lifelong_slam_toolbox_node-1] Linear solver ordering              AUTOMATIC                      162
[lifelong_slam_toolbox_node-1] 
[lifelong_slam_toolbox_node-1] Cost:
[lifelong_slam_toolbox_node-1] Initial                          9.507074e-02
[lifelong_slam_toolbox_node-1] Final                            1.699144e-06
[lifelong_slam_toolbox_node-1] Change                           9.506904e-02
[lifelong_slam_toolbox_node-1] 
[lifelong_slam_toolbox_node-1] Minimizer iterations                        2
[lifelong_slam_toolbox_node-1] Successful steps                            2
[lifelong_slam_toolbox_node-1] Unsuccessful steps                          0
[lifelong_slam_toolbox_node-1] 
[lifelong_slam_toolbox_node-1] Time (in seconds):
[lifelong_slam_toolbox_node-1] Preprocessor                         0.000287
[lifelong_slam_toolbox_node-1] 
[lifelong_slam_toolbox_node-1]   Residual only evaluation           0.000095 (2)
[lifelong_slam_toolbox_node-1]   Jacobian & residual evaluation     0.000977 (2)
[lifelong_slam_toolbox_node-1]   Linear solver                      0.000488 (2)
[lifelong_slam_toolbox_node-1] Minimizer                            0.001884
[lifelong_slam_toolbox_node-1] 
[lifelong_slam_toolbox_node-1] Postprocessor                        0.000045
[lifelong_slam_toolbox_node-1] Total                                0.002216
[lifelong_slam_toolbox_node-1] 
[lifelong_slam_toolbox_node-1] Termination:                      CONVERGENCE (Parameter tolerance reached. Relative step_norm: 3.733371e-05 <= 1.000000e-03.)
[lifelong_slam_toolbox_node-1] 
[lifelong_slam_toolbox_node-1] W20260821 10:50:10.853928 600212 preprocessor.cc:67] Specified options.num_threads: 50 exceeds maximum available from the threading model Ceres was compiled with: 8.  Bounding to maximum number available.
[lifelong_slam_toolbox_node-1] [INFO] [1787309410.855582072] [slam_toolbox]: Metric Scores: Initial: 0.886613, IOU: 0.888592, Area: 0.941924, Num Con: 3, Reading: 0.433333, outcome score: 0.882665.
[lifelong_slam_toolbox_node-1] [INFO] [1787309410.855630173] [slam_toolbox]: Metric Scores: Initial: 0.981603, IOU: 0.775932, Area: 0.871894, Num Con: 3, Reading: 0.427778, outcome score: 0.980131.
[lifelong_slam_toolbox_node-1] [INFO] [1787309410.855640973] [slam_toolbox]: Metric Scores: Initial: 0.996921, IOU: 0.844640, Area: 0.915291, Num Con: 3, Reading: 0.436111, outcome score: 0.995840.
[lifelong_slam_toolbox_node-1] [INFO] [1787309410.855653973] [slam_toolbox]: Metric Scores: Initial: 0.997974, IOU: 0.854508, Area: 0.921087, Num Con: 2, Reading: 0.433333, outcome score: -1.000000.
[lifelong_slam_toolbox_node-1] [INFO] [1787309411.239851555] [slam_toolbox]: Metric Scores: Initial: 0.882665, IOU: 0.898758, Area: 0.947615, Num Con: 3, Reading: 0.433333, outcome score: 0.878614.
[lifelong_slam_toolbox_node-1] [INFO] [1787309411.239923155] [slam_toolbox]: Metric Scores: Initial: 0.980131, IOU: 0.767365, Area: 0.866461, Num Con: 3, Reading: 0.425000, outcome score: 0.978624.
[lifelong_slam_toolbox_node-1] [INFO] [1787309411.239937655] [slam_toolbox]: Metric Scores: Initial: 0.995840, IOU: 0.835189, Area: 0.909726, Num Con: 2, Reading: 0.436111, outcome score: 0.968674.
[lifelong_slam_toolbox_node-1] [INFO] [1787309411.239968456] [slam_toolbox]: Metric Scores: Initial: 1.000000, IOU: 0.876590, Area: 0.933817, Num Con: 3, Reading: 0.600000, outcome score: 0.999000.
[lifelong_slam_toolbox_node-1] [INFO] [1787309411.646411958] [slam_toolbox]: Metric Scores: Initial: 1.000000, IOU: 0.990825, Area: 0.996332, Num Con: 2, Reading: 0.605556, outcome score: -1.000000.
[lifelong_slam_toolbox_node-1] [INFO] [1787309411.646496059] [slam_toolbox]: Metric Scores: Initial: 0.878614, IOU: 0.909457, Area: 0.953512, Num Con: 3, Reading: 0.466667, outcome score: 0.874215.
[lifelong_slam_toolbox_node-1] [INFO] [1787309411.646515159] [slam_toolbox]: Metric Scores: Initial: 0.978624, IOU: 0.758633, Area: 0.860844, Num Con: 3, Reading: 0.363889, outcome score: 0.977157.
[lifelong_slam_toolbox_node-1] [INFO] [1787309411.646528759] [slam_toolbox]: Metric Scores: Initial: 0.968674, IOU: 0.825540, Area: 0.903958, Num Con: 2, Reading: 0.355556, outcome score: 0.946340.
[lifelong_slam_toolbox_node-1] [INFO] [1787309411.646559659] [slam_toolbox]: Metric Scores: Initial: 1.000000, IOU: 0.877104, Area: 0.934070, Num Con: 2, Reading: 0.563889, outcome score: -1.000000.
[lifelong_slam_toolbox_node-1] [INFO] [1787309411.646574359] [slam_toolbox]: Metric Scores: Initial: 0.999000, IOU: 0.866369, Area: 0.927972, Num Con: 3, Reading: 0.563889, outcome score: 0.997966.
[lifelong_slam_toolbox_node-1] [INFO] [1787309412.038043881] [slam_toolbox]: Metric Scores: Initial: 0.874215, IOU: 0.919493, Area: 0.959013, Num Con: 3, Reading: 0.655556, outcome score: 0.868268.
[lifelong_slam_toolbox_node-1] [INFO] [1787309412.038099781] [slam_toolbox]: Metric Scores: Initial: 0.977157, IOU: 0.750542, Area: 0.855617, Num Con: 3, Reading: 0.213889, outcome score: 0.975864.
[lifelong_slam_toolbox_node-1] [INFO] [1787309412.038110281] [slam_toolbox]: Metric Scores: Initial: 0.946340, IOU: 0.816657, Area: 0.898622, Num Con: 2, Reading: 0.200000, outcome score: 0.933340.
[lifelong_slam_toolbox_node-1] [INFO] [1787309412.427913193] [slam_toolbox]: Metric Scores: Initial: 0.868268, IOU: 0.929279, Area: 0.964289, Num Con: 3, Reading: 0.655556, outcome score: 0.862086.
[lifelong_slam_toolbox_node-1] [INFO] [1787309412.427976094] [slam_toolbox]: Metric Scores: Initial: 0.975864, IOU: 0.743036, Area: 0.850695, Num Con: 3, Reading: 0.169444, outcome score: 0.974619.
[lifelong_slam_toolbox_node-1] [INFO] [1787309412.427987494] [slam_toolbox]: Metric Scores: Initial: 0.933340, IOU: 0.808337, Area: 0.893546, Num Con: 2, Reading: 0.200000, outcome score: 0.920340.
[lifelong_slam_toolbox_node-1] [INFO] [1787309412.428003594] [slam_toolbox]: Metric Scores: Initial: 1.000000, IOU: 0.881807, Area: 0.937199, Num Con: 2, Reading: 0.400000, outcome score: -1.000000.
[lifelong_slam_toolbox_node-1] [INFO] [1787309412.827254857] [slam_toolbox]: Metric Scores: Initial: 1.000000, IOU: 0.999257, Area: 0.999623, Num Con: 2, Reading: 0.625000, outcome score: -1.000000.
[lifelong_slam_toolbox_node-1] [INFO] [1787309412.827332858] [slam_toolbox]: Metric Scores: Initial: 0.862086, IOU: 0.938066, Area: 0.969007, Num Con: 3, Reading: 0.655556, outcome score: 0.855662.
[lifelong_slam_toolbox_node-1] [INFO] [1787309412.827345858] [slam_toolbox]: Metric Scores: Initial: 0.974619, IOU: 0.736297, Area: 0.846264, Num Con: 3, Reading: 0.169444, outcome score: 0.973361.
[lifelong_slam_toolbox_node-1] [INFO] [1787309412.827371858] [slam_toolbox]: Metric Scores: Initial: 0.920340, IOU: 0.800909, Area: 0.888999, Num Con: 2, Reading: 0.200000, outcome score: 0.907340.
[lifelong_slam_toolbox_node-1] [INFO] [1787309412.827429158] [slam_toolbox]: Metric Scores: Initial: 1.000000, IOU: 0.885520, Area: 0.939275, Num Con: 2, Reading: 0.405556, outcome score: -1.000000.
[lifelong_slam_toolbox_node-1] [INFO] [1787309413.228330131] [slam_toolbox]: Metric Scores: Initial: 0.855662, IOU: 0.943423, Area: 0.971859, Num Con: 3, Reading: 0.655556, outcome score: 0.848984.
[lifelong_slam_toolbox_node-1] [INFO] [1787309413.228385031] [slam_toolbox]: Metric Scores: Initial: 0.973361, IOU: 0.730271, Area: 0.842264, Num Con: 3, Reading: 0.169444, outcome score: 0.972090.
[lifelong_slam_toolbox_node-1] [INFO] [1787309413.228396431] [slam_toolbox]: Metric Scores: Initial: 0.907340, IOU: 0.794237, Area: 0.884875, Num Con: 2, Reading: 0.200000, outcome score: 0.894340.
[lifelong_slam_toolbox_node-1] [INFO] [1787309413.629731506] [slam_toolbox]: Metric Scores: Initial: 0.848984, IOU: 0.939417, Area: 0.969735, Num Con: 3, Reading: 0.655556, outcome score: 0.842044.
[lifelong_slam_toolbox_node-1] [INFO] [1787309413.629783606] [slam_toolbox]: Metric Scores: Initial: 1.000000, IOU: 0.894916, Area: 0.944562, Num Con: 2, Reading: 0.411111, outcome score: -1.000000.
[lifelong_slam_toolbox_node-1] [INFO] [1787309413.629794407] [slam_toolbox]: Metric Scores: Initial: 0.972090, IOU: 0.724072, Area: 0.838121, Num Con: 3, Reading: 0.169444, outcome score: 0.970806.
[lifelong_slam_toolbox_node-1] [INFO] [1787309413.629805207] [slam_toolbox]: Metric Scores: Initial: 0.894340, IOU: 0.787463, Area: 0.880656, Num Con: 2, Reading: 0.200000, outcome score: 0.881340.
[lifelong_slam_toolbox_node-1] [INFO] [1787309414.028780169] [slam_toolbox]: Metric Scores: Initial: 0.842044, IOU: 0.942324, Area: 0.971300, Num Con: 3, Reading: 0.655556, outcome score: 0.834831.
[lifelong_slam_toolbox_node-1] [INFO] [1787309414.028833969] [slam_toolbox]: Metric Scores: Initial: 0.970806, IOU: 0.718865, Area: 0.834631, Num Con: 3, Reading: 0.169444, outcome score: 0.969509.
[lifelong_slam_toolbox_node-1] [INFO] [1787309414.028844369] [slam_toolbox]: Metric Scores: Initial: 0.881340, IOU: 0.781693, Area: 0.877053, Num Con: 2, Reading: 0.200000, outcome score: 0.868340.
[lifelong_slam_toolbox_node-1] [INFO] [1787309414.427211628] [slam_toolbox]: Metric Scores: Initial: 1.000000, IOU: 0.904574, Area: 0.949932, Num Con: 2, Reading: 0.419444, outcome score: -1.000000.
[lifelong_slam_toolbox_node-1] [INFO] [1787309414.427268128] [slam_toolbox]: Metric Scores: Initial: 0.834831, IOU: 0.945441, Area: 0.972949, Num Con: 3, Reading: 0.655556, outcome score: 0.827335.
[lifelong_slam_toolbox_node-1] [INFO] [1787309414.427280028] [slam_toolbox]: Metric Scores: Initial: 0.969509, IOU: 0.714033, Area: 0.831356, Num Con: 3, Reading: 0.169444, outcome score: 0.968199.
[lifelong_slam_toolbox_node-1] [INFO] [1787309414.427288428] [slam_toolbox]: Metric Scores: Initial: 0.868340, IOU: 0.776337, Area: 0.873667, Num Con: 2, Reading: 0.200000, outcome score: 0.855340.
[lifelong_slam_toolbox_node-1] [INFO] [1787309414.851790329] [slam_toolbox]: Metric Scores: Initial: 1.000000, IOU: 0.998835, Area: 0.999418, Num Con: 2, Reading: 0.641667, outcome score: -1.000000.
[lifelong_slam_toolbox_node-1] [INFO] [1787309414.851893629] [slam_toolbox]: Metric Scores: Initial: 1.000000, IOU: 0.910518, Area: 0.953212, Num Con: 2, Reading: 0.425000, outcome score: -1.000000.
[lifelong_slam_toolbox_node-1] [INFO] [1787309414.851914329] [slam_toolbox]: Metric Scores: Initial: 0.827335, IOU: 0.948700, Area: 0.974671, Num Con: 3, Reading: 0.655556, outcome score: 0.819543.
[lifelong_slam_toolbox_node-1] [INFO] [1787309414.851928829] [slam_toolbox]: Metric Scores: Initial: 0.968199, IOU: 0.709669, Area: 0.828385, Num Con: 3, Reading: 0.169444, outcome score: 0.966876.
[lifelong_slam_toolbox_node-1] [INFO] [1787309414.851943230] [slam_toolbox]: Metric Scores: Initial: 0.855340, IOU: 0.771496, Area: 0.870593, Num Con: 2, Reading: 0.200000, outcome score: 0.842340.
[lifelong_slam_toolbox_node-1] W20260821 10:50:15.252583 600212 preprocessor.cc:67] Specified options.num_threads: 50 exceeds maximum available from the threading model Ceres was compiled with: 8.  Bounding to maximum number available.
[lifelong_slam_toolbox_node-1] [INFO] [1787309415.254320110] [slam_toolbox]: Metric Scores: Initial: 0.819543, IOU: 0.949654, Area: 0.974195, Num Con: 3, Reading: 0.655556, outcome score: 0.811445.
[lifelong_slam_toolbox_node-1] [INFO] [1787309415.254364210] [slam_toolbox]: Metric Scores: Initial: 0.966876, IOU: 0.705314, Area: 0.824578, Num Con: 3, Reading: 0.169444, outcome score: 0.965539.
[lifelong_slam_toolbox_node-1] [INFO] [1787309415.254374310] [slam_toolbox]: Metric Scores: Initial: 0.842340, IOU: 0.766746, Area: 0.866690, Num Con: 2, Reading: 0.200000, outcome score: 0.829340.
[lifelong_slam_toolbox_node-1] 
[lifelong_slam_toolbox_node-1] Solver Summary (v 2.2.0-eigen-(3.4.0)-lapack-suitesparse-(7.6.1)-eigensparse)
[lifelong_slam_toolbox_node-1] 
[lifelong_slam_toolbox_node-1]                                      Original                  Reduced
[lifelong_slam_toolbox_node-1] Parameter blocks                          237                      144
[lifelong_slam_toolbox_node-1] Parameters                                237                      144
[lifelong_slam_toolbox_node-1] Residual blocks                            41                       41
[lifelong_slam_toolbox_node-1] Residuals                                 123                      123
[lifelong_slam_toolbox_node-1] 
[lifelong_slam_toolbox_node-1] Minimizer                        TRUST_REGION
[lifelong_slam_toolbox_node-1] Trust region strategy     LEVENBERG_MARQUARDT
[lifelong_slam_toolbox_node-1] Sparse linear algebra library    SUITE_SPARSE 
[lifelong_slam_toolbox_node-1] 
[lifelong_slam_toolbox_node-1]                                         Given                     Used
[lifelong_slam_toolbox_node-1] Linear solver          SPARSE_NORMAL_CHOLESKY   SPARSE_NORMAL_CHOLESKY
[lifelong_slam_toolbox_node-1] Threads                                    50                        8
[lifelong_slam_toolbox_node-1] Linear solver ordering              AUTOMATIC                      144
[lifelong_slam_toolbox_node-1] 
[lifelong_slam_toolbox_node-1] Cost:
[lifelong_slam_toolbox_node-1] Initial                          2.616805e-02
[lifelong_slam_toolbox_node-1] Final                            4.957422e-08
[lifelong_slam_toolbox_node-1] Change                           2.616800e-02
[lifelong_slam_toolbox_node-1] 
[lifelong_slam_toolbox_node-1] Minimizer iterations                        2
[lifelong_slam_toolbox_node-1] Successful steps                            2
[lifelong_slam_toolbox_node-1] Unsuccessful steps                          0
[lifelong_slam_toolbox_node-1] 
[lifelong_slam_toolbox_node-1] Time (in seconds):
[lifelong_slam_toolbox_node-1] Preprocessor                         0.000263
[lifelong_slam_toolbox_node-1] 
[lifelong_slam_toolbox_node-1]   Residual only evaluation           0.000043 (2)
[lifelong_slam_toolbox_node-1]   Jacobian & residual evaluation     0.000131 (2)
[lifelong_slam_toolbox_node-1]   Linear solver                      0.000239 (2)
[lifelong_slam_toolbox_node-1] Minimizer                            0.000518
[lifelong_slam_toolbox_node-1] 
[lifelong_slam_toolbox_node-1] Postprocessor                        0.000012
[lifelong_slam_toolbox_node-1] Total                                0.000794
[lifelong_slam_toolbox_node-1] 
[lifelong_slam_toolbox_node-1] Termination:                      CONVERGENCE (Parameter tolerance reached. Relative step_norm: 5.928340e-06 <= 1.000000e-03.)
[lifelong_slam_toolbox_node-1] 
[lifelong_slam_toolbox_node-1] 
[lifelong_slam_toolbox_node-1] Solver Summary (v 2.2.0-eigen-(3.4.0)-lapack-suitesparse-(7.6.1)-eigensparse)
[lifelong_slam_toolbox_node-1] 
[lifelong_slam_toolbox_node-1]                                      Original                  Reduced
[lifelong_slam_toolbox_node-1] Parameter blocks                          240                      150
[lifelong_slam_toolbox_node-1] Parameters                                240                      150
[lifelong_slam_toolbox_node-1] Residual blocks                            42                       42
[lifelong_slam_toolbox_node-1] Residuals                                 126                      126
[lifelong_slam_toolbox_node-1] 
[lifelong_slam_toolbox_node-1] Minimizer                        TRUST_REGION
[lifelong_slam_toolbox_node-1] Trust region strategy     LEVENBERG_MARQUARDT
[lifelong_slam_toolbox_node-1] Sparse linear algebra library    SUITE_SPARSE 
[lifelong_slam_toolbox_node-1] 
[lifelong_slam_toolbox_node-1]                                         Given                     Used
[lifelong_slam_toolbox_node-1] Linear solver          SPARSE_NORMAL_CHOLESKY   SPARSE_NORMAL_CHOLESKY
[lifelong_slam_toolbox_node-1] Threads                                    50                        8
[lifelong_slam_toolbox_node-1] Linear solver ordering              AUTOMATIC                      150
[lifelong_slam_toolbox_node-1] 
[lifelong_slam_toolbox_node-1] Cost:
[lifelong_slam_toolbox_node-1] Initial                          7.392292e-02
[lifelong_slam_toolbox_node-1] Final                            2.246688e-06
[lifelong_slam_toolbox_node-1] Change                           7.392067e-02
[lifelong_slam_toolbox_node-1] 
[lifelong_slam_toolbox_node-1] Minimizer iterations                        2
[lifelong_slam_toolbox_node-1] Successful steps                            2
[lifelong_slam_toolbox_node-1] Unsuccessful steps                          0
[lifelong_slam_toolbox_node-1] 
[lifelong_slam_toolbox_node-1] Time (in seconds):
[lifelong_slam_toolbox_node-1] Preprocessor                         0.000240
[lifelong_slam_toolbox_node-1] 
[lifelong_slam_toolbox_node-1]   Residual only evaluation           0.000066 (2)
[lifelong_slam_toolbox_node-1]   Jacobian & residual evaluation     0.000147 (2)
[lifelong_slam_toolbox_node-1]   Linear solver                      0.000282 (2)
[lifelong_slam_toolbox_node-1] Minimizer                            0.000596
[lifelong_slam_toolbox_node-1] 
[lifelong_slam_toolbox_node-1] Postprocessor                        0.000015
[lifelong_slam_toolbox_node-1] Total                                0.000851
[lifelong_slam_toolbox_node-1] 
[lifelong_slam_toolbox_node-1] Termination:                      CONVERGENCE (Parameter tolerance reached. Relative step_norm: 1.193848e-05 <= 1.000000e-03.)
[lifelong_slam_toolbox_node-1] 
[lifelong_slam_toolbox_node-1] [INFO] [1787309415.628538238] [slam_toolbox]: Metric Scores: Initial: 0.811445, IOU: 0.952129, Area: 0.974783, Num Con: 3, Reading: 0.655556, outcome score: 0.803029.
[lifelong_slam_toolbox_node-1] [INFO] [1787309415.628595138] [slam_toolbox]: Metric Scores: Initial: 0.965539, IOU: 0.702083, Area: 0.821760, Num Con: 3, Reading: 0.169444, outcome score: 0.964189.
[lifelong_slam_toolbox_node-1] [INFO] [1787309415.628606538] [slam_toolbox]: Metric Scores: Initial: 0.829340, IOU: 0.763184, Area: 0.863776, Num Con: 2, Reading: 0.200000, outcome score: 0.816340.
[lifelong_slam_toolbox_node-1] [INFO] [1787309415.628630838] [slam_toolbox]: Metric Scores: Initial: 1.000000, IOU: 0.921767, Area: 0.958622, Num Con: 2, Reading: 0.611111, outcome score: -1.000000.
[lifelong_slam_toolbox_node-1] [INFO] [1787309416.031371521] [slam_toolbox]: Metric Scores: Initial: 1.000000, IOU: 0.997172, Area: 0.997898, Num Con: 2, Reading: 0.650000, outcome score: -1.000000.
[lifelong_slam_toolbox_node-1] [INFO] [1787309416.031430621] [slam_toolbox]: Metric Scores: Initial: 0.997961, IOU: 0.993077, Area: 0.995833, Num Con: 2, Reading: 0.650000, outcome score: -1.000000.
[lifelong_slam_toolbox_node-1] [INFO] [1787309416.031459421] [slam_toolbox]: Metric Scores: Initial: 0.803029, IOU: 0.956074, Area: 0.976847, Num Con: 3, Reading: 0.655556, outcome score: 0.794281.
[lifelong_slam_toolbox_node-1] [INFO] [1787309416.031476521] [slam_toolbox]: Metric Scores: Initial: 0.964189, IOU: 0.699362, Area: 0.819885, Num Con: 3, Reading: 0.169444, outcome score: 0.962825.
[lifelong_slam_toolbox_node-1] [INFO] [1787309416.031489922] [slam_toolbox]: Metric Scores: Initial: 0.816340, IOU: 0.760146, Area: 0.861822, Num Con: 2, Reading: 0.200000, outcome score: 0.803340.
[lifelong_slam_toolbox_node-1] [INFO] [1787309416.031515922] [slam_toolbox]: Metric Scores: Initial: 1.000000, IOU: 0.928156, Area: 0.962076, Num Con: 2, Reading: 0.616667, outcome score: -1.000000.
[lifelong_slam_toolbox_node-1] [INFO] [1787309416.428872075] [slam_toolbox]: Metric Scores: Initial: 0.794281, IOU: 0.961291, Area: 0.979566, Num Con: 3, Reading: 0.655556, outcome score: 0.785190.
[lifelong_slam_toolbox_node-1] [INFO] [1787309416.428939075] [slam_toolbox]: Metric Scores: Initial: 0.962825, IOU: 0.697140, Area: 0.818351, Num Con: 3, Reading: 0.169444, outcome score: 0.961447.
[lifelong_slam_toolbox_node-1] [INFO] [1787309416.428954075] [slam_toolbox]: Metric Scores: Initial: 0.803340, IOU: 0.757644, Area: 0.860209, Num Con: 2, Reading: 0.200000, outcome score: 0.790340.
[lifelong_slam_toolbox_node-1] [INFO] [1787309416.830694552] [slam_toolbox]: Metric Scores: Initial: 1.000000, IOU: 0.996401, Area: 0.997304, Num Con: 2, Reading: 0.650000, outcome score: -1.000000.
[lifelong_slam_toolbox_node-1] [INFO] [1787309416.830774853] [slam_toolbox]: Metric Scores: Initial: 0.785190, IOU: 0.963325, Area: 0.980620, Num Con: 3, Reading: 0.655556, outcome score: 0.775740.
[lifelong_slam_toolbox_node-1] [INFO] [1787309416.830788853] [slam_toolbox]: Metric Scores: Initial: 0.961447, IOU: 0.694745, Area: 0.816692, Num Con: 3, Reading: 0.169444, outcome score: 0.960055.
[lifelong_slam_toolbox_node-1] [INFO] [1787309416.830797653] [slam_toolbox]: Metric Scores: Initial: 0.790340, IOU: 0.754988, Area: 0.858490, Num Con: 2, Reading: 0.200000, outcome score: 0.777340.
[lifelong_slam_toolbox_node-1] [INFO] [1787309416.830814153] [slam_toolbox]: Metric Scores: Initial: 1.000000, IOU: 0.940263, Area: 0.968527, Num Con: 2, Reading: 0.625000, outcome score: -1.000000.
[lifelong_slam_toolbox_node-1] [INFO] [1787309417.230689120] [slam_toolbox]: Metric Scores: Initial: 0.775740, IOU: 0.966439, Area: 0.982233, Num Con: 3, Reading: 0.655556, outcome score: 0.765920.
[lifelong_slam_toolbox_node-1] [INFO] [1787309417.230746120] [slam_toolbox]: Metric Scores: Initial: 0.960055, IOU: 0.693520, Area: 0.815841, Num Con: 3, Reading: 0.169444, outcome score: 0.958649.
[lifelong_slam_toolbox_node-1] [INFO] [1787309417.230756920] [slam_toolbox]: Metric Scores: Initial: 0.777340, IOU: 0.753606, Area: 0.857594, Num Con: 2, Reading: 0.200000, outcome score: 0.764340.
[lifelong_slam_toolbox_node-1] [INFO] [1787309417.638164328] [slam_toolbox]: Metric Scores: Initial: 1.000000, IOU: 0.995817, Area: 0.997012, Num Con: 2, Reading: 0.652778, outcome score: -1.000000.
[lifelong_slam_toolbox_node-1] [INFO] [1787309417.638266229] [slam_toolbox]: Metric Scores: Initial: 0.765920, IOU: 0.973141, Area: 0.985685, Num Con: 3, Reading: 0.655556, outcome score: 0.755712.
[lifelong_slam_toolbox_node-1] [INFO] [1787309417.638279529] [slam_toolbox]: Metric Scores: Initial: 0.958649, IOU: 0.692547, Area: 0.815165, Num Con: 3, Reading: 0.169444, outcome score: 0.957228.
[lifelong_slam_toolbox_node-1] [INFO] [1787309417.638288329] [slam_toolbox]: Metric Scores: Initial: 0.764340, IOU: 0.752463, Area: 0.856852, Num Con: 2, Reading: 0.200000, outcome score: 0.751340.
[lifelong_slam_toolbox_node-1] [INFO] [1787309417.638354929] [slam_toolbox]: Metric Scores: Initial: 1.000000, IOU: 0.953268, Area: 0.975385, Num Con: 3, Reading: 0.633333, outcome score: 0.999000.
[lifelong_slam_toolbox_node-1] [INFO] [1787309418.041647115] [slam_toolbox]: Metric Scores: Initial: 0.755712, IOU: 0.978089, Area: 0.988219, Num Con: 3, Reading: 0.655556, outcome score: 0.745104.
[lifelong_slam_toolbox_node-1] [INFO] [1787309418.041713615] [slam_toolbox]: Metric Scores: Initial: 1.000000, IOU: 0.958152, Area: 0.977937, Num Con: 3, Reading: 0.636111, outcome score: 0.999000.
[lifelong_slam_toolbox_node-1] [INFO] [1787309418.042553619] [slam_toolbox]: Metric Scores: Initial: 0.957228, IOU: 0.690929, Area: 0.814039, Num Con: 3, Reading: 0.169444, outcome score: 0.955794.
[lifelong_slam_toolbox_node-1] [INFO] [1787309418.042594020] [slam_toolbox]: Metric Scores: Initial: 0.751340, IOU: 0.750630, Area: 0.855660, Num Con: 2, Reading: 0.200000, outcome score: 0.738340.
[lifelong_slam_toolbox_node-1] [INFO] [1787309418.042610420] [slam_toolbox]: Metric Scores: Initial: 0.999000, IOU: 0.950807, Area: 0.974096, Num Con: 3, Reading: 0.633333, outcome score: 0.997962.
[lifelong_slam_toolbox_node-1] [INFO] [1787309418.441238080] [slam_toolbox]: Metric Scores: Initial: 1.000000, IOU: 0.964670, Area: 0.981308, Num Con: 2, Reading: 0.638889, outcome score: -1.000000.
[lifelong_slam_toolbox_node-1] [INFO] [1787309418.441299080] [slam_toolbox]: Metric Scores: Initial: 0.745104, IOU: 0.979405, Area: 0.988890, Num Con: 3, Reading: 0.655556, outcome score: 0.734078.
[lifelong_slam_toolbox_node-1] [INFO] [1787309418.441316580] [slam_toolbox]: Metric Scores: Initial: 0.999000, IOU: 0.958791, Area: 0.978269, Num Con: 3, Reading: 0.636111, outcome score: 0.997962.
[lifelong_slam_toolbox_node-1] [INFO] [1787309418.441332680] [slam_toolbox]: Metric Scores: Initial: 0.955794, IOU: 0.691381, Area: 0.814354, Num Con: 3, Reading: 0.169444, outcome score: 0.954344.
[lifelong_slam_toolbox_node-1] [INFO] [1787309418.441348781] [slam_toolbox]: Metric Scores: Initial: 0.738340, IOU: 0.751114, Area: 0.855974, Num Con: 2, Reading: 0.200000, outcome score: 0.725340.
[lifelong_slam_toolbox_node-1] [INFO] [1787309418.441364481] [slam_toolbox]: Metric Scores: Initial: 0.997962, IOU: 0.951439, Area: 0.974426, Num Con: 3, Reading: 0.633333, outcome score: 0.996885.
[lifelong_slam_toolbox_node-1] [INFO] [1787309418.830114087] [slam_toolbox]: Metric Scores: Initial: 0.734078, IOU: 0.984419, Area: 0.991441, Num Con: 3, Reading: 0.655556, outcome score: 0.722618.
[lifelong_slam_toolbox_node-1] [INFO] [1787309418.830170488] [slam_toolbox]: Metric Scores: Initial: 0.954344, IOU: 0.690819, Area: 0.813962, Num Con: 3, Reading: 0.169444, outcome score: 0.952880.
[lifelong_slam_toolbox_node-1] [INFO] [1787309418.830184788] [slam_toolbox]: Metric Scores: Initial: 0.725340, IOU: 0.750442, Area: 0.855536, Num Con: 2, Reading: 0.200000, outcome score: 0.712340.
[lifelong_slam_toolbox_node-1] [INFO] [1787309419.230096655] [slam_toolbox]: Metric Scores: Initial: 1.000000, IOU: 0.998556, Area: 0.998556, Num Con: 2, Reading: 0.655556, outcome score: -1.000000.
[lifelong_slam_toolbox_node-1] [INFO] [1787309419.230156555] [slam_toolbox]: Metric Scores: Initial: 0.722618, IOU: 0.994296, Area: 0.996429, Num Con: 3, Reading: 0.655556, outcome score: 0.710708.
[lifelong_slam_toolbox_node-1] [INFO] [1787309419.230195055] [slam_toolbox]: Metric Scores: Initial: 1.000000, IOU: 0.955018, Area: 0.976277, Num Con: 3, Reading: 0.647222, outcome score: 0.999000.
[lifelong_slam_toolbox_node-1] [INFO] [1787309419.230214955] [slam_toolbox]: Metric Scores: Initial: 0.952880, IOU: 0.693092, Area: 0.815544, Num Con: 3, Reading: 0.169444, outcome score: 0.951401.
[lifelong_slam_toolbox_node-1] [INFO] [1787309419.230228955] [slam_toolbox]: Metric Scores: Initial: 0.712340, IOU: 0.752834, Area: 0.857092, Num Con: 2, Reading: 0.200000, outcome score: 0.699340.
[lifelong_slam_toolbox_node-1] [INFO] [1787309419.629290818] [slam_toolbox]: Metric Scores: Initial: 1.000000, IOU: 0.958266, Area: 0.978688, Num Con: 2, Reading: 0.647222, outcome score: -1.000000.
[lifelong_slam_toolbox_node-1] [INFO] [1787309419.629346918] [slam_toolbox]: Metric Scores: Initial: 0.999000, IOU: 0.955767, Area: 0.976669, Num Con: 3, Reading: 0.647222, outcome score: 0.997961.
[lifelong_slam_toolbox_node-1] [INFO] [1787309419.629369118] [slam_toolbox]: Metric Scores: Initial: 0.710708, IOU: 0.993512, Area: 0.996035, Num Con: 2, Reading: 0.655556, outcome score: -1.000000.
[lifelong_slam_toolbox_node-1] [INFO] [1787309419.629383418] [slam_toolbox]: Metric Scores: Initial: 0.951401, IOU: 0.693612, Area: 0.815906, Num Con: 3, Reading: 0.169444, outcome score: 0.949907.
[lifelong_slam_toolbox_node-1] [INFO] [1787309419.629449619] [slam_toolbox]: Metric Scores: Initial: 0.699340, IOU: 0.753414, Area: 0.857469, Num Con: 2, Reading: 0.200000, outcome score: 0.686340.
[lifelong_slam_toolbox_node-1] W20260821 10:50:20.051456 600212 preprocessor.cc:67] Specified options.num_threads: 50 exceeds maximum available from the threading model Ceres was compiled with: 8.  Bounding to maximum number available.
[lifelong_slam_toolbox_node-1] [INFO] [1787309420.053229515] [slam_toolbox]: Metric Scores: Initial: 0.997961, IOU: 0.950421, Area: 0.973860, Num Con: 2, Reading: 0.647222, outcome score: -1.000000.
[lifelong_slam_toolbox_node-1] [INFO] [1787309420.053279915] [slam_toolbox]: Metric Scores: Initial: 0.949907, IOU: 0.694989, Area: 0.816861, Num Con: 3, Reading: 0.169444, outcome score: 0.948398.
[lifelong_slam_toolbox_node-1] [INFO] [1787309420.053292915] [slam_toolbox]: Metric Scores: Initial: 0.686340, IOU: 0.754867, Area: 0.858411, Num Con: 2, Reading: 0.200000, outcome score: 0.673340.
[lifelong_slam_toolbox_node-1] [INFO] [1787309420.430639760] [slam_toolbox]: Metric Scores: Initial: 0.948398, IOU: 0.698062, Area: 0.818988, Num Con: 3, Reading: 0.169444, outcome score: 0.946873.
[lifelong_slam_toolbox_node-1] [INFO] [1787309420.430709961] [slam_toolbox]: Metric Scores: Initial: 0.673340, IOU: 0.758215, Area: 0.860577, Num Con: 2, Reading: 0.200000, outcome score: 0.660340.
[lifelong_slam_toolbox_node-1] [INFO] [1787309420.430745261] [slam_toolbox]: Metric Scores: Initial: 1.000000, IOU: 0.960830, Area: 0.980025, Num Con: 2, Reading: 0.650000, outcome score: -1.000000.
[lifelong_slam_toolbox_node-1] 
[lifelong_slam_toolbox_node-1] Solver Summary (v 2.2.0-eigen-(3.4.0)-lapack-suitesparse-(7.6.1)-eigensparse)
[lifelong_slam_toolbox_node-1] 
[lifelong_slam_toolbox_node-1]                                      Original                  Reduced
[lifelong_slam_toolbox_node-1] Parameter blocks                          243                      150
[lifelong_slam_toolbox_node-1] Parameters                                243                      150
[lifelong_slam_toolbox_node-1] Residual blocks                            43                       43
[lifelong_slam_toolbox_node-1] Residuals                                 129                      129
[lifelong_slam_toolbox_node-1] 
[lifelong_slam_toolbox_node-1] Minimizer                        TRUST_REGION
[lifelong_slam_toolbox_node-1] Trust region strategy     LEVENBERG_MARQUARDT
[lifelong_slam_toolbox_node-1] Sparse linear algebra library    SUITE_SPARSE 
[lifelong_slam_toolbox_node-1] 
[lifelong_slam_toolbox_node-1]                                         Given                     Used
[lifelong_slam_toolbox_node-1] Linear solver          SPARSE_NORMAL_CHOLESKY   SPARSE_NORMAL_CHOLESKY
[lifelong_slam_toolbox_node-1] Threads                                    50                        8
[lifelong_slam_toolbox_node-1] Linear solver ordering              AUTOMATIC                      150
[lifelong_slam_toolbox_node-1] 
[lifelong_slam_toolbox_node-1] Cost:
[lifelong_slam_toolbox_node-1] Initial                          9.423760e-02
[lifelong_slam_toolbox_node-1] Final                            7.320510e-07
[lifelong_slam_toolbox_node-1] Change                           9.423687e-02
[lifelong_slam_toolbox_node-1] 
[lifelong_slam_toolbox_node-1] Minimizer iterations                        2
[lifelong_slam_toolbox_node-1] Successful steps                            2
[lifelong_slam_toolbox_node-1] Unsuccessful steps                          0
[lifelong_slam_toolbox_node-1] 
[lifelong_slam_toolbox_node-1] Time (in seconds):
[lifelong_slam_toolbox_node-1] Preprocessor                         0.000248
[lifelong_slam_toolbox_node-1] 
[lifelong_slam_toolbox_node-1]   Residual only evaluation           0.000038 (2)
[lifelong_slam_toolbox_node-1]   Jacobian & residual evaluation     0.000189 (2)
[lifelong_slam_toolbox_node-1]   Linear solver                      0.000320 (2)
[lifelong_slam_toolbox_node-1] Minimizer                            0.000658
[lifelong_slam_toolbox_node-1] 
[lifelong_slam_toolbox_node-1] Postprocessor                        0.000015
[lifelong_slam_toolbox_node-1] Total                                0.000921
[lifelong_slam_toolbox_node-1] 
[lifelong_slam_toolbox_node-1] Termination:                      CONVERGENCE (Parameter tolerance reached. Relative step_norm: 1.813375e-05 <= 1.000000e-03.)
[lifelong_slam_toolbox_node-1] 
[lifelong_slam_toolbox_node-1] [INFO] [1787309420.830062125] [slam_toolbox]: Metric Scores: Initial: 0.946873, IOU: 0.700610, Area: 0.820746, Num Con: 3, Reading: 0.169444, outcome score: 0.945333.
[lifelong_slam_toolbox_node-1] [INFO] [1787309420.830118625] [slam_toolbox]: Metric Scores: Initial: 0.660340, IOU: 0.760984, Area: 0.862361, Num Con: 2, Reading: 0.200000, outcome score: 0.647340.
[lifelong_slam_toolbox_node-1] [INFO] [1787309421.230207993] [slam_toolbox]: Metric Scores: Initial: 1.000000, IOU: 0.994694, Area: 0.996824, Num Con: 2, Reading: 0.652778, outcome score: -1.000000.
[lifelong_slam_toolbox_node-1] [INFO] [1787309421.230290293] [slam_toolbox]: Metric Scores: Initial: 0.945333, IOU: 0.704487, Area: 0.823410, Num Con: 3, Reading: 0.169444, outcome score: 0.943777.
[lifelong_slam_toolbox_node-1] [INFO] [1787309421.230300593] [slam_toolbox]: Metric Scores: Initial: 0.647340, IOU: 0.765191, Area: 0.865061, Num Con: 2, Reading: 0.200000, outcome score: 0.634340.
[lifelong_slam_toolbox_node-1] [INFO] [1787309421.230316394] [slam_toolbox]: Metric Scores: Initial: 1.000000, IOU: 0.957671, Area: 0.978379, Num Con: 2, Reading: 0.652778, outcome score: -1.000000.
[lifelong_slam_toolbox_node-1] [INFO] [1787309421.629179055] [slam_toolbox]: Metric Scores: Initial: 0.943777, IOU: 0.708783, Area: 0.826348, Num Con: 3, Reading: 0.169444, outcome score: 0.942205.
[lifelong_slam_toolbox_node-1] [INFO] [1787309421.629245655] [slam_toolbox]: Metric Scores: Initial: 0.634340, IOU: 0.769856, Area: 0.868041, Num Con: 2, Reading: 0.200000, outcome score: 0.621340.
[lifelong_slam_toolbox_node-1] [INFO] [1787309422.029317123] [slam_toolbox]: Metric Scores: Initial: 1.000000, IOU: 0.994159, Area: 0.996564, Num Con: 2, Reading: 0.650000, outcome score: -1.000000.
[lifelong_slam_toolbox_node-1] [INFO] [1787309422.029405324] [slam_toolbox]: Metric Scores: Initial: 0.942205, IOU: 0.713055, Area: 0.829254, Num Con: 3, Reading: 0.169444, outcome score: 0.940618.
[lifelong_slam_toolbox_node-1] [INFO] [1787309422.029414924] [slam_toolbox]: Metric Scores: Initial: 0.621340, IOU: 0.774544, Area: 0.871018, Num Con: 2, Reading: 0.200000, outcome score: 0.608340.
[lifelong_slam_toolbox_node-1] [INFO] [1787309422.029424624] [slam_toolbox]: Metric Scores: Initial: 1.000000, IOU: 0.962077, Area: 0.980670, Num Con: 3, Reading: 0.655556, outcome score: 0.999000.
[lifelong_slam_toolbox_node-1] [INFO] [1787309422.427385380] [slam_toolbox]: Metric Scores: Initial: 1.000000, IOU: 0.957685, Area: 0.978386, Num Con: 2, Reading: 0.655556, outcome score: -1.000000.
[lifelong_slam_toolbox_node-1] [INFO] [1787309422.427440180] [slam_toolbox]: Metric Scores: Initial: 0.940618, IOU: 0.719781, Area: 0.833804, Num Con: 3, Reading: 0.169444, outcome score: 0.939014.
[lifelong_slam_toolbox_node-1] [INFO] [1787309422.427451180] [slam_toolbox]: Metric Scores: Initial: 0.608340, IOU: 0.781923, Area: 0.875677, Num Con: 2, Reading: 0.200000, outcome score: 0.595340.
[lifelong_slam_toolbox_node-1] [INFO] [1787309422.427461981] [slam_toolbox]: Metric Scores: Initial: 0.999000, IOU: 0.956557, Area: 0.977796, Num Con: 3, Reading: 0.655556, outcome score: 0.997961.
[lifelong_slam_toolbox_node-1] [INFO] [1787309422.827751450] [slam_toolbox]: Metric Scores: Initial: 1.000000, IOU: 0.950062, Area: 0.974399, Num Con: 2, Reading: 0.658333, outcome score: -1.000000.
[lifelong_slam_toolbox_node-1] [INFO] [1787309422.827806650] [slam_toolbox]: Metric Scores: Initial: 0.939014, IOU: 0.724955, Area: 0.837284, Num Con: 3, Reading: 0.169444, outcome score: 0.937394.
[lifelong_slam_toolbox_node-1] [INFO] [1787309422.827817050] [slam_toolbox]: Metric Scores: Initial: 0.595340, IOU: 0.787565, Area: 0.879217, Num Con: 2, Reading: 0.200000, outcome score: 0.582340.
[lifelong_slam_toolbox_node-1] [INFO] [1787309423.229613627] [slam_toolbox]: Metric Scores: Initial: 1.000000, IOU: 0.943906, Area: 0.971143, Num Con: 2, Reading: 0.655556, outcome score: -1.000000.
[lifelong_slam_toolbox_node-1] [INFO] [1787309423.229679928] [slam_toolbox]: Metric Scores: Initial: 0.937394, IOU: 0.731860, Area: 0.841883, Num Con: 3, Reading: 0.169444, outcome score: 0.935758.
[lifelong_slam_toolbox_node-1] [INFO] [1787309423.229691528] [slam_toolbox]: Metric Scores: Initial: 0.582340, IOU: 0.795148, Area: 0.883927, Num Con: 2, Reading: 0.200000, outcome score: 0.569340.
[lifelong_slam_toolbox_node-1] [INFO] [1787309423.638541843] [slam_toolbox]: Metric Scores: Initial: 1.000000, IOU: 0.998196, Area: 0.998591, Num Con: 2, Reading: 0.633333, outcome score: -1.000000.
[lifelong_slam_toolbox_node-1] [INFO] [1787309423.638631543] [slam_toolbox]: Metric Scores: Initial: 0.935758, IOU: 0.740255, Area: 0.847431, Num Con: 3, Reading: 0.169444, outcome score: 0.934105.
[lifelong_slam_toolbox_node-1] [INFO] [1787309423.638649444] [slam_toolbox]: Metric Scores: Initial: 0.569340, IOU: 0.804351, Area: 0.889595, Num Con: 2, Reading: 0.200000, outcome score: 0.556340.
[lifelong_slam_toolbox_node-1] [INFO] [1787309424.034452788] [slam_toolbox]: Metric Scores: Initial: 1.000000, IOU: 0.922705, Area: 0.959799, Num Con: 3, Reading: 0.655556, outcome score: 0.999000.
[lifelong_slam_toolbox_node-1] [INFO] [1787309424.034510589] [slam_toolbox]: Metric Scores: Initial: 0.934105, IOU: 0.749961, Area: 0.853783, Num Con: 3, Reading: 0.169444, outcome score: 0.932435.
[lifelong_slam_toolbox_node-1] [INFO] [1787309424.034520789] [slam_toolbox]: Metric Scores: Initial: 0.556340, IOU: 0.815012, Area: 0.896094, Num Con: 2, Reading: 0.200000, outcome score: 0.543340.
[lifelong_slam_toolbox_node-1] [INFO] [1787309424.439982686] [slam_toolbox]: Metric Scores: Initial: 0.312000, IOU: 0.987161, Area: 0.993036, Num Con: 2, Reading: 0.627778, outcome score: -1.000000.
[lifelong_slam_toolbox_node-1] [INFO] [1787309424.440094086] [slam_toolbox]: Metric Scores: Initial: 1.000000, IOU: 0.915342, Area: 0.955800, Num Con: 2, Reading: 0.652778, outcome score: -1.000000.
[lifelong_slam_toolbox_node-1] [INFO] [1787309424.440123486] [slam_toolbox]: Metric Scores: Initial: 0.999000, IOU: 0.911111, Area: 0.953488, Num Con: 3, Reading: 0.655556, outcome score: 0.997961.
[lifelong_slam_toolbox_node-1] [INFO] [1787309424.440148687] [slam_toolbox]: Metric Scores: Initial: 0.932435, IOU: 0.759125, Area: 0.859713, Num Con: 3, Reading: 0.169444, outcome score: 0.930748.
[lifelong_slam_toolbox_node-1] [INFO] [1787309424.440161887] [slam_toolbox]: Metric Scores: Initial: 0.543340, IOU: 0.825083, Area: 0.902161, Num Con: 2, Reading: 0.200000, outcome score: 0.530340.
[lifelong_slam_toolbox_node-1] W20260821 10:50:24.892133 600212 preprocessor.cc:67] Specified options.num_threads: 50 exceeds maximum available from the threading model Ceres was compiled with: 8.  Bounding to maximum number available.
[lifelong_slam_toolbox_node-1] [INFO] [1787309424.893975846] [slam_toolbox]: Metric Scores: Initial: 0.997961, IOU: 0.898193, Area: 0.948484, Num Con: 2, Reading: 0.655556, outcome score: -1.000000.
[lifelong_slam_toolbox_node-1] [INFO] [1787309424.894029646] [slam_toolbox]: Metric Scores: Initial: 0.930748, IOU: 0.769938, Area: 0.868564, Num Con: 3, Reading: 0.169444, outcome score: 0.929044.
[lifelong_slam_toolbox_node-1] [INFO] [1787309424.894039346] [slam_toolbox]: Metric Scores: Initial: 0.530340, IOU: 0.836835, Area: 0.911187, Num Con: 2, Reading: 0.200000, outcome score: 0.517340.
[lifelong_slam_toolbox_node-1] [INFO] [1787309425.230104167] [slam_toolbox]: Metric Scores: Initial: 0.385000, IOU: 0.997982, Area: 0.998421, Num Con: 2, Reading: 0.611111, outcome score: -1.000000.
[lifelong_slam_toolbox_node-1] [INFO] [1787309425.230176567] [slam_toolbox]: Metric Scores: Initial: 0.929044, IOU: 0.779421, Area: 0.874538, Num Con: 3, Reading: 0.169444, outcome score: 0.927322.
[lifelong_slam_toolbox_node-1] [INFO] [1787309425.230197868] [slam_toolbox]: Metric Scores: Initial: 0.517340, IOU: 0.847286, Area: 0.917307, Num Con: 2, Reading: 0.200000, outcome score: 0.504340.
[lifelong_slam_toolbox_node-1] [INFO] [1787309425.230224468] [slam_toolbox]: Metric Scores: Initial: 1.000000, IOU: 0.899485, Area: 0.946946, Num Con: 2, Reading: 0.650000, outcome score: -1.000000.
[lifelong_slam_toolbox_node-1] 
[lifelong_slam_toolbox_node-1] Solver Summary (v 2.2.0-eigen-(3.4.0)-lapack-suitesparse-(7.6.1)-eigensparse)
[lifelong_slam_toolbox_node-1] 
[lifelong_slam_toolbox_node-1]                                      Original                  Reduced
[lifelong_slam_toolbox_node-1] Parameter blocks                          246                      159
[lifelong_slam_toolbox_node-1] Parameters                                246                      159
[lifelong_slam_toolbox_node-1] Residual blocks                            45                       45
[lifelong_slam_toolbox_node-1] Residuals                                 135                      135
[lifelong_slam_toolbox_node-1] 
[lifelong_slam_toolbox_node-1] Minimizer                        TRUST_REGION
[lifelong_slam_toolbox_node-1] Trust region strategy     LEVENBERG_MARQUARDT
[lifelong_slam_toolbox_node-1] Sparse linear algebra library    SUITE_SPARSE 
[lifelong_slam_toolbox_node-1] 
[lifelong_slam_toolbox_node-1]                                         Given                     Used
[lifelong_slam_toolbox_node-1] Linear solver          SPARSE_NORMAL_CHOLESKY   SPARSE_NORMAL_CHOLESKY
[lifelong_slam_toolbox_node-1] Threads                                    50                        8
[lifelong_slam_toolbox_node-1] Linear solver ordering              AUTOMATIC                      159
[lifelong_slam_toolbox_node-1] 
[lifelong_slam_toolbox_node-1] Cost:
[lifelong_slam_toolbox_node-1] Initial                          2.129105e-01
[lifelong_slam_toolbox_node-1] Final                            4.692268e-06
[lifelong_slam_toolbox_node-1] Change                           2.129058e-01
[lifelong_slam_toolbox_node-1] 
[lifelong_slam_toolbox_node-1] Minimizer iterations                        2
[lifelong_slam_toolbox_node-1] Successful steps                            2
[lifelong_slam_toolbox_node-1] Unsuccessful steps                          0
[lifelong_slam_toolbox_node-1] 
[lifelong_slam_toolbox_node-1] Time (in seconds):
[lifelong_slam_toolbox_node-1] Preprocessor                         0.000286
[lifelong_slam_toolbox_node-1] 
[lifelong_slam_toolbox_node-1]   Residual only evaluation           0.000037 (2)
[lifelong_slam_toolbox_node-1]   Jacobian & residual evaluation     0.000175 (2)
[lifelong_slam_toolbox_node-1]   Linear solver                      0.000263 (2)
[lifelong_slam_toolbox_node-1] Minimizer                            0.000604
[lifelong_slam_toolbox_node-1] 
[lifelong_slam_toolbox_node-1] Postprocessor                        0.000014
[lifelong_slam_toolbox_node-1] Total                                0.000904
[lifelong_slam_toolbox_node-1] 
[lifelong_slam_toolbox_node-1] Termination:                      CONVERGENCE (Parameter tolerance reached. Relative step_norm: 2.586468e-05 <= 1.000000e-03.)
[lifelong_slam_toolbox_node-1] 
[lifelong_slam_toolbox_node-1] [INFO] [1787309425.632159246] [slam_toolbox]: Metric Scores: Initial: 0.927322, IOU: 0.791565, Area: 0.881152, Num Con: 3, Reading: 0.169444, outcome score: 0.925583.
[lifelong_slam_toolbox_node-1] [INFO] [1787309425.632229146] [slam_toolbox]: Metric Scores: Initial: 0.504340, IOU: 0.860686, Area: 0.924062, Num Con: 2, Reading: 0.200000, outcome score: -1.000000.
[lifelong_slam_toolbox_node-1] [INFO] [1787309426.031398509] [slam_toolbox]: Metric Scores: Initial: 0.925583, IOU: 0.804920, Area: 0.890395, Num Con: 3, Reading: 0.419444, outcome score: 0.922711.
[lifelong_slam_toolbox_node-1] [INFO] [1787309426.031482609] [slam_toolbox]: Metric Scores: Initial: 1.000000, IOU: 0.880804, Area: 0.936547, Num Con: 2, Reading: 0.511111, outcome score: -1.000000.
[lifelong_slam_toolbox_node-1] [INFO] [1787309426.429892668] [slam_toolbox]: Metric Scores: Initial: 0.922711, IOU: 0.816594, Area: 0.897520, Num Con: 3, Reading: 0.419444, outcome score: 0.919765.
[lifelong_slam_toolbox_node-1] [INFO] [1787309426.429969969] [slam_toolbox]: Metric Scores: Initial: 1.000000, IOU: 0.876386, Area: 0.934056, Num Con: 2, Reading: 0.411111, outcome score: -1.000000.
[lifelong_slam_toolbox_node-1] [INFO] [1787309426.829031631] [slam_toolbox]: Metric Scores: Initial: 0.919765, IOU: 0.830274, Area: 0.905698, Num Con: 3, Reading: 0.422222, outcome score: 0.916733.
[lifelong_slam_toolbox_node-1] [INFO] [1787309426.829109331] [slam_toolbox]: Metric Scores: Initial: 1.000000, IOU: 0.867697, Area: 0.929077, Num Con: 2, Reading: 0.411111, outcome score: -1.000000.
[lifelong_slam_toolbox_node-1] [INFO] [1787309427.228895798] [slam_toolbox]: Metric Scores: Initial: 0.916733, IOU: 0.846449, Area: 0.915228, Num Con: 3, Reading: 0.422222, outcome score: 0.913623.
[lifelong_slam_toolbox_node-1] [INFO] [1787309427.228970998] [slam_toolbox]: Metric Scores: Initial: 1.000000, IOU: 0.859198, Area: 0.924163, Num Con: 2, Reading: 0.408333, outcome score: -1.000000.
[lifelong_slam_toolbox_node-1] [INFO] [1787309427.629567669] [slam_toolbox]: Metric Scores: Initial: 0.913623, IOU: 0.863287, Area: 0.924977, Num Con: 3, Reading: 0.611111, outcome score: 0.909456.
[lifelong_slam_toolbox_node-1] [INFO] [1787309428.028684431] [slam_toolbox]: Metric Scores: Initial: 1.000000, IOU: 0.998971, Area: 0.998971, Num Con: 2, Reading: 0.697222, outcome score: -1.000000.
[lifelong_slam_toolbox_node-1] [INFO] [1787309428.028760432] [slam_toolbox]: Metric Scores: Initial: 0.909456, IOU: 0.878854, Area: 0.933809, Num Con: 3, Reading: 0.686111, outcome score: 0.904729.
[lifelong_slam_toolbox_node-1] [INFO] [1787309428.028781832] [slam_toolbox]: Metric Scores: Initial: 1.000000, IOU: 0.848563, Area: 0.917922, Num Con: 2, Reading: 0.222222, outcome score: 0.985667.
[lifelong_slam_toolbox_node-1] [INFO] [1787309428.431295013] [slam_toolbox]: Metric Scores: Initial: 0.904729, IOU: 0.891943, Area: 0.941134, Num Con: 3, Reading: 0.686111, outcome score: 0.899807.
[lifelong_slam_toolbox_node-1] [INFO] [1787309428.431354713] [slam_toolbox]: Metric Scores: Initial: 1.000000, IOU: 0.846833, Area: 0.916905, Num Con: 2, Reading: 0.225000, outcome score: 0.985500.
[lifelong_slam_toolbox_node-1] [INFO] [1787309428.431365313] [slam_toolbox]: Metric Scores: Initial: 0.985667, IOU: 0.835984, Area: 0.910486, Num Con: 2, Reading: 0.222222, outcome score: 0.971333.
[lifelong_slam_toolbox_node-1] [INFO] [1787309428.830375575] [slam_toolbox]: Metric Scores: Initial: 1.000000, IOU: 0.998503, Area: 0.998503, Num Con: 2, Reading: 0.702778, outcome score: -1.000000.
[lifelong_slam_toolbox_node-1] [INFO] [1787309428.830454976] [slam_toolbox]: Metric Scores: Initial: 0.899807, IOU: 0.902623, Area: 0.947989, Num Con: 3, Reading: 0.686111, outcome score: 0.894682.
[lifelong_slam_toolbox_node-1] [INFO] [1787309428.830513576] [slam_toolbox]: Metric Scores: Initial: 1.000000, IOU: 0.849159, Area: 0.919159, Num Con: 3, Reading: 0.227778, outcome score: 0.999000.
[lifelong_slam_toolbox_node-1] [INFO] [1787309428.830529476] [slam_toolbox]: Metric Scores: Initial: 0.985500, IOU: 0.836767, Area: 0.911868, Num Con: 2, Reading: 0.225000, outcome score: 0.971000.
[lifelong_slam_toolbox_node-1] [INFO] [1787309428.830538676] [slam_toolbox]: Metric Scores: Initial: 0.971333, IOU: 0.826066, Area: 0.905462, Num Con: 2, Reading: 0.222222, outcome score: 0.957000.
[lifelong_slam_toolbox_node-1] [INFO] [1787309429.229421437] [slam_toolbox]: Metric Scores: Initial: 1.000000, IOU: 0.990864, Area: 0.994650, Num Con: 2, Reading: 0.697222, outcome score: -1.000000.
[lifelong_slam_toolbox_node-1] [INFO] [1787309429.229479638] [slam_toolbox]: Metric Scores: Initial: 0.996873, IOU: 0.980488, Area: 0.989363, Num Con: 3, Reading: 0.700000, outcome score: 0.995742.
[lifelong_slam_toolbox_node-1] [INFO] [1787309429.229495638] [slam_toolbox]: Metric Scores: Initial: 0.997958, IOU: 0.972456, Area: 0.985277, Num Con: 2, Reading: 0.697222, outcome score: -1.000000.
[lifelong_slam_toolbox_node-1] [INFO] [1787309429.229578338] [slam_toolbox]: Metric Scores: Initial: 0.894682, IOU: 0.913183, Area: 0.953757, Num Con: 3, Reading: 0.686111, outcome score: 0.889347.
[lifelong_slam_toolbox_node-1] [INFO] [1787309429.229592238] [slam_toolbox]: Metric Scores: Initial: 0.999000, IOU: 0.837431, Area: 0.912222, Num Con: 3, Reading: 0.227778, outcome score: 0.997986.
[lifelong_slam_toolbox_node-1] [INFO] [1787309429.229601238] [slam_toolbox]: Metric Scores: Initial: 1.000000, IOU: 0.847933, Area: 0.918454, Num Con: 2, Reading: 0.233333, outcome score: 0.985000.
[lifelong_slam_toolbox_node-1] [INFO] [1787309429.229609638] [slam_toolbox]: Metric Scores: Initial: 0.971000, IOU: 0.825232, Area: 0.904954, Num Con: 2, Reading: 0.225000, outcome score: 0.956500.
[lifelong_slam_toolbox_node-1] [INFO] [1787309429.229619238] [slam_toolbox]: Metric Scores: Initial: 0.957000, IOU: 0.814699, Area: 0.898569, Num Con: 2, Reading: 0.222222, outcome score: 0.942667.
[lifelong_slam_toolbox_node-1] [INFO] [1787309429.628799801] [slam_toolbox]: Metric Scores: Initial: 0.995742, IOU: 0.988608, Area: 0.991156, Num Con: 2, Reading: 0.700000, outcome score: -1.000000.
[lifelong_slam_toolbox_node-1] [INFO] [1787309429.628886602] [slam_toolbox]: Metric Scores: Initial: 0.889347, IOU: 0.905418, Area: 0.949507, Num Con: 3, Reading: 0.686111, outcome score: 0.883791.
[lifelong_slam_toolbox_node-1] [INFO] [1787309429.628896502] [slam_toolbox]: Metric Scores: Initial: 1.000000, IOU: 0.854257, Area: 0.923195, Num Con: 2, Reading: 0.233333, outcome score: -1.000000.
[lifelong_slam_toolbox_node-1] [INFO] [1787309429.628905502] [slam_toolbox]: Metric Scores: Initial: 0.997986, IOU: 0.830432, Area: 0.908064, Num Con: 3, Reading: 0.227778, outcome score: 0.996959.
[lifelong_slam_toolbox_node-1] [INFO] [1787309429.628914902] [slam_toolbox]: Metric Scores: Initial: 0.985000, IOU: 0.840834, Area: 0.914283, Num Con: 2, Reading: 0.233333, outcome score: 0.970000.
[lifelong_slam_toolbox_node-1] [INFO] [1787309429.628925102] [slam_toolbox]: Metric Scores: Initial: 0.956500, IOU: 0.818344, Area: 0.900807, Num Con: 2, Reading: 0.225000, outcome score: 0.942000.
[lifelong_slam_toolbox_node-1] [INFO] [1787309429.628934002] [slam_toolbox]: Metric Scores: Initial: 0.942667, IOU: 0.807907, Area: 0.894431, Num Con: 2, Reading: 0.222222, outcome score: 0.928333.
[lifelong_slam_toolbox_node-1] [INFO] [1787309430.037565216] [slam_toolbox]: Metric Scores: Initial: 1.000000, IOU: 0.859383, Area: 0.925138, Num Con: 2, Reading: 0.452778, outcome score: -1.000000.
[lifelong_slam_toolbox_node-1] [INFO] [1787309430.037629016] [slam_toolbox]: Metric Scores: Initial: 0.883791, IOU: 0.897843, Area: 0.945336, Num Con: 3, Reading: 0.686111, outcome score: 0.878007.
[lifelong_slam_toolbox_node-1] [INFO] [1787309430.037646417] [slam_toolbox]: Metric Scores: Initial: 0.996959, IOU: 0.821354, Area: 0.902628, Num Con: 3, Reading: 0.227778, outcome score: 0.995917.
[lifelong_slam_toolbox_node-1] [INFO] [1787309430.037663517] [slam_toolbox]: Metric Scores: Initial: 0.942000, IOU: 0.809412, Area: 0.895386, Num Con: 2, Reading: 0.225000, outcome score: 0.927500.
[lifelong_slam_toolbox_node-1] [INFO] [1787309430.037680517] [slam_toolbox]: Metric Scores: Initial: 0.928333, IOU: 0.799100, Area: 0.889026, Num Con: 2, Reading: 0.222222, outcome score: 0.914000.
[lifelong_slam_toolbox_node-1] [INFO] [1787309430.437522883] [slam_toolbox]: Metric Scores: Initial: 1.000000, IOU: 0.865149, Area: 0.928443, Num Con: 2, Reading: 0.455556, outcome score: -1.000000.
[lifelong_slam_toolbox_node-1] [INFO] [1787309430.437589984] [slam_toolbox]: Metric Scores: Initial: 0.878007, IOU: 0.894674, Area: 0.943568, Num Con: 3, Reading: 0.686111, outcome score: 0.871985.
[lifelong_slam_toolbox_node-1] [INFO] [1787309430.437607484] [slam_toolbox]: Metric Scores: Initial: 0.995917, IOU: 0.814803, Area: 0.898654, Num Con: 3, Reading: 0.227778, outcome score: 0.994861.
[lifelong_slam_toolbox_node-1] [INFO] [1787309430.437621984] [slam_toolbox]: Metric Scores: Initial: 0.927500, IOU: 0.802968, Area: 0.891426, Num Con: 2, Reading: 0.225000, outcome score: 0.913000.
[lifelong_slam_toolbox_node-1] [INFO] [1787309430.437637384] [slam_toolbox]: Metric Scores: Initial: 0.914000, IOU: 0.792750, Area: 0.885078, Num Con: 2, Reading: 0.222222, outcome score: 0.899667.
[lifelong_slam_toolbox_node-1] [INFO] [1787309430.842748879] [slam_toolbox]: Metric Scores: Initial: 1.000000, IOU: 0.992513, Area: 0.995511, Num Con: 2, Reading: 0.697222, outcome score: -1.000000.
[lifelong_slam_toolbox_node-1] [INFO] [1787309430.842835579] [slam_toolbox]: Metric Scores: Initial: 1.000000, IOU: 0.873279, Area: 0.933134, Num Con: 2, Reading: 0.466667, outcome score: -1.000000.
[lifelong_slam_toolbox_node-1] [INFO] [1787309430.842860179] [slam_toolbox]: Metric Scores: Initial: 0.871985, IOU: 0.892149, Area: 0.942157, Num Con: 3, Reading: 0.686111, outcome score: 0.865716.
[lifelong_slam_toolbox_node-1] [INFO] [1787309430.842874180] [slam_toolbox]: Metric Scores: Initial: 0.994861, IOU: 0.808641, Area: 0.894893, Num Con: 3, Reading: 0.227778, outcome score: 0.993791.
[lifelong_slam_toolbox_node-1] [INFO] [1787309430.842889680] [slam_toolbox]: Metric Scores: Initial: 0.913000, IOU: 0.796907, Area: 0.887678, Num Con: 2, Reading: 0.225000, outcome score: 0.898500.
[lifelong_slam_toolbox_node-1] [INFO] [1787309430.842902980] [slam_toolbox]: Metric Scores: Initial: 0.899667, IOU: 0.786776, Area: 0.881342, Num Con: 2, Reading: 0.222222, outcome score: 0.885333.
[lifelong_slam_toolbox_node-1] W20260821 10:50:31.251478 600212 preprocessor.cc:67] Specified options.num_threads: 50 exceeds maximum available from the threading model Ceres was compiled with: 8.  Bounding to maximum number available.
[lifelong_slam_toolbox_node-1] [INFO] [1787309431.253089902] [slam_toolbox]: Metric Scores: Initial: 0.865716, IOU: 0.889892, Area: 0.942395, Num Con: 3, Reading: 0.686111, outcome score: 0.859187.
[lifelong_slam_toolbox_node-1] [INFO] [1787309431.253138702] [slam_toolbox]: Metric Scores: Initial: 0.993791, IOU: 0.802383, Area: 0.892461, Num Con: 3, Reading: 0.227778, outcome score: 0.992706.
[lifelong_slam_toolbox_node-1] [INFO] [1787309431.253151003] [slam_toolbox]: Metric Scores: Initial: 0.898500, IOU: 0.790762, Area: 0.885251, Num Con: 2, Reading: 0.225000, outcome score: 0.884000.
[lifelong_slam_toolbox_node-1] [INFO] [1787309431.253163103] [slam_toolbox]: Metric Scores: Initial: 0.885333, IOU: 0.780725, Area: 0.878917, Num Con: 2, Reading: 0.222222, outcome score: 0.871000.
[lifelong_slam_toolbox_node-1] [INFO] [1787309431.253178703] [slam_toolbox]: Metric Scores: Initial: 1.000000, IOU: 0.885193, Area: 0.940385, Num Con: 2, Reading: 0.480556, outcome score: -1.000000.
[lifelong_slam_toolbox_node-1] [INFO] [1787309431.627796432] [slam_toolbox]: Metric Scores: Initial: 0.859187, IOU: 0.888609, Area: 0.941648, Num Con: 3, Reading: 0.686111, outcome score: 0.852391.
[lifelong_slam_toolbox_node-1] [INFO] [1787309431.627855133] [slam_toolbox]: Metric Scores: Initial: 0.992706, IOU: 0.796982, Area: 0.889092, Num Con: 3, Reading: 0.227778, outcome score: 0.991607.
[lifelong_slam_toolbox_node-1] [INFO] [1787309431.627869533] [slam_toolbox]: Metric Scores: Initial: 0.884000, IOU: 0.785450, Area: 0.881894, Num Con: 2, Reading: 0.225000, outcome score: 0.869500.
[lifelong_slam_toolbox_node-1] [INFO] [1787309431.627882033] [slam_toolbox]: Metric Scores: Initial: 0.871000, IOU: 0.775489, Area: 0.875572, Num Con: 2, Reading: 0.222222, outcome score: 0.856667.
[lifelong_slam_toolbox_node-1] [INFO] [1787309432.027170396] [slam_toolbox]: Metric Scores: Initial: 0.852391, IOU: 0.887387, Area: 0.940998, Num Con: 3, Reading: 0.686111, outcome score: 0.845314.
[lifelong_slam_toolbox_node-1] [INFO] [1787309432.027236797] [slam_toolbox]: Metric Scores: Initial: 0.991607, IOU: 0.792440, Area: 0.886299, Num Con: 3, Reading: 0.227778, outcome score: 0.990492.
[lifelong_slam_toolbox_node-1] [INFO] [1787309432.027251297] [slam_toolbox]: Metric Scores: Initial: 0.869500, IOU: 0.780983, Area: 0.879112, Num Con: 2, Reading: 0.225000, outcome score: 0.855000.
[lifelong_slam_toolbox_node-1] [INFO] [1787309432.027264197] [slam_toolbox]: Metric Scores: Initial: 0.856667, IOU: 0.771087, Area: 0.872798, Num Con: 2, Reading: 0.222222, outcome score: 0.842333.
[lifelong_slam_toolbox_node-1] [INFO] [1787309432.027278597] [slam_toolbox]: Metric Scores: Initial: 1.000000, IOU: 0.907141, Area: 0.952719, Num Con: 2, Reading: 0.697222, outcome score: -1.000000.
[lifelong_slam_toolbox_node-1] [INFO] [1787309432.429281375] [slam_toolbox]: Metric Scores: Initial: 0.845314, IOU: 0.889085, Area: 0.941957, Num Con: 3, Reading: 0.686111, outcome score: 0.837946.
[lifelong_slam_toolbox_node-1] [INFO] [1787309432.429334375] [slam_toolbox]: Metric Scores: Initial: 0.990492, IOU: 0.786483, Area: 0.882576, Num Con: 3, Reading: 0.227778, outcome score: 0.989362.
[lifelong_slam_toolbox_node-1] [INFO] [1787309432.429348575] [slam_toolbox]: Metric Scores: Initial: 0.855000, IOU: 0.775128, Area: 0.875405, Num Con: 2, Reading: 0.225000, outcome score: 0.840500.
[lifelong_slam_toolbox_node-1] [INFO] [1787309432.429361176] [slam_toolbox]: Metric Scores: Initial: 0.842333, IOU: 0.765318, Area: 0.869106, Num Con: 2, Reading: 0.222222, outcome score: 0.828000.
[lifelong_slam_toolbox_node-1] [INFO] [1787309432.828118236] [slam_toolbox]: Metric Scores: Initial: 1.000000, IOU: 0.996689, Area: 0.998534, Num Con: 2, Reading: 0.691667, outcome score: -1.000000.
[lifelong_slam_toolbox_node-1] [INFO] [1787309432.828253137] [slam_toolbox]: Metric Scores: Initial: 0.837946, IOU: 0.891283, Area: 0.943236, Num Con: 3, Reading: 0.686111, outcome score: 0.830275.
[lifelong_slam_toolbox_node-1] [INFO] [1787309432.828302137] [slam_toolbox]: Metric Scores: Initial: 0.989362, IOU: 0.783812, Area: 0.880940, Num Con: 3, Reading: 0.227778, outcome score: 0.988217.
[lifelong_slam_toolbox_node-1] [INFO] [1787309432.828316237] [slam_toolbox]: Metric Scores: Initial: 0.840500, IOU: 0.772504, Area: 0.873777, Num Con: 2, Reading: 0.225000, outcome score: 0.826000.
[lifelong_slam_toolbox_node-1] [INFO] [1787309432.828329737] [slam_toolbox]: Metric Scores: Initial: 0.828000, IOU: 0.762735, Area: 0.867485, Num Con: 2, Reading: 0.222222, outcome score: 0.813667.
[lifelong_slam_toolbox_node-1] [INFO] [1787309432.828341937] [slam_toolbox]: Metric Scores: Initial: 1.000000, IOU: 0.921745, Area: 0.959378, Num Con: 2, Reading: 0.700000, outcome score: -1.000000.
[lifelong_slam_toolbox_node-1] [INFO] [1787309433.228410705] [slam_toolbox]: Metric Scores: Initial: 1.000000, IOU: 0.999151, Area: 0.999750, Num Con: 2, Reading: 0.686111, outcome score: -1.000000.
[lifelong_slam_toolbox_node-1] [INFO] [1787309433.228465605] [slam_toolbox]: Metric Scores: Initial: 0.997959, IOU: 0.994289, Area: 0.997269, Num Con: 2, Reading: 0.686111, outcome score: -1.000000.
[lifelong_slam_toolbox_node-1] [INFO] [1787309433.228498205] [slam_toolbox]: Metric Scores: Initial: 0.830275, IOU: 0.890589, Area: 0.942819, Num Con: 3, Reading: 0.686111, outcome score: 0.822288.
[lifelong_slam_toolbox_node-1] [INFO] [1787309433.228511705] [slam_toolbox]: Metric Scores: Initial: 0.988217, IOU: 0.780499, Area: 0.878822, Num Con: 3, Reading: 0.227778, outcome score: 0.987056.
[lifelong_slam_toolbox_node-1] [INFO] [1787309433.228525206] [slam_toolbox]: Metric Scores: Initial: 0.826000, IOU: 0.769244, Area: 0.871667, Num Con: 2, Reading: 0.225000, outcome score: 0.811500.
[lifelong_slam_toolbox_node-1] [INFO] [1787309433.228534706] [slam_toolbox]: Metric Scores: Initial: 0.813667, IOU: 0.759522, Area: 0.865382, Num Con: 2, Reading: 0.222222, outcome score: 0.799333.
[lifelong_slam_toolbox_node-1] [INFO] [1787309433.627929570] [slam_toolbox]: Metric Scores: Initial: 0.822288, IOU: 0.894986, Area: 0.945288, Num Con: 3, Reading: 0.686111, outcome score: 0.813972.
[lifelong_slam_toolbox_node-1] [INFO] [1787309433.627987870] [slam_toolbox]: Metric Scores: Initial: 0.987056, IOU: 0.776842, Area: 0.876516, Num Con: 3, Reading: 0.227778, outcome score: 0.985879.
[lifelong_slam_toolbox_node-1] [INFO] [1787309433.627999670] [slam_toolbox]: Metric Scores: Initial: 1.000000, IOU: 0.933984, Area: 0.965978, Num Con: 2, Reading: 0.697222, outcome score: -1.000000.
[lifelong_slam_toolbox_node-1] [INFO] [1787309433.628010070] [slam_toolbox]: Metric Scores: Initial: 0.811500, IOU: 0.765653, Area: 0.869373, Num Con: 2, Reading: 0.225000, outcome score: 0.797000.
[lifelong_slam_toolbox_node-1] [INFO] [1787309433.628020070] [slam_toolbox]: Metric Scores: Initial: 0.799333, IOU: 0.755986, Area: 0.863099, Num Con: 2, Reading: 0.222222, outcome score: 0.785000.
[lifelong_slam_toolbox_node-1] [INFO] [1787309434.028583240] [slam_toolbox]: Metric Scores: Initial: 0.813972, IOU: 0.899733, Area: 0.947978, Num Con: 3, Reading: 0.686111, outcome score: 0.805314.
[lifelong_slam_toolbox_node-1] [INFO] [1787309434.028636541] [slam_toolbox]: Metric Scores: Initial: 1.000000, IOU: 0.940069, Area: 0.969244, Num Con: 2, Reading: 0.697222, outcome score: -1.000000.
[lifelong_slam_toolbox_node-1] [INFO] [1787309434.028647741] [slam_toolbox]: Metric Scores: Initial: 0.985879, IOU: 0.773508, Area: 0.874442, Num Con: 3, Reading: 0.227778, outcome score: 0.984686.
[lifelong_slam_toolbox_node-1] [INFO] [1787309434.028657341] [slam_toolbox]: Metric Scores: Initial: 0.797000, IOU: 0.762380, Area: 0.867312, Num Con: 2, Reading: 0.225000, outcome score: 0.782500.
[lifelong_slam_toolbox_node-1] [INFO] [1787309434.028667441] [slam_toolbox]: Metric Scores: Initial: 0.785000, IOU: 0.752765, Area: 0.861048, Num Con: 2, Reading: 0.222222, outcome score: 0.770667.
[lifelong_slam_toolbox_node-1] [INFO] [1787309434.429086510] [slam_toolbox]: Metric Scores: Initial: 1.000000, IOU: 0.999200, Area: 0.999742, Num Con: 2, Reading: 0.683333, outcome score: -1.000000.
[lifelong_slam_toolbox_node-1] [INFO] [1787309434.429172011] [slam_toolbox]: Metric Scores: Initial: 0.805314, IOU: 0.902524, Area: 0.949529, Num Con: 3, Reading: 0.686111, outcome score: 0.796299.
[lifelong_slam_toolbox_node-1] [INFO] [1787309434.429181911] [slam_toolbox]: Metric Scores: Initial: 0.984686, IOU: 0.771398, Area: 0.873100, Num Con: 3, Reading: 0.227778, outcome score: 0.983476.
[lifelong_slam_toolbox_node-1] [INFO] [1787309434.429242011] [slam_toolbox]: Metric Scores: Initial: 0.782500, IOU: 0.760308, Area: 0.865977, Num Con: 2, Reading: 0.225000, outcome score: 0.768000.
[lifelong_slam_toolbox_node-1] [INFO] [1787309434.429254611] [slam_toolbox]: Metric Scores: Initial: 0.770667, IOU: 0.750725, Area: 0.859719, Num Con: 2, Reading: 0.222222, outcome score: 0.756333.
[lifelong_slam_toolbox_node-1] [INFO] [1787309434.844205660] [slam_toolbox]: Metric Scores: Initial: 1.000000, IOU: 0.948725, Area: 0.973856, Num Con: 2, Reading: 0.691667, outcome score: -1.000000.
[lifelong_slam_toolbox_node-1] [INFO] [1787309434.844277060] [slam_toolbox]: Metric Scores: Initial: 0.796299, IOU: 0.907855, Area: 0.952479, Num Con: 3, Reading: 0.686111, outcome score: 0.786914.
[lifelong_slam_toolbox_node-1] [INFO] [1787309434.844293260] [slam_toolbox]: Metric Scores: Initial: 0.983476, IOU: 0.768702, Area: 0.871384, Num Con: 3, Reading: 0.227778, outcome score: 0.982251.
[lifelong_slam_toolbox_node-1] [INFO] [1787309434.844307760] [slam_toolbox]: Metric Scores: Initial: 0.768000, IOU: 0.757662, Area: 0.864272, Num Con: 2, Reading: 0.225000, outcome score: 0.753500.
[lifelong_slam_toolbox_node-1] [INFO] [1787309434.844324260] [slam_toolbox]: Metric Scores: Initial: 0.756333, IOU: 0.748122, Area: 0.858023, Num Con: 2, Reading: 0.222222, outcome score: 0.742000.
[lifelong_slam_toolbox_node-1] [INFO] [1787309435.227644437] [slam_toolbox]: Metric Scores: Initial: 1.000000, IOU: 0.950280, Area: 0.974587, Num Con: 3, Reading: 0.688889, outcome score: 0.999000.
[lifelong_slam_toolbox_node-1] [INFO] [1787309435.227721237] [slam_toolbox]: Metric Scores: Initial: 0.786914, IOU: 0.911851, Area: 0.954637, Num Con: 3, Reading: 0.686111, outcome score: 0.777142.
[lifelong_slam_toolbox_node-1] [INFO] [1787309435.227731538] [slam_toolbox]: Metric Scores: Initial: 0.982251, IOU: 0.764552, Area: 0.868687, Num Con: 3, Reading: 0.227778, outcome score: 0.981008.
[lifelong_slam_toolbox_node-1] [INFO] [1787309435.227741838] [slam_toolbox]: Metric Scores: Initial: 0.753500, IOU: 0.753585, Area: 0.861588, Num Con: 2, Reading: 0.225000, outcome score: 0.739000.
[lifelong_slam_toolbox_node-1] [INFO] [1787309435.227750938] [slam_toolbox]: Metric Scores: Initial: 0.742000, IOU: 0.744106, Area: 0.855351, Num Con: 2, Reading: 0.222222, outcome score: 0.727667.
[lifelong_slam_toolbox_node-1] 
[lifelong_slam_toolbox_node-1] Solver Summary (v 2.2.0-eigen-(3.4.0)-lapack-suitesparse-(7.6.1)-eigensparse)
[lifelong_slam_toolbox_node-1] 
[lifelong_slam_toolbox_node-1]                                      Original                  Reduced
[lifelong_slam_toolbox_node-1] Parameter blocks                          240                      144
[lifelong_slam_toolbox_node-1] Parameters                                240                      144
[lifelong_slam_toolbox_node-1] Residual blocks                            41                       41
[lifelong_slam_toolbox_node-1] Residuals                                 123                      123
[lifelong_slam_toolbox_node-1] 
[lifelong_slam_toolbox_node-1] Minimizer                        TRUST_REGION
[lifelong_slam_toolbox_node-1] Trust region strategy     LEVENBERG_MARQUARDT
[lifelong_slam_toolbox_node-1] Sparse linear algebra library    SUITE_SPARSE 
[lifelong_slam_toolbox_node-1] 
[lifelong_slam_toolbox_node-1]                                         Given                     Used
[lifelong_slam_toolbox_node-1] Linear solver          SPARSE_NORMAL_CHOLESKY   SPARSE_NORMAL_CHOLESKY
[lifelong_slam_toolbox_node-1] Threads                                    50                        8
[lifelong_slam_toolbox_node-1] Linear solver ordering              AUTOMATIC                      144
[lifelong_slam_toolbox_node-1] 
[lifelong_slam_toolbox_node-1] Cost:
[lifelong_slam_toolbox_node-1] Initial                          1.455897e-01
[lifelong_slam_toolbox_node-1] Final                            1.632483e-06
[lifelong_slam_toolbox_node-1] Change                           1.455880e-01
[lifelong_slam_toolbox_node-1] 
[lifelong_slam_toolbox_node-1] Minimizer iterations                        2
[lifelong_slam_toolbox_node-1] Successful steps                            2
[lifelong_slam_toolbox_node-1] Unsuccessful steps                          0
[lifelong_slam_toolbox_node-1] 
[lifelong_slam_toolbox_node-1] Time (in seconds):
[lifelong_slam_toolbox_node-1] Preprocessor                         0.000223
[lifelong_slam_toolbox_node-1] 
[lifelong_slam_toolbox_node-1]   Residual only evaluation           0.000030 (2)
[lifelong_slam_toolbox_node-1]   Jacobian & residual evaluation     0.000146 (2)
[lifelong_slam_toolbox_node-1]   Linear solver                      0.000249 (2)
[lifelong_slam_toolbox_node-1] Minimizer                            0.000511
[lifelong_slam_toolbox_node-1] 
[lifelong_slam_toolbox_node-1] Postprocessor                        0.000012
[lifelong_slam_toolbox_node-1] Total                                0.000746
[lifelong_slam_toolbox_node-1] 
[lifelong_slam_toolbox_node-1] Termination:                      CONVERGENCE (Parameter tolerance reached. Relative step_norm: 1.320269e-05 <= 1.000000e-03.)
[lifelong_slam_toolbox_node-1] 
[lifelong_slam_toolbox_node-1] [INFO] [1787309435.628992512] [slam_toolbox]: Metric Scores: Initial: 1.000000, IOU: 0.956315, Area: 0.977830, Num Con: 2, Reading: 0.688889, outcome score: -1.000000.
[lifelong_slam_toolbox_node-1] [INFO] [1787309435.629046312] [slam_toolbox]: Metric Scores: Initial: 0.999000, IOU: 0.949712, Area: 0.974339, Num Con: 3, Reading: 0.688889, outcome score: 0.997959.
[lifelong_slam_toolbox_node-1] [INFO] [1787309435.629063112] [slam_toolbox]: Metric Scores: Initial: 0.777142, IOU: 0.916340, Area: 0.957139, Num Con: 3, Reading: 0.686111, outcome score: 0.766967.
[lifelong_slam_toolbox_node-1] [INFO] [1787309435.629073412] [slam_toolbox]: Metric Scores: Initial: 0.981008, IOU: 0.764208, Area: 0.868510, Num Con: 3, Reading: 0.227778, outcome score: 0.979748.
[lifelong_slam_toolbox_node-1] [INFO] [1787309435.629084112] [slam_toolbox]: Metric Scores: Initial: 0.739000, IOU: 0.753251, Area: 0.861415, Num Con: 2, Reading: 0.225000, outcome score: 0.724500.
[lifelong_slam_toolbox_node-1] [INFO] [1787309435.629094812] [slam_toolbox]: Metric Scores: Initial: 0.727667, IOU: 0.743781, Area: 0.855182, Num Con: 2, Reading: 0.222222, outcome score: 0.713333.
[lifelong_slam_toolbox_node-1] W20260821 10:50:36.055825 600212 preprocessor.cc:67] Specified options.num_threads: 50 exceeds maximum available from the threading model Ceres was compiled with: 8.  Bounding to maximum number available.
[lifelong_slam_toolbox_node-1] [INFO] [1787309436.057554134] [slam_toolbox]: Metric Scores: Initial: 0.766967, IOU: 0.923495, Area: 0.959468, Num Con: 3, Reading: 0.686111, outcome score: 0.756374.
[lifelong_slam_toolbox_node-1] [INFO] [1787309436.057597534] [slam_toolbox]: Metric Scores: Initial: 0.997959, IOU: 0.946963, Area: 0.971310, Num Con: 2, Reading: 0.688889, outcome score: -1.000000.
[lifelong_slam_toolbox_node-1] [INFO] [1787309436.057609434] [slam_toolbox]: Metric Scores: Initial: 0.979748, IOU: 0.762088, Area: 0.865749, Num Con: 3, Reading: 0.227778, outcome score: 0.978472.
[lifelong_slam_toolbox_node-1] [INFO] [1787309436.057621234] [slam_toolbox]: Metric Scores: Initial: 0.724500, IOU: 0.751165, Area: 0.858670, Num Con: 2, Reading: 0.225000, outcome score: 0.710000.
[lifelong_slam_toolbox_node-1] [INFO] [1787309436.057635334] [slam_toolbox]: Metric Scores: Initial: 0.713333, IOU: 0.741722, Area: 0.852450, Num Con: 2, Reading: 0.222222, outcome score: 0.699000.
[lifelong_slam_toolbox_node-1] [INFO] [1787309436.437606893] [slam_toolbox]: Metric Scores: Initial: 1.000000, IOU: 0.994005, Area: 0.995200, Num Con: 2, Reading: 0.686111, outcome score: -1.000000.
[lifelong_slam_toolbox_node-1] [INFO] [1787309436.437674793] [slam_toolbox]: Metric Scores: Initial: 0.997959, IOU: 0.988351, Area: 0.995187, Num Con: 2, Reading: 0.686111, outcome score: -1.000000.
[lifelong_slam_toolbox_node-1] [INFO] [1787309436.437698893] [slam_toolbox]: Metric Scores: Initial: 0.756374, IOU: 0.929742, Area: 0.962837, Num Con: 3, Reading: 0.686111, outcome score: 0.745345.
[lifelong_slam_toolbox_node-1] [INFO] [1787309436.437718193] [slam_toolbox]: Metric Scores: Initial: 0.978472, IOU: 0.759717, Area: 0.864223, Num Con: 3, Reading: 0.227778, outcome score: 0.977177.
[lifelong_slam_toolbox_node-1] [INFO] [1787309436.437737593] [slam_toolbox]: Metric Scores: Initial: 0.710000, IOU: 0.748839, Area: 0.857155, Num Con: 2, Reading: 0.225000, outcome score: 0.695500.
[lifelong_slam_toolbox_node-1] [INFO] [1787309436.437755393] [slam_toolbox]: Metric Scores: Initial: 0.699000, IOU: 0.739435, Area: 0.850943, Num Con: 2, Reading: 0.222222, outcome score: 0.684667.
[lifelong_slam_toolbox_node-1] [INFO] [1787309436.437779894] [slam_toolbox]: Metric Scores: Initial: 1.000000, IOU: 0.955609, Area: 0.977348, Num Con: 2, Reading: 0.688889, outcome score: -1.000000.
[lifelong_slam_toolbox_node-1] [INFO] [1787309436.835825450] [slam_toolbox]: Metric Scores: Initial: 0.745345, IOU: 0.934718, Area: 0.965522, Num Con: 3, Reading: 0.686111, outcome score: 0.733862.
[lifelong_slam_toolbox_node-1] [INFO] [1787309436.835898451] [slam_toolbox]: Metric Scores: Initial: 0.977177, IOU: 0.760353, Area: 0.864653, Num Con: 3, Reading: 0.227778, outcome score: 0.975866.
[lifelong_slam_toolbox_node-1] [INFO] [1787309436.835918251] [slam_toolbox]: Metric Scores: Initial: 0.695500, IOU: 0.749469, Area: 0.857586, Num Con: 2, Reading: 0.225000, outcome score: 0.681000.
[lifelong_slam_toolbox_node-1] [INFO] [1787309436.835936951] [slam_toolbox]: Metric Scores: Initial: 0.684667, IOU: 0.740060, Area: 0.851376, Num Con: 2, Reading: 0.222222, outcome score: 0.670333.
[lifelong_slam_toolbox_node-1] [INFO] [1787309437.236554021] [slam_toolbox]: Metric Scores: Initial: 0.733862, IOU: 0.941280, Area: 0.968999, Num Con: 3, Reading: 0.686111, outcome score: 0.721906.
[lifelong_slam_toolbox_node-1] [INFO] [1787309437.236620422] [slam_toolbox]: Metric Scores: Initial: 0.975866, IOU: 0.758668, Area: 0.863550, Num Con: 3, Reading: 0.227778, outcome score: 0.974536.
[lifelong_slam_toolbox_node-1] [INFO] [1787309437.236638022] [slam_toolbox]: Metric Scores: Initial: 0.681000, IOU: 0.747819, Area: 0.856492, Num Con: 2, Reading: 0.225000, outcome score: 0.666500.
[lifelong_slam_toolbox_node-1] [INFO] [1787309437.236710922] [slam_toolbox]: Metric Scores: Initial: 0.670333, IOU: 0.738438, Area: 0.850289, Num Con: 2, Reading: 0.222222, outcome score: 0.656000.
[lifelong_slam_toolbox_node-1] [INFO] [1787309437.236732622] [slam_toolbox]: Metric Scores: Initial: 1.000000, IOU: 0.946357, Area: 0.972478, Num Con: 2, Reading: 0.683333, outcome score: -1.000000.
[lifelong_slam_toolbox_node-1] [INFO] [1787309437.627147338] [slam_toolbox]: Metric Scores: Initial: 0.721906, IOU: 0.950404, Area: 0.973854, Num Con: 3, Reading: 0.686111, outcome score: 0.709457.
[lifelong_slam_toolbox_node-1] [INFO] [1787309437.627218138] [slam_toolbox]: Metric Scores: Initial: 0.974536, IOU: 0.757506, Area: 0.862833, Num Con: 3, Reading: 0.227778, outcome score: 0.973188.
[lifelong_slam_toolbox_node-1] [INFO] [1787309437.627233938] [slam_toolbox]: Metric Scores: Initial: 0.666500, IOU: 0.746685, Area: 0.855784, Num Con: 2, Reading: 0.225000, outcome score: 0.652000.
[lifelong_slam_toolbox_node-1] [INFO] [1787309437.627247538] [slam_toolbox]: Metric Scores: Initial: 0.656000, IOU: 0.737327, Area: 0.849587, Num Con: 2, Reading: 0.222222, outcome score: 0.641667.
[lifelong_slam_toolbox_node-1] [INFO] [1787309437.627258538] [slam_toolbox]: Metric Scores: Initial: 1.000000, IOU: 0.941973, Area: 0.970191, Num Con: 2, Reading: 0.683333, outcome score: -1.000000.
[lifelong_slam_toolbox_node-1] [INFO] [1787309438.027647307] [slam_toolbox]: Metric Scores: Initial: 1.000000, IOU: 0.995233, Area: 1.000000, Num Con: 2, Reading: 0.686111, outcome score: -1.000000.
[lifelong_slam_toolbox_node-1] [INFO] [1787309438.027727308] [slam_toolbox]: Metric Scores: Initial: 0.709457, IOU: 0.953176, Area: 0.975275, Num Con: 3, Reading: 0.686111, outcome score: 0.696497.
[lifelong_slam_toolbox_node-1] [INFO] [1787309438.027740308] [slam_toolbox]: Metric Scores: Initial: 0.973188, IOU: 0.759050, Area: 0.863803, Num Con: 3, Reading: 0.227778, outcome score: 0.971821.
[lifelong_slam_toolbox_node-1] [INFO] [1787309438.027753008] [slam_toolbox]: Metric Scores: Initial: 0.652000, IOU: 0.748206, Area: 0.856751, Num Con: 2, Reading: 0.225000, outcome score: 0.637500.
[lifelong_slam_toolbox_node-1] [INFO] [1787309438.027763708] [slam_toolbox]: Metric Scores: Initial: 0.641667, IOU: 0.738829, Area: 0.850553, Num Con: 2, Reading: 0.222222, outcome score: 0.627333.
[lifelong_slam_toolbox_node-1] [INFO] [1787309438.428292878] [slam_toolbox]: Metric Scores: Initial: 1.000000, IOU: 0.993756, Area: 0.999251, Num Con: 2, Reading: 0.683333, outcome score: -1.000000.
[lifelong_slam_toolbox_node-1] [INFO] [1787309438.428346978] [slam_toolbox]: Metric Scores: Initial: 0.996875, IOU: 0.987780, Area: 0.993038, Num Con: 3, Reading: 0.686111, outcome score: 0.995746.
[lifelong_slam_toolbox_node-1] [INFO] [1787309438.428361679] [slam_toolbox]: Metric Scores: Initial: 0.997959, IOU: 0.978840, Area: 0.988462, Num Con: 2, Reading: 0.683333, outcome score: -1.000000.
[lifelong_slam_toolbox_node-1] [INFO] [1787309438.428394779] [slam_toolbox]: Metric Scores: Initial: 0.696497, IOU: 0.961626, Area: 0.979664, Num Con: 3, Reading: 0.686111, outcome score: 0.683003.
[lifelong_slam_toolbox_node-1] [INFO] [1787309438.428406679] [slam_toolbox]: Metric Scores: Initial: 0.971821, IOU: 0.759402, Area: 0.864014, Num Con: 3, Reading: 0.227778, outcome score: 0.970436.
[lifelong_slam_toolbox_node-1] [INFO] [1787309438.428417379] [slam_toolbox]: Metric Scores: Initial: 1.000000, IOU: 0.939004, Area: 0.968527, Num Con: 2, Reading: 0.680556, outcome score: -1.000000.
[lifelong_slam_toolbox_node-1] [INFO] [1787309438.428426479] [slam_toolbox]: Metric Scores: Initial: 0.637500, IOU: 0.748561, Area: 0.856967, Num Con: 2, Reading: 0.225000, outcome score: 0.623000.
[lifelong_slam_toolbox_node-1] [INFO] [1787309438.428435779] [slam_toolbox]: Metric Scores: Initial: 0.627333, IOU: 0.739184, Area: 0.850772, Num Con: 2, Reading: 0.222222, outcome score: 0.613000.
[lifelong_slam_toolbox_node-1] [INFO] [1787309438.827862243] [slam_toolbox]: Metric Scores: Initial: 0.683003, IOU: 0.966820, Area: 0.982389, Num Con: 3, Reading: 0.686111, outcome score: 0.668953.
[lifelong_slam_toolbox_node-1] [INFO] [1787309438.827915643] [slam_toolbox]: Metric Scores: Initial: 1.000000, IOU: 0.939588, Area: 0.968867, Num Con: 2, Reading: 0.680556, outcome score: -1.000000.
[lifelong_slam_toolbox_node-1] [INFO] [1787309438.827925443] [slam_toolbox]: Metric Scores: Initial: 0.970436, IOU: 0.760802, Area: 0.864950, Num Con: 3, Reading: 0.227778, outcome score: 0.969032.
[lifelong_slam_toolbox_node-1] [INFO] [1787309438.827936143] [slam_toolbox]: Metric Scores: Initial: 0.623000, IOU: 0.749943, Area: 0.857902, Num Con: 2, Reading: 0.225000, outcome score: 0.608500.
[lifelong_slam_toolbox_node-1] [INFO] [1787309438.827991444] [slam_toolbox]: Metric Scores: Initial: 0.613000, IOU: 0.740551, Area: 0.851706, Num Con: 2, Reading: 0.222222, outcome score: 0.598667.
[lifelong_slam_toolbox_node-1] [INFO] [1787309439.227117706] [slam_toolbox]: Metric Scores: Initial: 0.995746, IOU: 0.998246, Area: 0.998292, Num Con: 2, Reading: 0.686111, outcome score: -1.000000.
[lifelong_slam_toolbox_node-1] [INFO] [1787309439.227212707] [slam_toolbox]: Metric Scores: Initial: 1.000000, IOU: 0.937074, Area: 0.967510, Num Con: 2, Reading: 0.686111, outcome score: -1.000000.
[lifelong_slam_toolbox_node-1] [INFO] [1787309439.227226207] [slam_toolbox]: Metric Scores: Initial: 0.668953, IOU: 0.973795, Area: 0.985933, Num Con: 3, Reading: 0.686111, outcome score: 0.654325.
[lifelong_slam_toolbox_node-1] [INFO] [1787309439.227235207] [slam_toolbox]: Metric Scores: Initial: 0.969032, IOU: 0.761050, Area: 0.865069, Num Con: 3, Reading: 0.227778, outcome score: 0.967609.
[lifelong_slam_toolbox_node-1] [INFO] [1787309439.227244107] [slam_toolbox]: Metric Scores: Initial: 0.608500, IOU: 0.750194, Area: 0.858026, Num Con: 2, Reading: 0.225000, outcome score: 0.594000.
[lifelong_slam_toolbox_node-1] [INFO] [1787309439.227253507] [slam_toolbox]: Metric Scores: Initial: 0.598667, IOU: 0.740802, Area: 0.851832, Num Con: 2, Reading: 0.222222, outcome score: 0.584333.
[lifelong_slam_toolbox_node-1] [INFO] [1787309439.627744177] [slam_toolbox]: Metric Scores: Initial: 1.000000, IOU: 0.934506, Area: 0.966150, Num Con: 2, Reading: 0.683333, outcome score: -1.000000.
[lifelong_slam_toolbox_node-1] [INFO] [1787309439.627803677] [slam_toolbox]: Metric Scores: Initial: 0.654325, IOU: 0.981400, Area: 0.989862, Num Con: 3, Reading: 0.686111, outcome score: 0.639094.
[lifelong_slam_toolbox_node-1] [INFO] [1787309439.627814377] [slam_toolbox]: Metric Scores: Initial: 0.967609, IOU: 0.763883, Area: 0.866932, Num Con: 3, Reading: 0.227778, outcome score: 0.966166.
[lifelong_slam_toolbox_node-1] [INFO] [1787309439.627824277] [slam_toolbox]: Metric Scores: Initial: 0.594000, IOU: 0.752987, Area: 0.859886, Num Con: 2, Reading: 0.225000, outcome score: 0.579500.
[lifelong_slam_toolbox_node-1] [INFO] [1787309439.627834977] [slam_toolbox]: Metric Scores: Initial: 0.584333, IOU: 0.743561, Area: 0.853689, Num Con: 2, Reading: 0.222222, outcome score: 0.570000.
[lifelong_slam_toolbox_node-1] [INFO] [1787309440.028432148] [slam_toolbox]: Metric Scores: Initial: 1.000000, IOU: 0.995470, Area: 0.997617, Num Con: 2, Reading: 0.683333, outcome score: -1.000000.
[lifelong_slam_toolbox_node-1] [INFO] [1787309440.028524848] [slam_toolbox]: Metric Scores: Initial: 1.000000, IOU: 0.936541, Area: 0.967271, Num Con: 2, Reading: 0.683333, outcome score: -1.000000.
[lifelong_slam_toolbox_node-1] [INFO] [1787309440.028549748] [slam_toolbox]: Metric Scores: Initial: 0.639094, IOU: 0.985838, Area: 0.992126, Num Con: 3, Reading: 0.686111, outcome score: 0.623237.
[lifelong_slam_toolbox_node-1] [INFO] [1787309440.028563748] [slam_toolbox]: Metric Scores: Initial: 0.966166, IOU: 0.764892, Area: 0.867590, Num Con: 3, Reading: 0.227778, outcome score: 0.964704.
[lifelong_slam_toolbox_node-1] [INFO] [1787309440.028577048] [slam_toolbox]: Metric Scores: Initial: 0.579500, IOU: 0.753985, Area: 0.860544, Num Con: 2, Reading: 0.225000, outcome score: 0.565000.
[lifelong_slam_toolbox_node-1] [INFO] [1787309440.028592948] [slam_toolbox]: Metric Scores: Initial: 0.570000, IOU: 0.744548, Area: 0.854347, Num Con: 2, Reading: 0.222222, outcome score: 0.555667.
[lifelong_slam_toolbox_node-1] [INFO] [1787309440.427974012] [slam_toolbox]: Metric Scores: Initial: 1.000000, IOU: 0.998428, Area: 0.998428, Num Con: 2, Reading: 0.683333, outcome score: -1.000000.
[lifelong_slam_toolbox_node-1] [INFO] [1787309440.428035313] [slam_toolbox]: Metric Scores: Initial: 0.623237, IOU: 0.993983, Area: 0.996188, Num Con: 3, Reading: 0.686111, outcome score: 0.606727.
[lifelong_slam_toolbox_node-1] [INFO] [1787309440.428082113] [slam_toolbox]: Metric Scores: Initial: 0.964704, IOU: 0.767444, Area: 0.869185, Num Con: 3, Reading: 0.227778, outcome score: 0.963221.
[lifelong_slam_toolbox_node-1] [INFO] [1787309440.428098813] [slam_toolbox]: Metric Scores: Initial: 0.565000, IOU: 0.756501, Area: 0.862136, Num Con: 2, Reading: 0.225000, outcome score: 0.550500.
[lifelong_slam_toolbox_node-1] [INFO] [1787309440.428115213] [slam_toolbox]: Metric Scores: Initial: 0.555667, IOU: 0.747034, Area: 0.855937, Num Con: 2, Reading: 0.222222, outcome score: 0.541333.
[lifelong_slam_toolbox_node-1] 
[lifelong_slam_toolbox_node-1] Solver Summary (v 2.2.0-eigen-(3.4.0)-lapack-suitesparse-(7.6.1)-eigensparse)
[lifelong_slam_toolbox_node-1] 
[lifelong_slam_toolbox_node-1]                                      Original                  Reduced
[lifelong_slam_toolbox_node-1] Parameter blocks                          243                      144
[lifelong_slam_toolbox_node-1] Parameters                                243                      144
[lifelong_slam_toolbox_node-1] Residual blocks                            42                       42
[lifelong_slam_toolbox_node-1] Residuals                                 126                      126
[lifelong_slam_toolbox_node-1] 
[lifelong_slam_toolbox_node-1] Minimizer                        TRUST_REGION
[lifelong_slam_toolbox_node-1] Trust region strategy     LEVENBERG_MARQUARDT
[lifelong_slam_toolbox_node-1] Sparse linear algebra library    SUITE_SPARSE 
[lifelong_slam_toolbox_node-1] 
[lifelong_slam_toolbox_node-1]                                         Given                     Used
[lifelong_slam_toolbox_node-1] Linear solver          SPARSE_NORMAL_CHOLESKY   SPARSE_NORMAL_CHOLESKY
[lifelong_slam_toolbox_node-1] Threads                                    50                        8
[lifelong_slam_toolbox_node-1] Linear solver ordering              AUTOMATIC                      144
[lifelong_slam_toolbox_node-1] 
[lifelong_slam_toolbox_node-1] Cost:
[lifelong_slam_toolbox_node-1] Initial                          5.053174e-02
[lifelong_slam_toolbox_node-1] Final                            2.357451e-06
[lifelong_slam_toolbox_node-1] Change                           5.052938e-02
[lifelong_slam_toolbox_node-1] 
[lifelong_slam_toolbox_node-1] Minimizer iterations                        2
[lifelong_slam_toolbox_node-1] Successful steps                            2
[lifelong_slam_toolbox_node-1] Unsuccessful steps                          0
[lifelong_slam_toolbox_node-1] 
[lifelong_slam_toolbox_node-1] Time (in seconds):
[lifelong_slam_toolbox_node-1] Preprocessor                         0.000237
[lifelong_slam_toolbox_node-1] 
[lifelong_slam_toolbox_node-1]   Residual only evaluation           0.000032 (2)
[lifelong_slam_toolbox_node-1]   Jacobian & residual evaluation     0.000163 (2)
[lifelong_slam_toolbox_node-1]   Linear solver                      0.000267 (2)
[lifelong_slam_toolbox_node-1] Minimizer                            0.000584
[lifelong_slam_toolbox_node-1] 
[lifelong_slam_toolbox_node-1] Postprocessor                        0.000012
[lifelong_slam_toolbox_node-1] Total                                0.000833
[lifelong_slam_toolbox_node-1] 
[lifelong_slam_toolbox_node-1] Termination:                      CONVERGENCE (Parameter tolerance reached. Relative step_norm: 2.821494e-05 <= 1.000000e-03.)
[lifelong_slam_toolbox_node-1] 
[lifelong_slam_toolbox_node-1] [INFO] [1787309440.827611877] [slam_toolbox]: Metric Scores: Initial: 1.000000, IOU: 0.996592, Area: 0.996592, Num Con: 2, Reading: 0.686111, outcome score: -1.000000.
[lifelong_slam_toolbox_node-1] [INFO] [1787309440.827668778] [slam_toolbox]: Metric Scores: Initial: 0.606727, IOU: 0.998405, Area: 0.998405, Num Con: 2, Reading: 0.686111, outcome score: -1.000000.
[lifelong_slam_toolbox_node-1] [INFO] [1787309440.827694178] [slam_toolbox]: Metric Scores: Initial: 0.963221, IOU: 0.769499, Area: 0.870499, Num Con: 3, Reading: 0.227778, outcome score: 0.961719.
[lifelong_slam_toolbox_node-1] [INFO] [1787309440.827707478] [slam_toolbox]: Metric Scores: Initial: 0.550500, IOU: 0.758529, Area: 0.863450, Num Con: 2, Reading: 0.225000, outcome score: 0.536000.
[lifelong_slam_toolbox_node-1] [INFO] [1787309440.827719978] [slam_toolbox]: Metric Scores: Initial: 0.541333, IOU: 0.749036, Area: 0.857248, Num Con: 2, Reading: 0.222222, outcome score: 0.527000.
[lifelong_slam_toolbox_node-1] [INFO] [1787309440.827734278] [slam_toolbox]: Metric Scores: Initial: 1.000000, IOU: 0.934316, Area: 0.966008, Num Con: 2, Reading: 0.683333, outcome score: -1.000000.
[lifelong_slam_toolbox_node-1] W20260821 10:50:41.250361 600212 preprocessor.cc:67] Specified options.num_threads: 50 exceeds maximum available from the threading model Ceres was compiled with: 8.  Bounding to maximum number available.
[lifelong_slam_toolbox_node-1] [INFO] [1787309441.251870576] [slam_toolbox]: Metric Scores: Initial: 1.000000, IOU: 0.991688, Area: 0.996690, Num Con: 2, Reading: 0.686111, outcome score: -1.000000.
[lifelong_slam_toolbox_node-1] [INFO] [1787309441.251919176] [slam_toolbox]: Metric Scores: Initial: 0.997959, IOU: 0.984343, Area: 0.992942, Num Con: 2, Reading: 0.683333, outcome score: -1.000000.
[lifelong_slam_toolbox_node-1] [INFO] [1787309441.251933376] [slam_toolbox]: Metric Scores: Initial: 0.961719, IOU: 0.773802, Area: 0.873270, Num Con: 3, Reading: 0.227778, outcome score: 0.960196.
[lifelong_slam_toolbox_node-1] [INFO] [1787309441.251944576] [slam_toolbox]: Metric Scores: Initial: 0.536000, IOU: 0.762767, Area: 0.866213, Num Con: 2, Reading: 0.225000, outcome score: 0.521500.
[lifelong_slam_toolbox_node-1] [INFO] [1787309441.251956976] [slam_toolbox]: Metric Scores: Initial: 0.527000, IOU: 0.753218, Area: 0.860004, Num Con: 2, Reading: 0.222222, outcome score: 0.512667.
[lifelong_slam_toolbox_node-1] [INFO] [1787309441.251973576] [slam_toolbox]: Metric Scores: Initial: 1.000000, IOU: 0.934806, Area: 0.966322, Num Con: 2, Reading: 0.686111, outcome score: -1.000000.
[lifelong_slam_toolbox_node-1] [INFO] [1787309441.627621812] [slam_toolbox]: Metric Scores: Initial: 0.960196, IOU: 0.775820, Area: 0.874495, Num Con: 3, Reading: 0.227778, outcome score: 0.958652.
[lifelong_slam_toolbox_node-1] [INFO] [1787309441.627682512] [slam_toolbox]: Metric Scores: Initial: 0.521500, IOU: 0.764757, Area: 0.867436, Num Con: 2, Reading: 0.225000, outcome score: 0.507000.
[lifelong_slam_toolbox_node-1] [INFO] [1787309441.627698112] [slam_toolbox]: Metric Scores: Initial: 0.512667, IOU: 0.755184, Area: 0.861226, Num Con: 2, Reading: 0.222222, outcome score: 0.498333.
[lifelong_slam_toolbox_node-1] [INFO] [1787309442.026303672] [slam_toolbox]: Metric Scores: Initial: 0.958652, IOU: 0.779976, Area: 0.877151, Num Con: 3, Reading: 0.227778, outcome score: 0.957087.
[lifelong_slam_toolbox_node-1] [INFO] [1787309442.026369072] [slam_toolbox]: Metric Scores: Initial: 0.507000, IOU: 0.768852, Area: 0.870086, Num Con: 2, Reading: 0.225000, outcome score: 0.492500.
[lifelong_slam_toolbox_node-1] [INFO] [1787309442.026383072] [slam_toolbox]: Metric Scores: Initial: 0.498333, IOU: 0.759224, Area: 0.863870, Num Con: 2, Reading: 0.222222, outcome score: 0.484000.
[lifelong_slam_toolbox_node-1] [INFO] [1787309442.026397472] [slam_toolbox]: Metric Scores: Initial: 1.000000, IOU: 0.933587, Area: 0.965628, Num Con: 2, Reading: 0.683333, outcome score: -1.000000.
[lifelong_slam_toolbox_node-1] [INFO] [1787309442.430443261] [slam_toolbox]: Metric Scores: Initial: 0.957087, IOU: 0.783618, Area: 0.879443, Num Con: 3, Reading: 0.227778, outcome score: 0.955500.
[lifelong_slam_toolbox_node-1] [INFO] [1787309442.430514462] [slam_toolbox]: Metric Scores: Initial: 0.492500, IOU: 0.772437, Area: 0.872371, Num Con: 2, Reading: 0.225000, outcome score: 0.478000.
[lifelong_slam_toolbox_node-1] [INFO] [1787309442.430530862] [slam_toolbox]: Metric Scores: Initial: 0.484000, IOU: 0.762760, Area: 0.866147, Num Con: 2, Reading: 0.222222, outcome score: 0.469667.
[lifelong_slam_toolbox_node-1] [INFO] [1787309442.835369855] [slam_toolbox]: Metric Scores: Initial: 0.955500, IOU: 0.788567, Area: 0.882552, Num Con: 3, Reading: 0.227778, outcome score: 0.953892.
[lifelong_slam_toolbox_node-1] [INFO] [1787309442.835437255] [slam_toolbox]: Metric Scores: Initial: 0.478000, IOU: 0.777310, Area: 0.875471, Num Con: 2, Reading: 0.225000, outcome score: 0.463500.
[lifelong_slam_toolbox_node-1] [INFO] [1787309442.835455355] [slam_toolbox]: Metric Scores: Initial: 0.469667, IOU: 0.767567, Area: 0.869239, Num Con: 2, Reading: 0.222222, outcome score: 0.455333.
[lifelong_slam_toolbox_node-1] [INFO] [1787309442.835519756] [slam_toolbox]: Metric Scores: Initial: 1.000000, IOU: 0.937597, Area: 0.967751, Num Con: 2, Reading: 0.683333, outcome score: -1.000000.
[lifelong_slam_toolbox_node-1] [INFO] [1787309443.239918647] [slam_toolbox]: Metric Scores: Initial: 0.953892, IOU: 0.794916, Area: 0.886478, Num Con: 3, Reading: 0.227778, outcome score: 0.952262.
[lifelong_slam_toolbox_node-1] [INFO] [1787309443.239980547] [slam_toolbox]: Metric Scores: Initial: 0.463500, IOU: 0.783556, Area: 0.879382, Num Con: 2, Reading: 0.225000, outcome score: 0.449000.
[lifelong_slam_toolbox_node-1] [INFO] [1787309443.239995247] [slam_toolbox]: Metric Scores: Initial: 0.455333, IOU: 0.773724, Area: 0.873138, Num Con: 2, Reading: 0.222222, outcome score: 0.441000.
[lifelong_slam_toolbox_node-1] [INFO] [1787309443.627346246] [slam_toolbox]: Metric Scores: Initial: 0.952262, IOU: 0.800151, Area: 0.889706, Num Con: 3, Reading: 0.227778, outcome score: 0.950609.
[lifelong_slam_toolbox_node-1] [INFO] [1787309443.627399046] [slam_toolbox]: Metric Scores: Initial: 1.000000, IOU: 0.942741, Area: 0.970434, Num Con: 2, Reading: 0.683333, outcome score: -1.000000.
[lifelong_slam_toolbox_node-1] [INFO] [1787309443.627410546] [slam_toolbox]: Metric Scores: Initial: 0.449000, IOU: 0.788710, Area: 0.882601, Num Con: 2, Reading: 0.225000, outcome score: 0.434500.
[lifelong_slam_toolbox_node-1] [INFO] [1787309443.627420546] [slam_toolbox]: Metric Scores: Initial: 0.441000, IOU: 0.778808, Area: 0.876348, Num Con: 2, Reading: 0.222222, outcome score: 0.426667.
[lifelong_slam_toolbox_node-1] [INFO] [1787309444.026286207] [slam_toolbox]: Metric Scores: Initial: 0.950609, IOU: 0.806446, Area: 0.893598, Num Con: 3, Reading: 0.227778, outcome score: 0.948934.
[lifelong_slam_toolbox_node-1] [INFO] [1787309444.026337607] [slam_toolbox]: Metric Scores: Initial: 0.434500, IOU: 0.794903, Area: 0.886479, Num Con: 2, Reading: 0.225000, outcome score: 0.420000.
[lifelong_slam_toolbox_node-1] [INFO] [1787309444.026348207] [slam_toolbox]: Metric Scores: Initial: 0.426667, IOU: 0.784912, Area: 0.880213, Num Con: 2, Reading: 0.222222, outcome score: 0.412333.
[lifelong_slam_toolbox_node-1] [INFO] [1787309444.427809482] [slam_toolbox]: Metric Scores: Initial: 1.000000, IOU: 0.940582, Area: 0.969300, Num Con: 2, Reading: 0.683333, outcome score: -1.000000.
[lifelong_slam_toolbox_node-1] [INFO] [1787309444.427863583] [slam_toolbox]: Metric Scores: Initial: 0.948934, IOU: 0.813173, Area: 0.897666, Num Con: 3, Reading: 0.227778, outcome score: 0.947236.
[lifelong_slam_toolbox_node-1] [INFO] [1787309444.427874383] [slam_toolbox]: Metric Scores: Initial: 0.420000, IOU: 0.801520, Area: 0.890533, Num Con: 2, Reading: 0.225000, outcome score: 0.405500.
[lifelong_slam_toolbox_node-1] [INFO] [1787309444.427885183] [slam_toolbox]: Metric Scores: Initial: 0.412333, IOU: 0.791434, Area: 0.884254, Num Con: 2, Reading: 0.222222, outcome score: 0.398000.
[lifelong_slam_toolbox_node-1] [INFO] [1787309444.834821087] [slam_toolbox]: Metric Scores: Initial: 0.947236, IOU: 0.820059, Area: 0.901844, Num Con: 3, Reading: 0.227778, outcome score: 0.945515.
[lifelong_slam_toolbox_node-1] [INFO] [1787309444.834877588] [slam_toolbox]: Metric Scores: Initial: 0.405500, IOU: 0.808293, Area: 0.894697, Num Con: 2, Reading: 0.225000, outcome score: 0.391000.
[lifelong_slam_toolbox_node-1] [INFO] [1787309444.834889388] [slam_toolbox]: Metric Scores: Initial: 0.398000, IOU: 0.798110, Area: 0.888404, Num Con: 2, Reading: 0.222222, outcome score: 0.383667.
[lifelong_slam_toolbox_node-1] [INFO] [1787309445.227305714] [slam_toolbox]: Metric Scores: Initial: 1.000000, IOU: 0.929566, Area: 0.963331, Num Con: 3, Reading: 0.683333, outcome score: 0.999000.
[lifelong_slam_toolbox_node-1] [INFO] [1787309445.227365414] [slam_toolbox]: Metric Scores: Initial: 0.945515, IOU: 0.829507, Area: 0.907474, Num Con: 3, Reading: 0.227778, outcome score: 0.943771.
[lifelong_slam_toolbox_node-1] [INFO] [1787309445.227376914] [slam_toolbox]: Metric Scores: Initial: 0.391000, IOU: 0.817583, Area: 0.900305, Num Con: 2, Reading: 0.225000, outcome score: 0.376500.
[lifelong_slam_toolbox_node-1] [INFO] [1787309445.227387014] [slam_toolbox]: Metric Scores: Initial: 0.383667, IOU: 0.807264, Area: 0.893993, Num Con: 2, Reading: 0.222222, outcome score: 0.369333.
[lifelong_slam_toolbox_node-1] 
[lifelong_slam_toolbox_node-1] Solver Summary (v 2.2.0-eigen-(3.4.0)-lapack-suitesparse-(7.6.1)-eigensparse)
[lifelong_slam_toolbox_node-1] 
[lifelong_slam_toolbox_node-1]                                      Original                  Reduced
[lifelong_slam_toolbox_node-1] Parameter blocks                          222                       96
[lifelong_slam_toolbox_node-1] Parameters                                222                       96
[lifelong_slam_toolbox_node-1] Residual blocks                            29                       29
[lifelong_slam_toolbox_node-1] Residuals                                  87                       87
[lifelong_slam_toolbox_node-1] 
[lifelong_slam_toolbox_node-1] Minimizer                        TRUST_REGION
[lifelong_slam_toolbox_node-1] Trust region strategy     LEVENBERG_MARQUARDT
[lifelong_slam_toolbox_node-1] Sparse linear algebra library    SUITE_SPARSE 
[lifelong_slam_toolbox_node-1] 
[lifelong_slam_toolbox_node-1]                                         Given                     Used
[lifelong_slam_toolbox_node-1] Linear solver          SPARSE_NORMAL_CHOLESKY   SPARSE_NORMAL_CHOLESKY
[lifelong_slam_toolbox_node-1] Threads                                    50                        8
[lifelong_slam_toolbox_node-1] Linear solver ordering              AUTOMATIC                       96
[lifelong_slam_toolbox_node-1] 
[lifelong_slam_toolbox_node-1] Cost:
[lifelong_slam_toolbox_node-1] Initial                          8.586042e-03
[lifelong_slam_toolbox_node-1] Final                            1.708579e-07
[lifelong_slam_toolbox_node-1] Change                           8.585871e-03
[lifelong_slam_toolbox_node-1] 
[lifelong_slam_toolbox_node-1] Minimizer iterations                        2
[lifelong_slam_toolbox_node-1] Successful steps                            2
[lifelong_slam_toolbox_node-1] Unsuccessful steps                          0
[lifelong_slam_toolbox_node-1] 
[lifelong_slam_toolbox_node-1] Time (in seconds):
[lifelong_slam_toolbox_node-1] Preprocessor                         0.000216
[lifelong_slam_toolbox_node-1] 
[lifelong_slam_toolbox_node-1]   Residual only evaluation           0.000038 (2)
[lifelong_slam_toolbox_node-1]   Jacobian & residual evaluation     0.000122 (2)
[lifelong_slam_toolbox_node-1]   Linear solver                      0.000200 (2)
[lifelong_slam_toolbox_node-1] Minimizer                            0.000476
[lifelong_slam_toolbox_node-1] 
[lifelong_slam_toolbox_node-1] Postprocessor                        0.000011
[lifelong_slam_toolbox_node-1] Total                                0.000703
[lifelong_slam_toolbox_node-1] 
[lifelong_slam_toolbox_node-1] Termination:                      CONVERGENCE (Parameter tolerance reached. Relative step_norm: 1.185455e-05 <= 1.000000e-03.)
[lifelong_slam_toolbox_node-1] 
[lifelong_slam_toolbox_node-1] [INFO] [1787309445.626980879] [slam_toolbox]: Metric Scores: Initial: 1.000000, IOU: 0.923097, Area: 0.959936, Num Con: 2, Reading: 0.686111, outcome score: -1.000000.
[lifelong_slam_toolbox_node-1] [INFO] [1787309445.627034279] [slam_toolbox]: Metric Scores: Initial: 0.999000, IOU: 0.920493, Area: 0.958463, Num Con: 3, Reading: 0.683333, outcome score: 0.997959.
[lifelong_slam_toolbox_node-1] [INFO] [1787309445.627051079] [slam_toolbox]: Metric Scores: Initial: 0.943771, IOU: 0.837479, Area: 0.912248, Num Con: 3, Reading: 0.227778, outcome score: 0.942002.
[lifelong_slam_toolbox_node-1] [INFO] [1787309445.627063279] [slam_toolbox]: Metric Scores: Initial: 0.376500, IOU: 0.825422, Area: 0.905061, Num Con: 2, Reading: 0.225000, outcome score: 0.362000.
[lifelong_slam_toolbox_node-1] [INFO] [1787309445.627074479] [slam_toolbox]: Metric Scores: Initial: 0.369333, IOU: 0.814988, Area: 0.898733, Num Con: 2, Reading: 0.222222, outcome score: 0.355000.
[lifelong_slam_toolbox_node-1] W20260821 10:50:46.052026 600212 preprocessor.cc:67] Specified options.num_threads: 50 exceeds maximum available from the threading model Ceres was compiled with: 8.  Bounding to maximum number available.
[lifelong_slam_toolbox_node-1] [INFO] [1787309446.053652590] [slam_toolbox]: Metric Scores: Initial: 0.997959, IOU: 0.910203, Area: 0.949972, Num Con: 2, Reading: 0.683333, outcome score: -1.000000.
[lifelong_slam_toolbox_node-1] [INFO] [1787309446.053700891] [slam_toolbox]: Metric Scores: Initial: 0.942002, IOU: 0.846447, Area: 0.914775, Num Con: 3, Reading: 0.227778, outcome score: 0.940210.
[lifelong_slam_toolbox_node-1] [INFO] [1787309446.053713991] [slam_toolbox]: Metric Scores: Initial: 0.362000, IOU: 0.834219, Area: 0.907578, Num Con: 2, Reading: 0.225000, outcome score: 0.347500.
[lifelong_slam_toolbox_node-1] [INFO] [1787309446.053726491] [slam_toolbox]: Metric Scores: Initial: 0.355000, IOU: 0.823638, Area: 0.901242, Num Con: 2, Reading: 0.222222, outcome score: 0.340667.
[lifelong_slam_toolbox_node-1] [INFO] [1787309446.053745391] [slam_toolbox]: Metric Scores: Initial: 1.000000, IOU: 0.917109, Area: 0.956773, Num Con: 2, Reading: 0.686111, outcome score: -1.000000.
[lifelong_slam_toolbox_node-1] [INFO] [1787309446.427713017] [slam_toolbox]: Metric Scores: Initial: 1.000000, IOU: 0.988245, Area: 0.993380, Num Con: 2, Reading: 0.661111, outcome score: -1.000000.
[lifelong_slam_toolbox_node-1] [INFO] [1787309446.427767517] [slam_toolbox]: Metric Scores: Initial: 0.997966, IOU: 0.974782, Area: 0.986551, Num Con: 2, Reading: 0.491667, outcome score: -1.000000.
[lifelong_slam_toolbox_node-1] [INFO] [1787309446.427788617] [slam_toolbox]: Metric Scores: Initial: 0.940210, IOU: 0.856624, Area: 0.922059, Num Con: 3, Reading: 0.227778, outcome score: 0.938392.
[lifelong_slam_toolbox_node-1] [INFO] [1787309446.427802517] [slam_toolbox]: Metric Scores: Initial: 0.347500, IOU: 0.844236, Area: 0.914836, Num Con: 2, Reading: 0.225000, outcome score: 0.333000.
[lifelong_slam_toolbox_node-1] [INFO] [1787309446.427815617] [slam_toolbox]: Metric Scores: Initial: 0.340667, IOU: 0.833516, Area: 0.908476, Num Con: 2, Reading: 0.222222, outcome score: 0.326333.
