timestamp_utc,sample_index,label,pid,comm,cpu_percent,rss_kib,pss_kib,cmdline
2026-09-08T15:12:38Z,0,"slam15m_noise_n005_lifelong",191,"python3",0.1,69860,46796,"/usr/bin/python3 -c from ros2cli.daemon.daemonize import main; main() --name ros2-daemon --ros-domain-id 0 --rmw-implementation rmw_fastrtps_cpp"
2026-09-08T15:12:38Z,0,"slam15m_noise_n005_lifelong",83970,"python3",7.4,72316,48994,"python3 /oomwoo/contributions/compute-benchmark/OsakaTX/scripts/synthetic_scan_publisher.py --duration 505 --loop-s 40 --hz 5.0 --room-half 7.5 --noise 0.05"
2026-09-08T15:12:38Z,0,"slam15m_noise_n005_lifelong",83986,"ros2",5.3,74564,51093,"/usr/bin/python3 /opt/ros/jazzy/bin/ros2 launch /oomwoo/contributions/compute-benchmark/OsakaTX/scripts/lifelong_launch.py slam_params_file:=/oomwoo/contributions/compute-benchmark/OsakaTX/scripts/lifelong_slam_params.yaml use_sim_time:=False autostart:=true"
2026-09-08T15:12:38Z,0,"slam15m_noise_n005_lifelong",84003,"lifelong_slam_t",34.1,61912,47887,"/opt/ros/jazzy/lib/slam_toolbox/lifelong_slam_toolbox_node --ros-args -r __node:=slam_toolbox -r __ns:=/ --params-file /oomwoo/contributions/compute-benchmark/OsakaTX/scripts/lifelong_slam_params.yaml --params-file /tmp/launch_params_fx3k_6ap"
2026-09-08T15:12:38Z,0,"slam15m_noise_n005_lifelong",84037,"bash",0.0,4460,1112,"bash /oomwoo/contributions/compute-benchmark/xbattlax/scripts/measure_ros_processes.sh --pattern python3|lifelong_slam_toolbox_node --duration 470 --interval 2 --label slam15m_noise_n005_lifelong --output /oomwoo/contributions/compute-benchmark/OsakaTX/scripts/../results/slam15m_noise_n005_lifelong_20260908T151228Z.csv"
2026-09-08T15:12:40Z,1,"slam15m_noise_n005_lifelong",191,"python3",0.1,69860,46796,"/usr/bin/python3 -c from ros2cli.daemon.daemonize import main; main() --name ros2-daemon --ros-domain-id 0 --rmw-implementation rmw_fastrtps_cpp"
2026-09-08T15:12:40Z,1,"slam15m_noise_n005_lifelong",83970,"python3",6.8,72316,48994,"python3 /oomwoo/contributions/compute-benchmark/OsakaTX/scripts/synthetic_scan_publisher.py --duration 505 --loop-s 40 --hz 5.0 --room-half 7.5 --noise 0.05"
2026-09-08T15:12:40Z,1,"slam15m_noise_n005_lifelong",83986,"ros2",4.2,74568,51098,"/usr/bin/python3 /opt/ros/jazzy/bin/ros2 launch /oomwoo/contributions/compute-benchmark/OsakaTX/scripts/lifelong_launch.py slam_params_file:=/oomwoo/contributions/compute-benchmark/OsakaTX/scripts/lifelong_slam_params.yaml use_sim_time:=False autostart:=true"
2026-09-08T15:12:40Z,1,"slam15m_noise_n005_lifelong",84003,"lifelong_slam_t",42.0,62008,47981,"/opt/ros/jazzy/lib/slam_toolbox/lifelong_slam_toolbox_node --ros-args -r __node:=slam_toolbox -r __ns:=/ --params-file /oomwoo/contributions/compute-benchmark/OsakaTX/scripts/lifelong_slam_params.yaml --params-file /tmp/launch_params_fx3k_6ap"
2026-09-08T15:12:40Z,1,"slam15m_noise_n005_lifelong",84037,"bash",0.0,4472,1120,"bash /oomwoo/contributions/compute-benchmark/xbattlax/scripts/measure_ros_processes.sh --pattern python3|lifelong_slam_toolbox_node --duration 470 --interval 2 --label slam15m_noise_n005_lifelong --output /oomwoo/contributions/compute-benchmark/OsakaTX/scripts/../results/slam15m_noise_n005_lifelong_20260908T151228Z.csv"
2026-09-08T15:12:42Z,2,"slam15m_noise_n005_lifelong",191,"python3",0.1,69860,46797,"/usr/bin/python3 -c from ros2cli.daemon.daemonize import main; main() --name ros2-daemon --ros-domain-id 0 --rmw-implementation rmw_fastrtps_cpp"
2026-09-08T15:12:42Z,2,"slam15m_noise_n005_lifelong",83970,"python3",6.5,72316,48992,"python3 /oomwoo/contributions/compute-benchmark/OsakaTX/scripts/synthetic_scan_publisher.py --duration 505 --loop-s 40 --hz 5.0 --room-half 7.5 --noise 0.05"
2026-09-08T15:12:42Z,2,"slam15m_noise_n005_lifelong",83986,"ros2",3.5,74596,51123,"/usr/bin/python3 /opt/ros/jazzy/bin/ros2 launch /oomwoo/contributions/compute-benchmark/OsakaTX/scripts/lifelong_launch.py slam_params_file:=/oomwoo/contributions/compute-benchmark/OsakaTX/scripts/lifelong_slam_params.yaml use_sim_time:=False autostart:=true"
2026-09-08T15:12:42Z,2,"slam15m_noise_n005_lifelong",84003,"lifelong_slam_t",51.6,62164,48136,"/opt/ros/jazzy/lib/slam_toolbox/lifelong_slam_toolbox_node --ros-args -r __node:=slam_toolbox -r __ns:=/ --params-file /oomwoo/contributions/compute-benchmark/OsakaTX/scripts/lifelong_slam_params.yaml --params-file /tmp/launch_params_fx3k_6ap"
2026-09-08T15:12:42Z,2,"slam15m_noise_n005_lifelong",84037,"bash",0.4,4472,1126,"bash /oomwoo/contributions/compute-benchmark/xbattlax/scripts/measure_ros_processes.sh --pattern python3|lifelong_slam_toolbox_node --duration 470 --interval 2 --label slam15m_noise_n005_lifelong --output /oomwoo/contributions/compute-benchmark/OsakaTX/scripts/../results/slam15m_noise_n005_lifelong_20260908T151228Z.csv"
2026-09-08T15:12:45Z,3,"slam15m_noise_n005_lifelong",191,"python3",0.1,69860,46798,"/usr/bin/python3 -c from ros2cli.daemon.daemonize import main; main() --name ros2-daemon --ros-domain-id 0 --rmw-implementation rmw_fastrtps_cpp"
2026-09-08T15:12:45Z,3,"slam15m_noise_n005_lifelong",83970,"python3",6.4,72316,48994,"python3 /oomwoo/contributions/compute-benchmark/OsakaTX/scripts/synthetic_scan_publisher.py --duration 505 --loop-s 40 --hz 5.0 --room-half 7.5 --noise 0.05"
2026-09-08T15:12:45Z,3,"slam15m_noise_n005_lifelong",83986,"ros2",3.0,74596,51125,"/usr/bin/python3 /opt/ros/jazzy/bin/ros2 launch /oomwoo/contributions/compute-benchmark/OsakaTX/scripts/lifelong_launch.py slam_params_file:=/oomwoo/contributions/compute-benchmark/OsakaTX/scripts/lifelong_slam_params.yaml use_sim_time:=False autostart:=true"
2026-09-08T15:12:45Z,3,"slam15m_noise_n005_lifelong",84003,"lifelong_slam_t",54.2,62292,48266,"/opt/ros/jazzy/lib/slam_toolbox/lifelong_slam_toolbox_node --ros-args -r __node:=slam_toolbox -r __ns:=/ --params-file /oomwoo/contributions/compute-benchmark/OsakaTX/scripts/lifelong_slam_params.yaml --params-file /tmp/launch_params_fx3k_6ap"
2026-09-08T15:12:45Z,3,"slam15m_noise_n005_lifelong",84037,"bash",0.4,4476,1127,"bash /oomwoo/contributions/compute-benchmark/xbattlax/scripts/measure_ros_processes.sh --pattern python3|lifelong_slam_toolbox_node --duration 470 --interval 2 --label slam15m_noise_n005_lifelong --output /oomwoo/contributions/compute-benchmark/OsakaTX/scripts/../results/slam15m_noise_n005_lifelong_20260908T151228Z.csv"
2026-09-08T15:12:47Z,4,"slam15m_noise_n005_lifelong",191,"python3",0.1,69860,46798,"/usr/bin/python3 -c from ros2cli.daemon.daemonize import main; main() --name ros2-daemon --ros-domain-id 0 --rmw-implementation rmw_fastrtps_cpp"
2026-09-08T15:12:47Z,4,"slam15m_noise_n005_lifelong",83970,"python3",6.2,72316,48996,"python3 /oomwoo/contributions/compute-benchmark/OsakaTX/scripts/synthetic_scan_publisher.py --duration 505 --loop-s 40 --hz 5.0 --room-half 7.5 --noise 0.05"
2026-09-08T15:12:47Z,4,"slam15m_noise_n005_lifelong",83986,"ros2",2.7,74612,51142,"/usr/bin/python3 /opt/ros/jazzy/bin/ros2 launch /oomwoo/contributions/compute-benchmark/OsakaTX/scripts/lifelong_launch.py slam_params_file:=/oomwoo/contributions/compute-benchmark/OsakaTX/scripts/lifelong_slam_params.yaml use_sim_time:=False autostart:=true"
2026-09-08T15:12:47Z,4,"slam15m_noise_n005_lifelong",84003,"lifelong_slam_t",59.3,62572,48548,"/opt/ros/jazzy/lib/slam_toolbox/lifelong_slam_toolbox_node --ros-args -r __node:=slam_toolbox -r __ns:=/ --params-file /oomwoo/contributions/compute-benchmark/OsakaTX/scripts/lifelong_slam_params.yaml --params-file /tmp/launch_params_fx3k_6ap"
2026-09-08T15:12:47Z,4,"slam15m_noise_n005_lifelong",84037,"bash",0.3,4476,1125,"bash /oomwoo/contributions/compute-benchmark/xbattlax/scripts/measure_ros_processes.sh --pattern python3|lifelong_slam_toolbox_node --duration 470 --interval 2 --label slam15m_noise_n005_lifelong --output /oomwoo/contributions/compute-benchmark/OsakaTX/scripts/../results/slam15m_noise_n005_lifelong_20260908T151228Z.csv"
2026-09-08T15:12:49Z,5,"slam15m_noise_n005_lifelong",191,"python3",0.1,69860,46799,"/usr/bin/python3 -c from ros2cli.daemon.daemonize import main; main() --name ros2-daemon --ros-domain-id 0 --rmw-implementation rmw_fastrtps_cpp"
2026-09-08T15:12:49Z,5,"slam15m_noise_n005_lifelong",83970,"python3",6.0,72316,48992,"python3 /oomwoo/contributions/compute-benchmark/OsakaTX/scripts/synthetic_scan_publisher.py --duration 505 --loop-s 40 --hz 5.0 --room-half 7.5 --noise 0.05"
2026-09-08T15:12:49Z,5,"slam15m_noise_n005_lifelong",83986,"ros2",2.4,74616,51146,"/usr/bin/python3 /opt/ros/jazzy/bin/ros2 launch /oomwoo/contributions/compute-benchmark/OsakaTX/scripts/lifelong_launch.py slam_params_file:=/oomwoo/contributions/compute-benchmark/OsakaTX/scripts/lifelong_slam_params.yaml use_sim_time:=False autostart:=true"
2026-09-08T15:12:49Z,5,"slam15m_noise_n005_lifelong",84003,"lifelong_slam_t",61.5,62676,48650,"/opt/ros/jazzy/lib/slam_toolbox/lifelong_slam_toolbox_node --ros-args -r __node:=slam_toolbox -r __ns:=/ --params-file /oomwoo/contributions/compute-benchmark/OsakaTX/scripts/lifelong_slam_params.yaml --params-file /tmp/launch_params_fx3k_6ap"
2026-09-08T15:12:49Z,5,"slam15m_noise_n005_lifelong",84037,"bash",0.3,4476,1132,"bash /oomwoo/contributions/compute-benchmark/xbattlax/scripts/measure_ros_processes.sh --pattern python3|lifelong_slam_toolbox_node --duration 470 --interval 2 --label slam15m_noise_n005_lifelong --output /oomwoo/contributions/compute-benchmark/OsakaTX/scripts/../results/slam15m_noise_n005_lifelong_20260908T151228Z.csv"
2026-09-08T15:12:51Z,6,"slam15m_noise_n005_lifelong",191,"python3",0.1,69860,46797,"/usr/bin/python3 -c from ros2cli.daemon.daemonize import main; main() --name ros2-daemon --ros-domain-id 0 --rmw-implementation rmw_fastrtps_cpp"
2026-09-08T15:12:51Z,6,"slam15m_noise_n005_lifelong",83970,"python3",5.9,72320,48998,"python3 /oomwoo/contributions/compute-benchmark/OsakaTX/scripts/synthetic_scan_publisher.py --duration 505 --loop-s 40 --hz 5.0 --room-half 7.5 --noise 0.05"
2026-09-08T15:12:51Z,6,"slam15m_noise_n005_lifelong",83986,"ros2",2.2,74648,51175,"/usr/bin/python3 /opt/ros/jazzy/bin/ros2 launch /oomwoo/contributions/compute-benchmark/OsakaTX/scripts/lifelong_launch.py slam_params_file:=/oomwoo/contributions/compute-benchmark/OsakaTX/scripts/lifelong_slam_params.yaml use_sim_time:=False autostart:=true"
2026-09-08T15:12:51Z,6,"slam15m_noise_n005_lifelong",84003,"lifelong_slam_t",66.6,62872,48844,"/opt/ros/jazzy/lib/slam_toolbox/lifelong_slam_toolbox_node --ros-args -r __node:=slam_toolbox -r __ns:=/ --params-file /oomwoo/contributions/compute-benchmark/OsakaTX/scripts/lifelong_slam_params.yaml --params-file /tmp/launch_params_fx3k_6ap"
2026-09-08T15:12:51Z,6,"slam15m_noise_n005_lifelong",84037,"bash",0.3,4476,1129,"bash /oomwoo/contributions/compute-benchmark/xbattlax/scripts/measure_ros_processes.sh --pattern python3|lifelong_slam_toolbox_node --duration 470 --interval 2 --label slam15m_noise_n005_lifelong --output /oomwoo/contributions/compute-benchmark/OsakaTX/scripts/../results/slam15m_noise_n005_lifelong_20260908T151228Z.csv"
2026-09-08T15:12:53Z,7,"slam15m_noise_n005_lifelong",191,"python3",0.1,69860,46797,"/usr/bin/python3 -c from ros2cli.daemon.daemonize import main; main() --name ros2-daemon --ros-domain-id 0 --rmw-implementation rmw_fastrtps_cpp"
2026-09-08T15:12:53Z,7,"slam15m_noise_n005_lifelong",83970,"python3",5.8,72320,48998,"python3 /oomwoo/contributions/compute-benchmark/OsakaTX/scripts/synthetic_scan_publisher.py --duration 505 --loop-s 40 --hz 5.0 --room-half 7.5 --noise 0.05"
2026-09-08T15:12:53Z,7,"slam15m_noise_n005_lifelong",83986,"ros2",2.1,74648,51177,"/usr/bin/python3 /opt/ros/jazzy/bin/ros2 launch /oomwoo/contributions/compute-benchmark/OsakaTX/scripts/lifelong_launch.py slam_params_file:=/oomwoo/contributions/compute-benchmark/OsakaTX/scripts/lifelong_slam_params.yaml use_sim_time:=False autostart:=true"
2026-09-08T15:12:53Z,7,"slam15m_noise_n005_lifelong",84003,"lifelong_slam_t",69.9,62912,48886,"/opt/ros/jazzy/lib/slam_toolbox/lifelong_slam_toolbox_node --ros-args -r __node:=slam_toolbox -r __ns:=/ --params-file /oomwoo/contributions/compute-benchmark/OsakaTX/scripts/lifelong_slam_params.yaml --params-file /tmp/launch_params_fx3k_6ap"
2026-09-08T15:12:53Z,7,"slam15m_noise_n005_lifelong",84037,"bash",0.3,4476,1135,"bash /oomwoo/contributions/compute-benchmark/xbattlax/scripts/measure_ros_processes.sh --pattern python3|lifelong_slam_toolbox_node --duration 470 --interval 2 --label slam15m_noise_n005_lifelong --output /oomwoo/contributions/compute-benchmark/OsakaTX/scripts/../results/slam15m_noise_n005_lifelong_20260908T151228Z.csv"
2026-09-08T15:12:55Z,8,"slam15m_noise_n005_lifelong",191,"python3",0.1,69860,46796,"/usr/bin/python3 -c from ros2cli.daemon.daemonize import main; main() --name ros2-daemon --ros-domain-id 0 --rmw-implementation rmw_fastrtps_cpp"
2026-09-08T15:12:55Z,8,"slam15m_noise_n005_lifelong",83970,"python3",5.7,72320,48996,"python3 /oomwoo/contributions/compute-benchmark/OsakaTX/scripts/synthetic_scan_publisher.py --duration 505 --loop-s 40 --hz 5.0 --room-half 7.5 --noise 0.05"
2026-09-08T15:12:55Z,8,"slam15m_noise_n005_lifelong",83986,"ros2",1.9,74684,51211,"/usr/bin/python3 /opt/ros/jazzy/bin/ros2 launch /oomwoo/contributions/compute-benchmark/OsakaTX/scripts/lifelong_launch.py slam_params_file:=/oomwoo/contributions/compute-benchmark/OsakaTX/scripts/lifelong_slam_params.yaml use_sim_time:=False autostart:=true"
2026-09-08T15:12:55Z,8,"slam15m_noise_n005_lifelong",84003,"lifelong_slam_t",74.4,63132,49106,"/opt/ros/jazzy/lib/slam_toolbox/lifelong_slam_toolbox_node --ros-args -r __node:=slam_toolbox -r __ns:=/ --params-file /oomwoo/contributions/compute-benchmark/OsakaTX/scripts/lifelong_slam_params.yaml --params-file /tmp/launch_params_fx3k_6ap"
2026-09-08T15:12:55Z,8,"slam15m_noise_n005_lifelong",84037,"bash",0.3,4476,1130,"bash /oomwoo/contributions/compute-benchmark/xbattlax/scripts/measure_ros_processes.sh --pattern python3|lifelong_slam_toolbox_node --duration 470 --interval 2 --label slam15m_noise_n005_lifelong --output /oomwoo/contributions/compute-benchmark/OsakaTX/scripts/../results/slam15m_noise_n005_lifelong_20260908T151228Z.csv"
2026-09-08T15:12:58Z,9,"slam15m_noise_n005_lifelong",191,"python3",0.1,69860,46799,"/usr/bin/python3 -c from ros2cli.daemon.daemonize import main; main() --name ros2-daemon --ros-domain-id 0 --rmw-implementation rmw_fastrtps_cpp"
2026-09-08T15:12:58Z,9,"slam15m_noise_n005_lifelong",83970,"python3",5.6,72320,48998,"python3 /oomwoo/contributions/compute-benchmark/OsakaTX/scripts/synthetic_scan_publisher.py --duration 505 --loop-s 40 --hz 5.0 --room-half 7.5 --noise 0.05"
2026-09-08T15:12:58Z,9,"slam15m_noise_n005_lifelong",83986,"ros2",1.8,74684,51210,"/usr/bin/python3 /opt/ros/jazzy/bin/ros2 launch /oomwoo/contributions/compute-benchmark/OsakaTX/scripts/lifelong_launch.py slam_params_file:=/oomwoo/contributions/compute-benchmark/OsakaTX/scripts/lifelong_slam_params.yaml use_sim_time:=False autostart:=true"
2026-09-08T15:12:58Z,9,"slam15m_noise_n005_lifelong",84003,"lifelong_slam_t",74.8,63144,49116,"/opt/ros/jazzy/lib/slam_toolbox/lifelong_slam_toolbox_node --ros-args -r __node:=slam_toolbox -r __ns:=/ --params-file /oomwoo/contributions/compute-benchmark/OsakaTX/scripts/lifelong_slam_params.yaml --params-file /tmp/launch_params_fx3k_6ap"
2026-09-08T15:12:58Z,9,"slam15m_noise_n005_lifelong",84037,"bash",0.3,4476,1132,"bash /oomwoo/contributions/compute-benchmark/xbattlax/scripts/measure_ros_processes.sh --pattern python3|lifelong_slam_toolbox_node --duration 470 --interval 2 --label slam15m_noise_n005_lifelong --output /oomwoo/contributions/compute-benchmark/OsakaTX/scripts/../results/slam15m_noise_n005_lifelong_20260908T151228Z.csv"
2026-09-08T15:13:00Z,10,"slam15m_noise_n005_lifelong",191,"python3",0.1,69860,46796,"/usr/bin/python3 -c from ros2cli.daemon.daemonize import main; main() --name ros2-daemon --ros-domain-id 0 --rmw-implementation rmw_fastrtps_cpp"
2026-09-08T15:13:00Z,10,"slam15m_noise_n005_lifelong",83970,"python3",5.5,72320,48998,"python3 /oomwoo/contributions/compute-benchmark/OsakaTX/scripts/synthetic_scan_publisher.py --duration 505 --loop-s 40 --hz 5.0 --room-half 7.5 --noise 0.05"
2026-09-08T15:13:00Z,10,"slam15m_noise_n005_lifelong",83986,"ros2",1.7,74708,51237,"/usr/bin/python3 /opt/ros/jazzy/bin/ros2 launch /oomwoo/contributions/compute-benchmark/OsakaTX/scripts/lifelong_launch.py slam_params_file:=/oomwoo/contributions/compute-benchmark/OsakaTX/scripts/lifelong_slam_params.yaml use_sim_time:=False autostart:=true"
2026-09-08T15:13:00Z,10,"slam15m_noise_n005_lifelong",84003,"lifelong_slam_t",75.9,63180,49154,"/opt/ros/jazzy/lib/slam_toolbox/lifelong_slam_toolbox_node --ros-args -r __node:=slam_toolbox -r __ns:=/ --params-file /oomwoo/contributions/compute-benchmark/OsakaTX/scripts/lifelong_slam_params.yaml --params-file /tmp/launch_params_fx3k_6ap"
2026-09-08T15:13:00Z,10,"slam15m_noise_n005_lifelong",84037,"bash",0.3,4480,1136,"bash /oomwoo/contributions/compute-benchmark/xbattlax/scripts/measure_ros_processes.sh --pattern python3|lifelong_slam_toolbox_node --duration 470 --interval 2 --label slam15m_noise_n005_lifelong --output /oomwoo/contributions/compute-benchmark/OsakaTX/scripts/../results/slam15m_noise_n005_lifelong_20260908T151228Z.csv"
2026-09-08T15:13:02Z,11,"slam15m_noise_n005_lifelong",191,"python3",0.1,69860,46796,"/usr/bin/python3 -c from ros2cli.daemon.daemonize import main; main() --name ros2-daemon --ros-domain-id 0 --rmw-implementation rmw_fastrtps_cpp"
2026-09-08T15:13:02Z,11,"slam15m_noise_n005_lifelong",83970,"python3",5.5,72320,48998,"python3 /oomwoo/contributions/compute-benchmark/OsakaTX/scripts/synthetic_scan_publisher.py --duration 505 --loop-s 40 --hz 5.0 --room-half 7.5 --noise 0.05"
2026-09-08T15:13:02Z,11,"slam15m_noise_n005_lifelong",83986,"ros2",1.7,74744,51271,"/usr/bin/python3 /opt/ros/jazzy/bin/ros2 launch /oomwoo/contributions/compute-benchmark/OsakaTX/scripts/lifelong_launch.py slam_params_file:=/oomwoo/contributions/compute-benchmark/OsakaTX/scripts/lifelong_slam_params.yaml use_sim_time:=False autostart:=true"
2026-09-08T15:13:02Z,11,"slam15m_noise_n005_lifelong",84003,"lifelong_slam_t",79.1,63280,49254,"/opt/ros/jazzy/lib/slam_toolbox/lifelong_slam_toolbox_node --ros-args -r __node:=slam_toolbox -r __ns:=/ --params-file /oomwoo/contributions/compute-benchmark/OsakaTX/scripts/lifelong_slam_params.yaml --params-file /tmp/launch_params_fx3k_6ap"
2026-09-08T15:13:02Z,11,"slam15m_noise_n005_lifelong",84037,"bash",0.3,4480,1136,"bash /oomwoo/contributions/compute-benchmark/xbattlax/scripts/measure_ros_processes.sh --pattern python3|lifelong_slam_toolbox_node --duration 470 --interval 2 --label slam15m_noise_n005_lifelong --output /oomwoo/contributions/compute-benchmark/OsakaTX/scripts/../results/slam15m_noise_n005_lifelong_20260908T151228Z.csv"
2026-09-08T15:13:04Z,12,"slam15m_noise_n005_lifelong",191,"python3",0.1,69860,46801,"/usr/bin/python3 -c from ros2cli.daemon.daemonize import main; main() --name ros2-daemon --ros-domain-id 0 --rmw-implementation rmw_fastrtps_cpp"
2026-09-08T15:13:04Z,12,"slam15m_noise_n005_lifelong",83970,"python3",5.5,72320,48998,"python3 /oomwoo/contributions/compute-benchmark/OsakaTX/scripts/synthetic_scan_publisher.py --duration 505 --loop-s 40 --hz 5.0 --room-half 7.5 --noise 0.05"
2026-09-08T15:13:04Z,12,"slam15m_noise_n005_lifelong",83986,"ros2",1.6,74752,51284,"/usr/bin/python3 /opt/ros/jazzy/bin/ros2 launch /oomwoo/contributions/compute-benchmark/OsakaTX/scripts/lifelong_launch.py slam_params_file:=/oomwoo/contributions/compute-benchmark/OsakaTX/scripts/lifelong_slam_params.yaml use_sim_time:=False autostart:=true"
2026-09-08T15:13:04Z,12,"slam15m_noise_n005_lifelong",84003,"lifelong_slam_t",77.0,63280,49252,"/opt/ros/jazzy/lib/slam_toolbox/lifelong_slam_toolbox_node --ros-args -r __node:=slam_toolbox -r __ns:=/ --params-file /oomwoo/contributions/compute-benchmark/OsakaTX/scripts/lifelong_slam_params.yaml --params-file /tmp/launch_params_fx3k_6ap"
2026-09-08T15:13:04Z,12,"slam15m_noise_n005_lifelong",84037,"bash",0.3,4480,1131,"bash /oomwoo/contributions/compute-benchmark/xbattlax/scripts/measure_ros_processes.sh --pattern python3|lifelong_slam_toolbox_node --duration 470 --interval 2 --label slam15m_noise_n005_lifelong --output /oomwoo/contributions/compute-benchmark/OsakaTX/scripts/../results/slam15m_noise_n005_lifelong_20260908T151228Z.csv"
2026-09-08T15:13:06Z,13,"slam15m_noise_n005_lifelong",191,"python3",0.1,69860,46795,"/usr/bin/python3 -c from ros2cli.daemon.daemonize import main; main() --name ros2-daemon --ros-domain-id 0 --rmw-implementation rmw_fastrtps_cpp"
2026-09-08T15:13:06Z,13,"slam15m_noise_n005_lifelong",83970,"python3",5.5,72320,48996,"python3 /oomwoo/contributions/compute-benchmark/OsakaTX/scripts/synthetic_scan_publisher.py --duration 505 --loop-s 40 --hz 5.0 --room-half 7.5 --noise 0.05"
2026-09-08T15:13:06Z,13,"slam15m_noise_n005_lifelong",83986,"ros2",1.6,74756,51282,"/usr/bin/python3 /opt/ros/jazzy/bin/ros2 launch /oomwoo/contributions/compute-benchmark/OsakaTX/scripts/lifelong_launch.py slam_params_file:=/oomwoo/contributions/compute-benchmark/OsakaTX/scripts/lifelong_slam_params.yaml use_sim_time:=False autostart:=true"
2026-09-08T15:13:06Z,13,"slam15m_noise_n005_lifelong",84003,"lifelong_slam_t",79.5,63612,49586,"/opt/ros/jazzy/lib/slam_toolbox/lifelong_slam_toolbox_node --ros-args -r __node:=slam_toolbox -r __ns:=/ --params-file /oomwoo/contributions/compute-benchmark/OsakaTX/scripts/lifelong_slam_params.yaml --params-file /tmp/launch_params_fx3k_6ap"
2026-09-08T15:13:06Z,13,"slam15m_noise_n005_lifelong",84037,"bash",0.3,4480,1132,"bash /oomwoo/contributions/compute-benchmark/xbattlax/scripts/measure_ros_processes.sh --pattern python3|lifelong_slam_toolbox_node --duration 470 --interval 2 --label slam15m_noise_n005_lifelong --output /oomwoo/contributions/compute-benchmark/OsakaTX/scripts/../results/slam15m_noise_n005_lifelong_20260908T151228Z.csv"
2026-09-08T15:13:08Z,14,"slam15m_noise_n005_lifelong",191,"python3",0.1,69860,46798,"/usr/bin/python3 -c from ros2cli.daemon.daemonize import main; main() --name ros2-daemon --ros-domain-id 0 --rmw-implementation rmw_fastrtps_cpp"
2026-09-08T15:13:08Z,14,"slam15m_noise_n005_lifelong",83970,"python3",5.4,72320,48996,"python3 /oomwoo/contributions/compute-benchmark/OsakaTX/scripts/synthetic_scan_publisher.py --duration 505 --loop-s 40 --hz 5.0 --room-half 7.5 --noise 0.05"
2026-09-08T15:13:08Z,14,"slam15m_noise_n005_lifelong",83986,"ros2",1.5,74776,51306,"/usr/bin/python3 /opt/ros/jazzy/bin/ros2 launch /oomwoo/contributions/compute-benchmark/OsakaTX/scripts/lifelong_launch.py slam_params_file:=/oomwoo/contributions/compute-benchmark/OsakaTX/scripts/lifelong_slam_params.yaml use_sim_time:=False autostart:=true"
2026-09-08T15:13:08Z,14,"slam15m_noise_n005_lifelong",84003,"lifelong_slam_t",80.8,63760,49732,"/opt/ros/jazzy/lib/slam_toolbox/lifelong_slam_toolbox_node --ros-args -r __node:=slam_toolbox -r __ns:=/ --params-file /oomwoo/contributions/compute-benchmark/OsakaTX/scripts/lifelong_slam_params.yaml --params-file /tmp/launch_params_fx3k_6ap"
2026-09-08T15:13:08Z,14,"slam15m_noise_n005_lifelong",84037,"bash",0.3,4480,1135,"bash /oomwoo/contributions/compute-benchmark/xbattlax/scripts/measure_ros_processes.sh --pattern python3|lifelong_slam_toolbox_node --duration 470 --interval 2 --label slam15m_noise_n005_lifelong --output /oomwoo/contributions/compute-benchmark/OsakaTX/scripts/../results/slam15m_noise_n005_lifelong_20260908T151228Z.csv"
2026-09-08T15:13:11Z,15,"slam15m_noise_n005_lifelong",191,"python3",0.1,69860,46796,"/usr/bin/python3 -c from ros2cli.daemon.daemonize import main; main() --name ros2-daemon --ros-domain-id 0 --rmw-implementation rmw_fastrtps_cpp"
2026-09-08T15:13:11Z,15,"slam15m_noise_n005_lifelong",83970,"python3",5.4,72320,48998,"python3 /oomwoo/contributions/compute-benchmark/OsakaTX/scripts/synthetic_scan_publisher.py --duration 505 --loop-s 40 --hz 5.0 --room-half 7.5 --noise 0.05"
2026-09-08T15:13:11Z,15,"slam15m_noise_n005_lifelong",83986,"ros2",1.5,74792,51319,"/usr/bin/python3 /opt/ros/jazzy/bin/ros2 launch /oomwoo/contributions/compute-benchmark/OsakaTX/scripts/lifelong_launch.py slam_params_file:=/oomwoo/contributions/compute-benchmark/OsakaTX/scripts/lifelong_slam_params.yaml use_sim_time:=False autostart:=true"
2026-09-08T15:13:11Z,15,"slam15m_noise_n005_lifelong",84003,"lifelong_slam_t",82.2,64008,49980,"/opt/ros/jazzy/lib/slam_toolbox/lifelong_slam_toolbox_node --ros-args -r __node:=slam_toolbox -r __ns:=/ --params-file /oomwoo/contributions/compute-benchmark/OsakaTX/scripts/lifelong_slam_params.yaml --params-file /tmp/launch_params_fx3k_6ap"
2026-09-08T15:13:11Z,15,"slam15m_noise_n005_lifelong",84037,"bash",0.4,4480,1133,"bash /oomwoo/contributions/compute-benchmark/xbattlax/scripts/measure_ros_processes.sh --pattern python3|lifelong_slam_toolbox_node --duration 470 --interval 2 --label slam15m_noise_n005_lifelong --output /oomwoo/contributions/compute-benchmark/OsakaTX/scripts/../results/slam15m_noise_n005_lifelong_20260908T151228Z.csv"
2026-09-08T15:13:13Z,16,"slam15m_noise_n005_lifelong",191,"python3",0.1,69860,46797,"/usr/bin/python3 -c from ros2cli.daemon.daemonize import main; main() --name ros2-daemon --ros-domain-id 0 --rmw-implementation rmw_fastrtps_cpp"
2026-09-08T15:13:13Z,16,"slam15m_noise_n005_lifelong",83970,"python3",5.4,72320,49000,"python3 /oomwoo/contributions/compute-benchmark/OsakaTX/scripts/synthetic_scan_publisher.py --duration 505 --loop-s 40 --hz 5.0 --room-half 7.5 --noise 0.05"
2026-09-08T15:13:13Z,16,"slam15m_noise_n005_lifelong",83986,"ros2",1.4,74792,51321,"/usr/bin/python3 /opt/ros/jazzy/bin/ros2 launch /oomwoo/contributions/compute-benchmark/OsakaTX/scripts/lifelong_launch.py slam_params_file:=/oomwoo/contributions/compute-benchmark/OsakaTX/scripts/lifelong_slam_params.yaml use_sim_time:=False autostart:=true"
2026-09-08T15:13:13Z,16,"slam15m_noise_n005_lifelong",84003,"lifelong_slam_t",81.3,64016,49991,"/opt/ros/jazzy/lib/slam_toolbox/lifelong_slam_toolbox_node --ros-args -r __node:=slam_toolbox -r __ns:=/ --params-file /oomwoo/contributions/compute-benchmark/OsakaTX/scripts/lifelong_slam_params.yaml --params-file /tmp/launch_params_fx3k_6ap"
2026-09-08T15:13:13Z,16,"slam15m_noise_n005_lifelong",84037,"bash",0.3,4480,1131,"bash /oomwoo/contributions/compute-benchmark/xbattlax/scripts/measure_ros_processes.sh --pattern python3|lifelong_slam_toolbox_node --duration 470 --interval 2 --label slam15m_noise_n005_lifelong --output /oomwoo/contributions/compute-benchmark/OsakaTX/scripts/../results/slam15m_noise_n005_lifelong_20260908T151228Z.csv"
2026-09-08T15:13:15Z,17,"slam15m_noise_n005_lifelong",191,"python3",0.1,69860,46796,"/usr/bin/python3 -c from ros2cli.daemon.daemonize import main; main() --name ros2-daemon --ros-domain-id 0 --rmw-implementation rmw_fastrtps_cpp"
2026-09-08T15:13:15Z,17,"slam15m_noise_n005_lifelong",83970,"python3",5.3,72320,48998,"python3 /oomwoo/contributions/compute-benchmark/OsakaTX/scripts/synthetic_scan_publisher.py --duration 505 --loop-s 40 --hz 5.0 --room-half 7.5 --noise 0.05"
2026-09-08T15:13:15Z,17,"slam15m_noise_n005_lifelong",83986,"ros2",1.4,74812,51340,"/usr/bin/python3 /opt/ros/jazzy/bin/ros2 launch /oomwoo/contributions/compute-benchmark/OsakaTX/scripts/lifelong_launch.py slam_params_file:=/oomwoo/contributions/compute-benchmark/OsakaTX/scripts/lifelong_slam_params.yaml use_sim_time:=False autostart:=true"
2026-09-08T15:13:15Z,17,"slam15m_noise_n005_lifelong",84003,"lifelong_slam_t",83.4,64132,50105,"/opt/ros/jazzy/lib/slam_toolbox/lifelong_slam_toolbox_node --ros-args -r __node:=slam_toolbox -r __ns:=/ --params-file /oomwoo/contributions/compute-benchmark/OsakaTX/scripts/lifelong_slam_params.yaml --params-file /tmp/launch_params_fx3k_6ap"
2026-09-08T15:13:15Z,17,"slam15m_noise_n005_lifelong",84037,"bash",0.3,4480,1133,"bash /oomwoo/contributions/compute-benchmark/xbattlax/scripts/measure_ros_processes.sh --pattern python3|lifelong_slam_toolbox_node --duration 470 --interval 2 --label slam15m_noise_n005_lifelong --output /oomwoo/contributions/compute-benchmark/OsakaTX/scripts/../results/slam15m_noise_n005_lifelong_20260908T151228Z.csv"
2026-09-08T15:13:17Z,18,"slam15m_noise_n005_lifelong",191,"python3",0.1,69860,46797,"/usr/bin/python3 -c from ros2cli.daemon.daemonize import main; main() --name ros2-daemon --ros-domain-id 0 --rmw-implementation rmw_fastrtps_cpp"
2026-09-08T15:13:17Z,18,"slam15m_noise_n005_lifelong",83970,"python3",5.3,72320,48997,"python3 /oomwoo/contributions/compute-benchmark/OsakaTX/scripts/synthetic_scan_publisher.py --duration 505 --loop-s 40 --hz 5.0 --room-half 7.5 --noise 0.05"
2026-09-08T15:13:17Z,18,"slam15m_noise_n005_lifelong",83986,"ros2",1.3,74820,51350,"/usr/bin/python3 /opt/ros/jazzy/bin/ros2 launch /oomwoo/contributions/compute-benchmark/OsakaTX/scripts/lifelong_launch.py slam_params_file:=/oomwoo/contributions/compute-benchmark/OsakaTX/scripts/lifelong_slam_params.yaml use_sim_time:=False autostart:=true"
2026-09-08T15:13:17Z,18,"slam15m_noise_n005_lifelong",84003,"lifelong_slam_t",84.9,64136,50111,"/opt/ros/jazzy/lib/slam_toolbox/lifelong_slam_toolbox_node --ros-args -r __node:=slam_toolbox -r __ns:=/ --params-file /oomwoo/contributions/compute-benchmark/OsakaTX/scripts/lifelong_slam_params.yaml --params-file /tmp/launch_params_fx3k_6ap"
2026-09-08T15:13:17Z,18,"slam15m_noise_n005_lifelong",84037,"bash",0.3,4480,1129,"bash /oomwoo/contributions/compute-benchmark/xbattlax/scripts/measure_ros_processes.sh --pattern python3|lifelong_slam_toolbox_node --duration 470 --interval 2 --label slam15m_noise_n005_lifelong --output /oomwoo/contributions/compute-benchmark/OsakaTX/scripts/../results/slam15m_noise_n005_lifelong_20260908T151228Z.csv"
2026-09-08T15:13:19Z,19,"slam15m_noise_n005_lifelong",191,"python3",0.1,69860,46798,"/usr/bin/python3 -c from ros2cli.daemon.daemonize import main; main() --name ros2-daemon --ros-domain-id 0 --rmw-implementation rmw_fastrtps_cpp"
2026-09-08T15:13:19Z,19,"slam15m_noise_n005_lifelong",83970,"python3",5.3,72320,49000,"python3 /oomwoo/contributions/compute-benchmark/OsakaTX/scripts/synthetic_scan_publisher.py --duration 505 --loop-s 40 --hz 5.0 --room-half 7.5 --noise 0.05"
2026-09-08T15:13:19Z,19,"slam15m_noise_n005_lifelong",83986,"ros2",1.3,74828,51357,"/usr/bin/python3 /opt/ros/jazzy/bin/ros2 launch /oomwoo/contributions/compute-benchmark/OsakaTX/scripts/lifelong_launch.py slam_params_file:=/oomwoo/contributions/compute-benchmark/OsakaTX/scripts/lifelong_slam_params.yaml use_sim_time:=False autostart:=true"
2026-09-08T15:13:19Z,19,"slam15m_noise_n005_lifelong",84003,"lifelong_slam_t",86.3,64236,50210,"/opt/ros/jazzy/lib/slam_toolbox/lifelong_slam_toolbox_node --ros-args -r __node:=slam_toolbox -r __ns:=/ --params-file /oomwoo/contributions/compute-benchmark/OsakaTX/scripts/lifelong_slam_params.yaml --params-file /tmp/launch_params_fx3k_6ap"
2026-09-08T15:13:19Z,19,"slam15m_noise_n005_lifelong",84037,"bash",0.3,4480,1138,"bash /oomwoo/contributions/compute-benchmark/xbattlax/scripts/measure_ros_processes.sh --pattern python3|lifelong_slam_toolbox_node --duration 470 --interval 2 --label slam15m_noise_n005_lifelong --output /oomwoo/contributions/compute-benchmark/OsakaTX/scripts/../results/slam15m_noise_n005_lifelong_20260908T151228Z.csv"
2026-09-08T15:13:21Z,20,"slam15m_noise_n005_lifelong",191,"python3",0.1,69860,46796,"/usr/bin/python3 -c from ros2cli.daemon.daemonize import main; main() --name ros2-daemon --ros-domain-id 0 --rmw-implementation rmw_fastrtps_cpp"
2026-09-08T15:13:21Z,20,"slam15m_noise_n005_lifelong",83970,"python3",5.3,72320,48996,"python3 /oomwoo/contributions/compute-benchmark/OsakaTX/scripts/synthetic_scan_publisher.py --duration 505 --loop-s 40 --hz 5.0 --room-half 7.5 --noise 0.05"
2026-09-08T15:13:21Z,20,"slam15m_noise_n005_lifelong",83986,"ros2",1.3,74836,51363,"/usr/bin/python3 /opt/ros/jazzy/bin/ros2 launch /oomwoo/contributions/compute-benchmark/OsakaTX/scripts/lifelong_launch.py slam_params_file:=/oomwoo/contributions/compute-benchmark/OsakaTX/scripts/lifelong_slam_params.yaml use_sim_time:=False autostart:=true"
2026-09-08T15:13:21Z,20,"slam15m_noise_n005_lifelong",84003,"lifelong_slam_t",87.7,64244,50218,"/opt/ros/jazzy/lib/slam_toolbox/lifelong_slam_toolbox_node --ros-args -r __node:=slam_toolbox -r __ns:=/ --params-file /oomwoo/contributions/compute-benchmark/OsakaTX/scripts/lifelong_slam_params.yaml --params-file /tmp/launch_params_fx3k_6ap"
2026-09-08T15:13:21Z,20,"slam15m_noise_n005_lifelong",84037,"bash",0.3,4480,1132,"bash /oomwoo/contributions/compute-benchmark/xbattlax/scripts/measure_ros_processes.sh --pattern python3|lifelong_slam_toolbox_node --duration 470 --interval 2 --label slam15m_noise_n005_lifelong --output /oomwoo/contributions/compute-benchmark/OsakaTX/scripts/../results/slam15m_noise_n005_lifelong_20260908T151228Z.csv"
2026-09-08T15:13:23Z,21,"slam15m_noise_n005_lifelong",191,"python3",0.1,69860,46796,"/usr/bin/python3 -c from ros2cli.daemon.daemonize import main; main() --name ros2-daemon --ros-domain-id 0 --rmw-implementation rmw_fastrtps_cpp"
2026-09-08T15:13:23Z,21,"slam15m_noise_n005_lifelong",83970,"python3",5.2,72320,49000,"python3 /oomwoo/contributions/compute-benchmark/OsakaTX/scripts/synthetic_scan_publisher.py --duration 505 --loop-s 40 --hz 5.0 --room-half 7.5 --noise 0.05"
2026-09-08T15:13:23Z,21,"slam15m_noise_n005_lifelong",83986,"ros2",1.2,74840,51370,"/usr/bin/python3 /opt/ros/jazzy/bin/ros2 launch /oomwoo/contributions/compute-benchmark/OsakaTX/scripts/lifelong_launch.py slam_params_file:=/oomwoo/contributions/compute-benchmark/OsakaTX/scripts/lifelong_slam_params.yaml use_sim_time:=False autostart:=true"
2026-09-08T15:13:23Z,21,"slam15m_noise_n005_lifelong",84003,"lifelong_slam_t",88.9,64344,50319,"/opt/ros/jazzy/lib/slam_toolbox/lifelong_slam_toolbox_node --ros-args -r __node:=slam_toolbox -r __ns:=/ --params-file /oomwoo/contributions/compute-benchmark/OsakaTX/scripts/lifelong_slam_params.yaml --params-file /tmp/launch_params_fx3k_6ap"
2026-09-08T15:13:23Z,21,"slam15m_noise_n005_lifelong",84037,"bash",0.3,4480,1134,"bash /oomwoo/contributions/compute-benchmark/xbattlax/scripts/measure_ros_processes.sh --pattern python3|lifelong_slam_toolbox_node --duration 470 --interval 2 --label slam15m_noise_n005_lifelong --output /oomwoo/contributions/compute-benchmark/OsakaTX/scripts/../results/slam15m_noise_n005_lifelong_20260908T151228Z.csv"
2026-09-08T15:13:26Z,22,"slam15m_noise_n005_lifelong",191,"python3",0.1,69860,46797,"/usr/bin/python3 -c from ros2cli.daemon.daemonize import main; main() --name ros2-daemon --ros-domain-id 0 --rmw-implementation rmw_fastrtps_cpp"
2026-09-08T15:13:26Z,22,"slam15m_noise_n005_lifelong",83970,"python3",5.2,72320,48998,"python3 /oomwoo/contributions/compute-benchmark/OsakaTX/scripts/synthetic_scan_publisher.py --duration 505 --loop-s 40 --hz 5.0 --room-half 7.5 --noise 0.05"
2026-09-08T15:13:26Z,22,"slam15m_noise_n005_lifelong",83986,"ros2",1.2,74856,51383,"/usr/bin/python3 /opt/ros/jazzy/bin/ros2 launch /oomwoo/contributions/compute-benchmark/OsakaTX/scripts/lifelong_launch.py slam_params_file:=/oomwoo/contributions/compute-benchmark/OsakaTX/scripts/lifelong_slam_params.yaml use_sim_time:=False autostart:=true"
2026-09-08T15:13:26Z,22,"slam15m_noise_n005_lifelong",84003,"lifelong_slam_t",90.4,64352,50326,"/opt/ros/jazzy/lib/slam_toolbox/lifelong_slam_toolbox_node --ros-args -r __node:=slam_toolbox -r __ns:=/ --params-file /oomwoo/contributions/compute-benchmark/OsakaTX/scripts/lifelong_slam_params.yaml --params-file /tmp/launch_params_fx3k_6ap"
2026-09-08T15:13:26Z,22,"slam15m_noise_n005_lifelong",84037,"bash",0.3,4480,1130,"bash /oomwoo/contributions/compute-benchmark/xbattlax/scripts/measure_ros_processes.sh --pattern python3|lifelong_slam_toolbox_node --duration 470 --interval 2 --label slam15m_noise_n005_lifelong --output /oomwoo/contributions/compute-benchmark/OsakaTX/scripts/../results/slam15m_noise_n005_lifelong_20260908T151228Z.csv"
2026-09-08T15:13:28Z,23,"slam15m_noise_n005_lifelong",191,"python3",0.1,69860,46799,"/usr/bin/python3 -c from ros2cli.daemon.daemonize import main; main() --name ros2-daemon --ros-domain-id 0 --rmw-implementation rmw_fastrtps_cpp"
2026-09-08T15:13:28Z,23,"slam15m_noise_n005_lifelong",83970,"python3",5.2,72320,48998,"python3 /oomwoo/contributions/compute-benchmark/OsakaTX/scripts/synthetic_scan_publisher.py --duration 505 --loop-s 40 --hz 5.0 --room-half 7.5 --noise 0.05"
2026-09-08T15:13:28Z,23,"slam15m_noise_n005_lifelong",83986,"ros2",1.2,74856,51383,"/usr/bin/python3 /opt/ros/jazzy/bin/ros2 launch /oomwoo/contributions/compute-benchmark/OsakaTX/scripts/lifelong_launch.py slam_params_file:=/oomwoo/contributions/compute-benchmark/OsakaTX/scripts/lifelong_slam_params.yaml use_sim_time:=False autostart:=true"
2026-09-08T15:13:28Z,23,"slam15m_noise_n005_lifelong",84003,"lifelong_slam_t",91.1,64352,50326,"/opt/ros/jazzy/lib/slam_toolbox/lifelong_slam_toolbox_node --ros-args -r __node:=slam_toolbox -r __ns:=/ --params-file /oomwoo/contributions/compute-benchmark/OsakaTX/scripts/lifelong_slam_params.yaml --params-file /tmp/launch_params_fx3k_6ap"
2026-09-08T15:13:28Z,23,"slam15m_noise_n005_lifelong",84037,"bash",0.3,4480,1132,"bash /oomwoo/contributions/compute-benchmark/xbattlax/scripts/measure_ros_processes.sh --pattern python3|lifelong_slam_toolbox_node --duration 470 --interval 2 --label slam15m_noise_n005_lifelong --output /oomwoo/contributions/compute-benchmark/OsakaTX/scripts/../results/slam15m_noise_n005_lifelong_20260908T151228Z.csv"
2026-09-08T15:13:30Z,24,"slam15m_noise_n005_lifelong",191,"python3",0.1,69860,46799,"/usr/bin/python3 -c from ros2cli.daemon.daemonize import main; main() --name ros2-daemon --ros-domain-id 0 --rmw-implementation rmw_fastrtps_cpp"
2026-09-08T15:13:30Z,24,"slam15m_noise_n005_lifelong",83970,"python3",5.2,72320,48998,"python3 /oomwoo/contributions/compute-benchmark/OsakaTX/scripts/synthetic_scan_publisher.py --duration 505 --loop-s 40 --hz 5.0 --room-half 7.5 --noise 0.05"
2026-09-08T15:13:30Z,24,"slam15m_noise_n005_lifelong",83986,"ros2",1.2,74856,51386,"/usr/bin/python3 /opt/ros/jazzy/bin/ros2 launch /oomwoo/contributions/compute-benchmark/OsakaTX/scripts/lifelong_launch.py slam_params_file:=/oomwoo/contributions/compute-benchmark/OsakaTX/scripts/lifelong_slam_params.yaml use_sim_time:=False autostart:=true"
2026-09-08T15:13:30Z,24,"slam15m_noise_n005_lifelong",84003,"lifelong_slam_t",92.0,64352,50325,"/opt/ros/jazzy/lib/slam_toolbox/lifelong_slam_toolbox_node --ros-args -r __node:=slam_toolbox -r __ns:=/ --params-file /oomwoo/contributions/compute-benchmark/OsakaTX/scripts/lifelong_slam_params.yaml --params-file /tmp/launch_params_fx3k_6ap"
2026-09-08T15:13:30Z,24,"slam15m_noise_n005_lifelong",84037,"bash",0.3,4480,1136,"bash /oomwoo/contributions/compute-benchmark/xbattlax/scripts/measure_ros_processes.sh --pattern python3|lifelong_slam_toolbox_node --duration 470 --interval 2 --label slam15m_noise_n005_lifelong --output /oomwoo/contributions/compute-benchmark/OsakaTX/scripts/../results/slam15m_noise_n005_lifelong_20260908T151228Z.csv"
2026-09-08T15:13:32Z,25,"slam15m_noise_n005_lifelong",191,"python3",0.1,69860,46797,"/usr/bin/python3 -c from ros2cli.daemon.daemonize import main; main() --name ros2-daemon --ros-domain-id 0 --rmw-implementation rmw_fastrtps_cpp"
2026-09-08T15:13:32Z,25,"slam15m_noise_n005_lifelong",83970,"python3",5.2,72320,48996,"python3 /oomwoo/contributions/compute-benchmark/OsakaTX/scripts/synthetic_scan_publisher.py --duration 505 --loop-s 40 --hz 5.0 --room-half 7.5 --noise 0.05"
2026-09-08T15:13:32Z,25,"slam15m_noise_n005_lifelong",83986,"ros2",1.1,74856,51383,"/usr/bin/python3 /opt/ros/jazzy/bin/ros2 launch /oomwoo/contributions/compute-benchmark/OsakaTX/scripts/lifelong_launch.py slam_params_file:=/oomwoo/contributions/compute-benchmark/OsakaTX/scripts/lifelong_slam_params.yaml use_sim_time:=False autostart:=true"
2026-09-08T15:13:32Z,25,"slam15m_noise_n005_lifelong",84003,"lifelong_slam_t",92.0,64376,50351,"/opt/ros/jazzy/lib/slam_toolbox/lifelong_slam_toolbox_node --ros-args -r __node:=slam_toolbox -r __ns:=/ --params-file /oomwoo/contributions/compute-benchmark/OsakaTX/scripts/lifelong_slam_params.yaml --params-file /tmp/launch_params_fx3k_6ap"
2026-09-08T15:13:32Z,25,"slam15m_noise_n005_lifelong",84037,"bash",0.3,4480,1135,"bash /oomwoo/contributions/compute-benchmark/xbattlax/scripts/measure_ros_processes.sh --pattern python3|lifelong_slam_toolbox_node --duration 470 --interval 2 --label slam15m_noise_n005_lifelong --output /oomwoo/contributions/compute-benchmark/OsakaTX/scripts/../results/slam15m_noise_n005_lifelong_20260908T151228Z.csv"
2026-09-08T15:13:34Z,26,"slam15m_noise_n005_lifelong",191,"python3",0.1,69860,46795,"/usr/bin/python3 -c from ros2cli.daemon.daemonize import main; main() --name ros2-daemon --ros-domain-id 0 --rmw-implementation rmw_fastrtps_cpp"
2026-09-08T15:13:34Z,26,"slam15m_noise_n005_lifelong",83970,"python3",5.1,72320,49000,"python3 /oomwoo/contributions/compute-benchmark/OsakaTX/scripts/synthetic_scan_publisher.py --duration 505 --loop-s 40 --hz 5.0 --room-half 7.5 --noise 0.05"
2026-09-08T15:13:34Z,26,"slam15m_noise_n005_lifelong",83986,"ros2",1.1,74856,51385,"/usr/bin/python3 /opt/ros/jazzy/bin/ros2 launch /oomwoo/contributions/compute-benchmark/OsakaTX/scripts/lifelong_launch.py slam_params_file:=/oomwoo/contributions/compute-benchmark/OsakaTX/scripts/lifelong_slam_params.yaml use_sim_time:=False autostart:=true"
2026-09-08T15:13:34Z,26,"slam15m_noise_n005_lifelong",84003,"lifelong_slam_t",91.2,64556,50529,"/opt/ros/jazzy/lib/slam_toolbox/lifelong_slam_toolbox_node --ros-args -r __node:=slam_toolbox -r __ns:=/ --params-file /oomwoo/contributions/compute-benchmark/OsakaTX/scripts/lifelong_slam_params.yaml --params-file /tmp/launch_params_fx3k_6ap"
2026-09-08T15:13:34Z,26,"slam15m_noise_n005_lifelong",84037,"bash",0.3,4480,1125,"bash /oomwoo/contributions/compute-benchmark/xbattlax/scripts/measure_ros_processes.sh --pattern python3|lifelong_slam_toolbox_node --duration 470 --interval 2 --label slam15m_noise_n005_lifelong --output /oomwoo/contributions/compute-benchmark/OsakaTX/scripts/../results/slam15m_noise_n005_lifelong_20260908T151228Z.csv"
2026-09-08T15:13:36Z,27,"slam15m_noise_n005_lifelong",191,"python3",0.1,69860,46795,"/usr/bin/python3 -c from ros2cli.daemon.daemonize import main; main() --name ros2-daemon --ros-domain-id 0 --rmw-implementation rmw_fastrtps_cpp"
2026-09-08T15:13:36Z,27,"slam15m_noise_n005_lifelong",83970,"python3",5.1,72320,48998,"python3 /oomwoo/contributions/compute-benchmark/OsakaTX/scripts/synthetic_scan_publisher.py --duration 505 --loop-s 40 --hz 5.0 --room-half 7.5 --noise 0.05"
2026-09-08T15:13:36Z,27,"slam15m_noise_n005_lifelong",83986,"ros2",1.1,74856,51388,"/usr/bin/python3 /opt/ros/jazzy/bin/ros2 launch /oomwoo/contributions/compute-benchmark/OsakaTX/scripts/lifelong_launch.py slam_params_file:=/oomwoo/contributions/compute-benchmark/OsakaTX/scripts/lifelong_slam_params.yaml use_sim_time:=False autostart:=true"
2026-09-08T15:13:36Z,27,"slam15m_noise_n005_lifelong",84003,"lifelong_slam_t",91.4,64564,50537,"/opt/ros/jazzy/lib/slam_toolbox/lifelong_slam_toolbox_node --ros-args -r __node:=slam_toolbox -r __ns:=/ --params-file /oomwoo/contributions/compute-benchmark/OsakaTX/scripts/lifelong_slam_params.yaml --params-file /tmp/launch_params_fx3k_6ap"
2026-09-08T15:13:36Z,27,"slam15m_noise_n005_lifelong",84037,"bash",0.3,4480,1138,"bash /oomwoo/contributions/compute-benchmark/xbattlax/scripts/measure_ros_processes.sh --pattern python3|lifelong_slam_toolbox_node --duration 470 --interval 2 --label slam15m_noise_n005_lifelong --output /oomwoo/contributions/compute-benchmark/OsakaTX/scripts/../results/slam15m_noise_n005_lifelong_20260908T151228Z.csv"
2026-09-08T15:13:39Z,28,"slam15m_noise_n005_lifelong",191,"python3",0.1,69860,46797,"/usr/bin/python3 -c from ros2cli.daemon.daemonize import main; main() --name ros2-daemon --ros-domain-id 0 --rmw-implementation rmw_fastrtps_cpp"
2026-09-08T15:13:39Z,28,"slam15m_noise_n005_lifelong",83970,"python3",5.1,72320,48996,"python3 /oomwoo/contributions/compute-benchmark/OsakaTX/scripts/synthetic_scan_publisher.py --duration 505 --loop-s 40 --hz 5.0 --room-half 7.5 --noise 0.05"
2026-09-08T15:13:39Z,28,"slam15m_noise_n005_lifelong",83986,"ros2",1.0,74856,51384,"/usr/bin/python3 /opt/ros/jazzy/bin/ros2 launch /oomwoo/contributions/compute-benchmark/OsakaTX/scripts/lifelong_launch.py slam_params_file:=/oomwoo/contributions/compute-benchmark/OsakaTX/scripts/lifelong_slam_params.yaml use_sim_time:=False autostart:=true"
2026-09-08T15:13:39Z,28,"slam15m_noise_n005_lifelong",84003,"lifelong_slam_t",92.1,64688,50662,"/opt/ros/jazzy/lib/slam_toolbox/lifelong_slam_toolbox_node --ros-args -r __node:=slam_toolbox -r __ns:=/ --params-file /oomwoo/contributions/compute-benchmark/OsakaTX/scripts/lifelong_slam_params.yaml --params-file /tmp/launch_params_fx3k_6ap"
2026-09-08T15:13:39Z,28,"slam15m_noise_n005_lifelong",84037,"bash",0.3,4480,1133,"bash /oomwoo/contributions/compute-benchmark/xbattlax/scripts/measure_ros_processes.sh --pattern python3|lifelong_slam_toolbox_node --duration 470 --interval 2 --label slam15m_noise_n005_lifelong --output /oomwoo/contributions/compute-benchmark/OsakaTX/scripts/../results/slam15m_noise_n005_lifelong_20260908T151228Z.csv"
2026-09-08T15:13:41Z,29,"slam15m_noise_n005_lifelong",191,"python3",0.1,69860,46796,"/usr/bin/python3 -c from ros2cli.daemon.daemonize import main; main() --name ros2-daemon --ros-domain-id 0 --rmw-implementation rmw_fastrtps_cpp"
2026-09-08T15:13:41Z,29,"slam15m_noise_n005_lifelong",83970,"python3",5.1,72320,48998,"python3 /oomwoo/contributions/compute-benchmark/OsakaTX/scripts/synthetic_scan_publisher.py --duration 505 --loop-s 40 --hz 5.0 --room-half 7.5 --noise 0.05"
2026-09-08T15:13:41Z,29,"slam15m_noise_n005_lifelong",83986,"ros2",1.0,74856,51386,"/usr/bin/python3 /opt/ros/jazzy/bin/ros2 launch /oomwoo/contributions/compute-benchmark/OsakaTX/scripts/lifelong_launch.py slam_params_file:=/oomwoo/contributions/compute-benchmark/OsakaTX/scripts/lifelong_slam_params.yaml use_sim_time:=False autostart:=true"
2026-09-08T15:13:41Z,29,"slam15m_noise_n005_lifelong",84003,"lifelong_slam_t",91.4,64688,50663,"/opt/ros/jazzy/lib/slam_toolbox/lifelong_slam_toolbox_node --ros-args -r __node:=slam_toolbox -r __ns:=/ --params-file /oomwoo/contributions/compute-benchmark/OsakaTX/scripts/lifelong_slam_params.yaml --params-file /tmp/launch_params_fx3k_6ap"
2026-09-08T15:13:41Z,29,"slam15m_noise_n005_lifelong",84037,"bash",0.3,4480,1135,"bash /oomwoo/contributions/compute-benchmark/xbattlax/scripts/measure_ros_processes.sh --pattern python3|lifelong_slam_toolbox_node --duration 470 --interval 2 --label slam15m_noise_n005_lifelong --output /oomwoo/contributions/compute-benchmark/OsakaTX/scripts/../results/slam15m_noise_n005_lifelong_20260908T151228Z.csv"
2026-09-08T15:13:43Z,30,"slam15m_noise_n005_lifelong",191,"python3",0.1,69860,46796,"/usr/bin/python3 -c from ros2cli.daemon.daemonize import main; main() --name ros2-daemon --ros-domain-id 0 --rmw-implementation rmw_fastrtps_cpp"
2026-09-08T15:13:43Z,30,"slam15m_noise_n005_lifelong",83970,"python3",5.1,72320,48998,"python3 /oomwoo/contributions/compute-benchmark/OsakaTX/scripts/synthetic_scan_publisher.py --duration 505 --loop-s 40 --hz 5.0 --room-half 7.5 --noise 0.05"
2026-09-08T15:13:43Z,30,"slam15m_noise_n005_lifelong",83986,"ros2",1.0,74856,51383,"/usr/bin/python3 /opt/ros/jazzy/bin/ros2 launch /oomwoo/contributions/compute-benchmark/OsakaTX/scripts/lifelong_launch.py slam_params_file:=/oomwoo/contributions/compute-benchmark/OsakaTX/scripts/lifelong_slam_params.yaml use_sim_time:=False autostart:=true"
2026-09-08T15:13:43Z,30,"slam15m_noise_n005_lifelong",84003,"lifelong_slam_t",90.8,64800,50772,"/opt/ros/jazzy/lib/slam_toolbox/lifelong_slam_toolbox_node --ros-args -r __node:=slam_toolbox -r __ns:=/ --params-file /oomwoo/contributions/compute-benchmark/OsakaTX/scripts/lifelong_slam_params.yaml --params-file /tmp/launch_params_fx3k_6ap"
2026-09-08T15:13:43Z,30,"slam15m_noise_n005_lifelong",84037,"bash",0.3,4480,1129,"bash /oomwoo/contributions/compute-benchmark/xbattlax/scripts/measure_ros_processes.sh --pattern python3|lifelong_slam_toolbox_node --duration 470 --interval 2 --label slam15m_noise_n005_lifelong --output /oomwoo/contributions/compute-benchmark/OsakaTX/scripts/../results/slam15m_noise_n005_lifelong_20260908T151228Z.csv"
2026-09-08T15:13:45Z,31,"slam15m_noise_n005_lifelong",191,"python3",0.1,69860,46795,"/usr/bin/python3 -c from ros2cli.daemon.daemonize import main; main() --name ros2-daemon --ros-domain-id 0 --rmw-implementation rmw_fastrtps_cpp"
2026-09-08T15:13:45Z,31,"slam15m_noise_n005_lifelong",83970,"python3",5.1,72320,48996,"python3 /oomwoo/contributions/compute-benchmark/OsakaTX/scripts/synthetic_scan_publisher.py --duration 505 --loop-s 40 --hz 5.0 --room-half 7.5 --noise 0.05"
2026-09-08T15:13:45Z,31,"slam15m_noise_n005_lifelong",83986,"ros2",1.0,74856,51388,"/usr/bin/python3 /opt/ros/jazzy/bin/ros2 launch /oomwoo/contributions/compute-benchmark/OsakaTX/scripts/lifelong_launch.py slam_params_file:=/oomwoo/contributions/compute-benchmark/OsakaTX/scripts/lifelong_slam_params.yaml use_sim_time:=False autostart:=true"
2026-09-08T15:13:45Z,31,"slam15m_noise_n005_lifelong",84003,"lifelong_slam_t",90.0,64980,50955,"/opt/ros/jazzy/lib/slam_toolbox/lifelong_slam_toolbox_node --ros-args -r __node:=slam_toolbox -r __ns:=/ --params-file /oomwoo/contributions/compute-benchmark/OsakaTX/scripts/lifelong_slam_params.yaml --params-file /tmp/launch_params_fx3k_6ap"
2026-09-08T15:13:45Z,31,"slam15m_noise_n005_lifelong",84037,"bash",0.3,4480,1137,"bash /oomwoo/contributions/compute-benchmark/xbattlax/scripts/measure_ros_processes.sh --pattern python3|lifelong_slam_toolbox_node --duration 470 --interval 2 --label slam15m_noise_n005_lifelong --output /oomwoo/contributions/compute-benchmark/OsakaTX/scripts/../results/slam15m_noise_n005_lifelong_20260908T151228Z.csv"
2026-09-08T15:13:47Z,32,"slam15m_noise_n005_lifelong",191,"python3",0.1,69860,46797,"/usr/bin/python3 -c from ros2cli.daemon.daemonize import main; main() --name ros2-daemon --ros-domain-id 0 --rmw-implementation rmw_fastrtps_cpp"
2026-09-08T15:13:47Z,32,"slam15m_noise_n005_lifelong",83970,"python3",5.0,72320,48998,"python3 /oomwoo/contributions/compute-benchmark/OsakaTX/scripts/synthetic_scan_publisher.py --duration 505 --loop-s 40 --hz 5.0 --room-half 7.5 --noise 0.05"
2026-09-08T15:13:47Z,32,"slam15m_noise_n005_lifelong",83986,"ros2",1.0,74856,51383,"/usr/bin/python3 /opt/ros/jazzy/bin/ros2 launch /oomwoo/contributions/compute-benchmark/OsakaTX/scripts/lifelong_launch.py slam_params_file:=/oomwoo/contributions/compute-benchmark/OsakaTX/scripts/lifelong_slam_params.yaml use_sim_time:=False autostart:=true"
2026-09-08T15:13:47Z,32,"slam15m_noise_n005_lifelong",84003,"lifelong_slam_t",89.9,65004,50976,"/opt/ros/jazzy/lib/slam_toolbox/lifelong_slam_toolbox_node --ros-args -r __node:=slam_toolbox -r __ns:=/ --params-file /oomwoo/contributions/compute-benchmark/OsakaTX/scripts/lifelong_slam_params.yaml --params-file /tmp/launch_params_fx3k_6ap"
2026-09-08T15:13:47Z,32,"slam15m_noise_n005_lifelong",84037,"bash",0.3,4480,1135,"bash /oomwoo/contributions/compute-benchmark/xbattlax/scripts/measure_ros_processes.sh --pattern python3|lifelong_slam_toolbox_node --duration 470 --interval 2 --label slam15m_noise_n005_lifelong --output /oomwoo/contributions/compute-benchmark/OsakaTX/scripts/../results/slam15m_noise_n005_lifelong_20260908T151228Z.csv"
2026-09-08T15:13:49Z,33,"slam15m_noise_n005_lifelong",191,"python3",0.1,69860,46798,"/usr/bin/python3 -c from ros2cli.daemon.daemonize import main; main() --name ros2-daemon --ros-domain-id 0 --rmw-implementation rmw_fastrtps_cpp"
2026-09-08T15:13:49Z,33,"slam15m_noise_n005_lifelong",83970,"python3",5.0,72320,49001,"python3 /oomwoo/contributions/compute-benchmark/OsakaTX/scripts/synthetic_scan_publisher.py --duration 505 --loop-s 40 --hz 5.0 --room-half 7.5 --noise 0.05"
2026-09-08T15:13:49Z,33,"slam15m_noise_n005_lifelong",83986,"ros2",1.0,74856,51382,"/usr/bin/python3 /opt/ros/jazzy/bin/ros2 launch /oomwoo/contributions/compute-benchmark/OsakaTX/scripts/lifelong_launch.py slam_params_file:=/oomwoo/contributions/compute-benchmark/OsakaTX/scripts/lifelong_slam_params.yaml use_sim_time:=False autostart:=true"
2026-09-08T15:13:49Z,33,"slam15m_noise_n005_lifelong",84003,"lifelong_slam_t",90.7,65196,51171,"/opt/ros/jazzy/lib/slam_toolbox/lifelong_slam_toolbox_node --ros-args -r __node:=slam_toolbox -r __ns:=/ --params-file /oomwoo/contributions/compute-benchmark/OsakaTX/scripts/lifelong_slam_params.yaml --params-file /tmp/launch_params_fx3k_6ap"
2026-09-08T15:13:49Z,33,"slam15m_noise_n005_lifelong",84037,"bash",0.3,4480,1132,"bash /oomwoo/contributions/compute-benchmark/xbattlax/scripts/measure_ros_processes.sh --pattern python3|lifelong_slam_toolbox_node --duration 470 --interval 2 --label slam15m_noise_n005_lifelong --output /oomwoo/contributions/compute-benchmark/OsakaTX/scripts/../results/slam15m_noise_n005_lifelong_20260908T151228Z.csv"
2026-09-08T15:13:51Z,34,"slam15m_noise_n005_lifelong",191,"python3",0.1,69860,46797,"/usr/bin/python3 -c from ros2cli.daemon.daemonize import main; main() --name ros2-daemon --ros-domain-id 0 --rmw-implementation rmw_fastrtps_cpp"
2026-09-08T15:13:51Z,34,"slam15m_noise_n005_lifelong",83970,"python3",5.0,72320,49000,"python3 /oomwoo/contributions/compute-benchmark/OsakaTX/scripts/synthetic_scan_publisher.py --duration 505 --loop-s 40 --hz 5.0 --room-half 7.5 --noise 0.05"
2026-09-08T15:13:51Z,34,"slam15m_noise_n005_lifelong",83986,"ros2",1.0,74856,51385,"/usr/bin/python3 /opt/ros/jazzy/bin/ros2 launch /oomwoo/contributions/compute-benchmark/OsakaTX/scripts/lifelong_launch.py slam_params_file:=/oomwoo/contributions/compute-benchmark/OsakaTX/scripts/lifelong_slam_params.yaml use_sim_time:=False autostart:=true"
2026-09-08T15:13:51Z,34,"slam15m_noise_n005_lifelong",84003,"lifelong_slam_t",91.5,65260,51233,"/opt/ros/jazzy/lib/slam_toolbox/lifelong_slam_toolbox_node --ros-args -r __node:=slam_toolbox -r __ns:=/ --params-file /oomwoo/contributions/compute-benchmark/OsakaTX/scripts/lifelong_slam_params.yaml --params-file /tmp/launch_params_fx3k_6ap"
2026-09-08T15:13:51Z,34,"slam15m_noise_n005_lifelong",84037,"bash",0.3,4480,1133,"bash /oomwoo/contributions/compute-benchmark/xbattlax/scripts/measure_ros_processes.sh --pattern python3|lifelong_slam_toolbox_node --duration 470 --interval 2 --label slam15m_noise_n005_lifelong --output /oomwoo/contributions/compute-benchmark/OsakaTX/scripts/../results/slam15m_noise_n005_lifelong_20260908T151228Z.csv"
2026-09-08T15:13:54Z,35,"slam15m_noise_n005_lifelong",191,"python3",0.1,69860,46797,"/usr/bin/python3 -c from ros2cli.daemon.daemonize import main; main() --name ros2-daemon --ros-domain-id 0 --rmw-implementation rmw_fastrtps_cpp"
2026-09-08T15:13:54Z,35,"slam15m_noise_n005_lifelong",83970,"python3",5.0,72320,48998,"python3 /oomwoo/contributions/compute-benchmark/OsakaTX/scripts/synthetic_scan_publisher.py --duration 505 --loop-s 40 --hz 5.0 --room-half 7.5 --noise 0.05"
2026-09-08T15:13:54Z,35,"slam15m_noise_n005_lifelong",83986,"ros2",0.9,74856,51385,"/usr/bin/python3 /opt/ros/jazzy/bin/ros2 launch /oomwoo/contributions/compute-benchmark/OsakaTX/scripts/lifelong_launch.py slam_params_file:=/oomwoo/contributions/compute-benchmark/OsakaTX/scripts/lifelong_slam_params.yaml use_sim_time:=False autostart:=true"
2026-09-08T15:13:54Z,35,"slam15m_noise_n005_lifelong",84003,"lifelong_slam_t",92.2,65260,51234,"/opt/ros/jazzy/lib/slam_toolbox/lifelong_slam_toolbox_node --ros-args -r __node:=slam_toolbox -r __ns:=/ --params-file /oomwoo/contributions/compute-benchmark/OsakaTX/scripts/lifelong_slam_params.yaml --params-file /tmp/launch_params_fx3k_6ap"
2026-09-08T15:13:54Z,35,"slam15m_noise_n005_lifelong",84037,"bash",0.3,4480,1140,"bash /oomwoo/contributions/compute-benchmark/xbattlax/scripts/measure_ros_processes.sh --pattern python3|lifelong_slam_toolbox_node --duration 470 --interval 2 --label slam15m_noise_n005_lifelong --output /oomwoo/contributions/compute-benchmark/OsakaTX/scripts/../results/slam15m_noise_n005_lifelong_20260908T151228Z.csv"
2026-09-08T15:13:56Z,36,"slam15m_noise_n005_lifelong",191,"python3",0.1,69860,46797,"/usr/bin/python3 -c from ros2cli.daemon.daemonize import main; main() --name ros2-daemon --ros-domain-id 0 --rmw-implementation rmw_fastrtps_cpp"
2026-09-08T15:13:56Z,36,"slam15m_noise_n005_lifelong",83970,"python3",5.0,72320,48997,"python3 /oomwoo/contributions/compute-benchmark/OsakaTX/scripts/synthetic_scan_publisher.py --duration 505 --loop-s 40 --hz 5.0 --room-half 7.5 --noise 0.05"
2026-09-08T15:13:56Z,36,"slam15m_noise_n005_lifelong",83986,"ros2",0.9,74884,51411,"/usr/bin/python3 /opt/ros/jazzy/bin/ros2 launch /oomwoo/contributions/compute-benchmark/OsakaTX/scripts/lifelong_launch.py slam_params_file:=/oomwoo/contributions/compute-benchmark/OsakaTX/scripts/lifelong_slam_params.yaml use_sim_time:=False autostart:=true"
2026-09-08T15:13:56Z,36,"slam15m_noise_n005_lifelong",84003,"lifelong_slam_t",93.2,65260,51235,"/opt/ros/jazzy/lib/slam_toolbox/lifelong_slam_toolbox_node --ros-args -r __node:=slam_toolbox -r __ns:=/ --params-file /oomwoo/contributions/compute-benchmark/OsakaTX/scripts/lifelong_slam_params.yaml --params-file /tmp/launch_params_fx3k_6ap"
2026-09-08T15:13:56Z,36,"slam15m_noise_n005_lifelong",84037,"bash",0.3,4480,1131,"bash /oomwoo/contributions/compute-benchmark/xbattlax/scripts/measure_ros_processes.sh --pattern python3|lifelong_slam_toolbox_node --duration 470 --interval 2 --label slam15m_noise_n005_lifelong --output /oomwoo/contributions/compute-benchmark/OsakaTX/scripts/../results/slam15m_noise_n005_lifelong_20260908T151228Z.csv"
2026-09-08T15:13:58Z,37,"slam15m_noise_n005_lifelong",191,"python3",0.1,69860,46797,"/usr/bin/python3 -c from ros2cli.daemon.daemonize import main; main() --name ros2-daemon --ros-domain-id 0 --rmw-implementation rmw_fastrtps_cpp"
2026-09-08T15:13:58Z,37,"slam15m_noise_n005_lifelong",83970,"python3",5.0,72320,48998,"python3 /oomwoo/contributions/compute-benchmark/OsakaTX/scripts/synthetic_scan_publisher.py --duration 505 --loop-s 40 --hz 5.0 --room-half 7.5 --noise 0.05"
2026-09-08T15:13:58Z,37,"slam15m_noise_n005_lifelong",83986,"ros2",0.9,74884,51412,"/usr/bin/python3 /opt/ros/jazzy/bin/ros2 launch /oomwoo/contributions/compute-benchmark/OsakaTX/scripts/lifelong_launch.py slam_params_file:=/oomwoo/contributions/compute-benchmark/OsakaTX/scripts/lifelong_slam_params.yaml use_sim_time:=False autostart:=true"
2026-09-08T15:13:58Z,37,"slam15m_noise_n005_lifelong",84003,"lifelong_slam_t",93.7,65260,51232,"/opt/ros/jazzy/lib/slam_toolbox/lifelong_slam_toolbox_node --ros-args -r __node:=slam_toolbox -r __ns:=/ --params-file /oomwoo/contributions/compute-benchmark/OsakaTX/scripts/lifelong_slam_params.yaml --params-file /tmp/launch_params_fx3k_6ap"
2026-09-08T15:13:58Z,37,"slam15m_noise_n005_lifelong",84037,"bash",0.3,4480,1131,"bash /oomwoo/contributions/compute-benchmark/xbattlax/scripts/measure_ros_processes.sh --pattern python3|lifelong_slam_toolbox_node --duration 470 --interval 2 --label slam15m_noise_n005_lifelong --output /oomwoo/contributions/compute-benchmark/OsakaTX/scripts/../results/slam15m_noise_n005_lifelong_20260908T151228Z.csv"
2026-09-08T15:14:00Z,38,"slam15m_noise_n005_lifelong",191,"python3",0.1,69860,46797,"/usr/bin/python3 -c from ros2cli.daemon.daemonize import main; main() --name ros2-daemon --ros-domain-id 0 --rmw-implementation rmw_fastrtps_cpp"
2026-09-08T15:14:00Z,38,"slam15m_noise_n005_lifelong",83970,"python3",5.0,72320,48998,"python3 /oomwoo/contributions/compute-benchmark/OsakaTX/scripts/synthetic_scan_publisher.py --duration 505 --loop-s 40 --hz 5.0 --room-half 7.5 --noise 0.05"
2026-09-08T15:14:00Z,38,"slam15m_noise_n005_lifelong",83986,"ros2",0.9,74884,51411,"/usr/bin/python3 /opt/ros/jazzy/bin/ros2 launch /oomwoo/contributions/compute-benchmark/OsakaTX/scripts/lifelong_launch.py slam_params_file:=/oomwoo/contributions/compute-benchmark/OsakaTX/scripts/lifelong_slam_params.yaml use_sim_time:=False autostart:=true"
2026-09-08T15:14:00Z,38,"slam15m_noise_n005_lifelong",84003,"lifelong_slam_t",94.5,65260,51235,"/opt/ros/jazzy/lib/slam_toolbox/lifelong_slam_toolbox_node --ros-args -r __node:=slam_toolbox -r __ns:=/ --params-file /oomwoo/contributions/compute-benchmark/OsakaTX/scripts/lifelong_slam_params.yaml --params-file /tmp/launch_params_fx3k_6ap"
2026-09-08T15:14:00Z,38,"slam15m_noise_n005_lifelong",84037,"bash",0.3,4480,1134,"bash /oomwoo/contributions/compute-benchmark/xbattlax/scripts/measure_ros_processes.sh --pattern python3|lifelong_slam_toolbox_node --duration 470 --interval 2 --label slam15m_noise_n005_lifelong --output /oomwoo/contributions/compute-benchmark/OsakaTX/scripts/../results/slam15m_noise_n005_lifelong_20260908T151228Z.csv"
2026-09-08T15:14:02Z,39,"slam15m_noise_n005_lifelong",191,"python3",0.1,69860,46796,"/usr/bin/python3 -c from ros2cli.daemon.daemonize import main; main() --name ros2-daemon --ros-domain-id 0 --rmw-implementation rmw_fastrtps_cpp"
2026-09-08T15:14:02Z,39,"slam15m_noise_n005_lifelong",83970,"python3",4.9,72320,48998,"python3 /oomwoo/contributions/compute-benchmark/OsakaTX/scripts/synthetic_scan_publisher.py --duration 505 --loop-s 40 --hz 5.0 --room-half 7.5 --noise 0.05"
2026-09-08T15:14:02Z,39,"slam15m_noise_n005_lifelong",83986,"ros2",0.9,74884,51411,"/usr/bin/python3 /opt/ros/jazzy/bin/ros2 launch /oomwoo/contributions/compute-benchmark/OsakaTX/scripts/lifelong_launch.py slam_params_file:=/oomwoo/contributions/compute-benchmark/OsakaTX/scripts/lifelong_slam_params.yaml use_sim_time:=False autostart:=true"
2026-09-08T15:14:02Z,39,"slam15m_noise_n005_lifelong",84003,"lifelong_slam_t",95.3,65260,51234,"/opt/ros/jazzy/lib/slam_toolbox/lifelong_slam_toolbox_node --ros-args -r __node:=slam_toolbox -r __ns:=/ --params-file /oomwoo/contributions/compute-benchmark/OsakaTX/scripts/lifelong_slam_params.yaml --params-file /tmp/launch_params_fx3k_6ap"
2026-09-08T15:14:02Z,39,"slam15m_noise_n005_lifelong",84037,"bash",0.3,4480,1136,"bash /oomwoo/contributions/compute-benchmark/xbattlax/scripts/measure_ros_processes.sh --pattern python3|lifelong_slam_toolbox_node --duration 470 --interval 2 --label slam15m_noise_n005_lifelong --output /oomwoo/contributions/compute-benchmark/OsakaTX/scripts/../results/slam15m_noise_n005_lifelong_20260908T151228Z.csv"
2026-09-08T15:14:04Z,40,"slam15m_noise_n005_lifelong",191,"python3",0.1,69860,46797,"/usr/bin/python3 -c from ros2cli.daemon.daemonize import main; main() --name ros2-daemon --ros-domain-id 0 --rmw-implementation rmw_fastrtps_cpp"
2026-09-08T15:14:04Z,40,"slam15m_noise_n005_lifelong",83970,"python3",4.9,72320,48996,"python3 /oomwoo/contributions/compute-benchmark/OsakaTX/scripts/synthetic_scan_publisher.py --duration 505 --loop-s 40 --hz 5.0 --room-half 7.5 --noise 0.05"
2026-09-08T15:14:04Z,40,"slam15m_noise_n005_lifelong",83986,"ros2",0.9,74884,51414,"/usr/bin/python3 /opt/ros/jazzy/bin/ros2 launch /oomwoo/contributions/compute-benchmark/OsakaTX/scripts/lifelong_launch.py slam_params_file:=/oomwoo/contributions/compute-benchmark/OsakaTX/scripts/lifelong_slam_params.yaml use_sim_time:=False autostart:=true"
2026-09-08T15:14:04Z,40,"slam15m_noise_n005_lifelong",84003,"lifelong_slam_t",95.9,65364,51336,"/opt/ros/jazzy/lib/slam_toolbox/lifelong_slam_toolbox_node --ros-args -r __node:=slam_toolbox -r __ns:=/ --params-file /oomwoo/contributions/compute-benchmark/OsakaTX/scripts/lifelong_slam_params.yaml --params-file /tmp/launch_params_fx3k_6ap"
2026-09-08T15:14:04Z,40,"slam15m_noise_n005_lifelong",84037,"bash",0.3,4480,1134,"bash /oomwoo/contributions/compute-benchmark/xbattlax/scripts/measure_ros_processes.sh --pattern python3|lifelong_slam_toolbox_node --duration 470 --interval 2 --label slam15m_noise_n005_lifelong --output /oomwoo/contributions/compute-benchmark/OsakaTX/scripts/../results/slam15m_noise_n005_lifelong_20260908T151228Z.csv"
2026-09-08T15:14:06Z,41,"slam15m_noise_n005_lifelong",191,"python3",0.1,69860,46795,"/usr/bin/python3 -c from ros2cli.daemon.daemonize import main; main() --name ros2-daemon --ros-domain-id 0 --rmw-implementation rmw_fastrtps_cpp"
2026-09-08T15:14:06Z,41,"slam15m_noise_n005_lifelong",83970,"python3",4.9,72320,48998,"python3 /oomwoo/contributions/compute-benchmark/OsakaTX/scripts/synthetic_scan_publisher.py --duration 505 --loop-s 40 --hz 5.0 --room-half 7.5 --noise 0.05"
2026-09-08T15:14:06Z,41,"slam15m_noise_n005_lifelong",83986,"ros2",0.9,74900,51429,"/usr/bin/python3 /opt/ros/jazzy/bin/ros2 launch /oomwoo/contributions/compute-benchmark/OsakaTX/scripts/lifelong_launch.py slam_params_file:=/oomwoo/contributions/compute-benchmark/OsakaTX/scripts/lifelong_slam_params.yaml use_sim_time:=False autostart:=true"
2026-09-08T15:14:06Z,41,"slam15m_noise_n005_lifelong",84003,"lifelong_slam_t",96.5,65364,51338,"/opt/ros/jazzy/lib/slam_toolbox/lifelong_slam_toolbox_node --ros-args -r __node:=slam_toolbox -r __ns:=/ --params-file /oomwoo/contributions/compute-benchmark/OsakaTX/scripts/lifelong_slam_params.yaml --params-file /tmp/launch_params_fx3k_6ap"
2026-09-08T15:14:06Z,41,"slam15m_noise_n005_lifelong",84037,"bash",0.3,4480,1138,"bash /oomwoo/contributions/compute-benchmark/xbattlax/scripts/measure_ros_processes.sh --pattern python3|lifelong_slam_toolbox_node --duration 470 --interval 2 --label slam15m_noise_n005_lifelong --output /oomwoo/contributions/compute-benchmark/OsakaTX/scripts/../results/slam15m_noise_n005_lifelong_20260908T151228Z.csv"
2026-09-08T15:14:09Z,42,"slam15m_noise_n005_lifelong",191,"python3",0.1,69860,46797,"/usr/bin/python3 -c from ros2cli.daemon.daemonize import main; main() --name ros2-daemon --ros-domain-id 0 --rmw-implementation rmw_fastrtps_cpp"
2026-09-08T15:14:09Z,42,"slam15m_noise_n005_lifelong",83970,"python3",4.9,72320,48998,"python3 /oomwoo/contributions/compute-benchmark/OsakaTX/scripts/synthetic_scan_publisher.py --duration 505 --loop-s 40 --hz 5.0 --room-half 7.5 --noise 0.05"
2026-09-08T15:14:09Z,42,"slam15m_noise_n005_lifelong",83986,"ros2",0.9,74900,51428,"/usr/bin/python3 /opt/ros/jazzy/bin/ros2 launch /oomwoo/contributions/compute-benchmark/OsakaTX/scripts/lifelong_launch.py slam_params_file:=/oomwoo/contributions/compute-benchmark/OsakaTX/scripts/lifelong_slam_params.yaml use_sim_time:=False autostart:=true"
2026-09-08T15:14:09Z,42,"slam15m_noise_n005_lifelong",84003,"lifelong_slam_t",97.1,65464,51439,"/opt/ros/jazzy/lib/slam_toolbox/lifelong_slam_toolbox_node --ros-args -r __node:=slam_toolbox -r __ns:=/ --params-file /oomwoo/contributions/compute-benchmark/OsakaTX/scripts/lifelong_slam_params.yaml --params-file /tmp/launch_params_fx3k_6ap"
2026-09-08T15:14:09Z,42,"slam15m_noise_n005_lifelong",84037,"bash",0.3,4484,1137,"bash /oomwoo/contributions/compute-benchmark/xbattlax/scripts/measure_ros_processes.sh --pattern python3|lifelong_slam_toolbox_node --duration 470 --interval 2 --label slam15m_noise_n005_lifelong --output /oomwoo/contributions/compute-benchmark/OsakaTX/scripts/../results/slam15m_noise_n005_lifelong_20260908T151228Z.csv"
2026-09-08T15:14:11Z,43,"slam15m_noise_n005_lifelong",191,"python3",0.1,69860,46796,"/usr/bin/python3 -c from ros2cli.daemon.daemonize import main; main() --name ros2-daemon --ros-domain-id 0 --rmw-implementation rmw_fastrtps_cpp"
2026-09-08T15:14:11Z,43,"slam15m_noise_n005_lifelong",83970,"python3",4.9,72320,48998,"python3 /oomwoo/contributions/compute-benchmark/OsakaTX/scripts/synthetic_scan_publisher.py --duration 505 --loop-s 40 --hz 5.0 --room-half 7.5 --noise 0.05"
2026-09-08T15:14:11Z,43,"slam15m_noise_n005_lifelong",83986,"ros2",0.9,74900,51427,"/usr/bin/python3 /opt/ros/jazzy/bin/ros2 launch /oomwoo/contributions/compute-benchmark/OsakaTX/scripts/lifelong_launch.py slam_params_file:=/oomwoo/contributions/compute-benchmark/OsakaTX/scripts/lifelong_slam_params.yaml use_sim_time:=False autostart:=true"
2026-09-08T15:14:11Z,43,"slam15m_noise_n005_lifelong",84003,"lifelong_slam_t",97.7,65464,51439,"/opt/ros/jazzy/lib/slam_toolbox/lifelong_slam_toolbox_node --ros-args -r __node:=slam_toolbox -r __ns:=/ --params-file /oomwoo/contributions/compute-benchmark/OsakaTX/scripts/lifelong_slam_params.yaml --params-file /tmp/launch_params_fx3k_6ap"
2026-09-08T15:14:11Z,43,"slam15m_noise_n005_lifelong",84037,"bash",0.3,4484,1138,"bash /oomwoo/contributions/compute-benchmark/xbattlax/scripts/measure_ros_processes.sh --pattern python3|lifelong_slam_toolbox_node --duration 470 --interval 2 --label slam15m_noise_n005_lifelong --output /oomwoo/contributions/compute-benchmark/OsakaTX/scripts/../results/slam15m_noise_n005_lifelong_20260908T151228Z.csv"
2026-09-08T15:14:13Z,44,"slam15m_noise_n005_lifelong",191,"python3",0.1,69860,46797,"/usr/bin/python3 -c from ros2cli.daemon.daemonize import main; main() --name ros2-daemon --ros-domain-id 0 --rmw-implementation rmw_fastrtps_cpp"
2026-09-08T15:14:13Z,44,"slam15m_noise_n005_lifelong",83970,"python3",4.9,72320,48997,"python3 /oomwoo/contributions/compute-benchmark/OsakaTX/scripts/synthetic_scan_publisher.py --duration 505 --loop-s 40 --hz 5.0 --room-half 7.5 --noise 0.05"
2026-09-08T15:14:13Z,44,"slam15m_noise_n005_lifelong",83986,"ros2",0.9,74900,51427,"/usr/bin/python3 /opt/ros/jazzy/bin/ros2 launch /oomwoo/contributions/compute-benchmark/OsakaTX/scripts/lifelong_launch.py slam_params_file:=/oomwoo/contributions/compute-benchmark/OsakaTX/scripts/lifelong_slam_params.yaml use_sim_time:=False autostart:=true"
2026-09-08T15:14:13Z,44,"slam15m_noise_n005_lifelong",84003,"lifelong_slam_t",98.1,65464,51439,"/opt/ros/jazzy/lib/slam_toolbox/lifelong_slam_toolbox_node --ros-args -r __node:=slam_toolbox -r __ns:=/ --params-file /oomwoo/contributions/compute-benchmark/OsakaTX/scripts/lifelong_slam_params.yaml --params-file /tmp/launch_params_fx3k_6ap"
2026-09-08T15:14:13Z,44,"slam15m_noise_n005_lifelong",84037,"bash",0.3,4484,1131,"bash /oomwoo/contributions/compute-benchmark/xbattlax/scripts/measure_ros_processes.sh --pattern python3|lifelong_slam_toolbox_node --duration 470 --interval 2 --label slam15m_noise_n005_lifelong --output /oomwoo/contributions/compute-benchmark/OsakaTX/scripts/../results/slam15m_noise_n005_lifelong_20260908T151228Z.csv"
2026-09-08T15:14:15Z,45,"slam15m_noise_n005_lifelong",191,"python3",0.1,69860,46801,"/usr/bin/python3 -c from ros2cli.daemon.daemonize import main; main() --name ros2-daemon --ros-domain-id 0 --rmw-implementation rmw_fastrtps_cpp"
2026-09-08T15:14:15Z,45,"slam15m_noise_n005_lifelong",83970,"python3",4.9,72320,49000,"python3 /oomwoo/contributions/compute-benchmark/OsakaTX/scripts/synthetic_scan_publisher.py --duration 505 --loop-s 40 --hz 5.0 --room-half 7.5 --noise 0.05"
2026-09-08T15:14:15Z,45,"slam15m_noise_n005_lifelong",83986,"ros2",0.8,74900,51428,"/usr/bin/python3 /opt/ros/jazzy/bin/ros2 launch /oomwoo/contributions/compute-benchmark/OsakaTX/scripts/lifelong_launch.py slam_params_file:=/oomwoo/contributions/compute-benchmark/OsakaTX/scripts/lifelong_slam_params.yaml use_sim_time:=False autostart:=true"
2026-09-08T15:14:15Z,45,"slam15m_noise_n005_lifelong",84003,"lifelong_slam_t",98.6,65468,51443,"/opt/ros/jazzy/lib/slam_toolbox/lifelong_slam_toolbox_node --ros-args -r __node:=slam_toolbox -r __ns:=/ --params-file /oomwoo/contributions/compute-benchmark/OsakaTX/scripts/lifelong_slam_params.yaml --params-file /tmp/launch_params_fx3k_6ap"
2026-09-08T15:14:15Z,45,"slam15m_noise_n005_lifelong",84037,"bash",0.3,4484,1139,"bash /oomwoo/contributions/compute-benchmark/xbattlax/scripts/measure_ros_processes.sh --pattern python3|lifelong_slam_toolbox_node --duration 470 --interval 2 --label slam15m_noise_n005_lifelong --output /oomwoo/contributions/compute-benchmark/OsakaTX/scripts/../results/slam15m_noise_n005_lifelong_20260908T151228Z.csv"
2026-09-08T15:14:17Z,46,"slam15m_noise_n005_lifelong",191,"python3",0.1,69860,46799,"/usr/bin/python3 -c from ros2cli.daemon.daemonize import main; main() --name ros2-daemon --ros-domain-id 0 --rmw-implementation rmw_fastrtps_cpp"
2026-09-08T15:14:17Z,46,"slam15m_noise_n005_lifelong",83970,"python3",4.9,72320,48998,"python3 /oomwoo/contributions/compute-benchmark/OsakaTX/scripts/synthetic_scan_publisher.py --duration 505 --loop-s 40 --hz 5.0 --room-half 7.5 --noise 0.05"
2026-09-08T15:14:17Z,46,"slam15m_noise_n005_lifelong",83986,"ros2",0.8,74900,51429,"/usr/bin/python3 /opt/ros/jazzy/bin/ros2 launch /oomwoo/contributions/compute-benchmark/OsakaTX/scripts/lifelong_launch.py slam_params_file:=/oomwoo/contributions/compute-benchmark/OsakaTX/scripts/lifelong_slam_params.yaml use_sim_time:=False autostart:=true"
2026-09-08T15:14:17Z,46,"slam15m_noise_n005_lifelong",84003,"lifelong_slam_t",99.2,65568,51542,"/opt/ros/jazzy/lib/slam_toolbox/lifelong_slam_toolbox_node --ros-args -r __node:=slam_toolbox -r __ns:=/ --params-file /oomwoo/contributions/compute-benchmark/OsakaTX/scripts/lifelong_slam_params.yaml --params-file /tmp/launch_params_fx3k_6ap"
2026-09-08T15:14:17Z,46,"slam15m_noise_n005_lifelong",84037,"bash",0.3,4484,1132,"bash /oomwoo/contributions/compute-benchmark/xbattlax/scripts/measure_ros_processes.sh --pattern python3|lifelong_slam_toolbox_node --duration 470 --interval 2 --label slam15m_noise_n005_lifelong --output /oomwoo/contributions/compute-benchmark/OsakaTX/scripts/../results/slam15m_noise_n005_lifelong_20260908T151228Z.csv"
2026-09-08T15:14:19Z,47,"slam15m_noise_n005_lifelong",191,"python3",0.1,69860,46797,"/usr/bin/python3 -c from ros2cli.daemon.daemonize import main; main() --name ros2-daemon --ros-domain-id 0 --rmw-implementation rmw_fastrtps_cpp"
2026-09-08T15:14:19Z,47,"slam15m_noise_n005_lifelong",83970,"python3",4.9,72320,48998,"python3 /oomwoo/contributions/compute-benchmark/OsakaTX/scripts/synthetic_scan_publisher.py --duration 505 --loop-s 40 --hz 5.0 --room-half 7.5 --noise 0.05"
2026-09-08T15:14:19Z,47,"slam15m_noise_n005_lifelong",83986,"ros2",0.8,74900,51430,"/usr/bin/python3 /opt/ros/jazzy/bin/ros2 launch /oomwoo/contributions/compute-benchmark/OsakaTX/scripts/lifelong_launch.py slam_params_file:=/oomwoo/contributions/compute-benchmark/OsakaTX/scripts/lifelong_slam_params.yaml use_sim_time:=False autostart:=true"
2026-09-08T15:14:19Z,47,"slam15m_noise_n005_lifelong",84003,"lifelong_slam_t",99.7,65568,51541,"/opt/ros/jazzy/lib/slam_toolbox/lifelong_slam_toolbox_node --ros-args -r __node:=slam_toolbox -r __ns:=/ --params-file /oomwoo/contributions/compute-benchmark/OsakaTX/scripts/lifelong_slam_params.yaml --params-file /tmp/launch_params_fx3k_6ap"
2026-09-08T15:14:19Z,47,"slam15m_noise_n005_lifelong",84037,"bash",0.3,4484,1139,"bash /oomwoo/contributions/compute-benchmark/xbattlax/scripts/measure_ros_processes.sh --pattern python3|lifelong_slam_toolbox_node --duration 470 --interval 2 --label slam15m_noise_n005_lifelong --output /oomwoo/contributions/compute-benchmark/OsakaTX/scripts/../results/slam15m_noise_n005_lifelong_20260908T151228Z.csv"
2026-09-08T15:14:21Z,48,"slam15m_noise_n005_lifelong",191,"python3",0.1,69860,46797,"/usr/bin/python3 -c from ros2cli.daemon.daemonize import main; main() --name ros2-daemon --ros-domain-id 0 --rmw-implementation rmw_fastrtps_cpp"
2026-09-08T15:14:21Z,48,"slam15m_noise_n005_lifelong",83970,"python3",4.9,72320,48998,"python3 /oomwoo/contributions/compute-benchmark/OsakaTX/scripts/synthetic_scan_publisher.py --duration 505 --loop-s 40 --hz 5.0 --room-half 7.5 --noise 0.05"
2026-09-08T15:14:21Z,48,"slam15m_noise_n005_lifelong",83986,"ros2",0.8,74900,51428,"/usr/bin/python3 /opt/ros/jazzy/bin/ros2 launch /oomwoo/contributions/compute-benchmark/OsakaTX/scripts/lifelong_launch.py slam_params_file:=/oomwoo/contributions/compute-benchmark/OsakaTX/scripts/lifelong_slam_params.yaml use_sim_time:=False autostart:=true"
2026-09-08T15:14:21Z,48,"slam15m_noise_n005_lifelong",84003,"lifelong_slam_t",99.2,65568,51541,"/opt/ros/jazzy/lib/slam_toolbox/lifelong_slam_toolbox_node --ros-args -r __node:=slam_toolbox -r __ns:=/ --params-file /oomwoo/contributions/compute-benchmark/OsakaTX/scripts/lifelong_slam_params.yaml --params-file /tmp/launch_params_fx3k_6ap"
2026-09-08T15:14:21Z,48,"slam15m_noise_n005_lifelong",84037,"bash",0.3,4484,1136,"bash /oomwoo/contributions/compute-benchmark/xbattlax/scripts/measure_ros_processes.sh --pattern python3|lifelong_slam_toolbox_node --duration 470 --interval 2 --label slam15m_noise_n005_lifelong --output /oomwoo/contributions/compute-benchmark/OsakaTX/scripts/../results/slam15m_noise_n005_lifelong_20260908T151228Z.csv"
2026-09-08T15:14:24Z,49,"slam15m_noise_n005_lifelong",191,"python3",0.1,69860,46797,"/usr/bin/python3 -c from ros2cli.daemon.daemonize import main; main() --name ros2-daemon --ros-domain-id 0 --rmw-implementation rmw_fastrtps_cpp"
2026-09-08T15:14:24Z,49,"slam15m_noise_n005_lifelong",83970,"python3",4.9,72320,48998,"python3 /oomwoo/contributions/compute-benchmark/OsakaTX/scripts/synthetic_scan_publisher.py --duration 505 --loop-s 40 --hz 5.0 --room-half 7.5 --noise 0.05"
2026-09-08T15:14:24Z,49,"slam15m_noise_n005_lifelong",83986,"ros2",0.8,74900,51426,"/usr/bin/python3 /opt/ros/jazzy/bin/ros2 launch /oomwoo/contributions/compute-benchmark/OsakaTX/scripts/lifelong_launch.py slam_params_file:=/oomwoo/contributions/compute-benchmark/OsakaTX/scripts/lifelong_slam_params.yaml use_sim_time:=False autostart:=true"
2026-09-08T15:14:24Z,49,"slam15m_noise_n005_lifelong",84003,"lifelong_slam_t",99.3,65568,51542,"/opt/ros/jazzy/lib/slam_toolbox/lifelong_slam_toolbox_node --ros-args -r __node:=slam_toolbox -r __ns:=/ --params-file /oomwoo/contributions/compute-benchmark/OsakaTX/scripts/lifelong_slam_params.yaml --params-file /tmp/launch_params_fx3k_6ap"
2026-09-08T15:14:24Z,49,"slam15m_noise_n005_lifelong",84037,"bash",0.3,4484,1136,"bash /oomwoo/contributions/compute-benchmark/xbattlax/scripts/measure_ros_processes.sh --pattern python3|lifelong_slam_toolbox_node --duration 470 --interval 2 --label slam15m_noise_n005_lifelong --output /oomwoo/contributions/compute-benchmark/OsakaTX/scripts/../results/slam15m_noise_n005_lifelong_20260908T151228Z.csv"
2026-09-08T15:14:26Z,50,"slam15m_noise_n005_lifelong",191,"python3",0.1,69860,46796,"/usr/bin/python3 -c from ros2cli.daemon.daemonize import main; main() --name ros2-daemon --ros-domain-id 0 --rmw-implementation rmw_fastrtps_cpp"
2026-09-08T15:14:26Z,50,"slam15m_noise_n005_lifelong",83970,"python3",4.9,72320,48998,"python3 /oomwoo/contributions/compute-benchmark/OsakaTX/scripts/synthetic_scan_publisher.py --duration 505 --loop-s 40 --hz 5.0 --room-half 7.5 --noise 0.05"
2026-09-08T15:14:26Z,50,"slam15m_noise_n005_lifelong",83986,"ros2",0.8,74900,51427,"/usr/bin/python3 /opt/ros/jazzy/bin/ros2 launch /oomwoo/contributions/compute-benchmark/OsakaTX/scripts/lifelong_launch.py slam_params_file:=/oomwoo/contributions/compute-benchmark/OsakaTX/scripts/lifelong_slam_params.yaml use_sim_time:=False autostart:=true"
2026-09-08T15:14:26Z,50,"slam15m_noise_n005_lifelong",84003,"lifelong_slam_t",99.9,65568,51541,"/opt/ros/jazzy/lib/slam_toolbox/lifelong_slam_toolbox_node --ros-args -r __node:=slam_toolbox -r __ns:=/ --params-file /oomwoo/contributions/compute-benchmark/OsakaTX/scripts/lifelong_slam_params.yaml --params-file /tmp/launch_params_fx3k_6ap"
2026-09-08T15:14:26Z,50,"slam15m_noise_n005_lifelong",84037,"bash",0.3,4484,1135,"bash /oomwoo/contributions/compute-benchmark/xbattlax/scripts/measure_ros_processes.sh --pattern python3|lifelong_slam_toolbox_node --duration 470 --interval 2 --label slam15m_noise_n005_lifelong --output /oomwoo/contributions/compute-benchmark/OsakaTX/scripts/../results/slam15m_noise_n005_lifelong_20260908T151228Z.csv"
2026-09-08T15:14:28Z,51,"slam15m_noise_n005_lifelong",191,"python3",0.1,69860,46796,"/usr/bin/python3 -c from ros2cli.daemon.daemonize import main; main() --name ros2-daemon --ros-domain-id 0 --rmw-implementation rmw_fastrtps_cpp"
2026-09-08T15:14:28Z,51,"slam15m_noise_n005_lifelong",83970,"python3",4.9,72320,48998,"python3 /oomwoo/contributions/compute-benchmark/OsakaTX/scripts/synthetic_scan_publisher.py --duration 505 --loop-s 40 --hz 5.0 --room-half 7.5 --noise 0.05"
2026-09-08T15:14:28Z,51,"slam15m_noise_n005_lifelong",83986,"ros2",0.8,74900,51430,"/usr/bin/python3 /opt/ros/jazzy/bin/ros2 launch /oomwoo/contributions/compute-benchmark/OsakaTX/scripts/lifelong_launch.py slam_params_file:=/oomwoo/contributions/compute-benchmark/OsakaTX/scripts/lifelong_slam_params.yaml use_sim_time:=False autostart:=true"
2026-09-08T15:14:28Z,51,"slam15m_noise_n005_lifelong",84003,"lifelong_slam_t",100,65568,51542,"/opt/ros/jazzy/lib/slam_toolbox/lifelong_slam_toolbox_node --ros-args -r __node:=slam_toolbox -r __ns:=/ --params-file /oomwoo/contributions/compute-benchmark/OsakaTX/scripts/lifelong_slam_params.yaml --params-file /tmp/launch_params_fx3k_6ap"
2026-09-08T15:14:28Z,51,"slam15m_noise_n005_lifelong",84037,"bash",0.3,4484,1133,"bash /oomwoo/contributions/compute-benchmark/xbattlax/scripts/measure_ros_processes.sh --pattern python3|lifelong_slam_toolbox_node --duration 470 --interval 2 --label slam15m_noise_n005_lifelong --output /oomwoo/contributions/compute-benchmark/OsakaTX/scripts/../results/slam15m_noise_n005_lifelong_20260908T151228Z.csv"
2026-09-08T15:14:30Z,52,"slam15m_noise_n005_lifelong",191,"python3",0.1,69860,46797,"/usr/bin/python3 -c from ros2cli.daemon.daemonize import main; main() --name ros2-daemon --ros-domain-id 0 --rmw-implementation rmw_fastrtps_cpp"
2026-09-08T15:14:30Z,52,"slam15m_noise_n005_lifelong",83970,"python3",4.9,72320,48998,"python3 /oomwoo/contributions/compute-benchmark/OsakaTX/scripts/synthetic_scan_publisher.py --duration 505 --loop-s 40 --hz 5.0 --room-half 7.5 --noise 0.05"
2026-09-08T15:14:30Z,52,"slam15m_noise_n005_lifelong",83986,"ros2",0.8,74900,51429,"/usr/bin/python3 /opt/ros/jazzy/bin/ros2 launch /oomwoo/contributions/compute-benchmark/OsakaTX/scripts/lifelong_launch.py slam_params_file:=/oomwoo/contributions/compute-benchmark/OsakaTX/scripts/lifelong_slam_params.yaml use_sim_time:=False autostart:=true"
2026-09-08T15:14:30Z,52,"slam15m_noise_n005_lifelong",84003,"lifelong_slam_t",100,65568,51540,"/opt/ros/jazzy/lib/slam_toolbox/lifelong_slam_toolbox_node --ros-args -r __node:=slam_toolbox -r __ns:=/ --params-file /oomwoo/contributions/compute-benchmark/OsakaTX/scripts/lifelong_slam_params.yaml --params-file /tmp/launch_params_fx3k_6ap"
2026-09-08T15:14:30Z,52,"slam15m_noise_n005_lifelong",84037,"bash",0.3,4484,1133,"bash /oomwoo/contributions/compute-benchmark/xbattlax/scripts/measure_ros_processes.sh --pattern python3|lifelong_slam_toolbox_node --duration 470 --interval 2 --label slam15m_noise_n005_lifelong --output /oomwoo/contributions/compute-benchmark/OsakaTX/scripts/../results/slam15m_noise_n005_lifelong_20260908T151228Z.csv"
2026-09-08T15:14:32Z,53,"slam15m_noise_n005_lifelong",191,"python3",0.1,69860,46799,"/usr/bin/python3 -c from ros2cli.daemon.daemonize import main; main() --name ros2-daemon --ros-domain-id 0 --rmw-implementation rmw_fastrtps_cpp"
2026-09-08T15:14:32Z,53,"slam15m_noise_n005_lifelong",83970,"python3",4.9,72320,48998,"python3 /oomwoo/contributions/compute-benchmark/OsakaTX/scripts/synthetic_scan_publisher.py --duration 505 --loop-s 40 --hz 5.0 --room-half 7.5 --noise 0.05"
2026-09-08T15:14:32Z,53,"slam15m_noise_n005_lifelong",83986,"ros2",0.8,74900,51429,"/usr/bin/python3 /opt/ros/jazzy/bin/ros2 launch /oomwoo/contributions/compute-benchmark/OsakaTX/scripts/lifelong_launch.py slam_params_file:=/oomwoo/contributions/compute-benchmark/OsakaTX/scripts/lifelong_slam_params.yaml use_sim_time:=False autostart:=true"
2026-09-08T15:14:32Z,53,"slam15m_noise_n005_lifelong",84003,"lifelong_slam_t",101,65568,51542,"/opt/ros/jazzy/lib/slam_toolbox/lifelong_slam_toolbox_node --ros-args -r __node:=slam_toolbox -r __ns:=/ --params-file /oomwoo/contributions/compute-benchmark/OsakaTX/scripts/lifelong_slam_params.yaml --params-file /tmp/launch_params_fx3k_6ap"
2026-09-08T15:14:32Z,53,"slam15m_noise_n005_lifelong",84037,"bash",0.3,4484,1136,"bash /oomwoo/contributions/compute-benchmark/xbattlax/scripts/measure_ros_processes.sh --pattern python3|lifelong_slam_toolbox_node --duration 470 --interval 2 --label slam15m_noise_n005_lifelong --output /oomwoo/contributions/compute-benchmark/OsakaTX/scripts/../results/slam15m_noise_n005_lifelong_20260908T151228Z.csv"
2026-09-08T15:14:34Z,54,"slam15m_noise_n005_lifelong",191,"python3",0.1,69860,46799,"/usr/bin/python3 -c from ros2cli.daemon.daemonize import main; main() --name ros2-daemon --ros-domain-id 0 --rmw-implementation rmw_fastrtps_cpp"
2026-09-08T15:14:34Z,54,"slam15m_noise_n005_lifelong",83970,"python3",4.9,72320,48998,"python3 /oomwoo/contributions/compute-benchmark/OsakaTX/scripts/synthetic_scan_publisher.py --duration 505 --loop-s 40 --hz 5.0 --room-half 7.5 --noise 0.05"
2026-09-08T15:14:34Z,54,"slam15m_noise_n005_lifelong",83986,"ros2",0.8,74900,51428,"/usr/bin/python3 /opt/ros/jazzy/bin/ros2 launch /oomwoo/contributions/compute-benchmark/OsakaTX/scripts/lifelong_launch.py slam_params_file:=/oomwoo/contributions/compute-benchmark/OsakaTX/scripts/lifelong_slam_params.yaml use_sim_time:=False autostart:=true"
2026-09-08T15:14:34Z,54,"slam15m_noise_n005_lifelong",84003,"lifelong_slam_t",101,65568,51541,"/opt/ros/jazzy/lib/slam_toolbox/lifelong_slam_toolbox_node --ros-args -r __node:=slam_toolbox -r __ns:=/ --params-file /oomwoo/contributions/compute-benchmark/OsakaTX/scripts/lifelong_slam_params.yaml --params-file /tmp/launch_params_fx3k_6ap"
2026-09-08T15:14:34Z,54,"slam15m_noise_n005_lifelong",84037,"bash",0.3,4484,1133,"bash /oomwoo/contributions/compute-benchmark/xbattlax/scripts/measure_ros_processes.sh --pattern python3|lifelong_slam_toolbox_node --duration 470 --interval 2 --label slam15m_noise_n005_lifelong --output /oomwoo/contributions/compute-benchmark/OsakaTX/scripts/../results/slam15m_noise_n005_lifelong_20260908T151228Z.csv"
2026-09-08T15:14:36Z,55,"slam15m_noise_n005_lifelong",191,"python3",0.1,69860,46798,"/usr/bin/python3 -c from ros2cli.daemon.daemonize import main; main() --name ros2-daemon --ros-domain-id 0 --rmw-implementation rmw_fastrtps_cpp"
2026-09-08T15:14:36Z,55,"slam15m_noise_n005_lifelong",83970,"python3",4.9,72320,48996,"python3 /oomwoo/contributions/compute-benchmark/OsakaTX/scripts/synthetic_scan_publisher.py --duration 505 --loop-s 40 --hz 5.0 --room-half 7.5 --noise 0.05"
2026-09-08T15:14:36Z,55,"slam15m_noise_n005_lifelong",83986,"ros2",0.8,74900,51430,"/usr/bin/python3 /opt/ros/jazzy/bin/ros2 launch /oomwoo/contributions/compute-benchmark/OsakaTX/scripts/lifelong_launch.py slam_params_file:=/oomwoo/contributions/compute-benchmark/OsakaTX/scripts/lifelong_slam_params.yaml use_sim_time:=False autostart:=true"
2026-09-08T15:14:36Z,55,"slam15m_noise_n005_lifelong",84003,"lifelong_slam_t",101,65568,51542,"/opt/ros/jazzy/lib/slam_toolbox/lifelong_slam_toolbox_node --ros-args -r __node:=slam_toolbox -r __ns:=/ --params-file /oomwoo/contributions/compute-benchmark/OsakaTX/scripts/lifelong_slam_params.yaml --params-file /tmp/launch_params_fx3k_6ap"
2026-09-08T15:14:36Z,55,"slam15m_noise_n005_lifelong",84037,"bash",0.3,4484,1137,"bash /oomwoo/contributions/compute-benchmark/xbattlax/scripts/measure_ros_processes.sh --pattern python3|lifelong_slam_toolbox_node --duration 470 --interval 2 --label slam15m_noise_n005_lifelong --output /oomwoo/contributions/compute-benchmark/OsakaTX/scripts/../results/slam15m_noise_n005_lifelong_20260908T151228Z.csv"
2026-09-08T15:14:38Z,56,"slam15m_noise_n005_lifelong",191,"python3",0.1,69860,46796,"/usr/bin/python3 -c from ros2cli.daemon.daemonize import main; main() --name ros2-daemon --ros-domain-id 0 --rmw-implementation rmw_fastrtps_cpp"
2026-09-08T15:14:38Z,56,"slam15m_noise_n005_lifelong",83970,"python3",4.9,72320,48998,"python3 /oomwoo/contributions/compute-benchmark/OsakaTX/scripts/synthetic_scan_publisher.py --duration 505 --loop-s 40 --hz 5.0 --room-half 7.5 --noise 0.05"
2026-09-08T15:14:38Z,56,"slam15m_noise_n005_lifelong",83986,"ros2",0.7,74900,51429,"/usr/bin/python3 /opt/ros/jazzy/bin/ros2 launch /oomwoo/contributions/compute-benchmark/OsakaTX/scripts/lifelong_launch.py slam_params_file:=/oomwoo/contributions/compute-benchmark/OsakaTX/scripts/lifelong_slam_params.yaml use_sim_time:=False autostart:=true"
2026-09-08T15:14:38Z,56,"slam15m_noise_n005_lifelong",84003,"lifelong_slam_t",102,65568,51540,"/opt/ros/jazzy/lib/slam_toolbox/lifelong_slam_toolbox_node --ros-args -r __node:=slam_toolbox -r __ns:=/ --params-file /oomwoo/contributions/compute-benchmark/OsakaTX/scripts/lifelong_slam_params.yaml --params-file /tmp/launch_params_fx3k_6ap"
2026-09-08T15:14:38Z,56,"slam15m_noise_n005_lifelong",84037,"bash",0.3,4484,1135,"bash /oomwoo/contributions/compute-benchmark/xbattlax/scripts/measure_ros_processes.sh --pattern python3|lifelong_slam_toolbox_node --duration 470 --interval 2 --label slam15m_noise_n005_lifelong --output /oomwoo/contributions/compute-benchmark/OsakaTX/scripts/../results/slam15m_noise_n005_lifelong_20260908T151228Z.csv"
2026-09-08T15:14:41Z,57,"slam15m_noise_n005_lifelong",191,"python3",0.1,69860,46797,"/usr/bin/python3 -c from ros2cli.daemon.daemonize import main; main() --name ros2-daemon --ros-domain-id 0 --rmw-implementation rmw_fastrtps_cpp"
2026-09-08T15:14:41Z,57,"slam15m_noise_n005_lifelong",83970,"python3",4.9,72320,48996,"python3 /oomwoo/contributions/compute-benchmark/OsakaTX/scripts/synthetic_scan_publisher.py --duration 505 --loop-s 40 --hz 5.0 --room-half 7.5 --noise 0.05"
2026-09-08T15:14:41Z,57,"slam15m_noise_n005_lifelong",83986,"ros2",0.7,74900,51428,"/usr/bin/python3 /opt/ros/jazzy/bin/ros2 launch /oomwoo/contributions/compute-benchmark/OsakaTX/scripts/lifelong_launch.py slam_params_file:=/oomwoo/contributions/compute-benchmark/OsakaTX/scripts/lifelong_slam_params.yaml use_sim_time:=False autostart:=true"
2026-09-08T15:14:41Z,57,"slam15m_noise_n005_lifelong",84003,"lifelong_slam_t",102,65568,51543,"/opt/ros/jazzy/lib/slam_toolbox/lifelong_slam_toolbox_node --ros-args -r __node:=slam_toolbox -r __ns:=/ --params-file /oomwoo/contributions/compute-benchmark/OsakaTX/scripts/lifelong_slam_params.yaml --params-file /tmp/launch_params_fx3k_6ap"
2026-09-08T15:14:41Z,57,"slam15m_noise_n005_lifelong",84037,"bash",0.3,4484,1132,"bash /oomwoo/contributions/compute-benchmark/xbattlax/scripts/measure_ros_processes.sh --pattern python3|lifelong_slam_toolbox_node --duration 470 --interval 2 --label slam15m_noise_n005_lifelong --output /oomwoo/contributions/compute-benchmark/OsakaTX/scripts/../results/slam15m_noise_n005_lifelong_20260908T151228Z.csv"
2026-09-08T15:14:43Z,58,"slam15m_noise_n005_lifelong",191,"python3",0.1,69860,46796,"/usr/bin/python3 -c from ros2cli.daemon.daemonize import main; main() --name ros2-daemon --ros-domain-id 0 --rmw-implementation rmw_fastrtps_cpp"
2026-09-08T15:14:43Z,58,"slam15m_noise_n005_lifelong",83970,"python3",4.9,72320,48998,"python3 /oomwoo/contributions/compute-benchmark/OsakaTX/scripts/synthetic_scan_publisher.py --duration 505 --loop-s 40 --hz 5.0 --room-half 7.5 --noise 0.05"
2026-09-08T15:14:43Z,58,"slam15m_noise_n005_lifelong",83986,"ros2",0.7,74900,51432,"/usr/bin/python3 /opt/ros/jazzy/bin/ros2 launch /oomwoo/contributions/compute-benchmark/OsakaTX/scripts/lifelong_launch.py slam_params_file:=/oomwoo/contributions/compute-benchmark/OsakaTX/scripts/lifelong_slam_params.yaml use_sim_time:=False autostart:=true"
2026-09-08T15:14:43Z,58,"slam15m_noise_n005_lifelong",84003,"lifelong_slam_t",102,65568,51540,"/opt/ros/jazzy/lib/slam_toolbox/lifelong_slam_toolbox_node --ros-args -r __node:=slam_toolbox -r __ns:=/ --params-file /oomwoo/contributions/compute-benchmark/OsakaTX/scripts/lifelong_slam_params.yaml --params-file /tmp/launch_params_fx3k_6ap"
2026-09-08T15:14:43Z,58,"slam15m_noise_n005_lifelong",84037,"bash",0.3,4484,1134,"bash /oomwoo/contributions/compute-benchmark/xbattlax/scripts/measure_ros_processes.sh --pattern python3|lifelong_slam_toolbox_node --duration 470 --interval 2 --label slam15m_noise_n005_lifelong --output /oomwoo/contributions/compute-benchmark/OsakaTX/scripts/../results/slam15m_noise_n005_lifelong_20260908T151228Z.csv"
2026-09-08T15:14:45Z,59,"slam15m_noise_n005_lifelong",191,"python3",0.1,69860,46796,"/usr/bin/python3 -c from ros2cli.daemon.daemonize import main; main() --name ros2-daemon --ros-domain-id 0 --rmw-implementation rmw_fastrtps_cpp"
2026-09-08T15:14:45Z,59,"slam15m_noise_n005_lifelong",83970,"python3",4.9,72320,48996,"python3 /oomwoo/contributions/compute-benchmark/OsakaTX/scripts/synthetic_scan_publisher.py --duration 505 --loop-s 40 --hz 5.0 --room-half 7.5 --noise 0.05"
2026-09-08T15:14:45Z,59,"slam15m_noise_n005_lifelong",83986,"ros2",0.7,74900,51429,"/usr/bin/python3 /opt/ros/jazzy/bin/ros2 launch /oomwoo/contributions/compute-benchmark/OsakaTX/scripts/lifelong_launch.py slam_params_file:=/oomwoo/contributions/compute-benchmark/OsakaTX/scripts/lifelong_slam_params.yaml use_sim_time:=False autostart:=true"
2026-09-08T15:14:45Z,59,"slam15m_noise_n005_lifelong",84003,"lifelong_slam_t",102,65568,51541,"/opt/ros/jazzy/lib/slam_toolbox/lifelong_slam_toolbox_node --ros-args -r __node:=slam_toolbox -r __ns:=/ --params-file /oomwoo/contributions/compute-benchmark/OsakaTX/scripts/lifelong_slam_params.yaml --params-file /tmp/launch_params_fx3k_6ap"
2026-09-08T15:14:45Z,59,"slam15m_noise_n005_lifelong",84037,"bash",0.3,4484,1136,"bash /oomwoo/contributions/compute-benchmark/xbattlax/scripts/measure_ros_processes.sh --pattern python3|lifelong_slam_toolbox_node --duration 470 --interval 2 --label slam15m_noise_n005_lifelong --output /oomwoo/contributions/compute-benchmark/OsakaTX/scripts/../results/slam15m_noise_n005_lifelong_20260908T151228Z.csv"
2026-09-08T15:14:47Z,60,"slam15m_noise_n005_lifelong",191,"python3",0.1,69860,46797,"/usr/bin/python3 -c from ros2cli.daemon.daemonize import main; main() --name ros2-daemon --ros-domain-id 0 --rmw-implementation rmw_fastrtps_cpp"
2026-09-08T15:14:47Z,60,"slam15m_noise_n005_lifelong",83970,"python3",4.9,72320,48996,"python3 /oomwoo/contributions/compute-benchmark/OsakaTX/scripts/synthetic_scan_publisher.py --duration 505 --loop-s 40 --hz 5.0 --room-half 7.5 --noise 0.05"
2026-09-08T15:14:47Z,60,"slam15m_noise_n005_lifelong",83986,"ros2",0.7,74900,51429,"/usr/bin/python3 /opt/ros/jazzy/bin/ros2 launch /oomwoo/contributions/compute-benchmark/OsakaTX/scripts/lifelong_launch.py slam_params_file:=/oomwoo/contributions/compute-benchmark/OsakaTX/scripts/lifelong_slam_params.yaml use_sim_time:=False autostart:=true"
2026-09-08T15:14:47Z,60,"slam15m_noise_n005_lifelong",84003,"lifelong_slam_t",103,65568,51541,"/opt/ros/jazzy/lib/slam_toolbox/lifelong_slam_toolbox_node --ros-args -r __node:=slam_toolbox -r __ns:=/ --params-file /oomwoo/contributions/compute-benchmark/OsakaTX/scripts/lifelong_slam_params.yaml --params-file /tmp/launch_params_fx3k_6ap"
2026-09-08T15:14:47Z,60,"slam15m_noise_n005_lifelong",84037,"bash",0.3,4484,1133,"bash /oomwoo/contributions/compute-benchmark/xbattlax/scripts/measure_ros_processes.sh --pattern python3|lifelong_slam_toolbox_node --duration 470 --interval 2 --label slam15m_noise_n005_lifelong --output /oomwoo/contributions/compute-benchmark/OsakaTX/scripts/../results/slam15m_noise_n005_lifelong_20260908T151228Z.csv"
2026-09-08T15:14:49Z,61,"slam15m_noise_n005_lifelong",191,"python3",0.1,69860,46798,"/usr/bin/python3 -c from ros2cli.daemon.daemonize import main; main() --name ros2-daemon --ros-domain-id 0 --rmw-implementation rmw_fastrtps_cpp"
2026-09-08T15:14:49Z,61,"slam15m_noise_n005_lifelong",83970,"python3",4.9,72320,48998,"python3 /oomwoo/contributions/compute-benchmark/OsakaTX/scripts/synthetic_scan_publisher.py --duration 505 --loop-s 40 --hz 5.0 --room-half 7.5 --noise 0.05"
2026-09-08T15:14:49Z,61,"slam15m_noise_n005_lifelong",83986,"ros2",0.7,74900,51430,"/usr/bin/python3 /opt/ros/jazzy/bin/ros2 launch /oomwoo/contributions/compute-benchmark/OsakaTX/scripts/lifelong_launch.py slam_params_file:=/oomwoo/contributions/compute-benchmark/OsakaTX/scripts/lifelong_slam_params.yaml use_sim_time:=False autostart:=true"
2026-09-08T15:14:49Z,61,"slam15m_noise_n005_lifelong",84003,"lifelong_slam_t",103,65568,51540,"/opt/ros/jazzy/lib/slam_toolbox/lifelong_slam_toolbox_node --ros-args -r __node:=slam_toolbox -r __ns:=/ --params-file /oomwoo/contributions/compute-benchmark/OsakaTX/scripts/lifelong_slam_params.yaml --params-file /tmp/launch_params_fx3k_6ap"
2026-09-08T15:14:49Z,61,"slam15m_noise_n005_lifelong",84037,"bash",0.3,4484,1136,"bash /oomwoo/contributions/compute-benchmark/xbattlax/scripts/measure_ros_processes.sh --pattern python3|lifelong_slam_toolbox_node --duration 470 --interval 2 --label slam15m_noise_n005_lifelong --output /oomwoo/contributions/compute-benchmark/OsakaTX/scripts/../results/slam15m_noise_n005_lifelong_20260908T151228Z.csv"
2026-09-08T15:14:51Z,62,"slam15m_noise_n005_lifelong",191,"python3",0.1,69860,46796,"/usr/bin/python3 -c from ros2cli.daemon.daemonize import main; main() --name ros2-daemon --ros-domain-id 0 --rmw-implementation rmw_fastrtps_cpp"
2026-09-08T15:14:51Z,62,"slam15m_noise_n005_lifelong",83970,"python3",4.8,72320,48998,"python3 /oomwoo/contributions/compute-benchmark/OsakaTX/scripts/synthetic_scan_publisher.py --duration 505 --loop-s 40 --hz 5.0 --room-half 7.5 --noise 0.05"
2026-09-08T15:14:51Z,62,"slam15m_noise_n005_lifelong",83986,"ros2",0.7,74900,51430,"/usr/bin/python3 /opt/ros/jazzy/bin/ros2 launch /oomwoo/contributions/compute-benchmark/OsakaTX/scripts/lifelong_launch.py slam_params_file:=/oomwoo/contributions/compute-benchmark/OsakaTX/scripts/lifelong_slam_params.yaml use_sim_time:=False autostart:=true"
2026-09-08T15:14:51Z,62,"slam15m_noise_n005_lifelong",84003,"lifelong_slam_t",103,65568,51542,"/opt/ros/jazzy/lib/slam_toolbox/lifelong_slam_toolbox_node --ros-args -r __node:=slam_toolbox -r __ns:=/ --params-file /oomwoo/contributions/compute-benchmark/OsakaTX/scripts/lifelong_slam_params.yaml --params-file /tmp/launch_params_fx3k_6ap"
2026-09-08T15:14:51Z,62,"slam15m_noise_n005_lifelong",84037,"bash",0.3,4484,1132,"bash /oomwoo/contributions/compute-benchmark/xbattlax/scripts/measure_ros_processes.sh --pattern python3|lifelong_slam_toolbox_node --duration 470 --interval 2 --label slam15m_noise_n005_lifelong --output /oomwoo/contributions/compute-benchmark/OsakaTX/scripts/../results/slam15m_noise_n005_lifelong_20260908T151228Z.csv"
2026-09-08T15:14:53Z,63,"slam15m_noise_n005_lifelong",191,"python3",0.1,69860,46797,"/usr/bin/python3 -c from ros2cli.daemon.daemonize import main; main() --name ros2-daemon --ros-domain-id 0 --rmw-implementation rmw_fastrtps_cpp"
2026-09-08T15:14:53Z,63,"slam15m_noise_n005_lifelong",83970,"python3",4.9,72320,48998,"python3 /oomwoo/contributions/compute-benchmark/OsakaTX/scripts/synthetic_scan_publisher.py --duration 505 --loop-s 40 --hz 5.0 --room-half 7.5 --noise 0.05"
2026-09-08T15:14:53Z,63,"slam15m_noise_n005_lifelong",83986,"ros2",0.7,74900,51426,"/usr/bin/python3 /opt/ros/jazzy/bin/ros2 launch /oomwoo/contributions/compute-benchmark/OsakaTX/scripts/lifelong_launch.py slam_params_file:=/oomwoo/contributions/compute-benchmark/OsakaTX/scripts/lifelong_slam_params.yaml use_sim_time:=False autostart:=true"
2026-09-08T15:14:53Z,63,"slam15m_noise_n005_lifelong",84003,"lifelong_slam_t",103,65568,51542,"/opt/ros/jazzy/lib/slam_toolbox/lifelong_slam_toolbox_node --ros-args -r __node:=slam_toolbox -r __ns:=/ --params-file /oomwoo/contributions/compute-benchmark/OsakaTX/scripts/lifelong_slam_params.yaml --params-file /tmp/launch_params_fx3k_6ap"
2026-09-08T15:14:53Z,63,"slam15m_noise_n005_lifelong",84037,"bash",0.3,4484,1140,"bash /oomwoo/contributions/compute-benchmark/xbattlax/scripts/measure_ros_processes.sh --pattern python3|lifelong_slam_toolbox_node --duration 470 --interval 2 --label slam15m_noise_n005_lifelong --output /oomwoo/contributions/compute-benchmark/OsakaTX/scripts/../results/slam15m_noise_n005_lifelong_20260908T151228Z.csv"
2026-09-08T15:14:56Z,64,"slam15m_noise_n005_lifelong",191,"python3",0.1,69860,46796,"/usr/bin/python3 -c from ros2cli.daemon.daemonize import main; main() --name ros2-daemon --ros-domain-id 0 --rmw-implementation rmw_fastrtps_cpp"
2026-09-08T15:14:56Z,64,"slam15m_noise_n005_lifelong",83970,"python3",4.8,72320,48998,"python3 /oomwoo/contributions/compute-benchmark/OsakaTX/scripts/synthetic_scan_publisher.py --duration 505 --loop-s 40 --hz 5.0 --room-half 7.5 --noise 0.05"
2026-09-08T15:14:56Z,64,"slam15m_noise_n005_lifelong",83986,"ros2",0.7,74900,51430,"/usr/bin/python3 /opt/ros/jazzy/bin/ros2 launch /oomwoo/contributions/compute-benchmark/OsakaTX/scripts/lifelong_launch.py slam_params_file:=/oomwoo/contributions/compute-benchmark/OsakaTX/scripts/lifelong_slam_params.yaml use_sim_time:=False autostart:=true"
2026-09-08T15:14:56Z,64,"slam15m_noise_n005_lifelong",84003,"lifelong_slam_t",104,65624,51599,"/opt/ros/jazzy/lib/slam_toolbox/lifelong_slam_toolbox_node --ros-args -r __node:=slam_toolbox -r __ns:=/ --params-file /oomwoo/contributions/compute-benchmark/OsakaTX/scripts/lifelong_slam_params.yaml --params-file /tmp/launch_params_fx3k_6ap"
2026-09-08T15:14:56Z,64,"slam15m_noise_n005_lifelong",84037,"bash",0.3,4484,1139,"bash /oomwoo/contributions/compute-benchmark/xbattlax/scripts/measure_ros_processes.sh --pattern python3|lifelong_slam_toolbox_node --duration 470 --interval 2 --label slam15m_noise_n005_lifelong --output /oomwoo/contributions/compute-benchmark/OsakaTX/scripts/../results/slam15m_noise_n005_lifelong_20260908T151228Z.csv"
2026-09-08T15:14:58Z,65,"slam15m_noise_n005_lifelong",191,"python3",0.1,69860,46797,"/usr/bin/python3 -c from ros2cli.daemon.daemonize import main; main() --name ros2-daemon --ros-domain-id 0 --rmw-implementation rmw_fastrtps_cpp"
2026-09-08T15:14:58Z,65,"slam15m_noise_n005_lifelong",83970,"python3",4.8,72320,48998,"python3 /oomwoo/contributions/compute-benchmark/OsakaTX/scripts/synthetic_scan_publisher.py --duration 505 --loop-s 40 --hz 5.0 --room-half 7.5 --noise 0.05"
2026-09-08T15:14:58Z,65,"slam15m_noise_n005_lifelong",83986,"ros2",0.7,74900,51429,"/usr/bin/python3 /opt/ros/jazzy/bin/ros2 launch /oomwoo/contributions/compute-benchmark/OsakaTX/scripts/lifelong_launch.py slam_params_file:=/oomwoo/contributions/compute-benchmark/OsakaTX/scripts/lifelong_slam_params.yaml use_sim_time:=False autostart:=true"
2026-09-08T15:14:58Z,65,"slam15m_noise_n005_lifelong",84003,"lifelong_slam_t",104,65644,51619,"/opt/ros/jazzy/lib/slam_toolbox/lifelong_slam_toolbox_node --ros-args -r __node:=slam_toolbox -r __ns:=/ --params-file /oomwoo/contributions/compute-benchmark/OsakaTX/scripts/lifelong_slam_params.yaml --params-file /tmp/launch_params_fx3k_6ap"
2026-09-08T15:14:58Z,65,"slam15m_noise_n005_lifelong",84037,"bash",0.3,4484,1140,"bash /oomwoo/contributions/compute-benchmark/xbattlax/scripts/measure_ros_processes.sh --pattern python3|lifelong_slam_toolbox_node --duration 470 --interval 2 --label slam15m_noise_n005_lifelong --output /oomwoo/contributions/compute-benchmark/OsakaTX/scripts/../results/slam15m_noise_n005_lifelong_20260908T151228Z.csv"
2026-09-08T15:15:00Z,66,"slam15m_noise_n005_lifelong",191,"python3",0.1,69860,46799,"/usr/bin/python3 -c from ros2cli.daemon.daemonize import main; main() --name ros2-daemon --ros-domain-id 0 --rmw-implementation rmw_fastrtps_cpp"
2026-09-08T15:15:00Z,66,"slam15m_noise_n005_lifelong",83970,"python3",4.8,72320,48997,"python3 /oomwoo/contributions/compute-benchmark/OsakaTX/scripts/synthetic_scan_publisher.py --duration 505 --loop-s 40 --hz 5.0 --room-half 7.5 --noise 0.05"
2026-09-08T15:15:00Z,66,"slam15m_noise_n005_lifelong",83986,"ros2",0.7,74900,51430,"/usr/bin/python3 /opt/ros/jazzy/bin/ros2 launch /oomwoo/contributions/compute-benchmark/OsakaTX/scripts/lifelong_launch.py slam_params_file:=/oomwoo/contributions/compute-benchmark/OsakaTX/scripts/lifelong_slam_params.yaml use_sim_time:=False autostart:=true"
2026-09-08T15:15:00Z,66,"slam15m_noise_n005_lifelong",84003,"lifelong_slam_t",104,65644,51618,"/opt/ros/jazzy/lib/slam_toolbox/lifelong_slam_toolbox_node --ros-args -r __node:=slam_toolbox -r __ns:=/ --params-file /oomwoo/contributions/compute-benchmark/OsakaTX/scripts/lifelong_slam_params.yaml --params-file /tmp/launch_params_fx3k_6ap"
2026-09-08T15:15:00Z,66,"slam15m_noise_n005_lifelong",84037,"bash",0.3,4484,1136,"bash /oomwoo/contributions/compute-benchmark/xbattlax/scripts/measure_ros_processes.sh --pattern python3|lifelong_slam_toolbox_node --duration 470 --interval 2 --label slam15m_noise_n005_lifelong --output /oomwoo/contributions/compute-benchmark/OsakaTX/scripts/../results/slam15m_noise_n005_lifelong_20260908T151228Z.csv"
2026-09-08T15:15:02Z,67,"slam15m_noise_n005_lifelong",191,"python3",0.1,69860,46796,"/usr/bin/python3 -c from ros2cli.daemon.daemonize import main; main() --name ros2-daemon --ros-domain-id 0 --rmw-implementation rmw_fastrtps_cpp"
2026-09-08T15:15:02Z,67,"slam15m_noise_n005_lifelong",83970,"python3",4.8,72320,48996,"python3 /oomwoo/contributions/compute-benchmark/OsakaTX/scripts/synthetic_scan_publisher.py --duration 505 --loop-s 40 --hz 5.0 --room-half 7.5 --noise 0.05"
2026-09-08T15:15:02Z,67,"slam15m_noise_n005_lifelong",83986,"ros2",0.7,74900,51426,"/usr/bin/python3 /opt/ros/jazzy/bin/ros2 launch /oomwoo/contributions/compute-benchmark/OsakaTX/scripts/lifelong_launch.py slam_params_file:=/oomwoo/contributions/compute-benchmark/OsakaTX/scripts/lifelong_slam_params.yaml use_sim_time:=False autostart:=true"
2026-09-08T15:15:02Z,67,"slam15m_noise_n005_lifelong",84003,"lifelong_slam_t",104,65648,51622,"/opt/ros/jazzy/lib/slam_toolbox/lifelong_slam_toolbox_node --ros-args -r __node:=slam_toolbox -r __ns:=/ --params-file /oomwoo/contributions/compute-benchmark/OsakaTX/scripts/lifelong_slam_params.yaml --params-file /tmp/launch_params_fx3k_6ap"
2026-09-08T15:15:02Z,67,"slam15m_noise_n005_lifelong",84037,"bash",0.3,4484,1135,"bash /oomwoo/contributions/compute-benchmark/xbattlax/scripts/measure_ros_processes.sh --pattern python3|lifelong_slam_toolbox_node --duration 470 --interval 2 --label slam15m_noise_n005_lifelong --output /oomwoo/contributions/compute-benchmark/OsakaTX/scripts/../results/slam15m_noise_n005_lifelong_20260908T151228Z.csv"
2026-09-08T15:15:04Z,68,"slam15m_noise_n005_lifelong",191,"python3",0.1,69860,46796,"/usr/bin/python3 -c from ros2cli.daemon.daemonize import main; main() --name ros2-daemon --ros-domain-id 0 --rmw-implementation rmw_fastrtps_cpp"
2026-09-08T15:15:04Z,68,"slam15m_noise_n005_lifelong",83970,"python3",4.8,72320,48996,"python3 /oomwoo/contributions/compute-benchmark/OsakaTX/scripts/synthetic_scan_publisher.py --duration 505 --loop-s 40 --hz 5.0 --room-half 7.5 --noise 0.05"
2026-09-08T15:15:04Z,68,"slam15m_noise_n005_lifelong",83986,"ros2",0.7,74900,51429,"/usr/bin/python3 /opt/ros/jazzy/bin/ros2 launch /oomwoo/contributions/compute-benchmark/OsakaTX/scripts/lifelong_launch.py slam_params_file:=/oomwoo/contributions/compute-benchmark/OsakaTX/scripts/lifelong_slam_params.yaml use_sim_time:=False autostart:=true"
2026-09-08T15:15:04Z,68,"slam15m_noise_n005_lifelong",84003,"lifelong_slam_t",104,65652,51627,"/opt/ros/jazzy/lib/slam_toolbox/lifelong_slam_toolbox_node --ros-args -r __node:=slam_toolbox -r __ns:=/ --params-file /oomwoo/contributions/compute-benchmark/OsakaTX/scripts/lifelong_slam_params.yaml --params-file /tmp/launch_params_fx3k_6ap"
2026-09-08T15:15:04Z,68,"slam15m_noise_n005_lifelong",84037,"bash",0.3,4484,1132,"bash /oomwoo/contributions/compute-benchmark/xbattlax/scripts/measure_ros_processes.sh --pattern python3|lifelong_slam_toolbox_node --duration 470 --interval 2 --label slam15m_noise_n005_lifelong --output /oomwoo/contributions/compute-benchmark/OsakaTX/scripts/../results/slam15m_noise_n005_lifelong_20260908T151228Z.csv"
2026-09-08T15:15:06Z,69,"slam15m_noise_n005_lifelong",191,"python3",0.1,69860,46796,"/usr/bin/python3 -c from ros2cli.daemon.daemonize import main; main() --name ros2-daemon --ros-domain-id 0 --rmw-implementation rmw_fastrtps_cpp"
2026-09-08T15:15:06Z,69,"slam15m_noise_n005_lifelong",83970,"python3",4.8,72320,48998,"python3 /oomwoo/contributions/compute-benchmark/OsakaTX/scripts/synthetic_scan_publisher.py --duration 505 --loop-s 40 --hz 5.0 --room-half 7.5 --noise 0.05"
2026-09-08T15:15:06Z,69,"slam15m_noise_n005_lifelong",83986,"ros2",0.7,74900,51427,"/usr/bin/python3 /opt/ros/jazzy/bin/ros2 launch /oomwoo/contributions/compute-benchmark/OsakaTX/scripts/lifelong_launch.py slam_params_file:=/oomwoo/contributions/compute-benchmark/OsakaTX/scripts/lifelong_slam_params.yaml use_sim_time:=False autostart:=true"
2026-09-08T15:15:06Z,69,"slam15m_noise_n005_lifelong",84003,"lifelong_slam_t",104,65652,51625,"/opt/ros/jazzy/lib/slam_toolbox/lifelong_slam_toolbox_node --ros-args -r __node:=slam_toolbox -r __ns:=/ --params-file /oomwoo/contributions/compute-benchmark/OsakaTX/scripts/lifelong_slam_params.yaml --params-file /tmp/launch_params_fx3k_6ap"
2026-09-08T15:15:06Z,69,"slam15m_noise_n005_lifelong",84037,"bash",0.3,4484,1141,"bash /oomwoo/contributions/compute-benchmark/xbattlax/scripts/measure_ros_processes.sh --pattern python3|lifelong_slam_toolbox_node --duration 470 --interval 2 --label slam15m_noise_n005_lifelong --output /oomwoo/contributions/compute-benchmark/OsakaTX/scripts/../results/slam15m_noise_n005_lifelong_20260908T151228Z.csv"
2026-09-08T15:15:08Z,70,"slam15m_noise_n005_lifelong",191,"python3",0.1,69860,46797,"/usr/bin/python3 -c from ros2cli.daemon.daemonize import main; main() --name ros2-daemon --ros-domain-id 0 --rmw-implementation rmw_fastrtps_cpp"
2026-09-08T15:15:08Z,70,"slam15m_noise_n005_lifelong",83970,"python3",4.8,72320,48998,"python3 /oomwoo/contributions/compute-benchmark/OsakaTX/scripts/synthetic_scan_publisher.py --duration 505 --loop-s 40 --hz 5.0 --room-half 7.5 --noise 0.05"
2026-09-08T15:15:08Z,70,"slam15m_noise_n005_lifelong",83986,"ros2",0.7,74900,51427,"/usr/bin/python3 /opt/ros/jazzy/bin/ros2 launch /oomwoo/contributions/compute-benchmark/OsakaTX/scripts/lifelong_launch.py slam_params_file:=/oomwoo/contributions/compute-benchmark/OsakaTX/scripts/lifelong_slam_params.yaml use_sim_time:=False autostart:=true"
2026-09-08T15:15:08Z,70,"slam15m_noise_n005_lifelong",84003,"lifelong_slam_t",104,65652,51626,"/opt/ros/jazzy/lib/slam_toolbox/lifelong_slam_toolbox_node --ros-args -r __node:=slam_toolbox -r __ns:=/ --params-file /oomwoo/contributions/compute-benchmark/OsakaTX/scripts/lifelong_slam_params.yaml --params-file /tmp/launch_params_fx3k_6ap"
2026-09-08T15:15:08Z,70,"slam15m_noise_n005_lifelong",84037,"bash",0.3,4484,1134,"bash /oomwoo/contributions/compute-benchmark/xbattlax/scripts/measure_ros_processes.sh --pattern python3|lifelong_slam_toolbox_node --duration 470 --interval 2 --label slam15m_noise_n005_lifelong --output /oomwoo/contributions/compute-benchmark/OsakaTX/scripts/../results/slam15m_noise_n005_lifelong_20260908T151228Z.csv"
2026-09-08T15:15:11Z,71,"slam15m_noise_n005_lifelong",191,"python3",0.1,69860,46796,"/usr/bin/python3 -c from ros2cli.daemon.daemonize import main; main() --name ros2-daemon --ros-domain-id 0 --rmw-implementation rmw_fastrtps_cpp"
2026-09-08T15:15:11Z,71,"slam15m_noise_n005_lifelong",83970,"python3",4.8,72320,48997,"python3 /oomwoo/contributions/compute-benchmark/OsakaTX/scripts/synthetic_scan_publisher.py --duration 505 --loop-s 40 --hz 5.0 --room-half 7.5 --noise 0.05"
2026-09-08T15:15:11Z,71,"slam15m_noise_n005_lifelong",83986,"ros2",0.7,74900,51428,"/usr/bin/python3 /opt/ros/jazzy/bin/ros2 launch /oomwoo/contributions/compute-benchmark/OsakaTX/scripts/lifelong_launch.py slam_params_file:=/oomwoo/contributions/compute-benchmark/OsakaTX/scripts/lifelong_slam_params.yaml use_sim_time:=False autostart:=true"
2026-09-08T15:15:11Z,71,"slam15m_noise_n005_lifelong",84003,"lifelong_slam_t",104,65652,51624,"/opt/ros/jazzy/lib/slam_toolbox/lifelong_slam_toolbox_node --ros-args -r __node:=slam_toolbox -r __ns:=/ --params-file /oomwoo/contributions/compute-benchmark/OsakaTX/scripts/lifelong_slam_params.yaml --params-file /tmp/launch_params_fx3k_6ap"
2026-09-08T15:15:11Z,71,"slam15m_noise_n005_lifelong",84037,"bash",0.3,4484,1135,"bash /oomwoo/contributions/compute-benchmark/xbattlax/scripts/measure_ros_processes.sh --pattern python3|lifelong_slam_toolbox_node --duration 470 --interval 2 --label slam15m_noise_n005_lifelong --output /oomwoo/contributions/compute-benchmark/OsakaTX/scripts/../results/slam15m_noise_n005_lifelong_20260908T151228Z.csv"
2026-09-08T15:15:13Z,72,"slam15m_noise_n005_lifelong",191,"python3",0.1,69860,46797,"/usr/bin/python3 -c from ros2cli.daemon.daemonize import main; main() --name ros2-daemon --ros-domain-id 0 --rmw-implementation rmw_fastrtps_cpp"
2026-09-08T15:15:13Z,72,"slam15m_noise_n005_lifelong",83970,"python3",4.8,72320,49000,"python3 /oomwoo/contributions/compute-benchmark/OsakaTX/scripts/synthetic_scan_publisher.py --duration 505 --loop-s 40 --hz 5.0 --room-half 7.5 --noise 0.05"
2026-09-08T15:15:13Z,72,"slam15m_noise_n005_lifelong",83986,"ros2",0.7,74900,51428,"/usr/bin/python3 /opt/ros/jazzy/bin/ros2 launch /oomwoo/contributions/compute-benchmark/OsakaTX/scripts/lifelong_launch.py slam_params_file:=/oomwoo/contributions/compute-benchmark/OsakaTX/scripts/lifelong_slam_params.yaml use_sim_time:=False autostart:=true"
2026-09-08T15:15:13Z,72,"slam15m_noise_n005_lifelong",84003,"lifelong_slam_t",103,65812,51785,"/opt/ros/jazzy/lib/slam_toolbox/lifelong_slam_toolbox_node --ros-args -r __node:=slam_toolbox -r __ns:=/ --params-file /oomwoo/contributions/compute-benchmark/OsakaTX/scripts/lifelong_slam_params.yaml --params-file /tmp/launch_params_fx3k_6ap"
2026-09-08T15:15:13Z,72,"slam15m_noise_n005_lifelong",84037,"bash",0.3,4484,1129,"bash /oomwoo/contributions/compute-benchmark/xbattlax/scripts/measure_ros_processes.sh --pattern python3|lifelong_slam_toolbox_node --duration 470 --interval 2 --label slam15m_noise_n005_lifelong --output /oomwoo/contributions/compute-benchmark/OsakaTX/scripts/../results/slam15m_noise_n005_lifelong_20260908T151228Z.csv"
2026-09-08T15:15:15Z,73,"slam15m_noise_n005_lifelong",191,"python3",0.1,69860,46797,"/usr/bin/python3 -c from ros2cli.daemon.daemonize import main; main() --name ros2-daemon --ros-domain-id 0 --rmw-implementation rmw_fastrtps_cpp"
2026-09-08T15:15:15Z,73,"slam15m_noise_n005_lifelong",83970,"python3",4.8,72320,48998,"python3 /oomwoo/contributions/compute-benchmark/OsakaTX/scripts/synthetic_scan_publisher.py --duration 505 --loop-s 40 --hz 5.0 --room-half 7.5 --noise 0.05"
2026-09-08T15:15:15Z,73,"slam15m_noise_n005_lifelong",83986,"ros2",0.6,74900,51427,"/usr/bin/python3 /opt/ros/jazzy/bin/ros2 launch /oomwoo/contributions/compute-benchmark/OsakaTX/scripts/lifelong_launch.py slam_params_file:=/oomwoo/contributions/compute-benchmark/OsakaTX/scripts/lifelong_slam_params.yaml use_sim_time:=False autostart:=true"
2026-09-08T15:15:15Z,73,"slam15m_noise_n005_lifelong",84003,"lifelong_slam_t",103,65816,51790,"/opt/ros/jazzy/lib/slam_toolbox/lifelong_slam_toolbox_node --ros-args -r __node:=slam_toolbox -r __ns:=/ --params-file /oomwoo/contributions/compute-benchmark/OsakaTX/scripts/lifelong_slam_params.yaml --params-file /tmp/launch_params_fx3k_6ap"
2026-09-08T15:15:15Z,73,"slam15m_noise_n005_lifelong",84037,"bash",0.3,4484,1134,"bash /oomwoo/contributions/compute-benchmark/xbattlax/scripts/measure_ros_processes.sh --pattern python3|lifelong_slam_toolbox_node --duration 470 --interval 2 --label slam15m_noise_n005_lifelong --output /oomwoo/contributions/compute-benchmark/OsakaTX/scripts/../results/slam15m_noise_n005_lifelong_20260908T151228Z.csv"
2026-09-08T15:15:17Z,74,"slam15m_noise_n005_lifelong",191,"python3",0.1,69860,46796,"/usr/bin/python3 -c from ros2cli.daemon.daemonize import main; main() --name ros2-daemon --ros-domain-id 0 --rmw-implementation rmw_fastrtps_cpp"
2026-09-08T15:15:17Z,74,"slam15m_noise_n005_lifelong",83970,"python3",4.8,72320,48998,"python3 /oomwoo/contributions/compute-benchmark/OsakaTX/scripts/synthetic_scan_publisher.py --duration 505 --loop-s 40 --hz 5.0 --room-half 7.5 --noise 0.05"
2026-09-08T15:15:17Z,74,"slam15m_noise_n005_lifelong",83986,"ros2",0.6,74900,51427,"/usr/bin/python3 /opt/ros/jazzy/bin/ros2 launch /oomwoo/contributions/compute-benchmark/OsakaTX/scripts/lifelong_launch.py slam_params_file:=/oomwoo/contributions/compute-benchmark/OsakaTX/scripts/lifelong_slam_params.yaml use_sim_time:=False autostart:=true"
2026-09-08T15:15:17Z,74,"slam15m_noise_n005_lifelong",84003,"lifelong_slam_t",103,65816,51788,"/opt/ros/jazzy/lib/slam_toolbox/lifelong_slam_toolbox_node --ros-args -r __node:=slam_toolbox -r __ns:=/ --params-file /oomwoo/contributions/compute-benchmark/OsakaTX/scripts/lifelong_slam_params.yaml --params-file /tmp/launch_params_fx3k_6ap"
2026-09-08T15:15:17Z,74,"slam15m_noise_n005_lifelong",84037,"bash",0.3,4484,1136,"bash /oomwoo/contributions/compute-benchmark/xbattlax/scripts/measure_ros_processes.sh --pattern python3|lifelong_slam_toolbox_node --duration 470 --interval 2 --label slam15m_noise_n005_lifelong --output /oomwoo/contributions/compute-benchmark/OsakaTX/scripts/../results/slam15m_noise_n005_lifelong_20260908T151228Z.csv"
2026-09-08T15:15:19Z,75,"slam15m_noise_n005_lifelong",191,"python3",0.1,69860,46796,"/usr/bin/python3 -c from ros2cli.daemon.daemonize import main; main() --name ros2-daemon --ros-domain-id 0 --rmw-implementation rmw_fastrtps_cpp"
2026-09-08T15:15:19Z,75,"slam15m_noise_n005_lifelong",83970,"python3",4.8,72320,48998,"python3 /oomwoo/contributions/compute-benchmark/OsakaTX/scripts/synthetic_scan_publisher.py --duration 505 --loop-s 40 --hz 5.0 --room-half 7.5 --noise 0.05"
2026-09-08T15:15:19Z,75,"slam15m_noise_n005_lifelong",83986,"ros2",0.6,74900,51428,"/usr/bin/python3 /opt/ros/jazzy/bin/ros2 launch /oomwoo/contributions/compute-benchmark/OsakaTX/scripts/lifelong_launch.py slam_params_file:=/oomwoo/contributions/compute-benchmark/OsakaTX/scripts/lifelong_slam_params.yaml use_sim_time:=False autostart:=true"
2026-09-08T15:15:19Z,75,"slam15m_noise_n005_lifelong",84003,"lifelong_slam_t",103,65900,51874,"/opt/ros/jazzy/lib/slam_toolbox/lifelong_slam_toolbox_node --ros-args -r __node:=slam_toolbox -r __ns:=/ --params-file /oomwoo/contributions/compute-benchmark/OsakaTX/scripts/lifelong_slam_params.yaml --params-file /tmp/launch_params_fx3k_6ap"
2026-09-08T15:15:19Z,75,"slam15m_noise_n005_lifelong",84037,"bash",0.3,4484,1132,"bash /oomwoo/contributions/compute-benchmark/xbattlax/scripts/measure_ros_processes.sh --pattern python3|lifelong_slam_toolbox_node --duration 470 --interval 2 --label slam15m_noise_n005_lifelong --output /oomwoo/contributions/compute-benchmark/OsakaTX/scripts/../results/slam15m_noise_n005_lifelong_20260908T151228Z.csv"
2026-09-08T15:15:21Z,76,"slam15m_noise_n005_lifelong",191,"python3",0.1,69860,46798,"/usr/bin/python3 -c from ros2cli.daemon.daemonize import main; main() --name ros2-daemon --ros-domain-id 0 --rmw-implementation rmw_fastrtps_cpp"
2026-09-08T15:15:21Z,76,"slam15m_noise_n005_lifelong",83970,"python3",4.8,72320,48998,"python3 /oomwoo/contributions/compute-benchmark/OsakaTX/scripts/synthetic_scan_publisher.py --duration 505 --loop-s 40 --hz 5.0 --room-half 7.5 --noise 0.05"
2026-09-08T15:15:21Z,76,"slam15m_noise_n005_lifelong",83986,"ros2",0.6,74900,51427,"/usr/bin/python3 /opt/ros/jazzy/bin/ros2 launch /oomwoo/contributions/compute-benchmark/OsakaTX/scripts/lifelong_launch.py slam_params_file:=/oomwoo/contributions/compute-benchmark/OsakaTX/scripts/lifelong_slam_params.yaml use_sim_time:=False autostart:=true"
2026-09-08T15:15:21Z,76,"slam15m_noise_n005_lifelong",84003,"lifelong_slam_t",103,65944,51916,"/opt/ros/jazzy/lib/slam_toolbox/lifelong_slam_toolbox_node --ros-args -r __node:=slam_toolbox -r __ns:=/ --params-file /oomwoo/contributions/compute-benchmark/OsakaTX/scripts/lifelong_slam_params.yaml --params-file /tmp/launch_params_fx3k_6ap"
2026-09-08T15:15:21Z,76,"slam15m_noise_n005_lifelong",84037,"bash",0.3,4484,1133,"bash /oomwoo/contributions/compute-benchmark/xbattlax/scripts/measure_ros_processes.sh --pattern python3|lifelong_slam_toolbox_node --duration 470 --interval 2 --label slam15m_noise_n005_lifelong --output /oomwoo/contributions/compute-benchmark/OsakaTX/scripts/../results/slam15m_noise_n005_lifelong_20260908T151228Z.csv"
2026-09-08T15:15:23Z,77,"slam15m_noise_n005_lifelong",191,"python3",0.1,69860,46797,"/usr/bin/python3 -c from ros2cli.daemon.daemonize import main; main() --name ros2-daemon --ros-domain-id 0 --rmw-implementation rmw_fastrtps_cpp"
2026-09-08T15:15:23Z,77,"slam15m_noise_n005_lifelong",83970,"python3",4.8,72320,49000,"python3 /oomwoo/contributions/compute-benchmark/OsakaTX/scripts/synthetic_scan_publisher.py --duration 505 --loop-s 40 --hz 5.0 --room-half 7.5 --noise 0.05"
2026-09-08T15:15:23Z,77,"slam15m_noise_n005_lifelong",83986,"ros2",0.6,74900,51426,"/usr/bin/python3 /opt/ros/jazzy/bin/ros2 launch /oomwoo/contributions/compute-benchmark/OsakaTX/scripts/lifelong_launch.py slam_params_file:=/oomwoo/contributions/compute-benchmark/OsakaTX/scripts/lifelong_slam_params.yaml use_sim_time:=False autostart:=true"
2026-09-08T15:15:23Z,77,"slam15m_noise_n005_lifelong",84003,"lifelong_slam_t",104,66028,52002,"/opt/ros/jazzy/lib/slam_toolbox/lifelong_slam_toolbox_node --ros-args -r __node:=slam_toolbox -r __ns:=/ --params-file /oomwoo/contributions/compute-benchmark/OsakaTX/scripts/lifelong_slam_params.yaml --params-file /tmp/launch_params_fx3k_6ap"
2026-09-08T15:15:23Z,77,"slam15m_noise_n005_lifelong",84037,"bash",0.3,4484,1139,"bash /oomwoo/contributions/compute-benchmark/xbattlax/scripts/measure_ros_processes.sh --pattern python3|lifelong_slam_toolbox_node --duration 470 --interval 2 --label slam15m_noise_n005_lifelong --output /oomwoo/contributions/compute-benchmark/OsakaTX/scripts/../results/slam15m_noise_n005_lifelong_20260908T151228Z.csv"
2026-09-08T15:15:25Z,78,"slam15m_noise_n005_lifelong",191,"python3",0.1,69860,46798,"/usr/bin/python3 -c from ros2cli.daemon.daemonize import main; main() --name ros2-daemon --ros-domain-id 0 --rmw-implementation rmw_fastrtps_cpp"
2026-09-08T15:15:25Z,78,"slam15m_noise_n005_lifelong",83970,"python3",4.8,72320,48998,"python3 /oomwoo/contributions/compute-benchmark/OsakaTX/scripts/synthetic_scan_publisher.py --duration 505 --loop-s 40 --hz 5.0 --room-half 7.5 --noise 0.05"
2026-09-08T15:15:25Z,78,"slam15m_noise_n005_lifelong",83986,"ros2",0.6,74904,51431,"/usr/bin/python3 /opt/ros/jazzy/bin/ros2 launch /oomwoo/contributions/compute-benchmark/OsakaTX/scripts/lifelong_launch.py slam_params_file:=/oomwoo/contributions/compute-benchmark/OsakaTX/scripts/lifelong_slam_params.yaml use_sim_time:=False autostart:=true"
2026-09-08T15:15:25Z,78,"slam15m_noise_n005_lifelong",84003,"lifelong_slam_t",104,66052,52027,"/opt/ros/jazzy/lib/slam_toolbox/lifelong_slam_toolbox_node --ros-args -r __node:=slam_toolbox -r __ns:=/ --params-file /oomwoo/contributions/compute-benchmark/OsakaTX/scripts/lifelong_slam_params.yaml --params-file /tmp/launch_params_fx3k_6ap"
2026-09-08T15:15:25Z,78,"slam15m_noise_n005_lifelong",84037,"bash",0.3,4484,1136,"bash /oomwoo/contributions/compute-benchmark/xbattlax/scripts/measure_ros_processes.sh --pattern python3|lifelong_slam_toolbox_node --duration 470 --interval 2 --label slam15m_noise_n005_lifelong --output /oomwoo/contributions/compute-benchmark/OsakaTX/scripts/../results/slam15m_noise_n005_lifelong_20260908T151228Z.csv"
2026-09-08T15:15:28Z,79,"slam15m_noise_n005_lifelong",191,"python3",0.1,69860,46799,"/usr/bin/python3 -c from ros2cli.daemon.daemonize import main; main() --name ros2-daemon --ros-domain-id 0 --rmw-implementation rmw_fastrtps_cpp"
2026-09-08T15:15:28Z,79,"slam15m_noise_n005_lifelong",83970,"python3",4.8,72320,48998,"python3 /oomwoo/contributions/compute-benchmark/OsakaTX/scripts/synthetic_scan_publisher.py --duration 505 --loop-s 40 --hz 5.0 --room-half 7.5 --noise 0.05"
2026-09-08T15:15:28Z,79,"slam15m_noise_n005_lifelong",83986,"ros2",0.6,74904,51430,"/usr/bin/python3 /opt/ros/jazzy/bin/ros2 launch /oomwoo/contributions/compute-benchmark/OsakaTX/scripts/lifelong_launch.py slam_params_file:=/oomwoo/contributions/compute-benchmark/OsakaTX/scripts/lifelong_slam_params.yaml use_sim_time:=False autostart:=true"
2026-09-08T15:15:28Z,79,"slam15m_noise_n005_lifelong",84003,"lifelong_slam_t",104,66052,52026,"/opt/ros/jazzy/lib/slam_toolbox/lifelong_slam_toolbox_node --ros-args -r __node:=slam_toolbox -r __ns:=/ --params-file /oomwoo/contributions/compute-benchmark/OsakaTX/scripts/lifelong_slam_params.yaml --params-file /tmp/launch_params_fx3k_6ap"
2026-09-08T15:15:28Z,79,"slam15m_noise_n005_lifelong",84037,"bash",0.3,4484,1133,"bash /oomwoo/contributions/compute-benchmark/xbattlax/scripts/measure_ros_processes.sh --pattern python3|lifelong_slam_toolbox_node --duration 470 --interval 2 --label slam15m_noise_n005_lifelong --output /oomwoo/contributions/compute-benchmark/OsakaTX/scripts/../results/slam15m_noise_n005_lifelong_20260908T151228Z.csv"
2026-09-08T15:15:30Z,80,"slam15m_noise_n005_lifelong",191,"python3",0.1,69860,46801,"/usr/bin/python3 -c from ros2cli.daemon.daemonize import main; main() --name ros2-daemon --ros-domain-id 0 --rmw-implementation rmw_fastrtps_cpp"
2026-09-08T15:15:30Z,80,"slam15m_noise_n005_lifelong",83970,"python3",4.8,72320,48998,"python3 /oomwoo/contributions/compute-benchmark/OsakaTX/scripts/synthetic_scan_publisher.py --duration 505 --loop-s 40 --hz 5.0 --room-half 7.5 --noise 0.05"
2026-09-08T15:15:30Z,80,"slam15m_noise_n005_lifelong",83986,"ros2",0.6,74904,51434,"/usr/bin/python3 /opt/ros/jazzy/bin/ros2 launch /oomwoo/contributions/compute-benchmark/OsakaTX/scripts/lifelong_launch.py slam_params_file:=/oomwoo/contributions/compute-benchmark/OsakaTX/scripts/lifelong_slam_params.yaml use_sim_time:=False autostart:=true"
2026-09-08T15:15:30Z,80,"slam15m_noise_n005_lifelong",84003,"lifelong_slam_t",104,66052,52025,"/opt/ros/jazzy/lib/slam_toolbox/lifelong_slam_toolbox_node --ros-args -r __node:=slam_toolbox -r __ns:=/ --params-file /oomwoo/contributions/compute-benchmark/OsakaTX/scripts/lifelong_slam_params.yaml --params-file /tmp/launch_params_fx3k_6ap"
2026-09-08T15:15:30Z,80,"slam15m_noise_n005_lifelong",84037,"bash",0.3,4484,1134,"bash /oomwoo/contributions/compute-benchmark/xbattlax/scripts/measure_ros_processes.sh --pattern python3|lifelong_slam_toolbox_node --duration 470 --interval 2 --label slam15m_noise_n005_lifelong --output /oomwoo/contributions/compute-benchmark/OsakaTX/scripts/../results/slam15m_noise_n005_lifelong_20260908T151228Z.csv"
2026-09-08T15:15:32Z,81,"slam15m_noise_n005_lifelong",191,"python3",0.1,69860,46796,"/usr/bin/python3 -c from ros2cli.daemon.daemonize import main; main() --name ros2-daemon --ros-domain-id 0 --rmw-implementation rmw_fastrtps_cpp"
2026-09-08T15:15:32Z,81,"slam15m_noise_n005_lifelong",83970,"python3",4.8,72320,48998,"python3 /oomwoo/contributions/compute-benchmark/OsakaTX/scripts/synthetic_scan_publisher.py --duration 505 --loop-s 40 --hz 5.0 --room-half 7.5 --noise 0.05"
2026-09-08T15:15:32Z,81,"slam15m_noise_n005_lifelong",83986,"ros2",0.6,74904,51434,"/usr/bin/python3 /opt/ros/jazzy/bin/ros2 launch /oomwoo/contributions/compute-benchmark/OsakaTX/scripts/lifelong_launch.py slam_params_file:=/oomwoo/contributions/compute-benchmark/OsakaTX/scripts/lifelong_slam_params.yaml use_sim_time:=False autostart:=true"
2026-09-08T15:15:32Z,81,"slam15m_noise_n005_lifelong",84003,"lifelong_slam_t",105,66052,52025,"/opt/ros/jazzy/lib/slam_toolbox/lifelong_slam_toolbox_node --ros-args -r __node:=slam_toolbox -r __ns:=/ --params-file /oomwoo/contributions/compute-benchmark/OsakaTX/scripts/lifelong_slam_params.yaml --params-file /tmp/launch_params_fx3k_6ap"
2026-09-08T15:15:32Z,81,"slam15m_noise_n005_lifelong",84037,"bash",0.3,4484,1138,"bash /oomwoo/contributions/compute-benchmark/xbattlax/scripts/measure_ros_processes.sh --pattern python3|lifelong_slam_toolbox_node --duration 470 --interval 2 --label slam15m_noise_n005_lifelong --output /oomwoo/contributions/compute-benchmark/OsakaTX/scripts/../results/slam15m_noise_n005_lifelong_20260908T151228Z.csv"
2026-09-08T15:15:34Z,82,"slam15m_noise_n005_lifelong",191,"python3",0.1,69860,46796,"/usr/bin/python3 -c from ros2cli.daemon.daemonize import main; main() --name ros2-daemon --ros-domain-id 0 --rmw-implementation rmw_fastrtps_cpp"
2026-09-08T15:15:34Z,82,"slam15m_noise_n005_lifelong",83970,"python3",4.8,72320,48998,"python3 /oomwoo/contributions/compute-benchmark/OsakaTX/scripts/synthetic_scan_publisher.py --duration 505 --loop-s 40 --hz 5.0 --room-half 7.5 --noise 0.05"
2026-09-08T15:15:34Z,82,"slam15m_noise_n005_lifelong",83986,"ros2",0.6,74904,51430,"/usr/bin/python3 /opt/ros/jazzy/bin/ros2 launch /oomwoo/contributions/compute-benchmark/OsakaTX/scripts/lifelong_launch.py slam_params_file:=/oomwoo/contributions/compute-benchmark/OsakaTX/scripts/lifelong_slam_params.yaml use_sim_time:=False autostart:=true"
2026-09-08T15:15:34Z,82,"slam15m_noise_n005_lifelong",84003,"lifelong_slam_t",105,66052,52027,"/opt/ros/jazzy/lib/slam_toolbox/lifelong_slam_toolbox_node --ros-args -r __node:=slam_toolbox -r __ns:=/ --params-file /oomwoo/contributions/compute-benchmark/OsakaTX/scripts/lifelong_slam_params.yaml --params-file /tmp/launch_params_fx3k_6ap"
2026-09-08T15:15:34Z,82,"slam15m_noise_n005_lifelong",84037,"bash",0.3,4484,1133,"bash /oomwoo/contributions/compute-benchmark/xbattlax/scripts/measure_ros_processes.sh --pattern python3|lifelong_slam_toolbox_node --duration 470 --interval 2 --label slam15m_noise_n005_lifelong --output /oomwoo/contributions/compute-benchmark/OsakaTX/scripts/../results/slam15m_noise_n005_lifelong_20260908T151228Z.csv"
2026-09-08T15:15:36Z,83,"slam15m_noise_n005_lifelong",191,"python3",0.1,69860,46796,"/usr/bin/python3 -c from ros2cli.daemon.daemonize import main; main() --name ros2-daemon --ros-domain-id 0 --rmw-implementation rmw_fastrtps_cpp"
2026-09-08T15:15:36Z,83,"slam15m_noise_n005_lifelong",83970,"python3",4.8,72320,48997,"python3 /oomwoo/contributions/compute-benchmark/OsakaTX/scripts/synthetic_scan_publisher.py --duration 505 --loop-s 40 --hz 5.0 --room-half 7.5 --noise 0.05"
2026-09-08T15:15:36Z,83,"slam15m_noise_n005_lifelong",83986,"ros2",0.6,74904,51434,"/usr/bin/python3 /opt/ros/jazzy/bin/ros2 launch /oomwoo/contributions/compute-benchmark/OsakaTX/scripts/lifelong_launch.py slam_params_file:=/oomwoo/contributions/compute-benchmark/OsakaTX/scripts/lifelong_slam_params.yaml use_sim_time:=False autostart:=true"
2026-09-08T15:15:36Z,83,"slam15m_noise_n005_lifelong",84003,"lifelong_slam_t",105,66080,52054,"/opt/ros/jazzy/lib/slam_toolbox/lifelong_slam_toolbox_node --ros-args -r __node:=slam_toolbox -r __ns:=/ --params-file /oomwoo/contributions/compute-benchmark/OsakaTX/scripts/lifelong_slam_params.yaml --params-file /tmp/launch_params_fx3k_6ap"
2026-09-08T15:15:36Z,83,"slam15m_noise_n005_lifelong",84037,"bash",0.3,4484,1140,"bash /oomwoo/contributions/compute-benchmark/xbattlax/scripts/measure_ros_processes.sh --pattern python3|lifelong_slam_toolbox_node --duration 470 --interval 2 --label slam15m_noise_n005_lifelong --output /oomwoo/contributions/compute-benchmark/OsakaTX/scripts/../results/slam15m_noise_n005_lifelong_20260908T151228Z.csv"
2026-09-08T15:15:38Z,84,"slam15m_noise_n005_lifelong",191,"python3",0.1,69860,46796,"/usr/bin/python3 -c from ros2cli.daemon.daemonize import main; main() --name ros2-daemon --ros-domain-id 0 --rmw-implementation rmw_fastrtps_cpp"
2026-09-08T15:15:38Z,84,"slam15m_noise_n005_lifelong",83970,"python3",4.8,72320,48998,"python3 /oomwoo/contributions/compute-benchmark/OsakaTX/scripts/synthetic_scan_publisher.py --duration 505 --loop-s 40 --hz 5.0 --room-half 7.5 --noise 0.05"
2026-09-08T15:15:38Z,84,"slam15m_noise_n005_lifelong",83986,"ros2",0.6,74904,51436,"/usr/bin/python3 /opt/ros/jazzy/bin/ros2 launch /oomwoo/contributions/compute-benchmark/OsakaTX/scripts/lifelong_launch.py slam_params_file:=/oomwoo/contributions/compute-benchmark/OsakaTX/scripts/lifelong_slam_params.yaml use_sim_time:=False autostart:=true"
2026-09-08T15:15:38Z,84,"slam15m_noise_n005_lifelong",84003,"lifelong_slam_t",105,66080,52054,"/opt/ros/jazzy/lib/slam_toolbox/lifelong_slam_toolbox_node --ros-args -r __node:=slam_toolbox -r __ns:=/ --params-file /oomwoo/contributions/compute-benchmark/OsakaTX/scripts/lifelong_slam_params.yaml --params-file /tmp/launch_params_fx3k_6ap"
2026-09-08T15:15:38Z,84,"slam15m_noise_n005_lifelong",84037,"bash",0.3,4484,1131,"bash /oomwoo/contributions/compute-benchmark/xbattlax/scripts/measure_ros_processes.sh --pattern python3|lifelong_slam_toolbox_node --duration 470 --interval 2 --label slam15m_noise_n005_lifelong --output /oomwoo/contributions/compute-benchmark/OsakaTX/scripts/../results/slam15m_noise_n005_lifelong_20260908T151228Z.csv"
2026-09-08T15:15:40Z,85,"slam15m_noise_n005_lifelong",191,"python3",0.1,69860,46798,"/usr/bin/python3 -c from ros2cli.daemon.daemonize import main; main() --name ros2-daemon --ros-domain-id 0 --rmw-implementation rmw_fastrtps_cpp"
2026-09-08T15:15:40Z,85,"slam15m_noise_n005_lifelong",83970,"python3",4.8,72320,49000,"python3 /oomwoo/contributions/compute-benchmark/OsakaTX/scripts/synthetic_scan_publisher.py --duration 505 --loop-s 40 --hz 5.0 --room-half 7.5 --noise 0.05"
2026-09-08T15:15:40Z,85,"slam15m_noise_n005_lifelong",83986,"ros2",0.6,74904,51433,"/usr/bin/python3 /opt/ros/jazzy/bin/ros2 launch /oomwoo/contributions/compute-benchmark/OsakaTX/scripts/lifelong_launch.py slam_params_file:=/oomwoo/contributions/compute-benchmark/OsakaTX/scripts/lifelong_slam_params.yaml use_sim_time:=False autostart:=true"
2026-09-08T15:15:40Z,85,"slam15m_noise_n005_lifelong",84003,"lifelong_slam_t",105,66080,52054,"/opt/ros/jazzy/lib/slam_toolbox/lifelong_slam_toolbox_node --ros-args -r __node:=slam_toolbox -r __ns:=/ --params-file /oomwoo/contributions/compute-benchmark/OsakaTX/scripts/lifelong_slam_params.yaml --params-file /tmp/launch_params_fx3k_6ap"
2026-09-08T15:15:40Z,85,"slam15m_noise_n005_lifelong",84037,"bash",0.3,4484,1135,"bash /oomwoo/contributions/compute-benchmark/xbattlax/scripts/measure_ros_processes.sh --pattern python3|lifelong_slam_toolbox_node --duration 470 --interval 2 --label slam15m_noise_n005_lifelong --output /oomwoo/contributions/compute-benchmark/OsakaTX/scripts/../results/slam15m_noise_n005_lifelong_20260908T151228Z.csv"
2026-09-08T15:15:43Z,86,"slam15m_noise_n005_lifelong",191,"python3",0.1,69860,46796,"/usr/bin/python3 -c from ros2cli.daemon.daemonize import main; main() --name ros2-daemon --ros-domain-id 0 --rmw-implementation rmw_fastrtps_cpp"
2026-09-08T15:15:43Z,86,"slam15m_noise_n005_lifelong",83970,"python3",4.8,72320,49000,"python3 /oomwoo/contributions/compute-benchmark/OsakaTX/scripts/synthetic_scan_publisher.py --duration 505 --loop-s 40 --hz 5.0 --room-half 7.5 --noise 0.05"
2026-09-08T15:15:43Z,86,"slam15m_noise_n005_lifelong",83986,"ros2",0.6,74904,51432,"/usr/bin/python3 /opt/ros/jazzy/bin/ros2 launch /oomwoo/contributions/compute-benchmark/OsakaTX/scripts/lifelong_launch.py slam_params_file:=/oomwoo/contributions/compute-benchmark/OsakaTX/scripts/lifelong_slam_params.yaml use_sim_time:=False autostart:=true"
2026-09-08T15:15:43Z,86,"slam15m_noise_n005_lifelong",84003,"lifelong_slam_t",105,66080,52055,"/opt/ros/jazzy/lib/slam_toolbox/lifelong_slam_toolbox_node --ros-args -r __node:=slam_toolbox -r __ns:=/ --params-file /oomwoo/contributions/compute-benchmark/OsakaTX/scripts/lifelong_slam_params.yaml --params-file /tmp/launch_params_fx3k_6ap"
2026-09-08T15:15:43Z,86,"slam15m_noise_n005_lifelong",84037,"bash",0.3,4484,1136,"bash /oomwoo/contributions/compute-benchmark/xbattlax/scripts/measure_ros_processes.sh --pattern python3|lifelong_slam_toolbox_node --duration 470 --interval 2 --label slam15m_noise_n005_lifelong --output /oomwoo/contributions/compute-benchmark/OsakaTX/scripts/../results/slam15m_noise_n005_lifelong_20260908T151228Z.csv"
2026-09-08T15:15:45Z,87,"slam15m_noise_n005_lifelong",191,"python3",0.1,69860,46797,"/usr/bin/python3 -c from ros2cli.daemon.daemonize import main; main() --name ros2-daemon --ros-domain-id 0 --rmw-implementation rmw_fastrtps_cpp"
2026-09-08T15:15:45Z,87,"slam15m_noise_n005_lifelong",83970,"python3",4.8,72320,48998,"python3 /oomwoo/contributions/compute-benchmark/OsakaTX/scripts/synthetic_scan_publisher.py --duration 505 --loop-s 40 --hz 5.0 --room-half 7.5 --noise 0.05"
2026-09-08T15:15:45Z,87,"slam15m_noise_n005_lifelong",83986,"ros2",0.6,74904,51431,"/usr/bin/python3 /opt/ros/jazzy/bin/ros2 launch /oomwoo/contributions/compute-benchmark/OsakaTX/scripts/lifelong_launch.py slam_params_file:=/oomwoo/contributions/compute-benchmark/OsakaTX/scripts/lifelong_slam_params.yaml use_sim_time:=False autostart:=true"
2026-09-08T15:15:45Z,87,"slam15m_noise_n005_lifelong",84003,"lifelong_slam_t",105,66172,52147,"/opt/ros/jazzy/lib/slam_toolbox/lifelong_slam_toolbox_node --ros-args -r __node:=slam_toolbox -r __ns:=/ --params-file /oomwoo/contributions/compute-benchmark/OsakaTX/scripts/lifelong_slam_params.yaml --params-file /tmp/launch_params_fx3k_6ap"
2026-09-08T15:15:45Z,87,"slam15m_noise_n005_lifelong",84037,"bash",0.3,4484,1132,"bash /oomwoo/contributions/compute-benchmark/xbattlax/scripts/measure_ros_processes.sh --pattern python3|lifelong_slam_toolbox_node --duration 470 --interval 2 --label slam15m_noise_n005_lifelong --output /oomwoo/contributions/compute-benchmark/OsakaTX/scripts/../results/slam15m_noise_n005_lifelong_20260908T151228Z.csv"
2026-09-08T15:15:47Z,88,"slam15m_noise_n005_lifelong",191,"python3",0.1,69860,46798,"/usr/bin/python3 -c from ros2cli.daemon.daemonize import main; main() --name ros2-daemon --ros-domain-id 0 --rmw-implementation rmw_fastrtps_cpp"
2026-09-08T15:15:47Z,88,"slam15m_noise_n005_lifelong",83970,"python3",4.8,72320,48998,"python3 /oomwoo/contributions/compute-benchmark/OsakaTX/scripts/synthetic_scan_publisher.py --duration 505 --loop-s 40 --hz 5.0 --room-half 7.5 --noise 0.05"
2026-09-08T15:15:47Z,88,"slam15m_noise_n005_lifelong",83986,"ros2",0.6,74904,51432,"/usr/bin/python3 /opt/ros/jazzy/bin/ros2 launch /oomwoo/contributions/compute-benchmark/OsakaTX/scripts/lifelong_launch.py slam_params_file:=/oomwoo/contributions/compute-benchmark/OsakaTX/scripts/lifelong_slam_params.yaml use_sim_time:=False autostart:=true"
2026-09-08T15:15:47Z,88,"slam15m_noise_n005_lifelong",84003,"lifelong_slam_t",105,66172,52146,"/opt/ros/jazzy/lib/slam_toolbox/lifelong_slam_toolbox_node --ros-args -r __node:=slam_toolbox -r __ns:=/ --params-file /oomwoo/contributions/compute-benchmark/OsakaTX/scripts/lifelong_slam_params.yaml --params-file /tmp/launch_params_fx3k_6ap"
2026-09-08T15:15:47Z,88,"slam15m_noise_n005_lifelong",84037,"bash",0.3,4484,1134,"bash /oomwoo/contributions/compute-benchmark/xbattlax/scripts/measure_ros_processes.sh --pattern python3|lifelong_slam_toolbox_node --duration 470 --interval 2 --label slam15m_noise_n005_lifelong --output /oomwoo/contributions/compute-benchmark/OsakaTX/scripts/../results/slam15m_noise_n005_lifelong_20260908T151228Z.csv"
2026-09-08T15:15:49Z,89,"slam15m_noise_n005_lifelong",191,"python3",0.1,69860,46796,"/usr/bin/python3 -c from ros2cli.daemon.daemonize import main; main() --name ros2-daemon --ros-domain-id 0 --rmw-implementation rmw_fastrtps_cpp"
2026-09-08T15:15:49Z,89,"slam15m_noise_n005_lifelong",83970,"python3",4.8,72320,48998,"python3 /oomwoo/contributions/compute-benchmark/OsakaTX/scripts/synthetic_scan_publisher.py --duration 505 --loop-s 40 --hz 5.0 --room-half 7.5 --noise 0.05"
2026-09-08T15:15:49Z,89,"slam15m_noise_n005_lifelong",83986,"ros2",0.6,74904,51431,"/usr/bin/python3 /opt/ros/jazzy/bin/ros2 launch /oomwoo/contributions/compute-benchmark/OsakaTX/scripts/lifelong_launch.py slam_params_file:=/oomwoo/contributions/compute-benchmark/OsakaTX/scripts/lifelong_slam_params.yaml use_sim_time:=False autostart:=true"
2026-09-08T15:15:49Z,89,"slam15m_noise_n005_lifelong",84003,"lifelong_slam_t",105,66172,52146,"/opt/ros/jazzy/lib/slam_toolbox/lifelong_slam_toolbox_node --ros-args -r __node:=slam_toolbox -r __ns:=/ --params-file /oomwoo/contributions/compute-benchmark/OsakaTX/scripts/lifelong_slam_params.yaml --params-file /tmp/launch_params_fx3k_6ap"
2026-09-08T15:15:49Z,89,"slam15m_noise_n005_lifelong",84037,"bash",0.3,4484,1140,"bash /oomwoo/contributions/compute-benchmark/xbattlax/scripts/measure_ros_processes.sh --pattern python3|lifelong_slam_toolbox_node --duration 470 --interval 2 --label slam15m_noise_n005_lifelong --output /oomwoo/contributions/compute-benchmark/OsakaTX/scripts/../results/slam15m_noise_n005_lifelong_20260908T151228Z.csv"
2026-09-08T15:15:51Z,90,"slam15m_noise_n005_lifelong",191,"python3",0.1,69860,46799,"/usr/bin/python3 -c from ros2cli.daemon.daemonize import main; main() --name ros2-daemon --ros-domain-id 0 --rmw-implementation rmw_fastrtps_cpp"
2026-09-08T15:15:51Z,90,"slam15m_noise_n005_lifelong",83970,"python3",4.8,72320,48998,"python3 /oomwoo/contributions/compute-benchmark/OsakaTX/scripts/synthetic_scan_publisher.py --duration 505 --loop-s 40 --hz 5.0 --room-half 7.5 --noise 0.05"
2026-09-08T15:15:51Z,90,"slam15m_noise_n005_lifelong",83986,"ros2",0.6,74904,51434,"/usr/bin/python3 /opt/ros/jazzy/bin/ros2 launch /oomwoo/contributions/compute-benchmark/OsakaTX/scripts/lifelong_launch.py slam_params_file:=/oomwoo/contributions/compute-benchmark/OsakaTX/scripts/lifelong_slam_params.yaml use_sim_time:=False autostart:=true"
2026-09-08T15:15:51Z,90,"slam15m_noise_n005_lifelong",84003,"lifelong_slam_t",105,66244,52218,"/opt/ros/jazzy/lib/slam_toolbox/lifelong_slam_toolbox_node --ros-args -r __node:=slam_toolbox -r __ns:=/ --params-file /oomwoo/contributions/compute-benchmark/OsakaTX/scripts/lifelong_slam_params.yaml --params-file /tmp/launch_params_fx3k_6ap"
2026-09-08T15:15:51Z,90,"slam15m_noise_n005_lifelong",84037,"bash",0.3,4484,1130,"bash /oomwoo/contributions/compute-benchmark/xbattlax/scripts/measure_ros_processes.sh --pattern python3|lifelong_slam_toolbox_node --duration 470 --interval 2 --label slam15m_noise_n005_lifelong --output /oomwoo/contributions/compute-benchmark/OsakaTX/scripts/../results/slam15m_noise_n005_lifelong_20260908T151228Z.csv"
2026-09-08T15:15:53Z,91,"slam15m_noise_n005_lifelong",191,"python3",0.1,69860,46796,"/usr/bin/python3 -c from ros2cli.daemon.daemonize import main; main() --name ros2-daemon --ros-domain-id 0 --rmw-implementation rmw_fastrtps_cpp"
2026-09-08T15:15:53Z,91,"slam15m_noise_n005_lifelong",83970,"python3",4.8,72320,48998,"python3 /oomwoo/contributions/compute-benchmark/OsakaTX/scripts/synthetic_scan_publisher.py --duration 505 --loop-s 40 --hz 5.0 --room-half 7.5 --noise 0.05"
2026-09-08T15:15:53Z,91,"slam15m_noise_n005_lifelong",83986,"ros2",0.6,74904,51431,"/usr/bin/python3 /opt/ros/jazzy/bin/ros2 launch /oomwoo/contributions/compute-benchmark/OsakaTX/scripts/lifelong_launch.py slam_params_file:=/oomwoo/contributions/compute-benchmark/OsakaTX/scripts/lifelong_slam_params.yaml use_sim_time:=False autostart:=true"
2026-09-08T15:15:53Z,91,"slam15m_noise_n005_lifelong",84003,"lifelong_slam_t",105,66360,52334,"/opt/ros/jazzy/lib/slam_toolbox/lifelong_slam_toolbox_node --ros-args -r __node:=slam_toolbox -r __ns:=/ --params-file /oomwoo/contributions/compute-benchmark/OsakaTX/scripts/lifelong_slam_params.yaml --params-file /tmp/launch_params_fx3k_6ap"
2026-09-08T15:15:53Z,91,"slam15m_noise_n005_lifelong",84037,"bash",0.3,4484,1134,"bash /oomwoo/contributions/compute-benchmark/xbattlax/scripts/measure_ros_processes.sh --pattern python3|lifelong_slam_toolbox_node --duration 470 --interval 2 --label slam15m_noise_n005_lifelong --output /oomwoo/contributions/compute-benchmark/OsakaTX/scripts/../results/slam15m_noise_n005_lifelong_20260908T151228Z.csv"
2026-09-08T15:15:55Z,92,"slam15m_noise_n005_lifelong",191,"python3",0.1,69860,46795,"/usr/bin/python3 -c from ros2cli.daemon.daemonize import main; main() --name ros2-daemon --ros-domain-id 0 --rmw-implementation rmw_fastrtps_cpp"
2026-09-08T15:15:55Z,92,"slam15m_noise_n005_lifelong",83970,"python3",4.8,72320,48998,"python3 /oomwoo/contributions/compute-benchmark/OsakaTX/scripts/synthetic_scan_publisher.py --duration 505 --loop-s 40 --hz 5.0 --room-half 7.5 --noise 0.05"
2026-09-08T15:15:55Z,92,"slam15m_noise_n005_lifelong",83986,"ros2",0.6,74904,51432,"/usr/bin/python3 /opt/ros/jazzy/bin/ros2 launch /oomwoo/contributions/compute-benchmark/OsakaTX/scripts/lifelong_launch.py slam_params_file:=/oomwoo/contributions/compute-benchmark/OsakaTX/scripts/lifelong_slam_params.yaml use_sim_time:=False autostart:=true"
2026-09-08T15:15:55Z,92,"slam15m_noise_n005_lifelong",84003,"lifelong_slam_t",105,66360,52334,"/opt/ros/jazzy/lib/slam_toolbox/lifelong_slam_toolbox_node --ros-args -r __node:=slam_toolbox -r __ns:=/ --params-file /oomwoo/contributions/compute-benchmark/OsakaTX/scripts/lifelong_slam_params.yaml --params-file /tmp/launch_params_fx3k_6ap"
2026-09-08T15:15:55Z,92,"slam15m_noise_n005_lifelong",84037,"bash",0.3,4484,1131,"bash /oomwoo/contributions/compute-benchmark/xbattlax/scripts/measure_ros_processes.sh --pattern python3|lifelong_slam_toolbox_node --duration 470 --interval 2 --label slam15m_noise_n005_lifelong --output /oomwoo/contributions/compute-benchmark/OsakaTX/scripts/../results/slam15m_noise_n005_lifelong_20260908T151228Z.csv"
2026-09-08T15:15:57Z,93,"slam15m_noise_n005_lifelong",191,"python3",0.1,69860,46795,"/usr/bin/python3 -c from ros2cli.daemon.daemonize import main; main() --name ros2-daemon --ros-domain-id 0 --rmw-implementation rmw_fastrtps_cpp"
2026-09-08T15:15:57Z,93,"slam15m_noise_n005_lifelong",83970,"python3",4.8,72320,48998,"python3 /oomwoo/contributions/compute-benchmark/OsakaTX/scripts/synthetic_scan_publisher.py --duration 505 --loop-s 40 --hz 5.0 --room-half 7.5 --noise 0.05"
2026-09-08T15:15:57Z,93,"slam15m_noise_n005_lifelong",83986,"ros2",0.6,74904,51430,"/usr/bin/python3 /opt/ros/jazzy/bin/ros2 launch /oomwoo/contributions/compute-benchmark/OsakaTX/scripts/lifelong_launch.py slam_params_file:=/oomwoo/contributions/compute-benchmark/OsakaTX/scripts/lifelong_slam_params.yaml use_sim_time:=False autostart:=true"
2026-09-08T15:15:57Z,93,"slam15m_noise_n005_lifelong",84003,"lifelong_slam_t",105,66368,52342,"/opt/ros/jazzy/lib/slam_toolbox/lifelong_slam_toolbox_node --ros-args -r __node:=slam_toolbox -r __ns:=/ --params-file /oomwoo/contributions/compute-benchmark/OsakaTX/scripts/lifelong_slam_params.yaml --params-file /tmp/launch_params_fx3k_6ap"
2026-09-08T15:15:57Z,93,"slam15m_noise_n005_lifelong",84037,"bash",0.3,4484,1138,"bash /oomwoo/contributions/compute-benchmark/xbattlax/scripts/measure_ros_processes.sh --pattern python3|lifelong_slam_toolbox_node --duration 470 --interval 2 --label slam15m_noise_n005_lifelong --output /oomwoo/contributions/compute-benchmark/OsakaTX/scripts/../results/slam15m_noise_n005_lifelong_20260908T151228Z.csv"
2026-09-08T15:16:00Z,94,"slam15m_noise_n005_lifelong",191,"python3",0.1,69860,46795,"/usr/bin/python3 -c from ros2cli.daemon.daemonize import main; main() --name ros2-daemon --ros-domain-id 0 --rmw-implementation rmw_fastrtps_cpp"
2026-09-08T15:16:00Z,94,"slam15m_noise_n005_lifelong",83970,"python3",4.8,72320,48997,"python3 /oomwoo/contributions/compute-benchmark/OsakaTX/scripts/synthetic_scan_publisher.py --duration 505 --loop-s 40 --hz 5.0 --room-half 7.5 --noise 0.05"
2026-09-08T15:16:00Z,94,"slam15m_noise_n005_lifelong",83986,"ros2",0.6,74904,51433,"/usr/bin/python3 /opt/ros/jazzy/bin/ros2 launch /oomwoo/contributions/compute-benchmark/OsakaTX/scripts/lifelong_launch.py slam_params_file:=/oomwoo/contributions/compute-benchmark/OsakaTX/scripts/lifelong_slam_params.yaml use_sim_time:=False autostart:=true"
2026-09-08T15:16:00Z,94,"slam15m_noise_n005_lifelong",84003,"lifelong_slam_t",106,66444,52417,"/opt/ros/jazzy/lib/slam_toolbox/lifelong_slam_toolbox_node --ros-args -r __node:=slam_toolbox -r __ns:=/ --params-file /oomwoo/contributions/compute-benchmark/OsakaTX/scripts/lifelong_slam_params.yaml --params-file /tmp/launch_params_fx3k_6ap"
2026-09-08T15:16:00Z,94,"slam15m_noise_n005_lifelong",84037,"bash",0.3,4484,1130,"bash /oomwoo/contributions/compute-benchmark/xbattlax/scripts/measure_ros_processes.sh --pattern python3|lifelong_slam_toolbox_node --duration 470 --interval 2 --label slam15m_noise_n005_lifelong --output /oomwoo/contributions/compute-benchmark/OsakaTX/scripts/../results/slam15m_noise_n005_lifelong_20260908T151228Z.csv"
2026-09-08T15:16:02Z,95,"slam15m_noise_n005_lifelong",191,"python3",0.1,69860,46799,"/usr/bin/python3 -c from ros2cli.daemon.daemonize import main; main() --name ros2-daemon --ros-domain-id 0 --rmw-implementation rmw_fastrtps_cpp"
2026-09-08T15:16:02Z,95,"slam15m_noise_n005_lifelong",83970,"python3",4.8,72320,48996,"python3 /oomwoo/contributions/compute-benchmark/OsakaTX/scripts/synthetic_scan_publisher.py --duration 505 --loop-s 40 --hz 5.0 --room-half 7.5 --noise 0.05"
2026-09-08T15:16:02Z,95,"slam15m_noise_n005_lifelong",83986,"ros2",0.6,74904,51431,"/usr/bin/python3 /opt/ros/jazzy/bin/ros2 launch /oomwoo/contributions/compute-benchmark/OsakaTX/scripts/lifelong_launch.py slam_params_file:=/oomwoo/contributions/compute-benchmark/OsakaTX/scripts/lifelong_slam_params.yaml use_sim_time:=False autostart:=true"
2026-09-08T15:16:02Z,95,"slam15m_noise_n005_lifelong",84003,"lifelong_slam_t",106,66444,52416,"/opt/ros/jazzy/lib/slam_toolbox/lifelong_slam_toolbox_node --ros-args -r __node:=slam_toolbox -r __ns:=/ --params-file /oomwoo/contributions/compute-benchmark/OsakaTX/scripts/lifelong_slam_params.yaml --params-file /tmp/launch_params_fx3k_6ap"
2026-09-08T15:16:02Z,95,"slam15m_noise_n005_lifelong",84037,"bash",0.3,4484,1136,"bash /oomwoo/contributions/compute-benchmark/xbattlax/scripts/measure_ros_processes.sh --pattern python3|lifelong_slam_toolbox_node --duration 470 --interval 2 --label slam15m_noise_n005_lifelong --output /oomwoo/contributions/compute-benchmark/OsakaTX/scripts/../results/slam15m_noise_n005_lifelong_20260908T151228Z.csv"
2026-09-08T15:16:04Z,96,"slam15m_noise_n005_lifelong",191,"python3",0.1,69860,46796,"/usr/bin/python3 -c from ros2cli.daemon.daemonize import main; main() --name ros2-daemon --ros-domain-id 0 --rmw-implementation rmw_fastrtps_cpp"
2026-09-08T15:16:04Z,96,"slam15m_noise_n005_lifelong",83970,"python3",4.8,72320,48998,"python3 /oomwoo/contributions/compute-benchmark/OsakaTX/scripts/synthetic_scan_publisher.py --duration 505 --loop-s 40 --hz 5.0 --room-half 7.5 --noise 0.05"
2026-09-08T15:16:04Z,96,"slam15m_noise_n005_lifelong",83986,"ros2",0.6,74904,51436,"/usr/bin/python3 /opt/ros/jazzy/bin/ros2 launch /oomwoo/contributions/compute-benchmark/OsakaTX/scripts/lifelong_launch.py slam_params_file:=/oomwoo/contributions/compute-benchmark/OsakaTX/scripts/lifelong_slam_params.yaml use_sim_time:=False autostart:=true"
2026-09-08T15:16:04Z,96,"slam15m_noise_n005_lifelong",84003,"lifelong_slam_t",106,66492,52464,"/opt/ros/jazzy/lib/slam_toolbox/lifelong_slam_toolbox_node --ros-args -r __node:=slam_toolbox -r __ns:=/ --params-file /oomwoo/contributions/compute-benchmark/OsakaTX/scripts/lifelong_slam_params.yaml --params-file /tmp/launch_params_fx3k_6ap"
2026-09-08T15:16:04Z,96,"slam15m_noise_n005_lifelong",84037,"bash",0.3,4484,1138,"bash /oomwoo/contributions/compute-benchmark/xbattlax/scripts/measure_ros_processes.sh --pattern python3|lifelong_slam_toolbox_node --duration 470 --interval 2 --label slam15m_noise_n005_lifelong --output /oomwoo/contributions/compute-benchmark/OsakaTX/scripts/../results/slam15m_noise_n005_lifelong_20260908T151228Z.csv"
2026-09-08T15:16:06Z,97,"slam15m_noise_n005_lifelong",191,"python3",0.1,69860,46796,"/usr/bin/python3 -c from ros2cli.daemon.daemonize import main; main() --name ros2-daemon --ros-domain-id 0 --rmw-implementation rmw_fastrtps_cpp"
2026-09-08T15:16:06Z,97,"slam15m_noise_n005_lifelong",83970,"python3",4.8,72320,48997,"python3 /oomwoo/contributions/compute-benchmark/OsakaTX/scripts/synthetic_scan_publisher.py --duration 505 --loop-s 40 --hz 5.0 --room-half 7.5 --noise 0.05"
2026-09-08T15:16:06Z,97,"slam15m_noise_n005_lifelong",83986,"ros2",0.6,74904,51433,"/usr/bin/python3 /opt/ros/jazzy/bin/ros2 launch /oomwoo/contributions/compute-benchmark/OsakaTX/scripts/lifelong_launch.py slam_params_file:=/oomwoo/contributions/compute-benchmark/OsakaTX/scripts/lifelong_slam_params.yaml use_sim_time:=False autostart:=true"
2026-09-08T15:16:06Z,97,"slam15m_noise_n005_lifelong",84003,"lifelong_slam_t",107,66540,52515,"/opt/ros/jazzy/lib/slam_toolbox/lifelong_slam_toolbox_node --ros-args -r __node:=slam_toolbox -r __ns:=/ --params-file /oomwoo/contributions/compute-benchmark/OsakaTX/scripts/lifelong_slam_params.yaml --params-file /tmp/launch_params_fx3k_6ap"
2026-09-08T15:16:06Z,97,"slam15m_noise_n005_lifelong",84037,"bash",0.3,4484,1133,"bash /oomwoo/contributions/compute-benchmark/xbattlax/scripts/measure_ros_processes.sh --pattern python3|lifelong_slam_toolbox_node --duration 470 --interval 2 --label slam15m_noise_n005_lifelong --output /oomwoo/contributions/compute-benchmark/OsakaTX/scripts/../results/slam15m_noise_n005_lifelong_20260908T151228Z.csv"
2026-09-08T15:16:08Z,98,"slam15m_noise_n005_lifelong",191,"python3",0.1,69860,46798,"/usr/bin/python3 -c from ros2cli.daemon.daemonize import main; main() --name ros2-daemon --ros-domain-id 0 --rmw-implementation rmw_fastrtps_cpp"
2026-09-08T15:16:08Z,98,"slam15m_noise_n005_lifelong",83970,"python3",4.8,72320,48998,"python3 /oomwoo/contributions/compute-benchmark/OsakaTX/scripts/synthetic_scan_publisher.py --duration 505 --loop-s 40 --hz 5.0 --room-half 7.5 --noise 0.05"
2026-09-08T15:16:08Z,98,"slam15m_noise_n005_lifelong",83986,"ros2",0.6,74904,51430,"/usr/bin/python3 /opt/ros/jazzy/bin/ros2 launch /oomwoo/contributions/compute-benchmark/OsakaTX/scripts/lifelong_launch.py slam_params_file:=/oomwoo/contributions/compute-benchmark/OsakaTX/scripts/lifelong_slam_params.yaml use_sim_time:=False autostart:=true"
2026-09-08T15:16:08Z,98,"slam15m_noise_n005_lifelong",84003,"lifelong_slam_t",107,66540,52514,"/opt/ros/jazzy/lib/slam_toolbox/lifelong_slam_toolbox_node --ros-args -r __node:=slam_toolbox -r __ns:=/ --params-file /oomwoo/contributions/compute-benchmark/OsakaTX/scripts/lifelong_slam_params.yaml --params-file /tmp/launch_params_fx3k_6ap"
2026-09-08T15:16:08Z,98,"slam15m_noise_n005_lifelong",84037,"bash",0.3,4484,1138,"bash /oomwoo/contributions/compute-benchmark/xbattlax/scripts/measure_ros_processes.sh --pattern python3|lifelong_slam_toolbox_node --duration 470 --interval 2 --label slam15m_noise_n005_lifelong --output /oomwoo/contributions/compute-benchmark/OsakaTX/scripts/../results/slam15m_noise_n005_lifelong_20260908T151228Z.csv"
2026-09-08T15:16:10Z,99,"slam15m_noise_n005_lifelong",191,"python3",0.1,69860,46795,"/usr/bin/python3 -c from ros2cli.daemon.daemonize import main; main() --name ros2-daemon --ros-domain-id 0 --rmw-implementation rmw_fastrtps_cpp"
2026-09-08T15:16:10Z,99,"slam15m_noise_n005_lifelong",83970,"python3",4.8,72320,49000,"python3 /oomwoo/contributions/compute-benchmark/OsakaTX/scripts/synthetic_scan_publisher.py --duration 505 --loop-s 40 --hz 5.0 --room-half 7.5 --noise 0.05"
2026-09-08T15:16:10Z,99,"slam15m_noise_n005_lifelong",83986,"ros2",0.6,74904,51431,"/usr/bin/python3 /opt/ros/jazzy/bin/ros2 launch /oomwoo/contributions/compute-benchmark/OsakaTX/scripts/lifelong_launch.py slam_params_file:=/oomwoo/contributions/compute-benchmark/OsakaTX/scripts/lifelong_slam_params.yaml use_sim_time:=False autostart:=true"
2026-09-08T15:16:10Z,99,"slam15m_noise_n005_lifelong",84003,"lifelong_slam_t",107,66540,52514,"/opt/ros/jazzy/lib/slam_toolbox/lifelong_slam_toolbox_node --ros-args -r __node:=slam_toolbox -r __ns:=/ --params-file /oomwoo/contributions/compute-benchmark/OsakaTX/scripts/lifelong_slam_params.yaml --params-file /tmp/launch_params_fx3k_6ap"
2026-09-08T15:16:10Z,99,"slam15m_noise_n005_lifelong",84037,"bash",0.3,4484,1138,"bash /oomwoo/contributions/compute-benchmark/xbattlax/scripts/measure_ros_processes.sh --pattern python3|lifelong_slam_toolbox_node --duration 470 --interval 2 --label slam15m_noise_n005_lifelong --output /oomwoo/contributions/compute-benchmark/OsakaTX/scripts/../results/slam15m_noise_n005_lifelong_20260908T151228Z.csv"
2026-09-08T15:16:13Z,100,"slam15m_noise_n005_lifelong",191,"python3",0.1,69860,46799,"/usr/bin/python3 -c from ros2cli.daemon.daemonize import main; main() --name ros2-daemon --ros-domain-id 0 --rmw-implementation rmw_fastrtps_cpp"
2026-09-08T15:16:13Z,100,"slam15m_noise_n005_lifelong",83970,"python3",4.8,72320,48998,"python3 /oomwoo/contributions/compute-benchmark/OsakaTX/scripts/synthetic_scan_publisher.py --duration 505 --loop-s 40 --hz 5.0 --room-half 7.5 --noise 0.05"
2026-09-08T15:16:13Z,100,"slam15m_noise_n005_lifelong",83986,"ros2",0.6,74904,51433,"/usr/bin/python3 /opt/ros/jazzy/bin/ros2 launch /oomwoo/contributions/compute-benchmark/OsakaTX/scripts/lifelong_launch.py slam_params_file:=/oomwoo/contributions/compute-benchmark/OsakaTX/scripts/lifelong_slam_params.yaml use_sim_time:=False autostart:=true"
2026-09-08T15:16:13Z,100,"slam15m_noise_n005_lifelong",84003,"lifelong_slam_t",107,66540,52515,"/opt/ros/jazzy/lib/slam_toolbox/lifelong_slam_toolbox_node --ros-args -r __node:=slam_toolbox -r __ns:=/ --params-file /oomwoo/contributions/compute-benchmark/OsakaTX/scripts/lifelong_slam_params.yaml --params-file /tmp/launch_params_fx3k_6ap"
2026-09-08T15:16:13Z,100,"slam15m_noise_n005_lifelong",84037,"bash",0.3,4484,1135,"bash /oomwoo/contributions/compute-benchmark/xbattlax/scripts/measure_ros_processes.sh --pattern python3|lifelong_slam_toolbox_node --duration 470 --interval 2 --label slam15m_noise_n005_lifelong --output /oomwoo/contributions/compute-benchmark/OsakaTX/scripts/../results/slam15m_noise_n005_lifelong_20260908T151228Z.csv"
2026-09-08T15:16:15Z,101,"slam15m_noise_n005_lifelong",191,"python3",0.1,69860,46797,"/usr/bin/python3 -c from ros2cli.daemon.daemonize import main; main() --name ros2-daemon --ros-domain-id 0 --rmw-implementation rmw_fastrtps_cpp"
2026-09-08T15:16:15Z,101,"slam15m_noise_n005_lifelong",83970,"python3",4.8,72320,48996,"python3 /oomwoo/contributions/compute-benchmark/OsakaTX/scripts/synthetic_scan_publisher.py --duration 505 --loop-s 40 --hz 5.0 --room-half 7.5 --noise 0.05"
2026-09-08T15:16:15Z,101,"slam15m_noise_n005_lifelong",83986,"ros2",0.6,74904,51432,"/usr/bin/python3 /opt/ros/jazzy/bin/ros2 launch /oomwoo/contributions/compute-benchmark/OsakaTX/scripts/lifelong_launch.py slam_params_file:=/oomwoo/contributions/compute-benchmark/OsakaTX/scripts/lifelong_slam_params.yaml use_sim_time:=False autostart:=true"
2026-09-08T15:16:15Z,101,"slam15m_noise_n005_lifelong",84003,"lifelong_slam_t",108,66688,52662,"/opt/ros/jazzy/lib/slam_toolbox/lifelong_slam_toolbox_node --ros-args -r __node:=slam_toolbox -r __ns:=/ --params-file /oomwoo/contributions/compute-benchmark/OsakaTX/scripts/lifelong_slam_params.yaml --params-file /tmp/launch_params_fx3k_6ap"
2026-09-08T15:16:15Z,101,"slam15m_noise_n005_lifelong",84037,"bash",0.3,4484,1136,"bash /oomwoo/contributions/compute-benchmark/xbattlax/scripts/measure_ros_processes.sh --pattern python3|lifelong_slam_toolbox_node --duration 470 --interval 2 --label slam15m_noise_n005_lifelong --output /oomwoo/contributions/compute-benchmark/OsakaTX/scripts/../results/slam15m_noise_n005_lifelong_20260908T151228Z.csv"
2026-09-08T15:16:17Z,102,"slam15m_noise_n005_lifelong",191,"python3",0.1,69860,46797,"/usr/bin/python3 -c from ros2cli.daemon.daemonize import main; main() --name ros2-daemon --ros-domain-id 0 --rmw-implementation rmw_fastrtps_cpp"
2026-09-08T15:16:17Z,102,"slam15m_noise_n005_lifelong",83970,"python3",4.8,72320,48998,"python3 /oomwoo/contributions/compute-benchmark/OsakaTX/scripts/synthetic_scan_publisher.py --duration 505 --loop-s 40 --hz 5.0 --room-half 7.5 --noise 0.05"
2026-09-08T15:16:17Z,102,"slam15m_noise_n005_lifelong",83986,"ros2",0.6,74904,51434,"/usr/bin/python3 /opt/ros/jazzy/bin/ros2 launch /oomwoo/contributions/compute-benchmark/OsakaTX/scripts/lifelong_launch.py slam_params_file:=/oomwoo/contributions/compute-benchmark/OsakaTX/scripts/lifelong_slam_params.yaml use_sim_time:=False autostart:=true"
2026-09-08T15:16:17Z,102,"slam15m_noise_n005_lifelong",84003,"lifelong_slam_t",107,66688,52663,"/opt/ros/jazzy/lib/slam_toolbox/lifelong_slam_toolbox_node --ros-args -r __node:=slam_toolbox -r __ns:=/ --params-file /oomwoo/contributions/compute-benchmark/OsakaTX/scripts/lifelong_slam_params.yaml --params-file /tmp/launch_params_fx3k_6ap"
2026-09-08T15:16:17Z,102,"slam15m_noise_n005_lifelong",84037,"bash",0.3,4484,1133,"bash /oomwoo/contributions/compute-benchmark/xbattlax/scripts/measure_ros_processes.sh --pattern python3|lifelong_slam_toolbox_node --duration 470 --interval 2 --label slam15m_noise_n005_lifelong --output /oomwoo/contributions/compute-benchmark/OsakaTX/scripts/../results/slam15m_noise_n005_lifelong_20260908T151228Z.csv"
2026-09-08T15:16:19Z,103,"slam15m_noise_n005_lifelong",191,"python3",0.1,69860,46796,"/usr/bin/python3 -c from ros2cli.daemon.daemonize import main; main() --name ros2-daemon --ros-domain-id 0 --rmw-implementation rmw_fastrtps_cpp"
2026-09-08T15:16:19Z,103,"slam15m_noise_n005_lifelong",83970,"python3",4.8,72320,48998,"python3 /oomwoo/contributions/compute-benchmark/OsakaTX/scripts/synthetic_scan_publisher.py --duration 505 --loop-s 40 --hz 5.0 --room-half 7.5 --noise 0.05"
2026-09-08T15:16:19Z,103,"slam15m_noise_n005_lifelong",83986,"ros2",0.6,74904,51433,"/usr/bin/python3 /opt/ros/jazzy/bin/ros2 launch /oomwoo/contributions/compute-benchmark/OsakaTX/scripts/lifelong_launch.py slam_params_file:=/oomwoo/contributions/compute-benchmark/OsakaTX/scripts/lifelong_slam_params.yaml use_sim_time:=False autostart:=true"
2026-09-08T15:16:19Z,103,"slam15m_noise_n005_lifelong",84003,"lifelong_slam_t",107,66688,52663,"/opt/ros/jazzy/lib/slam_toolbox/lifelong_slam_toolbox_node --ros-args -r __node:=slam_toolbox -r __ns:=/ --params-file /oomwoo/contributions/compute-benchmark/OsakaTX/scripts/lifelong_slam_params.yaml --params-file /tmp/launch_params_fx3k_6ap"
2026-09-08T15:16:19Z,103,"slam15m_noise_n005_lifelong",84037,"bash",0.3,4484,1140,"bash /oomwoo/contributions/compute-benchmark/xbattlax/scripts/measure_ros_processes.sh --pattern python3|lifelong_slam_toolbox_node --duration 470 --interval 2 --label slam15m_noise_n005_lifelong --output /oomwoo/contributions/compute-benchmark/OsakaTX/scripts/../results/slam15m_noise_n005_lifelong_20260908T151228Z.csv"
2026-09-08T15:16:21Z,104,"slam15m_noise_n005_lifelong",191,"python3",0.1,69860,46799,"/usr/bin/python3 -c from ros2cli.daemon.daemonize import main; main() --name ros2-daemon --ros-domain-id 0 --rmw-implementation rmw_fastrtps_cpp"
2026-09-08T15:16:21Z,104,"slam15m_noise_n005_lifelong",83970,"python3",4.8,72320,48998,"python3 /oomwoo/contributions/compute-benchmark/OsakaTX/scripts/synthetic_scan_publisher.py --duration 505 --loop-s 40 --hz 5.0 --room-half 7.5 --noise 0.05"
2026-09-08T15:16:21Z,104,"slam15m_noise_n005_lifelong",83986,"ros2",0.6,74904,51430,"/usr/bin/python3 /opt/ros/jazzy/bin/ros2 launch /oomwoo/contributions/compute-benchmark/OsakaTX/scripts/lifelong_launch.py slam_params_file:=/oomwoo/contributions/compute-benchmark/OsakaTX/scripts/lifelong_slam_params.yaml use_sim_time:=False autostart:=true"
2026-09-08T15:16:21Z,104,"slam15m_noise_n005_lifelong",84003,"lifelong_slam_t",108,66836,52809,"/opt/ros/jazzy/lib/slam_toolbox/lifelong_slam_toolbox_node --ros-args -r __node:=slam_toolbox -r __ns:=/ --params-file /oomwoo/contributions/compute-benchmark/OsakaTX/scripts/lifelong_slam_params.yaml --params-file /tmp/launch_params_fx3k_6ap"
2026-09-08T15:16:21Z,104,"slam15m_noise_n005_lifelong",84037,"bash",0.3,4484,1135,"bash /oomwoo/contributions/compute-benchmark/xbattlax/scripts/measure_ros_processes.sh --pattern python3|lifelong_slam_toolbox_node --duration 470 --interval 2 --label slam15m_noise_n005_lifelong --output /oomwoo/contributions/compute-benchmark/OsakaTX/scripts/../results/slam15m_noise_n005_lifelong_20260908T151228Z.csv"
2026-09-08T15:16:23Z,105,"slam15m_noise_n005_lifelong",191,"python3",0.1,69860,46796,"/usr/bin/python3 -c from ros2cli.daemon.daemonize import main; main() --name ros2-daemon --ros-domain-id 0 --rmw-implementation rmw_fastrtps_cpp"
2026-09-08T15:16:23Z,105,"slam15m_noise_n005_lifelong",83970,"python3",4.8,72320,48998,"python3 /oomwoo/contributions/compute-benchmark/OsakaTX/scripts/synthetic_scan_publisher.py --duration 505 --loop-s 40 --hz 5.0 --room-half 7.5 --noise 0.05"
2026-09-08T15:16:23Z,105,"slam15m_noise_n005_lifelong",83986,"ros2",0.6,74904,51433,"/usr/bin/python3 /opt/ros/jazzy/bin/ros2 launch /oomwoo/contributions/compute-benchmark/OsakaTX/scripts/lifelong_launch.py slam_params_file:=/oomwoo/contributions/compute-benchmark/OsakaTX/scripts/lifelong_slam_params.yaml use_sim_time:=False autostart:=true"
2026-09-08T15:16:23Z,105,"slam15m_noise_n005_lifelong",84003,"lifelong_slam_t",108,66836,52809,"/opt/ros/jazzy/lib/slam_toolbox/lifelong_slam_toolbox_node --ros-args -r __node:=slam_toolbox -r __ns:=/ --params-file /oomwoo/contributions/compute-benchmark/OsakaTX/scripts/lifelong_slam_params.yaml --params-file /tmp/launch_params_fx3k_6ap"
2026-09-08T15:16:23Z,105,"slam15m_noise_n005_lifelong",84037,"bash",0.3,4484,1137,"bash /oomwoo/contributions/compute-benchmark/xbattlax/scripts/measure_ros_processes.sh --pattern python3|lifelong_slam_toolbox_node --duration 470 --interval 2 --label slam15m_noise_n005_lifelong --output /oomwoo/contributions/compute-benchmark/OsakaTX/scripts/../results/slam15m_noise_n005_lifelong_20260908T151228Z.csv"
2026-09-08T15:16:25Z,106,"slam15m_noise_n005_lifelong",191,"python3",0.1,69860,46796,"/usr/bin/python3 -c from ros2cli.daemon.daemonize import main; main() --name ros2-daemon --ros-domain-id 0 --rmw-implementation rmw_fastrtps_cpp"
2026-09-08T15:16:25Z,106,"slam15m_noise_n005_lifelong",83970,"python3",4.8,72320,48998,"python3 /oomwoo/contributions/compute-benchmark/OsakaTX/scripts/synthetic_scan_publisher.py --duration 505 --loop-s 40 --hz 5.0 --room-half 7.5 --noise 0.05"
2026-09-08T15:16:25Z,106,"slam15m_noise_n005_lifelong",83986,"ros2",0.6,74904,51433,"/usr/bin/python3 /opt/ros/jazzy/bin/ros2 launch /oomwoo/contributions/compute-benchmark/OsakaTX/scripts/lifelong_launch.py slam_params_file:=/oomwoo/contributions/compute-benchmark/OsakaTX/scripts/lifelong_slam_params.yaml use_sim_time:=False autostart:=true"
2026-09-08T15:16:25Z,106,"slam15m_noise_n005_lifelong",84003,"lifelong_slam_t",108,66836,52810,"/opt/ros/jazzy/lib/slam_toolbox/lifelong_slam_toolbox_node --ros-args -r __node:=slam_toolbox -r __ns:=/ --params-file /oomwoo/contributions/compute-benchmark/OsakaTX/scripts/lifelong_slam_params.yaml --params-file /tmp/launch_params_fx3k_6ap"
2026-09-08T15:16:25Z,106,"slam15m_noise_n005_lifelong",84037,"bash",0.3,4484,1134,"bash /oomwoo/contributions/compute-benchmark/xbattlax/scripts/measure_ros_processes.sh --pattern python3|lifelong_slam_toolbox_node --duration 470 --interval 2 --label slam15m_noise_n005_lifelong --output /oomwoo/contributions/compute-benchmark/OsakaTX/scripts/../results/slam15m_noise_n005_lifelong_20260908T151228Z.csv"
2026-09-08T15:16:27Z,107,"slam15m_noise_n005_lifelong",191,"python3",0.1,69860,46796,"/usr/bin/python3 -c from ros2cli.daemon.daemonize import main; main() --name ros2-daemon --ros-domain-id 0 --rmw-implementation rmw_fastrtps_cpp"
2026-09-08T15:16:27Z,107,"slam15m_noise_n005_lifelong",83970,"python3",4.8,72320,48997,"python3 /oomwoo/contributions/compute-benchmark/OsakaTX/scripts/synthetic_scan_publisher.py --duration 505 --loop-s 40 --hz 5.0 --room-half 7.5 --noise 0.05"
2026-09-08T15:16:27Z,107,"slam15m_noise_n005_lifelong",83986,"ros2",0.6,74904,51434,"/usr/bin/python3 /opt/ros/jazzy/bin/ros2 launch /oomwoo/contributions/compute-benchmark/OsakaTX/scripts/lifelong_launch.py slam_params_file:=/oomwoo/contributions/compute-benchmark/OsakaTX/scripts/lifelong_slam_params.yaml use_sim_time:=False autostart:=true"
2026-09-08T15:16:27Z,107,"slam15m_noise_n005_lifelong",84003,"lifelong_slam_t",108,66836,52811,"/opt/ros/jazzy/lib/slam_toolbox/lifelong_slam_toolbox_node --ros-args -r __node:=slam_toolbox -r __ns:=/ --params-file /oomwoo/contributions/compute-benchmark/OsakaTX/scripts/lifelong_slam_params.yaml --params-file /tmp/launch_params_fx3k_6ap"
2026-09-08T15:16:27Z,107,"slam15m_noise_n005_lifelong",84037,"bash",0.3,4484,1139,"bash /oomwoo/contributions/compute-benchmark/xbattlax/scripts/measure_ros_processes.sh --pattern python3|lifelong_slam_toolbox_node --duration 470 --interval 2 --label slam15m_noise_n005_lifelong --output /oomwoo/contributions/compute-benchmark/OsakaTX/scripts/../results/slam15m_noise_n005_lifelong_20260908T151228Z.csv"
2026-09-08T15:16:30Z,108,"slam15m_noise_n005_lifelong",191,"python3",0.1,69860,46798,"/usr/bin/python3 -c from ros2cli.daemon.daemonize import main; main() --name ros2-daemon --ros-domain-id 0 --rmw-implementation rmw_fastrtps_cpp"
2026-09-08T15:16:30Z,108,"slam15m_noise_n005_lifelong",83970,"python3",4.8,72320,48998,"python3 /oomwoo/contributions/compute-benchmark/OsakaTX/scripts/synthetic_scan_publisher.py --duration 505 --loop-s 40 --hz 5.0 --room-half 7.5 --noise 0.05"
2026-09-08T15:16:30Z,108,"slam15m_noise_n005_lifelong",83986,"ros2",0.6,74904,51432,"/usr/bin/python3 /opt/ros/jazzy/bin/ros2 launch /oomwoo/contributions/compute-benchmark/OsakaTX/scripts/lifelong_launch.py slam_params_file:=/oomwoo/contributions/compute-benchmark/OsakaTX/scripts/lifelong_slam_params.yaml use_sim_time:=False autostart:=true"
2026-09-08T15:16:30Z,108,"slam15m_noise_n005_lifelong",84003,"lifelong_slam_t",108,66844,52818,"/opt/ros/jazzy/lib/slam_toolbox/lifelong_slam_toolbox_node --ros-args -r __node:=slam_toolbox -r __ns:=/ --params-file /oomwoo/contributions/compute-benchmark/OsakaTX/scripts/lifelong_slam_params.yaml --params-file /tmp/launch_params_fx3k_6ap"
2026-09-08T15:16:30Z,108,"slam15m_noise_n005_lifelong",84037,"bash",0.3,4484,1140,"bash /oomwoo/contributions/compute-benchmark/xbattlax/scripts/measure_ros_processes.sh --pattern python3|lifelong_slam_toolbox_node --duration 470 --interval 2 --label slam15m_noise_n005_lifelong --output /oomwoo/contributions/compute-benchmark/OsakaTX/scripts/../results/slam15m_noise_n005_lifelong_20260908T151228Z.csv"
2026-09-08T15:16:32Z,109,"slam15m_noise_n005_lifelong",191,"python3",0.1,69860,46799,"/usr/bin/python3 -c from ros2cli.daemon.daemonize import main; main() --name ros2-daemon --ros-domain-id 0 --rmw-implementation rmw_fastrtps_cpp"
2026-09-08T15:16:32Z,109,"slam15m_noise_n005_lifelong",83970,"python3",4.8,72320,48998,"python3 /oomwoo/contributions/compute-benchmark/OsakaTX/scripts/synthetic_scan_publisher.py --duration 505 --loop-s 40 --hz 5.0 --room-half 7.5 --noise 0.05"
2026-09-08T15:16:32Z,109,"slam15m_noise_n005_lifelong",83986,"ros2",0.6,74904,51434,"/usr/bin/python3 /opt/ros/jazzy/bin/ros2 launch /oomwoo/contributions/compute-benchmark/OsakaTX/scripts/lifelong_launch.py slam_params_file:=/oomwoo/contributions/compute-benchmark/OsakaTX/scripts/lifelong_slam_params.yaml use_sim_time:=False autostart:=true"
2026-09-08T15:16:32Z,109,"slam15m_noise_n005_lifelong",84003,"lifelong_slam_t",108,66844,52819,"/opt/ros/jazzy/lib/slam_toolbox/lifelong_slam_toolbox_node --ros-args -r __node:=slam_toolbox -r __ns:=/ --params-file /oomwoo/contributions/compute-benchmark/OsakaTX/scripts/lifelong_slam_params.yaml --params-file /tmp/launch_params_fx3k_6ap"
2026-09-08T15:16:32Z,109,"slam15m_noise_n005_lifelong",84037,"bash",0.3,4484,1138,"bash /oomwoo/contributions/compute-benchmark/xbattlax/scripts/measure_ros_processes.sh --pattern python3|lifelong_slam_toolbox_node --duration 470 --interval 2 --label slam15m_noise_n005_lifelong --output /oomwoo/contributions/compute-benchmark/OsakaTX/scripts/../results/slam15m_noise_n005_lifelong_20260908T151228Z.csv"
2026-09-08T15:16:34Z,110,"slam15m_noise_n005_lifelong",191,"python3",0.1,69860,46795,"/usr/bin/python3 -c from ros2cli.daemon.daemonize import main; main() --name ros2-daemon --ros-domain-id 0 --rmw-implementation rmw_fastrtps_cpp"
2026-09-08T15:16:34Z,110,"slam15m_noise_n005_lifelong",83970,"python3",4.8,72320,48996,"python3 /oomwoo/contributions/compute-benchmark/OsakaTX/scripts/synthetic_scan_publisher.py --duration 505 --loop-s 40 --hz 5.0 --room-half 7.5 --noise 0.05"
2026-09-08T15:16:34Z,110,"slam15m_noise_n005_lifelong",83986,"ros2",0.6,74904,51433,"/usr/bin/python3 /opt/ros/jazzy/bin/ros2 launch /oomwoo/contributions/compute-benchmark/OsakaTX/scripts/lifelong_launch.py slam_params_file:=/oomwoo/contributions/compute-benchmark/OsakaTX/scripts/lifelong_slam_params.yaml use_sim_time:=False autostart:=true"
2026-09-08T15:16:34Z,110,"slam15m_noise_n005_lifelong",84003,"lifelong_slam_t",108,66844,52818,"/opt/ros/jazzy/lib/slam_toolbox/lifelong_slam_toolbox_node --ros-args -r __node:=slam_toolbox -r __ns:=/ --params-file /oomwoo/contributions/compute-benchmark/OsakaTX/scripts/lifelong_slam_params.yaml --params-file /tmp/launch_params_fx3k_6ap"
2026-09-08T15:16:34Z,110,"slam15m_noise_n005_lifelong",84037,"bash",0.3,4484,1138,"bash /oomwoo/contributions/compute-benchmark/xbattlax/scripts/measure_ros_processes.sh --pattern python3|lifelong_slam_toolbox_node --duration 470 --interval 2 --label slam15m_noise_n005_lifelong --output /oomwoo/contributions/compute-benchmark/OsakaTX/scripts/../results/slam15m_noise_n005_lifelong_20260908T151228Z.csv"
2026-09-08T15:16:36Z,111,"slam15m_noise_n005_lifelong",191,"python3",0.1,69860,46796,"/usr/bin/python3 -c from ros2cli.daemon.daemonize import main; main() --name ros2-daemon --ros-domain-id 0 --rmw-implementation rmw_fastrtps_cpp"
2026-09-08T15:16:36Z,111,"slam15m_noise_n005_lifelong",83970,"python3",4.8,72320,48998,"python3 /oomwoo/contributions/compute-benchmark/OsakaTX/scripts/synthetic_scan_publisher.py --duration 505 --loop-s 40 --hz 5.0 --room-half 7.5 --noise 0.05"
2026-09-08T15:16:36Z,111,"slam15m_noise_n005_lifelong",83986,"ros2",0.6,74904,51434,"/usr/bin/python3 /opt/ros/jazzy/bin/ros2 launch /oomwoo/contributions/compute-benchmark/OsakaTX/scripts/lifelong_launch.py slam_params_file:=/oomwoo/contributions/compute-benchmark/OsakaTX/scripts/lifelong_slam_params.yaml use_sim_time:=False autostart:=true"
2026-09-08T15:16:36Z,111,"slam15m_noise_n005_lifelong",84003,"lifelong_slam_t",107,66844,52816,"/opt/ros/jazzy/lib/slam_toolbox/lifelong_slam_toolbox_node --ros-args -r __node:=slam_toolbox -r __ns:=/ --params-file /oomwoo/contributions/compute-benchmark/OsakaTX/scripts/lifelong_slam_params.yaml --params-file /tmp/launch_params_fx3k_6ap"
2026-09-08T15:16:36Z,111,"slam15m_noise_n005_lifelong",84037,"bash",0.3,4484,1134,"bash /oomwoo/contributions/compute-benchmark/xbattlax/scripts/measure_ros_processes.sh --pattern python3|lifelong_slam_toolbox_node --duration 470 --interval 2 --label slam15m_noise_n005_lifelong --output /oomwoo/contributions/compute-benchmark/OsakaTX/scripts/../results/slam15m_noise_n005_lifelong_20260908T151228Z.csv"
2026-09-08T15:16:38Z,112,"slam15m_noise_n005_lifelong",191,"python3",0.1,69860,46796,"/usr/bin/python3 -c from ros2cli.daemon.daemonize import main; main() --name ros2-daemon --ros-domain-id 0 --rmw-implementation rmw_fastrtps_cpp"
2026-09-08T15:16:38Z,112,"slam15m_noise_n005_lifelong",83970,"python3",4.8,72320,48996,"python3 /oomwoo/contributions/compute-benchmark/OsakaTX/scripts/synthetic_scan_publisher.py --duration 505 --loop-s 40 --hz 5.0 --room-half 7.5 --noise 0.05"
2026-09-08T15:16:38Z,112,"slam15m_noise_n005_lifelong",83986,"ros2",0.5,74904,51435,"/usr/bin/python3 /opt/ros/jazzy/bin/ros2 launch /oomwoo/contributions/compute-benchmark/OsakaTX/scripts/lifelong_launch.py slam_params_file:=/oomwoo/contributions/compute-benchmark/OsakaTX/scripts/lifelong_slam_params.yaml use_sim_time:=False autostart:=true"
2026-09-08T15:16:38Z,112,"slam15m_noise_n005_lifelong",84003,"lifelong_slam_t",108,66844,52816,"/opt/ros/jazzy/lib/slam_toolbox/lifelong_slam_toolbox_node --ros-args -r __node:=slam_toolbox -r __ns:=/ --params-file /oomwoo/contributions/compute-benchmark/OsakaTX/scripts/lifelong_slam_params.yaml --params-file /tmp/launch_params_fx3k_6ap"
2026-09-08T15:16:38Z,112,"slam15m_noise_n005_lifelong",84037,"bash",0.3,4484,1134,"bash /oomwoo/contributions/compute-benchmark/xbattlax/scripts/measure_ros_processes.sh --pattern python3|lifelong_slam_toolbox_node --duration 470 --interval 2 --label slam15m_noise_n005_lifelong --output /oomwoo/contributions/compute-benchmark/OsakaTX/scripts/../results/slam15m_noise_n005_lifelong_20260908T151228Z.csv"
2026-09-08T15:16:40Z,113,"slam15m_noise_n005_lifelong",191,"python3",0.1,69860,46797,"/usr/bin/python3 -c from ros2cli.daemon.daemonize import main; main() --name ros2-daemon --ros-domain-id 0 --rmw-implementation rmw_fastrtps_cpp"
2026-09-08T15:16:40Z,113,"slam15m_noise_n005_lifelong",83970,"python3",4.8,72320,48996,"python3 /oomwoo/contributions/compute-benchmark/OsakaTX/scripts/synthetic_scan_publisher.py --duration 505 --loop-s 40 --hz 5.0 --room-half 7.5 --noise 0.05"
2026-09-08T15:16:40Z,113,"slam15m_noise_n005_lifelong",83986,"ros2",0.5,74904,51431,"/usr/bin/python3 /opt/ros/jazzy/bin/ros2 launch /oomwoo/contributions/compute-benchmark/OsakaTX/scripts/lifelong_launch.py slam_params_file:=/oomwoo/contributions/compute-benchmark/OsakaTX/scripts/lifelong_slam_params.yaml use_sim_time:=False autostart:=true"
2026-09-08T15:16:40Z,113,"slam15m_noise_n005_lifelong",84003,"lifelong_slam_t",108,66844,52816,"/opt/ros/jazzy/lib/slam_toolbox/lifelong_slam_toolbox_node --ros-args -r __node:=slam_toolbox -r __ns:=/ --params-file /oomwoo/contributions/compute-benchmark/OsakaTX/scripts/lifelong_slam_params.yaml --params-file /tmp/launch_params_fx3k_6ap"
2026-09-08T15:16:40Z,113,"slam15m_noise_n005_lifelong",84037,"bash",0.3,4484,1142,"bash /oomwoo/contributions/compute-benchmark/xbattlax/scripts/measure_ros_processes.sh --pattern python3|lifelong_slam_toolbox_node --duration 470 --interval 2 --label slam15m_noise_n005_lifelong --output /oomwoo/contributions/compute-benchmark/OsakaTX/scripts/../results/slam15m_noise_n005_lifelong_20260908T151228Z.csv"
2026-09-08T15:16:42Z,114,"slam15m_noise_n005_lifelong",191,"python3",0.1,69860,46795,"/usr/bin/python3 -c from ros2cli.daemon.daemonize import main; main() --name ros2-daemon --ros-domain-id 0 --rmw-implementation rmw_fastrtps_cpp"
2026-09-08T15:16:42Z,114,"slam15m_noise_n005_lifelong",83970,"python3",4.8,72320,48996,"python3 /oomwoo/contributions/compute-benchmark/OsakaTX/scripts/synthetic_scan_publisher.py --duration 505 --loop-s 40 --hz 5.0 --room-half 7.5 --noise 0.05"
2026-09-08T15:16:42Z,114,"slam15m_noise_n005_lifelong",83986,"ros2",0.5,74904,51433,"/usr/bin/python3 /opt/ros/jazzy/bin/ros2 launch /oomwoo/contributions/compute-benchmark/OsakaTX/scripts/lifelong_launch.py slam_params_file:=/oomwoo/contributions/compute-benchmark/OsakaTX/scripts/lifelong_slam_params.yaml use_sim_time:=False autostart:=true"
2026-09-08T15:16:42Z,114,"slam15m_noise_n005_lifelong",84003,"lifelong_slam_t",108,66896,52869,"/opt/ros/jazzy/lib/slam_toolbox/lifelong_slam_toolbox_node --ros-args -r __node:=slam_toolbox -r __ns:=/ --params-file /oomwoo/contributions/compute-benchmark/OsakaTX/scripts/lifelong_slam_params.yaml --params-file /tmp/launch_params_fx3k_6ap"
2026-09-08T15:16:42Z,114,"slam15m_noise_n005_lifelong",84037,"bash",0.3,4484,1131,"bash /oomwoo/contributions/compute-benchmark/xbattlax/scripts/measure_ros_processes.sh --pattern python3|lifelong_slam_toolbox_node --duration 470 --interval 2 --label slam15m_noise_n005_lifelong --output /oomwoo/contributions/compute-benchmark/OsakaTX/scripts/../results/slam15m_noise_n005_lifelong_20260908T151228Z.csv"
2026-09-08T15:16:45Z,115,"slam15m_noise_n005_lifelong",191,"python3",0.1,69860,46799,"/usr/bin/python3 -c from ros2cli.daemon.daemonize import main; main() --name ros2-daemon --ros-domain-id 0 --rmw-implementation rmw_fastrtps_cpp"
2026-09-08T15:16:45Z,115,"slam15m_noise_n005_lifelong",83970,"python3",4.8,72320,48998,"python3 /oomwoo/contributions/compute-benchmark/OsakaTX/scripts/synthetic_scan_publisher.py --duration 505 --loop-s 40 --hz 5.0 --room-half 7.5 --noise 0.05"
2026-09-08T15:16:45Z,115,"slam15m_noise_n005_lifelong",83986,"ros2",0.5,74904,51432,"/usr/bin/python3 /opt/ros/jazzy/bin/ros2 launch /oomwoo/contributions/compute-benchmark/OsakaTX/scripts/lifelong_launch.py slam_params_file:=/oomwoo/contributions/compute-benchmark/OsakaTX/scripts/lifelong_slam_params.yaml use_sim_time:=False autostart:=true"
2026-09-08T15:16:45Z,115,"slam15m_noise_n005_lifelong",84003,"lifelong_slam_t",108,66920,52893,"/opt/ros/jazzy/lib/slam_toolbox/lifelong_slam_toolbox_node --ros-args -r __node:=slam_toolbox -r __ns:=/ --params-file /oomwoo/contributions/compute-benchmark/OsakaTX/scripts/lifelong_slam_params.yaml --params-file /tmp/launch_params_fx3k_6ap"
2026-09-08T15:16:45Z,115,"slam15m_noise_n005_lifelong",84037,"bash",0.3,4484,1138,"bash /oomwoo/contributions/compute-benchmark/xbattlax/scripts/measure_ros_processes.sh --pattern python3|lifelong_slam_toolbox_node --duration 470 --interval 2 --label slam15m_noise_n005_lifelong --output /oomwoo/contributions/compute-benchmark/OsakaTX/scripts/../results/slam15m_noise_n005_lifelong_20260908T151228Z.csv"
2026-09-08T15:16:47Z,116,"slam15m_noise_n005_lifelong",191,"python3",0.1,69860,46799,"/usr/bin/python3 -c from ros2cli.daemon.daemonize import main; main() --name ros2-daemon --ros-domain-id 0 --rmw-implementation rmw_fastrtps_cpp"
2026-09-08T15:16:47Z,116,"slam15m_noise_n005_lifelong",83970,"python3",4.8,72320,48998,"python3 /oomwoo/contributions/compute-benchmark/OsakaTX/scripts/synthetic_scan_publisher.py --duration 505 --loop-s 40 --hz 5.0 --room-half 7.5 --noise 0.05"
2026-09-08T15:16:47Z,116,"slam15m_noise_n005_lifelong",83986,"ros2",0.5,74904,51433,"/usr/bin/python3 /opt/ros/jazzy/bin/ros2 launch /oomwoo/contributions/compute-benchmark/OsakaTX/scripts/lifelong_launch.py slam_params_file:=/oomwoo/contributions/compute-benchmark/OsakaTX/scripts/lifelong_slam_params.yaml use_sim_time:=False autostart:=true"
2026-09-08T15:16:47Z,116,"slam15m_noise_n005_lifelong",84003,"lifelong_slam_t",108,66976,52950,"/opt/ros/jazzy/lib/slam_toolbox/lifelong_slam_toolbox_node --ros-args -r __node:=slam_toolbox -r __ns:=/ --params-file /oomwoo/contributions/compute-benchmark/OsakaTX/scripts/lifelong_slam_params.yaml --params-file /tmp/launch_params_fx3k_6ap"
2026-09-08T15:16:47Z,116,"slam15m_noise_n005_lifelong",84037,"bash",0.3,4484,1140,"bash /oomwoo/contributions/compute-benchmark/xbattlax/scripts/measure_ros_processes.sh --pattern python3|lifelong_slam_toolbox_node --duration 470 --interval 2 --label slam15m_noise_n005_lifelong --output /oomwoo/contributions/compute-benchmark/OsakaTX/scripts/../results/slam15m_noise_n005_lifelong_20260908T151228Z.csv"
2026-09-08T15:16:49Z,117,"slam15m_noise_n005_lifelong",191,"python3",0.1,69860,46797,"/usr/bin/python3 -c from ros2cli.daemon.daemonize import main; main() --name ros2-daemon --ros-domain-id 0 --rmw-implementation rmw_fastrtps_cpp"
2026-09-08T15:16:49Z,117,"slam15m_noise_n005_lifelong",83970,"python3",4.8,72320,49000,"python3 /oomwoo/contributions/compute-benchmark/OsakaTX/scripts/synthetic_scan_publisher.py --duration 505 --loop-s 40 --hz 5.0 --room-half 7.5 --noise 0.05"
2026-09-08T15:16:49Z,117,"slam15m_noise_n005_lifelong",83986,"ros2",0.5,74904,51432,"/usr/bin/python3 /opt/ros/jazzy/bin/ros2 launch /oomwoo/contributions/compute-benchmark/OsakaTX/scripts/lifelong_launch.py slam_params_file:=/oomwoo/contributions/compute-benchmark/OsakaTX/scripts/lifelong_slam_params.yaml use_sim_time:=False autostart:=true"
2026-09-08T15:16:49Z,117,"slam15m_noise_n005_lifelong",84003,"lifelong_slam_t",108,67036,53009,"/opt/ros/jazzy/lib/slam_toolbox/lifelong_slam_toolbox_node --ros-args -r __node:=slam_toolbox -r __ns:=/ --params-file /oomwoo/contributions/compute-benchmark/OsakaTX/scripts/lifelong_slam_params.yaml --params-file /tmp/launch_params_fx3k_6ap"
2026-09-08T15:16:49Z,117,"slam15m_noise_n005_lifelong",84037,"bash",0.3,4484,1139,"bash /oomwoo/contributions/compute-benchmark/xbattlax/scripts/measure_ros_processes.sh --pattern python3|lifelong_slam_toolbox_node --duration 470 --interval 2 --label slam15m_noise_n005_lifelong --output /oomwoo/contributions/compute-benchmark/OsakaTX/scripts/../results/slam15m_noise_n005_lifelong_20260908T151228Z.csv"
2026-09-08T15:16:51Z,118,"slam15m_noise_n005_lifelong",191,"python3",0.1,69860,46797,"/usr/bin/python3 -c from ros2cli.daemon.daemonize import main; main() --name ros2-daemon --ros-domain-id 0 --rmw-implementation rmw_fastrtps_cpp"
2026-09-08T15:16:51Z,118,"slam15m_noise_n005_lifelong",83970,"python3",4.8,72320,48998,"python3 /oomwoo/contributions/compute-benchmark/OsakaTX/scripts/synthetic_scan_publisher.py --duration 505 --loop-s 40 --hz 5.0 --room-half 7.5 --noise 0.05"
2026-09-08T15:16:51Z,118,"slam15m_noise_n005_lifelong",83986,"ros2",0.5,74904,51431,"/usr/bin/python3 /opt/ros/jazzy/bin/ros2 launch /oomwoo/contributions/compute-benchmark/OsakaTX/scripts/lifelong_launch.py slam_params_file:=/oomwoo/contributions/compute-benchmark/OsakaTX/scripts/lifelong_slam_params.yaml use_sim_time:=False autostart:=true"
2026-09-08T15:16:51Z,118,"slam15m_noise_n005_lifelong",84003,"lifelong_slam_t",109,67136,53109,"/opt/ros/jazzy/lib/slam_toolbox/lifelong_slam_toolbox_node --ros-args -r __node:=slam_toolbox -r __ns:=/ --params-file /oomwoo/contributions/compute-benchmark/OsakaTX/scripts/lifelong_slam_params.yaml --params-file /tmp/launch_params_fx3k_6ap"
2026-09-08T15:16:51Z,118,"slam15m_noise_n005_lifelong",84037,"bash",0.3,4484,1132,"bash /oomwoo/contributions/compute-benchmark/xbattlax/scripts/measure_ros_processes.sh --pattern python3|lifelong_slam_toolbox_node --duration 470 --interval 2 --label slam15m_noise_n005_lifelong --output /oomwoo/contributions/compute-benchmark/OsakaTX/scripts/../results/slam15m_noise_n005_lifelong_20260908T151228Z.csv"
2026-09-08T15:16:53Z,119,"slam15m_noise_n005_lifelong",191,"python3",0.1,69860,46797,"/usr/bin/python3 -c from ros2cli.daemon.daemonize import main; main() --name ros2-daemon --ros-domain-id 0 --rmw-implementation rmw_fastrtps_cpp"
2026-09-08T15:16:53Z,119,"slam15m_noise_n005_lifelong",83970,"python3",4.8,72320,48998,"python3 /oomwoo/contributions/compute-benchmark/OsakaTX/scripts/synthetic_scan_publisher.py --duration 505 --loop-s 40 --hz 5.0 --room-half 7.5 --noise 0.05"
2026-09-08T15:16:53Z,119,"slam15m_noise_n005_lifelong",83986,"ros2",0.5,74904,51436,"/usr/bin/python3 /opt/ros/jazzy/bin/ros2 launch /oomwoo/contributions/compute-benchmark/OsakaTX/scripts/lifelong_launch.py slam_params_file:=/oomwoo/contributions/compute-benchmark/OsakaTX/scripts/lifelong_slam_params.yaml use_sim_time:=False autostart:=true"
2026-09-08T15:16:53Z,119,"slam15m_noise_n005_lifelong",84003,"lifelong_slam_t",108,67152,53125,"/opt/ros/jazzy/lib/slam_toolbox/lifelong_slam_toolbox_node --ros-args -r __node:=slam_toolbox -r __ns:=/ --params-file /oomwoo/contributions/compute-benchmark/OsakaTX/scripts/lifelong_slam_params.yaml --params-file /tmp/launch_params_fx3k_6ap"
2026-09-08T15:16:53Z,119,"slam15m_noise_n005_lifelong",84037,"bash",0.3,4484,1138,"bash /oomwoo/contributions/compute-benchmark/xbattlax/scripts/measure_ros_processes.sh --pattern python3|lifelong_slam_toolbox_node --duration 470 --interval 2 --label slam15m_noise_n005_lifelong --output /oomwoo/contributions/compute-benchmark/OsakaTX/scripts/../results/slam15m_noise_n005_lifelong_20260908T151228Z.csv"
2026-09-08T15:16:55Z,120,"slam15m_noise_n005_lifelong",191,"python3",0.1,69860,46796,"/usr/bin/python3 -c from ros2cli.daemon.daemonize import main; main() --name ros2-daemon --ros-domain-id 0 --rmw-implementation rmw_fastrtps_cpp"
2026-09-08T15:16:55Z,120,"slam15m_noise_n005_lifelong",83970,"python3",4.8,72320,48998,"python3 /oomwoo/contributions/compute-benchmark/OsakaTX/scripts/synthetic_scan_publisher.py --duration 505 --loop-s 40 --hz 5.0 --room-half 7.5 --noise 0.05"
2026-09-08T15:16:55Z,120,"slam15m_noise_n005_lifelong",83986,"ros2",0.5,74904,51431,"/usr/bin/python3 /opt/ros/jazzy/bin/ros2 launch /oomwoo/contributions/compute-benchmark/OsakaTX/scripts/lifelong_launch.py slam_params_file:=/oomwoo/contributions/compute-benchmark/OsakaTX/scripts/lifelong_slam_params.yaml use_sim_time:=False autostart:=true"
2026-09-08T15:16:55Z,120,"slam15m_noise_n005_lifelong",84003,"lifelong_slam_t",109,67264,53238,"/opt/ros/jazzy/lib/slam_toolbox/lifelong_slam_toolbox_node --ros-args -r __node:=slam_toolbox -r __ns:=/ --params-file /oomwoo/contributions/compute-benchmark/OsakaTX/scripts/lifelong_slam_params.yaml --params-file /tmp/launch_params_fx3k_6ap"
2026-09-08T15:16:55Z,120,"slam15m_noise_n005_lifelong",84037,"bash",0.3,4484,1140,"bash /oomwoo/contributions/compute-benchmark/xbattlax/scripts/measure_ros_processes.sh --pattern python3|lifelong_slam_toolbox_node --duration 470 --interval 2 --label slam15m_noise_n005_lifelong --output /oomwoo/contributions/compute-benchmark/OsakaTX/scripts/../results/slam15m_noise_n005_lifelong_20260908T151228Z.csv"
2026-09-08T15:16:57Z,121,"slam15m_noise_n005_lifelong",191,"python3",0.1,69860,46797,"/usr/bin/python3 -c from ros2cli.daemon.daemonize import main; main() --name ros2-daemon --ros-domain-id 0 --rmw-implementation rmw_fastrtps_cpp"
2026-09-08T15:16:57Z,121,"slam15m_noise_n005_lifelong",83970,"python3",4.8,72320,48997,"python3 /oomwoo/contributions/compute-benchmark/OsakaTX/scripts/synthetic_scan_publisher.py --duration 505 --loop-s 40 --hz 5.0 --room-half 7.5 --noise 0.05"
2026-09-08T15:16:57Z,121,"slam15m_noise_n005_lifelong",83986,"ros2",0.5,74904,51430,"/usr/bin/python3 /opt/ros/jazzy/bin/ros2 launch /oomwoo/contributions/compute-benchmark/OsakaTX/scripts/lifelong_launch.py slam_params_file:=/oomwoo/contributions/compute-benchmark/OsakaTX/scripts/lifelong_slam_params.yaml use_sim_time:=False autostart:=true"
2026-09-08T15:16:57Z,121,"slam15m_noise_n005_lifelong",84003,"lifelong_slam_t",109,67264,53237,"/opt/ros/jazzy/lib/slam_toolbox/lifelong_slam_toolbox_node --ros-args -r __node:=slam_toolbox -r __ns:=/ --params-file /oomwoo/contributions/compute-benchmark/OsakaTX/scripts/lifelong_slam_params.yaml --params-file /tmp/launch_params_fx3k_6ap"
2026-09-08T15:16:57Z,121,"slam15m_noise_n005_lifelong",84037,"bash",0.3,4484,1140,"bash /oomwoo/contributions/compute-benchmark/xbattlax/scripts/measure_ros_processes.sh --pattern python3|lifelong_slam_toolbox_node --duration 470 --interval 2 --label slam15m_noise_n005_lifelong --output /oomwoo/contributions/compute-benchmark/OsakaTX/scripts/../results/slam15m_noise_n005_lifelong_20260908T151228Z.csv"
2026-09-08T15:17:00Z,122,"slam15m_noise_n005_lifelong",191,"python3",0.1,69860,46796,"/usr/bin/python3 -c from ros2cli.daemon.daemonize import main; main() --name ros2-daemon --ros-domain-id 0 --rmw-implementation rmw_fastrtps_cpp"
2026-09-08T15:17:00Z,122,"slam15m_noise_n005_lifelong",83970,"python3",4.8,72320,49000,"python3 /oomwoo/contributions/compute-benchmark/OsakaTX/scripts/synthetic_scan_publisher.py --duration 505 --loop-s 40 --hz 5.0 --room-half 7.5 --noise 0.05"
2026-09-08T15:17:00Z,122,"slam15m_noise_n005_lifelong",83986,"ros2",0.5,74904,51433,"/usr/bin/python3 /opt/ros/jazzy/bin/ros2 launch /oomwoo/contributions/compute-benchmark/OsakaTX/scripts/lifelong_launch.py slam_params_file:=/oomwoo/contributions/compute-benchmark/OsakaTX/scripts/lifelong_slam_params.yaml use_sim_time:=False autostart:=true"
2026-09-08T15:17:00Z,122,"slam15m_noise_n005_lifelong",84003,"lifelong_slam_t",109,67264,53238,"/opt/ros/jazzy/lib/slam_toolbox/lifelong_slam_toolbox_node --ros-args -r __node:=slam_toolbox -r __ns:=/ --params-file /oomwoo/contributions/compute-benchmark/OsakaTX/scripts/lifelong_slam_params.yaml --params-file /tmp/launch_params_fx3k_6ap"
2026-09-08T15:17:00Z,122,"slam15m_noise_n005_lifelong",84037,"bash",0.3,4488,1139,"bash /oomwoo/contributions/compute-benchmark/xbattlax/scripts/measure_ros_processes.sh --pattern python3|lifelong_slam_toolbox_node --duration 470 --interval 2 --label slam15m_noise_n005_lifelong --output /oomwoo/contributions/compute-benchmark/OsakaTX/scripts/../results/slam15m_noise_n005_lifelong_20260908T151228Z.csv"
2026-09-08T15:17:02Z,123,"slam15m_noise_n005_lifelong",191,"python3",0.1,69860,46796,"/usr/bin/python3 -c from ros2cli.daemon.daemonize import main; main() --name ros2-daemon --ros-domain-id 0 --rmw-implementation rmw_fastrtps_cpp"
2026-09-08T15:17:02Z,123,"slam15m_noise_n005_lifelong",83970,"python3",4.8,72320,48998,"python3 /oomwoo/contributions/compute-benchmark/OsakaTX/scripts/synthetic_scan_publisher.py --duration 505 --loop-s 40 --hz 5.0 --room-half 7.5 --noise 0.05"
2026-09-08T15:17:02Z,123,"slam15m_noise_n005_lifelong",83986,"ros2",0.5,74904,51436,"/usr/bin/python3 /opt/ros/jazzy/bin/ros2 launch /oomwoo/contributions/compute-benchmark/OsakaTX/scripts/lifelong_launch.py slam_params_file:=/oomwoo/contributions/compute-benchmark/OsakaTX/scripts/lifelong_slam_params.yaml use_sim_time:=False autostart:=true"
2026-09-08T15:17:02Z,123,"slam15m_noise_n005_lifelong",84003,"lifelong_slam_t",109,67324,53298,"/opt/ros/jazzy/lib/slam_toolbox/lifelong_slam_toolbox_node --ros-args -r __node:=slam_toolbox -r __ns:=/ --params-file /oomwoo/contributions/compute-benchmark/OsakaTX/scripts/lifelong_slam_params.yaml --params-file /tmp/launch_params_fx3k_6ap"
2026-09-08T15:17:02Z,123,"slam15m_noise_n005_lifelong",84037,"bash",0.3,4488,1139,"bash /oomwoo/contributions/compute-benchmark/xbattlax/scripts/measure_ros_processes.sh --pattern python3|lifelong_slam_toolbox_node --duration 470 --interval 2 --label slam15m_noise_n005_lifelong --output /oomwoo/contributions/compute-benchmark/OsakaTX/scripts/../results/slam15m_noise_n005_lifelong_20260908T151228Z.csv"
2026-09-08T15:17:04Z,124,"slam15m_noise_n005_lifelong",191,"python3",0.1,69860,46799,"/usr/bin/python3 -c from ros2cli.daemon.daemonize import main; main() --name ros2-daemon --ros-domain-id 0 --rmw-implementation rmw_fastrtps_cpp"
2026-09-08T15:17:04Z,124,"slam15m_noise_n005_lifelong",83970,"python3",4.8,72320,48996,"python3 /oomwoo/contributions/compute-benchmark/OsakaTX/scripts/synthetic_scan_publisher.py --duration 505 --loop-s 40 --hz 5.0 --room-half 7.5 --noise 0.05"
2026-09-08T15:17:04Z,124,"slam15m_noise_n005_lifelong",83986,"ros2",0.5,74904,51431,"/usr/bin/python3 /opt/ros/jazzy/bin/ros2 launch /oomwoo/contributions/compute-benchmark/OsakaTX/scripts/lifelong_launch.py slam_params_file:=/oomwoo/contributions/compute-benchmark/OsakaTX/scripts/lifelong_slam_params.yaml use_sim_time:=False autostart:=true"
2026-09-08T15:17:04Z,124,"slam15m_noise_n005_lifelong",84003,"lifelong_slam_t",109,67324,53297,"/opt/ros/jazzy/lib/slam_toolbox/lifelong_slam_toolbox_node --ros-args -r __node:=slam_toolbox -r __ns:=/ --params-file /oomwoo/contributions/compute-benchmark/OsakaTX/scripts/lifelong_slam_params.yaml --params-file /tmp/launch_params_fx3k_6ap"
2026-09-08T15:17:04Z,124,"slam15m_noise_n005_lifelong",84037,"bash",0.3,4488,1139,"bash /oomwoo/contributions/compute-benchmark/xbattlax/scripts/measure_ros_processes.sh --pattern python3|lifelong_slam_toolbox_node --duration 470 --interval 2 --label slam15m_noise_n005_lifelong --output /oomwoo/contributions/compute-benchmark/OsakaTX/scripts/../results/slam15m_noise_n005_lifelong_20260908T151228Z.csv"
2026-09-08T15:17:06Z,125,"slam15m_noise_n005_lifelong",191,"python3",0.1,69860,46796,"/usr/bin/python3 -c from ros2cli.daemon.daemonize import main; main() --name ros2-daemon --ros-domain-id 0 --rmw-implementation rmw_fastrtps_cpp"
2026-09-08T15:17:06Z,125,"slam15m_noise_n005_lifelong",83970,"python3",4.8,72320,48998,"python3 /oomwoo/contributions/compute-benchmark/OsakaTX/scripts/synthetic_scan_publisher.py --duration 505 --loop-s 40 --hz 5.0 --room-half 7.5 --noise 0.05"
2026-09-08T15:17:06Z,125,"slam15m_noise_n005_lifelong",83986,"ros2",0.5,74904,51433,"/usr/bin/python3 /opt/ros/jazzy/bin/ros2 launch /oomwoo/contributions/compute-benchmark/OsakaTX/scripts/lifelong_launch.py slam_params_file:=/oomwoo/contributions/compute-benchmark/OsakaTX/scripts/lifelong_slam_params.yaml use_sim_time:=False autostart:=true"
2026-09-08T15:17:06Z,125,"slam15m_noise_n005_lifelong",84003,"lifelong_slam_t",109,67324,53296,"/opt/ros/jazzy/lib/slam_toolbox/lifelong_slam_toolbox_node --ros-args -r __node:=slam_toolbox -r __ns:=/ --params-file /oomwoo/contributions/compute-benchmark/OsakaTX/scripts/lifelong_slam_params.yaml --params-file /tmp/launch_params_fx3k_6ap"
2026-09-08T15:17:06Z,125,"slam15m_noise_n005_lifelong",84037,"bash",0.3,4488,1141,"bash /oomwoo/contributions/compute-benchmark/xbattlax/scripts/measure_ros_processes.sh --pattern python3|lifelong_slam_toolbox_node --duration 470 --interval 2 --label slam15m_noise_n005_lifelong --output /oomwoo/contributions/compute-benchmark/OsakaTX/scripts/../results/slam15m_noise_n005_lifelong_20260908T151228Z.csv"
2026-09-08T15:17:08Z,126,"slam15m_noise_n005_lifelong",191,"python3",0.1,69860,46797,"/usr/bin/python3 -c from ros2cli.daemon.daemonize import main; main() --name ros2-daemon --ros-domain-id 0 --rmw-implementation rmw_fastrtps_cpp"
2026-09-08T15:17:08Z,126,"slam15m_noise_n005_lifelong",83970,"python3",4.8,72320,48998,"python3 /oomwoo/contributions/compute-benchmark/OsakaTX/scripts/synthetic_scan_publisher.py --duration 505 --loop-s 40 --hz 5.0 --room-half 7.5 --noise 0.05"
2026-09-08T15:17:08Z,126,"slam15m_noise_n005_lifelong",83986,"ros2",0.5,74908,51434,"/usr/bin/python3 /opt/ros/jazzy/bin/ros2 launch /oomwoo/contributions/compute-benchmark/OsakaTX/scripts/lifelong_launch.py slam_params_file:=/oomwoo/contributions/compute-benchmark/OsakaTX/scripts/lifelong_slam_params.yaml use_sim_time:=False autostart:=true"
2026-09-08T15:17:08Z,126,"slam15m_noise_n005_lifelong",84003,"lifelong_slam_t",110,67356,53330,"/opt/ros/jazzy/lib/slam_toolbox/lifelong_slam_toolbox_node --ros-args -r __node:=slam_toolbox -r __ns:=/ --params-file /oomwoo/contributions/compute-benchmark/OsakaTX/scripts/lifelong_slam_params.yaml --params-file /tmp/launch_params_fx3k_6ap"
2026-09-08T15:17:08Z,126,"slam15m_noise_n005_lifelong",84037,"bash",0.3,4488,1140,"bash /oomwoo/contributions/compute-benchmark/xbattlax/scripts/measure_ros_processes.sh --pattern python3|lifelong_slam_toolbox_node --duration 470 --interval 2 --label slam15m_noise_n005_lifelong --output /oomwoo/contributions/compute-benchmark/OsakaTX/scripts/../results/slam15m_noise_n005_lifelong_20260908T151228Z.csv"
2026-09-08T15:17:10Z,127,"slam15m_noise_n005_lifelong",191,"python3",0.1,69860,46796,"/usr/bin/python3 -c from ros2cli.daemon.daemonize import main; main() --name ros2-daemon --ros-domain-id 0 --rmw-implementation rmw_fastrtps_cpp"
2026-09-08T15:17:10Z,127,"slam15m_noise_n005_lifelong",83970,"python3",4.8,72320,48998,"python3 /oomwoo/contributions/compute-benchmark/OsakaTX/scripts/synthetic_scan_publisher.py --duration 505 --loop-s 40 --hz 5.0 --room-half 7.5 --noise 0.05"
2026-09-08T15:17:10Z,127,"slam15m_noise_n005_lifelong",83986,"ros2",0.5,74908,51435,"/usr/bin/python3 /opt/ros/jazzy/bin/ros2 launch /oomwoo/contributions/compute-benchmark/OsakaTX/scripts/lifelong_launch.py slam_params_file:=/oomwoo/contributions/compute-benchmark/OsakaTX/scripts/lifelong_slam_params.yaml use_sim_time:=False autostart:=true"
2026-09-08T15:17:10Z,127,"slam15m_noise_n005_lifelong",84003,"lifelong_slam_t",110,67356,53330,"/opt/ros/jazzy/lib/slam_toolbox/lifelong_slam_toolbox_node --ros-args -r __node:=slam_toolbox -r __ns:=/ --params-file /oomwoo/contributions/compute-benchmark/OsakaTX/scripts/lifelong_slam_params.yaml --params-file /tmp/launch_params_fx3k_6ap"
2026-09-08T15:17:10Z,127,"slam15m_noise_n005_lifelong",84037,"bash",0.3,4488,1137,"bash /oomwoo/contributions/compute-benchmark/xbattlax/scripts/measure_ros_processes.sh --pattern python3|lifelong_slam_toolbox_node --duration 470 --interval 2 --label slam15m_noise_n005_lifelong --output /oomwoo/contributions/compute-benchmark/OsakaTX/scripts/../results/slam15m_noise_n005_lifelong_20260908T151228Z.csv"
2026-09-08T15:17:12Z,128,"slam15m_noise_n005_lifelong",191,"python3",0.1,69860,46797,"/usr/bin/python3 -c from ros2cli.daemon.daemonize import main; main() --name ros2-daemon --ros-domain-id 0 --rmw-implementation rmw_fastrtps_cpp"
2026-09-08T15:17:12Z,128,"slam15m_noise_n005_lifelong",83970,"python3",4.8,72320,48996,"python3 /oomwoo/contributions/compute-benchmark/OsakaTX/scripts/synthetic_scan_publisher.py --duration 505 --loop-s 40 --hz 5.0 --room-half 7.5 --noise 0.05"
2026-09-08T15:17:12Z,128,"slam15m_noise_n005_lifelong",83986,"ros2",0.5,74908,51438,"/usr/bin/python3 /opt/ros/jazzy/bin/ros2 launch /oomwoo/contributions/compute-benchmark/OsakaTX/scripts/lifelong_launch.py slam_params_file:=/oomwoo/contributions/compute-benchmark/OsakaTX/scripts/lifelong_slam_params.yaml use_sim_time:=False autostart:=true"
2026-09-08T15:17:12Z,128,"slam15m_noise_n005_lifelong",84003,"lifelong_slam_t",110,67356,53330,"/opt/ros/jazzy/lib/slam_toolbox/lifelong_slam_toolbox_node --ros-args -r __node:=slam_toolbox -r __ns:=/ --params-file /oomwoo/contributions/compute-benchmark/OsakaTX/scripts/lifelong_slam_params.yaml --params-file /tmp/launch_params_fx3k_6ap"
2026-09-08T15:17:12Z,128,"slam15m_noise_n005_lifelong",84037,"bash",0.3,4488,1136,"bash /oomwoo/contributions/compute-benchmark/xbattlax/scripts/measure_ros_processes.sh --pattern python3|lifelong_slam_toolbox_node --duration 470 --interval 2 --label slam15m_noise_n005_lifelong --output /oomwoo/contributions/compute-benchmark/OsakaTX/scripts/../results/slam15m_noise_n005_lifelong_20260908T151228Z.csv"
2026-09-08T15:17:15Z,129,"slam15m_noise_n005_lifelong",191,"python3",0.1,69860,46796,"/usr/bin/python3 -c from ros2cli.daemon.daemonize import main; main() --name ros2-daemon --ros-domain-id 0 --rmw-implementation rmw_fastrtps_cpp"
2026-09-08T15:17:15Z,129,"slam15m_noise_n005_lifelong",83970,"python3",4.8,72320,48998,"python3 /oomwoo/contributions/compute-benchmark/OsakaTX/scripts/synthetic_scan_publisher.py --duration 505 --loop-s 40 --hz 5.0 --room-half 7.5 --noise 0.05"
2026-09-08T15:17:15Z,129,"slam15m_noise_n005_lifelong",83986,"ros2",0.5,74908,51434,"/usr/bin/python3 /opt/ros/jazzy/bin/ros2 launch /oomwoo/contributions/compute-benchmark/OsakaTX/scripts/lifelong_launch.py slam_params_file:=/oomwoo/contributions/compute-benchmark/OsakaTX/scripts/lifelong_slam_params.yaml use_sim_time:=False autostart:=true"
2026-09-08T15:17:15Z,129,"slam15m_noise_n005_lifelong",84003,"lifelong_slam_t",110,67356,53330,"/opt/ros/jazzy/lib/slam_toolbox/lifelong_slam_toolbox_node --ros-args -r __node:=slam_toolbox -r __ns:=/ --params-file /oomwoo/contributions/compute-benchmark/OsakaTX/scripts/lifelong_slam_params.yaml --params-file /tmp/launch_params_fx3k_6ap"
2026-09-08T15:17:15Z,129,"slam15m_noise_n005_lifelong",84037,"bash",0.3,4488,1139,"bash /oomwoo/contributions/compute-benchmark/xbattlax/scripts/measure_ros_processes.sh --pattern python3|lifelong_slam_toolbox_node --duration 470 --interval 2 --label slam15m_noise_n005_lifelong --output /oomwoo/contributions/compute-benchmark/OsakaTX/scripts/../results/slam15m_noise_n005_lifelong_20260908T151228Z.csv"
2026-09-08T15:17:17Z,130,"slam15m_noise_n005_lifelong",191,"python3",0.1,69860,46796,"/usr/bin/python3 -c from ros2cli.daemon.daemonize import main; main() --name ros2-daemon --ros-domain-id 0 --rmw-implementation rmw_fastrtps_cpp"
2026-09-08T15:17:17Z,130,"slam15m_noise_n005_lifelong",83970,"python3",4.8,72320,48998,"python3 /oomwoo/contributions/compute-benchmark/OsakaTX/scripts/synthetic_scan_publisher.py --duration 505 --loop-s 40 --hz 5.0 --room-half 7.5 --noise 0.05"
2026-09-08T15:17:17Z,130,"slam15m_noise_n005_lifelong",83986,"ros2",0.5,74908,51438,"/usr/bin/python3 /opt/ros/jazzy/bin/ros2 launch /oomwoo/contributions/compute-benchmark/OsakaTX/scripts/lifelong_launch.py slam_params_file:=/oomwoo/contributions/compute-benchmark/OsakaTX/scripts/lifelong_slam_params.yaml use_sim_time:=False autostart:=true"
2026-09-08T15:17:17Z,130,"slam15m_noise_n005_lifelong",84003,"lifelong_slam_t",110,67424,53399,"/opt/ros/jazzy/lib/slam_toolbox/lifelong_slam_toolbox_node --ros-args -r __node:=slam_toolbox -r __ns:=/ --params-file /oomwoo/contributions/compute-benchmark/OsakaTX/scripts/lifelong_slam_params.yaml --params-file /tmp/launch_params_fx3k_6ap"
2026-09-08T15:17:17Z,130,"slam15m_noise_n005_lifelong",84037,"bash",0.3,4488,1138,"bash /oomwoo/contributions/compute-benchmark/xbattlax/scripts/measure_ros_processes.sh --pattern python3|lifelong_slam_toolbox_node --duration 470 --interval 2 --label slam15m_noise_n005_lifelong --output /oomwoo/contributions/compute-benchmark/OsakaTX/scripts/../results/slam15m_noise_n005_lifelong_20260908T151228Z.csv"
2026-09-08T15:17:19Z,131,"slam15m_noise_n005_lifelong",191,"python3",0.1,69860,46795,"/usr/bin/python3 -c from ros2cli.daemon.daemonize import main; main() --name ros2-daemon --ros-domain-id 0 --rmw-implementation rmw_fastrtps_cpp"
2026-09-08T15:17:19Z,131,"slam15m_noise_n005_lifelong",83970,"python3",4.8,72320,49000,"python3 /oomwoo/contributions/compute-benchmark/OsakaTX/scripts/synthetic_scan_publisher.py --duration 505 --loop-s 40 --hz 5.0 --room-half 7.5 --noise 0.05"
2026-09-08T15:17:19Z,131,"slam15m_noise_n005_lifelong",83986,"ros2",0.5,74908,51441,"/usr/bin/python3 /opt/ros/jazzy/bin/ros2 launch /oomwoo/contributions/compute-benchmark/OsakaTX/scripts/lifelong_launch.py slam_params_file:=/oomwoo/contributions/compute-benchmark/OsakaTX/scripts/lifelong_slam_params.yaml use_sim_time:=False autostart:=true"
2026-09-08T15:17:19Z,131,"slam15m_noise_n005_lifelong",84003,"lifelong_slam_t",110,67424,53399,"/opt/ros/jazzy/lib/slam_toolbox/lifelong_slam_toolbox_node --ros-args -r __node:=slam_toolbox -r __ns:=/ --params-file /oomwoo/contributions/compute-benchmark/OsakaTX/scripts/lifelong_slam_params.yaml --params-file /tmp/launch_params_fx3k_6ap"
2026-09-08T15:17:19Z,131,"slam15m_noise_n005_lifelong",84037,"bash",0.3,4488,1135,"bash /oomwoo/contributions/compute-benchmark/xbattlax/scripts/measure_ros_processes.sh --pattern python3|lifelong_slam_toolbox_node --duration 470 --interval 2 --label slam15m_noise_n005_lifelong --output /oomwoo/contributions/compute-benchmark/OsakaTX/scripts/../results/slam15m_noise_n005_lifelong_20260908T151228Z.csv"
2026-09-08T15:17:21Z,132,"slam15m_noise_n005_lifelong",191,"python3",0.1,69860,46795,"/usr/bin/python3 -c from ros2cli.daemon.daemonize import main; main() --name ros2-daemon --ros-domain-id 0 --rmw-implementation rmw_fastrtps_cpp"
2026-09-08T15:17:21Z,132,"slam15m_noise_n005_lifelong",83970,"python3",4.8,72320,48998,"python3 /oomwoo/contributions/compute-benchmark/OsakaTX/scripts/synthetic_scan_publisher.py --duration 505 --loop-s 40 --hz 5.0 --room-half 7.5 --noise 0.05"
2026-09-08T15:17:21Z,132,"slam15m_noise_n005_lifelong",83986,"ros2",0.5,74908,51437,"/usr/bin/python3 /opt/ros/jazzy/bin/ros2 launch /oomwoo/contributions/compute-benchmark/OsakaTX/scripts/lifelong_launch.py slam_params_file:=/oomwoo/contributions/compute-benchmark/OsakaTX/scripts/lifelong_slam_params.yaml use_sim_time:=False autostart:=true"
2026-09-08T15:17:21Z,132,"slam15m_noise_n005_lifelong",84003,"lifelong_slam_t",110,67424,53399,"/opt/ros/jazzy/lib/slam_toolbox/lifelong_slam_toolbox_node --ros-args -r __node:=slam_toolbox -r __ns:=/ --params-file /oomwoo/contributions/compute-benchmark/OsakaTX/scripts/lifelong_slam_params.yaml --params-file /tmp/launch_params_fx3k_6ap"
2026-09-08T15:17:21Z,132,"slam15m_noise_n005_lifelong",84037,"bash",0.3,4488,1138,"bash /oomwoo/contributions/compute-benchmark/xbattlax/scripts/measure_ros_processes.sh --pattern python3|lifelong_slam_toolbox_node --duration 470 --interval 2 --label slam15m_noise_n005_lifelong --output /oomwoo/contributions/compute-benchmark/OsakaTX/scripts/../results/slam15m_noise_n005_lifelong_20260908T151228Z.csv"
2026-09-08T15:17:23Z,133,"slam15m_noise_n005_lifelong",191,"python3",0.1,69860,46798,"/usr/bin/python3 -c from ros2cli.daemon.daemonize import main; main() --name ros2-daemon --ros-domain-id 0 --rmw-implementation rmw_fastrtps_cpp"
2026-09-08T15:17:23Z,133,"slam15m_noise_n005_lifelong",83970,"python3",4.8,72320,49000,"python3 /oomwoo/contributions/compute-benchmark/OsakaTX/scripts/synthetic_scan_publisher.py --duration 505 --loop-s 40 --hz 5.0 --room-half 7.5 --noise 0.05"
2026-09-08T15:17:23Z,133,"slam15m_noise_n005_lifelong",83986,"ros2",0.5,74908,51435,"/usr/bin/python3 /opt/ros/jazzy/bin/ros2 launch /oomwoo/contributions/compute-benchmark/OsakaTX/scripts/lifelong_launch.py slam_params_file:=/oomwoo/contributions/compute-benchmark/OsakaTX/scripts/lifelong_slam_params.yaml use_sim_time:=False autostart:=true"
2026-09-08T15:17:23Z,133,"slam15m_noise_n005_lifelong",84003,"lifelong_slam_t",110,67424,53397,"/opt/ros/jazzy/lib/slam_toolbox/lifelong_slam_toolbox_node --ros-args -r __node:=slam_toolbox -r __ns:=/ --params-file /oomwoo/contributions/compute-benchmark/OsakaTX/scripts/lifelong_slam_params.yaml --params-file /tmp/launch_params_fx3k_6ap"
2026-09-08T15:17:23Z,133,"slam15m_noise_n005_lifelong",84037,"bash",0.3,4488,1139,"bash /oomwoo/contributions/compute-benchmark/xbattlax/scripts/measure_ros_processes.sh --pattern python3|lifelong_slam_toolbox_node --duration 470 --interval 2 --label slam15m_noise_n005_lifelong --output /oomwoo/contributions/compute-benchmark/OsakaTX/scripts/../results/slam15m_noise_n005_lifelong_20260908T151228Z.csv"
2026-09-08T15:17:25Z,134,"slam15m_noise_n005_lifelong",191,"python3",0.1,69860,46797,"/usr/bin/python3 -c from ros2cli.daemon.daemonize import main; main() --name ros2-daemon --ros-domain-id 0 --rmw-implementation rmw_fastrtps_cpp"
2026-09-08T15:17:25Z,134,"slam15m_noise_n005_lifelong",83970,"python3",4.8,72320,49000,"python3 /oomwoo/contributions/compute-benchmark/OsakaTX/scripts/synthetic_scan_publisher.py --duration 505 --loop-s 40 --hz 5.0 --room-half 7.5 --noise 0.05"
2026-09-08T15:17:25Z,134,"slam15m_noise_n005_lifelong",83986,"ros2",0.5,74908,51440,"/usr/bin/python3 /opt/ros/jazzy/bin/ros2 launch /oomwoo/contributions/compute-benchmark/OsakaTX/scripts/lifelong_launch.py slam_params_file:=/oomwoo/contributions/compute-benchmark/OsakaTX/scripts/lifelong_slam_params.yaml use_sim_time:=False autostart:=true"
2026-09-08T15:17:25Z,134,"slam15m_noise_n005_lifelong",84003,"lifelong_slam_t",110,67424,53397,"/opt/ros/jazzy/lib/slam_toolbox/lifelong_slam_toolbox_node --ros-args -r __node:=slam_toolbox -r __ns:=/ --params-file /oomwoo/contributions/compute-benchmark/OsakaTX/scripts/lifelong_slam_params.yaml --params-file /tmp/launch_params_fx3k_6ap"
2026-09-08T15:17:25Z,134,"slam15m_noise_n005_lifelong",84037,"bash",0.3,4488,1137,"bash /oomwoo/contributions/compute-benchmark/xbattlax/scripts/measure_ros_processes.sh --pattern python3|lifelong_slam_toolbox_node --duration 470 --interval 2 --label slam15m_noise_n005_lifelong --output /oomwoo/contributions/compute-benchmark/OsakaTX/scripts/../results/slam15m_noise_n005_lifelong_20260908T151228Z.csv"
2026-09-08T15:17:27Z,135,"slam15m_noise_n005_lifelong",191,"python3",0.1,69860,46795,"/usr/bin/python3 -c from ros2cli.daemon.daemonize import main; main() --name ros2-daemon --ros-domain-id 0 --rmw-implementation rmw_fastrtps_cpp"
2026-09-08T15:17:27Z,135,"slam15m_noise_n005_lifelong",83970,"python3",4.8,72320,48998,"python3 /oomwoo/contributions/compute-benchmark/OsakaTX/scripts/synthetic_scan_publisher.py --duration 505 --loop-s 40 --hz 5.0 --room-half 7.5 --noise 0.05"
2026-09-08T15:17:27Z,135,"slam15m_noise_n005_lifelong",83986,"ros2",0.5,74908,51436,"/usr/bin/python3 /opt/ros/jazzy/bin/ros2 launch /oomwoo/contributions/compute-benchmark/OsakaTX/scripts/lifelong_launch.py slam_params_file:=/oomwoo/contributions/compute-benchmark/OsakaTX/scripts/lifelong_slam_params.yaml use_sim_time:=False autostart:=true"
2026-09-08T15:17:27Z,135,"slam15m_noise_n005_lifelong",84003,"lifelong_slam_t",111,67616,53588,"/opt/ros/jazzy/lib/slam_toolbox/lifelong_slam_toolbox_node --ros-args -r __node:=slam_toolbox -r __ns:=/ --params-file /oomwoo/contributions/compute-benchmark/OsakaTX/scripts/lifelong_slam_params.yaml --params-file /tmp/launch_params_fx3k_6ap"
2026-09-08T15:17:27Z,135,"slam15m_noise_n005_lifelong",84037,"bash",0.3,4488,1144,"bash /oomwoo/contributions/compute-benchmark/xbattlax/scripts/measure_ros_processes.sh --pattern python3|lifelong_slam_toolbox_node --duration 470 --interval 2 --label slam15m_noise_n005_lifelong --output /oomwoo/contributions/compute-benchmark/OsakaTX/scripts/../results/slam15m_noise_n005_lifelong_20260908T151228Z.csv"
2026-09-08T15:17:30Z,136,"slam15m_noise_n005_lifelong",191,"python3",0.1,69860,46799,"/usr/bin/python3 -c from ros2cli.daemon.daemonize import main; main() --name ros2-daemon --ros-domain-id 0 --rmw-implementation rmw_fastrtps_cpp"
2026-09-08T15:17:30Z,136,"slam15m_noise_n005_lifelong",83970,"python3",4.8,72320,48998,"python3 /oomwoo/contributions/compute-benchmark/OsakaTX/scripts/synthetic_scan_publisher.py --duration 505 --loop-s 40 --hz 5.0 --room-half 7.5 --noise 0.05"
2026-09-08T15:17:30Z,136,"slam15m_noise_n005_lifelong",83986,"ros2",0.5,74908,51438,"/usr/bin/python3 /opt/ros/jazzy/bin/ros2 launch /oomwoo/contributions/compute-benchmark/OsakaTX/scripts/lifelong_launch.py slam_params_file:=/oomwoo/contributions/compute-benchmark/OsakaTX/scripts/lifelong_slam_params.yaml use_sim_time:=False autostart:=true"
2026-09-08T15:17:30Z,136,"slam15m_noise_n005_lifelong",84003,"lifelong_slam_t",111,67616,53590,"/opt/ros/jazzy/lib/slam_toolbox/lifelong_slam_toolbox_node --ros-args -r __node:=slam_toolbox -r __ns:=/ --params-file /oomwoo/contributions/compute-benchmark/OsakaTX/scripts/lifelong_slam_params.yaml --params-file /tmp/launch_params_fx3k_6ap"
2026-09-08T15:17:30Z,136,"slam15m_noise_n005_lifelong",84037,"bash",0.3,4488,1137,"bash /oomwoo/contributions/compute-benchmark/xbattlax/scripts/measure_ros_processes.sh --pattern python3|lifelong_slam_toolbox_node --duration 470 --interval 2 --label slam15m_noise_n005_lifelong --output /oomwoo/contributions/compute-benchmark/OsakaTX/scripts/../results/slam15m_noise_n005_lifelong_20260908T151228Z.csv"
2026-09-08T15:17:32Z,137,"slam15m_noise_n005_lifelong",191,"python3",0.1,69860,46797,"/usr/bin/python3 -c from ros2cli.daemon.daemonize import main; main() --name ros2-daemon --ros-domain-id 0 --rmw-implementation rmw_fastrtps_cpp"
2026-09-08T15:17:32Z,137,"slam15m_noise_n005_lifelong",83970,"python3",4.8,72320,48998,"python3 /oomwoo/contributions/compute-benchmark/OsakaTX/scripts/synthetic_scan_publisher.py --duration 505 --loop-s 40 --hz 5.0 --room-half 7.5 --noise 0.05"
2026-09-08T15:17:32Z,137,"slam15m_noise_n005_lifelong",83986,"ros2",0.5,74908,51438,"/usr/bin/python3 /opt/ros/jazzy/bin/ros2 launch /oomwoo/contributions/compute-benchmark/OsakaTX/scripts/lifelong_launch.py slam_params_file:=/oomwoo/contributions/compute-benchmark/OsakaTX/scripts/lifelong_slam_params.yaml use_sim_time:=False autostart:=true"
2026-09-08T15:17:32Z,137,"slam15m_noise_n005_lifelong",84003,"lifelong_slam_t",110,67616,53590,"/opt/ros/jazzy/lib/slam_toolbox/lifelong_slam_toolbox_node --ros-args -r __node:=slam_toolbox -r __ns:=/ --params-file /oomwoo/contributions/compute-benchmark/OsakaTX/scripts/lifelong_slam_params.yaml --params-file /tmp/launch_params_fx3k_6ap"
2026-09-08T15:17:32Z,137,"slam15m_noise_n005_lifelong",84037,"bash",0.3,4488,1136,"bash /oomwoo/contributions/compute-benchmark/xbattlax/scripts/measure_ros_processes.sh --pattern python3|lifelong_slam_toolbox_node --duration 470 --interval 2 --label slam15m_noise_n005_lifelong --output /oomwoo/contributions/compute-benchmark/OsakaTX/scripts/../results/slam15m_noise_n005_lifelong_20260908T151228Z.csv"
2026-09-08T15:17:34Z,138,"slam15m_noise_n005_lifelong",191,"python3",0.1,69860,46796,"/usr/bin/python3 -c from ros2cli.daemon.daemonize import main; main() --name ros2-daemon --ros-domain-id 0 --rmw-implementation rmw_fastrtps_cpp"
2026-09-08T15:17:34Z,138,"slam15m_noise_n005_lifelong",83970,"python3",4.8,72320,48996,"python3 /oomwoo/contributions/compute-benchmark/OsakaTX/scripts/synthetic_scan_publisher.py --duration 505 --loop-s 40 --hz 5.0 --room-half 7.5 --noise 0.05"
2026-09-08T15:17:34Z,138,"slam15m_noise_n005_lifelong",83986,"ros2",0.5,74908,51434,"/usr/bin/python3 /opt/ros/jazzy/bin/ros2 launch /oomwoo/contributions/compute-benchmark/OsakaTX/scripts/lifelong_launch.py slam_params_file:=/oomwoo/contributions/compute-benchmark/OsakaTX/scripts/lifelong_slam_params.yaml use_sim_time:=False autostart:=true"
2026-09-08T15:17:34Z,138,"slam15m_noise_n005_lifelong",84003,"lifelong_slam_t",111,67740,53714,"/opt/ros/jazzy/lib/slam_toolbox/lifelong_slam_toolbox_node --ros-args -r __node:=slam_toolbox -r __ns:=/ --params-file /oomwoo/contributions/compute-benchmark/OsakaTX/scripts/lifelong_slam_params.yaml --params-file /tmp/launch_params_fx3k_6ap"
2026-09-08T15:17:34Z,138,"slam15m_noise_n005_lifelong",84037,"bash",0.3,4488,1132,"bash /oomwoo/contributions/compute-benchmark/xbattlax/scripts/measure_ros_processes.sh --pattern python3|lifelong_slam_toolbox_node --duration 470 --interval 2 --label slam15m_noise_n005_lifelong --output /oomwoo/contributions/compute-benchmark/OsakaTX/scripts/../results/slam15m_noise_n005_lifelong_20260908T151228Z.csv"
2026-09-08T15:17:36Z,139,"slam15m_noise_n005_lifelong",191,"python3",0.1,69860,46797,"/usr/bin/python3 -c from ros2cli.daemon.daemonize import main; main() --name ros2-daemon --ros-domain-id 0 --rmw-implementation rmw_fastrtps_cpp"
2026-09-08T15:17:36Z,139,"slam15m_noise_n005_lifelong",83970,"python3",4.8,72320,48998,"python3 /oomwoo/contributions/compute-benchmark/OsakaTX/scripts/synthetic_scan_publisher.py --duration 505 --loop-s 40 --hz 5.0 --room-half 7.5 --noise 0.05"
2026-09-08T15:17:36Z,139,"slam15m_noise_n005_lifelong",83986,"ros2",0.5,74908,51435,"/usr/bin/python3 /opt/ros/jazzy/bin/ros2 launch /oomwoo/contributions/compute-benchmark/OsakaTX/scripts/lifelong_launch.py slam_params_file:=/oomwoo/contributions/compute-benchmark/OsakaTX/scripts/lifelong_slam_params.yaml use_sim_time:=False autostart:=true"
2026-09-08T15:17:36Z,139,"slam15m_noise_n005_lifelong",84003,"lifelong_slam_t",111,67740,53713,"/opt/ros/jazzy/lib/slam_toolbox/lifelong_slam_toolbox_node --ros-args -r __node:=slam_toolbox -r __ns:=/ --params-file /oomwoo/contributions/compute-benchmark/OsakaTX/scripts/lifelong_slam_params.yaml --params-file /tmp/launch_params_fx3k_6ap"
2026-09-08T15:17:36Z,139,"slam15m_noise_n005_lifelong",84037,"bash",0.3,4488,1141,"bash /oomwoo/contributions/compute-benchmark/xbattlax/scripts/measure_ros_processes.sh --pattern python3|lifelong_slam_toolbox_node --duration 470 --interval 2 --label slam15m_noise_n005_lifelong --output /oomwoo/contributions/compute-benchmark/OsakaTX/scripts/../results/slam15m_noise_n005_lifelong_20260908T151228Z.csv"
2026-09-08T15:17:38Z,140,"slam15m_noise_n005_lifelong",191,"python3",0.1,69860,46796,"/usr/bin/python3 -c from ros2cli.daemon.daemonize import main; main() --name ros2-daemon --ros-domain-id 0 --rmw-implementation rmw_fastrtps_cpp"
2026-09-08T15:17:38Z,140,"slam15m_noise_n005_lifelong",83970,"python3",4.8,72320,48998,"python3 /oomwoo/contributions/compute-benchmark/OsakaTX/scripts/synthetic_scan_publisher.py --duration 505 --loop-s 40 --hz 5.0 --room-half 7.5 --noise 0.05"
2026-09-08T15:17:38Z,140,"slam15m_noise_n005_lifelong",83986,"ros2",0.5,74908,51435,"/usr/bin/python3 /opt/ros/jazzy/bin/ros2 launch /oomwoo/contributions/compute-benchmark/OsakaTX/scripts/lifelong_launch.py slam_params_file:=/oomwoo/contributions/compute-benchmark/OsakaTX/scripts/lifelong_slam_params.yaml use_sim_time:=False autostart:=true"
2026-09-08T15:17:38Z,140,"slam15m_noise_n005_lifelong",84003,"lifelong_slam_t",111,67740,53714,"/opt/ros/jazzy/lib/slam_toolbox/lifelong_slam_toolbox_node --ros-args -r __node:=slam_toolbox -r __ns:=/ --params-file /oomwoo/contributions/compute-benchmark/OsakaTX/scripts/lifelong_slam_params.yaml --params-file /tmp/launch_params_fx3k_6ap"
2026-09-08T15:17:38Z,140,"slam15m_noise_n005_lifelong",84037,"bash",0.3,4488,1138,"bash /oomwoo/contributions/compute-benchmark/xbattlax/scripts/measure_ros_processes.sh --pattern python3|lifelong_slam_toolbox_node --duration 470 --interval 2 --label slam15m_noise_n005_lifelong --output /oomwoo/contributions/compute-benchmark/OsakaTX/scripts/../results/slam15m_noise_n005_lifelong_20260908T151228Z.csv"
2026-09-08T15:17:40Z,141,"slam15m_noise_n005_lifelong",191,"python3",0.1,69860,46795,"/usr/bin/python3 -c from ros2cli.daemon.daemonize import main; main() --name ros2-daemon --ros-domain-id 0 --rmw-implementation rmw_fastrtps_cpp"
2026-09-08T15:17:40Z,141,"slam15m_noise_n005_lifelong",83970,"python3",4.8,72320,48998,"python3 /oomwoo/contributions/compute-benchmark/OsakaTX/scripts/synthetic_scan_publisher.py --duration 505 --loop-s 40 --hz 5.0 --room-half 7.5 --noise 0.05"
2026-09-08T15:17:40Z,141,"slam15m_noise_n005_lifelong",83986,"ros2",0.5,74908,51437,"/usr/bin/python3 /opt/ros/jazzy/bin/ros2 launch /oomwoo/contributions/compute-benchmark/OsakaTX/scripts/lifelong_launch.py slam_params_file:=/oomwoo/contributions/compute-benchmark/OsakaTX/scripts/lifelong_slam_params.yaml use_sim_time:=False autostart:=true"
2026-09-08T15:17:40Z,141,"slam15m_noise_n005_lifelong",84003,"lifelong_slam_t",111,67740,53716,"/opt/ros/jazzy/lib/slam_toolbox/lifelong_slam_toolbox_node --ros-args -r __node:=slam_toolbox -r __ns:=/ --params-file /oomwoo/contributions/compute-benchmark/OsakaTX/scripts/lifelong_slam_params.yaml --params-file /tmp/launch_params_fx3k_6ap"
2026-09-08T15:17:40Z,141,"slam15m_noise_n005_lifelong",84037,"bash",0.3,4488,1142,"bash /oomwoo/contributions/compute-benchmark/xbattlax/scripts/measure_ros_processes.sh --pattern python3|lifelong_slam_toolbox_node --duration 470 --interval 2 --label slam15m_noise_n005_lifelong --output /oomwoo/contributions/compute-benchmark/OsakaTX/scripts/../results/slam15m_noise_n005_lifelong_20260908T151228Z.csv"
2026-09-08T15:17:42Z,142,"slam15m_noise_n005_lifelong",191,"python3",0.1,69860,46796,"/usr/bin/python3 -c from ros2cli.daemon.daemonize import main; main() --name ros2-daemon --ros-domain-id 0 --rmw-implementation rmw_fastrtps_cpp"
2026-09-08T15:17:42Z,142,"slam15m_noise_n005_lifelong",83970,"python3",4.8,72320,48998,"python3 /oomwoo/contributions/compute-benchmark/OsakaTX/scripts/synthetic_scan_publisher.py --duration 505 --loop-s 40 --hz 5.0 --room-half 7.5 --noise 0.05"
2026-09-08T15:17:42Z,142,"slam15m_noise_n005_lifelong",83986,"ros2",0.5,74908,51436,"/usr/bin/python3 /opt/ros/jazzy/bin/ros2 launch /oomwoo/contributions/compute-benchmark/OsakaTX/scripts/lifelong_launch.py slam_params_file:=/oomwoo/contributions/compute-benchmark/OsakaTX/scripts/lifelong_slam_params.yaml use_sim_time:=False autostart:=true"
2026-09-08T15:17:42Z,142,"slam15m_noise_n005_lifelong",84003,"lifelong_slam_t",111,67740,53714,"/opt/ros/jazzy/lib/slam_toolbox/lifelong_slam_toolbox_node --ros-args -r __node:=slam_toolbox -r __ns:=/ --params-file /oomwoo/contributions/compute-benchmark/OsakaTX/scripts/lifelong_slam_params.yaml --params-file /tmp/launch_params_fx3k_6ap"
2026-09-08T15:17:42Z,142,"slam15m_noise_n005_lifelong",84037,"bash",0.3,4488,1141,"bash /oomwoo/contributions/compute-benchmark/xbattlax/scripts/measure_ros_processes.sh --pattern python3|lifelong_slam_toolbox_node --duration 470 --interval 2 --label slam15m_noise_n005_lifelong --output /oomwoo/contributions/compute-benchmark/OsakaTX/scripts/../results/slam15m_noise_n005_lifelong_20260908T151228Z.csv"
2026-09-08T15:17:45Z,143,"slam15m_noise_n005_lifelong",191,"python3",0.1,69860,46799,"/usr/bin/python3 -c from ros2cli.daemon.daemonize import main; main() --name ros2-daemon --ros-domain-id 0 --rmw-implementation rmw_fastrtps_cpp"
2026-09-08T15:17:45Z,143,"slam15m_noise_n005_lifelong",83970,"python3",4.8,72320,49000,"python3 /oomwoo/contributions/compute-benchmark/OsakaTX/scripts/synthetic_scan_publisher.py --duration 505 --loop-s 40 --hz 5.0 --room-half 7.5 --noise 0.05"
2026-09-08T15:17:45Z,143,"slam15m_noise_n005_lifelong",83986,"ros2",0.5,74908,51437,"/usr/bin/python3 /opt/ros/jazzy/bin/ros2 launch /oomwoo/contributions/compute-benchmark/OsakaTX/scripts/lifelong_launch.py slam_params_file:=/oomwoo/contributions/compute-benchmark/OsakaTX/scripts/lifelong_slam_params.yaml use_sim_time:=False autostart:=true"
2026-09-08T15:17:45Z,143,"slam15m_noise_n005_lifelong",84003,"lifelong_slam_t",111,67804,53778,"/opt/ros/jazzy/lib/slam_toolbox/lifelong_slam_toolbox_node --ros-args -r __node:=slam_toolbox -r __ns:=/ --params-file /oomwoo/contributions/compute-benchmark/OsakaTX/scripts/lifelong_slam_params.yaml --params-file /tmp/launch_params_fx3k_6ap"
2026-09-08T15:17:45Z,143,"slam15m_noise_n005_lifelong",84037,"bash",0.3,4488,1139,"bash /oomwoo/contributions/compute-benchmark/xbattlax/scripts/measure_ros_processes.sh --pattern python3|lifelong_slam_toolbox_node --duration 470 --interval 2 --label slam15m_noise_n005_lifelong --output /oomwoo/contributions/compute-benchmark/OsakaTX/scripts/../results/slam15m_noise_n005_lifelong_20260908T151228Z.csv"
2026-09-08T15:17:47Z,144,"slam15m_noise_n005_lifelong",191,"python3",0.1,69860,46796,"/usr/bin/python3 -c from ros2cli.daemon.daemonize import main; main() --name ros2-daemon --ros-domain-id 0 --rmw-implementation rmw_fastrtps_cpp"
2026-09-08T15:17:47Z,144,"slam15m_noise_n005_lifelong",83970,"python3",4.7,72320,48997,"python3 /oomwoo/contributions/compute-benchmark/OsakaTX/scripts/synthetic_scan_publisher.py --duration 505 --loop-s 40 --hz 5.0 --room-half 7.5 --noise 0.05"
2026-09-08T15:17:47Z,144,"slam15m_noise_n005_lifelong",83986,"ros2",0.5,74908,51437,"/usr/bin/python3 /opt/ros/jazzy/bin/ros2 launch /oomwoo/contributions/compute-benchmark/OsakaTX/scripts/lifelong_launch.py slam_params_file:=/oomwoo/contributions/compute-benchmark/OsakaTX/scripts/lifelong_slam_params.yaml use_sim_time:=False autostart:=true"
2026-09-08T15:17:47Z,144,"slam15m_noise_n005_lifelong",84003,"lifelong_slam_t",111,67804,53777,"/opt/ros/jazzy/lib/slam_toolbox/lifelong_slam_toolbox_node --ros-args -r __node:=slam_toolbox -r __ns:=/ --params-file /oomwoo/contributions/compute-benchmark/OsakaTX/scripts/lifelong_slam_params.yaml --params-file /tmp/launch_params_fx3k_6ap"
2026-09-08T15:17:47Z,144,"slam15m_noise_n005_lifelong",84037,"bash",0.3,4488,1142,"bash /oomwoo/contributions/compute-benchmark/xbattlax/scripts/measure_ros_processes.sh --pattern python3|lifelong_slam_toolbox_node --duration 470 --interval 2 --label slam15m_noise_n005_lifelong --output /oomwoo/contributions/compute-benchmark/OsakaTX/scripts/../results/slam15m_noise_n005_lifelong_20260908T151228Z.csv"
2026-09-08T15:17:49Z,145,"slam15m_noise_n005_lifelong",191,"python3",0.1,69860,46797,"/usr/bin/python3 -c from ros2cli.daemon.daemonize import main; main() --name ros2-daemon --ros-domain-id 0 --rmw-implementation rmw_fastrtps_cpp"
2026-09-08T15:17:49Z,145,"slam15m_noise_n005_lifelong",83970,"python3",4.7,72320,48998,"python3 /oomwoo/contributions/compute-benchmark/OsakaTX/scripts/synthetic_scan_publisher.py --duration 505 --loop-s 40 --hz 5.0 --room-half 7.5 --noise 0.05"
2026-09-08T15:17:49Z,145,"slam15m_noise_n005_lifelong",83986,"ros2",0.5,74908,51434,"/usr/bin/python3 /opt/ros/jazzy/bin/ros2 launch /oomwoo/contributions/compute-benchmark/OsakaTX/scripts/lifelong_launch.py slam_params_file:=/oomwoo/contributions/compute-benchmark/OsakaTX/scripts/lifelong_slam_params.yaml use_sim_time:=False autostart:=true"
2026-09-08T15:17:49Z,145,"slam15m_noise_n005_lifelong",84003,"lifelong_slam_t",111,67804,53778,"/opt/ros/jazzy/lib/slam_toolbox/lifelong_slam_toolbox_node --ros-args -r __node:=slam_toolbox -r __ns:=/ --params-file /oomwoo/contributions/compute-benchmark/OsakaTX/scripts/lifelong_slam_params.yaml --params-file /tmp/launch_params_fx3k_6ap"
2026-09-08T15:17:49Z,145,"slam15m_noise_n005_lifelong",84037,"bash",0.3,4488,1149,"bash /oomwoo/contributions/compute-benchmark/xbattlax/scripts/measure_ros_processes.sh --pattern python3|lifelong_slam_toolbox_node --duration 470 --interval 2 --label slam15m_noise_n005_lifelong --output /oomwoo/contributions/compute-benchmark/OsakaTX/scripts/../results/slam15m_noise_n005_lifelong_20260908T151228Z.csv"
2026-09-08T15:17:51Z,146,"slam15m_noise_n005_lifelong",191,"python3",0.1,69860,46797,"/usr/bin/python3 -c from ros2cli.daemon.daemonize import main; main() --name ros2-daemon --ros-domain-id 0 --rmw-implementation rmw_fastrtps_cpp"
2026-09-08T15:17:51Z,146,"slam15m_noise_n005_lifelong",83970,"python3",4.7,72320,48998,"python3 /oomwoo/contributions/compute-benchmark/OsakaTX/scripts/synthetic_scan_publisher.py --duration 505 --loop-s 40 --hz 5.0 --room-half 7.5 --noise 0.05"
2026-09-08T15:17:51Z,146,"slam15m_noise_n005_lifelong",83986,"ros2",0.5,74908,51437,"/usr/bin/python3 /opt/ros/jazzy/bin/ros2 launch /oomwoo/contributions/compute-benchmark/OsakaTX/scripts/lifelong_launch.py slam_params_file:=/oomwoo/contributions/compute-benchmark/OsakaTX/scripts/lifelong_slam_params.yaml use_sim_time:=False autostart:=true"
2026-09-08T15:17:51Z,146,"slam15m_noise_n005_lifelong",84003,"lifelong_slam_t",112,67804,53777,"/opt/ros/jazzy/lib/slam_toolbox/lifelong_slam_toolbox_node --ros-args -r __node:=slam_toolbox -r __ns:=/ --params-file /oomwoo/contributions/compute-benchmark/OsakaTX/scripts/lifelong_slam_params.yaml --params-file /tmp/launch_params_fx3k_6ap"
2026-09-08T15:17:51Z,146,"slam15m_noise_n005_lifelong",84037,"bash",0.3,4488,1138,"bash /oomwoo/contributions/compute-benchmark/xbattlax/scripts/measure_ros_processes.sh --pattern python3|lifelong_slam_toolbox_node --duration 470 --interval 2 --label slam15m_noise_n005_lifelong --output /oomwoo/contributions/compute-benchmark/OsakaTX/scripts/../results/slam15m_noise_n005_lifelong_20260908T151228Z.csv"
2026-09-08T15:17:53Z,147,"slam15m_noise_n005_lifelong",191,"python3",0.1,69860,46799,"/usr/bin/python3 -c from ros2cli.daemon.daemonize import main; main() --name ros2-daemon --ros-domain-id 0 --rmw-implementation rmw_fastrtps_cpp"
2026-09-08T15:17:53Z,147,"slam15m_noise_n005_lifelong",83970,"python3",4.7,72320,48998,"python3 /oomwoo/contributions/compute-benchmark/OsakaTX/scripts/synthetic_scan_publisher.py --duration 505 --loop-s 40 --hz 5.0 --room-half 7.5 --noise 0.05"
2026-09-08T15:17:53Z,147,"slam15m_noise_n005_lifelong",83986,"ros2",0.5,74908,51435,"/usr/bin/python3 /opt/ros/jazzy/bin/ros2 launch /oomwoo/contributions/compute-benchmark/OsakaTX/scripts/lifelong_launch.py slam_params_file:=/oomwoo/contributions/compute-benchmark/OsakaTX/scripts/lifelong_slam_params.yaml use_sim_time:=False autostart:=true"
2026-09-08T15:17:53Z,147,"slam15m_noise_n005_lifelong",84003,"lifelong_slam_t",112,67804,53776,"/opt/ros/jazzy/lib/slam_toolbox/lifelong_slam_toolbox_node --ros-args -r __node:=slam_toolbox -r __ns:=/ --params-file /oomwoo/contributions/compute-benchmark/OsakaTX/scripts/lifelong_slam_params.yaml --params-file /tmp/launch_params_fx3k_6ap"
2026-09-08T15:17:53Z,147,"slam15m_noise_n005_lifelong",84037,"bash",0.3,4488,1140,"bash /oomwoo/contributions/compute-benchmark/xbattlax/scripts/measure_ros_processes.sh --pattern python3|lifelong_slam_toolbox_node --duration 470 --interval 2 --label slam15m_noise_n005_lifelong --output /oomwoo/contributions/compute-benchmark/OsakaTX/scripts/../results/slam15m_noise_n005_lifelong_20260908T151228Z.csv"
2026-09-08T15:17:55Z,148,"slam15m_noise_n005_lifelong",191,"python3",0.1,69860,46797,"/usr/bin/python3 -c from ros2cli.daemon.daemonize import main; main() --name ros2-daemon --ros-domain-id 0 --rmw-implementation rmw_fastrtps_cpp"
2026-09-08T15:17:55Z,148,"slam15m_noise_n005_lifelong",83970,"python3",4.7,72320,48998,"python3 /oomwoo/contributions/compute-benchmark/OsakaTX/scripts/synthetic_scan_publisher.py --duration 505 --loop-s 40 --hz 5.0 --room-half 7.5 --noise 0.05"
2026-09-08T15:17:55Z,148,"slam15m_noise_n005_lifelong",83986,"ros2",0.5,74908,51437,"/usr/bin/python3 /opt/ros/jazzy/bin/ros2 launch /oomwoo/contributions/compute-benchmark/OsakaTX/scripts/lifelong_launch.py slam_params_file:=/oomwoo/contributions/compute-benchmark/OsakaTX/scripts/lifelong_slam_params.yaml use_sim_time:=False autostart:=true"
2026-09-08T15:17:55Z,148,"slam15m_noise_n005_lifelong",84003,"lifelong_slam_t",112,67804,53779,"/opt/ros/jazzy/lib/slam_toolbox/lifelong_slam_toolbox_node --ros-args -r __node:=slam_toolbox -r __ns:=/ --params-file /oomwoo/contributions/compute-benchmark/OsakaTX/scripts/lifelong_slam_params.yaml --params-file /tmp/launch_params_fx3k_6ap"
2026-09-08T15:17:55Z,148,"slam15m_noise_n005_lifelong",84037,"bash",0.3,4488,1137,"bash /oomwoo/contributions/compute-benchmark/xbattlax/scripts/measure_ros_processes.sh --pattern python3|lifelong_slam_toolbox_node --duration 470 --interval 2 --label slam15m_noise_n005_lifelong --output /oomwoo/contributions/compute-benchmark/OsakaTX/scripts/../results/slam15m_noise_n005_lifelong_20260908T151228Z.csv"
2026-09-08T15:17:57Z,149,"slam15m_noise_n005_lifelong",191,"python3",0.1,69860,46796,"/usr/bin/python3 -c from ros2cli.daemon.daemonize import main; main() --name ros2-daemon --ros-domain-id 0 --rmw-implementation rmw_fastrtps_cpp"
2026-09-08T15:17:57Z,149,"slam15m_noise_n005_lifelong",83970,"python3",4.7,72320,48998,"python3 /oomwoo/contributions/compute-benchmark/OsakaTX/scripts/synthetic_scan_publisher.py --duration 505 --loop-s 40 --hz 5.0 --room-half 7.5 --noise 0.05"
2026-09-08T15:17:57Z,149,"slam15m_noise_n005_lifelong",83986,"ros2",0.5,74908,51438,"/usr/bin/python3 /opt/ros/jazzy/bin/ros2 launch /oomwoo/contributions/compute-benchmark/OsakaTX/scripts/lifelong_launch.py slam_params_file:=/oomwoo/contributions/compute-benchmark/OsakaTX/scripts/lifelong_slam_params.yaml use_sim_time:=False autostart:=true"
2026-09-08T15:17:57Z,149,"slam15m_noise_n005_lifelong",84003,"lifelong_slam_t",112,67804,53777,"/opt/ros/jazzy/lib/slam_toolbox/lifelong_slam_toolbox_node --ros-args -r __node:=slam_toolbox -r __ns:=/ --params-file /oomwoo/contributions/compute-benchmark/OsakaTX/scripts/lifelong_slam_params.yaml --params-file /tmp/launch_params_fx3k_6ap"
2026-09-08T15:17:57Z,149,"slam15m_noise_n005_lifelong",84037,"bash",0.3,4488,1139,"bash /oomwoo/contributions/compute-benchmark/xbattlax/scripts/measure_ros_processes.sh --pattern python3|lifelong_slam_toolbox_node --duration 470 --interval 2 --label slam15m_noise_n005_lifelong --output /oomwoo/contributions/compute-benchmark/OsakaTX/scripts/../results/slam15m_noise_n005_lifelong_20260908T151228Z.csv"
2026-09-08T15:18:00Z,150,"slam15m_noise_n005_lifelong",191,"python3",0.1,69860,46796,"/usr/bin/python3 -c from ros2cli.daemon.daemonize import main; main() --name ros2-daemon --ros-domain-id 0 --rmw-implementation rmw_fastrtps_cpp"
2026-09-08T15:18:00Z,150,"slam15m_noise_n005_lifelong",83970,"python3",4.7,72320,48998,"python3 /oomwoo/contributions/compute-benchmark/OsakaTX/scripts/synthetic_scan_publisher.py --duration 505 --loop-s 40 --hz 5.0 --room-half 7.5 --noise 0.05"
2026-09-08T15:18:00Z,150,"slam15m_noise_n005_lifelong",83986,"ros2",0.5,74908,51435,"/usr/bin/python3 /opt/ros/jazzy/bin/ros2 launch /oomwoo/contributions/compute-benchmark/OsakaTX/scripts/lifelong_launch.py slam_params_file:=/oomwoo/contributions/compute-benchmark/OsakaTX/scripts/lifelong_slam_params.yaml use_sim_time:=False autostart:=true"
2026-09-08T15:18:00Z,150,"slam15m_noise_n005_lifelong",84003,"lifelong_slam_t",112,67804,53779,"/opt/ros/jazzy/lib/slam_toolbox/lifelong_slam_toolbox_node --ros-args -r __node:=slam_toolbox -r __ns:=/ --params-file /oomwoo/contributions/compute-benchmark/OsakaTX/scripts/lifelong_slam_params.yaml --params-file /tmp/launch_params_fx3k_6ap"
2026-09-08T15:18:00Z,150,"slam15m_noise_n005_lifelong",84037,"bash",0.3,4488,1138,"bash /oomwoo/contributions/compute-benchmark/xbattlax/scripts/measure_ros_processes.sh --pattern python3|lifelong_slam_toolbox_node --duration 470 --interval 2 --label slam15m_noise_n005_lifelong --output /oomwoo/contributions/compute-benchmark/OsakaTX/scripts/../results/slam15m_noise_n005_lifelong_20260908T151228Z.csv"
2026-09-08T15:18:02Z,151,"slam15m_noise_n005_lifelong",191,"python3",0.1,69860,46799,"/usr/bin/python3 -c from ros2cli.daemon.daemonize import main; main() --name ros2-daemon --ros-domain-id 0 --rmw-implementation rmw_fastrtps_cpp"
2026-09-08T15:18:02Z,151,"slam15m_noise_n005_lifelong",83970,"python3",4.7,72320,48998,"python3 /oomwoo/contributions/compute-benchmark/OsakaTX/scripts/synthetic_scan_publisher.py --duration 505 --loop-s 40 --hz 5.0 --room-half 7.5 --noise 0.05"
2026-09-08T15:18:02Z,151,"slam15m_noise_n005_lifelong",83986,"ros2",0.5,74908,51434,"/usr/bin/python3 /opt/ros/jazzy/bin/ros2 launch /oomwoo/contributions/compute-benchmark/OsakaTX/scripts/lifelong_launch.py slam_params_file:=/oomwoo/contributions/compute-benchmark/OsakaTX/scripts/lifelong_slam_params.yaml use_sim_time:=False autostart:=true"
2026-09-08T15:18:02Z,151,"slam15m_noise_n005_lifelong",84003,"lifelong_slam_t",112,67804,53779,"/opt/ros/jazzy/lib/slam_toolbox/lifelong_slam_toolbox_node --ros-args -r __node:=slam_toolbox -r __ns:=/ --params-file /oomwoo/contributions/compute-benchmark/OsakaTX/scripts/lifelong_slam_params.yaml --params-file /tmp/launch_params_fx3k_6ap"
2026-09-08T15:18:02Z,151,"slam15m_noise_n005_lifelong",84037,"bash",0.3,4488,1139,"bash /oomwoo/contributions/compute-benchmark/xbattlax/scripts/measure_ros_processes.sh --pattern python3|lifelong_slam_toolbox_node --duration 470 --interval 2 --label slam15m_noise_n005_lifelong --output /oomwoo/contributions/compute-benchmark/OsakaTX/scripts/../results/slam15m_noise_n005_lifelong_20260908T151228Z.csv"
2026-09-08T15:18:04Z,152,"slam15m_noise_n005_lifelong",191,"python3",0.1,69860,46795,"/usr/bin/python3 -c from ros2cli.daemon.daemonize import main; main() --name ros2-daemon --ros-domain-id 0 --rmw-implementation rmw_fastrtps_cpp"
2026-09-08T15:18:04Z,152,"slam15m_noise_n005_lifelong",83970,"python3",4.7,72320,48998,"python3 /oomwoo/contributions/compute-benchmark/OsakaTX/scripts/synthetic_scan_publisher.py --duration 505 --loop-s 40 --hz 5.0 --room-half 7.5 --noise 0.05"
2026-09-08T15:18:04Z,152,"slam15m_noise_n005_lifelong",83986,"ros2",0.5,74908,51438,"/usr/bin/python3 /opt/ros/jazzy/bin/ros2 launch /oomwoo/contributions/compute-benchmark/OsakaTX/scripts/lifelong_launch.py slam_params_file:=/oomwoo/contributions/compute-benchmark/OsakaTX/scripts/lifelong_slam_params.yaml use_sim_time:=False autostart:=true"
2026-09-08T15:18:04Z,152,"slam15m_noise_n005_lifelong",84003,"lifelong_slam_t",112,67804,53778,"/opt/ros/jazzy/lib/slam_toolbox/lifelong_slam_toolbox_node --ros-args -r __node:=slam_toolbox -r __ns:=/ --params-file /oomwoo/contributions/compute-benchmark/OsakaTX/scripts/lifelong_slam_params.yaml --params-file /tmp/launch_params_fx3k_6ap"
2026-09-08T15:18:04Z,152,"slam15m_noise_n005_lifelong",84037,"bash",0.3,4488,1140,"bash /oomwoo/contributions/compute-benchmark/xbattlax/scripts/measure_ros_processes.sh --pattern python3|lifelong_slam_toolbox_node --duration 470 --interval 2 --label slam15m_noise_n005_lifelong --output /oomwoo/contributions/compute-benchmark/OsakaTX/scripts/../results/slam15m_noise_n005_lifelong_20260908T151228Z.csv"
2026-09-08T15:18:06Z,153,"slam15m_noise_n005_lifelong",102860,"",,,,""
2026-09-08T15:18:06Z,153,"slam15m_noise_n005_lifelong",191,"python3",0.1,69860,46799,"/usr/bin/python3 -c from ros2cli.daemon.daemonize import main; main() --name ros2-daemon --ros-domain-id 0 --rmw-implementation rmw_fastrtps_cpp"
2026-09-08T15:18:06Z,153,"slam15m_noise_n005_lifelong",83970,"python3",4.7,72320,48998,"python3 /oomwoo/contributions/compute-benchmark/OsakaTX/scripts/synthetic_scan_publisher.py --duration 505 --loop-s 40 --hz 5.0 --room-half 7.5 --noise 0.05"
2026-09-08T15:18:06Z,153,"slam15m_noise_n005_lifelong",83986,"ros2",0.5,74908,51436,"/usr/bin/python3 /opt/ros/jazzy/bin/ros2 launch /oomwoo/contributions/compute-benchmark/OsakaTX/scripts/lifelong_launch.py slam_params_file:=/oomwoo/contributions/compute-benchmark/OsakaTX/scripts/lifelong_slam_params.yaml use_sim_time:=False autostart:=true"
2026-09-08T15:18:06Z,153,"slam15m_noise_n005_lifelong",84003,"lifelong_slam_t",112,67804,53776,"/opt/ros/jazzy/lib/slam_toolbox/lifelong_slam_toolbox_node --ros-args -r __node:=slam_toolbox -r __ns:=/ --params-file /oomwoo/contributions/compute-benchmark/OsakaTX/scripts/lifelong_slam_params.yaml --params-file /tmp/launch_params_fx3k_6ap"
2026-09-08T15:18:06Z,153,"slam15m_noise_n005_lifelong",84037,"bash",0.3,4488,1139,"bash /oomwoo/contributions/compute-benchmark/xbattlax/scripts/measure_ros_processes.sh --pattern python3|lifelong_slam_toolbox_node --duration 470 --interval 2 --label slam15m_noise_n005_lifelong --output /oomwoo/contributions/compute-benchmark/OsakaTX/scripts/../results/slam15m_noise_n005_lifelong_20260908T151228Z.csv"
2026-09-08T15:18:08Z,154,"slam15m_noise_n005_lifelong",191,"python3",0.1,69860,46797,"/usr/bin/python3 -c from ros2cli.daemon.daemonize import main; main() --name ros2-daemon --ros-domain-id 0 --rmw-implementation rmw_fastrtps_cpp"
2026-09-08T15:18:08Z,154,"slam15m_noise_n005_lifelong",83970,"python3",4.7,72320,48998,"python3 /oomwoo/contributions/compute-benchmark/OsakaTX/scripts/synthetic_scan_publisher.py --duration 505 --loop-s 40 --hz 5.0 --room-half 7.5 --noise 0.05"
2026-09-08T15:18:08Z,154,"slam15m_noise_n005_lifelong",83986,"ros2",0.5,74908,51437,"/usr/bin/python3 /opt/ros/jazzy/bin/ros2 launch /oomwoo/contributions/compute-benchmark/OsakaTX/scripts/lifelong_launch.py slam_params_file:=/oomwoo/contributions/compute-benchmark/OsakaTX/scripts/lifelong_slam_params.yaml use_sim_time:=False autostart:=true"
2026-09-08T15:18:08Z,154,"slam15m_noise_n005_lifelong",84003,"lifelong_slam_t",112,67804,53778,"/opt/ros/jazzy/lib/slam_toolbox/lifelong_slam_toolbox_node --ros-args -r __node:=slam_toolbox -r __ns:=/ --params-file /oomwoo/contributions/compute-benchmark/OsakaTX/scripts/lifelong_slam_params.yaml --params-file /tmp/launch_params_fx3k_6ap"
2026-09-08T15:18:08Z,154,"slam15m_noise_n005_lifelong",84037,"bash",0.3,4488,1139,"bash /oomwoo/contributions/compute-benchmark/xbattlax/scripts/measure_ros_processes.sh --pattern python3|lifelong_slam_toolbox_node --duration 470 --interval 2 --label slam15m_noise_n005_lifelong --output /oomwoo/contributions/compute-benchmark/OsakaTX/scripts/../results/slam15m_noise_n005_lifelong_20260908T151228Z.csv"
2026-09-08T15:18:10Z,155,"slam15m_noise_n005_lifelong",191,"python3",0.1,69860,46796,"/usr/bin/python3 -c from ros2cli.daemon.daemonize import main; main() --name ros2-daemon --ros-domain-id 0 --rmw-implementation rmw_fastrtps_cpp"
2026-09-08T15:18:10Z,155,"slam15m_noise_n005_lifelong",83970,"python3",4.7,72320,48996,"python3 /oomwoo/contributions/compute-benchmark/OsakaTX/scripts/synthetic_scan_publisher.py --duration 505 --loop-s 40 --hz 5.0 --room-half 7.5 --noise 0.05"
2026-09-08T15:18:10Z,155,"slam15m_noise_n005_lifelong",83986,"ros2",0.5,74908,51435,"/usr/bin/python3 /opt/ros/jazzy/bin/ros2 launch /oomwoo/contributions/compute-benchmark/OsakaTX/scripts/lifelong_launch.py slam_params_file:=/oomwoo/contributions/compute-benchmark/OsakaTX/scripts/lifelong_slam_params.yaml use_sim_time:=False autostart:=true"
2026-09-08T15:18:10Z,155,"slam15m_noise_n005_lifelong",84003,"lifelong_slam_t",112,67804,53777,"/opt/ros/jazzy/lib/slam_toolbox/lifelong_slam_toolbox_node --ros-args -r __node:=slam_toolbox -r __ns:=/ --params-file /oomwoo/contributions/compute-benchmark/OsakaTX/scripts/lifelong_slam_params.yaml --params-file /tmp/launch_params_fx3k_6ap"
2026-09-08T15:18:10Z,155,"slam15m_noise_n005_lifelong",84037,"bash",0.3,4488,1143,"bash /oomwoo/contributions/compute-benchmark/xbattlax/scripts/measure_ros_processes.sh --pattern python3|lifelong_slam_toolbox_node --duration 470 --interval 2 --label slam15m_noise_n005_lifelong --output /oomwoo/contributions/compute-benchmark/OsakaTX/scripts/../results/slam15m_noise_n005_lifelong_20260908T151228Z.csv"
2026-09-08T15:18:12Z,156,"slam15m_noise_n005_lifelong",191,"python3",0.1,69860,46798,"/usr/bin/python3 -c from ros2cli.daemon.daemonize import main; main() --name ros2-daemon --ros-domain-id 0 --rmw-implementation rmw_fastrtps_cpp"
2026-09-08T15:18:12Z,156,"slam15m_noise_n005_lifelong",83970,"python3",4.7,72320,49000,"python3 /oomwoo/contributions/compute-benchmark/OsakaTX/scripts/synthetic_scan_publisher.py --duration 505 --loop-s 40 --hz 5.0 --room-half 7.5 --noise 0.05"
2026-09-08T15:18:12Z,156,"slam15m_noise_n005_lifelong",83986,"ros2",0.5,74908,51440,"/usr/bin/python3 /opt/ros/jazzy/bin/ros2 launch /oomwoo/contributions/compute-benchmark/OsakaTX/scripts/lifelong_launch.py slam_params_file:=/oomwoo/contributions/compute-benchmark/OsakaTX/scripts/lifelong_slam_params.yaml use_sim_time:=False autostart:=true"
2026-09-08T15:18:12Z,156,"slam15m_noise_n005_lifelong",84003,"lifelong_slam_t",112,67808,53782,"/opt/ros/jazzy/lib/slam_toolbox/lifelong_slam_toolbox_node --ros-args -r __node:=slam_toolbox -r __ns:=/ --params-file /oomwoo/contributions/compute-benchmark/OsakaTX/scripts/lifelong_slam_params.yaml --params-file /tmp/launch_params_fx3k_6ap"
2026-09-08T15:18:12Z,156,"slam15m_noise_n005_lifelong",84037,"bash",0.3,4488,1141,"bash /oomwoo/contributions/compute-benchmark/xbattlax/scripts/measure_ros_processes.sh --pattern python3|lifelong_slam_toolbox_node --duration 470 --interval 2 --label slam15m_noise_n005_lifelong --output /oomwoo/contributions/compute-benchmark/OsakaTX/scripts/../results/slam15m_noise_n005_lifelong_20260908T151228Z.csv"
2026-09-08T15:18:15Z,157,"slam15m_noise_n005_lifelong",191,"python3",0.1,69860,46796,"/usr/bin/python3 -c from ros2cli.daemon.daemonize import main; main() --name ros2-daemon --ros-domain-id 0 --rmw-implementation rmw_fastrtps_cpp"
2026-09-08T15:18:15Z,157,"slam15m_noise_n005_lifelong",83970,"python3",4.7,72320,48996,"python3 /oomwoo/contributions/compute-benchmark/OsakaTX/scripts/synthetic_scan_publisher.py --duration 505 --loop-s 40 --hz 5.0 --room-half 7.5 --noise 0.05"
2026-09-08T15:18:15Z,157,"slam15m_noise_n005_lifelong",83986,"ros2",0.5,74908,51438,"/usr/bin/python3 /opt/ros/jazzy/bin/ros2 launch /oomwoo/contributions/compute-benchmark/OsakaTX/scripts/lifelong_launch.py slam_params_file:=/oomwoo/contributions/compute-benchmark/OsakaTX/scripts/lifelong_slam_params.yaml use_sim_time:=False autostart:=true"
2026-09-08T15:18:15Z,157,"slam15m_noise_n005_lifelong",84003,"lifelong_slam_t",112,67836,53810,"/opt/ros/jazzy/lib/slam_toolbox/lifelong_slam_toolbox_node --ros-args -r __node:=slam_toolbox -r __ns:=/ --params-file /oomwoo/contributions/compute-benchmark/OsakaTX/scripts/lifelong_slam_params.yaml --params-file /tmp/launch_params_fx3k_6ap"
2026-09-08T15:18:15Z,157,"slam15m_noise_n005_lifelong",84037,"bash",0.3,4488,1138,"bash /oomwoo/contributions/compute-benchmark/xbattlax/scripts/measure_ros_processes.sh --pattern python3|lifelong_slam_toolbox_node --duration 470 --interval 2 --label slam15m_noise_n005_lifelong --output /oomwoo/contributions/compute-benchmark/OsakaTX/scripts/../results/slam15m_noise_n005_lifelong_20260908T151228Z.csv"
2026-09-08T15:18:17Z,158,"slam15m_noise_n005_lifelong",191,"python3",0.1,69860,46797,"/usr/bin/python3 -c from ros2cli.daemon.daemonize import main; main() --name ros2-daemon --ros-domain-id 0 --rmw-implementation rmw_fastrtps_cpp"
2026-09-08T15:18:17Z,158,"slam15m_noise_n005_lifelong",83970,"python3",4.7,72320,48998,"python3 /oomwoo/contributions/compute-benchmark/OsakaTX/scripts/synthetic_scan_publisher.py --duration 505 --loop-s 40 --hz 5.0 --room-half 7.5 --noise 0.05"
2026-09-08T15:18:17Z,158,"slam15m_noise_n005_lifelong",83986,"ros2",0.5,74908,51435,"/usr/bin/python3 /opt/ros/jazzy/bin/ros2 launch /oomwoo/contributions/compute-benchmark/OsakaTX/scripts/lifelong_launch.py slam_params_file:=/oomwoo/contributions/compute-benchmark/OsakaTX/scripts/lifelong_slam_params.yaml use_sim_time:=False autostart:=true"
2026-09-08T15:18:17Z,158,"slam15m_noise_n005_lifelong",84003,"lifelong_slam_t",113,67940,53914,"/opt/ros/jazzy/lib/slam_toolbox/lifelong_slam_toolbox_node --ros-args -r __node:=slam_toolbox -r __ns:=/ --params-file /oomwoo/contributions/compute-benchmark/OsakaTX/scripts/lifelong_slam_params.yaml --params-file /tmp/launch_params_fx3k_6ap"
2026-09-08T15:18:17Z,158,"slam15m_noise_n005_lifelong",84037,"bash",0.3,4488,1137,"bash /oomwoo/contributions/compute-benchmark/xbattlax/scripts/measure_ros_processes.sh --pattern python3|lifelong_slam_toolbox_node --duration 470 --interval 2 --label slam15m_noise_n005_lifelong --output /oomwoo/contributions/compute-benchmark/OsakaTX/scripts/../results/slam15m_noise_n005_lifelong_20260908T151228Z.csv"
2026-09-08T15:18:19Z,159,"slam15m_noise_n005_lifelong",191,"python3",0.1,69860,46796,"/usr/bin/python3 -c from ros2cli.daemon.daemonize import main; main() --name ros2-daemon --ros-domain-id 0 --rmw-implementation rmw_fastrtps_cpp"
2026-09-08T15:18:19Z,159,"slam15m_noise_n005_lifelong",83970,"python3",4.7,72320,48998,"python3 /oomwoo/contributions/compute-benchmark/OsakaTX/scripts/synthetic_scan_publisher.py --duration 505 --loop-s 40 --hz 5.0 --room-half 7.5 --noise 0.05"
2026-09-08T15:18:19Z,159,"slam15m_noise_n005_lifelong",83986,"ros2",0.5,74908,51438,"/usr/bin/python3 /opt/ros/jazzy/bin/ros2 launch /oomwoo/contributions/compute-benchmark/OsakaTX/scripts/lifelong_launch.py slam_params_file:=/oomwoo/contributions/compute-benchmark/OsakaTX/scripts/lifelong_slam_params.yaml use_sim_time:=False autostart:=true"
2026-09-08T15:18:19Z,159,"slam15m_noise_n005_lifelong",84003,"lifelong_slam_t",113,67940,53912,"/opt/ros/jazzy/lib/slam_toolbox/lifelong_slam_toolbox_node --ros-args -r __node:=slam_toolbox -r __ns:=/ --params-file /oomwoo/contributions/compute-benchmark/OsakaTX/scripts/lifelong_slam_params.yaml --params-file /tmp/launch_params_fx3k_6ap"
2026-09-08T15:18:19Z,159,"slam15m_noise_n005_lifelong",84037,"bash",0.3,4488,1140,"bash /oomwoo/contributions/compute-benchmark/xbattlax/scripts/measure_ros_processes.sh --pattern python3|lifelong_slam_toolbox_node --duration 470 --interval 2 --label slam15m_noise_n005_lifelong --output /oomwoo/contributions/compute-benchmark/OsakaTX/scripts/../results/slam15m_noise_n005_lifelong_20260908T151228Z.csv"
2026-09-08T15:18:21Z,160,"slam15m_noise_n005_lifelong",191,"python3",0.1,69860,46798,"/usr/bin/python3 -c from ros2cli.daemon.daemonize import main; main() --name ros2-daemon --ros-domain-id 0 --rmw-implementation rmw_fastrtps_cpp"
2026-09-08T15:18:21Z,160,"slam15m_noise_n005_lifelong",83970,"python3",4.7,72320,48996,"python3 /oomwoo/contributions/compute-benchmark/OsakaTX/scripts/synthetic_scan_publisher.py --duration 505 --loop-s 40 --hz 5.0 --room-half 7.5 --noise 0.05"
2026-09-08T15:18:21Z,160,"slam15m_noise_n005_lifelong",83986,"ros2",0.5,74908,51435,"/usr/bin/python3 /opt/ros/jazzy/bin/ros2 launch /oomwoo/contributions/compute-benchmark/OsakaTX/scripts/lifelong_launch.py slam_params_file:=/oomwoo/contributions/compute-benchmark/OsakaTX/scripts/lifelong_slam_params.yaml use_sim_time:=False autostart:=true"
2026-09-08T15:18:21Z,160,"slam15m_noise_n005_lifelong",84003,"lifelong_slam_t",113,67944,53917,"/opt/ros/jazzy/lib/slam_toolbox/lifelong_slam_toolbox_node --ros-args -r __node:=slam_toolbox -r __ns:=/ --params-file /oomwoo/contributions/compute-benchmark/OsakaTX/scripts/lifelong_slam_params.yaml --params-file /tmp/launch_params_fx3k_6ap"
2026-09-08T15:18:21Z,160,"slam15m_noise_n005_lifelong",84037,"bash",0.3,4488,1142,"bash /oomwoo/contributions/compute-benchmark/xbattlax/scripts/measure_ros_processes.sh --pattern python3|lifelong_slam_toolbox_node --duration 470 --interval 2 --label slam15m_noise_n005_lifelong --output /oomwoo/contributions/compute-benchmark/OsakaTX/scripts/../results/slam15m_noise_n005_lifelong_20260908T151228Z.csv"
2026-09-08T15:18:23Z,161,"slam15m_noise_n005_lifelong",191,"python3",0.1,69860,46795,"/usr/bin/python3 -c from ros2cli.daemon.daemonize import main; main() --name ros2-daemon --ros-domain-id 0 --rmw-implementation rmw_fastrtps_cpp"
2026-09-08T15:18:23Z,161,"slam15m_noise_n005_lifelong",83970,"python3",4.7,72320,48998,"python3 /oomwoo/contributions/compute-benchmark/OsakaTX/scripts/synthetic_scan_publisher.py --duration 505 --loop-s 40 --hz 5.0 --room-half 7.5 --noise 0.05"
2026-09-08T15:18:23Z,161,"slam15m_noise_n005_lifelong",83986,"ros2",0.5,74908,51434,"/usr/bin/python3 /opt/ros/jazzy/bin/ros2 launch /oomwoo/contributions/compute-benchmark/OsakaTX/scripts/lifelong_launch.py slam_params_file:=/oomwoo/contributions/compute-benchmark/OsakaTX/scripts/lifelong_slam_params.yaml use_sim_time:=False autostart:=true"
2026-09-08T15:18:23Z,161,"slam15m_noise_n005_lifelong",84003,"lifelong_slam_t",113,67960,53935,"/opt/ros/jazzy/lib/slam_toolbox/lifelong_slam_toolbox_node --ros-args -r __node:=slam_toolbox -r __ns:=/ --params-file /oomwoo/contributions/compute-benchmark/OsakaTX/scripts/lifelong_slam_params.yaml --params-file /tmp/launch_params_fx3k_6ap"
2026-09-08T15:18:23Z,161,"slam15m_noise_n005_lifelong",84037,"bash",0.3,4488,1142,"bash /oomwoo/contributions/compute-benchmark/xbattlax/scripts/measure_ros_processes.sh --pattern python3|lifelong_slam_toolbox_node --duration 470 --interval 2 --label slam15m_noise_n005_lifelong --output /oomwoo/contributions/compute-benchmark/OsakaTX/scripts/../results/slam15m_noise_n005_lifelong_20260908T151228Z.csv"
2026-09-08T15:18:25Z,162,"slam15m_noise_n005_lifelong",191,"python3",0.1,69860,46798,"/usr/bin/python3 -c from ros2cli.daemon.daemonize import main; main() --name ros2-daemon --ros-domain-id 0 --rmw-implementation rmw_fastrtps_cpp"
2026-09-08T15:18:25Z,162,"slam15m_noise_n005_lifelong",83970,"python3",4.7,72320,48998,"python3 /oomwoo/contributions/compute-benchmark/OsakaTX/scripts/synthetic_scan_publisher.py --duration 505 --loop-s 40 --hz 5.0 --room-half 7.5 --noise 0.05"
2026-09-08T15:18:25Z,162,"slam15m_noise_n005_lifelong",83986,"ros2",0.5,74908,51438,"/usr/bin/python3 /opt/ros/jazzy/bin/ros2 launch /oomwoo/contributions/compute-benchmark/OsakaTX/scripts/lifelong_launch.py slam_params_file:=/oomwoo/contributions/compute-benchmark/OsakaTX/scripts/lifelong_slam_params.yaml use_sim_time:=False autostart:=true"
2026-09-08T15:18:25Z,162,"slam15m_noise_n005_lifelong",84003,"lifelong_slam_t",113,67980,53954,"/opt/ros/jazzy/lib/slam_toolbox/lifelong_slam_toolbox_node --ros-args -r __node:=slam_toolbox -r __ns:=/ --params-file /oomwoo/contributions/compute-benchmark/OsakaTX/scripts/lifelong_slam_params.yaml --params-file /tmp/launch_params_fx3k_6ap"
2026-09-08T15:18:25Z,162,"slam15m_noise_n005_lifelong",84037,"bash",0.3,4488,1133,"bash /oomwoo/contributions/compute-benchmark/xbattlax/scripts/measure_ros_processes.sh --pattern python3|lifelong_slam_toolbox_node --duration 470 --interval 2 --label slam15m_noise_n005_lifelong --output /oomwoo/contributions/compute-benchmark/OsakaTX/scripts/../results/slam15m_noise_n005_lifelong_20260908T151228Z.csv"
2026-09-08T15:18:27Z,163,"slam15m_noise_n005_lifelong",191,"python3",0.1,69860,46799,"/usr/bin/python3 -c from ros2cli.daemon.daemonize import main; main() --name ros2-daemon --ros-domain-id 0 --rmw-implementation rmw_fastrtps_cpp"
2026-09-08T15:18:27Z,163,"slam15m_noise_n005_lifelong",83970,"python3",4.7,72320,49000,"python3 /oomwoo/contributions/compute-benchmark/OsakaTX/scripts/synthetic_scan_publisher.py --duration 505 --loop-s 40 --hz 5.0 --room-half 7.5 --noise 0.05"
2026-09-08T15:18:27Z,163,"slam15m_noise_n005_lifelong",83986,"ros2",0.5,74908,51438,"/usr/bin/python3 /opt/ros/jazzy/bin/ros2 launch /oomwoo/contributions/compute-benchmark/OsakaTX/scripts/lifelong_launch.py slam_params_file:=/oomwoo/contributions/compute-benchmark/OsakaTX/scripts/lifelong_slam_params.yaml use_sim_time:=False autostart:=true"
2026-09-08T15:18:27Z,163,"slam15m_noise_n005_lifelong",84003,"lifelong_slam_t",113,68004,53979,"/opt/ros/jazzy/lib/slam_toolbox/lifelong_slam_toolbox_node --ros-args -r __node:=slam_toolbox -r __ns:=/ --params-file /oomwoo/contributions/compute-benchmark/OsakaTX/scripts/lifelong_slam_params.yaml --params-file /tmp/launch_params_fx3k_6ap"
2026-09-08T15:18:27Z,163,"slam15m_noise_n005_lifelong",84037,"bash",0.3,4488,1144,"bash /oomwoo/contributions/compute-benchmark/xbattlax/scripts/measure_ros_processes.sh --pattern python3|lifelong_slam_toolbox_node --duration 470 --interval 2 --label slam15m_noise_n005_lifelong --output /oomwoo/contributions/compute-benchmark/OsakaTX/scripts/../results/slam15m_noise_n005_lifelong_20260908T151228Z.csv"
2026-09-08T15:18:30Z,164,"slam15m_noise_n005_lifelong",191,"python3",0.1,69860,46796,"/usr/bin/python3 -c from ros2cli.daemon.daemonize import main; main() --name ros2-daemon --ros-domain-id 0 --rmw-implementation rmw_fastrtps_cpp"
2026-09-08T15:18:30Z,164,"slam15m_noise_n005_lifelong",83970,"python3",4.7,72320,48998,"python3 /oomwoo/contributions/compute-benchmark/OsakaTX/scripts/synthetic_scan_publisher.py --duration 505 --loop-s 40 --hz 5.0 --room-half 7.5 --noise 0.05"
2026-09-08T15:18:30Z,164,"slam15m_noise_n005_lifelong",83986,"ros2",0.5,74908,51435,"/usr/bin/python3 /opt/ros/jazzy/bin/ros2 launch /oomwoo/contributions/compute-benchmark/OsakaTX/scripts/lifelong_launch.py slam_params_file:=/oomwoo/contributions/compute-benchmark/OsakaTX/scripts/lifelong_slam_params.yaml use_sim_time:=False autostart:=true"
2026-09-08T15:18:30Z,164,"slam15m_noise_n005_lifelong",84003,"lifelong_slam_t",113,68020,53992,"/opt/ros/jazzy/lib/slam_toolbox/lifelong_slam_toolbox_node --ros-args -r __node:=slam_toolbox -r __ns:=/ --params-file /oomwoo/contributions/compute-benchmark/OsakaTX/scripts/lifelong_slam_params.yaml --params-file /tmp/launch_params_fx3k_6ap"
2026-09-08T15:18:30Z,164,"slam15m_noise_n005_lifelong",84037,"bash",0.3,4488,1137,"bash /oomwoo/contributions/compute-benchmark/xbattlax/scripts/measure_ros_processes.sh --pattern python3|lifelong_slam_toolbox_node --duration 470 --interval 2 --label slam15m_noise_n005_lifelong --output /oomwoo/contributions/compute-benchmark/OsakaTX/scripts/../results/slam15m_noise_n005_lifelong_20260908T151228Z.csv"
2026-09-08T15:18:32Z,165,"slam15m_noise_n005_lifelong",191,"python3",0.1,69860,46796,"/usr/bin/python3 -c from ros2cli.daemon.daemonize import main; main() --name ros2-daemon --ros-domain-id 0 --rmw-implementation rmw_fastrtps_cpp"
2026-09-08T15:18:32Z,165,"slam15m_noise_n005_lifelong",83970,"python3",4.7,72320,48998,"python3 /oomwoo/contributions/compute-benchmark/OsakaTX/scripts/synthetic_scan_publisher.py --duration 505 --loop-s 40 --hz 5.0 --room-half 7.5 --noise 0.05"
2026-09-08T15:18:32Z,165,"slam15m_noise_n005_lifelong",83986,"ros2",0.5,74908,51436,"/usr/bin/python3 /opt/ros/jazzy/bin/ros2 launch /oomwoo/contributions/compute-benchmark/OsakaTX/scripts/lifelong_launch.py slam_params_file:=/oomwoo/contributions/compute-benchmark/OsakaTX/scripts/lifelong_slam_params.yaml use_sim_time:=False autostart:=true"
2026-09-08T15:18:32Z,165,"slam15m_noise_n005_lifelong",84003,"lifelong_slam_t",113,68028,54001,"/opt/ros/jazzy/lib/slam_toolbox/lifelong_slam_toolbox_node --ros-args -r __node:=slam_toolbox -r __ns:=/ --params-file /oomwoo/contributions/compute-benchmark/OsakaTX/scripts/lifelong_slam_params.yaml --params-file /tmp/launch_params_fx3k_6ap"
2026-09-08T15:18:32Z,165,"slam15m_noise_n005_lifelong",84037,"bash",0.3,4488,1140,"bash /oomwoo/contributions/compute-benchmark/xbattlax/scripts/measure_ros_processes.sh --pattern python3|lifelong_slam_toolbox_node --duration 470 --interval 2 --label slam15m_noise_n005_lifelong --output /oomwoo/contributions/compute-benchmark/OsakaTX/scripts/../results/slam15m_noise_n005_lifelong_20260908T151228Z.csv"
2026-09-08T15:18:34Z,166,"slam15m_noise_n005_lifelong",191,"python3",0.1,69860,46796,"/usr/bin/python3 -c from ros2cli.daemon.daemonize import main; main() --name ros2-daemon --ros-domain-id 0 --rmw-implementation rmw_fastrtps_cpp"
2026-09-08T15:18:34Z,166,"slam15m_noise_n005_lifelong",83970,"python3",4.7,72320,48998,"python3 /oomwoo/contributions/compute-benchmark/OsakaTX/scripts/synthetic_scan_publisher.py --duration 505 --loop-s 40 --hz 5.0 --room-half 7.5 --noise 0.05"
2026-09-08T15:18:34Z,166,"slam15m_noise_n005_lifelong",83986,"ros2",0.5,74908,51435,"/usr/bin/python3 /opt/ros/jazzy/bin/ros2 launch /oomwoo/contributions/compute-benchmark/OsakaTX/scripts/lifelong_launch.py slam_params_file:=/oomwoo/contributions/compute-benchmark/OsakaTX/scripts/lifelong_slam_params.yaml use_sim_time:=False autostart:=true"
2026-09-08T15:18:34Z,166,"slam15m_noise_n005_lifelong",84003,"lifelong_slam_t",113,68060,54035,"/opt/ros/jazzy/lib/slam_toolbox/lifelong_slam_toolbox_node --ros-args -r __node:=slam_toolbox -r __ns:=/ --params-file /oomwoo/contributions/compute-benchmark/OsakaTX/scripts/lifelong_slam_params.yaml --params-file /tmp/launch_params_fx3k_6ap"
2026-09-08T15:18:34Z,166,"slam15m_noise_n005_lifelong",84037,"bash",0.3,4488,1142,"bash /oomwoo/contributions/compute-benchmark/xbattlax/scripts/measure_ros_processes.sh --pattern python3|lifelong_slam_toolbox_node --duration 470 --interval 2 --label slam15m_noise_n005_lifelong --output /oomwoo/contributions/compute-benchmark/OsakaTX/scripts/../results/slam15m_noise_n005_lifelong_20260908T151228Z.csv"
2026-09-08T15:18:36Z,167,"slam15m_noise_n005_lifelong",191,"python3",0.1,69860,46795,"/usr/bin/python3 -c from ros2cli.daemon.daemonize import main; main() --name ros2-daemon --ros-domain-id 0 --rmw-implementation rmw_fastrtps_cpp"
2026-09-08T15:18:36Z,167,"slam15m_noise_n005_lifelong",83970,"python3",4.7,72320,48997,"python3 /oomwoo/contributions/compute-benchmark/OsakaTX/scripts/synthetic_scan_publisher.py --duration 505 --loop-s 40 --hz 5.0 --room-half 7.5 --noise 0.05"
2026-09-08T15:18:36Z,167,"slam15m_noise_n005_lifelong",83986,"ros2",0.5,74908,51437,"/usr/bin/python3 /opt/ros/jazzy/bin/ros2 launch /oomwoo/contributions/compute-benchmark/OsakaTX/scripts/lifelong_launch.py slam_params_file:=/oomwoo/contributions/compute-benchmark/OsakaTX/scripts/lifelong_slam_params.yaml use_sim_time:=False autostart:=true"
2026-09-08T15:18:36Z,167,"slam15m_noise_n005_lifelong",84003,"lifelong_slam_t",113,68128,54102,"/opt/ros/jazzy/lib/slam_toolbox/lifelong_slam_toolbox_node --ros-args -r __node:=slam_toolbox -r __ns:=/ --params-file /oomwoo/contributions/compute-benchmark/OsakaTX/scripts/lifelong_slam_params.yaml --params-file /tmp/launch_params_fx3k_6ap"
2026-09-08T15:18:36Z,167,"slam15m_noise_n005_lifelong",84037,"bash",0.3,4488,1139,"bash /oomwoo/contributions/compute-benchmark/xbattlax/scripts/measure_ros_processes.sh --pattern python3|lifelong_slam_toolbox_node --duration 470 --interval 2 --label slam15m_noise_n005_lifelong --output /oomwoo/contributions/compute-benchmark/OsakaTX/scripts/../results/slam15m_noise_n005_lifelong_20260908T151228Z.csv"
2026-09-08T15:18:38Z,168,"slam15m_noise_n005_lifelong",104713,"",,,,""
2026-09-08T15:18:38Z,168,"slam15m_noise_n005_lifelong",191,"python3",0.1,69860,46797,"/usr/bin/python3 -c from ros2cli.daemon.daemonize import main; main() --name ros2-daemon --ros-domain-id 0 --rmw-implementation rmw_fastrtps_cpp"
2026-09-08T15:18:38Z,168,"slam15m_noise_n005_lifelong",83970,"python3",4.7,72320,48998,"python3 /oomwoo/contributions/compute-benchmark/OsakaTX/scripts/synthetic_scan_publisher.py --duration 505 --loop-s 40 --hz 5.0 --room-half 7.5 --noise 0.05"
2026-09-08T15:18:38Z,168,"slam15m_noise_n005_lifelong",83986,"ros2",0.5,74908,51435,"/usr/bin/python3 /opt/ros/jazzy/bin/ros2 launch /oomwoo/contributions/compute-benchmark/OsakaTX/scripts/lifelong_launch.py slam_params_file:=/oomwoo/contributions/compute-benchmark/OsakaTX/scripts/lifelong_slam_params.yaml use_sim_time:=False autostart:=true"
2026-09-08T15:18:38Z,168,"slam15m_noise_n005_lifelong",84003,"lifelong_slam_t",113,68128,54102,"/opt/ros/jazzy/lib/slam_toolbox/lifelong_slam_toolbox_node --ros-args -r __node:=slam_toolbox -r __ns:=/ --params-file /oomwoo/contributions/compute-benchmark/OsakaTX/scripts/lifelong_slam_params.yaml --params-file /tmp/launch_params_fx3k_6ap"
2026-09-08T15:18:38Z,168,"slam15m_noise_n005_lifelong",84037,"bash",0.3,4488,1139,"bash /oomwoo/contributions/compute-benchmark/xbattlax/scripts/measure_ros_processes.sh --pattern python3|lifelong_slam_toolbox_node --duration 470 --interval 2 --label slam15m_noise_n005_lifelong --output /oomwoo/contributions/compute-benchmark/OsakaTX/scripts/../results/slam15m_noise_n005_lifelong_20260908T151228Z.csv"
2026-09-08T15:18:40Z,169,"slam15m_noise_n005_lifelong",191,"python3",0.1,69860,46796,"/usr/bin/python3 -c from ros2cli.daemon.daemonize import main; main() --name ros2-daemon --ros-domain-id 0 --rmw-implementation rmw_fastrtps_cpp"
2026-09-08T15:18:40Z,169,"slam15m_noise_n005_lifelong",83970,"python3",4.7,72320,48998,"python3 /oomwoo/contributions/compute-benchmark/OsakaTX/scripts/synthetic_scan_publisher.py --duration 505 --loop-s 40 --hz 5.0 --room-half 7.5 --noise 0.05"
2026-09-08T15:18:40Z,169,"slam15m_noise_n005_lifelong",83986,"ros2",0.5,74908,51438,"/usr/bin/python3 /opt/ros/jazzy/bin/ros2 launch /oomwoo/contributions/compute-benchmark/OsakaTX/scripts/lifelong_launch.py slam_params_file:=/oomwoo/contributions/compute-benchmark/OsakaTX/scripts/lifelong_slam_params.yaml use_sim_time:=False autostart:=true"
2026-09-08T15:18:40Z,169,"slam15m_noise_n005_lifelong",84003,"lifelong_slam_t",113,68128,54100,"/opt/ros/jazzy/lib/slam_toolbox/lifelong_slam_toolbox_node --ros-args -r __node:=slam_toolbox -r __ns:=/ --params-file /oomwoo/contributions/compute-benchmark/OsakaTX/scripts/lifelong_slam_params.yaml --params-file /tmp/launch_params_fx3k_6ap"
2026-09-08T15:18:40Z,169,"slam15m_noise_n005_lifelong",84037,"bash",0.3,4488,1142,"bash /oomwoo/contributions/compute-benchmark/xbattlax/scripts/measure_ros_processes.sh --pattern python3|lifelong_slam_toolbox_node --duration 470 --interval 2 --label slam15m_noise_n005_lifelong --output /oomwoo/contributions/compute-benchmark/OsakaTX/scripts/../results/slam15m_noise_n005_lifelong_20260908T151228Z.csv"
2026-09-08T15:18:42Z,170,"slam15m_noise_n005_lifelong",191,"python3",0.1,69860,46799,"/usr/bin/python3 -c from ros2cli.daemon.daemonize import main; main() --name ros2-daemon --ros-domain-id 0 --rmw-implementation rmw_fastrtps_cpp"
2026-09-08T15:18:42Z,170,"slam15m_noise_n005_lifelong",83970,"python3",4.7,72320,48996,"python3 /oomwoo/contributions/compute-benchmark/OsakaTX/scripts/synthetic_scan_publisher.py --duration 505 --loop-s 40 --hz 5.0 --room-half 7.5 --noise 0.05"
2026-09-08T15:18:42Z,170,"slam15m_noise_n005_lifelong",83986,"ros2",0.5,74908,51435,"/usr/bin/python3 /opt/ros/jazzy/bin/ros2 launch /oomwoo/contributions/compute-benchmark/OsakaTX/scripts/lifelong_launch.py slam_params_file:=/oomwoo/contributions/compute-benchmark/OsakaTX/scripts/lifelong_slam_params.yaml use_sim_time:=False autostart:=true"
2026-09-08T15:18:42Z,170,"slam15m_noise_n005_lifelong",84003,"lifelong_slam_t",113,68160,54134,"/opt/ros/jazzy/lib/slam_toolbox/lifelong_slam_toolbox_node --ros-args -r __node:=slam_toolbox -r __ns:=/ --params-file /oomwoo/contributions/compute-benchmark/OsakaTX/scripts/lifelong_slam_params.yaml --params-file /tmp/launch_params_fx3k_6ap"
2026-09-08T15:18:42Z,170,"slam15m_noise_n005_lifelong",84037,"bash",0.3,4488,1137,"bash /oomwoo/contributions/compute-benchmark/xbattlax/scripts/measure_ros_processes.sh --pattern python3|lifelong_slam_toolbox_node --duration 470 --interval 2 --label slam15m_noise_n005_lifelong --output /oomwoo/contributions/compute-benchmark/OsakaTX/scripts/../results/slam15m_noise_n005_lifelong_20260908T151228Z.csv"
2026-09-08T15:18:45Z,171,"slam15m_noise_n005_lifelong",191,"python3",0.1,69860,46796,"/usr/bin/python3 -c from ros2cli.daemon.daemonize import main; main() --name ros2-daemon --ros-domain-id 0 --rmw-implementation rmw_fastrtps_cpp"
2026-09-08T15:18:45Z,171,"slam15m_noise_n005_lifelong",83970,"python3",4.7,72320,48996,"python3 /oomwoo/contributions/compute-benchmark/OsakaTX/scripts/synthetic_scan_publisher.py --duration 505 --loop-s 40 --hz 5.0 --room-half 7.5 --noise 0.05"
2026-09-08T15:18:45Z,171,"slam15m_noise_n005_lifelong",83986,"ros2",0.5,74908,51435,"/usr/bin/python3 /opt/ros/jazzy/bin/ros2 launch /oomwoo/contributions/compute-benchmark/OsakaTX/scripts/lifelong_launch.py slam_params_file:=/oomwoo/contributions/compute-benchmark/OsakaTX/scripts/lifelong_slam_params.yaml use_sim_time:=False autostart:=true"
2026-09-08T15:18:45Z,171,"slam15m_noise_n005_lifelong",84003,"lifelong_slam_t",113,68200,54174,"/opt/ros/jazzy/lib/slam_toolbox/lifelong_slam_toolbox_node --ros-args -r __node:=slam_toolbox -r __ns:=/ --params-file /oomwoo/contributions/compute-benchmark/OsakaTX/scripts/lifelong_slam_params.yaml --params-file /tmp/launch_params_fx3k_6ap"
2026-09-08T15:18:45Z,171,"slam15m_noise_n005_lifelong",84037,"bash",0.3,4488,1142,"bash /oomwoo/contributions/compute-benchmark/xbattlax/scripts/measure_ros_processes.sh --pattern python3|lifelong_slam_toolbox_node --duration 470 --interval 2 --label slam15m_noise_n005_lifelong --output /oomwoo/contributions/compute-benchmark/OsakaTX/scripts/../results/slam15m_noise_n005_lifelong_20260908T151228Z.csv"
2026-09-08T15:18:47Z,172,"slam15m_noise_n005_lifelong",191,"python3",0.1,69860,46798,"/usr/bin/python3 -c from ros2cli.daemon.daemonize import main; main() --name ros2-daemon --ros-domain-id 0 --rmw-implementation rmw_fastrtps_cpp"
2026-09-08T15:18:47Z,172,"slam15m_noise_n005_lifelong",83970,"python3",4.7,72320,48998,"python3 /oomwoo/contributions/compute-benchmark/OsakaTX/scripts/synthetic_scan_publisher.py --duration 505 --loop-s 40 --hz 5.0 --room-half 7.5 --noise 0.05"
2026-09-08T15:18:47Z,172,"slam15m_noise_n005_lifelong",83986,"ros2",0.5,74908,51437,"/usr/bin/python3 /opt/ros/jazzy/bin/ros2 launch /oomwoo/contributions/compute-benchmark/OsakaTX/scripts/lifelong_launch.py slam_params_file:=/oomwoo/contributions/compute-benchmark/OsakaTX/scripts/lifelong_slam_params.yaml use_sim_time:=False autostart:=true"
2026-09-08T15:18:47Z,172,"slam15m_noise_n005_lifelong",84003,"lifelong_slam_t",113,68200,54174,"/opt/ros/jazzy/lib/slam_toolbox/lifelong_slam_toolbox_node --ros-args -r __node:=slam_toolbox -r __ns:=/ --params-file /oomwoo/contributions/compute-benchmark/OsakaTX/scripts/lifelong_slam_params.yaml --params-file /tmp/launch_params_fx3k_6ap"
2026-09-08T15:18:47Z,172,"slam15m_noise_n005_lifelong",84037,"bash",0.3,4488,1142,"bash /oomwoo/contributions/compute-benchmark/xbattlax/scripts/measure_ros_processes.sh --pattern python3|lifelong_slam_toolbox_node --duration 470 --interval 2 --label slam15m_noise_n005_lifelong --output /oomwoo/contributions/compute-benchmark/OsakaTX/scripts/../results/slam15m_noise_n005_lifelong_20260908T151228Z.csv"
2026-09-08T15:18:49Z,173,"slam15m_noise_n005_lifelong",191,"python3",0.1,69860,46796,"/usr/bin/python3 -c from ros2cli.daemon.daemonize import main; main() --name ros2-daemon --ros-domain-id 0 --rmw-implementation rmw_fastrtps_cpp"
2026-09-08T15:18:49Z,173,"slam15m_noise_n005_lifelong",83970,"python3",4.7,72320,48996,"python3 /oomwoo/contributions/compute-benchmark/OsakaTX/scripts/synthetic_scan_publisher.py --duration 505 --loop-s 40 --hz 5.0 --room-half 7.5 --noise 0.05"
2026-09-08T15:18:49Z,173,"slam15m_noise_n005_lifelong",83986,"ros2",0.5,74908,51435,"/usr/bin/python3 /opt/ros/jazzy/bin/ros2 launch /oomwoo/contributions/compute-benchmark/OsakaTX/scripts/lifelong_launch.py slam_params_file:=/oomwoo/contributions/compute-benchmark/OsakaTX/scripts/lifelong_slam_params.yaml use_sim_time:=False autostart:=true"
2026-09-08T15:18:49Z,173,"slam15m_noise_n005_lifelong",84003,"lifelong_slam_t",113,68200,54174,"/opt/ros/jazzy/lib/slam_toolbox/lifelong_slam_toolbox_node --ros-args -r __node:=slam_toolbox -r __ns:=/ --params-file /oomwoo/contributions/compute-benchmark/OsakaTX/scripts/lifelong_slam_params.yaml --params-file /tmp/launch_params_fx3k_6ap"
2026-09-08T15:18:49Z,173,"slam15m_noise_n005_lifelong",84037,"bash",0.3,4488,1142,"bash /oomwoo/contributions/compute-benchmark/xbattlax/scripts/measure_ros_processes.sh --pattern python3|lifelong_slam_toolbox_node --duration 470 --interval 2 --label slam15m_noise_n005_lifelong --output /oomwoo/contributions/compute-benchmark/OsakaTX/scripts/../results/slam15m_noise_n005_lifelong_20260908T151228Z.csv"
2026-09-08T15:18:51Z,174,"slam15m_noise_n005_lifelong",191,"python3",0.1,69860,46796,"/usr/bin/python3 -c from ros2cli.daemon.daemonize import main; main() --name ros2-daemon --ros-domain-id 0 --rmw-implementation rmw_fastrtps_cpp"
2026-09-08T15:18:51Z,174,"slam15m_noise_n005_lifelong",83970,"python3",4.7,72320,48998,"python3 /oomwoo/contributions/compute-benchmark/OsakaTX/scripts/synthetic_scan_publisher.py --duration 505 --loop-s 40 --hz 5.0 --room-half 7.5 --noise 0.05"
2026-09-08T15:18:51Z,174,"slam15m_noise_n005_lifelong",83986,"ros2",0.5,74908,51438,"/usr/bin/python3 /opt/ros/jazzy/bin/ros2 launch /oomwoo/contributions/compute-benchmark/OsakaTX/scripts/lifelong_launch.py slam_params_file:=/oomwoo/contributions/compute-benchmark/OsakaTX/scripts/lifelong_slam_params.yaml use_sim_time:=False autostart:=true"
2026-09-08T15:18:51Z,174,"slam15m_noise_n005_lifelong",84003,"lifelong_slam_t",113,68268,54240,"/opt/ros/jazzy/lib/slam_toolbox/lifelong_slam_toolbox_node --ros-args -r __node:=slam_toolbox -r __ns:=/ --params-file /oomwoo/contributions/compute-benchmark/OsakaTX/scripts/lifelong_slam_params.yaml --params-file /tmp/launch_params_fx3k_6ap"
2026-09-08T15:18:51Z,174,"slam15m_noise_n005_lifelong",84037,"bash",0.3,4488,1138,"bash /oomwoo/contributions/compute-benchmark/xbattlax/scripts/measure_ros_processes.sh --pattern python3|lifelong_slam_toolbox_node --duration 470 --interval 2 --label slam15m_noise_n005_lifelong --output /oomwoo/contributions/compute-benchmark/OsakaTX/scripts/../results/slam15m_noise_n005_lifelong_20260908T151228Z.csv"
2026-09-08T15:18:53Z,175,"slam15m_noise_n005_lifelong",191,"python3",0.1,69860,46797,"/usr/bin/python3 -c from ros2cli.daemon.daemonize import main; main() --name ros2-daemon --ros-domain-id 0 --rmw-implementation rmw_fastrtps_cpp"
2026-09-08T15:18:53Z,175,"slam15m_noise_n005_lifelong",83970,"python3",4.7,72320,48998,"python3 /oomwoo/contributions/compute-benchmark/OsakaTX/scripts/synthetic_scan_publisher.py --duration 505 --loop-s 40 --hz 5.0 --room-half 7.5 --noise 0.05"
2026-09-08T15:18:53Z,175,"slam15m_noise_n005_lifelong",83986,"ros2",0.5,74908,51437,"/usr/bin/python3 /opt/ros/jazzy/bin/ros2 launch /oomwoo/contributions/compute-benchmark/OsakaTX/scripts/lifelong_launch.py slam_params_file:=/oomwoo/contributions/compute-benchmark/OsakaTX/scripts/lifelong_slam_params.yaml use_sim_time:=False autostart:=true"
2026-09-08T15:18:53Z,175,"slam15m_noise_n005_lifelong",84003,"lifelong_slam_t",113,68268,54240,"/opt/ros/jazzy/lib/slam_toolbox/lifelong_slam_toolbox_node --ros-args -r __node:=slam_toolbox -r __ns:=/ --params-file /oomwoo/contributions/compute-benchmark/OsakaTX/scripts/lifelong_slam_params.yaml --params-file /tmp/launch_params_fx3k_6ap"
2026-09-08T15:18:53Z,175,"slam15m_noise_n005_lifelong",84037,"bash",0.3,4488,1141,"bash /oomwoo/contributions/compute-benchmark/xbattlax/scripts/measure_ros_processes.sh --pattern python3|lifelong_slam_toolbox_node --duration 470 --interval 2 --label slam15m_noise_n005_lifelong --output /oomwoo/contributions/compute-benchmark/OsakaTX/scripts/../results/slam15m_noise_n005_lifelong_20260908T151228Z.csv"
2026-09-08T15:18:55Z,176,"slam15m_noise_n005_lifelong",191,"python3",0.1,69860,46795,"/usr/bin/python3 -c from ros2cli.daemon.daemonize import main; main() --name ros2-daemon --ros-domain-id 0 --rmw-implementation rmw_fastrtps_cpp"
2026-09-08T15:18:55Z,176,"slam15m_noise_n005_lifelong",83970,"python3",4.7,72320,48998,"python3 /oomwoo/contributions/compute-benchmark/OsakaTX/scripts/synthetic_scan_publisher.py --duration 505 --loop-s 40 --hz 5.0 --room-half 7.5 --noise 0.05"
2026-09-08T15:18:55Z,176,"slam15m_noise_n005_lifelong",83986,"ros2",0.5,74908,51437,"/usr/bin/python3 /opt/ros/jazzy/bin/ros2 launch /oomwoo/contributions/compute-benchmark/OsakaTX/scripts/lifelong_launch.py slam_params_file:=/oomwoo/contributions/compute-benchmark/OsakaTX/scripts/lifelong_slam_params.yaml use_sim_time:=False autostart:=true"
2026-09-08T15:18:55Z,176,"slam15m_noise_n005_lifelong",84003,"lifelong_slam_t",113,68348,54322,"/opt/ros/jazzy/lib/slam_toolbox/lifelong_slam_toolbox_node --ros-args -r __node:=slam_toolbox -r __ns:=/ --params-file /oomwoo/contributions/compute-benchmark/OsakaTX/scripts/lifelong_slam_params.yaml --params-file /tmp/launch_params_fx3k_6ap"
2026-09-08T15:18:55Z,176,"slam15m_noise_n005_lifelong",84037,"bash",0.3,4488,1133,"bash /oomwoo/contributions/compute-benchmark/xbattlax/scripts/measure_ros_processes.sh --pattern python3|lifelong_slam_toolbox_node --duration 470 --interval 2 --label slam15m_noise_n005_lifelong --output /oomwoo/contributions/compute-benchmark/OsakaTX/scripts/../results/slam15m_noise_n005_lifelong_20260908T151228Z.csv"
2026-09-08T15:18:57Z,177,"slam15m_noise_n005_lifelong",191,"python3",0.1,69860,46796,"/usr/bin/python3 -c from ros2cli.daemon.daemonize import main; main() --name ros2-daemon --ros-domain-id 0 --rmw-implementation rmw_fastrtps_cpp"
2026-09-08T15:18:57Z,177,"slam15m_noise_n005_lifelong",83970,"python3",4.7,72320,48998,"python3 /oomwoo/contributions/compute-benchmark/OsakaTX/scripts/synthetic_scan_publisher.py --duration 505 --loop-s 40 --hz 5.0 --room-half 7.5 --noise 0.05"
2026-09-08T15:18:57Z,177,"slam15m_noise_n005_lifelong",83986,"ros2",0.5,74908,51437,"/usr/bin/python3 /opt/ros/jazzy/bin/ros2 launch /oomwoo/contributions/compute-benchmark/OsakaTX/scripts/lifelong_launch.py slam_params_file:=/oomwoo/contributions/compute-benchmark/OsakaTX/scripts/lifelong_slam_params.yaml use_sim_time:=False autostart:=true"
2026-09-08T15:18:57Z,177,"slam15m_noise_n005_lifelong",84003,"lifelong_slam_t",113,68348,54323,"/opt/ros/jazzy/lib/slam_toolbox/lifelong_slam_toolbox_node --ros-args -r __node:=slam_toolbox -r __ns:=/ --params-file /oomwoo/contributions/compute-benchmark/OsakaTX/scripts/lifelong_slam_params.yaml --params-file /tmp/launch_params_fx3k_6ap"
2026-09-08T15:18:57Z,177,"slam15m_noise_n005_lifelong",84037,"bash",0.3,4488,1143,"bash /oomwoo/contributions/compute-benchmark/xbattlax/scripts/measure_ros_processes.sh --pattern python3|lifelong_slam_toolbox_node --duration 470 --interval 2 --label slam15m_noise_n005_lifelong --output /oomwoo/contributions/compute-benchmark/OsakaTX/scripts/../results/slam15m_noise_n005_lifelong_20260908T151228Z.csv"
2026-09-08T15:19:00Z,178,"slam15m_noise_n005_lifelong",105961,"",,,,""
2026-09-08T15:19:00Z,178,"slam15m_noise_n005_lifelong",191,"python3",0.1,69860,46796,"/usr/bin/python3 -c from ros2cli.daemon.daemonize import main; main() --name ros2-daemon --ros-domain-id 0 --rmw-implementation rmw_fastrtps_cpp"
2026-09-08T15:19:00Z,178,"slam15m_noise_n005_lifelong",83970,"python3",4.7,72320,48996,"python3 /oomwoo/contributions/compute-benchmark/OsakaTX/scripts/synthetic_scan_publisher.py --duration 505 --loop-s 40 --hz 5.0 --room-half 7.5 --noise 0.05"
2026-09-08T15:19:00Z,178,"slam15m_noise_n005_lifelong",83986,"ros2",0.5,74908,51438,"/usr/bin/python3 /opt/ros/jazzy/bin/ros2 launch /oomwoo/contributions/compute-benchmark/OsakaTX/scripts/lifelong_launch.py slam_params_file:=/oomwoo/contributions/compute-benchmark/OsakaTX/scripts/lifelong_slam_params.yaml use_sim_time:=False autostart:=true"
2026-09-08T15:19:00Z,178,"slam15m_noise_n005_lifelong",84003,"lifelong_slam_t",114,68348,54322,"/opt/ros/jazzy/lib/slam_toolbox/lifelong_slam_toolbox_node --ros-args -r __node:=slam_toolbox -r __ns:=/ --params-file /oomwoo/contributions/compute-benchmark/OsakaTX/scripts/lifelong_slam_params.yaml --params-file /tmp/launch_params_fx3k_6ap"
2026-09-08T15:19:00Z,178,"slam15m_noise_n005_lifelong",84037,"bash",0.3,4488,1144,"bash /oomwoo/contributions/compute-benchmark/xbattlax/scripts/measure_ros_processes.sh --pattern python3|lifelong_slam_toolbox_node --duration 470 --interval 2 --label slam15m_noise_n005_lifelong --output /oomwoo/contributions/compute-benchmark/OsakaTX/scripts/../results/slam15m_noise_n005_lifelong_20260908T151228Z.csv"
2026-09-08T15:19:02Z,179,"slam15m_noise_n005_lifelong",191,"python3",0.1,69860,46796,"/usr/bin/python3 -c from ros2cli.daemon.daemonize import main; main() --name ros2-daemon --ros-domain-id 0 --rmw-implementation rmw_fastrtps_cpp"
2026-09-08T15:19:02Z,179,"slam15m_noise_n005_lifelong",83970,"python3",4.7,72320,48998,"python3 /oomwoo/contributions/compute-benchmark/OsakaTX/scripts/synthetic_scan_publisher.py --duration 505 --loop-s 40 --hz 5.0 --room-half 7.5 --noise 0.05"
2026-09-08T15:19:02Z,179,"slam15m_noise_n005_lifelong",83986,"ros2",0.5,74908,51440,"/usr/bin/python3 /opt/ros/jazzy/bin/ros2 launch /oomwoo/contributions/compute-benchmark/OsakaTX/scripts/lifelong_launch.py slam_params_file:=/oomwoo/contributions/compute-benchmark/OsakaTX/scripts/lifelong_slam_params.yaml use_sim_time:=False autostart:=true"
2026-09-08T15:19:02Z,179,"slam15m_noise_n005_lifelong",84003,"lifelong_slam_t",114,68348,54321,"/opt/ros/jazzy/lib/slam_toolbox/lifelong_slam_toolbox_node --ros-args -r __node:=slam_toolbox -r __ns:=/ --params-file /oomwoo/contributions/compute-benchmark/OsakaTX/scripts/lifelong_slam_params.yaml --params-file /tmp/launch_params_fx3k_6ap"
2026-09-08T15:19:02Z,179,"slam15m_noise_n005_lifelong",84037,"bash",0.3,4488,1140,"bash /oomwoo/contributions/compute-benchmark/xbattlax/scripts/measure_ros_processes.sh --pattern python3|lifelong_slam_toolbox_node --duration 470 --interval 2 --label slam15m_noise_n005_lifelong --output /oomwoo/contributions/compute-benchmark/OsakaTX/scripts/../results/slam15m_noise_n005_lifelong_20260908T151228Z.csv"
2026-09-08T15:19:04Z,180,"slam15m_noise_n005_lifelong",191,"python3",0.1,69860,46798,"/usr/bin/python3 -c from ros2cli.daemon.daemonize import main; main() --name ros2-daemon --ros-domain-id 0 --rmw-implementation rmw_fastrtps_cpp"
2026-09-08T15:19:04Z,180,"slam15m_noise_n005_lifelong",83970,"python3",4.7,72320,49000,"python3 /oomwoo/contributions/compute-benchmark/OsakaTX/scripts/synthetic_scan_publisher.py --duration 505 --loop-s 40 --hz 5.0 --room-half 7.5 --noise 0.05"
2026-09-08T15:19:04Z,180,"slam15m_noise_n005_lifelong",83986,"ros2",0.5,74908,51438,"/usr/bin/python3 /opt/ros/jazzy/bin/ros2 launch /oomwoo/contributions/compute-benchmark/OsakaTX/scripts/lifelong_launch.py slam_params_file:=/oomwoo/contributions/compute-benchmark/OsakaTX/scripts/lifelong_slam_params.yaml use_sim_time:=False autostart:=true"
2026-09-08T15:19:04Z,180,"slam15m_noise_n005_lifelong",84003,"lifelong_slam_t",114,68356,54329,"/opt/ros/jazzy/lib/slam_toolbox/lifelong_slam_toolbox_node --ros-args -r __node:=slam_toolbox -r __ns:=/ --params-file /oomwoo/contributions/compute-benchmark/OsakaTX/scripts/lifelong_slam_params.yaml --params-file /tmp/launch_params_fx3k_6ap"
2026-09-08T15:19:04Z,180,"slam15m_noise_n005_lifelong",84037,"bash",0.3,4488,1144,"bash /oomwoo/contributions/compute-benchmark/xbattlax/scripts/measure_ros_processes.sh --pattern python3|lifelong_slam_toolbox_node --duration 470 --interval 2 --label slam15m_noise_n005_lifelong --output /oomwoo/contributions/compute-benchmark/OsakaTX/scripts/../results/slam15m_noise_n005_lifelong_20260908T151228Z.csv"
2026-09-08T15:19:06Z,181,"slam15m_noise_n005_lifelong",191,"python3",0.1,69860,46796,"/usr/bin/python3 -c from ros2cli.daemon.daemonize import main; main() --name ros2-daemon --ros-domain-id 0 --rmw-implementation rmw_fastrtps_cpp"
2026-09-08T15:19:06Z,181,"slam15m_noise_n005_lifelong",83970,"python3",4.7,72320,48998,"python3 /oomwoo/contributions/compute-benchmark/OsakaTX/scripts/synthetic_scan_publisher.py --duration 505 --loop-s 40 --hz 5.0 --room-half 7.5 --noise 0.05"
2026-09-08T15:19:06Z,181,"slam15m_noise_n005_lifelong",83986,"ros2",0.5,74908,51435,"/usr/bin/python3 /opt/ros/jazzy/bin/ros2 launch /oomwoo/contributions/compute-benchmark/OsakaTX/scripts/lifelong_launch.py slam_params_file:=/oomwoo/contributions/compute-benchmark/OsakaTX/scripts/lifelong_slam_params.yaml use_sim_time:=False autostart:=true"
2026-09-08T15:19:06Z,181,"slam15m_noise_n005_lifelong",84003,"lifelong_slam_t",114,68432,54404,"/opt/ros/jazzy/lib/slam_toolbox/lifelong_slam_toolbox_node --ros-args -r __node:=slam_toolbox -r __ns:=/ --params-file /oomwoo/contributions/compute-benchmark/OsakaTX/scripts/lifelong_slam_params.yaml --params-file /tmp/launch_params_fx3k_6ap"
2026-09-08T15:19:06Z,181,"slam15m_noise_n005_lifelong",84037,"bash",0.3,4488,1142,"bash /oomwoo/contributions/compute-benchmark/xbattlax/scripts/measure_ros_processes.sh --pattern python3|lifelong_slam_toolbox_node --duration 470 --interval 2 --label slam15m_noise_n005_lifelong --output /oomwoo/contributions/compute-benchmark/OsakaTX/scripts/../results/slam15m_noise_n005_lifelong_20260908T151228Z.csv"
2026-09-08T15:19:08Z,182,"slam15m_noise_n005_lifelong",191,"python3",0.1,69860,46795,"/usr/bin/python3 -c from ros2cli.daemon.daemonize import main; main() --name ros2-daemon --ros-domain-id 0 --rmw-implementation rmw_fastrtps_cpp"
2026-09-08T15:19:08Z,182,"slam15m_noise_n005_lifelong",83970,"python3",4.7,72320,49000,"python3 /oomwoo/contributions/compute-benchmark/OsakaTX/scripts/synthetic_scan_publisher.py --duration 505 --loop-s 40 --hz 5.0 --room-half 7.5 --noise 0.05"
2026-09-08T15:19:08Z,182,"slam15m_noise_n005_lifelong",83986,"ros2",0.5,74908,51434,"/usr/bin/python3 /opt/ros/jazzy/bin/ros2 launch /oomwoo/contributions/compute-benchmark/OsakaTX/scripts/lifelong_launch.py slam_params_file:=/oomwoo/contributions/compute-benchmark/OsakaTX/scripts/lifelong_slam_params.yaml use_sim_time:=False autostart:=true"
2026-09-08T15:19:08Z,182,"slam15m_noise_n005_lifelong",84003,"lifelong_slam_t",114,68436,54410,"/opt/ros/jazzy/lib/slam_toolbox/lifelong_slam_toolbox_node --ros-args -r __node:=slam_toolbox -r __ns:=/ --params-file /oomwoo/contributions/compute-benchmark/OsakaTX/scripts/lifelong_slam_params.yaml --params-file /tmp/launch_params_fx3k_6ap"
2026-09-08T15:19:08Z,182,"slam15m_noise_n005_lifelong",84037,"bash",0.3,4488,1135,"bash /oomwoo/contributions/compute-benchmark/xbattlax/scripts/measure_ros_processes.sh --pattern python3|lifelong_slam_toolbox_node --duration 470 --interval 2 --label slam15m_noise_n005_lifelong --output /oomwoo/contributions/compute-benchmark/OsakaTX/scripts/../results/slam15m_noise_n005_lifelong_20260908T151228Z.csv"
2026-09-08T15:19:10Z,183,"slam15m_noise_n005_lifelong",191,"python3",0.1,69860,46798,"/usr/bin/python3 -c from ros2cli.daemon.daemonize import main; main() --name ros2-daemon --ros-domain-id 0 --rmw-implementation rmw_fastrtps_cpp"
2026-09-08T15:19:10Z,183,"slam15m_noise_n005_lifelong",83970,"python3",4.7,72320,48998,"python3 /oomwoo/contributions/compute-benchmark/OsakaTX/scripts/synthetic_scan_publisher.py --duration 505 --loop-s 40 --hz 5.0 --room-half 7.5 --noise 0.05"
2026-09-08T15:19:10Z,183,"slam15m_noise_n005_lifelong",83986,"ros2",0.5,74912,51440,"/usr/bin/python3 /opt/ros/jazzy/bin/ros2 launch /oomwoo/contributions/compute-benchmark/OsakaTX/scripts/lifelong_launch.py slam_params_file:=/oomwoo/contributions/compute-benchmark/OsakaTX/scripts/lifelong_slam_params.yaml use_sim_time:=False autostart:=true"
2026-09-08T15:19:10Z,183,"slam15m_noise_n005_lifelong",84003,"lifelong_slam_t",114,68516,54492,"/opt/ros/jazzy/lib/slam_toolbox/lifelong_slam_toolbox_node --ros-args -r __node:=slam_toolbox -r __ns:=/ --params-file /oomwoo/contributions/compute-benchmark/OsakaTX/scripts/lifelong_slam_params.yaml --params-file /tmp/launch_params_fx3k_6ap"
2026-09-08T15:19:10Z,183,"slam15m_noise_n005_lifelong",84037,"bash",0.3,4488,1142,"bash /oomwoo/contributions/compute-benchmark/xbattlax/scripts/measure_ros_processes.sh --pattern python3|lifelong_slam_toolbox_node --duration 470 --interval 2 --label slam15m_noise_n005_lifelong --output /oomwoo/contributions/compute-benchmark/OsakaTX/scripts/../results/slam15m_noise_n005_lifelong_20260908T151228Z.csv"
2026-09-08T15:19:13Z,184,"slam15m_noise_n005_lifelong",191,"python3",0.1,69860,46797,"/usr/bin/python3 -c from ros2cli.daemon.daemonize import main; main() --name ros2-daemon --ros-domain-id 0 --rmw-implementation rmw_fastrtps_cpp"
2026-09-08T15:19:13Z,184,"slam15m_noise_n005_lifelong",83970,"python3",4.7,72320,48998,"python3 /oomwoo/contributions/compute-benchmark/OsakaTX/scripts/synthetic_scan_publisher.py --duration 505 --loop-s 40 --hz 5.0 --room-half 7.5 --noise 0.05"
2026-09-08T15:19:13Z,184,"slam15m_noise_n005_lifelong",83986,"ros2",0.5,74912,51440,"/usr/bin/python3 /opt/ros/jazzy/bin/ros2 launch /oomwoo/contributions/compute-benchmark/OsakaTX/scripts/lifelong_launch.py slam_params_file:=/oomwoo/contributions/compute-benchmark/OsakaTX/scripts/lifelong_slam_params.yaml use_sim_time:=False autostart:=true"
2026-09-08T15:19:13Z,184,"slam15m_noise_n005_lifelong",84003,"lifelong_slam_t",114,68516,54490,"/opt/ros/jazzy/lib/slam_toolbox/lifelong_slam_toolbox_node --ros-args -r __node:=slam_toolbox -r __ns:=/ --params-file /oomwoo/contributions/compute-benchmark/OsakaTX/scripts/lifelong_slam_params.yaml --params-file /tmp/launch_params_fx3k_6ap"
2026-09-08T15:19:13Z,184,"slam15m_noise_n005_lifelong",84037,"bash",0.3,4488,1133,"bash /oomwoo/contributions/compute-benchmark/xbattlax/scripts/measure_ros_processes.sh --pattern python3|lifelong_slam_toolbox_node --duration 470 --interval 2 --label slam15m_noise_n005_lifelong --output /oomwoo/contributions/compute-benchmark/OsakaTX/scripts/../results/slam15m_noise_n005_lifelong_20260908T151228Z.csv"
2026-09-08T15:19:15Z,185,"slam15m_noise_n005_lifelong",191,"python3",0.1,69860,46798,"/usr/bin/python3 -c from ros2cli.daemon.daemonize import main; main() --name ros2-daemon --ros-domain-id 0 --rmw-implementation rmw_fastrtps_cpp"
2026-09-08T15:19:15Z,185,"slam15m_noise_n005_lifelong",83970,"python3",4.7,72320,49000,"python3 /oomwoo/contributions/compute-benchmark/OsakaTX/scripts/synthetic_scan_publisher.py --duration 505 --loop-s 40 --hz 5.0 --room-half 7.5 --noise 0.05"
2026-09-08T15:19:15Z,185,"slam15m_noise_n005_lifelong",83986,"ros2",0.5,74912,51441,"/usr/bin/python3 /opt/ros/jazzy/bin/ros2 launch /oomwoo/contributions/compute-benchmark/OsakaTX/scripts/lifelong_launch.py slam_params_file:=/oomwoo/contributions/compute-benchmark/OsakaTX/scripts/lifelong_slam_params.yaml use_sim_time:=False autostart:=true"
2026-09-08T15:19:15Z,185,"slam15m_noise_n005_lifelong",84003,"lifelong_slam_t",115,68716,54691,"/opt/ros/jazzy/lib/slam_toolbox/lifelong_slam_toolbox_node --ros-args -r __node:=slam_toolbox -r __ns:=/ --params-file /oomwoo/contributions/compute-benchmark/OsakaTX/scripts/lifelong_slam_params.yaml --params-file /tmp/launch_params_fx3k_6ap"
2026-09-08T15:19:15Z,185,"slam15m_noise_n005_lifelong",84037,"bash",0.3,4488,1138,"bash /oomwoo/contributions/compute-benchmark/xbattlax/scripts/measure_ros_processes.sh --pattern python3|lifelong_slam_toolbox_node --duration 470 --interval 2 --label slam15m_noise_n005_lifelong --output /oomwoo/contributions/compute-benchmark/OsakaTX/scripts/../results/slam15m_noise_n005_lifelong_20260908T151228Z.csv"
2026-09-08T15:19:17Z,186,"slam15m_noise_n005_lifelong",191,"python3",0.1,69860,46795,"/usr/bin/python3 -c from ros2cli.daemon.daemonize import main; main() --name ros2-daemon --ros-domain-id 0 --rmw-implementation rmw_fastrtps_cpp"
2026-09-08T15:19:17Z,186,"slam15m_noise_n005_lifelong",83970,"python3",4.7,72320,48998,"python3 /oomwoo/contributions/compute-benchmark/OsakaTX/scripts/synthetic_scan_publisher.py --duration 505 --loop-s 40 --hz 5.0 --room-half 7.5 --noise 0.05"
2026-09-08T15:19:17Z,186,"slam15m_noise_n005_lifelong",83986,"ros2",0.5,74912,51439,"/usr/bin/python3 /opt/ros/jazzy/bin/ros2 launch /oomwoo/contributions/compute-benchmark/OsakaTX/scripts/lifelong_launch.py slam_params_file:=/oomwoo/contributions/compute-benchmark/OsakaTX/scripts/lifelong_slam_params.yaml use_sim_time:=False autostart:=true"
2026-09-08T15:19:17Z,186,"slam15m_noise_n005_lifelong",84003,"lifelong_slam_t",115,68716,54691,"/opt/ros/jazzy/lib/slam_toolbox/lifelong_slam_toolbox_node --ros-args -r __node:=slam_toolbox -r __ns:=/ --params-file /oomwoo/contributions/compute-benchmark/OsakaTX/scripts/lifelong_slam_params.yaml --params-file /tmp/launch_params_fx3k_6ap"
2026-09-08T15:19:17Z,186,"slam15m_noise_n005_lifelong",84037,"bash",0.3,4488,1139,"bash /oomwoo/contributions/compute-benchmark/xbattlax/scripts/measure_ros_processes.sh --pattern python3|lifelong_slam_toolbox_node --duration 470 --interval 2 --label slam15m_noise_n005_lifelong --output /oomwoo/contributions/compute-benchmark/OsakaTX/scripts/../results/slam15m_noise_n005_lifelong_20260908T151228Z.csv"
2026-09-08T15:19:19Z,187,"slam15m_noise_n005_lifelong",191,"python3",0.1,69860,46798,"/usr/bin/python3 -c from ros2cli.daemon.daemonize import main; main() --name ros2-daemon --ros-domain-id 0 --rmw-implementation rmw_fastrtps_cpp"
2026-09-08T15:19:19Z,187,"slam15m_noise_n005_lifelong",83970,"python3",4.7,72320,49000,"python3 /oomwoo/contributions/compute-benchmark/OsakaTX/scripts/synthetic_scan_publisher.py --duration 505 --loop-s 40 --hz 5.0 --room-half 7.5 --noise 0.05"
2026-09-08T15:19:19Z,187,"slam15m_noise_n005_lifelong",83986,"ros2",0.5,74912,51441,"/usr/bin/python3 /opt/ros/jazzy/bin/ros2 launch /oomwoo/contributions/compute-benchmark/OsakaTX/scripts/lifelong_launch.py slam_params_file:=/oomwoo/contributions/compute-benchmark/OsakaTX/scripts/lifelong_slam_params.yaml use_sim_time:=False autostart:=true"
2026-09-08T15:19:19Z,187,"slam15m_noise_n005_lifelong",84003,"lifelong_slam_t",114,68716,54691,"/opt/ros/jazzy/lib/slam_toolbox/lifelong_slam_toolbox_node --ros-args -r __node:=slam_toolbox -r __ns:=/ --params-file /oomwoo/contributions/compute-benchmark/OsakaTX/scripts/lifelong_slam_params.yaml --params-file /tmp/launch_params_fx3k_6ap"
2026-09-08T15:19:19Z,187,"slam15m_noise_n005_lifelong",84037,"bash",0.3,4488,1142,"bash /oomwoo/contributions/compute-benchmark/xbattlax/scripts/measure_ros_processes.sh --pattern python3|lifelong_slam_toolbox_node --duration 470 --interval 2 --label slam15m_noise_n005_lifelong --output /oomwoo/contributions/compute-benchmark/OsakaTX/scripts/../results/slam15m_noise_n005_lifelong_20260908T151228Z.csv"
2026-09-08T15:19:21Z,188,"slam15m_noise_n005_lifelong",191,"python3",0.1,69860,46798,"/usr/bin/python3 -c from ros2cli.daemon.daemonize import main; main() --name ros2-daemon --ros-domain-id 0 --rmw-implementation rmw_fastrtps_cpp"
2026-09-08T15:19:21Z,188,"slam15m_noise_n005_lifelong",83970,"python3",4.7,72320,48998,"python3 /oomwoo/contributions/compute-benchmark/OsakaTX/scripts/synthetic_scan_publisher.py --duration 505 --loop-s 40 --hz 5.0 --room-half 7.5 --noise 0.05"
2026-09-08T15:19:21Z,188,"slam15m_noise_n005_lifelong",83986,"ros2",0.5,74912,51438,"/usr/bin/python3 /opt/ros/jazzy/bin/ros2 launch /oomwoo/contributions/compute-benchmark/OsakaTX/scripts/lifelong_launch.py slam_params_file:=/oomwoo/contributions/compute-benchmark/OsakaTX/scripts/lifelong_slam_params.yaml use_sim_time:=False autostart:=true"
2026-09-08T15:19:21Z,188,"slam15m_noise_n005_lifelong",84003,"lifelong_slam_t",114,68716,54690,"/opt/ros/jazzy/lib/slam_toolbox/lifelong_slam_toolbox_node --ros-args -r __node:=slam_toolbox -r __ns:=/ --params-file /oomwoo/contributions/compute-benchmark/OsakaTX/scripts/lifelong_slam_params.yaml --params-file /tmp/launch_params_fx3k_6ap"
2026-09-08T15:19:21Z,188,"slam15m_noise_n005_lifelong",84037,"bash",0.3,4488,1137,"bash /oomwoo/contributions/compute-benchmark/xbattlax/scripts/measure_ros_processes.sh --pattern python3|lifelong_slam_toolbox_node --duration 470 --interval 2 --label slam15m_noise_n005_lifelong --output /oomwoo/contributions/compute-benchmark/OsakaTX/scripts/../results/slam15m_noise_n005_lifelong_20260908T151228Z.csv"
2026-09-08T15:19:23Z,189,"slam15m_noise_n005_lifelong",191,"python3",0.1,69860,46796,"/usr/bin/python3 -c from ros2cli.daemon.daemonize import main; main() --name ros2-daemon --ros-domain-id 0 --rmw-implementation rmw_fastrtps_cpp"
2026-09-08T15:19:23Z,189,"slam15m_noise_n005_lifelong",83970,"python3",4.7,72320,49000,"python3 /oomwoo/contributions/compute-benchmark/OsakaTX/scripts/synthetic_scan_publisher.py --duration 505 --loop-s 40 --hz 5.0 --room-half 7.5 --noise 0.05"
2026-09-08T15:19:23Z,189,"slam15m_noise_n005_lifelong",83986,"ros2",0.5,74912,51441,"/usr/bin/python3 /opt/ros/jazzy/bin/ros2 launch /oomwoo/contributions/compute-benchmark/OsakaTX/scripts/lifelong_launch.py slam_params_file:=/oomwoo/contributions/compute-benchmark/OsakaTX/scripts/lifelong_slam_params.yaml use_sim_time:=False autostart:=true"
2026-09-08T15:19:23Z,189,"slam15m_noise_n005_lifelong",84003,"lifelong_slam_t",114,68716,54691,"/opt/ros/jazzy/lib/slam_toolbox/lifelong_slam_toolbox_node --ros-args -r __node:=slam_toolbox -r __ns:=/ --params-file /oomwoo/contributions/compute-benchmark/OsakaTX/scripts/lifelong_slam_params.yaml --params-file /tmp/launch_params_fx3k_6ap"
2026-09-08T15:19:23Z,189,"slam15m_noise_n005_lifelong",84037,"bash",0.3,4488,1137,"bash /oomwoo/contributions/compute-benchmark/xbattlax/scripts/measure_ros_processes.sh --pattern python3|lifelong_slam_toolbox_node --duration 470 --interval 2 --label slam15m_noise_n005_lifelong --output /oomwoo/contributions/compute-benchmark/OsakaTX/scripts/../results/slam15m_noise_n005_lifelong_20260908T151228Z.csv"
2026-09-08T15:19:25Z,190,"slam15m_noise_n005_lifelong",191,"python3",0.1,69860,46797,"/usr/bin/python3 -c from ros2cli.daemon.daemonize import main; main() --name ros2-daemon --ros-domain-id 0 --rmw-implementation rmw_fastrtps_cpp"
2026-09-08T15:19:25Z,190,"slam15m_noise_n005_lifelong",83970,"python3",4.7,72320,48996,"python3 /oomwoo/contributions/compute-benchmark/OsakaTX/scripts/synthetic_scan_publisher.py --duration 505 --loop-s 40 --hz 5.0 --room-half 7.5 --noise 0.05"
2026-09-08T15:19:25Z,190,"slam15m_noise_n005_lifelong",83986,"ros2",0.5,74912,51444,"/usr/bin/python3 /opt/ros/jazzy/bin/ros2 launch /oomwoo/contributions/compute-benchmark/OsakaTX/scripts/lifelong_launch.py slam_params_file:=/oomwoo/contributions/compute-benchmark/OsakaTX/scripts/lifelong_slam_params.yaml use_sim_time:=False autostart:=true"
2026-09-08T15:19:25Z,190,"slam15m_noise_n005_lifelong",84003,"lifelong_slam_t",114,68716,54689,"/opt/ros/jazzy/lib/slam_toolbox/lifelong_slam_toolbox_node --ros-args -r __node:=slam_toolbox -r __ns:=/ --params-file /oomwoo/contributions/compute-benchmark/OsakaTX/scripts/lifelong_slam_params.yaml --params-file /tmp/launch_params_fx3k_6ap"
2026-09-08T15:19:25Z,190,"slam15m_noise_n005_lifelong",84037,"bash",0.3,4488,1142,"bash /oomwoo/contributions/compute-benchmark/xbattlax/scripts/measure_ros_processes.sh --pattern python3|lifelong_slam_toolbox_node --duration 470 --interval 2 --label slam15m_noise_n005_lifelong --output /oomwoo/contributions/compute-benchmark/OsakaTX/scripts/../results/slam15m_noise_n005_lifelong_20260908T151228Z.csv"
2026-09-08T15:19:28Z,191,"slam15m_noise_n005_lifelong",191,"python3",0.1,69860,46799,"/usr/bin/python3 -c from ros2cli.daemon.daemonize import main; main() --name ros2-daemon --ros-domain-id 0 --rmw-implementation rmw_fastrtps_cpp"
2026-09-08T15:19:28Z,191,"slam15m_noise_n005_lifelong",83970,"python3",4.7,72320,48998,"python3 /oomwoo/contributions/compute-benchmark/OsakaTX/scripts/synthetic_scan_publisher.py --duration 505 --loop-s 40 --hz 5.0 --room-half 7.5 --noise 0.05"
2026-09-08T15:19:28Z,191,"slam15m_noise_n005_lifelong",83986,"ros2",0.5,74912,51440,"/usr/bin/python3 /opt/ros/jazzy/bin/ros2 launch /oomwoo/contributions/compute-benchmark/OsakaTX/scripts/lifelong_launch.py slam_params_file:=/oomwoo/contributions/compute-benchmark/OsakaTX/scripts/lifelong_slam_params.yaml use_sim_time:=False autostart:=true"
2026-09-08T15:19:28Z,191,"slam15m_noise_n005_lifelong",84003,"lifelong_slam_t",114,68716,54691,"/opt/ros/jazzy/lib/slam_toolbox/lifelong_slam_toolbox_node --ros-args -r __node:=slam_toolbox -r __ns:=/ --params-file /oomwoo/contributions/compute-benchmark/OsakaTX/scripts/lifelong_slam_params.yaml --params-file /tmp/launch_params_fx3k_6ap"
2026-09-08T15:19:28Z,191,"slam15m_noise_n005_lifelong",84037,"bash",0.3,4488,1139,"bash /oomwoo/contributions/compute-benchmark/xbattlax/scripts/measure_ros_processes.sh --pattern python3|lifelong_slam_toolbox_node --duration 470 --interval 2 --label slam15m_noise_n005_lifelong --output /oomwoo/contributions/compute-benchmark/OsakaTX/scripts/../results/slam15m_noise_n005_lifelong_20260908T151228Z.csv"
2026-09-08T15:19:30Z,192,"slam15m_noise_n005_lifelong",191,"python3",0.1,69860,46799,"/usr/bin/python3 -c from ros2cli.daemon.daemonize import main; main() --name ros2-daemon --ros-domain-id 0 --rmw-implementation rmw_fastrtps_cpp"
2026-09-08T15:19:30Z,192,"slam15m_noise_n005_lifelong",83970,"python3",4.7,72320,48996,"python3 /oomwoo/contributions/compute-benchmark/OsakaTX/scripts/synthetic_scan_publisher.py --duration 505 --loop-s 40 --hz 5.0 --room-half 7.5 --noise 0.05"
2026-09-08T15:19:30Z,192,"slam15m_noise_n005_lifelong",83986,"ros2",0.5,74912,51441,"/usr/bin/python3 /opt/ros/jazzy/bin/ros2 launch /oomwoo/contributions/compute-benchmark/OsakaTX/scripts/lifelong_launch.py slam_params_file:=/oomwoo/contributions/compute-benchmark/OsakaTX/scripts/lifelong_slam_params.yaml use_sim_time:=False autostart:=true"
2026-09-08T15:19:30Z,192,"slam15m_noise_n005_lifelong",84003,"lifelong_slam_t",114,68768,54742,"/opt/ros/jazzy/lib/slam_toolbox/lifelong_slam_toolbox_node --ros-args -r __node:=slam_toolbox -r __ns:=/ --params-file /oomwoo/contributions/compute-benchmark/OsakaTX/scripts/lifelong_slam_params.yaml --params-file /tmp/launch_params_fx3k_6ap"
2026-09-08T15:19:30Z,192,"slam15m_noise_n005_lifelong",84037,"bash",0.3,4488,1140,"bash /oomwoo/contributions/compute-benchmark/xbattlax/scripts/measure_ros_processes.sh --pattern python3|lifelong_slam_toolbox_node --duration 470 --interval 2 --label slam15m_noise_n005_lifelong --output /oomwoo/contributions/compute-benchmark/OsakaTX/scripts/../results/slam15m_noise_n005_lifelong_20260908T151228Z.csv"
2026-09-08T15:19:32Z,193,"slam15m_noise_n005_lifelong",191,"python3",0.1,69860,46796,"/usr/bin/python3 -c from ros2cli.daemon.daemonize import main; main() --name ros2-daemon --ros-domain-id 0 --rmw-implementation rmw_fastrtps_cpp"
2026-09-08T15:19:32Z,193,"slam15m_noise_n005_lifelong",83970,"python3",4.7,72320,48998,"python3 /oomwoo/contributions/compute-benchmark/OsakaTX/scripts/synthetic_scan_publisher.py --duration 505 --loop-s 40 --hz 5.0 --room-half 7.5 --noise 0.05"
2026-09-08T15:19:32Z,193,"slam15m_noise_n005_lifelong",83986,"ros2",0.5,74912,51440,"/usr/bin/python3 /opt/ros/jazzy/bin/ros2 launch /oomwoo/contributions/compute-benchmark/OsakaTX/scripts/lifelong_launch.py slam_params_file:=/oomwoo/contributions/compute-benchmark/OsakaTX/scripts/lifelong_slam_params.yaml use_sim_time:=False autostart:=true"
2026-09-08T15:19:32Z,193,"slam15m_noise_n005_lifelong",84003,"lifelong_slam_t",115,68768,54742,"/opt/ros/jazzy/lib/slam_toolbox/lifelong_slam_toolbox_node --ros-args -r __node:=slam_toolbox -r __ns:=/ --params-file /oomwoo/contributions/compute-benchmark/OsakaTX/scripts/lifelong_slam_params.yaml --params-file /tmp/launch_params_fx3k_6ap"
2026-09-08T15:19:32Z,193,"slam15m_noise_n005_lifelong",84037,"bash",0.3,4488,1139,"bash /oomwoo/contributions/compute-benchmark/xbattlax/scripts/measure_ros_processes.sh --pattern python3|lifelong_slam_toolbox_node --duration 470 --interval 2 --label slam15m_noise_n005_lifelong --output /oomwoo/contributions/compute-benchmark/OsakaTX/scripts/../results/slam15m_noise_n005_lifelong_20260908T151228Z.csv"
2026-09-08T15:19:34Z,194,"slam15m_noise_n005_lifelong",191,"python3",0.1,69860,46799,"/usr/bin/python3 -c from ros2cli.daemon.daemonize import main; main() --name ros2-daemon --ros-domain-id 0 --rmw-implementation rmw_fastrtps_cpp"
2026-09-08T15:19:34Z,194,"slam15m_noise_n005_lifelong",83970,"python3",4.7,72320,48998,"python3 /oomwoo/contributions/compute-benchmark/OsakaTX/scripts/synthetic_scan_publisher.py --duration 505 --loop-s 40 --hz 5.0 --room-half 7.5 --noise 0.05"
2026-09-08T15:19:34Z,194,"slam15m_noise_n005_lifelong",83986,"ros2",0.5,74912,51439,"/usr/bin/python3 /opt/ros/jazzy/bin/ros2 launch /oomwoo/contributions/compute-benchmark/OsakaTX/scripts/lifelong_launch.py slam_params_file:=/oomwoo/contributions/compute-benchmark/OsakaTX/scripts/lifelong_slam_params.yaml use_sim_time:=False autostart:=true"
2026-09-08T15:19:34Z,194,"slam15m_noise_n005_lifelong",84003,"lifelong_slam_t",114,68768,54741,"/opt/ros/jazzy/lib/slam_toolbox/lifelong_slam_toolbox_node --ros-args -r __node:=slam_toolbox -r __ns:=/ --params-file /oomwoo/contributions/compute-benchmark/OsakaTX/scripts/lifelong_slam_params.yaml --params-file /tmp/launch_params_fx3k_6ap"
2026-09-08T15:19:34Z,194,"slam15m_noise_n005_lifelong",84037,"bash",0.3,4488,1135,"bash /oomwoo/contributions/compute-benchmark/xbattlax/scripts/measure_ros_processes.sh --pattern python3|lifelong_slam_toolbox_node --duration 470 --interval 2 --label slam15m_noise_n005_lifelong --output /oomwoo/contributions/compute-benchmark/OsakaTX/scripts/../results/slam15m_noise_n005_lifelong_20260908T151228Z.csv"
2026-09-08T15:19:36Z,195,"slam15m_noise_n005_lifelong",191,"python3",0.1,69860,46796,"/usr/bin/python3 -c from ros2cli.daemon.daemonize import main; main() --name ros2-daemon --ros-domain-id 0 --rmw-implementation rmw_fastrtps_cpp"
2026-09-08T15:19:36Z,195,"slam15m_noise_n005_lifelong",83970,"python3",4.7,72320,48997,"python3 /oomwoo/contributions/compute-benchmark/OsakaTX/scripts/synthetic_scan_publisher.py --duration 505 --loop-s 40 --hz 5.0 --room-half 7.5 --noise 0.05"
2026-09-08T15:19:36Z,195,"slam15m_noise_n005_lifelong",83986,"ros2",0.5,74912,51442,"/usr/bin/python3 /opt/ros/jazzy/bin/ros2 launch /oomwoo/contributions/compute-benchmark/OsakaTX/scripts/lifelong_launch.py slam_params_file:=/oomwoo/contributions/compute-benchmark/OsakaTX/scripts/lifelong_slam_params.yaml use_sim_time:=False autostart:=true"
2026-09-08T15:19:36Z,195,"slam15m_noise_n005_lifelong",84003,"lifelong_slam_t",115,68768,54742,"/opt/ros/jazzy/lib/slam_toolbox/lifelong_slam_toolbox_node --ros-args -r __node:=slam_toolbox -r __ns:=/ --params-file /oomwoo/contributions/compute-benchmark/OsakaTX/scripts/lifelong_slam_params.yaml --params-file /tmp/launch_params_fx3k_6ap"
2026-09-08T15:19:36Z,195,"slam15m_noise_n005_lifelong",84037,"bash",0.3,4488,1144,"bash /oomwoo/contributions/compute-benchmark/xbattlax/scripts/measure_ros_processes.sh --pattern python3|lifelong_slam_toolbox_node --duration 470 --interval 2 --label slam15m_noise_n005_lifelong --output /oomwoo/contributions/compute-benchmark/OsakaTX/scripts/../results/slam15m_noise_n005_lifelong_20260908T151228Z.csv"
2026-09-08T15:19:38Z,196,"slam15m_noise_n005_lifelong",191,"python3",0.1,69860,46799,"/usr/bin/python3 -c from ros2cli.daemon.daemonize import main; main() --name ros2-daemon --ros-domain-id 0 --rmw-implementation rmw_fastrtps_cpp"
2026-09-08T15:19:38Z,196,"slam15m_noise_n005_lifelong",83970,"python3",4.7,72320,48998,"python3 /oomwoo/contributions/compute-benchmark/OsakaTX/scripts/synthetic_scan_publisher.py --duration 505 --loop-s 40 --hz 5.0 --room-half 7.5 --noise 0.05"
2026-09-08T15:19:38Z,196,"slam15m_noise_n005_lifelong",83986,"ros2",0.5,74912,51441,"/usr/bin/python3 /opt/ros/jazzy/bin/ros2 launch /oomwoo/contributions/compute-benchmark/OsakaTX/scripts/lifelong_launch.py slam_params_file:=/oomwoo/contributions/compute-benchmark/OsakaTX/scripts/lifelong_slam_params.yaml use_sim_time:=False autostart:=true"
2026-09-08T15:19:38Z,196,"slam15m_noise_n005_lifelong",84003,"lifelong_slam_t",115,68780,54755,"/opt/ros/jazzy/lib/slam_toolbox/lifelong_slam_toolbox_node --ros-args -r __node:=slam_toolbox -r __ns:=/ --params-file /oomwoo/contributions/compute-benchmark/OsakaTX/scripts/lifelong_slam_params.yaml --params-file /tmp/launch_params_fx3k_6ap"
2026-09-08T15:19:38Z,196,"slam15m_noise_n005_lifelong",84037,"bash",0.3,4488,1138,"bash /oomwoo/contributions/compute-benchmark/xbattlax/scripts/measure_ros_processes.sh --pattern python3|lifelong_slam_toolbox_node --duration 470 --interval 2 --label slam15m_noise_n005_lifelong --output /oomwoo/contributions/compute-benchmark/OsakaTX/scripts/../results/slam15m_noise_n005_lifelong_20260908T151228Z.csv"
2026-09-08T15:19:40Z,197,"slam15m_noise_n005_lifelong",191,"python3",0.1,69860,46798,"/usr/bin/python3 -c from ros2cli.daemon.daemonize import main; main() --name ros2-daemon --ros-domain-id 0 --rmw-implementation rmw_fastrtps_cpp"
2026-09-08T15:19:40Z,197,"slam15m_noise_n005_lifelong",83970,"python3",4.7,72320,49000,"python3 /oomwoo/contributions/compute-benchmark/OsakaTX/scripts/synthetic_scan_publisher.py --duration 505 --loop-s 40 --hz 5.0 --room-half 7.5 --noise 0.05"
2026-09-08T15:19:40Z,197,"slam15m_noise_n005_lifelong",83986,"ros2",0.5,74912,51438,"/usr/bin/python3 /opt/ros/jazzy/bin/ros2 launch /oomwoo/contributions/compute-benchmark/OsakaTX/scripts/lifelong_launch.py slam_params_file:=/oomwoo/contributions/compute-benchmark/OsakaTX/scripts/lifelong_slam_params.yaml use_sim_time:=False autostart:=true"
2026-09-08T15:19:40Z,197,"slam15m_noise_n005_lifelong",84003,"lifelong_slam_t",115,69004,54978,"/opt/ros/jazzy/lib/slam_toolbox/lifelong_slam_toolbox_node --ros-args -r __node:=slam_toolbox -r __ns:=/ --params-file /oomwoo/contributions/compute-benchmark/OsakaTX/scripts/lifelong_slam_params.yaml --params-file /tmp/launch_params_fx3k_6ap"
2026-09-08T15:19:40Z,197,"slam15m_noise_n005_lifelong",84037,"bash",0.3,4488,1140,"bash /oomwoo/contributions/compute-benchmark/xbattlax/scripts/measure_ros_processes.sh --pattern python3|lifelong_slam_toolbox_node --duration 470 --interval 2 --label slam15m_noise_n005_lifelong --output /oomwoo/contributions/compute-benchmark/OsakaTX/scripts/../results/slam15m_noise_n005_lifelong_20260908T151228Z.csv"
2026-09-08T15:19:43Z,198,"slam15m_noise_n005_lifelong",191,"python3",0.1,69860,46796,"/usr/bin/python3 -c from ros2cli.daemon.daemonize import main; main() --name ros2-daemon --ros-domain-id 0 --rmw-implementation rmw_fastrtps_cpp"
2026-09-08T15:19:43Z,198,"slam15m_noise_n005_lifelong",83970,"python3",4.7,72320,49000,"python3 /oomwoo/contributions/compute-benchmark/OsakaTX/scripts/synthetic_scan_publisher.py --duration 505 --loop-s 40 --hz 5.0 --room-half 7.5 --noise 0.05"
2026-09-08T15:19:43Z,198,"slam15m_noise_n005_lifelong",83986,"ros2",0.5,74912,51441,"/usr/bin/python3 /opt/ros/jazzy/bin/ros2 launch /oomwoo/contributions/compute-benchmark/OsakaTX/scripts/lifelong_launch.py slam_params_file:=/oomwoo/contributions/compute-benchmark/OsakaTX/scripts/lifelong_slam_params.yaml use_sim_time:=False autostart:=true"
2026-09-08T15:19:43Z,198,"slam15m_noise_n005_lifelong",84003,"lifelong_slam_t",115,69004,54978,"/opt/ros/jazzy/lib/slam_toolbox/lifelong_slam_toolbox_node --ros-args -r __node:=slam_toolbox -r __ns:=/ --params-file /oomwoo/contributions/compute-benchmark/OsakaTX/scripts/lifelong_slam_params.yaml --params-file /tmp/launch_params_fx3k_6ap"
2026-09-08T15:19:43Z,198,"slam15m_noise_n005_lifelong",84037,"bash",0.3,4488,1135,"bash /oomwoo/contributions/compute-benchmark/xbattlax/scripts/measure_ros_processes.sh --pattern python3|lifelong_slam_toolbox_node --duration 470 --interval 2 --label slam15m_noise_n005_lifelong --output /oomwoo/contributions/compute-benchmark/OsakaTX/scripts/../results/slam15m_noise_n005_lifelong_20260908T151228Z.csv"
2026-09-08T15:19:45Z,199,"slam15m_noise_n005_lifelong",191,"python3",0.1,69860,46798,"/usr/bin/python3 -c from ros2cli.daemon.daemonize import main; main() --name ros2-daemon --ros-domain-id 0 --rmw-implementation rmw_fastrtps_cpp"
2026-09-08T15:19:45Z,199,"slam15m_noise_n005_lifelong",83970,"python3",4.7,72320,48998,"python3 /oomwoo/contributions/compute-benchmark/OsakaTX/scripts/synthetic_scan_publisher.py --duration 505 --loop-s 40 --hz 5.0 --room-half 7.5 --noise 0.05"
2026-09-08T15:19:45Z,199,"slam15m_noise_n005_lifelong",83986,"ros2",0.5,74912,51442,"/usr/bin/python3 /opt/ros/jazzy/bin/ros2 launch /oomwoo/contributions/compute-benchmark/OsakaTX/scripts/lifelong_launch.py slam_params_file:=/oomwoo/contributions/compute-benchmark/OsakaTX/scripts/lifelong_slam_params.yaml use_sim_time:=False autostart:=true"
2026-09-08T15:19:45Z,199,"slam15m_noise_n005_lifelong",84003,"lifelong_slam_t",115,69004,54977,"/opt/ros/jazzy/lib/slam_toolbox/lifelong_slam_toolbox_node --ros-args -r __node:=slam_toolbox -r __ns:=/ --params-file /oomwoo/contributions/compute-benchmark/OsakaTX/scripts/lifelong_slam_params.yaml --params-file /tmp/launch_params_fx3k_6ap"
2026-09-08T15:19:45Z,199,"slam15m_noise_n005_lifelong",84037,"bash",0.3,4488,1141,"bash /oomwoo/contributions/compute-benchmark/xbattlax/scripts/measure_ros_processes.sh --pattern python3|lifelong_slam_toolbox_node --duration 470 --interval 2 --label slam15m_noise_n005_lifelong --output /oomwoo/contributions/compute-benchmark/OsakaTX/scripts/../results/slam15m_noise_n005_lifelong_20260908T151228Z.csv"
2026-09-08T15:19:47Z,200,"slam15m_noise_n005_lifelong",191,"python3",0.1,69860,46797,"/usr/bin/python3 -c from ros2cli.daemon.daemonize import main; main() --name ros2-daemon --ros-domain-id 0 --rmw-implementation rmw_fastrtps_cpp"
2026-09-08T15:19:47Z,200,"slam15m_noise_n005_lifelong",83970,"python3",4.7,72320,48998,"python3 /oomwoo/contributions/compute-benchmark/OsakaTX/scripts/synthetic_scan_publisher.py --duration 505 --loop-s 40 --hz 5.0 --room-half 7.5 --noise 0.05"
2026-09-08T15:19:47Z,200,"slam15m_noise_n005_lifelong",83986,"ros2",0.5,74912,51444,"/usr/bin/python3 /opt/ros/jazzy/bin/ros2 launch /oomwoo/contributions/compute-benchmark/OsakaTX/scripts/lifelong_launch.py slam_params_file:=/oomwoo/contributions/compute-benchmark/OsakaTX/scripts/lifelong_slam_params.yaml use_sim_time:=False autostart:=true"
2026-09-08T15:19:47Z,200,"slam15m_noise_n005_lifelong",84003,"lifelong_slam_t",115,69004,54978,"/opt/ros/jazzy/lib/slam_toolbox/lifelong_slam_toolbox_node --ros-args -r __node:=slam_toolbox -r __ns:=/ --params-file /oomwoo/contributions/compute-benchmark/OsakaTX/scripts/lifelong_slam_params.yaml --params-file /tmp/launch_params_fx3k_6ap"
2026-09-08T15:19:47Z,200,"slam15m_noise_n005_lifelong",84037,"bash",0.3,4488,1141,"bash /oomwoo/contributions/compute-benchmark/xbattlax/scripts/measure_ros_processes.sh --pattern python3|lifelong_slam_toolbox_node --duration 470 --interval 2 --label slam15m_noise_n005_lifelong --output /oomwoo/contributions/compute-benchmark/OsakaTX/scripts/../results/slam15m_noise_n005_lifelong_20260908T151228Z.csv"
2026-09-08T15:19:49Z,201,"slam15m_noise_n005_lifelong",191,"python3",0.1,69860,46796,"/usr/bin/python3 -c from ros2cli.daemon.daemonize import main; main() --name ros2-daemon --ros-domain-id 0 --rmw-implementation rmw_fastrtps_cpp"
2026-09-08T15:19:49Z,201,"slam15m_noise_n005_lifelong",83970,"python3",4.7,72320,48998,"python3 /oomwoo/contributions/compute-benchmark/OsakaTX/scripts/synthetic_scan_publisher.py --duration 505 --loop-s 40 --hz 5.0 --room-half 7.5 --noise 0.05"
2026-09-08T15:19:49Z,201,"slam15m_noise_n005_lifelong",83986,"ros2",0.5,74912,51441,"/usr/bin/python3 /opt/ros/jazzy/bin/ros2 launch /oomwoo/contributions/compute-benchmark/OsakaTX/scripts/lifelong_launch.py slam_params_file:=/oomwoo/contributions/compute-benchmark/OsakaTX/scripts/lifelong_slam_params.yaml use_sim_time:=False autostart:=true"
2026-09-08T15:19:49Z,201,"slam15m_noise_n005_lifelong",84003,"lifelong_slam_t",115,69004,54978,"/opt/ros/jazzy/lib/slam_toolbox/lifelong_slam_toolbox_node --ros-args -r __node:=slam_toolbox -r __ns:=/ --params-file /oomwoo/contributions/compute-benchmark/OsakaTX/scripts/lifelong_slam_params.yaml --params-file /tmp/launch_params_fx3k_6ap"
2026-09-08T15:19:49Z,201,"slam15m_noise_n005_lifelong",84037,"bash",0.3,4488,1142,"bash /oomwoo/contributions/compute-benchmark/xbattlax/scripts/measure_ros_processes.sh --pattern python3|lifelong_slam_toolbox_node --duration 470 --interval 2 --label slam15m_noise_n005_lifelong --output /oomwoo/contributions/compute-benchmark/OsakaTX/scripts/../results/slam15m_noise_n005_lifelong_20260908T151228Z.csv"
2026-09-08T15:19:51Z,202,"slam15m_noise_n005_lifelong",191,"python3",0.1,69860,46796,"/usr/bin/python3 -c from ros2cli.daemon.daemonize import main; main() --name ros2-daemon --ros-domain-id 0 --rmw-implementation rmw_fastrtps_cpp"
2026-09-08T15:19:51Z,202,"slam15m_noise_n005_lifelong",83970,"python3",4.7,72320,49000,"python3 /oomwoo/contributions/compute-benchmark/OsakaTX/scripts/synthetic_scan_publisher.py --duration 505 --loop-s 40 --hz 5.0 --room-half 7.5 --noise 0.05"
2026-09-08T15:19:51Z,202,"slam15m_noise_n005_lifelong",83986,"ros2",0.5,74912,51442,"/usr/bin/python3 /opt/ros/jazzy/bin/ros2 launch /oomwoo/contributions/compute-benchmark/OsakaTX/scripts/lifelong_launch.py slam_params_file:=/oomwoo/contributions/compute-benchmark/OsakaTX/scripts/lifelong_slam_params.yaml use_sim_time:=False autostart:=true"
2026-09-08T15:19:51Z,202,"slam15m_noise_n005_lifelong",84003,"lifelong_slam_t",115,69008,54983,"/opt/ros/jazzy/lib/slam_toolbox/lifelong_slam_toolbox_node --ros-args -r __node:=slam_toolbox -r __ns:=/ --params-file /oomwoo/contributions/compute-benchmark/OsakaTX/scripts/lifelong_slam_params.yaml --params-file /tmp/launch_params_fx3k_6ap"
2026-09-08T15:19:51Z,202,"slam15m_noise_n005_lifelong",84037,"bash",0.3,4488,1138,"bash /oomwoo/contributions/compute-benchmark/xbattlax/scripts/measure_ros_processes.sh --pattern python3|lifelong_slam_toolbox_node --duration 470 --interval 2 --label slam15m_noise_n005_lifelong --output /oomwoo/contributions/compute-benchmark/OsakaTX/scripts/../results/slam15m_noise_n005_lifelong_20260908T151228Z.csv"
2026-09-08T15:19:53Z,203,"slam15m_noise_n005_lifelong",191,"python3",0.1,69860,46801,"/usr/bin/python3 -c from ros2cli.daemon.daemonize import main; main() --name ros2-daemon --ros-domain-id 0 --rmw-implementation rmw_fastrtps_cpp"
2026-09-08T15:19:53Z,203,"slam15m_noise_n005_lifelong",83970,"python3",4.7,72320,48998,"python3 /oomwoo/contributions/compute-benchmark/OsakaTX/scripts/synthetic_scan_publisher.py --duration 505 --loop-s 40 --hz 5.0 --room-half 7.5 --noise 0.05"
2026-09-08T15:19:53Z,203,"slam15m_noise_n005_lifelong",83986,"ros2",0.5,74912,51442,"/usr/bin/python3 /opt/ros/jazzy/bin/ros2 launch /oomwoo/contributions/compute-benchmark/OsakaTX/scripts/lifelong_launch.py slam_params_file:=/oomwoo/contributions/compute-benchmark/OsakaTX/scripts/lifelong_slam_params.yaml use_sim_time:=False autostart:=true"
2026-09-08T15:19:53Z,203,"slam15m_noise_n005_lifelong",84003,"lifelong_slam_t",115,69008,54982,"/opt/ros/jazzy/lib/slam_toolbox/lifelong_slam_toolbox_node --ros-args -r __node:=slam_toolbox -r __ns:=/ --params-file /oomwoo/contributions/compute-benchmark/OsakaTX/scripts/lifelong_slam_params.yaml --params-file /tmp/launch_params_fx3k_6ap"
2026-09-08T15:19:53Z,203,"slam15m_noise_n005_lifelong",84037,"bash",0.3,4488,1139,"bash /oomwoo/contributions/compute-benchmark/xbattlax/scripts/measure_ros_processes.sh --pattern python3|lifelong_slam_toolbox_node --duration 470 --interval 2 --label slam15m_noise_n005_lifelong --output /oomwoo/contributions/compute-benchmark/OsakaTX/scripts/../results/slam15m_noise_n005_lifelong_20260908T151228Z.csv"
2026-09-08T15:19:56Z,204,"slam15m_noise_n005_lifelong",191,"python3",0.1,69860,46796,"/usr/bin/python3 -c from ros2cli.daemon.daemonize import main; main() --name ros2-daemon --ros-domain-id 0 --rmw-implementation rmw_fastrtps_cpp"
2026-09-08T15:19:56Z,204,"slam15m_noise_n005_lifelong",83970,"python3",4.7,72320,48996,"python3 /oomwoo/contributions/compute-benchmark/OsakaTX/scripts/synthetic_scan_publisher.py --duration 505 --loop-s 40 --hz 5.0 --room-half 7.5 --noise 0.05"
2026-09-08T15:19:56Z,204,"slam15m_noise_n005_lifelong",83986,"ros2",0.5,74912,51442,"/usr/bin/python3 /opt/ros/jazzy/bin/ros2 launch /oomwoo/contributions/compute-benchmark/OsakaTX/scripts/lifelong_launch.py slam_params_file:=/oomwoo/contributions/compute-benchmark/OsakaTX/scripts/lifelong_slam_params.yaml use_sim_time:=False autostart:=true"
2026-09-08T15:19:56Z,204,"slam15m_noise_n005_lifelong",84003,"lifelong_slam_t",115,69008,54982,"/opt/ros/jazzy/lib/slam_toolbox/lifelong_slam_toolbox_node --ros-args -r __node:=slam_toolbox -r __ns:=/ --params-file /oomwoo/contributions/compute-benchmark/OsakaTX/scripts/lifelong_slam_params.yaml --params-file /tmp/launch_params_fx3k_6ap"
2026-09-08T15:19:56Z,204,"slam15m_noise_n005_lifelong",84037,"bash",0.3,4488,1139,"bash /oomwoo/contributions/compute-benchmark/xbattlax/scripts/measure_ros_processes.sh --pattern python3|lifelong_slam_toolbox_node --duration 470 --interval 2 --label slam15m_noise_n005_lifelong --output /oomwoo/contributions/compute-benchmark/OsakaTX/scripts/../results/slam15m_noise_n005_lifelong_20260908T151228Z.csv"
2026-09-08T15:19:58Z,205,"slam15m_noise_n005_lifelong",191,"python3",0.1,69860,46796,"/usr/bin/python3 -c from ros2cli.daemon.daemonize import main; main() --name ros2-daemon --ros-domain-id 0 --rmw-implementation rmw_fastrtps_cpp"
2026-09-08T15:19:58Z,205,"slam15m_noise_n005_lifelong",83970,"python3",4.7,72320,48998,"python3 /oomwoo/contributions/compute-benchmark/OsakaTX/scripts/synthetic_scan_publisher.py --duration 505 --loop-s 40 --hz 5.0 --room-half 7.5 --noise 0.05"
2026-09-08T15:19:58Z,205,"slam15m_noise_n005_lifelong",83986,"ros2",0.5,74912,51442,"/usr/bin/python3 /opt/ros/jazzy/bin/ros2 launch /oomwoo/contributions/compute-benchmark/OsakaTX/scripts/lifelong_launch.py slam_params_file:=/oomwoo/contributions/compute-benchmark/OsakaTX/scripts/lifelong_slam_params.yaml use_sim_time:=False autostart:=true"
2026-09-08T15:19:58Z,205,"slam15m_noise_n005_lifelong",84003,"lifelong_slam_t",115,69008,54984,"/opt/ros/jazzy/lib/slam_toolbox/lifelong_slam_toolbox_node --ros-args -r __node:=slam_toolbox -r __ns:=/ --params-file /oomwoo/contributions/compute-benchmark/OsakaTX/scripts/lifelong_slam_params.yaml --params-file /tmp/launch_params_fx3k_6ap"
2026-09-08T15:19:58Z,205,"slam15m_noise_n005_lifelong",84037,"bash",0.3,4488,1141,"bash /oomwoo/contributions/compute-benchmark/xbattlax/scripts/measure_ros_processes.sh --pattern python3|lifelong_slam_toolbox_node --duration 470 --interval 2 --label slam15m_noise_n005_lifelong --output /oomwoo/contributions/compute-benchmark/OsakaTX/scripts/../results/slam15m_noise_n005_lifelong_20260908T151228Z.csv"
2026-09-08T15:20:00Z,206,"slam15m_noise_n005_lifelong",191,"python3",0.1,69860,46797,"/usr/bin/python3 -c from ros2cli.daemon.daemonize import main; main() --name ros2-daemon --ros-domain-id 0 --rmw-implementation rmw_fastrtps_cpp"
2026-09-08T15:20:00Z,206,"slam15m_noise_n005_lifelong",83970,"python3",4.7,72320,48996,"python3 /oomwoo/contributions/compute-benchmark/OsakaTX/scripts/synthetic_scan_publisher.py --duration 505 --loop-s 40 --hz 5.0 --room-half 7.5 --noise 0.05"
2026-09-08T15:20:00Z,206,"slam15m_noise_n005_lifelong",83986,"ros2",0.5,74912,51438,"/usr/bin/python3 /opt/ros/jazzy/bin/ros2 launch /oomwoo/contributions/compute-benchmark/OsakaTX/scripts/lifelong_launch.py slam_params_file:=/oomwoo/contributions/compute-benchmark/OsakaTX/scripts/lifelong_slam_params.yaml use_sim_time:=False autostart:=true"
2026-09-08T15:20:00Z,206,"slam15m_noise_n005_lifelong",84003,"lifelong_slam_t",115,69008,54982,"/opt/ros/jazzy/lib/slam_toolbox/lifelong_slam_toolbox_node --ros-args -r __node:=slam_toolbox -r __ns:=/ --params-file /oomwoo/contributions/compute-benchmark/OsakaTX/scripts/lifelong_slam_params.yaml --params-file /tmp/launch_params_fx3k_6ap"
2026-09-08T15:20:00Z,206,"slam15m_noise_n005_lifelong",84037,"bash",0.3,4488,1138,"bash /oomwoo/contributions/compute-benchmark/xbattlax/scripts/measure_ros_processes.sh --pattern python3|lifelong_slam_toolbox_node --duration 470 --interval 2 --label slam15m_noise_n005_lifelong --output /oomwoo/contributions/compute-benchmark/OsakaTX/scripts/../results/slam15m_noise_n005_lifelong_20260908T151228Z.csv"
2026-09-08T15:20:02Z,207,"slam15m_noise_n005_lifelong",191,"python3",0.1,69860,46796,"/usr/bin/python3 -c from ros2cli.daemon.daemonize import main; main() --name ros2-daemon --ros-domain-id 0 --rmw-implementation rmw_fastrtps_cpp"
2026-09-08T15:20:02Z,207,"slam15m_noise_n005_lifelong",83970,"python3",4.7,72320,48998,"python3 /oomwoo/contributions/compute-benchmark/OsakaTX/scripts/synthetic_scan_publisher.py --duration 505 --loop-s 40 --hz 5.0 --room-half 7.5 --noise 0.05"
2026-09-08T15:20:02Z,207,"slam15m_noise_n005_lifelong",83986,"ros2",0.5,74912,51440,"/usr/bin/python3 /opt/ros/jazzy/bin/ros2 launch /oomwoo/contributions/compute-benchmark/OsakaTX/scripts/lifelong_launch.py slam_params_file:=/oomwoo/contributions/compute-benchmark/OsakaTX/scripts/lifelong_slam_params.yaml use_sim_time:=False autostart:=true"
2026-09-08T15:20:02Z,207,"slam15m_noise_n005_lifelong",84003,"lifelong_slam_t",115,69008,54983,"/opt/ros/jazzy/lib/slam_toolbox/lifelong_slam_toolbox_node --ros-args -r __node:=slam_toolbox -r __ns:=/ --params-file /oomwoo/contributions/compute-benchmark/OsakaTX/scripts/lifelong_slam_params.yaml --params-file /tmp/launch_params_fx3k_6ap"
2026-09-08T15:20:02Z,207,"slam15m_noise_n005_lifelong",84037,"bash",0.3,4488,1144,"bash /oomwoo/contributions/compute-benchmark/xbattlax/scripts/measure_ros_processes.sh --pattern python3|lifelong_slam_toolbox_node --duration 470 --interval 2 --label slam15m_noise_n005_lifelong --output /oomwoo/contributions/compute-benchmark/OsakaTX/scripts/../results/slam15m_noise_n005_lifelong_20260908T151228Z.csv"
2026-09-08T15:20:04Z,208,"slam15m_noise_n005_lifelong",191,"python3",0.1,69860,46796,"/usr/bin/python3 -c from ros2cli.daemon.daemonize import main; main() --name ros2-daemon --ros-domain-id 0 --rmw-implementation rmw_fastrtps_cpp"
2026-09-08T15:20:04Z,208,"slam15m_noise_n005_lifelong",83970,"python3",4.7,72320,48996,"python3 /oomwoo/contributions/compute-benchmark/OsakaTX/scripts/synthetic_scan_publisher.py --duration 505 --loop-s 40 --hz 5.0 --room-half 7.5 --noise 0.05"
2026-09-08T15:20:04Z,208,"slam15m_noise_n005_lifelong",83986,"ros2",0.5,74912,51442,"/usr/bin/python3 /opt/ros/jazzy/bin/ros2 launch /oomwoo/contributions/compute-benchmark/OsakaTX/scripts/lifelong_launch.py slam_params_file:=/oomwoo/contributions/compute-benchmark/OsakaTX/scripts/lifelong_slam_params.yaml use_sim_time:=False autostart:=true"
2026-09-08T15:20:04Z,208,"slam15m_noise_n005_lifelong",84003,"lifelong_slam_t",115,69008,54983,"/opt/ros/jazzy/lib/slam_toolbox/lifelong_slam_toolbox_node --ros-args -r __node:=slam_toolbox -r __ns:=/ --params-file /oomwoo/contributions/compute-benchmark/OsakaTX/scripts/lifelong_slam_params.yaml --params-file /tmp/launch_params_fx3k_6ap"
2026-09-08T15:20:04Z,208,"slam15m_noise_n005_lifelong",84037,"bash",0.3,4488,1139,"bash /oomwoo/contributions/compute-benchmark/xbattlax/scripts/measure_ros_processes.sh --pattern python3|lifelong_slam_toolbox_node --duration 470 --interval 2 --label slam15m_noise_n005_lifelong --output /oomwoo/contributions/compute-benchmark/OsakaTX/scripts/../results/slam15m_noise_n005_lifelong_20260908T151228Z.csv"
2026-09-08T15:20:06Z,209,"slam15m_noise_n005_lifelong",191,"python3",0.1,69860,46799,"/usr/bin/python3 -c from ros2cli.daemon.daemonize import main; main() --name ros2-daemon --ros-domain-id 0 --rmw-implementation rmw_fastrtps_cpp"
2026-09-08T15:20:06Z,209,"slam15m_noise_n005_lifelong",83970,"python3",4.7,72320,48998,"python3 /oomwoo/contributions/compute-benchmark/OsakaTX/scripts/synthetic_scan_publisher.py --duration 505 --loop-s 40 --hz 5.0 --room-half 7.5 --noise 0.05"
2026-09-08T15:20:06Z,209,"slam15m_noise_n005_lifelong",83986,"ros2",0.5,74912,51440,"/usr/bin/python3 /opt/ros/jazzy/bin/ros2 launch /oomwoo/contributions/compute-benchmark/OsakaTX/scripts/lifelong_launch.py slam_params_file:=/oomwoo/contributions/compute-benchmark/OsakaTX/scripts/lifelong_slam_params.yaml use_sim_time:=False autostart:=true"
2026-09-08T15:20:06Z,209,"slam15m_noise_n005_lifelong",84003,"lifelong_slam_t",115,69008,54983,"/opt/ros/jazzy/lib/slam_toolbox/lifelong_slam_toolbox_node --ros-args -r __node:=slam_toolbox -r __ns:=/ --params-file /oomwoo/contributions/compute-benchmark/OsakaTX/scripts/lifelong_slam_params.yaml --params-file /tmp/launch_params_fx3k_6ap"
2026-09-08T15:20:06Z,209,"slam15m_noise_n005_lifelong",84037,"bash",0.3,4488,1141,"bash /oomwoo/contributions/compute-benchmark/xbattlax/scripts/measure_ros_processes.sh --pattern python3|lifelong_slam_toolbox_node --duration 470 --interval 2 --label slam15m_noise_n005_lifelong --output /oomwoo/contributions/compute-benchmark/OsakaTX/scripts/../results/slam15m_noise_n005_lifelong_20260908T151228Z.csv"
2026-09-08T15:20:09Z,210,"slam15m_noise_n005_lifelong",191,"python3",0.1,69860,46797,"/usr/bin/python3 -c from ros2cli.daemon.daemonize import main; main() --name ros2-daemon --ros-domain-id 0 --rmw-implementation rmw_fastrtps_cpp"
2026-09-08T15:20:09Z,210,"slam15m_noise_n005_lifelong",83970,"python3",4.7,72320,48996,"python3 /oomwoo/contributions/compute-benchmark/OsakaTX/scripts/synthetic_scan_publisher.py --duration 505 --loop-s 40 --hz 5.0 --room-half 7.5 --noise 0.05"
2026-09-08T15:20:09Z,210,"slam15m_noise_n005_lifelong",83986,"ros2",0.5,74912,51439,"/usr/bin/python3 /opt/ros/jazzy/bin/ros2 launch /oomwoo/contributions/compute-benchmark/OsakaTX/scripts/lifelong_launch.py slam_params_file:=/oomwoo/contributions/compute-benchmark/OsakaTX/scripts/lifelong_slam_params.yaml use_sim_time:=False autostart:=true"
2026-09-08T15:20:09Z,210,"slam15m_noise_n005_lifelong",84003,"lifelong_slam_t",115,69008,54983,"/opt/ros/jazzy/lib/slam_toolbox/lifelong_slam_toolbox_node --ros-args -r __node:=slam_toolbox -r __ns:=/ --params-file /oomwoo/contributions/compute-benchmark/OsakaTX/scripts/lifelong_slam_params.yaml --params-file /tmp/launch_params_fx3k_6ap"
2026-09-08T15:20:09Z,210,"slam15m_noise_n005_lifelong",84037,"bash",0.3,4488,1139,"bash /oomwoo/contributions/compute-benchmark/xbattlax/scripts/measure_ros_processes.sh --pattern python3|lifelong_slam_toolbox_node --duration 470 --interval 2 --label slam15m_noise_n005_lifelong --output /oomwoo/contributions/compute-benchmark/OsakaTX/scripts/../results/slam15m_noise_n005_lifelong_20260908T151228Z.csv"
2026-09-08T15:20:11Z,211,"slam15m_noise_n005_lifelong",191,"python3",0.1,69860,46796,"/usr/bin/python3 -c from ros2cli.daemon.daemonize import main; main() --name ros2-daemon --ros-domain-id 0 --rmw-implementation rmw_fastrtps_cpp"
2026-09-08T15:20:11Z,211,"slam15m_noise_n005_lifelong",83970,"python3",4.7,72320,48998,"python3 /oomwoo/contributions/compute-benchmark/OsakaTX/scripts/synthetic_scan_publisher.py --duration 505 --loop-s 40 --hz 5.0 --room-half 7.5 --noise 0.05"
2026-09-08T15:20:11Z,211,"slam15m_noise_n005_lifelong",83986,"ros2",0.5,74912,51441,"/usr/bin/python3 /opt/ros/jazzy/bin/ros2 launch /oomwoo/contributions/compute-benchmark/OsakaTX/scripts/lifelong_launch.py slam_params_file:=/oomwoo/contributions/compute-benchmark/OsakaTX/scripts/lifelong_slam_params.yaml use_sim_time:=False autostart:=true"
2026-09-08T15:20:11Z,211,"slam15m_noise_n005_lifelong",84003,"lifelong_slam_t",115,69008,54983,"/opt/ros/jazzy/lib/slam_toolbox/lifelong_slam_toolbox_node --ros-args -r __node:=slam_toolbox -r __ns:=/ --params-file /oomwoo/contributions/compute-benchmark/OsakaTX/scripts/lifelong_slam_params.yaml --params-file /tmp/launch_params_fx3k_6ap"
2026-09-08T15:20:11Z,211,"slam15m_noise_n005_lifelong",84037,"bash",0.3,4488,1137,"bash /oomwoo/contributions/compute-benchmark/xbattlax/scripts/measure_ros_processes.sh --pattern python3|lifelong_slam_toolbox_node --duration 470 --interval 2 --label slam15m_noise_n005_lifelong --output /oomwoo/contributions/compute-benchmark/OsakaTX/scripts/../results/slam15m_noise_n005_lifelong_20260908T151228Z.csv"
2026-09-08T15:20:13Z,212,"slam15m_noise_n005_lifelong",191,"python3",0.1,69860,46798,"/usr/bin/python3 -c from ros2cli.daemon.daemonize import main; main() --name ros2-daemon --ros-domain-id 0 --rmw-implementation rmw_fastrtps_cpp"
2026-09-08T15:20:13Z,212,"slam15m_noise_n005_lifelong",83970,"python3",4.7,72320,48996,"python3 /oomwoo/contributions/compute-benchmark/OsakaTX/scripts/synthetic_scan_publisher.py --duration 505 --loop-s 40 --hz 5.0 --room-half 7.5 --noise 0.05"
2026-09-08T15:20:13Z,212,"slam15m_noise_n005_lifelong",83986,"ros2",0.5,74912,51441,"/usr/bin/python3 /opt/ros/jazzy/bin/ros2 launch /oomwoo/contributions/compute-benchmark/OsakaTX/scripts/lifelong_launch.py slam_params_file:=/oomwoo/contributions/compute-benchmark/OsakaTX/scripts/lifelong_slam_params.yaml use_sim_time:=False autostart:=true"
2026-09-08T15:20:13Z,212,"slam15m_noise_n005_lifelong",84003,"lifelong_slam_t",115,69008,54982,"/opt/ros/jazzy/lib/slam_toolbox/lifelong_slam_toolbox_node --ros-args -r __node:=slam_toolbox -r __ns:=/ --params-file /oomwoo/contributions/compute-benchmark/OsakaTX/scripts/lifelong_slam_params.yaml --params-file /tmp/launch_params_fx3k_6ap"
2026-09-08T15:20:13Z,212,"slam15m_noise_n005_lifelong",84037,"bash",0.3,4488,1138,"bash /oomwoo/contributions/compute-benchmark/xbattlax/scripts/measure_ros_processes.sh --pattern python3|lifelong_slam_toolbox_node --duration 470 --interval 2 --label slam15m_noise_n005_lifelong --output /oomwoo/contributions/compute-benchmark/OsakaTX/scripts/../results/slam15m_noise_n005_lifelong_20260908T151228Z.csv"
2026-09-08T15:20:15Z,213,"slam15m_noise_n005_lifelong",191,"python3",0.1,69860,46796,"/usr/bin/python3 -c from ros2cli.daemon.daemonize import main; main() --name ros2-daemon --ros-domain-id 0 --rmw-implementation rmw_fastrtps_cpp"
2026-09-08T15:20:15Z,213,"slam15m_noise_n005_lifelong",83970,"python3",4.7,72320,48998,"python3 /oomwoo/contributions/compute-benchmark/OsakaTX/scripts/synthetic_scan_publisher.py --duration 505 --loop-s 40 --hz 5.0 --room-half 7.5 --noise 0.05"
2026-09-08T15:20:15Z,213,"slam15m_noise_n005_lifelong",83986,"ros2",0.5,74912,51438,"/usr/bin/python3 /opt/ros/jazzy/bin/ros2 launch /oomwoo/contributions/compute-benchmark/OsakaTX/scripts/lifelong_launch.py slam_params_file:=/oomwoo/contributions/compute-benchmark/OsakaTX/scripts/lifelong_slam_params.yaml use_sim_time:=False autostart:=true"
2026-09-08T15:20:15Z,213,"slam15m_noise_n005_lifelong",84003,"lifelong_slam_t",115,69008,54983,"/opt/ros/jazzy/lib/slam_toolbox/lifelong_slam_toolbox_node --ros-args -r __node:=slam_toolbox -r __ns:=/ --params-file /oomwoo/contributions/compute-benchmark/OsakaTX/scripts/lifelong_slam_params.yaml --params-file /tmp/launch_params_fx3k_6ap"
2026-09-08T15:20:15Z,213,"slam15m_noise_n005_lifelong",84037,"bash",0.3,4488,1141,"bash /oomwoo/contributions/compute-benchmark/xbattlax/scripts/measure_ros_processes.sh --pattern python3|lifelong_slam_toolbox_node --duration 470 --interval 2 --label slam15m_noise_n005_lifelong --output /oomwoo/contributions/compute-benchmark/OsakaTX/scripts/../results/slam15m_noise_n005_lifelong_20260908T151228Z.csv"
2026-09-08T15:20:17Z,214,"slam15m_noise_n005_lifelong",191,"python3",0.1,69860,46798,"/usr/bin/python3 -c from ros2cli.daemon.daemonize import main; main() --name ros2-daemon --ros-domain-id 0 --rmw-implementation rmw_fastrtps_cpp"
2026-09-08T15:20:17Z,214,"slam15m_noise_n005_lifelong",83970,"python3",4.7,72320,48998,"python3 /oomwoo/contributions/compute-benchmark/OsakaTX/scripts/synthetic_scan_publisher.py --duration 505 --loop-s 40 --hz 5.0 --room-half 7.5 --noise 0.05"
2026-09-08T15:20:17Z,214,"slam15m_noise_n005_lifelong",83986,"ros2",0.5,74912,51444,"/usr/bin/python3 /opt/ros/jazzy/bin/ros2 launch /oomwoo/contributions/compute-benchmark/OsakaTX/scripts/lifelong_launch.py slam_params_file:=/oomwoo/contributions/compute-benchmark/OsakaTX/scripts/lifelong_slam_params.yaml use_sim_time:=False autostart:=true"
2026-09-08T15:20:17Z,214,"slam15m_noise_n005_lifelong",84003,"lifelong_slam_t",115,69008,54980,"/opt/ros/jazzy/lib/slam_toolbox/lifelong_slam_toolbox_node --ros-args -r __node:=slam_toolbox -r __ns:=/ --params-file /oomwoo/contributions/compute-benchmark/OsakaTX/scripts/lifelong_slam_params.yaml --params-file /tmp/launch_params_fx3k_6ap"
2026-09-08T15:20:17Z,214,"slam15m_noise_n005_lifelong",84037,"bash",0.3,4488,1137,"bash /oomwoo/contributions/compute-benchmark/xbattlax/scripts/measure_ros_processes.sh --pattern python3|lifelong_slam_toolbox_node --duration 470 --interval 2 --label slam15m_noise_n005_lifelong --output /oomwoo/contributions/compute-benchmark/OsakaTX/scripts/../results/slam15m_noise_n005_lifelong_20260908T151228Z.csv"
2026-09-08T15:20:19Z,215,"slam15m_noise_n005_lifelong",191,"python3",0.1,69860,46797,"/usr/bin/python3 -c from ros2cli.daemon.daemonize import main; main() --name ros2-daemon --ros-domain-id 0 --rmw-implementation rmw_fastrtps_cpp"
2026-09-08T15:20:19Z,215,"slam15m_noise_n005_lifelong",83970,"python3",4.7,72320,49000,"python3 /oomwoo/contributions/compute-benchmark/OsakaTX/scripts/synthetic_scan_publisher.py --duration 505 --loop-s 40 --hz 5.0 --room-half 7.5 --noise 0.05"
2026-09-08T15:20:19Z,215,"slam15m_noise_n005_lifelong",83986,"ros2",0.5,74912,51441,"/usr/bin/python3 /opt/ros/jazzy/bin/ros2 launch /oomwoo/contributions/compute-benchmark/OsakaTX/scripts/lifelong_launch.py slam_params_file:=/oomwoo/contributions/compute-benchmark/OsakaTX/scripts/lifelong_slam_params.yaml use_sim_time:=False autostart:=true"
2026-09-08T15:20:19Z,215,"slam15m_noise_n005_lifelong",84003,"lifelong_slam_t",116,69008,54983,"/opt/ros/jazzy/lib/slam_toolbox/lifelong_slam_toolbox_node --ros-args -r __node:=slam_toolbox -r __ns:=/ --params-file /oomwoo/contributions/compute-benchmark/OsakaTX/scripts/lifelong_slam_params.yaml --params-file /tmp/launch_params_fx3k_6ap"
2026-09-08T15:20:19Z,215,"slam15m_noise_n005_lifelong",84037,"bash",0.3,4488,1140,"bash /oomwoo/contributions/compute-benchmark/xbattlax/scripts/measure_ros_processes.sh --pattern python3|lifelong_slam_toolbox_node --duration 470 --interval 2 --label slam15m_noise_n005_lifelong --output /oomwoo/contributions/compute-benchmark/OsakaTX/scripts/../results/slam15m_noise_n005_lifelong_20260908T151228Z.csv"
2026-09-08T15:20:22Z,216,"slam15m_noise_n005_lifelong",191,"python3",0.1,69860,46799,"/usr/bin/python3 -c from ros2cli.daemon.daemonize import main; main() --name ros2-daemon --ros-domain-id 0 --rmw-implementation rmw_fastrtps_cpp"
2026-09-08T15:20:22Z,216,"slam15m_noise_n005_lifelong",83970,"python3",4.7,72320,49000,"python3 /oomwoo/contributions/compute-benchmark/OsakaTX/scripts/synthetic_scan_publisher.py --duration 505 --loop-s 40 --hz 5.0 --room-half 7.5 --noise 0.05"
2026-09-08T15:20:22Z,216,"slam15m_noise_n005_lifelong",83986,"ros2",0.5,74912,51442,"/usr/bin/python3 /opt/ros/jazzy/bin/ros2 launch /oomwoo/contributions/compute-benchmark/OsakaTX/scripts/lifelong_launch.py slam_params_file:=/oomwoo/contributions/compute-benchmark/OsakaTX/scripts/lifelong_slam_params.yaml use_sim_time:=False autostart:=true"
2026-09-08T15:20:22Z,216,"slam15m_noise_n005_lifelong",84003,"lifelong_slam_t",116,69008,54982,"/opt/ros/jazzy/lib/slam_toolbox/lifelong_slam_toolbox_node --ros-args -r __node:=slam_toolbox -r __ns:=/ --params-file /oomwoo/contributions/compute-benchmark/OsakaTX/scripts/lifelong_slam_params.yaml --params-file /tmp/launch_params_fx3k_6ap"
2026-09-08T15:20:22Z,216,"slam15m_noise_n005_lifelong",84037,"bash",0.3,4488,1141,"bash /oomwoo/contributions/compute-benchmark/xbattlax/scripts/measure_ros_processes.sh --pattern python3|lifelong_slam_toolbox_node --duration 470 --interval 2 --label slam15m_noise_n005_lifelong --output /oomwoo/contributions/compute-benchmark/OsakaTX/scripts/../results/slam15m_noise_n005_lifelong_20260908T151228Z.csv"
2026-09-08T15:20:24Z,217,"slam15m_noise_n005_lifelong",191,"python3",0.1,69860,46799,"/usr/bin/python3 -c from ros2cli.daemon.daemonize import main; main() --name ros2-daemon --ros-domain-id 0 --rmw-implementation rmw_fastrtps_cpp"
2026-09-08T15:20:24Z,217,"slam15m_noise_n005_lifelong",83970,"python3",4.7,72320,48998,"python3 /oomwoo/contributions/compute-benchmark/OsakaTX/scripts/synthetic_scan_publisher.py --duration 505 --loop-s 40 --hz 5.0 --room-half 7.5 --noise 0.05"
2026-09-08T15:20:24Z,217,"slam15m_noise_n005_lifelong",83986,"ros2",0.5,74912,51438,"/usr/bin/python3 /opt/ros/jazzy/bin/ros2 launch /oomwoo/contributions/compute-benchmark/OsakaTX/scripts/lifelong_launch.py slam_params_file:=/oomwoo/contributions/compute-benchmark/OsakaTX/scripts/lifelong_slam_params.yaml use_sim_time:=False autostart:=true"
2026-09-08T15:20:24Z,217,"slam15m_noise_n005_lifelong",84003,"lifelong_slam_t",116,69096,55070,"/opt/ros/jazzy/lib/slam_toolbox/lifelong_slam_toolbox_node --ros-args -r __node:=slam_toolbox -r __ns:=/ --params-file /oomwoo/contributions/compute-benchmark/OsakaTX/scripts/lifelong_slam_params.yaml --params-file /tmp/launch_params_fx3k_6ap"
2026-09-08T15:20:24Z,217,"slam15m_noise_n005_lifelong",84037,"bash",0.3,4488,1139,"bash /oomwoo/contributions/compute-benchmark/xbattlax/scripts/measure_ros_processes.sh --pattern python3|lifelong_slam_toolbox_node --duration 470 --interval 2 --label slam15m_noise_n005_lifelong --output /oomwoo/contributions/compute-benchmark/OsakaTX/scripts/../results/slam15m_noise_n005_lifelong_20260908T151228Z.csv"
2026-09-08T15:20:26Z,218,"slam15m_noise_n005_lifelong",110889,"",,,,""
2026-09-08T15:20:26Z,218,"slam15m_noise_n005_lifelong",191,"python3",0.1,69860,46798,"/usr/bin/python3 -c from ros2cli.daemon.daemonize import main; main() --name ros2-daemon --ros-domain-id 0 --rmw-implementation rmw_fastrtps_cpp"
2026-09-08T15:20:26Z,218,"slam15m_noise_n005_lifelong",83970,"python3",4.7,72320,48998,"python3 /oomwoo/contributions/compute-benchmark/OsakaTX/scripts/synthetic_scan_publisher.py --duration 505 --loop-s 40 --hz 5.0 --room-half 7.5 --noise 0.05"
2026-09-08T15:20:26Z,218,"slam15m_noise_n005_lifelong",83986,"ros2",0.5,74912,51440,"/usr/bin/python3 /opt/ros/jazzy/bin/ros2 launch /oomwoo/contributions/compute-benchmark/OsakaTX/scripts/lifelong_launch.py slam_params_file:=/oomwoo/contributions/compute-benchmark/OsakaTX/scripts/lifelong_slam_params.yaml use_sim_time:=False autostart:=true"
2026-09-08T15:20:26Z,218,"slam15m_noise_n005_lifelong",84003,"lifelong_slam_t",116,69196,55170,"/opt/ros/jazzy/lib/slam_toolbox/lifelong_slam_toolbox_node --ros-args -r __node:=slam_toolbox -r __ns:=/ --params-file /oomwoo/contributions/compute-benchmark/OsakaTX/scripts/lifelong_slam_params.yaml --params-file /tmp/launch_params_fx3k_6ap"
2026-09-08T15:20:26Z,218,"slam15m_noise_n005_lifelong",84037,"bash",0.3,4488,1133,"bash /oomwoo/contributions/compute-benchmark/xbattlax/scripts/measure_ros_processes.sh --pattern python3|lifelong_slam_toolbox_node --duration 470 --interval 2 --label slam15m_noise_n005_lifelong --output /oomwoo/contributions/compute-benchmark/OsakaTX/scripts/../results/slam15m_noise_n005_lifelong_20260908T151228Z.csv"
2026-09-08T15:20:28Z,219,"slam15m_noise_n005_lifelong",191,"python3",0.1,69860,46797,"/usr/bin/python3 -c from ros2cli.daemon.daemonize import main; main() --name ros2-daemon --ros-domain-id 0 --rmw-implementation rmw_fastrtps_cpp"
2026-09-08T15:20:28Z,219,"slam15m_noise_n005_lifelong",83970,"python3",4.7,72320,49000,"python3 /oomwoo/contributions/compute-benchmark/OsakaTX/scripts/synthetic_scan_publisher.py --duration 505 --loop-s 40 --hz 5.0 --room-half 7.5 --noise 0.05"
2026-09-08T15:20:28Z,219,"slam15m_noise_n005_lifelong",83986,"ros2",0.5,74912,51441,"/usr/bin/python3 /opt/ros/jazzy/bin/ros2 launch /oomwoo/contributions/compute-benchmark/OsakaTX/scripts/lifelong_launch.py slam_params_file:=/oomwoo/contributions/compute-benchmark/OsakaTX/scripts/lifelong_slam_params.yaml use_sim_time:=False autostart:=true"
2026-09-08T15:20:28Z,219,"slam15m_noise_n005_lifelong",84003,"lifelong_slam_t",116,69444,55419,"/opt/ros/jazzy/lib/slam_toolbox/lifelong_slam_toolbox_node --ros-args -r __node:=slam_toolbox -r __ns:=/ --params-file /oomwoo/contributions/compute-benchmark/OsakaTX/scripts/lifelong_slam_params.yaml --params-file /tmp/launch_params_fx3k_6ap"
2026-09-08T15:20:28Z,219,"slam15m_noise_n005_lifelong",84037,"bash",0.3,4488,1142,"bash /oomwoo/contributions/compute-benchmark/xbattlax/scripts/measure_ros_processes.sh --pattern python3|lifelong_slam_toolbox_node --duration 470 --interval 2 --label slam15m_noise_n005_lifelong --output /oomwoo/contributions/compute-benchmark/OsakaTX/scripts/../results/slam15m_noise_n005_lifelong_20260908T151228Z.csv"
