[INFO] [launch]: All log files can be found below /root/.ros/log/2026-08-21-10-50-50-031924-d137359281ae-647888
[INFO] [launch]: Default logging verbosity is set to INFO
[INFO] [lifelong_slam_toolbox_node-1]: process started with pid [647905]
[lifelong_slam_toolbox_node-1] [WARN] [1787309450.217865250] [slam_toolbox]: Lifelong mapping mode in SLAM Toolbox is considered experimental and should be understood before proceeding. Please visit: https://github.com/SteveMacenski/slam_toolbox/wiki/Experimental-Lifelong-Mapping-Node for more information.
[lifelong_slam_toolbox_node-1] [INFO] [1787309450.415910823] [slam_toolbox]: Configuring
[lifelong_slam_toolbox_node-1] [INFO] [1787309450.421981856] [slam_toolbox]: Using solver plugin solver_plugins::CeresSolver
[INFO] [launch.user]: [LifecycleLaunch] Slamtoolbox node is activating.
[lifelong_slam_toolbox_node-1] [INFO] [1787309450.439538351] [slam_toolbox]: Activating
[lifelong_slam_toolbox_node-1] Registering sensor: [Custom Described Lidar]
[lifelong_slam_toolbox_node-1] [INFO] [1787309460.823276201] [slam_toolbox]: Metric Scores: Initial: 1.000000, IOU: 0.873107, Area: 0.934927, Num Con: 2, Reading: 0.697222, outcome score: -1.000000.
[lifelong_slam_toolbox_node-1] [INFO] [1787309462.432977520] [slam_toolbox]: Metric Scores: Initial: 1.000000, IOU: 0.910131, Area: 0.955635, Num Con: 2, Reading: 0.691667, outcome score: -1.000000.
[lifelong_slam_toolbox_node-1] [INFO] [1787309464.031153577] [slam_toolbox]: Metric Scores: Initial: 1.000000, IOU: 0.913790, Area: 0.954813, Num Con: 2, Reading: 0.686111, outcome score: -1.000000.
[lifelong_slam_toolbox_node-1] [INFO] [1787309465.632182649] [slam_toolbox]: Metric Scores: Initial: 1.000000, IOU: 0.891358, Area: 0.942471, Num Con: 2, Reading: 0.683333, outcome score: -1.000000.
[lifelong_slam_toolbox_node-1] [INFO] [1787309467.231309411] [slam_toolbox]: Metric Scores: Initial: 1.000000, IOU: 0.882544, Area: 0.937503, Num Con: 2, Reading: 0.680556, outcome score: -1.000000.
[lifelong_slam_toolbox_node-1] [INFO] [1787309468.831519179] [slam_toolbox]: Metric Scores: Initial: 1.000000, IOU: 0.884900, Area: 0.938872, Num Con: 2, Reading: 0.683333, outcome score: -1.000000.
[lifelong_slam_toolbox_node-1] [INFO] [1787309470.433452056] [slam_toolbox]: Metric Scores: Initial: 1.000000, IOU: 0.899492, Area: 0.947093, Num Con: 2, Reading: 0.688889, outcome score: -1.000000.
[lifelong_slam_toolbox_node-1] [INFO] [1787309472.031842913] [slam_toolbox]: Metric Scores: Initial: 1.000000, IOU: 0.861675, Area: 0.925712, Num Con: 2, Reading: 0.502778, outcome score: -1.000000.
[lifelong_slam_toolbox_node-1] [INFO] [1787309473.632954285] [slam_toolbox]: Metric Scores: Initial: 1.000000, IOU: 0.826965, Area: 0.905317, Num Con: 2, Reading: 0.430556, outcome score: 0.973167.
[lifelong_slam_toolbox_node-1] [INFO] [1787309474.437537743] [slam_toolbox]: Metric Scores: Initial: 1.000000, IOU: 0.811570, Area: 0.896023, Num Con: 2, Reading: 0.433333, outcome score: 0.973000.
[lifelong_slam_toolbox_node-1] [INFO] [1787309474.437601843] [slam_toolbox]: Metric Scores: Initial: 0.973167, IOU: 0.804576, Area: 0.891754, Num Con: 2, Reading: 0.430556, outcome score: 0.946333.
[lifelong_slam_toolbox_node-1] [INFO] [1787309475.231295142] [slam_toolbox]: Metric Scores: Initial: 1.000000, IOU: 0.799961, Area: 0.888955, Num Con: 2, Reading: 0.436111, outcome score: 0.972833.
[lifelong_slam_toolbox_node-1] [INFO] [1787309475.231356243] [slam_toolbox]: Metric Scores: Initial: 0.973000, IOU: 0.791714, Area: 0.883802, Num Con: 2, Reading: 0.433333, outcome score: 0.946000.
[lifelong_slam_toolbox_node-1] [INFO] [1787309475.231366743] [slam_toolbox]: Metric Scores: Initial: 0.946333, IOU: 0.784921, Area: 0.879563, Num Con: 2, Reading: 0.427778, outcome score: 0.919667.
[lifelong_slam_toolbox_node-1] [INFO] [1787309476.034094190] [slam_toolbox]: Metric Scores: Initial: 1.000000, IOU: 0.792583, Area: 0.884351, Num Con: 2, Reading: 0.433333, outcome score: 0.973000.
[lifelong_slam_toolbox_node-1] [INFO] [1787309476.034145891] [slam_toolbox]: Metric Scores: Initial: 0.972833, IOU: 0.781082, Area: 0.877170, Num Con: 2, Reading: 0.436111, outcome score: 0.945667.
[lifelong_slam_toolbox_node-1] [INFO] [1787309476.034156791] [slam_toolbox]: Metric Scores: Initial: 0.946000, IOU: 0.773050, Area: 0.872044, Num Con: 2, Reading: 0.430556, outcome score: 0.919167.
[lifelong_slam_toolbox_node-1] [INFO] [1787309476.034166691] [slam_toolbox]: Metric Scores: Initial: 0.919667, IOU: 0.766428, Area: 0.867825, Num Con: 2, Reading: 0.427778, outcome score: 0.893000.
[lifelong_slam_toolbox_node-1] [INFO] [1787309476.832175813] [slam_toolbox]: Metric Scores: Initial: 1.000000, IOU: 0.786598, Area: 0.880635, Num Con: 2, Reading: 0.255556, outcome score: 0.983667.
[lifelong_slam_toolbox_node-1] [INFO] [1787309476.832249213] [slam_toolbox]: Metric Scores: Initial: 0.973000, IOU: 0.775134, Area: 0.873384, Num Con: 2, Reading: 0.250000, outcome score: 0.957000.
[lifelong_slam_toolbox_node-1] [INFO] [1787309476.832267413] [slam_toolbox]: Metric Scores: Initial: 0.945667, IOU: 0.763918, Area: 0.866243, Num Con: 2, Reading: 0.247222, outcome score: 0.929833.
[lifelong_slam_toolbox_node-1] [INFO] [1787309476.832282214] [slam_toolbox]: Metric Scores: Initial: 0.919167, IOU: 0.756081, Area: 0.861144, Num Con: 2, Reading: 0.241667, outcome score: 0.903667.
[lifelong_slam_toolbox_node-1] [INFO] [1787309476.832296014] [slam_toolbox]: Metric Scores: Initial: 0.893000, IOU: 0.749616, Area: 0.856945, Num Con: 2, Reading: 0.236111, outcome score: 0.877833.
[lifelong_slam_toolbox_node-1] [INFO] [1787309477.632959650] [slam_toolbox]: Metric Scores: Initial: 1.000000, IOU: 0.784648, Area: 0.879425, Num Con: 2, Reading: 0.200000, outcome score: 0.987000.
[lifelong_slam_toolbox_node-1] [INFO] [1787309477.633037450] [slam_toolbox]: Metric Scores: Initial: 0.983667, IOU: 0.771552, Area: 0.871143, Num Con: 2, Reading: 0.188889, outcome score: 0.971333.
[lifelong_slam_toolbox_node-1] [INFO] [1787309477.633054351] [slam_toolbox]: Metric Scores: Initial: 0.957000, IOU: 0.760347, Area: 0.863936, Num Con: 2, Reading: 0.180556, outcome score: 0.945167.
[lifelong_slam_toolbox_node-1] [INFO] [1787309477.633069951] [slam_toolbox]: Metric Scores: Initial: 0.929833, IOU: 0.749382, Area: 0.856837, Num Con: 2, Reading: 0.180556, outcome score: 0.918000.
[lifelong_slam_toolbox_node-1] [INFO] [1787309477.633085851] [slam_toolbox]: Metric Scores: Initial: 0.903667, IOU: 0.741722, Area: 0.851771, Num Con: 2, Reading: 0.175000, outcome score: 0.892167.
[lifelong_slam_toolbox_node-1] [INFO] [1787309477.633100651] [slam_toolbox]: Metric Scores: Initial: 0.877833, IOU: 0.735404, Area: 0.847599, Num Con: 2, Reading: 0.169444, outcome score: 0.866667.
[lifelong_slam_toolbox_node-1] [INFO] [1787309478.434178590] [slam_toolbox]: Metric Scores: Initial: 1.000000, IOU: 0.788000, Area: 0.881517, Num Con: 2, Reading: 0.200000, outcome score: 0.987000.
[lifelong_slam_toolbox_node-1] [INFO] [1787309478.434246790] [slam_toolbox]: Metric Scores: Initial: 0.987000, IOU: 0.771684, Area: 0.871225, Num Con: 2, Reading: 0.200000, outcome score: 0.974000.
[lifelong_slam_toolbox_node-1] [INFO] [1787309478.434258190] [slam_toolbox]: Metric Scores: Initial: 0.971333, IOU: 0.758834, Area: 0.862980, Num Con: 2, Reading: 0.188889, outcome score: 0.959000.
[lifelong_slam_toolbox_node-1] [INFO] [1787309478.434269290] [slam_toolbox]: Metric Scores: Initial: 0.945167, IOU: 0.747836, Area: 0.855804, Num Con: 2, Reading: 0.180556, outcome score: 0.933333.
[lifelong_slam_toolbox_node-1] [INFO] [1787309478.434279690] [slam_toolbox]: Metric Scores: Initial: 0.918000, IOU: 0.737071, Area: 0.848735, Num Con: 2, Reading: 0.180556, outcome score: 0.906167.
[lifelong_slam_toolbox_node-1] [INFO] [1787309478.434289890] [slam_toolbox]: Metric Scores: Initial: 0.892167, IOU: 0.729549, Area: 0.843690, Num Con: 2, Reading: 0.175000, outcome score: 0.880667.
[lifelong_slam_toolbox_node-1] [INFO] [1787309478.434298390] [slam_toolbox]: Metric Scores: Initial: 0.866667, IOU: 0.723341, Area: 0.839533, Num Con: 2, Reading: 0.169444, outcome score: 0.855500.
[lifelong_slam_toolbox_node-1] [INFO] [1787309479.232234812] [slam_toolbox]: Metric Scores: Initial: 1.000000, IOU: 0.794600, Area: 0.885613, Num Con: 2, Reading: 0.205556, outcome score: 0.986667.
[lifelong_slam_toolbox_node-1] [INFO] [1787309479.232300412] [slam_toolbox]: Metric Scores: Initial: 0.987000, IOU: 0.776920, Area: 0.874553, Num Con: 2, Reading: 0.200000, outcome score: 0.974000.
[lifelong_slam_toolbox_node-1] [INFO] [1787309479.232320212] [slam_toolbox]: Metric Scores: Initial: 0.974000, IOU: 0.760873, Area: 0.864305, Num Con: 2, Reading: 0.200000, outcome score: 0.961000.
[lifelong_slam_toolbox_node-1] [INFO] [1787309479.232336412] [slam_toolbox]: Metric Scores: Initial: 0.959000, IOU: 0.748237, Area: 0.856098, Num Con: 2, Reading: 0.188889, outcome score: 0.946667.
[lifelong_slam_toolbox_node-1] [INFO] [1787309479.232350412] [slam_toolbox]: Metric Scores: Initial: 0.933333, IOU: 0.737426, Area: 0.848959, Num Con: 2, Reading: 0.180556, outcome score: 0.921500.
[lifelong_slam_toolbox_node-1] [INFO] [1787309479.232364113] [slam_toolbox]: Metric Scores: Initial: 0.906167, IOU: 0.726842, Area: 0.841925, Num Con: 2, Reading: 0.180556, outcome score: 0.894333.
[lifelong_slam_toolbox_node-1] [INFO] [1787309479.232378113] [slam_toolbox]: Metric Scores: Initial: 0.880667, IOU: 0.719450, Area: 0.836909, Num Con: 2, Reading: 0.175000, outcome score: 0.869167.
[lifelong_slam_toolbox_node-1] [INFO] [1787309479.232393313] [slam_toolbox]: Metric Scores: Initial: 0.855500, IOU: 0.713355, Area: 0.832779, Num Con: 2, Reading: 0.169444, outcome score: 0.844333.
[lifelong_slam_toolbox_node-1] [INFO] [1787309480.037414873] [slam_toolbox]: Metric Scores: Initial: 1.000000, IOU: 0.804422, Area: 0.891687, Num Con: 2, Reading: 0.383333, outcome score: 0.976000.
[lifelong_slam_toolbox_node-1] [INFO] [1787309480.037472073] [slam_toolbox]: Metric Scores: Initial: 0.986667, IOU: 0.784727, Area: 0.879446, Num Con: 2, Reading: 0.205556, outcome score: 0.973333.
[lifelong_slam_toolbox_node-1] [INFO] [1787309480.037483873] [slam_toolbox]: Metric Scores: Initial: 0.974000, IOU: 0.767307, Area: 0.868428, Num Con: 2, Reading: 0.200000, outcome score: 0.961000.
[lifelong_slam_toolbox_node-1] [INFO] [1787309480.037494073] [slam_toolbox]: Metric Scores: Initial: 0.961000, IOU: 0.751491, Area: 0.858218, Num Con: 2, Reading: 0.200000, outcome score: 0.948000.
[lifelong_slam_toolbox_node-1] [INFO] [1787309480.037504373] [slam_toolbox]: Metric Scores: Initial: 0.946667, IOU: 0.739038, Area: 0.850044, Num Con: 2, Reading: 0.188889, outcome score: 0.934333.
[lifelong_slam_toolbox_node-1] [INFO] [1787309480.037514573] [slam_toolbox]: Metric Scores: Initial: 0.921500, IOU: 0.728387, Area: 0.842936, Num Con: 2, Reading: 0.180556, outcome score: 0.909667.
[lifelong_slam_toolbox_node-1] [INFO] [1787309480.037523973] [slam_toolbox]: Metric Scores: Initial: 0.894333, IOU: 0.717957, Area: 0.835933, Num Con: 2, Reading: 0.180556, outcome score: 0.882500.
[lifelong_slam_toolbox_node-1] [INFO] [1787309480.037532673] [slam_toolbox]: Metric Scores: Initial: 0.869167, IOU: 0.710676, Area: 0.830941, Num Con: 2, Reading: 0.175000, outcome score: 0.857667.
[lifelong_slam_toolbox_node-1] [INFO] [1787309480.037541573] [slam_toolbox]: Metric Scores: Initial: 0.844333, IOU: 0.704675, Area: 0.826833, Num Con: 2, Reading: 0.169444, outcome score: 0.833167.
[lifelong_slam_toolbox_node-1] [INFO] [1787309480.840227721] [slam_toolbox]: Metric Scores: Initial: 1.000000, IOU: 0.818507, Area: 0.900219, Num Con: 2, Reading: 0.394444, outcome score: 0.975333.
[lifelong_slam_toolbox_node-1] [INFO] [1787309480.840290721] [slam_toolbox]: Metric Scores: Initial: 0.976000, IOU: 0.797459, Area: 0.887380, Num Con: 2, Reading: 0.383333, outcome score: 0.952000.
[lifelong_slam_toolbox_node-1] [INFO] [1787309480.840305921] [slam_toolbox]: Metric Scores: Initial: 0.973333, IOU: 0.777966, Area: 0.875172, Num Con: 2, Reading: 0.205556, outcome score: 0.960000.
[lifelong_slam_toolbox_node-1] [INFO] [1787309480.840320621] [slam_toolbox]: Metric Scores: Initial: 0.961000, IOU: 0.760727, Area: 0.864187, Num Con: 2, Reading: 0.200000, outcome score: 0.948000.
[lifelong_slam_toolbox_node-1] [INFO] [1787309480.840335521] [slam_toolbox]: Metric Scores: Initial: 0.948000, IOU: 0.745071, Area: 0.854005, Num Con: 2, Reading: 0.200000, outcome score: 0.935000.
[lifelong_slam_toolbox_node-1] [INFO] [1787309480.840351621] [slam_toolbox]: Metric Scores: Initial: 0.934333, IOU: 0.732747, Area: 0.845856, Num Con: 2, Reading: 0.188889, outcome score: 0.922000.
[lifelong_slam_toolbox_node-1] [INFO] [1787309480.840366821] [slam_toolbox]: Metric Scores: Initial: 0.909667, IOU: 0.722211, Area: 0.838775, Num Con: 2, Reading: 0.180556, outcome score: 0.897833.
[lifelong_slam_toolbox_node-1] [INFO] [1787309480.840381622] [slam_toolbox]: Metric Scores: Initial: 0.882500, IOU: 0.711893, Area: 0.831796, Num Con: 2, Reading: 0.180556, outcome score: 0.870667.
[lifelong_slam_toolbox_node-1] [INFO] [1787309480.840396422] [slam_toolbox]: Metric Scores: Initial: 0.857667, IOU: 0.704694, Area: 0.826826, Num Con: 2, Reading: 0.175000, outcome score: 0.846167.
[lifelong_slam_toolbox_node-1] [INFO] [1787309480.840411622] [slam_toolbox]: Metric Scores: Initial: 0.833167, IOU: 0.698765, Area: 0.822740, Num Con: 2, Reading: 0.169444, outcome score: 0.822000.
[lifelong_slam_toolbox_node-1] [INFO] [1787309481.632304411] [slam_toolbox]: Metric Scores: Initial: 1.000000, IOU: 0.834496, Area: 0.909830, Num Con: 2, Reading: 0.405556, outcome score: 0.974667.
[lifelong_slam_toolbox_node-1] [INFO] [1787309481.632368211] [slam_toolbox]: Metric Scores: Initial: 0.975333, IOU: 0.813230, Area: 0.897022, Num Con: 2, Reading: 0.394444, outcome score: 0.950667.
[lifelong_slam_toolbox_node-1] [INFO] [1787309481.632379911] [slam_toolbox]: Metric Scores: Initial: 0.952000, IOU: 0.792343, Area: 0.884207, Num Con: 2, Reading: 0.383333, outcome score: 0.928000.
[lifelong_slam_toolbox_node-1] [INFO] [1787309481.632390811] [slam_toolbox]: Metric Scores: Initial: 0.960000, IOU: 0.772999, Area: 0.872024, Num Con: 2, Reading: 0.205556, outcome score: 0.946667.
[lifelong_slam_toolbox_node-1] [INFO] [1787309481.632401111] [slam_toolbox]: Metric Scores: Initial: 0.948000, IOU: 0.755895, Area: 0.861064, Num Con: 2, Reading: 0.200000, outcome score: 0.935000.
[lifelong_slam_toolbox_node-1] [INFO] [1787309481.632411011] [slam_toolbox]: Metric Scores: Initial: 0.935000, IOU: 0.740357, Area: 0.850904, Num Con: 2, Reading: 0.200000, outcome score: 0.922000.
[lifelong_slam_toolbox_node-1] [INFO] [1787309481.632420011] [slam_toolbox]: Metric Scores: Initial: 0.922000, IOU: 0.728131, Area: 0.842776, Num Con: 2, Reading: 0.188889, outcome score: 0.909667.
[lifelong_slam_toolbox_node-1] [INFO] [1787309481.632428111] [slam_toolbox]: Metric Scores: Initial: 0.897833, IOU: 0.717683, Area: 0.835716, Num Con: 2, Reading: 0.180556, outcome score: 0.886000.
[lifelong_slam_toolbox_node-1] [INFO] [1787309481.632436911] [slam_toolbox]: Metric Scores: Initial: 0.870667, IOU: 0.707449, Area: 0.828759, Num Con: 2, Reading: 0.180556, outcome score: 0.858833.
[lifelong_slam_toolbox_node-1] [INFO] [1787309481.632446911] [slam_toolbox]: Metric Scores: Initial: 0.846167, IOU: 0.700315, Area: 0.823807, Num Con: 2, Reading: 0.175000, outcome score: 0.834667.
[lifelong_slam_toolbox_node-1] [INFO] [1787309481.632455211] [slam_toolbox]: Metric Scores: Initial: 0.822000, IOU: 0.694444, Area: 0.819740, Num Con: 2, Reading: 0.169444, outcome score: 0.810833.
[lifelong_slam_toolbox_node-1] [INFO] [1787309482.432603745] [slam_toolbox]: Metric Scores: Initial: 1.000000, IOU: 0.854157, Area: 0.921316, Num Con: 2, Reading: 0.411111, outcome score: -1.000000.
[lifelong_slam_toolbox_node-1] [INFO] [1787309482.432658545] [slam_toolbox]: Metric Scores: Initial: 0.974667, IOU: 0.830981, Area: 0.907683, Num Con: 2, Reading: 0.405556, outcome score: 0.949333.
[lifelong_slam_toolbox_node-1] [INFO] [1787309482.432671145] [slam_toolbox]: Metric Scores: Initial: 0.950667, IOU: 0.809833, Area: 0.894898, Num Con: 2, Reading: 0.394444, outcome score: 0.926000.
[lifelong_slam_toolbox_node-1] [INFO] [1787309482.432681245] [slam_toolbox]: Metric Scores: Initial: 0.928000, IOU: 0.789049, Area: 0.882100, Num Con: 2, Reading: 0.383333, outcome score: 0.904000.
[lifelong_slam_toolbox_node-1] [INFO] [1787309482.432726746] [slam_toolbox]: Metric Scores: Initial: 0.946667, IOU: 0.769804, Area: 0.869936, Num Con: 2, Reading: 0.205556, outcome score: 0.933333.
[lifelong_slam_toolbox_node-1] [INFO] [1787309482.432738246] [slam_toolbox]: Metric Scores: Initial: 0.935000, IOU: 0.752794, Area: 0.858998, Num Con: 2, Reading: 0.200000, outcome score: 0.922000.
[lifelong_slam_toolbox_node-1] [INFO] [1787309482.432748746] [slam_toolbox]: Metric Scores: Initial: 0.922000, IOU: 0.737336, Area: 0.848855, Num Con: 2, Reading: 0.200000, outcome score: 0.909000.
[lifelong_slam_toolbox_node-1] [INFO] [1787309482.432758446] [slam_toolbox]: Metric Scores: Initial: 0.909667, IOU: 0.725179, Area: 0.840746, Num Con: 2, Reading: 0.188889, outcome score: 0.897333.
[lifelong_slam_toolbox_node-1] [INFO] [1787309482.432767846] [slam_toolbox]: Metric Scores: Initial: 0.886000, IOU: 0.714799, Area: 0.833708, Num Con: 2, Reading: 0.180556, outcome score: 0.874167.
[lifelong_slam_toolbox_node-1] [INFO] [1787309482.432777346] [slam_toolbox]: Metric Scores: Initial: 0.858833, IOU: 0.704630, Area: 0.826772, Num Con: 2, Reading: 0.180556, outcome score: 0.847000.
[lifelong_slam_toolbox_node-1] [INFO] [1787309482.432786746] [slam_toolbox]: Metric Scores: Initial: 0.834667, IOU: 0.697548, Area: 0.821841, Num Con: 2, Reading: 0.175000, outcome score: 0.823167.
[lifelong_slam_toolbox_node-1] [INFO] [1787309482.432796346] [slam_toolbox]: Metric Scores: Initial: 0.810833, IOU: 0.691729, Area: 0.817797, Num Con: 2, Reading: 0.169444, outcome score: 0.799667.
[lifelong_slam_toolbox_node-1] [INFO] [1787309484.032926212] [slam_toolbox]: Metric Scores: Initial: 1.000000, IOU: 0.897952, Area: 0.946203, Num Con: 2, Reading: 0.425000, outcome score: -1.000000.
[lifelong_slam_toolbox_node-1] [INFO] [1787309485.634844488] [slam_toolbox]: Metric Scores: Initial: 1.000000, IOU: 0.936856, Area: 0.967311, Num Con: 2, Reading: 0.625000, outcome score: -1.000000.
[lifelong_slam_toolbox_node-1] WARNING: Logging before InitGoogleLogging() is written to STDERR
[lifelong_slam_toolbox_node-1] W20260821 10:51:26.473920 647905 preprocessor.cc:67] Specified options.num_threads: 50 exceeds maximum available from the threading model Ceres was compiled with: 8.  Bounding to maximum number available.
[lifelong_slam_toolbox_node-1] [INFO] [1787309487.237068265] [slam_toolbox]: Metric Scores: Initial: 1.000000, IOU: 0.928146, Area: 0.962592, Num Con: 2, Reading: 0.638889, outcome score: -1.000000.
[lifelong_slam_toolbox_node-1] W20260821 10:51:28.055039 647905 preprocessor.cc:67] Specified options.num_threads: 50 exceeds maximum available from the threading model Ceres was compiled with: 8.  Bounding to maximum number available.
[lifelong_slam_toolbox_node-1] [INFO] [1787309488.832701106] [slam_toolbox]: Metric Scores: Initial: 1.000000, IOU: 0.926172, Area: 0.961546, Num Con: 2, Reading: 0.650000, outcome score: -1.000000.
[lifelong_slam_toolbox_node-1] 
[lifelong_slam_toolbox_node-1] Solver Summary (v 2.2.0-eigen-(3.4.0)-lapack-suitesparse-(7.6.1)-eigensparse)
[lifelong_slam_toolbox_node-1] 
[lifelong_slam_toolbox_node-1]                                      Original                  Reduced
[lifelong_slam_toolbox_node-1] Parameter blocks                          102                       75
[lifelong_slam_toolbox_node-1] Parameters                                102                       75
[lifelong_slam_toolbox_node-1] Residual blocks                            23                       23
[lifelong_slam_toolbox_node-1] Residuals                                  69                       69
[lifelong_slam_toolbox_node-1] 
[lifelong_slam_toolbox_node-1] Minimizer                        TRUST_REGION
[lifelong_slam_toolbox_node-1] Trust region strategy     LEVENBERG_MARQUARDT
[lifelong_slam_toolbox_node-1] Sparse linear algebra library    SUITE_SPARSE 
[lifelong_slam_toolbox_node-1] 
[lifelong_slam_toolbox_node-1]                                         Given                     Used
[lifelong_slam_toolbox_node-1] Linear solver          SPARSE_NORMAL_CHOLESKY   SPARSE_NORMAL_CHOLESKY
[lifelong_slam_toolbox_node-1] Threads                                    50                        8
[lifelong_slam_toolbox_node-1] Linear solver ordering              AUTOMATIC                       75
[lifelong_slam_toolbox_node-1] 
[lifelong_slam_toolbox_node-1] Cost:
[lifelong_slam_toolbox_node-1] Initial                          6.748497e-28
[lifelong_slam_toolbox_node-1] Final                            6.748497e-28
[lifelong_slam_toolbox_node-1] Change                           0.000000e+00
[lifelong_slam_toolbox_node-1] 
[lifelong_slam_toolbox_node-1] Minimizer iterations                        1
[lifelong_slam_toolbox_node-1] Successful steps                            1
[lifelong_slam_toolbox_node-1] Unsuccessful steps                          0
[lifelong_slam_toolbox_node-1] 
[lifelong_slam_toolbox_node-1] Time (in seconds):
[lifelong_slam_toolbox_node-1] Preprocessor                         0.000754
[lifelong_slam_toolbox_node-1] 
[lifelong_slam_toolbox_node-1]   Residual only evaluation           0.000000 (0)
[lifelong_slam_toolbox_node-1]   Jacobian & residual evaluation     0.000147 (1)
[lifelong_slam_toolbox_node-1]   Linear solver                      0.000000 (0)
[lifelong_slam_toolbox_node-1] Minimizer                            0.000193
[lifelong_slam_toolbox_node-1] 
[lifelong_slam_toolbox_node-1] Postprocessor                        0.000008
[lifelong_slam_toolbox_node-1] Total                                0.000955
[lifelong_slam_toolbox_node-1] 
[lifelong_slam_toolbox_node-1] Termination:                      CONVERGENCE (Gradient tolerance reached. Gradient max norm: 1.243783e-12 <= 1.000000e-06)
[lifelong_slam_toolbox_node-1] 
[lifelong_slam_toolbox_node-1] 
[lifelong_slam_toolbox_node-1] Solver Summary (v 2.2.0-eigen-(3.4.0)-lapack-suitesparse-(7.6.1)-eigensparse)
[lifelong_slam_toolbox_node-1] 
[lifelong_slam_toolbox_node-1]                                      Original                  Reduced
[lifelong_slam_toolbox_node-1] Parameter blocks                          105                       78
[lifelong_slam_toolbox_node-1] Parameters                                105                       78
[lifelong_slam_toolbox_node-1] Residual blocks                            24                       24
[lifelong_slam_toolbox_node-1] Residuals                                  72                       72
[lifelong_slam_toolbox_node-1] 
[lifelong_slam_toolbox_node-1] Minimizer                        TRUST_REGION
[lifelong_slam_toolbox_node-1] Trust region strategy     LEVENBERG_MARQUARDT
[lifelong_slam_toolbox_node-1] Sparse linear algebra library    SUITE_SPARSE 
[lifelong_slam_toolbox_node-1] 
[lifelong_slam_toolbox_node-1]                                         Given                     Used
[lifelong_slam_toolbox_node-1] Linear solver          SPARSE_NORMAL_CHOLESKY   SPARSE_NORMAL_CHOLESKY
[lifelong_slam_toolbox_node-1] Threads                                    50                        8
[lifelong_slam_toolbox_node-1] Linear solver ordering              AUTOMATIC                       78
[lifelong_slam_toolbox_node-1] 
[lifelong_slam_toolbox_node-1] Cost:
[lifelong_slam_toolbox_node-1] Initial                          7.448961e-28
[lifelong_slam_toolbox_node-1] Final                            7.448961e-28
[lifelong_slam_toolbox_node-1] Change                           0.000000e+00
[lifelong_slam_toolbox_node-1] 
[lifelong_slam_toolbox_node-1] Minimizer iterations                        1
[lifelong_slam_toolbox_node-1] Successful steps                            1
[lifelong_slam_toolbox_node-1] Unsuccessful steps                          0
[lifelong_slam_toolbox_node-1] 
[lifelong_slam_toolbox_node-1] Time (in seconds):
[lifelong_slam_toolbox_node-1] Preprocessor                         0.000190
[lifelong_slam_toolbox_node-1] 
[lifelong_slam_toolbox_node-1]   Residual only evaluation           0.000000 (0)
[lifelong_slam_toolbox_node-1]   Jacobian & residual evaluation     0.000068 (1)
[lifelong_slam_toolbox_node-1]   Linear solver                      0.000000 (0)
[lifelong_slam_toolbox_node-1] Minimizer                            0.000130
[lifelong_slam_toolbox_node-1] 
[lifelong_slam_toolbox_node-1] Postprocessor                        0.000004
[lifelong_slam_toolbox_node-1] Total                                0.000324
[lifelong_slam_toolbox_node-1] 
[lifelong_slam_toolbox_node-1] Termination:                      CONVERGENCE (Gradient tolerance reached. Gradient max norm: 1.243783e-12 <= 1.000000e-06)
[lifelong_slam_toolbox_node-1] 
[lifelong_slam_toolbox_node-1] W20260821 10:51:30.455925 647905 preprocessor.cc:67] Specified options.num_threads: 50 exceeds maximum available from the threading model Ceres was compiled with: 8.  Bounding to maximum number available.
[lifelong_slam_toolbox_node-1] [INFO] [1787309490.457124603] [slam_toolbox]: Metric Scores: Initial: 1.000000, IOU: 0.867311, Area: 0.928903, Num Con: 2, Reading: 0.655556, outcome score: -1.000000.
[lifelong_slam_toolbox_node-1] [INFO] [1787309492.033409240] [slam_toolbox]: Metric Scores: Initial: 1.000000, IOU: 0.811152, Area: 0.895784, Num Con: 2, Reading: 0.397222, outcome score: 0.975167.
[lifelong_slam_toolbox_node-1] W20260821 10:51:32.869992 647905 preprocessor.cc:67] Specified options.num_threads: 50 exceeds maximum available from the threading model Ceres was compiled with: 8.  Bounding to maximum number available.
[lifelong_slam_toolbox_node-1] [INFO] [1787309492.871519079] [slam_toolbox]: Metric Scores: Initial: 1.000000, IOU: 0.785689, Area: 0.881939, Num Con: 2, Reading: 0.186111, outcome score: 0.987833.
[lifelong_slam_toolbox_node-1] [INFO] [1787309492.871571879] [slam_toolbox]: Metric Scores: Initial: 0.975167, IOU: 0.782449, Area: 0.879899, Num Con: 2, Reading: 0.180556, outcome score: 0.963333.
[lifelong_slam_toolbox_node-1] [INFO] [1787309493.639146636] [slam_toolbox]: Metric Scores: Initial: 1.000000, IOU: 0.999757, Area: 1.000000, Num Con: 2, Reading: 0.702778, outcome score: -1.000000.
[lifelong_slam_toolbox_node-1] [INFO] [1787309493.639252136] [slam_toolbox]: Metric Scores: Initial: 1.000000, IOU: 0.771216, Area: 0.872772, Num Con: 2, Reading: 0.191667, outcome score: 0.987500.
[lifelong_slam_toolbox_node-1] [INFO] [1787309493.639270936] [slam_toolbox]: Metric Scores: Initial: 0.987833, IOU: 0.764840, Area: 0.868687, Num Con: 2, Reading: 0.186111, outcome score: 0.975667.
[lifelong_slam_toolbox_node-1] [INFO] [1787309493.639285036] [slam_toolbox]: Metric Scores: Initial: 0.963333, IOU: 0.761675, Area: 0.866646, Num Con: 2, Reading: 0.180556, outcome score: 0.951500.
[lifelong_slam_toolbox_node-1] [INFO] [1787309494.435300547] [slam_toolbox]: Metric Scores: Initial: 1.000000, IOU: 0.763343, Area: 0.867749, Num Con: 3, Reading: 0.202778, outcome score: 0.999000.
[lifelong_slam_toolbox_node-1] [INFO] [1787309494.435353147] [slam_toolbox]: Metric Scores: Initial: 0.987500, IOU: 0.754262, Area: 0.861861, Num Con: 2, Reading: 0.191667, outcome score: 0.975000.
[lifelong_slam_toolbox_node-1] [INFO] [1787309494.435367547] [slam_toolbox]: Metric Scores: Initial: 0.975667, IOU: 0.748027, Area: 0.857789, Num Con: 2, Reading: 0.186111, outcome score: 0.963500.
[lifelong_slam_toolbox_node-1] [INFO] [1787309494.435382048] [slam_toolbox]: Metric Scores: Initial: 0.951500, IOU: 0.744921, Area: 0.855747, Num Con: 2, Reading: 0.180556, outcome score: 0.939667.
[lifelong_slam_toolbox_node-1] 
[lifelong_slam_toolbox_node-1] Solver Summary (v 2.2.0-eigen-(3.4.0)-lapack-suitesparse-(7.6.1)-eigensparse)
[lifelong_slam_toolbox_node-1] 
[lifelong_slam_toolbox_node-1]                                      Original                  Reduced
[lifelong_slam_toolbox_node-1] Parameter blocks                          111                       84
[lifelong_slam_toolbox_node-1] Parameters                                111                       84
[lifelong_slam_toolbox_node-1] Residual blocks                            26                       26
[lifelong_slam_toolbox_node-1] Residuals                                  78                       78
[lifelong_slam_toolbox_node-1] 
[lifelong_slam_toolbox_node-1] Minimizer                        TRUST_REGION
[lifelong_slam_toolbox_node-1] Trust region strategy     LEVENBERG_MARQUARDT
[lifelong_slam_toolbox_node-1] Sparse linear algebra library    SUITE_SPARSE 
[lifelong_slam_toolbox_node-1] 
[lifelong_slam_toolbox_node-1]                                         Given                     Used
[lifelong_slam_toolbox_node-1] Linear solver          SPARSE_NORMAL_CHOLESKY   SPARSE_NORMAL_CHOLESKY
[lifelong_slam_toolbox_node-1] Threads                                    50                        8
[lifelong_slam_toolbox_node-1] Linear solver ordering              AUTOMATIC                       84
[lifelong_slam_toolbox_node-1] 
[lifelong_slam_toolbox_node-1] Cost:
[lifelong_slam_toolbox_node-1] Initial                          6.667510e-02
[lifelong_slam_toolbox_node-1] Final                            5.369326e-08
[lifelong_slam_toolbox_node-1] Change                           6.667505e-02
[lifelong_slam_toolbox_node-1] 
[lifelong_slam_toolbox_node-1] Minimizer iterations                        2
[lifelong_slam_toolbox_node-1] Successful steps                            2
[lifelong_slam_toolbox_node-1] Unsuccessful steps                          0
[lifelong_slam_toolbox_node-1] 
[lifelong_slam_toolbox_node-1] Time (in seconds):
[lifelong_slam_toolbox_node-1] Preprocessor                         0.000197
[lifelong_slam_toolbox_node-1] 
[lifelong_slam_toolbox_node-1]   Residual only evaluation           0.000031 (2)
[lifelong_slam_toolbox_node-1]   Jacobian & residual evaluation     0.000168 (2)
[lifelong_slam_toolbox_node-1]   Linear solver                      0.000283 (2)
[lifelong_slam_toolbox_node-1] Minimizer                            0.000603
[lifelong_slam_toolbox_node-1] 
[lifelong_slam_toolbox_node-1] Postprocessor                        0.000008
[lifelong_slam_toolbox_node-1] Total                                0.000809
[lifelong_slam_toolbox_node-1] 
[lifelong_slam_toolbox_node-1] Termination:                      CONVERGENCE (Parameter tolerance reached. Relative step_norm: 1.208846e-06 <= 1.000000e-03.)
[lifelong_slam_toolbox_node-1] 
[lifelong_slam_toolbox_node-1] 
[lifelong_slam_toolbox_node-1] Solver Summary (v 2.2.0-eigen-(3.4.0)-lapack-suitesparse-(7.6.1)-eigensparse)
[lifelong_slam_toolbox_node-1] 
[lifelong_slam_toolbox_node-1]                                      Original                  Reduced
[lifelong_slam_toolbox_node-1] Parameter blocks                          117                       93
[lifelong_slam_toolbox_node-1] Parameters                                117                       93
[lifelong_slam_toolbox_node-1] Residual blocks                            31                       31
[lifelong_slam_toolbox_node-1] Residuals                                  93                       93
[lifelong_slam_toolbox_node-1] 
[lifelong_slam_toolbox_node-1] Minimizer                        TRUST_REGION
[lifelong_slam_toolbox_node-1] Trust region strategy     LEVENBERG_MARQUARDT
[lifelong_slam_toolbox_node-1] Sparse linear algebra library    SUITE_SPARSE 
[lifelong_slam_toolbox_node-1] 
[lifelong_slam_toolbox_node-1]                                         Given                     Used
[lifelong_slam_toolbox_node-1] Linear solver          SPARSE_NORMAL_CHOLESKY   SPARSE_NORMAL_CHOLESKY
[lifelong_slam_toolbox_node-1] Threads                                    50                        8
[lifelong_slam_toolbox_node-1] Linear solver ordering              AUTOMATIC                       93
[lifelong_slam_toolbox_node-1] 
[lifelong_slam_toolbox_node-1] Cost:
[lifelong_slam_toolbox_node-1] Initial                          1.911323e-01
[lifelong_slam_toolbox_node-1] Final                            4.681555e-03
[lifelong_slam_toolbox_node-1] Change                           1.864508e-01
[lifelong_slam_toolbox_node-1] 
[lifelong_slam_toolbox_node-1] Minimizer iterations                        2
[lifelong_slam_toolbox_node-1] Successful steps                            2
[lifelong_slam_toolbox_node-1] Unsuccessful steps                          0
[lifelong_slam_toolbox_node-1] 
[lifelong_slam_toolbox_node-1] Time (in seconds):
[lifelong_slam_toolbox_node-1] Preprocessor                         0.000230
[lifelong_slam_toolbox_node-1] 
[lifelong_slam_toolbox_node-1]   Residual only evaluation           0.000037 (2)
[lifelong_slam_toolbox_node-1]   Jacobian & residual evaluation     0.000127 (2)
[lifelong_slam_toolbox_node-1]   Linear solver                      0.000187 (2)
[lifelong_slam_toolbox_node-1] Minimizer                            0.000474
[lifelong_slam_toolbox_node-1] 
[lifelong_slam_toolbox_node-1] Postprocessor                        0.000008
[lifelong_slam_toolbox_node-1] Total                                0.000712
[lifelong_slam_toolbox_node-1] 
[lifelong_slam_toolbox_node-1] Termination:                      CONVERGENCE (Parameter tolerance reached. Relative step_norm: 3.377761e-05 <= 1.000000e-03.)
[lifelong_slam_toolbox_node-1] 
[lifelong_slam_toolbox_node-1] [INFO] [1787309495.235296879] [slam_toolbox]: Metric Scores: Initial: 1.000000, IOU: 0.998521, Area: 0.998685, Num Con: 2, Reading: 0.697222, outcome score: -1.000000.
[lifelong_slam_toolbox_node-1] [INFO] [1787309495.235382780] [slam_toolbox]: Metric Scores: Initial: 1.000000, IOU: 0.760013, Area: 0.865574, Num Con: 2, Reading: 0.208333, outcome score: 0.986500.
[lifelong_slam_toolbox_node-1] [INFO] [1787309495.235398380] [slam_toolbox]: Metric Scores: Initial: 0.999000, IOU: 0.748556, Area: 0.858117, Num Con: 3, Reading: 0.202778, outcome score: 0.997988.
[lifelong_slam_toolbox_node-1] [INFO] [1787309495.235412780] [slam_toolbox]: Metric Scores: Initial: 0.975000, IOU: 0.739649, Area: 0.852245, Num Con: 2, Reading: 0.191667, outcome score: 0.962500.
[lifelong_slam_toolbox_node-1] [INFO] [1787309495.235425580] [slam_toolbox]: Metric Scores: Initial: 0.963500, IOU: 0.733536, Area: 0.848185, Num Con: 2, Reading: 0.186111, outcome score: 0.951333.
[lifelong_slam_toolbox_node-1] [INFO] [1787309495.235439380] [slam_toolbox]: Metric Scores: Initial: 0.939667, IOU: 0.730482, Area: 0.846143, Num Con: 2, Reading: 0.180556, outcome score: 0.927833.
[lifelong_slam_toolbox_node-1] [INFO] [1787309496.036938920] [slam_toolbox]: Metric Scores: Initial: 1.000000, IOU: 0.762901, Area: 0.867412, Num Con: 3, Reading: 0.216667, outcome score: 0.999000.
[lifelong_slam_toolbox_node-1] [INFO] [1787309496.036994921] [slam_toolbox]: Metric Scores: Initial: 0.986500, IOU: 0.749442, Area: 0.858662, Num Con: 2, Reading: 0.208333, outcome score: 0.973000.
[lifelong_slam_toolbox_node-1] [INFO] [1787309496.037011121] [slam_toolbox]: Metric Scores: Initial: 0.997988, IOU: 0.738163, Area: 0.851233, Num Con: 3, Reading: 0.202778, outcome score: 0.996963.
[lifelong_slam_toolbox_node-1] [INFO] [1787309496.037024521] [slam_toolbox]: Metric Scores: Initial: 0.962500, IOU: 0.729387, Area: 0.845377, Num Con: 2, Reading: 0.191667, outcome score: 0.950000.
[lifelong_slam_toolbox_node-1] [INFO] [1787309496.037038421] [slam_toolbox]: Metric Scores: Initial: 0.951333, IOU: 0.723364, Area: 0.841330, Num Con: 2, Reading: 0.186111, outcome score: 0.939167.
[lifelong_slam_toolbox_node-1] [INFO] [1787309496.037052121] [slam_toolbox]: Metric Scores: Initial: 0.927833, IOU: 0.720352, Area: 0.839293, Num Con: 2, Reading: 0.180556, outcome score: 0.916000.
[lifelong_slam_toolbox_node-1] [INFO] [1787309496.836364650] [slam_toolbox]: Metric Scores: Initial: 1.000000, IOU: 0.998837, Area: 0.998837, Num Con: 2, Reading: 0.691667, outcome score: -1.000000.
[lifelong_slam_toolbox_node-1] [INFO] [1787309496.836453650] [slam_toolbox]: Metric Scores: Initial: 1.000000, IOU: 0.771596, Area: 0.872972, Num Con: 2, Reading: 0.222222, outcome score: 0.985667.
[lifelong_slam_toolbox_node-1] [INFO] [1787309496.836468950] [slam_toolbox]: Metric Scores: Initial: 0.999000, IOU: 0.753470, Area: 0.861283, Num Con: 3, Reading: 0.216667, outcome score: 0.997987.
[lifelong_slam_toolbox_node-1] [INFO] [1787309496.836481650] [slam_toolbox]: Metric Scores: Initial: 0.973000, IOU: 0.740197, Area: 0.852561, Num Con: 2, Reading: 0.208333, outcome score: 0.959500.
[lifelong_slam_toolbox_node-1] [INFO] [1787309496.836493550] [slam_toolbox]: Metric Scores: Initial: 0.996963, IOU: 0.729073, Area: 0.845156, Num Con: 3, Reading: 0.202778, outcome score: 0.995926.
[lifelong_slam_toolbox_node-1] [INFO] [1787309496.836506950] [slam_toolbox]: Metric Scores: Initial: 0.950000, IOU: 0.720412, Area: 0.839318, Num Con: 2, Reading: 0.191667, outcome score: 0.937500.
[lifelong_slam_toolbox_node-1] [INFO] [1787309496.836520750] [slam_toolbox]: Metric Scores: Initial: 0.939167, IOU: 0.714469, Area: 0.835282, Num Con: 2, Reading: 0.186111, outcome score: 0.927000.
[lifelong_slam_toolbox_node-1] [INFO] [1787309496.836533450] [slam_toolbox]: Metric Scores: Initial: 0.916000, IOU: 0.711494, Area: 0.833250, Num Con: 2, Reading: 0.180556, outcome score: 0.904167.
[lifelong_slam_toolbox_node-1] [INFO] [1787309497.635385676] [slam_toolbox]: Metric Scores: Initial: 1.000000, IOU: 0.783148, Area: 0.880291, Num Con: 2, Reading: 0.227778, outcome score: 0.985333.
[lifelong_slam_toolbox_node-1] [INFO] [1787309497.635444177] [slam_toolbox]: Metric Scores: Initial: 0.985667, IOU: 0.763004, Area: 0.867446, Num Con: 2, Reading: 0.222222, outcome score: 0.971333.
[lifelong_slam_toolbox_node-1] [INFO] [1787309497.635459777] [slam_toolbox]: Metric Scores: Initial: 0.997987, IOU: 0.745114, Area: 0.855798, Num Con: 3, Reading: 0.216667, outcome score: 0.996961.
[lifelong_slam_toolbox_node-1] [INFO] [1787309497.635472477] [slam_toolbox]: Metric Scores: Initial: 0.959500, IOU: 0.732013, Area: 0.847107, Num Con: 2, Reading: 0.208333, outcome score: 0.946000.
[lifelong_slam_toolbox_node-1] [INFO] [1787309497.635486477] [slam_toolbox]: Metric Scores: Initial: 0.995926, IOU: 0.721031, Area: 0.839728, Num Con: 3, Reading: 0.202778, outcome score: 0.994877.
[lifelong_slam_toolbox_node-1] [INFO] [1787309497.635544077] [slam_toolbox]: Metric Scores: Initial: 0.937500, IOU: 0.712485, Area: 0.833913, Num Con: 2, Reading: 0.191667, outcome score: 0.925000.
[lifelong_slam_toolbox_node-1] [INFO] [1787309497.635559377] [slam_toolbox]: Metric Scores: Initial: 0.927000, IOU: 0.706619, Area: 0.829893, Num Con: 2, Reading: 0.186111, outcome score: 0.914833.
[lifelong_slam_toolbox_node-1] [INFO] [1787309497.635573077] [slam_toolbox]: Metric Scores: Initial: 0.904167, IOU: 0.703685, Area: 0.827870, Num Con: 2, Reading: 0.180556, outcome score: 0.892333.
[lifelong_slam_toolbox_node-1] [INFO] [1787309498.442988750] [slam_toolbox]: Metric Scores: Initial: 1.000000, IOU: 0.998853, Area: 0.998853, Num Con: 2, Reading: 0.688889, outcome score: -1.000000.
[lifelong_slam_toolbox_node-1] [INFO] [1787309498.443114950] [slam_toolbox]: Metric Scores: Initial: 1.000000, IOU: 0.800310, Area: 0.891006, Num Con: 3, Reading: 0.233333, outcome score: 0.999000.
[lifelong_slam_toolbox_node-1] [INFO] [1787309498.443137651] [slam_toolbox]: Metric Scores: Initial: 0.985333, IOU: 0.776564, Area: 0.876128, Num Con: 2, Reading: 0.227778, outcome score: 0.970667.
[lifelong_slam_toolbox_node-1] [INFO] [1787309498.443155651] [slam_toolbox]: Metric Scores: Initial: 0.971333, IOU: 0.756621, Area: 0.863317, Num Con: 2, Reading: 0.222222, outcome score: 0.957000.
[lifelong_slam_toolbox_node-1] [INFO] [1787309498.443173151] [slam_toolbox]: Metric Scores: Initial: 0.996961, IOU: 0.738909, Area: 0.851702, Num Con: 3, Reading: 0.216667, outcome score: 0.995921.
[lifelong_slam_toolbox_node-1] [INFO] [1787309498.443202451] [slam_toolbox]: Metric Scores: Initial: 0.946000, IOU: 0.725937, Area: 0.843036, Num Con: 2, Reading: 0.208333, outcome score: 0.932500.
[lifelong_slam_toolbox_node-1] [INFO] [1787309498.443222651] [slam_toolbox]: Metric Scores: Initial: 0.994877, IOU: 0.715061, Area: 0.835677, Num Con: 3, Reading: 0.202778, outcome score: 0.993815.
[lifelong_slam_toolbox_node-1] [INFO] [1787309498.443238651] [slam_toolbox]: Metric Scores: Initial: 0.925000, IOU: 0.706603, Area: 0.829882, Num Con: 2, Reading: 0.191667, outcome score: 0.912500.
[lifelong_slam_toolbox_node-1] [INFO] [1787309498.443250851] [slam_toolbox]: Metric Scores: Initial: 0.914833, IOU: 0.700797, Area: 0.825875, Num Con: 2, Reading: 0.186111, outcome score: 0.902667.
[lifelong_slam_toolbox_node-1] [INFO] [1787309498.443265951] [slam_toolbox]: Metric Scores: Initial: 0.892333, IOU: 0.697895, Area: 0.823861, Num Con: 2, Reading: 0.180556, outcome score: 0.880500.
[lifelong_slam_toolbox_node-1] [INFO] [1787309499.241314673] [slam_toolbox]: Metric Scores: Initial: 1.000000, IOU: 0.818963, Area: 0.902394, Num Con: 3, Reading: 0.455556, outcome score: 0.999000.
[lifelong_slam_toolbox_node-1] [INFO] [1787309499.241377273] [slam_toolbox]: Metric Scores: Initial: 0.999000, IOU: 0.794706, Area: 0.887509, Num Con: 3, Reading: 0.233333, outcome score: 0.997986.
[lifelong_slam_toolbox_node-1] [INFO] [1787309499.241393973] [slam_toolbox]: Metric Scores: Initial: 0.970667, IOU: 0.771164, Area: 0.872669, Num Con: 2, Reading: 0.227778, outcome score: 0.956000.
[lifelong_slam_toolbox_node-1] [INFO] [1787309499.241408273] [slam_toolbox]: Metric Scores: Initial: 0.957000, IOU: 0.751392, Area: 0.859892, Num Con: 2, Reading: 0.222222, outcome score: 0.942667.
[lifelong_slam_toolbox_node-1] [INFO] [1787309499.241420873] [slam_toolbox]: Metric Scores: Initial: 0.995921, IOU: 0.733833, Area: 0.848308, Num Con: 3, Reading: 0.216667, outcome score: 0.994868.
[lifelong_slam_toolbox_node-1] [INFO] [1787309499.241433774] [slam_toolbox]: Metric Scores: Initial: 0.932500, IOU: 0.720971, Area: 0.839666, Num Con: 2, Reading: 0.208333, outcome score: 0.919000.
[lifelong_slam_toolbox_node-1] [INFO] [1787309499.241448274] [slam_toolbox]: Metric Scores: Initial: 0.993815, IOU: 0.710186, Area: 0.832326, Num Con: 3, Reading: 0.202778, outcome score: 0.992739.
[lifelong_slam_toolbox_node-1] [INFO] [1787309499.241461874] [slam_toolbox]: Metric Scores: Initial: 0.912500, IOU: 0.701808, Area: 0.826553, Num Con: 2, Reading: 0.191667, outcome score: 0.900000.
[lifelong_slam_toolbox_node-1] [INFO] [1787309499.241474574] [slam_toolbox]: Metric Scores: Initial: 0.902667, IOU: 0.696054, Area: 0.822561, Num Con: 2, Reading: 0.186111, outcome score: 0.890500.
[lifelong_slam_toolbox_node-1] [INFO] [1787309499.241486474] [slam_toolbox]: Metric Scores: Initial: 0.880500, IOU: 0.693183, Area: 0.820557, Num Con: 2, Reading: 0.180556, outcome score: 0.868667.
[lifelong_slam_toolbox_node-1] [INFO] [1787309500.035526574] [slam_toolbox]: Metric Scores: Initial: 1.000000, IOU: 0.842311, Area: 0.914383, Num Con: 3, Reading: 0.480556, outcome score: 0.999000.
[lifelong_slam_toolbox_node-1] [INFO] [1787309500.035583974] [slam_toolbox]: Metric Scores: Initial: 0.999000, IOU: 0.811634, Area: 0.897919, Num Con: 3, Reading: 0.455556, outcome score: 0.997973.
[lifelong_slam_toolbox_node-1] [INFO] [1787309500.035649974] [slam_toolbox]: Metric Scores: Initial: 0.997986, IOU: 0.787653, Area: 0.883087, Num Con: 3, Reading: 0.233333, outcome score: 0.996958.
[lifelong_slam_toolbox_node-1] [INFO] [1787309500.035668374] [slam_toolbox]: Metric Scores: Initial: 0.956000, IOU: 0.764369, Area: 0.868294, Num Con: 2, Reading: 0.227778, outcome score: 0.941333.
[lifelong_slam_toolbox_node-1] [INFO] [1787309500.035680975] [slam_toolbox]: Metric Scores: Initial: 0.942667, IOU: 0.744810, Area: 0.855558, Num Con: 2, Reading: 0.222222, outcome score: 0.928333.
[lifelong_slam_toolbox_node-1] [INFO] [1787309500.035692275] [slam_toolbox]: Metric Scores: Initial: 0.994868, IOU: 0.727441, Area: 0.844014, Num Con: 3, Reading: 0.216667, outcome score: 0.993802.
[lifelong_slam_toolbox_node-1] [INFO] [1787309500.035706375] [slam_toolbox]: Metric Scores: Initial: 0.919000, IOU: 0.714717, Area: 0.835402, Num Con: 2, Reading: 0.208333, outcome score: 0.905500.
[lifelong_slam_toolbox_node-1] [INFO] [1787309500.035719575] [slam_toolbox]: Metric Scores: Initial: 0.992739, IOU: 0.704046, Area: 0.828087, Num Con: 3, Reading: 0.202778, outcome score: 0.991651.
[lifelong_slam_toolbox_node-1] [INFO] [1787309500.035732375] [slam_toolbox]: Metric Scores: Initial: 0.900000, IOU: 0.695767, Area: 0.822342, Num Con: 2, Reading: 0.191667, outcome score: 0.887500.
[lifelong_slam_toolbox_node-1] [INFO] [1787309500.035747175] [slam_toolbox]: Metric Scores: Initial: 0.890500, IOU: 0.690079, Area: 0.818367, Num Con: 2, Reading: 0.186111, outcome score: 0.878333.
[lifelong_slam_toolbox_node-1] [INFO] [1787309500.035760275] [slam_toolbox]: Metric Scores: Initial: 0.868667, IOU: 0.687248, Area: 0.816377, Num Con: 2, Reading: 0.180556, outcome score: 0.856833.
[lifelong_slam_toolbox_node-1] [INFO] [1787309500.835338105] [slam_toolbox]: Metric Scores: Initial: 1.000000, IOU: 0.988564, Area: 0.993668, Num Con: 2, Reading: 0.688889, outcome score: -1.000000.
[lifelong_slam_toolbox_node-1] [INFO] [1787309500.835422905] [slam_toolbox]: Metric Scores: Initial: 1.000000, IOU: 0.871577, Area: 0.931291, Num Con: 3, Reading: 0.697222, outcome score: 0.999000.
[lifelong_slam_toolbox_node-1] [INFO] [1787309500.835437305] [slam_toolbox]: Metric Scores: Initial: 0.999000, IOU: 0.839992, Area: 0.913004, Num Con: 3, Reading: 0.480556, outcome score: 0.997971.
[lifelong_slam_toolbox_node-1] [INFO] [1787309500.835450105] [slam_toolbox]: Metric Scores: Initial: 0.997973, IOU: 0.809445, Area: 0.896570, Num Con: 3, Reading: 0.455556, outcome score: 0.996917.
[lifelong_slam_toolbox_node-1] [INFO] [1787309500.835467505] [slam_toolbox]: Metric Scores: Initial: 0.996958, IOU: 0.785566, Area: 0.881765, Num Con: 3, Reading: 0.233333, outcome score: 0.995915.
[lifelong_slam_toolbox_node-1] [INFO] [1787309500.835483706] [slam_toolbox]: Metric Scores: Initial: 0.941333, IOU: 0.762370, Area: 0.866995, Num Con: 2, Reading: 0.227778, outcome score: 0.926667.
[lifelong_slam_toolbox_node-1] [INFO] [1787309500.835495806] [slam_toolbox]: Metric Scores: Initial: 0.928333, IOU: 0.742886, Area: 0.854280, Num Con: 2, Reading: 0.222222, outcome score: 0.914000.
[lifelong_slam_toolbox_node-1] [INFO] [1787309500.835507706] [slam_toolbox]: Metric Scores: Initial: 0.993802, IOU: 0.725585, Area: 0.842756, Num Con: 3, Reading: 0.216667, outcome score: 0.992721.
[lifelong_slam_toolbox_node-1] [INFO] [1787309500.835520906] [slam_toolbox]: Metric Scores: Initial: 0.905500, IOU: 0.712911, Area: 0.834159, Num Con: 2, Reading: 0.208333, outcome score: 0.892000.
[lifelong_slam_toolbox_node-1] [INFO] [1787309500.835536706] [slam_toolbox]: Metric Scores: Initial: 0.991651, IOU: 0.702279, Area: 0.826857, Num Con: 3, Reading: 0.202778, outcome score: 0.990549.
[lifelong_slam_toolbox_node-1] [INFO] [1787309500.835551006] [slam_toolbox]: Metric Scores: Initial: 0.887500, IOU: 0.694045, Area: 0.821130, Num Con: 2, Reading: 0.191667, outcome score: 0.875000.
[lifelong_slam_toolbox_node-1] [INFO] [1787309500.835564406] [slam_toolbox]: Metric Scores: Initial: 0.878333, IOU: 0.688385, Area: 0.817167, Num Con: 2, Reading: 0.186111, outcome score: 0.866167.
[lifelong_slam_toolbox_node-1] [INFO] [1787309500.835578606] [slam_toolbox]: Metric Scores: Initial: 0.856833, IOU: 0.685574, Area: 0.815188, Num Con: 2, Reading: 0.180556, outcome score: 0.845000.
[lifelong_slam_toolbox_node-1] [INFO] [1787309501.637850150] [slam_toolbox]: Metric Scores: Initial: 1.000000, IOU: 0.893299, Area: 0.943530, Num Con: 2, Reading: 0.697222, outcome score: -1.000000.
[lifelong_slam_toolbox_node-1] [INFO] [1787309501.637911351] [slam_toolbox]: Metric Scores: Initial: 0.999000, IOU: 0.869492, Area: 0.930089, Num Con: 3, Reading: 0.697222, outcome score: 0.997958.
[lifelong_slam_toolbox_node-1] [INFO] [1787309501.637928951] [slam_toolbox]: Metric Scores: Initial: 0.997971, IOU: 0.838023, Area: 0.911829, Num Con: 3, Reading: 0.480556, outcome score: 0.996913.
[lifelong_slam_toolbox_node-1] [INFO] [1787309501.637942451] [slam_toolbox]: Metric Scores: Initial: 0.996917, IOU: 0.807594, Area: 0.895425, Num Con: 3, Reading: 0.455556, outcome score: 0.995833.
[lifelong_slam_toolbox_node-1] [INFO] [1787309501.637958751] [slam_toolbox]: Metric Scores: Initial: 0.995915, IOU: 0.783806, Area: 0.880647, Num Con: 3, Reading: 0.233333, outcome score: 0.994858.
[lifelong_slam_toolbox_node-1] [INFO] [1787309501.637975551] [slam_toolbox]: Metric Scores: Initial: 0.926667, IOU: 0.760688, Area: 0.865898, Num Con: 2, Reading: 0.227778, outcome score: 0.912000.
[lifelong_slam_toolbox_node-1] [INFO] [1787309501.637988751] [slam_toolbox]: Metric Scores: Initial: 0.914000, IOU: 0.741269, Area: 0.853202, Num Con: 2, Reading: 0.222222, outcome score: 0.899667.
[lifelong_slam_toolbox_node-1] [INFO] [1787309501.638002151] [slam_toolbox]: Metric Scores: Initial: 0.992721, IOU: 0.724030, Area: 0.841699, Num Con: 3, Reading: 0.216667, outcome score: 0.991626.
[lifelong_slam_toolbox_node-1] [INFO] [1787309501.638014251] [slam_toolbox]: Metric Scores: Initial: 0.892000, IOU: 0.711400, Area: 0.833116, Num Con: 2, Reading: 0.208333, outcome score: 0.878500.
[lifelong_slam_toolbox_node-1] [INFO] [1787309501.638026951] [slam_toolbox]: Metric Scores: Initial: 0.990549, IOU: 0.700803, Area: 0.825825, Num Con: 3, Reading: 0.202778, outcome score: 0.989434.
[lifelong_slam_toolbox_node-1] [INFO] [1787309501.638040651] [slam_toolbox]: Metric Scores: Initial: 0.875000, IOU: 0.692610, Area: 0.820118, Num Con: 2, Reading: 0.191667, outcome score: 0.862500.
[lifelong_slam_toolbox_node-1] [INFO] [1787309501.638054351] [slam_toolbox]: Metric Scores: Initial: 0.866167, IOU: 0.686976, Area: 0.816166, Num Con: 2, Reading: 0.186111, outcome score: 0.854000.
[lifelong_slam_toolbox_node-1] [INFO] [1787309501.638105352] [slam_toolbox]: Metric Scores: Initial: 0.845000, IOU: 0.684186, Area: 0.814198, Num Con: 2, Reading: 0.180556, outcome score: 0.833167.
[lifelong_slam_toolbox_node-1] W20260821 10:51:42.464721 647905 preprocessor.cc:67] Specified options.num_threads: 50 exceeds maximum available from the threading model Ceres was compiled with: 8.  Bounding to maximum number available.
[lifelong_slam_toolbox_node-1] [INFO] [1787309502.466027935] [slam_toolbox]: Metric Scores: Initial: 1.000000, IOU: 0.963763, Area: 0.981037, Num Con: 2, Reading: 0.686111, outcome score: -1.000000.
[lifelong_slam_toolbox_node-1] [INFO] [1787309502.466085435] [slam_toolbox]: Metric Scores: Initial: 0.799667, IOU: 0.949874, Area: 0.973742, Num Con: 2, Reading: 0.686111, outcome score: -1.000000.
[lifelong_slam_toolbox_node-1] [INFO] [1787309502.466102735] [slam_toolbox]: Metric Scores: Initial: 0.823167, IOU: 0.937644, Area: 0.967261, Num Con: 2, Reading: 0.686111, outcome score: -1.000000.
[lifelong_slam_toolbox_node-1] [INFO] [1787309502.466118635] [slam_toolbox]: Metric Scores: Initial: 0.847000, IOU: 0.927857, Area: 0.962067, Num Con: 2, Reading: 0.686111, outcome score: -1.000000.
[lifelong_slam_toolbox_node-1] [INFO] [1787309502.466131136] [slam_toolbox]: Metric Scores: Initial: 0.874167, IOU: 0.919402, Area: 0.957474, Num Con: 2, Reading: 0.680556, outcome score: -1.000000.
[lifelong_slam_toolbox_node-1] [INFO] [1787309502.466145136] [slam_toolbox]: Metric Scores: Initial: 0.897333, IOU: 0.910178, Area: 0.952468, Num Con: 2, Reading: 0.680556, outcome score: -1.000000.
[lifelong_slam_toolbox_node-1] [INFO] [1787309502.466165036] [slam_toolbox]: Metric Scores: Initial: 0.909000, IOU: 0.904146, Area: 0.949149, Num Con: 2, Reading: 0.680556, outcome score: -1.000000.
[lifelong_slam_toolbox_node-1] [INFO] [1787309502.466195336] [slam_toolbox]: Metric Scores: Initial: 0.922000, IOU: 0.899435, Area: 0.946534, Num Con: 2, Reading: 0.672222, outcome score: -1.000000.
[lifelong_slam_toolbox_node-1] [INFO] [1787309502.466211336] [slam_toolbox]: Metric Scores: Initial: 0.933333, IOU: 0.878860, Area: 0.934978, Num Con: 2, Reading: 0.666667, outcome score: -1.000000.
[lifelong_slam_toolbox_node-1] [INFO] [1787309502.466222136] [slam_toolbox]: Metric Scores: Initial: 0.904000, IOU: 0.856914, Area: 0.922413, Num Con: 2, Reading: 0.502778, outcome score: -1.000000.
[lifelong_slam_toolbox_node-1] [INFO] [1787309502.466234036] [slam_toolbox]: Metric Scores: Initial: 0.926000, IOU: 0.834657, Area: 0.909313, Num Con: 2, Reading: 0.422222, outcome score: 0.899667.
[lifelong_slam_toolbox_node-1] W20260821 10:51:43.259943 647905 preprocessor.cc:67] Specified options.num_threads: 50 exceeds maximum available from the threading model Ceres was compiled with: 8.  Bounding to maximum number available.
[lifelong_slam_toolbox_node-1] [INFO] [1787309503.260967840] [slam_toolbox]: Metric Scores: Initial: 1.000000, IOU: 0.998907, Area: 0.998907, Num Con: 2, Reading: 0.686111, outcome score: -1.000000.
[lifelong_slam_toolbox_node-1] [INFO] [1787309503.261015040] [slam_toolbox]: Metric Scores: Initial: 0.899667, IOU: 0.836031, Area: 0.910156, Num Con: 2, Reading: 0.422222, outcome score: 0.873333.
[lifelong_slam_toolbox_node-1] [INFO] [1787309503.261039140] [slam_toolbox]: Metric Scores: Initial: 1.000000, IOU: 0.929300, Area: 0.963225, Num Con: 2, Reading: 0.691667, outcome score: -1.000000.
[lifelong_slam_toolbox_node-1] W20260821 10:51:44.060276 647905 preprocessor.cc:67] Specified options.num_threads: 50 exceeds maximum available from the threading model Ceres was compiled with: 8.  Bounding to maximum number available.
[lifelong_slam_toolbox_node-1] 
[lifelong_slam_toolbox_node-1] Solver Summary (v 2.2.0-eigen-(3.4.0)-lapack-suitesparse-(7.6.1)-eigensparse)
[lifelong_slam_toolbox_node-1] 
[lifelong_slam_toolbox_node-1]                                      Original                  Reduced
[lifelong_slam_toolbox_node-1] Parameter blocks                          135                      129
[lifelong_slam_toolbox_node-1] Parameters                                135                      129
[lifelong_slam_toolbox_node-1] Residual blocks                            43                       43
[lifelong_slam_toolbox_node-1] Residuals                                 129                      129
[lifelong_slam_toolbox_node-1] 
[lifelong_slam_toolbox_node-1] Minimizer                        TRUST_REGION
[lifelong_slam_toolbox_node-1] Trust region strategy     LEVENBERG_MARQUARDT
[lifelong_slam_toolbox_node-1] Sparse linear algebra library    SUITE_SPARSE 
[lifelong_slam_toolbox_node-1] 
[lifelong_slam_toolbox_node-1]                                         Given                     Used
[lifelong_slam_toolbox_node-1] Linear solver          SPARSE_NORMAL_CHOLESKY   SPARSE_NORMAL_CHOLESKY
[lifelong_slam_toolbox_node-1] Threads                                    50                        8
[lifelong_slam_toolbox_node-1] Linear solver ordering              AUTOMATIC                      129
[lifelong_slam_toolbox_node-1] 
[lifelong_slam_toolbox_node-1] Cost:
[lifelong_slam_toolbox_node-1] Initial                          2.591194e-02
[lifelong_slam_toolbox_node-1] Final                            4.677509e-03
[lifelong_slam_toolbox_node-1] Change                           2.123443e-02
[lifelong_slam_toolbox_node-1] 
[lifelong_slam_toolbox_node-1] Minimizer iterations                        2
[lifelong_slam_toolbox_node-1] Successful steps                            2
[lifelong_slam_toolbox_node-1] Unsuccessful steps                          0
[lifelong_slam_toolbox_node-1] 
[lifelong_slam_toolbox_node-1] Time (in seconds):
[lifelong_slam_toolbox_node-1] Preprocessor                         0.000204
[lifelong_slam_toolbox_node-1] 
[lifelong_slam_toolbox_node-1]   Residual only evaluation           0.000055 (2)
[lifelong_slam_toolbox_node-1]   Jacobian & residual evaluation     0.000166 (2)
[lifelong_slam_toolbox_node-1]   Linear solver                      0.000268 (2)
[lifelong_slam_toolbox_node-1] Minimizer                            0.000596
[lifelong_slam_toolbox_node-1] 
[lifelong_slam_toolbox_node-1] Postprocessor                        0.000010
[lifelong_slam_toolbox_node-1] Total                                0.000810
[lifelong_slam_toolbox_node-1] 
[lifelong_slam_toolbox_node-1] Termination:                      CONVERGENCE (Parameter tolerance reached. Relative step_norm: 4.011204e-06 <= 1.000000e-03.)
[lifelong_slam_toolbox_node-1] 
[lifelong_slam_toolbox_node-1] 
[lifelong_slam_toolbox_node-1] Solver Summary (v 2.2.0-eigen-(3.4.0)-lapack-suitesparse-(7.6.1)-eigensparse)
[lifelong_slam_toolbox_node-1] 
[lifelong_slam_toolbox_node-1]                                      Original                  Reduced
[lifelong_slam_toolbox_node-1] Parameter blocks                          108                      102
[lifelong_slam_toolbox_node-1] Parameters                                108                      102
[lifelong_slam_toolbox_node-1] Residual blocks                            35                       35
[lifelong_slam_toolbox_node-1] Residuals                                 105                      105
[lifelong_slam_toolbox_node-1] 
[lifelong_slam_toolbox_node-1] Minimizer                        TRUST_REGION
[lifelong_slam_toolbox_node-1] Trust region strategy     LEVENBERG_MARQUARDT
[lifelong_slam_toolbox_node-1] Sparse linear algebra library    SUITE_SPARSE 
[lifelong_slam_toolbox_node-1] 
[lifelong_slam_toolbox_node-1]                                         Given                     Used
[lifelong_slam_toolbox_node-1] Linear solver          SPARSE_NORMAL_CHOLESKY   SPARSE_NORMAL_CHOLESKY
[lifelong_slam_toolbox_node-1] Threads                                    50                        8
[lifelong_slam_toolbox_node-1] Linear solver ordering              AUTOMATIC                      102
[lifelong_slam_toolbox_node-1] 
[lifelong_slam_toolbox_node-1] Cost:
[lifelong_slam_toolbox_node-1] Initial                          3.324024e-02
[lifelong_slam_toolbox_node-1] Final                            4.677481e-03
[lifelong_slam_toolbox_node-1] Change                           2.856275e-02
[lifelong_slam_toolbox_node-1] 
[lifelong_slam_toolbox_node-1] Minimizer iterations                        2
[lifelong_slam_toolbox_node-1] Successful steps                            2
[lifelong_slam_toolbox_node-1] Unsuccessful steps                          0
[lifelong_slam_toolbox_node-1] 
[lifelong_slam_toolbox_node-1] Time (in seconds):
[lifelong_slam_toolbox_node-1] Preprocessor                         0.000193
[lifelong_slam_toolbox_node-1] 
[lifelong_slam_toolbox_node-1]   Residual only evaluation           0.000024 (2)
[lifelong_slam_toolbox_node-1]   Jacobian & residual evaluation     0.000157 (2)
[lifelong_slam_toolbox_node-1]   Linear solver                      0.000195 (2)
[lifelong_slam_toolbox_node-1] Minimizer                            0.000459
[lifelong_slam_toolbox_node-1] 
[lifelong_slam_toolbox_node-1] Postprocessor                        0.000006
[lifelong_slam_toolbox_node-1] Total                                0.000658
[lifelong_slam_toolbox_node-1] 
[lifelong_slam_toolbox_node-1] Termination:                      CONVERGENCE (Parameter tolerance reached. Relative step_norm: 1.478403e-06 <= 1.000000e-03.)
[lifelong_slam_toolbox_node-1] 
[lifelong_slam_toolbox_node-1] 
[lifelong_slam_toolbox_node-1] Solver Summary (v 2.2.0-eigen-(3.4.0)-lapack-suitesparse-(7.6.1)-eigensparse)
[lifelong_slam_toolbox_node-1] 
[lifelong_slam_toolbox_node-1]                                      Original                  Reduced
[lifelong_slam_toolbox_node-1] Parameter blocks                          105                       99
[lifelong_slam_toolbox_node-1] Parameters                                105                       99
[lifelong_slam_toolbox_node-1] Residual blocks                            33                       33
[lifelong_slam_toolbox_node-1] Residuals                                  99                       99
[lifelong_slam_toolbox_node-1] 
[lifelong_slam_toolbox_node-1] Minimizer                        TRUST_REGION
[lifelong_slam_toolbox_node-1] Trust region strategy     LEVENBERG_MARQUARDT
[lifelong_slam_toolbox_node-1] Sparse linear algebra library    SUITE_SPARSE 
[lifelong_slam_toolbox_node-1] 
[lifelong_slam_toolbox_node-1]                                         Given                     Used
[lifelong_slam_toolbox_node-1] Linear solver          SPARSE_NORMAL_CHOLESKY   SPARSE_NORMAL_CHOLESKY
[lifelong_slam_toolbox_node-1] Threads                                    50                        8
[lifelong_slam_toolbox_node-1] [INFO] [1787309504.061132572] [slam_toolbox]: Metric Scores: Initial: 0.873333, IOU: 0.838180, Area: 0.911412, Num Con: 2, Reading: 0.422222, outcome score: 0.847000.
[lifelong_slam_toolbox_node-1] W20260821 10:51:44.883778 647905 preprocessor.cc:67] Specified options.num_threads: 50 exceeds maximum available from the threading model Ceres was compiled with: 8.  Bounding to maximum number available.
[lifelong_slam_toolbox_node-1] [INFO] [1787309504.886980144] [slam_toolbox]: Metric Scores: Initial: 1.000000, IOU: 0.744258, Area: 0.853714, Num Con: 2, Reading: 0.188889, outcome score: 0.987667.
[lifelong_slam_toolbox_node-1] [INFO] [1787309504.887030145] [slam_toolbox]: Metric Scores: Initial: 0.989434, IOU: 0.703837, Area: 0.826492, Num Con: 3, Reading: 0.202778, outcome score: 0.988306.
[lifelong_slam_toolbox_node-1] [INFO] [1787309504.887041945] [slam_toolbox]: Metric Scores: Initial: 0.847000, IOU: 0.841992, Area: 0.914595, Num Con: 2, Reading: 0.422222, outcome score: 0.820667.
[lifelong_slam_toolbox_node-1] [INFO] [1787309504.887050945] [slam_toolbox]: Metric Scores: Initial: 0.862500, IOU: 0.695692, Area: 0.820848, Num Con: 2, Reading: 0.191667, outcome score: 0.850000.
[lifelong_slam_toolbox_node-1] [INFO] [1787309504.887059945] [slam_toolbox]: Metric Scores: Initial: 0.878500, IOU: 0.714456, Area: 0.833752, Num Con: 2, Reading: 0.208333, outcome score: 0.865000.
[lifelong_slam_toolbox_node-1] [INFO] [1787309504.887070445] [slam_toolbox]: Metric Scores: Initial: 0.854000, IOU: 0.690081, Area: 0.816933, Num Con: 2, Reading: 0.186111, outcome score: 0.841833.
[lifelong_slam_toolbox_node-1] [INFO] [1787309504.887077445] [slam_toolbox]: Metric Scores: Initial: 0.991626, IOU: 0.727104, Area: 0.842294, Num Con: 3, Reading: 0.216667, outcome score: 0.990518.
[lifelong_slam_toolbox_node-1] [INFO] [1787309504.887085845] [slam_toolbox]: Metric Scores: Initial: 0.833167, IOU: 0.687335, Area: 0.815005, Num Con: 2, Reading: 0.180556, outcome score: 0.821333.
[lifelong_slam_toolbox_node-1] [INFO] [1787309504.887122545] [slam_toolbox]: Metric Scores: Initial: 0.899667, IOU: 0.744365, Area: 0.853744, Num Con: 2, Reading: 0.222222, outcome score: 0.885333.
[lifelong_slam_toolbox_node-1] [INFO] [1787309504.887134845] [slam_toolbox]: Metric Scores: Initial: 0.912000, IOU: 0.763824, Area: 0.866394, Num Con: 2, Reading: 0.227778, outcome score: 0.897333.
[lifelong_slam_toolbox_node-1] [INFO] [1787309504.887144645] [slam_toolbox]: Metric Scores: Initial: 0.994858, IOU: 0.786996, Area: 0.881093, Num Con: 3, Reading: 0.233333, outcome score: 0.993786.
[lifelong_slam_toolbox_node-1] [INFO] [1787309504.887154345] [slam_toolbox]: Metric Scores: Initial: 0.995833, IOU: 0.810799, Area: 0.895798, Num Con: 3, Reading: 0.455556, outcome score: 0.994719.
[lifelong_slam_toolbox_node-1] [INFO] [1787309504.887166145] [slam_toolbox]: Metric Scores: Initial: 0.996913, IOU: 0.841237, Area: 0.912109, Num Con: 3, Reading: 0.480556, outcome score: 0.995824.
[lifelong_slam_toolbox_node-1] [INFO] [1787309504.887174345] [slam_toolbox]: Metric Scores: Initial: 1.000000, IOU: 0.900388, Area: 0.947632, Num Con: 2, Reading: 0.686111, outcome score: -1.000000.
[lifelong_slam_toolbox_node-1] [INFO] [1787309504.887184045] [slam_toolbox]: Metric Scores: Initial: 0.997958, IOU: 0.872763, Area: 0.930307, Num Con: 2, Reading: 0.694444, outcome score: -1.000000.
[lifelong_slam_toolbox_node-1] Linear solver ordering              AUTOMATIC                       99
[lifelong_slam_toolbox_node-1] 
[lifelong_slam_toolbox_node-1] Cost:
[lifelong_slam_toolbox_node-1] Initial                          4.677480e-03
[lifelong_slam_toolbox_node-1] Final                            4.677480e-03
[lifelong_slam_toolbox_node-1] Change                           0.000000e+00
[lifelong_slam_toolbox_node-1] 
[lifelong_slam_toolbox_node-1] Minimizer iterations                        1
[lifelong_slam_toolbox_node-1] Successful steps                            1
[lifelong_slam_toolbox_node-1] Unsuccessful steps                          0
[lifelong_slam_toolbox_node-1] 
[lifelong_slam_toolbox_node-1] Time (in seconds):
[lifelong_slam_toolbox_node-1] Preprocessor                         0.000207
[lifelong_slam_toolbox_node-1] 
[lifelong_slam_toolbox_node-1]   Residual only evaluation           0.000016 (1)
[lifelong_slam_toolbox_node-1]   Jacobian & residual evaluation     0.000099 (1)
[lifelong_slam_toolbox_node-1]   Linear solver                      0.000118 (1)
[lifelong_slam_toolbox_node-1] Minimizer                            0.000280
[lifelong_slam_toolbox_node-1] 
[lifelong_slam_toolbox_node-1] Postprocessor                        0.000005
[lifelong_slam_toolbox_node-1] Total                                0.000492
[lifelong_slam_toolbox_node-1] 
[lifelong_slam_toolbox_node-1] Termination:                      CONVERGENCE (Function tolerance reached. |cost_change|/cost: 2.484022e-06 <= 1.000000e-03)
[lifelong_slam_toolbox_node-1] 
[lifelong_slam_toolbox_node-1] 
[lifelong_slam_toolbox_node-1] Solver Summary (v 2.2.0-eigen-(3.4.0)-lapack-suitesparse-(7.6.1)-eigensparse)
[lifelong_slam_toolbox_node-1] 
[lifelong_slam_toolbox_node-1]                                      Original                  Reduced
[lifelong_slam_toolbox_node-1] Parameter blocks                          108                      102
[lifelong_slam_toolbox_node-1] Parameters                                108                      102
[lifelong_slam_toolbox_node-1] Residual blocks                            35                       35
[lifelong_slam_toolbox_node-1] Residuals                                 105                      105
[lifelong_slam_toolbox_node-1] 
[lifelong_slam_toolbox_node-1] Minimizer                        TRUST_REGION
[lifelong_slam_toolbox_node-1] Trust region strategy     LEVENBERG_MARQUARDT
[lifelong_slam_toolbox_node-1] Sparse linear algebra library    SUITE_SPARSE 
[lifelong_slam_toolbox_node-1] 
[lifelong_slam_toolbox_node-1]                                         Given                     Used
[lifelong_slam_toolbox_node-1] Linear solver          SPARSE_NORMAL_CHOLESKY   SPARSE_NORMAL_CHOLESKY
[lifelong_slam_toolbox_node-1] Threads                                    50                        8
[lifelong_slam_toolbox_node-1] Linear solver ordering              AUTOMATIC                      102
[lifelong_slam_toolbox_node-1] 
[lifelong_slam_toolbox_node-1] Cost:
[lifelong_slam_toolbox_node-1] Initial                          1.199660e-01
[lifelong_slam_toolbox_node-1] Final                            4.699834e-03
[lifelong_slam_toolbox_node-1] Change                           1.152661e-01
[lifelong_slam_toolbox_node-1] 
[lifelong_slam_toolbox_node-1] Minimizer iterations                        2
[lifelong_slam_toolbox_node-1] Successful steps                            2
[lifelong_slam_toolbox_node-1] Unsuccessful steps                          0
[lifelong_slam_toolbox_node-1] 
[lifelong_slam_toolbox_node-1] Time (in seconds):
[lifelong_slam_toolbox_node-1] Preprocessor                         0.000189
[lifelong_slam_toolbox_node-1] 
[lifelong_slam_toolbox_node-1]   Residual only evaluation           0.000032 (2)
[lifelong_slam_toolbox_node-1]   Jacobian & residual evaluation     0.002194 (2)
[lifelong_slam_toolbox_node-1]   Linear solver                      0.000215 (2)
[lifelong_slam_toolbox_node-1] Minimizer                            0.002546
[lifelong_slam_toolbox_node-1] 
[lifelong_slam_toolbox_node-1] Postprocessor                        0.000065
[lifelong_slam_toolbox_node-1] Total                                0.002800
[lifelong_slam_toolbox_node-1] 
[lifelong_slam_toolbox_node-1] Termination:                      CONVERGENCE (Parameter tolerance reached. Relative step_norm: 1.718999e-04 <= 1.000000e-03.)
[lifelong_slam_toolbox_node-1] 
[lifelong_slam_toolbox_node-1] [INFO] [1787309505.638710915] [slam_toolbox]: Metric Scores: Initial: 0.987667, IOU: 0.749081, Area: 0.856869, Num Con: 2, Reading: 0.188889, outcome score: 0.975333.
[lifelong_slam_toolbox_node-1] [INFO] [1787309505.638785615] [slam_toolbox]: Metric Scores: Initial: 0.988306, IOU: 0.708155, Area: 0.829454, Num Con: 3, Reading: 0.202778, outcome score: 0.987164.
[lifelong_slam_toolbox_node-1] [INFO] [1787309505.638805215] [slam_toolbox]: Metric Scores: Initial: 0.820667, IOU: 0.847493, Area: 0.917822, Num Con: 2, Reading: 0.422222, outcome score: 0.794333.
[lifelong_slam_toolbox_node-1] [INFO] [1787309505.638818816] [slam_toolbox]: Metric Scores: Initial: 0.850000, IOU: 0.699981, Area: 0.823818, Num Con: 2, Reading: 0.191667, outcome score: 0.837500.
[lifelong_slam_toolbox_node-1] [INFO] [1787309505.638834916] [slam_toolbox]: Metric Scores: Initial: 0.865000, IOU: 0.718837, Area: 0.836720, Num Con: 2, Reading: 0.208333, outcome score: 0.851500.
[lifelong_slam_toolbox_node-1] [INFO] [1787309505.638855516] [slam_toolbox]: Metric Scores: Initial: 0.841833, IOU: 0.694346, Area: 0.819906, Num Con: 2, Reading: 0.186111, outcome score: 0.829667.
[lifelong_slam_toolbox_node-1] [INFO] [1787309505.638871116] [slam_toolbox]: Metric Scores: Initial: 0.990518, IOU: 0.731557, Area: 0.845266, Num Con: 3, Reading: 0.216667, outcome score: 0.989394.
[lifelong_slam_toolbox_node-1] [INFO] [1787309505.638894716] [slam_toolbox]: Metric Scores: Initial: 0.821333, IOU: 0.691599, Area: 0.817986, Num Con: 2, Reading: 0.180556, outcome score: 0.809500.
[lifelong_slam_toolbox_node-1] [INFO] [1787309505.638909816] [slam_toolbox]: Metric Scores: Initial: 0.885333, IOU: 0.748916, Area: 0.856722, Num Con: 2, Reading: 0.222222, outcome score: 0.871000.
[lifelong_slam_toolbox_node-1] [INFO] [1787309505.638927516] [slam_toolbox]: Metric Scores: Initial: 0.897333, IOU: 0.768493, Area: 0.869381, Num Con: 2, Reading: 0.227778, outcome score: 0.882667.
[lifelong_slam_toolbox_node-1] [INFO] [1787309505.638946216] [slam_toolbox]: Metric Scores: Initial: 0.993786, IOU: 0.791808, Area: 0.884093, Num Con: 3, Reading: 0.233333, outcome score: 0.992699.
[lifelong_slam_toolbox_node-1] [INFO] [1787309505.638963516] [slam_toolbox]: Metric Scores: Initial: 0.994719, IOU: 0.815748, Area: 0.898802, Num Con: 3, Reading: 0.455556, outcome score: 0.993575.
[lifelong_slam_toolbox_node-1] [INFO] [1787309505.638982816] [slam_toolbox]: Metric Scores: Initial: 0.995824, IOU: 0.846359, Area: 0.915109, Num Con: 2, Reading: 0.480556, outcome score: 0.965990.
[lifelong_slam_toolbox_node-1] [INFO] [1787309506.434921526] [slam_toolbox]: Metric Scores: Initial: 0.975333, IOU: 0.755515, Area: 0.861057, Num Con: 2, Reading: 0.188889, outcome score: 0.963000.
[lifelong_slam_toolbox_node-1] [INFO] [1787309506.434979927] [slam_toolbox]: Metric Scores: Initial: 0.987164, IOU: 0.714005, Area: 0.833446, Num Con: 3, Reading: 0.202778, outcome score: 0.986007.
[lifelong_slam_toolbox_node-1] [INFO] [1787309506.434994727] [slam_toolbox]: Metric Scores: Initial: 0.794333, IOU: 0.854866, Area: 0.922121, Num Con: 2, Reading: 0.422222, outcome score: -1.000000.
[lifelong_slam_toolbox_node-1] [INFO] [1787309506.435005527] [slam_toolbox]: Metric Scores: Initial: 0.837500, IOU: 0.705777, Area: 0.827812, Num Con: 2, Reading: 0.191667, outcome score: 0.825000.
[lifelong_slam_toolbox_node-1] [INFO] [1787309506.435015927] [slam_toolbox]: Metric Scores: Initial: 0.851500, IOU: 0.724775, Area: 0.840723, Num Con: 2, Reading: 0.208333, outcome score: 0.838000.
[lifelong_slam_toolbox_node-1] [INFO] [1787309506.435029427] [slam_toolbox]: Metric Scores: Initial: 0.829667, IOU: 0.700104, Area: 0.823901, Num Con: 2, Reading: 0.186111, outcome score: 0.817500.
[lifelong_slam_toolbox_node-1] [INFO] [1787309506.435039427] [slam_toolbox]: Metric Scores: Initial: 0.989394, IOU: 0.737601, Area: 0.849280, Num Con: 3, Reading: 0.216667, outcome score: 0.988256.
[lifelong_slam_toolbox_node-1] [INFO] [1787309506.435066727] [slam_toolbox]: Metric Scores: Initial: 0.809500, IOU: 0.697346, Area: 0.821987, Num Con: 2, Reading: 0.180556, outcome score: 0.797667.
[lifelong_slam_toolbox_node-1] [INFO] [1787309506.435076127] [slam_toolbox]: Metric Scores: Initial: 0.871000, IOU: 0.755105, Area: 0.860750, Num Con: 2, Reading: 0.222222, outcome score: 0.856667.
[lifelong_slam_toolbox_node-1] [INFO] [1787309506.435089427] [slam_toolbox]: Metric Scores: Initial: 0.882667, IOU: 0.774851, Area: 0.873428, Num Con: 2, Reading: 0.227778, outcome score: 0.868000.
[lifelong_slam_toolbox_node-1] [INFO] [1787309506.435102127] [slam_toolbox]: Metric Scores: Initial: 0.992699, IOU: 0.798371, Area: 0.888162, Num Con: 3, Reading: 0.233333, outcome score: 0.991597.
[lifelong_slam_toolbox_node-1] [INFO] [1787309506.435111427] [slam_toolbox]: Metric Scores: Initial: 1.000000, IOU: 0.884021, Area: 0.938476, Num Con: 2, Reading: 0.683333, outcome score: -1.000000.
[lifelong_slam_toolbox_node-1] [INFO] [1787309506.435166528] [slam_toolbox]: Metric Scores: Initial: 0.993575, IOU: 0.822515, Area: 0.902888, Num Con: 3, Reading: 0.455556, outcome score: 0.992399.
[lifelong_slam_toolbox_node-1] [INFO] [1787309506.435211828] [slam_toolbox]: Metric Scores: Initial: 0.965990, IOU: 0.853383, Area: 0.919202, Num Con: 2, Reading: 0.480556, outcome score: -1.000000.
[lifelong_slam_toolbox_node-1] [INFO] [1787309507.233880953] [slam_toolbox]: Metric Scores: Initial: 0.963000, IOU: 0.763338, Area: 0.866117, Num Con: 2, Reading: 0.188889, outcome score: 0.950667.
[lifelong_slam_toolbox_node-1] [INFO] [1787309507.233937653] [slam_toolbox]: Metric Scores: Initial: 0.986007, IOU: 0.721186, Area: 0.838320, Num Con: 3, Reading: 0.202778, outcome score: 0.984837.
[lifelong_slam_toolbox_node-1] [INFO] [1787309507.233952253] [slam_toolbox]: Metric Scores: Initial: 0.825000, IOU: 0.712884, Area: 0.832682, Num Con: 2, Reading: 0.191667, outcome score: 0.812500.
[lifelong_slam_toolbox_node-1] [INFO] [1787309507.233961653] [slam_toolbox]: Metric Scores: Initial: 0.838000, IOU: 0.732071, Area: 0.845612, Num Con: 2, Reading: 0.208333, outcome score: 0.824500.
[lifelong_slam_toolbox_node-1] [INFO] [1787309507.233975753] [slam_toolbox]: Metric Scores: Initial: 0.817500, IOU: 0.707159, Area: 0.828767, Num Con: 2, Reading: 0.186111, outcome score: 0.805333.
[lifelong_slam_toolbox_node-1] [INFO] [1787309507.233984753] [slam_toolbox]: Metric Scores: Initial: 0.988256, IOU: 0.745032, Area: 0.854187, Num Con: 3, Reading: 0.216667, outcome score: 0.987104.
[lifelong_slam_toolbox_node-1] [INFO] [1787309507.233995853] [slam_toolbox]: Metric Scores: Initial: 0.797667, IOU: 0.704381, Area: 0.826856, Num Con: 2, Reading: 0.180556, outcome score: 0.785833.
[lifelong_slam_toolbox_node-1] [INFO] [1787309507.234004653] [slam_toolbox]: Metric Scores: Initial: 0.856667, IOU: 0.762722, Area: 0.865680, Num Con: 2, Reading: 0.222222, outcome score: 0.842333.
[lifelong_slam_toolbox_node-1] [INFO] [1787309507.234016653] [slam_toolbox]: Metric Scores: Initial: 0.868000, IOU: 0.782684, Area: 0.878385, Num Con: 2, Reading: 0.227778, outcome score: 0.853333.
[lifelong_slam_toolbox_node-1] [INFO] [1787309507.234026553] [slam_toolbox]: Metric Scores: Initial: 0.991597, IOU: 0.806467, Area: 0.893152, Num Con: 3, Reading: 0.233333, outcome score: 0.990479.
[lifelong_slam_toolbox_node-1] [INFO] [1787309507.234037053] [slam_toolbox]: Metric Scores: Initial: 0.992399, IOU: 0.830876, Area: 0.907904, Num Con: 2, Reading: 0.455556, outcome score: 0.964066.
[lifelong_slam_toolbox_node-1] [INFO] [1787309508.034329787] [slam_toolbox]: Metric Scores: Initial: 0.950667, IOU: 0.774542, Area: 0.873272, Num Con: 2, Reading: 0.188889, outcome score: 0.938333.
[lifelong_slam_toolbox_node-1] [INFO] [1787309508.034385587] [slam_toolbox]: Metric Scores: Initial: 0.984837, IOU: 0.731550, Area: 0.845269, Num Con: 3, Reading: 0.202778, outcome score: 0.983653.
[lifelong_slam_toolbox_node-1] [INFO] [1787309508.034400287] [slam_toolbox]: Metric Scores: Initial: 0.812500, IOU: 0.723131, Area: 0.839619, Num Con: 2, Reading: 0.191667, outcome score: 0.800000.
[lifelong_slam_toolbox_node-1] [INFO] [1787309508.034410287] [slam_toolbox]: Metric Scores: Initial: 0.824500, IOU: 0.742606, Area: 0.852587, Num Con: 2, Reading: 0.208333, outcome score: 0.811000.
[lifelong_slam_toolbox_node-1] [INFO] [1787309508.034425187] [slam_toolbox]: Metric Scores: Initial: 0.805333, IOU: 0.717322, Area: 0.835694, Num Con: 2, Reading: 0.186111, outcome score: 0.793167.
[lifelong_slam_toolbox_node-1] [INFO] [1787309508.034434687] [slam_toolbox]: Metric Scores: Initial: 0.987104, IOU: 0.755771, Area: 0.861190, Num Con: 3, Reading: 0.216667, outcome score: 0.985936.
[lifelong_slam_toolbox_node-1] [INFO] [1787309508.034446387] [slam_toolbox]: Metric Scores: Initial: 0.785833, IOU: 0.714510, Area: 0.833782, Num Con: 2, Reading: 0.180556, outcome score: 0.774000.
[lifelong_slam_toolbox_node-1] [INFO] [1787309508.034456487] [slam_toolbox]: Metric Scores: Initial: 0.842333, IOU: 0.773741, Area: 0.872722, Num Con: 2, Reading: 0.222222, outcome score: 0.828000.
[lifelong_slam_toolbox_node-1] [INFO] [1787309508.034466288] [slam_toolbox]: Metric Scores: Initial: 1.000000, IOU: 0.883330, Area: 0.938061, Num Con: 2, Reading: 0.686111, outcome score: -1.000000.
[lifelong_slam_toolbox_node-1] [INFO] [1787309508.034477488] [slam_toolbox]: Metric Scores: Initial: 0.853333, IOU: 0.794026, Area: 0.885471, Num Con: 2, Reading: 0.227778, outcome score: 0.838667.
[lifelong_slam_toolbox_node-1] [INFO] [1787309508.034486688] [slam_toolbox]: Metric Scores: Initial: 0.990479, IOU: 0.818199, Area: 0.900289, Num Con: 3, Reading: 0.233333, outcome score: 0.989346.
[lifelong_slam_toolbox_node-1] [INFO] [1787309508.034495588] [slam_toolbox]: Metric Scores: Initial: 0.964066, IOU: 0.843008, Area: 0.915088, Num Con: 2, Reading: 0.455556, outcome score: 0.935732.
[lifelong_slam_toolbox_node-1] [INFO] [1787309508.834030817] [slam_toolbox]: Metric Scores: Initial: 0.938333, IOU: 0.785990, Area: 0.880504, Num Con: 2, Reading: 0.188889, outcome score: 0.926000.
[lifelong_slam_toolbox_node-1] [INFO] [1787309508.834087317] [slam_toolbox]: Metric Scores: Initial: 0.983653, IOU: 0.742121, Area: 0.852285, Num Con: 3, Reading: 0.202778, outcome score: 0.982454.
[lifelong_slam_toolbox_node-1] [INFO] [1787309508.834101517] [slam_toolbox]: Metric Scores: Initial: 0.800000, IOU: 0.733582, Area: 0.846624, Num Con: 2, Reading: 0.191667, outcome score: 0.787500.
[lifelong_slam_toolbox_node-1] [INFO] [1787309508.834111617] [slam_toolbox]: Metric Scores: Initial: 0.811000, IOU: 0.753352, Area: 0.859628, Num Con: 2, Reading: 0.208333, outcome score: 0.797500.
[lifelong_slam_toolbox_node-1] [INFO] [1787309508.834126818] [slam_toolbox]: Metric Scores: Initial: 0.793167, IOU: 0.727688, Area: 0.842689, Num Con: 2, Reading: 0.186111, outcome score: 0.781000.
[lifelong_slam_toolbox_node-1] [INFO] [1787309508.834137418] [slam_toolbox]: Metric Scores: Initial: 0.985936, IOU: 0.766724, Area: 0.868260, Num Con: 3, Reading: 0.216667, outcome score: 0.984753.
[lifelong_slam_toolbox_node-1] [INFO] [1787309508.834146018] [slam_toolbox]: Metric Scores: Initial: 0.774000, IOU: 0.724843, Area: 0.840777, Num Con: 2, Reading: 0.180556, outcome score: 0.762167.
[lifelong_slam_toolbox_node-1] [INFO] [1787309508.834155818] [slam_toolbox]: Metric Scores: Initial: 0.828000, IOU: 0.784980, Area: 0.879829, Num Con: 2, Reading: 0.222222, outcome score: 0.813667.
[lifelong_slam_toolbox_node-1] [INFO] [1787309508.834163918] [slam_toolbox]: Metric Scores: Initial: 0.838667, IOU: 0.805596, Area: 0.892622, Num Con: 2, Reading: 0.227778, outcome score: 0.824000.
[lifelong_slam_toolbox_node-1] [INFO] [1787309508.834172218] [slam_toolbox]: Metric Scores: Initial: 0.989346, IOU: 0.830169, Area: 0.907490, Num Con: 3, Reading: 0.233333, outcome score: 0.988197.
[lifelong_slam_toolbox_node-1] [INFO] [1787309508.834180818] [slam_toolbox]: Metric Scores: Initial: 0.935732, IOU: 0.855387, Area: 0.922335, Num Con: 2, Reading: 0.455556, outcome score: -1.000000.
[lifelong_slam_toolbox_node-1] [INFO] [1787309509.634702852] [slam_toolbox]: Metric Scores: Initial: 0.926000, IOU: 0.799389, Area: 0.888838, Num Con: 2, Reading: 0.188889, outcome score: 0.913667.
[lifelong_slam_toolbox_node-1] [INFO] [1787309509.634768753] [slam_toolbox]: Metric Scores: Initial: 0.982454, IOU: 0.754562, Area: 0.860421, Num Con: 3, Reading: 0.202778, outcome score: 0.981240.
[lifelong_slam_toolbox_node-1] [INFO] [1787309509.634786653] [slam_toolbox]: Metric Scores: Initial: 0.787500, IOU: 0.745871, Area: 0.854740, Num Con: 2, Reading: 0.191667, outcome score: 0.775000.
[lifelong_slam_toolbox_node-1] [INFO] [1787309509.634799353] [slam_toolbox]: Metric Scores: Initial: 0.797500, IOU: 0.766004, Area: 0.867796, Num Con: 2, Reading: 0.208333, outcome score: 0.784000.
[lifelong_slam_toolbox_node-1] [INFO] [1787309509.634812653] [slam_toolbox]: Metric Scores: Initial: 1.000000, IOU: 0.889198, Area: 0.941356, Num Con: 3, Reading: 0.683333, outcome score: 0.999000.
[lifelong_slam_toolbox_node-1] [INFO] [1787309509.634825353] [slam_toolbox]: Metric Scores: Initial: 0.781000, IOU: 0.739872, Area: 0.850792, Num Con: 2, Reading: 0.186111, outcome score: 0.768833.
[lifelong_slam_toolbox_node-1] [INFO] [1787309509.634837553] [slam_toolbox]: Metric Scores: Initial: 0.984753, IOU: 0.779628, Area: 0.876464, Num Con: 3, Reading: 0.216667, outcome score: 0.983555.
[lifelong_slam_toolbox_node-1] [INFO] [1787309509.634852253] [slam_toolbox]: Metric Scores: Initial: 0.762167, IOU: 0.736980, Area: 0.848875, Num Con: 2, Reading: 0.180556, outcome score: 0.750333.
[lifelong_slam_toolbox_node-1] [INFO] [1787309509.634866153] [slam_toolbox]: Metric Scores: Initial: 0.813667, IOU: 0.798233, Area: 0.888081, Num Con: 2, Reading: 0.222222, outcome score: 0.799333.
[lifelong_slam_toolbox_node-1] [INFO] [1787309509.634879353] [slam_toolbox]: Metric Scores: Initial: 0.824000, IOU: 0.819248, Area: 0.900929, Num Con: 2, Reading: 0.227778, outcome score: 0.809333.
[lifelong_slam_toolbox_node-1] [INFO] [1787309509.634892153] [slam_toolbox]: Metric Scores: Initial: 0.988197, IOU: 0.844304, Area: 0.915861, Num Con: 2, Reading: 0.233333, outcome score: 0.973197.
[lifelong_slam_toolbox_node-1] [INFO] [1787309510.434653984] [slam_toolbox]: Metric Scores: Initial: 0.913667, IOU: 0.816420, Area: 0.899253, Num Con: 2, Reading: 0.188889, outcome score: 0.901333.
[lifelong_slam_toolbox_node-1] [INFO] [1787309510.434720184] [slam_toolbox]: Metric Scores: Initial: 0.981240, IOU: 0.770436, Area: 0.870634, Num Con: 3, Reading: 0.202778, outcome score: 0.980012.
[lifelong_slam_toolbox_node-1] [INFO] [1787309510.434734384] [slam_toolbox]: Metric Scores: Initial: 1.000000, IOU: 0.899695, Area: 0.947192, Num Con: 2, Reading: 0.688889, outcome score: -1.000000.
[lifelong_slam_toolbox_node-1] [INFO] [1787309510.434748684] [slam_toolbox]: Metric Scores: Initial: 0.775000, IOU: 0.761541, Area: 0.864924, Num Con: 2, Reading: 0.191667, outcome score: 0.762500.
[lifelong_slam_toolbox_node-1] [INFO] [1787309510.434760584] [slam_toolbox]: Metric Scores: Initial: 0.784000, IOU: 0.782153, Area: 0.878051, Num Con: 2, Reading: 0.208333, outcome score: 0.770500.
[lifelong_slam_toolbox_node-1] [INFO] [1787309510.434774485] [slam_toolbox]: Metric Scores: Initial: 0.999000, IOU: 0.885717, Area: 0.939391, Num Con: 3, Reading: 0.683333, outcome score: 0.997959.
[lifelong_slam_toolbox_node-1] [INFO] [1787309510.434787085] [slam_toolbox]: Metric Scores: Initial: 0.768833, IOU: 0.755401, Area: 0.860954, Num Con: 2, Reading: 0.186111, outcome score: 0.756667.
[lifelong_slam_toolbox_node-1] [INFO] [1787309510.434799885] [slam_toolbox]: Metric Scores: Initial: 0.983555, IOU: 0.796107, Area: 0.886768, Num Con: 3, Reading: 0.216667, outcome score: 0.982341.
[lifelong_slam_toolbox_node-1] [INFO] [1787309510.434812385] [slam_toolbox]: Metric Scores: Initial: 0.750333, IOU: 0.752444, Area: 0.859029, Num Con: 2, Reading: 0.180556, outcome score: 0.738500.
[lifelong_slam_toolbox_node-1] [INFO] [1787309510.434825685] [slam_toolbox]: Metric Scores: Initial: 0.799333, IOU: 0.815167, Area: 0.898450, Num Con: 2, Reading: 0.222222, outcome score: 0.785000.
[lifelong_slam_toolbox_node-1] [INFO] [1787309510.434840285] [slam_toolbox]: Metric Scores: Initial: 0.809333, IOU: 0.836703, Area: 0.911370, Num Con: 2, Reading: 0.227778, outcome score: 0.794667.
[lifelong_slam_toolbox_node-1] [INFO] [1787309510.434855485] [slam_toolbox]: Metric Scores: Initial: 0.973197, IOU: 0.862392, Area: 0.926385, Num Con: 2, Reading: 0.233333, outcome score: -1.000000.
[lifelong_slam_toolbox_node-1] [INFO] [1787309511.234117013] [slam_toolbox]: Metric Scores: Initial: 0.901333, IOU: 0.835189, Area: 0.910512, Num Con: 2, Reading: 0.188889, outcome score: 0.889000.
[lifelong_slam_toolbox_node-1] [INFO] [1787309511.234169313] [slam_toolbox]: Metric Scores: Initial: 0.980012, IOU: 0.787873, Area: 0.881650, Num Con: 3, Reading: 0.202778, outcome score: 0.978769.
[lifelong_slam_toolbox_node-1] [INFO] [1787309511.234180813] [slam_toolbox]: Metric Scores: Initial: 0.762500, IOU: 0.778757, Area: 0.875911, Num Con: 2, Reading: 0.191667, outcome score: 0.750000.
[lifelong_slam_toolbox_node-1] [INFO] [1787309511.234203013] [slam_toolbox]: Metric Scores: Initial: 0.770500, IOU: 0.799894, Area: 0.889110, Num Con: 2, Reading: 0.208333, outcome score: 0.757000.
[lifelong_slam_toolbox_node-1] [INFO] [1787309511.234218613] [slam_toolbox]: Metric Scores: Initial: 0.756667, IOU: 0.772464, Area: 0.871921, Num Con: 2, Reading: 0.186111, outcome score: 0.744500.
[lifelong_slam_toolbox_node-1] [INFO] [1787309511.234228813] [slam_toolbox]: Metric Scores: Initial: 0.982341, IOU: 0.814211, Area: 0.897878, Num Con: 3, Reading: 0.216667, outcome score: 0.981112.
[lifelong_slam_toolbox_node-1] [INFO] [1787309511.234238913] [slam_toolbox]: Metric Scores: Initial: 0.738500, IOU: 0.769438, Area: 0.869988, Num Con: 2, Reading: 0.180556, outcome score: 0.726667.
[lifelong_slam_toolbox_node-1] [INFO] [1787309511.234249113] [slam_toolbox]: Metric Scores: Initial: 0.785000, IOU: 0.833772, Area: 0.909627, Num Con: 2, Reading: 0.222222, outcome score: 0.770667.
[lifelong_slam_toolbox_node-1] [INFO] [1787309512.041183383] [slam_toolbox]: Metric Scores: Initial: 1.000000, IOU: 0.861719, Area: 0.925701, Num Con: 3, Reading: 0.422222, outcome score: 0.999000.
[lifelong_slam_toolbox_node-1] [INFO] [1787309512.041255383] [slam_toolbox]: Metric Scores: Initial: 0.889000, IOU: 0.856439, Area: 0.922991, Num Con: 2, Reading: 0.427778, outcome score: -1.000000.
[lifelong_slam_toolbox_node-1] [INFO] [1787309512.041267883] [slam_toolbox]: Metric Scores: Initial: 0.978769, IOU: 0.807662, Area: 0.893901, Num Con: 3, Reading: 0.433333, outcome score: 0.977217.
[lifelong_slam_toolbox_node-1] [INFO] [1787309512.041278183] [slam_toolbox]: Metric Scores: Initial: 0.750000, IOU: 0.798285, Area: 0.888125, Num Con: 2, Reading: 0.430556, outcome score: 0.723167.
[lifelong_slam_toolbox_node-1] [INFO] [1787309512.041288483] [slam_toolbox]: Metric Scores: Initial: 0.757000, IOU: 0.820034, Area: 0.901411, Num Con: 2, Reading: 0.436111, outcome score: 0.729833.
[lifelong_slam_toolbox_node-1] [INFO] [1787309512.041349884] [slam_toolbox]: Metric Scores: Initial: 0.744500, IOU: 0.791812, Area: 0.884109, Num Con: 2, Reading: 0.427778, outcome score: 0.717833.
[lifelong_slam_toolbox_node-1] [INFO] [1787309512.041360484] [slam_toolbox]: Metric Scores: Initial: 0.981112, IOU: 0.834774, Area: 0.910236, Num Con: 3, Reading: 0.436111, outcome score: 0.979617.
[lifelong_slam_toolbox_node-1] [INFO] [1787309512.041370684] [slam_toolbox]: Metric Scores: Initial: 0.726667, IOU: 0.788701, Area: 0.882165, Num Con: 2, Reading: 0.427778, outcome score: 0.700000.
[lifelong_slam_toolbox_node-1] [INFO] [1787309512.041380784] [slam_toolbox]: Metric Scores: Initial: 0.770667, IOU: 0.854917, Area: 0.922063, Num Con: 2, Reading: 0.436111, outcome score: -1.000000.
[lifelong_slam_toolbox_node-1] W20260821 10:51:52.857100 647905 preprocessor.cc:67] Specified options.num_threads: 50 exceeds maximum available from the threading model Ceres was compiled with: 8.  Bounding to maximum number available.
[lifelong_slam_toolbox_node-1] [INFO] [1787309512.858093606] [slam_toolbox]: Metric Scores: Initial: 1.000000, IOU: 0.848334, Area: 0.916331, Num Con: 2, Reading: 0.436111, outcome score: 0.972833.
[lifelong_slam_toolbox_node-1] [INFO] [1787309512.858144106] [slam_toolbox]: Metric Scores: Initial: 0.979617, IOU: 0.857415, Area: 0.921633, Num Con: 2, Reading: 0.438889, outcome score: -1.000000.
[lifelong_slam_toolbox_node-1] [INFO] [1787309512.858154706] [slam_toolbox]: Metric Scores: Initial: 0.729833, IOU: 0.842236, Area: 0.912765, Num Con: 2, Reading: 0.436111, outcome score: 0.702667.
[lifelong_slam_toolbox_node-1] [INFO] [1787309512.858166406] [slam_toolbox]: Metric Scores: Initial: 0.977217, IOU: 0.829496, Area: 0.905238, Num Con: 2, Reading: 0.436111, outcome score: 0.950050.
[lifelong_slam_toolbox_node-1] [INFO] [1787309512.858174606] [slam_toolbox]: Metric Scores: Initial: 0.723167, IOU: 0.819859, Area: 0.899415, Num Con: 2, Reading: 0.430556, outcome score: 0.696333.
[lifelong_slam_toolbox_node-1] [INFO] [1787309512.858198907] [slam_toolbox]: Metric Scores: Initial: 0.717833, IOU: 0.813204, Area: 0.895371, Num Con: 2, Reading: 0.430556, outcome score: 0.691000.
[lifelong_slam_toolbox_node-1] [INFO] [1787309512.858209707] [slam_toolbox]: Metric Scores: Initial: 0.700000, IOU: 0.810013, Area: 0.893460, Num Con: 2, Reading: 0.430556, outcome score: 0.673167.
[lifelong_slam_toolbox_node-1] [INFO] [1787309512.858224207] [slam_toolbox]: Metric Scores: Initial: 1.000000, IOU: 0.843065, Area: 0.914877, Num Con: 2, Reading: 0.427778, outcome score: 0.973333.
[lifelong_slam_toolbox_node-1] [INFO] [1787309512.858233207] [slam_toolbox]: Metric Scores: Initial: 0.999000, IOU: 0.839174, Area: 0.912578, Num Con: 3, Reading: 0.422222, outcome score: 0.997975.
[lifelong_slam_toolbox_node-1] [INFO] [1787309513.634961712] [slam_toolbox]: Metric Scores: Initial: 1.000000, IOU: 0.826341, Area: 0.904927, Num Con: 2, Reading: 0.430556, outcome score: 0.973167.
[lifelong_slam_toolbox_node-1] [INFO] [1787309513.635016513] [slam_toolbox]: Metric Scores: Initial: 0.973333, IOU: 0.820970, Area: 0.901702, Num Con: 2, Reading: 0.425000, outcome score: 0.946833.
[lifelong_slam_toolbox_node-1] [INFO] [1787309513.635028813] [slam_toolbox]: Metric Scores: Initial: 0.997975, IOU: 0.817185, Area: 0.899410, Num Con: 3, Reading: 0.419444, outcome score: 0.996924.
[lifelong_slam_toolbox_node-1] [INFO] [1787309514.435556547] [slam_toolbox]: Metric Scores: Initial: 0.949333, IOU: 0.973992, Area: 0.986936, Num Con: 2, Reading: 0.608333, outcome score: -1.000000.
[lifelong_slam_toolbox_node-1] [INFO] [1787309514.435635448] [slam_toolbox]: Metric Scores: Initial: 1.000000, IOU: 0.811911, Area: 0.896206, Num Con: 2, Reading: 0.433333, outcome score: 0.973000.
[lifelong_slam_toolbox_node-1] [INFO] [1787309514.435646348] [slam_toolbox]: Metric Scores: Initial: 0.973167, IOU: 0.804929, Area: 0.891937, Num Con: 2, Reading: 0.427778, outcome score: 0.946500.
[lifelong_slam_toolbox_node-1] [INFO] [1787309514.435655748] [slam_toolbox]: Metric Scores: Initial: 0.946833, IOU: 0.799704, Area: 0.888724, Num Con: 2, Reading: 0.425000, outcome score: 0.920333.
[lifelong_slam_toolbox_node-1] [INFO] [1787309514.435665448] [slam_toolbox]: Metric Scores: Initial: 0.996924, IOU: 0.796017, Area: 0.886440, Num Con: 3, Reading: 0.419444, outcome score: 0.995846.
[lifelong_slam_toolbox_node-1] 
[lifelong_slam_toolbox_node-1] Solver Summary (v 2.2.0-eigen-(3.4.0)-lapack-suitesparse-(7.6.1)-eigensparse)
[lifelong_slam_toolbox_node-1] 
[lifelong_slam_toolbox_node-1]                                      Original                  Reduced
[lifelong_slam_toolbox_node-1] Parameter blocks                          105                       78
[lifelong_slam_toolbox_node-1] Parameters                                105                       78
[lifelong_slam_toolbox_node-1] Residual blocks                            24                       24
[lifelong_slam_toolbox_node-1] Residuals                                  72                       72
[lifelong_slam_toolbox_node-1] 
[lifelong_slam_toolbox_node-1] Minimizer                        TRUST_REGION
[lifelong_slam_toolbox_node-1] Trust region strategy     LEVENBERG_MARQUARDT
[lifelong_slam_toolbox_node-1] Sparse linear algebra library    SUITE_SPARSE 
[lifelong_slam_toolbox_node-1] 
[lifelong_slam_toolbox_node-1]                                         Given                     Used
[lifelong_slam_toolbox_node-1] Linear solver          SPARSE_NORMAL_CHOLESKY   SPARSE_NORMAL_CHOLESKY
[lifelong_slam_toolbox_node-1] Threads                                    50                        8
[lifelong_slam_toolbox_node-1] Linear solver ordering              AUTOMATIC                       78
[lifelong_slam_toolbox_node-1] 
[lifelong_slam_toolbox_node-1] Cost:
[lifelong_slam_toolbox_node-1] Initial                          1.057073e-01
[lifelong_slam_toolbox_node-1] Final                            7.879383e-07
[lifelong_slam_toolbox_node-1] Change                           1.057065e-01
[lifelong_slam_toolbox_node-1] 
[lifelong_slam_toolbox_node-1] Minimizer iterations                        2
[lifelong_slam_toolbox_node-1] Successful steps                            2
[lifelong_slam_toolbox_node-1] Unsuccessful steps                          0
[lifelong_slam_toolbox_node-1] 
[lifelong_slam_toolbox_node-1] Time (in seconds):
[lifelong_slam_toolbox_node-1] Preprocessor                         0.000196
[lifelong_slam_toolbox_node-1] 
[lifelong_slam_toolbox_node-1]   Residual only evaluation           0.000024 (2)
[lifelong_slam_toolbox_node-1]   Jacobian & residual evaluation     0.000114 (2)
[lifelong_slam_toolbox_node-1]   Linear solver                      0.000169 (2)
[lifelong_slam_toolbox_node-1] Minimizer                            0.000405
[lifelong_slam_toolbox_node-1] 
[lifelong_slam_toolbox_node-1] Postprocessor                        0.000009
[lifelong_slam_toolbox_node-1] Total                                0.000610
[lifelong_slam_toolbox_node-1] 
[lifelong_slam_toolbox_node-1] Termination:                      CONVERGENCE (Parameter tolerance reached. Relative step_norm: 9.642282e-06 <= 1.000000e-03.)
[lifelong_slam_toolbox_node-1] 
[lifelong_slam_toolbox_node-1] [INFO] [1787309515.235363078] [slam_toolbox]: Metric Scores: Initial: 1.000000, IOU: 0.998833, Area: 0.998833, Num Con: 2, Reading: 0.605556, outcome score: -1.000000.
[lifelong_slam_toolbox_node-1] [INFO] [1787309515.235415678] [slam_toolbox]: Metric Scores: Initial: 0.995846, IOU: 0.775593, Area: 0.873639, Num Con: 3, Reading: 0.416667, outcome score: 0.994742.
[lifelong_slam_toolbox_node-1] [INFO] [1787309515.235429878] [slam_toolbox]: Metric Scores: Initial: 0.920333, IOU: 0.779165, Area: 0.875903, Num Con: 2, Reading: 0.422222, outcome score: 0.894000.
[lifelong_slam_toolbox_node-1] [INFO] [1787309515.235443178] [slam_toolbox]: Metric Scores: Initial: 0.946500, IOU: 0.784230, Area: 0.879089, Num Con: 2, Reading: 0.427778, outcome score: 0.919833.
[lifelong_slam_toolbox_node-1] [INFO] [1787309515.235454178] [slam_toolbox]: Metric Scores: Initial: 0.973000, IOU: 0.790997, Area: 0.883324, Num Con: 2, Reading: 0.433333, outcome score: 0.946000.
[lifelong_slam_toolbox_node-1] [INFO] [1787309515.235466278] [slam_toolbox]: Metric Scores: Initial: 1.000000, IOU: 0.799231, Area: 0.888437, Num Con: 2, Reading: 0.436111, outcome score: 0.972833.
[lifelong_slam_toolbox_node-1] [INFO] [1787309516.035677211] [slam_toolbox]: Metric Scores: Initial: 1.000000, IOU: 0.791824, Area: 0.883828, Num Con: 2, Reading: 0.433333, outcome score: 0.973000.
[lifelong_slam_toolbox_node-1] [INFO] [1787309516.035731811] [slam_toolbox]: Metric Scores: Initial: 0.972833, IOU: 0.780331, Area: 0.876629, Num Con: 2, Reading: 0.436111, outcome score: 0.945667.
[lifelong_slam_toolbox_node-1] [INFO] [1787309516.035743311] [slam_toolbox]: Metric Scores: Initial: 0.946000, IOU: 0.772311, Area: 0.871543, Num Con: 2, Reading: 0.430556, outcome score: 0.919167.
[lifelong_slam_toolbox_node-1] [INFO] [1787309516.035753311] [slam_toolbox]: Metric Scores: Initial: 0.919833, IOU: 0.765714, Area: 0.867329, Num Con: 2, Reading: 0.425000, outcome score: 0.893333.
[lifelong_slam_toolbox_node-1] [INFO] [1787309516.035762811] [slam_toolbox]: Metric Scores: Initial: 0.894000, IOU: 0.760772, Area: 0.864154, Num Con: 2, Reading: 0.422222, outcome score: 0.867667.
[lifelong_slam_toolbox_node-1] [INFO] [1787309516.035772112] [slam_toolbox]: Metric Scores: Initial: 0.994742, IOU: 0.757284, Area: 0.861896, Num Con: 2, Reading: 0.416667, outcome score: 0.968742.
[lifelong_slam_toolbox_node-1] W20260821 10:51:56.857779 647905 preprocessor.cc:67] Specified options.num_threads: 50 exceeds maximum available from the threading model Ceres was compiled with: 8.  Bounding to maximum number available.
[lifelong_slam_toolbox_node-1] [INFO] [1787309516.858841468] [slam_toolbox]: Metric Scores: Initial: 1.000000, IOU: 0.786201, Area: 0.880317, Num Con: 2, Reading: 0.188889, outcome score: 0.987667.
[lifelong_slam_toolbox_node-1] [INFO] [1787309516.858885268] [slam_toolbox]: Metric Scores: Initial: 0.973000, IOU: 0.774743, Area: 0.873081, Num Con: 2, Reading: 0.180556, outcome score: 0.961167.
[lifelong_slam_toolbox_node-1] [INFO] [1787309516.858895468] [slam_toolbox]: Metric Scores: Initial: 0.945667, IOU: 0.763527, Area: 0.865920, Num Con: 2, Reading: 0.180556, outcome score: 0.933833.
[lifelong_slam_toolbox_node-1] [INFO] [1787309516.858904368] [slam_toolbox]: Metric Scores: Initial: 0.919167, IOU: 0.755696, Area: 0.860859, Num Con: 2, Reading: 0.175000, outcome score: 0.907667.
[lifelong_slam_toolbox_node-1] [INFO] [1787309516.858912068] [slam_toolbox]: Metric Scores: Initial: 0.893333, IOU: 0.749251, Area: 0.856662, Num Con: 2, Reading: 0.169444, outcome score: 0.882167.
[lifelong_slam_toolbox_node-1] [INFO] [1787309516.858920468] [slam_toolbox]: Metric Scores: Initial: 0.867667, IOU: 0.744418, Area: 0.853498, Num Con: 2, Reading: 0.166667, outcome score: 0.856667.
[lifelong_slam_toolbox_node-1] [INFO] [1787309516.858929168] [slam_toolbox]: Metric Scores: Initial: 0.968742, IOU: 0.741005, Area: 0.851247, Num Con: 2, Reading: 0.163889, outcome score: 0.957909.
[lifelong_slam_toolbox_node-1] [INFO] [1787309517.639706296] [slam_toolbox]: Metric Scores: Initial: 0.972833, IOU: 0.982963, Area: 0.989589, Num Con: 2, Reading: 0.633333, outcome score: -1.000000.
[lifelong_slam_toolbox_node-1] [INFO] [1787309517.639798496] [slam_toolbox]: Metric Scores: Initial: 1.000000, IOU: 0.784226, Area: 0.879070, Num Con: 2, Reading: 0.200000, outcome score: 0.987000.
[lifelong_slam_toolbox_node-1] [INFO] [1787309517.639815096] [slam_toolbox]: Metric Scores: Initial: 0.987667, IOU: 0.771119, Area: 0.870775, Num Con: 2, Reading: 0.188889, outcome score: 0.975333.
[lifelong_slam_toolbox_node-1] [INFO] [1787309517.639831997] [slam_toolbox]: Metric Scores: Initial: 0.961167, IOU: 0.759920, Area: 0.863582, Num Con: 2, Reading: 0.180556, outcome score: 0.949333.
[lifelong_slam_toolbox_node-1] [INFO] [1787309517.639847197] [slam_toolbox]: Metric Scores: Initial: 0.933833, IOU: 0.748956, Area: 0.856464, Num Con: 2, Reading: 0.180556, outcome score: 0.922000.
[lifelong_slam_toolbox_node-1] [INFO] [1787309517.639861297] [slam_toolbox]: Metric Scores: Initial: 0.907667, IOU: 0.741302, Area: 0.851435, Num Con: 2, Reading: 0.175000, outcome score: 0.896167.
[lifelong_slam_toolbox_node-1] [INFO] [1787309517.639932297] [slam_toolbox]: Metric Scores: Initial: 0.882167, IOU: 0.735004, Area: 0.847266, Num Con: 2, Reading: 0.169444, outcome score: 0.871000.
[lifelong_slam_toolbox_node-1] [INFO] [1787309517.639949597] [slam_toolbox]: Metric Scores: Initial: 0.856667, IOU: 0.730282, Area: 0.844124, Num Con: 2, Reading: 0.166667, outcome score: 0.845667.
[lifelong_slam_toolbox_node-1] [INFO] [1787309517.639963597] [slam_toolbox]: Metric Scores: Initial: 0.957909, IOU: 0.726949, Area: 0.841890, Num Con: 2, Reading: 0.163889, outcome score: 0.947076.
[lifelong_slam_toolbox_node-1] [INFO] [1787309518.442130041] [slam_toolbox]: Metric Scores: Initial: 1.000000, IOU: 0.787586, Area: 0.881170, Num Con: 2, Reading: 0.200000, outcome score: 0.987000.
[lifelong_slam_toolbox_node-1] [INFO] [1787309518.442200541] [slam_toolbox]: Metric Scores: Initial: 0.987000, IOU: 0.771246, Area: 0.870856, Num Con: 2, Reading: 0.200000, outcome score: 0.974000.
[lifelong_slam_toolbox_node-1] [INFO] [1787309518.442220841] [slam_toolbox]: Metric Scores: Initial: 0.975333, IOU: 0.758385, Area: 0.862598, Num Con: 2, Reading: 0.188889, outcome score: 0.963000.
[lifelong_slam_toolbox_node-1] [INFO] [1787309518.442236641] [slam_toolbox]: Metric Scores: Initial: 0.949333, IOU: 0.747393, Area: 0.855436, Num Con: 2, Reading: 0.180556, outcome score: 0.937500.
[lifelong_slam_toolbox_node-1] [INFO] [1787309518.442252641] [slam_toolbox]: Metric Scores: Initial: 0.922000, IOU: 0.736629, Area: 0.848349, Num Con: 2, Reading: 0.180556, outcome score: 0.910167.
[lifelong_slam_toolbox_node-1] [INFO] [1787309518.442269741] [slam_toolbox]: Metric Scores: Initial: 0.896167, IOU: 0.729112, Area: 0.843339, Num Con: 2, Reading: 0.175000, outcome score: 0.884667.
[lifelong_slam_toolbox_node-1] [INFO] [1787309518.442286641] [slam_toolbox]: Metric Scores: Initial: 0.871000, IOU: 0.722924, Area: 0.839185, Num Con: 2, Reading: 0.169444, outcome score: 0.859833.
[lifelong_slam_toolbox_node-1] [INFO] [1787309518.442301941] [slam_toolbox]: Metric Scores: Initial: 0.845667, IOU: 0.718282, Area: 0.836053, Num Con: 2, Reading: 0.166667, outcome score: 0.834667.
[lifelong_slam_toolbox_node-1] [INFO] [1787309518.442317642] [slam_toolbox]: Metric Scores: Initial: 0.947076, IOU: 0.715004, Area: 0.833825, Num Con: 2, Reading: 0.163889, outcome score: 0.936242.
[lifelong_slam_toolbox_node-1] W20260821 10:51:59.258814 647905 preprocessor.cc:67] Specified options.num_threads: 50 exceeds maximum available from the threading model Ceres was compiled with: 8.  Bounding to maximum number available.
[lifelong_slam_toolbox_node-1] [INFO] [1787309519.259937968] [slam_toolbox]: Metric Scores: Initial: 1.000000, IOU: 0.988254, Area: 0.994127, Num Con: 2, Reading: 0.647222, outcome score: -1.000000.
[lifelong_slam_toolbox_node-1] [INFO] [1787309519.259999769] [slam_toolbox]: Metric Scores: Initial: 1.000000, IOU: 0.794167, Area: 0.885277, Num Con: 2, Reading: 0.205556, outcome score: 0.986667.
[lifelong_slam_toolbox_node-1] [INFO] [1787309519.260008469] [slam_toolbox]: Metric Scores: Initial: 0.987000, IOU: 0.776472, Area: 0.874176, Num Con: 2, Reading: 0.200000, outcome score: 0.974000.
[lifelong_slam_toolbox_node-1] [INFO] [1787309519.260016569] [slam_toolbox]: Metric Scores: Initial: 0.974000, IOU: 0.760402, Area: 0.863906, Num Con: 2, Reading: 0.200000, outcome score: 0.961000.
[lifelong_slam_toolbox_node-1] [INFO] [1787309519.260024469] [slam_toolbox]: Metric Scores: Initial: 0.963000, IOU: 0.747757, Area: 0.855687, Num Con: 2, Reading: 0.188889, outcome score: 0.950667.
[lifelong_slam_toolbox_node-1] [INFO] [1787309519.260032569] [slam_toolbox]: Metric Scores: Initial: 0.937500, IOU: 0.736952, Area: 0.848562, Num Con: 2, Reading: 0.180556, outcome score: 0.925667.
[lifelong_slam_toolbox_node-1] [INFO] [1787309519.260041869] [slam_toolbox]: Metric Scores: Initial: 0.910167, IOU: 0.726370, Area: 0.841510, Num Con: 2, Reading: 0.180556, outcome score: 0.898333.
[lifelong_slam_toolbox_node-1] [INFO] [1787309519.260051869] [slam_toolbox]: Metric Scores: Initial: 0.884667, IOU: 0.718984, Area: 0.836529, Num Con: 2, Reading: 0.175000, outcome score: 0.873167.
[lifelong_slam_toolbox_node-1] [INFO] [1787309519.260059169] [slam_toolbox]: Metric Scores: Initial: 0.859833, IOU: 0.712907, Area: 0.832402, Num Con: 2, Reading: 0.169444, outcome score: 0.848667.
[lifelong_slam_toolbox_node-1] [INFO] [1787309519.260066169] [slam_toolbox]: Metric Scores: Initial: 0.834667, IOU: 0.708354, Area: 0.829294, Num Con: 2, Reading: 0.166667, outcome score: 0.823667.
[lifelong_slam_toolbox_node-1] [INFO] [1787309519.260073669] [slam_toolbox]: Metric Scores: Initial: 0.936242, IOU: 0.705139, Area: 0.827084, Num Con: 2, Reading: 0.163889, outcome score: 0.925409.
[lifelong_slam_toolbox_node-1] [INFO] [1787309520.042695706] [slam_toolbox]: Metric Scores: Initial: 1.000000, IOU: 0.804701, Area: 0.891797, Num Con: 2, Reading: 0.383333, outcome score: 0.976000.
[lifelong_slam_toolbox_node-1] [INFO] [1787309520.042751707] [slam_toolbox]: Metric Scores: Initial: 0.986667, IOU: 0.784955, Area: 0.879530, Num Con: 2, Reading: 0.205556, outcome score: 0.973333.
[lifelong_slam_toolbox_node-1] [INFO] [1787309520.042805307] [slam_toolbox]: Metric Scores: Initial: 0.974000, IOU: 0.767507, Area: 0.868472, Num Con: 2, Reading: 0.200000, outcome score: 0.961000.
[lifelong_slam_toolbox_node-1] [INFO] [1787309520.042816907] [slam_toolbox]: Metric Scores: Initial: 0.961000, IOU: 0.751656, Area: 0.858240, Num Con: 2, Reading: 0.200000, outcome score: 0.948000.
[lifelong_slam_toolbox_node-1] [INFO] [1787309520.042826607] [slam_toolbox]: Metric Scores: Initial: 0.950667, IOU: 0.739186, Area: 0.850054, Num Con: 2, Reading: 0.188889, outcome score: 0.938333.
[lifelong_slam_toolbox_node-1] [INFO] [1787309520.042836807] [slam_toolbox]: Metric Scores: Initial: 0.925667, IOU: 0.728537, Area: 0.842962, Num Con: 2, Reading: 0.180556, outcome score: 0.913833.
[lifelong_slam_toolbox_node-1] [INFO] [1787309520.042847307] [slam_toolbox]: Metric Scores: Initial: 0.898333, IOU: 0.718104, Area: 0.835943, Num Con: 2, Reading: 0.180556, outcome score: 0.886500.
[lifelong_slam_toolbox_node-1] [INFO] [1787309520.042856607] [slam_toolbox]: Metric Scores: Initial: 0.873167, IOU: 0.710828, Area: 0.830988, Num Con: 2, Reading: 0.175000, outcome score: 0.861667.
[lifelong_slam_toolbox_node-1] [INFO] [1787309520.042865107] [slam_toolbox]: Metric Scores: Initial: 0.848667, IOU: 0.704847, Area: 0.826888, Num Con: 2, Reading: 0.169444, outcome score: 0.837500.
[lifelong_slam_toolbox_node-1] [INFO] [1787309520.042873407] [slam_toolbox]: Metric Scores: Initial: 0.823667, IOU: 0.700371, Area: 0.823804, Num Con: 2, Reading: 0.166667, outcome score: 0.812667.
[lifelong_slam_toolbox_node-1] [INFO] [1787309520.042883208] [slam_toolbox]: Metric Scores: Initial: 0.925409, IOU: 0.697214, Area: 0.821612, Num Con: 2, Reading: 0.163889, outcome score: 0.914576.
[lifelong_slam_toolbox_node-1] 
[lifelong_slam_toolbox_node-1] Solver Summary (v 2.2.0-eigen-(3.4.0)-lapack-suitesparse-(7.6.1)-eigensparse)
[lifelong_slam_toolbox_node-1] 
[lifelong_slam_toolbox_node-1]                                      Original                  Reduced
[lifelong_slam_toolbox_node-1] Parameter blocks                          111                       90
[lifelong_slam_toolbox_node-1] Parameters                                111                       90
[lifelong_slam_toolbox_node-1] Residual blocks                            27                       27
[lifelong_slam_toolbox_node-1] Residuals                                  81                       81
[lifelong_slam_toolbox_node-1] 
[lifelong_slam_toolbox_node-1] Minimizer                        TRUST_REGION
[lifelong_slam_toolbox_node-1] Trust region strategy     LEVENBERG_MARQUARDT
[lifelong_slam_toolbox_node-1] Sparse linear algebra library    SUITE_SPARSE 
[lifelong_slam_toolbox_node-1] 
[lifelong_slam_toolbox_node-1]                                         Given                     Used
[lifelong_slam_toolbox_node-1] Linear solver          SPARSE_NORMAL_CHOLESKY   SPARSE_NORMAL_CHOLESKY
[lifelong_slam_toolbox_node-1] Threads                                    50                        8
[lifelong_slam_toolbox_node-1] Linear solver ordering              AUTOMATIC                       90
[lifelong_slam_toolbox_node-1] 
[lifelong_slam_toolbox_node-1] Cost:
[lifelong_slam_toolbox_node-1] Initial                          8.916435e-02
[lifelong_slam_toolbox_node-1] Final                            1.020904e-07
[lifelong_slam_toolbox_node-1] Change                           8.916425e-02
[lifelong_slam_toolbox_node-1] 
[lifelong_slam_toolbox_node-1] Minimizer iterations                        2
[lifelong_slam_toolbox_node-1] Successful steps                            2
[lifelong_slam_toolbox_node-1] Unsuccessful steps                          0
[lifelong_slam_toolbox_node-1] 
[lifelong_slam_toolbox_node-1] Time (in seconds):
[lifelong_slam_toolbox_node-1] Preprocessor                         0.000188
[lifelong_slam_toolbox_node-1] 
[lifelong_slam_toolbox_node-1]   Residual only evaluation           0.000019 (2)
[lifelong_slam_toolbox_node-1]   Jacobian & residual evaluation     0.000146 (2)
[lifelong_slam_toolbox_node-1]   Linear solver                      0.000169 (2)
[lifelong_slam_toolbox_node-1] Minimizer                            0.000462
[lifelong_slam_toolbox_node-1] 
[lifelong_slam_toolbox_node-1] Postprocessor                        0.000006
[lifelong_slam_toolbox_node-1] Total                                0.000657
[lifelong_slam_toolbox_node-1] 
[lifelong_slam_toolbox_node-1] Termination:                      CONVERGENCE (Parameter tolerance reached. Relative step_norm: 3.062273e-06 <= 1.000000e-03.)
[lifelong_slam_toolbox_node-1] 
[lifelong_slam_toolbox_node-1] 
[lifelong_slam_toolbox_node-1] Solver Summary (v 2.2.0-eigen-(3.4.0)-lapack-suitesparse-(7.6.1)-eigensparse)
[lifelong_slam_toolbox_node-1] 
[lifelong_slam_toolbox_node-1]                                      Original                  Reduced
[lifelong_slam_toolbox_node-1] Parameter blocks                          117                       99
[lifelong_slam_toolbox_node-1] Parameters                                117                       99
[lifelong_slam_toolbox_node-1] Residual blocks                            31                       31
[lifelong_slam_toolbox_node-1] Residuals                                  93                       93
[lifelong_slam_toolbox_node-1] 
[lifelong_slam_toolbox_node-1] Minimizer                        TRUST_REGION
[lifelong_slam_toolbox_node-1] Trust region strategy     LEVENBERG_MARQUARDT
[lifelong_slam_toolbox_node-1] Sparse linear algebra library    SUITE_SPARSE 
[lifelong_slam_toolbox_node-1] 
[lifelong_slam_toolbox_node-1]                                         Given                     Used
[lifelong_slam_toolbox_node-1] Linear solver          SPARSE_NORMAL_CHOLESKY   SPARSE_NORMAL_CHOLESKY
[lifelong_slam_toolbox_node-1] Threads                                    50                        8
[lifelong_slam_toolbox_node-1] Linear solver ordering              AUTOMATIC                       99
[lifelong_slam_toolbox_node-1] 
[lifelong_slam_toolbox_node-1] Cost:
[lifelong_slam_toolbox_node-1] Initial                          1.387856e-01
[lifelong_slam_toolbox_node-1] Final                            3.047052e-07
[lifelong_slam_toolbox_node-1] Change                           1.387853e-01
[lifelong_slam_toolbox_node-1] 
[lifelong_slam_toolbox_node-1] Minimizer iterations                        2
[lifelong_slam_toolbox_node-1] Successful steps                            2
[lifelong_slam_toolbox_node-1] Unsuccessful steps                          0
[lifelong_slam_toolbox_node-1] 
[lifelong_slam_toolbox_node-1] Time (in seconds):
[lifelong_slam_toolbox_node-1] Preprocessor                         0.000207
[lifelong_slam_toolbox_node-1] 
[lifelong_slam_toolbox_node-1]   Residual only evaluation           0.000037 (2)
[lifelong_slam_toolbox_node-1]   Jacobian & residual evaluation     0.000135 (2)
[lifelong_slam_toolbox_node-1]   Linear solver                      0.000196 (2)
[lifelong_slam_toolbox_node-1] Minimizer                            0.000479
[lifelong_slam_toolbox_node-1] 
[lifelong_slam_toolbox_node-1] Postprocessor                        0.000008
[lifelong_slam_toolbox_node-1] Total                                0.000695
[lifelong_slam_toolbox_node-1] 
[lifelong_slam_toolbox_node-1] Termination:                      CONVERGENCE (Parameter tolerance reached. Relative step_norm: 2.461001e-06 <= 1.000000e-03.)
[lifelong_slam_toolbox_node-1] 
[lifelong_slam_toolbox_node-1] [INFO] [1787309520.835041696] [slam_toolbox]: Metric Scores: Initial: 1.000000, IOU: 0.818078, Area: 0.899940, Num Con: 2, Reading: 0.394444, outcome score: 0.975333.
[lifelong_slam_toolbox_node-1] [INFO] [1787309520.835093397] [slam_toolbox]: Metric Scores: Initial: 0.976000, IOU: 0.796997, Area: 0.887045, Num Con: 2, Reading: 0.383333, outcome score: 0.952000.
[lifelong_slam_toolbox_node-1] [INFO] [1787309520.835104697] [slam_toolbox]: Metric Scores: Initial: 0.973333, IOU: 0.777473, Area: 0.874812, Num Con: 2, Reading: 0.205556, outcome score: 0.960000.
[lifelong_slam_toolbox_node-1] [INFO] [1787309520.835115597] [slam_toolbox]: Metric Scores: Initial: 0.961000, IOU: 0.760221, Area: 0.863787, Num Con: 2, Reading: 0.200000, outcome score: 0.948000.
[lifelong_slam_toolbox_node-1] [INFO] [1787309520.835124897] [slam_toolbox]: Metric Scores: Initial: 0.948000, IOU: 0.744545, Area: 0.853584, Num Con: 2, Reading: 0.200000, outcome score: 0.935000.
[lifelong_slam_toolbox_node-1] [INFO] [1787309520.835133997] [slam_toolbox]: Metric Scores: Initial: 0.938333, IOU: 0.732213, Area: 0.845424, Num Con: 2, Reading: 0.188889, outcome score: 0.926000.
[lifelong_slam_toolbox_node-1] [INFO] [1787309520.835142297] [slam_toolbox]: Metric Scores: Initial: 0.913833, IOU: 0.721685, Area: 0.838356, Num Con: 2, Reading: 0.180556, outcome score: 0.902000.
[lifelong_slam_toolbox_node-1] [INFO] [1787309520.835151197] [slam_toolbox]: Metric Scores: Initial: 0.886500, IOU: 0.711369, Area: 0.831361, Num Con: 2, Reading: 0.180556, outcome score: 0.874667.
[lifelong_slam_toolbox_node-1] [INFO] [1787309520.835160897] [slam_toolbox]: Metric Scores: Initial: 0.861667, IOU: 0.704177, Area: 0.826425, Num Con: 2, Reading: 0.175000, outcome score: 0.850167.
[lifelong_slam_toolbox_node-1] [INFO] [1787309520.835170097] [slam_toolbox]: Metric Scores: Initial: 0.837500, IOU: 0.698267, Area: 0.822342, Num Con: 2, Reading: 0.169444, outcome score: 0.826333.
[lifelong_slam_toolbox_node-1] [INFO] [1787309520.835178597] [slam_toolbox]: Metric Scores: Initial: 0.812667, IOU: 0.693848, Area: 0.819273, Num Con: 2, Reading: 0.166667, outcome score: 0.801667.
[lifelong_slam_toolbox_node-1] [INFO] [1787309520.835197297] [slam_toolbox]: Metric Scores: Initial: 0.914576, IOU: 0.690732, Area: 0.817094, Num Con: 2, Reading: 0.163889, outcome score: 0.903742.
[lifelong_slam_toolbox_node-1] W20260821 10:52:01.657790 647905 preprocessor.cc:67] Specified options.num_threads: 50 exceeds maximum available from the threading model Ceres was compiled with: 8.  Bounding to maximum number available.
[lifelong_slam_toolbox_node-1] [INFO] [1787309521.658936457] [slam_toolbox]: Metric Scores: Initial: 1.000000, IOU: 0.998181, Area: 0.998444, Num Con: 2, Reading: 0.652778, outcome score: -1.000000.
[lifelong_slam_toolbox_node-1] [INFO] [1787309521.658980457] [slam_toolbox]: Metric Scores: Initial: 1.000000, IOU: 0.982520, Area: 0.991271, Num Con: 2, Reading: 0.655556, outcome score: -1.000000.
[lifelong_slam_toolbox_node-1] [INFO] [1787309521.658994958] [slam_toolbox]: Metric Scores: Initial: 0.673167, IOU: 0.969615, Area: 0.984671, Num Con: 2, Reading: 0.655556, outcome score: -1.000000.
[lifelong_slam_toolbox_node-1] [INFO] [1787309521.659005758] [slam_toolbox]: Metric Scores: Initial: 0.691000, IOU: 0.963602, Area: 0.981559, Num Con: 2, Reading: 0.655556, outcome score: -1.000000.
[lifelong_slam_toolbox_node-1] [INFO] [1787309521.659015858] [slam_toolbox]: Metric Scores: Initial: 0.696333, IOU: 0.958196, Area: 0.978753, Num Con: 2, Reading: 0.652778, outcome score: -1.000000.
[lifelong_slam_toolbox_node-1] [INFO] [1787309521.659025758] [slam_toolbox]: Metric Scores: Initial: 0.950050, IOU: 0.948994, Area: 0.973930, Num Con: 2, Reading: 0.650000, outcome score: -1.000000.
[lifelong_slam_toolbox_node-1] [INFO] [1787309521.659040558] [slam_toolbox]: Metric Scores: Initial: 1.000000, IOU: 0.834015, Area: 0.909505, Num Con: 2, Reading: 0.405556, outcome score: 0.974667.
[lifelong_slam_toolbox_node-1] [INFO] [1787309521.659048958] [slam_toolbox]: Metric Scores: Initial: 0.975333, IOU: 0.812721, Area: 0.896703, Num Con: 2, Reading: 0.394444, outcome score: 0.950667.
[lifelong_slam_toolbox_node-1] [INFO] [1787309521.659056158] [slam_toolbox]: Metric Scores: Initial: 0.952000, IOU: 0.791806, Area: 0.883785, Num Con: 2, Reading: 0.383333, outcome score: 0.928000.
[lifelong_slam_toolbox_node-1] [INFO] [1787309521.659065158] [slam_toolbox]: Metric Scores: Initial: 0.960000, IOU: 0.772432, Area: 0.871590, Num Con: 2, Reading: 0.205556, outcome score: 0.946667.
[lifelong_slam_toolbox_node-1] [INFO] [1787309521.659073258] [slam_toolbox]: Metric Scores: Initial: 0.948000, IOU: 0.755319, Area: 0.860588, Num Con: 2, Reading: 0.200000, outcome score: 0.935000.
[lifelong_slam_toolbox_node-1] [INFO] [1787309521.659080958] [slam_toolbox]: Metric Scores: Initial: 0.935000, IOU: 0.739764, Area: 0.850394, Num Con: 2, Reading: 0.200000, outcome score: 0.922000.
[lifelong_slam_toolbox_node-1] [INFO] [1787309521.659088558] [slam_toolbox]: Metric Scores: Initial: 0.926000, IOU: 0.727534, Area: 0.842253, Num Con: 2, Reading: 0.188889, outcome score: 0.913667.
[lifelong_slam_toolbox_node-1] [INFO] [1787309521.659130058] [slam_toolbox]: Metric Scores: Initial: 0.902000, IOU: 0.717096, Area: 0.835223, Num Con: 2, Reading: 0.180556, outcome score: 0.890167.
[lifelong_slam_toolbox_node-1] [INFO] [1787309521.659139258] [slam_toolbox]: Metric Scores: Initial: 0.874667, IOU: 0.706870, Area: 0.828238, Num Con: 2, Reading: 0.180556, outcome score: 0.862833.
[lifelong_slam_toolbox_node-1] [INFO] [1787309521.659147958] [slam_toolbox]: Metric Scores: Initial: 0.850167, IOU: 0.699745, Area: 0.823328, Num Con: 2, Reading: 0.175000, outcome score: 0.838667.
[lifelong_slam_toolbox_node-1] [INFO] [1787309521.659155958] [slam_toolbox]: Metric Scores: Initial: 0.826333, IOU: 0.693898, Area: 0.819265, Num Con: 2, Reading: 0.169444, outcome score: 0.815167.
[lifelong_slam_toolbox_node-1] [INFO] [1787309521.659164258] [slam_toolbox]: Metric Scores: Initial: 0.801667, IOU: 0.689534, Area: 0.816213, Num Con: 2, Reading: 0.166667, outcome score: 0.790667.
[lifelong_slam_toolbox_node-1] [INFO] [1787309521.659172359] [slam_toolbox]: Metric Scores: Initial: 0.903742, IOU: 0.686458, Area: 0.814057, Num Con: 2, Reading: 0.163889, outcome score: 0.892909.
[lifelong_slam_toolbox_node-1] W20260821 10:52:02.462101 647905 preprocessor.cc:67] Specified options.num_threads: 50 exceeds maximum available from the threading model Ceres was compiled with: 8.  Bounding to maximum number available.
[lifelong_slam_toolbox_node-1] [INFO] [1787309522.463421313] [slam_toolbox]: Metric Scores: Initial: 1.000000, IOU: 0.853012, Area: 0.920797, Num Con: 2, Reading: 0.411111, outcome score: -1.000000.
[lifelong_slam_toolbox_node-1] [INFO] [1787309522.463468213] [slam_toolbox]: Metric Scores: Initial: 0.974667, IOU: 0.830936, Area: 0.907810, Num Con: 2, Reading: 0.405556, outcome score: 0.949333.
[lifelong_slam_toolbox_node-1] [INFO] [1787309522.463478813] [slam_toolbox]: Metric Scores: Initial: 0.950667, IOU: 0.809784, Area: 0.895025, Num Con: 2, Reading: 0.394444, outcome score: 0.926000.
[lifelong_slam_toolbox_node-1] [INFO] [1787309522.463487613] [slam_toolbox]: Metric Scores: Initial: 0.928000, IOU: 0.788998, Area: 0.882230, Num Con: 2, Reading: 0.383333, outcome score: 0.904000.
[lifelong_slam_toolbox_node-1] [INFO] [1787309522.463496313] [slam_toolbox]: Metric Scores: Initial: 0.946667, IOU: 0.769749, Area: 0.870062, Num Con: 2, Reading: 0.205556, outcome score: 0.933333.
[lifelong_slam_toolbox_node-1] [INFO] [1787309522.463505113] [slam_toolbox]: Metric Scores: Initial: 0.935000, IOU: 0.752738, Area: 0.859120, Num Con: 2, Reading: 0.200000, outcome score: 0.922000.
[lifelong_slam_toolbox_node-1] [INFO] [1787309522.463515013] [slam_toolbox]: Metric Scores: Initial: 0.922000, IOU: 0.737275, Area: 0.848987, Num Con: 2, Reading: 0.200000, outcome score: 0.909000.
[lifelong_slam_toolbox_node-1] [INFO] [1787309522.463522813] [slam_toolbox]: Metric Scores: Initial: 0.913667, IOU: 0.725116, Area: 0.840879, Num Con: 2, Reading: 0.188889, outcome score: 0.901333.
[lifelong_slam_toolbox_node-1] [INFO] [1787309522.463531613] [slam_toolbox]: Metric Scores: Initial: 0.890167, IOU: 0.714741, Area: 0.833855, Num Con: 2, Reading: 0.180556, outcome score: 0.878333.
[lifelong_slam_toolbox_node-1] [INFO] [1787309522.463540514] [slam_toolbox]: Metric Scores: Initial: 0.862833, IOU: 0.704572, Area: 0.826905, Num Con: 2, Reading: 0.180556, outcome score: 0.851000.
[lifelong_slam_toolbox_node-1] [INFO] [1787309522.463549014] [slam_toolbox]: Metric Scores: Initial: 0.838667, IOU: 0.697492, Area: 0.821979, Num Con: 2, Reading: 0.175000, outcome score: 0.827167.
[lifelong_slam_toolbox_node-1] [INFO] [1787309522.463557914] [slam_toolbox]: Metric Scores: Initial: 0.815167, IOU: 0.691676, Area: 0.817936, Num Con: 2, Reading: 0.169444, outcome score: 0.804000.
[lifelong_slam_toolbox_node-1] [INFO] [1787309522.463567014] [slam_toolbox]: Metric Scores: Initial: 0.790667, IOU: 0.687329, Area: 0.814922, Num Con: 2, Reading: 0.166667, outcome score: 0.779667.
[lifelong_slam_toolbox_node-1] [INFO] [1787309522.463575514] [slam_toolbox]: Metric Scores: Initial: 0.892909, IOU: 0.684273, Area: 0.812745, Num Con: 2, Reading: 0.163889, outcome score: 0.882076.
[lifelong_slam_toolbox_node-1] W20260821 10:52:04.076287 647905 preprocessor.cc:67] Specified options.num_threads: 50 exceeds maximum available from the threading model Ceres was compiled with: 8.  Bounding to maximum number available.
[lifelong_slam_toolbox_node-1] 
[lifelong_slam_toolbox_node-1] Solver Summary (v 2.2.0-eigen-(3.4.0)-lapack-suitesparse-(7.6.1)-eigensparse)
[lifelong_slam_toolbox_node-1] 
[lifelong_slam_toolbox_node-1]                                      Original                  Reduced
[lifelong_slam_toolbox_node-1] Parameter blocks                          123                      105
[lifelong_slam_toolbox_node-1] Parameters                                123                      105
[lifelong_slam_toolbox_node-1] Residual blocks                            34                       34
[lifelong_slam_toolbox_node-1] Residuals                                 102                      102
[lifelong_slam_toolbox_node-1] 
[lifelong_slam_toolbox_node-1] Minimizer                        TRUST_REGION
[lifelong_slam_toolbox_node-1] Trust region strategy     LEVENBERG_MARQUARDT
[lifelong_slam_toolbox_node-1] Sparse linear algebra library    SUITE_SPARSE 
[lifelong_slam_toolbox_node-1] 
[lifelong_slam_toolbox_node-1]                                         Given                     Used
[lifelong_slam_toolbox_node-1] Linear solver          SPARSE_NORMAL_CHOLESKY   SPARSE_NORMAL_CHOLESKY
[lifelong_slam_toolbox_node-1] Threads                                    50                        8
[lifelong_slam_toolbox_node-1] Linear solver ordering              AUTOMATIC                      105
[lifelong_slam_toolbox_node-1] 
[lifelong_slam_toolbox_node-1] Cost:
[lifelong_slam_toolbox_node-1] Initial                          1.287032e-01
[lifelong_slam_toolbox_node-1] Final                            7.023801e-07
[lifelong_slam_toolbox_node-1] Change                           1.287025e-01
[lifelong_slam_toolbox_node-1] 
[lifelong_slam_toolbox_node-1] Minimizer iterations                        2
[lifelong_slam_toolbox_node-1] Successful steps                            2
[lifelong_slam_toolbox_node-1] Unsuccessful steps                          0
[lifelong_slam_toolbox_node-1] 
[lifelong_slam_toolbox_node-1] Time (in seconds):
[lifelong_slam_toolbox_node-1] Preprocessor                         0.000206
[lifelong_slam_toolbox_node-1] 
[lifelong_slam_toolbox_node-1]   Residual only evaluation           0.000035 (2)
[lifelong_slam_toolbox_node-1]   Jacobian & residual evaluation     0.000128 (2)
[lifelong_slam_toolbox_node-1]   Linear solver                      0.000199 (2)
[lifelong_slam_toolbox_node-1] Minimizer                            0.000489
[lifelong_slam_toolbox_node-1] 
[lifelong_slam_toolbox_node-1] Postprocessor                        0.000006
[lifelong_slam_toolbox_node-1] Total                                0.000701
[lifelong_slam_toolbox_node-1] 
[lifelong_slam_toolbox_node-1] Termination:                      CONVERGENCE (Parameter tolerance reached. Relative step_norm: 1.203518e-05 <= 1.000000e-03.)
[lifelong_slam_toolbox_node-1] 
[lifelong_slam_toolbox_node-1] 
[lifelong_slam_toolbox_node-1] Solver Summary (v 2.2.0-eigen-(3.4.0)-lapack-suitesparse-(7.6.1)-eigensparse)
[lifelong_slam_toolbox_node-1] 
[lifelong_slam_toolbox_node-1]                                      Original                  Reduced
[lifelong_slam_toolbox_node-1] Parameter blocks                          108                       87
[lifelong_slam_toolbox_node-1] Parameters                                108                       87
[lifelong_slam_toolbox_node-1] Residual blocks                            28                       28
[lifelong_slam_toolbox_node-1] Residuals                                  84                       84
[lifelong_slam_toolbox_node-1] 
[lifelong_slam_toolbox_node-1] Minimizer                        TRUST_REGION
[lifelong_slam_toolbox_node-1] Trust region strategy     LEVENBERG_MARQUARDT
[lifelong_slam_toolbox_node-1] Sparse linear algebra library    SUITE_SPARSE 
[lifelong_slam_toolbox_node-1] 
[lifelong_slam_toolbox_node-1]                                         Given                     Used
[lifelong_slam_toolbox_node-1] Linear solver          SPARSE_NORMAL_CHOLESKY   SPARSE_NORMAL_CHOLESKY
[lifelong_slam_toolbox_node-1] Threads                                    50                        8
[lifelong_slam_toolbox_node-1] Linear solver ordering              AUTOMATIC                       87
[lifelong_slam_toolbox_node-1] 
[lifelong_slam_toolbox_node-1] Cost:
[lifelong_slam_toolbox_node-1] Initial                          6.089269e-02
[lifelong_slam_toolbox_node-1] Final                            4.052281e-05
[lifelong_slam_toolbox_node-1] Change                           6.085216e-02
[lifelong_slam_toolbox_node-1] 
[lifelong_slam_toolbox_node-1] Minimizer iterations                        2
[lifelong_slam_toolbox_node-1] Successful steps                            2
[lifelong_slam_toolbox_node-1] Unsuccessful steps                          0
[lifelong_slam_toolbox_node-1] 
[lifelong_slam_toolbox_node-1] Time (in seconds):
[lifelong_slam_toolbox_node-1] Preprocessor                         0.000215
[lifelong_slam_toolbox_node-1] 
[lifelong_slam_toolbox_node-1]   Residual only evaluation           0.000028 (2)
[lifelong_slam_toolbox_node-1]   Jacobian & residual evaluation     0.000114 (2)
[lifelong_slam_toolbox_node-1]   Linear solver                      0.000185 (2)
[lifelong_slam_toolbox_node-1] Minimizer                            0.000421
[lifelong_slam_toolbox_node-1] 
[lifelong_slam_toolbox_node-1] Postprocessor                        0.000006
[lifelong_slam_toolbox_node-1] Total                                0.000642
[lifelong_slam_toolbox_node-1] 
[lifelong_slam_toolbox_node-1] Termination:                      CONVERGENCE (Parameter tolerance reached. Relative step_norm: 2.756123e-04 <= 1.000000e-03.)
[lifelong_slam_toolbox_node-1] 
[lifelong_slam_toolbox_node-1] 
[lifelong_slam_toolbox_node-1] Solver Summary (v 2.2.0-eigen-(3.4.0)-lapack-suitesparse-(7.6.1)-eigensparse)
[lifelong_slam_toolbox_node-1] 
[lifelong_slam_toolbox_node-1]                                      Original                  Reduced
[lifelong_slam_toolbox_node-1] Parameter blocks                          111                       90
[lifelong_slam_toolbox_node-1] Parameters                                111                       90
[lifelong_slam_toolbox_node-1] Residual blocks                            29                       29
[lifelong_slam_toolbox_node-1] Residuals                                  87                       87
[lifelong_slam_toolbox_node-1] 
[lifelong_slam_toolbox_node-1] Minimizer                        TRUST_REGION
[lifelong_slam_toolbox_node-1] Trust region strategy     LEVENBERG_MARQUARDT
[lifelong_slam_toolbox_node-1] Sparse linear algebra library    SUITE_SPARSE 
[lifelong_slam_toolbox_node-1] 
[lifelong_slam_toolbox_node-1]                                         Given                     Used
[lifelong_slam_toolbox_node-1] Linear solver          SPARSE_NORMAL_CHOLESKY   SPARSE_NORMAL_CHOLESKY
[lifelong_slam_toolbox_node-1] Threads                                    50                        8
[lifelong_slam_toolbox_node-1] [INFO] [1787309524.078402257] [slam_toolbox]: Metric Scores: Initial: 1.000000, IOU: 0.683558, Area: 0.814087, Num Con: 2, Reading: 0.161111, outcome score: 0.989333.
[lifelong_slam_toolbox_node-1] [INFO] [1787309524.078457057] [slam_toolbox]: Metric Scores: Initial: 0.997959, IOU: 0.683598, Area: 0.813858, Num Con: 2, Reading: 0.161111, outcome score: 0.987292.
[lifelong_slam_toolbox_node-1] [INFO] [1787309524.078487057] [slam_toolbox]: Metric Scores: Initial: 1.000000, IOU: 0.897925, Area: 0.946195, Num Con: 2, Reading: 0.425000, outcome score: -1.000000.
[lifelong_slam_toolbox_node-1] [INFO] [1787309524.857343574] [slam_toolbox]: Metric Scores: Initial: 0.989333, IOU: 0.686367, Area: 0.816044, Num Con: 2, Reading: 0.161111, outcome score: 0.978667.
[lifelong_slam_toolbox_node-1] [INFO] [1787309524.857686276] [slam_toolbox]: Metric Scores: Initial: 0.987292, IOU: 0.686407, Area: 0.815814, Num Con: 2, Reading: 0.161111, outcome score: 0.976626.
[lifelong_slam_toolbox_node-1] Linear solver ordering              AUTOMATIC                       90
[lifelong_slam_toolbox_node-1] 
[lifelong_slam_toolbox_node-1] Cost:
[lifelong_slam_toolbox_node-1] Initial                          3.769173e-05
[lifelong_slam_toolbox_node-1] Final                            3.353445e-09
[lifelong_slam_toolbox_node-1] Change                           3.768838e-05
[lifelong_slam_toolbox_node-1] 
[lifelong_slam_toolbox_node-1] Minimizer iterations                        2
[lifelong_slam_toolbox_node-1] Successful steps                            2
[lifelong_slam_toolbox_node-1] Unsuccessful steps                          0
[lifelong_slam_toolbox_node-1] 
[lifelong_slam_toolbox_node-1] Time (in seconds):
[lifelong_slam_toolbox_node-1] Preprocessor                         0.000248
[lifelong_slam_toolbox_node-1] 
[lifelong_slam_toolbox_node-1]   Residual only evaluation           0.000048 (2)
[lifelong_slam_toolbox_node-1]   Jacobian & residual evaluation     0.000168 (2)
[lifelong_slam_toolbox_node-1]   Linear solver                      0.000253 (2)
[lifelong_slam_toolbox_node-1] Minimizer                            0.001204
[lifelong_slam_toolbox_node-1] 
[lifelong_slam_toolbox_node-1] Postprocessor                        0.000011
[lifelong_slam_toolbox_node-1] Total                                0.001463
[lifelong_slam_toolbox_node-1] 
[lifelong_slam_toolbox_node-1] Termination:                      CONVERGENCE (Parameter tolerance reached. Relative step_norm: 9.495849e-07 <= 1.000000e-03.)
[lifelong_slam_toolbox_node-1] 
[lifelong_slam_toolbox_node-1] [INFO] [1787309525.634802683] [slam_toolbox]: Metric Scores: Initial: 0.978667, IOU: 0.691991, Area: 0.819992, Num Con: 2, Reading: 0.161111, outcome score: 0.968000.
[lifelong_slam_toolbox_node-1] [INFO] [1787309525.634862683] [slam_toolbox]: Metric Scores: Initial: 0.976626, IOU: 0.692031, Area: 0.819760, Num Con: 2, Reading: 0.161111, outcome score: 0.965959.
[lifelong_slam_toolbox_node-1] [INFO] [1787309525.634897984] [slam_toolbox]: Metric Scores: Initial: 1.000000, IOU: 0.936841, Area: 0.967310, Num Con: 2, Reading: 0.625000, outcome score: -1.000000.
[lifelong_slam_toolbox_node-1] [INFO] [1787309526.435131316] [slam_toolbox]: Metric Scores: Initial: 0.968000, IOU: 0.700200, Area: 0.825710, Num Con: 2, Reading: 0.161111, outcome score: 0.957333.
[lifelong_slam_toolbox_node-1] [INFO] [1787309526.435205317] [slam_toolbox]: Metric Scores: Initial: 0.965959, IOU: 0.700240, Area: 0.825475, Num Con: 2, Reading: 0.161111, outcome score: 0.955292.
[lifelong_slam_toolbox_node-1] [INFO] [1787309527.235424849] [slam_toolbox]: Metric Scores: Initial: 0.957333, IOU: 0.710790, Area: 0.832981, Num Con: 2, Reading: 0.161111, outcome score: 0.946667.
[lifelong_slam_toolbox_node-1] [INFO] [1787309527.235482649] [slam_toolbox]: Metric Scores: Initial: 0.955292, IOU: 0.710828, Area: 0.832743, Num Con: 2, Reading: 0.161111, outcome score: 0.944626.
[lifelong_slam_toolbox_node-1] [INFO] [1787309527.235505749] [slam_toolbox]: Metric Scores: Initial: 1.000000, IOU: 0.928123, Area: 0.962589, Num Con: 2, Reading: 0.638889, outcome score: -1.000000.
[lifelong_slam_toolbox_node-1] [INFO] [1787309528.036068984] [slam_toolbox]: Metric Scores: Initial: 0.702667, IOU: 0.981862, Area: 0.993338, Num Con: 2, Reading: 0.644444, outcome score: -1.000000.
[lifelong_slam_toolbox_node-1] [INFO] [1787309528.036141984] [slam_toolbox]: Metric Scores: Initial: 0.946667, IOU: 0.723419, Area: 0.841545, Num Con: 2, Reading: 0.161111, outcome score: 0.936000.
[lifelong_slam_toolbox_node-1] [INFO] [1787309528.036155484] [slam_toolbox]: Metric Scores: Initial: 0.944626, IOU: 0.723456, Area: 0.841303, Num Con: 2, Reading: 0.161111, outcome score: 0.933959.
[lifelong_slam_toolbox_node-1] [INFO] [1787309528.834869508] [slam_toolbox]: Metric Scores: Initial: 0.936000, IOU: 0.740664, Area: 0.853096, Num Con: 2, Reading: 0.161111, outcome score: 0.925333.
[lifelong_slam_toolbox_node-1] [INFO] [1787309528.834927309] [slam_toolbox]: Metric Scores: Initial: 0.933959, IOU: 0.740700, Area: 0.852849, Num Con: 2, Reading: 0.161111, outcome score: 0.923292.
[lifelong_slam_toolbox_node-1] [INFO] [1787309528.834946309] [slam_toolbox]: Metric Scores: Initial: 1.000000, IOU: 0.926138, Area: 0.961530, Num Con: 2, Reading: 0.650000, outcome score: -1.000000.
[lifelong_slam_toolbox_node-1] [INFO] [1787309529.636351347] [slam_toolbox]: Metric Scores: Initial: 0.925333, IOU: 0.760075, Area: 0.865802, Num Con: 2, Reading: 0.161111, outcome score: 0.914667.
[lifelong_slam_toolbox_node-1] [INFO] [1787309529.636410248] [slam_toolbox]: Metric Scores: Initial: 0.923292, IOU: 0.760109, Area: 0.865550, Num Con: 2, Reading: 0.161111, outcome score: 0.912626.
[lifelong_slam_toolbox_node-1] [INFO] [1787309530.439129794] [slam_toolbox]: Metric Scores: Initial: 0.914667, IOU: 0.783189, Area: 0.880586, Num Con: 2, Reading: 0.161111, outcome score: 0.904000.
[lifelong_slam_toolbox_node-1] [INFO] [1787309530.439206194] [slam_toolbox]: Metric Scores: Initial: 1.000000, IOU: 0.867307, Area: 0.928898, Num Con: 3, Reading: 0.655556, outcome score: 0.999000.
[lifelong_slam_toolbox_node-1] [INFO] [1787309530.439227594] [slam_toolbox]: Metric Scores: Initial: 0.912626, IOU: 0.783220, Area: 0.880326, Num Con: 2, Reading: 0.161111, outcome score: 0.901959.
[lifelong_slam_toolbox_node-1] [INFO] [1787309531.238303920] [slam_toolbox]: Metric Scores: Initial: 0.999000, IOU: 0.841395, Area: 0.912567, Num Con: 3, Reading: 0.394444, outcome score: 0.997976.
[lifelong_slam_toolbox_node-1] [INFO] [1787309531.238359420] [slam_toolbox]: Metric Scores: Initial: 1.000000, IOU: 0.840753, Area: 0.912183, Num Con: 2, Reading: 0.394444, outcome score: 0.975333.
[lifelong_slam_toolbox_node-1] [INFO] [1787309531.238381621] [slam_toolbox]: Metric Scores: Initial: 0.904000, IOU: 0.806725, Area: 0.893995, Num Con: 2, Reading: 0.433333, outcome score: 0.877000.
[lifelong_slam_toolbox_node-1] [INFO] [1787309531.238396521] [slam_toolbox]: Metric Scores: Initial: 0.901959, IOU: 0.806754, Area: 0.893730, Num Con: 2, Reading: 0.433333, outcome score: 0.874959.
[lifelong_slam_toolbox_node-1] [INFO] [1787309532.035295535] [slam_toolbox]: Metric Scores: Initial: 0.997976, IOU: 0.810078, Area: 0.895121, Num Con: 3, Reading: 0.391667, outcome score: 0.996929.
[lifelong_slam_toolbox_node-1] [INFO] [1787309532.035349835] [slam_toolbox]: Metric Scores: Initial: 0.975333, IOU: 0.809485, Area: 0.894754, Num Con: 2, Reading: 0.394444, outcome score: 0.950667.
[lifelong_slam_toolbox_node-1] [INFO] [1787309532.035363535] [slam_toolbox]: Metric Scores: Initial: 1.000000, IOU: 0.811041, Area: 0.895704, Num Con: 3, Reading: 0.397222, outcome score: 0.999000.
[lifelong_slam_toolbox_node-1] [INFO] [1787309532.035377735] [slam_toolbox]: Metric Scores: Initial: 0.877000, IOU: 0.837933, Area: 0.914163, Num Con: 2, Reading: 0.436111, outcome score: 0.849833.
[lifelong_slam_toolbox_node-1] [INFO] [1787309532.035392735] [slam_toolbox]: Metric Scores: Initial: 0.874959, IOU: 0.837959, Area: 0.913888, Num Con: 2, Reading: 0.436111, outcome score: 0.847792.
[lifelong_slam_toolbox_node-1] [INFO] [1787309532.835864669] [slam_toolbox]: Metric Scores: Initial: 0.996929, IOU: 0.780941, Area: 0.877110, Num Con: 3, Reading: 0.177778, outcome score: 0.995896.
[lifelong_slam_toolbox_node-1] [INFO] [1787309532.835921369] [slam_toolbox]: Metric Scores: Initial: 0.950667, IOU: 0.780387, Area: 0.876756, Num Con: 2, Reading: 0.177778, outcome score: 0.939000.
[lifelong_slam_toolbox_node-1] [INFO] [1787309532.835935269] [slam_toolbox]: Metric Scores: Initial: 0.999000, IOU: 0.781906, Area: 0.877714, Num Con: 3, Reading: 0.180556, outcome score: 0.997989.
[lifelong_slam_toolbox_node-1] [INFO] [1787309532.835948269] [slam_toolbox]: Metric Scores: Initial: 0.849833, IOU: 0.869435, Area: 0.932619, Num Con: 2, Reading: 0.686111, outcome score: -1.000000.
[lifelong_slam_toolbox_node-1] [INFO] [1787309532.835957570] [slam_toolbox]: Metric Scores: Initial: 1.000000, IOU: 0.785166, Area: 0.879793, Num Con: 2, Reading: 0.186111, outcome score: 0.987833.
[lifelong_slam_toolbox_node-1] [INFO] [1787309532.835969770] [slam_toolbox]: Metric Scores: Initial: 0.847792, IOU: 0.869457, Area: 0.932336, Num Con: 2, Reading: 0.686111, outcome score: -1.000000.
[lifelong_slam_toolbox_node-1] [INFO] [1787309533.635988701] [slam_toolbox]: Metric Scores: Initial: 0.995896, IOU: 0.760165, Area: 0.863863, Num Con: 3, Reading: 0.177778, outcome score: 0.994852.
[lifelong_slam_toolbox_node-1] [INFO] [1787309533.636047701] [slam_toolbox]: Metric Scores: Initial: 0.939000, IOU: 0.759651, Area: 0.863527, Num Con: 2, Reading: 0.177778, outcome score: 0.927333.
[lifelong_slam_toolbox_node-1] [INFO] [1787309533.636062001] [slam_toolbox]: Metric Scores: Initial: 0.997989, IOU: 0.761174, Area: 0.864510, Num Con: 2, Reading: 0.180556, outcome score: 0.986156.
[lifelong_slam_toolbox_node-1] [INFO] [1787309533.636075501] [slam_toolbox]: Metric Scores: Initial: 0.987833, IOU: 0.764358, Area: 0.866588, Num Con: 2, Reading: 0.186111, outcome score: 0.975667.
[lifelong_slam_toolbox_node-1] [INFO] [1787309533.636088601] [slam_toolbox]: Metric Scores: Initial: 1.000000, IOU: 0.770716, Area: 0.870663, Num Con: 2, Reading: 0.191667, outcome score: 0.987500.
[lifelong_slam_toolbox_node-1] [INFO] [1787309534.435452129] [slam_toolbox]: Metric Scores: Initial: 1.000000, IOU: 0.997666, Area: 0.999239, Num Con: 2, Reading: 0.700000, outcome score: -1.000000.
[lifelong_slam_toolbox_node-1] [INFO] [1787309534.435531329] [slam_toolbox]: Metric Scores: Initial: 0.994852, IOU: 0.743400, Area: 0.852957, Num Con: 3, Reading: 0.177778, outcome score: 0.993797.
[lifelong_slam_toolbox_node-1] [INFO] [1787309534.435601030] [slam_toolbox]: Metric Scores: Initial: 0.927333, IOU: 0.742921, Area: 0.852637, Num Con: 2, Reading: 0.177778, outcome score: 0.915667.
[lifelong_slam_toolbox_node-1] [INFO] [1787309534.435614630] [slam_toolbox]: Metric Scores: Initial: 0.986156, IOU: 0.744448, Area: 0.853642, Num Con: 2, Reading: 0.180556, outcome score: 0.974322.
[lifelong_slam_toolbox_node-1] [INFO] [1787309534.435626130] [slam_toolbox]: Metric Scores: Initial: 0.975667, IOU: 0.747572, Area: 0.855720, Num Con: 2, Reading: 0.186111, outcome score: 0.963500.
[lifelong_slam_toolbox_node-1] [INFO] [1787309534.435635830] [slam_toolbox]: Metric Scores: Initial: 1.000000, IOU: 0.762876, Area: 0.865666, Num Con: 2, Reading: 0.202778, outcome score: 0.986833.
[lifelong_slam_toolbox_node-1] [INFO] [1787309534.435645730] [slam_toolbox]: Metric Scores: Initial: 0.987500, IOU: 0.753788, Area: 0.859782, Num Con: 2, Reading: 0.191667, outcome score: 0.975000.
[lifelong_slam_toolbox_node-1] [INFO] [1787309535.235967962] [slam_toolbox]: Metric Scores: Initial: 0.993797, IOU: 0.729409, Area: 0.843629, Num Con: 3, Reading: 0.177778, outcome score: 0.992731.
[lifelong_slam_toolbox_node-1] [INFO] [1787309535.236021563] [slam_toolbox]: Metric Scores: Initial: 0.915667, IOU: 0.728956, Area: 0.843320, Num Con: 2, Reading: 0.177778, outcome score: 0.904000.
[lifelong_slam_toolbox_node-1] [INFO] [1787309535.236035363] [slam_toolbox]: Metric Scores: Initial: 0.974322, IOU: 0.730483, Area: 0.844342, Num Con: 2, Reading: 0.180556, outcome score: 0.962489.
[lifelong_slam_toolbox_node-1] [INFO] [1787309535.236045063] [slam_toolbox]: Metric Scores: Initial: 1.000000, IOU: 0.760018, Area: 0.863804, Num Con: 2, Reading: 0.208333, outcome score: 0.986500.
[lifelong_slam_toolbox_node-1] [INFO] [1787309535.236056363] [slam_toolbox]: Metric Scores: Initial: 0.963500, IOU: 0.733556, Area: 0.846419, Num Con: 2, Reading: 0.186111, outcome score: 0.951333.
[lifelong_slam_toolbox_node-1] [INFO] [1787309535.236066563] [slam_toolbox]: Metric Scores: Initial: 0.986833, IOU: 0.748573, Area: 0.856336, Num Con: 2, Reading: 0.202778, outcome score: 0.973667.
[lifelong_slam_toolbox_node-1] [INFO] [1787309535.236076063] [slam_toolbox]: Metric Scores: Initial: 0.975000, IOU: 0.739655, Area: 0.850468, Num Con: 2, Reading: 0.191667, outcome score: 0.962500.
[lifelong_slam_toolbox_node-1] [INFO] [1787309536.034903488] [slam_toolbox]: Metric Scores: Initial: 1.000000, IOU: 0.998375, Area: 1.000000, Num Con: 2, Reading: 0.694444, outcome score: -1.000000.
[lifelong_slam_toolbox_node-1] [INFO] [1787309536.034987688] [slam_toolbox]: Metric Scores: Initial: 0.992731, IOU: 0.718847, Area: 0.835282, Num Con: 3, Reading: 0.177778, outcome score: 0.991654.
[lifelong_slam_toolbox_node-1] [INFO] [1787309536.035000888] [slam_toolbox]: Metric Scores: Initial: 0.904000, IOU: 0.718407, Area: 0.834980, Num Con: 2, Reading: 0.177778, outcome score: 0.892333.
[lifelong_slam_toolbox_node-1] [INFO] [1787309536.035009788] [slam_toolbox]: Metric Scores: Initial: 1.000000, IOU: 0.762483, Area: 0.864136, Num Con: 2, Reading: 0.216667, outcome score: 0.986000.
[lifelong_slam_toolbox_node-1] [INFO] [1787309536.035018488] [slam_toolbox]: Metric Scores: Initial: 0.962489, IOU: 0.719926, Area: 0.836007, Num Con: 2, Reading: 0.180556, outcome score: 0.950656.
[lifelong_slam_toolbox_node-1] [INFO] [1787309536.035027288] [slam_toolbox]: Metric Scores: Initial: 0.986500, IOU: 0.749029, Area: 0.855394, Num Con: 2, Reading: 0.208333, outcome score: 0.973000.
[lifelong_slam_toolbox_node-1] [INFO] [1787309536.035036488] [slam_toolbox]: Metric Scores: Initial: 0.951333, IOU: 0.722958, Area: 0.838078, Num Con: 2, Reading: 0.186111, outcome score: 0.939167.
[lifelong_slam_toolbox_node-1] [INFO] [1787309536.035045288] [slam_toolbox]: Metric Scores: Initial: 0.973667, IOU: 0.737759, Area: 0.847959, Num Con: 2, Reading: 0.202778, outcome score: 0.960500.
[lifelong_slam_toolbox_node-1] [INFO] [1787309536.035054088] [slam_toolbox]: Metric Scores: Initial: 0.962500, IOU: 0.728969, Area: 0.842112, Num Con: 2, Reading: 0.191667, outcome score: 0.950000.
[lifelong_slam_toolbox_node-1] [INFO] [1787309536.840443249] [slam_toolbox]: Metric Scores: Initial: 0.991654, IOU: 0.710006, Area: 0.829258, Num Con: 3, Reading: 0.177778, outcome score: 0.990565.
[lifelong_slam_toolbox_node-1] [INFO] [1787309536.840514249] [slam_toolbox]: Metric Scores: Initial: 1.000000, IOU: 0.771192, Area: 0.869665, Num Con: 2, Reading: 0.222222, outcome score: 0.985667.
[lifelong_slam_toolbox_node-1] [INFO] [1787309536.840532449] [slam_toolbox]: Metric Scores: Initial: 0.892333, IOU: 0.709577, Area: 0.828960, Num Con: 2, Reading: 0.177778, outcome score: 0.880667.
[lifelong_slam_toolbox_node-1] [INFO] [1787309536.840547449] [slam_toolbox]: Metric Scores: Initial: 0.986000, IOU: 0.753066, Area: 0.858032, Num Con: 2, Reading: 0.216667, outcome score: 0.972000.
[lifelong_slam_toolbox_node-1] [INFO] [1787309536.840563249] [slam_toolbox]: Metric Scores: Initial: 0.950656, IOU: 0.711083, Area: 0.829989, Num Con: 2, Reading: 0.180556, outcome score: 0.938822.
[lifelong_slam_toolbox_node-1] [INFO] [1787309536.840578049] [slam_toolbox]: Metric Scores: Initial: 0.973000, IOU: 0.739797, Area: 0.849318, Num Con: 2, Reading: 0.208333, outcome score: 0.959500.
[lifelong_slam_toolbox_node-1] [INFO] [1787309536.840592149] [slam_toolbox]: Metric Scores: Initial: 0.939167, IOU: 0.714077, Area: 0.832056, Num Con: 2, Reading: 0.186111, outcome score: 0.927000.
[lifelong_slam_toolbox_node-1] [INFO] [1787309536.840606949] [slam_toolbox]: Metric Scores: Initial: 0.960500, IOU: 0.728682, Area: 0.841908, Num Con: 2, Reading: 0.202778, outcome score: 0.947333.
[lifelong_slam_toolbox_node-1] [INFO] [1787309536.840622049] [slam_toolbox]: Metric Scores: Initial: 0.950000, IOU: 0.720008, Area: 0.836077, Num Con: 2, Reading: 0.191667, outcome score: 0.937500.
[lifelong_slam_toolbox_node-1] [INFO] [1787309537.634788949] [slam_toolbox]: Metric Scores: Initial: 1.000000, IOU: 0.998413, Area: 1.000000, Num Con: 2, Reading: 0.688889, outcome score: -1.000000.
[lifelong_slam_toolbox_node-1] [INFO] [1787309537.634877049] [slam_toolbox]: Metric Scores: Initial: 1.000000, IOU: 0.782742, Area: 0.876967, Num Con: 3, Reading: 0.227778, outcome score: 0.999000.
[lifelong_slam_toolbox_node-1] [INFO] [1787309537.634887449] [slam_toolbox]: Metric Scores: Initial: 0.990565, IOU: 0.702232, Area: 0.823924, Num Con: 3, Reading: 0.177778, outcome score: 0.989464.
[lifelong_slam_toolbox_node-1] [INFO] [1787309537.634895849] [slam_toolbox]: Metric Scores: Initial: 0.985667, IOU: 0.762610, Area: 0.864174, Num Con: 2, Reading: 0.222222, outcome score: 0.971333.
[lifelong_slam_toolbox_node-1] [INFO] [1787309537.634904249] [slam_toolbox]: Metric Scores: Initial: 0.880667, IOU: 0.701804, Area: 0.823624, Num Con: 2, Reading: 0.177778, outcome score: 0.869000.
[lifelong_slam_toolbox_node-1] [INFO] [1787309537.634912949] [slam_toolbox]: Metric Scores: Initial: 0.972000, IOU: 0.744720, Area: 0.852581, Num Con: 2, Reading: 0.216667, outcome score: 0.958000.
[lifelong_slam_toolbox_node-1] [INFO] [1787309537.634923150] [slam_toolbox]: Metric Scores: Initial: 0.938822, IOU: 0.703283, Area: 0.824644, Num Con: 2, Reading: 0.180556, outcome score: 0.926989.
[lifelong_slam_toolbox_node-1] [INFO] [1787309537.634931350] [slam_toolbox]: Metric Scores: Initial: 0.959500, IOU: 0.731623, Area: 0.843898, Num Con: 2, Reading: 0.208333, outcome score: 0.946000.
[lifelong_slam_toolbox_node-1] [INFO] [1787309537.634940350] [slam_toolbox]: Metric Scores: Initial: 0.927000, IOU: 0.706236, Area: 0.826701, Num Con: 2, Reading: 0.186111, outcome score: 0.914833.
[lifelong_slam_toolbox_node-1] [INFO] [1787309537.634949850] [slam_toolbox]: Metric Scores: Initial: 0.947333, IOU: 0.720650, Area: 0.836515, Num Con: 2, Reading: 0.202778, outcome score: 0.934167.
[lifelong_slam_toolbox_node-1] [INFO] [1787309537.634958550] [slam_toolbox]: Metric Scores: Initial: 0.937500, IOU: 0.712090, Area: 0.830707, Num Con: 2, Reading: 0.191667, outcome score: 0.925000.
[lifelong_slam_toolbox_node-1] [INFO] [1787309538.436042086] [slam_toolbox]: Metric Scores: Initial: 1.000000, IOU: 0.799901, Area: 0.887631, Num Con: 2, Reading: 0.233333, outcome score: 0.985000.
[lifelong_slam_toolbox_node-1] [INFO] [1787309538.436099287] [slam_toolbox]: Metric Scores: Initial: 0.999000, IOU: 0.776164, Area: 0.872819, Num Con: 3, Reading: 0.227778, outcome score: 0.997986.
[lifelong_slam_toolbox_node-1] [INFO] [1787309538.436110087] [slam_toolbox]: Metric Scores: Initial: 0.989464, IOU: 0.696472, Area: 0.819942, Num Con: 3, Reading: 0.177778, outcome score: 0.988352.
[lifelong_slam_toolbox_node-1] [INFO] [1787309538.436121287] [slam_toolbox]: Metric Scores: Initial: 0.971333, IOU: 0.756233, Area: 0.860061, Num Con: 2, Reading: 0.222222, outcome score: 0.957000.
[lifelong_slam_toolbox_node-1] [INFO] [1787309538.436131687] [slam_toolbox]: Metric Scores: Initial: 0.869000, IOU: 0.696044, Area: 0.819639, Num Con: 2, Reading: 0.177778, outcome score: 0.857333.
[lifelong_slam_toolbox_node-1] [INFO] [1787309538.436141787] [slam_toolbox]: Metric Scores: Initial: 0.958000, IOU: 0.738520, Area: 0.848500, Num Con: 2, Reading: 0.216667, outcome score: 0.944000.
[lifelong_slam_toolbox_node-1] [INFO] [1787309538.436151187] [slam_toolbox]: Metric Scores: Initial: 0.926989, IOU: 0.697499, Area: 0.820649, Num Con: 2, Reading: 0.180556, outcome score: 0.915156.
[lifelong_slam_toolbox_node-1] [INFO] [1787309538.436159887] [slam_toolbox]: Metric Scores: Initial: 0.946000, IOU: 0.725552, Area: 0.839842, Num Con: 2, Reading: 0.208333, outcome score: 0.932500.
[lifelong_slam_toolbox_node-1] [INFO] [1787309538.436169387] [slam_toolbox]: Metric Scores: Initial: 0.914833, IOU: 0.700419, Area: 0.822698, Num Con: 2, Reading: 0.186111, outcome score: 0.902667.
[lifelong_slam_toolbox_node-1] [INFO] [1787309538.436178787] [slam_toolbox]: Metric Scores: Initial: 0.934167, IOU: 0.714686, Area: 0.832478, Num Con: 2, Reading: 0.202778, outcome score: 0.921000.
[lifelong_slam_toolbox_node-1] [INFO] [1787309538.436198587] [slam_toolbox]: Metric Scores: Initial: 0.925000, IOU: 0.706214, Area: 0.826690, Num Con: 2, Reading: 0.191667, outcome score: 0.912500.
[lifelong_slam_toolbox_node-1] [INFO] [1787309539.235116012] [slam_toolbox]: Metric Scores: Initial: 1.000000, IOU: 0.818309, Area: 0.900099, Num Con: 3, Reading: 0.455556, outcome score: 0.999000.
[lifelong_slam_toolbox_node-1] [INFO] [1787309539.235179913] [slam_toolbox]: Metric Scores: Initial: 0.985000, IOU: 0.794297, Area: 0.884159, Num Con: 2, Reading: 0.233333, outcome score: 0.970000.
[lifelong_slam_toolbox_node-1] [INFO] [1787309539.235204013] [slam_toolbox]: Metric Scores: Initial: 0.997986, IOU: 0.770766, Area: 0.869384, Num Con: 3, Reading: 0.227778, outcome score: 0.996959.
[lifelong_slam_toolbox_node-1] [INFO] [1787309539.235267113] [slam_toolbox]: Metric Scores: Initial: 0.988352, IOU: 0.691799, Area: 0.816683, Num Con: 3, Reading: 0.177778, outcome score: 0.987227.
[lifelong_slam_toolbox_node-1] [INFO] [1787309539.235278113] [slam_toolbox]: Metric Scores: Initial: 0.957000, IOU: 0.751006, Area: 0.856659, Num Con: 2, Reading: 0.222222, outcome score: 0.942667.
[lifelong_slam_toolbox_node-1] [INFO] [1787309539.235288113] [slam_toolbox]: Metric Scores: Initial: 0.857333, IOU: 0.691364, Area: 0.816375, Num Con: 2, Reading: 0.177778, outcome score: 0.845667.
[lifelong_slam_toolbox_node-1] [INFO] [1787309539.235298213] [slam_toolbox]: Metric Scores: Initial: 0.944000, IOU: 0.733445, Area: 0.845129, Num Con: 2, Reading: 0.216667, outcome score: 0.930000.
[lifelong_slam_toolbox_node-1] [INFO] [1787309539.235308213] [slam_toolbox]: Metric Scores: Initial: 0.915156, IOU: 0.692789, Area: 0.817369, Num Con: 2, Reading: 0.180556, outcome score: 0.903322.
[lifelong_slam_toolbox_node-1] [INFO] [1787309539.235317413] [slam_toolbox]: Metric Scores: Initial: 0.932500, IOU: 0.720587, Area: 0.836495, Num Con: 2, Reading: 0.208333, outcome score: 0.919000.
[lifelong_slam_toolbox_node-1] [INFO] [1787309539.235326713] [slam_toolbox]: Metric Scores: Initial: 0.902667, IOU: 0.695678, Area: 0.819406, Num Con: 2, Reading: 0.186111, outcome score: 0.890500.
[lifelong_slam_toolbox_node-1] [INFO] [1787309539.235335913] [slam_toolbox]: Metric Scores: Initial: 0.921000, IOU: 0.709812, Area: 0.829151, Num Con: 2, Reading: 0.202778, outcome score: 0.907833.
[lifelong_slam_toolbox_node-1] [INFO] [1787309539.235344313] [slam_toolbox]: Metric Scores: Initial: 0.912500, IOU: 0.701420, Area: 0.823385, Num Con: 2, Reading: 0.191667, outcome score: 0.900000.
[lifelong_slam_toolbox_node-1] [INFO] [1787309540.035246844] [slam_toolbox]: Metric Scores: Initial: 1.000000, IOU: 0.842437, Area: 0.913153, Num Con: 3, Reading: 0.480556, outcome score: 0.999000.
[lifelong_slam_toolbox_node-1] [INFO] [1787309540.035301744] [slam_toolbox]: Metric Scores: Initial: 0.999000, IOU: 0.810982, Area: 0.895646, Num Con: 3, Reading: 0.455556, outcome score: 0.997973.
[lifelong_slam_toolbox_node-1] [INFO] [1787309540.035316044] [slam_toolbox]: Metric Scores: Initial: 0.970000, IOU: 0.787252, Area: 0.879768, Num Con: 2, Reading: 0.233333, outcome score: 0.955000.
[lifelong_slam_toolbox_node-1] [INFO] [1787309540.035330344] [slam_toolbox]: Metric Scores: Initial: 0.996959, IOU: 0.763977, Area: 0.865040, Num Con: 3, Reading: 0.227778, outcome score: 0.995917.
[lifelong_slam_toolbox_node-1] [INFO] [1787309540.035340644] [slam_toolbox]: Metric Scores: Initial: 0.987227, IOU: 0.685914, Area: 0.812560, Num Con: 3, Reading: 0.177778, outcome score: 0.986091.
[lifelong_slam_toolbox_node-1] [INFO] [1787309540.035349744] [slam_toolbox]: Metric Scores: Initial: 0.942667, IOU: 0.744430, Area: 0.852356, Num Con: 2, Reading: 0.222222, outcome score: 0.928333.
[lifelong_slam_toolbox_node-1] [INFO] [1787309540.035358944] [slam_toolbox]: Metric Scores: Initial: 0.845667, IOU: 0.685472, Area: 0.812244, Num Con: 2, Reading: 0.177778, outcome score: 0.834000.
[lifelong_slam_toolbox_node-1] [INFO] [1787309540.035367644] [slam_toolbox]: Metric Scores: Initial: 0.930000, IOU: 0.727060, Area: 0.840866, Num Con: 2, Reading: 0.216667, outcome score: 0.916000.
[lifelong_slam_toolbox_node-1] [INFO] [1787309540.035377644] [slam_toolbox]: Metric Scores: Initial: 0.903322, IOU: 0.686859, Area: 0.813219, Num Con: 2, Reading: 0.180556, outcome score: 0.891489.
[lifelong_slam_toolbox_node-1] [INFO] [1787309540.035387544] [slam_toolbox]: Metric Scores: Initial: 0.919000, IOU: 0.714339, Area: 0.832261, Num Con: 2, Reading: 0.208333, outcome score: 0.905500.
[lifelong_slam_toolbox_node-1] [INFO] [1787309540.035396345] [slam_toolbox]: Metric Scores: Initial: 0.890500, IOU: 0.689708, Area: 0.815243, Num Con: 2, Reading: 0.186111, outcome score: 0.878333.
[lifelong_slam_toolbox_node-1] [INFO] [1787309540.035404645] [slam_toolbox]: Metric Scores: Initial: 0.907833, IOU: 0.703677, Area: 0.824942, Num Con: 2, Reading: 0.202778, outcome score: 0.894667.
[lifelong_slam_toolbox_node-1] [INFO] [1787309540.035413045] [slam_toolbox]: Metric Scores: Initial: 0.900000, IOU: 0.695384, Area: 0.819204, Num Con: 2, Reading: 0.191667, outcome score: 0.887500.
[lifelong_slam_toolbox_node-1] [INFO] [1787309540.836562982] [slam_toolbox]: Metric Scores: Initial: 1.000000, IOU: 0.998431, Area: 1.000000, Num Con: 2, Reading: 0.686111, outcome score: -1.000000.
[lifelong_slam_toolbox_node-1] [INFO] [1787309540.836642682] [slam_toolbox]: Metric Scores: Initial: 1.000000, IOU: 0.871709, Area: 0.930027, Num Con: 2, Reading: 0.697222, outcome score: -1.000000.
[lifelong_slam_toolbox_node-1] [INFO] [1787309540.836652682] [slam_toolbox]: Metric Scores: Initial: 0.999000, IOU: 0.840100, Area: 0.911770, Num Con: 3, Reading: 0.480556, outcome score: 0.997971.
[lifelong_slam_toolbox_node-1] [INFO] [1787309540.836663682] [slam_toolbox]: Metric Scores: Initial: 0.997973, IOU: 0.808780, Area: 0.894295, Num Con: 3, Reading: 0.455556, outcome score: 0.996917.
[lifelong_slam_toolbox_node-1] [INFO] [1787309540.836674682] [slam_toolbox]: Metric Scores: Initial: 0.955000, IOU: 0.785156, Area: 0.878449, Num Con: 2, Reading: 0.233333, outcome score: 0.940000.
[lifelong_slam_toolbox_node-1] [INFO] [1787309540.836686282] [slam_toolbox]: Metric Scores: Initial: 0.995917, IOU: 0.761970, Area: 0.863744, Num Con: 3, Reading: 0.227778, outcome score: 0.994861.
[lifelong_slam_toolbox_node-1] [INFO] [1787309540.836696482] [slam_toolbox]: Metric Scores: Initial: 0.986091, IOU: 0.684276, Area: 0.811402, Num Con: 3, Reading: 0.177778, outcome score: 0.984943.
[lifelong_slam_toolbox_node-1] [INFO] [1787309540.836705582] [slam_toolbox]: Metric Scores: Initial: 0.928333, IOU: 0.742498, Area: 0.851080, Num Con: 2, Reading: 0.222222, outcome score: 0.914000.
[lifelong_slam_toolbox_node-1] [INFO] [1787309540.836714582] [slam_toolbox]: Metric Scores: Initial: 0.834000, IOU: 0.683822, Area: 0.811077, Num Con: 2, Reading: 0.177778, outcome score: 0.822333.
[lifelong_slam_toolbox_node-1] [INFO] [1787309540.836723382] [slam_toolbox]: Metric Scores: Initial: 0.916000, IOU: 0.725196, Area: 0.839611, Num Con: 2, Reading: 0.216667, outcome score: 0.902000.
[lifelong_slam_toolbox_node-1] [INFO] [1787309540.836732783] [slam_toolbox]: Metric Scores: Initial: 0.891489, IOU: 0.685177, Area: 0.812032, Num Con: 2, Reading: 0.180556, outcome score: 0.879656.
[lifelong_slam_toolbox_node-1] [INFO] [1787309540.836742783] [slam_toolbox]: Metric Scores: Initial: 0.905500, IOU: 0.712525, Area: 0.831021, Num Con: 2, Reading: 0.208333, outcome score: 0.892000.
[lifelong_slam_toolbox_node-1] [INFO] [1787309540.836752683] [slam_toolbox]: Metric Scores: Initial: 0.878333, IOU: 0.688006, Area: 0.814045, Num Con: 2, Reading: 0.186111, outcome score: 0.866167.
[lifelong_slam_toolbox_node-1] [INFO] [1787309540.836761183] [slam_toolbox]: Metric Scores: Initial: 0.894667, IOU: 0.701903, Area: 0.823714, Num Con: 2, Reading: 0.202778, outcome score: 0.881500.
[lifelong_slam_toolbox_node-1] [INFO] [1787309540.836769883] [slam_toolbox]: Metric Scores: Initial: 0.887500, IOU: 0.693654, Area: 0.817994, Num Con: 2, Reading: 0.191667, outcome score: 0.875000.
[lifelong_slam_toolbox_node-1] W20260821 10:52:21.659471 647905 preprocessor.cc:67] Specified options.num_threads: 50 exceeds maximum available from the threading model Ceres was compiled with: 8.  Bounding to maximum number available.
[lifelong_slam_toolbox_node-1] [INFO] [1787309541.660767043] [slam_toolbox]: Metric Scores: Initial: 0.997971, IOU: 0.838967, Area: 0.912028, Num Con: 2, Reading: 0.480556, outcome score: 0.968138.
[lifelong_slam_toolbox_node-1] [INFO] [1787309541.660817944] [slam_toolbox]: Metric Scores: Initial: 0.984943, IOU: 0.683648, Area: 0.811618, Num Con: 3, Reading: 0.177778, outcome score: 0.983782.
[lifelong_slam_toolbox_node-1] [INFO] [1787309541.660827544] [slam_toolbox]: Metric Scores: Initial: 0.996917, IOU: 0.807588, Area: 0.894785, Num Con: 3, Reading: 0.455556, outcome score: 0.995833.
[lifelong_slam_toolbox_node-1] [INFO] [1787309541.660838344] [slam_toolbox]: Metric Scores: Initial: 0.822333, IOU: 0.683118, Area: 0.811463, Num Con: 2, Reading: 0.177778, outcome score: 0.810667.
[lifelong_slam_toolbox_node-1] [INFO] [1787309541.660847644] [slam_toolbox]: Metric Scores: Initial: 0.940000, IOU: 0.783779, Area: 0.880157, Num Con: 2, Reading: 0.233333, outcome score: 0.925000.
[lifelong_slam_toolbox_node-1] [INFO] [1787309541.660858444] [slam_toolbox]: Metric Scores: Initial: 0.879656, IOU: 0.684384, Area: 0.812539, Num Con: 2, Reading: 0.180556, outcome score: 0.867822.
[lifelong_slam_toolbox_node-1] [INFO] [1787309541.660867044] [slam_toolbox]: Metric Scores: Initial: 0.994861, IOU: 0.760652, Area: 0.865495, Num Con: 3, Reading: 0.227778, outcome score: 0.993791.
[lifelong_slam_toolbox_node-1] [INFO] [1787309541.660876444] [slam_toolbox]: Metric Scores: Initial: 0.866167, IOU: 0.687135, Area: 0.814706, Num Con: 2, Reading: 0.186111, outcome score: 0.854000.
[lifelong_slam_toolbox_node-1] [INFO] [1787309541.660884844] [slam_toolbox]: Metric Scores: Initial: 0.914000, IOU: 0.741263, Area: 0.852629, Num Con: 2, Reading: 0.222222, outcome score: 0.899667.
[lifelong_slam_toolbox_node-1] [INFO] [1787309541.660894644] [slam_toolbox]: Metric Scores: Initial: 0.875000, IOU: 0.692707, Area: 0.818825, Num Con: 2, Reading: 0.191667, outcome score: 0.862500.
[lifelong_slam_toolbox_node-1] [INFO] [1787309541.660939744] [slam_toolbox]: Metric Scores: Initial: 0.902000, IOU: 0.724039, Area: 0.840945, Num Con: 2, Reading: 0.216667, outcome score: 0.888000.
[lifelong_slam_toolbox_node-1] [INFO] [1787309541.660951444] [slam_toolbox]: Metric Scores: Initial: 0.881500, IOU: 0.700867, Area: 0.824707, Num Con: 2, Reading: 0.202778, outcome score: 0.868333.
[lifelong_slam_toolbox_node-1] [INFO] [1787309541.660960744] [slam_toolbox]: Metric Scores: Initial: 0.892000, IOU: 0.711430, Area: 0.832184, Num Con: 2, Reading: 0.208333, outcome score: 0.878500.
[lifelong_slam_toolbox_node-1] [INFO] [1787309542.437149646] [slam_toolbox]: Metric Scores: Initial: 1.000000, IOU: 0.986478, Area: 0.992455, Num Con: 2, Reading: 0.686111, outcome score: -1.000000.
[lifelong_slam_toolbox_node-1] [INFO] [1787309542.437220447] [slam_toolbox]: Metric Scores: Initial: 0.882076, IOU: 0.974181, Area: 0.986207, Num Con: 2, Reading: 0.686111, outcome score: -1.000000.
[lifelong_slam_toolbox_node-1] [INFO] [1787309542.437238247] [slam_toolbox]: Metric Scores: Initial: 0.968138, IOU: 0.835739, Area: 0.910087, Num Con: 2, Reading: 0.480556, outcome score: 0.938304.
[lifelong_slam_toolbox_node-1] [INFO] [1787309542.437249747] [slam_toolbox]: Metric Scores: Initial: 0.779667, IOU: 0.962350, Area: 0.980136, Num Con: 2, Reading: 0.686111, outcome score: -1.000000.
[lifelong_slam_toolbox_node-1] [INFO] [1787309542.437263047] [slam_toolbox]: Metric Scores: Initial: 0.983782, IOU: 0.681387, Area: 0.809996, Num Con: 3, Reading: 0.177778, outcome score: 0.982609.
[lifelong_slam_toolbox_node-1] [INFO] [1787309542.437272547] [slam_toolbox]: Metric Scores: Initial: 0.995833, IOU: 0.804542, Area: 0.892886, Num Con: 3, Reading: 0.455556, outcome score: 0.994719.
[lifelong_slam_toolbox_node-1] [INFO] [1787309542.437282947] [slam_toolbox]: Metric Scores: Initial: 0.804000, IOU: 0.948476, Area: 0.972846, Num Con: 2, Reading: 0.686111, outcome score: -1.000000.
[lifelong_slam_toolbox_node-1] [INFO] [1787309542.437294847] [slam_toolbox]: Metric Scores: Initial: 0.810667, IOU: 0.680839, Area: 0.809827, Num Con: 2, Reading: 0.177778, outcome score: 0.799000.
[lifelong_slam_toolbox_node-1] [INFO] [1787309542.437303247] [slam_toolbox]: Metric Scores: Initial: 0.925000, IOU: 0.780875, Area: 0.878298, Num Con: 2, Reading: 0.233333, outcome score: 0.910000.
[lifelong_slam_toolbox_node-1] [INFO] [1787309542.437312747] [slam_toolbox]: Metric Scores: Initial: 0.827167, IOU: 0.936257, Area: 0.966364, Num Con: 2, Reading: 0.686111, outcome score: -1.000000.
[lifelong_slam_toolbox_node-1] [INFO] [1787309542.437324747] [slam_toolbox]: Metric Scores: Initial: 0.867822, IOU: 0.682060, Area: 0.810873, Num Con: 2, Reading: 0.180556, outcome score: 0.855989.
[lifelong_slam_toolbox_node-1] [INFO] [1787309542.437333847] [slam_toolbox]: Metric Scores: Initial: 0.993791, IOU: 0.757872, Area: 0.863667, Num Con: 3, Reading: 0.227778, outcome score: 0.992706.
[lifelong_slam_toolbox_node-1] [INFO] [1787309542.437343747] [slam_toolbox]: Metric Scores: Initial: 0.851000, IOU: 0.926486, Area: 0.961168, Num Con: 2, Reading: 0.686111, outcome score: -1.000000.
[lifelong_slam_toolbox_node-1] [INFO] [1787309542.437356647] [slam_toolbox]: Metric Scores: Initial: 0.854000, IOU: 0.684782, Area: 0.813023, Num Con: 2, Reading: 0.186111, outcome score: 0.841833.
[lifelong_slam_toolbox_node-1] [INFO] [1787309542.437366547] [slam_toolbox]: Metric Scores: Initial: 0.899667, IOU: 0.738586, Area: 0.850831, Num Con: 2, Reading: 0.222222, outcome score: 0.885333.
[lifelong_slam_toolbox_node-1] [INFO] [1787309542.437376647] [slam_toolbox]: Metric Scores: Initial: 0.878333, IOU: 0.918065, Area: 0.956604, Num Con: 2, Reading: 0.680556, outcome score: -1.000000.
[lifelong_slam_toolbox_node-1] [INFO] [1787309542.437387248] [slam_toolbox]: Metric Scores: Initial: 0.862500, IOU: 0.690314, Area: 0.817125, Num Con: 2, Reading: 0.191667, outcome score: 0.850000.
[lifelong_slam_toolbox_node-1] [INFO] [1787309542.437396248] [slam_toolbox]: Metric Scores: Initial: 0.888000, IOU: 0.721458, Area: 0.839177, Num Con: 2, Reading: 0.216667, outcome score: 0.874000.
[lifelong_slam_toolbox_node-1] [INFO] [1787309542.437405048] [slam_toolbox]: Metric Scores: Initial: 0.901333, IOU: 0.908780, Area: 0.951547, Num Con: 2, Reading: 0.680556, outcome score: -1.000000.
[lifelong_slam_toolbox_node-1] [INFO] [1787309542.437416648] [slam_toolbox]: Metric Scores: Initial: 0.868333, IOU: 0.698411, Area: 0.822979, Num Con: 2, Reading: 0.202778, outcome score: 0.855167.
[lifelong_slam_toolbox_node-1] [INFO] [1787309542.437426248] [slam_toolbox]: Metric Scores: Initial: 0.878500, IOU: 0.708919, Area: 0.830438, Num Con: 2, Reading: 0.208333, outcome score: 0.865000.
[lifelong_slam_toolbox_node-1] [INFO] [1787309542.437464048] [slam_toolbox]: Metric Scores: Initial: 0.909000, IOU: 0.902769, Area: 0.948235, Num Con: 2, Reading: 0.680556, outcome score: -1.000000.
[lifelong_slam_toolbox_node-1] [INFO] [1787309542.437474848] [slam_toolbox]: Metric Scores: Initial: 1.000000, IOU: 0.909581, Area: 0.952516, Num Con: 2, Reading: 0.691667, outcome score: -1.000000.
[lifelong_slam_toolbox_node-1] [INFO] [1787309542.437485748] [slam_toolbox]: Metric Scores: Initial: 0.922000, IOU: 0.899198, Area: 0.946237, Num Con: 2, Reading: 0.672222, outcome score: -1.000000.
[lifelong_slam_toolbox_node-1] [INFO] [1787309542.437497448] [slam_toolbox]: Metric Scores: Initial: 0.933333, IOU: 0.880028, Area: 0.935481, Num Con: 2, Reading: 0.666667, outcome score: -1.000000.
[lifelong_slam_toolbox_node-1] [INFO] [1787309542.437506548] [slam_toolbox]: Metric Scores: Initial: 0.904000, IOU: 0.858034, Area: 0.922912, Num Con: 2, Reading: 0.477778, outcome score: -1.000000.
[lifelong_slam_toolbox_node-1] [INFO] [1787309542.437515948] [slam_toolbox]: Metric Scores: Initial: 0.926000, IOU: 0.835731, Area: 0.909802, Num Con: 2, Reading: 0.422222, outcome score: 0.899667.
[lifelong_slam_toolbox_node-1] [INFO] [1787309543.242153304] [slam_toolbox]: Metric Scores: Initial: 0.938304, IOU: 0.837857, Area: 0.911360, Num Con: 2, Reading: 0.480556, outcome score: 0.908471.
[lifelong_slam_toolbox_node-1] [INFO] [1787309543.242242004] [slam_toolbox]: Metric Scores: Initial: 0.982609, IOU: 0.683271, Area: 0.811342, Num Con: 3, Reading: 0.177778, outcome score: 0.981424.
[lifelong_slam_toolbox_node-1] [INFO] [1787309543.242259005] [slam_toolbox]: Metric Scores: Initial: 0.994719, IOU: 0.806599, Area: 0.894168, Num Con: 3, Reading: 0.455556, outcome score: 0.993575.
[lifelong_slam_toolbox_node-1] [INFO] [1787309543.242276605] [slam_toolbox]: Metric Scores: Initial: 0.799000, IOU: 0.682707, Area: 0.811164, Num Con: 2, Reading: 0.177778, outcome score: 0.787333.
[lifelong_slam_toolbox_node-1] [INFO] [1787309543.242289605] [slam_toolbox]: Metric Scores: Initial: 0.910000, IOU: 0.782889, Area: 0.879586, Num Con: 2, Reading: 0.233333, outcome score: 0.895000.
[lifelong_slam_toolbox_node-1] [INFO] [1787309543.242306205] [slam_toolbox]: Metric Scores: Initial: 0.855989, IOU: 0.683904, Area: 0.812191, Num Con: 2, Reading: 0.180556, outcome score: 0.844156.
[lifelong_slam_toolbox_node-1] [INFO] [1787309543.242319905] [slam_toolbox]: Metric Scores: Initial: 0.992706, IOU: 0.759836, Area: 0.864956, Num Con: 3, Reading: 0.227778, outcome score: 0.991607.
[lifelong_slam_toolbox_node-1] [INFO] [1787309543.242358705] [slam_toolbox]: Metric Scores: Initial: 0.841833, IOU: 0.686620, Area: 0.814334, Num Con: 2, Reading: 0.186111, outcome score: 0.829667.
[lifelong_slam_toolbox_node-1] [INFO] [1787309543.242374205] [slam_toolbox]: Metric Scores: Initial: 0.885333, IOU: 0.740509, Area: 0.852120, Num Con: 2, Reading: 0.222222, outcome score: 0.871000.
[lifelong_slam_toolbox_node-1] [INFO] [1787309543.242389305] [slam_toolbox]: Metric Scores: Initial: 0.850000, IOU: 0.692156, Area: 0.818430, Num Con: 2, Reading: 0.191667, outcome score: 0.837500.
[lifelong_slam_toolbox_node-1] [INFO] [1787309543.242401605] [slam_toolbox]: Metric Scores: Initial: 0.874000, IOU: 0.723349, Area: 0.840470, Num Con: 2, Reading: 0.216667, outcome score: 0.860000.
[lifelong_slam_toolbox_node-1] [INFO] [1787309543.242416105] [slam_toolbox]: Metric Scores: Initial: 0.855167, IOU: 0.700256, Area: 0.824274, Num Con: 2, Reading: 0.202778, outcome score: 0.842000.
[lifelong_slam_toolbox_node-1] [INFO] [1787309543.242429606] [slam_toolbox]: Metric Scores: Initial: 0.865000, IOU: 0.710785, Area: 0.831733, Num Con: 2, Reading: 0.208333, outcome score: 0.851500.
[lifelong_slam_toolbox_node-1] [INFO] [1787309544.035669400] [slam_toolbox]: Metric Scores: Initial: 0.908471, IOU: 0.839694, Area: 0.912440, Num Con: 2, Reading: 0.480556, outcome score: 0.878638.
[lifelong_slam_toolbox_node-1] [INFO] [1787309544.035732700] [slam_toolbox]: Metric Scores: Initial: 0.981424, IOU: 0.684942, Area: 0.812514, Num Con: 3, Reading: 0.177778, outcome score: 0.980225.
[lifelong_slam_toolbox_node-1] [INFO] [1787309544.035744100] [slam_toolbox]: Metric Scores: Initial: 0.993575, IOU: 0.808389, Area: 0.895259, Num Con: 3, Reading: 0.455556, outcome score: 0.992399.
[lifelong_slam_toolbox_node-1] [INFO] [1787309544.035758900] [slam_toolbox]: Metric Scores: Initial: 0.787333, IOU: 0.684362, Area: 0.812326, Num Con: 2, Reading: 0.177778, outcome score: 0.775667.
[lifelong_slam_toolbox_node-1] [INFO] [1787309544.035770300] [slam_toolbox]: Metric Scores: Initial: 0.895000, IOU: 0.784646, Area: 0.880686, Num Con: 2, Reading: 0.233333, outcome score: 0.880000.
[lifelong_slam_toolbox_node-1] [INFO] [1787309544.035783200] [slam_toolbox]: Metric Scores: Initial: 0.844156, IOU: 0.685533, Area: 0.813333, Num Con: 2, Reading: 0.180556, outcome score: 0.832322.
[lifelong_slam_toolbox_node-1] [INFO] [1787309544.035863701] [slam_toolbox]: Metric Scores: Initial: 0.991607, IOU: 0.761552, Area: 0.866059, Num Con: 3, Reading: 0.227778, outcome score: 0.990492.
[lifelong_slam_toolbox_node-1] [INFO] [1787309544.035878601] [slam_toolbox]: Metric Scores: Initial: 0.829667, IOU: 0.688241, Area: 0.815467, Num Con: 2, Reading: 0.186111, outcome score: 0.817500.
[lifelong_slam_toolbox_node-1] [INFO] [1787309544.035889701] [slam_toolbox]: Metric Scores: Initial: 0.871000, IOU: 0.742192, Area: 0.853226, Num Con: 2, Reading: 0.222222, outcome score: 0.856667.
[lifelong_slam_toolbox_node-1] [INFO] [1787309544.035899901] [slam_toolbox]: Metric Scores: Initial: 1.000000, IOU: 0.913748, Area: 0.954843, Num Con: 2, Reading: 0.686111, outcome score: -1.000000.
[lifelong_slam_toolbox_node-1] [INFO] [1787309544.035909701] [slam_toolbox]: Metric Scores: Initial: 0.837500, IOU: 0.693778, Area: 0.819557, Num Con: 2, Reading: 0.191667, outcome score: 0.825000.
[lifelong_slam_toolbox_node-1] [INFO] [1787309544.035919101] [slam_toolbox]: Metric Scores: Initial: 0.860000, IOU: 0.725006, Area: 0.841580, Num Con: 2, Reading: 0.216667, outcome score: 0.846000.
[lifelong_slam_toolbox_node-1] [INFO] [1787309544.035929501] [slam_toolbox]: Metric Scores: Initial: 0.842000, IOU: 0.701877, Area: 0.825390, Num Con: 2, Reading: 0.202778, outcome score: 0.828833.
[lifelong_slam_toolbox_node-1] [INFO] [1787309544.035939401] [slam_toolbox]: Metric Scores: Initial: 0.851500, IOU: 0.712423, Area: 0.832847, Num Con: 2, Reading: 0.208333, outcome score: 0.838000.
[lifelong_slam_toolbox_node-1] [INFO] [1787309544.846752190] [slam_toolbox]: Metric Scores: Initial: 0.878638, IOU: 0.843290, Area: 0.914539, Num Con: 2, Reading: 0.480556, outcome score: 0.848804.
[lifelong_slam_toolbox_node-1] [INFO] [1787309544.846824891] [slam_toolbox]: Metric Scores: Initial: 0.980225, IOU: 0.688000, Area: 0.814644, Num Con: 3, Reading: 0.177778, outcome score: 0.979015.
[lifelong_slam_toolbox_node-1] [INFO] [1787309544.846841091] [slam_toolbox]: Metric Scores: Initial: 0.992399, IOU: 0.811862, Area: 0.897361, Num Con: 3, Reading: 0.455556, outcome score: 0.991191.
[lifelong_slam_toolbox_node-1] [INFO] [1787309544.846857991] [slam_toolbox]: Metric Scores: Initial: 0.775667, IOU: 0.687402, Area: 0.814446, Num Con: 2, Reading: 0.177778, outcome score: 0.764000.
[lifelong_slam_toolbox_node-1] [INFO] [1787309544.846870691] [slam_toolbox]: Metric Scores: Initial: 0.880000, IOU: 0.788028, Area: 0.882788, Num Con: 2, Reading: 0.233333, outcome score: 0.865000.
[lifelong_slam_toolbox_node-1] [INFO] [1787309544.846888491] [slam_toolbox]: Metric Scores: Initial: 0.832322, IOU: 0.688549, Area: 0.815434, Num Con: 2, Reading: 0.180556, outcome score: 0.820489.
[lifelong_slam_toolbox_node-1] [INFO] [1787309544.846901191] [slam_toolbox]: Metric Scores: Initial: 0.990492, IOU: 0.764836, Area: 0.868156, Num Con: 3, Reading: 0.227778, outcome score: 0.989362.
[lifelong_slam_toolbox_node-1] [INFO] [1787309544.846914591] [slam_toolbox]: Metric Scores: Initial: 0.817500, IOU: 0.691258, Area: 0.817562, Num Con: 2, Reading: 0.186111, outcome score: 0.805333.
[lifelong_slam_toolbox_node-1] [INFO] [1787309544.846929091] [slam_toolbox]: Metric Scores: Initial: 0.856667, IOU: 0.745397, Area: 0.855317, Num Con: 2, Reading: 0.222222, outcome score: 0.842333.
[lifelong_slam_toolbox_node-1] [INFO] [1787309544.846943791] [slam_toolbox]: Metric Scores: Initial: 0.825000, IOU: 0.696809, Area: 0.821648, Num Con: 2, Reading: 0.191667, outcome score: 0.812500.
[lifelong_slam_toolbox_node-1] [INFO] [1787309544.846957991] [slam_toolbox]: Metric Scores: Initial: 0.846000, IOU: 0.728144, Area: 0.843669, Num Con: 2, Reading: 0.216667, outcome score: 0.832000.
[lifelong_slam_toolbox_node-1] [INFO] [1787309544.846973291] [slam_toolbox]: Metric Scores: Initial: 0.828833, IOU: 0.704925, Area: 0.827473, Num Con: 2, Reading: 0.202778, outcome score: 0.815667.
[lifelong_slam_toolbox_node-1] [INFO] [1787309544.846988491] [slam_toolbox]: Metric Scores: Initial: 0.838000, IOU: 0.715513, Area: 0.834933, Num Con: 2, Reading: 0.208333, outcome score: 0.824500.
[lifelong_slam_toolbox_node-1] 
[lifelong_slam_toolbox_node-1] Solver Summary (v 2.2.0-eigen-(3.4.0)-lapack-suitesparse-(7.6.1)-eigensparse)
[lifelong_slam_toolbox_node-1] 
[lifelong_slam_toolbox_node-1]                                      Original                  Reduced
[lifelong_slam_toolbox_node-1] Parameter blocks                          141                      126
[lifelong_slam_toolbox_node-1] Parameters                                141                      126
[lifelong_slam_toolbox_node-1] Residual blocks                            43                       43
[lifelong_slam_toolbox_node-1] Residuals                                 129                      129
[lifelong_slam_toolbox_node-1] 
[lifelong_slam_toolbox_node-1] Minimizer                        TRUST_REGION
[lifelong_slam_toolbox_node-1] Trust region strategy     LEVENBERG_MARQUARDT
[lifelong_slam_toolbox_node-1] Sparse linear algebra library    SUITE_SPARSE 
[lifelong_slam_toolbox_node-1] 
[lifelong_slam_toolbox_node-1]                                         Given                     Used
[lifelong_slam_toolbox_node-1] Linear solver          SPARSE_NORMAL_CHOLESKY   SPARSE_NORMAL_CHOLESKY
[lifelong_slam_toolbox_node-1] Threads                                    50                        8
[lifelong_slam_toolbox_node-1] Linear solver ordering              AUTOMATIC                      126
[lifelong_slam_toolbox_node-1] 
[lifelong_slam_toolbox_node-1] Cost:
[lifelong_slam_toolbox_node-1] Initial                          3.274716e-01
[lifelong_slam_toolbox_node-1] Final                            1.622373e-02
[lifelong_slam_toolbox_node-1] Change                           3.112479e-01
[lifelong_slam_toolbox_node-1] 
[lifelong_slam_toolbox_node-1] Minimizer iterations                        2
[lifelong_slam_toolbox_node-1] Successful steps                            2
[lifelong_slam_toolbox_node-1] Unsuccessful steps                          0
[lifelong_slam_toolbox_node-1] 
[lifelong_slam_toolbox_node-1] Time (in seconds):
[lifelong_slam_toolbox_node-1] Preprocessor                         0.000232
[lifelong_slam_toolbox_node-1] 
[lifelong_slam_toolbox_node-1]   Residual only evaluation           0.000042 (2)
[lifelong_slam_toolbox_node-1]   Jacobian & residual evaluation     0.000184 (2)
[lifelong_slam_toolbox_node-1]   Linear solver                      0.000218 (2)
[lifelong_slam_toolbox_node-1] Minimizer                            0.000518
[lifelong_slam_toolbox_node-1] 
[lifelong_slam_toolbox_node-1] Postprocessor                        0.000008
[lifelong_slam_toolbox_node-1] Total                                0.000758
[lifelong_slam_toolbox_node-1] 
[lifelong_slam_toolbox_node-1] Termination:                      CONVERGENCE (Parameter tolerance reached. Relative step_norm: 3.188495e-05 <= 1.000000e-03.)
[lifelong_slam_toolbox_node-1] 
[lifelong_slam_toolbox_node-1] [INFO] [1787309545.636770267] [slam_toolbox]: Metric Scores: Initial: 0.848804, IOU: 0.848464, Area: 0.917598, Num Con: 2, Reading: 0.480556, outcome score: 0.818971.
[lifelong_slam_toolbox_node-1] [INFO] [1787309545.636832567] [slam_toolbox]: Metric Scores: Initial: 0.979015, IOU: 0.692347, Area: 0.817707, Num Con: 3, Reading: 0.177778, outcome score: 0.977791.
[lifelong_slam_toolbox_node-1] [INFO] [1787309545.636844267] [slam_toolbox]: Metric Scores: Initial: 0.991191, IOU: 0.816850, Area: 0.900419, Num Con: 3, Reading: 0.455556, outcome score: 0.989951.
[lifelong_slam_toolbox_node-1] [INFO] [1787309545.636858667] [slam_toolbox]: Metric Scores: Initial: 0.764000, IOU: 0.691729, Area: 0.817497, Num Con: 2, Reading: 0.177778, outcome score: 0.752333.
[lifelong_slam_toolbox_node-1] [INFO] [1787309545.636870367] [slam_toolbox]: Metric Scores: Initial: 0.865000, IOU: 0.792878, Area: 0.885842, Num Con: 2, Reading: 0.233333, outcome score: 0.850000.
[lifelong_slam_toolbox_node-1] [INFO] [1787309545.636879367] [slam_toolbox]: Metric Scores: Initial: 1.000000, IOU: 0.891260, Area: 0.942448, Num Con: 2, Reading: 0.683333, outcome score: -1.000000.
[lifelong_slam_toolbox_node-1] [INFO] [1787309545.636888567] [slam_toolbox]: Metric Scores: Initial: 0.820489, IOU: 0.692849, Area: 0.818463, Num Con: 2, Reading: 0.180556, outcome score: 0.808656.
[lifelong_slam_toolbox_node-1] [INFO] [1787309545.636898467] [slam_toolbox]: Metric Scores: Initial: 0.989362, IOU: 0.769543, Area: 0.871198, Num Con: 3, Reading: 0.227778, outcome score: 0.988217.
[lifelong_slam_toolbox_node-1] [INFO] [1787309545.636910968] [slam_toolbox]: Metric Scores: Initial: 0.805333, IOU: 0.695559, Area: 0.820584, Num Con: 2, Reading: 0.186111, outcome score: 0.793167.
[lifelong_slam_toolbox_node-1] [INFO] [1787309545.636921768] [slam_toolbox]: Metric Scores: Initial: 0.842333, IOU: 0.749986, Area: 0.858349, Num Con: 2, Reading: 0.222222, outcome score: 0.828000.
[lifelong_slam_toolbox_node-1] [INFO] [1787309545.636931968] [slam_toolbox]: Metric Scores: Initial: 0.812500, IOU: 0.701134, Area: 0.824668, Num Con: 2, Reading: 0.191667, outcome score: 0.800000.
[lifelong_slam_toolbox_node-1] [INFO] [1787309545.636954568] [slam_toolbox]: Metric Scores: Initial: 0.832000, IOU: 0.732634, Area: 0.846693, Num Con: 2, Reading: 0.216667, outcome score: 0.818000.
[lifelong_slam_toolbox_node-1] [INFO] [1787309545.636964868] [slam_toolbox]: Metric Scores: Initial: 0.815667, IOU: 0.709281, Area: 0.830486, Num Con: 2, Reading: 0.202778, outcome score: 0.802500.
[lifelong_slam_toolbox_node-1] [INFO] [1787309545.636975068] [slam_toolbox]: Metric Scores: Initial: 0.824500, IOU: 0.719931, Area: 0.837952, Num Con: 2, Reading: 0.208333, outcome score: 0.811000.
[lifelong_slam_toolbox_node-1] [INFO] [1787309546.436561696] [slam_toolbox]: Metric Scores: Initial: 0.818971, IOU: 0.855539, Area: 0.921722, Num Con: 2, Reading: 0.480556, outcome score: -1.000000.
[lifelong_slam_toolbox_node-1] [INFO] [1787309546.436618997] [slam_toolbox]: Metric Scores: Initial: 0.977791, IOU: 0.698167, Area: 0.821755, Num Con: 3, Reading: 0.177778, outcome score: 0.976554.
[lifelong_slam_toolbox_node-1] [INFO] [1787309546.436631597] [slam_toolbox]: Metric Scores: Initial: 0.989951, IOU: 0.823652, Area: 0.904530, Num Con: 3, Reading: 0.455556, outcome score: 0.988676.
[lifelong_slam_toolbox_node-1] [INFO] [1787309546.436641797] [slam_toolbox]: Metric Scores: Initial: 0.752333, IOU: 0.697528, Area: 0.821535, Num Con: 2, Reading: 0.177778, outcome score: 0.740667.
[lifelong_slam_toolbox_node-1] [INFO] [1787309546.436652997] [slam_toolbox]: Metric Scores: Initial: 0.850000, IOU: 0.799476, Area: 0.889939, Num Con: 2, Reading: 0.233333, outcome score: 0.835000.
[lifelong_slam_toolbox_node-1] [INFO] [1787309546.436662797] [slam_toolbox]: Metric Scores: Initial: 0.808656, IOU: 0.698627, Area: 0.822481, Num Con: 2, Reading: 0.180556, outcome score: 0.796822.
[lifelong_slam_toolbox_node-1] [INFO] [1787309546.436671897] [slam_toolbox]: Metric Scores: Initial: 0.988217, IOU: 0.775936, Area: 0.875273, Num Con: 3, Reading: 0.227778, outcome score: 0.987056.
[lifelong_slam_toolbox_node-1] [INFO] [1787309546.436680797] [slam_toolbox]: Metric Scores: Initial: 0.793167, IOU: 0.701349, Area: 0.824598, Num Con: 2, Reading: 0.186111, outcome score: 0.781000.
[lifelong_slam_toolbox_node-1] [INFO] [1787309546.436691197] [slam_toolbox]: Metric Scores: Initial: 0.828000, IOU: 0.756208, Area: 0.862404, Num Con: 2, Reading: 0.222222, outcome score: 0.813667.
[lifelong_slam_toolbox_node-1] [INFO] [1787309546.436699897] [slam_toolbox]: Metric Scores: Initial: 0.800000, IOU: 0.706962, Area: 0.828683, Num Con: 2, Reading: 0.191667, outcome score: 0.787500.
[lifelong_slam_toolbox_node-1] [INFO] [1787309546.436710997] [slam_toolbox]: Metric Scores: Initial: 0.818000, IOU: 0.738711, Area: 0.850732, Num Con: 2, Reading: 0.216667, outcome score: 0.804000.
[lifelong_slam_toolbox_node-1] [INFO] [1787309546.436757097] [slam_toolbox]: Metric Scores: Initial: 0.802500, IOU: 0.715161, Area: 0.834501, Num Con: 2, Reading: 0.202778, outcome score: 0.789333.
[lifelong_slam_toolbox_node-1] [INFO] [1787309546.436768597] [slam_toolbox]: Metric Scores: Initial: 0.811000, IOU: 0.725902, Area: 0.841979, Num Con: 2, Reading: 0.208333, outcome score: 0.797500.
[lifelong_slam_toolbox_node-1] [INFO] [1787309547.236407326] [slam_toolbox]: Metric Scores: Initial: 1.000000, IOU: 0.882405, Area: 0.937470, Num Con: 3, Reading: 0.680556, outcome score: 0.999000.
[lifelong_slam_toolbox_node-1] [INFO] [1787309547.236466526] [slam_toolbox]: Metric Scores: Initial: 0.976554, IOU: 0.705257, Area: 0.826637, Num Con: 3, Reading: 0.177778, outcome score: 0.975304.
[lifelong_slam_toolbox_node-1] [INFO] [1787309547.236482026] [slam_toolbox]: Metric Scores: Initial: 0.988676, IOU: 0.832041, Area: 0.909546, Num Con: 2, Reading: 0.455556, outcome score: 0.960343.
[lifelong_slam_toolbox_node-1] [INFO] [1787309547.236497026] [slam_toolbox]: Metric Scores: Initial: 0.740667, IOU: 0.704599, Area: 0.826408, Num Con: 2, Reading: 0.177778, outcome score: 0.729000.
[lifelong_slam_toolbox_node-1] [INFO] [1787309547.236511827] [slam_toolbox]: Metric Scores: Initial: 0.835000, IOU: 0.807600, Area: 0.894929, Num Con: 2, Reading: 0.233333, outcome score: 0.820000.
[lifelong_slam_toolbox_node-1] [INFO] [1787309547.236526527] [slam_toolbox]: Metric Scores: Initial: 0.796822, IOU: 0.705685, Area: 0.827341, Num Con: 2, Reading: 0.180556, outcome score: 0.784989.
[lifelong_slam_toolbox_node-1] [INFO] [1787309547.236539927] [slam_toolbox]: Metric Scores: Initial: 0.987056, IOU: 0.783798, Area: 0.880232, Num Con: 3, Reading: 0.227778, outcome score: 0.985879.
[lifelong_slam_toolbox_node-1] [INFO] [1787309547.236553427] [slam_toolbox]: Metric Scores: Initial: 0.781000, IOU: 0.708426, Area: 0.829457, Num Con: 2, Reading: 0.186111, outcome score: 0.768833.
[lifelong_slam_toolbox_node-1] [INFO] [1787309547.236566727] [slam_toolbox]: Metric Scores: Initial: 0.813667, IOU: 0.763853, Area: 0.867334, Num Con: 2, Reading: 0.222222, outcome score: 0.799333.
[lifelong_slam_toolbox_node-1] [INFO] [1787309547.236580227] [slam_toolbox]: Metric Scores: Initial: 0.787500, IOU: 0.714092, Area: 0.833547, Num Con: 2, Reading: 0.191667, outcome score: 0.775000.
[lifelong_slam_toolbox_node-1] [INFO] [1787309547.236595727] [slam_toolbox]: Metric Scores: Initial: 0.804000, IOU: 0.746168, Area: 0.855638, Num Con: 2, Reading: 0.216667, outcome score: 0.790000.
[lifelong_slam_toolbox_node-1] [INFO] [1787309547.236611327] [slam_toolbox]: Metric Scores: Initial: 0.789333, IOU: 0.722367, Area: 0.839370, Num Con: 2, Reading: 0.202778, outcome score: 0.776167.
[lifelong_slam_toolbox_node-1] [INFO] [1787309547.236625427] [slam_toolbox]: Metric Scores: Initial: 0.797500, IOU: 0.733222, Area: 0.846865, Num Con: 2, Reading: 0.208333, outcome score: 0.784000.
[lifelong_slam_toolbox_node-1] [INFO] [1787309548.035450751] [slam_toolbox]: Metric Scores: Initial: 1.000000, IOU: 0.883495, Area: 0.938092, Num Con: 2, Reading: 0.686111, outcome score: -1.000000.
[lifelong_slam_toolbox_node-1] [INFO] [1787309548.035509352] [slam_toolbox]: Metric Scores: Initial: 0.999000, IOU: 0.874506, Area: 0.932994, Num Con: 3, Reading: 0.680556, outcome score: 0.997959.
[lifelong_slam_toolbox_node-1] [INFO] [1787309548.035520952] [slam_toolbox]: Metric Scores: Initial: 0.975304, IOU: 0.715437, Area: 0.833594, Num Con: 3, Reading: 0.177778, outcome score: 0.974040.
[lifelong_slam_toolbox_node-1] [INFO] [1787309548.035532752] [slam_toolbox]: Metric Scores: Initial: 0.960343, IOU: 0.844207, Area: 0.916758, Num Con: 2, Reading: 0.455556, outcome score: 0.932009.
[lifelong_slam_toolbox_node-1] [INFO] [1787309548.035542852] [slam_toolbox]: Metric Scores: Initial: 0.729000, IOU: 0.714759, Area: 0.833358, Num Con: 2, Reading: 0.177778, outcome score: 0.717333.
[lifelong_slam_toolbox_node-1] [INFO] [1787309548.035551752] [slam_toolbox]: Metric Scores: Initial: 0.820000, IOU: 0.819366, Area: 0.902097, Num Con: 2, Reading: 0.233333, outcome score: 0.805000.
[lifelong_slam_toolbox_node-1] [INFO] [1787309548.035562752] [slam_toolbox]: Metric Scores: Initial: 0.784989, IOU: 0.715841, Area: 0.834281, Num Con: 2, Reading: 0.180556, outcome score: 0.773156.
[lifelong_slam_toolbox_node-1] [INFO] [1787309548.035572052] [slam_toolbox]: Metric Scores: Initial: 0.985879, IOU: 0.795173, Area: 0.887349, Num Con: 3, Reading: 0.227778, outcome score: 0.984686.
[lifelong_slam_toolbox_node-1] [INFO] [1787309548.035581152] [slam_toolbox]: Metric Scores: Initial: 0.768833, IOU: 0.718617, Area: 0.836401, Num Con: 2, Reading: 0.186111, outcome score: 0.756667.
[lifelong_slam_toolbox_node-1] [INFO] [1787309548.035590552] [slam_toolbox]: Metric Scores: Initial: 0.799333, IOU: 0.774904, Area: 0.874405, Num Con: 2, Reading: 0.222222, outcome score: 0.785000.
[lifelong_slam_toolbox_node-1] [INFO] [1787309548.035641752] [slam_toolbox]: Metric Scores: Initial: 0.775000, IOU: 0.724366, Area: 0.840504, Num Con: 2, Reading: 0.191667, outcome score: 0.762500.
[lifelong_slam_toolbox_node-1] [INFO] [1787309548.035653252] [slam_toolbox]: Metric Scores: Initial: 0.790000, IOU: 0.756937, Area: 0.862668, Num Con: 2, Reading: 0.216667, outcome score: 0.776000.
[lifelong_slam_toolbox_node-1] [INFO] [1787309548.035664053] [slam_toolbox]: Metric Scores: Initial: 0.776167, IOU: 0.732760, Area: 0.846341, Num Con: 2, Reading: 0.202778, outcome score: 0.763000.
[lifelong_slam_toolbox_node-1] [INFO] [1787309548.035673953] [slam_toolbox]: Metric Scores: Initial: 0.784000, IOU: 0.743787, Area: 0.853864, Num Con: 2, Reading: 0.208333, outcome score: 0.770500.
[lifelong_slam_toolbox_node-1] [INFO] [1787309548.837239692] [slam_toolbox]: Metric Scores: Initial: 0.974040, IOU: 0.725830, Area: 0.840603, Num Con: 3, Reading: 0.177778, outcome score: 0.972763.
[lifelong_slam_toolbox_node-1] [INFO] [1787309548.837294492] [slam_toolbox]: Metric Scores: Initial: 0.932009, IOU: 0.856627, Area: 0.924015, Num Con: 2, Reading: 0.455556, outcome score: -1.000000.
[lifelong_slam_toolbox_node-1] [INFO] [1787309548.837305292] [slam_toolbox]: Metric Scores: Initial: 0.717333, IOU: 0.725129, Area: 0.840360, Num Con: 2, Reading: 0.177778, outcome score: 0.705667.
[lifelong_slam_toolbox_node-1] [INFO] [1787309548.837316392] [slam_toolbox]: Metric Scores: Initial: 0.805000, IOU: 0.831377, Area: 0.909309, Num Con: 2, Reading: 0.233333, outcome score: 0.790000.
[lifelong_slam_toolbox_node-1] [INFO] [1787309548.837326392] [slam_toolbox]: Metric Scores: Initial: 0.773156, IOU: 0.726205, Area: 0.841272, Num Con: 2, Reading: 0.180556, outcome score: 0.761322.
[lifelong_slam_toolbox_node-1] [INFO] [1787309548.837335292] [slam_toolbox]: Metric Scores: Initial: 0.984686, IOU: 0.806783, Area: 0.894513, Num Con: 3, Reading: 0.227778, outcome score: 0.983476.
[lifelong_slam_toolbox_node-1] [INFO] [1787309548.837344592] [slam_toolbox]: Metric Scores: Initial: 0.756667, IOU: 0.729016, Area: 0.843394, Num Con: 2, Reading: 0.186111, outcome score: 0.744500.
[lifelong_slam_toolbox_node-1] [INFO] [1787309548.837353792] [slam_toolbox]: Metric Scores: Initial: 0.785000, IOU: 0.786182, Area: 0.881522, Num Con: 2, Reading: 0.222222, outcome score: 0.770667.
[lifelong_slam_toolbox_node-1] [INFO] [1787309548.837363492] [slam_toolbox]: Metric Scores: Initial: 0.762500, IOU: 0.734850, Area: 0.847508, Num Con: 2, Reading: 0.191667, outcome score: 0.750000.
[lifelong_slam_toolbox_node-1] [INFO] [1787309548.837372692] [slam_toolbox]: Metric Scores: Initial: 0.776000, IOU: 0.767927, Area: 0.869745, Num Con: 2, Reading: 0.216667, outcome score: 0.762000.
[lifelong_slam_toolbox_node-1] [INFO] [1787309548.837382492] [slam_toolbox]: Metric Scores: Initial: 0.763000, IOU: 0.743365, Area: 0.853359, Num Con: 2, Reading: 0.202778, outcome score: 0.749833.
[lifelong_slam_toolbox_node-1] [INFO] [1787309548.837391392] [slam_toolbox]: Metric Scores: Initial: 0.770500, IOU: 0.754567, Area: 0.860911, Num Con: 2, Reading: 0.208333, outcome score: 0.757000.
[lifelong_slam_toolbox_node-1] [INFO] [1787309549.643571756] [slam_toolbox]: Metric Scores: Initial: 1.000000, IOU: 0.889437, Area: 0.941450, Num Con: 3, Reading: 0.683333, outcome score: 0.999000.
[lifelong_slam_toolbox_node-1] [INFO] [1787309549.643631757] [slam_toolbox]: Metric Scores: Initial: 0.972763, IOU: 0.738003, Area: 0.848716, Num Con: 3, Reading: 0.177778, outcome score: 0.971473.
[lifelong_slam_toolbox_node-1] [INFO] [1787309549.643644057] [slam_toolbox]: Metric Scores: Initial: 0.705667, IOU: 0.737282, Area: 0.848469, Num Con: 2, Reading: 0.177778, outcome score: 0.694000.
[lifelong_slam_toolbox_node-1] [INFO] [1787309549.643654757] [slam_toolbox]: Metric Scores: Initial: 0.761322, IOU: 0.738363, Area: 0.849376, Num Con: 2, Reading: 0.180556, outcome score: 0.749489.
[lifelong_slam_toolbox_node-1] [INFO] [1787309549.643664857] [slam_toolbox]: Metric Scores: Initial: 0.744500, IOU: 0.741222, Area: 0.851505, Num Con: 2, Reading: 0.186111, outcome score: 0.732333.
[lifelong_slam_toolbox_node-1] [INFO] [1787309549.643674657] [slam_toolbox]: Metric Scores: Initial: 0.750000, IOU: 0.747162, Area: 0.855637, Num Con: 2, Reading: 0.191667, outcome score: 0.737500.
[lifelong_slam_toolbox_node-1] [INFO] [1787309549.643684057] [slam_toolbox]: Metric Scores: Initial: 0.749833, IOU: 0.755830, Area: 0.861510, Num Con: 2, Reading: 0.202778, outcome score: 0.736667.
[lifelong_slam_toolbox_node-1] [INFO] [1787309549.643693257] [slam_toolbox]: Metric Scores: Initial: 0.757000, IOU: 0.767244, Area: 0.869097, Num Con: 2, Reading: 0.208333, outcome score: 0.743500.
[lifelong_slam_toolbox_node-1] [INFO] [1787309549.643753057] [slam_toolbox]: Metric Scores: Initial: 0.762000, IOU: 0.780858, Area: 0.877971, Num Con: 2, Reading: 0.216667, outcome score: 0.748000.
[lifelong_slam_toolbox_node-1] [INFO] [1787309549.643763357] [slam_toolbox]: Metric Scores: Initial: 0.770667, IOU: 0.799462, Area: 0.889799, Num Con: 2, Reading: 0.222222, outcome score: 0.756333.
[lifelong_slam_toolbox_node-1] [INFO] [1787309549.643773257] [slam_toolbox]: Metric Scores: Initial: 0.983476, IOU: 0.820464, Area: 0.902847, Num Con: 3, Reading: 0.227778, outcome score: 0.982251.
[lifelong_slam_toolbox_node-1] [INFO] [1787309550.435507243] [slam_toolbox]: Metric Scores: Initial: 1.000000, IOU: 0.899532, Area: 0.947117, Num Con: 2, Reading: 0.688889, outcome score: -1.000000.
[lifelong_slam_toolbox_node-1] [INFO] [1787309550.435559643] [slam_toolbox]: Metric Scores: Initial: 0.999000, IOU: 0.885986, Area: 0.939525, Num Con: 3, Reading: 0.683333, outcome score: 0.997959.
[lifelong_slam_toolbox_node-1] [INFO] [1787309550.435577644] [slam_toolbox]: Metric Scores: Initial: 0.971473, IOU: 0.753488, Area: 0.858882, Num Con: 3, Reading: 0.177778, outcome score: 0.970169.
[lifelong_slam_toolbox_node-1] [INFO] [1787309550.435586944] [slam_toolbox]: Metric Scores: Initial: 0.694000, IOU: 0.752748, Area: 0.858634, Num Con: 2, Reading: 0.177778, outcome score: 0.682333.
[lifelong_slam_toolbox_node-1] [INFO] [1787309550.435597744] [slam_toolbox]: Metric Scores: Initial: 0.749489, IOU: 0.753848, Area: 0.859543, Num Con: 2, Reading: 0.180556, outcome score: 0.737656.
[lifelong_slam_toolbox_node-1] [INFO] [1787309550.435606644] [slam_toolbox]: Metric Scores: Initial: 0.732333, IOU: 0.756773, Area: 0.861685, Num Con: 2, Reading: 0.186111, outcome score: 0.720167.
[lifelong_slam_toolbox_node-1] [INFO] [1787309550.435616744] [slam_toolbox]: Metric Scores: Initial: 0.737500, IOU: 0.762854, Area: 0.865842, Num Con: 2, Reading: 0.191667, outcome score: 0.725000.
[lifelong_slam_toolbox_node-1] [INFO] [1787309550.435626344] [slam_toolbox]: Metric Scores: Initial: 0.736667, IOU: 0.771727, Area: 0.871749, Num Con: 2, Reading: 0.202778, outcome score: 0.723500.
[lifelong_slam_toolbox_node-1] [INFO] [1787309550.435637244] [slam_toolbox]: Metric Scores: Initial: 0.743500, IOU: 0.783419, Area: 0.879380, Num Con: 2, Reading: 0.208333, outcome score: 0.730000.
[lifelong_slam_toolbox_node-1] [INFO] [1787309550.435648444] [slam_toolbox]: Metric Scores: Initial: 0.748000, IOU: 0.797364, Area: 0.888307, Num Con: 2, Reading: 0.216667, outcome score: 0.734000.
[lifelong_slam_toolbox_node-1] [INFO] [1787309550.435658044] [slam_toolbox]: Metric Scores: Initial: 0.756333, IOU: 0.816425, Area: 0.900204, Num Con: 2, Reading: 0.222222, outcome score: 0.742000.
[lifelong_slam_toolbox_node-1] [INFO] [1787309550.435667344] [slam_toolbox]: Metric Scores: Initial: 0.982251, IOU: 0.837951, Area: 0.913327, Num Con: 3, Reading: 0.227778, outcome score: 0.981008.
[lifelong_slam_toolbox_node-1] W20260821 10:52:31.258288 647905 preprocessor.cc:67] Specified options.num_threads: 50 exceeds maximum available from the threading model Ceres was compiled with: 8.  Bounding to maximum number available.
[lifelong_slam_toolbox_node-1] [INFO] [1787309551.259397103] [slam_toolbox]: Metric Scores: Initial: 0.997959, IOU: 0.878583, Area: 0.935366, Num Con: 2, Reading: 0.686111, outcome score: -1.000000.
[lifelong_slam_toolbox_node-1] [INFO] [1787309551.259443603] [slam_toolbox]: Metric Scores: Initial: 0.970169, IOU: 0.771566, Area: 0.869819, Num Con: 3, Reading: 0.177778, outcome score: 0.968850.
[lifelong_slam_toolbox_node-1] [INFO] [1787309551.259455503] [slam_toolbox]: Metric Scores: Initial: 0.682333, IOU: 0.770863, Area: 0.869370, Num Con: 2, Reading: 0.177778, outcome score: 0.670667.
[lifelong_slam_toolbox_node-1] [INFO] [1787309551.259466203] [slam_toolbox]: Metric Scores: Initial: 0.737656, IOU: 0.772040, Area: 0.870123, Num Con: 2, Reading: 0.180556, outcome score: 0.725822.
[lifelong_slam_toolbox_node-1] [INFO] [1787309551.259475803] [slam_toolbox]: Metric Scores: Initial: 0.720167, IOU: 0.775103, Area: 0.872099, Num Con: 2, Reading: 0.186111, outcome score: 0.708000.
[lifelong_slam_toolbox_node-1] [INFO] [1787309551.259484903] [slam_toolbox]: Metric Scores: Initial: 0.725000, IOU: 0.781406, Area: 0.876088, Num Con: 2, Reading: 0.191667, outcome score: 0.712500.
[lifelong_slam_toolbox_node-1] [INFO] [1787309551.259494503] [slam_toolbox]: Metric Scores: Initial: 0.723500, IOU: 0.790576, Area: 0.881836, Num Con: 2, Reading: 0.202778, outcome score: 0.710333.
[lifelong_slam_toolbox_node-1] [INFO] [1787309551.259504803] [slam_toolbox]: Metric Scores: Initial: 0.730000, IOU: 0.802627, Area: 0.889325, Num Con: 2, Reading: 0.208333, outcome score: 0.716500.
[lifelong_slam_toolbox_node-1] [INFO] [1787309551.259513204] [slam_toolbox]: Metric Scores: Initial: 0.734000, IOU: 0.816994, Area: 0.898113, Num Con: 2, Reading: 0.216667, outcome score: 0.720000.
[lifelong_slam_toolbox_node-1] [INFO] [1787309551.259521304] [slam_toolbox]: Metric Scores: Initial: 0.742000, IOU: 0.836629, Area: 0.909839, Num Con: 2, Reading: 0.222222, outcome score: 0.727667.
[lifelong_slam_toolbox_node-1] [INFO] [1787309551.259529504] [slam_toolbox]: Metric Scores: Initial: 0.981008, IOU: 0.858809, Area: 0.922813, Num Con: 3, Reading: 0.227778, outcome score: 0.979748.
[lifelong_slam_toolbox_node-1] [INFO] [1787309552.037630615] [slam_toolbox]: Metric Scores: Initial: 0.899667, IOU: 0.975749, Area: 0.986521, Num Con: 2, Reading: 0.605556, outcome score: -1.000000.
[lifelong_slam_toolbox_node-1] [INFO] [1787309552.037700516] [slam_toolbox]: Metric Scores: Initial: 0.968850, IOU: 0.790877, Area: 0.881979, Num Con: 3, Reading: 0.433333, outcome score: 0.967040.
[lifelong_slam_toolbox_node-1] [INFO] [1787309552.037750516] [slam_toolbox]: Metric Scores: Initial: 0.670667, IOU: 0.790149, Area: 0.881525, Num Con: 2, Reading: 0.430556, outcome score: 0.643833.
[lifelong_slam_toolbox_node-1] [INFO] [1787309552.037764916] [slam_toolbox]: Metric Scores: Initial: 0.725822, IOU: 0.791352, Area: 0.882277, Num Con: 2, Reading: 0.427778, outcome score: 0.699156.
[lifelong_slam_toolbox_node-1] [INFO] [1787309552.037776616] [slam_toolbox]: Metric Scores: Initial: 0.708000, IOU: 0.794501, Area: 0.884266, Num Con: 2, Reading: 0.427778, outcome score: 0.681333.
[lifelong_slam_toolbox_node-1] [INFO] [1787309552.037789016] [slam_toolbox]: Metric Scores: Initial: 0.712500, IOU: 0.800985, Area: 0.888280, Num Con: 2, Reading: 0.430556, outcome score: 0.685667.
[lifelong_slam_toolbox_node-1] [INFO] [1787309552.037799916] [slam_toolbox]: Metric Scores: Initial: 0.710333, IOU: 0.810418, Area: 0.894066, Num Con: 2, Reading: 0.433333, outcome score: 0.683333.
[lifelong_slam_toolbox_node-1] [INFO] [1787309552.037809216] [slam_toolbox]: Metric Scores: Initial: 1.000000, IOU: 0.861628, Area: 0.925680, Num Con: 2, Reading: 0.425000, outcome score: -1.000000.
[lifelong_slam_toolbox_node-1] [INFO] [1787309552.037818517] [slam_toolbox]: Metric Scores: Initial: 0.716500, IOU: 0.822822, Area: 0.901605, Num Con: 2, Reading: 0.436111, outcome score: 0.689333.
[lifelong_slam_toolbox_node-1] [INFO] [1787309552.037826517] [slam_toolbox]: Metric Scores: Initial: 0.720000, IOU: 0.837613, Area: 0.910452, Num Con: 2, Reading: 0.436111, outcome score: 0.692833.
[lifelong_slam_toolbox_node-1] [INFO] [1787309552.037835717] [slam_toolbox]: Metric Scores: Initial: 0.727667, IOU: 0.857833, Area: 0.922255, Num Con: 2, Reading: 0.436111, outcome score: -1.000000.
[lifelong_slam_toolbox_node-1] [INFO] [1787309552.037844117] [slam_toolbox]: Metric Scores: Initial: 0.979748, IOU: 0.880684, Area: 0.935316, Num Con: 3, Reading: 0.436111, outcome score: 0.978219.
[lifelong_slam_toolbox_node-1] [INFO] [1787309552.836344539] [slam_toolbox]: Metric Scores: Initial: 0.967040, IOU: 0.811731, Area: 0.894826, Num Con: 3, Reading: 0.433333, outcome score: 0.965184.
[lifelong_slam_toolbox_node-1] [INFO] [1787309552.836401139] [slam_toolbox]: Metric Scores: Initial: 0.643833, IOU: 0.810979, Area: 0.894367, Num Con: 2, Reading: 0.430556, outcome score: 0.617000.
[lifelong_slam_toolbox_node-1] [INFO] [1787309552.836414839] [slam_toolbox]: Metric Scores: Initial: 0.699156, IOU: 0.812215, Area: 0.895123, Num Con: 2, Reading: 0.430556, outcome score: 0.672322.
[lifelong_slam_toolbox_node-1] [INFO] [1787309552.836426739] [slam_toolbox]: Metric Scores: Initial: 0.681333, IOU: 0.815460, Area: 0.897126, Num Con: 2, Reading: 0.430556, outcome score: 0.654500.
[lifelong_slam_toolbox_node-1] [INFO] [1787309552.836440139] [slam_toolbox]: Metric Scores: Initial: 0.685667, IOU: 0.822144, Area: 0.901168, Num Con: 2, Reading: 0.430556, outcome score: 0.658833.
[lifelong_slam_toolbox_node-1] [INFO] [1787309552.836449639] [slam_toolbox]: Metric Scores: Initial: 0.683333, IOU: 0.831868, Area: 0.906994, Num Con: 2, Reading: 0.433333, outcome score: 0.656333.
[lifelong_slam_toolbox_node-1] [INFO] [1787309552.836458240] [slam_toolbox]: Metric Scores: Initial: 0.689333, IOU: 0.844660, Area: 0.914587, Num Con: 2, Reading: 0.436111, outcome score: 0.662167.
[lifelong_slam_toolbox_node-1] [INFO] [1787309553.635455064] [slam_toolbox]: Metric Scores: Initial: 0.949333, IOU: 0.997371, Area: 0.997502, Num Con: 2, Reading: 0.611111, outcome score: -1.000000.
[lifelong_slam_toolbox_node-1] [INFO] [1787309553.635531565] [slam_toolbox]: Metric Scores: Initial: 0.965184, IOU: 0.832949, Area: 0.907585, Num Con: 3, Reading: 0.436111, outcome score: 0.963272.
[lifelong_slam_toolbox_node-1] [INFO] [1787309553.635544765] [slam_toolbox]: Metric Scores: Initial: 0.617000, IOU: 0.832166, Area: 0.907118, Num Con: 2, Reading: 0.433333, outcome score: 0.590000.
[lifelong_slam_toolbox_node-1] [INFO] [1787309553.635555465] [slam_toolbox]: Metric Scores: Initial: 0.672322, IOU: 0.833426, Area: 0.907871, Num Con: 2, Reading: 0.430556, outcome score: 0.645489.
[lifelong_slam_toolbox_node-1] [INFO] [1787309553.635567765] [slam_toolbox]: Metric Scores: Initial: 0.654500, IOU: 0.836765, Area: 0.909885, Num Con: 2, Reading: 0.430556, outcome score: 0.627667.
[lifelong_slam_toolbox_node-1] [INFO] [1787309553.635576965] [slam_toolbox]: Metric Scores: Initial: 1.000000, IOU: 0.826831, Area: 0.905223, Num Con: 2, Reading: 0.430556, outcome score: 0.973167.
[lifelong_slam_toolbox_node-1] [INFO] [1787309553.635586665] [slam_toolbox]: Metric Scores: Initial: 0.658833, IOU: 0.843649, Area: 0.913952, Num Con: 2, Reading: 0.430556, outcome score: 0.632000.
[lifelong_slam_toolbox_node-1] [INFO] [1787309553.635613365] [slam_toolbox]: Metric Scores: Initial: 0.656333, IOU: 0.853665, Area: 0.919813, Num Con: 2, Reading: 0.436111, outcome score: -1.000000.
[lifelong_slam_toolbox_node-1] [INFO] [1787309553.635661866] [slam_toolbox]: Metric Scores: Initial: 0.662167, IOU: 0.866853, Area: 0.927458, Num Con: 2, Reading: 0.436111, outcome score: -1.000000.
[lifelong_slam_toolbox_node-1] [INFO] [1787309554.435181293] [slam_toolbox]: Metric Scores: Initial: 0.963272, IOU: 0.856203, Area: 0.921237, Num Con: 3, Reading: 0.436111, outcome score: 0.961311.
[lifelong_slam_toolbox_node-1] [INFO] [1787309554.435247894] [slam_toolbox]: Metric Scores: Initial: 0.590000, IOU: 0.855389, Area: 0.920764, Num Con: 2, Reading: 0.433333, outcome score: -1.000000.
[lifelong_slam_toolbox_node-1] [INFO] [1787309554.435261894] [slam_toolbox]: Metric Scores: Initial: 0.645489, IOU: 0.856681, Area: 0.921516, Num Con: 2, Reading: 0.430556, outcome score: -1.000000.
[lifelong_slam_toolbox_node-1] [INFO] [1787309554.435272894] [slam_toolbox]: Metric Scores: Initial: 1.000000, IOU: 0.811396, Area: 0.895898, Num Con: 2, Reading: 0.433333, outcome score: 0.973000.
[lifelong_slam_toolbox_node-1] [INFO] [1787309554.435282094] [slam_toolbox]: Metric Scores: Initial: 0.627667, IOU: 0.860126, Area: 0.923543, Num Con: 2, Reading: 0.433333, outcome score: -1.000000.
[lifelong_slam_toolbox_node-1] [INFO] [1787309554.435291294] [slam_toolbox]: Metric Scores: Initial: 0.973167, IOU: 0.804414, Area: 0.891624, Num Con: 2, Reading: 0.427778, outcome score: 0.946500.
[lifelong_slam_toolbox_node-1] 
[lifelong_slam_toolbox_node-1] Solver Summary (v 2.2.0-eigen-(3.4.0)-lapack-suitesparse-(7.6.1)-eigensparse)
[lifelong_slam_toolbox_node-1] 
[lifelong_slam_toolbox_node-1]                                      Original                  Reduced
[lifelong_slam_toolbox_node-1] Parameter blocks                          120                       96
[lifelong_slam_toolbox_node-1] Parameters                                120                       96
[lifelong_slam_toolbox_node-1] Residual blocks                            30                       30
[lifelong_slam_toolbox_node-1] Residuals                                  90                       90
[lifelong_slam_toolbox_node-1] 
[lifelong_slam_toolbox_node-1] Minimizer                        TRUST_REGION
[lifelong_slam_toolbox_node-1] Trust region strategy     LEVENBERG_MARQUARDT
[lifelong_slam_toolbox_node-1] Sparse linear algebra library    SUITE_SPARSE 
[lifelong_slam_toolbox_node-1] 
[lifelong_slam_toolbox_node-1]                                         Given                     Used
[lifelong_slam_toolbox_node-1] Linear solver          SPARSE_NORMAL_CHOLESKY   SPARSE_NORMAL_CHOLESKY
[lifelong_slam_toolbox_node-1] Threads                                    50                        8
[lifelong_slam_toolbox_node-1] Linear solver ordering              AUTOMATIC                       96
[lifelong_slam_toolbox_node-1] 
[lifelong_slam_toolbox_node-1] Cost:
[lifelong_slam_toolbox_node-1] Initial                          5.066759e-02
[lifelong_slam_toolbox_node-1] Final                            2.285118e-06
[lifelong_slam_toolbox_node-1] Change                           5.066531e-02
[lifelong_slam_toolbox_node-1] 
[lifelong_slam_toolbox_node-1] Minimizer iterations                        2
[lifelong_slam_toolbox_node-1] Successful steps                            2
[lifelong_slam_toolbox_node-1] Unsuccessful steps                          0
[lifelong_slam_toolbox_node-1] 
[lifelong_slam_toolbox_node-1] Time (in seconds):
[lifelong_slam_toolbox_node-1] Preprocessor                         0.000191
[lifelong_slam_toolbox_node-1] 
[lifelong_slam_toolbox_node-1]   Residual only evaluation           0.000053 (2)
[lifelong_slam_toolbox_node-1]   Jacobian & residual evaluation     0.000124 (2)
[lifelong_slam_toolbox_node-1]   Linear solver                      0.000188 (2)
[lifelong_slam_toolbox_node-1] Minimizer                            0.000440
[lifelong_slam_toolbox_node-1] 
[lifelong_slam_toolbox_node-1] Postprocessor                        0.000007
[lifelong_slam_toolbox_node-1] Total                                0.000638
[lifelong_slam_toolbox_node-1] 
[lifelong_slam_toolbox_node-1] Termination:                      CONVERGENCE (Parameter tolerance reached. Relative step_norm: 3.833193e-05 <= 1.000000e-03.)
[lifelong_slam_toolbox_node-1] 
[lifelong_slam_toolbox_node-1] [INFO] [1787309555.236196929] [slam_toolbox]: Metric Scores: Initial: 1.000000, IOU: 0.997123, Area: 0.997123, Num Con: 2, Reading: 0.608333, outcome score: -1.000000.
[lifelong_slam_toolbox_node-1] [INFO] [1787309555.236280530] [slam_toolbox]: Metric Scores: Initial: 0.961311, IOU: 0.878038, Area: 0.933756, Num Con: 2, Reading: 0.436111, outcome score: -1.000000.
[lifelong_slam_toolbox_node-1] [INFO] [1787309555.236293530] [slam_toolbox]: Metric Scores: Initial: 1.000000, IOU: 0.799753, Area: 0.888771, Num Con: 2, Reading: 0.436111, outcome score: 0.972833.
[lifelong_slam_toolbox_node-1] [INFO] [1787309555.236303230] [slam_toolbox]: Metric Scores: Initial: 0.973000, IOU: 0.791509, Area: 0.883650, Num Con: 2, Reading: 0.433333, outcome score: 0.946000.
[lifelong_slam_toolbox_node-1] [INFO] [1787309555.236313530] [slam_toolbox]: Metric Scores: Initial: 0.946500, IOU: 0.784728, Area: 0.879407, Num Con: 2, Reading: 0.427778, outcome score: 0.919833.
[lifelong_slam_toolbox_node-1] [INFO] [1787309556.038834974] [slam_toolbox]: Metric Scores: Initial: 1.000000, IOU: 0.792359, Area: 0.884182, Num Con: 2, Reading: 0.433333, outcome score: 0.973000.
[lifelong_slam_toolbox_node-1] [INFO] [1787309556.038898874] [slam_toolbox]: Metric Scores: Initial: 0.972833, IOU: 0.780857, Area: 0.876976, Num Con: 2, Reading: 0.436111, outcome score: 0.945667.
[lifelong_slam_toolbox_node-1] [INFO] [1787309556.038913774] [slam_toolbox]: Metric Scores: Initial: 0.946000, IOU: 0.772827, Area: 0.871883, Num Con: 2, Reading: 0.430556, outcome score: 0.919167.
[lifelong_slam_toolbox_node-1] [INFO] [1787309556.038927974] [slam_toolbox]: Metric Scores: Initial: 0.919833, IOU: 0.766218, Area: 0.867659, Num Con: 2, Reading: 0.427778, outcome score: 0.893167.
[lifelong_slam_toolbox_node-1] [INFO] [1787309556.835203984] [slam_toolbox]: Metric Scores: Initial: 1.000000, IOU: 0.997123, Area: 0.997123, Num Con: 2, Reading: 0.616667, outcome score: -1.000000.
[lifelong_slam_toolbox_node-1] [INFO] [1787309556.835281285] [slam_toolbox]: Metric Scores: Initial: 1.000000, IOU: 0.786354, Area: 0.880442, Num Con: 2, Reading: 0.188889, outcome score: 0.987667.
[lifelong_slam_toolbox_node-1] [INFO] [1787309556.835291185] [slam_toolbox]: Metric Scores: Initial: 0.973000, IOU: 0.774890, Area: 0.873203, Num Con: 2, Reading: 0.180556, outcome score: 0.961167.
[lifelong_slam_toolbox_node-1] [INFO] [1787309556.835300385] [slam_toolbox]: Metric Scores: Initial: 0.945667, IOU: 0.763674, Area: 0.866037, Num Con: 2, Reading: 0.180556, outcome score: 0.933833.
[lifelong_slam_toolbox_node-1] [INFO] [1787309556.835309685] [slam_toolbox]: Metric Scores: Initial: 0.919167, IOU: 0.755839, Area: 0.860970, Num Con: 2, Reading: 0.175000, outcome score: 0.907667.
[lifelong_slam_toolbox_node-1] [INFO] [1787309556.835319585] [slam_toolbox]: Metric Scores: Initial: 0.893167, IOU: 0.749386, Area: 0.856767, Num Con: 2, Reading: 0.169444, outcome score: 0.882000.
[lifelong_slam_toolbox_node-1] [INFO] [1787309557.635436516] [slam_toolbox]: Metric Scores: Initial: 1.000000, IOU: 0.784395, Area: 0.879221, Num Con: 2, Reading: 0.200000, outcome score: 0.987000.
[lifelong_slam_toolbox_node-1] [INFO] [1787309557.635491116] [slam_toolbox]: Metric Scores: Initial: 0.987667, IOU: 0.771293, Area: 0.870930, Num Con: 2, Reading: 0.188889, outcome score: 0.975333.
[lifelong_slam_toolbox_node-1] [INFO] [1787309557.635502216] [slam_toolbox]: Metric Scores: Initial: 0.961167, IOU: 0.760088, Area: 0.863734, Num Con: 2, Reading: 0.180556, outcome score: 0.949333.
[lifelong_slam_toolbox_node-1] [INFO] [1787309557.635512616] [slam_toolbox]: Metric Scores: Initial: 0.933833, IOU: 0.749123, Area: 0.856611, Num Con: 2, Reading: 0.180556, outcome score: 0.922000.
[lifelong_slam_toolbox_node-1] [INFO] [1787309557.635522416] [slam_toolbox]: Metric Scores: Initial: 0.907667, IOU: 0.741465, Area: 0.851576, Num Con: 2, Reading: 0.175000, outcome score: 0.896167.
[lifelong_slam_toolbox_node-1] [INFO] [1787309557.635532816] [slam_toolbox]: Metric Scores: Initial: 0.882000, IOU: 0.735159, Area: 0.847401, Num Con: 2, Reading: 0.169444, outcome score: 0.870833.
[lifelong_slam_toolbox_node-1] [INFO] [1787309558.435524647] [slam_toolbox]: Metric Scores: Initial: 1.000000, IOU: 0.997099, Area: 0.997099, Num Con: 2, Reading: 0.633333, outcome score: -1.000000.
[lifelong_slam_toolbox_node-1] [INFO] [1787309558.435601147] [slam_toolbox]: Metric Scores: Initial: 1.000000, IOU: 0.788244, Area: 0.881620, Num Con: 2, Reading: 0.200000, outcome score: 0.987000.
[lifelong_slam_toolbox_node-1] [INFO] [1787309558.435613847] [slam_toolbox]: Metric Scores: Initial: 0.987000, IOU: 0.771901, Area: 0.871311, Num Con: 2, Reading: 0.200000, outcome score: 0.974000.
[lifelong_slam_toolbox_node-1] [INFO] [1787309558.435623647] [slam_toolbox]: Metric Scores: Initial: 0.975333, IOU: 0.759037, Area: 0.863056, Num Con: 2, Reading: 0.188889, outcome score: 0.963000.
[lifelong_slam_toolbox_node-1] [INFO] [1787309558.435668247] [slam_toolbox]: Metric Scores: Initial: 0.949333, IOU: 0.748032, Area: 0.855890, Num Con: 2, Reading: 0.180556, outcome score: 0.937500.
[lifelong_slam_toolbox_node-1] [INFO] [1787309558.435679747] [slam_toolbox]: Metric Scores: Initial: 0.922000, IOU: 0.737261, Area: 0.848797, Num Con: 2, Reading: 0.180556, outcome score: 0.910167.
[lifelong_slam_toolbox_node-1] [INFO] [1787309558.435689347] [slam_toolbox]: Metric Scores: Initial: 0.896167, IOU: 0.729736, Area: 0.843782, Num Con: 2, Reading: 0.175000, outcome score: 0.884667.
[lifelong_slam_toolbox_node-1] [INFO] [1787309558.435699447] [slam_toolbox]: Metric Scores: Initial: 0.870833, IOU: 0.723537, Area: 0.839622, Num Con: 2, Reading: 0.169444, outcome score: 0.859667.
[lifelong_slam_toolbox_node-1] [INFO] [1787309559.235769578] [slam_toolbox]: Metric Scores: Initial: 1.000000, IOU: 0.794823, Area: 0.885714, Num Con: 3, Reading: 0.205556, outcome score: 0.999000.
[lifelong_slam_toolbox_node-1] [INFO] [1787309559.235819378] [slam_toolbox]: Metric Scores: Initial: 0.987000, IOU: 0.777120, Area: 0.874624, Num Con: 2, Reading: 0.200000, outcome score: 0.974000.
[lifelong_slam_toolbox_node-1] [INFO] [1787309559.235834378] [slam_toolbox]: Metric Scores: Initial: 0.974000, IOU: 0.761047, Area: 0.864359, Num Con: 2, Reading: 0.200000, outcome score: 0.961000.
[lifelong_slam_toolbox_node-1] [INFO] [1787309559.235844378] [slam_toolbox]: Metric Scores: Initial: 0.963000, IOU: 0.748397, Area: 0.856142, Num Con: 2, Reading: 0.188889, outcome score: 0.950667.
[lifelong_slam_toolbox_node-1] [INFO] [1787309559.235853579] [slam_toolbox]: Metric Scores: Initial: 0.937500, IOU: 0.737580, Area: 0.849013, Num Con: 2, Reading: 0.180556, outcome score: 0.925667.
[lifelong_slam_toolbox_node-1] [INFO] [1787309559.235863979] [slam_toolbox]: Metric Scores: Initial: 0.910167, IOU: 0.726991, Area: 0.841956, Num Con: 2, Reading: 0.180556, outcome score: 0.898333.
[lifelong_slam_toolbox_node-1] [INFO] [1787309559.235873379] [slam_toolbox]: Metric Scores: Initial: 0.884667, IOU: 0.719597, Area: 0.836970, Num Con: 2, Reading: 0.175000, outcome score: 0.873167.
[lifelong_slam_toolbox_node-1] [INFO] [1787309559.235882679] [slam_toolbox]: Metric Scores: Initial: 0.859667, IOU: 0.713510, Area: 0.832836, Num Con: 2, Reading: 0.169444, outcome score: 0.848500.
[lifelong_slam_toolbox_node-1] [INFO] [1787309560.036486412] [slam_toolbox]: Metric Scores: Initial: 1.000000, IOU: 0.995063, Area: 0.996047, Num Con: 2, Reading: 0.644444, outcome score: -1.000000.
[lifelong_slam_toolbox_node-1] [INFO] [1787309560.036562913] [slam_toolbox]: Metric Scores: Initial: 1.000000, IOU: 0.804112, Area: 0.891440, Num Con: 2, Reading: 0.383333, outcome score: 0.976000.
[lifelong_slam_toolbox_node-1] [INFO] [1787309560.036572713] [slam_toolbox]: Metric Scores: Initial: 0.999000, IOU: 0.784397, Area: 0.879196, Num Con: 3, Reading: 0.205556, outcome score: 0.997988.
[lifelong_slam_toolbox_node-1] [INFO] [1787309560.036582313] [slam_toolbox]: Metric Scores: Initial: 0.974000, IOU: 0.766968, Area: 0.868150, Num Con: 2, Reading: 0.200000, outcome score: 0.961000.
[lifelong_slam_toolbox_node-1] [INFO] [1787309560.036595113] [slam_toolbox]: Metric Scores: Initial: 0.961000, IOU: 0.751138, Area: 0.857925, Num Con: 2, Reading: 0.200000, outcome score: 0.948000.
[lifelong_slam_toolbox_node-1] [INFO] [1787309560.036605013] [slam_toolbox]: Metric Scores: Initial: 0.950667, IOU: 0.738681, Area: 0.849742, Num Con: 2, Reading: 0.188889, outcome score: 0.938333.
[lifelong_slam_toolbox_node-1] [INFO] [1787309560.036614213] [slam_toolbox]: Metric Scores: Initial: 0.925667, IOU: 0.728031, Area: 0.842645, Num Con: 2, Reading: 0.180556, outcome score: 0.913833.
[lifelong_slam_toolbox_node-1] [INFO] [1787309560.036622913] [slam_toolbox]: Metric Scores: Initial: 0.898333, IOU: 0.717603, Area: 0.835618, Num Con: 2, Reading: 0.180556, outcome score: 0.886500.
[lifelong_slam_toolbox_node-1] [INFO] [1787309560.036632113] [slam_toolbox]: Metric Scores: Initial: 0.873167, IOU: 0.710324, Area: 0.830657, Num Con: 2, Reading: 0.175000, outcome score: 0.861667.
[lifelong_slam_toolbox_node-1] [INFO] [1787309560.036641413] [slam_toolbox]: Metric Scores: Initial: 0.848500, IOU: 0.704335, Area: 0.826545, Num Con: 2, Reading: 0.169444, outcome score: 0.837333.
[lifelong_slam_toolbox_node-1] [INFO] [1787309560.834830033] [slam_toolbox]: Metric Scores: Initial: 1.000000, IOU: 0.818216, Area: 0.900038, Num Con: 2, Reading: 0.394444, outcome score: 0.975333.
[lifelong_slam_toolbox_node-1] [INFO] [1787309560.834882034] [slam_toolbox]: Metric Scores: Initial: 0.976000, IOU: 0.797147, Area: 0.887152, Num Con: 2, Reading: 0.383333, outcome score: 0.952000.
[lifelong_slam_toolbox_node-1] [INFO] [1787309560.834893334] [slam_toolbox]: Metric Scores: Initial: 0.997988, IOU: 0.777636, Area: 0.874941, Num Con: 3, Reading: 0.205556, outcome score: 0.996963.
[lifelong_slam_toolbox_node-1] [INFO] [1787309560.834903134] [slam_toolbox]: Metric Scores: Initial: 0.961000, IOU: 0.760387, Area: 0.863927, Num Con: 2, Reading: 0.200000, outcome score: 0.948000.
[lifelong_slam_toolbox_node-1] [INFO] [1787309560.834915834] [slam_toolbox]: Metric Scores: Initial: 0.948000, IOU: 0.744718, Area: 0.853730, Num Con: 2, Reading: 0.200000, outcome score: 0.935000.
[lifelong_slam_toolbox_node-1] [INFO] [1787309560.834925234] [slam_toolbox]: Metric Scores: Initial: 0.938333, IOU: 0.732390, Area: 0.845573, Num Con: 2, Reading: 0.188889, outcome score: 0.926000.
[lifelong_slam_toolbox_node-1] [INFO] [1787309560.834935334] [slam_toolbox]: Metric Scores: Initial: 0.913833, IOU: 0.721856, Area: 0.838502, Num Con: 2, Reading: 0.180556, outcome score: 0.902000.
[lifelong_slam_toolbox_node-1] [INFO] [1787309560.834944234] [slam_toolbox]: Metric Scores: Initial: 0.886500, IOU: 0.711539, Area: 0.831501, Num Con: 2, Reading: 0.180556, outcome score: 0.874667.
[lifelong_slam_toolbox_node-1] [INFO] [1787309560.834954134] [slam_toolbox]: Metric Scores: Initial: 0.861667, IOU: 0.704343, Area: 0.826560, Num Con: 2, Reading: 0.175000, outcome score: 0.850167.
[lifelong_slam_toolbox_node-1] [INFO] [1787309560.834963534] [slam_toolbox]: Metric Scores: Initial: 0.837333, IOU: 0.698425, Area: 0.822470, Num Con: 2, Reading: 0.169444, outcome score: 0.826167.
[lifelong_slam_toolbox_node-1] [INFO] [1787309561.639331488] [slam_toolbox]: Metric Scores: Initial: 1.000000, IOU: 0.997010, Area: 0.997053, Num Con: 2, Reading: 0.652778, outcome score: -1.000000.
[lifelong_slam_toolbox_node-1] [INFO] [1787309561.639407388] [slam_toolbox]: Metric Scores: Initial: 1.000000, IOU: 0.834192, Area: 0.909614, Num Con: 2, Reading: 0.405556, outcome score: 0.974667.
[lifelong_slam_toolbox_node-1] [INFO] [1787309561.639417888] [slam_toolbox]: Metric Scores: Initial: 0.975333, IOU: 0.812910, Area: 0.896812, Num Con: 2, Reading: 0.394444, outcome score: 0.950667.
[lifelong_slam_toolbox_node-1] [INFO] [1787309561.639426488] [slam_toolbox]: Metric Scores: Initial: 0.952000, IOU: 0.792004, Area: 0.883951, Num Con: 2, Reading: 0.383333, outcome score: 0.928000.
[lifelong_slam_toolbox_node-1] [INFO] [1787309561.639436388] [slam_toolbox]: Metric Scores: Initial: 0.996963, IOU: 0.772642, Area: 0.871765, Num Con: 3, Reading: 0.205556, outcome score: 0.995925.
[lifelong_slam_toolbox_node-1] [INFO] [1787309561.639445688] [slam_toolbox]: Metric Scores: Initial: 0.948000, IOU: 0.755530, Area: 0.860777, Num Con: 2, Reading: 0.200000, outcome score: 0.935000.
[lifelong_slam_toolbox_node-1] [INFO] [1787309561.639458788] [slam_toolbox]: Metric Scores: Initial: 0.935000, IOU: 0.739979, Area: 0.850601, Num Con: 2, Reading: 0.200000, outcome score: 0.922000.
[lifelong_slam_toolbox_node-1] [INFO] [1787309561.639468689] [slam_toolbox]: Metric Scores: Initial: 0.926000, IOU: 0.727749, Area: 0.842465, Num Con: 2, Reading: 0.188889, outcome score: 0.913667.
[lifelong_slam_toolbox_node-1] [INFO] [1787309561.639477489] [slam_toolbox]: Metric Scores: Initial: 0.902000, IOU: 0.717303, Area: 0.835416, Num Con: 2, Reading: 0.180556, outcome score: 0.890167.
[lifelong_slam_toolbox_node-1] [INFO] [1787309561.639486789] [slam_toolbox]: Metric Scores: Initial: 0.874667, IOU: 0.707072, Area: 0.828436, Num Con: 2, Reading: 0.180556, outcome score: 0.862833.
[lifelong_slam_toolbox_node-1] [INFO] [1787309561.639495989] [slam_toolbox]: Metric Scores: Initial: 0.850167, IOU: 0.699940, Area: 0.823514, Num Con: 2, Reading: 0.175000, outcome score: 0.838667.
[lifelong_slam_toolbox_node-1] [INFO] [1787309561.639504589] [slam_toolbox]: Metric Scores: Initial: 0.826167, IOU: 0.694081, Area: 0.819444, Num Con: 2, Reading: 0.169444, outcome score: 0.815000.
[lifelong_slam_toolbox_node-1] [INFO] [1787309562.441664030] [slam_toolbox]: Metric Scores: Initial: 1.000000, IOU: 0.853862, Area: 0.921158, Num Con: 2, Reading: 0.411111, outcome score: -1.000000.
[lifelong_slam_toolbox_node-1] [INFO] [1787309562.441729331] [slam_toolbox]: Metric Scores: Initial: 0.974667, IOU: 0.830667, Area: 0.907491, Num Con: 2, Reading: 0.405556, outcome score: 0.949333.
[lifelong_slam_toolbox_node-1] [INFO] [1787309562.441745831] [slam_toolbox]: Metric Scores: Initial: 0.950667, IOU: 0.809503, Area: 0.894711, Num Con: 2, Reading: 0.394444, outcome score: 0.926000.
[lifelong_slam_toolbox_node-1] [INFO] [1787309562.441810331] [slam_toolbox]: Metric Scores: Initial: 0.928000, IOU: 0.788702, Area: 0.881868, Num Con: 2, Reading: 0.383333, outcome score: 0.904000.
[lifelong_slam_toolbox_node-1] [INFO] [1787309562.441827931] [slam_toolbox]: Metric Scores: Initial: 0.995925, IOU: 0.769439, Area: 0.869700, Num Con: 3, Reading: 0.205556, outcome score: 0.994875.
[lifelong_slam_toolbox_node-1] [INFO] [1787309562.441842831] [slam_toolbox]: Metric Scores: Initial: 0.935000, IOU: 0.752422, Area: 0.858734, Num Con: 2, Reading: 0.200000, outcome score: 0.922000.
[lifelong_slam_toolbox_node-1] [INFO] [1787309562.441860232] [slam_toolbox]: Metric Scores: Initial: 0.922000, IOU: 0.736951, Area: 0.848575, Num Con: 2, Reading: 0.200000, outcome score: 0.909000.
[lifelong_slam_toolbox_node-1] [INFO] [1787309562.441874632] [slam_toolbox]: Metric Scores: Initial: 0.913667, IOU: 0.724791, Area: 0.840458, Num Con: 2, Reading: 0.188889, outcome score: 0.901333.
[lifelong_slam_toolbox_node-1] [INFO] [1787309562.441888932] [slam_toolbox]: Metric Scores: Initial: 0.890167, IOU: 0.714414, Area: 0.833431, Num Con: 2, Reading: 0.180556, outcome score: 0.878333.
[lifelong_slam_toolbox_node-1] [INFO] [1787309562.441903432] [slam_toolbox]: Metric Scores: Initial: 0.862833, IOU: 0.704247, Area: 0.826472, Num Con: 2, Reading: 0.180556, outcome score: 0.851000.
[lifelong_slam_toolbox_node-1] [INFO] [1787309562.441916232] [slam_toolbox]: Metric Scores: Initial: 0.838667, IOU: 0.697168, Area: 0.821571, Num Con: 2, Reading: 0.175000, outcome score: 0.827167.
[lifelong_slam_toolbox_node-1] [INFO] [1787309562.441930332] [slam_toolbox]: Metric Scores: Initial: 0.815000, IOU: 0.691360, Area: 0.817523, Num Con: 2, Reading: 0.169444, outcome score: 0.803833.
[lifelong_slam_toolbox_node-1] W20260821 10:52:43.261076 647905 preprocessor.cc:67] Specified options.num_threads: 50 exceeds maximum available from the threading model Ceres was compiled with: 8.  Bounding to maximum number available.
[lifelong_slam_toolbox_node-1] [INFO] [1787309563.262236272] [slam_toolbox]: Metric Scores: Initial: 0.994875, IOU: 0.770668, Area: 0.870491, Num Con: 3, Reading: 0.205556, outcome score: 0.993812.
[lifelong_slam_toolbox_node-1] [INFO] [1787309563.262298772] [slam_toolbox]: Metric Scores: Initial: 0.922000, IOU: 0.753629, Area: 0.859526, Num Con: 2, Reading: 0.200000, outcome score: 0.909000.
[lifelong_slam_toolbox_node-1] [INFO] [1787309563.262309172] [slam_toolbox]: Metric Scores: Initial: 0.904000, IOU: 0.789962, Area: 0.882662, Num Con: 2, Reading: 0.383333, outcome score: 0.880000.
[lifelong_slam_toolbox_node-1] [INFO] [1787309563.262321772] [slam_toolbox]: Metric Scores: Initial: 0.909000, IOU: 0.738136, Area: 0.849368, Num Con: 2, Reading: 0.200000, outcome score: 0.896000.
[lifelong_slam_toolbox_node-1] [INFO] [1787309563.262331172] [slam_toolbox]: Metric Scores: Initial: 0.926000, IOU: 0.810801, Area: 0.895510, Num Con: 2, Reading: 0.394444, outcome score: 0.901333.
[lifelong_slam_toolbox_node-1] [INFO] [1787309563.262341672] [slam_toolbox]: Metric Scores: Initial: 0.901333, IOU: 0.725963, Area: 0.841253, Num Con: 2, Reading: 0.188889, outcome score: 0.889000.
[lifelong_slam_toolbox_node-1] [INFO] [1787309563.262351073] [slam_toolbox]: Metric Scores: Initial: 0.878333, IOU: 0.715580, Area: 0.834233, Num Con: 2, Reading: 0.180556, outcome score: 0.866500.
[lifelong_slam_toolbox_node-1] [INFO] [1787309563.262361373] [slam_toolbox]: Metric Scores: Initial: 0.851000, IOU: 0.705406, Area: 0.827279, Num Con: 2, Reading: 0.180556, outcome score: 0.839167.
[lifelong_slam_toolbox_node-1] [INFO] [1787309563.262371773] [slam_toolbox]: Metric Scores: Initial: 0.827167, IOU: 0.698327, Area: 0.822386, Num Con: 2, Reading: 0.175000, outcome score: 0.815667.
[lifelong_slam_toolbox_node-1] [INFO] [1787309563.262379673] [slam_toolbox]: Metric Scores: Initial: 0.803833, IOU: 0.692525, Area: 0.818347, Num Con: 2, Reading: 0.169444, outcome score: 0.792667.
[lifelong_slam_toolbox_node-1] [INFO] [1787309564.037278467] [slam_toolbox]: Metric Scores: Initial: 0.993812, IOU: 0.772304, Area: 0.871533, Num Con: 3, Reading: 0.205556, outcome score: 0.992736.
[lifelong_slam_toolbox_node-1] [INFO] [1787309564.037334167] [slam_toolbox]: Metric Scores: Initial: 0.909000, IOU: 0.755240, Area: 0.860573, Num Con: 2, Reading: 0.200000, outcome score: 0.896000.
[lifelong_slam_toolbox_node-1] [INFO] [1787309564.037345467] [slam_toolbox]: Metric Scores: Initial: 0.880000, IOU: 0.791637, Area: 0.883706, Num Con: 2, Reading: 0.383333, outcome score: 0.856000.
[lifelong_slam_toolbox_node-1] [INFO] [1787309564.037359267] [slam_toolbox]: Metric Scores: Initial: 0.896000, IOU: 0.739718, Area: 0.850414, Num Con: 2, Reading: 0.200000, outcome score: 0.883000.
[lifelong_slam_toolbox_node-1] [INFO] [1787309564.037368467] [slam_toolbox]: Metric Scores: Initial: 0.901333, IOU: 0.812523, Area: 0.896559, Num Con: 2, Reading: 0.394444, outcome score: 0.876667.
[lifelong_slam_toolbox_node-1] [INFO] [1787309564.037381967] [slam_toolbox]: Metric Scores: Initial: 0.889000, IOU: 0.727533, Area: 0.842306, Num Con: 2, Reading: 0.188889, outcome score: 0.876667.
[lifelong_slam_toolbox_node-1] [INFO] [1787309564.037437668] [slam_toolbox]: Metric Scores: Initial: 0.866500, IOU: 0.717149, Area: 0.835299, Num Con: 2, Reading: 0.180556, outcome score: 0.854667.
[lifelong_slam_toolbox_node-1] [INFO] [1787309564.037452068] [slam_toolbox]: Metric Scores: Initial: 0.839167, IOU: 0.706974, Area: 0.828357, Num Con: 2, Reading: 0.180556, outcome score: 0.827333.
[lifelong_slam_toolbox_node-1] [INFO] [1787309564.037461768] [slam_toolbox]: Metric Scores: Initial: 1.000000, IOU: 0.897127, Area: 0.945751, Num Con: 2, Reading: 0.425000, outcome score: -1.000000.
[lifelong_slam_toolbox_node-1] [INFO] [1787309564.037471068] [slam_toolbox]: Metric Scores: Initial: 0.815667, IOU: 0.699904, Area: 0.823478, Num Con: 2, Reading: 0.175000, outcome score: 0.804167.
[lifelong_slam_toolbox_node-1] [INFO] [1787309564.037479668] [slam_toolbox]: Metric Scores: Initial: 0.792667, IOU: 0.694121, Area: 0.819460, Num Con: 2, Reading: 0.169444, outcome score: 0.781500.
[lifelong_slam_toolbox_node-1] [INFO] [1787309564.850157667] [slam_toolbox]: Metric Scores: Initial: 0.992736, IOU: 0.774937, Area: 0.873197, Num Con: 3, Reading: 0.205556, outcome score: 0.991646.
[lifelong_slam_toolbox_node-1] [INFO] [1787309564.850234667] [slam_toolbox]: Metric Scores: Initial: 0.896000, IOU: 0.757814, Area: 0.862231, Num Con: 2, Reading: 0.200000, outcome score: 0.883000.
[lifelong_slam_toolbox_node-1] [INFO] [1787309564.850250167] [slam_toolbox]: Metric Scores: Initial: 0.856000, IOU: 0.794344, Area: 0.885379, Num Con: 2, Reading: 0.383333, outcome score: 0.832000.
[lifelong_slam_toolbox_node-1] [INFO] [1787309564.850269767] [slam_toolbox]: Metric Scores: Initial: 0.883000, IOU: 0.742234, Area: 0.852064, Num Con: 2, Reading: 0.200000, outcome score: 0.870000.
[lifelong_slam_toolbox_node-1] [INFO] [1787309564.850284167] [slam_toolbox]: Metric Scores: Initial: 0.876667, IOU: 0.815313, Area: 0.898244, Num Con: 2, Reading: 0.394444, outcome score: 0.852000.
[lifelong_slam_toolbox_node-1] [INFO] [1787309564.850303767] [slam_toolbox]: Metric Scores: Initial: 0.876667, IOU: 0.730009, Area: 0.843953, Num Con: 2, Reading: 0.188889, outcome score: 0.864333.
[lifelong_slam_toolbox_node-1] [INFO] [1787309564.850320567] [slam_toolbox]: Metric Scores: Initial: 0.854667, IOU: 0.719596, Area: 0.836945, Num Con: 2, Reading: 0.180556, outcome score: 0.842833.
[lifelong_slam_toolbox_node-1] [INFO] [1787309564.850334668] [slam_toolbox]: Metric Scores: Initial: 0.827333, IOU: 0.709390, Area: 0.830003, Num Con: 2, Reading: 0.180556, outcome score: 0.815500.
[lifelong_slam_toolbox_node-1] [INFO] [1787309564.850348368] [slam_toolbox]: Metric Scores: Initial: 0.804167, IOU: 0.702304, Area: 0.825127, Num Con: 2, Reading: 0.175000, outcome score: 0.792667.
[lifelong_slam_toolbox_node-1] [INFO] [1787309564.850362668] [slam_toolbox]: Metric Scores: Initial: 0.781500, IOU: 0.696511, Area: 0.821113, Num Con: 2, Reading: 0.169444, outcome score: 0.770333.
[lifelong_slam_toolbox_node-1] 
[lifelong_slam_toolbox_node-1] Solver Summary (v 2.2.0-eigen-(3.4.0)-lapack-suitesparse-(7.6.1)-eigensparse)
[lifelong_slam_toolbox_node-1] 
[lifelong_slam_toolbox_node-1]                                      Original                  Reduced
[lifelong_slam_toolbox_node-1] Parameter blocks                          114                       90
[lifelong_slam_toolbox_node-1] Parameters                                114                       90
[lifelong_slam_toolbox_node-1] Residual blocks                            28                       28
[lifelong_slam_toolbox_node-1] Residuals                                  84                       84
[lifelong_slam_toolbox_node-1] 
[lifelong_slam_toolbox_node-1] Minimizer                        TRUST_REGION
[lifelong_slam_toolbox_node-1] Trust region strategy     LEVENBERG_MARQUARDT
[lifelong_slam_toolbox_node-1] Sparse linear algebra library    SUITE_SPARSE 
[lifelong_slam_toolbox_node-1] 
[lifelong_slam_toolbox_node-1]                                         Given                     Used
[lifelong_slam_toolbox_node-1] Linear solver          SPARSE_NORMAL_CHOLESKY   SPARSE_NORMAL_CHOLESKY
[lifelong_slam_toolbox_node-1] Threads                                    50                        8
[lifelong_slam_toolbox_node-1] Linear solver ordering              AUTOMATIC                       90
[lifelong_slam_toolbox_node-1] 
[lifelong_slam_toolbox_node-1] Cost:
[lifelong_slam_toolbox_node-1] Initial                          8.363497e-02
[lifelong_slam_toolbox_node-1] Final                            3.258341e-06
[lifelong_slam_toolbox_node-1] Change                           8.363171e-02
[lifelong_slam_toolbox_node-1] 
[lifelong_slam_toolbox_node-1] Minimizer iterations                        2
[lifelong_slam_toolbox_node-1] Successful steps                            2
[lifelong_slam_toolbox_node-1] Unsuccessful steps                          0
[lifelong_slam_toolbox_node-1] 
[lifelong_slam_toolbox_node-1] Time (in seconds):
[lifelong_slam_toolbox_node-1] Preprocessor                         0.000215
[lifelong_slam_toolbox_node-1] 
[lifelong_slam_toolbox_node-1]   Residual only evaluation           0.000056 (2)
[lifelong_slam_toolbox_node-1]   Jacobian & residual evaluation     0.000123 (2)
[lifelong_slam_toolbox_node-1]   Linear solver                      0.000186 (2)
[lifelong_slam_toolbox_node-1] Minimizer                            0.000487
[lifelong_slam_toolbox_node-1] 
[lifelong_slam_toolbox_node-1] Postprocessor                        0.000007
[lifelong_slam_toolbox_node-1] Total                                0.000711
[lifelong_slam_toolbox_node-1] 
[lifelong_slam_toolbox_node-1] Termination:                      CONVERGENCE (Parameter tolerance reached. Relative step_norm: 4.814366e-05 <= 1.000000e-03.)
[lifelong_slam_toolbox_node-1] 
[lifelong_slam_toolbox_node-1] [INFO] [1787309565.637281227] [slam_toolbox]: Metric Scores: Initial: 0.991646, IOU: 0.780841, Area: 0.876928, Num Con: 3, Reading: 0.205556, outcome score: 0.990543.
[lifelong_slam_toolbox_node-1] [INFO] [1787309565.637338827] [slam_toolbox]: Metric Scores: Initial: 0.883000, IOU: 0.763575, Area: 0.865943, Num Con: 2, Reading: 0.200000, outcome score: 0.870000.
[lifelong_slam_toolbox_node-1] [INFO] [1787309565.637350427] [slam_toolbox]: Metric Scores: Initial: 0.832000, IOU: 0.800417, Area: 0.889134, Num Con: 2, Reading: 0.383333, outcome score: 0.808000.
[lifelong_slam_toolbox_node-1] [INFO] [1787309565.637363127] [slam_toolbox]: Metric Scores: Initial: 0.870000, IOU: 0.747864, Area: 0.855757, Num Con: 2, Reading: 0.200000, outcome score: 0.857000.
[lifelong_slam_toolbox_node-1] [INFO] [1787309565.637372327] [slam_toolbox]: Metric Scores: Initial: 0.852000, IOU: 0.821572, Area: 0.902025, Num Con: 2, Reading: 0.394444, outcome score: 0.827333.
[lifelong_slam_toolbox_node-1] [INFO] [1787309565.637384327] [slam_toolbox]: Metric Scores: Initial: 0.864333, IOU: 0.735541, Area: 0.847633, Num Con: 2, Reading: 0.188889, outcome score: 0.852000.
[lifelong_slam_toolbox_node-1] [INFO] [1787309565.637393128] [slam_toolbox]: Metric Scores: Initial: 1.000000, IOU: 0.937462, Area: 0.967668, Num Con: 2, Reading: 0.625000, outcome score: -1.000000.
[lifelong_slam_toolbox_node-1] [INFO] [1787309565.637403128] [slam_toolbox]: Metric Scores: Initial: 0.842833, IOU: 0.725050, Area: 0.840618, Num Con: 2, Reading: 0.180556, outcome score: 0.831000.
[lifelong_slam_toolbox_node-1] [INFO] [1787309565.637412528] [slam_toolbox]: Metric Scores: Initial: 0.815500, IOU: 0.714768, Area: 0.833667, Num Con: 2, Reading: 0.180556, outcome score: 0.803667.
[lifelong_slam_toolbox_node-1] [INFO] [1787309565.637421728] [slam_toolbox]: Metric Scores: Initial: 0.792667, IOU: 0.707634, Area: 0.828789, Num Con: 2, Reading: 0.175000, outcome score: 0.781167.
[lifelong_slam_toolbox_node-1] [INFO] [1787309565.637431628] [slam_toolbox]: Metric Scores: Initial: 0.770333, IOU: 0.701806, Area: 0.824777, Num Con: 2, Reading: 0.169444, outcome score: 0.759167.
[lifelong_slam_toolbox_node-1] [INFO] [1787309566.437732059] [slam_toolbox]: Metric Scores: Initial: 0.990543, IOU: 0.789992, Area: 0.882674, Num Con: 3, Reading: 0.205556, outcome score: 0.989426.
[lifelong_slam_toolbox_node-1] [INFO] [1787309566.437790660] [slam_toolbox]: Metric Scores: Initial: 0.870000, IOU: 0.772504, Area: 0.871661, Num Con: 2, Reading: 0.200000, outcome score: 0.857000.
[lifelong_slam_toolbox_node-1] [INFO] [1787309566.437801360] [slam_toolbox]: Metric Scores: Initial: 0.808000, IOU: 0.809830, Area: 0.894917, Num Con: 2, Reading: 0.383333, outcome score: 0.784000.
[lifelong_slam_toolbox_node-1] [INFO] [1787309566.437813760] [slam_toolbox]: Metric Scores: Initial: 0.857000, IOU: 0.756588, Area: 0.861445, Num Con: 2, Reading: 0.200000, outcome score: 0.844000.
[lifelong_slam_toolbox_node-1] [INFO] [1787309566.437822960] [slam_toolbox]: Metric Scores: Initial: 0.827333, IOU: 0.831276, Area: 0.907848, Num Con: 2, Reading: 0.394444, outcome score: 0.802667.
[lifelong_slam_toolbox_node-1] [INFO] [1787309566.437832260] [slam_toolbox]: Metric Scores: Initial: 0.852000, IOU: 0.744112, Area: 0.853301, Num Con: 2, Reading: 0.188889, outcome score: 0.839667.
[lifelong_slam_toolbox_node-1] [INFO] [1787309566.437843060] [slam_toolbox]: Metric Scores: Initial: 0.831000, IOU: 0.733500, Area: 0.846275, Num Con: 2, Reading: 0.180556, outcome score: 0.819167.
[lifelong_slam_toolbox_node-1] [INFO] [1787309566.437853160] [slam_toolbox]: Metric Scores: Initial: 0.803667, IOU: 0.723099, Area: 0.839311, Num Con: 2, Reading: 0.180556, outcome score: 0.791833.
[lifelong_slam_toolbox_node-1] [INFO] [1787309566.437862960] [slam_toolbox]: Metric Scores: Initial: 0.781167, IOU: 0.715890, Area: 0.834429, Num Con: 2, Reading: 0.175000, outcome score: 0.769667.
[lifelong_slam_toolbox_node-1] [INFO] [1787309566.437873560] [slam_toolbox]: Metric Scores: Initial: 0.759167, IOU: 0.710009, Area: 0.830419, Num Con: 2, Reading: 0.169444, outcome score: 0.748000.
[lifelong_slam_toolbox_node-1] [INFO] [1787309567.236345482] [slam_toolbox]: Metric Scores: Initial: 0.989426, IOU: 0.802038, Area: 0.890129, Num Con: 3, Reading: 0.205556, outcome score: 0.988296.
[lifelong_slam_toolbox_node-1] [INFO] [1787309567.236402382] [slam_toolbox]: Metric Scores: Initial: 0.857000, IOU: 0.784245, Area: 0.879072, Num Con: 2, Reading: 0.200000, outcome score: 0.844000.
[lifelong_slam_toolbox_node-1] [INFO] [1787309567.236414482] [slam_toolbox]: Metric Scores: Initial: 0.784000, IOU: 0.822229, Area: 0.902422, Num Con: 2, Reading: 0.383333, outcome score: 0.760000.
[lifelong_slam_toolbox_node-1] [INFO] [1787309567.236424682] [slam_toolbox]: Metric Scores: Initial: 1.000000, IOU: 0.928686, Area: 0.962964, Num Con: 2, Reading: 0.638889, outcome score: -1.000000.
[lifelong_slam_toolbox_node-1] [INFO] [1787309567.236471082] [slam_toolbox]: Metric Scores: Initial: 0.844000, IOU: 0.768053, Area: 0.868814, Num Con: 2, Reading: 0.200000, outcome score: 0.831000.
[lifelong_slam_toolbox_node-1] [INFO] [1787309567.236481983] [slam_toolbox]: Metric Scores: Initial: 0.802667, IOU: 0.844063, Area: 0.915406, Num Con: 2, Reading: 0.394444, outcome score: 0.778000.
[lifelong_slam_toolbox_node-1] [INFO] [1787309567.236491783] [slam_toolbox]: Metric Scores: Initial: 0.839667, IOU: 0.755365, Area: 0.860639, Num Con: 2, Reading: 0.188889, outcome score: 0.827333.
[lifelong_slam_toolbox_node-1] [INFO] [1787309567.236501583] [slam_toolbox]: Metric Scores: Initial: 0.819167, IOU: 0.744577, Area: 0.853587, Num Con: 2, Reading: 0.180556, outcome score: 0.807333.
[lifelong_slam_toolbox_node-1] [INFO] [1787309567.236511483] [slam_toolbox]: Metric Scores: Initial: 0.791833, IOU: 0.734005, Area: 0.846598, Num Con: 2, Reading: 0.180556, outcome score: 0.780000.
[lifelong_slam_toolbox_node-1] [INFO] [1787309567.236521383] [slam_toolbox]: Metric Scores: Initial: 0.769667, IOU: 0.726681, Area: 0.841700, Num Con: 2, Reading: 0.175000, outcome score: 0.758167.
[lifelong_slam_toolbox_node-1] [INFO] [1787309567.236531083] [slam_toolbox]: Metric Scores: Initial: 0.748000, IOU: 0.720710, Area: 0.837680, Num Con: 2, Reading: 0.169444, outcome score: 0.736833.
[lifelong_slam_toolbox_node-1] [INFO] [1787309568.042903447] [slam_toolbox]: Metric Scores: Initial: 0.988296, IOU: 0.816391, Area: 0.898878, Num Con: 3, Reading: 0.205556, outcome score: 0.987152.
[lifelong_slam_toolbox_node-1] [INFO] [1787309568.042959248] [slam_toolbox]: Metric Scores: Initial: 0.844000, IOU: 0.798233, Area: 0.887772, Num Con: 2, Reading: 0.200000, outcome score: 0.831000.
[lifelong_slam_toolbox_node-1] [INFO] [1787309568.042970848] [slam_toolbox]: Metric Scores: Initial: 0.760000, IOU: 0.837005, Area: 0.911230, Num Con: 2, Reading: 0.383333, outcome score: 0.736000.
[lifelong_slam_toolbox_node-1] [INFO] [1787309568.042981648] [slam_toolbox]: Metric Scores: Initial: 0.831000, IOU: 0.781710, Area: 0.877465, Num Con: 2, Reading: 0.200000, outcome score: 0.818000.
[lifelong_slam_toolbox_node-1] [INFO] [1787309568.042990848] [slam_toolbox]: Metric Scores: Initial: 0.778000, IOU: 0.859305, Area: 0.924276, Num Con: 2, Reading: 0.394444, outcome score: -1.000000.
[lifelong_slam_toolbox_node-1] [INFO] [1787309568.042999948] [slam_toolbox]: Metric Scores: Initial: 0.827333, IOU: 0.768768, Area: 0.869254, Num Con: 2, Reading: 0.188889, outcome score: 0.815000.
[lifelong_slam_toolbox_node-1] [INFO] [1787309568.043010648] [slam_toolbox]: Metric Scores: Initial: 0.807333, IOU: 0.757772, Area: 0.862173, Num Con: 2, Reading: 0.180556, outcome score: 0.795500.
[lifelong_slam_toolbox_node-1] [INFO] [1787309568.043020748] [slam_toolbox]: Metric Scores: Initial: 0.780000, IOU: 0.746995, Area: 0.855155, Num Con: 2, Reading: 0.180556, outcome score: 0.768167.
[lifelong_slam_toolbox_node-1] [INFO] [1787309568.043030648] [slam_toolbox]: Metric Scores: Initial: 0.758167, IOU: 0.739534, Area: 0.850239, Num Con: 2, Reading: 0.175000, outcome score: 0.746667.
[lifelong_slam_toolbox_node-1] [INFO] [1787309568.043039048] [slam_toolbox]: Metric Scores: Initial: 0.736833, IOU: 0.733457, Area: 0.846208, Num Con: 2, Reading: 0.169444, outcome score: 0.725667.
[lifelong_slam_toolbox_node-1] [INFO] [1787309568.841173668] [slam_toolbox]: Metric Scores: Initial: 0.692833, IOU: 0.976109, Area: 0.986601, Num Con: 2, Reading: 0.638889, outcome score: -1.000000.
[lifelong_slam_toolbox_node-1] [INFO] [1787309568.841271168] [slam_toolbox]: Metric Scores: Initial: 1.000000, IOU: 0.925391, Area: 0.961183, Num Con: 2, Reading: 0.650000, outcome score: -1.000000.
[lifelong_slam_toolbox_node-1] [INFO] [1787309568.841282868] [slam_toolbox]: Metric Scores: Initial: 0.987152, IOU: 0.836007, Area: 0.910656, Num Con: 3, Reading: 0.205556, outcome score: 0.985993.
[lifelong_slam_toolbox_node-1] [INFO] [1787309568.841292368] [slam_toolbox]: Metric Scores: Initial: 0.831000, IOU: 0.817346, Area: 0.899482, Num Con: 2, Reading: 0.200000, outcome score: 0.818000.
[lifelong_slam_toolbox_node-1] [INFO] [1787309568.841301768] [slam_toolbox]: Metric Scores: Initial: 0.818000, IOU: 0.800366, Area: 0.889111, Num Con: 2, Reading: 0.200000, outcome score: 0.805000.
[lifelong_slam_toolbox_node-1] [INFO] [1787309568.841311368] [slam_toolbox]: Metric Scores: Initial: 0.815000, IOU: 0.787076, Area: 0.880850, Num Con: 2, Reading: 0.188889, outcome score: 0.802667.
[lifelong_slam_toolbox_node-1] [INFO] [1787309568.841320969] [slam_toolbox]: Metric Scores: Initial: 0.795500, IOU: 0.775791, Area: 0.873732, Num Con: 2, Reading: 0.180556, outcome score: 0.783667.
[lifelong_slam_toolbox_node-1] [INFO] [1787309568.841330969] [slam_toolbox]: Metric Scores: Initial: 0.768167, IOU: 0.764732, Area: 0.866675, Num Con: 2, Reading: 0.180556, outcome score: 0.756333.
[lifelong_slam_toolbox_node-1] [INFO] [1787309568.841377969] [slam_toolbox]: Metric Scores: Initial: 0.746667, IOU: 0.757084, Area: 0.861736, Num Con: 2, Reading: 0.175000, outcome score: 0.735167.
[lifelong_slam_toolbox_node-1] [INFO] [1787309568.841389469] [slam_toolbox]: Metric Scores: Initial: 0.725667, IOU: 0.750862, Area: 0.857690, Num Con: 2, Reading: 0.169444, outcome score: 0.714500.
[lifelong_slam_toolbox_node-1] [INFO] [1787309569.635799969] [slam_toolbox]: Metric Scores: Initial: 0.794667, IOU: 0.998009, Area: 1.000000, Num Con: 2, Reading: 0.616667, outcome score: -1.000000.
[lifelong_slam_toolbox_node-1] [INFO] [1787309569.635874469] [slam_toolbox]: Metric Scores: Initial: 0.978219, IOU: 0.997291, Area: 0.997291, Num Con: 2, Reading: 0.616667, outcome score: -1.000000.
[lifelong_slam_toolbox_node-1] [INFO] [1787309569.635915869] [slam_toolbox]: Metric Scores: Initial: 0.985993, IOU: 0.858169, Area: 0.923650, Num Con: 3, Reading: 0.205556, outcome score: 0.984820.
[lifelong_slam_toolbox_node-1] [INFO] [1787309569.635925669] [slam_toolbox]: Metric Scores: Initial: 0.818000, IOU: 0.838930, Area: 0.912401, Num Con: 2, Reading: 0.200000, outcome score: 0.805000.
[lifelong_slam_toolbox_node-1] [INFO] [1787309569.635934769] [slam_toolbox]: Metric Scores: Initial: 0.805000, IOU: 0.821427, Area: 0.901958, Num Con: 2, Reading: 0.200000, outcome score: 0.792000.
[lifelong_slam_toolbox_node-1] [INFO] [1787309569.635943269] [slam_toolbox]: Metric Scores: Initial: 0.802667, IOU: 0.807736, Area: 0.893643, Num Con: 2, Reading: 0.188889, outcome score: 0.790333.
[lifelong_slam_toolbox_node-1] [INFO] [1787309569.635952069] [slam_toolbox]: Metric Scores: Initial: 0.783667, IOU: 0.796119, Area: 0.886480, Num Con: 2, Reading: 0.180556, outcome score: 0.771833.
[lifelong_slam_toolbox_node-1] [INFO] [1787309569.635961369] [slam_toolbox]: Metric Scores: Initial: 0.756333, IOU: 0.784736, Area: 0.879379, Num Con: 2, Reading: 0.180556, outcome score: 0.744500.
[lifelong_slam_toolbox_node-1] [INFO] [1787309569.635970569] [slam_toolbox]: Metric Scores: Initial: 0.735167, IOU: 0.776870, Area: 0.874412, Num Con: 2, Reading: 0.175000, outcome score: 0.723667.
[lifelong_slam_toolbox_node-1] [INFO] [1787309569.635979870] [slam_toolbox]: Metric Scores: Initial: 0.714500, IOU: 0.770478, Area: 0.870347, Num Con: 2, Reading: 0.169444, outcome score: 0.703333.
[lifelong_slam_toolbox_node-1] [INFO] [1787309570.436793504] [slam_toolbox]: Metric Scores: Initial: 1.000000, IOU: 0.867169, Area: 0.928841, Num Con: 2, Reading: 0.655556, outcome score: -1.000000.
[lifelong_slam_toolbox_node-1] [INFO] [1787309570.436859604] [slam_toolbox]: Metric Scores: Initial: 0.984820, IOU: 0.885165, Area: 0.939072, Num Con: 3, Reading: 0.205556, outcome score: 0.983633.
[lifelong_slam_toolbox_node-1] [INFO] [1787309570.436872604] [slam_toolbox]: Metric Scores: Initial: 0.805000, IOU: 0.865210, Area: 0.927733, Num Con: 2, Reading: 0.200000, outcome score: -1.000000.
[lifelong_slam_toolbox_node-1] [INFO] [1787309570.436885204] [slam_toolbox]: Metric Scores: Initial: 0.792000, IOU: 0.847059, Area: 0.917204, Num Con: 2, Reading: 0.200000, outcome score: 0.779000.
[lifelong_slam_toolbox_node-1] [INFO] [1787309570.436899904] [slam_toolbox]: Metric Scores: Initial: 0.790333, IOU: 0.832869, Area: 0.908823, Num Con: 2, Reading: 0.188889, outcome score: 0.778000.
[lifelong_slam_toolbox_node-1] [INFO] [1787309570.436910404] [slam_toolbox]: Metric Scores: Initial: 0.771833, IOU: 0.820838, Area: 0.901605, Num Con: 2, Reading: 0.180556, outcome score: 0.760000.
[lifelong_slam_toolbox_node-1] [INFO] [1787309570.436921204] [slam_toolbox]: Metric Scores: Initial: 0.744500, IOU: 0.809051, Area: 0.894450, Num Con: 2, Reading: 0.180556, outcome score: 0.732667.
[lifelong_slam_toolbox_node-1] [INFO] [1787309570.436931705] [slam_toolbox]: Metric Scores: Initial: 0.723667, IOU: 0.800912, Area: 0.889447, Num Con: 2, Reading: 0.175000, outcome score: 0.712167.
[lifelong_slam_toolbox_node-1] [INFO] [1787309570.436940905] [slam_toolbox]: Metric Scores: Initial: 0.703333, IOU: 0.794303, Area: 0.885355, Num Con: 2, Reading: 0.169444, outcome score: 0.692167.
[lifelong_slam_toolbox_node-1] [INFO] [1787309571.236761433] [slam_toolbox]: Metric Scores: Initial: 1.000000, IOU: 0.840987, Area: 0.913628, Num Con: 2, Reading: 0.394444, outcome score: 0.975333.
[lifelong_slam_toolbox_node-1] [INFO] [1787309571.236818634] [slam_toolbox]: Metric Scores: Initial: 0.983633, IOU: 0.905005, Area: 0.950145, Num Con: 2, Reading: 0.433333, outcome score: -1.000000.
[lifelong_slam_toolbox_node-1] [INFO] [1787309572.035632057] [slam_toolbox]: Metric Scores: Initial: 0.975333, IOU: 0.809794, Area: 0.894927, Num Con: 2, Reading: 0.391667, outcome score: 0.950833.
[lifelong_slam_toolbox_node-1] [INFO] [1787309572.035686857] [slam_toolbox]: Metric Scores: Initial: 1.000000, IOU: 0.811856, Area: 0.896185, Num Con: 2, Reading: 0.397222, outcome score: 0.975167.
[lifelong_slam_toolbox_node-1] [INFO] [1787309572.835074484] [slam_toolbox]: Metric Scores: Initial: 0.950833, IOU: 0.780651, Area: 0.876871, Num Con: 2, Reading: 0.177778, outcome score: 0.939167.
[lifelong_slam_toolbox_node-1] [INFO] [1787309572.835174584] [slam_toolbox]: Metric Scores: Initial: 0.975167, IOU: 0.782657, Area: 0.878135, Num Con: 2, Reading: 0.180556, outcome score: 0.963333.
[lifelong_slam_toolbox_node-1] [INFO] [1787309572.835200785] [slam_toolbox]: Metric Scores: Initial: 1.000000, IOU: 0.785469, Area: 0.879914, Num Con: 2, Reading: 0.186111, outcome score: 0.987833.
[lifelong_slam_toolbox_node-1] [INFO] [1787309573.635754017] [slam_toolbox]: Metric Scores: Initial: 1.000000, IOU: 0.998941, Area: 0.998982, Num Con: 2, Reading: 0.702778, outcome score: -1.000000.
[lifelong_slam_toolbox_node-1] [INFO] [1787309573.635825618] [slam_toolbox]: Metric Scores: Initial: 0.939167, IOU: 0.759894, Area: 0.863628, Num Con: 2, Reading: 0.177778, outcome score: 0.927500.
[lifelong_slam_toolbox_node-1] [INFO] [1787309573.635838918] [slam_toolbox]: Metric Scores: Initial: 0.963333, IOU: 0.761892, Area: 0.864917, Num Con: 2, Reading: 0.180556, outcome score: 0.951500.
[lifelong_slam_toolbox_node-1] [INFO] [1787309573.635851018] [slam_toolbox]: Metric Scores: Initial: 0.987833, IOU: 0.764640, Area: 0.866695, Num Con: 2, Reading: 0.186111, outcome score: 0.975667.
[lifelong_slam_toolbox_node-1] [INFO] [1787309573.635863418] [slam_toolbox]: Metric Scores: Initial: 1.000000, IOU: 0.770631, Area: 0.870535, Num Con: 3, Reading: 0.191667, outcome score: 0.999000.
[lifelong_slam_toolbox_node-1] [INFO] [1787309574.440366972] [slam_toolbox]: Metric Scores: Initial: 0.927500, IOU: 0.742622, Area: 0.852359, Num Con: 2, Reading: 0.177778, outcome score: 0.915833.
[lifelong_slam_toolbox_node-1] [INFO] [1787309574.440429872] [slam_toolbox]: Metric Scores: Initial: 0.951500, IOU: 0.744619, Area: 0.853673, Num Con: 2, Reading: 0.180556, outcome score: 0.939667.
[lifelong_slam_toolbox_node-1] [INFO] [1787309574.440445372] [slam_toolbox]: Metric Scores: Initial: 0.975667, IOU: 0.747317, Area: 0.855453, Num Con: 2, Reading: 0.186111, outcome score: 0.963500.
[lifelong_slam_toolbox_node-1] [INFO] [1787309574.440458373] [slam_toolbox]: Metric Scores: Initial: 0.999000, IOU: 0.753176, Area: 0.859284, Num Con: 3, Reading: 0.191667, outcome score: 0.997989.
[lifelong_slam_toolbox_node-1] [INFO] [1787309574.440514973] [slam_toolbox]: Metric Scores: Initial: 1.000000, IOU: 0.762259, Area: 0.865159, Num Con: 2, Reading: 0.202778, outcome score: 0.986833.
[lifelong_slam_toolbox_node-1] [INFO] [1787309575.236910083] [slam_toolbox]: Metric Scores: Initial: 1.000000, IOU: 0.998988, Area: 0.999025, Num Con: 2, Reading: 0.697222, outcome score: -1.000000.
[lifelong_slam_toolbox_node-1] [INFO] [1787309575.236987283] [slam_toolbox]: Metric Scores: Initial: 0.915833, IOU: 0.729180, Area: 0.843432, Num Con: 2, Reading: 0.177778, outcome score: 0.904167.
[lifelong_slam_toolbox_node-1] [INFO] [1787309575.236999584] [slam_toolbox]: Metric Scores: Initial: 0.939667, IOU: 0.731164, Area: 0.844759, Num Con: 2, Reading: 0.180556, outcome score: 0.927833.
[lifelong_slam_toolbox_node-1] [INFO] [1787309575.237011984] [slam_toolbox]: Metric Scores: Initial: 0.963500, IOU: 0.733818, Area: 0.846537, Num Con: 2, Reading: 0.186111, outcome score: 0.951333.
[lifelong_slam_toolbox_node-1] [INFO] [1787309575.237022884] [slam_toolbox]: Metric Scores: Initial: 1.000000, IOU: 0.759944, Area: 0.863676, Num Con: 2, Reading: 0.208333, outcome score: 0.986500.
[lifelong_slam_toolbox_node-1] [INFO] [1787309575.237032284] [slam_toolbox]: Metric Scores: Initial: 0.997989, IOU: 0.739570, Area: 0.850357, Num Con: 3, Reading: 0.191667, outcome score: 0.996965.
[lifelong_slam_toolbox_node-1] [INFO] [1787309575.237043184] [slam_toolbox]: Metric Scores: Initial: 0.986833, IOU: 0.748486, Area: 0.856215, Num Con: 2, Reading: 0.202778, outcome score: 0.973667.
[lifelong_slam_toolbox_node-1] [INFO] [1787309576.036696312] [slam_toolbox]: Metric Scores: Initial: 0.904167, IOU: 0.718534, Area: 0.836264, Num Con: 2, Reading: 0.177778, outcome score: 0.892500.
[lifelong_slam_toolbox_node-1] [INFO] [1787309576.036754412] [slam_toolbox]: Metric Scores: Initial: 0.927833, IOU: 0.720501, Area: 0.837595, Num Con: 2, Reading: 0.180556, outcome score: 0.916000.
[lifelong_slam_toolbox_node-1] [INFO] [1787309576.036765312] [slam_toolbox]: Metric Scores: Initial: 1.000000, IOU: 0.762283, Area: 0.865200, Num Con: 2, Reading: 0.216667, outcome score: 0.986000.
[lifelong_slam_toolbox_node-1] [INFO] [1787309576.036775512] [slam_toolbox]: Metric Scores: Initial: 0.951333, IOU: 0.723117, Area: 0.839370, Num Con: 2, Reading: 0.186111, outcome score: 0.939167.
[lifelong_slam_toolbox_node-1] [INFO] [1787309576.036785212] [slam_toolbox]: Metric Scores: Initial: 0.986500, IOU: 0.748832, Area: 0.856451, Num Con: 2, Reading: 0.208333, outcome score: 0.973000.
[lifelong_slam_toolbox_node-1] [INFO] [1787309576.036795112] [slam_toolbox]: Metric Scores: Initial: 0.996965, IOU: 0.728781, Area: 0.843178, Num Con: 3, Reading: 0.191667, outcome score: 0.995930.
[lifelong_slam_toolbox_node-1] [INFO] [1787309576.036803712] [slam_toolbox]: Metric Scores: Initial: 0.973667, IOU: 0.737561, Area: 0.849019, Num Con: 2, Reading: 0.202778, outcome score: 0.960500.
[lifelong_slam_toolbox_node-1] [INFO] [1787309576.835627735] [slam_toolbox]: Metric Scores: Initial: 1.000000, IOU: 0.999001, Area: 0.999033, Num Con: 2, Reading: 0.691667, outcome score: -1.000000.
[lifelong_slam_toolbox_node-1] [INFO] [1787309576.835711736] [slam_toolbox]: Metric Scores: Initial: 0.892500, IOU: 0.709696, Area: 0.830240, Num Con: 2, Reading: 0.177778, outcome score: 0.880833.
[lifelong_slam_toolbox_node-1] [INFO] [1787309576.835721536] [slam_toolbox]: Metric Scores: Initial: 1.000000, IOU: 0.770985, Area: 0.870756, Num Con: 2, Reading: 0.222222, outcome score: 0.985667.
[lifelong_slam_toolbox_node-1] [INFO] [1787309576.835730336] [slam_toolbox]: Metric Scores: Initial: 0.916000, IOU: 0.711645, Area: 0.831572, Num Con: 2, Reading: 0.180556, outcome score: 0.904167.
[lifelong_slam_toolbox_node-1] [INFO] [1787309576.835739236] [slam_toolbox]: Metric Scores: Initial: 0.986000, IOU: 0.752863, Area: 0.859093, Num Con: 2, Reading: 0.216667, outcome score: 0.972000.
[lifelong_slam_toolbox_node-1] [INFO] [1787309576.835748036] [slam_toolbox]: Metric Scores: Initial: 0.939167, IOU: 0.714228, Area: 0.833343, Num Con: 2, Reading: 0.186111, outcome score: 0.927000.
[lifelong_slam_toolbox_node-1] [INFO] [1787309576.835757336] [slam_toolbox]: Metric Scores: Initial: 0.973000, IOU: 0.739598, Area: 0.850372, Num Con: 2, Reading: 0.208333, outcome score: 0.959500.
[lifelong_slam_toolbox_node-1] [INFO] [1787309576.835767136] [slam_toolbox]: Metric Scores: Initial: 0.995930, IOU: 0.719818, Area: 0.837140, Num Con: 3, Reading: 0.191667, outcome score: 0.994884.
[lifelong_slam_toolbox_node-1] [INFO] [1787309576.835776936] [slam_toolbox]: Metric Scores: Initial: 0.960500, IOU: 0.728482, Area: 0.842964, Num Con: 2, Reading: 0.202778, outcome score: 0.947333.
[lifelong_slam_toolbox_node-1] [INFO] [1787309577.636302069] [slam_toolbox]: Metric Scores: Initial: 1.000000, IOU: 0.991736, Area: 0.995379, Num Con: 2, Reading: 0.688889, outcome score: -1.000000.
[lifelong_slam_toolbox_node-1] [INFO] [1787309577.636356269] [slam_toolbox]: Metric Scores: Initial: 0.997959, IOU: 0.984284, Area: 0.991621, Num Con: 2, Reading: 0.686111, outcome score: -1.000000.
[lifelong_slam_toolbox_node-1] [INFO] [1787309577.636557370] [slam_toolbox]: Metric Scores: Initial: 1.000000, IOU: 0.782525, Area: 0.878057, Num Con: 2, Reading: 0.227778, outcome score: 0.985333.
[lifelong_slam_toolbox_node-1] [INFO] [1787309577.636568670] [slam_toolbox]: Metric Scores: Initial: 0.880833, IOU: 0.701915, Area: 0.824883, Num Con: 2, Reading: 0.177778, outcome score: 0.869167.
[lifelong_slam_toolbox_node-1] [INFO] [1787309577.636577970] [slam_toolbox]: Metric Scores: Initial: 0.985667, IOU: 0.762398, Area: 0.865244, Num Con: 2, Reading: 0.222222, outcome score: 0.971333.
[lifelong_slam_toolbox_node-1] [INFO] [1787309577.636586770] [slam_toolbox]: Metric Scores: Initial: 0.904167, IOU: 0.703830, Area: 0.826205, Num Con: 2, Reading: 0.180556, outcome score: 0.892333.
[lifelong_slam_toolbox_node-1] [INFO] [1787309577.636595970] [slam_toolbox]: Metric Scores: Initial: 0.972000, IOU: 0.744512, Area: 0.853622, Num Con: 2, Reading: 0.216667, outcome score: 0.958000.
[lifelong_slam_toolbox_node-1] [INFO] [1787309577.636605070] [slam_toolbox]: Metric Scores: Initial: 0.927000, IOU: 0.706378, Area: 0.827968, Num Con: 2, Reading: 0.186111, outcome score: 0.914833.
[lifelong_slam_toolbox_node-1] [INFO] [1787309577.636613570] [slam_toolbox]: Metric Scores: Initial: 0.959500, IOU: 0.731419, Area: 0.844933, Num Con: 2, Reading: 0.208333, outcome score: 0.946000.
[lifelong_slam_toolbox_node-1] [INFO] [1787309577.636623170] [slam_toolbox]: Metric Scores: Initial: 0.994884, IOU: 0.711895, Area: 0.831749, Num Con: 3, Reading: 0.191667, outcome score: 0.993825.
[lifelong_slam_toolbox_node-1] [INFO] [1787309577.636631771] [slam_toolbox]: Metric Scores: Initial: 0.947333, IOU: 0.720444, Area: 0.837551, Num Con: 2, Reading: 0.202778, outcome score: 0.934167.
[lifelong_slam_toolbox_node-1] [INFO] [1787309578.436136197] [slam_toolbox]: Metric Scores: Initial: 1.000000, IOU: 0.800094, Area: 0.888995, Num Con: 3, Reading: 0.230556, outcome score: 0.999000.
[lifelong_slam_toolbox_node-1] [INFO] [1787309578.436204698] [slam_toolbox]: Metric Scores: Initial: 0.985333, IOU: 0.775943, Area: 0.873893, Num Con: 2, Reading: 0.227778, outcome score: 0.970667.
[lifelong_slam_toolbox_node-1] [INFO] [1787309578.436216398] [slam_toolbox]: Metric Scores: Initial: 0.869167, IOU: 0.696148, Area: 0.820883, Num Con: 2, Reading: 0.177778, outcome score: 0.857500.
[lifelong_slam_toolbox_node-1] [INFO] [1787309578.436225598] [slam_toolbox]: Metric Scores: Initial: 0.971333, IOU: 0.756016, Area: 0.861115, Num Con: 2, Reading: 0.222222, outcome score: 0.957000.
[lifelong_slam_toolbox_node-1] [INFO] [1787309578.436233798] [slam_toolbox]: Metric Scores: Initial: 0.892333, IOU: 0.698035, Area: 0.822193, Num Con: 2, Reading: 0.180556, outcome score: 0.880500.
[lifelong_slam_toolbox_node-1] [INFO] [1787309578.436244098] [slam_toolbox]: Metric Scores: Initial: 0.958000, IOU: 0.738309, Area: 0.849525, Num Con: 2, Reading: 0.216667, outcome score: 0.944000.
[lifelong_slam_toolbox_node-1] [INFO] [1787309578.436252698] [slam_toolbox]: Metric Scores: Initial: 0.914833, IOU: 0.700554, Area: 0.823948, Num Con: 2, Reading: 0.186111, outcome score: 0.902667.
[lifelong_slam_toolbox_node-1] [INFO] [1787309578.436262098] [slam_toolbox]: Metric Scores: Initial: 0.946000, IOU: 0.725344, Area: 0.840860, Num Con: 2, Reading: 0.208333, outcome score: 0.932500.
[lifelong_slam_toolbox_node-1] [INFO] [1787309578.436271398] [slam_toolbox]: Metric Scores: Initial: 0.993825, IOU: 0.706015, Area: 0.827717, Num Con: 3, Reading: 0.191667, outcome score: 0.992754.
[lifelong_slam_toolbox_node-1] [INFO] [1787309578.436281498] [slam_toolbox]: Metric Scores: Initial: 0.934167, IOU: 0.714476, Area: 0.833499, Num Con: 2, Reading: 0.202778, outcome score: 0.921000.
[lifelong_slam_toolbox_node-1] [INFO] [1787309579.236393628] [slam_toolbox]: Metric Scores: Initial: 1.000000, IOU: 0.997562, Area: 1.000000, Num Con: 2, Reading: 0.683333, outcome score: -1.000000.
[lifelong_slam_toolbox_node-1] [INFO] [1787309579.236478229] [slam_toolbox]: Metric Scores: Initial: 1.000000, IOU: 0.818318, Area: 0.900099, Num Con: 3, Reading: 0.455556, outcome score: 0.999000.
[lifelong_slam_toolbox_node-1] [INFO] [1787309579.236491129] [slam_toolbox]: Metric Scores: Initial: 0.999000, IOU: 0.794486, Area: 0.885514, Num Con: 3, Reading: 0.230556, outcome score: 0.997986.
[lifelong_slam_toolbox_node-1] [INFO] [1787309579.236503029] [slam_toolbox]: Metric Scores: Initial: 0.970667, IOU: 0.770541, Area: 0.870449, Num Con: 2, Reading: 0.227778, outcome score: 0.956000.
[lifelong_slam_toolbox_node-1] [INFO] [1787309579.236513329] [slam_toolbox]: Metric Scores: Initial: 0.857500, IOU: 0.691464, Area: 0.817609, Num Con: 2, Reading: 0.177778, outcome score: 0.845833.
[lifelong_slam_toolbox_node-1] [INFO] [1787309579.236522429] [slam_toolbox]: Metric Scores: Initial: 0.957000, IOU: 0.750785, Area: 0.857703, Num Con: 2, Reading: 0.222222, outcome score: 0.942667.
[lifelong_slam_toolbox_node-1] [INFO] [1787309579.236582429] [slam_toolbox]: Metric Scores: Initial: 0.880500, IOU: 0.693316, Area: 0.818903, Num Con: 2, Reading: 0.180556, outcome score: 0.868667.
[lifelong_slam_toolbox_node-1] [INFO] [1787309579.236594430] [slam_toolbox]: Metric Scores: Initial: 0.944000, IOU: 0.733230, Area: 0.846145, Num Con: 2, Reading: 0.216667, outcome score: 0.930000.
[lifelong_slam_toolbox_node-1] [INFO] [1787309579.236603930] [slam_toolbox]: Metric Scores: Initial: 0.902667, IOU: 0.695808, Area: 0.820649, Num Con: 2, Reading: 0.186111, outcome score: 0.890500.
[lifelong_slam_toolbox_node-1] [INFO] [1787309579.236614330] [slam_toolbox]: Metric Scores: Initial: 0.932500, IOU: 0.720375, Area: 0.837504, Num Con: 2, Reading: 0.208333, outcome score: 0.919000.
[lifelong_slam_toolbox_node-1] [INFO] [1787309579.236623430] [slam_toolbox]: Metric Scores: Initial: 0.992754, IOU: 0.701217, Area: 0.824403, Num Con: 3, Reading: 0.191667, outcome score: 0.991670.
[lifelong_slam_toolbox_node-1] [INFO] [1787309579.236632230] [slam_toolbox]: Metric Scores: Initial: 0.921000, IOU: 0.709599, Area: 0.830162, Num Con: 2, Reading: 0.202778, outcome score: 0.907833.
[lifelong_slam_toolbox_node-1] [INFO] [1787309580.039814177] [slam_toolbox]: Metric Scores: Initial: 1.000000, IOU: 0.842105, Area: 0.914271, Num Con: 3, Reading: 0.480556, outcome score: 0.999000.
[lifelong_slam_toolbox_node-1] [INFO] [1787309580.039882677] [slam_toolbox]: Metric Scores: Initial: 0.999000, IOU: 0.810986, Area: 0.895639, Num Con: 3, Reading: 0.455556, outcome score: 0.997973.
[lifelong_slam_toolbox_node-1] [INFO] [1787309580.039903377] [slam_toolbox]: Metric Scores: Initial: 0.997986, IOU: 0.787431, Area: 0.881107, Num Con: 3, Reading: 0.230556, outcome score: 0.996958.
[lifelong_slam_toolbox_node-1] [INFO] [1787309580.039922477] [slam_toolbox]: Metric Scores: Initial: 0.956000, IOU: 0.763743, Area: 0.866087, Num Con: 2, Reading: 0.227778, outcome score: 0.941333.
[lifelong_slam_toolbox_node-1] [INFO] [1787309580.039938877] [slam_toolbox]: Metric Scores: Initial: 0.845833, IOU: 0.685562, Area: 0.813462, Num Con: 2, Reading: 0.177778, outcome score: 0.834167.
[lifelong_slam_toolbox_node-1] [INFO] [1787309580.039953377] [slam_toolbox]: Metric Scores: Initial: 0.942667, IOU: 0.744201, Area: 0.853383, Num Con: 2, Reading: 0.222222, outcome score: 0.928333.
[lifelong_slam_toolbox_node-1] [INFO] [1787309580.039968277] [slam_toolbox]: Metric Scores: Initial: 0.868667, IOU: 0.687371, Area: 0.814735, Num Con: 2, Reading: 0.180556, outcome score: 0.856833.
[lifelong_slam_toolbox_node-1] [INFO] [1787309580.039983677] [slam_toolbox]: Metric Scores: Initial: 0.930000, IOU: 0.726836, Area: 0.841865, Num Con: 2, Reading: 0.216667, outcome score: 0.916000.
[lifelong_slam_toolbox_node-1] [INFO] [1787309580.039999278] [slam_toolbox]: Metric Scores: Initial: 0.890500, IOU: 0.689829, Area: 0.816469, Num Con: 2, Reading: 0.186111, outcome score: 0.878333.
[lifelong_slam_toolbox_node-1] [INFO] [1787309580.040014178] [slam_toolbox]: Metric Scores: Initial: 0.919000, IOU: 0.714119, Area: 0.833254, Num Con: 2, Reading: 0.208333, outcome score: 0.905500.
[lifelong_slam_toolbox_node-1] [INFO] [1787309580.040029078] [slam_toolbox]: Metric Scores: Initial: 0.991670, IOU: 0.695174, Area: 0.820205, Num Con: 3, Reading: 0.191667, outcome score: 0.990575.
[lifelong_slam_toolbox_node-1] [INFO] [1787309580.040045778] [slam_toolbox]: Metric Scores: Initial: 0.907833, IOU: 0.703456, Area: 0.825937, Num Con: 2, Reading: 0.202778, outcome score: 0.894667.
[lifelong_slam_toolbox_node-1] [INFO] [1787309580.846205141] [slam_toolbox]: Metric Scores: Initial: 1.000000, IOU: 0.999095, Area: 0.999543, Num Con: 2, Reading: 0.686111, outcome score: -1.000000.
[lifelong_slam_toolbox_node-1] [INFO] [1787309580.846294241] [slam_toolbox]: Metric Scores: Initial: 1.000000, IOU: 0.871367, Area: 0.931205, Num Con: 2, Reading: 0.697222, outcome score: -1.000000.
[lifelong_slam_toolbox_node-1] [INFO] [1787309580.846310641] [slam_toolbox]: Metric Scores: Initial: 0.999000, IOU: 0.839771, Area: 0.912885, Num Con: 3, Reading: 0.480556, outcome score: 0.997971.
[lifelong_slam_toolbox_node-1] [INFO] [1787309580.846326241] [slam_toolbox]: Metric Scores: Initial: 0.997973, IOU: 0.808791, Area: 0.894289, Num Con: 3, Reading: 0.455556, outcome score: 0.996917.
[lifelong_slam_toolbox_node-1] [INFO] [1787309580.846345341] [slam_toolbox]: Metric Scores: Initial: 0.996958, IOU: 0.785340, Area: 0.879788, Num Con: 3, Reading: 0.230556, outcome score: 0.995916.
[lifelong_slam_toolbox_node-1] [INFO] [1787309580.846429242] [slam_toolbox]: Metric Scores: Initial: 0.941333, IOU: 0.761737, Area: 0.864788, Num Con: 2, Reading: 0.227778, outcome score: 0.926667.
[lifelong_slam_toolbox_node-1] [INFO] [1787309580.846444442] [slam_toolbox]: Metric Scores: Initial: 0.834167, IOU: 0.683914, Area: 0.812293, Num Con: 2, Reading: 0.177778, outcome score: 0.822500.
[lifelong_slam_toolbox_node-1] [INFO] [1787309580.846459242] [slam_toolbox]: Metric Scores: Initial: 0.928333, IOU: 0.742270, Area: 0.852104, Num Con: 2, Reading: 0.222222, outcome score: 0.914000.
[lifelong_slam_toolbox_node-1] [INFO] [1787309580.846474942] [slam_toolbox]: Metric Scores: Initial: 0.856833, IOU: 0.685689, Area: 0.813544, Num Con: 2, Reading: 0.180556, outcome score: 0.845000.
[lifelong_slam_toolbox_node-1] [INFO] [1787309580.846496742] [slam_toolbox]: Metric Scores: Initial: 0.916000, IOU: 0.724974, Area: 0.840606, Num Con: 2, Reading: 0.216667, outcome score: 0.902000.
[lifelong_slam_toolbox_node-1] [INFO] [1787309580.846512142] [slam_toolbox]: Metric Scores: Initial: 0.878333, IOU: 0.688128, Area: 0.815268, Num Con: 2, Reading: 0.186111, outcome score: 0.866167.
[lifelong_slam_toolbox_node-1] [INFO] [1787309580.846527142] [slam_toolbox]: Metric Scores: Initial: 0.905500, IOU: 0.712307, Area: 0.832011, Num Con: 2, Reading: 0.208333, outcome score: 0.892000.
[lifelong_slam_toolbox_node-1] [INFO] [1787309580.846541243] [slam_toolbox]: Metric Scores: Initial: 0.990575, IOU: 0.693445, Area: 0.818992, Num Con: 3, Reading: 0.191667, outcome score: 0.989466.
[lifelong_slam_toolbox_node-1] [INFO] [1787309580.846556643] [slam_toolbox]: Metric Scores: Initial: 0.894667, IOU: 0.701683, Area: 0.824705, Num Con: 2, Reading: 0.202778, outcome score: 0.881500.
[lifelong_slam_toolbox_node-1] W20260821 10:53:01.661224 647905 preprocessor.cc:67] Specified options.num_threads: 50 exceeds maximum available from the threading model Ceres was compiled with: 8.  Bounding to maximum number available.
[lifelong_slam_toolbox_node-1] [INFO] [1787309581.662442858] [slam_toolbox]: Metric Scores: Initial: 0.997971, IOU: 0.837834, Area: 0.911745, Num Con: 2, Reading: 0.480556, outcome score: 0.968138.
[lifelong_slam_toolbox_node-1] [INFO] [1787309581.662490558] [slam_toolbox]: Metric Scores: Initial: 0.822500, IOU: 0.682398, Area: 0.811248, Num Con: 2, Reading: 0.177778, outcome score: 0.810833.
[lifelong_slam_toolbox_node-1] [INFO] [1787309581.662500658] [slam_toolbox]: Metric Scores: Initial: 0.996917, IOU: 0.807007, Area: 0.893205, Num Con: 3, Reading: 0.455556, outcome score: 0.995833.
[lifelong_slam_toolbox_node-1] [INFO] [1787309581.662513058] [slam_toolbox]: Metric Scores: Initial: 0.845000, IOU: 0.684485, Area: 0.812737, Num Con: 2, Reading: 0.180556, outcome score: 0.833167.
[lifelong_slam_toolbox_node-1] [INFO] [1787309581.662523359] [slam_toolbox]: Metric Scores: Initial: 0.995916, IOU: 0.783755, Area: 0.878812, Num Con: 3, Reading: 0.230556, outcome score: 0.994860.
[lifelong_slam_toolbox_node-1] [INFO] [1787309581.662532659] [slam_toolbox]: Metric Scores: Initial: 0.866167, IOU: 0.687214, Area: 0.814678, Num Con: 2, Reading: 0.186111, outcome score: 0.854000.
[lifelong_slam_toolbox_node-1] [INFO] [1787309581.662541659] [slam_toolbox]: Metric Scores: Initial: 0.926667, IOU: 0.760334, Area: 0.863913, Num Con: 2, Reading: 0.227778, outcome score: 0.912000.
[lifelong_slam_toolbox_node-1] [INFO] [1787309581.662553559] [slam_toolbox]: Metric Scores: Initial: 0.989466, IOU: 0.692745, Area: 0.818561, Num Con: 3, Reading: 0.191667, outcome score: 0.988345.
[lifelong_slam_toolbox_node-1] [INFO] [1787309581.662561859] [slam_toolbox]: Metric Scores: Initial: 0.914000, IOU: 0.741032, Area: 0.851328, Num Con: 2, Reading: 0.222222, outcome score: 0.899667.
[lifelong_slam_toolbox_node-1] [INFO] [1787309581.662573459] [slam_toolbox]: Metric Scores: Initial: 0.881500, IOU: 0.700845, Area: 0.824185, Num Con: 2, Reading: 0.202778, outcome score: 0.868333.
[lifelong_slam_toolbox_node-1] [INFO] [1787309581.662583159] [slam_toolbox]: Metric Scores: Initial: 0.902000, IOU: 0.723888, Area: 0.839925, Num Con: 2, Reading: 0.216667, outcome score: 0.888000.
[lifelong_slam_toolbox_node-1] [INFO] [1787309581.662637959] [slam_toolbox]: Metric Scores: Initial: 0.892000, IOU: 0.711346, Area: 0.831409, Num Con: 2, Reading: 0.208333, outcome score: 0.878500.
[lifelong_slam_toolbox_node-1] [INFO] [1787309582.439240762] [slam_toolbox]: Metric Scores: Initial: 0.968138, IOU: 0.834595, Area: 0.909795, Num Con: 2, Reading: 0.480556, outcome score: 0.938304.
[lifelong_slam_toolbox_node-1] [INFO] [1787309582.439298162] [slam_toolbox]: Metric Scores: Initial: 0.810833, IOU: 0.680113, Area: 0.809605, Num Con: 2, Reading: 0.177778, outcome score: 0.799167.
[lifelong_slam_toolbox_node-1] [INFO] [1787309582.439310962] [slam_toolbox]: Metric Scores: Initial: 0.995833, IOU: 0.803958, Area: 0.891307, Num Con: 3, Reading: 0.455556, outcome score: 0.994719.
[lifelong_slam_toolbox_node-1] [INFO] [1787309582.439324662] [slam_toolbox]: Metric Scores: Initial: 0.833167, IOU: 0.682149, Area: 0.811063, Num Con: 2, Reading: 0.180556, outcome score: 0.821333.
[lifelong_slam_toolbox_node-1] [INFO] [1787309582.439334263] [slam_toolbox]: Metric Scores: Initial: 0.994860, IOU: 0.780852, Area: 0.876956, Num Con: 3, Reading: 0.230556, outcome score: 0.993789.
[lifelong_slam_toolbox_node-1] [INFO] [1787309582.439345663] [slam_toolbox]: Metric Scores: Initial: 0.854000, IOU: 0.684848, Area: 0.812988, Num Con: 2, Reading: 0.186111, outcome score: 0.841833.
[lifelong_slam_toolbox_node-1] [INFO] [1787309582.439356063] [slam_toolbox]: Metric Scores: Initial: 0.912000, IOU: 0.757548, Area: 0.862085, Num Con: 2, Reading: 0.227778, outcome score: 0.897333.
[lifelong_slam_toolbox_node-1] [INFO] [1787309582.439368063] [slam_toolbox]: Metric Scores: Initial: 0.988345, IOU: 0.690340, Area: 0.816855, Num Con: 3, Reading: 0.191667, outcome score: 0.987211.
[lifelong_slam_toolbox_node-1] [INFO] [1787309582.439376863] [slam_toolbox]: Metric Scores: Initial: 0.899667, IOU: 0.738349, Area: 0.849529, Num Con: 2, Reading: 0.222222, outcome score: 0.885333.
[lifelong_slam_toolbox_node-1] [INFO] [1787309582.439390063] [slam_toolbox]: Metric Scores: Initial: 0.868333, IOU: 0.698380, Area: 0.822452, Num Con: 2, Reading: 0.202778, outcome score: 0.855167.
[lifelong_slam_toolbox_node-1] [INFO] [1787309582.439400963] [slam_toolbox]: Metric Scores: Initial: 0.888000, IOU: 0.721300, Area: 0.838154, Num Con: 2, Reading: 0.216667, outcome score: 0.874000.
[lifelong_slam_toolbox_node-1] [INFO] [1787309582.439414063] [slam_toolbox]: Metric Scores: Initial: 0.878500, IOU: 0.708825, Area: 0.829660, Num Con: 2, Reading: 0.208333, outcome score: 0.865000.
[lifelong_slam_toolbox_node-1] [INFO] [1787309582.439422963] [slam_toolbox]: Metric Scores: Initial: 1.000000, IOU: 0.910062, Area: 0.952828, Num Con: 2, Reading: 0.694444, outcome score: -1.000000.
[lifelong_slam_toolbox_node-1] [INFO] [1787309583.236551077] [slam_toolbox]: Metric Scores: Initial: 1.000000, IOU: 0.998391, Area: 0.999196, Num Con: 2, Reading: 0.683333, outcome score: -1.000000.
[lifelong_slam_toolbox_node-1] [INFO] [1787309583.236620277] [slam_toolbox]: Metric Scores: Initial: 0.938304, IOU: 0.837162, Area: 0.911338, Num Con: 2, Reading: 0.480556, outcome score: 0.908471.
[lifelong_slam_toolbox_node-1] [INFO] [1787309583.236634577] [slam_toolbox]: Metric Scores: Initial: 0.799167, IOU: 0.682348, Area: 0.811205, Num Con: 2, Reading: 0.177778, outcome score: 0.787500.
[lifelong_slam_toolbox_node-1] [INFO] [1787309583.236645277] [slam_toolbox]: Metric Scores: Initial: 0.994719, IOU: 0.806453, Area: 0.892858, Num Con: 3, Reading: 0.455556, outcome score: 0.993575.
[lifelong_slam_toolbox_node-1] [INFO] [1787309583.236659578] [slam_toolbox]: Metric Scores: Initial: 0.821333, IOU: 0.684359, Area: 0.812641, Num Con: 2, Reading: 0.180556, outcome score: 0.809500.
[lifelong_slam_toolbox_node-1] [INFO] [1787309583.236668778] [slam_toolbox]: Metric Scores: Initial: 0.993789, IOU: 0.783295, Area: 0.878514, Num Con: 3, Reading: 0.230556, outcome score: 0.992703.
[lifelong_slam_toolbox_node-1] [INFO] [1787309583.236682478] [slam_toolbox]: Metric Scores: Initial: 0.841833, IOU: 0.687055, Area: 0.814559, Num Con: 2, Reading: 0.186111, outcome score: 0.829667.
[lifelong_slam_toolbox_node-1] [INFO] [1787309583.236692678] [slam_toolbox]: Metric Scores: Initial: 0.897333, IOU: 0.759921, Area: 0.863638, Num Con: 2, Reading: 0.227778, outcome score: 0.882667.
[lifelong_slam_toolbox_node-1] [INFO] [1787309583.236704478] [slam_toolbox]: Metric Scores: Initial: 0.987211, IOU: 0.692553, Area: 0.818420, Num Con: 3, Reading: 0.191667, outcome score: 0.986064.
[lifelong_slam_toolbox_node-1] [INFO] [1787309583.236713178] [slam_toolbox]: Metric Scores: Initial: 0.885333, IOU: 0.740669, Area: 0.851081, Num Con: 2, Reading: 0.222222, outcome score: 0.871000.
[lifelong_slam_toolbox_node-1] [INFO] [1787309583.236725478] [slam_toolbox]: Metric Scores: Initial: 0.855167, IOU: 0.700600, Area: 0.824007, Num Con: 2, Reading: 0.202778, outcome score: 0.842000.
[lifelong_slam_toolbox_node-1] [INFO] [1787309583.236774378] [slam_toolbox]: Metric Scores: Initial: 0.874000, IOU: 0.723578, Area: 0.839708, Num Con: 2, Reading: 0.216667, outcome score: 0.860000.
[lifelong_slam_toolbox_node-1] [INFO] [1787309583.236785778] [slam_toolbox]: Metric Scores: Initial: 0.865000, IOU: 0.711073, Area: 0.831215, Num Con: 2, Reading: 0.208333, outcome score: 0.851500.
[lifelong_slam_toolbox_node-1] [INFO] [1787309584.038125315] [slam_toolbox]: Metric Scores: Initial: 0.908471, IOU: 0.837919, Area: 0.911775, Num Con: 2, Reading: 0.480556, outcome score: 0.878638.
[lifelong_slam_toolbox_node-1] [INFO] [1787309584.038197115] [slam_toolbox]: Metric Scores: Initial: 0.787500, IOU: 0.683130, Area: 0.811747, Num Con: 2, Reading: 0.177778, outcome score: 0.775833.
[lifelong_slam_toolbox_node-1] [INFO] [1787309584.038208415] [slam_toolbox]: Metric Scores: Initial: 0.993575, IOU: 0.807211, Area: 0.893312, Num Con: 3, Reading: 0.455556, outcome score: 0.992399.
[lifelong_slam_toolbox_node-1] [INFO] [1787309584.038222315] [slam_toolbox]: Metric Scores: Initial: 0.809500, IOU: 0.685114, Area: 0.813163, Num Con: 2, Reading: 0.180556, outcome score: 0.797667.
[lifelong_slam_toolbox_node-1] [INFO] [1787309584.038232816] [slam_toolbox]: Metric Scores: Initial: 0.992703, IOU: 0.784057, Area: 0.878982, Num Con: 3, Reading: 0.230556, outcome score: 0.991602.
[lifelong_slam_toolbox_node-1] [INFO] [1787309584.038244816] [slam_toolbox]: Metric Scores: Initial: 0.829667, IOU: 0.687801, Area: 0.815073, Num Con: 2, Reading: 0.186111, outcome score: 0.817500.
[lifelong_slam_toolbox_node-1] [INFO] [1787309584.038254816] [slam_toolbox]: Metric Scores: Initial: 0.882667, IOU: 0.760668, Area: 0.864110, Num Con: 2, Reading: 0.227778, outcome score: 0.868000.
[lifelong_slam_toolbox_node-1] [INFO] [1787309584.038266716] [slam_toolbox]: Metric Scores: Initial: 0.986064, IOU: 0.693294, Area: 0.818927, Num Con: 3, Reading: 0.191667, outcome score: 0.984904.
[lifelong_slam_toolbox_node-1] [INFO] [1787309584.038276616] [slam_toolbox]: Metric Scores: Initial: 0.871000, IOU: 0.741409, Area: 0.851559, Num Con: 2, Reading: 0.222222, outcome score: 0.856667.
[lifelong_slam_toolbox_node-1] [INFO] [1787309584.038286116] [slam_toolbox]: Metric Scores: Initial: 1.000000, IOU: 0.914437, Area: 0.955238, Num Con: 2, Reading: 0.686111, outcome score: -1.000000.
[lifelong_slam_toolbox_node-1] [INFO] [1787309584.038296116] [slam_toolbox]: Metric Scores: Initial: 0.842000, IOU: 0.701330, Area: 0.824502, Num Con: 2, Reading: 0.202778, outcome score: 0.828833.
[lifelong_slam_toolbox_node-1] [INFO] [1787309584.038306216] [slam_toolbox]: Metric Scores: Initial: 0.860000, IOU: 0.724315, Area: 0.840194, Num Con: 2, Reading: 0.216667, outcome score: 0.846000.
[lifelong_slam_toolbox_node-1] [INFO] [1787309584.038315116] [slam_toolbox]: Metric Scores: Initial: 0.851500, IOU: 0.711807, Area: 0.831706, Num Con: 2, Reading: 0.208333, outcome score: 0.838000.
[lifelong_slam_toolbox_node-1] [INFO] [1787309584.859508760] [slam_toolbox]: Metric Scores: Initial: 1.000000, IOU: 0.998366, Area: 0.999178, Num Con: 2, Reading: 0.686111, outcome score: -1.000000.
[lifelong_slam_toolbox_node-1] [INFO] [1787309584.859651261] [slam_toolbox]: Metric Scores: Initial: 0.692167, IOU: 0.985657, Area: 0.992754, Num Con: 2, Reading: 0.686111, outcome score: -1.000000.
[lifelong_slam_toolbox_node-1] [INFO] [1787309584.859672361] [slam_toolbox]: Metric Scores: Initial: 0.712167, IOU: 0.972838, Area: 0.986211, Num Con: 2, Reading: 0.686111, outcome score: -1.000000.
[lifelong_slam_toolbox_node-1] [INFO] [1787309584.859689061] [slam_toolbox]: Metric Scores: Initial: 0.732667, IOU: 0.962594, Area: 0.980927, Num Con: 2, Reading: 0.686111, outcome score: -1.000000.
[lifelong_slam_toolbox_node-1] [INFO] [1787309584.859709561] [slam_toolbox]: Metric Scores: Initial: 0.760000, IOU: 0.953762, Area: 0.976319, Num Con: 2, Reading: 0.680556, outcome score: -1.000000.
[lifelong_slam_toolbox_node-1] [INFO] [1787309584.859729961] [slam_toolbox]: Metric Scores: Initial: 0.878638, IOU: 0.842566, Area: 0.914501, Num Con: 2, Reading: 0.480556, outcome score: 0.848804.
[lifelong_slam_toolbox_node-1] [INFO] [1787309584.859745161] [slam_toolbox]: Metric Scores: Initial: 0.778000, IOU: 0.943426, Area: 0.970882, Num Con: 2, Reading: 0.680556, outcome score: -1.000000.
[lifelong_slam_toolbox_node-1] [INFO] [1787309584.859762261] [slam_toolbox]: Metric Scores: Initial: 0.775833, IOU: 0.687027, Area: 0.814476, Num Con: 2, Reading: 0.177778, outcome score: 0.764167.
[lifelong_slam_toolbox_node-1] [INFO] [1787309584.859776262] [slam_toolbox]: Metric Scores: Initial: 0.992399, IOU: 0.811699, Area: 0.896035, Num Con: 3, Reading: 0.455556, outcome score: 0.991191.
[lifelong_slam_toolbox_node-1] [INFO] [1787309584.859838262] [slam_toolbox]: Metric Scores: Initial: 0.797667, IOU: 0.688988, Area: 0.815869, Num Con: 2, Reading: 0.180556, outcome score: 0.785833.
[lifelong_slam_toolbox_node-1] [INFO] [1787309584.859852962] [slam_toolbox]: Metric Scores: Initial: 0.991602, IOU: 0.788429, Area: 0.881706, Num Con: 3, Reading: 0.230556, outcome score: 0.990486.
[lifelong_slam_toolbox_node-1] [INFO] [1787309584.859872162] [slam_toolbox]: Metric Scores: Initial: 0.817500, IOU: 0.691677, Area: 0.817771, Num Con: 2, Reading: 0.186111, outcome score: 0.805333.
[lifelong_slam_toolbox_node-1] [INFO] [1787309584.859886962] [slam_toolbox]: Metric Scores: Initial: 0.868000, IOU: 0.764904, Area: 0.866819, Num Con: 2, Reading: 0.227778, outcome score: 0.853333.
[lifelong_slam_toolbox_node-1] [INFO] [1787309584.859901362] [slam_toolbox]: Metric Scores: Initial: 0.984904, IOU: 0.697191, Area: 0.821623, Num Con: 3, Reading: 0.191667, outcome score: 0.983730.
[lifelong_slam_toolbox_node-1] [INFO] [1787309584.859915362] [slam_toolbox]: Metric Scores: Initial: 0.856667, IOU: 0.745540, Area: 0.854260, Num Con: 2, Reading: 0.222222, outcome score: 0.842333.
[lifelong_slam_toolbox_node-1] [INFO] [1787309584.859928762] [slam_toolbox]: Metric Scores: Initial: 0.828833, IOU: 0.705253, Area: 0.827190, Num Con: 2, Reading: 0.202778, outcome score: 0.815667.
[lifelong_slam_toolbox_node-1] [INFO] [1787309584.859942562] [slam_toolbox]: Metric Scores: Initial: 0.846000, IOU: 0.728357, Area: 0.842890, Num Con: 2, Reading: 0.216667, outcome score: 0.832000.
[lifelong_slam_toolbox_node-1] [INFO] [1787309584.859956362] [slam_toolbox]: Metric Scores: Initial: 0.838000, IOU: 0.715785, Area: 0.834399, Num Con: 2, Reading: 0.208333, outcome score: 0.824500.
[lifelong_slam_toolbox_node-1] 
[lifelong_slam_toolbox_node-1] Solver Summary (v 2.2.0-eigen-(3.4.0)-lapack-suitesparse-(7.6.1)-eigensparse)
[lifelong_slam_toolbox_node-1] 
[lifelong_slam_toolbox_node-1]                                      Original                  Reduced
[lifelong_slam_toolbox_node-1] Parameter blocks                          126                       99
[lifelong_slam_toolbox_node-1] Parameters                                126                       99
[lifelong_slam_toolbox_node-1] Residual blocks                            34                       34
[lifelong_slam_toolbox_node-1] Residuals                                 102                      102
[lifelong_slam_toolbox_node-1] 
[lifelong_slam_toolbox_node-1] Minimizer                        TRUST_REGION
[lifelong_slam_toolbox_node-1] Trust region strategy     LEVENBERG_MARQUARDT
[lifelong_slam_toolbox_node-1] Sparse linear algebra library    SUITE_SPARSE 
[lifelong_slam_toolbox_node-1] 
[lifelong_slam_toolbox_node-1]                                         Given                     Used
[lifelong_slam_toolbox_node-1] Linear solver          SPARSE_NORMAL_CHOLESKY   SPARSE_NORMAL_CHOLESKY
[lifelong_slam_toolbox_node-1] Threads                                    50                        8
[lifelong_slam_toolbox_node-1] Linear solver ordering              AUTOMATIC                       99
[lifelong_slam_toolbox_node-1] 
[lifelong_slam_toolbox_node-1] Cost:
[lifelong_slam_toolbox_node-1] Initial                          6.144891e-02
[lifelong_slam_toolbox_node-1] Final                            3.797652e-03
[lifelong_slam_toolbox_node-1] Change                           5.765126e-02
[lifelong_slam_toolbox_node-1] 
[lifelong_slam_toolbox_node-1] Minimizer iterations                        2
[lifelong_slam_toolbox_node-1] Successful steps                            2
[lifelong_slam_toolbox_node-1] Unsuccessful steps                          0
[lifelong_slam_toolbox_node-1] 
[lifelong_slam_toolbox_node-1] Time (in seconds):
[lifelong_slam_toolbox_node-1] Preprocessor                         0.000228
[lifelong_slam_toolbox_node-1] 
[lifelong_slam_toolbox_node-1]   Residual only evaluation           0.000026 (2)
[lifelong_slam_toolbox_node-1]   Jacobian & residual evaluation     0.000138 (2)
[lifelong_slam_toolbox_node-1]   Linear solver                      0.000210 (2)
[lifelong_slam_toolbox_node-1] Minimizer                            0.000487
[lifelong_slam_toolbox_node-1] 
[lifelong_slam_toolbox_node-1] Postprocessor                        0.000007
[lifelong_slam_toolbox_node-1] Total                                0.000722
[lifelong_slam_toolbox_node-1] 
[lifelong_slam_toolbox_node-1] Termination:                      CONVERGENCE (Parameter tolerance reached. Relative step_norm: 3.680143e-06 <= 1.000000e-03.)
[lifelong_slam_toolbox_node-1] 
[lifelong_slam_toolbox_node-1] [INFO] [1787309585.638599776] [slam_toolbox]: Metric Scores: Initial: 0.848804, IOU: 0.847720, Area: 0.917550, Num Con: 2, Reading: 0.480556, outcome score: 0.818971.
[lifelong_slam_toolbox_node-1] [INFO] [1787309585.638670277] [slam_toolbox]: Metric Scores: Initial: 0.764167, IOU: 0.691341, Area: 0.817518, Num Con: 2, Reading: 0.177778, outcome score: 0.752500.
[lifelong_slam_toolbox_node-1] [INFO] [1787309585.638681677] [slam_toolbox]: Metric Scores: Initial: 0.991191, IOU: 0.816675, Area: 0.899080, Num Con: 3, Reading: 0.455556, outcome score: 0.989951.
[lifelong_slam_toolbox_node-1] [INFO] [1787309585.638695177] [slam_toolbox]: Metric Scores: Initial: 0.785833, IOU: 0.693277, Area: 0.818888, Num Con: 2, Reading: 0.180556, outcome score: 0.774000.
[lifelong_slam_toolbox_node-1] [INFO] [1787309585.638706477] [slam_toolbox]: Metric Scores: Initial: 0.990486, IOU: 0.793276, Area: 0.884749, Num Con: 3, Reading: 0.230556, outcome score: 0.989354.
[lifelong_slam_toolbox_node-1] [INFO] [1787309585.638716477] [slam_toolbox]: Metric Scores: Initial: 1.000000, IOU: 0.890710, Area: 0.942150, Num Con: 2, Reading: 0.683333, outcome score: -1.000000.
[lifelong_slam_toolbox_node-1] [INFO] [1787309585.638726677] [slam_toolbox]: Metric Scores: Initial: 0.805333, IOU: 0.695968, Area: 0.820782, Num Con: 2, Reading: 0.186111, outcome score: 0.793167.
[lifelong_slam_toolbox_node-1] [INFO] [1787309585.638736277] [slam_toolbox]: Metric Scores: Initial: 0.853333, IOU: 0.769599, Area: 0.869846, Num Con: 2, Reading: 0.227778, outcome score: 0.838667.
[lifelong_slam_toolbox_node-1] [INFO] [1787309585.638746877] [slam_toolbox]: Metric Scores: Initial: 0.983730, IOU: 0.701505, Area: 0.824630, Num Con: 3, Reading: 0.191667, outcome score: 0.982543.
[lifelong_slam_toolbox_node-1] [INFO] [1787309585.638757077] [slam_toolbox]: Metric Scores: Initial: 0.842333, IOU: 0.750118, Area: 0.857277, Num Con: 2, Reading: 0.222222, outcome score: 0.828000.
[lifelong_slam_toolbox_node-1] [INFO] [1787309585.638767577] [slam_toolbox]: Metric Scores: Initial: 0.815667, IOU: 0.709597, Area: 0.830190, Num Con: 2, Reading: 0.202778, outcome score: 0.802500.
[lifelong_slam_toolbox_node-1] [INFO] [1787309585.638776577] [slam_toolbox]: Metric Scores: Initial: 0.832000, IOU: 0.732836, Area: 0.845901, Num Con: 2, Reading: 0.216667, outcome score: 0.818000.
[lifelong_slam_toolbox_node-1] [INFO] [1787309585.638787477] [slam_toolbox]: Metric Scores: Initial: 0.824500, IOU: 0.720191, Area: 0.837404, Num Con: 2, Reading: 0.208333, outcome score: 0.811000.
[lifelong_slam_toolbox_node-1] [INFO] [1787309586.437348499] [slam_toolbox]: Metric Scores: Initial: 0.818971, IOU: 0.854270, Area: 0.921378, Num Con: 2, Reading: 0.480556, outcome score: -1.000000.
[lifelong_slam_toolbox_node-1] [INFO] [1787309586.437405999] [slam_toolbox]: Metric Scores: Initial: 0.752500, IOU: 0.696718, Area: 0.821270, Num Con: 2, Reading: 0.177778, outcome score: 0.740833.
[lifelong_slam_toolbox_node-1] [INFO] [1787309586.437416699] [slam_toolbox]: Metric Scores: Initial: 0.989951, IOU: 0.822980, Area: 0.902891, Num Con: 3, Reading: 0.455556, outcome score: 0.988676.
[lifelong_slam_toolbox_node-1] [INFO] [1787309586.437427099] [slam_toolbox]: Metric Scores: Initial: 0.774000, IOU: 0.698639, Area: 0.822620, Num Con: 2, Reading: 0.180556, outcome score: 0.762167.
[lifelong_slam_toolbox_node-1] [INFO] [1787309586.437438299] [slam_toolbox]: Metric Scores: Initial: 0.989354, IOU: 0.799400, Area: 0.888548, Num Con: 3, Reading: 0.230556, outcome score: 0.988207.
[lifelong_slam_toolbox_node-1] [INFO] [1787309586.437448099] [slam_toolbox]: Metric Scores: Initial: 0.793167, IOU: 0.701339, Area: 0.824509, Num Con: 2, Reading: 0.186111, outcome score: 0.781000.
[lifelong_slam_toolbox_node-1] [INFO] [1787309586.437458300] [slam_toolbox]: Metric Scores: Initial: 0.838667, IOU: 0.775524, Area: 0.873622, Num Con: 2, Reading: 0.227778, outcome score: 0.824000.
[lifelong_slam_toolbox_node-1] [INFO] [1787309586.437468000] [slam_toolbox]: Metric Scores: Initial: 0.982543, IOU: 0.706912, Area: 0.828357, Num Con: 3, Reading: 0.191667, outcome score: 0.981342.
[lifelong_slam_toolbox_node-1] [INFO] [1787309586.437477900] [slam_toolbox]: Metric Scores: Initial: 0.828000, IOU: 0.755886, Area: 0.861035, Num Con: 2, Reading: 0.222222, outcome score: 0.813667.
[lifelong_slam_toolbox_node-1] [INFO] [1787309586.437486800] [slam_toolbox]: Metric Scores: Initial: 0.802500, IOU: 0.715052, Area: 0.833914, Num Con: 2, Reading: 0.202778, outcome score: 0.789333.
[lifelong_slam_toolbox_node-1] [INFO] [1787309586.437496000] [slam_toolbox]: Metric Scores: Initial: 0.818000, IOU: 0.738470, Area: 0.849646, Num Con: 2, Reading: 0.216667, outcome score: 0.804000.
[lifelong_slam_toolbox_node-1] [INFO] [1787309586.437505000] [slam_toolbox]: Metric Scores: Initial: 0.811000, IOU: 0.725728, Area: 0.841139, Num Con: 2, Reading: 0.208333, outcome score: 0.797500.
[lifelong_slam_toolbox_node-1] [INFO] [1787309587.243937764] [slam_toolbox]: Metric Scores: Initial: 1.000000, IOU: 0.882460, Area: 0.937513, Num Con: 2, Reading: 0.680556, outcome score: -1.000000.
[lifelong_slam_toolbox_node-1] [INFO] [1787309587.244000164] [slam_toolbox]: Metric Scores: Initial: 0.740833, IOU: 0.703779, Area: 0.826137, Num Con: 2, Reading: 0.177778, outcome score: 0.729167.
[lifelong_slam_toolbox_node-1] [INFO] [1787309587.244016264] [slam_toolbox]: Metric Scores: Initial: 0.988676, IOU: 0.831356, Area: 0.907890, Num Con: 2, Reading: 0.455556, outcome score: 0.960343.
[lifelong_slam_toolbox_node-1] [INFO] [1787309587.244031964] [slam_toolbox]: Metric Scores: Initial: 0.762167, IOU: 0.705694, Area: 0.827472, Num Con: 2, Reading: 0.180556, outcome score: 0.750333.
[lifelong_slam_toolbox_node-1] [INFO] [1787309587.244046265] [slam_toolbox]: Metric Scores: Initial: 0.988207, IOU: 0.807522, Area: 0.893524, Num Con: 3, Reading: 0.230556, outcome score: 0.987044.
[lifelong_slam_toolbox_node-1] [INFO] [1787309587.244060965] [slam_toolbox]: Metric Scores: Initial: 0.781000, IOU: 0.708413, Area: 0.829359, Num Con: 2, Reading: 0.186111, outcome score: 0.768833.
[lifelong_slam_toolbox_node-1] [INFO] [1787309587.244074565] [slam_toolbox]: Metric Scores: Initial: 0.824000, IOU: 0.783375, Area: 0.878562, Num Con: 2, Reading: 0.227778, outcome score: 0.809333.
[lifelong_slam_toolbox_node-1] [INFO] [1787309587.244087765] [slam_toolbox]: Metric Scores: Initial: 0.981342, IOU: 0.714037, Area: 0.833211, Num Con: 3, Reading: 0.191667, outcome score: 0.980128.
[lifelong_slam_toolbox_node-1] [INFO] [1787309587.244102765] [slam_toolbox]: Metric Scores: Initial: 0.813667, IOU: 0.763521, Area: 0.865948, Num Con: 2, Reading: 0.222222, outcome score: 0.799333.
[lifelong_slam_toolbox_node-1] [INFO] [1787309587.244116565] [slam_toolbox]: Metric Scores: Initial: 0.789333, IOU: 0.722251, Area: 0.838772, Num Con: 2, Reading: 0.202778, outcome score: 0.776167.
[lifelong_slam_toolbox_node-1] [INFO] [1787309587.244132265] [slam_toolbox]: Metric Scores: Initial: 0.804000, IOU: 0.745919, Area: 0.854536, Num Con: 2, Reading: 0.216667, outcome score: 0.790000.
[lifelong_slam_toolbox_node-1] [INFO] [1787309587.244147165] [slam_toolbox]: Metric Scores: Initial: 0.797500, IOU: 0.733041, Area: 0.846012, Num Con: 2, Reading: 0.208333, outcome score: 0.784000.
[lifelong_slam_toolbox_node-1] [INFO] [1787309588.037505458] [slam_toolbox]: Metric Scores: Initial: 0.729167, IOU: 0.713929, Area: 0.833089, Num Con: 2, Reading: 0.177778, outcome score: 0.717500.
[lifelong_slam_toolbox_node-1] [INFO] [1787309588.037560659] [slam_toolbox]: Metric Scores: Initial: 0.960343, IOU: 0.843506, Area: 0.915088, Num Con: 2, Reading: 0.455556, outcome score: 0.932009.
[lifelong_slam_toolbox_node-1] [INFO] [1787309588.037572359] [slam_toolbox]: Metric Scores: Initial: 0.750333, IOU: 0.715850, Area: 0.834413, Num Con: 2, Reading: 0.180556, outcome score: 0.738500.
[lifelong_slam_toolbox_node-1] [INFO] [1787309588.037582559] [slam_toolbox]: Metric Scores: Initial: 0.987044, IOU: 0.819284, Area: 0.900678, Num Con: 3, Reading: 0.230556, outcome score: 0.985864.
[lifelong_slam_toolbox_node-1] [INFO] [1787309588.037591959] [slam_toolbox]: Metric Scores: Initial: 0.768833, IOU: 0.718603, Area: 0.836301, Num Con: 2, Reading: 0.186111, outcome score: 0.756667.
[lifelong_slam_toolbox_node-1] [INFO] [1787309588.037601259] [slam_toolbox]: Metric Scores: Initial: 0.809333, IOU: 0.794736, Area: 0.885662, Num Con: 2, Reading: 0.227778, outcome score: 0.794667.
[lifelong_slam_toolbox_node-1] [INFO] [1787309588.037610559] [slam_toolbox]: Metric Scores: Initial: 0.980128, IOU: 0.724309, Area: 0.840162, Num Con: 3, Reading: 0.191667, outcome score: 0.978899.
[lifelong_slam_toolbox_node-1] [INFO] [1787309588.037620459] [slam_toolbox]: Metric Scores: Initial: 0.799333, IOU: 0.774561, Area: 0.873005, Num Con: 2, Reading: 0.222222, outcome score: 0.785000.
[lifelong_slam_toolbox_node-1] [INFO] [1787309588.037630559] [slam_toolbox]: Metric Scores: Initial: 0.776167, IOU: 0.732640, Area: 0.845735, Num Con: 2, Reading: 0.202778, outcome score: 0.763000.
[lifelong_slam_toolbox_node-1] [INFO] [1787309588.037639759] [slam_toolbox]: Metric Scores: Initial: 0.790000, IOU: 0.756680, Area: 0.861554, Num Con: 2, Reading: 0.216667, outcome score: 0.776000.
[lifelong_slam_toolbox_node-1] [INFO] [1787309588.037648859] [slam_toolbox]: Metric Scores: Initial: 0.784000, IOU: 0.743600, Area: 0.853001, Num Con: 2, Reading: 0.208333, outcome score: 0.770500.
[lifelong_slam_toolbox_node-1] [INFO] [1787309588.838545593] [slam_toolbox]: Metric Scores: Initial: 1.000000, IOU: 0.884765, Area: 0.938830, Num Con: 2, Reading: 0.683333, outcome score: -1.000000.
[lifelong_slam_toolbox_node-1] [INFO] [1787309588.838611894] [slam_toolbox]: Metric Scores: Initial: 0.717500, IOU: 0.724286, Area: 0.840098, Num Con: 2, Reading: 0.177778, outcome score: 0.705833.
[lifelong_slam_toolbox_node-1] [INFO] [1787309588.838677394] [slam_toolbox]: Metric Scores: Initial: 0.932009, IOU: 0.855906, Area: 0.922336, Num Con: 2, Reading: 0.455556, outcome score: -1.000000.
[lifelong_slam_toolbox_node-1] [INFO] [1787309588.838688794] [slam_toolbox]: Metric Scores: Initial: 0.738500, IOU: 0.726212, Area: 0.841410, Num Con: 2, Reading: 0.180556, outcome score: 0.726667.
[lifelong_slam_toolbox_node-1] [INFO] [1787309588.838698094] [slam_toolbox]: Metric Scores: Initial: 0.985864, IOU: 0.831289, Area: 0.907885, Num Con: 3, Reading: 0.230556, outcome score: 0.984669.
[lifelong_slam_toolbox_node-1] [INFO] [1787309588.838707194] [slam_toolbox]: Metric Scores: Initial: 0.756667, IOU: 0.728998, Area: 0.843298, Num Con: 2, Reading: 0.186111, outcome score: 0.744500.
[lifelong_slam_toolbox_node-1] [INFO] [1787309588.838716294] [slam_toolbox]: Metric Scores: Initial: 0.794667, IOU: 0.806330, Area: 0.892814, Num Con: 2, Reading: 0.227778, outcome score: 0.780000.
[lifelong_slam_toolbox_node-1] [INFO] [1787309588.838726694] [slam_toolbox]: Metric Scores: Initial: 0.978899, IOU: 0.734788, Area: 0.847169, Num Con: 3, Reading: 0.191667, outcome score: 0.977657.
[lifelong_slam_toolbox_node-1] [INFO] [1787309588.838736594] [slam_toolbox]: Metric Scores: Initial: 0.785000, IOU: 0.785825, Area: 0.880114, Num Con: 2, Reading: 0.222222, outcome score: 0.770667.
[lifelong_slam_toolbox_node-1] [INFO] [1787309588.838746095] [slam_toolbox]: Metric Scores: Initial: 0.763000, IOU: 0.743238, Area: 0.852753, Num Con: 2, Reading: 0.202778, outcome score: 0.749833.
[lifelong_slam_toolbox_node-1] [INFO] [1787309588.838755795] [slam_toolbox]: Metric Scores: Initial: 0.776000, IOU: 0.767659, Area: 0.868625, Num Con: 2, Reading: 0.216667, outcome score: 0.762000.
[lifelong_slam_toolbox_node-1] [INFO] [1787309588.838765595] [slam_toolbox]: Metric Scores: Initial: 0.770500, IOU: 0.754371, Area: 0.860044, Num Con: 2, Reading: 0.208333, outcome score: 0.757000.
[lifelong_slam_toolbox_node-1] [INFO] [1787309589.637583518] [slam_toolbox]: Metric Scores: Initial: 1.000000, IOU: 0.888880, Area: 0.941139, Num Con: 2, Reading: 0.683333, outcome score: -1.000000.
[lifelong_slam_toolbox_node-1] [INFO] [1787309589.637648218] [slam_toolbox]: Metric Scores: Initial: 0.705833, IOU: 0.736786, Area: 0.848445, Num Con: 2, Reading: 0.177778, outcome score: 0.694167.
[lifelong_slam_toolbox_node-1] [INFO] [1787309589.637660518] [slam_toolbox]: Metric Scores: Initial: 0.726667, IOU: 0.738729, Area: 0.849750, Num Con: 2, Reading: 0.180556, outcome score: 0.714833.
[lifelong_slam_toolbox_node-1] [INFO] [1787309589.637669618] [slam_toolbox]: Metric Scores: Initial: 0.744500, IOU: 0.741562, Area: 0.851643, Num Con: 2, Reading: 0.186111, outcome score: 0.732333.
[lifelong_slam_toolbox_node-1] [INFO] [1787309589.637679018] [slam_toolbox]: Metric Scores: Initial: 0.977657, IOU: 0.747458, Area: 0.855528, Num Con: 3, Reading: 0.191667, outcome score: 0.976400.
[lifelong_slam_toolbox_node-1] [INFO] [1787309589.637689818] [slam_toolbox]: Metric Scores: Initial: 0.749833, IOU: 0.756062, Area: 0.861131, Num Con: 2, Reading: 0.202778, outcome score: 0.736667.
[lifelong_slam_toolbox_node-1] [INFO] [1787309589.637699318] [slam_toolbox]: Metric Scores: Initial: 0.757000, IOU: 0.767410, Area: 0.868454, Num Con: 2, Reading: 0.208333, outcome score: 0.743500.
[lifelong_slam_toolbox_node-1] [INFO] [1787309589.637708618] [slam_toolbox]: Metric Scores: Initial: 0.762000, IOU: 0.780956, Area: 0.877073, Num Con: 2, Reading: 0.216667, outcome score: 0.748000.
[lifelong_slam_toolbox_node-1] [INFO] [1787309589.637720018] [slam_toolbox]: Metric Scores: Initial: 0.770667, IOU: 0.799478, Area: 0.888611, Num Con: 2, Reading: 0.222222, outcome score: 0.756333.
[lifelong_slam_toolbox_node-1] [INFO] [1787309589.637728818] [slam_toolbox]: Metric Scores: Initial: 0.780000, IOU: 0.820391, Area: 0.901367, Num Con: 2, Reading: 0.227778, outcome score: 0.765333.
[lifelong_slam_toolbox_node-1] [INFO] [1787309589.637737718] [slam_toolbox]: Metric Scores: Initial: 0.984669, IOU: 0.845858, Area: 0.916505, Num Con: 2, Reading: 0.230556, outcome score: 0.969835.
[lifelong_slam_toolbox_node-1] W20260821 10:53:10.460491 647905 preprocessor.cc:67] Specified options.num_threads: 50 exceeds maximum available from the threading model Ceres was compiled with: 8.  Bounding to maximum number available.
[lifelong_slam_toolbox_node-1] [INFO] [1787309590.461606777] [slam_toolbox]: Metric Scores: Initial: 0.779000, IOU: 0.980617, Area: 0.990231, Num Con: 2, Reading: 0.680556, outcome score: -1.000000.
[lifelong_slam_toolbox_node-1] [INFO] [1787309590.461666977] [slam_toolbox]: Metric Scores: Initial: 0.694167, IOU: 0.752938, Area: 0.859045, Num Con: 2, Reading: 0.177778, outcome score: 0.682500.
[lifelong_slam_toolbox_node-1] [INFO] [1787309590.461679777] [slam_toolbox]: Metric Scores: Initial: 0.714833, IOU: 0.755031, Area: 0.860406, Num Con: 2, Reading: 0.180556, outcome score: 0.703000.
[lifelong_slam_toolbox_node-1] [INFO] [1787309590.461689777] [slam_toolbox]: Metric Scores: Initial: 0.732333, IOU: 0.758021, Area: 0.862355, Num Con: 2, Reading: 0.186111, outcome score: 0.720167.
[lifelong_slam_toolbox_node-1] [INFO] [1787309590.461699877] [slam_toolbox]: Metric Scores: Initial: 0.976400, IOU: 0.764164, Area: 0.866322, Num Con: 3, Reading: 0.191667, outcome score: 0.975128.
[lifelong_slam_toolbox_node-1] [INFO] [1787309590.461711477] [slam_toolbox]: Metric Scores: Initial: 0.736667, IOU: 0.773096, Area: 0.872028, Num Con: 2, Reading: 0.202778, outcome score: 0.723500.
[lifelong_slam_toolbox_node-1] [INFO] [1787309590.461720777] [slam_toolbox]: Metric Scores: Initial: 0.743500, IOU: 0.784846, Area: 0.879467, Num Con: 2, Reading: 0.208333, outcome score: 0.730000.
[lifelong_slam_toolbox_node-1] [INFO] [1787309590.461731677] [slam_toolbox]: Metric Scores: Initial: 0.748000, IOU: 0.798844, Area: 0.888207, Num Con: 2, Reading: 0.216667, outcome score: 0.734000.
[lifelong_slam_toolbox_node-1] [INFO] [1787309590.461738878] [slam_toolbox]: Metric Scores: Initial: 0.756333, IOU: 0.817971, Area: 0.899891, Num Con: 2, Reading: 0.222222, outcome score: 0.742000.
[lifelong_slam_toolbox_node-1] [INFO] [1787309590.461745778] [slam_toolbox]: Metric Scores: Initial: 0.765333, IOU: 0.839572, Area: 0.912808, Num Con: 2, Reading: 0.227778, outcome score: 0.750667.
[lifelong_slam_toolbox_node-1] [INFO] [1787309590.461757178] [slam_toolbox]: Metric Scores: Initial: 0.969835, IOU: 0.865874, Area: 0.928124, Num Con: 2, Reading: 0.230556, outcome score: -1.000000.
[lifelong_slam_toolbox_node-1] [INFO] [1787309591.238070879] [slam_toolbox]: Metric Scores: Initial: 0.682500, IOU: 0.769480, Area: 0.869718, Num Con: 2, Reading: 0.177778, outcome score: 0.670833.
[lifelong_slam_toolbox_node-1] [INFO] [1787309591.238131379] [slam_toolbox]: Metric Scores: Initial: 0.703000, IOU: 0.771609, Area: 0.871077, Num Con: 2, Reading: 0.180556, outcome score: 0.691167.
[lifelong_slam_toolbox_node-1] [INFO] [1787309591.238144579] [slam_toolbox]: Metric Scores: Initial: 0.720167, IOU: 0.774668, Area: 0.873033, Num Con: 2, Reading: 0.186111, outcome score: 0.708000.
[lifelong_slam_toolbox_node-1] [INFO] [1787309591.238156979] [slam_toolbox]: Metric Scores: Initial: 0.975128, IOU: 0.780961, Area: 0.877020, Num Con: 3, Reading: 0.191667, outcome score: 0.973842.
[lifelong_slam_toolbox_node-1] [INFO] [1787309591.238169379] [slam_toolbox]: Metric Scores: Initial: 0.723500, IOU: 0.790110, Area: 0.882755, Num Con: 2, Reading: 0.202778, outcome score: 0.710333.
[lifelong_slam_toolbox_node-1] [INFO] [1787309591.238181779] [slam_toolbox]: Metric Scores: Initial: 0.730000, IOU: 0.802156, Area: 0.890237, Num Con: 2, Reading: 0.208333, outcome score: 0.716500.
[lifelong_slam_toolbox_node-1] [INFO] [1787309591.238201679] [slam_toolbox]: Metric Scores: Initial: 1.000000, IOU: 0.882531, Area: 0.937595, Num Con: 2, Reading: 0.683333, outcome score: -1.000000.
[lifelong_slam_toolbox_node-1] [INFO] [1787309591.238212279] [slam_toolbox]: Metric Scores: Initial: 0.734000, IOU: 0.816510, Area: 0.899027, Num Con: 2, Reading: 0.216667, outcome score: 0.720000.
[lifelong_slam_toolbox_node-1] [INFO] [1787309591.238222580] [slam_toolbox]: Metric Scores: Initial: 0.742000, IOU: 0.836127, Area: 0.910777, Num Con: 2, Reading: 0.222222, outcome score: 0.727667.
[lifelong_slam_toolbox_node-1] [INFO] [1787309592.036238598] [slam_toolbox]: Metric Scores: Initial: 0.670833, IOU: 0.789237, Area: 0.882195, Num Con: 2, Reading: 0.430556, outcome score: 0.644000.
[lifelong_slam_toolbox_node-1] [INFO] [1787309592.036295298] [slam_toolbox]: Metric Scores: Initial: 0.691167, IOU: 0.791419, Area: 0.883557, Num Con: 2, Reading: 0.427778, outcome score: 0.664500.
[lifelong_slam_toolbox_node-1] [INFO] [1787309592.036309198] [slam_toolbox]: Metric Scores: Initial: 0.708000, IOU: 0.794565, Area: 0.885525, Num Con: 2, Reading: 0.427778, outcome score: 0.681333.
[lifelong_slam_toolbox_node-1] [INFO] [1787309592.036321298] [slam_toolbox]: Metric Scores: Initial: 0.973842, IOU: 0.801042, Area: 0.889538, Num Con: 3, Reading: 0.430556, outcome score: 0.972166.
[lifelong_slam_toolbox_node-1] [INFO] [1787309592.036333899] [slam_toolbox]: Metric Scores: Initial: 0.710333, IOU: 0.810459, Area: 0.895309, Num Con: 2, Reading: 0.433333, outcome score: 0.683333.
[lifelong_slam_toolbox_node-1] [INFO] [1787309592.036376799] [slam_toolbox]: Metric Scores: Initial: 0.716500, IOU: 0.822867, Area: 0.902843, Num Con: 2, Reading: 0.436111, outcome score: 0.689333.
[lifelong_slam_toolbox_node-1] [INFO] [1787309592.036386999] [slam_toolbox]: Metric Scores: Initial: 0.720000, IOU: 0.837654, Area: 0.911692, Num Con: 2, Reading: 0.436111, outcome score: 0.692833.
[lifelong_slam_toolbox_node-1] [INFO] [1787309592.036395999] [slam_toolbox]: Metric Scores: Initial: 0.727667, IOU: 0.857871, Area: 0.923521, Num Con: 2, Reading: 0.436111, outcome score: -1.000000.
[lifelong_slam_toolbox_node-1] [INFO] [1787309592.841119754] [slam_toolbox]: Metric Scores: Initial: 0.736000, IOU: 0.974657, Area: 0.987177, Num Con: 2, Reading: 0.605556, outcome score: -1.000000.
[lifelong_slam_toolbox_node-1] [INFO] [1787309592.841226654] [slam_toolbox]: Metric Scores: Initial: 0.644000, IOU: 0.809617, Area: 0.894802, Num Con: 2, Reading: 0.430556, outcome score: 0.617167.
[lifelong_slam_toolbox_node-1] [INFO] [1787309592.841253754] [slam_toolbox]: Metric Scores: Initial: 0.664500, IOU: 0.811863, Area: 0.896173, Num Con: 2, Reading: 0.430556, outcome score: 0.637667.
[lifelong_slam_toolbox_node-1] [INFO] [1787309592.841274354] [slam_toolbox]: Metric Scores: Initial: 0.681333, IOU: 0.815103, Area: 0.898155, Num Con: 2, Reading: 0.430556, outcome score: 0.654500.
[lifelong_slam_toolbox_node-1] [INFO] [1787309592.841296455] [slam_toolbox]: Metric Scores: Initial: 0.972166, IOU: 0.821776, Area: 0.902196, Num Con: 3, Reading: 0.430556, outcome score: 0.970447.
[lifelong_slam_toolbox_node-1] [INFO] [1787309592.841312755] [slam_toolbox]: Metric Scores: Initial: 1.000000, IOU: 0.844035, Area: 0.915461, Num Con: 2, Reading: 0.427778, outcome score: 0.973333.
[lifelong_slam_toolbox_node-1] [INFO] [1787309592.841326955] [slam_toolbox]: Metric Scores: Initial: 0.683333, IOU: 0.831479, Area: 0.908007, Num Con: 2, Reading: 0.436111, outcome score: 0.656167.
[lifelong_slam_toolbox_node-1] [INFO] [1787309592.841340955] [slam_toolbox]: Metric Scores: Initial: 0.689333, IOU: 0.844267, Area: 0.915594, Num Con: 2, Reading: 0.436111, outcome score: 0.662167.
[lifelong_slam_toolbox_node-1] [INFO] [1787309593.644358800] [slam_toolbox]: Metric Scores: Initial: 0.617167, IOU: 0.831320, Area: 0.907890, Num Con: 2, Reading: 0.433333, outcome score: 0.590167.
[lifelong_slam_toolbox_node-1] [INFO] [1787309593.644432301] [slam_toolbox]: Metric Scores: Initial: 0.637667, IOU: 0.833618, Area: 0.909259, Num Con: 2, Reading: 0.430556, outcome score: 0.610833.
[lifelong_slam_toolbox_node-1] [INFO] [1787309593.644451601] [slam_toolbox]: Metric Scores: Initial: 0.654500, IOU: 0.836954, Area: 0.911251, Num Con: 2, Reading: 0.430556, outcome score: 0.627667.
[lifelong_slam_toolbox_node-1] [INFO] [1787309593.644465101] [slam_toolbox]: Metric Scores: Initial: 1.000000, IOU: 0.827177, Area: 0.905423, Num Con: 2, Reading: 0.430556, outcome score: 0.973167.
[lifelong_slam_toolbox_node-1] [INFO] [1787309593.644479501] [slam_toolbox]: Metric Scores: Initial: 0.970447, IOU: 0.843831, Area: 0.915318, Num Con: 3, Reading: 0.433333, outcome score: 0.968679.
[lifelong_slam_toolbox_node-1] [INFO] [1787309593.644493601] [slam_toolbox]: Metric Scores: Initial: 0.973333, IOU: 0.821791, Area: 0.902208, Num Con: 2, Reading: 0.425000, outcome score: 0.946833.
[lifelong_slam_toolbox_node-1] [INFO] [1787309593.644507401] [slam_toolbox]: Metric Scores: Initial: 0.656167, IOU: 0.853832, Area: 0.921164, Num Con: 2, Reading: 0.436111, outcome score: -1.000000.
[lifelong_slam_toolbox_node-1] [INFO] [1787309593.644522301] [slam_toolbox]: Metric Scores: Initial: 0.662167, IOU: 0.867026, Area: 0.928803, Num Con: 2, Reading: 0.436111, outcome score: -1.000000.
[lifelong_slam_toolbox_node-1] [INFO] [1787309594.436818989] [slam_toolbox]: Metric Scores: Initial: 0.590167, IOU: 0.854042, Area: 0.921283, Num Con: 2, Reading: 0.433333, outcome score: -1.000000.
[lifelong_slam_toolbox_node-1] [INFO] [1787309594.436877489] [slam_toolbox]: Metric Scores: Initial: 0.610833, IOU: 0.856406, Area: 0.922658, Num Con: 2, Reading: 0.430556, outcome score: -1.000000.
[lifelong_slam_toolbox_node-1] [INFO] [1787309594.436888189] [slam_toolbox]: Metric Scores: Initial: 1.000000, IOU: 0.812215, Area: 0.896391, Num Con: 2, Reading: 0.433333, outcome score: 0.973000.
[lifelong_slam_toolbox_node-1] [INFO] [1787309594.436898389] [slam_toolbox]: Metric Scores: Initial: 0.627667, IOU: 0.859847, Area: 0.924662, Num Con: 2, Reading: 0.433333, outcome score: -1.000000.
[lifelong_slam_toolbox_node-1] [INFO] [1787309594.436908489] [slam_toolbox]: Metric Scores: Initial: 0.973167, IOU: 0.805221, Area: 0.892119, Num Con: 2, Reading: 0.430556, outcome score: 0.946333.
[lifelong_slam_toolbox_node-1] [INFO] [1787309594.436986890] [slam_toolbox]: Metric Scores: Initial: 0.968679, IOU: 0.866946, Area: 0.928756, Num Con: 2, Reading: 0.433333, outcome score: -1.000000.
[lifelong_slam_toolbox_node-1] [INFO] [1787309594.436998490] [slam_toolbox]: Metric Scores: Initial: 0.946833, IOU: 0.799991, Area: 0.888920, Num Con: 2, Reading: 0.425000, outcome score: 0.920333.
[lifelong_slam_toolbox_node-1] 
[lifelong_slam_toolbox_node-1] Solver Summary (v 2.2.0-eigen-(3.4.0)-lapack-suitesparse-(7.6.1)-eigensparse)
[lifelong_slam_toolbox_node-1] 
[lifelong_slam_toolbox_node-1]                                      Original                  Reduced
[lifelong_slam_toolbox_node-1] Parameter blocks                          114                       75
[lifelong_slam_toolbox_node-1] Parameters                                114                       75
[lifelong_slam_toolbox_node-1] Residual blocks                            26                       26
[lifelong_slam_toolbox_node-1] Residuals                                  78                       78
[lifelong_slam_toolbox_node-1] 
[lifelong_slam_toolbox_node-1] Minimizer                        TRUST_REGION
[lifelong_slam_toolbox_node-1] Trust region strategy     LEVENBERG_MARQUARDT
[lifelong_slam_toolbox_node-1] Sparse linear algebra library    SUITE_SPARSE 
[lifelong_slam_toolbox_node-1] 
[lifelong_slam_toolbox_node-1]                                         Given                     Used
[lifelong_slam_toolbox_node-1] Linear solver          SPARSE_NORMAL_CHOLESKY   SPARSE_NORMAL_CHOLESKY
[lifelong_slam_toolbox_node-1] Threads                                    50                        8
[lifelong_slam_toolbox_node-1] Linear solver ordering              AUTOMATIC                       75
[lifelong_slam_toolbox_node-1] 
[lifelong_slam_toolbox_node-1] Cost:
[lifelong_slam_toolbox_node-1] Initial                          1.161081e-01
[lifelong_slam_toolbox_node-1] Final                            3.230346e-02
[lifelong_slam_toolbox_node-1] Change                           8.380463e-02
[lifelong_slam_toolbox_node-1] 
[lifelong_slam_toolbox_node-1] Minimizer iterations                        2
[lifelong_slam_toolbox_node-1] Successful steps                            2
[lifelong_slam_toolbox_node-1] Unsuccessful steps                          0
[lifelong_slam_toolbox_node-1] 
[lifelong_slam_toolbox_node-1] Time (in seconds):
[lifelong_slam_toolbox_node-1] Preprocessor                         0.000200
[lifelong_slam_toolbox_node-1] 
[lifelong_slam_toolbox_node-1]   Residual only evaluation           0.000031 (2)
[lifelong_slam_toolbox_node-1]   Jacobian & residual evaluation     0.000150 (2)
[lifelong_slam_toolbox_node-1]   Linear solver                      0.000177 (2)
[lifelong_slam_toolbox_node-1] Minimizer                            0.000455
[lifelong_slam_toolbox_node-1] 
[lifelong_slam_toolbox_node-1] Postprocessor                        0.000009
[lifelong_slam_toolbox_node-1] Total                                0.000664
[lifelong_slam_toolbox_node-1] 
[lifelong_slam_toolbox_node-1] Termination:                      CONVERGENCE (Parameter tolerance reached. Relative step_norm: 5.098067e-05 <= 1.000000e-03.)
[lifelong_slam_toolbox_node-1] 
[lifelong_slam_toolbox_node-1] [INFO] [1787309595.236593817] [slam_toolbox]: Metric Scores: Initial: 1.000000, IOU: 0.997380, Area: 0.998675, Num Con: 2, Reading: 0.605556, outcome score: -1.000000.
[lifelong_slam_toolbox_node-1] [INFO] [1787309595.236668417] [slam_toolbox]: Metric Scores: Initial: 1.000000, IOU: 0.800443, Area: 0.889203, Num Con: 2, Reading: 0.436111, outcome score: 0.972833.
[lifelong_slam_toolbox_node-1] [INFO] [1787309595.236679117] [slam_toolbox]: Metric Scores: Initial: 0.973000, IOU: 0.792193, Area: 0.884071, Num Con: 2, Reading: 0.433333, outcome score: 0.946000.
[lifelong_slam_toolbox_node-1] [INFO] [1787309595.236688217] [slam_toolbox]: Metric Scores: Initial: 0.946333, IOU: 0.785402, Area: 0.879829, Num Con: 2, Reading: 0.427778, outcome score: 0.919667.
[lifelong_slam_toolbox_node-1] [INFO] [1787309595.236697017] [slam_toolbox]: Metric Scores: Initial: 0.920333, IOU: 0.780323, Area: 0.876653, Num Con: 2, Reading: 0.422222, outcome score: 0.894000.
[lifelong_slam_toolbox_node-1] [INFO] [1787309596.036893947] [slam_toolbox]: Metric Scores: Initial: 1.000000, IOU: 0.793269, Area: 0.884757, Num Con: 2, Reading: 0.433333, outcome score: 0.973000.
[lifelong_slam_toolbox_node-1] [INFO] [1787309596.036958648] [slam_toolbox]: Metric Scores: Initial: 0.972833, IOU: 0.781753, Area: 0.877549, Num Con: 2, Reading: 0.436111, outcome score: 0.945667.
[lifelong_slam_toolbox_node-1] [INFO] [1787309596.036975848] [slam_toolbox]: Metric Scores: Initial: 0.946000, IOU: 0.773717, Area: 0.872444, Num Con: 2, Reading: 0.430556, outcome score: 0.919167.
[lifelong_slam_toolbox_node-1] [INFO] [1787309596.036987548] [slam_toolbox]: Metric Scores: Initial: 0.919667, IOU: 0.767095, Area: 0.868222, Num Con: 2, Reading: 0.427778, outcome score: 0.893000.
[lifelong_slam_toolbox_node-1] [INFO] [1787309596.036997648] [slam_toolbox]: Metric Scores: Initial: 0.894000, IOU: 0.762138, Area: 0.865059, Num Con: 2, Reading: 0.422222, outcome score: 0.867667.
[lifelong_slam_toolbox_node-1] [INFO] [1787309596.836490774] [slam_toolbox]: Metric Scores: Initial: 1.000000, IOU: 0.998270, Area: 0.999114, Num Con: 2, Reading: 0.616667, outcome score: -1.000000.
[lifelong_slam_toolbox_node-1] [INFO] [1787309596.836572175] [slam_toolbox]: Metric Scores: Initial: 1.000000, IOU: 0.787704, Area: 0.881281, Num Con: 2, Reading: 0.188889, outcome score: 0.987667.
[lifelong_slam_toolbox_node-1] [INFO] [1787309596.836582875] [slam_toolbox]: Metric Scores: Initial: 0.973000, IOU: 0.776223, Area: 0.874048, Num Con: 2, Reading: 0.180556, outcome score: 0.961167.
[lifelong_slam_toolbox_node-1] [INFO] [1787309596.836594275] [slam_toolbox]: Metric Scores: Initial: 0.945667, IOU: 0.764987, Area: 0.866880, Num Con: 2, Reading: 0.180556, outcome score: 0.933833.
[lifelong_slam_toolbox_node-1] [INFO] [1787309596.836603575] [slam_toolbox]: Metric Scores: Initial: 0.919167, IOU: 0.757142, Area: 0.861803, Num Con: 2, Reading: 0.175000, outcome score: 0.907667.
[lifelong_slam_toolbox_node-1] [INFO] [1787309596.836613575] [slam_toolbox]: Metric Scores: Initial: 0.893000, IOU: 0.750674, Area: 0.857601, Num Con: 2, Reading: 0.169444, outcome score: 0.881833.
[lifelong_slam_toolbox_node-1] [INFO] [1787309596.836624675] [slam_toolbox]: Metric Scores: Initial: 0.867667, IOU: 0.745829, Area: 0.854451, Num Con: 2, Reading: 0.166667, outcome score: 0.856667.
[lifelong_slam_toolbox_node-1] [INFO] [1787309597.636095501] [slam_toolbox]: Metric Scores: Initial: 1.000000, IOU: 0.785210, Area: 0.879732, Num Con: 2, Reading: 0.200000, outcome score: 0.987000.
[lifelong_slam_toolbox_node-1] [INFO] [1787309597.636152401] [slam_toolbox]: Metric Scores: Initial: 0.987667, IOU: 0.772096, Area: 0.871441, Num Con: 2, Reading: 0.188889, outcome score: 0.975333.
[lifelong_slam_toolbox_node-1] [INFO] [1787309597.636163702] [slam_toolbox]: Metric Scores: Initial: 0.961167, IOU: 0.760881, Area: 0.864252, Num Con: 2, Reading: 0.180556, outcome score: 0.949333.
[lifelong_slam_toolbox_node-1] [INFO] [1787309597.636173702] [slam_toolbox]: Metric Scores: Initial: 0.933833, IOU: 0.749904, Area: 0.857127, Num Con: 2, Reading: 0.180556, outcome score: 0.922000.
[lifelong_slam_toolbox_node-1] [INFO] [1787309597.636183702] [slam_toolbox]: Metric Scores: Initial: 0.907667, IOU: 0.742240, Area: 0.852081, Num Con: 2, Reading: 0.175000, outcome score: 0.896167.
[lifelong_slam_toolbox_node-1] [INFO] [1787309597.636208502] [slam_toolbox]: Metric Scores: Initial: 0.881833, IOU: 0.735924, Area: 0.847908, Num Con: 2, Reading: 0.169444, outcome score: 0.870667.
[lifelong_slam_toolbox_node-1] [INFO] [1787309597.636222502] [slam_toolbox]: Metric Scores: Initial: 0.856667, IOU: 0.731193, Area: 0.844779, Num Con: 2, Reading: 0.166667, outcome score: 0.845667.
[lifelong_slam_toolbox_node-1] [INFO] [1787309598.436321531] [slam_toolbox]: Metric Scores: Initial: 1.000000, IOU: 0.998154, Area: 0.999064, Num Con: 2, Reading: 0.633333, outcome score: -1.000000.
[lifelong_slam_toolbox_node-1] [INFO] [1787309598.436439332] [slam_toolbox]: Metric Scores: Initial: 1.000000, IOU: 0.788589, Area: 0.881831, Num Con: 3, Reading: 0.200000, outcome score: 0.999000.
[lifelong_slam_toolbox_node-1] [INFO] [1787309598.436451532] [slam_toolbox]: Metric Scores: Initial: 0.987000, IOU: 0.772653, Area: 0.871790, Num Con: 2, Reading: 0.200000, outcome score: 0.974000.
[lifelong_slam_toolbox_node-1] [INFO] [1787309598.436463132] [slam_toolbox]: Metric Scores: Initial: 0.975333, IOU: 0.759777, Area: 0.863534, Num Con: 2, Reading: 0.188889, outcome score: 0.963000.
[lifelong_slam_toolbox_node-1] [INFO] [1787309598.436472432] [slam_toolbox]: Metric Scores: Initial: 0.949333, IOU: 0.748763, Area: 0.856375, Num Con: 2, Reading: 0.180556, outcome score: 0.937500.
[lifelong_slam_toolbox_node-1] [INFO] [1787309598.436481832] [slam_toolbox]: Metric Scores: Initial: 0.922000, IOU: 0.737981, Area: 0.849281, Num Con: 2, Reading: 0.180556, outcome score: 0.910167.
[lifelong_slam_toolbox_node-1] [INFO] [1787309598.436491832] [slam_toolbox]: Metric Scores: Initial: 0.896167, IOU: 0.730452, Area: 0.844255, Num Con: 2, Reading: 0.175000, outcome score: 0.884667.
[lifelong_slam_toolbox_node-1] [INFO] [1787309598.436501032] [slam_toolbox]: Metric Scores: Initial: 0.870667, IOU: 0.724243, Area: 0.840097, Num Con: 2, Reading: 0.169444, outcome score: 0.859500.
[lifelong_slam_toolbox_node-1] [INFO] [1787309598.436510032] [slam_toolbox]: Metric Scores: Initial: 0.845667, IOU: 0.719590, Area: 0.836978, Num Con: 2, Reading: 0.166667, outcome score: 0.834667.
[lifelong_slam_toolbox_node-1] [INFO] [1787309599.240601184] [slam_toolbox]: Metric Scores: Initial: 1.000000, IOU: 0.794160, Area: 0.885306, Num Con: 2, Reading: 0.205556, outcome score: 0.986667.
[lifelong_slam_toolbox_node-1] [INFO] [1787309599.240656384] [slam_toolbox]: Metric Scores: Initial: 0.999000, IOU: 0.776964, Area: 0.874524, Num Con: 3, Reading: 0.200000, outcome score: 0.997988.
[lifelong_slam_toolbox_node-1] [INFO] [1787309599.240666984] [slam_toolbox]: Metric Scores: Initial: 0.974000, IOU: 0.761302, Area: 0.864526, Num Con: 2, Reading: 0.200000, outcome score: 0.961000.
[lifelong_slam_toolbox_node-1] [INFO] [1787309599.240679984] [slam_toolbox]: Metric Scores: Initial: 0.963000, IOU: 0.748650, Area: 0.856310, Num Con: 2, Reading: 0.188889, outcome score: 0.950667.
[lifelong_slam_toolbox_node-1] [INFO] [1787309599.240690284] [slam_toolbox]: Metric Scores: Initial: 0.937500, IOU: 0.737830, Area: 0.849188, Num Con: 2, Reading: 0.180556, outcome score: 0.925667.
[lifelong_slam_toolbox_node-1] [INFO] [1787309599.240700084] [slam_toolbox]: Metric Scores: Initial: 0.910167, IOU: 0.727237, Area: 0.842129, Num Con: 2, Reading: 0.180556, outcome score: 0.898333.
[lifelong_slam_toolbox_node-1] [INFO] [1787309599.240709284] [slam_toolbox]: Metric Scores: Initial: 0.884667, IOU: 0.719842, Area: 0.837133, Num Con: 2, Reading: 0.175000, outcome score: 0.873167.
[lifelong_slam_toolbox_node-1] [INFO] [1787309599.240718784] [slam_toolbox]: Metric Scores: Initial: 0.859500, IOU: 0.713748, Area: 0.833001, Num Con: 2, Reading: 0.169444, outcome score: 0.848333.
[lifelong_slam_toolbox_node-1] [INFO] [1787309599.240727384] [slam_toolbox]: Metric Scores: Initial: 0.834667, IOU: 0.709185, Area: 0.829905, Num Con: 2, Reading: 0.166667, outcome score: 0.823667.
[lifelong_slam_toolbox_node-1] [INFO] [1787309600.042121521] [slam_toolbox]: Metric Scores: Initial: 1.000000, IOU: 0.998817, Area: 0.999405, Num Con: 2, Reading: 0.647222, outcome score: -1.000000.
[lifelong_slam_toolbox_node-1] [INFO] [1787309600.042220721] [slam_toolbox]: Metric Scores: Initial: 1.000000, IOU: 0.804491, Area: 0.891687, Num Con: 2, Reading: 0.383333, outcome score: 0.976000.
[lifelong_slam_toolbox_node-1] [INFO] [1787309600.042238921] [slam_toolbox]: Metric Scores: Initial: 0.986667, IOU: 0.784268, Area: 0.879121, Num Con: 2, Reading: 0.205556, outcome score: 0.973333.
[lifelong_slam_toolbox_node-1] [INFO] [1787309600.042254122] [slam_toolbox]: Metric Scores: Initial: 0.997988, IOU: 0.767324, Area: 0.868380, Num Con: 3, Reading: 0.200000, outcome score: 0.996964.
[lifelong_slam_toolbox_node-1] [INFO] [1787309600.042268722] [slam_toolbox]: Metric Scores: Initial: 0.961000, IOU: 0.751887, Area: 0.858419, Num Con: 2, Reading: 0.200000, outcome score: 0.948000.
[lifelong_slam_toolbox_node-1] [INFO] [1787309600.042286322] [slam_toolbox]: Metric Scores: Initial: 0.950667, IOU: 0.739420, Area: 0.850236, Num Con: 2, Reading: 0.188889, outcome score: 0.938333.
[lifelong_slam_toolbox_node-1] [INFO] [1787309600.042301422] [slam_toolbox]: Metric Scores: Initial: 0.925667, IOU: 0.728760, Area: 0.843146, Num Con: 2, Reading: 0.180556, outcome score: 0.913833.
[lifelong_slam_toolbox_node-1] [INFO] [1787309600.042315222] [slam_toolbox]: Metric Scores: Initial: 0.898333, IOU: 0.718322, Area: 0.836118, Num Con: 2, Reading: 0.180556, outcome score: 0.886500.
[lifelong_slam_toolbox_node-1] [INFO] [1787309600.042386122] [slam_toolbox]: Metric Scores: Initial: 0.873167, IOU: 0.711039, Area: 0.831145, Num Con: 2, Reading: 0.175000, outcome score: 0.861667.
[lifelong_slam_toolbox_node-1] [INFO] [1787309600.042405622] [slam_toolbox]: Metric Scores: Initial: 0.848333, IOU: 0.705039, Area: 0.827036, Num Con: 2, Reading: 0.169444, outcome score: 0.837167.
[lifelong_slam_toolbox_node-1] [INFO] [1787309600.042420622] [slam_toolbox]: Metric Scores: Initial: 0.823667, IOU: 0.700550, Area: 0.823958, Num Con: 2, Reading: 0.166667, outcome score: 0.812667.
[lifelong_slam_toolbox_node-1] [INFO] [1787309600.836323618] [slam_toolbox]: Metric Scores: Initial: 1.000000, IOU: 0.818143, Area: 0.899985, Num Con: 2, Reading: 0.394444, outcome score: 0.975333.
[lifelong_slam_toolbox_node-1] [INFO] [1787309600.836379119] [slam_toolbox]: Metric Scores: Initial: 0.976000, IOU: 0.797510, Area: 0.887377, Num Con: 2, Reading: 0.383333, outcome score: 0.952000.
[lifelong_slam_toolbox_node-1] [INFO] [1787309600.836390819] [slam_toolbox]: Metric Scores: Initial: 0.973333, IOU: 0.777495, Area: 0.874845, Num Con: 2, Reading: 0.205556, outcome score: 0.960000.
[lifelong_slam_toolbox_node-1] [INFO] [1787309600.836402219] [slam_toolbox]: Metric Scores: Initial: 0.996964, IOU: 0.760727, Area: 0.864135, Num Con: 3, Reading: 0.200000, outcome score: 0.995927.
[lifelong_slam_toolbox_node-1] [INFO] [1787309600.836412219] [slam_toolbox]: Metric Scores: Initial: 0.948000, IOU: 0.745446, Area: 0.854202, Num Con: 2, Reading: 0.200000, outcome score: 0.935000.
[lifelong_slam_toolbox_node-1] [INFO] [1787309600.836425019] [slam_toolbox]: Metric Scores: Initial: 0.938333, IOU: 0.733108, Area: 0.846044, Num Con: 2, Reading: 0.188889, outcome score: 0.926000.
[lifelong_slam_toolbox_node-1] [INFO] [1787309600.836435119] [slam_toolbox]: Metric Scores: Initial: 0.913833, IOU: 0.722565, Area: 0.838980, Num Con: 2, Reading: 0.180556, outcome score: 0.902000.
[lifelong_slam_toolbox_node-1] [INFO] [1787309600.836444919] [slam_toolbox]: Metric Scores: Initial: 0.886500, IOU: 0.712238, Area: 0.831977, Num Con: 2, Reading: 0.180556, outcome score: 0.874667.
[lifelong_slam_toolbox_node-1] [INFO] [1787309600.836454719] [slam_toolbox]: Metric Scores: Initial: 0.861667, IOU: 0.705037, Area: 0.827026, Num Con: 2, Reading: 0.175000, outcome score: 0.850167.
[lifelong_slam_toolbox_node-1] [INFO] [1787309600.836464219] [slam_toolbox]: Metric Scores: Initial: 0.837167, IOU: 0.699111, Area: 0.822938, Num Con: 2, Reading: 0.169444, outcome score: 0.826000.
[lifelong_slam_toolbox_node-1] [INFO] [1787309600.836473919] [slam_toolbox]: Metric Scores: Initial: 0.812667, IOU: 0.694682, Area: 0.819881, Num Con: 2, Reading: 0.166667, outcome score: 0.801667.
[lifelong_slam_toolbox_node-1] [INFO] [1787309601.637470154] [slam_toolbox]: Metric Scores: Initial: 1.000000, IOU: 0.998797, Area: 0.999398, Num Con: 2, Reading: 0.652778, outcome score: -1.000000.
[lifelong_slam_toolbox_node-1] [INFO] [1787309601.637548854] [slam_toolbox]: Metric Scores: Initial: 1.000000, IOU: 0.834670, Area: 0.909913, Num Con: 3, Reading: 0.405556, outcome score: 0.999000.
[lifelong_slam_toolbox_node-1] [INFO] [1787309601.637559754] [slam_toolbox]: Metric Scores: Initial: 0.975333, IOU: 0.812843, Area: 0.896777, Num Con: 2, Reading: 0.394444, outcome score: 0.950667.
[lifelong_slam_toolbox_node-1] [INFO] [1787309601.637568854] [slam_toolbox]: Metric Scores: Initial: 0.952000, IOU: 0.792366, Area: 0.884192, Num Con: 2, Reading: 0.383333, outcome score: 0.928000.
[lifelong_slam_toolbox_node-1] [INFO] [1787309601.637577554] [slam_toolbox]: Metric Scores: Initial: 0.960000, IOU: 0.772506, Area: 0.871685, Num Con: 2, Reading: 0.205556, outcome score: 0.946667.
[lifelong_slam_toolbox_node-1] [INFO] [1787309601.637587854] [slam_toolbox]: Metric Scores: Initial: 0.995927, IOU: 0.755870, Area: 0.861001, Num Con: 3, Reading: 0.200000, outcome score: 0.994879.
[lifelong_slam_toolbox_node-1] [INFO] [1787309601.637597054] [slam_toolbox]: Metric Scores: Initial: 0.935000, IOU: 0.740704, Area: 0.851088, Num Con: 2, Reading: 0.200000, outcome score: 0.922000.
[lifelong_slam_toolbox_node-1] [INFO] [1787309601.637608454] [slam_toolbox]: Metric Scores: Initial: 0.926000, IOU: 0.728464, Area: 0.842951, Num Con: 2, Reading: 0.188889, outcome score: 0.913667.
[lifelong_slam_toolbox_node-1] [INFO] [1787309601.637617654] [slam_toolbox]: Metric Scores: Initial: 0.902000, IOU: 0.718010, Area: 0.835909, Num Con: 2, Reading: 0.180556, outcome score: 0.890167.
[lifelong_slam_toolbox_node-1] [INFO] [1787309601.637627454] [slam_toolbox]: Metric Scores: Initial: 0.874667, IOU: 0.707768, Area: 0.828927, Num Con: 2, Reading: 0.180556, outcome score: 0.862833.
[lifelong_slam_toolbox_node-1] [INFO] [1787309601.637637554] [slam_toolbox]: Metric Scores: Initial: 0.850167, IOU: 0.700632, Area: 0.823995, Num Con: 2, Reading: 0.175000, outcome score: 0.838667.
[lifelong_slam_toolbox_node-1] [INFO] [1787309601.637647755] [slam_toolbox]: Metric Scores: Initial: 0.826000, IOU: 0.694763, Area: 0.819926, Num Con: 2, Reading: 0.169444, outcome score: 0.814833.
[lifelong_slam_toolbox_node-1] [INFO] [1787309601.637656755] [slam_toolbox]: Metric Scores: Initial: 0.801667, IOU: 0.690384, Area: 0.816887, Num Con: 2, Reading: 0.166667, outcome score: 0.790667.
[lifelong_slam_toolbox_node-1] [INFO] [1787309602.436860579] [slam_toolbox]: Metric Scores: Initial: 1.000000, IOU: 0.853860, Area: 0.921159, Num Con: 2, Reading: 0.411111, outcome score: -1.000000.
[lifelong_slam_toolbox_node-1] [INFO] [1787309602.436942380] [slam_toolbox]: Metric Scores: Initial: 0.999000, IOU: 0.831140, Area: 0.907782, Num Con: 3, Reading: 0.405556, outcome score: 0.997976.
[lifelong_slam_toolbox_node-1] [INFO] [1787309602.436955180] [slam_toolbox]: Metric Scores: Initial: 0.950667, IOU: 0.809434, Area: 0.894669, Num Con: 2, Reading: 0.394444, outcome score: 0.926000.
[lifelong_slam_toolbox_node-1] [INFO] [1787309602.436965180] [slam_toolbox]: Metric Scores: Initial: 0.928000, IOU: 0.789059, Area: 0.882100, Num Con: 2, Reading: 0.383333, outcome score: 0.904000.
[lifelong_slam_toolbox_node-1] [INFO] [1787309602.436974480] [slam_toolbox]: Metric Scores: Initial: 0.946667, IOU: 0.769302, Area: 0.869614, Num Con: 2, Reading: 0.205556, outcome score: 0.933333.
[lifelong_slam_toolbox_node-1] [INFO] [1787309602.436984180] [slam_toolbox]: Metric Scores: Initial: 0.994879, IOU: 0.752757, Area: 0.858950, Num Con: 3, Reading: 0.200000, outcome score: 0.993817.
[lifelong_slam_toolbox_node-1] [INFO] [1787309602.436993780] [slam_toolbox]: Metric Scores: Initial: 0.922000, IOU: 0.737669, Area: 0.849052, Num Con: 2, Reading: 0.200000, outcome score: 0.909000.
[lifelong_slam_toolbox_node-1] [INFO] [1787309602.437005080] [slam_toolbox]: Metric Scores: Initial: 0.913667, IOU: 0.725499, Area: 0.840934, Num Con: 2, Reading: 0.188889, outcome score: 0.901333.
[lifelong_slam_toolbox_node-1] [INFO] [1787309602.437014380] [slam_toolbox]: Metric Scores: Initial: 0.890167, IOU: 0.715113, Area: 0.833915, Num Con: 2, Reading: 0.180556, outcome score: 0.878333.
[lifelong_slam_toolbox_node-1] [INFO] [1787309602.437024080] [slam_toolbox]: Metric Scores: Initial: 0.862833, IOU: 0.704936, Area: 0.826954, Num Con: 2, Reading: 0.180556, outcome score: 0.851000.
[lifelong_slam_toolbox_node-1] [INFO] [1787309602.437034880] [slam_toolbox]: Metric Scores: Initial: 0.838667, IOU: 0.697853, Area: 0.822043, Num Con: 2, Reading: 0.175000, outcome score: 0.827167.
[lifelong_slam_toolbox_node-1] [INFO] [1787309602.437044980] [slam_toolbox]: Metric Scores: Initial: 0.814833, IOU: 0.692036, Area: 0.817997, Num Con: 2, Reading: 0.169444, outcome score: 0.803667.
[lifelong_slam_toolbox_node-1] [INFO] [1787309602.437055080] [slam_toolbox]: Metric Scores: Initial: 0.790667, IOU: 0.687704, Area: 0.814982, Num Con: 2, Reading: 0.166667, outcome score: 0.779667.
[lifelong_slam_toolbox_node-1] W20260821 10:53:23.262457 647905 preprocessor.cc:67] Specified options.num_threads: 50 exceeds maximum available from the threading model Ceres was compiled with: 8.  Bounding to maximum number available.
[lifelong_slam_toolbox_node-1] [INFO] [1787309603.263541252] [slam_toolbox]: Metric Scores: Initial: 0.993817, IOU: 0.753029, Area: 0.859133, Num Con: 3, Reading: 0.200000, outcome score: 0.992743.
[lifelong_slam_toolbox_node-1] [INFO] [1787309603.263599853] [slam_toolbox]: Metric Scores: Initial: 0.909000, IOU: 0.737549, Area: 0.848983, Num Con: 2, Reading: 0.200000, outcome score: 0.896000.
[lifelong_slam_toolbox_node-1] [INFO] [1787309603.263610053] [slam_toolbox]: Metric Scores: Initial: 0.933333, IOU: 0.770053, Area: 0.870099, Num Con: 2, Reading: 0.205556, outcome score: 0.920000.
[lifelong_slam_toolbox_node-1] [INFO] [1787309603.263620953] [slam_toolbox]: Metric Scores: Initial: 0.901333, IOU: 0.725389, Area: 0.840870, Num Con: 2, Reading: 0.188889, outcome score: 0.889000.
[lifelong_slam_toolbox_node-1] [INFO] [1787309603.263629553] [slam_toolbox]: Metric Scores: Initial: 0.904000, IOU: 0.790324, Area: 0.882896, Num Con: 2, Reading: 0.383333, outcome score: 0.880000.
[lifelong_slam_toolbox_node-1] [INFO] [1787309603.263639953] [slam_toolbox]: Metric Scores: Initial: 0.878333, IOU: 0.715015, Area: 0.833858, Num Con: 2, Reading: 0.180556, outcome score: 0.866500.
[lifelong_slam_toolbox_node-1] [INFO] [1787309603.263647153] [slam_toolbox]: Metric Scores: Initial: 0.926000, IOU: 0.811173, Area: 0.895737, Num Con: 2, Reading: 0.394444, outcome score: 0.901333.
[lifelong_slam_toolbox_node-1] [INFO] [1787309603.263656953] [slam_toolbox]: Metric Scores: Initial: 0.851000, IOU: 0.704849, Area: 0.826904, Num Con: 2, Reading: 0.180556, outcome score: 0.839167.
[lifelong_slam_toolbox_node-1] [INFO] [1787309603.263664653] [slam_toolbox]: Metric Scores: Initial: 0.997976, IOU: 0.833438, Area: 0.909157, Num Con: 2, Reading: 0.405556, outcome score: 0.972642.
[lifelong_slam_toolbox_node-1] [INFO] [1787309603.263674553] [slam_toolbox]: Metric Scores: Initial: 0.827167, IOU: 0.697776, Area: 0.821999, Num Con: 2, Reading: 0.175000, outcome score: 0.815667.
[lifelong_slam_toolbox_node-1] [INFO] [1787309603.263682653] [slam_toolbox]: Metric Scores: Initial: 0.803667, IOU: 0.691972, Area: 0.817961, Num Con: 2, Reading: 0.169444, outcome score: 0.792500.
[lifelong_slam_toolbox_node-1] [INFO] [1787309603.263689653] [slam_toolbox]: Metric Scores: Initial: 0.779667, IOU: 0.687653, Area: 0.814955, Num Con: 2, Reading: 0.166667, outcome score: 0.768667.
[lifelong_slam_toolbox_node-1] [INFO] [1787309604.040739158] [slam_toolbox]: Metric Scores: Initial: 0.992743, IOU: 0.754684, Area: 0.860202, Num Con: 3, Reading: 0.200000, outcome score: 0.991656.
[lifelong_slam_toolbox_node-1] [INFO] [1787309604.040842159] [slam_toolbox]: Metric Scores: Initial: 0.896000, IOU: 0.739175, Area: 0.850051, Num Con: 2, Reading: 0.200000, outcome score: 0.883000.
[lifelong_slam_toolbox_node-1] [INFO] [1787309604.040854459] [slam_toolbox]: Metric Scores: Initial: 0.920000, IOU: 0.771734, Area: 0.871164, Num Con: 2, Reading: 0.205556, outcome score: 0.906667.
[lifelong_slam_toolbox_node-1] [INFO] [1787309604.040867159] [slam_toolbox]: Metric Scores: Initial: 0.889000, IOU: 0.727001, Area: 0.841945, Num Con: 2, Reading: 0.188889, outcome score: 0.876667.
[lifelong_slam_toolbox_node-1] [INFO] [1787309604.040876359] [slam_toolbox]: Metric Scores: Initial: 0.880000, IOU: 0.792045, Area: 0.883961, Num Con: 2, Reading: 0.383333, outcome score: 0.856000.
[lifelong_slam_toolbox_node-1] [INFO] [1787309604.040889959] [slam_toolbox]: Metric Scores: Initial: 0.866500, IOU: 0.716627, Area: 0.834945, Num Con: 2, Reading: 0.180556, outcome score: 0.854667.
[lifelong_slam_toolbox_node-1] [INFO] [1787309604.040898559] [slam_toolbox]: Metric Scores: Initial: 0.901333, IOU: 0.812943, Area: 0.896807, Num Con: 2, Reading: 0.394444, outcome score: 0.876667.
[lifelong_slam_toolbox_node-1] [INFO] [1787309604.040910459] [slam_toolbox]: Metric Scores: Initial: 0.839167, IOU: 0.706458, Area: 0.828003, Num Con: 2, Reading: 0.180556, outcome score: 0.827333.
[lifelong_slam_toolbox_node-1] [INFO] [1787309604.040919759] [slam_toolbox]: Metric Scores: Initial: 0.972642, IOU: 0.835246, Area: 0.910224, Num Con: 2, Reading: 0.405556, outcome score: 0.947309.
[lifelong_slam_toolbox_node-1] [INFO] [1787309604.040931959] [slam_toolbox]: Metric Scores: Initial: 0.815667, IOU: 0.699394, Area: 0.823114, Num Con: 2, Reading: 0.175000, outcome score: 0.804167.
[lifelong_slam_toolbox_node-1] [INFO] [1787309604.040941359] [slam_toolbox]: Metric Scores: Initial: 1.000000, IOU: 0.896042, Area: 0.945146, Num Con: 2, Reading: 0.425000, outcome score: -1.000000.
[lifelong_slam_toolbox_node-1] [INFO] [1787309604.040950959] [slam_toolbox]: Metric Scores: Initial: 0.792500, IOU: 0.693608, Area: 0.819096, Num Con: 2, Reading: 0.169444, outcome score: 0.781333.
[lifelong_slam_toolbox_node-1] [INFO] [1787309604.040958959] [slam_toolbox]: Metric Scores: Initial: 0.768667, IOU: 0.689314, Area: 0.816114, Num Con: 2, Reading: 0.166667, outcome score: 0.757667.
[lifelong_slam_toolbox_node-1] [INFO] [1787309604.853712657] [slam_toolbox]: Metric Scores: Initial: 0.991656, IOU: 0.757270, Area: 0.861863, Num Con: 3, Reading: 0.200000, outcome score: 0.990556.
[lifelong_slam_toolbox_node-1] [INFO] [1787309604.853786757] [slam_toolbox]: Metric Scores: Initial: 0.883000, IOU: 0.741704, Area: 0.851705, Num Con: 2, Reading: 0.200000, outcome score: 0.870000.
[lifelong_slam_toolbox_node-1] [INFO] [1787309604.853803058] [slam_toolbox]: Metric Scores: Initial: 0.906667, IOU: 0.774379, Area: 0.872830, Num Con: 2, Reading: 0.205556, outcome score: 0.893333.
[lifelong_slam_toolbox_node-1] [INFO] [1787309604.853822658] [slam_toolbox]: Metric Scores: Initial: 0.876667, IOU: 0.729491, Area: 0.843596, Num Con: 2, Reading: 0.188889, outcome score: 0.864333.
[lifelong_slam_toolbox_node-1] [INFO] [1787309604.853837358] [slam_toolbox]: Metric Scores: Initial: 0.856000, IOU: 0.794765, Area: 0.885636, Num Con: 2, Reading: 0.383333, outcome score: 0.832000.
[lifelong_slam_toolbox_node-1] [INFO] [1787309604.853856258] [slam_toolbox]: Metric Scores: Initial: 0.854667, IOU: 0.719089, Area: 0.836598, Num Con: 2, Reading: 0.180556, outcome score: 0.842833.
[lifelong_slam_toolbox_node-1] [INFO] [1787309604.853870658] [slam_toolbox]: Metric Scores: Initial: 0.876667, IOU: 0.815746, Area: 0.898493, Num Con: 2, Reading: 0.394444, outcome score: 0.852000.
[lifelong_slam_toolbox_node-1] [INFO] [1787309604.853888258] [slam_toolbox]: Metric Scores: Initial: 0.827333, IOU: 0.708892, Area: 0.829656, Num Con: 2, Reading: 0.180556, outcome score: 0.815500.
[lifelong_slam_toolbox_node-1] [INFO] [1787309604.853904958] [slam_toolbox]: Metric Scores: Initial: 0.947309, IOU: 0.838131, Area: 0.911917, Num Con: 2, Reading: 0.405556, outcome score: 0.921976.
[lifelong_slam_toolbox_node-1] [INFO] [1787309604.853919858] [slam_toolbox]: Metric Scores: Initial: 0.804167, IOU: 0.701814, Area: 0.824771, Num Con: 2, Reading: 0.175000, outcome score: 0.792667.
[lifelong_slam_toolbox_node-1] [INFO] [1787309604.853933858] [slam_toolbox]: Metric Scores: Initial: 0.781333, IOU: 0.696021, Area: 0.820760, Num Con: 2, Reading: 0.169444, outcome score: 0.770167.
[lifelong_slam_toolbox_node-1] [INFO] [1787309604.853948658] [slam_toolbox]: Metric Scores: Initial: 0.757667, IOU: 0.691728, Area: 0.817787, Num Con: 2, Reading: 0.166667, outcome score: 0.746667.
[lifelong_slam_toolbox_node-1] 
[lifelong_slam_toolbox_node-1] Solver Summary (v 2.2.0-eigen-(3.4.0)-lapack-suitesparse-(7.6.1)-eigensparse)
[lifelong_slam_toolbox_node-1] 
[lifelong_slam_toolbox_node-1]                                      Original                  Reduced
[lifelong_slam_toolbox_node-1] Parameter blocks                          111                       78
[lifelong_slam_toolbox_node-1] Parameters                                111                       78
[lifelong_slam_toolbox_node-1] Residual blocks                            26                       26
[lifelong_slam_toolbox_node-1] Residuals                                  78                       78
[lifelong_slam_toolbox_node-1] 
[lifelong_slam_toolbox_node-1] Minimizer                        TRUST_REGION
[lifelong_slam_toolbox_node-1] Trust region strategy     LEVENBERG_MARQUARDT
[lifelong_slam_toolbox_node-1] Sparse linear algebra library    SUITE_SPARSE 
[lifelong_slam_toolbox_node-1] 
[lifelong_slam_toolbox_node-1]                                         Given                     Used
[lifelong_slam_toolbox_node-1] Linear solver          SPARSE_NORMAL_CHOLESKY   SPARSE_NORMAL_CHOLESKY
[lifelong_slam_toolbox_node-1] Threads                                    50                        8
[lifelong_slam_toolbox_node-1] Linear solver ordering              AUTOMATIC                       78
[lifelong_slam_toolbox_node-1] 
[lifelong_slam_toolbox_node-1] Cost:
[lifelong_slam_toolbox_node-1] Initial                          1.861399e-01
[lifelong_slam_toolbox_node-1] Final                            2.173380e-06
[lifelong_slam_toolbox_node-1] Change                           1.861377e-01
[lifelong_slam_toolbox_node-1] 
[lifelong_slam_toolbox_node-1] Minimizer iterations                        2
[lifelong_slam_toolbox_node-1] Successful steps                            2
[lifelong_slam_toolbox_node-1] Unsuccessful steps                          0
[lifelong_slam_toolbox_node-1] 
[lifelong_slam_toolbox_node-1] Time (in seconds):
[lifelong_slam_toolbox_node-1] Preprocessor                         0.000185
[lifelong_slam_toolbox_node-1] 
[lifelong_slam_toolbox_node-1]   Residual only evaluation           0.000029 (2)
[lifelong_slam_toolbox_node-1]   Jacobian & residual evaluation     0.000139 (2)
[lifelong_slam_toolbox_node-1]   Linear solver                      0.000174 (2)
[lifelong_slam_toolbox_node-1] Minimizer                            0.000429
[lifelong_slam_toolbox_node-1] 
[lifelong_slam_toolbox_node-1] Postprocessor                        0.000009
[lifelong_slam_toolbox_node-1] Total                                0.000623
[lifelong_slam_toolbox_node-1] 
[lifelong_slam_toolbox_node-1] Termination:                      CONVERGENCE (Parameter tolerance reached. Relative step_norm: 4.242348e-05 <= 1.000000e-03.)
[lifelong_slam_toolbox_node-1] 
[lifelong_slam_toolbox_node-1] [INFO] [1787309605.643164729] [slam_toolbox]: Metric Scores: Initial: 0.990556, IOU: 0.763405, Area: 0.865824, Num Con: 3, Reading: 0.200000, outcome score: 0.989442.
[lifelong_slam_toolbox_node-1] [INFO] [1787309605.643261229] [slam_toolbox]: Metric Scores: Initial: 0.870000, IOU: 0.747698, Area: 0.855646, Num Con: 2, Reading: 0.200000, outcome score: 0.857000.
[lifelong_slam_toolbox_node-1] [INFO] [1787309605.643274029] [slam_toolbox]: Metric Scores: Initial: 0.893333, IOU: 0.780667, Area: 0.876813, Num Con: 2, Reading: 0.205556, outcome score: 0.880000.
[lifelong_slam_toolbox_node-1] [INFO] [1787309605.643301930] [slam_toolbox]: Metric Scores: Initial: 0.864333, IOU: 0.735380, Area: 0.847522, Num Con: 2, Reading: 0.188889, outcome score: 0.852000.
[lifelong_slam_toolbox_node-1] [INFO] [1787309605.643313130] [slam_toolbox]: Metric Scores: Initial: 0.832000, IOU: 0.801241, Area: 0.889645, Num Con: 2, Reading: 0.383333, outcome score: 0.808000.
[lifelong_slam_toolbox_node-1] [INFO] [1787309605.643326130] [slam_toolbox]: Metric Scores: Initial: 0.842833, IOU: 0.724893, Area: 0.840515, Num Con: 2, Reading: 0.180556, outcome score: 0.831000.
[lifelong_slam_toolbox_node-1] [INFO] [1787309605.643336330] [slam_toolbox]: Metric Scores: Initial: 0.852000, IOU: 0.822421, Area: 0.902530, Num Con: 2, Reading: 0.394444, outcome score: 0.827333.
[lifelong_slam_toolbox_node-1] [INFO] [1787309605.643346230] [slam_toolbox]: Metric Scores: Initial: 1.000000, IOU: 0.936897, Area: 0.967369, Num Con: 2, Reading: 0.625000, outcome score: -1.000000.
[lifelong_slam_toolbox_node-1] [INFO] [1787309605.643355530] [slam_toolbox]: Metric Scores: Initial: 0.815500, IOU: 0.714613, Area: 0.833564, Num Con: 2, Reading: 0.180556, outcome score: 0.803667.
[lifelong_slam_toolbox_node-1] [INFO] [1787309605.643366030] [slam_toolbox]: Metric Scores: Initial: 0.921976, IOU: 0.845015, Area: 0.915979, Num Con: 2, Reading: 0.405556, outcome score: 0.896642.
[lifelong_slam_toolbox_node-1] [INFO] [1787309605.643375930] [slam_toolbox]: Metric Scores: Initial: 0.792667, IOU: 0.707482, Area: 0.828675, Num Con: 2, Reading: 0.175000, outcome score: 0.781167.
[lifelong_slam_toolbox_node-1] [INFO] [1787309605.643385130] [slam_toolbox]: Metric Scores: Initial: 0.770167, IOU: 0.701650, Area: 0.824664, Num Con: 2, Reading: 0.169444, outcome score: 0.759000.
[lifelong_slam_toolbox_node-1] [INFO] [1787309605.643394330] [slam_toolbox]: Metric Scores: Initial: 0.746667, IOU: 0.697334, Area: 0.821694, Num Con: 2, Reading: 0.166667, outcome score: 0.735667.
[lifelong_slam_toolbox_node-1] [INFO] [1787309606.445378470] [slam_toolbox]: Metric Scores: Initial: 0.632000, IOU: 0.988563, Area: 0.992873, Num Con: 2, Reading: 0.652778, outcome score: -1.000000.
[lifelong_slam_toolbox_node-1] [INFO] [1787309606.445460370] [slam_toolbox]: Metric Scores: Initial: 0.989442, IOU: 0.772325, Area: 0.871531, Num Con: 3, Reading: 0.200000, outcome score: 0.988316.
[lifelong_slam_toolbox_node-1] [INFO] [1787309606.445472970] [slam_toolbox]: Metric Scores: Initial: 0.857000, IOU: 0.756414, Area: 0.861322, Num Con: 2, Reading: 0.200000, outcome score: 0.844000.
[lifelong_slam_toolbox_node-1] [INFO] [1787309606.445482270] [slam_toolbox]: Metric Scores: Initial: 0.880000, IOU: 0.789810, Area: 0.882547, Num Con: 2, Reading: 0.205556, outcome score: 0.866667.
[lifelong_slam_toolbox_node-1] [INFO] [1787309606.445495170] [slam_toolbox]: Metric Scores: Initial: 0.852000, IOU: 0.743944, Area: 0.853179, Num Con: 2, Reading: 0.188889, outcome score: 0.839667.
[lifelong_slam_toolbox_node-1] [INFO] [1787309606.445504870] [slam_toolbox]: Metric Scores: Initial: 0.808000, IOU: 0.810657, Area: 0.895416, Num Con: 2, Reading: 0.383333, outcome score: 0.784000.
[lifelong_slam_toolbox_node-1] [INFO] [1787309606.445514170] [slam_toolbox]: Metric Scores: Initial: 0.831000, IOU: 0.733336, Area: 0.846161, Num Con: 2, Reading: 0.180556, outcome score: 0.819167.
[lifelong_slam_toolbox_node-1] [INFO] [1787309606.445522770] [slam_toolbox]: Metric Scores: Initial: 0.827333, IOU: 0.832128, Area: 0.908341, Num Con: 2, Reading: 0.394444, outcome score: 0.802667.
[lifelong_slam_toolbox_node-1] [INFO] [1787309606.445532070] [slam_toolbox]: Metric Scores: Initial: 0.803667, IOU: 0.722937, Area: 0.839197, Num Con: 2, Reading: 0.180556, outcome score: 0.791833.
[lifelong_slam_toolbox_node-1] [INFO] [1787309606.445541571] [slam_toolbox]: Metric Scores: Initial: 0.896642, IOU: 0.855025, Area: 0.921826, Num Con: 2, Reading: 0.405556, outcome score: -1.000000.
[lifelong_slam_toolbox_node-1] [INFO] [1787309606.445550771] [slam_toolbox]: Metric Scores: Initial: 0.781167, IOU: 0.715731, Area: 0.834304, Num Con: 2, Reading: 0.175000, outcome score: 0.769667.
[lifelong_slam_toolbox_node-1] [INFO] [1787309606.445560971] [slam_toolbox]: Metric Scores: Initial: 0.759000, IOU: 0.709846, Area: 0.830295, Num Con: 2, Reading: 0.169444, outcome score: 0.747833.
[lifelong_slam_toolbox_node-1] [INFO] [1787309606.445617971] [slam_toolbox]: Metric Scores: Initial: 0.735667, IOU: 0.705499, Area: 0.827333, Num Con: 2, Reading: 0.166667, outcome score: 0.724667.
[lifelong_slam_toolbox_node-1] [INFO] [1787309607.237597656] [slam_toolbox]: Metric Scores: Initial: 0.988316, IOU: 0.784073, Area: 0.878954, Num Con: 3, Reading: 0.200000, outcome score: 0.987175.
[lifelong_slam_toolbox_node-1] [INFO] [1787309607.237652557] [slam_toolbox]: Metric Scores: Initial: 0.844000, IOU: 0.767885, Area: 0.868703, Num Con: 2, Reading: 0.200000, outcome score: 0.831000.
[lifelong_slam_toolbox_node-1] [INFO] [1787309607.237663957] [slam_toolbox]: Metric Scores: Initial: 0.866667, IOU: 0.801862, Area: 0.890014, Num Con: 2, Reading: 0.205556, outcome score: 0.853333.
[lifelong_slam_toolbox_node-1] [INFO] [1787309607.237674157] [slam_toolbox]: Metric Scores: Initial: 1.000000, IOU: 0.926899, Area: 0.961999, Num Con: 2, Reading: 0.638889, outcome score: -1.000000.
[lifelong_slam_toolbox_node-1] [INFO] [1787309607.237683657] [slam_toolbox]: Metric Scores: Initial: 0.839667, IOU: 0.755203, Area: 0.860529, Num Con: 2, Reading: 0.188889, outcome score: 0.827333.
[lifelong_slam_toolbox_node-1] [INFO] [1787309607.237693657] [slam_toolbox]: Metric Scores: Initial: 0.784000, IOU: 0.823080, Area: 0.902935, Num Con: 2, Reading: 0.383333, outcome score: 0.760000.
[lifelong_slam_toolbox_node-1] [INFO] [1787309607.237702757] [slam_toolbox]: Metric Scores: Initial: 0.819167, IOU: 0.744419, Area: 0.853485, Num Con: 2, Reading: 0.180556, outcome score: 0.807333.
[lifelong_slam_toolbox_node-1] [INFO] [1787309607.237712057] [slam_toolbox]: Metric Scores: Initial: 0.791833, IOU: 0.733849, Area: 0.846495, Num Con: 2, Reading: 0.180556, outcome score: 0.780000.
[lifelong_slam_toolbox_node-1] [INFO] [1787309607.237722057] [slam_toolbox]: Metric Scores: Initial: 0.769667, IOU: 0.726527, Area: 0.841586, Num Con: 2, Reading: 0.175000, outcome score: 0.758167.
[lifelong_slam_toolbox_node-1] [INFO] [1787309607.237731157] [slam_toolbox]: Metric Scores: Initial: 0.747833, IOU: 0.720552, Area: 0.837567, Num Con: 2, Reading: 0.169444, outcome score: 0.736667.
[lifelong_slam_toolbox_node-1] [INFO] [1787309607.237739257] [slam_toolbox]: Metric Scores: Initial: 0.724667, IOU: 0.716143, Area: 0.834599, Num Con: 2, Reading: 0.166667, outcome score: 0.713667.
[lifelong_slam_toolbox_node-1] [INFO] [1787309608.039448795] [slam_toolbox]: Metric Scores: Initial: 0.987175, IOU: 0.799401, Area: 0.888461, Num Con: 3, Reading: 0.200000, outcome score: 0.986022.
[lifelong_slam_toolbox_node-1] [INFO] [1787309608.039503795] [slam_toolbox]: Metric Scores: Initial: 0.831000, IOU: 0.782851, Area: 0.878159, Num Con: 2, Reading: 0.200000, outcome score: 0.818000.
[lifelong_slam_toolbox_node-1] [INFO] [1787309608.039514295] [slam_toolbox]: Metric Scores: Initial: 0.853333, IOU: 0.817587, Area: 0.899575, Num Con: 2, Reading: 0.205556, outcome score: 0.840000.
[lifelong_slam_toolbox_node-1] [INFO] [1787309608.039524496] [slam_toolbox]: Metric Scores: Initial: 0.827333, IOU: 0.769894, Area: 0.869947, Num Con: 2, Reading: 0.188889, outcome score: 0.815000.
[lifelong_slam_toolbox_node-1] [INFO] [1787309608.039533996] [slam_toolbox]: Metric Scores: Initial: 0.760000, IOU: 0.839289, Area: 0.912561, Num Con: 2, Reading: 0.383333, outcome score: 0.736000.
[lifelong_slam_toolbox_node-1] [INFO] [1787309608.039544396] [slam_toolbox]: Metric Scores: Initial: 0.807333, IOU: 0.758886, Area: 0.862874, Num Con: 2, Reading: 0.180556, outcome score: 0.795500.
[lifelong_slam_toolbox_node-1] [INFO] [1787309608.039554796] [slam_toolbox]: Metric Scores: Initial: 0.780000, IOU: 0.748095, Area: 0.855856, Num Con: 2, Reading: 0.180556, outcome score: 0.768167.
[lifelong_slam_toolbox_node-1] [INFO] [1787309608.039563696] [slam_toolbox]: Metric Scores: Initial: 0.758167, IOU: 0.740629, Area: 0.850931, Num Con: 2, Reading: 0.175000, outcome score: 0.746667.
[lifelong_slam_toolbox_node-1] [INFO] [1787309608.039572696] [slam_toolbox]: Metric Scores: Initial: 0.736667, IOU: 0.734544, Area: 0.846903, Num Con: 2, Reading: 0.169444, outcome score: 0.725500.
[lifelong_slam_toolbox_node-1] [INFO] [1787309608.039581796] [slam_toolbox]: Metric Scores: Initial: 0.713667, IOU: 0.730061, Area: 0.843936, Num Con: 2, Reading: 0.166667, outcome score: 0.702667.
[lifelong_slam_toolbox_node-1] [INFO] [1787309608.838385418] [slam_toolbox]: Metric Scores: Initial: 1.000000, IOU: 0.925594, Area: 0.961301, Num Con: 2, Reading: 0.650000, outcome score: -1.000000.
[lifelong_slam_toolbox_node-1] [INFO] [1787309608.838447118] [slam_toolbox]: Metric Scores: Initial: 0.986022, IOU: 0.816537, Area: 0.898982, Num Con: 3, Reading: 0.200000, outcome score: 0.984854.
[lifelong_slam_toolbox_node-1] [INFO] [1787309608.838458319] [slam_toolbox]: Metric Scores: Initial: 0.818000, IOU: 0.799577, Area: 0.888620, Num Con: 2, Reading: 0.200000, outcome score: 0.805000.
[lifelong_slam_toolbox_node-1] [INFO] [1787309608.838513019] [slam_toolbox]: Metric Scores: Initial: 0.840000, IOU: 0.835178, Area: 0.910158, Num Con: 2, Reading: 0.205556, outcome score: 0.826667.
[lifelong_slam_toolbox_node-1] [INFO] [1787309608.838524619] [slam_toolbox]: Metric Scores: Initial: 0.815000, IOU: 0.786303, Area: 0.880361, Num Con: 2, Reading: 0.188889, outcome score: 0.802667.
[lifelong_slam_toolbox_node-1] [INFO] [1787309608.838534719] [slam_toolbox]: Metric Scores: Initial: 0.736000, IOU: 0.857433, Area: 0.923218, Num Con: 2, Reading: 0.383333, outcome score: -1.000000.
[lifelong_slam_toolbox_node-1] [INFO] [1787309608.838544219] [slam_toolbox]: Metric Scores: Initial: 0.795500, IOU: 0.775031, Area: 0.873251, Num Con: 2, Reading: 0.180556, outcome score: 0.783667.
[lifelong_slam_toolbox_node-1] [INFO] [1787309608.838554019] [slam_toolbox]: Metric Scores: Initial: 0.768167, IOU: 0.763983, Area: 0.866194, Num Con: 2, Reading: 0.180556, outcome score: 0.756333.
[lifelong_slam_toolbox_node-1] [INFO] [1787309608.838563119] [slam_toolbox]: Metric Scores: Initial: 0.746667, IOU: 0.756342, Area: 0.861244, Num Con: 2, Reading: 0.175000, outcome score: 0.735167.
[lifelong_slam_toolbox_node-1] [INFO] [1787309608.838573119] [slam_toolbox]: Metric Scores: Initial: 0.725500, IOU: 0.750118, Area: 0.857198, Num Con: 2, Reading: 0.169444, outcome score: 0.714333.
[lifelong_slam_toolbox_node-1] [INFO] [1787309608.838583019] [slam_toolbox]: Metric Scores: Initial: 0.702667, IOU: 0.745538, Area: 0.854220, Num Con: 2, Reading: 0.166667, outcome score: 0.691667.
[lifelong_slam_toolbox_node-1] [INFO] [1787309609.637778444] [slam_toolbox]: Metric Scores: Initial: 0.984854, IOU: 0.838557, Area: 0.912169, Num Con: 3, Reading: 0.200000, outcome score: 0.983672.
[lifelong_slam_toolbox_node-1] [INFO] [1787309609.637829944] [slam_toolbox]: Metric Scores: Initial: 0.805000, IOU: 0.821064, Area: 0.901734, Num Con: 2, Reading: 0.200000, outcome score: 0.792000.
[lifelong_slam_toolbox_node-1] [INFO] [1787309609.637840344] [slam_toolbox]: Metric Scores: Initial: 0.802667, IOU: 0.807382, Area: 0.893420, Num Con: 2, Reading: 0.188889, outcome score: 0.790333.
[lifelong_slam_toolbox_node-1] [INFO] [1787309609.637851644] [slam_toolbox]: Metric Scores: Initial: 0.783667, IOU: 0.795771, Area: 0.886266, Num Con: 2, Reading: 0.180556, outcome score: 0.771833.
[lifelong_slam_toolbox_node-1] [INFO] [1787309609.637861644] [slam_toolbox]: Metric Scores: Initial: 0.756333, IOU: 0.784393, Area: 0.879164, Num Con: 2, Reading: 0.180556, outcome score: 0.744500.
[lifelong_slam_toolbox_node-1] [INFO] [1787309609.637872544] [slam_toolbox]: Metric Scores: Initial: 0.735167, IOU: 0.776532, Area: 0.874186, Num Con: 2, Reading: 0.175000, outcome score: 0.723667.
[lifelong_slam_toolbox_node-1] [INFO] [1787309609.637882044] [slam_toolbox]: Metric Scores: Initial: 0.714333, IOU: 0.770135, Area: 0.870121, Num Con: 2, Reading: 0.169444, outcome score: 0.703167.
[lifelong_slam_toolbox_node-1] [INFO] [1787309609.637891744] [slam_toolbox]: Metric Scores: Initial: 0.691667, IOU: 0.765435, Area: 0.867134, Num Con: 2, Reading: 0.166667, outcome score: 0.680667.
[lifelong_slam_toolbox_node-1] [INFO] [1787309610.438081674] [slam_toolbox]: Metric Scores: Initial: 1.000000, IOU: 0.867301, Area: 0.928914, Num Con: 2, Reading: 0.655556, outcome score: -1.000000.
[lifelong_slam_toolbox_node-1] [INFO] [1787309610.438139674] [slam_toolbox]: Metric Scores: Initial: 0.983672, IOU: 0.864299, Area: 0.927198, Num Con: 3, Reading: 0.200000, outcome score: 0.982476.
[lifelong_slam_toolbox_node-1] [INFO] [1787309610.438151174] [slam_toolbox]: Metric Scores: Initial: 0.792000, IOU: 0.846172, Area: 0.916680, Num Con: 2, Reading: 0.200000, outcome score: 0.779000.
[lifelong_slam_toolbox_node-1] [INFO] [1787309610.438160874] [slam_toolbox]: Metric Scores: Initial: 0.790333, IOU: 0.832005, Area: 0.908302, Num Con: 2, Reading: 0.188889, outcome score: 0.778000.
[lifelong_slam_toolbox_node-1] [INFO] [1787309610.438170574] [slam_toolbox]: Metric Scores: Initial: 0.771833, IOU: 0.819993, Area: 0.901097, Num Con: 2, Reading: 0.180556, outcome score: 0.760000.
[lifelong_slam_toolbox_node-1] [INFO] [1787309610.438180374] [slam_toolbox]: Metric Scores: Initial: 0.744500, IOU: 0.808222, Area: 0.893944, Num Con: 2, Reading: 0.180556, outcome score: 0.732667.
[lifelong_slam_toolbox_node-1] [INFO] [1787309610.438200375] [slam_toolbox]: Metric Scores: Initial: 0.723667, IOU: 0.800097, Area: 0.888932, Num Con: 2, Reading: 0.175000, outcome score: 0.712167.
[lifelong_slam_toolbox_node-1] [INFO] [1787309610.438210775] [slam_toolbox]: Metric Scores: Initial: 0.703167, IOU: 0.793493, Area: 0.884845, Num Con: 2, Reading: 0.169444, outcome score: 0.692000.
[lifelong_slam_toolbox_node-1] [INFO] [1787309610.438221475] [slam_toolbox]: Metric Scores: Initial: 0.680667, IOU: 0.788649, Area: 0.881846, Num Con: 2, Reading: 0.166667, outcome score: 0.669667.
[lifelong_slam_toolbox_node-1] [INFO] [1787309611.237604600] [slam_toolbox]: Metric Scores: Initial: 1.000000, IOU: 0.840673, Area: 0.913430, Num Con: 2, Reading: 0.394444, outcome score: 0.975333.
[lifelong_slam_toolbox_node-1] [INFO] [1787309611.237660400] [slam_toolbox]: Metric Scores: Initial: 0.982476, IOU: 0.890729, Area: 0.942212, Num Con: 3, Reading: 0.427778, outcome score: 0.981026.
[lifelong_slam_toolbox_node-1] [INFO] [1787309611.237677900] [slam_toolbox]: Metric Scores: Initial: 0.779000, IOU: 0.871945, Area: 0.931613, Num Con: 2, Reading: 0.430556, outcome score: -1.000000.
[lifelong_slam_toolbox_node-1] [INFO] [1787309611.237692900] [slam_toolbox]: Metric Scores: Initial: 0.778000, IOU: 0.857278, Area: 0.923175, Num Con: 2, Reading: 0.425000, outcome score: -1.000000.
[lifelong_slam_toolbox_node-1] [INFO] [1787309611.237706701] [slam_toolbox]: Metric Scores: Initial: 0.760000, IOU: 0.844855, Area: 0.915924, Num Con: 2, Reading: 0.419444, outcome score: 0.733833.
[lifelong_slam_toolbox_node-1] [INFO] [1787309611.237716401] [slam_toolbox]: Metric Scores: Initial: 0.732667, IOU: 0.832683, Area: 0.908724, Num Con: 2, Reading: 0.422222, outcome score: 0.706333.
[lifelong_slam_toolbox_node-1] [INFO] [1787309611.237726601] [slam_toolbox]: Metric Scores: Initial: 0.712167, IOU: 0.824292, Area: 0.903685, Num Con: 2, Reading: 0.422222, outcome score: 0.685833.
[lifelong_slam_toolbox_node-1] [INFO] [1787309611.237737601] [slam_toolbox]: Metric Scores: Initial: 0.692000, IOU: 0.817482, Area: 0.899581, Num Con: 2, Reading: 0.419444, outcome score: 0.665833.
[lifelong_slam_toolbox_node-1] [INFO] [1787309611.237746101] [slam_toolbox]: Metric Scores: Initial: 0.669667, IOU: 0.812499, Area: 0.896576, Num Con: 2, Reading: 0.422222, outcome score: 0.643333.
[lifelong_slam_toolbox_node-1] [INFO] [1787309612.039499539] [slam_toolbox]: Metric Scores: Initial: 0.981026, IOU: 0.897932, Area: 0.946249, Num Con: 2, Reading: 0.430556, outcome score: -1.000000.
[lifelong_slam_toolbox_node-1] [INFO] [1787309612.039570439] [slam_toolbox]: Metric Scores: Initial: 0.975333, IOU: 0.809495, Area: 0.894729, Num Con: 2, Reading: 0.391667, outcome score: 0.950833.
[lifelong_slam_toolbox_node-1] [INFO] [1787309612.039588039] [slam_toolbox]: Metric Scores: Initial: 1.000000, IOU: 0.811607, Area: 0.896025, Num Con: 2, Reading: 0.397222, outcome score: 0.975167.
[lifelong_slam_toolbox_node-1] [INFO] [1787309612.838251761] [slam_toolbox]: Metric Scores: Initial: 0.950833, IOU: 0.780362, Area: 0.876675, Num Con: 2, Reading: 0.177778, outcome score: 0.939167.
[lifelong_slam_toolbox_node-1] [INFO] [1787309612.838318161] [slam_toolbox]: Metric Scores: Initial: 0.975167, IOU: 0.782415, Area: 0.877977, Num Con: 2, Reading: 0.180556, outcome score: 0.963333.
[lifelong_slam_toolbox_node-1] [INFO] [1787309612.838336361] [slam_toolbox]: Metric Scores: Initial: 1.000000, IOU: 0.785270, Area: 0.879788, Num Con: 2, Reading: 0.186111, outcome score: 0.987833.
[lifelong_slam_toolbox_node-1] [INFO] [1787309613.640322601] [slam_toolbox]: Metric Scores: Initial: 1.000000, IOU: 0.999001, Area: 0.999493, Num Con: 2, Reading: 0.702778, outcome score: -1.000000.
[lifelong_slam_toolbox_node-1] [INFO] [1787309613.640440001] [slam_toolbox]: Metric Scores: Initial: 0.939167, IOU: 0.759613, Area: 0.863433, Num Con: 2, Reading: 0.177778, outcome score: 0.927500.
[lifelong_slam_toolbox_node-1] [INFO] [1787309613.640455601] [slam_toolbox]: Metric Scores: Initial: 0.963333, IOU: 0.761657, Area: 0.864759, Num Con: 2, Reading: 0.180556, outcome score: 0.951500.
[lifelong_slam_toolbox_node-1] [INFO] [1787309613.640469401] [slam_toolbox]: Metric Scores: Initial: 0.987833, IOU: 0.764449, Area: 0.866573, Num Con: 2, Reading: 0.186111, outcome score: 0.975667.
[lifelong_slam_toolbox_node-1] [INFO] [1787309613.640481301] [slam_toolbox]: Metric Scores: Initial: 1.000000, IOU: 0.770805, Area: 0.870639, Num Con: 2, Reading: 0.191667, outcome score: 0.987500.
[lifelong_slam_toolbox_node-1] [INFO] [1787309614.437308813] [slam_toolbox]: Metric Scores: Initial: 0.927500, IOU: 0.742877, Area: 0.852535, Num Con: 2, Reading: 0.177778, outcome score: 0.915833.
[lifelong_slam_toolbox_node-1] [INFO] [1787309614.437362113] [slam_toolbox]: Metric Scores: Initial: 0.951500, IOU: 0.744915, Area: 0.853883, Num Con: 2, Reading: 0.180556, outcome score: 0.939667.
[lifelong_slam_toolbox_node-1] [INFO] [1787309614.437375913] [slam_toolbox]: Metric Scores: Initial: 0.975667, IOU: 0.747659, Area: 0.855699, Num Con: 2, Reading: 0.186111, outcome score: 0.963500.
[lifelong_slam_toolbox_node-1] [INFO] [1787309614.437388313] [slam_toolbox]: Metric Scores: Initial: 0.987500, IOU: 0.753875, Area: 0.859753, Num Con: 2, Reading: 0.191667, outcome score: 0.975000.
[lifelong_slam_toolbox_node-1] [INFO] [1787309614.437399013] [slam_toolbox]: Metric Scores: Initial: 1.000000, IOU: 0.762957, Area: 0.865630, Num Con: 2, Reading: 0.202778, outcome score: 0.986833.
[lifelong_slam_toolbox_node-1] [INFO] [1787309615.236389137] [slam_toolbox]: Metric Scores: Initial: 1.000000, IOU: 0.999019, Area: 0.999522, Num Con: 2, Reading: 0.697222, outcome score: -1.000000.
[lifelong_slam_toolbox_node-1] [INFO] [1787309615.236464837] [slam_toolbox]: Metric Scores: Initial: 0.915833, IOU: 0.728911, Area: 0.843256, Num Con: 2, Reading: 0.177778, outcome score: 0.904167.
[lifelong_slam_toolbox_node-1] [INFO] [1787309615.236478137] [slam_toolbox]: Metric Scores: Initial: 0.939667, IOU: 0.730941, Area: 0.844620, Num Con: 2, Reading: 0.180556, outcome score: 0.927833.
[lifelong_slam_toolbox_node-1] [INFO] [1787309615.236490537] [slam_toolbox]: Metric Scores: Initial: 0.963500, IOU: 0.733643, Area: 0.846438, Num Con: 2, Reading: 0.186111, outcome score: 0.951333.
[lifelong_slam_toolbox_node-1] [INFO] [1787309615.236500637] [slam_toolbox]: Metric Scores: Initial: 1.000000, IOU: 0.760123, Area: 0.863802, Num Con: 2, Reading: 0.208333, outcome score: 0.986500.
[lifelong_slam_toolbox_node-1] [INFO] [1787309615.236509437] [slam_toolbox]: Metric Scores: Initial: 0.975000, IOU: 0.739741, Area: 0.850479, Num Con: 2, Reading: 0.191667, outcome score: 0.962500.
[lifelong_slam_toolbox_node-1] [INFO] [1787309615.236519037] [slam_toolbox]: Metric Scores: Initial: 0.986833, IOU: 0.748654, Area: 0.856342, Num Con: 2, Reading: 0.202778, outcome score: 0.973667.
[lifelong_slam_toolbox_node-1] [INFO] [1787309616.036318365] [slam_toolbox]: Metric Scores: Initial: 0.904167, IOU: 0.718268, Area: 0.836077, Num Con: 2, Reading: 0.177778, outcome score: 0.892500.
[lifelong_slam_toolbox_node-1] [INFO] [1787309616.036379665] [slam_toolbox]: Metric Scores: Initial: 0.927833, IOU: 0.720279, Area: 0.837446, Num Con: 2, Reading: 0.180556, outcome score: 0.916000.
[lifelong_slam_toolbox_node-1] [INFO] [1787309616.036390765] [slam_toolbox]: Metric Scores: Initial: 1.000000, IOU: 0.763838, Area: 0.866222, Num Con: 3, Reading: 0.213889, outcome score: 0.999000.
[lifelong_slam_toolbox_node-1] [INFO] [1787309616.036401165] [slam_toolbox]: Metric Scores: Initial: 0.951333, IOU: 0.722945, Area: 0.839260, Num Con: 2, Reading: 0.186111, outcome score: 0.939167.
[lifelong_slam_toolbox_node-1] [INFO] [1787309616.036411965] [slam_toolbox]: Metric Scores: Initial: 0.986500, IOU: 0.749007, Area: 0.856566, Num Con: 2, Reading: 0.208333, outcome score: 0.973000.
[lifelong_slam_toolbox_node-1] [INFO] [1787309616.036422565] [slam_toolbox]: Metric Scores: Initial: 0.962500, IOU: 0.728948, Area: 0.843289, Num Con: 2, Reading: 0.191667, outcome score: 0.950000.
[lifelong_slam_toolbox_node-1] [INFO] [1787309616.036431965] [slam_toolbox]: Metric Scores: Initial: 0.973667, IOU: 0.737725, Area: 0.849134, Num Con: 2, Reading: 0.202778, outcome score: 0.960500.
[lifelong_slam_toolbox_node-1] [INFO] [1787309616.837380099] [slam_toolbox]: Metric Scores: Initial: 1.000000, IOU: 0.999006, Area: 0.999496, Num Con: 2, Reading: 0.691667, outcome score: -1.000000.
[lifelong_slam_toolbox_node-1] [INFO] [1787309616.837462399] [slam_toolbox]: Metric Scores: Initial: 0.892500, IOU: 0.709433, Area: 0.830047, Num Con: 2, Reading: 0.177778, outcome score: 0.880833.
[lifelong_slam_toolbox_node-1] [INFO] [1787309616.837473899] [slam_toolbox]: Metric Scores: Initial: 1.000000, IOU: 0.770550, Area: 0.870471, Num Con: 2, Reading: 0.222222, outcome score: 0.985667.
[lifelong_slam_toolbox_node-1] [INFO] [1787309616.837483100] [slam_toolbox]: Metric Scores: Initial: 0.916000, IOU: 0.711426, Area: 0.831417, Num Con: 2, Reading: 0.180556, outcome score: 0.904167.
[lifelong_slam_toolbox_node-1] [INFO] [1787309616.837492200] [slam_toolbox]: Metric Scores: Initial: 0.999000, IOU: 0.754398, Area: 0.860105, Num Con: 3, Reading: 0.213889, outcome score: 0.997987.
[lifelong_slam_toolbox_node-1] [INFO] [1787309616.837502000] [slam_toolbox]: Metric Scores: Initial: 0.939167, IOU: 0.714058, Area: 0.833227, Num Con: 2, Reading: 0.186111, outcome score: 0.927000.
[lifelong_slam_toolbox_node-1] [INFO] [1787309616.837511800] [slam_toolbox]: Metric Scores: Initial: 0.973000, IOU: 0.739770, Area: 0.850480, Num Con: 2, Reading: 0.208333, outcome score: 0.959500.
[lifelong_slam_toolbox_node-1] [INFO] [1787309616.837520400] [slam_toolbox]: Metric Scores: Initial: 0.950000, IOU: 0.719982, Area: 0.837244, Num Con: 2, Reading: 0.191667, outcome score: 0.937500.
[lifelong_slam_toolbox_node-1] [INFO] [1787309616.837529800] [slam_toolbox]: Metric Scores: Initial: 0.960500, IOU: 0.728643, Area: 0.843072, Num Con: 2, Reading: 0.202778, outcome score: 0.947333.
[lifelong_slam_toolbox_node-1] [INFO] [1787309617.636772724] [slam_toolbox]: Metric Scores: Initial: 1.000000, IOU: 0.782526, Area: 0.878057, Num Con: 3, Reading: 0.227778, outcome score: 0.999000.
[lifelong_slam_toolbox_node-1] [INFO] [1787309617.636847425] [slam_toolbox]: Metric Scores: Initial: 0.880833, IOU: 0.701656, Area: 0.824696, Num Con: 2, Reading: 0.177778, outcome score: 0.869167.
[lifelong_slam_toolbox_node-1] [INFO] [1787309617.636916725] [slam_toolbox]: Metric Scores: Initial: 0.985667, IOU: 0.761968, Area: 0.864966, Num Con: 2, Reading: 0.222222, outcome score: 0.971333.
[lifelong_slam_toolbox_node-1] [INFO] [1787309617.636932125] [slam_toolbox]: Metric Scores: Initial: 0.904167, IOU: 0.703615, Area: 0.826055, Num Con: 2, Reading: 0.180556, outcome score: 0.892333.
[lifelong_slam_toolbox_node-1] [INFO] [1787309617.636943525] [slam_toolbox]: Metric Scores: Initial: 0.997987, IOU: 0.746025, Area: 0.854635, Num Con: 3, Reading: 0.213889, outcome score: 0.996961.
[lifelong_slam_toolbox_node-1] [INFO] [1787309617.636953625] [slam_toolbox]: Metric Scores: Initial: 0.927000, IOU: 0.706211, Area: 0.827857, Num Con: 2, Reading: 0.186111, outcome score: 0.914833.
[lifelong_slam_toolbox_node-1] [INFO] [1787309617.636964125] [slam_toolbox]: Metric Scores: Initial: 0.959500, IOU: 0.731589, Area: 0.845045, Num Con: 2, Reading: 0.208333, outcome score: 0.946000.
[lifelong_slam_toolbox_node-1] [INFO] [1787309617.636974725] [slam_toolbox]: Metric Scores: Initial: 0.937500, IOU: 0.712057, Area: 0.831858, Num Con: 2, Reading: 0.191667, outcome score: 0.925000.
[lifelong_slam_toolbox_node-1] [INFO] [1787309617.636984825] [slam_toolbox]: Metric Scores: Initial: 0.947333, IOU: 0.720604, Area: 0.837663, Num Con: 2, Reading: 0.202778, outcome score: 0.934167.
[lifelong_slam_toolbox_node-1] [INFO] [1787309618.443937091] [slam_toolbox]: Metric Scores: Initial: 1.000000, IOU: 0.998990, Area: 0.999494, Num Con: 2, Reading: 0.686111, outcome score: -1.000000.
[lifelong_slam_toolbox_node-1] [INFO] [1787309618.444022492] [slam_toolbox]: Metric Scores: Initial: 1.000000, IOU: 0.799678, Area: 0.888737, Num Con: 3, Reading: 0.233333, outcome score: 0.999000.
[lifelong_slam_toolbox_node-1] [INFO] [1787309618.444045192] [slam_toolbox]: Metric Scores: Initial: 0.999000, IOU: 0.775943, Area: 0.873892, Num Con: 3, Reading: 0.227778, outcome score: 0.997986.
[lifelong_slam_toolbox_node-1] [INFO] [1787309618.444058392] [slam_toolbox]: Metric Scores: Initial: 0.869167, IOU: 0.695891, Area: 0.820696, Num Con: 2, Reading: 0.177778, outcome score: 0.857500.
[lifelong_slam_toolbox_node-1] [INFO] [1787309618.444073692] [slam_toolbox]: Metric Scores: Initial: 0.971333, IOU: 0.755591, Area: 0.860838, Num Con: 2, Reading: 0.222222, outcome score: 0.957000.
[lifelong_slam_toolbox_node-1] [INFO] [1787309618.444086892] [slam_toolbox]: Metric Scores: Initial: 0.892333, IOU: 0.697821, Area: 0.822044, Num Con: 2, Reading: 0.180556, outcome score: 0.880500.
[lifelong_slam_toolbox_node-1] [INFO] [1787309618.444100992] [slam_toolbox]: Metric Scores: Initial: 0.996961, IOU: 0.739804, Area: 0.850533, Num Con: 3, Reading: 0.213889, outcome score: 0.995922.
[lifelong_slam_toolbox_node-1] [INFO] [1787309618.444114692] [slam_toolbox]: Metric Scores: Initial: 0.914833, IOU: 0.700387, Area: 0.823837, Num Con: 2, Reading: 0.186111, outcome score: 0.902667.
[lifelong_slam_toolbox_node-1] [INFO] [1787309618.444129392] [slam_toolbox]: Metric Scores: Initial: 0.946000, IOU: 0.725512, Area: 0.840972, Num Con: 2, Reading: 0.208333, outcome score: 0.932500.
[lifelong_slam_toolbox_node-1] [INFO] [1787309618.444143393] [slam_toolbox]: Metric Scores: Initial: 0.925000, IOU: 0.706175, Area: 0.827825, Num Con: 2, Reading: 0.191667, outcome score: 0.912500.
[lifelong_slam_toolbox_node-1] [INFO] [1787309618.444157793] [slam_toolbox]: Metric Scores: Initial: 0.934167, IOU: 0.714634, Area: 0.833611, Num Con: 2, Reading: 0.202778, outcome score: 0.921000.
[lifelong_slam_toolbox_node-1] [INFO] [1787309619.236129878] [slam_toolbox]: Metric Scores: Initial: 1.000000, IOU: 0.818317, Area: 0.900104, Num Con: 3, Reading: 0.455556, outcome score: 0.999000.
[lifelong_slam_toolbox_node-1] [INFO] [1787309619.236194778] [slam_toolbox]: Metric Scores: Initial: 0.999000, IOU: 0.794070, Area: 0.885255, Num Con: 3, Reading: 0.233333, outcome score: 0.997986.
[lifelong_slam_toolbox_node-1] [INFO] [1787309619.236210378] [slam_toolbox]: Metric Scores: Initial: 0.997986, IOU: 0.770541, Area: 0.870448, Num Con: 3, Reading: 0.227778, outcome score: 0.996959.
[lifelong_slam_toolbox_node-1] [INFO] [1787309619.236221678] [slam_toolbox]: Metric Scores: Initial: 0.857500, IOU: 0.691209, Area: 0.817424, Num Con: 2, Reading: 0.177778, outcome score: 0.845833.
[lifelong_slam_toolbox_node-1] [INFO] [1787309619.236232678] [slam_toolbox]: Metric Scores: Initial: 0.957000, IOU: 0.750364, Area: 0.857428, Num Con: 2, Reading: 0.222222, outcome score: 0.942667.
[lifelong_slam_toolbox_node-1] [INFO] [1787309619.236241978] [slam_toolbox]: Metric Scores: Initial: 0.880500, IOU: 0.693104, Area: 0.818755, Num Con: 2, Reading: 0.180556, outcome score: 0.868667.
[lifelong_slam_toolbox_node-1] [INFO] [1787309619.236251578] [slam_toolbox]: Metric Scores: Initial: 0.995922, IOU: 0.734707, Area: 0.847149, Num Con: 3, Reading: 0.213889, outcome score: 0.994870.
[lifelong_slam_toolbox_node-1] [INFO] [1787309619.236302979] [slam_toolbox]: Metric Scores: Initial: 0.902667, IOU: 0.695640, Area: 0.820538, Num Con: 2, Reading: 0.186111, outcome score: 0.890500.
[lifelong_slam_toolbox_node-1] [INFO] [1787309619.236313979] [slam_toolbox]: Metric Scores: Initial: 0.932500, IOU: 0.720541, Area: 0.837616, Num Con: 2, Reading: 0.208333, outcome score: 0.919000.
[lifelong_slam_toolbox_node-1] [INFO] [1787309619.236323479] [slam_toolbox]: Metric Scores: Initial: 0.912500, IOU: 0.701375, Area: 0.824511, Num Con: 2, Reading: 0.191667, outcome score: 0.900000.
[lifelong_slam_toolbox_node-1] [INFO] [1787309619.236332679] [slam_toolbox]: Metric Scores: Initial: 0.921000, IOU: 0.709754, Area: 0.830274, Num Con: 2, Reading: 0.202778, outcome score: 0.907833.
[lifelong_slam_toolbox_node-1] [INFO] [1787309620.036525908] [slam_toolbox]: Metric Scores: Initial: 1.000000, IOU: 0.842110, Area: 0.914285, Num Con: 3, Reading: 0.480556, outcome score: 0.999000.
[lifelong_slam_toolbox_node-1] [INFO] [1787309620.036579809] [slam_toolbox]: Metric Scores: Initial: 0.999000, IOU: 0.810993, Area: 0.895651, Num Con: 3, Reading: 0.455556, outcome score: 0.997973.
[lifelong_slam_toolbox_node-1] [INFO] [1787309620.036592909] [slam_toolbox]: Metric Scores: Initial: 0.997986, IOU: 0.787022, Area: 0.880854, Num Con: 3, Reading: 0.233333, outcome score: 0.996958.
[lifelong_slam_toolbox_node-1] [INFO] [1787309620.036606709] [slam_toolbox]: Metric Scores: Initial: 0.996959, IOU: 0.763749, Area: 0.866094, Num Con: 3, Reading: 0.227778, outcome score: 0.995917.
[lifelong_slam_toolbox_node-1] [INFO] [1787309620.036616909] [slam_toolbox]: Metric Scores: Initial: 0.845833, IOU: 0.685316, Area: 0.813285, Num Con: 2, Reading: 0.177778, outcome score: 0.834167.
[lifelong_slam_toolbox_node-1] [INFO] [1787309620.036626009] [slam_toolbox]: Metric Scores: Initial: 0.942667, IOU: 0.743791, Area: 0.853116, Num Con: 2, Reading: 0.222222, outcome score: 0.928333.
[lifelong_slam_toolbox_node-1] [INFO] [1787309620.036635609] [slam_toolbox]: Metric Scores: Initial: 0.868667, IOU: 0.687167, Area: 0.814594, Num Con: 2, Reading: 0.180556, outcome score: 0.856833.
[lifelong_slam_toolbox_node-1] [INFO] [1787309620.036645309] [slam_toolbox]: Metric Scores: Initial: 0.994870, IOU: 0.728299, Area: 0.842868, Num Con: 3, Reading: 0.213889, outcome score: 0.993804.
[lifelong_slam_toolbox_node-1] [INFO] [1787309620.036653609] [slam_toolbox]: Metric Scores: Initial: 0.890500, IOU: 0.689667, Area: 0.816363, Num Con: 2, Reading: 0.186111, outcome score: 0.878333.
[lifelong_slam_toolbox_node-1] [INFO] [1787309620.036664209] [slam_toolbox]: Metric Scores: Initial: 0.919000, IOU: 0.714289, Area: 0.833372, Num Con: 2, Reading: 0.208333, outcome score: 0.905500.
[lifelong_slam_toolbox_node-1] [INFO] [1787309620.036673609] [slam_toolbox]: Metric Scores: Initial: 0.900000, IOU: 0.695336, Area: 0.820319, Num Con: 2, Reading: 0.191667, outcome score: 0.887500.
[lifelong_slam_toolbox_node-1] [INFO] [1787309620.036682909] [slam_toolbox]: Metric Scores: Initial: 0.907833, IOU: 0.703615, Area: 0.826055, Num Con: 2, Reading: 0.202778, outcome score: 0.894667.
[lifelong_slam_toolbox_node-1] [INFO] [1787309620.836595837] [slam_toolbox]: Metric Scores: Initial: 1.000000, IOU: 0.871362, Area: 0.931191, Num Con: 2, Reading: 0.697222, outcome score: -1.000000.
[lifelong_slam_toolbox_node-1] [INFO] [1787309620.836647637] [slam_toolbox]: Metric Scores: Initial: 0.999000, IOU: 0.839765, Area: 0.912871, Num Con: 3, Reading: 0.480556, outcome score: 0.997971.
[lifelong_slam_toolbox_node-1] [INFO] [1787309620.836660137] [slam_toolbox]: Metric Scores: Initial: 0.997973, IOU: 0.808786, Area: 0.894274, Num Con: 3, Reading: 0.455556, outcome score: 0.996917.
[lifelong_slam_toolbox_node-1] [INFO] [1787309620.836672837] [slam_toolbox]: Metric Scores: Initial: 0.996958, IOU: 0.784917, Area: 0.879505, Num Con: 3, Reading: 0.233333, outcome score: 0.995915.
[lifelong_slam_toolbox_node-1] [INFO] [1787309620.836684638] [slam_toolbox]: Metric Scores: Initial: 0.995917, IOU: 0.761734, Area: 0.864768, Num Con: 3, Reading: 0.227778, outcome score: 0.994861.
[lifelong_slam_toolbox_node-1] [INFO] [1787309620.836694238] [slam_toolbox]: Metric Scores: Initial: 0.834167, IOU: 0.683661, Area: 0.812091, Num Con: 2, Reading: 0.177778, outcome score: 0.822500.
[lifelong_slam_toolbox_node-1] [INFO] [1787309620.836704438] [slam_toolbox]: Metric Scores: Initial: 0.928333, IOU: 0.741853, Area: 0.851812, Num Con: 2, Reading: 0.222222, outcome score: 0.914000.
[lifelong_slam_toolbox_node-1] [INFO] [1787309620.836714038] [slam_toolbox]: Metric Scores: Initial: 0.856833, IOU: 0.685477, Area: 0.813379, Num Con: 2, Reading: 0.180556, outcome score: 0.845000.
[lifelong_slam_toolbox_node-1] [INFO] [1787309620.836723838] [slam_toolbox]: Metric Scores: Initial: 0.993804, IOU: 0.726415, Area: 0.841578, Num Con: 3, Reading: 0.213889, outcome score: 0.992725.
[lifelong_slam_toolbox_node-1] [INFO] [1787309620.836733138] [slam_toolbox]: Metric Scores: Initial: 0.878333, IOU: 0.687956, Area: 0.815137, Num Con: 2, Reading: 0.186111, outcome score: 0.866167.
[lifelong_slam_toolbox_node-1] [INFO] [1787309620.836742638] [slam_toolbox]: Metric Scores: Initial: 0.905500, IOU: 0.712466, Area: 0.832102, Num Con: 2, Reading: 0.208333, outcome score: 0.892000.
[lifelong_slam_toolbox_node-1] [INFO] [1787309620.836751938] [slam_toolbox]: Metric Scores: Initial: 0.887500, IOU: 0.693597, Area: 0.819081, Num Con: 2, Reading: 0.191667, outcome score: 0.875000.
[lifelong_slam_toolbox_node-1] [INFO] [1787309620.836762338] [slam_toolbox]: Metric Scores: Initial: 0.894667, IOU: 0.701832, Area: 0.824798, Num Con: 2, Reading: 0.202778, outcome score: 0.881500.
[lifelong_slam_toolbox_node-1] W20260821 10:53:41.661938 647905 preprocessor.cc:67] Specified options.num_threads: 50 exceeds maximum available from the threading model Ceres was compiled with: 8.  Bounding to maximum number available.
[lifelong_slam_toolbox_node-1] [INFO] [1787309621.663245910] [slam_toolbox]: Metric Scores: Initial: 0.997971, IOU: 0.837995, Area: 0.914428, Num Con: 2, Reading: 0.480556, outcome score: 0.968138.
[lifelong_slam_toolbox_node-1] [INFO] [1787309621.663295910] [slam_toolbox]: Metric Scores: Initial: 0.822500, IOU: 0.682641, Area: 0.813687, Num Con: 2, Reading: 0.177778, outcome score: 0.810833.
[lifelong_slam_toolbox_node-1] [INFO] [1787309621.663306410] [slam_toolbox]: Metric Scores: Initial: 0.996917, IOU: 0.807169, Area: 0.895836, Num Con: 3, Reading: 0.455556, outcome score: 0.995833.
[lifelong_slam_toolbox_node-1] [INFO] [1787309621.663317310] [slam_toolbox]: Metric Scores: Initial: 0.845000, IOU: 0.684820, Area: 0.815245, Num Con: 2, Reading: 0.180556, outcome score: 0.833167.
[lifelong_slam_toolbox_node-1] [INFO] [1787309621.663327910] [slam_toolbox]: Metric Scores: Initial: 0.995915, IOU: 0.783415, Area: 0.881083, Num Con: 3, Reading: 0.233333, outcome score: 0.994858.
[lifelong_slam_toolbox_node-1] [INFO] [1787309621.663337610] [slam_toolbox]: Metric Scores: Initial: 0.866167, IOU: 0.687636, Area: 0.817254, Num Con: 2, Reading: 0.186111, outcome score: 0.854000.
[lifelong_slam_toolbox_node-1] [INFO] [1787309621.663347610] [slam_toolbox]: Metric Scores: Initial: 0.994861, IOU: 0.760337, Area: 0.866355, Num Con: 3, Reading: 0.227778, outcome score: 0.993791.
[lifelong_slam_toolbox_node-1] [INFO] [1787309621.663357210] [slam_toolbox]: Metric Scores: Initial: 0.875000, IOU: 0.693246, Area: 0.821196, Num Con: 2, Reading: 0.191667, outcome score: 0.862500.
[lifelong_slam_toolbox_node-1] [INFO] [1787309621.663365110] [slam_toolbox]: Metric Scores: Initial: 0.914000, IOU: 0.740951, Area: 0.853674, Num Con: 2, Reading: 0.222222, outcome score: 0.899667.
[lifelong_slam_toolbox_node-1] [INFO] [1787309621.663376910] [slam_toolbox]: Metric Scores: Initial: 0.881500, IOU: 0.701436, Area: 0.826904, Num Con: 2, Reading: 0.202778, outcome score: 0.868333.
[lifelong_slam_toolbox_node-1] [INFO] [1787309621.663385110] [slam_toolbox]: Metric Scores: Initial: 0.992725, IOU: 0.725566, Area: 0.843438, Num Con: 3, Reading: 0.213889, outcome score: 0.991631.
[lifelong_slam_toolbox_node-1] [INFO] [1787309621.663394110] [slam_toolbox]: Metric Scores: Initial: 0.892000, IOU: 0.712031, Area: 0.834209, Num Con: 2, Reading: 0.208333, outcome score: 0.878500.
[lifelong_slam_toolbox_node-1] [INFO] [1787309622.438999507] [slam_toolbox]: Metric Scores: Initial: 0.968138, IOU: 0.834731, Area: 0.911145, Num Con: 2, Reading: 0.480556, outcome score: 0.938304.
[lifelong_slam_toolbox_node-1] [INFO] [1787309622.439056707] [slam_toolbox]: Metric Scores: Initial: 0.810833, IOU: 0.680245, Area: 0.810795, Num Con: 2, Reading: 0.177778, outcome score: 0.799167.
[lifelong_slam_toolbox_node-1] [INFO] [1787309622.439066907] [slam_toolbox]: Metric Scores: Initial: 0.995833, IOU: 0.804077, Area: 0.892620, Num Con: 3, Reading: 0.455556, outcome score: 0.994719.
[lifelong_slam_toolbox_node-1] [INFO] [1787309622.439080807] [slam_toolbox]: Metric Scores: Initial: 0.833167, IOU: 0.682373, Area: 0.812318, Num Con: 2, Reading: 0.180556, outcome score: 0.821333.
[lifelong_slam_toolbox_node-1] [INFO] [1787309622.439090807] [slam_toolbox]: Metric Scores: Initial: 0.994858, IOU: 0.780451, Area: 0.877918, Num Con: 3, Reading: 0.233333, outcome score: 0.993786.
[lifelong_slam_toolbox_node-1] [INFO] [1787309622.439103107] [slam_toolbox]: Metric Scores: Initial: 0.854000, IOU: 0.685160, Area: 0.814309, Num Con: 2, Reading: 0.186111, outcome score: 0.841833.
[lifelong_slam_toolbox_node-1] [INFO] [1787309622.439112307] [slam_toolbox]: Metric Scores: Initial: 0.993791, IOU: 0.757482, Area: 0.863234, Num Con: 3, Reading: 0.227778, outcome score: 0.992706.
[lifelong_slam_toolbox_node-1] [INFO] [1787309622.439123608] [slam_toolbox]: Metric Scores: Initial: 0.862500, IOU: 0.690733, Area: 0.818231, Num Con: 2, Reading: 0.191667, outcome score: 0.850000.
[lifelong_slam_toolbox_node-1] [INFO] [1787309622.439133508] [slam_toolbox]: Metric Scores: Initial: 0.899667, IOU: 0.738189, Area: 0.850591, Num Con: 2, Reading: 0.222222, outcome score: 0.885333.
[lifelong_slam_toolbox_node-1] [INFO] [1787309622.439146608] [slam_toolbox]: Metric Scores: Initial: 0.868333, IOU: 0.698865, Area: 0.823907, Num Con: 2, Reading: 0.202778, outcome score: 0.855167.
[lifelong_slam_toolbox_node-1] [INFO] [1787309622.439155608] [slam_toolbox]: Metric Scores: Initial: 0.991631, IOU: 0.722871, Area: 0.840383, Num Con: 3, Reading: 0.213889, outcome score: 0.990524.
[lifelong_slam_toolbox_node-1] [INFO] [1787309622.439168508] [slam_toolbox]: Metric Scores: Initial: 0.878500, IOU: 0.709410, Area: 0.831189, Num Con: 2, Reading: 0.208333, outcome score: 0.865000.
[lifelong_slam_toolbox_node-1] [INFO] [1787309622.439177608] [slam_toolbox]: Metric Scores: Initial: 1.000000, IOU: 0.909857, Area: 0.951187, Num Con: 2, Reading: 0.691667, outcome score: -1.000000.
[lifelong_slam_toolbox_node-1] [INFO] [1787309623.238335232] [slam_toolbox]: Metric Scores: Initial: 1.000000, IOU: 0.989132, Area: 0.995935, Num Con: 2, Reading: 0.688889, outcome score: -1.000000.
[lifelong_slam_toolbox_node-1] [INFO] [1787309623.238407332] [slam_toolbox]: Metric Scores: Initial: 0.938304, IOU: 0.836855, Area: 0.912439, Num Con: 2, Reading: 0.480556, outcome score: 0.908471.
[lifelong_slam_toolbox_node-1] [INFO] [1787309623.238421332] [slam_toolbox]: Metric Scores: Initial: 0.799167, IOU: 0.682123, Area: 0.812152, Num Con: 2, Reading: 0.177778, outcome score: 0.787500.
[lifelong_slam_toolbox_node-1] [INFO] [1787309623.238447732] [slam_toolbox]: Metric Scores: Initial: 0.994719, IOU: 0.806147, Area: 0.893922, Num Con: 3, Reading: 0.455556, outcome score: 0.993575.
[lifelong_slam_toolbox_node-1] [INFO] [1787309623.238459532] [slam_toolbox]: Metric Scores: Initial: 0.821333, IOU: 0.684225, Area: 0.813654, Num Con: 2, Reading: 0.180556, outcome score: 0.809500.
[lifelong_slam_toolbox_node-1] [INFO] [1787309623.238497732] [slam_toolbox]: Metric Scores: Initial: 0.993786, IOU: 0.782477, Area: 0.879226, Num Con: 3, Reading: 0.233333, outcome score: 0.992699.
[lifelong_slam_toolbox_node-1] [INFO] [1787309623.238512333] [slam_toolbox]: Metric Scores: Initial: 0.841833, IOU: 0.687007, Area: 0.815638, Num Con: 2, Reading: 0.186111, outcome score: 0.829667.
[lifelong_slam_toolbox_node-1] [INFO] [1787309623.238523333] [slam_toolbox]: Metric Scores: Initial: 0.992706, IOU: 0.759457, Area: 0.864542, Num Con: 3, Reading: 0.227778, outcome score: 0.991607.
[lifelong_slam_toolbox_node-1] [INFO] [1787309623.238536533] [slam_toolbox]: Metric Scores: Initial: 0.850000, IOU: 0.692585, Area: 0.819554, Num Con: 2, Reading: 0.191667, outcome score: 0.837500.
[lifelong_slam_toolbox_node-1] [INFO] [1787309623.238545733] [slam_toolbox]: Metric Scores: Initial: 0.885333, IOU: 0.740122, Area: 0.851900, Num Con: 2, Reading: 0.222222, outcome score: 0.871000.
[lifelong_slam_toolbox_node-1] [INFO] [1787309623.238557133] [slam_toolbox]: Metric Scores: Initial: 0.855167, IOU: 0.700719, Area: 0.825220, Num Con: 2, Reading: 0.202778, outcome score: 0.842000.
[lifelong_slam_toolbox_node-1] [INFO] [1787309623.238567633] [slam_toolbox]: Metric Scores: Initial: 0.990524, IOU: 0.724768, Area: 0.841690, Num Con: 3, Reading: 0.213889, outcome score: 0.989402.
[lifelong_slam_toolbox_node-1] [INFO] [1787309623.238614933] [slam_toolbox]: Metric Scores: Initial: 0.865000, IOU: 0.711286, Area: 0.832502, Num Con: 2, Reading: 0.208333, outcome score: 0.851500.
[lifelong_slam_toolbox_node-1] [INFO] [1787309624.038473661] [slam_toolbox]: Metric Scores: Initial: 1.000000, IOU: 0.997229, Area: 1.000000, Num Con: 2, Reading: 0.686111, outcome score: -1.000000.
[lifelong_slam_toolbox_node-1] [INFO] [1787309624.038528161] [slam_toolbox]: Metric Scores: Initial: 0.643333, IOU: 0.987390, Area: 0.995055, Num Con: 2, Reading: 0.686111, outcome score: -1.000000.
[lifelong_slam_toolbox_node-1] [INFO] [1787309624.038542961] [slam_toolbox]: Metric Scores: Initial: 0.665833, IOU: 0.973148, Area: 0.987758, Num Con: 2, Reading: 0.686111, outcome score: -1.000000.
[lifelong_slam_toolbox_node-1] [INFO] [1787309624.038557861] [slam_toolbox]: Metric Scores: Initial: 0.685833, IOU: 0.960558, Area: 0.981236, Num Con: 2, Reading: 0.686111, outcome score: -1.000000.
[lifelong_slam_toolbox_node-1] [INFO] [1787309624.038573061] [slam_toolbox]: Metric Scores: Initial: 0.908471, IOU: 0.838697, Area: 0.913524, Num Con: 2, Reading: 0.480556, outcome score: 0.878638.
[lifelong_slam_toolbox_node-1] [INFO] [1787309624.038581761] [slam_toolbox]: Metric Scores: Initial: 0.706333, IOU: 0.950464, Area: 0.975970, Num Con: 2, Reading: 0.686111, outcome score: -1.000000.
[lifelong_slam_toolbox_node-1] [INFO] [1787309624.038593661] [slam_toolbox]: Metric Scores: Initial: 0.787500, IOU: 0.683783, Area: 0.813321, Num Con: 2, Reading: 0.177778, outcome score: 0.775833.
[lifelong_slam_toolbox_node-1] [INFO] [1787309624.038603361] [slam_toolbox]: Metric Scores: Initial: 0.993575, IOU: 0.807947, Area: 0.895020, Num Con: 3, Reading: 0.455556, outcome score: 0.992399.
[lifelong_slam_toolbox_node-1] [INFO] [1787309624.038614861] [slam_toolbox]: Metric Scores: Initial: 0.809500, IOU: 0.685859, Area: 0.814800, Num Con: 2, Reading: 0.180556, outcome score: 0.797667.
[lifelong_slam_toolbox_node-1] [INFO] [1787309624.038624061] [slam_toolbox]: Metric Scores: Initial: 0.992699, IOU: 0.784243, Area: 0.880332, Num Con: 3, Reading: 0.233333, outcome score: 0.991597.
[lifelong_slam_toolbox_node-1] [INFO] [1787309624.038636062] [slam_toolbox]: Metric Scores: Initial: 0.829667, IOU: 0.688634, Area: 0.816776, Num Con: 2, Reading: 0.186111, outcome score: 0.817500.
[lifelong_slam_toolbox_node-1] [INFO] [1787309624.038644962] [slam_toolbox]: Metric Scores: Initial: 0.991607, IOU: 0.761181, Area: 0.865650, Num Con: 3, Reading: 0.227778, outcome score: 0.990492.
[lifelong_slam_toolbox_node-1] [INFO] [1787309624.038656162] [slam_toolbox]: Metric Scores: Initial: 0.837500, IOU: 0.694213, Area: 0.820685, Num Con: 2, Reading: 0.191667, outcome score: 0.825000.
[lifelong_slam_toolbox_node-1] [INFO] [1787309624.038664862] [slam_toolbox]: Metric Scores: Initial: 0.871000, IOU: 0.741813, Area: 0.853011, Num Con: 2, Reading: 0.222222, outcome score: 0.856667.
[lifelong_slam_toolbox_node-1] [INFO] [1787309624.038673762] [slam_toolbox]: Metric Scores: Initial: 1.000000, IOU: 0.913619, Area: 0.953344, Num Con: 2, Reading: 0.686111, outcome score: -1.000000.
[lifelong_slam_toolbox_node-1] [INFO] [1787309624.038682562] [slam_toolbox]: Metric Scores: Initial: 0.842000, IOU: 0.702346, Area: 0.826340, Num Con: 2, Reading: 0.202778, outcome score: 0.828833.
[lifelong_slam_toolbox_node-1] [INFO] [1787309624.038691562] [slam_toolbox]: Metric Scores: Initial: 0.989402, IOU: 0.726428, Area: 0.842800, Num Con: 3, Reading: 0.213889, outcome score: 0.988266.
[lifelong_slam_toolbox_node-1] [INFO] [1787309624.038700762] [slam_toolbox]: Metric Scores: Initial: 0.851500, IOU: 0.712930, Area: 0.833619, Num Con: 2, Reading: 0.208333, outcome score: 0.838000.
[lifelong_slam_toolbox_node-1] [INFO] [1787309624.858787199] [slam_toolbox]: Metric Scores: Initial: 0.878638, IOU: 0.842299, Area: 0.915616, Num Con: 2, Reading: 0.480556, outcome score: 0.848804.
[lifelong_slam_toolbox_node-1] [INFO] [1787309624.858862699] [slam_toolbox]: Metric Scores: Initial: 0.775833, IOU: 0.686829, Area: 0.815434, Num Con: 2, Reading: 0.177778, outcome score: 0.764167.
[lifelong_slam_toolbox_node-1] [INFO] [1787309624.858877899] [slam_toolbox]: Metric Scores: Initial: 0.992399, IOU: 0.811430, Area: 0.897113, Num Con: 3, Reading: 0.455556, outcome score: 0.991191.
[lifelong_slam_toolbox_node-1] [INFO] [1787309624.858895199] [slam_toolbox]: Metric Scores: Initial: 0.797667, IOU: 0.688882, Area: 0.816893, Num Con: 2, Reading: 0.180556, outcome score: 0.785833.
[lifelong_slam_toolbox_node-1] [INFO] [1787309624.858908800] [slam_toolbox]: Metric Scores: Initial: 0.991597, IOU: 0.787633, Area: 0.882425, Num Con: 3, Reading: 0.233333, outcome score: 0.990479.
[lifelong_slam_toolbox_node-1] [INFO] [1787309624.858990000] [slam_toolbox]: Metric Scores: Initial: 0.817500, IOU: 0.691657, Area: 0.818862, Num Con: 2, Reading: 0.186111, outcome score: 0.805333.
[lifelong_slam_toolbox_node-1] [INFO] [1787309624.859004300] [slam_toolbox]: Metric Scores: Initial: 0.990492, IOU: 0.764473, Area: 0.867736, Num Con: 3, Reading: 0.227778, outcome score: 0.989362.
[lifelong_slam_toolbox_node-1] [INFO] [1787309624.859016600] [slam_toolbox]: Metric Scores: Initial: 0.825000, IOU: 0.697250, Area: 0.822767, Num Con: 2, Reading: 0.191667, outcome score: 0.812500.
[lifelong_slam_toolbox_node-1] [INFO] [1787309624.859028800] [slam_toolbox]: Metric Scores: Initial: 0.856667, IOU: 0.745025, Area: 0.855093, Num Con: 2, Reading: 0.222222, outcome score: 0.842333.
[lifelong_slam_toolbox_node-1] [INFO] [1787309624.859042600] [slam_toolbox]: Metric Scores: Initial: 0.828833, IOU: 0.705401, Area: 0.828414, Num Con: 2, Reading: 0.202778, outcome score: 0.815667.
[lifelong_slam_toolbox_node-1] [INFO] [1787309624.859056000] [slam_toolbox]: Metric Scores: Initial: 0.988266, IOU: 0.729573, Area: 0.844875, Num Con: 3, Reading: 0.213889, outcome score: 0.987116.
[lifelong_slam_toolbox_node-1] [INFO] [1787309624.859069300] [slam_toolbox]: Metric Scores: Initial: 0.838000, IOU: 0.716028, Area: 0.835695, Num Con: 2, Reading: 0.208333, outcome score: 0.824500.
[lifelong_slam_toolbox_node-1] 
[lifelong_slam_toolbox_node-1] Solver Summary (v 2.2.0-eigen-(3.4.0)-lapack-suitesparse-(7.6.1)-eigensparse)
[lifelong_slam_toolbox_node-1] 
[lifelong_slam_toolbox_node-1]                                      Original                  Reduced
[lifelong_slam_toolbox_node-1] Parameter blocks                          132                      102
[lifelong_slam_toolbox_node-1] Parameters                                132                      102
[lifelong_slam_toolbox_node-1] Residual blocks                            35                       35
[lifelong_slam_toolbox_node-1] Residuals                                 105                      105
[lifelong_slam_toolbox_node-1] 
[lifelong_slam_toolbox_node-1] Minimizer                        TRUST_REGION
[lifelong_slam_toolbox_node-1] Trust region strategy     LEVENBERG_MARQUARDT
[lifelong_slam_toolbox_node-1] Sparse linear algebra library    SUITE_SPARSE 
[lifelong_slam_toolbox_node-1] 
[lifelong_slam_toolbox_node-1]                                         Given                     Used
[lifelong_slam_toolbox_node-1] Linear solver          SPARSE_NORMAL_CHOLESKY   SPARSE_NORMAL_CHOLESKY
[lifelong_slam_toolbox_node-1] Threads                                    50                        8
[lifelong_slam_toolbox_node-1] Linear solver ordering              AUTOMATIC                      102
[lifelong_slam_toolbox_node-1] 
[lifelong_slam_toolbox_node-1] Cost:
[lifelong_slam_toolbox_node-1] Initial                          1.540254e-01
[lifelong_slam_toolbox_node-1] Final                            8.267612e-04
[lifelong_slam_toolbox_node-1] Change                           1.531986e-01
[lifelong_slam_toolbox_node-1] 
[lifelong_slam_toolbox_node-1] Minimizer iterations                        2
[lifelong_slam_toolbox_node-1] Successful steps                            2
[lifelong_slam_toolbox_node-1] Unsuccessful steps                          0
[lifelong_slam_toolbox_node-1] 
[lifelong_slam_toolbox_node-1] Time (in seconds):
[lifelong_slam_toolbox_node-1] Preprocessor                         0.000224
[lifelong_slam_toolbox_node-1] 
[lifelong_slam_toolbox_node-1]   Residual only evaluation           0.000040 (2)
[lifelong_slam_toolbox_node-1]   Jacobian & residual evaluation     0.000149 (2)
[lifelong_slam_toolbox_node-1]   Linear solver                      0.000221 (2)
[lifelong_slam_toolbox_node-1] Minimizer                            0.000532
[lifelong_slam_toolbox_node-1] 
[lifelong_slam_toolbox_node-1] Postprocessor                        0.000009
[lifelong_slam_toolbox_node-1] Total                                0.000765
[lifelong_slam_toolbox_node-1] 
[lifelong_slam_toolbox_node-1] Termination:                      CONVERGENCE (Parameter tolerance reached. Relative step_norm: 2.273944e-05 <= 1.000000e-03.)
[lifelong_slam_toolbox_node-1] 
[lifelong_slam_toolbox_node-1] [INFO] [1787309625.639497323] [slam_toolbox]: Metric Scores: Initial: 0.848804, IOU: 0.847473, Area: 0.918698, Num Con: 2, Reading: 0.480556, outcome score: 0.818971.
[lifelong_slam_toolbox_node-1] [INFO] [1787309625.639559423] [slam_toolbox]: Metric Scores: Initial: 0.764167, IOU: 0.691161, Area: 0.818509, Num Con: 2, Reading: 0.177778, outcome score: 0.752500.
[lifelong_slam_toolbox_node-1] [INFO] [1787309625.639574623] [slam_toolbox]: Metric Scores: Initial: 0.991191, IOU: 0.816426, Area: 0.900191, Num Con: 3, Reading: 0.455556, outcome score: 0.989951.
[lifelong_slam_toolbox_node-1] [INFO] [1787309625.639592023] [slam_toolbox]: Metric Scores: Initial: 0.785833, IOU: 0.693190, Area: 0.819944, Num Con: 2, Reading: 0.180556, outcome score: 0.774000.
[lifelong_slam_toolbox_node-1] [INFO] [1787309625.639605423] [slam_toolbox]: Metric Scores: Initial: 0.990479, IOU: 0.792491, Area: 0.885497, Num Con: 3, Reading: 0.233333, outcome score: 0.989346.
[lifelong_slam_toolbox_node-1] [INFO] [1787309625.639619623] [slam_toolbox]: Metric Scores: Initial: 1.000000, IOU: 0.891262, Area: 0.941070, Num Con: 2, Reading: 0.683333, outcome score: -1.000000.
[lifelong_slam_toolbox_node-1] [INFO] [1787309625.639633024] [slam_toolbox]: Metric Scores: Initial: 0.805333, IOU: 0.695968, Area: 0.821905, Num Con: 2, Reading: 0.186111, outcome score: 0.793167.
[lifelong_slam_toolbox_node-1] [INFO] [1787309625.639645324] [slam_toolbox]: Metric Scores: Initial: 0.989362, IOU: 0.769187, Area: 0.870796, Num Con: 3, Reading: 0.227778, outcome score: 0.988217.
[lifelong_slam_toolbox_node-1] [INFO] [1787309625.639658424] [slam_toolbox]: Metric Scores: Initial: 0.812500, IOU: 0.701584, Area: 0.825807, Num Con: 2, Reading: 0.191667, outcome score: 0.800000.
[lifelong_slam_toolbox_node-1] [INFO] [1787309625.639670724] [slam_toolbox]: Metric Scores: Initial: 0.842333, IOU: 0.749621, Area: 0.858143, Num Con: 2, Reading: 0.222222, outcome score: 0.828000.
[lifelong_slam_toolbox_node-1] [INFO] [1787309625.639683724] [slam_toolbox]: Metric Scores: Initial: 0.815667, IOU: 0.709765, Area: 0.831445, Num Con: 2, Reading: 0.202778, outcome score: 0.802500.
[lifelong_slam_toolbox_node-1] [INFO] [1787309625.639698524] [slam_toolbox]: Metric Scores: Initial: 0.987116, IOU: 0.734071, Area: 0.847914, Num Con: 3, Reading: 0.213889, outcome score: 0.985950.
[lifelong_slam_toolbox_node-1] [INFO] [1787309625.639711824] [slam_toolbox]: Metric Scores: Initial: 0.824500, IOU: 0.720455, Area: 0.838733, Num Con: 2, Reading: 0.208333, outcome score: 0.811000.
[lifelong_slam_toolbox_node-1] [INFO] [1787309626.438426545] [slam_toolbox]: Metric Scores: Initial: 0.818971, IOU: 0.854550, Area: 0.922851, Num Con: 2, Reading: 0.480556, outcome score: -1.000000.
[lifelong_slam_toolbox_node-1] [INFO] [1787309626.438484246] [slam_toolbox]: Metric Scores: Initial: 0.752500, IOU: 0.696967, Area: 0.822576, Num Con: 2, Reading: 0.177778, outcome score: 0.740833.
[lifelong_slam_toolbox_node-1] [INFO] [1787309626.438498046] [slam_toolbox]: Metric Scores: Initial: 0.989951, IOU: 0.823237, Area: 0.904326, Num Con: 3, Reading: 0.455556, outcome score: 0.988676.
[lifelong_slam_toolbox_node-1] [INFO] [1787309626.438510646] [slam_toolbox]: Metric Scores: Initial: 0.774000, IOU: 0.698980, Area: 0.823990, Num Con: 2, Reading: 0.180556, outcome score: 0.762167.
[lifelong_slam_toolbox_node-1] [INFO] [1787309626.438524846] [slam_toolbox]: Metric Scores: Initial: 0.989346, IOU: 0.799096, Area: 0.889616, Num Con: 3, Reading: 0.233333, outcome score: 0.988197.
[lifelong_slam_toolbox_node-1] [INFO] [1787309626.438537646] [slam_toolbox]: Metric Scores: Initial: 0.793167, IOU: 0.701769, Area: 0.825945, Num Con: 2, Reading: 0.186111, outcome score: 0.781000.
[lifelong_slam_toolbox_node-1] [INFO] [1787309626.438551246] [slam_toolbox]: Metric Scores: Initial: 0.988217, IOU: 0.775586, Area: 0.874892, Num Con: 3, Reading: 0.227778, outcome score: 0.987056.
[lifelong_slam_toolbox_node-1] [INFO] [1787309626.438565546] [slam_toolbox]: Metric Scores: Initial: 0.800000, IOU: 0.707424, Area: 0.829847, Num Con: 2, Reading: 0.191667, outcome score: 0.787500.
[lifelong_slam_toolbox_node-1] [INFO] [1787309626.438578646] [slam_toolbox]: Metric Scores: Initial: 0.828000, IOU: 0.755850, Area: 0.862219, Num Con: 2, Reading: 0.222222, outcome score: 0.813667.
[lifelong_slam_toolbox_node-1] [INFO] [1787309626.438591446] [slam_toolbox]: Metric Scores: Initial: 0.802500, IOU: 0.715658, Area: 0.835484, Num Con: 2, Reading: 0.202778, outcome score: 0.789333.
[lifelong_slam_toolbox_node-1] [INFO] [1787309626.438604746] [slam_toolbox]: Metric Scores: Initial: 0.985950, IOU: 0.740162, Area: 0.851972, Num Con: 3, Reading: 0.213889, outcome score: 0.984770.
[lifelong_slam_toolbox_node-1] [INFO] [1787309626.438617846] [slam_toolbox]: Metric Scores: Initial: 0.811000, IOU: 0.726438, Area: 0.842782, Num Con: 2, Reading: 0.208333, outcome score: 0.797500.
[lifelong_slam_toolbox_node-1] [INFO] [1787309627.238288273] [slam_toolbox]: Metric Scores: Initial: 1.000000, IOU: 0.882491, Area: 0.936139, Num Con: 2, Reading: 0.680556, outcome score: -1.000000.
[lifelong_slam_toolbox_node-1] [INFO] [1787309627.238350073] [slam_toolbox]: Metric Scores: Initial: 0.740833, IOU: 0.704038, Area: 0.827431, Num Con: 2, Reading: 0.177778, outcome score: 0.729167.
[lifelong_slam_toolbox_node-1] [INFO] [1787309627.238364473] [slam_toolbox]: Metric Scores: Initial: 0.988676, IOU: 0.831627, Area: 0.909311, Num Con: 2, Reading: 0.455556, outcome score: 0.960343.
[lifelong_slam_toolbox_node-1] [INFO] [1787309627.238378873] [slam_toolbox]: Metric Scores: Initial: 0.762167, IOU: 0.706045, Area: 0.828829, Num Con: 2, Reading: 0.180556, outcome score: 0.750333.
[lifelong_slam_toolbox_node-1] [INFO] [1787309627.238391973] [slam_toolbox]: Metric Scores: Initial: 0.988197, IOU: 0.807220, Area: 0.894574, Num Con: 3, Reading: 0.233333, outcome score: 0.987031.
[lifelong_slam_toolbox_node-1] [INFO] [1787309627.238405073] [slam_toolbox]: Metric Scores: Initial: 0.781000, IOU: 0.708854, Area: 0.830782, Num Con: 2, Reading: 0.186111, outcome score: 0.768833.
[lifelong_slam_toolbox_node-1] [INFO] [1787309627.238417574] [slam_toolbox]: Metric Scores: Initial: 0.987056, IOU: 0.783447, Area: 0.879819, Num Con: 3, Reading: 0.227778, outcome score: 0.985879.
[lifelong_slam_toolbox_node-1] [INFO] [1787309627.238431574] [slam_toolbox]: Metric Scores: Initial: 0.787500, IOU: 0.714562, Area: 0.834688, Num Con: 2, Reading: 0.191667, outcome score: 0.775000.
[lifelong_slam_toolbox_node-1] [INFO] [1787309627.238443974] [slam_toolbox]: Metric Scores: Initial: 0.813667, IOU: 0.763493, Area: 0.867119, Num Con: 2, Reading: 0.222222, outcome score: 0.799333.
[lifelong_slam_toolbox_node-1] [INFO] [1787309627.238457274] [slam_toolbox]: Metric Scores: Initial: 0.789333, IOU: 0.722871, Area: 0.840328, Num Con: 2, Reading: 0.202778, outcome score: 0.776167.
[lifelong_slam_toolbox_node-1] [INFO] [1787309627.238471374] [slam_toolbox]: Metric Scores: Initial: 0.984770, IOU: 0.747631, Area: 0.856848, Num Con: 3, Reading: 0.213889, outcome score: 0.983575.
[lifelong_slam_toolbox_node-1] [INFO] [1787309627.238485974] [slam_toolbox]: Metric Scores: Initial: 0.797500, IOU: 0.733765, Area: 0.847642, Num Con: 2, Reading: 0.208333, outcome score: 0.784000.
[lifelong_slam_toolbox_node-1] [INFO] [1787309628.038671603] [slam_toolbox]: Metric Scores: Initial: 1.000000, IOU: 0.883554, Area: 0.936784, Num Con: 2, Reading: 0.686111, outcome score: -1.000000.
[lifelong_slam_toolbox_node-1] [INFO] [1787309628.038736403] [slam_toolbox]: Metric Scores: Initial: 0.729167, IOU: 0.714195, Area: 0.834423, Num Con: 2, Reading: 0.177778, outcome score: 0.717500.
[lifelong_slam_toolbox_node-1] [INFO] [1787309628.038753804] [slam_toolbox]: Metric Scores: Initial: 0.960343, IOU: 0.843784, Area: 0.916552, Num Con: 2, Reading: 0.455556, outcome score: 0.932009.
[lifelong_slam_toolbox_node-1] [INFO] [1787309628.038768204] [slam_toolbox]: Metric Scores: Initial: 0.750333, IOU: 0.716210, Area: 0.835811, Num Con: 2, Reading: 0.180556, outcome score: 0.738500.
[lifelong_slam_toolbox_node-1] [INFO] [1787309628.038781504] [slam_toolbox]: Metric Scores: Initial: 0.987031, IOU: 0.818978, Area: 0.901768, Num Con: 3, Reading: 0.233333, outcome score: 0.985850.
[lifelong_slam_toolbox_node-1] [INFO] [1787309628.038794404] [slam_toolbox]: Metric Scores: Initial: 0.768833, IOU: 0.719054, Area: 0.837765, Num Con: 2, Reading: 0.186111, outcome score: 0.756667.
[lifelong_slam_toolbox_node-1] [INFO] [1787309628.038807904] [slam_toolbox]: Metric Scores: Initial: 0.985879, IOU: 0.794813, Area: 0.886961, Num Con: 3, Reading: 0.227778, outcome score: 0.984686.
[lifelong_slam_toolbox_node-1] [INFO] [1787309628.038822304] [slam_toolbox]: Metric Scores: Initial: 0.775000, IOU: 0.724845, Area: 0.841681, Num Con: 2, Reading: 0.191667, outcome score: 0.762500.
[lifelong_slam_toolbox_node-1] [INFO] [1787309628.038836604] [slam_toolbox]: Metric Scores: Initial: 0.799333, IOU: 0.774537, Area: 0.874217, Num Con: 2, Reading: 0.222222, outcome score: 0.785000.
[lifelong_slam_toolbox_node-1] [INFO] [1787309628.038849004] [slam_toolbox]: Metric Scores: Initial: 0.776167, IOU: 0.733272, Area: 0.847334, Num Con: 2, Reading: 0.202778, outcome score: 0.763000.
[lifelong_slam_toolbox_node-1] [INFO] [1787309628.038862604] [slam_toolbox]: Metric Scores: Initial: 0.983575, IOU: 0.758418, Area: 0.863908, Num Con: 3, Reading: 0.213889, outcome score: 0.982364.
[lifelong_slam_toolbox_node-1] [INFO] [1787309628.038877604] [slam_toolbox]: Metric Scores: Initial: 0.784000, IOU: 0.744338, Area: 0.854673, Num Con: 2, Reading: 0.208333, outcome score: 0.770500.
[lifelong_slam_toolbox_node-1] [INFO] [1787309628.838394330] [slam_toolbox]: Metric Scores: Initial: 0.733833, IOU: 0.986225, Area: 0.994429, Num Con: 2, Reading: 0.680556, outcome score: -1.000000.
[lifelong_slam_toolbox_node-1] [INFO] [1787309628.838520230] [slam_toolbox]: Metric Scores: Initial: 0.717500, IOU: 0.724561, Area: 0.841422, Num Con: 2, Reading: 0.177778, outcome score: 0.705833.
[lifelong_slam_toolbox_node-1] [INFO] [1787309628.838541031] [slam_toolbox]: Metric Scores: Initial: 0.932009, IOU: 0.856198, Area: 0.923790, Num Con: 2, Reading: 0.455556, outcome score: -1.000000.
[lifelong_slam_toolbox_node-1] [INFO] [1787309628.838555431] [slam_toolbox]: Metric Scores: Initial: 0.738500, IOU: 0.726582, Area: 0.842797, Num Con: 2, Reading: 0.180556, outcome score: 0.726667.
[lifelong_slam_toolbox_node-1] [INFO] [1787309628.838568231] [slam_toolbox]: Metric Scores: Initial: 0.985850, IOU: 0.830981, Area: 0.908961, Num Con: 3, Reading: 0.233333, outcome score: 0.984652.
[lifelong_slam_toolbox_node-1] [INFO] [1787309628.838582731] [slam_toolbox]: Metric Scores: Initial: 0.756667, IOU: 0.729461, Area: 0.844752, Num Con: 2, Reading: 0.186111, outcome score: 0.744500.
[lifelong_slam_toolbox_node-1] [INFO] [1787309628.838596131] [slam_toolbox]: Metric Scores: Initial: 0.984686, IOU: 0.806415, Area: 0.894103, Num Con: 3, Reading: 0.227778, outcome score: 0.983476.
[lifelong_slam_toolbox_node-1] [INFO] [1787309628.838608131] [slam_toolbox]: Metric Scores: Initial: 0.762500, IOU: 0.735336, Area: 0.848676, Num Con: 2, Reading: 0.191667, outcome score: 0.750000.
[lifelong_slam_toolbox_node-1] [INFO] [1787309628.838622631] [slam_toolbox]: Metric Scores: Initial: 0.785000, IOU: 0.785808, Area: 0.881315, Num Con: 2, Reading: 0.222222, outcome score: 0.770667.
[lifelong_slam_toolbox_node-1] [INFO] [1787309628.838635431] [slam_toolbox]: Metric Scores: Initial: 0.763000, IOU: 0.743885, Area: 0.854341, Num Con: 2, Reading: 0.202778, outcome score: 0.749833.
[lifelong_slam_toolbox_node-1] [INFO] [1787309628.838649931] [slam_toolbox]: Metric Scores: Initial: 0.982364, IOU: 0.769425, Area: 0.870969, Num Con: 3, Reading: 0.213889, outcome score: 0.981137.
[lifelong_slam_toolbox_node-1] [INFO] [1787309628.838663031] [slam_toolbox]: Metric Scores: Initial: 0.770500, IOU: 0.755126, Area: 0.861706, Num Con: 2, Reading: 0.208333, outcome score: 0.757000.
[lifelong_slam_toolbox_node-1] [INFO] [1787309629.639565564] [slam_toolbox]: Metric Scores: Initial: 1.000000, IOU: 0.889577, Area: 0.940184, Num Con: 3, Reading: 0.683333, outcome score: 0.999000.
[lifelong_slam_toolbox_node-1] [INFO] [1787309629.639634465] [slam_toolbox]: Metric Scores: Initial: 0.705833, IOU: 0.736709, Area: 0.849547, Num Con: 2, Reading: 0.177778, outcome score: 0.694167.
[lifelong_slam_toolbox_node-1] [INFO] [1787309629.639646865] [slam_toolbox]: Metric Scores: Initial: 0.726667, IOU: 0.738750, Area: 0.850917, Num Con: 2, Reading: 0.180556, outcome score: 0.714833.
[lifelong_slam_toolbox_node-1] [INFO] [1787309629.639660965] [slam_toolbox]: Metric Scores: Initial: 0.744500, IOU: 0.741676, Area: 0.852876, Num Con: 2, Reading: 0.186111, outcome score: 0.732333.
[lifelong_slam_toolbox_node-1] [INFO] [1787309629.639673965] [slam_toolbox]: Metric Scores: Initial: 0.750000, IOU: 0.747657, Area: 0.856816, Num Con: 2, Reading: 0.191667, outcome score: 0.737500.
[lifelong_slam_toolbox_node-1] [INFO] [1787309629.639687165] [slam_toolbox]: Metric Scores: Initial: 0.749833, IOU: 0.756357, Area: 0.862499, Num Con: 2, Reading: 0.202778, outcome score: 0.736667.
[lifelong_slam_toolbox_node-1] [INFO] [1787309629.639699865] [slam_toolbox]: Metric Scores: Initial: 0.757000, IOU: 0.767810, Area: 0.869896, Num Con: 2, Reading: 0.208333, outcome score: 0.743500.
[lifelong_slam_toolbox_node-1] [INFO] [1787309629.639715765] [slam_toolbox]: Metric Scores: Initial: 0.981137, IOU: 0.782377, Area: 0.879197, Num Con: 3, Reading: 0.213889, outcome score: 0.979895.
[lifelong_slam_toolbox_node-1] [INFO] [1787309629.639729365] [slam_toolbox]: Metric Scores: Initial: 0.770667, IOU: 0.799076, Area: 0.889589, Num Con: 2, Reading: 0.222222, outcome score: 0.756333.
[lifelong_slam_toolbox_node-1] [INFO] [1787309629.639741865] [slam_toolbox]: Metric Scores: Initial: 0.983476, IOU: 0.820083, Area: 0.902431, Num Con: 3, Reading: 0.227778, outcome score: 0.982251.
[lifelong_slam_toolbox_node-1] [INFO] [1787309629.639755365] [slam_toolbox]: Metric Scores: Initial: 0.984652, IOU: 0.845132, Area: 0.917353, Num Con: 2, Reading: 0.233333, outcome score: 0.969652.
[lifelong_slam_toolbox_node-1] [INFO] [1787309630.438321786] [slam_toolbox]: Metric Scores: Initial: 1.000000, IOU: 0.899501, Area: 0.947111, Num Con: 2, Reading: 0.688889, outcome score: -1.000000.
[lifelong_slam_toolbox_node-1] [INFO] [1787309630.438378486] [slam_toolbox]: Metric Scores: Initial: 0.999000, IOU: 0.886148, Area: 0.938279, Num Con: 3, Reading: 0.686111, outcome score: 0.997959.
[lifelong_slam_toolbox_node-1] [INFO] [1787309630.438402886] [slam_toolbox]: Metric Scores: Initial: 0.694167, IOU: 0.752164, Area: 0.859734, Num Con: 2, Reading: 0.177778, outcome score: 0.682500.
[lifelong_slam_toolbox_node-1] [INFO] [1787309630.438415386] [slam_toolbox]: Metric Scores: Initial: 0.714833, IOU: 0.754245, Area: 0.861107, Num Con: 2, Reading: 0.180556, outcome score: 0.703000.
[lifelong_slam_toolbox_node-1] [INFO] [1787309630.438428386] [slam_toolbox]: Metric Scores: Initial: 0.732333, IOU: 0.757237, Area: 0.863075, Num Con: 2, Reading: 0.186111, outcome score: 0.720167.
[lifelong_slam_toolbox_node-1] [INFO] [1787309630.438441786] [slam_toolbox]: Metric Scores: Initial: 0.737500, IOU: 0.763358, Area: 0.867036, Num Con: 2, Reading: 0.191667, outcome score: 0.725000.
[lifelong_slam_toolbox_node-1] [INFO] [1787309630.438456186] [slam_toolbox]: Metric Scores: Initial: 0.736667, IOU: 0.772263, Area: 0.872749, Num Con: 2, Reading: 0.202778, outcome score: 0.723500.
[lifelong_slam_toolbox_node-1] [INFO] [1787309630.438468987] [slam_toolbox]: Metric Scores: Initial: 0.743500, IOU: 0.783991, Area: 0.880189, Num Con: 2, Reading: 0.208333, outcome score: 0.730000.
[lifelong_slam_toolbox_node-1] [INFO] [1787309630.438482387] [slam_toolbox]: Metric Scores: Initial: 0.979895, IOU: 0.798910, Area: 0.889542, Num Con: 3, Reading: 0.213889, outcome score: 0.978637.
[lifelong_slam_toolbox_node-1] [INFO] [1787309630.438496287] [slam_toolbox]: Metric Scores: Initial: 0.756333, IOU: 0.816019, Area: 0.899993, Num Con: 2, Reading: 0.222222, outcome score: 0.742000.
[lifelong_slam_toolbox_node-1] [INFO] [1787309630.438509787] [slam_toolbox]: Metric Scores: Initial: 0.982251, IOU: 0.837547, Area: 0.912907, Num Con: 3, Reading: 0.227778, outcome score: 0.981008.
[lifelong_slam_toolbox_node-1] [INFO] [1787309630.438524587] [slam_toolbox]: Metric Scores: Initial: 0.969652, IOU: 0.863227, Area: 0.927911, Num Con: 2, Reading: 0.233333, outcome score: -1.000000.
[lifelong_slam_toolbox_node-1] W20260821 10:53:51.277616 647905 preprocessor.cc:67] Specified options.num_threads: 50 exceeds maximum available from the threading model Ceres was compiled with: 8.  Bounding to maximum number available.
[lifelong_slam_toolbox_node-1] [INFO] [1787309631.278987734] [slam_toolbox]: Metric Scores: Initial: 0.997959, IOU: 0.875540, Area: 0.930032, Num Con: 2, Reading: 0.686111, outcome score: -1.000000.
[lifelong_slam_toolbox_node-1] [INFO] [1787309631.279045534] [slam_toolbox]: Metric Scores: Initial: 0.682500, IOU: 0.770417, Area: 0.869418, Num Con: 2, Reading: 0.177778, outcome score: 0.670833.
[lifelong_slam_toolbox_node-1] [INFO] [1787309631.279061134] [slam_toolbox]: Metric Scores: Initial: 0.703000, IOU: 0.772536, Area: 0.870775, Num Con: 2, Reading: 0.180556, outcome score: 0.691167.
[lifelong_slam_toolbox_node-1] [INFO] [1787309631.279077234] [slam_toolbox]: Metric Scores: Initial: 0.720167, IOU: 0.775605, Area: 0.872740, Num Con: 2, Reading: 0.186111, outcome score: 0.708000.
[lifelong_slam_toolbox_node-1] [INFO] [1787309631.279091934] [slam_toolbox]: Metric Scores: Initial: 0.725000, IOU: 0.781906, Area: 0.876717, Num Con: 2, Reading: 0.191667, outcome score: 0.712500.
[lifelong_slam_toolbox_node-1] [INFO] [1787309631.279107735] [slam_toolbox]: Metric Scores: Initial: 0.723500, IOU: 0.791067, Area: 0.882455, Num Con: 2, Reading: 0.202778, outcome score: 0.710333.
[lifelong_slam_toolbox_node-1] [INFO] [1787309631.279123335] [slam_toolbox]: Metric Scores: Initial: 0.730000, IOU: 0.803147, Area: 0.889935, Num Con: 2, Reading: 0.208333, outcome score: 0.716500.
[lifelong_slam_toolbox_node-1] [INFO] [1787309631.279138235] [slam_toolbox]: Metric Scores: Initial: 0.978637, IOU: 0.818510, Area: 0.899339, Num Con: 3, Reading: 0.213889, outcome score: 0.977363.
[lifelong_slam_toolbox_node-1] [INFO] [1787309631.279150035] [slam_toolbox]: Metric Scores: Initial: 0.742000, IOU: 0.836134, Area: 0.909848, Num Con: 2, Reading: 0.222222, outcome score: 0.727667.
[lifelong_slam_toolbox_node-1] [INFO] [1787309631.279163335] [slam_toolbox]: Metric Scores: Initial: 0.981008, IOU: 0.858312, Area: 0.922834, Num Con: 2, Reading: 0.227778, outcome score: -1.000000.
[lifelong_slam_toolbox_node-1] [INFO] [1787309632.037634838] [slam_toolbox]: Metric Scores: Initial: 0.826667, IOU: 0.975745, Area: 0.986235, Num Con: 2, Reading: 0.438889, outcome score: -1.000000.
[lifelong_slam_toolbox_node-1] [INFO] [1787309632.037713139] [slam_toolbox]: Metric Scores: Initial: 0.670833, IOU: 0.789706, Area: 0.881571, Num Con: 2, Reading: 0.430556, outcome score: 0.644000.
[lifelong_slam_toolbox_node-1] [INFO] [1787309632.037731139] [slam_toolbox]: Metric Scores: Initial: 0.691167, IOU: 0.791878, Area: 0.882932, Num Con: 2, Reading: 0.427778, outcome score: 0.664500.
[lifelong_slam_toolbox_node-1] [INFO] [1787309632.037818539] [slam_toolbox]: Metric Scores: Initial: 0.708000, IOU: 0.795033, Area: 0.884909, Num Con: 2, Reading: 0.427778, outcome score: 0.681333.
[lifelong_slam_toolbox_node-1] [INFO] [1787309632.037839639] [slam_toolbox]: Metric Scores: Initial: 0.712500, IOU: 0.801514, Area: 0.888911, Num Con: 2, Reading: 0.430556, outcome score: 0.685667.
[lifelong_slam_toolbox_node-1] [INFO] [1787309632.037858740] [slam_toolbox]: Metric Scores: Initial: 0.710333, IOU: 0.810938, Area: 0.894685, Num Con: 2, Reading: 0.433333, outcome score: 0.683333.
[lifelong_slam_toolbox_node-1] [INFO] [1787309632.037873940] [slam_toolbox]: Metric Scores: Initial: 0.716500, IOU: 0.823372, Area: 0.902216, Num Con: 2, Reading: 0.436111, outcome score: 0.689333.
[lifelong_slam_toolbox_node-1] [INFO] [1787309632.037888040] [slam_toolbox]: Metric Scores: Initial: 1.000000, IOU: 0.861630, Area: 0.925687, Num Con: 2, Reading: 0.422222, outcome score: -1.000000.
[lifelong_slam_toolbox_node-1] [INFO] [1787309632.037901540] [slam_toolbox]: Metric Scores: Initial: 0.977363, IOU: 0.839188, Area: 0.911682, Num Con: 3, Reading: 0.433333, outcome score: 0.975775.
[lifelong_slam_toolbox_node-1] [INFO] [1787309632.838213070] [slam_toolbox]: Metric Scores: Initial: 0.644000, IOU: 0.810147, Area: 0.894141, Num Con: 2, Reading: 0.430556, outcome score: 0.617167.
[lifelong_slam_toolbox_node-1] [INFO] [1787309632.838280070] [slam_toolbox]: Metric Scores: Initial: 0.664500, IOU: 0.812382, Area: 0.895510, Num Con: 2, Reading: 0.430556, outcome score: 0.637667.
[lifelong_slam_toolbox_node-1] [INFO] [1787309632.838301270] [slam_toolbox]: Metric Scores: Initial: 0.681333, IOU: 0.815632, Area: 0.897501, Num Con: 2, Reading: 0.430556, outcome score: 0.654500.
[lifelong_slam_toolbox_node-1] [INFO] [1787309632.838318670] [slam_toolbox]: Metric Scores: Initial: 0.685667, IOU: 0.822310, Area: 0.901531, Num Con: 2, Reading: 0.430556, outcome score: 0.658833.
[lifelong_slam_toolbox_node-1] [INFO] [1787309632.838336570] [slam_toolbox]: Metric Scores: Initial: 0.683333, IOU: 0.832021, Area: 0.907345, Num Con: 2, Reading: 0.433333, outcome score: 0.656333.
[lifelong_slam_toolbox_node-1] [INFO] [1787309632.838350070] [slam_toolbox]: Metric Scores: Initial: 0.689333, IOU: 0.844838, Area: 0.914929, Num Con: 2, Reading: 0.436111, outcome score: 0.662167.
[lifelong_slam_toolbox_node-1] [INFO] [1787309632.838364470] [slam_toolbox]: Metric Scores: Initial: 0.975775, IOU: 0.861144, Area: 0.924460, Num Con: 3, Reading: 0.436111, outcome score: 0.974141.
[lifelong_slam_toolbox_node-1] [INFO] [1787309633.637633894] [slam_toolbox]: Metric Scores: Initial: 0.617167, IOU: 0.832384, Area: 0.907536, Num Con: 2, Reading: 0.433333, outcome score: 0.590167.
[lifelong_slam_toolbox_node-1] [INFO] [1787309633.637697695] [slam_toolbox]: Metric Scores: Initial: 0.637667, IOU: 0.834671, Area: 0.908904, Num Con: 2, Reading: 0.430556, outcome score: 0.610833.
[lifelong_slam_toolbox_node-1] [INFO] [1787309633.637715395] [slam_toolbox]: Metric Scores: Initial: 0.654500, IOU: 0.838018, Area: 0.910904, Num Con: 2, Reading: 0.430556, outcome score: 0.627667.
[lifelong_slam_toolbox_node-1] [INFO] [1787309633.637732595] [slam_toolbox]: Metric Scores: Initial: 0.658833, IOU: 0.844905, Area: 0.914959, Num Con: 2, Reading: 0.430556, outcome score: 0.632000.
[lifelong_slam_toolbox_node-1] [INFO] [1787309633.637745895] [slam_toolbox]: Metric Scores: Initial: 1.000000, IOU: 0.826098, Area: 0.904738, Num Con: 2, Reading: 0.430556, outcome score: 0.973167.
[lifelong_slam_toolbox_node-1] [INFO] [1787309633.637758895] [slam_toolbox]: Metric Scores: Initial: 0.656333, IOU: 0.854920, Area: 0.920809, Num Con: 2, Reading: 0.436111, outcome score: -1.000000.
[lifelong_slam_toolbox_node-1] [INFO] [1787309633.637772695] [slam_toolbox]: Metric Scores: Initial: 0.662167, IOU: 0.868153, Area: 0.928446, Num Con: 2, Reading: 0.436111, outcome score: -1.000000.
[lifelong_slam_toolbox_node-1] [INFO] [1787309633.637785995] [slam_toolbox]: Metric Scores: Initial: 0.974141, IOU: 0.884989, Area: 0.938042, Num Con: 3, Reading: 0.436111, outcome score: 0.972464.
[lifelong_slam_toolbox_node-1] [INFO] [1787309634.437880124] [slam_toolbox]: Metric Scores: Initial: 0.590167, IOU: 0.854120, Area: 0.920317, Num Con: 2, Reading: 0.433333, outcome score: -1.000000.
[lifelong_slam_toolbox_node-1] [INFO] [1787309634.437939924] [slam_toolbox]: Metric Scores: Initial: 0.610833, IOU: 0.856469, Area: 0.921689, Num Con: 2, Reading: 0.430556, outcome score: -1.000000.
[lifelong_slam_toolbox_node-1] [INFO] [1787309634.437957824] [slam_toolbox]: Metric Scores: Initial: 0.627667, IOU: 0.859917, Area: 0.923702, Num Con: 2, Reading: 0.433333, outcome score: -1.000000.
[lifelong_slam_toolbox_node-1] [INFO] [1787309634.438008125] [slam_toolbox]: Metric Scores: Initial: 1.000000, IOU: 0.812094, Area: 0.896281, Num Con: 2, Reading: 0.433333, outcome score: 0.973000.
[lifelong_slam_toolbox_node-1] [INFO] [1787309634.438023825] [slam_toolbox]: Metric Scores: Initial: 0.973167, IOU: 0.805116, Area: 0.892006, Num Con: 2, Reading: 0.427778, outcome score: 0.946500.
[lifelong_slam_toolbox_node-1] 
[lifelong_slam_toolbox_node-1] Solver Summary (v 2.2.0-eigen-(3.4.0)-lapack-suitesparse-(7.6.1)-eigensparse)
[lifelong_slam_toolbox_node-1] 
[lifelong_slam_toolbox_node-1]                                      Original                  Reduced
[lifelong_slam_toolbox_node-1] Parameter blocks                          120                       78
[lifelong_slam_toolbox_node-1] Parameters                                120                       78
[lifelong_slam_toolbox_node-1] Residual blocks                            26                       26
[lifelong_slam_toolbox_node-1] Residuals                                  78                       78
[lifelong_slam_toolbox_node-1] 
[lifelong_slam_toolbox_node-1] Minimizer                        TRUST_REGION
[lifelong_slam_toolbox_node-1] Trust region strategy     LEVENBERG_MARQUARDT
[lifelong_slam_toolbox_node-1] Sparse linear algebra library    SUITE_SPARSE 
[lifelong_slam_toolbox_node-1] 
[lifelong_slam_toolbox_node-1]                                         Given                     Used
[lifelong_slam_toolbox_node-1] Linear solver          SPARSE_NORMAL_CHOLESKY   SPARSE_NORMAL_CHOLESKY
[lifelong_slam_toolbox_node-1] Threads                                    50                        8
[lifelong_slam_toolbox_node-1] Linear solver ordering              AUTOMATIC                       78
[lifelong_slam_toolbox_node-1] 
[lifelong_slam_toolbox_node-1] Cost:
[lifelong_slam_toolbox_node-1] Initial                          1.081255e-01
[lifelong_slam_toolbox_node-1] Final                            3.877973e-06
[lifelong_slam_toolbox_node-1] Change                           1.081216e-01
[lifelong_slam_toolbox_node-1] 
[lifelong_slam_toolbox_node-1] Minimizer iterations                        2
[lifelong_slam_toolbox_node-1] Successful steps                            2
[lifelong_slam_toolbox_node-1] Unsuccessful steps                          0
[lifelong_slam_toolbox_node-1] 
[lifelong_slam_toolbox_node-1] Time (in seconds):
[lifelong_slam_toolbox_node-1] Preprocessor                         0.000263
[lifelong_slam_toolbox_node-1] 
[lifelong_slam_toolbox_node-1]   Residual only evaluation           0.000041 (2)
[lifelong_slam_toolbox_node-1]   Jacobian & residual evaluation     0.000206 (2)
[lifelong_slam_toolbox_node-1]   Linear solver                      0.000253 (2)
[lifelong_slam_toolbox_node-1] Minimizer                            0.000611
[lifelong_slam_toolbox_node-1] 
[lifelong_slam_toolbox_node-1] Postprocessor                        0.000010
[lifelong_slam_toolbox_node-1] Total                                0.000884
[lifelong_slam_toolbox_node-1] 
[lifelong_slam_toolbox_node-1] Termination:                      CONVERGENCE (Parameter tolerance reached. Relative step_norm: 4.193031e-05 <= 1.000000e-03.)
[lifelong_slam_toolbox_node-1] 
[lifelong_slam_toolbox_node-1] [INFO] [1787309635.238735057] [slam_toolbox]: Metric Scores: Initial: 1.000000, IOU: 0.995450, Area: 0.997717, Num Con: 2, Reading: 0.605556, outcome score: -1.000000.
[lifelong_slam_toolbox_node-1] [INFO] [1787309635.238813057] [slam_toolbox]: Metric Scores: Initial: 1.000000, IOU: 0.800071, Area: 0.889884, Num Con: 2, Reading: 0.436111, outcome score: 0.972833.
[lifelong_slam_toolbox_node-1] [INFO] [1787309635.238822457] [slam_toolbox]: Metric Scores: Initial: 0.973000, IOU: 0.791828, Area: 0.884779, Num Con: 2, Reading: 0.433333, outcome score: 0.946000.
[lifelong_slam_toolbox_node-1] [INFO] [1787309635.238831357] [slam_toolbox]: Metric Scores: Initial: 0.946500, IOU: 0.785057, Area: 0.880533, Num Con: 2, Reading: 0.427778, outcome score: 0.919833.
[lifelong_slam_toolbox_node-1] [INFO] [1787309636.039088086] [slam_toolbox]: Metric Scores: Initial: 1.000000, IOU: 0.792700, Area: 0.884334, Num Con: 2, Reading: 0.433333, outcome score: 0.973000.
[lifelong_slam_toolbox_node-1] [INFO] [1787309636.039139787] [slam_toolbox]: Metric Scores: Initial: 0.972833, IOU: 0.781199, Area: 0.877126, Num Con: 2, Reading: 0.436111, outcome score: 0.945667.
[lifelong_slam_toolbox_node-1] [INFO] [1787309636.039152087] [slam_toolbox]: Metric Scores: Initial: 0.946000, IOU: 0.773169, Area: 0.872053, Num Con: 2, Reading: 0.430556, outcome score: 0.919167.
[lifelong_slam_toolbox_node-1] [INFO] [1787309636.039162187] [slam_toolbox]: Metric Scores: Initial: 0.919833, IOU: 0.766568, Area: 0.867831, Num Con: 2, Reading: 0.427778, outcome score: 0.893167.
[lifelong_slam_toolbox_node-1] [INFO] [1787309636.842240332] [slam_toolbox]: Metric Scores: Initial: 1.000000, IOU: 0.994095, Area: 0.995947, Num Con: 2, Reading: 0.616667, outcome score: -1.000000.
[lifelong_slam_toolbox_node-1] [INFO] [1787309636.842324232] [slam_toolbox]: Metric Scores: Initial: 1.000000, IOU: 0.785672, Area: 0.879949, Num Con: 2, Reading: 0.188889, outcome score: 0.987667.
[lifelong_slam_toolbox_node-1] [INFO] [1787309636.842336432] [slam_toolbox]: Metric Scores: Initial: 0.973000, IOU: 0.774218, Area: 0.872720, Num Con: 2, Reading: 0.180556, outcome score: 0.961167.
[lifelong_slam_toolbox_node-1] [INFO] [1787309636.842347132] [slam_toolbox]: Metric Scores: Initial: 0.945667, IOU: 0.763017, Area: 0.865553, Num Con: 2, Reading: 0.180556, outcome score: 0.933833.
[lifelong_slam_toolbox_node-1] [INFO] [1787309636.842357332] [slam_toolbox]: Metric Scores: Initial: 0.919167, IOU: 0.755190, Area: 0.860506, Num Con: 2, Reading: 0.175000, outcome score: 0.907667.
[lifelong_slam_toolbox_node-1] [INFO] [1787309636.842367532] [slam_toolbox]: Metric Scores: Initial: 0.893167, IOU: 0.748752, Area: 0.856304, Num Con: 2, Reading: 0.169444, outcome score: 0.882000.
[lifelong_slam_toolbox_node-1] [INFO] [1787309637.644680173] [slam_toolbox]: Metric Scores: Initial: 1.000000, IOU: 0.784138, Area: 0.878983, Num Con: 2, Reading: 0.200000, outcome score: 0.987000.
[lifelong_slam_toolbox_node-1] [INFO] [1787309637.644737473] [slam_toolbox]: Metric Scores: Initial: 0.987667, IOU: 0.771035, Area: 0.870691, Num Con: 2, Reading: 0.188889, outcome score: 0.975333.
[lifelong_slam_toolbox_node-1] [INFO] [1787309637.644748373] [slam_toolbox]: Metric Scores: Initial: 0.961167, IOU: 0.759834, Area: 0.863505, Num Con: 2, Reading: 0.180556, outcome score: 0.949333.
[lifelong_slam_toolbox_node-1] [INFO] [1787309637.644758773] [slam_toolbox]: Metric Scores: Initial: 0.933833, IOU: 0.748878, Area: 0.856381, Num Con: 2, Reading: 0.180556, outcome score: 0.922000.
[lifelong_slam_toolbox_node-1] [INFO] [1787309637.644768473] [slam_toolbox]: Metric Scores: Initial: 0.907667, IOU: 0.741224, Area: 0.851366, Num Con: 2, Reading: 0.175000, outcome score: 0.896167.
[lifelong_slam_toolbox_node-1] [INFO] [1787309637.644779073] [slam_toolbox]: Metric Scores: Initial: 0.882000, IOU: 0.734930, Area: 0.847192, Num Con: 2, Reading: 0.169444, outcome score: 0.870833.
[lifelong_slam_toolbox_node-1] [INFO] [1787309638.437262661] [slam_toolbox]: Metric Scores: Initial: 1.000000, IOU: 0.996018, Area: 0.996902, Num Con: 2, Reading: 0.633333, outcome score: -1.000000.
[lifelong_slam_toolbox_node-1] [INFO] [1787309638.437337961] [slam_toolbox]: Metric Scores: Initial: 1.000000, IOU: 0.787508, Area: 0.881095, Num Con: 2, Reading: 0.200000, outcome score: 0.987000.
[lifelong_slam_toolbox_node-1] [INFO] [1787309638.437350661] [slam_toolbox]: Metric Scores: Initial: 0.987000, IOU: 0.771168, Area: 0.870776, Num Con: 2, Reading: 0.200000, outcome score: 0.974000.
[lifelong_slam_toolbox_node-1] [INFO] [1787309638.437360961] [slam_toolbox]: Metric Scores: Initial: 0.975333, IOU: 0.758311, Area: 0.862520, Num Con: 2, Reading: 0.188889, outcome score: 0.963000.
[lifelong_slam_toolbox_node-1] [INFO] [1787309638.437370161] [slam_toolbox]: Metric Scores: Initial: 0.949333, IOU: 0.747317, Area: 0.855364, Num Con: 2, Reading: 0.180556, outcome score: 0.937500.
[lifelong_slam_toolbox_node-1] [INFO] [1787309638.437433161] [slam_toolbox]: Metric Scores: Initial: 0.922000, IOU: 0.736561, Area: 0.848271, Num Con: 2, Reading: 0.180556, outcome score: 0.910167.
[lifelong_slam_toolbox_node-1] [INFO] [1787309638.437444762] [slam_toolbox]: Metric Scores: Initial: 0.896167, IOU: 0.729044, Area: 0.843275, Num Con: 2, Reading: 0.175000, outcome score: 0.884667.
[lifelong_slam_toolbox_node-1] [INFO] [1787309638.437455562] [slam_toolbox]: Metric Scores: Initial: 0.870833, IOU: 0.722860, Area: 0.839117, Num Con: 2, Reading: 0.169444, outcome score: 0.859667.
[lifelong_slam_toolbox_node-1] [INFO] [1787309639.239331000] [slam_toolbox]: Metric Scores: Initial: 1.000000, IOU: 0.794080, Area: 0.885185, Num Con: 3, Reading: 0.205556, outcome score: 0.999000.
[lifelong_slam_toolbox_node-1] [INFO] [1787309639.239383600] [slam_toolbox]: Metric Scores: Initial: 0.987000, IOU: 0.776383, Area: 0.874090, Num Con: 2, Reading: 0.200000, outcome score: 0.974000.
[lifelong_slam_toolbox_node-1] [INFO] [1787309639.239398000] [slam_toolbox]: Metric Scores: Initial: 0.974000, IOU: 0.760314, Area: 0.863815, Num Con: 2, Reading: 0.200000, outcome score: 0.961000.
[lifelong_slam_toolbox_node-1] [INFO] [1787309639.239408300] [slam_toolbox]: Metric Scores: Initial: 0.963000, IOU: 0.747672, Area: 0.855597, Num Con: 2, Reading: 0.188889, outcome score: 0.950667.
[lifelong_slam_toolbox_node-1] [INFO] [1787309639.239418300] [slam_toolbox]: Metric Scores: Initial: 0.937500, IOU: 0.736865, Area: 0.848479, Num Con: 2, Reading: 0.180556, outcome score: 0.925667.
[lifelong_slam_toolbox_node-1] [INFO] [1787309639.239427900] [slam_toolbox]: Metric Scores: Initial: 0.910167, IOU: 0.726291, Area: 0.841421, Num Con: 2, Reading: 0.180556, outcome score: 0.898333.
[lifelong_slam_toolbox_node-1] [INFO] [1787309639.239437600] [slam_toolbox]: Metric Scores: Initial: 0.884667, IOU: 0.718905, Area: 0.836454, Num Con: 2, Reading: 0.175000, outcome score: 0.873167.
[lifelong_slam_toolbox_node-1] [INFO] [1787309639.239447600] [slam_toolbox]: Metric Scores: Initial: 0.859667, IOU: 0.712832, Area: 0.832322, Num Con: 2, Reading: 0.169444, outcome score: 0.848500.
[lifelong_slam_toolbox_node-1] [INFO] [1787309640.042830146] [slam_toolbox]: Metric Scores: Initial: 1.000000, IOU: 0.997296, Area: 0.997540, Num Con: 2, Reading: 0.647222, outcome score: -1.000000.
[lifelong_slam_toolbox_node-1] [INFO] [1787309640.042919547] [slam_toolbox]: Metric Scores: Initial: 1.000000, IOU: 0.803895, Area: 0.891259, Num Con: 2, Reading: 0.383333, outcome score: 0.976000.
[lifelong_slam_toolbox_node-1] [INFO] [1787309640.042930647] [slam_toolbox]: Metric Scores: Initial: 0.999000, IOU: 0.784174, Area: 0.878995, Num Con: 3, Reading: 0.205556, outcome score: 0.997988.
[lifelong_slam_toolbox_node-1] [INFO] [1787309640.042941347] [slam_toolbox]: Metric Scores: Initial: 0.974000, IOU: 0.766738, Area: 0.867942, Num Con: 2, Reading: 0.200000, outcome score: 0.961000.
[lifelong_slam_toolbox_node-1] [INFO] [1787309640.042955047] [slam_toolbox]: Metric Scores: Initial: 0.961000, IOU: 0.750901, Area: 0.857705, Num Con: 2, Reading: 0.200000, outcome score: 0.948000.
[lifelong_slam_toolbox_node-1] [INFO] [1787309640.042965447] [slam_toolbox]: Metric Scores: Initial: 0.950667, IOU: 0.738443, Area: 0.849521, Num Con: 2, Reading: 0.188889, outcome score: 0.938333.
[lifelong_slam_toolbox_node-1] [INFO] [1787309640.042975947] [slam_toolbox]: Metric Scores: Initial: 0.925667, IOU: 0.727797, Area: 0.842434, Num Con: 2, Reading: 0.180556, outcome score: 0.913833.
[lifelong_slam_toolbox_node-1] [INFO] [1787309640.042985947] [slam_toolbox]: Metric Scores: Initial: 0.898333, IOU: 0.717378, Area: 0.835407, Num Con: 2, Reading: 0.180556, outcome score: 0.886500.
[lifelong_slam_toolbox_node-1] [INFO] [1787309640.042994847] [slam_toolbox]: Metric Scores: Initial: 0.873167, IOU: 0.710102, Area: 0.830464, Num Con: 2, Reading: 0.175000, outcome score: 0.861667.
[lifelong_slam_toolbox_node-1] [INFO] [1787309640.043004047] [slam_toolbox]: Metric Scores: Initial: 0.848500, IOU: 0.704125, Area: 0.826354, Num Con: 2, Reading: 0.169444, outcome score: 0.837333.
[lifelong_slam_toolbox_node-1] [INFO] [1787309640.838991554] [slam_toolbox]: Metric Scores: Initial: 1.000000, IOU: 0.818001, Area: 0.899892, Num Con: 3, Reading: 0.394444, outcome score: 0.999000.
[lifelong_slam_toolbox_node-1] [INFO] [1787309640.839044754] [slam_toolbox]: Metric Scores: Initial: 0.976000, IOU: 0.797312, Area: 0.887193, Num Con: 2, Reading: 0.383333, outcome score: 0.952000.
[lifelong_slam_toolbox_node-1] [INFO] [1787309640.839056254] [slam_toolbox]: Metric Scores: Initial: 0.997988, IOU: 0.777782, Area: 0.874959, Num Con: 3, Reading: 0.205556, outcome score: 0.996963.
[lifelong_slam_toolbox_node-1] [INFO] [1787309640.839066754] [slam_toolbox]: Metric Scores: Initial: 0.961000, IOU: 0.760517, Area: 0.863937, Num Con: 2, Reading: 0.200000, outcome score: 0.948000.
[lifelong_slam_toolbox_node-1] [INFO] [1787309640.839079054] [slam_toolbox]: Metric Scores: Initial: 0.948000, IOU: 0.744832, Area: 0.853727, Num Con: 2, Reading: 0.200000, outcome score: 0.935000.
[lifelong_slam_toolbox_node-1] [INFO] [1787309640.839089854] [slam_toolbox]: Metric Scores: Initial: 0.938333, IOU: 0.732496, Area: 0.845567, Num Con: 2, Reading: 0.188889, outcome score: 0.926000.
[lifelong_slam_toolbox_node-1] [INFO] [1787309640.839099354] [slam_toolbox]: Metric Scores: Initial: 0.913833, IOU: 0.721958, Area: 0.838504, Num Con: 2, Reading: 0.180556, outcome score: 0.902000.
[lifelong_slam_toolbox_node-1] [INFO] [1787309640.839109054] [slam_toolbox]: Metric Scores: Initial: 0.886500, IOU: 0.711644, Area: 0.831501, Num Con: 2, Reading: 0.180556, outcome score: 0.874667.
[lifelong_slam_toolbox_node-1] [INFO] [1787309640.839118954] [slam_toolbox]: Metric Scores: Initial: 0.861667, IOU: 0.704445, Area: 0.826577, Num Con: 2, Reading: 0.175000, outcome score: 0.850167.
[lifelong_slam_toolbox_node-1] [INFO] [1787309640.839128454] [slam_toolbox]: Metric Scores: Initial: 0.837333, IOU: 0.698536, Area: 0.822488, Num Con: 2, Reading: 0.169444, outcome score: 0.826167.
[lifelong_slam_toolbox_node-1] [INFO] [1787309641.639057482] [slam_toolbox]: Metric Scores: Initial: 1.000000, IOU: 0.997260, Area: 0.997516, Num Con: 2, Reading: 0.652778, outcome score: -1.000000.
[lifelong_slam_toolbox_node-1] [INFO] [1787309641.639137782] [slam_toolbox]: Metric Scores: Initial: 1.000000, IOU: 0.835029, Area: 0.910101, Num Con: 3, Reading: 0.405556, outcome score: 0.999000.
[lifelong_slam_toolbox_node-1] [INFO] [1787309641.639148482] [slam_toolbox]: Metric Scores: Initial: 0.999000, IOU: 0.812672, Area: 0.896660, Num Con: 3, Reading: 0.394444, outcome score: 0.997976.
[lifelong_slam_toolbox_node-1] [INFO] [1787309641.639158082] [slam_toolbox]: Metric Scores: Initial: 0.952000, IOU: 0.792142, Area: 0.883985, Num Con: 2, Reading: 0.383333, outcome score: 0.928000.
[lifelong_slam_toolbox_node-1] [INFO] [1787309641.639166282] [slam_toolbox]: Metric Scores: Initial: 0.996963, IOU: 0.772763, Area: 0.871776, Num Con: 3, Reading: 0.205556, outcome score: 0.995925.
[lifelong_slam_toolbox_node-1] [INFO] [1787309641.639177382] [slam_toolbox]: Metric Scores: Initial: 0.948000, IOU: 0.755636, Area: 0.860780, Num Con: 2, Reading: 0.200000, outcome score: 0.935000.
[lifelong_slam_toolbox_node-1] [INFO] [1787309641.639199183] [slam_toolbox]: Metric Scores: Initial: 0.935000, IOU: 0.740070, Area: 0.850591, Num Con: 2, Reading: 0.200000, outcome score: 0.922000.
[lifelong_slam_toolbox_node-1] [INFO] [1787309641.639209383] [slam_toolbox]: Metric Scores: Initial: 0.926000, IOU: 0.727832, Area: 0.842452, Num Con: 2, Reading: 0.188889, outcome score: 0.913667.
[lifelong_slam_toolbox_node-1] [INFO] [1787309641.639219983] [slam_toolbox]: Metric Scores: Initial: 0.902000, IOU: 0.717384, Area: 0.835412, Num Con: 2, Reading: 0.180556, outcome score: 0.890167.
[lifelong_slam_toolbox_node-1] [INFO] [1787309641.639230083] [slam_toolbox]: Metric Scores: Initial: 0.874667, IOU: 0.707155, Area: 0.828430, Num Con: 2, Reading: 0.180556, outcome score: 0.862833.
[lifelong_slam_toolbox_node-1] [INFO] [1787309641.639239483] [slam_toolbox]: Metric Scores: Initial: 0.850167, IOU: 0.700021, Area: 0.823525, Num Con: 2, Reading: 0.175000, outcome score: 0.838667.
[lifelong_slam_toolbox_node-1] [INFO] [1787309641.639248983] [slam_toolbox]: Metric Scores: Initial: 0.826167, IOU: 0.694170, Area: 0.819455, Num Con: 2, Reading: 0.169444, outcome score: 0.815000.
[lifelong_slam_toolbox_node-1] [INFO] [1787309642.445403244] [slam_toolbox]: Metric Scores: Initial: 1.000000, IOU: 0.853215, Area: 0.920814, Num Con: 2, Reading: 0.411111, outcome score: -1.000000.
[lifelong_slam_toolbox_node-1] [INFO] [1787309642.445456744] [slam_toolbox]: Metric Scores: Initial: 0.999000, IOU: 0.831490, Area: 0.908012, Num Con: 3, Reading: 0.405556, outcome score: 0.997976.
[lifelong_slam_toolbox_node-1] [INFO] [1787309642.445467744] [slam_toolbox]: Metric Scores: Initial: 0.997976, IOU: 0.809260, Area: 0.894596, Num Con: 3, Reading: 0.394444, outcome score: 0.996928.
[lifelong_slam_toolbox_node-1] [INFO] [1787309642.445535745] [slam_toolbox]: Metric Scores: Initial: 0.928000, IOU: 0.788833, Area: 0.881936, Num Con: 2, Reading: 0.383333, outcome score: 0.904000.
[lifelong_slam_toolbox_node-1] [INFO] [1787309642.445546445] [slam_toolbox]: Metric Scores: Initial: 0.995925, IOU: 0.769554, Area: 0.869746, Num Con: 3, Reading: 0.205556, outcome score: 0.994875.
[lifelong_slam_toolbox_node-1] [INFO] [1787309642.445555845] [slam_toolbox]: Metric Scores: Initial: 0.935000, IOU: 0.752522, Area: 0.858771, Num Con: 2, Reading: 0.200000, outcome score: 0.922000.
[lifelong_slam_toolbox_node-1] [INFO] [1787309642.445569345] [slam_toolbox]: Metric Scores: Initial: 0.922000, IOU: 0.737037, Area: 0.848600, Num Con: 2, Reading: 0.200000, outcome score: 0.909000.
[lifelong_slam_toolbox_node-1] [INFO] [1787309642.445578945] [slam_toolbox]: Metric Scores: Initial: 0.913667, IOU: 0.724870, Area: 0.840480, Num Con: 2, Reading: 0.188889, outcome score: 0.901333.
[lifelong_slam_toolbox_node-1] [INFO] [1787309642.445588945] [slam_toolbox]: Metric Scores: Initial: 0.890167, IOU: 0.714490, Area: 0.833461, Num Con: 2, Reading: 0.180556, outcome score: 0.878333.
[lifelong_slam_toolbox_node-1] [INFO] [1787309642.445598145] [slam_toolbox]: Metric Scores: Initial: 0.862833, IOU: 0.704326, Area: 0.826500, Num Con: 2, Reading: 0.180556, outcome score: 0.851000.
[lifelong_slam_toolbox_node-1] [INFO] [1787309642.445607845] [slam_toolbox]: Metric Scores: Initial: 0.838667, IOU: 0.697246, Area: 0.821616, Num Con: 2, Reading: 0.175000, outcome score: 0.827167.
[lifelong_slam_toolbox_node-1] [INFO] [1787309642.445616945] [slam_toolbox]: Metric Scores: Initial: 0.815000, IOU: 0.691446, Area: 0.817569, Num Con: 2, Reading: 0.169444, outcome score: 0.803833.
[lifelong_slam_toolbox_node-1] W20260821 10:54:03.279933 647905 preprocessor.cc:67] Specified options.num_threads: 50 exceeds maximum available from the threading model Ceres was compiled with: 8.  Bounding to maximum number available.
[lifelong_slam_toolbox_node-1] [INFO] [1787309643.281535167] [slam_toolbox]: Metric Scores: Initial: 0.994875, IOU: 0.769809, Area: 0.869881, Num Con: 3, Reading: 0.205556, outcome score: 0.993812.
[lifelong_slam_toolbox_node-1] [INFO] [1787309643.281594668] [slam_toolbox]: Metric Scores: Initial: 0.922000, IOU: 0.752784, Area: 0.858909, Num Con: 2, Reading: 0.200000, outcome score: 0.909000.
[lifelong_slam_toolbox_node-1] [INFO] [1787309643.281610968] [slam_toolbox]: Metric Scores: Initial: 0.904000, IOU: 0.789090, Area: 0.882069, Num Con: 2, Reading: 0.383333, outcome score: 0.880000.
[lifelong_slam_toolbox_node-1] [INFO] [1787309643.281628268] [slam_toolbox]: Metric Scores: Initial: 0.909000, IOU: 0.737301, Area: 0.848739, Num Con: 2, Reading: 0.200000, outcome score: 0.896000.
[lifelong_slam_toolbox_node-1] [INFO] [1787309643.281642268] [slam_toolbox]: Metric Scores: Initial: 0.996928, IOU: 0.809917, Area: 0.894971, Num Con: 3, Reading: 0.394444, outcome score: 0.995856.
[lifelong_slam_toolbox_node-1] [INFO] [1787309643.281658068] [slam_toolbox]: Metric Scores: Initial: 0.901333, IOU: 0.725142, Area: 0.840623, Num Con: 2, Reading: 0.188889, outcome score: 0.889000.
[lifelong_slam_toolbox_node-1] [INFO] [1787309643.281671468] [slam_toolbox]: Metric Scores: Initial: 0.997976, IOU: 0.832156, Area: 0.908382, Num Con: 2, Reading: 0.405556, outcome score: 0.972642.
[lifelong_slam_toolbox_node-1] [INFO] [1787309643.281686768] [slam_toolbox]: Metric Scores: Initial: 0.878333, IOU: 0.714775, Area: 0.833613, Num Con: 2, Reading: 0.180556, outcome score: 0.866500.
[lifelong_slam_toolbox_node-1] [INFO] [1787309643.281701468] [slam_toolbox]: Metric Scores: Initial: 0.851000, IOU: 0.704623, Area: 0.826659, Num Con: 2, Reading: 0.180556, outcome score: 0.839167.
[lifelong_slam_toolbox_node-1] [INFO] [1787309643.281717368] [slam_toolbox]: Metric Scores: Initial: 0.827167, IOU: 0.697556, Area: 0.821785, Num Con: 2, Reading: 0.175000, outcome score: 0.815667.
[lifelong_slam_toolbox_node-1] [INFO] [1787309643.281731068] [slam_toolbox]: Metric Scores: Initial: 0.803833, IOU: 0.691774, Area: 0.817749, Num Con: 2, Reading: 0.169444, outcome score: 0.792667.
[lifelong_slam_toolbox_node-1] [INFO] [1787309644.045987603] [slam_toolbox]: Metric Scores: Initial: 0.993812, IOU: 0.770947, Area: 0.870608, Num Con: 3, Reading: 0.205556, outcome score: 0.992736.
[lifelong_slam_toolbox_node-1] [INFO] [1787309644.046053203] [slam_toolbox]: Metric Scores: Initial: 0.909000, IOU: 0.753910, Area: 0.859642, Num Con: 2, Reading: 0.200000, outcome score: 0.896000.
[lifelong_slam_toolbox_node-1] [INFO] [1787309644.046068003] [slam_toolbox]: Metric Scores: Initial: 0.880000, IOU: 0.790253, Area: 0.882796, Num Con: 2, Reading: 0.383333, outcome score: 0.856000.
[lifelong_slam_toolbox_node-1] [INFO] [1787309644.046084403] [slam_toolbox]: Metric Scores: Initial: 0.896000, IOU: 0.738409, Area: 0.849473, Num Con: 2, Reading: 0.200000, outcome score: 0.883000.
[lifelong_slam_toolbox_node-1] [INFO] [1787309644.046097103] [slam_toolbox]: Metric Scores: Initial: 0.995856, IOU: 0.811112, Area: 0.895701, Num Con: 3, Reading: 0.394444, outcome score: 0.994758.
[lifelong_slam_toolbox_node-1] [INFO] [1787309644.046175504] [slam_toolbox]: Metric Scores: Initial: 0.889000, IOU: 0.726245, Area: 0.841364, Num Con: 2, Reading: 0.188889, outcome score: 0.876667.
[lifelong_slam_toolbox_node-1] [INFO] [1787309644.046203704] [slam_toolbox]: Metric Scores: Initial: 0.972642, IOU: 0.833371, Area: 0.909107, Num Con: 2, Reading: 0.405556, outcome score: 0.947309.
[lifelong_slam_toolbox_node-1] [INFO] [1787309644.046223404] [slam_toolbox]: Metric Scores: Initial: 0.866500, IOU: 0.715885, Area: 0.834368, Num Con: 2, Reading: 0.180556, outcome score: 0.854667.
[lifelong_slam_toolbox_node-1] [INFO] [1787309644.046241804] [slam_toolbox]: Metric Scores: Initial: 0.839167, IOU: 0.705737, Area: 0.827427, Num Con: 2, Reading: 0.180556, outcome score: 0.827333.
[lifelong_slam_toolbox_node-1] [INFO] [1787309644.046256104] [slam_toolbox]: Metric Scores: Initial: 1.000000, IOU: 0.896365, Area: 0.945358, Num Con: 2, Reading: 0.425000, outcome score: -1.000000.
[lifelong_slam_toolbox_node-1] [INFO] [1787309644.046271404] [slam_toolbox]: Metric Scores: Initial: 0.815667, IOU: 0.698684, Area: 0.822567, Num Con: 2, Reading: 0.175000, outcome score: 0.804167.
[lifelong_slam_toolbox_node-1] [INFO] [1787309644.046284904] [slam_toolbox]: Metric Scores: Initial: 0.792667, IOU: 0.692923, Area: 0.818552, Num Con: 2, Reading: 0.169444, outcome score: 0.781500.
[lifelong_slam_toolbox_node-1] [INFO] [1787309644.858308697] [slam_toolbox]: Metric Scores: Initial: 0.992736, IOU: 0.773999, Area: 0.872554, Num Con: 3, Reading: 0.205556, outcome score: 0.991646.
[lifelong_slam_toolbox_node-1] [INFO] [1787309644.858559699] [slam_toolbox]: Metric Scores: Initial: 0.896000, IOU: 0.756891, Area: 0.861581, Num Con: 2, Reading: 0.200000, outcome score: 0.883000.
[lifelong_slam_toolbox_node-1] [INFO] [1787309644.858578799] [slam_toolbox]: Metric Scores: Initial: 0.856000, IOU: 0.793390, Area: 0.884753, Num Con: 2, Reading: 0.383333, outcome score: 0.832000.
[lifelong_slam_toolbox_node-1] [INFO] [1787309644.858597899] [slam_toolbox]: Metric Scores: Initial: 0.883000, IOU: 0.741324, Area: 0.851403, Num Con: 2, Reading: 0.200000, outcome score: 0.870000.
[lifelong_slam_toolbox_node-1] [INFO] [1787309644.858612399] [slam_toolbox]: Metric Scores: Initial: 0.994758, IOU: 0.814344, Area: 0.897672, Num Con: 3, Reading: 0.394444, outcome score: 0.993634.
[lifelong_slam_toolbox_node-1] [INFO] [1787309644.858630099] [slam_toolbox]: Metric Scores: Initial: 0.876667, IOU: 0.729114, Area: 0.843290, Num Con: 2, Reading: 0.188889, outcome score: 0.864333.
[lifelong_slam_toolbox_node-1] [INFO] [1787309644.858645299] [slam_toolbox]: Metric Scores: Initial: 0.947309, IOU: 0.836699, Area: 0.911087, Num Con: 2, Reading: 0.405556, outcome score: 0.921976.
[lifelong_slam_toolbox_node-1] [INFO] [1787309644.858665699] [slam_toolbox]: Metric Scores: Initial: 0.854667, IOU: 0.718719, Area: 0.836294, Num Con: 2, Reading: 0.180556, outcome score: 0.842833.
[lifelong_slam_toolbox_node-1] [INFO] [1787309644.858679499] [slam_toolbox]: Metric Scores: Initial: 0.827333, IOU: 0.708537, Area: 0.829351, Num Con: 2, Reading: 0.180556, outcome score: 0.815500.
[lifelong_slam_toolbox_node-1] [INFO] [1787309644.858694299] [slam_toolbox]: Metric Scores: Initial: 0.804167, IOU: 0.701464, Area: 0.824495, Num Con: 2, Reading: 0.175000, outcome score: 0.792667.
[lifelong_slam_toolbox_node-1] [INFO] [1787309644.858709499] [slam_toolbox]: Metric Scores: Initial: 0.781500, IOU: 0.695692, Area: 0.820485, Num Con: 2, Reading: 0.169444, outcome score: 0.770333.
[lifelong_slam_toolbox_node-1] 
[lifelong_slam_toolbox_node-1] Solver Summary (v 2.2.0-eigen-(3.4.0)-lapack-suitesparse-(7.6.1)-eigensparse)
[lifelong_slam_toolbox_node-1] 
[lifelong_slam_toolbox_node-1]                                      Original                  Reduced
[lifelong_slam_toolbox_node-1] Parameter blocks                          120                       87
[lifelong_slam_toolbox_node-1] Parameters                                120                       87
[lifelong_slam_toolbox_node-1] Residual blocks                            28                       28
[lifelong_slam_toolbox_node-1] Residuals                                  84                       84
[lifelong_slam_toolbox_node-1] 
[lifelong_slam_toolbox_node-1] Minimizer                        TRUST_REGION
[lifelong_slam_toolbox_node-1] Trust region strategy     LEVENBERG_MARQUARDT
[lifelong_slam_toolbox_node-1] Sparse linear algebra library    SUITE_SPARSE 
[lifelong_slam_toolbox_node-1] 
[lifelong_slam_toolbox_node-1]                                         Given                     Used
[lifelong_slam_toolbox_node-1] Linear solver          SPARSE_NORMAL_CHOLESKY   SPARSE_NORMAL_CHOLESKY
[lifelong_slam_toolbox_node-1] Threads                                    50                        8
[lifelong_slam_toolbox_node-1] Linear solver ordering              AUTOMATIC                       87
[lifelong_slam_toolbox_node-1] 
[lifelong_slam_toolbox_node-1] Cost:
[lifelong_slam_toolbox_node-1] Initial                          1.862769e-01
[lifelong_slam_toolbox_node-1] Final                            2.022919e-06
[lifelong_slam_toolbox_node-1] Change                           1.862749e-01
[lifelong_slam_toolbox_node-1] 
[lifelong_slam_toolbox_node-1] Minimizer iterations                        2
[lifelong_slam_toolbox_node-1] Successful steps                            2
[lifelong_slam_toolbox_node-1] Unsuccessful steps                          0
[lifelong_slam_toolbox_node-1] 
[lifelong_slam_toolbox_node-1] Time (in seconds):
[lifelong_slam_toolbox_node-1] Preprocessor                         0.000199
[lifelong_slam_toolbox_node-1] 
[lifelong_slam_toolbox_node-1]   Residual only evaluation           0.000031 (2)
[lifelong_slam_toolbox_node-1]   Jacobian & residual evaluation     0.000181 (2)
[lifelong_slam_toolbox_node-1]   Linear solver                      0.000262 (2)
[lifelong_slam_toolbox_node-1] Minimizer                            0.000609
[lifelong_slam_toolbox_node-1] 
[lifelong_slam_toolbox_node-1] Postprocessor                        0.000011
[lifelong_slam_toolbox_node-1] Total                                0.000819
[lifelong_slam_toolbox_node-1] 
[lifelong_slam_toolbox_node-1] Termination:                      CONVERGENCE (Parameter tolerance reached. Relative step_norm: 3.396320e-05 <= 1.000000e-03.)
[lifelong_slam_toolbox_node-1] 
[lifelong_slam_toolbox_node-1] [INFO] [1787309645.641663635] [slam_toolbox]: Metric Scores: Initial: 0.991646, IOU: 0.780281, Area: 0.876529, Num Con: 3, Reading: 0.205556, outcome score: 0.990543.
[lifelong_slam_toolbox_node-1] [INFO] [1787309645.641776736] [slam_toolbox]: Metric Scores: Initial: 0.883000, IOU: 0.763020, Area: 0.865535, Num Con: 2, Reading: 0.200000, outcome score: 0.870000.
[lifelong_slam_toolbox_node-1] [INFO] [1787309645.641795836] [slam_toolbox]: Metric Scores: Initial: 0.832000, IOU: 0.799852, Area: 0.888754, Num Con: 2, Reading: 0.383333, outcome score: 0.808000.
[lifelong_slam_toolbox_node-1] [INFO] [1787309645.641810036] [slam_toolbox]: Metric Scores: Initial: 0.870000, IOU: 0.747313, Area: 0.855336, Num Con: 2, Reading: 0.200000, outcome score: 0.857000.
[lifelong_slam_toolbox_node-1] [INFO] [1787309645.641820836] [slam_toolbox]: Metric Scores: Initial: 0.993634, IOU: 0.821004, Area: 0.901700, Num Con: 3, Reading: 0.394444, outcome score: 0.992483.
[lifelong_slam_toolbox_node-1] [INFO] [1787309645.641834736] [slam_toolbox]: Metric Scores: Initial: 0.864333, IOU: 0.734997, Area: 0.847209, Num Con: 2, Reading: 0.188889, outcome score: 0.852000.
[lifelong_slam_toolbox_node-1] [INFO] [1787309645.641844336] [slam_toolbox]: Metric Scores: Initial: 0.921976, IOU: 0.843568, Area: 0.915141, Num Con: 2, Reading: 0.405556, outcome score: 0.896642.
[lifelong_slam_toolbox_node-1] [INFO] [1787309645.641854636] [slam_toolbox]: Metric Scores: Initial: 1.000000, IOU: 0.936832, Area: 0.967389, Num Con: 2, Reading: 0.625000, outcome score: -1.000000.
[lifelong_slam_toolbox_node-1] [INFO] [1787309645.641864236] [slam_toolbox]: Metric Scores: Initial: 0.842833, IOU: 0.724518, Area: 0.840203, Num Con: 2, Reading: 0.180556, outcome score: 0.831000.
[lifelong_slam_toolbox_node-1] [INFO] [1787309645.641873736] [slam_toolbox]: Metric Scores: Initial: 0.815500, IOU: 0.714252, Area: 0.833251, Num Con: 2, Reading: 0.180556, outcome score: 0.803667.
[lifelong_slam_toolbox_node-1] [INFO] [1787309645.641930336] [slam_toolbox]: Metric Scores: Initial: 0.792667, IOU: 0.707127, Area: 0.828391, Num Con: 2, Reading: 0.175000, outcome score: 0.781167.
[lifelong_slam_toolbox_node-1] [INFO] [1787309645.641946437] [slam_toolbox]: Metric Scores: Initial: 0.770333, IOU: 0.701317, Area: 0.824381, Num Con: 2, Reading: 0.169444, outcome score: 0.759167.
[lifelong_slam_toolbox_node-1] [INFO] [1787309646.438956748] [slam_toolbox]: Metric Scores: Initial: 0.632000, IOU: 0.989043, Area: 0.993437, Num Con: 2, Reading: 0.652778, outcome score: -1.000000.
[lifelong_slam_toolbox_node-1] [INFO] [1787309646.439039049] [slam_toolbox]: Metric Scores: Initial: 0.990543, IOU: 0.789420, Area: 0.882263, Num Con: 3, Reading: 0.205556, outcome score: 0.989426.
[lifelong_slam_toolbox_node-1] [INFO] [1787309646.439051349] [slam_toolbox]: Metric Scores: Initial: 0.870000, IOU: 0.771937, Area: 0.871241, Num Con: 2, Reading: 0.200000, outcome score: 0.857000.
[lifelong_slam_toolbox_node-1] [INFO] [1787309646.439060849] [slam_toolbox]: Metric Scores: Initial: 0.808000, IOU: 0.809253, Area: 0.894524, Num Con: 2, Reading: 0.383333, outcome score: 0.784000.
[lifelong_slam_toolbox_node-1] [INFO] [1787309646.439072649] [slam_toolbox]: Metric Scores: Initial: 0.857000, IOU: 0.756025, Area: 0.861012, Num Con: 2, Reading: 0.200000, outcome score: 0.844000.
[lifelong_slam_toolbox_node-1] [INFO] [1787309646.439081549] [slam_toolbox]: Metric Scores: Initial: 0.992483, IOU: 0.830696, Area: 0.907512, Num Con: 3, Reading: 0.394444, outcome score: 0.991305.
[lifelong_slam_toolbox_node-1] [INFO] [1787309646.439090149] [slam_toolbox]: Metric Scores: Initial: 0.852000, IOU: 0.743557, Area: 0.852865, Num Con: 2, Reading: 0.188889, outcome score: 0.839667.
[lifelong_slam_toolbox_node-1] [INFO] [1787309646.439099549] [slam_toolbox]: Metric Scores: Initial: 0.896642, IOU: 0.853563, Area: 0.920988, Num Con: 2, Reading: 0.405556, outcome score: -1.000000.
[lifelong_slam_toolbox_node-1] [INFO] [1787309646.439109749] [slam_toolbox]: Metric Scores: Initial: 0.831000, IOU: 0.732957, Area: 0.845848, Num Con: 2, Reading: 0.180556, outcome score: 0.819167.
[lifelong_slam_toolbox_node-1] [INFO] [1787309646.439118849] [slam_toolbox]: Metric Scores: Initial: 0.803667, IOU: 0.722573, Area: 0.838884, Num Con: 2, Reading: 0.180556, outcome score: 0.791833.
[lifelong_slam_toolbox_node-1] [INFO] [1787309646.439128049] [slam_toolbox]: Metric Scores: Initial: 0.781167, IOU: 0.715373, Area: 0.834020, Num Con: 2, Reading: 0.175000, outcome score: 0.769667.
[lifelong_slam_toolbox_node-1] [INFO] [1787309646.439137849] [slam_toolbox]: Metric Scores: Initial: 0.759167, IOU: 0.709510, Area: 0.830012, Num Con: 2, Reading: 0.169444, outcome score: 0.748000.
[lifelong_slam_toolbox_node-1] [INFO] [1787309647.237764869] [slam_toolbox]: Metric Scores: Initial: 0.989426, IOU: 0.801462, Area: 0.889735, Num Con: 3, Reading: 0.205556, outcome score: 0.988296.
[lifelong_slam_toolbox_node-1] [INFO] [1787309647.237860670] [slam_toolbox]: Metric Scores: Initial: 0.857000, IOU: 0.783675, Area: 0.878669, Num Con: 2, Reading: 0.200000, outcome score: 0.844000.
[lifelong_slam_toolbox_node-1] [INFO] [1787309647.237873570] [slam_toolbox]: Metric Scores: Initial: 0.784000, IOU: 0.821648, Area: 0.902047, Num Con: 2, Reading: 0.383333, outcome score: 0.760000.
[lifelong_slam_toolbox_node-1] [INFO] [1787309647.237883670] [slam_toolbox]: Metric Scores: Initial: 1.000000, IOU: 0.927927, Area: 0.962615, Num Con: 2, Reading: 0.638889, outcome score: -1.000000.
[lifelong_slam_toolbox_node-1] [INFO] [1787309647.237893370] [slam_toolbox]: Metric Scores: Initial: 0.844000, IOU: 0.767487, Area: 0.868398, Num Con: 2, Reading: 0.200000, outcome score: 0.831000.
[lifelong_slam_toolbox_node-1] [INFO] [1787309647.237902570] [slam_toolbox]: Metric Scores: Initial: 0.991305, IOU: 0.843479, Area: 0.915088, Num Con: 2, Reading: 0.394444, outcome score: 0.966638.
[lifelong_slam_toolbox_node-1] [INFO] [1787309647.237911970] [slam_toolbox]: Metric Scores: Initial: 0.839667, IOU: 0.754807, Area: 0.860220, Num Con: 2, Reading: 0.188889, outcome score: 0.827333.
[lifelong_slam_toolbox_node-1] [INFO] [1787309647.237920470] [slam_toolbox]: Metric Scores: Initial: 0.819167, IOU: 0.744032, Area: 0.853177, Num Con: 2, Reading: 0.180556, outcome score: 0.807333.
[lifelong_slam_toolbox_node-1] [INFO] [1787309647.237929570] [slam_toolbox]: Metric Scores: Initial: 0.791833, IOU: 0.733477, Area: 0.846187, Num Con: 2, Reading: 0.180556, outcome score: 0.780000.
[lifelong_slam_toolbox_node-1] [INFO] [1787309647.237939870] [slam_toolbox]: Metric Scores: Initial: 0.769667, IOU: 0.726162, Area: 0.841307, Num Con: 2, Reading: 0.175000, outcome score: 0.758167.
[lifelong_slam_toolbox_node-1] [INFO] [1787309647.237949570] [slam_toolbox]: Metric Scores: Initial: 0.748000, IOU: 0.720209, Area: 0.837289, Num Con: 2, Reading: 0.169444, outcome score: 0.736833.
[lifelong_slam_toolbox_node-1] [INFO] [1787309648.037653896] [slam_toolbox]: Metric Scores: Initial: 0.692833, IOU: 0.997356, Area: 0.997653, Num Con: 2, Reading: 0.638889, outcome score: -1.000000.
[lifelong_slam_toolbox_node-1] [INFO] [1787309648.037715997] [slam_toolbox]: Metric Scores: Initial: 0.972464, IOU: 0.995339, Area: 0.996666, Num Con: 2, Reading: 0.636111, outcome score: -1.000000.
[lifelong_slam_toolbox_node-1] [INFO] [1787309648.037773697] [slam_toolbox]: Metric Scores: Initial: 0.988296, IOU: 0.815811, Area: 0.898507, Num Con: 3, Reading: 0.205556, outcome score: 0.987152.
[lifelong_slam_toolbox_node-1] [INFO] [1787309648.037790397] [slam_toolbox]: Metric Scores: Initial: 0.844000, IOU: 0.797659, Area: 0.887391, Num Con: 2, Reading: 0.200000, outcome score: 0.831000.
[lifelong_slam_toolbox_node-1] [INFO] [1787309648.037800097] [slam_toolbox]: Metric Scores: Initial: 0.760000, IOU: 0.836420, Area: 0.910878, Num Con: 2, Reading: 0.383333, outcome score: 0.736000.
[lifelong_slam_toolbox_node-1] [INFO] [1787309648.037810297] [slam_toolbox]: Metric Scores: Initial: 0.831000, IOU: 0.781140, Area: 0.877071, Num Con: 2, Reading: 0.200000, outcome score: 0.818000.
[lifelong_slam_toolbox_node-1] [INFO] [1787309648.037819097] [slam_toolbox]: Metric Scores: Initial: 0.966638, IOU: 0.858717, Area: 0.923982, Num Con: 2, Reading: 0.394444, outcome score: -1.000000.
[lifelong_slam_toolbox_node-1] [INFO] [1787309648.037847798] [slam_toolbox]: Metric Scores: Initial: 0.827333, IOU: 0.768207, Area: 0.868856, Num Con: 2, Reading: 0.188889, outcome score: 0.815000.
[lifelong_slam_toolbox_node-1] [INFO] [1787309648.037859998] [slam_toolbox]: Metric Scores: Initial: 0.807333, IOU: 0.757223, Area: 0.861785, Num Con: 2, Reading: 0.180556, outcome score: 0.795500.
[lifelong_slam_toolbox_node-1] [INFO] [1787309648.037870898] [slam_toolbox]: Metric Scores: Initial: 0.780000, IOU: 0.746464, Area: 0.854766, Num Con: 2, Reading: 0.180556, outcome score: 0.768167.
[lifelong_slam_toolbox_node-1] [INFO] [1787309648.037881698] [slam_toolbox]: Metric Scores: Initial: 0.758167, IOU: 0.739013, Area: 0.849869, Num Con: 2, Reading: 0.175000, outcome score: 0.746667.
[lifelong_slam_toolbox_node-1] [INFO] [1787309648.037891598] [slam_toolbox]: Metric Scores: Initial: 0.736833, IOU: 0.732955, Area: 0.845839, Num Con: 2, Reading: 0.169444, outcome score: 0.725667.
[lifelong_slam_toolbox_node-1] [INFO] [1787309648.836721819] [slam_toolbox]: Metric Scores: Initial: 1.000000, IOU: 0.925766, Area: 0.961455, Num Con: 2, Reading: 0.650000, outcome score: -1.000000.
[lifelong_slam_toolbox_node-1] [INFO] [1787309648.836779719] [slam_toolbox]: Metric Scores: Initial: 0.987152, IOU: 0.835416, Area: 0.910268, Num Con: 3, Reading: 0.205556, outcome score: 0.985993.
[lifelong_slam_toolbox_node-1] [INFO] [1787309648.836791819] [slam_toolbox]: Metric Scores: Initial: 0.831000, IOU: 0.816761, Area: 0.899085, Num Con: 2, Reading: 0.200000, outcome score: 0.818000.
[lifelong_slam_toolbox_node-1] [INFO] [1787309648.836859720] [slam_toolbox]: Metric Scores: Initial: 0.818000, IOU: 0.799784, Area: 0.888700, Num Con: 2, Reading: 0.200000, outcome score: 0.805000.
[lifelong_slam_toolbox_node-1] [INFO] [1787309648.836870020] [slam_toolbox]: Metric Scores: Initial: 0.815000, IOU: 0.786502, Area: 0.880436, Num Con: 2, Reading: 0.188889, outcome score: 0.802667.
[lifelong_slam_toolbox_node-1] [INFO] [1787309648.836880920] [slam_toolbox]: Metric Scores: Initial: 0.795500, IOU: 0.775231, Area: 0.873327, Num Con: 2, Reading: 0.180556, outcome score: 0.783667.
[lifelong_slam_toolbox_node-1] [INFO] [1787309648.836891320] [slam_toolbox]: Metric Scores: Initial: 0.768167, IOU: 0.764191, Area: 0.866269, Num Con: 2, Reading: 0.180556, outcome score: 0.756333.
[lifelong_slam_toolbox_node-1] [INFO] [1787309648.836900820] [slam_toolbox]: Metric Scores: Initial: 0.746667, IOU: 0.756553, Area: 0.861349, Num Con: 2, Reading: 0.175000, outcome score: 0.735167.
[lifelong_slam_toolbox_node-1] [INFO] [1787309648.836909220] [slam_toolbox]: Metric Scores: Initial: 0.725667, IOU: 0.750349, Area: 0.857305, Num Con: 2, Reading: 0.169444, outcome score: 0.714500.
[lifelong_slam_toolbox_node-1] [INFO] [1787309649.646155198] [slam_toolbox]: Metric Scores: Initial: 0.985993, IOU: 0.857151, Area: 0.923017, Num Con: 3, Reading: 0.205556, outcome score: 0.984820.
[lifelong_slam_toolbox_node-1] [INFO] [1787309649.646239798] [slam_toolbox]: Metric Scores: Initial: 0.818000, IOU: 0.837929, Area: 0.911760, Num Con: 2, Reading: 0.200000, outcome score: 0.805000.
[lifelong_slam_toolbox_node-1] [INFO] [1787309649.646258898] [slam_toolbox]: Metric Scores: Initial: 0.805000, IOU: 0.820439, Area: 0.901304, Num Con: 2, Reading: 0.200000, outcome score: 0.792000.
[lifelong_slam_toolbox_node-1] [INFO] [1787309649.646274798] [slam_toolbox]: Metric Scores: Initial: 0.802667, IOU: 0.806763, Area: 0.892986, Num Con: 2, Reading: 0.188889, outcome score: 0.790333.
[lifelong_slam_toolbox_node-1] [INFO] [1787309649.646290299] [slam_toolbox]: Metric Scores: Initial: 0.783667, IOU: 0.795166, Area: 0.885834, Num Con: 2, Reading: 0.180556, outcome score: 0.771833.
[lifelong_slam_toolbox_node-1] [INFO] [1787309649.646304599] [slam_toolbox]: Metric Scores: Initial: 0.756333, IOU: 0.783808, Area: 0.878732, Num Con: 2, Reading: 0.180556, outcome score: 0.744500.
[lifelong_slam_toolbox_node-1] [INFO] [1787309649.646320599] [slam_toolbox]: Metric Scores: Initial: 0.735167, IOU: 0.775956, Area: 0.873785, Num Con: 2, Reading: 0.175000, outcome score: 0.723667.
[lifelong_slam_toolbox_node-1] [INFO] [1787309649.646335999] [slam_toolbox]: Metric Scores: Initial: 0.714500, IOU: 0.769585, Area: 0.869721, Num Con: 2, Reading: 0.169444, outcome score: 0.703333.
[lifelong_slam_toolbox_node-1] [INFO] [1787309650.443921213] [slam_toolbox]: Metric Scores: Initial: 1.000000, IOU: 0.867020, Area: 0.928755, Num Con: 2, Reading: 0.655556, outcome score: -1.000000.
[lifelong_slam_toolbox_node-1] [INFO] [1787309650.443982914] [slam_toolbox]: Metric Scores: Initial: 0.984820, IOU: 0.884230, Area: 0.938494, Num Con: 3, Reading: 0.205556, outcome score: 0.983633.
[lifelong_slam_toolbox_node-1] [INFO] [1787309650.443994414] [slam_toolbox]: Metric Scores: Initial: 0.805000, IOU: 0.864292, Area: 0.927148, Num Con: 2, Reading: 0.200000, outcome score: -1.000000.
[lifelong_slam_toolbox_node-1] [INFO] [1787309650.444004114] [slam_toolbox]: Metric Scores: Initial: 0.792000, IOU: 0.846154, Area: 0.916607, Num Con: 2, Reading: 0.200000, outcome score: 0.779000.
[lifelong_slam_toolbox_node-1] [INFO] [1787309650.444013314] [slam_toolbox]: Metric Scores: Initial: 0.790333, IOU: 0.831983, Area: 0.908224, Num Con: 2, Reading: 0.188889, outcome score: 0.778000.
[lifelong_slam_toolbox_node-1] [INFO] [1787309650.444023814] [slam_toolbox]: Metric Scores: Initial: 0.771833, IOU: 0.819975, Area: 0.901021, Num Con: 2, Reading: 0.180556, outcome score: 0.760000.
[lifelong_slam_toolbox_node-1] [INFO] [1787309650.444032814] [slam_toolbox]: Metric Scores: Initial: 0.744500, IOU: 0.808217, Area: 0.893867, Num Con: 2, Reading: 0.180556, outcome score: 0.732667.
[lifelong_slam_toolbox_node-1] [INFO] [1787309650.444042614] [slam_toolbox]: Metric Scores: Initial: 0.723667, IOU: 0.800097, Area: 0.888887, Num Con: 2, Reading: 0.175000, outcome score: 0.712167.
[lifelong_slam_toolbox_node-1] [INFO] [1787309650.444052114] [slam_toolbox]: Metric Scores: Initial: 0.703333, IOU: 0.793516, Area: 0.884801, Num Con: 2, Reading: 0.169444, outcome score: 0.692167.
[lifelong_slam_toolbox_node-1] [INFO] [1787309651.237808708] [slam_toolbox]: Metric Scores: Initial: 1.000000, IOU: 0.840381, Area: 0.913256, Num Con: 2, Reading: 0.394444, outcome score: 0.975333.
[lifelong_slam_toolbox_node-1] [INFO] [1787309651.237868308] [slam_toolbox]: Metric Scores: Initial: 0.983633, IOU: 0.904178, Area: 0.949606, Num Con: 2, Reading: 0.433333, outcome score: -1.000000.
[lifelong_slam_toolbox_node-1] [INFO] [1787309652.039344144] [slam_toolbox]: Metric Scores: Initial: 0.975333, IOU: 0.809595, Area: 0.895769, Num Con: 2, Reading: 0.391667, outcome score: 0.950833.
[lifelong_slam_toolbox_node-1] [INFO] [1787309652.039402744] [slam_toolbox]: Metric Scores: Initial: 1.000000, IOU: 0.811119, Area: 0.896699, Num Con: 2, Reading: 0.397222, outcome score: 0.975167.
[lifelong_slam_toolbox_node-1] [INFO] [1787309652.838029364] [slam_toolbox]: Metric Scores: Initial: 0.950833, IOU: 0.780816, Area: 0.877921, Num Con: 2, Reading: 0.177778, outcome score: 0.939167.
[lifelong_slam_toolbox_node-1] [INFO] [1787309652.838088965] [slam_toolbox]: Metric Scores: Initial: 0.975167, IOU: 0.782304, Area: 0.878859, Num Con: 2, Reading: 0.180556, outcome score: 0.963333.
[lifelong_slam_toolbox_node-1] [INFO] [1787309652.838104265] [slam_toolbox]: Metric Scores: Initial: 1.000000, IOU: 0.785563, Area: 0.880906, Num Con: 2, Reading: 0.186111, outcome score: 0.987833.
[lifelong_slam_toolbox_node-1] [INFO] [1787309653.640363204] [slam_toolbox]: Metric Scores: Initial: 1.000000, IOU: 0.994157, Area: 0.994157, Num Con: 2, Reading: 0.702778, outcome score: -1.000000.
[lifelong_slam_toolbox_node-1] [INFO] [1787309653.640438705] [slam_toolbox]: Metric Scores: Initial: 0.939167, IOU: 0.760478, Area: 0.864936, Num Con: 2, Reading: 0.177778, outcome score: 0.927500.
[lifelong_slam_toolbox_node-1] [INFO] [1787309653.640451205] [slam_toolbox]: Metric Scores: Initial: 0.963333, IOU: 0.761971, Area: 0.865899, Num Con: 2, Reading: 0.180556, outcome score: 0.951500.
[lifelong_slam_toolbox_node-1] [INFO] [1787309653.640465705] [slam_toolbox]: Metric Scores: Initial: 0.987833, IOU: 0.765155, Area: 0.867945, Num Con: 2, Reading: 0.186111, outcome score: 0.975667.
[lifelong_slam_toolbox_node-1] [INFO] [1787309653.640478805] [slam_toolbox]: Metric Scores: Initial: 1.000000, IOU: 0.771514, Area: 0.872020, Num Con: 2, Reading: 0.191667, outcome score: 0.987500.
[lifelong_slam_toolbox_node-1] [INFO] [1787309654.439785229] [slam_toolbox]: Metric Scores: Initial: 0.927500, IOU: 0.742441, Area: 0.853173, Num Con: 2, Reading: 0.177778, outcome score: 0.915833.
[lifelong_slam_toolbox_node-1] [INFO] [1787309654.439843629] [slam_toolbox]: Metric Scores: Initial: 0.951500, IOU: 0.743938, Area: 0.854159, Num Con: 2, Reading: 0.180556, outcome score: 0.939667.
[lifelong_slam_toolbox_node-1] [INFO] [1787309654.439858229] [slam_toolbox]: Metric Scores: Initial: 0.975667, IOU: 0.747059, Area: 0.856206, Num Con: 2, Reading: 0.186111, outcome score: 0.963500.
[lifelong_slam_toolbox_node-1] [INFO] [1787309654.439871029] [slam_toolbox]: Metric Scores: Initial: 0.987500, IOU: 0.753265, Area: 0.860266, Num Con: 2, Reading: 0.191667, outcome score: 0.975000.
[lifelong_slam_toolbox_node-1] [INFO] [1787309654.439941530] [slam_toolbox]: Metric Scores: Initial: 1.000000, IOU: 0.762341, Area: 0.866150, Num Con: 2, Reading: 0.202778, outcome score: 0.986833.
[lifelong_slam_toolbox_node-1] [INFO] [1787309655.240404860] [slam_toolbox]: Metric Scores: Initial: 1.000000, IOU: 0.997125, Area: 0.997125, Num Con: 2, Reading: 0.697222, outcome score: -1.000000.
[lifelong_slam_toolbox_node-1] [INFO] [1787309655.240489360] [slam_toolbox]: Metric Scores: Initial: 0.915833, IOU: 0.728831, Area: 0.845386, Num Con: 2, Reading: 0.177778, outcome score: 0.904167.
[lifelong_slam_toolbox_node-1] [INFO] [1787309655.240502660] [slam_toolbox]: Metric Scores: Initial: 0.939667, IOU: 0.730330, Area: 0.846390, Num Con: 2, Reading: 0.180556, outcome score: 0.927833.
[lifelong_slam_toolbox_node-1] [INFO] [1787309655.240515360] [slam_toolbox]: Metric Scores: Initial: 0.963500, IOU: 0.733399, Area: 0.848439, Num Con: 2, Reading: 0.186111, outcome score: 0.951333.
[lifelong_slam_toolbox_node-1] [INFO] [1787309655.240525260] [slam_toolbox]: Metric Scores: Initial: 1.000000, IOU: 0.759841, Area: 0.865826, Num Con: 2, Reading: 0.208333, outcome score: 0.986500.
[lifelong_slam_toolbox_node-1] [INFO] [1787309655.240534960] [slam_toolbox]: Metric Scores: Initial: 0.975000, IOU: 0.739488, Area: 0.852491, Num Con: 2, Reading: 0.191667, outcome score: 0.962500.
[lifelong_slam_toolbox_node-1] [INFO] [1787309655.240544261] [slam_toolbox]: Metric Scores: Initial: 0.986833, IOU: 0.748392, Area: 0.858365, Num Con: 2, Reading: 0.202778, outcome score: 0.973667.
[lifelong_slam_toolbox_node-1] [INFO] [1787309656.047080123] [slam_toolbox]: Metric Scores: Initial: 0.904167, IOU: 0.718233, Area: 0.836962, Num Con: 2, Reading: 0.177778, outcome score: 0.892500.
[lifelong_slam_toolbox_node-1] [INFO] [1787309656.047143224] [slam_toolbox]: Metric Scores: Initial: 0.927833, IOU: 0.719724, Area: 0.837972, Num Con: 2, Reading: 0.180556, outcome score: 0.916000.
[lifelong_slam_toolbox_node-1] [INFO] [1787309656.047154124] [slam_toolbox]: Metric Scores: Initial: 1.000000, IOU: 0.762255, Area: 0.866073, Num Con: 2, Reading: 0.216667, outcome score: 0.986000.
[lifelong_slam_toolbox_node-1] [INFO] [1787309656.047164724] [slam_toolbox]: Metric Scores: Initial: 0.951333, IOU: 0.722752, Area: 0.840015, Num Con: 2, Reading: 0.186111, outcome score: 0.939167.
[lifelong_slam_toolbox_node-1] [INFO] [1787309656.047174024] [slam_toolbox]: Metric Scores: Initial: 0.986500, IOU: 0.748800, Area: 0.857331, Num Con: 2, Reading: 0.208333, outcome score: 0.973000.
[lifelong_slam_toolbox_node-1] [INFO] [1787309656.047184724] [slam_toolbox]: Metric Scores: Initial: 0.962500, IOU: 0.728751, Area: 0.844051, Num Con: 2, Reading: 0.191667, outcome score: 0.950000.
[lifelong_slam_toolbox_node-1] [INFO] [1787309656.047207024] [slam_toolbox]: Metric Scores: Initial: 0.973667, IOU: 0.737527, Area: 0.849904, Num Con: 2, Reading: 0.202778, outcome score: 0.960500.
[lifelong_slam_toolbox_node-1] [INFO] [1787309656.846886950] [slam_toolbox]: Metric Scores: Initial: 1.000000, IOU: 0.997190, Area: 0.997190, Num Con: 2, Reading: 0.691667, outcome score: -1.000000.
[lifelong_slam_toolbox_node-1] [INFO] [1787309656.846982750] [slam_toolbox]: Metric Scores: Initial: 0.892500, IOU: 0.709361, Area: 0.832134, Num Con: 2, Reading: 0.177778, outcome score: 0.880833.
[lifelong_slam_toolbox_node-1] [INFO] [1787309656.846993350] [slam_toolbox]: Metric Scores: Initial: 1.000000, IOU: 0.770863, Area: 0.872879, Num Con: 3, Reading: 0.222222, outcome score: 0.999000.
[lifelong_slam_toolbox_node-1] [INFO] [1787309656.847002650] [slam_toolbox]: Metric Scores: Initial: 0.916000, IOU: 0.710837, Area: 0.833146, Num Con: 2, Reading: 0.180556, outcome score: 0.904167.
[lifelong_slam_toolbox_node-1] [INFO] [1787309656.847012950] [slam_toolbox]: Metric Scores: Initial: 0.986000, IOU: 0.752759, Area: 0.861180, Num Con: 2, Reading: 0.216667, outcome score: 0.972000.
[lifelong_slam_toolbox_node-1] [INFO] [1787309656.847022051] [slam_toolbox]: Metric Scores: Initial: 0.939167, IOU: 0.713825, Area: 0.835186, Num Con: 2, Reading: 0.186111, outcome score: 0.927000.
[lifelong_slam_toolbox_node-1] [INFO] [1787309656.847031851] [slam_toolbox]: Metric Scores: Initial: 0.973000, IOU: 0.739501, Area: 0.852461, Num Con: 2, Reading: 0.208333, outcome score: 0.959500.
[lifelong_slam_toolbox_node-1] [INFO] [1787309656.847042451] [slam_toolbox]: Metric Scores: Initial: 0.950000, IOU: 0.719740, Area: 0.839213, Num Con: 2, Reading: 0.191667, outcome score: 0.937500.
[lifelong_slam_toolbox_node-1] [INFO] [1787309656.847053751] [slam_toolbox]: Metric Scores: Initial: 0.960500, IOU: 0.728393, Area: 0.845053, Num Con: 2, Reading: 0.202778, outcome score: 0.947333.
[lifelong_slam_toolbox_node-1] [INFO] [1787309657.640722544] [slam_toolbox]: Metric Scores: Initial: 1.000000, IOU: 0.781737, Area: 0.878483, Num Con: 3, Reading: 0.227778, outcome score: 0.999000.
[lifelong_slam_toolbox_node-1] [INFO] [1787309657.640786244] [slam_toolbox]: Metric Scores: Initial: 0.880833, IOU: 0.701304, Area: 0.825349, Num Con: 2, Reading: 0.177778, outcome score: 0.869167.
[lifelong_slam_toolbox_node-1] [INFO] [1787309657.640854745] [slam_toolbox]: Metric Scores: Initial: 0.999000, IOU: 0.762013, Area: 0.865901, Num Con: 3, Reading: 0.222222, outcome score: 0.997987.
[lifelong_slam_toolbox_node-1] [INFO] [1787309657.640866345] [slam_toolbox]: Metric Scores: Initial: 0.904167, IOU: 0.702754, Area: 0.826350, Num Con: 2, Reading: 0.180556, outcome score: 0.892333.
[lifelong_slam_toolbox_node-1] [INFO] [1787309657.640877345] [slam_toolbox]: Metric Scores: Initial: 0.972000, IOU: 0.744140, Area: 0.854253, Num Con: 2, Reading: 0.216667, outcome score: 0.958000.
[lifelong_slam_toolbox_node-1] [INFO] [1787309657.640886645] [slam_toolbox]: Metric Scores: Initial: 0.927000, IOU: 0.705701, Area: 0.828378, Num Con: 2, Reading: 0.186111, outcome score: 0.914833.
[lifelong_slam_toolbox_node-1] [INFO] [1787309657.640896745] [slam_toolbox]: Metric Scores: Initial: 0.959500, IOU: 0.731050, Area: 0.845572, Num Con: 2, Reading: 0.208333, outcome score: 0.946000.
[lifelong_slam_toolbox_node-1] [INFO] [1787309657.640906645] [slam_toolbox]: Metric Scores: Initial: 0.937500, IOU: 0.711540, Area: 0.832386, Num Con: 2, Reading: 0.191667, outcome score: 0.925000.
[lifelong_slam_toolbox_node-1] [INFO] [1787309657.640916045] [slam_toolbox]: Metric Scores: Initial: 0.947333, IOU: 0.720081, Area: 0.838197, Num Con: 2, Reading: 0.202778, outcome score: 0.934167.
[lifelong_slam_toolbox_node-1] [INFO] [1787309658.439425864] [slam_toolbox]: Metric Scores: Initial: 1.000000, IOU: 0.997193, Area: 0.997193, Num Con: 2, Reading: 0.688889, outcome score: -1.000000.
[lifelong_slam_toolbox_node-1] [INFO] [1787309658.439507865] [slam_toolbox]: Metric Scores: Initial: 1.000000, IOU: 0.799703, Area: 0.891007, Num Con: 3, Reading: 0.233333, outcome score: 0.999000.
[lifelong_slam_toolbox_node-1] [INFO] [1787309658.439520965] [slam_toolbox]: Metric Scores: Initial: 0.999000, IOU: 0.775399, Area: 0.875756, Num Con: 3, Reading: 0.227778, outcome score: 0.997986.
[lifelong_slam_toolbox_node-1] [INFO] [1787309658.439531165] [slam_toolbox]: Metric Scores: Initial: 0.869167, IOU: 0.695802, Area: 0.822737, Num Con: 2, Reading: 0.177778, outcome score: 0.857500.
[lifelong_slam_toolbox_node-1] [INFO] [1787309658.439540765] [slam_toolbox]: Metric Scores: Initial: 0.997987, IOU: 0.755879, Area: 0.863197, Num Con: 3, Reading: 0.222222, outcome score: 0.996960.
[lifelong_slam_toolbox_node-1] [INFO] [1787309658.439550665] [slam_toolbox]: Metric Scores: Initial: 0.892333, IOU: 0.697228, Area: 0.823730, Num Con: 2, Reading: 0.180556, outcome score: 0.880500.
[lifelong_slam_toolbox_node-1] [INFO] [1787309658.439559965] [slam_toolbox]: Metric Scores: Initial: 0.958000, IOU: 0.738189, Area: 0.851572, Num Con: 2, Reading: 0.216667, outcome score: 0.944000.
[lifelong_slam_toolbox_node-1] [INFO] [1787309658.439569165] [slam_toolbox]: Metric Scores: Initial: 0.914833, IOU: 0.700143, Area: 0.825752, Num Con: 2, Reading: 0.186111, outcome score: 0.902667.
[lifelong_slam_toolbox_node-1] [INFO] [1787309658.439578365] [slam_toolbox]: Metric Scores: Initial: 0.946000, IOU: 0.725232, Area: 0.842908, Num Con: 2, Reading: 0.208333, outcome score: 0.932500.
[lifelong_slam_toolbox_node-1] [INFO] [1787309658.439587565] [slam_toolbox]: Metric Scores: Initial: 0.925000, IOU: 0.705921, Area: 0.829750, Num Con: 2, Reading: 0.191667, outcome score: 0.912500.
[lifelong_slam_toolbox_node-1] [INFO] [1787309658.439596665] [slam_toolbox]: Metric Scores: Initial: 0.934167, IOU: 0.714372, Area: 0.835547, Num Con: 2, Reading: 0.202778, outcome score: 0.921000.
[lifelong_slam_toolbox_node-1] [INFO] [1787309659.239145990] [slam_toolbox]: Metric Scores: Initial: 1.000000, IOU: 0.818552, Area: 0.901232, Num Con: 3, Reading: 0.455556, outcome score: 0.999000.
[lifelong_slam_toolbox_node-1] [INFO] [1787309659.239224491] [slam_toolbox]: Metric Scores: Initial: 0.999000, IOU: 0.794303, Area: 0.886346, Num Con: 3, Reading: 0.233333, outcome score: 0.997986.
[lifelong_slam_toolbox_node-1] [INFO] [1787309659.239246991] [slam_toolbox]: Metric Scores: Initial: 0.997986, IOU: 0.770186, Area: 0.871144, Num Con: 3, Reading: 0.227778, outcome score: 0.996959.
[lifelong_slam_toolbox_node-1] [INFO] [1787309659.239258291] [slam_toolbox]: Metric Scores: Initial: 0.857500, IOU: 0.691227, Area: 0.818331, Num Con: 2, Reading: 0.177778, outcome score: 0.845833.
[lifelong_slam_toolbox_node-1] [INFO] [1787309659.239268991] [slam_toolbox]: Metric Scores: Initial: 0.996960, IOU: 0.750813, Area: 0.858625, Num Con: 3, Reading: 0.222222, outcome score: 0.995919.
[lifelong_slam_toolbox_node-1] [INFO] [1787309659.239279791] [slam_toolbox]: Metric Scores: Initial: 0.880500, IOU: 0.692624, Area: 0.819307, Num Con: 2, Reading: 0.180556, outcome score: 0.868667.
[lifelong_slam_toolbox_node-1] [INFO] [1787309659.239289491] [slam_toolbox]: Metric Scores: Initial: 0.944000, IOU: 0.733259, Area: 0.847040, Num Con: 2, Reading: 0.216667, outcome score: 0.930000.
[lifelong_slam_toolbox_node-1] [INFO] [1787309659.239349791] [slam_toolbox]: Metric Scores: Initial: 0.902667, IOU: 0.695510, Area: 0.821317, Num Con: 2, Reading: 0.186111, outcome score: 0.890500.
[lifelong_slam_toolbox_node-1] [INFO] [1787309659.239360291] [slam_toolbox]: Metric Scores: Initial: 0.932500, IOU: 0.720399, Area: 0.838406, Num Con: 2, Reading: 0.208333, outcome score: 0.919000.
[lifelong_slam_toolbox_node-1] [INFO] [1787309659.239370591] [slam_toolbox]: Metric Scores: Initial: 0.912500, IOU: 0.701241, Area: 0.825298, Num Con: 2, Reading: 0.191667, outcome score: 0.900000.
[lifelong_slam_toolbox_node-1] [INFO] [1787309659.239380392] [slam_toolbox]: Metric Scores: Initial: 0.921000, IOU: 0.709620, Area: 0.831069, Num Con: 2, Reading: 0.202778, outcome score: 0.907833.
[lifelong_slam_toolbox_node-1] [INFO] [1787309660.039898722] [slam_toolbox]: Metric Scores: Initial: 1.000000, IOU: 0.842255, Area: 0.915693, Num Con: 3, Reading: 0.480556, outcome score: 0.999000.
[lifelong_slam_toolbox_node-1] [INFO] [1787309660.039952522] [slam_toolbox]: Metric Scores: Initial: 0.999000, IOU: 0.811394, Area: 0.898176, Num Con: 3, Reading: 0.455556, outcome score: 0.997973.
[lifelong_slam_toolbox_node-1] [INFO] [1787309660.039967822] [slam_toolbox]: Metric Scores: Initial: 0.997986, IOU: 0.787431, Area: 0.883329, Num Con: 3, Reading: 0.233333, outcome score: 0.996958.
[lifelong_slam_toolbox_node-1] [INFO] [1787309660.039981422] [slam_toolbox]: Metric Scores: Initial: 0.996959, IOU: 0.763588, Area: 0.868164, Num Con: 3, Reading: 0.227778, outcome score: 0.995917.
[lifelong_slam_toolbox_node-1] [INFO] [1787309660.039991522] [slam_toolbox]: Metric Scores: Initial: 0.845833, IOU: 0.685547, Area: 0.815517, Num Con: 2, Reading: 0.177778, outcome score: 0.834167.
[lifelong_slam_toolbox_node-1] [INFO] [1787309660.040001122] [slam_toolbox]: Metric Scores: Initial: 0.995919, IOU: 0.744431, Area: 0.855675, Num Con: 3, Reading: 0.222222, outcome score: 0.994865.
[lifelong_slam_toolbox_node-1] [INFO] [1787309660.040010122] [slam_toolbox]: Metric Scores: Initial: 0.868667, IOU: 0.686907, Area: 0.816475, Num Con: 2, Reading: 0.180556, outcome score: 0.856833.
[lifelong_slam_toolbox_node-1] [INFO] [1787309660.040019022] [slam_toolbox]: Metric Scores: Initial: 0.930000, IOU: 0.727074, Area: 0.844120, Num Con: 2, Reading: 0.216667, outcome score: 0.916000.
[lifelong_slam_toolbox_node-1] [INFO] [1787309660.040028922] [slam_toolbox]: Metric Scores: Initial: 0.890500, IOU: 0.689754, Area: 0.818474, Num Con: 2, Reading: 0.186111, outcome score: 0.878333.
[lifelong_slam_toolbox_node-1] [INFO] [1787309660.040037622] [slam_toolbox]: Metric Scores: Initial: 0.919000, IOU: 0.714357, Area: 0.835508, Num Con: 2, Reading: 0.208333, outcome score: 0.905500.
[lifelong_slam_toolbox_node-1] [INFO] [1787309660.040047623] [slam_toolbox]: Metric Scores: Initial: 0.900000, IOU: 0.695418, Area: 0.822441, Num Con: 2, Reading: 0.191667, outcome score: 0.887500.
[lifelong_slam_toolbox_node-1] [INFO] [1787309660.040057023] [slam_toolbox]: Metric Scores: Initial: 0.907833, IOU: 0.703695, Area: 0.828189, Num Con: 2, Reading: 0.202778, outcome score: 0.894667.
[lifelong_slam_toolbox_node-1] [INFO] [1787309660.839326346] [slam_toolbox]: Metric Scores: Initial: 1.000000, IOU: 0.870887, Area: 0.929970, Num Con: 2, Reading: 0.697222, outcome score: -1.000000.
[lifelong_slam_toolbox_node-1] [INFO] [1787309660.839378046] [slam_toolbox]: Metric Scores: Initial: 0.999000, IOU: 0.839690, Area: 0.911895, Num Con: 3, Reading: 0.480556, outcome score: 0.997971.
[lifelong_slam_toolbox_node-1] [INFO] [1787309660.839389046] [slam_toolbox]: Metric Scores: Initial: 0.997973, IOU: 0.808941, Area: 0.894434, Num Con: 3, Reading: 0.455556, outcome score: 0.996917.
[lifelong_slam_toolbox_node-1] [INFO] [1787309660.839402246] [slam_toolbox]: Metric Scores: Initial: 0.996958, IOU: 0.785063, Area: 0.879637, Num Con: 3, Reading: 0.233333, outcome score: 0.995915.
[lifelong_slam_toolbox_node-1] [INFO] [1787309660.839416147] [slam_toolbox]: Metric Scores: Initial: 0.995917, IOU: 0.761295, Area: 0.864517, Num Con: 3, Reading: 0.227778, outcome score: 0.994861.
[lifelong_slam_toolbox_node-1] [INFO] [1787309660.839425947] [slam_toolbox]: Metric Scores: Initial: 0.834167, IOU: 0.683563, Area: 0.812080, Num Con: 2, Reading: 0.177778, outcome score: 0.822500.
[lifelong_slam_toolbox_node-1] [INFO] [1787309660.839434947] [slam_toolbox]: Metric Scores: Initial: 0.994865, IOU: 0.742196, Area: 0.852066, Num Con: 3, Reading: 0.222222, outcome score: 0.993796.
[lifelong_slam_toolbox_node-1] [INFO] [1787309660.839444547] [slam_toolbox]: Metric Scores: Initial: 0.856833, IOU: 0.684890, Area: 0.813015, Num Con: 2, Reading: 0.180556, outcome score: 0.845000.
[lifelong_slam_toolbox_node-1] [INFO] [1787309660.839454547] [slam_toolbox]: Metric Scores: Initial: 0.916000, IOU: 0.724896, Area: 0.840548, Num Con: 2, Reading: 0.216667, outcome score: 0.902000.
[lifelong_slam_toolbox_node-1] [INFO] [1787309660.839462847] [slam_toolbox]: Metric Scores: Initial: 0.878333, IOU: 0.687716, Area: 0.814999, Num Con: 2, Reading: 0.186111, outcome score: 0.866167.
[lifelong_slam_toolbox_node-1] [INFO] [1787309660.839471747] [slam_toolbox]: Metric Scores: Initial: 0.905500, IOU: 0.712221, Area: 0.831964, Num Con: 2, Reading: 0.208333, outcome score: 0.892000.
[lifelong_slam_toolbox_node-1] [INFO] [1787309660.839481347] [slam_toolbox]: Metric Scores: Initial: 0.887500, IOU: 0.693355, Area: 0.818948, Num Con: 2, Reading: 0.191667, outcome score: 0.875000.
[lifelong_slam_toolbox_node-1] [INFO] [1787309660.839491047] [slam_toolbox]: Metric Scores: Initial: 0.894667, IOU: 0.701591, Area: 0.824668, Num Con: 2, Reading: 0.202778, outcome score: 0.881500.
[lifelong_slam_toolbox_node-1] W20260821 10:54:21.663102 647905 preprocessor.cc:67] Specified options.num_threads: 50 exceeds maximum available from the threading model Ceres was compiled with: 8.  Bounding to maximum number available.
[lifelong_slam_toolbox_node-1] [INFO] [1787309661.664399709] [slam_toolbox]: Metric Scores: Initial: 1.000000, IOU: 0.987856, Area: 0.990708, Num Con: 2, Reading: 0.686111, outcome score: -1.000000.
[lifelong_slam_toolbox_node-1] [INFO] [1787309661.664453409] [slam_toolbox]: Metric Scores: Initial: 0.997971, IOU: 0.838685, Area: 0.911682, Num Con: 2, Reading: 0.480556, outcome score: 0.968138.
[lifelong_slam_toolbox_node-1] [INFO] [1787309661.664466209] [slam_toolbox]: Metric Scores: Initial: 0.822500, IOU: 0.682801, Area: 0.811849, Num Con: 2, Reading: 0.177778, outcome score: 0.810833.
[lifelong_slam_toolbox_node-1] [INFO] [1787309661.664474909] [slam_toolbox]: Metric Scores: Initial: 0.996917, IOU: 0.807888, Area: 0.893732, Num Con: 3, Reading: 0.455556, outcome score: 0.995833.
[lifelong_slam_toolbox_node-1] [INFO] [1787309661.664485309] [slam_toolbox]: Metric Scores: Initial: 0.845000, IOU: 0.684039, Area: 0.812754, Num Con: 2, Reading: 0.180556, outcome score: 0.833167.
[lifelong_slam_toolbox_node-1] [INFO] [1787309661.664493310] [slam_toolbox]: Metric Scores: Initial: 0.995915, IOU: 0.784143, Area: 0.879084, Num Con: 3, Reading: 0.233333, outcome score: 0.994858.
[lifelong_slam_toolbox_node-1] [INFO] [1787309661.664503910] [slam_toolbox]: Metric Scores: Initial: 0.866167, IOU: 0.686771, Area: 0.814718, Num Con: 2, Reading: 0.186111, outcome score: 0.854000.
[lifelong_slam_toolbox_node-1] [INFO] [1787309661.664512710] [slam_toolbox]: Metric Scores: Initial: 0.994861, IOU: 0.760106, Area: 0.863835, Num Con: 3, Reading: 0.227778, outcome score: 0.993791.
[lifelong_slam_toolbox_node-1] [INFO] [1787309661.664523310] [slam_toolbox]: Metric Scores: Initial: 0.875000, IOU: 0.692331, Area: 0.818594, Num Con: 2, Reading: 0.191667, outcome score: 0.862500.
[lifelong_slam_toolbox_node-1] [INFO] [1787309661.664531610] [slam_toolbox]: Metric Scores: Initial: 0.993796, IOU: 0.740757, Area: 0.851264, Num Con: 3, Reading: 0.222222, outcome score: 0.992714.
[lifelong_slam_toolbox_node-1] [INFO] [1787309661.664542010] [slam_toolbox]: Metric Scores: Initial: 0.881500, IOU: 0.700468, Area: 0.824198, Num Con: 2, Reading: 0.202778, outcome score: 0.868333.
[lifelong_slam_toolbox_node-1] [INFO] [1787309661.664549710] [slam_toolbox]: Metric Scores: Initial: 0.902000, IOU: 0.723586, Area: 0.839877, Num Con: 2, Reading: 0.216667, outcome score: 0.888000.
[lifelong_slam_toolbox_node-1] [INFO] [1787309661.664591010] [slam_toolbox]: Metric Scores: Initial: 0.892000, IOU: 0.711010, Area: 0.831401, Num Con: 2, Reading: 0.208333, outcome score: 0.878500.
[lifelong_slam_toolbox_node-1] [INFO] [1787309662.443492223] [slam_toolbox]: Metric Scores: Initial: 0.968138, IOU: 0.835435, Area: 0.909741, Num Con: 2, Reading: 0.480556, outcome score: 0.938304.
[lifelong_slam_toolbox_node-1] [INFO] [1787309662.443545424] [slam_toolbox]: Metric Scores: Initial: 0.810833, IOU: 0.680508, Area: 0.810212, Num Con: 2, Reading: 0.177778, outcome score: 0.799167.
[lifelong_slam_toolbox_node-1] [INFO] [1787309662.443557224] [slam_toolbox]: Metric Scores: Initial: 0.995833, IOU: 0.804828, Area: 0.891841, Num Con: 3, Reading: 0.455556, outcome score: 0.994719.
[lifelong_slam_toolbox_node-1] [INFO] [1787309662.443571224] [slam_toolbox]: Metric Scores: Initial: 0.833167, IOU: 0.681702, Area: 0.811088, Num Con: 2, Reading: 0.180556, outcome score: 0.821333.
[lifelong_slam_toolbox_node-1] [INFO] [1787309662.443580624] [slam_toolbox]: Metric Scores: Initial: 0.994858, IOU: 0.781224, Area: 0.877232, Num Con: 3, Reading: 0.233333, outcome score: 0.993786.
[lifelong_slam_toolbox_node-1] [INFO] [1787309662.443592824] [slam_toolbox]: Metric Scores: Initial: 0.854000, IOU: 0.684404, Area: 0.813037, Num Con: 2, Reading: 0.186111, outcome score: 0.841833.
[lifelong_slam_toolbox_node-1] [INFO] [1787309662.443602324] [slam_toolbox]: Metric Scores: Initial: 0.993791, IOU: 0.757318, Area: 0.862017, Num Con: 3, Reading: 0.227778, outcome score: 0.992706.
[lifelong_slam_toolbox_node-1] [INFO] [1787309662.443614824] [slam_toolbox]: Metric Scores: Initial: 0.862500, IOU: 0.689925, Area: 0.816897, Num Con: 2, Reading: 0.191667, outcome score: 0.850000.
[lifelong_slam_toolbox_node-1] [INFO] [1787309662.443625124] [slam_toolbox]: Metric Scores: Initial: 0.992714, IOU: 0.738072, Area: 0.849475, Num Con: 3, Reading: 0.222222, outcome score: 0.991617.
[lifelong_slam_toolbox_node-1] [INFO] [1787309662.443637024] [slam_toolbox]: Metric Scores: Initial: 0.868333, IOU: 0.698001, Area: 0.822474, Num Con: 2, Reading: 0.202778, outcome score: 0.855167.
[lifelong_slam_toolbox_node-1] [INFO] [1787309662.443647324] [slam_toolbox]: Metric Scores: Initial: 0.888000, IOU: 0.720996, Area: 0.838116, Num Con: 2, Reading: 0.216667, outcome score: 0.874000.
[lifelong_slam_toolbox_node-1] [INFO] [1787309662.443658524] [slam_toolbox]: Metric Scores: Initial: 0.878500, IOU: 0.708488, Area: 0.829661, Num Con: 2, Reading: 0.208333, outcome score: 0.865000.
[lifelong_slam_toolbox_node-1] [INFO] [1787309662.443666824] [slam_toolbox]: Metric Scores: Initial: 1.000000, IOU: 0.909372, Area: 0.951727, Num Con: 2, Reading: 0.691667, outcome score: -1.000000.
[lifelong_slam_toolbox_node-1] [INFO] [1787309663.241796041] [slam_toolbox]: Metric Scores: Initial: 1.000000, IOU: 0.997766, Area: 0.999215, Num Con: 2, Reading: 0.683333, outcome score: -1.000000.
[lifelong_slam_toolbox_node-1] [INFO] [1787309663.241869142] [slam_toolbox]: Metric Scores: Initial: 0.938304, IOU: 0.837267, Area: 0.910833, Num Con: 2, Reading: 0.480556, outcome score: 0.908471.
[lifelong_slam_toolbox_node-1] [INFO] [1787309663.241884542] [slam_toolbox]: Metric Scores: Initial: 0.799167, IOU: 0.682158, Area: 0.811385, Num Con: 2, Reading: 0.177778, outcome score: 0.787500.
[lifelong_slam_toolbox_node-1] [INFO] [1787309663.241895642] [slam_toolbox]: Metric Scores: Initial: 0.994719, IOU: 0.806618, Area: 0.892945, Num Con: 3, Reading: 0.455556, outcome score: 0.993575.
[lifelong_slam_toolbox_node-1] [INFO] [1787309663.241908642] [slam_toolbox]: Metric Scores: Initial: 0.821333, IOU: 0.683326, Area: 0.812242, Num Con: 2, Reading: 0.180556, outcome score: 0.809500.
[lifelong_slam_toolbox_node-1] [INFO] [1787309663.241917642] [slam_toolbox]: Metric Scores: Initial: 0.993786, IOU: 0.782980, Area: 0.878344, Num Con: 3, Reading: 0.233333, outcome score: 0.992699.
[lifelong_slam_toolbox_node-1] [INFO] [1787309663.241931042] [slam_toolbox]: Metric Scores: Initial: 0.841833, IOU: 0.686022, Area: 0.814183, Num Con: 2, Reading: 0.186111, outcome score: 0.829667.
[lifelong_slam_toolbox_node-1] [INFO] [1787309663.241940242] [slam_toolbox]: Metric Scores: Initial: 0.992706, IOU: 0.759034, Area: 0.863133, Num Con: 3, Reading: 0.227778, outcome score: 0.991607.
[lifelong_slam_toolbox_node-1] [INFO] [1787309663.241952442] [slam_toolbox]: Metric Scores: Initial: 0.850000, IOU: 0.691545, Area: 0.818036, Num Con: 2, Reading: 0.191667, outcome score: 0.837500.
[lifelong_slam_toolbox_node-1] [INFO] [1787309663.241962942] [slam_toolbox]: Metric Scores: Initial: 0.991617, IOU: 0.739754, Area: 0.850593, Num Con: 3, Reading: 0.222222, outcome score: 0.990505.
[lifelong_slam_toolbox_node-1] [INFO] [1787309663.241975342] [slam_toolbox]: Metric Scores: Initial: 0.855167, IOU: 0.699620, Area: 0.823602, Num Con: 2, Reading: 0.202778, outcome score: 0.842000.
[lifelong_slam_toolbox_node-1] [INFO] [1787309663.242037243] [slam_toolbox]: Metric Scores: Initial: 0.874000, IOU: 0.722651, Area: 0.839239, Num Con: 2, Reading: 0.216667, outcome score: 0.860000.
[lifelong_slam_toolbox_node-1] [INFO] [1787309663.242048243] [slam_toolbox]: Metric Scores: Initial: 0.865000, IOU: 0.710124, Area: 0.830787, Num Con: 2, Reading: 0.208333, outcome score: 0.851500.
[lifelong_slam_toolbox_node-1] [INFO] [1787309664.039535056] [slam_toolbox]: Metric Scores: Initial: 0.908471, IOU: 0.838571, Area: 0.911602, Num Con: 2, Reading: 0.480556, outcome score: 0.878638.
[lifelong_slam_toolbox_node-1] [INFO] [1787309664.039596757] [slam_toolbox]: Metric Scores: Initial: 0.787500, IOU: 0.683401, Area: 0.812262, Num Con: 2, Reading: 0.177778, outcome score: 0.775833.
[lifelong_slam_toolbox_node-1] [INFO] [1787309664.039608857] [slam_toolbox]: Metric Scores: Initial: 0.993575, IOU: 0.807905, Area: 0.893731, Num Con: 3, Reading: 0.455556, outcome score: 0.992399.
[lifelong_slam_toolbox_node-1] [INFO] [1787309664.039622857] [slam_toolbox]: Metric Scores: Initial: 0.809500, IOU: 0.684541, Area: 0.813097, Num Con: 2, Reading: 0.180556, outcome score: 0.797667.
[lifelong_slam_toolbox_node-1] [INFO] [1787309664.039633057] [slam_toolbox]: Metric Scores: Initial: 0.992699, IOU: 0.784252, Area: 0.879142, Num Con: 3, Reading: 0.233333, outcome score: 0.991597.
[lifelong_slam_toolbox_node-1] [INFO] [1787309664.039646257] [slam_toolbox]: Metric Scores: Initial: 0.829667, IOU: 0.687228, Area: 0.815029, Num Con: 2, Reading: 0.186111, outcome score: 0.817500.
[lifelong_slam_toolbox_node-1] [INFO] [1787309664.039656657] [slam_toolbox]: Metric Scores: Initial: 0.991607, IOU: 0.760283, Area: 0.863938, Num Con: 3, Reading: 0.227778, outcome score: 0.990492.
[lifelong_slam_toolbox_node-1] [INFO] [1787309664.039670057] [slam_toolbox]: Metric Scores: Initial: 0.837500, IOU: 0.692748, Area: 0.818875, Num Con: 2, Reading: 0.191667, outcome score: 0.825000.
[lifelong_slam_toolbox_node-1] [INFO] [1787309664.039680257] [slam_toolbox]: Metric Scores: Initial: 0.990505, IOU: 0.740983, Area: 0.851403, Num Con: 3, Reading: 0.222222, outcome score: 0.989378.
[lifelong_slam_toolbox_node-1] [INFO] [1787309664.039689557] [slam_toolbox]: Metric Scores: Initial: 1.000000, IOU: 0.912878, Area: 0.953674, Num Con: 2, Reading: 0.686111, outcome score: -1.000000.
[lifelong_slam_toolbox_node-1] [INFO] [1787309664.039699657] [slam_toolbox]: Metric Scores: Initial: 0.842000, IOU: 0.700816, Area: 0.824428, Num Con: 2, Reading: 0.202778, outcome score: 0.828833.
[lifelong_slam_toolbox_node-1] [INFO] [1787309664.039708957] [slam_toolbox]: Metric Scores: Initial: 0.860000, IOU: 0.723867, Area: 0.840056, Num Con: 2, Reading: 0.216667, outcome score: 0.846000.
[lifelong_slam_toolbox_node-1] [INFO] [1787309664.039717957] [slam_toolbox]: Metric Scores: Initial: 0.851500, IOU: 0.711331, Area: 0.831610, Num Con: 2, Reading: 0.208333, outcome score: 0.838000.
[lifelong_slam_toolbox_node-1] [INFO] [1787309664.851742550] [slam_toolbox]: Metric Scores: Initial: 1.000000, IOU: 0.998069, Area: 0.999306, Num Con: 2, Reading: 0.686111, outcome score: -1.000000.
[lifelong_slam_toolbox_node-1] [INFO] [1787309664.851813650] [slam_toolbox]: Metric Scores: Initial: 0.692167, IOU: 0.983522, Area: 0.991966, Num Con: 2, Reading: 0.686111, outcome score: -1.000000.
[lifelong_slam_toolbox_node-1] [INFO] [1787309664.851833850] [slam_toolbox]: Metric Scores: Initial: 0.712167, IOU: 0.970722, Area: 0.985426, Num Con: 2, Reading: 0.686111, outcome score: -1.000000.
[lifelong_slam_toolbox_node-1] [INFO] [1787309664.851851050] [slam_toolbox]: Metric Scores: Initial: 0.732667, IOU: 0.960504, Area: 0.980125, Num Con: 2, Reading: 0.686111, outcome score: -1.000000.
[lifelong_slam_toolbox_node-1] [INFO] [1787309664.851872050] [slam_toolbox]: Metric Scores: Initial: 0.760000, IOU: 0.951629, Area: 0.975494, Num Con: 2, Reading: 0.680556, outcome score: -1.000000.
[lifelong_slam_toolbox_node-1] [INFO] [1787309664.851893051] [slam_toolbox]: Metric Scores: Initial: 0.878638, IOU: 0.843101, Area: 0.914268, Num Con: 2, Reading: 0.480556, outcome score: 0.848804.
[lifelong_slam_toolbox_node-1] [INFO] [1787309664.851907451] [slam_toolbox]: Metric Scores: Initial: 0.778000, IOU: 0.941963, Area: 0.970393, Num Con: 2, Reading: 0.680556, outcome score: -1.000000.
[lifelong_slam_toolbox_node-1] [INFO] [1787309664.851924851] [slam_toolbox]: Metric Scores: Initial: 0.775833, IOU: 0.687181, Area: 0.814919, Num Con: 2, Reading: 0.177778, outcome score: 0.764167.
[lifelong_slam_toolbox_node-1] [INFO] [1787309664.851937951] [slam_toolbox]: Metric Scores: Initial: 0.992399, IOU: 0.812278, Area: 0.896394, Num Con: 3, Reading: 0.455556, outcome score: 0.991191.
[lifelong_slam_toolbox_node-1] [INFO] [1787309664.852019451] [slam_toolbox]: Metric Scores: Initial: 0.797667, IOU: 0.688299, Area: 0.815735, Num Con: 2, Reading: 0.180556, outcome score: 0.785833.
[lifelong_slam_toolbox_node-1] [INFO] [1787309664.852035651] [slam_toolbox]: Metric Scores: Initial: 0.991597, IOU: 0.788501, Area: 0.881799, Num Con: 3, Reading: 0.233333, outcome score: 0.990479.
[lifelong_slam_toolbox_node-1] [INFO] [1787309664.852055451] [slam_toolbox]: Metric Scores: Initial: 0.817500, IOU: 0.690989, Area: 0.817661, Num Con: 2, Reading: 0.186111, outcome score: 0.805333.
[lifelong_slam_toolbox_node-1] [INFO] [1787309664.852070152] [slam_toolbox]: Metric Scores: Initial: 0.990492, IOU: 0.764402, Area: 0.866585, Num Con: 3, Reading: 0.227778, outcome score: 0.989362.
[lifelong_slam_toolbox_node-1] [INFO] [1787309664.852085252] [slam_toolbox]: Metric Scores: Initial: 0.825000, IOU: 0.696530, Area: 0.821504, Num Con: 2, Reading: 0.191667, outcome score: 0.812500.
[lifelong_slam_toolbox_node-1] [INFO] [1787309664.854294864] [slam_toolbox]: Metric Scores: Initial: 0.989378, IOU: 0.744999, Area: 0.854041, Num Con: 3, Reading: 0.222222, outcome score: 0.988237.
[lifelong_slam_toolbox_node-1] [INFO] [1787309664.854350164] [slam_toolbox]: Metric Scores: Initial: 0.828833, IOU: 0.704625, Area: 0.827051, Num Con: 2, Reading: 0.202778, outcome score: 0.815667.
[lifelong_slam_toolbox_node-1] [INFO] [1787309664.854366464] [slam_toolbox]: Metric Scores: Initial: 0.846000, IOU: 0.727796, Area: 0.842689, Num Con: 2, Reading: 0.216667, outcome score: 0.832000.
[lifelong_slam_toolbox_node-1] [INFO] [1787309664.854382264] [slam_toolbox]: Metric Scores: Initial: 0.838000, IOU: 0.715195, Area: 0.834238, Num Con: 2, Reading: 0.208333, outcome score: 0.824500.
[lifelong_slam_toolbox_node-1] 
[lifelong_slam_toolbox_node-1] Solver Summary (v 2.2.0-eigen-(3.4.0)-lapack-suitesparse-(7.6.1)-eigensparse)
[lifelong_slam_toolbox_node-1] 
[lifelong_slam_toolbox_node-1]                                      Original                  Reduced
[lifelong_slam_toolbox_node-1] Parameter blocks                          138                      108
[lifelong_slam_toolbox_node-1] Parameters                                138                      108
[lifelong_slam_toolbox_node-1] Residual blocks                            38                       38
[lifelong_slam_toolbox_node-1] Residuals                                 114                      114
[lifelong_slam_toolbox_node-1] 
[lifelong_slam_toolbox_node-1] Minimizer                        TRUST_REGION
[lifelong_slam_toolbox_node-1] Trust region strategy     LEVENBERG_MARQUARDT
[lifelong_slam_toolbox_node-1] Sparse linear algebra library    SUITE_SPARSE 
[lifelong_slam_toolbox_node-1] 
[lifelong_slam_toolbox_node-1]                                         Given                     Used
[lifelong_slam_toolbox_node-1] Linear solver          SPARSE_NORMAL_CHOLESKY   SPARSE_NORMAL_CHOLESKY
[lifelong_slam_toolbox_node-1] Threads                                    50                        8
[lifelong_slam_toolbox_node-1] Linear solver ordering              AUTOMATIC                      108
[lifelong_slam_toolbox_node-1] 
[lifelong_slam_toolbox_node-1] Cost:
[lifelong_slam_toolbox_node-1] Initial                          5.215868e-01
[lifelong_slam_toolbox_node-1] Final                            4.394566e-02
[lifelong_slam_toolbox_node-1] Change                           4.776411e-01
[lifelong_slam_toolbox_node-1] 
[lifelong_slam_toolbox_node-1] Minimizer iterations                        2
[lifelong_slam_toolbox_node-1] Successful steps                            2
[lifelong_slam_toolbox_node-1] Unsuccessful steps                          0
[lifelong_slam_toolbox_node-1] 
[lifelong_slam_toolbox_node-1] Time (in seconds):
[lifelong_slam_toolbox_node-1] Preprocessor                         0.000217
[lifelong_slam_toolbox_node-1] 
[lifelong_slam_toolbox_node-1]   Residual only evaluation           0.000039 (2)
[lifelong_slam_toolbox_node-1]   Jacobian & residual evaluation     0.000140 (2)
[lifelong_slam_toolbox_node-1]   Linear solver                      0.000220 (2)
[lifelong_slam_toolbox_node-1] Minimizer                            0.000504
[lifelong_slam_toolbox_node-1] 
[lifelong_slam_toolbox_node-1] Postprocessor                        0.000008
[lifelong_slam_toolbox_node-1] Total                                0.000729
[lifelong_slam_toolbox_node-1] 
[lifelong_slam_toolbox_node-1] Termination:                      CONVERGENCE (Parameter tolerance reached. Relative step_norm: 4.319166e-05 <= 1.000000e-03.)
[lifelong_slam_toolbox_node-1] 
[lifelong_slam_toolbox_node-1] [INFO] [1787309665.639725112] [slam_toolbox]: Metric Scores: Initial: 0.848804, IOU: 0.848255, Area: 0.917298, Num Con: 2, Reading: 0.480556, outcome score: 0.818971.
[lifelong_slam_toolbox_node-1] [INFO] [1787309665.639785412] [slam_toolbox]: Metric Scores: Initial: 0.764167, IOU: 0.691493, Area: 0.817948, Num Con: 2, Reading: 0.177778, outcome score: 0.752500.
[lifelong_slam_toolbox_node-1] [INFO] [1787309665.639796612] [slam_toolbox]: Metric Scores: Initial: 0.991191, IOU: 0.817255, Area: 0.899422, Num Con: 3, Reading: 0.455556, outcome score: 0.989951.
[lifelong_slam_toolbox_node-1] [INFO] [1787309665.639809312] [slam_toolbox]: Metric Scores: Initial: 0.785833, IOU: 0.692584, Area: 0.818742, Num Con: 2, Reading: 0.180556, outcome score: 0.774000.
[lifelong_slam_toolbox_node-1] [INFO] [1787309665.639820613] [slam_toolbox]: Metric Scores: Initial: 0.990479, IOU: 0.793340, Area: 0.884822, Num Con: 3, Reading: 0.233333, outcome score: 0.989346.
[lifelong_slam_toolbox_node-1] [INFO] [1787309665.639830113] [slam_toolbox]: Metric Scores: Initial: 1.000000, IOU: 0.890524, Area: 0.941343, Num Con: 2, Reading: 0.683333, outcome score: -1.000000.
[lifelong_slam_toolbox_node-1] [INFO] [1787309665.639840113] [slam_toolbox]: Metric Scores: Initial: 0.805333, IOU: 0.695277, Area: 0.820660, Num Con: 2, Reading: 0.186111, outcome score: 0.793167.
[lifelong_slam_toolbox_node-1] [INFO] [1787309665.639849413] [slam_toolbox]: Metric Scores: Initial: 0.989362, IOU: 0.769094, Area: 0.869598, Num Con: 3, Reading: 0.227778, outcome score: 0.988217.
[lifelong_slam_toolbox_node-1] [INFO] [1787309665.639859413] [slam_toolbox]: Metric Scores: Initial: 0.812500, IOU: 0.700841, Area: 0.824499, Num Con: 2, Reading: 0.191667, outcome score: 0.800000.
[lifelong_slam_toolbox_node-1] [INFO] [1787309665.639868613] [slam_toolbox]: Metric Scores: Initial: 0.988237, IOU: 0.749574, Area: 0.857044, Num Con: 3, Reading: 0.222222, outcome score: 0.987080.
[lifelong_slam_toolbox_node-1] [INFO] [1787309665.639877213] [slam_toolbox]: Metric Scores: Initial: 0.815667, IOU: 0.708966, Area: 0.830038, Num Con: 2, Reading: 0.202778, outcome score: 0.802500.
[lifelong_slam_toolbox_node-1] [INFO] [1787309665.639885913] [slam_toolbox]: Metric Scores: Initial: 0.832000, IOU: 0.732271, Area: 0.845686, Num Con: 2, Reading: 0.216667, outcome score: 0.818000.
[lifelong_slam_toolbox_node-1] [INFO] [1787309665.639895313] [slam_toolbox]: Metric Scores: Initial: 0.824500, IOU: 0.719598, Area: 0.837230, Num Con: 2, Reading: 0.208333, outcome score: 0.811000.
[lifelong_slam_toolbox_node-1] [INFO] [1787309666.439810740] [slam_toolbox]: Metric Scores: Initial: 0.818971, IOU: 0.855316, Area: 0.921414, Num Con: 2, Reading: 0.480556, outcome score: -1.000000.
[lifelong_slam_toolbox_node-1] [INFO] [1787309666.439868240] [slam_toolbox]: Metric Scores: Initial: 0.752500, IOU: 0.697286, Area: 0.821986, Num Con: 2, Reading: 0.177778, outcome score: 0.740833.
[lifelong_slam_toolbox_node-1] [INFO] [1787309666.439880640] [slam_toolbox]: Metric Scores: Initial: 0.989951, IOU: 0.824052, Area: 0.903524, Num Con: 3, Reading: 0.455556, outcome score: 0.988676.
[lifelong_slam_toolbox_node-1] [INFO] [1787309666.439889640] [slam_toolbox]: Metric Scores: Initial: 0.774000, IOU: 0.698356, Area: 0.822759, Num Con: 2, Reading: 0.180556, outcome score: 0.762167.
[lifelong_slam_toolbox_node-1] [INFO] [1787309666.439899340] [slam_toolbox]: Metric Scores: Initial: 0.989346, IOU: 0.799933, Area: 0.888908, Num Con: 3, Reading: 0.233333, outcome score: 0.988197.
[lifelong_slam_toolbox_node-1] [INFO] [1787309666.439911640] [slam_toolbox]: Metric Scores: Initial: 0.793167, IOU: 0.701059, Area: 0.824672, Num Con: 2, Reading: 0.186111, outcome score: 0.781000.
[lifelong_slam_toolbox_node-1] [INFO] [1787309666.439920040] [slam_toolbox]: Metric Scores: Initial: 0.988217, IOU: 0.775475, Area: 0.873662, Num Con: 3, Reading: 0.227778, outcome score: 0.987056.
[lifelong_slam_toolbox_node-1] [INFO] [1787309666.439929040] [slam_toolbox]: Metric Scores: Initial: 0.800000, IOU: 0.706661, Area: 0.828512, Num Con: 2, Reading: 0.191667, outcome score: 0.787500.
[lifelong_slam_toolbox_node-1] [INFO] [1787309666.439938240] [slam_toolbox]: Metric Scores: Initial: 0.987080, IOU: 0.755785, Area: 0.861090, Num Con: 3, Reading: 0.222222, outcome score: 0.985907.
[lifelong_slam_toolbox_node-1] [INFO] [1787309666.439947840] [slam_toolbox]: Metric Scores: Initial: 0.802500, IOU: 0.714839, Area: 0.834048, Num Con: 2, Reading: 0.202778, outcome score: 0.789333.
[lifelong_slam_toolbox_node-1] [INFO] [1787309666.439957741] [slam_toolbox]: Metric Scores: Initial: 0.818000, IOU: 0.738338, Area: 0.849717, Num Con: 2, Reading: 0.216667, outcome score: 0.804000.
[lifelong_slam_toolbox_node-1] [INFO] [1787309666.439967641] [slam_toolbox]: Metric Scores: Initial: 0.811000, IOU: 0.725560, Area: 0.841251, Num Con: 2, Reading: 0.208333, outcome score: 0.797500.
[lifelong_slam_toolbox_node-1] [INFO] [1787309667.240011168] [slam_toolbox]: Metric Scores: Initial: 1.000000, IOU: 0.881669, Area: 0.936369, Num Con: 2, Reading: 0.680556, outcome score: -1.000000.
[lifelong_slam_toolbox_node-1] [INFO] [1787309667.240061168] [slam_toolbox]: Metric Scores: Initial: 0.740833, IOU: 0.704356, Area: 0.826870, Num Con: 2, Reading: 0.177778, outcome score: 0.729167.
[lifelong_slam_toolbox_node-1] [INFO] [1787309667.240072568] [slam_toolbox]: Metric Scores: Initial: 0.988676, IOU: 0.832443, Area: 0.908538, Num Con: 2, Reading: 0.455556, outcome score: 0.960343.
[lifelong_slam_toolbox_node-1] [INFO] [1787309667.240082768] [slam_toolbox]: Metric Scores: Initial: 0.762167, IOU: 0.705413, Area: 0.827628, Num Con: 2, Reading: 0.180556, outcome score: 0.750333.
[lifelong_slam_toolbox_node-1] [INFO] [1787309667.240092268] [slam_toolbox]: Metric Scores: Initial: 0.988197, IOU: 0.808059, Area: 0.893896, Num Con: 3, Reading: 0.233333, outcome score: 0.987031.
[lifelong_slam_toolbox_node-1] [INFO] [1787309667.240101769] [slam_toolbox]: Metric Scores: Initial: 0.781000, IOU: 0.708135, Area: 0.829539, Num Con: 2, Reading: 0.186111, outcome score: 0.768833.
[lifelong_slam_toolbox_node-1] [INFO] [1787309667.240111069] [slam_toolbox]: Metric Scores: Initial: 0.987056, IOU: 0.783330, Area: 0.878617, Num Con: 3, Reading: 0.227778, outcome score: 0.985879.
[lifelong_slam_toolbox_node-1] [INFO] [1787309667.240121669] [slam_toolbox]: Metric Scores: Initial: 0.787500, IOU: 0.713790, Area: 0.833382, Num Con: 2, Reading: 0.191667, outcome score: 0.775000.
[lifelong_slam_toolbox_node-1] [INFO] [1787309667.240131169] [slam_toolbox]: Metric Scores: Initial: 0.985907, IOU: 0.763424, Area: 0.866019, Num Con: 3, Reading: 0.222222, outcome score: 0.984720.
[lifelong_slam_toolbox_node-1] [INFO] [1787309667.240140969] [slam_toolbox]: Metric Scores: Initial: 0.789333, IOU: 0.722041, Area: 0.838922, Num Con: 2, Reading: 0.202778, outcome score: 0.776167.
[lifelong_slam_toolbox_node-1] [INFO] [1787309667.240151069] [slam_toolbox]: Metric Scores: Initial: 0.804000, IOU: 0.745790, Area: 0.854623, Num Con: 2, Reading: 0.216667, outcome score: 0.790000.
[lifelong_slam_toolbox_node-1] [INFO] [1787309667.240160769] [slam_toolbox]: Metric Scores: Initial: 0.797500, IOU: 0.732877, Area: 0.846140, Num Con: 2, Reading: 0.208333, outcome score: 0.784000.
[lifelong_slam_toolbox_node-1] [INFO] [1787309668.039212291] [slam_toolbox]: Metric Scores: Initial: 1.000000, IOU: 0.882202, Area: 0.936677, Num Con: 2, Reading: 0.686111, outcome score: -1.000000.
[lifelong_slam_toolbox_node-1] [INFO] [1787309668.039268991] [slam_toolbox]: Metric Scores: Initial: 0.729167, IOU: 0.714134, Area: 0.833568, Num Con: 2, Reading: 0.177778, outcome score: 0.717500.
[lifelong_slam_toolbox_node-1] [INFO] [1787309668.039280791] [slam_toolbox]: Metric Scores: Initial: 0.960343, IOU: 0.844137, Area: 0.915460, Num Con: 2, Reading: 0.455556, outcome score: 0.932009.
[lifelong_slam_toolbox_node-1] [INFO] [1787309668.039292091] [slam_toolbox]: Metric Scores: Initial: 0.750333, IOU: 0.715184, Area: 0.834313, Num Con: 2, Reading: 0.180556, outcome score: 0.738500.
[lifelong_slam_toolbox_node-1] [INFO] [1787309668.039301891] [slam_toolbox]: Metric Scores: Initial: 0.987031, IOU: 0.819370, Area: 0.900775, Num Con: 3, Reading: 0.233333, outcome score: 0.985850.
[lifelong_slam_toolbox_node-1] [INFO] [1787309668.039312291] [slam_toolbox]: Metric Scores: Initial: 0.768833, IOU: 0.717937, Area: 0.836225, Num Con: 2, Reading: 0.186111, outcome score: 0.756667.
[lifelong_slam_toolbox_node-1] [INFO] [1787309668.039322192] [slam_toolbox]: Metric Scores: Initial: 0.985879, IOU: 0.794254, Area: 0.885448, Num Con: 3, Reading: 0.227778, outcome score: 0.984686.
[lifelong_slam_toolbox_node-1] [INFO] [1787309668.039334292] [slam_toolbox]: Metric Scores: Initial: 0.775000, IOU: 0.723670, Area: 0.840076, Num Con: 2, Reading: 0.191667, outcome score: 0.762500.
[lifelong_slam_toolbox_node-1] [INFO] [1787309668.039344892] [slam_toolbox]: Metric Scores: Initial: 0.984720, IOU: 0.774039, Area: 0.872808, Num Con: 3, Reading: 0.222222, outcome score: 0.983516.
[lifelong_slam_toolbox_node-1] [INFO] [1787309668.039354792] [slam_toolbox]: Metric Scores: Initial: 0.776167, IOU: 0.732033, Area: 0.845626, Num Con: 2, Reading: 0.202778, outcome score: 0.763000.
[lifelong_slam_toolbox_node-1] [INFO] [1787309668.039365592] [slam_toolbox]: Metric Scores: Initial: 0.790000, IOU: 0.756139, Area: 0.861378, Num Con: 2, Reading: 0.216667, outcome score: 0.776000.
[lifelong_slam_toolbox_node-1] [INFO] [1787309668.039374492] [slam_toolbox]: Metric Scores: Initial: 0.784000, IOU: 0.743031, Area: 0.852868, Num Con: 2, Reading: 0.208333, outcome score: 0.770500.
[lifelong_slam_toolbox_node-1] [INFO] [1787309668.844343346] [slam_toolbox]: Metric Scores: Initial: 0.717500, IOU: 0.724991, Area: 0.840911, Num Con: 2, Reading: 0.177778, outcome score: 0.705833.
[lifelong_slam_toolbox_node-1] [INFO] [1787309668.844468947] [slam_toolbox]: Metric Scores: Initial: 0.932009, IOU: 0.857160, Area: 0.923061, Num Con: 2, Reading: 0.455556, outcome score: -1.000000.
[lifelong_slam_toolbox_node-1] [INFO] [1787309668.844487747] [slam_toolbox]: Metric Scores: Initial: 0.738500, IOU: 0.726036, Area: 0.841645, Num Con: 2, Reading: 0.180556, outcome score: 0.726667.
[lifelong_slam_toolbox_node-1] [INFO] [1787309668.844503347] [slam_toolbox]: Metric Scores: Initial: 0.985850, IOU: 0.831962, Area: 0.908327, Num Con: 3, Reading: 0.233333, outcome score: 0.984652.
[lifelong_slam_toolbox_node-1] [INFO] [1787309668.844519047] [slam_toolbox]: Metric Scores: Initial: 0.756667, IOU: 0.728826, Area: 0.843557, Num Con: 2, Reading: 0.186111, outcome score: 0.744500.
[lifelong_slam_toolbox_node-1] [INFO] [1787309668.844533947] [slam_toolbox]: Metric Scores: Initial: 0.984686, IOU: 0.806409, Area: 0.892946, Num Con: 3, Reading: 0.227778, outcome score: 0.983476.
[lifelong_slam_toolbox_node-1] [INFO] [1787309668.844548047] [slam_toolbox]: Metric Scores: Initial: 0.762500, IOU: 0.734647, Area: 0.847419, Num Con: 2, Reading: 0.191667, outcome score: 0.750000.
[lifelong_slam_toolbox_node-1] [INFO] [1787309668.844563047] [slam_toolbox]: Metric Scores: Initial: 0.983516, IOU: 0.785847, Area: 0.880260, Num Con: 3, Reading: 0.222222, outcome score: 0.982296.
[lifelong_slam_toolbox_node-1] [INFO] [1787309668.844575547] [slam_toolbox]: Metric Scores: Initial: 0.763000, IOU: 0.743137, Area: 0.852981, Num Con: 2, Reading: 0.202778, outcome score: 0.749833.
[lifelong_slam_toolbox_node-1] [INFO] [1787309668.844589447] [slam_toolbox]: Metric Scores: Initial: 0.776000, IOU: 0.767645, Area: 0.868790, Num Con: 2, Reading: 0.216667, outcome score: 0.762000.
[lifelong_slam_toolbox_node-1] [INFO] [1787309668.844604747] [slam_toolbox]: Metric Scores: Initial: 0.770500, IOU: 0.754319, Area: 0.860250, Num Con: 2, Reading: 0.208333, outcome score: 0.757000.
[lifelong_slam_toolbox_node-1] [INFO] [1787309669.638982244] [slam_toolbox]: Metric Scores: Initial: 1.000000, IOU: 0.888203, Area: 0.940775, Num Con: 3, Reading: 0.683333, outcome score: 0.999000.
[lifelong_slam_toolbox_node-1] [INFO] [1787309669.639039044] [slam_toolbox]: Metric Scores: Initial: 0.705833, IOU: 0.736719, Area: 0.848747, Num Con: 2, Reading: 0.177778, outcome score: 0.694167.
[lifelong_slam_toolbox_node-1] [INFO] [1787309669.639050344] [slam_toolbox]: Metric Scores: Initial: 0.726667, IOU: 0.737765, Area: 0.849473, Num Con: 2, Reading: 0.180556, outcome score: 0.714833.
[lifelong_slam_toolbox_node-1] [INFO] [1787309669.639059744] [slam_toolbox]: Metric Scores: Initial: 0.744500, IOU: 0.740599, Area: 0.851389, Num Con: 2, Reading: 0.186111, outcome score: 0.732333.
[lifelong_slam_toolbox_node-1] [INFO] [1787309669.639069444] [slam_toolbox]: Metric Scores: Initial: 0.750000, IOU: 0.746520, Area: 0.855264, Num Con: 2, Reading: 0.191667, outcome score: 0.737500.
[lifelong_slam_toolbox_node-1] [INFO] [1787309669.639079045] [slam_toolbox]: Metric Scores: Initial: 0.749833, IOU: 0.755154, Area: 0.860843, Num Con: 2, Reading: 0.202778, outcome score: 0.736667.
[lifelong_slam_toolbox_node-1] [INFO] [1787309669.639089045] [slam_toolbox]: Metric Scores: Initial: 0.757000, IOU: 0.766537, Area: 0.868141, Num Con: 2, Reading: 0.208333, outcome score: 0.743500.
[lifelong_slam_toolbox_node-1] [INFO] [1787309669.639099345] [slam_toolbox]: Metric Scores: Initial: 0.762000, IOU: 0.780105, Area: 0.876715, Num Con: 2, Reading: 0.216667, outcome score: 0.748000.
[lifelong_slam_toolbox_node-1] [INFO] [1787309669.639109045] [slam_toolbox]: Metric Scores: Initial: 0.982296, IOU: 0.798640, Area: 0.888231, Num Con: 3, Reading: 0.222222, outcome score: 0.981060.
[lifelong_slam_toolbox_node-1] [INFO] [1787309669.639118845] [slam_toolbox]: Metric Scores: Initial: 0.983476, IOU: 0.819585, Area: 0.900967, Num Con: 3, Reading: 0.227778, outcome score: 0.982251.
[lifelong_slam_toolbox_node-1] [INFO] [1787309669.639129345] [slam_toolbox]: Metric Scores: Initial: 0.984652, IOU: 0.845619, Area: 0.916410, Num Con: 2, Reading: 0.233333, outcome score: 0.969652.
[lifelong_slam_toolbox_node-1] [INFO] [1787309670.438462068] [slam_toolbox]: Metric Scores: Initial: 0.779000, IOU: 0.979013, Area: 0.989692, Num Con: 2, Reading: 0.680556, outcome score: -1.000000.
[lifelong_slam_toolbox_node-1] [INFO] [1787309670.438539369] [slam_toolbox]: Metric Scores: Initial: 1.000000, IOU: 0.899381, Area: 0.947031, Num Con: 2, Reading: 0.688889, outcome score: -1.000000.
[lifelong_slam_toolbox_node-1] [INFO] [1787309670.438551369] [slam_toolbox]: Metric Scores: Initial: 0.999000, IOU: 0.884721, Area: 0.938825, Num Con: 3, Reading: 0.683333, outcome score: 0.997959.
[lifelong_slam_toolbox_node-1] [INFO] [1787309670.438565769] [slam_toolbox]: Metric Scores: Initial: 0.694167, IOU: 0.752189, Area: 0.858925, Num Con: 2, Reading: 0.177778, outcome score: 0.682500.
[lifelong_slam_toolbox_node-1] [INFO] [1787309670.438576069] [slam_toolbox]: Metric Scores: Initial: 0.714833, IOU: 0.753252, Area: 0.859650, Num Con: 2, Reading: 0.180556, outcome score: 0.703000.
[lifelong_slam_toolbox_node-1] [INFO] [1787309670.438586269] [slam_toolbox]: Metric Scores: Initial: 0.732333, IOU: 0.756151, Area: 0.861576, Num Con: 2, Reading: 0.186111, outcome score: 0.720167.
[lifelong_slam_toolbox_node-1] [INFO] [1787309670.438594869] [slam_toolbox]: Metric Scores: Initial: 0.737500, IOU: 0.762210, Area: 0.865471, Num Con: 2, Reading: 0.191667, outcome score: 0.725000.
[lifelong_slam_toolbox_node-1] [INFO] [1787309670.438605269] [slam_toolbox]: Metric Scores: Initial: 0.736667, IOU: 0.771046, Area: 0.871078, Num Con: 2, Reading: 0.202778, outcome score: 0.723500.
[lifelong_slam_toolbox_node-1] [INFO] [1787309670.438615169] [slam_toolbox]: Metric Scores: Initial: 0.743500, IOU: 0.782703, Area: 0.878417, Num Con: 2, Reading: 0.208333, outcome score: 0.730000.
[lifelong_slam_toolbox_node-1] [INFO] [1787309670.438624869] [slam_toolbox]: Metric Scores: Initial: 0.748000, IOU: 0.796599, Area: 0.887039, Num Con: 2, Reading: 0.216667, outcome score: 0.734000.
[lifelong_slam_toolbox_node-1] [INFO] [1787309670.438634869] [slam_toolbox]: Metric Scores: Initial: 0.981060, IOU: 0.815587, Area: 0.898619, Num Con: 3, Reading: 0.222222, outcome score: 0.979807.
[lifelong_slam_toolbox_node-1] [INFO] [1787309670.438645369] [slam_toolbox]: Metric Scores: Initial: 0.982251, IOU: 0.837052, Area: 0.911426, Num Con: 3, Reading: 0.227778, outcome score: 0.981008.
[lifelong_slam_toolbox_node-1] [INFO] [1787309670.438656469] [slam_toolbox]: Metric Scores: Initial: 0.969652, IOU: 0.863741, Area: 0.926954, Num Con: 2, Reading: 0.233333, outcome score: -1.000000.
[lifelong_slam_toolbox_node-1] W20260821 10:54:31.261950 647905 preprocessor.cc:67] Specified options.num_threads: 50 exceeds maximum available from the threading model Ceres was compiled with: 8.  Bounding to maximum number available.
[lifelong_slam_toolbox_node-1] [INFO] [1787309671.263159129] [slam_toolbox]: Metric Scores: Initial: 0.997959, IOU: 0.878733, Area: 0.935449, Num Con: 2, Reading: 0.686111, outcome score: -1.000000.
[lifelong_slam_toolbox_node-1] [INFO] [1787309671.263220029] [slam_toolbox]: Metric Scores: Initial: 0.682500, IOU: 0.769632, Area: 0.870763, Num Con: 2, Reading: 0.177778, outcome score: 0.670833.
[lifelong_slam_toolbox_node-1] [INFO] [1787309671.263232629] [slam_toolbox]: Metric Scores: Initial: 0.703000, IOU: 0.770774, Area: 0.871492, Num Con: 2, Reading: 0.180556, outcome score: 0.691167.
[lifelong_slam_toolbox_node-1] [INFO] [1787309671.263243730] [slam_toolbox]: Metric Scores: Initial: 0.720167, IOU: 0.773825, Area: 0.873433, Num Con: 2, Reading: 0.186111, outcome score: 0.708000.
[lifelong_slam_toolbox_node-1] [INFO] [1787309671.263254830] [slam_toolbox]: Metric Scores: Initial: 0.725000, IOU: 0.780103, Area: 0.877418, Num Con: 2, Reading: 0.191667, outcome score: 0.712500.
[lifelong_slam_toolbox_node-1] [INFO] [1787309671.263266330] [slam_toolbox]: Metric Scores: Initial: 0.723500, IOU: 0.789238, Area: 0.883164, Num Con: 2, Reading: 0.202778, outcome score: 0.710333.
[lifelong_slam_toolbox_node-1] [INFO] [1787309671.263277130] [slam_toolbox]: Metric Scores: Initial: 0.730000, IOU: 0.801272, Area: 0.890639, Num Con: 2, Reading: 0.208333, outcome score: 0.716500.
[lifelong_slam_toolbox_node-1] [INFO] [1787309671.263285630] [slam_toolbox]: Metric Scores: Initial: 0.734000, IOU: 0.815611, Area: 0.899418, Num Con: 2, Reading: 0.216667, outcome score: 0.720000.
[lifelong_slam_toolbox_node-1] [INFO] [1787309671.263294430] [slam_toolbox]: Metric Scores: Initial: 0.979807, IOU: 0.835203, Area: 0.911193, Num Con: 3, Reading: 0.222222, outcome score: 0.978538.
[lifelong_slam_toolbox_node-1] [INFO] [1787309671.263302930] [slam_toolbox]: Metric Scores: Initial: 0.981008, IOU: 0.857342, Area: 0.924200, Num Con: 2, Reading: 0.227778, outcome score: -1.000000.
[lifelong_slam_toolbox_node-1] [INFO] [1787309672.043656551] [slam_toolbox]: Metric Scores: Initial: 0.670833, IOU: 0.788450, Area: 0.882659, Num Con: 2, Reading: 0.430556, outcome score: 0.644000.
[lifelong_slam_toolbox_node-1] [INFO] [1787309672.043709351] [slam_toolbox]: Metric Scores: Initial: 0.691167, IOU: 0.789615, Area: 0.883387, Num Con: 2, Reading: 0.427778, outcome score: 0.664500.
[lifelong_slam_toolbox_node-1] [INFO] [1787309672.043761151] [slam_toolbox]: Metric Scores: Initial: 0.708000, IOU: 0.792748, Area: 0.885339, Num Con: 2, Reading: 0.427778, outcome score: 0.681333.
[lifelong_slam_toolbox_node-1] [INFO] [1787309672.043775851] [slam_toolbox]: Metric Scores: Initial: 0.712500, IOU: 0.799201, Area: 0.889348, Num Con: 2, Reading: 0.430556, outcome score: 0.685667.
[lifelong_slam_toolbox_node-1] [INFO] [1787309672.043789051] [slam_toolbox]: Metric Scores: Initial: 0.710333, IOU: 0.808591, Area: 0.895129, Num Con: 2, Reading: 0.433333, outcome score: 0.683333.
[lifelong_slam_toolbox_node-1] [INFO] [1787309672.043803251] [slam_toolbox]: Metric Scores: Initial: 0.716500, IOU: 0.820969, Area: 0.902653, Num Con: 2, Reading: 0.436111, outcome score: 0.689333.
[lifelong_slam_toolbox_node-1] [INFO] [1787309672.043813352] [slam_toolbox]: Metric Scores: Initial: 1.000000, IOU: 0.859977, Area: 0.924737, Num Con: 2, Reading: 0.425000, outcome score: -1.000000.
[lifelong_slam_toolbox_node-1] [INFO] [1787309672.043822852] [slam_toolbox]: Metric Scores: Initial: 0.720000, IOU: 0.835720, Area: 0.911488, Num Con: 2, Reading: 0.436111, outcome score: 0.692833.
[lifelong_slam_toolbox_node-1] [INFO] [1787309672.043831652] [slam_toolbox]: Metric Scores: Initial: 0.978538, IOU: 0.855880, Area: 0.923339, Num Con: 2, Reading: 0.436111, outcome score: -1.000000.
[lifelong_slam_toolbox_node-1] [INFO] [1787309672.838755551] [slam_toolbox]: Metric Scores: Initial: 0.644000, IOU: 0.809253, Area: 0.895547, Num Con: 2, Reading: 0.430556, outcome score: 0.617167.
[lifelong_slam_toolbox_node-1] [INFO] [1787309672.838820252] [slam_toolbox]: Metric Scores: Initial: 0.664500, IOU: 0.810450, Area: 0.896278, Num Con: 2, Reading: 0.430556, outcome score: 0.637667.
[lifelong_slam_toolbox_node-1] [INFO] [1787309672.838834952] [slam_toolbox]: Metric Scores: Initial: 0.681333, IOU: 0.813679, Area: 0.898244, Num Con: 2, Reading: 0.430556, outcome score: 0.654500.
[lifelong_slam_toolbox_node-1] [INFO] [1787309672.838846952] [slam_toolbox]: Metric Scores: Initial: 0.685667, IOU: 0.820330, Area: 0.902281, Num Con: 2, Reading: 0.430556, outcome score: 0.658833.
[lifelong_slam_toolbox_node-1] [INFO] [1787309672.838860852] [slam_toolbox]: Metric Scores: Initial: 0.683333, IOU: 0.830010, Area: 0.908102, Num Con: 2, Reading: 0.436111, outcome score: 0.656167.
[lifelong_slam_toolbox_node-1] [INFO] [1787309672.838870952] [slam_toolbox]: Metric Scores: Initial: 0.689333, IOU: 0.842774, Area: 0.915680, Num Con: 2, Reading: 0.436111, outcome score: 0.662167.
[lifelong_slam_toolbox_node-1] [INFO] [1787309673.639246481] [slam_toolbox]: Metric Scores: Initial: 0.617167, IOU: 0.831237, Area: 0.908822, Num Con: 2, Reading: 0.433333, outcome score: 0.590167.
[lifelong_slam_toolbox_node-1] [INFO] [1787309673.639304381] [slam_toolbox]: Metric Scores: Initial: 0.637667, IOU: 0.832454, Area: 0.909548, Num Con: 2, Reading: 0.430556, outcome score: 0.610833.
[lifelong_slam_toolbox_node-1] [INFO] [1787309673.639318481] [slam_toolbox]: Metric Scores: Initial: 0.654500, IOU: 0.835778, Area: 0.911523, Num Con: 2, Reading: 0.430556, outcome score: 0.627667.
[lifelong_slam_toolbox_node-1] [INFO] [1787309673.639357982] [slam_toolbox]: Metric Scores: Initial: 0.658833, IOU: 0.842636, Area: 0.915585, Num Con: 2, Reading: 0.433333, outcome score: 0.631833.
[lifelong_slam_toolbox_node-1] [INFO] [1787309673.639373582] [slam_toolbox]: Metric Scores: Initial: 1.000000, IOU: 0.825439, Area: 0.904396, Num Con: 2, Reading: 0.430556, outcome score: 0.973167.
[lifelong_slam_toolbox_node-1] [INFO] [1787309673.639386182] [slam_toolbox]: Metric Scores: Initial: 0.656167, IOU: 0.852615, Area: 0.921442, Num Con: 2, Reading: 0.436111, outcome score: -1.000000.
[lifelong_slam_toolbox_node-1] [INFO] [1787309673.639424082] [slam_toolbox]: Metric Scores: Initial: 0.662167, IOU: 0.865788, Area: 0.929071, Num Con: 2, Reading: 0.436111, outcome score: -1.000000.
[lifelong_slam_toolbox_node-1] [INFO] [1787309674.439162008] [slam_toolbox]: Metric Scores: Initial: 0.949333, IOU: 0.977071, Area: 0.988417, Num Con: 2, Reading: 0.608333, outcome score: -1.000000.
[lifelong_slam_toolbox_node-1] [INFO] [1787309674.439249308] [slam_toolbox]: Metric Scores: Initial: 0.590167, IOU: 0.853368, Area: 0.921888, Num Con: 2, Reading: 0.433333, outcome score: -1.000000.
[lifelong_slam_toolbox_node-1] [INFO] [1787309674.439263608] [slam_toolbox]: Metric Scores: Initial: 0.610833, IOU: 0.854617, Area: 0.922615, Num Con: 2, Reading: 0.430556, outcome score: -1.000000.
[lifelong_slam_toolbox_node-1] [INFO] [1787309674.439275408] [slam_toolbox]: Metric Scores: Initial: 0.627667, IOU: 0.858043, Area: 0.924602, Num Con: 2, Reading: 0.433333, outcome score: -1.000000.
[lifelong_slam_toolbox_node-1] [INFO] [1787309674.439311208] [slam_toolbox]: Metric Scores: Initial: 1.000000, IOU: 0.811086, Area: 0.895719, Num Con: 2, Reading: 0.433333, outcome score: 0.973000.
[lifelong_slam_toolbox_node-1] [INFO] [1787309674.439322208] [slam_toolbox]: Metric Scores: Initial: 0.973167, IOU: 0.804111, Area: 0.891453, Num Con: 2, Reading: 0.427778, outcome score: 0.946500.
[lifelong_slam_toolbox_node-1] 
[lifelong_slam_toolbox_node-1] Solver Summary (v 2.2.0-eigen-(3.4.0)-lapack-suitesparse-(7.6.1)-eigensparse)
[lifelong_slam_toolbox_node-1] 
[lifelong_slam_toolbox_node-1]                                      Original                  Reduced
[lifelong_slam_toolbox_node-1] Parameter blocks                          120                       75
[lifelong_slam_toolbox_node-1] Parameters                                120                       75
[lifelong_slam_toolbox_node-1] Residual blocks                            25                       25
[lifelong_slam_toolbox_node-1] Residuals                                  75                       75
[lifelong_slam_toolbox_node-1] 
[lifelong_slam_toolbox_node-1] Minimizer                        TRUST_REGION
[lifelong_slam_toolbox_node-1] Trust region strategy     LEVENBERG_MARQUARDT
[lifelong_slam_toolbox_node-1] Sparse linear algebra library    SUITE_SPARSE 
[lifelong_slam_toolbox_node-1] 
[lifelong_slam_toolbox_node-1]                                         Given                     Used
[lifelong_slam_toolbox_node-1] Linear solver          SPARSE_NORMAL_CHOLESKY   SPARSE_NORMAL_CHOLESKY
[lifelong_slam_toolbox_node-1] Threads                                    50                        8
[lifelong_slam_toolbox_node-1] Linear solver ordering              AUTOMATIC                       75
[lifelong_slam_toolbox_node-1] 
[lifelong_slam_toolbox_node-1] Cost:
[lifelong_slam_toolbox_node-1] Initial                          6.491737e-02
[lifelong_slam_toolbox_node-1] Final                            2.691792e-06
[lifelong_slam_toolbox_node-1] Change                           6.491468e-02
[lifelong_slam_toolbox_node-1] 
[lifelong_slam_toolbox_node-1] Minimizer iterations                        2
[lifelong_slam_toolbox_node-1] Successful steps                            2
[lifelong_slam_toolbox_node-1] Unsuccessful steps                          0
[lifelong_slam_toolbox_node-1] 
[lifelong_slam_toolbox_node-1] Time (in seconds):
[lifelong_slam_toolbox_node-1] Preprocessor                         0.000192
[lifelong_slam_toolbox_node-1] 
[lifelong_slam_toolbox_node-1]   Residual only evaluation           0.000023 (2)
[lifelong_slam_toolbox_node-1]   Jacobian & residual evaluation     0.000129 (2)
[lifelong_slam_toolbox_node-1]   Linear solver                      0.000229 (2)
[lifelong_slam_toolbox_node-1] Minimizer                            0.000523
[lifelong_slam_toolbox_node-1] 
[lifelong_slam_toolbox_node-1] Postprocessor                        0.000008
[lifelong_slam_toolbox_node-1] Total                                0.000723
[lifelong_slam_toolbox_node-1] 
[lifelong_slam_toolbox_node-1] Termination:                      CONVERGENCE (Parameter tolerance reached. Relative step_norm: 5.622185e-05 <= 1.000000e-03.)
[lifelong_slam_toolbox_node-1] 
[lifelong_slam_toolbox_node-1] [INFO] [1787309675.249165789] [slam_toolbox]: Metric Scores: Initial: 1.000000, IOU: 0.799438, Area: 0.888592, Num Con: 2, Reading: 0.436111, outcome score: 0.972833.
[lifelong_slam_toolbox_node-1] [INFO] [1787309675.249244789] [slam_toolbox]: Metric Scores: Initial: 0.973000, IOU: 0.791201, Area: 0.883464, Num Con: 2, Reading: 0.433333, outcome score: 0.946000.
[lifelong_slam_toolbox_node-1] [INFO] [1787309675.249260889] [slam_toolbox]: Metric Scores: Initial: 0.946500, IOU: 0.784426, Area: 0.879228, Num Con: 2, Reading: 0.427778, outcome score: 0.919833.
[lifelong_slam_toolbox_node-1] [INFO] [1787309676.038505458] [slam_toolbox]: Metric Scores: Initial: 1.000000, IOU: 0.792050, Area: 0.884009, Num Con: 2, Reading: 0.433333, outcome score: 0.973000.
[lifelong_slam_toolbox_node-1] [INFO] [1787309676.038558858] [slam_toolbox]: Metric Scores: Initial: 0.972833, IOU: 0.780558, Area: 0.876808, Num Con: 2, Reading: 0.436111, outcome score: 0.945667.
[lifelong_slam_toolbox_node-1] [INFO] [1787309676.038569958] [slam_toolbox]: Metric Scores: Initial: 0.946000, IOU: 0.772535, Area: 0.871708, Num Con: 2, Reading: 0.430556, outcome score: 0.919167.
[lifelong_slam_toolbox_node-1] [INFO] [1787309676.038579858] [slam_toolbox]: Metric Scores: Initial: 0.919833, IOU: 0.765931, Area: 0.867492, Num Con: 2, Reading: 0.427778, outcome score: 0.893167.
[lifelong_slam_toolbox_node-1] [INFO] [1787309676.839501090] [slam_toolbox]: Metric Scores: Initial: 1.000000, IOU: 0.997818, Area: 1.000000, Num Con: 2, Reading: 0.616667, outcome score: -1.000000.
[lifelong_slam_toolbox_node-1] [INFO] [1787309676.839604091] [slam_toolbox]: Metric Scores: Initial: 1.000000, IOU: 0.787031, Area: 0.880871, Num Con: 2, Reading: 0.188889, outcome score: 0.987667.
[lifelong_slam_toolbox_node-1] [INFO] [1787309676.839615491] [slam_toolbox]: Metric Scores: Initial: 0.973000, IOU: 0.774592, Area: 0.873023, Num Con: 2, Reading: 0.180556, outcome score: 0.961167.
[lifelong_slam_toolbox_node-1] [INFO] [1787309676.839623991] [slam_toolbox]: Metric Scores: Initial: 0.945667, IOU: 0.763384, Area: 0.865863, Num Con: 2, Reading: 0.180556, outcome score: 0.933833.
[lifelong_slam_toolbox_node-1] [INFO] [1787309676.839632891] [slam_toolbox]: Metric Scores: Initial: 0.919167, IOU: 0.755556, Area: 0.860790, Num Con: 2, Reading: 0.175000, outcome score: 0.907667.
[lifelong_slam_toolbox_node-1] [INFO] [1787309676.839642991] [slam_toolbox]: Metric Scores: Initial: 0.893167, IOU: 0.749109, Area: 0.856594, Num Con: 2, Reading: 0.169444, outcome score: 0.882000.
[lifelong_slam_toolbox_node-1] [INFO] [1787309677.637320106] [slam_toolbox]: Metric Scores: Initial: 1.000000, IOU: 0.785067, Area: 0.879641, Num Con: 2, Reading: 0.200000, outcome score: 0.987000.
[lifelong_slam_toolbox_node-1] [INFO] [1787309677.637374206] [slam_toolbox]: Metric Scores: Initial: 0.987667, IOU: 0.771953, Area: 0.871354, Num Con: 2, Reading: 0.188889, outcome score: 0.975333.
[lifelong_slam_toolbox_node-1] [INFO] [1787309677.637385206] [slam_toolbox]: Metric Scores: Initial: 0.961167, IOU: 0.759793, Area: 0.863552, Num Con: 2, Reading: 0.180556, outcome score: 0.949333.
[lifelong_slam_toolbox_node-1] [INFO] [1787309677.637396306] [slam_toolbox]: Metric Scores: Initial: 0.933833, IOU: 0.748836, Area: 0.856435, Num Con: 2, Reading: 0.180556, outcome score: 0.922000.
[lifelong_slam_toolbox_node-1] [INFO] [1787309677.637406606] [slam_toolbox]: Metric Scores: Initial: 0.907667, IOU: 0.741185, Area: 0.851393, Num Con: 2, Reading: 0.175000, outcome score: 0.896167.
[lifelong_slam_toolbox_node-1] [INFO] [1787309677.637416606] [slam_toolbox]: Metric Scores: Initial: 0.882000, IOU: 0.734885, Area: 0.847225, Num Con: 2, Reading: 0.169444, outcome score: 0.870833.
[lifelong_slam_toolbox_node-1] [INFO] [1787309678.438303638] [slam_toolbox]: Metric Scores: Initial: 1.000000, IOU: 0.997796, Area: 1.000000, Num Con: 2, Reading: 0.633333, outcome score: -1.000000.
[lifelong_slam_toolbox_node-1] [INFO] [1787309678.438383238] [slam_toolbox]: Metric Scores: Initial: 1.000000, IOU: 0.788420, Area: 0.881731, Num Con: 2, Reading: 0.200000, outcome score: 0.987000.
[lifelong_slam_toolbox_node-1] [INFO] [1787309678.438395738] [slam_toolbox]: Metric Scores: Initial: 0.987000, IOU: 0.772076, Area: 0.871429, Num Con: 2, Reading: 0.200000, outcome score: 0.974000.
[lifelong_slam_toolbox_node-1] [INFO] [1787309678.438405038] [slam_toolbox]: Metric Scores: Initial: 0.975333, IOU: 0.759208, Area: 0.863179, Num Con: 2, Reading: 0.188889, outcome score: 0.963000.
[lifelong_slam_toolbox_node-1] [INFO] [1787309678.438414038] [slam_toolbox]: Metric Scores: Initial: 0.949333, IOU: 0.747274, Area: 0.855410, Num Con: 2, Reading: 0.180556, outcome score: 0.937500.
[lifelong_slam_toolbox_node-1] [INFO] [1787309678.438423238] [slam_toolbox]: Metric Scores: Initial: 0.922000, IOU: 0.736518, Area: 0.848323, Num Con: 2, Reading: 0.180556, outcome score: 0.910167.
[lifelong_slam_toolbox_node-1] [INFO] [1787309678.438474339] [slam_toolbox]: Metric Scores: Initial: 0.896167, IOU: 0.729004, Area: 0.843302, Num Con: 2, Reading: 0.175000, outcome score: 0.884667.
[lifelong_slam_toolbox_node-1] [INFO] [1787309678.438486139] [slam_toolbox]: Metric Scores: Initial: 0.870833, IOU: 0.722814, Area: 0.839149, Num Con: 2, Reading: 0.169444, outcome score: 0.859667.
[lifelong_slam_toolbox_node-1] [INFO] [1787309679.237440060] [slam_toolbox]: Metric Scores: Initial: 1.000000, IOU: 0.795005, Area: 0.885820, Num Con: 3, Reading: 0.205556, outcome score: 0.999000.
[lifelong_slam_toolbox_node-1] [INFO] [1787309679.237489060] [slam_toolbox]: Metric Scores: Initial: 0.987000, IOU: 0.777300, Area: 0.874738, Num Con: 2, Reading: 0.200000, outcome score: 0.974000.
[lifelong_slam_toolbox_node-1] [INFO] [1787309679.237502660] [slam_toolbox]: Metric Scores: Initial: 0.974000, IOU: 0.761226, Area: 0.864480, Num Con: 2, Reading: 0.200000, outcome score: 0.961000.
[lifelong_slam_toolbox_node-1] [INFO] [1787309679.237512460] [slam_toolbox]: Metric Scores: Initial: 0.963000, IOU: 0.748573, Area: 0.856268, Num Con: 2, Reading: 0.188889, outcome score: 0.950667.
[lifelong_slam_toolbox_node-1] [INFO] [1787309679.237521261] [slam_toolbox]: Metric Scores: Initial: 0.937500, IOU: 0.736840, Area: 0.848538, Num Con: 2, Reading: 0.180556, outcome score: 0.925667.
[lifelong_slam_toolbox_node-1] [INFO] [1787309679.237530361] [slam_toolbox]: Metric Scores: Initial: 0.910167, IOU: 0.726265, Area: 0.841487, Num Con: 2, Reading: 0.180556, outcome score: 0.898333.
[lifelong_slam_toolbox_node-1] [INFO] [1787309679.237539461] [slam_toolbox]: Metric Scores: Initial: 0.884667, IOU: 0.718881, Area: 0.836495, Num Con: 2, Reading: 0.175000, outcome score: 0.873167.
[lifelong_slam_toolbox_node-1] [INFO] [1787309679.237547961] [slam_toolbox]: Metric Scores: Initial: 0.859667, IOU: 0.712803, Area: 0.832368, Num Con: 2, Reading: 0.169444, outcome score: 0.848500.
[lifelong_slam_toolbox_node-1] [INFO] [1787309680.040747705] [slam_toolbox]: Metric Scores: Initial: 1.000000, IOU: 0.997802, Area: 1.000000, Num Con: 2, Reading: 0.647222, outcome score: -1.000000.
[lifelong_slam_toolbox_node-1] [INFO] [1787309680.040824705] [slam_toolbox]: Metric Scores: Initial: 1.000000, IOU: 0.804362, Area: 0.891600, Num Con: 3, Reading: 0.383333, outcome score: 0.999000.
[lifelong_slam_toolbox_node-1] [INFO] [1787309680.040835205] [slam_toolbox]: Metric Scores: Initial: 0.999000, IOU: 0.785091, Area: 0.879624, Num Con: 3, Reading: 0.205556, outcome score: 0.997988.
[lifelong_slam_toolbox_node-1] [INFO] [1787309680.040855505] [slam_toolbox]: Metric Scores: Initial: 0.974000, IOU: 0.767647, Area: 0.868585, Num Con: 2, Reading: 0.200000, outcome score: 0.961000.
[lifelong_slam_toolbox_node-1] [INFO] [1787309680.040868806] [slam_toolbox]: Metric Scores: Initial: 0.961000, IOU: 0.751805, Area: 0.858365, Num Con: 2, Reading: 0.200000, outcome score: 0.948000.
[lifelong_slam_toolbox_node-1] [INFO] [1787309680.040878606] [slam_toolbox]: Metric Scores: Initial: 0.950667, IOU: 0.739336, Area: 0.850186, Num Con: 2, Reading: 0.188889, outcome score: 0.938333.
[lifelong_slam_toolbox_node-1] [INFO] [1787309680.040889906] [slam_toolbox]: Metric Scores: Initial: 0.925667, IOU: 0.727775, Area: 0.842489, Num Con: 2, Reading: 0.180556, outcome score: 0.913833.
[lifelong_slam_toolbox_node-1] [INFO] [1787309680.040900206] [slam_toolbox]: Metric Scores: Initial: 0.898333, IOU: 0.717355, Area: 0.835468, Num Con: 2, Reading: 0.180556, outcome score: 0.886500.
[lifelong_slam_toolbox_node-1] [INFO] [1787309680.040910106] [slam_toolbox]: Metric Scores: Initial: 0.873167, IOU: 0.710083, Area: 0.830500, Num Con: 2, Reading: 0.175000, outcome score: 0.861667.
[lifelong_slam_toolbox_node-1] [INFO] [1787309680.040920106] [slam_toolbox]: Metric Scores: Initial: 0.848500, IOU: 0.704098, Area: 0.826396, Num Con: 2, Reading: 0.169444, outcome score: 0.837333.
[lifelong_slam_toolbox_node-1] [INFO] [1787309680.839612226] [slam_toolbox]: Metric Scores: Initial: 1.000000, IOU: 0.818471, Area: 0.900192, Num Con: 3, Reading: 0.394444, outcome score: 0.999000.
[lifelong_slam_toolbox_node-1] [INFO] [1787309680.839670026] [slam_toolbox]: Metric Scores: Initial: 0.999000, IOU: 0.797396, Area: 0.887312, Num Con: 3, Reading: 0.383333, outcome score: 0.997977.
[lifelong_slam_toolbox_node-1] [INFO] [1787309680.839680626] [slam_toolbox]: Metric Scores: Initial: 0.997988, IOU: 0.778323, Area: 0.875369, Num Con: 3, Reading: 0.205556, outcome score: 0.996963.
[lifelong_slam_toolbox_node-1] [INFO] [1787309680.839690126] [slam_toolbox]: Metric Scores: Initial: 0.961000, IOU: 0.761061, Area: 0.864362, Num Con: 2, Reading: 0.200000, outcome score: 0.948000.
[lifelong_slam_toolbox_node-1] [INFO] [1787309680.839702226] [slam_toolbox]: Metric Scores: Initial: 0.948000, IOU: 0.745379, Area: 0.854170, Num Con: 2, Reading: 0.200000, outcome score: 0.935000.
[lifelong_slam_toolbox_node-1] [INFO] [1787309680.839711926] [slam_toolbox]: Metric Scores: Initial: 0.938333, IOU: 0.733040, Area: 0.846016, Num Con: 2, Reading: 0.188889, outcome score: 0.926000.
[lifelong_slam_toolbox_node-1] [INFO] [1787309680.839722326] [slam_toolbox]: Metric Scores: Initial: 0.913833, IOU: 0.721601, Area: 0.838345, Num Con: 2, Reading: 0.180556, outcome score: 0.902000.
[lifelong_slam_toolbox_node-1] [INFO] [1787309680.839731226] [slam_toolbox]: Metric Scores: Initial: 0.886500, IOU: 0.711293, Area: 0.831350, Num Con: 2, Reading: 0.180556, outcome score: 0.874667.
[lifelong_slam_toolbox_node-1] [INFO] [1787309680.839743126] [slam_toolbox]: Metric Scores: Initial: 0.861667, IOU: 0.704102, Area: 0.826404, Num Con: 2, Reading: 0.175000, outcome score: 0.850167.
[lifelong_slam_toolbox_node-1] [INFO] [1787309680.839751926] [slam_toolbox]: Metric Scores: Initial: 0.837333, IOU: 0.698191, Area: 0.822321, Num Con: 2, Reading: 0.169444, outcome score: 0.826167.
[lifelong_slam_toolbox_node-1] [INFO] [1787309681.644680680] [slam_toolbox]: Metric Scores: Initial: 1.000000, IOU: 0.997790, Area: 1.000000, Num Con: 2, Reading: 0.652778, outcome score: -1.000000.
[lifelong_slam_toolbox_node-1] [INFO] [1787309681.644771980] [slam_toolbox]: Metric Scores: Initial: 1.000000, IOU: 0.835289, Area: 0.910274, Num Con: 2, Reading: 0.405556, outcome score: 0.974667.
[lifelong_slam_toolbox_node-1] [INFO] [1787309681.644787680] [slam_toolbox]: Metric Scores: Initial: 0.999000, IOU: 0.813166, Area: 0.896968, Num Con: 3, Reading: 0.394444, outcome score: 0.997976.
[lifelong_slam_toolbox_node-1] [INFO] [1787309681.644801981] [slam_toolbox]: Metric Scores: Initial: 0.997977, IOU: 0.792252, Area: 0.884112, Num Con: 3, Reading: 0.383333, outcome score: 0.996930.
[lifelong_slam_toolbox_node-1] [INFO] [1787309681.644815681] [slam_toolbox]: Metric Scores: Initial: 0.996963, IOU: 0.773327, Area: 0.872194, Num Con: 3, Reading: 0.205556, outcome score: 0.995925.
[lifelong_slam_toolbox_node-1] [INFO] [1787309681.644830781] [slam_toolbox]: Metric Scores: Initial: 0.948000, IOU: 0.756201, Area: 0.861212, Num Con: 2, Reading: 0.200000, outcome score: 0.935000.
[lifelong_slam_toolbox_node-1] [INFO] [1787309681.644849081] [slam_toolbox]: Metric Scores: Initial: 0.935000, IOU: 0.740638, Area: 0.851043, Num Con: 2, Reading: 0.200000, outcome score: 0.922000.
[lifelong_slam_toolbox_node-1] [INFO] [1787309681.644863881] [slam_toolbox]: Metric Scores: Initial: 0.926000, IOU: 0.728397, Area: 0.842910, Num Con: 2, Reading: 0.188889, outcome score: 0.913667.
[lifelong_slam_toolbox_node-1] [INFO] [1787309681.644877281] [slam_toolbox]: Metric Scores: Initial: 0.902000, IOU: 0.717051, Area: 0.835261, Num Con: 2, Reading: 0.180556, outcome score: 0.890167.
[lifelong_slam_toolbox_node-1] [INFO] [1787309681.644892781] [slam_toolbox]: Metric Scores: Initial: 0.874667, IOU: 0.706828, Area: 0.828287, Num Con: 2, Reading: 0.180556, outcome score: 0.862833.
[lifelong_slam_toolbox_node-1] [INFO] [1787309681.644906781] [slam_toolbox]: Metric Scores: Initial: 0.850167, IOU: 0.699702, Area: 0.823359, Num Con: 2, Reading: 0.175000, outcome score: 0.838667.
[lifelong_slam_toolbox_node-1] [INFO] [1787309681.644933181] [slam_toolbox]: Metric Scores: Initial: 0.826167, IOU: 0.693848, Area: 0.819296, Num Con: 2, Reading: 0.169444, outcome score: 0.815000.
[lifelong_slam_toolbox_node-1] [INFO] [1787309682.437961270] [slam_toolbox]: Metric Scores: Initial: 1.000000, IOU: 0.853896, Area: 0.921186, Num Con: 2, Reading: 0.411111, outcome score: -1.000000.
[lifelong_slam_toolbox_node-1] [INFO] [1787309682.438013371] [slam_toolbox]: Metric Scores: Initial: 0.974667, IOU: 0.831757, Area: 0.908157, Num Con: 2, Reading: 0.405556, outcome score: 0.949333.
[lifelong_slam_toolbox_node-1] [INFO] [1787309682.438025271] [slam_toolbox]: Metric Scores: Initial: 0.997976, IOU: 0.809760, Area: 0.894876, Num Con: 3, Reading: 0.394444, outcome score: 0.996928.
[lifelong_slam_toolbox_node-1] [INFO] [1787309682.438068371] [slam_toolbox]: Metric Scores: Initial: 0.996930, IOU: 0.788951, Area: 0.882037, Num Con: 3, Reading: 0.383333, outcome score: 0.995860.
[lifelong_slam_toolbox_node-1] [INFO] [1787309682.438079571] [slam_toolbox]: Metric Scores: Initial: 0.995925, IOU: 0.770124, Area: 0.870138, Num Con: 3, Reading: 0.205556, outcome score: 0.994875.
[lifelong_slam_toolbox_node-1] [INFO] [1787309682.438089671] [slam_toolbox]: Metric Scores: Initial: 0.935000, IOU: 0.753093, Area: 0.859179, Num Con: 2, Reading: 0.200000, outcome score: 0.922000.
[lifelong_slam_toolbox_node-1] [INFO] [1787309682.438101371] [slam_toolbox]: Metric Scores: Initial: 0.922000, IOU: 0.737610, Area: 0.849026, Num Con: 2, Reading: 0.200000, outcome score: 0.909000.
[lifelong_slam_toolbox_node-1] [INFO] [1787309682.438111071] [slam_toolbox]: Metric Scores: Initial: 0.913667, IOU: 0.725439, Area: 0.840912, Num Con: 2, Reading: 0.188889, outcome score: 0.901333.
[lifelong_slam_toolbox_node-1] [INFO] [1787309682.438120371] [slam_toolbox]: Metric Scores: Initial: 0.890167, IOU: 0.714163, Area: 0.833284, Num Con: 2, Reading: 0.180556, outcome score: 0.878333.
[lifelong_slam_toolbox_node-1] [INFO] [1787309682.438129871] [slam_toolbox]: Metric Scores: Initial: 0.862833, IOU: 0.704004, Area: 0.826331, Num Con: 2, Reading: 0.180556, outcome score: 0.851000.
[lifelong_slam_toolbox_node-1] [INFO] [1787309682.438139671] [slam_toolbox]: Metric Scores: Initial: 0.838667, IOU: 0.696931, Area: 0.821424, Num Con: 2, Reading: 0.175000, outcome score: 0.827167.
[lifelong_slam_toolbox_node-1] [INFO] [1787309682.438149371] [slam_toolbox]: Metric Scores: Initial: 0.815000, IOU: 0.691129, Area: 0.817383, Num Con: 2, Reading: 0.169444, outcome score: 0.803833.
[lifelong_slam_toolbox_node-1] W20260821 10:54:43.261925 647905 preprocessor.cc:67] Specified options.num_threads: 50 exceeds maximum available from the threading model Ceres was compiled with: 8.  Bounding to maximum number available.
[lifelong_slam_toolbox_node-1] [INFO] [1787309683.263061733] [slam_toolbox]: Metric Scores: Initial: 0.994875, IOU: 0.769405, Area: 0.869702, Num Con: 3, Reading: 0.205556, outcome score: 0.993812.
[lifelong_slam_toolbox_node-1] [INFO] [1787309683.263110533] [slam_toolbox]: Metric Scores: Initial: 0.922000, IOU: 0.752399, Area: 0.858747, Num Con: 2, Reading: 0.200000, outcome score: 0.909000.
[lifelong_slam_toolbox_node-1] [INFO] [1787309683.263119733] [slam_toolbox]: Metric Scores: Initial: 0.995860, IOU: 0.788663, Area: 0.881880, Num Con: 3, Reading: 0.383333, outcome score: 0.994765.
[lifelong_slam_toolbox_node-1] [INFO] [1787309683.263130333] [slam_toolbox]: Metric Scores: Initial: 0.909000, IOU: 0.736935, Area: 0.848596, Num Con: 2, Reading: 0.200000, outcome score: 0.896000.
[lifelong_slam_toolbox_node-1] [INFO] [1787309683.263138733] [slam_toolbox]: Metric Scores: Initial: 0.996928, IOU: 0.809460, Area: 0.894717, Num Con: 3, Reading: 0.394444, outcome score: 0.995856.
[lifelong_slam_toolbox_node-1] [INFO] [1787309683.263150033] [slam_toolbox]: Metric Scores: Initial: 0.901333, IOU: 0.724783, Area: 0.840488, Num Con: 2, Reading: 0.188889, outcome score: 0.889000.
[lifelong_slam_toolbox_node-1] [INFO] [1787309683.263160734] [slam_toolbox]: Metric Scores: Initial: 0.878333, IOU: 0.713529, Area: 0.832867, Num Con: 2, Reading: 0.180556, outcome score: 0.866500.
[lifelong_slam_toolbox_node-1] [INFO] [1787309683.263171034] [slam_toolbox]: Metric Scores: Initial: 0.851000, IOU: 0.703390, Area: 0.825921, Num Con: 2, Reading: 0.180556, outcome score: 0.839167.
[lifelong_slam_toolbox_node-1] [INFO] [1787309683.263181034] [slam_toolbox]: Metric Scores: Initial: 0.827167, IOU: 0.696335, Area: 0.821022, Num Con: 2, Reading: 0.175000, outcome score: 0.815667.
[lifelong_slam_toolbox_node-1] [INFO] [1787309683.263202834] [slam_toolbox]: Metric Scores: Initial: 1.000000, IOU: 0.874831, Area: 0.933257, Num Con: 2, Reading: 0.419444, outcome score: -1.000000.
[lifelong_slam_toolbox_node-1] [INFO] [1787309683.263213334] [slam_toolbox]: Metric Scores: Initial: 0.803833, IOU: 0.690553, Area: 0.816992, Num Con: 2, Reading: 0.169444, outcome score: 0.792667.
[lifelong_slam_toolbox_node-1] [INFO] [1787309684.038725728] [slam_toolbox]: Metric Scores: Initial: 0.993812, IOU: 0.770571, Area: 0.870414, Num Con: 3, Reading: 0.205556, outcome score: 0.992736.
[lifelong_slam_toolbox_node-1] [INFO] [1787309684.038780329] [slam_toolbox]: Metric Scores: Initial: 0.909000, IOU: 0.753550, Area: 0.859465, Num Con: 2, Reading: 0.200000, outcome score: 0.896000.
[lifelong_slam_toolbox_node-1] [INFO] [1787309684.038791429] [slam_toolbox]: Metric Scores: Initial: 0.994765, IOU: 0.789854, Area: 0.882592, Num Con: 3, Reading: 0.383333, outcome score: 0.993644.
[lifelong_slam_toolbox_node-1] [INFO] [1787309684.038804429] [slam_toolbox]: Metric Scores: Initial: 0.896000, IOU: 0.738068, Area: 0.849315, Num Con: 2, Reading: 0.200000, outcome score: 0.883000.
[lifelong_slam_toolbox_node-1] [INFO] [1787309684.038814329] [slam_toolbox]: Metric Scores: Initial: 0.995856, IOU: 0.810685, Area: 0.895432, Num Con: 3, Reading: 0.394444, outcome score: 0.994758.
[lifelong_slam_toolbox_node-1] [INFO] [1787309684.038861429] [slam_toolbox]: Metric Scores: Initial: 0.889000, IOU: 0.725910, Area: 0.841214, Num Con: 2, Reading: 0.188889, outcome score: 0.876667.
[lifelong_slam_toolbox_node-1] [INFO] [1787309684.038876329] [slam_toolbox]: Metric Scores: Initial: 0.866500, IOU: 0.714657, Area: 0.833604, Num Con: 2, Reading: 0.180556, outcome score: 0.854667.
[lifelong_slam_toolbox_node-1] [INFO] [1787309684.038888929] [slam_toolbox]: Metric Scores: Initial: 0.839167, IOU: 0.704522, Area: 0.826671, Num Con: 2, Reading: 0.180556, outcome score: 0.827333.
[lifelong_slam_toolbox_node-1] [INFO] [1787309684.038900029] [slam_toolbox]: Metric Scores: Initial: 0.815667, IOU: 0.697480, Area: 0.821787, Num Con: 2, Reading: 0.175000, outcome score: 0.804167.
[lifelong_slam_toolbox_node-1] [INFO] [1787309684.038909929] [slam_toolbox]: Metric Scores: Initial: 0.792667, IOU: 0.691718, Area: 0.817777, Num Con: 2, Reading: 0.169444, outcome score: 0.781500.
[lifelong_slam_toolbox_node-1] [INFO] [1787309684.851123422] [slam_toolbox]: Metric Scores: Initial: 0.992736, IOU: 0.773625, Area: 0.872347, Num Con: 3, Reading: 0.205556, outcome score: 0.991646.
[lifelong_slam_toolbox_node-1] [INFO] [1787309684.851205522] [slam_toolbox]: Metric Scores: Initial: 0.896000, IOU: 0.756534, Area: 0.861391, Num Con: 2, Reading: 0.200000, outcome score: 0.883000.
[lifelong_slam_toolbox_node-1] [INFO] [1787309684.851223123] [slam_toolbox]: Metric Scores: Initial: 0.993644, IOU: 0.792993, Area: 0.884537, Num Con: 3, Reading: 0.383333, outcome score: 0.992498.
[lifelong_slam_toolbox_node-1] [INFO] [1787309684.851243223] [slam_toolbox]: Metric Scores: Initial: 0.883000, IOU: 0.740985, Area: 0.851232, Num Con: 2, Reading: 0.200000, outcome score: 0.870000.
[lifelong_slam_toolbox_node-1] [INFO] [1787309684.851259023] [slam_toolbox]: Metric Scores: Initial: 0.994758, IOU: 0.813920, Area: 0.897389, Num Con: 3, Reading: 0.394444, outcome score: 0.993634.
[lifelong_slam_toolbox_node-1] [INFO] [1787309684.851278623] [slam_toolbox]: Metric Scores: Initial: 0.876667, IOU: 0.728781, Area: 0.843127, Num Con: 2, Reading: 0.188889, outcome score: 0.864333.
[lifelong_slam_toolbox_node-1] [INFO] [1787309684.851295323] [slam_toolbox]: Metric Scores: Initial: 0.854667, IOU: 0.717487, Area: 0.835515, Num Con: 2, Reading: 0.180556, outcome score: 0.842833.
[lifelong_slam_toolbox_node-1] [INFO] [1787309684.851309523] [slam_toolbox]: Metric Scores: Initial: 1.000000, IOU: 0.922150, Area: 0.959474, Num Con: 2, Reading: 0.616667, outcome score: -1.000000.
[lifelong_slam_toolbox_node-1] [INFO] [1787309684.851325123] [slam_toolbox]: Metric Scores: Initial: 0.827333, IOU: 0.707317, Area: 0.828580, Num Con: 2, Reading: 0.180556, outcome score: 0.815500.
[lifelong_slam_toolbox_node-1] [INFO] [1787309684.851339523] [slam_toolbox]: Metric Scores: Initial: 0.804167, IOU: 0.700256, Area: 0.823699, Num Con: 2, Reading: 0.175000, outcome score: 0.792667.
[lifelong_slam_toolbox_node-1] [INFO] [1787309684.851353823] [slam_toolbox]: Metric Scores: Initial: 0.781500, IOU: 0.694483, Area: 0.819695, Num Con: 2, Reading: 0.169444, outcome score: 0.770333.
[lifelong_slam_toolbox_node-1] 
[lifelong_slam_toolbox_node-1] Solver Summary (v 2.2.0-eigen-(3.4.0)-lapack-suitesparse-(7.6.1)-eigensparse)
[lifelong_slam_toolbox_node-1] 
[lifelong_slam_toolbox_node-1]                                      Original                  Reduced
[lifelong_slam_toolbox_node-1] Parameter blocks                          120                       81
[lifelong_slam_toolbox_node-1] Parameters                                120                       81
[lifelong_slam_toolbox_node-1] Residual blocks                            27                       27
[lifelong_slam_toolbox_node-1] Residuals                                  81                       81
[lifelong_slam_toolbox_node-1] 
[lifelong_slam_toolbox_node-1] Minimizer                        TRUST_REGION
[lifelong_slam_toolbox_node-1] Trust region strategy     LEVENBERG_MARQUARDT
[lifelong_slam_toolbox_node-1] Sparse linear algebra library    SUITE_SPARSE 
[lifelong_slam_toolbox_node-1] 
[lifelong_slam_toolbox_node-1]                                         Given                     Used
[lifelong_slam_toolbox_node-1] Linear solver          SPARSE_NORMAL_CHOLESKY   SPARSE_NORMAL_CHOLESKY
[lifelong_slam_toolbox_node-1] Threads                                    50                        8
[lifelong_slam_toolbox_node-1] Linear solver ordering              AUTOMATIC                       81
[lifelong_slam_toolbox_node-1] 
[lifelong_slam_toolbox_node-1] Cost:
[lifelong_slam_toolbox_node-1] Initial                          3.477618e-02
[lifelong_slam_toolbox_node-1] Final                            1.042392e-08
[lifelong_slam_toolbox_node-1] Change                           3.477617e-02
[lifelong_slam_toolbox_node-1] 
[lifelong_slam_toolbox_node-1] Minimizer iterations                        2
[lifelong_slam_toolbox_node-1] Successful steps                            2
[lifelong_slam_toolbox_node-1] Unsuccessful steps                          0
[lifelong_slam_toolbox_node-1] 
[lifelong_slam_toolbox_node-1] Time (in seconds):
[lifelong_slam_toolbox_node-1] Preprocessor                         0.000197
[lifelong_slam_toolbox_node-1] 
[lifelong_slam_toolbox_node-1]   Residual only evaluation           0.000048 (2)
[lifelong_slam_toolbox_node-1]   Jacobian & residual evaluation     0.000115 (2)
[lifelong_slam_toolbox_node-1]   Linear solver                      0.000186 (2)
[lifelong_slam_toolbox_node-1] Minimizer                            0.000486
[lifelong_slam_toolbox_node-1] 
[lifelong_slam_toolbox_node-1] Postprocessor                        0.000009
[lifelong_slam_toolbox_node-1] Total                                0.000692
[lifelong_slam_toolbox_node-1] 
[lifelong_slam_toolbox_node-1] Termination:                      CONVERGENCE (Parameter tolerance reached. Relative step_norm: 2.353090e-06 <= 1.000000e-03.)
[lifelong_slam_toolbox_node-1] 
[lifelong_slam_toolbox_node-1] [INFO] [1787309685.638313980] [slam_toolbox]: Metric Scores: Initial: 0.991646, IOU: 0.779909, Area: 0.876330, Num Con: 3, Reading: 0.205556, outcome score: 0.990543.
[lifelong_slam_toolbox_node-1] [INFO] [1787309685.638378180] [slam_toolbox]: Metric Scores: Initial: 0.883000, IOU: 0.762665, Area: 0.865353, Num Con: 2, Reading: 0.200000, outcome score: 0.870000.
[lifelong_slam_toolbox_node-1] [INFO] [1787309685.638389180] [slam_toolbox]: Metric Scores: Initial: 0.992498, IOU: 0.799457, Area: 0.888546, Num Con: 3, Reading: 0.383333, outcome score: 0.991326.
[lifelong_slam_toolbox_node-1] [INFO] [1787309685.638401780] [slam_toolbox]: Metric Scores: Initial: 0.870000, IOU: 0.746976, Area: 0.855174, Num Con: 2, Reading: 0.200000, outcome score: 0.857000.
[lifelong_slam_toolbox_node-1] [INFO] [1787309685.638411680] [slam_toolbox]: Metric Scores: Initial: 0.993634, IOU: 0.820583, Area: 0.901426, Num Con: 3, Reading: 0.394444, outcome score: 0.992483.
[lifelong_slam_toolbox_node-1] [INFO] [1787309685.638424680] [slam_toolbox]: Metric Scores: Initial: 0.864333, IOU: 0.734666, Area: 0.847054, Num Con: 2, Reading: 0.188889, outcome score: 0.852000.
[lifelong_slam_toolbox_node-1] [INFO] [1787309685.638434280] [slam_toolbox]: Metric Scores: Initial: 0.842833, IOU: 0.723278, Area: 0.839430, Num Con: 2, Reading: 0.180556, outcome score: 0.831000.
[lifelong_slam_toolbox_node-1] [INFO] [1787309685.638443880] [slam_toolbox]: Metric Scores: Initial: 0.815500, IOU: 0.713026, Area: 0.832486, Num Con: 2, Reading: 0.180556, outcome score: 0.803667.
[lifelong_slam_toolbox_node-1] [INFO] [1787309685.638453180] [slam_toolbox]: Metric Scores: Initial: 0.792667, IOU: 0.705911, Area: 0.827601, Num Con: 2, Reading: 0.175000, outcome score: 0.781167.
[lifelong_slam_toolbox_node-1] [INFO] [1787309685.638463480] [slam_toolbox]: Metric Scores: Initial: 0.770333, IOU: 0.700100, Area: 0.823596, Num Con: 2, Reading: 0.169444, outcome score: 0.759167.
[lifelong_slam_toolbox_node-1] [INFO] [1787309686.438800309] [slam_toolbox]: Metric Scores: Initial: 0.631833, IOU: 0.987689, Area: 0.994861, Num Con: 2, Reading: 0.652778, outcome score: -1.000000.
[lifelong_slam_toolbox_node-1] [INFO] [1787309686.438879909] [slam_toolbox]: Metric Scores: Initial: 0.990543, IOU: 0.789049, Area: 0.882063, Num Con: 3, Reading: 0.205556, outcome score: 0.989426.
[lifelong_slam_toolbox_node-1] [INFO] [1787309686.438892909] [slam_toolbox]: Metric Scores: Initial: 0.870000, IOU: 0.771584, Area: 0.871058, Num Con: 2, Reading: 0.200000, outcome score: 0.857000.
[lifelong_slam_toolbox_node-1] [INFO] [1787309686.438902909] [slam_toolbox]: Metric Scores: Initial: 0.991326, IOU: 0.808860, Area: 0.894315, Num Con: 3, Reading: 0.383333, outcome score: 0.990126.
[lifelong_slam_toolbox_node-1] [INFO] [1787309686.438916210] [slam_toolbox]: Metric Scores: Initial: 0.857000, IOU: 0.755691, Area: 0.860849, Num Con: 2, Reading: 0.200000, outcome score: 0.844000.
[lifelong_slam_toolbox_node-1] [INFO] [1787309686.438925410] [slam_toolbox]: Metric Scores: Initial: 0.992483, IOU: 0.830276, Area: 0.907236, Num Con: 3, Reading: 0.394444, outcome score: 0.991305.
[lifelong_slam_toolbox_node-1] [INFO] [1787309686.438934910] [slam_toolbox]: Metric Scores: Initial: 1.000000, IOU: 0.925883, Area: 0.961475, Num Con: 2, Reading: 0.633333, outcome score: -1.000000.
[lifelong_slam_toolbox_node-1] [INFO] [1787309686.438944410] [slam_toolbox]: Metric Scores: Initial: 0.852000, IOU: 0.743229, Area: 0.852709, Num Con: 2, Reading: 0.188889, outcome score: 0.839667.
[lifelong_slam_toolbox_node-1] [INFO] [1787309686.438954210] [slam_toolbox]: Metric Scores: Initial: 0.831000, IOU: 0.731705, Area: 0.845071, Num Con: 2, Reading: 0.180556, outcome score: 0.819167.
[lifelong_slam_toolbox_node-1] [INFO] [1787309686.438963510] [slam_toolbox]: Metric Scores: Initial: 0.803667, IOU: 0.721334, Area: 0.838114, Num Con: 2, Reading: 0.180556, outcome score: 0.791833.
[lifelong_slam_toolbox_node-1] [INFO] [1787309686.438973410] [slam_toolbox]: Metric Scores: Initial: 0.781167, IOU: 0.714145, Area: 0.833225, Num Con: 2, Reading: 0.175000, outcome score: 0.769667.
[lifelong_slam_toolbox_node-1] [INFO] [1787309686.438982510] [slam_toolbox]: Metric Scores: Initial: 0.759167, IOU: 0.708281, Area: 0.829222, Num Con: 2, Reading: 0.169444, outcome score: 0.748000.
[lifelong_slam_toolbox_node-1] [INFO] [1787309687.246354077] [slam_toolbox]: Metric Scores: Initial: 0.989426, IOU: 0.801078, Area: 0.889514, Num Con: 3, Reading: 0.205556, outcome score: 0.988296.
[lifelong_slam_toolbox_node-1] [INFO] [1787309687.246424177] [slam_toolbox]: Metric Scores: Initial: 0.857000, IOU: 0.783309, Area: 0.878465, Num Con: 2, Reading: 0.200000, outcome score: 0.844000.
[lifelong_slam_toolbox_node-1] [INFO] [1787309687.246442477] [slam_toolbox]: Metric Scores: Initial: 0.990126, IOU: 0.821242, Area: 0.901816, Num Con: 3, Reading: 0.383333, outcome score: 0.988899.
[lifelong_slam_toolbox_node-1] [INFO] [1787309687.246515477] [slam_toolbox]: Metric Scores: Initial: 0.844000, IOU: 0.767140, Area: 0.868214, Num Con: 2, Reading: 0.200000, outcome score: 0.831000.
[lifelong_slam_toolbox_node-1] [INFO] [1787309687.246535177] [slam_toolbox]: Metric Scores: Initial: 0.991305, IOU: 0.843044, Area: 0.914790, Num Con: 3, Reading: 0.394444, outcome score: 0.990099.
[lifelong_slam_toolbox_node-1] [INFO] [1787309687.246550278] [slam_toolbox]: Metric Scores: Initial: 0.839667, IOU: 0.754466, Area: 0.860043, Num Con: 2, Reading: 0.188889, outcome score: 0.827333.
[lifelong_slam_toolbox_node-1] [INFO] [1787309687.246564878] [slam_toolbox]: Metric Scores: Initial: 0.819167, IOU: 0.742751, Area: 0.852376, Num Con: 2, Reading: 0.180556, outcome score: 0.807333.
[lifelong_slam_toolbox_node-1] [INFO] [1787309687.246580378] [slam_toolbox]: Metric Scores: Initial: 0.791833, IOU: 0.732209, Area: 0.845394, Num Con: 2, Reading: 0.180556, outcome score: 0.780000.
[lifelong_slam_toolbox_node-1] [INFO] [1787309687.246596178] [slam_toolbox]: Metric Scores: Initial: 0.769667, IOU: 0.724905, Area: 0.840488, Num Con: 2, Reading: 0.175000, outcome score: 0.758167.
[lifelong_slam_toolbox_node-1] [INFO] [1787309687.246610078] [slam_toolbox]: Metric Scores: Initial: 0.748000, IOU: 0.718951, Area: 0.836475, Num Con: 2, Reading: 0.169444, outcome score: 0.736833.
[lifelong_slam_toolbox_node-1] [INFO] [1787309688.042592583] [slam_toolbox]: Metric Scores: Initial: 0.988296, IOU: 0.815414, Area: 0.898272, Num Con: 3, Reading: 0.205556, outcome score: 0.987152.
[lifelong_slam_toolbox_node-1] [INFO] [1787309688.042655083] [slam_toolbox]: Metric Scores: Initial: 1.000000, IOU: 0.927112, Area: 0.962112, Num Con: 2, Reading: 0.647222, outcome score: -1.000000.
[lifelong_slam_toolbox_node-1] [INFO] [1787309688.042672783] [slam_toolbox]: Metric Scores: Initial: 0.844000, IOU: 0.797281, Area: 0.887173, Num Con: 2, Reading: 0.200000, outcome score: 0.831000.
[lifelong_slam_toolbox_node-1] [INFO] [1787309688.042687983] [slam_toolbox]: Metric Scores: Initial: 0.988899, IOU: 0.836000, Area: 0.910633, Num Con: 3, Reading: 0.383333, outcome score: 0.987644.
[lifelong_slam_toolbox_node-1] [INFO] [1787309688.042704083] [slam_toolbox]: Metric Scores: Initial: 0.831000, IOU: 0.780781, Area: 0.876873, Num Con: 2, Reading: 0.200000, outcome score: 0.818000.
[lifelong_slam_toolbox_node-1] [INFO] [1787309688.042720084] [slam_toolbox]: Metric Scores: Initial: 0.990099, IOU: 0.858268, Area: 0.923668, Num Con: 3, Reading: 0.394444, outcome score: 0.988865.
[lifelong_slam_toolbox_node-1] [INFO] [1787309688.042734084] [slam_toolbox]: Metric Scores: Initial: 0.827333, IOU: 0.767855, Area: 0.868666, Num Con: 2, Reading: 0.188889, outcome score: 0.815000.
[lifelong_slam_toolbox_node-1] [INFO] [1787309688.042745184] [slam_toolbox]: Metric Scores: Initial: 0.807333, IOU: 0.755910, Area: 0.860966, Num Con: 2, Reading: 0.180556, outcome score: 0.795500.
[lifelong_slam_toolbox_node-1] [INFO] [1787309688.042756484] [slam_toolbox]: Metric Scores: Initial: 0.780000, IOU: 0.745164, Area: 0.853955, Num Con: 2, Reading: 0.180556, outcome score: 0.768167.
[lifelong_slam_toolbox_node-1] [INFO] [1787309688.042769984] [slam_toolbox]: Metric Scores: Initial: 0.758167, IOU: 0.737724, Area: 0.849032, Num Con: 2, Reading: 0.175000, outcome score: 0.746667.
[lifelong_slam_toolbox_node-1] [INFO] [1787309688.042783784] [slam_toolbox]: Metric Scores: Initial: 0.736833, IOU: 0.731665, Area: 0.845007, Num Con: 2, Reading: 0.169444, outcome score: 0.725667.
[lifelong_slam_toolbox_node-1] [INFO] [1787309688.837989385] [slam_toolbox]: Metric Scores: Initial: 0.987152, IOU: 0.834999, Area: 0.910041, Num Con: 3, Reading: 0.205556, outcome score: 0.985993.
[lifelong_slam_toolbox_node-1] [INFO] [1787309688.838040385] [slam_toolbox]: Metric Scores: Initial: 0.831000, IOU: 0.816363, Area: 0.898875, Num Con: 2, Reading: 0.200000, outcome score: 0.818000.
[lifelong_slam_toolbox_node-1] [INFO] [1787309688.838051785] [slam_toolbox]: Metric Scores: Initial: 0.987644, IOU: 0.856168, Area: 0.922480, Num Con: 3, Reading: 0.383333, outcome score: 0.986359.
[lifelong_slam_toolbox_node-1] [INFO] [1787309688.838061685] [slam_toolbox]: Metric Scores: Initial: 0.818000, IOU: 0.799408, Area: 0.888510, Num Con: 2, Reading: 0.200000, outcome score: 0.805000.
[lifelong_slam_toolbox_node-1] [INFO] [1787309688.838070985] [slam_toolbox]: Metric Scores: Initial: 0.988865, IOU: 0.879077, Area: 0.935599, Num Con: 3, Reading: 0.394444, outcome score: 0.987601.
[lifelong_slam_toolbox_node-1] [INFO] [1787309688.838080285] [slam_toolbox]: Metric Scores: Initial: 0.815000, IOU: 0.786133, Area: 0.880254, Num Con: 2, Reading: 0.188889, outcome score: 0.802667.
[lifelong_slam_toolbox_node-1] [INFO] [1787309688.838089685] [slam_toolbox]: Metric Scores: Initial: 0.795500, IOU: 0.773872, Area: 0.872511, Num Con: 2, Reading: 0.180556, outcome score: 0.783667.
[lifelong_slam_toolbox_node-1] [INFO] [1787309688.838139886] [slam_toolbox]: Metric Scores: Initial: 0.768167, IOU: 0.762846, Area: 0.865461, Num Con: 2, Reading: 0.180556, outcome score: 0.756333.
[lifelong_slam_toolbox_node-1] [INFO] [1787309688.838150786] [slam_toolbox]: Metric Scores: Initial: 0.746667, IOU: 0.755219, Area: 0.860515, Num Con: 2, Reading: 0.175000, outcome score: 0.735167.
[lifelong_slam_toolbox_node-1] [INFO] [1787309688.838160186] [slam_toolbox]: Metric Scores: Initial: 0.725667, IOU: 0.749015, Area: 0.856475, Num Con: 2, Reading: 0.169444, outcome score: 0.714500.
[lifelong_slam_toolbox_node-1] [INFO] [1787309689.637925411] [slam_toolbox]: Metric Scores: Initial: 1.000000, IOU: 0.897913, Area: 0.946160, Num Con: 2, Reading: 0.652778, outcome score: -1.000000.
[lifelong_slam_toolbox_node-1] [INFO] [1787309689.637982011] [slam_toolbox]: Metric Scores: Initial: 0.985993, IOU: 0.857139, Area: 0.923036, Num Con: 3, Reading: 0.205556, outcome score: 0.984820.
[lifelong_slam_toolbox_node-1] [INFO] [1787309689.637992911] [slam_toolbox]: Metric Scores: Initial: 0.818000, IOU: 0.837926, Area: 0.911796, Num Con: 2, Reading: 0.200000, outcome score: 0.805000.
[lifelong_slam_toolbox_node-1] [INFO] [1787309689.638003411] [slam_toolbox]: Metric Scores: Initial: 0.986359, IOU: 0.878977, Area: 0.935562, Num Con: 3, Reading: 0.383333, outcome score: 0.985046.
[lifelong_slam_toolbox_node-1] [INFO] [1787309689.638013211] [slam_toolbox]: Metric Scores: Initial: 0.805000, IOU: 0.820449, Area: 0.901359, Num Con: 2, Reading: 0.200000, outcome score: 0.792000.
[lifelong_slam_toolbox_node-1] [INFO] [1787309689.638022712] [slam_toolbox]: Metric Scores: Initial: 0.987601, IOU: 0.902622, Area: 0.948772, Num Con: 3, Reading: 0.394444, outcome score: 0.986308.
[lifelong_slam_toolbox_node-1] [INFO] [1787309689.638032312] [slam_toolbox]: Metric Scores: Initial: 0.802667, IOU: 0.806773, Area: 0.893048, Num Con: 2, Reading: 0.188889, outcome score: 0.790333.
[lifelong_slam_toolbox_node-1] [INFO] [1787309689.638042212] [slam_toolbox]: Metric Scores: Initial: 0.783667, IOU: 0.794149, Area: 0.885255, Num Con: 2, Reading: 0.180556, outcome score: 0.771833.
[lifelong_slam_toolbox_node-1] [INFO] [1787309689.638051912] [slam_toolbox]: Metric Scores: Initial: 0.756333, IOU: 0.782800, Area: 0.878161, Num Con: 2, Reading: 0.180556, outcome score: 0.744500.
[lifelong_slam_toolbox_node-1] [INFO] [1787309689.638062012] [slam_toolbox]: Metric Scores: Initial: 0.735167, IOU: 0.774957, Area: 0.873187, Num Con: 2, Reading: 0.175000, outcome score: 0.723667.
[lifelong_slam_toolbox_node-1] [INFO] [1787309689.638071312] [slam_toolbox]: Metric Scores: Initial: 0.714500, IOU: 0.768582, Area: 0.869129, Num Con: 2, Reading: 0.169444, outcome score: 0.703333.
[lifelong_slam_toolbox_node-1] [INFO] [1787309690.437958738] [slam_toolbox]: Metric Scores: Initial: 0.984820, IOU: 0.883554, Area: 0.938147, Num Con: 3, Reading: 0.205556, outcome score: 0.983633.
[lifelong_slam_toolbox_node-1] [INFO] [1787309690.438012138] [slam_toolbox]: Metric Scores: Initial: 0.805000, IOU: 0.863644, Area: 0.926820, Num Con: 2, Reading: 0.200000, outcome score: -1.000000.
[lifelong_slam_toolbox_node-1] [INFO] [1787309690.438023638] [slam_toolbox]: Metric Scores: Initial: 0.985046, IOU: 0.906203, Area: 0.950773, Num Con: 3, Reading: 0.383333, outcome score: 0.983702.
[lifelong_slam_toolbox_node-1] [INFO] [1787309690.438034638] [slam_toolbox]: Metric Scores: Initial: 0.792000, IOU: 0.845534, Area: 0.916300, Num Con: 2, Reading: 0.200000, outcome score: 0.779000.
[lifelong_slam_toolbox_node-1] [INFO] [1787309690.438044238] [slam_toolbox]: Metric Scores: Initial: 0.986308, IOU: 0.911736, Area: 0.953792, Num Con: 3, Reading: 0.394444, outcome score: 0.984984.
[lifelong_slam_toolbox_node-1] [INFO] [1787309690.438053838] [slam_toolbox]: Metric Scores: Initial: 0.790333, IOU: 0.831374, Area: 0.907926, Num Con: 2, Reading: 0.188889, outcome score: 0.778000.
[lifelong_slam_toolbox_node-1] [INFO] [1787309690.438064938] [slam_toolbox]: Metric Scores: Initial: 0.771833, IOU: 0.818310, Area: 0.900075, Num Con: 2, Reading: 0.180556, outcome score: 0.760000.
[lifelong_slam_toolbox_node-1] [INFO] [1787309690.438074838] [slam_toolbox]: Metric Scores: Initial: 0.744500, IOU: 0.806570, Area: 0.892930, Num Con: 2, Reading: 0.180556, outcome score: 0.732667.
[lifelong_slam_toolbox_node-1] [INFO] [1787309690.438084639] [slam_toolbox]: Metric Scores: Initial: 0.723667, IOU: 0.798464, Area: 0.887923, Num Con: 2, Reading: 0.175000, outcome score: 0.712167.
[lifelong_slam_toolbox_node-1] [INFO] [1787309690.438093839] [slam_toolbox]: Metric Scores: Initial: 0.703333, IOU: 0.791884, Area: 0.883842, Num Con: 2, Reading: 0.169444, outcome score: 0.692167.
