timestamp_utc,sample_index,label,pid,comm,cpu_percent,rss_kib,pss_kib,cmdline
2026-09-08T15:04:11Z,0,"slam15m_noise_n000_lifelong",191,"python3",0.1,69840,46606,"/usr/bin/python3 -c from ros2cli.daemon.daemonize import main; main() --name ros2-daemon --ros-domain-id 0 --rmw-implementation rmw_fastrtps_cpp"
2026-09-08T15:04:11Z,0,"slam15m_noise_n000_lifelong",57323,"python3",7.4,72596,49293,"python3 /oomwoo/contributions/compute-benchmark/OsakaTX/scripts/synthetic_scan_publisher.py --duration 505 --loop-s 40 --hz 5.0 --room-half 7.5 --noise 0.0"
2026-09-08T15:04:11Z,0,"slam15m_noise_n000_lifelong",57339,"ros2",5.6,73924,50939,"/usr/bin/python3 /opt/ros/jazzy/bin/ros2 launch /oomwoo/contributions/compute-benchmark/OsakaTX/scripts/lifelong_launch.py slam_params_file:=/oomwoo/contributions/compute-benchmark/OsakaTX/scripts/lifelong_slam_params.yaml use_sim_time:=False autostart:=true"
2026-09-08T15:04:11Z,0,"slam15m_noise_n000_lifelong",57356,"lifelong_slam_t",29.8,62232,47961,"/opt/ros/jazzy/lib/slam_toolbox/lifelong_slam_toolbox_node --ros-args -r __node:=slam_toolbox -r __ns:=/ --params-file /oomwoo/contributions/compute-benchmark/OsakaTX/scripts/lifelong_slam_params.yaml --params-file /tmp/launch_params_abv_ihd8"
2026-09-08T15:04:11Z,0,"slam15m_noise_n000_lifelong",57390,"bash",6.2,4408,1091,"bash /oomwoo/contributions/compute-benchmark/xbattlax/scripts/measure_ros_processes.sh --pattern python3|lifelong_slam_toolbox_node --duration 470 --interval 2 --label slam15m_noise_n000_lifelong --output /oomwoo/contributions/compute-benchmark/OsakaTX/scripts/../results/slam15m_noise_n000_lifelong_20260908T150401Z.csv"
2026-09-08T15:04:13Z,1,"slam15m_noise_n000_lifelong",191,"python3",0.1,69840,46605,"/usr/bin/python3 -c from ros2cli.daemon.daemonize import main; main() --name ros2-daemon --ros-domain-id 0 --rmw-implementation rmw_fastrtps_cpp"
2026-09-08T15:04:13Z,1,"slam15m_noise_n000_lifelong",57323,"python3",6.8,72596,49290,"python3 /oomwoo/contributions/compute-benchmark/OsakaTX/scripts/synthetic_scan_publisher.py --duration 505 --loop-s 40 --hz 5.0 --room-half 7.5 --noise 0.0"
2026-09-08T15:04:13Z,1,"slam15m_noise_n000_lifelong",57339,"ros2",4.5,73952,50966,"/usr/bin/python3 /opt/ros/jazzy/bin/ros2 launch /oomwoo/contributions/compute-benchmark/OsakaTX/scripts/lifelong_launch.py slam_params_file:=/oomwoo/contributions/compute-benchmark/OsakaTX/scripts/lifelong_slam_params.yaml use_sim_time:=False autostart:=true"
2026-09-08T15:04:13Z,1,"slam15m_noise_n000_lifelong",57356,"lifelong_slam_t",34.2,62476,48205,"/opt/ros/jazzy/lib/slam_toolbox/lifelong_slam_toolbox_node --ros-args -r __node:=slam_toolbox -r __ns:=/ --params-file /oomwoo/contributions/compute-benchmark/OsakaTX/scripts/lifelong_slam_params.yaml --params-file /tmp/launch_params_abv_ihd8"
2026-09-08T15:04:13Z,1,"slam15m_noise_n000_lifelong",57390,"bash",0.4,4420,1101,"bash /oomwoo/contributions/compute-benchmark/xbattlax/scripts/measure_ros_processes.sh --pattern python3|lifelong_slam_toolbox_node --duration 470 --interval 2 --label slam15m_noise_n000_lifelong --output /oomwoo/contributions/compute-benchmark/OsakaTX/scripts/../results/slam15m_noise_n000_lifelong_20260908T150401Z.csv"
2026-09-08T15:04:15Z,2,"slam15m_noise_n000_lifelong",191,"python3",0.1,69840,46605,"/usr/bin/python3 -c from ros2cli.daemon.daemonize import main; main() --name ros2-daemon --ros-domain-id 0 --rmw-implementation rmw_fastrtps_cpp"
2026-09-08T15:04:15Z,2,"slam15m_noise_n000_lifelong",57323,"python3",6.4,72596,49290,"python3 /oomwoo/contributions/compute-benchmark/OsakaTX/scripts/synthetic_scan_publisher.py --duration 505 --loop-s 40 --hz 5.0 --room-half 7.5 --noise 0.0"
2026-09-08T15:04:15Z,2,"slam15m_noise_n000_lifelong",57339,"ros2",3.8,73968,50982,"/usr/bin/python3 /opt/ros/jazzy/bin/ros2 launch /oomwoo/contributions/compute-benchmark/OsakaTX/scripts/lifelong_launch.py slam_params_file:=/oomwoo/contributions/compute-benchmark/OsakaTX/scripts/lifelong_slam_params.yaml use_sim_time:=False autostart:=true"
2026-09-08T15:04:15Z,2,"slam15m_noise_n000_lifelong",57356,"lifelong_slam_t",36.4,62572,48299,"/opt/ros/jazzy/lib/slam_toolbox/lifelong_slam_toolbox_node --ros-args -r __node:=slam_toolbox -r __ns:=/ --params-file /oomwoo/contributions/compute-benchmark/OsakaTX/scripts/lifelong_slam_params.yaml --params-file /tmp/launch_params_abv_ihd8"
2026-09-08T15:04:15Z,2,"slam15m_noise_n000_lifelong",57390,"bash",0.4,4420,1100,"bash /oomwoo/contributions/compute-benchmark/xbattlax/scripts/measure_ros_processes.sh --pattern python3|lifelong_slam_toolbox_node --duration 470 --interval 2 --label slam15m_noise_n000_lifelong --output /oomwoo/contributions/compute-benchmark/OsakaTX/scripts/../results/slam15m_noise_n000_lifelong_20260908T150401Z.csv"
2026-09-08T15:04:17Z,3,"slam15m_noise_n000_lifelong",191,"python3",0.1,69840,46605,"/usr/bin/python3 -c from ros2cli.daemon.daemonize import main; main() --name ros2-daemon --ros-domain-id 0 --rmw-implementation rmw_fastrtps_cpp"
2026-09-08T15:04:17Z,3,"slam15m_noise_n000_lifelong",57323,"python3",6.2,72596,49295,"python3 /oomwoo/contributions/compute-benchmark/OsakaTX/scripts/synthetic_scan_publisher.py --duration 505 --loop-s 40 --hz 5.0 --room-half 7.5 --noise 0.0"
2026-09-08T15:04:17Z,3,"slam15m_noise_n000_lifelong",57339,"ros2",3.3,73980,50995,"/usr/bin/python3 /opt/ros/jazzy/bin/ros2 launch /oomwoo/contributions/compute-benchmark/OsakaTX/scripts/lifelong_launch.py slam_params_file:=/oomwoo/contributions/compute-benchmark/OsakaTX/scripts/lifelong_slam_params.yaml use_sim_time:=False autostart:=true"
2026-09-08T15:04:17Z,3,"slam15m_noise_n000_lifelong",57356,"lifelong_slam_t",39.2,62688,48417,"/opt/ros/jazzy/lib/slam_toolbox/lifelong_slam_toolbox_node --ros-args -r __node:=slam_toolbox -r __ns:=/ --params-file /oomwoo/contributions/compute-benchmark/OsakaTX/scripts/lifelong_slam_params.yaml --params-file /tmp/launch_params_abv_ihd8"
2026-09-08T15:04:17Z,3,"slam15m_noise_n000_lifelong",57390,"bash",0.4,4424,1104,"bash /oomwoo/contributions/compute-benchmark/xbattlax/scripts/measure_ros_processes.sh --pattern python3|lifelong_slam_toolbox_node --duration 470 --interval 2 --label slam15m_noise_n000_lifelong --output /oomwoo/contributions/compute-benchmark/OsakaTX/scripts/../results/slam15m_noise_n000_lifelong_20260908T150401Z.csv"
2026-09-08T15:04:19Z,4,"slam15m_noise_n000_lifelong",191,"python3",0.1,69840,46605,"/usr/bin/python3 -c from ros2cli.daemon.daemonize import main; main() --name ros2-daemon --ros-domain-id 0 --rmw-implementation rmw_fastrtps_cpp"
2026-09-08T15:04:19Z,4,"slam15m_noise_n000_lifelong",57323,"python3",6.1,72596,49290,"python3 /oomwoo/contributions/compute-benchmark/OsakaTX/scripts/synthetic_scan_publisher.py --duration 505 --loop-s 40 --hz 5.0 --room-half 7.5 --noise 0.0"
2026-09-08T15:04:19Z,4,"slam15m_noise_n000_lifelong",57339,"ros2",2.9,74000,51015,"/usr/bin/python3 /opt/ros/jazzy/bin/ros2 launch /oomwoo/contributions/compute-benchmark/OsakaTX/scripts/lifelong_launch.py slam_params_file:=/oomwoo/contributions/compute-benchmark/OsakaTX/scripts/lifelong_slam_params.yaml use_sim_time:=False autostart:=true"
2026-09-08T15:04:19Z,4,"slam15m_noise_n000_lifelong",57356,"lifelong_slam_t",44.4,62700,48428,"/opt/ros/jazzy/lib/slam_toolbox/lifelong_slam_toolbox_node --ros-args -r __node:=slam_toolbox -r __ns:=/ --params-file /oomwoo/contributions/compute-benchmark/OsakaTX/scripts/lifelong_slam_params.yaml --params-file /tmp/launch_params_abv_ihd8"
2026-09-08T15:04:19Z,4,"slam15m_noise_n000_lifelong",57390,"bash",0.3,4424,1107,"bash /oomwoo/contributions/compute-benchmark/xbattlax/scripts/measure_ros_processes.sh --pattern python3|lifelong_slam_toolbox_node --duration 470 --interval 2 --label slam15m_noise_n000_lifelong --output /oomwoo/contributions/compute-benchmark/OsakaTX/scripts/../results/slam15m_noise_n000_lifelong_20260908T150401Z.csv"
2026-09-08T15:04:21Z,5,"slam15m_noise_n000_lifelong",191,"python3",0.1,69840,46605,"/usr/bin/python3 -c from ros2cli.daemon.daemonize import main; main() --name ros2-daemon --ros-domain-id 0 --rmw-implementation rmw_fastrtps_cpp"
2026-09-08T15:04:21Z,5,"slam15m_noise_n000_lifelong",57323,"python3",5.9,72596,49293,"python3 /oomwoo/contributions/compute-benchmark/OsakaTX/scripts/synthetic_scan_publisher.py --duration 505 --loop-s 40 --hz 5.0 --room-half 7.5 --noise 0.0"
2026-09-08T15:04:21Z,5,"slam15m_noise_n000_lifelong",57339,"ros2",2.7,74024,51039,"/usr/bin/python3 /opt/ros/jazzy/bin/ros2 launch /oomwoo/contributions/compute-benchmark/OsakaTX/scripts/lifelong_launch.py slam_params_file:=/oomwoo/contributions/compute-benchmark/OsakaTX/scripts/lifelong_slam_params.yaml use_sim_time:=False autostart:=true"
2026-09-08T15:04:21Z,5,"slam15m_noise_n000_lifelong",57356,"lifelong_slam_t",44.9,62828,48556,"/opt/ros/jazzy/lib/slam_toolbox/lifelong_slam_toolbox_node --ros-args -r __node:=slam_toolbox -r __ns:=/ --params-file /oomwoo/contributions/compute-benchmark/OsakaTX/scripts/lifelong_slam_params.yaml --params-file /tmp/launch_params_abv_ihd8"
2026-09-08T15:04:21Z,5,"slam15m_noise_n000_lifelong",57390,"bash",0.3,4424,1111,"bash /oomwoo/contributions/compute-benchmark/xbattlax/scripts/measure_ros_processes.sh --pattern python3|lifelong_slam_toolbox_node --duration 470 --interval 2 --label slam15m_noise_n000_lifelong --output /oomwoo/contributions/compute-benchmark/OsakaTX/scripts/../results/slam15m_noise_n000_lifelong_20260908T150401Z.csv"
2026-09-08T15:04:24Z,6,"slam15m_noise_n000_lifelong",191,"python3",0.1,69840,46606,"/usr/bin/python3 -c from ros2cli.daemon.daemonize import main; main() --name ros2-daemon --ros-domain-id 0 --rmw-implementation rmw_fastrtps_cpp"
2026-09-08T15:04:24Z,6,"slam15m_noise_n000_lifelong",57323,"python3",5.8,72596,49288,"python3 /oomwoo/contributions/compute-benchmark/OsakaTX/scripts/synthetic_scan_publisher.py --duration 505 --loop-s 40 --hz 5.0 --room-half 7.5 --noise 0.0"
2026-09-08T15:04:24Z,6,"slam15m_noise_n000_lifelong",57339,"ros2",2.5,74032,51046,"/usr/bin/python3 /opt/ros/jazzy/bin/ros2 launch /oomwoo/contributions/compute-benchmark/OsakaTX/scripts/lifelong_launch.py slam_params_file:=/oomwoo/contributions/compute-benchmark/OsakaTX/scripts/lifelong_slam_params.yaml use_sim_time:=False autostart:=true"
2026-09-08T15:04:24Z,6,"slam15m_noise_n000_lifelong",57356,"lifelong_slam_t",45.4,62968,48696,"/opt/ros/jazzy/lib/slam_toolbox/lifelong_slam_toolbox_node --ros-args -r __node:=slam_toolbox -r __ns:=/ --params-file /oomwoo/contributions/compute-benchmark/OsakaTX/scripts/lifelong_slam_params.yaml --params-file /tmp/launch_params_abv_ihd8"
2026-09-08T15:04:24Z,6,"slam15m_noise_n000_lifelong",57390,"bash",0.3,4424,1104,"bash /oomwoo/contributions/compute-benchmark/xbattlax/scripts/measure_ros_processes.sh --pattern python3|lifelong_slam_toolbox_node --duration 470 --interval 2 --label slam15m_noise_n000_lifelong --output /oomwoo/contributions/compute-benchmark/OsakaTX/scripts/../results/slam15m_noise_n000_lifelong_20260908T150401Z.csv"
2026-09-08T15:04:26Z,7,"slam15m_noise_n000_lifelong",191,"python3",0.1,69840,46605,"/usr/bin/python3 -c from ros2cli.daemon.daemonize import main; main() --name ros2-daemon --ros-domain-id 0 --rmw-implementation rmw_fastrtps_cpp"
2026-09-08T15:04:26Z,7,"slam15m_noise_n000_lifelong",57323,"python3",5.7,72596,49290,"python3 /oomwoo/contributions/compute-benchmark/OsakaTX/scripts/synthetic_scan_publisher.py --duration 505 --loop-s 40 --hz 5.0 --room-half 7.5 --noise 0.0"
2026-09-08T15:04:26Z,7,"slam15m_noise_n000_lifelong",57339,"ros2",2.3,74040,51054,"/usr/bin/python3 /opt/ros/jazzy/bin/ros2 launch /oomwoo/contributions/compute-benchmark/OsakaTX/scripts/lifelong_launch.py slam_params_file:=/oomwoo/contributions/compute-benchmark/OsakaTX/scripts/lifelong_slam_params.yaml use_sim_time:=False autostart:=true"
2026-09-08T15:04:26Z,7,"slam15m_noise_n000_lifelong",57356,"lifelong_slam_t",46.4,63152,48881,"/opt/ros/jazzy/lib/slam_toolbox/lifelong_slam_toolbox_node --ros-args -r __node:=slam_toolbox -r __ns:=/ --params-file /oomwoo/contributions/compute-benchmark/OsakaTX/scripts/lifelong_slam_params.yaml --params-file /tmp/launch_params_abv_ihd8"
2026-09-08T15:04:26Z,7,"slam15m_noise_n000_lifelong",57390,"bash",0.3,4424,1107,"bash /oomwoo/contributions/compute-benchmark/xbattlax/scripts/measure_ros_processes.sh --pattern python3|lifelong_slam_toolbox_node --duration 470 --interval 2 --label slam15m_noise_n000_lifelong --output /oomwoo/contributions/compute-benchmark/OsakaTX/scripts/../results/slam15m_noise_n000_lifelong_20260908T150401Z.csv"
2026-09-08T15:04:28Z,8,"slam15m_noise_n000_lifelong",191,"python3",0.1,69840,46605,"/usr/bin/python3 -c from ros2cli.daemon.daemonize import main; main() --name ros2-daemon --ros-domain-id 0 --rmw-implementation rmw_fastrtps_cpp"
2026-09-08T15:04:28Z,8,"slam15m_noise_n000_lifelong",57323,"python3",5.6,72596,49297,"python3 /oomwoo/contributions/compute-benchmark/OsakaTX/scripts/synthetic_scan_publisher.py --duration 505 --loop-s 40 --hz 5.0 --room-half 7.5 --noise 0.0"
2026-09-08T15:04:28Z,8,"slam15m_noise_n000_lifelong",57339,"ros2",2.1,74048,51061,"/usr/bin/python3 /opt/ros/jazzy/bin/ros2 launch /oomwoo/contributions/compute-benchmark/OsakaTX/scripts/lifelong_launch.py slam_params_file:=/oomwoo/contributions/compute-benchmark/OsakaTX/scripts/lifelong_slam_params.yaml use_sim_time:=False autostart:=true"
2026-09-08T15:04:28Z,8,"slam15m_noise_n000_lifelong",57356,"lifelong_slam_t",47.0,63352,49080,"/opt/ros/jazzy/lib/slam_toolbox/lifelong_slam_toolbox_node --ros-args -r __node:=slam_toolbox -r __ns:=/ --params-file /oomwoo/contributions/compute-benchmark/OsakaTX/scripts/lifelong_slam_params.yaml --params-file /tmp/launch_params_abv_ihd8"
2026-09-08T15:04:28Z,8,"slam15m_noise_n000_lifelong",57390,"bash",0.3,4424,1107,"bash /oomwoo/contributions/compute-benchmark/xbattlax/scripts/measure_ros_processes.sh --pattern python3|lifelong_slam_toolbox_node --duration 470 --interval 2 --label slam15m_noise_n000_lifelong --output /oomwoo/contributions/compute-benchmark/OsakaTX/scripts/../results/slam15m_noise_n000_lifelong_20260908T150401Z.csv"
2026-09-08T15:04:30Z,9,"slam15m_noise_n000_lifelong",191,"python3",0.1,69840,46605,"/usr/bin/python3 -c from ros2cli.daemon.daemonize import main; main() --name ros2-daemon --ros-domain-id 0 --rmw-implementation rmw_fastrtps_cpp"
2026-09-08T15:04:30Z,9,"slam15m_noise_n000_lifelong",57323,"python3",5.5,72596,49297,"python3 /oomwoo/contributions/compute-benchmark/OsakaTX/scripts/synthetic_scan_publisher.py --duration 505 --loop-s 40 --hz 5.0 --room-half 7.5 --noise 0.0"
2026-09-08T15:04:30Z,9,"slam15m_noise_n000_lifelong",57339,"ros2",2.0,74052,51066,"/usr/bin/python3 /opt/ros/jazzy/bin/ros2 launch /oomwoo/contributions/compute-benchmark/OsakaTX/scripts/lifelong_launch.py slam_params_file:=/oomwoo/contributions/compute-benchmark/OsakaTX/scripts/lifelong_slam_params.yaml use_sim_time:=False autostart:=true"
2026-09-08T15:04:30Z,9,"slam15m_noise_n000_lifelong",57356,"lifelong_slam_t",47.5,63532,49259,"/opt/ros/jazzy/lib/slam_toolbox/lifelong_slam_toolbox_node --ros-args -r __node:=slam_toolbox -r __ns:=/ --params-file /oomwoo/contributions/compute-benchmark/OsakaTX/scripts/lifelong_slam_params.yaml --params-file /tmp/launch_params_abv_ihd8"
2026-09-08T15:04:30Z,9,"slam15m_noise_n000_lifelong",57390,"bash",0.3,4428,1113,"bash /oomwoo/contributions/compute-benchmark/xbattlax/scripts/measure_ros_processes.sh --pattern python3|lifelong_slam_toolbox_node --duration 470 --interval 2 --label slam15m_noise_n000_lifelong --output /oomwoo/contributions/compute-benchmark/OsakaTX/scripts/../results/slam15m_noise_n000_lifelong_20260908T150401Z.csv"
2026-09-08T15:04:32Z,10,"slam15m_noise_n000_lifelong",191,"python3",0.1,69840,46605,"/usr/bin/python3 -c from ros2cli.daemon.daemonize import main; main() --name ros2-daemon --ros-domain-id 0 --rmw-implementation rmw_fastrtps_cpp"
2026-09-08T15:04:32Z,10,"slam15m_noise_n000_lifelong",57323,"python3",5.4,72596,49293,"python3 /oomwoo/contributions/compute-benchmark/OsakaTX/scripts/synthetic_scan_publisher.py --duration 505 --loop-s 40 --hz 5.0 --room-half 7.5 --noise 0.0"
2026-09-08T15:04:32Z,10,"slam15m_noise_n000_lifelong",57339,"ros2",1.8,74052,51066,"/usr/bin/python3 /opt/ros/jazzy/bin/ros2 launch /oomwoo/contributions/compute-benchmark/OsakaTX/scripts/lifelong_launch.py slam_params_file:=/oomwoo/contributions/compute-benchmark/OsakaTX/scripts/lifelong_slam_params.yaml use_sim_time:=False autostart:=true"
2026-09-08T15:04:32Z,10,"slam15m_noise_n000_lifelong",57356,"lifelong_slam_t",48.4,63688,49417,"/opt/ros/jazzy/lib/slam_toolbox/lifelong_slam_toolbox_node --ros-args -r __node:=slam_toolbox -r __ns:=/ --params-file /oomwoo/contributions/compute-benchmark/OsakaTX/scripts/lifelong_slam_params.yaml --params-file /tmp/launch_params_abv_ihd8"
2026-09-08T15:04:32Z,10,"slam15m_noise_n000_lifelong",57390,"bash",0.4,4428,1109,"bash /oomwoo/contributions/compute-benchmark/xbattlax/scripts/measure_ros_processes.sh --pattern python3|lifelong_slam_toolbox_node --duration 470 --interval 2 --label slam15m_noise_n000_lifelong --output /oomwoo/contributions/compute-benchmark/OsakaTX/scripts/../results/slam15m_noise_n000_lifelong_20260908T150401Z.csv"
2026-09-08T15:04:34Z,11,"slam15m_noise_n000_lifelong",191,"python3",0.1,69840,46605,"/usr/bin/python3 -c from ros2cli.daemon.daemonize import main; main() --name ros2-daemon --ros-domain-id 0 --rmw-implementation rmw_fastrtps_cpp"
2026-09-08T15:04:34Z,11,"slam15m_noise_n000_lifelong",57323,"python3",5.3,72596,49288,"python3 /oomwoo/contributions/compute-benchmark/OsakaTX/scripts/synthetic_scan_publisher.py --duration 505 --loop-s 40 --hz 5.0 --room-half 7.5 --noise 0.0"
2026-09-08T15:04:34Z,11,"slam15m_noise_n000_lifelong",57339,"ros2",1.7,74052,51066,"/usr/bin/python3 /opt/ros/jazzy/bin/ros2 launch /oomwoo/contributions/compute-benchmark/OsakaTX/scripts/lifelong_launch.py slam_params_file:=/oomwoo/contributions/compute-benchmark/OsakaTX/scripts/lifelong_slam_params.yaml use_sim_time:=False autostart:=true"
2026-09-08T15:04:34Z,11,"slam15m_noise_n000_lifelong",57356,"lifelong_slam_t",48.0,63784,49511,"/opt/ros/jazzy/lib/slam_toolbox/lifelong_slam_toolbox_node --ros-args -r __node:=slam_toolbox -r __ns:=/ --params-file /oomwoo/contributions/compute-benchmark/OsakaTX/scripts/lifelong_slam_params.yaml --params-file /tmp/launch_params_abv_ihd8"
2026-09-08T15:04:34Z,11,"slam15m_noise_n000_lifelong",57390,"bash",0.3,4428,1113,"bash /oomwoo/contributions/compute-benchmark/xbattlax/scripts/measure_ros_processes.sh --pattern python3|lifelong_slam_toolbox_node --duration 470 --interval 2 --label slam15m_noise_n000_lifelong --output /oomwoo/contributions/compute-benchmark/OsakaTX/scripts/../results/slam15m_noise_n000_lifelong_20260908T150401Z.csv"
2026-09-08T15:04:36Z,12,"slam15m_noise_n000_lifelong",191,"python3",0.1,69840,46605,"/usr/bin/python3 -c from ros2cli.daemon.daemonize import main; main() --name ros2-daemon --ros-domain-id 0 --rmw-implementation rmw_fastrtps_cpp"
2026-09-08T15:04:36Z,12,"slam15m_noise_n000_lifelong",57323,"python3",5.3,72596,49295,"python3 /oomwoo/contributions/compute-benchmark/OsakaTX/scripts/synthetic_scan_publisher.py --duration 505 --loop-s 40 --hz 5.0 --room-half 7.5 --noise 0.0"
2026-09-08T15:04:36Z,12,"slam15m_noise_n000_lifelong",57339,"ros2",1.7,74076,51090,"/usr/bin/python3 /opt/ros/jazzy/bin/ros2 launch /oomwoo/contributions/compute-benchmark/OsakaTX/scripts/lifelong_launch.py slam_params_file:=/oomwoo/contributions/compute-benchmark/OsakaTX/scripts/lifelong_slam_params.yaml use_sim_time:=False autostart:=true"
2026-09-08T15:04:36Z,12,"slam15m_noise_n000_lifelong",57356,"lifelong_slam_t",51.3,63960,49691,"/opt/ros/jazzy/lib/slam_toolbox/lifelong_slam_toolbox_node --ros-args -r __node:=slam_toolbox -r __ns:=/ --params-file /oomwoo/contributions/compute-benchmark/OsakaTX/scripts/lifelong_slam_params.yaml --params-file /tmp/launch_params_abv_ihd8"
2026-09-08T15:04:36Z,12,"slam15m_noise_n000_lifelong",57390,"bash",0.3,4428,1107,"bash /oomwoo/contributions/compute-benchmark/xbattlax/scripts/measure_ros_processes.sh --pattern python3|lifelong_slam_toolbox_node --duration 470 --interval 2 --label slam15m_noise_n000_lifelong --output /oomwoo/contributions/compute-benchmark/OsakaTX/scripts/../results/slam15m_noise_n000_lifelong_20260908T150401Z.csv"
2026-09-08T15:04:38Z,13,"slam15m_noise_n000_lifelong",191,"python3",0.1,69840,46607,"/usr/bin/python3 -c from ros2cli.daemon.daemonize import main; main() --name ros2-daemon --ros-domain-id 0 --rmw-implementation rmw_fastrtps_cpp"
2026-09-08T15:04:38Z,13,"slam15m_noise_n000_lifelong",57323,"python3",5.3,72596,49300,"python3 /oomwoo/contributions/compute-benchmark/OsakaTX/scripts/synthetic_scan_publisher.py --duration 505 --loop-s 40 --hz 5.0 --room-half 7.5 --noise 0.0"
2026-09-08T15:04:38Z,13,"slam15m_noise_n000_lifelong",57339,"ros2",1.6,74096,51109,"/usr/bin/python3 /opt/ros/jazzy/bin/ros2 launch /oomwoo/contributions/compute-benchmark/OsakaTX/scripts/lifelong_launch.py slam_params_file:=/oomwoo/contributions/compute-benchmark/OsakaTX/scripts/lifelong_slam_params.yaml use_sim_time:=False autostart:=true"
2026-09-08T15:04:38Z,13,"slam15m_noise_n000_lifelong",57356,"lifelong_slam_t",51.6,64108,49836,"/opt/ros/jazzy/lib/slam_toolbox/lifelong_slam_toolbox_node --ros-args -r __node:=slam_toolbox -r __ns:=/ --params-file /oomwoo/contributions/compute-benchmark/OsakaTX/scripts/lifelong_slam_params.yaml --params-file /tmp/launch_params_abv_ihd8"
2026-09-08T15:04:38Z,13,"slam15m_noise_n000_lifelong",57390,"bash",0.3,4428,1111,"bash /oomwoo/contributions/compute-benchmark/xbattlax/scripts/measure_ros_processes.sh --pattern python3|lifelong_slam_toolbox_node --duration 470 --interval 2 --label slam15m_noise_n000_lifelong --output /oomwoo/contributions/compute-benchmark/OsakaTX/scripts/../results/slam15m_noise_n000_lifelong_20260908T150401Z.csv"
2026-09-08T15:04:41Z,14,"slam15m_noise_n000_lifelong",191,"python3",0.1,69840,46606,"/usr/bin/python3 -c from ros2cli.daemon.daemonize import main; main() --name ros2-daemon --ros-domain-id 0 --rmw-implementation rmw_fastrtps_cpp"
2026-09-08T15:04:41Z,14,"slam15m_noise_n000_lifelong",57323,"python3",5.2,72596,49290,"python3 /oomwoo/contributions/compute-benchmark/OsakaTX/scripts/synthetic_scan_publisher.py --duration 505 --loop-s 40 --hz 5.0 --room-half 7.5 --noise 0.0"
2026-09-08T15:04:41Z,14,"slam15m_noise_n000_lifelong",57339,"ros2",1.6,74104,51119,"/usr/bin/python3 /opt/ros/jazzy/bin/ros2 launch /oomwoo/contributions/compute-benchmark/OsakaTX/scripts/lifelong_launch.py slam_params_file:=/oomwoo/contributions/compute-benchmark/OsakaTX/scripts/lifelong_slam_params.yaml use_sim_time:=False autostart:=true"
2026-09-08T15:04:41Z,14,"slam15m_noise_n000_lifelong",57356,"lifelong_slam_t",51.3,64300,50028,"/opt/ros/jazzy/lib/slam_toolbox/lifelong_slam_toolbox_node --ros-args -r __node:=slam_toolbox -r __ns:=/ --params-file /oomwoo/contributions/compute-benchmark/OsakaTX/scripts/lifelong_slam_params.yaml --params-file /tmp/launch_params_abv_ihd8"
2026-09-08T15:04:41Z,14,"slam15m_noise_n000_lifelong",57390,"bash",0.3,4428,1108,"bash /oomwoo/contributions/compute-benchmark/xbattlax/scripts/measure_ros_processes.sh --pattern python3|lifelong_slam_toolbox_node --duration 470 --interval 2 --label slam15m_noise_n000_lifelong --output /oomwoo/contributions/compute-benchmark/OsakaTX/scripts/../results/slam15m_noise_n000_lifelong_20260908T150401Z.csv"
2026-09-08T15:04:43Z,15,"slam15m_noise_n000_lifelong",191,"python3",0.1,69840,46605,"/usr/bin/python3 -c from ros2cli.daemon.daemonize import main; main() --name ros2-daemon --ros-domain-id 0 --rmw-implementation rmw_fastrtps_cpp"
2026-09-08T15:04:43Z,15,"slam15m_noise_n000_lifelong",57323,"python3",5.2,72596,49291,"python3 /oomwoo/contributions/compute-benchmark/OsakaTX/scripts/synthetic_scan_publisher.py --duration 505 --loop-s 40 --hz 5.0 --room-half 7.5 --noise 0.0"
2026-09-08T15:04:43Z,15,"slam15m_noise_n000_lifelong",57339,"ros2",1.5,74116,51132,"/usr/bin/python3 /opt/ros/jazzy/bin/ros2 launch /oomwoo/contributions/compute-benchmark/OsakaTX/scripts/lifelong_launch.py slam_params_file:=/oomwoo/contributions/compute-benchmark/OsakaTX/scripts/lifelong_slam_params.yaml use_sim_time:=False autostart:=true"
2026-09-08T15:04:43Z,15,"slam15m_noise_n000_lifelong",57356,"lifelong_slam_t",51.6,64464,50191,"/opt/ros/jazzy/lib/slam_toolbox/lifelong_slam_toolbox_node --ros-args -r __node:=slam_toolbox -r __ns:=/ --params-file /oomwoo/contributions/compute-benchmark/OsakaTX/scripts/lifelong_slam_params.yaml --params-file /tmp/launch_params_abv_ihd8"
2026-09-08T15:04:43Z,15,"slam15m_noise_n000_lifelong",57390,"bash",0.3,4428,1107,"bash /oomwoo/contributions/compute-benchmark/xbattlax/scripts/measure_ros_processes.sh --pattern python3|lifelong_slam_toolbox_node --duration 470 --interval 2 --label slam15m_noise_n000_lifelong --output /oomwoo/contributions/compute-benchmark/OsakaTX/scripts/../results/slam15m_noise_n000_lifelong_20260908T150401Z.csv"
2026-09-08T15:04:45Z,16,"slam15m_noise_n000_lifelong",191,"python3",0.1,69840,46605,"/usr/bin/python3 -c from ros2cli.daemon.daemonize import main; main() --name ros2-daemon --ros-domain-id 0 --rmw-implementation rmw_fastrtps_cpp"
2026-09-08T15:04:45Z,16,"slam15m_noise_n000_lifelong",57323,"python3",5.1,72596,49293,"python3 /oomwoo/contributions/compute-benchmark/OsakaTX/scripts/synthetic_scan_publisher.py --duration 505 --loop-s 40 --hz 5.0 --room-half 7.5 --noise 0.0"
2026-09-08T15:04:45Z,16,"slam15m_noise_n000_lifelong",57339,"ros2",1.4,74132,51148,"/usr/bin/python3 /opt/ros/jazzy/bin/ros2 launch /oomwoo/contributions/compute-benchmark/OsakaTX/scripts/lifelong_launch.py slam_params_file:=/oomwoo/contributions/compute-benchmark/OsakaTX/scripts/lifelong_slam_params.yaml use_sim_time:=False autostart:=true"
2026-09-08T15:04:45Z,16,"slam15m_noise_n000_lifelong",57356,"lifelong_slam_t",53.2,64624,50353,"/opt/ros/jazzy/lib/slam_toolbox/lifelong_slam_toolbox_node --ros-args -r __node:=slam_toolbox -r __ns:=/ --params-file /oomwoo/contributions/compute-benchmark/OsakaTX/scripts/lifelong_slam_params.yaml --params-file /tmp/launch_params_abv_ihd8"
2026-09-08T15:04:45Z,16,"slam15m_noise_n000_lifelong",57390,"bash",0.3,4428,1109,"bash /oomwoo/contributions/compute-benchmark/xbattlax/scripts/measure_ros_processes.sh --pattern python3|lifelong_slam_toolbox_node --duration 470 --interval 2 --label slam15m_noise_n000_lifelong --output /oomwoo/contributions/compute-benchmark/OsakaTX/scripts/../results/slam15m_noise_n000_lifelong_20260908T150401Z.csv"
2026-09-08T15:04:47Z,17,"slam15m_noise_n000_lifelong",191,"python3",0.1,69840,46606,"/usr/bin/python3 -c from ros2cli.daemon.daemonize import main; main() --name ros2-daemon --ros-domain-id 0 --rmw-implementation rmw_fastrtps_cpp"
2026-09-08T15:04:47Z,17,"slam15m_noise_n000_lifelong",57323,"python3",5.1,72596,49293,"python3 /oomwoo/contributions/compute-benchmark/OsakaTX/scripts/synthetic_scan_publisher.py --duration 505 --loop-s 40 --hz 5.0 --room-half 7.5 --noise 0.0"
2026-09-08T15:04:47Z,17,"slam15m_noise_n000_lifelong",57339,"ros2",1.4,74172,51186,"/usr/bin/python3 /opt/ros/jazzy/bin/ros2 launch /oomwoo/contributions/compute-benchmark/OsakaTX/scripts/lifelong_launch.py slam_params_file:=/oomwoo/contributions/compute-benchmark/OsakaTX/scripts/lifelong_slam_params.yaml use_sim_time:=False autostart:=true"
2026-09-08T15:04:47Z,17,"slam15m_noise_n000_lifelong",57356,"lifelong_slam_t",55.7,64628,50356,"/opt/ros/jazzy/lib/slam_toolbox/lifelong_slam_toolbox_node --ros-args -r __node:=slam_toolbox -r __ns:=/ --params-file /oomwoo/contributions/compute-benchmark/OsakaTX/scripts/lifelong_slam_params.yaml --params-file /tmp/launch_params_abv_ihd8"
2026-09-08T15:04:47Z,17,"slam15m_noise_n000_lifelong",57390,"bash",0.3,4428,1104,"bash /oomwoo/contributions/compute-benchmark/xbattlax/scripts/measure_ros_processes.sh --pattern python3|lifelong_slam_toolbox_node --duration 470 --interval 2 --label slam15m_noise_n000_lifelong --output /oomwoo/contributions/compute-benchmark/OsakaTX/scripts/../results/slam15m_noise_n000_lifelong_20260908T150401Z.csv"
2026-09-08T15:04:49Z,18,"slam15m_noise_n000_lifelong",191,"python3",0.1,69840,46607,"/usr/bin/python3 -c from ros2cli.daemon.daemonize import main; main() --name ros2-daemon --ros-domain-id 0 --rmw-implementation rmw_fastrtps_cpp"
2026-09-08T15:04:49Z,18,"slam15m_noise_n000_lifelong",57323,"python3",5.1,72596,49295,"python3 /oomwoo/contributions/compute-benchmark/OsakaTX/scripts/synthetic_scan_publisher.py --duration 505 --loop-s 40 --hz 5.0 --room-half 7.5 --noise 0.0"
2026-09-08T15:04:49Z,18,"slam15m_noise_n000_lifelong",57339,"ros2",1.4,74200,51215,"/usr/bin/python3 /opt/ros/jazzy/bin/ros2 launch /oomwoo/contributions/compute-benchmark/OsakaTX/scripts/lifelong_launch.py slam_params_file:=/oomwoo/contributions/compute-benchmark/OsakaTX/scripts/lifelong_slam_params.yaml use_sim_time:=False autostart:=true"
2026-09-08T15:04:49Z,18,"slam15m_noise_n000_lifelong",57356,"lifelong_slam_t",58.1,64632,50360,"/opt/ros/jazzy/lib/slam_toolbox/lifelong_slam_toolbox_node --ros-args -r __node:=slam_toolbox -r __ns:=/ --params-file /oomwoo/contributions/compute-benchmark/OsakaTX/scripts/lifelong_slam_params.yaml --params-file /tmp/launch_params_abv_ihd8"
2026-09-08T15:04:49Z,18,"slam15m_noise_n000_lifelong",57390,"bash",0.3,4428,1106,"bash /oomwoo/contributions/compute-benchmark/xbattlax/scripts/measure_ros_processes.sh --pattern python3|lifelong_slam_toolbox_node --duration 470 --interval 2 --label slam15m_noise_n000_lifelong --output /oomwoo/contributions/compute-benchmark/OsakaTX/scripts/../results/slam15m_noise_n000_lifelong_20260908T150401Z.csv"
2026-09-08T15:04:51Z,19,"slam15m_noise_n000_lifelong",191,"python3",0.1,69840,46604,"/usr/bin/python3 -c from ros2cli.daemon.daemonize import main; main() --name ros2-daemon --ros-domain-id 0 --rmw-implementation rmw_fastrtps_cpp"
2026-09-08T15:04:51Z,19,"slam15m_noise_n000_lifelong",57323,"python3",5.0,72596,49295,"python3 /oomwoo/contributions/compute-benchmark/OsakaTX/scripts/synthetic_scan_publisher.py --duration 505 --loop-s 40 --hz 5.0 --room-half 7.5 --noise 0.0"
2026-09-08T15:04:51Z,19,"slam15m_noise_n000_lifelong",57339,"ros2",1.3,74212,51226,"/usr/bin/python3 /opt/ros/jazzy/bin/ros2 launch /oomwoo/contributions/compute-benchmark/OsakaTX/scripts/lifelong_launch.py slam_params_file:=/oomwoo/contributions/compute-benchmark/OsakaTX/scripts/lifelong_slam_params.yaml use_sim_time:=False autostart:=true"
2026-09-08T15:04:51Z,19,"slam15m_noise_n000_lifelong",57356,"lifelong_slam_t",57.6,64632,50361,"/opt/ros/jazzy/lib/slam_toolbox/lifelong_slam_toolbox_node --ros-args -r __node:=slam_toolbox -r __ns:=/ --params-file /oomwoo/contributions/compute-benchmark/OsakaTX/scripts/lifelong_slam_params.yaml --params-file /tmp/launch_params_abv_ihd8"
2026-09-08T15:04:51Z,19,"slam15m_noise_n000_lifelong",57390,"bash",0.3,4428,1111,"bash /oomwoo/contributions/compute-benchmark/xbattlax/scripts/measure_ros_processes.sh --pattern python3|lifelong_slam_toolbox_node --duration 470 --interval 2 --label slam15m_noise_n000_lifelong --output /oomwoo/contributions/compute-benchmark/OsakaTX/scripts/../results/slam15m_noise_n000_lifelong_20260908T150401Z.csv"
2026-09-08T15:04:53Z,20,"slam15m_noise_n000_lifelong",191,"python3",0.1,69840,46605,"/usr/bin/python3 -c from ros2cli.daemon.daemonize import main; main() --name ros2-daemon --ros-domain-id 0 --rmw-implementation rmw_fastrtps_cpp"
2026-09-08T15:04:53Z,20,"slam15m_noise_n000_lifelong",57323,"python3",5.0,72596,49288,"python3 /oomwoo/contributions/compute-benchmark/OsakaTX/scripts/synthetic_scan_publisher.py --duration 505 --loop-s 40 --hz 5.0 --room-half 7.5 --noise 0.0"
2026-09-08T15:04:53Z,20,"slam15m_noise_n000_lifelong",57339,"ros2",1.3,74236,51250,"/usr/bin/python3 /opt/ros/jazzy/bin/ros2 launch /oomwoo/contributions/compute-benchmark/OsakaTX/scripts/lifelong_launch.py slam_params_file:=/oomwoo/contributions/compute-benchmark/OsakaTX/scripts/lifelong_slam_params.yaml use_sim_time:=False autostart:=true"
2026-09-08T15:04:53Z,20,"slam15m_noise_n000_lifelong",57356,"lifelong_slam_t",58.9,64632,50359,"/opt/ros/jazzy/lib/slam_toolbox/lifelong_slam_toolbox_node --ros-args -r __node:=slam_toolbox -r __ns:=/ --params-file /oomwoo/contributions/compute-benchmark/OsakaTX/scripts/lifelong_slam_params.yaml --params-file /tmp/launch_params_abv_ihd8"
2026-09-08T15:04:53Z,20,"slam15m_noise_n000_lifelong",57390,"bash",0.3,4428,1109,"bash /oomwoo/contributions/compute-benchmark/xbattlax/scripts/measure_ros_processes.sh --pattern python3|lifelong_slam_toolbox_node --duration 470 --interval 2 --label slam15m_noise_n000_lifelong --output /oomwoo/contributions/compute-benchmark/OsakaTX/scripts/../results/slam15m_noise_n000_lifelong_20260908T150401Z.csv"
2026-09-08T15:04:55Z,21,"slam15m_noise_n000_lifelong",191,"python3",0.1,69840,46605,"/usr/bin/python3 -c from ros2cli.daemon.daemonize import main; main() --name ros2-daemon --ros-domain-id 0 --rmw-implementation rmw_fastrtps_cpp"
2026-09-08T15:04:55Z,21,"slam15m_noise_n000_lifelong",57323,"python3",5.0,72596,49301,"python3 /oomwoo/contributions/compute-benchmark/OsakaTX/scripts/synthetic_scan_publisher.py --duration 505 --loop-s 40 --hz 5.0 --room-half 7.5 --noise 0.0"
2026-09-08T15:04:55Z,21,"slam15m_noise_n000_lifelong",57339,"ros2",1.3,74236,51251,"/usr/bin/python3 /opt/ros/jazzy/bin/ros2 launch /oomwoo/contributions/compute-benchmark/OsakaTX/scripts/lifelong_launch.py slam_params_file:=/oomwoo/contributions/compute-benchmark/OsakaTX/scripts/lifelong_slam_params.yaml use_sim_time:=False autostart:=true"
2026-09-08T15:04:55Z,21,"slam15m_noise_n000_lifelong",57356,"lifelong_slam_t",58.2,64632,50359,"/opt/ros/jazzy/lib/slam_toolbox/lifelong_slam_toolbox_node --ros-args -r __node:=slam_toolbox -r __ns:=/ --params-file /oomwoo/contributions/compute-benchmark/OsakaTX/scripts/lifelong_slam_params.yaml --params-file /tmp/launch_params_abv_ihd8"
2026-09-08T15:04:55Z,21,"slam15m_noise_n000_lifelong",57390,"bash",0.3,4428,1109,"bash /oomwoo/contributions/compute-benchmark/xbattlax/scripts/measure_ros_processes.sh --pattern python3|lifelong_slam_toolbox_node --duration 470 --interval 2 --label slam15m_noise_n000_lifelong --output /oomwoo/contributions/compute-benchmark/OsakaTX/scripts/../results/slam15m_noise_n000_lifelong_20260908T150401Z.csv"
2026-09-08T15:04:58Z,22,"slam15m_noise_n000_lifelong",191,"python3",0.1,69840,46606,"/usr/bin/python3 -c from ros2cli.daemon.daemonize import main; main() --name ros2-daemon --ros-domain-id 0 --rmw-implementation rmw_fastrtps_cpp"
2026-09-08T15:04:58Z,22,"slam15m_noise_n000_lifelong",57323,"python3",5.0,72596,49297,"python3 /oomwoo/contributions/compute-benchmark/OsakaTX/scripts/synthetic_scan_publisher.py --duration 505 --loop-s 40 --hz 5.0 --room-half 7.5 --noise 0.0"
2026-09-08T15:04:58Z,22,"slam15m_noise_n000_lifelong",57339,"ros2",1.2,74244,51257,"/usr/bin/python3 /opt/ros/jazzy/bin/ros2 launch /oomwoo/contributions/compute-benchmark/OsakaTX/scripts/lifelong_launch.py slam_params_file:=/oomwoo/contributions/compute-benchmark/OsakaTX/scripts/lifelong_slam_params.yaml use_sim_time:=False autostart:=true"
2026-09-08T15:04:58Z,22,"slam15m_noise_n000_lifelong",57356,"lifelong_slam_t",57.8,64632,50361,"/opt/ros/jazzy/lib/slam_toolbox/lifelong_slam_toolbox_node --ros-args -r __node:=slam_toolbox -r __ns:=/ --params-file /oomwoo/contributions/compute-benchmark/OsakaTX/scripts/lifelong_slam_params.yaml --params-file /tmp/launch_params_abv_ihd8"
2026-09-08T15:04:58Z,22,"slam15m_noise_n000_lifelong",57390,"bash",0.3,4428,1108,"bash /oomwoo/contributions/compute-benchmark/xbattlax/scripts/measure_ros_processes.sh --pattern python3|lifelong_slam_toolbox_node --duration 470 --interval 2 --label slam15m_noise_n000_lifelong --output /oomwoo/contributions/compute-benchmark/OsakaTX/scripts/../results/slam15m_noise_n000_lifelong_20260908T150401Z.csv"
2026-09-08T15:05:00Z,23,"slam15m_noise_n000_lifelong",191,"python3",0.1,69840,46604,"/usr/bin/python3 -c from ros2cli.daemon.daemonize import main; main() --name ros2-daemon --ros-domain-id 0 --rmw-implementation rmw_fastrtps_cpp"
2026-09-08T15:05:00Z,23,"slam15m_noise_n000_lifelong",57323,"python3",4.9,72596,49290,"python3 /oomwoo/contributions/compute-benchmark/OsakaTX/scripts/synthetic_scan_publisher.py --duration 505 --loop-s 40 --hz 5.0 --room-half 7.5 --noise 0.0"
2026-09-08T15:05:00Z,23,"slam15m_noise_n000_lifelong",57339,"ros2",1.2,74244,51258,"/usr/bin/python3 /opt/ros/jazzy/bin/ros2 launch /oomwoo/contributions/compute-benchmark/OsakaTX/scripts/lifelong_launch.py slam_params_file:=/oomwoo/contributions/compute-benchmark/OsakaTX/scripts/lifelong_slam_params.yaml use_sim_time:=False autostart:=true"
2026-09-08T15:05:00Z,23,"slam15m_noise_n000_lifelong",57356,"lifelong_slam_t",57.1,64632,50360,"/opt/ros/jazzy/lib/slam_toolbox/lifelong_slam_toolbox_node --ros-args -r __node:=slam_toolbox -r __ns:=/ --params-file /oomwoo/contributions/compute-benchmark/OsakaTX/scripts/lifelong_slam_params.yaml --params-file /tmp/launch_params_abv_ihd8"
2026-09-08T15:05:00Z,23,"slam15m_noise_n000_lifelong",57390,"bash",0.3,4428,1106,"bash /oomwoo/contributions/compute-benchmark/xbattlax/scripts/measure_ros_processes.sh --pattern python3|lifelong_slam_toolbox_node --duration 470 --interval 2 --label slam15m_noise_n000_lifelong --output /oomwoo/contributions/compute-benchmark/OsakaTX/scripts/../results/slam15m_noise_n000_lifelong_20260908T150401Z.csv"
2026-09-08T15:05:02Z,24,"slam15m_noise_n000_lifelong",191,"python3",0.1,69840,46606,"/usr/bin/python3 -c from ros2cli.daemon.daemonize import main; main() --name ros2-daemon --ros-domain-id 0 --rmw-implementation rmw_fastrtps_cpp"
2026-09-08T15:05:02Z,24,"slam15m_noise_n000_lifelong",57323,"python3",5.0,72596,49301,"python3 /oomwoo/contributions/compute-benchmark/OsakaTX/scripts/synthetic_scan_publisher.py --duration 505 --loop-s 40 --hz 5.0 --room-half 7.5 --noise 0.0"
2026-09-08T15:05:02Z,24,"slam15m_noise_n000_lifelong",57339,"ros2",1.2,74244,51259,"/usr/bin/python3 /opt/ros/jazzy/bin/ros2 launch /oomwoo/contributions/compute-benchmark/OsakaTX/scripts/lifelong_launch.py slam_params_file:=/oomwoo/contributions/compute-benchmark/OsakaTX/scripts/lifelong_slam_params.yaml use_sim_time:=False autostart:=true"
2026-09-08T15:05:02Z,24,"slam15m_noise_n000_lifelong",57356,"lifelong_slam_t",57.0,64636,50364,"/opt/ros/jazzy/lib/slam_toolbox/lifelong_slam_toolbox_node --ros-args -r __node:=slam_toolbox -r __ns:=/ --params-file /oomwoo/contributions/compute-benchmark/OsakaTX/scripts/lifelong_slam_params.yaml --params-file /tmp/launch_params_abv_ihd8"
2026-09-08T15:05:02Z,24,"slam15m_noise_n000_lifelong",57390,"bash",0.3,4428,1113,"bash /oomwoo/contributions/compute-benchmark/xbattlax/scripts/measure_ros_processes.sh --pattern python3|lifelong_slam_toolbox_node --duration 470 --interval 2 --label slam15m_noise_n000_lifelong --output /oomwoo/contributions/compute-benchmark/OsakaTX/scripts/../results/slam15m_noise_n000_lifelong_20260908T150401Z.csv"
2026-09-08T15:05:04Z,25,"slam15m_noise_n000_lifelong",191,"python3",0.1,69840,46605,"/usr/bin/python3 -c from ros2cli.daemon.daemonize import main; main() --name ros2-daemon --ros-domain-id 0 --rmw-implementation rmw_fastrtps_cpp"
2026-09-08T15:05:04Z,25,"slam15m_noise_n000_lifelong",57323,"python3",5.0,72596,49291,"python3 /oomwoo/contributions/compute-benchmark/OsakaTX/scripts/synthetic_scan_publisher.py --duration 505 --loop-s 40 --hz 5.0 --room-half 7.5 --noise 0.0"
2026-09-08T15:05:04Z,25,"slam15m_noise_n000_lifelong",57339,"ros2",1.1,74244,51257,"/usr/bin/python3 /opt/ros/jazzy/bin/ros2 launch /oomwoo/contributions/compute-benchmark/OsakaTX/scripts/lifelong_launch.py slam_params_file:=/oomwoo/contributions/compute-benchmark/OsakaTX/scripts/lifelong_slam_params.yaml use_sim_time:=False autostart:=true"
2026-09-08T15:05:04Z,25,"slam15m_noise_n000_lifelong",57356,"lifelong_slam_t",56.9,64636,50364,"/opt/ros/jazzy/lib/slam_toolbox/lifelong_slam_toolbox_node --ros-args -r __node:=slam_toolbox -r __ns:=/ --params-file /oomwoo/contributions/compute-benchmark/OsakaTX/scripts/lifelong_slam_params.yaml --params-file /tmp/launch_params_abv_ihd8"
2026-09-08T15:05:04Z,25,"slam15m_noise_n000_lifelong",57390,"bash",0.3,4428,1107,"bash /oomwoo/contributions/compute-benchmark/xbattlax/scripts/measure_ros_processes.sh --pattern python3|lifelong_slam_toolbox_node --duration 470 --interval 2 --label slam15m_noise_n000_lifelong --output /oomwoo/contributions/compute-benchmark/OsakaTX/scripts/../results/slam15m_noise_n000_lifelong_20260908T150401Z.csv"
2026-09-08T15:05:06Z,26,"slam15m_noise_n000_lifelong",191,"python3",0.1,69840,46606,"/usr/bin/python3 -c from ros2cli.daemon.daemonize import main; main() --name ros2-daemon --ros-domain-id 0 --rmw-implementation rmw_fastrtps_cpp"
2026-09-08T15:05:06Z,26,"slam15m_noise_n000_lifelong",57323,"python3",4.9,72596,49295,"python3 /oomwoo/contributions/compute-benchmark/OsakaTX/scripts/synthetic_scan_publisher.py --duration 505 --loop-s 40 --hz 5.0 --room-half 7.5 --noise 0.0"
2026-09-08T15:05:06Z,26,"slam15m_noise_n000_lifelong",57339,"ros2",1.1,74244,51258,"/usr/bin/python3 /opt/ros/jazzy/bin/ros2 launch /oomwoo/contributions/compute-benchmark/OsakaTX/scripts/lifelong_launch.py slam_params_file:=/oomwoo/contributions/compute-benchmark/OsakaTX/scripts/lifelong_slam_params.yaml use_sim_time:=False autostart:=true"
2026-09-08T15:05:06Z,26,"slam15m_noise_n000_lifelong",57356,"lifelong_slam_t",56.4,64728,50456,"/opt/ros/jazzy/lib/slam_toolbox/lifelong_slam_toolbox_node --ros-args -r __node:=slam_toolbox -r __ns:=/ --params-file /oomwoo/contributions/compute-benchmark/OsakaTX/scripts/lifelong_slam_params.yaml --params-file /tmp/launch_params_abv_ihd8"
2026-09-08T15:05:06Z,26,"slam15m_noise_n000_lifelong",57390,"bash",0.3,4428,1113,"bash /oomwoo/contributions/compute-benchmark/xbattlax/scripts/measure_ros_processes.sh --pattern python3|lifelong_slam_toolbox_node --duration 470 --interval 2 --label slam15m_noise_n000_lifelong --output /oomwoo/contributions/compute-benchmark/OsakaTX/scripts/../results/slam15m_noise_n000_lifelong_20260908T150401Z.csv"
2026-09-08T15:05:08Z,27,"slam15m_noise_n000_lifelong",191,"python3",0.1,69840,46606,"/usr/bin/python3 -c from ros2cli.daemon.daemonize import main; main() --name ros2-daemon --ros-domain-id 0 --rmw-implementation rmw_fastrtps_cpp"
2026-09-08T15:05:08Z,27,"slam15m_noise_n000_lifelong",57323,"python3",4.9,72596,49297,"python3 /oomwoo/contributions/compute-benchmark/OsakaTX/scripts/synthetic_scan_publisher.py --duration 505 --loop-s 40 --hz 5.0 --room-half 7.5 --noise 0.0"
2026-09-08T15:05:08Z,27,"slam15m_noise_n000_lifelong",57339,"ros2",1.1,74244,51259,"/usr/bin/python3 /opt/ros/jazzy/bin/ros2 launch /oomwoo/contributions/compute-benchmark/OsakaTX/scripts/lifelong_launch.py slam_params_file:=/oomwoo/contributions/compute-benchmark/OsakaTX/scripts/lifelong_slam_params.yaml use_sim_time:=False autostart:=true"
2026-09-08T15:05:08Z,27,"slam15m_noise_n000_lifelong",57356,"lifelong_slam_t",56.0,64820,50549,"/opt/ros/jazzy/lib/slam_toolbox/lifelong_slam_toolbox_node --ros-args -r __node:=slam_toolbox -r __ns:=/ --params-file /oomwoo/contributions/compute-benchmark/OsakaTX/scripts/lifelong_slam_params.yaml --params-file /tmp/launch_params_abv_ihd8"
2026-09-08T15:05:08Z,27,"slam15m_noise_n000_lifelong",57390,"bash",0.3,4428,1105,"bash /oomwoo/contributions/compute-benchmark/xbattlax/scripts/measure_ros_processes.sh --pattern python3|lifelong_slam_toolbox_node --duration 470 --interval 2 --label slam15m_noise_n000_lifelong --output /oomwoo/contributions/compute-benchmark/OsakaTX/scripts/../results/slam15m_noise_n000_lifelong_20260908T150401Z.csv"
2026-09-08T15:05:10Z,28,"slam15m_noise_n000_lifelong",191,"python3",0.1,69840,46605,"/usr/bin/python3 -c from ros2cli.daemon.daemonize import main; main() --name ros2-daemon --ros-domain-id 0 --rmw-implementation rmw_fastrtps_cpp"
2026-09-08T15:05:10Z,28,"slam15m_noise_n000_lifelong",57323,"python3",4.9,72596,49290,"python3 /oomwoo/contributions/compute-benchmark/OsakaTX/scripts/synthetic_scan_publisher.py --duration 505 --loop-s 40 --hz 5.0 --room-half 7.5 --noise 0.0"
2026-09-08T15:05:10Z,28,"slam15m_noise_n000_lifelong",57339,"ros2",1.1,74244,51258,"/usr/bin/python3 /opt/ros/jazzy/bin/ros2 launch /oomwoo/contributions/compute-benchmark/OsakaTX/scripts/lifelong_launch.py slam_params_file:=/oomwoo/contributions/compute-benchmark/OsakaTX/scripts/lifelong_slam_params.yaml use_sim_time:=False autostart:=true"
2026-09-08T15:05:10Z,28,"slam15m_noise_n000_lifelong",57356,"lifelong_slam_t",55.7,64916,50644,"/opt/ros/jazzy/lib/slam_toolbox/lifelong_slam_toolbox_node --ros-args -r __node:=slam_toolbox -r __ns:=/ --params-file /oomwoo/contributions/compute-benchmark/OsakaTX/scripts/lifelong_slam_params.yaml --params-file /tmp/launch_params_abv_ihd8"
2026-09-08T15:05:10Z,28,"slam15m_noise_n000_lifelong",57390,"bash",0.3,4428,1115,"bash /oomwoo/contributions/compute-benchmark/xbattlax/scripts/measure_ros_processes.sh --pattern python3|lifelong_slam_toolbox_node --duration 470 --interval 2 --label slam15m_noise_n000_lifelong --output /oomwoo/contributions/compute-benchmark/OsakaTX/scripts/../results/slam15m_noise_n000_lifelong_20260908T150401Z.csv"
2026-09-08T15:05:13Z,29,"slam15m_noise_n000_lifelong",191,"python3",0.1,69840,46607,"/usr/bin/python3 -c from ros2cli.daemon.daemonize import main; main() --name ros2-daemon --ros-domain-id 0 --rmw-implementation rmw_fastrtps_cpp"
2026-09-08T15:05:13Z,29,"slam15m_noise_n000_lifelong",57323,"python3",4.9,72596,49295,"python3 /oomwoo/contributions/compute-benchmark/OsakaTX/scripts/synthetic_scan_publisher.py --duration 505 --loop-s 40 --hz 5.0 --room-half 7.5 --noise 0.0"
2026-09-08T15:05:13Z,29,"slam15m_noise_n000_lifelong",57339,"ros2",1.1,74244,51259,"/usr/bin/python3 /opt/ros/jazzy/bin/ros2 launch /oomwoo/contributions/compute-benchmark/OsakaTX/scripts/lifelong_launch.py slam_params_file:=/oomwoo/contributions/compute-benchmark/OsakaTX/scripts/lifelong_slam_params.yaml use_sim_time:=False autostart:=true"
2026-09-08T15:05:13Z,29,"slam15m_noise_n000_lifelong",57356,"lifelong_slam_t",55.4,65008,50735,"/opt/ros/jazzy/lib/slam_toolbox/lifelong_slam_toolbox_node --ros-args -r __node:=slam_toolbox -r __ns:=/ --params-file /oomwoo/contributions/compute-benchmark/OsakaTX/scripts/lifelong_slam_params.yaml --params-file /tmp/launch_params_abv_ihd8"
2026-09-08T15:05:13Z,29,"slam15m_noise_n000_lifelong",57390,"bash",0.3,4428,1109,"bash /oomwoo/contributions/compute-benchmark/xbattlax/scripts/measure_ros_processes.sh --pattern python3|lifelong_slam_toolbox_node --duration 470 --interval 2 --label slam15m_noise_n000_lifelong --output /oomwoo/contributions/compute-benchmark/OsakaTX/scripts/../results/slam15m_noise_n000_lifelong_20260908T150401Z.csv"
2026-09-08T15:05:15Z,30,"slam15m_noise_n000_lifelong",191,"python3",0.1,69840,46605,"/usr/bin/python3 -c from ros2cli.daemon.daemonize import main; main() --name ros2-daemon --ros-domain-id 0 --rmw-implementation rmw_fastrtps_cpp"
2026-09-08T15:05:15Z,30,"slam15m_noise_n000_lifelong",57323,"python3",4.9,72596,49288,"python3 /oomwoo/contributions/compute-benchmark/OsakaTX/scripts/synthetic_scan_publisher.py --duration 505 --loop-s 40 --hz 5.0 --room-half 7.5 --noise 0.0"
2026-09-08T15:05:15Z,30,"slam15m_noise_n000_lifelong",57339,"ros2",1.0,74244,51259,"/usr/bin/python3 /opt/ros/jazzy/bin/ros2 launch /oomwoo/contributions/compute-benchmark/OsakaTX/scripts/lifelong_launch.py slam_params_file:=/oomwoo/contributions/compute-benchmark/OsakaTX/scripts/lifelong_slam_params.yaml use_sim_time:=False autostart:=true"
2026-09-08T15:05:15Z,30,"slam15m_noise_n000_lifelong",57356,"lifelong_slam_t",55.2,65096,50824,"/opt/ros/jazzy/lib/slam_toolbox/lifelong_slam_toolbox_node --ros-args -r __node:=slam_toolbox -r __ns:=/ --params-file /oomwoo/contributions/compute-benchmark/OsakaTX/scripts/lifelong_slam_params.yaml --params-file /tmp/launch_params_abv_ihd8"
2026-09-08T15:05:15Z,30,"slam15m_noise_n000_lifelong",57390,"bash",0.3,4428,1110,"bash /oomwoo/contributions/compute-benchmark/xbattlax/scripts/measure_ros_processes.sh --pattern python3|lifelong_slam_toolbox_node --duration 470 --interval 2 --label slam15m_noise_n000_lifelong --output /oomwoo/contributions/compute-benchmark/OsakaTX/scripts/../results/slam15m_noise_n000_lifelong_20260908T150401Z.csv"
2026-09-08T15:05:17Z,31,"slam15m_noise_n000_lifelong",191,"python3",0.1,69840,46605,"/usr/bin/python3 -c from ros2cli.daemon.daemonize import main; main() --name ros2-daemon --ros-domain-id 0 --rmw-implementation rmw_fastrtps_cpp"
2026-09-08T15:05:17Z,31,"slam15m_noise_n000_lifelong",57323,"python3",4.9,72596,49301,"python3 /oomwoo/contributions/compute-benchmark/OsakaTX/scripts/synthetic_scan_publisher.py --duration 505 --loop-s 40 --hz 5.0 --room-half 7.5 --noise 0.0"
2026-09-08T15:05:17Z,31,"slam15m_noise_n000_lifelong",57339,"ros2",1.0,74244,51259,"/usr/bin/python3 /opt/ros/jazzy/bin/ros2 launch /oomwoo/contributions/compute-benchmark/OsakaTX/scripts/lifelong_launch.py slam_params_file:=/oomwoo/contributions/compute-benchmark/OsakaTX/scripts/lifelong_slam_params.yaml use_sim_time:=False autostart:=true"
2026-09-08T15:05:17Z,31,"slam15m_noise_n000_lifelong",57356,"lifelong_slam_t",55.0,65096,50827,"/opt/ros/jazzy/lib/slam_toolbox/lifelong_slam_toolbox_node --ros-args -r __node:=slam_toolbox -r __ns:=/ --params-file /oomwoo/contributions/compute-benchmark/OsakaTX/scripts/lifelong_slam_params.yaml --params-file /tmp/launch_params_abv_ihd8"
2026-09-08T15:05:17Z,31,"slam15m_noise_n000_lifelong",57390,"bash",0.3,4428,1113,"bash /oomwoo/contributions/compute-benchmark/xbattlax/scripts/measure_ros_processes.sh --pattern python3|lifelong_slam_toolbox_node --duration 470 --interval 2 --label slam15m_noise_n000_lifelong --output /oomwoo/contributions/compute-benchmark/OsakaTX/scripts/../results/slam15m_noise_n000_lifelong_20260908T150401Z.csv"
2026-09-08T15:05:19Z,32,"slam15m_noise_n000_lifelong",191,"python3",0.1,69840,46605,"/usr/bin/python3 -c from ros2cli.daemon.daemonize import main; main() --name ros2-daemon --ros-domain-id 0 --rmw-implementation rmw_fastrtps_cpp"
2026-09-08T15:05:19Z,32,"slam15m_noise_n000_lifelong",57323,"python3",4.9,72596,49288,"python3 /oomwoo/contributions/compute-benchmark/OsakaTX/scripts/synthetic_scan_publisher.py --duration 505 --loop-s 40 --hz 5.0 --room-half 7.5 --noise 0.0"
2026-09-08T15:05:19Z,32,"slam15m_noise_n000_lifelong",57339,"ros2",1.0,74248,51263,"/usr/bin/python3 /opt/ros/jazzy/bin/ros2 launch /oomwoo/contributions/compute-benchmark/OsakaTX/scripts/lifelong_launch.py slam_params_file:=/oomwoo/contributions/compute-benchmark/OsakaTX/scripts/lifelong_slam_params.yaml use_sim_time:=False autostart:=true"
2026-09-08T15:05:19Z,32,"slam15m_noise_n000_lifelong",57356,"lifelong_slam_t",54.8,65096,50824,"/opt/ros/jazzy/lib/slam_toolbox/lifelong_slam_toolbox_node --ros-args -r __node:=slam_toolbox -r __ns:=/ --params-file /oomwoo/contributions/compute-benchmark/OsakaTX/scripts/lifelong_slam_params.yaml --params-file /tmp/launch_params_abv_ihd8"
2026-09-08T15:05:19Z,32,"slam15m_noise_n000_lifelong",57390,"bash",0.3,4428,1107,"bash /oomwoo/contributions/compute-benchmark/xbattlax/scripts/measure_ros_processes.sh --pattern python3|lifelong_slam_toolbox_node --duration 470 --interval 2 --label slam15m_noise_n000_lifelong --output /oomwoo/contributions/compute-benchmark/OsakaTX/scripts/../results/slam15m_noise_n000_lifelong_20260908T150401Z.csv"
2026-09-08T15:05:21Z,33,"slam15m_noise_n000_lifelong",191,"python3",0.1,69840,46604,"/usr/bin/python3 -c from ros2cli.daemon.daemonize import main; main() --name ros2-daemon --ros-domain-id 0 --rmw-implementation rmw_fastrtps_cpp"
2026-09-08T15:05:21Z,33,"slam15m_noise_n000_lifelong",57323,"python3",4.9,72596,49290,"python3 /oomwoo/contributions/compute-benchmark/OsakaTX/scripts/synthetic_scan_publisher.py --duration 505 --loop-s 40 --hz 5.0 --room-half 7.5 --noise 0.0"
2026-09-08T15:05:21Z,33,"slam15m_noise_n000_lifelong",57339,"ros2",1.0,74248,51263,"/usr/bin/python3 /opt/ros/jazzy/bin/ros2 launch /oomwoo/contributions/compute-benchmark/OsakaTX/scripts/lifelong_launch.py slam_params_file:=/oomwoo/contributions/compute-benchmark/OsakaTX/scripts/lifelong_slam_params.yaml use_sim_time:=False autostart:=true"
2026-09-08T15:05:21Z,33,"slam15m_noise_n000_lifelong",57356,"lifelong_slam_t",54.7,65096,50823,"/opt/ros/jazzy/lib/slam_toolbox/lifelong_slam_toolbox_node --ros-args -r __node:=slam_toolbox -r __ns:=/ --params-file /oomwoo/contributions/compute-benchmark/OsakaTX/scripts/lifelong_slam_params.yaml --params-file /tmp/launch_params_abv_ihd8"
2026-09-08T15:05:21Z,33,"slam15m_noise_n000_lifelong",57390,"bash",0.3,4428,1111,"bash /oomwoo/contributions/compute-benchmark/xbattlax/scripts/measure_ros_processes.sh --pattern python3|lifelong_slam_toolbox_node --duration 470 --interval 2 --label slam15m_noise_n000_lifelong --output /oomwoo/contributions/compute-benchmark/OsakaTX/scripts/../results/slam15m_noise_n000_lifelong_20260908T150401Z.csv"
2026-09-08T15:05:23Z,34,"slam15m_noise_n000_lifelong",191,"python3",0.1,69840,46605,"/usr/bin/python3 -c from ros2cli.daemon.daemonize import main; main() --name ros2-daemon --ros-domain-id 0 --rmw-implementation rmw_fastrtps_cpp"
2026-09-08T15:05:23Z,34,"slam15m_noise_n000_lifelong",57323,"python3",4.9,72596,49293,"python3 /oomwoo/contributions/compute-benchmark/OsakaTX/scripts/synthetic_scan_publisher.py --duration 505 --loop-s 40 --hz 5.0 --room-half 7.5 --noise 0.0"
2026-09-08T15:05:23Z,34,"slam15m_noise_n000_lifelong",57339,"ros2",1.0,74256,51270,"/usr/bin/python3 /opt/ros/jazzy/bin/ros2 launch /oomwoo/contributions/compute-benchmark/OsakaTX/scripts/lifelong_launch.py slam_params_file:=/oomwoo/contributions/compute-benchmark/OsakaTX/scripts/lifelong_slam_params.yaml use_sim_time:=False autostart:=true"
2026-09-08T15:05:23Z,34,"slam15m_noise_n000_lifelong",57356,"lifelong_slam_t",54.3,65096,50824,"/opt/ros/jazzy/lib/slam_toolbox/lifelong_slam_toolbox_node --ros-args -r __node:=slam_toolbox -r __ns:=/ --params-file /oomwoo/contributions/compute-benchmark/OsakaTX/scripts/lifelong_slam_params.yaml --params-file /tmp/launch_params_abv_ihd8"
2026-09-08T15:05:23Z,34,"slam15m_noise_n000_lifelong",57390,"bash",0.3,4428,1112,"bash /oomwoo/contributions/compute-benchmark/xbattlax/scripts/measure_ros_processes.sh --pattern python3|lifelong_slam_toolbox_node --duration 470 --interval 2 --label slam15m_noise_n000_lifelong --output /oomwoo/contributions/compute-benchmark/OsakaTX/scripts/../results/slam15m_noise_n000_lifelong_20260908T150401Z.csv"
2026-09-08T15:05:25Z,35,"slam15m_noise_n000_lifelong",191,"python3",0.1,69840,46606,"/usr/bin/python3 -c from ros2cli.daemon.daemonize import main; main() --name ros2-daemon --ros-domain-id 0 --rmw-implementation rmw_fastrtps_cpp"
2026-09-08T15:05:25Z,35,"slam15m_noise_n000_lifelong",57323,"python3",4.8,72596,49291,"python3 /oomwoo/contributions/compute-benchmark/OsakaTX/scripts/synthetic_scan_publisher.py --duration 505 --loop-s 40 --hz 5.0 --room-half 7.5 --noise 0.0"
2026-09-08T15:05:25Z,35,"slam15m_noise_n000_lifelong",57339,"ros2",0.9,74256,51272,"/usr/bin/python3 /opt/ros/jazzy/bin/ros2 launch /oomwoo/contributions/compute-benchmark/OsakaTX/scripts/lifelong_launch.py slam_params_file:=/oomwoo/contributions/compute-benchmark/OsakaTX/scripts/lifelong_slam_params.yaml use_sim_time:=False autostart:=true"
2026-09-08T15:05:25Z,35,"slam15m_noise_n000_lifelong",57356,"lifelong_slam_t",54.0,65096,50827,"/opt/ros/jazzy/lib/slam_toolbox/lifelong_slam_toolbox_node --ros-args -r __node:=slam_toolbox -r __ns:=/ --params-file /oomwoo/contributions/compute-benchmark/OsakaTX/scripts/lifelong_slam_params.yaml --params-file /tmp/launch_params_abv_ihd8"
2026-09-08T15:05:25Z,35,"slam15m_noise_n000_lifelong",57390,"bash",0.3,4428,1111,"bash /oomwoo/contributions/compute-benchmark/xbattlax/scripts/measure_ros_processes.sh --pattern python3|lifelong_slam_toolbox_node --duration 470 --interval 2 --label slam15m_noise_n000_lifelong --output /oomwoo/contributions/compute-benchmark/OsakaTX/scripts/../results/slam15m_noise_n000_lifelong_20260908T150401Z.csv"
2026-09-08T15:05:27Z,36,"slam15m_noise_n000_lifelong",191,"python3",0.1,69840,46605,"/usr/bin/python3 -c from ros2cli.daemon.daemonize import main; main() --name ros2-daemon --ros-domain-id 0 --rmw-implementation rmw_fastrtps_cpp"
2026-09-08T15:05:27Z,36,"slam15m_noise_n000_lifelong",57323,"python3",4.8,72596,49288,"python3 /oomwoo/contributions/compute-benchmark/OsakaTX/scripts/synthetic_scan_publisher.py --duration 505 --loop-s 40 --hz 5.0 --room-half 7.5 --noise 0.0"
2026-09-08T15:05:27Z,36,"slam15m_noise_n000_lifelong",57339,"ros2",0.9,74256,51271,"/usr/bin/python3 /opt/ros/jazzy/bin/ros2 launch /oomwoo/contributions/compute-benchmark/OsakaTX/scripts/lifelong_launch.py slam_params_file:=/oomwoo/contributions/compute-benchmark/OsakaTX/scripts/lifelong_slam_params.yaml use_sim_time:=False autostart:=true"
2026-09-08T15:05:27Z,36,"slam15m_noise_n000_lifelong",57356,"lifelong_slam_t",54.0,65108,50836,"/opt/ros/jazzy/lib/slam_toolbox/lifelong_slam_toolbox_node --ros-args -r __node:=slam_toolbox -r __ns:=/ --params-file /oomwoo/contributions/compute-benchmark/OsakaTX/scripts/lifelong_slam_params.yaml --params-file /tmp/launch_params_abv_ihd8"
2026-09-08T15:05:27Z,36,"slam15m_noise_n000_lifelong",57390,"bash",0.3,4428,1115,"bash /oomwoo/contributions/compute-benchmark/xbattlax/scripts/measure_ros_processes.sh --pattern python3|lifelong_slam_toolbox_node --duration 470 --interval 2 --label slam15m_noise_n000_lifelong --output /oomwoo/contributions/compute-benchmark/OsakaTX/scripts/../results/slam15m_noise_n000_lifelong_20260908T150401Z.csv"
2026-09-08T15:05:30Z,37,"slam15m_noise_n000_lifelong",191,"python3",0.1,69840,46606,"/usr/bin/python3 -c from ros2cli.daemon.daemonize import main; main() --name ros2-daemon --ros-domain-id 0 --rmw-implementation rmw_fastrtps_cpp"
2026-09-08T15:05:30Z,37,"slam15m_noise_n000_lifelong",57323,"python3",4.8,72596,49293,"python3 /oomwoo/contributions/compute-benchmark/OsakaTX/scripts/synthetic_scan_publisher.py --duration 505 --loop-s 40 --hz 5.0 --room-half 7.5 --noise 0.0"
2026-09-08T15:05:30Z,37,"slam15m_noise_n000_lifelong",57339,"ros2",0.9,74264,51278,"/usr/bin/python3 /opt/ros/jazzy/bin/ros2 launch /oomwoo/contributions/compute-benchmark/OsakaTX/scripts/lifelong_launch.py slam_params_file:=/oomwoo/contributions/compute-benchmark/OsakaTX/scripts/lifelong_slam_params.yaml use_sim_time:=False autostart:=true"
2026-09-08T15:05:30Z,37,"slam15m_noise_n000_lifelong",57356,"lifelong_slam_t",53.8,65108,50837,"/opt/ros/jazzy/lib/slam_toolbox/lifelong_slam_toolbox_node --ros-args -r __node:=slam_toolbox -r __ns:=/ --params-file /oomwoo/contributions/compute-benchmark/OsakaTX/scripts/lifelong_slam_params.yaml --params-file /tmp/launch_params_abv_ihd8"
2026-09-08T15:05:30Z,37,"slam15m_noise_n000_lifelong",57390,"bash",0.3,4428,1111,"bash /oomwoo/contributions/compute-benchmark/xbattlax/scripts/measure_ros_processes.sh --pattern python3|lifelong_slam_toolbox_node --duration 470 --interval 2 --label slam15m_noise_n000_lifelong --output /oomwoo/contributions/compute-benchmark/OsakaTX/scripts/../results/slam15m_noise_n000_lifelong_20260908T150401Z.csv"
2026-09-08T15:05:32Z,38,"slam15m_noise_n000_lifelong",191,"python3",0.1,69840,46606,"/usr/bin/python3 -c from ros2cli.daemon.daemonize import main; main() --name ros2-daemon --ros-domain-id 0 --rmw-implementation rmw_fastrtps_cpp"
2026-09-08T15:05:32Z,38,"slam15m_noise_n000_lifelong",57323,"python3",4.8,72596,49290,"python3 /oomwoo/contributions/compute-benchmark/OsakaTX/scripts/synthetic_scan_publisher.py --duration 505 --loop-s 40 --hz 5.0 --room-half 7.5 --noise 0.0"
2026-09-08T15:05:32Z,38,"slam15m_noise_n000_lifelong",57339,"ros2",0.9,74276,51290,"/usr/bin/python3 /opt/ros/jazzy/bin/ros2 launch /oomwoo/contributions/compute-benchmark/OsakaTX/scripts/lifelong_launch.py slam_params_file:=/oomwoo/contributions/compute-benchmark/OsakaTX/scripts/lifelong_slam_params.yaml use_sim_time:=False autostart:=true"
2026-09-08T15:05:32Z,38,"slam15m_noise_n000_lifelong",57356,"lifelong_slam_t",54.4,65112,50840,"/opt/ros/jazzy/lib/slam_toolbox/lifelong_slam_toolbox_node --ros-args -r __node:=slam_toolbox -r __ns:=/ --params-file /oomwoo/contributions/compute-benchmark/OsakaTX/scripts/lifelong_slam_params.yaml --params-file /tmp/launch_params_abv_ihd8"
2026-09-08T15:05:32Z,38,"slam15m_noise_n000_lifelong",57390,"bash",0.3,4428,1111,"bash /oomwoo/contributions/compute-benchmark/xbattlax/scripts/measure_ros_processes.sh --pattern python3|lifelong_slam_toolbox_node --duration 470 --interval 2 --label slam15m_noise_n000_lifelong --output /oomwoo/contributions/compute-benchmark/OsakaTX/scripts/../results/slam15m_noise_n000_lifelong_20260908T150401Z.csv"
2026-09-08T15:05:34Z,39,"slam15m_noise_n000_lifelong",191,"python3",0.1,69840,46605,"/usr/bin/python3 -c from ros2cli.daemon.daemonize import main; main() --name ros2-daemon --ros-domain-id 0 --rmw-implementation rmw_fastrtps_cpp"
2026-09-08T15:05:34Z,39,"slam15m_noise_n000_lifelong",57323,"python3",4.8,72596,49290,"python3 /oomwoo/contributions/compute-benchmark/OsakaTX/scripts/synthetic_scan_publisher.py --duration 505 --loop-s 40 --hz 5.0 --room-half 7.5 --noise 0.0"
2026-09-08T15:05:34Z,39,"slam15m_noise_n000_lifelong",57339,"ros2",0.9,74276,51289,"/usr/bin/python3 /opt/ros/jazzy/bin/ros2 launch /oomwoo/contributions/compute-benchmark/OsakaTX/scripts/lifelong_launch.py slam_params_file:=/oomwoo/contributions/compute-benchmark/OsakaTX/scripts/lifelong_slam_params.yaml use_sim_time:=False autostart:=true"
2026-09-08T15:05:34Z,39,"slam15m_noise_n000_lifelong",57356,"lifelong_slam_t",55.5,65112,50840,"/opt/ros/jazzy/lib/slam_toolbox/lifelong_slam_toolbox_node --ros-args -r __node:=slam_toolbox -r __ns:=/ --params-file /oomwoo/contributions/compute-benchmark/OsakaTX/scripts/lifelong_slam_params.yaml --params-file /tmp/launch_params_abv_ihd8"
2026-09-08T15:05:34Z,39,"slam15m_noise_n000_lifelong",57390,"bash",0.3,4428,1113,"bash /oomwoo/contributions/compute-benchmark/xbattlax/scripts/measure_ros_processes.sh --pattern python3|lifelong_slam_toolbox_node --duration 470 --interval 2 --label slam15m_noise_n000_lifelong --output /oomwoo/contributions/compute-benchmark/OsakaTX/scripts/../results/slam15m_noise_n000_lifelong_20260908T150401Z.csv"
2026-09-08T15:05:36Z,40,"slam15m_noise_n000_lifelong",191,"python3",0.1,69840,46606,"/usr/bin/python3 -c from ros2cli.daemon.daemonize import main; main() --name ros2-daemon --ros-domain-id 0 --rmw-implementation rmw_fastrtps_cpp"
2026-09-08T15:05:36Z,40,"slam15m_noise_n000_lifelong",57323,"python3",4.8,72596,49293,"python3 /oomwoo/contributions/compute-benchmark/OsakaTX/scripts/synthetic_scan_publisher.py --duration 505 --loop-s 40 --hz 5.0 --room-half 7.5 --noise 0.0"
2026-09-08T15:05:36Z,40,"slam15m_noise_n000_lifelong",57339,"ros2",0.9,74276,51291,"/usr/bin/python3 /opt/ros/jazzy/bin/ros2 launch /oomwoo/contributions/compute-benchmark/OsakaTX/scripts/lifelong_launch.py slam_params_file:=/oomwoo/contributions/compute-benchmark/OsakaTX/scripts/lifelong_slam_params.yaml use_sim_time:=False autostart:=true"
2026-09-08T15:05:36Z,40,"slam15m_noise_n000_lifelong",57356,"lifelong_slam_t",56.5,65112,50843,"/opt/ros/jazzy/lib/slam_toolbox/lifelong_slam_toolbox_node --ros-args -r __node:=slam_toolbox -r __ns:=/ --params-file /oomwoo/contributions/compute-benchmark/OsakaTX/scripts/lifelong_slam_params.yaml --params-file /tmp/launch_params_abv_ihd8"
2026-09-08T15:05:36Z,40,"slam15m_noise_n000_lifelong",57390,"bash",0.3,4428,1110,"bash /oomwoo/contributions/compute-benchmark/xbattlax/scripts/measure_ros_processes.sh --pattern python3|lifelong_slam_toolbox_node --duration 470 --interval 2 --label slam15m_noise_n000_lifelong --output /oomwoo/contributions/compute-benchmark/OsakaTX/scripts/../results/slam15m_noise_n000_lifelong_20260908T150401Z.csv"
2026-09-08T15:05:38Z,41,"slam15m_noise_n000_lifelong",191,"python3",0.1,69840,46605,"/usr/bin/python3 -c from ros2cli.daemon.daemonize import main; main() --name ros2-daemon --ros-domain-id 0 --rmw-implementation rmw_fastrtps_cpp"
2026-09-08T15:05:38Z,41,"slam15m_noise_n000_lifelong",57323,"python3",4.8,72596,49288,"python3 /oomwoo/contributions/compute-benchmark/OsakaTX/scripts/synthetic_scan_publisher.py --duration 505 --loop-s 40 --hz 5.0 --room-half 7.5 --noise 0.0"
2026-09-08T15:05:38Z,41,"slam15m_noise_n000_lifelong",57339,"ros2",0.9,74280,51296,"/usr/bin/python3 /opt/ros/jazzy/bin/ros2 launch /oomwoo/contributions/compute-benchmark/OsakaTX/scripts/lifelong_launch.py slam_params_file:=/oomwoo/contributions/compute-benchmark/OsakaTX/scripts/lifelong_slam_params.yaml use_sim_time:=False autostart:=true"
2026-09-08T15:05:38Z,41,"slam15m_noise_n000_lifelong",57356,"lifelong_slam_t",57.6,65112,50840,"/opt/ros/jazzy/lib/slam_toolbox/lifelong_slam_toolbox_node --ros-args -r __node:=slam_toolbox -r __ns:=/ --params-file /oomwoo/contributions/compute-benchmark/OsakaTX/scripts/lifelong_slam_params.yaml --params-file /tmp/launch_params_abv_ihd8"
2026-09-08T15:05:38Z,41,"slam15m_noise_n000_lifelong",57390,"bash",0.3,4428,1109,"bash /oomwoo/contributions/compute-benchmark/xbattlax/scripts/measure_ros_processes.sh --pattern python3|lifelong_slam_toolbox_node --duration 470 --interval 2 --label slam15m_noise_n000_lifelong --output /oomwoo/contributions/compute-benchmark/OsakaTX/scripts/../results/slam15m_noise_n000_lifelong_20260908T150401Z.csv"
2026-09-08T15:05:40Z,42,"slam15m_noise_n000_lifelong",191,"python3",0.1,69840,46605,"/usr/bin/python3 -c from ros2cli.daemon.daemonize import main; main() --name ros2-daemon --ros-domain-id 0 --rmw-implementation rmw_fastrtps_cpp"
2026-09-08T15:05:40Z,42,"slam15m_noise_n000_lifelong",57323,"python3",4.8,72596,49293,"python3 /oomwoo/contributions/compute-benchmark/OsakaTX/scripts/synthetic_scan_publisher.py --duration 505 --loop-s 40 --hz 5.0 --room-half 7.5 --noise 0.0"
2026-09-08T15:05:40Z,42,"slam15m_noise_n000_lifelong",57339,"ros2",0.9,74280,51295,"/usr/bin/python3 /opt/ros/jazzy/bin/ros2 launch /oomwoo/contributions/compute-benchmark/OsakaTX/scripts/lifelong_launch.py slam_params_file:=/oomwoo/contributions/compute-benchmark/OsakaTX/scripts/lifelong_slam_params.yaml use_sim_time:=False autostart:=true"
2026-09-08T15:05:40Z,42,"slam15m_noise_n000_lifelong",57356,"lifelong_slam_t",58.7,65112,50839,"/opt/ros/jazzy/lib/slam_toolbox/lifelong_slam_toolbox_node --ros-args -r __node:=slam_toolbox -r __ns:=/ --params-file /oomwoo/contributions/compute-benchmark/OsakaTX/scripts/lifelong_slam_params.yaml --params-file /tmp/launch_params_abv_ihd8"
2026-09-08T15:05:40Z,42,"slam15m_noise_n000_lifelong",57390,"bash",0.3,4428,1113,"bash /oomwoo/contributions/compute-benchmark/xbattlax/scripts/measure_ros_processes.sh --pattern python3|lifelong_slam_toolbox_node --duration 470 --interval 2 --label slam15m_noise_n000_lifelong --output /oomwoo/contributions/compute-benchmark/OsakaTX/scripts/../results/slam15m_noise_n000_lifelong_20260908T150401Z.csv"
2026-09-08T15:05:42Z,43,"slam15m_noise_n000_lifelong",191,"python3",0.1,69840,46607,"/usr/bin/python3 -c from ros2cli.daemon.daemonize import main; main() --name ros2-daemon --ros-domain-id 0 --rmw-implementation rmw_fastrtps_cpp"
2026-09-08T15:05:42Z,43,"slam15m_noise_n000_lifelong",57323,"python3",4.8,72596,49297,"python3 /oomwoo/contributions/compute-benchmark/OsakaTX/scripts/synthetic_scan_publisher.py --duration 505 --loop-s 40 --hz 5.0 --room-half 7.5 --noise 0.0"
2026-09-08T15:05:42Z,43,"slam15m_noise_n000_lifelong",57339,"ros2",0.8,74280,51295,"/usr/bin/python3 /opt/ros/jazzy/bin/ros2 launch /oomwoo/contributions/compute-benchmark/OsakaTX/scripts/lifelong_launch.py slam_params_file:=/oomwoo/contributions/compute-benchmark/OsakaTX/scripts/lifelong_slam_params.yaml use_sim_time:=False autostart:=true"
2026-09-08T15:05:42Z,43,"slam15m_noise_n000_lifelong",57356,"lifelong_slam_t",58.3,65112,50840,"/opt/ros/jazzy/lib/slam_toolbox/lifelong_slam_toolbox_node --ros-args -r __node:=slam_toolbox -r __ns:=/ --params-file /oomwoo/contributions/compute-benchmark/OsakaTX/scripts/lifelong_slam_params.yaml --params-file /tmp/launch_params_abv_ihd8"
2026-09-08T15:05:42Z,43,"slam15m_noise_n000_lifelong",57390,"bash",0.3,4428,1109,"bash /oomwoo/contributions/compute-benchmark/xbattlax/scripts/measure_ros_processes.sh --pattern python3|lifelong_slam_toolbox_node --duration 470 --interval 2 --label slam15m_noise_n000_lifelong --output /oomwoo/contributions/compute-benchmark/OsakaTX/scripts/../results/slam15m_noise_n000_lifelong_20260908T150401Z.csv"
2026-09-08T15:05:45Z,44,"slam15m_noise_n000_lifelong",191,"python3",0.1,69840,46607,"/usr/bin/python3 -c from ros2cli.daemon.daemonize import main; main() --name ros2-daemon --ros-domain-id 0 --rmw-implementation rmw_fastrtps_cpp"
2026-09-08T15:05:45Z,44,"slam15m_noise_n000_lifelong",57323,"python3",4.7,72596,49288,"python3 /oomwoo/contributions/compute-benchmark/OsakaTX/scripts/synthetic_scan_publisher.py --duration 505 --loop-s 40 --hz 5.0 --room-half 7.5 --noise 0.0"
2026-09-08T15:05:45Z,44,"slam15m_noise_n000_lifelong",57339,"ros2",0.8,74292,51307,"/usr/bin/python3 /opt/ros/jazzy/bin/ros2 launch /oomwoo/contributions/compute-benchmark/OsakaTX/scripts/lifelong_launch.py slam_params_file:=/oomwoo/contributions/compute-benchmark/OsakaTX/scripts/lifelong_slam_params.yaml use_sim_time:=False autostart:=true"
2026-09-08T15:05:45Z,44,"slam15m_noise_n000_lifelong",57356,"lifelong_slam_t",58.3,65144,50875,"/opt/ros/jazzy/lib/slam_toolbox/lifelong_slam_toolbox_node --ros-args -r __node:=slam_toolbox -r __ns:=/ --params-file /oomwoo/contributions/compute-benchmark/OsakaTX/scripts/lifelong_slam_params.yaml --params-file /tmp/launch_params_abv_ihd8"
2026-09-08T15:05:45Z,44,"slam15m_noise_n000_lifelong",57390,"bash",0.3,4428,1113,"bash /oomwoo/contributions/compute-benchmark/xbattlax/scripts/measure_ros_processes.sh --pattern python3|lifelong_slam_toolbox_node --duration 470 --interval 2 --label slam15m_noise_n000_lifelong --output /oomwoo/contributions/compute-benchmark/OsakaTX/scripts/../results/slam15m_noise_n000_lifelong_20260908T150401Z.csv"
2026-09-08T15:05:47Z,45,"slam15m_noise_n000_lifelong",191,"python3",0.1,69840,46605,"/usr/bin/python3 -c from ros2cli.daemon.daemonize import main; main() --name ros2-daemon --ros-domain-id 0 --rmw-implementation rmw_fastrtps_cpp"
2026-09-08T15:05:47Z,45,"slam15m_noise_n000_lifelong",57323,"python3",4.7,72596,49295,"python3 /oomwoo/contributions/compute-benchmark/OsakaTX/scripts/synthetic_scan_publisher.py --duration 505 --loop-s 40 --hz 5.0 --room-half 7.5 --noise 0.0"
2026-09-08T15:05:47Z,45,"slam15m_noise_n000_lifelong",57339,"ros2",0.8,74292,51308,"/usr/bin/python3 /opt/ros/jazzy/bin/ros2 launch /oomwoo/contributions/compute-benchmark/OsakaTX/scripts/lifelong_launch.py slam_params_file:=/oomwoo/contributions/compute-benchmark/OsakaTX/scripts/lifelong_slam_params.yaml use_sim_time:=False autostart:=true"
2026-09-08T15:05:47Z,45,"slam15m_noise_n000_lifelong",57356,"lifelong_slam_t",58.2,65144,50871,"/opt/ros/jazzy/lib/slam_toolbox/lifelong_slam_toolbox_node --ros-args -r __node:=slam_toolbox -r __ns:=/ --params-file /oomwoo/contributions/compute-benchmark/OsakaTX/scripts/lifelong_slam_params.yaml --params-file /tmp/launch_params_abv_ihd8"
2026-09-08T15:05:47Z,45,"slam15m_noise_n000_lifelong",57390,"bash",0.3,4428,1109,"bash /oomwoo/contributions/compute-benchmark/xbattlax/scripts/measure_ros_processes.sh --pattern python3|lifelong_slam_toolbox_node --duration 470 --interval 2 --label slam15m_noise_n000_lifelong --output /oomwoo/contributions/compute-benchmark/OsakaTX/scripts/../results/slam15m_noise_n000_lifelong_20260908T150401Z.csv"
2026-09-08T15:05:49Z,46,"slam15m_noise_n000_lifelong",191,"python3",0.1,69840,46605,"/usr/bin/python3 -c from ros2cli.daemon.daemonize import main; main() --name ros2-daemon --ros-domain-id 0 --rmw-implementation rmw_fastrtps_cpp"
2026-09-08T15:05:49Z,46,"slam15m_noise_n000_lifelong",57323,"python3",4.7,72596,49288,"python3 /oomwoo/contributions/compute-benchmark/OsakaTX/scripts/synthetic_scan_publisher.py --duration 505 --loop-s 40 --hz 5.0 --room-half 7.5 --noise 0.0"
2026-09-08T15:05:49Z,46,"slam15m_noise_n000_lifelong",57339,"ros2",0.8,74292,51306,"/usr/bin/python3 /opt/ros/jazzy/bin/ros2 launch /oomwoo/contributions/compute-benchmark/OsakaTX/scripts/lifelong_launch.py slam_params_file:=/oomwoo/contributions/compute-benchmark/OsakaTX/scripts/lifelong_slam_params.yaml use_sim_time:=False autostart:=true"
2026-09-08T15:05:49Z,46,"slam15m_noise_n000_lifelong",57356,"lifelong_slam_t",58.0,65144,50871,"/opt/ros/jazzy/lib/slam_toolbox/lifelong_slam_toolbox_node --ros-args -r __node:=slam_toolbox -r __ns:=/ --params-file /oomwoo/contributions/compute-benchmark/OsakaTX/scripts/lifelong_slam_params.yaml --params-file /tmp/launch_params_abv_ihd8"
2026-09-08T15:05:49Z,46,"slam15m_noise_n000_lifelong",57390,"bash",0.3,4428,1115,"bash /oomwoo/contributions/compute-benchmark/xbattlax/scripts/measure_ros_processes.sh --pattern python3|lifelong_slam_toolbox_node --duration 470 --interval 2 --label slam15m_noise_n000_lifelong --output /oomwoo/contributions/compute-benchmark/OsakaTX/scripts/../results/slam15m_noise_n000_lifelong_20260908T150401Z.csv"
2026-09-08T15:05:51Z,47,"slam15m_noise_n000_lifelong",191,"python3",0.1,69840,46606,"/usr/bin/python3 -c from ros2cli.daemon.daemonize import main; main() --name ros2-daemon --ros-domain-id 0 --rmw-implementation rmw_fastrtps_cpp"
2026-09-08T15:05:51Z,47,"slam15m_noise_n000_lifelong",57323,"python3",4.7,72596,49291,"python3 /oomwoo/contributions/compute-benchmark/OsakaTX/scripts/synthetic_scan_publisher.py --duration 505 --loop-s 40 --hz 5.0 --room-half 7.5 --noise 0.0"
2026-09-08T15:05:51Z,47,"slam15m_noise_n000_lifelong",57339,"ros2",0.8,74292,51306,"/usr/bin/python3 /opt/ros/jazzy/bin/ros2 launch /oomwoo/contributions/compute-benchmark/OsakaTX/scripts/lifelong_launch.py slam_params_file:=/oomwoo/contributions/compute-benchmark/OsakaTX/scripts/lifelong_slam_params.yaml use_sim_time:=False autostart:=true"
2026-09-08T15:05:51Z,47,"slam15m_noise_n000_lifelong",57356,"lifelong_slam_t",57.8,65284,51012,"/opt/ros/jazzy/lib/slam_toolbox/lifelong_slam_toolbox_node --ros-args -r __node:=slam_toolbox -r __ns:=/ --params-file /oomwoo/contributions/compute-benchmark/OsakaTX/scripts/lifelong_slam_params.yaml --params-file /tmp/launch_params_abv_ihd8"
2026-09-08T15:05:51Z,47,"slam15m_noise_n000_lifelong",57390,"bash",0.3,4428,1108,"bash /oomwoo/contributions/compute-benchmark/xbattlax/scripts/measure_ros_processes.sh --pattern python3|lifelong_slam_toolbox_node --duration 470 --interval 2 --label slam15m_noise_n000_lifelong --output /oomwoo/contributions/compute-benchmark/OsakaTX/scripts/../results/slam15m_noise_n000_lifelong_20260908T150401Z.csv"
2026-09-08T15:05:53Z,48,"slam15m_noise_n000_lifelong",191,"python3",0.1,69840,46606,"/usr/bin/python3 -c from ros2cli.daemon.daemonize import main; main() --name ros2-daemon --ros-domain-id 0 --rmw-implementation rmw_fastrtps_cpp"
2026-09-08T15:05:53Z,48,"slam15m_noise_n000_lifelong",57323,"python3",4.7,72596,49290,"python3 /oomwoo/contributions/compute-benchmark/OsakaTX/scripts/synthetic_scan_publisher.py --duration 505 --loop-s 40 --hz 5.0 --room-half 7.5 --noise 0.0"
2026-09-08T15:05:53Z,48,"slam15m_noise_n000_lifelong",57339,"ros2",0.8,74300,51314,"/usr/bin/python3 /opt/ros/jazzy/bin/ros2 launch /oomwoo/contributions/compute-benchmark/OsakaTX/scripts/lifelong_launch.py slam_params_file:=/oomwoo/contributions/compute-benchmark/OsakaTX/scripts/lifelong_slam_params.yaml use_sim_time:=False autostart:=true"
2026-09-08T15:05:53Z,48,"slam15m_noise_n000_lifelong",57356,"lifelong_slam_t",57.9,65284,51011,"/opt/ros/jazzy/lib/slam_toolbox/lifelong_slam_toolbox_node --ros-args -r __node:=slam_toolbox -r __ns:=/ --params-file /oomwoo/contributions/compute-benchmark/OsakaTX/scripts/lifelong_slam_params.yaml --params-file /tmp/launch_params_abv_ihd8"
2026-09-08T15:05:53Z,48,"slam15m_noise_n000_lifelong",57390,"bash",0.3,4428,1115,"bash /oomwoo/contributions/compute-benchmark/xbattlax/scripts/measure_ros_processes.sh --pattern python3|lifelong_slam_toolbox_node --duration 470 --interval 2 --label slam15m_noise_n000_lifelong --output /oomwoo/contributions/compute-benchmark/OsakaTX/scripts/../results/slam15m_noise_n000_lifelong_20260908T150401Z.csv"
2026-09-08T15:05:55Z,49,"slam15m_noise_n000_lifelong",191,"python3",0.1,69840,46606,"/usr/bin/python3 -c from ros2cli.daemon.daemonize import main; main() --name ros2-daemon --ros-domain-id 0 --rmw-implementation rmw_fastrtps_cpp"
2026-09-08T15:05:55Z,49,"slam15m_noise_n000_lifelong",57323,"python3",4.7,72596,49288,"python3 /oomwoo/contributions/compute-benchmark/OsakaTX/scripts/synthetic_scan_publisher.py --duration 505 --loop-s 40 --hz 5.0 --room-half 7.5 --noise 0.0"
2026-09-08T15:05:55Z,49,"slam15m_noise_n000_lifelong",57339,"ros2",0.8,74300,51315,"/usr/bin/python3 /opt/ros/jazzy/bin/ros2 launch /oomwoo/contributions/compute-benchmark/OsakaTX/scripts/lifelong_launch.py slam_params_file:=/oomwoo/contributions/compute-benchmark/OsakaTX/scripts/lifelong_slam_params.yaml use_sim_time:=False autostart:=true"
2026-09-08T15:05:55Z,49,"slam15m_noise_n000_lifelong",57356,"lifelong_slam_t",57.7,65396,51124,"/opt/ros/jazzy/lib/slam_toolbox/lifelong_slam_toolbox_node --ros-args -r __node:=slam_toolbox -r __ns:=/ --params-file /oomwoo/contributions/compute-benchmark/OsakaTX/scripts/lifelong_slam_params.yaml --params-file /tmp/launch_params_abv_ihd8"
2026-09-08T15:05:55Z,49,"slam15m_noise_n000_lifelong",57390,"bash",0.3,4432,1115,"bash /oomwoo/contributions/compute-benchmark/xbattlax/scripts/measure_ros_processes.sh --pattern python3|lifelong_slam_toolbox_node --duration 470 --interval 2 --label slam15m_noise_n000_lifelong --output /oomwoo/contributions/compute-benchmark/OsakaTX/scripts/../results/slam15m_noise_n000_lifelong_20260908T150401Z.csv"
2026-09-08T15:05:57Z,50,"slam15m_noise_n000_lifelong",191,"python3",0.1,69840,46605,"/usr/bin/python3 -c from ros2cli.daemon.daemonize import main; main() --name ros2-daemon --ros-domain-id 0 --rmw-implementation rmw_fastrtps_cpp"
2026-09-08T15:05:57Z,50,"slam15m_noise_n000_lifelong",57323,"python3",4.7,72596,49291,"python3 /oomwoo/contributions/compute-benchmark/OsakaTX/scripts/synthetic_scan_publisher.py --duration 505 --loop-s 40 --hz 5.0 --room-half 7.5 --noise 0.0"
2026-09-08T15:05:57Z,50,"slam15m_noise_n000_lifelong",57339,"ros2",0.8,74300,51314,"/usr/bin/python3 /opt/ros/jazzy/bin/ros2 launch /oomwoo/contributions/compute-benchmark/OsakaTX/scripts/lifelong_launch.py slam_params_file:=/oomwoo/contributions/compute-benchmark/OsakaTX/scripts/lifelong_slam_params.yaml use_sim_time:=False autostart:=true"
2026-09-08T15:05:57Z,50,"slam15m_noise_n000_lifelong",57356,"lifelong_slam_t",57.6,65396,51125,"/opt/ros/jazzy/lib/slam_toolbox/lifelong_slam_toolbox_node --ros-args -r __node:=slam_toolbox -r __ns:=/ --params-file /oomwoo/contributions/compute-benchmark/OsakaTX/scripts/lifelong_slam_params.yaml --params-file /tmp/launch_params_abv_ihd8"
2026-09-08T15:05:57Z,50,"slam15m_noise_n000_lifelong",57390,"bash",0.3,4432,1112,"bash /oomwoo/contributions/compute-benchmark/xbattlax/scripts/measure_ros_processes.sh --pattern python3|lifelong_slam_toolbox_node --duration 470 --interval 2 --label slam15m_noise_n000_lifelong --output /oomwoo/contributions/compute-benchmark/OsakaTX/scripts/../results/slam15m_noise_n000_lifelong_20260908T150401Z.csv"
2026-09-08T15:05:59Z,51,"slam15m_noise_n000_lifelong",191,"python3",0.1,69840,46605,"/usr/bin/python3 -c from ros2cli.daemon.daemonize import main; main() --name ros2-daemon --ros-domain-id 0 --rmw-implementation rmw_fastrtps_cpp"
2026-09-08T15:05:59Z,51,"slam15m_noise_n000_lifelong",57323,"python3",4.7,72596,49295,"python3 /oomwoo/contributions/compute-benchmark/OsakaTX/scripts/synthetic_scan_publisher.py --duration 505 --loop-s 40 --hz 5.0 --room-half 7.5 --noise 0.0"
2026-09-08T15:05:59Z,51,"slam15m_noise_n000_lifelong",57339,"ros2",0.8,74300,51315,"/usr/bin/python3 /opt/ros/jazzy/bin/ros2 launch /oomwoo/contributions/compute-benchmark/OsakaTX/scripts/lifelong_launch.py slam_params_file:=/oomwoo/contributions/compute-benchmark/OsakaTX/scripts/lifelong_slam_params.yaml use_sim_time:=False autostart:=true"
2026-09-08T15:05:59Z,51,"slam15m_noise_n000_lifelong",57356,"lifelong_slam_t",57.3,65396,51124,"/opt/ros/jazzy/lib/slam_toolbox/lifelong_slam_toolbox_node --ros-args -r __node:=slam_toolbox -r __ns:=/ --params-file /oomwoo/contributions/compute-benchmark/OsakaTX/scripts/lifelong_slam_params.yaml --params-file /tmp/launch_params_abv_ihd8"
2026-09-08T15:05:59Z,51,"slam15m_noise_n000_lifelong",57390,"bash",0.3,4432,1109,"bash /oomwoo/contributions/compute-benchmark/xbattlax/scripts/measure_ros_processes.sh --pattern python3|lifelong_slam_toolbox_node --duration 470 --interval 2 --label slam15m_noise_n000_lifelong --output /oomwoo/contributions/compute-benchmark/OsakaTX/scripts/../results/slam15m_noise_n000_lifelong_20260908T150401Z.csv"
2026-09-08T15:06:02Z,52,"slam15m_noise_n000_lifelong",191,"python3",0.1,69840,46605,"/usr/bin/python3 -c from ros2cli.daemon.daemonize import main; main() --name ros2-daemon --ros-domain-id 0 --rmw-implementation rmw_fastrtps_cpp"
2026-09-08T15:06:02Z,52,"slam15m_noise_n000_lifelong",57323,"python3",4.7,72596,49290,"python3 /oomwoo/contributions/compute-benchmark/OsakaTX/scripts/synthetic_scan_publisher.py --duration 505 --loop-s 40 --hz 5.0 --room-half 7.5 --noise 0.0"
2026-09-08T15:06:02Z,52,"slam15m_noise_n000_lifelong",57339,"ros2",0.8,74304,51317,"/usr/bin/python3 /opt/ros/jazzy/bin/ros2 launch /oomwoo/contributions/compute-benchmark/OsakaTX/scripts/lifelong_launch.py slam_params_file:=/oomwoo/contributions/compute-benchmark/OsakaTX/scripts/lifelong_slam_params.yaml use_sim_time:=False autostart:=true"
2026-09-08T15:06:02Z,52,"slam15m_noise_n000_lifelong",57356,"lifelong_slam_t",57.2,65396,51125,"/opt/ros/jazzy/lib/slam_toolbox/lifelong_slam_toolbox_node --ros-args -r __node:=slam_toolbox -r __ns:=/ --params-file /oomwoo/contributions/compute-benchmark/OsakaTX/scripts/lifelong_slam_params.yaml --params-file /tmp/launch_params_abv_ihd8"
2026-09-08T15:06:02Z,52,"slam15m_noise_n000_lifelong",57390,"bash",0.3,4432,1113,"bash /oomwoo/contributions/compute-benchmark/xbattlax/scripts/measure_ros_processes.sh --pattern python3|lifelong_slam_toolbox_node --duration 470 --interval 2 --label slam15m_noise_n000_lifelong --output /oomwoo/contributions/compute-benchmark/OsakaTX/scripts/../results/slam15m_noise_n000_lifelong_20260908T150401Z.csv"
2026-09-08T15:06:04Z,53,"slam15m_noise_n000_lifelong",191,"python3",0.1,69840,46605,"/usr/bin/python3 -c from ros2cli.daemon.daemonize import main; main() --name ros2-daemon --ros-domain-id 0 --rmw-implementation rmw_fastrtps_cpp"
2026-09-08T15:06:04Z,53,"slam15m_noise_n000_lifelong",57323,"python3",4.7,72596,49300,"python3 /oomwoo/contributions/compute-benchmark/OsakaTX/scripts/synthetic_scan_publisher.py --duration 505 --loop-s 40 --hz 5.0 --room-half 7.5 --noise 0.0"
2026-09-08T15:06:04Z,53,"slam15m_noise_n000_lifelong",57339,"ros2",0.8,74304,51317,"/usr/bin/python3 /opt/ros/jazzy/bin/ros2 launch /oomwoo/contributions/compute-benchmark/OsakaTX/scripts/lifelong_launch.py slam_params_file:=/oomwoo/contributions/compute-benchmark/OsakaTX/scripts/lifelong_slam_params.yaml use_sim_time:=False autostart:=true"
2026-09-08T15:06:04Z,53,"slam15m_noise_n000_lifelong",57356,"lifelong_slam_t",57.1,65396,51124,"/opt/ros/jazzy/lib/slam_toolbox/lifelong_slam_toolbox_node --ros-args -r __node:=slam_toolbox -r __ns:=/ --params-file /oomwoo/contributions/compute-benchmark/OsakaTX/scripts/lifelong_slam_params.yaml --params-file /tmp/launch_params_abv_ihd8"
2026-09-08T15:06:04Z,53,"slam15m_noise_n000_lifelong",57390,"bash",0.3,4432,1111,"bash /oomwoo/contributions/compute-benchmark/xbattlax/scripts/measure_ros_processes.sh --pattern python3|lifelong_slam_toolbox_node --duration 470 --interval 2 --label slam15m_noise_n000_lifelong --output /oomwoo/contributions/compute-benchmark/OsakaTX/scripts/../results/slam15m_noise_n000_lifelong_20260908T150401Z.csv"
2026-09-08T15:06:06Z,54,"slam15m_noise_n000_lifelong",191,"python3",0.1,69840,46607,"/usr/bin/python3 -c from ros2cli.daemon.daemonize import main; main() --name ros2-daemon --ros-domain-id 0 --rmw-implementation rmw_fastrtps_cpp"
2026-09-08T15:06:06Z,54,"slam15m_noise_n000_lifelong",57323,"python3",4.7,72596,49290,"python3 /oomwoo/contributions/compute-benchmark/OsakaTX/scripts/synthetic_scan_publisher.py --duration 505 --loop-s 40 --hz 5.0 --room-half 7.5 --noise 0.0"
2026-09-08T15:06:06Z,54,"slam15m_noise_n000_lifelong",57339,"ros2",0.7,74304,51319,"/usr/bin/python3 /opt/ros/jazzy/bin/ros2 launch /oomwoo/contributions/compute-benchmark/OsakaTX/scripts/lifelong_launch.py slam_params_file:=/oomwoo/contributions/compute-benchmark/OsakaTX/scripts/lifelong_slam_params.yaml use_sim_time:=False autostart:=true"
2026-09-08T15:06:06Z,54,"slam15m_noise_n000_lifelong",57356,"lifelong_slam_t",56.8,65396,51125,"/opt/ros/jazzy/lib/slam_toolbox/lifelong_slam_toolbox_node --ros-args -r __node:=slam_toolbox -r __ns:=/ --params-file /oomwoo/contributions/compute-benchmark/OsakaTX/scripts/lifelong_slam_params.yaml --params-file /tmp/launch_params_abv_ihd8"
2026-09-08T15:06:06Z,54,"slam15m_noise_n000_lifelong",57390,"bash",0.3,4432,1113,"bash /oomwoo/contributions/compute-benchmark/xbattlax/scripts/measure_ros_processes.sh --pattern python3|lifelong_slam_toolbox_node --duration 470 --interval 2 --label slam15m_noise_n000_lifelong --output /oomwoo/contributions/compute-benchmark/OsakaTX/scripts/../results/slam15m_noise_n000_lifelong_20260908T150401Z.csv"
2026-09-08T15:06:08Z,55,"slam15m_noise_n000_lifelong",191,"python3",0.1,69840,46605,"/usr/bin/python3 -c from ros2cli.daemon.daemonize import main; main() --name ros2-daemon --ros-domain-id 0 --rmw-implementation rmw_fastrtps_cpp"
2026-09-08T15:06:08Z,55,"slam15m_noise_n000_lifelong",57323,"python3",4.7,72596,49290,"python3 /oomwoo/contributions/compute-benchmark/OsakaTX/scripts/synthetic_scan_publisher.py --duration 505 --loop-s 40 --hz 5.0 --room-half 7.5 --noise 0.0"
2026-09-08T15:06:08Z,55,"slam15m_noise_n000_lifelong",57339,"ros2",0.7,74304,51319,"/usr/bin/python3 /opt/ros/jazzy/bin/ros2 launch /oomwoo/contributions/compute-benchmark/OsakaTX/scripts/lifelong_launch.py slam_params_file:=/oomwoo/contributions/compute-benchmark/OsakaTX/scripts/lifelong_slam_params.yaml use_sim_time:=False autostart:=true"
2026-09-08T15:06:08Z,55,"slam15m_noise_n000_lifelong",57356,"lifelong_slam_t",56.7,65436,51165,"/opt/ros/jazzy/lib/slam_toolbox/lifelong_slam_toolbox_node --ros-args -r __node:=slam_toolbox -r __ns:=/ --params-file /oomwoo/contributions/compute-benchmark/OsakaTX/scripts/lifelong_slam_params.yaml --params-file /tmp/launch_params_abv_ihd8"
2026-09-08T15:06:08Z,55,"slam15m_noise_n000_lifelong",57390,"bash",0.3,4432,1111,"bash /oomwoo/contributions/compute-benchmark/xbattlax/scripts/measure_ros_processes.sh --pattern python3|lifelong_slam_toolbox_node --duration 470 --interval 2 --label slam15m_noise_n000_lifelong --output /oomwoo/contributions/compute-benchmark/OsakaTX/scripts/../results/slam15m_noise_n000_lifelong_20260908T150401Z.csv"
2026-09-08T15:06:10Z,56,"slam15m_noise_n000_lifelong",191,"python3",0.1,69840,46607,"/usr/bin/python3 -c from ros2cli.daemon.daemonize import main; main() --name ros2-daemon --ros-domain-id 0 --rmw-implementation rmw_fastrtps_cpp"
2026-09-08T15:06:10Z,56,"slam15m_noise_n000_lifelong",57323,"python3",4.7,72596,49300,"python3 /oomwoo/contributions/compute-benchmark/OsakaTX/scripts/synthetic_scan_publisher.py --duration 505 --loop-s 40 --hz 5.0 --room-half 7.5 --noise 0.0"
2026-09-08T15:06:10Z,56,"slam15m_noise_n000_lifelong",57339,"ros2",0.7,74304,51318,"/usr/bin/python3 /opt/ros/jazzy/bin/ros2 launch /oomwoo/contributions/compute-benchmark/OsakaTX/scripts/lifelong_launch.py slam_params_file:=/oomwoo/contributions/compute-benchmark/OsakaTX/scripts/lifelong_slam_params.yaml use_sim_time:=False autostart:=true"
2026-09-08T15:06:10Z,56,"slam15m_noise_n000_lifelong",57356,"lifelong_slam_t",56.7,65508,51235,"/opt/ros/jazzy/lib/slam_toolbox/lifelong_slam_toolbox_node --ros-args -r __node:=slam_toolbox -r __ns:=/ --params-file /oomwoo/contributions/compute-benchmark/OsakaTX/scripts/lifelong_slam_params.yaml --params-file /tmp/launch_params_abv_ihd8"
2026-09-08T15:06:10Z,56,"slam15m_noise_n000_lifelong",57390,"bash",0.3,4432,1111,"bash /oomwoo/contributions/compute-benchmark/xbattlax/scripts/measure_ros_processes.sh --pattern python3|lifelong_slam_toolbox_node --duration 470 --interval 2 --label slam15m_noise_n000_lifelong --output /oomwoo/contributions/compute-benchmark/OsakaTX/scripts/../results/slam15m_noise_n000_lifelong_20260908T150401Z.csv"
2026-09-08T15:06:12Z,57,"slam15m_noise_n000_lifelong",191,"python3",0.1,69840,46604,"/usr/bin/python3 -c from ros2cli.daemon.daemonize import main; main() --name ros2-daemon --ros-domain-id 0 --rmw-implementation rmw_fastrtps_cpp"
2026-09-08T15:06:12Z,57,"slam15m_noise_n000_lifelong",57323,"python3",4.7,72596,49290,"python3 /oomwoo/contributions/compute-benchmark/OsakaTX/scripts/synthetic_scan_publisher.py --duration 505 --loop-s 40 --hz 5.0 --room-half 7.5 --noise 0.0"
2026-09-08T15:06:12Z,57,"slam15m_noise_n000_lifelong",57339,"ros2",0.7,74304,51317,"/usr/bin/python3 /opt/ros/jazzy/bin/ros2 launch /oomwoo/contributions/compute-benchmark/OsakaTX/scripts/lifelong_launch.py slam_params_file:=/oomwoo/contributions/compute-benchmark/OsakaTX/scripts/lifelong_slam_params.yaml use_sim_time:=False autostart:=true"
2026-09-08T15:06:12Z,57,"slam15m_noise_n000_lifelong",57356,"lifelong_slam_t",56.6,65532,51261,"/opt/ros/jazzy/lib/slam_toolbox/lifelong_slam_toolbox_node --ros-args -r __node:=slam_toolbox -r __ns:=/ --params-file /oomwoo/contributions/compute-benchmark/OsakaTX/scripts/lifelong_slam_params.yaml --params-file /tmp/launch_params_abv_ihd8"
2026-09-08T15:06:12Z,57,"slam15m_noise_n000_lifelong",57390,"bash",0.3,4432,1115,"bash /oomwoo/contributions/compute-benchmark/xbattlax/scripts/measure_ros_processes.sh --pattern python3|lifelong_slam_toolbox_node --duration 470 --interval 2 --label slam15m_noise_n000_lifelong --output /oomwoo/contributions/compute-benchmark/OsakaTX/scripts/../results/slam15m_noise_n000_lifelong_20260908T150401Z.csv"
2026-09-08T15:06:14Z,58,"slam15m_noise_n000_lifelong",191,"python3",0.1,69840,46607,"/usr/bin/python3 -c from ros2cli.daemon.daemonize import main; main() --name ros2-daemon --ros-domain-id 0 --rmw-implementation rmw_fastrtps_cpp"
2026-09-08T15:06:14Z,58,"slam15m_noise_n000_lifelong",57323,"python3",4.7,72596,49288,"python3 /oomwoo/contributions/compute-benchmark/OsakaTX/scripts/synthetic_scan_publisher.py --duration 505 --loop-s 40 --hz 5.0 --room-half 7.5 --noise 0.0"
2026-09-08T15:06:14Z,58,"slam15m_noise_n000_lifelong",57339,"ros2",0.7,74304,51318,"/usr/bin/python3 /opt/ros/jazzy/bin/ros2 launch /oomwoo/contributions/compute-benchmark/OsakaTX/scripts/lifelong_launch.py slam_params_file:=/oomwoo/contributions/compute-benchmark/OsakaTX/scripts/lifelong_slam_params.yaml use_sim_time:=False autostart:=true"
2026-09-08T15:06:14Z,58,"slam15m_noise_n000_lifelong",57356,"lifelong_slam_t",56.5,65564,51293,"/opt/ros/jazzy/lib/slam_toolbox/lifelong_slam_toolbox_node --ros-args -r __node:=slam_toolbox -r __ns:=/ --params-file /oomwoo/contributions/compute-benchmark/OsakaTX/scripts/lifelong_slam_params.yaml --params-file /tmp/launch_params_abv_ihd8"
2026-09-08T15:06:14Z,58,"slam15m_noise_n000_lifelong",57390,"bash",0.3,4432,1113,"bash /oomwoo/contributions/compute-benchmark/xbattlax/scripts/measure_ros_processes.sh --pattern python3|lifelong_slam_toolbox_node --duration 470 --interval 2 --label slam15m_noise_n000_lifelong --output /oomwoo/contributions/compute-benchmark/OsakaTX/scripts/../results/slam15m_noise_n000_lifelong_20260908T150401Z.csv"
2026-09-08T15:06:16Z,59,"slam15m_noise_n000_lifelong",191,"python3",0.1,69840,46606,"/usr/bin/python3 -c from ros2cli.daemon.daemonize import main; main() --name ros2-daemon --ros-domain-id 0 --rmw-implementation rmw_fastrtps_cpp"
2026-09-08T15:06:16Z,59,"slam15m_noise_n000_lifelong",57323,"python3",4.7,72596,49291,"python3 /oomwoo/contributions/compute-benchmark/OsakaTX/scripts/synthetic_scan_publisher.py --duration 505 --loop-s 40 --hz 5.0 --room-half 7.5 --noise 0.0"
2026-09-08T15:06:16Z,59,"slam15m_noise_n000_lifelong",57339,"ros2",0.7,74304,51319,"/usr/bin/python3 /opt/ros/jazzy/bin/ros2 launch /oomwoo/contributions/compute-benchmark/OsakaTX/scripts/lifelong_launch.py slam_params_file:=/oomwoo/contributions/compute-benchmark/OsakaTX/scripts/lifelong_slam_params.yaml use_sim_time:=False autostart:=true"
2026-09-08T15:06:16Z,59,"slam15m_noise_n000_lifelong",57356,"lifelong_slam_t",56.5,65616,51344,"/opt/ros/jazzy/lib/slam_toolbox/lifelong_slam_toolbox_node --ros-args -r __node:=slam_toolbox -r __ns:=/ --params-file /oomwoo/contributions/compute-benchmark/OsakaTX/scripts/lifelong_slam_params.yaml --params-file /tmp/launch_params_abv_ihd8"
2026-09-08T15:06:16Z,59,"slam15m_noise_n000_lifelong",57390,"bash",0.3,4432,1111,"bash /oomwoo/contributions/compute-benchmark/xbattlax/scripts/measure_ros_processes.sh --pattern python3|lifelong_slam_toolbox_node --duration 470 --interval 2 --label slam15m_noise_n000_lifelong --output /oomwoo/contributions/compute-benchmark/OsakaTX/scripts/../results/slam15m_noise_n000_lifelong_20260908T150401Z.csv"
2026-09-08T15:06:19Z,60,"slam15m_noise_n000_lifelong",191,"python3",0.1,69840,46605,"/usr/bin/python3 -c from ros2cli.daemon.daemonize import main; main() --name ros2-daemon --ros-domain-id 0 --rmw-implementation rmw_fastrtps_cpp"
2026-09-08T15:06:19Z,60,"slam15m_noise_n000_lifelong",57323,"python3",4.7,72596,49288,"python3 /oomwoo/contributions/compute-benchmark/OsakaTX/scripts/synthetic_scan_publisher.py --duration 505 --loop-s 40 --hz 5.0 --room-half 7.5 --noise 0.0"
2026-09-08T15:06:19Z,60,"slam15m_noise_n000_lifelong",57339,"ros2",0.7,74304,51318,"/usr/bin/python3 /opt/ros/jazzy/bin/ros2 launch /oomwoo/contributions/compute-benchmark/OsakaTX/scripts/lifelong_launch.py slam_params_file:=/oomwoo/contributions/compute-benchmark/OsakaTX/scripts/lifelong_slam_params.yaml use_sim_time:=False autostart:=true"
2026-09-08T15:06:19Z,60,"slam15m_noise_n000_lifelong",57356,"lifelong_slam_t",56.7,65652,51381,"/opt/ros/jazzy/lib/slam_toolbox/lifelong_slam_toolbox_node --ros-args -r __node:=slam_toolbox -r __ns:=/ --params-file /oomwoo/contributions/compute-benchmark/OsakaTX/scripts/lifelong_slam_params.yaml --params-file /tmp/launch_params_abv_ihd8"
2026-09-08T15:06:19Z,60,"slam15m_noise_n000_lifelong",57390,"bash",0.3,4432,1118,"bash /oomwoo/contributions/compute-benchmark/xbattlax/scripts/measure_ros_processes.sh --pattern python3|lifelong_slam_toolbox_node --duration 470 --interval 2 --label slam15m_noise_n000_lifelong --output /oomwoo/contributions/compute-benchmark/OsakaTX/scripts/../results/slam15m_noise_n000_lifelong_20260908T150401Z.csv"
2026-09-08T15:06:21Z,61,"slam15m_noise_n000_lifelong",191,"python3",0.1,69840,46605,"/usr/bin/python3 -c from ros2cli.daemon.daemonize import main; main() --name ros2-daemon --ros-domain-id 0 --rmw-implementation rmw_fastrtps_cpp"
2026-09-08T15:06:21Z,61,"slam15m_noise_n000_lifelong",57323,"python3",4.7,72596,49290,"python3 /oomwoo/contributions/compute-benchmark/OsakaTX/scripts/synthetic_scan_publisher.py --duration 505 --loop-s 40 --hz 5.0 --room-half 7.5 --noise 0.0"
2026-09-08T15:06:21Z,61,"slam15m_noise_n000_lifelong",57339,"ros2",0.7,74304,51319,"/usr/bin/python3 /opt/ros/jazzy/bin/ros2 launch /oomwoo/contributions/compute-benchmark/OsakaTX/scripts/lifelong_launch.py slam_params_file:=/oomwoo/contributions/compute-benchmark/OsakaTX/scripts/lifelong_slam_params.yaml use_sim_time:=False autostart:=true"
2026-09-08T15:06:21Z,61,"slam15m_noise_n000_lifelong",57356,"lifelong_slam_t",57.2,65652,51380,"/opt/ros/jazzy/lib/slam_toolbox/lifelong_slam_toolbox_node --ros-args -r __node:=slam_toolbox -r __ns:=/ --params-file /oomwoo/contributions/compute-benchmark/OsakaTX/scripts/lifelong_slam_params.yaml --params-file /tmp/launch_params_abv_ihd8"
2026-09-08T15:06:21Z,61,"slam15m_noise_n000_lifelong",57390,"bash",0.3,4432,1111,"bash /oomwoo/contributions/compute-benchmark/xbattlax/scripts/measure_ros_processes.sh --pattern python3|lifelong_slam_toolbox_node --duration 470 --interval 2 --label slam15m_noise_n000_lifelong --output /oomwoo/contributions/compute-benchmark/OsakaTX/scripts/../results/slam15m_noise_n000_lifelong_20260908T150401Z.csv"
2026-09-08T15:06:23Z,62,"slam15m_noise_n000_lifelong",191,"python3",0.1,69840,46605,"/usr/bin/python3 -c from ros2cli.daemon.daemonize import main; main() --name ros2-daemon --ros-domain-id 0 --rmw-implementation rmw_fastrtps_cpp"
2026-09-08T15:06:23Z,62,"slam15m_noise_n000_lifelong",57323,"python3",4.7,72596,49291,"python3 /oomwoo/contributions/compute-benchmark/OsakaTX/scripts/synthetic_scan_publisher.py --duration 505 --loop-s 40 --hz 5.0 --room-half 7.5 --noise 0.0"
2026-09-08T15:06:23Z,62,"slam15m_noise_n000_lifelong",57339,"ros2",0.7,74312,51327,"/usr/bin/python3 /opt/ros/jazzy/bin/ros2 launch /oomwoo/contributions/compute-benchmark/OsakaTX/scripts/lifelong_launch.py slam_params_file:=/oomwoo/contributions/compute-benchmark/OsakaTX/scripts/lifelong_slam_params.yaml use_sim_time:=False autostart:=true"
2026-09-08T15:06:23Z,62,"slam15m_noise_n000_lifelong",57356,"lifelong_slam_t",57.5,65660,51389,"/opt/ros/jazzy/lib/slam_toolbox/lifelong_slam_toolbox_node --ros-args -r __node:=slam_toolbox -r __ns:=/ --params-file /oomwoo/contributions/compute-benchmark/OsakaTX/scripts/lifelong_slam_params.yaml --params-file /tmp/launch_params_abv_ihd8"
2026-09-08T15:06:23Z,62,"slam15m_noise_n000_lifelong",57390,"bash",0.3,4432,1113,"bash /oomwoo/contributions/compute-benchmark/xbattlax/scripts/measure_ros_processes.sh --pattern python3|lifelong_slam_toolbox_node --duration 470 --interval 2 --label slam15m_noise_n000_lifelong --output /oomwoo/contributions/compute-benchmark/OsakaTX/scripts/../results/slam15m_noise_n000_lifelong_20260908T150401Z.csv"
2026-09-08T15:06:25Z,63,"slam15m_noise_n000_lifelong",191,"python3",0.1,69840,46605,"/usr/bin/python3 -c from ros2cli.daemon.daemonize import main; main() --name ros2-daemon --ros-domain-id 0 --rmw-implementation rmw_fastrtps_cpp"
2026-09-08T15:06:25Z,63,"slam15m_noise_n000_lifelong",57323,"python3",4.7,72596,49290,"python3 /oomwoo/contributions/compute-benchmark/OsakaTX/scripts/synthetic_scan_publisher.py --duration 505 --loop-s 40 --hz 5.0 --room-half 7.5 --noise 0.0"
2026-09-08T15:06:25Z,63,"slam15m_noise_n000_lifelong",57339,"ros2",0.7,74312,51326,"/usr/bin/python3 /opt/ros/jazzy/bin/ros2 launch /oomwoo/contributions/compute-benchmark/OsakaTX/scripts/lifelong_launch.py slam_params_file:=/oomwoo/contributions/compute-benchmark/OsakaTX/scripts/lifelong_slam_params.yaml use_sim_time:=False autostart:=true"
2026-09-08T15:06:25Z,63,"slam15m_noise_n000_lifelong",57356,"lifelong_slam_t",57.6,65660,51388,"/opt/ros/jazzy/lib/slam_toolbox/lifelong_slam_toolbox_node --ros-args -r __node:=slam_toolbox -r __ns:=/ --params-file /oomwoo/contributions/compute-benchmark/OsakaTX/scripts/lifelong_slam_params.yaml --params-file /tmp/launch_params_abv_ihd8"
2026-09-08T15:06:25Z,63,"slam15m_noise_n000_lifelong",57390,"bash",0.3,4432,1113,"bash /oomwoo/contributions/compute-benchmark/xbattlax/scripts/measure_ros_processes.sh --pattern python3|lifelong_slam_toolbox_node --duration 470 --interval 2 --label slam15m_noise_n000_lifelong --output /oomwoo/contributions/compute-benchmark/OsakaTX/scripts/../results/slam15m_noise_n000_lifelong_20260908T150401Z.csv"
2026-09-08T15:06:27Z,64,"slam15m_noise_n000_lifelong",191,"python3",0.1,69840,46606,"/usr/bin/python3 -c from ros2cli.daemon.daemonize import main; main() --name ros2-daemon --ros-domain-id 0 --rmw-implementation rmw_fastrtps_cpp"
2026-09-08T15:06:27Z,64,"slam15m_noise_n000_lifelong",57323,"python3",4.7,72596,49291,"python3 /oomwoo/contributions/compute-benchmark/OsakaTX/scripts/synthetic_scan_publisher.py --duration 505 --loop-s 40 --hz 5.0 --room-half 7.5 --noise 0.0"
2026-09-08T15:06:27Z,64,"slam15m_noise_n000_lifelong",57339,"ros2",0.7,74324,51339,"/usr/bin/python3 /opt/ros/jazzy/bin/ros2 launch /oomwoo/contributions/compute-benchmark/OsakaTX/scripts/lifelong_launch.py slam_params_file:=/oomwoo/contributions/compute-benchmark/OsakaTX/scripts/lifelong_slam_params.yaml use_sim_time:=False autostart:=true"
2026-09-08T15:06:27Z,64,"slam15m_noise_n000_lifelong",57356,"lifelong_slam_t",57.5,65660,51387,"/opt/ros/jazzy/lib/slam_toolbox/lifelong_slam_toolbox_node --ros-args -r __node:=slam_toolbox -r __ns:=/ --params-file /oomwoo/contributions/compute-benchmark/OsakaTX/scripts/lifelong_slam_params.yaml --params-file /tmp/launch_params_abv_ihd8"
2026-09-08T15:06:27Z,64,"slam15m_noise_n000_lifelong",57390,"bash",0.3,4432,1115,"bash /oomwoo/contributions/compute-benchmark/xbattlax/scripts/measure_ros_processes.sh --pattern python3|lifelong_slam_toolbox_node --duration 470 --interval 2 --label slam15m_noise_n000_lifelong --output /oomwoo/contributions/compute-benchmark/OsakaTX/scripts/../results/slam15m_noise_n000_lifelong_20260908T150401Z.csv"
2026-09-08T15:06:29Z,65,"slam15m_noise_n000_lifelong",191,"python3",0.1,69840,46606,"/usr/bin/python3 -c from ros2cli.daemon.daemonize import main; main() --name ros2-daemon --ros-domain-id 0 --rmw-implementation rmw_fastrtps_cpp"
2026-09-08T15:06:29Z,65,"slam15m_noise_n000_lifelong",57323,"python3",4.7,72596,49301,"python3 /oomwoo/contributions/compute-benchmark/OsakaTX/scripts/synthetic_scan_publisher.py --duration 505 --loop-s 40 --hz 5.0 --room-half 7.5 --noise 0.0"
2026-09-08T15:06:29Z,65,"slam15m_noise_n000_lifelong",57339,"ros2",0.7,74324,51339,"/usr/bin/python3 /opt/ros/jazzy/bin/ros2 launch /oomwoo/contributions/compute-benchmark/OsakaTX/scripts/lifelong_launch.py slam_params_file:=/oomwoo/contributions/compute-benchmark/OsakaTX/scripts/lifelong_slam_params.yaml use_sim_time:=False autostart:=true"
2026-09-08T15:06:29Z,65,"slam15m_noise_n000_lifelong",57356,"lifelong_slam_t",57.4,65660,51387,"/opt/ros/jazzy/lib/slam_toolbox/lifelong_slam_toolbox_node --ros-args -r __node:=slam_toolbox -r __ns:=/ --params-file /oomwoo/contributions/compute-benchmark/OsakaTX/scripts/lifelong_slam_params.yaml --params-file /tmp/launch_params_abv_ihd8"
2026-09-08T15:06:29Z,65,"slam15m_noise_n000_lifelong",57390,"bash",0.3,4432,1113,"bash /oomwoo/contributions/compute-benchmark/xbattlax/scripts/measure_ros_processes.sh --pattern python3|lifelong_slam_toolbox_node --duration 470 --interval 2 --label slam15m_noise_n000_lifelong --output /oomwoo/contributions/compute-benchmark/OsakaTX/scripts/../results/slam15m_noise_n000_lifelong_20260908T150401Z.csv"
2026-09-08T15:06:31Z,66,"slam15m_noise_n000_lifelong",191,"python3",0.1,69840,46605,"/usr/bin/python3 -c from ros2cli.daemon.daemonize import main; main() --name ros2-daemon --ros-domain-id 0 --rmw-implementation rmw_fastrtps_cpp"
2026-09-08T15:06:31Z,66,"slam15m_noise_n000_lifelong",57323,"python3",4.7,72596,49290,"python3 /oomwoo/contributions/compute-benchmark/OsakaTX/scripts/synthetic_scan_publisher.py --duration 505 --loop-s 40 --hz 5.0 --room-half 7.5 --noise 0.0"
2026-09-08T15:06:31Z,66,"slam15m_noise_n000_lifelong",57339,"ros2",0.7,74324,51339,"/usr/bin/python3 /opt/ros/jazzy/bin/ros2 launch /oomwoo/contributions/compute-benchmark/OsakaTX/scripts/lifelong_launch.py slam_params_file:=/oomwoo/contributions/compute-benchmark/OsakaTX/scripts/lifelong_slam_params.yaml use_sim_time:=False autostart:=true"
2026-09-08T15:06:31Z,66,"slam15m_noise_n000_lifelong",57356,"lifelong_slam_t",57.3,65660,51388,"/opt/ros/jazzy/lib/slam_toolbox/lifelong_slam_toolbox_node --ros-args -r __node:=slam_toolbox -r __ns:=/ --params-file /oomwoo/contributions/compute-benchmark/OsakaTX/scripts/lifelong_slam_params.yaml --params-file /tmp/launch_params_abv_ihd8"
2026-09-08T15:06:31Z,66,"slam15m_noise_n000_lifelong",57390,"bash",0.3,4432,1117,"bash /oomwoo/contributions/compute-benchmark/xbattlax/scripts/measure_ros_processes.sh --pattern python3|lifelong_slam_toolbox_node --duration 470 --interval 2 --label slam15m_noise_n000_lifelong --output /oomwoo/contributions/compute-benchmark/OsakaTX/scripts/../results/slam15m_noise_n000_lifelong_20260908T150401Z.csv"
2026-09-08T15:06:34Z,67,"slam15m_noise_n000_lifelong",191,"python3",0.1,69840,46605,"/usr/bin/python3 -c from ros2cli.daemon.daemonize import main; main() --name ros2-daemon --ros-domain-id 0 --rmw-implementation rmw_fastrtps_cpp"
2026-09-08T15:06:34Z,67,"slam15m_noise_n000_lifelong",57323,"python3",4.7,72596,49290,"python3 /oomwoo/contributions/compute-benchmark/OsakaTX/scripts/synthetic_scan_publisher.py --duration 505 --loop-s 40 --hz 5.0 --room-half 7.5 --noise 0.0"
2026-09-08T15:06:34Z,67,"slam15m_noise_n000_lifelong",57339,"ros2",0.7,74324,51338,"/usr/bin/python3 /opt/ros/jazzy/bin/ros2 launch /oomwoo/contributions/compute-benchmark/OsakaTX/scripts/lifelong_launch.py slam_params_file:=/oomwoo/contributions/compute-benchmark/OsakaTX/scripts/lifelong_slam_params.yaml use_sim_time:=False autostart:=true"
2026-09-08T15:06:34Z,67,"slam15m_noise_n000_lifelong",57356,"lifelong_slam_t",57.3,65660,51387,"/opt/ros/jazzy/lib/slam_toolbox/lifelong_slam_toolbox_node --ros-args -r __node:=slam_toolbox -r __ns:=/ --params-file /oomwoo/contributions/compute-benchmark/OsakaTX/scripts/lifelong_slam_params.yaml --params-file /tmp/launch_params_abv_ihd8"
2026-09-08T15:06:34Z,67,"slam15m_noise_n000_lifelong",57390,"bash",0.3,4432,1110,"bash /oomwoo/contributions/compute-benchmark/xbattlax/scripts/measure_ros_processes.sh --pattern python3|lifelong_slam_toolbox_node --duration 470 --interval 2 --label slam15m_noise_n000_lifelong --output /oomwoo/contributions/compute-benchmark/OsakaTX/scripts/../results/slam15m_noise_n000_lifelong_20260908T150401Z.csv"
2026-09-08T15:06:36Z,68,"slam15m_noise_n000_lifelong",191,"python3",0.1,69840,46605,"/usr/bin/python3 -c from ros2cli.daemon.daemonize import main; main() --name ros2-daemon --ros-domain-id 0 --rmw-implementation rmw_fastrtps_cpp"
2026-09-08T15:06:36Z,68,"slam15m_noise_n000_lifelong",57323,"python3",4.6,72596,49293,"python3 /oomwoo/contributions/compute-benchmark/OsakaTX/scripts/synthetic_scan_publisher.py --duration 505 --loop-s 40 --hz 5.0 --room-half 7.5 --noise 0.0"
2026-09-08T15:06:36Z,68,"slam15m_noise_n000_lifelong",57339,"ros2",0.7,74324,51340,"/usr/bin/python3 /opt/ros/jazzy/bin/ros2 launch /oomwoo/contributions/compute-benchmark/OsakaTX/scripts/lifelong_launch.py slam_params_file:=/oomwoo/contributions/compute-benchmark/OsakaTX/scripts/lifelong_slam_params.yaml use_sim_time:=False autostart:=true"
2026-09-08T15:06:36Z,68,"slam15m_noise_n000_lifelong",57356,"lifelong_slam_t",57.2,65660,51388,"/opt/ros/jazzy/lib/slam_toolbox/lifelong_slam_toolbox_node --ros-args -r __node:=slam_toolbox -r __ns:=/ --params-file /oomwoo/contributions/compute-benchmark/OsakaTX/scripts/lifelong_slam_params.yaml --params-file /tmp/launch_params_abv_ihd8"
2026-09-08T15:06:36Z,68,"slam15m_noise_n000_lifelong",57390,"bash",0.3,4432,1115,"bash /oomwoo/contributions/compute-benchmark/xbattlax/scripts/measure_ros_processes.sh --pattern python3|lifelong_slam_toolbox_node --duration 470 --interval 2 --label slam15m_noise_n000_lifelong --output /oomwoo/contributions/compute-benchmark/OsakaTX/scripts/../results/slam15m_noise_n000_lifelong_20260908T150401Z.csv"
2026-09-08T15:06:38Z,69,"slam15m_noise_n000_lifelong",191,"python3",0.1,69840,46607,"/usr/bin/python3 -c from ros2cli.daemon.daemonize import main; main() --name ros2-daemon --ros-domain-id 0 --rmw-implementation rmw_fastrtps_cpp"
2026-09-08T15:06:38Z,69,"slam15m_noise_n000_lifelong",57323,"python3",4.6,72596,49290,"python3 /oomwoo/contributions/compute-benchmark/OsakaTX/scripts/synthetic_scan_publisher.py --duration 505 --loop-s 40 --hz 5.0 --room-half 7.5 --noise 0.0"
2026-09-08T15:06:38Z,69,"slam15m_noise_n000_lifelong",57339,"ros2",0.7,74324,51339,"/usr/bin/python3 /opt/ros/jazzy/bin/ros2 launch /oomwoo/contributions/compute-benchmark/OsakaTX/scripts/lifelong_launch.py slam_params_file:=/oomwoo/contributions/compute-benchmark/OsakaTX/scripts/lifelong_slam_params.yaml use_sim_time:=False autostart:=true"
2026-09-08T15:06:38Z,69,"slam15m_noise_n000_lifelong",57356,"lifelong_slam_t",57.1,65792,51523,"/opt/ros/jazzy/lib/slam_toolbox/lifelong_slam_toolbox_node --ros-args -r __node:=slam_toolbox -r __ns:=/ --params-file /oomwoo/contributions/compute-benchmark/OsakaTX/scripts/lifelong_slam_params.yaml --params-file /tmp/launch_params_abv_ihd8"
2026-09-08T15:06:38Z,69,"slam15m_noise_n000_lifelong",57390,"bash",0.3,4432,1113,"bash /oomwoo/contributions/compute-benchmark/xbattlax/scripts/measure_ros_processes.sh --pattern python3|lifelong_slam_toolbox_node --duration 470 --interval 2 --label slam15m_noise_n000_lifelong --output /oomwoo/contributions/compute-benchmark/OsakaTX/scripts/../results/slam15m_noise_n000_lifelong_20260908T150401Z.csv"
2026-09-08T15:06:40Z,70,"slam15m_noise_n000_lifelong",191,"python3",0.1,69840,46605,"/usr/bin/python3 -c from ros2cli.daemon.daemonize import main; main() --name ros2-daemon --ros-domain-id 0 --rmw-implementation rmw_fastrtps_cpp"
2026-09-08T15:06:40Z,70,"slam15m_noise_n000_lifelong",57323,"python3",4.6,72596,49297,"python3 /oomwoo/contributions/compute-benchmark/OsakaTX/scripts/synthetic_scan_publisher.py --duration 505 --loop-s 40 --hz 5.0 --room-half 7.5 --noise 0.0"
2026-09-08T15:06:40Z,70,"slam15m_noise_n000_lifelong",57339,"ros2",0.7,74324,51338,"/usr/bin/python3 /opt/ros/jazzy/bin/ros2 launch /oomwoo/contributions/compute-benchmark/OsakaTX/scripts/lifelong_launch.py slam_params_file:=/oomwoo/contributions/compute-benchmark/OsakaTX/scripts/lifelong_slam_params.yaml use_sim_time:=False autostart:=true"
2026-09-08T15:06:40Z,70,"slam15m_noise_n000_lifelong",57356,"lifelong_slam_t",57.0,65792,51520,"/opt/ros/jazzy/lib/slam_toolbox/lifelong_slam_toolbox_node --ros-args -r __node:=slam_toolbox -r __ns:=/ --params-file /oomwoo/contributions/compute-benchmark/OsakaTX/scripts/lifelong_slam_params.yaml --params-file /tmp/launch_params_abv_ihd8"
2026-09-08T15:06:40Z,70,"slam15m_noise_n000_lifelong",57390,"bash",0.3,4432,1117,"bash /oomwoo/contributions/compute-benchmark/xbattlax/scripts/measure_ros_processes.sh --pattern python3|lifelong_slam_toolbox_node --duration 470 --interval 2 --label slam15m_noise_n000_lifelong --output /oomwoo/contributions/compute-benchmark/OsakaTX/scripts/../results/slam15m_noise_n000_lifelong_20260908T150401Z.csv"
2026-09-08T15:06:42Z,71,"slam15m_noise_n000_lifelong",191,"python3",0.1,69840,46605,"/usr/bin/python3 -c from ros2cli.daemon.daemonize import main; main() --name ros2-daemon --ros-domain-id 0 --rmw-implementation rmw_fastrtps_cpp"
2026-09-08T15:06:42Z,71,"slam15m_noise_n000_lifelong",57323,"python3",4.6,72596,49288,"python3 /oomwoo/contributions/compute-benchmark/OsakaTX/scripts/synthetic_scan_publisher.py --duration 505 --loop-s 40 --hz 5.0 --room-half 7.5 --noise 0.0"
2026-09-08T15:06:42Z,71,"slam15m_noise_n000_lifelong",57339,"ros2",0.6,74324,51338,"/usr/bin/python3 /opt/ros/jazzy/bin/ros2 launch /oomwoo/contributions/compute-benchmark/OsakaTX/scripts/lifelong_launch.py slam_params_file:=/oomwoo/contributions/compute-benchmark/OsakaTX/scripts/lifelong_slam_params.yaml use_sim_time:=False autostart:=true"
2026-09-08T15:06:42Z,71,"slam15m_noise_n000_lifelong",57356,"lifelong_slam_t",56.9,65792,51519,"/opt/ros/jazzy/lib/slam_toolbox/lifelong_slam_toolbox_node --ros-args -r __node:=slam_toolbox -r __ns:=/ --params-file /oomwoo/contributions/compute-benchmark/OsakaTX/scripts/lifelong_slam_params.yaml --params-file /tmp/launch_params_abv_ihd8"
2026-09-08T15:06:42Z,71,"slam15m_noise_n000_lifelong",57390,"bash",0.3,4432,1115,"bash /oomwoo/contributions/compute-benchmark/xbattlax/scripts/measure_ros_processes.sh --pattern python3|lifelong_slam_toolbox_node --duration 470 --interval 2 --label slam15m_noise_n000_lifelong --output /oomwoo/contributions/compute-benchmark/OsakaTX/scripts/../results/slam15m_noise_n000_lifelong_20260908T150401Z.csv"
2026-09-08T15:06:44Z,72,"slam15m_noise_n000_lifelong",191,"python3",0.1,69840,46605,"/usr/bin/python3 -c from ros2cli.daemon.daemonize import main; main() --name ros2-daemon --ros-domain-id 0 --rmw-implementation rmw_fastrtps_cpp"
2026-09-08T15:06:44Z,72,"slam15m_noise_n000_lifelong",57323,"python3",4.6,72596,49288,"python3 /oomwoo/contributions/compute-benchmark/OsakaTX/scripts/synthetic_scan_publisher.py --duration 505 --loop-s 40 --hz 5.0 --room-half 7.5 --noise 0.0"
2026-09-08T15:06:44Z,72,"slam15m_noise_n000_lifelong",57339,"ros2",0.6,74324,51339,"/usr/bin/python3 /opt/ros/jazzy/bin/ros2 launch /oomwoo/contributions/compute-benchmark/OsakaTX/scripts/lifelong_launch.py slam_params_file:=/oomwoo/contributions/compute-benchmark/OsakaTX/scripts/lifelong_slam_params.yaml use_sim_time:=False autostart:=true"
2026-09-08T15:06:44Z,72,"slam15m_noise_n000_lifelong",57356,"lifelong_slam_t",56.7,65792,51519,"/opt/ros/jazzy/lib/slam_toolbox/lifelong_slam_toolbox_node --ros-args -r __node:=slam_toolbox -r __ns:=/ --params-file /oomwoo/contributions/compute-benchmark/OsakaTX/scripts/lifelong_slam_params.yaml --params-file /tmp/launch_params_abv_ihd8"
2026-09-08T15:06:44Z,72,"slam15m_noise_n000_lifelong",57390,"bash",0.3,4432,1115,"bash /oomwoo/contributions/compute-benchmark/xbattlax/scripts/measure_ros_processes.sh --pattern python3|lifelong_slam_toolbox_node --duration 470 --interval 2 --label slam15m_noise_n000_lifelong --output /oomwoo/contributions/compute-benchmark/OsakaTX/scripts/../results/slam15m_noise_n000_lifelong_20260908T150401Z.csv"
2026-09-08T15:06:46Z,73,"slam15m_noise_n000_lifelong",191,"python3",0.1,69840,46605,"/usr/bin/python3 -c from ros2cli.daemon.daemonize import main; main() --name ros2-daemon --ros-domain-id 0 --rmw-implementation rmw_fastrtps_cpp"
2026-09-08T15:06:46Z,73,"slam15m_noise_n000_lifelong",57323,"python3",4.6,72596,49290,"python3 /oomwoo/contributions/compute-benchmark/OsakaTX/scripts/synthetic_scan_publisher.py --duration 505 --loop-s 40 --hz 5.0 --room-half 7.5 --noise 0.0"
2026-09-08T15:06:46Z,73,"slam15m_noise_n000_lifelong",57339,"ros2",0.6,74324,51339,"/usr/bin/python3 /opt/ros/jazzy/bin/ros2 launch /oomwoo/contributions/compute-benchmark/OsakaTX/scripts/lifelong_launch.py slam_params_file:=/oomwoo/contributions/compute-benchmark/OsakaTX/scripts/lifelong_slam_params.yaml use_sim_time:=False autostart:=true"
2026-09-08T15:06:46Z,73,"slam15m_noise_n000_lifelong",57356,"lifelong_slam_t",56.7,65856,51587,"/opt/ros/jazzy/lib/slam_toolbox/lifelong_slam_toolbox_node --ros-args -r __node:=slam_toolbox -r __ns:=/ --params-file /oomwoo/contributions/compute-benchmark/OsakaTX/scripts/lifelong_slam_params.yaml --params-file /tmp/launch_params_abv_ihd8"
2026-09-08T15:06:46Z,73,"slam15m_noise_n000_lifelong",57390,"bash",0.3,4432,1113,"bash /oomwoo/contributions/compute-benchmark/xbattlax/scripts/measure_ros_processes.sh --pattern python3|lifelong_slam_toolbox_node --duration 470 --interval 2 --label slam15m_noise_n000_lifelong --output /oomwoo/contributions/compute-benchmark/OsakaTX/scripts/../results/slam15m_noise_n000_lifelong_20260908T150401Z.csv"
2026-09-08T15:06:48Z,74,"slam15m_noise_n000_lifelong",191,"python3",0.1,69840,46606,"/usr/bin/python3 -c from ros2cli.daemon.daemonize import main; main() --name ros2-daemon --ros-domain-id 0 --rmw-implementation rmw_fastrtps_cpp"
2026-09-08T15:06:48Z,74,"slam15m_noise_n000_lifelong",57323,"python3",4.6,72596,49288,"python3 /oomwoo/contributions/compute-benchmark/OsakaTX/scripts/synthetic_scan_publisher.py --duration 505 --loop-s 40 --hz 5.0 --room-half 7.5 --noise 0.0"
2026-09-08T15:06:48Z,74,"slam15m_noise_n000_lifelong",57339,"ros2",0.6,74328,51342,"/usr/bin/python3 /opt/ros/jazzy/bin/ros2 launch /oomwoo/contributions/compute-benchmark/OsakaTX/scripts/lifelong_launch.py slam_params_file:=/oomwoo/contributions/compute-benchmark/OsakaTX/scripts/lifelong_slam_params.yaml use_sim_time:=False autostart:=true"
2026-09-08T15:06:48Z,74,"slam15m_noise_n000_lifelong",57356,"lifelong_slam_t",56.6,65856,51585,"/opt/ros/jazzy/lib/slam_toolbox/lifelong_slam_toolbox_node --ros-args -r __node:=slam_toolbox -r __ns:=/ --params-file /oomwoo/contributions/compute-benchmark/OsakaTX/scripts/lifelong_slam_params.yaml --params-file /tmp/launch_params_abv_ihd8"
2026-09-08T15:06:48Z,74,"slam15m_noise_n000_lifelong",57390,"bash",0.3,4432,1117,"bash /oomwoo/contributions/compute-benchmark/xbattlax/scripts/measure_ros_processes.sh --pattern python3|lifelong_slam_toolbox_node --duration 470 --interval 2 --label slam15m_noise_n000_lifelong --output /oomwoo/contributions/compute-benchmark/OsakaTX/scripts/../results/slam15m_noise_n000_lifelong_20260908T150401Z.csv"
2026-09-08T15:06:51Z,75,"slam15m_noise_n000_lifelong",191,"python3",0.1,69840,46605,"/usr/bin/python3 -c from ros2cli.daemon.daemonize import main; main() --name ros2-daemon --ros-domain-id 0 --rmw-implementation rmw_fastrtps_cpp"
2026-09-08T15:06:51Z,75,"slam15m_noise_n000_lifelong",57323,"python3",4.6,72596,49290,"python3 /oomwoo/contributions/compute-benchmark/OsakaTX/scripts/synthetic_scan_publisher.py --duration 505 --loop-s 40 --hz 5.0 --room-half 7.5 --noise 0.0"
2026-09-08T15:06:51Z,75,"slam15m_noise_n000_lifelong",57339,"ros2",0.6,74328,51343,"/usr/bin/python3 /opt/ros/jazzy/bin/ros2 launch /oomwoo/contributions/compute-benchmark/OsakaTX/scripts/lifelong_launch.py slam_params_file:=/oomwoo/contributions/compute-benchmark/OsakaTX/scripts/lifelong_slam_params.yaml use_sim_time:=False autostart:=true"
2026-09-08T15:06:51Z,75,"slam15m_noise_n000_lifelong",57356,"lifelong_slam_t",56.4,65856,51584,"/opt/ros/jazzy/lib/slam_toolbox/lifelong_slam_toolbox_node --ros-args -r __node:=slam_toolbox -r __ns:=/ --params-file /oomwoo/contributions/compute-benchmark/OsakaTX/scripts/lifelong_slam_params.yaml --params-file /tmp/launch_params_abv_ihd8"
2026-09-08T15:06:51Z,75,"slam15m_noise_n000_lifelong",57390,"bash",0.3,4432,1113,"bash /oomwoo/contributions/compute-benchmark/xbattlax/scripts/measure_ros_processes.sh --pattern python3|lifelong_slam_toolbox_node --duration 470 --interval 2 --label slam15m_noise_n000_lifelong --output /oomwoo/contributions/compute-benchmark/OsakaTX/scripts/../results/slam15m_noise_n000_lifelong_20260908T150401Z.csv"
2026-09-08T15:06:53Z,76,"slam15m_noise_n000_lifelong",191,"python3",0.1,69840,46606,"/usr/bin/python3 -c from ros2cli.daemon.daemonize import main; main() --name ros2-daemon --ros-domain-id 0 --rmw-implementation rmw_fastrtps_cpp"
2026-09-08T15:06:53Z,76,"slam15m_noise_n000_lifelong",57323,"python3",4.6,72596,49290,"python3 /oomwoo/contributions/compute-benchmark/OsakaTX/scripts/synthetic_scan_publisher.py --duration 505 --loop-s 40 --hz 5.0 --room-half 7.5 --noise 0.0"
2026-09-08T15:06:53Z,76,"slam15m_noise_n000_lifelong",57339,"ros2",0.6,74328,51343,"/usr/bin/python3 /opt/ros/jazzy/bin/ros2 launch /oomwoo/contributions/compute-benchmark/OsakaTX/scripts/lifelong_launch.py slam_params_file:=/oomwoo/contributions/compute-benchmark/OsakaTX/scripts/lifelong_slam_params.yaml use_sim_time:=False autostart:=true"
2026-09-08T15:06:53Z,76,"slam15m_noise_n000_lifelong",57356,"lifelong_slam_t",56.4,65856,51584,"/opt/ros/jazzy/lib/slam_toolbox/lifelong_slam_toolbox_node --ros-args -r __node:=slam_toolbox -r __ns:=/ --params-file /oomwoo/contributions/compute-benchmark/OsakaTX/scripts/lifelong_slam_params.yaml --params-file /tmp/launch_params_abv_ihd8"
2026-09-08T15:06:53Z,76,"slam15m_noise_n000_lifelong",57390,"bash",0.3,4432,1117,"bash /oomwoo/contributions/compute-benchmark/xbattlax/scripts/measure_ros_processes.sh --pattern python3|lifelong_slam_toolbox_node --duration 470 --interval 2 --label slam15m_noise_n000_lifelong --output /oomwoo/contributions/compute-benchmark/OsakaTX/scripts/../results/slam15m_noise_n000_lifelong_20260908T150401Z.csv"
2026-09-08T15:06:55Z,77,"slam15m_noise_n000_lifelong",191,"python3",0.1,69840,46605,"/usr/bin/python3 -c from ros2cli.daemon.daemonize import main; main() --name ros2-daemon --ros-domain-id 0 --rmw-implementation rmw_fastrtps_cpp"
2026-09-08T15:06:55Z,77,"slam15m_noise_n000_lifelong",57323,"python3",4.6,72596,49291,"python3 /oomwoo/contributions/compute-benchmark/OsakaTX/scripts/synthetic_scan_publisher.py --duration 505 --loop-s 40 --hz 5.0 --room-half 7.5 --noise 0.0"
2026-09-08T15:06:55Z,77,"slam15m_noise_n000_lifelong",57339,"ros2",0.6,74328,51344,"/usr/bin/python3 /opt/ros/jazzy/bin/ros2 launch /oomwoo/contributions/compute-benchmark/OsakaTX/scripts/lifelong_launch.py slam_params_file:=/oomwoo/contributions/compute-benchmark/OsakaTX/scripts/lifelong_slam_params.yaml use_sim_time:=False autostart:=true"
2026-09-08T15:06:55Z,77,"slam15m_noise_n000_lifelong",57356,"lifelong_slam_t",56.3,65856,51584,"/opt/ros/jazzy/lib/slam_toolbox/lifelong_slam_toolbox_node --ros-args -r __node:=slam_toolbox -r __ns:=/ --params-file /oomwoo/contributions/compute-benchmark/OsakaTX/scripts/lifelong_slam_params.yaml --params-file /tmp/launch_params_abv_ihd8"
2026-09-08T15:06:55Z,77,"slam15m_noise_n000_lifelong",57390,"bash",0.3,4432,1115,"bash /oomwoo/contributions/compute-benchmark/xbattlax/scripts/measure_ros_processes.sh --pattern python3|lifelong_slam_toolbox_node --duration 470 --interval 2 --label slam15m_noise_n000_lifelong --output /oomwoo/contributions/compute-benchmark/OsakaTX/scripts/../results/slam15m_noise_n000_lifelong_20260908T150401Z.csv"
2026-09-08T15:06:57Z,78,"slam15m_noise_n000_lifelong",191,"python3",0.1,69840,46607,"/usr/bin/python3 -c from ros2cli.daemon.daemonize import main; main() --name ros2-daemon --ros-domain-id 0 --rmw-implementation rmw_fastrtps_cpp"
2026-09-08T15:06:57Z,78,"slam15m_noise_n000_lifelong",57323,"python3",4.6,72596,49293,"python3 /oomwoo/contributions/compute-benchmark/OsakaTX/scripts/synthetic_scan_publisher.py --duration 505 --loop-s 40 --hz 5.0 --room-half 7.5 --noise 0.0"
2026-09-08T15:06:57Z,78,"slam15m_noise_n000_lifelong",57339,"ros2",0.6,74328,51344,"/usr/bin/python3 /opt/ros/jazzy/bin/ros2 launch /oomwoo/contributions/compute-benchmark/OsakaTX/scripts/lifelong_launch.py slam_params_file:=/oomwoo/contributions/compute-benchmark/OsakaTX/scripts/lifelong_slam_params.yaml use_sim_time:=False autostart:=true"
2026-09-08T15:06:57Z,78,"slam15m_noise_n000_lifelong",57356,"lifelong_slam_t",56.2,65856,51583,"/opt/ros/jazzy/lib/slam_toolbox/lifelong_slam_toolbox_node --ros-args -r __node:=slam_toolbox -r __ns:=/ --params-file /oomwoo/contributions/compute-benchmark/OsakaTX/scripts/lifelong_slam_params.yaml --params-file /tmp/launch_params_abv_ihd8"
2026-09-08T15:06:57Z,78,"slam15m_noise_n000_lifelong",57390,"bash",0.3,4432,1113,"bash /oomwoo/contributions/compute-benchmark/xbattlax/scripts/measure_ros_processes.sh --pattern python3|lifelong_slam_toolbox_node --duration 470 --interval 2 --label slam15m_noise_n000_lifelong --output /oomwoo/contributions/compute-benchmark/OsakaTX/scripts/../results/slam15m_noise_n000_lifelong_20260908T150401Z.csv"
2026-09-08T15:06:59Z,79,"slam15m_noise_n000_lifelong",191,"python3",0.1,69840,46606,"/usr/bin/python3 -c from ros2cli.daemon.daemonize import main; main() --name ros2-daemon --ros-domain-id 0 --rmw-implementation rmw_fastrtps_cpp"
2026-09-08T15:06:59Z,79,"slam15m_noise_n000_lifelong",57323,"python3",4.6,72596,49293,"python3 /oomwoo/contributions/compute-benchmark/OsakaTX/scripts/synthetic_scan_publisher.py --duration 505 --loop-s 40 --hz 5.0 --room-half 7.5 --noise 0.0"
2026-09-08T15:06:59Z,79,"slam15m_noise_n000_lifelong",57339,"ros2",0.6,74328,51343,"/usr/bin/python3 /opt/ros/jazzy/bin/ros2 launch /oomwoo/contributions/compute-benchmark/OsakaTX/scripts/lifelong_launch.py slam_params_file:=/oomwoo/contributions/compute-benchmark/OsakaTX/scripts/lifelong_slam_params.yaml use_sim_time:=False autostart:=true"
2026-09-08T15:06:59Z,79,"slam15m_noise_n000_lifelong",57356,"lifelong_slam_t",56.2,65856,51587,"/opt/ros/jazzy/lib/slam_toolbox/lifelong_slam_toolbox_node --ros-args -r __node:=slam_toolbox -r __ns:=/ --params-file /oomwoo/contributions/compute-benchmark/OsakaTX/scripts/lifelong_slam_params.yaml --params-file /tmp/launch_params_abv_ihd8"
2026-09-08T15:06:59Z,79,"slam15m_noise_n000_lifelong",57390,"bash",0.3,4432,1113,"bash /oomwoo/contributions/compute-benchmark/xbattlax/scripts/measure_ros_processes.sh --pattern python3|lifelong_slam_toolbox_node --duration 470 --interval 2 --label slam15m_noise_n000_lifelong --output /oomwoo/contributions/compute-benchmark/OsakaTX/scripts/../results/slam15m_noise_n000_lifelong_20260908T150401Z.csv"
2026-09-08T15:07:01Z,80,"slam15m_noise_n000_lifelong",191,"python3",0.1,69840,46605,"/usr/bin/python3 -c from ros2cli.daemon.daemonize import main; main() --name ros2-daemon --ros-domain-id 0 --rmw-implementation rmw_fastrtps_cpp"
2026-09-08T15:07:01Z,80,"slam15m_noise_n000_lifelong",57323,"python3",4.6,72596,49290,"python3 /oomwoo/contributions/compute-benchmark/OsakaTX/scripts/synthetic_scan_publisher.py --duration 505 --loop-s 40 --hz 5.0 --room-half 7.5 --noise 0.0"
2026-09-08T15:07:01Z,80,"slam15m_noise_n000_lifelong",57339,"ros2",0.6,74328,51343,"/usr/bin/python3 /opt/ros/jazzy/bin/ros2 launch /oomwoo/contributions/compute-benchmark/OsakaTX/scripts/lifelong_launch.py slam_params_file:=/oomwoo/contributions/compute-benchmark/OsakaTX/scripts/lifelong_slam_params.yaml use_sim_time:=False autostart:=true"
2026-09-08T15:07:01Z,80,"slam15m_noise_n000_lifelong",57356,"lifelong_slam_t",56.1,65856,51585,"/opt/ros/jazzy/lib/slam_toolbox/lifelong_slam_toolbox_node --ros-args -r __node:=slam_toolbox -r __ns:=/ --params-file /oomwoo/contributions/compute-benchmark/OsakaTX/scripts/lifelong_slam_params.yaml --params-file /tmp/launch_params_abv_ihd8"
2026-09-08T15:07:01Z,80,"slam15m_noise_n000_lifelong",57390,"bash",0.3,4432,1117,"bash /oomwoo/contributions/compute-benchmark/xbattlax/scripts/measure_ros_processes.sh --pattern python3|lifelong_slam_toolbox_node --duration 470 --interval 2 --label slam15m_noise_n000_lifelong --output /oomwoo/contributions/compute-benchmark/OsakaTX/scripts/../results/slam15m_noise_n000_lifelong_20260908T150401Z.csv"
2026-09-08T15:07:03Z,81,"slam15m_noise_n000_lifelong",191,"python3",0.1,69840,46605,"/usr/bin/python3 -c from ros2cli.daemon.daemonize import main; main() --name ros2-daemon --ros-domain-id 0 --rmw-implementation rmw_fastrtps_cpp"
2026-09-08T15:07:03Z,81,"slam15m_noise_n000_lifelong",57323,"python3",4.6,72596,49290,"python3 /oomwoo/contributions/compute-benchmark/OsakaTX/scripts/synthetic_scan_publisher.py --duration 505 --loop-s 40 --hz 5.0 --room-half 7.5 --noise 0.0"
2026-09-08T15:07:03Z,81,"slam15m_noise_n000_lifelong",57339,"ros2",0.6,74336,51351,"/usr/bin/python3 /opt/ros/jazzy/bin/ros2 launch /oomwoo/contributions/compute-benchmark/OsakaTX/scripts/lifelong_launch.py slam_params_file:=/oomwoo/contributions/compute-benchmark/OsakaTX/scripts/lifelong_slam_params.yaml use_sim_time:=False autostart:=true"
2026-09-08T15:07:03Z,81,"slam15m_noise_n000_lifelong",57356,"lifelong_slam_t",56.1,65856,51584,"/opt/ros/jazzy/lib/slam_toolbox/lifelong_slam_toolbox_node --ros-args -r __node:=slam_toolbox -r __ns:=/ --params-file /oomwoo/contributions/compute-benchmark/OsakaTX/scripts/lifelong_slam_params.yaml --params-file /tmp/launch_params_abv_ihd8"
2026-09-08T15:07:03Z,81,"slam15m_noise_n000_lifelong",57390,"bash",0.3,4432,1111,"bash /oomwoo/contributions/compute-benchmark/xbattlax/scripts/measure_ros_processes.sh --pattern python3|lifelong_slam_toolbox_node --duration 470 --interval 2 --label slam15m_noise_n000_lifelong --output /oomwoo/contributions/compute-benchmark/OsakaTX/scripts/../results/slam15m_noise_n000_lifelong_20260908T150401Z.csv"
2026-09-08T15:07:06Z,82,"slam15m_noise_n000_lifelong",191,"python3",0.1,69840,46605,"/usr/bin/python3 -c from ros2cli.daemon.daemonize import main; main() --name ros2-daemon --ros-domain-id 0 --rmw-implementation rmw_fastrtps_cpp"
2026-09-08T15:07:06Z,82,"slam15m_noise_n000_lifelong",57323,"python3",4.6,72596,49290,"python3 /oomwoo/contributions/compute-benchmark/OsakaTX/scripts/synthetic_scan_publisher.py --duration 505 --loop-s 40 --hz 5.0 --room-half 7.5 --noise 0.0"
2026-09-08T15:07:06Z,82,"slam15m_noise_n000_lifelong",57339,"ros2",0.6,74336,51349,"/usr/bin/python3 /opt/ros/jazzy/bin/ros2 launch /oomwoo/contributions/compute-benchmark/OsakaTX/scripts/lifelong_launch.py slam_params_file:=/oomwoo/contributions/compute-benchmark/OsakaTX/scripts/lifelong_slam_params.yaml use_sim_time:=False autostart:=true"
2026-09-08T15:07:06Z,82,"slam15m_noise_n000_lifelong",57356,"lifelong_slam_t",56.0,65856,51584,"/opt/ros/jazzy/lib/slam_toolbox/lifelong_slam_toolbox_node --ros-args -r __node:=slam_toolbox -r __ns:=/ --params-file /oomwoo/contributions/compute-benchmark/OsakaTX/scripts/lifelong_slam_params.yaml --params-file /tmp/launch_params_abv_ihd8"
2026-09-08T15:07:06Z,82,"slam15m_noise_n000_lifelong",57390,"bash",0.3,4432,1115,"bash /oomwoo/contributions/compute-benchmark/xbattlax/scripts/measure_ros_processes.sh --pattern python3|lifelong_slam_toolbox_node --duration 470 --interval 2 --label slam15m_noise_n000_lifelong --output /oomwoo/contributions/compute-benchmark/OsakaTX/scripts/../results/slam15m_noise_n000_lifelong_20260908T150401Z.csv"
2026-09-08T15:07:08Z,83,"slam15m_noise_n000_lifelong",191,"python3",0.1,69840,46604,"/usr/bin/python3 -c from ros2cli.daemon.daemonize import main; main() --name ros2-daemon --ros-domain-id 0 --rmw-implementation rmw_fastrtps_cpp"
2026-09-08T15:07:08Z,83,"slam15m_noise_n000_lifelong",57323,"python3",4.6,72596,49291,"python3 /oomwoo/contributions/compute-benchmark/OsakaTX/scripts/synthetic_scan_publisher.py --duration 505 --loop-s 40 --hz 5.0 --room-half 7.5 --noise 0.0"
2026-09-08T15:07:08Z,83,"slam15m_noise_n000_lifelong",57339,"ros2",0.6,74336,51351,"/usr/bin/python3 /opt/ros/jazzy/bin/ros2 launch /oomwoo/contributions/compute-benchmark/OsakaTX/scripts/lifelong_launch.py slam_params_file:=/oomwoo/contributions/compute-benchmark/OsakaTX/scripts/lifelong_slam_params.yaml use_sim_time:=False autostart:=true"
2026-09-08T15:07:08Z,83,"slam15m_noise_n000_lifelong",57356,"lifelong_slam_t",55.9,65856,51585,"/opt/ros/jazzy/lib/slam_toolbox/lifelong_slam_toolbox_node --ros-args -r __node:=slam_toolbox -r __ns:=/ --params-file /oomwoo/contributions/compute-benchmark/OsakaTX/scripts/lifelong_slam_params.yaml --params-file /tmp/launch_params_abv_ihd8"
2026-09-08T15:07:08Z,83,"slam15m_noise_n000_lifelong",57390,"bash",0.3,4432,1115,"bash /oomwoo/contributions/compute-benchmark/xbattlax/scripts/measure_ros_processes.sh --pattern python3|lifelong_slam_toolbox_node --duration 470 --interval 2 --label slam15m_noise_n000_lifelong --output /oomwoo/contributions/compute-benchmark/OsakaTX/scripts/../results/slam15m_noise_n000_lifelong_20260908T150401Z.csv"
2026-09-08T15:07:10Z,84,"slam15m_noise_n000_lifelong",191,"python3",0.1,69840,46605,"/usr/bin/python3 -c from ros2cli.daemon.daemonize import main; main() --name ros2-daemon --ros-domain-id 0 --rmw-implementation rmw_fastrtps_cpp"
2026-09-08T15:07:10Z,84,"slam15m_noise_n000_lifelong",57323,"python3",4.6,72596,49290,"python3 /oomwoo/contributions/compute-benchmark/OsakaTX/scripts/synthetic_scan_publisher.py --duration 505 --loop-s 40 --hz 5.0 --room-half 7.5 --noise 0.0"
2026-09-08T15:07:10Z,84,"slam15m_noise_n000_lifelong",57339,"ros2",0.6,74336,51350,"/usr/bin/python3 /opt/ros/jazzy/bin/ros2 launch /oomwoo/contributions/compute-benchmark/OsakaTX/scripts/lifelong_launch.py slam_params_file:=/oomwoo/contributions/compute-benchmark/OsakaTX/scripts/lifelong_slam_params.yaml use_sim_time:=False autostart:=true"
2026-09-08T15:07:10Z,84,"slam15m_noise_n000_lifelong",57356,"lifelong_slam_t",55.9,65856,51584,"/opt/ros/jazzy/lib/slam_toolbox/lifelong_slam_toolbox_node --ros-args -r __node:=slam_toolbox -r __ns:=/ --params-file /oomwoo/contributions/compute-benchmark/OsakaTX/scripts/lifelong_slam_params.yaml --params-file /tmp/launch_params_abv_ihd8"
2026-09-08T15:07:10Z,84,"slam15m_noise_n000_lifelong",57390,"bash",0.3,4432,1116,"bash /oomwoo/contributions/compute-benchmark/xbattlax/scripts/measure_ros_processes.sh --pattern python3|lifelong_slam_toolbox_node --duration 470 --interval 2 --label slam15m_noise_n000_lifelong --output /oomwoo/contributions/compute-benchmark/OsakaTX/scripts/../results/slam15m_noise_n000_lifelong_20260908T150401Z.csv"
2026-09-08T15:07:12Z,85,"slam15m_noise_n000_lifelong",191,"python3",0.1,69840,46604,"/usr/bin/python3 -c from ros2cli.daemon.daemonize import main; main() --name ros2-daemon --ros-domain-id 0 --rmw-implementation rmw_fastrtps_cpp"
2026-09-08T15:07:12Z,85,"slam15m_noise_n000_lifelong",57323,"python3",4.6,72596,49290,"python3 /oomwoo/contributions/compute-benchmark/OsakaTX/scripts/synthetic_scan_publisher.py --duration 505 --loop-s 40 --hz 5.0 --room-half 7.5 --noise 0.0"
2026-09-08T15:07:12Z,85,"slam15m_noise_n000_lifelong",57339,"ros2",0.6,74336,51351,"/usr/bin/python3 /opt/ros/jazzy/bin/ros2 launch /oomwoo/contributions/compute-benchmark/OsakaTX/scripts/lifelong_launch.py slam_params_file:=/oomwoo/contributions/compute-benchmark/OsakaTX/scripts/lifelong_slam_params.yaml use_sim_time:=False autostart:=true"
2026-09-08T15:07:12Z,85,"slam15m_noise_n000_lifelong",57356,"lifelong_slam_t",55.8,65856,51583,"/opt/ros/jazzy/lib/slam_toolbox/lifelong_slam_toolbox_node --ros-args -r __node:=slam_toolbox -r __ns:=/ --params-file /oomwoo/contributions/compute-benchmark/OsakaTX/scripts/lifelong_slam_params.yaml --params-file /tmp/launch_params_abv_ihd8"
2026-09-08T15:07:12Z,85,"slam15m_noise_n000_lifelong",57390,"bash",0.3,4432,1112,"bash /oomwoo/contributions/compute-benchmark/xbattlax/scripts/measure_ros_processes.sh --pattern python3|lifelong_slam_toolbox_node --duration 470 --interval 2 --label slam15m_noise_n000_lifelong --output /oomwoo/contributions/compute-benchmark/OsakaTX/scripts/../results/slam15m_noise_n000_lifelong_20260908T150401Z.csv"
2026-09-08T15:07:14Z,86,"slam15m_noise_n000_lifelong",191,"python3",0.1,69840,46605,"/usr/bin/python3 -c from ros2cli.daemon.daemonize import main; main() --name ros2-daemon --ros-domain-id 0 --rmw-implementation rmw_fastrtps_cpp"
2026-09-08T15:07:14Z,86,"slam15m_noise_n000_lifelong",57323,"python3",4.6,72596,49293,"python3 /oomwoo/contributions/compute-benchmark/OsakaTX/scripts/synthetic_scan_publisher.py --duration 505 --loop-s 40 --hz 5.0 --room-half 7.5 --noise 0.0"
2026-09-08T15:07:14Z,86,"slam15m_noise_n000_lifelong",57339,"ros2",0.6,74336,51351,"/usr/bin/python3 /opt/ros/jazzy/bin/ros2 launch /oomwoo/contributions/compute-benchmark/OsakaTX/scripts/lifelong_launch.py slam_params_file:=/oomwoo/contributions/compute-benchmark/OsakaTX/scripts/lifelong_slam_params.yaml use_sim_time:=False autostart:=true"
2026-09-08T15:07:14Z,86,"slam15m_noise_n000_lifelong",57356,"lifelong_slam_t",55.7,65856,51583,"/opt/ros/jazzy/lib/slam_toolbox/lifelong_slam_toolbox_node --ros-args -r __node:=slam_toolbox -r __ns:=/ --params-file /oomwoo/contributions/compute-benchmark/OsakaTX/scripts/lifelong_slam_params.yaml --params-file /tmp/launch_params_abv_ihd8"
2026-09-08T15:07:14Z,86,"slam15m_noise_n000_lifelong",57390,"bash",0.3,4432,1115,"bash /oomwoo/contributions/compute-benchmark/xbattlax/scripts/measure_ros_processes.sh --pattern python3|lifelong_slam_toolbox_node --duration 470 --interval 2 --label slam15m_noise_n000_lifelong --output /oomwoo/contributions/compute-benchmark/OsakaTX/scripts/../results/slam15m_noise_n000_lifelong_20260908T150401Z.csv"
2026-09-08T15:07:16Z,87,"slam15m_noise_n000_lifelong",191,"python3",0.1,69840,46605,"/usr/bin/python3 -c from ros2cli.daemon.daemonize import main; main() --name ros2-daemon --ros-domain-id 0 --rmw-implementation rmw_fastrtps_cpp"
2026-09-08T15:07:16Z,87,"slam15m_noise_n000_lifelong",57323,"python3",4.6,72596,49293,"python3 /oomwoo/contributions/compute-benchmark/OsakaTX/scripts/synthetic_scan_publisher.py --duration 505 --loop-s 40 --hz 5.0 --room-half 7.5 --noise 0.0"
2026-09-08T15:07:16Z,87,"slam15m_noise_n000_lifelong",57339,"ros2",0.6,74336,51350,"/usr/bin/python3 /opt/ros/jazzy/bin/ros2 launch /oomwoo/contributions/compute-benchmark/OsakaTX/scripts/lifelong_launch.py slam_params_file:=/oomwoo/contributions/compute-benchmark/OsakaTX/scripts/lifelong_slam_params.yaml use_sim_time:=False autostart:=true"
2026-09-08T15:07:16Z,87,"slam15m_noise_n000_lifelong",57356,"lifelong_slam_t",55.6,65856,51583,"/opt/ros/jazzy/lib/slam_toolbox/lifelong_slam_toolbox_node --ros-args -r __node:=slam_toolbox -r __ns:=/ --params-file /oomwoo/contributions/compute-benchmark/OsakaTX/scripts/lifelong_slam_params.yaml --params-file /tmp/launch_params_abv_ihd8"
2026-09-08T15:07:16Z,87,"slam15m_noise_n000_lifelong",57390,"bash",0.3,4432,1110,"bash /oomwoo/contributions/compute-benchmark/xbattlax/scripts/measure_ros_processes.sh --pattern python3|lifelong_slam_toolbox_node --duration 470 --interval 2 --label slam15m_noise_n000_lifelong --output /oomwoo/contributions/compute-benchmark/OsakaTX/scripts/../results/slam15m_noise_n000_lifelong_20260908T150401Z.csv"
2026-09-08T15:07:18Z,88,"slam15m_noise_n000_lifelong",191,"python3",0.1,69840,46605,"/usr/bin/python3 -c from ros2cli.daemon.daemonize import main; main() --name ros2-daemon --ros-domain-id 0 --rmw-implementation rmw_fastrtps_cpp"
2026-09-08T15:07:18Z,88,"slam15m_noise_n000_lifelong",57323,"python3",4.6,72596,49290,"python3 /oomwoo/contributions/compute-benchmark/OsakaTX/scripts/synthetic_scan_publisher.py --duration 505 --loop-s 40 --hz 5.0 --room-half 7.5 --noise 0.0"
2026-09-08T15:07:18Z,88,"slam15m_noise_n000_lifelong",57339,"ros2",0.6,74336,51351,"/usr/bin/python3 /opt/ros/jazzy/bin/ros2 launch /oomwoo/contributions/compute-benchmark/OsakaTX/scripts/lifelong_launch.py slam_params_file:=/oomwoo/contributions/compute-benchmark/OsakaTX/scripts/lifelong_slam_params.yaml use_sim_time:=False autostart:=true"
2026-09-08T15:07:18Z,88,"slam15m_noise_n000_lifelong",57356,"lifelong_slam_t",55.6,65856,51584,"/opt/ros/jazzy/lib/slam_toolbox/lifelong_slam_toolbox_node --ros-args -r __node:=slam_toolbox -r __ns:=/ --params-file /oomwoo/contributions/compute-benchmark/OsakaTX/scripts/lifelong_slam_params.yaml --params-file /tmp/launch_params_abv_ihd8"
2026-09-08T15:07:18Z,88,"slam15m_noise_n000_lifelong",57390,"bash",0.3,4432,1116,"bash /oomwoo/contributions/compute-benchmark/xbattlax/scripts/measure_ros_processes.sh --pattern python3|lifelong_slam_toolbox_node --duration 470 --interval 2 --label slam15m_noise_n000_lifelong --output /oomwoo/contributions/compute-benchmark/OsakaTX/scripts/../results/slam15m_noise_n000_lifelong_20260908T150401Z.csv"
2026-09-08T15:07:21Z,89,"slam15m_noise_n000_lifelong",191,"python3",0.1,69840,46605,"/usr/bin/python3 -c from ros2cli.daemon.daemonize import main; main() --name ros2-daemon --ros-domain-id 0 --rmw-implementation rmw_fastrtps_cpp"
2026-09-08T15:07:21Z,89,"slam15m_noise_n000_lifelong",57323,"python3",4.6,72596,49293,"python3 /oomwoo/contributions/compute-benchmark/OsakaTX/scripts/synthetic_scan_publisher.py --duration 505 --loop-s 40 --hz 5.0 --room-half 7.5 --noise 0.0"
2026-09-08T15:07:21Z,89,"slam15m_noise_n000_lifelong",57339,"ros2",0.6,74336,51352,"/usr/bin/python3 /opt/ros/jazzy/bin/ros2 launch /oomwoo/contributions/compute-benchmark/OsakaTX/scripts/lifelong_launch.py slam_params_file:=/oomwoo/contributions/compute-benchmark/OsakaTX/scripts/lifelong_slam_params.yaml use_sim_time:=False autostart:=true"
2026-09-08T15:07:21Z,89,"slam15m_noise_n000_lifelong",57356,"lifelong_slam_t",55.5,65856,51583,"/opt/ros/jazzy/lib/slam_toolbox/lifelong_slam_toolbox_node --ros-args -r __node:=slam_toolbox -r __ns:=/ --params-file /oomwoo/contributions/compute-benchmark/OsakaTX/scripts/lifelong_slam_params.yaml --params-file /tmp/launch_params_abv_ihd8"
2026-09-08T15:07:21Z,89,"slam15m_noise_n000_lifelong",57390,"bash",0.3,4432,1117,"bash /oomwoo/contributions/compute-benchmark/xbattlax/scripts/measure_ros_processes.sh --pattern python3|lifelong_slam_toolbox_node --duration 470 --interval 2 --label slam15m_noise_n000_lifelong --output /oomwoo/contributions/compute-benchmark/OsakaTX/scripts/../results/slam15m_noise_n000_lifelong_20260908T150401Z.csv"
2026-09-08T15:07:23Z,90,"slam15m_noise_n000_lifelong",191,"python3",0.1,69840,46606,"/usr/bin/python3 -c from ros2cli.daemon.daemonize import main; main() --name ros2-daemon --ros-domain-id 0 --rmw-implementation rmw_fastrtps_cpp"
2026-09-08T15:07:23Z,90,"slam15m_noise_n000_lifelong",57323,"python3",4.6,72596,49293,"python3 /oomwoo/contributions/compute-benchmark/OsakaTX/scripts/synthetic_scan_publisher.py --duration 505 --loop-s 40 --hz 5.0 --room-half 7.5 --noise 0.0"
2026-09-08T15:07:23Z,90,"slam15m_noise_n000_lifelong",57339,"ros2",0.6,74336,51353,"/usr/bin/python3 /opt/ros/jazzy/bin/ros2 launch /oomwoo/contributions/compute-benchmark/OsakaTX/scripts/lifelong_launch.py slam_params_file:=/oomwoo/contributions/compute-benchmark/OsakaTX/scripts/lifelong_slam_params.yaml use_sim_time:=False autostart:=true"
2026-09-08T15:07:23Z,90,"slam15m_noise_n000_lifelong",57356,"lifelong_slam_t",55.4,65856,51583,"/opt/ros/jazzy/lib/slam_toolbox/lifelong_slam_toolbox_node --ros-args -r __node:=slam_toolbox -r __ns:=/ --params-file /oomwoo/contributions/compute-benchmark/OsakaTX/scripts/lifelong_slam_params.yaml --params-file /tmp/launch_params_abv_ihd8"
2026-09-08T15:07:23Z,90,"slam15m_noise_n000_lifelong",57390,"bash",0.3,4432,1117,"bash /oomwoo/contributions/compute-benchmark/xbattlax/scripts/measure_ros_processes.sh --pattern python3|lifelong_slam_toolbox_node --duration 470 --interval 2 --label slam15m_noise_n000_lifelong --output /oomwoo/contributions/compute-benchmark/OsakaTX/scripts/../results/slam15m_noise_n000_lifelong_20260908T150401Z.csv"
2026-09-08T15:07:25Z,91,"slam15m_noise_n000_lifelong",191,"python3",0.1,69840,46605,"/usr/bin/python3 -c from ros2cli.daemon.daemonize import main; main() --name ros2-daemon --ros-domain-id 0 --rmw-implementation rmw_fastrtps_cpp"
2026-09-08T15:07:25Z,91,"slam15m_noise_n000_lifelong",57323,"python3",4.6,72596,49290,"python3 /oomwoo/contributions/compute-benchmark/OsakaTX/scripts/synthetic_scan_publisher.py --duration 505 --loop-s 40 --hz 5.0 --room-half 7.5 --noise 0.0"
2026-09-08T15:07:25Z,91,"slam15m_noise_n000_lifelong",57339,"ros2",0.6,74336,51351,"/usr/bin/python3 /opt/ros/jazzy/bin/ros2 launch /oomwoo/contributions/compute-benchmark/OsakaTX/scripts/lifelong_launch.py slam_params_file:=/oomwoo/contributions/compute-benchmark/OsakaTX/scripts/lifelong_slam_params.yaml use_sim_time:=False autostart:=true"
2026-09-08T15:07:25Z,91,"slam15m_noise_n000_lifelong",57356,"lifelong_slam_t",55.3,65856,51587,"/opt/ros/jazzy/lib/slam_toolbox/lifelong_slam_toolbox_node --ros-args -r __node:=slam_toolbox -r __ns:=/ --params-file /oomwoo/contributions/compute-benchmark/OsakaTX/scripts/lifelong_slam_params.yaml --params-file /tmp/launch_params_abv_ihd8"
2026-09-08T15:07:25Z,91,"slam15m_noise_n000_lifelong",57390,"bash",0.3,4432,1117,"bash /oomwoo/contributions/compute-benchmark/xbattlax/scripts/measure_ros_processes.sh --pattern python3|lifelong_slam_toolbox_node --duration 470 --interval 2 --label slam15m_noise_n000_lifelong --output /oomwoo/contributions/compute-benchmark/OsakaTX/scripts/../results/slam15m_noise_n000_lifelong_20260908T150401Z.csv"
2026-09-08T15:07:27Z,92,"slam15m_noise_n000_lifelong",191,"python3",0.1,69840,46605,"/usr/bin/python3 -c from ros2cli.daemon.daemonize import main; main() --name ros2-daemon --ros-domain-id 0 --rmw-implementation rmw_fastrtps_cpp"
2026-09-08T15:07:27Z,92,"slam15m_noise_n000_lifelong",57323,"python3",4.6,72596,49288,"python3 /oomwoo/contributions/compute-benchmark/OsakaTX/scripts/synthetic_scan_publisher.py --duration 505 --loop-s 40 --hz 5.0 --room-half 7.5 --noise 0.0"
2026-09-08T15:07:27Z,92,"slam15m_noise_n000_lifelong",57339,"ros2",0.6,74336,51351,"/usr/bin/python3 /opt/ros/jazzy/bin/ros2 launch /oomwoo/contributions/compute-benchmark/OsakaTX/scripts/lifelong_launch.py slam_params_file:=/oomwoo/contributions/compute-benchmark/OsakaTX/scripts/lifelong_slam_params.yaml use_sim_time:=False autostart:=true"
2026-09-08T15:07:27Z,92,"slam15m_noise_n000_lifelong",57356,"lifelong_slam_t",55.3,65856,51584,"/opt/ros/jazzy/lib/slam_toolbox/lifelong_slam_toolbox_node --ros-args -r __node:=slam_toolbox -r __ns:=/ --params-file /oomwoo/contributions/compute-benchmark/OsakaTX/scripts/lifelong_slam_params.yaml --params-file /tmp/launch_params_abv_ihd8"
2026-09-08T15:07:27Z,92,"slam15m_noise_n000_lifelong",57390,"bash",0.3,4432,1117,"bash /oomwoo/contributions/compute-benchmark/xbattlax/scripts/measure_ros_processes.sh --pattern python3|lifelong_slam_toolbox_node --duration 470 --interval 2 --label slam15m_noise_n000_lifelong --output /oomwoo/contributions/compute-benchmark/OsakaTX/scripts/../results/slam15m_noise_n000_lifelong_20260908T150401Z.csv"
2026-09-08T15:07:29Z,93,"slam15m_noise_n000_lifelong",191,"python3",0.1,69840,46605,"/usr/bin/python3 -c from ros2cli.daemon.daemonize import main; main() --name ros2-daemon --ros-domain-id 0 --rmw-implementation rmw_fastrtps_cpp"
2026-09-08T15:07:29Z,93,"slam15m_noise_n000_lifelong",57323,"python3",4.6,72596,49300,"python3 /oomwoo/contributions/compute-benchmark/OsakaTX/scripts/synthetic_scan_publisher.py --duration 505 --loop-s 40 --hz 5.0 --room-half 7.5 --noise 0.0"
2026-09-08T15:07:29Z,93,"slam15m_noise_n000_lifelong",57339,"ros2",0.6,74336,51351,"/usr/bin/python3 /opt/ros/jazzy/bin/ros2 launch /oomwoo/contributions/compute-benchmark/OsakaTX/scripts/lifelong_launch.py slam_params_file:=/oomwoo/contributions/compute-benchmark/OsakaTX/scripts/lifelong_slam_params.yaml use_sim_time:=False autostart:=true"
2026-09-08T15:07:29Z,93,"slam15m_noise_n000_lifelong",57356,"lifelong_slam_t",55.2,65856,51585,"/opt/ros/jazzy/lib/slam_toolbox/lifelong_slam_toolbox_node --ros-args -r __node:=slam_toolbox -r __ns:=/ --params-file /oomwoo/contributions/compute-benchmark/OsakaTX/scripts/lifelong_slam_params.yaml --params-file /tmp/launch_params_abv_ihd8"
2026-09-08T15:07:29Z,93,"slam15m_noise_n000_lifelong",57390,"bash",0.3,4432,1111,"bash /oomwoo/contributions/compute-benchmark/xbattlax/scripts/measure_ros_processes.sh --pattern python3|lifelong_slam_toolbox_node --duration 470 --interval 2 --label slam15m_noise_n000_lifelong --output /oomwoo/contributions/compute-benchmark/OsakaTX/scripts/../results/slam15m_noise_n000_lifelong_20260908T150401Z.csv"
2026-09-08T15:07:31Z,94,"slam15m_noise_n000_lifelong",191,"python3",0.1,69840,46605,"/usr/bin/python3 -c from ros2cli.daemon.daemonize import main; main() --name ros2-daemon --ros-domain-id 0 --rmw-implementation rmw_fastrtps_cpp"
2026-09-08T15:07:31Z,94,"slam15m_noise_n000_lifelong",57323,"python3",4.6,72596,49290,"python3 /oomwoo/contributions/compute-benchmark/OsakaTX/scripts/synthetic_scan_publisher.py --duration 505 --loop-s 40 --hz 5.0 --room-half 7.5 --noise 0.0"
2026-09-08T15:07:31Z,94,"slam15m_noise_n000_lifelong",57339,"ros2",0.6,74336,51351,"/usr/bin/python3 /opt/ros/jazzy/bin/ros2 launch /oomwoo/contributions/compute-benchmark/OsakaTX/scripts/lifelong_launch.py slam_params_file:=/oomwoo/contributions/compute-benchmark/OsakaTX/scripts/lifelong_slam_params.yaml use_sim_time:=False autostart:=true"
2026-09-08T15:07:31Z,94,"slam15m_noise_n000_lifelong",57356,"lifelong_slam_t",55.2,65856,51584,"/opt/ros/jazzy/lib/slam_toolbox/lifelong_slam_toolbox_node --ros-args -r __node:=slam_toolbox -r __ns:=/ --params-file /oomwoo/contributions/compute-benchmark/OsakaTX/scripts/lifelong_slam_params.yaml --params-file /tmp/launch_params_abv_ihd8"
2026-09-08T15:07:31Z,94,"slam15m_noise_n000_lifelong",57390,"bash",0.3,4432,1113,"bash /oomwoo/contributions/compute-benchmark/xbattlax/scripts/measure_ros_processes.sh --pattern python3|lifelong_slam_toolbox_node --duration 470 --interval 2 --label slam15m_noise_n000_lifelong --output /oomwoo/contributions/compute-benchmark/OsakaTX/scripts/../results/slam15m_noise_n000_lifelong_20260908T150401Z.csv"
2026-09-08T15:07:33Z,95,"slam15m_noise_n000_lifelong",191,"python3",0.1,69840,46606,"/usr/bin/python3 -c from ros2cli.daemon.daemonize import main; main() --name ros2-daemon --ros-domain-id 0 --rmw-implementation rmw_fastrtps_cpp"
2026-09-08T15:07:33Z,95,"slam15m_noise_n000_lifelong",57323,"python3",4.6,72596,49288,"python3 /oomwoo/contributions/compute-benchmark/OsakaTX/scripts/synthetic_scan_publisher.py --duration 505 --loop-s 40 --hz 5.0 --room-half 7.5 --noise 0.0"
2026-09-08T15:07:33Z,95,"slam15m_noise_n000_lifelong",57339,"ros2",0.6,74336,51351,"/usr/bin/python3 /opt/ros/jazzy/bin/ros2 launch /oomwoo/contributions/compute-benchmark/OsakaTX/scripts/lifelong_launch.py slam_params_file:=/oomwoo/contributions/compute-benchmark/OsakaTX/scripts/lifelong_slam_params.yaml use_sim_time:=False autostart:=true"
2026-09-08T15:07:33Z,95,"slam15m_noise_n000_lifelong",57356,"lifelong_slam_t",55.2,65856,51583,"/opt/ros/jazzy/lib/slam_toolbox/lifelong_slam_toolbox_node --ros-args -r __node:=slam_toolbox -r __ns:=/ --params-file /oomwoo/contributions/compute-benchmark/OsakaTX/scripts/lifelong_slam_params.yaml --params-file /tmp/launch_params_abv_ihd8"
2026-09-08T15:07:33Z,95,"slam15m_noise_n000_lifelong",57390,"bash",0.3,4432,1117,"bash /oomwoo/contributions/compute-benchmark/xbattlax/scripts/measure_ros_processes.sh --pattern python3|lifelong_slam_toolbox_node --duration 470 --interval 2 --label slam15m_noise_n000_lifelong --output /oomwoo/contributions/compute-benchmark/OsakaTX/scripts/../results/slam15m_noise_n000_lifelong_20260908T150401Z.csv"
2026-09-08T15:07:36Z,96,"slam15m_noise_n000_lifelong",191,"python3",0.1,69840,46605,"/usr/bin/python3 -c from ros2cli.daemon.daemonize import main; main() --name ros2-daemon --ros-domain-id 0 --rmw-implementation rmw_fastrtps_cpp"
2026-09-08T15:07:36Z,96,"slam15m_noise_n000_lifelong",57323,"python3",4.6,72596,49288,"python3 /oomwoo/contributions/compute-benchmark/OsakaTX/scripts/synthetic_scan_publisher.py --duration 505 --loop-s 40 --hz 5.0 --room-half 7.5 --noise 0.0"
2026-09-08T15:07:36Z,96,"slam15m_noise_n000_lifelong",57339,"ros2",0.6,74336,51351,"/usr/bin/python3 /opt/ros/jazzy/bin/ros2 launch /oomwoo/contributions/compute-benchmark/OsakaTX/scripts/lifelong_launch.py slam_params_file:=/oomwoo/contributions/compute-benchmark/OsakaTX/scripts/lifelong_slam_params.yaml use_sim_time:=False autostart:=true"
2026-09-08T15:07:36Z,96,"slam15m_noise_n000_lifelong",57356,"lifelong_slam_t",55.1,65856,51587,"/opt/ros/jazzy/lib/slam_toolbox/lifelong_slam_toolbox_node --ros-args -r __node:=slam_toolbox -r __ns:=/ --params-file /oomwoo/contributions/compute-benchmark/OsakaTX/scripts/lifelong_slam_params.yaml --params-file /tmp/launch_params_abv_ihd8"
2026-09-08T15:07:36Z,96,"slam15m_noise_n000_lifelong",57390,"bash",0.3,4432,1117,"bash /oomwoo/contributions/compute-benchmark/xbattlax/scripts/measure_ros_processes.sh --pattern python3|lifelong_slam_toolbox_node --duration 470 --interval 2 --label slam15m_noise_n000_lifelong --output /oomwoo/contributions/compute-benchmark/OsakaTX/scripts/../results/slam15m_noise_n000_lifelong_20260908T150401Z.csv"
2026-09-08T15:07:38Z,97,"slam15m_noise_n000_lifelong",191,"python3",0.1,69840,46605,"/usr/bin/python3 -c from ros2cli.daemon.daemonize import main; main() --name ros2-daemon --ros-domain-id 0 --rmw-implementation rmw_fastrtps_cpp"
2026-09-08T15:07:38Z,97,"slam15m_noise_n000_lifelong",57323,"python3",4.6,72596,49291,"python3 /oomwoo/contributions/compute-benchmark/OsakaTX/scripts/synthetic_scan_publisher.py --duration 505 --loop-s 40 --hz 5.0 --room-half 7.5 --noise 0.0"
2026-09-08T15:07:38Z,97,"slam15m_noise_n000_lifelong",57339,"ros2",0.6,74336,51351,"/usr/bin/python3 /opt/ros/jazzy/bin/ros2 launch /oomwoo/contributions/compute-benchmark/OsakaTX/scripts/lifelong_launch.py slam_params_file:=/oomwoo/contributions/compute-benchmark/OsakaTX/scripts/lifelong_slam_params.yaml use_sim_time:=False autostart:=true"
2026-09-08T15:07:38Z,97,"slam15m_noise_n000_lifelong",57356,"lifelong_slam_t",55.1,65916,51643,"/opt/ros/jazzy/lib/slam_toolbox/lifelong_slam_toolbox_node --ros-args -r __node:=slam_toolbox -r __ns:=/ --params-file /oomwoo/contributions/compute-benchmark/OsakaTX/scripts/lifelong_slam_params.yaml --params-file /tmp/launch_params_abv_ihd8"
2026-09-08T15:07:38Z,97,"slam15m_noise_n000_lifelong",57390,"bash",0.3,4432,1115,"bash /oomwoo/contributions/compute-benchmark/xbattlax/scripts/measure_ros_processes.sh --pattern python3|lifelong_slam_toolbox_node --duration 470 --interval 2 --label slam15m_noise_n000_lifelong --output /oomwoo/contributions/compute-benchmark/OsakaTX/scripts/../results/slam15m_noise_n000_lifelong_20260908T150401Z.csv"
2026-09-08T15:07:40Z,98,"slam15m_noise_n000_lifelong",191,"python3",0.1,69840,46605,"/usr/bin/python3 -c from ros2cli.daemon.daemonize import main; main() --name ros2-daemon --ros-domain-id 0 --rmw-implementation rmw_fastrtps_cpp"
2026-09-08T15:07:40Z,98,"slam15m_noise_n000_lifelong",57323,"python3",4.6,72596,49293,"python3 /oomwoo/contributions/compute-benchmark/OsakaTX/scripts/synthetic_scan_publisher.py --duration 505 --loop-s 40 --hz 5.0 --room-half 7.5 --noise 0.0"
2026-09-08T15:07:40Z,98,"slam15m_noise_n000_lifelong",57339,"ros2",0.6,74336,51354,"/usr/bin/python3 /opt/ros/jazzy/bin/ros2 launch /oomwoo/contributions/compute-benchmark/OsakaTX/scripts/lifelong_launch.py slam_params_file:=/oomwoo/contributions/compute-benchmark/OsakaTX/scripts/lifelong_slam_params.yaml use_sim_time:=False autostart:=true"
2026-09-08T15:07:40Z,98,"slam15m_noise_n000_lifelong",57356,"lifelong_slam_t",55.1,66064,51792,"/opt/ros/jazzy/lib/slam_toolbox/lifelong_slam_toolbox_node --ros-args -r __node:=slam_toolbox -r __ns:=/ --params-file /oomwoo/contributions/compute-benchmark/OsakaTX/scripts/lifelong_slam_params.yaml --params-file /tmp/launch_params_abv_ihd8"
2026-09-08T15:07:40Z,98,"slam15m_noise_n000_lifelong",57390,"bash",0.3,4432,1117,"bash /oomwoo/contributions/compute-benchmark/xbattlax/scripts/measure_ros_processes.sh --pattern python3|lifelong_slam_toolbox_node --duration 470 --interval 2 --label slam15m_noise_n000_lifelong --output /oomwoo/contributions/compute-benchmark/OsakaTX/scripts/../results/slam15m_noise_n000_lifelong_20260908T150401Z.csv"
2026-09-08T15:07:42Z,99,"slam15m_noise_n000_lifelong",191,"python3",0.1,69840,46607,"/usr/bin/python3 -c from ros2cli.daemon.daemonize import main; main() --name ros2-daemon --ros-domain-id 0 --rmw-implementation rmw_fastrtps_cpp"
2026-09-08T15:07:42Z,99,"slam15m_noise_n000_lifelong",57323,"python3",4.6,72596,49300,"python3 /oomwoo/contributions/compute-benchmark/OsakaTX/scripts/synthetic_scan_publisher.py --duration 505 --loop-s 40 --hz 5.0 --room-half 7.5 --noise 0.0"
2026-09-08T15:07:42Z,99,"slam15m_noise_n000_lifelong",57339,"ros2",0.6,74336,51350,"/usr/bin/python3 /opt/ros/jazzy/bin/ros2 launch /oomwoo/contributions/compute-benchmark/OsakaTX/scripts/lifelong_launch.py slam_params_file:=/oomwoo/contributions/compute-benchmark/OsakaTX/scripts/lifelong_slam_params.yaml use_sim_time:=False autostart:=true"
2026-09-08T15:07:42Z,99,"slam15m_noise_n000_lifelong",57356,"lifelong_slam_t",55.1,66068,51795,"/opt/ros/jazzy/lib/slam_toolbox/lifelong_slam_toolbox_node --ros-args -r __node:=slam_toolbox -r __ns:=/ --params-file /oomwoo/contributions/compute-benchmark/OsakaTX/scripts/lifelong_slam_params.yaml --params-file /tmp/launch_params_abv_ihd8"
2026-09-08T15:07:42Z,99,"slam15m_noise_n000_lifelong",57390,"bash",0.3,4432,1114,"bash /oomwoo/contributions/compute-benchmark/xbattlax/scripts/measure_ros_processes.sh --pattern python3|lifelong_slam_toolbox_node --duration 470 --interval 2 --label slam15m_noise_n000_lifelong --output /oomwoo/contributions/compute-benchmark/OsakaTX/scripts/../results/slam15m_noise_n000_lifelong_20260908T150401Z.csv"
2026-09-08T15:07:44Z,100,"slam15m_noise_n000_lifelong",191,"python3",0.1,69840,46605,"/usr/bin/python3 -c from ros2cli.daemon.daemonize import main; main() --name ros2-daemon --ros-domain-id 0 --rmw-implementation rmw_fastrtps_cpp"
2026-09-08T15:07:44Z,100,"slam15m_noise_n000_lifelong",57323,"python3",4.6,72596,49293,"python3 /oomwoo/contributions/compute-benchmark/OsakaTX/scripts/synthetic_scan_publisher.py --duration 505 --loop-s 40 --hz 5.0 --room-half 7.5 --noise 0.0"
2026-09-08T15:07:44Z,100,"slam15m_noise_n000_lifelong",57339,"ros2",0.6,74348,51361,"/usr/bin/python3 /opt/ros/jazzy/bin/ros2 launch /oomwoo/contributions/compute-benchmark/OsakaTX/scripts/lifelong_launch.py slam_params_file:=/oomwoo/contributions/compute-benchmark/OsakaTX/scripts/lifelong_slam_params.yaml use_sim_time:=False autostart:=true"
2026-09-08T15:07:44Z,100,"slam15m_noise_n000_lifelong",57356,"lifelong_slam_t",55.0,66068,51796,"/opt/ros/jazzy/lib/slam_toolbox/lifelong_slam_toolbox_node --ros-args -r __node:=slam_toolbox -r __ns:=/ --params-file /oomwoo/contributions/compute-benchmark/OsakaTX/scripts/lifelong_slam_params.yaml --params-file /tmp/launch_params_abv_ihd8"
2026-09-08T15:07:44Z,100,"slam15m_noise_n000_lifelong",57390,"bash",0.3,4432,1115,"bash /oomwoo/contributions/compute-benchmark/xbattlax/scripts/measure_ros_processes.sh --pattern python3|lifelong_slam_toolbox_node --duration 470 --interval 2 --label slam15m_noise_n000_lifelong --output /oomwoo/contributions/compute-benchmark/OsakaTX/scripts/../results/slam15m_noise_n000_lifelong_20260908T150401Z.csv"
2026-09-08T15:07:46Z,101,"slam15m_noise_n000_lifelong",191,"python3",0.1,69840,46604,"/usr/bin/python3 -c from ros2cli.daemon.daemonize import main; main() --name ros2-daemon --ros-domain-id 0 --rmw-implementation rmw_fastrtps_cpp"
2026-09-08T15:07:46Z,101,"slam15m_noise_n000_lifelong",57323,"python3",4.6,72596,49288,"python3 /oomwoo/contributions/compute-benchmark/OsakaTX/scripts/synthetic_scan_publisher.py --duration 505 --loop-s 40 --hz 5.0 --room-half 7.5 --noise 0.0"
2026-09-08T15:07:46Z,101,"slam15m_noise_n000_lifelong",57339,"ros2",0.6,74348,51362,"/usr/bin/python3 /opt/ros/jazzy/bin/ros2 launch /oomwoo/contributions/compute-benchmark/OsakaTX/scripts/lifelong_launch.py slam_params_file:=/oomwoo/contributions/compute-benchmark/OsakaTX/scripts/lifelong_slam_params.yaml use_sim_time:=False autostart:=true"
2026-09-08T15:07:46Z,101,"slam15m_noise_n000_lifelong",57356,"lifelong_slam_t",55.0,66068,51796,"/opt/ros/jazzy/lib/slam_toolbox/lifelong_slam_toolbox_node --ros-args -r __node:=slam_toolbox -r __ns:=/ --params-file /oomwoo/contributions/compute-benchmark/OsakaTX/scripts/lifelong_slam_params.yaml --params-file /tmp/launch_params_abv_ihd8"
2026-09-08T15:07:46Z,101,"slam15m_noise_n000_lifelong",57390,"bash",0.3,4432,1113,"bash /oomwoo/contributions/compute-benchmark/xbattlax/scripts/measure_ros_processes.sh --pattern python3|lifelong_slam_toolbox_node --duration 470 --interval 2 --label slam15m_noise_n000_lifelong --output /oomwoo/contributions/compute-benchmark/OsakaTX/scripts/../results/slam15m_noise_n000_lifelong_20260908T150401Z.csv"
2026-09-08T15:07:48Z,102,"slam15m_noise_n000_lifelong",191,"python3",0.1,69840,46607,"/usr/bin/python3 -c from ros2cli.daemon.daemonize import main; main() --name ros2-daemon --ros-domain-id 0 --rmw-implementation rmw_fastrtps_cpp"
2026-09-08T15:07:48Z,102,"slam15m_noise_n000_lifelong",57323,"python3",4.6,72596,49295,"python3 /oomwoo/contributions/compute-benchmark/OsakaTX/scripts/synthetic_scan_publisher.py --duration 505 --loop-s 40 --hz 5.0 --room-half 7.5 --noise 0.0"
2026-09-08T15:07:48Z,102,"slam15m_noise_n000_lifelong",57339,"ros2",0.6,74348,51363,"/usr/bin/python3 /opt/ros/jazzy/bin/ros2 launch /oomwoo/contributions/compute-benchmark/OsakaTX/scripts/lifelong_launch.py slam_params_file:=/oomwoo/contributions/compute-benchmark/OsakaTX/scripts/lifelong_slam_params.yaml use_sim_time:=False autostart:=true"
2026-09-08T15:07:48Z,102,"slam15m_noise_n000_lifelong",57356,"lifelong_slam_t",55.0,66068,51796,"/opt/ros/jazzy/lib/slam_toolbox/lifelong_slam_toolbox_node --ros-args -r __node:=slam_toolbox -r __ns:=/ --params-file /oomwoo/contributions/compute-benchmark/OsakaTX/scripts/lifelong_slam_params.yaml --params-file /tmp/launch_params_abv_ihd8"
2026-09-08T15:07:48Z,102,"slam15m_noise_n000_lifelong",57390,"bash",0.3,4432,1115,"bash /oomwoo/contributions/compute-benchmark/xbattlax/scripts/measure_ros_processes.sh --pattern python3|lifelong_slam_toolbox_node --duration 470 --interval 2 --label slam15m_noise_n000_lifelong --output /oomwoo/contributions/compute-benchmark/OsakaTX/scripts/../results/slam15m_noise_n000_lifelong_20260908T150401Z.csv"
2026-09-08T15:07:51Z,103,"slam15m_noise_n000_lifelong",191,"python3",0.1,69840,46605,"/usr/bin/python3 -c from ros2cli.daemon.daemonize import main; main() --name ros2-daemon --ros-domain-id 0 --rmw-implementation rmw_fastrtps_cpp"
2026-09-08T15:07:51Z,103,"slam15m_noise_n000_lifelong",57323,"python3",4.6,72596,49293,"python3 /oomwoo/contributions/compute-benchmark/OsakaTX/scripts/synthetic_scan_publisher.py --duration 505 --loop-s 40 --hz 5.0 --room-half 7.5 --noise 0.0"
2026-09-08T15:07:51Z,103,"slam15m_noise_n000_lifelong",57339,"ros2",0.6,74348,51361,"/usr/bin/python3 /opt/ros/jazzy/bin/ros2 launch /oomwoo/contributions/compute-benchmark/OsakaTX/scripts/lifelong_launch.py slam_params_file:=/oomwoo/contributions/compute-benchmark/OsakaTX/scripts/lifelong_slam_params.yaml use_sim_time:=False autostart:=true"
2026-09-08T15:07:51Z,103,"slam15m_noise_n000_lifelong",57356,"lifelong_slam_t",55.0,66084,51813,"/opt/ros/jazzy/lib/slam_toolbox/lifelong_slam_toolbox_node --ros-args -r __node:=slam_toolbox -r __ns:=/ --params-file /oomwoo/contributions/compute-benchmark/OsakaTX/scripts/lifelong_slam_params.yaml --params-file /tmp/launch_params_abv_ihd8"
2026-09-08T15:07:51Z,103,"slam15m_noise_n000_lifelong",57390,"bash",0.3,4432,1115,"bash /oomwoo/contributions/compute-benchmark/xbattlax/scripts/measure_ros_processes.sh --pattern python3|lifelong_slam_toolbox_node --duration 470 --interval 2 --label slam15m_noise_n000_lifelong --output /oomwoo/contributions/compute-benchmark/OsakaTX/scripts/../results/slam15m_noise_n000_lifelong_20260908T150401Z.csv"
2026-09-08T15:07:53Z,104,"slam15m_noise_n000_lifelong",191,"python3",0.1,69840,46605,"/usr/bin/python3 -c from ros2cli.daemon.daemonize import main; main() --name ros2-daemon --ros-domain-id 0 --rmw-implementation rmw_fastrtps_cpp"
2026-09-08T15:07:53Z,104,"slam15m_noise_n000_lifelong",57323,"python3",4.6,72596,49288,"python3 /oomwoo/contributions/compute-benchmark/OsakaTX/scripts/synthetic_scan_publisher.py --duration 505 --loop-s 40 --hz 5.0 --room-half 7.5 --noise 0.0"
2026-09-08T15:07:53Z,104,"slam15m_noise_n000_lifelong",57339,"ros2",0.6,74348,51363,"/usr/bin/python3 /opt/ros/jazzy/bin/ros2 launch /oomwoo/contributions/compute-benchmark/OsakaTX/scripts/lifelong_launch.py slam_params_file:=/oomwoo/contributions/compute-benchmark/OsakaTX/scripts/lifelong_slam_params.yaml use_sim_time:=False autostart:=true"
2026-09-08T15:07:53Z,104,"slam15m_noise_n000_lifelong",57356,"lifelong_slam_t",55.0,66084,51811,"/opt/ros/jazzy/lib/slam_toolbox/lifelong_slam_toolbox_node --ros-args -r __node:=slam_toolbox -r __ns:=/ --params-file /oomwoo/contributions/compute-benchmark/OsakaTX/scripts/lifelong_slam_params.yaml --params-file /tmp/launch_params_abv_ihd8"
2026-09-08T15:07:53Z,104,"slam15m_noise_n000_lifelong",57390,"bash",0.3,4432,1117,"bash /oomwoo/contributions/compute-benchmark/xbattlax/scripts/measure_ros_processes.sh --pattern python3|lifelong_slam_toolbox_node --duration 470 --interval 2 --label slam15m_noise_n000_lifelong --output /oomwoo/contributions/compute-benchmark/OsakaTX/scripts/../results/slam15m_noise_n000_lifelong_20260908T150401Z.csv"
2026-09-08T15:07:55Z,105,"slam15m_noise_n000_lifelong",191,"python3",0.1,69840,46607,"/usr/bin/python3 -c from ros2cli.daemon.daemonize import main; main() --name ros2-daemon --ros-domain-id 0 --rmw-implementation rmw_fastrtps_cpp"
2026-09-08T15:07:55Z,105,"slam15m_noise_n000_lifelong",57323,"python3",4.6,72596,49295,"python3 /oomwoo/contributions/compute-benchmark/OsakaTX/scripts/synthetic_scan_publisher.py --duration 505 --loop-s 40 --hz 5.0 --room-half 7.5 --noise 0.0"
2026-09-08T15:07:55Z,105,"slam15m_noise_n000_lifelong",57339,"ros2",0.6,74348,51362,"/usr/bin/python3 /opt/ros/jazzy/bin/ros2 launch /oomwoo/contributions/compute-benchmark/OsakaTX/scripts/lifelong_launch.py slam_params_file:=/oomwoo/contributions/compute-benchmark/OsakaTX/scripts/lifelong_slam_params.yaml use_sim_time:=False autostart:=true"
2026-09-08T15:07:55Z,105,"slam15m_noise_n000_lifelong",57356,"lifelong_slam_t",55.0,66108,51835,"/opt/ros/jazzy/lib/slam_toolbox/lifelong_slam_toolbox_node --ros-args -r __node:=slam_toolbox -r __ns:=/ --params-file /oomwoo/contributions/compute-benchmark/OsakaTX/scripts/lifelong_slam_params.yaml --params-file /tmp/launch_params_abv_ihd8"
2026-09-08T15:07:55Z,105,"slam15m_noise_n000_lifelong",57390,"bash",0.3,4432,1115,"bash /oomwoo/contributions/compute-benchmark/xbattlax/scripts/measure_ros_processes.sh --pattern python3|lifelong_slam_toolbox_node --duration 470 --interval 2 --label slam15m_noise_n000_lifelong --output /oomwoo/contributions/compute-benchmark/OsakaTX/scripts/../results/slam15m_noise_n000_lifelong_20260908T150401Z.csv"
2026-09-08T15:07:57Z,106,"slam15m_noise_n000_lifelong",191,"python3",0.1,69840,46605,"/usr/bin/python3 -c from ros2cli.daemon.daemonize import main; main() --name ros2-daemon --ros-domain-id 0 --rmw-implementation rmw_fastrtps_cpp"
2026-09-08T15:07:57Z,106,"slam15m_noise_n000_lifelong",57323,"python3",4.6,72596,49290,"python3 /oomwoo/contributions/compute-benchmark/OsakaTX/scripts/synthetic_scan_publisher.py --duration 505 --loop-s 40 --hz 5.0 --room-half 7.5 --noise 0.0"
2026-09-08T15:07:57Z,106,"slam15m_noise_n000_lifelong",57339,"ros2",0.6,74348,51363,"/usr/bin/python3 /opt/ros/jazzy/bin/ros2 launch /oomwoo/contributions/compute-benchmark/OsakaTX/scripts/lifelong_launch.py slam_params_file:=/oomwoo/contributions/compute-benchmark/OsakaTX/scripts/lifelong_slam_params.yaml use_sim_time:=False autostart:=true"
2026-09-08T15:07:57Z,106,"slam15m_noise_n000_lifelong",57356,"lifelong_slam_t",54.9,66152,51879,"/opt/ros/jazzy/lib/slam_toolbox/lifelong_slam_toolbox_node --ros-args -r __node:=slam_toolbox -r __ns:=/ --params-file /oomwoo/contributions/compute-benchmark/OsakaTX/scripts/lifelong_slam_params.yaml --params-file /tmp/launch_params_abv_ihd8"
2026-09-08T15:07:57Z,106,"slam15m_noise_n000_lifelong",57390,"bash",0.3,4432,1116,"bash /oomwoo/contributions/compute-benchmark/xbattlax/scripts/measure_ros_processes.sh --pattern python3|lifelong_slam_toolbox_node --duration 470 --interval 2 --label slam15m_noise_n000_lifelong --output /oomwoo/contributions/compute-benchmark/OsakaTX/scripts/../results/slam15m_noise_n000_lifelong_20260908T150401Z.csv"
2026-09-08T15:07:59Z,107,"slam15m_noise_n000_lifelong",191,"python3",0.1,69840,46605,"/usr/bin/python3 -c from ros2cli.daemon.daemonize import main; main() --name ros2-daemon --ros-domain-id 0 --rmw-implementation rmw_fastrtps_cpp"
2026-09-08T15:07:59Z,107,"slam15m_noise_n000_lifelong",57323,"python3",4.6,72596,49291,"python3 /oomwoo/contributions/compute-benchmark/OsakaTX/scripts/synthetic_scan_publisher.py --duration 505 --loop-s 40 --hz 5.0 --room-half 7.5 --noise 0.0"
2026-09-08T15:07:59Z,107,"slam15m_noise_n000_lifelong",57339,"ros2",0.6,74360,51374,"/usr/bin/python3 /opt/ros/jazzy/bin/ros2 launch /oomwoo/contributions/compute-benchmark/OsakaTX/scripts/lifelong_launch.py slam_params_file:=/oomwoo/contributions/compute-benchmark/OsakaTX/scripts/lifelong_slam_params.yaml use_sim_time:=False autostart:=true"
2026-09-08T15:07:59Z,107,"slam15m_noise_n000_lifelong",57356,"lifelong_slam_t",54.9,66152,51881,"/opt/ros/jazzy/lib/slam_toolbox/lifelong_slam_toolbox_node --ros-args -r __node:=slam_toolbox -r __ns:=/ --params-file /oomwoo/contributions/compute-benchmark/OsakaTX/scripts/lifelong_slam_params.yaml --params-file /tmp/launch_params_abv_ihd8"
2026-09-08T15:07:59Z,107,"slam15m_noise_n000_lifelong",57390,"bash",0.3,4432,1115,"bash /oomwoo/contributions/compute-benchmark/xbattlax/scripts/measure_ros_processes.sh --pattern python3|lifelong_slam_toolbox_node --duration 470 --interval 2 --label slam15m_noise_n000_lifelong --output /oomwoo/contributions/compute-benchmark/OsakaTX/scripts/../results/slam15m_noise_n000_lifelong_20260908T150401Z.csv"
2026-09-08T15:08:01Z,108,"slam15m_noise_n000_lifelong",191,"python3",0.1,69840,46605,"/usr/bin/python3 -c from ros2cli.daemon.daemonize import main; main() --name ros2-daemon --ros-domain-id 0 --rmw-implementation rmw_fastrtps_cpp"
2026-09-08T15:08:01Z,108,"slam15m_noise_n000_lifelong",57323,"python3",4.6,72596,49290,"python3 /oomwoo/contributions/compute-benchmark/OsakaTX/scripts/synthetic_scan_publisher.py --duration 505 --loop-s 40 --hz 5.0 --room-half 7.5 --noise 0.0"
2026-09-08T15:08:01Z,108,"slam15m_noise_n000_lifelong",57339,"ros2",0.6,74360,51373,"/usr/bin/python3 /opt/ros/jazzy/bin/ros2 launch /oomwoo/contributions/compute-benchmark/OsakaTX/scripts/lifelong_launch.py slam_params_file:=/oomwoo/contributions/compute-benchmark/OsakaTX/scripts/lifelong_slam_params.yaml use_sim_time:=False autostart:=true"
2026-09-08T15:08:01Z,108,"slam15m_noise_n000_lifelong",57356,"lifelong_slam_t",54.8,66152,51880,"/opt/ros/jazzy/lib/slam_toolbox/lifelong_slam_toolbox_node --ros-args -r __node:=slam_toolbox -r __ns:=/ --params-file /oomwoo/contributions/compute-benchmark/OsakaTX/scripts/lifelong_slam_params.yaml --params-file /tmp/launch_params_abv_ihd8"
2026-09-08T15:08:01Z,108,"slam15m_noise_n000_lifelong",57390,"bash",0.3,4432,1117,"bash /oomwoo/contributions/compute-benchmark/xbattlax/scripts/measure_ros_processes.sh --pattern python3|lifelong_slam_toolbox_node --duration 470 --interval 2 --label slam15m_noise_n000_lifelong --output /oomwoo/contributions/compute-benchmark/OsakaTX/scripts/../results/slam15m_noise_n000_lifelong_20260908T150401Z.csv"
2026-09-08T15:08:03Z,109,"slam15m_noise_n000_lifelong",191,"python3",0.1,69840,46606,"/usr/bin/python3 -c from ros2cli.daemon.daemonize import main; main() --name ros2-daemon --ros-domain-id 0 --rmw-implementation rmw_fastrtps_cpp"
2026-09-08T15:08:03Z,109,"slam15m_noise_n000_lifelong",57323,"python3",4.6,72596,49301,"python3 /oomwoo/contributions/compute-benchmark/OsakaTX/scripts/synthetic_scan_publisher.py --duration 505 --loop-s 40 --hz 5.0 --room-half 7.5 --noise 0.0"
2026-09-08T15:08:03Z,109,"slam15m_noise_n000_lifelong",57339,"ros2",0.6,74360,51375,"/usr/bin/python3 /opt/ros/jazzy/bin/ros2 launch /oomwoo/contributions/compute-benchmark/OsakaTX/scripts/lifelong_launch.py slam_params_file:=/oomwoo/contributions/compute-benchmark/OsakaTX/scripts/lifelong_slam_params.yaml use_sim_time:=False autostart:=true"
2026-09-08T15:08:03Z,109,"slam15m_noise_n000_lifelong",57356,"lifelong_slam_t",54.9,66284,52011,"/opt/ros/jazzy/lib/slam_toolbox/lifelong_slam_toolbox_node --ros-args -r __node:=slam_toolbox -r __ns:=/ --params-file /oomwoo/contributions/compute-benchmark/OsakaTX/scripts/lifelong_slam_params.yaml --params-file /tmp/launch_params_abv_ihd8"
2026-09-08T15:08:03Z,109,"slam15m_noise_n000_lifelong",57390,"bash",0.3,4432,1113,"bash /oomwoo/contributions/compute-benchmark/xbattlax/scripts/measure_ros_processes.sh --pattern python3|lifelong_slam_toolbox_node --duration 470 --interval 2 --label slam15m_noise_n000_lifelong --output /oomwoo/contributions/compute-benchmark/OsakaTX/scripts/../results/slam15m_noise_n000_lifelong_20260908T150401Z.csv"
2026-09-08T15:08:06Z,110,"slam15m_noise_n000_lifelong",191,"python3",0.1,69840,46605,"/usr/bin/python3 -c from ros2cli.daemon.daemonize import main; main() --name ros2-daemon --ros-domain-id 0 --rmw-implementation rmw_fastrtps_cpp"
2026-09-08T15:08:06Z,110,"slam15m_noise_n000_lifelong",57323,"python3",4.6,72596,49300,"python3 /oomwoo/contributions/compute-benchmark/OsakaTX/scripts/synthetic_scan_publisher.py --duration 505 --loop-s 40 --hz 5.0 --room-half 7.5 --noise 0.0"
2026-09-08T15:08:06Z,110,"slam15m_noise_n000_lifelong",57339,"ros2",0.6,74360,51375,"/usr/bin/python3 /opt/ros/jazzy/bin/ros2 launch /oomwoo/contributions/compute-benchmark/OsakaTX/scripts/lifelong_launch.py slam_params_file:=/oomwoo/contributions/compute-benchmark/OsakaTX/scripts/lifelong_slam_params.yaml use_sim_time:=False autostart:=true"
2026-09-08T15:08:06Z,110,"slam15m_noise_n000_lifelong",57356,"lifelong_slam_t",55.0,66520,52248,"/opt/ros/jazzy/lib/slam_toolbox/lifelong_slam_toolbox_node --ros-args -r __node:=slam_toolbox -r __ns:=/ --params-file /oomwoo/contributions/compute-benchmark/OsakaTX/scripts/lifelong_slam_params.yaml --params-file /tmp/launch_params_abv_ihd8"
2026-09-08T15:08:06Z,110,"slam15m_noise_n000_lifelong",57390,"bash",0.3,4432,1112,"bash /oomwoo/contributions/compute-benchmark/xbattlax/scripts/measure_ros_processes.sh --pattern python3|lifelong_slam_toolbox_node --duration 470 --interval 2 --label slam15m_noise_n000_lifelong --output /oomwoo/contributions/compute-benchmark/OsakaTX/scripts/../results/slam15m_noise_n000_lifelong_20260908T150401Z.csv"
2026-09-08T15:08:08Z,111,"slam15m_noise_n000_lifelong",191,"python3",0.1,69840,46605,"/usr/bin/python3 -c from ros2cli.daemon.daemonize import main; main() --name ros2-daemon --ros-domain-id 0 --rmw-implementation rmw_fastrtps_cpp"
2026-09-08T15:08:08Z,111,"slam15m_noise_n000_lifelong",57323,"python3",4.6,72596,49288,"python3 /oomwoo/contributions/compute-benchmark/OsakaTX/scripts/synthetic_scan_publisher.py --duration 505 --loop-s 40 --hz 5.0 --room-half 7.5 --noise 0.0"
2026-09-08T15:08:08Z,111,"slam15m_noise_n000_lifelong",57339,"ros2",0.6,74372,51386,"/usr/bin/python3 /opt/ros/jazzy/bin/ros2 launch /oomwoo/contributions/compute-benchmark/OsakaTX/scripts/lifelong_launch.py slam_params_file:=/oomwoo/contributions/compute-benchmark/OsakaTX/scripts/lifelong_slam_params.yaml use_sim_time:=False autostart:=true"
2026-09-08T15:08:08Z,111,"slam15m_noise_n000_lifelong",57356,"lifelong_slam_t",55.0,66660,52388,"/opt/ros/jazzy/lib/slam_toolbox/lifelong_slam_toolbox_node --ros-args -r __node:=slam_toolbox -r __ns:=/ --params-file /oomwoo/contributions/compute-benchmark/OsakaTX/scripts/lifelong_slam_params.yaml --params-file /tmp/launch_params_abv_ihd8"
2026-09-08T15:08:08Z,111,"slam15m_noise_n000_lifelong",57390,"bash",0.3,4432,1117,"bash /oomwoo/contributions/compute-benchmark/xbattlax/scripts/measure_ros_processes.sh --pattern python3|lifelong_slam_toolbox_node --duration 470 --interval 2 --label slam15m_noise_n000_lifelong --output /oomwoo/contributions/compute-benchmark/OsakaTX/scripts/../results/slam15m_noise_n000_lifelong_20260908T150401Z.csv"
2026-09-08T15:08:10Z,112,"slam15m_noise_n000_lifelong",191,"python3",0.1,69840,46605,"/usr/bin/python3 -c from ros2cli.daemon.daemonize import main; main() --name ros2-daemon --ros-domain-id 0 --rmw-implementation rmw_fastrtps_cpp"
2026-09-08T15:08:10Z,112,"slam15m_noise_n000_lifelong",57323,"python3",4.6,72596,49293,"python3 /oomwoo/contributions/compute-benchmark/OsakaTX/scripts/synthetic_scan_publisher.py --duration 505 --loop-s 40 --hz 5.0 --room-half 7.5 --noise 0.0"
2026-09-08T15:08:10Z,112,"slam15m_noise_n000_lifelong",57339,"ros2",0.6,74372,51386,"/usr/bin/python3 /opt/ros/jazzy/bin/ros2 launch /oomwoo/contributions/compute-benchmark/OsakaTX/scripts/lifelong_launch.py slam_params_file:=/oomwoo/contributions/compute-benchmark/OsakaTX/scripts/lifelong_slam_params.yaml use_sim_time:=False autostart:=true"
2026-09-08T15:08:10Z,112,"slam15m_noise_n000_lifelong",57356,"lifelong_slam_t",55.1,66660,52387,"/opt/ros/jazzy/lib/slam_toolbox/lifelong_slam_toolbox_node --ros-args -r __node:=slam_toolbox -r __ns:=/ --params-file /oomwoo/contributions/compute-benchmark/OsakaTX/scripts/lifelong_slam_params.yaml --params-file /tmp/launch_params_abv_ihd8"
2026-09-08T15:08:10Z,112,"slam15m_noise_n000_lifelong",57390,"bash",0.3,4432,1117,"bash /oomwoo/contributions/compute-benchmark/xbattlax/scripts/measure_ros_processes.sh --pattern python3|lifelong_slam_toolbox_node --duration 470 --interval 2 --label slam15m_noise_n000_lifelong --output /oomwoo/contributions/compute-benchmark/OsakaTX/scripts/../results/slam15m_noise_n000_lifelong_20260908T150401Z.csv"
2026-09-08T15:08:12Z,113,"slam15m_noise_n000_lifelong",191,"python3",0.1,69840,46606,"/usr/bin/python3 -c from ros2cli.daemon.daemonize import main; main() --name ros2-daemon --ros-domain-id 0 --rmw-implementation rmw_fastrtps_cpp"
2026-09-08T15:08:12Z,113,"slam15m_noise_n000_lifelong",57323,"python3",4.6,72596,49295,"python3 /oomwoo/contributions/compute-benchmark/OsakaTX/scripts/synthetic_scan_publisher.py --duration 505 --loop-s 40 --hz 5.0 --room-half 7.5 --noise 0.0"
2026-09-08T15:08:12Z,113,"slam15m_noise_n000_lifelong",57339,"ros2",0.6,74372,51387,"/usr/bin/python3 /opt/ros/jazzy/bin/ros2 launch /oomwoo/contributions/compute-benchmark/OsakaTX/scripts/lifelong_launch.py slam_params_file:=/oomwoo/contributions/compute-benchmark/OsakaTX/scripts/lifelong_slam_params.yaml use_sim_time:=False autostart:=true"
2026-09-08T15:08:12Z,113,"slam15m_noise_n000_lifelong",57356,"lifelong_slam_t",55.1,66660,52388,"/opt/ros/jazzy/lib/slam_toolbox/lifelong_slam_toolbox_node --ros-args -r __node:=slam_toolbox -r __ns:=/ --params-file /oomwoo/contributions/compute-benchmark/OsakaTX/scripts/lifelong_slam_params.yaml --params-file /tmp/launch_params_abv_ihd8"
2026-09-08T15:08:12Z,113,"slam15m_noise_n000_lifelong",57390,"bash",0.3,4432,1111,"bash /oomwoo/contributions/compute-benchmark/xbattlax/scripts/measure_ros_processes.sh --pattern python3|lifelong_slam_toolbox_node --duration 470 --interval 2 --label slam15m_noise_n000_lifelong --output /oomwoo/contributions/compute-benchmark/OsakaTX/scripts/../results/slam15m_noise_n000_lifelong_20260908T150401Z.csv"
2026-09-08T15:08:14Z,114,"slam15m_noise_n000_lifelong",191,"python3",0.1,69840,46605,"/usr/bin/python3 -c from ros2cli.daemon.daemonize import main; main() --name ros2-daemon --ros-domain-id 0 --rmw-implementation rmw_fastrtps_cpp"
2026-09-08T15:08:14Z,114,"slam15m_noise_n000_lifelong",57323,"python3",4.6,72596,49290,"python3 /oomwoo/contributions/compute-benchmark/OsakaTX/scripts/synthetic_scan_publisher.py --duration 505 --loop-s 40 --hz 5.0 --room-half 7.5 --noise 0.0"
2026-09-08T15:08:14Z,114,"slam15m_noise_n000_lifelong",57339,"ros2",0.6,74372,51386,"/usr/bin/python3 /opt/ros/jazzy/bin/ros2 launch /oomwoo/contributions/compute-benchmark/OsakaTX/scripts/lifelong_launch.py slam_params_file:=/oomwoo/contributions/compute-benchmark/OsakaTX/scripts/lifelong_slam_params.yaml use_sim_time:=False autostart:=true"
2026-09-08T15:08:14Z,114,"slam15m_noise_n000_lifelong",57356,"lifelong_slam_t",55.1,66660,52390,"/opt/ros/jazzy/lib/slam_toolbox/lifelong_slam_toolbox_node --ros-args -r __node:=slam_toolbox -r __ns:=/ --params-file /oomwoo/contributions/compute-benchmark/OsakaTX/scripts/lifelong_slam_params.yaml --params-file /tmp/launch_params_abv_ihd8"
2026-09-08T15:08:14Z,114,"slam15m_noise_n000_lifelong",57390,"bash",0.3,4432,1117,"bash /oomwoo/contributions/compute-benchmark/xbattlax/scripts/measure_ros_processes.sh --pattern python3|lifelong_slam_toolbox_node --duration 470 --interval 2 --label slam15m_noise_n000_lifelong --output /oomwoo/contributions/compute-benchmark/OsakaTX/scripts/../results/slam15m_noise_n000_lifelong_20260908T150401Z.csv"
2026-09-08T15:08:16Z,115,"slam15m_noise_n000_lifelong",191,"python3",0.1,69840,46607,"/usr/bin/python3 -c from ros2cli.daemon.daemonize import main; main() --name ros2-daemon --ros-domain-id 0 --rmw-implementation rmw_fastrtps_cpp"
2026-09-08T15:08:16Z,115,"slam15m_noise_n000_lifelong",57323,"python3",4.6,72596,49288,"python3 /oomwoo/contributions/compute-benchmark/OsakaTX/scripts/synthetic_scan_publisher.py --duration 505 --loop-s 40 --hz 5.0 --room-half 7.5 --noise 0.0"
2026-09-08T15:08:16Z,115,"slam15m_noise_n000_lifelong",57339,"ros2",0.6,74372,51385,"/usr/bin/python3 /opt/ros/jazzy/bin/ros2 launch /oomwoo/contributions/compute-benchmark/OsakaTX/scripts/lifelong_launch.py slam_params_file:=/oomwoo/contributions/compute-benchmark/OsakaTX/scripts/lifelong_slam_params.yaml use_sim_time:=False autostart:=true"
2026-09-08T15:08:16Z,115,"slam15m_noise_n000_lifelong",57356,"lifelong_slam_t",55.1,66660,52391,"/opt/ros/jazzy/lib/slam_toolbox/lifelong_slam_toolbox_node --ros-args -r __node:=slam_toolbox -r __ns:=/ --params-file /oomwoo/contributions/compute-benchmark/OsakaTX/scripts/lifelong_slam_params.yaml --params-file /tmp/launch_params_abv_ihd8"
2026-09-08T15:08:16Z,115,"slam15m_noise_n000_lifelong",57390,"bash",0.3,4432,1117,"bash /oomwoo/contributions/compute-benchmark/xbattlax/scripts/measure_ros_processes.sh --pattern python3|lifelong_slam_toolbox_node --duration 470 --interval 2 --label slam15m_noise_n000_lifelong --output /oomwoo/contributions/compute-benchmark/OsakaTX/scripts/../results/slam15m_noise_n000_lifelong_20260908T150401Z.csv"
2026-09-08T15:08:18Z,116,"slam15m_noise_n000_lifelong",191,"python3",0.1,69840,46604,"/usr/bin/python3 -c from ros2cli.daemon.daemonize import main; main() --name ros2-daemon --ros-domain-id 0 --rmw-implementation rmw_fastrtps_cpp"
2026-09-08T15:08:18Z,116,"slam15m_noise_n000_lifelong",57323,"python3",4.6,72596,49288,"python3 /oomwoo/contributions/compute-benchmark/OsakaTX/scripts/synthetic_scan_publisher.py --duration 505 --loop-s 40 --hz 5.0 --room-half 7.5 --noise 0.0"
2026-09-08T15:08:18Z,116,"slam15m_noise_n000_lifelong",57339,"ros2",0.6,74376,51389,"/usr/bin/python3 /opt/ros/jazzy/bin/ros2 launch /oomwoo/contributions/compute-benchmark/OsakaTX/scripts/lifelong_launch.py slam_params_file:=/oomwoo/contributions/compute-benchmark/OsakaTX/scripts/lifelong_slam_params.yaml use_sim_time:=False autostart:=true"
2026-09-08T15:08:18Z,116,"slam15m_noise_n000_lifelong",57356,"lifelong_slam_t",55.2,66660,52389,"/opt/ros/jazzy/lib/slam_toolbox/lifelong_slam_toolbox_node --ros-args -r __node:=slam_toolbox -r __ns:=/ --params-file /oomwoo/contributions/compute-benchmark/OsakaTX/scripts/lifelong_slam_params.yaml --params-file /tmp/launch_params_abv_ihd8"
2026-09-08T15:08:18Z,116,"slam15m_noise_n000_lifelong",57390,"bash",0.3,4432,1117,"bash /oomwoo/contributions/compute-benchmark/xbattlax/scripts/measure_ros_processes.sh --pattern python3|lifelong_slam_toolbox_node --duration 470 --interval 2 --label slam15m_noise_n000_lifelong --output /oomwoo/contributions/compute-benchmark/OsakaTX/scripts/../results/slam15m_noise_n000_lifelong_20260908T150401Z.csv"
2026-09-08T15:08:20Z,117,"slam15m_noise_n000_lifelong",191,"python3",0.1,69840,46605,"/usr/bin/python3 -c from ros2cli.daemon.daemonize import main; main() --name ros2-daemon --ros-domain-id 0 --rmw-implementation rmw_fastrtps_cpp"
2026-09-08T15:08:20Z,117,"slam15m_noise_n000_lifelong",57323,"python3",4.6,72596,49293,"python3 /oomwoo/contributions/compute-benchmark/OsakaTX/scripts/synthetic_scan_publisher.py --duration 505 --loop-s 40 --hz 5.0 --room-half 7.5 --noise 0.0"
2026-09-08T15:08:20Z,117,"slam15m_noise_n000_lifelong",57339,"ros2",0.6,74376,51391,"/usr/bin/python3 /opt/ros/jazzy/bin/ros2 launch /oomwoo/contributions/compute-benchmark/OsakaTX/scripts/lifelong_launch.py slam_params_file:=/oomwoo/contributions/compute-benchmark/OsakaTX/scripts/lifelong_slam_params.yaml use_sim_time:=False autostart:=true"
2026-09-08T15:08:20Z,117,"slam15m_noise_n000_lifelong",57356,"lifelong_slam_t",55.2,66660,52388,"/opt/ros/jazzy/lib/slam_toolbox/lifelong_slam_toolbox_node --ros-args -r __node:=slam_toolbox -r __ns:=/ --params-file /oomwoo/contributions/compute-benchmark/OsakaTX/scripts/lifelong_slam_params.yaml --params-file /tmp/launch_params_abv_ihd8"
2026-09-08T15:08:20Z,117,"slam15m_noise_n000_lifelong",57390,"bash",0.3,4432,1117,"bash /oomwoo/contributions/compute-benchmark/xbattlax/scripts/measure_ros_processes.sh --pattern python3|lifelong_slam_toolbox_node --duration 470 --interval 2 --label slam15m_noise_n000_lifelong --output /oomwoo/contributions/compute-benchmark/OsakaTX/scripts/../results/slam15m_noise_n000_lifelong_20260908T150401Z.csv"
2026-09-08T15:08:23Z,118,"slam15m_noise_n000_lifelong",191,"python3",0.1,69840,46605,"/usr/bin/python3 -c from ros2cli.daemon.daemonize import main; main() --name ros2-daemon --ros-domain-id 0 --rmw-implementation rmw_fastrtps_cpp"
2026-09-08T15:08:23Z,118,"slam15m_noise_n000_lifelong",57323,"python3",4.6,72596,49290,"python3 /oomwoo/contributions/compute-benchmark/OsakaTX/scripts/synthetic_scan_publisher.py --duration 505 --loop-s 40 --hz 5.0 --room-half 7.5 --noise 0.0"
2026-09-08T15:08:23Z,118,"slam15m_noise_n000_lifelong",57339,"ros2",0.5,74376,51391,"/usr/bin/python3 /opt/ros/jazzy/bin/ros2 launch /oomwoo/contributions/compute-benchmark/OsakaTX/scripts/lifelong_launch.py slam_params_file:=/oomwoo/contributions/compute-benchmark/OsakaTX/scripts/lifelong_slam_params.yaml use_sim_time:=False autostart:=true"
2026-09-08T15:08:23Z,118,"slam15m_noise_n000_lifelong",57356,"lifelong_slam_t",55.2,66660,52387,"/opt/ros/jazzy/lib/slam_toolbox/lifelong_slam_toolbox_node --ros-args -r __node:=slam_toolbox -r __ns:=/ --params-file /oomwoo/contributions/compute-benchmark/OsakaTX/scripts/lifelong_slam_params.yaml --params-file /tmp/launch_params_abv_ihd8"
2026-09-08T15:08:23Z,118,"slam15m_noise_n000_lifelong",57390,"bash",0.3,4432,1115,"bash /oomwoo/contributions/compute-benchmark/xbattlax/scripts/measure_ros_processes.sh --pattern python3|lifelong_slam_toolbox_node --duration 470 --interval 2 --label slam15m_noise_n000_lifelong --output /oomwoo/contributions/compute-benchmark/OsakaTX/scripts/../results/slam15m_noise_n000_lifelong_20260908T150401Z.csv"
2026-09-08T15:08:25Z,119,"slam15m_noise_n000_lifelong",191,"python3",0.1,69840,46607,"/usr/bin/python3 -c from ros2cli.daemon.daemonize import main; main() --name ros2-daemon --ros-domain-id 0 --rmw-implementation rmw_fastrtps_cpp"
2026-09-08T15:08:25Z,119,"slam15m_noise_n000_lifelong",57323,"python3",4.6,72596,49297,"python3 /oomwoo/contributions/compute-benchmark/OsakaTX/scripts/synthetic_scan_publisher.py --duration 505 --loop-s 40 --hz 5.0 --room-half 7.5 --noise 0.0"
2026-09-08T15:08:25Z,119,"slam15m_noise_n000_lifelong",57339,"ros2",0.6,74376,51391,"/usr/bin/python3 /opt/ros/jazzy/bin/ros2 launch /oomwoo/contributions/compute-benchmark/OsakaTX/scripts/lifelong_launch.py slam_params_file:=/oomwoo/contributions/compute-benchmark/OsakaTX/scripts/lifelong_slam_params.yaml use_sim_time:=False autostart:=true"
2026-09-08T15:08:25Z,119,"slam15m_noise_n000_lifelong",57356,"lifelong_slam_t",55.2,66660,52388,"/opt/ros/jazzy/lib/slam_toolbox/lifelong_slam_toolbox_node --ros-args -r __node:=slam_toolbox -r __ns:=/ --params-file /oomwoo/contributions/compute-benchmark/OsakaTX/scripts/lifelong_slam_params.yaml --params-file /tmp/launch_params_abv_ihd8"
2026-09-08T15:08:25Z,119,"slam15m_noise_n000_lifelong",57390,"bash",0.3,4432,1118,"bash /oomwoo/contributions/compute-benchmark/xbattlax/scripts/measure_ros_processes.sh --pattern python3|lifelong_slam_toolbox_node --duration 470 --interval 2 --label slam15m_noise_n000_lifelong --output /oomwoo/contributions/compute-benchmark/OsakaTX/scripts/../results/slam15m_noise_n000_lifelong_20260908T150401Z.csv"
2026-09-08T15:08:27Z,120,"slam15m_noise_n000_lifelong",191,"python3",0.1,69840,46607,"/usr/bin/python3 -c from ros2cli.daemon.daemonize import main; main() --name ros2-daemon --ros-domain-id 0 --rmw-implementation rmw_fastrtps_cpp"
2026-09-08T15:08:27Z,120,"slam15m_noise_n000_lifelong",57323,"python3",4.6,72596,49288,"python3 /oomwoo/contributions/compute-benchmark/OsakaTX/scripts/synthetic_scan_publisher.py --duration 505 --loop-s 40 --hz 5.0 --room-half 7.5 --noise 0.0"
2026-09-08T15:08:27Z,120,"slam15m_noise_n000_lifelong",57339,"ros2",0.6,74376,51392,"/usr/bin/python3 /opt/ros/jazzy/bin/ros2 launch /oomwoo/contributions/compute-benchmark/OsakaTX/scripts/lifelong_launch.py slam_params_file:=/oomwoo/contributions/compute-benchmark/OsakaTX/scripts/lifelong_slam_params.yaml use_sim_time:=False autostart:=true"
2026-09-08T15:08:27Z,120,"slam15m_noise_n000_lifelong",57356,"lifelong_slam_t",55.1,66660,52389,"/opt/ros/jazzy/lib/slam_toolbox/lifelong_slam_toolbox_node --ros-args -r __node:=slam_toolbox -r __ns:=/ --params-file /oomwoo/contributions/compute-benchmark/OsakaTX/scripts/lifelong_slam_params.yaml --params-file /tmp/launch_params_abv_ihd8"
2026-09-08T15:08:27Z,120,"slam15m_noise_n000_lifelong",57390,"bash",0.3,4432,1117,"bash /oomwoo/contributions/compute-benchmark/xbattlax/scripts/measure_ros_processes.sh --pattern python3|lifelong_slam_toolbox_node --duration 470 --interval 2 --label slam15m_noise_n000_lifelong --output /oomwoo/contributions/compute-benchmark/OsakaTX/scripts/../results/slam15m_noise_n000_lifelong_20260908T150401Z.csv"
2026-09-08T15:08:29Z,121,"slam15m_noise_n000_lifelong",191,"python3",0.1,69840,46606,"/usr/bin/python3 -c from ros2cli.daemon.daemonize import main; main() --name ros2-daemon --ros-domain-id 0 --rmw-implementation rmw_fastrtps_cpp"
2026-09-08T15:08:29Z,121,"slam15m_noise_n000_lifelong",57323,"python3",4.6,72596,49290,"python3 /oomwoo/contributions/compute-benchmark/OsakaTX/scripts/synthetic_scan_publisher.py --duration 505 --loop-s 40 --hz 5.0 --room-half 7.5 --noise 0.0"
2026-09-08T15:08:29Z,121,"slam15m_noise_n000_lifelong",57339,"ros2",0.6,74376,51392,"/usr/bin/python3 /opt/ros/jazzy/bin/ros2 launch /oomwoo/contributions/compute-benchmark/OsakaTX/scripts/lifelong_launch.py slam_params_file:=/oomwoo/contributions/compute-benchmark/OsakaTX/scripts/lifelong_slam_params.yaml use_sim_time:=False autostart:=true"
2026-09-08T15:08:29Z,121,"slam15m_noise_n000_lifelong",57356,"lifelong_slam_t",55.1,66660,52389,"/opt/ros/jazzy/lib/slam_toolbox/lifelong_slam_toolbox_node --ros-args -r __node:=slam_toolbox -r __ns:=/ --params-file /oomwoo/contributions/compute-benchmark/OsakaTX/scripts/lifelong_slam_params.yaml --params-file /tmp/launch_params_abv_ihd8"
2026-09-08T15:08:29Z,121,"slam15m_noise_n000_lifelong",57390,"bash",0.3,4432,1113,"bash /oomwoo/contributions/compute-benchmark/xbattlax/scripts/measure_ros_processes.sh --pattern python3|lifelong_slam_toolbox_node --duration 470 --interval 2 --label slam15m_noise_n000_lifelong --output /oomwoo/contributions/compute-benchmark/OsakaTX/scripts/../results/slam15m_noise_n000_lifelong_20260908T150401Z.csv"
2026-09-08T15:08:31Z,122,"slam15m_noise_n000_lifelong",191,"python3",0.1,69840,46605,"/usr/bin/python3 -c from ros2cli.daemon.daemonize import main; main() --name ros2-daemon --ros-domain-id 0 --rmw-implementation rmw_fastrtps_cpp"
2026-09-08T15:08:31Z,122,"slam15m_noise_n000_lifelong",57323,"python3",4.6,72596,49288,"python3 /oomwoo/contributions/compute-benchmark/OsakaTX/scripts/synthetic_scan_publisher.py --duration 505 --loop-s 40 --hz 5.0 --room-half 7.5 --noise 0.0"
2026-09-08T15:08:31Z,122,"slam15m_noise_n000_lifelong",57339,"ros2",0.5,74376,51389,"/usr/bin/python3 /opt/ros/jazzy/bin/ros2 launch /oomwoo/contributions/compute-benchmark/OsakaTX/scripts/lifelong_launch.py slam_params_file:=/oomwoo/contributions/compute-benchmark/OsakaTX/scripts/lifelong_slam_params.yaml use_sim_time:=False autostart:=true"
2026-09-08T15:08:31Z,122,"slam15m_noise_n000_lifelong",57356,"lifelong_slam_t",55.1,66660,52387,"/opt/ros/jazzy/lib/slam_toolbox/lifelong_slam_toolbox_node --ros-args -r __node:=slam_toolbox -r __ns:=/ --params-file /oomwoo/contributions/compute-benchmark/OsakaTX/scripts/lifelong_slam_params.yaml --params-file /tmp/launch_params_abv_ihd8"
2026-09-08T15:08:31Z,122,"slam15m_noise_n000_lifelong",57390,"bash",0.3,4432,1115,"bash /oomwoo/contributions/compute-benchmark/xbattlax/scripts/measure_ros_processes.sh --pattern python3|lifelong_slam_toolbox_node --duration 470 --interval 2 --label slam15m_noise_n000_lifelong --output /oomwoo/contributions/compute-benchmark/OsakaTX/scripts/../results/slam15m_noise_n000_lifelong_20260908T150401Z.csv"
2026-09-08T15:08:33Z,123,"slam15m_noise_n000_lifelong",191,"python3",0.1,69840,46605,"/usr/bin/python3 -c from ros2cli.daemon.daemonize import main; main() --name ros2-daemon --ros-domain-id 0 --rmw-implementation rmw_fastrtps_cpp"
2026-09-08T15:08:33Z,123,"slam15m_noise_n000_lifelong",57323,"python3",4.6,72596,49290,"python3 /oomwoo/contributions/compute-benchmark/OsakaTX/scripts/synthetic_scan_publisher.py --duration 505 --loop-s 40 --hz 5.0 --room-half 7.5 --noise 0.0"
2026-09-08T15:08:33Z,123,"slam15m_noise_n000_lifelong",57339,"ros2",0.6,74376,51389,"/usr/bin/python3 /opt/ros/jazzy/bin/ros2 launch /oomwoo/contributions/compute-benchmark/OsakaTX/scripts/lifelong_launch.py slam_params_file:=/oomwoo/contributions/compute-benchmark/OsakaTX/scripts/lifelong_slam_params.yaml use_sim_time:=False autostart:=true"
2026-09-08T15:08:33Z,123,"slam15m_noise_n000_lifelong",57356,"lifelong_slam_t",55.0,66660,52388,"/opt/ros/jazzy/lib/slam_toolbox/lifelong_slam_toolbox_node --ros-args -r __node:=slam_toolbox -r __ns:=/ --params-file /oomwoo/contributions/compute-benchmark/OsakaTX/scripts/lifelong_slam_params.yaml --params-file /tmp/launch_params_abv_ihd8"
2026-09-08T15:08:33Z,123,"slam15m_noise_n000_lifelong",57390,"bash",0.3,4432,1115,"bash /oomwoo/contributions/compute-benchmark/xbattlax/scripts/measure_ros_processes.sh --pattern python3|lifelong_slam_toolbox_node --duration 470 --interval 2 --label slam15m_noise_n000_lifelong --output /oomwoo/contributions/compute-benchmark/OsakaTX/scripts/../results/slam15m_noise_n000_lifelong_20260908T150401Z.csv"
2026-09-08T15:08:35Z,124,"slam15m_noise_n000_lifelong",191,"python3",0.1,69840,46606,"/usr/bin/python3 -c from ros2cli.daemon.daemonize import main; main() --name ros2-daemon --ros-domain-id 0 --rmw-implementation rmw_fastrtps_cpp"
2026-09-08T15:08:35Z,124,"slam15m_noise_n000_lifelong",57323,"python3",4.6,72596,49290,"python3 /oomwoo/contributions/compute-benchmark/OsakaTX/scripts/synthetic_scan_publisher.py --duration 505 --loop-s 40 --hz 5.0 --room-half 7.5 --noise 0.0"
2026-09-08T15:08:35Z,124,"slam15m_noise_n000_lifelong",57339,"ros2",0.6,74376,51391,"/usr/bin/python3 /opt/ros/jazzy/bin/ros2 launch /oomwoo/contributions/compute-benchmark/OsakaTX/scripts/lifelong_launch.py slam_params_file:=/oomwoo/contributions/compute-benchmark/OsakaTX/scripts/lifelong_slam_params.yaml use_sim_time:=False autostart:=true"
2026-09-08T15:08:35Z,124,"slam15m_noise_n000_lifelong",57356,"lifelong_slam_t",55.0,66660,52388,"/opt/ros/jazzy/lib/slam_toolbox/lifelong_slam_toolbox_node --ros-args -r __node:=slam_toolbox -r __ns:=/ --params-file /oomwoo/contributions/compute-benchmark/OsakaTX/scripts/lifelong_slam_params.yaml --params-file /tmp/launch_params_abv_ihd8"
2026-09-08T15:08:35Z,124,"slam15m_noise_n000_lifelong",57390,"bash",0.3,4436,1117,"bash /oomwoo/contributions/compute-benchmark/xbattlax/scripts/measure_ros_processes.sh --pattern python3|lifelong_slam_toolbox_node --duration 470 --interval 2 --label slam15m_noise_n000_lifelong --output /oomwoo/contributions/compute-benchmark/OsakaTX/scripts/../results/slam15m_noise_n000_lifelong_20260908T150401Z.csv"
2026-09-08T15:08:37Z,125,"slam15m_noise_n000_lifelong",191,"python3",0.1,69840,46606,"/usr/bin/python3 -c from ros2cli.daemon.daemonize import main; main() --name ros2-daemon --ros-domain-id 0 --rmw-implementation rmw_fastrtps_cpp"
2026-09-08T15:08:37Z,125,"slam15m_noise_n000_lifelong",57323,"python3",4.6,72596,49290,"python3 /oomwoo/contributions/compute-benchmark/OsakaTX/scripts/synthetic_scan_publisher.py --duration 505 --loop-s 40 --hz 5.0 --room-half 7.5 --noise 0.0"
2026-09-08T15:08:37Z,125,"slam15m_noise_n000_lifelong",57339,"ros2",0.5,74376,51391,"/usr/bin/python3 /opt/ros/jazzy/bin/ros2 launch /oomwoo/contributions/compute-benchmark/OsakaTX/scripts/lifelong_launch.py slam_params_file:=/oomwoo/contributions/compute-benchmark/OsakaTX/scripts/lifelong_slam_params.yaml use_sim_time:=False autostart:=true"
2026-09-08T15:08:37Z,125,"slam15m_noise_n000_lifelong",57356,"lifelong_slam_t",55.0,66660,52388,"/opt/ros/jazzy/lib/slam_toolbox/lifelong_slam_toolbox_node --ros-args -r __node:=slam_toolbox -r __ns:=/ --params-file /oomwoo/contributions/compute-benchmark/OsakaTX/scripts/lifelong_slam_params.yaml --params-file /tmp/launch_params_abv_ihd8"
2026-09-08T15:08:37Z,125,"slam15m_noise_n000_lifelong",57390,"bash",0.3,4436,1119,"bash /oomwoo/contributions/compute-benchmark/xbattlax/scripts/measure_ros_processes.sh --pattern python3|lifelong_slam_toolbox_node --duration 470 --interval 2 --label slam15m_noise_n000_lifelong --output /oomwoo/contributions/compute-benchmark/OsakaTX/scripts/../results/slam15m_noise_n000_lifelong_20260908T150401Z.csv"
2026-09-08T15:08:40Z,126,"slam15m_noise_n000_lifelong",191,"python3",0.1,69840,46606,"/usr/bin/python3 -c from ros2cli.daemon.daemonize import main; main() --name ros2-daemon --ros-domain-id 0 --rmw-implementation rmw_fastrtps_cpp"
2026-09-08T15:08:40Z,126,"slam15m_noise_n000_lifelong",57323,"python3",4.6,72596,49290,"python3 /oomwoo/contributions/compute-benchmark/OsakaTX/scripts/synthetic_scan_publisher.py --duration 505 --loop-s 40 --hz 5.0 --room-half 7.5 --noise 0.0"
2026-09-08T15:08:40Z,126,"slam15m_noise_n000_lifelong",57339,"ros2",0.5,74376,51390,"/usr/bin/python3 /opt/ros/jazzy/bin/ros2 launch /oomwoo/contributions/compute-benchmark/OsakaTX/scripts/lifelong_launch.py slam_params_file:=/oomwoo/contributions/compute-benchmark/OsakaTX/scripts/lifelong_slam_params.yaml use_sim_time:=False autostart:=true"
2026-09-08T15:08:40Z,126,"slam15m_noise_n000_lifelong",57356,"lifelong_slam_t",55.0,66660,52388,"/opt/ros/jazzy/lib/slam_toolbox/lifelong_slam_toolbox_node --ros-args -r __node:=slam_toolbox -r __ns:=/ --params-file /oomwoo/contributions/compute-benchmark/OsakaTX/scripts/lifelong_slam_params.yaml --params-file /tmp/launch_params_abv_ihd8"
2026-09-08T15:08:40Z,126,"slam15m_noise_n000_lifelong",57390,"bash",0.3,4436,1117,"bash /oomwoo/contributions/compute-benchmark/xbattlax/scripts/measure_ros_processes.sh --pattern python3|lifelong_slam_toolbox_node --duration 470 --interval 2 --label slam15m_noise_n000_lifelong --output /oomwoo/contributions/compute-benchmark/OsakaTX/scripts/../results/slam15m_noise_n000_lifelong_20260908T150401Z.csv"
2026-09-08T15:08:42Z,127,"slam15m_noise_n000_lifelong",191,"python3",0.1,69840,46606,"/usr/bin/python3 -c from ros2cli.daemon.daemonize import main; main() --name ros2-daemon --ros-domain-id 0 --rmw-implementation rmw_fastrtps_cpp"
2026-09-08T15:08:42Z,127,"slam15m_noise_n000_lifelong",57323,"python3",4.6,72596,49290,"python3 /oomwoo/contributions/compute-benchmark/OsakaTX/scripts/synthetic_scan_publisher.py --duration 505 --loop-s 40 --hz 5.0 --room-half 7.5 --noise 0.0"
2026-09-08T15:08:42Z,127,"slam15m_noise_n000_lifelong",57339,"ros2",0.5,74376,51390,"/usr/bin/python3 /opt/ros/jazzy/bin/ros2 launch /oomwoo/contributions/compute-benchmark/OsakaTX/scripts/lifelong_launch.py slam_params_file:=/oomwoo/contributions/compute-benchmark/OsakaTX/scripts/lifelong_slam_params.yaml use_sim_time:=False autostart:=true"
2026-09-08T15:08:42Z,127,"slam15m_noise_n000_lifelong",57356,"lifelong_slam_t",54.9,66660,52388,"/opt/ros/jazzy/lib/slam_toolbox/lifelong_slam_toolbox_node --ros-args -r __node:=slam_toolbox -r __ns:=/ --params-file /oomwoo/contributions/compute-benchmark/OsakaTX/scripts/lifelong_slam_params.yaml --params-file /tmp/launch_params_abv_ihd8"
2026-09-08T15:08:42Z,127,"slam15m_noise_n000_lifelong",57390,"bash",0.3,4436,1115,"bash /oomwoo/contributions/compute-benchmark/xbattlax/scripts/measure_ros_processes.sh --pattern python3|lifelong_slam_toolbox_node --duration 470 --interval 2 --label slam15m_noise_n000_lifelong --output /oomwoo/contributions/compute-benchmark/OsakaTX/scripts/../results/slam15m_noise_n000_lifelong_20260908T150401Z.csv"
2026-09-08T15:08:44Z,128,"slam15m_noise_n000_lifelong",191,"python3",0.1,69840,46606,"/usr/bin/python3 -c from ros2cli.daemon.daemonize import main; main() --name ros2-daemon --ros-domain-id 0 --rmw-implementation rmw_fastrtps_cpp"
2026-09-08T15:08:44Z,128,"slam15m_noise_n000_lifelong",57323,"python3",4.6,72596,49288,"python3 /oomwoo/contributions/compute-benchmark/OsakaTX/scripts/synthetic_scan_publisher.py --duration 505 --loop-s 40 --hz 5.0 --room-half 7.5 --noise 0.0"
2026-09-08T15:08:44Z,128,"slam15m_noise_n000_lifelong",57339,"ros2",0.5,74376,51391,"/usr/bin/python3 /opt/ros/jazzy/bin/ros2 launch /oomwoo/contributions/compute-benchmark/OsakaTX/scripts/lifelong_launch.py slam_params_file:=/oomwoo/contributions/compute-benchmark/OsakaTX/scripts/lifelong_slam_params.yaml use_sim_time:=False autostart:=true"
2026-09-08T15:08:44Z,128,"slam15m_noise_n000_lifelong",57356,"lifelong_slam_t",54.9,66660,52389,"/opt/ros/jazzy/lib/slam_toolbox/lifelong_slam_toolbox_node --ros-args -r __node:=slam_toolbox -r __ns:=/ --params-file /oomwoo/contributions/compute-benchmark/OsakaTX/scripts/lifelong_slam_params.yaml --params-file /tmp/launch_params_abv_ihd8"
2026-09-08T15:08:44Z,128,"slam15m_noise_n000_lifelong",57390,"bash",0.3,4436,1119,"bash /oomwoo/contributions/compute-benchmark/xbattlax/scripts/measure_ros_processes.sh --pattern python3|lifelong_slam_toolbox_node --duration 470 --interval 2 --label slam15m_noise_n000_lifelong --output /oomwoo/contributions/compute-benchmark/OsakaTX/scripts/../results/slam15m_noise_n000_lifelong_20260908T150401Z.csv"
2026-09-08T15:08:46Z,129,"slam15m_noise_n000_lifelong",191,"python3",0.1,69840,46605,"/usr/bin/python3 -c from ros2cli.daemon.daemonize import main; main() --name ros2-daemon --ros-domain-id 0 --rmw-implementation rmw_fastrtps_cpp"
2026-09-08T15:08:46Z,129,"slam15m_noise_n000_lifelong",57323,"python3",4.6,72596,49288,"python3 /oomwoo/contributions/compute-benchmark/OsakaTX/scripts/synthetic_scan_publisher.py --duration 505 --loop-s 40 --hz 5.0 --room-half 7.5 --noise 0.0"
2026-09-08T15:08:46Z,129,"slam15m_noise_n000_lifelong",57339,"ros2",0.5,74376,51390,"/usr/bin/python3 /opt/ros/jazzy/bin/ros2 launch /oomwoo/contributions/compute-benchmark/OsakaTX/scripts/lifelong_launch.py slam_params_file:=/oomwoo/contributions/compute-benchmark/OsakaTX/scripts/lifelong_slam_params.yaml use_sim_time:=False autostart:=true"
2026-09-08T15:08:46Z,129,"slam15m_noise_n000_lifelong",57356,"lifelong_slam_t",54.8,66660,52389,"/opt/ros/jazzy/lib/slam_toolbox/lifelong_slam_toolbox_node --ros-args -r __node:=slam_toolbox -r __ns:=/ --params-file /oomwoo/contributions/compute-benchmark/OsakaTX/scripts/lifelong_slam_params.yaml --params-file /tmp/launch_params_abv_ihd8"
2026-09-08T15:08:46Z,129,"slam15m_noise_n000_lifelong",57390,"bash",0.3,4436,1113,"bash /oomwoo/contributions/compute-benchmark/xbattlax/scripts/measure_ros_processes.sh --pattern python3|lifelong_slam_toolbox_node --duration 470 --interval 2 --label slam15m_noise_n000_lifelong --output /oomwoo/contributions/compute-benchmark/OsakaTX/scripts/../results/slam15m_noise_n000_lifelong_20260908T150401Z.csv"
2026-09-08T15:08:48Z,130,"slam15m_noise_n000_lifelong",191,"python3",0.1,69840,46607,"/usr/bin/python3 -c from ros2cli.daemon.daemonize import main; main() --name ros2-daemon --ros-domain-id 0 --rmw-implementation rmw_fastrtps_cpp"
2026-09-08T15:08:48Z,130,"slam15m_noise_n000_lifelong",57323,"python3",4.6,72596,49288,"python3 /oomwoo/contributions/compute-benchmark/OsakaTX/scripts/synthetic_scan_publisher.py --duration 505 --loop-s 40 --hz 5.0 --room-half 7.5 --noise 0.0"
2026-09-08T15:08:48Z,130,"slam15m_noise_n000_lifelong",57339,"ros2",0.5,74376,51392,"/usr/bin/python3 /opt/ros/jazzy/bin/ros2 launch /oomwoo/contributions/compute-benchmark/OsakaTX/scripts/lifelong_launch.py slam_params_file:=/oomwoo/contributions/compute-benchmark/OsakaTX/scripts/lifelong_slam_params.yaml use_sim_time:=False autostart:=true"
2026-09-08T15:08:48Z,130,"slam15m_noise_n000_lifelong",57356,"lifelong_slam_t",54.8,66660,52387,"/opt/ros/jazzy/lib/slam_toolbox/lifelong_slam_toolbox_node --ros-args -r __node:=slam_toolbox -r __ns:=/ --params-file /oomwoo/contributions/compute-benchmark/OsakaTX/scripts/lifelong_slam_params.yaml --params-file /tmp/launch_params_abv_ihd8"
2026-09-08T15:08:48Z,130,"slam15m_noise_n000_lifelong",57390,"bash",0.3,4436,1119,"bash /oomwoo/contributions/compute-benchmark/xbattlax/scripts/measure_ros_processes.sh --pattern python3|lifelong_slam_toolbox_node --duration 470 --interval 2 --label slam15m_noise_n000_lifelong --output /oomwoo/contributions/compute-benchmark/OsakaTX/scripts/../results/slam15m_noise_n000_lifelong_20260908T150401Z.csv"
2026-09-08T15:08:50Z,131,"slam15m_noise_n000_lifelong",191,"python3",0.1,69840,46607,"/usr/bin/python3 -c from ros2cli.daemon.daemonize import main; main() --name ros2-daemon --ros-domain-id 0 --rmw-implementation rmw_fastrtps_cpp"
2026-09-08T15:08:50Z,131,"slam15m_noise_n000_lifelong",57323,"python3",4.6,72596,49293,"python3 /oomwoo/contributions/compute-benchmark/OsakaTX/scripts/synthetic_scan_publisher.py --duration 505 --loop-s 40 --hz 5.0 --room-half 7.5 --noise 0.0"
2026-09-08T15:08:50Z,131,"slam15m_noise_n000_lifelong",57339,"ros2",0.5,74376,51389,"/usr/bin/python3 /opt/ros/jazzy/bin/ros2 launch /oomwoo/contributions/compute-benchmark/OsakaTX/scripts/lifelong_launch.py slam_params_file:=/oomwoo/contributions/compute-benchmark/OsakaTX/scripts/lifelong_slam_params.yaml use_sim_time:=False autostart:=true"
2026-09-08T15:08:50Z,131,"slam15m_noise_n000_lifelong",57356,"lifelong_slam_t",54.8,66660,52388,"/opt/ros/jazzy/lib/slam_toolbox/lifelong_slam_toolbox_node --ros-args -r __node:=slam_toolbox -r __ns:=/ --params-file /oomwoo/contributions/compute-benchmark/OsakaTX/scripts/lifelong_slam_params.yaml --params-file /tmp/launch_params_abv_ihd8"
2026-09-08T15:08:50Z,131,"slam15m_noise_n000_lifelong",57390,"bash",0.3,4436,1115,"bash /oomwoo/contributions/compute-benchmark/xbattlax/scripts/measure_ros_processes.sh --pattern python3|lifelong_slam_toolbox_node --duration 470 --interval 2 --label slam15m_noise_n000_lifelong --output /oomwoo/contributions/compute-benchmark/OsakaTX/scripts/../results/slam15m_noise_n000_lifelong_20260908T150401Z.csv"
2026-09-08T15:08:52Z,132,"slam15m_noise_n000_lifelong",191,"python3",0.1,69840,46605,"/usr/bin/python3 -c from ros2cli.daemon.daemonize import main; main() --name ros2-daemon --ros-domain-id 0 --rmw-implementation rmw_fastrtps_cpp"
2026-09-08T15:08:52Z,132,"slam15m_noise_n000_lifelong",57323,"python3",4.6,72596,49290,"python3 /oomwoo/contributions/compute-benchmark/OsakaTX/scripts/synthetic_scan_publisher.py --duration 505 --loop-s 40 --hz 5.0 --room-half 7.5 --noise 0.0"
2026-09-08T15:08:52Z,132,"slam15m_noise_n000_lifelong",57339,"ros2",0.5,74376,51390,"/usr/bin/python3 /opt/ros/jazzy/bin/ros2 launch /oomwoo/contributions/compute-benchmark/OsakaTX/scripts/lifelong_launch.py slam_params_file:=/oomwoo/contributions/compute-benchmark/OsakaTX/scripts/lifelong_slam_params.yaml use_sim_time:=False autostart:=true"
2026-09-08T15:08:52Z,132,"slam15m_noise_n000_lifelong",57356,"lifelong_slam_t",54.7,66660,52388,"/opt/ros/jazzy/lib/slam_toolbox/lifelong_slam_toolbox_node --ros-args -r __node:=slam_toolbox -r __ns:=/ --params-file /oomwoo/contributions/compute-benchmark/OsakaTX/scripts/lifelong_slam_params.yaml --params-file /tmp/launch_params_abv_ihd8"
2026-09-08T15:08:52Z,132,"slam15m_noise_n000_lifelong",57390,"bash",0.3,4436,1119,"bash /oomwoo/contributions/compute-benchmark/xbattlax/scripts/measure_ros_processes.sh --pattern python3|lifelong_slam_toolbox_node --duration 470 --interval 2 --label slam15m_noise_n000_lifelong --output /oomwoo/contributions/compute-benchmark/OsakaTX/scripts/../results/slam15m_noise_n000_lifelong_20260908T150401Z.csv"
2026-09-08T15:08:55Z,133,"slam15m_noise_n000_lifelong",191,"python3",0.1,69840,46606,"/usr/bin/python3 -c from ros2cli.daemon.daemonize import main; main() --name ros2-daemon --ros-domain-id 0 --rmw-implementation rmw_fastrtps_cpp"
2026-09-08T15:08:55Z,133,"slam15m_noise_n000_lifelong",57323,"python3",4.5,72596,49293,"python3 /oomwoo/contributions/compute-benchmark/OsakaTX/scripts/synthetic_scan_publisher.py --duration 505 --loop-s 40 --hz 5.0 --room-half 7.5 --noise 0.0"
2026-09-08T15:08:55Z,133,"slam15m_noise_n000_lifelong",57339,"ros2",0.5,74376,51391,"/usr/bin/python3 /opt/ros/jazzy/bin/ros2 launch /oomwoo/contributions/compute-benchmark/OsakaTX/scripts/lifelong_launch.py slam_params_file:=/oomwoo/contributions/compute-benchmark/OsakaTX/scripts/lifelong_slam_params.yaml use_sim_time:=False autostart:=true"
2026-09-08T15:08:55Z,133,"slam15m_noise_n000_lifelong",57356,"lifelong_slam_t",54.7,66660,52389,"/opt/ros/jazzy/lib/slam_toolbox/lifelong_slam_toolbox_node --ros-args -r __node:=slam_toolbox -r __ns:=/ --params-file /oomwoo/contributions/compute-benchmark/OsakaTX/scripts/lifelong_slam_params.yaml --params-file /tmp/launch_params_abv_ihd8"
2026-09-08T15:08:55Z,133,"slam15m_noise_n000_lifelong",57390,"bash",0.3,4436,1113,"bash /oomwoo/contributions/compute-benchmark/xbattlax/scripts/measure_ros_processes.sh --pattern python3|lifelong_slam_toolbox_node --duration 470 --interval 2 --label slam15m_noise_n000_lifelong --output /oomwoo/contributions/compute-benchmark/OsakaTX/scripts/../results/slam15m_noise_n000_lifelong_20260908T150401Z.csv"
2026-09-08T15:08:57Z,134,"slam15m_noise_n000_lifelong",191,"python3",0.1,69840,46605,"/usr/bin/python3 -c from ros2cli.daemon.daemonize import main; main() --name ros2-daemon --ros-domain-id 0 --rmw-implementation rmw_fastrtps_cpp"
2026-09-08T15:08:57Z,134,"slam15m_noise_n000_lifelong",57323,"python3",4.5,72596,49290,"python3 /oomwoo/contributions/compute-benchmark/OsakaTX/scripts/synthetic_scan_publisher.py --duration 505 --loop-s 40 --hz 5.0 --room-half 7.5 --noise 0.0"
2026-09-08T15:08:57Z,134,"slam15m_noise_n000_lifelong",57339,"ros2",0.5,74376,51391,"/usr/bin/python3 /opt/ros/jazzy/bin/ros2 launch /oomwoo/contributions/compute-benchmark/OsakaTX/scripts/lifelong_launch.py slam_params_file:=/oomwoo/contributions/compute-benchmark/OsakaTX/scripts/lifelong_slam_params.yaml use_sim_time:=False autostart:=true"
2026-09-08T15:08:57Z,134,"slam15m_noise_n000_lifelong",57356,"lifelong_slam_t",54.7,66660,52388,"/opt/ros/jazzy/lib/slam_toolbox/lifelong_slam_toolbox_node --ros-args -r __node:=slam_toolbox -r __ns:=/ --params-file /oomwoo/contributions/compute-benchmark/OsakaTX/scripts/lifelong_slam_params.yaml --params-file /tmp/launch_params_abv_ihd8"
2026-09-08T15:08:57Z,134,"slam15m_noise_n000_lifelong",57390,"bash",0.3,4436,1117,"bash /oomwoo/contributions/compute-benchmark/xbattlax/scripts/measure_ros_processes.sh --pattern python3|lifelong_slam_toolbox_node --duration 470 --interval 2 --label slam15m_noise_n000_lifelong --output /oomwoo/contributions/compute-benchmark/OsakaTX/scripts/../results/slam15m_noise_n000_lifelong_20260908T150401Z.csv"
2026-09-08T15:08:59Z,135,"slam15m_noise_n000_lifelong",191,"python3",0.1,69840,46606,"/usr/bin/python3 -c from ros2cli.daemon.daemonize import main; main() --name ros2-daemon --ros-domain-id 0 --rmw-implementation rmw_fastrtps_cpp"
2026-09-08T15:08:59Z,135,"slam15m_noise_n000_lifelong",57323,"python3",4.5,72596,49290,"python3 /oomwoo/contributions/compute-benchmark/OsakaTX/scripts/synthetic_scan_publisher.py --duration 505 --loop-s 40 --hz 5.0 --room-half 7.5 --noise 0.0"
2026-09-08T15:08:59Z,135,"slam15m_noise_n000_lifelong",57339,"ros2",0.5,74376,51390,"/usr/bin/python3 /opt/ros/jazzy/bin/ros2 launch /oomwoo/contributions/compute-benchmark/OsakaTX/scripts/lifelong_launch.py slam_params_file:=/oomwoo/contributions/compute-benchmark/OsakaTX/scripts/lifelong_slam_params.yaml use_sim_time:=False autostart:=true"
2026-09-08T15:08:59Z,135,"slam15m_noise_n000_lifelong",57356,"lifelong_slam_t",54.7,66660,52389,"/opt/ros/jazzy/lib/slam_toolbox/lifelong_slam_toolbox_node --ros-args -r __node:=slam_toolbox -r __ns:=/ --params-file /oomwoo/contributions/compute-benchmark/OsakaTX/scripts/lifelong_slam_params.yaml --params-file /tmp/launch_params_abv_ihd8"
2026-09-08T15:08:59Z,135,"slam15m_noise_n000_lifelong",57390,"bash",0.3,4436,1115,"bash /oomwoo/contributions/compute-benchmark/xbattlax/scripts/measure_ros_processes.sh --pattern python3|lifelong_slam_toolbox_node --duration 470 --interval 2 --label slam15m_noise_n000_lifelong --output /oomwoo/contributions/compute-benchmark/OsakaTX/scripts/../results/slam15m_noise_n000_lifelong_20260908T150401Z.csv"
2026-09-08T15:09:01Z,136,"slam15m_noise_n000_lifelong",191,"python3",0.1,69840,46606,"/usr/bin/python3 -c from ros2cli.daemon.daemonize import main; main() --name ros2-daemon --ros-domain-id 0 --rmw-implementation rmw_fastrtps_cpp"
2026-09-08T15:09:01Z,136,"slam15m_noise_n000_lifelong",57323,"python3",4.5,72596,49288,"python3 /oomwoo/contributions/compute-benchmark/OsakaTX/scripts/synthetic_scan_publisher.py --duration 505 --loop-s 40 --hz 5.0 --room-half 7.5 --noise 0.0"
2026-09-08T15:09:01Z,136,"slam15m_noise_n000_lifelong",57339,"ros2",0.5,74376,51391,"/usr/bin/python3 /opt/ros/jazzy/bin/ros2 launch /oomwoo/contributions/compute-benchmark/OsakaTX/scripts/lifelong_launch.py slam_params_file:=/oomwoo/contributions/compute-benchmark/OsakaTX/scripts/lifelong_slam_params.yaml use_sim_time:=False autostart:=true"
2026-09-08T15:09:01Z,136,"slam15m_noise_n000_lifelong",57356,"lifelong_slam_t",54.7,66660,52389,"/opt/ros/jazzy/lib/slam_toolbox/lifelong_slam_toolbox_node --ros-args -r __node:=slam_toolbox -r __ns:=/ --params-file /oomwoo/contributions/compute-benchmark/OsakaTX/scripts/lifelong_slam_params.yaml --params-file /tmp/launch_params_abv_ihd8"
2026-09-08T15:09:01Z,136,"slam15m_noise_n000_lifelong",57390,"bash",0.3,4436,1117,"bash /oomwoo/contributions/compute-benchmark/xbattlax/scripts/measure_ros_processes.sh --pattern python3|lifelong_slam_toolbox_node --duration 470 --interval 2 --label slam15m_noise_n000_lifelong --output /oomwoo/contributions/compute-benchmark/OsakaTX/scripts/../results/slam15m_noise_n000_lifelong_20260908T150401Z.csv"
2026-09-08T15:09:03Z,137,"slam15m_noise_n000_lifelong",191,"python3",0.1,69840,46606,"/usr/bin/python3 -c from ros2cli.daemon.daemonize import main; main() --name ros2-daemon --ros-domain-id 0 --rmw-implementation rmw_fastrtps_cpp"
2026-09-08T15:09:03Z,137,"slam15m_noise_n000_lifelong",57323,"python3",4.5,72596,49291,"python3 /oomwoo/contributions/compute-benchmark/OsakaTX/scripts/synthetic_scan_publisher.py --duration 505 --loop-s 40 --hz 5.0 --room-half 7.5 --noise 0.0"
2026-09-08T15:09:03Z,137,"slam15m_noise_n000_lifelong",57339,"ros2",0.5,74376,51390,"/usr/bin/python3 /opt/ros/jazzy/bin/ros2 launch /oomwoo/contributions/compute-benchmark/OsakaTX/scripts/lifelong_launch.py slam_params_file:=/oomwoo/contributions/compute-benchmark/OsakaTX/scripts/lifelong_slam_params.yaml use_sim_time:=False autostart:=true"
2026-09-08T15:09:03Z,137,"slam15m_noise_n000_lifelong",57356,"lifelong_slam_t",54.7,66660,52387,"/opt/ros/jazzy/lib/slam_toolbox/lifelong_slam_toolbox_node --ros-args -r __node:=slam_toolbox -r __ns:=/ --params-file /oomwoo/contributions/compute-benchmark/OsakaTX/scripts/lifelong_slam_params.yaml --params-file /tmp/launch_params_abv_ihd8"
2026-09-08T15:09:03Z,137,"slam15m_noise_n000_lifelong",57390,"bash",0.3,4436,1116,"bash /oomwoo/contributions/compute-benchmark/xbattlax/scripts/measure_ros_processes.sh --pattern python3|lifelong_slam_toolbox_node --duration 470 --interval 2 --label slam15m_noise_n000_lifelong --output /oomwoo/contributions/compute-benchmark/OsakaTX/scripts/../results/slam15m_noise_n000_lifelong_20260908T150401Z.csv"
2026-09-08T15:09:05Z,138,"slam15m_noise_n000_lifelong",191,"python3",0.1,69840,46605,"/usr/bin/python3 -c from ros2cli.daemon.daemonize import main; main() --name ros2-daemon --ros-domain-id 0 --rmw-implementation rmw_fastrtps_cpp"
2026-09-08T15:09:05Z,138,"slam15m_noise_n000_lifelong",57323,"python3",4.5,72596,49293,"python3 /oomwoo/contributions/compute-benchmark/OsakaTX/scripts/synthetic_scan_publisher.py --duration 505 --loop-s 40 --hz 5.0 --room-half 7.5 --noise 0.0"
2026-09-08T15:09:05Z,138,"slam15m_noise_n000_lifelong",57339,"ros2",0.5,74376,51389,"/usr/bin/python3 /opt/ros/jazzy/bin/ros2 launch /oomwoo/contributions/compute-benchmark/OsakaTX/scripts/lifelong_launch.py slam_params_file:=/oomwoo/contributions/compute-benchmark/OsakaTX/scripts/lifelong_slam_params.yaml use_sim_time:=False autostart:=true"
2026-09-08T15:09:05Z,138,"slam15m_noise_n000_lifelong",57356,"lifelong_slam_t",54.7,66660,52387,"/opt/ros/jazzy/lib/slam_toolbox/lifelong_slam_toolbox_node --ros-args -r __node:=slam_toolbox -r __ns:=/ --params-file /oomwoo/contributions/compute-benchmark/OsakaTX/scripts/lifelong_slam_params.yaml --params-file /tmp/launch_params_abv_ihd8"
2026-09-08T15:09:05Z,138,"slam15m_noise_n000_lifelong",57390,"bash",0.3,4436,1115,"bash /oomwoo/contributions/compute-benchmark/xbattlax/scripts/measure_ros_processes.sh --pattern python3|lifelong_slam_toolbox_node --duration 470 --interval 2 --label slam15m_noise_n000_lifelong --output /oomwoo/contributions/compute-benchmark/OsakaTX/scripts/../results/slam15m_noise_n000_lifelong_20260908T150401Z.csv"
2026-09-08T15:09:07Z,139,"slam15m_noise_n000_lifelong",191,"python3",0.1,69840,46606,"/usr/bin/python3 -c from ros2cli.daemon.daemonize import main; main() --name ros2-daemon --ros-domain-id 0 --rmw-implementation rmw_fastrtps_cpp"
2026-09-08T15:09:07Z,139,"slam15m_noise_n000_lifelong",57323,"python3",4.5,72596,49293,"python3 /oomwoo/contributions/compute-benchmark/OsakaTX/scripts/synthetic_scan_publisher.py --duration 505 --loop-s 40 --hz 5.0 --room-half 7.5 --noise 0.0"
2026-09-08T15:09:07Z,139,"slam15m_noise_n000_lifelong",57339,"ros2",0.5,74376,51390,"/usr/bin/python3 /opt/ros/jazzy/bin/ros2 launch /oomwoo/contributions/compute-benchmark/OsakaTX/scripts/lifelong_launch.py slam_params_file:=/oomwoo/contributions/compute-benchmark/OsakaTX/scripts/lifelong_slam_params.yaml use_sim_time:=False autostart:=true"
2026-09-08T15:09:07Z,139,"slam15m_noise_n000_lifelong",57356,"lifelong_slam_t",54.7,66660,52389,"/opt/ros/jazzy/lib/slam_toolbox/lifelong_slam_toolbox_node --ros-args -r __node:=slam_toolbox -r __ns:=/ --params-file /oomwoo/contributions/compute-benchmark/OsakaTX/scripts/lifelong_slam_params.yaml --params-file /tmp/launch_params_abv_ihd8"
2026-09-08T15:09:07Z,139,"slam15m_noise_n000_lifelong",57390,"bash",0.3,4436,1117,"bash /oomwoo/contributions/compute-benchmark/xbattlax/scripts/measure_ros_processes.sh --pattern python3|lifelong_slam_toolbox_node --duration 470 --interval 2 --label slam15m_noise_n000_lifelong --output /oomwoo/contributions/compute-benchmark/OsakaTX/scripts/../results/slam15m_noise_n000_lifelong_20260908T150401Z.csv"
2026-09-08T15:09:10Z,140,"slam15m_noise_n000_lifelong",191,"python3",0.1,69840,46606,"/usr/bin/python3 -c from ros2cli.daemon.daemonize import main; main() --name ros2-daemon --ros-domain-id 0 --rmw-implementation rmw_fastrtps_cpp"
2026-09-08T15:09:10Z,140,"slam15m_noise_n000_lifelong",57323,"python3",4.5,72596,49293,"python3 /oomwoo/contributions/compute-benchmark/OsakaTX/scripts/synthetic_scan_publisher.py --duration 505 --loop-s 40 --hz 5.0 --room-half 7.5 --noise 0.0"
2026-09-08T15:09:10Z,140,"slam15m_noise_n000_lifelong",57339,"ros2",0.5,74388,51402,"/usr/bin/python3 /opt/ros/jazzy/bin/ros2 launch /oomwoo/contributions/compute-benchmark/OsakaTX/scripts/lifelong_launch.py slam_params_file:=/oomwoo/contributions/compute-benchmark/OsakaTX/scripts/lifelong_slam_params.yaml use_sim_time:=False autostart:=true"
2026-09-08T15:09:10Z,140,"slam15m_noise_n000_lifelong",57356,"lifelong_slam_t",54.7,66660,52388,"/opt/ros/jazzy/lib/slam_toolbox/lifelong_slam_toolbox_node --ros-args -r __node:=slam_toolbox -r __ns:=/ --params-file /oomwoo/contributions/compute-benchmark/OsakaTX/scripts/lifelong_slam_params.yaml --params-file /tmp/launch_params_abv_ihd8"
2026-09-08T15:09:10Z,140,"slam15m_noise_n000_lifelong",57390,"bash",0.3,4436,1116,"bash /oomwoo/contributions/compute-benchmark/xbattlax/scripts/measure_ros_processes.sh --pattern python3|lifelong_slam_toolbox_node --duration 470 --interval 2 --label slam15m_noise_n000_lifelong --output /oomwoo/contributions/compute-benchmark/OsakaTX/scripts/../results/slam15m_noise_n000_lifelong_20260908T150401Z.csv"
2026-09-08T15:09:12Z,141,"slam15m_noise_n000_lifelong",191,"python3",0.1,69840,46605,"/usr/bin/python3 -c from ros2cli.daemon.daemonize import main; main() --name ros2-daemon --ros-domain-id 0 --rmw-implementation rmw_fastrtps_cpp"
2026-09-08T15:09:12Z,141,"slam15m_noise_n000_lifelong",57323,"python3",4.5,72596,49295,"python3 /oomwoo/contributions/compute-benchmark/OsakaTX/scripts/synthetic_scan_publisher.py --duration 505 --loop-s 40 --hz 5.0 --room-half 7.5 --noise 0.0"
2026-09-08T15:09:12Z,141,"slam15m_noise_n000_lifelong",57339,"ros2",0.5,74388,51403,"/usr/bin/python3 /opt/ros/jazzy/bin/ros2 launch /oomwoo/contributions/compute-benchmark/OsakaTX/scripts/lifelong_launch.py slam_params_file:=/oomwoo/contributions/compute-benchmark/OsakaTX/scripts/lifelong_slam_params.yaml use_sim_time:=False autostart:=true"
2026-09-08T15:09:12Z,141,"slam15m_noise_n000_lifelong",57356,"lifelong_slam_t",54.7,66664,52392,"/opt/ros/jazzy/lib/slam_toolbox/lifelong_slam_toolbox_node --ros-args -r __node:=slam_toolbox -r __ns:=/ --params-file /oomwoo/contributions/compute-benchmark/OsakaTX/scripts/lifelong_slam_params.yaml --params-file /tmp/launch_params_abv_ihd8"
2026-09-08T15:09:12Z,141,"slam15m_noise_n000_lifelong",57390,"bash",0.3,4436,1117,"bash /oomwoo/contributions/compute-benchmark/xbattlax/scripts/measure_ros_processes.sh --pattern python3|lifelong_slam_toolbox_node --duration 470 --interval 2 --label slam15m_noise_n000_lifelong --output /oomwoo/contributions/compute-benchmark/OsakaTX/scripts/../results/slam15m_noise_n000_lifelong_20260908T150401Z.csv"
2026-09-08T15:09:14Z,142,"slam15m_noise_n000_lifelong",191,"python3",0.1,69840,46605,"/usr/bin/python3 -c from ros2cli.daemon.daemonize import main; main() --name ros2-daemon --ros-domain-id 0 --rmw-implementation rmw_fastrtps_cpp"
2026-09-08T15:09:14Z,142,"slam15m_noise_n000_lifelong",57323,"python3",4.5,72596,49297,"python3 /oomwoo/contributions/compute-benchmark/OsakaTX/scripts/synthetic_scan_publisher.py --duration 505 --loop-s 40 --hz 5.0 --room-half 7.5 --noise 0.0"
2026-09-08T15:09:14Z,142,"slam15m_noise_n000_lifelong",57339,"ros2",0.5,74388,51403,"/usr/bin/python3 /opt/ros/jazzy/bin/ros2 launch /oomwoo/contributions/compute-benchmark/OsakaTX/scripts/lifelong_launch.py slam_params_file:=/oomwoo/contributions/compute-benchmark/OsakaTX/scripts/lifelong_slam_params.yaml use_sim_time:=False autostart:=true"
2026-09-08T15:09:14Z,142,"slam15m_noise_n000_lifelong",57356,"lifelong_slam_t",54.7,66664,52393,"/opt/ros/jazzy/lib/slam_toolbox/lifelong_slam_toolbox_node --ros-args -r __node:=slam_toolbox -r __ns:=/ --params-file /oomwoo/contributions/compute-benchmark/OsakaTX/scripts/lifelong_slam_params.yaml --params-file /tmp/launch_params_abv_ihd8"
2026-09-08T15:09:14Z,142,"slam15m_noise_n000_lifelong",57390,"bash",0.3,4436,1118,"bash /oomwoo/contributions/compute-benchmark/xbattlax/scripts/measure_ros_processes.sh --pattern python3|lifelong_slam_toolbox_node --duration 470 --interval 2 --label slam15m_noise_n000_lifelong --output /oomwoo/contributions/compute-benchmark/OsakaTX/scripts/../results/slam15m_noise_n000_lifelong_20260908T150401Z.csv"
2026-09-08T15:09:16Z,143,"slam15m_noise_n000_lifelong",191,"python3",0.1,69840,46605,"/usr/bin/python3 -c from ros2cli.daemon.daemonize import main; main() --name ros2-daemon --ros-domain-id 0 --rmw-implementation rmw_fastrtps_cpp"
2026-09-08T15:09:16Z,143,"slam15m_noise_n000_lifelong",57323,"python3",4.5,72596,49290,"python3 /oomwoo/contributions/compute-benchmark/OsakaTX/scripts/synthetic_scan_publisher.py --duration 505 --loop-s 40 --hz 5.0 --room-half 7.5 --noise 0.0"
2026-09-08T15:09:16Z,143,"slam15m_noise_n000_lifelong",57339,"ros2",0.5,74388,51402,"/usr/bin/python3 /opt/ros/jazzy/bin/ros2 launch /oomwoo/contributions/compute-benchmark/OsakaTX/scripts/lifelong_launch.py slam_params_file:=/oomwoo/contributions/compute-benchmark/OsakaTX/scripts/lifelong_slam_params.yaml use_sim_time:=False autostart:=true"
2026-09-08T15:09:16Z,143,"slam15m_noise_n000_lifelong",57356,"lifelong_slam_t",54.8,66664,52392,"/opt/ros/jazzy/lib/slam_toolbox/lifelong_slam_toolbox_node --ros-args -r __node:=slam_toolbox -r __ns:=/ --params-file /oomwoo/contributions/compute-benchmark/OsakaTX/scripts/lifelong_slam_params.yaml --params-file /tmp/launch_params_abv_ihd8"
2026-09-08T15:09:16Z,143,"slam15m_noise_n000_lifelong",57390,"bash",0.3,4436,1115,"bash /oomwoo/contributions/compute-benchmark/xbattlax/scripts/measure_ros_processes.sh --pattern python3|lifelong_slam_toolbox_node --duration 470 --interval 2 --label slam15m_noise_n000_lifelong --output /oomwoo/contributions/compute-benchmark/OsakaTX/scripts/../results/slam15m_noise_n000_lifelong_20260908T150401Z.csv"
2026-09-08T15:09:18Z,144,"slam15m_noise_n000_lifelong",191,"python3",0.1,69840,46606,"/usr/bin/python3 -c from ros2cli.daemon.daemonize import main; main() --name ros2-daemon --ros-domain-id 0 --rmw-implementation rmw_fastrtps_cpp"
2026-09-08T15:09:18Z,144,"slam15m_noise_n000_lifelong",57323,"python3",4.5,72596,49293,"python3 /oomwoo/contributions/compute-benchmark/OsakaTX/scripts/synthetic_scan_publisher.py --duration 505 --loop-s 40 --hz 5.0 --room-half 7.5 --noise 0.0"
2026-09-08T15:09:18Z,144,"slam15m_noise_n000_lifelong",57339,"ros2",0.5,74388,51404,"/usr/bin/python3 /opt/ros/jazzy/bin/ros2 launch /oomwoo/contributions/compute-benchmark/OsakaTX/scripts/lifelong_launch.py slam_params_file:=/oomwoo/contributions/compute-benchmark/OsakaTX/scripts/lifelong_slam_params.yaml use_sim_time:=False autostart:=true"
2026-09-08T15:09:18Z,144,"slam15m_noise_n000_lifelong",57356,"lifelong_slam_t",54.8,66664,52393,"/opt/ros/jazzy/lib/slam_toolbox/lifelong_slam_toolbox_node --ros-args -r __node:=slam_toolbox -r __ns:=/ --params-file /oomwoo/contributions/compute-benchmark/OsakaTX/scripts/lifelong_slam_params.yaml --params-file /tmp/launch_params_abv_ihd8"
2026-09-08T15:09:18Z,144,"slam15m_noise_n000_lifelong",57390,"bash",0.3,4436,1119,"bash /oomwoo/contributions/compute-benchmark/xbattlax/scripts/measure_ros_processes.sh --pattern python3|lifelong_slam_toolbox_node --duration 470 --interval 2 --label slam15m_noise_n000_lifelong --output /oomwoo/contributions/compute-benchmark/OsakaTX/scripts/../results/slam15m_noise_n000_lifelong_20260908T150401Z.csv"
2026-09-08T15:09:20Z,145,"slam15m_noise_n000_lifelong",191,"python3",0.1,69840,46607,"/usr/bin/python3 -c from ros2cli.daemon.daemonize import main; main() --name ros2-daemon --ros-domain-id 0 --rmw-implementation rmw_fastrtps_cpp"
2026-09-08T15:09:20Z,145,"slam15m_noise_n000_lifelong",57323,"python3",4.5,72596,49291,"python3 /oomwoo/contributions/compute-benchmark/OsakaTX/scripts/synthetic_scan_publisher.py --duration 505 --loop-s 40 --hz 5.0 --room-half 7.5 --noise 0.0"
2026-09-08T15:09:20Z,145,"slam15m_noise_n000_lifelong",57339,"ros2",0.5,74388,51402,"/usr/bin/python3 /opt/ros/jazzy/bin/ros2 launch /oomwoo/contributions/compute-benchmark/OsakaTX/scripts/lifelong_launch.py slam_params_file:=/oomwoo/contributions/compute-benchmark/OsakaTX/scripts/lifelong_slam_params.yaml use_sim_time:=False autostart:=true"
2026-09-08T15:09:20Z,145,"slam15m_noise_n000_lifelong",57356,"lifelong_slam_t",54.8,66664,52395,"/opt/ros/jazzy/lib/slam_toolbox/lifelong_slam_toolbox_node --ros-args -r __node:=slam_toolbox -r __ns:=/ --params-file /oomwoo/contributions/compute-benchmark/OsakaTX/scripts/lifelong_slam_params.yaml --params-file /tmp/launch_params_abv_ihd8"
2026-09-08T15:09:20Z,145,"slam15m_noise_n000_lifelong",57390,"bash",0.3,4436,1119,"bash /oomwoo/contributions/compute-benchmark/xbattlax/scripts/measure_ros_processes.sh --pattern python3|lifelong_slam_toolbox_node --duration 470 --interval 2 --label slam15m_noise_n000_lifelong --output /oomwoo/contributions/compute-benchmark/OsakaTX/scripts/../results/slam15m_noise_n000_lifelong_20260908T150401Z.csv"
2026-09-08T15:09:22Z,146,"slam15m_noise_n000_lifelong",191,"python3",0.1,69840,46606,"/usr/bin/python3 -c from ros2cli.daemon.daemonize import main; main() --name ros2-daemon --ros-domain-id 0 --rmw-implementation rmw_fastrtps_cpp"
2026-09-08T15:09:22Z,146,"slam15m_noise_n000_lifelong",57323,"python3",4.5,72596,49295,"python3 /oomwoo/contributions/compute-benchmark/OsakaTX/scripts/synthetic_scan_publisher.py --duration 505 --loop-s 40 --hz 5.0 --room-half 7.5 --noise 0.0"
2026-09-08T15:09:22Z,146,"slam15m_noise_n000_lifelong",57339,"ros2",0.5,74388,51402,"/usr/bin/python3 /opt/ros/jazzy/bin/ros2 launch /oomwoo/contributions/compute-benchmark/OsakaTX/scripts/lifelong_launch.py slam_params_file:=/oomwoo/contributions/compute-benchmark/OsakaTX/scripts/lifelong_slam_params.yaml use_sim_time:=False autostart:=true"
2026-09-08T15:09:22Z,146,"slam15m_noise_n000_lifelong",57356,"lifelong_slam_t",54.8,66812,52541,"/opt/ros/jazzy/lib/slam_toolbox/lifelong_slam_toolbox_node --ros-args -r __node:=slam_toolbox -r __ns:=/ --params-file /oomwoo/contributions/compute-benchmark/OsakaTX/scripts/lifelong_slam_params.yaml --params-file /tmp/launch_params_abv_ihd8"
2026-09-08T15:09:22Z,146,"slam15m_noise_n000_lifelong",57390,"bash",0.3,4436,1119,"bash /oomwoo/contributions/compute-benchmark/xbattlax/scripts/measure_ros_processes.sh --pattern python3|lifelong_slam_toolbox_node --duration 470 --interval 2 --label slam15m_noise_n000_lifelong --output /oomwoo/contributions/compute-benchmark/OsakaTX/scripts/../results/slam15m_noise_n000_lifelong_20260908T150401Z.csv"
2026-09-08T15:09:25Z,147,"slam15m_noise_n000_lifelong",191,"python3",0.1,69840,46605,"/usr/bin/python3 -c from ros2cli.daemon.daemonize import main; main() --name ros2-daemon --ros-domain-id 0 --rmw-implementation rmw_fastrtps_cpp"
2026-09-08T15:09:25Z,147,"slam15m_noise_n000_lifelong",57323,"python3",4.5,72596,49293,"python3 /oomwoo/contributions/compute-benchmark/OsakaTX/scripts/synthetic_scan_publisher.py --duration 505 --loop-s 40 --hz 5.0 --room-half 7.5 --noise 0.0"
2026-09-08T15:09:25Z,147,"slam15m_noise_n000_lifelong",57339,"ros2",0.5,74388,51403,"/usr/bin/python3 /opt/ros/jazzy/bin/ros2 launch /oomwoo/contributions/compute-benchmark/OsakaTX/scripts/lifelong_launch.py slam_params_file:=/oomwoo/contributions/compute-benchmark/OsakaTX/scripts/lifelong_slam_params.yaml use_sim_time:=False autostart:=true"
2026-09-08T15:09:25Z,147,"slam15m_noise_n000_lifelong",57356,"lifelong_slam_t",54.7,66812,52540,"/opt/ros/jazzy/lib/slam_toolbox/lifelong_slam_toolbox_node --ros-args -r __node:=slam_toolbox -r __ns:=/ --params-file /oomwoo/contributions/compute-benchmark/OsakaTX/scripts/lifelong_slam_params.yaml --params-file /tmp/launch_params_abv_ihd8"
2026-09-08T15:09:25Z,147,"slam15m_noise_n000_lifelong",57390,"bash",0.3,4436,1117,"bash /oomwoo/contributions/compute-benchmark/xbattlax/scripts/measure_ros_processes.sh --pattern python3|lifelong_slam_toolbox_node --duration 470 --interval 2 --label slam15m_noise_n000_lifelong --output /oomwoo/contributions/compute-benchmark/OsakaTX/scripts/../results/slam15m_noise_n000_lifelong_20260908T150401Z.csv"
2026-09-08T15:09:27Z,148,"slam15m_noise_n000_lifelong",191,"python3",0.1,69840,46605,"/usr/bin/python3 -c from ros2cli.daemon.daemonize import main; main() --name ros2-daemon --ros-domain-id 0 --rmw-implementation rmw_fastrtps_cpp"
2026-09-08T15:09:27Z,148,"slam15m_noise_n000_lifelong",57323,"python3",4.5,72596,49293,"python3 /oomwoo/contributions/compute-benchmark/OsakaTX/scripts/synthetic_scan_publisher.py --duration 505 --loop-s 40 --hz 5.0 --room-half 7.5 --noise 0.0"
2026-09-08T15:09:27Z,148,"slam15m_noise_n000_lifelong",57339,"ros2",0.5,74388,51402,"/usr/bin/python3 /opt/ros/jazzy/bin/ros2 launch /oomwoo/contributions/compute-benchmark/OsakaTX/scripts/lifelong_launch.py slam_params_file:=/oomwoo/contributions/compute-benchmark/OsakaTX/scripts/lifelong_slam_params.yaml use_sim_time:=False autostart:=true"
2026-09-08T15:09:27Z,148,"slam15m_noise_n000_lifelong",57356,"lifelong_slam_t",54.7,66812,52543,"/opt/ros/jazzy/lib/slam_toolbox/lifelong_slam_toolbox_node --ros-args -r __node:=slam_toolbox -r __ns:=/ --params-file /oomwoo/contributions/compute-benchmark/OsakaTX/scripts/lifelong_slam_params.yaml --params-file /tmp/launch_params_abv_ihd8"
2026-09-08T15:09:27Z,148,"slam15m_noise_n000_lifelong",57390,"bash",0.3,4436,1119,"bash /oomwoo/contributions/compute-benchmark/xbattlax/scripts/measure_ros_processes.sh --pattern python3|lifelong_slam_toolbox_node --duration 470 --interval 2 --label slam15m_noise_n000_lifelong --output /oomwoo/contributions/compute-benchmark/OsakaTX/scripts/../results/slam15m_noise_n000_lifelong_20260908T150401Z.csv"
2026-09-08T15:09:29Z,149,"slam15m_noise_n000_lifelong",191,"python3",0.1,69840,46607,"/usr/bin/python3 -c from ros2cli.daemon.daemonize import main; main() --name ros2-daemon --ros-domain-id 0 --rmw-implementation rmw_fastrtps_cpp"
2026-09-08T15:09:29Z,149,"slam15m_noise_n000_lifelong",57323,"python3",4.5,72596,49301,"python3 /oomwoo/contributions/compute-benchmark/OsakaTX/scripts/synthetic_scan_publisher.py --duration 505 --loop-s 40 --hz 5.0 --room-half 7.5 --noise 0.0"
2026-09-08T15:09:29Z,149,"slam15m_noise_n000_lifelong",57339,"ros2",0.5,74388,51402,"/usr/bin/python3 /opt/ros/jazzy/bin/ros2 launch /oomwoo/contributions/compute-benchmark/OsakaTX/scripts/lifelong_launch.py slam_params_file:=/oomwoo/contributions/compute-benchmark/OsakaTX/scripts/lifelong_slam_params.yaml use_sim_time:=False autostart:=true"
2026-09-08T15:09:29Z,149,"slam15m_noise_n000_lifelong",57356,"lifelong_slam_t",54.7,66812,52541,"/opt/ros/jazzy/lib/slam_toolbox/lifelong_slam_toolbox_node --ros-args -r __node:=slam_toolbox -r __ns:=/ --params-file /oomwoo/contributions/compute-benchmark/OsakaTX/scripts/lifelong_slam_params.yaml --params-file /tmp/launch_params_abv_ihd8"
2026-09-08T15:09:29Z,149,"slam15m_noise_n000_lifelong",57390,"bash",0.3,4436,1114,"bash /oomwoo/contributions/compute-benchmark/xbattlax/scripts/measure_ros_processes.sh --pattern python3|lifelong_slam_toolbox_node --duration 470 --interval 2 --label slam15m_noise_n000_lifelong --output /oomwoo/contributions/compute-benchmark/OsakaTX/scripts/../results/slam15m_noise_n000_lifelong_20260908T150401Z.csv"
2026-09-08T15:09:31Z,150,"slam15m_noise_n000_lifelong",191,"python3",0.1,69840,46607,"/usr/bin/python3 -c from ros2cli.daemon.daemonize import main; main() --name ros2-daemon --ros-domain-id 0 --rmw-implementation rmw_fastrtps_cpp"
2026-09-08T15:09:31Z,150,"slam15m_noise_n000_lifelong",57323,"python3",4.5,72596,49295,"python3 /oomwoo/contributions/compute-benchmark/OsakaTX/scripts/synthetic_scan_publisher.py --duration 505 --loop-s 40 --hz 5.0 --room-half 7.5 --noise 0.0"
2026-09-08T15:09:31Z,150,"slam15m_noise_n000_lifelong",57339,"ros2",0.5,74388,51402,"/usr/bin/python3 /opt/ros/jazzy/bin/ros2 launch /oomwoo/contributions/compute-benchmark/OsakaTX/scripts/lifelong_launch.py slam_params_file:=/oomwoo/contributions/compute-benchmark/OsakaTX/scripts/lifelong_slam_params.yaml use_sim_time:=False autostart:=true"
2026-09-08T15:09:31Z,150,"slam15m_noise_n000_lifelong",57356,"lifelong_slam_t",54.7,66812,52541,"/opt/ros/jazzy/lib/slam_toolbox/lifelong_slam_toolbox_node --ros-args -r __node:=slam_toolbox -r __ns:=/ --params-file /oomwoo/contributions/compute-benchmark/OsakaTX/scripts/lifelong_slam_params.yaml --params-file /tmp/launch_params_abv_ihd8"
2026-09-08T15:09:31Z,150,"slam15m_noise_n000_lifelong",57390,"bash",0.3,4436,1119,"bash /oomwoo/contributions/compute-benchmark/xbattlax/scripts/measure_ros_processes.sh --pattern python3|lifelong_slam_toolbox_node --duration 470 --interval 2 --label slam15m_noise_n000_lifelong --output /oomwoo/contributions/compute-benchmark/OsakaTX/scripts/../results/slam15m_noise_n000_lifelong_20260908T150401Z.csv"
2026-09-08T15:09:33Z,151,"slam15m_noise_n000_lifelong",191,"python3",0.1,69840,46605,"/usr/bin/python3 -c from ros2cli.daemon.daemonize import main; main() --name ros2-daemon --ros-domain-id 0 --rmw-implementation rmw_fastrtps_cpp"
2026-09-08T15:09:33Z,151,"slam15m_noise_n000_lifelong",57323,"python3",4.5,72596,49288,"python3 /oomwoo/contributions/compute-benchmark/OsakaTX/scripts/synthetic_scan_publisher.py --duration 505 --loop-s 40 --hz 5.0 --room-half 7.5 --noise 0.0"
2026-09-08T15:09:33Z,151,"slam15m_noise_n000_lifelong",57339,"ros2",0.5,74388,51403,"/usr/bin/python3 /opt/ros/jazzy/bin/ros2 launch /oomwoo/contributions/compute-benchmark/OsakaTX/scripts/lifelong_launch.py slam_params_file:=/oomwoo/contributions/compute-benchmark/OsakaTX/scripts/lifelong_slam_params.yaml use_sim_time:=False autostart:=true"
2026-09-08T15:09:33Z,151,"slam15m_noise_n000_lifelong",57356,"lifelong_slam_t",54.7,66812,52541,"/opt/ros/jazzy/lib/slam_toolbox/lifelong_slam_toolbox_node --ros-args -r __node:=slam_toolbox -r __ns:=/ --params-file /oomwoo/contributions/compute-benchmark/OsakaTX/scripts/lifelong_slam_params.yaml --params-file /tmp/launch_params_abv_ihd8"
2026-09-08T15:09:33Z,151,"slam15m_noise_n000_lifelong",57390,"bash",0.3,4436,1117,"bash /oomwoo/contributions/compute-benchmark/xbattlax/scripts/measure_ros_processes.sh --pattern python3|lifelong_slam_toolbox_node --duration 470 --interval 2 --label slam15m_noise_n000_lifelong --output /oomwoo/contributions/compute-benchmark/OsakaTX/scripts/../results/slam15m_noise_n000_lifelong_20260908T150401Z.csv"
2026-09-08T15:09:35Z,152,"slam15m_noise_n000_lifelong",191,"python3",0.1,69840,46605,"/usr/bin/python3 -c from ros2cli.daemon.daemonize import main; main() --name ros2-daemon --ros-domain-id 0 --rmw-implementation rmw_fastrtps_cpp"
2026-09-08T15:09:35Z,152,"slam15m_noise_n000_lifelong",57323,"python3",4.5,72596,49290,"python3 /oomwoo/contributions/compute-benchmark/OsakaTX/scripts/synthetic_scan_publisher.py --duration 505 --loop-s 40 --hz 5.0 --room-half 7.5 --noise 0.0"
2026-09-08T15:09:35Z,152,"slam15m_noise_n000_lifelong",57339,"ros2",0.5,74388,51404,"/usr/bin/python3 /opt/ros/jazzy/bin/ros2 launch /oomwoo/contributions/compute-benchmark/OsakaTX/scripts/lifelong_launch.py slam_params_file:=/oomwoo/contributions/compute-benchmark/OsakaTX/scripts/lifelong_slam_params.yaml use_sim_time:=False autostart:=true"
2026-09-08T15:09:35Z,152,"slam15m_noise_n000_lifelong",57356,"lifelong_slam_t",54.7,66812,52539,"/opt/ros/jazzy/lib/slam_toolbox/lifelong_slam_toolbox_node --ros-args -r __node:=slam_toolbox -r __ns:=/ --params-file /oomwoo/contributions/compute-benchmark/OsakaTX/scripts/lifelong_slam_params.yaml --params-file /tmp/launch_params_abv_ihd8"
2026-09-08T15:09:35Z,152,"slam15m_noise_n000_lifelong",57390,"bash",0.3,4436,1114,"bash /oomwoo/contributions/compute-benchmark/xbattlax/scripts/measure_ros_processes.sh --pattern python3|lifelong_slam_toolbox_node --duration 470 --interval 2 --label slam15m_noise_n000_lifelong --output /oomwoo/contributions/compute-benchmark/OsakaTX/scripts/../results/slam15m_noise_n000_lifelong_20260908T150401Z.csv"
2026-09-08T15:09:37Z,153,"slam15m_noise_n000_lifelong",191,"python3",0.1,69840,46605,"/usr/bin/python3 -c from ros2cli.daemon.daemonize import main; main() --name ros2-daemon --ros-domain-id 0 --rmw-implementation rmw_fastrtps_cpp"
2026-09-08T15:09:37Z,153,"slam15m_noise_n000_lifelong",57323,"python3",4.5,72596,49293,"python3 /oomwoo/contributions/compute-benchmark/OsakaTX/scripts/synthetic_scan_publisher.py --duration 505 --loop-s 40 --hz 5.0 --room-half 7.5 --noise 0.0"
2026-09-08T15:09:37Z,153,"slam15m_noise_n000_lifelong",57339,"ros2",0.5,74388,51402,"/usr/bin/python3 /opt/ros/jazzy/bin/ros2 launch /oomwoo/contributions/compute-benchmark/OsakaTX/scripts/lifelong_launch.py slam_params_file:=/oomwoo/contributions/compute-benchmark/OsakaTX/scripts/lifelong_slam_params.yaml use_sim_time:=False autostart:=true"
2026-09-08T15:09:37Z,153,"slam15m_noise_n000_lifelong",57356,"lifelong_slam_t",54.7,66816,52544,"/opt/ros/jazzy/lib/slam_toolbox/lifelong_slam_toolbox_node --ros-args -r __node:=slam_toolbox -r __ns:=/ --params-file /oomwoo/contributions/compute-benchmark/OsakaTX/scripts/lifelong_slam_params.yaml --params-file /tmp/launch_params_abv_ihd8"
2026-09-08T15:09:37Z,153,"slam15m_noise_n000_lifelong",57390,"bash",0.3,4436,1117,"bash /oomwoo/contributions/compute-benchmark/xbattlax/scripts/measure_ros_processes.sh --pattern python3|lifelong_slam_toolbox_node --duration 470 --interval 2 --label slam15m_noise_n000_lifelong --output /oomwoo/contributions/compute-benchmark/OsakaTX/scripts/../results/slam15m_noise_n000_lifelong_20260908T150401Z.csv"
2026-09-08T15:09:40Z,154,"slam15m_noise_n000_lifelong",191,"python3",0.1,69840,46605,"/usr/bin/python3 -c from ros2cli.daemon.daemonize import main; main() --name ros2-daemon --ros-domain-id 0 --rmw-implementation rmw_fastrtps_cpp"
2026-09-08T15:09:40Z,154,"slam15m_noise_n000_lifelong",57323,"python3",4.5,72596,49301,"python3 /oomwoo/contributions/compute-benchmark/OsakaTX/scripts/synthetic_scan_publisher.py --duration 505 --loop-s 40 --hz 5.0 --room-half 7.5 --noise 0.0"
2026-09-08T15:09:40Z,154,"slam15m_noise_n000_lifelong",57339,"ros2",0.5,74388,51403,"/usr/bin/python3 /opt/ros/jazzy/bin/ros2 launch /oomwoo/contributions/compute-benchmark/OsakaTX/scripts/lifelong_launch.py slam_params_file:=/oomwoo/contributions/compute-benchmark/OsakaTX/scripts/lifelong_slam_params.yaml use_sim_time:=False autostart:=true"
2026-09-08T15:09:40Z,154,"slam15m_noise_n000_lifelong",57356,"lifelong_slam_t",54.8,66816,52543,"/opt/ros/jazzy/lib/slam_toolbox/lifelong_slam_toolbox_node --ros-args -r __node:=slam_toolbox -r __ns:=/ --params-file /oomwoo/contributions/compute-benchmark/OsakaTX/scripts/lifelong_slam_params.yaml --params-file /tmp/launch_params_abv_ihd8"
2026-09-08T15:09:40Z,154,"slam15m_noise_n000_lifelong",57390,"bash",0.3,4436,1117,"bash /oomwoo/contributions/compute-benchmark/xbattlax/scripts/measure_ros_processes.sh --pattern python3|lifelong_slam_toolbox_node --duration 470 --interval 2 --label slam15m_noise_n000_lifelong --output /oomwoo/contributions/compute-benchmark/OsakaTX/scripts/../results/slam15m_noise_n000_lifelong_20260908T150401Z.csv"
2026-09-08T15:09:42Z,155,"slam15m_noise_n000_lifelong",191,"python3",0.1,69840,46606,"/usr/bin/python3 -c from ros2cli.daemon.daemonize import main; main() --name ros2-daemon --ros-domain-id 0 --rmw-implementation rmw_fastrtps_cpp"
2026-09-08T15:09:42Z,155,"slam15m_noise_n000_lifelong",57323,"python3",4.5,72596,49301,"python3 /oomwoo/contributions/compute-benchmark/OsakaTX/scripts/synthetic_scan_publisher.py --duration 505 --loop-s 40 --hz 5.0 --room-half 7.5 --noise 0.0"
2026-09-08T15:09:42Z,155,"slam15m_noise_n000_lifelong",57339,"ros2",0.5,74388,51403,"/usr/bin/python3 /opt/ros/jazzy/bin/ros2 launch /oomwoo/contributions/compute-benchmark/OsakaTX/scripts/lifelong_launch.py slam_params_file:=/oomwoo/contributions/compute-benchmark/OsakaTX/scripts/lifelong_slam_params.yaml use_sim_time:=False autostart:=true"
2026-09-08T15:09:42Z,155,"slam15m_noise_n000_lifelong",57356,"lifelong_slam_t",54.8,66996,52724,"/opt/ros/jazzy/lib/slam_toolbox/lifelong_slam_toolbox_node --ros-args -r __node:=slam_toolbox -r __ns:=/ --params-file /oomwoo/contributions/compute-benchmark/OsakaTX/scripts/lifelong_slam_params.yaml --params-file /tmp/launch_params_abv_ihd8"
2026-09-08T15:09:42Z,155,"slam15m_noise_n000_lifelong",57390,"bash",0.3,4436,1119,"bash /oomwoo/contributions/compute-benchmark/xbattlax/scripts/measure_ros_processes.sh --pattern python3|lifelong_slam_toolbox_node --duration 470 --interval 2 --label slam15m_noise_n000_lifelong --output /oomwoo/contributions/compute-benchmark/OsakaTX/scripts/../results/slam15m_noise_n000_lifelong_20260908T150401Z.csv"
2026-09-08T15:09:44Z,156,"slam15m_noise_n000_lifelong",191,"python3",0.1,69840,46605,"/usr/bin/python3 -c from ros2cli.daemon.daemonize import main; main() --name ros2-daemon --ros-domain-id 0 --rmw-implementation rmw_fastrtps_cpp"
2026-09-08T15:09:44Z,156,"slam15m_noise_n000_lifelong",57323,"python3",4.5,72596,49288,"python3 /oomwoo/contributions/compute-benchmark/OsakaTX/scripts/synthetic_scan_publisher.py --duration 505 --loop-s 40 --hz 5.0 --room-half 7.5 --noise 0.0"
2026-09-08T15:09:44Z,156,"slam15m_noise_n000_lifelong",57339,"ros2",0.5,74388,51403,"/usr/bin/python3 /opt/ros/jazzy/bin/ros2 launch /oomwoo/contributions/compute-benchmark/OsakaTX/scripts/lifelong_launch.py slam_params_file:=/oomwoo/contributions/compute-benchmark/OsakaTX/scripts/lifelong_slam_params.yaml use_sim_time:=False autostart:=true"
2026-09-08T15:09:44Z,156,"slam15m_noise_n000_lifelong",57356,"lifelong_slam_t",54.8,66996,52724,"/opt/ros/jazzy/lib/slam_toolbox/lifelong_slam_toolbox_node --ros-args -r __node:=slam_toolbox -r __ns:=/ --params-file /oomwoo/contributions/compute-benchmark/OsakaTX/scripts/lifelong_slam_params.yaml --params-file /tmp/launch_params_abv_ihd8"
2026-09-08T15:09:44Z,156,"slam15m_noise_n000_lifelong",57390,"bash",0.3,4436,1115,"bash /oomwoo/contributions/compute-benchmark/xbattlax/scripts/measure_ros_processes.sh --pattern python3|lifelong_slam_toolbox_node --duration 470 --interval 2 --label slam15m_noise_n000_lifelong --output /oomwoo/contributions/compute-benchmark/OsakaTX/scripts/../results/slam15m_noise_n000_lifelong_20260908T150401Z.csv"
2026-09-08T15:09:46Z,157,"slam15m_noise_n000_lifelong",191,"python3",0.1,69840,46605,"/usr/bin/python3 -c from ros2cli.daemon.daemonize import main; main() --name ros2-daemon --ros-domain-id 0 --rmw-implementation rmw_fastrtps_cpp"
2026-09-08T15:09:46Z,157,"slam15m_noise_n000_lifelong",57323,"python3",4.5,72596,49293,"python3 /oomwoo/contributions/compute-benchmark/OsakaTX/scripts/synthetic_scan_publisher.py --duration 505 --loop-s 40 --hz 5.0 --room-half 7.5 --noise 0.0"
2026-09-08T15:09:46Z,157,"slam15m_noise_n000_lifelong",57339,"ros2",0.5,74388,51402,"/usr/bin/python3 /opt/ros/jazzy/bin/ros2 launch /oomwoo/contributions/compute-benchmark/OsakaTX/scripts/lifelong_launch.py slam_params_file:=/oomwoo/contributions/compute-benchmark/OsakaTX/scripts/lifelong_slam_params.yaml use_sim_time:=False autostart:=true"
2026-09-08T15:09:46Z,157,"slam15m_noise_n000_lifelong",57356,"lifelong_slam_t",54.8,66996,52724,"/opt/ros/jazzy/lib/slam_toolbox/lifelong_slam_toolbox_node --ros-args -r __node:=slam_toolbox -r __ns:=/ --params-file /oomwoo/contributions/compute-benchmark/OsakaTX/scripts/lifelong_slam_params.yaml --params-file /tmp/launch_params_abv_ihd8"
2026-09-08T15:09:46Z,157,"slam15m_noise_n000_lifelong",57390,"bash",0.3,4436,1117,"bash /oomwoo/contributions/compute-benchmark/xbattlax/scripts/measure_ros_processes.sh --pattern python3|lifelong_slam_toolbox_node --duration 470 --interval 2 --label slam15m_noise_n000_lifelong --output /oomwoo/contributions/compute-benchmark/OsakaTX/scripts/../results/slam15m_noise_n000_lifelong_20260908T150401Z.csv"
2026-09-08T15:09:48Z,158,"slam15m_noise_n000_lifelong",191,"python3",0.1,69840,46605,"/usr/bin/python3 -c from ros2cli.daemon.daemonize import main; main() --name ros2-daemon --ros-domain-id 0 --rmw-implementation rmw_fastrtps_cpp"
2026-09-08T15:09:48Z,158,"slam15m_noise_n000_lifelong",57323,"python3",4.5,72596,49301,"python3 /oomwoo/contributions/compute-benchmark/OsakaTX/scripts/synthetic_scan_publisher.py --duration 505 --loop-s 40 --hz 5.0 --room-half 7.5 --noise 0.0"
2026-09-08T15:09:48Z,158,"slam15m_noise_n000_lifelong",57339,"ros2",0.5,74388,51404,"/usr/bin/python3 /opt/ros/jazzy/bin/ros2 launch /oomwoo/contributions/compute-benchmark/OsakaTX/scripts/lifelong_launch.py slam_params_file:=/oomwoo/contributions/compute-benchmark/OsakaTX/scripts/lifelong_slam_params.yaml use_sim_time:=False autostart:=true"
2026-09-08T15:09:48Z,158,"slam15m_noise_n000_lifelong",57356,"lifelong_slam_t",54.8,67000,52729,"/opt/ros/jazzy/lib/slam_toolbox/lifelong_slam_toolbox_node --ros-args -r __node:=slam_toolbox -r __ns:=/ --params-file /oomwoo/contributions/compute-benchmark/OsakaTX/scripts/lifelong_slam_params.yaml --params-file /tmp/launch_params_abv_ihd8"
2026-09-08T15:09:48Z,158,"slam15m_noise_n000_lifelong",57390,"bash",0.3,4436,1117,"bash /oomwoo/contributions/compute-benchmark/xbattlax/scripts/measure_ros_processes.sh --pattern python3|lifelong_slam_toolbox_node --duration 470 --interval 2 --label slam15m_noise_n000_lifelong --output /oomwoo/contributions/compute-benchmark/OsakaTX/scripts/../results/slam15m_noise_n000_lifelong_20260908T150401Z.csv"
2026-09-08T15:09:50Z,159,"slam15m_noise_n000_lifelong",191,"python3",0.1,69840,46606,"/usr/bin/python3 -c from ros2cli.daemon.daemonize import main; main() --name ros2-daemon --ros-domain-id 0 --rmw-implementation rmw_fastrtps_cpp"
2026-09-08T15:09:50Z,159,"slam15m_noise_n000_lifelong",57323,"python3",4.5,72596,49290,"python3 /oomwoo/contributions/compute-benchmark/OsakaTX/scripts/synthetic_scan_publisher.py --duration 505 --loop-s 40 --hz 5.0 --room-half 7.5 --noise 0.0"
2026-09-08T15:09:50Z,159,"slam15m_noise_n000_lifelong",57339,"ros2",0.5,74388,51404,"/usr/bin/python3 /opt/ros/jazzy/bin/ros2 launch /oomwoo/contributions/compute-benchmark/OsakaTX/scripts/lifelong_launch.py slam_params_file:=/oomwoo/contributions/compute-benchmark/OsakaTX/scripts/lifelong_slam_params.yaml use_sim_time:=False autostart:=true"
2026-09-08T15:09:50Z,159,"slam15m_noise_n000_lifelong",57356,"lifelong_slam_t",54.8,67000,52729,"/opt/ros/jazzy/lib/slam_toolbox/lifelong_slam_toolbox_node --ros-args -r __node:=slam_toolbox -r __ns:=/ --params-file /oomwoo/contributions/compute-benchmark/OsakaTX/scripts/lifelong_slam_params.yaml --params-file /tmp/launch_params_abv_ihd8"
2026-09-08T15:09:50Z,159,"slam15m_noise_n000_lifelong",57390,"bash",0.3,4436,1115,"bash /oomwoo/contributions/compute-benchmark/xbattlax/scripts/measure_ros_processes.sh --pattern python3|lifelong_slam_toolbox_node --duration 470 --interval 2 --label slam15m_noise_n000_lifelong --output /oomwoo/contributions/compute-benchmark/OsakaTX/scripts/../results/slam15m_noise_n000_lifelong_20260908T150401Z.csv"
2026-09-08T15:09:52Z,160,"slam15m_noise_n000_lifelong",191,"python3",0.1,69840,46605,"/usr/bin/python3 -c from ros2cli.daemon.daemonize import main; main() --name ros2-daemon --ros-domain-id 0 --rmw-implementation rmw_fastrtps_cpp"
2026-09-08T15:09:52Z,160,"slam15m_noise_n000_lifelong",57323,"python3",4.5,72596,49293,"python3 /oomwoo/contributions/compute-benchmark/OsakaTX/scripts/synthetic_scan_publisher.py --duration 505 --loop-s 40 --hz 5.0 --room-half 7.5 --noise 0.0"
2026-09-08T15:09:52Z,160,"slam15m_noise_n000_lifelong",57339,"ros2",0.5,74388,51403,"/usr/bin/python3 /opt/ros/jazzy/bin/ros2 launch /oomwoo/contributions/compute-benchmark/OsakaTX/scripts/lifelong_launch.py slam_params_file:=/oomwoo/contributions/compute-benchmark/OsakaTX/scripts/lifelong_slam_params.yaml use_sim_time:=False autostart:=true"
2026-09-08T15:09:52Z,160,"slam15m_noise_n000_lifelong",57356,"lifelong_slam_t",54.8,67000,52727,"/opt/ros/jazzy/lib/slam_toolbox/lifelong_slam_toolbox_node --ros-args -r __node:=slam_toolbox -r __ns:=/ --params-file /oomwoo/contributions/compute-benchmark/OsakaTX/scripts/lifelong_slam_params.yaml --params-file /tmp/launch_params_abv_ihd8"
2026-09-08T15:09:52Z,160,"slam15m_noise_n000_lifelong",57390,"bash",0.3,4436,1121,"bash /oomwoo/contributions/compute-benchmark/xbattlax/scripts/measure_ros_processes.sh --pattern python3|lifelong_slam_toolbox_node --duration 470 --interval 2 --label slam15m_noise_n000_lifelong --output /oomwoo/contributions/compute-benchmark/OsakaTX/scripts/../results/slam15m_noise_n000_lifelong_20260908T150401Z.csv"
2026-09-08T15:09:55Z,161,"slam15m_noise_n000_lifelong",191,"python3",0.1,69840,46606,"/usr/bin/python3 -c from ros2cli.daemon.daemonize import main; main() --name ros2-daemon --ros-domain-id 0 --rmw-implementation rmw_fastrtps_cpp"
2026-09-08T15:09:55Z,161,"slam15m_noise_n000_lifelong",57323,"python3",4.5,72596,49297,"python3 /oomwoo/contributions/compute-benchmark/OsakaTX/scripts/synthetic_scan_publisher.py --duration 505 --loop-s 40 --hz 5.0 --room-half 7.5 --noise 0.0"
2026-09-08T15:09:55Z,161,"slam15m_noise_n000_lifelong",57339,"ros2",0.5,74388,51403,"/usr/bin/python3 /opt/ros/jazzy/bin/ros2 launch /oomwoo/contributions/compute-benchmark/OsakaTX/scripts/lifelong_launch.py slam_params_file:=/oomwoo/contributions/compute-benchmark/OsakaTX/scripts/lifelong_slam_params.yaml use_sim_time:=False autostart:=true"
2026-09-08T15:09:55Z,161,"slam15m_noise_n000_lifelong",57356,"lifelong_slam_t",54.8,67000,52728,"/opt/ros/jazzy/lib/slam_toolbox/lifelong_slam_toolbox_node --ros-args -r __node:=slam_toolbox -r __ns:=/ --params-file /oomwoo/contributions/compute-benchmark/OsakaTX/scripts/lifelong_slam_params.yaml --params-file /tmp/launch_params_abv_ihd8"
2026-09-08T15:09:55Z,161,"slam15m_noise_n000_lifelong",57390,"bash",0.3,4436,1117,"bash /oomwoo/contributions/compute-benchmark/xbattlax/scripts/measure_ros_processes.sh --pattern python3|lifelong_slam_toolbox_node --duration 470 --interval 2 --label slam15m_noise_n000_lifelong --output /oomwoo/contributions/compute-benchmark/OsakaTX/scripts/../results/slam15m_noise_n000_lifelong_20260908T150401Z.csv"
2026-09-08T15:09:57Z,162,"slam15m_noise_n000_lifelong",191,"python3",0.1,69840,46606,"/usr/bin/python3 -c from ros2cli.daemon.daemonize import main; main() --name ros2-daemon --ros-domain-id 0 --rmw-implementation rmw_fastrtps_cpp"
2026-09-08T15:09:57Z,162,"slam15m_noise_n000_lifelong",57323,"python3",4.5,72596,49290,"python3 /oomwoo/contributions/compute-benchmark/OsakaTX/scripts/synthetic_scan_publisher.py --duration 505 --loop-s 40 --hz 5.0 --room-half 7.5 --noise 0.0"
2026-09-08T15:09:57Z,162,"slam15m_noise_n000_lifelong",57339,"ros2",0.5,74388,51401,"/usr/bin/python3 /opt/ros/jazzy/bin/ros2 launch /oomwoo/contributions/compute-benchmark/OsakaTX/scripts/lifelong_launch.py slam_params_file:=/oomwoo/contributions/compute-benchmark/OsakaTX/scripts/lifelong_slam_params.yaml use_sim_time:=False autostart:=true"
2026-09-08T15:09:57Z,162,"slam15m_noise_n000_lifelong",57356,"lifelong_slam_t",54.8,67000,52728,"/opt/ros/jazzy/lib/slam_toolbox/lifelong_slam_toolbox_node --ros-args -r __node:=slam_toolbox -r __ns:=/ --params-file /oomwoo/contributions/compute-benchmark/OsakaTX/scripts/lifelong_slam_params.yaml --params-file /tmp/launch_params_abv_ihd8"
2026-09-08T15:09:57Z,162,"slam15m_noise_n000_lifelong",57390,"bash",0.3,4436,1118,"bash /oomwoo/contributions/compute-benchmark/xbattlax/scripts/measure_ros_processes.sh --pattern python3|lifelong_slam_toolbox_node --duration 470 --interval 2 --label slam15m_noise_n000_lifelong --output /oomwoo/contributions/compute-benchmark/OsakaTX/scripts/../results/slam15m_noise_n000_lifelong_20260908T150401Z.csv"
2026-09-08T15:09:59Z,163,"slam15m_noise_n000_lifelong",191,"python3",0.1,69840,46605,"/usr/bin/python3 -c from ros2cli.daemon.daemonize import main; main() --name ros2-daemon --ros-domain-id 0 --rmw-implementation rmw_fastrtps_cpp"
2026-09-08T15:09:59Z,163,"slam15m_noise_n000_lifelong",57323,"python3",4.5,72596,49295,"python3 /oomwoo/contributions/compute-benchmark/OsakaTX/scripts/synthetic_scan_publisher.py --duration 505 --loop-s 40 --hz 5.0 --room-half 7.5 --noise 0.0"
2026-09-08T15:09:59Z,163,"slam15m_noise_n000_lifelong",57339,"ros2",0.5,74388,51403,"/usr/bin/python3 /opt/ros/jazzy/bin/ros2 launch /oomwoo/contributions/compute-benchmark/OsakaTX/scripts/lifelong_launch.py slam_params_file:=/oomwoo/contributions/compute-benchmark/OsakaTX/scripts/lifelong_slam_params.yaml use_sim_time:=False autostart:=true"
2026-09-08T15:09:59Z,163,"slam15m_noise_n000_lifelong",57356,"lifelong_slam_t",54.8,67000,52728,"/opt/ros/jazzy/lib/slam_toolbox/lifelong_slam_toolbox_node --ros-args -r __node:=slam_toolbox -r __ns:=/ --params-file /oomwoo/contributions/compute-benchmark/OsakaTX/scripts/lifelong_slam_params.yaml --params-file /tmp/launch_params_abv_ihd8"
2026-09-08T15:09:59Z,163,"slam15m_noise_n000_lifelong",57390,"bash",0.3,4436,1119,"bash /oomwoo/contributions/compute-benchmark/xbattlax/scripts/measure_ros_processes.sh --pattern python3|lifelong_slam_toolbox_node --duration 470 --interval 2 --label slam15m_noise_n000_lifelong --output /oomwoo/contributions/compute-benchmark/OsakaTX/scripts/../results/slam15m_noise_n000_lifelong_20260908T150401Z.csv"
2026-09-08T15:10:01Z,164,"slam15m_noise_n000_lifelong",191,"python3",0.1,69840,46605,"/usr/bin/python3 -c from ros2cli.daemon.daemonize import main; main() --name ros2-daemon --ros-domain-id 0 --rmw-implementation rmw_fastrtps_cpp"
2026-09-08T15:10:01Z,164,"slam15m_noise_n000_lifelong",57323,"python3",4.5,72596,49290,"python3 /oomwoo/contributions/compute-benchmark/OsakaTX/scripts/synthetic_scan_publisher.py --duration 505 --loop-s 40 --hz 5.0 --room-half 7.5 --noise 0.0"
2026-09-08T15:10:01Z,164,"slam15m_noise_n000_lifelong",57339,"ros2",0.5,74388,51403,"/usr/bin/python3 /opt/ros/jazzy/bin/ros2 launch /oomwoo/contributions/compute-benchmark/OsakaTX/scripts/lifelong_launch.py slam_params_file:=/oomwoo/contributions/compute-benchmark/OsakaTX/scripts/lifelong_slam_params.yaml use_sim_time:=False autostart:=true"
2026-09-08T15:10:01Z,164,"slam15m_noise_n000_lifelong",57356,"lifelong_slam_t",54.9,67000,52728,"/opt/ros/jazzy/lib/slam_toolbox/lifelong_slam_toolbox_node --ros-args -r __node:=slam_toolbox -r __ns:=/ --params-file /oomwoo/contributions/compute-benchmark/OsakaTX/scripts/lifelong_slam_params.yaml --params-file /tmp/launch_params_abv_ihd8"
2026-09-08T15:10:01Z,164,"slam15m_noise_n000_lifelong",57390,"bash",0.3,4436,1119,"bash /oomwoo/contributions/compute-benchmark/xbattlax/scripts/measure_ros_processes.sh --pattern python3|lifelong_slam_toolbox_node --duration 470 --interval 2 --label slam15m_noise_n000_lifelong --output /oomwoo/contributions/compute-benchmark/OsakaTX/scripts/../results/slam15m_noise_n000_lifelong_20260908T150401Z.csv"
2026-09-08T15:10:03Z,165,"slam15m_noise_n000_lifelong",191,"python3",0.1,69840,46606,"/usr/bin/python3 -c from ros2cli.daemon.daemonize import main; main() --name ros2-daemon --ros-domain-id 0 --rmw-implementation rmw_fastrtps_cpp"
2026-09-08T15:10:03Z,165,"slam15m_noise_n000_lifelong",57323,"python3",4.5,72596,49291,"python3 /oomwoo/contributions/compute-benchmark/OsakaTX/scripts/synthetic_scan_publisher.py --duration 505 --loop-s 40 --hz 5.0 --room-half 7.5 --noise 0.0"
2026-09-08T15:10:03Z,165,"slam15m_noise_n000_lifelong",57339,"ros2",0.5,74388,51403,"/usr/bin/python3 /opt/ros/jazzy/bin/ros2 launch /oomwoo/contributions/compute-benchmark/OsakaTX/scripts/lifelong_launch.py slam_params_file:=/oomwoo/contributions/compute-benchmark/OsakaTX/scripts/lifelong_slam_params.yaml use_sim_time:=False autostart:=true"
2026-09-08T15:10:03Z,165,"slam15m_noise_n000_lifelong",57356,"lifelong_slam_t",54.9,67080,52808,"/opt/ros/jazzy/lib/slam_toolbox/lifelong_slam_toolbox_node --ros-args -r __node:=slam_toolbox -r __ns:=/ --params-file /oomwoo/contributions/compute-benchmark/OsakaTX/scripts/lifelong_slam_params.yaml --params-file /tmp/launch_params_abv_ihd8"
2026-09-08T15:10:03Z,165,"slam15m_noise_n000_lifelong",57390,"bash",0.3,4436,1113,"bash /oomwoo/contributions/compute-benchmark/xbattlax/scripts/measure_ros_processes.sh --pattern python3|lifelong_slam_toolbox_node --duration 470 --interval 2 --label slam15m_noise_n000_lifelong --output /oomwoo/contributions/compute-benchmark/OsakaTX/scripts/../results/slam15m_noise_n000_lifelong_20260908T150401Z.csv"
2026-09-08T15:10:05Z,166,"slam15m_noise_n000_lifelong",191,"python3",0.1,69840,46606,"/usr/bin/python3 -c from ros2cli.daemon.daemonize import main; main() --name ros2-daemon --ros-domain-id 0 --rmw-implementation rmw_fastrtps_cpp"
2026-09-08T15:10:05Z,166,"slam15m_noise_n000_lifelong",57323,"python3",4.5,72596,49293,"python3 /oomwoo/contributions/compute-benchmark/OsakaTX/scripts/synthetic_scan_publisher.py --duration 505 --loop-s 40 --hz 5.0 --room-half 7.5 --noise 0.0"
2026-09-08T15:10:05Z,166,"slam15m_noise_n000_lifelong",57339,"ros2",0.5,74388,51403,"/usr/bin/python3 /opt/ros/jazzy/bin/ros2 launch /oomwoo/contributions/compute-benchmark/OsakaTX/scripts/lifelong_launch.py slam_params_file:=/oomwoo/contributions/compute-benchmark/OsakaTX/scripts/lifelong_slam_params.yaml use_sim_time:=False autostart:=true"
2026-09-08T15:10:05Z,166,"slam15m_noise_n000_lifelong",57356,"lifelong_slam_t",54.8,67080,52809,"/opt/ros/jazzy/lib/slam_toolbox/lifelong_slam_toolbox_node --ros-args -r __node:=slam_toolbox -r __ns:=/ --params-file /oomwoo/contributions/compute-benchmark/OsakaTX/scripts/lifelong_slam_params.yaml --params-file /tmp/launch_params_abv_ihd8"
2026-09-08T15:10:05Z,166,"slam15m_noise_n000_lifelong",57390,"bash",0.3,4436,1117,"bash /oomwoo/contributions/compute-benchmark/xbattlax/scripts/measure_ros_processes.sh --pattern python3|lifelong_slam_toolbox_node --duration 470 --interval 2 --label slam15m_noise_n000_lifelong --output /oomwoo/contributions/compute-benchmark/OsakaTX/scripts/../results/slam15m_noise_n000_lifelong_20260908T150401Z.csv"
2026-09-08T15:10:07Z,167,"slam15m_noise_n000_lifelong",191,"python3",0.1,69840,46606,"/usr/bin/python3 -c from ros2cli.daemon.daemonize import main; main() --name ros2-daemon --ros-domain-id 0 --rmw-implementation rmw_fastrtps_cpp"
2026-09-08T15:10:07Z,167,"slam15m_noise_n000_lifelong",57323,"python3",4.5,72596,49293,"python3 /oomwoo/contributions/compute-benchmark/OsakaTX/scripts/synthetic_scan_publisher.py --duration 505 --loop-s 40 --hz 5.0 --room-half 7.5 --noise 0.0"
2026-09-08T15:10:07Z,167,"slam15m_noise_n000_lifelong",57339,"ros2",0.5,74388,51403,"/usr/bin/python3 /opt/ros/jazzy/bin/ros2 launch /oomwoo/contributions/compute-benchmark/OsakaTX/scripts/lifelong_launch.py slam_params_file:=/oomwoo/contributions/compute-benchmark/OsakaTX/scripts/lifelong_slam_params.yaml use_sim_time:=False autostart:=true"
2026-09-08T15:10:07Z,167,"slam15m_noise_n000_lifelong",57356,"lifelong_slam_t",54.8,67228,52955,"/opt/ros/jazzy/lib/slam_toolbox/lifelong_slam_toolbox_node --ros-args -r __node:=slam_toolbox -r __ns:=/ --params-file /oomwoo/contributions/compute-benchmark/OsakaTX/scripts/lifelong_slam_params.yaml --params-file /tmp/launch_params_abv_ihd8"
2026-09-08T15:10:07Z,167,"slam15m_noise_n000_lifelong",57390,"bash",0.3,4436,1116,"bash /oomwoo/contributions/compute-benchmark/xbattlax/scripts/measure_ros_processes.sh --pattern python3|lifelong_slam_toolbox_node --duration 470 --interval 2 --label slam15m_noise_n000_lifelong --output /oomwoo/contributions/compute-benchmark/OsakaTX/scripts/../results/slam15m_noise_n000_lifelong_20260908T150401Z.csv"
2026-09-08T15:10:10Z,168,"slam15m_noise_n000_lifelong",191,"python3",0.1,69840,46605,"/usr/bin/python3 -c from ros2cli.daemon.daemonize import main; main() --name ros2-daemon --ros-domain-id 0 --rmw-implementation rmw_fastrtps_cpp"
2026-09-08T15:10:10Z,168,"slam15m_noise_n000_lifelong",57323,"python3",4.5,72596,49290,"python3 /oomwoo/contributions/compute-benchmark/OsakaTX/scripts/synthetic_scan_publisher.py --duration 505 --loop-s 40 --hz 5.0 --room-half 7.5 --noise 0.0"
2026-09-08T15:10:10Z,168,"slam15m_noise_n000_lifelong",57339,"ros2",0.5,74388,51401,"/usr/bin/python3 /opt/ros/jazzy/bin/ros2 launch /oomwoo/contributions/compute-benchmark/OsakaTX/scripts/lifelong_launch.py slam_params_file:=/oomwoo/contributions/compute-benchmark/OsakaTX/scripts/lifelong_slam_params.yaml use_sim_time:=False autostart:=true"
2026-09-08T15:10:10Z,168,"slam15m_noise_n000_lifelong",57356,"lifelong_slam_t",54.9,67260,52988,"/opt/ros/jazzy/lib/slam_toolbox/lifelong_slam_toolbox_node --ros-args -r __node:=slam_toolbox -r __ns:=/ --params-file /oomwoo/contributions/compute-benchmark/OsakaTX/scripts/lifelong_slam_params.yaml --params-file /tmp/launch_params_abv_ihd8"
2026-09-08T15:10:10Z,168,"slam15m_noise_n000_lifelong",57390,"bash",0.3,4436,1119,"bash /oomwoo/contributions/compute-benchmark/xbattlax/scripts/measure_ros_processes.sh --pattern python3|lifelong_slam_toolbox_node --duration 470 --interval 2 --label slam15m_noise_n000_lifelong --output /oomwoo/contributions/compute-benchmark/OsakaTX/scripts/../results/slam15m_noise_n000_lifelong_20260908T150401Z.csv"
2026-09-08T15:10:12Z,169,"slam15m_noise_n000_lifelong",191,"python3",0.1,69840,46606,"/usr/bin/python3 -c from ros2cli.daemon.daemonize import main; main() --name ros2-daemon --ros-domain-id 0 --rmw-implementation rmw_fastrtps_cpp"
2026-09-08T15:10:12Z,169,"slam15m_noise_n000_lifelong",57323,"python3",4.5,72596,49293,"python3 /oomwoo/contributions/compute-benchmark/OsakaTX/scripts/synthetic_scan_publisher.py --duration 505 --loop-s 40 --hz 5.0 --room-half 7.5 --noise 0.0"
2026-09-08T15:10:12Z,169,"slam15m_noise_n000_lifelong",57339,"ros2",0.5,74388,51403,"/usr/bin/python3 /opt/ros/jazzy/bin/ros2 launch /oomwoo/contributions/compute-benchmark/OsakaTX/scripts/lifelong_launch.py slam_params_file:=/oomwoo/contributions/compute-benchmark/OsakaTX/scripts/lifelong_slam_params.yaml use_sim_time:=False autostart:=true"
2026-09-08T15:10:12Z,169,"slam15m_noise_n000_lifelong",57356,"lifelong_slam_t",54.9,67260,52991,"/opt/ros/jazzy/lib/slam_toolbox/lifelong_slam_toolbox_node --ros-args -r __node:=slam_toolbox -r __ns:=/ --params-file /oomwoo/contributions/compute-benchmark/OsakaTX/scripts/lifelong_slam_params.yaml --params-file /tmp/launch_params_abv_ihd8"
2026-09-08T15:10:12Z,169,"slam15m_noise_n000_lifelong",57390,"bash",0.3,4436,1119,"bash /oomwoo/contributions/compute-benchmark/xbattlax/scripts/measure_ros_processes.sh --pattern python3|lifelong_slam_toolbox_node --duration 470 --interval 2 --label slam15m_noise_n000_lifelong --output /oomwoo/contributions/compute-benchmark/OsakaTX/scripts/../results/slam15m_noise_n000_lifelong_20260908T150401Z.csv"
2026-09-08T15:10:14Z,170,"slam15m_noise_n000_lifelong",191,"python3",0.1,69840,46607,"/usr/bin/python3 -c from ros2cli.daemon.daemonize import main; main() --name ros2-daemon --ros-domain-id 0 --rmw-implementation rmw_fastrtps_cpp"
2026-09-08T15:10:14Z,170,"slam15m_noise_n000_lifelong",57323,"python3",4.5,72596,49290,"python3 /oomwoo/contributions/compute-benchmark/OsakaTX/scripts/synthetic_scan_publisher.py --duration 505 --loop-s 40 --hz 5.0 --room-half 7.5 --noise 0.0"
2026-09-08T15:10:14Z,170,"slam15m_noise_n000_lifelong",57339,"ros2",0.5,74388,51403,"/usr/bin/python3 /opt/ros/jazzy/bin/ros2 launch /oomwoo/contributions/compute-benchmark/OsakaTX/scripts/lifelong_launch.py slam_params_file:=/oomwoo/contributions/compute-benchmark/OsakaTX/scripts/lifelong_slam_params.yaml use_sim_time:=False autostart:=true"
2026-09-08T15:10:14Z,170,"slam15m_noise_n000_lifelong",57356,"lifelong_slam_t",54.9,67304,53032,"/opt/ros/jazzy/lib/slam_toolbox/lifelong_slam_toolbox_node --ros-args -r __node:=slam_toolbox -r __ns:=/ --params-file /oomwoo/contributions/compute-benchmark/OsakaTX/scripts/lifelong_slam_params.yaml --params-file /tmp/launch_params_abv_ihd8"
2026-09-08T15:10:14Z,170,"slam15m_noise_n000_lifelong",57390,"bash",0.3,4436,1123,"bash /oomwoo/contributions/compute-benchmark/xbattlax/scripts/measure_ros_processes.sh --pattern python3|lifelong_slam_toolbox_node --duration 470 --interval 2 --label slam15m_noise_n000_lifelong --output /oomwoo/contributions/compute-benchmark/OsakaTX/scripts/../results/slam15m_noise_n000_lifelong_20260908T150401Z.csv"
2026-09-08T15:10:16Z,171,"slam15m_noise_n000_lifelong",191,"python3",0.1,69840,46604,"/usr/bin/python3 -c from ros2cli.daemon.daemonize import main; main() --name ros2-daemon --ros-domain-id 0 --rmw-implementation rmw_fastrtps_cpp"
2026-09-08T15:10:16Z,171,"slam15m_noise_n000_lifelong",57323,"python3",4.5,72596,49290,"python3 /oomwoo/contributions/compute-benchmark/OsakaTX/scripts/synthetic_scan_publisher.py --duration 505 --loop-s 40 --hz 5.0 --room-half 7.5 --noise 0.0"
2026-09-08T15:10:16Z,171,"slam15m_noise_n000_lifelong",57339,"ros2",0.5,74388,51402,"/usr/bin/python3 /opt/ros/jazzy/bin/ros2 launch /oomwoo/contributions/compute-benchmark/OsakaTX/scripts/lifelong_launch.py slam_params_file:=/oomwoo/contributions/compute-benchmark/OsakaTX/scripts/lifelong_slam_params.yaml use_sim_time:=False autostart:=true"
2026-09-08T15:10:16Z,171,"slam15m_noise_n000_lifelong",57356,"lifelong_slam_t",54.9,67304,53032,"/opt/ros/jazzy/lib/slam_toolbox/lifelong_slam_toolbox_node --ros-args -r __node:=slam_toolbox -r __ns:=/ --params-file /oomwoo/contributions/compute-benchmark/OsakaTX/scripts/lifelong_slam_params.yaml --params-file /tmp/launch_params_abv_ihd8"
2026-09-08T15:10:16Z,171,"slam15m_noise_n000_lifelong",57390,"bash",0.3,4436,1115,"bash /oomwoo/contributions/compute-benchmark/xbattlax/scripts/measure_ros_processes.sh --pattern python3|lifelong_slam_toolbox_node --duration 470 --interval 2 --label slam15m_noise_n000_lifelong --output /oomwoo/contributions/compute-benchmark/OsakaTX/scripts/../results/slam15m_noise_n000_lifelong_20260908T150401Z.csv"
2026-09-08T15:10:18Z,172,"slam15m_noise_n000_lifelong",191,"python3",0.1,69840,46605,"/usr/bin/python3 -c from ros2cli.daemon.daemonize import main; main() --name ros2-daemon --ros-domain-id 0 --rmw-implementation rmw_fastrtps_cpp"
2026-09-08T15:10:18Z,172,"slam15m_noise_n000_lifelong",57323,"python3",4.5,72596,49293,"python3 /oomwoo/contributions/compute-benchmark/OsakaTX/scripts/synthetic_scan_publisher.py --duration 505 --loop-s 40 --hz 5.0 --room-half 7.5 --noise 0.0"
2026-09-08T15:10:18Z,172,"slam15m_noise_n000_lifelong",57339,"ros2",0.5,74388,51403,"/usr/bin/python3 /opt/ros/jazzy/bin/ros2 launch /oomwoo/contributions/compute-benchmark/OsakaTX/scripts/lifelong_launch.py slam_params_file:=/oomwoo/contributions/compute-benchmark/OsakaTX/scripts/lifelong_slam_params.yaml use_sim_time:=False autostart:=true"
2026-09-08T15:10:18Z,172,"slam15m_noise_n000_lifelong",57356,"lifelong_slam_t",54.9,67416,53144,"/opt/ros/jazzy/lib/slam_toolbox/lifelong_slam_toolbox_node --ros-args -r __node:=slam_toolbox -r __ns:=/ --params-file /oomwoo/contributions/compute-benchmark/OsakaTX/scripts/lifelong_slam_params.yaml --params-file /tmp/launch_params_abv_ihd8"
2026-09-08T15:10:18Z,172,"slam15m_noise_n000_lifelong",57390,"bash",0.3,4436,1119,"bash /oomwoo/contributions/compute-benchmark/xbattlax/scripts/measure_ros_processes.sh --pattern python3|lifelong_slam_toolbox_node --duration 470 --interval 2 --label slam15m_noise_n000_lifelong --output /oomwoo/contributions/compute-benchmark/OsakaTX/scripts/../results/slam15m_noise_n000_lifelong_20260908T150401Z.csv"
2026-09-08T15:10:20Z,173,"slam15m_noise_n000_lifelong",191,"python3",0.1,69840,46607,"/usr/bin/python3 -c from ros2cli.daemon.daemonize import main; main() --name ros2-daemon --ros-domain-id 0 --rmw-implementation rmw_fastrtps_cpp"
2026-09-08T15:10:20Z,173,"slam15m_noise_n000_lifelong",57323,"python3",4.5,72596,49291,"python3 /oomwoo/contributions/compute-benchmark/OsakaTX/scripts/synthetic_scan_publisher.py --duration 505 --loop-s 40 --hz 5.0 --room-half 7.5 --noise 0.0"
2026-09-08T15:10:20Z,173,"slam15m_noise_n000_lifelong",57339,"ros2",0.5,74388,51403,"/usr/bin/python3 /opt/ros/jazzy/bin/ros2 launch /oomwoo/contributions/compute-benchmark/OsakaTX/scripts/lifelong_launch.py slam_params_file:=/oomwoo/contributions/compute-benchmark/OsakaTX/scripts/lifelong_slam_params.yaml use_sim_time:=False autostart:=true"
2026-09-08T15:10:20Z,173,"slam15m_noise_n000_lifelong",57356,"lifelong_slam_t",55.1,67416,53145,"/opt/ros/jazzy/lib/slam_toolbox/lifelong_slam_toolbox_node --ros-args -r __node:=slam_toolbox -r __ns:=/ --params-file /oomwoo/contributions/compute-benchmark/OsakaTX/scripts/lifelong_slam_params.yaml --params-file /tmp/launch_params_abv_ihd8"
2026-09-08T15:10:20Z,173,"slam15m_noise_n000_lifelong",57390,"bash",0.3,4436,1115,"bash /oomwoo/contributions/compute-benchmark/xbattlax/scripts/measure_ros_processes.sh --pattern python3|lifelong_slam_toolbox_node --duration 470 --interval 2 --label slam15m_noise_n000_lifelong --output /oomwoo/contributions/compute-benchmark/OsakaTX/scripts/../results/slam15m_noise_n000_lifelong_20260908T150401Z.csv"
2026-09-08T15:10:22Z,174,"slam15m_noise_n000_lifelong",191,"python3",0.1,69840,46605,"/usr/bin/python3 -c from ros2cli.daemon.daemonize import main; main() --name ros2-daemon --ros-domain-id 0 --rmw-implementation rmw_fastrtps_cpp"
2026-09-08T15:10:22Z,174,"slam15m_noise_n000_lifelong",57323,"python3",4.5,72596,49290,"python3 /oomwoo/contributions/compute-benchmark/OsakaTX/scripts/synthetic_scan_publisher.py --duration 505 --loop-s 40 --hz 5.0 --room-half 7.5 --noise 0.0"
2026-09-08T15:10:22Z,174,"slam15m_noise_n000_lifelong",57339,"ros2",0.5,74396,51411,"/usr/bin/python3 /opt/ros/jazzy/bin/ros2 launch /oomwoo/contributions/compute-benchmark/OsakaTX/scripts/lifelong_launch.py slam_params_file:=/oomwoo/contributions/compute-benchmark/OsakaTX/scripts/lifelong_slam_params.yaml use_sim_time:=False autostart:=true"
2026-09-08T15:10:22Z,174,"slam15m_noise_n000_lifelong",57356,"lifelong_slam_t",55.1,67476,53207,"/opt/ros/jazzy/lib/slam_toolbox/lifelong_slam_toolbox_node --ros-args -r __node:=slam_toolbox -r __ns:=/ --params-file /oomwoo/contributions/compute-benchmark/OsakaTX/scripts/lifelong_slam_params.yaml --params-file /tmp/launch_params_abv_ihd8"
2026-09-08T15:10:22Z,174,"slam15m_noise_n000_lifelong",57390,"bash",0.3,4436,1119,"bash /oomwoo/contributions/compute-benchmark/xbattlax/scripts/measure_ros_processes.sh --pattern python3|lifelong_slam_toolbox_node --duration 470 --interval 2 --label slam15m_noise_n000_lifelong --output /oomwoo/contributions/compute-benchmark/OsakaTX/scripts/../results/slam15m_noise_n000_lifelong_20260908T150401Z.csv"
2026-09-08T15:10:25Z,175,"slam15m_noise_n000_lifelong",191,"python3",0.1,69840,46606,"/usr/bin/python3 -c from ros2cli.daemon.daemonize import main; main() --name ros2-daemon --ros-domain-id 0 --rmw-implementation rmw_fastrtps_cpp"
2026-09-08T15:10:25Z,175,"slam15m_noise_n000_lifelong",57323,"python3",4.5,72596,49290,"python3 /oomwoo/contributions/compute-benchmark/OsakaTX/scripts/synthetic_scan_publisher.py --duration 505 --loop-s 40 --hz 5.0 --room-half 7.5 --noise 0.0"
2026-09-08T15:10:25Z,175,"slam15m_noise_n000_lifelong",57339,"ros2",0.5,74396,51411,"/usr/bin/python3 /opt/ros/jazzy/bin/ros2 launch /oomwoo/contributions/compute-benchmark/OsakaTX/scripts/lifelong_launch.py slam_params_file:=/oomwoo/contributions/compute-benchmark/OsakaTX/scripts/lifelong_slam_params.yaml use_sim_time:=False autostart:=true"
2026-09-08T15:10:25Z,175,"slam15m_noise_n000_lifelong",57356,"lifelong_slam_t",55.1,67476,53203,"/opt/ros/jazzy/lib/slam_toolbox/lifelong_slam_toolbox_node --ros-args -r __node:=slam_toolbox -r __ns:=/ --params-file /oomwoo/contributions/compute-benchmark/OsakaTX/scripts/lifelong_slam_params.yaml --params-file /tmp/launch_params_abv_ihd8"
2026-09-08T15:10:25Z,175,"slam15m_noise_n000_lifelong",57390,"bash",0.3,4436,1117,"bash /oomwoo/contributions/compute-benchmark/xbattlax/scripts/measure_ros_processes.sh --pattern python3|lifelong_slam_toolbox_node --duration 470 --interval 2 --label slam15m_noise_n000_lifelong --output /oomwoo/contributions/compute-benchmark/OsakaTX/scripts/../results/slam15m_noise_n000_lifelong_20260908T150401Z.csv"
2026-09-08T15:10:27Z,176,"slam15m_noise_n000_lifelong",191,"python3",0.1,69840,46605,"/usr/bin/python3 -c from ros2cli.daemon.daemonize import main; main() --name ros2-daemon --ros-domain-id 0 --rmw-implementation rmw_fastrtps_cpp"
2026-09-08T15:10:27Z,176,"slam15m_noise_n000_lifelong",57323,"python3",4.5,72596,49290,"python3 /oomwoo/contributions/compute-benchmark/OsakaTX/scripts/synthetic_scan_publisher.py --duration 505 --loop-s 40 --hz 5.0 --room-half 7.5 --noise 0.0"
2026-09-08T15:10:27Z,176,"slam15m_noise_n000_lifelong",57339,"ros2",0.5,74400,51415,"/usr/bin/python3 /opt/ros/jazzy/bin/ros2 launch /oomwoo/contributions/compute-benchmark/OsakaTX/scripts/lifelong_launch.py slam_params_file:=/oomwoo/contributions/compute-benchmark/OsakaTX/scripts/lifelong_slam_params.yaml use_sim_time:=False autostart:=true"
2026-09-08T15:10:27Z,176,"slam15m_noise_n000_lifelong",57356,"lifelong_slam_t",55.2,67752,53481,"/opt/ros/jazzy/lib/slam_toolbox/lifelong_slam_toolbox_node --ros-args -r __node:=slam_toolbox -r __ns:=/ --params-file /oomwoo/contributions/compute-benchmark/OsakaTX/scripts/lifelong_slam_params.yaml --params-file /tmp/launch_params_abv_ihd8"
2026-09-08T15:10:27Z,176,"slam15m_noise_n000_lifelong",57390,"bash",0.3,4436,1122,"bash /oomwoo/contributions/compute-benchmark/xbattlax/scripts/measure_ros_processes.sh --pattern python3|lifelong_slam_toolbox_node --duration 470 --interval 2 --label slam15m_noise_n000_lifelong --output /oomwoo/contributions/compute-benchmark/OsakaTX/scripts/../results/slam15m_noise_n000_lifelong_20260908T150401Z.csv"
2026-09-08T15:10:29Z,177,"slam15m_noise_n000_lifelong",191,"python3",0.1,69840,46607,"/usr/bin/python3 -c from ros2cli.daemon.daemonize import main; main() --name ros2-daemon --ros-domain-id 0 --rmw-implementation rmw_fastrtps_cpp"
2026-09-08T15:10:29Z,177,"slam15m_noise_n000_lifelong",57323,"python3",4.5,72596,49300,"python3 /oomwoo/contributions/compute-benchmark/OsakaTX/scripts/synthetic_scan_publisher.py --duration 505 --loop-s 40 --hz 5.0 --room-half 7.5 --noise 0.0"
2026-09-08T15:10:29Z,177,"slam15m_noise_n000_lifelong",57339,"ros2",0.5,74404,51419,"/usr/bin/python3 /opt/ros/jazzy/bin/ros2 launch /oomwoo/contributions/compute-benchmark/OsakaTX/scripts/lifelong_launch.py slam_params_file:=/oomwoo/contributions/compute-benchmark/OsakaTX/scripts/lifelong_slam_params.yaml use_sim_time:=False autostart:=true"
2026-09-08T15:10:29Z,177,"slam15m_noise_n000_lifelong",57356,"lifelong_slam_t",55.2,67752,53479,"/opt/ros/jazzy/lib/slam_toolbox/lifelong_slam_toolbox_node --ros-args -r __node:=slam_toolbox -r __ns:=/ --params-file /oomwoo/contributions/compute-benchmark/OsakaTX/scripts/lifelong_slam_params.yaml --params-file /tmp/launch_params_abv_ihd8"
2026-09-08T15:10:29Z,177,"slam15m_noise_n000_lifelong",57390,"bash",0.3,4436,1115,"bash /oomwoo/contributions/compute-benchmark/xbattlax/scripts/measure_ros_processes.sh --pattern python3|lifelong_slam_toolbox_node --duration 470 --interval 2 --label slam15m_noise_n000_lifelong --output /oomwoo/contributions/compute-benchmark/OsakaTX/scripts/../results/slam15m_noise_n000_lifelong_20260908T150401Z.csv"
2026-09-08T15:10:31Z,178,"slam15m_noise_n000_lifelong",191,"python3",0.1,69840,46605,"/usr/bin/python3 -c from ros2cli.daemon.daemonize import main; main() --name ros2-daemon --ros-domain-id 0 --rmw-implementation rmw_fastrtps_cpp"
2026-09-08T15:10:31Z,178,"slam15m_noise_n000_lifelong",57323,"python3",4.5,72596,49293,"python3 /oomwoo/contributions/compute-benchmark/OsakaTX/scripts/synthetic_scan_publisher.py --duration 505 --loop-s 40 --hz 5.0 --room-half 7.5 --noise 0.0"
2026-09-08T15:10:31Z,178,"slam15m_noise_n000_lifelong",57339,"ros2",0.5,74404,51419,"/usr/bin/python3 /opt/ros/jazzy/bin/ros2 launch /oomwoo/contributions/compute-benchmark/OsakaTX/scripts/lifelong_launch.py slam_params_file:=/oomwoo/contributions/compute-benchmark/OsakaTX/scripts/lifelong_slam_params.yaml use_sim_time:=False autostart:=true"
2026-09-08T15:10:31Z,178,"slam15m_noise_n000_lifelong",57356,"lifelong_slam_t",55.3,67752,53481,"/opt/ros/jazzy/lib/slam_toolbox/lifelong_slam_toolbox_node --ros-args -r __node:=slam_toolbox -r __ns:=/ --params-file /oomwoo/contributions/compute-benchmark/OsakaTX/scripts/lifelong_slam_params.yaml --params-file /tmp/launch_params_abv_ihd8"
2026-09-08T15:10:31Z,178,"slam15m_noise_n000_lifelong",57390,"bash",0.3,4436,1121,"bash /oomwoo/contributions/compute-benchmark/xbattlax/scripts/measure_ros_processes.sh --pattern python3|lifelong_slam_toolbox_node --duration 470 --interval 2 --label slam15m_noise_n000_lifelong --output /oomwoo/contributions/compute-benchmark/OsakaTX/scripts/../results/slam15m_noise_n000_lifelong_20260908T150401Z.csv"
2026-09-08T15:10:33Z,179,"slam15m_noise_n000_lifelong",191,"python3",0.1,69840,46607,"/usr/bin/python3 -c from ros2cli.daemon.daemonize import main; main() --name ros2-daemon --ros-domain-id 0 --rmw-implementation rmw_fastrtps_cpp"
2026-09-08T15:10:33Z,179,"slam15m_noise_n000_lifelong",57323,"python3",4.5,72596,49295,"python3 /oomwoo/contributions/compute-benchmark/OsakaTX/scripts/synthetic_scan_publisher.py --duration 505 --loop-s 40 --hz 5.0 --room-half 7.5 --noise 0.0"
2026-09-08T15:10:33Z,179,"slam15m_noise_n000_lifelong",57339,"ros2",0.5,74408,51423,"/usr/bin/python3 /opt/ros/jazzy/bin/ros2 launch /oomwoo/contributions/compute-benchmark/OsakaTX/scripts/lifelong_launch.py slam_params_file:=/oomwoo/contributions/compute-benchmark/OsakaTX/scripts/lifelong_slam_params.yaml use_sim_time:=False autostart:=true"
2026-09-08T15:10:33Z,179,"slam15m_noise_n000_lifelong",57356,"lifelong_slam_t",55.3,67756,53483,"/opt/ros/jazzy/lib/slam_toolbox/lifelong_slam_toolbox_node --ros-args -r __node:=slam_toolbox -r __ns:=/ --params-file /oomwoo/contributions/compute-benchmark/OsakaTX/scripts/lifelong_slam_params.yaml --params-file /tmp/launch_params_abv_ihd8"
2026-09-08T15:10:33Z,179,"slam15m_noise_n000_lifelong",57390,"bash",0.3,4436,1112,"bash /oomwoo/contributions/compute-benchmark/xbattlax/scripts/measure_ros_processes.sh --pattern python3|lifelong_slam_toolbox_node --duration 470 --interval 2 --label slam15m_noise_n000_lifelong --output /oomwoo/contributions/compute-benchmark/OsakaTX/scripts/../results/slam15m_noise_n000_lifelong_20260908T150401Z.csv"
2026-09-08T15:10:35Z,180,"slam15m_noise_n000_lifelong",191,"python3",0.1,69840,46605,"/usr/bin/python3 -c from ros2cli.daemon.daemonize import main; main() --name ros2-daemon --ros-domain-id 0 --rmw-implementation rmw_fastrtps_cpp"
2026-09-08T15:10:35Z,180,"slam15m_noise_n000_lifelong",57323,"python3",4.5,72596,49288,"python3 /oomwoo/contributions/compute-benchmark/OsakaTX/scripts/synthetic_scan_publisher.py --duration 505 --loop-s 40 --hz 5.0 --room-half 7.5 --noise 0.0"
2026-09-08T15:10:35Z,180,"slam15m_noise_n000_lifelong",57339,"ros2",0.5,74408,51423,"/usr/bin/python3 /opt/ros/jazzy/bin/ros2 launch /oomwoo/contributions/compute-benchmark/OsakaTX/scripts/lifelong_launch.py slam_params_file:=/oomwoo/contributions/compute-benchmark/OsakaTX/scripts/lifelong_slam_params.yaml use_sim_time:=False autostart:=true"
2026-09-08T15:10:35Z,180,"slam15m_noise_n000_lifelong",57356,"lifelong_slam_t",55.3,67756,53484,"/opt/ros/jazzy/lib/slam_toolbox/lifelong_slam_toolbox_node --ros-args -r __node:=slam_toolbox -r __ns:=/ --params-file /oomwoo/contributions/compute-benchmark/OsakaTX/scripts/lifelong_slam_params.yaml --params-file /tmp/launch_params_abv_ihd8"
2026-09-08T15:10:35Z,180,"slam15m_noise_n000_lifelong",57390,"bash",0.3,4436,1116,"bash /oomwoo/contributions/compute-benchmark/xbattlax/scripts/measure_ros_processes.sh --pattern python3|lifelong_slam_toolbox_node --duration 470 --interval 2 --label slam15m_noise_n000_lifelong --output /oomwoo/contributions/compute-benchmark/OsakaTX/scripts/../results/slam15m_noise_n000_lifelong_20260908T150401Z.csv"
2026-09-08T15:10:37Z,181,"slam15m_noise_n000_lifelong",191,"python3",0.1,69840,46607,"/usr/bin/python3 -c from ros2cli.daemon.daemonize import main; main() --name ros2-daemon --ros-domain-id 0 --rmw-implementation rmw_fastrtps_cpp"
2026-09-08T15:10:37Z,181,"slam15m_noise_n000_lifelong",57323,"python3",4.5,72596,49301,"python3 /oomwoo/contributions/compute-benchmark/OsakaTX/scripts/synthetic_scan_publisher.py --duration 505 --loop-s 40 --hz 5.0 --room-half 7.5 --noise 0.0"
2026-09-08T15:10:37Z,181,"slam15m_noise_n000_lifelong",57339,"ros2",0.5,74408,51423,"/usr/bin/python3 /opt/ros/jazzy/bin/ros2 launch /oomwoo/contributions/compute-benchmark/OsakaTX/scripts/lifelong_launch.py slam_params_file:=/oomwoo/contributions/compute-benchmark/OsakaTX/scripts/lifelong_slam_params.yaml use_sim_time:=False autostart:=true"
2026-09-08T15:10:37Z,181,"slam15m_noise_n000_lifelong",57356,"lifelong_slam_t",55.3,67756,53487,"/opt/ros/jazzy/lib/slam_toolbox/lifelong_slam_toolbox_node --ros-args -r __node:=slam_toolbox -r __ns:=/ --params-file /oomwoo/contributions/compute-benchmark/OsakaTX/scripts/lifelong_slam_params.yaml --params-file /tmp/launch_params_abv_ihd8"
2026-09-08T15:10:37Z,181,"slam15m_noise_n000_lifelong",57390,"bash",0.3,4436,1111,"bash /oomwoo/contributions/compute-benchmark/xbattlax/scripts/measure_ros_processes.sh --pattern python3|lifelong_slam_toolbox_node --duration 470 --interval 2 --label slam15m_noise_n000_lifelong --output /oomwoo/contributions/compute-benchmark/OsakaTX/scripts/../results/slam15m_noise_n000_lifelong_20260908T150401Z.csv"
2026-09-08T15:10:39Z,182,"slam15m_noise_n000_lifelong",191,"python3",0.1,69840,46605,"/usr/bin/python3 -c from ros2cli.daemon.daemonize import main; main() --name ros2-daemon --ros-domain-id 0 --rmw-implementation rmw_fastrtps_cpp"
2026-09-08T15:10:39Z,182,"slam15m_noise_n000_lifelong",57323,"python3",4.5,72596,49291,"python3 /oomwoo/contributions/compute-benchmark/OsakaTX/scripts/synthetic_scan_publisher.py --duration 505 --loop-s 40 --hz 5.0 --room-half 7.5 --noise 0.0"
2026-09-08T15:10:39Z,182,"slam15m_noise_n000_lifelong",57339,"ros2",0.5,74408,51423,"/usr/bin/python3 /opt/ros/jazzy/bin/ros2 launch /oomwoo/contributions/compute-benchmark/OsakaTX/scripts/lifelong_launch.py slam_params_file:=/oomwoo/contributions/compute-benchmark/OsakaTX/scripts/lifelong_slam_params.yaml use_sim_time:=False autostart:=true"
2026-09-08T15:10:39Z,182,"slam15m_noise_n000_lifelong",57356,"lifelong_slam_t",55.3,67756,53483,"/opt/ros/jazzy/lib/slam_toolbox/lifelong_slam_toolbox_node --ros-args -r __node:=slam_toolbox -r __ns:=/ --params-file /oomwoo/contributions/compute-benchmark/OsakaTX/scripts/lifelong_slam_params.yaml --params-file /tmp/launch_params_abv_ihd8"
2026-09-08T15:10:39Z,182,"slam15m_noise_n000_lifelong",57390,"bash",0.3,4436,1120,"bash /oomwoo/contributions/compute-benchmark/xbattlax/scripts/measure_ros_processes.sh --pattern python3|lifelong_slam_toolbox_node --duration 470 --interval 2 --label slam15m_noise_n000_lifelong --output /oomwoo/contributions/compute-benchmark/OsakaTX/scripts/../results/slam15m_noise_n000_lifelong_20260908T150401Z.csv"
2026-09-08T15:10:42Z,183,"slam15m_noise_n000_lifelong",191,"python3",0.1,69840,46606,"/usr/bin/python3 -c from ros2cli.daemon.daemonize import main; main() --name ros2-daemon --ros-domain-id 0 --rmw-implementation rmw_fastrtps_cpp"
2026-09-08T15:10:42Z,183,"slam15m_noise_n000_lifelong",57323,"python3",4.5,72596,49290,"python3 /oomwoo/contributions/compute-benchmark/OsakaTX/scripts/synthetic_scan_publisher.py --duration 505 --loop-s 40 --hz 5.0 --room-half 7.5 --noise 0.0"
2026-09-08T15:10:42Z,183,"slam15m_noise_n000_lifelong",57339,"ros2",0.5,74408,51421,"/usr/bin/python3 /opt/ros/jazzy/bin/ros2 launch /oomwoo/contributions/compute-benchmark/OsakaTX/scripts/lifelong_launch.py slam_params_file:=/oomwoo/contributions/compute-benchmark/OsakaTX/scripts/lifelong_slam_params.yaml use_sim_time:=False autostart:=true"
2026-09-08T15:10:42Z,183,"slam15m_noise_n000_lifelong",57356,"lifelong_slam_t",55.3,67756,53483,"/opt/ros/jazzy/lib/slam_toolbox/lifelong_slam_toolbox_node --ros-args -r __node:=slam_toolbox -r __ns:=/ --params-file /oomwoo/contributions/compute-benchmark/OsakaTX/scripts/lifelong_slam_params.yaml --params-file /tmp/launch_params_abv_ihd8"
2026-09-08T15:10:42Z,183,"slam15m_noise_n000_lifelong",57390,"bash",0.3,4436,1117,"bash /oomwoo/contributions/compute-benchmark/xbattlax/scripts/measure_ros_processes.sh --pattern python3|lifelong_slam_toolbox_node --duration 470 --interval 2 --label slam15m_noise_n000_lifelong --output /oomwoo/contributions/compute-benchmark/OsakaTX/scripts/../results/slam15m_noise_n000_lifelong_20260908T150401Z.csv"
2026-09-08T15:10:44Z,184,"slam15m_noise_n000_lifelong",191,"python3",0.1,69840,46605,"/usr/bin/python3 -c from ros2cli.daemon.daemonize import main; main() --name ros2-daemon --ros-domain-id 0 --rmw-implementation rmw_fastrtps_cpp"
2026-09-08T15:10:44Z,184,"slam15m_noise_n000_lifelong",57323,"python3",4.5,72596,49293,"python3 /oomwoo/contributions/compute-benchmark/OsakaTX/scripts/synthetic_scan_publisher.py --duration 505 --loop-s 40 --hz 5.0 --room-half 7.5 --noise 0.0"
2026-09-08T15:10:44Z,184,"slam15m_noise_n000_lifelong",57339,"ros2",0.5,74408,51422,"/usr/bin/python3 /opt/ros/jazzy/bin/ros2 launch /oomwoo/contributions/compute-benchmark/OsakaTX/scripts/lifelong_launch.py slam_params_file:=/oomwoo/contributions/compute-benchmark/OsakaTX/scripts/lifelong_slam_params.yaml use_sim_time:=False autostart:=true"
2026-09-08T15:10:44Z,184,"slam15m_noise_n000_lifelong",57356,"lifelong_slam_t",55.3,67756,53484,"/opt/ros/jazzy/lib/slam_toolbox/lifelong_slam_toolbox_node --ros-args -r __node:=slam_toolbox -r __ns:=/ --params-file /oomwoo/contributions/compute-benchmark/OsakaTX/scripts/lifelong_slam_params.yaml --params-file /tmp/launch_params_abv_ihd8"
2026-09-08T15:10:44Z,184,"slam15m_noise_n000_lifelong",57390,"bash",0.3,4436,1115,"bash /oomwoo/contributions/compute-benchmark/xbattlax/scripts/measure_ros_processes.sh --pattern python3|lifelong_slam_toolbox_node --duration 470 --interval 2 --label slam15m_noise_n000_lifelong --output /oomwoo/contributions/compute-benchmark/OsakaTX/scripts/../results/slam15m_noise_n000_lifelong_20260908T150401Z.csv"
2026-09-08T15:10:46Z,185,"slam15m_noise_n000_lifelong",191,"python3",0.1,69840,46605,"/usr/bin/python3 -c from ros2cli.daemon.daemonize import main; main() --name ros2-daemon --ros-domain-id 0 --rmw-implementation rmw_fastrtps_cpp"
2026-09-08T15:10:46Z,185,"slam15m_noise_n000_lifelong",57323,"python3",4.5,72596,49290,"python3 /oomwoo/contributions/compute-benchmark/OsakaTX/scripts/synthetic_scan_publisher.py --duration 505 --loop-s 40 --hz 5.0 --room-half 7.5 --noise 0.0"
2026-09-08T15:10:46Z,185,"slam15m_noise_n000_lifelong",57339,"ros2",0.5,74408,51423,"/usr/bin/python3 /opt/ros/jazzy/bin/ros2 launch /oomwoo/contributions/compute-benchmark/OsakaTX/scripts/lifelong_launch.py slam_params_file:=/oomwoo/contributions/compute-benchmark/OsakaTX/scripts/lifelong_slam_params.yaml use_sim_time:=False autostart:=true"
2026-09-08T15:10:46Z,185,"slam15m_noise_n000_lifelong",57356,"lifelong_slam_t",55.3,67756,53484,"/opt/ros/jazzy/lib/slam_toolbox/lifelong_slam_toolbox_node --ros-args -r __node:=slam_toolbox -r __ns:=/ --params-file /oomwoo/contributions/compute-benchmark/OsakaTX/scripts/lifelong_slam_params.yaml --params-file /tmp/launch_params_abv_ihd8"
2026-09-08T15:10:46Z,185,"slam15m_noise_n000_lifelong",57390,"bash",0.3,4436,1114,"bash /oomwoo/contributions/compute-benchmark/xbattlax/scripts/measure_ros_processes.sh --pattern python3|lifelong_slam_toolbox_node --duration 470 --interval 2 --label slam15m_noise_n000_lifelong --output /oomwoo/contributions/compute-benchmark/OsakaTX/scripts/../results/slam15m_noise_n000_lifelong_20260908T150401Z.csv"
2026-09-08T15:10:48Z,186,"slam15m_noise_n000_lifelong",191,"python3",0.1,69840,46605,"/usr/bin/python3 -c from ros2cli.daemon.daemonize import main; main() --name ros2-daemon --ros-domain-id 0 --rmw-implementation rmw_fastrtps_cpp"
2026-09-08T15:10:48Z,186,"slam15m_noise_n000_lifelong",57323,"python3",4.5,72596,49290,"python3 /oomwoo/contributions/compute-benchmark/OsakaTX/scripts/synthetic_scan_publisher.py --duration 505 --loop-s 40 --hz 5.0 --room-half 7.5 --noise 0.0"
2026-09-08T15:10:48Z,186,"slam15m_noise_n000_lifelong",57339,"ros2",0.5,74408,51422,"/usr/bin/python3 /opt/ros/jazzy/bin/ros2 launch /oomwoo/contributions/compute-benchmark/OsakaTX/scripts/lifelong_launch.py slam_params_file:=/oomwoo/contributions/compute-benchmark/OsakaTX/scripts/lifelong_slam_params.yaml use_sim_time:=False autostart:=true"
2026-09-08T15:10:48Z,186,"slam15m_noise_n000_lifelong",57356,"lifelong_slam_t",55.3,67756,53487,"/opt/ros/jazzy/lib/slam_toolbox/lifelong_slam_toolbox_node --ros-args -r __node:=slam_toolbox -r __ns:=/ --params-file /oomwoo/contributions/compute-benchmark/OsakaTX/scripts/lifelong_slam_params.yaml --params-file /tmp/launch_params_abv_ihd8"
2026-09-08T15:10:48Z,186,"slam15m_noise_n000_lifelong",57390,"bash",0.3,4436,1115,"bash /oomwoo/contributions/compute-benchmark/xbattlax/scripts/measure_ros_processes.sh --pattern python3|lifelong_slam_toolbox_node --duration 470 --interval 2 --label slam15m_noise_n000_lifelong --output /oomwoo/contributions/compute-benchmark/OsakaTX/scripts/../results/slam15m_noise_n000_lifelong_20260908T150401Z.csv"
2026-09-08T15:10:50Z,187,"slam15m_noise_n000_lifelong",191,"python3",0.1,69840,46605,"/usr/bin/python3 -c from ros2cli.daemon.daemonize import main; main() --name ros2-daemon --ros-domain-id 0 --rmw-implementation rmw_fastrtps_cpp"
2026-09-08T15:10:50Z,187,"slam15m_noise_n000_lifelong",57323,"python3",4.5,72596,49301,"python3 /oomwoo/contributions/compute-benchmark/OsakaTX/scripts/synthetic_scan_publisher.py --duration 505 --loop-s 40 --hz 5.0 --room-half 7.5 --noise 0.0"
2026-09-08T15:10:50Z,187,"slam15m_noise_n000_lifelong",57339,"ros2",0.5,74408,51422,"/usr/bin/python3 /opt/ros/jazzy/bin/ros2 launch /oomwoo/contributions/compute-benchmark/OsakaTX/scripts/lifelong_launch.py slam_params_file:=/oomwoo/contributions/compute-benchmark/OsakaTX/scripts/lifelong_slam_params.yaml use_sim_time:=False autostart:=true"
2026-09-08T15:10:50Z,187,"slam15m_noise_n000_lifelong",57356,"lifelong_slam_t",55.3,67756,53485,"/opt/ros/jazzy/lib/slam_toolbox/lifelong_slam_toolbox_node --ros-args -r __node:=slam_toolbox -r __ns:=/ --params-file /oomwoo/contributions/compute-benchmark/OsakaTX/scripts/lifelong_slam_params.yaml --params-file /tmp/launch_params_abv_ihd8"
2026-09-08T15:10:50Z,187,"slam15m_noise_n000_lifelong",57390,"bash",0.3,4436,1120,"bash /oomwoo/contributions/compute-benchmark/xbattlax/scripts/measure_ros_processes.sh --pattern python3|lifelong_slam_toolbox_node --duration 470 --interval 2 --label slam15m_noise_n000_lifelong --output /oomwoo/contributions/compute-benchmark/OsakaTX/scripts/../results/slam15m_noise_n000_lifelong_20260908T150401Z.csv"
2026-09-08T15:10:52Z,188,"slam15m_noise_n000_lifelong",191,"python3",0.1,69840,46607,"/usr/bin/python3 -c from ros2cli.daemon.daemonize import main; main() --name ros2-daemon --ros-domain-id 0 --rmw-implementation rmw_fastrtps_cpp"
2026-09-08T15:10:52Z,188,"slam15m_noise_n000_lifelong",57323,"python3",4.5,72596,49290,"python3 /oomwoo/contributions/compute-benchmark/OsakaTX/scripts/synthetic_scan_publisher.py --duration 505 --loop-s 40 --hz 5.0 --room-half 7.5 --noise 0.0"
2026-09-08T15:10:52Z,188,"slam15m_noise_n000_lifelong",57339,"ros2",0.5,74408,51423,"/usr/bin/python3 /opt/ros/jazzy/bin/ros2 launch /oomwoo/contributions/compute-benchmark/OsakaTX/scripts/lifelong_launch.py slam_params_file:=/oomwoo/contributions/compute-benchmark/OsakaTX/scripts/lifelong_slam_params.yaml use_sim_time:=False autostart:=true"
2026-09-08T15:10:52Z,188,"slam15m_noise_n000_lifelong",57356,"lifelong_slam_t",55.3,67756,53483,"/opt/ros/jazzy/lib/slam_toolbox/lifelong_slam_toolbox_node --ros-args -r __node:=slam_toolbox -r __ns:=/ --params-file /oomwoo/contributions/compute-benchmark/OsakaTX/scripts/lifelong_slam_params.yaml --params-file /tmp/launch_params_abv_ihd8"
2026-09-08T15:10:52Z,188,"slam15m_noise_n000_lifelong",57390,"bash",0.3,4436,1117,"bash /oomwoo/contributions/compute-benchmark/xbattlax/scripts/measure_ros_processes.sh --pattern python3|lifelong_slam_toolbox_node --duration 470 --interval 2 --label slam15m_noise_n000_lifelong --output /oomwoo/contributions/compute-benchmark/OsakaTX/scripts/../results/slam15m_noise_n000_lifelong_20260908T150401Z.csv"
2026-09-08T15:10:54Z,189,"slam15m_noise_n000_lifelong",191,"python3",0.1,69840,46605,"/usr/bin/python3 -c from ros2cli.daemon.daemonize import main; main() --name ros2-daemon --ros-domain-id 0 --rmw-implementation rmw_fastrtps_cpp"
2026-09-08T15:10:54Z,189,"slam15m_noise_n000_lifelong",57323,"python3",4.5,72596,49295,"python3 /oomwoo/contributions/compute-benchmark/OsakaTX/scripts/synthetic_scan_publisher.py --duration 505 --loop-s 40 --hz 5.0 --room-half 7.5 --noise 0.0"
2026-09-08T15:10:54Z,189,"slam15m_noise_n000_lifelong",57339,"ros2",0.5,74408,51423,"/usr/bin/python3 /opt/ros/jazzy/bin/ros2 launch /oomwoo/contributions/compute-benchmark/OsakaTX/scripts/lifelong_launch.py slam_params_file:=/oomwoo/contributions/compute-benchmark/OsakaTX/scripts/lifelong_slam_params.yaml use_sim_time:=False autostart:=true"
2026-09-08T15:10:54Z,189,"slam15m_noise_n000_lifelong",57356,"lifelong_slam_t",55.3,67756,53483,"/opt/ros/jazzy/lib/slam_toolbox/lifelong_slam_toolbox_node --ros-args -r __node:=slam_toolbox -r __ns:=/ --params-file /oomwoo/contributions/compute-benchmark/OsakaTX/scripts/lifelong_slam_params.yaml --params-file /tmp/launch_params_abv_ihd8"
2026-09-08T15:10:54Z,189,"slam15m_noise_n000_lifelong",57390,"bash",0.3,4436,1115,"bash /oomwoo/contributions/compute-benchmark/xbattlax/scripts/measure_ros_processes.sh --pattern python3|lifelong_slam_toolbox_node --duration 470 --interval 2 --label slam15m_noise_n000_lifelong --output /oomwoo/contributions/compute-benchmark/OsakaTX/scripts/../results/slam15m_noise_n000_lifelong_20260908T150401Z.csv"
2026-09-08T15:10:56Z,190,"slam15m_noise_n000_lifelong",191,"python3",0.1,69840,46605,"/usr/bin/python3 -c from ros2cli.daemon.daemonize import main; main() --name ros2-daemon --ros-domain-id 0 --rmw-implementation rmw_fastrtps_cpp"
2026-09-08T15:10:56Z,190,"slam15m_noise_n000_lifelong",57323,"python3",4.5,72596,49291,"python3 /oomwoo/contributions/compute-benchmark/OsakaTX/scripts/synthetic_scan_publisher.py --duration 505 --loop-s 40 --hz 5.0 --room-half 7.5 --noise 0.0"
2026-09-08T15:10:56Z,190,"slam15m_noise_n000_lifelong",57339,"ros2",0.5,74408,51424,"/usr/bin/python3 /opt/ros/jazzy/bin/ros2 launch /oomwoo/contributions/compute-benchmark/OsakaTX/scripts/lifelong_launch.py slam_params_file:=/oomwoo/contributions/compute-benchmark/OsakaTX/scripts/lifelong_slam_params.yaml use_sim_time:=False autostart:=true"
2026-09-08T15:10:56Z,190,"slam15m_noise_n000_lifelong",57356,"lifelong_slam_t",55.3,67756,53487,"/opt/ros/jazzy/lib/slam_toolbox/lifelong_slam_toolbox_node --ros-args -r __node:=slam_toolbox -r __ns:=/ --params-file /oomwoo/contributions/compute-benchmark/OsakaTX/scripts/lifelong_slam_params.yaml --params-file /tmp/launch_params_abv_ihd8"
2026-09-08T15:10:56Z,190,"slam15m_noise_n000_lifelong",57390,"bash",0.3,4436,1119,"bash /oomwoo/contributions/compute-benchmark/xbattlax/scripts/measure_ros_processes.sh --pattern python3|lifelong_slam_toolbox_node --duration 470 --interval 2 --label slam15m_noise_n000_lifelong --output /oomwoo/contributions/compute-benchmark/OsakaTX/scripts/../results/slam15m_noise_n000_lifelong_20260908T150401Z.csv"
2026-09-08T15:10:59Z,191,"slam15m_noise_n000_lifelong",191,"python3",0.1,69840,46605,"/usr/bin/python3 -c from ros2cli.daemon.daemonize import main; main() --name ros2-daemon --ros-domain-id 0 --rmw-implementation rmw_fastrtps_cpp"
2026-09-08T15:10:59Z,191,"slam15m_noise_n000_lifelong",57323,"python3",4.5,72596,49288,"python3 /oomwoo/contributions/compute-benchmark/OsakaTX/scripts/synthetic_scan_publisher.py --duration 505 --loop-s 40 --hz 5.0 --room-half 7.5 --noise 0.0"
2026-09-08T15:10:59Z,191,"slam15m_noise_n000_lifelong",57339,"ros2",0.5,74408,51423,"/usr/bin/python3 /opt/ros/jazzy/bin/ros2 launch /oomwoo/contributions/compute-benchmark/OsakaTX/scripts/lifelong_launch.py slam_params_file:=/oomwoo/contributions/compute-benchmark/OsakaTX/scripts/lifelong_slam_params.yaml use_sim_time:=False autostart:=true"
2026-09-08T15:10:59Z,191,"slam15m_noise_n000_lifelong",57356,"lifelong_slam_t",55.3,67756,53484,"/opt/ros/jazzy/lib/slam_toolbox/lifelong_slam_toolbox_node --ros-args -r __node:=slam_toolbox -r __ns:=/ --params-file /oomwoo/contributions/compute-benchmark/OsakaTX/scripts/lifelong_slam_params.yaml --params-file /tmp/launch_params_abv_ihd8"
2026-09-08T15:10:59Z,191,"slam15m_noise_n000_lifelong",57390,"bash",0.3,4436,1118,"bash /oomwoo/contributions/compute-benchmark/xbattlax/scripts/measure_ros_processes.sh --pattern python3|lifelong_slam_toolbox_node --duration 470 --interval 2 --label slam15m_noise_n000_lifelong --output /oomwoo/contributions/compute-benchmark/OsakaTX/scripts/../results/slam15m_noise_n000_lifelong_20260908T150401Z.csv"
2026-09-08T15:11:01Z,192,"slam15m_noise_n000_lifelong",191,"python3",0.1,69840,46605,"/usr/bin/python3 -c from ros2cli.daemon.daemonize import main; main() --name ros2-daemon --ros-domain-id 0 --rmw-implementation rmw_fastrtps_cpp"
2026-09-08T15:11:01Z,192,"slam15m_noise_n000_lifelong",57323,"python3",4.5,72596,49288,"python3 /oomwoo/contributions/compute-benchmark/OsakaTX/scripts/synthetic_scan_publisher.py --duration 505 --loop-s 40 --hz 5.0 --room-half 7.5 --noise 0.0"
2026-09-08T15:11:01Z,192,"slam15m_noise_n000_lifelong",57339,"ros2",0.5,74408,51421,"/usr/bin/python3 /opt/ros/jazzy/bin/ros2 launch /oomwoo/contributions/compute-benchmark/OsakaTX/scripts/lifelong_launch.py slam_params_file:=/oomwoo/contributions/compute-benchmark/OsakaTX/scripts/lifelong_slam_params.yaml use_sim_time:=False autostart:=true"
2026-09-08T15:11:01Z,192,"slam15m_noise_n000_lifelong",57356,"lifelong_slam_t",55.3,67756,53484,"/opt/ros/jazzy/lib/slam_toolbox/lifelong_slam_toolbox_node --ros-args -r __node:=slam_toolbox -r __ns:=/ --params-file /oomwoo/contributions/compute-benchmark/OsakaTX/scripts/lifelong_slam_params.yaml --params-file /tmp/launch_params_abv_ihd8"
2026-09-08T15:11:01Z,192,"slam15m_noise_n000_lifelong",57390,"bash",0.3,4436,1121,"bash /oomwoo/contributions/compute-benchmark/xbattlax/scripts/measure_ros_processes.sh --pattern python3|lifelong_slam_toolbox_node --duration 470 --interval 2 --label slam15m_noise_n000_lifelong --output /oomwoo/contributions/compute-benchmark/OsakaTX/scripts/../results/slam15m_noise_n000_lifelong_20260908T150401Z.csv"
2026-09-08T15:11:03Z,193,"slam15m_noise_n000_lifelong",191,"python3",0.1,69840,46607,"/usr/bin/python3 -c from ros2cli.daemon.daemonize import main; main() --name ros2-daemon --ros-domain-id 0 --rmw-implementation rmw_fastrtps_cpp"
2026-09-08T15:11:03Z,193,"slam15m_noise_n000_lifelong",57323,"python3",4.5,72596,49288,"python3 /oomwoo/contributions/compute-benchmark/OsakaTX/scripts/synthetic_scan_publisher.py --duration 505 --loop-s 40 --hz 5.0 --room-half 7.5 --noise 0.0"
2026-09-08T15:11:03Z,193,"slam15m_noise_n000_lifelong",57339,"ros2",0.5,74408,51422,"/usr/bin/python3 /opt/ros/jazzy/bin/ros2 launch /oomwoo/contributions/compute-benchmark/OsakaTX/scripts/lifelong_launch.py slam_params_file:=/oomwoo/contributions/compute-benchmark/OsakaTX/scripts/lifelong_slam_params.yaml use_sim_time:=False autostart:=true"
2026-09-08T15:11:03Z,193,"slam15m_noise_n000_lifelong",57356,"lifelong_slam_t",55.3,67756,53484,"/opt/ros/jazzy/lib/slam_toolbox/lifelong_slam_toolbox_node --ros-args -r __node:=slam_toolbox -r __ns:=/ --params-file /oomwoo/contributions/compute-benchmark/OsakaTX/scripts/lifelong_slam_params.yaml --params-file /tmp/launch_params_abv_ihd8"
2026-09-08T15:11:03Z,193,"slam15m_noise_n000_lifelong",57390,"bash",0.3,4436,1119,"bash /oomwoo/contributions/compute-benchmark/xbattlax/scripts/measure_ros_processes.sh --pattern python3|lifelong_slam_toolbox_node --duration 470 --interval 2 --label slam15m_noise_n000_lifelong --output /oomwoo/contributions/compute-benchmark/OsakaTX/scripts/../results/slam15m_noise_n000_lifelong_20260908T150401Z.csv"
2026-09-08T15:11:05Z,194,"slam15m_noise_n000_lifelong",191,"python3",0.1,69840,46605,"/usr/bin/python3 -c from ros2cli.daemon.daemonize import main; main() --name ros2-daemon --ros-domain-id 0 --rmw-implementation rmw_fastrtps_cpp"
2026-09-08T15:11:05Z,194,"slam15m_noise_n000_lifelong",57323,"python3",4.5,72596,49288,"python3 /oomwoo/contributions/compute-benchmark/OsakaTX/scripts/synthetic_scan_publisher.py --duration 505 --loop-s 40 --hz 5.0 --room-half 7.5 --noise 0.0"
2026-09-08T15:11:05Z,194,"slam15m_noise_n000_lifelong",57339,"ros2",0.5,74408,51423,"/usr/bin/python3 /opt/ros/jazzy/bin/ros2 launch /oomwoo/contributions/compute-benchmark/OsakaTX/scripts/lifelong_launch.py slam_params_file:=/oomwoo/contributions/compute-benchmark/OsakaTX/scripts/lifelong_slam_params.yaml use_sim_time:=False autostart:=true"
2026-09-08T15:11:05Z,194,"slam15m_noise_n000_lifelong",57356,"lifelong_slam_t",55.3,67756,53483,"/opt/ros/jazzy/lib/slam_toolbox/lifelong_slam_toolbox_node --ros-args -r __node:=slam_toolbox -r __ns:=/ --params-file /oomwoo/contributions/compute-benchmark/OsakaTX/scripts/lifelong_slam_params.yaml --params-file /tmp/launch_params_abv_ihd8"
2026-09-08T15:11:05Z,194,"slam15m_noise_n000_lifelong",57390,"bash",0.3,4436,1121,"bash /oomwoo/contributions/compute-benchmark/xbattlax/scripts/measure_ros_processes.sh --pattern python3|lifelong_slam_toolbox_node --duration 470 --interval 2 --label slam15m_noise_n000_lifelong --output /oomwoo/contributions/compute-benchmark/OsakaTX/scripts/../results/slam15m_noise_n000_lifelong_20260908T150401Z.csv"
2026-09-08T15:11:07Z,195,"slam15m_noise_n000_lifelong",191,"python3",0.1,69840,46606,"/usr/bin/python3 -c from ros2cli.daemon.daemonize import main; main() --name ros2-daemon --ros-domain-id 0 --rmw-implementation rmw_fastrtps_cpp"
2026-09-08T15:11:07Z,195,"slam15m_noise_n000_lifelong",57323,"python3",4.5,72596,49295,"python3 /oomwoo/contributions/compute-benchmark/OsakaTX/scripts/synthetic_scan_publisher.py --duration 505 --loop-s 40 --hz 5.0 --room-half 7.5 --noise 0.0"
2026-09-08T15:11:07Z,195,"slam15m_noise_n000_lifelong",57339,"ros2",0.5,74408,51423,"/usr/bin/python3 /opt/ros/jazzy/bin/ros2 launch /oomwoo/contributions/compute-benchmark/OsakaTX/scripts/lifelong_launch.py slam_params_file:=/oomwoo/contributions/compute-benchmark/OsakaTX/scripts/lifelong_slam_params.yaml use_sim_time:=False autostart:=true"
2026-09-08T15:11:07Z,195,"slam15m_noise_n000_lifelong",57356,"lifelong_slam_t",55.3,67756,53484,"/opt/ros/jazzy/lib/slam_toolbox/lifelong_slam_toolbox_node --ros-args -r __node:=slam_toolbox -r __ns:=/ --params-file /oomwoo/contributions/compute-benchmark/OsakaTX/scripts/lifelong_slam_params.yaml --params-file /tmp/launch_params_abv_ihd8"
2026-09-08T15:11:07Z,195,"slam15m_noise_n000_lifelong",57390,"bash",0.3,4436,1119,"bash /oomwoo/contributions/compute-benchmark/xbattlax/scripts/measure_ros_processes.sh --pattern python3|lifelong_slam_toolbox_node --duration 470 --interval 2 --label slam15m_noise_n000_lifelong --output /oomwoo/contributions/compute-benchmark/OsakaTX/scripts/../results/slam15m_noise_n000_lifelong_20260908T150401Z.csv"
2026-09-08T15:11:09Z,196,"slam15m_noise_n000_lifelong",191,"python3",0.1,69840,46605,"/usr/bin/python3 -c from ros2cli.daemon.daemonize import main; main() --name ros2-daemon --ros-domain-id 0 --rmw-implementation rmw_fastrtps_cpp"
2026-09-08T15:11:09Z,196,"slam15m_noise_n000_lifelong",57323,"python3",4.5,72596,49293,"python3 /oomwoo/contributions/compute-benchmark/OsakaTX/scripts/synthetic_scan_publisher.py --duration 505 --loop-s 40 --hz 5.0 --room-half 7.5 --noise 0.0"
2026-09-08T15:11:09Z,196,"slam15m_noise_n000_lifelong",57339,"ros2",0.5,74408,51423,"/usr/bin/python3 /opt/ros/jazzy/bin/ros2 launch /oomwoo/contributions/compute-benchmark/OsakaTX/scripts/lifelong_launch.py slam_params_file:=/oomwoo/contributions/compute-benchmark/OsakaTX/scripts/lifelong_slam_params.yaml use_sim_time:=False autostart:=true"
2026-09-08T15:11:09Z,196,"slam15m_noise_n000_lifelong",57356,"lifelong_slam_t",55.4,67756,53484,"/opt/ros/jazzy/lib/slam_toolbox/lifelong_slam_toolbox_node --ros-args -r __node:=slam_toolbox -r __ns:=/ --params-file /oomwoo/contributions/compute-benchmark/OsakaTX/scripts/lifelong_slam_params.yaml --params-file /tmp/launch_params_abv_ihd8"
2026-09-08T15:11:09Z,196,"slam15m_noise_n000_lifelong",57390,"bash",0.3,4436,1121,"bash /oomwoo/contributions/compute-benchmark/xbattlax/scripts/measure_ros_processes.sh --pattern python3|lifelong_slam_toolbox_node --duration 470 --interval 2 --label slam15m_noise_n000_lifelong --output /oomwoo/contributions/compute-benchmark/OsakaTX/scripts/../results/slam15m_noise_n000_lifelong_20260908T150401Z.csv"
2026-09-08T15:11:11Z,197,"slam15m_noise_n000_lifelong",191,"python3",0.1,69840,46605,"/usr/bin/python3 -c from ros2cli.daemon.daemonize import main; main() --name ros2-daemon --ros-domain-id 0 --rmw-implementation rmw_fastrtps_cpp"
2026-09-08T15:11:11Z,197,"slam15m_noise_n000_lifelong",57323,"python3",4.5,72596,49295,"python3 /oomwoo/contributions/compute-benchmark/OsakaTX/scripts/synthetic_scan_publisher.py --duration 505 --loop-s 40 --hz 5.0 --room-half 7.5 --noise 0.0"
2026-09-08T15:11:11Z,197,"slam15m_noise_n000_lifelong",57339,"ros2",0.5,74408,51423,"/usr/bin/python3 /opt/ros/jazzy/bin/ros2 launch /oomwoo/contributions/compute-benchmark/OsakaTX/scripts/lifelong_launch.py slam_params_file:=/oomwoo/contributions/compute-benchmark/OsakaTX/scripts/lifelong_slam_params.yaml use_sim_time:=False autostart:=true"
2026-09-08T15:11:11Z,197,"slam15m_noise_n000_lifelong",57356,"lifelong_slam_t",55.4,67756,53484,"/opt/ros/jazzy/lib/slam_toolbox/lifelong_slam_toolbox_node --ros-args -r __node:=slam_toolbox -r __ns:=/ --params-file /oomwoo/contributions/compute-benchmark/OsakaTX/scripts/lifelong_slam_params.yaml --params-file /tmp/launch_params_abv_ihd8"
2026-09-08T15:11:11Z,197,"slam15m_noise_n000_lifelong",57390,"bash",0.3,4436,1115,"bash /oomwoo/contributions/compute-benchmark/xbattlax/scripts/measure_ros_processes.sh --pattern python3|lifelong_slam_toolbox_node --duration 470 --interval 2 --label slam15m_noise_n000_lifelong --output /oomwoo/contributions/compute-benchmark/OsakaTX/scripts/../results/slam15m_noise_n000_lifelong_20260908T150401Z.csv"
2026-09-08T15:11:13Z,198,"slam15m_noise_n000_lifelong",191,"python3",0.1,69840,46605,"/usr/bin/python3 -c from ros2cli.daemon.daemonize import main; main() --name ros2-daemon --ros-domain-id 0 --rmw-implementation rmw_fastrtps_cpp"
2026-09-08T15:11:13Z,198,"slam15m_noise_n000_lifelong",57323,"python3",4.5,72596,49290,"python3 /oomwoo/contributions/compute-benchmark/OsakaTX/scripts/synthetic_scan_publisher.py --duration 505 --loop-s 40 --hz 5.0 --room-half 7.5 --noise 0.0"
2026-09-08T15:11:13Z,198,"slam15m_noise_n000_lifelong",57339,"ros2",0.5,74408,51422,"/usr/bin/python3 /opt/ros/jazzy/bin/ros2 launch /oomwoo/contributions/compute-benchmark/OsakaTX/scripts/lifelong_launch.py slam_params_file:=/oomwoo/contributions/compute-benchmark/OsakaTX/scripts/lifelong_slam_params.yaml use_sim_time:=False autostart:=true"
2026-09-08T15:11:13Z,198,"slam15m_noise_n000_lifelong",57356,"lifelong_slam_t",55.4,67756,53485,"/opt/ros/jazzy/lib/slam_toolbox/lifelong_slam_toolbox_node --ros-args -r __node:=slam_toolbox -r __ns:=/ --params-file /oomwoo/contributions/compute-benchmark/OsakaTX/scripts/lifelong_slam_params.yaml --params-file /tmp/launch_params_abv_ihd8"
2026-09-08T15:11:13Z,198,"slam15m_noise_n000_lifelong",57390,"bash",0.3,4436,1121,"bash /oomwoo/contributions/compute-benchmark/xbattlax/scripts/measure_ros_processes.sh --pattern python3|lifelong_slam_toolbox_node --duration 470 --interval 2 --label slam15m_noise_n000_lifelong --output /oomwoo/contributions/compute-benchmark/OsakaTX/scripts/../results/slam15m_noise_n000_lifelong_20260908T150401Z.csv"
2026-09-08T15:11:16Z,199,"slam15m_noise_n000_lifelong",191,"python3",0.1,69840,46605,"/usr/bin/python3 -c from ros2cli.daemon.daemonize import main; main() --name ros2-daemon --ros-domain-id 0 --rmw-implementation rmw_fastrtps_cpp"
2026-09-08T15:11:16Z,199,"slam15m_noise_n000_lifelong",57323,"python3",4.5,72596,49290,"python3 /oomwoo/contributions/compute-benchmark/OsakaTX/scripts/synthetic_scan_publisher.py --duration 505 --loop-s 40 --hz 5.0 --room-half 7.5 --noise 0.0"
2026-09-08T15:11:16Z,199,"slam15m_noise_n000_lifelong",57339,"ros2",0.5,74408,51422,"/usr/bin/python3 /opt/ros/jazzy/bin/ros2 launch /oomwoo/contributions/compute-benchmark/OsakaTX/scripts/lifelong_launch.py slam_params_file:=/oomwoo/contributions/compute-benchmark/OsakaTX/scripts/lifelong_slam_params.yaml use_sim_time:=False autostart:=true"
2026-09-08T15:11:16Z,199,"slam15m_noise_n000_lifelong",57356,"lifelong_slam_t",55.4,67756,53484,"/opt/ros/jazzy/lib/slam_toolbox/lifelong_slam_toolbox_node --ros-args -r __node:=slam_toolbox -r __ns:=/ --params-file /oomwoo/contributions/compute-benchmark/OsakaTX/scripts/lifelong_slam_params.yaml --params-file /tmp/launch_params_abv_ihd8"
2026-09-08T15:11:16Z,199,"slam15m_noise_n000_lifelong",57390,"bash",0.3,4436,1119,"bash /oomwoo/contributions/compute-benchmark/xbattlax/scripts/measure_ros_processes.sh --pattern python3|lifelong_slam_toolbox_node --duration 470 --interval 2 --label slam15m_noise_n000_lifelong --output /oomwoo/contributions/compute-benchmark/OsakaTX/scripts/../results/slam15m_noise_n000_lifelong_20260908T150401Z.csv"
2026-09-08T15:11:18Z,200,"slam15m_noise_n000_lifelong",191,"python3",0.1,69840,46606,"/usr/bin/python3 -c from ros2cli.daemon.daemonize import main; main() --name ros2-daemon --ros-domain-id 0 --rmw-implementation rmw_fastrtps_cpp"
2026-09-08T15:11:18Z,200,"slam15m_noise_n000_lifelong",57323,"python3",4.5,72596,49300,"python3 /oomwoo/contributions/compute-benchmark/OsakaTX/scripts/synthetic_scan_publisher.py --duration 505 --loop-s 40 --hz 5.0 --room-half 7.5 --noise 0.0"
2026-09-08T15:11:18Z,200,"slam15m_noise_n000_lifelong",57339,"ros2",0.5,74408,51422,"/usr/bin/python3 /opt/ros/jazzy/bin/ros2 launch /oomwoo/contributions/compute-benchmark/OsakaTX/scripts/lifelong_launch.py slam_params_file:=/oomwoo/contributions/compute-benchmark/OsakaTX/scripts/lifelong_slam_params.yaml use_sim_time:=False autostart:=true"
2026-09-08T15:11:18Z,200,"slam15m_noise_n000_lifelong",57356,"lifelong_slam_t",55.4,67756,53487,"/opt/ros/jazzy/lib/slam_toolbox/lifelong_slam_toolbox_node --ros-args -r __node:=slam_toolbox -r __ns:=/ --params-file /oomwoo/contributions/compute-benchmark/OsakaTX/scripts/lifelong_slam_params.yaml --params-file /tmp/launch_params_abv_ihd8"
2026-09-08T15:11:18Z,200,"slam15m_noise_n000_lifelong",57390,"bash",0.3,4436,1121,"bash /oomwoo/contributions/compute-benchmark/xbattlax/scripts/measure_ros_processes.sh --pattern python3|lifelong_slam_toolbox_node --duration 470 --interval 2 --label slam15m_noise_n000_lifelong --output /oomwoo/contributions/compute-benchmark/OsakaTX/scripts/../results/slam15m_noise_n000_lifelong_20260908T150401Z.csv"
2026-09-08T15:11:20Z,201,"slam15m_noise_n000_lifelong",191,"python3",0.1,69840,46605,"/usr/bin/python3 -c from ros2cli.daemon.daemonize import main; main() --name ros2-daemon --ros-domain-id 0 --rmw-implementation rmw_fastrtps_cpp"
2026-09-08T15:11:20Z,201,"slam15m_noise_n000_lifelong",57323,"python3",4.5,72596,49290,"python3 /oomwoo/contributions/compute-benchmark/OsakaTX/scripts/synthetic_scan_publisher.py --duration 505 --loop-s 40 --hz 5.0 --room-half 7.5 --noise 0.0"
2026-09-08T15:11:20Z,201,"slam15m_noise_n000_lifelong",57339,"ros2",0.5,74408,51423,"/usr/bin/python3 /opt/ros/jazzy/bin/ros2 launch /oomwoo/contributions/compute-benchmark/OsakaTX/scripts/lifelong_launch.py slam_params_file:=/oomwoo/contributions/compute-benchmark/OsakaTX/scripts/lifelong_slam_params.yaml use_sim_time:=False autostart:=true"
2026-09-08T15:11:20Z,201,"slam15m_noise_n000_lifelong",57356,"lifelong_slam_t",55.4,67756,53484,"/opt/ros/jazzy/lib/slam_toolbox/lifelong_slam_toolbox_node --ros-args -r __node:=slam_toolbox -r __ns:=/ --params-file /oomwoo/contributions/compute-benchmark/OsakaTX/scripts/lifelong_slam_params.yaml --params-file /tmp/launch_params_abv_ihd8"
2026-09-08T15:11:20Z,201,"slam15m_noise_n000_lifelong",57390,"bash",0.3,4436,1119,"bash /oomwoo/contributions/compute-benchmark/xbattlax/scripts/measure_ros_processes.sh --pattern python3|lifelong_slam_toolbox_node --duration 470 --interval 2 --label slam15m_noise_n000_lifelong --output /oomwoo/contributions/compute-benchmark/OsakaTX/scripts/../results/slam15m_noise_n000_lifelong_20260908T150401Z.csv"
2026-09-08T15:11:22Z,202,"slam15m_noise_n000_lifelong",191,"python3",0.1,69840,46606,"/usr/bin/python3 -c from ros2cli.daemon.daemonize import main; main() --name ros2-daemon --ros-domain-id 0 --rmw-implementation rmw_fastrtps_cpp"
2026-09-08T15:11:22Z,202,"slam15m_noise_n000_lifelong",57323,"python3",4.5,72596,49291,"python3 /oomwoo/contributions/compute-benchmark/OsakaTX/scripts/synthetic_scan_publisher.py --duration 505 --loop-s 40 --hz 5.0 --room-half 7.5 --noise 0.0"
2026-09-08T15:11:22Z,202,"slam15m_noise_n000_lifelong",57339,"ros2",0.5,74408,51422,"/usr/bin/python3 /opt/ros/jazzy/bin/ros2 launch /oomwoo/contributions/compute-benchmark/OsakaTX/scripts/lifelong_launch.py slam_params_file:=/oomwoo/contributions/compute-benchmark/OsakaTX/scripts/lifelong_slam_params.yaml use_sim_time:=False autostart:=true"
2026-09-08T15:11:22Z,202,"slam15m_noise_n000_lifelong",57356,"lifelong_slam_t",55.4,67756,53485,"/opt/ros/jazzy/lib/slam_toolbox/lifelong_slam_toolbox_node --ros-args -r __node:=slam_toolbox -r __ns:=/ --params-file /oomwoo/contributions/compute-benchmark/OsakaTX/scripts/lifelong_slam_params.yaml --params-file /tmp/launch_params_abv_ihd8"
2026-09-08T15:11:22Z,202,"slam15m_noise_n000_lifelong",57390,"bash",0.3,4436,1115,"bash /oomwoo/contributions/compute-benchmark/xbattlax/scripts/measure_ros_processes.sh --pattern python3|lifelong_slam_toolbox_node --duration 470 --interval 2 --label slam15m_noise_n000_lifelong --output /oomwoo/contributions/compute-benchmark/OsakaTX/scripts/../results/slam15m_noise_n000_lifelong_20260908T150401Z.csv"
2026-09-08T15:11:24Z,203,"slam15m_noise_n000_lifelong",191,"python3",0.1,69840,46606,"/usr/bin/python3 -c from ros2cli.daemon.daemonize import main; main() --name ros2-daemon --ros-domain-id 0 --rmw-implementation rmw_fastrtps_cpp"
2026-09-08T15:11:24Z,203,"slam15m_noise_n000_lifelong",57323,"python3",4.5,72596,49290,"python3 /oomwoo/contributions/compute-benchmark/OsakaTX/scripts/synthetic_scan_publisher.py --duration 505 --loop-s 40 --hz 5.0 --room-half 7.5 --noise 0.0"
2026-09-08T15:11:24Z,203,"slam15m_noise_n000_lifelong",57339,"ros2",0.5,74408,51423,"/usr/bin/python3 /opt/ros/jazzy/bin/ros2 launch /oomwoo/contributions/compute-benchmark/OsakaTX/scripts/lifelong_launch.py slam_params_file:=/oomwoo/contributions/compute-benchmark/OsakaTX/scripts/lifelong_slam_params.yaml use_sim_time:=False autostart:=true"
2026-09-08T15:11:24Z,203,"slam15m_noise_n000_lifelong",57356,"lifelong_slam_t",55.4,67756,53485,"/opt/ros/jazzy/lib/slam_toolbox/lifelong_slam_toolbox_node --ros-args -r __node:=slam_toolbox -r __ns:=/ --params-file /oomwoo/contributions/compute-benchmark/OsakaTX/scripts/lifelong_slam_params.yaml --params-file /tmp/launch_params_abv_ihd8"
2026-09-08T15:11:24Z,203,"slam15m_noise_n000_lifelong",57390,"bash",0.3,4436,1117,"bash /oomwoo/contributions/compute-benchmark/xbattlax/scripts/measure_ros_processes.sh --pattern python3|lifelong_slam_toolbox_node --duration 470 --interval 2 --label slam15m_noise_n000_lifelong --output /oomwoo/contributions/compute-benchmark/OsakaTX/scripts/../results/slam15m_noise_n000_lifelong_20260908T150401Z.csv"
2026-09-08T15:11:26Z,204,"slam15m_noise_n000_lifelong",191,"python3",0.1,69840,46606,"/usr/bin/python3 -c from ros2cli.daemon.daemonize import main; main() --name ros2-daemon --ros-domain-id 0 --rmw-implementation rmw_fastrtps_cpp"
2026-09-08T15:11:26Z,204,"slam15m_noise_n000_lifelong",57323,"python3",4.5,72596,49291,"python3 /oomwoo/contributions/compute-benchmark/OsakaTX/scripts/synthetic_scan_publisher.py --duration 505 --loop-s 40 --hz 5.0 --room-half 7.5 --noise 0.0"
2026-09-08T15:11:26Z,204,"slam15m_noise_n000_lifelong",57339,"ros2",0.5,74408,51423,"/usr/bin/python3 /opt/ros/jazzy/bin/ros2 launch /oomwoo/contributions/compute-benchmark/OsakaTX/scripts/lifelong_launch.py slam_params_file:=/oomwoo/contributions/compute-benchmark/OsakaTX/scripts/lifelong_slam_params.yaml use_sim_time:=False autostart:=true"
2026-09-08T15:11:26Z,204,"slam15m_noise_n000_lifelong",57356,"lifelong_slam_t",55.4,67756,53485,"/opt/ros/jazzy/lib/slam_toolbox/lifelong_slam_toolbox_node --ros-args -r __node:=slam_toolbox -r __ns:=/ --params-file /oomwoo/contributions/compute-benchmark/OsakaTX/scripts/lifelong_slam_params.yaml --params-file /tmp/launch_params_abv_ihd8"
2026-09-08T15:11:26Z,204,"slam15m_noise_n000_lifelong",57390,"bash",0.3,4436,1123,"bash /oomwoo/contributions/compute-benchmark/xbattlax/scripts/measure_ros_processes.sh --pattern python3|lifelong_slam_toolbox_node --duration 470 --interval 2 --label slam15m_noise_n000_lifelong --output /oomwoo/contributions/compute-benchmark/OsakaTX/scripts/../results/slam15m_noise_n000_lifelong_20260908T150401Z.csv"
2026-09-08T15:11:29Z,205,"slam15m_noise_n000_lifelong",191,"python3",0.1,69840,46604,"/usr/bin/python3 -c from ros2cli.daemon.daemonize import main; main() --name ros2-daemon --ros-domain-id 0 --rmw-implementation rmw_fastrtps_cpp"
2026-09-08T15:11:29Z,205,"slam15m_noise_n000_lifelong",57323,"python3",4.5,72596,49290,"python3 /oomwoo/contributions/compute-benchmark/OsakaTX/scripts/synthetic_scan_publisher.py --duration 505 --loop-s 40 --hz 5.0 --room-half 7.5 --noise 0.0"
2026-09-08T15:11:29Z,205,"slam15m_noise_n000_lifelong",57339,"ros2",0.5,74408,51423,"/usr/bin/python3 /opt/ros/jazzy/bin/ros2 launch /oomwoo/contributions/compute-benchmark/OsakaTX/scripts/lifelong_launch.py slam_params_file:=/oomwoo/contributions/compute-benchmark/OsakaTX/scripts/lifelong_slam_params.yaml use_sim_time:=False autostart:=true"
2026-09-08T15:11:29Z,205,"slam15m_noise_n000_lifelong",57356,"lifelong_slam_t",55.4,67756,53483,"/opt/ros/jazzy/lib/slam_toolbox/lifelong_slam_toolbox_node --ros-args -r __node:=slam_toolbox -r __ns:=/ --params-file /oomwoo/contributions/compute-benchmark/OsakaTX/scripts/lifelong_slam_params.yaml --params-file /tmp/launch_params_abv_ihd8"
2026-09-08T15:11:29Z,205,"slam15m_noise_n000_lifelong",57390,"bash",0.3,4436,1119,"bash /oomwoo/contributions/compute-benchmark/xbattlax/scripts/measure_ros_processes.sh --pattern python3|lifelong_slam_toolbox_node --duration 470 --interval 2 --label slam15m_noise_n000_lifelong --output /oomwoo/contributions/compute-benchmark/OsakaTX/scripts/../results/slam15m_noise_n000_lifelong_20260908T150401Z.csv"
2026-09-08T15:11:31Z,206,"slam15m_noise_n000_lifelong",191,"python3",0.1,69840,46605,"/usr/bin/python3 -c from ros2cli.daemon.daemonize import main; main() --name ros2-daemon --ros-domain-id 0 --rmw-implementation rmw_fastrtps_cpp"
2026-09-08T15:11:31Z,206,"slam15m_noise_n000_lifelong",57323,"python3",4.5,72596,49290,"python3 /oomwoo/contributions/compute-benchmark/OsakaTX/scripts/synthetic_scan_publisher.py --duration 505 --loop-s 40 --hz 5.0 --room-half 7.5 --noise 0.0"
2026-09-08T15:11:31Z,206,"slam15m_noise_n000_lifelong",57339,"ros2",0.5,74408,51422,"/usr/bin/python3 /opt/ros/jazzy/bin/ros2 launch /oomwoo/contributions/compute-benchmark/OsakaTX/scripts/lifelong_launch.py slam_params_file:=/oomwoo/contributions/compute-benchmark/OsakaTX/scripts/lifelong_slam_params.yaml use_sim_time:=False autostart:=true"
2026-09-08T15:11:31Z,206,"slam15m_noise_n000_lifelong",57356,"lifelong_slam_t",55.4,67756,53483,"/opt/ros/jazzy/lib/slam_toolbox/lifelong_slam_toolbox_node --ros-args -r __node:=slam_toolbox -r __ns:=/ --params-file /oomwoo/contributions/compute-benchmark/OsakaTX/scripts/lifelong_slam_params.yaml --params-file /tmp/launch_params_abv_ihd8"
2026-09-08T15:11:31Z,206,"slam15m_noise_n000_lifelong",57390,"bash",0.3,4436,1123,"bash /oomwoo/contributions/compute-benchmark/xbattlax/scripts/measure_ros_processes.sh --pattern python3|lifelong_slam_toolbox_node --duration 470 --interval 2 --label slam15m_noise_n000_lifelong --output /oomwoo/contributions/compute-benchmark/OsakaTX/scripts/../results/slam15m_noise_n000_lifelong_20260908T150401Z.csv"
2026-09-08T15:11:33Z,207,"slam15m_noise_n000_lifelong",191,"python3",0.1,69840,46605,"/usr/bin/python3 -c from ros2cli.daemon.daemonize import main; main() --name ros2-daemon --ros-domain-id 0 --rmw-implementation rmw_fastrtps_cpp"
2026-09-08T15:11:33Z,207,"slam15m_noise_n000_lifelong",57323,"python3",4.5,72596,49291,"python3 /oomwoo/contributions/compute-benchmark/OsakaTX/scripts/synthetic_scan_publisher.py --duration 505 --loop-s 40 --hz 5.0 --room-half 7.5 --noise 0.0"
2026-09-08T15:11:33Z,207,"slam15m_noise_n000_lifelong",57339,"ros2",0.5,74408,51422,"/usr/bin/python3 /opt/ros/jazzy/bin/ros2 launch /oomwoo/contributions/compute-benchmark/OsakaTX/scripts/lifelong_launch.py slam_params_file:=/oomwoo/contributions/compute-benchmark/OsakaTX/scripts/lifelong_slam_params.yaml use_sim_time:=False autostart:=true"
2026-09-08T15:11:33Z,207,"slam15m_noise_n000_lifelong",57356,"lifelong_slam_t",55.4,67756,53484,"/opt/ros/jazzy/lib/slam_toolbox/lifelong_slam_toolbox_node --ros-args -r __node:=slam_toolbox -r __ns:=/ --params-file /oomwoo/contributions/compute-benchmark/OsakaTX/scripts/lifelong_slam_params.yaml --params-file /tmp/launch_params_abv_ihd8"
2026-09-08T15:11:33Z,207,"slam15m_noise_n000_lifelong",57390,"bash",0.3,4436,1119,"bash /oomwoo/contributions/compute-benchmark/xbattlax/scripts/measure_ros_processes.sh --pattern python3|lifelong_slam_toolbox_node --duration 470 --interval 2 --label slam15m_noise_n000_lifelong --output /oomwoo/contributions/compute-benchmark/OsakaTX/scripts/../results/slam15m_noise_n000_lifelong_20260908T150401Z.csv"
2026-09-08T15:11:35Z,208,"slam15m_noise_n000_lifelong",191,"python3",0.1,69840,46605,"/usr/bin/python3 -c from ros2cli.daemon.daemonize import main; main() --name ros2-daemon --ros-domain-id 0 --rmw-implementation rmw_fastrtps_cpp"
2026-09-08T15:11:35Z,208,"slam15m_noise_n000_lifelong",57323,"python3",4.5,72596,49290,"python3 /oomwoo/contributions/compute-benchmark/OsakaTX/scripts/synthetic_scan_publisher.py --duration 505 --loop-s 40 --hz 5.0 --room-half 7.5 --noise 0.0"
2026-09-08T15:11:35Z,208,"slam15m_noise_n000_lifelong",57339,"ros2",0.5,74408,51423,"/usr/bin/python3 /opt/ros/jazzy/bin/ros2 launch /oomwoo/contributions/compute-benchmark/OsakaTX/scripts/lifelong_launch.py slam_params_file:=/oomwoo/contributions/compute-benchmark/OsakaTX/scripts/lifelong_slam_params.yaml use_sim_time:=False autostart:=true"
2026-09-08T15:11:35Z,208,"slam15m_noise_n000_lifelong",57356,"lifelong_slam_t",55.4,67756,53484,"/opt/ros/jazzy/lib/slam_toolbox/lifelong_slam_toolbox_node --ros-args -r __node:=slam_toolbox -r __ns:=/ --params-file /oomwoo/contributions/compute-benchmark/OsakaTX/scripts/lifelong_slam_params.yaml --params-file /tmp/launch_params_abv_ihd8"
2026-09-08T15:11:35Z,208,"slam15m_noise_n000_lifelong",57390,"bash",0.3,4436,1121,"bash /oomwoo/contributions/compute-benchmark/xbattlax/scripts/measure_ros_processes.sh --pattern python3|lifelong_slam_toolbox_node --duration 470 --interval 2 --label slam15m_noise_n000_lifelong --output /oomwoo/contributions/compute-benchmark/OsakaTX/scripts/../results/slam15m_noise_n000_lifelong_20260908T150401Z.csv"
2026-09-08T15:11:37Z,209,"slam15m_noise_n000_lifelong",191,"python3",0.1,69840,46607,"/usr/bin/python3 -c from ros2cli.daemon.daemonize import main; main() --name ros2-daemon --ros-domain-id 0 --rmw-implementation rmw_fastrtps_cpp"
2026-09-08T15:11:37Z,209,"slam15m_noise_n000_lifelong",57323,"python3",4.5,72596,49293,"python3 /oomwoo/contributions/compute-benchmark/OsakaTX/scripts/synthetic_scan_publisher.py --duration 505 --loop-s 40 --hz 5.0 --room-half 7.5 --noise 0.0"
2026-09-08T15:11:37Z,209,"slam15m_noise_n000_lifelong",57339,"ros2",0.5,74408,51421,"/usr/bin/python3 /opt/ros/jazzy/bin/ros2 launch /oomwoo/contributions/compute-benchmark/OsakaTX/scripts/lifelong_launch.py slam_params_file:=/oomwoo/contributions/compute-benchmark/OsakaTX/scripts/lifelong_slam_params.yaml use_sim_time:=False autostart:=true"
2026-09-08T15:11:37Z,209,"slam15m_noise_n000_lifelong",57356,"lifelong_slam_t",55.4,67756,53483,"/opt/ros/jazzy/lib/slam_toolbox/lifelong_slam_toolbox_node --ros-args -r __node:=slam_toolbox -r __ns:=/ --params-file /oomwoo/contributions/compute-benchmark/OsakaTX/scripts/lifelong_slam_params.yaml --params-file /tmp/launch_params_abv_ihd8"
2026-09-08T15:11:37Z,209,"slam15m_noise_n000_lifelong",57390,"bash",0.3,4436,1117,"bash /oomwoo/contributions/compute-benchmark/xbattlax/scripts/measure_ros_processes.sh --pattern python3|lifelong_slam_toolbox_node --duration 470 --interval 2 --label slam15m_noise_n000_lifelong --output /oomwoo/contributions/compute-benchmark/OsakaTX/scripts/../results/slam15m_noise_n000_lifelong_20260908T150401Z.csv"
2026-09-08T15:11:39Z,210,"slam15m_noise_n000_lifelong",191,"python3",0.1,69840,46605,"/usr/bin/python3 -c from ros2cli.daemon.daemonize import main; main() --name ros2-daemon --ros-domain-id 0 --rmw-implementation rmw_fastrtps_cpp"
2026-09-08T15:11:39Z,210,"slam15m_noise_n000_lifelong",57323,"python3",4.5,72596,49290,"python3 /oomwoo/contributions/compute-benchmark/OsakaTX/scripts/synthetic_scan_publisher.py --duration 505 --loop-s 40 --hz 5.0 --room-half 7.5 --noise 0.0"
2026-09-08T15:11:39Z,210,"slam15m_noise_n000_lifelong",57339,"ros2",0.5,74408,51423,"/usr/bin/python3 /opt/ros/jazzy/bin/ros2 launch /oomwoo/contributions/compute-benchmark/OsakaTX/scripts/lifelong_launch.py slam_params_file:=/oomwoo/contributions/compute-benchmark/OsakaTX/scripts/lifelong_slam_params.yaml use_sim_time:=False autostart:=true"
2026-09-08T15:11:39Z,210,"slam15m_noise_n000_lifelong",57356,"lifelong_slam_t",55.4,67756,53485,"/opt/ros/jazzy/lib/slam_toolbox/lifelong_slam_toolbox_node --ros-args -r __node:=slam_toolbox -r __ns:=/ --params-file /oomwoo/contributions/compute-benchmark/OsakaTX/scripts/lifelong_slam_params.yaml --params-file /tmp/launch_params_abv_ihd8"
2026-09-08T15:11:39Z,210,"slam15m_noise_n000_lifelong",57390,"bash",0.3,4436,1121,"bash /oomwoo/contributions/compute-benchmark/xbattlax/scripts/measure_ros_processes.sh --pattern python3|lifelong_slam_toolbox_node --duration 470 --interval 2 --label slam15m_noise_n000_lifelong --output /oomwoo/contributions/compute-benchmark/OsakaTX/scripts/../results/slam15m_noise_n000_lifelong_20260908T150401Z.csv"
2026-09-08T15:11:41Z,211,"slam15m_noise_n000_lifelong",191,"python3",0.1,69840,46606,"/usr/bin/python3 -c from ros2cli.daemon.daemonize import main; main() --name ros2-daemon --ros-domain-id 0 --rmw-implementation rmw_fastrtps_cpp"
2026-09-08T15:11:41Z,211,"slam15m_noise_n000_lifelong",57323,"python3",4.5,72596,49295,"python3 /oomwoo/contributions/compute-benchmark/OsakaTX/scripts/synthetic_scan_publisher.py --duration 505 --loop-s 40 --hz 5.0 --room-half 7.5 --noise 0.0"
2026-09-08T15:11:41Z,211,"slam15m_noise_n000_lifelong",57339,"ros2",0.5,74408,51422,"/usr/bin/python3 /opt/ros/jazzy/bin/ros2 launch /oomwoo/contributions/compute-benchmark/OsakaTX/scripts/lifelong_launch.py slam_params_file:=/oomwoo/contributions/compute-benchmark/OsakaTX/scripts/lifelong_slam_params.yaml use_sim_time:=False autostart:=true"
2026-09-08T15:11:41Z,211,"slam15m_noise_n000_lifelong",57356,"lifelong_slam_t",55.4,67756,53484,"/opt/ros/jazzy/lib/slam_toolbox/lifelong_slam_toolbox_node --ros-args -r __node:=slam_toolbox -r __ns:=/ --params-file /oomwoo/contributions/compute-benchmark/OsakaTX/scripts/lifelong_slam_params.yaml --params-file /tmp/launch_params_abv_ihd8"
2026-09-08T15:11:41Z,211,"slam15m_noise_n000_lifelong",57390,"bash",0.3,4436,1119,"bash /oomwoo/contributions/compute-benchmark/xbattlax/scripts/measure_ros_processes.sh --pattern python3|lifelong_slam_toolbox_node --duration 470 --interval 2 --label slam15m_noise_n000_lifelong --output /oomwoo/contributions/compute-benchmark/OsakaTX/scripts/../results/slam15m_noise_n000_lifelong_20260908T150401Z.csv"
2026-09-08T15:11:43Z,212,"slam15m_noise_n000_lifelong",191,"python3",0.1,69840,46605,"/usr/bin/python3 -c from ros2cli.daemon.daemonize import main; main() --name ros2-daemon --ros-domain-id 0 --rmw-implementation rmw_fastrtps_cpp"
2026-09-08T15:11:43Z,212,"slam15m_noise_n000_lifelong",57323,"python3",4.5,72596,49295,"python3 /oomwoo/contributions/compute-benchmark/OsakaTX/scripts/synthetic_scan_publisher.py --duration 505 --loop-s 40 --hz 5.0 --room-half 7.5 --noise 0.0"
2026-09-08T15:11:43Z,212,"slam15m_noise_n000_lifelong",57339,"ros2",0.5,74408,51423,"/usr/bin/python3 /opt/ros/jazzy/bin/ros2 launch /oomwoo/contributions/compute-benchmark/OsakaTX/scripts/lifelong_launch.py slam_params_file:=/oomwoo/contributions/compute-benchmark/OsakaTX/scripts/lifelong_slam_params.yaml use_sim_time:=False autostart:=true"
2026-09-08T15:11:43Z,212,"slam15m_noise_n000_lifelong",57356,"lifelong_slam_t",55.4,67756,53484,"/opt/ros/jazzy/lib/slam_toolbox/lifelong_slam_toolbox_node --ros-args -r __node:=slam_toolbox -r __ns:=/ --params-file /oomwoo/contributions/compute-benchmark/OsakaTX/scripts/lifelong_slam_params.yaml --params-file /tmp/launch_params_abv_ihd8"
2026-09-08T15:11:43Z,212,"slam15m_noise_n000_lifelong",57390,"bash",0.3,4436,1115,"bash /oomwoo/contributions/compute-benchmark/xbattlax/scripts/measure_ros_processes.sh --pattern python3|lifelong_slam_toolbox_node --duration 470 --interval 2 --label slam15m_noise_n000_lifelong --output /oomwoo/contributions/compute-benchmark/OsakaTX/scripts/../results/slam15m_noise_n000_lifelong_20260908T150401Z.csv"
2026-09-08T15:11:46Z,213,"slam15m_noise_n000_lifelong",191,"python3",0.1,69840,46605,"/usr/bin/python3 -c from ros2cli.daemon.daemonize import main; main() --name ros2-daemon --ros-domain-id 0 --rmw-implementation rmw_fastrtps_cpp"
2026-09-08T15:11:46Z,213,"slam15m_noise_n000_lifelong",57323,"python3",4.5,72596,49290,"python3 /oomwoo/contributions/compute-benchmark/OsakaTX/scripts/synthetic_scan_publisher.py --duration 505 --loop-s 40 --hz 5.0 --room-half 7.5 --noise 0.0"
2026-09-08T15:11:46Z,213,"slam15m_noise_n000_lifelong",57339,"ros2",0.5,74408,51423,"/usr/bin/python3 /opt/ros/jazzy/bin/ros2 launch /oomwoo/contributions/compute-benchmark/OsakaTX/scripts/lifelong_launch.py slam_params_file:=/oomwoo/contributions/compute-benchmark/OsakaTX/scripts/lifelong_slam_params.yaml use_sim_time:=False autostart:=true"
2026-09-08T15:11:46Z,213,"slam15m_noise_n000_lifelong",57356,"lifelong_slam_t",55.4,67756,53483,"/opt/ros/jazzy/lib/slam_toolbox/lifelong_slam_toolbox_node --ros-args -r __node:=slam_toolbox -r __ns:=/ --params-file /oomwoo/contributions/compute-benchmark/OsakaTX/scripts/lifelong_slam_params.yaml --params-file /tmp/launch_params_abv_ihd8"
2026-09-08T15:11:46Z,213,"slam15m_noise_n000_lifelong",57390,"bash",0.3,4436,1117,"bash /oomwoo/contributions/compute-benchmark/xbattlax/scripts/measure_ros_processes.sh --pattern python3|lifelong_slam_toolbox_node --duration 470 --interval 2 --label slam15m_noise_n000_lifelong --output /oomwoo/contributions/compute-benchmark/OsakaTX/scripts/../results/slam15m_noise_n000_lifelong_20260908T150401Z.csv"
2026-09-08T15:11:48Z,214,"slam15m_noise_n000_lifelong",191,"python3",0.1,69840,46605,"/usr/bin/python3 -c from ros2cli.daemon.daemonize import main; main() --name ros2-daemon --ros-domain-id 0 --rmw-implementation rmw_fastrtps_cpp"
2026-09-08T15:11:48Z,214,"slam15m_noise_n000_lifelong",57323,"python3",4.5,72596,49301,"python3 /oomwoo/contributions/compute-benchmark/OsakaTX/scripts/synthetic_scan_publisher.py --duration 505 --loop-s 40 --hz 5.0 --room-half 7.5 --noise 0.0"
2026-09-08T15:11:48Z,214,"slam15m_noise_n000_lifelong",57339,"ros2",0.5,74408,51422,"/usr/bin/python3 /opt/ros/jazzy/bin/ros2 launch /oomwoo/contributions/compute-benchmark/OsakaTX/scripts/lifelong_launch.py slam_params_file:=/oomwoo/contributions/compute-benchmark/OsakaTX/scripts/lifelong_slam_params.yaml use_sim_time:=False autostart:=true"
2026-09-08T15:11:48Z,214,"slam15m_noise_n000_lifelong",57356,"lifelong_slam_t",55.4,67884,53612,"/opt/ros/jazzy/lib/slam_toolbox/lifelong_slam_toolbox_node --ros-args -r __node:=slam_toolbox -r __ns:=/ --params-file /oomwoo/contributions/compute-benchmark/OsakaTX/scripts/lifelong_slam_params.yaml --params-file /tmp/launch_params_abv_ihd8"
2026-09-08T15:11:48Z,214,"slam15m_noise_n000_lifelong",57390,"bash",0.3,4436,1121,"bash /oomwoo/contributions/compute-benchmark/xbattlax/scripts/measure_ros_processes.sh --pattern python3|lifelong_slam_toolbox_node --duration 470 --interval 2 --label slam15m_noise_n000_lifelong --output /oomwoo/contributions/compute-benchmark/OsakaTX/scripts/../results/slam15m_noise_n000_lifelong_20260908T150401Z.csv"
2026-09-08T15:11:50Z,215,"slam15m_noise_n000_lifelong",191,"python3",0.1,69840,46606,"/usr/bin/python3 -c from ros2cli.daemon.daemonize import main; main() --name ros2-daemon --ros-domain-id 0 --rmw-implementation rmw_fastrtps_cpp"
2026-09-08T15:11:50Z,215,"slam15m_noise_n000_lifelong",57323,"python3",4.5,72596,49288,"python3 /oomwoo/contributions/compute-benchmark/OsakaTX/scripts/synthetic_scan_publisher.py --duration 505 --loop-s 40 --hz 5.0 --room-half 7.5 --noise 0.0"
2026-09-08T15:11:50Z,215,"slam15m_noise_n000_lifelong",57339,"ros2",0.5,74408,51423,"/usr/bin/python3 /opt/ros/jazzy/bin/ros2 launch /oomwoo/contributions/compute-benchmark/OsakaTX/scripts/lifelong_launch.py slam_params_file:=/oomwoo/contributions/compute-benchmark/OsakaTX/scripts/lifelong_slam_params.yaml use_sim_time:=False autostart:=true"
2026-09-08T15:11:50Z,215,"slam15m_noise_n000_lifelong",57356,"lifelong_slam_t",55.4,67884,53612,"/opt/ros/jazzy/lib/slam_toolbox/lifelong_slam_toolbox_node --ros-args -r __node:=slam_toolbox -r __ns:=/ --params-file /oomwoo/contributions/compute-benchmark/OsakaTX/scripts/lifelong_slam_params.yaml --params-file /tmp/launch_params_abv_ihd8"
2026-09-08T15:11:50Z,215,"slam15m_noise_n000_lifelong",57390,"bash",0.3,4436,1115,"bash /oomwoo/contributions/compute-benchmark/xbattlax/scripts/measure_ros_processes.sh --pattern python3|lifelong_slam_toolbox_node --duration 470 --interval 2 --label slam15m_noise_n000_lifelong --output /oomwoo/contributions/compute-benchmark/OsakaTX/scripts/../results/slam15m_noise_n000_lifelong_20260908T150401Z.csv"
2026-09-08T15:11:52Z,216,"slam15m_noise_n000_lifelong",191,"python3",0.1,69840,46605,"/usr/bin/python3 -c from ros2cli.daemon.daemonize import main; main() --name ros2-daemon --ros-domain-id 0 --rmw-implementation rmw_fastrtps_cpp"
2026-09-08T15:11:52Z,216,"slam15m_noise_n000_lifelong",57323,"python3",4.5,72596,49288,"python3 /oomwoo/contributions/compute-benchmark/OsakaTX/scripts/synthetic_scan_publisher.py --duration 505 --loop-s 40 --hz 5.0 --room-half 7.5 --noise 0.0"
2026-09-08T15:11:52Z,216,"slam15m_noise_n000_lifelong",57339,"ros2",0.5,74408,51423,"/usr/bin/python3 /opt/ros/jazzy/bin/ros2 launch /oomwoo/contributions/compute-benchmark/OsakaTX/scripts/lifelong_launch.py slam_params_file:=/oomwoo/contributions/compute-benchmark/OsakaTX/scripts/lifelong_slam_params.yaml use_sim_time:=False autostart:=true"
2026-09-08T15:11:52Z,216,"slam15m_noise_n000_lifelong",57356,"lifelong_slam_t",55.4,67884,53613,"/opt/ros/jazzy/lib/slam_toolbox/lifelong_slam_toolbox_node --ros-args -r __node:=slam_toolbox -r __ns:=/ --params-file /oomwoo/contributions/compute-benchmark/OsakaTX/scripts/lifelong_slam_params.yaml --params-file /tmp/launch_params_abv_ihd8"
2026-09-08T15:11:52Z,216,"slam15m_noise_n000_lifelong",57390,"bash",0.3,4436,1123,"bash /oomwoo/contributions/compute-benchmark/xbattlax/scripts/measure_ros_processes.sh --pattern python3|lifelong_slam_toolbox_node --duration 470 --interval 2 --label slam15m_noise_n000_lifelong --output /oomwoo/contributions/compute-benchmark/OsakaTX/scripts/../results/slam15m_noise_n000_lifelong_20260908T150401Z.csv"
2026-09-08T15:11:54Z,217,"slam15m_noise_n000_lifelong",191,"python3",0.1,69840,46605,"/usr/bin/python3 -c from ros2cli.daemon.daemonize import main; main() --name ros2-daemon --ros-domain-id 0 --rmw-implementation rmw_fastrtps_cpp"
2026-09-08T15:11:54Z,217,"slam15m_noise_n000_lifelong",57323,"python3",4.5,72596,49290,"python3 /oomwoo/contributions/compute-benchmark/OsakaTX/scripts/synthetic_scan_publisher.py --duration 505 --loop-s 40 --hz 5.0 --room-half 7.5 --noise 0.0"
2026-09-08T15:11:54Z,217,"slam15m_noise_n000_lifelong",57339,"ros2",0.5,74408,51423,"/usr/bin/python3 /opt/ros/jazzy/bin/ros2 launch /oomwoo/contributions/compute-benchmark/OsakaTX/scripts/lifelong_launch.py slam_params_file:=/oomwoo/contributions/compute-benchmark/OsakaTX/scripts/lifelong_slam_params.yaml use_sim_time:=False autostart:=true"
2026-09-08T15:11:54Z,217,"slam15m_noise_n000_lifelong",57356,"lifelong_slam_t",55.4,67884,53612,"/opt/ros/jazzy/lib/slam_toolbox/lifelong_slam_toolbox_node --ros-args -r __node:=slam_toolbox -r __ns:=/ --params-file /oomwoo/contributions/compute-benchmark/OsakaTX/scripts/lifelong_slam_params.yaml --params-file /tmp/launch_params_abv_ihd8"
2026-09-08T15:11:54Z,217,"slam15m_noise_n000_lifelong",57390,"bash",0.3,4436,1119,"bash /oomwoo/contributions/compute-benchmark/xbattlax/scripts/measure_ros_processes.sh --pattern python3|lifelong_slam_toolbox_node --duration 470 --interval 2 --label slam15m_noise_n000_lifelong --output /oomwoo/contributions/compute-benchmark/OsakaTX/scripts/../results/slam15m_noise_n000_lifelong_20260908T150401Z.csv"
2026-09-08T15:11:56Z,218,"slam15m_noise_n000_lifelong",191,"python3",0.1,69840,46605,"/usr/bin/python3 -c from ros2cli.daemon.daemonize import main; main() --name ros2-daemon --ros-domain-id 0 --rmw-implementation rmw_fastrtps_cpp"
2026-09-08T15:11:56Z,218,"slam15m_noise_n000_lifelong",57323,"python3",4.5,72596,49293,"python3 /oomwoo/contributions/compute-benchmark/OsakaTX/scripts/synthetic_scan_publisher.py --duration 505 --loop-s 40 --hz 5.0 --room-half 7.5 --noise 0.0"
2026-09-08T15:11:56Z,218,"slam15m_noise_n000_lifelong",57339,"ros2",0.5,74408,51423,"/usr/bin/python3 /opt/ros/jazzy/bin/ros2 launch /oomwoo/contributions/compute-benchmark/OsakaTX/scripts/lifelong_launch.py slam_params_file:=/oomwoo/contributions/compute-benchmark/OsakaTX/scripts/lifelong_slam_params.yaml use_sim_time:=False autostart:=true"
2026-09-08T15:11:56Z,218,"slam15m_noise_n000_lifelong",57356,"lifelong_slam_t",55.4,67884,53612,"/opt/ros/jazzy/lib/slam_toolbox/lifelong_slam_toolbox_node --ros-args -r __node:=slam_toolbox -r __ns:=/ --params-file /oomwoo/contributions/compute-benchmark/OsakaTX/scripts/lifelong_slam_params.yaml --params-file /tmp/launch_params_abv_ihd8"
2026-09-08T15:11:56Z,218,"slam15m_noise_n000_lifelong",57390,"bash",0.3,4436,1123,"bash /oomwoo/contributions/compute-benchmark/xbattlax/scripts/measure_ros_processes.sh --pattern python3|lifelong_slam_toolbox_node --duration 470 --interval 2 --label slam15m_noise_n000_lifelong --output /oomwoo/contributions/compute-benchmark/OsakaTX/scripts/../results/slam15m_noise_n000_lifelong_20260908T150401Z.csv"
2026-09-08T15:11:58Z,219,"slam15m_noise_n000_lifelong",191,"python3",0.1,69840,46604,"/usr/bin/python3 -c from ros2cli.daemon.daemonize import main; main() --name ros2-daemon --ros-domain-id 0 --rmw-implementation rmw_fastrtps_cpp"
2026-09-08T15:11:58Z,219,"slam15m_noise_n000_lifelong",57323,"python3",4.5,72596,49293,"python3 /oomwoo/contributions/compute-benchmark/OsakaTX/scripts/synthetic_scan_publisher.py --duration 505 --loop-s 40 --hz 5.0 --room-half 7.5 --noise 0.0"
2026-09-08T15:11:58Z,219,"slam15m_noise_n000_lifelong",57339,"ros2",0.5,74408,51423,"/usr/bin/python3 /opt/ros/jazzy/bin/ros2 launch /oomwoo/contributions/compute-benchmark/OsakaTX/scripts/lifelong_launch.py slam_params_file:=/oomwoo/contributions/compute-benchmark/OsakaTX/scripts/lifelong_slam_params.yaml use_sim_time:=False autostart:=true"
2026-09-08T15:11:58Z,219,"slam15m_noise_n000_lifelong",57356,"lifelong_slam_t",55.4,67884,53612,"/opt/ros/jazzy/lib/slam_toolbox/lifelong_slam_toolbox_node --ros-args -r __node:=slam_toolbox -r __ns:=/ --params-file /oomwoo/contributions/compute-benchmark/OsakaTX/scripts/lifelong_slam_params.yaml --params-file /tmp/launch_params_abv_ihd8"
2026-09-08T15:11:58Z,219,"slam15m_noise_n000_lifelong",57390,"bash",0.3,4436,1119,"bash /oomwoo/contributions/compute-benchmark/xbattlax/scripts/measure_ros_processes.sh --pattern python3|lifelong_slam_toolbox_node --duration 470 --interval 2 --label slam15m_noise_n000_lifelong --output /oomwoo/contributions/compute-benchmark/OsakaTX/scripts/../results/slam15m_noise_n000_lifelong_20260908T150401Z.csv"
2026-09-08T15:12:01Z,220,"slam15m_noise_n000_lifelong",191,"python3",0.1,69840,46606,"/usr/bin/python3 -c from ros2cli.daemon.daemonize import main; main() --name ros2-daemon --ros-domain-id 0 --rmw-implementation rmw_fastrtps_cpp"
2026-09-08T15:12:01Z,220,"slam15m_noise_n000_lifelong",57323,"python3",4.5,72596,49293,"python3 /oomwoo/contributions/compute-benchmark/OsakaTX/scripts/synthetic_scan_publisher.py --duration 505 --loop-s 40 --hz 5.0 --room-half 7.5 --noise 0.0"
2026-09-08T15:12:01Z,220,"slam15m_noise_n000_lifelong",57339,"ros2",0.5,74408,51424,"/usr/bin/python3 /opt/ros/jazzy/bin/ros2 launch /oomwoo/contributions/compute-benchmark/OsakaTX/scripts/lifelong_launch.py slam_params_file:=/oomwoo/contributions/compute-benchmark/OsakaTX/scripts/lifelong_slam_params.yaml use_sim_time:=False autostart:=true"
2026-09-08T15:12:01Z,220,"slam15m_noise_n000_lifelong",57356,"lifelong_slam_t",55.4,67884,53615,"/opt/ros/jazzy/lib/slam_toolbox/lifelong_slam_toolbox_node --ros-args -r __node:=slam_toolbox -r __ns:=/ --params-file /oomwoo/contributions/compute-benchmark/OsakaTX/scripts/lifelong_slam_params.yaml --params-file /tmp/launch_params_abv_ihd8"
2026-09-08T15:12:01Z,220,"slam15m_noise_n000_lifelong",57390,"bash",0.3,4436,1123,"bash /oomwoo/contributions/compute-benchmark/xbattlax/scripts/measure_ros_processes.sh --pattern python3|lifelong_slam_toolbox_node --duration 470 --interval 2 --label slam15m_noise_n000_lifelong --output /oomwoo/contributions/compute-benchmark/OsakaTX/scripts/../results/slam15m_noise_n000_lifelong_20260908T150401Z.csv"
