timestamp_utc,sample_index,label,pid,comm,cpu_percent,rss_kib,pss_kib,cmdline
2026-09-08T15:21:03Z,0,"slam15m_noise_n015_lifelong",111200,"python3",7.1,72064,49134,"python3 /oomwoo/contributions/compute-benchmark/OsakaTX/scripts/synthetic_scan_publisher.py --duration 505 --loop-s 40 --hz 5.0 --room-half 7.5 --noise 0.15"
2026-09-08T15:21:03Z,0,"slam15m_noise_n015_lifelong",111216,"ros2",6.5,74092,51026,"/usr/bin/python3 /opt/ros/jazzy/bin/ros2 launch /oomwoo/contributions/compute-benchmark/OsakaTX/scripts/lifelong_launch.py slam_params_file:=/oomwoo/contributions/compute-benchmark/OsakaTX/scripts/lifelong_slam_params.yaml use_sim_time:=False autostart:=true"
2026-09-08T15:21:03Z,0,"slam15m_noise_n015_lifelong",111233,"lifelong_slam_t",33.9,62068,48087,"/opt/ros/jazzy/lib/slam_toolbox/lifelong_slam_toolbox_node --ros-args -r __node:=slam_toolbox -r __ns:=/ --params-file /oomwoo/contributions/compute-benchmark/OsakaTX/scripts/lifelong_slam_params.yaml --params-file /tmp/launch_params_5ttjel40"
2026-09-08T15:21:03Z,0,"slam15m_noise_n015_lifelong",111267,"bash",0.0,4284,1090,"bash /oomwoo/contributions/compute-benchmark/xbattlax/scripts/measure_ros_processes.sh --pattern python3|lifelong_slam_toolbox_node --duration 470 --interval 2 --label slam15m_noise_n015_lifelong --output /oomwoo/contributions/compute-benchmark/OsakaTX/scripts/../results/slam15m_noise_n015_lifelong_20260908T152053Z.csv"
2026-09-08T15:21:03Z,0,"slam15m_noise_n015_lifelong",191,"python3",0.1,69864,46867,"/usr/bin/python3 -c from ros2cli.daemon.daemonize import main; main() --name ros2-daemon --ros-domain-id 0 --rmw-implementation rmw_fastrtps_cpp"
2026-09-08T15:21:05Z,1,"slam15m_noise_n015_lifelong",111200,"python3",6.7,72064,49137,"python3 /oomwoo/contributions/compute-benchmark/OsakaTX/scripts/synthetic_scan_publisher.py --duration 505 --loop-s 40 --hz 5.0 --room-half 7.5 --noise 0.15"
2026-09-08T15:21:05Z,1,"slam15m_noise_n015_lifelong",111216,"ros2",5.2,74108,51041,"/usr/bin/python3 /opt/ros/jazzy/bin/ros2 launch /oomwoo/contributions/compute-benchmark/OsakaTX/scripts/lifelong_launch.py slam_params_file:=/oomwoo/contributions/compute-benchmark/OsakaTX/scripts/lifelong_slam_params.yaml use_sim_time:=False autostart:=true"
2026-09-08T15:21:05Z,1,"slam15m_noise_n015_lifelong",111233,"lifelong_slam_t",45.5,62256,48275,"/opt/ros/jazzy/lib/slam_toolbox/lifelong_slam_toolbox_node --ros-args -r __node:=slam_toolbox -r __ns:=/ --params-file /oomwoo/contributions/compute-benchmark/OsakaTX/scripts/lifelong_slam_params.yaml --params-file /tmp/launch_params_5ttjel40"
2026-09-08T15:21:05Z,1,"slam15m_noise_n015_lifelong",111267,"bash",0.4,4296,1098,"bash /oomwoo/contributions/compute-benchmark/xbattlax/scripts/measure_ros_processes.sh --pattern python3|lifelong_slam_toolbox_node --duration 470 --interval 2 --label slam15m_noise_n015_lifelong --output /oomwoo/contributions/compute-benchmark/OsakaTX/scripts/../results/slam15m_noise_n015_lifelong_20260908T152053Z.csv"
2026-09-08T15:21:05Z,1,"slam15m_noise_n015_lifelong",191,"python3",0.1,69864,46865,"/usr/bin/python3 -c from ros2cli.daemon.daemonize import main; main() --name ros2-daemon --ros-domain-id 0 --rmw-implementation rmw_fastrtps_cpp"
2026-09-08T15:21:08Z,2,"slam15m_noise_n015_lifelong",111200,"python3",6.4,72064,49139,"python3 /oomwoo/contributions/compute-benchmark/OsakaTX/scripts/synthetic_scan_publisher.py --duration 505 --loop-s 40 --hz 5.0 --room-half 7.5 --noise 0.15"
2026-09-08T15:21:08Z,2,"slam15m_noise_n015_lifelong",111216,"ros2",4.4,74124,51058,"/usr/bin/python3 /opt/ros/jazzy/bin/ros2 launch /oomwoo/contributions/compute-benchmark/OsakaTX/scripts/lifelong_launch.py slam_params_file:=/oomwoo/contributions/compute-benchmark/OsakaTX/scripts/lifelong_slam_params.yaml use_sim_time:=False autostart:=true"
2026-09-08T15:21:08Z,2,"slam15m_noise_n015_lifelong",111233,"lifelong_slam_t",48.1,62280,48302,"/opt/ros/jazzy/lib/slam_toolbox/lifelong_slam_toolbox_node --ros-args -r __node:=slam_toolbox -r __ns:=/ --params-file /oomwoo/contributions/compute-benchmark/OsakaTX/scripts/lifelong_slam_params.yaml --params-file /tmp/launch_params_5ttjel40"
2026-09-08T15:21:08Z,2,"slam15m_noise_n015_lifelong",111267,"bash",0.2,4296,1105,"bash /oomwoo/contributions/compute-benchmark/xbattlax/scripts/measure_ros_processes.sh --pattern python3|lifelong_slam_toolbox_node --duration 470 --interval 2 --label slam15m_noise_n015_lifelong --output /oomwoo/contributions/compute-benchmark/OsakaTX/scripts/../results/slam15m_noise_n015_lifelong_20260908T152053Z.csv"
2026-09-08T15:21:08Z,2,"slam15m_noise_n015_lifelong",191,"python3",0.1,69864,46869,"/usr/bin/python3 -c from ros2cli.daemon.daemonize import main; main() --name ros2-daemon --ros-domain-id 0 --rmw-implementation rmw_fastrtps_cpp"
2026-09-08T15:21:10Z,3,"slam15m_noise_n015_lifelong",111200,"python3",6.2,72064,49138,"python3 /oomwoo/contributions/compute-benchmark/OsakaTX/scripts/synthetic_scan_publisher.py --duration 505 --loop-s 40 --hz 5.0 --room-half 7.5 --noise 0.15"
2026-09-08T15:21:10Z,3,"slam15m_noise_n015_lifelong",111216,"ros2",3.8,74124,51057,"/usr/bin/python3 /opt/ros/jazzy/bin/ros2 launch /oomwoo/contributions/compute-benchmark/OsakaTX/scripts/lifelong_launch.py slam_params_file:=/oomwoo/contributions/compute-benchmark/OsakaTX/scripts/lifelong_slam_params.yaml use_sim_time:=False autostart:=true"
2026-09-08T15:21:10Z,3,"slam15m_noise_n015_lifelong",111233,"lifelong_slam_t",56.9,62340,48358,"/opt/ros/jazzy/lib/slam_toolbox/lifelong_slam_toolbox_node --ros-args -r __node:=slam_toolbox -r __ns:=/ --params-file /oomwoo/contributions/compute-benchmark/OsakaTX/scripts/lifelong_slam_params.yaml --params-file /tmp/launch_params_5ttjel40"
2026-09-08T15:21:10Z,3,"slam15m_noise_n015_lifelong",111267,"bash",0.3,4300,1102,"bash /oomwoo/contributions/compute-benchmark/xbattlax/scripts/measure_ros_processes.sh --pattern python3|lifelong_slam_toolbox_node --duration 470 --interval 2 --label slam15m_noise_n015_lifelong --output /oomwoo/contributions/compute-benchmark/OsakaTX/scripts/../results/slam15m_noise_n015_lifelong_20260908T152053Z.csv"
2026-09-08T15:21:10Z,3,"slam15m_noise_n015_lifelong",191,"python3",0.1,69864,46867,"/usr/bin/python3 -c from ros2cli.daemon.daemonize import main; main() --name ros2-daemon --ros-domain-id 0 --rmw-implementation rmw_fastrtps_cpp"
2026-09-08T15:21:12Z,4,"slam15m_noise_n015_lifelong",111200,"python3",6.0,72064,49129,"python3 /oomwoo/contributions/compute-benchmark/OsakaTX/scripts/synthetic_scan_publisher.py --duration 505 --loop-s 40 --hz 5.0 --room-half 7.5 --noise 0.15"
2026-09-08T15:21:12Z,4,"slam15m_noise_n015_lifelong",111216,"ros2",3.3,74156,51089,"/usr/bin/python3 /opt/ros/jazzy/bin/ros2 launch /oomwoo/contributions/compute-benchmark/OsakaTX/scripts/lifelong_launch.py slam_params_file:=/oomwoo/contributions/compute-benchmark/OsakaTX/scripts/lifelong_slam_params.yaml use_sim_time:=False autostart:=true"
2026-09-08T15:21:12Z,4,"slam15m_noise_n015_lifelong",111233,"lifelong_slam_t",62.5,62548,48570,"/opt/ros/jazzy/lib/slam_toolbox/lifelong_slam_toolbox_node --ros-args -r __node:=slam_toolbox -r __ns:=/ --params-file /oomwoo/contributions/compute-benchmark/OsakaTX/scripts/lifelong_slam_params.yaml --params-file /tmp/launch_params_5ttjel40"
2026-09-08T15:21:12Z,4,"slam15m_noise_n015_lifelong",111267,"bash",0.4,4300,1108,"bash /oomwoo/contributions/compute-benchmark/xbattlax/scripts/measure_ros_processes.sh --pattern python3|lifelong_slam_toolbox_node --duration 470 --interval 2 --label slam15m_noise_n015_lifelong --output /oomwoo/contributions/compute-benchmark/OsakaTX/scripts/../results/slam15m_noise_n015_lifelong_20260908T152053Z.csv"
2026-09-08T15:21:12Z,4,"slam15m_noise_n015_lifelong",191,"python3",0.1,69864,46867,"/usr/bin/python3 -c from ros2cli.daemon.daemonize import main; main() --name ros2-daemon --ros-domain-id 0 --rmw-implementation rmw_fastrtps_cpp"
2026-09-08T15:21:14Z,5,"slam15m_noise_n015_lifelong",111200,"python3",5.9,72064,49140,"python3 /oomwoo/contributions/compute-benchmark/OsakaTX/scripts/synthetic_scan_publisher.py --duration 505 --loop-s 40 --hz 5.0 --room-half 7.5 --noise 0.15"
2026-09-08T15:21:14Z,5,"slam15m_noise_n015_lifelong",111216,"ros2",3.0,74156,51091,"/usr/bin/python3 /opt/ros/jazzy/bin/ros2 launch /oomwoo/contributions/compute-benchmark/OsakaTX/scripts/lifelong_launch.py slam_params_file:=/oomwoo/contributions/compute-benchmark/OsakaTX/scripts/lifelong_slam_params.yaml use_sim_time:=False autostart:=true"
2026-09-08T15:21:14Z,5,"slam15m_noise_n015_lifelong",111233,"lifelong_slam_t",67.6,62668,48686,"/opt/ros/jazzy/lib/slam_toolbox/lifelong_slam_toolbox_node --ros-args -r __node:=slam_toolbox -r __ns:=/ --params-file /oomwoo/contributions/compute-benchmark/OsakaTX/scripts/lifelong_slam_params.yaml --params-file /tmp/launch_params_5ttjel40"
2026-09-08T15:21:14Z,5,"slam15m_noise_n015_lifelong",111267,"bash",0.3,4300,1108,"bash /oomwoo/contributions/compute-benchmark/xbattlax/scripts/measure_ros_processes.sh --pattern python3|lifelong_slam_toolbox_node --duration 470 --interval 2 --label slam15m_noise_n015_lifelong --output /oomwoo/contributions/compute-benchmark/OsakaTX/scripts/../results/slam15m_noise_n015_lifelong_20260908T152053Z.csv"
2026-09-08T15:21:14Z,5,"slam15m_noise_n015_lifelong",191,"python3",0.1,69864,46867,"/usr/bin/python3 -c from ros2cli.daemon.daemonize import main; main() --name ros2-daemon --ros-domain-id 0 --rmw-implementation rmw_fastrtps_cpp"
2026-09-08T15:21:16Z,6,"slam15m_noise_n015_lifelong",111200,"python3",5.8,72064,49131,"python3 /oomwoo/contributions/compute-benchmark/OsakaTX/scripts/synthetic_scan_publisher.py --duration 505 --loop-s 40 --hz 5.0 --room-half 7.5 --noise 0.15"
2026-09-08T15:21:16Z,6,"slam15m_noise_n015_lifelong",111216,"ros2",2.7,74164,51097,"/usr/bin/python3 /opt/ros/jazzy/bin/ros2 launch /oomwoo/contributions/compute-benchmark/OsakaTX/scripts/lifelong_launch.py slam_params_file:=/oomwoo/contributions/compute-benchmark/OsakaTX/scripts/lifelong_slam_params.yaml use_sim_time:=False autostart:=true"
2026-09-08T15:21:16Z,6,"slam15m_noise_n015_lifelong",111233,"lifelong_slam_t",71.8,62788,48809,"/opt/ros/jazzy/lib/slam_toolbox/lifelong_slam_toolbox_node --ros-args -r __node:=slam_toolbox -r __ns:=/ --params-file /oomwoo/contributions/compute-benchmark/OsakaTX/scripts/lifelong_slam_params.yaml --params-file /tmp/launch_params_5ttjel40"
2026-09-08T15:21:16Z,6,"slam15m_noise_n015_lifelong",111267,"bash",0.3,4300,1110,"bash /oomwoo/contributions/compute-benchmark/xbattlax/scripts/measure_ros_processes.sh --pattern python3|lifelong_slam_toolbox_node --duration 470 --interval 2 --label slam15m_noise_n015_lifelong --output /oomwoo/contributions/compute-benchmark/OsakaTX/scripts/../results/slam15m_noise_n015_lifelong_20260908T152053Z.csv"
2026-09-08T15:21:16Z,6,"slam15m_noise_n015_lifelong",191,"python3",0.1,69864,46867,"/usr/bin/python3 -c from ros2cli.daemon.daemonize import main; main() --name ros2-daemon --ros-domain-id 0 --rmw-implementation rmw_fastrtps_cpp"
2026-09-08T15:21:18Z,7,"slam15m_noise_n015_lifelong",111200,"python3",5.7,72068,49133,"python3 /oomwoo/contributions/compute-benchmark/OsakaTX/scripts/synthetic_scan_publisher.py --duration 505 --loop-s 40 --hz 5.0 --room-half 7.5 --noise 0.15"
2026-09-08T15:21:18Z,7,"slam15m_noise_n015_lifelong",111216,"ros2",2.5,74164,51100,"/usr/bin/python3 /opt/ros/jazzy/bin/ros2 launch /oomwoo/contributions/compute-benchmark/OsakaTX/scripts/lifelong_launch.py slam_params_file:=/oomwoo/contributions/compute-benchmark/OsakaTX/scripts/lifelong_slam_params.yaml use_sim_time:=False autostart:=true"
2026-09-08T15:21:18Z,7,"slam15m_noise_n015_lifelong",111233,"lifelong_slam_t",74.9,62928,48949,"/opt/ros/jazzy/lib/slam_toolbox/lifelong_slam_toolbox_node --ros-args -r __node:=slam_toolbox -r __ns:=/ --params-file /oomwoo/contributions/compute-benchmark/OsakaTX/scripts/lifelong_slam_params.yaml --params-file /tmp/launch_params_5ttjel40"
2026-09-08T15:21:18Z,7,"slam15m_noise_n015_lifelong",111267,"bash",0.3,4300,1112,"bash /oomwoo/contributions/compute-benchmark/xbattlax/scripts/measure_ros_processes.sh --pattern python3|lifelong_slam_toolbox_node --duration 470 --interval 2 --label slam15m_noise_n015_lifelong --output /oomwoo/contributions/compute-benchmark/OsakaTX/scripts/../results/slam15m_noise_n015_lifelong_20260908T152053Z.csv"
2026-09-08T15:21:18Z,7,"slam15m_noise_n015_lifelong",191,"python3",0.1,69864,46867,"/usr/bin/python3 -c from ros2cli.daemon.daemonize import main; main() --name ros2-daemon --ros-domain-id 0 --rmw-implementation rmw_fastrtps_cpp"
2026-09-08T15:21:20Z,8,"slam15m_noise_n015_lifelong",111200,"python3",5.6,72068,49138,"python3 /oomwoo/contributions/compute-benchmark/OsakaTX/scripts/synthetic_scan_publisher.py --duration 505 --loop-s 40 --hz 5.0 --room-half 7.5 --noise 0.15"
2026-09-08T15:21:20Z,8,"slam15m_noise_n015_lifelong",111216,"ros2",2.3,74196,51131,"/usr/bin/python3 /opt/ros/jazzy/bin/ros2 launch /oomwoo/contributions/compute-benchmark/OsakaTX/scripts/lifelong_launch.py slam_params_file:=/oomwoo/contributions/compute-benchmark/OsakaTX/scripts/lifelong_slam_params.yaml use_sim_time:=False autostart:=true"
2026-09-08T15:21:20Z,8,"slam15m_noise_n015_lifelong",111233,"lifelong_slam_t",78.7,63116,49136,"/opt/ros/jazzy/lib/slam_toolbox/lifelong_slam_toolbox_node --ros-args -r __node:=slam_toolbox -r __ns:=/ --params-file /oomwoo/contributions/compute-benchmark/OsakaTX/scripts/lifelong_slam_params.yaml --params-file /tmp/launch_params_5ttjel40"
2026-09-08T15:21:20Z,8,"slam15m_noise_n015_lifelong",111267,"bash",0.3,4300,1104,"bash /oomwoo/contributions/compute-benchmark/xbattlax/scripts/measure_ros_processes.sh --pattern python3|lifelong_slam_toolbox_node --duration 470 --interval 2 --label slam15m_noise_n015_lifelong --output /oomwoo/contributions/compute-benchmark/OsakaTX/scripts/../results/slam15m_noise_n015_lifelong_20260908T152053Z.csv"
2026-09-08T15:21:20Z,8,"slam15m_noise_n015_lifelong",191,"python3",0.1,69864,46867,"/usr/bin/python3 -c from ros2cli.daemon.daemonize import main; main() --name ros2-daemon --ros-domain-id 0 --rmw-implementation rmw_fastrtps_cpp"
2026-09-08T15:21:23Z,9,"slam15m_noise_n015_lifelong",111200,"python3",5.6,72068,49133,"python3 /oomwoo/contributions/compute-benchmark/OsakaTX/scripts/synthetic_scan_publisher.py --duration 505 --loop-s 40 --hz 5.0 --room-half 7.5 --noise 0.15"
2026-09-08T15:21:23Z,9,"slam15m_noise_n015_lifelong",111216,"ros2",2.1,74196,51130,"/usr/bin/python3 /opt/ros/jazzy/bin/ros2 launch /oomwoo/contributions/compute-benchmark/OsakaTX/scripts/lifelong_launch.py slam_params_file:=/oomwoo/contributions/compute-benchmark/OsakaTX/scripts/lifelong_slam_params.yaml use_sim_time:=False autostart:=true"
2026-09-08T15:21:23Z,9,"slam15m_noise_n015_lifelong",111233,"lifelong_slam_t",80.7,63204,49225,"/opt/ros/jazzy/lib/slam_toolbox/lifelong_slam_toolbox_node --ros-args -r __node:=slam_toolbox -r __ns:=/ --params-file /oomwoo/contributions/compute-benchmark/OsakaTX/scripts/lifelong_slam_params.yaml --params-file /tmp/launch_params_5ttjel40"
2026-09-08T15:21:23Z,9,"slam15m_noise_n015_lifelong",111267,"bash",0.4,4300,1110,"bash /oomwoo/contributions/compute-benchmark/xbattlax/scripts/measure_ros_processes.sh --pattern python3|lifelong_slam_toolbox_node --duration 470 --interval 2 --label slam15m_noise_n015_lifelong --output /oomwoo/contributions/compute-benchmark/OsakaTX/scripts/../results/slam15m_noise_n015_lifelong_20260908T152053Z.csv"
2026-09-08T15:21:23Z,9,"slam15m_noise_n015_lifelong",191,"python3",0.1,69864,46867,"/usr/bin/python3 -c from ros2cli.daemon.daemonize import main; main() --name ros2-daemon --ros-domain-id 0 --rmw-implementation rmw_fastrtps_cpp"
2026-09-08T15:21:25Z,10,"slam15m_noise_n015_lifelong",111200,"python3",5.5,72068,49139,"python3 /oomwoo/contributions/compute-benchmark/OsakaTX/scripts/synthetic_scan_publisher.py --duration 505 --loop-s 40 --hz 5.0 --room-half 7.5 --noise 0.15"
2026-09-08T15:21:25Z,10,"slam15m_noise_n015_lifelong",111216,"ros2",2.0,74208,51142,"/usr/bin/python3 /opt/ros/jazzy/bin/ros2 launch /oomwoo/contributions/compute-benchmark/OsakaTX/scripts/lifelong_launch.py slam_params_file:=/oomwoo/contributions/compute-benchmark/OsakaTX/scripts/lifelong_slam_params.yaml use_sim_time:=False autostart:=true"
2026-09-08T15:21:25Z,10,"slam15m_noise_n015_lifelong",111233,"lifelong_slam_t",83.0,63348,49370,"/opt/ros/jazzy/lib/slam_toolbox/lifelong_slam_toolbox_node --ros-args -r __node:=slam_toolbox -r __ns:=/ --params-file /oomwoo/contributions/compute-benchmark/OsakaTX/scripts/lifelong_slam_params.yaml --params-file /tmp/launch_params_5ttjel40"
2026-09-08T15:21:25Z,10,"slam15m_noise_n015_lifelong",111267,"bash",0.4,4300,1109,"bash /oomwoo/contributions/compute-benchmark/xbattlax/scripts/measure_ros_processes.sh --pattern python3|lifelong_slam_toolbox_node --duration 470 --interval 2 --label slam15m_noise_n015_lifelong --output /oomwoo/contributions/compute-benchmark/OsakaTX/scripts/../results/slam15m_noise_n015_lifelong_20260908T152053Z.csv"
2026-09-08T15:21:25Z,10,"slam15m_noise_n015_lifelong",191,"python3",0.1,69864,46865,"/usr/bin/python3 -c from ros2cli.daemon.daemonize import main; main() --name ros2-daemon --ros-domain-id 0 --rmw-implementation rmw_fastrtps_cpp"
2026-09-08T15:21:27Z,11,"slam15m_noise_n015_lifelong",111200,"python3",5.5,72068,49138,"python3 /oomwoo/contributions/compute-benchmark/OsakaTX/scripts/synthetic_scan_publisher.py --duration 505 --loop-s 40 --hz 5.0 --room-half 7.5 --noise 0.15"
2026-09-08T15:21:27Z,11,"slam15m_noise_n015_lifelong",111216,"ros2",1.9,74224,51158,"/usr/bin/python3 /opt/ros/jazzy/bin/ros2 launch /oomwoo/contributions/compute-benchmark/OsakaTX/scripts/lifelong_launch.py slam_params_file:=/oomwoo/contributions/compute-benchmark/OsakaTX/scripts/lifelong_slam_params.yaml use_sim_time:=False autostart:=true"
2026-09-08T15:21:27Z,11,"slam15m_noise_n015_lifelong",111233,"lifelong_slam_t",84.8,63476,49498,"/opt/ros/jazzy/lib/slam_toolbox/lifelong_slam_toolbox_node --ros-args -r __node:=slam_toolbox -r __ns:=/ --params-file /oomwoo/contributions/compute-benchmark/OsakaTX/scripts/lifelong_slam_params.yaml --params-file /tmp/launch_params_5ttjel40"
2026-09-08T15:21:27Z,11,"slam15m_noise_n015_lifelong",111267,"bash",0.4,4300,1112,"bash /oomwoo/contributions/compute-benchmark/xbattlax/scripts/measure_ros_processes.sh --pattern python3|lifelong_slam_toolbox_node --duration 470 --interval 2 --label slam15m_noise_n015_lifelong --output /oomwoo/contributions/compute-benchmark/OsakaTX/scripts/../results/slam15m_noise_n015_lifelong_20260908T152053Z.csv"
2026-09-08T15:21:27Z,11,"slam15m_noise_n015_lifelong",191,"python3",0.1,69864,46867,"/usr/bin/python3 -c from ros2cli.daemon.daemonize import main; main() --name ros2-daemon --ros-domain-id 0 --rmw-implementation rmw_fastrtps_cpp"
2026-09-08T15:21:29Z,12,"slam15m_noise_n015_lifelong",111200,"python3",5.5,72068,49129,"python3 /oomwoo/contributions/compute-benchmark/OsakaTX/scripts/synthetic_scan_publisher.py --duration 505 --loop-s 40 --hz 5.0 --room-half 7.5 --noise 0.15"
2026-09-08T15:21:29Z,12,"slam15m_noise_n015_lifelong",111216,"ros2",1.8,74224,51157,"/usr/bin/python3 /opt/ros/jazzy/bin/ros2 launch /oomwoo/contributions/compute-benchmark/OsakaTX/scripts/lifelong_launch.py slam_params_file:=/oomwoo/contributions/compute-benchmark/OsakaTX/scripts/lifelong_slam_params.yaml use_sim_time:=False autostart:=true"
2026-09-08T15:21:29Z,12,"slam15m_noise_n015_lifelong",111233,"lifelong_slam_t",86.4,63708,49730,"/opt/ros/jazzy/lib/slam_toolbox/lifelong_slam_toolbox_node --ros-args -r __node:=slam_toolbox -r __ns:=/ --params-file /oomwoo/contributions/compute-benchmark/OsakaTX/scripts/lifelong_slam_params.yaml --params-file /tmp/launch_params_5ttjel40"
2026-09-08T15:21:29Z,12,"slam15m_noise_n015_lifelong",111267,"bash",0.3,4300,1108,"bash /oomwoo/contributions/compute-benchmark/xbattlax/scripts/measure_ros_processes.sh --pattern python3|lifelong_slam_toolbox_node --duration 470 --interval 2 --label slam15m_noise_n015_lifelong --output /oomwoo/contributions/compute-benchmark/OsakaTX/scripts/../results/slam15m_noise_n015_lifelong_20260908T152053Z.csv"
2026-09-08T15:21:29Z,12,"slam15m_noise_n015_lifelong",191,"python3",0.1,69864,46866,"/usr/bin/python3 -c from ros2cli.daemon.daemonize import main; main() --name ros2-daemon --ros-domain-id 0 --rmw-implementation rmw_fastrtps_cpp"
2026-09-08T15:21:31Z,13,"slam15m_noise_n015_lifelong",111200,"python3",5.4,72068,49139,"python3 /oomwoo/contributions/compute-benchmark/OsakaTX/scripts/synthetic_scan_publisher.py --duration 505 --loop-s 40 --hz 5.0 --room-half 7.5 --noise 0.15"
2026-09-08T15:21:31Z,13,"slam15m_noise_n015_lifelong",111216,"ros2",1.8,74236,51169,"/usr/bin/python3 /opt/ros/jazzy/bin/ros2 launch /oomwoo/contributions/compute-benchmark/OsakaTX/scripts/lifelong_launch.py slam_params_file:=/oomwoo/contributions/compute-benchmark/OsakaTX/scripts/lifelong_slam_params.yaml use_sim_time:=False autostart:=true"
2026-09-08T15:21:31Z,13,"slam15m_noise_n015_lifelong",111233,"lifelong_slam_t",88.2,63712,49734,"/opt/ros/jazzy/lib/slam_toolbox/lifelong_slam_toolbox_node --ros-args -r __node:=slam_toolbox -r __ns:=/ --params-file /oomwoo/contributions/compute-benchmark/OsakaTX/scripts/lifelong_slam_params.yaml --params-file /tmp/launch_params_5ttjel40"
2026-09-08T15:21:31Z,13,"slam15m_noise_n015_lifelong",111267,"bash",0.3,4300,1112,"bash /oomwoo/contributions/compute-benchmark/xbattlax/scripts/measure_ros_processes.sh --pattern python3|lifelong_slam_toolbox_node --duration 470 --interval 2 --label slam15m_noise_n015_lifelong --output /oomwoo/contributions/compute-benchmark/OsakaTX/scripts/../results/slam15m_noise_n015_lifelong_20260908T152053Z.csv"
2026-09-08T15:21:31Z,13,"slam15m_noise_n015_lifelong",191,"python3",0.1,69864,46865,"/usr/bin/python3 -c from ros2cli.daemon.daemonize import main; main() --name ros2-daemon --ros-domain-id 0 --rmw-implementation rmw_fastrtps_cpp"
2026-09-08T15:21:33Z,14,"slam15m_noise_n015_lifelong",111200,"python3",5.3,72068,49129,"python3 /oomwoo/contributions/compute-benchmark/OsakaTX/scripts/synthetic_scan_publisher.py --duration 505 --loop-s 40 --hz 5.0 --room-half 7.5 --noise 0.15"
2026-09-08T15:21:33Z,14,"slam15m_noise_n015_lifelong",111216,"ros2",1.7,74236,51171,"/usr/bin/python3 /opt/ros/jazzy/bin/ros2 launch /oomwoo/contributions/compute-benchmark/OsakaTX/scripts/lifelong_launch.py slam_params_file:=/oomwoo/contributions/compute-benchmark/OsakaTX/scripts/lifelong_slam_params.yaml use_sim_time:=False autostart:=true"
2026-09-08T15:21:33Z,14,"slam15m_noise_n015_lifelong",111233,"lifelong_slam_t",89.4,63828,49849,"/opt/ros/jazzy/lib/slam_toolbox/lifelong_slam_toolbox_node --ros-args -r __node:=slam_toolbox -r __ns:=/ --params-file /oomwoo/contributions/compute-benchmark/OsakaTX/scripts/lifelong_slam_params.yaml --params-file /tmp/launch_params_5ttjel40"
2026-09-08T15:21:33Z,14,"slam15m_noise_n015_lifelong",111267,"bash",0.3,4300,1112,"bash /oomwoo/contributions/compute-benchmark/xbattlax/scripts/measure_ros_processes.sh --pattern python3|lifelong_slam_toolbox_node --duration 470 --interval 2 --label slam15m_noise_n015_lifelong --output /oomwoo/contributions/compute-benchmark/OsakaTX/scripts/../results/slam15m_noise_n015_lifelong_20260908T152053Z.csv"
2026-09-08T15:21:33Z,14,"slam15m_noise_n015_lifelong",191,"python3",0.1,69864,46865,"/usr/bin/python3 -c from ros2cli.daemon.daemonize import main; main() --name ros2-daemon --ros-domain-id 0 --rmw-implementation rmw_fastrtps_cpp"
2026-09-08T15:21:36Z,15,"slam15m_noise_n015_lifelong",111200,"python3",5.3,72068,49139,"python3 /oomwoo/contributions/compute-benchmark/OsakaTX/scripts/synthetic_scan_publisher.py --duration 505 --loop-s 40 --hz 5.0 --room-half 7.5 --noise 0.15"
2026-09-08T15:21:36Z,15,"slam15m_noise_n015_lifelong",111216,"ros2",1.6,74252,51187,"/usr/bin/python3 /opt/ros/jazzy/bin/ros2 launch /oomwoo/contributions/compute-benchmark/OsakaTX/scripts/lifelong_launch.py slam_params_file:=/oomwoo/contributions/compute-benchmark/OsakaTX/scripts/lifelong_slam_params.yaml use_sim_time:=False autostart:=true"
2026-09-08T15:21:36Z,15,"slam15m_noise_n015_lifelong",111233,"lifelong_slam_t",91.4,63936,49957,"/opt/ros/jazzy/lib/slam_toolbox/lifelong_slam_toolbox_node --ros-args -r __node:=slam_toolbox -r __ns:=/ --params-file /oomwoo/contributions/compute-benchmark/OsakaTX/scripts/lifelong_slam_params.yaml --params-file /tmp/launch_params_5ttjel40"
2026-09-08T15:21:36Z,15,"slam15m_noise_n015_lifelong",111267,"bash",0.4,4304,1110,"bash /oomwoo/contributions/compute-benchmark/xbattlax/scripts/measure_ros_processes.sh --pattern python3|lifelong_slam_toolbox_node --duration 470 --interval 2 --label slam15m_noise_n015_lifelong --output /oomwoo/contributions/compute-benchmark/OsakaTX/scripts/../results/slam15m_noise_n015_lifelong_20260908T152053Z.csv"
2026-09-08T15:21:36Z,15,"slam15m_noise_n015_lifelong",191,"python3",0.1,69864,46866,"/usr/bin/python3 -c from ros2cli.daemon.daemonize import main; main() --name ros2-daemon --ros-domain-id 0 --rmw-implementation rmw_fastrtps_cpp"
2026-09-08T15:21:38Z,16,"slam15m_noise_n015_lifelong",111200,"python3",5.3,72068,49143,"python3 /oomwoo/contributions/compute-benchmark/OsakaTX/scripts/synthetic_scan_publisher.py --duration 505 --loop-s 40 --hz 5.0 --room-half 7.5 --noise 0.15"
2026-09-08T15:21:38Z,16,"slam15m_noise_n015_lifelong",111216,"ros2",1.5,74260,51196,"/usr/bin/python3 /opt/ros/jazzy/bin/ros2 launch /oomwoo/contributions/compute-benchmark/OsakaTX/scripts/lifelong_launch.py slam_params_file:=/oomwoo/contributions/compute-benchmark/OsakaTX/scripts/lifelong_slam_params.yaml use_sim_time:=False autostart:=true"
2026-09-08T15:21:38Z,16,"slam15m_noise_n015_lifelong",111233,"lifelong_slam_t",92.9,64048,50066,"/opt/ros/jazzy/lib/slam_toolbox/lifelong_slam_toolbox_node --ros-args -r __node:=slam_toolbox -r __ns:=/ --params-file /oomwoo/contributions/compute-benchmark/OsakaTX/scripts/lifelong_slam_params.yaml --params-file /tmp/launch_params_5ttjel40"
2026-09-08T15:21:38Z,16,"slam15m_noise_n015_lifelong",111267,"bash",0.3,4304,1113,"bash /oomwoo/contributions/compute-benchmark/xbattlax/scripts/measure_ros_processes.sh --pattern python3|lifelong_slam_toolbox_node --duration 470 --interval 2 --label slam15m_noise_n015_lifelong --output /oomwoo/contributions/compute-benchmark/OsakaTX/scripts/../results/slam15m_noise_n015_lifelong_20260908T152053Z.csv"
2026-09-08T15:21:38Z,16,"slam15m_noise_n015_lifelong",191,"python3",0.1,69864,46864,"/usr/bin/python3 -c from ros2cli.daemon.daemonize import main; main() --name ros2-daemon --ros-domain-id 0 --rmw-implementation rmw_fastrtps_cpp"
2026-09-08T15:21:40Z,17,"slam15m_noise_n015_lifelong",111200,"python3",5.3,72068,49139,"python3 /oomwoo/contributions/compute-benchmark/OsakaTX/scripts/synthetic_scan_publisher.py --duration 505 --loop-s 40 --hz 5.0 --room-half 7.5 --noise 0.15"
2026-09-08T15:21:40Z,17,"slam15m_noise_n015_lifelong",111216,"ros2",1.5,74260,51196,"/usr/bin/python3 /opt/ros/jazzy/bin/ros2 launch /oomwoo/contributions/compute-benchmark/OsakaTX/scripts/lifelong_launch.py slam_params_file:=/oomwoo/contributions/compute-benchmark/OsakaTX/scripts/lifelong_slam_params.yaml use_sim_time:=False autostart:=true"
2026-09-08T15:21:40Z,17,"slam15m_noise_n015_lifelong",111233,"lifelong_slam_t",94.0,64048,50069,"/opt/ros/jazzy/lib/slam_toolbox/lifelong_slam_toolbox_node --ros-args -r __node:=slam_toolbox -r __ns:=/ --params-file /oomwoo/contributions/compute-benchmark/OsakaTX/scripts/lifelong_slam_params.yaml --params-file /tmp/launch_params_5ttjel40"
2026-09-08T15:21:40Z,17,"slam15m_noise_n015_lifelong",111267,"bash",0.3,4304,1108,"bash /oomwoo/contributions/compute-benchmark/xbattlax/scripts/measure_ros_processes.sh --pattern python3|lifelong_slam_toolbox_node --duration 470 --interval 2 --label slam15m_noise_n015_lifelong --output /oomwoo/contributions/compute-benchmark/OsakaTX/scripts/../results/slam15m_noise_n015_lifelong_20260908T152053Z.csv"
2026-09-08T15:21:40Z,17,"slam15m_noise_n015_lifelong",191,"python3",0.1,69864,46867,"/usr/bin/python3 -c from ros2cli.daemon.daemonize import main; main() --name ros2-daemon --ros-domain-id 0 --rmw-implementation rmw_fastrtps_cpp"
2026-09-08T15:21:42Z,18,"slam15m_noise_n015_lifelong",111200,"python3",5.2,72068,49130,"python3 /oomwoo/contributions/compute-benchmark/OsakaTX/scripts/synthetic_scan_publisher.py --duration 505 --loop-s 40 --hz 5.0 --room-half 7.5 --noise 0.15"
2026-09-08T15:21:42Z,18,"slam15m_noise_n015_lifelong",111216,"ros2",1.4,74260,51196,"/usr/bin/python3 /opt/ros/jazzy/bin/ros2 launch /oomwoo/contributions/compute-benchmark/OsakaTX/scripts/lifelong_launch.py slam_params_file:=/oomwoo/contributions/compute-benchmark/OsakaTX/scripts/lifelong_slam_params.yaml use_sim_time:=False autostart:=true"
2026-09-08T15:21:42Z,18,"slam15m_noise_n015_lifelong",111233,"lifelong_slam_t",95.7,64196,50215,"/opt/ros/jazzy/lib/slam_toolbox/lifelong_slam_toolbox_node --ros-args -r __node:=slam_toolbox -r __ns:=/ --params-file /oomwoo/contributions/compute-benchmark/OsakaTX/scripts/lifelong_slam_params.yaml --params-file /tmp/launch_params_5ttjel40"
2026-09-08T15:21:42Z,18,"slam15m_noise_n015_lifelong",111267,"bash",0.3,4304,1114,"bash /oomwoo/contributions/compute-benchmark/xbattlax/scripts/measure_ros_processes.sh --pattern python3|lifelong_slam_toolbox_node --duration 470 --interval 2 --label slam15m_noise_n015_lifelong --output /oomwoo/contributions/compute-benchmark/OsakaTX/scripts/../results/slam15m_noise_n015_lifelong_20260908T152053Z.csv"
2026-09-08T15:21:42Z,18,"slam15m_noise_n015_lifelong",191,"python3",0.1,69864,46865,"/usr/bin/python3 -c from ros2cli.daemon.daemonize import main; main() --name ros2-daemon --ros-domain-id 0 --rmw-implementation rmw_fastrtps_cpp"
2026-09-08T15:21:44Z,19,"slam15m_noise_n015_lifelong",111200,"python3",5.2,72068,49142,"python3 /oomwoo/contributions/compute-benchmark/OsakaTX/scripts/synthetic_scan_publisher.py --duration 505 --loop-s 40 --hz 5.0 --room-half 7.5 --noise 0.15"
2026-09-08T15:21:44Z,19,"slam15m_noise_n015_lifelong",111216,"ros2",1.4,74260,51195,"/usr/bin/python3 /opt/ros/jazzy/bin/ros2 launch /oomwoo/contributions/compute-benchmark/OsakaTX/scripts/lifelong_launch.py slam_params_file:=/oomwoo/contributions/compute-benchmark/OsakaTX/scripts/lifelong_slam_params.yaml use_sim_time:=False autostart:=true"
2026-09-08T15:21:44Z,19,"slam15m_noise_n015_lifelong",111233,"lifelong_slam_t",96.4,64196,50217,"/opt/ros/jazzy/lib/slam_toolbox/lifelong_slam_toolbox_node --ros-args -r __node:=slam_toolbox -r __ns:=/ --params-file /oomwoo/contributions/compute-benchmark/OsakaTX/scripts/lifelong_slam_params.yaml --params-file /tmp/launch_params_5ttjel40"
2026-09-08T15:21:44Z,19,"slam15m_noise_n015_lifelong",111267,"bash",0.3,4304,1111,"bash /oomwoo/contributions/compute-benchmark/xbattlax/scripts/measure_ros_processes.sh --pattern python3|lifelong_slam_toolbox_node --duration 470 --interval 2 --label slam15m_noise_n015_lifelong --output /oomwoo/contributions/compute-benchmark/OsakaTX/scripts/../results/slam15m_noise_n015_lifelong_20260908T152053Z.csv"
2026-09-08T15:21:44Z,19,"slam15m_noise_n015_lifelong",191,"python3",0.1,69864,46867,"/usr/bin/python3 -c from ros2cli.daemon.daemonize import main; main() --name ros2-daemon --ros-domain-id 0 --rmw-implementation rmw_fastrtps_cpp"
2026-09-08T15:21:46Z,20,"slam15m_noise_n015_lifelong",111200,"python3",5.2,72068,49142,"python3 /oomwoo/contributions/compute-benchmark/OsakaTX/scripts/synthetic_scan_publisher.py --duration 505 --loop-s 40 --hz 5.0 --room-half 7.5 --noise 0.15"
2026-09-08T15:21:46Z,20,"slam15m_noise_n015_lifelong",111216,"ros2",1.4,74260,51194,"/usr/bin/python3 /opt/ros/jazzy/bin/ros2 launch /oomwoo/contributions/compute-benchmark/OsakaTX/scripts/lifelong_launch.py slam_params_file:=/oomwoo/contributions/compute-benchmark/OsakaTX/scripts/lifelong_slam_params.yaml use_sim_time:=False autostart:=true"
2026-09-08T15:21:46Z,20,"slam15m_noise_n015_lifelong",111233,"lifelong_slam_t",97.7,64252,50271,"/opt/ros/jazzy/lib/slam_toolbox/lifelong_slam_toolbox_node --ros-args -r __node:=slam_toolbox -r __ns:=/ --params-file /oomwoo/contributions/compute-benchmark/OsakaTX/scripts/lifelong_slam_params.yaml --params-file /tmp/launch_params_5ttjel40"
2026-09-08T15:21:46Z,20,"slam15m_noise_n015_lifelong",111267,"bash",0.3,4304,1114,"bash /oomwoo/contributions/compute-benchmark/xbattlax/scripts/measure_ros_processes.sh --pattern python3|lifelong_slam_toolbox_node --duration 470 --interval 2 --label slam15m_noise_n015_lifelong --output /oomwoo/contributions/compute-benchmark/OsakaTX/scripts/../results/slam15m_noise_n015_lifelong_20260908T152053Z.csv"
2026-09-08T15:21:46Z,20,"slam15m_noise_n015_lifelong",191,"python3",0.1,69864,46867,"/usr/bin/python3 -c from ros2cli.daemon.daemonize import main; main() --name ros2-daemon --ros-domain-id 0 --rmw-implementation rmw_fastrtps_cpp"
2026-09-08T15:21:49Z,21,"slam15m_noise_n015_lifelong",111200,"python3",5.2,72068,49139,"python3 /oomwoo/contributions/compute-benchmark/OsakaTX/scripts/synthetic_scan_publisher.py --duration 505 --loop-s 40 --hz 5.0 --room-half 7.5 --noise 0.15"
2026-09-08T15:21:49Z,21,"slam15m_noise_n015_lifelong",111216,"ros2",1.4,74260,51196,"/usr/bin/python3 /opt/ros/jazzy/bin/ros2 launch /oomwoo/contributions/compute-benchmark/OsakaTX/scripts/lifelong_launch.py slam_params_file:=/oomwoo/contributions/compute-benchmark/OsakaTX/scripts/lifelong_slam_params.yaml use_sim_time:=False autostart:=true"
2026-09-08T15:21:49Z,21,"slam15m_noise_n015_lifelong",111233,"lifelong_slam_t",98.6,64252,50271,"/opt/ros/jazzy/lib/slam_toolbox/lifelong_slam_toolbox_node --ros-args -r __node:=slam_toolbox -r __ns:=/ --params-file /oomwoo/contributions/compute-benchmark/OsakaTX/scripts/lifelong_slam_params.yaml --params-file /tmp/launch_params_5ttjel40"
2026-09-08T15:21:49Z,21,"slam15m_noise_n015_lifelong",111267,"bash",0.3,4304,1109,"bash /oomwoo/contributions/compute-benchmark/xbattlax/scripts/measure_ros_processes.sh --pattern python3|lifelong_slam_toolbox_node --duration 470 --interval 2 --label slam15m_noise_n015_lifelong --output /oomwoo/contributions/compute-benchmark/OsakaTX/scripts/../results/slam15m_noise_n015_lifelong_20260908T152053Z.csv"
2026-09-08T15:21:49Z,21,"slam15m_noise_n015_lifelong",191,"python3",0.1,69864,46864,"/usr/bin/python3 -c from ros2cli.daemon.daemonize import main; main() --name ros2-daemon --ros-domain-id 0 --rmw-implementation rmw_fastrtps_cpp"
2026-09-08T15:21:51Z,22,"slam15m_noise_n015_lifelong",111200,"python3",5.2,72068,49142,"python3 /oomwoo/contributions/compute-benchmark/OsakaTX/scripts/synthetic_scan_publisher.py --duration 505 --loop-s 40 --hz 5.0 --room-half 7.5 --noise 0.15"
2026-09-08T15:21:51Z,22,"slam15m_noise_n015_lifelong",111216,"ros2",1.3,74260,51194,"/usr/bin/python3 /opt/ros/jazzy/bin/ros2 launch /oomwoo/contributions/compute-benchmark/OsakaTX/scripts/lifelong_launch.py slam_params_file:=/oomwoo/contributions/compute-benchmark/OsakaTX/scripts/lifelong_slam_params.yaml use_sim_time:=False autostart:=true"
2026-09-08T15:21:51Z,22,"slam15m_noise_n015_lifelong",111233,"lifelong_slam_t",99.4,64256,50274,"/opt/ros/jazzy/lib/slam_toolbox/lifelong_slam_toolbox_node --ros-args -r __node:=slam_toolbox -r __ns:=/ --params-file /oomwoo/contributions/compute-benchmark/OsakaTX/scripts/lifelong_slam_params.yaml --params-file /tmp/launch_params_5ttjel40"
2026-09-08T15:21:51Z,22,"slam15m_noise_n015_lifelong",111267,"bash",0.3,4304,1114,"bash /oomwoo/contributions/compute-benchmark/xbattlax/scripts/measure_ros_processes.sh --pattern python3|lifelong_slam_toolbox_node --duration 470 --interval 2 --label slam15m_noise_n015_lifelong --output /oomwoo/contributions/compute-benchmark/OsakaTX/scripts/../results/slam15m_noise_n015_lifelong_20260908T152053Z.csv"
2026-09-08T15:21:51Z,22,"slam15m_noise_n015_lifelong",191,"python3",0.1,69864,46867,"/usr/bin/python3 -c from ros2cli.daemon.daemonize import main; main() --name ros2-daemon --ros-domain-id 0 --rmw-implementation rmw_fastrtps_cpp"
2026-09-08T15:21:53Z,23,"slam15m_noise_n015_lifelong",111200,"python3",5.1,72068,49142,"python3 /oomwoo/contributions/compute-benchmark/OsakaTX/scripts/synthetic_scan_publisher.py --duration 505 --loop-s 40 --hz 5.0 --room-half 7.5 --noise 0.15"
2026-09-08T15:21:53Z,23,"slam15m_noise_n015_lifelong",111216,"ros2",1.3,74260,51195,"/usr/bin/python3 /opt/ros/jazzy/bin/ros2 launch /oomwoo/contributions/compute-benchmark/OsakaTX/scripts/lifelong_launch.py slam_params_file:=/oomwoo/contributions/compute-benchmark/OsakaTX/scripts/lifelong_slam_params.yaml use_sim_time:=False autostart:=true"
2026-09-08T15:21:53Z,23,"slam15m_noise_n015_lifelong",111233,"lifelong_slam_t",99.9,64256,50274,"/opt/ros/jazzy/lib/slam_toolbox/lifelong_slam_toolbox_node --ros-args -r __node:=slam_toolbox -r __ns:=/ --params-file /oomwoo/contributions/compute-benchmark/OsakaTX/scripts/lifelong_slam_params.yaml --params-file /tmp/launch_params_5ttjel40"
2026-09-08T15:21:53Z,23,"slam15m_noise_n015_lifelong",111267,"bash",0.3,4304,1113,"bash /oomwoo/contributions/compute-benchmark/xbattlax/scripts/measure_ros_processes.sh --pattern python3|lifelong_slam_toolbox_node --duration 470 --interval 2 --label slam15m_noise_n015_lifelong --output /oomwoo/contributions/compute-benchmark/OsakaTX/scripts/../results/slam15m_noise_n015_lifelong_20260908T152053Z.csv"
2026-09-08T15:21:53Z,23,"slam15m_noise_n015_lifelong",191,"python3",0.1,69864,46867,"/usr/bin/python3 -c from ros2cli.daemon.daemonize import main; main() --name ros2-daemon --ros-domain-id 0 --rmw-implementation rmw_fastrtps_cpp"
2026-09-08T15:21:55Z,24,"slam15m_noise_n015_lifelong",111200,"python3",5.1,72068,49142,"python3 /oomwoo/contributions/compute-benchmark/OsakaTX/scripts/synthetic_scan_publisher.py --duration 505 --loop-s 40 --hz 5.0 --room-half 7.5 --noise 0.15"
2026-09-08T15:21:55Z,24,"slam15m_noise_n015_lifelong",111216,"ros2",1.2,74260,51193,"/usr/bin/python3 /opt/ros/jazzy/bin/ros2 launch /oomwoo/contributions/compute-benchmark/OsakaTX/scripts/lifelong_launch.py slam_params_file:=/oomwoo/contributions/compute-benchmark/OsakaTX/scripts/lifelong_slam_params.yaml use_sim_time:=False autostart:=true"
2026-09-08T15:21:55Z,24,"slam15m_noise_n015_lifelong",111233,"lifelong_slam_t",100,64360,50381,"/opt/ros/jazzy/lib/slam_toolbox/lifelong_slam_toolbox_node --ros-args -r __node:=slam_toolbox -r __ns:=/ --params-file /oomwoo/contributions/compute-benchmark/OsakaTX/scripts/lifelong_slam_params.yaml --params-file /tmp/launch_params_5ttjel40"
2026-09-08T15:21:55Z,24,"slam15m_noise_n015_lifelong",111267,"bash",0.3,4304,1109,"bash /oomwoo/contributions/compute-benchmark/xbattlax/scripts/measure_ros_processes.sh --pattern python3|lifelong_slam_toolbox_node --duration 470 --interval 2 --label slam15m_noise_n015_lifelong --output /oomwoo/contributions/compute-benchmark/OsakaTX/scripts/../results/slam15m_noise_n015_lifelong_20260908T152053Z.csv"
2026-09-08T15:21:55Z,24,"slam15m_noise_n015_lifelong",191,"python3",0.1,69864,46867,"/usr/bin/python3 -c from ros2cli.daemon.daemonize import main; main() --name ros2-daemon --ros-domain-id 0 --rmw-implementation rmw_fastrtps_cpp"
2026-09-08T15:21:57Z,25,"slam15m_noise_n015_lifelong",111200,"python3",5.1,72068,49129,"python3 /oomwoo/contributions/compute-benchmark/OsakaTX/scripts/synthetic_scan_publisher.py --duration 505 --loop-s 40 --hz 5.0 --room-half 7.5 --noise 0.15"
2026-09-08T15:21:57Z,25,"slam15m_noise_n015_lifelong",111216,"ros2",1.2,74260,51193,"/usr/bin/python3 /opt/ros/jazzy/bin/ros2 launch /oomwoo/contributions/compute-benchmark/OsakaTX/scripts/lifelong_launch.py slam_params_file:=/oomwoo/contributions/compute-benchmark/OsakaTX/scripts/lifelong_slam_params.yaml use_sim_time:=False autostart:=true"
2026-09-08T15:21:57Z,25,"slam15m_noise_n015_lifelong",111233,"lifelong_slam_t",99.0,64564,50582,"/opt/ros/jazzy/lib/slam_toolbox/lifelong_slam_toolbox_node --ros-args -r __node:=slam_toolbox -r __ns:=/ --params-file /oomwoo/contributions/compute-benchmark/OsakaTX/scripts/lifelong_slam_params.yaml --params-file /tmp/launch_params_5ttjel40"
2026-09-08T15:21:57Z,25,"slam15m_noise_n015_lifelong",111267,"bash",0.3,4304,1112,"bash /oomwoo/contributions/compute-benchmark/xbattlax/scripts/measure_ros_processes.sh --pattern python3|lifelong_slam_toolbox_node --duration 470 --interval 2 --label slam15m_noise_n015_lifelong --output /oomwoo/contributions/compute-benchmark/OsakaTX/scripts/../results/slam15m_noise_n015_lifelong_20260908T152053Z.csv"
2026-09-08T15:21:57Z,25,"slam15m_noise_n015_lifelong",191,"python3",0.1,69864,46864,"/usr/bin/python3 -c from ros2cli.daemon.daemonize import main; main() --name ros2-daemon --ros-domain-id 0 --rmw-implementation rmw_fastrtps_cpp"
2026-09-08T15:21:59Z,26,"slam15m_noise_n015_lifelong",111200,"python3",5.1,72068,49135,"python3 /oomwoo/contributions/compute-benchmark/OsakaTX/scripts/synthetic_scan_publisher.py --duration 505 --loop-s 40 --hz 5.0 --room-half 7.5 --noise 0.15"
2026-09-08T15:21:59Z,26,"slam15m_noise_n015_lifelong",111216,"ros2",1.2,74260,51193,"/usr/bin/python3 /opt/ros/jazzy/bin/ros2 launch /oomwoo/contributions/compute-benchmark/OsakaTX/scripts/lifelong_launch.py slam_params_file:=/oomwoo/contributions/compute-benchmark/OsakaTX/scripts/lifelong_slam_params.yaml use_sim_time:=False autostart:=true"
2026-09-08T15:21:59Z,26,"slam15m_noise_n015_lifelong",111233,"lifelong_slam_t",99.5,64656,50675,"/opt/ros/jazzy/lib/slam_toolbox/lifelong_slam_toolbox_node --ros-args -r __node:=slam_toolbox -r __ns:=/ --params-file /oomwoo/contributions/compute-benchmark/OsakaTX/scripts/lifelong_slam_params.yaml --params-file /tmp/launch_params_5ttjel40"
2026-09-08T15:21:59Z,26,"slam15m_noise_n015_lifelong",111267,"bash",0.3,4304,1116,"bash /oomwoo/contributions/compute-benchmark/xbattlax/scripts/measure_ros_processes.sh --pattern python3|lifelong_slam_toolbox_node --duration 470 --interval 2 --label slam15m_noise_n015_lifelong --output /oomwoo/contributions/compute-benchmark/OsakaTX/scripts/../results/slam15m_noise_n015_lifelong_20260908T152053Z.csv"
2026-09-08T15:21:59Z,26,"slam15m_noise_n015_lifelong",191,"python3",0.1,69864,46865,"/usr/bin/python3 -c from ros2cli.daemon.daemonize import main; main() --name ros2-daemon --ros-domain-id 0 --rmw-implementation rmw_fastrtps_cpp"
2026-09-08T15:22:01Z,27,"slam15m_noise_n015_lifelong",111200,"python3",5.0,72068,49139,"python3 /oomwoo/contributions/compute-benchmark/OsakaTX/scripts/synthetic_scan_publisher.py --duration 505 --loop-s 40 --hz 5.0 --room-half 7.5 --noise 0.15"
2026-09-08T15:22:01Z,27,"slam15m_noise_n015_lifelong",111216,"ros2",1.1,74260,51194,"/usr/bin/python3 /opt/ros/jazzy/bin/ros2 launch /oomwoo/contributions/compute-benchmark/OsakaTX/scripts/lifelong_launch.py slam_params_file:=/oomwoo/contributions/compute-benchmark/OsakaTX/scripts/lifelong_slam_params.yaml use_sim_time:=False autostart:=true"
2026-09-08T15:22:01Z,27,"slam15m_noise_n015_lifelong",111233,"lifelong_slam_t",100,64696,50715,"/opt/ros/jazzy/lib/slam_toolbox/lifelong_slam_toolbox_node --ros-args -r __node:=slam_toolbox -r __ns:=/ --params-file /oomwoo/contributions/compute-benchmark/OsakaTX/scripts/lifelong_slam_params.yaml --params-file /tmp/launch_params_5ttjel40"
2026-09-08T15:22:01Z,27,"slam15m_noise_n015_lifelong",111267,"bash",0.3,4304,1114,"bash /oomwoo/contributions/compute-benchmark/xbattlax/scripts/measure_ros_processes.sh --pattern python3|lifelong_slam_toolbox_node --duration 470 --interval 2 --label slam15m_noise_n015_lifelong --output /oomwoo/contributions/compute-benchmark/OsakaTX/scripts/../results/slam15m_noise_n015_lifelong_20260908T152053Z.csv"
2026-09-08T15:22:01Z,27,"slam15m_noise_n015_lifelong",191,"python3",0.1,69864,46868,"/usr/bin/python3 -c from ros2cli.daemon.daemonize import main; main() --name ros2-daemon --ros-domain-id 0 --rmw-implementation rmw_fastrtps_cpp"
2026-09-08T15:22:04Z,28,"slam15m_noise_n015_lifelong",111200,"python3",5.0,72068,49140,"python3 /oomwoo/contributions/compute-benchmark/OsakaTX/scripts/synthetic_scan_publisher.py --duration 505 --loop-s 40 --hz 5.0 --room-half 7.5 --noise 0.15"
2026-09-08T15:22:04Z,28,"slam15m_noise_n015_lifelong",111216,"ros2",1.1,74260,51195,"/usr/bin/python3 /opt/ros/jazzy/bin/ros2 launch /oomwoo/contributions/compute-benchmark/OsakaTX/scripts/lifelong_launch.py slam_params_file:=/oomwoo/contributions/compute-benchmark/OsakaTX/scripts/lifelong_slam_params.yaml use_sim_time:=False autostart:=true"
2026-09-08T15:22:04Z,28,"slam15m_noise_n015_lifelong",111233,"lifelong_slam_t",99.0,64740,50758,"/opt/ros/jazzy/lib/slam_toolbox/lifelong_slam_toolbox_node --ros-args -r __node:=slam_toolbox -r __ns:=/ --params-file /oomwoo/contributions/compute-benchmark/OsakaTX/scripts/lifelong_slam_params.yaml --params-file /tmp/launch_params_5ttjel40"
2026-09-08T15:22:04Z,28,"slam15m_noise_n015_lifelong",111267,"bash",0.3,4304,1118,"bash /oomwoo/contributions/compute-benchmark/xbattlax/scripts/measure_ros_processes.sh --pattern python3|lifelong_slam_toolbox_node --duration 470 --interval 2 --label slam15m_noise_n015_lifelong --output /oomwoo/contributions/compute-benchmark/OsakaTX/scripts/../results/slam15m_noise_n015_lifelong_20260908T152053Z.csv"
2026-09-08T15:22:04Z,28,"slam15m_noise_n015_lifelong",191,"python3",0.1,69864,46868,"/usr/bin/python3 -c from ros2cli.daemon.daemonize import main; main() --name ros2-daemon --ros-domain-id 0 --rmw-implementation rmw_fastrtps_cpp"
2026-09-08T15:22:06Z,29,"slam15m_noise_n015_lifelong",111200,"python3",5.0,72068,49139,"python3 /oomwoo/contributions/compute-benchmark/OsakaTX/scripts/synthetic_scan_publisher.py --duration 505 --loop-s 40 --hz 5.0 --room-half 7.5 --noise 0.15"
2026-09-08T15:22:06Z,29,"slam15m_noise_n015_lifelong",111216,"ros2",1.1,74260,51195,"/usr/bin/python3 /opt/ros/jazzy/bin/ros2 launch /oomwoo/contributions/compute-benchmark/OsakaTX/scripts/lifelong_launch.py slam_params_file:=/oomwoo/contributions/compute-benchmark/OsakaTX/scripts/lifelong_slam_params.yaml use_sim_time:=False autostart:=true"
2026-09-08T15:22:06Z,29,"slam15m_noise_n015_lifelong",111233,"lifelong_slam_t",98.2,64792,50812,"/opt/ros/jazzy/lib/slam_toolbox/lifelong_slam_toolbox_node --ros-args -r __node:=slam_toolbox -r __ns:=/ --params-file /oomwoo/contributions/compute-benchmark/OsakaTX/scripts/lifelong_slam_params.yaml --params-file /tmp/launch_params_5ttjel40"
2026-09-08T15:22:06Z,29,"slam15m_noise_n015_lifelong",111267,"bash",0.3,4304,1114,"bash /oomwoo/contributions/compute-benchmark/xbattlax/scripts/measure_ros_processes.sh --pattern python3|lifelong_slam_toolbox_node --duration 470 --interval 2 --label slam15m_noise_n015_lifelong --output /oomwoo/contributions/compute-benchmark/OsakaTX/scripts/../results/slam15m_noise_n015_lifelong_20260908T152053Z.csv"
2026-09-08T15:22:06Z,29,"slam15m_noise_n015_lifelong",191,"python3",0.1,69864,46867,"/usr/bin/python3 -c from ros2cli.daemon.daemonize import main; main() --name ros2-daemon --ros-domain-id 0 --rmw-implementation rmw_fastrtps_cpp"
2026-09-08T15:22:08Z,30,"slam15m_noise_n015_lifelong",111200,"python3",5.0,72068,49134,"python3 /oomwoo/contributions/compute-benchmark/OsakaTX/scripts/synthetic_scan_publisher.py --duration 505 --loop-s 40 --hz 5.0 --room-half 7.5 --noise 0.15"
2026-09-08T15:22:08Z,30,"slam15m_noise_n015_lifelong",111216,"ros2",1.1,74264,51199,"/usr/bin/python3 /opt/ros/jazzy/bin/ros2 launch /oomwoo/contributions/compute-benchmark/OsakaTX/scripts/lifelong_launch.py slam_params_file:=/oomwoo/contributions/compute-benchmark/OsakaTX/scripts/lifelong_slam_params.yaml use_sim_time:=False autostart:=true"
2026-09-08T15:22:08Z,30,"slam15m_noise_n015_lifelong",111233,"lifelong_slam_t",97.6,64812,50833,"/opt/ros/jazzy/lib/slam_toolbox/lifelong_slam_toolbox_node --ros-args -r __node:=slam_toolbox -r __ns:=/ --params-file /oomwoo/contributions/compute-benchmark/OsakaTX/scripts/lifelong_slam_params.yaml --params-file /tmp/launch_params_5ttjel40"
2026-09-08T15:22:08Z,30,"slam15m_noise_n015_lifelong",111267,"bash",0.3,4304,1118,"bash /oomwoo/contributions/compute-benchmark/xbattlax/scripts/measure_ros_processes.sh --pattern python3|lifelong_slam_toolbox_node --duration 470 --interval 2 --label slam15m_noise_n015_lifelong --output /oomwoo/contributions/compute-benchmark/OsakaTX/scripts/../results/slam15m_noise_n015_lifelong_20260908T152053Z.csv"
2026-09-08T15:22:08Z,30,"slam15m_noise_n015_lifelong",191,"python3",0.1,69864,46867,"/usr/bin/python3 -c from ros2cli.daemon.daemonize import main; main() --name ros2-daemon --ros-domain-id 0 --rmw-implementation rmw_fastrtps_cpp"
2026-09-08T15:22:10Z,31,"slam15m_noise_n015_lifelong",111200,"python3",5.0,72068,49133,"python3 /oomwoo/contributions/compute-benchmark/OsakaTX/scripts/synthetic_scan_publisher.py --duration 505 --loop-s 40 --hz 5.0 --room-half 7.5 --noise 0.15"
2026-09-08T15:22:10Z,31,"slam15m_noise_n015_lifelong",111216,"ros2",1.1,74280,51213,"/usr/bin/python3 /opt/ros/jazzy/bin/ros2 launch /oomwoo/contributions/compute-benchmark/OsakaTX/scripts/lifelong_launch.py slam_params_file:=/oomwoo/contributions/compute-benchmark/OsakaTX/scripts/lifelong_slam_params.yaml use_sim_time:=False autostart:=true"
2026-09-08T15:22:10Z,31,"slam15m_noise_n015_lifelong",111233,"lifelong_slam_t",96.8,64828,50850,"/opt/ros/jazzy/lib/slam_toolbox/lifelong_slam_toolbox_node --ros-args -r __node:=slam_toolbox -r __ns:=/ --params-file /oomwoo/contributions/compute-benchmark/OsakaTX/scripts/lifelong_slam_params.yaml --params-file /tmp/launch_params_5ttjel40"
2026-09-08T15:22:10Z,31,"slam15m_noise_n015_lifelong",111267,"bash",0.3,4304,1116,"bash /oomwoo/contributions/compute-benchmark/xbattlax/scripts/measure_ros_processes.sh --pattern python3|lifelong_slam_toolbox_node --duration 470 --interval 2 --label slam15m_noise_n015_lifelong --output /oomwoo/contributions/compute-benchmark/OsakaTX/scripts/../results/slam15m_noise_n015_lifelong_20260908T152053Z.csv"
2026-09-08T15:22:10Z,31,"slam15m_noise_n015_lifelong",191,"python3",0.1,69864,46867,"/usr/bin/python3 -c from ros2cli.daemon.daemonize import main; main() --name ros2-daemon --ros-domain-id 0 --rmw-implementation rmw_fastrtps_cpp"
2026-09-08T15:22:12Z,32,"slam15m_noise_n015_lifelong",111200,"python3",5.0,72068,49134,"python3 /oomwoo/contributions/compute-benchmark/OsakaTX/scripts/synthetic_scan_publisher.py --duration 505 --loop-s 40 --hz 5.0 --room-half 7.5 --noise 0.15"
2026-09-08T15:22:12Z,32,"slam15m_noise_n015_lifelong",111216,"ros2",1.1,74280,51213,"/usr/bin/python3 /opt/ros/jazzy/bin/ros2 launch /oomwoo/contributions/compute-benchmark/OsakaTX/scripts/lifelong_launch.py slam_params_file:=/oomwoo/contributions/compute-benchmark/OsakaTX/scripts/lifelong_slam_params.yaml use_sim_time:=False autostart:=true"
2026-09-08T15:22:12Z,32,"slam15m_noise_n015_lifelong",111233,"lifelong_slam_t",96.0,64828,50848,"/opt/ros/jazzy/lib/slam_toolbox/lifelong_slam_toolbox_node --ros-args -r __node:=slam_toolbox -r __ns:=/ --params-file /oomwoo/contributions/compute-benchmark/OsakaTX/scripts/lifelong_slam_params.yaml --params-file /tmp/launch_params_5ttjel40"
2026-09-08T15:22:12Z,32,"slam15m_noise_n015_lifelong",111267,"bash",0.3,4304,1118,"bash /oomwoo/contributions/compute-benchmark/xbattlax/scripts/measure_ros_processes.sh --pattern python3|lifelong_slam_toolbox_node --duration 470 --interval 2 --label slam15m_noise_n015_lifelong --output /oomwoo/contributions/compute-benchmark/OsakaTX/scripts/../results/slam15m_noise_n015_lifelong_20260908T152053Z.csv"
2026-09-08T15:22:12Z,32,"slam15m_noise_n015_lifelong",191,"python3",0.1,69864,46865,"/usr/bin/python3 -c from ros2cli.daemon.daemonize import main; main() --name ros2-daemon --ros-domain-id 0 --rmw-implementation rmw_fastrtps_cpp"
2026-09-08T15:22:14Z,33,"slam15m_noise_n015_lifelong",111200,"python3",5.0,72068,49139,"python3 /oomwoo/contributions/compute-benchmark/OsakaTX/scripts/synthetic_scan_publisher.py --duration 505 --loop-s 40 --hz 5.0 --room-half 7.5 --noise 0.15"
2026-09-08T15:22:14Z,33,"slam15m_noise_n015_lifelong",111216,"ros2",1.0,74280,51215,"/usr/bin/python3 /opt/ros/jazzy/bin/ros2 launch /oomwoo/contributions/compute-benchmark/OsakaTX/scripts/lifelong_launch.py slam_params_file:=/oomwoo/contributions/compute-benchmark/OsakaTX/scripts/lifelong_slam_params.yaml use_sim_time:=False autostart:=true"
2026-09-08T15:22:14Z,33,"slam15m_noise_n015_lifelong",111233,"lifelong_slam_t",95.2,64828,50850,"/opt/ros/jazzy/lib/slam_toolbox/lifelong_slam_toolbox_node --ros-args -r __node:=slam_toolbox -r __ns:=/ --params-file /oomwoo/contributions/compute-benchmark/OsakaTX/scripts/lifelong_slam_params.yaml --params-file /tmp/launch_params_5ttjel40"
2026-09-08T15:22:14Z,33,"slam15m_noise_n015_lifelong",111267,"bash",0.3,4304,1115,"bash /oomwoo/contributions/compute-benchmark/xbattlax/scripts/measure_ros_processes.sh --pattern python3|lifelong_slam_toolbox_node --duration 470 --interval 2 --label slam15m_noise_n015_lifelong --output /oomwoo/contributions/compute-benchmark/OsakaTX/scripts/../results/slam15m_noise_n015_lifelong_20260908T152053Z.csv"
2026-09-08T15:22:14Z,33,"slam15m_noise_n015_lifelong",191,"python3",0.1,69864,46867,"/usr/bin/python3 -c from ros2cli.daemon.daemonize import main; main() --name ros2-daemon --ros-domain-id 0 --rmw-implementation rmw_fastrtps_cpp"
2026-09-08T15:22:16Z,34,"slam15m_noise_n015_lifelong",111200,"python3",4.9,72068,49140,"python3 /oomwoo/contributions/compute-benchmark/OsakaTX/scripts/synthetic_scan_publisher.py --duration 505 --loop-s 40 --hz 5.0 --room-half 7.5 --noise 0.15"
2026-09-08T15:22:16Z,34,"slam15m_noise_n015_lifelong",111216,"ros2",1.0,74284,51221,"/usr/bin/python3 /opt/ros/jazzy/bin/ros2 launch /oomwoo/contributions/compute-benchmark/OsakaTX/scripts/lifelong_launch.py slam_params_file:=/oomwoo/contributions/compute-benchmark/OsakaTX/scripts/lifelong_slam_params.yaml use_sim_time:=False autostart:=true"
2026-09-08T15:22:16Z,34,"slam15m_noise_n015_lifelong",111233,"lifelong_slam_t",95.1,65060,51078,"/opt/ros/jazzy/lib/slam_toolbox/lifelong_slam_toolbox_node --ros-args -r __node:=slam_toolbox -r __ns:=/ --params-file /oomwoo/contributions/compute-benchmark/OsakaTX/scripts/lifelong_slam_params.yaml --params-file /tmp/launch_params_5ttjel40"
2026-09-08T15:22:16Z,34,"slam15m_noise_n015_lifelong",111267,"bash",0.3,4304,1118,"bash /oomwoo/contributions/compute-benchmark/xbattlax/scripts/measure_ros_processes.sh --pattern python3|lifelong_slam_toolbox_node --duration 470 --interval 2 --label slam15m_noise_n015_lifelong --output /oomwoo/contributions/compute-benchmark/OsakaTX/scripts/../results/slam15m_noise_n015_lifelong_20260908T152053Z.csv"
2026-09-08T15:22:16Z,34,"slam15m_noise_n015_lifelong",191,"python3",0.1,69864,46867,"/usr/bin/python3 -c from ros2cli.daemon.daemonize import main; main() --name ros2-daemon --ros-domain-id 0 --rmw-implementation rmw_fastrtps_cpp"
2026-09-08T15:22:19Z,35,"slam15m_noise_n015_lifelong",111200,"python3",4.9,72068,49135,"python3 /oomwoo/contributions/compute-benchmark/OsakaTX/scripts/synthetic_scan_publisher.py --duration 505 --loop-s 40 --hz 5.0 --room-half 7.5 --noise 0.15"
2026-09-08T15:22:19Z,35,"slam15m_noise_n015_lifelong",111216,"ros2",1.0,74296,51231,"/usr/bin/python3 /opt/ros/jazzy/bin/ros2 launch /oomwoo/contributions/compute-benchmark/OsakaTX/scripts/lifelong_launch.py slam_params_file:=/oomwoo/contributions/compute-benchmark/OsakaTX/scripts/lifelong_slam_params.yaml use_sim_time:=False autostart:=true"
2026-09-08T15:22:19Z,35,"slam15m_noise_n015_lifelong",111233,"lifelong_slam_t",95.6,65064,51082,"/opt/ros/jazzy/lib/slam_toolbox/lifelong_slam_toolbox_node --ros-args -r __node:=slam_toolbox -r __ns:=/ --params-file /oomwoo/contributions/compute-benchmark/OsakaTX/scripts/lifelong_slam_params.yaml --params-file /tmp/launch_params_5ttjel40"
2026-09-08T15:22:19Z,35,"slam15m_noise_n015_lifelong",111267,"bash",0.3,4304,1115,"bash /oomwoo/contributions/compute-benchmark/xbattlax/scripts/measure_ros_processes.sh --pattern python3|lifelong_slam_toolbox_node --duration 470 --interval 2 --label slam15m_noise_n015_lifelong --output /oomwoo/contributions/compute-benchmark/OsakaTX/scripts/../results/slam15m_noise_n015_lifelong_20260908T152053Z.csv"
2026-09-08T15:22:19Z,35,"slam15m_noise_n015_lifelong",191,"python3",0.1,69864,46867,"/usr/bin/python3 -c from ros2cli.daemon.daemonize import main; main() --name ros2-daemon --ros-domain-id 0 --rmw-implementation rmw_fastrtps_cpp"
2026-09-08T15:22:21Z,36,"slam15m_noise_n015_lifelong",111200,"python3",4.9,72068,49142,"python3 /oomwoo/contributions/compute-benchmark/OsakaTX/scripts/synthetic_scan_publisher.py --duration 505 --loop-s 40 --hz 5.0 --room-half 7.5 --noise 0.15"
2026-09-08T15:22:21Z,36,"slam15m_noise_n015_lifelong",111216,"ros2",1.0,74312,51248,"/usr/bin/python3 /opt/ros/jazzy/bin/ros2 launch /oomwoo/contributions/compute-benchmark/OsakaTX/scripts/lifelong_launch.py slam_params_file:=/oomwoo/contributions/compute-benchmark/OsakaTX/scripts/lifelong_slam_params.yaml use_sim_time:=False autostart:=true"
2026-09-08T15:22:21Z,36,"slam15m_noise_n015_lifelong",111233,"lifelong_slam_t",96.6,65092,51111,"/opt/ros/jazzy/lib/slam_toolbox/lifelong_slam_toolbox_node --ros-args -r __node:=slam_toolbox -r __ns:=/ --params-file /oomwoo/contributions/compute-benchmark/OsakaTX/scripts/lifelong_slam_params.yaml --params-file /tmp/launch_params_5ttjel40"
2026-09-08T15:22:21Z,36,"slam15m_noise_n015_lifelong",111267,"bash",0.3,4304,1112,"bash /oomwoo/contributions/compute-benchmark/xbattlax/scripts/measure_ros_processes.sh --pattern python3|lifelong_slam_toolbox_node --duration 470 --interval 2 --label slam15m_noise_n015_lifelong --output /oomwoo/contributions/compute-benchmark/OsakaTX/scripts/../results/slam15m_noise_n015_lifelong_20260908T152053Z.csv"
2026-09-08T15:22:21Z,36,"slam15m_noise_n015_lifelong",191,"python3",0.1,69864,46869,"/usr/bin/python3 -c from ros2cli.daemon.daemonize import main; main() --name ros2-daemon --ros-domain-id 0 --rmw-implementation rmw_fastrtps_cpp"
2026-09-08T15:22:23Z,37,"slam15m_noise_n015_lifelong",111200,"python3",4.9,72068,49139,"python3 /oomwoo/contributions/compute-benchmark/OsakaTX/scripts/synthetic_scan_publisher.py --duration 505 --loop-s 40 --hz 5.0 --room-half 7.5 --noise 0.15"
2026-09-08T15:22:23Z,37,"slam15m_noise_n015_lifelong",111216,"ros2",1.0,74312,51248,"/usr/bin/python3 /opt/ros/jazzy/bin/ros2 launch /oomwoo/contributions/compute-benchmark/OsakaTX/scripts/lifelong_launch.py slam_params_file:=/oomwoo/contributions/compute-benchmark/OsakaTX/scripts/lifelong_slam_params.yaml use_sim_time:=False autostart:=true"
2026-09-08T15:22:23Z,37,"slam15m_noise_n015_lifelong",111233,"lifelong_slam_t",97.3,65156,51176,"/opt/ros/jazzy/lib/slam_toolbox/lifelong_slam_toolbox_node --ros-args -r __node:=slam_toolbox -r __ns:=/ --params-file /oomwoo/contributions/compute-benchmark/OsakaTX/scripts/lifelong_slam_params.yaml --params-file /tmp/launch_params_5ttjel40"
2026-09-08T15:22:23Z,37,"slam15m_noise_n015_lifelong",111267,"bash",0.3,4304,1115,"bash /oomwoo/contributions/compute-benchmark/xbattlax/scripts/measure_ros_processes.sh --pattern python3|lifelong_slam_toolbox_node --duration 470 --interval 2 --label slam15m_noise_n015_lifelong --output /oomwoo/contributions/compute-benchmark/OsakaTX/scripts/../results/slam15m_noise_n015_lifelong_20260908T152053Z.csv"
2026-09-08T15:22:23Z,37,"slam15m_noise_n015_lifelong",191,"python3",0.1,69864,46866,"/usr/bin/python3 -c from ros2cli.daemon.daemonize import main; main() --name ros2-daemon --ros-domain-id 0 --rmw-implementation rmw_fastrtps_cpp"
2026-09-08T15:22:25Z,38,"slam15m_noise_n015_lifelong",111200,"python3",4.9,72068,49140,"python3 /oomwoo/contributions/compute-benchmark/OsakaTX/scripts/synthetic_scan_publisher.py --duration 505 --loop-s 40 --hz 5.0 --room-half 7.5 --noise 0.15"
2026-09-08T15:22:25Z,38,"slam15m_noise_n015_lifelong",111216,"ros2",1.0,74312,51247,"/usr/bin/python3 /opt/ros/jazzy/bin/ros2 launch /oomwoo/contributions/compute-benchmark/OsakaTX/scripts/lifelong_launch.py slam_params_file:=/oomwoo/contributions/compute-benchmark/OsakaTX/scripts/lifelong_slam_params.yaml use_sim_time:=False autostart:=true"
2026-09-08T15:22:25Z,38,"slam15m_noise_n015_lifelong",111233,"lifelong_slam_t",98.3,65296,51317,"/opt/ros/jazzy/lib/slam_toolbox/lifelong_slam_toolbox_node --ros-args -r __node:=slam_toolbox -r __ns:=/ --params-file /oomwoo/contributions/compute-benchmark/OsakaTX/scripts/lifelong_slam_params.yaml --params-file /tmp/launch_params_5ttjel40"
2026-09-08T15:22:25Z,38,"slam15m_noise_n015_lifelong",111267,"bash",0.3,4304,1108,"bash /oomwoo/contributions/compute-benchmark/xbattlax/scripts/measure_ros_processes.sh --pattern python3|lifelong_slam_toolbox_node --duration 470 --interval 2 --label slam15m_noise_n015_lifelong --output /oomwoo/contributions/compute-benchmark/OsakaTX/scripts/../results/slam15m_noise_n015_lifelong_20260908T152053Z.csv"
2026-09-08T15:22:25Z,38,"slam15m_noise_n015_lifelong",191,"python3",0.1,69864,46864,"/usr/bin/python3 -c from ros2cli.daemon.daemonize import main; main() --name ros2-daemon --ros-domain-id 0 --rmw-implementation rmw_fastrtps_cpp"
2026-09-08T15:22:27Z,39,"slam15m_noise_n015_lifelong",111200,"python3",4.9,72068,49143,"python3 /oomwoo/contributions/compute-benchmark/OsakaTX/scripts/synthetic_scan_publisher.py --duration 505 --loop-s 40 --hz 5.0 --room-half 7.5 --noise 0.15"
2026-09-08T15:22:27Z,39,"slam15m_noise_n015_lifelong",111216,"ros2",1.0,74312,51247,"/usr/bin/python3 /opt/ros/jazzy/bin/ros2 launch /oomwoo/contributions/compute-benchmark/OsakaTX/scripts/lifelong_launch.py slam_params_file:=/oomwoo/contributions/compute-benchmark/OsakaTX/scripts/lifelong_slam_params.yaml use_sim_time:=False autostart:=true"
2026-09-08T15:22:27Z,39,"slam15m_noise_n015_lifelong",111233,"lifelong_slam_t",99.2,65296,51315,"/opt/ros/jazzy/lib/slam_toolbox/lifelong_slam_toolbox_node --ros-args -r __node:=slam_toolbox -r __ns:=/ --params-file /oomwoo/contributions/compute-benchmark/OsakaTX/scripts/lifelong_slam_params.yaml --params-file /tmp/launch_params_5ttjel40"
2026-09-08T15:22:27Z,39,"slam15m_noise_n015_lifelong",111267,"bash",0.3,4304,1112,"bash /oomwoo/contributions/compute-benchmark/xbattlax/scripts/measure_ros_processes.sh --pattern python3|lifelong_slam_toolbox_node --duration 470 --interval 2 --label slam15m_noise_n015_lifelong --output /oomwoo/contributions/compute-benchmark/OsakaTX/scripts/../results/slam15m_noise_n015_lifelong_20260908T152053Z.csv"
2026-09-08T15:22:27Z,39,"slam15m_noise_n015_lifelong",191,"python3",0.1,69864,46867,"/usr/bin/python3 -c from ros2cli.daemon.daemonize import main; main() --name ros2-daemon --ros-domain-id 0 --rmw-implementation rmw_fastrtps_cpp"
2026-09-08T15:22:29Z,40,"slam15m_noise_n015_lifelong",111200,"python3",4.9,72068,49129,"python3 /oomwoo/contributions/compute-benchmark/OsakaTX/scripts/synthetic_scan_publisher.py --duration 505 --loop-s 40 --hz 5.0 --room-half 7.5 --noise 0.15"
2026-09-08T15:22:29Z,40,"slam15m_noise_n015_lifelong",111216,"ros2",0.9,74316,51249,"/usr/bin/python3 /opt/ros/jazzy/bin/ros2 launch /oomwoo/contributions/compute-benchmark/OsakaTX/scripts/lifelong_launch.py slam_params_file:=/oomwoo/contributions/compute-benchmark/OsakaTX/scripts/lifelong_slam_params.yaml use_sim_time:=False autostart:=true"
2026-09-08T15:22:29Z,40,"slam15m_noise_n015_lifelong",111233,"lifelong_slam_t",99.7,65404,51422,"/opt/ros/jazzy/lib/slam_toolbox/lifelong_slam_toolbox_node --ros-args -r __node:=slam_toolbox -r __ns:=/ --params-file /oomwoo/contributions/compute-benchmark/OsakaTX/scripts/lifelong_slam_params.yaml --params-file /tmp/launch_params_5ttjel40"
2026-09-08T15:22:29Z,40,"slam15m_noise_n015_lifelong",111267,"bash",0.3,4308,1112,"bash /oomwoo/contributions/compute-benchmark/xbattlax/scripts/measure_ros_processes.sh --pattern python3|lifelong_slam_toolbox_node --duration 470 --interval 2 --label slam15m_noise_n015_lifelong --output /oomwoo/contributions/compute-benchmark/OsakaTX/scripts/../results/slam15m_noise_n015_lifelong_20260908T152053Z.csv"
2026-09-08T15:22:29Z,40,"slam15m_noise_n015_lifelong",191,"python3",0.1,69864,46867,"/usr/bin/python3 -c from ros2cli.daemon.daemonize import main; main() --name ros2-daemon --ros-domain-id 0 --rmw-implementation rmw_fastrtps_cpp"
2026-09-08T15:22:31Z,41,"slam15m_noise_n015_lifelong",111200,"python3",4.9,72068,49139,"python3 /oomwoo/contributions/compute-benchmark/OsakaTX/scripts/synthetic_scan_publisher.py --duration 505 --loop-s 40 --hz 5.0 --room-half 7.5 --noise 0.15"
2026-09-08T15:22:31Z,41,"slam15m_noise_n015_lifelong",111216,"ros2",0.9,74316,51250,"/usr/bin/python3 /opt/ros/jazzy/bin/ros2 launch /oomwoo/contributions/compute-benchmark/OsakaTX/scripts/lifelong_launch.py slam_params_file:=/oomwoo/contributions/compute-benchmark/OsakaTX/scripts/lifelong_slam_params.yaml use_sim_time:=False autostart:=true"
2026-09-08T15:22:31Z,41,"slam15m_noise_n015_lifelong",111233,"lifelong_slam_t",100,65404,51422,"/opt/ros/jazzy/lib/slam_toolbox/lifelong_slam_toolbox_node --ros-args -r __node:=slam_toolbox -r __ns:=/ --params-file /oomwoo/contributions/compute-benchmark/OsakaTX/scripts/lifelong_slam_params.yaml --params-file /tmp/launch_params_5ttjel40"
2026-09-08T15:22:31Z,41,"slam15m_noise_n015_lifelong",111267,"bash",0.3,4308,1114,"bash /oomwoo/contributions/compute-benchmark/xbattlax/scripts/measure_ros_processes.sh --pattern python3|lifelong_slam_toolbox_node --duration 470 --interval 2 --label slam15m_noise_n015_lifelong --output /oomwoo/contributions/compute-benchmark/OsakaTX/scripts/../results/slam15m_noise_n015_lifelong_20260908T152053Z.csv"
2026-09-08T15:22:31Z,41,"slam15m_noise_n015_lifelong",191,"python3",0.1,69864,46867,"/usr/bin/python3 -c from ros2cli.daemon.daemonize import main; main() --name ros2-daemon --ros-domain-id 0 --rmw-implementation rmw_fastrtps_cpp"
2026-09-08T15:22:34Z,42,"slam15m_noise_n015_lifelong",111200,"python3",4.9,72068,49139,"python3 /oomwoo/contributions/compute-benchmark/OsakaTX/scripts/synthetic_scan_publisher.py --duration 505 --loop-s 40 --hz 5.0 --room-half 7.5 --noise 0.15"
2026-09-08T15:22:34Z,42,"slam15m_noise_n015_lifelong",111216,"ros2",0.9,74320,51255,"/usr/bin/python3 /opt/ros/jazzy/bin/ros2 launch /oomwoo/contributions/compute-benchmark/OsakaTX/scripts/lifelong_launch.py slam_params_file:=/oomwoo/contributions/compute-benchmark/OsakaTX/scripts/lifelong_slam_params.yaml use_sim_time:=False autostart:=true"
2026-09-08T15:22:34Z,42,"slam15m_noise_n015_lifelong",111233,"lifelong_slam_t",101,65512,51534,"/opt/ros/jazzy/lib/slam_toolbox/lifelong_slam_toolbox_node --ros-args -r __node:=slam_toolbox -r __ns:=/ --params-file /oomwoo/contributions/compute-benchmark/OsakaTX/scripts/lifelong_slam_params.yaml --params-file /tmp/launch_params_5ttjel40"
2026-09-08T15:22:34Z,42,"slam15m_noise_n015_lifelong",111267,"bash",0.3,4308,1106,"bash /oomwoo/contributions/compute-benchmark/xbattlax/scripts/measure_ros_processes.sh --pattern python3|lifelong_slam_toolbox_node --duration 470 --interval 2 --label slam15m_noise_n015_lifelong --output /oomwoo/contributions/compute-benchmark/OsakaTX/scripts/../results/slam15m_noise_n015_lifelong_20260908T152053Z.csv"
2026-09-08T15:22:34Z,42,"slam15m_noise_n015_lifelong",191,"python3",0.1,69864,46867,"/usr/bin/python3 -c from ros2cli.daemon.daemonize import main; main() --name ros2-daemon --ros-domain-id 0 --rmw-implementation rmw_fastrtps_cpp"
2026-09-08T15:22:36Z,43,"slam15m_noise_n015_lifelong",111200,"python3",4.9,72068,49139,"python3 /oomwoo/contributions/compute-benchmark/OsakaTX/scripts/synthetic_scan_publisher.py --duration 505 --loop-s 40 --hz 5.0 --room-half 7.5 --noise 0.15"
2026-09-08T15:22:36Z,43,"slam15m_noise_n015_lifelong",111216,"ros2",0.9,74320,51254,"/usr/bin/python3 /opt/ros/jazzy/bin/ros2 launch /oomwoo/contributions/compute-benchmark/OsakaTX/scripts/lifelong_launch.py slam_params_file:=/oomwoo/contributions/compute-benchmark/OsakaTX/scripts/lifelong_slam_params.yaml use_sim_time:=False autostart:=true"
2026-09-08T15:22:36Z,43,"slam15m_noise_n015_lifelong",111233,"lifelong_slam_t",101,65636,51658,"/opt/ros/jazzy/lib/slam_toolbox/lifelong_slam_toolbox_node --ros-args -r __node:=slam_toolbox -r __ns:=/ --params-file /oomwoo/contributions/compute-benchmark/OsakaTX/scripts/lifelong_slam_params.yaml --params-file /tmp/launch_params_5ttjel40"
2026-09-08T15:22:36Z,43,"slam15m_noise_n015_lifelong",111267,"bash",0.3,4308,1120,"bash /oomwoo/contributions/compute-benchmark/xbattlax/scripts/measure_ros_processes.sh --pattern python3|lifelong_slam_toolbox_node --duration 470 --interval 2 --label slam15m_noise_n015_lifelong --output /oomwoo/contributions/compute-benchmark/OsakaTX/scripts/../results/slam15m_noise_n015_lifelong_20260908T152053Z.csv"
2026-09-08T15:22:36Z,43,"slam15m_noise_n015_lifelong",191,"python3",0.1,69864,46866,"/usr/bin/python3 -c from ros2cli.daemon.daemonize import main; main() --name ros2-daemon --ros-domain-id 0 --rmw-implementation rmw_fastrtps_cpp"
2026-09-08T15:22:38Z,44,"slam15m_noise_n015_lifelong",111200,"python3",4.9,72068,49134,"python3 /oomwoo/contributions/compute-benchmark/OsakaTX/scripts/synthetic_scan_publisher.py --duration 505 --loop-s 40 --hz 5.0 --room-half 7.5 --noise 0.15"
2026-09-08T15:22:38Z,44,"slam15m_noise_n015_lifelong",111216,"ros2",0.9,74320,51255,"/usr/bin/python3 /opt/ros/jazzy/bin/ros2 launch /oomwoo/contributions/compute-benchmark/OsakaTX/scripts/lifelong_launch.py slam_params_file:=/oomwoo/contributions/compute-benchmark/OsakaTX/scripts/lifelong_slam_params.yaml use_sim_time:=False autostart:=true"
2026-09-08T15:22:38Z,44,"slam15m_noise_n015_lifelong",111233,"lifelong_slam_t",102,65640,51658,"/opt/ros/jazzy/lib/slam_toolbox/lifelong_slam_toolbox_node --ros-args -r __node:=slam_toolbox -r __ns:=/ --params-file /oomwoo/contributions/compute-benchmark/OsakaTX/scripts/lifelong_slam_params.yaml --params-file /tmp/launch_params_5ttjel40"
2026-09-08T15:22:38Z,44,"slam15m_noise_n015_lifelong",111267,"bash",0.3,4308,1113,"bash /oomwoo/contributions/compute-benchmark/xbattlax/scripts/measure_ros_processes.sh --pattern python3|lifelong_slam_toolbox_node --duration 470 --interval 2 --label slam15m_noise_n015_lifelong --output /oomwoo/contributions/compute-benchmark/OsakaTX/scripts/../results/slam15m_noise_n015_lifelong_20260908T152053Z.csv"
2026-09-08T15:22:38Z,44,"slam15m_noise_n015_lifelong",191,"python3",0.1,69864,46867,"/usr/bin/python3 -c from ros2cli.daemon.daemonize import main; main() --name ros2-daemon --ros-domain-id 0 --rmw-implementation rmw_fastrtps_cpp"
2026-09-08T15:22:40Z,45,"slam15m_noise_n015_lifelong",111200,"python3",4.9,72068,49142,"python3 /oomwoo/contributions/compute-benchmark/OsakaTX/scripts/synthetic_scan_publisher.py --duration 505 --loop-s 40 --hz 5.0 --room-half 7.5 --noise 0.15"
2026-09-08T15:22:40Z,45,"slam15m_noise_n015_lifelong",111216,"ros2",0.9,74320,51256,"/usr/bin/python3 /opt/ros/jazzy/bin/ros2 launch /oomwoo/contributions/compute-benchmark/OsakaTX/scripts/lifelong_launch.py slam_params_file:=/oomwoo/contributions/compute-benchmark/OsakaTX/scripts/lifelong_slam_params.yaml use_sim_time:=False autostart:=true"
2026-09-08T15:22:40Z,45,"slam15m_noise_n015_lifelong",111233,"lifelong_slam_t",102,65640,51659,"/opt/ros/jazzy/lib/slam_toolbox/lifelong_slam_toolbox_node --ros-args -r __node:=slam_toolbox -r __ns:=/ --params-file /oomwoo/contributions/compute-benchmark/OsakaTX/scripts/lifelong_slam_params.yaml --params-file /tmp/launch_params_5ttjel40"
2026-09-08T15:22:40Z,45,"slam15m_noise_n015_lifelong",111267,"bash",0.3,4308,1116,"bash /oomwoo/contributions/compute-benchmark/xbattlax/scripts/measure_ros_processes.sh --pattern python3|lifelong_slam_toolbox_node --duration 470 --interval 2 --label slam15m_noise_n015_lifelong --output /oomwoo/contributions/compute-benchmark/OsakaTX/scripts/../results/slam15m_noise_n015_lifelong_20260908T152053Z.csv"
2026-09-08T15:22:40Z,45,"slam15m_noise_n015_lifelong",191,"python3",0.1,69864,46867,"/usr/bin/python3 -c from ros2cli.daemon.daemonize import main; main() --name ros2-daemon --ros-domain-id 0 --rmw-implementation rmw_fastrtps_cpp"
2026-09-08T15:22:42Z,46,"slam15m_noise_n015_lifelong",111200,"python3",4.9,72068,49130,"python3 /oomwoo/contributions/compute-benchmark/OsakaTX/scripts/synthetic_scan_publisher.py --duration 505 --loop-s 40 --hz 5.0 --room-half 7.5 --noise 0.15"
2026-09-08T15:22:42Z,46,"slam15m_noise_n015_lifelong",111216,"ros2",0.9,74320,51255,"/usr/bin/python3 /opt/ros/jazzy/bin/ros2 launch /oomwoo/contributions/compute-benchmark/OsakaTX/scripts/lifelong_launch.py slam_params_file:=/oomwoo/contributions/compute-benchmark/OsakaTX/scripts/lifelong_slam_params.yaml use_sim_time:=False autostart:=true"
2026-09-08T15:22:42Z,46,"slam15m_noise_n015_lifelong",111233,"lifelong_slam_t",103,65640,51659,"/opt/ros/jazzy/lib/slam_toolbox/lifelong_slam_toolbox_node --ros-args -r __node:=slam_toolbox -r __ns:=/ --params-file /oomwoo/contributions/compute-benchmark/OsakaTX/scripts/lifelong_slam_params.yaml --params-file /tmp/launch_params_5ttjel40"
2026-09-08T15:22:42Z,46,"slam15m_noise_n015_lifelong",111267,"bash",0.3,4308,1118,"bash /oomwoo/contributions/compute-benchmark/xbattlax/scripts/measure_ros_processes.sh --pattern python3|lifelong_slam_toolbox_node --duration 470 --interval 2 --label slam15m_noise_n015_lifelong --output /oomwoo/contributions/compute-benchmark/OsakaTX/scripts/../results/slam15m_noise_n015_lifelong_20260908T152053Z.csv"
2026-09-08T15:22:42Z,46,"slam15m_noise_n015_lifelong",191,"python3",0.1,69864,46867,"/usr/bin/python3 -c from ros2cli.daemon.daemonize import main; main() --name ros2-daemon --ros-domain-id 0 --rmw-implementation rmw_fastrtps_cpp"
2026-09-08T15:22:44Z,47,"slam15m_noise_n015_lifelong",111200,"python3",4.9,72068,49143,"python3 /oomwoo/contributions/compute-benchmark/OsakaTX/scripts/synthetic_scan_publisher.py --duration 505 --loop-s 40 --hz 5.0 --room-half 7.5 --noise 0.15"
2026-09-08T15:22:44Z,47,"slam15m_noise_n015_lifelong",111216,"ros2",0.9,74320,51255,"/usr/bin/python3 /opt/ros/jazzy/bin/ros2 launch /oomwoo/contributions/compute-benchmark/OsakaTX/scripts/lifelong_launch.py slam_params_file:=/oomwoo/contributions/compute-benchmark/OsakaTX/scripts/lifelong_slam_params.yaml use_sim_time:=False autostart:=true"
2026-09-08T15:22:44Z,47,"slam15m_noise_n015_lifelong",111233,"lifelong_slam_t",103,65640,51662,"/opt/ros/jazzy/lib/slam_toolbox/lifelong_slam_toolbox_node --ros-args -r __node:=slam_toolbox -r __ns:=/ --params-file /oomwoo/contributions/compute-benchmark/OsakaTX/scripts/lifelong_slam_params.yaml --params-file /tmp/launch_params_5ttjel40"
2026-09-08T15:22:44Z,47,"slam15m_noise_n015_lifelong",111267,"bash",0.3,4308,1114,"bash /oomwoo/contributions/compute-benchmark/xbattlax/scripts/measure_ros_processes.sh --pattern python3|lifelong_slam_toolbox_node --duration 470 --interval 2 --label slam15m_noise_n015_lifelong --output /oomwoo/contributions/compute-benchmark/OsakaTX/scripts/../results/slam15m_noise_n015_lifelong_20260908T152053Z.csv"
2026-09-08T15:22:44Z,47,"slam15m_noise_n015_lifelong",191,"python3",0.1,69864,46865,"/usr/bin/python3 -c from ros2cli.daemon.daemonize import main; main() --name ros2-daemon --ros-domain-id 0 --rmw-implementation rmw_fastrtps_cpp"
2026-09-08T15:22:46Z,48,"slam15m_noise_n015_lifelong",111200,"python3",4.9,72068,49130,"python3 /oomwoo/contributions/compute-benchmark/OsakaTX/scripts/synthetic_scan_publisher.py --duration 505 --loop-s 40 --hz 5.0 --room-half 7.5 --noise 0.15"
2026-09-08T15:22:46Z,48,"slam15m_noise_n015_lifelong",111216,"ros2",0.9,74320,51255,"/usr/bin/python3 /opt/ros/jazzy/bin/ros2 launch /oomwoo/contributions/compute-benchmark/OsakaTX/scripts/lifelong_launch.py slam_params_file:=/oomwoo/contributions/compute-benchmark/OsakaTX/scripts/lifelong_slam_params.yaml use_sim_time:=False autostart:=true"
2026-09-08T15:22:46Z,48,"slam15m_noise_n015_lifelong",111233,"lifelong_slam_t",103,65640,51658,"/opt/ros/jazzy/lib/slam_toolbox/lifelong_slam_toolbox_node --ros-args -r __node:=slam_toolbox -r __ns:=/ --params-file /oomwoo/contributions/compute-benchmark/OsakaTX/scripts/lifelong_slam_params.yaml --params-file /tmp/launch_params_5ttjel40"
2026-09-08T15:22:46Z,48,"slam15m_noise_n015_lifelong",111267,"bash",0.3,4308,1119,"bash /oomwoo/contributions/compute-benchmark/xbattlax/scripts/measure_ros_processes.sh --pattern python3|lifelong_slam_toolbox_node --duration 470 --interval 2 --label slam15m_noise_n015_lifelong --output /oomwoo/contributions/compute-benchmark/OsakaTX/scripts/../results/slam15m_noise_n015_lifelong_20260908T152053Z.csv"
2026-09-08T15:22:46Z,48,"slam15m_noise_n015_lifelong",191,"python3",0.1,69864,46864,"/usr/bin/python3 -c from ros2cli.daemon.daemonize import main; main() --name ros2-daemon --ros-domain-id 0 --rmw-implementation rmw_fastrtps_cpp"
2026-09-08T15:22:48Z,49,"slam15m_noise_n015_lifelong",111200,"python3",4.9,72068,49138,"python3 /oomwoo/contributions/compute-benchmark/OsakaTX/scripts/synthetic_scan_publisher.py --duration 505 --loop-s 40 --hz 5.0 --room-half 7.5 --noise 0.15"
2026-09-08T15:22:48Z,49,"slam15m_noise_n015_lifelong",111216,"ros2",0.9,74320,51254,"/usr/bin/python3 /opt/ros/jazzy/bin/ros2 launch /oomwoo/contributions/compute-benchmark/OsakaTX/scripts/lifelong_launch.py slam_params_file:=/oomwoo/contributions/compute-benchmark/OsakaTX/scripts/lifelong_slam_params.yaml use_sim_time:=False autostart:=true"
2026-09-08T15:22:48Z,49,"slam15m_noise_n015_lifelong",111233,"lifelong_slam_t",103,65644,51662,"/opt/ros/jazzy/lib/slam_toolbox/lifelong_slam_toolbox_node --ros-args -r __node:=slam_toolbox -r __ns:=/ --params-file /oomwoo/contributions/compute-benchmark/OsakaTX/scripts/lifelong_slam_params.yaml --params-file /tmp/launch_params_5ttjel40"
2026-09-08T15:22:48Z,49,"slam15m_noise_n015_lifelong",111267,"bash",0.3,4308,1117,"bash /oomwoo/contributions/compute-benchmark/xbattlax/scripts/measure_ros_processes.sh --pattern python3|lifelong_slam_toolbox_node --duration 470 --interval 2 --label slam15m_noise_n015_lifelong --output /oomwoo/contributions/compute-benchmark/OsakaTX/scripts/../results/slam15m_noise_n015_lifelong_20260908T152053Z.csv"
2026-09-08T15:22:48Z,49,"slam15m_noise_n015_lifelong",191,"python3",0.1,69864,46869,"/usr/bin/python3 -c from ros2cli.daemon.daemonize import main; main() --name ros2-daemon --ros-domain-id 0 --rmw-implementation rmw_fastrtps_cpp"
2026-09-08T15:22:51Z,50,"slam15m_noise_n015_lifelong",111200,"python3",4.8,72068,49135,"python3 /oomwoo/contributions/compute-benchmark/OsakaTX/scripts/synthetic_scan_publisher.py --duration 505 --loop-s 40 --hz 5.0 --room-half 7.5 --noise 0.15"
2026-09-08T15:22:51Z,50,"slam15m_noise_n015_lifelong",111216,"ros2",0.8,74320,51255,"/usr/bin/python3 /opt/ros/jazzy/bin/ros2 launch /oomwoo/contributions/compute-benchmark/OsakaTX/scripts/lifelong_launch.py slam_params_file:=/oomwoo/contributions/compute-benchmark/OsakaTX/scripts/lifelong_slam_params.yaml use_sim_time:=False autostart:=true"
2026-09-08T15:22:51Z,50,"slam15m_noise_n015_lifelong",111233,"lifelong_slam_t",103,65644,51666,"/opt/ros/jazzy/lib/slam_toolbox/lifelong_slam_toolbox_node --ros-args -r __node:=slam_toolbox -r __ns:=/ --params-file /oomwoo/contributions/compute-benchmark/OsakaTX/scripts/lifelong_slam_params.yaml --params-file /tmp/launch_params_5ttjel40"
2026-09-08T15:22:51Z,50,"slam15m_noise_n015_lifelong",111267,"bash",0.3,4308,1116,"bash /oomwoo/contributions/compute-benchmark/xbattlax/scripts/measure_ros_processes.sh --pattern python3|lifelong_slam_toolbox_node --duration 470 --interval 2 --label slam15m_noise_n015_lifelong --output /oomwoo/contributions/compute-benchmark/OsakaTX/scripts/../results/slam15m_noise_n015_lifelong_20260908T152053Z.csv"
2026-09-08T15:22:51Z,50,"slam15m_noise_n015_lifelong",191,"python3",0.1,69864,46867,"/usr/bin/python3 -c from ros2cli.daemon.daemonize import main; main() --name ros2-daemon --ros-domain-id 0 --rmw-implementation rmw_fastrtps_cpp"
2026-09-08T15:22:53Z,51,"slam15m_noise_n015_lifelong",111200,"python3",4.8,72068,49141,"python3 /oomwoo/contributions/compute-benchmark/OsakaTX/scripts/synthetic_scan_publisher.py --duration 505 --loop-s 40 --hz 5.0 --room-half 7.5 --noise 0.15"
2026-09-08T15:22:53Z,51,"slam15m_noise_n015_lifelong",111216,"ros2",0.8,74320,51254,"/usr/bin/python3 /opt/ros/jazzy/bin/ros2 launch /oomwoo/contributions/compute-benchmark/OsakaTX/scripts/lifelong_launch.py slam_params_file:=/oomwoo/contributions/compute-benchmark/OsakaTX/scripts/lifelong_slam_params.yaml use_sim_time:=False autostart:=true"
2026-09-08T15:22:53Z,51,"slam15m_noise_n015_lifelong",111233,"lifelong_slam_t",104,65684,51703,"/opt/ros/jazzy/lib/slam_toolbox/lifelong_slam_toolbox_node --ros-args -r __node:=slam_toolbox -r __ns:=/ --params-file /oomwoo/contributions/compute-benchmark/OsakaTX/scripts/lifelong_slam_params.yaml --params-file /tmp/launch_params_5ttjel40"
2026-09-08T15:22:53Z,51,"slam15m_noise_n015_lifelong",111267,"bash",0.3,4308,1112,"bash /oomwoo/contributions/compute-benchmark/xbattlax/scripts/measure_ros_processes.sh --pattern python3|lifelong_slam_toolbox_node --duration 470 --interval 2 --label slam15m_noise_n015_lifelong --output /oomwoo/contributions/compute-benchmark/OsakaTX/scripts/../results/slam15m_noise_n015_lifelong_20260908T152053Z.csv"
2026-09-08T15:22:53Z,51,"slam15m_noise_n015_lifelong",191,"python3",0.1,69864,46867,"/usr/bin/python3 -c from ros2cli.daemon.daemonize import main; main() --name ros2-daemon --ros-domain-id 0 --rmw-implementation rmw_fastrtps_cpp"
2026-09-08T15:22:55Z,52,"slam15m_noise_n015_lifelong",111200,"python3",4.8,72068,49134,"python3 /oomwoo/contributions/compute-benchmark/OsakaTX/scripts/synthetic_scan_publisher.py --duration 505 --loop-s 40 --hz 5.0 --room-half 7.5 --noise 0.15"
2026-09-08T15:22:55Z,52,"slam15m_noise_n015_lifelong",111216,"ros2",0.8,74320,51254,"/usr/bin/python3 /opt/ros/jazzy/bin/ros2 launch /oomwoo/contributions/compute-benchmark/OsakaTX/scripts/lifelong_launch.py slam_params_file:=/oomwoo/contributions/compute-benchmark/OsakaTX/scripts/lifelong_slam_params.yaml use_sim_time:=False autostart:=true"
2026-09-08T15:22:55Z,52,"slam15m_noise_n015_lifelong",111233,"lifelong_slam_t",103,65684,51706,"/opt/ros/jazzy/lib/slam_toolbox/lifelong_slam_toolbox_node --ros-args -r __node:=slam_toolbox -r __ns:=/ --params-file /oomwoo/contributions/compute-benchmark/OsakaTX/scripts/lifelong_slam_params.yaml --params-file /tmp/launch_params_5ttjel40"
2026-09-08T15:22:55Z,52,"slam15m_noise_n015_lifelong",111267,"bash",0.3,4308,1120,"bash /oomwoo/contributions/compute-benchmark/xbattlax/scripts/measure_ros_processes.sh --pattern python3|lifelong_slam_toolbox_node --duration 470 --interval 2 --label slam15m_noise_n015_lifelong --output /oomwoo/contributions/compute-benchmark/OsakaTX/scripts/../results/slam15m_noise_n015_lifelong_20260908T152053Z.csv"
2026-09-08T15:22:55Z,52,"slam15m_noise_n015_lifelong",191,"python3",0.1,69864,46866,"/usr/bin/python3 -c from ros2cli.daemon.daemonize import main; main() --name ros2-daemon --ros-domain-id 0 --rmw-implementation rmw_fastrtps_cpp"
2026-09-08T15:22:57Z,53,"slam15m_noise_n015_lifelong",111200,"python3",4.8,72068,49142,"python3 /oomwoo/contributions/compute-benchmark/OsakaTX/scripts/synthetic_scan_publisher.py --duration 505 --loop-s 40 --hz 5.0 --room-half 7.5 --noise 0.15"
2026-09-08T15:22:57Z,53,"slam15m_noise_n015_lifelong",111216,"ros2",0.8,74320,51255,"/usr/bin/python3 /opt/ros/jazzy/bin/ros2 launch /oomwoo/contributions/compute-benchmark/OsakaTX/scripts/lifelong_launch.py slam_params_file:=/oomwoo/contributions/compute-benchmark/OsakaTX/scripts/lifelong_slam_params.yaml use_sim_time:=False autostart:=true"
2026-09-08T15:22:57Z,53,"slam15m_noise_n015_lifelong",111233,"lifelong_slam_t",104,65704,51726,"/opt/ros/jazzy/lib/slam_toolbox/lifelong_slam_toolbox_node --ros-args -r __node:=slam_toolbox -r __ns:=/ --params-file /oomwoo/contributions/compute-benchmark/OsakaTX/scripts/lifelong_slam_params.yaml --params-file /tmp/launch_params_5ttjel40"
2026-09-08T15:22:57Z,53,"slam15m_noise_n015_lifelong",111267,"bash",0.3,4308,1117,"bash /oomwoo/contributions/compute-benchmark/xbattlax/scripts/measure_ros_processes.sh --pattern python3|lifelong_slam_toolbox_node --duration 470 --interval 2 --label slam15m_noise_n015_lifelong --output /oomwoo/contributions/compute-benchmark/OsakaTX/scripts/../results/slam15m_noise_n015_lifelong_20260908T152053Z.csv"
2026-09-08T15:22:57Z,53,"slam15m_noise_n015_lifelong",191,"python3",0.1,69864,46867,"/usr/bin/python3 -c from ros2cli.daemon.daemonize import main; main() --name ros2-daemon --ros-domain-id 0 --rmw-implementation rmw_fastrtps_cpp"
2026-09-08T15:22:59Z,54,"slam15m_noise_n015_lifelong",111200,"python3",4.8,72068,49142,"python3 /oomwoo/contributions/compute-benchmark/OsakaTX/scripts/synthetic_scan_publisher.py --duration 505 --loop-s 40 --hz 5.0 --room-half 7.5 --noise 0.15"
2026-09-08T15:22:59Z,54,"slam15m_noise_n015_lifelong",111216,"ros2",0.8,74320,51255,"/usr/bin/python3 /opt/ros/jazzy/bin/ros2 launch /oomwoo/contributions/compute-benchmark/OsakaTX/scripts/lifelong_launch.py slam_params_file:=/oomwoo/contributions/compute-benchmark/OsakaTX/scripts/lifelong_slam_params.yaml use_sim_time:=False autostart:=true"
2026-09-08T15:22:59Z,54,"slam15m_noise_n015_lifelong",111233,"lifelong_slam_t",104,65744,51766,"/opt/ros/jazzy/lib/slam_toolbox/lifelong_slam_toolbox_node --ros-args -r __node:=slam_toolbox -r __ns:=/ --params-file /oomwoo/contributions/compute-benchmark/OsakaTX/scripts/lifelong_slam_params.yaml --params-file /tmp/launch_params_5ttjel40"
2026-09-08T15:22:59Z,54,"slam15m_noise_n015_lifelong",111267,"bash",0.3,4308,1112,"bash /oomwoo/contributions/compute-benchmark/xbattlax/scripts/measure_ros_processes.sh --pattern python3|lifelong_slam_toolbox_node --duration 470 --interval 2 --label slam15m_noise_n015_lifelong --output /oomwoo/contributions/compute-benchmark/OsakaTX/scripts/../results/slam15m_noise_n015_lifelong_20260908T152053Z.csv"
2026-09-08T15:22:59Z,54,"slam15m_noise_n015_lifelong",191,"python3",0.1,69864,46867,"/usr/bin/python3 -c from ros2cli.daemon.daemonize import main; main() --name ros2-daemon --ros-domain-id 0 --rmw-implementation rmw_fastrtps_cpp"
2026-09-08T15:23:01Z,55,"slam15m_noise_n015_lifelong",111200,"python3",4.8,72068,49129,"python3 /oomwoo/contributions/compute-benchmark/OsakaTX/scripts/synthetic_scan_publisher.py --duration 505 --loop-s 40 --hz 5.0 --room-half 7.5 --noise 0.15"
2026-09-08T15:23:01Z,55,"slam15m_noise_n015_lifelong",111216,"ros2",0.8,74320,51254,"/usr/bin/python3 /opt/ros/jazzy/bin/ros2 launch /oomwoo/contributions/compute-benchmark/OsakaTX/scripts/lifelong_launch.py slam_params_file:=/oomwoo/contributions/compute-benchmark/OsakaTX/scripts/lifelong_slam_params.yaml use_sim_time:=False autostart:=true"
2026-09-08T15:23:01Z,55,"slam15m_noise_n015_lifelong",111233,"lifelong_slam_t",105,65744,51763,"/opt/ros/jazzy/lib/slam_toolbox/lifelong_slam_toolbox_node --ros-args -r __node:=slam_toolbox -r __ns:=/ --params-file /oomwoo/contributions/compute-benchmark/OsakaTX/scripts/lifelong_slam_params.yaml --params-file /tmp/launch_params_5ttjel40"
2026-09-08T15:23:01Z,55,"slam15m_noise_n015_lifelong",111267,"bash",0.3,4308,1113,"bash /oomwoo/contributions/compute-benchmark/xbattlax/scripts/measure_ros_processes.sh --pattern python3|lifelong_slam_toolbox_node --duration 470 --interval 2 --label slam15m_noise_n015_lifelong --output /oomwoo/contributions/compute-benchmark/OsakaTX/scripts/../results/slam15m_noise_n015_lifelong_20260908T152053Z.csv"
2026-09-08T15:23:01Z,55,"slam15m_noise_n015_lifelong",191,"python3",0.1,69864,46867,"/usr/bin/python3 -c from ros2cli.daemon.daemonize import main; main() --name ros2-daemon --ros-domain-id 0 --rmw-implementation rmw_fastrtps_cpp"
2026-09-08T15:23:03Z,56,"slam15m_noise_n015_lifelong",111200,"python3",4.8,72068,49135,"python3 /oomwoo/contributions/compute-benchmark/OsakaTX/scripts/synthetic_scan_publisher.py --duration 505 --loop-s 40 --hz 5.0 --room-half 7.5 --noise 0.15"
2026-09-08T15:23:03Z,56,"slam15m_noise_n015_lifelong",111216,"ros2",0.8,74320,51255,"/usr/bin/python3 /opt/ros/jazzy/bin/ros2 launch /oomwoo/contributions/compute-benchmark/OsakaTX/scripts/lifelong_launch.py slam_params_file:=/oomwoo/contributions/compute-benchmark/OsakaTX/scripts/lifelong_slam_params.yaml use_sim_time:=False autostart:=true"
2026-09-08T15:23:03Z,56,"slam15m_noise_n015_lifelong",111233,"lifelong_slam_t",105,65748,51769,"/opt/ros/jazzy/lib/slam_toolbox/lifelong_slam_toolbox_node --ros-args -r __node:=slam_toolbox -r __ns:=/ --params-file /oomwoo/contributions/compute-benchmark/OsakaTX/scripts/lifelong_slam_params.yaml --params-file /tmp/launch_params_5ttjel40"
2026-09-08T15:23:03Z,56,"slam15m_noise_n015_lifelong",111267,"bash",0.3,4308,1116,"bash /oomwoo/contributions/compute-benchmark/xbattlax/scripts/measure_ros_processes.sh --pattern python3|lifelong_slam_toolbox_node --duration 470 --interval 2 --label slam15m_noise_n015_lifelong --output /oomwoo/contributions/compute-benchmark/OsakaTX/scripts/../results/slam15m_noise_n015_lifelong_20260908T152053Z.csv"
2026-09-08T15:23:03Z,56,"slam15m_noise_n015_lifelong",191,"python3",0.1,69864,46867,"/usr/bin/python3 -c from ros2cli.daemon.daemonize import main; main() --name ros2-daemon --ros-domain-id 0 --rmw-implementation rmw_fastrtps_cpp"
2026-09-08T15:23:06Z,57,"slam15m_noise_n015_lifelong",111200,"python3",4.8,72068,49139,"python3 /oomwoo/contributions/compute-benchmark/OsakaTX/scripts/synthetic_scan_publisher.py --duration 505 --loop-s 40 --hz 5.0 --room-half 7.5 --noise 0.15"
2026-09-08T15:23:06Z,57,"slam15m_noise_n015_lifelong",111216,"ros2",0.8,74320,51258,"/usr/bin/python3 /opt/ros/jazzy/bin/ros2 launch /oomwoo/contributions/compute-benchmark/OsakaTX/scripts/lifelong_launch.py slam_params_file:=/oomwoo/contributions/compute-benchmark/OsakaTX/scripts/lifelong_slam_params.yaml use_sim_time:=False autostart:=true"
2026-09-08T15:23:06Z,57,"slam15m_noise_n015_lifelong",111233,"lifelong_slam_t",106,65748,51766,"/opt/ros/jazzy/lib/slam_toolbox/lifelong_slam_toolbox_node --ros-args -r __node:=slam_toolbox -r __ns:=/ --params-file /oomwoo/contributions/compute-benchmark/OsakaTX/scripts/lifelong_slam_params.yaml --params-file /tmp/launch_params_5ttjel40"
2026-09-08T15:23:06Z,57,"slam15m_noise_n015_lifelong",111267,"bash",0.3,4308,1115,"bash /oomwoo/contributions/compute-benchmark/xbattlax/scripts/measure_ros_processes.sh --pattern python3|lifelong_slam_toolbox_node --duration 470 --interval 2 --label slam15m_noise_n015_lifelong --output /oomwoo/contributions/compute-benchmark/OsakaTX/scripts/../results/slam15m_noise_n015_lifelong_20260908T152053Z.csv"
2026-09-08T15:23:06Z,57,"slam15m_noise_n015_lifelong",191,"python3",0.1,69864,46864,"/usr/bin/python3 -c from ros2cli.daemon.daemonize import main; main() --name ros2-daemon --ros-domain-id 0 --rmw-implementation rmw_fastrtps_cpp"
2026-09-08T15:23:08Z,58,"slam15m_noise_n015_lifelong",111200,"python3",4.8,72068,49143,"python3 /oomwoo/contributions/compute-benchmark/OsakaTX/scripts/synthetic_scan_publisher.py --duration 505 --loop-s 40 --hz 5.0 --room-half 7.5 --noise 0.15"
2026-09-08T15:23:08Z,58,"slam15m_noise_n015_lifelong",111216,"ros2",0.8,74324,51257,"/usr/bin/python3 /opt/ros/jazzy/bin/ros2 launch /oomwoo/contributions/compute-benchmark/OsakaTX/scripts/lifelong_launch.py slam_params_file:=/oomwoo/contributions/compute-benchmark/OsakaTX/scripts/lifelong_slam_params.yaml use_sim_time:=False autostart:=true"
2026-09-08T15:23:08Z,58,"slam15m_noise_n015_lifelong",111233,"lifelong_slam_t",106,65748,51769,"/opt/ros/jazzy/lib/slam_toolbox/lifelong_slam_toolbox_node --ros-args -r __node:=slam_toolbox -r __ns:=/ --params-file /oomwoo/contributions/compute-benchmark/OsakaTX/scripts/lifelong_slam_params.yaml --params-file /tmp/launch_params_5ttjel40"
2026-09-08T15:23:08Z,58,"slam15m_noise_n015_lifelong",111267,"bash",0.3,4308,1110,"bash /oomwoo/contributions/compute-benchmark/xbattlax/scripts/measure_ros_processes.sh --pattern python3|lifelong_slam_toolbox_node --duration 470 --interval 2 --label slam15m_noise_n015_lifelong --output /oomwoo/contributions/compute-benchmark/OsakaTX/scripts/../results/slam15m_noise_n015_lifelong_20260908T152053Z.csv"
2026-09-08T15:23:08Z,58,"slam15m_noise_n015_lifelong",191,"python3",0.1,69864,46866,"/usr/bin/python3 -c from ros2cli.daemon.daemonize import main; main() --name ros2-daemon --ros-domain-id 0 --rmw-implementation rmw_fastrtps_cpp"
2026-09-08T15:23:10Z,59,"slam15m_noise_n015_lifelong",111200,"python3",4.8,72068,49129,"python3 /oomwoo/contributions/compute-benchmark/OsakaTX/scripts/synthetic_scan_publisher.py --duration 505 --loop-s 40 --hz 5.0 --room-half 7.5 --noise 0.15"
2026-09-08T15:23:10Z,59,"slam15m_noise_n015_lifelong",111216,"ros2",0.8,74324,51259,"/usr/bin/python3 /opt/ros/jazzy/bin/ros2 launch /oomwoo/contributions/compute-benchmark/OsakaTX/scripts/lifelong_launch.py slam_params_file:=/oomwoo/contributions/compute-benchmark/OsakaTX/scripts/lifelong_slam_params.yaml use_sim_time:=False autostart:=true"
2026-09-08T15:23:10Z,59,"slam15m_noise_n015_lifelong",111233,"lifelong_slam_t",107,65780,51798,"/opt/ros/jazzy/lib/slam_toolbox/lifelong_slam_toolbox_node --ros-args -r __node:=slam_toolbox -r __ns:=/ --params-file /oomwoo/contributions/compute-benchmark/OsakaTX/scripts/lifelong_slam_params.yaml --params-file /tmp/launch_params_5ttjel40"
2026-09-08T15:23:10Z,59,"slam15m_noise_n015_lifelong",111267,"bash",0.3,4308,1117,"bash /oomwoo/contributions/compute-benchmark/xbattlax/scripts/measure_ros_processes.sh --pattern python3|lifelong_slam_toolbox_node --duration 470 --interval 2 --label slam15m_noise_n015_lifelong --output /oomwoo/contributions/compute-benchmark/OsakaTX/scripts/../results/slam15m_noise_n015_lifelong_20260908T152053Z.csv"
2026-09-08T15:23:10Z,59,"slam15m_noise_n015_lifelong",191,"python3",0.1,69864,46868,"/usr/bin/python3 -c from ros2cli.daemon.daemonize import main; main() --name ros2-daemon --ros-domain-id 0 --rmw-implementation rmw_fastrtps_cpp"
2026-09-08T15:23:12Z,60,"slam15m_noise_n015_lifelong",111200,"python3",4.8,72068,49142,"python3 /oomwoo/contributions/compute-benchmark/OsakaTX/scripts/synthetic_scan_publisher.py --duration 505 --loop-s 40 --hz 5.0 --room-half 7.5 --noise 0.15"
2026-09-08T15:23:12Z,60,"slam15m_noise_n015_lifelong",111216,"ros2",0.8,74324,51257,"/usr/bin/python3 /opt/ros/jazzy/bin/ros2 launch /oomwoo/contributions/compute-benchmark/OsakaTX/scripts/lifelong_launch.py slam_params_file:=/oomwoo/contributions/compute-benchmark/OsakaTX/scripts/lifelong_slam_params.yaml use_sim_time:=False autostart:=true"
2026-09-08T15:23:12Z,60,"slam15m_noise_n015_lifelong",111233,"lifelong_slam_t",107,65900,51922,"/opt/ros/jazzy/lib/slam_toolbox/lifelong_slam_toolbox_node --ros-args -r __node:=slam_toolbox -r __ns:=/ --params-file /oomwoo/contributions/compute-benchmark/OsakaTX/scripts/lifelong_slam_params.yaml --params-file /tmp/launch_params_5ttjel40"
2026-09-08T15:23:12Z,60,"slam15m_noise_n015_lifelong",111267,"bash",0.3,4308,1112,"bash /oomwoo/contributions/compute-benchmark/xbattlax/scripts/measure_ros_processes.sh --pattern python3|lifelong_slam_toolbox_node --duration 470 --interval 2 --label slam15m_noise_n015_lifelong --output /oomwoo/contributions/compute-benchmark/OsakaTX/scripts/../results/slam15m_noise_n015_lifelong_20260908T152053Z.csv"
2026-09-08T15:23:12Z,60,"slam15m_noise_n015_lifelong",191,"python3",0.1,69864,46867,"/usr/bin/python3 -c from ros2cli.daemon.daemonize import main; main() --name ros2-daemon --ros-domain-id 0 --rmw-implementation rmw_fastrtps_cpp"
2026-09-08T15:23:14Z,61,"slam15m_noise_n015_lifelong",111200,"python3",4.8,72068,49133,"python3 /oomwoo/contributions/compute-benchmark/OsakaTX/scripts/synthetic_scan_publisher.py --duration 505 --loop-s 40 --hz 5.0 --room-half 7.5 --noise 0.15"
2026-09-08T15:23:14Z,61,"slam15m_noise_n015_lifelong",111216,"ros2",0.8,74340,51275,"/usr/bin/python3 /opt/ros/jazzy/bin/ros2 launch /oomwoo/contributions/compute-benchmark/OsakaTX/scripts/lifelong_launch.py slam_params_file:=/oomwoo/contributions/compute-benchmark/OsakaTX/scripts/lifelong_slam_params.yaml use_sim_time:=False autostart:=true"
2026-09-08T15:23:14Z,61,"slam15m_noise_n015_lifelong",111233,"lifelong_slam_t",108,65980,51999,"/opt/ros/jazzy/lib/slam_toolbox/lifelong_slam_toolbox_node --ros-args -r __node:=slam_toolbox -r __ns:=/ --params-file /oomwoo/contributions/compute-benchmark/OsakaTX/scripts/lifelong_slam_params.yaml --params-file /tmp/launch_params_5ttjel40"
2026-09-08T15:23:14Z,61,"slam15m_noise_n015_lifelong",111267,"bash",0.3,4308,1120,"bash /oomwoo/contributions/compute-benchmark/xbattlax/scripts/measure_ros_processes.sh --pattern python3|lifelong_slam_toolbox_node --duration 470 --interval 2 --label slam15m_noise_n015_lifelong --output /oomwoo/contributions/compute-benchmark/OsakaTX/scripts/../results/slam15m_noise_n015_lifelong_20260908T152053Z.csv"
2026-09-08T15:23:14Z,61,"slam15m_noise_n015_lifelong",191,"python3",0.1,69864,46867,"/usr/bin/python3 -c from ros2cli.daemon.daemonize import main; main() --name ros2-daemon --ros-domain-id 0 --rmw-implementation rmw_fastrtps_cpp"
2026-09-08T15:23:16Z,62,"slam15m_noise_n015_lifelong",111200,"python3",4.8,72068,49143,"python3 /oomwoo/contributions/compute-benchmark/OsakaTX/scripts/synthetic_scan_publisher.py --duration 505 --loop-s 40 --hz 5.0 --room-half 7.5 --noise 0.15"
2026-09-08T15:23:16Z,62,"slam15m_noise_n015_lifelong",111216,"ros2",0.8,74340,51275,"/usr/bin/python3 /opt/ros/jazzy/bin/ros2 launch /oomwoo/contributions/compute-benchmark/OsakaTX/scripts/lifelong_launch.py slam_params_file:=/oomwoo/contributions/compute-benchmark/OsakaTX/scripts/lifelong_slam_params.yaml use_sim_time:=False autostart:=true"
2026-09-08T15:23:16Z,62,"slam15m_noise_n015_lifelong",111233,"lifelong_slam_t",108,65988,52007,"/opt/ros/jazzy/lib/slam_toolbox/lifelong_slam_toolbox_node --ros-args -r __node:=slam_toolbox -r __ns:=/ --params-file /oomwoo/contributions/compute-benchmark/OsakaTX/scripts/lifelong_slam_params.yaml --params-file /tmp/launch_params_5ttjel40"
2026-09-08T15:23:16Z,62,"slam15m_noise_n015_lifelong",111267,"bash",0.3,4308,1113,"bash /oomwoo/contributions/compute-benchmark/xbattlax/scripts/measure_ros_processes.sh --pattern python3|lifelong_slam_toolbox_node --duration 470 --interval 2 --label slam15m_noise_n015_lifelong --output /oomwoo/contributions/compute-benchmark/OsakaTX/scripts/../results/slam15m_noise_n015_lifelong_20260908T152053Z.csv"
2026-09-08T15:23:16Z,62,"slam15m_noise_n015_lifelong",191,"python3",0.1,69864,46867,"/usr/bin/python3 -c from ros2cli.daemon.daemonize import main; main() --name ros2-daemon --ros-domain-id 0 --rmw-implementation rmw_fastrtps_cpp"
2026-09-08T15:23:18Z,63,"slam15m_noise_n015_lifelong",111200,"python3",4.8,72072,49146,"python3 /oomwoo/contributions/compute-benchmark/OsakaTX/scripts/synthetic_scan_publisher.py --duration 505 --loop-s 40 --hz 5.0 --room-half 7.5 --noise 0.15"
2026-09-08T15:23:18Z,63,"slam15m_noise_n015_lifelong",111216,"ros2",0.8,74340,51276,"/usr/bin/python3 /opt/ros/jazzy/bin/ros2 launch /oomwoo/contributions/compute-benchmark/OsakaTX/scripts/lifelong_launch.py slam_params_file:=/oomwoo/contributions/compute-benchmark/OsakaTX/scripts/lifelong_slam_params.yaml use_sim_time:=False autostart:=true"
2026-09-08T15:23:18Z,63,"slam15m_noise_n015_lifelong",111233,"lifelong_slam_t",109,65988,52009,"/opt/ros/jazzy/lib/slam_toolbox/lifelong_slam_toolbox_node --ros-args -r __node:=slam_toolbox -r __ns:=/ --params-file /oomwoo/contributions/compute-benchmark/OsakaTX/scripts/lifelong_slam_params.yaml --params-file /tmp/launch_params_5ttjel40"
2026-09-08T15:23:18Z,63,"slam15m_noise_n015_lifelong",111267,"bash",0.3,4308,1112,"bash /oomwoo/contributions/compute-benchmark/xbattlax/scripts/measure_ros_processes.sh --pattern python3|lifelong_slam_toolbox_node --duration 470 --interval 2 --label slam15m_noise_n015_lifelong --output /oomwoo/contributions/compute-benchmark/OsakaTX/scripts/../results/slam15m_noise_n015_lifelong_20260908T152053Z.csv"
2026-09-08T15:23:18Z,63,"slam15m_noise_n015_lifelong",191,"python3",0.1,69864,46865,"/usr/bin/python3 -c from ros2cli.daemon.daemonize import main; main() --name ros2-daemon --ros-domain-id 0 --rmw-implementation rmw_fastrtps_cpp"
2026-09-08T15:23:21Z,64,"slam15m_noise_n015_lifelong",111200,"python3",4.8,72072,49146,"python3 /oomwoo/contributions/compute-benchmark/OsakaTX/scripts/synthetic_scan_publisher.py --duration 505 --loop-s 40 --hz 5.0 --room-half 7.5 --noise 0.15"
2026-09-08T15:23:21Z,64,"slam15m_noise_n015_lifelong",111216,"ros2",0.7,74340,51274,"/usr/bin/python3 /opt/ros/jazzy/bin/ros2 launch /oomwoo/contributions/compute-benchmark/OsakaTX/scripts/lifelong_launch.py slam_params_file:=/oomwoo/contributions/compute-benchmark/OsakaTX/scripts/lifelong_slam_params.yaml use_sim_time:=False autostart:=true"
2026-09-08T15:23:21Z,64,"slam15m_noise_n015_lifelong",111233,"lifelong_slam_t",109,65988,52006,"/opt/ros/jazzy/lib/slam_toolbox/lifelong_slam_toolbox_node --ros-args -r __node:=slam_toolbox -r __ns:=/ --params-file /oomwoo/contributions/compute-benchmark/OsakaTX/scripts/lifelong_slam_params.yaml --params-file /tmp/launch_params_5ttjel40"
2026-09-08T15:23:21Z,64,"slam15m_noise_n015_lifelong",111267,"bash",0.3,4308,1115,"bash /oomwoo/contributions/compute-benchmark/xbattlax/scripts/measure_ros_processes.sh --pattern python3|lifelong_slam_toolbox_node --duration 470 --interval 2 --label slam15m_noise_n015_lifelong --output /oomwoo/contributions/compute-benchmark/OsakaTX/scripts/../results/slam15m_noise_n015_lifelong_20260908T152053Z.csv"
2026-09-08T15:23:21Z,64,"slam15m_noise_n015_lifelong",191,"python3",0.1,69864,46868,"/usr/bin/python3 -c from ros2cli.daemon.daemonize import main; main() --name ros2-daemon --ros-domain-id 0 --rmw-implementation rmw_fastrtps_cpp"
2026-09-08T15:23:23Z,65,"slam15m_noise_n015_lifelong",111200,"python3",4.8,72072,49138,"python3 /oomwoo/contributions/compute-benchmark/OsakaTX/scripts/synthetic_scan_publisher.py --duration 505 --loop-s 40 --hz 5.0 --room-half 7.5 --noise 0.15"
2026-09-08T15:23:23Z,65,"slam15m_noise_n015_lifelong",111216,"ros2",0.7,74340,51275,"/usr/bin/python3 /opt/ros/jazzy/bin/ros2 launch /oomwoo/contributions/compute-benchmark/OsakaTX/scripts/lifelong_launch.py slam_params_file:=/oomwoo/contributions/compute-benchmark/OsakaTX/scripts/lifelong_slam_params.yaml use_sim_time:=False autostart:=true"
2026-09-08T15:23:23Z,65,"slam15m_noise_n015_lifelong",111233,"lifelong_slam_t",109,66064,52086,"/opt/ros/jazzy/lib/slam_toolbox/lifelong_slam_toolbox_node --ros-args -r __node:=slam_toolbox -r __ns:=/ --params-file /oomwoo/contributions/compute-benchmark/OsakaTX/scripts/lifelong_slam_params.yaml --params-file /tmp/launch_params_5ttjel40"
2026-09-08T15:23:23Z,65,"slam15m_noise_n015_lifelong",111267,"bash",0.3,4308,1112,"bash /oomwoo/contributions/compute-benchmark/xbattlax/scripts/measure_ros_processes.sh --pattern python3|lifelong_slam_toolbox_node --duration 470 --interval 2 --label slam15m_noise_n015_lifelong --output /oomwoo/contributions/compute-benchmark/OsakaTX/scripts/../results/slam15m_noise_n015_lifelong_20260908T152053Z.csv"
2026-09-08T15:23:23Z,65,"slam15m_noise_n015_lifelong",191,"python3",0.1,69864,46867,"/usr/bin/python3 -c from ros2cli.daemon.daemonize import main; main() --name ros2-daemon --ros-domain-id 0 --rmw-implementation rmw_fastrtps_cpp"
2026-09-08T15:23:25Z,66,"slam15m_noise_n015_lifelong",111200,"python3",4.8,72072,49133,"python3 /oomwoo/contributions/compute-benchmark/OsakaTX/scripts/synthetic_scan_publisher.py --duration 505 --loop-s 40 --hz 5.0 --room-half 7.5 --noise 0.15"
2026-09-08T15:23:25Z,66,"slam15m_noise_n015_lifelong",111216,"ros2",0.7,74340,51276,"/usr/bin/python3 /opt/ros/jazzy/bin/ros2 launch /oomwoo/contributions/compute-benchmark/OsakaTX/scripts/lifelong_launch.py slam_params_file:=/oomwoo/contributions/compute-benchmark/OsakaTX/scripts/lifelong_slam_params.yaml use_sim_time:=False autostart:=true"
2026-09-08T15:23:25Z,66,"slam15m_noise_n015_lifelong",111233,"lifelong_slam_t",110,66064,52082,"/opt/ros/jazzy/lib/slam_toolbox/lifelong_slam_toolbox_node --ros-args -r __node:=slam_toolbox -r __ns:=/ --params-file /oomwoo/contributions/compute-benchmark/OsakaTX/scripts/lifelong_slam_params.yaml --params-file /tmp/launch_params_5ttjel40"
2026-09-08T15:23:25Z,66,"slam15m_noise_n015_lifelong",111267,"bash",0.3,4308,1120,"bash /oomwoo/contributions/compute-benchmark/xbattlax/scripts/measure_ros_processes.sh --pattern python3|lifelong_slam_toolbox_node --duration 470 --interval 2 --label slam15m_noise_n015_lifelong --output /oomwoo/contributions/compute-benchmark/OsakaTX/scripts/../results/slam15m_noise_n015_lifelong_20260908T152053Z.csv"
2026-09-08T15:23:25Z,66,"slam15m_noise_n015_lifelong",191,"python3",0.1,69864,46864,"/usr/bin/python3 -c from ros2cli.daemon.daemonize import main; main() --name ros2-daemon --ros-domain-id 0 --rmw-implementation rmw_fastrtps_cpp"
2026-09-08T15:23:27Z,67,"slam15m_noise_n015_lifelong",111200,"python3",4.8,72072,49142,"python3 /oomwoo/contributions/compute-benchmark/OsakaTX/scripts/synthetic_scan_publisher.py --duration 505 --loop-s 40 --hz 5.0 --room-half 7.5 --noise 0.15"
2026-09-08T15:23:27Z,67,"slam15m_noise_n015_lifelong",111216,"ros2",0.7,74340,51276,"/usr/bin/python3 /opt/ros/jazzy/bin/ros2 launch /oomwoo/contributions/compute-benchmark/OsakaTX/scripts/lifelong_launch.py slam_params_file:=/oomwoo/contributions/compute-benchmark/OsakaTX/scripts/lifelong_slam_params.yaml use_sim_time:=False autostart:=true"
2026-09-08T15:23:27Z,67,"slam15m_noise_n015_lifelong",111233,"lifelong_slam_t",110,66172,52190,"/opt/ros/jazzy/lib/slam_toolbox/lifelong_slam_toolbox_node --ros-args -r __node:=slam_toolbox -r __ns:=/ --params-file /oomwoo/contributions/compute-benchmark/OsakaTX/scripts/lifelong_slam_params.yaml --params-file /tmp/launch_params_5ttjel40"
2026-09-08T15:23:27Z,67,"slam15m_noise_n015_lifelong",111267,"bash",0.3,4308,1116,"bash /oomwoo/contributions/compute-benchmark/xbattlax/scripts/measure_ros_processes.sh --pattern python3|lifelong_slam_toolbox_node --duration 470 --interval 2 --label slam15m_noise_n015_lifelong --output /oomwoo/contributions/compute-benchmark/OsakaTX/scripts/../results/slam15m_noise_n015_lifelong_20260908T152053Z.csv"
2026-09-08T15:23:27Z,67,"slam15m_noise_n015_lifelong",191,"python3",0.1,69864,46867,"/usr/bin/python3 -c from ros2cli.daemon.daemonize import main; main() --name ros2-daemon --ros-domain-id 0 --rmw-implementation rmw_fastrtps_cpp"
2026-09-08T15:23:29Z,68,"slam15m_noise_n015_lifelong",111200,"python3",4.8,72072,49146,"python3 /oomwoo/contributions/compute-benchmark/OsakaTX/scripts/synthetic_scan_publisher.py --duration 505 --loop-s 40 --hz 5.0 --room-half 7.5 --noise 0.15"
2026-09-08T15:23:29Z,68,"slam15m_noise_n015_lifelong",111216,"ros2",0.7,74340,51274,"/usr/bin/python3 /opt/ros/jazzy/bin/ros2 launch /oomwoo/contributions/compute-benchmark/OsakaTX/scripts/lifelong_launch.py slam_params_file:=/oomwoo/contributions/compute-benchmark/OsakaTX/scripts/lifelong_slam_params.yaml use_sim_time:=False autostart:=true"
2026-09-08T15:23:29Z,68,"slam15m_noise_n015_lifelong",111233,"lifelong_slam_t",110,66172,52190,"/opt/ros/jazzy/lib/slam_toolbox/lifelong_slam_toolbox_node --ros-args -r __node:=slam_toolbox -r __ns:=/ --params-file /oomwoo/contributions/compute-benchmark/OsakaTX/scripts/lifelong_slam_params.yaml --params-file /tmp/launch_params_5ttjel40"
2026-09-08T15:23:29Z,68,"slam15m_noise_n015_lifelong",111267,"bash",0.3,4308,1114,"bash /oomwoo/contributions/compute-benchmark/xbattlax/scripts/measure_ros_processes.sh --pattern python3|lifelong_slam_toolbox_node --duration 470 --interval 2 --label slam15m_noise_n015_lifelong --output /oomwoo/contributions/compute-benchmark/OsakaTX/scripts/../results/slam15m_noise_n015_lifelong_20260908T152053Z.csv"
2026-09-08T15:23:29Z,68,"slam15m_noise_n015_lifelong",191,"python3",0.1,69864,46867,"/usr/bin/python3 -c from ros2cli.daemon.daemonize import main; main() --name ros2-daemon --ros-domain-id 0 --rmw-implementation rmw_fastrtps_cpp"
2026-09-08T15:23:31Z,69,"slam15m_noise_n015_lifelong",111200,"python3",4.8,72072,49147,"python3 /oomwoo/contributions/compute-benchmark/OsakaTX/scripts/synthetic_scan_publisher.py --duration 505 --loop-s 40 --hz 5.0 --room-half 7.5 --noise 0.15"
2026-09-08T15:23:31Z,69,"slam15m_noise_n015_lifelong",111216,"ros2",0.7,74340,51275,"/usr/bin/python3 /opt/ros/jazzy/bin/ros2 launch /oomwoo/contributions/compute-benchmark/OsakaTX/scripts/lifelong_launch.py slam_params_file:=/oomwoo/contributions/compute-benchmark/OsakaTX/scripts/lifelong_slam_params.yaml use_sim_time:=False autostart:=true"
2026-09-08T15:23:31Z,69,"slam15m_noise_n015_lifelong",111233,"lifelong_slam_t",111,66172,52192,"/opt/ros/jazzy/lib/slam_toolbox/lifelong_slam_toolbox_node --ros-args -r __node:=slam_toolbox -r __ns:=/ --params-file /oomwoo/contributions/compute-benchmark/OsakaTX/scripts/lifelong_slam_params.yaml --params-file /tmp/launch_params_5ttjel40"
2026-09-08T15:23:31Z,69,"slam15m_noise_n015_lifelong",111267,"bash",0.3,4308,1108,"bash /oomwoo/contributions/compute-benchmark/xbattlax/scripts/measure_ros_processes.sh --pattern python3|lifelong_slam_toolbox_node --duration 470 --interval 2 --label slam15m_noise_n015_lifelong --output /oomwoo/contributions/compute-benchmark/OsakaTX/scripts/../results/slam15m_noise_n015_lifelong_20260908T152053Z.csv"
2026-09-08T15:23:31Z,69,"slam15m_noise_n015_lifelong",191,"python3",0.1,69864,46865,"/usr/bin/python3 -c from ros2cli.daemon.daemonize import main; main() --name ros2-daemon --ros-domain-id 0 --rmw-implementation rmw_fastrtps_cpp"
2026-09-08T15:23:33Z,70,"slam15m_noise_n015_lifelong",111200,"python3",4.8,72072,49143,"python3 /oomwoo/contributions/compute-benchmark/OsakaTX/scripts/synthetic_scan_publisher.py --duration 505 --loop-s 40 --hz 5.0 --room-half 7.5 --noise 0.15"
2026-09-08T15:23:33Z,70,"slam15m_noise_n015_lifelong",111216,"ros2",0.7,74348,51283,"/usr/bin/python3 /opt/ros/jazzy/bin/ros2 launch /oomwoo/contributions/compute-benchmark/OsakaTX/scripts/lifelong_launch.py slam_params_file:=/oomwoo/contributions/compute-benchmark/OsakaTX/scripts/lifelong_slam_params.yaml use_sim_time:=False autostart:=true"
2026-09-08T15:23:33Z,70,"slam15m_noise_n015_lifelong",111233,"lifelong_slam_t",111,66236,52255,"/opt/ros/jazzy/lib/slam_toolbox/lifelong_slam_toolbox_node --ros-args -r __node:=slam_toolbox -r __ns:=/ --params-file /oomwoo/contributions/compute-benchmark/OsakaTX/scripts/lifelong_slam_params.yaml --params-file /tmp/launch_params_5ttjel40"
2026-09-08T15:23:33Z,70,"slam15m_noise_n015_lifelong",111267,"bash",0.3,4308,1120,"bash /oomwoo/contributions/compute-benchmark/xbattlax/scripts/measure_ros_processes.sh --pattern python3|lifelong_slam_toolbox_node --duration 470 --interval 2 --label slam15m_noise_n015_lifelong --output /oomwoo/contributions/compute-benchmark/OsakaTX/scripts/../results/slam15m_noise_n015_lifelong_20260908T152053Z.csv"
2026-09-08T15:23:33Z,70,"slam15m_noise_n015_lifelong",191,"python3",0.1,69864,46865,"/usr/bin/python3 -c from ros2cli.daemon.daemonize import main; main() --name ros2-daemon --ros-domain-id 0 --rmw-implementation rmw_fastrtps_cpp"
2026-09-08T15:23:35Z,71,"slam15m_noise_n015_lifelong",111200,"python3",4.8,72072,49146,"python3 /oomwoo/contributions/compute-benchmark/OsakaTX/scripts/synthetic_scan_publisher.py --duration 505 --loop-s 40 --hz 5.0 --room-half 7.5 --noise 0.15"
2026-09-08T15:23:35Z,71,"slam15m_noise_n015_lifelong",111216,"ros2",0.7,74348,51283,"/usr/bin/python3 /opt/ros/jazzy/bin/ros2 launch /oomwoo/contributions/compute-benchmark/OsakaTX/scripts/lifelong_launch.py slam_params_file:=/oomwoo/contributions/compute-benchmark/OsakaTX/scripts/lifelong_slam_params.yaml use_sim_time:=False autostart:=true"
2026-09-08T15:23:35Z,71,"slam15m_noise_n015_lifelong",111233,"lifelong_slam_t",111,66324,52346,"/opt/ros/jazzy/lib/slam_toolbox/lifelong_slam_toolbox_node --ros-args -r __node:=slam_toolbox -r __ns:=/ --params-file /oomwoo/contributions/compute-benchmark/OsakaTX/scripts/lifelong_slam_params.yaml --params-file /tmp/launch_params_5ttjel40"
2026-09-08T15:23:35Z,71,"slam15m_noise_n015_lifelong",111267,"bash",0.3,4308,1113,"bash /oomwoo/contributions/compute-benchmark/xbattlax/scripts/measure_ros_processes.sh --pattern python3|lifelong_slam_toolbox_node --duration 470 --interval 2 --label slam15m_noise_n015_lifelong --output /oomwoo/contributions/compute-benchmark/OsakaTX/scripts/../results/slam15m_noise_n015_lifelong_20260908T152053Z.csv"
2026-09-08T15:23:35Z,71,"slam15m_noise_n015_lifelong",191,"python3",0.1,69864,46867,"/usr/bin/python3 -c from ros2cli.daemon.daemonize import main; main() --name ros2-daemon --ros-domain-id 0 --rmw-implementation rmw_fastrtps_cpp"
2026-09-08T15:23:38Z,72,"slam15m_noise_n015_lifelong",111200,"python3",4.8,72072,49145,"python3 /oomwoo/contributions/compute-benchmark/OsakaTX/scripts/synthetic_scan_publisher.py --duration 505 --loop-s 40 --hz 5.0 --room-half 7.5 --noise 0.15"
2026-09-08T15:23:38Z,72,"slam15m_noise_n015_lifelong",111216,"ros2",0.7,74348,51283,"/usr/bin/python3 /opt/ros/jazzy/bin/ros2 launch /oomwoo/contributions/compute-benchmark/OsakaTX/scripts/lifelong_launch.py slam_params_file:=/oomwoo/contributions/compute-benchmark/OsakaTX/scripts/lifelong_slam_params.yaml use_sim_time:=False autostart:=true"
2026-09-08T15:23:38Z,72,"slam15m_noise_n015_lifelong",111233,"lifelong_slam_t",112,66384,52402,"/opt/ros/jazzy/lib/slam_toolbox/lifelong_slam_toolbox_node --ros-args -r __node:=slam_toolbox -r __ns:=/ --params-file /oomwoo/contributions/compute-benchmark/OsakaTX/scripts/lifelong_slam_params.yaml --params-file /tmp/launch_params_5ttjel40"
2026-09-08T15:23:38Z,72,"slam15m_noise_n015_lifelong",111267,"bash",0.3,4308,1118,"bash /oomwoo/contributions/compute-benchmark/xbattlax/scripts/measure_ros_processes.sh --pattern python3|lifelong_slam_toolbox_node --duration 470 --interval 2 --label slam15m_noise_n015_lifelong --output /oomwoo/contributions/compute-benchmark/OsakaTX/scripts/../results/slam15m_noise_n015_lifelong_20260908T152053Z.csv"
2026-09-08T15:23:38Z,72,"slam15m_noise_n015_lifelong",191,"python3",0.1,69864,46867,"/usr/bin/python3 -c from ros2cli.daemon.daemonize import main; main() --name ros2-daemon --ros-domain-id 0 --rmw-implementation rmw_fastrtps_cpp"
2026-09-08T15:23:40Z,73,"slam15m_noise_n015_lifelong",111200,"python3",4.8,72072,49133,"python3 /oomwoo/contributions/compute-benchmark/OsakaTX/scripts/synthetic_scan_publisher.py --duration 505 --loop-s 40 --hz 5.0 --room-half 7.5 --noise 0.15"
2026-09-08T15:23:40Z,73,"slam15m_noise_n015_lifelong",111216,"ros2",0.7,74348,51284,"/usr/bin/python3 /opt/ros/jazzy/bin/ros2 launch /oomwoo/contributions/compute-benchmark/OsakaTX/scripts/lifelong_launch.py slam_params_file:=/oomwoo/contributions/compute-benchmark/OsakaTX/scripts/lifelong_slam_params.yaml use_sim_time:=False autostart:=true"
2026-09-08T15:23:40Z,73,"slam15m_noise_n015_lifelong",111233,"lifelong_slam_t",112,66636,52658,"/opt/ros/jazzy/lib/slam_toolbox/lifelong_slam_toolbox_node --ros-args -r __node:=slam_toolbox -r __ns:=/ --params-file /oomwoo/contributions/compute-benchmark/OsakaTX/scripts/lifelong_slam_params.yaml --params-file /tmp/launch_params_5ttjel40"
2026-09-08T15:23:40Z,73,"slam15m_noise_n015_lifelong",111267,"bash",0.3,4308,1110,"bash /oomwoo/contributions/compute-benchmark/xbattlax/scripts/measure_ros_processes.sh --pattern python3|lifelong_slam_toolbox_node --duration 470 --interval 2 --label slam15m_noise_n015_lifelong --output /oomwoo/contributions/compute-benchmark/OsakaTX/scripts/../results/slam15m_noise_n015_lifelong_20260908T152053Z.csv"
2026-09-08T15:23:40Z,73,"slam15m_noise_n015_lifelong",191,"python3",0.1,69864,46867,"/usr/bin/python3 -c from ros2cli.daemon.daemonize import main; main() --name ros2-daemon --ros-domain-id 0 --rmw-implementation rmw_fastrtps_cpp"
2026-09-08T15:23:42Z,74,"slam15m_noise_n015_lifelong",111200,"python3",4.8,72072,49143,"python3 /oomwoo/contributions/compute-benchmark/OsakaTX/scripts/synthetic_scan_publisher.py --duration 505 --loop-s 40 --hz 5.0 --room-half 7.5 --noise 0.15"
2026-09-08T15:23:42Z,74,"slam15m_noise_n015_lifelong",111216,"ros2",0.7,74348,51283,"/usr/bin/python3 /opt/ros/jazzy/bin/ros2 launch /oomwoo/contributions/compute-benchmark/OsakaTX/scripts/lifelong_launch.py slam_params_file:=/oomwoo/contributions/compute-benchmark/OsakaTX/scripts/lifelong_slam_params.yaml use_sim_time:=False autostart:=true"
2026-09-08T15:23:42Z,74,"slam15m_noise_n015_lifelong",111233,"lifelong_slam_t",112,66636,52657,"/opt/ros/jazzy/lib/slam_toolbox/lifelong_slam_toolbox_node --ros-args -r __node:=slam_toolbox -r __ns:=/ --params-file /oomwoo/contributions/compute-benchmark/OsakaTX/scripts/lifelong_slam_params.yaml --params-file /tmp/launch_params_5ttjel40"
2026-09-08T15:23:42Z,74,"slam15m_noise_n015_lifelong",111267,"bash",0.3,4308,1114,"bash /oomwoo/contributions/compute-benchmark/xbattlax/scripts/measure_ros_processes.sh --pattern python3|lifelong_slam_toolbox_node --duration 470 --interval 2 --label slam15m_noise_n015_lifelong --output /oomwoo/contributions/compute-benchmark/OsakaTX/scripts/../results/slam15m_noise_n015_lifelong_20260908T152053Z.csv"
2026-09-08T15:23:42Z,74,"slam15m_noise_n015_lifelong",191,"python3",0.1,69864,46867,"/usr/bin/python3 -c from ros2cli.daemon.daemonize import main; main() --name ros2-daemon --ros-domain-id 0 --rmw-implementation rmw_fastrtps_cpp"
2026-09-08T15:23:44Z,75,"slam15m_noise_n015_lifelong",111200,"python3",4.8,72072,49141,"python3 /oomwoo/contributions/compute-benchmark/OsakaTX/scripts/synthetic_scan_publisher.py --duration 505 --loop-s 40 --hz 5.0 --room-half 7.5 --noise 0.15"
2026-09-08T15:23:44Z,75,"slam15m_noise_n015_lifelong",111216,"ros2",0.7,74348,51283,"/usr/bin/python3 /opt/ros/jazzy/bin/ros2 launch /oomwoo/contributions/compute-benchmark/OsakaTX/scripts/lifelong_launch.py slam_params_file:=/oomwoo/contributions/compute-benchmark/OsakaTX/scripts/lifelong_slam_params.yaml use_sim_time:=False autostart:=true"
2026-09-08T15:23:44Z,75,"slam15m_noise_n015_lifelong",111233,"lifelong_slam_t",113,66636,52655,"/opt/ros/jazzy/lib/slam_toolbox/lifelong_slam_toolbox_node --ros-args -r __node:=slam_toolbox -r __ns:=/ --params-file /oomwoo/contributions/compute-benchmark/OsakaTX/scripts/lifelong_slam_params.yaml --params-file /tmp/launch_params_5ttjel40"
2026-09-08T15:23:44Z,75,"slam15m_noise_n015_lifelong",111267,"bash",0.3,4308,1119,"bash /oomwoo/contributions/compute-benchmark/xbattlax/scripts/measure_ros_processes.sh --pattern python3|lifelong_slam_toolbox_node --duration 470 --interval 2 --label slam15m_noise_n015_lifelong --output /oomwoo/contributions/compute-benchmark/OsakaTX/scripts/../results/slam15m_noise_n015_lifelong_20260908T152053Z.csv"
2026-09-08T15:23:44Z,75,"slam15m_noise_n015_lifelong",191,"python3",0.1,69864,46865,"/usr/bin/python3 -c from ros2cli.daemon.daemonize import main; main() --name ros2-daemon --ros-domain-id 0 --rmw-implementation rmw_fastrtps_cpp"
2026-09-08T15:23:46Z,76,"slam15m_noise_n015_lifelong",111200,"python3",4.8,72072,49138,"python3 /oomwoo/contributions/compute-benchmark/OsakaTX/scripts/synthetic_scan_publisher.py --duration 505 --loop-s 40 --hz 5.0 --room-half 7.5 --noise 0.15"
2026-09-08T15:23:46Z,76,"slam15m_noise_n015_lifelong",111216,"ros2",0.7,74348,51282,"/usr/bin/python3 /opt/ros/jazzy/bin/ros2 launch /oomwoo/contributions/compute-benchmark/OsakaTX/scripts/lifelong_launch.py slam_params_file:=/oomwoo/contributions/compute-benchmark/OsakaTX/scripts/lifelong_slam_params.yaml use_sim_time:=False autostart:=true"
2026-09-08T15:23:46Z,76,"slam15m_noise_n015_lifelong",111233,"lifelong_slam_t",113,66688,52710,"/opt/ros/jazzy/lib/slam_toolbox/lifelong_slam_toolbox_node --ros-args -r __node:=slam_toolbox -r __ns:=/ --params-file /oomwoo/contributions/compute-benchmark/OsakaTX/scripts/lifelong_slam_params.yaml --params-file /tmp/launch_params_5ttjel40"
2026-09-08T15:23:46Z,76,"slam15m_noise_n015_lifelong",111267,"bash",0.3,4308,1114,"bash /oomwoo/contributions/compute-benchmark/xbattlax/scripts/measure_ros_processes.sh --pattern python3|lifelong_slam_toolbox_node --duration 470 --interval 2 --label slam15m_noise_n015_lifelong --output /oomwoo/contributions/compute-benchmark/OsakaTX/scripts/../results/slam15m_noise_n015_lifelong_20260908T152053Z.csv"
2026-09-08T15:23:46Z,76,"slam15m_noise_n015_lifelong",191,"python3",0.1,69864,46867,"/usr/bin/python3 -c from ros2cli.daemon.daemonize import main; main() --name ros2-daemon --ros-domain-id 0 --rmw-implementation rmw_fastrtps_cpp"
2026-09-08T15:23:48Z,77,"slam15m_noise_n015_lifelong",111200,"python3",4.8,72072,49143,"python3 /oomwoo/contributions/compute-benchmark/OsakaTX/scripts/synthetic_scan_publisher.py --duration 505 --loop-s 40 --hz 5.0 --room-half 7.5 --noise 0.15"
2026-09-08T15:23:48Z,77,"slam15m_noise_n015_lifelong",111216,"ros2",0.7,74348,51283,"/usr/bin/python3 /opt/ros/jazzy/bin/ros2 launch /oomwoo/contributions/compute-benchmark/OsakaTX/scripts/lifelong_launch.py slam_params_file:=/oomwoo/contributions/compute-benchmark/OsakaTX/scripts/lifelong_slam_params.yaml use_sim_time:=False autostart:=true"
2026-09-08T15:23:48Z,77,"slam15m_noise_n015_lifelong",111233,"lifelong_slam_t",114,66688,52706,"/opt/ros/jazzy/lib/slam_toolbox/lifelong_slam_toolbox_node --ros-args -r __node:=slam_toolbox -r __ns:=/ --params-file /oomwoo/contributions/compute-benchmark/OsakaTX/scripts/lifelong_slam_params.yaml --params-file /tmp/launch_params_5ttjel40"
2026-09-08T15:23:48Z,77,"slam15m_noise_n015_lifelong",111267,"bash",0.3,4308,1113,"bash /oomwoo/contributions/compute-benchmark/xbattlax/scripts/measure_ros_processes.sh --pattern python3|lifelong_slam_toolbox_node --duration 470 --interval 2 --label slam15m_noise_n015_lifelong --output /oomwoo/contributions/compute-benchmark/OsakaTX/scripts/../results/slam15m_noise_n015_lifelong_20260908T152053Z.csv"
2026-09-08T15:23:48Z,77,"slam15m_noise_n015_lifelong",191,"python3",0.1,69864,46868,"/usr/bin/python3 -c from ros2cli.daemon.daemonize import main; main() --name ros2-daemon --ros-domain-id 0 --rmw-implementation rmw_fastrtps_cpp"
2026-09-08T15:23:50Z,78,"slam15m_noise_n015_lifelong",111200,"python3",4.8,72072,49141,"python3 /oomwoo/contributions/compute-benchmark/OsakaTX/scripts/synthetic_scan_publisher.py --duration 505 --loop-s 40 --hz 5.0 --room-half 7.5 --noise 0.15"
2026-09-08T15:23:50Z,78,"slam15m_noise_n015_lifelong",111216,"ros2",0.7,74348,51283,"/usr/bin/python3 /opt/ros/jazzy/bin/ros2 launch /oomwoo/contributions/compute-benchmark/OsakaTX/scripts/lifelong_launch.py slam_params_file:=/oomwoo/contributions/compute-benchmark/OsakaTX/scripts/lifelong_slam_params.yaml use_sim_time:=False autostart:=true"
2026-09-08T15:23:50Z,78,"slam15m_noise_n015_lifelong",111233,"lifelong_slam_t",114,66688,52706,"/opt/ros/jazzy/lib/slam_toolbox/lifelong_slam_toolbox_node --ros-args -r __node:=slam_toolbox -r __ns:=/ --params-file /oomwoo/contributions/compute-benchmark/OsakaTX/scripts/lifelong_slam_params.yaml --params-file /tmp/launch_params_5ttjel40"
2026-09-08T15:23:50Z,78,"slam15m_noise_n015_lifelong",111267,"bash",0.3,4308,1116,"bash /oomwoo/contributions/compute-benchmark/xbattlax/scripts/measure_ros_processes.sh --pattern python3|lifelong_slam_toolbox_node --duration 470 --interval 2 --label slam15m_noise_n015_lifelong --output /oomwoo/contributions/compute-benchmark/OsakaTX/scripts/../results/slam15m_noise_n015_lifelong_20260908T152053Z.csv"
2026-09-08T15:23:50Z,78,"slam15m_noise_n015_lifelong",191,"python3",0.1,69864,46865,"/usr/bin/python3 -c from ros2cli.daemon.daemonize import main; main() --name ros2-daemon --ros-domain-id 0 --rmw-implementation rmw_fastrtps_cpp"
2026-09-08T15:23:53Z,79,"slam15m_noise_n015_lifelong",111200,"python3",4.7,72072,49139,"python3 /oomwoo/contributions/compute-benchmark/OsakaTX/scripts/synthetic_scan_publisher.py --duration 505 --loop-s 40 --hz 5.0 --room-half 7.5 --noise 0.15"
2026-09-08T15:23:53Z,79,"slam15m_noise_n015_lifelong",111216,"ros2",0.7,74348,51283,"/usr/bin/python3 /opt/ros/jazzy/bin/ros2 launch /oomwoo/contributions/compute-benchmark/OsakaTX/scripts/lifelong_launch.py slam_params_file:=/oomwoo/contributions/compute-benchmark/OsakaTX/scripts/lifelong_slam_params.yaml use_sim_time:=False autostart:=true"
2026-09-08T15:23:53Z,79,"slam15m_noise_n015_lifelong",111233,"lifelong_slam_t",114,66688,52707,"/opt/ros/jazzy/lib/slam_toolbox/lifelong_slam_toolbox_node --ros-args -r __node:=slam_toolbox -r __ns:=/ --params-file /oomwoo/contributions/compute-benchmark/OsakaTX/scripts/lifelong_slam_params.yaml --params-file /tmp/launch_params_5ttjel40"
2026-09-08T15:23:53Z,79,"slam15m_noise_n015_lifelong",111267,"bash",0.3,4308,1115,"bash /oomwoo/contributions/compute-benchmark/xbattlax/scripts/measure_ros_processes.sh --pattern python3|lifelong_slam_toolbox_node --duration 470 --interval 2 --label slam15m_noise_n015_lifelong --output /oomwoo/contributions/compute-benchmark/OsakaTX/scripts/../results/slam15m_noise_n015_lifelong_20260908T152053Z.csv"
2026-09-08T15:23:53Z,79,"slam15m_noise_n015_lifelong",191,"python3",0.1,69864,46865,"/usr/bin/python3 -c from ros2cli.daemon.daemonize import main; main() --name ros2-daemon --ros-domain-id 0 --rmw-implementation rmw_fastrtps_cpp"
2026-09-08T15:23:55Z,80,"slam15m_noise_n015_lifelong",111200,"python3",4.7,72072,49134,"python3 /oomwoo/contributions/compute-benchmark/OsakaTX/scripts/synthetic_scan_publisher.py --duration 505 --loop-s 40 --hz 5.0 --room-half 7.5 --noise 0.15"
2026-09-08T15:23:55Z,80,"slam15m_noise_n015_lifelong",111216,"ros2",0.7,74384,51319,"/usr/bin/python3 /opt/ros/jazzy/bin/ros2 launch /oomwoo/contributions/compute-benchmark/OsakaTX/scripts/lifelong_launch.py slam_params_file:=/oomwoo/contributions/compute-benchmark/OsakaTX/scripts/lifelong_slam_params.yaml use_sim_time:=False autostart:=true"
2026-09-08T15:23:55Z,80,"slam15m_noise_n015_lifelong",111233,"lifelong_slam_t",115,66692,52713,"/opt/ros/jazzy/lib/slam_toolbox/lifelong_slam_toolbox_node --ros-args -r __node:=slam_toolbox -r __ns:=/ --params-file /oomwoo/contributions/compute-benchmark/OsakaTX/scripts/lifelong_slam_params.yaml --params-file /tmp/launch_params_5ttjel40"
2026-09-08T15:23:55Z,80,"slam15m_noise_n015_lifelong",111267,"bash",0.3,4308,1115,"bash /oomwoo/contributions/compute-benchmark/xbattlax/scripts/measure_ros_processes.sh --pattern python3|lifelong_slam_toolbox_node --duration 470 --interval 2 --label slam15m_noise_n015_lifelong --output /oomwoo/contributions/compute-benchmark/OsakaTX/scripts/../results/slam15m_noise_n015_lifelong_20260908T152053Z.csv"
2026-09-08T15:23:55Z,80,"slam15m_noise_n015_lifelong",191,"python3",0.1,69864,46867,"/usr/bin/python3 -c from ros2cli.daemon.daemonize import main; main() --name ros2-daemon --ros-domain-id 0 --rmw-implementation rmw_fastrtps_cpp"
2026-09-08T15:23:57Z,81,"slam15m_noise_n015_lifelong",111200,"python3",4.7,72072,49142,"python3 /oomwoo/contributions/compute-benchmark/OsakaTX/scripts/synthetic_scan_publisher.py --duration 505 --loop-s 40 --hz 5.0 --room-half 7.5 --noise 0.15"
2026-09-08T15:23:57Z,81,"slam15m_noise_n015_lifelong",111216,"ros2",0.7,74384,51319,"/usr/bin/python3 /opt/ros/jazzy/bin/ros2 launch /oomwoo/contributions/compute-benchmark/OsakaTX/scripts/lifelong_launch.py slam_params_file:=/oomwoo/contributions/compute-benchmark/OsakaTX/scripts/lifelong_slam_params.yaml use_sim_time:=False autostart:=true"
2026-09-08T15:23:57Z,81,"slam15m_noise_n015_lifelong",111233,"lifelong_slam_t",115,66864,52882,"/opt/ros/jazzy/lib/slam_toolbox/lifelong_slam_toolbox_node --ros-args -r __node:=slam_toolbox -r __ns:=/ --params-file /oomwoo/contributions/compute-benchmark/OsakaTX/scripts/lifelong_slam_params.yaml --params-file /tmp/launch_params_5ttjel40"
2026-09-08T15:23:57Z,81,"slam15m_noise_n015_lifelong",111267,"bash",0.3,4308,1113,"bash /oomwoo/contributions/compute-benchmark/xbattlax/scripts/measure_ros_processes.sh --pattern python3|lifelong_slam_toolbox_node --duration 470 --interval 2 --label slam15m_noise_n015_lifelong --output /oomwoo/contributions/compute-benchmark/OsakaTX/scripts/../results/slam15m_noise_n015_lifelong_20260908T152053Z.csv"
2026-09-08T15:23:57Z,81,"slam15m_noise_n015_lifelong",191,"python3",0.1,69864,46865,"/usr/bin/python3 -c from ros2cli.daemon.daemonize import main; main() --name ros2-daemon --ros-domain-id 0 --rmw-implementation rmw_fastrtps_cpp"
2026-09-08T15:23:59Z,82,"slam15m_noise_n015_lifelong",111200,"python3",4.7,72072,49142,"python3 /oomwoo/contributions/compute-benchmark/OsakaTX/scripts/synthetic_scan_publisher.py --duration 505 --loop-s 40 --hz 5.0 --room-half 7.5 --noise 0.15"
2026-09-08T15:23:59Z,82,"slam15m_noise_n015_lifelong",111216,"ros2",0.7,74384,51317,"/usr/bin/python3 /opt/ros/jazzy/bin/ros2 launch /oomwoo/contributions/compute-benchmark/OsakaTX/scripts/lifelong_launch.py slam_params_file:=/oomwoo/contributions/compute-benchmark/OsakaTX/scripts/lifelong_slam_params.yaml use_sim_time:=False autostart:=true"
2026-09-08T15:23:59Z,82,"slam15m_noise_n015_lifelong",111233,"lifelong_slam_t",115,66864,52885,"/opt/ros/jazzy/lib/slam_toolbox/lifelong_slam_toolbox_node --ros-args -r __node:=slam_toolbox -r __ns:=/ --params-file /oomwoo/contributions/compute-benchmark/OsakaTX/scripts/lifelong_slam_params.yaml --params-file /tmp/launch_params_5ttjel40"
2026-09-08T15:23:59Z,82,"slam15m_noise_n015_lifelong",111267,"bash",0.3,4308,1112,"bash /oomwoo/contributions/compute-benchmark/xbattlax/scripts/measure_ros_processes.sh --pattern python3|lifelong_slam_toolbox_node --duration 470 --interval 2 --label slam15m_noise_n015_lifelong --output /oomwoo/contributions/compute-benchmark/OsakaTX/scripts/../results/slam15m_noise_n015_lifelong_20260908T152053Z.csv"
2026-09-08T15:23:59Z,82,"slam15m_noise_n015_lifelong",191,"python3",0.1,69864,46867,"/usr/bin/python3 -c from ros2cli.daemon.daemonize import main; main() --name ros2-daemon --ros-domain-id 0 --rmw-implementation rmw_fastrtps_cpp"
2026-09-08T15:24:01Z,83,"slam15m_noise_n015_lifelong",111200,"python3",4.7,72072,49147,"python3 /oomwoo/contributions/compute-benchmark/OsakaTX/scripts/synthetic_scan_publisher.py --duration 505 --loop-s 40 --hz 5.0 --room-half 7.5 --noise 0.15"
2026-09-08T15:24:01Z,83,"slam15m_noise_n015_lifelong",111216,"ros2",0.7,74384,51320,"/usr/bin/python3 /opt/ros/jazzy/bin/ros2 launch /oomwoo/contributions/compute-benchmark/OsakaTX/scripts/lifelong_launch.py slam_params_file:=/oomwoo/contributions/compute-benchmark/OsakaTX/scripts/lifelong_slam_params.yaml use_sim_time:=False autostart:=true"
2026-09-08T15:24:01Z,83,"slam15m_noise_n015_lifelong",111233,"lifelong_slam_t",115,66868,52888,"/opt/ros/jazzy/lib/slam_toolbox/lifelong_slam_toolbox_node --ros-args -r __node:=slam_toolbox -r __ns:=/ --params-file /oomwoo/contributions/compute-benchmark/OsakaTX/scripts/lifelong_slam_params.yaml --params-file /tmp/launch_params_5ttjel40"
2026-09-08T15:24:01Z,83,"slam15m_noise_n015_lifelong",111267,"bash",0.3,4308,1115,"bash /oomwoo/contributions/compute-benchmark/xbattlax/scripts/measure_ros_processes.sh --pattern python3|lifelong_slam_toolbox_node --duration 470 --interval 2 --label slam15m_noise_n015_lifelong --output /oomwoo/contributions/compute-benchmark/OsakaTX/scripts/../results/slam15m_noise_n015_lifelong_20260908T152053Z.csv"
2026-09-08T15:24:01Z,83,"slam15m_noise_n015_lifelong",191,"python3",0.1,69864,46868,"/usr/bin/python3 -c from ros2cli.daemon.daemonize import main; main() --name ros2-daemon --ros-domain-id 0 --rmw-implementation rmw_fastrtps_cpp"
2026-09-08T15:24:03Z,84,"slam15m_noise_n015_lifelong",111200,"python3",4.7,72072,49137,"python3 /oomwoo/contributions/compute-benchmark/OsakaTX/scripts/synthetic_scan_publisher.py --duration 505 --loop-s 40 --hz 5.0 --room-half 7.5 --noise 0.15"
2026-09-08T15:24:03Z,84,"slam15m_noise_n015_lifelong",111216,"ros2",0.7,74384,51317,"/usr/bin/python3 /opt/ros/jazzy/bin/ros2 launch /oomwoo/contributions/compute-benchmark/OsakaTX/scripts/lifelong_launch.py slam_params_file:=/oomwoo/contributions/compute-benchmark/OsakaTX/scripts/lifelong_slam_params.yaml use_sim_time:=False autostart:=true"
2026-09-08T15:24:03Z,84,"slam15m_noise_n015_lifelong",111233,"lifelong_slam_t",115,66868,52890,"/opt/ros/jazzy/lib/slam_toolbox/lifelong_slam_toolbox_node --ros-args -r __node:=slam_toolbox -r __ns:=/ --params-file /oomwoo/contributions/compute-benchmark/OsakaTX/scripts/lifelong_slam_params.yaml --params-file /tmp/launch_params_5ttjel40"
2026-09-08T15:24:03Z,84,"slam15m_noise_n015_lifelong",111267,"bash",0.3,4308,1110,"bash /oomwoo/contributions/compute-benchmark/xbattlax/scripts/measure_ros_processes.sh --pattern python3|lifelong_slam_toolbox_node --duration 470 --interval 2 --label slam15m_noise_n015_lifelong --output /oomwoo/contributions/compute-benchmark/OsakaTX/scripts/../results/slam15m_noise_n015_lifelong_20260908T152053Z.csv"
2026-09-08T15:24:03Z,84,"slam15m_noise_n015_lifelong",191,"python3",0.1,69864,46867,"/usr/bin/python3 -c from ros2cli.daemon.daemonize import main; main() --name ros2-daemon --ros-domain-id 0 --rmw-implementation rmw_fastrtps_cpp"
2026-09-08T15:24:05Z,85,"slam15m_noise_n015_lifelong",111200,"python3",4.7,72072,49137,"python3 /oomwoo/contributions/compute-benchmark/OsakaTX/scripts/synthetic_scan_publisher.py --duration 505 --loop-s 40 --hz 5.0 --room-half 7.5 --noise 0.15"
2026-09-08T15:24:05Z,85,"slam15m_noise_n015_lifelong",111216,"ros2",0.7,74384,51319,"/usr/bin/python3 /opt/ros/jazzy/bin/ros2 launch /oomwoo/contributions/compute-benchmark/OsakaTX/scripts/lifelong_launch.py slam_params_file:=/oomwoo/contributions/compute-benchmark/OsakaTX/scripts/lifelong_slam_params.yaml use_sim_time:=False autostart:=true"
2026-09-08T15:24:05Z,85,"slam15m_noise_n015_lifelong",111233,"lifelong_slam_t",116,66924,52946,"/opt/ros/jazzy/lib/slam_toolbox/lifelong_slam_toolbox_node --ros-args -r __node:=slam_toolbox -r __ns:=/ --params-file /oomwoo/contributions/compute-benchmark/OsakaTX/scripts/lifelong_slam_params.yaml --params-file /tmp/launch_params_5ttjel40"
2026-09-08T15:24:05Z,85,"slam15m_noise_n015_lifelong",111267,"bash",0.3,4308,1110,"bash /oomwoo/contributions/compute-benchmark/xbattlax/scripts/measure_ros_processes.sh --pattern python3|lifelong_slam_toolbox_node --duration 470 --interval 2 --label slam15m_noise_n015_lifelong --output /oomwoo/contributions/compute-benchmark/OsakaTX/scripts/../results/slam15m_noise_n015_lifelong_20260908T152053Z.csv"
2026-09-08T15:24:05Z,85,"slam15m_noise_n015_lifelong",191,"python3",0.1,69864,46867,"/usr/bin/python3 -c from ros2cli.daemon.daemonize import main; main() --name ros2-daemon --ros-domain-id 0 --rmw-implementation rmw_fastrtps_cpp"
2026-09-08T15:24:08Z,86,"slam15m_noise_n015_lifelong",111200,"python3",4.7,72072,49137,"python3 /oomwoo/contributions/compute-benchmark/OsakaTX/scripts/synthetic_scan_publisher.py --duration 505 --loop-s 40 --hz 5.0 --room-half 7.5 --noise 0.15"
2026-09-08T15:24:08Z,86,"slam15m_noise_n015_lifelong",111216,"ros2",0.7,74384,51319,"/usr/bin/python3 /opt/ros/jazzy/bin/ros2 launch /oomwoo/contributions/compute-benchmark/OsakaTX/scripts/lifelong_launch.py slam_params_file:=/oomwoo/contributions/compute-benchmark/OsakaTX/scripts/lifelong_slam_params.yaml use_sim_time:=False autostart:=true"
2026-09-08T15:24:08Z,86,"slam15m_noise_n015_lifelong",111233,"lifelong_slam_t",116,67052,53073,"/opt/ros/jazzy/lib/slam_toolbox/lifelong_slam_toolbox_node --ros-args -r __node:=slam_toolbox -r __ns:=/ --params-file /oomwoo/contributions/compute-benchmark/OsakaTX/scripts/lifelong_slam_params.yaml --params-file /tmp/launch_params_5ttjel40"
2026-09-08T15:24:08Z,86,"slam15m_noise_n015_lifelong",111267,"bash",0.3,4308,1116,"bash /oomwoo/contributions/compute-benchmark/xbattlax/scripts/measure_ros_processes.sh --pattern python3|lifelong_slam_toolbox_node --duration 470 --interval 2 --label slam15m_noise_n015_lifelong --output /oomwoo/contributions/compute-benchmark/OsakaTX/scripts/../results/slam15m_noise_n015_lifelong_20260908T152053Z.csv"
2026-09-08T15:24:08Z,86,"slam15m_noise_n015_lifelong",191,"python3",0.1,69864,46867,"/usr/bin/python3 -c from ros2cli.daemon.daemonize import main; main() --name ros2-daemon --ros-domain-id 0 --rmw-implementation rmw_fastrtps_cpp"
2026-09-08T15:24:10Z,87,"slam15m_noise_n015_lifelong",111200,"python3",4.7,72072,49137,"python3 /oomwoo/contributions/compute-benchmark/OsakaTX/scripts/synthetic_scan_publisher.py --duration 505 --loop-s 40 --hz 5.0 --room-half 7.5 --noise 0.15"
2026-09-08T15:24:10Z,87,"slam15m_noise_n015_lifelong",111216,"ros2",0.7,74384,51318,"/usr/bin/python3 /opt/ros/jazzy/bin/ros2 launch /oomwoo/contributions/compute-benchmark/OsakaTX/scripts/lifelong_launch.py slam_params_file:=/oomwoo/contributions/compute-benchmark/OsakaTX/scripts/lifelong_slam_params.yaml use_sim_time:=False autostart:=true"
2026-09-08T15:24:10Z,87,"slam15m_noise_n015_lifelong",111233,"lifelong_slam_t",116,67052,53070,"/opt/ros/jazzy/lib/slam_toolbox/lifelong_slam_toolbox_node --ros-args -r __node:=slam_toolbox -r __ns:=/ --params-file /oomwoo/contributions/compute-benchmark/OsakaTX/scripts/lifelong_slam_params.yaml --params-file /tmp/launch_params_5ttjel40"
2026-09-08T15:24:10Z,87,"slam15m_noise_n015_lifelong",111267,"bash",0.3,4308,1118,"bash /oomwoo/contributions/compute-benchmark/xbattlax/scripts/measure_ros_processes.sh --pattern python3|lifelong_slam_toolbox_node --duration 470 --interval 2 --label slam15m_noise_n015_lifelong --output /oomwoo/contributions/compute-benchmark/OsakaTX/scripts/../results/slam15m_noise_n015_lifelong_20260908T152053Z.csv"
2026-09-08T15:24:10Z,87,"slam15m_noise_n015_lifelong",191,"python3",0.1,69864,46867,"/usr/bin/python3 -c from ros2cli.daemon.daemonize import main; main() --name ros2-daemon --ros-domain-id 0 --rmw-implementation rmw_fastrtps_cpp"
2026-09-08T15:24:12Z,88,"slam15m_noise_n015_lifelong",111200,"python3",4.7,72072,49143,"python3 /oomwoo/contributions/compute-benchmark/OsakaTX/scripts/synthetic_scan_publisher.py --duration 505 --loop-s 40 --hz 5.0 --room-half 7.5 --noise 0.15"
2026-09-08T15:24:12Z,88,"slam15m_noise_n015_lifelong",111216,"ros2",0.7,74384,51319,"/usr/bin/python3 /opt/ros/jazzy/bin/ros2 launch /oomwoo/contributions/compute-benchmark/OsakaTX/scripts/lifelong_launch.py slam_params_file:=/oomwoo/contributions/compute-benchmark/OsakaTX/scripts/lifelong_slam_params.yaml use_sim_time:=False autostart:=true"
2026-09-08T15:24:12Z,88,"slam15m_noise_n015_lifelong",111233,"lifelong_slam_t",117,67200,53218,"/opt/ros/jazzy/lib/slam_toolbox/lifelong_slam_toolbox_node --ros-args -r __node:=slam_toolbox -r __ns:=/ --params-file /oomwoo/contributions/compute-benchmark/OsakaTX/scripts/lifelong_slam_params.yaml --params-file /tmp/launch_params_5ttjel40"
2026-09-08T15:24:12Z,88,"slam15m_noise_n015_lifelong",111267,"bash",0.3,4308,1118,"bash /oomwoo/contributions/compute-benchmark/xbattlax/scripts/measure_ros_processes.sh --pattern python3|lifelong_slam_toolbox_node --duration 470 --interval 2 --label slam15m_noise_n015_lifelong --output /oomwoo/contributions/compute-benchmark/OsakaTX/scripts/../results/slam15m_noise_n015_lifelong_20260908T152053Z.csv"
2026-09-08T15:24:12Z,88,"slam15m_noise_n015_lifelong",191,"python3",0.1,69864,46866,"/usr/bin/python3 -c from ros2cli.daemon.daemonize import main; main() --name ros2-daemon --ros-domain-id 0 --rmw-implementation rmw_fastrtps_cpp"
2026-09-08T15:24:14Z,89,"slam15m_noise_n015_lifelong",111200,"python3",4.7,72072,49138,"python3 /oomwoo/contributions/compute-benchmark/OsakaTX/scripts/synthetic_scan_publisher.py --duration 505 --loop-s 40 --hz 5.0 --room-half 7.5 --noise 0.15"
2026-09-08T15:24:14Z,89,"slam15m_noise_n015_lifelong",111216,"ros2",0.7,74384,51320,"/usr/bin/python3 /opt/ros/jazzy/bin/ros2 launch /oomwoo/contributions/compute-benchmark/OsakaTX/scripts/lifelong_launch.py slam_params_file:=/oomwoo/contributions/compute-benchmark/OsakaTX/scripts/lifelong_slam_params.yaml use_sim_time:=False autostart:=true"
2026-09-08T15:24:14Z,89,"slam15m_noise_n015_lifelong",111233,"lifelong_slam_t",117,67200,53219,"/opt/ros/jazzy/lib/slam_toolbox/lifelong_slam_toolbox_node --ros-args -r __node:=slam_toolbox -r __ns:=/ --params-file /oomwoo/contributions/compute-benchmark/OsakaTX/scripts/lifelong_slam_params.yaml --params-file /tmp/launch_params_5ttjel40"
2026-09-08T15:24:14Z,89,"slam15m_noise_n015_lifelong",111267,"bash",0.3,4308,1108,"bash /oomwoo/contributions/compute-benchmark/xbattlax/scripts/measure_ros_processes.sh --pattern python3|lifelong_slam_toolbox_node --duration 470 --interval 2 --label slam15m_noise_n015_lifelong --output /oomwoo/contributions/compute-benchmark/OsakaTX/scripts/../results/slam15m_noise_n015_lifelong_20260908T152053Z.csv"
2026-09-08T15:24:14Z,89,"slam15m_noise_n015_lifelong",191,"python3",0.1,69864,46867,"/usr/bin/python3 -c from ros2cli.daemon.daemonize import main; main() --name ros2-daemon --ros-domain-id 0 --rmw-implementation rmw_fastrtps_cpp"
2026-09-08T15:24:16Z,90,"slam15m_noise_n015_lifelong",111200,"python3",4.7,72072,49146,"python3 /oomwoo/contributions/compute-benchmark/OsakaTX/scripts/synthetic_scan_publisher.py --duration 505 --loop-s 40 --hz 5.0 --room-half 7.5 --noise 0.15"
2026-09-08T15:24:16Z,90,"slam15m_noise_n015_lifelong",111216,"ros2",0.7,74384,51319,"/usr/bin/python3 /opt/ros/jazzy/bin/ros2 launch /oomwoo/contributions/compute-benchmark/OsakaTX/scripts/lifelong_launch.py slam_params_file:=/oomwoo/contributions/compute-benchmark/OsakaTX/scripts/lifelong_slam_params.yaml use_sim_time:=False autostart:=true"
2026-09-08T15:24:16Z,90,"slam15m_noise_n015_lifelong",111233,"lifelong_slam_t",117,67264,53282,"/opt/ros/jazzy/lib/slam_toolbox/lifelong_slam_toolbox_node --ros-args -r __node:=slam_toolbox -r __ns:=/ --params-file /oomwoo/contributions/compute-benchmark/OsakaTX/scripts/lifelong_slam_params.yaml --params-file /tmp/launch_params_5ttjel40"
2026-09-08T15:24:16Z,90,"slam15m_noise_n015_lifelong",111267,"bash",0.3,4308,1115,"bash /oomwoo/contributions/compute-benchmark/xbattlax/scripts/measure_ros_processes.sh --pattern python3|lifelong_slam_toolbox_node --duration 470 --interval 2 --label slam15m_noise_n015_lifelong --output /oomwoo/contributions/compute-benchmark/OsakaTX/scripts/../results/slam15m_noise_n015_lifelong_20260908T152053Z.csv"
2026-09-08T15:24:16Z,90,"slam15m_noise_n015_lifelong",191,"python3",0.1,69864,46867,"/usr/bin/python3 -c from ros2cli.daemon.daemonize import main; main() --name ros2-daemon --ros-domain-id 0 --rmw-implementation rmw_fastrtps_cpp"
2026-09-08T15:24:18Z,91,"slam15m_noise_n015_lifelong",111200,"python3",4.7,72072,49139,"python3 /oomwoo/contributions/compute-benchmark/OsakaTX/scripts/synthetic_scan_publisher.py --duration 505 --loop-s 40 --hz 5.0 --room-half 7.5 --noise 0.15"
2026-09-08T15:24:18Z,91,"slam15m_noise_n015_lifelong",111216,"ros2",0.7,74384,51320,"/usr/bin/python3 /opt/ros/jazzy/bin/ros2 launch /oomwoo/contributions/compute-benchmark/OsakaTX/scripts/lifelong_launch.py slam_params_file:=/oomwoo/contributions/compute-benchmark/OsakaTX/scripts/lifelong_slam_params.yaml use_sim_time:=False autostart:=true"
2026-09-08T15:24:18Z,91,"slam15m_noise_n015_lifelong",111233,"lifelong_slam_t",118,67264,53282,"/opt/ros/jazzy/lib/slam_toolbox/lifelong_slam_toolbox_node --ros-args -r __node:=slam_toolbox -r __ns:=/ --params-file /oomwoo/contributions/compute-benchmark/OsakaTX/scripts/lifelong_slam_params.yaml --params-file /tmp/launch_params_5ttjel40"
2026-09-08T15:24:18Z,91,"slam15m_noise_n015_lifelong",111267,"bash",0.3,4308,1117,"bash /oomwoo/contributions/compute-benchmark/xbattlax/scripts/measure_ros_processes.sh --pattern python3|lifelong_slam_toolbox_node --duration 470 --interval 2 --label slam15m_noise_n015_lifelong --output /oomwoo/contributions/compute-benchmark/OsakaTX/scripts/../results/slam15m_noise_n015_lifelong_20260908T152053Z.csv"
2026-09-08T15:24:18Z,91,"slam15m_noise_n015_lifelong",191,"python3",0.1,69864,46867,"/usr/bin/python3 -c from ros2cli.daemon.daemonize import main; main() --name ros2-daemon --ros-domain-id 0 --rmw-implementation rmw_fastrtps_cpp"
2026-09-08T15:24:20Z,92,"slam15m_noise_n015_lifelong",111200,"python3",4.7,72072,49139,"python3 /oomwoo/contributions/compute-benchmark/OsakaTX/scripts/synthetic_scan_publisher.py --duration 505 --loop-s 40 --hz 5.0 --room-half 7.5 --noise 0.15"
2026-09-08T15:24:20Z,92,"slam15m_noise_n015_lifelong",111216,"ros2",0.7,74384,51317,"/usr/bin/python3 /opt/ros/jazzy/bin/ros2 launch /oomwoo/contributions/compute-benchmark/OsakaTX/scripts/lifelong_launch.py slam_params_file:=/oomwoo/contributions/compute-benchmark/OsakaTX/scripts/lifelong_slam_params.yaml use_sim_time:=False autostart:=true"
2026-09-08T15:24:20Z,92,"slam15m_noise_n015_lifelong",111233,"lifelong_slam_t",118,67264,53285,"/opt/ros/jazzy/lib/slam_toolbox/lifelong_slam_toolbox_node --ros-args -r __node:=slam_toolbox -r __ns:=/ --params-file /oomwoo/contributions/compute-benchmark/OsakaTX/scripts/lifelong_slam_params.yaml --params-file /tmp/launch_params_5ttjel40"
2026-09-08T15:24:20Z,92,"slam15m_noise_n015_lifelong",111267,"bash",0.3,4308,1110,"bash /oomwoo/contributions/compute-benchmark/xbattlax/scripts/measure_ros_processes.sh --pattern python3|lifelong_slam_toolbox_node --duration 470 --interval 2 --label slam15m_noise_n015_lifelong --output /oomwoo/contributions/compute-benchmark/OsakaTX/scripts/../results/slam15m_noise_n015_lifelong_20260908T152053Z.csv"
2026-09-08T15:24:20Z,92,"slam15m_noise_n015_lifelong",191,"python3",0.1,69864,46869,"/usr/bin/python3 -c from ros2cli.daemon.daemonize import main; main() --name ros2-daemon --ros-domain-id 0 --rmw-implementation rmw_fastrtps_cpp"
2026-09-08T15:24:23Z,93,"slam15m_noise_n015_lifelong",111200,"python3",4.7,72072,49146,"python3 /oomwoo/contributions/compute-benchmark/OsakaTX/scripts/synthetic_scan_publisher.py --duration 505 --loop-s 40 --hz 5.0 --room-half 7.5 --noise 0.15"
2026-09-08T15:24:23Z,93,"slam15m_noise_n015_lifelong",111216,"ros2",0.6,74384,51320,"/usr/bin/python3 /opt/ros/jazzy/bin/ros2 launch /oomwoo/contributions/compute-benchmark/OsakaTX/scripts/lifelong_launch.py slam_params_file:=/oomwoo/contributions/compute-benchmark/OsakaTX/scripts/lifelong_slam_params.yaml use_sim_time:=False autostart:=true"
2026-09-08T15:24:23Z,93,"slam15m_noise_n015_lifelong",111233,"lifelong_slam_t",119,67264,53285,"/opt/ros/jazzy/lib/slam_toolbox/lifelong_slam_toolbox_node --ros-args -r __node:=slam_toolbox -r __ns:=/ --params-file /oomwoo/contributions/compute-benchmark/OsakaTX/scripts/lifelong_slam_params.yaml --params-file /tmp/launch_params_5ttjel40"
2026-09-08T15:24:23Z,93,"slam15m_noise_n015_lifelong",111267,"bash",0.3,4308,1108,"bash /oomwoo/contributions/compute-benchmark/xbattlax/scripts/measure_ros_processes.sh --pattern python3|lifelong_slam_toolbox_node --duration 470 --interval 2 --label slam15m_noise_n015_lifelong --output /oomwoo/contributions/compute-benchmark/OsakaTX/scripts/../results/slam15m_noise_n015_lifelong_20260908T152053Z.csv"
2026-09-08T15:24:23Z,93,"slam15m_noise_n015_lifelong",191,"python3",0.1,69864,46867,"/usr/bin/python3 -c from ros2cli.daemon.daemonize import main; main() --name ros2-daemon --ros-domain-id 0 --rmw-implementation rmw_fastrtps_cpp"
2026-09-08T15:24:25Z,94,"slam15m_noise_n015_lifelong",111200,"python3",4.7,72072,49146,"python3 /oomwoo/contributions/compute-benchmark/OsakaTX/scripts/synthetic_scan_publisher.py --duration 505 --loop-s 40 --hz 5.0 --room-half 7.5 --noise 0.15"
2026-09-08T15:24:25Z,94,"slam15m_noise_n015_lifelong",111216,"ros2",0.6,74384,51320,"/usr/bin/python3 /opt/ros/jazzy/bin/ros2 launch /oomwoo/contributions/compute-benchmark/OsakaTX/scripts/lifelong_launch.py slam_params_file:=/oomwoo/contributions/compute-benchmark/OsakaTX/scripts/lifelong_slam_params.yaml use_sim_time:=False autostart:=true"
2026-09-08T15:24:25Z,94,"slam15m_noise_n015_lifelong",111233,"lifelong_slam_t",119,67264,53286,"/opt/ros/jazzy/lib/slam_toolbox/lifelong_slam_toolbox_node --ros-args -r __node:=slam_toolbox -r __ns:=/ --params-file /oomwoo/contributions/compute-benchmark/OsakaTX/scripts/lifelong_slam_params.yaml --params-file /tmp/launch_params_5ttjel40"
2026-09-08T15:24:25Z,94,"slam15m_noise_n015_lifelong",111267,"bash",0.3,4308,1112,"bash /oomwoo/contributions/compute-benchmark/xbattlax/scripts/measure_ros_processes.sh --pattern python3|lifelong_slam_toolbox_node --duration 470 --interval 2 --label slam15m_noise_n015_lifelong --output /oomwoo/contributions/compute-benchmark/OsakaTX/scripts/../results/slam15m_noise_n015_lifelong_20260908T152053Z.csv"
2026-09-08T15:24:25Z,94,"slam15m_noise_n015_lifelong",191,"python3",0.1,69864,46864,"/usr/bin/python3 -c from ros2cli.daemon.daemonize import main; main() --name ros2-daemon --ros-domain-id 0 --rmw-implementation rmw_fastrtps_cpp"
2026-09-08T15:24:27Z,95,"slam15m_noise_n015_lifelong",111200,"python3",4.7,72072,49139,"python3 /oomwoo/contributions/compute-benchmark/OsakaTX/scripts/synthetic_scan_publisher.py --duration 505 --loop-s 40 --hz 5.0 --room-half 7.5 --noise 0.15"
2026-09-08T15:24:27Z,95,"slam15m_noise_n015_lifelong",111216,"ros2",0.6,74384,51318,"/usr/bin/python3 /opt/ros/jazzy/bin/ros2 launch /oomwoo/contributions/compute-benchmark/OsakaTX/scripts/lifelong_launch.py slam_params_file:=/oomwoo/contributions/compute-benchmark/OsakaTX/scripts/lifelong_slam_params.yaml use_sim_time:=False autostart:=true"
2026-09-08T15:24:27Z,95,"slam15m_noise_n015_lifelong",111233,"lifelong_slam_t",119,67264,53285,"/opt/ros/jazzy/lib/slam_toolbox/lifelong_slam_toolbox_node --ros-args -r __node:=slam_toolbox -r __ns:=/ --params-file /oomwoo/contributions/compute-benchmark/OsakaTX/scripts/lifelong_slam_params.yaml --params-file /tmp/launch_params_5ttjel40"
2026-09-08T15:24:27Z,95,"slam15m_noise_n015_lifelong",111267,"bash",0.3,4308,1111,"bash /oomwoo/contributions/compute-benchmark/xbattlax/scripts/measure_ros_processes.sh --pattern python3|lifelong_slam_toolbox_node --duration 470 --interval 2 --label slam15m_noise_n015_lifelong --output /oomwoo/contributions/compute-benchmark/OsakaTX/scripts/../results/slam15m_noise_n015_lifelong_20260908T152053Z.csv"
2026-09-08T15:24:27Z,95,"slam15m_noise_n015_lifelong",191,"python3",0.1,69864,46867,"/usr/bin/python3 -c from ros2cli.daemon.daemonize import main; main() --name ros2-daemon --ros-domain-id 0 --rmw-implementation rmw_fastrtps_cpp"
2026-09-08T15:24:29Z,96,"slam15m_noise_n015_lifelong",111200,"python3",4.7,72072,49147,"python3 /oomwoo/contributions/compute-benchmark/OsakaTX/scripts/synthetic_scan_publisher.py --duration 505 --loop-s 40 --hz 5.0 --room-half 7.5 --noise 0.15"
2026-09-08T15:24:29Z,96,"slam15m_noise_n015_lifelong",111216,"ros2",0.6,74384,51320,"/usr/bin/python3 /opt/ros/jazzy/bin/ros2 launch /oomwoo/contributions/compute-benchmark/OsakaTX/scripts/lifelong_launch.py slam_params_file:=/oomwoo/contributions/compute-benchmark/OsakaTX/scripts/lifelong_slam_params.yaml use_sim_time:=False autostart:=true"
2026-09-08T15:24:29Z,96,"slam15m_noise_n015_lifelong",111233,"lifelong_slam_t",119,67268,53290,"/opt/ros/jazzy/lib/slam_toolbox/lifelong_slam_toolbox_node --ros-args -r __node:=slam_toolbox -r __ns:=/ --params-file /oomwoo/contributions/compute-benchmark/OsakaTX/scripts/lifelong_slam_params.yaml --params-file /tmp/launch_params_5ttjel40"
2026-09-08T15:24:29Z,96,"slam15m_noise_n015_lifelong",111267,"bash",0.3,4308,1116,"bash /oomwoo/contributions/compute-benchmark/xbattlax/scripts/measure_ros_processes.sh --pattern python3|lifelong_slam_toolbox_node --duration 470 --interval 2 --label slam15m_noise_n015_lifelong --output /oomwoo/contributions/compute-benchmark/OsakaTX/scripts/../results/slam15m_noise_n015_lifelong_20260908T152053Z.csv"
2026-09-08T15:24:29Z,96,"slam15m_noise_n015_lifelong",191,"python3",0.1,69864,46866,"/usr/bin/python3 -c from ros2cli.daemon.daemonize import main; main() --name ros2-daemon --ros-domain-id 0 --rmw-implementation rmw_fastrtps_cpp"
2026-09-08T15:24:31Z,97,"slam15m_noise_n015_lifelong",111200,"python3",4.7,72072,49142,"python3 /oomwoo/contributions/compute-benchmark/OsakaTX/scripts/synthetic_scan_publisher.py --duration 505 --loop-s 40 --hz 5.0 --room-half 7.5 --noise 0.15"
2026-09-08T15:24:31Z,97,"slam15m_noise_n015_lifelong",111216,"ros2",0.6,74384,51319,"/usr/bin/python3 /opt/ros/jazzy/bin/ros2 launch /oomwoo/contributions/compute-benchmark/OsakaTX/scripts/lifelong_launch.py slam_params_file:=/oomwoo/contributions/compute-benchmark/OsakaTX/scripts/lifelong_slam_params.yaml use_sim_time:=False autostart:=true"
2026-09-08T15:24:31Z,97,"slam15m_noise_n015_lifelong",111233,"lifelong_slam_t",119,67292,53310,"/opt/ros/jazzy/lib/slam_toolbox/lifelong_slam_toolbox_node --ros-args -r __node:=slam_toolbox -r __ns:=/ --params-file /oomwoo/contributions/compute-benchmark/OsakaTX/scripts/lifelong_slam_params.yaml --params-file /tmp/launch_params_5ttjel40"
2026-09-08T15:24:31Z,97,"slam15m_noise_n015_lifelong",111267,"bash",0.3,4308,1112,"bash /oomwoo/contributions/compute-benchmark/xbattlax/scripts/measure_ros_processes.sh --pattern python3|lifelong_slam_toolbox_node --duration 470 --interval 2 --label slam15m_noise_n015_lifelong --output /oomwoo/contributions/compute-benchmark/OsakaTX/scripts/../results/slam15m_noise_n015_lifelong_20260908T152053Z.csv"
2026-09-08T15:24:31Z,97,"slam15m_noise_n015_lifelong",191,"python3",0.1,69864,46866,"/usr/bin/python3 -c from ros2cli.daemon.daemonize import main; main() --name ros2-daemon --ros-domain-id 0 --rmw-implementation rmw_fastrtps_cpp"
2026-09-08T15:24:33Z,98,"slam15m_noise_n015_lifelong",111200,"python3",4.7,72072,49134,"python3 /oomwoo/contributions/compute-benchmark/OsakaTX/scripts/synthetic_scan_publisher.py --duration 505 --loop-s 40 --hz 5.0 --room-half 7.5 --noise 0.15"
2026-09-08T15:24:33Z,98,"slam15m_noise_n015_lifelong",111216,"ros2",0.6,74392,51327,"/usr/bin/python3 /opt/ros/jazzy/bin/ros2 launch /oomwoo/contributions/compute-benchmark/OsakaTX/scripts/lifelong_launch.py slam_params_file:=/oomwoo/contributions/compute-benchmark/OsakaTX/scripts/lifelong_slam_params.yaml use_sim_time:=False autostart:=true"
2026-09-08T15:24:33Z,98,"slam15m_noise_n015_lifelong",111233,"lifelong_slam_t",120,67292,53311,"/opt/ros/jazzy/lib/slam_toolbox/lifelong_slam_toolbox_node --ros-args -r __node:=slam_toolbox -r __ns:=/ --params-file /oomwoo/contributions/compute-benchmark/OsakaTX/scripts/lifelong_slam_params.yaml --params-file /tmp/launch_params_5ttjel40"
2026-09-08T15:24:33Z,98,"slam15m_noise_n015_lifelong",111267,"bash",0.3,4308,1111,"bash /oomwoo/contributions/compute-benchmark/xbattlax/scripts/measure_ros_processes.sh --pattern python3|lifelong_slam_toolbox_node --duration 470 --interval 2 --label slam15m_noise_n015_lifelong --output /oomwoo/contributions/compute-benchmark/OsakaTX/scripts/../results/slam15m_noise_n015_lifelong_20260908T152053Z.csv"
2026-09-08T15:24:33Z,98,"slam15m_noise_n015_lifelong",191,"python3",0.1,69864,46867,"/usr/bin/python3 -c from ros2cli.daemon.daemonize import main; main() --name ros2-daemon --ros-domain-id 0 --rmw-implementation rmw_fastrtps_cpp"
2026-09-08T15:24:35Z,99,"slam15m_noise_n015_lifelong",111200,"python3",4.7,72072,49133,"python3 /oomwoo/contributions/compute-benchmark/OsakaTX/scripts/synthetic_scan_publisher.py --duration 505 --loop-s 40 --hz 5.0 --room-half 7.5 --noise 0.15"
2026-09-08T15:24:35Z,99,"slam15m_noise_n015_lifelong",111216,"ros2",0.6,74392,51325,"/usr/bin/python3 /opt/ros/jazzy/bin/ros2 launch /oomwoo/contributions/compute-benchmark/OsakaTX/scripts/lifelong_launch.py slam_params_file:=/oomwoo/contributions/compute-benchmark/OsakaTX/scripts/lifelong_slam_params.yaml use_sim_time:=False autostart:=true"
2026-09-08T15:24:35Z,99,"slam15m_noise_n015_lifelong",111233,"lifelong_slam_t",120,67292,53314,"/opt/ros/jazzy/lib/slam_toolbox/lifelong_slam_toolbox_node --ros-args -r __node:=slam_toolbox -r __ns:=/ --params-file /oomwoo/contributions/compute-benchmark/OsakaTX/scripts/lifelong_slam_params.yaml --params-file /tmp/launch_params_5ttjel40"
2026-09-08T15:24:35Z,99,"slam15m_noise_n015_lifelong",111267,"bash",0.3,4308,1120,"bash /oomwoo/contributions/compute-benchmark/xbattlax/scripts/measure_ros_processes.sh --pattern python3|lifelong_slam_toolbox_node --duration 470 --interval 2 --label slam15m_noise_n015_lifelong --output /oomwoo/contributions/compute-benchmark/OsakaTX/scripts/../results/slam15m_noise_n015_lifelong_20260908T152053Z.csv"
2026-09-08T15:24:35Z,99,"slam15m_noise_n015_lifelong",191,"python3",0.1,69864,46866,"/usr/bin/python3 -c from ros2cli.daemon.daemonize import main; main() --name ros2-daemon --ros-domain-id 0 --rmw-implementation rmw_fastrtps_cpp"
2026-09-08T15:24:38Z,100,"slam15m_noise_n015_lifelong",111200,"python3",4.7,72072,49143,"python3 /oomwoo/contributions/compute-benchmark/OsakaTX/scripts/synthetic_scan_publisher.py --duration 505 --loop-s 40 --hz 5.0 --room-half 7.5 --noise 0.15"
2026-09-08T15:24:38Z,100,"slam15m_noise_n015_lifelong",111216,"ros2",0.6,74392,51327,"/usr/bin/python3 /opt/ros/jazzy/bin/ros2 launch /oomwoo/contributions/compute-benchmark/OsakaTX/scripts/lifelong_launch.py slam_params_file:=/oomwoo/contributions/compute-benchmark/OsakaTX/scripts/lifelong_slam_params.yaml use_sim_time:=False autostart:=true"
2026-09-08T15:24:38Z,100,"slam15m_noise_n015_lifelong",111233,"lifelong_slam_t",120,67292,53313,"/opt/ros/jazzy/lib/slam_toolbox/lifelong_slam_toolbox_node --ros-args -r __node:=slam_toolbox -r __ns:=/ --params-file /oomwoo/contributions/compute-benchmark/OsakaTX/scripts/lifelong_slam_params.yaml --params-file /tmp/launch_params_5ttjel40"
2026-09-08T15:24:38Z,100,"slam15m_noise_n015_lifelong",111267,"bash",0.3,4308,1114,"bash /oomwoo/contributions/compute-benchmark/xbattlax/scripts/measure_ros_processes.sh --pattern python3|lifelong_slam_toolbox_node --duration 470 --interval 2 --label slam15m_noise_n015_lifelong --output /oomwoo/contributions/compute-benchmark/OsakaTX/scripts/../results/slam15m_noise_n015_lifelong_20260908T152053Z.csv"
2026-09-08T15:24:38Z,100,"slam15m_noise_n015_lifelong",191,"python3",0.1,69864,46867,"/usr/bin/python3 -c from ros2cli.daemon.daemonize import main; main() --name ros2-daemon --ros-domain-id 0 --rmw-implementation rmw_fastrtps_cpp"
2026-09-08T15:24:40Z,101,"slam15m_noise_n015_lifelong",111200,"python3",4.7,72072,49143,"python3 /oomwoo/contributions/compute-benchmark/OsakaTX/scripts/synthetic_scan_publisher.py --duration 505 --loop-s 40 --hz 5.0 --room-half 7.5 --noise 0.15"
2026-09-08T15:24:40Z,101,"slam15m_noise_n015_lifelong",111216,"ros2",0.6,74392,51327,"/usr/bin/python3 /opt/ros/jazzy/bin/ros2 launch /oomwoo/contributions/compute-benchmark/OsakaTX/scripts/lifelong_launch.py slam_params_file:=/oomwoo/contributions/compute-benchmark/OsakaTX/scripts/lifelong_slam_params.yaml use_sim_time:=False autostart:=true"
2026-09-08T15:24:40Z,101,"slam15m_noise_n015_lifelong",111233,"lifelong_slam_t",120,67292,53310,"/opt/ros/jazzy/lib/slam_toolbox/lifelong_slam_toolbox_node --ros-args -r __node:=slam_toolbox -r __ns:=/ --params-file /oomwoo/contributions/compute-benchmark/OsakaTX/scripts/lifelong_slam_params.yaml --params-file /tmp/launch_params_5ttjel40"
2026-09-08T15:24:40Z,101,"slam15m_noise_n015_lifelong",111267,"bash",0.3,4308,1112,"bash /oomwoo/contributions/compute-benchmark/xbattlax/scripts/measure_ros_processes.sh --pattern python3|lifelong_slam_toolbox_node --duration 470 --interval 2 --label slam15m_noise_n015_lifelong --output /oomwoo/contributions/compute-benchmark/OsakaTX/scripts/../results/slam15m_noise_n015_lifelong_20260908T152053Z.csv"
2026-09-08T15:24:40Z,101,"slam15m_noise_n015_lifelong",191,"python3",0.1,69864,46869,"/usr/bin/python3 -c from ros2cli.daemon.daemonize import main; main() --name ros2-daemon --ros-domain-id 0 --rmw-implementation rmw_fastrtps_cpp"
2026-09-08T15:24:42Z,102,"slam15m_noise_n015_lifelong",111200,"python3",4.7,72072,49144,"python3 /oomwoo/contributions/compute-benchmark/OsakaTX/scripts/synthetic_scan_publisher.py --duration 505 --loop-s 40 --hz 5.0 --room-half 7.5 --noise 0.15"
2026-09-08T15:24:42Z,102,"slam15m_noise_n015_lifelong",111216,"ros2",0.6,74392,51325,"/usr/bin/python3 /opt/ros/jazzy/bin/ros2 launch /oomwoo/contributions/compute-benchmark/OsakaTX/scripts/lifelong_launch.py slam_params_file:=/oomwoo/contributions/compute-benchmark/OsakaTX/scripts/lifelong_slam_params.yaml use_sim_time:=False autostart:=true"
2026-09-08T15:24:42Z,102,"slam15m_noise_n015_lifelong",111233,"lifelong_slam_t",120,67292,53311,"/opt/ros/jazzy/lib/slam_toolbox/lifelong_slam_toolbox_node --ros-args -r __node:=slam_toolbox -r __ns:=/ --params-file /oomwoo/contributions/compute-benchmark/OsakaTX/scripts/lifelong_slam_params.yaml --params-file /tmp/launch_params_5ttjel40"
2026-09-08T15:24:42Z,102,"slam15m_noise_n015_lifelong",111267,"bash",0.3,4308,1116,"bash /oomwoo/contributions/compute-benchmark/xbattlax/scripts/measure_ros_processes.sh --pattern python3|lifelong_slam_toolbox_node --duration 470 --interval 2 --label slam15m_noise_n015_lifelong --output /oomwoo/contributions/compute-benchmark/OsakaTX/scripts/../results/slam15m_noise_n015_lifelong_20260908T152053Z.csv"
2026-09-08T15:24:42Z,102,"slam15m_noise_n015_lifelong",191,"python3",0.1,69864,46867,"/usr/bin/python3 -c from ros2cli.daemon.daemonize import main; main() --name ros2-daemon --ros-domain-id 0 --rmw-implementation rmw_fastrtps_cpp"
2026-09-08T15:24:44Z,103,"slam15m_noise_n015_lifelong",111200,"python3",4.7,72072,49143,"python3 /oomwoo/contributions/compute-benchmark/OsakaTX/scripts/synthetic_scan_publisher.py --duration 505 --loop-s 40 --hz 5.0 --room-half 7.5 --noise 0.15"
2026-09-08T15:24:44Z,103,"slam15m_noise_n015_lifelong",111216,"ros2",0.6,74392,51325,"/usr/bin/python3 /opt/ros/jazzy/bin/ros2 launch /oomwoo/contributions/compute-benchmark/OsakaTX/scripts/lifelong_launch.py slam_params_file:=/oomwoo/contributions/compute-benchmark/OsakaTX/scripts/lifelong_slam_params.yaml use_sim_time:=False autostart:=true"
2026-09-08T15:24:44Z,103,"slam15m_noise_n015_lifelong",111233,"lifelong_slam_t",121,67292,53310,"/opt/ros/jazzy/lib/slam_toolbox/lifelong_slam_toolbox_node --ros-args -r __node:=slam_toolbox -r __ns:=/ --params-file /oomwoo/contributions/compute-benchmark/OsakaTX/scripts/lifelong_slam_params.yaml --params-file /tmp/launch_params_5ttjel40"
2026-09-08T15:24:44Z,103,"slam15m_noise_n015_lifelong",111267,"bash",0.3,4308,1118,"bash /oomwoo/contributions/compute-benchmark/xbattlax/scripts/measure_ros_processes.sh --pattern python3|lifelong_slam_toolbox_node --duration 470 --interval 2 --label slam15m_noise_n015_lifelong --output /oomwoo/contributions/compute-benchmark/OsakaTX/scripts/../results/slam15m_noise_n015_lifelong_20260908T152053Z.csv"
2026-09-08T15:24:44Z,103,"slam15m_noise_n015_lifelong",191,"python3",0.1,69864,46867,"/usr/bin/python3 -c from ros2cli.daemon.daemonize import main; main() --name ros2-daemon --ros-domain-id 0 --rmw-implementation rmw_fastrtps_cpp"
2026-09-08T15:24:46Z,104,"slam15m_noise_n015_lifelong",111200,"python3",4.7,72072,49144,"python3 /oomwoo/contributions/compute-benchmark/OsakaTX/scripts/synthetic_scan_publisher.py --duration 505 --loop-s 40 --hz 5.0 --room-half 7.5 --noise 0.15"
2026-09-08T15:24:46Z,104,"slam15m_noise_n015_lifelong",111216,"ros2",0.6,74392,51328,"/usr/bin/python3 /opt/ros/jazzy/bin/ros2 launch /oomwoo/contributions/compute-benchmark/OsakaTX/scripts/lifelong_launch.py slam_params_file:=/oomwoo/contributions/compute-benchmark/OsakaTX/scripts/lifelong_slam_params.yaml use_sim_time:=False autostart:=true"
2026-09-08T15:24:46Z,104,"slam15m_noise_n015_lifelong",111233,"lifelong_slam_t",121,67292,53311,"/opt/ros/jazzy/lib/slam_toolbox/lifelong_slam_toolbox_node --ros-args -r __node:=slam_toolbox -r __ns:=/ --params-file /oomwoo/contributions/compute-benchmark/OsakaTX/scripts/lifelong_slam_params.yaml --params-file /tmp/launch_params_5ttjel40"
2026-09-08T15:24:46Z,104,"slam15m_noise_n015_lifelong",111267,"bash",0.3,4308,1115,"bash /oomwoo/contributions/compute-benchmark/xbattlax/scripts/measure_ros_processes.sh --pattern python3|lifelong_slam_toolbox_node --duration 470 --interval 2 --label slam15m_noise_n015_lifelong --output /oomwoo/contributions/compute-benchmark/OsakaTX/scripts/../results/slam15m_noise_n015_lifelong_20260908T152053Z.csv"
2026-09-08T15:24:46Z,104,"slam15m_noise_n015_lifelong",191,"python3",0.1,69864,46865,"/usr/bin/python3 -c from ros2cli.daemon.daemonize import main; main() --name ros2-daemon --ros-domain-id 0 --rmw-implementation rmw_fastrtps_cpp"
2026-09-08T15:24:48Z,105,"slam15m_noise_n015_lifelong",111200,"python3",4.7,72072,49134,"python3 /oomwoo/contributions/compute-benchmark/OsakaTX/scripts/synthetic_scan_publisher.py --duration 505 --loop-s 40 --hz 5.0 --room-half 7.5 --noise 0.15"
2026-09-08T15:24:48Z,105,"slam15m_noise_n015_lifelong",111216,"ros2",0.6,74392,51327,"/usr/bin/python3 /opt/ros/jazzy/bin/ros2 launch /oomwoo/contributions/compute-benchmark/OsakaTX/scripts/lifelong_launch.py slam_params_file:=/oomwoo/contributions/compute-benchmark/OsakaTX/scripts/lifelong_slam_params.yaml use_sim_time:=False autostart:=true"
2026-09-08T15:24:48Z,105,"slam15m_noise_n015_lifelong",111233,"lifelong_slam_t",121,67292,53310,"/opt/ros/jazzy/lib/slam_toolbox/lifelong_slam_toolbox_node --ros-args -r __node:=slam_toolbox -r __ns:=/ --params-file /oomwoo/contributions/compute-benchmark/OsakaTX/scripts/lifelong_slam_params.yaml --params-file /tmp/launch_params_5ttjel40"
2026-09-08T15:24:48Z,105,"slam15m_noise_n015_lifelong",111267,"bash",0.3,4308,1111,"bash /oomwoo/contributions/compute-benchmark/xbattlax/scripts/measure_ros_processes.sh --pattern python3|lifelong_slam_toolbox_node --duration 470 --interval 2 --label slam15m_noise_n015_lifelong --output /oomwoo/contributions/compute-benchmark/OsakaTX/scripts/../results/slam15m_noise_n015_lifelong_20260908T152053Z.csv"
2026-09-08T15:24:48Z,105,"slam15m_noise_n015_lifelong",191,"python3",0.1,69864,46864,"/usr/bin/python3 -c from ros2cli.daemon.daemonize import main; main() --name ros2-daemon --ros-domain-id 0 --rmw-implementation rmw_fastrtps_cpp"
2026-09-08T15:24:50Z,106,"slam15m_noise_n015_lifelong",111200,"python3",4.7,72072,49144,"python3 /oomwoo/contributions/compute-benchmark/OsakaTX/scripts/synthetic_scan_publisher.py --duration 505 --loop-s 40 --hz 5.0 --room-half 7.5 --noise 0.15"
2026-09-08T15:24:50Z,106,"slam15m_noise_n015_lifelong",111216,"ros2",0.6,74392,51325,"/usr/bin/python3 /opt/ros/jazzy/bin/ros2 launch /oomwoo/contributions/compute-benchmark/OsakaTX/scripts/lifelong_launch.py slam_params_file:=/oomwoo/contributions/compute-benchmark/OsakaTX/scripts/lifelong_slam_params.yaml use_sim_time:=False autostart:=true"
2026-09-08T15:24:50Z,106,"slam15m_noise_n015_lifelong",111233,"lifelong_slam_t",121,67356,53377,"/opt/ros/jazzy/lib/slam_toolbox/lifelong_slam_toolbox_node --ros-args -r __node:=slam_toolbox -r __ns:=/ --params-file /oomwoo/contributions/compute-benchmark/OsakaTX/scripts/lifelong_slam_params.yaml --params-file /tmp/launch_params_5ttjel40"
2026-09-08T15:24:50Z,106,"slam15m_noise_n015_lifelong",111267,"bash",0.3,4308,1113,"bash /oomwoo/contributions/compute-benchmark/xbattlax/scripts/measure_ros_processes.sh --pattern python3|lifelong_slam_toolbox_node --duration 470 --interval 2 --label slam15m_noise_n015_lifelong --output /oomwoo/contributions/compute-benchmark/OsakaTX/scripts/../results/slam15m_noise_n015_lifelong_20260908T152053Z.csv"
2026-09-08T15:24:50Z,106,"slam15m_noise_n015_lifelong",191,"python3",0.1,69864,46866,"/usr/bin/python3 -c from ros2cli.daemon.daemonize import main; main() --name ros2-daemon --ros-domain-id 0 --rmw-implementation rmw_fastrtps_cpp"
2026-09-08T15:24:53Z,107,"slam15m_noise_n015_lifelong",111200,"python3",4.7,72072,49143,"python3 /oomwoo/contributions/compute-benchmark/OsakaTX/scripts/synthetic_scan_publisher.py --duration 505 --loop-s 40 --hz 5.0 --room-half 7.5 --noise 0.15"
2026-09-08T15:24:53Z,107,"slam15m_noise_n015_lifelong",111216,"ros2",0.6,74400,51336,"/usr/bin/python3 /opt/ros/jazzy/bin/ros2 launch /oomwoo/contributions/compute-benchmark/OsakaTX/scripts/lifelong_launch.py slam_params_file:=/oomwoo/contributions/compute-benchmark/OsakaTX/scripts/lifelong_slam_params.yaml use_sim_time:=False autostart:=true"
2026-09-08T15:24:53Z,107,"slam15m_noise_n015_lifelong",111233,"lifelong_slam_t",121,67356,53374,"/opt/ros/jazzy/lib/slam_toolbox/lifelong_slam_toolbox_node --ros-args -r __node:=slam_toolbox -r __ns:=/ --params-file /oomwoo/contributions/compute-benchmark/OsakaTX/scripts/lifelong_slam_params.yaml --params-file /tmp/launch_params_5ttjel40"
2026-09-08T15:24:53Z,107,"slam15m_noise_n015_lifelong",111267,"bash",0.3,4308,1112,"bash /oomwoo/contributions/compute-benchmark/xbattlax/scripts/measure_ros_processes.sh --pattern python3|lifelong_slam_toolbox_node --duration 470 --interval 2 --label slam15m_noise_n015_lifelong --output /oomwoo/contributions/compute-benchmark/OsakaTX/scripts/../results/slam15m_noise_n015_lifelong_20260908T152053Z.csv"
2026-09-08T15:24:53Z,107,"slam15m_noise_n015_lifelong",191,"python3",0.1,69864,46867,"/usr/bin/python3 -c from ros2cli.daemon.daemonize import main; main() --name ros2-daemon --ros-domain-id 0 --rmw-implementation rmw_fastrtps_cpp"
2026-09-08T15:24:55Z,108,"slam15m_noise_n015_lifelong",111200,"python3",4.7,72072,49147,"python3 /oomwoo/contributions/compute-benchmark/OsakaTX/scripts/synthetic_scan_publisher.py --duration 505 --loop-s 40 --hz 5.0 --room-half 7.5 --noise 0.15"
2026-09-08T15:24:55Z,108,"slam15m_noise_n015_lifelong",111216,"ros2",0.6,74420,51355,"/usr/bin/python3 /opt/ros/jazzy/bin/ros2 launch /oomwoo/contributions/compute-benchmark/OsakaTX/scripts/lifelong_launch.py slam_params_file:=/oomwoo/contributions/compute-benchmark/OsakaTX/scripts/lifelong_slam_params.yaml use_sim_time:=False autostart:=true"
2026-09-08T15:24:55Z,108,"slam15m_noise_n015_lifelong",111233,"lifelong_slam_t",122,67356,53378,"/opt/ros/jazzy/lib/slam_toolbox/lifelong_slam_toolbox_node --ros-args -r __node:=slam_toolbox -r __ns:=/ --params-file /oomwoo/contributions/compute-benchmark/OsakaTX/scripts/lifelong_slam_params.yaml --params-file /tmp/launch_params_5ttjel40"
2026-09-08T15:24:55Z,108,"slam15m_noise_n015_lifelong",111267,"bash",0.3,4308,1114,"bash /oomwoo/contributions/compute-benchmark/xbattlax/scripts/measure_ros_processes.sh --pattern python3|lifelong_slam_toolbox_node --duration 470 --interval 2 --label slam15m_noise_n015_lifelong --output /oomwoo/contributions/compute-benchmark/OsakaTX/scripts/../results/slam15m_noise_n015_lifelong_20260908T152053Z.csv"
2026-09-08T15:24:55Z,108,"slam15m_noise_n015_lifelong",191,"python3",0.1,69864,46867,"/usr/bin/python3 -c from ros2cli.daemon.daemonize import main; main() --name ros2-daemon --ros-domain-id 0 --rmw-implementation rmw_fastrtps_cpp"
2026-09-08T15:24:57Z,109,"slam15m_noise_n015_lifelong",111200,"python3",4.7,72072,49133,"python3 /oomwoo/contributions/compute-benchmark/OsakaTX/scripts/synthetic_scan_publisher.py --duration 505 --loop-s 40 --hz 5.0 --room-half 7.5 --noise 0.15"
2026-09-08T15:24:57Z,109,"slam15m_noise_n015_lifelong",111216,"ros2",0.6,74420,51353,"/usr/bin/python3 /opt/ros/jazzy/bin/ros2 launch /oomwoo/contributions/compute-benchmark/OsakaTX/scripts/lifelong_launch.py slam_params_file:=/oomwoo/contributions/compute-benchmark/OsakaTX/scripts/lifelong_slam_params.yaml use_sim_time:=False autostart:=true"
2026-09-08T15:24:57Z,109,"slam15m_noise_n015_lifelong",111233,"lifelong_slam_t",122,67356,53374,"/opt/ros/jazzy/lib/slam_toolbox/lifelong_slam_toolbox_node --ros-args -r __node:=slam_toolbox -r __ns:=/ --params-file /oomwoo/contributions/compute-benchmark/OsakaTX/scripts/lifelong_slam_params.yaml --params-file /tmp/launch_params_5ttjel40"
2026-09-08T15:24:57Z,109,"slam15m_noise_n015_lifelong",111267,"bash",0.3,4308,1111,"bash /oomwoo/contributions/compute-benchmark/xbattlax/scripts/measure_ros_processes.sh --pattern python3|lifelong_slam_toolbox_node --duration 470 --interval 2 --label slam15m_noise_n015_lifelong --output /oomwoo/contributions/compute-benchmark/OsakaTX/scripts/../results/slam15m_noise_n015_lifelong_20260908T152053Z.csv"
2026-09-08T15:24:57Z,109,"slam15m_noise_n015_lifelong",191,"python3",0.1,69864,46866,"/usr/bin/python3 -c from ros2cli.daemon.daemonize import main; main() --name ros2-daemon --ros-domain-id 0 --rmw-implementation rmw_fastrtps_cpp"
2026-09-08T15:24:59Z,110,"slam15m_noise_n015_lifelong",111200,"python3",4.7,72072,49146,"python3 /oomwoo/contributions/compute-benchmark/OsakaTX/scripts/synthetic_scan_publisher.py --duration 505 --loop-s 40 --hz 5.0 --room-half 7.5 --noise 0.15"
2026-09-08T15:24:59Z,110,"slam15m_noise_n015_lifelong",111216,"ros2",0.6,74420,51353,"/usr/bin/python3 /opt/ros/jazzy/bin/ros2 launch /oomwoo/contributions/compute-benchmark/OsakaTX/scripts/lifelong_launch.py slam_params_file:=/oomwoo/contributions/compute-benchmark/OsakaTX/scripts/lifelong_slam_params.yaml use_sim_time:=False autostart:=true"
2026-09-08T15:24:59Z,110,"slam15m_noise_n015_lifelong",111233,"lifelong_slam_t",122,67356,53375,"/opt/ros/jazzy/lib/slam_toolbox/lifelong_slam_toolbox_node --ros-args -r __node:=slam_toolbox -r __ns:=/ --params-file /oomwoo/contributions/compute-benchmark/OsakaTX/scripts/lifelong_slam_params.yaml --params-file /tmp/launch_params_5ttjel40"
2026-09-08T15:24:59Z,110,"slam15m_noise_n015_lifelong",111267,"bash",0.3,4308,1113,"bash /oomwoo/contributions/compute-benchmark/xbattlax/scripts/measure_ros_processes.sh --pattern python3|lifelong_slam_toolbox_node --duration 470 --interval 2 --label slam15m_noise_n015_lifelong --output /oomwoo/contributions/compute-benchmark/OsakaTX/scripts/../results/slam15m_noise_n015_lifelong_20260908T152053Z.csv"
2026-09-08T15:24:59Z,110,"slam15m_noise_n015_lifelong",191,"python3",0.1,69864,46865,"/usr/bin/python3 -c from ros2cli.daemon.daemonize import main; main() --name ros2-daemon --ros-domain-id 0 --rmw-implementation rmw_fastrtps_cpp"
2026-09-08T15:25:01Z,111,"slam15m_noise_n015_lifelong",111200,"python3",4.7,72072,49139,"python3 /oomwoo/contributions/compute-benchmark/OsakaTX/scripts/synthetic_scan_publisher.py --duration 505 --loop-s 40 --hz 5.0 --room-half 7.5 --noise 0.15"
2026-09-08T15:25:01Z,111,"slam15m_noise_n015_lifelong",111216,"ros2",0.6,74420,51355,"/usr/bin/python3 /opt/ros/jazzy/bin/ros2 launch /oomwoo/contributions/compute-benchmark/OsakaTX/scripts/lifelong_launch.py slam_params_file:=/oomwoo/contributions/compute-benchmark/OsakaTX/scripts/lifelong_slam_params.yaml use_sim_time:=False autostart:=true"
2026-09-08T15:25:01Z,111,"slam15m_noise_n015_lifelong",111233,"lifelong_slam_t",122,67356,53377,"/opt/ros/jazzy/lib/slam_toolbox/lifelong_slam_toolbox_node --ros-args -r __node:=slam_toolbox -r __ns:=/ --params-file /oomwoo/contributions/compute-benchmark/OsakaTX/scripts/lifelong_slam_params.yaml --params-file /tmp/launch_params_5ttjel40"
2026-09-08T15:25:01Z,111,"slam15m_noise_n015_lifelong",111267,"bash",0.3,4308,1115,"bash /oomwoo/contributions/compute-benchmark/xbattlax/scripts/measure_ros_processes.sh --pattern python3|lifelong_slam_toolbox_node --duration 470 --interval 2 --label slam15m_noise_n015_lifelong --output /oomwoo/contributions/compute-benchmark/OsakaTX/scripts/../results/slam15m_noise_n015_lifelong_20260908T152053Z.csv"
2026-09-08T15:25:01Z,111,"slam15m_noise_n015_lifelong",191,"python3",0.1,69864,46866,"/usr/bin/python3 -c from ros2cli.daemon.daemonize import main; main() --name ros2-daemon --ros-domain-id 0 --rmw-implementation rmw_fastrtps_cpp"
2026-09-08T15:25:03Z,112,"slam15m_noise_n015_lifelong",111200,"python3",4.7,72072,49147,"python3 /oomwoo/contributions/compute-benchmark/OsakaTX/scripts/synthetic_scan_publisher.py --duration 505 --loop-s 40 --hz 5.0 --room-half 7.5 --noise 0.15"
2026-09-08T15:25:03Z,112,"slam15m_noise_n015_lifelong",111216,"ros2",0.6,74420,51354,"/usr/bin/python3 /opt/ros/jazzy/bin/ros2 launch /oomwoo/contributions/compute-benchmark/OsakaTX/scripts/lifelong_launch.py slam_params_file:=/oomwoo/contributions/compute-benchmark/OsakaTX/scripts/lifelong_slam_params.yaml use_sim_time:=False autostart:=true"
2026-09-08T15:25:03Z,112,"slam15m_noise_n015_lifelong",111233,"lifelong_slam_t",122,67356,53375,"/opt/ros/jazzy/lib/slam_toolbox/lifelong_slam_toolbox_node --ros-args -r __node:=slam_toolbox -r __ns:=/ --params-file /oomwoo/contributions/compute-benchmark/OsakaTX/scripts/lifelong_slam_params.yaml --params-file /tmp/launch_params_5ttjel40"
2026-09-08T15:25:03Z,112,"slam15m_noise_n015_lifelong",111267,"bash",0.3,4308,1116,"bash /oomwoo/contributions/compute-benchmark/xbattlax/scripts/measure_ros_processes.sh --pattern python3|lifelong_slam_toolbox_node --duration 470 --interval 2 --label slam15m_noise_n015_lifelong --output /oomwoo/contributions/compute-benchmark/OsakaTX/scripts/../results/slam15m_noise_n015_lifelong_20260908T152053Z.csv"
2026-09-08T15:25:03Z,112,"slam15m_noise_n015_lifelong",191,"python3",0.1,69864,46867,"/usr/bin/python3 -c from ros2cli.daemon.daemonize import main; main() --name ros2-daemon --ros-domain-id 0 --rmw-implementation rmw_fastrtps_cpp"
2026-09-08T15:25:05Z,113,"slam15m_noise_n015_lifelong",111200,"python3",4.7,72072,49142,"python3 /oomwoo/contributions/compute-benchmark/OsakaTX/scripts/synthetic_scan_publisher.py --duration 505 --loop-s 40 --hz 5.0 --room-half 7.5 --noise 0.15"
2026-09-08T15:25:05Z,113,"slam15m_noise_n015_lifelong",111216,"ros2",0.6,74420,51354,"/usr/bin/python3 /opt/ros/jazzy/bin/ros2 launch /oomwoo/contributions/compute-benchmark/OsakaTX/scripts/lifelong_launch.py slam_params_file:=/oomwoo/contributions/compute-benchmark/OsakaTX/scripts/lifelong_slam_params.yaml use_sim_time:=False autostart:=true"
2026-09-08T15:25:05Z,113,"slam15m_noise_n015_lifelong",111233,"lifelong_slam_t",123,67356,53375,"/opt/ros/jazzy/lib/slam_toolbox/lifelong_slam_toolbox_node --ros-args -r __node:=slam_toolbox -r __ns:=/ --params-file /oomwoo/contributions/compute-benchmark/OsakaTX/scripts/lifelong_slam_params.yaml --params-file /tmp/launch_params_5ttjel40"
2026-09-08T15:25:05Z,113,"slam15m_noise_n015_lifelong",111267,"bash",0.3,4308,1118,"bash /oomwoo/contributions/compute-benchmark/xbattlax/scripts/measure_ros_processes.sh --pattern python3|lifelong_slam_toolbox_node --duration 470 --interval 2 --label slam15m_noise_n015_lifelong --output /oomwoo/contributions/compute-benchmark/OsakaTX/scripts/../results/slam15m_noise_n015_lifelong_20260908T152053Z.csv"
2026-09-08T15:25:05Z,113,"slam15m_noise_n015_lifelong",191,"python3",0.1,69864,46867,"/usr/bin/python3 -c from ros2cli.daemon.daemonize import main; main() --name ros2-daemon --ros-domain-id 0 --rmw-implementation rmw_fastrtps_cpp"
2026-09-08T15:25:08Z,114,"slam15m_noise_n015_lifelong",111200,"python3",4.7,72072,49144,"python3 /oomwoo/contributions/compute-benchmark/OsakaTX/scripts/synthetic_scan_publisher.py --duration 505 --loop-s 40 --hz 5.0 --room-half 7.5 --noise 0.15"
2026-09-08T15:25:08Z,114,"slam15m_noise_n015_lifelong",111216,"ros2",0.6,74420,51356,"/usr/bin/python3 /opt/ros/jazzy/bin/ros2 launch /oomwoo/contributions/compute-benchmark/OsakaTX/scripts/lifelong_launch.py slam_params_file:=/oomwoo/contributions/compute-benchmark/OsakaTX/scripts/lifelong_slam_params.yaml use_sim_time:=False autostart:=true"
2026-09-08T15:25:08Z,114,"slam15m_noise_n015_lifelong",111233,"lifelong_slam_t",123,67360,53380,"/opt/ros/jazzy/lib/slam_toolbox/lifelong_slam_toolbox_node --ros-args -r __node:=slam_toolbox -r __ns:=/ --params-file /oomwoo/contributions/compute-benchmark/OsakaTX/scripts/lifelong_slam_params.yaml --params-file /tmp/launch_params_5ttjel40"
2026-09-08T15:25:08Z,114,"slam15m_noise_n015_lifelong",111267,"bash",0.3,4308,1117,"bash /oomwoo/contributions/compute-benchmark/xbattlax/scripts/measure_ros_processes.sh --pattern python3|lifelong_slam_toolbox_node --duration 470 --interval 2 --label slam15m_noise_n015_lifelong --output /oomwoo/contributions/compute-benchmark/OsakaTX/scripts/../results/slam15m_noise_n015_lifelong_20260908T152053Z.csv"
2026-09-08T15:25:08Z,114,"slam15m_noise_n015_lifelong",191,"python3",0.1,69864,46866,"/usr/bin/python3 -c from ros2cli.daemon.daemonize import main; main() --name ros2-daemon --ros-domain-id 0 --rmw-implementation rmw_fastrtps_cpp"
2026-09-08T15:25:10Z,115,"slam15m_noise_n015_lifelong",111200,"python3",4.7,72072,49133,"python3 /oomwoo/contributions/compute-benchmark/OsakaTX/scripts/synthetic_scan_publisher.py --duration 505 --loop-s 40 --hz 5.0 --room-half 7.5 --noise 0.15"
2026-09-08T15:25:10Z,115,"slam15m_noise_n015_lifelong",111216,"ros2",0.6,74420,51355,"/usr/bin/python3 /opt/ros/jazzy/bin/ros2 launch /oomwoo/contributions/compute-benchmark/OsakaTX/scripts/lifelong_launch.py slam_params_file:=/oomwoo/contributions/compute-benchmark/OsakaTX/scripts/lifelong_slam_params.yaml use_sim_time:=False autostart:=true"
2026-09-08T15:25:10Z,115,"slam15m_noise_n015_lifelong",111233,"lifelong_slam_t",123,67360,53379,"/opt/ros/jazzy/lib/slam_toolbox/lifelong_slam_toolbox_node --ros-args -r __node:=slam_toolbox -r __ns:=/ --params-file /oomwoo/contributions/compute-benchmark/OsakaTX/scripts/lifelong_slam_params.yaml --params-file /tmp/launch_params_5ttjel40"
2026-09-08T15:25:10Z,115,"slam15m_noise_n015_lifelong",111267,"bash",0.3,4308,1110,"bash /oomwoo/contributions/compute-benchmark/xbattlax/scripts/measure_ros_processes.sh --pattern python3|lifelong_slam_toolbox_node --duration 470 --interval 2 --label slam15m_noise_n015_lifelong --output /oomwoo/contributions/compute-benchmark/OsakaTX/scripts/../results/slam15m_noise_n015_lifelong_20260908T152053Z.csv"
2026-09-08T15:25:10Z,115,"slam15m_noise_n015_lifelong",191,"python3",0.1,69864,46866,"/usr/bin/python3 -c from ros2cli.daemon.daemonize import main; main() --name ros2-daemon --ros-domain-id 0 --rmw-implementation rmw_fastrtps_cpp"
2026-09-08T15:25:12Z,116,"slam15m_noise_n015_lifelong",111200,"python3",4.7,72072,49145,"python3 /oomwoo/contributions/compute-benchmark/OsakaTX/scripts/synthetic_scan_publisher.py --duration 505 --loop-s 40 --hz 5.0 --room-half 7.5 --noise 0.15"
2026-09-08T15:25:12Z,116,"slam15m_noise_n015_lifelong",111216,"ros2",0.6,74420,51355,"/usr/bin/python3 /opt/ros/jazzy/bin/ros2 launch /oomwoo/contributions/compute-benchmark/OsakaTX/scripts/lifelong_launch.py slam_params_file:=/oomwoo/contributions/compute-benchmark/OsakaTX/scripts/lifelong_slam_params.yaml use_sim_time:=False autostart:=true"
2026-09-08T15:25:12Z,116,"slam15m_noise_n015_lifelong",111233,"lifelong_slam_t",123,67360,53381,"/opt/ros/jazzy/lib/slam_toolbox/lifelong_slam_toolbox_node --ros-args -r __node:=slam_toolbox -r __ns:=/ --params-file /oomwoo/contributions/compute-benchmark/OsakaTX/scripts/lifelong_slam_params.yaml --params-file /tmp/launch_params_5ttjel40"
2026-09-08T15:25:12Z,116,"slam15m_noise_n015_lifelong",111267,"bash",0.3,4308,1117,"bash /oomwoo/contributions/compute-benchmark/xbattlax/scripts/measure_ros_processes.sh --pattern python3|lifelong_slam_toolbox_node --duration 470 --interval 2 --label slam15m_noise_n015_lifelong --output /oomwoo/contributions/compute-benchmark/OsakaTX/scripts/../results/slam15m_noise_n015_lifelong_20260908T152053Z.csv"
2026-09-08T15:25:12Z,116,"slam15m_noise_n015_lifelong",191,"python3",0.1,69864,46868,"/usr/bin/python3 -c from ros2cli.daemon.daemonize import main; main() --name ros2-daemon --ros-domain-id 0 --rmw-implementation rmw_fastrtps_cpp"
2026-09-08T15:25:14Z,117,"slam15m_noise_n015_lifelong",111200,"python3",4.7,72072,49146,"python3 /oomwoo/contributions/compute-benchmark/OsakaTX/scripts/synthetic_scan_publisher.py --duration 505 --loop-s 40 --hz 5.0 --room-half 7.5 --noise 0.15"
2026-09-08T15:25:14Z,117,"slam15m_noise_n015_lifelong",111216,"ros2",0.6,74420,51355,"/usr/bin/python3 /opt/ros/jazzy/bin/ros2 launch /oomwoo/contributions/compute-benchmark/OsakaTX/scripts/lifelong_launch.py slam_params_file:=/oomwoo/contributions/compute-benchmark/OsakaTX/scripts/lifelong_slam_params.yaml use_sim_time:=False autostart:=true"
2026-09-08T15:25:14Z,117,"slam15m_noise_n015_lifelong",111233,"lifelong_slam_t",123,67360,53379,"/opt/ros/jazzy/lib/slam_toolbox/lifelong_slam_toolbox_node --ros-args -r __node:=slam_toolbox -r __ns:=/ --params-file /oomwoo/contributions/compute-benchmark/OsakaTX/scripts/lifelong_slam_params.yaml --params-file /tmp/launch_params_5ttjel40"
2026-09-08T15:25:14Z,117,"slam15m_noise_n015_lifelong",111267,"bash",0.3,4312,1122,"bash /oomwoo/contributions/compute-benchmark/xbattlax/scripts/measure_ros_processes.sh --pattern python3|lifelong_slam_toolbox_node --duration 470 --interval 2 --label slam15m_noise_n015_lifelong --output /oomwoo/contributions/compute-benchmark/OsakaTX/scripts/../results/slam15m_noise_n015_lifelong_20260908T152053Z.csv"
2026-09-08T15:25:14Z,117,"slam15m_noise_n015_lifelong",191,"python3",0.1,69864,46865,"/usr/bin/python3 -c from ros2cli.daemon.daemonize import main; main() --name ros2-daemon --ros-domain-id 0 --rmw-implementation rmw_fastrtps_cpp"
2026-09-08T15:25:16Z,118,"slam15m_noise_n015_lifelong",111200,"python3",4.7,72072,49143,"python3 /oomwoo/contributions/compute-benchmark/OsakaTX/scripts/synthetic_scan_publisher.py --duration 505 --loop-s 40 --hz 5.0 --room-half 7.5 --noise 0.15"
2026-09-08T15:25:16Z,118,"slam15m_noise_n015_lifelong",111216,"ros2",0.6,74420,51353,"/usr/bin/python3 /opt/ros/jazzy/bin/ros2 launch /oomwoo/contributions/compute-benchmark/OsakaTX/scripts/lifelong_launch.py slam_params_file:=/oomwoo/contributions/compute-benchmark/OsakaTX/scripts/lifelong_slam_params.yaml use_sim_time:=False autostart:=true"
2026-09-08T15:25:16Z,118,"slam15m_noise_n015_lifelong",111233,"lifelong_slam_t",123,67360,53378,"/opt/ros/jazzy/lib/slam_toolbox/lifelong_slam_toolbox_node --ros-args -r __node:=slam_toolbox -r __ns:=/ --params-file /oomwoo/contributions/compute-benchmark/OsakaTX/scripts/lifelong_slam_params.yaml --params-file /tmp/launch_params_5ttjel40"
2026-09-08T15:25:16Z,118,"slam15m_noise_n015_lifelong",111267,"bash",0.3,4312,1112,"bash /oomwoo/contributions/compute-benchmark/xbattlax/scripts/measure_ros_processes.sh --pattern python3|lifelong_slam_toolbox_node --duration 470 --interval 2 --label slam15m_noise_n015_lifelong --output /oomwoo/contributions/compute-benchmark/OsakaTX/scripts/../results/slam15m_noise_n015_lifelong_20260908T152053Z.csv"
2026-09-08T15:25:16Z,118,"slam15m_noise_n015_lifelong",191,"python3",0.1,69864,46867,"/usr/bin/python3 -c from ros2cli.daemon.daemonize import main; main() --name ros2-daemon --ros-domain-id 0 --rmw-implementation rmw_fastrtps_cpp"
2026-09-08T15:25:18Z,119,"slam15m_noise_n015_lifelong",111200,"python3",4.7,72072,49146,"python3 /oomwoo/contributions/compute-benchmark/OsakaTX/scripts/synthetic_scan_publisher.py --duration 505 --loop-s 40 --hz 5.0 --room-half 7.5 --noise 0.15"
2026-09-08T15:25:18Z,119,"slam15m_noise_n015_lifelong",111216,"ros2",0.6,74420,51355,"/usr/bin/python3 /opt/ros/jazzy/bin/ros2 launch /oomwoo/contributions/compute-benchmark/OsakaTX/scripts/lifelong_launch.py slam_params_file:=/oomwoo/contributions/compute-benchmark/OsakaTX/scripts/lifelong_slam_params.yaml use_sim_time:=False autostart:=true"
2026-09-08T15:25:18Z,119,"slam15m_noise_n015_lifelong",111233,"lifelong_slam_t",123,67360,53381,"/opt/ros/jazzy/lib/slam_toolbox/lifelong_slam_toolbox_node --ros-args -r __node:=slam_toolbox -r __ns:=/ --params-file /oomwoo/contributions/compute-benchmark/OsakaTX/scripts/lifelong_slam_params.yaml --params-file /tmp/launch_params_5ttjel40"
2026-09-08T15:25:18Z,119,"slam15m_noise_n015_lifelong",111267,"bash",0.3,4312,1114,"bash /oomwoo/contributions/compute-benchmark/xbattlax/scripts/measure_ros_processes.sh --pattern python3|lifelong_slam_toolbox_node --duration 470 --interval 2 --label slam15m_noise_n015_lifelong --output /oomwoo/contributions/compute-benchmark/OsakaTX/scripts/../results/slam15m_noise_n015_lifelong_20260908T152053Z.csv"
2026-09-08T15:25:18Z,119,"slam15m_noise_n015_lifelong",191,"python3",0.1,69864,46868,"/usr/bin/python3 -c from ros2cli.daemon.daemonize import main; main() --name ros2-daemon --ros-domain-id 0 --rmw-implementation rmw_fastrtps_cpp"
2026-09-08T15:25:20Z,120,"slam15m_noise_n015_lifelong",111200,"python3",4.7,72072,49147,"python3 /oomwoo/contributions/compute-benchmark/OsakaTX/scripts/synthetic_scan_publisher.py --duration 505 --loop-s 40 --hz 5.0 --room-half 7.5 --noise 0.15"
2026-09-08T15:25:20Z,120,"slam15m_noise_n015_lifelong",111216,"ros2",0.6,74420,51355,"/usr/bin/python3 /opt/ros/jazzy/bin/ros2 launch /oomwoo/contributions/compute-benchmark/OsakaTX/scripts/lifelong_launch.py slam_params_file:=/oomwoo/contributions/compute-benchmark/OsakaTX/scripts/lifelong_slam_params.yaml use_sim_time:=False autostart:=true"
2026-09-08T15:25:20Z,120,"slam15m_noise_n015_lifelong",111233,"lifelong_slam_t",124,67360,53378,"/opt/ros/jazzy/lib/slam_toolbox/lifelong_slam_toolbox_node --ros-args -r __node:=slam_toolbox -r __ns:=/ --params-file /oomwoo/contributions/compute-benchmark/OsakaTX/scripts/lifelong_slam_params.yaml --params-file /tmp/launch_params_5ttjel40"
2026-09-08T15:25:20Z,120,"slam15m_noise_n015_lifelong",111267,"bash",0.3,4312,1110,"bash /oomwoo/contributions/compute-benchmark/xbattlax/scripts/measure_ros_processes.sh --pattern python3|lifelong_slam_toolbox_node --duration 470 --interval 2 --label slam15m_noise_n015_lifelong --output /oomwoo/contributions/compute-benchmark/OsakaTX/scripts/../results/slam15m_noise_n015_lifelong_20260908T152053Z.csv"
2026-09-08T15:25:20Z,120,"slam15m_noise_n015_lifelong",191,"python3",0.1,69864,46867,"/usr/bin/python3 -c from ros2cli.daemon.daemonize import main; main() --name ros2-daemon --ros-domain-id 0 --rmw-implementation rmw_fastrtps_cpp"
2026-09-08T15:25:23Z,121,"slam15m_noise_n015_lifelong",111200,"python3",4.7,72072,49143,"python3 /oomwoo/contributions/compute-benchmark/OsakaTX/scripts/synthetic_scan_publisher.py --duration 505 --loop-s 40 --hz 5.0 --room-half 7.5 --noise 0.15"
2026-09-08T15:25:23Z,121,"slam15m_noise_n015_lifelong",111216,"ros2",0.6,74420,51353,"/usr/bin/python3 /opt/ros/jazzy/bin/ros2 launch /oomwoo/contributions/compute-benchmark/OsakaTX/scripts/lifelong_launch.py slam_params_file:=/oomwoo/contributions/compute-benchmark/OsakaTX/scripts/lifelong_slam_params.yaml use_sim_time:=False autostart:=true"
2026-09-08T15:25:23Z,121,"slam15m_noise_n015_lifelong",111233,"lifelong_slam_t",124,67360,53381,"/opt/ros/jazzy/lib/slam_toolbox/lifelong_slam_toolbox_node --ros-args -r __node:=slam_toolbox -r __ns:=/ --params-file /oomwoo/contributions/compute-benchmark/OsakaTX/scripts/lifelong_slam_params.yaml --params-file /tmp/launch_params_5ttjel40"
2026-09-08T15:25:23Z,121,"slam15m_noise_n015_lifelong",111267,"bash",0.3,4312,1117,"bash /oomwoo/contributions/compute-benchmark/xbattlax/scripts/measure_ros_processes.sh --pattern python3|lifelong_slam_toolbox_node --duration 470 --interval 2 --label slam15m_noise_n015_lifelong --output /oomwoo/contributions/compute-benchmark/OsakaTX/scripts/../results/slam15m_noise_n015_lifelong_20260908T152053Z.csv"
2026-09-08T15:25:23Z,121,"slam15m_noise_n015_lifelong",191,"python3",0.1,69864,46868,"/usr/bin/python3 -c from ros2cli.daemon.daemonize import main; main() --name ros2-daemon --ros-domain-id 0 --rmw-implementation rmw_fastrtps_cpp"
2026-09-08T15:25:25Z,122,"slam15m_noise_n015_lifelong",111200,"python3",4.7,72072,49146,"python3 /oomwoo/contributions/compute-benchmark/OsakaTX/scripts/synthetic_scan_publisher.py --duration 505 --loop-s 40 --hz 5.0 --room-half 7.5 --noise 0.15"
2026-09-08T15:25:25Z,122,"slam15m_noise_n015_lifelong",111216,"ros2",0.6,74420,51356,"/usr/bin/python3 /opt/ros/jazzy/bin/ros2 launch /oomwoo/contributions/compute-benchmark/OsakaTX/scripts/lifelong_launch.py slam_params_file:=/oomwoo/contributions/compute-benchmark/OsakaTX/scripts/lifelong_slam_params.yaml use_sim_time:=False autostart:=true"
2026-09-08T15:25:25Z,122,"slam15m_noise_n015_lifelong",111233,"lifelong_slam_t",124,67380,53400,"/opt/ros/jazzy/lib/slam_toolbox/lifelong_slam_toolbox_node --ros-args -r __node:=slam_toolbox -r __ns:=/ --params-file /oomwoo/contributions/compute-benchmark/OsakaTX/scripts/lifelong_slam_params.yaml --params-file /tmp/launch_params_5ttjel40"
2026-09-08T15:25:25Z,122,"slam15m_noise_n015_lifelong",111267,"bash",0.3,4312,1116,"bash /oomwoo/contributions/compute-benchmark/xbattlax/scripts/measure_ros_processes.sh --pattern python3|lifelong_slam_toolbox_node --duration 470 --interval 2 --label slam15m_noise_n015_lifelong --output /oomwoo/contributions/compute-benchmark/OsakaTX/scripts/../results/slam15m_noise_n015_lifelong_20260908T152053Z.csv"
2026-09-08T15:25:25Z,122,"slam15m_noise_n015_lifelong",191,"python3",0.1,69864,46867,"/usr/bin/python3 -c from ros2cli.daemon.daemonize import main; main() --name ros2-daemon --ros-domain-id 0 --rmw-implementation rmw_fastrtps_cpp"
2026-09-08T15:25:27Z,123,"slam15m_noise_n015_lifelong",111200,"python3",4.7,72072,49139,"python3 /oomwoo/contributions/compute-benchmark/OsakaTX/scripts/synthetic_scan_publisher.py --duration 505 --loop-s 40 --hz 5.0 --room-half 7.5 --noise 0.15"
2026-09-08T15:25:27Z,123,"slam15m_noise_n015_lifelong",111216,"ros2",0.6,74420,51356,"/usr/bin/python3 /opt/ros/jazzy/bin/ros2 launch /oomwoo/contributions/compute-benchmark/OsakaTX/scripts/lifelong_launch.py slam_params_file:=/oomwoo/contributions/compute-benchmark/OsakaTX/scripts/lifelong_slam_params.yaml use_sim_time:=False autostart:=true"
2026-09-08T15:25:27Z,123,"slam15m_noise_n015_lifelong",111233,"lifelong_slam_t",124,67460,53480,"/opt/ros/jazzy/lib/slam_toolbox/lifelong_slam_toolbox_node --ros-args -r __node:=slam_toolbox -r __ns:=/ --params-file /oomwoo/contributions/compute-benchmark/OsakaTX/scripts/lifelong_slam_params.yaml --params-file /tmp/launch_params_5ttjel40"
2026-09-08T15:25:27Z,123,"slam15m_noise_n015_lifelong",111267,"bash",0.3,4312,1118,"bash /oomwoo/contributions/compute-benchmark/xbattlax/scripts/measure_ros_processes.sh --pattern python3|lifelong_slam_toolbox_node --duration 470 --interval 2 --label slam15m_noise_n015_lifelong --output /oomwoo/contributions/compute-benchmark/OsakaTX/scripts/../results/slam15m_noise_n015_lifelong_20260908T152053Z.csv"
2026-09-08T15:25:27Z,123,"slam15m_noise_n015_lifelong",191,"python3",0.1,69864,46869,"/usr/bin/python3 -c from ros2cli.daemon.daemonize import main; main() --name ros2-daemon --ros-domain-id 0 --rmw-implementation rmw_fastrtps_cpp"
2026-09-08T15:25:29Z,124,"slam15m_noise_n015_lifelong",111200,"python3",4.7,72072,49146,"python3 /oomwoo/contributions/compute-benchmark/OsakaTX/scripts/synthetic_scan_publisher.py --duration 505 --loop-s 40 --hz 5.0 --room-half 7.5 --noise 0.15"
2026-09-08T15:25:29Z,124,"slam15m_noise_n015_lifelong",111216,"ros2",0.6,74420,51353,"/usr/bin/python3 /opt/ros/jazzy/bin/ros2 launch /oomwoo/contributions/compute-benchmark/OsakaTX/scripts/lifelong_launch.py slam_params_file:=/oomwoo/contributions/compute-benchmark/OsakaTX/scripts/lifelong_slam_params.yaml use_sim_time:=False autostart:=true"
2026-09-08T15:25:29Z,124,"slam15m_noise_n015_lifelong",111233,"lifelong_slam_t",124,67460,53479,"/opt/ros/jazzy/lib/slam_toolbox/lifelong_slam_toolbox_node --ros-args -r __node:=slam_toolbox -r __ns:=/ --params-file /oomwoo/contributions/compute-benchmark/OsakaTX/scripts/lifelong_slam_params.yaml --params-file /tmp/launch_params_5ttjel40"
2026-09-08T15:25:29Z,124,"slam15m_noise_n015_lifelong",111267,"bash",0.3,4312,1118,"bash /oomwoo/contributions/compute-benchmark/xbattlax/scripts/measure_ros_processes.sh --pattern python3|lifelong_slam_toolbox_node --duration 470 --interval 2 --label slam15m_noise_n015_lifelong --output /oomwoo/contributions/compute-benchmark/OsakaTX/scripts/../results/slam15m_noise_n015_lifelong_20260908T152053Z.csv"
2026-09-08T15:25:29Z,124,"slam15m_noise_n015_lifelong",191,"python3",0.1,69864,46867,"/usr/bin/python3 -c from ros2cli.daemon.daemonize import main; main() --name ros2-daemon --ros-domain-id 0 --rmw-implementation rmw_fastrtps_cpp"
2026-09-08T15:25:31Z,125,"slam15m_noise_n015_lifelong",111200,"python3",4.7,72072,49147,"python3 /oomwoo/contributions/compute-benchmark/OsakaTX/scripts/synthetic_scan_publisher.py --duration 505 --loop-s 40 --hz 5.0 --room-half 7.5 --noise 0.15"
2026-09-08T15:25:31Z,125,"slam15m_noise_n015_lifelong",111216,"ros2",0.6,74420,51353,"/usr/bin/python3 /opt/ros/jazzy/bin/ros2 launch /oomwoo/contributions/compute-benchmark/OsakaTX/scripts/lifelong_launch.py slam_params_file:=/oomwoo/contributions/compute-benchmark/OsakaTX/scripts/lifelong_slam_params.yaml use_sim_time:=False autostart:=true"
2026-09-08T15:25:31Z,125,"slam15m_noise_n015_lifelong",111233,"lifelong_slam_t",125,67468,53486,"/opt/ros/jazzy/lib/slam_toolbox/lifelong_slam_toolbox_node --ros-args -r __node:=slam_toolbox -r __ns:=/ --params-file /oomwoo/contributions/compute-benchmark/OsakaTX/scripts/lifelong_slam_params.yaml --params-file /tmp/launch_params_5ttjel40"
2026-09-08T15:25:31Z,125,"slam15m_noise_n015_lifelong",111267,"bash",0.3,4312,1114,"bash /oomwoo/contributions/compute-benchmark/xbattlax/scripts/measure_ros_processes.sh --pattern python3|lifelong_slam_toolbox_node --duration 470 --interval 2 --label slam15m_noise_n015_lifelong --output /oomwoo/contributions/compute-benchmark/OsakaTX/scripts/../results/slam15m_noise_n015_lifelong_20260908T152053Z.csv"
2026-09-08T15:25:31Z,125,"slam15m_noise_n015_lifelong",191,"python3",0.1,69864,46867,"/usr/bin/python3 -c from ros2cli.daemon.daemonize import main; main() --name ros2-daemon --ros-domain-id 0 --rmw-implementation rmw_fastrtps_cpp"
2026-09-08T15:25:33Z,126,"slam15m_noise_n015_lifelong",111200,"python3",4.7,72072,49143,"python3 /oomwoo/contributions/compute-benchmark/OsakaTX/scripts/synthetic_scan_publisher.py --duration 505 --loop-s 40 --hz 5.0 --room-half 7.5 --noise 0.15"
2026-09-08T15:25:33Z,126,"slam15m_noise_n015_lifelong",111216,"ros2",0.6,74420,51355,"/usr/bin/python3 /opt/ros/jazzy/bin/ros2 launch /oomwoo/contributions/compute-benchmark/OsakaTX/scripts/lifelong_launch.py slam_params_file:=/oomwoo/contributions/compute-benchmark/OsakaTX/scripts/lifelong_slam_params.yaml use_sim_time:=False autostart:=true"
2026-09-08T15:25:33Z,126,"slam15m_noise_n015_lifelong",111233,"lifelong_slam_t",125,67468,53489,"/opt/ros/jazzy/lib/slam_toolbox/lifelong_slam_toolbox_node --ros-args -r __node:=slam_toolbox -r __ns:=/ --params-file /oomwoo/contributions/compute-benchmark/OsakaTX/scripts/lifelong_slam_params.yaml --params-file /tmp/launch_params_5ttjel40"
2026-09-08T15:25:33Z,126,"slam15m_noise_n015_lifelong",111267,"bash",0.3,4312,1114,"bash /oomwoo/contributions/compute-benchmark/xbattlax/scripts/measure_ros_processes.sh --pattern python3|lifelong_slam_toolbox_node --duration 470 --interval 2 --label slam15m_noise_n015_lifelong --output /oomwoo/contributions/compute-benchmark/OsakaTX/scripts/../results/slam15m_noise_n015_lifelong_20260908T152053Z.csv"
2026-09-08T15:25:33Z,126,"slam15m_noise_n015_lifelong",191,"python3",0.1,69864,46867,"/usr/bin/python3 -c from ros2cli.daemon.daemonize import main; main() --name ros2-daemon --ros-domain-id 0 --rmw-implementation rmw_fastrtps_cpp"
2026-09-08T15:25:35Z,127,"slam15m_noise_n015_lifelong",111200,"python3",4.7,72072,49138,"python3 /oomwoo/contributions/compute-benchmark/OsakaTX/scripts/synthetic_scan_publisher.py --duration 505 --loop-s 40 --hz 5.0 --room-half 7.5 --noise 0.15"
2026-09-08T15:25:35Z,127,"slam15m_noise_n015_lifelong",111216,"ros2",0.6,74420,51354,"/usr/bin/python3 /opt/ros/jazzy/bin/ros2 launch /oomwoo/contributions/compute-benchmark/OsakaTX/scripts/lifelong_launch.py slam_params_file:=/oomwoo/contributions/compute-benchmark/OsakaTX/scripts/lifelong_slam_params.yaml use_sim_time:=False autostart:=true"
2026-09-08T15:25:35Z,127,"slam15m_noise_n015_lifelong",111233,"lifelong_slam_t",125,67468,53486,"/opt/ros/jazzy/lib/slam_toolbox/lifelong_slam_toolbox_node --ros-args -r __node:=slam_toolbox -r __ns:=/ --params-file /oomwoo/contributions/compute-benchmark/OsakaTX/scripts/lifelong_slam_params.yaml --params-file /tmp/launch_params_5ttjel40"
2026-09-08T15:25:35Z,127,"slam15m_noise_n015_lifelong",111267,"bash",0.3,4312,1109,"bash /oomwoo/contributions/compute-benchmark/xbattlax/scripts/measure_ros_processes.sh --pattern python3|lifelong_slam_toolbox_node --duration 470 --interval 2 --label slam15m_noise_n015_lifelong --output /oomwoo/contributions/compute-benchmark/OsakaTX/scripts/../results/slam15m_noise_n015_lifelong_20260908T152053Z.csv"
2026-09-08T15:25:35Z,127,"slam15m_noise_n015_lifelong",191,"python3",0.1,69864,46867,"/usr/bin/python3 -c from ros2cli.daemon.daemonize import main; main() --name ros2-daemon --ros-domain-id 0 --rmw-implementation rmw_fastrtps_cpp"
2026-09-08T15:25:38Z,128,"slam15m_noise_n015_lifelong",111200,"python3",4.7,72072,49146,"python3 /oomwoo/contributions/compute-benchmark/OsakaTX/scripts/synthetic_scan_publisher.py --duration 505 --loop-s 40 --hz 5.0 --room-half 7.5 --noise 0.15"
2026-09-08T15:25:38Z,128,"slam15m_noise_n015_lifelong",111216,"ros2",0.6,74420,51356,"/usr/bin/python3 /opt/ros/jazzy/bin/ros2 launch /oomwoo/contributions/compute-benchmark/OsakaTX/scripts/lifelong_launch.py slam_params_file:=/oomwoo/contributions/compute-benchmark/OsakaTX/scripts/lifelong_slam_params.yaml use_sim_time:=False autostart:=true"
2026-09-08T15:25:38Z,128,"slam15m_noise_n015_lifelong",111233,"lifelong_slam_t",125,67472,53494,"/opt/ros/jazzy/lib/slam_toolbox/lifelong_slam_toolbox_node --ros-args -r __node:=slam_toolbox -r __ns:=/ --params-file /oomwoo/contributions/compute-benchmark/OsakaTX/scripts/lifelong_slam_params.yaml --params-file /tmp/launch_params_5ttjel40"
2026-09-08T15:25:38Z,128,"slam15m_noise_n015_lifelong",111267,"bash",0.3,4312,1118,"bash /oomwoo/contributions/compute-benchmark/xbattlax/scripts/measure_ros_processes.sh --pattern python3|lifelong_slam_toolbox_node --duration 470 --interval 2 --label slam15m_noise_n015_lifelong --output /oomwoo/contributions/compute-benchmark/OsakaTX/scripts/../results/slam15m_noise_n015_lifelong_20260908T152053Z.csv"
2026-09-08T15:25:38Z,128,"slam15m_noise_n015_lifelong",191,"python3",0.1,69864,46865,"/usr/bin/python3 -c from ros2cli.daemon.daemonize import main; main() --name ros2-daemon --ros-domain-id 0 --rmw-implementation rmw_fastrtps_cpp"
2026-09-08T15:25:40Z,129,"slam15m_noise_n015_lifelong",111200,"python3",4.7,72072,49143,"python3 /oomwoo/contributions/compute-benchmark/OsakaTX/scripts/synthetic_scan_publisher.py --duration 505 --loop-s 40 --hz 5.0 --room-half 7.5 --noise 0.15"
2026-09-08T15:25:40Z,129,"slam15m_noise_n015_lifelong",111216,"ros2",0.6,74420,51356,"/usr/bin/python3 /opt/ros/jazzy/bin/ros2 launch /oomwoo/contributions/compute-benchmark/OsakaTX/scripts/lifelong_launch.py slam_params_file:=/oomwoo/contributions/compute-benchmark/OsakaTX/scripts/lifelong_slam_params.yaml use_sim_time:=False autostart:=true"
2026-09-08T15:25:40Z,129,"slam15m_noise_n015_lifelong",111233,"lifelong_slam_t",125,67472,53493,"/opt/ros/jazzy/lib/slam_toolbox/lifelong_slam_toolbox_node --ros-args -r __node:=slam_toolbox -r __ns:=/ --params-file /oomwoo/contributions/compute-benchmark/OsakaTX/scripts/lifelong_slam_params.yaml --params-file /tmp/launch_params_5ttjel40"
2026-09-08T15:25:40Z,129,"slam15m_noise_n015_lifelong",111267,"bash",0.3,4312,1120,"bash /oomwoo/contributions/compute-benchmark/xbattlax/scripts/measure_ros_processes.sh --pattern python3|lifelong_slam_toolbox_node --duration 470 --interval 2 --label slam15m_noise_n015_lifelong --output /oomwoo/contributions/compute-benchmark/OsakaTX/scripts/../results/slam15m_noise_n015_lifelong_20260908T152053Z.csv"
2026-09-08T15:25:40Z,129,"slam15m_noise_n015_lifelong",191,"python3",0.1,69864,46864,"/usr/bin/python3 -c from ros2cli.daemon.daemonize import main; main() --name ros2-daemon --ros-domain-id 0 --rmw-implementation rmw_fastrtps_cpp"
2026-09-08T15:25:42Z,130,"slam15m_noise_n015_lifelong",111200,"python3",4.7,72072,49147,"python3 /oomwoo/contributions/compute-benchmark/OsakaTX/scripts/synthetic_scan_publisher.py --duration 505 --loop-s 40 --hz 5.0 --room-half 7.5 --noise 0.15"
2026-09-08T15:25:42Z,130,"slam15m_noise_n015_lifelong",111216,"ros2",0.6,74420,51355,"/usr/bin/python3 /opt/ros/jazzy/bin/ros2 launch /oomwoo/contributions/compute-benchmark/OsakaTX/scripts/lifelong_launch.py slam_params_file:=/oomwoo/contributions/compute-benchmark/OsakaTX/scripts/lifelong_slam_params.yaml use_sim_time:=False autostart:=true"
2026-09-08T15:25:42Z,130,"slam15m_noise_n015_lifelong",111233,"lifelong_slam_t",125,67472,53490,"/opt/ros/jazzy/lib/slam_toolbox/lifelong_slam_toolbox_node --ros-args -r __node:=slam_toolbox -r __ns:=/ --params-file /oomwoo/contributions/compute-benchmark/OsakaTX/scripts/lifelong_slam_params.yaml --params-file /tmp/launch_params_5ttjel40"
2026-09-08T15:25:42Z,130,"slam15m_noise_n015_lifelong",111267,"bash",0.3,4312,1117,"bash /oomwoo/contributions/compute-benchmark/xbattlax/scripts/measure_ros_processes.sh --pattern python3|lifelong_slam_toolbox_node --duration 470 --interval 2 --label slam15m_noise_n015_lifelong --output /oomwoo/contributions/compute-benchmark/OsakaTX/scripts/../results/slam15m_noise_n015_lifelong_20260908T152053Z.csv"
2026-09-08T15:25:42Z,130,"slam15m_noise_n015_lifelong",191,"python3",0.1,69864,46867,"/usr/bin/python3 -c from ros2cli.daemon.daemonize import main; main() --name ros2-daemon --ros-domain-id 0 --rmw-implementation rmw_fastrtps_cpp"
2026-09-08T15:25:44Z,131,"slam15m_noise_n015_lifelong",111200,"python3",4.7,72072,49146,"python3 /oomwoo/contributions/compute-benchmark/OsakaTX/scripts/synthetic_scan_publisher.py --duration 505 --loop-s 40 --hz 5.0 --room-half 7.5 --noise 0.15"
2026-09-08T15:25:44Z,131,"slam15m_noise_n015_lifelong",111216,"ros2",0.6,74420,51356,"/usr/bin/python3 /opt/ros/jazzy/bin/ros2 launch /oomwoo/contributions/compute-benchmark/OsakaTX/scripts/lifelong_launch.py slam_params_file:=/oomwoo/contributions/compute-benchmark/OsakaTX/scripts/lifelong_slam_params.yaml use_sim_time:=False autostart:=true"
2026-09-08T15:25:44Z,131,"slam15m_noise_n015_lifelong",111233,"lifelong_slam_t",125,67472,53491,"/opt/ros/jazzy/lib/slam_toolbox/lifelong_slam_toolbox_node --ros-args -r __node:=slam_toolbox -r __ns:=/ --params-file /oomwoo/contributions/compute-benchmark/OsakaTX/scripts/lifelong_slam_params.yaml --params-file /tmp/launch_params_5ttjel40"
2026-09-08T15:25:44Z,131,"slam15m_noise_n015_lifelong",111267,"bash",0.3,4312,1114,"bash /oomwoo/contributions/compute-benchmark/xbattlax/scripts/measure_ros_processes.sh --pattern python3|lifelong_slam_toolbox_node --duration 470 --interval 2 --label slam15m_noise_n015_lifelong --output /oomwoo/contributions/compute-benchmark/OsakaTX/scripts/../results/slam15m_noise_n015_lifelong_20260908T152053Z.csv"
2026-09-08T15:25:44Z,131,"slam15m_noise_n015_lifelong",191,"python3",0.1,69864,46867,"/usr/bin/python3 -c from ros2cli.daemon.daemonize import main; main() --name ros2-daemon --ros-domain-id 0 --rmw-implementation rmw_fastrtps_cpp"
2026-09-08T15:25:46Z,132,"slam15m_noise_n015_lifelong",111200,"python3",4.7,72072,49146,"python3 /oomwoo/contributions/compute-benchmark/OsakaTX/scripts/synthetic_scan_publisher.py --duration 505 --loop-s 40 --hz 5.0 --room-half 7.5 --noise 0.15"
2026-09-08T15:25:46Z,132,"slam15m_noise_n015_lifelong",111216,"ros2",0.6,74420,51355,"/usr/bin/python3 /opt/ros/jazzy/bin/ros2 launch /oomwoo/contributions/compute-benchmark/OsakaTX/scripts/lifelong_launch.py slam_params_file:=/oomwoo/contributions/compute-benchmark/OsakaTX/scripts/lifelong_slam_params.yaml use_sim_time:=False autostart:=true"
2026-09-08T15:25:46Z,132,"slam15m_noise_n015_lifelong",111233,"lifelong_slam_t",125,67472,53493,"/opt/ros/jazzy/lib/slam_toolbox/lifelong_slam_toolbox_node --ros-args -r __node:=slam_toolbox -r __ns:=/ --params-file /oomwoo/contributions/compute-benchmark/OsakaTX/scripts/lifelong_slam_params.yaml --params-file /tmp/launch_params_5ttjel40"
2026-09-08T15:25:46Z,132,"slam15m_noise_n015_lifelong",111267,"bash",0.3,4312,1114,"bash /oomwoo/contributions/compute-benchmark/xbattlax/scripts/measure_ros_processes.sh --pattern python3|lifelong_slam_toolbox_node --duration 470 --interval 2 --label slam15m_noise_n015_lifelong --output /oomwoo/contributions/compute-benchmark/OsakaTX/scripts/../results/slam15m_noise_n015_lifelong_20260908T152053Z.csv"
2026-09-08T15:25:46Z,132,"slam15m_noise_n015_lifelong",191,"python3",0.1,69864,46865,"/usr/bin/python3 -c from ros2cli.daemon.daemonize import main; main() --name ros2-daemon --ros-domain-id 0 --rmw-implementation rmw_fastrtps_cpp"
2026-09-08T15:25:48Z,133,"slam15m_noise_n015_lifelong",111200,"python3",4.7,72072,49147,"python3 /oomwoo/contributions/compute-benchmark/OsakaTX/scripts/synthetic_scan_publisher.py --duration 505 --loop-s 40 --hz 5.0 --room-half 7.5 --noise 0.15"
2026-09-08T15:25:48Z,133,"slam15m_noise_n015_lifelong",111216,"ros2",0.6,74420,51355,"/usr/bin/python3 /opt/ros/jazzy/bin/ros2 launch /oomwoo/contributions/compute-benchmark/OsakaTX/scripts/lifelong_launch.py slam_params_file:=/oomwoo/contributions/compute-benchmark/OsakaTX/scripts/lifelong_slam_params.yaml use_sim_time:=False autostart:=true"
2026-09-08T15:25:48Z,133,"slam15m_noise_n015_lifelong",111233,"lifelong_slam_t",125,67472,53490,"/opt/ros/jazzy/lib/slam_toolbox/lifelong_slam_toolbox_node --ros-args -r __node:=slam_toolbox -r __ns:=/ --params-file /oomwoo/contributions/compute-benchmark/OsakaTX/scripts/lifelong_slam_params.yaml --params-file /tmp/launch_params_5ttjel40"
2026-09-08T15:25:48Z,133,"slam15m_noise_n015_lifelong",111267,"bash",0.3,4312,1120,"bash /oomwoo/contributions/compute-benchmark/xbattlax/scripts/measure_ros_processes.sh --pattern python3|lifelong_slam_toolbox_node --duration 470 --interval 2 --label slam15m_noise_n015_lifelong --output /oomwoo/contributions/compute-benchmark/OsakaTX/scripts/../results/slam15m_noise_n015_lifelong_20260908T152053Z.csv"
2026-09-08T15:25:48Z,133,"slam15m_noise_n015_lifelong",191,"python3",0.1,69864,46865,"/usr/bin/python3 -c from ros2cli.daemon.daemonize import main; main() --name ros2-daemon --ros-domain-id 0 --rmw-implementation rmw_fastrtps_cpp"
2026-09-08T15:25:50Z,134,"slam15m_noise_n015_lifelong",111200,"python3",4.7,72072,49141,"python3 /oomwoo/contributions/compute-benchmark/OsakaTX/scripts/synthetic_scan_publisher.py --duration 505 --loop-s 40 --hz 5.0 --room-half 7.5 --noise 0.15"
2026-09-08T15:25:50Z,134,"slam15m_noise_n015_lifelong",111216,"ros2",0.6,74420,51355,"/usr/bin/python3 /opt/ros/jazzy/bin/ros2 launch /oomwoo/contributions/compute-benchmark/OsakaTX/scripts/lifelong_launch.py slam_params_file:=/oomwoo/contributions/compute-benchmark/OsakaTX/scripts/lifelong_slam_params.yaml use_sim_time:=False autostart:=true"
2026-09-08T15:25:50Z,134,"slam15m_noise_n015_lifelong",111233,"lifelong_slam_t",125,67472,53493,"/opt/ros/jazzy/lib/slam_toolbox/lifelong_slam_toolbox_node --ros-args -r __node:=slam_toolbox -r __ns:=/ --params-file /oomwoo/contributions/compute-benchmark/OsakaTX/scripts/lifelong_slam_params.yaml --params-file /tmp/launch_params_5ttjel40"
2026-09-08T15:25:50Z,134,"slam15m_noise_n015_lifelong",111267,"bash",0.3,4312,1112,"bash /oomwoo/contributions/compute-benchmark/xbattlax/scripts/measure_ros_processes.sh --pattern python3|lifelong_slam_toolbox_node --duration 470 --interval 2 --label slam15m_noise_n015_lifelong --output /oomwoo/contributions/compute-benchmark/OsakaTX/scripts/../results/slam15m_noise_n015_lifelong_20260908T152053Z.csv"
2026-09-08T15:25:50Z,134,"slam15m_noise_n015_lifelong",191,"python3",0.1,69864,46867,"/usr/bin/python3 -c from ros2cli.daemon.daemonize import main; main() --name ros2-daemon --ros-domain-id 0 --rmw-implementation rmw_fastrtps_cpp"
2026-09-08T15:25:52Z,135,"slam15m_noise_n015_lifelong",111200,"python3",4.7,72072,49146,"python3 /oomwoo/contributions/compute-benchmark/OsakaTX/scripts/synthetic_scan_publisher.py --duration 505 --loop-s 40 --hz 5.0 --room-half 7.5 --noise 0.15"
2026-09-08T15:25:52Z,135,"slam15m_noise_n015_lifelong",111216,"ros2",0.6,74420,51353,"/usr/bin/python3 /opt/ros/jazzy/bin/ros2 launch /oomwoo/contributions/compute-benchmark/OsakaTX/scripts/lifelong_launch.py slam_params_file:=/oomwoo/contributions/compute-benchmark/OsakaTX/scripts/lifelong_slam_params.yaml use_sim_time:=False autostart:=true"
2026-09-08T15:25:52Z,135,"slam15m_noise_n015_lifelong",111233,"lifelong_slam_t",126,67472,53494,"/opt/ros/jazzy/lib/slam_toolbox/lifelong_slam_toolbox_node --ros-args -r __node:=slam_toolbox -r __ns:=/ --params-file /oomwoo/contributions/compute-benchmark/OsakaTX/scripts/lifelong_slam_params.yaml --params-file /tmp/launch_params_5ttjel40"
2026-09-08T15:25:52Z,135,"slam15m_noise_n015_lifelong",111267,"bash",0.3,4312,1114,"bash /oomwoo/contributions/compute-benchmark/xbattlax/scripts/measure_ros_processes.sh --pattern python3|lifelong_slam_toolbox_node --duration 470 --interval 2 --label slam15m_noise_n015_lifelong --output /oomwoo/contributions/compute-benchmark/OsakaTX/scripts/../results/slam15m_noise_n015_lifelong_20260908T152053Z.csv"
2026-09-08T15:25:52Z,135,"slam15m_noise_n015_lifelong",191,"python3",0.1,69864,46867,"/usr/bin/python3 -c from ros2cli.daemon.daemonize import main; main() --name ros2-daemon --ros-domain-id 0 --rmw-implementation rmw_fastrtps_cpp"
2026-09-08T15:25:55Z,136,"slam15m_noise_n015_lifelong",111200,"python3",4.7,72072,49138,"python3 /oomwoo/contributions/compute-benchmark/OsakaTX/scripts/synthetic_scan_publisher.py --duration 505 --loop-s 40 --hz 5.0 --room-half 7.5 --noise 0.15"
2026-09-08T15:25:55Z,136,"slam15m_noise_n015_lifelong",111216,"ros2",0.6,74420,51354,"/usr/bin/python3 /opt/ros/jazzy/bin/ros2 launch /oomwoo/contributions/compute-benchmark/OsakaTX/scripts/lifelong_launch.py slam_params_file:=/oomwoo/contributions/compute-benchmark/OsakaTX/scripts/lifelong_slam_params.yaml use_sim_time:=False autostart:=true"
2026-09-08T15:25:55Z,136,"slam15m_noise_n015_lifelong",111233,"lifelong_slam_t",126,67472,53494,"/opt/ros/jazzy/lib/slam_toolbox/lifelong_slam_toolbox_node --ros-args -r __node:=slam_toolbox -r __ns:=/ --params-file /oomwoo/contributions/compute-benchmark/OsakaTX/scripts/lifelong_slam_params.yaml --params-file /tmp/launch_params_5ttjel40"
2026-09-08T15:25:55Z,136,"slam15m_noise_n015_lifelong",111267,"bash",0.3,4312,1115,"bash /oomwoo/contributions/compute-benchmark/xbattlax/scripts/measure_ros_processes.sh --pattern python3|lifelong_slam_toolbox_node --duration 470 --interval 2 --label slam15m_noise_n015_lifelong --output /oomwoo/contributions/compute-benchmark/OsakaTX/scripts/../results/slam15m_noise_n015_lifelong_20260908T152053Z.csv"
2026-09-08T15:25:55Z,136,"slam15m_noise_n015_lifelong",191,"python3",0.1,69864,46867,"/usr/bin/python3 -c from ros2cli.daemon.daemonize import main; main() --name ros2-daemon --ros-domain-id 0 --rmw-implementation rmw_fastrtps_cpp"
2026-09-08T15:25:57Z,137,"slam15m_noise_n015_lifelong",111200,"python3",4.7,72072,49137,"python3 /oomwoo/contributions/compute-benchmark/OsakaTX/scripts/synthetic_scan_publisher.py --duration 505 --loop-s 40 --hz 5.0 --room-half 7.5 --noise 0.15"
2026-09-08T15:25:57Z,137,"slam15m_noise_n015_lifelong",111216,"ros2",0.6,74420,51353,"/usr/bin/python3 /opt/ros/jazzy/bin/ros2 launch /oomwoo/contributions/compute-benchmark/OsakaTX/scripts/lifelong_launch.py slam_params_file:=/oomwoo/contributions/compute-benchmark/OsakaTX/scripts/lifelong_slam_params.yaml use_sim_time:=False autostart:=true"
2026-09-08T15:25:57Z,137,"slam15m_noise_n015_lifelong",111233,"lifelong_slam_t",126,67472,53491,"/opt/ros/jazzy/lib/slam_toolbox/lifelong_slam_toolbox_node --ros-args -r __node:=slam_toolbox -r __ns:=/ --params-file /oomwoo/contributions/compute-benchmark/OsakaTX/scripts/lifelong_slam_params.yaml --params-file /tmp/launch_params_5ttjel40"
2026-09-08T15:25:57Z,137,"slam15m_noise_n015_lifelong",111267,"bash",0.3,4312,1110,"bash /oomwoo/contributions/compute-benchmark/xbattlax/scripts/measure_ros_processes.sh --pattern python3|lifelong_slam_toolbox_node --duration 470 --interval 2 --label slam15m_noise_n015_lifelong --output /oomwoo/contributions/compute-benchmark/OsakaTX/scripts/../results/slam15m_noise_n015_lifelong_20260908T152053Z.csv"
2026-09-08T15:25:57Z,137,"slam15m_noise_n015_lifelong",191,"python3",0.1,69864,46865,"/usr/bin/python3 -c from ros2cli.daemon.daemonize import main; main() --name ros2-daemon --ros-domain-id 0 --rmw-implementation rmw_fastrtps_cpp"
2026-09-08T15:25:59Z,138,"slam15m_noise_n015_lifelong",111200,"python3",4.7,72072,49147,"python3 /oomwoo/contributions/compute-benchmark/OsakaTX/scripts/synthetic_scan_publisher.py --duration 505 --loop-s 40 --hz 5.0 --room-half 7.5 --noise 0.15"
2026-09-08T15:25:59Z,138,"slam15m_noise_n015_lifelong",111216,"ros2",0.6,74420,51356,"/usr/bin/python3 /opt/ros/jazzy/bin/ros2 launch /oomwoo/contributions/compute-benchmark/OsakaTX/scripts/lifelong_launch.py slam_params_file:=/oomwoo/contributions/compute-benchmark/OsakaTX/scripts/lifelong_slam_params.yaml use_sim_time:=False autostart:=true"
2026-09-08T15:25:59Z,138,"slam15m_noise_n015_lifelong",111233,"lifelong_slam_t",126,67472,53492,"/opt/ros/jazzy/lib/slam_toolbox/lifelong_slam_toolbox_node --ros-args -r __node:=slam_toolbox -r __ns:=/ --params-file /oomwoo/contributions/compute-benchmark/OsakaTX/scripts/lifelong_slam_params.yaml --params-file /tmp/launch_params_5ttjel40"
2026-09-08T15:25:59Z,138,"slam15m_noise_n015_lifelong",111267,"bash",0.3,4312,1114,"bash /oomwoo/contributions/compute-benchmark/xbattlax/scripts/measure_ros_processes.sh --pattern python3|lifelong_slam_toolbox_node --duration 470 --interval 2 --label slam15m_noise_n015_lifelong --output /oomwoo/contributions/compute-benchmark/OsakaTX/scripts/../results/slam15m_noise_n015_lifelong_20260908T152053Z.csv"
2026-09-08T15:25:59Z,138,"slam15m_noise_n015_lifelong",191,"python3",0.1,69864,46865,"/usr/bin/python3 -c from ros2cli.daemon.daemonize import main; main() --name ros2-daemon --ros-domain-id 0 --rmw-implementation rmw_fastrtps_cpp"
2026-09-08T15:26:01Z,139,"slam15m_noise_n015_lifelong",111200,"python3",4.7,72072,49141,"python3 /oomwoo/contributions/compute-benchmark/OsakaTX/scripts/synthetic_scan_publisher.py --duration 505 --loop-s 40 --hz 5.0 --room-half 7.5 --noise 0.15"
2026-09-08T15:26:01Z,139,"slam15m_noise_n015_lifelong",111216,"ros2",0.6,74420,51355,"/usr/bin/python3 /opt/ros/jazzy/bin/ros2 launch /oomwoo/contributions/compute-benchmark/OsakaTX/scripts/lifelong_launch.py slam_params_file:=/oomwoo/contributions/compute-benchmark/OsakaTX/scripts/lifelong_slam_params.yaml use_sim_time:=False autostart:=true"
2026-09-08T15:26:01Z,139,"slam15m_noise_n015_lifelong",111233,"lifelong_slam_t",126,67472,53492,"/opt/ros/jazzy/lib/slam_toolbox/lifelong_slam_toolbox_node --ros-args -r __node:=slam_toolbox -r __ns:=/ --params-file /oomwoo/contributions/compute-benchmark/OsakaTX/scripts/lifelong_slam_params.yaml --params-file /tmp/launch_params_5ttjel40"
2026-09-08T15:26:01Z,139,"slam15m_noise_n015_lifelong",111267,"bash",0.3,4312,1110,"bash /oomwoo/contributions/compute-benchmark/xbattlax/scripts/measure_ros_processes.sh --pattern python3|lifelong_slam_toolbox_node --duration 470 --interval 2 --label slam15m_noise_n015_lifelong --output /oomwoo/contributions/compute-benchmark/OsakaTX/scripts/../results/slam15m_noise_n015_lifelong_20260908T152053Z.csv"
2026-09-08T15:26:01Z,139,"slam15m_noise_n015_lifelong",191,"python3",0.1,69864,46866,"/usr/bin/python3 -c from ros2cli.daemon.daemonize import main; main() --name ros2-daemon --ros-domain-id 0 --rmw-implementation rmw_fastrtps_cpp"
2026-09-08T15:26:03Z,140,"slam15m_noise_n015_lifelong",111200,"python3",4.7,72072,49145,"python3 /oomwoo/contributions/compute-benchmark/OsakaTX/scripts/synthetic_scan_publisher.py --duration 505 --loop-s 40 --hz 5.0 --room-half 7.5 --noise 0.15"
2026-09-08T15:26:03Z,140,"slam15m_noise_n015_lifelong",111216,"ros2",0.6,74420,51356,"/usr/bin/python3 /opt/ros/jazzy/bin/ros2 launch /oomwoo/contributions/compute-benchmark/OsakaTX/scripts/lifelong_launch.py slam_params_file:=/oomwoo/contributions/compute-benchmark/OsakaTX/scripts/lifelong_slam_params.yaml use_sim_time:=False autostart:=true"
2026-09-08T15:26:03Z,140,"slam15m_noise_n015_lifelong",111233,"lifelong_slam_t",126,67540,53562,"/opt/ros/jazzy/lib/slam_toolbox/lifelong_slam_toolbox_node --ros-args -r __node:=slam_toolbox -r __ns:=/ --params-file /oomwoo/contributions/compute-benchmark/OsakaTX/scripts/lifelong_slam_params.yaml --params-file /tmp/launch_params_5ttjel40"
2026-09-08T15:26:03Z,140,"slam15m_noise_n015_lifelong",111267,"bash",0.3,4312,1120,"bash /oomwoo/contributions/compute-benchmark/xbattlax/scripts/measure_ros_processes.sh --pattern python3|lifelong_slam_toolbox_node --duration 470 --interval 2 --label slam15m_noise_n015_lifelong --output /oomwoo/contributions/compute-benchmark/OsakaTX/scripts/../results/slam15m_noise_n015_lifelong_20260908T152053Z.csv"
2026-09-08T15:26:03Z,140,"slam15m_noise_n015_lifelong",191,"python3",0.1,69864,46868,"/usr/bin/python3 -c from ros2cli.daemon.daemonize import main; main() --name ros2-daemon --ros-domain-id 0 --rmw-implementation rmw_fastrtps_cpp"
2026-09-08T15:26:05Z,141,"slam15m_noise_n015_lifelong",111200,"python3",4.7,72072,49147,"python3 /oomwoo/contributions/compute-benchmark/OsakaTX/scripts/synthetic_scan_publisher.py --duration 505 --loop-s 40 --hz 5.0 --room-half 7.5 --noise 0.15"
2026-09-08T15:26:05Z,141,"slam15m_noise_n015_lifelong",111216,"ros2",0.6,74420,51356,"/usr/bin/python3 /opt/ros/jazzy/bin/ros2 launch /oomwoo/contributions/compute-benchmark/OsakaTX/scripts/lifelong_launch.py slam_params_file:=/oomwoo/contributions/compute-benchmark/OsakaTX/scripts/lifelong_slam_params.yaml use_sim_time:=False autostart:=true"
2026-09-08T15:26:05Z,141,"slam15m_noise_n015_lifelong",111233,"lifelong_slam_t",126,67664,53684,"/opt/ros/jazzy/lib/slam_toolbox/lifelong_slam_toolbox_node --ros-args -r __node:=slam_toolbox -r __ns:=/ --params-file /oomwoo/contributions/compute-benchmark/OsakaTX/scripts/lifelong_slam_params.yaml --params-file /tmp/launch_params_5ttjel40"
2026-09-08T15:26:05Z,141,"slam15m_noise_n015_lifelong",111267,"bash",0.3,4312,1116,"bash /oomwoo/contributions/compute-benchmark/xbattlax/scripts/measure_ros_processes.sh --pattern python3|lifelong_slam_toolbox_node --duration 470 --interval 2 --label slam15m_noise_n015_lifelong --output /oomwoo/contributions/compute-benchmark/OsakaTX/scripts/../results/slam15m_noise_n015_lifelong_20260908T152053Z.csv"
2026-09-08T15:26:05Z,141,"slam15m_noise_n015_lifelong",191,"python3",0.1,69864,46868,"/usr/bin/python3 -c from ros2cli.daemon.daemonize import main; main() --name ros2-daemon --ros-domain-id 0 --rmw-implementation rmw_fastrtps_cpp"
2026-09-08T15:26:08Z,142,"slam15m_noise_n015_lifelong",111200,"python3",4.7,72072,49147,"python3 /oomwoo/contributions/compute-benchmark/OsakaTX/scripts/synthetic_scan_publisher.py --duration 505 --loop-s 40 --hz 5.0 --room-half 7.5 --noise 0.15"
2026-09-08T15:26:08Z,142,"slam15m_noise_n015_lifelong",111216,"ros2",0.6,74420,51354,"/usr/bin/python3 /opt/ros/jazzy/bin/ros2 launch /oomwoo/contributions/compute-benchmark/OsakaTX/scripts/lifelong_launch.py slam_params_file:=/oomwoo/contributions/compute-benchmark/OsakaTX/scripts/lifelong_slam_params.yaml use_sim_time:=False autostart:=true"
2026-09-08T15:26:08Z,142,"slam15m_noise_n015_lifelong",111233,"lifelong_slam_t",127,67664,53682,"/opt/ros/jazzy/lib/slam_toolbox/lifelong_slam_toolbox_node --ros-args -r __node:=slam_toolbox -r __ns:=/ --params-file /oomwoo/contributions/compute-benchmark/OsakaTX/scripts/lifelong_slam_params.yaml --params-file /tmp/launch_params_5ttjel40"
2026-09-08T15:26:08Z,142,"slam15m_noise_n015_lifelong",111267,"bash",0.3,4312,1118,"bash /oomwoo/contributions/compute-benchmark/xbattlax/scripts/measure_ros_processes.sh --pattern python3|lifelong_slam_toolbox_node --duration 470 --interval 2 --label slam15m_noise_n015_lifelong --output /oomwoo/contributions/compute-benchmark/OsakaTX/scripts/../results/slam15m_noise_n015_lifelong_20260908T152053Z.csv"
2026-09-08T15:26:08Z,142,"slam15m_noise_n015_lifelong",191,"python3",0.1,69864,46865,"/usr/bin/python3 -c from ros2cli.daemon.daemonize import main; main() --name ros2-daemon --ros-domain-id 0 --rmw-implementation rmw_fastrtps_cpp"
2026-09-08T15:26:10Z,143,"slam15m_noise_n015_lifelong",111200,"python3",4.7,72072,49145,"python3 /oomwoo/contributions/compute-benchmark/OsakaTX/scripts/synthetic_scan_publisher.py --duration 505 --loop-s 40 --hz 5.0 --room-half 7.5 --noise 0.15"
2026-09-08T15:26:10Z,143,"slam15m_noise_n015_lifelong",111216,"ros2",0.6,74452,51388,"/usr/bin/python3 /opt/ros/jazzy/bin/ros2 launch /oomwoo/contributions/compute-benchmark/OsakaTX/scripts/lifelong_launch.py slam_params_file:=/oomwoo/contributions/compute-benchmark/OsakaTX/scripts/lifelong_slam_params.yaml use_sim_time:=False autostart:=true"
2026-09-08T15:26:10Z,143,"slam15m_noise_n015_lifelong",111233,"lifelong_slam_t",127,67800,53819,"/opt/ros/jazzy/lib/slam_toolbox/lifelong_slam_toolbox_node --ros-args -r __node:=slam_toolbox -r __ns:=/ --params-file /oomwoo/contributions/compute-benchmark/OsakaTX/scripts/lifelong_slam_params.yaml --params-file /tmp/launch_params_5ttjel40"
2026-09-08T15:26:10Z,143,"slam15m_noise_n015_lifelong",111267,"bash",0.3,4312,1112,"bash /oomwoo/contributions/compute-benchmark/xbattlax/scripts/measure_ros_processes.sh --pattern python3|lifelong_slam_toolbox_node --duration 470 --interval 2 --label slam15m_noise_n015_lifelong --output /oomwoo/contributions/compute-benchmark/OsakaTX/scripts/../results/slam15m_noise_n015_lifelong_20260908T152053Z.csv"
2026-09-08T15:26:10Z,143,"slam15m_noise_n015_lifelong",191,"python3",0.1,69864,46869,"/usr/bin/python3 -c from ros2cli.daemon.daemonize import main; main() --name ros2-daemon --ros-domain-id 0 --rmw-implementation rmw_fastrtps_cpp"
2026-09-08T15:26:12Z,144,"slam15m_noise_n015_lifelong",111200,"python3",4.7,72072,49147,"python3 /oomwoo/contributions/compute-benchmark/OsakaTX/scripts/synthetic_scan_publisher.py --duration 505 --loop-s 40 --hz 5.0 --room-half 7.5 --noise 0.15"
2026-09-08T15:26:12Z,144,"slam15m_noise_n015_lifelong",111216,"ros2",0.6,74452,51387,"/usr/bin/python3 /opt/ros/jazzy/bin/ros2 launch /oomwoo/contributions/compute-benchmark/OsakaTX/scripts/lifelong_launch.py slam_params_file:=/oomwoo/contributions/compute-benchmark/OsakaTX/scripts/lifelong_slam_params.yaml use_sim_time:=False autostart:=true"
2026-09-08T15:26:12Z,144,"slam15m_noise_n015_lifelong",111233,"lifelong_slam_t",127,67800,53818,"/opt/ros/jazzy/lib/slam_toolbox/lifelong_slam_toolbox_node --ros-args -r __node:=slam_toolbox -r __ns:=/ --params-file /oomwoo/contributions/compute-benchmark/OsakaTX/scripts/lifelong_slam_params.yaml --params-file /tmp/launch_params_5ttjel40"
2026-09-08T15:26:12Z,144,"slam15m_noise_n015_lifelong",111267,"bash",0.3,4312,1112,"bash /oomwoo/contributions/compute-benchmark/xbattlax/scripts/measure_ros_processes.sh --pattern python3|lifelong_slam_toolbox_node --duration 470 --interval 2 --label slam15m_noise_n015_lifelong --output /oomwoo/contributions/compute-benchmark/OsakaTX/scripts/../results/slam15m_noise_n015_lifelong_20260908T152053Z.csv"
2026-09-08T15:26:12Z,144,"slam15m_noise_n015_lifelong",191,"python3",0.1,69864,46867,"/usr/bin/python3 -c from ros2cli.daemon.daemonize import main; main() --name ros2-daemon --ros-domain-id 0 --rmw-implementation rmw_fastrtps_cpp"
2026-09-08T15:26:14Z,145,"slam15m_noise_n015_lifelong",111200,"python3",4.6,72072,49144,"python3 /oomwoo/contributions/compute-benchmark/OsakaTX/scripts/synthetic_scan_publisher.py --duration 505 --loop-s 40 --hz 5.0 --room-half 7.5 --noise 0.15"
2026-09-08T15:26:14Z,145,"slam15m_noise_n015_lifelong",111216,"ros2",0.6,74452,51388,"/usr/bin/python3 /opt/ros/jazzy/bin/ros2 launch /oomwoo/contributions/compute-benchmark/OsakaTX/scripts/lifelong_launch.py slam_params_file:=/oomwoo/contributions/compute-benchmark/OsakaTX/scripts/lifelong_slam_params.yaml use_sim_time:=False autostart:=true"
2026-09-08T15:26:14Z,145,"slam15m_noise_n015_lifelong",111233,"lifelong_slam_t",127,67800,53818,"/opt/ros/jazzy/lib/slam_toolbox/lifelong_slam_toolbox_node --ros-args -r __node:=slam_toolbox -r __ns:=/ --params-file /oomwoo/contributions/compute-benchmark/OsakaTX/scripts/lifelong_slam_params.yaml --params-file /tmp/launch_params_5ttjel40"
2026-09-08T15:26:14Z,145,"slam15m_noise_n015_lifelong",111267,"bash",0.3,4312,1110,"bash /oomwoo/contributions/compute-benchmark/xbattlax/scripts/measure_ros_processes.sh --pattern python3|lifelong_slam_toolbox_node --duration 470 --interval 2 --label slam15m_noise_n015_lifelong --output /oomwoo/contributions/compute-benchmark/OsakaTX/scripts/../results/slam15m_noise_n015_lifelong_20260908T152053Z.csv"
2026-09-08T15:26:14Z,145,"slam15m_noise_n015_lifelong",191,"python3",0.1,69864,46865,"/usr/bin/python3 -c from ros2cli.daemon.daemonize import main; main() --name ros2-daemon --ros-domain-id 0 --rmw-implementation rmw_fastrtps_cpp"
2026-09-08T15:26:16Z,146,"slam15m_noise_n015_lifelong",111200,"python3",4.7,72072,49146,"python3 /oomwoo/contributions/compute-benchmark/OsakaTX/scripts/synthetic_scan_publisher.py --duration 505 --loop-s 40 --hz 5.0 --room-half 7.5 --noise 0.15"
2026-09-08T15:26:16Z,146,"slam15m_noise_n015_lifelong",111216,"ros2",0.6,74452,51388,"/usr/bin/python3 /opt/ros/jazzy/bin/ros2 launch /oomwoo/contributions/compute-benchmark/OsakaTX/scripts/lifelong_launch.py slam_params_file:=/oomwoo/contributions/compute-benchmark/OsakaTX/scripts/lifelong_slam_params.yaml use_sim_time:=False autostart:=true"
2026-09-08T15:26:16Z,146,"slam15m_noise_n015_lifelong",111233,"lifelong_slam_t",127,67800,53819,"/opt/ros/jazzy/lib/slam_toolbox/lifelong_slam_toolbox_node --ros-args -r __node:=slam_toolbox -r __ns:=/ --params-file /oomwoo/contributions/compute-benchmark/OsakaTX/scripts/lifelong_slam_params.yaml --params-file /tmp/launch_params_5ttjel40"
2026-09-08T15:26:16Z,146,"slam15m_noise_n015_lifelong",111267,"bash",0.3,4312,1113,"bash /oomwoo/contributions/compute-benchmark/xbattlax/scripts/measure_ros_processes.sh --pattern python3|lifelong_slam_toolbox_node --duration 470 --interval 2 --label slam15m_noise_n015_lifelong --output /oomwoo/contributions/compute-benchmark/OsakaTX/scripts/../results/slam15m_noise_n015_lifelong_20260908T152053Z.csv"
2026-09-08T15:26:16Z,146,"slam15m_noise_n015_lifelong",191,"python3",0.1,69864,46866,"/usr/bin/python3 -c from ros2cli.daemon.daemonize import main; main() --name ros2-daemon --ros-domain-id 0 --rmw-implementation rmw_fastrtps_cpp"
2026-09-08T15:26:18Z,147,"slam15m_noise_n015_lifelong",111200,"python3",4.6,72072,49147,"python3 /oomwoo/contributions/compute-benchmark/OsakaTX/scripts/synthetic_scan_publisher.py --duration 505 --loop-s 40 --hz 5.0 --room-half 7.5 --noise 0.15"
2026-09-08T15:26:18Z,147,"slam15m_noise_n015_lifelong",111216,"ros2",0.6,74452,51386,"/usr/bin/python3 /opt/ros/jazzy/bin/ros2 launch /oomwoo/contributions/compute-benchmark/OsakaTX/scripts/lifelong_launch.py slam_params_file:=/oomwoo/contributions/compute-benchmark/OsakaTX/scripts/lifelong_slam_params.yaml use_sim_time:=False autostart:=true"
2026-09-08T15:26:18Z,147,"slam15m_noise_n015_lifelong",111233,"lifelong_slam_t",127,67800,53822,"/opt/ros/jazzy/lib/slam_toolbox/lifelong_slam_toolbox_node --ros-args -r __node:=slam_toolbox -r __ns:=/ --params-file /oomwoo/contributions/compute-benchmark/OsakaTX/scripts/lifelong_slam_params.yaml --params-file /tmp/launch_params_5ttjel40"
2026-09-08T15:26:18Z,147,"slam15m_noise_n015_lifelong",111267,"bash",0.3,4312,1114,"bash /oomwoo/contributions/compute-benchmark/xbattlax/scripts/measure_ros_processes.sh --pattern python3|lifelong_slam_toolbox_node --duration 470 --interval 2 --label slam15m_noise_n015_lifelong --output /oomwoo/contributions/compute-benchmark/OsakaTX/scripts/../results/slam15m_noise_n015_lifelong_20260908T152053Z.csv"
2026-09-08T15:26:18Z,147,"slam15m_noise_n015_lifelong",191,"python3",0.1,69864,46866,"/usr/bin/python3 -c from ros2cli.daemon.daemonize import main; main() --name ros2-daemon --ros-domain-id 0 --rmw-implementation rmw_fastrtps_cpp"
2026-09-08T15:26:20Z,148,"slam15m_noise_n015_lifelong",111200,"python3",4.6,72072,49134,"python3 /oomwoo/contributions/compute-benchmark/OsakaTX/scripts/synthetic_scan_publisher.py --duration 505 --loop-s 40 --hz 5.0 --room-half 7.5 --noise 0.15"
2026-09-08T15:26:20Z,148,"slam15m_noise_n015_lifelong",111216,"ros2",0.6,74452,51386,"/usr/bin/python3 /opt/ros/jazzy/bin/ros2 launch /oomwoo/contributions/compute-benchmark/OsakaTX/scripts/lifelong_launch.py slam_params_file:=/oomwoo/contributions/compute-benchmark/OsakaTX/scripts/lifelong_slam_params.yaml use_sim_time:=False autostart:=true"
2026-09-08T15:26:20Z,148,"slam15m_noise_n015_lifelong",111233,"lifelong_slam_t",127,67800,53818,"/opt/ros/jazzy/lib/slam_toolbox/lifelong_slam_toolbox_node --ros-args -r __node:=slam_toolbox -r __ns:=/ --params-file /oomwoo/contributions/compute-benchmark/OsakaTX/scripts/lifelong_slam_params.yaml --params-file /tmp/launch_params_5ttjel40"
2026-09-08T15:26:20Z,148,"slam15m_noise_n015_lifelong",111267,"bash",0.3,4312,1118,"bash /oomwoo/contributions/compute-benchmark/xbattlax/scripts/measure_ros_processes.sh --pattern python3|lifelong_slam_toolbox_node --duration 470 --interval 2 --label slam15m_noise_n015_lifelong --output /oomwoo/contributions/compute-benchmark/OsakaTX/scripts/../results/slam15m_noise_n015_lifelong_20260908T152053Z.csv"
2026-09-08T15:26:20Z,148,"slam15m_noise_n015_lifelong",191,"python3",0.1,69864,46867,"/usr/bin/python3 -c from ros2cli.daemon.daemonize import main; main() --name ros2-daemon --ros-domain-id 0 --rmw-implementation rmw_fastrtps_cpp"
2026-09-08T15:26:22Z,149,"slam15m_noise_n015_lifelong",111200,"python3",4.7,72072,49146,"python3 /oomwoo/contributions/compute-benchmark/OsakaTX/scripts/synthetic_scan_publisher.py --duration 505 --loop-s 40 --hz 5.0 --room-half 7.5 --noise 0.15"
2026-09-08T15:26:22Z,149,"slam15m_noise_n015_lifelong",111216,"ros2",0.6,74452,51388,"/usr/bin/python3 /opt/ros/jazzy/bin/ros2 launch /oomwoo/contributions/compute-benchmark/OsakaTX/scripts/lifelong_launch.py slam_params_file:=/oomwoo/contributions/compute-benchmark/OsakaTX/scripts/lifelong_slam_params.yaml use_sim_time:=False autostart:=true"
2026-09-08T15:26:22Z,149,"slam15m_noise_n015_lifelong",111233,"lifelong_slam_t",128,67800,53822,"/opt/ros/jazzy/lib/slam_toolbox/lifelong_slam_toolbox_node --ros-args -r __node:=slam_toolbox -r __ns:=/ --params-file /oomwoo/contributions/compute-benchmark/OsakaTX/scripts/lifelong_slam_params.yaml --params-file /tmp/launch_params_5ttjel40"
2026-09-08T15:26:22Z,149,"slam15m_noise_n015_lifelong",111267,"bash",0.3,4312,1117,"bash /oomwoo/contributions/compute-benchmark/xbattlax/scripts/measure_ros_processes.sh --pattern python3|lifelong_slam_toolbox_node --duration 470 --interval 2 --label slam15m_noise_n015_lifelong --output /oomwoo/contributions/compute-benchmark/OsakaTX/scripts/../results/slam15m_noise_n015_lifelong_20260908T152053Z.csv"
2026-09-08T15:26:22Z,149,"slam15m_noise_n015_lifelong",191,"python3",0.1,69864,46865,"/usr/bin/python3 -c from ros2cli.daemon.daemonize import main; main() --name ros2-daemon --ros-domain-id 0 --rmw-implementation rmw_fastrtps_cpp"
2026-09-08T15:26:25Z,150,"slam15m_noise_n015_lifelong",111200,"python3",4.6,72072,49143,"python3 /oomwoo/contributions/compute-benchmark/OsakaTX/scripts/synthetic_scan_publisher.py --duration 505 --loop-s 40 --hz 5.0 --room-half 7.5 --noise 0.15"
2026-09-08T15:26:25Z,150,"slam15m_noise_n015_lifelong",111216,"ros2",0.6,74452,51387,"/usr/bin/python3 /opt/ros/jazzy/bin/ros2 launch /oomwoo/contributions/compute-benchmark/OsakaTX/scripts/lifelong_launch.py slam_params_file:=/oomwoo/contributions/compute-benchmark/OsakaTX/scripts/lifelong_slam_params.yaml use_sim_time:=False autostart:=true"
2026-09-08T15:26:25Z,150,"slam15m_noise_n015_lifelong",111233,"lifelong_slam_t",128,67868,53886,"/opt/ros/jazzy/lib/slam_toolbox/lifelong_slam_toolbox_node --ros-args -r __node:=slam_toolbox -r __ns:=/ --params-file /oomwoo/contributions/compute-benchmark/OsakaTX/scripts/lifelong_slam_params.yaml --params-file /tmp/launch_params_5ttjel40"
2026-09-08T15:26:25Z,150,"slam15m_noise_n015_lifelong",111267,"bash",0.3,4312,1115,"bash /oomwoo/contributions/compute-benchmark/xbattlax/scripts/measure_ros_processes.sh --pattern python3|lifelong_slam_toolbox_node --duration 470 --interval 2 --label slam15m_noise_n015_lifelong --output /oomwoo/contributions/compute-benchmark/OsakaTX/scripts/../results/slam15m_noise_n015_lifelong_20260908T152053Z.csv"
2026-09-08T15:26:25Z,150,"slam15m_noise_n015_lifelong",191,"python3",0.1,69864,46867,"/usr/bin/python3 -c from ros2cli.daemon.daemonize import main; main() --name ros2-daemon --ros-domain-id 0 --rmw-implementation rmw_fastrtps_cpp"
2026-09-08T15:26:27Z,151,"slam15m_noise_n015_lifelong",111200,"python3",4.6,72072,49143,"python3 /oomwoo/contributions/compute-benchmark/OsakaTX/scripts/synthetic_scan_publisher.py --duration 505 --loop-s 40 --hz 5.0 --room-half 7.5 --noise 0.15"
2026-09-08T15:26:27Z,151,"slam15m_noise_n015_lifelong",111216,"ros2",0.6,74452,51387,"/usr/bin/python3 /opt/ros/jazzy/bin/ros2 launch /oomwoo/contributions/compute-benchmark/OsakaTX/scripts/lifelong_launch.py slam_params_file:=/oomwoo/contributions/compute-benchmark/OsakaTX/scripts/lifelong_slam_params.yaml use_sim_time:=False autostart:=true"
2026-09-08T15:26:27Z,151,"slam15m_noise_n015_lifelong",111233,"lifelong_slam_t",128,67952,53971,"/opt/ros/jazzy/lib/slam_toolbox/lifelong_slam_toolbox_node --ros-args -r __node:=slam_toolbox -r __ns:=/ --params-file /oomwoo/contributions/compute-benchmark/OsakaTX/scripts/lifelong_slam_params.yaml --params-file /tmp/launch_params_5ttjel40"
2026-09-08T15:26:27Z,151,"slam15m_noise_n015_lifelong",111267,"bash",0.3,4312,1116,"bash /oomwoo/contributions/compute-benchmark/xbattlax/scripts/measure_ros_processes.sh --pattern python3|lifelong_slam_toolbox_node --duration 470 --interval 2 --label slam15m_noise_n015_lifelong --output /oomwoo/contributions/compute-benchmark/OsakaTX/scripts/../results/slam15m_noise_n015_lifelong_20260908T152053Z.csv"
2026-09-08T15:26:27Z,151,"slam15m_noise_n015_lifelong",191,"python3",0.1,69864,46867,"/usr/bin/python3 -c from ros2cli.daemon.daemonize import main; main() --name ros2-daemon --ros-domain-id 0 --rmw-implementation rmw_fastrtps_cpp"
2026-09-08T15:26:29Z,152,"slam15m_noise_n015_lifelong",111200,"python3",4.6,72072,49146,"python3 /oomwoo/contributions/compute-benchmark/OsakaTX/scripts/synthetic_scan_publisher.py --duration 505 --loop-s 40 --hz 5.0 --room-half 7.5 --noise 0.15"
2026-09-08T15:26:29Z,152,"slam15m_noise_n015_lifelong",111216,"ros2",0.6,74452,51386,"/usr/bin/python3 /opt/ros/jazzy/bin/ros2 launch /oomwoo/contributions/compute-benchmark/OsakaTX/scripts/lifelong_launch.py slam_params_file:=/oomwoo/contributions/compute-benchmark/OsakaTX/scripts/lifelong_slam_params.yaml use_sim_time:=False autostart:=true"
2026-09-08T15:26:29Z,152,"slam15m_noise_n015_lifelong",111233,"lifelong_slam_t",128,67980,54001,"/opt/ros/jazzy/lib/slam_toolbox/lifelong_slam_toolbox_node --ros-args -r __node:=slam_toolbox -r __ns:=/ --params-file /oomwoo/contributions/compute-benchmark/OsakaTX/scripts/lifelong_slam_params.yaml --params-file /tmp/launch_params_5ttjel40"
2026-09-08T15:26:29Z,152,"slam15m_noise_n015_lifelong",111267,"bash",0.3,4312,1116,"bash /oomwoo/contributions/compute-benchmark/xbattlax/scripts/measure_ros_processes.sh --pattern python3|lifelong_slam_toolbox_node --duration 470 --interval 2 --label slam15m_noise_n015_lifelong --output /oomwoo/contributions/compute-benchmark/OsakaTX/scripts/../results/slam15m_noise_n015_lifelong_20260908T152053Z.csv"
2026-09-08T15:26:29Z,152,"slam15m_noise_n015_lifelong",191,"python3",0.1,69864,46867,"/usr/bin/python3 -c from ros2cli.daemon.daemonize import main; main() --name ros2-daemon --ros-domain-id 0 --rmw-implementation rmw_fastrtps_cpp"
2026-09-08T15:26:31Z,153,"slam15m_noise_n015_lifelong",111200,"python3",4.6,72072,49143,"python3 /oomwoo/contributions/compute-benchmark/OsakaTX/scripts/synthetic_scan_publisher.py --duration 505 --loop-s 40 --hz 5.0 --room-half 7.5 --noise 0.15"
2026-09-08T15:26:31Z,153,"slam15m_noise_n015_lifelong",111216,"ros2",0.6,74452,51387,"/usr/bin/python3 /opt/ros/jazzy/bin/ros2 launch /oomwoo/contributions/compute-benchmark/OsakaTX/scripts/lifelong_launch.py slam_params_file:=/oomwoo/contributions/compute-benchmark/OsakaTX/scripts/lifelong_slam_params.yaml use_sim_time:=False autostart:=true"
2026-09-08T15:26:31Z,153,"slam15m_noise_n015_lifelong",111233,"lifelong_slam_t",128,67980,53998,"/opt/ros/jazzy/lib/slam_toolbox/lifelong_slam_toolbox_node --ros-args -r __node:=slam_toolbox -r __ns:=/ --params-file /oomwoo/contributions/compute-benchmark/OsakaTX/scripts/lifelong_slam_params.yaml --params-file /tmp/launch_params_5ttjel40"
2026-09-08T15:26:31Z,153,"slam15m_noise_n015_lifelong",111267,"bash",0.3,4312,1121,"bash /oomwoo/contributions/compute-benchmark/xbattlax/scripts/measure_ros_processes.sh --pattern python3|lifelong_slam_toolbox_node --duration 470 --interval 2 --label slam15m_noise_n015_lifelong --output /oomwoo/contributions/compute-benchmark/OsakaTX/scripts/../results/slam15m_noise_n015_lifelong_20260908T152053Z.csv"
2026-09-08T15:26:31Z,153,"slam15m_noise_n015_lifelong",191,"python3",0.1,69864,46871,"/usr/bin/python3 -c from ros2cli.daemon.daemonize import main; main() --name ros2-daemon --ros-domain-id 0 --rmw-implementation rmw_fastrtps_cpp"
2026-09-08T15:26:33Z,154,"slam15m_noise_n015_lifelong",111200,"python3",4.6,72072,49139,"python3 /oomwoo/contributions/compute-benchmark/OsakaTX/scripts/synthetic_scan_publisher.py --duration 505 --loop-s 40 --hz 5.0 --room-half 7.5 --noise 0.15"
2026-09-08T15:26:33Z,154,"slam15m_noise_n015_lifelong",111216,"ros2",0.6,74452,51386,"/usr/bin/python3 /opt/ros/jazzy/bin/ros2 launch /oomwoo/contributions/compute-benchmark/OsakaTX/scripts/lifelong_launch.py slam_params_file:=/oomwoo/contributions/compute-benchmark/OsakaTX/scripts/lifelong_slam_params.yaml use_sim_time:=False autostart:=true"
2026-09-08T15:26:33Z,154,"slam15m_noise_n015_lifelong",111233,"lifelong_slam_t",128,67980,54002,"/opt/ros/jazzy/lib/slam_toolbox/lifelong_slam_toolbox_node --ros-args -r __node:=slam_toolbox -r __ns:=/ --params-file /oomwoo/contributions/compute-benchmark/OsakaTX/scripts/lifelong_slam_params.yaml --params-file /tmp/launch_params_5ttjel40"
2026-09-08T15:26:33Z,154,"slam15m_noise_n015_lifelong",111267,"bash",0.3,4312,1120,"bash /oomwoo/contributions/compute-benchmark/xbattlax/scripts/measure_ros_processes.sh --pattern python3|lifelong_slam_toolbox_node --duration 470 --interval 2 --label slam15m_noise_n015_lifelong --output /oomwoo/contributions/compute-benchmark/OsakaTX/scripts/../results/slam15m_noise_n015_lifelong_20260908T152053Z.csv"
2026-09-08T15:26:33Z,154,"slam15m_noise_n015_lifelong",191,"python3",0.1,69864,46867,"/usr/bin/python3 -c from ros2cli.daemon.daemonize import main; main() --name ros2-daemon --ros-domain-id 0 --rmw-implementation rmw_fastrtps_cpp"
2026-09-08T15:26:35Z,155,"slam15m_noise_n015_lifelong",111200,"python3",4.6,72072,49146,"python3 /oomwoo/contributions/compute-benchmark/OsakaTX/scripts/synthetic_scan_publisher.py --duration 505 --loop-s 40 --hz 5.0 --room-half 7.5 --noise 0.15"
2026-09-08T15:26:35Z,155,"slam15m_noise_n015_lifelong",111216,"ros2",0.6,74452,51387,"/usr/bin/python3 /opt/ros/jazzy/bin/ros2 launch /oomwoo/contributions/compute-benchmark/OsakaTX/scripts/lifelong_launch.py slam_params_file:=/oomwoo/contributions/compute-benchmark/OsakaTX/scripts/lifelong_slam_params.yaml use_sim_time:=False autostart:=true"
2026-09-08T15:26:35Z,155,"slam15m_noise_n015_lifelong",111233,"lifelong_slam_t",128,67980,54002,"/opt/ros/jazzy/lib/slam_toolbox/lifelong_slam_toolbox_node --ros-args -r __node:=slam_toolbox -r __ns:=/ --params-file /oomwoo/contributions/compute-benchmark/OsakaTX/scripts/lifelong_slam_params.yaml --params-file /tmp/launch_params_5ttjel40"
2026-09-08T15:26:35Z,155,"slam15m_noise_n015_lifelong",111267,"bash",0.3,4312,1115,"bash /oomwoo/contributions/compute-benchmark/xbattlax/scripts/measure_ros_processes.sh --pattern python3|lifelong_slam_toolbox_node --duration 470 --interval 2 --label slam15m_noise_n015_lifelong --output /oomwoo/contributions/compute-benchmark/OsakaTX/scripts/../results/slam15m_noise_n015_lifelong_20260908T152053Z.csv"
2026-09-08T15:26:35Z,155,"slam15m_noise_n015_lifelong",191,"python3",0.1,69864,46866,"/usr/bin/python3 -c from ros2cli.daemon.daemonize import main; main() --name ros2-daemon --ros-domain-id 0 --rmw-implementation rmw_fastrtps_cpp"
2026-09-08T15:26:38Z,156,"slam15m_noise_n015_lifelong",111200,"python3",4.6,72072,49144,"python3 /oomwoo/contributions/compute-benchmark/OsakaTX/scripts/synthetic_scan_publisher.py --duration 505 --loop-s 40 --hz 5.0 --room-half 7.5 --noise 0.15"
2026-09-08T15:26:38Z,156,"slam15m_noise_n015_lifelong",111216,"ros2",0.6,74452,51387,"/usr/bin/python3 /opt/ros/jazzy/bin/ros2 launch /oomwoo/contributions/compute-benchmark/OsakaTX/scripts/lifelong_launch.py slam_params_file:=/oomwoo/contributions/compute-benchmark/OsakaTX/scripts/lifelong_slam_params.yaml use_sim_time:=False autostart:=true"
2026-09-08T15:26:38Z,156,"slam15m_noise_n015_lifelong",111233,"lifelong_slam_t",129,67980,53998,"/opt/ros/jazzy/lib/slam_toolbox/lifelong_slam_toolbox_node --ros-args -r __node:=slam_toolbox -r __ns:=/ --params-file /oomwoo/contributions/compute-benchmark/OsakaTX/scripts/lifelong_slam_params.yaml --params-file /tmp/launch_params_5ttjel40"
2026-09-08T15:26:38Z,156,"slam15m_noise_n015_lifelong",111267,"bash",0.3,4312,1112,"bash /oomwoo/contributions/compute-benchmark/xbattlax/scripts/measure_ros_processes.sh --pattern python3|lifelong_slam_toolbox_node --duration 470 --interval 2 --label slam15m_noise_n015_lifelong --output /oomwoo/contributions/compute-benchmark/OsakaTX/scripts/../results/slam15m_noise_n015_lifelong_20260908T152053Z.csv"
2026-09-08T15:26:38Z,156,"slam15m_noise_n015_lifelong",191,"python3",0.1,69864,46866,"/usr/bin/python3 -c from ros2cli.daemon.daemonize import main; main() --name ros2-daemon --ros-domain-id 0 --rmw-implementation rmw_fastrtps_cpp"
2026-09-08T15:26:40Z,157,"slam15m_noise_n015_lifelong",111200,"python3",4.6,72072,49143,"python3 /oomwoo/contributions/compute-benchmark/OsakaTX/scripts/synthetic_scan_publisher.py --duration 505 --loop-s 40 --hz 5.0 --room-half 7.5 --noise 0.15"
2026-09-08T15:26:40Z,157,"slam15m_noise_n015_lifelong",111216,"ros2",0.6,74452,51387,"/usr/bin/python3 /opt/ros/jazzy/bin/ros2 launch /oomwoo/contributions/compute-benchmark/OsakaTX/scripts/lifelong_launch.py slam_params_file:=/oomwoo/contributions/compute-benchmark/OsakaTX/scripts/lifelong_slam_params.yaml use_sim_time:=False autostart:=true"
2026-09-08T15:26:40Z,157,"slam15m_noise_n015_lifelong",111233,"lifelong_slam_t",129,67980,53999,"/opt/ros/jazzy/lib/slam_toolbox/lifelong_slam_toolbox_node --ros-args -r __node:=slam_toolbox -r __ns:=/ --params-file /oomwoo/contributions/compute-benchmark/OsakaTX/scripts/lifelong_slam_params.yaml --params-file /tmp/launch_params_5ttjel40"
2026-09-08T15:26:40Z,157,"slam15m_noise_n015_lifelong",111267,"bash",0.3,4312,1116,"bash /oomwoo/contributions/compute-benchmark/xbattlax/scripts/measure_ros_processes.sh --pattern python3|lifelong_slam_toolbox_node --duration 470 --interval 2 --label slam15m_noise_n015_lifelong --output /oomwoo/contributions/compute-benchmark/OsakaTX/scripts/../results/slam15m_noise_n015_lifelong_20260908T152053Z.csv"
2026-09-08T15:26:40Z,157,"slam15m_noise_n015_lifelong",191,"python3",0.1,69864,46866,"/usr/bin/python3 -c from ros2cli.daemon.daemonize import main; main() --name ros2-daemon --ros-domain-id 0 --rmw-implementation rmw_fastrtps_cpp"
2026-09-08T15:26:42Z,158,"slam15m_noise_n015_lifelong",111200,"python3",4.6,72072,49147,"python3 /oomwoo/contributions/compute-benchmark/OsakaTX/scripts/synthetic_scan_publisher.py --duration 505 --loop-s 40 --hz 5.0 --room-half 7.5 --noise 0.15"
2026-09-08T15:26:42Z,158,"slam15m_noise_n015_lifelong",111216,"ros2",0.6,74452,51385,"/usr/bin/python3 /opt/ros/jazzy/bin/ros2 launch /oomwoo/contributions/compute-benchmark/OsakaTX/scripts/lifelong_launch.py slam_params_file:=/oomwoo/contributions/compute-benchmark/OsakaTX/scripts/lifelong_slam_params.yaml use_sim_time:=False autostart:=true"
2026-09-08T15:26:42Z,158,"slam15m_noise_n015_lifelong",111233,"lifelong_slam_t",129,67980,53998,"/opt/ros/jazzy/lib/slam_toolbox/lifelong_slam_toolbox_node --ros-args -r __node:=slam_toolbox -r __ns:=/ --params-file /oomwoo/contributions/compute-benchmark/OsakaTX/scripts/lifelong_slam_params.yaml --params-file /tmp/launch_params_5ttjel40"
2026-09-08T15:26:42Z,158,"slam15m_noise_n015_lifelong",111267,"bash",0.3,4312,1119,"bash /oomwoo/contributions/compute-benchmark/xbattlax/scripts/measure_ros_processes.sh --pattern python3|lifelong_slam_toolbox_node --duration 470 --interval 2 --label slam15m_noise_n015_lifelong --output /oomwoo/contributions/compute-benchmark/OsakaTX/scripts/../results/slam15m_noise_n015_lifelong_20260908T152053Z.csv"
2026-09-08T15:26:42Z,158,"slam15m_noise_n015_lifelong",191,"python3",0.1,69864,46866,"/usr/bin/python3 -c from ros2cli.daemon.daemonize import main; main() --name ros2-daemon --ros-domain-id 0 --rmw-implementation rmw_fastrtps_cpp"
2026-09-08T15:26:44Z,159,"slam15m_noise_n015_lifelong",111200,"python3",4.6,72072,49143,"python3 /oomwoo/contributions/compute-benchmark/OsakaTX/scripts/synthetic_scan_publisher.py --duration 505 --loop-s 40 --hz 5.0 --room-half 7.5 --noise 0.15"
2026-09-08T15:26:44Z,159,"slam15m_noise_n015_lifelong",111216,"ros2",0.6,74452,51386,"/usr/bin/python3 /opt/ros/jazzy/bin/ros2 launch /oomwoo/contributions/compute-benchmark/OsakaTX/scripts/lifelong_launch.py slam_params_file:=/oomwoo/contributions/compute-benchmark/OsakaTX/scripts/lifelong_slam_params.yaml use_sim_time:=False autostart:=true"
2026-09-08T15:26:44Z,159,"slam15m_noise_n015_lifelong",111233,"lifelong_slam_t",129,67984,54003,"/opt/ros/jazzy/lib/slam_toolbox/lifelong_slam_toolbox_node --ros-args -r __node:=slam_toolbox -r __ns:=/ --params-file /oomwoo/contributions/compute-benchmark/OsakaTX/scripts/lifelong_slam_params.yaml --params-file /tmp/launch_params_5ttjel40"
2026-09-08T15:26:44Z,159,"slam15m_noise_n015_lifelong",111267,"bash",0.3,4312,1114,"bash /oomwoo/contributions/compute-benchmark/xbattlax/scripts/measure_ros_processes.sh --pattern python3|lifelong_slam_toolbox_node --duration 470 --interval 2 --label slam15m_noise_n015_lifelong --output /oomwoo/contributions/compute-benchmark/OsakaTX/scripts/../results/slam15m_noise_n015_lifelong_20260908T152053Z.csv"
2026-09-08T15:26:44Z,159,"slam15m_noise_n015_lifelong",191,"python3",0.1,69864,46867,"/usr/bin/python3 -c from ros2cli.daemon.daemonize import main; main() --name ros2-daemon --ros-domain-id 0 --rmw-implementation rmw_fastrtps_cpp"
2026-09-08T15:26:46Z,160,"slam15m_noise_n015_lifelong",111200,"python3",4.6,72072,49147,"python3 /oomwoo/contributions/compute-benchmark/OsakaTX/scripts/synthetic_scan_publisher.py --duration 505 --loop-s 40 --hz 5.0 --room-half 7.5 --noise 0.15"
2026-09-08T15:26:46Z,160,"slam15m_noise_n015_lifelong",111216,"ros2",0.6,74452,51387,"/usr/bin/python3 /opt/ros/jazzy/bin/ros2 launch /oomwoo/contributions/compute-benchmark/OsakaTX/scripts/lifelong_launch.py slam_params_file:=/oomwoo/contributions/compute-benchmark/OsakaTX/scripts/lifelong_slam_params.yaml use_sim_time:=False autostart:=true"
2026-09-08T15:26:46Z,160,"slam15m_noise_n015_lifelong",111233,"lifelong_slam_t",129,68052,54071,"/opt/ros/jazzy/lib/slam_toolbox/lifelong_slam_toolbox_node --ros-args -r __node:=slam_toolbox -r __ns:=/ --params-file /oomwoo/contributions/compute-benchmark/OsakaTX/scripts/lifelong_slam_params.yaml --params-file /tmp/launch_params_5ttjel40"
2026-09-08T15:26:46Z,160,"slam15m_noise_n015_lifelong",111267,"bash",0.3,4312,1115,"bash /oomwoo/contributions/compute-benchmark/xbattlax/scripts/measure_ros_processes.sh --pattern python3|lifelong_slam_toolbox_node --duration 470 --interval 2 --label slam15m_noise_n015_lifelong --output /oomwoo/contributions/compute-benchmark/OsakaTX/scripts/../results/slam15m_noise_n015_lifelong_20260908T152053Z.csv"
2026-09-08T15:26:46Z,160,"slam15m_noise_n015_lifelong",191,"python3",0.1,69864,46868,"/usr/bin/python3 -c from ros2cli.daemon.daemonize import main; main() --name ros2-daemon --ros-domain-id 0 --rmw-implementation rmw_fastrtps_cpp"
2026-09-08T15:26:48Z,161,"slam15m_noise_n015_lifelong",111200,"python3",4.6,72072,49143,"python3 /oomwoo/contributions/compute-benchmark/OsakaTX/scripts/synthetic_scan_publisher.py --duration 505 --loop-s 40 --hz 5.0 --room-half 7.5 --noise 0.15"
2026-09-08T15:26:48Z,161,"slam15m_noise_n015_lifelong",111216,"ros2",0.6,74452,51388,"/usr/bin/python3 /opt/ros/jazzy/bin/ros2 launch /oomwoo/contributions/compute-benchmark/OsakaTX/scripts/lifelong_launch.py slam_params_file:=/oomwoo/contributions/compute-benchmark/OsakaTX/scripts/lifelong_slam_params.yaml use_sim_time:=False autostart:=true"
2026-09-08T15:26:48Z,161,"slam15m_noise_n015_lifelong",111233,"lifelong_slam_t",129,68060,54081,"/opt/ros/jazzy/lib/slam_toolbox/lifelong_slam_toolbox_node --ros-args -r __node:=slam_toolbox -r __ns:=/ --params-file /oomwoo/contributions/compute-benchmark/OsakaTX/scripts/lifelong_slam_params.yaml --params-file /tmp/launch_params_5ttjel40"
2026-09-08T15:26:48Z,161,"slam15m_noise_n015_lifelong",111267,"bash",0.3,4312,1115,"bash /oomwoo/contributions/compute-benchmark/xbattlax/scripts/measure_ros_processes.sh --pattern python3|lifelong_slam_toolbox_node --duration 470 --interval 2 --label slam15m_noise_n015_lifelong --output /oomwoo/contributions/compute-benchmark/OsakaTX/scripts/../results/slam15m_noise_n015_lifelong_20260908T152053Z.csv"
2026-09-08T15:26:48Z,161,"slam15m_noise_n015_lifelong",191,"python3",0.1,69864,46867,"/usr/bin/python3 -c from ros2cli.daemon.daemonize import main; main() --name ros2-daemon --ros-domain-id 0 --rmw-implementation rmw_fastrtps_cpp"
2026-09-08T15:26:50Z,162,"slam15m_noise_n015_lifelong",111200,"python3",4.6,72072,49144,"python3 /oomwoo/contributions/compute-benchmark/OsakaTX/scripts/synthetic_scan_publisher.py --duration 505 --loop-s 40 --hz 5.0 --room-half 7.5 --noise 0.15"
2026-09-08T15:26:50Z,162,"slam15m_noise_n015_lifelong",111216,"ros2",0.6,74452,51386,"/usr/bin/python3 /opt/ros/jazzy/bin/ros2 launch /oomwoo/contributions/compute-benchmark/OsakaTX/scripts/lifelong_launch.py slam_params_file:=/oomwoo/contributions/compute-benchmark/OsakaTX/scripts/lifelong_slam_params.yaml use_sim_time:=False autostart:=true"
2026-09-08T15:26:50Z,162,"slam15m_noise_n015_lifelong",111233,"lifelong_slam_t",129,68132,54150,"/opt/ros/jazzy/lib/slam_toolbox/lifelong_slam_toolbox_node --ros-args -r __node:=slam_toolbox -r __ns:=/ --params-file /oomwoo/contributions/compute-benchmark/OsakaTX/scripts/lifelong_slam_params.yaml --params-file /tmp/launch_params_5ttjel40"
2026-09-08T15:26:50Z,162,"slam15m_noise_n015_lifelong",111267,"bash",0.3,4312,1117,"bash /oomwoo/contributions/compute-benchmark/xbattlax/scripts/measure_ros_processes.sh --pattern python3|lifelong_slam_toolbox_node --duration 470 --interval 2 --label slam15m_noise_n015_lifelong --output /oomwoo/contributions/compute-benchmark/OsakaTX/scripts/../results/slam15m_noise_n015_lifelong_20260908T152053Z.csv"
2026-09-08T15:26:50Z,162,"slam15m_noise_n015_lifelong",191,"python3",0.1,69864,46865,"/usr/bin/python3 -c from ros2cli.daemon.daemonize import main; main() --name ros2-daemon --ros-domain-id 0 --rmw-implementation rmw_fastrtps_cpp"
2026-09-08T15:26:52Z,163,"slam15m_noise_n015_lifelong",111200,"python3",4.6,72072,49133,"python3 /oomwoo/contributions/compute-benchmark/OsakaTX/scripts/synthetic_scan_publisher.py --duration 505 --loop-s 40 --hz 5.0 --room-half 7.5 --noise 0.15"
2026-09-08T15:26:52Z,163,"slam15m_noise_n015_lifelong",111216,"ros2",0.6,74452,51387,"/usr/bin/python3 /opt/ros/jazzy/bin/ros2 launch /oomwoo/contributions/compute-benchmark/OsakaTX/scripts/lifelong_launch.py slam_params_file:=/oomwoo/contributions/compute-benchmark/OsakaTX/scripts/lifelong_slam_params.yaml use_sim_time:=False autostart:=true"
2026-09-08T15:26:52Z,163,"slam15m_noise_n015_lifelong",111233,"lifelong_slam_t",129,68132,54153,"/opt/ros/jazzy/lib/slam_toolbox/lifelong_slam_toolbox_node --ros-args -r __node:=slam_toolbox -r __ns:=/ --params-file /oomwoo/contributions/compute-benchmark/OsakaTX/scripts/lifelong_slam_params.yaml --params-file /tmp/launch_params_5ttjel40"
2026-09-08T15:26:52Z,163,"slam15m_noise_n015_lifelong",111267,"bash",0.3,4312,1116,"bash /oomwoo/contributions/compute-benchmark/xbattlax/scripts/measure_ros_processes.sh --pattern python3|lifelong_slam_toolbox_node --duration 470 --interval 2 --label slam15m_noise_n015_lifelong --output /oomwoo/contributions/compute-benchmark/OsakaTX/scripts/../results/slam15m_noise_n015_lifelong_20260908T152053Z.csv"
2026-09-08T15:26:52Z,163,"slam15m_noise_n015_lifelong",191,"python3",0.1,69864,46867,"/usr/bin/python3 -c from ros2cli.daemon.daemonize import main; main() --name ros2-daemon --ros-domain-id 0 --rmw-implementation rmw_fastrtps_cpp"
2026-09-08T15:26:55Z,164,"slam15m_noise_n015_lifelong",111200,"python3",4.6,72072,49143,"python3 /oomwoo/contributions/compute-benchmark/OsakaTX/scripts/synthetic_scan_publisher.py --duration 505 --loop-s 40 --hz 5.0 --room-half 7.5 --noise 0.15"
2026-09-08T15:26:55Z,164,"slam15m_noise_n015_lifelong",111216,"ros2",0.6,74452,51388,"/usr/bin/python3 /opt/ros/jazzy/bin/ros2 launch /oomwoo/contributions/compute-benchmark/OsakaTX/scripts/lifelong_launch.py slam_params_file:=/oomwoo/contributions/compute-benchmark/OsakaTX/scripts/lifelong_slam_params.yaml use_sim_time:=False autostart:=true"
2026-09-08T15:26:55Z,164,"slam15m_noise_n015_lifelong",111233,"lifelong_slam_t",130,68132,54152,"/opt/ros/jazzy/lib/slam_toolbox/lifelong_slam_toolbox_node --ros-args -r __node:=slam_toolbox -r __ns:=/ --params-file /oomwoo/contributions/compute-benchmark/OsakaTX/scripts/lifelong_slam_params.yaml --params-file /tmp/launch_params_5ttjel40"
2026-09-08T15:26:55Z,164,"slam15m_noise_n015_lifelong",111267,"bash",0.3,4312,1116,"bash /oomwoo/contributions/compute-benchmark/xbattlax/scripts/measure_ros_processes.sh --pattern python3|lifelong_slam_toolbox_node --duration 470 --interval 2 --label slam15m_noise_n015_lifelong --output /oomwoo/contributions/compute-benchmark/OsakaTX/scripts/../results/slam15m_noise_n015_lifelong_20260908T152053Z.csv"
2026-09-08T15:26:55Z,164,"slam15m_noise_n015_lifelong",191,"python3",0.1,69864,46864,"/usr/bin/python3 -c from ros2cli.daemon.daemonize import main; main() --name ros2-daemon --ros-domain-id 0 --rmw-implementation rmw_fastrtps_cpp"
2026-09-08T15:26:57Z,165,"slam15m_noise_n015_lifelong",111200,"python3",4.6,72072,49143,"python3 /oomwoo/contributions/compute-benchmark/OsakaTX/scripts/synthetic_scan_publisher.py --duration 505 --loop-s 40 --hz 5.0 --room-half 7.5 --noise 0.15"
2026-09-08T15:26:57Z,165,"slam15m_noise_n015_lifelong",111216,"ros2",0.6,74452,51385,"/usr/bin/python3 /opt/ros/jazzy/bin/ros2 launch /oomwoo/contributions/compute-benchmark/OsakaTX/scripts/lifelong_launch.py slam_params_file:=/oomwoo/contributions/compute-benchmark/OsakaTX/scripts/lifelong_slam_params.yaml use_sim_time:=False autostart:=true"
2026-09-08T15:26:57Z,165,"slam15m_noise_n015_lifelong",111233,"lifelong_slam_t",130,68276,54294,"/opt/ros/jazzy/lib/slam_toolbox/lifelong_slam_toolbox_node --ros-args -r __node:=slam_toolbox -r __ns:=/ --params-file /oomwoo/contributions/compute-benchmark/OsakaTX/scripts/lifelong_slam_params.yaml --params-file /tmp/launch_params_5ttjel40"
2026-09-08T15:26:57Z,165,"slam15m_noise_n015_lifelong",111267,"bash",0.3,4312,1118,"bash /oomwoo/contributions/compute-benchmark/xbattlax/scripts/measure_ros_processes.sh --pattern python3|lifelong_slam_toolbox_node --duration 470 --interval 2 --label slam15m_noise_n015_lifelong --output /oomwoo/contributions/compute-benchmark/OsakaTX/scripts/../results/slam15m_noise_n015_lifelong_20260908T152053Z.csv"
2026-09-08T15:26:57Z,165,"slam15m_noise_n015_lifelong",191,"python3",0.1,69864,46865,"/usr/bin/python3 -c from ros2cli.daemon.daemonize import main; main() --name ros2-daemon --ros-domain-id 0 --rmw-implementation rmw_fastrtps_cpp"
2026-09-08T15:26:59Z,166,"slam15m_noise_n015_lifelong",111200,"python3",4.6,72072,49147,"python3 /oomwoo/contributions/compute-benchmark/OsakaTX/scripts/synthetic_scan_publisher.py --duration 505 --loop-s 40 --hz 5.0 --room-half 7.5 --noise 0.15"
2026-09-08T15:26:59Z,166,"slam15m_noise_n015_lifelong",111216,"ros2",0.6,74452,51387,"/usr/bin/python3 /opt/ros/jazzy/bin/ros2 launch /oomwoo/contributions/compute-benchmark/OsakaTX/scripts/lifelong_launch.py slam_params_file:=/oomwoo/contributions/compute-benchmark/OsakaTX/scripts/lifelong_slam_params.yaml use_sim_time:=False autostart:=true"
2026-09-08T15:26:59Z,166,"slam15m_noise_n015_lifelong",111233,"lifelong_slam_t",130,68276,54295,"/opt/ros/jazzy/lib/slam_toolbox/lifelong_slam_toolbox_node --ros-args -r __node:=slam_toolbox -r __ns:=/ --params-file /oomwoo/contributions/compute-benchmark/OsakaTX/scripts/lifelong_slam_params.yaml --params-file /tmp/launch_params_5ttjel40"
2026-09-08T15:26:59Z,166,"slam15m_noise_n015_lifelong",111267,"bash",0.3,4312,1112,"bash /oomwoo/contributions/compute-benchmark/xbattlax/scripts/measure_ros_processes.sh --pattern python3|lifelong_slam_toolbox_node --duration 470 --interval 2 --label slam15m_noise_n015_lifelong --output /oomwoo/contributions/compute-benchmark/OsakaTX/scripts/../results/slam15m_noise_n015_lifelong_20260908T152053Z.csv"
2026-09-08T15:26:59Z,166,"slam15m_noise_n015_lifelong",191,"python3",0.1,69864,46868,"/usr/bin/python3 -c from ros2cli.daemon.daemonize import main; main() --name ros2-daemon --ros-domain-id 0 --rmw-implementation rmw_fastrtps_cpp"
2026-09-08T15:27:01Z,167,"slam15m_noise_n015_lifelong",111200,"python3",4.6,72072,49138,"python3 /oomwoo/contributions/compute-benchmark/OsakaTX/scripts/synthetic_scan_publisher.py --duration 505 --loop-s 40 --hz 5.0 --room-half 7.5 --noise 0.15"
2026-09-08T15:27:01Z,167,"slam15m_noise_n015_lifelong",111216,"ros2",0.6,74452,51388,"/usr/bin/python3 /opt/ros/jazzy/bin/ros2 launch /oomwoo/contributions/compute-benchmark/OsakaTX/scripts/lifelong_launch.py slam_params_file:=/oomwoo/contributions/compute-benchmark/OsakaTX/scripts/lifelong_slam_params.yaml use_sim_time:=False autostart:=true"
2026-09-08T15:27:01Z,167,"slam15m_noise_n015_lifelong",111233,"lifelong_slam_t",130,68276,54295,"/opt/ros/jazzy/lib/slam_toolbox/lifelong_slam_toolbox_node --ros-args -r __node:=slam_toolbox -r __ns:=/ --params-file /oomwoo/contributions/compute-benchmark/OsakaTX/scripts/lifelong_slam_params.yaml --params-file /tmp/launch_params_5ttjel40"
2026-09-08T15:27:01Z,167,"slam15m_noise_n015_lifelong",111267,"bash",0.3,4312,1117,"bash /oomwoo/contributions/compute-benchmark/xbattlax/scripts/measure_ros_processes.sh --pattern python3|lifelong_slam_toolbox_node --duration 470 --interval 2 --label slam15m_noise_n015_lifelong --output /oomwoo/contributions/compute-benchmark/OsakaTX/scripts/../results/slam15m_noise_n015_lifelong_20260908T152053Z.csv"
2026-09-08T15:27:01Z,167,"slam15m_noise_n015_lifelong",191,"python3",0.1,69864,46865,"/usr/bin/python3 -c from ros2cli.daemon.daemonize import main; main() --name ros2-daemon --ros-domain-id 0 --rmw-implementation rmw_fastrtps_cpp"
2026-09-08T15:27:03Z,168,"slam15m_noise_n015_lifelong",111200,"python3",4.6,72072,49146,"python3 /oomwoo/contributions/compute-benchmark/OsakaTX/scripts/synthetic_scan_publisher.py --duration 505 --loop-s 40 --hz 5.0 --room-half 7.5 --noise 0.15"
2026-09-08T15:27:03Z,168,"slam15m_noise_n015_lifelong",111216,"ros2",0.6,74452,51385,"/usr/bin/python3 /opt/ros/jazzy/bin/ros2 launch /oomwoo/contributions/compute-benchmark/OsakaTX/scripts/lifelong_launch.py slam_params_file:=/oomwoo/contributions/compute-benchmark/OsakaTX/scripts/lifelong_slam_params.yaml use_sim_time:=False autostart:=true"
2026-09-08T15:27:03Z,168,"slam15m_noise_n015_lifelong",111233,"lifelong_slam_t",130,68276,54296,"/opt/ros/jazzy/lib/slam_toolbox/lifelong_slam_toolbox_node --ros-args -r __node:=slam_toolbox -r __ns:=/ --params-file /oomwoo/contributions/compute-benchmark/OsakaTX/scripts/lifelong_slam_params.yaml --params-file /tmp/launch_params_5ttjel40"
2026-09-08T15:27:03Z,168,"slam15m_noise_n015_lifelong",111267,"bash",0.3,4312,1118,"bash /oomwoo/contributions/compute-benchmark/xbattlax/scripts/measure_ros_processes.sh --pattern python3|lifelong_slam_toolbox_node --duration 470 --interval 2 --label slam15m_noise_n015_lifelong --output /oomwoo/contributions/compute-benchmark/OsakaTX/scripts/../results/slam15m_noise_n015_lifelong_20260908T152053Z.csv"
2026-09-08T15:27:03Z,168,"slam15m_noise_n015_lifelong",191,"python3",0.1,69864,46865,"/usr/bin/python3 -c from ros2cli.daemon.daemonize import main; main() --name ros2-daemon --ros-domain-id 0 --rmw-implementation rmw_fastrtps_cpp"
2026-09-08T15:27:05Z,169,"slam15m_noise_n015_lifelong",111200,"python3",4.6,72072,49138,"python3 /oomwoo/contributions/compute-benchmark/OsakaTX/scripts/synthetic_scan_publisher.py --duration 505 --loop-s 40 --hz 5.0 --room-half 7.5 --noise 0.15"
2026-09-08T15:27:05Z,169,"slam15m_noise_n015_lifelong",111216,"ros2",0.6,74452,51386,"/usr/bin/python3 /opt/ros/jazzy/bin/ros2 launch /oomwoo/contributions/compute-benchmark/OsakaTX/scripts/lifelong_launch.py slam_params_file:=/oomwoo/contributions/compute-benchmark/OsakaTX/scripts/lifelong_slam_params.yaml use_sim_time:=False autostart:=true"
2026-09-08T15:27:05Z,169,"slam15m_noise_n015_lifelong",111233,"lifelong_slam_t",130,68276,54294,"/opt/ros/jazzy/lib/slam_toolbox/lifelong_slam_toolbox_node --ros-args -r __node:=slam_toolbox -r __ns:=/ --params-file /oomwoo/contributions/compute-benchmark/OsakaTX/scripts/lifelong_slam_params.yaml --params-file /tmp/launch_params_5ttjel40"
2026-09-08T15:27:05Z,169,"slam15m_noise_n015_lifelong",111267,"bash",0.3,4312,1118,"bash /oomwoo/contributions/compute-benchmark/xbattlax/scripts/measure_ros_processes.sh --pattern python3|lifelong_slam_toolbox_node --duration 470 --interval 2 --label slam15m_noise_n015_lifelong --output /oomwoo/contributions/compute-benchmark/OsakaTX/scripts/../results/slam15m_noise_n015_lifelong_20260908T152053Z.csv"
2026-09-08T15:27:05Z,169,"slam15m_noise_n015_lifelong",191,"python3",0.1,69864,46867,"/usr/bin/python3 -c from ros2cli.daemon.daemonize import main; main() --name ros2-daemon --ros-domain-id 0 --rmw-implementation rmw_fastrtps_cpp"
2026-09-08T15:27:08Z,170,"slam15m_noise_n015_lifelong",111200,"python3",4.6,72072,49142,"python3 /oomwoo/contributions/compute-benchmark/OsakaTX/scripts/synthetic_scan_publisher.py --duration 505 --loop-s 40 --hz 5.0 --room-half 7.5 --noise 0.15"
2026-09-08T15:27:08Z,170,"slam15m_noise_n015_lifelong",111216,"ros2",0.6,74452,51388,"/usr/bin/python3 /opt/ros/jazzy/bin/ros2 launch /oomwoo/contributions/compute-benchmark/OsakaTX/scripts/lifelong_launch.py slam_params_file:=/oomwoo/contributions/compute-benchmark/OsakaTX/scripts/lifelong_slam_params.yaml use_sim_time:=False autostart:=true"
2026-09-08T15:27:08Z,170,"slam15m_noise_n015_lifelong",111233,"lifelong_slam_t",130,68276,54297,"/opt/ros/jazzy/lib/slam_toolbox/lifelong_slam_toolbox_node --ros-args -r __node:=slam_toolbox -r __ns:=/ --params-file /oomwoo/contributions/compute-benchmark/OsakaTX/scripts/lifelong_slam_params.yaml --params-file /tmp/launch_params_5ttjel40"
2026-09-08T15:27:08Z,170,"slam15m_noise_n015_lifelong",111267,"bash",0.3,4312,1116,"bash /oomwoo/contributions/compute-benchmark/xbattlax/scripts/measure_ros_processes.sh --pattern python3|lifelong_slam_toolbox_node --duration 470 --interval 2 --label slam15m_noise_n015_lifelong --output /oomwoo/contributions/compute-benchmark/OsakaTX/scripts/../results/slam15m_noise_n015_lifelong_20260908T152053Z.csv"
2026-09-08T15:27:08Z,170,"slam15m_noise_n015_lifelong",191,"python3",0.1,69864,46867,"/usr/bin/python3 -c from ros2cli.daemon.daemonize import main; main() --name ros2-daemon --ros-domain-id 0 --rmw-implementation rmw_fastrtps_cpp"
2026-09-08T15:27:10Z,171,"slam15m_noise_n015_lifelong",111200,"python3",4.6,72072,49143,"python3 /oomwoo/contributions/compute-benchmark/OsakaTX/scripts/synthetic_scan_publisher.py --duration 505 --loop-s 40 --hz 5.0 --room-half 7.5 --noise 0.15"
2026-09-08T15:27:10Z,171,"slam15m_noise_n015_lifelong",111216,"ros2",0.6,74452,51386,"/usr/bin/python3 /opt/ros/jazzy/bin/ros2 launch /oomwoo/contributions/compute-benchmark/OsakaTX/scripts/lifelong_launch.py slam_params_file:=/oomwoo/contributions/compute-benchmark/OsakaTX/scripts/lifelong_slam_params.yaml use_sim_time:=False autostart:=true"
2026-09-08T15:27:10Z,171,"slam15m_noise_n015_lifelong",111233,"lifelong_slam_t",131,68276,54298,"/opt/ros/jazzy/lib/slam_toolbox/lifelong_slam_toolbox_node --ros-args -r __node:=slam_toolbox -r __ns:=/ --params-file /oomwoo/contributions/compute-benchmark/OsakaTX/scripts/lifelong_slam_params.yaml --params-file /tmp/launch_params_5ttjel40"
2026-09-08T15:27:10Z,171,"slam15m_noise_n015_lifelong",111267,"bash",0.3,4312,1115,"bash /oomwoo/contributions/compute-benchmark/xbattlax/scripts/measure_ros_processes.sh --pattern python3|lifelong_slam_toolbox_node --duration 470 --interval 2 --label slam15m_noise_n015_lifelong --output /oomwoo/contributions/compute-benchmark/OsakaTX/scripts/../results/slam15m_noise_n015_lifelong_20260908T152053Z.csv"
2026-09-08T15:27:10Z,171,"slam15m_noise_n015_lifelong",191,"python3",0.1,69864,46867,"/usr/bin/python3 -c from ros2cli.daemon.daemonize import main; main() --name ros2-daemon --ros-domain-id 0 --rmw-implementation rmw_fastrtps_cpp"
2026-09-08T15:27:12Z,172,"slam15m_noise_n015_lifelong",111200,"python3",4.6,72072,49146,"python3 /oomwoo/contributions/compute-benchmark/OsakaTX/scripts/synthetic_scan_publisher.py --duration 505 --loop-s 40 --hz 5.0 --room-half 7.5 --noise 0.15"
2026-09-08T15:27:12Z,172,"slam15m_noise_n015_lifelong",111216,"ros2",0.6,74452,51385,"/usr/bin/python3 /opt/ros/jazzy/bin/ros2 launch /oomwoo/contributions/compute-benchmark/OsakaTX/scripts/lifelong_launch.py slam_params_file:=/oomwoo/contributions/compute-benchmark/OsakaTX/scripts/lifelong_slam_params.yaml use_sim_time:=False autostart:=true"
2026-09-08T15:27:12Z,172,"slam15m_noise_n015_lifelong",111233,"lifelong_slam_t",131,68348,54366,"/opt/ros/jazzy/lib/slam_toolbox/lifelong_slam_toolbox_node --ros-args -r __node:=slam_toolbox -r __ns:=/ --params-file /oomwoo/contributions/compute-benchmark/OsakaTX/scripts/lifelong_slam_params.yaml --params-file /tmp/launch_params_5ttjel40"
2026-09-08T15:27:12Z,172,"slam15m_noise_n015_lifelong",111267,"bash",0.3,4312,1116,"bash /oomwoo/contributions/compute-benchmark/xbattlax/scripts/measure_ros_processes.sh --pattern python3|lifelong_slam_toolbox_node --duration 470 --interval 2 --label slam15m_noise_n015_lifelong --output /oomwoo/contributions/compute-benchmark/OsakaTX/scripts/../results/slam15m_noise_n015_lifelong_20260908T152053Z.csv"
2026-09-08T15:27:12Z,172,"slam15m_noise_n015_lifelong",191,"python3",0.1,69864,46865,"/usr/bin/python3 -c from ros2cli.daemon.daemonize import main; main() --name ros2-daemon --ros-domain-id 0 --rmw-implementation rmw_fastrtps_cpp"
2026-09-08T15:27:14Z,173,"slam15m_noise_n015_lifelong",111200,"python3",4.6,72072,49142,"python3 /oomwoo/contributions/compute-benchmark/OsakaTX/scripts/synthetic_scan_publisher.py --duration 505 --loop-s 40 --hz 5.0 --room-half 7.5 --noise 0.15"
2026-09-08T15:27:14Z,173,"slam15m_noise_n015_lifelong",111216,"ros2",0.6,74452,51386,"/usr/bin/python3 /opt/ros/jazzy/bin/ros2 launch /oomwoo/contributions/compute-benchmark/OsakaTX/scripts/lifelong_launch.py slam_params_file:=/oomwoo/contributions/compute-benchmark/OsakaTX/scripts/lifelong_slam_params.yaml use_sim_time:=False autostart:=true"
2026-09-08T15:27:14Z,173,"slam15m_noise_n015_lifelong",111233,"lifelong_slam_t",131,68356,54375,"/opt/ros/jazzy/lib/slam_toolbox/lifelong_slam_toolbox_node --ros-args -r __node:=slam_toolbox -r __ns:=/ --params-file /oomwoo/contributions/compute-benchmark/OsakaTX/scripts/lifelong_slam_params.yaml --params-file /tmp/launch_params_5ttjel40"
2026-09-08T15:27:14Z,173,"slam15m_noise_n015_lifelong",111267,"bash",0.3,4312,1118,"bash /oomwoo/contributions/compute-benchmark/xbattlax/scripts/measure_ros_processes.sh --pattern python3|lifelong_slam_toolbox_node --duration 470 --interval 2 --label slam15m_noise_n015_lifelong --output /oomwoo/contributions/compute-benchmark/OsakaTX/scripts/../results/slam15m_noise_n015_lifelong_20260908T152053Z.csv"
2026-09-08T15:27:14Z,173,"slam15m_noise_n015_lifelong",191,"python3",0.1,69864,46865,"/usr/bin/python3 -c from ros2cli.daemon.daemonize import main; main() --name ros2-daemon --ros-domain-id 0 --rmw-implementation rmw_fastrtps_cpp"
2026-09-08T15:27:16Z,174,"slam15m_noise_n015_lifelong",111200,"python3",4.6,72072,49142,"python3 /oomwoo/contributions/compute-benchmark/OsakaTX/scripts/synthetic_scan_publisher.py --duration 505 --loop-s 40 --hz 5.0 --room-half 7.5 --noise 0.15"
2026-09-08T15:27:16Z,174,"slam15m_noise_n015_lifelong",111216,"ros2",0.6,74452,51386,"/usr/bin/python3 /opt/ros/jazzy/bin/ros2 launch /oomwoo/contributions/compute-benchmark/OsakaTX/scripts/lifelong_launch.py slam_params_file:=/oomwoo/contributions/compute-benchmark/OsakaTX/scripts/lifelong_slam_params.yaml use_sim_time:=False autostart:=true"
2026-09-08T15:27:16Z,174,"slam15m_noise_n015_lifelong",111233,"lifelong_slam_t",131,68356,54375,"/opt/ros/jazzy/lib/slam_toolbox/lifelong_slam_toolbox_node --ros-args -r __node:=slam_toolbox -r __ns:=/ --params-file /oomwoo/contributions/compute-benchmark/OsakaTX/scripts/lifelong_slam_params.yaml --params-file /tmp/launch_params_5ttjel40"
2026-09-08T15:27:16Z,174,"slam15m_noise_n015_lifelong",111267,"bash",0.3,4312,1117,"bash /oomwoo/contributions/compute-benchmark/xbattlax/scripts/measure_ros_processes.sh --pattern python3|lifelong_slam_toolbox_node --duration 470 --interval 2 --label slam15m_noise_n015_lifelong --output /oomwoo/contributions/compute-benchmark/OsakaTX/scripts/../results/slam15m_noise_n015_lifelong_20260908T152053Z.csv"
2026-09-08T15:27:16Z,174,"slam15m_noise_n015_lifelong",191,"python3",0.1,69864,46869,"/usr/bin/python3 -c from ros2cli.daemon.daemonize import main; main() --name ros2-daemon --ros-domain-id 0 --rmw-implementation rmw_fastrtps_cpp"
2026-09-08T15:27:18Z,175,"slam15m_noise_n015_lifelong",111200,"python3",4.6,72072,49133,"python3 /oomwoo/contributions/compute-benchmark/OsakaTX/scripts/synthetic_scan_publisher.py --duration 505 --loop-s 40 --hz 5.0 --room-half 7.5 --noise 0.15"
2026-09-08T15:27:18Z,175,"slam15m_noise_n015_lifelong",111216,"ros2",0.6,74452,51387,"/usr/bin/python3 /opt/ros/jazzy/bin/ros2 launch /oomwoo/contributions/compute-benchmark/OsakaTX/scripts/lifelong_launch.py slam_params_file:=/oomwoo/contributions/compute-benchmark/OsakaTX/scripts/lifelong_slam_params.yaml use_sim_time:=False autostart:=true"
2026-09-08T15:27:18Z,175,"slam15m_noise_n015_lifelong",111233,"lifelong_slam_t",131,68448,54470,"/opt/ros/jazzy/lib/slam_toolbox/lifelong_slam_toolbox_node --ros-args -r __node:=slam_toolbox -r __ns:=/ --params-file /oomwoo/contributions/compute-benchmark/OsakaTX/scripts/lifelong_slam_params.yaml --params-file /tmp/launch_params_5ttjel40"
2026-09-08T15:27:18Z,175,"slam15m_noise_n015_lifelong",111267,"bash",0.3,4312,1114,"bash /oomwoo/contributions/compute-benchmark/xbattlax/scripts/measure_ros_processes.sh --pattern python3|lifelong_slam_toolbox_node --duration 470 --interval 2 --label slam15m_noise_n015_lifelong --output /oomwoo/contributions/compute-benchmark/OsakaTX/scripts/../results/slam15m_noise_n015_lifelong_20260908T152053Z.csv"
2026-09-08T15:27:18Z,175,"slam15m_noise_n015_lifelong",191,"python3",0.1,69864,46867,"/usr/bin/python3 -c from ros2cli.daemon.daemonize import main; main() --name ros2-daemon --ros-domain-id 0 --rmw-implementation rmw_fastrtps_cpp"
2026-09-08T15:27:20Z,176,"slam15m_noise_n015_lifelong",111200,"python3",4.6,72072,49137,"python3 /oomwoo/contributions/compute-benchmark/OsakaTX/scripts/synthetic_scan_publisher.py --duration 505 --loop-s 40 --hz 5.0 --room-half 7.5 --noise 0.15"
2026-09-08T15:27:20Z,176,"slam15m_noise_n015_lifelong",111216,"ros2",0.6,74452,51387,"/usr/bin/python3 /opt/ros/jazzy/bin/ros2 launch /oomwoo/contributions/compute-benchmark/OsakaTX/scripts/lifelong_launch.py slam_params_file:=/oomwoo/contributions/compute-benchmark/OsakaTX/scripts/lifelong_slam_params.yaml use_sim_time:=False autostart:=true"
2026-09-08T15:27:20Z,176,"slam15m_noise_n015_lifelong",111233,"lifelong_slam_t",131,68448,54470,"/opt/ros/jazzy/lib/slam_toolbox/lifelong_slam_toolbox_node --ros-args -r __node:=slam_toolbox -r __ns:=/ --params-file /oomwoo/contributions/compute-benchmark/OsakaTX/scripts/lifelong_slam_params.yaml --params-file /tmp/launch_params_5ttjel40"
2026-09-08T15:27:20Z,176,"slam15m_noise_n015_lifelong",111267,"bash",0.3,4312,1117,"bash /oomwoo/contributions/compute-benchmark/xbattlax/scripts/measure_ros_processes.sh --pattern python3|lifelong_slam_toolbox_node --duration 470 --interval 2 --label slam15m_noise_n015_lifelong --output /oomwoo/contributions/compute-benchmark/OsakaTX/scripts/../results/slam15m_noise_n015_lifelong_20260908T152053Z.csv"
2026-09-08T15:27:20Z,176,"slam15m_noise_n015_lifelong",191,"python3",0.1,69864,46869,"/usr/bin/python3 -c from ros2cli.daemon.daemonize import main; main() --name ros2-daemon --ros-domain-id 0 --rmw-implementation rmw_fastrtps_cpp"
2026-09-08T15:27:22Z,177,"slam15m_noise_n015_lifelong",111200,"python3",4.6,72072,49134,"python3 /oomwoo/contributions/compute-benchmark/OsakaTX/scripts/synthetic_scan_publisher.py --duration 505 --loop-s 40 --hz 5.0 --room-half 7.5 --noise 0.15"
2026-09-08T15:27:22Z,177,"slam15m_noise_n015_lifelong",111216,"ros2",0.6,74452,51385,"/usr/bin/python3 /opt/ros/jazzy/bin/ros2 launch /oomwoo/contributions/compute-benchmark/OsakaTX/scripts/lifelong_launch.py slam_params_file:=/oomwoo/contributions/compute-benchmark/OsakaTX/scripts/lifelong_slam_params.yaml use_sim_time:=False autostart:=true"
2026-09-08T15:27:22Z,177,"slam15m_noise_n015_lifelong",111233,"lifelong_slam_t",131,68448,54470,"/opt/ros/jazzy/lib/slam_toolbox/lifelong_slam_toolbox_node --ros-args -r __node:=slam_toolbox -r __ns:=/ --params-file /oomwoo/contributions/compute-benchmark/OsakaTX/scripts/lifelong_slam_params.yaml --params-file /tmp/launch_params_5ttjel40"
2026-09-08T15:27:22Z,177,"slam15m_noise_n015_lifelong",111267,"bash",0.3,4312,1116,"bash /oomwoo/contributions/compute-benchmark/xbattlax/scripts/measure_ros_processes.sh --pattern python3|lifelong_slam_toolbox_node --duration 470 --interval 2 --label slam15m_noise_n015_lifelong --output /oomwoo/contributions/compute-benchmark/OsakaTX/scripts/../results/slam15m_noise_n015_lifelong_20260908T152053Z.csv"
2026-09-08T15:27:22Z,177,"slam15m_noise_n015_lifelong",191,"python3",0.1,69864,46869,"/usr/bin/python3 -c from ros2cli.daemon.daemonize import main; main() --name ros2-daemon --ros-domain-id 0 --rmw-implementation rmw_fastrtps_cpp"
2026-09-08T15:27:25Z,178,"slam15m_noise_n015_lifelong",111200,"python3",4.6,72072,49139,"python3 /oomwoo/contributions/compute-benchmark/OsakaTX/scripts/synthetic_scan_publisher.py --duration 505 --loop-s 40 --hz 5.0 --room-half 7.5 --noise 0.15"
2026-09-08T15:27:25Z,178,"slam15m_noise_n015_lifelong",111216,"ros2",0.5,74452,51388,"/usr/bin/python3 /opt/ros/jazzy/bin/ros2 launch /oomwoo/contributions/compute-benchmark/OsakaTX/scripts/lifelong_launch.py slam_params_file:=/oomwoo/contributions/compute-benchmark/OsakaTX/scripts/lifelong_slam_params.yaml use_sim_time:=False autostart:=true"
2026-09-08T15:27:25Z,178,"slam15m_noise_n015_lifelong",111233,"lifelong_slam_t",131,68448,54466,"/opt/ros/jazzy/lib/slam_toolbox/lifelong_slam_toolbox_node --ros-args -r __node:=slam_toolbox -r __ns:=/ --params-file /oomwoo/contributions/compute-benchmark/OsakaTX/scripts/lifelong_slam_params.yaml --params-file /tmp/launch_params_5ttjel40"
2026-09-08T15:27:25Z,178,"slam15m_noise_n015_lifelong",111267,"bash",0.3,4312,1111,"bash /oomwoo/contributions/compute-benchmark/xbattlax/scripts/measure_ros_processes.sh --pattern python3|lifelong_slam_toolbox_node --duration 470 --interval 2 --label slam15m_noise_n015_lifelong --output /oomwoo/contributions/compute-benchmark/OsakaTX/scripts/../results/slam15m_noise_n015_lifelong_20260908T152053Z.csv"
2026-09-08T15:27:25Z,178,"slam15m_noise_n015_lifelong",191,"python3",0.1,69864,46867,"/usr/bin/python3 -c from ros2cli.daemon.daemonize import main; main() --name ros2-daemon --ros-domain-id 0 --rmw-implementation rmw_fastrtps_cpp"
2026-09-08T15:27:27Z,179,"slam15m_noise_n015_lifelong",111200,"python3",4.6,72072,49139,"python3 /oomwoo/contributions/compute-benchmark/OsakaTX/scripts/synthetic_scan_publisher.py --duration 505 --loop-s 40 --hz 5.0 --room-half 7.5 --noise 0.15"
2026-09-08T15:27:27Z,179,"slam15m_noise_n015_lifelong",111216,"ros2",0.5,74452,51386,"/usr/bin/python3 /opt/ros/jazzy/bin/ros2 launch /oomwoo/contributions/compute-benchmark/OsakaTX/scripts/lifelong_launch.py slam_params_file:=/oomwoo/contributions/compute-benchmark/OsakaTX/scripts/lifelong_slam_params.yaml use_sim_time:=False autostart:=true"
2026-09-08T15:27:27Z,179,"slam15m_noise_n015_lifelong",111233,"lifelong_slam_t",131,68448,54470,"/opt/ros/jazzy/lib/slam_toolbox/lifelong_slam_toolbox_node --ros-args -r __node:=slam_toolbox -r __ns:=/ --params-file /oomwoo/contributions/compute-benchmark/OsakaTX/scripts/lifelong_slam_params.yaml --params-file /tmp/launch_params_5ttjel40"
2026-09-08T15:27:27Z,179,"slam15m_noise_n015_lifelong",111267,"bash",0.3,4312,1117,"bash /oomwoo/contributions/compute-benchmark/xbattlax/scripts/measure_ros_processes.sh --pattern python3|lifelong_slam_toolbox_node --duration 470 --interval 2 --label slam15m_noise_n015_lifelong --output /oomwoo/contributions/compute-benchmark/OsakaTX/scripts/../results/slam15m_noise_n015_lifelong_20260908T152053Z.csv"
2026-09-08T15:27:27Z,179,"slam15m_noise_n015_lifelong",191,"python3",0.1,69864,46867,"/usr/bin/python3 -c from ros2cli.daemon.daemonize import main; main() --name ros2-daemon --ros-domain-id 0 --rmw-implementation rmw_fastrtps_cpp"
2026-09-08T15:27:29Z,180,"slam15m_noise_n015_lifelong",111200,"python3",4.6,72072,49143,"python3 /oomwoo/contributions/compute-benchmark/OsakaTX/scripts/synthetic_scan_publisher.py --duration 505 --loop-s 40 --hz 5.0 --room-half 7.5 --noise 0.15"
2026-09-08T15:27:29Z,180,"slam15m_noise_n015_lifelong",111216,"ros2",0.5,74452,51387,"/usr/bin/python3 /opt/ros/jazzy/bin/ros2 launch /oomwoo/contributions/compute-benchmark/OsakaTX/scripts/lifelong_launch.py slam_params_file:=/oomwoo/contributions/compute-benchmark/OsakaTX/scripts/lifelong_slam_params.yaml use_sim_time:=False autostart:=true"
2026-09-08T15:27:29Z,180,"slam15m_noise_n015_lifelong",111233,"lifelong_slam_t",131,68448,54469,"/opt/ros/jazzy/lib/slam_toolbox/lifelong_slam_toolbox_node --ros-args -r __node:=slam_toolbox -r __ns:=/ --params-file /oomwoo/contributions/compute-benchmark/OsakaTX/scripts/lifelong_slam_params.yaml --params-file /tmp/launch_params_5ttjel40"
2026-09-08T15:27:29Z,180,"slam15m_noise_n015_lifelong",111267,"bash",0.3,4312,1112,"bash /oomwoo/contributions/compute-benchmark/xbattlax/scripts/measure_ros_processes.sh --pattern python3|lifelong_slam_toolbox_node --duration 470 --interval 2 --label slam15m_noise_n015_lifelong --output /oomwoo/contributions/compute-benchmark/OsakaTX/scripts/../results/slam15m_noise_n015_lifelong_20260908T152053Z.csv"
2026-09-08T15:27:29Z,180,"slam15m_noise_n015_lifelong",191,"python3",0.1,69864,46867,"/usr/bin/python3 -c from ros2cli.daemon.daemonize import main; main() --name ros2-daemon --ros-domain-id 0 --rmw-implementation rmw_fastrtps_cpp"
2026-09-08T15:27:31Z,181,"slam15m_noise_n015_lifelong",111200,"python3",4.6,72072,49137,"python3 /oomwoo/contributions/compute-benchmark/OsakaTX/scripts/synthetic_scan_publisher.py --duration 505 --loop-s 40 --hz 5.0 --room-half 7.5 --noise 0.15"
2026-09-08T15:27:31Z,181,"slam15m_noise_n015_lifelong",111216,"ros2",0.5,74452,51387,"/usr/bin/python3 /opt/ros/jazzy/bin/ros2 launch /oomwoo/contributions/compute-benchmark/OsakaTX/scripts/lifelong_launch.py slam_params_file:=/oomwoo/contributions/compute-benchmark/OsakaTX/scripts/lifelong_slam_params.yaml use_sim_time:=False autostart:=true"
2026-09-08T15:27:31Z,181,"slam15m_noise_n015_lifelong",111233,"lifelong_slam_t",132,68448,54467,"/opt/ros/jazzy/lib/slam_toolbox/lifelong_slam_toolbox_node --ros-args -r __node:=slam_toolbox -r __ns:=/ --params-file /oomwoo/contributions/compute-benchmark/OsakaTX/scripts/lifelong_slam_params.yaml --params-file /tmp/launch_params_5ttjel40"
2026-09-08T15:27:31Z,181,"slam15m_noise_n015_lifelong",111267,"bash",0.3,4312,1115,"bash /oomwoo/contributions/compute-benchmark/xbattlax/scripts/measure_ros_processes.sh --pattern python3|lifelong_slam_toolbox_node --duration 470 --interval 2 --label slam15m_noise_n015_lifelong --output /oomwoo/contributions/compute-benchmark/OsakaTX/scripts/../results/slam15m_noise_n015_lifelong_20260908T152053Z.csv"
2026-09-08T15:27:31Z,181,"slam15m_noise_n015_lifelong",191,"python3",0.1,69864,46867,"/usr/bin/python3 -c from ros2cli.daemon.daemonize import main; main() --name ros2-daemon --ros-domain-id 0 --rmw-implementation rmw_fastrtps_cpp"
2026-09-08T15:27:33Z,182,"slam15m_noise_n015_lifelong",111200,"python3",4.6,72072,49138,"python3 /oomwoo/contributions/compute-benchmark/OsakaTX/scripts/synthetic_scan_publisher.py --duration 505 --loop-s 40 --hz 5.0 --room-half 7.5 --noise 0.15"
2026-09-08T15:27:33Z,182,"slam15m_noise_n015_lifelong",111216,"ros2",0.5,74452,51388,"/usr/bin/python3 /opt/ros/jazzy/bin/ros2 launch /oomwoo/contributions/compute-benchmark/OsakaTX/scripts/lifelong_launch.py slam_params_file:=/oomwoo/contributions/compute-benchmark/OsakaTX/scripts/lifelong_slam_params.yaml use_sim_time:=False autostart:=true"
2026-09-08T15:27:33Z,182,"slam15m_noise_n015_lifelong",111233,"lifelong_slam_t",132,68548,54566,"/opt/ros/jazzy/lib/slam_toolbox/lifelong_slam_toolbox_node --ros-args -r __node:=slam_toolbox -r __ns:=/ --params-file /oomwoo/contributions/compute-benchmark/OsakaTX/scripts/lifelong_slam_params.yaml --params-file /tmp/launch_params_5ttjel40"
2026-09-08T15:27:33Z,182,"slam15m_noise_n015_lifelong",111267,"bash",0.3,4312,1120,"bash /oomwoo/contributions/compute-benchmark/xbattlax/scripts/measure_ros_processes.sh --pattern python3|lifelong_slam_toolbox_node --duration 470 --interval 2 --label slam15m_noise_n015_lifelong --output /oomwoo/contributions/compute-benchmark/OsakaTX/scripts/../results/slam15m_noise_n015_lifelong_20260908T152053Z.csv"
2026-09-08T15:27:33Z,182,"slam15m_noise_n015_lifelong",191,"python3",0.1,69864,46864,"/usr/bin/python3 -c from ros2cli.daemon.daemonize import main; main() --name ros2-daemon --ros-domain-id 0 --rmw-implementation rmw_fastrtps_cpp"
2026-09-08T15:27:35Z,183,"slam15m_noise_n015_lifelong",111200,"python3",4.6,72072,49147,"python3 /oomwoo/contributions/compute-benchmark/OsakaTX/scripts/synthetic_scan_publisher.py --duration 505 --loop-s 40 --hz 5.0 --room-half 7.5 --noise 0.15"
2026-09-08T15:27:35Z,183,"slam15m_noise_n015_lifelong",111216,"ros2",0.5,74452,51386,"/usr/bin/python3 /opt/ros/jazzy/bin/ros2 launch /oomwoo/contributions/compute-benchmark/OsakaTX/scripts/lifelong_launch.py slam_params_file:=/oomwoo/contributions/compute-benchmark/OsakaTX/scripts/lifelong_slam_params.yaml use_sim_time:=False autostart:=true"
2026-09-08T15:27:35Z,183,"slam15m_noise_n015_lifelong",111233,"lifelong_slam_t",132,68644,54666,"/opt/ros/jazzy/lib/slam_toolbox/lifelong_slam_toolbox_node --ros-args -r __node:=slam_toolbox -r __ns:=/ --params-file /oomwoo/contributions/compute-benchmark/OsakaTX/scripts/lifelong_slam_params.yaml --params-file /tmp/launch_params_5ttjel40"
2026-09-08T15:27:35Z,183,"slam15m_noise_n015_lifelong",111267,"bash",0.3,4312,1113,"bash /oomwoo/contributions/compute-benchmark/xbattlax/scripts/measure_ros_processes.sh --pattern python3|lifelong_slam_toolbox_node --duration 470 --interval 2 --label slam15m_noise_n015_lifelong --output /oomwoo/contributions/compute-benchmark/OsakaTX/scripts/../results/slam15m_noise_n015_lifelong_20260908T152053Z.csv"
2026-09-08T15:27:35Z,183,"slam15m_noise_n015_lifelong",191,"python3",0.1,69864,46867,"/usr/bin/python3 -c from ros2cli.daemon.daemonize import main; main() --name ros2-daemon --ros-domain-id 0 --rmw-implementation rmw_fastrtps_cpp"
2026-09-08T15:27:37Z,184,"slam15m_noise_n015_lifelong",111200,"python3",4.6,72072,49141,"python3 /oomwoo/contributions/compute-benchmark/OsakaTX/scripts/synthetic_scan_publisher.py --duration 505 --loop-s 40 --hz 5.0 --room-half 7.5 --noise 0.15"
2026-09-08T15:27:37Z,184,"slam15m_noise_n015_lifelong",111216,"ros2",0.5,74452,51388,"/usr/bin/python3 /opt/ros/jazzy/bin/ros2 launch /oomwoo/contributions/compute-benchmark/OsakaTX/scripts/lifelong_launch.py slam_params_file:=/oomwoo/contributions/compute-benchmark/OsakaTX/scripts/lifelong_slam_params.yaml use_sim_time:=False autostart:=true"
2026-09-08T15:27:37Z,184,"slam15m_noise_n015_lifelong",111233,"lifelong_slam_t",132,68644,54665,"/opt/ros/jazzy/lib/slam_toolbox/lifelong_slam_toolbox_node --ros-args -r __node:=slam_toolbox -r __ns:=/ --params-file /oomwoo/contributions/compute-benchmark/OsakaTX/scripts/lifelong_slam_params.yaml --params-file /tmp/launch_params_5ttjel40"
2026-09-08T15:27:37Z,184,"slam15m_noise_n015_lifelong",111267,"bash",0.3,4312,1120,"bash /oomwoo/contributions/compute-benchmark/xbattlax/scripts/measure_ros_processes.sh --pattern python3|lifelong_slam_toolbox_node --duration 470 --interval 2 --label slam15m_noise_n015_lifelong --output /oomwoo/contributions/compute-benchmark/OsakaTX/scripts/../results/slam15m_noise_n015_lifelong_20260908T152053Z.csv"
2026-09-08T15:27:37Z,184,"slam15m_noise_n015_lifelong",191,"python3",0.1,69864,46867,"/usr/bin/python3 -c from ros2cli.daemon.daemonize import main; main() --name ros2-daemon --ros-domain-id 0 --rmw-implementation rmw_fastrtps_cpp"
2026-09-08T15:27:40Z,185,"slam15m_noise_n015_lifelong",111200,"python3",4.6,72072,49142,"python3 /oomwoo/contributions/compute-benchmark/OsakaTX/scripts/synthetic_scan_publisher.py --duration 505 --loop-s 40 --hz 5.0 --room-half 7.5 --noise 0.15"
2026-09-08T15:27:40Z,185,"slam15m_noise_n015_lifelong",111216,"ros2",0.5,74452,51386,"/usr/bin/python3 /opt/ros/jazzy/bin/ros2 launch /oomwoo/contributions/compute-benchmark/OsakaTX/scripts/lifelong_launch.py slam_params_file:=/oomwoo/contributions/compute-benchmark/OsakaTX/scripts/lifelong_slam_params.yaml use_sim_time:=False autostart:=true"
2026-09-08T15:27:40Z,185,"slam15m_noise_n015_lifelong",111233,"lifelong_slam_t",132,68644,54665,"/opt/ros/jazzy/lib/slam_toolbox/lifelong_slam_toolbox_node --ros-args -r __node:=slam_toolbox -r __ns:=/ --params-file /oomwoo/contributions/compute-benchmark/OsakaTX/scripts/lifelong_slam_params.yaml --params-file /tmp/launch_params_5ttjel40"
2026-09-08T15:27:40Z,185,"slam15m_noise_n015_lifelong",111267,"bash",0.3,4312,1112,"bash /oomwoo/contributions/compute-benchmark/xbattlax/scripts/measure_ros_processes.sh --pattern python3|lifelong_slam_toolbox_node --duration 470 --interval 2 --label slam15m_noise_n015_lifelong --output /oomwoo/contributions/compute-benchmark/OsakaTX/scripts/../results/slam15m_noise_n015_lifelong_20260908T152053Z.csv"
2026-09-08T15:27:40Z,185,"slam15m_noise_n015_lifelong",191,"python3",0.1,69864,46866,"/usr/bin/python3 -c from ros2cli.daemon.daemonize import main; main() --name ros2-daemon --ros-domain-id 0 --rmw-implementation rmw_fastrtps_cpp"
2026-09-08T15:27:42Z,186,"slam15m_noise_n015_lifelong",111200,"python3",4.6,72072,49134,"python3 /oomwoo/contributions/compute-benchmark/OsakaTX/scripts/synthetic_scan_publisher.py --duration 505 --loop-s 40 --hz 5.0 --room-half 7.5 --noise 0.15"
2026-09-08T15:27:42Z,186,"slam15m_noise_n015_lifelong",111216,"ros2",0.5,74452,51390,"/usr/bin/python3 /opt/ros/jazzy/bin/ros2 launch /oomwoo/contributions/compute-benchmark/OsakaTX/scripts/lifelong_launch.py slam_params_file:=/oomwoo/contributions/compute-benchmark/OsakaTX/scripts/lifelong_slam_params.yaml use_sim_time:=False autostart:=true"
2026-09-08T15:27:42Z,186,"slam15m_noise_n015_lifelong",111233,"lifelong_slam_t",132,68644,54663,"/opt/ros/jazzy/lib/slam_toolbox/lifelong_slam_toolbox_node --ros-args -r __node:=slam_toolbox -r __ns:=/ --params-file /oomwoo/contributions/compute-benchmark/OsakaTX/scripts/lifelong_slam_params.yaml --params-file /tmp/launch_params_5ttjel40"
2026-09-08T15:27:42Z,186,"slam15m_noise_n015_lifelong",111267,"bash",0.3,4312,1118,"bash /oomwoo/contributions/compute-benchmark/xbattlax/scripts/measure_ros_processes.sh --pattern python3|lifelong_slam_toolbox_node --duration 470 --interval 2 --label slam15m_noise_n015_lifelong --output /oomwoo/contributions/compute-benchmark/OsakaTX/scripts/../results/slam15m_noise_n015_lifelong_20260908T152053Z.csv"
2026-09-08T15:27:42Z,186,"slam15m_noise_n015_lifelong",191,"python3",0.1,69864,46864,"/usr/bin/python3 -c from ros2cli.daemon.daemonize import main; main() --name ros2-daemon --ros-domain-id 0 --rmw-implementation rmw_fastrtps_cpp"
2026-09-08T15:27:44Z,187,"slam15m_noise_n015_lifelong",111200,"python3",4.6,72072,49142,"python3 /oomwoo/contributions/compute-benchmark/OsakaTX/scripts/synthetic_scan_publisher.py --duration 505 --loop-s 40 --hz 5.0 --room-half 7.5 --noise 0.15"
2026-09-08T15:27:44Z,187,"slam15m_noise_n015_lifelong",111216,"ros2",0.5,74452,51386,"/usr/bin/python3 /opt/ros/jazzy/bin/ros2 launch /oomwoo/contributions/compute-benchmark/OsakaTX/scripts/lifelong_launch.py slam_params_file:=/oomwoo/contributions/compute-benchmark/OsakaTX/scripts/lifelong_slam_params.yaml use_sim_time:=False autostart:=true"
2026-09-08T15:27:44Z,187,"slam15m_noise_n015_lifelong",111233,"lifelong_slam_t",132,68644,54666,"/opt/ros/jazzy/lib/slam_toolbox/lifelong_slam_toolbox_node --ros-args -r __node:=slam_toolbox -r __ns:=/ --params-file /oomwoo/contributions/compute-benchmark/OsakaTX/scripts/lifelong_slam_params.yaml --params-file /tmp/launch_params_5ttjel40"
2026-09-08T15:27:44Z,187,"slam15m_noise_n015_lifelong",111267,"bash",0.3,4312,1118,"bash /oomwoo/contributions/compute-benchmark/xbattlax/scripts/measure_ros_processes.sh --pattern python3|lifelong_slam_toolbox_node --duration 470 --interval 2 --label slam15m_noise_n015_lifelong --output /oomwoo/contributions/compute-benchmark/OsakaTX/scripts/../results/slam15m_noise_n015_lifelong_20260908T152053Z.csv"
2026-09-08T15:27:44Z,187,"slam15m_noise_n015_lifelong",191,"python3",0.1,69864,46867,"/usr/bin/python3 -c from ros2cli.daemon.daemonize import main; main() --name ros2-daemon --ros-domain-id 0 --rmw-implementation rmw_fastrtps_cpp"
2026-09-08T15:27:46Z,188,"slam15m_noise_n015_lifelong",111200,"python3",4.6,72072,49143,"python3 /oomwoo/contributions/compute-benchmark/OsakaTX/scripts/synthetic_scan_publisher.py --duration 505 --loop-s 40 --hz 5.0 --room-half 7.5 --noise 0.15"
2026-09-08T15:27:46Z,188,"slam15m_noise_n015_lifelong",111216,"ros2",0.5,74452,51386,"/usr/bin/python3 /opt/ros/jazzy/bin/ros2 launch /oomwoo/contributions/compute-benchmark/OsakaTX/scripts/lifelong_launch.py slam_params_file:=/oomwoo/contributions/compute-benchmark/OsakaTX/scripts/lifelong_slam_params.yaml use_sim_time:=False autostart:=true"
2026-09-08T15:27:46Z,188,"slam15m_noise_n015_lifelong",111233,"lifelong_slam_t",132,68644,54666,"/opt/ros/jazzy/lib/slam_toolbox/lifelong_slam_toolbox_node --ros-args -r __node:=slam_toolbox -r __ns:=/ --params-file /oomwoo/contributions/compute-benchmark/OsakaTX/scripts/lifelong_slam_params.yaml --params-file /tmp/launch_params_5ttjel40"
2026-09-08T15:27:46Z,188,"slam15m_noise_n015_lifelong",111267,"bash",0.3,4312,1117,"bash /oomwoo/contributions/compute-benchmark/xbattlax/scripts/measure_ros_processes.sh --pattern python3|lifelong_slam_toolbox_node --duration 470 --interval 2 --label slam15m_noise_n015_lifelong --output /oomwoo/contributions/compute-benchmark/OsakaTX/scripts/../results/slam15m_noise_n015_lifelong_20260908T152053Z.csv"
2026-09-08T15:27:46Z,188,"slam15m_noise_n015_lifelong",191,"python3",0.1,69864,46865,"/usr/bin/python3 -c from ros2cli.daemon.daemonize import main; main() --name ros2-daemon --ros-domain-id 0 --rmw-implementation rmw_fastrtps_cpp"
2026-09-08T15:27:48Z,189,"slam15m_noise_n015_lifelong",111200,"python3",4.6,72072,49143,"python3 /oomwoo/contributions/compute-benchmark/OsakaTX/scripts/synthetic_scan_publisher.py --duration 505 --loop-s 40 --hz 5.0 --room-half 7.5 --noise 0.15"
2026-09-08T15:27:48Z,189,"slam15m_noise_n015_lifelong",111216,"ros2",0.5,74452,51387,"/usr/bin/python3 /opt/ros/jazzy/bin/ros2 launch /oomwoo/contributions/compute-benchmark/OsakaTX/scripts/lifelong_launch.py slam_params_file:=/oomwoo/contributions/compute-benchmark/OsakaTX/scripts/lifelong_slam_params.yaml use_sim_time:=False autostart:=true"
2026-09-08T15:27:48Z,189,"slam15m_noise_n015_lifelong",111233,"lifelong_slam_t",132,68644,54665,"/opt/ros/jazzy/lib/slam_toolbox/lifelong_slam_toolbox_node --ros-args -r __node:=slam_toolbox -r __ns:=/ --params-file /oomwoo/contributions/compute-benchmark/OsakaTX/scripts/lifelong_slam_params.yaml --params-file /tmp/launch_params_5ttjel40"
2026-09-08T15:27:48Z,189,"slam15m_noise_n015_lifelong",111267,"bash",0.3,4312,1110,"bash /oomwoo/contributions/compute-benchmark/xbattlax/scripts/measure_ros_processes.sh --pattern python3|lifelong_slam_toolbox_node --duration 470 --interval 2 --label slam15m_noise_n015_lifelong --output /oomwoo/contributions/compute-benchmark/OsakaTX/scripts/../results/slam15m_noise_n015_lifelong_20260908T152053Z.csv"
2026-09-08T15:27:48Z,189,"slam15m_noise_n015_lifelong",191,"python3",0.1,69864,46866,"/usr/bin/python3 -c from ros2cli.daemon.daemonize import main; main() --name ros2-daemon --ros-domain-id 0 --rmw-implementation rmw_fastrtps_cpp"
2026-09-08T15:27:50Z,190,"slam15m_noise_n015_lifelong",111200,"python3",4.6,72072,49143,"python3 /oomwoo/contributions/compute-benchmark/OsakaTX/scripts/synthetic_scan_publisher.py --duration 505 --loop-s 40 --hz 5.0 --room-half 7.5 --noise 0.15"
2026-09-08T15:27:50Z,190,"slam15m_noise_n015_lifelong",111216,"ros2",0.5,74452,51386,"/usr/bin/python3 /opt/ros/jazzy/bin/ros2 launch /oomwoo/contributions/compute-benchmark/OsakaTX/scripts/lifelong_launch.py slam_params_file:=/oomwoo/contributions/compute-benchmark/OsakaTX/scripts/lifelong_slam_params.yaml use_sim_time:=False autostart:=true"
2026-09-08T15:27:50Z,190,"slam15m_noise_n015_lifelong",111233,"lifelong_slam_t",133,68644,54663,"/opt/ros/jazzy/lib/slam_toolbox/lifelong_slam_toolbox_node --ros-args -r __node:=slam_toolbox -r __ns:=/ --params-file /oomwoo/contributions/compute-benchmark/OsakaTX/scripts/lifelong_slam_params.yaml --params-file /tmp/launch_params_5ttjel40"
2026-09-08T15:27:50Z,190,"slam15m_noise_n015_lifelong",111267,"bash",0.3,4312,1116,"bash /oomwoo/contributions/compute-benchmark/xbattlax/scripts/measure_ros_processes.sh --pattern python3|lifelong_slam_toolbox_node --duration 470 --interval 2 --label slam15m_noise_n015_lifelong --output /oomwoo/contributions/compute-benchmark/OsakaTX/scripts/../results/slam15m_noise_n015_lifelong_20260908T152053Z.csv"
2026-09-08T15:27:50Z,190,"slam15m_noise_n015_lifelong",191,"python3",0.1,69864,46865,"/usr/bin/python3 -c from ros2cli.daemon.daemonize import main; main() --name ros2-daemon --ros-domain-id 0 --rmw-implementation rmw_fastrtps_cpp"
2026-09-08T15:27:52Z,191,"slam15m_noise_n015_lifelong",111200,"python3",4.6,72072,49147,"python3 /oomwoo/contributions/compute-benchmark/OsakaTX/scripts/synthetic_scan_publisher.py --duration 505 --loop-s 40 --hz 5.0 --room-half 7.5 --noise 0.15"
2026-09-08T15:27:52Z,191,"slam15m_noise_n015_lifelong",111216,"ros2",0.5,74452,51387,"/usr/bin/python3 /opt/ros/jazzy/bin/ros2 launch /oomwoo/contributions/compute-benchmark/OsakaTX/scripts/lifelong_launch.py slam_params_file:=/oomwoo/contributions/compute-benchmark/OsakaTX/scripts/lifelong_slam_params.yaml use_sim_time:=False autostart:=true"
2026-09-08T15:27:52Z,191,"slam15m_noise_n015_lifelong",111233,"lifelong_slam_t",133,68644,54666,"/opt/ros/jazzy/lib/slam_toolbox/lifelong_slam_toolbox_node --ros-args -r __node:=slam_toolbox -r __ns:=/ --params-file /oomwoo/contributions/compute-benchmark/OsakaTX/scripts/lifelong_slam_params.yaml --params-file /tmp/launch_params_5ttjel40"
2026-09-08T15:27:52Z,191,"slam15m_noise_n015_lifelong",111267,"bash",0.3,4312,1120,"bash /oomwoo/contributions/compute-benchmark/xbattlax/scripts/measure_ros_processes.sh --pattern python3|lifelong_slam_toolbox_node --duration 470 --interval 2 --label slam15m_noise_n015_lifelong --output /oomwoo/contributions/compute-benchmark/OsakaTX/scripts/../results/slam15m_noise_n015_lifelong_20260908T152053Z.csv"
2026-09-08T15:27:52Z,191,"slam15m_noise_n015_lifelong",191,"python3",0.1,69864,46867,"/usr/bin/python3 -c from ros2cli.daemon.daemonize import main; main() --name ros2-daemon --ros-domain-id 0 --rmw-implementation rmw_fastrtps_cpp"
2026-09-08T15:27:55Z,192,"slam15m_noise_n015_lifelong",111200,"python3",4.6,72072,49147,"python3 /oomwoo/contributions/compute-benchmark/OsakaTX/scripts/synthetic_scan_publisher.py --duration 505 --loop-s 40 --hz 5.0 --room-half 7.5 --noise 0.15"
2026-09-08T15:27:55Z,192,"slam15m_noise_n015_lifelong",111216,"ros2",0.5,74452,51387,"/usr/bin/python3 /opt/ros/jazzy/bin/ros2 launch /oomwoo/contributions/compute-benchmark/OsakaTX/scripts/lifelong_launch.py slam_params_file:=/oomwoo/contributions/compute-benchmark/OsakaTX/scripts/lifelong_slam_params.yaml use_sim_time:=False autostart:=true"
2026-09-08T15:27:55Z,192,"slam15m_noise_n015_lifelong",111233,"lifelong_slam_t",133,68644,54664,"/opt/ros/jazzy/lib/slam_toolbox/lifelong_slam_toolbox_node --ros-args -r __node:=slam_toolbox -r __ns:=/ --params-file /oomwoo/contributions/compute-benchmark/OsakaTX/scripts/lifelong_slam_params.yaml --params-file /tmp/launch_params_5ttjel40"
2026-09-08T15:27:55Z,192,"slam15m_noise_n015_lifelong",111267,"bash",0.3,4312,1112,"bash /oomwoo/contributions/compute-benchmark/xbattlax/scripts/measure_ros_processes.sh --pattern python3|lifelong_slam_toolbox_node --duration 470 --interval 2 --label slam15m_noise_n015_lifelong --output /oomwoo/contributions/compute-benchmark/OsakaTX/scripts/../results/slam15m_noise_n015_lifelong_20260908T152053Z.csv"
2026-09-08T15:27:55Z,192,"slam15m_noise_n015_lifelong",191,"python3",0.1,69864,46867,"/usr/bin/python3 -c from ros2cli.daemon.daemonize import main; main() --name ros2-daemon --ros-domain-id 0 --rmw-implementation rmw_fastrtps_cpp"
2026-09-08T15:27:57Z,193,"slam15m_noise_n015_lifelong",111200,"python3",4.6,72072,49138,"python3 /oomwoo/contributions/compute-benchmark/OsakaTX/scripts/synthetic_scan_publisher.py --duration 505 --loop-s 40 --hz 5.0 --room-half 7.5 --noise 0.15"
2026-09-08T15:27:57Z,193,"slam15m_noise_n015_lifelong",111216,"ros2",0.5,74452,51386,"/usr/bin/python3 /opt/ros/jazzy/bin/ros2 launch /oomwoo/contributions/compute-benchmark/OsakaTX/scripts/lifelong_launch.py slam_params_file:=/oomwoo/contributions/compute-benchmark/OsakaTX/scripts/lifelong_slam_params.yaml use_sim_time:=False autostart:=true"
2026-09-08T15:27:57Z,193,"slam15m_noise_n015_lifelong",111233,"lifelong_slam_t",133,68644,54664,"/opt/ros/jazzy/lib/slam_toolbox/lifelong_slam_toolbox_node --ros-args -r __node:=slam_toolbox -r __ns:=/ --params-file /oomwoo/contributions/compute-benchmark/OsakaTX/scripts/lifelong_slam_params.yaml --params-file /tmp/launch_params_5ttjel40"
2026-09-08T15:27:57Z,193,"slam15m_noise_n015_lifelong",111267,"bash",0.3,4312,1116,"bash /oomwoo/contributions/compute-benchmark/xbattlax/scripts/measure_ros_processes.sh --pattern python3|lifelong_slam_toolbox_node --duration 470 --interval 2 --label slam15m_noise_n015_lifelong --output /oomwoo/contributions/compute-benchmark/OsakaTX/scripts/../results/slam15m_noise_n015_lifelong_20260908T152053Z.csv"
2026-09-08T15:27:57Z,193,"slam15m_noise_n015_lifelong",191,"python3",0.1,69864,46866,"/usr/bin/python3 -c from ros2cli.daemon.daemonize import main; main() --name ros2-daemon --ros-domain-id 0 --rmw-implementation rmw_fastrtps_cpp"
2026-09-08T15:27:59Z,194,"slam15m_noise_n015_lifelong",111200,"python3",4.6,72072,49146,"python3 /oomwoo/contributions/compute-benchmark/OsakaTX/scripts/synthetic_scan_publisher.py --duration 505 --loop-s 40 --hz 5.0 --room-half 7.5 --noise 0.15"
2026-09-08T15:27:59Z,194,"slam15m_noise_n015_lifelong",111216,"ros2",0.5,74452,51386,"/usr/bin/python3 /opt/ros/jazzy/bin/ros2 launch /oomwoo/contributions/compute-benchmark/OsakaTX/scripts/lifelong_launch.py slam_params_file:=/oomwoo/contributions/compute-benchmark/OsakaTX/scripts/lifelong_slam_params.yaml use_sim_time:=False autostart:=true"
2026-09-08T15:27:59Z,194,"slam15m_noise_n015_lifelong",111233,"lifelong_slam_t",133,68696,54714,"/opt/ros/jazzy/lib/slam_toolbox/lifelong_slam_toolbox_node --ros-args -r __node:=slam_toolbox -r __ns:=/ --params-file /oomwoo/contributions/compute-benchmark/OsakaTX/scripts/lifelong_slam_params.yaml --params-file /tmp/launch_params_5ttjel40"
2026-09-08T15:27:59Z,194,"slam15m_noise_n015_lifelong",111267,"bash",0.3,4312,1114,"bash /oomwoo/contributions/compute-benchmark/xbattlax/scripts/measure_ros_processes.sh --pattern python3|lifelong_slam_toolbox_node --duration 470 --interval 2 --label slam15m_noise_n015_lifelong --output /oomwoo/contributions/compute-benchmark/OsakaTX/scripts/../results/slam15m_noise_n015_lifelong_20260908T152053Z.csv"
2026-09-08T15:27:59Z,194,"slam15m_noise_n015_lifelong",191,"python3",0.1,69864,46867,"/usr/bin/python3 -c from ros2cli.daemon.daemonize import main; main() --name ros2-daemon --ros-domain-id 0 --rmw-implementation rmw_fastrtps_cpp"
2026-09-08T15:28:01Z,195,"slam15m_noise_n015_lifelong",111200,"python3",4.6,72072,49146,"python3 /oomwoo/contributions/compute-benchmark/OsakaTX/scripts/synthetic_scan_publisher.py --duration 505 --loop-s 40 --hz 5.0 --room-half 7.5 --noise 0.15"
2026-09-08T15:28:01Z,195,"slam15m_noise_n015_lifelong",111216,"ros2",0.5,74452,51388,"/usr/bin/python3 /opt/ros/jazzy/bin/ros2 launch /oomwoo/contributions/compute-benchmark/OsakaTX/scripts/lifelong_launch.py slam_params_file:=/oomwoo/contributions/compute-benchmark/OsakaTX/scripts/lifelong_slam_params.yaml use_sim_time:=False autostart:=true"
2026-09-08T15:28:01Z,195,"slam15m_noise_n015_lifelong",111233,"lifelong_slam_t",133,68772,54790,"/opt/ros/jazzy/lib/slam_toolbox/lifelong_slam_toolbox_node --ros-args -r __node:=slam_toolbox -r __ns:=/ --params-file /oomwoo/contributions/compute-benchmark/OsakaTX/scripts/lifelong_slam_params.yaml --params-file /tmp/launch_params_5ttjel40"
2026-09-08T15:28:01Z,195,"slam15m_noise_n015_lifelong",111267,"bash",0.3,4312,1118,"bash /oomwoo/contributions/compute-benchmark/xbattlax/scripts/measure_ros_processes.sh --pattern python3|lifelong_slam_toolbox_node --duration 470 --interval 2 --label slam15m_noise_n015_lifelong --output /oomwoo/contributions/compute-benchmark/OsakaTX/scripts/../results/slam15m_noise_n015_lifelong_20260908T152053Z.csv"
2026-09-08T15:28:01Z,195,"slam15m_noise_n015_lifelong",191,"python3",0.1,69864,46868,"/usr/bin/python3 -c from ros2cli.daemon.daemonize import main; main() --name ros2-daemon --ros-domain-id 0 --rmw-implementation rmw_fastrtps_cpp"
2026-09-08T15:28:03Z,196,"slam15m_noise_n015_lifelong",111200,"python3",4.6,72072,49141,"python3 /oomwoo/contributions/compute-benchmark/OsakaTX/scripts/synthetic_scan_publisher.py --duration 505 --loop-s 40 --hz 5.0 --room-half 7.5 --noise 0.15"
2026-09-08T15:28:03Z,196,"slam15m_noise_n015_lifelong",111216,"ros2",0.5,74452,51386,"/usr/bin/python3 /opt/ros/jazzy/bin/ros2 launch /oomwoo/contributions/compute-benchmark/OsakaTX/scripts/lifelong_launch.py slam_params_file:=/oomwoo/contributions/compute-benchmark/OsakaTX/scripts/lifelong_slam_params.yaml use_sim_time:=False autostart:=true"
2026-09-08T15:28:03Z,196,"slam15m_noise_n015_lifelong",111233,"lifelong_slam_t",133,68772,54792,"/opt/ros/jazzy/lib/slam_toolbox/lifelong_slam_toolbox_node --ros-args -r __node:=slam_toolbox -r __ns:=/ --params-file /oomwoo/contributions/compute-benchmark/OsakaTX/scripts/lifelong_slam_params.yaml --params-file /tmp/launch_params_5ttjel40"
2026-09-08T15:28:03Z,196,"slam15m_noise_n015_lifelong",111267,"bash",0.3,4312,1118,"bash /oomwoo/contributions/compute-benchmark/xbattlax/scripts/measure_ros_processes.sh --pattern python3|lifelong_slam_toolbox_node --duration 470 --interval 2 --label slam15m_noise_n015_lifelong --output /oomwoo/contributions/compute-benchmark/OsakaTX/scripts/../results/slam15m_noise_n015_lifelong_20260908T152053Z.csv"
2026-09-08T15:28:03Z,196,"slam15m_noise_n015_lifelong",191,"python3",0.1,69864,46867,"/usr/bin/python3 -c from ros2cli.daemon.daemonize import main; main() --name ros2-daemon --ros-domain-id 0 --rmw-implementation rmw_fastrtps_cpp"
2026-09-08T15:28:05Z,197,"slam15m_noise_n015_lifelong",111200,"python3",4.6,72072,49145,"python3 /oomwoo/contributions/compute-benchmark/OsakaTX/scripts/synthetic_scan_publisher.py --duration 505 --loop-s 40 --hz 5.0 --room-half 7.5 --noise 0.15"
2026-09-08T15:28:05Z,197,"slam15m_noise_n015_lifelong",111216,"ros2",0.5,74452,51387,"/usr/bin/python3 /opt/ros/jazzy/bin/ros2 launch /oomwoo/contributions/compute-benchmark/OsakaTX/scripts/lifelong_launch.py slam_params_file:=/oomwoo/contributions/compute-benchmark/OsakaTX/scripts/lifelong_slam_params.yaml use_sim_time:=False autostart:=true"
2026-09-08T15:28:05Z,197,"slam15m_noise_n015_lifelong",111233,"lifelong_slam_t",134,68772,54794,"/opt/ros/jazzy/lib/slam_toolbox/lifelong_slam_toolbox_node --ros-args -r __node:=slam_toolbox -r __ns:=/ --params-file /oomwoo/contributions/compute-benchmark/OsakaTX/scripts/lifelong_slam_params.yaml --params-file /tmp/launch_params_5ttjel40"
2026-09-08T15:28:05Z,197,"slam15m_noise_n015_lifelong",111267,"bash",0.3,4312,1118,"bash /oomwoo/contributions/compute-benchmark/xbattlax/scripts/measure_ros_processes.sh --pattern python3|lifelong_slam_toolbox_node --duration 470 --interval 2 --label slam15m_noise_n015_lifelong --output /oomwoo/contributions/compute-benchmark/OsakaTX/scripts/../results/slam15m_noise_n015_lifelong_20260908T152053Z.csv"
2026-09-08T15:28:05Z,197,"slam15m_noise_n015_lifelong",191,"python3",0.1,69864,46866,"/usr/bin/python3 -c from ros2cli.daemon.daemonize import main; main() --name ros2-daemon --ros-domain-id 0 --rmw-implementation rmw_fastrtps_cpp"
2026-09-08T15:28:08Z,198,"slam15m_noise_n015_lifelong",111200,"python3",4.6,72072,49146,"python3 /oomwoo/contributions/compute-benchmark/OsakaTX/scripts/synthetic_scan_publisher.py --duration 505 --loop-s 40 --hz 5.0 --room-half 7.5 --noise 0.15"
2026-09-08T15:28:08Z,198,"slam15m_noise_n015_lifelong",111216,"ros2",0.5,74452,51387,"/usr/bin/python3 /opt/ros/jazzy/bin/ros2 launch /oomwoo/contributions/compute-benchmark/OsakaTX/scripts/lifelong_launch.py slam_params_file:=/oomwoo/contributions/compute-benchmark/OsakaTX/scripts/lifelong_slam_params.yaml use_sim_time:=False autostart:=true"
2026-09-08T15:28:08Z,198,"slam15m_noise_n015_lifelong",111233,"lifelong_slam_t",134,68772,54794,"/opt/ros/jazzy/lib/slam_toolbox/lifelong_slam_toolbox_node --ros-args -r __node:=slam_toolbox -r __ns:=/ --params-file /oomwoo/contributions/compute-benchmark/OsakaTX/scripts/lifelong_slam_params.yaml --params-file /tmp/launch_params_5ttjel40"
2026-09-08T15:28:08Z,198,"slam15m_noise_n015_lifelong",111267,"bash",0.3,4312,1122,"bash /oomwoo/contributions/compute-benchmark/xbattlax/scripts/measure_ros_processes.sh --pattern python3|lifelong_slam_toolbox_node --duration 470 --interval 2 --label slam15m_noise_n015_lifelong --output /oomwoo/contributions/compute-benchmark/OsakaTX/scripts/../results/slam15m_noise_n015_lifelong_20260908T152053Z.csv"
2026-09-08T15:28:08Z,198,"slam15m_noise_n015_lifelong",191,"python3",0.1,69864,46867,"/usr/bin/python3 -c from ros2cli.daemon.daemonize import main; main() --name ros2-daemon --ros-domain-id 0 --rmw-implementation rmw_fastrtps_cpp"
2026-09-08T15:28:10Z,199,"slam15m_noise_n015_lifelong",111200,"python3",4.6,72072,49137,"python3 /oomwoo/contributions/compute-benchmark/OsakaTX/scripts/synthetic_scan_publisher.py --duration 505 --loop-s 40 --hz 5.0 --room-half 7.5 --noise 0.15"
2026-09-08T15:28:10Z,199,"slam15m_noise_n015_lifelong",111216,"ros2",0.5,74452,51387,"/usr/bin/python3 /opt/ros/jazzy/bin/ros2 launch /oomwoo/contributions/compute-benchmark/OsakaTX/scripts/lifelong_launch.py slam_params_file:=/oomwoo/contributions/compute-benchmark/OsakaTX/scripts/lifelong_slam_params.yaml use_sim_time:=False autostart:=true"
2026-09-08T15:28:10Z,199,"slam15m_noise_n015_lifelong",111233,"lifelong_slam_t",134,68772,54790,"/opt/ros/jazzy/lib/slam_toolbox/lifelong_slam_toolbox_node --ros-args -r __node:=slam_toolbox -r __ns:=/ --params-file /oomwoo/contributions/compute-benchmark/OsakaTX/scripts/lifelong_slam_params.yaml --params-file /tmp/launch_params_5ttjel40"
2026-09-08T15:28:10Z,199,"slam15m_noise_n015_lifelong",111267,"bash",0.3,4312,1114,"bash /oomwoo/contributions/compute-benchmark/xbattlax/scripts/measure_ros_processes.sh --pattern python3|lifelong_slam_toolbox_node --duration 470 --interval 2 --label slam15m_noise_n015_lifelong --output /oomwoo/contributions/compute-benchmark/OsakaTX/scripts/../results/slam15m_noise_n015_lifelong_20260908T152053Z.csv"
2026-09-08T15:28:10Z,199,"slam15m_noise_n015_lifelong",191,"python3",0.1,69864,46866,"/usr/bin/python3 -c from ros2cli.daemon.daemonize import main; main() --name ros2-daemon --ros-domain-id 0 --rmw-implementation rmw_fastrtps_cpp"
2026-09-08T15:28:12Z,200,"slam15m_noise_n015_lifelong",111200,"python3",4.6,72072,49146,"python3 /oomwoo/contributions/compute-benchmark/OsakaTX/scripts/synthetic_scan_publisher.py --duration 505 --loop-s 40 --hz 5.0 --room-half 7.5 --noise 0.15"
2026-09-08T15:28:12Z,200,"slam15m_noise_n015_lifelong",111216,"ros2",0.5,74452,51387,"/usr/bin/python3 /opt/ros/jazzy/bin/ros2 launch /oomwoo/contributions/compute-benchmark/OsakaTX/scripts/lifelong_launch.py slam_params_file:=/oomwoo/contributions/compute-benchmark/OsakaTX/scripts/lifelong_slam_params.yaml use_sim_time:=False autostart:=true"
2026-09-08T15:28:12Z,200,"slam15m_noise_n015_lifelong",111233,"lifelong_slam_t",134,68772,54793,"/opt/ros/jazzy/lib/slam_toolbox/lifelong_slam_toolbox_node --ros-args -r __node:=slam_toolbox -r __ns:=/ --params-file /oomwoo/contributions/compute-benchmark/OsakaTX/scripts/lifelong_slam_params.yaml --params-file /tmp/launch_params_5ttjel40"
2026-09-08T15:28:12Z,200,"slam15m_noise_n015_lifelong",111267,"bash",0.3,4312,1114,"bash /oomwoo/contributions/compute-benchmark/xbattlax/scripts/measure_ros_processes.sh --pattern python3|lifelong_slam_toolbox_node --duration 470 --interval 2 --label slam15m_noise_n015_lifelong --output /oomwoo/contributions/compute-benchmark/OsakaTX/scripts/../results/slam15m_noise_n015_lifelong_20260908T152053Z.csv"
2026-09-08T15:28:12Z,200,"slam15m_noise_n015_lifelong",191,"python3",0.1,69864,46867,"/usr/bin/python3 -c from ros2cli.daemon.daemonize import main; main() --name ros2-daemon --ros-domain-id 0 --rmw-implementation rmw_fastrtps_cpp"
2026-09-08T15:28:14Z,201,"slam15m_noise_n015_lifelong",111200,"python3",4.6,72072,49133,"python3 /oomwoo/contributions/compute-benchmark/OsakaTX/scripts/synthetic_scan_publisher.py --duration 505 --loop-s 40 --hz 5.0 --room-half 7.5 --noise 0.15"
2026-09-08T15:28:14Z,201,"slam15m_noise_n015_lifelong",111216,"ros2",0.5,74452,51385,"/usr/bin/python3 /opt/ros/jazzy/bin/ros2 launch /oomwoo/contributions/compute-benchmark/OsakaTX/scripts/lifelong_launch.py slam_params_file:=/oomwoo/contributions/compute-benchmark/OsakaTX/scripts/lifelong_slam_params.yaml use_sim_time:=False autostart:=true"
2026-09-08T15:28:14Z,201,"slam15m_noise_n015_lifelong",111233,"lifelong_slam_t",134,68772,54790,"/opt/ros/jazzy/lib/slam_toolbox/lifelong_slam_toolbox_node --ros-args -r __node:=slam_toolbox -r __ns:=/ --params-file /oomwoo/contributions/compute-benchmark/OsakaTX/scripts/lifelong_slam_params.yaml --params-file /tmp/launch_params_5ttjel40"
2026-09-08T15:28:14Z,201,"slam15m_noise_n015_lifelong",111267,"bash",0.3,4312,1108,"bash /oomwoo/contributions/compute-benchmark/xbattlax/scripts/measure_ros_processes.sh --pattern python3|lifelong_slam_toolbox_node --duration 470 --interval 2 --label slam15m_noise_n015_lifelong --output /oomwoo/contributions/compute-benchmark/OsakaTX/scripts/../results/slam15m_noise_n015_lifelong_20260908T152053Z.csv"
2026-09-08T15:28:14Z,201,"slam15m_noise_n015_lifelong",191,"python3",0.1,69864,46867,"/usr/bin/python3 -c from ros2cli.daemon.daemonize import main; main() --name ros2-daemon --ros-domain-id 0 --rmw-implementation rmw_fastrtps_cpp"
2026-09-08T15:28:16Z,202,"slam15m_noise_n015_lifelong",111200,"python3",4.6,72072,49146,"python3 /oomwoo/contributions/compute-benchmark/OsakaTX/scripts/synthetic_scan_publisher.py --duration 505 --loop-s 40 --hz 5.0 --room-half 7.5 --noise 0.15"
2026-09-08T15:28:16Z,202,"slam15m_noise_n015_lifelong",111216,"ros2",0.5,74452,51386,"/usr/bin/python3 /opt/ros/jazzy/bin/ros2 launch /oomwoo/contributions/compute-benchmark/OsakaTX/scripts/lifelong_launch.py slam_params_file:=/oomwoo/contributions/compute-benchmark/OsakaTX/scripts/lifelong_slam_params.yaml use_sim_time:=False autostart:=true"
2026-09-08T15:28:16Z,202,"slam15m_noise_n015_lifelong",111233,"lifelong_slam_t",134,68772,54790,"/opt/ros/jazzy/lib/slam_toolbox/lifelong_slam_toolbox_node --ros-args -r __node:=slam_toolbox -r __ns:=/ --params-file /oomwoo/contributions/compute-benchmark/OsakaTX/scripts/lifelong_slam_params.yaml --params-file /tmp/launch_params_5ttjel40"
2026-09-08T15:28:16Z,202,"slam15m_noise_n015_lifelong",111267,"bash",0.3,4312,1114,"bash /oomwoo/contributions/compute-benchmark/xbattlax/scripts/measure_ros_processes.sh --pattern python3|lifelong_slam_toolbox_node --duration 470 --interval 2 --label slam15m_noise_n015_lifelong --output /oomwoo/contributions/compute-benchmark/OsakaTX/scripts/../results/slam15m_noise_n015_lifelong_20260908T152053Z.csv"
2026-09-08T15:28:16Z,202,"slam15m_noise_n015_lifelong",191,"python3",0.1,69864,46867,"/usr/bin/python3 -c from ros2cli.daemon.daemonize import main; main() --name ros2-daemon --ros-domain-id 0 --rmw-implementation rmw_fastrtps_cpp"
2026-09-08T15:28:18Z,203,"slam15m_noise_n015_lifelong",111200,"python3",4.6,72072,49144,"python3 /oomwoo/contributions/compute-benchmark/OsakaTX/scripts/synthetic_scan_publisher.py --duration 505 --loop-s 40 --hz 5.0 --room-half 7.5 --noise 0.15"
2026-09-08T15:28:18Z,203,"slam15m_noise_n015_lifelong",111216,"ros2",0.5,74452,51387,"/usr/bin/python3 /opt/ros/jazzy/bin/ros2 launch /oomwoo/contributions/compute-benchmark/OsakaTX/scripts/lifelong_launch.py slam_params_file:=/oomwoo/contributions/compute-benchmark/OsakaTX/scripts/lifelong_slam_params.yaml use_sim_time:=False autostart:=true"
2026-09-08T15:28:18Z,203,"slam15m_noise_n015_lifelong",111233,"lifelong_slam_t",134,68772,54790,"/opt/ros/jazzy/lib/slam_toolbox/lifelong_slam_toolbox_node --ros-args -r __node:=slam_toolbox -r __ns:=/ --params-file /oomwoo/contributions/compute-benchmark/OsakaTX/scripts/lifelong_slam_params.yaml --params-file /tmp/launch_params_5ttjel40"
2026-09-08T15:28:18Z,203,"slam15m_noise_n015_lifelong",111267,"bash",0.3,4312,1118,"bash /oomwoo/contributions/compute-benchmark/xbattlax/scripts/measure_ros_processes.sh --pattern python3|lifelong_slam_toolbox_node --duration 470 --interval 2 --label slam15m_noise_n015_lifelong --output /oomwoo/contributions/compute-benchmark/OsakaTX/scripts/../results/slam15m_noise_n015_lifelong_20260908T152053Z.csv"
2026-09-08T15:28:18Z,203,"slam15m_noise_n015_lifelong",191,"python3",0.1,69864,46869,"/usr/bin/python3 -c from ros2cli.daemon.daemonize import main; main() --name ros2-daemon --ros-domain-id 0 --rmw-implementation rmw_fastrtps_cpp"
2026-09-08T15:28:20Z,204,"slam15m_noise_n015_lifelong",111200,"python3",4.6,72072,49138,"python3 /oomwoo/contributions/compute-benchmark/OsakaTX/scripts/synthetic_scan_publisher.py --duration 505 --loop-s 40 --hz 5.0 --room-half 7.5 --noise 0.15"
2026-09-08T15:28:20Z,204,"slam15m_noise_n015_lifelong",111216,"ros2",0.5,74452,51386,"/usr/bin/python3 /opt/ros/jazzy/bin/ros2 launch /oomwoo/contributions/compute-benchmark/OsakaTX/scripts/lifelong_launch.py slam_params_file:=/oomwoo/contributions/compute-benchmark/OsakaTX/scripts/lifelong_slam_params.yaml use_sim_time:=False autostart:=true"
2026-09-08T15:28:20Z,204,"slam15m_noise_n015_lifelong",111233,"lifelong_slam_t",134,68772,54790,"/opt/ros/jazzy/lib/slam_toolbox/lifelong_slam_toolbox_node --ros-args -r __node:=slam_toolbox -r __ns:=/ --params-file /oomwoo/contributions/compute-benchmark/OsakaTX/scripts/lifelong_slam_params.yaml --params-file /tmp/launch_params_5ttjel40"
2026-09-08T15:28:20Z,204,"slam15m_noise_n015_lifelong",111267,"bash",0.3,4312,1117,"bash /oomwoo/contributions/compute-benchmark/xbattlax/scripts/measure_ros_processes.sh --pattern python3|lifelong_slam_toolbox_node --duration 470 --interval 2 --label slam15m_noise_n015_lifelong --output /oomwoo/contributions/compute-benchmark/OsakaTX/scripts/../results/slam15m_noise_n015_lifelong_20260908T152053Z.csv"
2026-09-08T15:28:20Z,204,"slam15m_noise_n015_lifelong",191,"python3",0.1,69864,46865,"/usr/bin/python3 -c from ros2cli.daemon.daemonize import main; main() --name ros2-daemon --ros-domain-id 0 --rmw-implementation rmw_fastrtps_cpp"
2026-09-08T15:28:23Z,205,"slam15m_noise_n015_lifelong",111200,"python3",4.6,72072,49143,"python3 /oomwoo/contributions/compute-benchmark/OsakaTX/scripts/synthetic_scan_publisher.py --duration 505 --loop-s 40 --hz 5.0 --room-half 7.5 --noise 0.15"
2026-09-08T15:28:23Z,205,"slam15m_noise_n015_lifelong",111216,"ros2",0.5,74452,51387,"/usr/bin/python3 /opt/ros/jazzy/bin/ros2 launch /oomwoo/contributions/compute-benchmark/OsakaTX/scripts/lifelong_launch.py slam_params_file:=/oomwoo/contributions/compute-benchmark/OsakaTX/scripts/lifelong_slam_params.yaml use_sim_time:=False autostart:=true"
2026-09-08T15:28:23Z,205,"slam15m_noise_n015_lifelong",111233,"lifelong_slam_t",135,68772,54791,"/opt/ros/jazzy/lib/slam_toolbox/lifelong_slam_toolbox_node --ros-args -r __node:=slam_toolbox -r __ns:=/ --params-file /oomwoo/contributions/compute-benchmark/OsakaTX/scripts/lifelong_slam_params.yaml --params-file /tmp/launch_params_5ttjel40"
2026-09-08T15:28:23Z,205,"slam15m_noise_n015_lifelong",111267,"bash",0.3,4312,1120,"bash /oomwoo/contributions/compute-benchmark/xbattlax/scripts/measure_ros_processes.sh --pattern python3|lifelong_slam_toolbox_node --duration 470 --interval 2 --label slam15m_noise_n015_lifelong --output /oomwoo/contributions/compute-benchmark/OsakaTX/scripts/../results/slam15m_noise_n015_lifelong_20260908T152053Z.csv"
2026-09-08T15:28:23Z,205,"slam15m_noise_n015_lifelong",191,"python3",0.1,69864,46869,"/usr/bin/python3 -c from ros2cli.daemon.daemonize import main; main() --name ros2-daemon --ros-domain-id 0 --rmw-implementation rmw_fastrtps_cpp"
2026-09-08T15:28:25Z,206,"slam15m_noise_n015_lifelong",111200,"python3",4.6,72072,49146,"python3 /oomwoo/contributions/compute-benchmark/OsakaTX/scripts/synthetic_scan_publisher.py --duration 505 --loop-s 40 --hz 5.0 --room-half 7.5 --noise 0.15"
2026-09-08T15:28:25Z,206,"slam15m_noise_n015_lifelong",111216,"ros2",0.5,74452,51388,"/usr/bin/python3 /opt/ros/jazzy/bin/ros2 launch /oomwoo/contributions/compute-benchmark/OsakaTX/scripts/lifelong_launch.py slam_params_file:=/oomwoo/contributions/compute-benchmark/OsakaTX/scripts/lifelong_slam_params.yaml use_sim_time:=False autostart:=true"
2026-09-08T15:28:25Z,206,"slam15m_noise_n015_lifelong",111233,"lifelong_slam_t",135,68772,54791,"/opt/ros/jazzy/lib/slam_toolbox/lifelong_slam_toolbox_node --ros-args -r __node:=slam_toolbox -r __ns:=/ --params-file /oomwoo/contributions/compute-benchmark/OsakaTX/scripts/lifelong_slam_params.yaml --params-file /tmp/launch_params_5ttjel40"
2026-09-08T15:28:25Z,206,"slam15m_noise_n015_lifelong",111267,"bash",0.3,4312,1114,"bash /oomwoo/contributions/compute-benchmark/xbattlax/scripts/measure_ros_processes.sh --pattern python3|lifelong_slam_toolbox_node --duration 470 --interval 2 --label slam15m_noise_n015_lifelong --output /oomwoo/contributions/compute-benchmark/OsakaTX/scripts/../results/slam15m_noise_n015_lifelong_20260908T152053Z.csv"
2026-09-08T15:28:25Z,206,"slam15m_noise_n015_lifelong",191,"python3",0.1,69864,46867,"/usr/bin/python3 -c from ros2cli.daemon.daemonize import main; main() --name ros2-daemon --ros-domain-id 0 --rmw-implementation rmw_fastrtps_cpp"
2026-09-08T15:28:27Z,207,"slam15m_noise_n015_lifelong",111200,"python3",4.6,72072,49146,"python3 /oomwoo/contributions/compute-benchmark/OsakaTX/scripts/synthetic_scan_publisher.py --duration 505 --loop-s 40 --hz 5.0 --room-half 7.5 --noise 0.15"
2026-09-08T15:28:27Z,207,"slam15m_noise_n015_lifelong",111216,"ros2",0.5,74468,51404,"/usr/bin/python3 /opt/ros/jazzy/bin/ros2 launch /oomwoo/contributions/compute-benchmark/OsakaTX/scripts/lifelong_launch.py slam_params_file:=/oomwoo/contributions/compute-benchmark/OsakaTX/scripts/lifelong_slam_params.yaml use_sim_time:=False autostart:=true"
2026-09-08T15:28:27Z,207,"slam15m_noise_n015_lifelong",111233,"lifelong_slam_t",135,68772,54791,"/opt/ros/jazzy/lib/slam_toolbox/lifelong_slam_toolbox_node --ros-args -r __node:=slam_toolbox -r __ns:=/ --params-file /oomwoo/contributions/compute-benchmark/OsakaTX/scripts/lifelong_slam_params.yaml --params-file /tmp/launch_params_5ttjel40"
2026-09-08T15:28:27Z,207,"slam15m_noise_n015_lifelong",111267,"bash",0.3,4312,1114,"bash /oomwoo/contributions/compute-benchmark/xbattlax/scripts/measure_ros_processes.sh --pattern python3|lifelong_slam_toolbox_node --duration 470 --interval 2 --label slam15m_noise_n015_lifelong --output /oomwoo/contributions/compute-benchmark/OsakaTX/scripts/../results/slam15m_noise_n015_lifelong_20260908T152053Z.csv"
2026-09-08T15:28:27Z,207,"slam15m_noise_n015_lifelong",191,"python3",0.1,69864,46867,"/usr/bin/python3 -c from ros2cli.daemon.daemonize import main; main() --name ros2-daemon --ros-domain-id 0 --rmw-implementation rmw_fastrtps_cpp"
2026-09-08T15:28:29Z,208,"slam15m_noise_n015_lifelong",111200,"python3",4.6,72072,49143,"python3 /oomwoo/contributions/compute-benchmark/OsakaTX/scripts/synthetic_scan_publisher.py --duration 505 --loop-s 40 --hz 5.0 --room-half 7.5 --noise 0.15"
2026-09-08T15:28:29Z,208,"slam15m_noise_n015_lifelong",111216,"ros2",0.5,74468,51403,"/usr/bin/python3 /opt/ros/jazzy/bin/ros2 launch /oomwoo/contributions/compute-benchmark/OsakaTX/scripts/lifelong_launch.py slam_params_file:=/oomwoo/contributions/compute-benchmark/OsakaTX/scripts/lifelong_slam_params.yaml use_sim_time:=False autostart:=true"
2026-09-08T15:28:29Z,208,"slam15m_noise_n015_lifelong",111233,"lifelong_slam_t",135,68900,54922,"/opt/ros/jazzy/lib/slam_toolbox/lifelong_slam_toolbox_node --ros-args -r __node:=slam_toolbox -r __ns:=/ --params-file /oomwoo/contributions/compute-benchmark/OsakaTX/scripts/lifelong_slam_params.yaml --params-file /tmp/launch_params_5ttjel40"
2026-09-08T15:28:29Z,208,"slam15m_noise_n015_lifelong",111267,"bash",0.3,4312,1120,"bash /oomwoo/contributions/compute-benchmark/xbattlax/scripts/measure_ros_processes.sh --pattern python3|lifelong_slam_toolbox_node --duration 470 --interval 2 --label slam15m_noise_n015_lifelong --output /oomwoo/contributions/compute-benchmark/OsakaTX/scripts/../results/slam15m_noise_n015_lifelong_20260908T152053Z.csv"
2026-09-08T15:28:29Z,208,"slam15m_noise_n015_lifelong",191,"python3",0.1,69864,46867,"/usr/bin/python3 -c from ros2cli.daemon.daemonize import main; main() --name ros2-daemon --ros-domain-id 0 --rmw-implementation rmw_fastrtps_cpp"
2026-09-08T15:28:31Z,209,"slam15m_noise_n015_lifelong",111200,"python3",4.6,72072,49139,"python3 /oomwoo/contributions/compute-benchmark/OsakaTX/scripts/synthetic_scan_publisher.py --duration 505 --loop-s 40 --hz 5.0 --room-half 7.5 --noise 0.15"
2026-09-08T15:28:31Z,209,"slam15m_noise_n015_lifelong",111216,"ros2",0.5,74468,51404,"/usr/bin/python3 /opt/ros/jazzy/bin/ros2 launch /oomwoo/contributions/compute-benchmark/OsakaTX/scripts/lifelong_launch.py slam_params_file:=/oomwoo/contributions/compute-benchmark/OsakaTX/scripts/lifelong_slam_params.yaml use_sim_time:=False autostart:=true"
2026-09-08T15:28:31Z,209,"slam15m_noise_n015_lifelong",111233,"lifelong_slam_t",135,68900,54922,"/opt/ros/jazzy/lib/slam_toolbox/lifelong_slam_toolbox_node --ros-args -r __node:=slam_toolbox -r __ns:=/ --params-file /oomwoo/contributions/compute-benchmark/OsakaTX/scripts/lifelong_slam_params.yaml --params-file /tmp/launch_params_5ttjel40"
2026-09-08T15:28:31Z,209,"slam15m_noise_n015_lifelong",111267,"bash",0.3,4312,1117,"bash /oomwoo/contributions/compute-benchmark/xbattlax/scripts/measure_ros_processes.sh --pattern python3|lifelong_slam_toolbox_node --duration 470 --interval 2 --label slam15m_noise_n015_lifelong --output /oomwoo/contributions/compute-benchmark/OsakaTX/scripts/../results/slam15m_noise_n015_lifelong_20260908T152053Z.csv"
2026-09-08T15:28:31Z,209,"slam15m_noise_n015_lifelong",191,"python3",0.1,69864,46868,"/usr/bin/python3 -c from ros2cli.daemon.daemonize import main; main() --name ros2-daemon --ros-domain-id 0 --rmw-implementation rmw_fastrtps_cpp"
2026-09-08T15:28:33Z,210,"slam15m_noise_n015_lifelong",111200,"python3",4.6,72072,49133,"python3 /oomwoo/contributions/compute-benchmark/OsakaTX/scripts/synthetic_scan_publisher.py --duration 505 --loop-s 40 --hz 5.0 --room-half 7.5 --noise 0.15"
2026-09-08T15:28:33Z,210,"slam15m_noise_n015_lifelong",111216,"ros2",0.5,74468,51403,"/usr/bin/python3 /opt/ros/jazzy/bin/ros2 launch /oomwoo/contributions/compute-benchmark/OsakaTX/scripts/lifelong_launch.py slam_params_file:=/oomwoo/contributions/compute-benchmark/OsakaTX/scripts/lifelong_slam_params.yaml use_sim_time:=False autostart:=true"
2026-09-08T15:28:33Z,210,"slam15m_noise_n015_lifelong",111233,"lifelong_slam_t",135,68900,54918,"/opt/ros/jazzy/lib/slam_toolbox/lifelong_slam_toolbox_node --ros-args -r __node:=slam_toolbox -r __ns:=/ --params-file /oomwoo/contributions/compute-benchmark/OsakaTX/scripts/lifelong_slam_params.yaml --params-file /tmp/launch_params_5ttjel40"
2026-09-08T15:28:33Z,210,"slam15m_noise_n015_lifelong",111267,"bash",0.3,4312,1112,"bash /oomwoo/contributions/compute-benchmark/xbattlax/scripts/measure_ros_processes.sh --pattern python3|lifelong_slam_toolbox_node --duration 470 --interval 2 --label slam15m_noise_n015_lifelong --output /oomwoo/contributions/compute-benchmark/OsakaTX/scripts/../results/slam15m_noise_n015_lifelong_20260908T152053Z.csv"
2026-09-08T15:28:33Z,210,"slam15m_noise_n015_lifelong",191,"python3",0.1,69864,46867,"/usr/bin/python3 -c from ros2cli.daemon.daemonize import main; main() --name ros2-daemon --ros-domain-id 0 --rmw-implementation rmw_fastrtps_cpp"
2026-09-08T15:28:35Z,211,"slam15m_noise_n015_lifelong",111200,"python3",4.6,72072,49134,"python3 /oomwoo/contributions/compute-benchmark/OsakaTX/scripts/synthetic_scan_publisher.py --duration 505 --loop-s 40 --hz 5.0 --room-half 7.5 --noise 0.15"
2026-09-08T15:28:35Z,211,"slam15m_noise_n015_lifelong",111216,"ros2",0.5,74468,51403,"/usr/bin/python3 /opt/ros/jazzy/bin/ros2 launch /oomwoo/contributions/compute-benchmark/OsakaTX/scripts/lifelong_launch.py slam_params_file:=/oomwoo/contributions/compute-benchmark/OsakaTX/scripts/lifelong_slam_params.yaml use_sim_time:=False autostart:=true"
2026-09-08T15:28:35Z,211,"slam15m_noise_n015_lifelong",111233,"lifelong_slam_t",135,68900,54922,"/opt/ros/jazzy/lib/slam_toolbox/lifelong_slam_toolbox_node --ros-args -r __node:=slam_toolbox -r __ns:=/ --params-file /oomwoo/contributions/compute-benchmark/OsakaTX/scripts/lifelong_slam_params.yaml --params-file /tmp/launch_params_5ttjel40"
2026-09-08T15:28:35Z,211,"slam15m_noise_n015_lifelong",111267,"bash",0.3,4312,1114,"bash /oomwoo/contributions/compute-benchmark/xbattlax/scripts/measure_ros_processes.sh --pattern python3|lifelong_slam_toolbox_node --duration 470 --interval 2 --label slam15m_noise_n015_lifelong --output /oomwoo/contributions/compute-benchmark/OsakaTX/scripts/../results/slam15m_noise_n015_lifelong_20260908T152053Z.csv"
2026-09-08T15:28:35Z,211,"slam15m_noise_n015_lifelong",191,"python3",0.1,69864,46868,"/usr/bin/python3 -c from ros2cli.daemon.daemonize import main; main() --name ros2-daemon --ros-domain-id 0 --rmw-implementation rmw_fastrtps_cpp"
2026-09-08T15:28:38Z,212,"slam15m_noise_n015_lifelong",111200,"python3",4.6,72072,49145,"python3 /oomwoo/contributions/compute-benchmark/OsakaTX/scripts/synthetic_scan_publisher.py --duration 505 --loop-s 40 --hz 5.0 --room-half 7.5 --noise 0.15"
2026-09-08T15:28:38Z,212,"slam15m_noise_n015_lifelong",111216,"ros2",0.5,74468,51403,"/usr/bin/python3 /opt/ros/jazzy/bin/ros2 launch /oomwoo/contributions/compute-benchmark/OsakaTX/scripts/lifelong_launch.py slam_params_file:=/oomwoo/contributions/compute-benchmark/OsakaTX/scripts/lifelong_slam_params.yaml use_sim_time:=False autostart:=true"
2026-09-08T15:28:38Z,212,"slam15m_noise_n015_lifelong",111233,"lifelong_slam_t",135,68900,54918,"/opt/ros/jazzy/lib/slam_toolbox/lifelong_slam_toolbox_node --ros-args -r __node:=slam_toolbox -r __ns:=/ --params-file /oomwoo/contributions/compute-benchmark/OsakaTX/scripts/lifelong_slam_params.yaml --params-file /tmp/launch_params_5ttjel40"
2026-09-08T15:28:38Z,212,"slam15m_noise_n015_lifelong",111267,"bash",0.3,4312,1117,"bash /oomwoo/contributions/compute-benchmark/xbattlax/scripts/measure_ros_processes.sh --pattern python3|lifelong_slam_toolbox_node --duration 470 --interval 2 --label slam15m_noise_n015_lifelong --output /oomwoo/contributions/compute-benchmark/OsakaTX/scripts/../results/slam15m_noise_n015_lifelong_20260908T152053Z.csv"
2026-09-08T15:28:38Z,212,"slam15m_noise_n015_lifelong",191,"python3",0.1,69864,46866,"/usr/bin/python3 -c from ros2cli.daemon.daemonize import main; main() --name ros2-daemon --ros-domain-id 0 --rmw-implementation rmw_fastrtps_cpp"
2026-09-08T15:28:40Z,213,"slam15m_noise_n015_lifelong",111200,"python3",4.6,72072,49145,"python3 /oomwoo/contributions/compute-benchmark/OsakaTX/scripts/synthetic_scan_publisher.py --duration 505 --loop-s 40 --hz 5.0 --room-half 7.5 --noise 0.15"
2026-09-08T15:28:40Z,213,"slam15m_noise_n015_lifelong",111216,"ros2",0.5,74468,51403,"/usr/bin/python3 /opt/ros/jazzy/bin/ros2 launch /oomwoo/contributions/compute-benchmark/OsakaTX/scripts/lifelong_launch.py slam_params_file:=/oomwoo/contributions/compute-benchmark/OsakaTX/scripts/lifelong_slam_params.yaml use_sim_time:=False autostart:=true"
2026-09-08T15:28:40Z,213,"slam15m_noise_n015_lifelong",111233,"lifelong_slam_t",136,68900,54922,"/opt/ros/jazzy/lib/slam_toolbox/lifelong_slam_toolbox_node --ros-args -r __node:=slam_toolbox -r __ns:=/ --params-file /oomwoo/contributions/compute-benchmark/OsakaTX/scripts/lifelong_slam_params.yaml --params-file /tmp/launch_params_5ttjel40"
2026-09-08T15:28:40Z,213,"slam15m_noise_n015_lifelong",111267,"bash",0.3,4312,1117,"bash /oomwoo/contributions/compute-benchmark/xbattlax/scripts/measure_ros_processes.sh --pattern python3|lifelong_slam_toolbox_node --duration 470 --interval 2 --label slam15m_noise_n015_lifelong --output /oomwoo/contributions/compute-benchmark/OsakaTX/scripts/../results/slam15m_noise_n015_lifelong_20260908T152053Z.csv"
2026-09-08T15:28:40Z,213,"slam15m_noise_n015_lifelong",191,"python3",0.1,69864,46868,"/usr/bin/python3 -c from ros2cli.daemon.daemonize import main; main() --name ros2-daemon --ros-domain-id 0 --rmw-implementation rmw_fastrtps_cpp"
2026-09-08T15:28:42Z,214,"slam15m_noise_n015_lifelong",111200,"python3",4.6,72072,49143,"python3 /oomwoo/contributions/compute-benchmark/OsakaTX/scripts/synthetic_scan_publisher.py --duration 505 --loop-s 40 --hz 5.0 --room-half 7.5 --noise 0.15"
2026-09-08T15:28:42Z,214,"slam15m_noise_n015_lifelong",111216,"ros2",0.5,74468,51404,"/usr/bin/python3 /opt/ros/jazzy/bin/ros2 launch /oomwoo/contributions/compute-benchmark/OsakaTX/scripts/lifelong_launch.py slam_params_file:=/oomwoo/contributions/compute-benchmark/OsakaTX/scripts/lifelong_slam_params.yaml use_sim_time:=False autostart:=true"
2026-09-08T15:28:42Z,214,"slam15m_noise_n015_lifelong",111233,"lifelong_slam_t",136,68900,54918,"/opt/ros/jazzy/lib/slam_toolbox/lifelong_slam_toolbox_node --ros-args -r __node:=slam_toolbox -r __ns:=/ --params-file /oomwoo/contributions/compute-benchmark/OsakaTX/scripts/lifelong_slam_params.yaml --params-file /tmp/launch_params_5ttjel40"
2026-09-08T15:28:42Z,214,"slam15m_noise_n015_lifelong",111267,"bash",0.3,4312,1118,"bash /oomwoo/contributions/compute-benchmark/xbattlax/scripts/measure_ros_processes.sh --pattern python3|lifelong_slam_toolbox_node --duration 470 --interval 2 --label slam15m_noise_n015_lifelong --output /oomwoo/contributions/compute-benchmark/OsakaTX/scripts/../results/slam15m_noise_n015_lifelong_20260908T152053Z.csv"
2026-09-08T15:28:42Z,214,"slam15m_noise_n015_lifelong",191,"python3",0.1,69864,46866,"/usr/bin/python3 -c from ros2cli.daemon.daemonize import main; main() --name ros2-daemon --ros-domain-id 0 --rmw-implementation rmw_fastrtps_cpp"
2026-09-08T15:28:44Z,215,"slam15m_noise_n015_lifelong",111200,"python3",4.6,72072,49143,"python3 /oomwoo/contributions/compute-benchmark/OsakaTX/scripts/synthetic_scan_publisher.py --duration 505 --loop-s 40 --hz 5.0 --room-half 7.5 --noise 0.15"
2026-09-08T15:28:44Z,215,"slam15m_noise_n015_lifelong",111216,"ros2",0.5,74468,51403,"/usr/bin/python3 /opt/ros/jazzy/bin/ros2 launch /oomwoo/contributions/compute-benchmark/OsakaTX/scripts/lifelong_launch.py slam_params_file:=/oomwoo/contributions/compute-benchmark/OsakaTX/scripts/lifelong_slam_params.yaml use_sim_time:=False autostart:=true"
2026-09-08T15:28:44Z,215,"slam15m_noise_n015_lifelong",111233,"lifelong_slam_t",136,68900,54920,"/opt/ros/jazzy/lib/slam_toolbox/lifelong_slam_toolbox_node --ros-args -r __node:=slam_toolbox -r __ns:=/ --params-file /oomwoo/contributions/compute-benchmark/OsakaTX/scripts/lifelong_slam_params.yaml --params-file /tmp/launch_params_5ttjel40"
2026-09-08T15:28:44Z,215,"slam15m_noise_n015_lifelong",111267,"bash",0.3,4312,1119,"bash /oomwoo/contributions/compute-benchmark/xbattlax/scripts/measure_ros_processes.sh --pattern python3|lifelong_slam_toolbox_node --duration 470 --interval 2 --label slam15m_noise_n015_lifelong --output /oomwoo/contributions/compute-benchmark/OsakaTX/scripts/../results/slam15m_noise_n015_lifelong_20260908T152053Z.csv"
2026-09-08T15:28:44Z,215,"slam15m_noise_n015_lifelong",191,"python3",0.1,69864,46868,"/usr/bin/python3 -c from ros2cli.daemon.daemonize import main; main() --name ros2-daemon --ros-domain-id 0 --rmw-implementation rmw_fastrtps_cpp"
2026-09-08T15:28:46Z,216,"slam15m_noise_n015_lifelong",111200,"python3",4.6,72072,49146,"python3 /oomwoo/contributions/compute-benchmark/OsakaTX/scripts/synthetic_scan_publisher.py --duration 505 --loop-s 40 --hz 5.0 --room-half 7.5 --noise 0.15"
2026-09-08T15:28:46Z,216,"slam15m_noise_n015_lifelong",111216,"ros2",0.5,74468,51402,"/usr/bin/python3 /opt/ros/jazzy/bin/ros2 launch /oomwoo/contributions/compute-benchmark/OsakaTX/scripts/lifelong_launch.py slam_params_file:=/oomwoo/contributions/compute-benchmark/OsakaTX/scripts/lifelong_slam_params.yaml use_sim_time:=False autostart:=true"
2026-09-08T15:28:46Z,216,"slam15m_noise_n015_lifelong",111233,"lifelong_slam_t",136,68900,54921,"/opt/ros/jazzy/lib/slam_toolbox/lifelong_slam_toolbox_node --ros-args -r __node:=slam_toolbox -r __ns:=/ --params-file /oomwoo/contributions/compute-benchmark/OsakaTX/scripts/lifelong_slam_params.yaml --params-file /tmp/launch_params_5ttjel40"
2026-09-08T15:28:46Z,216,"slam15m_noise_n015_lifelong",111267,"bash",0.3,4312,1118,"bash /oomwoo/contributions/compute-benchmark/xbattlax/scripts/measure_ros_processes.sh --pattern python3|lifelong_slam_toolbox_node --duration 470 --interval 2 --label slam15m_noise_n015_lifelong --output /oomwoo/contributions/compute-benchmark/OsakaTX/scripts/../results/slam15m_noise_n015_lifelong_20260908T152053Z.csv"
2026-09-08T15:28:46Z,216,"slam15m_noise_n015_lifelong",191,"python3",0.1,69864,46865,"/usr/bin/python3 -c from ros2cli.daemon.daemonize import main; main() --name ros2-daemon --ros-domain-id 0 --rmw-implementation rmw_fastrtps_cpp"
2026-09-08T15:28:48Z,217,"slam15m_noise_n015_lifelong",111200,"python3",4.6,72072,49133,"python3 /oomwoo/contributions/compute-benchmark/OsakaTX/scripts/synthetic_scan_publisher.py --duration 505 --loop-s 40 --hz 5.0 --room-half 7.5 --noise 0.15"
2026-09-08T15:28:48Z,217,"slam15m_noise_n015_lifelong",111216,"ros2",0.5,74468,51401,"/usr/bin/python3 /opt/ros/jazzy/bin/ros2 launch /oomwoo/contributions/compute-benchmark/OsakaTX/scripts/lifelong_launch.py slam_params_file:=/oomwoo/contributions/compute-benchmark/OsakaTX/scripts/lifelong_slam_params.yaml use_sim_time:=False autostart:=true"
2026-09-08T15:28:48Z,217,"slam15m_noise_n015_lifelong",111233,"lifelong_slam_t",136,68900,54918,"/opt/ros/jazzy/lib/slam_toolbox/lifelong_slam_toolbox_node --ros-args -r __node:=slam_toolbox -r __ns:=/ --params-file /oomwoo/contributions/compute-benchmark/OsakaTX/scripts/lifelong_slam_params.yaml --params-file /tmp/launch_params_5ttjel40"
2026-09-08T15:28:48Z,217,"slam15m_noise_n015_lifelong",111267,"bash",0.3,4312,1115,"bash /oomwoo/contributions/compute-benchmark/xbattlax/scripts/measure_ros_processes.sh --pattern python3|lifelong_slam_toolbox_node --duration 470 --interval 2 --label slam15m_noise_n015_lifelong --output /oomwoo/contributions/compute-benchmark/OsakaTX/scripts/../results/slam15m_noise_n015_lifelong_20260908T152053Z.csv"
2026-09-08T15:28:48Z,217,"slam15m_noise_n015_lifelong",191,"python3",0.1,69864,46865,"/usr/bin/python3 -c from ros2cli.daemon.daemonize import main; main() --name ros2-daemon --ros-domain-id 0 --rmw-implementation rmw_fastrtps_cpp"
2026-09-08T15:28:50Z,218,"slam15m_noise_n015_lifelong",111200,"python3",4.6,72072,49143,"python3 /oomwoo/contributions/compute-benchmark/OsakaTX/scripts/synthetic_scan_publisher.py --duration 505 --loop-s 40 --hz 5.0 --room-half 7.5 --noise 0.15"
2026-09-08T15:28:50Z,218,"slam15m_noise_n015_lifelong",111216,"ros2",0.5,74468,51404,"/usr/bin/python3 /opt/ros/jazzy/bin/ros2 launch /oomwoo/contributions/compute-benchmark/OsakaTX/scripts/lifelong_launch.py slam_params_file:=/oomwoo/contributions/compute-benchmark/OsakaTX/scripts/lifelong_slam_params.yaml use_sim_time:=False autostart:=true"
2026-09-08T15:28:50Z,218,"slam15m_noise_n015_lifelong",111233,"lifelong_slam_t",136,69020,55042,"/opt/ros/jazzy/lib/slam_toolbox/lifelong_slam_toolbox_node --ros-args -r __node:=slam_toolbox -r __ns:=/ --params-file /oomwoo/contributions/compute-benchmark/OsakaTX/scripts/lifelong_slam_params.yaml --params-file /tmp/launch_params_5ttjel40"
2026-09-08T15:28:50Z,218,"slam15m_noise_n015_lifelong",111267,"bash",0.3,4312,1120,"bash /oomwoo/contributions/compute-benchmark/xbattlax/scripts/measure_ros_processes.sh --pattern python3|lifelong_slam_toolbox_node --duration 470 --interval 2 --label slam15m_noise_n015_lifelong --output /oomwoo/contributions/compute-benchmark/OsakaTX/scripts/../results/slam15m_noise_n015_lifelong_20260908T152053Z.csv"
2026-09-08T15:28:50Z,218,"slam15m_noise_n015_lifelong",191,"python3",0.1,69864,46866,"/usr/bin/python3 -c from ros2cli.daemon.daemonize import main; main() --name ros2-daemon --ros-domain-id 0 --rmw-implementation rmw_fastrtps_cpp"
2026-09-08T15:28:53Z,219,"slam15m_noise_n015_lifelong",111200,"python3",4.6,72072,49141,"python3 /oomwoo/contributions/compute-benchmark/OsakaTX/scripts/synthetic_scan_publisher.py --duration 505 --loop-s 40 --hz 5.0 --room-half 7.5 --noise 0.15"
2026-09-08T15:28:53Z,219,"slam15m_noise_n015_lifelong",111216,"ros2",0.5,74468,51403,"/usr/bin/python3 /opt/ros/jazzy/bin/ros2 launch /oomwoo/contributions/compute-benchmark/OsakaTX/scripts/lifelong_launch.py slam_params_file:=/oomwoo/contributions/compute-benchmark/OsakaTX/scripts/lifelong_slam_params.yaml use_sim_time:=False autostart:=true"
2026-09-08T15:28:53Z,219,"slam15m_noise_n015_lifelong",111233,"lifelong_slam_t",136,69324,55342,"/opt/ros/jazzy/lib/slam_toolbox/lifelong_slam_toolbox_node --ros-args -r __node:=slam_toolbox -r __ns:=/ --params-file /oomwoo/contributions/compute-benchmark/OsakaTX/scripts/lifelong_slam_params.yaml --params-file /tmp/launch_params_5ttjel40"
2026-09-08T15:28:53Z,219,"slam15m_noise_n015_lifelong",111267,"bash",0.3,4312,1116,"bash /oomwoo/contributions/compute-benchmark/xbattlax/scripts/measure_ros_processes.sh --pattern python3|lifelong_slam_toolbox_node --duration 470 --interval 2 --label slam15m_noise_n015_lifelong --output /oomwoo/contributions/compute-benchmark/OsakaTX/scripts/../results/slam15m_noise_n015_lifelong_20260908T152053Z.csv"
2026-09-08T15:28:53Z,219,"slam15m_noise_n015_lifelong",191,"python3",0.1,69864,46867,"/usr/bin/python3 -c from ros2cli.daemon.daemonize import main; main() --name ros2-daemon --ros-domain-id 0 --rmw-implementation rmw_fastrtps_cpp"
