ts,sample,pid,comm,utime_delta_s,stime_delta_s,threads,vcsw_delta,nvcsw_delta
2026-09-27T16:30:51Z,1,3721725,lifelong_slam_t,0.88,0.02,33,19,86
2026-09-27T16:30:51Z,1,3721758,component_conta,0.77,0.07,52,0,0
2026-09-27T16:30:51Z,1,3721013,python3,0.10,0.00,15,100,1
2026-09-27T16:30:51Z,1,3728113,python3,0.12,0.02,15,202,1
2026-09-27T16:30:53Z,2,3721725,lifelong_slam_t,0.63,0.02,33,14,141
2026-09-27T16:30:53Z,2,3721758,component_conta,0.98,0.08,52,0,0
2026-09-27T16:30:53Z,2,3721013,python3,0.13,0.01,15,101,250
2026-09-27T16:30:53Z,2,3728113,python3,0.13,0.01,15,203,256
2026-09-27T16:30:55Z,3,3721725,lifelong_slam_t,0.80,0.03,33,20,193
2026-09-27T16:30:55Z,3,3721758,component_conta,0.99,0.10,52,0,0
2026-09-27T16:30:55Z,3,3721013,python3,0.14,0.01,15,100,328
2026-09-27T16:30:55Z,3,3728113,python3,0.13,0.01,15,202,456
2026-09-27T16:30:57Z,4,3721725,lifelong_slam_t,0.80,0.02,33,16,13
2026-09-27T16:30:57Z,4,3721758,component_conta,0.99,0.10,52,0,0
2026-09-27T16:30:57Z,4,3721013,python3,0.12,0.01,15,100,3
2026-09-27T16:30:57Z,4,3728113,python3,0.13,0.00,15,201,8
2026-09-27T16:30:59Z,5,3721725,lifelong_slam_t,1.06,0.05,33,13,301
2026-09-27T16:30:59Z,5,3721758,component_conta,1.05,0.10,52,0,0
2026-09-27T16:30:59Z,5,3721013,python3,0.13,0.01,15,101,147
2026-09-27T16:30:59Z,5,3728113,python3,0.15,0.01,15,200,170
2026-09-27T16:31:01Z,6,3721725,lifelong_slam_t,1.94,0.07,33,25,856
2026-09-27T16:31:01Z,6,3721758,component_conta,0.98,0.11,52,0,0
2026-09-27T16:31:01Z,6,3721013,python3,0.13,0.03,15,101,664
2026-09-27T16:31:01Z,6,3728113,python3,0.14,0.01,15,213,701
2026-09-27T16:31:03Z,7,3721725,lifelong_slam_t,1.94,0.02,33,40,19
2026-09-27T16:31:03Z,7,3721758,component_conta,1.04,0.09,52,0,0
2026-09-27T16:31:03Z,7,3721013,python3,0.13,0.01,15,100,2
2026-09-27T16:31:03Z,7,3728113,python3,0.14,0.00,15,199,10
2026-09-27T16:31:05Z,8,3721725,lifelong_slam_t,0.77,0.03,33,16,13
2026-09-27T16:31:05Z,8,3721758,component_conta,1.01,0.08,52,0,0
2026-09-27T16:31:05Z,8,3721013,python3,0.13,0.00,15,100,9
2026-09-27T16:31:05Z,8,3728113,python3,0.13,0.01,15,199,5
2026-09-27T16:31:07Z,9,3721725,lifelong_slam_t,0.92,0.04,33,24,679
2026-09-27T16:31:07Z,9,3721758,component_conta,1.01,0.12,52,0,0
2026-09-27T16:31:07Z,9,3721013,python3,0.13,0.02,15,102,650
2026-09-27T16:31:07Z,9,3728113,python3,0.15,0.00,15,202,721
2026-09-27T16:31:09Z,10,3721725,lifelong_slam_t,0.82,0.02,33,17,12
2026-09-27T16:31:09Z,10,3721725t3721725,TH:lifelong_slam_t,8.50,0,,,
2026-09-27T16:31:09Z,10,3721725t3721727,TH:lifelong_sl-ust,0.00,0,,,
2026-09-27T16:31:09Z,10,3721725t3721728,TH:lifelong_sl-ust,0.00,0,,,
2026-09-27T16:31:09Z,10,3721725t3721729,TH:lifelong_slam_t,0.00,0,,,
2026-09-27T16:31:09Z,10,3721725t3721730,TH:lifelong_slam_t,0.00,0,,,
2026-09-27T16:31:09Z,10,3721725t3721731,TH:dds.shm.wdog,0.00,0,,,
2026-09-27T16:31:09Z,10,3721725t3721732,TH:dds.ev.0,0.15,0,,,
2026-09-27T16:31:09Z,10,3721725t3721733,TH:dds.udp.7414,0.11,0,,,
2026-09-27T16:31:09Z,10,3721725t3721734,TH:dds.udp.7400,0.00,0,,,
2026-09-27T16:31:09Z,10,3721725t3721735,TH:dds.shm.7415,0.25,0,,,
2026-09-27T16:31:09Z,10,3721725t3721736,TH:dds.udp.7415,0.00,0,,,
2026-09-27T16:31:09Z,10,3721725t3721737,TH:dds.asyn.0.0,0.00,0,,,
2026-09-27T16:31:09Z,10,3721725t3721738,TH:dds.shm.7002,0.01,0,,,
2026-09-27T16:31:09Z,10,3721725t3721739,TH:dds.udp.7002,0.00,0,,,
2026-09-27T16:31:09Z,10,3721725t3721740,TH:lifelong_slam_t,0.01,0,,,
2026-09-27T16:31:09Z,10,3721725t3721754,TH:lifelong_slam_t,0.24,0,,,
2026-09-27T16:31:09Z,10,3721725t3721755,TH:lifelong_slam_t,0.29,0,,,
2026-09-27T16:31:09Z,10,3721725t3721756,TH:lifelong_slam_t,0.42,0,,,
2026-09-27T16:31:09Z,10,3721725t3721773,TH:lifelong_slam_t,2.37,0,,,
2026-09-27T16:31:09Z,10,3721725t3721774,TH:lifelong_slam_t,2.39,0,,,
2026-09-27T16:31:09Z,10,3721725t3721775,TH:lifelong_slam_t,2.48,0,,,
2026-09-27T16:31:09Z,10,3721725t3721776,TH:lifelong_slam_t,2.45,0,,,
2026-09-27T16:31:09Z,10,3721725t3721777,TH:lifelong_slam_t,2.44,0,,,
2026-09-27T16:31:09Z,10,3721725t3721778,TH:lifelong_slam_t,2.33,0,,,
2026-09-27T16:31:09Z,10,3721725t3721779,TH:lifelong_slam_t,2.42,0,,,
2026-09-27T16:31:09Z,10,3721725t3722869,TH:lifelong_slam_t,0.00,0,,,
2026-09-27T16:31:09Z,10,3721725t3722870,TH:lifelong_slam_t,0.00,0,,,
2026-09-27T16:31:09Z,10,3721725t3722871,TH:lifelong_slam_t,0.00,0,,,
2026-09-27T16:31:09Z,10,3721725t3722872,TH:lifelong_slam_t,0.00,0,,,
2026-09-27T16:31:09Z,10,3721725t3722873,TH:lifelong_slam_t,0.00,0,,,
2026-09-27T16:31:09Z,10,3721725t3722874,TH:lifelong_slam_t,0.00,0,,,
2026-09-27T16:31:09Z,10,3721725t3722875,TH:lifelong_slam_t,0.00,0,,,
2026-09-27T16:31:09Z,10,3721725t3722876,TH:lifelong_slam_t,0.00,0,,,
2026-09-27T16:31:09Z,10,3721758,component_conta,1.02,0.11,52,0,0
2026-09-27T16:31:09Z,10,3721758t3721758,TH:component_conta,0.25,0,,,
2026-09-27T16:31:09Z,10,3721758t3721759,TH:component_c-ust,0.00,0,,,
2026-09-27T16:31:09Z,10,3721758t3721760,TH:component_c-ust,0.00,0,,,
2026-09-27T16:31:09Z,10,3721758t3721761,TH:component_conta,0.00,0,,,
2026-09-27T16:31:09Z,10,3721758t3721762,TH:component_conta,0.00,0,,,
2026-09-27T16:31:09Z,10,3721758t3721763,TH:dds.shm.wdog,0.00,0,,,
2026-09-27T16:31:09Z,10,3721758t3721764,TH:dds.ev.0,0.27,0,,,
2026-09-27T16:31:09Z,10,3721758t3721765,TH:dds.udp.7418,0.04,0,,,
2026-09-27T16:31:09Z,10,3721758t3721766,TH:dds.udp.7400,0.00,0,,,
2026-09-27T16:31:09Z,10,3721758t3721767,TH:dds.shm.7419,1.49,0,,,
2026-09-27T16:31:09Z,10,3721758t3721768,TH:dds.udp.7419,0.00,0,,,
2026-09-27T16:31:09Z,10,3721758t3721769,TH:dds.asyn.0.0,0.08,0,,,
2026-09-27T16:31:09Z,10,3721758t3721770,TH:dds.shm.7004,0.00,0,,,
2026-09-27T16:31:09Z,10,3721758t3721771,TH:dds.udp.7004,0.00,0,,,
2026-09-27T16:31:09Z,10,3721758t3721772,TH:component_conta,0.01,0,,,
2026-09-27T16:31:09Z,10,3721758t3721780,TH:component_conta,1.42,0,,,
2026-09-27T16:31:09Z,10,3721758t3721782,TH:component_conta,1.09,0,,,
2026-09-27T16:31:09Z,10,3721758t3721783,TH:component_conta,1.04,0,,,
2026-09-27T16:31:09Z,10,3721758t3721784,TH:component_conta,1.19,0,,,
2026-09-27T16:31:09Z,10,3721758t3721785,TH:component_conta,1.46,0,,,
2026-09-27T16:31:09Z,10,3721758t3721786,TH:component_conta,1.62,0,,,
2026-09-27T16:31:09Z,10,3721758t3721787,TH:component_conta,0.85,0,,,
2026-09-27T16:31:09Z,10,3721758t3721788,TH:component_conta,1.01,0,,,
2026-09-27T16:31:09Z,10,3721758t3721789,TH:component_conta,1.06,0,,,
2026-09-27T16:31:09Z,10,3721758t3721790,TH:component_conta,1.02,0,,,
2026-09-27T16:31:09Z,10,3721758t3721792,TH:component_conta,3.76,0,,,
2026-09-27T16:31:09Z,10,3721758t3721793,TH:component_conta,0.05,0,,,
2026-09-27T16:31:09Z,10,3721758t3721794,TH:component_conta,0.15,0,,,
2026-09-27T16:31:09Z,10,3721758t3721795,TH:component_conta,0.05,0,,,
2026-09-27T16:31:09Z,10,3721758t3721796,TH:component_conta,0.02,0,,,
2026-09-27T16:31:09Z,10,3721758t3721797,TH:component_conta,1.05,0,,,
2026-09-27T16:31:09Z,10,3721758t3721798,TH:component_conta,0.00,0,,,
2026-09-27T16:31:09Z,10,3721758t3721799,TH:component_conta,0.14,0,,,
2026-09-27T16:31:09Z,10,3721758t3721800,TH:component_conta,0.00,0,,,
2026-09-27T16:31:09Z,10,3721758t3721801,TH:component_conta,0.13,0,,,
2026-09-27T16:31:09Z,10,3721758t3721802,TH:component_conta,0.03,0,,,
2026-09-27T16:31:09Z,10,3721758t3721803,TH:component_conta,0.02,0,,,
2026-09-27T16:31:09Z,10,3721758t3721804,TH:component_conta,0.00,0,,,
2026-09-27T16:31:09Z,10,3721758t3721805,TH:component_conta,0.00,0,,,
2026-09-27T16:31:09Z,10,3721758t3721806,TH:component_conta,0.14,0,,,
2026-09-27T16:31:09Z,10,3721758t3721807,TH:component_conta,0.00,0,,,
2026-09-27T16:31:09Z,10,3721758t3721808,TH:component_conta,0.00,0,,,
2026-09-27T16:31:09Z,10,3721758t3721809,TH:component_conta,0.16,0,,,
2026-09-27T16:31:09Z,10,3721758t3721825,TH:component_conta,0.18,0,,,
2026-09-27T16:31:09Z,10,3721758t3721827,TH:component_conta,0.19,0,,,
2026-09-27T16:31:09Z,10,3721758t3721829,TH:component_conta,0.00,0,,,
2026-09-27T16:31:09Z,10,3721758t3721830,TH:component_conta,0.00,0,,,
2026-09-27T16:31:09Z,10,3721758t3721831,TH:component_conta,0.20,0,,,
2026-09-27T16:31:09Z,10,3721758t3722075,TH:component_conta,0.06,0,,,
2026-09-27T16:31:09Z,10,3721758t3722080,TH:component_conta,0.12,0,,,
2026-09-27T16:31:09Z,10,3721758t3728153,TH:component_conta,0.59,0,,,
2026-09-27T16:31:09Z,10,3721758t3728908,TH:component_conta,2.71,0,,,
2026-09-27T16:31:09Z,10,3721013,python3,0.12,0.01,15,100,4
2026-09-27T16:31:09Z,10,3721013t3721013,TH:python3,4.00,0,,,
2026-09-27T16:31:09Z,10,3721013t3721015,TH:python3-ust,0.00,0,,,
2026-09-27T16:31:09Z,10,3721013t3721016,TH:python3-ust,0.00,0,,,
2026-09-27T16:31:09Z,10,3721013t3721017,TH:python3,0.00,0,,,
2026-09-27T16:31:09Z,10,3721013t3721018,TH:python3,0.00,0,,,
2026-09-27T16:31:09Z,10,3721013t3721019,TH:dds.shm.wdog,0.00,0,,,
2026-09-27T16:31:09Z,10,3721013t3721020,TH:dds.ev.0,0.12,0,,,
2026-09-27T16:31:09Z,10,3721013t3721021,TH:dds.udp.7410,0.10,0,,,
2026-09-27T16:31:09Z,10,3721013t3721022,TH:dds.udp.7400,0.00,0,,,
2026-09-27T16:31:09Z,10,3721013t3721023,TH:dds.shm.7411,0.06,0,,,
2026-09-27T16:31:09Z,10,3721013t3721024,TH:dds.udp.7411,0.00,0,,,
2026-09-27T16:31:09Z,10,3721013t3721025,TH:dds.asyn.0.0,0.00,0,,,
2026-09-27T16:31:09Z,10,3721013t3721026,TH:dds.shm.7000,0.02,0,,,
2026-09-27T16:31:09Z,10,3721013t3721027,TH:dds.udp.7000,0.00,0,,,
2026-09-27T16:31:09Z,10,3721013t3721028,TH:python3,0.01,0,,,
2026-09-27T16:31:09Z,10,3728113,python3,0.13,0.01,15,200,2
2026-09-27T16:31:09Z,10,3728113t3728113,TH:python3,1.70,0,,,
2026-09-27T16:31:09Z,10,3728113t3728117,TH:python3-ust,0.00,0,,,
2026-09-27T16:31:09Z,10,3728113t3728118,TH:python3-ust,0.00,0,,,
2026-09-27T16:31:09Z,10,3728113t3728121,TH:python3,0.00,0,,,
2026-09-27T16:31:09Z,10,3728113t3728122,TH:python3,0.00,0,,,
2026-09-27T16:31:09Z,10,3728113t3728123,TH:dds.shm.wdog,0.00,0,,,
2026-09-27T16:31:09Z,10,3728113t3728124,TH:dds.ev.0,0.02,0,,,
2026-09-27T16:31:09Z,10,3728113t3728125,TH:dds.udp.7420,0.04,0,,,
2026-09-27T16:31:09Z,10,3728113t3728126,TH:dds.udp.7400,0.00,0,,,
2026-09-27T16:31:09Z,10,3728113t3728127,TH:dds.shm.7421,0.08,0,,,
2026-09-27T16:31:09Z,10,3728113t3728128,TH:dds.udp.7421,0.00,0,,,
2026-09-27T16:31:09Z,10,3728113t3728129,TH:dds.asyn.0.0,0.00,0,,,
2026-09-27T16:31:09Z,10,3728113t3728130,TH:dds.shm.7005,0.00,0,,,
2026-09-27T16:31:09Z,10,3728113t3728131,TH:dds.udp.7005,0.00,0,,,
2026-09-27T16:31:09Z,10,3728113t3728132,TH:python3,0.00,0,,,
2026-09-27T16:31:11Z,11,3721725,lifelong_slam_t,1.03,0.01,33,21,22
2026-09-27T16:31:11Z,11,3721758,component_conta,0.67,0.07,50,0,0
2026-09-27T16:31:11Z,11,3721013,python3,0.10,0.00,15,100,7
2026-09-27T16:31:11Z,11,3728113,python3,0.07,0.01,15,106,2
2026-09-27T16:31:13Z,12,3721725,lifelong_slam_t,0.79,0.03,33,23,192
2026-09-27T16:31:13Z,12,3721758,component_conta,0.74,0.11,53,0,0
2026-09-27T16:31:13Z,12,3721013,python3,0.11,0.00,15,102,341
2026-09-27T16:31:13Z,12,3728113,python3,0.08,0.00,15,111,478
2026-09-27T16:31:15Z,13,3721725,lifelong_slam_t,0.54,0.01,33,11,75
2026-09-27T16:31:15Z,13,3721758,component_conta,0.98,0.12,52,0,0
2026-09-27T16:31:15Z,13,3721013,python3,0.09,0.00,15,100,5
2026-09-27T16:31:15Z,13,3728113,python3,0.13,0.01,15,200,1
2026-09-27T16:31:17Z,14,3721725,lifelong_slam_t,0.70,0.02,33,13,14
2026-09-27T16:31:17Z,14,3721758,component_conta,0.96,0.09,52,0,0
2026-09-27T16:31:17Z,14,3721013,python3,0.10,0.01,15,100,0
2026-09-27T16:31:17Z,14,3728113,python3,0.12,0.01,15,200,1
2026-09-27T16:31:19Z,15,3721725,lifelong_slam_t,0.77,0.02,33,15,440
2026-09-27T16:31:19Z,15,3721758,component_conta,0.94,0.10,52,0,0
2026-09-27T16:31:19Z,15,3721013,python3,0.10,0.00,15,101,396
2026-09-27T16:31:19Z,15,3728113,python3,0.14,0.01,15,204,613
2026-09-27T16:31:21Z,16,3721725,lifelong_slam_t,0.73,0.02,33,13,57
2026-09-27T16:31:21Z,16,3721758,component_conta,1.06,0.11,52,0,0
2026-09-27T16:31:21Z,16,3721013,python3,0.10,0.00,15,100,77
2026-09-27T16:31:21Z,16,3728113,python3,0.12,0.01,15,201,167
2026-09-27T16:31:23Z,17,3721725,lifelong_slam_t,0.72,0.02,33,13,5
2026-09-27T16:31:23Z,17,3721758,component_conta,0.94,0.13,52,0,0
2026-09-27T16:31:23Z,17,3721013,python3,0.10,0.00,15,101,0
2026-09-27T16:31:23Z,17,3728113,python3,0.13,0.00,15,203,2
2026-09-27T16:31:25Z,18,3721725,lifelong_slam_t,0.74,0.02,33,14,363
2026-09-27T16:31:25Z,18,3721758,component_conta,0.90,0.13,52,0,0
2026-09-27T16:31:25Z,18,3721013,python3,0.12,0.01,15,103,228
2026-09-27T16:31:25Z,18,3728113,python3,0.15,0.01,15,209,296
2026-09-27T16:31:27Z,19,3721725,lifelong_slam_t,1.01,0.04,33,25,701
2026-09-27T16:31:27Z,19,3721758,component_conta,0.95,0.13,52,0,0
2026-09-27T16:31:27Z,19,3721013,python3,0.10,0.00,15,101,481
2026-09-27T16:31:27Z,19,3728113,python3,0.14,0.01,15,209,838
2026-09-27T16:31:29Z,20,3721725,lifelong_slam_t,0.86,0.01,33,22,11
2026-09-27T16:31:29Z,20,3721725t3721725,TH:lifelong_slam_t,11.79,0,,,
2026-09-27T16:31:29Z,20,3721725t3721727,TH:lifelong_sl-ust,0.00,0,,,
2026-09-27T16:31:29Z,20,3721725t3721728,TH:lifelong_sl-ust,0.00,0,,,
2026-09-27T16:31:29Z,20,3721725t3721729,TH:lifelong_slam_t,0.00,0,,,
2026-09-27T16:31:29Z,20,3721725t3721730,TH:lifelong_slam_t,0.00,0,,,
2026-09-27T16:31:29Z,20,3721725t3721731,TH:dds.shm.wdog,0.00,0,,,
2026-09-27T16:31:29Z,20,3721725t3721732,TH:dds.ev.0,0.17,0,,,
2026-09-27T16:31:29Z,20,3721725t3721733,TH:dds.udp.7414,0.11,0,,,
2026-09-27T16:31:29Z,20,3721725t3721734,TH:dds.udp.7400,0.00,0,,,
2026-09-27T16:31:29Z,20,3721725t3721735,TH:dds.shm.7415,0.31,0,,,
2026-09-27T16:31:29Z,20,3721725t3721736,TH:dds.udp.7415,0.00,0,,,
2026-09-27T16:31:29Z,20,3721725t3721737,TH:dds.asyn.0.0,0.00,0,,,
2026-09-27T16:31:29Z,20,3721725t3721738,TH:dds.shm.7002,0.02,0,,,
2026-09-27T16:31:29Z,20,3721725t3721739,TH:dds.udp.7002,0.00,0,,,
2026-09-27T16:31:29Z,20,3721725t3721740,TH:lifelong_slam_t,0.01,0,,,
2026-09-27T16:31:29Z,20,3721725t3721754,TH:lifelong_slam_t,0.32,0,,,
2026-09-27T16:31:29Z,20,3721725t3721755,TH:lifelong_slam_t,0.33,0,,,
2026-09-27T16:31:29Z,20,3721725t3721756,TH:lifelong_slam_t,0.59,0,,,
2026-09-27T16:31:29Z,20,3721725t3721773,TH:lifelong_slam_t,3.01,0,,,
2026-09-27T16:31:29Z,20,3721725t3721774,TH:lifelong_slam_t,3.03,0,,,
2026-09-27T16:31:29Z,20,3721725t3721775,TH:lifelong_slam_t,3.11,0,,,
2026-09-27T16:31:29Z,20,3721725t3721776,TH:lifelong_slam_t,3.09,0,,,
2026-09-27T16:31:29Z,20,3721725t3721777,TH:lifelong_slam_t,3.05,0,,,
2026-09-27T16:31:29Z,20,3721725t3721778,TH:lifelong_slam_t,2.94,0,,,
2026-09-27T16:31:29Z,20,3721725t3721779,TH:lifelong_slam_t,3.04,0,,,
2026-09-27T16:31:29Z,20,3721725t3722869,TH:lifelong_slam_t,0.00,0,,,
2026-09-27T16:31:29Z,20,3721725t3722870,TH:lifelong_slam_t,0.00,0,,,
2026-09-27T16:31:29Z,20,3721725t3722871,TH:lifelong_slam_t,0.00,0,,,
2026-09-27T16:31:29Z,20,3721725t3722872,TH:lifelong_slam_t,0.00,0,,,
2026-09-27T16:31:29Z,20,3721725t3722873,TH:lifelong_slam_t,0.00,0,,,
2026-09-27T16:31:29Z,20,3721725t3722874,TH:lifelong_slam_t,0.00,0,,,
2026-09-27T16:31:29Z,20,3721725t3722875,TH:lifelong_slam_t,0.00,0,,,
2026-09-27T16:31:29Z,20,3721725t3722876,TH:lifelong_slam_t,0.00,0,,,
2026-09-27T16:31:29Z,20,3721758,component_conta,0.75,0.08,52,0,0
2026-09-27T16:31:29Z,20,3721758t3721758,TH:component_conta,0.25,0,,,
2026-09-27T16:31:29Z,20,3721758t3721759,TH:component_c-ust,0.00,0,,,
2026-09-27T16:31:29Z,20,3721758t3721760,TH:component_c-ust,0.00,0,,,
2026-09-27T16:31:29Z,20,3721758t3721761,TH:component_conta,0.00,0,,,
2026-09-27T16:31:29Z,20,3721758t3721762,TH:component_conta,0.00,0,,,
2026-09-27T16:31:29Z,20,3721758t3721763,TH:dds.shm.wdog,0.00,0,,,
2026-09-27T16:31:29Z,20,3721758t3721764,TH:dds.ev.0,0.32,0,,,
2026-09-27T16:31:29Z,20,3721758t3721765,TH:dds.udp.7418,0.04,0,,,
2026-09-27T16:31:29Z,20,3721758t3721766,TH:dds.udp.7400,0.00,0,,,
2026-09-27T16:31:29Z,20,3721758t3721767,TH:dds.shm.7419,1.91,0,,,
2026-09-27T16:31:29Z,20,3721758t3721768,TH:dds.udp.7419,0.00,0,,,
2026-09-27T16:31:29Z,20,3721758t3721769,TH:dds.asyn.0.0,0.08,0,,,
2026-09-27T16:31:29Z,20,3721758t3721770,TH:dds.shm.7004,0.00,0,,,
2026-09-27T16:31:29Z,20,3721758t3721771,TH:dds.udp.7004,0.00,0,,,
2026-09-27T16:31:29Z,20,3721758t3721772,TH:component_conta,0.01,0,,,
2026-09-27T16:31:29Z,20,3721758t3721780,TH:component_conta,1.85,0,,,
2026-09-27T16:31:29Z,20,3721758t3721782,TH:component_conta,1.43,0,,,
2026-09-27T16:31:29Z,20,3721758t3721783,TH:component_conta,1.35,0,,,
2026-09-27T16:31:29Z,20,3721758t3721784,TH:component_conta,1.56,0,,,
2026-09-27T16:31:29Z,20,3721758t3721785,TH:component_conta,1.91,0,,,
2026-09-27T16:31:29Z,20,3721758t3721786,TH:component_conta,2.14,0,,,
2026-09-27T16:31:29Z,20,3721758t3721787,TH:component_conta,1.11,0,,,
2026-09-27T16:31:29Z,20,3721758t3721788,TH:component_conta,1.34,0,,,
2026-09-27T16:31:29Z,20,3721758t3721789,TH:component_conta,1.42,0,,,
2026-09-27T16:31:29Z,20,3721758t3721790,TH:component_conta,1.32,0,,,
2026-09-27T16:31:29Z,20,3721758t3721792,TH:component_conta,4.97,0,,,
2026-09-27T16:31:29Z,20,3721758t3721793,TH:component_conta,0.05,0,,,
2026-09-27T16:31:29Z,20,3721758t3721794,TH:component_conta,0.20,0,,,
2026-09-27T16:31:29Z,20,3721758t3721795,TH:component_conta,0.07,0,,,
2026-09-27T16:31:29Z,20,3721758t3721796,TH:component_conta,0.02,0,,,
2026-09-27T16:31:29Z,20,3721758t3721797,TH:component_conta,2.09,0,,,
2026-09-27T16:31:29Z,20,3721758t3721798,TH:component_conta,0.00,0,,,
2026-09-27T16:31:29Z,20,3721758t3721799,TH:component_conta,0.18,0,,,
2026-09-27T16:31:29Z,20,3721758t3721800,TH:component_conta,0.00,0,,,
2026-09-27T16:31:29Z,20,3721758t3721801,TH:component_conta,0.17,0,,,
2026-09-27T16:31:29Z,20,3721758t3721802,TH:component_conta,0.05,0,,,
2026-09-27T16:31:29Z,20,3721758t3721803,TH:component_conta,0.02,0,,,
2026-09-27T16:31:29Z,20,3721758t3721804,TH:component_conta,0.01,0,,,
2026-09-27T16:31:29Z,20,3721758t3721805,TH:component_conta,0.00,0,,,
2026-09-27T16:31:29Z,20,3721758t3721806,TH:component_conta,0.19,0,,,
2026-09-27T16:31:29Z,20,3721758t3721807,TH:component_conta,0.00,0,,,
2026-09-27T16:31:29Z,20,3721758t3721808,TH:component_conta,0.00,0,,,
2026-09-27T16:31:29Z,20,3721758t3721809,TH:component_conta,0.21,0,,,
2026-09-27T16:31:29Z,20,3721758t3721825,TH:component_conta,0.24,0,,,
2026-09-27T16:31:29Z,20,3721758t3721827,TH:component_conta,0.25,0,,,
2026-09-27T16:31:29Z,20,3721758t3721829,TH:component_conta,0.00,0,,,
2026-09-27T16:31:29Z,20,3721758t3721830,TH:component_conta,0.00,0,,,
2026-09-27T16:31:29Z,20,3721758t3721831,TH:component_conta,0.27,0,,,
2026-09-27T16:31:29Z,20,3721758t3722075,TH:component_conta,0.08,0,,,
2026-09-27T16:31:29Z,20,3721758t3722080,TH:component_conta,0.16,0,,,
2026-09-27T16:31:29Z,20,3721758t3734792,TH:component_conta,0.45,0,,,
2026-09-27T16:31:29Z,20,3721758t3738698,TH:component_conta,0.03,0,,,
2026-09-27T16:31:29Z,20,3721013,python3,0.10,0.00,15,101,10
2026-09-27T16:31:29Z,20,3721013t3721013,TH:python3,4.99,0,,,
2026-09-27T16:31:29Z,20,3721013t3721015,TH:python3-ust,0.00,0,,,
2026-09-27T16:31:29Z,20,3721013t3721016,TH:python3-ust,0.00,0,,,
2026-09-27T16:31:29Z,20,3721013t3721017,TH:python3,0.00,0,,,
2026-09-27T16:31:29Z,20,3721013t3721018,TH:python3,0.00,0,,,
2026-09-27T16:31:29Z,20,3721013t3721019,TH:dds.shm.wdog,0.00,0,,,
2026-09-27T16:31:29Z,20,3721013t3721020,TH:dds.ev.0,0.14,0,,,
2026-09-27T16:31:29Z,20,3721013t3721021,TH:dds.udp.7410,0.10,0,,,
2026-09-27T16:31:29Z,20,3721013t3721022,TH:dds.udp.7400,0.00,0,,,
2026-09-27T16:31:29Z,20,3721013t3721023,TH:dds.shm.7411,0.06,0,,,
2026-09-27T16:31:29Z,20,3721013t3721024,TH:dds.udp.7411,0.00,0,,,
2026-09-27T16:31:29Z,20,3721013t3721025,TH:dds.asyn.0.0,0.00,0,,,
2026-09-27T16:31:29Z,20,3721013t3721026,TH:dds.shm.7000,0.02,0,,,
2026-09-27T16:31:29Z,20,3721013t3721027,TH:dds.udp.7000,0.00,0,,,
2026-09-27T16:31:29Z,20,3721013t3721028,TH:python3,0.01,0,,,
2026-09-27T16:31:29Z,20,3728113,python3,0.12,0.00,15,200,7
2026-09-27T16:31:29Z,20,3728113t3728113,TH:python3,2.87,0,,,
2026-09-27T16:31:29Z,20,3728113t3728117,TH:python3-ust,0.00,0,,,
2026-09-27T16:31:29Z,20,3728113t3728118,TH:python3-ust,0.00,0,,,
2026-09-27T16:31:29Z,20,3728113t3728121,TH:python3,0.00,0,,,
2026-09-27T16:31:29Z,20,3728113t3728122,TH:python3,0.00,0,,,
2026-09-27T16:31:29Z,20,3728113t3728123,TH:dds.shm.wdog,0.00,0,,,
2026-09-27T16:31:29Z,20,3728113t3728124,TH:dds.ev.0,0.03,0,,,
2026-09-27T16:31:29Z,20,3728113t3728125,TH:dds.udp.7420,0.04,0,,,
2026-09-27T16:31:29Z,20,3728113t3728126,TH:dds.udp.7400,0.00,0,,,
2026-09-27T16:31:29Z,20,3728113t3728127,TH:dds.shm.7421,0.16,0,,,
2026-09-27T16:31:29Z,20,3728113t3728128,TH:dds.udp.7421,0.00,0,,,
2026-09-27T16:31:29Z,20,3728113t3728129,TH:dds.asyn.0.0,0.00,0,,,
2026-09-27T16:31:29Z,20,3728113t3728130,TH:dds.shm.7005,0.00,0,,,
2026-09-27T16:31:29Z,20,3728113t3728131,TH:dds.udp.7005,0.00,0,,,
2026-09-27T16:31:29Z,20,3728113t3728132,TH:python3,0.00,0,,,
2026-09-27T16:31:31Z,21,3721725,lifelong_slam_t,0.59,0.01,33,12,36
2026-09-27T16:31:31Z,21,3721758,component_conta,0.97,0.08,52,0,0
2026-09-27T16:31:31Z,21,3721013,python3,0.09,0.00,15,100,6
2026-09-27T16:31:31Z,21,3728113,python3,0.12,0.01,15,199,1
2026-09-27T16:31:33Z,22,3721725,lifelong_slam_t,1.05,0.04,33,24,475
2026-09-27T16:31:33Z,22,3721758,component_conta,0.97,0.12,52,0,0
2026-09-27T16:31:33Z,22,3721013,python3,0.11,0.01,15,100,559
2026-09-27T16:31:33Z,22,3728113,python3,0.15,0.01,15,208,476
2026-09-27T16:31:35Z,23,3721725,lifelong_slam_t,0.89,0.03,33,16,166
2026-09-27T16:31:35Z,23,3721758,component_conta,0.74,0.07,50,0,0
2026-09-27T16:31:35Z,23,3721013,python3,0.12,0.00,15,100,124
2026-09-27T16:31:35Z,23,3728113,python3,0.10,0.00,15,103,5
2026-09-27T16:31:37Z,24,3721725,lifelong_slam_t,0.77,0.02,33,16,20
2026-09-27T16:31:37Z,24,3721758,component_conta,0.66,0.06,52,0,0
2026-09-27T16:31:37Z,24,3721013,python3,0.09,0.00,15,100,8
2026-09-27T16:31:37Z,24,3728113,python3,0.07,0.00,15,105,2
2026-09-27T16:31:39Z,25,3721725,lifelong_slam_t,1.17,0.05,33,20,1284
2026-09-27T16:31:39Z,25,3721758,component_conta,0.91,0.12,52,0,0
2026-09-27T16:31:39Z,25,3721013,python3,0.11,0.00,15,102,873
2026-09-27T16:31:39Z,25,3728113,python3,0.15,0.01,15,218,1075
2026-09-27T16:31:41Z,26,3721725,lifelong_slam_t,1.03,0.02,33,19,58
2026-09-27T16:31:41Z,26,3721758,component_conta,0.88,0.04,52,0,0
2026-09-27T16:31:41Z,26,3721013,python3,0.10,0.00,15,100,10
2026-09-27T16:31:41Z,26,3728113,python3,0.13,0.00,15,200,0
2026-09-27T16:31:43Z,27,3721725,lifelong_slam_t,0.91,0.02,33,19,7
2026-09-27T16:31:43Z,27,3721758,component_conta,1.04,0.08,52,0,0
2026-09-27T16:31:43Z,27,3721013,python3,0.09,0.00,15,100,0
2026-09-27T16:31:43Z,27,3728113,python3,0.13,0.00,15,200,0
2026-09-27T16:31:45Z,28,3721725,lifelong_slam_t,0.67,0.02,33,14,485
2026-09-27T16:31:45Z,28,3721758,component_conta,0.92,0.07,52,0,0
2026-09-27T16:31:45Z,28,3721013,python3,0.10,0.00,15,100,286
2026-09-27T16:31:45Z,28,3728113,python3,0.14,0.00,15,205,544
2026-09-27T16:31:47Z,29,3721725,lifelong_slam_t,1.02,0.03,33,25,52
2026-09-27T16:31:47Z,29,3721758,component_conta,1.01,0.07,52,0,0
2026-09-27T16:31:47Z,29,3721013,python3,0.10,0.01,15,100,82
2026-09-27T16:31:47Z,29,3728113,python3,0.14,0.01,15,201,154
2026-09-27T16:31:49Z,30,3721725,lifelong_slam_t,0.93,0.01,33,17,12
2026-09-27T16:31:49Z,30,3721725t3721725,TH:lifelong_slam_t,15.83,0,,,
2026-09-27T16:31:49Z,30,3721725t3721727,TH:lifelong_sl-ust,0.00,0,,,
2026-09-27T16:31:49Z,30,3721725t3721728,TH:lifelong_sl-ust,0.00,0,,,
2026-09-27T16:31:49Z,30,3721725t3721729,TH:lifelong_slam_t,0.00,0,,,
2026-09-27T16:31:49Z,30,3721725t3721730,TH:lifelong_slam_t,0.00,0,,,
2026-09-27T16:31:49Z,30,3721725t3721731,TH:dds.shm.wdog,0.00,0,,,
2026-09-27T16:31:49Z,30,3721725t3721732,TH:dds.ev.0,0.19,0,,,
2026-09-27T16:31:49Z,30,3721725t3721733,TH:dds.udp.7414,0.11,0,,,
2026-09-27T16:31:49Z,30,3721725t3721734,TH:dds.udp.7400,0.00,0,,,
2026-09-27T16:31:49Z,30,3721725t3721735,TH:dds.shm.7415,0.37,0,,,
2026-09-27T16:31:49Z,30,3721725t3721736,TH:dds.udp.7415,0.00,0,,,
2026-09-27T16:31:49Z,30,3721725t3721737,TH:dds.asyn.0.0,0.00,0,,,
2026-09-27T16:31:49Z,30,3721725t3721738,TH:dds.shm.7002,0.02,0,,,
2026-09-27T16:31:49Z,30,3721725t3721739,TH:dds.udp.7002,0.00,0,,,
2026-09-27T16:31:49Z,30,3721725t3721740,TH:lifelong_slam_t,0.01,0,,,
2026-09-27T16:31:49Z,30,3721725t3721754,TH:lifelong_slam_t,0.39,0,,,
2026-09-27T16:31:49Z,30,3721725t3721755,TH:lifelong_slam_t,0.39,0,,,
2026-09-27T16:31:49Z,30,3721725t3721756,TH:lifelong_slam_t,0.85,0,,,
2026-09-27T16:31:49Z,30,3721725t3721773,TH:lifelong_slam_t,3.67,0,,,
2026-09-27T16:31:49Z,30,3721725t3721774,TH:lifelong_slam_t,3.71,0,,,
2026-09-27T16:31:49Z,30,3721725t3721775,TH:lifelong_slam_t,3.78,0,,,
2026-09-27T16:31:49Z,30,3721725t3721776,TH:lifelong_slam_t,3.77,0,,,
2026-09-27T16:31:49Z,30,3721725t3721777,TH:lifelong_slam_t,3.76,0,,,
2026-09-27T16:31:49Z,30,3721725t3721778,TH:lifelong_slam_t,3.63,0,,,
2026-09-27T16:31:49Z,30,3721725t3721779,TH:lifelong_slam_t,3.71,0,,,
2026-09-27T16:31:49Z,30,3721725t3722869,TH:lifelong_slam_t,0.00,0,,,
2026-09-27T16:31:49Z,30,3721725t3722870,TH:lifelong_slam_t,0.00,0,,,
2026-09-27T16:31:49Z,30,3721725t3722871,TH:lifelong_slam_t,0.00,0,,,
2026-09-27T16:31:49Z,30,3721725t3722872,TH:lifelong_slam_t,0.00,0,,,
2026-09-27T16:31:49Z,30,3721725t3722873,TH:lifelong_slam_t,0.00,0,,,
2026-09-27T16:31:49Z,30,3721725t3722874,TH:lifelong_slam_t,0.00,0,,,
2026-09-27T16:31:49Z,30,3721725t3722875,TH:lifelong_slam_t,0.00,0,,,
2026-09-27T16:31:49Z,30,3721725t3722876,TH:lifelong_slam_t,0.00,0,,,
2026-09-27T16:31:49Z,30,3721758,component_conta,1.03,0.09,52,0,0
2026-09-27T16:31:49Z,30,3721758t3721758,TH:component_conta,0.25,0,,,
2026-09-27T16:31:49Z,30,3721758t3721759,TH:component_c-ust,0.00,0,,,
2026-09-27T16:31:49Z,30,3721758t3721760,TH:component_c-ust,0.00,0,,,
2026-09-27T16:31:49Z,30,3721758t3721761,TH:component_conta,0.00,0,,,
2026-09-27T16:31:49Z,30,3721758t3721762,TH:component_conta,0.00,0,,,
2026-09-27T16:31:49Z,30,3721758t3721763,TH:dds.shm.wdog,0.00,0,,,
2026-09-27T16:31:49Z,30,3721758t3721764,TH:dds.ev.0,0.37,0,,,
2026-09-27T16:31:49Z,30,3721758t3721765,TH:dds.udp.7418,0.04,0,,,
2026-09-27T16:31:49Z,30,3721758t3721766,TH:dds.udp.7400,0.00,0,,,
2026-09-27T16:31:49Z,30,3721758t3721767,TH:dds.shm.7419,2.34,0,,,
2026-09-27T16:31:49Z,30,3721758t3721768,TH:dds.udp.7419,0.00,0,,,
2026-09-27T16:31:49Z,30,3721758t3721769,TH:dds.asyn.0.0,0.08,0,,,
2026-09-27T16:31:49Z,30,3721758t3721770,TH:dds.shm.7004,0.00,0,,,
2026-09-27T16:31:49Z,30,3721758t3721771,TH:dds.udp.7004,0.00,0,,,
2026-09-27T16:31:49Z,30,3721758t3721772,TH:component_conta,0.01,0,,,
2026-09-27T16:31:49Z,30,3721758t3721780,TH:component_conta,2.26,0,,,
2026-09-27T16:31:49Z,30,3721758t3721782,TH:component_conta,1.77,0,,,
2026-09-27T16:31:49Z,30,3721758t3721783,TH:component_conta,1.67,0,,,
2026-09-27T16:31:49Z,30,3721758t3721784,TH:component_conta,1.93,0,,,
2026-09-27T16:31:49Z,30,3721758t3721785,TH:component_conta,2.35,0,,,
2026-09-27T16:31:49Z,30,3721758t3721786,TH:component_conta,2.67,0,,,
2026-09-27T16:31:49Z,30,3721758t3721787,TH:component_conta,1.37,0,,,
2026-09-27T16:31:49Z,30,3721758t3721788,TH:component_conta,1.68,0,,,
2026-09-27T16:31:49Z,30,3721758t3721789,TH:component_conta,1.79,0,,,
2026-09-27T16:31:49Z,30,3721758t3721790,TH:component_conta,1.61,0,,,
2026-09-27T16:31:49Z,30,3721758t3721792,TH:component_conta,6.18,0,,,
2026-09-27T16:31:49Z,30,3721758t3721793,TH:component_conta,0.06,0,,,
2026-09-27T16:31:49Z,30,3721758t3721794,TH:component_conta,0.25,0,,,
2026-09-27T16:31:49Z,30,3721758t3721795,TH:component_conta,0.08,0,,,
2026-09-27T16:31:49Z,30,3721758t3721796,TH:component_conta,0.02,0,,,
2026-09-27T16:31:49Z,30,3721758t3721797,TH:component_conta,3.16,0,,,
2026-09-27T16:31:49Z,30,3721758t3721798,TH:component_conta,0.01,0,,,
2026-09-27T16:31:49Z,30,3721758t3721799,TH:component_conta,0.22,0,,,
2026-09-27T16:31:49Z,30,3721758t3721800,TH:component_conta,0.00,0,,,
2026-09-27T16:31:49Z,30,3721758t3721801,TH:component_conta,0.20,0,,,
2026-09-27T16:31:49Z,30,3721758t3721802,TH:component_conta,0.06,0,,,
2026-09-27T16:31:49Z,30,3721758t3721803,TH:component_conta,0.02,0,,,
2026-09-27T16:31:49Z,30,3721758t3721804,TH:component_conta,0.01,0,,,
2026-09-27T16:31:49Z,30,3721758t3721805,TH:component_conta,0.00,0,,,
2026-09-27T16:31:49Z,30,3721758t3721806,TH:component_conta,0.22,0,,,
2026-09-27T16:31:49Z,30,3721758t3721807,TH:component_conta,0.00,0,,,
2026-09-27T16:31:49Z,30,3721758t3721808,TH:component_conta,0.00,0,,,
2026-09-27T16:31:49Z,30,3721758t3721809,TH:component_conta,0.27,0,,,
2026-09-27T16:31:49Z,30,3721758t3721825,TH:component_conta,0.30,0,,,
2026-09-27T16:31:49Z,30,3721758t3721827,TH:component_conta,0.30,0,,,
2026-09-27T16:31:49Z,30,3721758t3721829,TH:component_conta,0.00,0,,,
2026-09-27T16:31:49Z,30,3721758t3721830,TH:component_conta,0.00,0,,,
2026-09-27T16:31:49Z,30,3721758t3721831,TH:component_conta,0.32,0,,,
2026-09-27T16:31:49Z,30,3721758t3722075,TH:component_conta,0.11,0,,,
2026-09-27T16:31:49Z,30,3721758t3722080,TH:component_conta,0.19,0,,,
2026-09-27T16:31:49Z,30,3721758t3740497,TH:component_conta,0.33,0,,,
2026-09-27T16:31:49Z,30,3721758t3740499,TH:component_conta,1.68,0,,,
2026-09-27T16:31:49Z,30,3721013,python3,0.09,0.00,15,100,8
2026-09-27T16:31:49Z,30,3721013t3721013,TH:python3,5.98,0,,,
2026-09-27T16:31:49Z,30,3721013t3721015,TH:python3-ust,0.00,0,,,
2026-09-27T16:31:49Z,30,3721013t3721016,TH:python3-ust,0.00,0,,,
2026-09-27T16:31:49Z,30,3721013t3721017,TH:python3,0.00,0,,,
2026-09-27T16:31:49Z,30,3721013t3721018,TH:python3,0.00,0,,,
2026-09-27T16:31:49Z,30,3721013t3721019,TH:dds.shm.wdog,0.00,0,,,
2026-09-27T16:31:49Z,30,3721013t3721020,TH:dds.ev.0,0.17,0,,,
2026-09-27T16:31:49Z,30,3721013t3721021,TH:dds.udp.7410,0.10,0,,,
2026-09-27T16:31:49Z,30,3721013t3721022,TH:dds.udp.7400,0.00,0,,,
2026-09-27T16:31:49Z,30,3721013t3721023,TH:dds.shm.7411,0.06,0,,,
2026-09-27T16:31:49Z,30,3721013t3721024,TH:dds.udp.7411,0.00,0,,,
2026-09-27T16:31:49Z,30,3721013t3721025,TH:dds.asyn.0.0,0.00,0,,,
2026-09-27T16:31:49Z,30,3721013t3721026,TH:dds.shm.7000,0.02,0,,,
2026-09-27T16:31:49Z,30,3721013t3721027,TH:dds.udp.7000,0.00,0,,,
2026-09-27T16:31:49Z,30,3721013t3721028,TH:python3,0.01,0,,,
2026-09-27T16:31:49Z,30,3728113,python3,0.13,0.00,15,203,1
2026-09-27T16:31:49Z,30,3728113t3728113,TH:python3,4.07,0,,,
2026-09-27T16:31:49Z,30,3728113t3728117,TH:python3-ust,0.00,0,,,
2026-09-27T16:31:49Z,30,3728113t3728118,TH:python3-ust,0.00,0,,,
2026-09-27T16:31:49Z,30,3728113t3728121,TH:python3,0.00,0,,,
2026-09-27T16:31:49Z,30,3728113t3728122,TH:python3,0.00,0,,,
2026-09-27T16:31:49Z,30,3728113t3728123,TH:dds.shm.wdog,0.00,0,,,
2026-09-27T16:31:49Z,30,3728113t3728124,TH:dds.ev.0,0.05,0,,,
2026-09-27T16:31:49Z,30,3728113t3728125,TH:dds.udp.7420,0.04,0,,,
2026-09-27T16:31:49Z,30,3728113t3728126,TH:dds.udp.7400,0.00,0,,,
2026-09-27T16:31:49Z,30,3728113t3728127,TH:dds.shm.7421,0.24,0,,,
2026-09-27T16:31:49Z,30,3728113t3728128,TH:dds.udp.7421,0.00,0,,,
2026-09-27T16:31:49Z,30,3728113t3728129,TH:dds.asyn.0.0,0.00,0,,,
2026-09-27T16:31:49Z,30,3728113t3728130,TH:dds.shm.7005,0.00,0,,,
2026-09-27T16:31:49Z,30,3728113t3728131,TH:dds.udp.7005,0.00,0,,,
2026-09-27T16:31:49Z,30,3728113t3728132,TH:python3,0.00,0,,,
2026-09-27T16:31:51Z,31,3721725,lifelong_slam_t,0.90,0.02,33,17,291
2026-09-27T16:31:51Z,31,3721758,component_conta,0.98,0.08,52,0,0
2026-09-27T16:31:51Z,31,3721013,python3,0.11,0.00,15,100,241
2026-09-27T16:31:51Z,31,3728113,python3,0.13,0.01,15,202,300
2026-09-27T16:31:53Z,32,3721725,lifelong_slam_t,0.88,0.03,33,16,188
2026-09-27T16:31:53Z,32,3721758,component_conta,1.01,0.08,52,0,0
2026-09-27T16:31:53Z,32,3721013,python3,0.10,0.00,15,100,226
2026-09-27T16:31:53Z,32,3728113,python3,0.14,0.01,15,207,464
2026-09-27T16:31:55Z,33,3721725,lifelong_slam_t,0.78,0.01,33,16,38
2026-09-27T16:31:55Z,33,3721758,component_conta,1.02,0.07,52,0,0
2026-09-27T16:31:55Z,33,3721013,python3,0.10,0.01,15,100,0
2026-09-27T16:31:55Z,33,3728113,python3,0.13,0.00,15,200,1
2026-09-27T16:31:57Z,34,3721725,lifelong_slam_t,0.76,0.03,33,14,23
2026-09-27T16:31:57Z,34,3721758,component_conta,0.98,0.08,52,0,0
2026-09-27T16:31:57Z,34,3721013,python3,0.10,0.00,15,100,43
2026-09-27T16:31:57Z,34,3728113,python3,0.14,0.00,15,202,63
2026-09-27T16:31:59Z,35,3721725,lifelong_slam_t,0.76,0.03,33,15,410
2026-09-27T16:31:59Z,35,3721758,component_conta,0.79,0.08,50,0,0
2026-09-27T16:31:59Z,35,3721013,python3,0.10,0.00,15,101,491
2026-09-27T16:31:59Z,35,3728113,python3,0.08,0.00,15,114,649
2026-09-27T16:32:01Z,36,3721725,lifelong_slam_t,0.93,0.01,33,16,13
2026-09-27T16:32:01Z,36,3721758,component_conta,0.73,0.10,52,0,0
2026-09-27T16:32:01Z,36,3721013,python3,0.09,0.00,15,100,3
2026-09-27T16:32:01Z,36,3728113,python3,0.07,0.00,15,100,1
2026-09-27T16:32:03Z,37,3721725,lifelong_slam_t,0.93,0.02,33,16,15
2026-09-27T16:32:03Z,37,3721758,component_conta,0.99,0.10,52,0,0
2026-09-27T16:32:03Z,37,3721013,python3,0.11,0.00,15,100,5
2026-09-27T16:32:03Z,37,3728113,python3,0.13,0.01,15,201,3
2026-09-27T16:32:05Z,38,3721725,lifelong_slam_t,0.78,0.02,33,13,672
2026-09-27T16:32:05Z,38,3721758,component_conta,0.94,0.09,52,0,0
2026-09-27T16:32:05Z,38,3721013,python3,0.11,0.00,15,100,524
2026-09-27T16:32:05Z,38,3728113,python3,0.15,0.01,15,208,670
2026-09-27T16:32:07Z,39,3721725,lifelong_slam_t,0.90,0.01,33,17,8
2026-09-27T16:32:07Z,39,3721758,component_conta,1.01,0.09,52,0,0
2026-09-27T16:32:07Z,39,3721013,python3,0.10,0.00,15,100,5
2026-09-27T16:32:07Z,39,3728113,python3,0.12,0.01,15,201,0
2026-09-27T16:32:09Z,40,3721725,lifelong_slam_t,0.77,0.02,33,15,32
2026-09-27T16:32:09Z,40,3721725t3721725,TH:lifelong_slam_t,19.71,0,,,
2026-09-27T16:32:09Z,40,3721725t3721727,TH:lifelong_sl-ust,0.00,0,,,
2026-09-27T16:32:09Z,40,3721725t3721728,TH:lifelong_sl-ust,0.00,0,,,
2026-09-27T16:32:09Z,40,3721725t3721729,TH:lifelong_slam_t,0.00,0,,,
2026-09-27T16:32:09Z,40,3721725t3721730,TH:lifelong_slam_t,0.00,0,,,
2026-09-27T16:32:09Z,40,3721725t3721731,TH:dds.shm.wdog,0.00,0,,,
2026-09-27T16:32:09Z,40,3721725t3721732,TH:dds.ev.0,0.22,0,,,
2026-09-27T16:32:09Z,40,3721725t3721733,TH:dds.udp.7414,0.11,0,,,
2026-09-27T16:32:09Z,40,3721725t3721734,TH:dds.udp.7400,0.00,0,,,
2026-09-27T16:32:09Z,40,3721725t3721735,TH:dds.shm.7415,0.43,0,,,
2026-09-27T16:32:09Z,40,3721725t3721736,TH:dds.udp.7415,0.00,0,,,
2026-09-27T16:32:09Z,40,3721725t3721737,TH:dds.asyn.0.0,0.00,0,,,
2026-09-27T16:32:09Z,40,3721725t3721738,TH:dds.shm.7002,0.02,0,,,
2026-09-27T16:32:09Z,40,3721725t3721739,TH:dds.udp.7002,0.00,0,,,
2026-09-27T16:32:09Z,40,3721725t3721740,TH:lifelong_slam_t,0.01,0,,,
2026-09-27T16:32:09Z,40,3721725t3721754,TH:lifelong_slam_t,0.47,0,,,
2026-09-27T16:32:09Z,40,3721725t3721755,TH:lifelong_slam_t,0.43,0,,,
2026-09-27T16:32:09Z,40,3721725t3721756,TH:lifelong_slam_t,1.07,0,,,
2026-09-27T16:32:09Z,40,3721725t3721773,TH:lifelong_slam_t,4.28,0,,,
2026-09-27T16:32:09Z,40,3721725t3721774,TH:lifelong_slam_t,4.31,0,,,
2026-09-27T16:32:09Z,40,3721725t3721775,TH:lifelong_slam_t,4.39,0,,,
2026-09-27T16:32:09Z,40,3721725t3721776,TH:lifelong_slam_t,4.38,0,,,
2026-09-27T16:32:09Z,40,3721725t3721777,TH:lifelong_slam_t,4.40,0,,,
2026-09-27T16:32:09Z,40,3721725t3721778,TH:lifelong_slam_t,4.23,0,,,
2026-09-27T16:32:09Z,40,3721725t3721779,TH:lifelong_slam_t,4.31,0,,,
2026-09-27T16:32:09Z,40,3721725t3722869,TH:lifelong_slam_t,0.00,0,,,
2026-09-27T16:32:09Z,40,3721725t3722870,TH:lifelong_slam_t,0.00,0,,,
2026-09-27T16:32:09Z,40,3721725t3722871,TH:lifelong_slam_t,0.00,0,,,
2026-09-27T16:32:09Z,40,3721725t3722872,TH:lifelong_slam_t,0.00,0,,,
2026-09-27T16:32:09Z,40,3721725t3722873,TH:lifelong_slam_t,0.00,0,,,
2026-09-27T16:32:09Z,40,3721725t3722874,TH:lifelong_slam_t,0.00,0,,,
2026-09-27T16:32:09Z,40,3721725t3722875,TH:lifelong_slam_t,0.00,0,,,
2026-09-27T16:32:09Z,40,3721725t3722876,TH:lifelong_slam_t,0.00,0,,,
2026-09-27T16:32:09Z,40,3721758,component_conta,0.91,0.11,52,0,0
2026-09-27T16:32:09Z,40,3721758t3721758,TH:component_conta,0.25,0,,,
2026-09-27T16:32:09Z,40,3721758t3721759,TH:component_c-ust,0.00,0,,,
2026-09-27T16:32:09Z,40,3721758t3721760,TH:component_c-ust,0.00,0,,,
2026-09-27T16:32:09Z,40,3721758t3721761,TH:component_conta,0.00,0,,,
2026-09-27T16:32:09Z,40,3721758t3721762,TH:component_conta,0.00,0,,,
2026-09-27T16:32:09Z,40,3721758t3721763,TH:dds.shm.wdog,0.00,0,,,
2026-09-27T16:32:09Z,40,3721758t3721764,TH:dds.ev.0,0.42,0,,,
2026-09-27T16:32:09Z,40,3721758t3721765,TH:dds.udp.7418,0.04,0,,,
2026-09-27T16:32:09Z,40,3721758t3721766,TH:dds.udp.7400,0.00,0,,,
2026-09-27T16:32:09Z,40,3721758t3721767,TH:dds.shm.7419,2.77,0,,,
2026-09-27T16:32:09Z,40,3721758t3721768,TH:dds.udp.7419,0.00,0,,,
2026-09-27T16:32:09Z,40,3721758t3721769,TH:dds.asyn.0.0,0.08,0,,,
2026-09-27T16:32:09Z,40,3721758t3721770,TH:dds.shm.7004,0.01,0,,,
2026-09-27T16:32:09Z,40,3721758t3721771,TH:dds.udp.7004,0.00,0,,,
2026-09-27T16:32:09Z,40,3721758t3721772,TH:component_conta,0.01,0,,,
2026-09-27T16:32:09Z,40,3721758t3721780,TH:component_conta,2.73,0,,,
2026-09-27T16:32:09Z,40,3721758t3721782,TH:component_conta,2.15,0,,,
2026-09-27T16:32:09Z,40,3721758t3721783,TH:component_conta,2.02,0,,,
2026-09-27T16:32:09Z,40,3721758t3721784,TH:component_conta,2.35,0,,,
2026-09-27T16:32:09Z,40,3721758t3721785,TH:component_conta,2.85,0,,,
2026-09-27T16:32:09Z,40,3721758t3721786,TH:component_conta,3.25,0,,,
2026-09-27T16:32:09Z,40,3721758t3721787,TH:component_conta,1.66,0,,,
2026-09-27T16:32:09Z,40,3721758t3721788,TH:component_conta,2.04,0,,,
2026-09-27T16:32:09Z,40,3721758t3721789,TH:component_conta,2.17,0,,,
2026-09-27T16:32:09Z,40,3721758t3721790,TH:component_conta,1.94,0,,,
2026-09-27T16:32:09Z,40,3721758t3721792,TH:component_conta,7.47,0,,,
2026-09-27T16:32:09Z,40,3721758t3721793,TH:component_conta,0.06,0,,,
2026-09-27T16:32:09Z,40,3721758t3721794,TH:component_conta,0.30,0,,,
2026-09-27T16:32:09Z,40,3721758t3721795,TH:component_conta,0.09,0,,,
2026-09-27T16:32:09Z,40,3721758t3721796,TH:component_conta,0.02,0,,,
2026-09-27T16:32:09Z,40,3721758t3721797,TH:component_conta,4.18,0,,,
2026-09-27T16:32:09Z,40,3721758t3721798,TH:component_conta,0.01,0,,,
2026-09-27T16:32:09Z,40,3721758t3721799,TH:component_conta,0.26,0,,,
2026-09-27T16:32:09Z,40,3721758t3721800,TH:component_conta,0.00,0,,,
2026-09-27T16:32:09Z,40,3721758t3721801,TH:component_conta,0.24,0,,,
2026-09-27T16:32:09Z,40,3721758t3721802,TH:component_conta,0.07,0,,,
2026-09-27T16:32:09Z,40,3721758t3721803,TH:component_conta,0.02,0,,,
2026-09-27T16:32:09Z,40,3721758t3721804,TH:component_conta,0.02,0,,,
2026-09-27T16:32:09Z,40,3721758t3721805,TH:component_conta,0.00,0,,,
2026-09-27T16:32:09Z,40,3721758t3721806,TH:component_conta,0.27,0,,,
2026-09-27T16:32:09Z,40,3721758t3721807,TH:component_conta,0.00,0,,,
2026-09-27T16:32:09Z,40,3721758t3721808,TH:component_conta,0.00,0,,,
2026-09-27T16:32:09Z,40,3721758t3721809,TH:component_conta,0.33,0,,,
2026-09-27T16:32:09Z,40,3721758t3721825,TH:component_conta,0.35,0,,,
2026-09-27T16:32:09Z,40,3721758t3721827,TH:component_conta,0.37,0,,,
2026-09-27T16:32:09Z,40,3721758t3721829,TH:component_conta,0.00,0,,,
2026-09-27T16:32:09Z,40,3721758t3721830,TH:component_conta,0.00,0,,,
2026-09-27T16:32:09Z,40,3721758t3721831,TH:component_conta,0.40,0,,,
2026-09-27T16:32:09Z,40,3721758t3722075,TH:component_conta,0.13,0,,,
2026-09-27T16:32:09Z,40,3721758t3722080,TH:component_conta,0.23,0,,,
2026-09-27T16:32:09Z,40,3721758t3746298,TH:component_conta,0.24,0,,,
2026-09-27T16:32:09Z,40,3721758t3748453,TH:component_conta,0.02,0,,,
2026-09-27T16:32:09Z,40,3721013,python3,0.10,0.00,15,100,10
2026-09-27T16:32:09Z,40,3721013t3721013,TH:python3,6.98,0,,,
2026-09-27T16:32:09Z,40,3721013t3721015,TH:python3-ust,0.00,0,,,
2026-09-27T16:32:09Z,40,3721013t3721016,TH:python3-ust,0.00,0,,,
2026-09-27T16:32:09Z,40,3721013t3721017,TH:python3,0.00,0,,,
2026-09-27T16:32:09Z,40,3721013t3721018,TH:python3,0.00,0,,,
2026-09-27T16:32:09Z,40,3721013t3721019,TH:dds.shm.wdog,0.00,0,,,
2026-09-27T16:32:09Z,40,3721013t3721020,TH:dds.ev.0,0.20,0,,,
2026-09-27T16:32:09Z,40,3721013t3721021,TH:dds.udp.7410,0.10,0,,,
2026-09-27T16:32:09Z,40,3721013t3721022,TH:dds.udp.7400,0.00,0,,,
2026-09-27T16:32:09Z,40,3721013t3721023,TH:dds.shm.7411,0.06,0,,,
2026-09-27T16:32:09Z,40,3721013t3721024,TH:dds.udp.7411,0.00,0,,,
2026-09-27T16:32:09Z,40,3721013t3721025,TH:dds.asyn.0.0,0.00,0,,,
2026-09-27T16:32:09Z,40,3721013t3721026,TH:dds.shm.7000,0.02,0,,,
2026-09-27T16:32:09Z,40,3721013t3721027,TH:dds.udp.7000,0.00,0,,,
2026-09-27T16:32:09Z,40,3721013t3721028,TH:python3,0.01,0,,,
2026-09-27T16:32:09Z,40,3728113,python3,0.13,0.00,15,201,11
2026-09-27T16:32:09Z,40,3728113t3728113,TH:python3,5.23,0,,,
2026-09-27T16:32:09Z,40,3728113t3728117,TH:python3-ust,0.00,0,,,
2026-09-27T16:32:09Z,40,3728113t3728118,TH:python3-ust,0.00,0,,,
2026-09-27T16:32:09Z,40,3728113t3728121,TH:python3,0.00,0,,,
2026-09-27T16:32:09Z,40,3728113t3728122,TH:python3,0.00,0,,,
2026-09-27T16:32:09Z,40,3728113t3728123,TH:dds.shm.wdog,0.00,0,,,
2026-09-27T16:32:09Z,40,3728113t3728124,TH:dds.ev.0,0.06,0,,,
2026-09-27T16:32:09Z,40,3728113t3728125,TH:dds.udp.7420,0.05,0,,,
2026-09-27T16:32:09Z,40,3728113t3728126,TH:dds.udp.7400,0.00,0,,,
2026-09-27T16:32:09Z,40,3728113t3728127,TH:dds.shm.7421,0.32,0,,,
2026-09-27T16:32:09Z,40,3728113t3728128,TH:dds.udp.7421,0.00,0,,,
2026-09-27T16:32:09Z,40,3728113t3728129,TH:dds.asyn.0.0,0.00,0,,,
2026-09-27T16:32:09Z,40,3728113t3728130,TH:dds.shm.7005,0.00,0,,,
2026-09-27T16:32:09Z,40,3728113t3728131,TH:dds.udp.7005,0.00,0,,,
2026-09-27T16:32:09Z,40,3728113t3728132,TH:python3,0.00,0,,,
2026-09-27T16:32:11Z,41,3721725,lifelong_slam_t,0.84,0.04,33,16,632
2026-09-27T16:32:11Z,41,3721758,component_conta,0.98,0.14,52,0,0
2026-09-27T16:32:11Z,41,3721013,python3,0.11,0.01,15,101,650
2026-09-27T16:32:11Z,41,3728113,python3,0.17,0.00,15,210,765
2026-09-27T16:32:13Z,42,3721725,lifelong_slam_t,0.77,0.02,33,14,19
2026-09-27T16:32:13Z,42,3721758,component_conta,1.00,0.11,52,0,0
2026-09-27T16:32:13Z,42,3721013,python3,0.10,0.00,15,100,1
2026-09-27T16:32:13Z,42,3728113,python3,0.14,0.00,15,204,6
2026-09-27T16:32:15Z,43,3721725,lifelong_slam_t,1.04,0.02,33,15,29
2026-09-27T16:32:15Z,43,3721758,component_conta,1.03,0.08,52,0,0
2026-09-27T16:32:15Z,43,3721013,python3,0.09,0.00,15,101,7
2026-09-27T16:32:15Z,43,3728113,python3,0.13,0.01,15,200,2
2026-09-27T16:32:17Z,44,3721725,lifelong_slam_t,0.88,0.02,33,21,112
2026-09-27T16:32:17Z,44,3721758,component_conta,0.94,0.11,52,0,0
2026-09-27T16:32:17Z,44,3721013,python3,0.11,0.01,15,100,236
2026-09-27T16:32:17Z,44,3728113,python3,0.15,0.00,15,203,293
2026-09-27T16:32:19Z,45,3721725,lifelong_slam_t,1.07,0.04,33,19,222
2026-09-27T16:32:19Z,45,3721758,component_conta,0.93,0.13,52,0,0
2026-09-27T16:32:19Z,45,3721013,python3,0.10,0.00,15,101,242
2026-09-27T16:32:19Z,45,3728113,python3,0.14,0.00,15,201,216
2026-09-27T16:32:21Z,46,3721725,lifelong_slam_t,0.88,0.02,33,15,15
2026-09-27T16:32:21Z,46,3721758,component_conta,0.99,0.09,52,0,0
2026-09-27T16:32:21Z,46,3721013,python3,0.10,0.00,15,100,6
2026-09-27T16:32:21Z,46,3728113,python3,0.13,0.01,15,201,1
2026-09-27T16:32:23Z,47,3721725,lifelong_slam_t,0.76,0.00,33,14,72
2026-09-27T16:32:23Z,47,3721758,component_conta,0.75,0.09,50,0,0
2026-09-27T16:32:23Z,47,3721013,python3,0.10,0.00,15,101,93
2026-09-27T16:32:23Z,47,3728113,python3,0.07,0.00,15,114,2
2026-09-27T16:32:25Z,48,3721725,lifelong_slam_t,1.07,0.05,33,28,864
2026-09-27T16:32:25Z,48,3721758,component_conta,0.68,0.08,52,0,0
2026-09-27T16:32:25Z,48,3721013,python3,0.11,0.01,15,100,404
2026-09-27T16:32:25Z,48,3728113,python3,0.07,0.01,15,97,19
2026-09-27T16:32:27Z,49,3721725,lifelong_slam_t,0.97,0.01,33,18,21
2026-09-27T16:32:27Z,49,3721758,component_conta,0.86,0.06,52,0,0
2026-09-27T16:32:27Z,49,3721013,python3,0.10,0.00,15,100,4
2026-09-27T16:32:27Z,49,3728113,python3,0.12,0.01,15,201,0
2026-09-27T16:32:29Z,50,3721725,lifelong_slam_t,0.96,0.01,33,15,14
2026-09-27T16:32:29Z,50,3721725t3721725,TH:lifelong_slam_t,23.72,0,,,
2026-09-27T16:32:29Z,50,3721725t3721727,TH:lifelong_sl-ust,0.00,0,,,
2026-09-27T16:32:29Z,50,3721725t3721728,TH:lifelong_sl-ust,0.00,0,,,
2026-09-27T16:32:29Z,50,3721725t3721729,TH:lifelong_slam_t,0.00,0,,,
2026-09-27T16:32:29Z,50,3721725t3721730,TH:lifelong_slam_t,0.00,0,,,
2026-09-27T16:32:29Z,50,3721725t3721731,TH:dds.shm.wdog,0.00,0,,,
2026-09-27T16:32:29Z,50,3721725t3721732,TH:dds.ev.0,0.24,0,,,
2026-09-27T16:32:29Z,50,3721725t3721733,TH:dds.udp.7414,0.11,0,,,
2026-09-27T16:32:29Z,50,3721725t3721734,TH:dds.udp.7400,0.00,0,,,
2026-09-27T16:32:29Z,50,3721725t3721735,TH:dds.shm.7415,0.50,0,,,
2026-09-27T16:32:29Z,50,3721725t3721736,TH:dds.udp.7415,0.00,0,,,
2026-09-27T16:32:29Z,50,3721725t3721737,TH:dds.asyn.0.0,0.00,0,,,
2026-09-27T16:32:29Z,50,3721725t3721738,TH:dds.shm.7002,0.02,0,,,
2026-09-27T16:32:29Z,50,3721725t3721739,TH:dds.udp.7002,0.00,0,,,
2026-09-27T16:32:29Z,50,3721725t3721740,TH:lifelong_slam_t,0.01,0,,,
2026-09-27T16:32:29Z,50,3721725t3721754,TH:lifelong_slam_t,0.54,0,,,
2026-09-27T16:32:29Z,50,3721725t3721755,TH:lifelong_slam_t,0.48,0,,,
2026-09-27T16:32:29Z,50,3721725t3721756,TH:lifelong_slam_t,1.32,0,,,
2026-09-27T16:32:29Z,50,3721725t3721773,TH:lifelong_slam_t,4.96,0,,,
2026-09-27T16:32:29Z,50,3721725t3721774,TH:lifelong_slam_t,5.03,0,,,
2026-09-27T16:32:29Z,50,3721725t3721775,TH:lifelong_slam_t,5.14,0,,,
2026-09-27T16:32:29Z,50,3721725t3721776,TH:lifelong_slam_t,5.12,0,,,
2026-09-27T16:32:29Z,50,3721725t3721777,TH:lifelong_slam_t,5.12,0,,,
2026-09-27T16:32:29Z,50,3721725t3721778,TH:lifelong_slam_t,4.94,0,,,
2026-09-27T16:32:29Z,50,3721725t3721779,TH:lifelong_slam_t,4.99,0,,,
2026-09-27T16:32:29Z,50,3721725t3722869,TH:lifelong_slam_t,0.00,0,,,
2026-09-27T16:32:29Z,50,3721725t3722870,TH:lifelong_slam_t,0.00,0,,,
2026-09-27T16:32:29Z,50,3721725t3722871,TH:lifelong_slam_t,0.00,0,,,
2026-09-27T16:32:29Z,50,3721725t3722872,TH:lifelong_slam_t,0.00,0,,,
2026-09-27T16:32:29Z,50,3721725t3722873,TH:lifelong_slam_t,0.00,0,,,
2026-09-27T16:32:29Z,50,3721725t3722874,TH:lifelong_slam_t,0.00,0,,,
2026-09-27T16:32:29Z,50,3721725t3722875,TH:lifelong_slam_t,0.00,0,,,
2026-09-27T16:32:29Z,50,3721725t3722876,TH:lifelong_slam_t,0.00,0,,,
2026-09-27T16:32:29Z,50,3721758,component_conta,0.85,0.06,52,0,0
2026-09-27T16:32:29Z,50,3721758t3721758,TH:component_conta,0.25,0,,,
2026-09-27T16:32:29Z,50,3721758t3721759,TH:component_c-ust,0.00,0,,,
2026-09-27T16:32:29Z,50,3721758t3721760,TH:component_c-ust,0.00,0,,,
2026-09-27T16:32:29Z,50,3721758t3721761,TH:component_conta,0.00,0,,,
2026-09-27T16:32:29Z,50,3721758t3721762,TH:component_conta,0.00,0,,,
2026-09-27T16:32:29Z,50,3721758t3721763,TH:dds.shm.wdog,0.00,0,,,
2026-09-27T16:32:29Z,50,3721758t3721764,TH:dds.ev.0,0.46,0,,,
2026-09-27T16:32:29Z,50,3721758t3721765,TH:dds.udp.7418,0.04,0,,,
2026-09-27T16:32:29Z,50,3721758t3721766,TH:dds.udp.7400,0.00,0,,,
2026-09-27T16:32:29Z,50,3721758t3721767,TH:dds.shm.7419,3.19,0,,,
2026-09-27T16:32:29Z,50,3721758t3721768,TH:dds.udp.7419,0.00,0,,,
2026-09-27T16:32:29Z,50,3721758t3721769,TH:dds.asyn.0.0,0.08,0,,,
2026-09-27T16:32:29Z,50,3721758t3721770,TH:dds.shm.7004,0.01,0,,,
2026-09-27T16:32:29Z,50,3721758t3721771,TH:dds.udp.7004,0.00,0,,,
2026-09-27T16:32:29Z,50,3721758t3721772,TH:component_conta,0.01,0,,,
2026-09-27T16:32:29Z,50,3721758t3721780,TH:component_conta,3.15,0,,,
2026-09-27T16:32:29Z,50,3721758t3721782,TH:component_conta,2.51,0,,,
2026-09-27T16:32:29Z,50,3721758t3721783,TH:component_conta,2.34,0,,,
2026-09-27T16:32:29Z,50,3721758t3721784,TH:component_conta,2.74,0,,,
2026-09-27T16:32:29Z,50,3721758t3721785,TH:component_conta,3.31,0,,,
2026-09-27T16:32:29Z,50,3721758t3721786,TH:component_conta,3.79,0,,,
2026-09-27T16:32:29Z,50,3721758t3721787,TH:component_conta,1.93,0,,,
2026-09-27T16:32:29Z,50,3721758t3721788,TH:component_conta,2.38,0,,,
2026-09-27T16:32:29Z,50,3721758t3721789,TH:component_conta,2.54,0,,,
2026-09-27T16:32:29Z,50,3721758t3721790,TH:component_conta,2.24,0,,,
2026-09-27T16:32:29Z,50,3721758t3721792,TH:component_conta,8.69,0,,,
2026-09-27T16:32:29Z,50,3721758t3721793,TH:component_conta,0.06,0,,,
2026-09-27T16:32:29Z,50,3721758t3721794,TH:component_conta,0.36,0,,,
2026-09-27T16:32:29Z,50,3721758t3721795,TH:component_conta,0.11,0,,,
2026-09-27T16:32:29Z,50,3721758t3721796,TH:component_conta,0.02,0,,,
2026-09-27T16:32:29Z,50,3721758t3721797,TH:component_conta,5.21,0,,,
2026-09-27T16:32:29Z,50,3721758t3721798,TH:component_conta,0.02,0,,,
2026-09-27T16:32:29Z,50,3721758t3721799,TH:component_conta,0.31,0,,,
2026-09-27T16:32:29Z,50,3721758t3721800,TH:component_conta,0.00,0,,,
2026-09-27T16:32:29Z,50,3721758t3721801,TH:component_conta,0.27,0,,,
2026-09-27T16:32:29Z,50,3721758t3721802,TH:component_conta,0.08,0,,,
2026-09-27T16:32:29Z,50,3721758t3721803,TH:component_conta,0.02,0,,,
2026-09-27T16:32:29Z,50,3721758t3721804,TH:component_conta,0.02,0,,,
2026-09-27T16:32:29Z,50,3721758t3721805,TH:component_conta,0.00,0,,,
2026-09-27T16:32:29Z,50,3721758t3721806,TH:component_conta,0.32,0,,,
2026-09-27T16:32:29Z,50,3721758t3721807,TH:component_conta,0.00,0,,,
2026-09-27T16:32:29Z,50,3721758t3721808,TH:component_conta,0.00,0,,,
2026-09-27T16:32:29Z,50,3721758t3721809,TH:component_conta,0.38,0,,,
2026-09-27T16:32:29Z,50,3721758t3721825,TH:component_conta,0.41,0,,,
2026-09-27T16:32:29Z,50,3721758t3721827,TH:component_conta,0.42,0,,,
2026-09-27T16:32:29Z,50,3721758t3721829,TH:component_conta,0.00,0,,,
2026-09-27T16:32:29Z,50,3721758t3721830,TH:component_conta,0.00,0,,,
2026-09-27T16:32:29Z,50,3721758t3721831,TH:component_conta,0.45,0,,,
2026-09-27T16:32:29Z,50,3721758t3722075,TH:component_conta,0.15,0,,,
2026-09-27T16:32:29Z,50,3721758t3722080,TH:component_conta,0.27,0,,,
2026-09-27T16:32:29Z,50,3721758t3752476,TH:component_conta,0.10,0,,,
2026-09-27T16:32:29Z,50,3721758t3752479,TH:component_conta,0.61,0,,,
2026-09-27T16:32:29Z,50,3721013,python3,0.09,0.00,15,100,7
2026-09-27T16:32:29Z,50,3721013t3721013,TH:python3,7.98,0,,,
2026-09-27T16:32:29Z,50,3721013t3721015,TH:python3-ust,0.00,0,,,
2026-09-27T16:32:29Z,50,3721013t3721016,TH:python3-ust,0.00,0,,,
2026-09-27T16:32:29Z,50,3721013t3721017,TH:python3,0.00,0,,,
2026-09-27T16:32:29Z,50,3721013t3721018,TH:python3,0.00,0,,,
2026-09-27T16:32:29Z,50,3721013t3721019,TH:dds.shm.wdog,0.00,0,,,
2026-09-27T16:32:29Z,50,3721013t3721020,TH:dds.ev.0,0.22,0,,,
2026-09-27T16:32:29Z,50,3721013t3721021,TH:dds.udp.7410,0.10,0,,,
2026-09-27T16:32:29Z,50,3721013t3721022,TH:dds.udp.7400,0.00,0,,,
2026-09-27T16:32:29Z,50,3721013t3721023,TH:dds.shm.7411,0.07,0,,,
2026-09-27T16:32:29Z,50,3721013t3721024,TH:dds.udp.7411,0.00,0,,,
2026-09-27T16:32:29Z,50,3721013t3721025,TH:dds.asyn.0.0,0.00,0,,,
2026-09-27T16:32:29Z,50,3721013t3721026,TH:dds.shm.7000,0.02,0,,,
2026-09-27T16:32:29Z,50,3721013t3721027,TH:dds.udp.7000,0.00,0,,,
2026-09-27T16:32:29Z,50,3721013t3721028,TH:python3,0.01,0,,,
2026-09-27T16:32:29Z,50,3728113,python3,0.12,0.01,15,203,38
2026-09-27T16:32:29Z,50,3728113t3728113,TH:python3,6.42,0,,,
2026-09-27T16:32:29Z,50,3728113t3728117,TH:python3-ust,0.00,0,,,
2026-09-27T16:32:29Z,50,3728113t3728118,TH:python3-ust,0.00,0,,,
2026-09-27T16:32:29Z,50,3728113t3728121,TH:python3,0.00,0,,,
2026-09-27T16:32:29Z,50,3728113t3728122,TH:python3,0.00,0,,,
2026-09-27T16:32:29Z,50,3728113t3728123,TH:dds.shm.wdog,0.00,0,,,
2026-09-27T16:32:29Z,50,3728113t3728124,TH:dds.ev.0,0.08,0,,,
2026-09-27T16:32:29Z,50,3728113t3728125,TH:dds.udp.7420,0.05,0,,,
2026-09-27T16:32:29Z,50,3728113t3728126,TH:dds.udp.7400,0.00,0,,,
2026-09-27T16:32:29Z,50,3728113t3728127,TH:dds.shm.7421,0.41,0,,,
2026-09-27T16:32:29Z,50,3728113t3728128,TH:dds.udp.7421,0.00,0,,,
2026-09-27T16:32:29Z,50,3728113t3728129,TH:dds.asyn.0.0,0.00,0,,,
2026-09-27T16:32:29Z,50,3728113t3728130,TH:dds.shm.7005,0.00,0,,,
2026-09-27T16:32:29Z,50,3728113t3728131,TH:dds.udp.7005,0.00,0,,,
2026-09-27T16:32:29Z,50,3728113t3728132,TH:python3,0.00,0,,,
2026-09-27T16:32:31Z,51,3721725,lifelong_slam_t,1.05,0.03,33,22,971
2026-09-27T16:32:31Z,51,3721758,component_conta,0.96,0.10,52,0,0
2026-09-27T16:32:31Z,51,3721013,python3,0.12,0.01,15,101,523
2026-09-27T16:32:31Z,51,3728113,python3,0.14,0.01,15,211,937
2026-09-27T16:32:33Z,52,3721725,lifelong_slam_t,1.06,0.03,33,20,12
2026-09-27T16:32:33Z,52,3721758,component_conta,0.91,0.08,52,0,0
2026-09-27T16:32:33Z,52,3721013,python3,0.09,0.00,15,100,35
2026-09-27T16:32:33Z,52,3728113,python3,0.12,0.01,15,203,37
2026-09-27T16:32:35Z,53,3721725,lifelong_slam_t,1.16,0.02,33,23,83
2026-09-27T16:32:35Z,53,3721758,component_conta,0.93,0.09,52,0,0
2026-09-27T16:32:35Z,53,3721013,python3,0.09,0.00,15,100,14
2026-09-27T16:32:35Z,53,3728113,python3,0.12,0.02,15,201,4
2026-09-27T16:32:37Z,54,3721725,lifelong_slam_t,0.68,0.02,33,14,453
2026-09-27T16:32:37Z,54,3721758,component_conta,0.91,0.12,52,0,0
2026-09-27T16:32:37Z,54,3721013,python3,0.11,0.00,15,101,539
2026-09-27T16:32:37Z,54,3728113,python3,0.13,0.02,15,216,951
2026-09-27T16:32:39Z,55,3721725,lifelong_slam_t,0.78,0.01,33,14,6
2026-09-27T16:32:39Z,55,3721758,component_conta,0.87,0.04,52,0,0
2026-09-27T16:32:39Z,55,3721013,python3,0.08,0.00,15,100,21
2026-09-27T16:32:39Z,55,3728113,python3,0.12,0.01,15,201,12
2026-09-27T16:32:41Z,56,3721725,lifelong_slam_t,0.88,0.02,33,13,160
2026-09-27T16:32:41Z,56,3721758,component_conta,0.97,0.07,52,0,0
2026-09-27T16:32:41Z,56,3721013,python3,0.10,0.00,15,100,8
2026-09-27T16:32:41Z,56,3728113,python3,0.13,0.01,15,205,2
2026-09-27T16:32:43Z,57,3721725,lifelong_slam_t,0.78,0.01,33,16,346
2026-09-27T16:32:43Z,57,3721758,component_conta,0.92,0.08,52,0,0
2026-09-27T16:32:43Z,57,3721013,python3,0.10,0.01,15,100,299
2026-09-27T16:32:43Z,57,3728113,python3,0.14,0.01,15,204,433
2026-09-27T16:32:45Z,58,3721725,lifelong_slam_t,0.78,0.01,33,16,26
2026-09-27T16:32:45Z,58,3721758,component_conta,0.93,0.08,52,0,0
2026-09-27T16:32:45Z,58,3721013,python3,0.09,0.00,15,100,60
2026-09-27T16:32:45Z,58,3728113,python3,0.12,0.01,15,203,152
2026-09-27T16:32:47Z,59,3721725,lifelong_slam_t,0.72,0.02,33,13,4
2026-09-27T16:32:47Z,59,3721758,component_conta,0.83,0.07,50,0,0
2026-09-27T16:32:47Z,59,3721013,python3,0.10,0.00,15,100,0
2026-09-27T16:32:47Z,59,3728113,python3,0.08,0.01,15,113,0
2026-09-27T16:32:49Z,60,3721725,lifelong_slam_t,0.64,0.01,33,11,110
2026-09-27T16:32:49Z,60,3721725t3721725,TH:lifelong_slam_t,27.59,0,,,
2026-09-27T16:32:49Z,60,3721725t3721727,TH:lifelong_sl-ust,0.00,0,,,
2026-09-27T16:32:49Z,60,3721725t3721728,TH:lifelong_sl-ust,0.00,0,,,
2026-09-27T16:32:49Z,60,3721725t3721729,TH:lifelong_slam_t,0.00,0,,,
2026-09-27T16:32:49Z,60,3721725t3721730,TH:lifelong_slam_t,0.00,0,,,
2026-09-27T16:32:49Z,60,3721725t3721731,TH:dds.shm.wdog,0.00,0,,,
2026-09-27T16:32:49Z,60,3721725t3721732,TH:dds.ev.0,0.27,0,,,
2026-09-27T16:32:49Z,60,3721725t3721733,TH:dds.udp.7414,0.11,0,,,
2026-09-27T16:32:49Z,60,3721725t3721734,TH:dds.udp.7400,0.00,0,,,
2026-09-27T16:32:49Z,60,3721725t3721735,TH:dds.shm.7415,0.55,0,,,
2026-09-27T16:32:49Z,60,3721725t3721736,TH:dds.udp.7415,0.00,0,,,
2026-09-27T16:32:49Z,60,3721725t3721737,TH:dds.asyn.0.0,0.00,0,,,
2026-09-27T16:32:49Z,60,3721725t3721738,TH:dds.shm.7002,0.02,0,,,
2026-09-27T16:32:49Z,60,3721725t3721739,TH:dds.udp.7002,0.00,0,,,
2026-09-27T16:32:49Z,60,3721725t3721740,TH:lifelong_slam_t,0.01,0,,,
2026-09-27T16:32:49Z,60,3721725t3721754,TH:lifelong_slam_t,0.61,0,,,
2026-09-27T16:32:49Z,60,3721725t3721755,TH:lifelong_slam_t,0.52,0,,,
2026-09-27T16:32:49Z,60,3721725t3721756,TH:lifelong_slam_t,1.58,0,,,
2026-09-27T16:32:49Z,60,3721725t3721773,TH:lifelong_slam_t,5.65,0,,,
2026-09-27T16:32:49Z,60,3721725t3721774,TH:lifelong_slam_t,5.65,0,,,
2026-09-27T16:32:49Z,60,3721725t3721775,TH:lifelong_slam_t,5.75,0,,,
2026-09-27T16:32:49Z,60,3721725t3721776,TH:lifelong_slam_t,5.74,0,,,
2026-09-27T16:32:49Z,60,3721725t3721777,TH:lifelong_slam_t,5.70,0,,,
2026-09-27T16:32:49Z,60,3721725t3721778,TH:lifelong_slam_t,5.56,0,,,
2026-09-27T16:32:49Z,60,3721725t3721779,TH:lifelong_slam_t,5.61,0,,,
2026-09-27T16:32:49Z,60,3721725t3722869,TH:lifelong_slam_t,0.00,0,,,
2026-09-27T16:32:49Z,60,3721725t3722870,TH:lifelong_slam_t,0.00,0,,,
2026-09-27T16:32:49Z,60,3721725t3722871,TH:lifelong_slam_t,0.00,0,,,
2026-09-27T16:32:49Z,60,3721725t3722872,TH:lifelong_slam_t,0.00,0,,,
2026-09-27T16:32:49Z,60,3721725t3722873,TH:lifelong_slam_t,0.00,0,,,
2026-09-27T16:32:49Z,60,3721725t3722874,TH:lifelong_slam_t,0.00,0,,,
2026-09-27T16:32:49Z,60,3721725t3722875,TH:lifelong_slam_t,0.00,0,,,
2026-09-27T16:32:49Z,60,3721725t3722876,TH:lifelong_slam_t,0.00,0,,,
2026-09-27T16:32:49Z,60,3721758,component_conta,0.65,0.08,52,0,0
2026-09-27T16:32:49Z,60,3721758t3721758,TH:component_conta,0.25,0,,,
2026-09-27T16:32:49Z,60,3721758t3721759,TH:component_c-ust,0.00,0,,,
2026-09-27T16:32:49Z,60,3721758t3721760,TH:component_c-ust,0.00,0,,,
2026-09-27T16:32:49Z,60,3721758t3721761,TH:component_conta,0.00,0,,,
2026-09-27T16:32:49Z,60,3721758t3721762,TH:component_conta,0.00,0,,,
2026-09-27T16:32:49Z,60,3721758t3721763,TH:dds.shm.wdog,0.00,0,,,
2026-09-27T16:32:49Z,60,3721758t3721764,TH:dds.ev.0,0.51,0,,,
2026-09-27T16:32:49Z,60,3721758t3721765,TH:dds.udp.7418,0.04,0,,,
2026-09-27T16:32:49Z,60,3721758t3721766,TH:dds.udp.7400,0.00,0,,,
2026-09-27T16:32:49Z,60,3721758t3721767,TH:dds.shm.7419,3.61,0,,,
2026-09-27T16:32:49Z,60,3721758t3721768,TH:dds.udp.7419,0.00,0,,,
2026-09-27T16:32:49Z,60,3721758t3721769,TH:dds.asyn.0.0,0.08,0,,,
2026-09-27T16:32:49Z,60,3721758t3721770,TH:dds.shm.7004,0.01,0,,,
2026-09-27T16:32:49Z,60,3721758t3721771,TH:dds.udp.7004,0.00,0,,,
2026-09-27T16:32:49Z,60,3721758t3721772,TH:component_conta,0.01,0,,,
2026-09-27T16:32:49Z,60,3721758t3721780,TH:component_conta,3.56,0,,,
2026-09-27T16:32:49Z,60,3721758t3721782,TH:component_conta,2.84,0,,,
2026-09-27T16:32:49Z,60,3721758t3721783,TH:component_conta,2.64,0,,,
2026-09-27T16:32:49Z,60,3721758t3721784,TH:component_conta,3.10,0,,,
2026-09-27T16:32:49Z,60,3721758t3721785,TH:component_conta,3.75,0,,,
2026-09-27T16:32:49Z,60,3721758t3721786,TH:component_conta,4.31,0,,,
2026-09-27T16:32:49Z,60,3721758t3721787,TH:component_conta,2.18,0,,,
2026-09-27T16:32:49Z,60,3721758t3721788,TH:component_conta,2.71,0,,,
2026-09-27T16:32:49Z,60,3721758t3721789,TH:component_conta,2.91,0,,,
2026-09-27T16:32:49Z,60,3721758t3721790,TH:component_conta,2.54,0,,,
2026-09-27T16:32:49Z,60,3721758t3721792,TH:component_conta,9.90,0,,,
2026-09-27T16:32:49Z,60,3721758t3721793,TH:component_conta,0.07,0,,,
2026-09-27T16:32:49Z,60,3721758t3721794,TH:component_conta,0.41,0,,,
2026-09-27T16:32:49Z,60,3721758t3721795,TH:component_conta,0.12,0,,,
2026-09-27T16:32:49Z,60,3721758t3721796,TH:component_conta,0.02,0,,,
2026-09-27T16:32:49Z,60,3721758t3721797,TH:component_conta,6.21,0,,,
2026-09-27T16:32:49Z,60,3721758t3721798,TH:component_conta,0.02,0,,,
2026-09-27T16:32:49Z,60,3721758t3721799,TH:component_conta,0.35,0,,,
2026-09-27T16:32:49Z,60,3721758t3721800,TH:component_conta,0.00,0,,,
2026-09-27T16:32:49Z,60,3721758t3721801,TH:component_conta,0.31,0,,,
2026-09-27T16:32:49Z,60,3721758t3721802,TH:component_conta,0.09,0,,,
2026-09-27T16:32:49Z,60,3721758t3721803,TH:component_conta,0.02,0,,,
2026-09-27T16:32:49Z,60,3721758t3721804,TH:component_conta,0.02,0,,,
2026-09-27T16:32:49Z,60,3721758t3721805,TH:component_conta,0.00,0,,,
2026-09-27T16:32:49Z,60,3721758t3721806,TH:component_conta,0.36,0,,,
2026-09-27T16:32:49Z,60,3721758t3721807,TH:component_conta,0.00,0,,,
2026-09-27T16:32:49Z,60,3721758t3721808,TH:component_conta,0.00,0,,,
2026-09-27T16:32:49Z,60,3721758t3721809,TH:component_conta,0.44,0,,,
2026-09-27T16:32:49Z,60,3721758t3721825,TH:component_conta,0.46,0,,,
2026-09-27T16:32:49Z,60,3721758t3721827,TH:component_conta,0.47,0,,,
2026-09-27T16:32:49Z,60,3721758t3721829,TH:component_conta,0.00,0,,,
2026-09-27T16:32:49Z,60,3721758t3721830,TH:component_conta,0.00,0,,,
2026-09-27T16:32:49Z,60,3721758t3721831,TH:component_conta,0.51,0,,,
2026-09-27T16:32:49Z,60,3721758t3722075,TH:component_conta,0.17,0,,,
2026-09-27T16:32:49Z,60,3721758t3722080,TH:component_conta,0.31,0,,,
2026-09-27T16:32:49Z,60,3721758t3758113,TH:component_conta,0.02,0,,,
2026-09-27T16:32:49Z,60,3721758t3758640,TH:component_conta,0.04,0,,,
2026-09-27T16:32:49Z,60,3721013,python3,0.09,0.00,15,103,192
2026-09-27T16:32:49Z,60,3721013t3721013,TH:python3,8.94,0,,,
2026-09-27T16:32:49Z,60,3721013t3721015,TH:python3-ust,0.00,0,,,
2026-09-27T16:32:49Z,60,3721013t3721016,TH:python3-ust,0.00,0,,,
2026-09-27T16:32:49Z,60,3721013t3721017,TH:python3,0.00,0,,,
2026-09-27T16:32:49Z,60,3721013t3721018,TH:python3,0.00,0,,,
2026-09-27T16:32:49Z,60,3721013t3721019,TH:dds.shm.wdog,0.00,0,,,
2026-09-27T16:32:49Z,60,3721013t3721020,TH:dds.ev.0,0.25,0,,,
2026-09-27T16:32:49Z,60,3721013t3721021,TH:dds.udp.7410,0.10,0,,,
2026-09-27T16:32:49Z,60,3721013t3721022,TH:dds.udp.7400,0.00,0,,,
2026-09-27T16:32:49Z,60,3721013t3721023,TH:dds.shm.7411,0.07,0,,,
2026-09-27T16:32:49Z,60,3721013t3721024,TH:dds.udp.7411,0.00,0,,,
2026-09-27T16:32:49Z,60,3721013t3721025,TH:dds.asyn.0.0,0.00,0,,,
2026-09-27T16:32:49Z,60,3721013t3721026,TH:dds.shm.7000,0.02,0,,,
2026-09-27T16:32:49Z,60,3721013t3721027,TH:dds.udp.7000,0.00,0,,,
2026-09-27T16:32:49Z,60,3721013t3721028,TH:python3,0.01,0,,,
2026-09-27T16:32:49Z,60,3728113,python3,0.07,0.00,15,98,236
2026-09-27T16:32:49Z,60,3728113t3728113,TH:python3,7.60,0,,,
2026-09-27T16:32:49Z,60,3728113t3728117,TH:python3-ust,0.00,0,,,
2026-09-27T16:32:49Z,60,3728113t3728118,TH:python3-ust,0.00,0,,,
2026-09-27T16:32:49Z,60,3728113t3728121,TH:python3,0.00,0,,,
2026-09-27T16:32:49Z,60,3728113t3728122,TH:python3,0.00,0,,,
2026-09-27T16:32:49Z,60,3728113t3728123,TH:dds.shm.wdog,0.00,0,,,
2026-09-27T16:32:49Z,60,3728113t3728124,TH:dds.ev.0,0.09,0,,,
2026-09-27T16:32:49Z,60,3728113t3728125,TH:dds.udp.7420,0.05,0,,,
2026-09-27T16:32:49Z,60,3728113t3728126,TH:dds.udp.7400,0.00,0,,,
2026-09-27T16:32:49Z,60,3728113t3728127,TH:dds.shm.7421,0.49,0,,,
2026-09-27T16:32:49Z,60,3728113t3728128,TH:dds.udp.7421,0.00,0,,,
2026-09-27T16:32:49Z,60,3728113t3728129,TH:dds.asyn.0.0,0.00,0,,,
2026-09-27T16:32:49Z,60,3728113t3728130,TH:dds.shm.7005,0.00,0,,,
2026-09-27T16:32:49Z,60,3728113t3728131,TH:dds.udp.7005,0.00,0,,,
2026-09-27T16:32:49Z,60,3728113t3728132,TH:python3,0.00,0,,,
2026-09-27T16:32:51Z,61,3721725,lifelong_slam_t,0.62,0.03,33,12,452
2026-09-27T16:32:51Z,61,3721758,component_conta,1.02,0.09,52,0,0
2026-09-27T16:32:51Z,61,3721013,python3,0.10,0.01,15,100,300
2026-09-27T16:32:51Z,61,3728113,python3,0.14,0.00,15,205,493
2026-09-27T16:32:53Z,62,3721725,lifelong_slam_t,0.73,0.01,33,16,4
2026-09-27T16:32:53Z,62,3721758,component_conta,1.00,0.07,52,0,0
2026-09-27T16:32:53Z,62,3721013,python3,0.09,0.00,15,100,1
2026-09-27T16:32:53Z,62,3728113,python3,0.13,0.01,15,201,2
2026-09-27T16:32:55Z,63,3721725,lifelong_slam_t,1.03,0.02,33,19,37
2026-09-27T16:32:55Z,63,3721758,component_conta,0.96,0.07,52,0,0
2026-09-27T16:32:55Z,63,3721013,python3,0.10,0.00,15,100,88
2026-09-27T16:32:55Z,63,3728113,python3,0.13,0.01,15,204,57
2026-09-27T16:32:57Z,64,3721725,lifelong_slam_t,0.98,0.02,33,21,251
2026-09-27T16:32:57Z,64,3721758,component_conta,0.90,0.09,52,0,0
2026-09-27T16:32:57Z,64,3721013,python3,0.10,0.00,15,102,315
2026-09-27T16:32:57Z,64,3728113,python3,0.14,0.01,15,205,503
2026-09-27T16:32:59Z,65,3721725,lifelong_slam_t,0.92,0.01,33,15,8
2026-09-27T16:32:59Z,65,3721758,component_conta,0.97,0.09,52,0,0
2026-09-27T16:32:59Z,65,3721013,python3,0.10,0.00,15,100,0
2026-09-27T16:32:59Z,65,3728113,python3,0.13,0.00,15,202,5
2026-09-27T16:33:01Z,66,3721725,lifelong_slam_t,0.86,0.03,33,18,139
2026-09-27T16:33:01Z,66,3721758,component_conta,0.96,0.10,52,0,0
2026-09-27T16:33:01Z,66,3721013,python3,0.11,0.00,15,100,8
2026-09-27T16:33:01Z,66,3728113,python3,0.14,0.00,15,204,5
2026-09-27T16:33:03Z,67,3721725,lifelong_slam_t,1.32,0.05,33,26,458
2026-09-27T16:33:03Z,67,3721758,component_conta,0.92,0.15,52,0,0
2026-09-27T16:33:03Z,67,3721013,python3,0.11,0.01,15,101,445
2026-09-27T16:33:03Z,67,3728113,python3,0.15,0.01,15,207,893
2026-09-27T16:33:05Z,68,3721725,lifelong_slam_t,1.14,0.01,33,17,37
2026-09-27T16:33:05Z,68,3721758,component_conta,0.97,0.12,52,0,0
2026-09-27T16:33:05Z,68,3721013,python3,0.10,0.00,15,101,23
2026-09-27T16:33:05Z,68,3728113,python3,0.13,0.00,15,205,5
2026-09-27T16:33:07Z,69,3721725,lifelong_slam_t,0.92,0.03,33,16,19
2026-09-27T16:33:07Z,69,3721758,component_conta,0.92,0.08,52,0,0
2026-09-27T16:33:07Z,69,3721013,python3,0.10,0.00,15,100,1
2026-09-27T16:33:07Z,69,3728113,python3,0.14,0.00,15,203,0
2026-09-27T16:33:09Z,70,3721725,lifelong_slam_t,0.70,0.01,33,13,211
2026-09-27T16:33:09Z,70,3721725t3721725,TH:lifelong_slam_t,31.67,0,,,
2026-09-27T16:33:09Z,70,3721725t3721727,TH:lifelong_sl-ust,0.00,0,,,
2026-09-27T16:33:09Z,70,3721725t3721728,TH:lifelong_sl-ust,0.00,0,,,
2026-09-27T16:33:09Z,70,3721725t3721729,TH:lifelong_slam_t,0.00,0,,,
2026-09-27T16:33:09Z,70,3721725t3721730,TH:lifelong_slam_t,0.00,0,,,
2026-09-27T16:33:09Z,70,3721725t3721731,TH:dds.shm.wdog,0.00,0,,,
2026-09-27T16:33:09Z,70,3721725t3721732,TH:dds.ev.0,0.28,0,,,
2026-09-27T16:33:09Z,70,3721725t3721733,TH:dds.udp.7414,0.11,0,,,
2026-09-27T16:33:09Z,70,3721725t3721734,TH:dds.udp.7400,0.00,0,,,
2026-09-27T16:33:09Z,70,3721725t3721735,TH:dds.shm.7415,0.61,0,,,
2026-09-27T16:33:09Z,70,3721725t3721736,TH:dds.udp.7415,0.00,0,,,
2026-09-27T16:33:09Z,70,3721725t3721737,TH:dds.asyn.0.0,0.00,0,,,
2026-09-27T16:33:09Z,70,3721725t3721738,TH:dds.shm.7002,0.02,0,,,
2026-09-27T16:33:09Z,70,3721725t3721739,TH:dds.udp.7002,0.00,0,,,
2026-09-27T16:33:09Z,70,3721725t3721740,TH:lifelong_slam_t,0.01,0,,,
2026-09-27T16:33:09Z,70,3721725t3721754,TH:lifelong_slam_t,0.69,0,,,
2026-09-27T16:33:09Z,70,3721725t3721755,TH:lifelong_slam_t,0.57,0,,,
2026-09-27T16:33:09Z,70,3721725t3721756,TH:lifelong_slam_t,1.91,0,,,
2026-09-27T16:33:09Z,70,3721725t3721773,TH:lifelong_slam_t,6.35,0,,,
2026-09-27T16:33:09Z,70,3721725t3721774,TH:lifelong_slam_t,6.35,0,,,
2026-09-27T16:33:09Z,70,3721725t3721775,TH:lifelong_slam_t,6.43,0,,,
2026-09-27T16:33:09Z,70,3721725t3721776,TH:lifelong_slam_t,6.42,0,,,
2026-09-27T16:33:09Z,70,3721725t3721777,TH:lifelong_slam_t,6.39,0,,,
2026-09-27T16:33:09Z,70,3721725t3721778,TH:lifelong_slam_t,6.25,0,,,
2026-09-27T16:33:09Z,70,3721725t3721779,TH:lifelong_slam_t,6.30,0,,,
2026-09-27T16:33:09Z,70,3721725t3722869,TH:lifelong_slam_t,0.00,0,,,
2026-09-27T16:33:09Z,70,3721725t3722870,TH:lifelong_slam_t,0.00,0,,,
2026-09-27T16:33:09Z,70,3721725t3722871,TH:lifelong_slam_t,0.01,0,,,
2026-09-27T16:33:09Z,70,3721725t3722872,TH:lifelong_slam_t,0.00,0,,,
2026-09-27T16:33:09Z,70,3721725t3722873,TH:lifelong_slam_t,0.00,0,,,
2026-09-27T16:33:09Z,70,3721725t3722874,TH:lifelong_slam_t,0.00,0,,,
2026-09-27T16:33:09Z,70,3721725t3722875,TH:lifelong_slam_t,0.00,0,,,
2026-09-27T16:33:09Z,70,3721725t3722876,TH:lifelong_slam_t,0.00,0,,,
2026-09-27T16:33:09Z,70,3721758,component_conta,0.92,0.12,52,0,0
2026-09-27T16:33:09Z,70,3721758t3721758,TH:component_conta,0.25,0,,,
2026-09-27T16:33:09Z,70,3721758t3721759,TH:component_c-ust,0.00,0,,,
2026-09-27T16:33:09Z,70,3721758t3721760,TH:component_c-ust,0.00,0,,,
2026-09-27T16:33:09Z,70,3721758t3721761,TH:component_conta,0.00,0,,,
2026-09-27T16:33:09Z,70,3721758t3721762,TH:component_conta,0.00,0,,,
2026-09-27T16:33:09Z,70,3721758t3721763,TH:dds.shm.wdog,0.00,0,,,
2026-09-27T16:33:09Z,70,3721758t3721764,TH:dds.ev.0,0.56,0,,,
2026-09-27T16:33:09Z,70,3721758t3721765,TH:dds.udp.7418,0.05,0,,,
2026-09-27T16:33:09Z,70,3721758t3721766,TH:dds.udp.7400,0.01,0,,,
2026-09-27T16:33:09Z,70,3721758t3721767,TH:dds.shm.7419,4.02,0,,,
2026-09-27T16:33:09Z,70,3721758t3721768,TH:dds.udp.7419,0.00,0,,,
2026-09-27T16:33:09Z,70,3721758t3721769,TH:dds.asyn.0.0,0.08,0,,,
2026-09-27T16:33:09Z,70,3721758t3721770,TH:dds.shm.7004,0.01,0,,,
2026-09-27T16:33:09Z,70,3721758t3721771,TH:dds.udp.7004,0.00,0,,,
2026-09-27T16:33:09Z,70,3721758t3721772,TH:component_conta,0.01,0,,,
2026-09-27T16:33:09Z,70,3721758t3721780,TH:component_conta,3.99,0,,,
2026-09-27T16:33:09Z,70,3721758t3721782,TH:component_conta,3.21,0,,,
2026-09-27T16:33:09Z,70,3721758t3721783,TH:component_conta,2.97,0,,,
2026-09-27T16:33:09Z,70,3721758t3721784,TH:component_conta,3.50,0,,,
2026-09-27T16:33:09Z,70,3721758t3721785,TH:component_conta,4.22,0,,,
2026-09-27T16:33:09Z,70,3721758t3721786,TH:component_conta,4.86,0,,,
2026-09-27T16:33:09Z,70,3721758t3721787,TH:component_conta,2.46,0,,,
2026-09-27T16:33:09Z,70,3721758t3721788,TH:component_conta,3.06,0,,,
2026-09-27T16:33:09Z,70,3721758t3721789,TH:component_conta,3.29,0,,,
2026-09-27T16:33:09Z,70,3721758t3721790,TH:component_conta,2.83,0,,,
2026-09-27T16:33:09Z,70,3721758t3721792,TH:component_conta,11.14,0,,,
2026-09-27T16:33:09Z,70,3721758t3721793,TH:component_conta,0.07,0,,,
2026-09-27T16:33:09Z,70,3721758t3721794,TH:component_conta,0.45,0,,,
2026-09-27T16:33:09Z,70,3721758t3721795,TH:component_conta,0.13,0,,,
2026-09-27T16:33:09Z,70,3721758t3721796,TH:component_conta,0.02,0,,,
2026-09-27T16:33:09Z,70,3721758t3721797,TH:component_conta,7.35,0,,,
2026-09-27T16:33:09Z,70,3721758t3721798,TH:component_conta,0.03,0,,,
2026-09-27T16:33:09Z,70,3721758t3721799,TH:component_conta,0.39,0,,,
2026-09-27T16:33:09Z,70,3721758t3721800,TH:component_conta,0.00,0,,,
2026-09-27T16:33:09Z,70,3721758t3721801,TH:component_conta,0.34,0,,,
2026-09-27T16:33:09Z,70,3721758t3721802,TH:component_conta,0.10,0,,,
2026-09-27T16:33:09Z,70,3721758t3721803,TH:component_conta,0.03,0,,,
2026-09-27T16:33:09Z,70,3721758t3721804,TH:component_conta,0.04,0,,,
2026-09-27T16:33:09Z,70,3721758t3721805,TH:component_conta,0.00,0,,,
2026-09-27T16:33:09Z,70,3721758t3721806,TH:component_conta,0.41,0,,,
2026-09-27T16:33:09Z,70,3721758t3721807,TH:component_conta,0.00,0,,,
2026-09-27T16:33:09Z,70,3721758t3721808,TH:component_conta,0.00,0,,,
2026-09-27T16:33:09Z,70,3721758t3721809,TH:component_conta,0.48,0,,,
2026-09-27T16:33:09Z,70,3721758t3721825,TH:component_conta,0.51,0,,,
2026-09-27T16:33:09Z,70,3721758t3721827,TH:component_conta,0.53,0,,,
2026-09-27T16:33:09Z,70,3721758t3721829,TH:component_conta,0.00,0,,,
2026-09-27T16:33:09Z,70,3721758t3721830,TH:component_conta,0.00,0,,,
2026-09-27T16:33:09Z,70,3721758t3721831,TH:component_conta,0.57,0,,,
2026-09-27T16:33:09Z,70,3721758t3722075,TH:component_conta,0.19,0,,,
2026-09-27T16:33:09Z,70,3721758t3722080,TH:component_conta,0.35,0,,,
2026-09-27T16:33:09Z,70,3721758t3758113,TH:component_conta,0.55,0,,,
2026-09-27T16:33:09Z,70,3721758t3758640,TH:component_conta,2.83,0,,,
2026-09-27T16:33:09Z,70,3721013,python3,0.10,0.00,15,100,460
2026-09-27T16:33:09Z,70,3721013t3721013,TH:python3,9.92,0,,,
2026-09-27T16:33:09Z,70,3721013t3721015,TH:python3-ust,0.00,0,,,
2026-09-27T16:33:09Z,70,3721013t3721016,TH:python3-ust,0.00,0,,,
2026-09-27T16:33:09Z,70,3721013t3721017,TH:python3,0.00,0,,,
2026-09-27T16:33:09Z,70,3721013t3721018,TH:python3,0.00,0,,,
2026-09-27T16:33:09Z,70,3721013t3721019,TH:dds.shm.wdog,0.00,0,,,
2026-09-27T16:33:09Z,70,3721013t3721020,TH:dds.ev.0,0.28,0,,,
2026-09-27T16:33:09Z,70,3721013t3721021,TH:dds.udp.7410,0.10,0,,,
2026-09-27T16:33:09Z,70,3721013t3721022,TH:dds.udp.7400,0.00,0,,,
2026-09-27T16:33:09Z,70,3721013t3721023,TH:dds.shm.7411,0.07,0,,,
2026-09-27T16:33:09Z,70,3721013t3721024,TH:dds.udp.7411,0.00,0,,,
2026-09-27T16:33:09Z,70,3721013t3721025,TH:dds.asyn.0.0,0.00,0,,,
2026-09-27T16:33:09Z,70,3721013t3721026,TH:dds.shm.7000,0.02,0,,,
2026-09-27T16:33:09Z,70,3721013t3721027,TH:dds.udp.7000,0.00,0,,,
2026-09-27T16:33:09Z,70,3721013t3721028,TH:python3,0.01,0,,,
2026-09-27T16:33:09Z,70,3728113,python3,0.14,0.00,15,207,564
2026-09-27T16:33:09Z,70,3728113t3728113,TH:python3,8.91,0,,,
2026-09-27T16:33:09Z,70,3728113t3728117,TH:python3-ust,0.00,0,,,
2026-09-27T16:33:09Z,70,3728113t3728118,TH:python3-ust,0.00,0,,,
2026-09-27T16:33:09Z,70,3728113t3728121,TH:python3,0.00,0,,,
2026-09-27T16:33:09Z,70,3728113t3728122,TH:python3,0.00,0,,,
2026-09-27T16:33:09Z,70,3728113t3728123,TH:dds.shm.wdog,0.00,0,,,
2026-09-27T16:33:09Z,70,3728113t3728124,TH:dds.ev.0,0.11,0,,,
2026-09-27T16:33:09Z,70,3728113t3728125,TH:dds.udp.7420,0.05,0,,,
2026-09-27T16:33:09Z,70,3728113t3728126,TH:dds.udp.7400,0.00,0,,,
2026-09-27T16:33:09Z,70,3728113t3728127,TH:dds.shm.7421,0.57,0,,,
2026-09-27T16:33:09Z,70,3728113t3728128,TH:dds.udp.7421,0.00,0,,,
2026-09-27T16:33:09Z,70,3728113t3728129,TH:dds.asyn.0.0,0.00,0,,,
2026-09-27T16:33:09Z,70,3728113t3728130,TH:dds.shm.7005,0.00,0,,,
2026-09-27T16:33:09Z,70,3728113t3728131,TH:dds.udp.7005,0.00,0,,,
2026-09-27T16:33:09Z,70,3728113t3728132,TH:python3,0.00,0,,,
2026-09-27T16:33:11Z,71,3721725,lifelong_slam_t,0.77,0.02,33,20,50
2026-09-27T16:33:11Z,71,3721758,component_conta,0.71,0.08,50,0,0
2026-09-27T16:33:11Z,71,3721013,python3,0.10,0.00,15,100,12
2026-09-27T16:33:11Z,71,3728113,python3,0.09,0.00,15,119,4
2026-09-27T16:33:13Z,72,3721725,lifelong_slam_t,0.82,0.00,33,13,9
2026-09-27T16:33:13Z,72,3721758,component_conta,0.71,0.07,52,0,0
2026-09-27T16:33:13Z,72,3721013,python3,0.09,0.00,15,100,1
2026-09-27T16:33:13Z,72,3728113,python3,0.06,0.00,15,90,2
2026-09-27T16:33:15Z,73,3721725,lifelong_slam_t,0.83,0.02,33,17,534
2026-09-27T16:33:15Z,73,3721758,component_conta,0.97,0.11,52,0,0
2026-09-27T16:33:15Z,73,3721013,python3,0.11,0.00,15,100,299
2026-09-27T16:33:15Z,73,3728113,python3,0.14,0.01,15,205,427
2026-09-27T16:33:17Z,74,3721725,lifelong_slam_t,0.76,0.02,33,12,119
2026-09-27T16:33:17Z,74,3721758,component_conta,1.01,0.08,52,0,0
2026-09-27T16:33:17Z,74,3721013,python3,0.11,0.00,15,100,115
2026-09-27T16:33:17Z,74,3728113,python3,0.14,0.01,15,203,219
2026-09-27T16:33:19Z,75,3721725,lifelong_slam_t,0.82,0.02,33,15,4
2026-09-27T16:33:19Z,75,3721758,component_conta,0.90,0.07,52,0,0
2026-09-27T16:33:19Z,75,3721013,python3,0.10,0.00,15,100,2
2026-09-27T16:33:19Z,75,3728113,python3,0.13,0.00,15,200,0
2026-09-27T16:33:21Z,76,3721725,lifelong_slam_t,0.96,0.01,33,20,224
2026-09-27T16:33:21Z,76,3721758,component_conta,0.94,0.10,52,0,0
2026-09-27T16:33:21Z,76,3721013,python3,0.11,0.01,15,101,175
2026-09-27T16:33:21Z,76,3728113,python3,0.14,0.00,15,202,156
2026-09-27T16:33:23Z,77,3721725,lifelong_slam_t,0.91,0.03,33,17,273
2026-09-27T16:33:23Z,77,3721758,component_conta,0.86,0.09,52,0,0
2026-09-27T16:33:23Z,77,3721013,python3,0.09,0.00,15,100,299
2026-09-27T16:33:23Z,77,3728113,python3,0.14,0.00,15,201,567
2026-09-27T16:33:25Z,78,3721725,lifelong_slam_t,0.82,0.02,33,14,27
2026-09-27T16:33:25Z,78,3721758,component_conta,0.93,0.09,52,0,0
2026-09-27T16:33:25Z,78,3721013,python3,0.11,0.00,15,100,58
2026-09-27T16:33:25Z,78,3728113,python3,0.14,0.01,15,200,12
2026-09-27T16:33:27Z,79,3721725,lifelong_slam_t,0.66,0.02,33,12,87
2026-09-27T16:33:27Z,79,3721758,component_conta,0.93,0.08,52,0,0
2026-09-27T16:33:27Z,79,3721013,python3,0.10,0.00,15,100,15
2026-09-27T16:33:27Z,79,3728113,python3,0.15,0.00,15,201,25
2026-09-27T16:33:29Z,80,3721725,lifelong_slam_t,0.89,0.02,33,14,568
2026-09-27T16:33:29Z,80,3721725t3721725,TH:lifelong_slam_t,35.66,0,,,
2026-09-27T16:33:29Z,80,3721725t3721727,TH:lifelong_sl-ust,0.00,0,,,
2026-09-27T16:33:29Z,80,3721725t3721728,TH:lifelong_sl-ust,0.00,0,,,
2026-09-27T16:33:29Z,80,3721725t3721729,TH:lifelong_slam_t,0.00,0,,,
2026-09-27T16:33:29Z,80,3721725t3721730,TH:lifelong_slam_t,0.00,0,,,
2026-09-27T16:33:29Z,80,3721725t3721731,TH:dds.shm.wdog,0.00,0,,,
2026-09-27T16:33:29Z,80,3721725t3721732,TH:dds.ev.0,0.31,0,,,
2026-09-27T16:33:29Z,80,3721725t3721733,TH:dds.udp.7414,0.11,0,,,
2026-09-27T16:33:29Z,80,3721725t3721734,TH:dds.udp.7400,0.00,0,,,
2026-09-27T16:33:29Z,80,3721725t3721735,TH:dds.shm.7415,0.67,0,,,
2026-09-27T16:33:29Z,80,3721725t3721736,TH:dds.udp.7415,0.00,0,,,
2026-09-27T16:33:29Z,80,3721725t3721737,TH:dds.asyn.0.0,0.00,0,,,
2026-09-27T16:33:29Z,80,3721725t3721738,TH:dds.shm.7002,0.02,0,,,
2026-09-27T16:33:29Z,80,3721725t3721739,TH:dds.udp.7002,0.00,0,,,
2026-09-27T16:33:29Z,80,3721725t3721740,TH:lifelong_slam_t,0.01,0,,,
2026-09-27T16:33:29Z,80,3721725t3721754,TH:lifelong_slam_t,0.76,0,,,
2026-09-27T16:33:29Z,80,3721725t3721755,TH:lifelong_slam_t,0.62,0,,,
2026-09-27T16:33:29Z,80,3721725t3721756,TH:lifelong_slam_t,2.15,0,,,
2026-09-27T16:33:29Z,80,3721725t3721773,TH:lifelong_slam_t,6.93,0,,,
2026-09-27T16:33:29Z,80,3721725t3721774,TH:lifelong_slam_t,6.88,0,,,
2026-09-27T16:33:29Z,80,3721725t3721775,TH:lifelong_slam_t,6.97,0,,,
2026-09-27T16:33:29Z,80,3721725t3721776,TH:lifelong_slam_t,6.98,0,,,
2026-09-27T16:33:29Z,80,3721725t3721777,TH:lifelong_slam_t,6.97,0,,,
2026-09-27T16:33:29Z,80,3721725t3721778,TH:lifelong_slam_t,6.83,0,,,
2026-09-27T16:33:29Z,80,3721725t3721779,TH:lifelong_slam_t,6.89,0,,,
2026-09-27T16:33:29Z,80,3721725t3722869,TH:lifelong_slam_t,0.00,0,,,
2026-09-27T16:33:29Z,80,3721725t3722870,TH:lifelong_slam_t,0.00,0,,,
2026-09-27T16:33:29Z,80,3721725t3722871,TH:lifelong_slam_t,0.01,0,,,
2026-09-27T16:33:29Z,80,3721725t3722872,TH:lifelong_slam_t,0.00,0,,,
2026-09-27T16:33:29Z,80,3721725t3722873,TH:lifelong_slam_t,0.00,0,,,
2026-09-27T16:33:29Z,80,3721725t3722874,TH:lifelong_slam_t,0.00,0,,,
2026-09-27T16:33:29Z,80,3721725t3722875,TH:lifelong_slam_t,0.00,0,,,
2026-09-27T16:33:29Z,80,3721725t3722876,TH:lifelong_slam_t,0.00,0,,,
2026-09-27T16:33:29Z,80,3721758,component_conta,0.86,0.11,52,0,0
2026-09-27T16:33:29Z,80,3721758t3721758,TH:component_conta,0.25,0,,,
2026-09-27T16:33:29Z,80,3721758t3721759,TH:component_c-ust,0.00,0,,,
2026-09-27T16:33:29Z,80,3721758t3721760,TH:component_c-ust,0.00,0,,,
2026-09-27T16:33:29Z,80,3721758t3721761,TH:component_conta,0.00,0,,,
2026-09-27T16:33:29Z,80,3721758t3721762,TH:component_conta,0.00,0,,,
2026-09-27T16:33:29Z,80,3721758t3721763,TH:dds.shm.wdog,0.00,0,,,
2026-09-27T16:33:29Z,80,3721758t3721764,TH:dds.ev.0,0.61,0,,,
2026-09-27T16:33:29Z,80,3721758t3721765,TH:dds.udp.7418,0.05,0,,,
2026-09-27T16:33:29Z,80,3721758t3721766,TH:dds.udp.7400,0.01,0,,,
2026-09-27T16:33:29Z,80,3721758t3721767,TH:dds.shm.7419,4.45,0,,,
2026-09-27T16:33:29Z,80,3721758t3721768,TH:dds.udp.7419,0.00,0,,,
2026-09-27T16:33:29Z,80,3721758t3721769,TH:dds.asyn.0.0,0.08,0,,,
2026-09-27T16:33:29Z,80,3721758t3721770,TH:dds.shm.7004,0.01,0,,,
2026-09-27T16:33:29Z,80,3721758t3721771,TH:dds.udp.7004,0.00,0,,,
2026-09-27T16:33:29Z,80,3721758t3721772,TH:component_conta,0.01,0,,,
2026-09-27T16:33:29Z,80,3721758t3721780,TH:component_conta,4.40,0,,,
2026-09-27T16:33:29Z,80,3721758t3721782,TH:component_conta,3.53,0,,,
2026-09-27T16:33:29Z,80,3721758t3721783,TH:component_conta,3.27,0,,,
2026-09-27T16:33:29Z,80,3721758t3721784,TH:component_conta,3.85,0,,,
2026-09-27T16:33:29Z,80,3721758t3721785,TH:component_conta,4.64,0,,,
2026-09-27T16:33:29Z,80,3721758t3721786,TH:component_conta,5.39,0,,,
2026-09-27T16:33:29Z,80,3721758t3721787,TH:component_conta,2.72,0,,,
2026-09-27T16:33:29Z,80,3721758t3721788,TH:component_conta,3.38,0,,,
2026-09-27T16:33:29Z,80,3721758t3721789,TH:component_conta,3.64,0,,,
2026-09-27T16:33:29Z,80,3721758t3721790,TH:component_conta,3.13,0,,,
2026-09-27T16:33:29Z,80,3721758t3721792,TH:component_conta,12.29,0,,,
2026-09-27T16:33:29Z,80,3721758t3721793,TH:component_conta,0.07,0,,,
2026-09-27T16:33:29Z,80,3721758t3721794,TH:component_conta,0.51,0,,,
2026-09-27T16:33:29Z,80,3721758t3721795,TH:component_conta,0.15,0,,,
2026-09-27T16:33:29Z,80,3721758t3721796,TH:component_conta,0.02,0,,,
2026-09-27T16:33:29Z,80,3721758t3721797,TH:component_conta,8.38,0,,,
2026-09-27T16:33:29Z,80,3721758t3721798,TH:component_conta,0.03,0,,,
2026-09-27T16:33:29Z,80,3721758t3721799,TH:component_conta,0.43,0,,,
2026-09-27T16:33:29Z,80,3721758t3721800,TH:component_conta,0.00,0,,,
2026-09-27T16:33:29Z,80,3721758t3721801,TH:component_conta,0.38,0,,,
2026-09-27T16:33:29Z,80,3721758t3721802,TH:component_conta,0.12,0,,,
2026-09-27T16:33:29Z,80,3721758t3721803,TH:component_conta,0.03,0,,,
2026-09-27T16:33:29Z,80,3721758t3721804,TH:component_conta,0.04,0,,,
2026-09-27T16:33:29Z,80,3721758t3721805,TH:component_conta,0.00,0,,,
2026-09-27T16:33:29Z,80,3721758t3721806,TH:component_conta,0.45,0,,,
2026-09-27T16:33:29Z,80,3721758t3721807,TH:component_conta,0.00,0,,,
2026-09-27T16:33:29Z,80,3721758t3721808,TH:component_conta,0.00,0,,,
2026-09-27T16:33:29Z,80,3721758t3721809,TH:component_conta,0.54,0,,,
2026-09-27T16:33:29Z,80,3721758t3721825,TH:component_conta,0.57,0,,,
2026-09-27T16:33:29Z,80,3721758t3721827,TH:component_conta,0.59,0,,,
2026-09-27T16:33:29Z,80,3721758t3721829,TH:component_conta,0.00,0,,,
2026-09-27T16:33:29Z,80,3721758t3721830,TH:component_conta,0.00,0,,,
2026-09-27T16:33:29Z,80,3721758t3721831,TH:component_conta,0.63,0,,,
2026-09-27T16:33:29Z,80,3721758t3722075,TH:component_conta,0.21,0,,,
2026-09-27T16:33:29Z,80,3721758t3722080,TH:component_conta,0.39,0,,,
2026-09-27T16:33:29Z,80,3721758t3764311,TH:component_conta,0.41,0,,,
2026-09-27T16:33:29Z,80,3721758t3768324,TH:component_conta,0.04,0,,,
2026-09-27T16:33:29Z,80,3721013,python3,0.12,0.00,15,100,628
2026-09-27T16:33:29Z,80,3721013t3721013,TH:python3,10.94,0,,,
2026-09-27T16:33:29Z,80,3721013t3721015,TH:python3-ust,0.00,0,,,
2026-09-27T16:33:29Z,80,3721013t3721016,TH:python3-ust,0.00,0,,,
2026-09-27T16:33:29Z,80,3721013t3721017,TH:python3,0.00,0,,,
2026-09-27T16:33:29Z,80,3721013t3721018,TH:python3,0.00,0,,,
2026-09-27T16:33:29Z,80,3721013t3721019,TH:dds.shm.wdog,0.00,0,,,
2026-09-27T16:33:29Z,80,3721013t3721020,TH:dds.ev.0,0.31,0,,,
2026-09-27T16:33:29Z,80,3721013t3721021,TH:dds.udp.7410,0.10,0,,,
2026-09-27T16:33:29Z,80,3721013t3721022,TH:dds.udp.7400,0.01,0,,,
2026-09-27T16:33:29Z,80,3721013t3721023,TH:dds.shm.7411,0.07,0,,,
2026-09-27T16:33:29Z,80,3721013t3721024,TH:dds.udp.7411,0.00,0,,,
2026-09-27T16:33:29Z,80,3721013t3721025,TH:dds.asyn.0.0,0.00,0,,,
2026-09-27T16:33:29Z,80,3721013t3721026,TH:dds.shm.7000,0.02,0,,,
2026-09-27T16:33:29Z,80,3721013t3721027,TH:dds.udp.7000,0.00,0,,,
2026-09-27T16:33:29Z,80,3721013t3721028,TH:python3,0.01,0,,,
2026-09-27T16:33:29Z,80,3728113,python3,0.15,0.01,15,212,1054
2026-09-27T16:33:29Z,80,3728113t3728113,TH:python3,10.13,0,,,
2026-09-27T16:33:29Z,80,3728113t3728117,TH:python3-ust,0.00,0,,,
2026-09-27T16:33:29Z,80,3728113t3728118,TH:python3-ust,0.00,0,,,
2026-09-27T16:33:29Z,80,3728113t3728121,TH:python3,0.00,0,,,
2026-09-27T16:33:29Z,80,3728113t3728122,TH:python3,0.00,0,,,
2026-09-27T16:33:29Z,80,3728113t3728123,TH:dds.shm.wdog,0.00,0,,,
2026-09-27T16:33:29Z,80,3728113t3728124,TH:dds.ev.0,0.13,0,,,
2026-09-27T16:33:29Z,80,3728113t3728125,TH:dds.udp.7420,0.05,0,,,
2026-09-27T16:33:29Z,80,3728113t3728126,TH:dds.udp.7400,0.00,0,,,
2026-09-27T16:33:29Z,80,3728113t3728127,TH:dds.shm.7421,0.65,0,,,
2026-09-27T16:33:29Z,80,3728113t3728128,TH:dds.udp.7421,0.00,0,,,
2026-09-27T16:33:29Z,80,3728113t3728129,TH:dds.asyn.0.0,0.00,0,,,
2026-09-27T16:33:29Z,80,3728113t3728130,TH:dds.shm.7005,0.00,0,,,
2026-09-27T16:33:29Z,80,3728113t3728131,TH:dds.udp.7005,0.00,0,,,
2026-09-27T16:33:29Z,80,3728113t3728132,TH:python3,0.00,0,,,
2026-09-27T16:33:31Z,81,3721725,lifelong_slam_t,1.77,0.02,33,20,161
2026-09-27T16:33:31Z,81,3721758,component_conta,0.97,0.09,52,0,0
2026-09-27T16:33:31Z,81,3721013,python3,0.10,0.00,15,102,45
2026-09-27T16:33:31Z,81,3728113,python3,0.14,0.00,15,207,7
2026-09-27T16:33:33Z,82,3721725,lifelong_slam_t,1.81,0.04,33,19,24
2026-09-27T16:33:33Z,82,3721758,component_conta,1.02,0.08,52,0,0
2026-09-27T16:33:33Z,82,3721013,python3,0.10,0.00,15,100,4
2026-09-27T16:33:33Z,82,3728113,python3,0.13,0.00,15,202,3
2026-09-27T16:33:35Z,83,3721725,lifelong_slam_t,1.34,0.07,33,25,1367
2026-09-27T16:33:35Z,83,3721758,component_conta,0.77,0.11,50,0,0
2026-09-27T16:33:35Z,83,3721013,python3,0.11,0.01,15,101,847
2026-09-27T16:33:35Z,83,3728113,python3,0.10,0.00,15,129,338
2026-09-27T16:33:37Z,84,3721725,lifelong_slam_t,0.96,0.01,33,17,15
2026-09-27T16:33:37Z,84,3721758,component_conta,0.59,0.07,52,0,0
2026-09-27T16:33:37Z,84,3721013,python3,0.09,0.00,15,100,4
2026-09-27T16:33:37Z,84,3728113,python3,0.06,0.00,15,87,2
2026-09-27T16:33:39Z,85,3721725,lifelong_slam_t,0.95,0.01,33,16,14
2026-09-27T16:33:39Z,85,3721758,component_conta,0.86,0.08,52,0,0
2026-09-27T16:33:39Z,85,3721013,python3,0.09,0.00,15,100,30
2026-09-27T16:33:39Z,85,3728113,python3,0.14,0.00,15,201,1
2026-09-27T16:33:41Z,86,3721725,lifelong_slam_t,0.93,0.03,33,20,646
2026-09-27T16:33:41Z,86,3721758,component_conta,0.92,0.12,52,0,0
2026-09-27T16:33:41Z,86,3721013,python3,0.10,0.01,15,100,425
2026-09-27T16:33:41Z,86,3728113,python3,0.15,0.01,15,212,588
2026-09-27T16:33:43Z,87,3721725,lifelong_slam_t,0.83,0.02,33,15,179
2026-09-27T16:33:43Z,87,3721758,component_conta,0.99,0.11,52,0,0
2026-09-27T16:33:43Z,87,3721013,python3,0.10,0.00,15,100,167
2026-09-27T16:33:43Z,87,3728113,python3,0.13,0.00,15,201,277
2026-09-27T16:33:45Z,88,3721725,lifelong_slam_t,1.07,0.01,33,21,28
2026-09-27T16:33:45Z,88,3721758,component_conta,1.04,0.13,52,0,0
2026-09-27T16:33:45Z,88,3721013,python3,0.10,0.00,15,100,9
2026-09-27T16:33:45Z,88,3728113,python3,0.14,0.00,15,201,5
2026-09-27T16:33:47Z,89,3721725,lifelong_slam_t,1.26,0.03,33,18,361
2026-09-27T16:33:47Z,89,3721758,component_conta,1.05,0.10,52,0,0
2026-09-27T16:33:47Z,89,3721013,python3,0.11,0.00,15,101,231
2026-09-27T16:33:47Z,89,3728113,python3,0.14,0.00,15,203,224
2026-09-27T16:33:49Z,90,3721725,lifelong_slam_t,0.97,0.03,33,24,383
2026-09-27T16:33:49Z,90,3721725t3721725,TH:lifelong_slam_t,40.39,0,,,
2026-09-27T16:33:49Z,90,3721725t3721727,TH:lifelong_sl-ust,0.00,0,,,
2026-09-27T16:33:49Z,90,3721725t3721728,TH:lifelong_sl-ust,0.00,0,,,
2026-09-27T16:33:49Z,90,3721725t3721729,TH:lifelong_slam_t,0.00,0,,,
2026-09-27T16:33:49Z,90,3721725t3721730,TH:lifelong_slam_t,0.00,0,,,
2026-09-27T16:33:49Z,90,3721725t3721731,TH:dds.shm.wdog,0.00,0,,,
2026-09-27T16:33:49Z,90,3721725t3721732,TH:dds.ev.0,0.32,0,,,
2026-09-27T16:33:49Z,90,3721725t3721733,TH:dds.udp.7414,0.11,0,,,
2026-09-27T16:33:49Z,90,3721725t3721734,TH:dds.udp.7400,0.01,0,,,
2026-09-27T16:33:49Z,90,3721725t3721735,TH:dds.shm.7415,0.73,0,,,
2026-09-27T16:33:49Z,90,3721725t3721736,TH:dds.udp.7415,0.00,0,,,
2026-09-27T16:33:49Z,90,3721725t3721737,TH:dds.asyn.0.0,0.00,0,,,
2026-09-27T16:33:49Z,90,3721725t3721738,TH:dds.shm.7002,0.03,0,,,
2026-09-27T16:33:49Z,90,3721725t3721739,TH:dds.udp.7002,0.00,0,,,
2026-09-27T16:33:49Z,90,3721725t3721740,TH:lifelong_slam_t,0.01,0,,,
2026-09-27T16:33:49Z,90,3721725t3721754,TH:lifelong_slam_t,0.83,0,,,
2026-09-27T16:33:49Z,90,3721725t3721755,TH:lifelong_slam_t,0.67,0,,,
2026-09-27T16:33:49Z,90,3721725t3721756,TH:lifelong_slam_t,2.51,0,,,
2026-09-27T16:33:49Z,90,3721725t3721773,TH:lifelong_slam_t,7.91,0,,,
2026-09-27T16:33:49Z,90,3721725t3721774,TH:lifelong_slam_t,7.86,0,,,
2026-09-27T16:33:49Z,90,3721725t3721775,TH:lifelong_slam_t,7.91,0,,,
2026-09-27T16:33:49Z,90,3721725t3721776,TH:lifelong_slam_t,7.95,0,,,
2026-09-27T16:33:49Z,90,3721725t3721777,TH:lifelong_slam_t,7.90,0,,,
2026-09-27T16:33:49Z,90,3721725t3721778,TH:lifelong_slam_t,7.86,0,,,
2026-09-27T16:33:49Z,90,3721725t3721779,TH:lifelong_slam_t,7.90,0,,,
2026-09-27T16:33:49Z,90,3721725t3722869,TH:lifelong_slam_t,0.00,0,,,
2026-09-27T16:33:49Z,90,3721725t3722870,TH:lifelong_slam_t,0.00,0,,,
2026-09-27T16:33:49Z,90,3721725t3722871,TH:lifelong_slam_t,0.01,0,,,
2026-09-27T16:33:49Z,90,3721725t3722872,TH:lifelong_slam_t,0.00,0,,,
2026-09-27T16:33:49Z,90,3721725t3722873,TH:lifelong_slam_t,0.00,0,,,
2026-09-27T16:33:49Z,90,3721725t3722874,TH:lifelong_slam_t,0.00,0,,,
2026-09-27T16:33:49Z,90,3721725t3722875,TH:lifelong_slam_t,0.00,0,,,
2026-09-27T16:33:49Z,90,3721725t3722876,TH:lifelong_slam_t,0.00,0,,,
2026-09-27T16:33:49Z,90,3721758,component_conta,0.95,0.14,52,0,0
2026-09-27T16:33:49Z,90,3721758t3721758,TH:component_conta,0.25,0,,,
2026-09-27T16:33:49Z,90,3721758t3721759,TH:component_c-ust,0.00,0,,,
2026-09-27T16:33:49Z,90,3721758t3721760,TH:component_c-ust,0.00,0,,,
2026-09-27T16:33:49Z,90,3721758t3721761,TH:component_conta,0.00,0,,,
2026-09-27T16:33:49Z,90,3721758t3721762,TH:component_conta,0.00,0,,,
2026-09-27T16:33:49Z,90,3721758t3721763,TH:dds.shm.wdog,0.00,0,,,
2026-09-27T16:33:49Z,90,3721758t3721764,TH:dds.ev.0,0.65,0,,,
2026-09-27T16:33:49Z,90,3721758t3721765,TH:dds.udp.7418,0.05,0,,,
2026-09-27T16:33:49Z,90,3721758t3721766,TH:dds.udp.7400,0.01,0,,,
2026-09-27T16:33:49Z,90,3721758t3721767,TH:dds.shm.7419,4.86,0,,,
2026-09-27T16:33:49Z,90,3721758t3721768,TH:dds.udp.7419,0.00,0,,,
2026-09-27T16:33:49Z,90,3721758t3721769,TH:dds.asyn.0.0,0.08,0,,,
2026-09-27T16:33:49Z,90,3721758t3721770,TH:dds.shm.7004,0.01,0,,,
2026-09-27T16:33:49Z,90,3721758t3721771,TH:dds.udp.7004,0.00,0,,,
2026-09-27T16:33:49Z,90,3721758t3721772,TH:component_conta,0.01,0,,,
2026-09-27T16:33:49Z,90,3721758t3721780,TH:component_conta,4.80,0,,,
2026-09-27T16:33:49Z,90,3721758t3721782,TH:component_conta,3.88,0,,,
2026-09-27T16:33:49Z,90,3721758t3721783,TH:component_conta,3.58,0,,,
2026-09-27T16:33:49Z,90,3721758t3721784,TH:component_conta,4.22,0,,,
2026-09-27T16:33:49Z,90,3721758t3721785,TH:component_conta,5.09,0,,,
2026-09-27T16:33:49Z,90,3721758t3721786,TH:component_conta,5.91,0,,,
2026-09-27T16:33:49Z,90,3721758t3721787,TH:component_conta,2.98,0,,,
2026-09-27T16:33:49Z,90,3721758t3721788,TH:component_conta,3.71,0,,,
2026-09-27T16:33:49Z,90,3721758t3721789,TH:component_conta,4.00,0,,,
2026-09-27T16:33:49Z,90,3721758t3721790,TH:component_conta,3.43,0,,,
2026-09-27T16:33:49Z,90,3721758t3721792,TH:component_conta,13.48,0,,,
2026-09-27T16:33:49Z,90,3721758t3721793,TH:component_conta,0.08,0,,,
2026-09-27T16:33:49Z,90,3721758t3721794,TH:component_conta,0.55,0,,,
2026-09-27T16:33:49Z,90,3721758t3721795,TH:component_conta,0.16,0,,,
2026-09-27T16:33:49Z,90,3721758t3721796,TH:component_conta,0.02,0,,,
2026-09-27T16:33:49Z,90,3721758t3721797,TH:component_conta,9.49,0,,,
2026-09-27T16:33:49Z,90,3721758t3721798,TH:component_conta,0.04,0,,,
2026-09-27T16:33:49Z,90,3721758t3721799,TH:component_conta,0.47,0,,,
2026-09-27T16:33:49Z,90,3721758t3721800,TH:component_conta,0.00,0,,,
2026-09-27T16:33:49Z,90,3721758t3721801,TH:component_conta,0.42,0,,,
2026-09-27T16:33:49Z,90,3721758t3721802,TH:component_conta,0.13,0,,,
2026-09-27T16:33:49Z,90,3721758t3721803,TH:component_conta,0.03,0,,,
2026-09-27T16:33:49Z,90,3721758t3721804,TH:component_conta,0.05,0,,,
2026-09-27T16:33:49Z,90,3721758t3721805,TH:component_conta,0.00,0,,,
2026-09-27T16:33:49Z,90,3721758t3721806,TH:component_conta,0.49,0,,,
2026-09-27T16:33:49Z,90,3721758t3721807,TH:component_conta,0.00,0,,,
2026-09-27T16:33:49Z,90,3721758t3721808,TH:component_conta,0.00,0,,,
2026-09-27T16:33:49Z,90,3721758t3721809,TH:component_conta,0.59,0,,,
2026-09-27T16:33:49Z,90,3721758t3721825,TH:component_conta,0.62,0,,,
2026-09-27T16:33:49Z,90,3721758t3721827,TH:component_conta,0.64,0,,,
2026-09-27T16:33:49Z,90,3721758t3721829,TH:component_conta,0.00,0,,,
2026-09-27T16:33:49Z,90,3721758t3721830,TH:component_conta,0.00,0,,,
2026-09-27T16:33:49Z,90,3721758t3721831,TH:component_conta,0.69,0,,,
2026-09-27T16:33:49Z,90,3721758t3722075,TH:component_conta,0.24,0,,,
2026-09-27T16:33:49Z,90,3721758t3722080,TH:component_conta,0.43,0,,,
2026-09-27T16:33:49Z,90,3721758t3770096,TH:component_conta,0.32,0,,,
2026-09-27T16:33:49Z,90,3721758t3770098,TH:component_conta,1.91,0,,,
2026-09-27T16:33:49Z,90,3721013,python3,0.10,0.01,15,101,379
2026-09-27T16:33:49Z,90,3721013t3721013,TH:python3,11.93,0,,,
2026-09-27T16:33:49Z,90,3721013t3721015,TH:python3-ust,0.00,0,,,
2026-09-27T16:33:49Z,90,3721013t3721016,TH:python3-ust,0.00,0,,,
2026-09-27T16:33:49Z,90,3721013t3721017,TH:python3,0.00,0,,,
2026-09-27T16:33:49Z,90,3721013t3721018,TH:python3,0.00,0,,,
2026-09-27T16:33:49Z,90,3721013t3721019,TH:dds.shm.wdog,0.00,0,,,
2026-09-27T16:33:49Z,90,3721013t3721020,TH:dds.ev.0,0.33,0,,,
2026-09-27T16:33:49Z,90,3721013t3721021,TH:dds.udp.7410,0.10,0,,,
2026-09-27T16:33:49Z,90,3721013t3721022,TH:dds.udp.7400,0.02,0,,,
2026-09-27T16:33:49Z,90,3721013t3721023,TH:dds.shm.7411,0.08,0,,,
2026-09-27T16:33:49Z,90,3721013t3721024,TH:dds.udp.7411,0.00,0,,,
2026-09-27T16:33:49Z,90,3721013t3721025,TH:dds.asyn.0.0,0.00,0,,,
2026-09-27T16:33:49Z,90,3721013t3721026,TH:dds.shm.7000,0.03,0,,,
2026-09-27T16:33:49Z,90,3721013t3721027,TH:dds.udp.7000,0.00,0,,,
2026-09-27T16:33:49Z,90,3721013t3721028,TH:python3,0.01,0,,,
2026-09-27T16:33:49Z,90,3728113,python3,0.13,0.01,15,208,429
2026-09-27T16:33:49Z,90,3728113t3728113,TH:python3,11.31,0,,,
2026-09-27T16:33:49Z,90,3728113t3728117,TH:python3-ust,0.00,0,,,
2026-09-27T16:33:49Z,90,3728113t3728118,TH:python3-ust,0.00,0,,,
2026-09-27T16:33:49Z,90,3728113t3728121,TH:python3,0.00,0,,,
2026-09-27T16:33:49Z,90,3728113t3728122,TH:python3,0.00,0,,,
2026-09-27T16:33:49Z,90,3728113t3728123,TH:dds.shm.wdog,0.00,0,,,
2026-09-27T16:33:49Z,90,3728113t3728124,TH:dds.ev.0,0.14,0,,,
2026-09-27T16:33:49Z,90,3728113t3728125,TH:dds.udp.7420,0.05,0,,,
2026-09-27T16:33:49Z,90,3728113t3728126,TH:dds.udp.7400,0.00,0,,,
2026-09-27T16:33:49Z,90,3728113t3728127,TH:dds.shm.7421,0.73,0,,,
2026-09-27T16:33:49Z,90,3728113t3728128,TH:dds.udp.7421,0.00,0,,,
2026-09-27T16:33:49Z,90,3728113t3728129,TH:dds.asyn.0.0,0.00,0,,,
2026-09-27T16:33:49Z,90,3728113t3728130,TH:dds.shm.7005,0.00,0,,,
2026-09-27T16:33:49Z,90,3728113t3728131,TH:dds.udp.7005,0.00,0,,,
2026-09-27T16:33:49Z,90,3728113t3728132,TH:python3,0.00,0,,,
2026-09-27T16:33:51Z,91,3721725,lifelong_slam_t,0.94,0.02,33,18,27
2026-09-27T16:33:51Z,91,3721758,component_conta,1.02,0.11,52,0,0
2026-09-27T16:33:51Z,91,3721013,python3,0.10,0.00,15,100,2
2026-09-27T16:33:51Z,91,3728113,python3,0.14,0.01,15,206,1
2026-09-27T16:33:53Z,92,3721725,lifelong_slam_t,1.53,0.01,33,17,46
2026-09-27T16:33:53Z,92,3721758,component_conta,1.06,0.12,52,0,0
2026-09-27T16:33:53Z,92,3721013,python3,0.10,0.00,15,100,6
2026-09-27T16:33:53Z,92,3728113,python3,0.13,0.01,15,201,35
2026-09-27T16:33:55Z,93,3721725,lifelong_slam_t,1.37,0.05,33,22,572
2026-09-27T16:33:55Z,93,3721758,component_conta,0.96,0.13,52,0,0
2026-09-27T16:33:55Z,93,3721013,python3,0.12,0.01,15,100,550
2026-09-27T16:33:55Z,93,3728113,python3,0.15,0.00,15,223,825
2026-09-27T16:33:57Z,94,3721725,lifelong_slam_t,1.36,0.03,33,15,17
2026-09-27T16:33:57Z,94,3721758,component_conta,1.01,0.10,52,0,0
2026-09-27T16:33:57Z,94,3721013,python3,0.09,0.00,15,100,2
2026-09-27T16:33:57Z,94,3728113,python3,0.13,0.01,15,200,2
2026-09-27T16:33:59Z,95,3721725,lifelong_slam_t,1.27,0.02,33,12,58
2026-09-27T16:33:59Z,95,3721758,component_conta,0.87,0.11,50,0,0
2026-09-27T16:33:59Z,95,3721013,python3,0.10,0.00,15,100,1
2026-09-27T16:33:59Z,95,3728113,python3,0.08,0.00,15,127,0
2026-09-27T16:34:01Z,96,3721725,lifelong_slam_t,0.98,0.04,33,20,396
2026-09-27T16:34:01Z,96,3721758,component_conta,0.63,0.10,52,0,0
2026-09-27T16:34:01Z,96,3721013,python3,0.11,0.01,15,100,388
2026-09-27T16:34:01Z,96,3728113,python3,0.06,0.00,15,83,295
2026-09-27T16:34:03Z,97,3721725,lifelong_slam_t,0.77,0.02,33,17,12
2026-09-27T16:34:03Z,97,3721758,component_conta,0.97,0.10,52,0,0
2026-09-27T16:34:03Z,97,3721013,python3,0.09,0.00,15,100,8
2026-09-27T16:34:03Z,97,3728113,python3,0.13,0.01,15,201,3
2026-09-27T16:34:05Z,98,3721725,lifelong_slam_t,0.73,0.01,33,12,63
2026-09-27T16:34:05Z,98,3721758,component_conta,0.92,0.07,52,0,0
2026-09-27T16:34:05Z,98,3721013,python3,0.10,0.00,15,100,4
2026-09-27T16:34:05Z,98,3728113,python3,0.13,0.00,15,200,1
2026-09-27T16:34:07Z,99,3721725,lifelong_slam_t,0.79,0.02,33,20,671
2026-09-27T16:34:07Z,99,3721758,component_conta,1.02,0.12,52,0,0
2026-09-27T16:34:07Z,99,3721013,python3,0.11,0.00,15,101,639
2026-09-27T16:34:07Z,99,3728113,python3,0.15,0.01,15,204,790
2026-09-27T16:34:09Z,100,3721725,lifelong_slam_t,1.16,0.03,33,11,6
2026-09-27T16:34:09Z,100,3721725t3721725,TH:lifelong_slam_t,45.56,0,,,
2026-09-27T16:34:09Z,100,3721725t3721727,TH:lifelong_sl-ust,0.00,0,,,
2026-09-27T16:34:09Z,100,3721725t3721728,TH:lifelong_sl-ust,0.00,0,,,
2026-09-27T16:34:09Z,100,3721725t3721729,TH:lifelong_slam_t,0.00,0,,,
2026-09-27T16:34:09Z,100,3721725t3721730,TH:lifelong_slam_t,0.00,0,,,
2026-09-27T16:34:09Z,100,3721725t3721731,TH:dds.shm.wdog,0.00,0,,,
2026-09-27T16:34:09Z,100,3721725t3721732,TH:dds.ev.0,0.35,0,,,
2026-09-27T16:34:09Z,100,3721725t3721733,TH:dds.udp.7414,0.11,0,,,
2026-09-27T16:34:09Z,100,3721725t3721734,TH:dds.udp.7400,0.02,0,,,
2026-09-27T16:34:09Z,100,3721725t3721735,TH:dds.shm.7415,0.79,0,,,
2026-09-27T16:34:09Z,100,3721725t3721736,TH:dds.udp.7415,0.00,0,,,
2026-09-27T16:34:09Z,100,3721725t3721737,TH:dds.asyn.0.0,0.00,0,,,
2026-09-27T16:34:09Z,100,3721725t3721738,TH:dds.shm.7002,0.03,0,,,
2026-09-27T16:34:09Z,100,3721725t3721739,TH:dds.udp.7002,0.00,0,,,
2026-09-27T16:34:09Z,100,3721725t3721740,TH:lifelong_slam_t,0.01,0,,,
2026-09-27T16:34:09Z,100,3721725t3721754,TH:lifelong_slam_t,0.90,0,,,
2026-09-27T16:34:09Z,100,3721725t3721755,TH:lifelong_slam_t,0.72,0,,,
2026-09-27T16:34:09Z,100,3721725t3721756,TH:lifelong_slam_t,2.81,0,,,
2026-09-27T16:34:09Z,100,3721725t3721773,TH:lifelong_slam_t,8.69,0,,,
2026-09-27T16:34:09Z,100,3721725t3721774,TH:lifelong_slam_t,8.66,0,,,
2026-09-27T16:34:09Z,100,3721725t3721775,TH:lifelong_slam_t,8.70,0,,,
2026-09-27T16:34:09Z,100,3721725t3721776,TH:lifelong_slam_t,8.71,0,,,
2026-09-27T16:34:09Z,100,3721725t3721777,TH:lifelong_slam_t,8.69,0,,,
2026-09-27T16:34:09Z,100,3721725t3721778,TH:lifelong_slam_t,8.64,0,,,
2026-09-27T16:34:09Z,100,3721725t3721779,TH:lifelong_slam_t,8.68,0,,,
2026-09-27T16:34:09Z,100,3721725t3722869,TH:lifelong_slam_t,0.00,0,,,
2026-09-27T16:34:09Z,100,3721725t3722870,TH:lifelong_slam_t,0.00,0,,,
2026-09-27T16:34:09Z,100,3721725t3722871,TH:lifelong_slam_t,0.01,0,,,
2026-09-27T16:34:09Z,100,3721725t3722872,TH:lifelong_slam_t,0.00,0,,,
2026-09-27T16:34:09Z,100,3721725t3722873,TH:lifelong_slam_t,0.00,0,,,
2026-09-27T16:34:09Z,100,3721725t3722874,TH:lifelong_slam_t,0.00,0,,,
2026-09-27T16:34:09Z,100,3721725t3722875,TH:lifelong_slam_t,0.00,0,,,
2026-09-27T16:34:09Z,100,3721725t3722876,TH:lifelong_slam_t,0.00,0,,,
2026-09-27T16:34:09Z,100,3721758,component_conta,0.81,0.09,50,0,0
2026-09-27T16:34:09Z,100,3721758t3721758,TH:component_conta,0.25,0,,,
2026-09-27T16:34:09Z,100,3721758t3721759,TH:component_c-ust,0.00,0,,,
2026-09-27T16:34:09Z,100,3721758t3721760,TH:component_c-ust,0.00,0,,,
2026-09-27T16:34:09Z,100,3721758t3721761,TH:component_conta,0.00,0,,,
2026-09-27T16:34:09Z,100,3721758t3721762,TH:component_conta,0.00,0,,,
2026-09-27T16:34:09Z,100,3721758t3721763,TH:dds.shm.wdog,0.00,0,,,
2026-09-27T16:34:09Z,100,3721758t3721764,TH:dds.ev.0,0.69,0,,,
2026-09-27T16:34:09Z,100,3721758t3721765,TH:dds.udp.7418,0.06,0,,,
2026-09-27T16:34:09Z,100,3721758t3721766,TH:dds.udp.7400,0.02,0,,,
2026-09-27T16:34:09Z,100,3721758t3721767,TH:dds.shm.7419,5.29,0,,,
2026-09-27T16:34:09Z,100,3721758t3721768,TH:dds.udp.7419,0.00,0,,,
2026-09-27T16:34:09Z,100,3721758t3721769,TH:dds.asyn.0.0,0.08,0,,,
2026-09-27T16:34:09Z,100,3721758t3721770,TH:dds.shm.7004,0.01,0,,,
2026-09-27T16:34:09Z,100,3721758t3721771,TH:dds.udp.7004,0.00,0,,,
2026-09-27T16:34:09Z,100,3721758t3721772,TH:component_conta,0.01,0,,,
2026-09-27T16:34:09Z,100,3721758t3721780,TH:component_conta,5.25,0,,,
2026-09-27T16:34:09Z,100,3721758t3721782,TH:component_conta,4.27,0,,,
2026-09-27T16:34:09Z,100,3721758t3721783,TH:component_conta,3.93,0,,,
2026-09-27T16:34:09Z,100,3721758t3721784,TH:component_conta,4.63,0,,,
2026-09-27T16:34:09Z,100,3721758t3721785,TH:component_conta,5.58,0,,,
2026-09-27T16:34:09Z,100,3721758t3721786,TH:component_conta,6.47,0,,,
2026-09-27T16:34:09Z,100,3721758t3721787,TH:component_conta,3.28,0,,,
2026-09-27T16:34:09Z,100,3721758t3721788,TH:component_conta,4.08,0,,,
2026-09-27T16:34:09Z,100,3721758t3721789,TH:component_conta,4.38,0,,,
2026-09-27T16:34:09Z,100,3721758t3721790,TH:component_conta,3.77,0,,,
2026-09-27T16:34:09Z,100,3721758t3721792,TH:component_conta,14.78,0,,,
2026-09-27T16:34:09Z,100,3721758t3721793,TH:component_conta,0.08,0,,,
2026-09-27T16:34:09Z,100,3721758t3721794,TH:component_conta,0.60,0,,,
2026-09-27T16:34:09Z,100,3721758t3721795,TH:component_conta,0.18,0,,,
2026-09-27T16:34:09Z,100,3721758t3721796,TH:component_conta,0.02,0,,,
2026-09-27T16:34:09Z,100,3721758t3721797,TH:component_conta,10.51,0,,,
2026-09-27T16:34:09Z,100,3721758t3721798,TH:component_conta,0.04,0,,,
2026-09-27T16:34:09Z,100,3721758t3721799,TH:component_conta,0.52,0,,,
2026-09-27T16:34:09Z,100,3721758t3721800,TH:component_conta,0.00,0,,,
2026-09-27T16:34:09Z,100,3721758t3721801,TH:component_conta,0.45,0,,,
2026-09-27T16:34:09Z,100,3721758t3721802,TH:component_conta,0.15,0,,,
2026-09-27T16:34:09Z,100,3721758t3721803,TH:component_conta,0.03,0,,,
2026-09-27T16:34:09Z,100,3721758t3721804,TH:component_conta,0.05,0,,,
2026-09-27T16:34:09Z,100,3721758t3721805,TH:component_conta,0.00,0,,,
2026-09-27T16:34:09Z,100,3721758t3721806,TH:component_conta,0.54,0,,,
2026-09-27T16:34:09Z,100,3721758t3721807,TH:component_conta,0.00,0,,,
2026-09-27T16:34:09Z,100,3721758t3721808,TH:component_conta,0.00,0,,,
2026-09-27T16:34:09Z,100,3721758t3721809,TH:component_conta,0.65,0,,,
2026-09-27T16:34:09Z,100,3721758t3721825,TH:component_conta,0.69,0,,,
2026-09-27T16:34:09Z,100,3721758t3721827,TH:component_conta,0.71,0,,,
2026-09-27T16:34:09Z,100,3721758t3721829,TH:component_conta,0.00,0,,,
2026-09-27T16:34:09Z,100,3721758t3721830,TH:component_conta,0.00,0,,,
2026-09-27T16:34:09Z,100,3721758t3721831,TH:component_conta,0.75,0,,,
2026-09-27T16:34:09Z,100,3721758t3722075,TH:component_conta,0.27,0,,,
2026-09-27T16:34:09Z,100,3721758t3722080,TH:component_conta,0.47,0,,,
2026-09-27T16:34:09Z,100,3721013,python3,0.10,0.01,15,100,0
2026-09-27T16:34:09Z,100,3721013t3721013,TH:python3,12.95,0,,,
2026-09-27T16:34:09Z,100,3721013t3721015,TH:python3-ust,0.00,0,,,
2026-09-27T16:34:09Z,100,3721013t3721016,TH:python3-ust,0.00,0,,,
2026-09-27T16:34:09Z,100,3721013t3721017,TH:python3,0.00,0,,,
2026-09-27T16:34:09Z,100,3721013t3721018,TH:python3,0.00,0,,,
2026-09-27T16:34:09Z,100,3721013t3721019,TH:dds.shm.wdog,0.00,0,,,
2026-09-27T16:34:09Z,100,3721013t3721020,TH:dds.ev.0,0.37,0,,,
2026-09-27T16:34:09Z,100,3721013t3721021,TH:dds.udp.7410,0.12,0,,,
2026-09-27T16:34:09Z,100,3721013t3721022,TH:dds.udp.7400,0.02,0,,,
2026-09-27T16:34:09Z,100,3721013t3721023,TH:dds.shm.7411,0.08,0,,,
2026-09-27T16:34:09Z,100,3721013t3721024,TH:dds.udp.7411,0.00,0,,,
2026-09-27T16:34:09Z,100,3721013t3721025,TH:dds.asyn.0.0,0.00,0,,,
2026-09-27T16:34:09Z,100,3721013t3721026,TH:dds.shm.7000,0.03,0,,,
2026-09-27T16:34:09Z,100,3721013t3721027,TH:dds.udp.7000,0.00,0,,,
2026-09-27T16:34:09Z,100,3721013t3721028,TH:python3,0.01,0,,,
2026-09-27T16:34:09Z,100,3728113,python3,0.04,0.00,15,58,0
2026-09-27T16:34:09Z,100,3728113t3728113,TH:python3,12.41,0,,,
2026-09-27T16:34:09Z,100,3728113t3728117,TH:python3-ust,0.00,0,,,
2026-09-27T16:34:09Z,100,3728113t3728118,TH:python3-ust,0.00,0,,,
2026-09-27T16:34:09Z,100,3728113t3728121,TH:python3,0.00,0,,,
2026-09-27T16:34:09Z,100,3728113t3728122,TH:python3,0.00,0,,,
2026-09-27T16:34:09Z,100,3728113t3728123,TH:dds.shm.wdog,0.00,0,,,
2026-09-27T16:34:09Z,100,3728113t3728124,TH:dds.ev.0,0.16,0,,,
2026-09-27T16:34:09Z,100,3728113t3728125,TH:dds.udp.7420,0.06,0,,,
2026-09-27T16:34:09Z,100,3728113t3728126,TH:dds.udp.7400,0.01,0,,,
2026-09-27T16:34:09Z,100,3728113t3728127,TH:dds.shm.7421,0.80,0,,,
2026-09-27T16:34:09Z,100,3728113t3728128,TH:dds.udp.7421,0.00,0,,,
2026-09-27T16:34:09Z,100,3728113t3728129,TH:dds.asyn.0.0,0.00,0,,,
2026-09-27T16:34:09Z,100,3728113t3728130,TH:dds.shm.7005,0.00,0,,,
2026-09-27T16:34:09Z,100,3728113t3728131,TH:dds.udp.7005,0.00,0,,,
2026-09-27T16:34:09Z,100,3728113t3728132,TH:python3,0.00,0,,,
2026-09-27T16:34:11Z,101,3721725,lifelong_slam_t,1.27,0.03,33,11,104
2026-09-27T16:34:11Z,101,3721758,component_conta,0.79,0.05,52,0,0
2026-09-27T16:34:11Z,101,3721013,python3,0.09,0.00,15,100,4
2026-09-27T16:34:11Z,101,3728113,python3,0.10,0.00,15,149,0
2026-09-27T16:34:13Z,102,3721725,lifelong_slam_t,1.17,0.04,33,15,132
2026-09-27T16:34:13Z,102,3721758,component_conta,0.98,0.07,52,0,0
2026-09-27T16:34:13Z,102,3721013,python3,0.10,0.00,15,101,221
2026-09-27T16:34:13Z,102,3728113,python3,0.14,0.00,15,204,409
2026-09-27T16:34:15Z,103,3721725,lifelong_slam_t,1.15,0.03,33,14,38
2026-09-27T16:34:15Z,103,3721758,component_conta,0.96,0.08,52,0,0
2026-09-27T16:34:15Z,103,3721013,python3,0.10,0.00,15,100,149
2026-09-27T16:34:15Z,103,3728113,python3,0.14,0.01,15,207,185
2026-09-27T16:34:17Z,104,3721725,lifelong_slam_t,0.94,0.03,33,15,94
2026-09-27T16:34:17Z,104,3721758,component_conta,1.01,0.06,52,0,0
2026-09-27T16:34:17Z,104,3721013,python3,0.11,0.01,15,100,0
2026-09-27T16:34:17Z,104,3728113,python3,0.14,0.00,15,201,0
2026-09-27T16:34:19Z,105,3721725,lifelong_slam_t,0.91,0.02,33,15,129
2026-09-27T16:34:19Z,105,3721758,component_conta,0.91,0.06,52,0,0
2026-09-27T16:34:19Z,105,3721013,python3,0.10,0.00,15,100,104
2026-09-27T16:34:19Z,105,3728113,python3,0.13,0.00,15,201,202
2026-09-27T16:34:21Z,106,3721725,lifelong_slam_t,0.90,0.03,33,15,495
2026-09-27T16:34:21Z,106,3721758,component_conta,1.03,0.08,52,0,0
2026-09-27T16:34:21Z,106,3721013,python3,0.10,0.00,15,100,399
2026-09-27T16:34:21Z,106,3728113,python3,0.14,0.00,15,214,421
2026-09-27T16:34:23Z,107,3721725,lifelong_slam_t,0.74,0.02,33,10,18
2026-09-27T16:34:23Z,107,3721758,component_conta,1.01,0.07,52,0,0
2026-09-27T16:34:23Z,107,3721013,python3,0.09,0.00,15,100,3
2026-09-27T16:34:23Z,107,3728113,python3,0.13,0.01,15,202,1
2026-09-27T16:34:25Z,108,3721725,lifelong_slam_t,0.89,0.02,33,15,141
2026-09-27T16:34:25Z,108,3721758,component_conta,0.99,0.08,52,0,0
2026-09-27T16:34:25Z,108,3721013,python3,0.11,0.01,15,100,5
2026-09-27T16:34:25Z,108,3728113,python3,0.13,0.00,15,204,4
2026-09-27T16:34:27Z,109,3721725,lifelong_slam_t,0.91,0.03,33,20,717
2026-09-27T16:34:27Z,109,3721758,component_conta,0.99,0.07,52,0,0
2026-09-27T16:34:27Z,109,3721013,python3,0.11,0.00,15,100,692
2026-09-27T16:34:27Z,109,3728113,python3,0.15,0.01,15,212,1192
2026-09-27T16:34:29Z,110,3721725,lifelong_slam_t,0.74,0.02,33,13,16
2026-09-27T16:34:29Z,110,3721725t3721725,TH:lifelong_slam_t,49.84,0,,,
2026-09-27T16:34:29Z,110,3721725t3721727,TH:lifelong_sl-ust,0.00,0,,,
2026-09-27T16:34:29Z,110,3721725t3721728,TH:lifelong_sl-ust,0.00,0,,,
2026-09-27T16:34:29Z,110,3721725t3721729,TH:lifelong_slam_t,0.00,0,,,
2026-09-27T16:34:29Z,110,3721725t3721730,TH:lifelong_slam_t,0.00,0,,,
2026-09-27T16:34:29Z,110,3721725t3721731,TH:dds.shm.wdog,0.00,0,,,
2026-09-27T16:34:29Z,110,3721725t3721732,TH:dds.ev.0,0.38,0,,,
2026-09-27T16:34:29Z,110,3721725t3721733,TH:dds.udp.7414,0.11,0,,,
2026-09-27T16:34:29Z,110,3721725t3721734,TH:dds.udp.7400,0.02,0,,,
2026-09-27T16:34:29Z,110,3721725t3721735,TH:dds.shm.7415,0.85,0,,,
2026-09-27T16:34:29Z,110,3721725t3721736,TH:dds.udp.7415,0.00,0,,,
2026-09-27T16:34:29Z,110,3721725t3721737,TH:dds.asyn.0.0,0.00,0,,,
2026-09-27T16:34:29Z,110,3721725t3721738,TH:dds.shm.7002,0.03,0,,,
2026-09-27T16:34:29Z,110,3721725t3721739,TH:dds.udp.7002,0.00,0,,,
2026-09-27T16:34:29Z,110,3721725t3721740,TH:lifelong_slam_t,0.01,0,,,
2026-09-27T16:34:29Z,110,3721725t3721754,TH:lifelong_slam_t,0.98,0,,,
2026-09-27T16:34:29Z,110,3721725t3721755,TH:lifelong_slam_t,0.76,0,,,
2026-09-27T16:34:29Z,110,3721725t3721756,TH:lifelong_slam_t,3.01,0,,,
2026-09-27T16:34:29Z,110,3721725t3721773,TH:lifelong_slam_t,9.41,0,,,
2026-09-27T16:34:29Z,110,3721725t3721774,TH:lifelong_slam_t,9.42,0,,,
2026-09-27T16:34:29Z,110,3721725t3721775,TH:lifelong_slam_t,9.44,0,,,
2026-09-27T16:34:29Z,110,3721725t3721776,TH:lifelong_slam_t,9.47,0,,,
2026-09-27T16:34:29Z,110,3721725t3721777,TH:lifelong_slam_t,9.40,0,,,
2026-09-27T16:34:29Z,110,3721725t3721778,TH:lifelong_slam_t,9.40,0,,,
2026-09-27T16:34:29Z,110,3721725t3721779,TH:lifelong_slam_t,9.43,0,,,
2026-09-27T16:34:29Z,110,3721725t3722869,TH:lifelong_slam_t,0.00,0,,,
2026-09-27T16:34:29Z,110,3721725t3722870,TH:lifelong_slam_t,0.00,0,,,
2026-09-27T16:34:29Z,110,3721725t3722871,TH:lifelong_slam_t,0.01,0,,,
2026-09-27T16:34:29Z,110,3721725t3722872,TH:lifelong_slam_t,0.00,0,,,
2026-09-27T16:34:29Z,110,3721725t3722873,TH:lifelong_slam_t,0.00,0,,,
2026-09-27T16:34:29Z,110,3721725t3722874,TH:lifelong_slam_t,0.00,0,,,
2026-09-27T16:34:29Z,110,3721725t3722875,TH:lifelong_slam_t,0.00,0,,,
2026-09-27T16:34:29Z,110,3721725t3722876,TH:lifelong_slam_t,0.00,0,,,
2026-09-27T16:34:29Z,110,3721758,component_conta,0.90,0.05,52,0,0
2026-09-27T16:34:29Z,110,3721758t3721758,TH:component_conta,0.25,0,,,
2026-09-27T16:34:29Z,110,3721758t3721759,TH:component_c-ust,0.00,0,,,
2026-09-27T16:34:29Z,110,3721758t3721760,TH:component_c-ust,0.00,0,,,
2026-09-27T16:34:29Z,110,3721758t3721761,TH:component_conta,0.00,0,,,
2026-09-27T16:34:29Z,110,3721758t3721762,TH:component_conta,0.00,0,,,
2026-09-27T16:34:29Z,110,3721758t3721763,TH:dds.shm.wdog,0.00,0,,,
2026-09-27T16:34:29Z,110,3721758t3721764,TH:dds.ev.0,0.74,0,,,
2026-09-27T16:34:29Z,110,3721758t3721765,TH:dds.udp.7418,0.06,0,,,
2026-09-27T16:34:29Z,110,3721758t3721766,TH:dds.udp.7400,0.02,0,,,
2026-09-27T16:34:29Z,110,3721758t3721767,TH:dds.shm.7419,5.71,0,,,
2026-09-27T16:34:29Z,110,3721758t3721768,TH:dds.udp.7419,0.00,0,,,
2026-09-27T16:34:29Z,110,3721758t3721769,TH:dds.asyn.0.0,0.08,0,,,
2026-09-27T16:34:29Z,110,3721758t3721770,TH:dds.shm.7004,0.01,0,,,
2026-09-27T16:34:29Z,110,3721758t3721771,TH:dds.udp.7004,0.00,0,,,
2026-09-27T16:34:29Z,110,3721758t3721772,TH:component_conta,0.01,0,,,
2026-09-27T16:34:29Z,110,3721758t3721780,TH:component_conta,5.68,0,,,
2026-09-27T16:34:29Z,110,3721758t3721782,TH:component_conta,4.62,0,,,
2026-09-27T16:34:29Z,110,3721758t3721783,TH:component_conta,4.25,0,,,
2026-09-27T16:34:29Z,110,3721758t3721784,TH:component_conta,5.00,0,,,
2026-09-27T16:34:29Z,110,3721758t3721785,TH:component_conta,6.04,0,,,
2026-09-27T16:34:29Z,110,3721758t3721786,TH:component_conta,7.01,0,,,
2026-09-27T16:34:29Z,110,3721758t3721787,TH:component_conta,3.54,0,,,
2026-09-27T16:34:29Z,110,3721758t3721788,TH:component_conta,4.42,0,,,
2026-09-27T16:34:29Z,110,3721758t3721789,TH:component_conta,4.75,0,,,
2026-09-27T16:34:29Z,110,3721758t3721790,TH:component_conta,4.07,0,,,
2026-09-27T16:34:29Z,110,3721758t3721792,TH:component_conta,15.99,0,,,
2026-09-27T16:34:29Z,110,3721758t3721793,TH:component_conta,0.09,0,,,
2026-09-27T16:34:29Z,110,3721758t3721794,TH:component_conta,0.66,0,,,
2026-09-27T16:34:29Z,110,3721758t3721795,TH:component_conta,0.19,0,,,
2026-09-27T16:34:29Z,110,3721758t3721796,TH:component_conta,0.02,0,,,
2026-09-27T16:34:29Z,110,3721758t3721797,TH:component_conta,11.64,0,,,
2026-09-27T16:34:29Z,110,3721758t3721798,TH:component_conta,0.05,0,,,
2026-09-27T16:34:29Z,110,3721758t3721799,TH:component_conta,0.56,0,,,
2026-09-27T16:34:29Z,110,3721758t3721800,TH:component_conta,0.00,0,,,
2026-09-27T16:34:29Z,110,3721758t3721801,TH:component_conta,0.50,0,,,
2026-09-27T16:34:29Z,110,3721758t3721802,TH:component_conta,0.17,0,,,
2026-09-27T16:34:29Z,110,3721758t3721803,TH:component_conta,0.03,0,,,
2026-09-27T16:34:29Z,110,3721758t3721804,TH:component_conta,0.06,0,,,
2026-09-27T16:34:29Z,110,3721758t3721805,TH:component_conta,0.00,0,,,
2026-09-27T16:34:29Z,110,3721758t3721806,TH:component_conta,0.58,0,,,
2026-09-27T16:34:29Z,110,3721758t3721807,TH:component_conta,0.00,0,,,
2026-09-27T16:34:29Z,110,3721758t3721808,TH:component_conta,0.00,0,,,
2026-09-27T16:34:29Z,110,3721758t3721809,TH:component_conta,0.70,0,,,
2026-09-27T16:34:29Z,110,3721758t3721825,TH:component_conta,0.75,0,,,
2026-09-27T16:34:29Z,110,3721758t3721827,TH:component_conta,0.77,0,,,
2026-09-27T16:34:29Z,110,3721758t3721829,TH:component_conta,0.00,0,,,
2026-09-27T16:34:29Z,110,3721758t3721830,TH:component_conta,0.00,0,,,
2026-09-27T16:34:29Z,110,3721758t3721831,TH:component_conta,0.81,0,,,
2026-09-27T16:34:29Z,110,3721758t3722075,TH:component_conta,0.29,0,,,
2026-09-27T16:34:29Z,110,3721758t3722080,TH:component_conta,0.51,0,,,
2026-09-27T16:34:29Z,110,3721758t3778446,TH:component_conta,0.48,0,,,
2026-09-27T16:34:29Z,110,3721758t3778448,TH:component_conta,2.65,0,,,
2026-09-27T16:34:29Z,110,3721013,python3,0.09,0.00,15,100,2
2026-09-27T16:34:29Z,110,3721013t3721013,TH:python3,13.94,0,,,
2026-09-27T16:34:29Z,110,3721013t3721015,TH:python3-ust,0.00,0,,,
2026-09-27T16:34:29Z,110,3721013t3721016,TH:python3-ust,0.00,0,,,
2026-09-27T16:34:29Z,110,3721013t3721017,TH:python3,0.00,0,,,
2026-09-27T16:34:29Z,110,3721013t3721018,TH:python3,0.00,0,,,
2026-09-27T16:34:29Z,110,3721013t3721019,TH:dds.shm.wdog,0.00,0,,,
2026-09-27T16:34:29Z,110,3721013t3721020,TH:dds.ev.0,0.39,0,,,
2026-09-27T16:34:29Z,110,3721013t3721021,TH:dds.udp.7410,0.12,0,,,
2026-09-27T16:34:29Z,110,3721013t3721022,TH:dds.udp.7400,0.02,0,,,
2026-09-27T16:34:29Z,110,3721013t3721023,TH:dds.shm.7411,0.09,0,,,
2026-09-27T16:34:29Z,110,3721013t3721024,TH:dds.udp.7411,0.00,0,,,
2026-09-27T16:34:29Z,110,3721013t3721025,TH:dds.asyn.0.0,0.00,0,,,
2026-09-27T16:34:29Z,110,3721013t3721026,TH:dds.shm.7000,0.04,0,,,
2026-09-27T16:34:29Z,110,3721013t3721027,TH:dds.udp.7000,0.00,0,,,
2026-09-27T16:34:29Z,110,3721013t3721028,TH:python3,0.01,0,,,
2026-09-27T16:34:29Z,110,3728113,python3,0.14,0.00,15,202,8
2026-09-27T16:34:29Z,110,3728113t3728113,TH:python3,13.68,0,,,
2026-09-27T16:34:29Z,110,3728113t3728117,TH:python3-ust,0.00,0,,,
2026-09-27T16:34:29Z,110,3728113t3728118,TH:python3-ust,0.00,0,,,
2026-09-27T16:34:29Z,110,3728113t3728121,TH:python3,0.00,0,,,
2026-09-27T16:34:29Z,110,3728113t3728122,TH:python3,0.00,0,,,
2026-09-27T16:34:29Z,110,3728113t3728123,TH:dds.shm.wdog,0.00,0,,,
2026-09-27T16:34:29Z,110,3728113t3728124,TH:dds.ev.0,0.18,0,,,
2026-09-27T16:34:29Z,110,3728113t3728125,TH:dds.udp.7420,0.06,0,,,
2026-09-27T16:34:29Z,110,3728113t3728126,TH:dds.udp.7400,0.01,0,,,
2026-09-27T16:34:29Z,110,3728113t3728127,TH:dds.shm.7421,0.88,0,,,
2026-09-27T16:34:29Z,110,3728113t3728128,TH:dds.udp.7421,0.00,0,,,
2026-09-27T16:34:29Z,110,3728113t3728129,TH:dds.asyn.0.0,0.00,0,,,
2026-09-27T16:34:29Z,110,3728113t3728130,TH:dds.shm.7005,0.00,0,,,
2026-09-27T16:34:29Z,110,3728113t3728131,TH:dds.udp.7005,0.00,0,,,
2026-09-27T16:34:29Z,110,3728113t3728132,TH:python3,0.00,0,,,
2026-09-27T16:34:31Z,111,3721725,lifelong_slam_t,0.74,0.02,33,12,14
2026-09-27T16:34:31Z,111,3721758,component_conta,0.96,0.05,52,0,0
2026-09-27T16:34:31Z,111,3721013,python3,0.10,0.00,15,100,11
2026-09-27T16:34:31Z,111,3728113,python3,0.13,0.01,15,205,6
2026-09-27T16:34:33Z,112,3721725,lifelong_slam_t,0.78,0.05,33,17,389
2026-09-27T16:34:33Z,112,3721758,component_conta,0.62,0.08,50,0,0
2026-09-27T16:34:33Z,112,3721013,python3,0.12,0.01,15,100,549
2026-09-27T16:34:33Z,112,3728113,python3,0.05,0.00,15,63,1
2026-09-27T16:34:35Z,113,3721725,lifelong_slam_t,0.86,0.04,33,15,42
2026-09-27T16:34:35Z,113,3721758,component_conta,0.84,0.09,52,0,0
2026-09-27T16:34:35Z,113,3721013,python3,0.11,0.00,15,100,16
2026-09-27T16:34:35Z,113,3728113,python3,0.11,0.00,15,147,2
2026-09-27T16:34:37Z,114,3721725,lifelong_slam_t,0.64,0.00,33,11,11
2026-09-27T16:34:37Z,114,3721758,component_conta,0.95,0.06,52,0,0
2026-09-27T16:34:37Z,114,3721013,python3,0.10,0.00,15,100,1
2026-09-27T16:34:37Z,114,3728113,python3,0.13,0.01,15,201,3
2026-09-27T16:34:39Z,115,3721725,lifelong_slam_t,0.70,0.03,33,15,495
2026-09-27T16:34:39Z,115,3721758,component_conta,0.94,0.10,52,0,0
2026-09-27T16:34:39Z,115,3721013,python3,0.10,0.00,15,100,441
2026-09-27T16:34:39Z,115,3728113,python3,0.14,0.01,15,211,900
2026-09-27T16:34:41Z,116,3721725,lifelong_slam_t,0.71,0.01,33,20,874
2026-09-27T16:34:41Z,116,3721758,component_conta,0.95,0.08,52,0,0
2026-09-27T16:34:41Z,116,3721013,python3,0.09,0.01,15,101,133
2026-09-27T16:34:41Z,116,3728113,python3,0.14,0.00,15,206,172
2026-09-27T16:34:43Z,117,3721725,lifelong_slam_t,0.74,0.02,33,14,15
2026-09-27T16:34:43Z,117,3721758,component_conta,0.99,0.10,52,0,0
2026-09-27T16:34:43Z,117,3721013,python3,0.10,0.00,15,100,1
2026-09-27T16:34:43Z,117,3728113,python3,0.13,0.01,15,200,2
2026-09-27T16:34:45Z,118,3721725,lifelong_slam_t,0.75,0.01,33,14,105
2026-09-27T16:34:45Z,118,3721758,component_conta,0.94,0.09,52,0,0
2026-09-27T16:34:45Z,118,3721013,python3,0.11,0.00,15,100,83
2026-09-27T16:34:45Z,118,3728113,python3,0.13,0.00,15,204,174
2026-09-27T16:34:47Z,119,3721725,lifelong_slam_t,0.70,0.02,33,15,420
2026-09-27T16:34:47Z,119,3721758,component_conta,1.01,0.10,52,0,0
2026-09-27T16:34:47Z,119,3721013,python3,0.10,0.00,15,101,278
2026-09-27T16:34:47Z,119,3728113,python3,0.14,0.01,15,204,467
2026-09-27T16:34:49Z,120,3721725,lifelong_slam_t,0.60,0.01,33,11,21
2026-09-27T16:34:49Z,120,3721725t3721725,TH:lifelong_slam_t,53.10,0,,,
2026-09-27T16:34:49Z,120,3721725t3721727,TH:lifelong_sl-ust,0.00,0,,,
2026-09-27T16:34:49Z,120,3721725t3721728,TH:lifelong_sl-ust,0.00,0,,,
2026-09-27T16:34:49Z,120,3721725t3721729,TH:lifelong_slam_t,0.00,0,,,
2026-09-27T16:34:49Z,120,3721725t3721730,TH:lifelong_slam_t,0.00,0,,,
2026-09-27T16:34:49Z,120,3721725t3721731,TH:dds.shm.wdog,0.00,0,,,
2026-09-27T16:34:49Z,120,3721725t3721732,TH:dds.ev.0,0.40,0,,,
2026-09-27T16:34:49Z,120,3721725t3721733,TH:dds.udp.7414,0.12,0,,,
2026-09-27T16:34:49Z,120,3721725t3721734,TH:dds.udp.7400,0.02,0,,,
2026-09-27T16:34:49Z,120,3721725t3721735,TH:dds.shm.7415,0.91,0,,,
2026-09-27T16:34:49Z,120,3721725t3721736,TH:dds.udp.7415,0.00,0,,,
2026-09-27T16:34:49Z,120,3721725t3721737,TH:dds.asyn.0.0,0.00,0,,,
2026-09-27T16:34:49Z,120,3721725t3721738,TH:dds.shm.7002,0.04,0,,,
2026-09-27T16:34:49Z,120,3721725t3721739,TH:dds.udp.7002,0.00,0,,,
2026-09-27T16:34:49Z,120,3721725t3721740,TH:lifelong_slam_t,0.01,0,,,
2026-09-27T16:34:49Z,120,3721725t3721754,TH:lifelong_slam_t,1.05,0,,,
2026-09-27T16:34:49Z,120,3721725t3721755,TH:lifelong_slam_t,0.82,0,,,
2026-09-27T16:34:49Z,120,3721725t3721756,TH:lifelong_slam_t,3.25,0,,,
2026-09-27T16:34:49Z,120,3721725t3721773,TH:lifelong_slam_t,9.91,0,,,
2026-09-27T16:34:49Z,120,3721725t3721774,TH:lifelong_slam_t,9.94,0,,,
2026-09-27T16:34:49Z,120,3721725t3721775,TH:lifelong_slam_t,9.97,0,,,
2026-09-27T16:34:49Z,120,3721725t3721776,TH:lifelong_slam_t,10.00,0,,,
2026-09-27T16:34:49Z,120,3721725t3721777,TH:lifelong_slam_t,9.94,0,,,
2026-09-27T16:34:49Z,120,3721725t3721778,TH:lifelong_slam_t,9.95,0,,,
2026-09-27T16:34:49Z,120,3721725t3721779,TH:lifelong_slam_t,9.99,0,,,
2026-09-27T16:34:49Z,120,3721725t3722869,TH:lifelong_slam_t,0.00,0,,,
2026-09-27T16:34:49Z,120,3721725t3722870,TH:lifelong_slam_t,0.00,0,,,
2026-09-27T16:34:49Z,120,3721725t3722871,TH:lifelong_slam_t,0.01,0,,,
2026-09-27T16:34:49Z,120,3721725t3722872,TH:lifelong_slam_t,0.00,0,,,
2026-09-27T16:34:49Z,120,3721725t3722873,TH:lifelong_slam_t,0.00,0,,,
2026-09-27T16:34:49Z,120,3721725t3722874,TH:lifelong_slam_t,0.00,0,,,
2026-09-27T16:34:49Z,120,3721725t3722875,TH:lifelong_slam_t,0.00,0,,,
2026-09-27T16:34:49Z,120,3721725t3722876,TH:lifelong_slam_t,0.00,0,,,
2026-09-27T16:34:49Z,120,3721758,component_conta,1.11,0.08,52,0,0
2026-09-27T16:34:49Z,120,3721758t3721758,TH:component_conta,0.25,0,,,
2026-09-27T16:34:49Z,120,3721758t3721759,TH:component_c-ust,0.00,0,,,
2026-09-27T16:34:49Z,120,3721758t3721760,TH:component_c-ust,0.00,0,,,
2026-09-27T16:34:49Z,120,3721758t3721761,TH:component_conta,0.00,0,,,
2026-09-27T16:34:49Z,120,3721758t3721762,TH:component_conta,0.00,0,,,
2026-09-27T16:34:49Z,120,3721758t3721763,TH:dds.shm.wdog,0.00,0,,,
2026-09-27T16:34:49Z,120,3721758t3721764,TH:dds.ev.0,0.78,0,,,
2026-09-27T16:34:49Z,120,3721758t3721765,TH:dds.udp.7418,0.06,0,,,
2026-09-27T16:34:49Z,120,3721758t3721766,TH:dds.udp.7400,0.02,0,,,
2026-09-27T16:34:49Z,120,3721758t3721767,TH:dds.shm.7419,6.13,0,,,
2026-09-27T16:34:49Z,120,3721758t3721768,TH:dds.udp.7419,0.00,0,,,
2026-09-27T16:34:49Z,120,3721758t3721769,TH:dds.asyn.0.0,0.08,0,,,
2026-09-27T16:34:49Z,120,3721758t3721770,TH:dds.shm.7004,0.01,0,,,
2026-09-27T16:34:49Z,120,3721758t3721771,TH:dds.udp.7004,0.00,0,,,
2026-09-27T16:34:49Z,120,3721758t3721772,TH:component_conta,0.01,0,,,
2026-09-27T16:34:49Z,120,3721758t3721780,TH:component_conta,6.10,0,,,
2026-09-27T16:34:49Z,120,3721758t3721782,TH:component_conta,4.98,0,,,
2026-09-27T16:34:49Z,120,3721758t3721783,TH:component_conta,4.58,0,,,
2026-09-27T16:34:49Z,120,3721758t3721784,TH:component_conta,5.38,0,,,
2026-09-27T16:34:49Z,120,3721758t3721785,TH:component_conta,6.49,0,,,
2026-09-27T16:34:49Z,120,3721758t3721786,TH:component_conta,7.52,0,,,
2026-09-27T16:34:49Z,120,3721758t3721787,TH:component_conta,3.81,0,,,
2026-09-27T16:34:49Z,120,3721758t3721788,TH:component_conta,4.77,0,,,
2026-09-27T16:34:49Z,120,3721758t3721789,TH:component_conta,5.12,0,,,
2026-09-27T16:34:49Z,120,3721758t3721790,TH:component_conta,4.38,0,,,
2026-09-27T16:34:49Z,120,3721758t3721792,TH:component_conta,17.20,0,,,
2026-09-27T16:34:49Z,120,3721758t3721793,TH:component_conta,0.10,0,,,
2026-09-27T16:34:49Z,120,3721758t3721794,TH:component_conta,0.71,0,,,
2026-09-27T16:34:49Z,120,3721758t3721795,TH:component_conta,0.21,0,,,
2026-09-27T16:34:49Z,120,3721758t3721796,TH:component_conta,0.02,0,,,
2026-09-27T16:34:49Z,120,3721758t3721797,TH:component_conta,12.73,0,,,
2026-09-27T16:34:49Z,120,3721758t3721798,TH:component_conta,0.05,0,,,
2026-09-27T16:34:49Z,120,3721758t3721799,TH:component_conta,0.60,0,,,
2026-09-27T16:34:49Z,120,3721758t3721800,TH:component_conta,0.00,0,,,
2026-09-27T16:34:49Z,120,3721758t3721801,TH:component_conta,0.54,0,,,
2026-09-27T16:34:49Z,120,3721758t3721802,TH:component_conta,0.18,0,,,
2026-09-27T16:34:49Z,120,3721758t3721803,TH:component_conta,0.03,0,,,
2026-09-27T16:34:49Z,120,3721758t3721804,TH:component_conta,0.07,0,,,
2026-09-27T16:34:49Z,120,3721758t3721805,TH:component_conta,0.00,0,,,
2026-09-27T16:34:49Z,120,3721758t3721806,TH:component_conta,0.63,0,,,
2026-09-27T16:34:49Z,120,3721758t3721807,TH:component_conta,0.00,0,,,
2026-09-27T16:34:49Z,120,3721758t3721808,TH:component_conta,0.00,0,,,
2026-09-27T16:34:49Z,120,3721758t3721809,TH:component_conta,0.76,0,,,
2026-09-27T16:34:49Z,120,3721758t3721825,TH:component_conta,0.80,0,,,
2026-09-27T16:34:49Z,120,3721758t3721827,TH:component_conta,0.82,0,,,
2026-09-27T16:34:49Z,120,3721758t3721829,TH:component_conta,0.00,0,,,
2026-09-27T16:34:49Z,120,3721758t3721830,TH:component_conta,0.00,0,,,
2026-09-27T16:34:49Z,120,3721758t3721831,TH:component_conta,0.86,0,,,
2026-09-27T16:34:49Z,120,3721758t3722075,TH:component_conta,0.32,0,,,
2026-09-27T16:34:49Z,120,3721758t3722080,TH:component_conta,0.55,0,,,
2026-09-27T16:34:49Z,120,3721758t3784201,TH:component_conta,0.40,0,,,
2026-09-27T16:34:49Z,120,3721758t3788059,TH:component_conta,0.00,0,,,
2026-09-27T16:34:49Z,120,3721013,python3,0.10,0.01,15,100,2
2026-09-27T16:34:49Z,120,3721013t3721013,TH:python3,14.95,0,,,
2026-09-27T16:34:49Z,120,3721013t3721015,TH:python3-ust,0.00,0,,,
2026-09-27T16:34:49Z,120,3721013t3721016,TH:python3-ust,0.00,0,,,
2026-09-27T16:34:49Z,120,3721013t3721017,TH:python3,0.00,0,,,
2026-09-27T16:34:49Z,120,3721013t3721018,TH:python3,0.00,0,,,
2026-09-27T16:34:49Z,120,3721013t3721019,TH:dds.shm.wdog,0.00,0,,,
2026-09-27T16:34:49Z,120,3721013t3721020,TH:dds.ev.0,0.42,0,,,
2026-09-27T16:34:49Z,120,3721013t3721021,TH:dds.udp.7410,0.12,0,,,
2026-09-27T16:34:49Z,120,3721013t3721022,TH:dds.udp.7400,0.02,0,,,
2026-09-27T16:34:49Z,120,3721013t3721023,TH:dds.shm.7411,0.09,0,,,
2026-09-27T16:34:49Z,120,3721013t3721024,TH:dds.udp.7411,0.00,0,,,
2026-09-27T16:34:49Z,120,3721013t3721025,TH:dds.asyn.0.0,0.00,0,,,
2026-09-27T16:34:49Z,120,3721013t3721026,TH:dds.shm.7000,0.04,0,,,
2026-09-27T16:34:49Z,120,3721013t3721027,TH:dds.udp.7000,0.00,0,,,
2026-09-27T16:34:49Z,120,3721013t3721028,TH:python3,0.01,0,,,
2026-09-27T16:34:49Z,120,3728113,python3,0.12,0.00,15,198,2
2026-09-27T16:34:49Z,120,3728113t3728113,TH:python3,14.86,0,,,
2026-09-27T16:34:49Z,120,3728113t3728117,TH:python3-ust,0.00,0,,,
2026-09-27T16:34:49Z,120,3728113t3728118,TH:python3-ust,0.00,0,,,
2026-09-27T16:34:49Z,120,3728113t3728121,TH:python3,0.00,0,,,
2026-09-27T16:34:49Z,120,3728113t3728122,TH:python3,0.00,0,,,
2026-09-27T16:34:49Z,120,3728113t3728123,TH:dds.shm.wdog,0.00,0,,,
2026-09-27T16:34:49Z,120,3728113t3728124,TH:dds.ev.0,0.18,0,,,
2026-09-27T16:34:49Z,120,3728113t3728125,TH:dds.udp.7420,0.06,0,,,
2026-09-27T16:34:49Z,120,3728113t3728126,TH:dds.udp.7400,0.01,0,,,
2026-09-27T16:34:49Z,120,3728113t3728127,TH:dds.shm.7421,0.96,0,,,
2026-09-27T16:34:49Z,120,3728113t3728128,TH:dds.udp.7421,0.00,0,,,
2026-09-27T16:34:49Z,120,3728113t3728129,TH:dds.asyn.0.0,0.00,0,,,
2026-09-27T16:34:49Z,120,3728113t3728130,TH:dds.shm.7005,0.01,0,,,
2026-09-27T16:34:49Z,120,3728113t3728131,TH:dds.udp.7005,0.00,0,,,
2026-09-27T16:34:49Z,120,3728113t3728132,TH:python3,0.00,0,,,
2026-09-27T16:34:51Z,121,3721725,lifelong_slam_t,0.65,0.02,33,18,38
2026-09-27T16:34:51Z,121,3721758,component_conta,0.89,0.08,52,0,0
2026-09-27T16:34:51Z,121,3721013,python3,0.10,0.00,15,100,10
2026-09-27T16:34:51Z,121,3728113,python3,0.14,0.01,15,201,47
2026-09-27T16:34:53Z,122,3721725,lifelong_slam_t,0.65,0.02,33,16,395
2026-09-27T16:34:53Z,122,3721758,component_conta,1.02,0.06,52,0,0
2026-09-27T16:34:53Z,122,3721013,python3,0.10,0.00,15,100,518
2026-09-27T16:34:53Z,122,3728113,python3,0.14,0.01,15,210,643
2026-09-27T16:34:55Z,123,3721725,lifelong_slam_t,0.55,0.01,33,12,7
2026-09-27T16:34:55Z,123,3721758,component_conta,0.99,0.07,52,0,0
2026-09-27T16:34:55Z,123,3721013,python3,0.10,0.01,15,100,2
2026-09-27T16:34:55Z,123,3728113,python3,0.13,0.00,15,201,0
2026-09-27T16:34:57Z,124,3721725,lifelong_slam_t,0.68,0.01,33,15,10
2026-09-27T16:34:57Z,124,3721758,component_conta,0.74,0.08,50,0,0
2026-09-27T16:34:57Z,124,3721013,python3,0.09,0.00,15,100,0
2026-09-27T16:34:57Z,124,3728113,python3,0.04,0.00,15,64,0
2026-09-27T16:34:59Z,125,3721725,lifelong_slam_t,0.67,0.02,33,15,504
2026-09-27T16:34:59Z,125,3721758,component_conta,0.78,0.11,52,0,0
2026-09-27T16:34:59Z,125,3721013,python3,0.10,0.00,15,102,436
2026-09-27T16:34:59Z,125,3728113,python3,0.11,0.00,15,149,477
2026-09-27T16:35:01Z,126,3721725,lifelong_slam_t,0.73,0.02,33,15,15
2026-09-27T16:35:01Z,126,3721758,component_conta,0.95,0.12,52,0,0
2026-09-27T16:35:01Z,126,3721013,python3,0.12,0.01,15,100,10
2026-09-27T16:35:01Z,126,3728113,python3,0.14,0.01,15,201,2
2026-09-27T16:35:03Z,127,3721725,lifelong_slam_t,0.71,0.02,33,16,6
2026-09-27T16:35:03Z,127,3721758,component_conta,1.02,0.10,52,0,0
2026-09-27T16:35:03Z,127,3721013,python3,0.10,0.00,15,100,12
2026-09-27T16:35:03Z,127,3728113,python3,0.13,0.01,15,203,4
2026-09-27T16:35:05Z,128,3721725,lifelong_slam_t,0.67,0.04,33,16,524
2026-09-27T16:35:05Z,128,3721758,component_conta,0.98,0.12,52,0,0
2026-09-27T16:35:05Z,128,3721013,python3,0.11,0.00,15,101,539
2026-09-27T16:35:05Z,128,3728113,python3,0.15,0.00,15,214,651
2026-09-27T16:35:07Z,129,3721725,lifelong_slam_t,0.72,0.00,33,15,11
2026-09-27T16:35:07Z,129,3721758,component_conta,0.98,0.10,52,0,0
2026-09-27T16:35:07Z,129,3721013,python3,0.09,0.01,15,100,3
2026-09-27T16:35:07Z,129,3728113,python3,0.13,0.01,15,200,0
2026-09-27T16:35:09Z,130,3721725,lifelong_slam_t,0.58,0.02,33,11,12
2026-09-27T16:35:09Z,130,3721725t3721725,TH:lifelong_slam_t,55.93,0,,,
2026-09-27T16:35:09Z,130,3721725t3721727,TH:lifelong_sl-ust,0.00,0,,,
2026-09-27T16:35:09Z,130,3721725t3721728,TH:lifelong_sl-ust,0.00,0,,,
2026-09-27T16:35:09Z,130,3721725t3721729,TH:lifelong_slam_t,0.00,0,,,
2026-09-27T16:35:09Z,130,3721725t3721730,TH:lifelong_slam_t,0.00,0,,,
2026-09-27T16:35:09Z,130,3721725t3721731,TH:dds.shm.wdog,0.00,0,,,
2026-09-27T16:35:09Z,130,3721725t3721732,TH:dds.ev.0,0.41,0,,,
2026-09-27T16:35:09Z,130,3721725t3721733,TH:dds.udp.7414,0.13,0,,,
2026-09-27T16:35:09Z,130,3721725t3721734,TH:dds.udp.7400,0.02,0,,,
2026-09-27T16:35:09Z,130,3721725t3721735,TH:dds.shm.7415,0.96,0,,,
2026-09-27T16:35:09Z,130,3721725t3721736,TH:dds.udp.7415,0.00,0,,,
2026-09-27T16:35:09Z,130,3721725t3721737,TH:dds.asyn.0.0,0.00,0,,,
2026-09-27T16:35:09Z,130,3721725t3721738,TH:dds.shm.7002,0.04,0,,,
2026-09-27T16:35:09Z,130,3721725t3721739,TH:dds.udp.7002,0.00,0,,,
2026-09-27T16:35:09Z,130,3721725t3721740,TH:lifelong_slam_t,0.01,0,,,
2026-09-27T16:35:09Z,130,3721725t3721754,TH:lifelong_slam_t,1.12,0,,,
2026-09-27T16:35:09Z,130,3721725t3721755,TH:lifelong_slam_t,0.86,0,,,
2026-09-27T16:35:09Z,130,3721725t3721756,TH:lifelong_slam_t,3.44,0,,,
2026-09-27T16:35:09Z,130,3721725t3721773,TH:lifelong_slam_t,10.42,0,,,
2026-09-27T16:35:09Z,130,3721725t3721774,TH:lifelong_slam_t,10.43,0,,,
2026-09-27T16:35:09Z,130,3721725t3721775,TH:lifelong_slam_t,10.47,0,,,
2026-09-27T16:35:09Z,130,3721725t3721776,TH:lifelong_slam_t,10.50,0,,,
2026-09-27T16:35:09Z,130,3721725t3721777,TH:lifelong_slam_t,10.44,0,,,
2026-09-27T16:35:09Z,130,3721725t3721778,TH:lifelong_slam_t,10.46,0,,,
2026-09-27T16:35:09Z,130,3721725t3721779,TH:lifelong_slam_t,10.52,0,,,
2026-09-27T16:35:09Z,130,3721725t3722869,TH:lifelong_slam_t,0.00,0,,,
2026-09-27T16:35:09Z,130,3721725t3722870,TH:lifelong_slam_t,0.00,0,,,
2026-09-27T16:35:09Z,130,3721725t3722871,TH:lifelong_slam_t,0.01,0,,,
2026-09-27T16:35:09Z,130,3721725t3722872,TH:lifelong_slam_t,0.00,0,,,
2026-09-27T16:35:09Z,130,3721725t3722873,TH:lifelong_slam_t,0.00,0,,,
2026-09-27T16:35:09Z,130,3721725t3722874,TH:lifelong_slam_t,0.00,0,,,
2026-09-27T16:35:09Z,130,3721725t3722875,TH:lifelong_slam_t,0.00,0,,,
2026-09-27T16:35:09Z,130,3721725t3722876,TH:lifelong_slam_t,0.00,0,,,
2026-09-27T16:35:09Z,130,3721758,component_conta,1.02,0.11,52,0,0
2026-09-27T16:35:09Z,130,3721758t3721758,TH:component_conta,0.25,0,,,
2026-09-27T16:35:09Z,130,3721758t3721759,TH:component_c-ust,0.00,0,,,
2026-09-27T16:35:09Z,130,3721758t3721760,TH:component_c-ust,0.00,0,,,
2026-09-27T16:35:09Z,130,3721758t3721761,TH:component_conta,0.00,0,,,
2026-09-27T16:35:09Z,130,3721758t3721762,TH:component_conta,0.00,0,,,
2026-09-27T16:35:09Z,130,3721758t3721763,TH:dds.shm.wdog,0.00,0,,,
2026-09-27T16:35:09Z,130,3721758t3721764,TH:dds.ev.0,0.83,0,,,
2026-09-27T16:35:09Z,130,3721758t3721765,TH:dds.udp.7418,0.06,0,,,
2026-09-27T16:35:09Z,130,3721758t3721766,TH:dds.udp.7400,0.02,0,,,
2026-09-27T16:35:09Z,130,3721758t3721767,TH:dds.shm.7419,6.55,0,,,
2026-09-27T16:35:09Z,130,3721758t3721768,TH:dds.udp.7419,0.00,0,,,
2026-09-27T16:35:09Z,130,3721758t3721769,TH:dds.asyn.0.0,0.08,0,,,
2026-09-27T16:35:09Z,130,3721758t3721770,TH:dds.shm.7004,0.02,0,,,
2026-09-27T16:35:09Z,130,3721758t3721771,TH:dds.udp.7004,0.00,0,,,
2026-09-27T16:35:09Z,130,3721758t3721772,TH:component_conta,0.01,0,,,
2026-09-27T16:35:09Z,130,3721758t3721780,TH:component_conta,6.56,0,,,
2026-09-27T16:35:09Z,130,3721758t3721782,TH:component_conta,5.36,0,,,
2026-09-27T16:35:09Z,130,3721758t3721783,TH:component_conta,4.94,0,,,
2026-09-27T16:35:09Z,130,3721758t3721784,TH:component_conta,5.80,0,,,
2026-09-27T16:35:09Z,130,3721758t3721785,TH:component_conta,6.99,0,,,
2026-09-27T16:35:09Z,130,3721758t3721786,TH:component_conta,8.08,0,,,
2026-09-27T16:35:09Z,130,3721758t3721787,TH:component_conta,4.09,0,,,
2026-09-27T16:35:09Z,130,3721758t3721788,TH:component_conta,5.15,0,,,
2026-09-27T16:35:09Z,130,3721758t3721789,TH:component_conta,5.53,0,,,
2026-09-27T16:35:09Z,130,3721758t3721790,TH:component_conta,4.70,0,,,
2026-09-27T16:35:09Z,130,3721758t3721792,TH:component_conta,18.49,0,,,
2026-09-27T16:35:09Z,130,3721758t3721793,TH:component_conta,0.10,0,,,
2026-09-27T16:35:09Z,130,3721758t3721794,TH:component_conta,0.76,0,,,
2026-09-27T16:35:09Z,130,3721758t3721795,TH:component_conta,0.22,0,,,
2026-09-27T16:35:09Z,130,3721758t3721796,TH:component_conta,0.02,0,,,
2026-09-27T16:35:09Z,130,3721758t3721797,TH:component_conta,13.70,0,,,
2026-09-27T16:35:09Z,130,3721758t3721798,TH:component_conta,0.05,0,,,
2026-09-27T16:35:09Z,130,3721758t3721799,TH:component_conta,0.64,0,,,
2026-09-27T16:35:09Z,130,3721758t3721800,TH:component_conta,0.00,0,,,
2026-09-27T16:35:09Z,130,3721758t3721801,TH:component_conta,0.57,0,,,
2026-09-27T16:35:09Z,130,3721758t3721802,TH:component_conta,0.19,0,,,
2026-09-27T16:35:09Z,130,3721758t3721803,TH:component_conta,0.03,0,,,
2026-09-27T16:35:09Z,130,3721758t3721804,TH:component_conta,0.07,0,,,
2026-09-27T16:35:09Z,130,3721758t3721805,TH:component_conta,0.00,0,,,
2026-09-27T16:35:09Z,130,3721758t3721806,TH:component_conta,0.67,0,,,
2026-09-27T16:35:09Z,130,3721758t3721807,TH:component_conta,0.00,0,,,
2026-09-27T16:35:09Z,130,3721758t3721808,TH:component_conta,0.00,0,,,
2026-09-27T16:35:09Z,130,3721758t3721809,TH:component_conta,0.81,0,,,
2026-09-27T16:35:09Z,130,3721758t3721825,TH:component_conta,0.86,0,,,
2026-09-27T16:35:09Z,130,3721758t3721827,TH:component_conta,0.87,0,,,
2026-09-27T16:35:09Z,130,3721758t3721829,TH:component_conta,0.00,0,,,
2026-09-27T16:35:09Z,130,3721758t3721830,TH:component_conta,0.00,0,,,
2026-09-27T16:35:09Z,130,3721758t3721831,TH:component_conta,0.94,0,,,
2026-09-27T16:35:09Z,130,3721758t3722075,TH:component_conta,0.34,0,,,
2026-09-27T16:35:09Z,130,3721758t3722080,TH:component_conta,0.59,0,,,
2026-09-27T16:35:09Z,130,3721758t3790399,TH:component_conta,0.30,0,,,
2026-09-27T16:35:09Z,130,3721758t3790401,TH:component_conta,1.74,0,,,
2026-09-27T16:35:09Z,130,3721013,python3,0.10,0.00,15,100,0
2026-09-27T16:35:09Z,130,3721013t3721013,TH:python3,15.96,0,,,
2026-09-27T16:35:09Z,130,3721013t3721015,TH:python3-ust,0.00,0,,,
2026-09-27T16:35:09Z,130,3721013t3721016,TH:python3-ust,0.00,0,,,
2026-09-27T16:35:09Z,130,3721013t3721017,TH:python3,0.00,0,,,
2026-09-27T16:35:09Z,130,3721013t3721018,TH:python3,0.00,0,,,
2026-09-27T16:35:09Z,130,3721013t3721019,TH:dds.shm.wdog,0.00,0,,,
2026-09-27T16:35:09Z,130,3721013t3721020,TH:dds.ev.0,0.44,0,,,
2026-09-27T16:35:09Z,130,3721013t3721021,TH:dds.udp.7410,0.12,0,,,
2026-09-27T16:35:09Z,130,3721013t3721022,TH:dds.udp.7400,0.02,0,,,
2026-09-27T16:35:09Z,130,3721013t3721023,TH:dds.shm.7411,0.09,0,,,
2026-09-27T16:35:09Z,130,3721013t3721024,TH:dds.udp.7411,0.00,0,,,
2026-09-27T16:35:09Z,130,3721013t3721025,TH:dds.asyn.0.0,0.00,0,,,
2026-09-27T16:35:09Z,130,3721013t3721026,TH:dds.shm.7000,0.04,0,,,
2026-09-27T16:35:09Z,130,3721013t3721027,TH:dds.udp.7000,0.00,0,,,
2026-09-27T16:35:09Z,130,3721013t3721028,TH:python3,0.01,0,,,
2026-09-27T16:35:09Z,130,3728113,python3,0.13,0.00,15,201,2
2026-09-27T16:35:09Z,130,3728113t3728113,TH:python3,16.04,0,,,
2026-09-27T16:35:09Z,130,3728113t3728117,TH:python3-ust,0.00,0,,,
2026-09-27T16:35:09Z,130,3728113t3728118,TH:python3-ust,0.00,0,,,
2026-09-27T16:35:09Z,130,3728113t3728121,TH:python3,0.00,0,,,
2026-09-27T16:35:09Z,130,3728113t3728122,TH:python3,0.00,0,,,
2026-09-27T16:35:09Z,130,3728113t3728123,TH:dds.shm.wdog,0.00,0,,,
2026-09-27T16:35:09Z,130,3728113t3728124,TH:dds.ev.0,0.21,0,,,
2026-09-27T16:35:09Z,130,3728113t3728125,TH:dds.udp.7420,0.06,0,,,
2026-09-27T16:35:09Z,130,3728113t3728126,TH:dds.udp.7400,0.01,0,,,
2026-09-27T16:35:09Z,130,3728113t3728127,TH:dds.shm.7421,1.03,0,,,
2026-09-27T16:35:09Z,130,3728113t3728128,TH:dds.udp.7421,0.00,0,,,
2026-09-27T16:35:09Z,130,3728113t3728129,TH:dds.asyn.0.0,0.00,0,,,
2026-09-27T16:35:09Z,130,3728113t3728130,TH:dds.shm.7005,0.01,0,,,
2026-09-27T16:35:09Z,130,3728113t3728131,TH:dds.udp.7005,0.00,0,,,
2026-09-27T16:35:09Z,130,3728113t3728132,TH:python3,0.00,0,,,
2026-09-27T16:35:11Z,131,3721725,lifelong_slam_t,0.68,0.03,33,13,213
2026-09-27T16:35:11Z,131,3721758,component_conta,0.95,0.12,52,0,0
2026-09-27T16:35:11Z,131,3721013,python3,0.12,0.00,15,100,407
2026-09-27T16:35:11Z,131,3728113,python3,0.15,0.00,15,205,537
2026-09-27T16:35:13Z,132,3721725,lifelong_slam_t,0.72,0.01,33,14,115
2026-09-27T16:35:13Z,132,3721758,component_conta,1.00,0.13,52,0,0
2026-09-27T16:35:13Z,132,3721013,python3,0.09,0.01,15,100,94
2026-09-27T16:35:13Z,132,3728113,python3,0.13,0.01,15,203,198
2026-09-27T16:35:15Z,133,3721725,lifelong_slam_t,0.70,0.02,33,14,15
2026-09-27T16:35:15Z,133,3721758,component_conta,0.98,0.13,52,0,0
2026-09-27T16:35:15Z,133,3721013,python3,0.10,0.00,15,100,2
2026-09-27T16:35:15Z,133,3728113,python3,0.13,0.01,15,200,0
2026-09-27T16:35:17Z,134,3721725,lifelong_slam_t,0.68,0.02,33,15,115
2026-09-27T16:35:17Z,134,3721758,component_conta,0.99,0.11,52,0,0
2026-09-27T16:35:17Z,134,3721013,python3,0.11,0.00,15,101,125
2026-09-27T16:35:17Z,134,3728113,python3,0.13,0.00,15,203,129
2026-09-27T16:35:19Z,135,3721725,lifelong_slam_t,0.74,0.02,33,19,290
2026-09-27T16:35:19Z,135,3721758,component_conta,0.97,0.12,52,0,0
2026-09-27T16:35:19Z,135,3721013,python3,0.10,0.00,15,100,301
2026-09-27T16:35:19Z,135,3728113,python3,0.14,0.01,15,202,414
2026-09-27T16:35:21Z,136,3721725,lifelong_slam_t,0.72,0.03,33,16,10
2026-09-27T16:35:21Z,136,3721758,component_conta,0.71,0.08,50,0,0
2026-09-27T16:35:21Z,136,3721013,python3,0.10,0.01,15,100,4
2026-09-27T16:35:21Z,136,3728113,python3,0.05,0.00,15,68,0
2026-09-27T16:35:23Z,137,3721725,lifelong_slam_t,0.59,0.00,33,10,32
2026-09-27T16:35:23Z,137,3721758,component_conta,0.84,0.09,52,0,0
2026-09-27T16:35:23Z,137,3721013,python3,0.11,0.00,15,100,16
2026-09-27T16:35:23Z,137,3728113,python3,0.10,0.00,15,139,26
2026-09-27T16:35:25Z,138,3721725,lifelong_slam_t,0.79,0.05,33,19,418
2026-09-27T16:35:25Z,138,3721758,component_conta,0.94,0.15,52,0,0
2026-09-27T16:35:25Z,138,3721013,python3,0.11,0.00,15,101,568
2026-09-27T16:35:25Z,138,3728113,python3,0.14,0.02,15,205,641
2026-09-27T16:35:27Z,139,3721725,lifelong_slam_t,0.79,0.01,33,15,87
2026-09-27T16:35:27Z,139,3721758,component_conta,0.89,0.10,52,0,0
2026-09-27T16:35:27Z,139,3721013,python3,0.10,0.00,15,100,2
2026-09-27T16:35:27Z,139,3728113,python3,0.13,0.01,15,200,2
2026-09-27T16:35:29Z,140,3721725,lifelong_slam_t,0.69,0.01,33,14,42
2026-09-27T16:35:29Z,140,3721725t3721725,TH:lifelong_slam_t,59.17,0,,,
2026-09-27T16:35:29Z,140,3721725t3721727,TH:lifelong_sl-ust,0.00,0,,,
2026-09-27T16:35:29Z,140,3721725t3721728,TH:lifelong_sl-ust,0.00,0,,,
2026-09-27T16:35:29Z,140,3721725t3721729,TH:lifelong_slam_t,0.00,0,,,
2026-09-27T16:35:29Z,140,3721725t3721730,TH:lifelong_slam_t,0.00,0,,,
2026-09-27T16:35:29Z,140,3721725t3721731,TH:dds.shm.wdog,0.00,0,,,
2026-09-27T16:35:29Z,140,3721725t3721732,TH:dds.ev.0,0.44,0,,,
2026-09-27T16:35:29Z,140,3721725t3721733,TH:dds.udp.7414,0.13,0,,,
2026-09-27T16:35:29Z,140,3721725t3721734,TH:dds.udp.7400,0.02,0,,,
2026-09-27T16:35:29Z,140,3721725t3721735,TH:dds.shm.7415,1.03,0,,,
2026-09-27T16:35:29Z,140,3721725t3721736,TH:dds.udp.7415,0.00,0,,,
2026-09-27T16:35:29Z,140,3721725t3721737,TH:dds.asyn.0.0,0.00,0,,,
2026-09-27T16:35:29Z,140,3721725t3721738,TH:dds.shm.7002,0.04,0,,,
2026-09-27T16:35:29Z,140,3721725t3721739,TH:dds.udp.7002,0.00,0,,,
2026-09-27T16:35:29Z,140,3721725t3721740,TH:lifelong_slam_t,0.01,0,,,
2026-09-27T16:35:29Z,140,3721725t3721754,TH:lifelong_slam_t,1.19,0,,,
2026-09-27T16:35:29Z,140,3721725t3721755,TH:lifelong_slam_t,0.91,0,,,
2026-09-27T16:35:29Z,140,3721725t3721756,TH:lifelong_slam_t,3.67,0,,,
2026-09-27T16:35:29Z,140,3721725t3721773,TH:lifelong_slam_t,10.91,0,,,
2026-09-27T16:35:29Z,140,3721725t3721774,TH:lifelong_slam_t,10.96,0,,,
2026-09-27T16:35:29Z,140,3721725t3721775,TH:lifelong_slam_t,10.98,0,,,
2026-09-27T16:35:29Z,140,3721725t3721776,TH:lifelong_slam_t,11.03,0,,,
2026-09-27T16:35:29Z,140,3721725t3721777,TH:lifelong_slam_t,10.95,0,,,
2026-09-27T16:35:29Z,140,3721725t3721778,TH:lifelong_slam_t,10.98,0,,,
2026-09-27T16:35:29Z,140,3721725t3721779,TH:lifelong_slam_t,11.05,0,,,
2026-09-27T16:35:29Z,140,3721725t3722869,TH:lifelong_slam_t,0.00,0,,,
2026-09-27T16:35:29Z,140,3721725t3722870,TH:lifelong_slam_t,0.00,0,,,
2026-09-27T16:35:29Z,140,3721725t3722871,TH:lifelong_slam_t,0.01,0,,,
2026-09-27T16:35:29Z,140,3721725t3722872,TH:lifelong_slam_t,0.00,0,,,
2026-09-27T16:35:29Z,140,3721725t3722873,TH:lifelong_slam_t,0.00,0,,,
2026-09-27T16:35:29Z,140,3721725t3722874,TH:lifelong_slam_t,0.00,0,,,
2026-09-27T16:35:29Z,140,3721725t3722875,TH:lifelong_slam_t,0.00,0,,,
2026-09-27T16:35:29Z,140,3721725t3722876,TH:lifelong_slam_t,0.00,0,,,
2026-09-27T16:35:29Z,140,3721758,component_conta,1.01,0.07,52,0,0
2026-09-27T16:35:29Z,140,3721758t3721758,TH:component_conta,0.25,0,,,
2026-09-27T16:35:29Z,140,3721758t3721759,TH:component_c-ust,0.00,0,,,
2026-09-27T16:35:29Z,140,3721758t3721760,TH:component_c-ust,0.00,0,,,
2026-09-27T16:35:29Z,140,3721758t3721761,TH:component_conta,0.00,0,,,
2026-09-27T16:35:29Z,140,3721758t3721762,TH:component_conta,0.00,0,,,
2026-09-27T16:35:29Z,140,3721758t3721763,TH:dds.shm.wdog,0.01,0,,,
2026-09-27T16:35:29Z,140,3721758t3721764,TH:dds.ev.0,0.87,0,,,
2026-09-27T16:35:29Z,140,3721758t3721765,TH:dds.udp.7418,0.06,0,,,
2026-09-27T16:35:29Z,140,3721758t3721766,TH:dds.udp.7400,0.02,0,,,
2026-09-27T16:35:29Z,140,3721758t3721767,TH:dds.shm.7419,6.97,0,,,
2026-09-27T16:35:29Z,140,3721758t3721768,TH:dds.udp.7419,0.00,0,,,
2026-09-27T16:35:29Z,140,3721758t3721769,TH:dds.asyn.0.0,0.08,0,,,
2026-09-27T16:35:29Z,140,3721758t3721770,TH:dds.shm.7004,0.02,0,,,
2026-09-27T16:35:29Z,140,3721758t3721771,TH:dds.udp.7004,0.00,0,,,
2026-09-27T16:35:29Z,140,3721758t3721772,TH:component_conta,0.01,0,,,
2026-09-27T16:35:29Z,140,3721758t3721780,TH:component_conta,6.99,0,,,
2026-09-27T16:35:29Z,140,3721758t3721782,TH:component_conta,5.71,0,,,
2026-09-27T16:35:29Z,140,3721758t3721783,TH:component_conta,5.26,0,,,
2026-09-27T16:35:29Z,140,3721758t3721784,TH:component_conta,6.18,0,,,
2026-09-27T16:35:29Z,140,3721758t3721785,TH:component_conta,7.44,0,,,
2026-09-27T16:35:29Z,140,3721758t3721786,TH:component_conta,8.61,0,,,
2026-09-27T16:35:29Z,140,3721758t3721787,TH:component_conta,4.35,0,,,
2026-09-27T16:35:29Z,140,3721758t3721788,TH:component_conta,5.50,0,,,
2026-09-27T16:35:29Z,140,3721758t3721789,TH:component_conta,5.90,0,,,
2026-09-27T16:35:29Z,140,3721758t3721790,TH:component_conta,5.00,0,,,
2026-09-27T16:35:29Z,140,3721758t3721792,TH:component_conta,19.71,0,,,
2026-09-27T16:35:29Z,140,3721758t3721793,TH:component_conta,0.11,0,,,
2026-09-27T16:35:29Z,140,3721758t3721794,TH:component_conta,0.81,0,,,
2026-09-27T16:35:29Z,140,3721758t3721795,TH:component_conta,0.23,0,,,
2026-09-27T16:35:29Z,140,3721758t3721796,TH:component_conta,0.02,0,,,
2026-09-27T16:35:29Z,140,3721758t3721797,TH:component_conta,14.85,0,,,
2026-09-27T16:35:29Z,140,3721758t3721798,TH:component_conta,0.06,0,,,
2026-09-27T16:35:29Z,140,3721758t3721799,TH:component_conta,0.69,0,,,
2026-09-27T16:35:29Z,140,3721758t3721800,TH:component_conta,0.00,0,,,
2026-09-27T16:35:29Z,140,3721758t3721801,TH:component_conta,0.61,0,,,
2026-09-27T16:35:29Z,140,3721758t3721802,TH:component_conta,0.20,0,,,
2026-09-27T16:35:29Z,140,3721758t3721803,TH:component_conta,0.04,0,,,
2026-09-27T16:35:29Z,140,3721758t3721804,TH:component_conta,0.08,0,,,
2026-09-27T16:35:29Z,140,3721758t3721805,TH:component_conta,0.00,0,,,
2026-09-27T16:35:29Z,140,3721758t3721806,TH:component_conta,0.72,0,,,
2026-09-27T16:35:29Z,140,3721758t3721807,TH:component_conta,0.00,0,,,
2026-09-27T16:35:29Z,140,3721758t3721808,TH:component_conta,0.00,0,,,
2026-09-27T16:35:29Z,140,3721758t3721809,TH:component_conta,0.86,0,,,
2026-09-27T16:35:29Z,140,3721758t3721825,TH:component_conta,0.92,0,,,
2026-09-27T16:35:29Z,140,3721758t3721827,TH:component_conta,0.93,0,,,
2026-09-27T16:35:29Z,140,3721758t3721829,TH:component_conta,0.00,0,,,
2026-09-27T16:35:29Z,140,3721758t3721830,TH:component_conta,0.00,0,,,
2026-09-27T16:35:29Z,140,3721758t3721831,TH:component_conta,0.99,0,,,
2026-09-27T16:35:29Z,140,3721758t3722075,TH:component_conta,0.37,0,,,
2026-09-27T16:35:29Z,140,3721758t3722080,TH:component_conta,0.63,0,,,
2026-09-27T16:35:29Z,140,3721758t3796067,TH:component_conta,0.17,0,,,
2026-09-27T16:35:29Z,140,3721758t3797804,TH:component_conta,0.00,0,,,
2026-09-27T16:35:29Z,140,3721013,python3,0.09,0.00,15,100,6
2026-09-27T16:35:29Z,140,3721013t3721013,TH:python3,16.98,0,,,
2026-09-27T16:35:29Z,140,3721013t3721015,TH:python3-ust,0.00,0,,,
2026-09-27T16:35:29Z,140,3721013t3721016,TH:python3-ust,0.00,0,,,
2026-09-27T16:35:29Z,140,3721013t3721017,TH:python3,0.00,0,,,
2026-09-27T16:35:29Z,140,3721013t3721018,TH:python3,0.00,0,,,
2026-09-27T16:35:29Z,140,3721013t3721019,TH:dds.shm.wdog,0.00,0,,,
2026-09-27T16:35:29Z,140,3721013t3721020,TH:dds.ev.0,0.47,0,,,
2026-09-27T16:35:29Z,140,3721013t3721021,TH:dds.udp.7410,0.12,0,,,
2026-09-27T16:35:29Z,140,3721013t3721022,TH:dds.udp.7400,0.02,0,,,
2026-09-27T16:35:29Z,140,3721013t3721023,TH:dds.shm.7411,0.09,0,,,
2026-09-27T16:35:29Z,140,3721013t3721024,TH:dds.udp.7411,0.00,0,,,
2026-09-27T16:35:29Z,140,3721013t3721025,TH:dds.asyn.0.0,0.00,0,,,
2026-09-27T16:35:29Z,140,3721013t3721026,TH:dds.shm.7000,0.04,0,,,
2026-09-27T16:35:29Z,140,3721013t3721027,TH:dds.udp.7000,0.00,0,,,
2026-09-27T16:35:29Z,140,3721013t3721028,TH:python3,0.01,0,,,
2026-09-27T16:35:29Z,140,3728113,python3,0.12,0.00,15,201,4
2026-09-27T16:35:29Z,140,3728113t3728113,TH:python3,17.22,0,,,
2026-09-27T16:35:29Z,140,3728113t3728117,TH:python3-ust,0.00,0,,,
2026-09-27T16:35:29Z,140,3728113t3728118,TH:python3-ust,0.00,0,,,
2026-09-27T16:35:29Z,140,3728113t3728121,TH:python3,0.00,0,,,
2026-09-27T16:35:29Z,140,3728113t3728122,TH:python3,0.00,0,,,
2026-09-27T16:35:29Z,140,3728113t3728123,TH:dds.shm.wdog,0.00,0,,,
2026-09-27T16:35:29Z,140,3728113t3728124,TH:dds.ev.0,0.22,0,,,
2026-09-27T16:35:29Z,140,3728113t3728125,TH:dds.udp.7420,0.06,0,,,
2026-09-27T16:35:29Z,140,3728113t3728126,TH:dds.udp.7400,0.01,0,,,
2026-09-27T16:35:29Z,140,3728113t3728127,TH:dds.shm.7421,1.11,0,,,
2026-09-27T16:35:29Z,140,3728113t3728128,TH:dds.udp.7421,0.00,0,,,
2026-09-27T16:35:29Z,140,3728113t3728129,TH:dds.asyn.0.0,0.00,0,,,
2026-09-27T16:35:29Z,140,3728113t3728130,TH:dds.shm.7005,0.01,0,,,
2026-09-27T16:35:29Z,140,3728113t3728131,TH:dds.udp.7005,0.00,0,,,
2026-09-27T16:35:29Z,140,3728113t3728132,TH:python3,0.00,0,,,
2026-09-27T16:35:31Z,141,3721725,lifelong_slam_t,0.72,0.03,33,21,825
2026-09-27T16:35:31Z,141,3721758,component_conta,0.77,0.11,52,0,0
2026-09-27T16:35:31Z,141,3721013,python3,0.10,0.01,15,101,642
2026-09-27T16:35:31Z,141,3728113,python3,0.14,0.01,15,203,717
2026-09-27T16:35:33Z,142,3721725,lifelong_slam_t,0.59,0.02,33,11,18
2026-09-27T16:35:33Z,142,3721758,component_conta,1.04,0.08,52,0,0
2026-09-27T16:35:33Z,142,3721013,python3,0.10,0.00,15,100,5
2026-09-27T16:35:33Z,142,3728113,python3,0.14,0.00,15,203,4
2026-09-27T16:35:35Z,143,3721725,lifelong_slam_t,0.70,0.02,33,13,40
2026-09-27T16:35:35Z,143,3721758,component_conta,0.95,0.09,52,0,0
2026-09-27T16:35:35Z,143,3721013,python3,0.12,0.01,15,100,24
2026-09-27T16:35:35Z,143,3728113,python3,0.16,0.00,15,202,26
2026-09-27T16:35:37Z,144,3721725,lifelong_slam_t,0.79,0.02,33,20,679
2026-09-27T16:35:37Z,144,3721758,component_conta,0.93,0.09,52,0,0
2026-09-27T16:35:37Z,144,3721013,python3,0.12,0.00,15,100,763
2026-09-27T16:35:37Z,144,3728113,python3,0.15,0.01,15,204,940
2026-09-27T16:35:39Z,145,3721725,lifelong_slam_t,0.75,0.01,33,15,14
2026-09-27T16:35:39Z,145,3721758,component_conta,0.86,0.08,52,0,0
2026-09-27T16:35:39Z,145,3721013,python3,0.10,0.00,15,100,108
2026-09-27T16:35:39Z,145,3728113,python3,0.13,0.00,15,204,129
2026-09-27T16:35:41Z,146,3721725,lifelong_slam_t,0.73,0.01,33,14,19
2026-09-27T16:35:41Z,146,3721758,component_conta,0.90,0.07,52,0,0
2026-09-27T16:35:41Z,146,3721013,python3,0.09,0.00,15,100,18
2026-09-27T16:35:41Z,146,3728113,python3,0.13,0.01,15,200,4
2026-09-27T16:35:43Z,147,3721725,lifelong_slam_t,0.75,0.02,33,16,291
2026-09-27T16:35:43Z,147,3721758,component_conta,0.97,0.09,52,0,0
2026-09-27T16:35:43Z,147,3721013,python3,0.11,0.00,15,102,265
2026-09-27T16:35:43Z,147,3728113,python3,0.14,0.00,15,201,252
2026-09-27T16:35:45Z,148,3721725,lifelong_slam_t,0.74,0.03,33,16,222
2026-09-27T16:35:45Z,148,3721758,component_conta,0.71,0.08,50,0,0
2026-09-27T16:35:45Z,148,3721013,python3,0.09,0.01,15,100,167
2026-09-27T16:35:45Z,148,3728113,python3,0.06,0.01,15,75,258
2026-09-27T16:35:47Z,149,3721725,lifelong_slam_t,0.70,0.01,33,13,9
2026-09-27T16:35:47Z,149,3721758,component_conta,0.93,0.11,52,0,0
2026-09-27T16:35:47Z,149,3721013,python3,0.10,0.00,15,100,0
2026-09-27T16:35:47Z,149,3728113,python3,0.09,0.00,15,134,4
2026-09-27T16:35:49Z,150,3721725,lifelong_slam_t,0.59,0.02,33,11,62
2026-09-27T16:35:49Z,150,3721725t3721725,TH:lifelong_slam_t,62.47,0,,,
2026-09-27T16:35:49Z,150,3721725t3721727,TH:lifelong_sl-ust,0.00,0,,,
2026-09-27T16:35:49Z,150,3721725t3721728,TH:lifelong_sl-ust,0.00,0,,,
2026-09-27T16:35:49Z,150,3721725t3721729,TH:lifelong_slam_t,0.00,0,,,
2026-09-27T16:35:49Z,150,3721725t3721730,TH:lifelong_slam_t,0.00,0,,,
2026-09-27T16:35:49Z,150,3721725t3721731,TH:dds.shm.wdog,0.00,0,,,
2026-09-27T16:35:49Z,150,3721725t3721732,TH:dds.ev.0,0.46,0,,,
2026-09-27T16:35:49Z,150,3721725t3721733,TH:dds.udp.7414,0.13,0,,,
2026-09-27T16:35:49Z,150,3721725t3721734,TH:dds.udp.7400,0.02,0,,,
2026-09-27T16:35:49Z,150,3721725t3721735,TH:dds.shm.7415,1.08,0,,,
2026-09-27T16:35:49Z,150,3721725t3721736,TH:dds.udp.7415,0.00,0,,,
2026-09-27T16:35:49Z,150,3721725t3721737,TH:dds.asyn.0.0,0.00,0,,,
2026-09-27T16:35:49Z,150,3721725t3721738,TH:dds.shm.7002,0.04,0,,,
2026-09-27T16:35:49Z,150,3721725t3721739,TH:dds.udp.7002,0.00,0,,,
2026-09-27T16:35:49Z,150,3721725t3721740,TH:lifelong_slam_t,0.01,0,,,
2026-09-27T16:35:49Z,150,3721725t3721754,TH:lifelong_slam_t,1.27,0,,,
2026-09-27T16:35:49Z,150,3721725t3721755,TH:lifelong_slam_t,0.96,0,,,
2026-09-27T16:35:49Z,150,3721725t3721756,TH:lifelong_slam_t,3.97,0,,,
2026-09-27T16:35:49Z,150,3721725t3721773,TH:lifelong_slam_t,11.39,0,,,
2026-09-27T16:35:49Z,150,3721725t3721774,TH:lifelong_slam_t,11.45,0,,,
2026-09-27T16:35:49Z,150,3721725t3721775,TH:lifelong_slam_t,11.49,0,,,
2026-09-27T16:35:49Z,150,3721725t3721776,TH:lifelong_slam_t,11.54,0,,,
2026-09-27T16:35:49Z,150,3721725t3721777,TH:lifelong_slam_t,11.44,0,,,
2026-09-27T16:35:49Z,150,3721725t3721778,TH:lifelong_slam_t,11.47,0,,,
2026-09-27T16:35:49Z,150,3721725t3721779,TH:lifelong_slam_t,11.54,0,,,
2026-09-27T16:35:49Z,150,3721725t3722869,TH:lifelong_slam_t,0.00,0,,,
2026-09-27T16:35:49Z,150,3721725t3722870,TH:lifelong_slam_t,0.00,0,,,
2026-09-27T16:35:49Z,150,3721725t3722871,TH:lifelong_slam_t,0.01,0,,,
2026-09-27T16:35:49Z,150,3721725t3722872,TH:lifelong_slam_t,0.00,0,,,
2026-09-27T16:35:49Z,150,3721725t3722873,TH:lifelong_slam_t,0.00,0,,,
2026-09-27T16:35:49Z,150,3721725t3722874,TH:lifelong_slam_t,0.00,0,,,
2026-09-27T16:35:49Z,150,3721725t3722875,TH:lifelong_slam_t,0.00,0,,,
2026-09-27T16:35:49Z,150,3721725t3722876,TH:lifelong_slam_t,0.00,0,,,
2026-09-27T16:35:49Z,150,3721758,component_conta,1.01,0.09,52,0,0
2026-09-27T16:35:49Z,150,3721758t3721758,TH:component_conta,0.25,0,,,
2026-09-27T16:35:49Z,150,3721758t3721759,TH:component_c-ust,0.00,0,,,
2026-09-27T16:35:49Z,150,3721758t3721760,TH:component_c-ust,0.00,0,,,
2026-09-27T16:35:49Z,150,3721758t3721761,TH:component_conta,0.00,0,,,
2026-09-27T16:35:49Z,150,3721758t3721762,TH:component_conta,0.00,0,,,
2026-09-27T16:35:49Z,150,3721758t3721763,TH:dds.shm.wdog,0.01,0,,,
2026-09-27T16:35:49Z,150,3721758t3721764,TH:dds.ev.0,0.92,0,,,
2026-09-27T16:35:49Z,150,3721758t3721765,TH:dds.udp.7418,0.06,0,,,
2026-09-27T16:35:49Z,150,3721758t3721766,TH:dds.udp.7400,0.02,0,,,
2026-09-27T16:35:49Z,150,3721758t3721767,TH:dds.shm.7419,7.40,0,,,
2026-09-27T16:35:49Z,150,3721758t3721768,TH:dds.udp.7419,0.00,0,,,
2026-09-27T16:35:49Z,150,3721758t3721769,TH:dds.asyn.0.0,0.08,0,,,
2026-09-27T16:35:49Z,150,3721758t3721770,TH:dds.shm.7004,0.02,0,,,
2026-09-27T16:35:49Z,150,3721758t3721771,TH:dds.udp.7004,0.00,0,,,
2026-09-27T16:35:49Z,150,3721758t3721772,TH:component_conta,0.01,0,,,
2026-09-27T16:35:49Z,150,3721758t3721780,TH:component_conta,7.41,0,,,
2026-09-27T16:35:49Z,150,3721758t3721782,TH:component_conta,6.07,0,,,
2026-09-27T16:35:49Z,150,3721758t3721783,TH:component_conta,5.58,0,,,
2026-09-27T16:35:49Z,150,3721758t3721784,TH:component_conta,6.56,0,,,
2026-09-27T16:35:49Z,150,3721758t3721785,TH:component_conta,7.89,0,,,
2026-09-27T16:35:49Z,150,3721758t3721786,TH:component_conta,9.13,0,,,
2026-09-27T16:35:49Z,150,3721758t3721787,TH:component_conta,4.62,0,,,
2026-09-27T16:35:49Z,150,3721758t3721788,TH:component_conta,5.83,0,,,
2026-09-27T16:35:49Z,150,3721758t3721789,TH:component_conta,6.28,0,,,
2026-09-27T16:35:49Z,150,3721758t3721790,TH:component_conta,5.32,0,,,
2026-09-27T16:35:49Z,150,3721758t3721792,TH:component_conta,20.95,0,,,
2026-09-27T16:35:49Z,150,3721758t3721793,TH:component_conta,0.11,0,,,
2026-09-27T16:35:49Z,150,3721758t3721794,TH:component_conta,0.85,0,,,
2026-09-27T16:35:49Z,150,3721758t3721795,TH:component_conta,0.25,0,,,
2026-09-27T16:35:49Z,150,3721758t3721796,TH:component_conta,0.02,0,,,
2026-09-27T16:35:49Z,150,3721758t3721797,TH:component_conta,15.86,0,,,
2026-09-27T16:35:49Z,150,3721758t3721798,TH:component_conta,0.07,0,,,
2026-09-27T16:35:49Z,150,3721758t3721799,TH:component_conta,0.73,0,,,
2026-09-27T16:35:49Z,150,3721758t3721800,TH:component_conta,0.00,0,,,
2026-09-27T16:35:49Z,150,3721758t3721801,TH:component_conta,0.64,0,,,
2026-09-27T16:35:49Z,150,3721758t3721802,TH:component_conta,0.21,0,,,
2026-09-27T16:35:49Z,150,3721758t3721803,TH:component_conta,0.04,0,,,
2026-09-27T16:35:49Z,150,3721758t3721804,TH:component_conta,0.09,0,,,
2026-09-27T16:35:49Z,150,3721758t3721805,TH:component_conta,0.00,0,,,
2026-09-27T16:35:49Z,150,3721758t3721806,TH:component_conta,0.76,0,,,
2026-09-27T16:35:49Z,150,3721758t3721807,TH:component_conta,0.00,0,,,
2026-09-27T16:35:49Z,150,3721758t3721808,TH:component_conta,0.00,0,,,
2026-09-27T16:35:49Z,150,3721758t3721809,TH:component_conta,0.92,0,,,
2026-09-27T16:35:49Z,150,3721758t3721825,TH:component_conta,0.97,0,,,
2026-09-27T16:35:49Z,150,3721758t3721827,TH:component_conta,0.99,0,,,
2026-09-27T16:35:49Z,150,3721758t3721829,TH:component_conta,0.00,0,,,
2026-09-27T16:35:49Z,150,3721758t3721830,TH:component_conta,0.00,0,,,
2026-09-27T16:35:49Z,150,3721758t3721831,TH:component_conta,1.06,0,,,
2026-09-27T16:35:49Z,150,3721758t3722075,TH:component_conta,0.40,0,,,
2026-09-27T16:35:49Z,150,3721758t3722080,TH:component_conta,0.66,0,,,
2026-09-27T16:35:49Z,150,3721758t3802283,TH:component_conta,0.09,0,,,
2026-09-27T16:35:49Z,150,3721758t3802285,TH:component_conta,0.39,0,,,
2026-09-27T16:35:49Z,150,3721013,python3,0.10,0.00,15,100,51
2026-09-27T16:35:49Z,150,3721013t3721013,TH:python3,18.00,0,,,
2026-09-27T16:35:49Z,150,3721013t3721015,TH:python3-ust,0.00,0,,,
2026-09-27T16:35:49Z,150,3721013t3721016,TH:python3-ust,0.00,0,,,
2026-09-27T16:35:49Z,150,3721013t3721017,TH:python3,0.00,0,,,
2026-09-27T16:35:49Z,150,3721013t3721018,TH:python3,0.00,0,,,
2026-09-27T16:35:49Z,150,3721013t3721019,TH:dds.shm.wdog,0.00,0,,,
2026-09-27T16:35:49Z,150,3721013t3721020,TH:dds.ev.0,0.49,0,,,
2026-09-27T16:35:49Z,150,3721013t3721021,TH:dds.udp.7410,0.12,0,,,
2026-09-27T16:35:49Z,150,3721013t3721022,TH:dds.udp.7400,0.02,0,,,
2026-09-27T16:35:49Z,150,3721013t3721023,TH:dds.shm.7411,0.09,0,,,
2026-09-27T16:35:49Z,150,3721013t3721024,TH:dds.udp.7411,0.00,0,,,
2026-09-27T16:35:49Z,150,3721013t3721025,TH:dds.asyn.0.0,0.00,0,,,
2026-09-27T16:35:49Z,150,3721013t3721026,TH:dds.shm.7000,0.04,0,,,
2026-09-27T16:35:49Z,150,3721013t3721027,TH:dds.udp.7000,0.00,0,,,
2026-09-27T16:35:49Z,150,3721013t3721028,TH:python3,0.01,0,,,
2026-09-27T16:35:49Z,150,3728113,python3,0.14,0.00,15,202,91
2026-09-27T16:35:49Z,150,3728113t3728113,TH:python3,18.45,0,,,
2026-09-27T16:35:49Z,150,3728113t3728117,TH:python3-ust,0.00,0,,,
2026-09-27T16:35:49Z,150,3728113t3728118,TH:python3-ust,0.00,0,,,
2026-09-27T16:35:49Z,150,3728113t3728121,TH:python3,0.00,0,,,
2026-09-27T16:35:49Z,150,3728113t3728122,TH:python3,0.00,0,,,
2026-09-27T16:35:49Z,150,3728113t3728123,TH:dds.shm.wdog,0.00,0,,,
2026-09-27T16:35:49Z,150,3728113t3728124,TH:dds.ev.0,0.23,0,,,
2026-09-27T16:35:49Z,150,3728113t3728125,TH:dds.udp.7420,0.06,0,,,
2026-09-27T16:35:49Z,150,3728113t3728126,TH:dds.udp.7400,0.02,0,,,
2026-09-27T16:35:49Z,150,3728113t3728127,TH:dds.shm.7421,1.19,0,,,
2026-09-27T16:35:49Z,150,3728113t3728128,TH:dds.udp.7421,0.00,0,,,
2026-09-27T16:35:49Z,150,3728113t3728129,TH:dds.asyn.0.0,0.00,0,,,
2026-09-27T16:35:49Z,150,3728113t3728130,TH:dds.shm.7005,0.01,0,,,
2026-09-27T16:35:49Z,150,3728113t3728131,TH:dds.udp.7005,0.00,0,,,
2026-09-27T16:35:49Z,150,3728113t3728132,TH:python3,0.00,0,,,
2026-09-27T16:35:51Z,151,3721725,lifelong_slam_t,0.75,0.03,33,17,602
2026-09-27T16:35:51Z,151,3721758,component_conta,0.97,0.12,52,0,0
2026-09-27T16:35:51Z,151,3721013,python3,0.11,0.01,15,100,422
2026-09-27T16:35:51Z,151,3728113,python3,0.14,0.01,15,211,677
2026-09-27T16:35:53Z,152,3721725,lifelong_slam_t,0.68,0.02,33,14,9
2026-09-27T16:35:53Z,152,3721758,component_conta,1.04,0.09,52,0,0
2026-09-27T16:35:53Z,152,3721013,python3,0.10,0.00,15,100,1
2026-09-27T16:35:53Z,152,3728113,python3,0.14,0.00,15,200,4
2026-09-27T16:35:55Z,153,3721725,lifelong_slam_t,0.73,0.02,33,13,14
2026-09-27T16:35:55Z,153,3721758,component_conta,1.04,0.09,52,0,0
2026-09-27T16:35:55Z,153,3721013,python3,0.10,0.00,15,100,11
2026-09-27T16:35:55Z,153,3728113,python3,0.13,0.01,15,200,3
2026-09-27T16:35:57Z,154,3721725,lifelong_slam_t,0.77,0.02,33,17,370
2026-09-27T16:35:57Z,154,3721758,component_conta,0.96,0.13,52,0,0
2026-09-27T16:35:57Z,154,3721013,python3,0.10,0.00,15,101,310
2026-09-27T16:35:57Z,154,3728113,python3,0.14,0.00,15,205,555
2026-09-27T16:35:59Z,155,3721725,lifelong_slam_t,0.69,0.01,33,13,14
2026-09-27T16:35:59Z,155,3721758,component_conta,1.05,0.11,52,0,0
2026-09-27T16:35:59Z,155,3721013,python3,0.10,0.00,15,100,1
2026-09-27T16:35:59Z,155,3728113,python3,0.13,0.01,15,201,0
2026-09-27T16:36:01Z,156,3721725,lifelong_slam_t,0.79,0.02,33,17,21
2026-09-27T16:36:01Z,156,3721758,component_conta,1.01,0.11,52,0,0
2026-09-27T16:36:01Z,156,3721013,python3,0.10,0.01,15,100,13
2026-09-27T16:36:01Z,156,3728113,python3,0.13,0.00,15,203,1
2026-09-27T16:36:03Z,157,3721725,lifelong_slam_t,0.70,0.01,33,11,339
2026-09-27T16:36:03Z,157,3721758,component_conta,0.95,0.12,52,0,0
2026-09-27T16:36:03Z,157,3721013,python3,0.11,0.00,15,100,414
2026-09-27T16:36:03Z,157,3728113,python3,0.16,0.01,15,209,726
2026-09-27T16:36:05Z,158,3721725,lifelong_slam_t,0.76,0.01,33,14,125
2026-09-27T16:36:05Z,158,3721758,component_conta,0.98,0.12,52,0,0
2026-09-27T16:36:05Z,158,3721013,python3,0.10,0.00,15,101,1
2026-09-27T16:36:05Z,158,3728113,python3,0.13,0.01,15,201,1
2026-09-27T16:36:07Z,159,3721725,lifelong_slam_t,0.77,0.02,33,14,17
2026-09-27T16:36:07Z,159,3721758,component_conta,0.99,0.10,52,0,0
2026-09-27T16:36:07Z,159,3721013,python3,0.10,0.00,15,100,2
2026-09-27T16:36:07Z,159,3728113,python3,0.13,0.00,15,200,2
2026-09-27T16:36:09Z,160,3721725,lifelong_slam_t,0.76,0.02,33,16,86
2026-09-27T16:36:09Z,160,3721725t3721725,TH:lifelong_slam_t,65.94,0,,,
2026-09-27T16:36:09Z,160,3721725t3721727,TH:lifelong_sl-ust,0.00,0,,,
2026-09-27T16:36:09Z,160,3721725t3721728,TH:lifelong_sl-ust,0.00,0,,,
2026-09-27T16:36:09Z,160,3721725t3721729,TH:lifelong_slam_t,0.00,0,,,
2026-09-27T16:36:09Z,160,3721725t3721730,TH:lifelong_slam_t,0.00,0,,,
2026-09-27T16:36:09Z,160,3721725t3721731,TH:dds.shm.wdog,0.00,0,,,
2026-09-27T16:36:09Z,160,3721725t3721732,TH:dds.ev.0,0.49,0,,,
2026-09-27T16:36:09Z,160,3721725t3721733,TH:dds.udp.7414,0.13,0,,,
2026-09-27T16:36:09Z,160,3721725t3721734,TH:dds.udp.7400,0.02,0,,,
2026-09-27T16:36:09Z,160,3721725t3721735,TH:dds.shm.7415,1.15,0,,,
2026-09-27T16:36:09Z,160,3721725t3721736,TH:dds.udp.7415,0.00,0,,,
2026-09-27T16:36:09Z,160,3721725t3721737,TH:dds.asyn.0.0,0.00,0,,,
2026-09-27T16:36:09Z,160,3721725t3721738,TH:dds.shm.7002,0.04,0,,,
2026-09-27T16:36:09Z,160,3721725t3721739,TH:dds.udp.7002,0.00,0,,,
2026-09-27T16:36:09Z,160,3721725t3721740,TH:lifelong_slam_t,0.01,0,,,
2026-09-27T16:36:09Z,160,3721725t3721754,TH:lifelong_slam_t,1.34,0,,,
2026-09-27T16:36:09Z,160,3721725t3721755,TH:lifelong_slam_t,1.00,0,,,
2026-09-27T16:36:09Z,160,3721725t3721756,TH:lifelong_slam_t,4.28,0,,,
2026-09-27T16:36:09Z,160,3721725t3721773,TH:lifelong_slam_t,11.93,0,,,
2026-09-27T16:36:09Z,160,3721725t3721774,TH:lifelong_slam_t,11.95,0,,,
2026-09-27T16:36:09Z,160,3721725t3721775,TH:lifelong_slam_t,12.02,0,,,
2026-09-27T16:36:09Z,160,3721725t3721776,TH:lifelong_slam_t,12.05,0,,,
2026-09-27T16:36:09Z,160,3721725t3721777,TH:lifelong_slam_t,11.93,0,,,
2026-09-27T16:36:09Z,160,3721725t3721778,TH:lifelong_slam_t,11.98,0,,,
2026-09-27T16:36:09Z,160,3721725t3721779,TH:lifelong_slam_t,12.03,0,,,
2026-09-27T16:36:09Z,160,3721725t3722869,TH:lifelong_slam_t,0.00,0,,,
2026-09-27T16:36:09Z,160,3721725t3722870,TH:lifelong_slam_t,0.00,0,,,
2026-09-27T16:36:09Z,160,3721725t3722871,TH:lifelong_slam_t,0.01,0,,,
2026-09-27T16:36:09Z,160,3721725t3722872,TH:lifelong_slam_t,0.00,0,,,
2026-09-27T16:36:09Z,160,3721725t3722873,TH:lifelong_slam_t,0.00,0,,,
2026-09-27T16:36:09Z,160,3721725t3722874,TH:lifelong_slam_t,0.00,0,,,
2026-09-27T16:36:09Z,160,3721725t3722875,TH:lifelong_slam_t,0.00,0,,,
2026-09-27T16:36:09Z,160,3721725t3722876,TH:lifelong_slam_t,0.00,0,,,
2026-09-27T16:36:09Z,160,3721758,component_conta,0.71,0.08,50,0,0
2026-09-27T16:36:09Z,160,3721758t3721758,TH:component_conta,0.25,0,,,
2026-09-27T16:36:09Z,160,3721758t3721759,TH:component_c-ust,0.00,0,,,
2026-09-27T16:36:09Z,160,3721758t3721760,TH:component_c-ust,0.00,0,,,
2026-09-27T16:36:09Z,160,3721758t3721761,TH:component_conta,0.00,0,,,
2026-09-27T16:36:09Z,160,3721758t3721762,TH:component_conta,0.00,0,,,
2026-09-27T16:36:09Z,160,3721758t3721763,TH:dds.shm.wdog,0.01,0,,,
2026-09-27T16:36:09Z,160,3721758t3721764,TH:dds.ev.0,0.97,0,,,
2026-09-27T16:36:09Z,160,3721758t3721765,TH:dds.udp.7418,0.06,0,,,
2026-09-27T16:36:09Z,160,3721758t3721766,TH:dds.udp.7400,0.02,0,,,
2026-09-27T16:36:09Z,160,3721758t3721767,TH:dds.shm.7419,7.82,0,,,
2026-09-27T16:36:09Z,160,3721758t3721768,TH:dds.udp.7419,0.00,0,,,
2026-09-27T16:36:09Z,160,3721758t3721769,TH:dds.asyn.0.0,0.08,0,,,
2026-09-27T16:36:09Z,160,3721758t3721770,TH:dds.shm.7004,0.02,0,,,
2026-09-27T16:36:09Z,160,3721758t3721771,TH:dds.udp.7004,0.00,0,,,
2026-09-27T16:36:09Z,160,3721758t3721772,TH:component_conta,0.01,0,,,
2026-09-27T16:36:09Z,160,3721758t3721780,TH:component_conta,7.88,0,,,
2026-09-27T16:36:09Z,160,3721758t3721782,TH:component_conta,6.44,0,,,
2026-09-27T16:36:09Z,160,3721758t3721783,TH:component_conta,5.93,0,,,
2026-09-27T16:36:09Z,160,3721758t3721784,TH:component_conta,6.97,0,,,
2026-09-27T16:36:09Z,160,3721758t3721785,TH:component_conta,8.39,0,,,
2026-09-27T16:36:09Z,160,3721758t3721786,TH:component_conta,9.71,0,,,
2026-09-27T16:36:09Z,160,3721758t3721787,TH:component_conta,4.91,0,,,
2026-09-27T16:36:09Z,160,3721758t3721788,TH:component_conta,6.20,0,,,
2026-09-27T16:36:09Z,160,3721758t3721789,TH:component_conta,6.68,0,,,
2026-09-27T16:36:09Z,160,3721758t3721790,TH:component_conta,5.63,0,,,
2026-09-27T16:36:09Z,160,3721758t3721792,TH:component_conta,22.23,0,,,
2026-09-27T16:36:09Z,160,3721758t3721793,TH:component_conta,0.11,0,,,
2026-09-27T16:36:09Z,160,3721758t3721794,TH:component_conta,0.91,0,,,
2026-09-27T16:36:09Z,160,3721758t3721795,TH:component_conta,0.26,0,,,
2026-09-27T16:36:09Z,160,3721758t3721796,TH:component_conta,0.02,0,,,
2026-09-27T16:36:09Z,160,3721758t3721797,TH:component_conta,16.99,0,,,
2026-09-27T16:36:09Z,160,3721758t3721798,TH:component_conta,0.08,0,,,
2026-09-27T16:36:09Z,160,3721758t3721799,TH:component_conta,0.77,0,,,
2026-09-27T16:36:09Z,160,3721758t3721800,TH:component_conta,0.00,0,,,
2026-09-27T16:36:09Z,160,3721758t3721801,TH:component_conta,0.68,0,,,
2026-09-27T16:36:09Z,160,3721758t3721802,TH:component_conta,0.23,0,,,
2026-09-27T16:36:09Z,160,3721758t3721803,TH:component_conta,0.04,0,,,
2026-09-27T16:36:09Z,160,3721758t3721804,TH:component_conta,0.09,0,,,
2026-09-27T16:36:09Z,160,3721758t3721805,TH:component_conta,0.00,0,,,
2026-09-27T16:36:09Z,160,3721758t3721806,TH:component_conta,0.80,0,,,
2026-09-27T16:36:09Z,160,3721758t3721807,TH:component_conta,0.00,0,,,
2026-09-27T16:36:09Z,160,3721758t3721808,TH:component_conta,0.00,0,,,
2026-09-27T16:36:09Z,160,3721758t3721809,TH:component_conta,0.98,0,,,
2026-09-27T16:36:09Z,160,3721758t3721825,TH:component_conta,1.03,0,,,
2026-09-27T16:36:09Z,160,3721758t3721827,TH:component_conta,1.05,0,,,
2026-09-27T16:36:09Z,160,3721758t3721829,TH:component_conta,0.00,0,,,
2026-09-27T16:36:09Z,160,3721758t3721830,TH:component_conta,0.00,0,,,
2026-09-27T16:36:09Z,160,3721758t3721831,TH:component_conta,1.12,0,,,
2026-09-27T16:36:09Z,160,3721758t3722075,TH:component_conta,0.43,0,,,
2026-09-27T16:36:09Z,160,3721758t3722080,TH:component_conta,0.71,0,,,
2026-09-27T16:36:09Z,160,3721013,python3,0.10,0.01,15,100,341
2026-09-27T16:36:09Z,160,3721013t3721013,TH:python3,19.01,0,,,
2026-09-27T16:36:09Z,160,3721013t3721015,TH:python3-ust,0.00,0,,,
2026-09-27T16:36:09Z,160,3721013t3721016,TH:python3-ust,0.00,0,,,
2026-09-27T16:36:09Z,160,3721013t3721017,TH:python3,0.00,0,,,
2026-09-27T16:36:09Z,160,3721013t3721018,TH:python3,0.00,0,,,
2026-09-27T16:36:09Z,160,3721013t3721019,TH:dds.shm.wdog,0.00,0,,,
2026-09-27T16:36:09Z,160,3721013t3721020,TH:dds.ev.0,0.52,0,,,
2026-09-27T16:36:09Z,160,3721013t3721021,TH:dds.udp.7410,0.12,0,,,
2026-09-27T16:36:09Z,160,3721013t3721022,TH:dds.udp.7400,0.02,0,,,
2026-09-27T16:36:09Z,160,3721013t3721023,TH:dds.shm.7411,0.10,0,,,
2026-09-27T16:36:09Z,160,3721013t3721024,TH:dds.udp.7411,0.00,0,,,
2026-09-27T16:36:09Z,160,3721013t3721025,TH:dds.asyn.0.0,0.00,0,,,
2026-09-27T16:36:09Z,160,3721013t3721026,TH:dds.shm.7000,0.04,0,,,
2026-09-27T16:36:09Z,160,3721013t3721027,TH:dds.udp.7000,0.00,0,,,
2026-09-27T16:36:09Z,160,3721013t3721028,TH:python3,0.01,0,,,
2026-09-27T16:36:09Z,160,3728113,python3,0.04,0.00,15,59,8
2026-09-27T16:36:09Z,160,3728113t3728113,TH:python3,19.66,0,,,
2026-09-27T16:36:09Z,160,3728113t3728117,TH:python3-ust,0.00,0,,,
2026-09-27T16:36:09Z,160,3728113t3728118,TH:python3-ust,0.00,0,,,
2026-09-27T16:36:09Z,160,3728113t3728121,TH:python3,0.00,0,,,
2026-09-27T16:36:09Z,160,3728113t3728122,TH:python3,0.00,0,,,
2026-09-27T16:36:09Z,160,3728113t3728123,TH:dds.shm.wdog,0.00,0,,,
2026-09-27T16:36:09Z,160,3728113t3728124,TH:dds.ev.0,0.25,0,,,
2026-09-27T16:36:09Z,160,3728113t3728125,TH:dds.udp.7420,0.06,0,,,
2026-09-27T16:36:09Z,160,3728113t3728126,TH:dds.udp.7400,0.02,0,,,
2026-09-27T16:36:09Z,160,3728113t3728127,TH:dds.shm.7421,1.27,0,,,
2026-09-27T16:36:09Z,160,3728113t3728128,TH:dds.udp.7421,0.00,0,,,
2026-09-27T16:36:09Z,160,3728113t3728129,TH:dds.asyn.0.0,0.00,0,,,
2026-09-27T16:36:09Z,160,3728113t3728130,TH:dds.shm.7005,0.01,0,,,
2026-09-27T16:36:09Z,160,3728113t3728131,TH:dds.udp.7005,0.00,0,,,
2026-09-27T16:36:09Z,160,3728113t3728132,TH:python3,0.00,0,,,
2026-09-27T16:36:11Z,161,3721725,lifelong_slam_t,0.71,0.01,33,13,122
2026-09-27T16:36:11Z,161,3721758,component_conta,0.81,0.04,52,0,0
2026-09-27T16:36:11Z,161,3721013,python3,0.10,0.00,15,100,23
2026-09-27T16:36:11Z,161,3728113,python3,0.10,0.00,15,148,0
2026-09-27T16:36:13Z,162,3721725,lifelong_slam_t,0.60,0.01,33,11,13
2026-09-27T16:36:13Z,162,3721758,component_conta,1.05,0.08,52,0,0
2026-09-27T16:36:13Z,162,3721013,python3,0.10,0.00,15,100,1
2026-09-27T16:36:13Z,162,3728113,python3,0.13,0.01,15,203,3
2026-09-27T16:36:15Z,163,3721725,lifelong_slam_t,0.77,0.02,33,15,273
2026-09-27T16:36:15Z,163,3721758,component_conta,0.97,0.06,52,0,0
2026-09-27T16:36:15Z,163,3721013,python3,0.11,0.00,15,100,153
2026-09-27T16:36:15Z,163,3728113,python3,0.14,0.00,15,205,200
2026-09-27T16:36:17Z,164,3721725,lifelong_slam_t,0.72,0.01,33,15,110
2026-09-27T16:36:17Z,164,3721758,component_conta,0.93,0.08,52,0,0
2026-09-27T16:36:17Z,164,3721013,python3,0.10,0.01,15,102,228
2026-09-27T16:36:17Z,164,3728113,python3,0.14,0.00,15,202,308
2026-09-27T16:36:19Z,165,3721725,lifelong_slam_t,0.76,0.02,33,16,9
2026-09-27T16:36:19Z,165,3721758,component_conta,0.88,0.05,52,0,0
2026-09-27T16:36:19Z,165,3721013,python3,0.09,0.00,15,100,0
2026-09-27T16:36:19Z,165,3728113,python3,0.13,0.00,15,203,0
2026-09-27T16:36:21Z,166,3721725,lifelong_slam_t,0.75,0.01,33,16,34
2026-09-27T16:36:21Z,166,3721758,component_conta,0.99,0.06,52,0,0
2026-09-27T16:36:21Z,166,3721013,python3,0.10,0.00,15,100,37
2026-09-27T16:36:21Z,166,3728113,python3,0.14,0.00,15,202,61
2026-09-27T16:36:23Z,167,3721725,lifelong_slam_t,0.72,0.03,33,14,472
2026-09-27T16:36:23Z,167,3721758,component_conta,0.96,0.09,52,0,0
2026-09-27T16:36:23Z,167,3721013,python3,0.09,0.01,15,100,431
2026-09-27T16:36:23Z,167,3728113,python3,0.14,0.01,15,204,739
2026-09-27T16:36:25Z,168,3721725,lifelong_slam_t,0.77,0.01,33,17,33
2026-09-27T16:36:25Z,168,3721758,component_conta,0.95,0.07,52,0,0
2026-09-27T16:36:25Z,168,3721013,python3,0.10,0.00,15,100,4
2026-09-27T16:36:25Z,168,3728113,python3,0.14,0.01,15,206,15
2026-09-27T16:36:27Z,169,3721725,lifelong_slam_t,0.62,0.01,33,11,23
2026-09-27T16:36:27Z,169,3721758,component_conta,0.86,0.05,52,0,0
2026-09-27T16:36:27Z,169,3721013,python3,0.10,0.00,15,100,2
2026-09-27T16:36:27Z,169,3728113,python3,0.15,0.00,15,200,1
2026-09-27T16:36:29Z,170,3721725,lifelong_slam_t,0.74,0.02,33,17,429
2026-09-27T16:36:29Z,170,3721725t3721725,TH:lifelong_slam_t,69.24,0,,,
2026-09-27T16:36:29Z,170,3721725t3721727,TH:lifelong_sl-ust,0.00,0,,,
2026-09-27T16:36:29Z,170,3721725t3721728,TH:lifelong_sl-ust,0.00,0,,,
2026-09-27T16:36:29Z,170,3721725t3721729,TH:lifelong_slam_t,0.00,0,,,
2026-09-27T16:36:29Z,170,3721725t3721730,TH:lifelong_slam_t,0.00,0,,,
2026-09-27T16:36:29Z,170,3721725t3721731,TH:dds.shm.wdog,0.00,0,,,
2026-09-27T16:36:29Z,170,3721725t3721732,TH:dds.ev.0,0.51,0,,,
2026-09-27T16:36:29Z,170,3721725t3721733,TH:dds.udp.7414,0.13,0,,,
2026-09-27T16:36:29Z,170,3721725t3721734,TH:dds.udp.7400,0.02,0,,,
2026-09-27T16:36:29Z,170,3721725t3721735,TH:dds.shm.7415,1.21,0,,,
2026-09-27T16:36:29Z,170,3721725t3721736,TH:dds.udp.7415,0.00,0,,,
2026-09-27T16:36:29Z,170,3721725t3721737,TH:dds.asyn.0.0,0.00,0,,,
2026-09-27T16:36:29Z,170,3721725t3721738,TH:dds.shm.7002,0.04,0,,,
2026-09-27T16:36:29Z,170,3721725t3721739,TH:dds.udp.7002,0.00,0,,,
2026-09-27T16:36:29Z,170,3721725t3721740,TH:lifelong_slam_t,0.01,0,,,
2026-09-27T16:36:29Z,170,3721725t3721754,TH:lifelong_slam_t,1.42,0,,,
2026-09-27T16:36:29Z,170,3721725t3721755,TH:lifelong_slam_t,1.06,0,,,
2026-09-27T16:36:29Z,170,3721725t3721756,TH:lifelong_slam_t,4.51,0,,,
2026-09-27T16:36:29Z,170,3721725t3721773,TH:lifelong_slam_t,12.44,0,,,
2026-09-27T16:36:29Z,170,3721725t3721774,TH:lifelong_slam_t,12.43,0,,,
2026-09-27T16:36:29Z,170,3721725t3721775,TH:lifelong_slam_t,12.54,0,,,
2026-09-27T16:36:29Z,170,3721725t3721776,TH:lifelong_slam_t,12.58,0,,,
2026-09-27T16:36:29Z,170,3721725t3721777,TH:lifelong_slam_t,12.44,0,,,
2026-09-27T16:36:29Z,170,3721725t3721778,TH:lifelong_slam_t,12.49,0,,,
2026-09-27T16:36:29Z,170,3721725t3721779,TH:lifelong_slam_t,12.54,0,,,
2026-09-27T16:36:29Z,170,3721725t3722869,TH:lifelong_slam_t,0.00,0,,,
2026-09-27T16:36:29Z,170,3721725t3722870,TH:lifelong_slam_t,0.00,0,,,
2026-09-27T16:36:29Z,170,3721725t3722871,TH:lifelong_slam_t,0.01,0,,,
2026-09-27T16:36:29Z,170,3721725t3722872,TH:lifelong_slam_t,0.00,0,,,
2026-09-27T16:36:29Z,170,3721725t3722873,TH:lifelong_slam_t,0.00,0,,,
2026-09-27T16:36:29Z,170,3721725t3722874,TH:lifelong_slam_t,0.00,0,,,
2026-09-27T16:36:29Z,170,3721725t3722875,TH:lifelong_slam_t,0.00,0,,,
2026-09-27T16:36:29Z,170,3721725t3722876,TH:lifelong_slam_t,0.00,0,,,
2026-09-27T16:36:29Z,170,3721758,component_conta,0.93,0.09,52,0,0
2026-09-27T16:36:29Z,170,3721758t3721758,TH:component_conta,0.25,0,,,
2026-09-27T16:36:29Z,170,3721758t3721759,TH:component_c-ust,0.00,0,,,
2026-09-27T16:36:29Z,170,3721758t3721760,TH:component_c-ust,0.00,0,,,
2026-09-27T16:36:29Z,170,3721758t3721761,TH:component_conta,0.00,0,,,
2026-09-27T16:36:29Z,170,3721758t3721762,TH:component_conta,0.00,0,,,
2026-09-27T16:36:29Z,170,3721758t3721763,TH:dds.shm.wdog,0.01,0,,,
2026-09-27T16:36:29Z,170,3721758t3721764,TH:dds.ev.0,1.02,0,,,
2026-09-27T16:36:29Z,170,3721758t3721765,TH:dds.udp.7418,0.06,0,,,
2026-09-27T16:36:29Z,170,3721758t3721766,TH:dds.udp.7400,0.02,0,,,
2026-09-27T16:36:29Z,170,3721758t3721767,TH:dds.shm.7419,8.25,0,,,
2026-09-27T16:36:29Z,170,3721758t3721768,TH:dds.udp.7419,0.00,0,,,
2026-09-27T16:36:29Z,170,3721758t3721769,TH:dds.asyn.0.0,0.08,0,,,
2026-09-27T16:36:29Z,170,3721758t3721770,TH:dds.shm.7004,0.02,0,,,
2026-09-27T16:36:29Z,170,3721758t3721771,TH:dds.udp.7004,0.00,0,,,
2026-09-27T16:36:29Z,170,3721758t3721772,TH:component_conta,0.01,0,,,
2026-09-27T16:36:29Z,170,3721758t3721780,TH:component_conta,8.29,0,,,
2026-09-27T16:36:29Z,170,3721758t3721782,TH:component_conta,6.78,0,,,
2026-09-27T16:36:29Z,170,3721758t3721783,TH:component_conta,6.24,0,,,
2026-09-27T16:36:29Z,170,3721758t3721784,TH:component_conta,7.34,0,,,
2026-09-27T16:36:29Z,170,3721758t3721785,TH:component_conta,8.83,0,,,
2026-09-27T16:36:29Z,170,3721758t3721786,TH:component_conta,10.24,0,,,
2026-09-27T16:36:29Z,170,3721758t3721787,TH:component_conta,5.17,0,,,
2026-09-27T16:36:29Z,170,3721758t3721788,TH:component_conta,6.53,0,,,
2026-09-27T16:36:29Z,170,3721758t3721789,TH:component_conta,7.04,0,,,
2026-09-27T16:36:29Z,170,3721758t3721790,TH:component_conta,5.93,0,,,
2026-09-27T16:36:29Z,170,3721758t3721792,TH:component_conta,23.41,0,,,
2026-09-27T16:36:29Z,170,3721758t3721793,TH:component_conta,0.11,0,,,
2026-09-27T16:36:29Z,170,3721758t3721794,TH:component_conta,0.96,0,,,
2026-09-27T16:36:29Z,170,3721758t3721795,TH:component_conta,0.27,0,,,
2026-09-27T16:36:29Z,170,3721758t3721796,TH:component_conta,0.02,0,,,
2026-09-27T16:36:29Z,170,3721758t3721797,TH:component_conta,18.11,0,,,
2026-09-27T16:36:29Z,170,3721758t3721798,TH:component_conta,0.08,0,,,
2026-09-27T16:36:29Z,170,3721758t3721799,TH:component_conta,0.81,0,,,
2026-09-27T16:36:29Z,170,3721758t3721800,TH:component_conta,0.00,0,,,
2026-09-27T16:36:29Z,170,3721758t3721801,TH:component_conta,0.72,0,,,
2026-09-27T16:36:29Z,170,3721758t3721802,TH:component_conta,0.24,0,,,
2026-09-27T16:36:29Z,170,3721758t3721803,TH:component_conta,0.04,0,,,
2026-09-27T16:36:29Z,170,3721758t3721804,TH:component_conta,0.10,0,,,
2026-09-27T16:36:29Z,170,3721758t3721805,TH:component_conta,0.00,0,,,
2026-09-27T16:36:29Z,170,3721758t3721806,TH:component_conta,0.85,0,,,
2026-09-27T16:36:29Z,170,3721758t3721807,TH:component_conta,0.00,0,,,
2026-09-27T16:36:29Z,170,3721758t3721808,TH:component_conta,0.00,0,,,
2026-09-27T16:36:29Z,170,3721758t3721809,TH:component_conta,1.03,0,,,
2026-09-27T16:36:29Z,170,3721758t3721825,TH:component_conta,1.09,0,,,
2026-09-27T16:36:29Z,170,3721758t3721827,TH:component_conta,1.11,0,,,
2026-09-27T16:36:29Z,170,3721758t3721829,TH:component_conta,0.00,0,,,
2026-09-27T16:36:29Z,170,3721758t3721830,TH:component_conta,0.00,0,,,
2026-09-27T16:36:29Z,170,3721758t3721831,TH:component_conta,1.19,0,,,
2026-09-27T16:36:29Z,170,3721758t3722075,TH:component_conta,0.46,0,,,
2026-09-27T16:36:29Z,170,3721758t3722080,TH:component_conta,0.74,0,,,
2026-09-27T16:36:29Z,170,3721758t3808464,TH:component_conta,0.47,0,,,
2026-09-27T16:36:29Z,170,3721758t3808478,TH:component_conta,2.57,0,,,
2026-09-27T16:36:29Z,170,3721013,python3,0.11,0.00,15,101,712
2026-09-27T16:36:29Z,170,3721013t3721013,TH:python3,20.00,0,,,
2026-09-27T16:36:29Z,170,3721013t3721015,TH:python3-ust,0.00,0,,,
2026-09-27T16:36:29Z,170,3721013t3721016,TH:python3-ust,0.00,0,,,
2026-09-27T16:36:29Z,170,3721013t3721017,TH:python3,0.00,0,,,
2026-09-27T16:36:29Z,170,3721013t3721018,TH:python3,0.00,0,,,
2026-09-27T16:36:29Z,170,3721013t3721019,TH:dds.shm.wdog,0.01,0,,,
2026-09-27T16:36:29Z,170,3721013t3721020,TH:dds.ev.0,0.55,0,,,
2026-09-27T16:36:29Z,170,3721013t3721021,TH:dds.udp.7410,0.13,0,,,
2026-09-27T16:36:29Z,170,3721013t3721022,TH:dds.udp.7400,0.02,0,,,
2026-09-27T16:36:29Z,170,3721013t3721023,TH:dds.shm.7411,0.10,0,,,
2026-09-27T16:36:29Z,170,3721013t3721024,TH:dds.udp.7411,0.00,0,,,
2026-09-27T16:36:29Z,170,3721013t3721025,TH:dds.asyn.0.0,0.00,0,,,
2026-09-27T16:36:29Z,170,3721013t3721026,TH:dds.shm.7000,0.04,0,,,
2026-09-27T16:36:29Z,170,3721013t3721027,TH:dds.udp.7000,0.00,0,,,
2026-09-27T16:36:29Z,170,3721013t3721028,TH:python3,0.01,0,,,
2026-09-27T16:36:29Z,170,3728113,python3,0.15,0.01,15,209,992
2026-09-27T16:36:29Z,170,3728113t3728113,TH:python3,20.95,0,,,
2026-09-27T16:36:29Z,170,3728113t3728117,TH:python3-ust,0.00,0,,,
2026-09-27T16:36:29Z,170,3728113t3728118,TH:python3-ust,0.00,0,,,
2026-09-27T16:36:29Z,170,3728113t3728121,TH:python3,0.00,0,,,
2026-09-27T16:36:29Z,170,3728113t3728122,TH:python3,0.00,0,,,
2026-09-27T16:36:29Z,170,3728113t3728123,TH:dds.shm.wdog,0.00,0,,,
2026-09-27T16:36:29Z,170,3728113t3728124,TH:dds.ev.0,0.27,0,,,
2026-09-27T16:36:29Z,170,3728113t3728125,TH:dds.udp.7420,0.06,0,,,
2026-09-27T16:36:29Z,170,3728113t3728126,TH:dds.udp.7400,0.02,0,,,
2026-09-27T16:36:29Z,170,3728113t3728127,TH:dds.shm.7421,1.36,0,,,
2026-09-27T16:36:29Z,170,3728113t3728128,TH:dds.udp.7421,0.00,0,,,
2026-09-27T16:36:29Z,170,3728113t3728129,TH:dds.asyn.0.0,0.00,0,,,
2026-09-27T16:36:29Z,170,3728113t3728130,TH:dds.shm.7005,0.01,0,,,
2026-09-27T16:36:29Z,170,3728113t3728131,TH:dds.udp.7005,0.00,0,,,
2026-09-27T16:36:29Z,170,3728113t3728132,TH:python3,0.00,0,,,
2026-09-27T16:36:31Z,171,3721725,lifelong_slam_t,0.74,0.02,33,16,28
2026-09-27T16:36:31Z,171,3721758,component_conta,0.97,0.05,52,0,0
2026-09-27T16:36:31Z,171,3721013,python3,0.09,0.01,15,100,24
2026-09-27T16:36:31Z,171,3728113,python3,0.14,0.00,15,201,2
2026-09-27T16:36:33Z,172,3721725,lifelong_slam_t,0.71,0.02,33,13,10
2026-09-27T16:36:33Z,172,3721758,component_conta,0.63,0.07,50,0,0
2026-09-27T16:36:33Z,172,3721013,python3,0.10,0.00,15,100,2
2026-09-27T16:36:33Z,172,3728113,python3,0.04,0.00,15,62,1
2026-09-27T16:36:35Z,173,3721725,lifelong_slam_t,0.71,0.03,33,18,896
2026-09-27T16:36:35Z,173,3721758,component_conta,0.82,0.14,52,0,0
2026-09-27T16:36:35Z,173,3721013,python3,0.11,0.00,15,102,720
2026-09-27T16:36:35Z,173,3728113,python3,0.11,0.01,15,151,988
2026-09-27T16:36:37Z,174,3721725,lifelong_slam_t,0.75,0.02,33,15,127
2026-09-27T16:36:37Z,174,3721758,component_conta,0.89,0.08,52,0,0
2026-09-27T16:36:37Z,174,3721013,python3,0.09,0.00,15,100,15
2026-09-27T16:36:37Z,174,3728113,python3,0.13,0.01,15,202,73
2026-09-27T16:36:39Z,175,3721725,lifelong_slam_t,0.62,0.00,33,12,3
2026-09-27T16:36:39Z,175,3721758,component_conta,0.83,0.08,52,0,0
2026-09-27T16:36:39Z,175,3721013,python3,0.10,0.00,15,100,1
2026-09-27T16:36:39Z,175,3728113,python3,0.12,0.02,15,203,2
2026-09-27T16:36:41Z,176,3721725,lifelong_slam_t,0.73,0.03,33,15,223
2026-09-27T16:36:41Z,176,3721758,component_conta,0.90,0.10,52,0,0
2026-09-27T16:36:41Z,176,3721013,python3,0.10,0.01,15,100,311
2026-09-27T16:36:41Z,176,3728113,python3,0.13,0.01,15,205,232
2026-09-27T16:36:43Z,177,3721725,lifelong_slam_t,0.80,0.02,33,18,262
2026-09-27T16:36:43Z,177,3721758,component_conta,0.99,0.11,52,0,0
2026-09-27T16:36:43Z,177,3721013,python3,0.10,0.00,15,101,185
2026-09-27T16:36:43Z,177,3728113,python3,0.12,0.01,15,203,269
2026-09-27T16:36:45Z,178,3721725,lifelong_slam_t,0.79,0.01,33,16,123
2026-09-27T16:36:45Z,178,3721758,component_conta,1.01,0.11,52,0,0
2026-09-27T16:36:45Z,178,3721013,python3,0.10,0.00,15,100,1
2026-09-27T16:36:45Z,178,3728113,python3,0.14,0.00,15,203,1
2026-09-27T16:36:47Z,179,3721725,lifelong_slam_t,0.73,0.01,33,15,109
2026-09-27T16:36:47Z,179,3721758,component_conta,1.03,0.10,52,0,0
2026-09-27T16:36:47Z,179,3721013,python3,0.11,0.00,15,100,120
2026-09-27T16:36:47Z,179,3728113,python3,0.13,0.01,15,201,128
2026-09-27T16:36:49Z,180,3721725,lifelong_slam_t,0.63,0.03,33,12,327
2026-09-27T16:36:49Z,180,3721725t3721725,TH:lifelong_slam_t,72.62,0,,,
2026-09-27T16:36:49Z,180,3721725t3721727,TH:lifelong_sl-ust,0.00,0,,,
2026-09-27T16:36:49Z,180,3721725t3721728,TH:lifelong_sl-ust,0.00,0,,,
2026-09-27T16:36:49Z,180,3721725t3721729,TH:lifelong_slam_t,0.00,0,,,
2026-09-27T16:36:49Z,180,3721725t3721730,TH:lifelong_slam_t,0.00,0,,,
2026-09-27T16:36:49Z,180,3721725t3721731,TH:dds.shm.wdog,0.01,0,,,
2026-09-27T16:36:49Z,180,3721725t3721732,TH:dds.ev.0,0.53,0,,,
2026-09-27T16:36:49Z,180,3721725t3721733,TH:dds.udp.7414,0.13,0,,,
2026-09-27T16:36:49Z,180,3721725t3721734,TH:dds.udp.7400,0.02,0,,,
2026-09-27T16:36:49Z,180,3721725t3721735,TH:dds.shm.7415,1.26,0,,,
2026-09-27T16:36:49Z,180,3721725t3721736,TH:dds.udp.7415,0.00,0,,,
2026-09-27T16:36:49Z,180,3721725t3721737,TH:dds.asyn.0.0,0.00,0,,,
2026-09-27T16:36:49Z,180,3721725t3721738,TH:dds.shm.7002,0.04,0,,,
2026-09-27T16:36:49Z,180,3721725t3721739,TH:dds.udp.7002,0.00,0,,,
2026-09-27T16:36:49Z,180,3721725t3721740,TH:lifelong_slam_t,0.01,0,,,
2026-09-27T16:36:49Z,180,3721725t3721754,TH:lifelong_slam_t,1.49,0,,,
2026-09-27T16:36:49Z,180,3721725t3721755,TH:lifelong_slam_t,1.10,0,,,
2026-09-27T16:36:49Z,180,3721725t3721756,TH:lifelong_slam_t,4.83,0,,,
2026-09-27T16:36:49Z,180,3721725t3721773,TH:lifelong_slam_t,12.95,0,,,
2026-09-27T16:36:49Z,180,3721725t3721774,TH:lifelong_slam_t,12.94,0,,,
2026-09-27T16:36:49Z,180,3721725t3721775,TH:lifelong_slam_t,13.05,0,,,
2026-09-27T16:36:49Z,180,3721725t3721776,TH:lifelong_slam_t,13.05,0,,,
2026-09-27T16:36:49Z,180,3721725t3721777,TH:lifelong_slam_t,12.96,0,,,
2026-09-27T16:36:49Z,180,3721725t3721778,TH:lifelong_slam_t,12.99,0,,,
2026-09-27T16:36:49Z,180,3721725t3721779,TH:lifelong_slam_t,13.01,0,,,
2026-09-27T16:36:49Z,180,3721725t3722869,TH:lifelong_slam_t,0.00,0,,,
2026-09-27T16:36:49Z,180,3721725t3722870,TH:lifelong_slam_t,0.00,0,,,
2026-09-27T16:36:49Z,180,3721725t3722871,TH:lifelong_slam_t,0.01,0,,,
2026-09-27T16:36:49Z,180,3721725t3722872,TH:lifelong_slam_t,0.00,0,,,
2026-09-27T16:36:49Z,180,3721725t3722873,TH:lifelong_slam_t,0.00,0,,,
2026-09-27T16:36:49Z,180,3721725t3722874,TH:lifelong_slam_t,0.00,0,,,
2026-09-27T16:36:49Z,180,3721725t3722875,TH:lifelong_slam_t,0.00,0,,,
2026-09-27T16:36:49Z,180,3721725t3722876,TH:lifelong_slam_t,0.00,0,,,
2026-09-27T16:36:49Z,180,3721758,component_conta,1.05,0.15,52,0,0
2026-09-27T16:36:49Z,180,3721758t3721758,TH:component_conta,0.25,0,,,
2026-09-27T16:36:49Z,180,3721758t3721759,TH:component_c-ust,0.00,0,,,
2026-09-27T16:36:49Z,180,3721758t3721760,TH:component_c-ust,0.00,0,,,
2026-09-27T16:36:49Z,180,3721758t3721761,TH:component_conta,0.00,0,,,
2026-09-27T16:36:49Z,180,3721758t3721762,TH:component_conta,0.00,0,,,
2026-09-27T16:36:49Z,180,3721758t3721763,TH:dds.shm.wdog,0.01,0,,,
2026-09-27T16:36:49Z,180,3721758t3721764,TH:dds.ev.0,1.06,0,,,
2026-09-27T16:36:49Z,180,3721758t3721765,TH:dds.udp.7418,0.06,0,,,
2026-09-27T16:36:49Z,180,3721758t3721766,TH:dds.udp.7400,0.02,0,,,
2026-09-27T16:36:49Z,180,3721758t3721767,TH:dds.shm.7419,8.66,0,,,
2026-09-27T16:36:49Z,180,3721758t3721768,TH:dds.udp.7419,0.00,0,,,
2026-09-27T16:36:49Z,180,3721758t3721769,TH:dds.asyn.0.0,0.08,0,,,
2026-09-27T16:36:49Z,180,3721758t3721770,TH:dds.shm.7004,0.02,0,,,
2026-09-27T16:36:49Z,180,3721758t3721771,TH:dds.udp.7004,0.00,0,,,
2026-09-27T16:36:49Z,180,3721758t3721772,TH:component_conta,0.01,0,,,
2026-09-27T16:36:49Z,180,3721758t3721780,TH:component_conta,8.71,0,,,
2026-09-27T16:36:49Z,180,3721758t3721782,TH:component_conta,7.12,0,,,
2026-09-27T16:36:49Z,180,3721758t3721783,TH:component_conta,6.55,0,,,
2026-09-27T16:36:49Z,180,3721758t3721784,TH:component_conta,7.71,0,,,
2026-09-27T16:36:49Z,180,3721758t3721785,TH:component_conta,9.28,0,,,
2026-09-27T16:36:49Z,180,3721758t3721786,TH:component_conta,10.78,0,,,
2026-09-27T16:36:49Z,180,3721758t3721787,TH:component_conta,5.43,0,,,
2026-09-27T16:36:49Z,180,3721758t3721788,TH:component_conta,6.86,0,,,
2026-09-27T16:36:49Z,180,3721758t3721789,TH:component_conta,7.38,0,,,
2026-09-27T16:36:49Z,180,3721758t3721790,TH:component_conta,6.23,0,,,
2026-09-27T16:36:49Z,180,3721758t3721792,TH:component_conta,24.62,0,,,
2026-09-27T16:36:49Z,180,3721758t3721793,TH:component_conta,0.12,0,,,
2026-09-27T16:36:49Z,180,3721758t3721794,TH:component_conta,1.01,0,,,
2026-09-27T16:36:49Z,180,3721758t3721795,TH:component_conta,0.29,0,,,
2026-09-27T16:36:49Z,180,3721758t3721796,TH:component_conta,0.02,0,,,
2026-09-27T16:36:49Z,180,3721758t3721797,TH:component_conta,19.29,0,,,
2026-09-27T16:36:49Z,180,3721758t3721798,TH:component_conta,0.09,0,,,
2026-09-27T16:36:49Z,180,3721758t3721799,TH:component_conta,0.85,0,,,
2026-09-27T16:36:49Z,180,3721758t3721800,TH:component_conta,0.00,0,,,
2026-09-27T16:36:49Z,180,3721758t3721801,TH:component_conta,0.75,0,,,
2026-09-27T16:36:49Z,180,3721758t3721802,TH:component_conta,0.25,0,,,
2026-09-27T16:36:49Z,180,3721758t3721803,TH:component_conta,0.04,0,,,
2026-09-27T16:36:49Z,180,3721758t3721804,TH:component_conta,0.10,0,,,
2026-09-27T16:36:49Z,180,3721758t3721805,TH:component_conta,0.00,0,,,
2026-09-27T16:36:49Z,180,3721758t3721806,TH:component_conta,0.89,0,,,
2026-09-27T16:36:49Z,180,3721758t3721807,TH:component_conta,0.00,0,,,
2026-09-27T16:36:49Z,180,3721758t3721808,TH:component_conta,0.00,0,,,
2026-09-27T16:36:49Z,180,3721758t3721809,TH:component_conta,1.08,0,,,
2026-09-27T16:36:49Z,180,3721758t3721825,TH:component_conta,1.14,0,,,
2026-09-27T16:36:49Z,180,3721758t3721827,TH:component_conta,1.17,0,,,
2026-09-27T16:36:49Z,180,3721758t3721829,TH:component_conta,0.00,0,,,
2026-09-27T16:36:49Z,180,3721758t3721830,TH:component_conta,0.00,0,,,
2026-09-27T16:36:49Z,180,3721758t3721831,TH:component_conta,1.25,0,,,
2026-09-27T16:36:49Z,180,3721758t3722075,TH:component_conta,0.48,0,,,
2026-09-27T16:36:49Z,180,3721758t3722080,TH:component_conta,0.79,0,,,
2026-09-27T16:36:49Z,180,3721758t3813810,TH:component_conta,0.40,0,,,
2026-09-27T16:36:49Z,180,3721758t3817879,TH:component_conta,0.00,0,,,
2026-09-27T16:36:49Z,180,3721013,python3,0.10,0.01,15,100,264
2026-09-27T16:36:49Z,180,3721013t3721013,TH:python3,21.00,0,,,
2026-09-27T16:36:49Z,180,3721013t3721015,TH:python3-ust,0.00,0,,,
2026-09-27T16:36:49Z,180,3721013t3721016,TH:python3-ust,0.00,0,,,
2026-09-27T16:36:49Z,180,3721013t3721017,TH:python3,0.00,0,,,
2026-09-27T16:36:49Z,180,3721013t3721018,TH:python3,0.00,0,,,
2026-09-27T16:36:49Z,180,3721013t3721019,TH:dds.shm.wdog,0.01,0,,,
2026-09-27T16:36:49Z,180,3721013t3721020,TH:dds.ev.0,0.58,0,,,
2026-09-27T16:36:49Z,180,3721013t3721021,TH:dds.udp.7410,0.13,0,,,
2026-09-27T16:36:49Z,180,3721013t3721022,TH:dds.udp.7400,0.03,0,,,
2026-09-27T16:36:49Z,180,3721013t3721023,TH:dds.shm.7411,0.10,0,,,
2026-09-27T16:36:49Z,180,3721013t3721024,TH:dds.udp.7411,0.00,0,,,
2026-09-27T16:36:49Z,180,3721013t3721025,TH:dds.asyn.0.0,0.00,0,,,
2026-09-27T16:36:49Z,180,3721013t3721026,TH:dds.shm.7000,0.04,0,,,
2026-09-27T16:36:49Z,180,3721013t3721027,TH:dds.udp.7000,0.00,0,,,
2026-09-27T16:36:49Z,180,3721013t3721028,TH:python3,0.01,0,,,
2026-09-27T16:36:49Z,180,3728113,python3,0.14,0.01,15,200,536
2026-09-27T16:36:49Z,180,3728113t3728113,TH:python3,22.13,0,,,
2026-09-27T16:36:49Z,180,3728113t3728117,TH:python3-ust,0.00,0,,,
2026-09-27T16:36:49Z,180,3728113t3728118,TH:python3-ust,0.00,0,,,
2026-09-27T16:36:49Z,180,3728113t3728121,TH:python3,0.00,0,,,
2026-09-27T16:36:49Z,180,3728113t3728122,TH:python3,0.00,0,,,
2026-09-27T16:36:49Z,180,3728113t3728123,TH:dds.shm.wdog,0.00,0,,,
2026-09-27T16:36:49Z,180,3728113t3728124,TH:dds.ev.0,0.29,0,,,
2026-09-27T16:36:49Z,180,3728113t3728125,TH:dds.udp.7420,0.06,0,,,
2026-09-27T16:36:49Z,180,3728113t3728126,TH:dds.udp.7400,0.02,0,,,
2026-09-27T16:36:49Z,180,3728113t3728127,TH:dds.shm.7421,1.43,0,,,
2026-09-27T16:36:49Z,180,3728113t3728128,TH:dds.udp.7421,0.00,0,,,
2026-09-27T16:36:49Z,180,3728113t3728129,TH:dds.asyn.0.0,0.00,0,,,
2026-09-27T16:36:49Z,180,3728113t3728130,TH:dds.shm.7005,0.01,0,,,
2026-09-27T16:36:49Z,180,3728113t3728131,TH:dds.udp.7005,0.00,0,,,
2026-09-27T16:36:49Z,180,3728113t3728132,TH:python3,0.00,0,,,
2026-09-27T16:36:51Z,181,3721725,lifelong_slam_t,0.74,0.00,33,13,8
2026-09-27T16:36:51Z,181,3721758,component_conta,0.87,0.10,52,0,0
2026-09-27T16:36:51Z,181,3721013,python3,0.10,0.00,15,101,0
2026-09-27T16:36:51Z,181,3728113,python3,0.13,0.00,15,201,0
2026-09-27T16:36:53Z,182,3721725,lifelong_slam_t,0.70,0.01,33,16,16
2026-09-27T16:36:53Z,182,3721758,component_conta,0.97,0.09,52,0,0
2026-09-27T16:36:53Z,182,3721013,python3,0.10,0.00,15,100,19
2026-09-27T16:36:53Z,182,3728113,python3,0.12,0.00,15,201,5
2026-09-27T16:36:55Z,183,3721725,lifelong_slam_t,0.63,0.03,33,13,454
2026-09-27T16:36:55Z,183,3721758,component_conta,0.95,0.12,52,0,0
2026-09-27T16:36:55Z,183,3721013,python3,0.11,0.00,15,101,405
2026-09-27T16:36:55Z,183,3728113,python3,0.14,0.01,15,206,714
2026-09-27T16:36:57Z,184,3721725,lifelong_slam_t,0.97,0.01,33,15,15
2026-09-27T16:36:57Z,184,3721758,component_conta,0.72,0.09,50,0,0
2026-09-27T16:36:57Z,184,3721013,python3,0.09,0.01,15,100,1
2026-09-27T16:36:57Z,184,3728113,python3,0.04,0.01,15,69,0
2026-09-27T16:36:59Z,185,3721725,lifelong_slam_t,0.85,0.02,33,12,26
2026-09-27T16:36:59Z,185,3721758,component_conta,0.90,0.07,52,0,0
2026-09-27T16:36:59Z,185,3721013,python3,0.10,0.00,15,100,0
2026-09-27T16:36:59Z,185,3728113,python3,0.09,0.00,15,144,12
2026-09-27T16:37:01Z,186,3721725,lifelong_slam_t,0.80,0.02,33,17,370
2026-09-27T16:37:01Z,186,3721758,component_conta,0.99,0.09,52,0,0
2026-09-27T16:37:01Z,186,3721013,python3,0.11,0.00,15,101,356
2026-09-27T16:37:01Z,186,3728113,python3,0.14,0.01,15,203,469
2026-09-27T16:37:03Z,187,3721725,lifelong_slam_t,0.79,0.01,33,13,16
2026-09-27T16:37:03Z,187,3721758,component_conta,0.94,0.05,52,0,0
2026-09-27T16:37:03Z,187,3721013,python3,0.09,0.00,15,100,13
2026-09-27T16:37:03Z,187,3728113,python3,0.12,0.00,15,200,9
2026-09-27T16:37:05Z,188,3721725,lifelong_slam_t,0.72,0.02,33,12,10
2026-09-27T16:37:05Z,188,3721758,component_conta,0.93,0.04,52,0,0
2026-09-27T16:37:05Z,188,3721013,python3,0.09,0.00,15,100,3
2026-09-27T16:37:05Z,188,3728113,python3,0.13,0.01,15,201,2
2026-09-27T16:37:07Z,189,3721725,lifelong_slam_t,0.65,0.02,33,14,342
2026-09-27T16:37:07Z,189,3721758,component_conta,1.02,0.09,52,0,0
2026-09-27T16:37:07Z,189,3721013,python3,0.11,0.01,15,104,408
2026-09-27T16:37:07Z,189,3728113,python3,0.14,0.00,15,205,596
2026-09-27T16:37:09Z,190,3721725,lifelong_slam_t,0.66,0.03,33,13,8
2026-09-27T16:37:09Z,190,3721725t3721725,TH:lifelong_slam_t,76.01,0,,,
2026-09-27T16:37:09Z,190,3721725t3721727,TH:lifelong_sl-ust,0.00,0,,,
2026-09-27T16:37:09Z,190,3721725t3721728,TH:lifelong_sl-ust,0.00,0,,,
2026-09-27T16:37:09Z,190,3721725t3721729,TH:lifelong_slam_t,0.00,0,,,
2026-09-27T16:37:09Z,190,3721725t3721730,TH:lifelong_slam_t,0.00,0,,,
2026-09-27T16:37:09Z,190,3721725t3721731,TH:dds.shm.wdog,0.01,0,,,
2026-09-27T16:37:09Z,190,3721725t3721732,TH:dds.ev.0,0.55,0,,,
2026-09-27T16:37:09Z,190,3721725t3721733,TH:dds.udp.7414,0.13,0,,,
2026-09-27T16:37:09Z,190,3721725t3721734,TH:dds.udp.7400,0.02,0,,,
2026-09-27T16:37:09Z,190,3721725t3721735,TH:dds.shm.7415,1.32,0,,,
2026-09-27T16:37:09Z,190,3721725t3721736,TH:dds.udp.7415,0.00,0,,,
2026-09-27T16:37:09Z,190,3721725t3721737,TH:dds.asyn.0.0,0.00,0,,,
2026-09-27T16:37:09Z,190,3721725t3721738,TH:dds.shm.7002,0.04,0,,,
2026-09-27T16:37:09Z,190,3721725t3721739,TH:dds.udp.7002,0.00,0,,,
2026-09-27T16:37:09Z,190,3721725t3721740,TH:lifelong_slam_t,0.01,0,,,
2026-09-27T16:37:09Z,190,3721725t3721754,TH:lifelong_slam_t,1.56,0,,,
2026-09-27T16:37:09Z,190,3721725t3721755,TH:lifelong_slam_t,1.15,0,,,
2026-09-27T16:37:09Z,190,3721725t3721756,TH:lifelong_slam_t,5.13,0,,,
2026-09-27T16:37:09Z,190,3721725t3721773,TH:lifelong_slam_t,13.48,0,,,
2026-09-27T16:37:09Z,190,3721725t3721774,TH:lifelong_slam_t,13.49,0,,,
2026-09-27T16:37:09Z,190,3721725t3721775,TH:lifelong_slam_t,13.60,0,,,
2026-09-27T16:37:09Z,190,3721725t3721776,TH:lifelong_slam_t,13.57,0,,,
2026-09-27T16:37:09Z,190,3721725t3721777,TH:lifelong_slam_t,13.51,0,,,
2026-09-27T16:37:09Z,190,3721725t3721778,TH:lifelong_slam_t,13.54,0,,,
2026-09-27T16:37:09Z,190,3721725t3721779,TH:lifelong_slam_t,13.56,0,,,
2026-09-27T16:37:09Z,190,3721725t3722869,TH:lifelong_slam_t,0.00,0,,,
2026-09-27T16:37:09Z,190,3721725t3722870,TH:lifelong_slam_t,0.01,0,,,
2026-09-27T16:37:09Z,190,3721725t3722871,TH:lifelong_slam_t,0.01,0,,,
2026-09-27T16:37:09Z,190,3721725t3722872,TH:lifelong_slam_t,0.00,0,,,
2026-09-27T16:37:09Z,190,3721725t3722873,TH:lifelong_slam_t,0.00,0,,,
2026-09-27T16:37:09Z,190,3721725t3722874,TH:lifelong_slam_t,0.00,0,,,
2026-09-27T16:37:09Z,190,3721725t3722875,TH:lifelong_slam_t,0.00,0,,,
2026-09-27T16:37:09Z,190,3721725t3722876,TH:lifelong_slam_t,0.01,0,,,
2026-09-27T16:37:09Z,190,3721758,component_conta,0.95,0.08,1,1,0
2026-09-27T16:37:09Z,190,3721758t3721758,TH:component_conta,0.25,0,,,
2026-09-27T16:37:11Z,191,3721725,lifelong_slam_t,0.01,0.00,1,2,0
2026-09-27T16:37:11Z,191,3721758,component_conta,0.00,0.00,1,0,0
2026-09-27T16:37:13Z,192,3721725,lifelong_slam_t,0.00,0.00,1,0,0
2026-09-27T16:37:13Z,192,3721758,component_conta,0.00,0.00,1,0,0
2026-09-27T16:37:15Z,193,3721725,lifelong_slam_t,0.00,0.00,1,0,0
2026-09-27T16:37:15Z,193,3721758,component_conta,0.00,0.00,1,0,0
2026-09-27T16:37:17Z,194,3721725,lifelong_slam_t,0.00,0.00,1,0,0
2026-09-27T16:37:17Z,194,3721758,component_conta,0.00,0.00,1,0,0
2026-09-27T16:37:19Z,195,3721725,lifelong_slam_t,0.00,0.00,1,0,0
2026-09-27T16:37:19Z,195,3721758,component_conta,0.00,0.00,1,0,0
2026-09-27T16:37:21Z,196,3721725,lifelong_slam_t,0.00,0.00,1,0,0
2026-09-27T16:37:21Z,196,3721758,component_conta,0.00,0.00,1,0,0
2026-09-27T16:37:23Z,197,3721725,lifelong_slam_t,0.00,0.00,1,0,0
2026-09-27T16:37:23Z,197,3721758,component_conta,0.00,0.00,1,0,0
2026-09-27T16:37:25Z,198,3721725,lifelong_slam_t,0.00,0.00,1,0,0
2026-09-27T16:37:25Z,198,3721758,component_conta,0.00,0.00,1,0,0
2026-09-27T16:37:27Z,199,3721725,lifelong_slam_t,0.00,0.00,1,0,0
2026-09-27T16:37:27Z,199,3721758,component_conta,0.00,0.00,1,0,0
2026-09-27T16:37:29Z,200,3721725,lifelong_slam_t,0.00,0.00,1,0,0
2026-09-27T16:37:29Z,200,3721725t3721725,TH:lifelong_slam_t,76.01,0,,,
2026-09-27T16:37:29Z,200,3721758,component_conta,0.00,0.00,1,0,0
2026-09-27T16:37:29Z,200,3721758t3721758,TH:component_conta,0.25,0,,,
2026-09-27T16:37:31Z,201,3721725,lifelong_slam_t,0.00,0.00,1,0,0
2026-09-27T16:37:31Z,201,3721758,component_conta,0.00,0.00,1,0,0
2026-09-27T16:37:33Z,202,3721725,lifelong_slam_t,0.00,0.00,1,0,0
2026-09-27T16:37:33Z,202,3721758,component_conta,0.00,0.00,1,0,0
2026-09-27T16:37:35Z,203,3721725,lifelong_slam_t,0.00,0.00,1,0,0
2026-09-27T16:37:35Z,203,3721758,component_conta,0.00,0.00,1,0,0
2026-09-27T16:37:37Z,204,3721725,lifelong_slam_t,0.00,0.00,1,0,0
2026-09-27T16:37:37Z,204,3721758,component_conta,0.00,0.00,1,0,0
2026-09-27T16:37:39Z,205,3721725,lifelong_slam_t,0.00,0.00,1,0,0
2026-09-27T16:37:39Z,205,3721758,component_conta,0.00,0.00,1,0,0
