timestamp_utc,sample_index,label,pid,comm,cpu_percent,rss_kib,pss_kib,cmdline
2026-09-27T16:30:49Z,0,"G1_20260927T163006Z",709168,"python3",0.2,74896,46591,"/usr/bin/python3 -c from ros2cli.daemon.daemonize import main; main() --name ros2-daemon --ros-domain-id 0 --rmw-implementation rmw_fastrtps_cpp"
2026-09-27T16:30:49Z,0,"G1_20260927T163006Z",724115,"python3",6.8,77072,48436,"python3 /wt/contributions/compute-benchmark/OsakaTX/scripts/synthetic_scan_publisher.py --duration 490 --loop-s 40 --hz 5.0 --noise 0.0"
2026-09-27T16:30:49Z,0,"G1_20260927T163006Z",724131,"ros2",1.7,78968,50969,"/usr/bin/python3 /opt/ros/jazzy/bin/ros2 launch /wt/contributions/compute-benchmark/OsakaTX/scripts/lifelong_launch.py slam_params_file:=/wt/contributions/compute-benchmark/OsakaTX/scripts/lifelong_slam_params.yaml use_sim_time:=False autostart:=true"
2026-09-27T16:30:49Z,0,"G1_20260927T163006Z",724132,"ros2",2.9,83836,55470,"/usr/bin/python3 /opt/ros/jazzy/bin/ros2 launch nav2_bringup bringup_launch.py map:=/wt/contributions/compute-benchmark/OsakaTX/scripts/../results/combo2/combo2_nav2_map.yaml params_file:=/wt/contributions/compute-benchmark/OsakaTX/scripts/nav2_params_bench.yaml use_sim_time:=False autostart:=True slam:=False use_localization:=False"
2026-09-27T16:30:49Z,0,"G1_20260927T163006Z",724151,"lifelong_slam_t",39.0,68628,48327,"/opt/ros/jazzy/lib/slam_toolbox/lifelong_slam_toolbox_node --ros-args -r __node:=slam_toolbox -r __ns:=/ --params-file /wt/contributions/compute-benchmark/OsakaTX/scripts/lifelong_slam_params.yaml --params-file /tmp/launch_params_zyre_0s5"
2026-09-27T16:30:49Z,0,"G1_20260927T163006Z",724184,"component_conta",32.5,159088,138765,"/opt/ros/jazzy/lib/rclcpp_components/component_container_isolated --ros-args --log-level info --ros-args -r __node:=nav2_container --params-file /tmp/launch_params___mpikbo --params-file /tmp/launch_params_femhr4gz -r /tf:=tf -r /tf_static:=tf_static"
2026-09-27T16:30:49Z,0,"G1_20260927T163006Z",724251,"python3",23.5,83164,54029,"python3 /wt/contributions/compute-benchmark/OsakaTX/scripts/nav_goal_seq.py --x 4 --y 4 --yaw 0 --every 22.0 --pause 2.0 --cancel --repeats 0"
2026-09-27T16:30:49Z,0,"G1_20260927T163006Z",724296,"bash",2.3,4452,1317,"bash /wt/contributions/compute-benchmark/xbattlax/scripts/measure_ros_processes.sh --pattern python3|ros2|slam|nav2|component_container|nav_goal_seq --duration 380 --interval 2 --label G1_20260927T163006Z --output /wt/contributions/compute-benchmark/OsakaTX/scripts/../results/combo2/G1_20260927T163006Z.csv"
2026-09-27T16:30:52Z,1,"G1_20260927T163006Z",709168,"python3",0.2,74792,46554,"/usr/bin/python3 -c from ros2cli.daemon.daemonize import main; main() --name ros2-daemon --ros-domain-id 0 --rmw-implementation rmw_fastrtps_cpp"
2026-09-27T16:30:52Z,1,"G1_20260927T163006Z",724115,"python3",6.7,77176,48532,"python3 /wt/contributions/compute-benchmark/OsakaTX/scripts/synthetic_scan_publisher.py --duration 490 --loop-s 40 --hz 5.0 --noise 0.0"
2026-09-27T16:30:52Z,1,"G1_20260927T163006Z",724131,"ros2",1.6,78864,50950,"/usr/bin/python3 /opt/ros/jazzy/bin/ros2 launch /wt/contributions/compute-benchmark/OsakaTX/scripts/lifelong_launch.py slam_params_file:=/wt/contributions/compute-benchmark/OsakaTX/scripts/lifelong_slam_params.yaml use_sim_time:=False autostart:=true"
2026-09-27T16:30:52Z,1,"G1_20260927T163006Z",724132,"ros2",2.8,83732,55449,"/usr/bin/python3 /opt/ros/jazzy/bin/ros2 launch nav2_bringup bringup_launch.py map:=/wt/contributions/compute-benchmark/OsakaTX/scripts/../results/combo2/combo2_nav2_map.yaml params_file:=/wt/contributions/compute-benchmark/OsakaTX/scripts/nav2_params_bench.yaml use_sim_time:=False autostart:=True slam:=False use_localization:=False"
2026-09-27T16:30:52Z,1,"G1_20260927T163006Z",724151,"lifelong_slam_t",39.2,68800,48541,"/opt/ros/jazzy/lib/slam_toolbox/lifelong_slam_toolbox_node --ros-args -r __node:=slam_toolbox -r __ns:=/ --params-file /wt/contributions/compute-benchmark/OsakaTX/scripts/lifelong_slam_params.yaml --params-file /tmp/launch_params_zyre_0s5"
2026-09-27T16:30:52Z,1,"G1_20260927T163006Z",724184,"component_conta",33.3,160612,140329,"/opt/ros/jazzy/lib/rclcpp_components/component_container_isolated --ros-args --log-level info --ros-args -r __node:=nav2_container --params-file /tmp/launch_params___mpikbo --params-file /tmp/launch_params_femhr4gz -r /tf:=tf -r /tf_static:=tf_static"
2026-09-27T16:30:52Z,1,"G1_20260927T163006Z",724251,"python3",14.3,83080,54028,"python3 /wt/contributions/compute-benchmark/OsakaTX/scripts/nav_goal_seq.py --x 4 --y 4 --yaw 0 --every 22.0 --pause 2.0 --cancel --repeats 0"
2026-09-27T16:30:52Z,1,"G1_20260927T163006Z",724296,"bash",0.7,4464,1330,"bash /wt/contributions/compute-benchmark/xbattlax/scripts/measure_ros_processes.sh --pattern python3|ros2|slam|nav2|component_container|nav_goal_seq --duration 380 --interval 2 --label G1_20260927T163006Z --output /wt/contributions/compute-benchmark/OsakaTX/scripts/../results/combo2/G1_20260927T163006Z.csv"
2026-09-27T16:30:54Z,2,"G1_20260927T163006Z",709168,"python3",0.2,74792,46563,"/usr/bin/python3 -c from ros2cli.daemon.daemonize import main; main() --name ros2-daemon --ros-domain-id 0 --rmw-implementation rmw_fastrtps_cpp"
2026-09-27T16:30:54Z,2,"G1_20260927T163006Z",724115,"python3",6.7,77188,48526,"python3 /wt/contributions/compute-benchmark/OsakaTX/scripts/synthetic_scan_publisher.py --duration 490 --loop-s 40 --hz 5.0 --noise 0.0"
2026-09-27T16:30:54Z,2,"G1_20260927T163006Z",724131,"ros2",1.6,78800,50943,"/usr/bin/python3 /opt/ros/jazzy/bin/ros2 launch /wt/contributions/compute-benchmark/OsakaTX/scripts/lifelong_launch.py slam_params_file:=/wt/contributions/compute-benchmark/OsakaTX/scripts/lifelong_slam_params.yaml use_sim_time:=False autostart:=true"
2026-09-27T16:30:54Z,2,"G1_20260927T163006Z",724132,"ros2",2.6,83668,55443,"/usr/bin/python3 /opt/ros/jazzy/bin/ros2 launch nav2_bringup bringup_launch.py map:=/wt/contributions/compute-benchmark/OsakaTX/scripts/../results/combo2/combo2_nav2_map.yaml params_file:=/wt/contributions/compute-benchmark/OsakaTX/scripts/nav2_params_bench.yaml use_sim_time:=False autostart:=True slam:=False use_localization:=False"
2026-09-27T16:30:54Z,2,"G1_20260927T163006Z",724151,"lifelong_slam_t",39.2,68932,48674,"/opt/ros/jazzy/lib/slam_toolbox/lifelong_slam_toolbox_node --ros-args -r __node:=slam_toolbox -r __ns:=/ --params-file /wt/contributions/compute-benchmark/OsakaTX/scripts/lifelong_slam_params.yaml --params-file /tmp/launch_params_zyre_0s5"
2026-09-27T16:30:54Z,2,"G1_20260927T163006Z",724184,"component_conta",34.3,160680,140408,"/opt/ros/jazzy/lib/rclcpp_components/component_container_isolated --ros-args --log-level info --ros-args -r __node:=nav2_container --params-file /tmp/launch_params___mpikbo --params-file /tmp/launch_params_femhr4gz -r /tf:=tf -r /tf_static:=tf_static"
2026-09-27T16:30:54Z,2,"G1_20260927T163006Z",724251,"python3",11.8,83020,54027,"python3 /wt/contributions/compute-benchmark/OsakaTX/scripts/nav_goal_seq.py --x 4 --y 4 --yaw 0 --every 22.0 --pause 2.0 --cancel --repeats 0"
2026-09-27T16:30:54Z,2,"G1_20260927T163006Z",724296,"bash",0.3,4468,1327,"bash /wt/contributions/compute-benchmark/xbattlax/scripts/measure_ros_processes.sh --pattern python3|ros2|slam|nav2|component_container|nav_goal_seq --duration 380 --interval 2 --label G1_20260927T163006Z --output /wt/contributions/compute-benchmark/OsakaTX/scripts/../results/combo2/G1_20260927T163006Z.csv"
2026-09-27T16:30:57Z,3,"G1_20260927T163006Z",709168,"python3",0.2,74728,46544,"/usr/bin/python3 -c from ros2cli.daemon.daemonize import main; main() --name ros2-daemon --ros-domain-id 0 --rmw-implementation rmw_fastrtps_cpp"
2026-09-27T16:30:57Z,3,"G1_20260927T163006Z",724115,"python3",6.7,77076,48489,"python3 /wt/contributions/compute-benchmark/OsakaTX/scripts/synthetic_scan_publisher.py --duration 490 --loop-s 40 --hz 5.0 --noise 0.0"
2026-09-27T16:30:57Z,3,"G1_20260927T163006Z",724131,"ros2",1.5,78800,50943,"/usr/bin/python3 /opt/ros/jazzy/bin/ros2 launch /wt/contributions/compute-benchmark/OsakaTX/scripts/lifelong_launch.py slam_params_file:=/wt/contributions/compute-benchmark/OsakaTX/scripts/lifelong_slam_params.yaml use_sim_time:=False autostart:=true"
2026-09-27T16:30:57Z,3,"G1_20260927T163006Z",724132,"ros2",2.5,83668,55444,"/usr/bin/python3 /opt/ros/jazzy/bin/ros2 launch nav2_bringup bringup_launch.py map:=/wt/contributions/compute-benchmark/OsakaTX/scripts/../results/combo2/combo2_nav2_map.yaml params_file:=/wt/contributions/compute-benchmark/OsakaTX/scripts/nav2_params_bench.yaml use_sim_time:=False autostart:=True slam:=False use_localization:=False"
2026-09-27T16:30:57Z,3,"G1_20260927T163006Z",724151,"lifelong_slam_t",39.4,68968,48762,"/opt/ros/jazzy/lib/slam_toolbox/lifelong_slam_toolbox_node --ros-args -r __node:=slam_toolbox -r __ns:=/ --params-file /wt/contributions/compute-benchmark/OsakaTX/scripts/lifelong_slam_params.yaml --params-file /tmp/launch_params_zyre_0s5"
2026-09-27T16:30:57Z,3,"G1_20260927T163006Z",724184,"component_conta",35.4,160668,140441,"/opt/ros/jazzy/lib/rclcpp_components/component_container_isolated --ros-args --log-level info --ros-args -r __node:=nav2_container --params-file /tmp/launch_params___mpikbo --params-file /tmp/launch_params_femhr4gz -r /tf:=tf -r /tf_static:=tf_static"
2026-09-27T16:30:57Z,3,"G1_20260927T163006Z",724251,"python3",10.5,83032,54039,"python3 /wt/contributions/compute-benchmark/OsakaTX/scripts/nav_goal_seq.py --x 4 --y 4 --yaw 0 --every 22.0 --pause 2.0 --cancel --repeats 0"
2026-09-27T16:30:57Z,3,"G1_20260927T163006Z",724296,"bash",0.5,4472,1333,"bash /wt/contributions/compute-benchmark/xbattlax/scripts/measure_ros_processes.sh --pattern python3|ros2|slam|nav2|component_container|nav_goal_seq --duration 380 --interval 2 --label G1_20260927T163006Z --output /wt/contributions/compute-benchmark/OsakaTX/scripts/../results/combo2/G1_20260927T163006Z.csv"
2026-09-27T16:30:59Z,4,"G1_20260927T163006Z",709168,"python3",0.2,74728,46543,"/usr/bin/python3 -c from ros2cli.daemon.daemonize import main; main() --name ros2-daemon --ros-domain-id 0 --rmw-implementation rmw_fastrtps_cpp"
2026-09-27T16:30:59Z,4,"G1_20260927T163006Z",724115,"python3",6.7,77128,48542,"python3 /wt/contributions/compute-benchmark/OsakaTX/scripts/synthetic_scan_publisher.py --duration 490 --loop-s 40 --hz 5.0 --noise 0.0"
2026-09-27T16:30:59Z,4,"G1_20260927T163006Z",724131,"ros2",1.4,78800,50943,"/usr/bin/python3 /opt/ros/jazzy/bin/ros2 launch /wt/contributions/compute-benchmark/OsakaTX/scripts/lifelong_launch.py slam_params_file:=/wt/contributions/compute-benchmark/OsakaTX/scripts/lifelong_slam_params.yaml use_sim_time:=False autostart:=true"
2026-09-27T16:30:59Z,4,"G1_20260927T163006Z",724132,"ros2",2.4,83668,55440,"/usr/bin/python3 /opt/ros/jazzy/bin/ros2 launch nav2_bringup bringup_launch.py map:=/wt/contributions/compute-benchmark/OsakaTX/scripts/../results/combo2/combo2_nav2_map.yaml params_file:=/wt/contributions/compute-benchmark/OsakaTX/scripts/nav2_params_bench.yaml use_sim_time:=False autostart:=True slam:=False use_localization:=False"
2026-09-27T16:30:59Z,4,"G1_20260927T163006Z",724151,"lifelong_slam_t",39.9,68980,48774,"/opt/ros/jazzy/lib/slam_toolbox/lifelong_slam_toolbox_node --ros-args -r __node:=slam_toolbox -r __ns:=/ --params-file /wt/contributions/compute-benchmark/OsakaTX/scripts/lifelong_slam_params.yaml --params-file /tmp/launch_params_zyre_0s5"
2026-09-27T16:30:59Z,4,"G1_20260927T163006Z",724184,"component_conta",36.5,161564,140592,"/opt/ros/jazzy/lib/rclcpp_components/component_container_isolated --ros-args --log-level info --ros-args -r __node:=nav2_container --params-file /tmp/launch_params___mpikbo --params-file /tmp/launch_params_femhr4gz -r /tf:=tf -r /tf_static:=tf_static"
2026-09-27T16:30:59Z,4,"G1_20260927T163006Z",724251,"python3",9.9,83032,54039,"python3 /wt/contributions/compute-benchmark/OsakaTX/scripts/nav_goal_seq.py --x 4 --y 4 --yaw 0 --every 22.0 --pause 2.0 --cancel --repeats 0"
2026-09-27T16:30:59Z,4,"G1_20260927T163006Z",724296,"bash",0.4,4472,1329,"bash /wt/contributions/compute-benchmark/xbattlax/scripts/measure_ros_processes.sh --pattern python3|ros2|slam|nav2|component_container|nav_goal_seq --duration 380 --interval 2 --label G1_20260927T163006Z --output /wt/contributions/compute-benchmark/OsakaTX/scripts/../results/combo2/G1_20260927T163006Z.csv"
2026-09-27T16:31:02Z,5,"G1_20260927T163006Z",709168,"python3",0.2,74728,46542,"/usr/bin/python3 -c from ros2cli.daemon.daemonize import main; main() --name ros2-daemon --ros-domain-id 0 --rmw-implementation rmw_fastrtps_cpp"
2026-09-27T16:31:02Z,5,"G1_20260927T163006Z",724115,"python3",6.8,77128,48541,"python3 /wt/contributions/compute-benchmark/OsakaTX/scripts/synthetic_scan_publisher.py --duration 490 --loop-s 40 --hz 5.0 --noise 0.0"
2026-09-27T16:31:02Z,5,"G1_20260927T163006Z",724131,"ros2",1.4,78848,50990,"/usr/bin/python3 /opt/ros/jazzy/bin/ros2 launch /wt/contributions/compute-benchmark/OsakaTX/scripts/lifelong_launch.py slam_params_file:=/wt/contributions/compute-benchmark/OsakaTX/scripts/lifelong_slam_params.yaml use_sim_time:=False autostart:=true"
2026-09-27T16:31:02Z,5,"G1_20260927T163006Z",724132,"ros2",2.3,83668,55443,"/usr/bin/python3 /opt/ros/jazzy/bin/ros2 launch nav2_bringup bringup_launch.py map:=/wt/contributions/compute-benchmark/OsakaTX/scripts/../results/combo2/combo2_nav2_map.yaml params_file:=/wt/contributions/compute-benchmark/OsakaTX/scripts/nav2_params_bench.yaml use_sim_time:=False autostart:=True slam:=False use_localization:=False"
2026-09-27T16:31:02Z,5,"G1_20260927T163006Z",724151,"lifelong_slam_t",42.8,69052,48848,"/opt/ros/jazzy/lib/slam_toolbox/lifelong_slam_toolbox_node --ros-args -r __node:=slam_toolbox -r __ns:=/ --params-file /wt/contributions/compute-benchmark/OsakaTX/scripts/lifelong_slam_params.yaml --params-file /tmp/launch_params_zyre_0s5"
2026-09-27T16:31:02Z,5,"G1_20260927T163006Z",724184,"component_conta",37.3,160872,140644,"/opt/ros/jazzy/lib/rclcpp_components/component_container_isolated --ros-args --log-level info --ros-args -r __node:=nav2_container --params-file /tmp/launch_params___mpikbo --params-file /tmp/launch_params_femhr4gz -r /tf:=tf -r /tf_static:=tf_static"
2026-09-27T16:31:02Z,5,"G1_20260927T163006Z",724251,"python3",9.5,83036,54043,"python3 /wt/contributions/compute-benchmark/OsakaTX/scripts/nav_goal_seq.py --x 4 --y 4 --yaw 0 --every 22.0 --pause 2.0 --cancel --repeats 0"
2026-09-27T16:31:02Z,5,"G1_20260927T163006Z",724296,"bash",0.5,4472,1333,"bash /wt/contributions/compute-benchmark/xbattlax/scripts/measure_ros_processes.sh --pattern python3|ros2|slam|nav2|component_container|nav_goal_seq --duration 380 --interval 2 --label G1_20260927T163006Z --output /wt/contributions/compute-benchmark/OsakaTX/scripts/../results/combo2/G1_20260927T163006Z.csv"
2026-09-27T16:31:04Z,6,"G1_20260927T163006Z",709168,"python3",0.2,74728,46542,"/usr/bin/python3 -c from ros2cli.daemon.daemonize import main; main() --name ros2-daemon --ros-domain-id 0 --rmw-implementation rmw_fastrtps_cpp"
2026-09-27T16:31:04Z,6,"G1_20260927T163006Z",724115,"python3",6.8,77128,48535,"python3 /wt/contributions/compute-benchmark/OsakaTX/scripts/synthetic_scan_publisher.py --duration 490 --loop-s 40 --hz 5.0 --noise 0.0"
2026-09-27T16:31:04Z,6,"G1_20260927T163006Z",724131,"ros2",1.4,78888,51031,"/usr/bin/python3 /opt/ros/jazzy/bin/ros2 launch /wt/contributions/compute-benchmark/OsakaTX/scripts/lifelong_launch.py slam_params_file:=/wt/contributions/compute-benchmark/OsakaTX/scripts/lifelong_slam_params.yaml use_sim_time:=False autostart:=true"
2026-09-27T16:31:04Z,6,"G1_20260927T163006Z",724132,"ros2",2.2,83668,55440,"/usr/bin/python3 /opt/ros/jazzy/bin/ros2 launch nav2_bringup bringup_launch.py map:=/wt/contributions/compute-benchmark/OsakaTX/scripts/../results/combo2/combo2_nav2_map.yaml params_file:=/wt/contributions/compute-benchmark/OsakaTX/scripts/nav2_params_bench.yaml use_sim_time:=False autostart:=True slam:=False use_localization:=False"
2026-09-27T16:31:04Z,6,"G1_20260927T163006Z",724151,"lifelong_slam_t",44.3,69056,48856,"/opt/ros/jazzy/lib/slam_toolbox/lifelong_slam_toolbox_node --ros-args -r __node:=slam_toolbox -r __ns:=/ --params-file /wt/contributions/compute-benchmark/OsakaTX/scripts/lifelong_slam_params.yaml --params-file /tmp/launch_params_zyre_0s5"
2026-09-27T16:31:04Z,6,"G1_20260927T163006Z",724184,"component_conta",38.1,160968,140739,"/opt/ros/jazzy/lib/rclcpp_components/component_container_isolated --ros-args --log-level info --ros-args -r __node:=nav2_container --params-file /tmp/launch_params___mpikbo --params-file /tmp/launch_params_femhr4gz -r /tf:=tf -r /tf_static:=tf_static"
2026-09-27T16:31:04Z,6,"G1_20260927T163006Z",724251,"python3",9.1,83040,54047,"python3 /wt/contributions/compute-benchmark/OsakaTX/scripts/nav_goal_seq.py --x 4 --y 4 --yaw 0 --every 22.0 --pause 2.0 --cancel --repeats 0"
2026-09-27T16:31:04Z,6,"G1_20260927T163006Z",724296,"bash",0.5,4472,1336,"bash /wt/contributions/compute-benchmark/xbattlax/scripts/measure_ros_processes.sh --pattern python3|ros2|slam|nav2|component_container|nav_goal_seq --duration 380 --interval 2 --label G1_20260927T163006Z --output /wt/contributions/compute-benchmark/OsakaTX/scripts/../results/combo2/G1_20260927T163006Z.csv"
2026-09-27T16:31:07Z,7,"G1_20260927T163006Z",709168,"python3",0.2,74728,46544,"/usr/bin/python3 -c from ros2cli.daemon.daemonize import main; main() --name ros2-daemon --ros-domain-id 0 --rmw-implementation rmw_fastrtps_cpp"
2026-09-27T16:31:07Z,7,"G1_20260927T163006Z",724115,"python3",6.8,77128,48534,"python3 /wt/contributions/compute-benchmark/OsakaTX/scripts/synthetic_scan_publisher.py --duration 490 --loop-s 40 --hz 5.0 --noise 0.0"
2026-09-27T16:31:07Z,7,"G1_20260927T163006Z",724131,"ros2",1.4,78896,51039,"/usr/bin/python3 /opt/ros/jazzy/bin/ros2 launch /wt/contributions/compute-benchmark/OsakaTX/scripts/lifelong_launch.py slam_params_file:=/wt/contributions/compute-benchmark/OsakaTX/scripts/lifelong_slam_params.yaml use_sim_time:=False autostart:=true"
2026-09-27T16:31:07Z,7,"G1_20260927T163006Z",724132,"ros2",2.1,83668,55444,"/usr/bin/python3 /opt/ros/jazzy/bin/ros2 launch nav2_bringup bringup_launch.py map:=/wt/contributions/compute-benchmark/OsakaTX/scripts/../results/combo2/combo2_nav2_map.yaml params_file:=/wt/contributions/compute-benchmark/OsakaTX/scripts/nav2_params_bench.yaml use_sim_time:=False autostart:=True slam:=False use_localization:=False"
2026-09-27T16:31:07Z,7,"G1_20260927T163006Z",724151,"lifelong_slam_t",44.3,69124,48920,"/opt/ros/jazzy/lib/slam_toolbox/lifelong_slam_toolbox_node --ros-args -r __node:=slam_toolbox -r __ns:=/ --params-file /wt/contributions/compute-benchmark/OsakaTX/scripts/lifelong_slam_params.yaml --params-file /tmp/launch_params_zyre_0s5"
2026-09-27T16:31:07Z,7,"G1_20260927T163006Z",724184,"component_conta",38.9,161140,140912,"/opt/ros/jazzy/lib/rclcpp_components/component_container_isolated --ros-args --log-level info --ros-args -r __node:=nav2_container --params-file /tmp/launch_params___mpikbo --params-file /tmp/launch_params_femhr4gz -r /tf:=tf -r /tf_static:=tf_static"
2026-09-27T16:31:07Z,7,"G1_20260927T163006Z",724251,"python3",8.9,83040,54047,"python3 /wt/contributions/compute-benchmark/OsakaTX/scripts/nav_goal_seq.py --x 4 --y 4 --yaw 0 --every 22.0 --pause 2.0 --cancel --repeats 0"
2026-09-27T16:31:07Z,7,"G1_20260927T163006Z",724296,"bash",0.5,4472,1336,"bash /wt/contributions/compute-benchmark/xbattlax/scripts/measure_ros_processes.sh --pattern python3|ros2|slam|nav2|component_container|nav_goal_seq --duration 380 --interval 2 --label G1_20260927T163006Z --output /wt/contributions/compute-benchmark/OsakaTX/scripts/../results/combo2/G1_20260927T163006Z.csv"
2026-09-27T16:31:09Z,8,"G1_20260927T163006Z",709168,"python3",0.2,74728,46543,"/usr/bin/python3 -c from ros2cli.daemon.daemonize import main; main() --name ros2-daemon --ros-domain-id 0 --rmw-implementation rmw_fastrtps_cpp"
2026-09-27T16:31:09Z,8,"G1_20260927T163006Z",724115,"python3",6.8,77076,48489,"python3 /wt/contributions/compute-benchmark/OsakaTX/scripts/synthetic_scan_publisher.py --duration 490 --loop-s 40 --hz 5.0 --noise 0.0"
2026-09-27T16:31:09Z,8,"G1_20260927T163006Z",724131,"ros2",1.3,78900,51043,"/usr/bin/python3 /opt/ros/jazzy/bin/ros2 launch /wt/contributions/compute-benchmark/OsakaTX/scripts/lifelong_launch.py slam_params_file:=/wt/contributions/compute-benchmark/OsakaTX/scripts/lifelong_slam_params.yaml use_sim_time:=False autostart:=true"
2026-09-27T16:31:09Z,8,"G1_20260927T163006Z",724132,"ros2",2.0,83668,55440,"/usr/bin/python3 /opt/ros/jazzy/bin/ros2 launch nav2_bringup bringup_launch.py map:=/wt/contributions/compute-benchmark/OsakaTX/scripts/../results/combo2/combo2_nav2_map.yaml params_file:=/wt/contributions/compute-benchmark/OsakaTX/scripts/nav2_params_bench.yaml use_sim_time:=False autostart:=True slam:=False use_localization:=False"
2026-09-27T16:31:09Z,8,"G1_20260927T163006Z",724151,"lifelong_slam_t",44.1,69124,48917,"/opt/ros/jazzy/lib/slam_toolbox/lifelong_slam_toolbox_node --ros-args -r __node:=slam_toolbox -r __ns:=/ --params-file /wt/contributions/compute-benchmark/OsakaTX/scripts/lifelong_slam_params.yaml --params-file /tmp/launch_params_zyre_0s5"
2026-09-27T16:31:09Z,8,"G1_20260927T163006Z",724184,"component_conta",39.6,161148,140921,"/opt/ros/jazzy/lib/rclcpp_components/component_container_isolated --ros-args --log-level info --ros-args -r __node:=nav2_container --params-file /tmp/launch_params___mpikbo --params-file /tmp/launch_params_femhr4gz -r /tf:=tf -r /tf_static:=tf_static"
2026-09-27T16:31:09Z,8,"G1_20260927T163006Z",724251,"python3",8.6,83040,54047,"python3 /wt/contributions/compute-benchmark/OsakaTX/scripts/nav_goal_seq.py --x 4 --y 4 --yaw 0 --every 22.0 --pause 2.0 --cancel --repeats 0"
2026-09-27T16:31:09Z,8,"G1_20260927T163006Z",724296,"bash",0.5,4472,1336,"bash /wt/contributions/compute-benchmark/xbattlax/scripts/measure_ros_processes.sh --pattern python3|ros2|slam|nav2|component_container|nav_goal_seq --duration 380 --interval 2 --label G1_20260927T163006Z --output /wt/contributions/compute-benchmark/OsakaTX/scripts/../results/combo2/G1_20260927T163006Z.csv"
2026-09-27T16:31:11Z,9,"G1_20260927T163006Z",709168,"python3",0.2,74728,46542,"/usr/bin/python3 -c from ros2cli.daemon.daemonize import main; main() --name ros2-daemon --ros-domain-id 0 --rmw-implementation rmw_fastrtps_cpp"
2026-09-27T16:31:11Z,9,"G1_20260927T163006Z",724115,"python3",6.7,77076,48490,"python3 /wt/contributions/compute-benchmark/OsakaTX/scripts/synthetic_scan_publisher.py --duration 490 --loop-s 40 --hz 5.0 --noise 0.0"
2026-09-27T16:31:11Z,9,"G1_20260927T163006Z",724131,"ros2",1.3,78912,51055,"/usr/bin/python3 /opt/ros/jazzy/bin/ros2 launch /wt/contributions/compute-benchmark/OsakaTX/scripts/lifelong_launch.py slam_params_file:=/wt/contributions/compute-benchmark/OsakaTX/scripts/lifelong_slam_params.yaml use_sim_time:=False autostart:=true"
2026-09-27T16:31:11Z,9,"G1_20260927T163006Z",724132,"ros2",2.0,83668,55442,"/usr/bin/python3 /opt/ros/jazzy/bin/ros2 launch nav2_bringup bringup_launch.py map:=/wt/contributions/compute-benchmark/OsakaTX/scripts/../results/combo2/combo2_nav2_map.yaml params_file:=/wt/contributions/compute-benchmark/OsakaTX/scripts/nav2_params_bench.yaml use_sim_time:=False autostart:=True slam:=False use_localization:=False"
2026-09-27T16:31:11Z,9,"G1_20260927T163006Z",724151,"lifelong_slam_t",44.3,69164,48961,"/opt/ros/jazzy/lib/slam_toolbox/lifelong_slam_toolbox_node --ros-args -r __node:=slam_toolbox -r __ns:=/ --params-file /wt/contributions/compute-benchmark/OsakaTX/scripts/lifelong_slam_params.yaml --params-file /tmp/launch_params_zyre_0s5"
2026-09-27T16:31:11Z,9,"G1_20260927T163006Z",724184,"component_conta",39.4,164100,143872,"/opt/ros/jazzy/lib/rclcpp_components/component_container_isolated --ros-args --log-level info --ros-args -r __node:=nav2_container --params-file /tmp/launch_params___mpikbo --params-file /tmp/launch_params_femhr4gz -r /tf:=tf -r /tf_static:=tf_static"
2026-09-27T16:31:11Z,9,"G1_20260927T163006Z",724251,"python3",8.1,83044,54051,"python3 /wt/contributions/compute-benchmark/OsakaTX/scripts/nav_goal_seq.py --x 4 --y 4 --yaw 0 --every 22.0 --pause 2.0 --cancel --repeats 0"
2026-09-27T16:31:11Z,9,"G1_20260927T163006Z",724296,"bash",0.5,4472,1328,"bash /wt/contributions/compute-benchmark/xbattlax/scripts/measure_ros_processes.sh --pattern python3|ros2|slam|nav2|component_container|nav_goal_seq --duration 380 --interval 2 --label G1_20260927T163006Z --output /wt/contributions/compute-benchmark/OsakaTX/scripts/../results/combo2/G1_20260927T163006Z.csv"
2026-09-27T16:31:14Z,10,"G1_20260927T163006Z",709168,"python3",0.2,74728,46544,"/usr/bin/python3 -c from ros2cli.daemon.daemonize import main; main() --name ros2-daemon --ros-domain-id 0 --rmw-implementation rmw_fastrtps_cpp"
2026-09-27T16:31:14Z,10,"G1_20260927T163006Z",724115,"python3",6.7,77076,48489,"python3 /wt/contributions/compute-benchmark/OsakaTX/scripts/synthetic_scan_publisher.py --duration 490 --loop-s 40 --hz 5.0 --noise 0.0"
2026-09-27T16:31:14Z,10,"G1_20260927T163006Z",724131,"ros2",1.3,78920,51062,"/usr/bin/python3 /opt/ros/jazzy/bin/ros2 launch /wt/contributions/compute-benchmark/OsakaTX/scripts/lifelong_launch.py slam_params_file:=/wt/contributions/compute-benchmark/OsakaTX/scripts/lifelong_slam_params.yaml use_sim_time:=False autostart:=true"
2026-09-27T16:31:14Z,10,"G1_20260927T163006Z",724132,"ros2",1.9,83668,55440,"/usr/bin/python3 /opt/ros/jazzy/bin/ros2 launch nav2_bringup bringup_launch.py map:=/wt/contributions/compute-benchmark/OsakaTX/scripts/../results/combo2/combo2_nav2_map.yaml params_file:=/wt/contributions/compute-benchmark/OsakaTX/scripts/nav2_params_bench.yaml use_sim_time:=False autostart:=True slam:=False use_localization:=False"
2026-09-27T16:31:14Z,10,"G1_20260927T163006Z",724151,"lifelong_slam_t",44.0,69164,48957,"/opt/ros/jazzy/lib/slam_toolbox/lifelong_slam_toolbox_node --ros-args -r __node:=slam_toolbox -r __ns:=/ --params-file /wt/contributions/compute-benchmark/OsakaTX/scripts/lifelong_slam_params.yaml --params-file /tmp/launch_params_zyre_0s5"
2026-09-27T16:31:14Z,10,"G1_20260927T163006Z",724184,"component_conta",39.8,165212,144985,"/opt/ros/jazzy/lib/rclcpp_components/component_container_isolated --ros-args --log-level info --ros-args -r __node:=nav2_container --params-file /tmp/launch_params___mpikbo --params-file /tmp/launch_params_femhr4gz -r /tf:=tf -r /tf_static:=tf_static"
2026-09-27T16:31:14Z,10,"G1_20260927T163006Z",724251,"python3",7.9,83052,54055,"python3 /wt/contributions/compute-benchmark/OsakaTX/scripts/nav_goal_seq.py --x 4 --y 4 --yaw 0 --every 22.0 --pause 2.0 --cancel --repeats 0"
2026-09-27T16:31:14Z,10,"G1_20260927T163006Z",724296,"bash",0.5,4472,1334,"bash /wt/contributions/compute-benchmark/xbattlax/scripts/measure_ros_processes.sh --pattern python3|ros2|slam|nav2|component_container|nav_goal_seq --duration 380 --interval 2 --label G1_20260927T163006Z --output /wt/contributions/compute-benchmark/OsakaTX/scripts/../results/combo2/G1_20260927T163006Z.csv"
2026-09-27T16:31:16Z,11,"G1_20260927T163006Z",709168,"python3",0.2,74728,46545,"/usr/bin/python3 -c from ros2cli.daemon.daemonize import main; main() --name ros2-daemon --ros-domain-id 0 --rmw-implementation rmw_fastrtps_cpp"
2026-09-27T16:31:16Z,11,"G1_20260927T163006Z",724115,"python3",6.6,77076,48490,"python3 /wt/contributions/compute-benchmark/OsakaTX/scripts/synthetic_scan_publisher.py --duration 490 --loop-s 40 --hz 5.0 --noise 0.0"
2026-09-27T16:31:16Z,11,"G1_20260927T163006Z",724131,"ros2",1.2,78920,51062,"/usr/bin/python3 /opt/ros/jazzy/bin/ros2 launch /wt/contributions/compute-benchmark/OsakaTX/scripts/lifelong_launch.py slam_params_file:=/wt/contributions/compute-benchmark/OsakaTX/scripts/lifelong_slam_params.yaml use_sim_time:=False autostart:=true"
2026-09-27T16:31:16Z,11,"G1_20260927T163006Z",724132,"ros2",1.8,83668,55444,"/usr/bin/python3 /opt/ros/jazzy/bin/ros2 launch nav2_bringup bringup_launch.py map:=/wt/contributions/compute-benchmark/OsakaTX/scripts/../results/combo2/combo2_nav2_map.yaml params_file:=/wt/contributions/compute-benchmark/OsakaTX/scripts/nav2_params_bench.yaml use_sim_time:=False autostart:=True slam:=False use_localization:=False"
2026-09-27T16:31:16Z,11,"G1_20260927T163006Z",724151,"lifelong_slam_t",43.6,69164,48961,"/opt/ros/jazzy/lib/slam_toolbox/lifelong_slam_toolbox_node --ros-args -r __node:=slam_toolbox -r __ns:=/ --params-file /wt/contributions/compute-benchmark/OsakaTX/scripts/lifelong_slam_params.yaml --params-file /tmp/launch_params_zyre_0s5"
2026-09-27T16:31:16Z,11,"G1_20260927T163006Z",724184,"component_conta",40.3,165220,144993,"/opt/ros/jazzy/lib/rclcpp_components/component_container_isolated --ros-args --log-level info --ros-args -r __node:=nav2_container --params-file /tmp/launch_params___mpikbo --params-file /tmp/launch_params_femhr4gz -r /tf:=tf -r /tf_static:=tf_static"
2026-09-27T16:31:16Z,11,"G1_20260927T163006Z",724251,"python3",7.7,83052,54059,"python3 /wt/contributions/compute-benchmark/OsakaTX/scripts/nav_goal_seq.py --x 4 --y 4 --yaw 0 --every 22.0 --pause 2.0 --cancel --repeats 0"
2026-09-27T16:31:16Z,11,"G1_20260927T163006Z",724296,"bash",0.5,4472,1338,"bash /wt/contributions/compute-benchmark/xbattlax/scripts/measure_ros_processes.sh --pattern python3|ros2|slam|nav2|component_container|nav_goal_seq --duration 380 --interval 2 --label G1_20260927T163006Z --output /wt/contributions/compute-benchmark/OsakaTX/scripts/../results/combo2/G1_20260927T163006Z.csv"
2026-09-27T16:31:19Z,12,"G1_20260927T163006Z",709168,"python3",0.2,74728,46542,"/usr/bin/python3 -c from ros2cli.daemon.daemonize import main; main() --name ros2-daemon --ros-domain-id 0 --rmw-implementation rmw_fastrtps_cpp"
2026-09-27T16:31:19Z,12,"G1_20260927T163006Z",724115,"python3",6.6,77076,48490,"python3 /wt/contributions/compute-benchmark/OsakaTX/scripts/synthetic_scan_publisher.py --duration 490 --loop-s 40 --hz 5.0 --noise 0.0"
2026-09-27T16:31:19Z,12,"G1_20260927T163006Z",724131,"ros2",1.2,78920,51061,"/usr/bin/python3 /opt/ros/jazzy/bin/ros2 launch /wt/contributions/compute-benchmark/OsakaTX/scripts/lifelong_launch.py slam_params_file:=/wt/contributions/compute-benchmark/OsakaTX/scripts/lifelong_slam_params.yaml use_sim_time:=False autostart:=true"
2026-09-27T16:31:19Z,12,"G1_20260927T163006Z",724132,"ros2",1.8,83668,55444,"/usr/bin/python3 /opt/ros/jazzy/bin/ros2 launch nav2_bringup bringup_launch.py map:=/wt/contributions/compute-benchmark/OsakaTX/scripts/../results/combo2/combo2_nav2_map.yaml params_file:=/wt/contributions/compute-benchmark/OsakaTX/scripts/nav2_params_bench.yaml use_sim_time:=False autostart:=True slam:=False use_localization:=False"
2026-09-27T16:31:19Z,12,"G1_20260927T163006Z",724151,"lifelong_slam_t",43.4,69228,49023,"/opt/ros/jazzy/lib/slam_toolbox/lifelong_slam_toolbox_node --ros-args -r __node:=slam_toolbox -r __ns:=/ --params-file /wt/contributions/compute-benchmark/OsakaTX/scripts/lifelong_slam_params.yaml --params-file /tmp/launch_params_zyre_0s5"
2026-09-27T16:31:19Z,12,"G1_20260927T163006Z",724184,"component_conta",40.7,165384,145155,"/opt/ros/jazzy/lib/rclcpp_components/component_container_isolated --ros-args --log-level info --ros-args -r __node:=nav2_container --params-file /tmp/launch_params___mpikbo --params-file /tmp/launch_params_femhr4gz -r /tf:=tf -r /tf_static:=tf_static"
2026-09-27T16:31:19Z,12,"G1_20260927T163006Z",724251,"python3",7.7,83052,54059,"python3 /wt/contributions/compute-benchmark/OsakaTX/scripts/nav_goal_seq.py --x 4 --y 4 --yaw 0 --every 22.0 --pause 2.0 --cancel --repeats 0"
2026-09-27T16:31:19Z,12,"G1_20260927T163006Z",724296,"bash",0.5,4472,1334,"bash /wt/contributions/compute-benchmark/xbattlax/scripts/measure_ros_processes.sh --pattern python3|ros2|slam|nav2|component_container|nav_goal_seq --duration 380 --interval 2 --label G1_20260927T163006Z --output /wt/contributions/compute-benchmark/OsakaTX/scripts/../results/combo2/G1_20260927T163006Z.csv"
2026-09-27T16:31:21Z,13,"G1_20260927T163006Z",709168,"python3",0.2,74728,46544,"/usr/bin/python3 -c from ros2cli.daemon.daemonize import main; main() --name ros2-daemon --ros-domain-id 0 --rmw-implementation rmw_fastrtps_cpp"
2026-09-27T16:31:21Z,13,"G1_20260927T163006Z",724115,"python3",6.5,77076,48489,"python3 /wt/contributions/compute-benchmark/OsakaTX/scripts/synthetic_scan_publisher.py --duration 490 --loop-s 40 --hz 5.0 --noise 0.0"
2026-09-27T16:31:21Z,13,"G1_20260927T163006Z",724131,"ros2",1.2,78920,51061,"/usr/bin/python3 /opt/ros/jazzy/bin/ros2 launch /wt/contributions/compute-benchmark/OsakaTX/scripts/lifelong_launch.py slam_params_file:=/wt/contributions/compute-benchmark/OsakaTX/scripts/lifelong_slam_params.yaml use_sim_time:=False autostart:=true"
2026-09-27T16:31:21Z,13,"G1_20260927T163006Z",724132,"ros2",1.7,83668,55443,"/usr/bin/python3 /opt/ros/jazzy/bin/ros2 launch nav2_bringup bringup_launch.py map:=/wt/contributions/compute-benchmark/OsakaTX/scripts/../results/combo2/combo2_nav2_map.yaml params_file:=/wt/contributions/compute-benchmark/OsakaTX/scripts/nav2_params_bench.yaml use_sim_time:=False autostart:=True slam:=False use_localization:=False"
2026-09-27T16:31:21Z,13,"G1_20260927T163006Z",724151,"lifelong_slam_t",43.4,69284,49079,"/opt/ros/jazzy/lib/slam_toolbox/lifelong_slam_toolbox_node --ros-args -r __node:=slam_toolbox -r __ns:=/ --params-file /wt/contributions/compute-benchmark/OsakaTX/scripts/lifelong_slam_params.yaml --params-file /tmp/launch_params_zyre_0s5"
2026-09-27T16:31:21Z,13,"G1_20260927T163006Z",724184,"component_conta",41.3,165420,145193,"/opt/ros/jazzy/lib/rclcpp_components/component_container_isolated --ros-args --log-level info --ros-args -r __node:=nav2_container --params-file /tmp/launch_params___mpikbo --params-file /tmp/launch_params_femhr4gz -r /tf:=tf -r /tf_static:=tf_static"
2026-09-27T16:31:21Z,13,"G1_20260927T163006Z",724251,"python3",7.6,83056,54063,"python3 /wt/contributions/compute-benchmark/OsakaTX/scripts/nav_goal_seq.py --x 4 --y 4 --yaw 0 --every 22.0 --pause 2.0 --cancel --repeats 0"
2026-09-27T16:31:21Z,13,"G1_20260927T163006Z",724296,"bash",0.5,4472,1330,"bash /wt/contributions/compute-benchmark/xbattlax/scripts/measure_ros_processes.sh --pattern python3|ros2|slam|nav2|component_container|nav_goal_seq --duration 380 --interval 2 --label G1_20260927T163006Z --output /wt/contributions/compute-benchmark/OsakaTX/scripts/../results/combo2/G1_20260927T163006Z.csv"
2026-09-27T16:31:24Z,14,"G1_20260927T163006Z",709168,"python3",0.2,74728,46544,"/usr/bin/python3 -c from ros2cli.daemon.daemonize import main; main() --name ros2-daemon --ros-domain-id 0 --rmw-implementation rmw_fastrtps_cpp"
2026-09-27T16:31:24Z,14,"G1_20260927T163006Z",724115,"python3",6.5,77076,48489,"python3 /wt/contributions/compute-benchmark/OsakaTX/scripts/synthetic_scan_publisher.py --duration 490 --loop-s 40 --hz 5.0 --noise 0.0"
2026-09-27T16:31:24Z,14,"G1_20260927T163006Z",724131,"ros2",1.2,78920,51062,"/usr/bin/python3 /opt/ros/jazzy/bin/ros2 launch /wt/contributions/compute-benchmark/OsakaTX/scripts/lifelong_launch.py slam_params_file:=/wt/contributions/compute-benchmark/OsakaTX/scripts/lifelong_slam_params.yaml use_sim_time:=False autostart:=true"
2026-09-27T16:31:24Z,14,"G1_20260927T163006Z",724132,"ros2",1.7,83668,55438,"/usr/bin/python3 /opt/ros/jazzy/bin/ros2 launch nav2_bringup bringup_launch.py map:=/wt/contributions/compute-benchmark/OsakaTX/scripts/../results/combo2/combo2_nav2_map.yaml params_file:=/wt/contributions/compute-benchmark/OsakaTX/scripts/nav2_params_bench.yaml use_sim_time:=False autostart:=True slam:=False use_localization:=False"
2026-09-27T16:31:24Z,14,"G1_20260927T163006Z",724151,"lifelong_slam_t",43.1,69324,49118,"/opt/ros/jazzy/lib/slam_toolbox/lifelong_slam_toolbox_node --ros-args -r __node:=slam_toolbox -r __ns:=/ --params-file /wt/contributions/compute-benchmark/OsakaTX/scripts/lifelong_slam_params.yaml --params-file /tmp/launch_params_zyre_0s5"
2026-09-27T16:31:24Z,14,"G1_20260927T163006Z",724184,"component_conta",41.6,165392,145164,"/opt/ros/jazzy/lib/rclcpp_components/component_container_isolated --ros-args --log-level info --ros-args -r __node:=nav2_container --params-file /tmp/launch_params___mpikbo --params-file /tmp/launch_params_femhr4gz -r /tf:=tf -r /tf_static:=tf_static"
2026-09-27T16:31:24Z,14,"G1_20260927T163006Z",724251,"python3",7.6,83056,54063,"python3 /wt/contributions/compute-benchmark/OsakaTX/scripts/nav_goal_seq.py --x 4 --y 4 --yaw 0 --every 22.0 --pause 2.0 --cancel --repeats 0"
2026-09-27T16:31:24Z,14,"G1_20260927T163006Z",724296,"bash",0.5,4472,1337,"bash /wt/contributions/compute-benchmark/xbattlax/scripts/measure_ros_processes.sh --pattern python3|ros2|slam|nav2|component_container|nav_goal_seq --duration 380 --interval 2 --label G1_20260927T163006Z --output /wt/contributions/compute-benchmark/OsakaTX/scripts/../results/combo2/G1_20260927T163006Z.csv"
2026-09-27T16:31:26Z,15,"G1_20260927T163006Z",709168,"python3",0.2,74728,46544,"/usr/bin/python3 -c from ros2cli.daemon.daemonize import main; main() --name ros2-daemon --ros-domain-id 0 --rmw-implementation rmw_fastrtps_cpp"
2026-09-27T16:31:26Z,15,"G1_20260927T163006Z",724115,"python3",6.5,77076,48490,"python3 /wt/contributions/compute-benchmark/OsakaTX/scripts/synthetic_scan_publisher.py --duration 490 --loop-s 40 --hz 5.0 --noise 0.0"
2026-09-27T16:31:26Z,15,"G1_20260927T163006Z",724131,"ros2",1.1,78920,51062,"/usr/bin/python3 /opt/ros/jazzy/bin/ros2 launch /wt/contributions/compute-benchmark/OsakaTX/scripts/lifelong_launch.py slam_params_file:=/wt/contributions/compute-benchmark/OsakaTX/scripts/lifelong_slam_params.yaml use_sim_time:=False autostart:=true"
2026-09-27T16:31:26Z,15,"G1_20260927T163006Z",724132,"ros2",1.6,83668,55438,"/usr/bin/python3 /opt/ros/jazzy/bin/ros2 launch nav2_bringup bringup_launch.py map:=/wt/contributions/compute-benchmark/OsakaTX/scripts/../results/combo2/combo2_nav2_map.yaml params_file:=/wt/contributions/compute-benchmark/OsakaTX/scripts/nav2_params_bench.yaml use_sim_time:=False autostart:=True slam:=False use_localization:=False"
2026-09-27T16:31:26Z,15,"G1_20260927T163006Z",724151,"lifelong_slam_t",43.2,69324,49117,"/opt/ros/jazzy/lib/slam_toolbox/lifelong_slam_toolbox_node --ros-args -r __node:=slam_toolbox -r __ns:=/ --params-file /wt/contributions/compute-benchmark/OsakaTX/scripts/lifelong_slam_params.yaml --params-file /tmp/launch_params_zyre_0s5"
2026-09-27T16:31:26Z,15,"G1_20260927T163006Z",724184,"component_conta",42.0,165392,145163,"/opt/ros/jazzy/lib/rclcpp_components/component_container_isolated --ros-args --log-level info --ros-args -r __node:=nav2_container --params-file /tmp/launch_params___mpikbo --params-file /tmp/launch_params_femhr4gz -r /tf:=tf -r /tf_static:=tf_static"
2026-09-27T16:31:26Z,15,"G1_20260927T163006Z",724251,"python3",7.6,83056,54059,"python3 /wt/contributions/compute-benchmark/OsakaTX/scripts/nav_goal_seq.py --x 4 --y 4 --yaw 0 --every 22.0 --pause 2.0 --cancel --repeats 0"
2026-09-27T16:31:26Z,15,"G1_20260927T163006Z",724296,"bash",0.5,4472,1334,"bash /wt/contributions/compute-benchmark/xbattlax/scripts/measure_ros_processes.sh --pattern python3|ros2|slam|nav2|component_container|nav_goal_seq --duration 380 --interval 2 --label G1_20260927T163006Z --output /wt/contributions/compute-benchmark/OsakaTX/scripts/../results/combo2/G1_20260927T163006Z.csv"
2026-09-27T16:31:29Z,16,"G1_20260927T163006Z",709168,"python3",0.2,74728,46542,"/usr/bin/python3 -c from ros2cli.daemon.daemonize import main; main() --name ros2-daemon --ros-domain-id 0 --rmw-implementation rmw_fastrtps_cpp"
2026-09-27T16:31:29Z,16,"G1_20260927T163006Z",724115,"python3",6.4,77076,48489,"python3 /wt/contributions/compute-benchmark/OsakaTX/scripts/synthetic_scan_publisher.py --duration 490 --loop-s 40 --hz 5.0 --noise 0.0"
2026-09-27T16:31:29Z,16,"G1_20260927T163006Z",724131,"ros2",1.1,78928,51071,"/usr/bin/python3 /opt/ros/jazzy/bin/ros2 launch /wt/contributions/compute-benchmark/OsakaTX/scripts/lifelong_launch.py slam_params_file:=/wt/contributions/compute-benchmark/OsakaTX/scripts/lifelong_slam_params.yaml use_sim_time:=False autostart:=true"
2026-09-27T16:31:29Z,16,"G1_20260927T163006Z",724132,"ros2",1.6,83668,55442,"/usr/bin/python3 /opt/ros/jazzy/bin/ros2 launch nav2_bringup bringup_launch.py map:=/wt/contributions/compute-benchmark/OsakaTX/scripts/../results/combo2/combo2_nav2_map.yaml params_file:=/wt/contributions/compute-benchmark/OsakaTX/scripts/nav2_params_bench.yaml use_sim_time:=False autostart:=True slam:=False use_localization:=False"
2026-09-27T16:31:29Z,16,"G1_20260927T163006Z",724151,"lifelong_slam_t",43.3,69356,49151,"/opt/ros/jazzy/lib/slam_toolbox/lifelong_slam_toolbox_node --ros-args -r __node:=slam_toolbox -r __ns:=/ --params-file /wt/contributions/compute-benchmark/OsakaTX/scripts/lifelong_slam_params.yaml --params-file /tmp/launch_params_zyre_0s5"
2026-09-27T16:31:29Z,16,"G1_20260927T163006Z",724184,"component_conta",42.1,169292,149064,"/opt/ros/jazzy/lib/rclcpp_components/component_container_isolated --ros-args --log-level info --ros-args -r __node:=nav2_container --params-file /tmp/launch_params___mpikbo --params-file /tmp/launch_params_femhr4gz -r /tf:=tf -r /tf_static:=tf_static"
2026-09-27T16:31:29Z,16,"G1_20260927T163006Z",724251,"python3",7.5,83056,54059,"python3 /wt/contributions/compute-benchmark/OsakaTX/scripts/nav_goal_seq.py --x 4 --y 4 --yaw 0 --every 22.0 --pause 2.0 --cancel --repeats 0"
2026-09-27T16:31:29Z,16,"G1_20260927T163006Z",724296,"bash",0.5,4472,1332,"bash /wt/contributions/compute-benchmark/xbattlax/scripts/measure_ros_processes.sh --pattern python3|ros2|slam|nav2|component_container|nav_goal_seq --duration 380 --interval 2 --label G1_20260927T163006Z --output /wt/contributions/compute-benchmark/OsakaTX/scripts/../results/combo2/G1_20260927T163006Z.csv"
2026-09-27T16:31:31Z,17,"G1_20260927T163006Z",709168,"python3",0.2,74728,46544,"/usr/bin/python3 -c from ros2cli.daemon.daemonize import main; main() --name ros2-daemon --ros-domain-id 0 --rmw-implementation rmw_fastrtps_cpp"
2026-09-27T16:31:31Z,17,"G1_20260927T163006Z",724115,"python3",6.3,77076,48490,"python3 /wt/contributions/compute-benchmark/OsakaTX/scripts/synthetic_scan_publisher.py --duration 490 --loop-s 40 --hz 5.0 --noise 0.0"
2026-09-27T16:31:31Z,17,"G1_20260927T163006Z",724131,"ros2",1.1,78932,51072,"/usr/bin/python3 /opt/ros/jazzy/bin/ros2 launch /wt/contributions/compute-benchmark/OsakaTX/scripts/lifelong_launch.py slam_params_file:=/wt/contributions/compute-benchmark/OsakaTX/scripts/lifelong_slam_params.yaml use_sim_time:=False autostart:=true"
2026-09-27T16:31:31Z,17,"G1_20260927T163006Z",724132,"ros2",1.6,83668,55444,"/usr/bin/python3 /opt/ros/jazzy/bin/ros2 launch nav2_bringup bringup_launch.py map:=/wt/contributions/compute-benchmark/OsakaTX/scripts/../results/combo2/combo2_nav2_map.yaml params_file:=/wt/contributions/compute-benchmark/OsakaTX/scripts/nav2_params_bench.yaml use_sim_time:=False autostart:=True slam:=False use_localization:=False"
2026-09-27T16:31:31Z,17,"G1_20260927T163006Z",724151,"lifelong_slam_t",42.9,69356,49149,"/opt/ros/jazzy/lib/slam_toolbox/lifelong_slam_toolbox_node --ros-args -r __node:=slam_toolbox -r __ns:=/ --params-file /wt/contributions/compute-benchmark/OsakaTX/scripts/lifelong_slam_params.yaml --params-file /tmp/launch_params_zyre_0s5"
2026-09-27T16:31:31Z,17,"G1_20260927T163006Z",724184,"component_conta",42.3,167544,147316,"/opt/ros/jazzy/lib/rclcpp_components/component_container_isolated --ros-args --log-level info --ros-args -r __node:=nav2_container --params-file /tmp/launch_params___mpikbo --params-file /tmp/launch_params_femhr4gz -r /tf:=tf -r /tf_static:=tf_static"
2026-09-27T16:31:31Z,17,"G1_20260927T163006Z",724251,"python3",7.5,83056,54063,"python3 /wt/contributions/compute-benchmark/OsakaTX/scripts/nav_goal_seq.py --x 4 --y 4 --yaw 0 --every 22.0 --pause 2.0 --cancel --repeats 0"
2026-09-27T16:31:31Z,17,"G1_20260927T163006Z",724296,"bash",0.5,4472,1338,"bash /wt/contributions/compute-benchmark/xbattlax/scripts/measure_ros_processes.sh --pattern python3|ros2|slam|nav2|component_container|nav_goal_seq --duration 380 --interval 2 --label G1_20260927T163006Z --output /wt/contributions/compute-benchmark/OsakaTX/scripts/../results/combo2/G1_20260927T163006Z.csv"
2026-09-27T16:31:33Z,18,"G1_20260927T163006Z",709168,"python3",0.2,74728,46545,"/usr/bin/python3 -c from ros2cli.daemon.daemonize import main; main() --name ros2-daemon --ros-domain-id 0 --rmw-implementation rmw_fastrtps_cpp"
2026-09-27T16:31:33Z,18,"G1_20260927T163006Z",724115,"python3",6.3,77076,48489,"python3 /wt/contributions/compute-benchmark/OsakaTX/scripts/synthetic_scan_publisher.py --duration 490 --loop-s 40 --hz 5.0 --noise 0.0"
2026-09-27T16:31:33Z,18,"G1_20260927T163006Z",724131,"ros2",1.1,78948,51091,"/usr/bin/python3 /opt/ros/jazzy/bin/ros2 launch /wt/contributions/compute-benchmark/OsakaTX/scripts/lifelong_launch.py slam_params_file:=/wt/contributions/compute-benchmark/OsakaTX/scripts/lifelong_slam_params.yaml use_sim_time:=False autostart:=true"
2026-09-27T16:31:33Z,18,"G1_20260927T163006Z",724132,"ros2",1.5,83668,55443,"/usr/bin/python3 /opt/ros/jazzy/bin/ros2 launch nav2_bringup bringup_launch.py map:=/wt/contributions/compute-benchmark/OsakaTX/scripts/../results/combo2/combo2_nav2_map.yaml params_file:=/wt/contributions/compute-benchmark/OsakaTX/scripts/nav2_params_bench.yaml use_sim_time:=False autostart:=True slam:=False use_localization:=False"
2026-09-27T16:31:33Z,18,"G1_20260927T163006Z",724151,"lifelong_slam_t",43.1,69488,49283,"/opt/ros/jazzy/lib/slam_toolbox/lifelong_slam_toolbox_node --ros-args -r __node:=slam_toolbox -r __ns:=/ --params-file /wt/contributions/compute-benchmark/OsakaTX/scripts/lifelong_slam_params.yaml --params-file /tmp/launch_params_zyre_0s5"
2026-09-27T16:31:33Z,18,"G1_20260927T163006Z",724184,"component_conta",42.7,167548,147319,"/opt/ros/jazzy/lib/rclcpp_components/component_container_isolated --ros-args --log-level info --ros-args -r __node:=nav2_container --params-file /tmp/launch_params___mpikbo --params-file /tmp/launch_params_femhr4gz -r /tf:=tf -r /tf_static:=tf_static"
2026-09-27T16:31:33Z,18,"G1_20260927T163006Z",724251,"python3",7.5,83056,54063,"python3 /wt/contributions/compute-benchmark/OsakaTX/scripts/nav_goal_seq.py --x 4 --y 4 --yaw 0 --every 22.0 --pause 2.0 --cancel --repeats 0"
2026-09-27T16:31:33Z,18,"G1_20260927T163006Z",724296,"bash",0.5,4472,1338,"bash /wt/contributions/compute-benchmark/xbattlax/scripts/measure_ros_processes.sh --pattern python3|ros2|slam|nav2|component_container|nav_goal_seq --duration 380 --interval 2 --label G1_20260927T163006Z --output /wt/contributions/compute-benchmark/OsakaTX/scripts/../results/combo2/G1_20260927T163006Z.csv"
2026-09-27T16:31:36Z,19,"G1_20260927T163006Z",709168,"python3",0.2,74728,46542,"/usr/bin/python3 -c from ros2cli.daemon.daemonize import main; main() --name ros2-daemon --ros-domain-id 0 --rmw-implementation rmw_fastrtps_cpp"
2026-09-27T16:31:36Z,19,"G1_20260927T163006Z",724115,"python3",6.3,77076,48489,"python3 /wt/contributions/compute-benchmark/OsakaTX/scripts/synthetic_scan_publisher.py --duration 490 --loop-s 40 --hz 5.0 --noise 0.0"
2026-09-27T16:31:36Z,19,"G1_20260927T163006Z",724131,"ros2",1.1,78948,51091,"/usr/bin/python3 /opt/ros/jazzy/bin/ros2 launch /wt/contributions/compute-benchmark/OsakaTX/scripts/lifelong_launch.py slam_params_file:=/wt/contributions/compute-benchmark/OsakaTX/scripts/lifelong_slam_params.yaml use_sim_time:=False autostart:=true"
2026-09-27T16:31:36Z,19,"G1_20260927T163006Z",724132,"ros2",1.5,83668,55442,"/usr/bin/python3 /opt/ros/jazzy/bin/ros2 launch nav2_bringup bringup_launch.py map:=/wt/contributions/compute-benchmark/OsakaTX/scripts/../results/combo2/combo2_nav2_map.yaml params_file:=/wt/contributions/compute-benchmark/OsakaTX/scripts/nav2_params_bench.yaml use_sim_time:=False autostart:=True slam:=False use_localization:=False"
2026-09-27T16:31:36Z,19,"G1_20260927T163006Z",724151,"lifelong_slam_t",43.1,69592,49386,"/opt/ros/jazzy/lib/slam_toolbox/lifelong_slam_toolbox_node --ros-args -r __node:=slam_toolbox -r __ns:=/ --params-file /wt/contributions/compute-benchmark/OsakaTX/scripts/lifelong_slam_params.yaml --params-file /tmp/launch_params_zyre_0s5"
2026-09-27T16:31:36Z,19,"G1_20260927T163006Z",724184,"component_conta",42.4,168828,148601,"/opt/ros/jazzy/lib/rclcpp_components/component_container_isolated --ros-args --log-level info --ros-args -r __node:=nav2_container --params-file /tmp/launch_params___mpikbo --params-file /tmp/launch_params_femhr4gz -r /tf:=tf -r /tf_static:=tf_static"
2026-09-27T16:31:36Z,19,"G1_20260927T163006Z",724251,"python3",7.2,83056,54063,"python3 /wt/contributions/compute-benchmark/OsakaTX/scripts/nav_goal_seq.py --x 4 --y 4 --yaw 0 --every 22.0 --pause 2.0 --cancel --repeats 0"
2026-09-27T16:31:36Z,19,"G1_20260927T163006Z",724296,"bash",0.5,4472,1335,"bash /wt/contributions/compute-benchmark/xbattlax/scripts/measure_ros_processes.sh --pattern python3|ros2|slam|nav2|component_container|nav_goal_seq --duration 380 --interval 2 --label G1_20260927T163006Z --output /wt/contributions/compute-benchmark/OsakaTX/scripts/../results/combo2/G1_20260927T163006Z.csv"
2026-09-27T16:31:38Z,20,"G1_20260927T163006Z",709168,"python3",0.2,74728,46545,"/usr/bin/python3 -c from ros2cli.daemon.daemonize import main; main() --name ros2-daemon --ros-domain-id 0 --rmw-implementation rmw_fastrtps_cpp"
2026-09-27T16:31:38Z,20,"G1_20260927T163006Z",724115,"python3",6.3,77076,48491,"python3 /wt/contributions/compute-benchmark/OsakaTX/scripts/synthetic_scan_publisher.py --duration 490 --loop-s 40 --hz 5.0 --noise 0.0"
2026-09-27T16:31:38Z,20,"G1_20260927T163006Z",724131,"ros2",1.1,78960,51102,"/usr/bin/python3 /opt/ros/jazzy/bin/ros2 launch /wt/contributions/compute-benchmark/OsakaTX/scripts/lifelong_launch.py slam_params_file:=/wt/contributions/compute-benchmark/OsakaTX/scripts/lifelong_slam_params.yaml use_sim_time:=False autostart:=true"
2026-09-27T16:31:38Z,20,"G1_20260927T163006Z",724132,"ros2",1.4,83668,55442,"/usr/bin/python3 /opt/ros/jazzy/bin/ros2 launch nav2_bringup bringup_launch.py map:=/wt/contributions/compute-benchmark/OsakaTX/scripts/../results/combo2/combo2_nav2_map.yaml params_file:=/wt/contributions/compute-benchmark/OsakaTX/scripts/nav2_params_bench.yaml use_sim_time:=False autostart:=True slam:=False use_localization:=False"
2026-09-27T16:31:38Z,20,"G1_20260927T163006Z",724151,"lifelong_slam_t",43.5,69608,49404,"/opt/ros/jazzy/lib/slam_toolbox/lifelong_slam_toolbox_node --ros-args -r __node:=slam_toolbox -r __ns:=/ --params-file /wt/contributions/compute-benchmark/OsakaTX/scripts/lifelong_slam_params.yaml --params-file /tmp/launch_params_zyre_0s5"
2026-09-27T16:31:38Z,20,"G1_20260927T163006Z",724184,"component_conta",42.6,169600,149372,"/opt/ros/jazzy/lib/rclcpp_components/component_container_isolated --ros-args --log-level info --ros-args -r __node:=nav2_container --params-file /tmp/launch_params___mpikbo --params-file /tmp/launch_params_femhr4gz -r /tf:=tf -r /tf_static:=tf_static"
2026-09-27T16:31:38Z,20,"G1_20260927T163006Z",724251,"python3",7.2,83056,54063,"python3 /wt/contributions/compute-benchmark/OsakaTX/scripts/nav_goal_seq.py --x 4 --y 4 --yaw 0 --every 22.0 --pause 2.0 --cancel --repeats 0"
2026-09-27T16:31:38Z,20,"G1_20260927T163006Z",724296,"bash",0.5,4472,1334,"bash /wt/contributions/compute-benchmark/xbattlax/scripts/measure_ros_processes.sh --pattern python3|ros2|slam|nav2|component_container|nav_goal_seq --duration 380 --interval 2 --label G1_20260927T163006Z --output /wt/contributions/compute-benchmark/OsakaTX/scripts/../results/combo2/G1_20260927T163006Z.csv"
2026-09-27T16:31:41Z,21,"G1_20260927T163006Z",709168,"python3",0.2,74728,46545,"/usr/bin/python3 -c from ros2cli.daemon.daemonize import main; main() --name ros2-daemon --ros-domain-id 0 --rmw-implementation rmw_fastrtps_cpp"
2026-09-27T16:31:41Z,21,"G1_20260927T163006Z",724115,"python3",6.2,77076,48490,"python3 /wt/contributions/compute-benchmark/OsakaTX/scripts/synthetic_scan_publisher.py --duration 490 --loop-s 40 --hz 5.0 --noise 0.0"
2026-09-27T16:31:41Z,21,"G1_20260927T163006Z",724131,"ros2",1.1,78972,51115,"/usr/bin/python3 /opt/ros/jazzy/bin/ros2 launch /wt/contributions/compute-benchmark/OsakaTX/scripts/lifelong_launch.py slam_params_file:=/wt/contributions/compute-benchmark/OsakaTX/scripts/lifelong_slam_params.yaml use_sim_time:=False autostart:=true"
2026-09-27T16:31:41Z,21,"G1_20260927T163006Z",724132,"ros2",1.4,83668,55445,"/usr/bin/python3 /opt/ros/jazzy/bin/ros2 launch nav2_bringup bringup_launch.py map:=/wt/contributions/compute-benchmark/OsakaTX/scripts/../results/combo2/combo2_nav2_map.yaml params_file:=/wt/contributions/compute-benchmark/OsakaTX/scripts/nav2_params_bench.yaml use_sim_time:=False autostart:=True slam:=False use_localization:=False"
2026-09-27T16:31:41Z,21,"G1_20260927T163006Z",724151,"lifelong_slam_t",43.7,69660,49456,"/opt/ros/jazzy/lib/slam_toolbox/lifelong_slam_toolbox_node --ros-args -r __node:=slam_toolbox -r __ns:=/ --params-file /wt/contributions/compute-benchmark/OsakaTX/scripts/lifelong_slam_params.yaml --params-file /tmp/launch_params_zyre_0s5"
2026-09-27T16:31:41Z,21,"G1_20260927T163006Z",724184,"component_conta",42.7,169600,149372,"/opt/ros/jazzy/lib/rclcpp_components/component_container_isolated --ros-args --log-level info --ros-args -r __node:=nav2_container --params-file /tmp/launch_params___mpikbo --params-file /tmp/launch_params_femhr4gz -r /tf:=tf -r /tf_static:=tf_static"
2026-09-27T16:31:41Z,21,"G1_20260927T163006Z",724251,"python3",7.2,83060,54067,"python3 /wt/contributions/compute-benchmark/OsakaTX/scripts/nav_goal_seq.py --x 4 --y 4 --yaw 0 --every 22.0 --pause 2.0 --cancel --repeats 0"
2026-09-27T16:31:41Z,21,"G1_20260927T163006Z",724296,"bash",0.5,4472,1333,"bash /wt/contributions/compute-benchmark/xbattlax/scripts/measure_ros_processes.sh --pattern python3|ros2|slam|nav2|component_container|nav_goal_seq --duration 380 --interval 2 --label G1_20260927T163006Z --output /wt/contributions/compute-benchmark/OsakaTX/scripts/../results/combo2/G1_20260927T163006Z.csv"
2026-09-27T16:31:43Z,22,"G1_20260927T163006Z",709168,"python3",0.2,74728,46544,"/usr/bin/python3 -c from ros2cli.daemon.daemonize import main; main() --name ros2-daemon --ros-domain-id 0 --rmw-implementation rmw_fastrtps_cpp"
2026-09-27T16:31:43Z,22,"G1_20260927T163006Z",724115,"python3",6.2,77076,48490,"python3 /wt/contributions/compute-benchmark/OsakaTX/scripts/synthetic_scan_publisher.py --duration 490 --loop-s 40 --hz 5.0 --noise 0.0"
2026-09-27T16:31:43Z,22,"G1_20260927T163006Z",724131,"ros2",1.0,78976,51119,"/usr/bin/python3 /opt/ros/jazzy/bin/ros2 launch /wt/contributions/compute-benchmark/OsakaTX/scripts/lifelong_launch.py slam_params_file:=/wt/contributions/compute-benchmark/OsakaTX/scripts/lifelong_slam_params.yaml use_sim_time:=False autostart:=true"
2026-09-27T16:31:43Z,22,"G1_20260927T163006Z",724132,"ros2",1.4,83668,55444,"/usr/bin/python3 /opt/ros/jazzy/bin/ros2 launch nav2_bringup bringup_launch.py map:=/wt/contributions/compute-benchmark/OsakaTX/scripts/../results/combo2/combo2_nav2_map.yaml params_file:=/wt/contributions/compute-benchmark/OsakaTX/scripts/nav2_params_bench.yaml use_sim_time:=False autostart:=True slam:=False use_localization:=False"
2026-09-27T16:31:43Z,22,"G1_20260927T163006Z",724151,"lifelong_slam_t",43.7,69720,49517,"/opt/ros/jazzy/lib/slam_toolbox/lifelong_slam_toolbox_node --ros-args -r __node:=slam_toolbox -r __ns:=/ --params-file /wt/contributions/compute-benchmark/OsakaTX/scripts/lifelong_slam_params.yaml --params-file /tmp/launch_params_zyre_0s5"
2026-09-27T16:31:43Z,22,"G1_20260927T163006Z",724184,"component_conta",43.0,169600,149372,"/opt/ros/jazzy/lib/rclcpp_components/component_container_isolated --ros-args --log-level info --ros-args -r __node:=nav2_container --params-file /tmp/launch_params___mpikbo --params-file /tmp/launch_params_femhr4gz -r /tf:=tf -r /tf_static:=tf_static"
2026-09-27T16:31:43Z,22,"G1_20260927T163006Z",724251,"python3",7.2,83060,54067,"python3 /wt/contributions/compute-benchmark/OsakaTX/scripts/nav_goal_seq.py --x 4 --y 4 --yaw 0 --every 22.0 --pause 2.0 --cancel --repeats 0"
2026-09-27T16:31:43Z,22,"G1_20260927T163006Z",724296,"bash",0.5,4472,1332,"bash /wt/contributions/compute-benchmark/xbattlax/scripts/measure_ros_processes.sh --pattern python3|ros2|slam|nav2|component_container|nav_goal_seq --duration 380 --interval 2 --label G1_20260927T163006Z --output /wt/contributions/compute-benchmark/OsakaTX/scripts/../results/combo2/G1_20260927T163006Z.csv"
2026-09-27T16:31:46Z,23,"G1_20260927T163006Z",709168,"python3",0.2,74728,46544,"/usr/bin/python3 -c from ros2cli.daemon.daemonize import main; main() --name ros2-daemon --ros-domain-id 0 --rmw-implementation rmw_fastrtps_cpp"
2026-09-27T16:31:46Z,23,"G1_20260927T163006Z",724115,"python3",6.2,77076,48482,"python3 /wt/contributions/compute-benchmark/OsakaTX/scripts/synthetic_scan_publisher.py --duration 490 --loop-s 40 --hz 5.0 --noise 0.0"
2026-09-27T16:31:46Z,23,"G1_20260927T163006Z",724131,"ros2",1.0,78976,51117,"/usr/bin/python3 /opt/ros/jazzy/bin/ros2 launch /wt/contributions/compute-benchmark/OsakaTX/scripts/lifelong_launch.py slam_params_file:=/wt/contributions/compute-benchmark/OsakaTX/scripts/lifelong_slam_params.yaml use_sim_time:=False autostart:=true"
2026-09-27T16:31:46Z,23,"G1_20260927T163006Z",724132,"ros2",1.3,83668,55442,"/usr/bin/python3 /opt/ros/jazzy/bin/ros2 launch nav2_bringup bringup_launch.py map:=/wt/contributions/compute-benchmark/OsakaTX/scripts/../results/combo2/combo2_nav2_map.yaml params_file:=/wt/contributions/compute-benchmark/OsakaTX/scripts/nav2_params_bench.yaml use_sim_time:=False autostart:=True slam:=False use_localization:=False"
2026-09-27T16:31:46Z,23,"G1_20260927T163006Z",724151,"lifelong_slam_t",43.9,69720,49517,"/opt/ros/jazzy/lib/slam_toolbox/lifelong_slam_toolbox_node --ros-args -r __node:=slam_toolbox -r __ns:=/ --params-file /wt/contributions/compute-benchmark/OsakaTX/scripts/lifelong_slam_params.yaml --params-file /tmp/launch_params_zyre_0s5"
2026-09-27T16:31:46Z,23,"G1_20260927T163006Z",724184,"component_conta",43.2,169604,149376,"/opt/ros/jazzy/lib/rclcpp_components/component_container_isolated --ros-args --log-level info --ros-args -r __node:=nav2_container --params-file /tmp/launch_params___mpikbo --params-file /tmp/launch_params_femhr4gz -r /tf:=tf -r /tf_static:=tf_static"
2026-09-27T16:31:46Z,23,"G1_20260927T163006Z",724251,"python3",7.2,83060,54067,"python3 /wt/contributions/compute-benchmark/OsakaTX/scripts/nav_goal_seq.py --x 4 --y 4 --yaw 0 --every 22.0 --pause 2.0 --cancel --repeats 0"
2026-09-27T16:31:46Z,23,"G1_20260927T163006Z",724296,"bash",0.5,4472,1331,"bash /wt/contributions/compute-benchmark/xbattlax/scripts/measure_ros_processes.sh --pattern python3|ros2|slam|nav2|component_container|nav_goal_seq --duration 380 --interval 2 --label G1_20260927T163006Z --output /wt/contributions/compute-benchmark/OsakaTX/scripts/../results/combo2/G1_20260927T163006Z.csv"
2026-09-27T16:31:48Z,24,"G1_20260927T163006Z",709168,"python3",0.2,74728,46545,"/usr/bin/python3 -c from ros2cli.daemon.daemonize import main; main() --name ros2-daemon --ros-domain-id 0 --rmw-implementation rmw_fastrtps_cpp"
2026-09-27T16:31:48Z,24,"G1_20260927T163006Z",724115,"python3",6.1,77076,48491,"python3 /wt/contributions/compute-benchmark/OsakaTX/scripts/synthetic_scan_publisher.py --duration 490 --loop-s 40 --hz 5.0 --noise 0.0"
2026-09-27T16:31:48Z,24,"G1_20260927T163006Z",724131,"ros2",1.0,78976,51117,"/usr/bin/python3 /opt/ros/jazzy/bin/ros2 launch /wt/contributions/compute-benchmark/OsakaTX/scripts/lifelong_launch.py slam_params_file:=/wt/contributions/compute-benchmark/OsakaTX/scripts/lifelong_slam_params.yaml use_sim_time:=False autostart:=true"
2026-09-27T16:31:48Z,24,"G1_20260927T163006Z",724132,"ros2",1.3,83668,55440,"/usr/bin/python3 /opt/ros/jazzy/bin/ros2 launch nav2_bringup bringup_launch.py map:=/wt/contributions/compute-benchmark/OsakaTX/scripts/../results/combo2/combo2_nav2_map.yaml params_file:=/wt/contributions/compute-benchmark/OsakaTX/scripts/nav2_params_bench.yaml use_sim_time:=False autostart:=True slam:=False use_localization:=False"
2026-09-27T16:31:48Z,24,"G1_20260927T163006Z",724151,"lifelong_slam_t",43.8,69720,49516,"/opt/ros/jazzy/lib/slam_toolbox/lifelong_slam_toolbox_node --ros-args -r __node:=slam_toolbox -r __ns:=/ --params-file /wt/contributions/compute-benchmark/OsakaTX/scripts/lifelong_slam_params.yaml --params-file /tmp/launch_params_zyre_0s5"
2026-09-27T16:31:48Z,24,"G1_20260927T163006Z",724184,"component_conta",43.5,169608,149381,"/opt/ros/jazzy/lib/rclcpp_components/component_container_isolated --ros-args --log-level info --ros-args -r __node:=nav2_container --params-file /tmp/launch_params___mpikbo --params-file /tmp/launch_params_femhr4gz -r /tf:=tf -r /tf_static:=tf_static"
2026-09-27T16:31:48Z,24,"G1_20260927T163006Z",724251,"python3",7.2,83060,54067,"python3 /wt/contributions/compute-benchmark/OsakaTX/scripts/nav_goal_seq.py --x 4 --y 4 --yaw 0 --every 22.0 --pause 2.0 --cancel --repeats 0"
2026-09-27T16:31:48Z,24,"G1_20260927T163006Z",724296,"bash",0.5,4472,1329,"bash /wt/contributions/compute-benchmark/xbattlax/scripts/measure_ros_processes.sh --pattern python3|ros2|slam|nav2|component_container|nav_goal_seq --duration 380 --interval 2 --label G1_20260927T163006Z --output /wt/contributions/compute-benchmark/OsakaTX/scripts/../results/combo2/G1_20260927T163006Z.csv"
2026-09-27T16:31:51Z,25,"G1_20260927T163006Z",709168,"python3",0.2,74728,46545,"/usr/bin/python3 -c from ros2cli.daemon.daemonize import main; main() --name ros2-daemon --ros-domain-id 0 --rmw-implementation rmw_fastrtps_cpp"
2026-09-27T16:31:51Z,25,"G1_20260927T163006Z",724115,"python3",6.1,77076,48489,"python3 /wt/contributions/compute-benchmark/OsakaTX/scripts/synthetic_scan_publisher.py --duration 490 --loop-s 40 --hz 5.0 --noise 0.0"
2026-09-27T16:31:51Z,25,"G1_20260927T163006Z",724131,"ros2",1.0,78976,51119,"/usr/bin/python3 /opt/ros/jazzy/bin/ros2 launch /wt/contributions/compute-benchmark/OsakaTX/scripts/lifelong_launch.py slam_params_file:=/wt/contributions/compute-benchmark/OsakaTX/scripts/lifelong_slam_params.yaml use_sim_time:=False autostart:=true"
2026-09-27T16:31:51Z,25,"G1_20260927T163006Z",724132,"ros2",1.3,83668,55442,"/usr/bin/python3 /opt/ros/jazzy/bin/ros2 launch nav2_bringup bringup_launch.py map:=/wt/contributions/compute-benchmark/OsakaTX/scripts/../results/combo2/combo2_nav2_map.yaml params_file:=/wt/contributions/compute-benchmark/OsakaTX/scripts/nav2_params_bench.yaml use_sim_time:=False autostart:=True slam:=False use_localization:=False"
2026-09-27T16:31:51Z,25,"G1_20260927T163006Z",724151,"lifelong_slam_t",43.6,69720,49516,"/opt/ros/jazzy/lib/slam_toolbox/lifelong_slam_toolbox_node --ros-args -r __node:=slam_toolbox -r __ns:=/ --params-file /wt/contributions/compute-benchmark/OsakaTX/scripts/lifelong_slam_params.yaml --params-file /tmp/launch_params_zyre_0s5"
2026-09-27T16:31:51Z,25,"G1_20260927T163006Z",724184,"component_conta",43.7,169612,149385,"/opt/ros/jazzy/lib/rclcpp_components/component_container_isolated --ros-args --log-level info --ros-args -r __node:=nav2_container --params-file /tmp/launch_params___mpikbo --params-file /tmp/launch_params_femhr4gz -r /tf:=tf -r /tf_static:=tf_static"
2026-09-27T16:31:51Z,25,"G1_20260927T163006Z",724251,"python3",7.1,83060,54067,"python3 /wt/contributions/compute-benchmark/OsakaTX/scripts/nav_goal_seq.py --x 4 --y 4 --yaw 0 --every 22.0 --pause 2.0 --cancel --repeats 0"
2026-09-27T16:31:51Z,25,"G1_20260927T163006Z",724296,"bash",0.5,4472,1333,"bash /wt/contributions/compute-benchmark/xbattlax/scripts/measure_ros_processes.sh --pattern python3|ros2|slam|nav2|component_container|nav_goal_seq --duration 380 --interval 2 --label G1_20260927T163006Z --output /wt/contributions/compute-benchmark/OsakaTX/scripts/../results/combo2/G1_20260927T163006Z.csv"
2026-09-27T16:31:53Z,26,"G1_20260927T163006Z",709168,"python3",0.2,74728,46542,"/usr/bin/python3 -c from ros2cli.daemon.daemonize import main; main() --name ros2-daemon --ros-domain-id 0 --rmw-implementation rmw_fastrtps_cpp"
2026-09-27T16:31:53Z,26,"G1_20260927T163006Z",724115,"python3",6.1,77076,48490,"python3 /wt/contributions/compute-benchmark/OsakaTX/scripts/synthetic_scan_publisher.py --duration 490 --loop-s 40 --hz 5.0 --noise 0.0"
2026-09-27T16:31:53Z,26,"G1_20260927T163006Z",724131,"ros2",1.0,78984,51127,"/usr/bin/python3 /opt/ros/jazzy/bin/ros2 launch /wt/contributions/compute-benchmark/OsakaTX/scripts/lifelong_launch.py slam_params_file:=/wt/contributions/compute-benchmark/OsakaTX/scripts/lifelong_slam_params.yaml use_sim_time:=False autostart:=true"
2026-09-27T16:31:53Z,26,"G1_20260927T163006Z",724132,"ros2",1.3,83668,55440,"/usr/bin/python3 /opt/ros/jazzy/bin/ros2 launch nav2_bringup bringup_launch.py map:=/wt/contributions/compute-benchmark/OsakaTX/scripts/../results/combo2/combo2_nav2_map.yaml params_file:=/wt/contributions/compute-benchmark/OsakaTX/scripts/nav2_params_bench.yaml use_sim_time:=False autostart:=True slam:=False use_localization:=False"
2026-09-27T16:31:53Z,26,"G1_20260927T163006Z",724151,"lifelong_slam_t",43.9,69720,49515,"/opt/ros/jazzy/lib/slam_toolbox/lifelong_slam_toolbox_node --ros-args -r __node:=slam_toolbox -r __ns:=/ --params-file /wt/contributions/compute-benchmark/OsakaTX/scripts/lifelong_slam_params.yaml --params-file /tmp/launch_params_zyre_0s5"
2026-09-27T16:31:53Z,26,"G1_20260927T163006Z",724184,"component_conta",44.0,169612,149383,"/opt/ros/jazzy/lib/rclcpp_components/component_container_isolated --ros-args --log-level info --ros-args -r __node:=nav2_container --params-file /tmp/launch_params___mpikbo --params-file /tmp/launch_params_femhr4gz -r /tf:=tf -r /tf_static:=tf_static"
2026-09-27T16:31:53Z,26,"G1_20260927T163006Z",724251,"python3",7.2,83060,54063,"python3 /wt/contributions/compute-benchmark/OsakaTX/scripts/nav_goal_seq.py --x 4 --y 4 --yaw 0 --every 22.0 --pause 2.0 --cancel --repeats 0"
2026-09-27T16:31:53Z,26,"G1_20260927T163006Z",724296,"bash",0.5,4472,1332,"bash /wt/contributions/compute-benchmark/xbattlax/scripts/measure_ros_processes.sh --pattern python3|ros2|slam|nav2|component_container|nav_goal_seq --duration 380 --interval 2 --label G1_20260927T163006Z --output /wt/contributions/compute-benchmark/OsakaTX/scripts/../results/combo2/G1_20260927T163006Z.csv"
2026-09-27T16:31:56Z,27,"G1_20260927T163006Z",709168,"python3",0.2,74728,46544,"/usr/bin/python3 -c from ros2cli.daemon.daemonize import main; main() --name ros2-daemon --ros-domain-id 0 --rmw-implementation rmw_fastrtps_cpp"
2026-09-27T16:31:56Z,27,"G1_20260927T163006Z",724115,"python3",6.1,77076,48489,"python3 /wt/contributions/compute-benchmark/OsakaTX/scripts/synthetic_scan_publisher.py --duration 490 --loop-s 40 --hz 5.0 --noise 0.0"
2026-09-27T16:31:56Z,27,"G1_20260927T163006Z",724131,"ros2",1.0,78984,51127,"/usr/bin/python3 /opt/ros/jazzy/bin/ros2 launch /wt/contributions/compute-benchmark/OsakaTX/scripts/lifelong_launch.py slam_params_file:=/wt/contributions/compute-benchmark/OsakaTX/scripts/lifelong_slam_params.yaml use_sim_time:=False autostart:=true"
2026-09-27T16:31:56Z,27,"G1_20260927T163006Z",724132,"ros2",1.2,83668,55440,"/usr/bin/python3 /opt/ros/jazzy/bin/ros2 launch nav2_bringup bringup_launch.py map:=/wt/contributions/compute-benchmark/OsakaTX/scripts/../results/combo2/combo2_nav2_map.yaml params_file:=/wt/contributions/compute-benchmark/OsakaTX/scripts/nav2_params_bench.yaml use_sim_time:=False autostart:=True slam:=False use_localization:=False"
2026-09-27T16:31:56Z,27,"G1_20260927T163006Z",724151,"lifelong_slam_t",43.7,69720,49517,"/opt/ros/jazzy/lib/slam_toolbox/lifelong_slam_toolbox_node --ros-args -r __node:=slam_toolbox -r __ns:=/ --params-file /wt/contributions/compute-benchmark/OsakaTX/scripts/lifelong_slam_params.yaml --params-file /tmp/launch_params_zyre_0s5"
2026-09-27T16:31:56Z,27,"G1_20260927T163006Z",724184,"component_conta",44.2,169612,149384,"/opt/ros/jazzy/lib/rclcpp_components/component_container_isolated --ros-args --log-level info --ros-args -r __node:=nav2_container --params-file /tmp/launch_params___mpikbo --params-file /tmp/launch_params_femhr4gz -r /tf:=tf -r /tf_static:=tf_static"
2026-09-27T16:31:56Z,27,"G1_20260927T163006Z",724251,"python3",7.2,83060,54067,"python3 /wt/contributions/compute-benchmark/OsakaTX/scripts/nav_goal_seq.py --x 4 --y 4 --yaw 0 --every 22.0 --pause 2.0 --cancel --repeats 0"
2026-09-27T16:31:56Z,27,"G1_20260927T163006Z",724296,"bash",0.5,4476,1332,"bash /wt/contributions/compute-benchmark/xbattlax/scripts/measure_ros_processes.sh --pattern python3|ros2|slam|nav2|component_container|nav_goal_seq --duration 380 --interval 2 --label G1_20260927T163006Z --output /wt/contributions/compute-benchmark/OsakaTX/scripts/../results/combo2/G1_20260927T163006Z.csv"
2026-09-27T16:31:58Z,28,"G1_20260927T163006Z",709168,"python3",0.2,74728,46542,"/usr/bin/python3 -c from ros2cli.daemon.daemonize import main; main() --name ros2-daemon --ros-domain-id 0 --rmw-implementation rmw_fastrtps_cpp"
2026-09-27T16:31:58Z,28,"G1_20260927T163006Z",724115,"python3",6.1,77076,48489,"python3 /wt/contributions/compute-benchmark/OsakaTX/scripts/synthetic_scan_publisher.py --duration 490 --loop-s 40 --hz 5.0 --noise 0.0"
2026-09-27T16:31:58Z,28,"G1_20260927T163006Z",724131,"ros2",1.0,78988,51128,"/usr/bin/python3 /opt/ros/jazzy/bin/ros2 launch /wt/contributions/compute-benchmark/OsakaTX/scripts/lifelong_launch.py slam_params_file:=/wt/contributions/compute-benchmark/OsakaTX/scripts/lifelong_slam_params.yaml use_sim_time:=False autostart:=true"
2026-09-27T16:31:58Z,28,"G1_20260927T163006Z",724132,"ros2",1.2,83668,55445,"/usr/bin/python3 /opt/ros/jazzy/bin/ros2 launch nav2_bringup bringup_launch.py map:=/wt/contributions/compute-benchmark/OsakaTX/scripts/../results/combo2/combo2_nav2_map.yaml params_file:=/wt/contributions/compute-benchmark/OsakaTX/scripts/nav2_params_bench.yaml use_sim_time:=False autostart:=True slam:=False use_localization:=False"
2026-09-27T16:31:58Z,28,"G1_20260927T163006Z",724151,"lifelong_slam_t",43.6,69720,49514,"/opt/ros/jazzy/lib/slam_toolbox/lifelong_slam_toolbox_node --ros-args -r __node:=slam_toolbox -r __ns:=/ --params-file /wt/contributions/compute-benchmark/OsakaTX/scripts/lifelong_slam_params.yaml --params-file /tmp/launch_params_zyre_0s5"
2026-09-27T16:31:58Z,28,"G1_20260927T163006Z",724184,"component_conta",44.4,165652,145425,"/opt/ros/jazzy/lib/rclcpp_components/component_container_isolated --ros-args --log-level info --ros-args -r __node:=nav2_container --params-file /tmp/launch_params___mpikbo --params-file /tmp/launch_params_femhr4gz -r /tf:=tf -r /tf_static:=tf_static"
2026-09-27T16:31:58Z,28,"G1_20260927T163006Z",724251,"python3",7.1,83060,54067,"python3 /wt/contributions/compute-benchmark/OsakaTX/scripts/nav_goal_seq.py --x 4 --y 4 --yaw 0 --every 22.0 --pause 2.0 --cancel --repeats 0"
2026-09-27T16:31:58Z,28,"G1_20260927T163006Z",724296,"bash",0.5,4476,1336,"bash /wt/contributions/compute-benchmark/xbattlax/scripts/measure_ros_processes.sh --pattern python3|ros2|slam|nav2|component_container|nav_goal_seq --duration 380 --interval 2 --label G1_20260927T163006Z --output /wt/contributions/compute-benchmark/OsakaTX/scripts/../results/combo2/G1_20260927T163006Z.csv"
2026-09-27T16:32:01Z,29,"G1_20260927T163006Z",709168,"python3",0.2,74728,46546,"/usr/bin/python3 -c from ros2cli.daemon.daemonize import main; main() --name ros2-daemon --ros-domain-id 0 --rmw-implementation rmw_fastrtps_cpp"
2026-09-27T16:32:01Z,29,"G1_20260927T163006Z",724115,"python3",6.0,77076,48489,"python3 /wt/contributions/compute-benchmark/OsakaTX/scripts/synthetic_scan_publisher.py --duration 490 --loop-s 40 --hz 5.0 --noise 0.0"
2026-09-27T16:32:01Z,29,"G1_20260927T163006Z",724131,"ros2",0.9,78988,51128,"/usr/bin/python3 /opt/ros/jazzy/bin/ros2 launch /wt/contributions/compute-benchmark/OsakaTX/scripts/lifelong_launch.py slam_params_file:=/wt/contributions/compute-benchmark/OsakaTX/scripts/lifelong_slam_params.yaml use_sim_time:=False autostart:=true"
2026-09-27T16:32:01Z,29,"G1_20260927T163006Z",724132,"ros2",1.2,83668,55443,"/usr/bin/python3 /opt/ros/jazzy/bin/ros2 launch nav2_bringup bringup_launch.py map:=/wt/contributions/compute-benchmark/OsakaTX/scripts/../results/combo2/combo2_nav2_map.yaml params_file:=/wt/contributions/compute-benchmark/OsakaTX/scripts/nav2_params_bench.yaml use_sim_time:=False autostart:=True slam:=False use_localization:=False"
2026-09-27T16:32:01Z,29,"G1_20260927T163006Z",724151,"lifelong_slam_t",43.6,69720,49516,"/opt/ros/jazzy/lib/slam_toolbox/lifelong_slam_toolbox_node --ros-args -r __node:=slam_toolbox -r __ns:=/ --params-file /wt/contributions/compute-benchmark/OsakaTX/scripts/lifelong_slam_params.yaml --params-file /tmp/launch_params_zyre_0s5"
2026-09-27T16:32:01Z,29,"G1_20260927T163006Z",724184,"component_conta",44.2,164820,144880,"/opt/ros/jazzy/lib/rclcpp_components/component_container_isolated --ros-args --log-level info --ros-args -r __node:=nav2_container --params-file /tmp/launch_params___mpikbo --params-file /tmp/launch_params_femhr4gz -r /tf:=tf -r /tf_static:=tf_static"
2026-09-27T16:32:01Z,29,"G1_20260927T163006Z",724251,"python3",7.0,83064,54067,"python3 /wt/contributions/compute-benchmark/OsakaTX/scripts/nav_goal_seq.py --x 4 --y 4 --yaw 0 --every 22.0 --pause 2.0 --cancel --repeats 0"
2026-09-27T16:32:01Z,29,"G1_20260927T163006Z",724296,"bash",0.5,4476,1335,"bash /wt/contributions/compute-benchmark/xbattlax/scripts/measure_ros_processes.sh --pattern python3|ros2|slam|nav2|component_container|nav_goal_seq --duration 380 --interval 2 --label G1_20260927T163006Z --output /wt/contributions/compute-benchmark/OsakaTX/scripts/../results/combo2/G1_20260927T163006Z.csv"
2026-09-27T16:32:03Z,30,"G1_20260927T163006Z",709168,"python3",0.2,74728,46546,"/usr/bin/python3 -c from ros2cli.daemon.daemonize import main; main() --name ros2-daemon --ros-domain-id 0 --rmw-implementation rmw_fastrtps_cpp"
2026-09-27T16:32:03Z,30,"G1_20260927T163006Z",724115,"python3",6.0,77076,48489,"python3 /wt/contributions/compute-benchmark/OsakaTX/scripts/synthetic_scan_publisher.py --duration 490 --loop-s 40 --hz 5.0 --noise 0.0"
2026-09-27T16:32:03Z,30,"G1_20260927T163006Z",724131,"ros2",0.9,79000,51140,"/usr/bin/python3 /opt/ros/jazzy/bin/ros2 launch /wt/contributions/compute-benchmark/OsakaTX/scripts/lifelong_launch.py slam_params_file:=/wt/contributions/compute-benchmark/OsakaTX/scripts/lifelong_slam_params.yaml use_sim_time:=False autostart:=true"
2026-09-27T16:32:03Z,30,"G1_20260927T163006Z",724132,"ros2",1.2,83668,55445,"/usr/bin/python3 /opt/ros/jazzy/bin/ros2 launch nav2_bringup bringup_launch.py map:=/wt/contributions/compute-benchmark/OsakaTX/scripts/../results/combo2/combo2_nav2_map.yaml params_file:=/wt/contributions/compute-benchmark/OsakaTX/scripts/nav2_params_bench.yaml use_sim_time:=False autostart:=True slam:=False use_localization:=False"
2026-09-27T16:32:03Z,30,"G1_20260927T163006Z",724151,"lifelong_slam_t",43.8,69724,49521,"/opt/ros/jazzy/lib/slam_toolbox/lifelong_slam_toolbox_node --ros-args -r __node:=slam_toolbox -r __ns:=/ --params-file /wt/contributions/compute-benchmark/OsakaTX/scripts/lifelong_slam_params.yaml --params-file /tmp/launch_params_zyre_0s5"
2026-09-27T16:32:03Z,30,"G1_20260927T163006Z",724184,"component_conta",44.5,165236,145007,"/opt/ros/jazzy/lib/rclcpp_components/component_container_isolated --ros-args --log-level info --ros-args -r __node:=nav2_container --params-file /tmp/launch_params___mpikbo --params-file /tmp/launch_params_femhr4gz -r /tf:=tf -r /tf_static:=tf_static"
2026-09-27T16:32:03Z,30,"G1_20260927T163006Z",724251,"python3",7.0,83064,54068,"python3 /wt/contributions/compute-benchmark/OsakaTX/scripts/nav_goal_seq.py --x 4 --y 4 --yaw 0 --every 22.0 --pause 2.0 --cancel --repeats 0"
2026-09-27T16:32:03Z,30,"G1_20260927T163006Z",724296,"bash",0.5,4476,1338,"bash /wt/contributions/compute-benchmark/xbattlax/scripts/measure_ros_processes.sh --pattern python3|ros2|slam|nav2|component_container|nav_goal_seq --duration 380 --interval 2 --label G1_20260927T163006Z --output /wt/contributions/compute-benchmark/OsakaTX/scripts/../results/combo2/G1_20260927T163006Z.csv"
2026-09-27T16:32:05Z,31,"G1_20260927T163006Z",709168,"python3",0.2,74728,46545,"/usr/bin/python3 -c from ros2cli.daemon.daemonize import main; main() --name ros2-daemon --ros-domain-id 0 --rmw-implementation rmw_fastrtps_cpp"
2026-09-27T16:32:05Z,31,"G1_20260927T163006Z",724115,"python3",6.0,77076,48490,"python3 /wt/contributions/compute-benchmark/OsakaTX/scripts/synthetic_scan_publisher.py --duration 490 --loop-s 40 --hz 5.0 --noise 0.0"
2026-09-27T16:32:05Z,31,"G1_20260927T163006Z",724131,"ros2",0.9,79004,51146,"/usr/bin/python3 /opt/ros/jazzy/bin/ros2 launch /wt/contributions/compute-benchmark/OsakaTX/scripts/lifelong_launch.py slam_params_file:=/wt/contributions/compute-benchmark/OsakaTX/scripts/lifelong_slam_params.yaml use_sim_time:=False autostart:=true"
2026-09-27T16:32:05Z,31,"G1_20260927T163006Z",724132,"ros2",1.1,83668,55443,"/usr/bin/python3 /opt/ros/jazzy/bin/ros2 launch nav2_bringup bringup_launch.py map:=/wt/contributions/compute-benchmark/OsakaTX/scripts/../results/combo2/combo2_nav2_map.yaml params_file:=/wt/contributions/compute-benchmark/OsakaTX/scripts/nav2_params_bench.yaml use_sim_time:=False autostart:=True slam:=False use_localization:=False"
2026-09-27T16:32:05Z,31,"G1_20260927T163006Z",724151,"lifelong_slam_t",43.8,69804,49599,"/opt/ros/jazzy/lib/slam_toolbox/lifelong_slam_toolbox_node --ros-args -r __node:=slam_toolbox -r __ns:=/ --params-file /wt/contributions/compute-benchmark/OsakaTX/scripts/lifelong_slam_params.yaml --params-file /tmp/launch_params_zyre_0s5"
2026-09-27T16:32:05Z,31,"G1_20260927T163006Z",724184,"component_conta",44.6,165236,145008,"/opt/ros/jazzy/lib/rclcpp_components/component_container_isolated --ros-args --log-level info --ros-args -r __node:=nav2_container --params-file /tmp/launch_params___mpikbo --params-file /tmp/launch_params_femhr4gz -r /tf:=tf -r /tf_static:=tf_static"
2026-09-27T16:32:05Z,31,"G1_20260927T163006Z",724251,"python3",7.0,83064,54072,"python3 /wt/contributions/compute-benchmark/OsakaTX/scripts/nav_goal_seq.py --x 4 --y 4 --yaw 0 --every 22.0 --pause 2.0 --cancel --repeats 0"
2026-09-27T16:32:05Z,31,"G1_20260927T163006Z",724296,"bash",0.5,4476,1337,"bash /wt/contributions/compute-benchmark/xbattlax/scripts/measure_ros_processes.sh --pattern python3|ros2|slam|nav2|component_container|nav_goal_seq --duration 380 --interval 2 --label G1_20260927T163006Z --output /wt/contributions/compute-benchmark/OsakaTX/scripts/../results/combo2/G1_20260927T163006Z.csv"
2026-09-27T16:32:08Z,32,"G1_20260927T163006Z",709168,"python3",0.2,74728,46544,"/usr/bin/python3 -c from ros2cli.daemon.daemonize import main; main() --name ros2-daemon --ros-domain-id 0 --rmw-implementation rmw_fastrtps_cpp"
2026-09-27T16:32:08Z,32,"G1_20260927T163006Z",724115,"python3",6.0,77076,48490,"python3 /wt/contributions/compute-benchmark/OsakaTX/scripts/synthetic_scan_publisher.py --duration 490 --loop-s 40 --hz 5.0 --noise 0.0"
2026-09-27T16:32:08Z,32,"G1_20260927T163006Z",724131,"ros2",0.9,79004,51147,"/usr/bin/python3 /opt/ros/jazzy/bin/ros2 launch /wt/contributions/compute-benchmark/OsakaTX/scripts/lifelong_launch.py slam_params_file:=/wt/contributions/compute-benchmark/OsakaTX/scripts/lifelong_slam_params.yaml use_sim_time:=False autostart:=true"
2026-09-27T16:32:08Z,32,"G1_20260927T163006Z",724132,"ros2",1.1,83668,55440,"/usr/bin/python3 /opt/ros/jazzy/bin/ros2 launch nav2_bringup bringup_launch.py map:=/wt/contributions/compute-benchmark/OsakaTX/scripts/../results/combo2/combo2_nav2_map.yaml params_file:=/wt/contributions/compute-benchmark/OsakaTX/scripts/nav2_params_bench.yaml use_sim_time:=False autostart:=True slam:=False use_localization:=False"
2026-09-27T16:32:08Z,32,"G1_20260927T163006Z",724151,"lifelong_slam_t",43.8,69804,49599,"/opt/ros/jazzy/lib/slam_toolbox/lifelong_slam_toolbox_node --ros-args -r __node:=slam_toolbox -r __ns:=/ --params-file /wt/contributions/compute-benchmark/OsakaTX/scripts/lifelong_slam_params.yaml --params-file /tmp/launch_params_zyre_0s5"
2026-09-27T16:32:08Z,32,"G1_20260927T163006Z",724184,"component_conta",44.8,167556,147328,"/opt/ros/jazzy/lib/rclcpp_components/component_container_isolated --ros-args --log-level info --ros-args -r __node:=nav2_container --params-file /tmp/launch_params___mpikbo --params-file /tmp/launch_params_femhr4gz -r /tf:=tf -r /tf_static:=tf_static"
2026-09-27T16:32:08Z,32,"G1_20260927T163006Z",724251,"python3",7.0,83064,54071,"python3 /wt/contributions/compute-benchmark/OsakaTX/scripts/nav_goal_seq.py --x 4 --y 4 --yaw 0 --every 22.0 --pause 2.0 --cancel --repeats 0"
2026-09-27T16:32:08Z,32,"G1_20260927T163006Z",724296,"bash",0.5,4476,1335,"bash /wt/contributions/compute-benchmark/xbattlax/scripts/measure_ros_processes.sh --pattern python3|ros2|slam|nav2|component_container|nav_goal_seq --duration 380 --interval 2 --label G1_20260927T163006Z --output /wt/contributions/compute-benchmark/OsakaTX/scripts/../results/combo2/G1_20260927T163006Z.csv"
2026-09-27T16:32:10Z,33,"G1_20260927T163006Z",709168,"python3",0.2,74728,46544,"/usr/bin/python3 -c from ros2cli.daemon.daemonize import main; main() --name ros2-daemon --ros-domain-id 0 --rmw-implementation rmw_fastrtps_cpp"
2026-09-27T16:32:10Z,33,"G1_20260927T163006Z",724115,"python3",6.0,77076,48490,"python3 /wt/contributions/compute-benchmark/OsakaTX/scripts/synthetic_scan_publisher.py --duration 490 --loop-s 40 --hz 5.0 --noise 0.0"
2026-09-27T16:32:10Z,33,"G1_20260927T163006Z",724131,"ros2",0.9,79004,51147,"/usr/bin/python3 /opt/ros/jazzy/bin/ros2 launch /wt/contributions/compute-benchmark/OsakaTX/scripts/lifelong_launch.py slam_params_file:=/wt/contributions/compute-benchmark/OsakaTX/scripts/lifelong_slam_params.yaml use_sim_time:=False autostart:=true"
2026-09-27T16:32:10Z,33,"G1_20260927T163006Z",724132,"ros2",1.1,83668,55445,"/usr/bin/python3 /opt/ros/jazzy/bin/ros2 launch nav2_bringup bringup_launch.py map:=/wt/contributions/compute-benchmark/OsakaTX/scripts/../results/combo2/combo2_nav2_map.yaml params_file:=/wt/contributions/compute-benchmark/OsakaTX/scripts/nav2_params_bench.yaml use_sim_time:=False autostart:=True slam:=False use_localization:=False"
2026-09-27T16:32:10Z,33,"G1_20260927T163006Z",724151,"lifelong_slam_t",43.5,69804,49599,"/opt/ros/jazzy/lib/slam_toolbox/lifelong_slam_toolbox_node --ros-args -r __node:=slam_toolbox -r __ns:=/ --params-file /wt/contributions/compute-benchmark/OsakaTX/scripts/lifelong_slam_params.yaml --params-file /tmp/launch_params_zyre_0s5"
2026-09-27T16:32:10Z,33,"G1_20260927T163006Z",724184,"component_conta",45.0,167996,147769,"/opt/ros/jazzy/lib/rclcpp_components/component_container_isolated --ros-args --log-level info --ros-args -r __node:=nav2_container --params-file /tmp/launch_params___mpikbo --params-file /tmp/launch_params_femhr4gz -r /tf:=tf -r /tf_static:=tf_static"
2026-09-27T16:32:10Z,33,"G1_20260927T163006Z",724251,"python3",7.0,83064,54072,"python3 /wt/contributions/compute-benchmark/OsakaTX/scripts/nav_goal_seq.py --x 4 --y 4 --yaw 0 --every 22.0 --pause 2.0 --cancel --repeats 0"
2026-09-27T16:32:10Z,33,"G1_20260927T163006Z",724296,"bash",0.5,4476,1334,"bash /wt/contributions/compute-benchmark/xbattlax/scripts/measure_ros_processes.sh --pattern python3|ros2|slam|nav2|component_container|nav_goal_seq --duration 380 --interval 2 --label G1_20260927T163006Z --output /wt/contributions/compute-benchmark/OsakaTX/scripts/../results/combo2/G1_20260927T163006Z.csv"
2026-09-27T16:32:13Z,34,"G1_20260927T163006Z",709168,"python3",0.2,74728,46545,"/usr/bin/python3 -c from ros2cli.daemon.daemonize import main; main() --name ros2-daemon --ros-domain-id 0 --rmw-implementation rmw_fastrtps_cpp"
2026-09-27T16:32:13Z,34,"G1_20260927T163006Z",724115,"python3",5.9,77076,48490,"python3 /wt/contributions/compute-benchmark/OsakaTX/scripts/synthetic_scan_publisher.py --duration 490 --loop-s 40 --hz 5.0 --noise 0.0"
2026-09-27T16:32:13Z,34,"G1_20260927T163006Z",724131,"ros2",0.9,79004,51147,"/usr/bin/python3 /opt/ros/jazzy/bin/ros2 launch /wt/contributions/compute-benchmark/OsakaTX/scripts/lifelong_launch.py slam_params_file:=/wt/contributions/compute-benchmark/OsakaTX/scripts/lifelong_slam_params.yaml use_sim_time:=False autostart:=true"
2026-09-27T16:32:13Z,34,"G1_20260927T163006Z",724132,"ros2",1.1,83668,55444,"/usr/bin/python3 /opt/ros/jazzy/bin/ros2 launch nav2_bringup bringup_launch.py map:=/wt/contributions/compute-benchmark/OsakaTX/scripts/../results/combo2/combo2_nav2_map.yaml params_file:=/wt/contributions/compute-benchmark/OsakaTX/scripts/nav2_params_bench.yaml use_sim_time:=False autostart:=True slam:=False use_localization:=False"
2026-09-27T16:32:13Z,34,"G1_20260927T163006Z",724151,"lifelong_slam_t",43.6,69944,49737,"/opt/ros/jazzy/lib/slam_toolbox/lifelong_slam_toolbox_node --ros-args -r __node:=slam_toolbox -r __ns:=/ --params-file /wt/contributions/compute-benchmark/OsakaTX/scripts/lifelong_slam_params.yaml --params-file /tmp/launch_params_zyre_0s5"
2026-09-27T16:32:13Z,34,"G1_20260927T163006Z",724184,"component_conta",45.2,167996,148360,"/opt/ros/jazzy/lib/rclcpp_components/component_container_isolated --ros-args --log-level info --ros-args -r __node:=nav2_container --params-file /tmp/launch_params___mpikbo --params-file /tmp/launch_params_femhr4gz -r /tf:=tf -r /tf_static:=tf_static"
2026-09-27T16:32:13Z,34,"G1_20260927T163006Z",724251,"python3",7.0,83064,54071,"python3 /wt/contributions/compute-benchmark/OsakaTX/scripts/nav_goal_seq.py --x 4 --y 4 --yaw 0 --every 22.0 --pause 2.0 --cancel --repeats 0"
2026-09-27T16:32:13Z,34,"G1_20260927T163006Z",724296,"bash",0.5,4476,1335,"bash /wt/contributions/compute-benchmark/xbattlax/scripts/measure_ros_processes.sh --pattern python3|ros2|slam|nav2|component_container|nav_goal_seq --duration 380 --interval 2 --label G1_20260927T163006Z --output /wt/contributions/compute-benchmark/OsakaTX/scripts/../results/combo2/G1_20260927T163006Z.csv"
2026-09-27T16:32:15Z,35,"G1_20260927T163006Z",709168,"python3",0.2,74728,46544,"/usr/bin/python3 -c from ros2cli.daemon.daemonize import main; main() --name ros2-daemon --ros-domain-id 0 --rmw-implementation rmw_fastrtps_cpp"
2026-09-27T16:32:15Z,35,"G1_20260927T163006Z",724115,"python3",5.9,77076,48491,"python3 /wt/contributions/compute-benchmark/OsakaTX/scripts/synthetic_scan_publisher.py --duration 490 --loop-s 40 --hz 5.0 --noise 0.0"
2026-09-27T16:32:15Z,35,"G1_20260927T163006Z",724131,"ros2",0.9,79004,51147,"/usr/bin/python3 /opt/ros/jazzy/bin/ros2 launch /wt/contributions/compute-benchmark/OsakaTX/scripts/lifelong_launch.py slam_params_file:=/wt/contributions/compute-benchmark/OsakaTX/scripts/lifelong_slam_params.yaml use_sim_time:=False autostart:=true"
2026-09-27T16:32:15Z,35,"G1_20260927T163006Z",724132,"ros2",1.1,83668,55443,"/usr/bin/python3 /opt/ros/jazzy/bin/ros2 launch nav2_bringup bringup_launch.py map:=/wt/contributions/compute-benchmark/OsakaTX/scripts/../results/combo2/combo2_nav2_map.yaml params_file:=/wt/contributions/compute-benchmark/OsakaTX/scripts/nav2_params_bench.yaml use_sim_time:=False autostart:=True slam:=False use_localization:=False"
2026-09-27T16:32:15Z,35,"G1_20260927T163006Z",724151,"lifelong_slam_t",43.7,69944,49739,"/opt/ros/jazzy/lib/slam_toolbox/lifelong_slam_toolbox_node --ros-args -r __node:=slam_toolbox -r __ns:=/ --params-file /wt/contributions/compute-benchmark/OsakaTX/scripts/lifelong_slam_params.yaml --params-file /tmp/launch_params_zyre_0s5"
2026-09-27T16:32:15Z,35,"G1_20260927T163006Z",724184,"component_conta",45.4,168124,147895,"/opt/ros/jazzy/lib/rclcpp_components/component_container_isolated --ros-args --log-level info --ros-args -r __node:=nav2_container --params-file /tmp/launch_params___mpikbo --params-file /tmp/launch_params_femhr4gz -r /tf:=tf -r /tf_static:=tf_static"
2026-09-27T16:32:15Z,35,"G1_20260927T163006Z",724251,"python3",7.0,83064,54071,"python3 /wt/contributions/compute-benchmark/OsakaTX/scripts/nav_goal_seq.py --x 4 --y 4 --yaw 0 --every 22.0 --pause 2.0 --cancel --repeats 0"
2026-09-27T16:32:15Z,35,"G1_20260927T163006Z",724296,"bash",0.5,4476,1335,"bash /wt/contributions/compute-benchmark/xbattlax/scripts/measure_ros_processes.sh --pattern python3|ros2|slam|nav2|component_container|nav_goal_seq --duration 380 --interval 2 --label G1_20260927T163006Z --output /wt/contributions/compute-benchmark/OsakaTX/scripts/../results/combo2/G1_20260927T163006Z.csv"
2026-09-27T16:32:18Z,36,"G1_20260927T163006Z",709168,"python3",0.2,74728,46543,"/usr/bin/python3 -c from ros2cli.daemon.daemonize import main; main() --name ros2-daemon --ros-domain-id 0 --rmw-implementation rmw_fastrtps_cpp"
2026-09-27T16:32:18Z,36,"G1_20260927T163006Z",724115,"python3",5.9,77076,48489,"python3 /wt/contributions/compute-benchmark/OsakaTX/scripts/synthetic_scan_publisher.py --duration 490 --loop-s 40 --hz 5.0 --noise 0.0"
2026-09-27T16:32:18Z,36,"G1_20260927T163006Z",724131,"ros2",0.9,79004,51146,"/usr/bin/python3 /opt/ros/jazzy/bin/ros2 launch /wt/contributions/compute-benchmark/OsakaTX/scripts/lifelong_launch.py slam_params_file:=/wt/contributions/compute-benchmark/OsakaTX/scripts/lifelong_slam_params.yaml use_sim_time:=False autostart:=true"
2026-09-27T16:32:18Z,36,"G1_20260927T163006Z",724132,"ros2",1.0,83668,55442,"/usr/bin/python3 /opt/ros/jazzy/bin/ros2 launch nav2_bringup bringup_launch.py map:=/wt/contributions/compute-benchmark/OsakaTX/scripts/../results/combo2/combo2_nav2_map.yaml params_file:=/wt/contributions/compute-benchmark/OsakaTX/scripts/nav2_params_bench.yaml use_sim_time:=False autostart:=True slam:=False use_localization:=False"
2026-09-27T16:32:18Z,36,"G1_20260927T163006Z",724151,"lifelong_slam_t",43.8,69964,49759,"/opt/ros/jazzy/lib/slam_toolbox/lifelong_slam_toolbox_node --ros-args -r __node:=slam_toolbox -r __ns:=/ --params-file /wt/contributions/compute-benchmark/OsakaTX/scripts/lifelong_slam_params.yaml --params-file /tmp/launch_params_zyre_0s5"
2026-09-27T16:32:18Z,36,"G1_20260927T163006Z",724184,"component_conta",45.5,167724,147496,"/opt/ros/jazzy/lib/rclcpp_components/component_container_isolated --ros-args --log-level info --ros-args -r __node:=nav2_container --params-file /tmp/launch_params___mpikbo --params-file /tmp/launch_params_femhr4gz -r /tf:=tf -r /tf_static:=tf_static"
2026-09-27T16:32:18Z,36,"G1_20260927T163006Z",724251,"python3",7.0,83068,54070,"python3 /wt/contributions/compute-benchmark/OsakaTX/scripts/nav_goal_seq.py --x 4 --y 4 --yaw 0 --every 22.0 --pause 2.0 --cancel --repeats 0"
2026-09-27T16:32:18Z,36,"G1_20260927T163006Z",724296,"bash",0.5,4476,1340,"bash /wt/contributions/compute-benchmark/xbattlax/scripts/measure_ros_processes.sh --pattern python3|ros2|slam|nav2|component_container|nav_goal_seq --duration 380 --interval 2 --label G1_20260927T163006Z --output /wt/contributions/compute-benchmark/OsakaTX/scripts/../results/combo2/G1_20260927T163006Z.csv"
2026-09-27T16:32:20Z,37,"G1_20260927T163006Z",709168,"python3",0.2,74728,46542,"/usr/bin/python3 -c from ros2cli.daemon.daemonize import main; main() --name ros2-daemon --ros-domain-id 0 --rmw-implementation rmw_fastrtps_cpp"
2026-09-27T16:32:20Z,37,"G1_20260927T163006Z",724115,"python3",5.9,77076,48489,"python3 /wt/contributions/compute-benchmark/OsakaTX/scripts/synthetic_scan_publisher.py --duration 490 --loop-s 40 --hz 5.0 --noise 0.0"
2026-09-27T16:32:20Z,37,"G1_20260927T163006Z",724131,"ros2",0.9,79004,51146,"/usr/bin/python3 /opt/ros/jazzy/bin/ros2 launch /wt/contributions/compute-benchmark/OsakaTX/scripts/lifelong_launch.py slam_params_file:=/wt/contributions/compute-benchmark/OsakaTX/scripts/lifelong_slam_params.yaml use_sim_time:=False autostart:=true"
2026-09-27T16:32:20Z,37,"G1_20260927T163006Z",724132,"ros2",1.0,83668,55444,"/usr/bin/python3 /opt/ros/jazzy/bin/ros2 launch nav2_bringup bringup_launch.py map:=/wt/contributions/compute-benchmark/OsakaTX/scripts/../results/combo2/combo2_nav2_map.yaml params_file:=/wt/contributions/compute-benchmark/OsakaTX/scripts/nav2_params_bench.yaml use_sim_time:=False autostart:=True slam:=False use_localization:=False"
2026-09-27T16:32:20Z,37,"G1_20260927T163006Z",724151,"lifelong_slam_t",43.8,70000,49797,"/opt/ros/jazzy/lib/slam_toolbox/lifelong_slam_toolbox_node --ros-args -r __node:=slam_toolbox -r __ns:=/ --params-file /wt/contributions/compute-benchmark/OsakaTX/scripts/lifelong_slam_params.yaml --params-file /tmp/launch_params_zyre_0s5"
2026-09-27T16:32:20Z,37,"G1_20260927T163006Z",724184,"component_conta",45.6,167720,147492,"/opt/ros/jazzy/lib/rclcpp_components/component_container_isolated --ros-args --log-level info --ros-args -r __node:=nav2_container --params-file /tmp/launch_params___mpikbo --params-file /tmp/launch_params_femhr4gz -r /tf:=tf -r /tf_static:=tf_static"
2026-09-27T16:32:20Z,37,"G1_20260927T163006Z",724251,"python3",7.0,83068,54076,"python3 /wt/contributions/compute-benchmark/OsakaTX/scripts/nav_goal_seq.py --x 4 --y 4 --yaw 0 --every 22.0 --pause 2.0 --cancel --repeats 0"
2026-09-27T16:32:20Z,37,"G1_20260927T163006Z",724296,"bash",0.5,4476,1339,"bash /wt/contributions/compute-benchmark/xbattlax/scripts/measure_ros_processes.sh --pattern python3|ros2|slam|nav2|component_container|nav_goal_seq --duration 380 --interval 2 --label G1_20260927T163006Z --output /wt/contributions/compute-benchmark/OsakaTX/scripts/../results/combo2/G1_20260927T163006Z.csv"
2026-09-27T16:32:23Z,38,"G1_20260927T163006Z",709168,"python3",0.2,74728,46544,"/usr/bin/python3 -c from ros2cli.daemon.daemonize import main; main() --name ros2-daemon --ros-domain-id 0 --rmw-implementation rmw_fastrtps_cpp"
2026-09-27T16:32:23Z,38,"G1_20260927T163006Z",724115,"python3",5.9,77076,48483,"python3 /wt/contributions/compute-benchmark/OsakaTX/scripts/synthetic_scan_publisher.py --duration 490 --loop-s 40 --hz 5.0 --noise 0.0"
2026-09-27T16:32:23Z,38,"G1_20260927T163006Z",724131,"ros2",0.9,79004,51147,"/usr/bin/python3 /opt/ros/jazzy/bin/ros2 launch /wt/contributions/compute-benchmark/OsakaTX/scripts/lifelong_launch.py slam_params_file:=/wt/contributions/compute-benchmark/OsakaTX/scripts/lifelong_slam_params.yaml use_sim_time:=False autostart:=true"
2026-09-27T16:32:23Z,38,"G1_20260927T163006Z",724132,"ros2",1.0,83668,55440,"/usr/bin/python3 /opt/ros/jazzy/bin/ros2 launch nav2_bringup bringup_launch.py map:=/wt/contributions/compute-benchmark/OsakaTX/scripts/../results/combo2/combo2_nav2_map.yaml params_file:=/wt/contributions/compute-benchmark/OsakaTX/scripts/nav2_params_bench.yaml use_sim_time:=False autostart:=True slam:=False use_localization:=False"
2026-09-27T16:32:23Z,38,"G1_20260927T163006Z",724151,"lifelong_slam_t",43.8,70000,49794,"/opt/ros/jazzy/lib/slam_toolbox/lifelong_slam_toolbox_node --ros-args -r __node:=slam_toolbox -r __ns:=/ --params-file /wt/contributions/compute-benchmark/OsakaTX/scripts/lifelong_slam_params.yaml --params-file /tmp/launch_params_zyre_0s5"
2026-09-27T16:32:23Z,38,"G1_20260927T163006Z",724184,"component_conta",45.7,169752,149525,"/opt/ros/jazzy/lib/rclcpp_components/component_container_isolated --ros-args --log-level info --ros-args -r __node:=nav2_container --params-file /tmp/launch_params___mpikbo --params-file /tmp/launch_params_femhr4gz -r /tf:=tf -r /tf_static:=tf_static"
2026-09-27T16:32:23Z,38,"G1_20260927T163006Z",724251,"python3",7.0,83068,54076,"python3 /wt/contributions/compute-benchmark/OsakaTX/scripts/nav_goal_seq.py --x 4 --y 4 --yaw 0 --every 22.0 --pause 2.0 --cancel --repeats 0"
2026-09-27T16:32:23Z,38,"G1_20260927T163006Z",724296,"bash",0.5,4476,1337,"bash /wt/contributions/compute-benchmark/xbattlax/scripts/measure_ros_processes.sh --pattern python3|ros2|slam|nav2|component_container|nav_goal_seq --duration 380 --interval 2 --label G1_20260927T163006Z --output /wt/contributions/compute-benchmark/OsakaTX/scripts/../results/combo2/G1_20260927T163006Z.csv"
2026-09-27T16:32:25Z,39,"G1_20260927T163006Z",709168,"python3",0.2,74728,46542,"/usr/bin/python3 -c from ros2cli.daemon.daemonize import main; main() --name ros2-daemon --ros-domain-id 0 --rmw-implementation rmw_fastrtps_cpp"
2026-09-27T16:32:25Z,39,"G1_20260927T163006Z",724115,"python3",5.9,77076,48483,"python3 /wt/contributions/compute-benchmark/OsakaTX/scripts/synthetic_scan_publisher.py --duration 490 --loop-s 40 --hz 5.0 --noise 0.0"
2026-09-27T16:32:25Z,39,"G1_20260927T163006Z",724131,"ros2",0.9,79004,51147,"/usr/bin/python3 /opt/ros/jazzy/bin/ros2 launch /wt/contributions/compute-benchmark/OsakaTX/scripts/lifelong_launch.py slam_params_file:=/wt/contributions/compute-benchmark/OsakaTX/scripts/lifelong_slam_params.yaml use_sim_time:=False autostart:=true"
2026-09-27T16:32:25Z,39,"G1_20260927T163006Z",724132,"ros2",1.0,83668,55437,"/usr/bin/python3 /opt/ros/jazzy/bin/ros2 launch nav2_bringup bringup_launch.py map:=/wt/contributions/compute-benchmark/OsakaTX/scripts/../results/combo2/combo2_nav2_map.yaml params_file:=/wt/contributions/compute-benchmark/OsakaTX/scripts/nav2_params_bench.yaml use_sim_time:=False autostart:=True slam:=False use_localization:=False"
2026-09-27T16:32:25Z,39,"G1_20260927T163006Z",724151,"lifelong_slam_t",44.0,70100,49897,"/opt/ros/jazzy/lib/slam_toolbox/lifelong_slam_toolbox_node --ros-args -r __node:=slam_toolbox -r __ns:=/ --params-file /wt/contributions/compute-benchmark/OsakaTX/scripts/lifelong_slam_params.yaml --params-file /tmp/launch_params_zyre_0s5"
2026-09-27T16:32:25Z,39,"G1_20260927T163006Z",724184,"component_conta",45.5,170596,150368,"/opt/ros/jazzy/lib/rclcpp_components/component_container_isolated --ros-args --log-level info --ros-args -r __node:=nav2_container --params-file /tmp/launch_params___mpikbo --params-file /tmp/launch_params_femhr4gz -r /tf:=tf -r /tf_static:=tf_static"
2026-09-27T16:32:25Z,39,"G1_20260927T163006Z",724251,"python3",6.9,83068,54075,"python3 /wt/contributions/compute-benchmark/OsakaTX/scripts/nav_goal_seq.py --x 4 --y 4 --yaw 0 --every 22.0 --pause 2.0 --cancel --repeats 0"
2026-09-27T16:32:25Z,39,"G1_20260927T163006Z",724296,"bash",0.5,4476,1337,"bash /wt/contributions/compute-benchmark/xbattlax/scripts/measure_ros_processes.sh --pattern python3|ros2|slam|nav2|component_container|nav_goal_seq --duration 380 --interval 2 --label G1_20260927T163006Z --output /wt/contributions/compute-benchmark/OsakaTX/scripts/../results/combo2/G1_20260927T163006Z.csv"
2026-09-27T16:32:27Z,40,"G1_20260927T163006Z",709168,"python3",0.2,74728,46545,"/usr/bin/python3 -c from ros2cli.daemon.daemonize import main; main() --name ros2-daemon --ros-domain-id 0 --rmw-implementation rmw_fastrtps_cpp"
2026-09-27T16:32:27Z,40,"G1_20260927T163006Z",724115,"python3",5.9,77076,48483,"python3 /wt/contributions/compute-benchmark/OsakaTX/scripts/synthetic_scan_publisher.py --duration 490 --loop-s 40 --hz 5.0 --noise 0.0"
2026-09-27T16:32:27Z,40,"G1_20260927T163006Z",724131,"ros2",0.9,79004,51147,"/usr/bin/python3 /opt/ros/jazzy/bin/ros2 launch /wt/contributions/compute-benchmark/OsakaTX/scripts/lifelong_launch.py slam_params_file:=/wt/contributions/compute-benchmark/OsakaTX/scripts/lifelong_slam_params.yaml use_sim_time:=False autostart:=true"
2026-09-27T16:32:27Z,40,"G1_20260927T163006Z",724132,"ros2",1.0,83668,55442,"/usr/bin/python3 /opt/ros/jazzy/bin/ros2 launch nav2_bringup bringup_launch.py map:=/wt/contributions/compute-benchmark/OsakaTX/scripts/../results/combo2/combo2_nav2_map.yaml params_file:=/wt/contributions/compute-benchmark/OsakaTX/scripts/nav2_params_bench.yaml use_sim_time:=False autostart:=True slam:=False use_localization:=False"
2026-09-27T16:32:27Z,40,"G1_20260927T163006Z",724151,"lifelong_slam_t",44.1,70100,49896,"/opt/ros/jazzy/lib/slam_toolbox/lifelong_slam_toolbox_node --ros-args -r __node:=slam_toolbox -r __ns:=/ --params-file /wt/contributions/compute-benchmark/OsakaTX/scripts/lifelong_slam_params.yaml --params-file /tmp/launch_params_zyre_0s5"
2026-09-27T16:32:27Z,40,"G1_20260927T163006Z",724184,"component_conta",45.5,170628,150400,"/opt/ros/jazzy/lib/rclcpp_components/component_container_isolated --ros-args --log-level info --ros-args -r __node:=nav2_container --params-file /tmp/launch_params___mpikbo --params-file /tmp/launch_params_femhr4gz -r /tf:=tf -r /tf_static:=tf_static"
2026-09-27T16:32:27Z,40,"G1_20260927T163006Z",724251,"python3",6.9,83068,54071,"python3 /wt/contributions/compute-benchmark/OsakaTX/scripts/nav_goal_seq.py --x 4 --y 4 --yaw 0 --every 22.0 --pause 2.0 --cancel --repeats 0"
2026-09-27T16:32:27Z,40,"G1_20260927T163006Z",724296,"bash",0.5,4476,1341,"bash /wt/contributions/compute-benchmark/xbattlax/scripts/measure_ros_processes.sh --pattern python3|ros2|slam|nav2|component_container|nav_goal_seq --duration 380 --interval 2 --label G1_20260927T163006Z --output /wt/contributions/compute-benchmark/OsakaTX/scripts/../results/combo2/G1_20260927T163006Z.csv"
2026-09-27T16:32:30Z,41,"G1_20260927T163006Z",709168,"python3",0.2,74728,46544,"/usr/bin/python3 -c from ros2cli.daemon.daemonize import main; main() --name ros2-daemon --ros-domain-id 0 --rmw-implementation rmw_fastrtps_cpp"
2026-09-27T16:32:30Z,41,"G1_20260927T163006Z",724115,"python3",5.9,77076,48490,"python3 /wt/contributions/compute-benchmark/OsakaTX/scripts/synthetic_scan_publisher.py --duration 490 --loop-s 40 --hz 5.0 --noise 0.0"
2026-09-27T16:32:30Z,41,"G1_20260927T163006Z",724131,"ros2",0.8,79004,51146,"/usr/bin/python3 /opt/ros/jazzy/bin/ros2 launch /wt/contributions/compute-benchmark/OsakaTX/scripts/lifelong_launch.py slam_params_file:=/wt/contributions/compute-benchmark/OsakaTX/scripts/lifelong_slam_params.yaml use_sim_time:=False autostart:=true"
2026-09-27T16:32:30Z,41,"G1_20260927T163006Z",724132,"ros2",1.0,83668,55443,"/usr/bin/python3 /opt/ros/jazzy/bin/ros2 launch nav2_bringup bringup_launch.py map:=/wt/contributions/compute-benchmark/OsakaTX/scripts/../results/combo2/combo2_nav2_map.yaml params_file:=/wt/contributions/compute-benchmark/OsakaTX/scripts/nav2_params_bench.yaml use_sim_time:=False autostart:=True slam:=False use_localization:=False"
2026-09-27T16:32:30Z,41,"G1_20260927T163006Z",724151,"lifelong_slam_t",44.4,70100,49895,"/opt/ros/jazzy/lib/slam_toolbox/lifelong_slam_toolbox_node --ros-args -r __node:=slam_toolbox -r __ns:=/ --params-file /wt/contributions/compute-benchmark/OsakaTX/scripts/lifelong_slam_params.yaml --params-file /tmp/launch_params_zyre_0s5"
2026-09-27T16:32:30Z,41,"G1_20260927T163006Z",724184,"component_conta",45.6,170656,150428,"/opt/ros/jazzy/lib/rclcpp_components/component_container_isolated --ros-args --log-level info --ros-args -r __node:=nav2_container --params-file /tmp/launch_params___mpikbo --params-file /tmp/launch_params_femhr4gz -r /tf:=tf -r /tf_static:=tf_static"
2026-09-27T16:32:30Z,41,"G1_20260927T163006Z",724251,"python3",6.9,83068,54075,"python3 /wt/contributions/compute-benchmark/OsakaTX/scripts/nav_goal_seq.py --x 4 --y 4 --yaw 0 --every 22.0 --pause 2.0 --cancel --repeats 0"
2026-09-27T16:32:30Z,41,"G1_20260927T163006Z",724296,"bash",0.5,4480,1339,"bash /wt/contributions/compute-benchmark/xbattlax/scripts/measure_ros_processes.sh --pattern python3|ros2|slam|nav2|component_container|nav_goal_seq --duration 380 --interval 2 --label G1_20260927T163006Z --output /wt/contributions/compute-benchmark/OsakaTX/scripts/../results/combo2/G1_20260927T163006Z.csv"
2026-09-27T16:32:32Z,42,"G1_20260927T163006Z",709168,"python3",0.2,74728,46546,"/usr/bin/python3 -c from ros2cli.daemon.daemonize import main; main() --name ros2-daemon --ros-domain-id 0 --rmw-implementation rmw_fastrtps_cpp"
2026-09-27T16:32:32Z,42,"G1_20260927T163006Z",724115,"python3",5.8,77076,48483,"python3 /wt/contributions/compute-benchmark/OsakaTX/scripts/synthetic_scan_publisher.py --duration 490 --loop-s 40 --hz 5.0 --noise 0.0"
2026-09-27T16:32:32Z,42,"G1_20260927T163006Z",724131,"ros2",0.8,79004,51145,"/usr/bin/python3 /opt/ros/jazzy/bin/ros2 launch /wt/contributions/compute-benchmark/OsakaTX/scripts/lifelong_launch.py slam_params_file:=/wt/contributions/compute-benchmark/OsakaTX/scripts/lifelong_slam_params.yaml use_sim_time:=False autostart:=true"
2026-09-27T16:32:32Z,42,"G1_20260927T163006Z",724132,"ros2",1.0,83668,55437,"/usr/bin/python3 /opt/ros/jazzy/bin/ros2 launch nav2_bringup bringup_launch.py map:=/wt/contributions/compute-benchmark/OsakaTX/scripts/../results/combo2/combo2_nav2_map.yaml params_file:=/wt/contributions/compute-benchmark/OsakaTX/scripts/nav2_params_bench.yaml use_sim_time:=False autostart:=True slam:=False use_localization:=False"
2026-09-27T16:32:32Z,42,"G1_20260927T163006Z",724151,"lifelong_slam_t",44.5,70180,49974,"/opt/ros/jazzy/lib/slam_toolbox/lifelong_slam_toolbox_node --ros-args -r __node:=slam_toolbox -r __ns:=/ --params-file /wt/contributions/compute-benchmark/OsakaTX/scripts/lifelong_slam_params.yaml --params-file /tmp/launch_params_zyre_0s5"
2026-09-27T16:32:32Z,42,"G1_20260927T163006Z",724184,"component_conta",45.7,170656,150429,"/opt/ros/jazzy/lib/rclcpp_components/component_container_isolated --ros-args --log-level info --ros-args -r __node:=nav2_container --params-file /tmp/launch_params___mpikbo --params-file /tmp/launch_params_femhr4gz -r /tf:=tf -r /tf_static:=tf_static"
2026-09-27T16:32:32Z,42,"G1_20260927T163006Z",724251,"python3",6.9,83068,54075,"python3 /wt/contributions/compute-benchmark/OsakaTX/scripts/nav_goal_seq.py --x 4 --y 4 --yaw 0 --every 22.0 --pause 2.0 --cancel --repeats 0"
2026-09-27T16:32:32Z,42,"G1_20260927T163006Z",724296,"bash",0.5,4480,1344,"bash /wt/contributions/compute-benchmark/xbattlax/scripts/measure_ros_processes.sh --pattern python3|ros2|slam|nav2|component_container|nav_goal_seq --duration 380 --interval 2 --label G1_20260927T163006Z --output /wt/contributions/compute-benchmark/OsakaTX/scripts/../results/combo2/G1_20260927T163006Z.csv"
2026-09-27T16:32:35Z,43,"G1_20260927T163006Z",709168,"python3",0.2,74728,46546,"/usr/bin/python3 -c from ros2cli.daemon.daemonize import main; main() --name ros2-daemon --ros-domain-id 0 --rmw-implementation rmw_fastrtps_cpp"
2026-09-27T16:32:35Z,43,"G1_20260927T163006Z",724115,"python3",5.8,77076,48489,"python3 /wt/contributions/compute-benchmark/OsakaTX/scripts/synthetic_scan_publisher.py --duration 490 --loop-s 40 --hz 5.0 --noise 0.0"
2026-09-27T16:32:35Z,43,"G1_20260927T163006Z",724131,"ros2",0.8,79020,51163,"/usr/bin/python3 /opt/ros/jazzy/bin/ros2 launch /wt/contributions/compute-benchmark/OsakaTX/scripts/lifelong_launch.py slam_params_file:=/wt/contributions/compute-benchmark/OsakaTX/scripts/lifelong_slam_params.yaml use_sim_time:=False autostart:=true"
2026-09-27T16:32:35Z,43,"G1_20260927T163006Z",724132,"ros2",0.9,83668,55445,"/usr/bin/python3 /opt/ros/jazzy/bin/ros2 launch nav2_bringup bringup_launch.py map:=/wt/contributions/compute-benchmark/OsakaTX/scripts/../results/combo2/combo2_nav2_map.yaml params_file:=/wt/contributions/compute-benchmark/OsakaTX/scripts/nav2_params_bench.yaml use_sim_time:=False autostart:=True slam:=False use_localization:=False"
2026-09-27T16:32:35Z,43,"G1_20260927T163006Z",724151,"lifelong_slam_t",44.6,70196,49991,"/opt/ros/jazzy/lib/slam_toolbox/lifelong_slam_toolbox_node --ros-args -r __node:=slam_toolbox -r __ns:=/ --params-file /wt/contributions/compute-benchmark/OsakaTX/scripts/lifelong_slam_params.yaml --params-file /tmp/launch_params_zyre_0s5"
2026-09-27T16:32:35Z,43,"G1_20260927T163006Z",724184,"component_conta",45.8,170656,150428,"/opt/ros/jazzy/lib/rclcpp_components/component_container_isolated --ros-args --log-level info --ros-args -r __node:=nav2_container --params-file /tmp/launch_params___mpikbo --params-file /tmp/launch_params_femhr4gz -r /tf:=tf -r /tf_static:=tf_static"
2026-09-27T16:32:35Z,43,"G1_20260927T163006Z",724251,"python3",6.8,83068,54072,"python3 /wt/contributions/compute-benchmark/OsakaTX/scripts/nav_goal_seq.py --x 4 --y 4 --yaw 0 --every 22.0 --pause 2.0 --cancel --repeats 0"
2026-09-27T16:32:35Z,43,"G1_20260927T163006Z",724296,"bash",0.5,4480,1340,"bash /wt/contributions/compute-benchmark/xbattlax/scripts/measure_ros_processes.sh --pattern python3|ros2|slam|nav2|component_container|nav_goal_seq --duration 380 --interval 2 --label G1_20260927T163006Z --output /wt/contributions/compute-benchmark/OsakaTX/scripts/../results/combo2/G1_20260927T163006Z.csv"
2026-09-27T16:32:37Z,44,"G1_20260927T163006Z",709168,"python3",0.2,74728,46544,"/usr/bin/python3 -c from ros2cli.daemon.daemonize import main; main() --name ros2-daemon --ros-domain-id 0 --rmw-implementation rmw_fastrtps_cpp"
2026-09-27T16:32:37Z,44,"G1_20260927T163006Z",724115,"python3",5.8,77076,48489,"python3 /wt/contributions/compute-benchmark/OsakaTX/scripts/synthetic_scan_publisher.py --duration 490 --loop-s 40 --hz 5.0 --noise 0.0"
2026-09-27T16:32:37Z,44,"G1_20260927T163006Z",724131,"ros2",0.8,79020,51163,"/usr/bin/python3 /opt/ros/jazzy/bin/ros2 launch /wt/contributions/compute-benchmark/OsakaTX/scripts/lifelong_launch.py slam_params_file:=/wt/contributions/compute-benchmark/OsakaTX/scripts/lifelong_slam_params.yaml use_sim_time:=False autostart:=true"
2026-09-27T16:32:37Z,44,"G1_20260927T163006Z",724132,"ros2",0.9,83668,55443,"/usr/bin/python3 /opt/ros/jazzy/bin/ros2 launch nav2_bringup bringup_launch.py map:=/wt/contributions/compute-benchmark/OsakaTX/scripts/../results/combo2/combo2_nav2_map.yaml params_file:=/wt/contributions/compute-benchmark/OsakaTX/scripts/nav2_params_bench.yaml use_sim_time:=False autostart:=True slam:=False use_localization:=False"
2026-09-27T16:32:37Z,44,"G1_20260927T163006Z",724151,"lifelong_slam_t",44.6,70196,49992,"/opt/ros/jazzy/lib/slam_toolbox/lifelong_slam_toolbox_node --ros-args -r __node:=slam_toolbox -r __ns:=/ --params-file /wt/contributions/compute-benchmark/OsakaTX/scripts/lifelong_slam_params.yaml --params-file /tmp/launch_params_zyre_0s5"
2026-09-27T16:32:37Z,44,"G1_20260927T163006Z",724184,"component_conta",45.9,170656,150428,"/opt/ros/jazzy/lib/rclcpp_components/component_container_isolated --ros-args --log-level info --ros-args -r __node:=nav2_container --params-file /tmp/launch_params___mpikbo --params-file /tmp/launch_params_femhr4gz -r /tf:=tf -r /tf_static:=tf_static"
2026-09-27T16:32:37Z,44,"G1_20260927T163006Z",724251,"python3",6.9,83068,54075,"python3 /wt/contributions/compute-benchmark/OsakaTX/scripts/nav_goal_seq.py --x 4 --y 4 --yaw 0 --every 22.0 --pause 2.0 --cancel --repeats 0"
2026-09-27T16:32:37Z,44,"G1_20260927T163006Z",724296,"bash",0.5,4480,1342,"bash /wt/contributions/compute-benchmark/xbattlax/scripts/measure_ros_processes.sh --pattern python3|ros2|slam|nav2|component_container|nav_goal_seq --duration 380 --interval 2 --label G1_20260927T163006Z --output /wt/contributions/compute-benchmark/OsakaTX/scripts/../results/combo2/G1_20260927T163006Z.csv"
2026-09-27T16:32:40Z,45,"G1_20260927T163006Z",709168,"python3",0.2,74728,46545,"/usr/bin/python3 -c from ros2cli.daemon.daemonize import main; main() --name ros2-daemon --ros-domain-id 0 --rmw-implementation rmw_fastrtps_cpp"
2026-09-27T16:32:40Z,45,"G1_20260927T163006Z",724115,"python3",5.8,77076,48491,"python3 /wt/contributions/compute-benchmark/OsakaTX/scripts/synthetic_scan_publisher.py --duration 490 --loop-s 40 --hz 5.0 --noise 0.0"
2026-09-27T16:32:40Z,45,"G1_20260927T163006Z",724131,"ros2",0.8,79028,51170,"/usr/bin/python3 /opt/ros/jazzy/bin/ros2 launch /wt/contributions/compute-benchmark/OsakaTX/scripts/lifelong_launch.py slam_params_file:=/wt/contributions/compute-benchmark/OsakaTX/scripts/lifelong_slam_params.yaml use_sim_time:=False autostart:=true"
2026-09-27T16:32:40Z,45,"G1_20260927T163006Z",724132,"ros2",0.9,83668,55437,"/usr/bin/python3 /opt/ros/jazzy/bin/ros2 launch nav2_bringup bringup_launch.py map:=/wt/contributions/compute-benchmark/OsakaTX/scripts/../results/combo2/combo2_nav2_map.yaml params_file:=/wt/contributions/compute-benchmark/OsakaTX/scripts/nav2_params_bench.yaml use_sim_time:=False autostart:=True slam:=False use_localization:=False"
2026-09-27T16:32:40Z,45,"G1_20260927T163006Z",724151,"lifelong_slam_t",44.6,70196,49991,"/opt/ros/jazzy/lib/slam_toolbox/lifelong_slam_toolbox_node --ros-args -r __node:=slam_toolbox -r __ns:=/ --params-file /wt/contributions/compute-benchmark/OsakaTX/scripts/lifelong_slam_params.yaml --params-file /tmp/launch_params_zyre_0s5"
2026-09-27T16:32:40Z,45,"G1_20260927T163006Z",724184,"component_conta",45.9,170656,150428,"/opt/ros/jazzy/lib/rclcpp_components/component_container_isolated --ros-args --log-level info --ros-args -r __node:=nav2_container --params-file /tmp/launch_params___mpikbo --params-file /tmp/launch_params_femhr4gz -r /tf:=tf -r /tf_static:=tf_static"
2026-09-27T16:32:40Z,45,"G1_20260927T163006Z",724251,"python3",6.9,83068,54076,"python3 /wt/contributions/compute-benchmark/OsakaTX/scripts/nav_goal_seq.py --x 4 --y 4 --yaw 0 --every 22.0 --pause 2.0 --cancel --repeats 0"
2026-09-27T16:32:40Z,45,"G1_20260927T163006Z",724296,"bash",0.5,4480,1339,"bash /wt/contributions/compute-benchmark/xbattlax/scripts/measure_ros_processes.sh --pattern python3|ros2|slam|nav2|component_container|nav_goal_seq --duration 380 --interval 2 --label G1_20260927T163006Z --output /wt/contributions/compute-benchmark/OsakaTX/scripts/../results/combo2/G1_20260927T163006Z.csv"
2026-09-27T16:32:42Z,46,"G1_20260927T163006Z",709168,"python3",0.2,74728,46546,"/usr/bin/python3 -c from ros2cli.daemon.daemonize import main; main() --name ros2-daemon --ros-domain-id 0 --rmw-implementation rmw_fastrtps_cpp"
2026-09-27T16:32:42Z,46,"G1_20260927T163006Z",724115,"python3",5.8,77076,48482,"python3 /wt/contributions/compute-benchmark/OsakaTX/scripts/synthetic_scan_publisher.py --duration 490 --loop-s 40 --hz 5.0 --noise 0.0"
2026-09-27T16:32:42Z,46,"G1_20260927T163006Z",724131,"ros2",0.8,79036,51179,"/usr/bin/python3 /opt/ros/jazzy/bin/ros2 launch /wt/contributions/compute-benchmark/OsakaTX/scripts/lifelong_launch.py slam_params_file:=/wt/contributions/compute-benchmark/OsakaTX/scripts/lifelong_slam_params.yaml use_sim_time:=False autostart:=true"
2026-09-27T16:32:42Z,46,"G1_20260927T163006Z",724132,"ros2",0.9,83668,55444,"/usr/bin/python3 /opt/ros/jazzy/bin/ros2 launch nav2_bringup bringup_launch.py map:=/wt/contributions/compute-benchmark/OsakaTX/scripts/../results/combo2/combo2_nav2_map.yaml params_file:=/wt/contributions/compute-benchmark/OsakaTX/scripts/nav2_params_bench.yaml use_sim_time:=False autostart:=True slam:=False use_localization:=False"
2026-09-27T16:32:42Z,46,"G1_20260927T163006Z",724151,"lifelong_slam_t",44.5,70196,49990,"/opt/ros/jazzy/lib/slam_toolbox/lifelong_slam_toolbox_node --ros-args -r __node:=slam_toolbox -r __ns:=/ --params-file /wt/contributions/compute-benchmark/OsakaTX/scripts/lifelong_slam_params.yaml --params-file /tmp/launch_params_zyre_0s5"
2026-09-27T16:32:42Z,46,"G1_20260927T163006Z",724184,"component_conta",46.0,170656,150428,"/opt/ros/jazzy/lib/rclcpp_components/component_container_isolated --ros-args --log-level info --ros-args -r __node:=nav2_container --params-file /tmp/launch_params___mpikbo --params-file /tmp/launch_params_femhr4gz -r /tf:=tf -r /tf_static:=tf_static"
2026-09-27T16:32:42Z,46,"G1_20260927T163006Z",724251,"python3",6.9,83068,54075,"python3 /wt/contributions/compute-benchmark/OsakaTX/scripts/nav_goal_seq.py --x 4 --y 4 --yaw 0 --every 22.0 --pause 2.0 --cancel --repeats 0"
2026-09-27T16:32:42Z,46,"G1_20260927T163006Z",724296,"bash",0.5,4480,1338,"bash /wt/contributions/compute-benchmark/xbattlax/scripts/measure_ros_processes.sh --pattern python3|ros2|slam|nav2|component_container|nav_goal_seq --duration 380 --interval 2 --label G1_20260927T163006Z --output /wt/contributions/compute-benchmark/OsakaTX/scripts/../results/combo2/G1_20260927T163006Z.csv"
2026-09-27T16:32:45Z,47,"G1_20260927T163006Z",709168,"python3",0.2,74728,46543,"/usr/bin/python3 -c from ros2cli.daemon.daemonize import main; main() --name ros2-daemon --ros-domain-id 0 --rmw-implementation rmw_fastrtps_cpp"
2026-09-27T16:32:45Z,47,"G1_20260927T163006Z",724115,"python3",5.8,77076,48490,"python3 /wt/contributions/compute-benchmark/OsakaTX/scripts/synthetic_scan_publisher.py --duration 490 --loop-s 40 --hz 5.0 --noise 0.0"
2026-09-27T16:32:45Z,47,"G1_20260927T163006Z",724131,"ros2",0.8,79040,51183,"/usr/bin/python3 /opt/ros/jazzy/bin/ros2 launch /wt/contributions/compute-benchmark/OsakaTX/scripts/lifelong_launch.py slam_params_file:=/wt/contributions/compute-benchmark/OsakaTX/scripts/lifelong_slam_params.yaml use_sim_time:=False autostart:=true"
2026-09-27T16:32:45Z,47,"G1_20260927T163006Z",724132,"ros2",0.9,83668,55444,"/usr/bin/python3 /opt/ros/jazzy/bin/ros2 launch nav2_bringup bringup_launch.py map:=/wt/contributions/compute-benchmark/OsakaTX/scripts/../results/combo2/combo2_nav2_map.yaml params_file:=/wt/contributions/compute-benchmark/OsakaTX/scripts/nav2_params_bench.yaml use_sim_time:=False autostart:=True slam:=False use_localization:=False"
2026-09-27T16:32:45Z,47,"G1_20260927T163006Z",724151,"lifelong_slam_t",44.4,70196,49989,"/opt/ros/jazzy/lib/slam_toolbox/lifelong_slam_toolbox_node --ros-args -r __node:=slam_toolbox -r __ns:=/ --params-file /wt/contributions/compute-benchmark/OsakaTX/scripts/lifelong_slam_params.yaml --params-file /tmp/launch_params_zyre_0s5"
2026-09-27T16:32:45Z,47,"G1_20260927T163006Z",724184,"component_conta",46.0,170656,150429,"/opt/ros/jazzy/lib/rclcpp_components/component_container_isolated --ros-args --log-level info --ros-args -r __node:=nav2_container --params-file /tmp/launch_params___mpikbo --params-file /tmp/launch_params_femhr4gz -r /tf:=tf -r /tf_static:=tf_static"
2026-09-27T16:32:45Z,47,"G1_20260927T163006Z",724251,"python3",6.9,83068,54070,"python3 /wt/contributions/compute-benchmark/OsakaTX/scripts/nav_goal_seq.py --x 4 --y 4 --yaw 0 --every 22.0 --pause 2.0 --cancel --repeats 0"
2026-09-27T16:32:45Z,47,"G1_20260927T163006Z",724296,"bash",0.5,4480,1342,"bash /wt/contributions/compute-benchmark/xbattlax/scripts/measure_ros_processes.sh --pattern python3|ros2|slam|nav2|component_container|nav_goal_seq --duration 380 --interval 2 --label G1_20260927T163006Z --output /wt/contributions/compute-benchmark/OsakaTX/scripts/../results/combo2/G1_20260927T163006Z.csv"
2026-09-27T16:32:47Z,48,"G1_20260927T163006Z",709168,"python3",0.2,74728,46545,"/usr/bin/python3 -c from ros2cli.daemon.daemonize import main; main() --name ros2-daemon --ros-domain-id 0 --rmw-implementation rmw_fastrtps_cpp"
2026-09-27T16:32:47Z,48,"G1_20260927T163006Z",724115,"python3",5.8,77076,48483,"python3 /wt/contributions/compute-benchmark/OsakaTX/scripts/synthetic_scan_publisher.py --duration 490 --loop-s 40 --hz 5.0 --noise 0.0"
2026-09-27T16:32:47Z,48,"G1_20260927T163006Z",724131,"ros2",0.8,79040,51183,"/usr/bin/python3 /opt/ros/jazzy/bin/ros2 launch /wt/contributions/compute-benchmark/OsakaTX/scripts/lifelong_launch.py slam_params_file:=/wt/contributions/compute-benchmark/OsakaTX/scripts/lifelong_slam_params.yaml use_sim_time:=False autostart:=true"
2026-09-27T16:32:47Z,48,"G1_20260927T163006Z",724132,"ros2",0.9,83668,55440,"/usr/bin/python3 /opt/ros/jazzy/bin/ros2 launch nav2_bringup bringup_launch.py map:=/wt/contributions/compute-benchmark/OsakaTX/scripts/../results/combo2/combo2_nav2_map.yaml params_file:=/wt/contributions/compute-benchmark/OsakaTX/scripts/nav2_params_bench.yaml use_sim_time:=False autostart:=True slam:=False use_localization:=False"
2026-09-27T16:32:47Z,48,"G1_20260927T163006Z",724151,"lifelong_slam_t",44.2,70196,49989,"/opt/ros/jazzy/lib/slam_toolbox/lifelong_slam_toolbox_node --ros-args -r __node:=slam_toolbox -r __ns:=/ --params-file /wt/contributions/compute-benchmark/OsakaTX/scripts/lifelong_slam_params.yaml --params-file /tmp/launch_params_zyre_0s5"
2026-09-27T16:32:47Z,48,"G1_20260927T163006Z",724184,"component_conta",46.0,169756,149527,"/opt/ros/jazzy/lib/rclcpp_components/component_container_isolated --ros-args --log-level info --ros-args -r __node:=nav2_container --params-file /tmp/launch_params___mpikbo --params-file /tmp/launch_params_femhr4gz -r /tf:=tf -r /tf_static:=tf_static"
2026-09-27T16:32:47Z,48,"G1_20260927T163006Z",724251,"python3",6.8,83068,54075,"python3 /wt/contributions/compute-benchmark/OsakaTX/scripts/nav_goal_seq.py --x 4 --y 4 --yaw 0 --every 22.0 --pause 2.0 --cancel --repeats 0"
2026-09-27T16:32:47Z,48,"G1_20260927T163006Z",724296,"bash",0.5,4480,1339,"bash /wt/contributions/compute-benchmark/xbattlax/scripts/measure_ros_processes.sh --pattern python3|ros2|slam|nav2|component_container|nav_goal_seq --duration 380 --interval 2 --label G1_20260927T163006Z --output /wt/contributions/compute-benchmark/OsakaTX/scripts/../results/combo2/G1_20260927T163006Z.csv"
2026-09-27T16:32:50Z,49,"G1_20260927T163006Z",709168,"python3",0.2,74728,46543,"/usr/bin/python3 -c from ros2cli.daemon.daemonize import main; main() --name ros2-daemon --ros-domain-id 0 --rmw-implementation rmw_fastrtps_cpp"
2026-09-27T16:32:50Z,49,"G1_20260927T163006Z",724115,"python3",5.7,77076,48489,"python3 /wt/contributions/compute-benchmark/OsakaTX/scripts/synthetic_scan_publisher.py --duration 490 --loop-s 40 --hz 5.0 --noise 0.0"
2026-09-27T16:32:50Z,49,"G1_20260927T163006Z",724131,"ros2",0.8,79044,51185,"/usr/bin/python3 /opt/ros/jazzy/bin/ros2 launch /wt/contributions/compute-benchmark/OsakaTX/scripts/lifelong_launch.py slam_params_file:=/wt/contributions/compute-benchmark/OsakaTX/scripts/lifelong_slam_params.yaml use_sim_time:=False autostart:=true"
2026-09-27T16:32:50Z,49,"G1_20260927T163006Z",724132,"ros2",0.9,83668,55437,"/usr/bin/python3 /opt/ros/jazzy/bin/ros2 launch nav2_bringup bringup_launch.py map:=/wt/contributions/compute-benchmark/OsakaTX/scripts/../results/combo2/combo2_nav2_map.yaml params_file:=/wt/contributions/compute-benchmark/OsakaTX/scripts/nav2_params_bench.yaml use_sim_time:=False autostart:=True slam:=False use_localization:=False"
2026-09-27T16:32:50Z,49,"G1_20260927T163006Z",724151,"lifelong_slam_t",44.0,70196,49990,"/opt/ros/jazzy/lib/slam_toolbox/lifelong_slam_toolbox_node --ros-args -r __node:=slam_toolbox -r __ns:=/ --params-file /wt/contributions/compute-benchmark/OsakaTX/scripts/lifelong_slam_params.yaml --params-file /tmp/launch_params_zyre_0s5"
2026-09-27T16:32:50Z,49,"G1_20260927T163006Z",724184,"component_conta",45.9,169780,149552,"/opt/ros/jazzy/lib/rclcpp_components/component_container_isolated --ros-args --log-level info --ros-args -r __node:=nav2_container --params-file /tmp/launch_params___mpikbo --params-file /tmp/launch_params_femhr4gz -r /tf:=tf -r /tf_static:=tf_static"
2026-09-27T16:32:50Z,49,"G1_20260927T163006Z",724251,"python3",6.8,83072,54075,"python3 /wt/contributions/compute-benchmark/OsakaTX/scripts/nav_goal_seq.py --x 4 --y 4 --yaw 0 --every 22.0 --pause 2.0 --cancel --repeats 0"
2026-09-27T16:32:50Z,49,"G1_20260927T163006Z",724296,"bash",0.5,4480,1337,"bash /wt/contributions/compute-benchmark/xbattlax/scripts/measure_ros_processes.sh --pattern python3|ros2|slam|nav2|component_container|nav_goal_seq --duration 380 --interval 2 --label G1_20260927T163006Z --output /wt/contributions/compute-benchmark/OsakaTX/scripts/../results/combo2/G1_20260927T163006Z.csv"
2026-09-27T16:32:52Z,50,"G1_20260927T163006Z",709168,"python3",0.2,74728,46542,"/usr/bin/python3 -c from ros2cli.daemon.daemonize import main; main() --name ros2-daemon --ros-domain-id 0 --rmw-implementation rmw_fastrtps_cpp"
2026-09-27T16:32:52Z,50,"G1_20260927T163006Z",724115,"python3",5.7,77076,48483,"python3 /wt/contributions/compute-benchmark/OsakaTX/scripts/synthetic_scan_publisher.py --duration 490 --loop-s 40 --hz 5.0 --noise 0.0"
2026-09-27T16:32:52Z,50,"G1_20260927T163006Z",724131,"ros2",0.8,79044,51185,"/usr/bin/python3 /opt/ros/jazzy/bin/ros2 launch /wt/contributions/compute-benchmark/OsakaTX/scripts/lifelong_launch.py slam_params_file:=/wt/contributions/compute-benchmark/OsakaTX/scripts/lifelong_slam_params.yaml use_sim_time:=False autostart:=true"
2026-09-27T16:32:52Z,50,"G1_20260927T163006Z",724132,"ros2",0.8,83668,55442,"/usr/bin/python3 /opt/ros/jazzy/bin/ros2 launch nav2_bringup bringup_launch.py map:=/wt/contributions/compute-benchmark/OsakaTX/scripts/../results/combo2/combo2_nav2_map.yaml params_file:=/wt/contributions/compute-benchmark/OsakaTX/scripts/nav2_params_bench.yaml use_sim_time:=False autostart:=True slam:=False use_localization:=False"
2026-09-27T16:32:52Z,50,"G1_20260927T163006Z",724151,"lifelong_slam_t",43.9,70296,50092,"/opt/ros/jazzy/lib/slam_toolbox/lifelong_slam_toolbox_node --ros-args -r __node:=slam_toolbox -r __ns:=/ --params-file /wt/contributions/compute-benchmark/OsakaTX/scripts/lifelong_slam_params.yaml --params-file /tmp/launch_params_zyre_0s5"
2026-09-27T16:32:52Z,50,"G1_20260927T163006Z",724184,"component_conta",46.1,169784,149556,"/opt/ros/jazzy/lib/rclcpp_components/component_container_isolated --ros-args --log-level info --ros-args -r __node:=nav2_container --params-file /tmp/launch_params___mpikbo --params-file /tmp/launch_params_femhr4gz -r /tf:=tf -r /tf_static:=tf_static"
2026-09-27T16:32:52Z,50,"G1_20260927T163006Z",724251,"python3",6.8,83076,54083,"python3 /wt/contributions/compute-benchmark/OsakaTX/scripts/nav_goal_seq.py --x 4 --y 4 --yaw 0 --every 22.0 --pause 2.0 --cancel --repeats 0"
2026-09-27T16:32:52Z,50,"G1_20260927T163006Z",724296,"bash",0.5,4480,1342,"bash /wt/contributions/compute-benchmark/xbattlax/scripts/measure_ros_processes.sh --pattern python3|ros2|slam|nav2|component_container|nav_goal_seq --duration 380 --interval 2 --label G1_20260927T163006Z --output /wt/contributions/compute-benchmark/OsakaTX/scripts/../results/combo2/G1_20260927T163006Z.csv"
2026-09-27T16:32:55Z,51,"G1_20260927T163006Z",709168,"python3",0.2,74728,46542,"/usr/bin/python3 -c from ros2cli.daemon.daemonize import main; main() --name ros2-daemon --ros-domain-id 0 --rmw-implementation rmw_fastrtps_cpp"
2026-09-27T16:32:55Z,51,"G1_20260927T163006Z",724115,"python3",5.7,77076,48490,"python3 /wt/contributions/compute-benchmark/OsakaTX/scripts/synthetic_scan_publisher.py --duration 490 --loop-s 40 --hz 5.0 --noise 0.0"
2026-09-27T16:32:55Z,51,"G1_20260927T163006Z",724131,"ros2",0.8,79044,51185,"/usr/bin/python3 /opt/ros/jazzy/bin/ros2 launch /wt/contributions/compute-benchmark/OsakaTX/scripts/lifelong_launch.py slam_params_file:=/wt/contributions/compute-benchmark/OsakaTX/scripts/lifelong_slam_params.yaml use_sim_time:=False autostart:=true"
2026-09-27T16:32:55Z,51,"G1_20260927T163006Z",724132,"ros2",0.8,83668,55443,"/usr/bin/python3 /opt/ros/jazzy/bin/ros2 launch nav2_bringup bringup_launch.py map:=/wt/contributions/compute-benchmark/OsakaTX/scripts/../results/combo2/combo2_nav2_map.yaml params_file:=/wt/contributions/compute-benchmark/OsakaTX/scripts/nav2_params_bench.yaml use_sim_time:=False autostart:=True slam:=False use_localization:=False"
2026-09-27T16:32:55Z,51,"G1_20260927T163006Z",724151,"lifelong_slam_t",43.9,70352,50147,"/opt/ros/jazzy/lib/slam_toolbox/lifelong_slam_toolbox_node --ros-args -r __node:=slam_toolbox -r __ns:=/ --params-file /wt/contributions/compute-benchmark/OsakaTX/scripts/lifelong_slam_params.yaml --params-file /tmp/launch_params_zyre_0s5"
2026-09-27T16:32:55Z,51,"G1_20260927T163006Z",724184,"component_conta",46.2,168472,148245,"/opt/ros/jazzy/lib/rclcpp_components/component_container_isolated --ros-args --log-level info --ros-args -r __node:=nav2_container --params-file /tmp/launch_params___mpikbo --params-file /tmp/launch_params_femhr4gz -r /tf:=tf -r /tf_static:=tf_static"
2026-09-27T16:32:55Z,51,"G1_20260927T163006Z",724251,"python3",6.8,83076,54083,"python3 /wt/contributions/compute-benchmark/OsakaTX/scripts/nav_goal_seq.py --x 4 --y 4 --yaw 0 --every 22.0 --pause 2.0 --cancel --repeats 0"
2026-09-27T16:32:55Z,51,"G1_20260927T163006Z",724296,"bash",0.5,4480,1341,"bash /wt/contributions/compute-benchmark/xbattlax/scripts/measure_ros_processes.sh --pattern python3|ros2|slam|nav2|component_container|nav_goal_seq --duration 380 --interval 2 --label G1_20260927T163006Z --output /wt/contributions/compute-benchmark/OsakaTX/scripts/../results/combo2/G1_20260927T163006Z.csv"
2026-09-27T16:32:57Z,52,"G1_20260927T163006Z",709168,"python3",0.2,74728,46544,"/usr/bin/python3 -c from ros2cli.daemon.daemonize import main; main() --name ros2-daemon --ros-domain-id 0 --rmw-implementation rmw_fastrtps_cpp"
2026-09-27T16:32:57Z,52,"G1_20260927T163006Z",724115,"python3",5.7,77076,48489,"python3 /wt/contributions/compute-benchmark/OsakaTX/scripts/synthetic_scan_publisher.py --duration 490 --loop-s 40 --hz 5.0 --noise 0.0"
2026-09-27T16:32:57Z,52,"G1_20260927T163006Z",724131,"ros2",0.8,79052,51195,"/usr/bin/python3 /opt/ros/jazzy/bin/ros2 launch /wt/contributions/compute-benchmark/OsakaTX/scripts/lifelong_launch.py slam_params_file:=/wt/contributions/compute-benchmark/OsakaTX/scripts/lifelong_slam_params.yaml use_sim_time:=False autostart:=true"
2026-09-27T16:32:57Z,52,"G1_20260927T163006Z",724132,"ros2",0.8,83668,55443,"/usr/bin/python3 /opt/ros/jazzy/bin/ros2 launch nav2_bringup bringup_launch.py map:=/wt/contributions/compute-benchmark/OsakaTX/scripts/../results/combo2/combo2_nav2_map.yaml params_file:=/wt/contributions/compute-benchmark/OsakaTX/scripts/nav2_params_bench.yaml use_sim_time:=False autostart:=True slam:=False use_localization:=False"
2026-09-27T16:32:57Z,52,"G1_20260927T163006Z",724151,"lifelong_slam_t",44.0,70540,50337,"/opt/ros/jazzy/lib/slam_toolbox/lifelong_slam_toolbox_node --ros-args -r __node:=slam_toolbox -r __ns:=/ --params-file /wt/contributions/compute-benchmark/OsakaTX/scripts/lifelong_slam_params.yaml --params-file /tmp/launch_params_zyre_0s5"
2026-09-27T16:32:57Z,52,"G1_20260927T163006Z",724184,"component_conta",46.2,168472,148243,"/opt/ros/jazzy/lib/rclcpp_components/component_container_isolated --ros-args --log-level info --ros-args -r __node:=nav2_container --params-file /tmp/launch_params___mpikbo --params-file /tmp/launch_params_femhr4gz -r /tf:=tf -r /tf_static:=tf_static"
2026-09-27T16:32:57Z,52,"G1_20260927T163006Z",724251,"python3",6.8,83076,54079,"python3 /wt/contributions/compute-benchmark/OsakaTX/scripts/nav_goal_seq.py --x 4 --y 4 --yaw 0 --every 22.0 --pause 2.0 --cancel --repeats 0"
2026-09-27T16:32:57Z,52,"G1_20260927T163006Z",724296,"bash",0.5,4480,1342,"bash /wt/contributions/compute-benchmark/xbattlax/scripts/measure_ros_processes.sh --pattern python3|ros2|slam|nav2|component_container|nav_goal_seq --duration 380 --interval 2 --label G1_20260927T163006Z --output /wt/contributions/compute-benchmark/OsakaTX/scripts/../results/combo2/G1_20260927T163006Z.csv"
2026-09-27T16:32:59Z,53,"G1_20260927T163006Z",709168,"python3",0.2,74728,46542,"/usr/bin/python3 -c from ros2cli.daemon.daemonize import main; main() --name ros2-daemon --ros-domain-id 0 --rmw-implementation rmw_fastrtps_cpp"
2026-09-27T16:32:59Z,53,"G1_20260927T163006Z",724115,"python3",5.7,77076,48491,"python3 /wt/contributions/compute-benchmark/OsakaTX/scripts/synthetic_scan_publisher.py --duration 490 --loop-s 40 --hz 5.0 --noise 0.0"
2026-09-27T16:32:59Z,53,"G1_20260927T163006Z",724131,"ros2",0.8,79052,51194,"/usr/bin/python3 /opt/ros/jazzy/bin/ros2 launch /wt/contributions/compute-benchmark/OsakaTX/scripts/lifelong_launch.py slam_params_file:=/wt/contributions/compute-benchmark/OsakaTX/scripts/lifelong_slam_params.yaml use_sim_time:=False autostart:=true"
2026-09-27T16:32:59Z,53,"G1_20260927T163006Z",724132,"ros2",0.8,83668,55445,"/usr/bin/python3 /opt/ros/jazzy/bin/ros2 launch nav2_bringup bringup_launch.py map:=/wt/contributions/compute-benchmark/OsakaTX/scripts/../results/combo2/combo2_nav2_map.yaml params_file:=/wt/contributions/compute-benchmark/OsakaTX/scripts/nav2_params_bench.yaml use_sim_time:=False autostart:=True slam:=False use_localization:=False"
2026-09-27T16:32:59Z,53,"G1_20260927T163006Z",724151,"lifelong_slam_t",44.2,70548,50342,"/opt/ros/jazzy/lib/slam_toolbox/lifelong_slam_toolbox_node --ros-args -r __node:=slam_toolbox -r __ns:=/ --params-file /wt/contributions/compute-benchmark/OsakaTX/scripts/lifelong_slam_params.yaml --params-file /tmp/launch_params_zyre_0s5"
2026-09-27T16:32:59Z,53,"G1_20260927T163006Z",724184,"component_conta",46.3,164824,146345,"/opt/ros/jazzy/lib/rclcpp_components/component_container_isolated --ros-args --log-level info --ros-args -r __node:=nav2_container --params-file /tmp/launch_params___mpikbo --params-file /tmp/launch_params_femhr4gz -r /tf:=tf -r /tf_static:=tf_static"
2026-09-27T16:32:59Z,53,"G1_20260927T163006Z",724251,"python3",6.8,83076,54079,"python3 /wt/contributions/compute-benchmark/OsakaTX/scripts/nav_goal_seq.py --x 4 --y 4 --yaw 0 --every 22.0 --pause 2.0 --cancel --repeats 0"
2026-09-27T16:32:59Z,53,"G1_20260927T163006Z",724296,"bash",0.5,4480,1344,"bash /wt/contributions/compute-benchmark/xbattlax/scripts/measure_ros_processes.sh --pattern python3|ros2|slam|nav2|component_container|nav_goal_seq --duration 380 --interval 2 --label G1_20260927T163006Z --output /wt/contributions/compute-benchmark/OsakaTX/scripts/../results/combo2/G1_20260927T163006Z.csv"
2026-09-27T16:33:02Z,54,"G1_20260927T163006Z",709168,"python3",0.2,74728,46545,"/usr/bin/python3 -c from ros2cli.daemon.daemonize import main; main() --name ros2-daemon --ros-domain-id 0 --rmw-implementation rmw_fastrtps_cpp"
2026-09-27T16:33:02Z,54,"G1_20260927T163006Z",724115,"python3",5.7,77076,48490,"python3 /wt/contributions/compute-benchmark/OsakaTX/scripts/synthetic_scan_publisher.py --duration 490 --loop-s 40 --hz 5.0 --noise 0.0"
2026-09-27T16:33:02Z,54,"G1_20260927T163006Z",724131,"ros2",0.8,79056,51199,"/usr/bin/python3 /opt/ros/jazzy/bin/ros2 launch /wt/contributions/compute-benchmark/OsakaTX/scripts/lifelong_launch.py slam_params_file:=/wt/contributions/compute-benchmark/OsakaTX/scripts/lifelong_slam_params.yaml use_sim_time:=False autostart:=true"
2026-09-27T16:33:02Z,54,"G1_20260927T163006Z",724132,"ros2",0.8,83668,55443,"/usr/bin/python3 /opt/ros/jazzy/bin/ros2 launch nav2_bringup bringup_launch.py map:=/wt/contributions/compute-benchmark/OsakaTX/scripts/../results/combo2/combo2_nav2_map.yaml params_file:=/wt/contributions/compute-benchmark/OsakaTX/scripts/nav2_params_bench.yaml use_sim_time:=False autostart:=True slam:=False use_localization:=False"
2026-09-27T16:33:02Z,54,"G1_20260927T163006Z",724151,"lifelong_slam_t",44.2,70548,50344,"/opt/ros/jazzy/lib/slam_toolbox/lifelong_slam_toolbox_node --ros-args -r __node:=slam_toolbox -r __ns:=/ --params-file /wt/contributions/compute-benchmark/OsakaTX/scripts/lifelong_slam_params.yaml --params-file /tmp/launch_params_zyre_0s5"
2026-09-27T16:33:02Z,54,"G1_20260927T163006Z",724184,"component_conta",46.4,164824,144597,"/opt/ros/jazzy/lib/rclcpp_components/component_container_isolated --ros-args --log-level info --ros-args -r __node:=nav2_container --params-file /tmp/launch_params___mpikbo --params-file /tmp/launch_params_femhr4gz -r /tf:=tf -r /tf_static:=tf_static"
2026-09-27T16:33:02Z,54,"G1_20260927T163006Z",724251,"python3",6.8,83076,54084,"python3 /wt/contributions/compute-benchmark/OsakaTX/scripts/nav_goal_seq.py --x 4 --y 4 --yaw 0 --every 22.0 --pause 2.0 --cancel --repeats 0"
2026-09-27T16:33:02Z,54,"G1_20260927T163006Z",724296,"bash",0.5,4480,1338,"bash /wt/contributions/compute-benchmark/xbattlax/scripts/measure_ros_processes.sh --pattern python3|ros2|slam|nav2|component_container|nav_goal_seq --duration 380 --interval 2 --label G1_20260927T163006Z --output /wt/contributions/compute-benchmark/OsakaTX/scripts/../results/combo2/G1_20260927T163006Z.csv"
2026-09-27T16:33:05Z,55,"G1_20260927T163006Z",709168,"python3",0.2,74728,46544,"/usr/bin/python3 -c from ros2cli.daemon.daemonize import main; main() --name ros2-daemon --ros-domain-id 0 --rmw-implementation rmw_fastrtps_cpp"
2026-09-27T16:33:05Z,55,"G1_20260927T163006Z",724115,"python3",5.7,77076,48487,"python3 /wt/contributions/compute-benchmark/OsakaTX/scripts/synthetic_scan_publisher.py --duration 490 --loop-s 40 --hz 5.0 --noise 0.0"
2026-09-27T16:33:05Z,55,"G1_20260927T163006Z",724131,"ros2",0.8,79060,51201,"/usr/bin/python3 /opt/ros/jazzy/bin/ros2 launch /wt/contributions/compute-benchmark/OsakaTX/scripts/lifelong_launch.py slam_params_file:=/wt/contributions/compute-benchmark/OsakaTX/scripts/lifelong_slam_params.yaml use_sim_time:=False autostart:=true"
2026-09-27T16:33:05Z,55,"G1_20260927T163006Z",724132,"ros2",0.8,83668,55442,"/usr/bin/python3 /opt/ros/jazzy/bin/ros2 launch nav2_bringup bringup_launch.py map:=/wt/contributions/compute-benchmark/OsakaTX/scripts/../results/combo2/combo2_nav2_map.yaml params_file:=/wt/contributions/compute-benchmark/OsakaTX/scripts/nav2_params_bench.yaml use_sim_time:=False autostart:=True slam:=False use_localization:=False"
2026-09-27T16:33:05Z,55,"G1_20260927T163006Z",724151,"lifelong_slam_t",44.4,70548,50343,"/opt/ros/jazzy/lib/slam_toolbox/lifelong_slam_toolbox_node --ros-args -r __node:=slam_toolbox -r __ns:=/ --params-file /wt/contributions/compute-benchmark/OsakaTX/scripts/lifelong_slam_params.yaml --params-file /tmp/launch_params_zyre_0s5"
2026-09-27T16:33:05Z,55,"G1_20260927T163006Z",724184,"component_conta",46.5,164824,144597,"/opt/ros/jazzy/lib/rclcpp_components/component_container_isolated --ros-args --log-level info --ros-args -r __node:=nav2_container --params-file /tmp/launch_params___mpikbo --params-file /tmp/launch_params_femhr4gz -r /tf:=tf -r /tf_static:=tf_static"
2026-09-27T16:33:05Z,55,"G1_20260927T163006Z",724251,"python3",6.8,83076,54083,"python3 /wt/contributions/compute-benchmark/OsakaTX/scripts/nav_goal_seq.py --x 4 --y 4 --yaw 0 --every 22.0 --pause 2.0 --cancel --repeats 0"
2026-09-27T16:33:05Z,55,"G1_20260927T163006Z",724296,"bash",0.5,4480,1342,"bash /wt/contributions/compute-benchmark/xbattlax/scripts/measure_ros_processes.sh --pattern python3|ros2|slam|nav2|component_container|nav_goal_seq --duration 380 --interval 2 --label G1_20260927T163006Z --output /wt/contributions/compute-benchmark/OsakaTX/scripts/../results/combo2/G1_20260927T163006Z.csv"
2026-09-27T16:33:07Z,56,"G1_20260927T163006Z",709168,"python3",0.2,74728,46542,"/usr/bin/python3 -c from ros2cli.daemon.daemonize import main; main() --name ros2-daemon --ros-domain-id 0 --rmw-implementation rmw_fastrtps_cpp"
2026-09-27T16:33:07Z,56,"G1_20260927T163006Z",724115,"python3",5.7,77076,48491,"python3 /wt/contributions/compute-benchmark/OsakaTX/scripts/synthetic_scan_publisher.py --duration 490 --loop-s 40 --hz 5.0 --noise 0.0"
2026-09-27T16:33:07Z,56,"G1_20260927T163006Z",724131,"ros2",0.8,79068,51208,"/usr/bin/python3 /opt/ros/jazzy/bin/ros2 launch /wt/contributions/compute-benchmark/OsakaTX/scripts/lifelong_launch.py slam_params_file:=/wt/contributions/compute-benchmark/OsakaTX/scripts/lifelong_slam_params.yaml use_sim_time:=False autostart:=true"
2026-09-27T16:33:07Z,56,"G1_20260927T163006Z",724132,"ros2",0.8,83668,55443,"/usr/bin/python3 /opt/ros/jazzy/bin/ros2 launch nav2_bringup bringup_launch.py map:=/wt/contributions/compute-benchmark/OsakaTX/scripts/../results/combo2/combo2_nav2_map.yaml params_file:=/wt/contributions/compute-benchmark/OsakaTX/scripts/nav2_params_bench.yaml use_sim_time:=False autostart:=True slam:=False use_localization:=False"
2026-09-27T16:33:07Z,56,"G1_20260927T163006Z",724151,"lifelong_slam_t",44.5,70548,50343,"/opt/ros/jazzy/lib/slam_toolbox/lifelong_slam_toolbox_node --ros-args -r __node:=slam_toolbox -r __ns:=/ --params-file /wt/contributions/compute-benchmark/OsakaTX/scripts/lifelong_slam_params.yaml --params-file /tmp/launch_params_zyre_0s5"
2026-09-27T16:33:07Z,56,"G1_20260927T163006Z",724184,"component_conta",46.6,164856,144629,"/opt/ros/jazzy/lib/rclcpp_components/component_container_isolated --ros-args --log-level info --ros-args -r __node:=nav2_container --params-file /tmp/launch_params___mpikbo --params-file /tmp/launch_params_femhr4gz -r /tf:=tf -r /tf_static:=tf_static"
2026-09-27T16:33:07Z,56,"G1_20260927T163006Z",724251,"python3",6.8,83076,54079,"python3 /wt/contributions/compute-benchmark/OsakaTX/scripts/nav_goal_seq.py --x 4 --y 4 --yaw 0 --every 22.0 --pause 2.0 --cancel --repeats 0"
2026-09-27T16:33:07Z,56,"G1_20260927T163006Z",724296,"bash",0.5,4480,1340,"bash /wt/contributions/compute-benchmark/xbattlax/scripts/measure_ros_processes.sh --pattern python3|ros2|slam|nav2|component_container|nav_goal_seq --duration 380 --interval 2 --label G1_20260927T163006Z --output /wt/contributions/compute-benchmark/OsakaTX/scripts/../results/combo2/G1_20260927T163006Z.csv"
2026-09-27T16:33:10Z,57,"G1_20260927T163006Z",709168,"python3",0.2,74728,46545,"/usr/bin/python3 -c from ros2cli.daemon.daemonize import main; main() --name ros2-daemon --ros-domain-id 0 --rmw-implementation rmw_fastrtps_cpp"
2026-09-27T16:33:10Z,57,"G1_20260927T163006Z",724115,"python3",5.7,77076,48489,"python3 /wt/contributions/compute-benchmark/OsakaTX/scripts/synthetic_scan_publisher.py --duration 490 --loop-s 40 --hz 5.0 --noise 0.0"
2026-09-27T16:33:10Z,57,"G1_20260927T163006Z",724131,"ros2",0.8,79076,51217,"/usr/bin/python3 /opt/ros/jazzy/bin/ros2 launch /wt/contributions/compute-benchmark/OsakaTX/scripts/lifelong_launch.py slam_params_file:=/wt/contributions/compute-benchmark/OsakaTX/scripts/lifelong_slam_params.yaml use_sim_time:=False autostart:=true"
2026-09-27T16:33:10Z,57,"G1_20260927T163006Z",724132,"ros2",0.8,83668,55443,"/usr/bin/python3 /opt/ros/jazzy/bin/ros2 launch nav2_bringup bringup_launch.py map:=/wt/contributions/compute-benchmark/OsakaTX/scripts/../results/combo2/combo2_nav2_map.yaml params_file:=/wt/contributions/compute-benchmark/OsakaTX/scripts/nav2_params_bench.yaml use_sim_time:=False autostart:=True slam:=False use_localization:=False"
2026-09-27T16:33:10Z,57,"G1_20260927T163006Z",724151,"lifelong_slam_t",44.5,70548,50342,"/opt/ros/jazzy/lib/slam_toolbox/lifelong_slam_toolbox_node --ros-args -r __node:=slam_toolbox -r __ns:=/ --params-file /wt/contributions/compute-benchmark/OsakaTX/scripts/lifelong_slam_params.yaml --params-file /tmp/launch_params_zyre_0s5"
2026-09-27T16:33:10Z,57,"G1_20260927T163006Z",724184,"component_conta",46.7,164856,144629,"/opt/ros/jazzy/lib/rclcpp_components/component_container_isolated --ros-args --log-level info --ros-args -r __node:=nav2_container --params-file /tmp/launch_params___mpikbo --params-file /tmp/launch_params_femhr4gz -r /tf:=tf -r /tf_static:=tf_static"
2026-09-27T16:33:10Z,57,"G1_20260927T163006Z",724251,"python3",6.8,83076,54083,"python3 /wt/contributions/compute-benchmark/OsakaTX/scripts/nav_goal_seq.py --x 4 --y 4 --yaw 0 --every 22.0 --pause 2.0 --cancel --repeats 0"
2026-09-27T16:33:10Z,57,"G1_20260927T163006Z",724296,"bash",0.5,4480,1340,"bash /wt/contributions/compute-benchmark/xbattlax/scripts/measure_ros_processes.sh --pattern python3|ros2|slam|nav2|component_container|nav_goal_seq --duration 380 --interval 2 --label G1_20260927T163006Z --output /wt/contributions/compute-benchmark/OsakaTX/scripts/../results/combo2/G1_20260927T163006Z.csv"
2026-09-27T16:33:12Z,58,"G1_20260927T163006Z",709168,"python3",0.2,74728,46545,"/usr/bin/python3 -c from ros2cli.daemon.daemonize import main; main() --name ros2-daemon --ros-domain-id 0 --rmw-implementation rmw_fastrtps_cpp"
2026-09-27T16:33:12Z,58,"G1_20260927T163006Z",724115,"python3",5.7,77076,48490,"python3 /wt/contributions/compute-benchmark/OsakaTX/scripts/synthetic_scan_publisher.py --duration 490 --loop-s 40 --hz 5.0 --noise 0.0"
2026-09-27T16:33:12Z,58,"G1_20260927T163006Z",724131,"ros2",0.8,79076,51217,"/usr/bin/python3 /opt/ros/jazzy/bin/ros2 launch /wt/contributions/compute-benchmark/OsakaTX/scripts/lifelong_launch.py slam_params_file:=/wt/contributions/compute-benchmark/OsakaTX/scripts/lifelong_slam_params.yaml use_sim_time:=False autostart:=true"
2026-09-27T16:33:12Z,58,"G1_20260927T163006Z",724132,"ros2",0.8,83668,55444,"/usr/bin/python3 /opt/ros/jazzy/bin/ros2 launch nav2_bringup bringup_launch.py map:=/wt/contributions/compute-benchmark/OsakaTX/scripts/../results/combo2/combo2_nav2_map.yaml params_file:=/wt/contributions/compute-benchmark/OsakaTX/scripts/nav2_params_bench.yaml use_sim_time:=False autostart:=True slam:=False use_localization:=False"
2026-09-27T16:33:12Z,58,"G1_20260927T163006Z",724151,"lifelong_slam_t",44.4,70548,50343,"/opt/ros/jazzy/lib/slam_toolbox/lifelong_slam_toolbox_node --ros-args -r __node:=slam_toolbox -r __ns:=/ --params-file /wt/contributions/compute-benchmark/OsakaTX/scripts/lifelong_slam_params.yaml --params-file /tmp/launch_params_zyre_0s5"
2026-09-27T16:33:12Z,58,"G1_20260927T163006Z",724184,"component_conta",46.4,164960,144733,"/opt/ros/jazzy/lib/rclcpp_components/component_container_isolated --ros-args --log-level info --ros-args -r __node:=nav2_container --params-file /tmp/launch_params___mpikbo --params-file /tmp/launch_params_femhr4gz -r /tf:=tf -r /tf_static:=tf_static"
2026-09-27T16:33:12Z,58,"G1_20260927T163006Z",724251,"python3",6.7,83076,54083,"python3 /wt/contributions/compute-benchmark/OsakaTX/scripts/nav_goal_seq.py --x 4 --y 4 --yaw 0 --every 22.0 --pause 2.0 --cancel --repeats 0"
2026-09-27T16:33:12Z,58,"G1_20260927T163006Z",724296,"bash",0.5,4480,1335,"bash /wt/contributions/compute-benchmark/xbattlax/scripts/measure_ros_processes.sh --pattern python3|ros2|slam|nav2|component_container|nav_goal_seq --duration 380 --interval 2 --label G1_20260927T163006Z --output /wt/contributions/compute-benchmark/OsakaTX/scripts/../results/combo2/G1_20260927T163006Z.csv"
2026-09-27T16:33:14Z,59,"G1_20260927T163006Z",709168,"python3",0.2,74728,46545,"/usr/bin/python3 -c from ros2cli.daemon.daemonize import main; main() --name ros2-daemon --ros-domain-id 0 --rmw-implementation rmw_fastrtps_cpp"
2026-09-27T16:33:14Z,59,"G1_20260927T163006Z",724115,"python3",5.6,77076,48489,"python3 /wt/contributions/compute-benchmark/OsakaTX/scripts/synthetic_scan_publisher.py --duration 490 --loop-s 40 --hz 5.0 --noise 0.0"
2026-09-27T16:33:14Z,59,"G1_20260927T163006Z",724131,"ros2",0.8,79076,51219,"/usr/bin/python3 /opt/ros/jazzy/bin/ros2 launch /wt/contributions/compute-benchmark/OsakaTX/scripts/lifelong_launch.py slam_params_file:=/wt/contributions/compute-benchmark/OsakaTX/scripts/lifelong_slam_params.yaml use_sim_time:=False autostart:=true"
2026-09-27T16:33:14Z,59,"G1_20260927T163006Z",724132,"ros2",0.8,83668,55444,"/usr/bin/python3 /opt/ros/jazzy/bin/ros2 launch nav2_bringup bringup_launch.py map:=/wt/contributions/compute-benchmark/OsakaTX/scripts/../results/combo2/combo2_nav2_map.yaml params_file:=/wt/contributions/compute-benchmark/OsakaTX/scripts/nav2_params_bench.yaml use_sim_time:=False autostart:=True slam:=False use_localization:=False"
2026-09-27T16:33:14Z,59,"G1_20260927T163006Z",724151,"lifelong_slam_t",44.3,70548,50343,"/opt/ros/jazzy/lib/slam_toolbox/lifelong_slam_toolbox_node --ros-args -r __node:=slam_toolbox -r __ns:=/ --params-file /wt/contributions/compute-benchmark/OsakaTX/scripts/lifelong_slam_params.yaml --params-file /tmp/launch_params_zyre_0s5"
2026-09-27T16:33:14Z,59,"G1_20260927T163006Z",724184,"component_conta",46.5,165556,145327,"/opt/ros/jazzy/lib/rclcpp_components/component_container_isolated --ros-args --log-level info --ros-args -r __node:=nav2_container --params-file /tmp/launch_params___mpikbo --params-file /tmp/launch_params_femhr4gz -r /tf:=tf -r /tf_static:=tf_static"
2026-09-27T16:33:14Z,59,"G1_20260927T163006Z",724251,"python3",6.7,83076,54083,"python3 /wt/contributions/compute-benchmark/OsakaTX/scripts/nav_goal_seq.py --x 4 --y 4 --yaw 0 --every 22.0 --pause 2.0 --cancel --repeats 0"
2026-09-27T16:33:14Z,59,"G1_20260927T163006Z",724296,"bash",0.5,4480,1343,"bash /wt/contributions/compute-benchmark/xbattlax/scripts/measure_ros_processes.sh --pattern python3|ros2|slam|nav2|component_container|nav_goal_seq --duration 380 --interval 2 --label G1_20260927T163006Z --output /wt/contributions/compute-benchmark/OsakaTX/scripts/../results/combo2/G1_20260927T163006Z.csv"
2026-09-27T16:33:17Z,60,"G1_20260927T163006Z",709168,"python3",0.2,74728,46542,"/usr/bin/python3 -c from ros2cli.daemon.daemonize import main; main() --name ros2-daemon --ros-domain-id 0 --rmw-implementation rmw_fastrtps_cpp"
2026-09-27T16:33:17Z,60,"G1_20260927T163006Z",724115,"python3",5.6,77076,48489,"python3 /wt/contributions/compute-benchmark/OsakaTX/scripts/synthetic_scan_publisher.py --duration 490 --loop-s 40 --hz 5.0 --noise 0.0"
2026-09-27T16:33:17Z,60,"G1_20260927T163006Z",724131,"ros2",0.8,79076,51216,"/usr/bin/python3 /opt/ros/jazzy/bin/ros2 launch /wt/contributions/compute-benchmark/OsakaTX/scripts/lifelong_launch.py slam_params_file:=/wt/contributions/compute-benchmark/OsakaTX/scripts/lifelong_slam_params.yaml use_sim_time:=False autostart:=true"
2026-09-27T16:33:17Z,60,"G1_20260927T163006Z",724132,"ros2",0.8,83668,55444,"/usr/bin/python3 /opt/ros/jazzy/bin/ros2 launch nav2_bringup bringup_launch.py map:=/wt/contributions/compute-benchmark/OsakaTX/scripts/../results/combo2/combo2_nav2_map.yaml params_file:=/wt/contributions/compute-benchmark/OsakaTX/scripts/nav2_params_bench.yaml use_sim_time:=False autostart:=True slam:=False use_localization:=False"
2026-09-27T16:33:17Z,60,"G1_20260927T163006Z",724151,"lifelong_slam_t",44.3,70548,50342,"/opt/ros/jazzy/lib/slam_toolbox/lifelong_slam_toolbox_node --ros-args -r __node:=slam_toolbox -r __ns:=/ --params-file /wt/contributions/compute-benchmark/OsakaTX/scripts/lifelong_slam_params.yaml --params-file /tmp/launch_params_zyre_0s5"
2026-09-27T16:33:17Z,60,"G1_20260927T163006Z",724184,"component_conta",46.6,165556,145329,"/opt/ros/jazzy/lib/rclcpp_components/component_container_isolated --ros-args --log-level info --ros-args -r __node:=nav2_container --params-file /tmp/launch_params___mpikbo --params-file /tmp/launch_params_femhr4gz -r /tf:=tf -r /tf_static:=tf_static"
2026-09-27T16:33:17Z,60,"G1_20260927T163006Z",724251,"python3",6.7,83076,54083,"python3 /wt/contributions/compute-benchmark/OsakaTX/scripts/nav_goal_seq.py --x 4 --y 4 --yaw 0 --every 22.0 --pause 2.0 --cancel --repeats 0"
2026-09-27T16:33:17Z,60,"G1_20260927T163006Z",724296,"bash",0.5,4480,1344,"bash /wt/contributions/compute-benchmark/xbattlax/scripts/measure_ros_processes.sh --pattern python3|ros2|slam|nav2|component_container|nav_goal_seq --duration 380 --interval 2 --label G1_20260927T163006Z --output /wt/contributions/compute-benchmark/OsakaTX/scripts/../results/combo2/G1_20260927T163006Z.csv"
2026-09-27T16:33:19Z,61,"G1_20260927T163006Z",709168,"python3",0.2,74728,46543,"/usr/bin/python3 -c from ros2cli.daemon.daemonize import main; main() --name ros2-daemon --ros-domain-id 0 --rmw-implementation rmw_fastrtps_cpp"
2026-09-27T16:33:19Z,61,"G1_20260927T163006Z",724115,"python3",5.6,77076,48490,"python3 /wt/contributions/compute-benchmark/OsakaTX/scripts/synthetic_scan_publisher.py --duration 490 --loop-s 40 --hz 5.0 --noise 0.0"
2026-09-27T16:33:19Z,61,"G1_20260927T163006Z",724131,"ros2",0.8,79076,51216,"/usr/bin/python3 /opt/ros/jazzy/bin/ros2 launch /wt/contributions/compute-benchmark/OsakaTX/scripts/lifelong_launch.py slam_params_file:=/wt/contributions/compute-benchmark/OsakaTX/scripts/lifelong_slam_params.yaml use_sim_time:=False autostart:=true"
2026-09-27T16:33:19Z,61,"G1_20260927T163006Z",724132,"ros2",0.7,83668,55443,"/usr/bin/python3 /opt/ros/jazzy/bin/ros2 launch nav2_bringup bringup_launch.py map:=/wt/contributions/compute-benchmark/OsakaTX/scripts/../results/combo2/combo2_nav2_map.yaml params_file:=/wt/contributions/compute-benchmark/OsakaTX/scripts/nav2_params_bench.yaml use_sim_time:=False autostart:=True slam:=False use_localization:=False"
2026-09-27T16:33:19Z,61,"G1_20260927T163006Z",724151,"lifelong_slam_t",44.3,70548,50345,"/opt/ros/jazzy/lib/slam_toolbox/lifelong_slam_toolbox_node --ros-args -r __node:=slam_toolbox -r __ns:=/ --params-file /wt/contributions/compute-benchmark/OsakaTX/scripts/lifelong_slam_params.yaml --params-file /tmp/launch_params_zyre_0s5"
2026-09-27T16:33:19Z,61,"G1_20260927T163006Z",724184,"component_conta",46.7,165556,145328,"/opt/ros/jazzy/lib/rclcpp_components/component_container_isolated --ros-args --log-level info --ros-args -r __node:=nav2_container --params-file /tmp/launch_params___mpikbo --params-file /tmp/launch_params_femhr4gz -r /tf:=tf -r /tf_static:=tf_static"
2026-09-27T16:33:19Z,61,"G1_20260927T163006Z",724251,"python3",6.7,83076,54084,"python3 /wt/contributions/compute-benchmark/OsakaTX/scripts/nav_goal_seq.py --x 4 --y 4 --yaw 0 --every 22.0 --pause 2.0 --cancel --repeats 0"
2026-09-27T16:33:19Z,61,"G1_20260927T163006Z",724296,"bash",0.5,4480,1343,"bash /wt/contributions/compute-benchmark/xbattlax/scripts/measure_ros_processes.sh --pattern python3|ros2|slam|nav2|component_container|nav_goal_seq --duration 380 --interval 2 --label G1_20260927T163006Z --output /wt/contributions/compute-benchmark/OsakaTX/scripts/../results/combo2/G1_20260927T163006Z.csv"
2026-09-27T16:33:22Z,62,"G1_20260927T163006Z",709168,"python3",0.2,74728,46543,"/usr/bin/python3 -c from ros2cli.daemon.daemonize import main; main() --name ros2-daemon --ros-domain-id 0 --rmw-implementation rmw_fastrtps_cpp"
2026-09-27T16:33:22Z,62,"G1_20260927T163006Z",724115,"python3",5.6,77076,48491,"python3 /wt/contributions/compute-benchmark/OsakaTX/scripts/synthetic_scan_publisher.py --duration 490 --loop-s 40 --hz 5.0 --noise 0.0"
2026-09-27T16:33:22Z,62,"G1_20260927T163006Z",724131,"ros2",0.8,79076,51218,"/usr/bin/python3 /opt/ros/jazzy/bin/ros2 launch /wt/contributions/compute-benchmark/OsakaTX/scripts/lifelong_launch.py slam_params_file:=/wt/contributions/compute-benchmark/OsakaTX/scripts/lifelong_slam_params.yaml use_sim_time:=False autostart:=true"
2026-09-27T16:33:22Z,62,"G1_20260927T163006Z",724132,"ros2",0.7,83668,55442,"/usr/bin/python3 /opt/ros/jazzy/bin/ros2 launch nav2_bringup bringup_launch.py map:=/wt/contributions/compute-benchmark/OsakaTX/scripts/../results/combo2/combo2_nav2_map.yaml params_file:=/wt/contributions/compute-benchmark/OsakaTX/scripts/nav2_params_bench.yaml use_sim_time:=False autostart:=True slam:=False use_localization:=False"
2026-09-27T16:33:22Z,62,"G1_20260927T163006Z",724151,"lifelong_slam_t",44.3,70548,50342,"/opt/ros/jazzy/lib/slam_toolbox/lifelong_slam_toolbox_node --ros-args -r __node:=slam_toolbox -r __ns:=/ --params-file /wt/contributions/compute-benchmark/OsakaTX/scripts/lifelong_slam_params.yaml --params-file /tmp/launch_params_zyre_0s5"
2026-09-27T16:33:22Z,62,"G1_20260927T163006Z",724184,"component_conta",46.7,165556,145328,"/opt/ros/jazzy/lib/rclcpp_components/component_container_isolated --ros-args --log-level info --ros-args -r __node:=nav2_container --params-file /tmp/launch_params___mpikbo --params-file /tmp/launch_params_femhr4gz -r /tf:=tf -r /tf_static:=tf_static"
2026-09-27T16:33:22Z,62,"G1_20260927T163006Z",724251,"python3",6.7,83076,54083,"python3 /wt/contributions/compute-benchmark/OsakaTX/scripts/nav_goal_seq.py --x 4 --y 4 --yaw 0 --every 22.0 --pause 2.0 --cancel --repeats 0"
2026-09-27T16:33:22Z,62,"G1_20260927T163006Z",724296,"bash",0.5,4480,1341,"bash /wt/contributions/compute-benchmark/xbattlax/scripts/measure_ros_processes.sh --pattern python3|ros2|slam|nav2|component_container|nav_goal_seq --duration 380 --interval 2 --label G1_20260927T163006Z --output /wt/contributions/compute-benchmark/OsakaTX/scripts/../results/combo2/G1_20260927T163006Z.csv"
2026-09-27T16:33:24Z,63,"G1_20260927T163006Z",709168,"python3",0.2,74728,46545,"/usr/bin/python3 -c from ros2cli.daemon.daemonize import main; main() --name ros2-daemon --ros-domain-id 0 --rmw-implementation rmw_fastrtps_cpp"
2026-09-27T16:33:24Z,63,"G1_20260927T163006Z",724115,"python3",5.6,77076,48490,"python3 /wt/contributions/compute-benchmark/OsakaTX/scripts/synthetic_scan_publisher.py --duration 490 --loop-s 40 --hz 5.0 --noise 0.0"
2026-09-27T16:33:24Z,63,"G1_20260927T163006Z",724131,"ros2",0.8,79084,51227,"/usr/bin/python3 /opt/ros/jazzy/bin/ros2 launch /wt/contributions/compute-benchmark/OsakaTX/scripts/lifelong_launch.py slam_params_file:=/wt/contributions/compute-benchmark/OsakaTX/scripts/lifelong_slam_params.yaml use_sim_time:=False autostart:=true"
2026-09-27T16:33:24Z,63,"G1_20260927T163006Z",724132,"ros2",0.7,83668,55443,"/usr/bin/python3 /opt/ros/jazzy/bin/ros2 launch nav2_bringup bringup_launch.py map:=/wt/contributions/compute-benchmark/OsakaTX/scripts/../results/combo2/combo2_nav2_map.yaml params_file:=/wt/contributions/compute-benchmark/OsakaTX/scripts/nav2_params_bench.yaml use_sim_time:=False autostart:=True slam:=False use_localization:=False"
2026-09-27T16:33:24Z,63,"G1_20260927T163006Z",724151,"lifelong_slam_t",44.2,70548,50345,"/opt/ros/jazzy/lib/slam_toolbox/lifelong_slam_toolbox_node --ros-args -r __node:=slam_toolbox -r __ns:=/ --params-file /wt/contributions/compute-benchmark/OsakaTX/scripts/lifelong_slam_params.yaml --params-file /tmp/launch_params_zyre_0s5"
2026-09-27T16:33:24Z,63,"G1_20260927T163006Z",724184,"component_conta",46.8,165564,145336,"/opt/ros/jazzy/lib/rclcpp_components/component_container_isolated --ros-args --log-level info --ros-args -r __node:=nav2_container --params-file /tmp/launch_params___mpikbo --params-file /tmp/launch_params_femhr4gz -r /tf:=tf -r /tf_static:=tf_static"
2026-09-27T16:33:24Z,63,"G1_20260927T163006Z",724251,"python3",6.7,83076,54083,"python3 /wt/contributions/compute-benchmark/OsakaTX/scripts/nav_goal_seq.py --x 4 --y 4 --yaw 0 --every 22.0 --pause 2.0 --cancel --repeats 0"
2026-09-27T16:33:24Z,63,"G1_20260927T163006Z",724296,"bash",0.5,4480,1342,"bash /wt/contributions/compute-benchmark/xbattlax/scripts/measure_ros_processes.sh --pattern python3|ros2|slam|nav2|component_container|nav_goal_seq --duration 380 --interval 2 --label G1_20260927T163006Z --output /wt/contributions/compute-benchmark/OsakaTX/scripts/../results/combo2/G1_20260927T163006Z.csv"
2026-09-27T16:33:27Z,64,"G1_20260927T163006Z",709168,"python3",0.2,74728,46545,"/usr/bin/python3 -c from ros2cli.daemon.daemonize import main; main() --name ros2-daemon --ros-domain-id 0 --rmw-implementation rmw_fastrtps_cpp"
2026-09-27T16:33:27Z,64,"G1_20260927T163006Z",724115,"python3",5.6,77076,48489,"python3 /wt/contributions/compute-benchmark/OsakaTX/scripts/synthetic_scan_publisher.py --duration 490 --loop-s 40 --hz 5.0 --noise 0.0"
2026-09-27T16:33:27Z,64,"G1_20260927T163006Z",724131,"ros2",0.7,79084,51227,"/usr/bin/python3 /opt/ros/jazzy/bin/ros2 launch /wt/contributions/compute-benchmark/OsakaTX/scripts/lifelong_launch.py slam_params_file:=/wt/contributions/compute-benchmark/OsakaTX/scripts/lifelong_slam_params.yaml use_sim_time:=False autostart:=true"
2026-09-27T16:33:27Z,64,"G1_20260927T163006Z",724132,"ros2",0.7,83668,55442,"/usr/bin/python3 /opt/ros/jazzy/bin/ros2 launch nav2_bringup bringup_launch.py map:=/wt/contributions/compute-benchmark/OsakaTX/scripts/../results/combo2/combo2_nav2_map.yaml params_file:=/wt/contributions/compute-benchmark/OsakaTX/scripts/nav2_params_bench.yaml use_sim_time:=False autostart:=True slam:=False use_localization:=False"
2026-09-27T16:33:27Z,64,"G1_20260927T163006Z",724151,"lifelong_slam_t",44.2,70548,50343,"/opt/ros/jazzy/lib/slam_toolbox/lifelong_slam_toolbox_node --ros-args -r __node:=slam_toolbox -r __ns:=/ --params-file /wt/contributions/compute-benchmark/OsakaTX/scripts/lifelong_slam_params.yaml --params-file /tmp/launch_params_zyre_0s5"
2026-09-27T16:33:27Z,64,"G1_20260927T163006Z",724184,"component_conta",46.8,169508,149281,"/opt/ros/jazzy/lib/rclcpp_components/component_container_isolated --ros-args --log-level info --ros-args -r __node:=nav2_container --params-file /tmp/launch_params___mpikbo --params-file /tmp/launch_params_femhr4gz -r /tf:=tf -r /tf_static:=tf_static"
2026-09-27T16:33:27Z,64,"G1_20260927T163006Z",724251,"python3",6.7,83076,54083,"python3 /wt/contributions/compute-benchmark/OsakaTX/scripts/nav_goal_seq.py --x 4 --y 4 --yaw 0 --every 22.0 --pause 2.0 --cancel --repeats 0"
2026-09-27T16:33:27Z,64,"G1_20260927T163006Z",724296,"bash",0.5,4480,1344,"bash /wt/contributions/compute-benchmark/xbattlax/scripts/measure_ros_processes.sh --pattern python3|ros2|slam|nav2|component_container|nav_goal_seq --duration 380 --interval 2 --label G1_20260927T163006Z --output /wt/contributions/compute-benchmark/OsakaTX/scripts/../results/combo2/G1_20260927T163006Z.csv"
2026-09-27T16:33:29Z,65,"G1_20260927T163006Z",709168,"python3",0.2,74728,46544,"/usr/bin/python3 -c from ros2cli.daemon.daemonize import main; main() --name ros2-daemon --ros-domain-id 0 --rmw-implementation rmw_fastrtps_cpp"
2026-09-27T16:33:29Z,65,"G1_20260927T163006Z",724115,"python3",5.6,77076,48491,"python3 /wt/contributions/compute-benchmark/OsakaTX/scripts/synthetic_scan_publisher.py --duration 490 --loop-s 40 --hz 5.0 --noise 0.0"
2026-09-27T16:33:29Z,65,"G1_20260927T163006Z",724131,"ros2",0.7,79084,51224,"/usr/bin/python3 /opt/ros/jazzy/bin/ros2 launch /wt/contributions/compute-benchmark/OsakaTX/scripts/lifelong_launch.py slam_params_file:=/wt/contributions/compute-benchmark/OsakaTX/scripts/lifelong_slam_params.yaml use_sim_time:=False autostart:=true"
2026-09-27T16:33:29Z,65,"G1_20260927T163006Z",724132,"ros2",0.7,83668,55445,"/usr/bin/python3 /opt/ros/jazzy/bin/ros2 launch nav2_bringup bringup_launch.py map:=/wt/contributions/compute-benchmark/OsakaTX/scripts/../results/combo2/combo2_nav2_map.yaml params_file:=/wt/contributions/compute-benchmark/OsakaTX/scripts/nav2_params_bench.yaml use_sim_time:=False autostart:=True slam:=False use_localization:=False"
2026-09-27T16:33:29Z,65,"G1_20260927T163006Z",724151,"lifelong_slam_t",44.3,70548,50343,"/opt/ros/jazzy/lib/slam_toolbox/lifelong_slam_toolbox_node --ros-args -r __node:=slam_toolbox -r __ns:=/ --params-file /wt/contributions/compute-benchmark/OsakaTX/scripts/lifelong_slam_params.yaml --params-file /tmp/launch_params_zyre_0s5"
2026-09-27T16:33:29Z,65,"G1_20260927T163006Z",724184,"component_conta",46.8,165888,145659,"/opt/ros/jazzy/lib/rclcpp_components/component_container_isolated --ros-args --log-level info --ros-args -r __node:=nav2_container --params-file /tmp/launch_params___mpikbo --params-file /tmp/launch_params_femhr4gz -r /tf:=tf -r /tf_static:=tf_static"
2026-09-27T16:33:29Z,65,"G1_20260927T163006Z",724251,"python3",6.8,83076,54078,"python3 /wt/contributions/compute-benchmark/OsakaTX/scripts/nav_goal_seq.py --x 4 --y 4 --yaw 0 --every 22.0 --pause 2.0 --cancel --repeats 0"
2026-09-27T16:33:29Z,65,"G1_20260927T163006Z",724296,"bash",0.5,4480,1343,"bash /wt/contributions/compute-benchmark/xbattlax/scripts/measure_ros_processes.sh --pattern python3|ros2|slam|nav2|component_container|nav_goal_seq --duration 380 --interval 2 --label G1_20260927T163006Z --output /wt/contributions/compute-benchmark/OsakaTX/scripts/../results/combo2/G1_20260927T163006Z.csv"
2026-09-27T16:33:32Z,66,"G1_20260927T163006Z",709168,"python3",0.2,74728,46543,"/usr/bin/python3 -c from ros2cli.daemon.daemonize import main; main() --name ros2-daemon --ros-domain-id 0 --rmw-implementation rmw_fastrtps_cpp"
2026-09-27T16:33:32Z,66,"G1_20260927T163006Z",724115,"python3",5.6,77076,48489,"python3 /wt/contributions/compute-benchmark/OsakaTX/scripts/synthetic_scan_publisher.py --duration 490 --loop-s 40 --hz 5.0 --noise 0.0"
2026-09-27T16:33:32Z,66,"G1_20260927T163006Z",724131,"ros2",0.7,79084,51226,"/usr/bin/python3 /opt/ros/jazzy/bin/ros2 launch /wt/contributions/compute-benchmark/OsakaTX/scripts/lifelong_launch.py slam_params_file:=/wt/contributions/compute-benchmark/OsakaTX/scripts/lifelong_slam_params.yaml use_sim_time:=False autostart:=true"
2026-09-27T16:33:32Z,66,"G1_20260927T163006Z",724132,"ros2",0.7,83668,55445,"/usr/bin/python3 /opt/ros/jazzy/bin/ros2 launch nav2_bringup bringup_launch.py map:=/wt/contributions/compute-benchmark/OsakaTX/scripts/../results/combo2/combo2_nav2_map.yaml params_file:=/wt/contributions/compute-benchmark/OsakaTX/scripts/nav2_params_bench.yaml use_sim_time:=False autostart:=True slam:=False use_localization:=False"
2026-09-27T16:33:32Z,66,"G1_20260927T163006Z",724151,"lifelong_slam_t",44.8,70612,50407,"/opt/ros/jazzy/lib/slam_toolbox/lifelong_slam_toolbox_node --ros-args -r __node:=slam_toolbox -r __ns:=/ --params-file /wt/contributions/compute-benchmark/OsakaTX/scripts/lifelong_slam_params.yaml --params-file /tmp/launch_params_zyre_0s5"
2026-09-27T16:33:32Z,66,"G1_20260927T163006Z",724184,"component_conta",46.9,166020,145793,"/opt/ros/jazzy/lib/rclcpp_components/component_container_isolated --ros-args --log-level info --ros-args -r __node:=nav2_container --params-file /tmp/launch_params___mpikbo --params-file /tmp/launch_params_femhr4gz -r /tf:=tf -r /tf_static:=tf_static"
2026-09-27T16:33:32Z,66,"G1_20260927T163006Z",724251,"python3",6.8,83076,54083,"python3 /wt/contributions/compute-benchmark/OsakaTX/scripts/nav_goal_seq.py --x 4 --y 4 --yaw 0 --every 22.0 --pause 2.0 --cancel --repeats 0"
2026-09-27T16:33:32Z,66,"G1_20260927T163006Z",724296,"bash",0.5,4480,1337,"bash /wt/contributions/compute-benchmark/xbattlax/scripts/measure_ros_processes.sh --pattern python3|ros2|slam|nav2|component_container|nav_goal_seq --duration 380 --interval 2 --label G1_20260927T163006Z --output /wt/contributions/compute-benchmark/OsakaTX/scripts/../results/combo2/G1_20260927T163006Z.csv"
2026-09-27T16:33:34Z,67,"G1_20260927T163006Z",709168,"python3",0.2,74728,46543,"/usr/bin/python3 -c from ros2cli.daemon.daemonize import main; main() --name ros2-daemon --ros-domain-id 0 --rmw-implementation rmw_fastrtps_cpp"
2026-09-27T16:33:34Z,67,"G1_20260927T163006Z",724115,"python3",5.6,77076,48490,"python3 /wt/contributions/compute-benchmark/OsakaTX/scripts/synthetic_scan_publisher.py --duration 490 --loop-s 40 --hz 5.0 --noise 0.0"
2026-09-27T16:33:34Z,67,"G1_20260927T163006Z",724131,"ros2",0.7,79084,51227,"/usr/bin/python3 /opt/ros/jazzy/bin/ros2 launch /wt/contributions/compute-benchmark/OsakaTX/scripts/lifelong_launch.py slam_params_file:=/wt/contributions/compute-benchmark/OsakaTX/scripts/lifelong_slam_params.yaml use_sim_time:=False autostart:=true"
2026-09-27T16:33:34Z,67,"G1_20260927T163006Z",724132,"ros2",0.7,83668,55443,"/usr/bin/python3 /opt/ros/jazzy/bin/ros2 launch nav2_bringup bringup_launch.py map:=/wt/contributions/compute-benchmark/OsakaTX/scripts/../results/combo2/combo2_nav2_map.yaml params_file:=/wt/contributions/compute-benchmark/OsakaTX/scripts/nav2_params_bench.yaml use_sim_time:=False autostart:=True slam:=False use_localization:=False"
2026-09-27T16:33:34Z,67,"G1_20260927T163006Z",724151,"lifelong_slam_t",45.3,70956,50744,"/opt/ros/jazzy/lib/slam_toolbox/lifelong_slam_toolbox_node --ros-args -r __node:=slam_toolbox -r __ns:=/ --params-file /wt/contributions/compute-benchmark/OsakaTX/scripts/lifelong_slam_params.yaml --params-file /tmp/launch_params_zyre_0s5"
2026-09-27T16:33:34Z,67,"G1_20260927T163006Z",724184,"component_conta",47.0,166320,146087,"/opt/ros/jazzy/lib/rclcpp_components/component_container_isolated --ros-args --log-level info --ros-args -r __node:=nav2_container --params-file /tmp/launch_params___mpikbo --params-file /tmp/launch_params_femhr4gz -r /tf:=tf -r /tf_static:=tf_static"
2026-09-27T16:33:34Z,67,"G1_20260927T163006Z",724251,"python3",6.8,83076,54083,"python3 /wt/contributions/compute-benchmark/OsakaTX/scripts/nav_goal_seq.py --x 4 --y 4 --yaw 0 --every 22.0 --pause 2.0 --cancel --repeats 0"
2026-09-27T16:33:34Z,67,"G1_20260927T163006Z",724296,"bash",0.5,4480,1342,"bash /wt/contributions/compute-benchmark/xbattlax/scripts/measure_ros_processes.sh --pattern python3|ros2|slam|nav2|component_container|nav_goal_seq --duration 380 --interval 2 --label G1_20260927T163006Z --output /wt/contributions/compute-benchmark/OsakaTX/scripts/../results/combo2/G1_20260927T163006Z.csv"
2026-09-27T16:33:37Z,68,"G1_20260927T163006Z",709168,"python3",0.2,74728,46546,"/usr/bin/python3 -c from ros2cli.daemon.daemonize import main; main() --name ros2-daemon --ros-domain-id 0 --rmw-implementation rmw_fastrtps_cpp"
2026-09-27T16:33:37Z,68,"G1_20260927T163006Z",724115,"python3",5.6,77076,48491,"python3 /wt/contributions/compute-benchmark/OsakaTX/scripts/synthetic_scan_publisher.py --duration 490 --loop-s 40 --hz 5.0 --noise 0.0"
2026-09-27T16:33:37Z,68,"G1_20260927T163006Z",724131,"ros2",0.7,79084,51227,"/usr/bin/python3 /opt/ros/jazzy/bin/ros2 launch /wt/contributions/compute-benchmark/OsakaTX/scripts/lifelong_launch.py slam_params_file:=/wt/contributions/compute-benchmark/OsakaTX/scripts/lifelong_slam_params.yaml use_sim_time:=False autostart:=true"
2026-09-27T16:33:37Z,68,"G1_20260927T163006Z",724132,"ros2",0.7,83668,55443,"/usr/bin/python3 /opt/ros/jazzy/bin/ros2 launch nav2_bringup bringup_launch.py map:=/wt/contributions/compute-benchmark/OsakaTX/scripts/../results/combo2/combo2_nav2_map.yaml params_file:=/wt/contributions/compute-benchmark/OsakaTX/scripts/nav2_params_bench.yaml use_sim_time:=False autostart:=True slam:=False use_localization:=False"
2026-09-27T16:33:37Z,68,"G1_20260927T163006Z",724151,"lifelong_slam_t",45.4,71060,50849,"/opt/ros/jazzy/lib/slam_toolbox/lifelong_slam_toolbox_node --ros-args -r __node:=slam_toolbox -r __ns:=/ --params-file /wt/contributions/compute-benchmark/OsakaTX/scripts/lifelong_slam_params.yaml --params-file /tmp/launch_params_zyre_0s5"
2026-09-27T16:33:37Z,68,"G1_20260927T163006Z",724184,"component_conta",46.8,167388,147153,"/opt/ros/jazzy/lib/rclcpp_components/component_container_isolated --ros-args --log-level info --ros-args -r __node:=nav2_container --params-file /tmp/launch_params___mpikbo --params-file /tmp/launch_params_femhr4gz -r /tf:=tf -r /tf_static:=tf_static"
2026-09-27T16:33:37Z,68,"G1_20260927T163006Z",724251,"python3",6.7,83076,54079,"python3 /wt/contributions/compute-benchmark/OsakaTX/scripts/nav_goal_seq.py --x 4 --y 4 --yaw 0 --every 22.0 --pause 2.0 --cancel --repeats 0"
2026-09-27T16:33:37Z,68,"G1_20260927T163006Z",724296,"bash",0.5,4480,1343,"bash /wt/contributions/compute-benchmark/xbattlax/scripts/measure_ros_processes.sh --pattern python3|ros2|slam|nav2|component_container|nav_goal_seq --duration 380 --interval 2 --label G1_20260927T163006Z --output /wt/contributions/compute-benchmark/OsakaTX/scripts/../results/combo2/G1_20260927T163006Z.csv"
2026-09-27T16:33:40Z,69,"G1_20260927T163006Z",709168,"python3",0.2,74728,46544,"/usr/bin/python3 -c from ros2cli.daemon.daemonize import main; main() --name ros2-daemon --ros-domain-id 0 --rmw-implementation rmw_fastrtps_cpp"
2026-09-27T16:33:40Z,69,"G1_20260927T163006Z",724115,"python3",5.6,77076,48490,"python3 /wt/contributions/compute-benchmark/OsakaTX/scripts/synthetic_scan_publisher.py --duration 490 --loop-s 40 --hz 5.0 --noise 0.0"
2026-09-27T16:33:40Z,69,"G1_20260927T163006Z",724131,"ros2",0.7,79084,51227,"/usr/bin/python3 /opt/ros/jazzy/bin/ros2 launch /wt/contributions/compute-benchmark/OsakaTX/scripts/lifelong_launch.py slam_params_file:=/wt/contributions/compute-benchmark/OsakaTX/scripts/lifelong_slam_params.yaml use_sim_time:=False autostart:=true"
2026-09-27T16:33:40Z,69,"G1_20260927T163006Z",724132,"ros2",0.7,83668,55444,"/usr/bin/python3 /opt/ros/jazzy/bin/ros2 launch nav2_bringup bringup_launch.py map:=/wt/contributions/compute-benchmark/OsakaTX/scripts/../results/combo2/combo2_nav2_map.yaml params_file:=/wt/contributions/compute-benchmark/OsakaTX/scripts/nav2_params_bench.yaml use_sim_time:=False autostart:=True slam:=False use_localization:=False"
2026-09-27T16:33:40Z,69,"G1_20260927T163006Z",724151,"lifelong_slam_t",45.4,71060,50850,"/opt/ros/jazzy/lib/slam_toolbox/lifelong_slam_toolbox_node --ros-args -r __node:=slam_toolbox -r __ns:=/ --params-file /wt/contributions/compute-benchmark/OsakaTX/scripts/lifelong_slam_params.yaml --params-file /tmp/launch_params_zyre_0s5"
2026-09-27T16:33:40Z,69,"G1_20260927T163006Z",724184,"component_conta",46.8,166632,146399,"/opt/ros/jazzy/lib/rclcpp_components/component_container_isolated --ros-args --log-level info --ros-args -r __node:=nav2_container --params-file /tmp/launch_params___mpikbo --params-file /tmp/launch_params_femhr4gz -r /tf:=tf -r /tf_static:=tf_static"
2026-09-27T16:33:40Z,69,"G1_20260927T163006Z",724251,"python3",6.7,83080,54083,"python3 /wt/contributions/compute-benchmark/OsakaTX/scripts/nav_goal_seq.py --x 4 --y 4 --yaw 0 --every 22.0 --pause 2.0 --cancel --repeats 0"
2026-09-27T16:33:40Z,69,"G1_20260927T163006Z",724296,"bash",0.5,4480,1339,"bash /wt/contributions/compute-benchmark/xbattlax/scripts/measure_ros_processes.sh --pattern python3|ros2|slam|nav2|component_container|nav_goal_seq --duration 380 --interval 2 --label G1_20260927T163006Z --output /wt/contributions/compute-benchmark/OsakaTX/scripts/../results/combo2/G1_20260927T163006Z.csv"
2026-09-27T16:33:42Z,70,"G1_20260927T163006Z",709168,"python3",0.2,74728,46544,"/usr/bin/python3 -c from ros2cli.daemon.daemonize import main; main() --name ros2-daemon --ros-domain-id 0 --rmw-implementation rmw_fastrtps_cpp"
2026-09-27T16:33:42Z,70,"G1_20260927T163006Z",724115,"python3",5.6,77076,48490,"python3 /wt/contributions/compute-benchmark/OsakaTX/scripts/synthetic_scan_publisher.py --duration 490 --loop-s 40 --hz 5.0 --noise 0.0"
2026-09-27T16:33:42Z,70,"G1_20260927T163006Z",724131,"ros2",0.7,79088,51228,"/usr/bin/python3 /opt/ros/jazzy/bin/ros2 launch /wt/contributions/compute-benchmark/OsakaTX/scripts/lifelong_launch.py slam_params_file:=/wt/contributions/compute-benchmark/OsakaTX/scripts/lifelong_slam_params.yaml use_sim_time:=False autostart:=true"
2026-09-27T16:33:42Z,70,"G1_20260927T163006Z",724132,"ros2",0.7,83668,55445,"/usr/bin/python3 /opt/ros/jazzy/bin/ros2 launch nav2_bringup bringup_launch.py map:=/wt/contributions/compute-benchmark/OsakaTX/scripts/../results/combo2/combo2_nav2_map.yaml params_file:=/wt/contributions/compute-benchmark/OsakaTX/scripts/nav2_params_bench.yaml use_sim_time:=False autostart:=True slam:=False use_localization:=False"
2026-09-27T16:33:42Z,70,"G1_20260927T163006Z",724151,"lifelong_slam_t",45.4,71076,50864,"/opt/ros/jazzy/lib/slam_toolbox/lifelong_slam_toolbox_node --ros-args -r __node:=slam_toolbox -r __ns:=/ --params-file /wt/contributions/compute-benchmark/OsakaTX/scripts/lifelong_slam_params.yaml --params-file /tmp/launch_params_zyre_0s5"
2026-09-27T16:33:42Z,70,"G1_20260927T163006Z",724184,"component_conta",46.9,166632,146833,"/opt/ros/jazzy/lib/rclcpp_components/component_container_isolated --ros-args --log-level info --ros-args -r __node:=nav2_container --params-file /tmp/launch_params___mpikbo --params-file /tmp/launch_params_femhr4gz -r /tf:=tf -r /tf_static:=tf_static"
2026-09-27T16:33:42Z,70,"G1_20260927T163006Z",724251,"python3",6.7,83080,54087,"python3 /wt/contributions/compute-benchmark/OsakaTX/scripts/nav_goal_seq.py --x 4 --y 4 --yaw 0 --every 22.0 --pause 2.0 --cancel --repeats 0"
2026-09-27T16:33:42Z,70,"G1_20260927T163006Z",724296,"bash",0.5,4480,1345,"bash /wt/contributions/compute-benchmark/xbattlax/scripts/measure_ros_processes.sh --pattern python3|ros2|slam|nav2|component_container|nav_goal_seq --duration 380 --interval 2 --label G1_20260927T163006Z --output /wt/contributions/compute-benchmark/OsakaTX/scripts/../results/combo2/G1_20260927T163006Z.csv"
2026-09-27T16:33:44Z,71,"G1_20260927T163006Z",709168,"python3",0.2,74728,46542,"/usr/bin/python3 -c from ros2cli.daemon.daemonize import main; main() --name ros2-daemon --ros-domain-id 0 --rmw-implementation rmw_fastrtps_cpp"
2026-09-27T16:33:44Z,71,"G1_20260927T163006Z",724115,"python3",5.6,77076,48489,"python3 /wt/contributions/compute-benchmark/OsakaTX/scripts/synthetic_scan_publisher.py --duration 490 --loop-s 40 --hz 5.0 --noise 0.0"
2026-09-27T16:33:44Z,71,"G1_20260927T163006Z",724131,"ros2",0.7,79088,51231,"/usr/bin/python3 /opt/ros/jazzy/bin/ros2 launch /wt/contributions/compute-benchmark/OsakaTX/scripts/lifelong_launch.py slam_params_file:=/wt/contributions/compute-benchmark/OsakaTX/scripts/lifelong_slam_params.yaml use_sim_time:=False autostart:=true"
2026-09-27T16:33:44Z,71,"G1_20260927T163006Z",724132,"ros2",0.7,83668,55445,"/usr/bin/python3 /opt/ros/jazzy/bin/ros2 launch nav2_bringup bringup_launch.py map:=/wt/contributions/compute-benchmark/OsakaTX/scripts/../results/combo2/combo2_nav2_map.yaml params_file:=/wt/contributions/compute-benchmark/OsakaTX/scripts/nav2_params_bench.yaml use_sim_time:=False autostart:=True slam:=False use_localization:=False"
2026-09-27T16:33:44Z,71,"G1_20260927T163006Z",724151,"lifelong_slam_t",45.5,71092,50881,"/opt/ros/jazzy/lib/slam_toolbox/lifelong_slam_toolbox_node --ros-args -r __node:=slam_toolbox -r __ns:=/ --params-file /wt/contributions/compute-benchmark/OsakaTX/scripts/lifelong_slam_params.yaml --params-file /tmp/launch_params_zyre_0s5"
2026-09-27T16:33:44Z,71,"G1_20260927T163006Z",724184,"component_conta",47.0,165468,145235,"/opt/ros/jazzy/lib/rclcpp_components/component_container_isolated --ros-args --log-level info --ros-args -r __node:=nav2_container --params-file /tmp/launch_params___mpikbo --params-file /tmp/launch_params_femhr4gz -r /tf:=tf -r /tf_static:=tf_static"
2026-09-27T16:33:44Z,71,"G1_20260927T163006Z",724251,"python3",6.7,83080,54087,"python3 /wt/contributions/compute-benchmark/OsakaTX/scripts/nav_goal_seq.py --x 4 --y 4 --yaw 0 --every 22.0 --pause 2.0 --cancel --repeats 0"
2026-09-27T16:33:44Z,71,"G1_20260927T163006Z",724296,"bash",0.5,4480,1337,"bash /wt/contributions/compute-benchmark/xbattlax/scripts/measure_ros_processes.sh --pattern python3|ros2|slam|nav2|component_container|nav_goal_seq --duration 380 --interval 2 --label G1_20260927T163006Z --output /wt/contributions/compute-benchmark/OsakaTX/scripts/../results/combo2/G1_20260927T163006Z.csv"
2026-09-27T16:33:47Z,72,"G1_20260927T163006Z",709168,"python3",0.2,74728,46542,"/usr/bin/python3 -c from ros2cli.daemon.daemonize import main; main() --name ros2-daemon --ros-domain-id 0 --rmw-implementation rmw_fastrtps_cpp"
2026-09-27T16:33:47Z,72,"G1_20260927T163006Z",724115,"python3",5.6,77076,48489,"python3 /wt/contributions/compute-benchmark/OsakaTX/scripts/synthetic_scan_publisher.py --duration 490 --loop-s 40 --hz 5.0 --noise 0.0"
2026-09-27T16:33:47Z,72,"G1_20260927T163006Z",724131,"ros2",0.7,79088,51231,"/usr/bin/python3 /opt/ros/jazzy/bin/ros2 launch /wt/contributions/compute-benchmark/OsakaTX/scripts/lifelong_launch.py slam_params_file:=/wt/contributions/compute-benchmark/OsakaTX/scripts/lifelong_slam_params.yaml use_sim_time:=False autostart:=true"
2026-09-27T16:33:47Z,72,"G1_20260927T163006Z",724132,"ros2",0.7,83668,55444,"/usr/bin/python3 /opt/ros/jazzy/bin/ros2 launch nav2_bringup bringup_launch.py map:=/wt/contributions/compute-benchmark/OsakaTX/scripts/../results/combo2/combo2_nav2_map.yaml params_file:=/wt/contributions/compute-benchmark/OsakaTX/scripts/nav2_params_bench.yaml use_sim_time:=False autostart:=True slam:=False use_localization:=False"
2026-09-27T16:33:47Z,72,"G1_20260927T163006Z",724151,"lifelong_slam_t",45.7,71256,51045,"/opt/ros/jazzy/lib/slam_toolbox/lifelong_slam_toolbox_node --ros-args -r __node:=slam_toolbox -r __ns:=/ --params-file /wt/contributions/compute-benchmark/OsakaTX/scripts/lifelong_slam_params.yaml --params-file /tmp/launch_params_zyre_0s5"
2026-09-27T16:33:47Z,72,"G1_20260927T163006Z",724184,"component_conta",47.1,165468,145235,"/opt/ros/jazzy/lib/rclcpp_components/component_container_isolated --ros-args --log-level info --ros-args -r __node:=nav2_container --params-file /tmp/launch_params___mpikbo --params-file /tmp/launch_params_femhr4gz -r /tf:=tf -r /tf_static:=tf_static"
2026-09-27T16:33:47Z,72,"G1_20260927T163006Z",724251,"python3",6.7,83080,54088,"python3 /wt/contributions/compute-benchmark/OsakaTX/scripts/nav_goal_seq.py --x 4 --y 4 --yaw 0 --every 22.0 --pause 2.0 --cancel --repeats 0"
2026-09-27T16:33:47Z,72,"G1_20260927T163006Z",724296,"bash",0.5,4480,1338,"bash /wt/contributions/compute-benchmark/xbattlax/scripts/measure_ros_processes.sh --pattern python3|ros2|slam|nav2|component_container|nav_goal_seq --duration 380 --interval 2 --label G1_20260927T163006Z --output /wt/contributions/compute-benchmark/OsakaTX/scripts/../results/combo2/G1_20260927T163006Z.csv"
2026-09-27T16:33:50Z,73,"G1_20260927T163006Z",709168,"python3",0.2,74728,46544,"/usr/bin/python3 -c from ros2cli.daemon.daemonize import main; main() --name ros2-daemon --ros-domain-id 0 --rmw-implementation rmw_fastrtps_cpp"
2026-09-27T16:33:50Z,73,"G1_20260927T163006Z",724115,"python3",5.6,77076,48490,"python3 /wt/contributions/compute-benchmark/OsakaTX/scripts/synthetic_scan_publisher.py --duration 490 --loop-s 40 --hz 5.0 --noise 0.0"
2026-09-27T16:33:50Z,73,"G1_20260927T163006Z",724131,"ros2",0.7,79100,51241,"/usr/bin/python3 /opt/ros/jazzy/bin/ros2 launch /wt/contributions/compute-benchmark/OsakaTX/scripts/lifelong_launch.py slam_params_file:=/wt/contributions/compute-benchmark/OsakaTX/scripts/lifelong_slam_params.yaml use_sim_time:=False autostart:=true"
2026-09-27T16:33:50Z,73,"G1_20260927T163006Z",724132,"ros2",0.7,83668,55442,"/usr/bin/python3 /opt/ros/jazzy/bin/ros2 launch nav2_bringup bringup_launch.py map:=/wt/contributions/compute-benchmark/OsakaTX/scripts/../results/combo2/combo2_nav2_map.yaml params_file:=/wt/contributions/compute-benchmark/OsakaTX/scripts/nav2_params_bench.yaml use_sim_time:=False autostart:=True slam:=False use_localization:=False"
2026-09-27T16:33:50Z,73,"G1_20260927T163006Z",724151,"lifelong_slam_t",45.7,71256,51047,"/opt/ros/jazzy/lib/slam_toolbox/lifelong_slam_toolbox_node --ros-args -r __node:=slam_toolbox -r __ns:=/ --params-file /wt/contributions/compute-benchmark/OsakaTX/scripts/lifelong_slam_params.yaml --params-file /tmp/launch_params_zyre_0s5"
2026-09-27T16:33:50Z,73,"G1_20260927T163006Z",724184,"component_conta",47.2,166692,145239,"/opt/ros/jazzy/lib/rclcpp_components/component_container_isolated --ros-args --log-level info --ros-args -r __node:=nav2_container --params-file /tmp/launch_params___mpikbo --params-file /tmp/launch_params_femhr4gz -r /tf:=tf -r /tf_static:=tf_static"
2026-09-27T16:33:50Z,73,"G1_20260927T163006Z",724251,"python3",6.7,83080,54087,"python3 /wt/contributions/compute-benchmark/OsakaTX/scripts/nav_goal_seq.py --x 4 --y 4 --yaw 0 --every 22.0 --pause 2.0 --cancel --repeats 0"
2026-09-27T16:33:50Z,73,"G1_20260927T163006Z",724296,"bash",0.5,4480,1342,"bash /wt/contributions/compute-benchmark/xbattlax/scripts/measure_ros_processes.sh --pattern python3|ros2|slam|nav2|component_container|nav_goal_seq --duration 380 --interval 2 --label G1_20260927T163006Z --output /wt/contributions/compute-benchmark/OsakaTX/scripts/../results/combo2/G1_20260927T163006Z.csv"
2026-09-27T16:33:52Z,74,"G1_20260927T163006Z",709168,"python3",0.2,74728,46542,"/usr/bin/python3 -c from ros2cli.daemon.daemonize import main; main() --name ros2-daemon --ros-domain-id 0 --rmw-implementation rmw_fastrtps_cpp"
2026-09-27T16:33:52Z,74,"G1_20260927T163006Z",724115,"python3",5.6,77076,48483,"python3 /wt/contributions/compute-benchmark/OsakaTX/scripts/synthetic_scan_publisher.py --duration 490 --loop-s 40 --hz 5.0 --noise 0.0"
2026-09-27T16:33:52Z,74,"G1_20260927T163006Z",724131,"ros2",0.7,79116,51256,"/usr/bin/python3 /opt/ros/jazzy/bin/ros2 launch /wt/contributions/compute-benchmark/OsakaTX/scripts/lifelong_launch.py slam_params_file:=/wt/contributions/compute-benchmark/OsakaTX/scripts/lifelong_slam_params.yaml use_sim_time:=False autostart:=true"
2026-09-27T16:33:52Z,74,"G1_20260927T163006Z",724132,"ros2",0.7,83668,55445,"/usr/bin/python3 /opt/ros/jazzy/bin/ros2 launch nav2_bringup bringup_launch.py map:=/wt/contributions/compute-benchmark/OsakaTX/scripts/../results/combo2/combo2_nav2_map.yaml params_file:=/wt/contributions/compute-benchmark/OsakaTX/scripts/nav2_params_bench.yaml use_sim_time:=False autostart:=True slam:=False use_localization:=False"
2026-09-27T16:33:52Z,74,"G1_20260927T163006Z",724151,"lifelong_slam_t",45.9,71256,51044,"/opt/ros/jazzy/lib/slam_toolbox/lifelong_slam_toolbox_node --ros-args -r __node:=slam_toolbox -r __ns:=/ --params-file /wt/contributions/compute-benchmark/OsakaTX/scripts/lifelong_slam_params.yaml --params-file /tmp/launch_params_zyre_0s5"
2026-09-27T16:33:52Z,74,"G1_20260927T163006Z",724184,"component_conta",47.3,165472,145674,"/opt/ros/jazzy/lib/rclcpp_components/component_container_isolated --ros-args --log-level info --ros-args -r __node:=nav2_container --params-file /tmp/launch_params___mpikbo --params-file /tmp/launch_params_femhr4gz -r /tf:=tf -r /tf_static:=tf_static"
2026-09-27T16:33:52Z,74,"G1_20260927T163006Z",724251,"python3",6.7,83080,54087,"python3 /wt/contributions/compute-benchmark/OsakaTX/scripts/nav_goal_seq.py --x 4 --y 4 --yaw 0 --every 22.0 --pause 2.0 --cancel --repeats 0"
2026-09-27T16:33:52Z,74,"G1_20260927T163006Z",724296,"bash",0.5,4480,1340,"bash /wt/contributions/compute-benchmark/xbattlax/scripts/measure_ros_processes.sh --pattern python3|ros2|slam|nav2|component_container|nav_goal_seq --duration 380 --interval 2 --label G1_20260927T163006Z --output /wt/contributions/compute-benchmark/OsakaTX/scripts/../results/combo2/G1_20260927T163006Z.csv"
2026-09-27T16:33:54Z,75,"G1_20260927T163006Z",709168,"python3",0.2,74728,46545,"/usr/bin/python3 -c from ros2cli.daemon.daemonize import main; main() --name ros2-daemon --ros-domain-id 0 --rmw-implementation rmw_fastrtps_cpp"
2026-09-27T16:33:54Z,75,"G1_20260927T163006Z",724115,"python3",5.6,77076,48483,"python3 /wt/contributions/compute-benchmark/OsakaTX/scripts/synthetic_scan_publisher.py --duration 490 --loop-s 40 --hz 5.0 --noise 0.0"
2026-09-27T16:33:54Z,75,"G1_20260927T163006Z",724131,"ros2",0.7,79120,51260,"/usr/bin/python3 /opt/ros/jazzy/bin/ros2 launch /wt/contributions/compute-benchmark/OsakaTX/scripts/lifelong_launch.py slam_params_file:=/wt/contributions/compute-benchmark/OsakaTX/scripts/lifelong_slam_params.yaml use_sim_time:=False autostart:=true"
2026-09-27T16:33:54Z,75,"G1_20260927T163006Z",724132,"ros2",0.7,83668,55443,"/usr/bin/python3 /opt/ros/jazzy/bin/ros2 launch nav2_bringup bringup_launch.py map:=/wt/contributions/compute-benchmark/OsakaTX/scripts/../results/combo2/combo2_nav2_map.yaml params_file:=/wt/contributions/compute-benchmark/OsakaTX/scripts/nav2_params_bench.yaml use_sim_time:=False autostart:=True slam:=False use_localization:=False"
2026-09-27T16:33:54Z,75,"G1_20260927T163006Z",724151,"lifelong_slam_t",46.1,71256,51043,"/opt/ros/jazzy/lib/slam_toolbox/lifelong_slam_toolbox_node --ros-args -r __node:=slam_toolbox -r __ns:=/ --params-file /wt/contributions/compute-benchmark/OsakaTX/scripts/lifelong_slam_params.yaml --params-file /tmp/launch_params_zyre_0s5"
2026-09-27T16:33:54Z,75,"G1_20260927T163006Z",724184,"component_conta",47.4,165468,145234,"/opt/ros/jazzy/lib/rclcpp_components/component_container_isolated --ros-args --log-level info --ros-args -r __node:=nav2_container --params-file /tmp/launch_params___mpikbo --params-file /tmp/launch_params_femhr4gz -r /tf:=tf -r /tf_static:=tf_static"
2026-09-27T16:33:54Z,75,"G1_20260927T163006Z",724251,"python3",6.7,83080,54087,"python3 /wt/contributions/compute-benchmark/OsakaTX/scripts/nav_goal_seq.py --x 4 --y 4 --yaw 0 --every 22.0 --pause 2.0 --cancel --repeats 0"
2026-09-27T16:33:54Z,75,"G1_20260927T163006Z",724296,"bash",0.5,4480,1340,"bash /wt/contributions/compute-benchmark/xbattlax/scripts/measure_ros_processes.sh --pattern python3|ros2|slam|nav2|component_container|nav_goal_seq --duration 380 --interval 2 --label G1_20260927T163006Z --output /wt/contributions/compute-benchmark/OsakaTX/scripts/../results/combo2/G1_20260927T163006Z.csv"
2026-09-27T16:33:57Z,76,"G1_20260927T163006Z",709168,"python3",0.2,74728,46546,"/usr/bin/python3 -c from ros2cli.daemon.daemonize import main; main() --name ros2-daemon --ros-domain-id 0 --rmw-implementation rmw_fastrtps_cpp"
2026-09-27T16:33:57Z,76,"G1_20260927T163006Z",724115,"python3",5.6,77076,48490,"python3 /wt/contributions/compute-benchmark/OsakaTX/scripts/synthetic_scan_publisher.py --duration 490 --loop-s 40 --hz 5.0 --noise 0.0"
2026-09-27T16:33:57Z,76,"G1_20260927T163006Z",724131,"ros2",0.7,79120,51263,"/usr/bin/python3 /opt/ros/jazzy/bin/ros2 launch /wt/contributions/compute-benchmark/OsakaTX/scripts/lifelong_launch.py slam_params_file:=/wt/contributions/compute-benchmark/OsakaTX/scripts/lifelong_slam_params.yaml use_sim_time:=False autostart:=true"
2026-09-27T16:33:57Z,76,"G1_20260927T163006Z",724132,"ros2",0.6,83668,55442,"/usr/bin/python3 /opt/ros/jazzy/bin/ros2 launch nav2_bringup bringup_launch.py map:=/wt/contributions/compute-benchmark/OsakaTX/scripts/../results/combo2/combo2_nav2_map.yaml params_file:=/wt/contributions/compute-benchmark/OsakaTX/scripts/nav2_params_bench.yaml use_sim_time:=False autostart:=True slam:=False use_localization:=False"
2026-09-27T16:33:57Z,76,"G1_20260927T163006Z",724151,"lifelong_slam_t",46.4,71260,51048,"/opt/ros/jazzy/lib/slam_toolbox/lifelong_slam_toolbox_node --ros-args -r __node:=slam_toolbox -r __ns:=/ --params-file /wt/contributions/compute-benchmark/OsakaTX/scripts/lifelong_slam_params.yaml --params-file /tmp/launch_params_zyre_0s5"
2026-09-27T16:33:57Z,76,"G1_20260927T163006Z",724184,"component_conta",47.5,165472,145666,"/opt/ros/jazzy/lib/rclcpp_components/component_container_isolated --ros-args --log-level info --ros-args -r __node:=nav2_container --params-file /tmp/launch_params___mpikbo --params-file /tmp/launch_params_femhr4gz -r /tf:=tf -r /tf_static:=tf_static"
2026-09-27T16:33:57Z,76,"G1_20260927T163006Z",724251,"python3",6.7,83080,54087,"python3 /wt/contributions/compute-benchmark/OsakaTX/scripts/nav_goal_seq.py --x 4 --y 4 --yaw 0 --every 22.0 --pause 2.0 --cancel --repeats 0"
2026-09-27T16:33:57Z,76,"G1_20260927T163006Z",724296,"bash",0.5,4480,1340,"bash /wt/contributions/compute-benchmark/xbattlax/scripts/measure_ros_processes.sh --pattern python3|ros2|slam|nav2|component_container|nav_goal_seq --duration 380 --interval 2 --label G1_20260927T163006Z --output /wt/contributions/compute-benchmark/OsakaTX/scripts/../results/combo2/G1_20260927T163006Z.csv"
2026-09-27T16:33:59Z,77,"G1_20260927T163006Z",709168,"python3",0.2,74728,46542,"/usr/bin/python3 -c from ros2cli.daemon.daemonize import main; main() --name ros2-daemon --ros-domain-id 0 --rmw-implementation rmw_fastrtps_cpp"
2026-09-27T16:33:59Z,77,"G1_20260927T163006Z",724115,"python3",5.6,77076,48487,"python3 /wt/contributions/compute-benchmark/OsakaTX/scripts/synthetic_scan_publisher.py --duration 490 --loop-s 40 --hz 5.0 --noise 0.0"
2026-09-27T16:33:59Z,77,"G1_20260927T163006Z",724131,"ros2",0.7,79120,51262,"/usr/bin/python3 /opt/ros/jazzy/bin/ros2 launch /wt/contributions/compute-benchmark/OsakaTX/scripts/lifelong_launch.py slam_params_file:=/wt/contributions/compute-benchmark/OsakaTX/scripts/lifelong_slam_params.yaml use_sim_time:=False autostart:=true"
2026-09-27T16:33:59Z,77,"G1_20260927T163006Z",724132,"ros2",0.6,83668,55443,"/usr/bin/python3 /opt/ros/jazzy/bin/ros2 launch nav2_bringup bringup_launch.py map:=/wt/contributions/compute-benchmark/OsakaTX/scripts/../results/combo2/combo2_nav2_map.yaml params_file:=/wt/contributions/compute-benchmark/OsakaTX/scripts/nav2_params_bench.yaml use_sim_time:=False autostart:=True slam:=False use_localization:=False"
2026-09-27T16:33:59Z,77,"G1_20260927T163006Z",724151,"lifelong_slam_t",46.6,71260,51047,"/opt/ros/jazzy/lib/slam_toolbox/lifelong_slam_toolbox_node --ros-args -r __node:=slam_toolbox -r __ns:=/ --params-file /wt/contributions/compute-benchmark/OsakaTX/scripts/lifelong_slam_params.yaml --params-file /tmp/launch_params_zyre_0s5"
2026-09-27T16:33:59Z,77,"G1_20260927T163006Z",724184,"component_conta",47.5,166004,145770,"/opt/ros/jazzy/lib/rclcpp_components/component_container_isolated --ros-args --log-level info --ros-args -r __node:=nav2_container --params-file /tmp/launch_params___mpikbo --params-file /tmp/launch_params_femhr4gz -r /tf:=tf -r /tf_static:=tf_static"
2026-09-27T16:33:59Z,77,"G1_20260927T163006Z",724251,"python3",6.7,83080,54087,"python3 /wt/contributions/compute-benchmark/OsakaTX/scripts/nav_goal_seq.py --x 4 --y 4 --yaw 0 --every 22.0 --pause 2.0 --cancel --repeats 0"
2026-09-27T16:33:59Z,77,"G1_20260927T163006Z",724296,"bash",0.5,4480,1343,"bash /wt/contributions/compute-benchmark/xbattlax/scripts/measure_ros_processes.sh --pattern python3|ros2|slam|nav2|component_container|nav_goal_seq --duration 380 --interval 2 --label G1_20260927T163006Z --output /wt/contributions/compute-benchmark/OsakaTX/scripts/../results/combo2/G1_20260927T163006Z.csv"
2026-09-27T16:34:02Z,78,"G1_20260927T163006Z",709168,"python3",0.2,74728,46542,"/usr/bin/python3 -c from ros2cli.daemon.daemonize import main; main() --name ros2-daemon --ros-domain-id 0 --rmw-implementation rmw_fastrtps_cpp"
2026-09-27T16:34:02Z,78,"G1_20260927T163006Z",724115,"python3",5.6,77076,48490,"python3 /wt/contributions/compute-benchmark/OsakaTX/scripts/synthetic_scan_publisher.py --duration 490 --loop-s 40 --hz 5.0 --noise 0.0"
2026-09-27T16:34:02Z,78,"G1_20260927T163006Z",724131,"ros2",0.7,79120,51263,"/usr/bin/python3 /opt/ros/jazzy/bin/ros2 launch /wt/contributions/compute-benchmark/OsakaTX/scripts/lifelong_launch.py slam_params_file:=/wt/contributions/compute-benchmark/OsakaTX/scripts/lifelong_slam_params.yaml use_sim_time:=False autostart:=true"
2026-09-27T16:34:02Z,78,"G1_20260927T163006Z",724132,"ros2",0.6,83668,55444,"/usr/bin/python3 /opt/ros/jazzy/bin/ros2 launch nav2_bringup bringup_launch.py map:=/wt/contributions/compute-benchmark/OsakaTX/scripts/../results/combo2/combo2_nav2_map.yaml params_file:=/wt/contributions/compute-benchmark/OsakaTX/scripts/nav2_params_bench.yaml use_sim_time:=False autostart:=True slam:=False use_localization:=False"
2026-09-27T16:34:02Z,78,"G1_20260927T163006Z",724151,"lifelong_slam_t",46.6,71260,51048,"/opt/ros/jazzy/lib/slam_toolbox/lifelong_slam_toolbox_node --ros-args -r __node:=slam_toolbox -r __ns:=/ --params-file /wt/contributions/compute-benchmark/OsakaTX/scripts/lifelong_slam_params.yaml --params-file /tmp/launch_params_zyre_0s5"
2026-09-27T16:34:02Z,78,"G1_20260927T163006Z",724184,"component_conta",47.4,165728,145496,"/opt/ros/jazzy/lib/rclcpp_components/component_container_isolated --ros-args --log-level info --ros-args -r __node:=nav2_container --params-file /tmp/launch_params___mpikbo --params-file /tmp/launch_params_femhr4gz -r /tf:=tf -r /tf_static:=tf_static"
2026-09-27T16:34:02Z,78,"G1_20260927T163006Z",724251,"python3",6.7,83080,54087,"python3 /wt/contributions/compute-benchmark/OsakaTX/scripts/nav_goal_seq.py --x 4 --y 4 --yaw 0 --every 22.0 --pause 2.0 --cancel --repeats 0"
2026-09-27T16:34:02Z,78,"G1_20260927T163006Z",724296,"bash",0.5,4480,1343,"bash /wt/contributions/compute-benchmark/xbattlax/scripts/measure_ros_processes.sh --pattern python3|ros2|slam|nav2|component_container|nav_goal_seq --duration 380 --interval 2 --label G1_20260927T163006Z --output /wt/contributions/compute-benchmark/OsakaTX/scripts/../results/combo2/G1_20260927T163006Z.csv"
2026-09-27T16:34:04Z,79,"G1_20260927T163006Z",709168,"python3",0.2,74728,46545,"/usr/bin/python3 -c from ros2cli.daemon.daemonize import main; main() --name ros2-daemon --ros-domain-id 0 --rmw-implementation rmw_fastrtps_cpp"
2026-09-27T16:34:04Z,79,"G1_20260927T163006Z",724115,"python3",5.5,77076,48487,"python3 /wt/contributions/compute-benchmark/OsakaTX/scripts/synthetic_scan_publisher.py --duration 490 --loop-s 40 --hz 5.0 --noise 0.0"
2026-09-27T16:34:04Z,79,"G1_20260927T163006Z",724131,"ros2",0.7,79120,51261,"/usr/bin/python3 /opt/ros/jazzy/bin/ros2 launch /wt/contributions/compute-benchmark/OsakaTX/scripts/lifelong_launch.py slam_params_file:=/wt/contributions/compute-benchmark/OsakaTX/scripts/lifelong_slam_params.yaml use_sim_time:=False autostart:=true"
2026-09-27T16:34:04Z,79,"G1_20260927T163006Z",724132,"ros2",0.6,83668,55440,"/usr/bin/python3 /opt/ros/jazzy/bin/ros2 launch nav2_bringup bringup_launch.py map:=/wt/contributions/compute-benchmark/OsakaTX/scripts/../results/combo2/combo2_nav2_map.yaml params_file:=/wt/contributions/compute-benchmark/OsakaTX/scripts/nav2_params_bench.yaml use_sim_time:=False autostart:=True slam:=False use_localization:=False"
2026-09-27T16:34:04Z,79,"G1_20260927T163006Z",724151,"lifelong_slam_t",46.5,71260,51049,"/opt/ros/jazzy/lib/slam_toolbox/lifelong_slam_toolbox_node --ros-args -r __node:=slam_toolbox -r __ns:=/ --params-file /wt/contributions/compute-benchmark/OsakaTX/scripts/lifelong_slam_params.yaml --params-file /tmp/launch_params_zyre_0s5"
2026-09-27T16:34:04Z,79,"G1_20260927T163006Z",724184,"component_conta",47.5,166916,145494,"/opt/ros/jazzy/lib/rclcpp_components/component_container_isolated --ros-args --log-level info --ros-args -r __node:=nav2_container --params-file /tmp/launch_params___mpikbo --params-file /tmp/launch_params_femhr4gz -r /tf:=tf -r /tf_static:=tf_static"
2026-09-27T16:34:04Z,79,"G1_20260927T163006Z",724251,"python3",6.7,83080,54087,"python3 /wt/contributions/compute-benchmark/OsakaTX/scripts/nav_goal_seq.py --x 4 --y 4 --yaw 0 --every 22.0 --pause 2.0 --cancel --repeats 0"
2026-09-27T16:34:04Z,79,"G1_20260927T163006Z",724296,"bash",0.5,4480,1336,"bash /wt/contributions/compute-benchmark/xbattlax/scripts/measure_ros_processes.sh --pattern python3|ros2|slam|nav2|component_container|nav_goal_seq --duration 380 --interval 2 --label G1_20260927T163006Z --output /wt/contributions/compute-benchmark/OsakaTX/scripts/../results/combo2/G1_20260927T163006Z.csv"
2026-09-27T16:34:07Z,80,"G1_20260927T163006Z",709168,"python3",0.2,74728,46542,"/usr/bin/python3 -c from ros2cli.daemon.daemonize import main; main() --name ros2-daemon --ros-domain-id 0 --rmw-implementation rmw_fastrtps_cpp"
2026-09-27T16:34:07Z,80,"G1_20260927T163006Z",724115,"python3",5.5,77076,48485,"python3 /wt/contributions/compute-benchmark/OsakaTX/scripts/synthetic_scan_publisher.py --duration 490 --loop-s 40 --hz 5.0 --noise 0.0"
2026-09-27T16:34:07Z,80,"G1_20260927T163006Z",724131,"ros2",0.7,79120,51263,"/usr/bin/python3 /opt/ros/jazzy/bin/ros2 launch /wt/contributions/compute-benchmark/OsakaTX/scripts/lifelong_launch.py slam_params_file:=/wt/contributions/compute-benchmark/OsakaTX/scripts/lifelong_slam_params.yaml use_sim_time:=False autostart:=true"
2026-09-27T16:34:07Z,80,"G1_20260927T163006Z",724132,"ros2",0.6,83668,55443,"/usr/bin/python3 /opt/ros/jazzy/bin/ros2 launch nav2_bringup bringup_launch.py map:=/wt/contributions/compute-benchmark/OsakaTX/scripts/../results/combo2/combo2_nav2_map.yaml params_file:=/wt/contributions/compute-benchmark/OsakaTX/scripts/nav2_params_bench.yaml use_sim_time:=False autostart:=True slam:=False use_localization:=False"
2026-09-27T16:34:07Z,80,"G1_20260927T163006Z",724151,"lifelong_slam_t",46.4,71324,51112,"/opt/ros/jazzy/lib/slam_toolbox/lifelong_slam_toolbox_node --ros-args -r __node:=slam_toolbox -r __ns:=/ --params-file /wt/contributions/compute-benchmark/OsakaTX/scripts/lifelong_slam_params.yaml --params-file /tmp/launch_params_zyre_0s5"
2026-09-27T16:34:07Z,80,"G1_20260927T163006Z",724184,"component_conta",47.6,169668,149435,"/opt/ros/jazzy/lib/rclcpp_components/component_container_isolated --ros-args --log-level info --ros-args -r __node:=nav2_container --params-file /tmp/launch_params___mpikbo --params-file /tmp/launch_params_femhr4gz -r /tf:=tf -r /tf_static:=tf_static"
2026-09-27T16:34:07Z,80,"G1_20260927T163006Z",724251,"python3",6.7,83080,54087,"python3 /wt/contributions/compute-benchmark/OsakaTX/scripts/nav_goal_seq.py --x 4 --y 4 --yaw 0 --every 22.0 --pause 2.0 --cancel --repeats 0"
2026-09-27T16:34:07Z,80,"G1_20260927T163006Z",724296,"bash",0.5,4480,1339,"bash /wt/contributions/compute-benchmark/xbattlax/scripts/measure_ros_processes.sh --pattern python3|ros2|slam|nav2|component_container|nav_goal_seq --duration 380 --interval 2 --label G1_20260927T163006Z --output /wt/contributions/compute-benchmark/OsakaTX/scripts/../results/combo2/G1_20260927T163006Z.csv"
2026-09-27T16:34:09Z,81,"G1_20260927T163006Z",709168,"python3",0.2,74728,46543,"/usr/bin/python3 -c from ros2cli.daemon.daemonize import main; main() --name ros2-daemon --ros-domain-id 0 --rmw-implementation rmw_fastrtps_cpp"
2026-09-27T16:34:09Z,81,"G1_20260927T163006Z",724115,"python3",5.5,77076,48489,"python3 /wt/contributions/compute-benchmark/OsakaTX/scripts/synthetic_scan_publisher.py --duration 490 --loop-s 40 --hz 5.0 --noise 0.0"
2026-09-27T16:34:09Z,81,"G1_20260927T163006Z",724131,"ros2",0.7,79120,51263,"/usr/bin/python3 /opt/ros/jazzy/bin/ros2 launch /wt/contributions/compute-benchmark/OsakaTX/scripts/lifelong_launch.py slam_params_file:=/wt/contributions/compute-benchmark/OsakaTX/scripts/lifelong_slam_params.yaml use_sim_time:=False autostart:=true"
2026-09-27T16:34:09Z,81,"G1_20260927T163006Z",724132,"ros2",0.6,83668,55444,"/usr/bin/python3 /opt/ros/jazzy/bin/ros2 launch nav2_bringup bringup_launch.py map:=/wt/contributions/compute-benchmark/OsakaTX/scripts/../results/combo2/combo2_nav2_map.yaml params_file:=/wt/contributions/compute-benchmark/OsakaTX/scripts/nav2_params_bench.yaml use_sim_time:=False autostart:=True slam:=False use_localization:=False"
2026-09-27T16:34:09Z,81,"G1_20260927T163006Z",724151,"lifelong_slam_t",46.6,71324,51113,"/opt/ros/jazzy/lib/slam_toolbox/lifelong_slam_toolbox_node --ros-args -r __node:=slam_toolbox -r __ns:=/ --params-file /wt/contributions/compute-benchmark/OsakaTX/scripts/lifelong_slam_params.yaml --params-file /tmp/launch_params_zyre_0s5"
2026-09-27T16:34:09Z,81,"G1_20260927T163006Z",724184,"component_conta",47.5,169940,149707,"/opt/ros/jazzy/lib/rclcpp_components/component_container_isolated --ros-args --log-level info --ros-args -r __node:=nav2_container --params-file /tmp/launch_params___mpikbo --params-file /tmp/launch_params_femhr4gz -r /tf:=tf -r /tf_static:=tf_static"
2026-09-27T16:34:09Z,81,"G1_20260927T163006Z",724251,"python3",6.6,83080,54087,"python3 /wt/contributions/compute-benchmark/OsakaTX/scripts/nav_goal_seq.py --x 4 --y 4 --yaw 0 --every 22.0 --pause 2.0 --cancel --repeats 0"
2026-09-27T16:34:09Z,81,"G1_20260927T163006Z",724296,"bash",0.5,4480,1339,"bash /wt/contributions/compute-benchmark/xbattlax/scripts/measure_ros_processes.sh --pattern python3|ros2|slam|nav2|component_container|nav_goal_seq --duration 380 --interval 2 --label G1_20260927T163006Z --output /wt/contributions/compute-benchmark/OsakaTX/scripts/../results/combo2/G1_20260927T163006Z.csv"
2026-09-27T16:34:12Z,82,"G1_20260927T163006Z",709168,"python3",0.2,74728,46544,"/usr/bin/python3 -c from ros2cli.daemon.daemonize import main; main() --name ros2-daemon --ros-domain-id 0 --rmw-implementation rmw_fastrtps_cpp"
2026-09-27T16:34:12Z,82,"G1_20260927T163006Z",724115,"python3",5.5,77076,48491,"python3 /wt/contributions/compute-benchmark/OsakaTX/scripts/synthetic_scan_publisher.py --duration 490 --loop-s 40 --hz 5.0 --noise 0.0"
2026-09-27T16:34:12Z,82,"G1_20260927T163006Z",724131,"ros2",0.7,79124,51267,"/usr/bin/python3 /opt/ros/jazzy/bin/ros2 launch /wt/contributions/compute-benchmark/OsakaTX/scripts/lifelong_launch.py slam_params_file:=/wt/contributions/compute-benchmark/OsakaTX/scripts/lifelong_slam_params.yaml use_sim_time:=False autostart:=true"
2026-09-27T16:34:12Z,82,"G1_20260927T163006Z",724132,"ros2",0.6,83668,55444,"/usr/bin/python3 /opt/ros/jazzy/bin/ros2 launch nav2_bringup bringup_launch.py map:=/wt/contributions/compute-benchmark/OsakaTX/scripts/../results/combo2/combo2_nav2_map.yaml params_file:=/wt/contributions/compute-benchmark/OsakaTX/scripts/nav2_params_bench.yaml use_sim_time:=False autostart:=True slam:=False use_localization:=False"
2026-09-27T16:34:12Z,82,"G1_20260927T163006Z",724151,"lifelong_slam_t",46.8,71324,51115,"/opt/ros/jazzy/lib/slam_toolbox/lifelong_slam_toolbox_node --ros-args -r __node:=slam_toolbox -r __ns:=/ --params-file /wt/contributions/compute-benchmark/OsakaTX/scripts/lifelong_slam_params.yaml --params-file /tmp/launch_params_zyre_0s5"
2026-09-27T16:34:12Z,82,"G1_20260927T163006Z",724184,"component_conta",47.5,170276,150042,"/opt/ros/jazzy/lib/rclcpp_components/component_container_isolated --ros-args --log-level info --ros-args -r __node:=nav2_container --params-file /tmp/launch_params___mpikbo --params-file /tmp/launch_params_femhr4gz -r /tf:=tf -r /tf_static:=tf_static"
2026-09-27T16:34:12Z,82,"G1_20260927T163006Z",724251,"python3",6.6,83080,54083,"python3 /wt/contributions/compute-benchmark/OsakaTX/scripts/nav_goal_seq.py --x 4 --y 4 --yaw 0 --every 22.0 --pause 2.0 --cancel --repeats 0"
2026-09-27T16:34:12Z,82,"G1_20260927T163006Z",724296,"bash",0.5,4480,1343,"bash /wt/contributions/compute-benchmark/xbattlax/scripts/measure_ros_processes.sh --pattern python3|ros2|slam|nav2|component_container|nav_goal_seq --duration 380 --interval 2 --label G1_20260927T163006Z --output /wt/contributions/compute-benchmark/OsakaTX/scripts/../results/combo2/G1_20260927T163006Z.csv"
2026-09-27T16:34:14Z,83,"G1_20260927T163006Z",709168,"python3",0.2,74728,46544,"/usr/bin/python3 -c from ros2cli.daemon.daemonize import main; main() --name ros2-daemon --ros-domain-id 0 --rmw-implementation rmw_fastrtps_cpp"
2026-09-27T16:34:14Z,83,"G1_20260927T163006Z",724115,"python3",5.5,77076,48482,"python3 /wt/contributions/compute-benchmark/OsakaTX/scripts/synthetic_scan_publisher.py --duration 490 --loop-s 40 --hz 5.0 --noise 0.0"
2026-09-27T16:34:14Z,83,"G1_20260927T163006Z",724131,"ros2",0.7,79124,51264,"/usr/bin/python3 /opt/ros/jazzy/bin/ros2 launch /wt/contributions/compute-benchmark/OsakaTX/scripts/lifelong_launch.py slam_params_file:=/wt/contributions/compute-benchmark/OsakaTX/scripts/lifelong_slam_params.yaml use_sim_time:=False autostart:=true"
2026-09-27T16:34:14Z,83,"G1_20260927T163006Z",724132,"ros2",0.6,83668,55443,"/usr/bin/python3 /opt/ros/jazzy/bin/ros2 launch nav2_bringup bringup_launch.py map:=/wt/contributions/compute-benchmark/OsakaTX/scripts/../results/combo2/combo2_nav2_map.yaml params_file:=/wt/contributions/compute-benchmark/OsakaTX/scripts/nav2_params_bench.yaml use_sim_time:=False autostart:=True slam:=False use_localization:=False"
2026-09-27T16:34:14Z,83,"G1_20260927T163006Z",724151,"lifelong_slam_t",46.9,71324,51114,"/opt/ros/jazzy/lib/slam_toolbox/lifelong_slam_toolbox_node --ros-args -r __node:=slam_toolbox -r __ns:=/ --params-file /wt/contributions/compute-benchmark/OsakaTX/scripts/lifelong_slam_params.yaml --params-file /tmp/launch_params_zyre_0s5"
2026-09-27T16:34:14Z,83,"G1_20260927T163006Z",724184,"component_conta",47.6,170276,150043,"/opt/ros/jazzy/lib/rclcpp_components/component_container_isolated --ros-args --log-level info --ros-args -r __node:=nav2_container --params-file /tmp/launch_params___mpikbo --params-file /tmp/launch_params_femhr4gz -r /tf:=tf -r /tf_static:=tf_static"
2026-09-27T16:34:14Z,83,"G1_20260927T163006Z",724251,"python3",6.6,83080,54083,"python3 /wt/contributions/compute-benchmark/OsakaTX/scripts/nav_goal_seq.py --x 4 --y 4 --yaw 0 --every 22.0 --pause 2.0 --cancel --repeats 0"
2026-09-27T16:34:14Z,83,"G1_20260927T163006Z",724296,"bash",0.5,4480,1339,"bash /wt/contributions/compute-benchmark/xbattlax/scripts/measure_ros_processes.sh --pattern python3|ros2|slam|nav2|component_container|nav_goal_seq --duration 380 --interval 2 --label G1_20260927T163006Z --output /wt/contributions/compute-benchmark/OsakaTX/scripts/../results/combo2/G1_20260927T163006Z.csv"
2026-09-27T16:34:17Z,84,"G1_20260927T163006Z",709168,"python3",0.2,74728,46546,"/usr/bin/python3 -c from ros2cli.daemon.daemonize import main; main() --name ros2-daemon --ros-domain-id 0 --rmw-implementation rmw_fastrtps_cpp"
2026-09-27T16:34:17Z,84,"G1_20260927T163006Z",724115,"python3",5.5,77076,48489,"python3 /wt/contributions/compute-benchmark/OsakaTX/scripts/synthetic_scan_publisher.py --duration 490 --loop-s 40 --hz 5.0 --noise 0.0"
2026-09-27T16:34:17Z,84,"G1_20260927T163006Z",724131,"ros2",0.7,79124,51267,"/usr/bin/python3 /opt/ros/jazzy/bin/ros2 launch /wt/contributions/compute-benchmark/OsakaTX/scripts/lifelong_launch.py slam_params_file:=/wt/contributions/compute-benchmark/OsakaTX/scripts/lifelong_slam_params.yaml use_sim_time:=False autostart:=true"
2026-09-27T16:34:17Z,84,"G1_20260927T163006Z",724132,"ros2",0.6,83668,55445,"/usr/bin/python3 /opt/ros/jazzy/bin/ros2 launch nav2_bringup bringup_launch.py map:=/wt/contributions/compute-benchmark/OsakaTX/scripts/../results/combo2/combo2_nav2_map.yaml params_file:=/wt/contributions/compute-benchmark/OsakaTX/scripts/nav2_params_bench.yaml use_sim_time:=False autostart:=True slam:=False use_localization:=False"
2026-09-27T16:34:17Z,84,"G1_20260927T163006Z",724151,"lifelong_slam_t",46.9,71324,51114,"/opt/ros/jazzy/lib/slam_toolbox/lifelong_slam_toolbox_node --ros-args -r __node:=slam_toolbox -r __ns:=/ --params-file /wt/contributions/compute-benchmark/OsakaTX/scripts/lifelong_slam_params.yaml --params-file /tmp/launch_params_zyre_0s5"
2026-09-27T16:34:17Z,84,"G1_20260927T163006Z",724184,"component_conta",47.6,170276,150051,"/opt/ros/jazzy/lib/rclcpp_components/component_container_isolated --ros-args --log-level info --ros-args -r __node:=nav2_container --params-file /tmp/launch_params___mpikbo --params-file /tmp/launch_params_femhr4gz -r /tf:=tf -r /tf_static:=tf_static"
2026-09-27T16:34:17Z,84,"G1_20260927T163006Z",724251,"python3",6.6,83080,54083,"python3 /wt/contributions/compute-benchmark/OsakaTX/scripts/nav_goal_seq.py --x 4 --y 4 --yaw 0 --every 22.0 --pause 2.0 --cancel --repeats 0"
2026-09-27T16:34:17Z,84,"G1_20260927T163006Z",724296,"bash",0.5,4480,1340,"bash /wt/contributions/compute-benchmark/xbattlax/scripts/measure_ros_processes.sh --pattern python3|ros2|slam|nav2|component_container|nav_goal_seq --duration 380 --interval 2 --label G1_20260927T163006Z --output /wt/contributions/compute-benchmark/OsakaTX/scripts/../results/combo2/G1_20260927T163006Z.csv"
2026-09-27T16:34:19Z,85,"G1_20260927T163006Z",709168,"python3",0.2,74728,46544,"/usr/bin/python3 -c from ros2cli.daemon.daemonize import main; main() --name ros2-daemon --ros-domain-id 0 --rmw-implementation rmw_fastrtps_cpp"
2026-09-27T16:34:19Z,85,"G1_20260927T163006Z",724115,"python3",5.5,77076,48489,"python3 /wt/contributions/compute-benchmark/OsakaTX/scripts/synthetic_scan_publisher.py --duration 490 --loop-s 40 --hz 5.0 --noise 0.0"
2026-09-27T16:34:19Z,85,"G1_20260927T163006Z",724131,"ros2",0.7,79124,51265,"/usr/bin/python3 /opt/ros/jazzy/bin/ros2 launch /wt/contributions/compute-benchmark/OsakaTX/scripts/lifelong_launch.py slam_params_file:=/wt/contributions/compute-benchmark/OsakaTX/scripts/lifelong_slam_params.yaml use_sim_time:=False autostart:=true"
2026-09-27T16:34:19Z,85,"G1_20260927T163006Z",724132,"ros2",0.6,83668,55437,"/usr/bin/python3 /opt/ros/jazzy/bin/ros2 launch nav2_bringup bringup_launch.py map:=/wt/contributions/compute-benchmark/OsakaTX/scripts/../results/combo2/combo2_nav2_map.yaml params_file:=/wt/contributions/compute-benchmark/OsakaTX/scripts/nav2_params_bench.yaml use_sim_time:=False autostart:=True slam:=False use_localization:=False"
2026-09-27T16:34:19Z,85,"G1_20260927T163006Z",724151,"lifelong_slam_t",46.9,71324,51114,"/opt/ros/jazzy/lib/slam_toolbox/lifelong_slam_toolbox_node --ros-args -r __node:=slam_toolbox -r __ns:=/ --params-file /wt/contributions/compute-benchmark/OsakaTX/scripts/lifelong_slam_params.yaml --params-file /tmp/launch_params_zyre_0s5"
2026-09-27T16:34:19Z,85,"G1_20260927T163006Z",724184,"component_conta",47.6,170276,150043,"/opt/ros/jazzy/lib/rclcpp_components/component_container_isolated --ros-args --log-level info --ros-args -r __node:=nav2_container --params-file /tmp/launch_params___mpikbo --params-file /tmp/launch_params_femhr4gz -r /tf:=tf -r /tf_static:=tf_static"
2026-09-27T16:34:19Z,85,"G1_20260927T163006Z",724251,"python3",6.6,83080,54083,"python3 /wt/contributions/compute-benchmark/OsakaTX/scripts/nav_goal_seq.py --x 4 --y 4 --yaw 0 --every 22.0 --pause 2.0 --cancel --repeats 0"
2026-09-27T16:34:19Z,85,"G1_20260927T163006Z",724296,"bash",0.5,4480,1342,"bash /wt/contributions/compute-benchmark/xbattlax/scripts/measure_ros_processes.sh --pattern python3|ros2|slam|nav2|component_container|nav_goal_seq --duration 380 --interval 2 --label G1_20260927T163006Z --output /wt/contributions/compute-benchmark/OsakaTX/scripts/../results/combo2/G1_20260927T163006Z.csv"
2026-09-27T16:34:22Z,86,"G1_20260927T163006Z",709168,"python3",0.2,74728,46543,"/usr/bin/python3 -c from ros2cli.daemon.daemonize import main; main() --name ros2-daemon --ros-domain-id 0 --rmw-implementation rmw_fastrtps_cpp"
2026-09-27T16:34:22Z,86,"G1_20260927T163006Z",724115,"python3",5.5,77076,48489,"python3 /wt/contributions/compute-benchmark/OsakaTX/scripts/synthetic_scan_publisher.py --duration 490 --loop-s 40 --hz 5.0 --noise 0.0"
2026-09-27T16:34:22Z,86,"G1_20260927T163006Z",724131,"ros2",0.7,79124,51266,"/usr/bin/python3 /opt/ros/jazzy/bin/ros2 launch /wt/contributions/compute-benchmark/OsakaTX/scripts/lifelong_launch.py slam_params_file:=/wt/contributions/compute-benchmark/OsakaTX/scripts/lifelong_slam_params.yaml use_sim_time:=False autostart:=true"
2026-09-27T16:34:22Z,86,"G1_20260927T163006Z",724132,"ros2",0.6,83668,55440,"/usr/bin/python3 /opt/ros/jazzy/bin/ros2 launch nav2_bringup bringup_launch.py map:=/wt/contributions/compute-benchmark/OsakaTX/scripts/../results/combo2/combo2_nav2_map.yaml params_file:=/wt/contributions/compute-benchmark/OsakaTX/scripts/nav2_params_bench.yaml use_sim_time:=False autostart:=True slam:=False use_localization:=False"
2026-09-27T16:34:22Z,86,"G1_20260927T163006Z",724151,"lifelong_slam_t",46.9,71324,51113,"/opt/ros/jazzy/lib/slam_toolbox/lifelong_slam_toolbox_node --ros-args -r __node:=slam_toolbox -r __ns:=/ --params-file /wt/contributions/compute-benchmark/OsakaTX/scripts/lifelong_slam_params.yaml --params-file /tmp/launch_params_zyre_0s5"
2026-09-27T16:34:22Z,86,"G1_20260927T163006Z",724184,"component_conta",47.7,170276,150042,"/opt/ros/jazzy/lib/rclcpp_components/component_container_isolated --ros-args --log-level info --ros-args -r __node:=nav2_container --params-file /tmp/launch_params___mpikbo --params-file /tmp/launch_params_femhr4gz -r /tf:=tf -r /tf_static:=tf_static"
2026-09-27T16:34:22Z,86,"G1_20260927T163006Z",724251,"python3",6.6,83080,54087,"python3 /wt/contributions/compute-benchmark/OsakaTX/scripts/nav_goal_seq.py --x 4 --y 4 --yaw 0 --every 22.0 --pause 2.0 --cancel --repeats 0"
2026-09-27T16:34:22Z,86,"G1_20260927T163006Z",724296,"bash",0.5,4480,1341,"bash /wt/contributions/compute-benchmark/xbattlax/scripts/measure_ros_processes.sh --pattern python3|ros2|slam|nav2|component_container|nav_goal_seq --duration 380 --interval 2 --label G1_20260927T163006Z --output /wt/contributions/compute-benchmark/OsakaTX/scripts/../results/combo2/G1_20260927T163006Z.csv"
2026-09-27T16:34:24Z,87,"G1_20260927T163006Z",709168,"python3",0.2,74728,46545,"/usr/bin/python3 -c from ros2cli.daemon.daemonize import main; main() --name ros2-daemon --ros-domain-id 0 --rmw-implementation rmw_fastrtps_cpp"
2026-09-27T16:34:24Z,87,"G1_20260927T163006Z",724115,"python3",5.5,77076,48489,"python3 /wt/contributions/compute-benchmark/OsakaTX/scripts/synthetic_scan_publisher.py --duration 490 --loop-s 40 --hz 5.0 --noise 0.0"
2026-09-27T16:34:24Z,87,"G1_20260927T163006Z",724131,"ros2",0.7,79124,51266,"/usr/bin/python3 /opt/ros/jazzy/bin/ros2 launch /wt/contributions/compute-benchmark/OsakaTX/scripts/lifelong_launch.py slam_params_file:=/wt/contributions/compute-benchmark/OsakaTX/scripts/lifelong_slam_params.yaml use_sim_time:=False autostart:=true"
2026-09-27T16:34:24Z,87,"G1_20260927T163006Z",724132,"ros2",0.6,83668,55442,"/usr/bin/python3 /opt/ros/jazzy/bin/ros2 launch nav2_bringup bringup_launch.py map:=/wt/contributions/compute-benchmark/OsakaTX/scripts/../results/combo2/combo2_nav2_map.yaml params_file:=/wt/contributions/compute-benchmark/OsakaTX/scripts/nav2_params_bench.yaml use_sim_time:=False autostart:=True slam:=False use_localization:=False"
2026-09-27T16:34:24Z,87,"G1_20260927T163006Z",724151,"lifelong_slam_t",46.8,71324,51111,"/opt/ros/jazzy/lib/slam_toolbox/lifelong_slam_toolbox_node --ros-args -r __node:=slam_toolbox -r __ns:=/ --params-file /wt/contributions/compute-benchmark/OsakaTX/scripts/lifelong_slam_params.yaml --params-file /tmp/launch_params_zyre_0s5"
2026-09-27T16:34:24Z,87,"G1_20260927T163006Z",724184,"component_conta",47.8,170276,150043,"/opt/ros/jazzy/lib/rclcpp_components/component_container_isolated --ros-args --log-level info --ros-args -r __node:=nav2_container --params-file /tmp/launch_params___mpikbo --params-file /tmp/launch_params_femhr4gz -r /tf:=tf -r /tf_static:=tf_static"
2026-09-27T16:34:24Z,87,"G1_20260927T163006Z",724251,"python3",6.6,83080,54084,"python3 /wt/contributions/compute-benchmark/OsakaTX/scripts/nav_goal_seq.py --x 4 --y 4 --yaw 0 --every 22.0 --pause 2.0 --cancel --repeats 0"
2026-09-27T16:34:24Z,87,"G1_20260927T163006Z",724296,"bash",0.5,4480,1341,"bash /wt/contributions/compute-benchmark/xbattlax/scripts/measure_ros_processes.sh --pattern python3|ros2|slam|nav2|component_container|nav_goal_seq --duration 380 --interval 2 --label G1_20260927T163006Z --output /wt/contributions/compute-benchmark/OsakaTX/scripts/../results/combo2/G1_20260927T163006Z.csv"
2026-09-27T16:34:27Z,88,"G1_20260927T163006Z",709168,"python3",0.2,74728,46542,"/usr/bin/python3 -c from ros2cli.daemon.daemonize import main; main() --name ros2-daemon --ros-domain-id 0 --rmw-implementation rmw_fastrtps_cpp"
2026-09-27T16:34:27Z,88,"G1_20260927T163006Z",724115,"python3",5.5,77076,48489,"python3 /wt/contributions/compute-benchmark/OsakaTX/scripts/synthetic_scan_publisher.py --duration 490 --loop-s 40 --hz 5.0 --noise 0.0"
2026-09-27T16:34:27Z,88,"G1_20260927T163006Z",724131,"ros2",0.7,79124,51265,"/usr/bin/python3 /opt/ros/jazzy/bin/ros2 launch /wt/contributions/compute-benchmark/OsakaTX/scripts/lifelong_launch.py slam_params_file:=/wt/contributions/compute-benchmark/OsakaTX/scripts/lifelong_slam_params.yaml use_sim_time:=False autostart:=true"
2026-09-27T16:34:27Z,88,"G1_20260927T163006Z",724132,"ros2",0.6,83668,55440,"/usr/bin/python3 /opt/ros/jazzy/bin/ros2 launch nav2_bringup bringup_launch.py map:=/wt/contributions/compute-benchmark/OsakaTX/scripts/../results/combo2/combo2_nav2_map.yaml params_file:=/wt/contributions/compute-benchmark/OsakaTX/scripts/nav2_params_bench.yaml use_sim_time:=False autostart:=True slam:=False use_localization:=False"
2026-09-27T16:34:27Z,88,"G1_20260927T163006Z",724151,"lifelong_slam_t",46.8,71324,51113,"/opt/ros/jazzy/lib/slam_toolbox/lifelong_slam_toolbox_node --ros-args -r __node:=slam_toolbox -r __ns:=/ --params-file /wt/contributions/compute-benchmark/OsakaTX/scripts/lifelong_slam_params.yaml --params-file /tmp/launch_params_zyre_0s5"
2026-09-27T16:34:27Z,88,"G1_20260927T163006Z",724184,"component_conta",47.8,170276,150041,"/opt/ros/jazzy/lib/rclcpp_components/component_container_isolated --ros-args --log-level info --ros-args -r __node:=nav2_container --params-file /tmp/launch_params___mpikbo --params-file /tmp/launch_params_femhr4gz -r /tf:=tf -r /tf_static:=tf_static"
2026-09-27T16:34:27Z,88,"G1_20260927T163006Z",724251,"python3",6.7,83080,54087,"python3 /wt/contributions/compute-benchmark/OsakaTX/scripts/nav_goal_seq.py --x 4 --y 4 --yaw 0 --every 22.0 --pause 2.0 --cancel --repeats 0"
2026-09-27T16:34:27Z,88,"G1_20260927T163006Z",724296,"bash",0.5,4480,1338,"bash /wt/contributions/compute-benchmark/xbattlax/scripts/measure_ros_processes.sh --pattern python3|ros2|slam|nav2|component_container|nav_goal_seq --duration 380 --interval 2 --label G1_20260927T163006Z --output /wt/contributions/compute-benchmark/OsakaTX/scripts/../results/combo2/G1_20260927T163006Z.csv"
2026-09-27T16:34:29Z,89,"G1_20260927T163006Z",709168,"python3",0.2,74728,46544,"/usr/bin/python3 -c from ros2cli.daemon.daemonize import main; main() --name ros2-daemon --ros-domain-id 0 --rmw-implementation rmw_fastrtps_cpp"
2026-09-27T16:34:29Z,89,"G1_20260927T163006Z",724115,"python3",5.5,77076,48490,"python3 /wt/contributions/compute-benchmark/OsakaTX/scripts/synthetic_scan_publisher.py --duration 490 --loop-s 40 --hz 5.0 --noise 0.0"
2026-09-27T16:34:29Z,89,"G1_20260927T163006Z",724131,"ros2",0.7,79124,51264,"/usr/bin/python3 /opt/ros/jazzy/bin/ros2 launch /wt/contributions/compute-benchmark/OsakaTX/scripts/lifelong_launch.py slam_params_file:=/wt/contributions/compute-benchmark/OsakaTX/scripts/lifelong_slam_params.yaml use_sim_time:=False autostart:=true"
2026-09-27T16:34:29Z,89,"G1_20260927T163006Z",724132,"ros2",0.6,83668,55442,"/usr/bin/python3 /opt/ros/jazzy/bin/ros2 launch nav2_bringup bringup_launch.py map:=/wt/contributions/compute-benchmark/OsakaTX/scripts/../results/combo2/combo2_nav2_map.yaml params_file:=/wt/contributions/compute-benchmark/OsakaTX/scripts/nav2_params_bench.yaml use_sim_time:=False autostart:=True slam:=False use_localization:=False"
2026-09-27T16:34:29Z,89,"G1_20260927T163006Z",724151,"lifelong_slam_t",46.7,71324,51112,"/opt/ros/jazzy/lib/slam_toolbox/lifelong_slam_toolbox_node --ros-args -r __node:=slam_toolbox -r __ns:=/ --params-file /wt/contributions/compute-benchmark/OsakaTX/scripts/lifelong_slam_params.yaml --params-file /tmp/launch_params_zyre_0s5"
2026-09-27T16:34:29Z,89,"G1_20260927T163006Z",724184,"component_conta",47.8,170276,150042,"/opt/ros/jazzy/lib/rclcpp_components/component_container_isolated --ros-args --log-level info --ros-args -r __node:=nav2_container --params-file /tmp/launch_params___mpikbo --params-file /tmp/launch_params_femhr4gz -r /tf:=tf -r /tf_static:=tf_static"
2026-09-27T16:34:29Z,89,"G1_20260927T163006Z",724251,"python3",6.7,83080,54083,"python3 /wt/contributions/compute-benchmark/OsakaTX/scripts/nav_goal_seq.py --x 4 --y 4 --yaw 0 --every 22.0 --pause 2.0 --cancel --repeats 0"
2026-09-27T16:34:29Z,89,"G1_20260927T163006Z",724296,"bash",0.5,4480,1342,"bash /wt/contributions/compute-benchmark/xbattlax/scripts/measure_ros_processes.sh --pattern python3|ros2|slam|nav2|component_container|nav_goal_seq --duration 380 --interval 2 --label G1_20260927T163006Z --output /wt/contributions/compute-benchmark/OsakaTX/scripts/../results/combo2/G1_20260927T163006Z.csv"
2026-09-27T16:34:32Z,90,"G1_20260927T163006Z",709168,"python3",0.2,74728,46542,"/usr/bin/python3 -c from ros2cli.daemon.daemonize import main; main() --name ros2-daemon --ros-domain-id 0 --rmw-implementation rmw_fastrtps_cpp"
2026-09-27T16:34:32Z,90,"G1_20260927T163006Z",724115,"python3",5.5,77076,48485,"python3 /wt/contributions/compute-benchmark/OsakaTX/scripts/synthetic_scan_publisher.py --duration 490 --loop-s 40 --hz 5.0 --noise 0.0"
2026-09-27T16:34:32Z,90,"G1_20260927T163006Z",724131,"ros2",0.7,79136,51278,"/usr/bin/python3 /opt/ros/jazzy/bin/ros2 launch /wt/contributions/compute-benchmark/OsakaTX/scripts/lifelong_launch.py slam_params_file:=/wt/contributions/compute-benchmark/OsakaTX/scripts/lifelong_slam_params.yaml use_sim_time:=False autostart:=true"
2026-09-27T16:34:32Z,90,"G1_20260927T163006Z",724132,"ros2",0.6,83668,55445,"/usr/bin/python3 /opt/ros/jazzy/bin/ros2 launch nav2_bringup bringup_launch.py map:=/wt/contributions/compute-benchmark/OsakaTX/scripts/../results/combo2/combo2_nav2_map.yaml params_file:=/wt/contributions/compute-benchmark/OsakaTX/scripts/nav2_params_bench.yaml use_sim_time:=False autostart:=True slam:=False use_localization:=False"
2026-09-27T16:34:32Z,90,"G1_20260927T163006Z",724151,"lifelong_slam_t",46.6,71324,51113,"/opt/ros/jazzy/lib/slam_toolbox/lifelong_slam_toolbox_node --ros-args -r __node:=slam_toolbox -r __ns:=/ --params-file /wt/contributions/compute-benchmark/OsakaTX/scripts/lifelong_slam_params.yaml --params-file /tmp/launch_params_zyre_0s5"
2026-09-27T16:34:32Z,90,"G1_20260927T163006Z",724184,"component_conta",47.8,171124,150889,"/opt/ros/jazzy/lib/rclcpp_components/component_container_isolated --ros-args --log-level info --ros-args -r __node:=nav2_container --params-file /tmp/launch_params___mpikbo --params-file /tmp/launch_params_femhr4gz -r /tf:=tf -r /tf_static:=tf_static"
2026-09-27T16:34:32Z,90,"G1_20260927T163006Z",724251,"python3",6.7,83080,54087,"python3 /wt/contributions/compute-benchmark/OsakaTX/scripts/nav_goal_seq.py --x 4 --y 4 --yaw 0 --every 22.0 --pause 2.0 --cancel --repeats 0"
2026-09-27T16:34:32Z,90,"G1_20260927T163006Z",724296,"bash",0.5,4480,1344,"bash /wt/contributions/compute-benchmark/xbattlax/scripts/measure_ros_processes.sh --pattern python3|ros2|slam|nav2|component_container|nav_goal_seq --duration 380 --interval 2 --label G1_20260927T163006Z --output /wt/contributions/compute-benchmark/OsakaTX/scripts/../results/combo2/G1_20260927T163006Z.csv"
2026-09-27T16:34:34Z,91,"G1_20260927T163006Z",709168,"python3",0.2,74728,46544,"/usr/bin/python3 -c from ros2cli.daemon.daemonize import main; main() --name ros2-daemon --ros-domain-id 0 --rmw-implementation rmw_fastrtps_cpp"
2026-09-27T16:34:34Z,91,"G1_20260927T163006Z",724115,"python3",5.5,77076,48491,"python3 /wt/contributions/compute-benchmark/OsakaTX/scripts/synthetic_scan_publisher.py --duration 490 --loop-s 40 --hz 5.0 --noise 0.0"
2026-09-27T16:34:34Z,91,"G1_20260927T163006Z",724131,"ros2",0.7,79168,51308,"/usr/bin/python3 /opt/ros/jazzy/bin/ros2 launch /wt/contributions/compute-benchmark/OsakaTX/scripts/lifelong_launch.py slam_params_file:=/wt/contributions/compute-benchmark/OsakaTX/scripts/lifelong_slam_params.yaml use_sim_time:=False autostart:=true"
2026-09-27T16:34:34Z,91,"G1_20260927T163006Z",724132,"ros2",0.6,83668,55438,"/usr/bin/python3 /opt/ros/jazzy/bin/ros2 launch nav2_bringup bringup_launch.py map:=/wt/contributions/compute-benchmark/OsakaTX/scripts/../results/combo2/combo2_nav2_map.yaml params_file:=/wt/contributions/compute-benchmark/OsakaTX/scripts/nav2_params_bench.yaml use_sim_time:=False autostart:=True slam:=False use_localization:=False"
2026-09-27T16:34:34Z,91,"G1_20260927T163006Z",724151,"lifelong_slam_t",46.6,71324,51113,"/opt/ros/jazzy/lib/slam_toolbox/lifelong_slam_toolbox_node --ros-args -r __node:=slam_toolbox -r __ns:=/ --params-file /wt/contributions/compute-benchmark/OsakaTX/scripts/lifelong_slam_params.yaml --params-file /tmp/launch_params_zyre_0s5"
2026-09-27T16:34:34Z,91,"G1_20260927T163006Z",724184,"component_conta",47.7,171448,151215,"/opt/ros/jazzy/lib/rclcpp_components/component_container_isolated --ros-args --log-level info --ros-args -r __node:=nav2_container --params-file /tmp/launch_params___mpikbo --params-file /tmp/launch_params_femhr4gz -r /tf:=tf -r /tf_static:=tf_static"
2026-09-27T16:34:34Z,91,"G1_20260927T163006Z",724251,"python3",6.6,83084,54091,"python3 /wt/contributions/compute-benchmark/OsakaTX/scripts/nav_goal_seq.py --x 4 --y 4 --yaw 0 --every 22.0 --pause 2.0 --cancel --repeats 0"
2026-09-27T16:34:34Z,91,"G1_20260927T163006Z",724296,"bash",0.5,4480,1344,"bash /wt/contributions/compute-benchmark/xbattlax/scripts/measure_ros_processes.sh --pattern python3|ros2|slam|nav2|component_container|nav_goal_seq --duration 380 --interval 2 --label G1_20260927T163006Z --output /wt/contributions/compute-benchmark/OsakaTX/scripts/../results/combo2/G1_20260927T163006Z.csv"
2026-09-27T16:34:37Z,92,"G1_20260927T163006Z",709168,"python3",0.2,74728,46544,"/usr/bin/python3 -c from ros2cli.daemon.daemonize import main; main() --name ros2-daemon --ros-domain-id 0 --rmw-implementation rmw_fastrtps_cpp"
2026-09-27T16:34:37Z,92,"G1_20260927T163006Z",724115,"python3",5.5,77076,48490,"python3 /wt/contributions/compute-benchmark/OsakaTX/scripts/synthetic_scan_publisher.py --duration 490 --loop-s 40 --hz 5.0 --noise 0.0"
2026-09-27T16:34:37Z,92,"G1_20260927T163006Z",724131,"ros2",0.7,79172,51312,"/usr/bin/python3 /opt/ros/jazzy/bin/ros2 launch /wt/contributions/compute-benchmark/OsakaTX/scripts/lifelong_launch.py slam_params_file:=/wt/contributions/compute-benchmark/OsakaTX/scripts/lifelong_slam_params.yaml use_sim_time:=False autostart:=true"
2026-09-27T16:34:37Z,92,"G1_20260927T163006Z",724132,"ros2",0.6,83668,55443,"/usr/bin/python3 /opt/ros/jazzy/bin/ros2 launch nav2_bringup bringup_launch.py map:=/wt/contributions/compute-benchmark/OsakaTX/scripts/../results/combo2/combo2_nav2_map.yaml params_file:=/wt/contributions/compute-benchmark/OsakaTX/scripts/nav2_params_bench.yaml use_sim_time:=False autostart:=True slam:=False use_localization:=False"
2026-09-27T16:34:37Z,92,"G1_20260927T163006Z",724151,"lifelong_slam_t",46.5,71324,51115,"/opt/ros/jazzy/lib/slam_toolbox/lifelong_slam_toolbox_node --ros-args -r __node:=slam_toolbox -r __ns:=/ --params-file /wt/contributions/compute-benchmark/OsakaTX/scripts/lifelong_slam_params.yaml --params-file /tmp/launch_params_zyre_0s5"
2026-09-27T16:34:37Z,92,"G1_20260927T163006Z",724184,"component_conta",47.8,171148,150913,"/opt/ros/jazzy/lib/rclcpp_components/component_container_isolated --ros-args --log-level info --ros-args -r __node:=nav2_container --params-file /tmp/launch_params___mpikbo --params-file /tmp/launch_params_femhr4gz -r /tf:=tf -r /tf_static:=tf_static"
2026-09-27T16:34:37Z,92,"G1_20260927T163006Z",724251,"python3",6.6,83084,54091,"python3 /wt/contributions/compute-benchmark/OsakaTX/scripts/nav_goal_seq.py --x 4 --y 4 --yaw 0 --every 22.0 --pause 2.0 --cancel --repeats 0"
2026-09-27T16:34:37Z,92,"G1_20260927T163006Z",724296,"bash",0.5,4480,1341,"bash /wt/contributions/compute-benchmark/xbattlax/scripts/measure_ros_processes.sh --pattern python3|ros2|slam|nav2|component_container|nav_goal_seq --duration 380 --interval 2 --label G1_20260927T163006Z --output /wt/contributions/compute-benchmark/OsakaTX/scripts/../results/combo2/G1_20260927T163006Z.csv"
2026-09-27T16:34:39Z,93,"G1_20260927T163006Z",709168,"python3",0.2,74728,46544,"/usr/bin/python3 -c from ros2cli.daemon.daemonize import main; main() --name ros2-daemon --ros-domain-id 0 --rmw-implementation rmw_fastrtps_cpp"
2026-09-27T16:34:39Z,93,"G1_20260927T163006Z",724115,"python3",5.5,77076,48490,"python3 /wt/contributions/compute-benchmark/OsakaTX/scripts/synthetic_scan_publisher.py --duration 490 --loop-s 40 --hz 5.0 --noise 0.0"
2026-09-27T16:34:39Z,93,"G1_20260927T163006Z",724131,"ros2",0.7,79172,51314,"/usr/bin/python3 /opt/ros/jazzy/bin/ros2 launch /wt/contributions/compute-benchmark/OsakaTX/scripts/lifelong_launch.py slam_params_file:=/wt/contributions/compute-benchmark/OsakaTX/scripts/lifelong_slam_params.yaml use_sim_time:=False autostart:=true"
2026-09-27T16:34:39Z,93,"G1_20260927T163006Z",724132,"ros2",0.6,83668,55443,"/usr/bin/python3 /opt/ros/jazzy/bin/ros2 launch nav2_bringup bringup_launch.py map:=/wt/contributions/compute-benchmark/OsakaTX/scripts/../results/combo2/combo2_nav2_map.yaml params_file:=/wt/contributions/compute-benchmark/OsakaTX/scripts/nav2_params_bench.yaml use_sim_time:=False autostart:=True slam:=False use_localization:=False"
2026-09-27T16:34:39Z,93,"G1_20260927T163006Z",724151,"lifelong_slam_t",46.4,71328,51117,"/opt/ros/jazzy/lib/slam_toolbox/lifelong_slam_toolbox_node --ros-args -r __node:=slam_toolbox -r __ns:=/ --params-file /wt/contributions/compute-benchmark/OsakaTX/scripts/lifelong_slam_params.yaml --params-file /tmp/launch_params_zyre_0s5"
2026-09-27T16:34:39Z,93,"G1_20260927T163006Z",724184,"component_conta",47.8,171148,150915,"/opt/ros/jazzy/lib/rclcpp_components/component_container_isolated --ros-args --log-level info --ros-args -r __node:=nav2_container --params-file /tmp/launch_params___mpikbo --params-file /tmp/launch_params_femhr4gz -r /tf:=tf -r /tf_static:=tf_static"
2026-09-27T16:34:39Z,93,"G1_20260927T163006Z",724251,"python3",6.6,83084,54091,"python3 /wt/contributions/compute-benchmark/OsakaTX/scripts/nav_goal_seq.py --x 4 --y 4 --yaw 0 --every 22.0 --pause 2.0 --cancel --repeats 0"
2026-09-27T16:34:39Z,93,"G1_20260927T163006Z",724296,"bash",0.5,4480,1337,"bash /wt/contributions/compute-benchmark/xbattlax/scripts/measure_ros_processes.sh --pattern python3|ros2|slam|nav2|component_container|nav_goal_seq --duration 380 --interval 2 --label G1_20260927T163006Z --output /wt/contributions/compute-benchmark/OsakaTX/scripts/../results/combo2/G1_20260927T163006Z.csv"
2026-09-27T16:34:42Z,94,"G1_20260927T163006Z",709168,"python3",0.2,74728,46544,"/usr/bin/python3 -c from ros2cli.daemon.daemonize import main; main() --name ros2-daemon --ros-domain-id 0 --rmw-implementation rmw_fastrtps_cpp"
2026-09-27T16:34:42Z,94,"G1_20260927T163006Z",724115,"python3",5.5,77076,48491,"python3 /wt/contributions/compute-benchmark/OsakaTX/scripts/synthetic_scan_publisher.py --duration 490 --loop-s 40 --hz 5.0 --noise 0.0"
2026-09-27T16:34:42Z,94,"G1_20260927T163006Z",724131,"ros2",0.7,79172,51315,"/usr/bin/python3 /opt/ros/jazzy/bin/ros2 launch /wt/contributions/compute-benchmark/OsakaTX/scripts/lifelong_launch.py slam_params_file:=/wt/contributions/compute-benchmark/OsakaTX/scripts/lifelong_slam_params.yaml use_sim_time:=False autostart:=true"
2026-09-27T16:34:42Z,94,"G1_20260927T163006Z",724132,"ros2",0.6,83668,55444,"/usr/bin/python3 /opt/ros/jazzy/bin/ros2 launch nav2_bringup bringup_launch.py map:=/wt/contributions/compute-benchmark/OsakaTX/scripts/../results/combo2/combo2_nav2_map.yaml params_file:=/wt/contributions/compute-benchmark/OsakaTX/scripts/nav2_params_bench.yaml use_sim_time:=False autostart:=True slam:=False use_localization:=False"
2026-09-27T16:34:42Z,94,"G1_20260927T163006Z",724151,"lifelong_slam_t",46.4,71328,51118,"/opt/ros/jazzy/lib/slam_toolbox/lifelong_slam_toolbox_node --ros-args -r __node:=slam_toolbox -r __ns:=/ --params-file /wt/contributions/compute-benchmark/OsakaTX/scripts/lifelong_slam_params.yaml --params-file /tmp/launch_params_zyre_0s5"
2026-09-27T16:34:42Z,94,"G1_20260927T163006Z",724184,"component_conta",47.8,171148,150915,"/opt/ros/jazzy/lib/rclcpp_components/component_container_isolated --ros-args --log-level info --ros-args -r __node:=nav2_container --params-file /tmp/launch_params___mpikbo --params-file /tmp/launch_params_femhr4gz -r /tf:=tf -r /tf_static:=tf_static"
2026-09-27T16:34:42Z,94,"G1_20260927T163006Z",724251,"python3",6.6,83084,54086,"python3 /wt/contributions/compute-benchmark/OsakaTX/scripts/nav_goal_seq.py --x 4 --y 4 --yaw 0 --every 22.0 --pause 2.0 --cancel --repeats 0"
2026-09-27T16:34:42Z,94,"G1_20260927T163006Z",724296,"bash",0.5,4480,1338,"bash /wt/contributions/compute-benchmark/xbattlax/scripts/measure_ros_processes.sh --pattern python3|ros2|slam|nav2|component_container|nav_goal_seq --duration 380 --interval 2 --label G1_20260927T163006Z --output /wt/contributions/compute-benchmark/OsakaTX/scripts/../results/combo2/G1_20260927T163006Z.csv"
2026-09-27T16:34:44Z,95,"G1_20260927T163006Z",709168,"python3",0.2,74728,46543,"/usr/bin/python3 -c from ros2cli.daemon.daemonize import main; main() --name ros2-daemon --ros-domain-id 0 --rmw-implementation rmw_fastrtps_cpp"
2026-09-27T16:34:44Z,95,"G1_20260927T163006Z",724115,"python3",5.5,77076,48490,"python3 /wt/contributions/compute-benchmark/OsakaTX/scripts/synthetic_scan_publisher.py --duration 490 --loop-s 40 --hz 5.0 --noise 0.0"
2026-09-27T16:34:44Z,95,"G1_20260927T163006Z",724131,"ros2",0.7,79172,51315,"/usr/bin/python3 /opt/ros/jazzy/bin/ros2 launch /wt/contributions/compute-benchmark/OsakaTX/scripts/lifelong_launch.py slam_params_file:=/wt/contributions/compute-benchmark/OsakaTX/scripts/lifelong_slam_params.yaml use_sim_time:=False autostart:=true"
2026-09-27T16:34:44Z,95,"G1_20260927T163006Z",724132,"ros2",0.6,83668,55444,"/usr/bin/python3 /opt/ros/jazzy/bin/ros2 launch nav2_bringup bringup_launch.py map:=/wt/contributions/compute-benchmark/OsakaTX/scripts/../results/combo2/combo2_nav2_map.yaml params_file:=/wt/contributions/compute-benchmark/OsakaTX/scripts/nav2_params_bench.yaml use_sim_time:=False autostart:=True slam:=False use_localization:=False"
2026-09-27T16:34:44Z,95,"G1_20260927T163006Z",724151,"lifelong_slam_t",46.2,71328,51116,"/opt/ros/jazzy/lib/slam_toolbox/lifelong_slam_toolbox_node --ros-args -r __node:=slam_toolbox -r __ns:=/ --params-file /wt/contributions/compute-benchmark/OsakaTX/scripts/lifelong_slam_params.yaml --params-file /tmp/launch_params_zyre_0s5"
2026-09-27T16:34:44Z,95,"G1_20260927T163006Z",724184,"component_conta",47.9,171148,150915,"/opt/ros/jazzy/lib/rclcpp_components/component_container_isolated --ros-args --log-level info --ros-args -r __node:=nav2_container --params-file /tmp/launch_params___mpikbo --params-file /tmp/launch_params_femhr4gz -r /tf:=tf -r /tf_static:=tf_static"
2026-09-27T16:34:44Z,95,"G1_20260927T163006Z",724251,"python3",6.6,83084,54091,"python3 /wt/contributions/compute-benchmark/OsakaTX/scripts/nav_goal_seq.py --x 4 --y 4 --yaw 0 --every 22.0 --pause 2.0 --cancel --repeats 0"
2026-09-27T16:34:44Z,95,"G1_20260927T163006Z",724296,"bash",0.5,4480,1341,"bash /wt/contributions/compute-benchmark/xbattlax/scripts/measure_ros_processes.sh --pattern python3|ros2|slam|nav2|component_container|nav_goal_seq --duration 380 --interval 2 --label G1_20260927T163006Z --output /wt/contributions/compute-benchmark/OsakaTX/scripts/../results/combo2/G1_20260927T163006Z.csv"
2026-09-27T16:34:46Z,96,"G1_20260927T163006Z",709168,"python3",0.2,74728,46545,"/usr/bin/python3 -c from ros2cli.daemon.daemonize import main; main() --name ros2-daemon --ros-domain-id 0 --rmw-implementation rmw_fastrtps_cpp"
2026-09-27T16:34:46Z,96,"G1_20260927T163006Z",724115,"python3",5.5,77076,48491,"python3 /wt/contributions/compute-benchmark/OsakaTX/scripts/synthetic_scan_publisher.py --duration 490 --loop-s 40 --hz 5.0 --noise 0.0"
2026-09-27T16:34:46Z,96,"G1_20260927T163006Z",724131,"ros2",0.7,79172,51312,"/usr/bin/python3 /opt/ros/jazzy/bin/ros2 launch /wt/contributions/compute-benchmark/OsakaTX/scripts/lifelong_launch.py slam_params_file:=/wt/contributions/compute-benchmark/OsakaTX/scripts/lifelong_slam_params.yaml use_sim_time:=False autostart:=true"
2026-09-27T16:34:46Z,96,"G1_20260927T163006Z",724132,"ros2",0.6,83668,55440,"/usr/bin/python3 /opt/ros/jazzy/bin/ros2 launch nav2_bringup bringup_launch.py map:=/wt/contributions/compute-benchmark/OsakaTX/scripts/../results/combo2/combo2_nav2_map.yaml params_file:=/wt/contributions/compute-benchmark/OsakaTX/scripts/nav2_params_bench.yaml use_sim_time:=False autostart:=True slam:=False use_localization:=False"
2026-09-27T16:34:46Z,96,"G1_20260927T163006Z",724151,"lifelong_slam_t",46.2,71332,51121,"/opt/ros/jazzy/lib/slam_toolbox/lifelong_slam_toolbox_node --ros-args -r __node:=slam_toolbox -r __ns:=/ --params-file /wt/contributions/compute-benchmark/OsakaTX/scripts/lifelong_slam_params.yaml --params-file /tmp/launch_params_zyre_0s5"
2026-09-27T16:34:46Z,96,"G1_20260927T163006Z",724184,"component_conta",47.9,171148,150913,"/opt/ros/jazzy/lib/rclcpp_components/component_container_isolated --ros-args --log-level info --ros-args -r __node:=nav2_container --params-file /tmp/launch_params___mpikbo --params-file /tmp/launch_params_femhr4gz -r /tf:=tf -r /tf_static:=tf_static"
2026-09-27T16:34:46Z,96,"G1_20260927T163006Z",724251,"python3",6.6,83084,54091,"python3 /wt/contributions/compute-benchmark/OsakaTX/scripts/nav_goal_seq.py --x 4 --y 4 --yaw 0 --every 22.0 --pause 2.0 --cancel --repeats 0"
2026-09-27T16:34:46Z,96,"G1_20260927T163006Z",724296,"bash",0.5,4480,1337,"bash /wt/contributions/compute-benchmark/xbattlax/scripts/measure_ros_processes.sh --pattern python3|ros2|slam|nav2|component_container|nav_goal_seq --duration 380 --interval 2 --label G1_20260927T163006Z --output /wt/contributions/compute-benchmark/OsakaTX/scripts/../results/combo2/G1_20260927T163006Z.csv"
2026-09-27T16:34:49Z,97,"G1_20260927T163006Z",709168,"python3",0.2,74728,46543,"/usr/bin/python3 -c from ros2cli.daemon.daemonize import main; main() --name ros2-daemon --ros-domain-id 0 --rmw-implementation rmw_fastrtps_cpp"
2026-09-27T16:34:49Z,97,"G1_20260927T163006Z",724115,"python3",5.5,77076,48487,"python3 /wt/contributions/compute-benchmark/OsakaTX/scripts/synthetic_scan_publisher.py --duration 490 --loop-s 40 --hz 5.0 --noise 0.0"
2026-09-27T16:34:49Z,97,"G1_20260927T163006Z",724131,"ros2",0.7,79172,51313,"/usr/bin/python3 /opt/ros/jazzy/bin/ros2 launch /wt/contributions/compute-benchmark/OsakaTX/scripts/lifelong_launch.py slam_params_file:=/wt/contributions/compute-benchmark/OsakaTX/scripts/lifelong_slam_params.yaml use_sim_time:=False autostart:=true"
2026-09-27T16:34:49Z,97,"G1_20260927T163006Z",724132,"ros2",0.6,83668,55442,"/usr/bin/python3 /opt/ros/jazzy/bin/ros2 launch nav2_bringup bringup_launch.py map:=/wt/contributions/compute-benchmark/OsakaTX/scripts/../results/combo2/combo2_nav2_map.yaml params_file:=/wt/contributions/compute-benchmark/OsakaTX/scripts/nav2_params_bench.yaml use_sim_time:=False autostart:=True slam:=False use_localization:=False"
2026-09-27T16:34:49Z,97,"G1_20260927T163006Z",724151,"lifelong_slam_t",46.1,71332,51121,"/opt/ros/jazzy/lib/slam_toolbox/lifelong_slam_toolbox_node --ros-args -r __node:=slam_toolbox -r __ns:=/ --params-file /wt/contributions/compute-benchmark/OsakaTX/scripts/lifelong_slam_params.yaml --params-file /tmp/launch_params_zyre_0s5"
2026-09-27T16:34:49Z,97,"G1_20260927T163006Z",724184,"component_conta",48.0,173896,153661,"/opt/ros/jazzy/lib/rclcpp_components/component_container_isolated --ros-args --log-level info --ros-args -r __node:=nav2_container --params-file /tmp/launch_params___mpikbo --params-file /tmp/launch_params_femhr4gz -r /tf:=tf -r /tf_static:=tf_static"
2026-09-27T16:34:49Z,97,"G1_20260927T163006Z",724251,"python3",6.6,83084,54091,"python3 /wt/contributions/compute-benchmark/OsakaTX/scripts/nav_goal_seq.py --x 4 --y 4 --yaw 0 --every 22.0 --pause 2.0 --cancel --repeats 0"
2026-09-27T16:34:49Z,97,"G1_20260927T163006Z",724296,"bash",0.5,4480,1341,"bash /wt/contributions/compute-benchmark/xbattlax/scripts/measure_ros_processes.sh --pattern python3|ros2|slam|nav2|component_container|nav_goal_seq --duration 380 --interval 2 --label G1_20260927T163006Z --output /wt/contributions/compute-benchmark/OsakaTX/scripts/../results/combo2/G1_20260927T163006Z.csv"
2026-09-27T16:34:51Z,98,"G1_20260927T163006Z",709168,"python3",0.2,74728,46543,"/usr/bin/python3 -c from ros2cli.daemon.daemonize import main; main() --name ros2-daemon --ros-domain-id 0 --rmw-implementation rmw_fastrtps_cpp"
2026-09-27T16:34:51Z,98,"G1_20260927T163006Z",724115,"python3",5.5,77076,48490,"python3 /wt/contributions/compute-benchmark/OsakaTX/scripts/synthetic_scan_publisher.py --duration 490 --loop-s 40 --hz 5.0 --noise 0.0"
2026-09-27T16:34:51Z,98,"G1_20260927T163006Z",724131,"ros2",0.7,79172,51313,"/usr/bin/python3 /opt/ros/jazzy/bin/ros2 launch /wt/contributions/compute-benchmark/OsakaTX/scripts/lifelong_launch.py slam_params_file:=/wt/contributions/compute-benchmark/OsakaTX/scripts/lifelong_slam_params.yaml use_sim_time:=False autostart:=true"
2026-09-27T16:34:51Z,98,"G1_20260927T163006Z",724132,"ros2",0.6,83668,55443,"/usr/bin/python3 /opt/ros/jazzy/bin/ros2 launch nav2_bringup bringup_launch.py map:=/wt/contributions/compute-benchmark/OsakaTX/scripts/../results/combo2/combo2_nav2_map.yaml params_file:=/wt/contributions/compute-benchmark/OsakaTX/scripts/nav2_params_bench.yaml use_sim_time:=False autostart:=True slam:=False use_localization:=False"
2026-09-27T16:34:51Z,98,"G1_20260927T163006Z",724151,"lifelong_slam_t",45.9,71332,51122,"/opt/ros/jazzy/lib/slam_toolbox/lifelong_slam_toolbox_node --ros-args -r __node:=slam_toolbox -r __ns:=/ --params-file /wt/contributions/compute-benchmark/OsakaTX/scripts/lifelong_slam_params.yaml --params-file /tmp/launch_params_zyre_0s5"
2026-09-27T16:34:51Z,98,"G1_20260927T163006Z",724184,"component_conta",48.0,170892,150658,"/opt/ros/jazzy/lib/rclcpp_components/component_container_isolated --ros-args --log-level info --ros-args -r __node:=nav2_container --params-file /tmp/launch_params___mpikbo --params-file /tmp/launch_params_femhr4gz -r /tf:=tf -r /tf_static:=tf_static"
2026-09-27T16:34:51Z,98,"G1_20260927T163006Z",724251,"python3",6.6,83084,54086,"python3 /wt/contributions/compute-benchmark/OsakaTX/scripts/nav_goal_seq.py --x 4 --y 4 --yaw 0 --every 22.0 --pause 2.0 --cancel --repeats 0"
2026-09-27T16:34:51Z,98,"G1_20260927T163006Z",724296,"bash",0.5,4480,1341,"bash /wt/contributions/compute-benchmark/xbattlax/scripts/measure_ros_processes.sh --pattern python3|ros2|slam|nav2|component_container|nav_goal_seq --duration 380 --interval 2 --label G1_20260927T163006Z --output /wt/contributions/compute-benchmark/OsakaTX/scripts/../results/combo2/G1_20260927T163006Z.csv"
2026-09-27T16:34:54Z,99,"G1_20260927T163006Z",709168,"python3",0.2,74728,46542,"/usr/bin/python3 -c from ros2cli.daemon.daemonize import main; main() --name ros2-daemon --ros-domain-id 0 --rmw-implementation rmw_fastrtps_cpp"
2026-09-27T16:34:54Z,99,"G1_20260927T163006Z",724115,"python3",5.5,77076,48490,"python3 /wt/contributions/compute-benchmark/OsakaTX/scripts/synthetic_scan_publisher.py --duration 490 --loop-s 40 --hz 5.0 --noise 0.0"
2026-09-27T16:34:54Z,99,"G1_20260927T163006Z",724131,"ros2",0.7,79172,51315,"/usr/bin/python3 /opt/ros/jazzy/bin/ros2 launch /wt/contributions/compute-benchmark/OsakaTX/scripts/lifelong_launch.py slam_params_file:=/wt/contributions/compute-benchmark/OsakaTX/scripts/lifelong_slam_params.yaml use_sim_time:=False autostart:=true"
2026-09-27T16:34:54Z,99,"G1_20260927T163006Z",724132,"ros2",0.6,83668,55440,"/usr/bin/python3 /opt/ros/jazzy/bin/ros2 launch nav2_bringup bringup_launch.py map:=/wt/contributions/compute-benchmark/OsakaTX/scripts/../results/combo2/combo2_nav2_map.yaml params_file:=/wt/contributions/compute-benchmark/OsakaTX/scripts/nav2_params_bench.yaml use_sim_time:=False autostart:=True slam:=False use_localization:=False"
2026-09-27T16:34:54Z,99,"G1_20260927T163006Z",724151,"lifelong_slam_t",45.8,71332,51122,"/opt/ros/jazzy/lib/slam_toolbox/lifelong_slam_toolbox_node --ros-args -r __node:=slam_toolbox -r __ns:=/ --params-file /wt/contributions/compute-benchmark/OsakaTX/scripts/lifelong_slam_params.yaml --params-file /tmp/launch_params_zyre_0s5"
2026-09-27T16:34:54Z,99,"G1_20260927T163006Z",724184,"component_conta",48.1,170892,150659,"/opt/ros/jazzy/lib/rclcpp_components/component_container_isolated --ros-args --log-level info --ros-args -r __node:=nav2_container --params-file /tmp/launch_params___mpikbo --params-file /tmp/launch_params_femhr4gz -r /tf:=tf -r /tf_static:=tf_static"
2026-09-27T16:34:54Z,99,"G1_20260927T163006Z",724251,"python3",6.6,83084,54086,"python3 /wt/contributions/compute-benchmark/OsakaTX/scripts/nav_goal_seq.py --x 4 --y 4 --yaw 0 --every 22.0 --pause 2.0 --cancel --repeats 0"
2026-09-27T16:34:54Z,99,"G1_20260927T163006Z",724296,"bash",0.5,4480,1339,"bash /wt/contributions/compute-benchmark/xbattlax/scripts/measure_ros_processes.sh --pattern python3|ros2|slam|nav2|component_container|nav_goal_seq --duration 380 --interval 2 --label G1_20260927T163006Z --output /wt/contributions/compute-benchmark/OsakaTX/scripts/../results/combo2/G1_20260927T163006Z.csv"
2026-09-27T16:34:56Z,100,"G1_20260927T163006Z",709168,"python3",0.2,74728,46545,"/usr/bin/python3 -c from ros2cli.daemon.daemonize import main; main() --name ros2-daemon --ros-domain-id 0 --rmw-implementation rmw_fastrtps_cpp"
2026-09-27T16:34:56Z,100,"G1_20260927T163006Z",724115,"python3",5.5,77076,48489,"python3 /wt/contributions/compute-benchmark/OsakaTX/scripts/synthetic_scan_publisher.py --duration 490 --loop-s 40 --hz 5.0 --noise 0.0"
2026-09-27T16:34:56Z,100,"G1_20260927T163006Z",724131,"ros2",0.7,79172,51314,"/usr/bin/python3 /opt/ros/jazzy/bin/ros2 launch /wt/contributions/compute-benchmark/OsakaTX/scripts/lifelong_launch.py slam_params_file:=/wt/contributions/compute-benchmark/OsakaTX/scripts/lifelong_slam_params.yaml use_sim_time:=False autostart:=true"
2026-09-27T16:34:56Z,100,"G1_20260927T163006Z",724132,"ros2",0.5,83668,55442,"/usr/bin/python3 /opt/ros/jazzy/bin/ros2 launch nav2_bringup bringup_launch.py map:=/wt/contributions/compute-benchmark/OsakaTX/scripts/../results/combo2/combo2_nav2_map.yaml params_file:=/wt/contributions/compute-benchmark/OsakaTX/scripts/nav2_params_bench.yaml use_sim_time:=False autostart:=True slam:=False use_localization:=False"
2026-09-27T16:34:56Z,100,"G1_20260927T163006Z",724151,"lifelong_slam_t",45.7,71332,51120,"/opt/ros/jazzy/lib/slam_toolbox/lifelong_slam_toolbox_node --ros-args -r __node:=slam_toolbox -r __ns:=/ --params-file /wt/contributions/compute-benchmark/OsakaTX/scripts/lifelong_slam_params.yaml --params-file /tmp/launch_params_zyre_0s5"
2026-09-27T16:34:56Z,100,"G1_20260927T163006Z",724184,"component_conta",48.1,170868,150634,"/opt/ros/jazzy/lib/rclcpp_components/component_container_isolated --ros-args --log-level info --ros-args -r __node:=nav2_container --params-file /tmp/launch_params___mpikbo --params-file /tmp/launch_params_femhr4gz -r /tf:=tf -r /tf_static:=tf_static"
2026-09-27T16:34:56Z,100,"G1_20260927T163006Z",724251,"python3",6.6,83084,54091,"python3 /wt/contributions/compute-benchmark/OsakaTX/scripts/nav_goal_seq.py --x 4 --y 4 --yaw 0 --every 22.0 --pause 2.0 --cancel --repeats 0"
2026-09-27T16:34:56Z,100,"G1_20260927T163006Z",724296,"bash",0.5,4480,1344,"bash /wt/contributions/compute-benchmark/xbattlax/scripts/measure_ros_processes.sh --pattern python3|ros2|slam|nav2|component_container|nav_goal_seq --duration 380 --interval 2 --label G1_20260927T163006Z --output /wt/contributions/compute-benchmark/OsakaTX/scripts/../results/combo2/G1_20260927T163006Z.csv"
2026-09-27T16:34:59Z,101,"G1_20260927T163006Z",709168,"python3",0.2,74728,46544,"/usr/bin/python3 -c from ros2cli.daemon.daemonize import main; main() --name ros2-daemon --ros-domain-id 0 --rmw-implementation rmw_fastrtps_cpp"
2026-09-27T16:34:59Z,101,"G1_20260927T163006Z",724115,"python3",5.5,77076,48490,"python3 /wt/contributions/compute-benchmark/OsakaTX/scripts/synthetic_scan_publisher.py --duration 490 --loop-s 40 --hz 5.0 --noise 0.0"
2026-09-27T16:34:59Z,101,"G1_20260927T163006Z",724131,"ros2",0.7,79172,51312,"/usr/bin/python3 /opt/ros/jazzy/bin/ros2 launch /wt/contributions/compute-benchmark/OsakaTX/scripts/lifelong_launch.py slam_params_file:=/wt/contributions/compute-benchmark/OsakaTX/scripts/lifelong_slam_params.yaml use_sim_time:=False autostart:=true"
2026-09-27T16:34:59Z,101,"G1_20260927T163006Z",724132,"ros2",0.5,83668,55444,"/usr/bin/python3 /opt/ros/jazzy/bin/ros2 launch nav2_bringup bringup_launch.py map:=/wt/contributions/compute-benchmark/OsakaTX/scripts/../results/combo2/combo2_nav2_map.yaml params_file:=/wt/contributions/compute-benchmark/OsakaTX/scripts/nav2_params_bench.yaml use_sim_time:=False autostart:=True slam:=False use_localization:=False"
2026-09-27T16:34:59Z,101,"G1_20260927T163006Z",724151,"lifelong_slam_t",45.6,71332,51120,"/opt/ros/jazzy/lib/slam_toolbox/lifelong_slam_toolbox_node --ros-args -r __node:=slam_toolbox -r __ns:=/ --params-file /wt/contributions/compute-benchmark/OsakaTX/scripts/lifelong_slam_params.yaml --params-file /tmp/launch_params_zyre_0s5"
2026-09-27T16:34:59Z,101,"G1_20260927T163006Z",724184,"component_conta",48.0,171924,151690,"/opt/ros/jazzy/lib/rclcpp_components/component_container_isolated --ros-args --log-level info --ros-args -r __node:=nav2_container --params-file /tmp/launch_params___mpikbo --params-file /tmp/launch_params_femhr4gz -r /tf:=tf -r /tf_static:=tf_static"
2026-09-27T16:34:59Z,101,"G1_20260927T163006Z",724251,"python3",6.6,83084,54091,"python3 /wt/contributions/compute-benchmark/OsakaTX/scripts/nav_goal_seq.py --x 4 --y 4 --yaw 0 --every 22.0 --pause 2.0 --cancel --repeats 0"
2026-09-27T16:34:59Z,101,"G1_20260927T163006Z",724296,"bash",0.5,4480,1340,"bash /wt/contributions/compute-benchmark/xbattlax/scripts/measure_ros_processes.sh --pattern python3|ros2|slam|nav2|component_container|nav_goal_seq --duration 380 --interval 2 --label G1_20260927T163006Z --output /wt/contributions/compute-benchmark/OsakaTX/scripts/../results/combo2/G1_20260927T163006Z.csv"
2026-09-27T16:35:01Z,102,"G1_20260927T163006Z",709168,"python3",0.2,74728,46546,"/usr/bin/python3 -c from ros2cli.daemon.daemonize import main; main() --name ros2-daemon --ros-domain-id 0 --rmw-implementation rmw_fastrtps_cpp"
2026-09-27T16:35:01Z,102,"G1_20260927T163006Z",724115,"python3",5.5,77076,48490,"python3 /wt/contributions/compute-benchmark/OsakaTX/scripts/synthetic_scan_publisher.py --duration 490 --loop-s 40 --hz 5.0 --noise 0.0"
2026-09-27T16:35:01Z,102,"G1_20260927T163006Z",724131,"ros2",0.7,79172,51312,"/usr/bin/python3 /opt/ros/jazzy/bin/ros2 launch /wt/contributions/compute-benchmark/OsakaTX/scripts/lifelong_launch.py slam_params_file:=/wt/contributions/compute-benchmark/OsakaTX/scripts/lifelong_slam_params.yaml use_sim_time:=False autostart:=true"
2026-09-27T16:35:01Z,102,"G1_20260927T163006Z",724132,"ros2",0.5,83668,55437,"/usr/bin/python3 /opt/ros/jazzy/bin/ros2 launch nav2_bringup bringup_launch.py map:=/wt/contributions/compute-benchmark/OsakaTX/scripts/../results/combo2/combo2_nav2_map.yaml params_file:=/wt/contributions/compute-benchmark/OsakaTX/scripts/nav2_params_bench.yaml use_sim_time:=False autostart:=True slam:=False use_localization:=False"
2026-09-27T16:35:01Z,102,"G1_20260927T163006Z",724151,"lifelong_slam_t",45.5,71332,51121,"/opt/ros/jazzy/lib/slam_toolbox/lifelong_slam_toolbox_node --ros-args -r __node:=slam_toolbox -r __ns:=/ --params-file /wt/contributions/compute-benchmark/OsakaTX/scripts/lifelong_slam_params.yaml --params-file /tmp/launch_params_zyre_0s5"
2026-09-27T16:35:01Z,102,"G1_20260927T163006Z",724184,"component_conta",48.1,171612,150937,"/opt/ros/jazzy/lib/rclcpp_components/component_container_isolated --ros-args --log-level info --ros-args -r __node:=nav2_container --params-file /tmp/launch_params___mpikbo --params-file /tmp/launch_params_femhr4gz -r /tf:=tf -r /tf_static:=tf_static"
2026-09-27T16:35:01Z,102,"G1_20260927T163006Z",724251,"python3",6.6,83084,54091,"python3 /wt/contributions/compute-benchmark/OsakaTX/scripts/nav_goal_seq.py --x 4 --y 4 --yaw 0 --every 22.0 --pause 2.0 --cancel --repeats 0"
2026-09-27T16:35:01Z,102,"G1_20260927T163006Z",724296,"bash",0.5,4480,1341,"bash /wt/contributions/compute-benchmark/xbattlax/scripts/measure_ros_processes.sh --pattern python3|ros2|slam|nav2|component_container|nav_goal_seq --duration 380 --interval 2 --label G1_20260927T163006Z --output /wt/contributions/compute-benchmark/OsakaTX/scripts/../results/combo2/G1_20260927T163006Z.csv"
2026-09-27T16:35:04Z,103,"G1_20260927T163006Z",709168,"python3",0.2,74728,46545,"/usr/bin/python3 -c from ros2cli.daemon.daemonize import main; main() --name ros2-daemon --ros-domain-id 0 --rmw-implementation rmw_fastrtps_cpp"
2026-09-27T16:35:04Z,103,"G1_20260927T163006Z",724115,"python3",5.5,77076,48489,"python3 /wt/contributions/compute-benchmark/OsakaTX/scripts/synthetic_scan_publisher.py --duration 490 --loop-s 40 --hz 5.0 --noise 0.0"
2026-09-27T16:35:04Z,103,"G1_20260927T163006Z",724131,"ros2",0.7,79172,51315,"/usr/bin/python3 /opt/ros/jazzy/bin/ros2 launch /wt/contributions/compute-benchmark/OsakaTX/scripts/lifelong_launch.py slam_params_file:=/wt/contributions/compute-benchmark/OsakaTX/scripts/lifelong_slam_params.yaml use_sim_time:=False autostart:=true"
2026-09-27T16:35:04Z,103,"G1_20260927T163006Z",724132,"ros2",0.5,83668,55443,"/usr/bin/python3 /opt/ros/jazzy/bin/ros2 launch nav2_bringup bringup_launch.py map:=/wt/contributions/compute-benchmark/OsakaTX/scripts/../results/combo2/combo2_nav2_map.yaml params_file:=/wt/contributions/compute-benchmark/OsakaTX/scripts/nav2_params_bench.yaml use_sim_time:=False autostart:=True slam:=False use_localization:=False"
2026-09-27T16:35:04Z,103,"G1_20260927T163006Z",724151,"lifelong_slam_t",45.4,71332,51121,"/opt/ros/jazzy/lib/slam_toolbox/lifelong_slam_toolbox_node --ros-args -r __node:=slam_toolbox -r __ns:=/ --params-file /wt/contributions/compute-benchmark/OsakaTX/scripts/lifelong_slam_params.yaml --params-file /tmp/launch_params_zyre_0s5"
2026-09-27T16:35:04Z,103,"G1_20260927T163006Z",724184,"component_conta",48.1,171180,150947,"/opt/ros/jazzy/lib/rclcpp_components/component_container_isolated --ros-args --log-level info --ros-args -r __node:=nav2_container --params-file /tmp/launch_params___mpikbo --params-file /tmp/launch_params_femhr4gz -r /tf:=tf -r /tf_static:=tf_static"
2026-09-27T16:35:04Z,103,"G1_20260927T163006Z",724251,"python3",6.6,83088,54095,"python3 /wt/contributions/compute-benchmark/OsakaTX/scripts/nav_goal_seq.py --x 4 --y 4 --yaw 0 --every 22.0 --pause 2.0 --cancel --repeats 0"
2026-09-27T16:35:04Z,103,"G1_20260927T163006Z",724296,"bash",0.5,4480,1345,"bash /wt/contributions/compute-benchmark/xbattlax/scripts/measure_ros_processes.sh --pattern python3|ros2|slam|nav2|component_container|nav_goal_seq --duration 380 --interval 2 --label G1_20260927T163006Z --output /wt/contributions/compute-benchmark/OsakaTX/scripts/../results/combo2/G1_20260927T163006Z.csv"
2026-09-27T16:35:06Z,104,"G1_20260927T163006Z",709168,"python3",0.2,74728,46542,"/usr/bin/python3 -c from ros2cli.daemon.daemonize import main; main() --name ros2-daemon --ros-domain-id 0 --rmw-implementation rmw_fastrtps_cpp"
2026-09-27T16:35:06Z,104,"G1_20260927T163006Z",724115,"python3",5.5,77076,48482,"python3 /wt/contributions/compute-benchmark/OsakaTX/scripts/synthetic_scan_publisher.py --duration 490 --loop-s 40 --hz 5.0 --noise 0.0"
2026-09-27T16:35:06Z,104,"G1_20260927T163006Z",724131,"ros2",0.7,79172,51315,"/usr/bin/python3 /opt/ros/jazzy/bin/ros2 launch /wt/contributions/compute-benchmark/OsakaTX/scripts/lifelong_launch.py slam_params_file:=/wt/contributions/compute-benchmark/OsakaTX/scripts/lifelong_slam_params.yaml use_sim_time:=False autostart:=true"
2026-09-27T16:35:06Z,104,"G1_20260927T163006Z",724132,"ros2",0.5,83668,55443,"/usr/bin/python3 /opt/ros/jazzy/bin/ros2 launch nav2_bringup bringup_launch.py map:=/wt/contributions/compute-benchmark/OsakaTX/scripts/../results/combo2/combo2_nav2_map.yaml params_file:=/wt/contributions/compute-benchmark/OsakaTX/scripts/nav2_params_bench.yaml use_sim_time:=False autostart:=True slam:=False use_localization:=False"
2026-09-27T16:35:06Z,104,"G1_20260927T163006Z",724151,"lifelong_slam_t",45.4,71332,51120,"/opt/ros/jazzy/lib/slam_toolbox/lifelong_slam_toolbox_node --ros-args -r __node:=slam_toolbox -r __ns:=/ --params-file /wt/contributions/compute-benchmark/OsakaTX/scripts/lifelong_slam_params.yaml --params-file /tmp/launch_params_zyre_0s5"
2026-09-27T16:35:06Z,104,"G1_20260927T163006Z",724184,"component_conta",48.2,167204,146970,"/opt/ros/jazzy/lib/rclcpp_components/component_container_isolated --ros-args --log-level info --ros-args -r __node:=nav2_container --params-file /tmp/launch_params___mpikbo --params-file /tmp/launch_params_femhr4gz -r /tf:=tf -r /tf_static:=tf_static"
2026-09-27T16:35:06Z,104,"G1_20260927T163006Z",724251,"python3",6.6,83088,54096,"python3 /wt/contributions/compute-benchmark/OsakaTX/scripts/nav_goal_seq.py --x 4 --y 4 --yaw 0 --every 22.0 --pause 2.0 --cancel --repeats 0"
2026-09-27T16:35:06Z,104,"G1_20260927T163006Z",724296,"bash",0.5,4480,1342,"bash /wt/contributions/compute-benchmark/xbattlax/scripts/measure_ros_processes.sh --pattern python3|ros2|slam|nav2|component_container|nav_goal_seq --duration 380 --interval 2 --label G1_20260927T163006Z --output /wt/contributions/compute-benchmark/OsakaTX/scripts/../results/combo2/G1_20260927T163006Z.csv"
2026-09-27T16:35:08Z,105,"G1_20260927T163006Z",709168,"python3",0.1,74728,46544,"/usr/bin/python3 -c from ros2cli.daemon.daemonize import main; main() --name ros2-daemon --ros-domain-id 0 --rmw-implementation rmw_fastrtps_cpp"
2026-09-27T16:35:08Z,105,"G1_20260927T163006Z",724115,"python3",5.5,77076,48487,"python3 /wt/contributions/compute-benchmark/OsakaTX/scripts/synthetic_scan_publisher.py --duration 490 --loop-s 40 --hz 5.0 --noise 0.0"
2026-09-27T16:35:08Z,105,"G1_20260927T163006Z",724131,"ros2",0.7,79172,51315,"/usr/bin/python3 /opt/ros/jazzy/bin/ros2 launch /wt/contributions/compute-benchmark/OsakaTX/scripts/lifelong_launch.py slam_params_file:=/wt/contributions/compute-benchmark/OsakaTX/scripts/lifelong_slam_params.yaml use_sim_time:=False autostart:=true"
2026-09-27T16:35:08Z,105,"G1_20260927T163006Z",724132,"ros2",0.5,83668,55440,"/usr/bin/python3 /opt/ros/jazzy/bin/ros2 launch nav2_bringup bringup_launch.py map:=/wt/contributions/compute-benchmark/OsakaTX/scripts/../results/combo2/combo2_nav2_map.yaml params_file:=/wt/contributions/compute-benchmark/OsakaTX/scripts/nav2_params_bench.yaml use_sim_time:=False autostart:=True slam:=False use_localization:=False"
2026-09-27T16:35:08Z,105,"G1_20260927T163006Z",724151,"lifelong_slam_t",45.3,71332,51121,"/opt/ros/jazzy/lib/slam_toolbox/lifelong_slam_toolbox_node --ros-args -r __node:=slam_toolbox -r __ns:=/ --params-file /wt/contributions/compute-benchmark/OsakaTX/scripts/lifelong_slam_params.yaml --params-file /tmp/launch_params_zyre_0s5"
2026-09-27T16:35:08Z,105,"G1_20260927T163006Z",724184,"component_conta",48.2,167192,146957,"/opt/ros/jazzy/lib/rclcpp_components/component_container_isolated --ros-args --log-level info --ros-args -r __node:=nav2_container --params-file /tmp/launch_params___mpikbo --params-file /tmp/launch_params_femhr4gz -r /tf:=tf -r /tf_static:=tf_static"
2026-09-27T16:35:08Z,105,"G1_20260927T163006Z",724251,"python3",6.6,83088,54096,"python3 /wt/contributions/compute-benchmark/OsakaTX/scripts/nav_goal_seq.py --x 4 --y 4 --yaw 0 --every 22.0 --pause 2.0 --cancel --repeats 0"
2026-09-27T16:35:08Z,105,"G1_20260927T163006Z",724296,"bash",0.5,4480,1342,"bash /wt/contributions/compute-benchmark/xbattlax/scripts/measure_ros_processes.sh --pattern python3|ros2|slam|nav2|component_container|nav_goal_seq --duration 380 --interval 2 --label G1_20260927T163006Z --output /wt/contributions/compute-benchmark/OsakaTX/scripts/../results/combo2/G1_20260927T163006Z.csv"
2026-09-27T16:35:11Z,106,"G1_20260927T163006Z",709168,"python3",0.2,74728,46544,"/usr/bin/python3 -c from ros2cli.daemon.daemonize import main; main() --name ros2-daemon --ros-domain-id 0 --rmw-implementation rmw_fastrtps_cpp"
2026-09-27T16:35:11Z,106,"G1_20260927T163006Z",724115,"python3",5.5,77076,48490,"python3 /wt/contributions/compute-benchmark/OsakaTX/scripts/synthetic_scan_publisher.py --duration 490 --loop-s 40 --hz 5.0 --noise 0.0"
2026-09-27T16:35:11Z,106,"G1_20260927T163006Z",724131,"ros2",0.7,79172,51312,"/usr/bin/python3 /opt/ros/jazzy/bin/ros2 launch /wt/contributions/compute-benchmark/OsakaTX/scripts/lifelong_launch.py slam_params_file:=/wt/contributions/compute-benchmark/OsakaTX/scripts/lifelong_slam_params.yaml use_sim_time:=False autostart:=true"
2026-09-27T16:35:11Z,106,"G1_20260927T163006Z",724132,"ros2",0.5,83668,55442,"/usr/bin/python3 /opt/ros/jazzy/bin/ros2 launch nav2_bringup bringup_launch.py map:=/wt/contributions/compute-benchmark/OsakaTX/scripts/../results/combo2/combo2_nav2_map.yaml params_file:=/wt/contributions/compute-benchmark/OsakaTX/scripts/nav2_params_bench.yaml use_sim_time:=False autostart:=True slam:=False use_localization:=False"
2026-09-27T16:35:11Z,106,"G1_20260927T163006Z",724151,"lifelong_slam_t",45.2,71332,51120,"/opt/ros/jazzy/lib/slam_toolbox/lifelong_slam_toolbox_node --ros-args -r __node:=slam_toolbox -r __ns:=/ --params-file /wt/contributions/compute-benchmark/OsakaTX/scripts/lifelong_slam_params.yaml --params-file /tmp/launch_params_zyre_0s5"
2026-09-27T16:35:11Z,106,"G1_20260927T163006Z",724184,"component_conta",48.3,167192,146959,"/opt/ros/jazzy/lib/rclcpp_components/component_container_isolated --ros-args --log-level info --ros-args -r __node:=nav2_container --params-file /tmp/launch_params___mpikbo --params-file /tmp/launch_params_femhr4gz -r /tf:=tf -r /tf_static:=tf_static"
2026-09-27T16:35:11Z,106,"G1_20260927T163006Z",724251,"python3",6.6,83088,54095,"python3 /wt/contributions/compute-benchmark/OsakaTX/scripts/nav_goal_seq.py --x 4 --y 4 --yaw 0 --every 22.0 --pause 2.0 --cancel --repeats 0"
2026-09-27T16:35:11Z,106,"G1_20260927T163006Z",724296,"bash",0.5,4480,1337,"bash /wt/contributions/compute-benchmark/xbattlax/scripts/measure_ros_processes.sh --pattern python3|ros2|slam|nav2|component_container|nav_goal_seq --duration 380 --interval 2 --label G1_20260927T163006Z --output /wt/contributions/compute-benchmark/OsakaTX/scripts/../results/combo2/G1_20260927T163006Z.csv"
2026-09-27T16:35:13Z,107,"G1_20260927T163006Z",709168,"python3",0.1,74728,46544,"/usr/bin/python3 -c from ros2cli.daemon.daemonize import main; main() --name ros2-daemon --ros-domain-id 0 --rmw-implementation rmw_fastrtps_cpp"
2026-09-27T16:35:13Z,107,"G1_20260927T163006Z",724115,"python3",5.5,77076,48490,"python3 /wt/contributions/compute-benchmark/OsakaTX/scripts/synthetic_scan_publisher.py --duration 490 --loop-s 40 --hz 5.0 --noise 0.0"
2026-09-27T16:35:13Z,107,"G1_20260927T163006Z",724131,"ros2",0.7,79172,51313,"/usr/bin/python3 /opt/ros/jazzy/bin/ros2 launch /wt/contributions/compute-benchmark/OsakaTX/scripts/lifelong_launch.py slam_params_file:=/wt/contributions/compute-benchmark/OsakaTX/scripts/lifelong_slam_params.yaml use_sim_time:=False autostart:=true"
2026-09-27T16:35:13Z,107,"G1_20260927T163006Z",724132,"ros2",0.5,83668,55443,"/usr/bin/python3 /opt/ros/jazzy/bin/ros2 launch nav2_bringup bringup_launch.py map:=/wt/contributions/compute-benchmark/OsakaTX/scripts/../results/combo2/combo2_nav2_map.yaml params_file:=/wt/contributions/compute-benchmark/OsakaTX/scripts/nav2_params_bench.yaml use_sim_time:=False autostart:=True slam:=False use_localization:=False"
2026-09-27T16:35:13Z,107,"G1_20260927T163006Z",724151,"lifelong_slam_t",45.1,71332,51123,"/opt/ros/jazzy/lib/slam_toolbox/lifelong_slam_toolbox_node --ros-args -r __node:=slam_toolbox -r __ns:=/ --params-file /wt/contributions/compute-benchmark/OsakaTX/scripts/lifelong_slam_params.yaml --params-file /tmp/launch_params_zyre_0s5"
2026-09-27T16:35:13Z,107,"G1_20260927T163006Z",724184,"component_conta",48.3,167256,146966,"/opt/ros/jazzy/lib/rclcpp_components/component_container_isolated --ros-args --log-level info --ros-args -r __node:=nav2_container --params-file /tmp/launch_params___mpikbo --params-file /tmp/launch_params_femhr4gz -r /tf:=tf -r /tf_static:=tf_static"
2026-09-27T16:35:13Z,107,"G1_20260927T163006Z",724251,"python3",6.6,83088,54095,"python3 /wt/contributions/compute-benchmark/OsakaTX/scripts/nav_goal_seq.py --x 4 --y 4 --yaw 0 --every 22.0 --pause 2.0 --cancel --repeats 0"
2026-09-27T16:35:13Z,107,"G1_20260927T163006Z",724296,"bash",0.5,4480,1342,"bash /wt/contributions/compute-benchmark/xbattlax/scripts/measure_ros_processes.sh --pattern python3|ros2|slam|nav2|component_container|nav_goal_seq --duration 380 --interval 2 --label G1_20260927T163006Z --output /wt/contributions/compute-benchmark/OsakaTX/scripts/../results/combo2/G1_20260927T163006Z.csv"
2026-09-27T16:35:16Z,108,"G1_20260927T163006Z",709168,"python3",0.1,74728,46546,"/usr/bin/python3 -c from ros2cli.daemon.daemonize import main; main() --name ros2-daemon --ros-domain-id 0 --rmw-implementation rmw_fastrtps_cpp"
2026-09-27T16:35:16Z,108,"G1_20260927T163006Z",724115,"python3",5.5,77076,48491,"python3 /wt/contributions/compute-benchmark/OsakaTX/scripts/synthetic_scan_publisher.py --duration 490 --loop-s 40 --hz 5.0 --noise 0.0"
2026-09-27T16:35:16Z,108,"G1_20260927T163006Z",724131,"ros2",0.7,79172,51315,"/usr/bin/python3 /opt/ros/jazzy/bin/ros2 launch /wt/contributions/compute-benchmark/OsakaTX/scripts/lifelong_launch.py slam_params_file:=/wt/contributions/compute-benchmark/OsakaTX/scripts/lifelong_slam_params.yaml use_sim_time:=False autostart:=true"
2026-09-27T16:35:16Z,108,"G1_20260927T163006Z",724132,"ros2",0.5,83668,55445,"/usr/bin/python3 /opt/ros/jazzy/bin/ros2 launch nav2_bringup bringup_launch.py map:=/wt/contributions/compute-benchmark/OsakaTX/scripts/../results/combo2/combo2_nav2_map.yaml params_file:=/wt/contributions/compute-benchmark/OsakaTX/scripts/nav2_params_bench.yaml use_sim_time:=False autostart:=True slam:=False use_localization:=False"
2026-09-27T16:35:16Z,108,"G1_20260927T163006Z",724151,"lifelong_slam_t",45.0,71332,51120,"/opt/ros/jazzy/lib/slam_toolbox/lifelong_slam_toolbox_node --ros-args -r __node:=slam_toolbox -r __ns:=/ --params-file /wt/contributions/compute-benchmark/OsakaTX/scripts/lifelong_slam_params.yaml --params-file /tmp/launch_params_zyre_0s5"
2026-09-27T16:35:16Z,108,"G1_20260927T163006Z",724184,"component_conta",48.4,167216,146982,"/opt/ros/jazzy/lib/rclcpp_components/component_container_isolated --ros-args --log-level info --ros-args -r __node:=nav2_container --params-file /tmp/launch_params___mpikbo --params-file /tmp/launch_params_femhr4gz -r /tf:=tf -r /tf_static:=tf_static"
2026-09-27T16:35:16Z,108,"G1_20260927T163006Z",724251,"python3",6.6,83088,54095,"python3 /wt/contributions/compute-benchmark/OsakaTX/scripts/nav_goal_seq.py --x 4 --y 4 --yaw 0 --every 22.0 --pause 2.0 --cancel --repeats 0"
2026-09-27T16:35:16Z,108,"G1_20260927T163006Z",724296,"bash",0.5,4480,1341,"bash /wt/contributions/compute-benchmark/xbattlax/scripts/measure_ros_processes.sh --pattern python3|ros2|slam|nav2|component_container|nav_goal_seq --duration 380 --interval 2 --label G1_20260927T163006Z --output /wt/contributions/compute-benchmark/OsakaTX/scripts/../results/combo2/G1_20260927T163006Z.csv"
2026-09-27T16:35:18Z,109,"G1_20260927T163006Z",709168,"python3",0.1,74728,46542,"/usr/bin/python3 -c from ros2cli.daemon.daemonize import main; main() --name ros2-daemon --ros-domain-id 0 --rmw-implementation rmw_fastrtps_cpp"
2026-09-27T16:35:18Z,109,"G1_20260927T163006Z",724115,"python3",5.5,77076,48485,"python3 /wt/contributions/compute-benchmark/OsakaTX/scripts/synthetic_scan_publisher.py --duration 490 --loop-s 40 --hz 5.0 --noise 0.0"
2026-09-27T16:35:18Z,109,"G1_20260927T163006Z",724131,"ros2",0.7,79172,51315,"/usr/bin/python3 /opt/ros/jazzy/bin/ros2 launch /wt/contributions/compute-benchmark/OsakaTX/scripts/lifelong_launch.py slam_params_file:=/wt/contributions/compute-benchmark/OsakaTX/scripts/lifelong_slam_params.yaml use_sim_time:=False autostart:=true"
2026-09-27T16:35:18Z,109,"G1_20260927T163006Z",724132,"ros2",0.5,83668,55437,"/usr/bin/python3 /opt/ros/jazzy/bin/ros2 launch nav2_bringup bringup_launch.py map:=/wt/contributions/compute-benchmark/OsakaTX/scripts/../results/combo2/combo2_nav2_map.yaml params_file:=/wt/contributions/compute-benchmark/OsakaTX/scripts/nav2_params_bench.yaml use_sim_time:=False autostart:=True slam:=False use_localization:=False"
2026-09-27T16:35:18Z,109,"G1_20260927T163006Z",724151,"lifelong_slam_t",45.0,71332,51122,"/opt/ros/jazzy/lib/slam_toolbox/lifelong_slam_toolbox_node --ros-args -r __node:=slam_toolbox -r __ns:=/ --params-file /wt/contributions/compute-benchmark/OsakaTX/scripts/lifelong_slam_params.yaml --params-file /tmp/launch_params_zyre_0s5"
2026-09-27T16:35:18Z,109,"G1_20260927T163006Z",724184,"component_conta",48.5,167216,147403,"/opt/ros/jazzy/lib/rclcpp_components/component_container_isolated --ros-args --log-level info --ros-args -r __node:=nav2_container --params-file /tmp/launch_params___mpikbo --params-file /tmp/launch_params_femhr4gz -r /tf:=tf -r /tf_static:=tf_static"
2026-09-27T16:35:18Z,109,"G1_20260927T163006Z",724251,"python3",6.6,83088,54095,"python3 /wt/contributions/compute-benchmark/OsakaTX/scripts/nav_goal_seq.py --x 4 --y 4 --yaw 0 --every 22.0 --pause 2.0 --cancel --repeats 0"
2026-09-27T16:35:18Z,109,"G1_20260927T163006Z",724296,"bash",0.5,4480,1336,"bash /wt/contributions/compute-benchmark/xbattlax/scripts/measure_ros_processes.sh --pattern python3|ros2|slam|nav2|component_container|nav_goal_seq --duration 380 --interval 2 --label G1_20260927T163006Z --output /wt/contributions/compute-benchmark/OsakaTX/scripts/../results/combo2/G1_20260927T163006Z.csv"
2026-09-27T16:35:21Z,110,"G1_20260927T163006Z",709168,"python3",0.1,74728,46543,"/usr/bin/python3 -c from ros2cli.daemon.daemonize import main; main() --name ros2-daemon --ros-domain-id 0 --rmw-implementation rmw_fastrtps_cpp"
2026-09-27T16:35:21Z,110,"G1_20260927T163006Z",724115,"python3",5.5,77076,48489,"python3 /wt/contributions/compute-benchmark/OsakaTX/scripts/synthetic_scan_publisher.py --duration 490 --loop-s 40 --hz 5.0 --noise 0.0"
2026-09-27T16:35:21Z,110,"G1_20260927T163006Z",724131,"ros2",0.7,79172,51312,"/usr/bin/python3 /opt/ros/jazzy/bin/ros2 launch /wt/contributions/compute-benchmark/OsakaTX/scripts/lifelong_launch.py slam_params_file:=/wt/contributions/compute-benchmark/OsakaTX/scripts/lifelong_slam_params.yaml use_sim_time:=False autostart:=true"
2026-09-27T16:35:21Z,110,"G1_20260927T163006Z",724132,"ros2",0.5,83668,55437,"/usr/bin/python3 /opt/ros/jazzy/bin/ros2 launch nav2_bringup bringup_launch.py map:=/wt/contributions/compute-benchmark/OsakaTX/scripts/../results/combo2/combo2_nav2_map.yaml params_file:=/wt/contributions/compute-benchmark/OsakaTX/scripts/nav2_params_bench.yaml use_sim_time:=False autostart:=True slam:=False use_localization:=False"
2026-09-27T16:35:21Z,110,"G1_20260927T163006Z",724151,"lifelong_slam_t",44.9,71332,51122,"/opt/ros/jazzy/lib/slam_toolbox/lifelong_slam_toolbox_node --ros-args -r __node:=slam_toolbox -r __ns:=/ --params-file /wt/contributions/compute-benchmark/OsakaTX/scripts/lifelong_slam_params.yaml --params-file /tmp/launch_params_zyre_0s5"
2026-09-27T16:35:21Z,110,"G1_20260927T163006Z",724184,"component_conta",48.4,167740,147506,"/opt/ros/jazzy/lib/rclcpp_components/component_container_isolated --ros-args --log-level info --ros-args -r __node:=nav2_container --params-file /tmp/launch_params___mpikbo --params-file /tmp/launch_params_femhr4gz -r /tf:=tf -r /tf_static:=tf_static"
2026-09-27T16:35:21Z,110,"G1_20260927T163006Z",724251,"python3",6.6,83088,54091,"python3 /wt/contributions/compute-benchmark/OsakaTX/scripts/nav_goal_seq.py --x 4 --y 4 --yaw 0 --every 22.0 --pause 2.0 --cancel --repeats 0"
2026-09-27T16:35:21Z,110,"G1_20260927T163006Z",724296,"bash",0.5,4480,1339,"bash /wt/contributions/compute-benchmark/xbattlax/scripts/measure_ros_processes.sh --pattern python3|ros2|slam|nav2|component_container|nav_goal_seq --duration 380 --interval 2 --label G1_20260927T163006Z --output /wt/contributions/compute-benchmark/OsakaTX/scripts/../results/combo2/G1_20260927T163006Z.csv"
2026-09-27T16:35:23Z,111,"G1_20260927T163006Z",709168,"python3",0.1,74728,46546,"/usr/bin/python3 -c from ros2cli.daemon.daemonize import main; main() --name ros2-daemon --ros-domain-id 0 --rmw-implementation rmw_fastrtps_cpp"
2026-09-27T16:35:23Z,111,"G1_20260927T163006Z",724115,"python3",5.5,77076,48490,"python3 /wt/contributions/compute-benchmark/OsakaTX/scripts/synthetic_scan_publisher.py --duration 490 --loop-s 40 --hz 5.0 --noise 0.0"
2026-09-27T16:35:23Z,111,"G1_20260927T163006Z",724131,"ros2",0.7,79172,51314,"/usr/bin/python3 /opt/ros/jazzy/bin/ros2 launch /wt/contributions/compute-benchmark/OsakaTX/scripts/lifelong_launch.py slam_params_file:=/wt/contributions/compute-benchmark/OsakaTX/scripts/lifelong_slam_params.yaml use_sim_time:=False autostart:=true"
2026-09-27T16:35:23Z,111,"G1_20260927T163006Z",724132,"ros2",0.5,83668,55443,"/usr/bin/python3 /opt/ros/jazzy/bin/ros2 launch nav2_bringup bringup_launch.py map:=/wt/contributions/compute-benchmark/OsakaTX/scripts/../results/combo2/combo2_nav2_map.yaml params_file:=/wt/contributions/compute-benchmark/OsakaTX/scripts/nav2_params_bench.yaml use_sim_time:=False autostart:=True slam:=False use_localization:=False"
2026-09-27T16:35:23Z,111,"G1_20260927T163006Z",724151,"lifelong_slam_t",44.8,71332,51123,"/opt/ros/jazzy/lib/slam_toolbox/lifelong_slam_toolbox_node --ros-args -r __node:=slam_toolbox -r __ns:=/ --params-file /wt/contributions/compute-benchmark/OsakaTX/scripts/lifelong_slam_params.yaml --params-file /tmp/launch_params_zyre_0s5"
2026-09-27T16:35:23Z,111,"G1_20260927T163006Z",724184,"component_conta",48.4,165712,145478,"/opt/ros/jazzy/lib/rclcpp_components/component_container_isolated --ros-args --log-level info --ros-args -r __node:=nav2_container --params-file /tmp/launch_params___mpikbo --params-file /tmp/launch_params_femhr4gz -r /tf:=tf -r /tf_static:=tf_static"
2026-09-27T16:35:23Z,111,"G1_20260927T163006Z",724251,"python3",6.6,83092,54095,"python3 /wt/contributions/compute-benchmark/OsakaTX/scripts/nav_goal_seq.py --x 4 --y 4 --yaw 0 --every 22.0 --pause 2.0 --cancel --repeats 0"
2026-09-27T16:35:23Z,111,"G1_20260927T163006Z",724296,"bash",0.5,4480,1339,"bash /wt/contributions/compute-benchmark/xbattlax/scripts/measure_ros_processes.sh --pattern python3|ros2|slam|nav2|component_container|nav_goal_seq --duration 380 --interval 2 --label G1_20260927T163006Z --output /wt/contributions/compute-benchmark/OsakaTX/scripts/../results/combo2/G1_20260927T163006Z.csv"
2026-09-27T16:35:25Z,112,"G1_20260927T163006Z",709168,"python3",0.1,74728,46542,"/usr/bin/python3 -c from ros2cli.daemon.daemonize import main; main() --name ros2-daemon --ros-domain-id 0 --rmw-implementation rmw_fastrtps_cpp"
2026-09-27T16:35:25Z,112,"G1_20260927T163006Z",724115,"python3",5.5,77076,48489,"python3 /wt/contributions/compute-benchmark/OsakaTX/scripts/synthetic_scan_publisher.py --duration 490 --loop-s 40 --hz 5.0 --noise 0.0"
2026-09-27T16:35:25Z,112,"G1_20260927T163006Z",724131,"ros2",0.7,79172,51312,"/usr/bin/python3 /opt/ros/jazzy/bin/ros2 launch /wt/contributions/compute-benchmark/OsakaTX/scripts/lifelong_launch.py slam_params_file:=/wt/contributions/compute-benchmark/OsakaTX/scripts/lifelong_slam_params.yaml use_sim_time:=False autostart:=true"
2026-09-27T16:35:25Z,112,"G1_20260927T163006Z",724132,"ros2",0.5,83668,55442,"/usr/bin/python3 /opt/ros/jazzy/bin/ros2 launch nav2_bringup bringup_launch.py map:=/wt/contributions/compute-benchmark/OsakaTX/scripts/../results/combo2/combo2_nav2_map.yaml params_file:=/wt/contributions/compute-benchmark/OsakaTX/scripts/nav2_params_bench.yaml use_sim_time:=False autostart:=True slam:=False use_localization:=False"
2026-09-27T16:35:25Z,112,"G1_20260927T163006Z",724151,"lifelong_slam_t",44.8,71332,51120,"/opt/ros/jazzy/lib/slam_toolbox/lifelong_slam_toolbox_node --ros-args -r __node:=slam_toolbox -r __ns:=/ --params-file /wt/contributions/compute-benchmark/OsakaTX/scripts/lifelong_slam_params.yaml --params-file /tmp/launch_params_zyre_0s5"
2026-09-27T16:35:25Z,112,"G1_20260927T163006Z",724184,"component_conta",48.4,165712,145478,"/opt/ros/jazzy/lib/rclcpp_components/component_container_isolated --ros-args --log-level info --ros-args -r __node:=nav2_container --params-file /tmp/launch_params___mpikbo --params-file /tmp/launch_params_femhr4gz -r /tf:=tf -r /tf_static:=tf_static"
2026-09-27T16:35:25Z,112,"G1_20260927T163006Z",724251,"python3",6.6,83092,54099,"python3 /wt/contributions/compute-benchmark/OsakaTX/scripts/nav_goal_seq.py --x 4 --y 4 --yaw 0 --every 22.0 --pause 2.0 --cancel --repeats 0"
2026-09-27T16:35:25Z,112,"G1_20260927T163006Z",724296,"bash",0.5,4480,1340,"bash /wt/contributions/compute-benchmark/xbattlax/scripts/measure_ros_processes.sh --pattern python3|ros2|slam|nav2|component_container|nav_goal_seq --duration 380 --interval 2 --label G1_20260927T163006Z --output /wt/contributions/compute-benchmark/OsakaTX/scripts/../results/combo2/G1_20260927T163006Z.csv"
2026-09-27T16:35:28Z,113,"G1_20260927T163006Z",709168,"python3",0.1,74728,46545,"/usr/bin/python3 -c from ros2cli.daemon.daemonize import main; main() --name ros2-daemon --ros-domain-id 0 --rmw-implementation rmw_fastrtps_cpp"
2026-09-27T16:35:28Z,113,"G1_20260927T163006Z",724115,"python3",5.5,77076,48490,"python3 /wt/contributions/compute-benchmark/OsakaTX/scripts/synthetic_scan_publisher.py --duration 490 --loop-s 40 --hz 5.0 --noise 0.0"
2026-09-27T16:35:28Z,113,"G1_20260927T163006Z",724131,"ros2",0.7,79172,51315,"/usr/bin/python3 /opt/ros/jazzy/bin/ros2 launch /wt/contributions/compute-benchmark/OsakaTX/scripts/lifelong_launch.py slam_params_file:=/wt/contributions/compute-benchmark/OsakaTX/scripts/lifelong_slam_params.yaml use_sim_time:=False autostart:=true"
2026-09-27T16:35:28Z,113,"G1_20260927T163006Z",724132,"ros2",0.5,83668,55443,"/usr/bin/python3 /opt/ros/jazzy/bin/ros2 launch nav2_bringup bringup_launch.py map:=/wt/contributions/compute-benchmark/OsakaTX/scripts/../results/combo2/combo2_nav2_map.yaml params_file:=/wt/contributions/compute-benchmark/OsakaTX/scripts/nav2_params_bench.yaml use_sim_time:=False autostart:=True slam:=False use_localization:=False"
2026-09-27T16:35:28Z,113,"G1_20260927T163006Z",724151,"lifelong_slam_t",44.7,71332,51120,"/opt/ros/jazzy/lib/slam_toolbox/lifelong_slam_toolbox_node --ros-args -r __node:=slam_toolbox -r __ns:=/ --params-file /wt/contributions/compute-benchmark/OsakaTX/scripts/lifelong_slam_params.yaml --params-file /tmp/launch_params_zyre_0s5"
2026-09-27T16:35:28Z,113,"G1_20260927T163006Z",724184,"component_conta",48.5,170832,149415,"/opt/ros/jazzy/lib/rclcpp_components/component_container_isolated --ros-args --log-level info --ros-args -r __node:=nav2_container --params-file /tmp/launch_params___mpikbo --params-file /tmp/launch_params_femhr4gz -r /tf:=tf -r /tf_static:=tf_static"
2026-09-27T16:35:28Z,113,"G1_20260927T163006Z",724251,"python3",6.6,83092,54099,"python3 /wt/contributions/compute-benchmark/OsakaTX/scripts/nav_goal_seq.py --x 4 --y 4 --yaw 0 --every 22.0 --pause 2.0 --cancel --repeats 0"
2026-09-27T16:35:28Z,113,"G1_20260927T163006Z",724296,"bash",0.5,4480,1342,"bash /wt/contributions/compute-benchmark/xbattlax/scripts/measure_ros_processes.sh --pattern python3|ros2|slam|nav2|component_container|nav_goal_seq --duration 380 --interval 2 --label G1_20260927T163006Z --output /wt/contributions/compute-benchmark/OsakaTX/scripts/../results/combo2/G1_20260927T163006Z.csv"
2026-09-27T16:35:30Z,114,"G1_20260927T163006Z",709168,"python3",0.1,74728,46542,"/usr/bin/python3 -c from ros2cli.daemon.daemonize import main; main() --name ros2-daemon --ros-domain-id 0 --rmw-implementation rmw_fastrtps_cpp"
2026-09-27T16:35:30Z,114,"G1_20260927T163006Z",724115,"python3",5.5,77076,48490,"python3 /wt/contributions/compute-benchmark/OsakaTX/scripts/synthetic_scan_publisher.py --duration 490 --loop-s 40 --hz 5.0 --noise 0.0"
2026-09-27T16:35:30Z,114,"G1_20260927T163006Z",724131,"ros2",0.7,79172,51315,"/usr/bin/python3 /opt/ros/jazzy/bin/ros2 launch /wt/contributions/compute-benchmark/OsakaTX/scripts/lifelong_launch.py slam_params_file:=/wt/contributions/compute-benchmark/OsakaTX/scripts/lifelong_slam_params.yaml use_sim_time:=False autostart:=true"
2026-09-27T16:35:30Z,114,"G1_20260927T163006Z",724132,"ros2",0.5,83668,55443,"/usr/bin/python3 /opt/ros/jazzy/bin/ros2 launch nav2_bringup bringup_launch.py map:=/wt/contributions/compute-benchmark/OsakaTX/scripts/../results/combo2/combo2_nav2_map.yaml params_file:=/wt/contributions/compute-benchmark/OsakaTX/scripts/nav2_params_bench.yaml use_sim_time:=False autostart:=True slam:=False use_localization:=False"
2026-09-27T16:35:30Z,114,"G1_20260927T163006Z",724151,"lifelong_slam_t",44.6,71332,51123,"/opt/ros/jazzy/lib/slam_toolbox/lifelong_slam_toolbox_node --ros-args -r __node:=slam_toolbox -r __ns:=/ --params-file /wt/contributions/compute-benchmark/OsakaTX/scripts/lifelong_slam_params.yaml --params-file /tmp/launch_params_zyre_0s5"
2026-09-27T16:35:30Z,114,"G1_20260927T163006Z",724184,"component_conta",48.4,167468,147235,"/opt/ros/jazzy/lib/rclcpp_components/component_container_isolated --ros-args --log-level info --ros-args -r __node:=nav2_container --params-file /tmp/launch_params___mpikbo --params-file /tmp/launch_params_femhr4gz -r /tf:=tf -r /tf_static:=tf_static"
2026-09-27T16:35:30Z,114,"G1_20260927T163006Z",724251,"python3",6.6,83092,54099,"python3 /wt/contributions/compute-benchmark/OsakaTX/scripts/nav_goal_seq.py --x 4 --y 4 --yaw 0 --every 22.0 --pause 2.0 --cancel --repeats 0"
2026-09-27T16:35:30Z,114,"G1_20260927T163006Z",724296,"bash",0.5,4480,1343,"bash /wt/contributions/compute-benchmark/xbattlax/scripts/measure_ros_processes.sh --pattern python3|ros2|slam|nav2|component_container|nav_goal_seq --duration 380 --interval 2 --label G1_20260927T163006Z --output /wt/contributions/compute-benchmark/OsakaTX/scripts/../results/combo2/G1_20260927T163006Z.csv"
2026-09-27T16:35:33Z,115,"G1_20260927T163006Z",709168,"python3",0.1,74728,46543,"/usr/bin/python3 -c from ros2cli.daemon.daemonize import main; main() --name ros2-daemon --ros-domain-id 0 --rmw-implementation rmw_fastrtps_cpp"
2026-09-27T16:35:33Z,115,"G1_20260927T163006Z",724115,"python3",5.4,77076,48490,"python3 /wt/contributions/compute-benchmark/OsakaTX/scripts/synthetic_scan_publisher.py --duration 490 --loop-s 40 --hz 5.0 --noise 0.0"
2026-09-27T16:35:33Z,115,"G1_20260927T163006Z",724131,"ros2",0.7,79172,51315,"/usr/bin/python3 /opt/ros/jazzy/bin/ros2 launch /wt/contributions/compute-benchmark/OsakaTX/scripts/lifelong_launch.py slam_params_file:=/wt/contributions/compute-benchmark/OsakaTX/scripts/lifelong_slam_params.yaml use_sim_time:=False autostart:=true"
2026-09-27T16:35:33Z,115,"G1_20260927T163006Z",724132,"ros2",0.5,83668,55437,"/usr/bin/python3 /opt/ros/jazzy/bin/ros2 launch nav2_bringup bringup_launch.py map:=/wt/contributions/compute-benchmark/OsakaTX/scripts/../results/combo2/combo2_nav2_map.yaml params_file:=/wt/contributions/compute-benchmark/OsakaTX/scripts/nav2_params_bench.yaml use_sim_time:=False autostart:=True slam:=False use_localization:=False"
2026-09-27T16:35:33Z,115,"G1_20260927T163006Z",724151,"lifelong_slam_t",44.6,71332,51122,"/opt/ros/jazzy/lib/slam_toolbox/lifelong_slam_toolbox_node --ros-args -r __node:=slam_toolbox -r __ns:=/ --params-file /wt/contributions/compute-benchmark/OsakaTX/scripts/lifelong_slam_params.yaml --params-file /tmp/launch_params_zyre_0s5"
2026-09-27T16:35:33Z,115,"G1_20260927T163006Z",724184,"component_conta",48.5,167472,147239,"/opt/ros/jazzy/lib/rclcpp_components/component_container_isolated --ros-args --log-level info --ros-args -r __node:=nav2_container --params-file /tmp/launch_params___mpikbo --params-file /tmp/launch_params_femhr4gz -r /tf:=tf -r /tf_static:=tf_static"
2026-09-27T16:35:33Z,115,"G1_20260927T163006Z",724251,"python3",6.6,83092,54100,"python3 /wt/contributions/compute-benchmark/OsakaTX/scripts/nav_goal_seq.py --x 4 --y 4 --yaw 0 --every 22.0 --pause 2.0 --cancel --repeats 0"
2026-09-27T16:35:33Z,115,"G1_20260927T163006Z",724296,"bash",0.5,4480,1344,"bash /wt/contributions/compute-benchmark/xbattlax/scripts/measure_ros_processes.sh --pattern python3|ros2|slam|nav2|component_container|nav_goal_seq --duration 380 --interval 2 --label G1_20260927T163006Z --output /wt/contributions/compute-benchmark/OsakaTX/scripts/../results/combo2/G1_20260927T163006Z.csv"
2026-09-27T16:35:35Z,116,"G1_20260927T163006Z",709168,"python3",0.1,74728,46542,"/usr/bin/python3 -c from ros2cli.daemon.daemonize import main; main() --name ros2-daemon --ros-domain-id 0 --rmw-implementation rmw_fastrtps_cpp"
2026-09-27T16:35:35Z,116,"G1_20260927T163006Z",724115,"python3",5.5,77076,48490,"python3 /wt/contributions/compute-benchmark/OsakaTX/scripts/synthetic_scan_publisher.py --duration 490 --loop-s 40 --hz 5.0 --noise 0.0"
2026-09-27T16:35:35Z,116,"G1_20260927T163006Z",724131,"ros2",0.7,79172,51312,"/usr/bin/python3 /opt/ros/jazzy/bin/ros2 launch /wt/contributions/compute-benchmark/OsakaTX/scripts/lifelong_launch.py slam_params_file:=/wt/contributions/compute-benchmark/OsakaTX/scripts/lifelong_slam_params.yaml use_sim_time:=False autostart:=true"
2026-09-27T16:35:35Z,116,"G1_20260927T163006Z",724132,"ros2",0.5,83668,55443,"/usr/bin/python3 /opt/ros/jazzy/bin/ros2 launch nav2_bringup bringup_launch.py map:=/wt/contributions/compute-benchmark/OsakaTX/scripts/../results/combo2/combo2_nav2_map.yaml params_file:=/wt/contributions/compute-benchmark/OsakaTX/scripts/nav2_params_bench.yaml use_sim_time:=False autostart:=True slam:=False use_localization:=False"
2026-09-27T16:35:35Z,116,"G1_20260927T163006Z",724151,"lifelong_slam_t",44.5,71332,51123,"/opt/ros/jazzy/lib/slam_toolbox/lifelong_slam_toolbox_node --ros-args -r __node:=slam_toolbox -r __ns:=/ --params-file /wt/contributions/compute-benchmark/OsakaTX/scripts/lifelong_slam_params.yaml --params-file /tmp/launch_params_zyre_0s5"
2026-09-27T16:35:35Z,116,"G1_20260927T163006Z",724184,"component_conta",48.5,167476,147243,"/opt/ros/jazzy/lib/rclcpp_components/component_container_isolated --ros-args --log-level info --ros-args -r __node:=nav2_container --params-file /tmp/launch_params___mpikbo --params-file /tmp/launch_params_femhr4gz -r /tf:=tf -r /tf_static:=tf_static"
2026-09-27T16:35:35Z,116,"G1_20260927T163006Z",724251,"python3",6.6,83092,54099,"python3 /wt/contributions/compute-benchmark/OsakaTX/scripts/nav_goal_seq.py --x 4 --y 4 --yaw 0 --every 22.0 --pause 2.0 --cancel --repeats 0"
2026-09-27T16:35:35Z,116,"G1_20260927T163006Z",724296,"bash",0.5,4480,1339,"bash /wt/contributions/compute-benchmark/xbattlax/scripts/measure_ros_processes.sh --pattern python3|ros2|slam|nav2|component_container|nav_goal_seq --duration 380 --interval 2 --label G1_20260927T163006Z --output /wt/contributions/compute-benchmark/OsakaTX/scripts/../results/combo2/G1_20260927T163006Z.csv"
2026-09-27T16:35:38Z,117,"G1_20260927T163006Z",709168,"python3",0.1,74728,46544,"/usr/bin/python3 -c from ros2cli.daemon.daemonize import main; main() --name ros2-daemon --ros-domain-id 0 --rmw-implementation rmw_fastrtps_cpp"
2026-09-27T16:35:38Z,117,"G1_20260927T163006Z",724115,"python3",5.5,77076,48489,"python3 /wt/contributions/compute-benchmark/OsakaTX/scripts/synthetic_scan_publisher.py --duration 490 --loop-s 40 --hz 5.0 --noise 0.0"
2026-09-27T16:35:38Z,117,"G1_20260927T163006Z",724131,"ros2",0.7,79172,51313,"/usr/bin/python3 /opt/ros/jazzy/bin/ros2 launch /wt/contributions/compute-benchmark/OsakaTX/scripts/lifelong_launch.py slam_params_file:=/wt/contributions/compute-benchmark/OsakaTX/scripts/lifelong_slam_params.yaml use_sim_time:=False autostart:=true"
2026-09-27T16:35:38Z,117,"G1_20260927T163006Z",724132,"ros2",0.5,83668,55444,"/usr/bin/python3 /opt/ros/jazzy/bin/ros2 launch nav2_bringup bringup_launch.py map:=/wt/contributions/compute-benchmark/OsakaTX/scripts/../results/combo2/combo2_nav2_map.yaml params_file:=/wt/contributions/compute-benchmark/OsakaTX/scripts/nav2_params_bench.yaml use_sim_time:=False autostart:=True slam:=False use_localization:=False"
2026-09-27T16:35:38Z,117,"G1_20260927T163006Z",724151,"lifelong_slam_t",44.5,71332,51120,"/opt/ros/jazzy/lib/slam_toolbox/lifelong_slam_toolbox_node --ros-args -r __node:=slam_toolbox -r __ns:=/ --params-file /wt/contributions/compute-benchmark/OsakaTX/scripts/lifelong_slam_params.yaml --params-file /tmp/launch_params_zyre_0s5"
2026-09-27T16:35:38Z,117,"G1_20260927T163006Z",724184,"component_conta",48.5,167476,147242,"/opt/ros/jazzy/lib/rclcpp_components/component_container_isolated --ros-args --log-level info --ros-args -r __node:=nav2_container --params-file /tmp/launch_params___mpikbo --params-file /tmp/launch_params_femhr4gz -r /tf:=tf -r /tf_static:=tf_static"
2026-09-27T16:35:38Z,117,"G1_20260927T163006Z",724251,"python3",6.6,83092,54100,"python3 /wt/contributions/compute-benchmark/OsakaTX/scripts/nav_goal_seq.py --x 4 --y 4 --yaw 0 --every 22.0 --pause 2.0 --cancel --repeats 0"
2026-09-27T16:35:38Z,117,"G1_20260927T163006Z",724296,"bash",0.5,4480,1341,"bash /wt/contributions/compute-benchmark/xbattlax/scripts/measure_ros_processes.sh --pattern python3|ros2|slam|nav2|component_container|nav_goal_seq --duration 380 --interval 2 --label G1_20260927T163006Z --output /wt/contributions/compute-benchmark/OsakaTX/scripts/../results/combo2/G1_20260927T163006Z.csv"
2026-09-27T16:35:40Z,118,"G1_20260927T163006Z",709168,"python3",0.1,74728,46546,"/usr/bin/python3 -c from ros2cli.daemon.daemonize import main; main() --name ros2-daemon --ros-domain-id 0 --rmw-implementation rmw_fastrtps_cpp"
2026-09-27T16:35:40Z,118,"G1_20260927T163006Z",724115,"python3",5.4,77076,48490,"python3 /wt/contributions/compute-benchmark/OsakaTX/scripts/synthetic_scan_publisher.py --duration 490 --loop-s 40 --hz 5.0 --noise 0.0"
2026-09-27T16:35:40Z,118,"G1_20260927T163006Z",724131,"ros2",0.7,79172,51312,"/usr/bin/python3 /opt/ros/jazzy/bin/ros2 launch /wt/contributions/compute-benchmark/OsakaTX/scripts/lifelong_launch.py slam_params_file:=/wt/contributions/compute-benchmark/OsakaTX/scripts/lifelong_slam_params.yaml use_sim_time:=False autostart:=true"
2026-09-27T16:35:40Z,118,"G1_20260927T163006Z",724132,"ros2",0.5,83668,55444,"/usr/bin/python3 /opt/ros/jazzy/bin/ros2 launch nav2_bringup bringup_launch.py map:=/wt/contributions/compute-benchmark/OsakaTX/scripts/../results/combo2/combo2_nav2_map.yaml params_file:=/wt/contributions/compute-benchmark/OsakaTX/scripts/nav2_params_bench.yaml use_sim_time:=False autostart:=True slam:=False use_localization:=False"
2026-09-27T16:35:40Z,118,"G1_20260927T163006Z",724151,"lifelong_slam_t",44.4,71332,51119,"/opt/ros/jazzy/lib/slam_toolbox/lifelong_slam_toolbox_node --ros-args -r __node:=slam_toolbox -r __ns:=/ --params-file /wt/contributions/compute-benchmark/OsakaTX/scripts/lifelong_slam_params.yaml --params-file /tmp/launch_params_zyre_0s5"
2026-09-27T16:35:40Z,118,"G1_20260927T163006Z",724184,"component_conta",48.5,167476,147902,"/opt/ros/jazzy/lib/rclcpp_components/component_container_isolated --ros-args --log-level info --ros-args -r __node:=nav2_container --params-file /tmp/launch_params___mpikbo --params-file /tmp/launch_params_femhr4gz -r /tf:=tf -r /tf_static:=tf_static"
2026-09-27T16:35:40Z,118,"G1_20260927T163006Z",724251,"python3",6.6,83092,54099,"python3 /wt/contributions/compute-benchmark/OsakaTX/scripts/nav_goal_seq.py --x 4 --y 4 --yaw 0 --every 22.0 --pause 2.0 --cancel --repeats 0"
2026-09-27T16:35:40Z,118,"G1_20260927T163006Z",724296,"bash",0.5,4480,1338,"bash /wt/contributions/compute-benchmark/xbattlax/scripts/measure_ros_processes.sh --pattern python3|ros2|slam|nav2|component_container|nav_goal_seq --duration 380 --interval 2 --label G1_20260927T163006Z --output /wt/contributions/compute-benchmark/OsakaTX/scripts/../results/combo2/G1_20260927T163006Z.csv"
2026-09-27T16:35:43Z,119,"G1_20260927T163006Z",709168,"python3",0.1,74728,46543,"/usr/bin/python3 -c from ros2cli.daemon.daemonize import main; main() --name ros2-daemon --ros-domain-id 0 --rmw-implementation rmw_fastrtps_cpp"
2026-09-27T16:35:43Z,119,"G1_20260927T163006Z",724115,"python3",5.4,77076,48482,"python3 /wt/contributions/compute-benchmark/OsakaTX/scripts/synthetic_scan_publisher.py --duration 490 --loop-s 40 --hz 5.0 --noise 0.0"
2026-09-27T16:35:43Z,119,"G1_20260927T163006Z",724131,"ros2",0.7,79172,51315,"/usr/bin/python3 /opt/ros/jazzy/bin/ros2 launch /wt/contributions/compute-benchmark/OsakaTX/scripts/lifelong_launch.py slam_params_file:=/wt/contributions/compute-benchmark/OsakaTX/scripts/lifelong_slam_params.yaml use_sim_time:=False autostart:=true"
2026-09-27T16:35:43Z,119,"G1_20260927T163006Z",724132,"ros2",0.5,83668,55445,"/usr/bin/python3 /opt/ros/jazzy/bin/ros2 launch nav2_bringup bringup_launch.py map:=/wt/contributions/compute-benchmark/OsakaTX/scripts/../results/combo2/combo2_nav2_map.yaml params_file:=/wt/contributions/compute-benchmark/OsakaTX/scripts/nav2_params_bench.yaml use_sim_time:=False autostart:=True slam:=False use_localization:=False"
2026-09-27T16:35:43Z,119,"G1_20260927T163006Z",724151,"lifelong_slam_t",44.3,71332,51123,"/opt/ros/jazzy/lib/slam_toolbox/lifelong_slam_toolbox_node --ros-args -r __node:=slam_toolbox -r __ns:=/ --params-file /wt/contributions/compute-benchmark/OsakaTX/scripts/lifelong_slam_params.yaml --params-file /tmp/launch_params_zyre_0s5"
2026-09-27T16:35:43Z,119,"G1_20260927T163006Z",724184,"component_conta",48.5,167476,147241,"/opt/ros/jazzy/lib/rclcpp_components/component_container_isolated --ros-args --log-level info --ros-args -r __node:=nav2_container --params-file /tmp/launch_params___mpikbo --params-file /tmp/launch_params_femhr4gz -r /tf:=tf -r /tf_static:=tf_static"
2026-09-27T16:35:43Z,119,"G1_20260927T163006Z",724251,"python3",6.6,83092,54099,"python3 /wt/contributions/compute-benchmark/OsakaTX/scripts/nav_goal_seq.py --x 4 --y 4 --yaw 0 --every 22.0 --pause 2.0 --cancel --repeats 0"
2026-09-27T16:35:43Z,119,"G1_20260927T163006Z",724296,"bash",0.5,4480,1344,"bash /wt/contributions/compute-benchmark/xbattlax/scripts/measure_ros_processes.sh --pattern python3|ros2|slam|nav2|component_container|nav_goal_seq --duration 380 --interval 2 --label G1_20260927T163006Z --output /wt/contributions/compute-benchmark/OsakaTX/scripts/../results/combo2/G1_20260927T163006Z.csv"
2026-09-27T16:35:45Z,120,"G1_20260927T163006Z",709168,"python3",0.1,74728,46545,"/usr/bin/python3 -c from ros2cli.daemon.daemonize import main; main() --name ros2-daemon --ros-domain-id 0 --rmw-implementation rmw_fastrtps_cpp"
2026-09-27T16:35:45Z,120,"G1_20260927T163006Z",724115,"python3",5.4,77076,48483,"python3 /wt/contributions/compute-benchmark/OsakaTX/scripts/synthetic_scan_publisher.py --duration 490 --loop-s 40 --hz 5.0 --noise 0.0"
2026-09-27T16:35:45Z,120,"G1_20260927T163006Z",724131,"ros2",0.7,79172,51313,"/usr/bin/python3 /opt/ros/jazzy/bin/ros2 launch /wt/contributions/compute-benchmark/OsakaTX/scripts/lifelong_launch.py slam_params_file:=/wt/contributions/compute-benchmark/OsakaTX/scripts/lifelong_slam_params.yaml use_sim_time:=False autostart:=true"
2026-09-27T16:35:45Z,120,"G1_20260927T163006Z",724132,"ros2",0.5,83668,55445,"/usr/bin/python3 /opt/ros/jazzy/bin/ros2 launch nav2_bringup bringup_launch.py map:=/wt/contributions/compute-benchmark/OsakaTX/scripts/../results/combo2/combo2_nav2_map.yaml params_file:=/wt/contributions/compute-benchmark/OsakaTX/scripts/nav2_params_bench.yaml use_sim_time:=False autostart:=True slam:=False use_localization:=False"
2026-09-27T16:35:45Z,120,"G1_20260927T163006Z",724151,"lifelong_slam_t",44.3,71332,51122,"/opt/ros/jazzy/lib/slam_toolbox/lifelong_slam_toolbox_node --ros-args -r __node:=slam_toolbox -r __ns:=/ --params-file /wt/contributions/compute-benchmark/OsakaTX/scripts/lifelong_slam_params.yaml --params-file /tmp/launch_params_zyre_0s5"
2026-09-27T16:35:45Z,120,"G1_20260927T163006Z",724184,"component_conta",48.5,167452,147218,"/opt/ros/jazzy/lib/rclcpp_components/component_container_isolated --ros-args --log-level info --ros-args -r __node:=nav2_container --params-file /tmp/launch_params___mpikbo --params-file /tmp/launch_params_femhr4gz -r /tf:=tf -r /tf_static:=tf_static"
2026-09-27T16:35:45Z,120,"G1_20260927T163006Z",724251,"python3",6.6,83096,54103,"python3 /wt/contributions/compute-benchmark/OsakaTX/scripts/nav_goal_seq.py --x 4 --y 4 --yaw 0 --every 22.0 --pause 2.0 --cancel --repeats 0"
2026-09-27T16:35:45Z,120,"G1_20260927T163006Z",724296,"bash",0.5,4480,1344,"bash /wt/contributions/compute-benchmark/xbattlax/scripts/measure_ros_processes.sh --pattern python3|ros2|slam|nav2|component_container|nav_goal_seq --duration 380 --interval 2 --label G1_20260927T163006Z --output /wt/contributions/compute-benchmark/OsakaTX/scripts/../results/combo2/G1_20260927T163006Z.csv"
2026-09-27T16:35:47Z,121,"G1_20260927T163006Z",709168,"python3",0.1,74728,46545,"/usr/bin/python3 -c from ros2cli.daemon.daemonize import main; main() --name ros2-daemon --ros-domain-id 0 --rmw-implementation rmw_fastrtps_cpp"
2026-09-27T16:35:47Z,121,"G1_20260927T163006Z",724115,"python3",5.4,77076,48491,"python3 /wt/contributions/compute-benchmark/OsakaTX/scripts/synthetic_scan_publisher.py --duration 490 --loop-s 40 --hz 5.0 --noise 0.0"
2026-09-27T16:35:47Z,121,"G1_20260927T163006Z",724131,"ros2",0.7,79172,51315,"/usr/bin/python3 /opt/ros/jazzy/bin/ros2 launch /wt/contributions/compute-benchmark/OsakaTX/scripts/lifelong_launch.py slam_params_file:=/wt/contributions/compute-benchmark/OsakaTX/scripts/lifelong_slam_params.yaml use_sim_time:=False autostart:=true"
2026-09-27T16:35:47Z,121,"G1_20260927T163006Z",724132,"ros2",0.5,83668,55443,"/usr/bin/python3 /opt/ros/jazzy/bin/ros2 launch nav2_bringup bringup_launch.py map:=/wt/contributions/compute-benchmark/OsakaTX/scripts/../results/combo2/combo2_nav2_map.yaml params_file:=/wt/contributions/compute-benchmark/OsakaTX/scripts/nav2_params_bench.yaml use_sim_time:=False autostart:=True slam:=False use_localization:=False"
2026-09-27T16:35:47Z,121,"G1_20260927T163006Z",724151,"lifelong_slam_t",44.3,71332,51121,"/opt/ros/jazzy/lib/slam_toolbox/lifelong_slam_toolbox_node --ros-args -r __node:=slam_toolbox -r __ns:=/ --params-file /wt/contributions/compute-benchmark/OsakaTX/scripts/lifelong_slam_params.yaml --params-file /tmp/launch_params_zyre_0s5"
2026-09-27T16:35:47Z,121,"G1_20260927T163006Z",724184,"component_conta",48.5,168740,148506,"/opt/ros/jazzy/lib/rclcpp_components/component_container_isolated --ros-args --log-level info --ros-args -r __node:=nav2_container --params-file /tmp/launch_params___mpikbo --params-file /tmp/launch_params_femhr4gz -r /tf:=tf -r /tf_static:=tf_static"
2026-09-27T16:35:47Z,121,"G1_20260927T163006Z",724251,"python3",6.6,83096,54103,"python3 /wt/contributions/compute-benchmark/OsakaTX/scripts/nav_goal_seq.py --x 4 --y 4 --yaw 0 --every 22.0 --pause 2.0 --cancel --repeats 0"
2026-09-27T16:35:47Z,121,"G1_20260927T163006Z",724296,"bash",0.5,4480,1346,"bash /wt/contributions/compute-benchmark/xbattlax/scripts/measure_ros_processes.sh --pattern python3|ros2|slam|nav2|component_container|nav_goal_seq --duration 380 --interval 2 --label G1_20260927T163006Z --output /wt/contributions/compute-benchmark/OsakaTX/scripts/../results/combo2/G1_20260927T163006Z.csv"
2026-09-27T16:35:50Z,122,"G1_20260927T163006Z",709168,"python3",0.1,74728,46542,"/usr/bin/python3 -c from ros2cli.daemon.daemonize import main; main() --name ros2-daemon --ros-domain-id 0 --rmw-implementation rmw_fastrtps_cpp"
2026-09-27T16:35:50Z,122,"G1_20260927T163006Z",724115,"python3",5.4,77076,48489,"python3 /wt/contributions/compute-benchmark/OsakaTX/scripts/synthetic_scan_publisher.py --duration 490 --loop-s 40 --hz 5.0 --noise 0.0"
2026-09-27T16:35:50Z,122,"G1_20260927T163006Z",724131,"ros2",0.7,79172,51314,"/usr/bin/python3 /opt/ros/jazzy/bin/ros2 launch /wt/contributions/compute-benchmark/OsakaTX/scripts/lifelong_launch.py slam_params_file:=/wt/contributions/compute-benchmark/OsakaTX/scripts/lifelong_slam_params.yaml use_sim_time:=False autostart:=true"
2026-09-27T16:35:50Z,122,"G1_20260927T163006Z",724132,"ros2",0.5,83668,55443,"/usr/bin/python3 /opt/ros/jazzy/bin/ros2 launch nav2_bringup bringup_launch.py map:=/wt/contributions/compute-benchmark/OsakaTX/scripts/../results/combo2/combo2_nav2_map.yaml params_file:=/wt/contributions/compute-benchmark/OsakaTX/scripts/nav2_params_bench.yaml use_sim_time:=False autostart:=True slam:=False use_localization:=False"
2026-09-27T16:35:50Z,122,"G1_20260927T163006Z",724151,"lifelong_slam_t",44.2,71332,51123,"/opt/ros/jazzy/lib/slam_toolbox/lifelong_slam_toolbox_node --ros-args -r __node:=slam_toolbox -r __ns:=/ --params-file /wt/contributions/compute-benchmark/OsakaTX/scripts/lifelong_slam_params.yaml --params-file /tmp/launch_params_zyre_0s5"
2026-09-27T16:35:50Z,122,"G1_20260927T163006Z",724184,"component_conta",48.6,168776,148542,"/opt/ros/jazzy/lib/rclcpp_components/component_container_isolated --ros-args --log-level info --ros-args -r __node:=nav2_container --params-file /tmp/launch_params___mpikbo --params-file /tmp/launch_params_femhr4gz -r /tf:=tf -r /tf_static:=tf_static"
2026-09-27T16:35:50Z,122,"G1_20260927T163006Z",724251,"python3",6.6,83096,54103,"python3 /wt/contributions/compute-benchmark/OsakaTX/scripts/nav_goal_seq.py --x 4 --y 4 --yaw 0 --every 22.0 --pause 2.0 --cancel --repeats 0"
2026-09-27T16:35:50Z,122,"G1_20260927T163006Z",724296,"bash",0.5,4480,1341,"bash /wt/contributions/compute-benchmark/xbattlax/scripts/measure_ros_processes.sh --pattern python3|ros2|slam|nav2|component_container|nav_goal_seq --duration 380 --interval 2 --label G1_20260927T163006Z --output /wt/contributions/compute-benchmark/OsakaTX/scripts/../results/combo2/G1_20260927T163006Z.csv"
2026-09-27T16:35:52Z,123,"G1_20260927T163006Z",709168,"python3",0.1,74728,46544,"/usr/bin/python3 -c from ros2cli.daemon.daemonize import main; main() --name ros2-daemon --ros-domain-id 0 --rmw-implementation rmw_fastrtps_cpp"
2026-09-27T16:35:52Z,123,"G1_20260927T163006Z",724115,"python3",5.4,77076,48490,"python3 /wt/contributions/compute-benchmark/OsakaTX/scripts/synthetic_scan_publisher.py --duration 490 --loop-s 40 --hz 5.0 --noise 0.0"
2026-09-27T16:35:52Z,123,"G1_20260927T163006Z",724131,"ros2",0.7,79172,51315,"/usr/bin/python3 /opt/ros/jazzy/bin/ros2 launch /wt/contributions/compute-benchmark/OsakaTX/scripts/lifelong_launch.py slam_params_file:=/wt/contributions/compute-benchmark/OsakaTX/scripts/lifelong_slam_params.yaml use_sim_time:=False autostart:=true"
2026-09-27T16:35:52Z,123,"G1_20260927T163006Z",724132,"ros2",0.5,83668,55445,"/usr/bin/python3 /opt/ros/jazzy/bin/ros2 launch nav2_bringup bringup_launch.py map:=/wt/contributions/compute-benchmark/OsakaTX/scripts/../results/combo2/combo2_nav2_map.yaml params_file:=/wt/contributions/compute-benchmark/OsakaTX/scripts/nav2_params_bench.yaml use_sim_time:=False autostart:=True slam:=False use_localization:=False"
2026-09-27T16:35:52Z,123,"G1_20260927T163006Z",724151,"lifelong_slam_t",44.1,71332,51123,"/opt/ros/jazzy/lib/slam_toolbox/lifelong_slam_toolbox_node --ros-args -r __node:=slam_toolbox -r __ns:=/ --params-file /wt/contributions/compute-benchmark/OsakaTX/scripts/lifelong_slam_params.yaml --params-file /tmp/launch_params_zyre_0s5"
2026-09-27T16:35:52Z,123,"G1_20260927T163006Z",724184,"component_conta",48.6,168776,149727,"/opt/ros/jazzy/lib/rclcpp_components/component_container_isolated --ros-args --log-level info --ros-args -r __node:=nav2_container --params-file /tmp/launch_params___mpikbo --params-file /tmp/launch_params_femhr4gz -r /tf:=tf -r /tf_static:=tf_static"
2026-09-27T16:35:52Z,123,"G1_20260927T163006Z",724251,"python3",6.6,83096,54103,"python3 /wt/contributions/compute-benchmark/OsakaTX/scripts/nav_goal_seq.py --x 4 --y 4 --yaw 0 --every 22.0 --pause 2.0 --cancel --repeats 0"
2026-09-27T16:35:52Z,123,"G1_20260927T163006Z",724296,"bash",0.5,4480,1343,"bash /wt/contributions/compute-benchmark/xbattlax/scripts/measure_ros_processes.sh --pattern python3|ros2|slam|nav2|component_container|nav_goal_seq --duration 380 --interval 2 --label G1_20260927T163006Z --output /wt/contributions/compute-benchmark/OsakaTX/scripts/../results/combo2/G1_20260927T163006Z.csv"
2026-09-27T16:35:55Z,124,"G1_20260927T163006Z",709168,"python3",0.1,74728,46544,"/usr/bin/python3 -c from ros2cli.daemon.daemonize import main; main() --name ros2-daemon --ros-domain-id 0 --rmw-implementation rmw_fastrtps_cpp"
2026-09-27T16:35:55Z,124,"G1_20260927T163006Z",724115,"python3",5.4,77076,48485,"python3 /wt/contributions/compute-benchmark/OsakaTX/scripts/synthetic_scan_publisher.py --duration 490 --loop-s 40 --hz 5.0 --noise 0.0"
2026-09-27T16:35:55Z,124,"G1_20260927T163006Z",724131,"ros2",0.7,79172,51313,"/usr/bin/python3 /opt/ros/jazzy/bin/ros2 launch /wt/contributions/compute-benchmark/OsakaTX/scripts/lifelong_launch.py slam_params_file:=/wt/contributions/compute-benchmark/OsakaTX/scripts/lifelong_slam_params.yaml use_sim_time:=False autostart:=true"
2026-09-27T16:35:55Z,124,"G1_20260927T163006Z",724132,"ros2",0.5,83668,55444,"/usr/bin/python3 /opt/ros/jazzy/bin/ros2 launch nav2_bringup bringup_launch.py map:=/wt/contributions/compute-benchmark/OsakaTX/scripts/../results/combo2/combo2_nav2_map.yaml params_file:=/wt/contributions/compute-benchmark/OsakaTX/scripts/nav2_params_bench.yaml use_sim_time:=False autostart:=True slam:=False use_localization:=False"
2026-09-27T16:35:55Z,124,"G1_20260927T163006Z",724151,"lifelong_slam_t",44.1,71332,51120,"/opt/ros/jazzy/lib/slam_toolbox/lifelong_slam_toolbox_node --ros-args -r __node:=slam_toolbox -r __ns:=/ --params-file /wt/contributions/compute-benchmark/OsakaTX/scripts/lifelong_slam_params.yaml --params-file /tmp/launch_params_zyre_0s5"
2026-09-27T16:35:55Z,124,"G1_20260927T163006Z",724184,"component_conta",48.7,168776,148541,"/opt/ros/jazzy/lib/rclcpp_components/component_container_isolated --ros-args --log-level info --ros-args -r __node:=nav2_container --params-file /tmp/launch_params___mpikbo --params-file /tmp/launch_params_femhr4gz -r /tf:=tf -r /tf_static:=tf_static"
2026-09-27T16:35:55Z,124,"G1_20260927T163006Z",724251,"python3",6.6,83096,54099,"python3 /wt/contributions/compute-benchmark/OsakaTX/scripts/nav_goal_seq.py --x 4 --y 4 --yaw 0 --every 22.0 --pause 2.0 --cancel --repeats 0"
2026-09-27T16:35:55Z,124,"G1_20260927T163006Z",724296,"bash",0.5,4480,1342,"bash /wt/contributions/compute-benchmark/xbattlax/scripts/measure_ros_processes.sh --pattern python3|ros2|slam|nav2|component_container|nav_goal_seq --duration 380 --interval 2 --label G1_20260927T163006Z --output /wt/contributions/compute-benchmark/OsakaTX/scripts/../results/combo2/G1_20260927T163006Z.csv"
2026-09-27T16:35:57Z,125,"G1_20260927T163006Z",709168,"python3",0.1,74728,46543,"/usr/bin/python3 -c from ros2cli.daemon.daemonize import main; main() --name ros2-daemon --ros-domain-id 0 --rmw-implementation rmw_fastrtps_cpp"
2026-09-27T16:35:57Z,125,"G1_20260927T163006Z",724115,"python3",5.4,77076,48490,"python3 /wt/contributions/compute-benchmark/OsakaTX/scripts/synthetic_scan_publisher.py --duration 490 --loop-s 40 --hz 5.0 --noise 0.0"
2026-09-27T16:35:57Z,125,"G1_20260927T163006Z",724131,"ros2",0.6,79172,51313,"/usr/bin/python3 /opt/ros/jazzy/bin/ros2 launch /wt/contributions/compute-benchmark/OsakaTX/scripts/lifelong_launch.py slam_params_file:=/wt/contributions/compute-benchmark/OsakaTX/scripts/lifelong_slam_params.yaml use_sim_time:=False autostart:=true"
2026-09-27T16:35:57Z,125,"G1_20260927T163006Z",724132,"ros2",0.5,83668,55442,"/usr/bin/python3 /opt/ros/jazzy/bin/ros2 launch nav2_bringup bringup_launch.py map:=/wt/contributions/compute-benchmark/OsakaTX/scripts/../results/combo2/combo2_nav2_map.yaml params_file:=/wt/contributions/compute-benchmark/OsakaTX/scripts/nav2_params_bench.yaml use_sim_time:=False autostart:=True slam:=False use_localization:=False"
2026-09-27T16:35:57Z,125,"G1_20260927T163006Z",724151,"lifelong_slam_t",44.0,71332,51121,"/opt/ros/jazzy/lib/slam_toolbox/lifelong_slam_toolbox_node --ros-args -r __node:=slam_toolbox -r __ns:=/ --params-file /wt/contributions/compute-benchmark/OsakaTX/scripts/lifelong_slam_params.yaml --params-file /tmp/launch_params_zyre_0s5"
2026-09-27T16:35:57Z,125,"G1_20260927T163006Z",724184,"component_conta",48.7,169556,147583,"/opt/ros/jazzy/lib/rclcpp_components/component_container_isolated --ros-args --log-level info --ros-args -r __node:=nav2_container --params-file /tmp/launch_params___mpikbo --params-file /tmp/launch_params_femhr4gz -r /tf:=tf -r /tf_static:=tf_static"
2026-09-27T16:35:57Z,125,"G1_20260927T163006Z",724251,"python3",6.6,83096,54103,"python3 /wt/contributions/compute-benchmark/OsakaTX/scripts/nav_goal_seq.py --x 4 --y 4 --yaw 0 --every 22.0 --pause 2.0 --cancel --repeats 0"
2026-09-27T16:35:57Z,125,"G1_20260927T163006Z",724296,"bash",0.5,4480,1340,"bash /wt/contributions/compute-benchmark/xbattlax/scripts/measure_ros_processes.sh --pattern python3|ros2|slam|nav2|component_container|nav_goal_seq --duration 380 --interval 2 --label G1_20260927T163006Z --output /wt/contributions/compute-benchmark/OsakaTX/scripts/../results/combo2/G1_20260927T163006Z.csv"
2026-09-27T16:36:00Z,126,"G1_20260927T163006Z",709168,"python3",0.1,74728,46546,"/usr/bin/python3 -c from ros2cli.daemon.daemonize import main; main() --name ros2-daemon --ros-domain-id 0 --rmw-implementation rmw_fastrtps_cpp"
2026-09-27T16:36:00Z,126,"G1_20260927T163006Z",724115,"python3",5.4,77076,48490,"python3 /wt/contributions/compute-benchmark/OsakaTX/scripts/synthetic_scan_publisher.py --duration 490 --loop-s 40 --hz 5.0 --noise 0.0"
2026-09-27T16:36:00Z,126,"G1_20260927T163006Z",724131,"ros2",0.6,79172,51312,"/usr/bin/python3 /opt/ros/jazzy/bin/ros2 launch /wt/contributions/compute-benchmark/OsakaTX/scripts/lifelong_launch.py slam_params_file:=/wt/contributions/compute-benchmark/OsakaTX/scripts/lifelong_slam_params.yaml use_sim_time:=False autostart:=true"
2026-09-27T16:36:00Z,126,"G1_20260927T163006Z",724132,"ros2",0.5,83668,55442,"/usr/bin/python3 /opt/ros/jazzy/bin/ros2 launch nav2_bringup bringup_launch.py map:=/wt/contributions/compute-benchmark/OsakaTX/scripts/../results/combo2/combo2_nav2_map.yaml params_file:=/wt/contributions/compute-benchmark/OsakaTX/scripts/nav2_params_bench.yaml use_sim_time:=False autostart:=True slam:=False use_localization:=False"
2026-09-27T16:36:00Z,126,"G1_20260927T163006Z",724151,"lifelong_slam_t",44.0,71332,51119,"/opt/ros/jazzy/lib/slam_toolbox/lifelong_slam_toolbox_node --ros-args -r __node:=slam_toolbox -r __ns:=/ --params-file /wt/contributions/compute-benchmark/OsakaTX/scripts/lifelong_slam_params.yaml --params-file /tmp/launch_params_zyre_0s5"
2026-09-27T16:36:00Z,126,"G1_20260927T163006Z",724184,"component_conta",48.8,169988,147591,"/opt/ros/jazzy/lib/rclcpp_components/component_container_isolated --ros-args --log-level info --ros-args -r __node:=nav2_container --params-file /tmp/launch_params___mpikbo --params-file /tmp/launch_params_femhr4gz -r /tf:=tf -r /tf_static:=tf_static"
2026-09-27T16:36:00Z,126,"G1_20260927T163006Z",724251,"python3",6.6,83096,54103,"python3 /wt/contributions/compute-benchmark/OsakaTX/scripts/nav_goal_seq.py --x 4 --y 4 --yaw 0 --every 22.0 --pause 2.0 --cancel --repeats 0"
2026-09-27T16:36:00Z,126,"G1_20260927T163006Z",724296,"bash",0.5,4480,1342,"bash /wt/contributions/compute-benchmark/xbattlax/scripts/measure_ros_processes.sh --pattern python3|ros2|slam|nav2|component_container|nav_goal_seq --duration 380 --interval 2 --label G1_20260927T163006Z --output /wt/contributions/compute-benchmark/OsakaTX/scripts/../results/combo2/G1_20260927T163006Z.csv"
2026-09-27T16:36:02Z,127,"G1_20260927T163006Z",709168,"python3",0.1,74728,46544,"/usr/bin/python3 -c from ros2cli.daemon.daemonize import main; main() --name ros2-daemon --ros-domain-id 0 --rmw-implementation rmw_fastrtps_cpp"
2026-09-27T16:36:02Z,127,"G1_20260927T163006Z",724115,"python3",5.4,77076,48489,"python3 /wt/contributions/compute-benchmark/OsakaTX/scripts/synthetic_scan_publisher.py --duration 490 --loop-s 40 --hz 5.0 --noise 0.0"
2026-09-27T16:36:02Z,127,"G1_20260927T163006Z",724131,"ros2",0.6,79172,51313,"/usr/bin/python3 /opt/ros/jazzy/bin/ros2 launch /wt/contributions/compute-benchmark/OsakaTX/scripts/lifelong_launch.py slam_params_file:=/wt/contributions/compute-benchmark/OsakaTX/scripts/lifelong_slam_params.yaml use_sim_time:=False autostart:=true"
2026-09-27T16:36:02Z,127,"G1_20260927T163006Z",724132,"ros2",0.5,83668,55442,"/usr/bin/python3 /opt/ros/jazzy/bin/ros2 launch nav2_bringup bringup_launch.py map:=/wt/contributions/compute-benchmark/OsakaTX/scripts/../results/combo2/combo2_nav2_map.yaml params_file:=/wt/contributions/compute-benchmark/OsakaTX/scripts/nav2_params_bench.yaml use_sim_time:=False autostart:=True slam:=False use_localization:=False"
2026-09-27T16:36:02Z,127,"G1_20260927T163006Z",724151,"lifelong_slam_t",43.9,71332,51122,"/opt/ros/jazzy/lib/slam_toolbox/lifelong_slam_toolbox_node --ros-args -r __node:=slam_toolbox -r __ns:=/ --params-file /wt/contributions/compute-benchmark/OsakaTX/scripts/lifelong_slam_params.yaml --params-file /tmp/launch_params_zyre_0s5"
2026-09-27T16:36:02Z,127,"G1_20260927T163006Z",724184,"component_conta",48.8,167824,147582,"/opt/ros/jazzy/lib/rclcpp_components/component_container_isolated --ros-args --log-level info --ros-args -r __node:=nav2_container --params-file /tmp/launch_params___mpikbo --params-file /tmp/launch_params_femhr4gz -r /tf:=tf -r /tf_static:=tf_static"
2026-09-27T16:36:02Z,127,"G1_20260927T163006Z",724251,"python3",6.6,83096,54100,"python3 /wt/contributions/compute-benchmark/OsakaTX/scripts/nav_goal_seq.py --x 4 --y 4 --yaw 0 --every 22.0 --pause 2.0 --cancel --repeats 0"
2026-09-27T16:36:02Z,127,"G1_20260927T163006Z",724296,"bash",0.5,4480,1340,"bash /wt/contributions/compute-benchmark/xbattlax/scripts/measure_ros_processes.sh --pattern python3|ros2|slam|nav2|component_container|nav_goal_seq --duration 380 --interval 2 --label G1_20260927T163006Z --output /wt/contributions/compute-benchmark/OsakaTX/scripts/../results/combo2/G1_20260927T163006Z.csv"
2026-09-27T16:36:05Z,128,"G1_20260927T163006Z",709168,"python3",0.1,74728,46543,"/usr/bin/python3 -c from ros2cli.daemon.daemonize import main; main() --name ros2-daemon --ros-domain-id 0 --rmw-implementation rmw_fastrtps_cpp"
2026-09-27T16:36:05Z,128,"G1_20260927T163006Z",724115,"python3",5.4,77076,48491,"python3 /wt/contributions/compute-benchmark/OsakaTX/scripts/synthetic_scan_publisher.py --duration 490 --loop-s 40 --hz 5.0 --noise 0.0"
2026-09-27T16:36:05Z,128,"G1_20260927T163006Z",724131,"ros2",0.6,79172,51314,"/usr/bin/python3 /opt/ros/jazzy/bin/ros2 launch /wt/contributions/compute-benchmark/OsakaTX/scripts/lifelong_launch.py slam_params_file:=/wt/contributions/compute-benchmark/OsakaTX/scripts/lifelong_slam_params.yaml use_sim_time:=False autostart:=true"
2026-09-27T16:36:05Z,128,"G1_20260927T163006Z",724132,"ros2",0.5,83668,55445,"/usr/bin/python3 /opt/ros/jazzy/bin/ros2 launch nav2_bringup bringup_launch.py map:=/wt/contributions/compute-benchmark/OsakaTX/scripts/../results/combo2/combo2_nav2_map.yaml params_file:=/wt/contributions/compute-benchmark/OsakaTX/scripts/nav2_params_bench.yaml use_sim_time:=False autostart:=True slam:=False use_localization:=False"
2026-09-27T16:36:05Z,128,"G1_20260927T163006Z",724151,"lifelong_slam_t",43.9,71332,51122,"/opt/ros/jazzy/lib/slam_toolbox/lifelong_slam_toolbox_node --ros-args -r __node:=slam_toolbox -r __ns:=/ --params-file /wt/contributions/compute-benchmark/OsakaTX/scripts/lifelong_slam_params.yaml --params-file /tmp/launch_params_zyre_0s5"
2026-09-27T16:36:05Z,128,"G1_20260927T163006Z",724184,"component_conta",48.9,167816,147583,"/opt/ros/jazzy/lib/rclcpp_components/component_container_isolated --ros-args --log-level info --ros-args -r __node:=nav2_container --params-file /tmp/launch_params___mpikbo --params-file /tmp/launch_params_femhr4gz -r /tf:=tf -r /tf_static:=tf_static"
2026-09-27T16:36:05Z,128,"G1_20260927T163006Z",724251,"python3",6.6,83096,54100,"python3 /wt/contributions/compute-benchmark/OsakaTX/scripts/nav_goal_seq.py --x 4 --y 4 --yaw 0 --every 22.0 --pause 2.0 --cancel --repeats 0"
2026-09-27T16:36:05Z,128,"G1_20260927T163006Z",724296,"bash",0.5,4480,1341,"bash /wt/contributions/compute-benchmark/xbattlax/scripts/measure_ros_processes.sh --pattern python3|ros2|slam|nav2|component_container|nav_goal_seq --duration 380 --interval 2 --label G1_20260927T163006Z --output /wt/contributions/compute-benchmark/OsakaTX/scripts/../results/combo2/G1_20260927T163006Z.csv"
2026-09-27T16:36:07Z,129,"G1_20260927T163006Z",709168,"python3",0.1,74728,46542,"/usr/bin/python3 -c from ros2cli.daemon.daemonize import main; main() --name ros2-daemon --ros-domain-id 0 --rmw-implementation rmw_fastrtps_cpp"
2026-09-27T16:36:07Z,129,"G1_20260927T163006Z",724115,"python3",5.4,77076,48482,"python3 /wt/contributions/compute-benchmark/OsakaTX/scripts/synthetic_scan_publisher.py --duration 490 --loop-s 40 --hz 5.0 --noise 0.0"
2026-09-27T16:36:07Z,129,"G1_20260927T163006Z",724131,"ros2",0.6,79172,51312,"/usr/bin/python3 /opt/ros/jazzy/bin/ros2 launch /wt/contributions/compute-benchmark/OsakaTX/scripts/lifelong_launch.py slam_params_file:=/wt/contributions/compute-benchmark/OsakaTX/scripts/lifelong_slam_params.yaml use_sim_time:=False autostart:=true"
2026-09-27T16:36:07Z,129,"G1_20260927T163006Z",724132,"ros2",0.5,83668,55443,"/usr/bin/python3 /opt/ros/jazzy/bin/ros2 launch nav2_bringup bringup_launch.py map:=/wt/contributions/compute-benchmark/OsakaTX/scripts/../results/combo2/combo2_nav2_map.yaml params_file:=/wt/contributions/compute-benchmark/OsakaTX/scripts/nav2_params_bench.yaml use_sim_time:=False autostart:=True slam:=False use_localization:=False"
2026-09-27T16:36:07Z,129,"G1_20260927T163006Z",724151,"lifelong_slam_t",43.9,71332,51123,"/opt/ros/jazzy/lib/slam_toolbox/lifelong_slam_toolbox_node --ros-args -r __node:=slam_toolbox -r __ns:=/ --params-file /wt/contributions/compute-benchmark/OsakaTX/scripts/lifelong_slam_params.yaml --params-file /tmp/launch_params_zyre_0s5"
2026-09-27T16:36:07Z,129,"G1_20260927T163006Z",724184,"component_conta",48.9,171864,151631,"/opt/ros/jazzy/lib/rclcpp_components/component_container_isolated --ros-args --log-level info --ros-args -r __node:=nav2_container --params-file /tmp/launch_params___mpikbo --params-file /tmp/launch_params_femhr4gz -r /tf:=tf -r /tf_static:=tf_static"
2026-09-27T16:36:07Z,129,"G1_20260927T163006Z",724251,"python3",6.6,83096,54103,"python3 /wt/contributions/compute-benchmark/OsakaTX/scripts/nav_goal_seq.py --x 4 --y 4 --yaw 0 --every 22.0 --pause 2.0 --cancel --repeats 0"
2026-09-27T16:36:07Z,129,"G1_20260927T163006Z",724296,"bash",0.5,4480,1341,"bash /wt/contributions/compute-benchmark/xbattlax/scripts/measure_ros_processes.sh --pattern python3|ros2|slam|nav2|component_container|nav_goal_seq --duration 380 --interval 2 --label G1_20260927T163006Z --output /wt/contributions/compute-benchmark/OsakaTX/scripts/../results/combo2/G1_20260927T163006Z.csv"
2026-09-27T16:36:10Z,130,"G1_20260927T163006Z",709168,"python3",0.1,74728,46544,"/usr/bin/python3 -c from ros2cli.daemon.daemonize import main; main() --name ros2-daemon --ros-domain-id 0 --rmw-implementation rmw_fastrtps_cpp"
2026-09-27T16:36:10Z,130,"G1_20260927T163006Z",724115,"python3",5.4,77076,48489,"python3 /wt/contributions/compute-benchmark/OsakaTX/scripts/synthetic_scan_publisher.py --duration 490 --loop-s 40 --hz 5.0 --noise 0.0"
2026-09-27T16:36:10Z,130,"G1_20260927T163006Z",724131,"ros2",0.6,79172,51314,"/usr/bin/python3 /opt/ros/jazzy/bin/ros2 launch /wt/contributions/compute-benchmark/OsakaTX/scripts/lifelong_launch.py slam_params_file:=/wt/contributions/compute-benchmark/OsakaTX/scripts/lifelong_slam_params.yaml use_sim_time:=False autostart:=true"
2026-09-27T16:36:10Z,130,"G1_20260927T163006Z",724132,"ros2",0.5,83668,55444,"/usr/bin/python3 /opt/ros/jazzy/bin/ros2 launch nav2_bringup bringup_launch.py map:=/wt/contributions/compute-benchmark/OsakaTX/scripts/../results/combo2/combo2_nav2_map.yaml params_file:=/wt/contributions/compute-benchmark/OsakaTX/scripts/nav2_params_bench.yaml use_sim_time:=False autostart:=True slam:=False use_localization:=False"
2026-09-27T16:36:10Z,130,"G1_20260927T163006Z",724151,"lifelong_slam_t",43.8,71332,51120,"/opt/ros/jazzy/lib/slam_toolbox/lifelong_slam_toolbox_node --ros-args -r __node:=slam_toolbox -r __ns:=/ --params-file /wt/contributions/compute-benchmark/OsakaTX/scripts/lifelong_slam_params.yaml --params-file /tmp/launch_params_zyre_0s5"
2026-09-27T16:36:10Z,130,"G1_20260927T163006Z",724184,"component_conta",48.8,171280,151046,"/opt/ros/jazzy/lib/rclcpp_components/component_container_isolated --ros-args --log-level info --ros-args -r __node:=nav2_container --params-file /tmp/launch_params___mpikbo --params-file /tmp/launch_params_femhr4gz -r /tf:=tf -r /tf_static:=tf_static"
2026-09-27T16:36:10Z,130,"G1_20260927T163006Z",724251,"python3",6.6,83100,54107,"python3 /wt/contributions/compute-benchmark/OsakaTX/scripts/nav_goal_seq.py --x 4 --y 4 --yaw 0 --every 22.0 --pause 2.0 --cancel --repeats 0"
2026-09-27T16:36:10Z,130,"G1_20260927T163006Z",724296,"bash",0.5,4480,1339,"bash /wt/contributions/compute-benchmark/xbattlax/scripts/measure_ros_processes.sh --pattern python3|ros2|slam|nav2|component_container|nav_goal_seq --duration 380 --interval 2 --label G1_20260927T163006Z --output /wt/contributions/compute-benchmark/OsakaTX/scripts/../results/combo2/G1_20260927T163006Z.csv"
2026-09-27T16:36:12Z,131,"G1_20260927T163006Z",709168,"python3",0.1,74728,46544,"/usr/bin/python3 -c from ros2cli.daemon.daemonize import main; main() --name ros2-daemon --ros-domain-id 0 --rmw-implementation rmw_fastrtps_cpp"
2026-09-27T16:36:12Z,131,"G1_20260927T163006Z",724115,"python3",5.4,77076,48487,"python3 /wt/contributions/compute-benchmark/OsakaTX/scripts/synthetic_scan_publisher.py --duration 490 --loop-s 40 --hz 5.0 --noise 0.0"
2026-09-27T16:36:12Z,131,"G1_20260927T163006Z",724131,"ros2",0.6,79172,51314,"/usr/bin/python3 /opt/ros/jazzy/bin/ros2 launch /wt/contributions/compute-benchmark/OsakaTX/scripts/lifelong_launch.py slam_params_file:=/wt/contributions/compute-benchmark/OsakaTX/scripts/lifelong_slam_params.yaml use_sim_time:=False autostart:=true"
2026-09-27T16:36:12Z,131,"G1_20260927T163006Z",724132,"ros2",0.5,83668,55444,"/usr/bin/python3 /opt/ros/jazzy/bin/ros2 launch nav2_bringup bringup_launch.py map:=/wt/contributions/compute-benchmark/OsakaTX/scripts/../results/combo2/combo2_nav2_map.yaml params_file:=/wt/contributions/compute-benchmark/OsakaTX/scripts/nav2_params_bench.yaml use_sim_time:=False autostart:=True slam:=False use_localization:=False"
2026-09-27T16:36:12Z,131,"G1_20260927T163006Z",724151,"lifelong_slam_t",43.8,71332,51121,"/opt/ros/jazzy/lib/slam_toolbox/lifelong_slam_toolbox_node --ros-args -r __node:=slam_toolbox -r __ns:=/ --params-file /wt/contributions/compute-benchmark/OsakaTX/scripts/lifelong_slam_params.yaml --params-file /tmp/launch_params_zyre_0s5"
2026-09-27T16:36:12Z,131,"G1_20260927T163006Z",724184,"component_conta",48.8,170428,150194,"/opt/ros/jazzy/lib/rclcpp_components/component_container_isolated --ros-args --log-level info --ros-args -r __node:=nav2_container --params-file /tmp/launch_params___mpikbo --params-file /tmp/launch_params_femhr4gz -r /tf:=tf -r /tf_static:=tf_static"
2026-09-27T16:36:12Z,131,"G1_20260927T163006Z",724251,"python3",6.6,83100,54107,"python3 /wt/contributions/compute-benchmark/OsakaTX/scripts/nav_goal_seq.py --x 4 --y 4 --yaw 0 --every 22.0 --pause 2.0 --cancel --repeats 0"
2026-09-27T16:36:12Z,131,"G1_20260927T163006Z",724296,"bash",0.5,4480,1340,"bash /wt/contributions/compute-benchmark/xbattlax/scripts/measure_ros_processes.sh --pattern python3|ros2|slam|nav2|component_container|nav_goal_seq --duration 380 --interval 2 --label G1_20260927T163006Z --output /wt/contributions/compute-benchmark/OsakaTX/scripts/../results/combo2/G1_20260927T163006Z.csv"
2026-09-27T16:36:14Z,132,"G1_20260927T163006Z",709168,"python3",0.1,74728,46545,"/usr/bin/python3 -c from ros2cli.daemon.daemonize import main; main() --name ros2-daemon --ros-domain-id 0 --rmw-implementation rmw_fastrtps_cpp"
2026-09-27T16:36:14Z,132,"G1_20260927T163006Z",724115,"python3",5.4,77076,48487,"python3 /wt/contributions/compute-benchmark/OsakaTX/scripts/synthetic_scan_publisher.py --duration 490 --loop-s 40 --hz 5.0 --noise 0.0"
2026-09-27T16:36:14Z,132,"G1_20260927T163006Z",724131,"ros2",0.6,79172,51312,"/usr/bin/python3 /opt/ros/jazzy/bin/ros2 launch /wt/contributions/compute-benchmark/OsakaTX/scripts/lifelong_launch.py slam_params_file:=/wt/contributions/compute-benchmark/OsakaTX/scripts/lifelong_slam_params.yaml use_sim_time:=False autostart:=true"
2026-09-27T16:36:14Z,132,"G1_20260927T163006Z",724132,"ros2",0.5,83668,55445,"/usr/bin/python3 /opt/ros/jazzy/bin/ros2 launch nav2_bringup bringup_launch.py map:=/wt/contributions/compute-benchmark/OsakaTX/scripts/../results/combo2/combo2_nav2_map.yaml params_file:=/wt/contributions/compute-benchmark/OsakaTX/scripts/nav2_params_bench.yaml use_sim_time:=False autostart:=True slam:=False use_localization:=False"
2026-09-27T16:36:14Z,132,"G1_20260927T163006Z",724151,"lifelong_slam_t",43.7,71332,51123,"/opt/ros/jazzy/lib/slam_toolbox/lifelong_slam_toolbox_node --ros-args -r __node:=slam_toolbox -r __ns:=/ --params-file /wt/contributions/compute-benchmark/OsakaTX/scripts/lifelong_slam_params.yaml --params-file /tmp/launch_params_zyre_0s5"
2026-09-27T16:36:14Z,132,"G1_20260927T163006Z",724184,"component_conta",48.9,170428,150195,"/opt/ros/jazzy/lib/rclcpp_components/component_container_isolated --ros-args --log-level info --ros-args -r __node:=nav2_container --params-file /tmp/launch_params___mpikbo --params-file /tmp/launch_params_femhr4gz -r /tf:=tf -r /tf_static:=tf_static"
2026-09-27T16:36:14Z,132,"G1_20260927T163006Z",724251,"python3",6.6,83100,54107,"python3 /wt/contributions/compute-benchmark/OsakaTX/scripts/nav_goal_seq.py --x 4 --y 4 --yaw 0 --every 22.0 --pause 2.0 --cancel --repeats 0"
2026-09-27T16:36:14Z,132,"G1_20260927T163006Z",724296,"bash",0.5,4480,1341,"bash /wt/contributions/compute-benchmark/xbattlax/scripts/measure_ros_processes.sh --pattern python3|ros2|slam|nav2|component_container|nav_goal_seq --duration 380 --interval 2 --label G1_20260927T163006Z --output /wt/contributions/compute-benchmark/OsakaTX/scripts/../results/combo2/G1_20260927T163006Z.csv"
2026-09-27T16:36:17Z,133,"G1_20260927T163006Z",709168,"python3",0.1,74728,46546,"/usr/bin/python3 -c from ros2cli.daemon.daemonize import main; main() --name ros2-daemon --ros-domain-id 0 --rmw-implementation rmw_fastrtps_cpp"
2026-09-27T16:36:17Z,133,"G1_20260927T163006Z",724115,"python3",5.4,77076,48490,"python3 /wt/contributions/compute-benchmark/OsakaTX/scripts/synthetic_scan_publisher.py --duration 490 --loop-s 40 --hz 5.0 --noise 0.0"
2026-09-27T16:36:17Z,133,"G1_20260927T163006Z",724131,"ros2",0.6,79172,51314,"/usr/bin/python3 /opt/ros/jazzy/bin/ros2 launch /wt/contributions/compute-benchmark/OsakaTX/scripts/lifelong_launch.py slam_params_file:=/wt/contributions/compute-benchmark/OsakaTX/scripts/lifelong_slam_params.yaml use_sim_time:=False autostart:=true"
2026-09-27T16:36:17Z,133,"G1_20260927T163006Z",724132,"ros2",0.5,83668,55444,"/usr/bin/python3 /opt/ros/jazzy/bin/ros2 launch nav2_bringup bringup_launch.py map:=/wt/contributions/compute-benchmark/OsakaTX/scripts/../results/combo2/combo2_nav2_map.yaml params_file:=/wt/contributions/compute-benchmark/OsakaTX/scripts/nav2_params_bench.yaml use_sim_time:=False autostart:=True slam:=False use_localization:=False"
2026-09-27T16:36:17Z,133,"G1_20260927T163006Z",724151,"lifelong_slam_t",43.7,71332,51120,"/opt/ros/jazzy/lib/slam_toolbox/lifelong_slam_toolbox_node --ros-args -r __node:=slam_toolbox -r __ns:=/ --params-file /wt/contributions/compute-benchmark/OsakaTX/scripts/lifelong_slam_params.yaml --params-file /tmp/launch_params_zyre_0s5"
2026-09-27T16:36:17Z,133,"G1_20260927T163006Z",724184,"component_conta",48.9,170464,150231,"/opt/ros/jazzy/lib/rclcpp_components/component_container_isolated --ros-args --log-level info --ros-args -r __node:=nav2_container --params-file /tmp/launch_params___mpikbo --params-file /tmp/launch_params_femhr4gz -r /tf:=tf -r /tf_static:=tf_static"
2026-09-27T16:36:17Z,133,"G1_20260927T163006Z",724251,"python3",6.6,83100,54102,"python3 /wt/contributions/compute-benchmark/OsakaTX/scripts/nav_goal_seq.py --x 4 --y 4 --yaw 0 --every 22.0 --pause 2.0 --cancel --repeats 0"
2026-09-27T16:36:17Z,133,"G1_20260927T163006Z",724296,"bash",0.5,4480,1342,"bash /wt/contributions/compute-benchmark/xbattlax/scripts/measure_ros_processes.sh --pattern python3|ros2|slam|nav2|component_container|nav_goal_seq --duration 380 --interval 2 --label G1_20260927T163006Z --output /wt/contributions/compute-benchmark/OsakaTX/scripts/../results/combo2/G1_20260927T163006Z.csv"
2026-09-27T16:36:19Z,134,"G1_20260927T163006Z",709168,"python3",0.1,74728,46545,"/usr/bin/python3 -c from ros2cli.daemon.daemonize import main; main() --name ros2-daemon --ros-domain-id 0 --rmw-implementation rmw_fastrtps_cpp"
2026-09-27T16:36:19Z,134,"G1_20260927T163006Z",724115,"python3",5.4,77076,48483,"python3 /wt/contributions/compute-benchmark/OsakaTX/scripts/synthetic_scan_publisher.py --duration 490 --loop-s 40 --hz 5.0 --noise 0.0"
2026-09-27T16:36:19Z,134,"G1_20260927T163006Z",724131,"ros2",0.6,79172,51312,"/usr/bin/python3 /opt/ros/jazzy/bin/ros2 launch /wt/contributions/compute-benchmark/OsakaTX/scripts/lifelong_launch.py slam_params_file:=/wt/contributions/compute-benchmark/OsakaTX/scripts/lifelong_slam_params.yaml use_sim_time:=False autostart:=true"
2026-09-27T16:36:19Z,134,"G1_20260927T163006Z",724132,"ros2",0.5,83668,55445,"/usr/bin/python3 /opt/ros/jazzy/bin/ros2 launch nav2_bringup bringup_launch.py map:=/wt/contributions/compute-benchmark/OsakaTX/scripts/../results/combo2/combo2_nav2_map.yaml params_file:=/wt/contributions/compute-benchmark/OsakaTX/scripts/nav2_params_bench.yaml use_sim_time:=False autostart:=True slam:=False use_localization:=False"
2026-09-27T16:36:19Z,134,"G1_20260927T163006Z",724151,"lifelong_slam_t",43.6,71332,51120,"/opt/ros/jazzy/lib/slam_toolbox/lifelong_slam_toolbox_node --ros-args -r __node:=slam_toolbox -r __ns:=/ --params-file /wt/contributions/compute-benchmark/OsakaTX/scripts/lifelong_slam_params.yaml --params-file /tmp/launch_params_zyre_0s5"
2026-09-27T16:36:19Z,134,"G1_20260927T163006Z",724184,"component_conta",48.9,170504,150270,"/opt/ros/jazzy/lib/rclcpp_components/component_container_isolated --ros-args --log-level info --ros-args -r __node:=nav2_container --params-file /tmp/launch_params___mpikbo --params-file /tmp/launch_params_femhr4gz -r /tf:=tf -r /tf_static:=tf_static"
2026-09-27T16:36:19Z,134,"G1_20260927T163006Z",724251,"python3",6.6,83100,54107,"python3 /wt/contributions/compute-benchmark/OsakaTX/scripts/nav_goal_seq.py --x 4 --y 4 --yaw 0 --every 22.0 --pause 2.0 --cancel --repeats 0"
2026-09-27T16:36:19Z,134,"G1_20260927T163006Z",724296,"bash",0.5,4480,1341,"bash /wt/contributions/compute-benchmark/xbattlax/scripts/measure_ros_processes.sh --pattern python3|ros2|slam|nav2|component_container|nav_goal_seq --duration 380 --interval 2 --label G1_20260927T163006Z --output /wt/contributions/compute-benchmark/OsakaTX/scripts/../results/combo2/G1_20260927T163006Z.csv"
2026-09-27T16:36:22Z,135,"G1_20260927T163006Z",709168,"python3",0.1,74728,46544,"/usr/bin/python3 -c from ros2cli.daemon.daemonize import main; main() --name ros2-daemon --ros-domain-id 0 --rmw-implementation rmw_fastrtps_cpp"
2026-09-27T16:36:22Z,135,"G1_20260927T163006Z",724115,"python3",5.4,77076,48489,"python3 /wt/contributions/compute-benchmark/OsakaTX/scripts/synthetic_scan_publisher.py --duration 490 --loop-s 40 --hz 5.0 --noise 0.0"
2026-09-27T16:36:22Z,135,"G1_20260927T163006Z",724131,"ros2",0.6,79172,51313,"/usr/bin/python3 /opt/ros/jazzy/bin/ros2 launch /wt/contributions/compute-benchmark/OsakaTX/scripts/lifelong_launch.py slam_params_file:=/wt/contributions/compute-benchmark/OsakaTX/scripts/lifelong_slam_params.yaml use_sim_time:=False autostart:=true"
2026-09-27T16:36:22Z,135,"G1_20260927T163006Z",724132,"ros2",0.5,83668,55443,"/usr/bin/python3 /opt/ros/jazzy/bin/ros2 launch nav2_bringup bringup_launch.py map:=/wt/contributions/compute-benchmark/OsakaTX/scripts/../results/combo2/combo2_nav2_map.yaml params_file:=/wt/contributions/compute-benchmark/OsakaTX/scripts/nav2_params_bench.yaml use_sim_time:=False autostart:=True slam:=False use_localization:=False"
2026-09-27T16:36:22Z,135,"G1_20260927T163006Z",724151,"lifelong_slam_t",43.6,71332,51121,"/opt/ros/jazzy/lib/slam_toolbox/lifelong_slam_toolbox_node --ros-args -r __node:=slam_toolbox -r __ns:=/ --params-file /wt/contributions/compute-benchmark/OsakaTX/scripts/lifelong_slam_params.yaml --params-file /tmp/launch_params_zyre_0s5"
2026-09-27T16:36:22Z,135,"G1_20260927T163006Z",724184,"component_conta",48.9,170524,150291,"/opt/ros/jazzy/lib/rclcpp_components/component_container_isolated --ros-args --log-level info --ros-args -r __node:=nav2_container --params-file /tmp/launch_params___mpikbo --params-file /tmp/launch_params_femhr4gz -r /tf:=tf -r /tf_static:=tf_static"
2026-09-27T16:36:22Z,135,"G1_20260927T163006Z",724251,"python3",6.6,83100,54107,"python3 /wt/contributions/compute-benchmark/OsakaTX/scripts/nav_goal_seq.py --x 4 --y 4 --yaw 0 --every 22.0 --pause 2.0 --cancel --repeats 0"
2026-09-27T16:36:22Z,135,"G1_20260927T163006Z",724296,"bash",0.5,4480,1343,"bash /wt/contributions/compute-benchmark/xbattlax/scripts/measure_ros_processes.sh --pattern python3|ros2|slam|nav2|component_container|nav_goal_seq --duration 380 --interval 2 --label G1_20260927T163006Z --output /wt/contributions/compute-benchmark/OsakaTX/scripts/../results/combo2/G1_20260927T163006Z.csv"
2026-09-27T16:36:24Z,136,"G1_20260927T163006Z",709168,"python3",0.1,74728,46544,"/usr/bin/python3 -c from ros2cli.daemon.daemonize import main; main() --name ros2-daemon --ros-domain-id 0 --rmw-implementation rmw_fastrtps_cpp"
2026-09-27T16:36:24Z,136,"G1_20260927T163006Z",724115,"python3",5.4,77076,48490,"python3 /wt/contributions/compute-benchmark/OsakaTX/scripts/synthetic_scan_publisher.py --duration 490 --loop-s 40 --hz 5.0 --noise 0.0"
2026-09-27T16:36:24Z,136,"G1_20260927T163006Z",724131,"ros2",0.6,79172,51313,"/usr/bin/python3 /opt/ros/jazzy/bin/ros2 launch /wt/contributions/compute-benchmark/OsakaTX/scripts/lifelong_launch.py slam_params_file:=/wt/contributions/compute-benchmark/OsakaTX/scripts/lifelong_slam_params.yaml use_sim_time:=False autostart:=true"
2026-09-27T16:36:24Z,136,"G1_20260927T163006Z",724132,"ros2",0.5,83668,55443,"/usr/bin/python3 /opt/ros/jazzy/bin/ros2 launch nav2_bringup bringup_launch.py map:=/wt/contributions/compute-benchmark/OsakaTX/scripts/../results/combo2/combo2_nav2_map.yaml params_file:=/wt/contributions/compute-benchmark/OsakaTX/scripts/nav2_params_bench.yaml use_sim_time:=False autostart:=True slam:=False use_localization:=False"
2026-09-27T16:36:24Z,136,"G1_20260927T163006Z",724151,"lifelong_slam_t",43.5,71332,51123,"/opt/ros/jazzy/lib/slam_toolbox/lifelong_slam_toolbox_node --ros-args -r __node:=slam_toolbox -r __ns:=/ --params-file /wt/contributions/compute-benchmark/OsakaTX/scripts/lifelong_slam_params.yaml --params-file /tmp/launch_params_zyre_0s5"
2026-09-27T16:36:24Z,136,"G1_20260927T163006Z",724184,"component_conta",48.9,170576,150342,"/opt/ros/jazzy/lib/rclcpp_components/component_container_isolated --ros-args --log-level info --ros-args -r __node:=nav2_container --params-file /tmp/launch_params___mpikbo --params-file /tmp/launch_params_femhr4gz -r /tf:=tf -r /tf_static:=tf_static"
2026-09-27T16:36:24Z,136,"G1_20260927T163006Z",724251,"python3",6.6,83100,54107,"python3 /wt/contributions/compute-benchmark/OsakaTX/scripts/nav_goal_seq.py --x 4 --y 4 --yaw 0 --every 22.0 --pause 2.0 --cancel --repeats 0"
2026-09-27T16:36:24Z,136,"G1_20260927T163006Z",724296,"bash",0.5,4480,1345,"bash /wt/contributions/compute-benchmark/xbattlax/scripts/measure_ros_processes.sh --pattern python3|ros2|slam|nav2|component_container|nav_goal_seq --duration 380 --interval 2 --label G1_20260927T163006Z --output /wt/contributions/compute-benchmark/OsakaTX/scripts/../results/combo2/G1_20260927T163006Z.csv"
2026-09-27T16:36:27Z,137,"G1_20260927T163006Z",709168,"python3",0.1,74728,46546,"/usr/bin/python3 -c from ros2cli.daemon.daemonize import main; main() --name ros2-daemon --ros-domain-id 0 --rmw-implementation rmw_fastrtps_cpp"
2026-09-27T16:36:27Z,137,"G1_20260927T163006Z",724115,"python3",5.4,77076,48485,"python3 /wt/contributions/compute-benchmark/OsakaTX/scripts/synthetic_scan_publisher.py --duration 490 --loop-s 40 --hz 5.0 --noise 0.0"
2026-09-27T16:36:27Z,137,"G1_20260927T163006Z",724131,"ros2",0.6,79172,51313,"/usr/bin/python3 /opt/ros/jazzy/bin/ros2 launch /wt/contributions/compute-benchmark/OsakaTX/scripts/lifelong_launch.py slam_params_file:=/wt/contributions/compute-benchmark/OsakaTX/scripts/lifelong_slam_params.yaml use_sim_time:=False autostart:=true"
2026-09-27T16:36:27Z,137,"G1_20260927T163006Z",724132,"ros2",0.4,83668,55442,"/usr/bin/python3 /opt/ros/jazzy/bin/ros2 launch nav2_bringup bringup_launch.py map:=/wt/contributions/compute-benchmark/OsakaTX/scripts/../results/combo2/combo2_nav2_map.yaml params_file:=/wt/contributions/compute-benchmark/OsakaTX/scripts/nav2_params_bench.yaml use_sim_time:=False autostart:=True slam:=False use_localization:=False"
2026-09-27T16:36:27Z,137,"G1_20260927T163006Z",724151,"lifelong_slam_t",43.5,71332,51123,"/opt/ros/jazzy/lib/slam_toolbox/lifelong_slam_toolbox_node --ros-args -r __node:=slam_toolbox -r __ns:=/ --params-file /wt/contributions/compute-benchmark/OsakaTX/scripts/lifelong_slam_params.yaml --params-file /tmp/launch_params_zyre_0s5"
2026-09-27T16:36:27Z,137,"G1_20260927T163006Z",724184,"component_conta",48.9,170576,150342,"/opt/ros/jazzy/lib/rclcpp_components/component_container_isolated --ros-args --log-level info --ros-args -r __node:=nav2_container --params-file /tmp/launch_params___mpikbo --params-file /tmp/launch_params_femhr4gz -r /tf:=tf -r /tf_static:=tf_static"
2026-09-27T16:36:27Z,137,"G1_20260927T163006Z",724251,"python3",6.6,83100,54107,"python3 /wt/contributions/compute-benchmark/OsakaTX/scripts/nav_goal_seq.py --x 4 --y 4 --yaw 0 --every 22.0 --pause 2.0 --cancel --repeats 0"
2026-09-27T16:36:27Z,137,"G1_20260927T163006Z",724296,"bash",0.5,4480,1341,"bash /wt/contributions/compute-benchmark/xbattlax/scripts/measure_ros_processes.sh --pattern python3|ros2|slam|nav2|component_container|nav_goal_seq --duration 380 --interval 2 --label G1_20260927T163006Z --output /wt/contributions/compute-benchmark/OsakaTX/scripts/../results/combo2/G1_20260927T163006Z.csv"
2026-09-27T16:36:29Z,138,"G1_20260927T163006Z",709168,"python3",0.1,74728,46544,"/usr/bin/python3 -c from ros2cli.daemon.daemonize import main; main() --name ros2-daemon --ros-domain-id 0 --rmw-implementation rmw_fastrtps_cpp"
2026-09-27T16:36:29Z,138,"G1_20260927T163006Z",724115,"python3",5.4,77076,48490,"python3 /wt/contributions/compute-benchmark/OsakaTX/scripts/synthetic_scan_publisher.py --duration 490 --loop-s 40 --hz 5.0 --noise 0.0"
2026-09-27T16:36:29Z,138,"G1_20260927T163006Z",724131,"ros2",0.6,79172,51313,"/usr/bin/python3 /opt/ros/jazzy/bin/ros2 launch /wt/contributions/compute-benchmark/OsakaTX/scripts/lifelong_launch.py slam_params_file:=/wt/contributions/compute-benchmark/OsakaTX/scripts/lifelong_slam_params.yaml use_sim_time:=False autostart:=true"
2026-09-27T16:36:29Z,138,"G1_20260927T163006Z",724132,"ros2",0.4,83668,55443,"/usr/bin/python3 /opt/ros/jazzy/bin/ros2 launch nav2_bringup bringup_launch.py map:=/wt/contributions/compute-benchmark/OsakaTX/scripts/../results/combo2/combo2_nav2_map.yaml params_file:=/wt/contributions/compute-benchmark/OsakaTX/scripts/nav2_params_bench.yaml use_sim_time:=False autostart:=True slam:=False use_localization:=False"
2026-09-27T16:36:29Z,138,"G1_20260927T163006Z",724151,"lifelong_slam_t",43.5,71332,51120,"/opt/ros/jazzy/lib/slam_toolbox/lifelong_slam_toolbox_node --ros-args -r __node:=slam_toolbox -r __ns:=/ --params-file /wt/contributions/compute-benchmark/OsakaTX/scripts/lifelong_slam_params.yaml --params-file /tmp/launch_params_zyre_0s5"
2026-09-27T16:36:29Z,138,"G1_20260927T163006Z",724184,"component_conta",48.9,170632,150399,"/opt/ros/jazzy/lib/rclcpp_components/component_container_isolated --ros-args --log-level info --ros-args -r __node:=nav2_container --params-file /tmp/launch_params___mpikbo --params-file /tmp/launch_params_femhr4gz -r /tf:=tf -r /tf_static:=tf_static"
2026-09-27T16:36:29Z,138,"G1_20260927T163006Z",724251,"python3",6.6,83100,54107,"python3 /wt/contributions/compute-benchmark/OsakaTX/scripts/nav_goal_seq.py --x 4 --y 4 --yaw 0 --every 22.0 --pause 2.0 --cancel --repeats 0"
2026-09-27T16:36:29Z,138,"G1_20260927T163006Z",724296,"bash",0.5,4480,1339,"bash /wt/contributions/compute-benchmark/xbattlax/scripts/measure_ros_processes.sh --pattern python3|ros2|slam|nav2|component_container|nav_goal_seq --duration 380 --interval 2 --label G1_20260927T163006Z --output /wt/contributions/compute-benchmark/OsakaTX/scripts/../results/combo2/G1_20260927T163006Z.csv"
2026-09-27T16:36:32Z,139,"G1_20260927T163006Z",709168,"python3",0.1,74728,46546,"/usr/bin/python3 -c from ros2cli.daemon.daemonize import main; main() --name ros2-daemon --ros-domain-id 0 --rmw-implementation rmw_fastrtps_cpp"
2026-09-27T16:36:32Z,139,"G1_20260927T163006Z",724115,"python3",5.4,77076,48482,"python3 /wt/contributions/compute-benchmark/OsakaTX/scripts/synthetic_scan_publisher.py --duration 490 --loop-s 40 --hz 5.0 --noise 0.0"
2026-09-27T16:36:32Z,139,"G1_20260927T163006Z",724131,"ros2",0.6,79172,51312,"/usr/bin/python3 /opt/ros/jazzy/bin/ros2 launch /wt/contributions/compute-benchmark/OsakaTX/scripts/lifelong_launch.py slam_params_file:=/wt/contributions/compute-benchmark/OsakaTX/scripts/lifelong_slam_params.yaml use_sim_time:=False autostart:=true"
2026-09-27T16:36:32Z,139,"G1_20260927T163006Z",724132,"ros2",0.4,83668,55440,"/usr/bin/python3 /opt/ros/jazzy/bin/ros2 launch nav2_bringup bringup_launch.py map:=/wt/contributions/compute-benchmark/OsakaTX/scripts/../results/combo2/combo2_nav2_map.yaml params_file:=/wt/contributions/compute-benchmark/OsakaTX/scripts/nav2_params_bench.yaml use_sim_time:=False autostart:=True slam:=False use_localization:=False"
2026-09-27T16:36:32Z,139,"G1_20260927T163006Z",724151,"lifelong_slam_t",43.4,71332,51120,"/opt/ros/jazzy/lib/slam_toolbox/lifelong_slam_toolbox_node --ros-args -r __node:=slam_toolbox -r __ns:=/ --params-file /wt/contributions/compute-benchmark/OsakaTX/scripts/lifelong_slam_params.yaml --params-file /tmp/launch_params_zyre_0s5"
2026-09-27T16:36:32Z,139,"G1_20260927T163006Z",724184,"component_conta",48.9,170652,150418,"/opt/ros/jazzy/lib/rclcpp_components/component_container_isolated --ros-args --log-level info --ros-args -r __node:=nav2_container --params-file /tmp/launch_params___mpikbo --params-file /tmp/launch_params_femhr4gz -r /tf:=tf -r /tf_static:=tf_static"
2026-09-27T16:36:32Z,139,"G1_20260927T163006Z",724251,"python3",6.6,83104,54111,"python3 /wt/contributions/compute-benchmark/OsakaTX/scripts/nav_goal_seq.py --x 4 --y 4 --yaw 0 --every 22.0 --pause 2.0 --cancel --repeats 0"
2026-09-27T16:36:32Z,139,"G1_20260927T163006Z",724296,"bash",0.5,4480,1342,"bash /wt/contributions/compute-benchmark/xbattlax/scripts/measure_ros_processes.sh --pattern python3|ros2|slam|nav2|component_container|nav_goal_seq --duration 380 --interval 2 --label G1_20260927T163006Z --output /wt/contributions/compute-benchmark/OsakaTX/scripts/../results/combo2/G1_20260927T163006Z.csv"
2026-09-27T16:36:34Z,140,"G1_20260927T163006Z",709168,"python3",0.1,74728,46544,"/usr/bin/python3 -c from ros2cli.daemon.daemonize import main; main() --name ros2-daemon --ros-domain-id 0 --rmw-implementation rmw_fastrtps_cpp"
2026-09-27T16:36:34Z,140,"G1_20260927T163006Z",724115,"python3",5.4,77076,48491,"python3 /wt/contributions/compute-benchmark/OsakaTX/scripts/synthetic_scan_publisher.py --duration 490 --loop-s 40 --hz 5.0 --noise 0.0"
2026-09-27T16:36:34Z,140,"G1_20260927T163006Z",724131,"ros2",0.6,79172,51315,"/usr/bin/python3 /opt/ros/jazzy/bin/ros2 launch /wt/contributions/compute-benchmark/OsakaTX/scripts/lifelong_launch.py slam_params_file:=/wt/contributions/compute-benchmark/OsakaTX/scripts/lifelong_slam_params.yaml use_sim_time:=False autostart:=true"
2026-09-27T16:36:34Z,140,"G1_20260927T163006Z",724132,"ros2",0.4,83668,55438,"/usr/bin/python3 /opt/ros/jazzy/bin/ros2 launch nav2_bringup bringup_launch.py map:=/wt/contributions/compute-benchmark/OsakaTX/scripts/../results/combo2/combo2_nav2_map.yaml params_file:=/wt/contributions/compute-benchmark/OsakaTX/scripts/nav2_params_bench.yaml use_sim_time:=False autostart:=True slam:=False use_localization:=False"
2026-09-27T16:36:34Z,140,"G1_20260927T163006Z",724151,"lifelong_slam_t",43.4,71332,51122,"/opt/ros/jazzy/lib/slam_toolbox/lifelong_slam_toolbox_node --ros-args -r __node:=slam_toolbox -r __ns:=/ --params-file /wt/contributions/compute-benchmark/OsakaTX/scripts/lifelong_slam_params.yaml --params-file /tmp/launch_params_zyre_0s5"
2026-09-27T16:36:34Z,140,"G1_20260927T163006Z",724184,"component_conta",48.8,171796,150755,"/opt/ros/jazzy/lib/rclcpp_components/component_container_isolated --ros-args --log-level info --ros-args -r __node:=nav2_container --params-file /tmp/launch_params___mpikbo --params-file /tmp/launch_params_femhr4gz -r /tf:=tf -r /tf_static:=tf_static"
2026-09-27T16:36:34Z,140,"G1_20260927T163006Z",724251,"python3",6.6,83108,54112,"python3 /wt/contributions/compute-benchmark/OsakaTX/scripts/nav_goal_seq.py --x 4 --y 4 --yaw 0 --every 22.0 --pause 2.0 --cancel --repeats 0"
2026-09-27T16:36:34Z,140,"G1_20260927T163006Z",724296,"bash",0.5,4480,1341,"bash /wt/contributions/compute-benchmark/xbattlax/scripts/measure_ros_processes.sh --pattern python3|ros2|slam|nav2|component_container|nav_goal_seq --duration 380 --interval 2 --label G1_20260927T163006Z --output /wt/contributions/compute-benchmark/OsakaTX/scripts/../results/combo2/G1_20260927T163006Z.csv"
2026-09-27T16:36:37Z,141,"G1_20260927T163006Z",709168,"python3",0.1,74728,46545,"/usr/bin/python3 -c from ros2cli.daemon.daemonize import main; main() --name ros2-daemon --ros-domain-id 0 --rmw-implementation rmw_fastrtps_cpp"
2026-09-27T16:36:37Z,141,"G1_20260927T163006Z",724115,"python3",5.4,77076,48487,"python3 /wt/contributions/compute-benchmark/OsakaTX/scripts/synthetic_scan_publisher.py --duration 490 --loop-s 40 --hz 5.0 --noise 0.0"
2026-09-27T16:36:37Z,141,"G1_20260927T163006Z",724131,"ros2",0.6,79172,51314,"/usr/bin/python3 /opt/ros/jazzy/bin/ros2 launch /wt/contributions/compute-benchmark/OsakaTX/scripts/lifelong_launch.py slam_params_file:=/wt/contributions/compute-benchmark/OsakaTX/scripts/lifelong_slam_params.yaml use_sim_time:=False autostart:=true"
2026-09-27T16:36:37Z,141,"G1_20260927T163006Z",724132,"ros2",0.4,83668,55443,"/usr/bin/python3 /opt/ros/jazzy/bin/ros2 launch nav2_bringup bringup_launch.py map:=/wt/contributions/compute-benchmark/OsakaTX/scripts/../results/combo2/combo2_nav2_map.yaml params_file:=/wt/contributions/compute-benchmark/OsakaTX/scripts/nav2_params_bench.yaml use_sim_time:=False autostart:=True slam:=False use_localization:=False"
2026-09-27T16:36:37Z,141,"G1_20260927T163006Z",724151,"lifelong_slam_t",43.3,71332,51122,"/opt/ros/jazzy/lib/slam_toolbox/lifelong_slam_toolbox_node --ros-args -r __node:=slam_toolbox -r __ns:=/ --params-file /wt/contributions/compute-benchmark/OsakaTX/scripts/lifelong_slam_params.yaml --params-file /tmp/launch_params_zyre_0s5"
2026-09-27T16:36:37Z,141,"G1_20260927T163006Z",724184,"component_conta",48.8,170692,150458,"/opt/ros/jazzy/lib/rclcpp_components/component_container_isolated --ros-args --log-level info --ros-args -r __node:=nav2_container --params-file /tmp/launch_params___mpikbo --params-file /tmp/launch_params_femhr4gz -r /tf:=tf -r /tf_static:=tf_static"
2026-09-27T16:36:37Z,141,"G1_20260927T163006Z",724251,"python3",6.6,83108,54115,"python3 /wt/contributions/compute-benchmark/OsakaTX/scripts/nav_goal_seq.py --x 4 --y 4 --yaw 0 --every 22.0 --pause 2.0 --cancel --repeats 0"
2026-09-27T16:36:37Z,141,"G1_20260927T163006Z",724296,"bash",0.5,4480,1340,"bash /wt/contributions/compute-benchmark/xbattlax/scripts/measure_ros_processes.sh --pattern python3|ros2|slam|nav2|component_container|nav_goal_seq --duration 380 --interval 2 --label G1_20260927T163006Z --output /wt/contributions/compute-benchmark/OsakaTX/scripts/../results/combo2/G1_20260927T163006Z.csv"
2026-09-27T16:36:39Z,142,"G1_20260927T163006Z",709168,"python3",0.1,74728,46544,"/usr/bin/python3 -c from ros2cli.daemon.daemonize import main; main() --name ros2-daemon --ros-domain-id 0 --rmw-implementation rmw_fastrtps_cpp"
2026-09-27T16:36:39Z,142,"G1_20260927T163006Z",724115,"python3",5.4,77076,48490,"python3 /wt/contributions/compute-benchmark/OsakaTX/scripts/synthetic_scan_publisher.py --duration 490 --loop-s 40 --hz 5.0 --noise 0.0"
2026-09-27T16:36:39Z,142,"G1_20260927T163006Z",724131,"ros2",0.6,79172,51314,"/usr/bin/python3 /opt/ros/jazzy/bin/ros2 launch /wt/contributions/compute-benchmark/OsakaTX/scripts/lifelong_launch.py slam_params_file:=/wt/contributions/compute-benchmark/OsakaTX/scripts/lifelong_slam_params.yaml use_sim_time:=False autostart:=true"
2026-09-27T16:36:39Z,142,"G1_20260927T163006Z",724132,"ros2",0.4,83668,55444,"/usr/bin/python3 /opt/ros/jazzy/bin/ros2 launch nav2_bringup bringup_launch.py map:=/wt/contributions/compute-benchmark/OsakaTX/scripts/../results/combo2/combo2_nav2_map.yaml params_file:=/wt/contributions/compute-benchmark/OsakaTX/scripts/nav2_params_bench.yaml use_sim_time:=False autostart:=True slam:=False use_localization:=False"
2026-09-27T16:36:39Z,142,"G1_20260927T163006Z",724151,"lifelong_slam_t",43.3,71332,51123,"/opt/ros/jazzy/lib/slam_toolbox/lifelong_slam_toolbox_node --ros-args -r __node:=slam_toolbox -r __ns:=/ --params-file /wt/contributions/compute-benchmark/OsakaTX/scripts/lifelong_slam_params.yaml --params-file /tmp/launch_params_zyre_0s5"
2026-09-27T16:36:39Z,142,"G1_20260927T163006Z",724184,"component_conta",48.8,171880,150458,"/opt/ros/jazzy/lib/rclcpp_components/component_container_isolated --ros-args --log-level info --ros-args -r __node:=nav2_container --params-file /tmp/launch_params___mpikbo --params-file /tmp/launch_params_femhr4gz -r /tf:=tf -r /tf_static:=tf_static"
2026-09-27T16:36:39Z,142,"G1_20260927T163006Z",724251,"python3",6.6,83108,54115,"python3 /wt/contributions/compute-benchmark/OsakaTX/scripts/nav_goal_seq.py --x 4 --y 4 --yaw 0 --every 22.0 --pause 2.0 --cancel --repeats 0"
2026-09-27T16:36:39Z,142,"G1_20260927T163006Z",724296,"bash",0.5,4480,1338,"bash /wt/contributions/compute-benchmark/xbattlax/scripts/measure_ros_processes.sh --pattern python3|ros2|slam|nav2|component_container|nav_goal_seq --duration 380 --interval 2 --label G1_20260927T163006Z --output /wt/contributions/compute-benchmark/OsakaTX/scripts/../results/combo2/G1_20260927T163006Z.csv"
2026-09-27T16:36:42Z,143,"G1_20260927T163006Z",709168,"python3",0.1,74728,46543,"/usr/bin/python3 -c from ros2cli.daemon.daemonize import main; main() --name ros2-daemon --ros-domain-id 0 --rmw-implementation rmw_fastrtps_cpp"
2026-09-27T16:36:42Z,143,"G1_20260927T163006Z",724115,"python3",5.4,77076,48490,"python3 /wt/contributions/compute-benchmark/OsakaTX/scripts/synthetic_scan_publisher.py --duration 490 --loop-s 40 --hz 5.0 --noise 0.0"
2026-09-27T16:36:42Z,143,"G1_20260927T163006Z",724131,"ros2",0.6,79172,51313,"/usr/bin/python3 /opt/ros/jazzy/bin/ros2 launch /wt/contributions/compute-benchmark/OsakaTX/scripts/lifelong_launch.py slam_params_file:=/wt/contributions/compute-benchmark/OsakaTX/scripts/lifelong_slam_params.yaml use_sim_time:=False autostart:=true"
2026-09-27T16:36:42Z,143,"G1_20260927T163006Z",724132,"ros2",0.4,83668,55438,"/usr/bin/python3 /opt/ros/jazzy/bin/ros2 launch nav2_bringup bringup_launch.py map:=/wt/contributions/compute-benchmark/OsakaTX/scripts/../results/combo2/combo2_nav2_map.yaml params_file:=/wt/contributions/compute-benchmark/OsakaTX/scripts/nav2_params_bench.yaml use_sim_time:=False autostart:=True slam:=False use_localization:=False"
2026-09-27T16:36:42Z,143,"G1_20260927T163006Z",724151,"lifelong_slam_t",43.3,71332,51120,"/opt/ros/jazzy/lib/slam_toolbox/lifelong_slam_toolbox_node --ros-args -r __node:=slam_toolbox -r __ns:=/ --params-file /wt/contributions/compute-benchmark/OsakaTX/scripts/lifelong_slam_params.yaml --params-file /tmp/launch_params_zyre_0s5"
2026-09-27T16:36:42Z,143,"G1_20260927T163006Z",724184,"component_conta",48.8,167944,147709,"/opt/ros/jazzy/lib/rclcpp_components/component_container_isolated --ros-args --log-level info --ros-args -r __node:=nav2_container --params-file /tmp/launch_params___mpikbo --params-file /tmp/launch_params_femhr4gz -r /tf:=tf -r /tf_static:=tf_static"
2026-09-27T16:36:42Z,143,"G1_20260927T163006Z",724251,"python3",6.6,83108,54111,"python3 /wt/contributions/compute-benchmark/OsakaTX/scripts/nav_goal_seq.py --x 4 --y 4 --yaw 0 --every 22.0 --pause 2.0 --cancel --repeats 0"
2026-09-27T16:36:42Z,143,"G1_20260927T163006Z",724296,"bash",0.5,4480,1344,"bash /wt/contributions/compute-benchmark/xbattlax/scripts/measure_ros_processes.sh --pattern python3|ros2|slam|nav2|component_container|nav_goal_seq --duration 380 --interval 2 --label G1_20260927T163006Z --output /wt/contributions/compute-benchmark/OsakaTX/scripts/../results/combo2/G1_20260927T163006Z.csv"
2026-09-27T16:36:44Z,144,"G1_20260927T163006Z",709168,"python3",0.1,74728,46545,"/usr/bin/python3 -c from ros2cli.daemon.daemonize import main; main() --name ros2-daemon --ros-domain-id 0 --rmw-implementation rmw_fastrtps_cpp"
2026-09-27T16:36:44Z,144,"G1_20260927T163006Z",724115,"python3",5.4,77076,48491,"python3 /wt/contributions/compute-benchmark/OsakaTX/scripts/synthetic_scan_publisher.py --duration 490 --loop-s 40 --hz 5.0 --noise 0.0"
2026-09-27T16:36:44Z,144,"G1_20260927T163006Z",724131,"ros2",0.6,79172,51314,"/usr/bin/python3 /opt/ros/jazzy/bin/ros2 launch /wt/contributions/compute-benchmark/OsakaTX/scripts/lifelong_launch.py slam_params_file:=/wt/contributions/compute-benchmark/OsakaTX/scripts/lifelong_slam_params.yaml use_sim_time:=False autostart:=true"
2026-09-27T16:36:44Z,144,"G1_20260927T163006Z",724132,"ros2",0.4,83668,55443,"/usr/bin/python3 /opt/ros/jazzy/bin/ros2 launch nav2_bringup bringup_launch.py map:=/wt/contributions/compute-benchmark/OsakaTX/scripts/../results/combo2/combo2_nav2_map.yaml params_file:=/wt/contributions/compute-benchmark/OsakaTX/scripts/nav2_params_bench.yaml use_sim_time:=False autostart:=True slam:=False use_localization:=False"
2026-09-27T16:36:44Z,144,"G1_20260927T163006Z",724151,"lifelong_slam_t",43.2,71332,51123,"/opt/ros/jazzy/lib/slam_toolbox/lifelong_slam_toolbox_node --ros-args -r __node:=slam_toolbox -r __ns:=/ --params-file /wt/contributions/compute-benchmark/OsakaTX/scripts/lifelong_slam_params.yaml --params-file /tmp/launch_params_zyre_0s5"
2026-09-27T16:36:44Z,144,"G1_20260927T163006Z",724184,"component_conta",48.9,167944,147711,"/opt/ros/jazzy/lib/rclcpp_components/component_container_isolated --ros-args --log-level info --ros-args -r __node:=nav2_container --params-file /tmp/launch_params___mpikbo --params-file /tmp/launch_params_femhr4gz -r /tf:=tf -r /tf_static:=tf_static"
2026-09-27T16:36:44Z,144,"G1_20260927T163006Z",724251,"python3",6.6,83108,54115,"python3 /wt/contributions/compute-benchmark/OsakaTX/scripts/nav_goal_seq.py --x 4 --y 4 --yaw 0 --every 22.0 --pause 2.0 --cancel --repeats 0"
2026-09-27T16:36:44Z,144,"G1_20260927T163006Z",724296,"bash",0.5,4480,1343,"bash /wt/contributions/compute-benchmark/xbattlax/scripts/measure_ros_processes.sh --pattern python3|ros2|slam|nav2|component_container|nav_goal_seq --duration 380 --interval 2 --label G1_20260927T163006Z --output /wt/contributions/compute-benchmark/OsakaTX/scripts/../results/combo2/G1_20260927T163006Z.csv"
2026-09-27T16:36:47Z,145,"G1_20260927T163006Z",709168,"python3",0.1,74728,46544,"/usr/bin/python3 -c from ros2cli.daemon.daemonize import main; main() --name ros2-daemon --ros-domain-id 0 --rmw-implementation rmw_fastrtps_cpp"
2026-09-27T16:36:47Z,145,"G1_20260927T163006Z",724115,"python3",5.4,77076,48490,"python3 /wt/contributions/compute-benchmark/OsakaTX/scripts/synthetic_scan_publisher.py --duration 490 --loop-s 40 --hz 5.0 --noise 0.0"
2026-09-27T16:36:47Z,145,"G1_20260927T163006Z",724131,"ros2",0.6,79172,51312,"/usr/bin/python3 /opt/ros/jazzy/bin/ros2 launch /wt/contributions/compute-benchmark/OsakaTX/scripts/lifelong_launch.py slam_params_file:=/wt/contributions/compute-benchmark/OsakaTX/scripts/lifelong_slam_params.yaml use_sim_time:=False autostart:=true"
2026-09-27T16:36:47Z,145,"G1_20260927T163006Z",724132,"ros2",0.4,83668,55437,"/usr/bin/python3 /opt/ros/jazzy/bin/ros2 launch nav2_bringup bringup_launch.py map:=/wt/contributions/compute-benchmark/OsakaTX/scripts/../results/combo2/combo2_nav2_map.yaml params_file:=/wt/contributions/compute-benchmark/OsakaTX/scripts/nav2_params_bench.yaml use_sim_time:=False autostart:=True slam:=False use_localization:=False"
2026-09-27T16:36:47Z,145,"G1_20260927T163006Z",724151,"lifelong_slam_t",43.2,71332,51123,"/opt/ros/jazzy/lib/slam_toolbox/lifelong_slam_toolbox_node --ros-args -r __node:=slam_toolbox -r __ns:=/ --params-file /wt/contributions/compute-benchmark/OsakaTX/scripts/lifelong_slam_params.yaml --params-file /tmp/launch_params_zyre_0s5"
2026-09-27T16:36:47Z,145,"G1_20260927T163006Z",724184,"component_conta",48.9,167944,147711,"/opt/ros/jazzy/lib/rclcpp_components/component_container_isolated --ros-args --log-level info --ros-args -r __node:=nav2_container --params-file /tmp/launch_params___mpikbo --params-file /tmp/launch_params_femhr4gz -r /tf:=tf -r /tf_static:=tf_static"
2026-09-27T16:36:47Z,145,"G1_20260927T163006Z",724251,"python3",6.6,83108,54115,"python3 /wt/contributions/compute-benchmark/OsakaTX/scripts/nav_goal_seq.py --x 4 --y 4 --yaw 0 --every 22.0 --pause 2.0 --cancel --repeats 0"
2026-09-27T16:36:47Z,145,"G1_20260927T163006Z",724296,"bash",0.5,4480,1343,"bash /wt/contributions/compute-benchmark/xbattlax/scripts/measure_ros_processes.sh --pattern python3|ros2|slam|nav2|component_container|nav_goal_seq --duration 380 --interval 2 --label G1_20260927T163006Z --output /wt/contributions/compute-benchmark/OsakaTX/scripts/../results/combo2/G1_20260927T163006Z.csv"
2026-09-27T16:36:49Z,146,"G1_20260927T163006Z",709168,"python3",0.1,74728,46545,"/usr/bin/python3 -c from ros2cli.daemon.daemonize import main; main() --name ros2-daemon --ros-domain-id 0 --rmw-implementation rmw_fastrtps_cpp"
2026-09-27T16:36:49Z,146,"G1_20260927T163006Z",724115,"python3",5.4,77076,48489,"python3 /wt/contributions/compute-benchmark/OsakaTX/scripts/synthetic_scan_publisher.py --duration 490 --loop-s 40 --hz 5.0 --noise 0.0"
2026-09-27T16:36:49Z,146,"G1_20260927T163006Z",724131,"ros2",0.6,79172,51312,"/usr/bin/python3 /opt/ros/jazzy/bin/ros2 launch /wt/contributions/compute-benchmark/OsakaTX/scripts/lifelong_launch.py slam_params_file:=/wt/contributions/compute-benchmark/OsakaTX/scripts/lifelong_slam_params.yaml use_sim_time:=False autostart:=true"
2026-09-27T16:36:49Z,146,"G1_20260927T163006Z",724132,"ros2",0.4,83668,55443,"/usr/bin/python3 /opt/ros/jazzy/bin/ros2 launch nav2_bringup bringup_launch.py map:=/wt/contributions/compute-benchmark/OsakaTX/scripts/../results/combo2/combo2_nav2_map.yaml params_file:=/wt/contributions/compute-benchmark/OsakaTX/scripts/nav2_params_bench.yaml use_sim_time:=False autostart:=True slam:=False use_localization:=False"
2026-09-27T16:36:49Z,146,"G1_20260927T163006Z",724151,"lifelong_slam_t",43.1,71332,51120,"/opt/ros/jazzy/lib/slam_toolbox/lifelong_slam_toolbox_node --ros-args -r __node:=slam_toolbox -r __ns:=/ --params-file /wt/contributions/compute-benchmark/OsakaTX/scripts/lifelong_slam_params.yaml --params-file /tmp/launch_params_zyre_0s5"
2026-09-27T16:36:49Z,146,"G1_20260927T163006Z",724184,"component_conta",49.0,171876,151641,"/opt/ros/jazzy/lib/rclcpp_components/component_container_isolated --ros-args --log-level info --ros-args -r __node:=nav2_container --params-file /tmp/launch_params___mpikbo --params-file /tmp/launch_params_femhr4gz -r /tf:=tf -r /tf_static:=tf_static"
2026-09-27T16:36:49Z,146,"G1_20260927T163006Z",724251,"python3",6.6,83108,54115,"python3 /wt/contributions/compute-benchmark/OsakaTX/scripts/nav_goal_seq.py --x 4 --y 4 --yaw 0 --every 22.0 --pause 2.0 --cancel --repeats 0"
2026-09-27T16:36:49Z,146,"G1_20260927T163006Z",724296,"bash",0.5,4480,1340,"bash /wt/contributions/compute-benchmark/xbattlax/scripts/measure_ros_processes.sh --pattern python3|ros2|slam|nav2|component_container|nav_goal_seq --duration 380 --interval 2 --label G1_20260927T163006Z --output /wt/contributions/compute-benchmark/OsakaTX/scripts/../results/combo2/G1_20260927T163006Z.csv"
2026-09-27T16:36:52Z,147,"G1_20260927T163006Z",709168,"python3",0.1,74728,46546,"/usr/bin/python3 -c from ros2cli.daemon.daemonize import main; main() --name ros2-daemon --ros-domain-id 0 --rmw-implementation rmw_fastrtps_cpp"
2026-09-27T16:36:52Z,147,"G1_20260927T163006Z",724115,"python3",5.4,77076,48490,"python3 /wt/contributions/compute-benchmark/OsakaTX/scripts/synthetic_scan_publisher.py --duration 490 --loop-s 40 --hz 5.0 --noise 0.0"
2026-09-27T16:36:52Z,147,"G1_20260927T163006Z",724131,"ros2",0.6,79172,51315,"/usr/bin/python3 /opt/ros/jazzy/bin/ros2 launch /wt/contributions/compute-benchmark/OsakaTX/scripts/lifelong_launch.py slam_params_file:=/wt/contributions/compute-benchmark/OsakaTX/scripts/lifelong_slam_params.yaml use_sim_time:=False autostart:=true"
2026-09-27T16:36:52Z,147,"G1_20260927T163006Z",724132,"ros2",0.4,83668,55443,"/usr/bin/python3 /opt/ros/jazzy/bin/ros2 launch nav2_bringup bringup_launch.py map:=/wt/contributions/compute-benchmark/OsakaTX/scripts/../results/combo2/combo2_nav2_map.yaml params_file:=/wt/contributions/compute-benchmark/OsakaTX/scripts/nav2_params_bench.yaml use_sim_time:=False autostart:=True slam:=False use_localization:=False"
2026-09-27T16:36:52Z,147,"G1_20260927T163006Z",724151,"lifelong_slam_t",43.1,71332,51121,"/opt/ros/jazzy/lib/slam_toolbox/lifelong_slam_toolbox_node --ros-args -r __node:=slam_toolbox -r __ns:=/ --params-file /wt/contributions/compute-benchmark/OsakaTX/scripts/lifelong_slam_params.yaml --params-file /tmp/launch_params_zyre_0s5"
2026-09-27T16:36:52Z,147,"G1_20260927T163006Z",724184,"component_conta",49.0,171884,151651,"/opt/ros/jazzy/lib/rclcpp_components/component_container_isolated --ros-args --log-level info --ros-args -r __node:=nav2_container --params-file /tmp/launch_params___mpikbo --params-file /tmp/launch_params_femhr4gz -r /tf:=tf -r /tf_static:=tf_static"
2026-09-27T16:36:52Z,147,"G1_20260927T163006Z",724251,"python3",6.6,83108,54111,"python3 /wt/contributions/compute-benchmark/OsakaTX/scripts/nav_goal_seq.py --x 4 --y 4 --yaw 0 --every 22.0 --pause 2.0 --cancel --repeats 0"
2026-09-27T16:36:52Z,147,"G1_20260927T163006Z",724296,"bash",0.5,4480,1340,"bash /wt/contributions/compute-benchmark/xbattlax/scripts/measure_ros_processes.sh --pattern python3|ros2|slam|nav2|component_container|nav_goal_seq --duration 380 --interval 2 --label G1_20260927T163006Z --output /wt/contributions/compute-benchmark/OsakaTX/scripts/../results/combo2/G1_20260927T163006Z.csv"
2026-09-27T16:36:54Z,148,"G1_20260927T163006Z",709168,"python3",0.1,74728,46542,"/usr/bin/python3 -c from ros2cli.daemon.daemonize import main; main() --name ros2-daemon --ros-domain-id 0 --rmw-implementation rmw_fastrtps_cpp"
2026-09-27T16:36:54Z,148,"G1_20260927T163006Z",724115,"python3",5.4,77076,48491,"python3 /wt/contributions/compute-benchmark/OsakaTX/scripts/synthetic_scan_publisher.py --duration 490 --loop-s 40 --hz 5.0 --noise 0.0"
2026-09-27T16:36:54Z,148,"G1_20260927T163006Z",724131,"ros2",0.6,79172,51313,"/usr/bin/python3 /opt/ros/jazzy/bin/ros2 launch /wt/contributions/compute-benchmark/OsakaTX/scripts/lifelong_launch.py slam_params_file:=/wt/contributions/compute-benchmark/OsakaTX/scripts/lifelong_slam_params.yaml use_sim_time:=False autostart:=true"
2026-09-27T16:36:54Z,148,"G1_20260927T163006Z",724132,"ros2",0.4,83668,55443,"/usr/bin/python3 /opt/ros/jazzy/bin/ros2 launch nav2_bringup bringup_launch.py map:=/wt/contributions/compute-benchmark/OsakaTX/scripts/../results/combo2/combo2_nav2_map.yaml params_file:=/wt/contributions/compute-benchmark/OsakaTX/scripts/nav2_params_bench.yaml use_sim_time:=False autostart:=True slam:=False use_localization:=False"
2026-09-27T16:36:54Z,148,"G1_20260927T163006Z",724151,"lifelong_slam_t",43.1,71332,51123,"/opt/ros/jazzy/lib/slam_toolbox/lifelong_slam_toolbox_node --ros-args -r __node:=slam_toolbox -r __ns:=/ --params-file /wt/contributions/compute-benchmark/OsakaTX/scripts/lifelong_slam_params.yaml --params-file /tmp/launch_params_zyre_0s5"
2026-09-27T16:36:54Z,148,"G1_20260927T163006Z",724184,"component_conta",49.0,171884,151651,"/opt/ros/jazzy/lib/rclcpp_components/component_container_isolated --ros-args --log-level info --ros-args -r __node:=nav2_container --params-file /tmp/launch_params___mpikbo --params-file /tmp/launch_params_femhr4gz -r /tf:=tf -r /tf_static:=tf_static"
2026-09-27T16:36:54Z,148,"G1_20260927T163006Z",724251,"python3",6.6,83108,54115,"python3 /wt/contributions/compute-benchmark/OsakaTX/scripts/nav_goal_seq.py --x 4 --y 4 --yaw 0 --every 22.0 --pause 2.0 --cancel --repeats 0"
2026-09-27T16:36:54Z,148,"G1_20260927T163006Z",724296,"bash",0.5,4480,1335,"bash /wt/contributions/compute-benchmark/xbattlax/scripts/measure_ros_processes.sh --pattern python3|ros2|slam|nav2|component_container|nav_goal_seq --duration 380 --interval 2 --label G1_20260927T163006Z --output /wt/contributions/compute-benchmark/OsakaTX/scripts/../results/combo2/G1_20260927T163006Z.csv"
2026-09-27T16:36:57Z,149,"G1_20260927T163006Z",709168,"python3",0.1,74728,46542,"/usr/bin/python3 -c from ros2cli.daemon.daemonize import main; main() --name ros2-daemon --ros-domain-id 0 --rmw-implementation rmw_fastrtps_cpp"
2026-09-27T16:36:57Z,149,"G1_20260927T163006Z",724115,"python3",5.4,77076,48490,"python3 /wt/contributions/compute-benchmark/OsakaTX/scripts/synthetic_scan_publisher.py --duration 490 --loop-s 40 --hz 5.0 --noise 0.0"
2026-09-27T16:36:57Z,149,"G1_20260927T163006Z",724131,"ros2",0.6,79172,51315,"/usr/bin/python3 /opt/ros/jazzy/bin/ros2 launch /wt/contributions/compute-benchmark/OsakaTX/scripts/lifelong_launch.py slam_params_file:=/wt/contributions/compute-benchmark/OsakaTX/scripts/lifelong_slam_params.yaml use_sim_time:=False autostart:=true"
2026-09-27T16:36:57Z,149,"G1_20260927T163006Z",724132,"ros2",0.4,83668,55444,"/usr/bin/python3 /opt/ros/jazzy/bin/ros2 launch nav2_bringup bringup_launch.py map:=/wt/contributions/compute-benchmark/OsakaTX/scripts/../results/combo2/combo2_nav2_map.yaml params_file:=/wt/contributions/compute-benchmark/OsakaTX/scripts/nav2_params_bench.yaml use_sim_time:=False autostart:=True slam:=False use_localization:=False"
2026-09-27T16:36:57Z,149,"G1_20260927T163006Z",724151,"lifelong_slam_t",43.0,71332,51123,"/opt/ros/jazzy/lib/slam_toolbox/lifelong_slam_toolbox_node --ros-args -r __node:=slam_toolbox -r __ns:=/ --params-file /wt/contributions/compute-benchmark/OsakaTX/scripts/lifelong_slam_params.yaml --params-file /tmp/launch_params_zyre_0s5"
2026-09-27T16:36:57Z,149,"G1_20260927T163006Z",724184,"component_conta",49.0,170688,150455,"/opt/ros/jazzy/lib/rclcpp_components/component_container_isolated --ros-args --log-level info --ros-args -r __node:=nav2_container --params-file /tmp/launch_params___mpikbo --params-file /tmp/launch_params_femhr4gz -r /tf:=tf -r /tf_static:=tf_static"
2026-09-27T16:36:57Z,149,"G1_20260927T163006Z",724251,"python3",6.6,83112,54120,"python3 /wt/contributions/compute-benchmark/OsakaTX/scripts/nav_goal_seq.py --x 4 --y 4 --yaw 0 --every 22.0 --pause 2.0 --cancel --repeats 0"
2026-09-27T16:36:57Z,149,"G1_20260927T163006Z",724296,"bash",0.5,4480,1339,"bash /wt/contributions/compute-benchmark/xbattlax/scripts/measure_ros_processes.sh --pattern python3|ros2|slam|nav2|component_container|nav_goal_seq --duration 380 --interval 2 --label G1_20260927T163006Z --output /wt/contributions/compute-benchmark/OsakaTX/scripts/../results/combo2/G1_20260927T163006Z.csv"
2026-09-27T16:36:59Z,150,"G1_20260927T163006Z",709168,"python3",0.1,74728,46543,"/usr/bin/python3 -c from ros2cli.daemon.daemonize import main; main() --name ros2-daemon --ros-domain-id 0 --rmw-implementation rmw_fastrtps_cpp"
2026-09-27T16:36:59Z,150,"G1_20260927T163006Z",724115,"python3",5.4,77076,48491,"python3 /wt/contributions/compute-benchmark/OsakaTX/scripts/synthetic_scan_publisher.py --duration 490 --loop-s 40 --hz 5.0 --noise 0.0"
2026-09-27T16:36:59Z,150,"G1_20260927T163006Z",724131,"ros2",0.6,79172,51315,"/usr/bin/python3 /opt/ros/jazzy/bin/ros2 launch /wt/contributions/compute-benchmark/OsakaTX/scripts/lifelong_launch.py slam_params_file:=/wt/contributions/compute-benchmark/OsakaTX/scripts/lifelong_slam_params.yaml use_sim_time:=False autostart:=true"
2026-09-27T16:36:59Z,150,"G1_20260927T163006Z",724132,"ros2",0.4,83668,55442,"/usr/bin/python3 /opt/ros/jazzy/bin/ros2 launch nav2_bringup bringup_launch.py map:=/wt/contributions/compute-benchmark/OsakaTX/scripts/../results/combo2/combo2_nav2_map.yaml params_file:=/wt/contributions/compute-benchmark/OsakaTX/scripts/nav2_params_bench.yaml use_sim_time:=False autostart:=True slam:=False use_localization:=False"
2026-09-27T16:36:59Z,150,"G1_20260927T163006Z",724151,"lifelong_slam_t",43.1,71332,51120,"/opt/ros/jazzy/lib/slam_toolbox/lifelong_slam_toolbox_node --ros-args -r __node:=slam_toolbox -r __ns:=/ --params-file /wt/contributions/compute-benchmark/OsakaTX/scripts/lifelong_slam_params.yaml --params-file /tmp/launch_params_zyre_0s5"
2026-09-27T16:36:59Z,150,"G1_20260927T163006Z",724184,"component_conta",49.0,170712,150477,"/opt/ros/jazzy/lib/rclcpp_components/component_container_isolated --ros-args --log-level info --ros-args -r __node:=nav2_container --params-file /tmp/launch_params___mpikbo --params-file /tmp/launch_params_femhr4gz -r /tf:=tf -r /tf_static:=tf_static"
2026-09-27T16:36:59Z,150,"G1_20260927T163006Z",724251,"python3",6.6,83112,54115,"python3 /wt/contributions/compute-benchmark/OsakaTX/scripts/nav_goal_seq.py --x 4 --y 4 --yaw 0 --every 22.0 --pause 2.0 --cancel --repeats 0"
2026-09-27T16:36:59Z,150,"G1_20260927T163006Z",724296,"bash",0.5,4480,1345,"bash /wt/contributions/compute-benchmark/xbattlax/scripts/measure_ros_processes.sh --pattern python3|ros2|slam|nav2|component_container|nav_goal_seq --duration 380 --interval 2 --label G1_20260927T163006Z --output /wt/contributions/compute-benchmark/OsakaTX/scripts/../results/combo2/G1_20260927T163006Z.csv"
2026-09-27T16:37:01Z,151,"G1_20260927T163006Z",709168,"python3",0.1,74728,46546,"/usr/bin/python3 -c from ros2cli.daemon.daemonize import main; main() --name ros2-daemon --ros-domain-id 0 --rmw-implementation rmw_fastrtps_cpp"
2026-09-27T16:37:01Z,151,"G1_20260927T163006Z",724115,"python3",5.4,77076,48490,"python3 /wt/contributions/compute-benchmark/OsakaTX/scripts/synthetic_scan_publisher.py --duration 490 --loop-s 40 --hz 5.0 --noise 0.0"
2026-09-27T16:37:01Z,151,"G1_20260927T163006Z",724131,"ros2",0.6,79172,51315,"/usr/bin/python3 /opt/ros/jazzy/bin/ros2 launch /wt/contributions/compute-benchmark/OsakaTX/scripts/lifelong_launch.py slam_params_file:=/wt/contributions/compute-benchmark/OsakaTX/scripts/lifelong_slam_params.yaml use_sim_time:=False autostart:=true"
2026-09-27T16:37:01Z,151,"G1_20260927T163006Z",724132,"ros2",0.4,83668,55445,"/usr/bin/python3 /opt/ros/jazzy/bin/ros2 launch nav2_bringup bringup_launch.py map:=/wt/contributions/compute-benchmark/OsakaTX/scripts/../results/combo2/combo2_nav2_map.yaml params_file:=/wt/contributions/compute-benchmark/OsakaTX/scripts/nav2_params_bench.yaml use_sim_time:=False autostart:=True slam:=False use_localization:=False"
2026-09-27T16:37:01Z,151,"G1_20260927T163006Z",724151,"lifelong_slam_t",43.0,71332,51122,"/opt/ros/jazzy/lib/slam_toolbox/lifelong_slam_toolbox_node --ros-args -r __node:=slam_toolbox -r __ns:=/ --params-file /wt/contributions/compute-benchmark/OsakaTX/scripts/lifelong_slam_params.yaml --params-file /tmp/launch_params_zyre_0s5"
2026-09-27T16:37:01Z,151,"G1_20260927T163006Z",724184,"component_conta",49.0,170712,150478,"/opt/ros/jazzy/lib/rclcpp_components/component_container_isolated --ros-args --log-level info --ros-args -r __node:=nav2_container --params-file /tmp/launch_params___mpikbo --params-file /tmp/launch_params_femhr4gz -r /tf:=tf -r /tf_static:=tf_static"
2026-09-27T16:37:01Z,151,"G1_20260927T163006Z",724251,"python3",6.6,83112,54115,"python3 /wt/contributions/compute-benchmark/OsakaTX/scripts/nav_goal_seq.py --x 4 --y 4 --yaw 0 --every 22.0 --pause 2.0 --cancel --repeats 0"
2026-09-27T16:37:01Z,151,"G1_20260927T163006Z",724296,"bash",0.5,4480,1342,"bash /wt/contributions/compute-benchmark/xbattlax/scripts/measure_ros_processes.sh --pattern python3|ros2|slam|nav2|component_container|nav_goal_seq --duration 380 --interval 2 --label G1_20260927T163006Z --output /wt/contributions/compute-benchmark/OsakaTX/scripts/../results/combo2/G1_20260927T163006Z.csv"
2026-09-27T16:37:04Z,152,"G1_20260927T163006Z",709168,"python3",0.1,74728,46545,"/usr/bin/python3 -c from ros2cli.daemon.daemonize import main; main() --name ros2-daemon --ros-domain-id 0 --rmw-implementation rmw_fastrtps_cpp"
2026-09-27T16:37:04Z,152,"G1_20260927T163006Z",724115,"python3",5.4,77076,48491,"python3 /wt/contributions/compute-benchmark/OsakaTX/scripts/synthetic_scan_publisher.py --duration 490 --loop-s 40 --hz 5.0 --noise 0.0"
2026-09-27T16:37:04Z,152,"G1_20260927T163006Z",724131,"ros2",0.6,79172,51314,"/usr/bin/python3 /opt/ros/jazzy/bin/ros2 launch /wt/contributions/compute-benchmark/OsakaTX/scripts/lifelong_launch.py slam_params_file:=/wt/contributions/compute-benchmark/OsakaTX/scripts/lifelong_slam_params.yaml use_sim_time:=False autostart:=true"
2026-09-27T16:37:04Z,152,"G1_20260927T163006Z",724132,"ros2",0.4,83668,55444,"/usr/bin/python3 /opt/ros/jazzy/bin/ros2 launch nav2_bringup bringup_launch.py map:=/wt/contributions/compute-benchmark/OsakaTX/scripts/../results/combo2/combo2_nav2_map.yaml params_file:=/wt/contributions/compute-benchmark/OsakaTX/scripts/nav2_params_bench.yaml use_sim_time:=False autostart:=True slam:=False use_localization:=False"
2026-09-27T16:37:04Z,152,"G1_20260927T163006Z",724151,"lifelong_slam_t",43.0,71332,51121,"/opt/ros/jazzy/lib/slam_toolbox/lifelong_slam_toolbox_node --ros-args -r __node:=slam_toolbox -r __ns:=/ --params-file /wt/contributions/compute-benchmark/OsakaTX/scripts/lifelong_slam_params.yaml --params-file /tmp/launch_params_zyre_0s5"
2026-09-27T16:37:04Z,152,"G1_20260927T163006Z",724184,"component_conta",49.0,170712,150479,"/opt/ros/jazzy/lib/rclcpp_components/component_container_isolated --ros-args --log-level info --ros-args -r __node:=nav2_container --params-file /tmp/launch_params___mpikbo --params-file /tmp/launch_params_femhr4gz -r /tf:=tf -r /tf_static:=tf_static"
2026-09-27T16:37:04Z,152,"G1_20260927T163006Z",724251,"python3",6.6,83112,54119,"python3 /wt/contributions/compute-benchmark/OsakaTX/scripts/nav_goal_seq.py --x 4 --y 4 --yaw 0 --every 22.0 --pause 2.0 --cancel --repeats 0"
2026-09-27T16:37:04Z,152,"G1_20260927T163006Z",724296,"bash",0.5,4480,1343,"bash /wt/contributions/compute-benchmark/xbattlax/scripts/measure_ros_processes.sh --pattern python3|ros2|slam|nav2|component_container|nav_goal_seq --duration 380 --interval 2 --label G1_20260927T163006Z --output /wt/contributions/compute-benchmark/OsakaTX/scripts/../results/combo2/G1_20260927T163006Z.csv"
2026-09-27T16:37:06Z,153,"G1_20260927T163006Z",709168,"python3",0.1,74728,46542,"/usr/bin/python3 -c from ros2cli.daemon.daemonize import main; main() --name ros2-daemon --ros-domain-id 0 --rmw-implementation rmw_fastrtps_cpp"
2026-09-27T16:37:06Z,153,"G1_20260927T163006Z",724115,"python3",5.4,77076,48489,"python3 /wt/contributions/compute-benchmark/OsakaTX/scripts/synthetic_scan_publisher.py --duration 490 --loop-s 40 --hz 5.0 --noise 0.0"
2026-09-27T16:37:06Z,153,"G1_20260927T163006Z",724131,"ros2",0.6,79172,51315,"/usr/bin/python3 /opt/ros/jazzy/bin/ros2 launch /wt/contributions/compute-benchmark/OsakaTX/scripts/lifelong_launch.py slam_params_file:=/wt/contributions/compute-benchmark/OsakaTX/scripts/lifelong_slam_params.yaml use_sim_time:=False autostart:=true"
2026-09-27T16:37:06Z,153,"G1_20260927T163006Z",724132,"ros2",0.4,83668,55444,"/usr/bin/python3 /opt/ros/jazzy/bin/ros2 launch nav2_bringup bringup_launch.py map:=/wt/contributions/compute-benchmark/OsakaTX/scripts/../results/combo2/combo2_nav2_map.yaml params_file:=/wt/contributions/compute-benchmark/OsakaTX/scripts/nav2_params_bench.yaml use_sim_time:=False autostart:=True slam:=False use_localization:=False"
2026-09-27T16:37:06Z,153,"G1_20260927T163006Z",724151,"lifelong_slam_t",43.0,71332,51121,"/opt/ros/jazzy/lib/slam_toolbox/lifelong_slam_toolbox_node --ros-args -r __node:=slam_toolbox -r __ns:=/ --params-file /wt/contributions/compute-benchmark/OsakaTX/scripts/lifelong_slam_params.yaml --params-file /tmp/launch_params_zyre_0s5"
2026-09-27T16:37:06Z,153,"G1_20260927T163006Z",724184,"component_conta",49.0,169872,149639,"/opt/ros/jazzy/lib/rclcpp_components/component_container_isolated --ros-args --log-level info --ros-args -r __node:=nav2_container --params-file /tmp/launch_params___mpikbo --params-file /tmp/launch_params_femhr4gz -r /tf:=tf -r /tf_static:=tf_static"
2026-09-27T16:37:06Z,153,"G1_20260927T163006Z",724251,"python3",6.6,83112,54119,"python3 /wt/contributions/compute-benchmark/OsakaTX/scripts/nav_goal_seq.py --x 4 --y 4 --yaw 0 --every 22.0 --pause 2.0 --cancel --repeats 0"
2026-09-27T16:37:06Z,153,"G1_20260927T163006Z",724296,"bash",0.5,4480,1341,"bash /wt/contributions/compute-benchmark/xbattlax/scripts/measure_ros_processes.sh --pattern python3|ros2|slam|nav2|component_container|nav_goal_seq --duration 380 --interval 2 --label G1_20260927T163006Z --output /wt/contributions/compute-benchmark/OsakaTX/scripts/../results/combo2/G1_20260927T163006Z.csv"
2026-09-27T16:37:09Z,154,"G1_20260927T163006Z",709168,"python3",0.1,74728,46542,"/usr/bin/python3 -c from ros2cli.daemon.daemonize import main; main() --name ros2-daemon --ros-domain-id 0 --rmw-implementation rmw_fastrtps_cpp"
2026-09-27T16:37:09Z,154,"G1_20260927T163006Z",724115,"python3",5.4,77076,48490,"python3 /wt/contributions/compute-benchmark/OsakaTX/scripts/synthetic_scan_publisher.py --duration 490 --loop-s 40 --hz 5.0 --noise 0.0"
2026-09-27T16:37:09Z,154,"G1_20260927T163006Z",724131,"ros2",0.6,79172,51313,"/usr/bin/python3 /opt/ros/jazzy/bin/ros2 launch /wt/contributions/compute-benchmark/OsakaTX/scripts/lifelong_launch.py slam_params_file:=/wt/contributions/compute-benchmark/OsakaTX/scripts/lifelong_slam_params.yaml use_sim_time:=False autostart:=true"
2026-09-27T16:37:09Z,154,"G1_20260927T163006Z",724132,"ros2",0.4,83668,55437,"/usr/bin/python3 /opt/ros/jazzy/bin/ros2 launch nav2_bringup bringup_launch.py map:=/wt/contributions/compute-benchmark/OsakaTX/scripts/../results/combo2/combo2_nav2_map.yaml params_file:=/wt/contributions/compute-benchmark/OsakaTX/scripts/nav2_params_bench.yaml use_sim_time:=False autostart:=True slam:=False use_localization:=False"
2026-09-27T16:37:09Z,154,"G1_20260927T163006Z",724151,"lifelong_slam_t",43.0,71332,51121,"/opt/ros/jazzy/lib/slam_toolbox/lifelong_slam_toolbox_node --ros-args -r __node:=slam_toolbox -r __ns:=/ --params-file /wt/contributions/compute-benchmark/OsakaTX/scripts/lifelong_slam_params.yaml --params-file /tmp/launch_params_zyre_0s5"
2026-09-27T16:37:09Z,154,"G1_20260927T163006Z",724184,"component_conta",49.1,169876,149643,"/opt/ros/jazzy/lib/rclcpp_components/component_container_isolated --ros-args --log-level info --ros-args -r __node:=nav2_container --params-file /tmp/launch_params___mpikbo --params-file /tmp/launch_params_femhr4gz -r /tf:=tf -r /tf_static:=tf_static"
2026-09-27T16:37:09Z,154,"G1_20260927T163006Z",724251,"python3",6.6,83112,54119,"python3 /wt/contributions/compute-benchmark/OsakaTX/scripts/nav_goal_seq.py --x 4 --y 4 --yaw 0 --every 22.0 --pause 2.0 --cancel --repeats 0"
2026-09-27T16:37:09Z,154,"G1_20260927T163006Z",724296,"bash",0.5,4480,1341,"bash /wt/contributions/compute-benchmark/xbattlax/scripts/measure_ros_processes.sh --pattern python3|ros2|slam|nav2|component_container|nav_goal_seq --duration 380 --interval 2 --label G1_20260927T163006Z --output /wt/contributions/compute-benchmark/OsakaTX/scripts/../results/combo2/G1_20260927T163006Z.csv"
