timestamp_utc,sample_index,label,pid,comm,cpu_percent,rss_kib,pss_kib,cmdline
2026-09-25T13:11:16Z,0,"noiseE2_20260925T131030Z",408070,"python3",0.2,74284,46580,"/usr/bin/python3 -c from ros2cli.daemon.daemonize import main; main() --name ros2-daemon --ros-domain-id 0 --rmw-implementation rmw_fastrtps_cpp"
2026-09-25T13:11:16Z,0,"noiseE2_20260925T131030Z",477106,"python3",5.9,77184,48523,"python3 /wt/contributions/compute-benchmark/OsakaTX/scripts/synthetic_scan_publisher.py --duration 490 --loop-s 40 --hz 5.0 --noise 0.05"
2026-09-25T13:11:16Z,0,"noiseE2_20260925T131030Z",477122,"ros2",1.2,79092,50852,"/usr/bin/python3 /opt/ros/jazzy/bin/ros2 launch slam_toolbox online_async_launch.py slam_params_file:=/wt/contributions/compute-benchmark/OsakaTX/scripts/slam_toolbox_params.yaml use_sim_time:=False autostart:=true"
2026-09-25T13:11:16Z,0,"noiseE2_20260925T131030Z",477123,"ros2",2.6,83432,55448,"/usr/bin/python3 /opt/ros/jazzy/bin/ros2 launch nav2_bringup bringup_launch.py map:=/wt/contributions/compute-benchmark/OsakaTX/scripts/../results/combo2/combo2_nav2_map.yaml params_file:=/wt/contributions/compute-benchmark/OsakaTX/scripts/nav2_params_bench.yaml use_sim_time:=False autostart:=True slam:=False use_localization:=False"
2026-09-25T13:11:16Z,0,"noiseE2_20260925T131030Z",477142,"async_slam_tool",14.7,65380,45301,"/opt/ros/jazzy/lib/slam_toolbox/async_slam_toolbox_node --ros-args -r __node:=slam_toolbox -r __ns:=/ --params-file /wt/contributions/compute-benchmark/OsakaTX/scripts/slam_toolbox_params.yaml --params-file /tmp/launch_params_taqg3ax4"
2026-09-25T13:11:16Z,0,"noiseE2_20260925T131030Z",477175,"component_conta",30.7,161328,141082,"/opt/ros/jazzy/lib/rclcpp_components/component_container_isolated --ros-args --log-level info --ros-args -r __node:=nav2_container --params-file /tmp/launch_params_s9huhwju --params-file /tmp/launch_params_1wti_32f -r /tf:=tf -r /tf_static:=tf_static"
2026-09-25T13:11:16Z,0,"noiseE2_20260925T131030Z",477249,"python3",10.0,83612,54091,"python3 /wt/contributions/compute-benchmark/OsakaTX/scripts/nav_goal_seq.py --x 4 --y 4 --yaw 0 --every 22.0 --pause 2.0 --cancel --repeats 0"
2026-09-25T13:11:16Z,0,"noiseE2_20260925T131030Z",477293,"bash",2.7,4336,1312,"bash /wt/contributions/compute-benchmark/xbattlax/scripts/measure_ros_processes.sh --pattern python3|ros2|slam|nav2|component_container|nav_goal_seq --duration 380 --interval 2 --label noiseE2_20260925T131030Z --output /wt/contributions/compute-benchmark/OsakaTX/scripts/../results/combo2/noiseE2_20260925T131030Z.csv"
2026-09-25T13:11:19Z,1,"noiseE2_20260925T131030Z",408070,"python3",0.2,74232,46612,"/usr/bin/python3 -c from ros2cli.daemon.daemonize import main; main() --name ros2-daemon --ros-domain-id 0 --rmw-implementation rmw_fastrtps_cpp"
2026-09-25T13:11:19Z,1,"noiseE2_20260925T131030Z",477106,"python3",6.0,77260,48610,"python3 /wt/contributions/compute-benchmark/OsakaTX/scripts/synthetic_scan_publisher.py --duration 490 --loop-s 40 --hz 5.0 --noise 0.05"
2026-09-25T13:11:19Z,1,"noiseE2_20260925T131030Z",477122,"ros2",1.1,78988,50834,"/usr/bin/python3 /opt/ros/jazzy/bin/ros2 launch slam_toolbox online_async_launch.py slam_params_file:=/wt/contributions/compute-benchmark/OsakaTX/scripts/slam_toolbox_params.yaml use_sim_time:=False autostart:=true"
2026-09-25T13:11:19Z,1,"noiseE2_20260925T131030Z",477123,"ros2",2.5,83328,55432,"/usr/bin/python3 /opt/ros/jazzy/bin/ros2 launch nav2_bringup bringup_launch.py map:=/wt/contributions/compute-benchmark/OsakaTX/scripts/../results/combo2/combo2_nav2_map.yaml params_file:=/wt/contributions/compute-benchmark/OsakaTX/scripts/nav2_params_bench.yaml use_sim_time:=False autostart:=True slam:=False use_localization:=False"
2026-09-25T13:11:19Z,1,"noiseE2_20260925T131030Z",477142,"async_slam_tool",14.8,65616,45612,"/opt/ros/jazzy/lib/slam_toolbox/async_slam_toolbox_node --ros-args -r __node:=slam_toolbox -r __ns:=/ --params-file /wt/contributions/compute-benchmark/OsakaTX/scripts/slam_toolbox_params.yaml --params-file /tmp/launch_params_taqg3ax4"
2026-09-25T13:11:19Z,1,"noiseE2_20260925T131030Z",477175,"component_conta",32.1,161580,141386,"/opt/ros/jazzy/lib/rclcpp_components/component_container_isolated --ros-args --log-level info --ros-args -r __node:=nav2_container --params-file /tmp/launch_params_s9huhwju --params-file /tmp/launch_params_1wti_32f -r /tf:=tf -r /tf_static:=tf_static"
2026-09-25T13:11:19Z,1,"noiseE2_20260925T131030Z",477249,"python3",8.6,83528,54093,"python3 /wt/contributions/compute-benchmark/OsakaTX/scripts/nav_goal_seq.py --x 4 --y 4 --yaw 0 --every 22.0 --pause 2.0 --cancel --repeats 0"
2026-09-25T13:11:19Z,1,"noiseE2_20260925T131030Z",477293,"bash",0.7,4348,1319,"bash /wt/contributions/compute-benchmark/xbattlax/scripts/measure_ros_processes.sh --pattern python3|ros2|slam|nav2|component_container|nav_goal_seq --duration 380 --interval 2 --label noiseE2_20260925T131030Z --output /wt/contributions/compute-benchmark/OsakaTX/scripts/../results/combo2/noiseE2_20260925T131030Z.csv"
2026-09-25T13:11:21Z,2,"noiseE2_20260925T131030Z",408070,"python3",0.2,74124,46555,"/usr/bin/python3 -c from ros2cli.daemon.daemonize import main; main() --name ros2-daemon --ros-domain-id 0 --rmw-implementation rmw_fastrtps_cpp"
2026-09-25T13:11:21Z,2,"noiseE2_20260925T131030Z",477106,"python3",6.0,77260,48609,"python3 /wt/contributions/compute-benchmark/OsakaTX/scripts/synthetic_scan_publisher.py --duration 490 --loop-s 40 --hz 5.0 --noise 0.05"
2026-09-25T13:11:21Z,2,"noiseE2_20260925T131030Z",477122,"ros2",1.1,78924,50825,"/usr/bin/python3 /opt/ros/jazzy/bin/ros2 launch slam_toolbox online_async_launch.py slam_params_file:=/wt/contributions/compute-benchmark/OsakaTX/scripts/slam_toolbox_params.yaml use_sim_time:=False autostart:=true"
2026-09-25T13:11:21Z,2,"noiseE2_20260925T131030Z",477123,"ros2",2.3,83264,55422,"/usr/bin/python3 /opt/ros/jazzy/bin/ros2 launch nav2_bringup bringup_launch.py map:=/wt/contributions/compute-benchmark/OsakaTX/scripts/../results/combo2/combo2_nav2_map.yaml params_file:=/wt/contributions/compute-benchmark/OsakaTX/scripts/nav2_params_bench.yaml use_sim_time:=False autostart:=True slam:=False use_localization:=False"
2026-09-25T13:11:21Z,2,"noiseE2_20260925T131030Z",477142,"async_slam_tool",14.9,65884,45931,"/opt/ros/jazzy/lib/slam_toolbox/async_slam_toolbox_node --ros-args -r __node:=slam_toolbox -r __ns:=/ --params-file /wt/contributions/compute-benchmark/OsakaTX/scripts/slam_toolbox_params.yaml --params-file /tmp/launch_params_taqg3ax4"
2026-09-25T13:11:21Z,2,"noiseE2_20260925T131030Z",477175,"component_conta",33.2,161548,141407,"/opt/ros/jazzy/lib/rclcpp_components/component_container_isolated --ros-args --log-level info --ros-args -r __node:=nav2_container --params-file /tmp/launch_params_s9huhwju --params-file /tmp/launch_params_1wti_32f -r /tf:=tf -r /tf_static:=tf_static"
2026-09-25T13:11:21Z,2,"noiseE2_20260925T131030Z",477249,"python3",8.2,83464,54081,"python3 /wt/contributions/compute-benchmark/OsakaTX/scripts/nav_goal_seq.py --x 4 --y 4 --yaw 0 --every 22.0 --pause 2.0 --cancel --repeats 0"
2026-09-25T13:11:21Z,2,"noiseE2_20260925T131030Z",477293,"bash",0.7,4352,1325,"bash /wt/contributions/compute-benchmark/xbattlax/scripts/measure_ros_processes.sh --pattern python3|ros2|slam|nav2|component_container|nav_goal_seq --duration 380 --interval 2 --label noiseE2_20260925T131030Z --output /wt/contributions/compute-benchmark/OsakaTX/scripts/../results/combo2/noiseE2_20260925T131030Z.csv"
2026-09-25T13:11:24Z,3,"noiseE2_20260925T131030Z",408070,"python3",0.2,74124,46553,"/usr/bin/python3 -c from ros2cli.daemon.daemonize import main; main() --name ros2-daemon --ros-domain-id 0 --rmw-implementation rmw_fastrtps_cpp"
2026-09-25T13:11:24Z,3,"noiseE2_20260925T131030Z",477106,"python3",6.1,77260,48609,"python3 /wt/contributions/compute-benchmark/OsakaTX/scripts/synthetic_scan_publisher.py --duration 490 --loop-s 40 --hz 5.0 --noise 0.05"
2026-09-25T13:11:24Z,3,"noiseE2_20260925T131030Z",477122,"ros2",1.0,78924,50825,"/usr/bin/python3 /opt/ros/jazzy/bin/ros2 launch slam_toolbox online_async_launch.py slam_params_file:=/wt/contributions/compute-benchmark/OsakaTX/scripts/slam_toolbox_params.yaml use_sim_time:=False autostart:=true"
2026-09-25T13:11:24Z,3,"noiseE2_20260925T131030Z",477123,"ros2",2.2,83264,55422,"/usr/bin/python3 /opt/ros/jazzy/bin/ros2 launch nav2_bringup bringup_launch.py map:=/wt/contributions/compute-benchmark/OsakaTX/scripts/../results/combo2/combo2_nav2_map.yaml params_file:=/wt/contributions/compute-benchmark/OsakaTX/scripts/nav2_params_bench.yaml use_sim_time:=False autostart:=True slam:=False use_localization:=False"
2026-09-25T13:11:24Z,3,"noiseE2_20260925T131030Z",477142,"async_slam_tool",14.9,66100,46149,"/opt/ros/jazzy/lib/slam_toolbox/async_slam_toolbox_node --ros-args -r __node:=slam_toolbox -r __ns:=/ --params-file /wt/contributions/compute-benchmark/OsakaTX/scripts/slam_toolbox_params.yaml --params-file /tmp/launch_params_taqg3ax4"
2026-09-25T13:11:24Z,3,"noiseE2_20260925T131030Z",477175,"component_conta",34.3,161608,141464,"/opt/ros/jazzy/lib/rclcpp_components/component_container_isolated --ros-args --log-level info --ros-args -r __node:=nav2_container --params-file /tmp/launch_params_s9huhwju --params-file /tmp/launch_params_1wti_32f -r /tf:=tf -r /tf_static:=tf_static"
2026-09-25T13:11:24Z,3,"noiseE2_20260925T131030Z",477249,"python3",7.8,83464,54081,"python3 /wt/contributions/compute-benchmark/OsakaTX/scripts/nav_goal_seq.py --x 4 --y 4 --yaw 0 --every 22.0 --pause 2.0 --cancel --repeats 0"
2026-09-25T13:11:24Z,3,"noiseE2_20260925T131030Z",477293,"bash",0.6,4352,1315,"bash /wt/contributions/compute-benchmark/xbattlax/scripts/measure_ros_processes.sh --pattern python3|ros2|slam|nav2|component_container|nav_goal_seq --duration 380 --interval 2 --label noiseE2_20260925T131030Z --output /wt/contributions/compute-benchmark/OsakaTX/scripts/../results/combo2/noiseE2_20260925T131030Z.csv"
2026-09-25T13:11:26Z,4,"noiseE2_20260925T131030Z",408070,"python3",0.2,74124,46554,"/usr/bin/python3 -c from ros2cli.daemon.daemonize import main; main() --name ros2-daemon --ros-domain-id 0 --rmw-implementation rmw_fastrtps_cpp"
2026-09-25T13:11:26Z,4,"noiseE2_20260925T131030Z",477106,"python3",6.1,77260,48604,"python3 /wt/contributions/compute-benchmark/OsakaTX/scripts/synthetic_scan_publisher.py --duration 490 --loop-s 40 --hz 5.0 --noise 0.05"
2026-09-25T13:11:26Z,4,"noiseE2_20260925T131030Z",477122,"ros2",1.0,78924,50825,"/usr/bin/python3 /opt/ros/jazzy/bin/ros2 launch slam_toolbox online_async_launch.py slam_params_file:=/wt/contributions/compute-benchmark/OsakaTX/scripts/slam_toolbox_params.yaml use_sim_time:=False autostart:=true"
2026-09-25T13:11:26Z,4,"noiseE2_20260925T131030Z",477123,"ros2",2.1,83264,55421,"/usr/bin/python3 /opt/ros/jazzy/bin/ros2 launch nav2_bringup bringup_launch.py map:=/wt/contributions/compute-benchmark/OsakaTX/scripts/../results/combo2/combo2_nav2_map.yaml params_file:=/wt/contributions/compute-benchmark/OsakaTX/scripts/nav2_params_bench.yaml use_sim_time:=False autostart:=True slam:=False use_localization:=False"
2026-09-25T13:11:26Z,4,"noiseE2_20260925T131030Z",477142,"async_slam_tool",15.0,66528,46537,"/opt/ros/jazzy/lib/slam_toolbox/async_slam_toolbox_node --ros-args -r __node:=slam_toolbox -r __ns:=/ --params-file /wt/contributions/compute-benchmark/OsakaTX/scripts/slam_toolbox_params.yaml --params-file /tmp/launch_params_taqg3ax4"
2026-09-25T13:11:26Z,4,"noiseE2_20260925T131030Z",477175,"component_conta",35.2,161924,141773,"/opt/ros/jazzy/lib/rclcpp_components/component_container_isolated --ros-args --log-level info --ros-args -r __node:=nav2_container --params-file /tmp/launch_params_s9huhwju --params-file /tmp/launch_params_1wti_32f -r /tf:=tf -r /tf_static:=tf_static"
2026-09-25T13:11:26Z,4,"noiseE2_20260925T131030Z",477249,"python3",7.7,83464,54079,"python3 /wt/contributions/compute-benchmark/OsakaTX/scripts/nav_goal_seq.py --x 4 --y 4 --yaw 0 --every 22.0 --pause 2.0 --cancel --repeats 0"
2026-09-25T13:11:26Z,4,"noiseE2_20260925T131030Z",477293,"bash",0.5,4356,1321,"bash /wt/contributions/compute-benchmark/xbattlax/scripts/measure_ros_processes.sh --pattern python3|ros2|slam|nav2|component_container|nav_goal_seq --duration 380 --interval 2 --label noiseE2_20260925T131030Z --output /wt/contributions/compute-benchmark/OsakaTX/scripts/../results/combo2/noiseE2_20260925T131030Z.csv"
2026-09-25T13:11:28Z,5,"noiseE2_20260925T131030Z",408070,"python3",0.2,74124,46553,"/usr/bin/python3 -c from ros2cli.daemon.daemonize import main; main() --name ros2-daemon --ros-domain-id 0 --rmw-implementation rmw_fastrtps_cpp"
2026-09-25T13:11:28Z,5,"noiseE2_20260925T131030Z",477106,"python3",6.2,77260,48578,"python3 /wt/contributions/compute-benchmark/OsakaTX/scripts/synthetic_scan_publisher.py --duration 490 --loop-s 40 --hz 5.0 --noise 0.05"
2026-09-25T13:11:28Z,5,"noiseE2_20260925T131030Z",477122,"ros2",0.9,78924,50823,"/usr/bin/python3 /opt/ros/jazzy/bin/ros2 launch slam_toolbox online_async_launch.py slam_params_file:=/wt/contributions/compute-benchmark/OsakaTX/scripts/slam_toolbox_params.yaml use_sim_time:=False autostart:=true"
2026-09-25T13:11:28Z,5,"noiseE2_20260925T131030Z",477123,"ros2",2.1,83264,55421,"/usr/bin/python3 /opt/ros/jazzy/bin/ros2 launch nav2_bringup bringup_launch.py map:=/wt/contributions/compute-benchmark/OsakaTX/scripts/../results/combo2/combo2_nav2_map.yaml params_file:=/wt/contributions/compute-benchmark/OsakaTX/scripts/nav2_params_bench.yaml use_sim_time:=False autostart:=True slam:=False use_localization:=False"
2026-09-25T13:11:28Z,5,"noiseE2_20260925T131030Z",477142,"async_slam_tool",15.1,66852,46809,"/opt/ros/jazzy/lib/slam_toolbox/async_slam_toolbox_node --ros-args -r __node:=slam_toolbox -r __ns:=/ --params-file /wt/contributions/compute-benchmark/OsakaTX/scripts/slam_toolbox_params.yaml --params-file /tmp/launch_params_taqg3ax4"
2026-09-25T13:11:28Z,5,"noiseE2_20260925T131030Z",477175,"component_conta",36.0,161944,141795,"/opt/ros/jazzy/lib/rclcpp_components/component_container_isolated --ros-args --log-level info --ros-args -r __node:=nav2_container --params-file /tmp/launch_params_s9huhwju --params-file /tmp/launch_params_1wti_32f -r /tf:=tf -r /tf_static:=tf_static"
2026-09-25T13:11:28Z,5,"noiseE2_20260925T131030Z",477249,"python3",7.6,83464,54081,"python3 /wt/contributions/compute-benchmark/OsakaTX/scripts/nav_goal_seq.py --x 4 --y 4 --yaw 0 --every 22.0 --pause 2.0 --cancel --repeats 0"
2026-09-25T13:11:28Z,5,"noiseE2_20260925T131030Z",477293,"bash",0.5,4356,1322,"bash /wt/contributions/compute-benchmark/xbattlax/scripts/measure_ros_processes.sh --pattern python3|ros2|slam|nav2|component_container|nav_goal_seq --duration 380 --interval 2 --label noiseE2_20260925T131030Z --output /wt/contributions/compute-benchmark/OsakaTX/scripts/../results/combo2/noiseE2_20260925T131030Z.csv"
2026-09-25T13:11:31Z,6,"noiseE2_20260925T131030Z",408070,"python3",0.2,74124,46554,"/usr/bin/python3 -c from ros2cli.daemon.daemonize import main; main() --name ros2-daemon --ros-domain-id 0 --rmw-implementation rmw_fastrtps_cpp"
2026-09-25T13:11:31Z,6,"noiseE2_20260925T131030Z",477106,"python3",6.2,77260,48605,"python3 /wt/contributions/compute-benchmark/OsakaTX/scripts/synthetic_scan_publisher.py --duration 490 --loop-s 40 --hz 5.0 --noise 0.05"
2026-09-25T13:11:31Z,6,"noiseE2_20260925T131030Z",477122,"ros2",0.9,78924,50822,"/usr/bin/python3 /opt/ros/jazzy/bin/ros2 launch slam_toolbox online_async_launch.py slam_params_file:=/wt/contributions/compute-benchmark/OsakaTX/scripts/slam_toolbox_params.yaml use_sim_time:=False autostart:=true"
2026-09-25T13:11:31Z,6,"noiseE2_20260925T131030Z",477123,"ros2",2.0,83264,55415,"/usr/bin/python3 /opt/ros/jazzy/bin/ros2 launch nav2_bringup bringup_launch.py map:=/wt/contributions/compute-benchmark/OsakaTX/scripts/../results/combo2/combo2_nav2_map.yaml params_file:=/wt/contributions/compute-benchmark/OsakaTX/scripts/nav2_params_bench.yaml use_sim_time:=False autostart:=True slam:=False use_localization:=False"
2026-09-25T13:11:31Z,6,"noiseE2_20260925T131030Z",477142,"async_slam_tool",15.2,67088,47097,"/opt/ros/jazzy/lib/slam_toolbox/async_slam_toolbox_node --ros-args -r __node:=slam_toolbox -r __ns:=/ --params-file /wt/contributions/compute-benchmark/OsakaTX/scripts/slam_toolbox_params.yaml --params-file /tmp/launch_params_taqg3ax4"
2026-09-25T13:11:31Z,6,"noiseE2_20260925T131030Z",477175,"component_conta",36.8,162200,142050,"/opt/ros/jazzy/lib/rclcpp_components/component_container_isolated --ros-args --log-level info --ros-args -r __node:=nav2_container --params-file /tmp/launch_params_s9huhwju --params-file /tmp/launch_params_1wti_32f -r /tf:=tf -r /tf_static:=tf_static"
2026-09-25T13:11:31Z,6,"noiseE2_20260925T131030Z",477249,"python3",7.4,83464,54082,"python3 /wt/contributions/compute-benchmark/OsakaTX/scripts/nav_goal_seq.py --x 4 --y 4 --yaw 0 --every 22.0 --pause 2.0 --cancel --repeats 0"
2026-09-25T13:11:31Z,6,"noiseE2_20260925T131030Z",477293,"bash",0.5,4356,1324,"bash /wt/contributions/compute-benchmark/xbattlax/scripts/measure_ros_processes.sh --pattern python3|ros2|slam|nav2|component_container|nav_goal_seq --duration 380 --interval 2 --label noiseE2_20260925T131030Z --output /wt/contributions/compute-benchmark/OsakaTX/scripts/../results/combo2/noiseE2_20260925T131030Z.csv"
2026-09-25T13:11:33Z,7,"noiseE2_20260925T131030Z",408070,"python3",0.2,74124,46553,"/usr/bin/python3 -c from ros2cli.daemon.daemonize import main; main() --name ros2-daemon --ros-domain-id 0 --rmw-implementation rmw_fastrtps_cpp"
2026-09-25T13:11:33Z,7,"noiseE2_20260925T131030Z",477106,"python3",6.3,77260,48606,"python3 /wt/contributions/compute-benchmark/OsakaTX/scripts/synthetic_scan_publisher.py --duration 490 --loop-s 40 --hz 5.0 --noise 0.05"
2026-09-25T13:11:33Z,7,"noiseE2_20260925T131030Z",477122,"ros2",0.9,78924,50821,"/usr/bin/python3 /opt/ros/jazzy/bin/ros2 launch slam_toolbox online_async_launch.py slam_params_file:=/wt/contributions/compute-benchmark/OsakaTX/scripts/slam_toolbox_params.yaml use_sim_time:=False autostart:=true"
2026-09-25T13:11:33Z,7,"noiseE2_20260925T131030Z",477123,"ros2",1.9,83264,55421,"/usr/bin/python3 /opt/ros/jazzy/bin/ros2 launch nav2_bringup bringup_launch.py map:=/wt/contributions/compute-benchmark/OsakaTX/scripts/../results/combo2/combo2_nav2_map.yaml params_file:=/wt/contributions/compute-benchmark/OsakaTX/scripts/nav2_params_bench.yaml use_sim_time:=False autostart:=True slam:=False use_localization:=False"
2026-09-25T13:11:33Z,7,"noiseE2_20260925T131030Z",477142,"async_slam_tool",15.4,67420,47428,"/opt/ros/jazzy/lib/slam_toolbox/async_slam_toolbox_node --ros-args -r __node:=slam_toolbox -r __ns:=/ --params-file /wt/contributions/compute-benchmark/OsakaTX/scripts/slam_toolbox_params.yaml --params-file /tmp/launch_params_taqg3ax4"
2026-09-25T13:11:33Z,7,"noiseE2_20260925T131030Z",477175,"component_conta",37.5,162212,142060,"/opt/ros/jazzy/lib/rclcpp_components/component_container_isolated --ros-args --log-level info --ros-args -r __node:=nav2_container --params-file /tmp/launch_params_s9huhwju --params-file /tmp/launch_params_1wti_32f -r /tf:=tf -r /tf_static:=tf_static"
2026-09-25T13:11:33Z,7,"noiseE2_20260925T131030Z",477249,"python3",7.3,83464,54082,"python3 /wt/contributions/compute-benchmark/OsakaTX/scripts/nav_goal_seq.py --x 4 --y 4 --yaw 0 --every 22.0 --pause 2.0 --cancel --repeats 0"
2026-09-25T13:11:33Z,7,"noiseE2_20260925T131030Z",477293,"bash",0.5,4356,1321,"bash /wt/contributions/compute-benchmark/xbattlax/scripts/measure_ros_processes.sh --pattern python3|ros2|slam|nav2|component_container|nav_goal_seq --duration 380 --interval 2 --label noiseE2_20260925T131030Z --output /wt/contributions/compute-benchmark/OsakaTX/scripts/../results/combo2/noiseE2_20260925T131030Z.csv"
2026-09-25T13:11:36Z,8,"noiseE2_20260925T131030Z",408070,"python3",0.2,74124,46553,"/usr/bin/python3 -c from ros2cli.daemon.daemonize import main; main() --name ros2-daemon --ros-domain-id 0 --rmw-implementation rmw_fastrtps_cpp"
2026-09-25T13:11:36Z,8,"noiseE2_20260925T131030Z",477106,"python3",6.3,77260,48605,"python3 /wt/contributions/compute-benchmark/OsakaTX/scripts/synthetic_scan_publisher.py --duration 490 --loop-s 40 --hz 5.0 --noise 0.05"
2026-09-25T13:11:36Z,8,"noiseE2_20260925T131030Z",477122,"ros2",0.8,78924,50825,"/usr/bin/python3 /opt/ros/jazzy/bin/ros2 launch slam_toolbox online_async_launch.py slam_params_file:=/wt/contributions/compute-benchmark/OsakaTX/scripts/slam_toolbox_params.yaml use_sim_time:=False autostart:=true"
2026-09-25T13:11:36Z,8,"noiseE2_20260925T131030Z",477123,"ros2",1.8,83264,55422,"/usr/bin/python3 /opt/ros/jazzy/bin/ros2 launch nav2_bringup bringup_launch.py map:=/wt/contributions/compute-benchmark/OsakaTX/scripts/../results/combo2/combo2_nav2_map.yaml params_file:=/wt/contributions/compute-benchmark/OsakaTX/scripts/nav2_params_bench.yaml use_sim_time:=False autostart:=True slam:=False use_localization:=False"
2026-09-25T13:11:36Z,8,"noiseE2_20260925T131030Z",477142,"async_slam_tool",15.4,67628,47637,"/opt/ros/jazzy/lib/slam_toolbox/async_slam_toolbox_node --ros-args -r __node:=slam_toolbox -r __ns:=/ --params-file /wt/contributions/compute-benchmark/OsakaTX/scripts/slam_toolbox_params.yaml --params-file /tmp/launch_params_taqg3ax4"
2026-09-25T13:11:36Z,8,"noiseE2_20260925T131030Z",477175,"component_conta",38.0,162244,142094,"/opt/ros/jazzy/lib/rclcpp_components/component_container_isolated --ros-args --log-level info --ros-args -r __node:=nav2_container --params-file /tmp/launch_params_s9huhwju --params-file /tmp/launch_params_1wti_32f -r /tf:=tf -r /tf_static:=tf_static"
2026-09-25T13:11:36Z,8,"noiseE2_20260925T131030Z",477249,"python3",7.3,83464,54081,"python3 /wt/contributions/compute-benchmark/OsakaTX/scripts/nav_goal_seq.py --x 4 --y 4 --yaw 0 --every 22.0 --pause 2.0 --cancel --repeats 0"
2026-09-25T13:11:36Z,8,"noiseE2_20260925T131030Z",477293,"bash",0.5,4356,1326,"bash /wt/contributions/compute-benchmark/xbattlax/scripts/measure_ros_processes.sh --pattern python3|ros2|slam|nav2|component_container|nav_goal_seq --duration 380 --interval 2 --label noiseE2_20260925T131030Z --output /wt/contributions/compute-benchmark/OsakaTX/scripts/../results/combo2/noiseE2_20260925T131030Z.csv"
2026-09-25T13:11:38Z,9,"noiseE2_20260925T131030Z",408070,"python3",0.2,74124,46553,"/usr/bin/python3 -c from ros2cli.daemon.daemonize import main; main() --name ros2-daemon --ros-domain-id 0 --rmw-implementation rmw_fastrtps_cpp"
2026-09-25T13:11:38Z,9,"noiseE2_20260925T131030Z",477106,"python3",6.3,77208,48554,"python3 /wt/contributions/compute-benchmark/OsakaTX/scripts/synthetic_scan_publisher.py --duration 490 --loop-s 40 --hz 5.0 --noise 0.05"
2026-09-25T13:11:38Z,9,"noiseE2_20260925T131030Z",477122,"ros2",0.8,78924,50821,"/usr/bin/python3 /opt/ros/jazzy/bin/ros2 launch slam_toolbox online_async_launch.py slam_params_file:=/wt/contributions/compute-benchmark/OsakaTX/scripts/slam_toolbox_params.yaml use_sim_time:=False autostart:=true"
2026-09-25T13:11:38Z,9,"noiseE2_20260925T131030Z",477123,"ros2",1.8,83264,55420,"/usr/bin/python3 /opt/ros/jazzy/bin/ros2 launch nav2_bringup bringup_launch.py map:=/wt/contributions/compute-benchmark/OsakaTX/scripts/../results/combo2/combo2_nav2_map.yaml params_file:=/wt/contributions/compute-benchmark/OsakaTX/scripts/nav2_params_bench.yaml use_sim_time:=False autostart:=True slam:=False use_localization:=False"
2026-09-25T13:11:38Z,9,"noiseE2_20260925T131030Z",477142,"async_slam_tool",15.4,67896,47905,"/opt/ros/jazzy/lib/slam_toolbox/async_slam_toolbox_node --ros-args -r __node:=slam_toolbox -r __ns:=/ --params-file /wt/contributions/compute-benchmark/OsakaTX/scripts/slam_toolbox_params.yaml --params-file /tmp/launch_params_taqg3ax4"
2026-09-25T13:11:38Z,9,"noiseE2_20260925T131030Z",477175,"component_conta",38.5,164720,144570,"/opt/ros/jazzy/lib/rclcpp_components/component_container_isolated --ros-args --log-level info --ros-args -r __node:=nav2_container --params-file /tmp/launch_params_s9huhwju --params-file /tmp/launch_params_1wti_32f -r /tf:=tf -r /tf_static:=tf_static"
2026-09-25T13:11:38Z,9,"noiseE2_20260925T131030Z",477249,"python3",7.0,83468,54084,"python3 /wt/contributions/compute-benchmark/OsakaTX/scripts/nav_goal_seq.py --x 4 --y 4 --yaw 0 --every 22.0 --pause 2.0 --cancel --repeats 0"
2026-09-25T13:11:38Z,9,"noiseE2_20260925T131030Z",477293,"bash",0.5,4356,1323,"bash /wt/contributions/compute-benchmark/xbattlax/scripts/measure_ros_processes.sh --pattern python3|ros2|slam|nav2|component_container|nav_goal_seq --duration 380 --interval 2 --label noiseE2_20260925T131030Z --output /wt/contributions/compute-benchmark/OsakaTX/scripts/../results/combo2/noiseE2_20260925T131030Z.csv"
2026-09-25T13:11:40Z,10,"noiseE2_20260925T131030Z",408070,"python3",0.2,74124,46554,"/usr/bin/python3 -c from ros2cli.daemon.daemonize import main; main() --name ros2-daemon --ros-domain-id 0 --rmw-implementation rmw_fastrtps_cpp"
2026-09-25T13:11:40Z,10,"noiseE2_20260925T131030Z",477106,"python3",6.2,77208,48554,"python3 /wt/contributions/compute-benchmark/OsakaTX/scripts/synthetic_scan_publisher.py --duration 490 --loop-s 40 --hz 5.0 --noise 0.05"
2026-09-25T13:11:40Z,10,"noiseE2_20260925T131030Z",477122,"ros2",0.8,78924,50824,"/usr/bin/python3 /opt/ros/jazzy/bin/ros2 launch slam_toolbox online_async_launch.py slam_params_file:=/wt/contributions/compute-benchmark/OsakaTX/scripts/slam_toolbox_params.yaml use_sim_time:=False autostart:=true"
2026-09-25T13:11:40Z,10,"noiseE2_20260925T131030Z",477123,"ros2",1.7,83264,55417,"/usr/bin/python3 /opt/ros/jazzy/bin/ros2 launch nav2_bringup bringup_launch.py map:=/wt/contributions/compute-benchmark/OsakaTX/scripts/../results/combo2/combo2_nav2_map.yaml params_file:=/wt/contributions/compute-benchmark/OsakaTX/scripts/nav2_params_bench.yaml use_sim_time:=False autostart:=True slam:=False use_localization:=False"
2026-09-25T13:11:40Z,10,"noiseE2_20260925T131030Z",477142,"async_slam_tool",15.5,68168,48177,"/opt/ros/jazzy/lib/slam_toolbox/async_slam_toolbox_node --ros-args -r __node:=slam_toolbox -r __ns:=/ --params-file /wt/contributions/compute-benchmark/OsakaTX/scripts/slam_toolbox_params.yaml --params-file /tmp/launch_params_taqg3ax4"
2026-09-25T13:11:40Z,10,"noiseE2_20260925T131030Z",477175,"component_conta",38.4,165828,145675,"/opt/ros/jazzy/lib/rclcpp_components/component_container_isolated --ros-args --log-level info --ros-args -r __node:=nav2_container --params-file /tmp/launch_params_s9huhwju --params-file /tmp/launch_params_1wti_32f -r /tf:=tf -r /tf_static:=tf_static"
2026-09-25T13:11:40Z,10,"noiseE2_20260925T131030Z",477249,"python3",6.7,83484,54102,"python3 /wt/contributions/compute-benchmark/OsakaTX/scripts/nav_goal_seq.py --x 4 --y 4 --yaw 0 --every 22.0 --pause 2.0 --cancel --repeats 0"
2026-09-25T13:11:40Z,10,"noiseE2_20260925T131030Z",477293,"bash",0.5,4356,1325,"bash /wt/contributions/compute-benchmark/xbattlax/scripts/measure_ros_processes.sh --pattern python3|ros2|slam|nav2|component_container|nav_goal_seq --duration 380 --interval 2 --label noiseE2_20260925T131030Z --output /wt/contributions/compute-benchmark/OsakaTX/scripts/../results/combo2/noiseE2_20260925T131030Z.csv"
2026-09-25T13:11:43Z,11,"noiseE2_20260925T131030Z",408070,"python3",0.2,74124,46554,"/usr/bin/python3 -c from ros2cli.daemon.daemonize import main; main() --name ros2-daemon --ros-domain-id 0 --rmw-implementation rmw_fastrtps_cpp"
2026-09-25T13:11:43Z,11,"noiseE2_20260925T131030Z",477106,"python3",6.2,77208,48553,"python3 /wt/contributions/compute-benchmark/OsakaTX/scripts/synthetic_scan_publisher.py --duration 490 --loop-s 40 --hz 5.0 --noise 0.05"
2026-09-25T13:11:43Z,11,"noiseE2_20260925T131030Z",477122,"ros2",0.8,78924,50822,"/usr/bin/python3 /opt/ros/jazzy/bin/ros2 launch slam_toolbox online_async_launch.py slam_params_file:=/wt/contributions/compute-benchmark/OsakaTX/scripts/slam_toolbox_params.yaml use_sim_time:=False autostart:=true"
2026-09-25T13:11:43Z,11,"noiseE2_20260925T131030Z",477123,"ros2",1.7,83264,55420,"/usr/bin/python3 /opt/ros/jazzy/bin/ros2 launch nav2_bringup bringup_launch.py map:=/wt/contributions/compute-benchmark/OsakaTX/scripts/../results/combo2/combo2_nav2_map.yaml params_file:=/wt/contributions/compute-benchmark/OsakaTX/scripts/nav2_params_bench.yaml use_sim_time:=False autostart:=True slam:=False use_localization:=False"
2026-09-25T13:11:43Z,11,"noiseE2_20260925T131030Z",477142,"async_slam_tool",15.5,68460,48469,"/opt/ros/jazzy/lib/slam_toolbox/async_slam_toolbox_node --ros-args -r __node:=slam_toolbox -r __ns:=/ --params-file /wt/contributions/compute-benchmark/OsakaTX/scripts/slam_toolbox_params.yaml --params-file /tmp/launch_params_taqg3ax4"
2026-09-25T13:11:43Z,11,"noiseE2_20260925T131030Z",477175,"component_conta",38.9,165968,145815,"/opt/ros/jazzy/lib/rclcpp_components/component_container_isolated --ros-args --log-level info --ros-args -r __node:=nav2_container --params-file /tmp/launch_params_s9huhwju --params-file /tmp/launch_params_1wti_32f -r /tf:=tf -r /tf_static:=tf_static"
2026-09-25T13:11:43Z,11,"noiseE2_20260925T131030Z",477249,"python3",6.7,83484,54098,"python3 /wt/contributions/compute-benchmark/OsakaTX/scripts/nav_goal_seq.py --x 4 --y 4 --yaw 0 --every 22.0 --pause 2.0 --cancel --repeats 0"
2026-09-25T13:11:43Z,11,"noiseE2_20260925T131030Z",477293,"bash",0.5,4356,1322,"bash /wt/contributions/compute-benchmark/xbattlax/scripts/measure_ros_processes.sh --pattern python3|ros2|slam|nav2|component_container|nav_goal_seq --duration 380 --interval 2 --label noiseE2_20260925T131030Z --output /wt/contributions/compute-benchmark/OsakaTX/scripts/../results/combo2/noiseE2_20260925T131030Z.csv"
2026-09-25T13:11:45Z,12,"noiseE2_20260925T131030Z",408070,"python3",0.2,74124,46550,"/usr/bin/python3 -c from ros2cli.daemon.daemonize import main; main() --name ros2-daemon --ros-domain-id 0 --rmw-implementation rmw_fastrtps_cpp"
2026-09-25T13:11:45Z,12,"noiseE2_20260925T131030Z",477106,"python3",6.2,77208,48552,"python3 /wt/contributions/compute-benchmark/OsakaTX/scripts/synthetic_scan_publisher.py --duration 490 --loop-s 40 --hz 5.0 --noise 0.05"
2026-09-25T13:11:45Z,12,"noiseE2_20260925T131030Z",477122,"ros2",0.7,78924,50824,"/usr/bin/python3 /opt/ros/jazzy/bin/ros2 launch slam_toolbox online_async_launch.py slam_params_file:=/wt/contributions/compute-benchmark/OsakaTX/scripts/slam_toolbox_params.yaml use_sim_time:=False autostart:=true"
2026-09-25T13:11:45Z,12,"noiseE2_20260925T131030Z",477123,"ros2",1.6,83264,55422,"/usr/bin/python3 /opt/ros/jazzy/bin/ros2 launch nav2_bringup bringup_launch.py map:=/wt/contributions/compute-benchmark/OsakaTX/scripts/../results/combo2/combo2_nav2_map.yaml params_file:=/wt/contributions/compute-benchmark/OsakaTX/scripts/nav2_params_bench.yaml use_sim_time:=False autostart:=True slam:=False use_localization:=False"
2026-09-25T13:11:45Z,12,"noiseE2_20260925T131030Z",477142,"async_slam_tool",15.7,68812,48821,"/opt/ros/jazzy/lib/slam_toolbox/async_slam_toolbox_node --ros-args -r __node:=slam_toolbox -r __ns:=/ --params-file /wt/contributions/compute-benchmark/OsakaTX/scripts/slam_toolbox_params.yaml --params-file /tmp/launch_params_taqg3ax4"
2026-09-25T13:11:45Z,12,"noiseE2_20260925T131030Z",477175,"component_conta",39.5,165980,145830,"/opt/ros/jazzy/lib/rclcpp_components/component_container_isolated --ros-args --log-level info --ros-args -r __node:=nav2_container --params-file /tmp/launch_params_s9huhwju --params-file /tmp/launch_params_1wti_32f -r /tf:=tf -r /tf_static:=tf_static"
2026-09-25T13:11:45Z,12,"noiseE2_20260925T131030Z",477249,"python3",6.7,83488,54105,"python3 /wt/contributions/compute-benchmark/OsakaTX/scripts/nav_goal_seq.py --x 4 --y 4 --yaw 0 --every 22.0 --pause 2.0 --cancel --repeats 0"
2026-09-25T13:11:45Z,12,"noiseE2_20260925T131030Z",477293,"bash",0.5,4356,1321,"bash /wt/contributions/compute-benchmark/xbattlax/scripts/measure_ros_processes.sh --pattern python3|ros2|slam|nav2|component_container|nav_goal_seq --duration 380 --interval 2 --label noiseE2_20260925T131030Z --output /wt/contributions/compute-benchmark/OsakaTX/scripts/../results/combo2/noiseE2_20260925T131030Z.csv"
2026-09-25T13:11:48Z,13,"noiseE2_20260925T131030Z",408070,"python3",0.1,74124,46550,"/usr/bin/python3 -c from ros2cli.daemon.daemonize import main; main() --name ros2-daemon --ros-domain-id 0 --rmw-implementation rmw_fastrtps_cpp"
2026-09-25T13:11:48Z,13,"noiseE2_20260925T131030Z",477106,"python3",6.2,77208,48552,"python3 /wt/contributions/compute-benchmark/OsakaTX/scripts/synthetic_scan_publisher.py --duration 490 --loop-s 40 --hz 5.0 --noise 0.05"
2026-09-25T13:11:48Z,13,"noiseE2_20260925T131030Z",477122,"ros2",0.7,78924,50820,"/usr/bin/python3 /opt/ros/jazzy/bin/ros2 launch slam_toolbox online_async_launch.py slam_params_file:=/wt/contributions/compute-benchmark/OsakaTX/scripts/slam_toolbox_params.yaml use_sim_time:=False autostart:=true"
2026-09-25T13:11:48Z,13,"noiseE2_20260925T131030Z",477123,"ros2",1.6,83264,55422,"/usr/bin/python3 /opt/ros/jazzy/bin/ros2 launch nav2_bringup bringup_launch.py map:=/wt/contributions/compute-benchmark/OsakaTX/scripts/../results/combo2/combo2_nav2_map.yaml params_file:=/wt/contributions/compute-benchmark/OsakaTX/scripts/nav2_params_bench.yaml use_sim_time:=False autostart:=True slam:=False use_localization:=False"
2026-09-25T13:11:48Z,13,"noiseE2_20260925T131030Z",477142,"async_slam_tool",15.6,69000,49008,"/opt/ros/jazzy/lib/slam_toolbox/async_slam_toolbox_node --ros-args -r __node:=slam_toolbox -r __ns:=/ --params-file /wt/contributions/compute-benchmark/OsakaTX/scripts/slam_toolbox_params.yaml --params-file /tmp/launch_params_taqg3ax4"
2026-09-25T13:11:48Z,13,"noiseE2_20260925T131030Z",477175,"component_conta",39.9,165980,145830,"/opt/ros/jazzy/lib/rclcpp_components/component_container_isolated --ros-args --log-level info --ros-args -r __node:=nav2_container --params-file /tmp/launch_params_s9huhwju --params-file /tmp/launch_params_1wti_32f -r /tf:=tf -r /tf_static:=tf_static"
2026-09-25T13:11:48Z,13,"noiseE2_20260925T131030Z",477249,"python3",6.7,83488,54106,"python3 /wt/contributions/compute-benchmark/OsakaTX/scripts/nav_goal_seq.py --x 4 --y 4 --yaw 0 --every 22.0 --pause 2.0 --cancel --repeats 0"
2026-09-25T13:11:48Z,13,"noiseE2_20260925T131030Z",477293,"bash",0.5,4356,1332,"bash /wt/contributions/compute-benchmark/xbattlax/scripts/measure_ros_processes.sh --pattern python3|ros2|slam|nav2|component_container|nav_goal_seq --duration 380 --interval 2 --label noiseE2_20260925T131030Z --output /wt/contributions/compute-benchmark/OsakaTX/scripts/../results/combo2/noiseE2_20260925T131030Z.csv"
2026-09-25T13:11:50Z,14,"noiseE2_20260925T131030Z",408070,"python3",0.2,74124,46553,"/usr/bin/python3 -c from ros2cli.daemon.daemonize import main; main() --name ros2-daemon --ros-domain-id 0 --rmw-implementation rmw_fastrtps_cpp"
2026-09-25T13:11:50Z,14,"noiseE2_20260925T131030Z",477106,"python3",6.2,77208,48551,"python3 /wt/contributions/compute-benchmark/OsakaTX/scripts/synthetic_scan_publisher.py --duration 490 --loop-s 40 --hz 5.0 --noise 0.05"
2026-09-25T13:11:50Z,14,"noiseE2_20260925T131030Z",477122,"ros2",0.7,78924,50821,"/usr/bin/python3 /opt/ros/jazzy/bin/ros2 launch slam_toolbox online_async_launch.py slam_params_file:=/wt/contributions/compute-benchmark/OsakaTX/scripts/slam_toolbox_params.yaml use_sim_time:=False autostart:=true"
2026-09-25T13:11:50Z,14,"noiseE2_20260925T131030Z",477123,"ros2",1.5,83264,55421,"/usr/bin/python3 /opt/ros/jazzy/bin/ros2 launch nav2_bringup bringup_launch.py map:=/wt/contributions/compute-benchmark/OsakaTX/scripts/../results/combo2/combo2_nav2_map.yaml params_file:=/wt/contributions/compute-benchmark/OsakaTX/scripts/nav2_params_bench.yaml use_sim_time:=False autostart:=True slam:=False use_localization:=False"
2026-09-25T13:11:50Z,14,"noiseE2_20260925T131030Z",477142,"async_slam_tool",15.7,69280,49288,"/opt/ros/jazzy/lib/slam_toolbox/async_slam_toolbox_node --ros-args -r __node:=slam_toolbox -r __ns:=/ --params-file /wt/contributions/compute-benchmark/OsakaTX/scripts/slam_toolbox_params.yaml --params-file /tmp/launch_params_taqg3ax4"
2026-09-25T13:11:50Z,14,"noiseE2_20260925T131030Z",477175,"component_conta",40.3,165996,145846,"/opt/ros/jazzy/lib/rclcpp_components/component_container_isolated --ros-args --log-level info --ros-args -r __node:=nav2_container --params-file /tmp/launch_params_s9huhwju --params-file /tmp/launch_params_1wti_32f -r /tf:=tf -r /tf_static:=tf_static"
2026-09-25T13:11:50Z,14,"noiseE2_20260925T131030Z",477249,"python3",6.7,83488,54102,"python3 /wt/contributions/compute-benchmark/OsakaTX/scripts/nav_goal_seq.py --x 4 --y 4 --yaw 0 --every 22.0 --pause 2.0 --cancel --repeats 0"
2026-09-25T13:11:50Z,14,"noiseE2_20260925T131030Z",477293,"bash",0.5,4356,1325,"bash /wt/contributions/compute-benchmark/xbattlax/scripts/measure_ros_processes.sh --pattern python3|ros2|slam|nav2|component_container|nav_goal_seq --duration 380 --interval 2 --label noiseE2_20260925T131030Z --output /wt/contributions/compute-benchmark/OsakaTX/scripts/../results/combo2/noiseE2_20260925T131030Z.csv"
2026-09-25T13:11:52Z,15,"noiseE2_20260925T131030Z",408070,"python3",0.1,74124,46555,"/usr/bin/python3 -c from ros2cli.daemon.daemonize import main; main() --name ros2-daemon --ros-domain-id 0 --rmw-implementation rmw_fastrtps_cpp"
2026-09-25T13:11:52Z,15,"noiseE2_20260925T131030Z",477106,"python3",6.1,77208,48554,"python3 /wt/contributions/compute-benchmark/OsakaTX/scripts/synthetic_scan_publisher.py --duration 490 --loop-s 40 --hz 5.0 --noise 0.05"
2026-09-25T13:11:52Z,15,"noiseE2_20260925T131030Z",477122,"ros2",0.7,78924,50823,"/usr/bin/python3 /opt/ros/jazzy/bin/ros2 launch slam_toolbox online_async_launch.py slam_params_file:=/wt/contributions/compute-benchmark/OsakaTX/scripts/slam_toolbox_params.yaml use_sim_time:=False autostart:=true"
2026-09-25T13:11:52Z,15,"noiseE2_20260925T131030Z",477123,"ros2",1.5,83264,55421,"/usr/bin/python3 /opt/ros/jazzy/bin/ros2 launch nav2_bringup bringup_launch.py map:=/wt/contributions/compute-benchmark/OsakaTX/scripts/../results/combo2/combo2_nav2_map.yaml params_file:=/wt/contributions/compute-benchmark/OsakaTX/scripts/nav2_params_bench.yaml use_sim_time:=False autostart:=True slam:=False use_localization:=False"
2026-09-25T13:11:52Z,15,"noiseE2_20260925T131030Z",477142,"async_slam_tool",15.9,69552,49551,"/opt/ros/jazzy/lib/slam_toolbox/async_slam_toolbox_node --ros-args -r __node:=slam_toolbox -r __ns:=/ --params-file /wt/contributions/compute-benchmark/OsakaTX/scripts/slam_toolbox_params.yaml --params-file /tmp/launch_params_taqg3ax4"
2026-09-25T13:11:52Z,15,"noiseE2_20260925T131030Z",477175,"component_conta",40.7,167188,147028,"/opt/ros/jazzy/lib/rclcpp_components/component_container_isolated --ros-args --log-level info --ros-args -r __node:=nav2_container --params-file /tmp/launch_params_s9huhwju --params-file /tmp/launch_params_1wti_32f -r /tf:=tf -r /tf_static:=tf_static"
2026-09-25T13:11:52Z,15,"noiseE2_20260925T131030Z",477249,"python3",6.7,83488,54106,"python3 /wt/contributions/compute-benchmark/OsakaTX/scripts/nav_goal_seq.py --x 4 --y 4 --yaw 0 --every 22.0 --pause 2.0 --cancel --repeats 0"
2026-09-25T13:11:52Z,15,"noiseE2_20260925T131030Z",477293,"bash",0.5,4356,1330,"bash /wt/contributions/compute-benchmark/xbattlax/scripts/measure_ros_processes.sh --pattern python3|ros2|slam|nav2|component_container|nav_goal_seq --duration 380 --interval 2 --label noiseE2_20260925T131030Z --output /wt/contributions/compute-benchmark/OsakaTX/scripts/../results/combo2/noiseE2_20260925T131030Z.csv"
2026-09-25T13:11:55Z,16,"noiseE2_20260925T131030Z",408070,"python3",0.2,74124,46554,"/usr/bin/python3 -c from ros2cli.daemon.daemonize import main; main() --name ros2-daemon --ros-domain-id 0 --rmw-implementation rmw_fastrtps_cpp"
2026-09-25T13:11:55Z,16,"noiseE2_20260925T131030Z",477106,"python3",6.1,77208,48551,"python3 /wt/contributions/compute-benchmark/OsakaTX/scripts/synthetic_scan_publisher.py --duration 490 --loop-s 40 --hz 5.0 --noise 0.05"
2026-09-25T13:11:55Z,16,"noiseE2_20260925T131030Z",477122,"ros2",0.7,78924,50820,"/usr/bin/python3 /opt/ros/jazzy/bin/ros2 launch slam_toolbox online_async_launch.py slam_params_file:=/wt/contributions/compute-benchmark/OsakaTX/scripts/slam_toolbox_params.yaml use_sim_time:=False autostart:=true"
2026-09-25T13:11:55Z,16,"noiseE2_20260925T131030Z",477123,"ros2",1.5,83264,55421,"/usr/bin/python3 /opt/ros/jazzy/bin/ros2 launch nav2_bringup bringup_launch.py map:=/wt/contributions/compute-benchmark/OsakaTX/scripts/../results/combo2/combo2_nav2_map.yaml params_file:=/wt/contributions/compute-benchmark/OsakaTX/scripts/nav2_params_bench.yaml use_sim_time:=False autostart:=True slam:=False use_localization:=False"
2026-09-25T13:11:55Z,16,"noiseE2_20260925T131030Z",477142,"async_slam_tool",15.9,69852,49852,"/opt/ros/jazzy/lib/slam_toolbox/async_slam_toolbox_node --ros-args -r __node:=slam_toolbox -r __ns:=/ --params-file /wt/contributions/compute-benchmark/OsakaTX/scripts/slam_toolbox_params.yaml --params-file /tmp/launch_params_taqg3ax4"
2026-09-25T13:11:55Z,16,"noiseE2_20260925T131030Z",477175,"component_conta",40.3,167204,147043,"/opt/ros/jazzy/lib/rclcpp_components/component_container_isolated --ros-args --log-level info --ros-args -r __node:=nav2_container --params-file /tmp/launch_params_s9huhwju --params-file /tmp/launch_params_1wti_32f -r /tf:=tf -r /tf_static:=tf_static"
2026-09-25T13:11:55Z,16,"noiseE2_20260925T131030Z",477249,"python3",6.7,83488,54103,"python3 /wt/contributions/compute-benchmark/OsakaTX/scripts/nav_goal_seq.py --x 4 --y 4 --yaw 0 --every 22.0 --pause 2.0 --cancel --repeats 0"
2026-09-25T13:11:55Z,16,"noiseE2_20260925T131030Z",477293,"bash",0.5,4356,1329,"bash /wt/contributions/compute-benchmark/xbattlax/scripts/measure_ros_processes.sh --pattern python3|ros2|slam|nav2|component_container|nav_goal_seq --duration 380 --interval 2 --label noiseE2_20260925T131030Z --output /wt/contributions/compute-benchmark/OsakaTX/scripts/../results/combo2/noiseE2_20260925T131030Z.csv"
2026-09-25T13:11:57Z,17,"noiseE2_20260925T131030Z",408070,"python3",0.1,74124,46554,"/usr/bin/python3 -c from ros2cli.daemon.daemonize import main; main() --name ros2-daemon --ros-domain-id 0 --rmw-implementation rmw_fastrtps_cpp"
2026-09-25T13:11:57Z,17,"noiseE2_20260925T131030Z",477106,"python3",6.1,77208,48554,"python3 /wt/contributions/compute-benchmark/OsakaTX/scripts/synthetic_scan_publisher.py --duration 490 --loop-s 40 --hz 5.0 --noise 0.05"
2026-09-25T13:11:57Z,17,"noiseE2_20260925T131030Z",477122,"ros2",0.6,78924,50822,"/usr/bin/python3 /opt/ros/jazzy/bin/ros2 launch slam_toolbox online_async_launch.py slam_params_file:=/wt/contributions/compute-benchmark/OsakaTX/scripts/slam_toolbox_params.yaml use_sim_time:=False autostart:=true"
2026-09-25T13:11:57Z,17,"noiseE2_20260925T131030Z",477123,"ros2",1.4,83264,55420,"/usr/bin/python3 /opt/ros/jazzy/bin/ros2 launch nav2_bringup bringup_launch.py map:=/wt/contributions/compute-benchmark/OsakaTX/scripts/../results/combo2/combo2_nav2_map.yaml params_file:=/wt/contributions/compute-benchmark/OsakaTX/scripts/nav2_params_bench.yaml use_sim_time:=False autostart:=True slam:=False use_localization:=False"
2026-09-25T13:11:57Z,17,"noiseE2_20260925T131030Z",477142,"async_slam_tool",16.0,70196,50195,"/opt/ros/jazzy/lib/slam_toolbox/async_slam_toolbox_node --ros-args -r __node:=slam_toolbox -r __ns:=/ --params-file /wt/contributions/compute-benchmark/OsakaTX/scripts/slam_toolbox_params.yaml --params-file /tmp/launch_params_taqg3ax4"
2026-09-25T13:11:57Z,17,"noiseE2_20260925T131030Z",477175,"component_conta",40.1,167212,147052,"/opt/ros/jazzy/lib/rclcpp_components/component_container_isolated --ros-args --log-level info --ros-args -r __node:=nav2_container --params-file /tmp/launch_params_s9huhwju --params-file /tmp/launch_params_1wti_32f -r /tf:=tf -r /tf_static:=tf_static"
2026-09-25T13:11:57Z,17,"noiseE2_20260925T131030Z",477249,"python3",6.7,83488,54105,"python3 /wt/contributions/compute-benchmark/OsakaTX/scripts/nav_goal_seq.py --x 4 --y 4 --yaw 0 --every 22.0 --pause 2.0 --cancel --repeats 0"
2026-09-25T13:11:57Z,17,"noiseE2_20260925T131030Z",477293,"bash",0.5,4356,1333,"bash /wt/contributions/compute-benchmark/xbattlax/scripts/measure_ros_processes.sh --pattern python3|ros2|slam|nav2|component_container|nav_goal_seq --duration 380 --interval 2 --label noiseE2_20260925T131030Z --output /wt/contributions/compute-benchmark/OsakaTX/scripts/../results/combo2/noiseE2_20260925T131030Z.csv"
2026-09-25T13:12:00Z,18,"noiseE2_20260925T131030Z",408070,"python3",0.1,74124,46550,"/usr/bin/python3 -c from ros2cli.daemon.daemonize import main; main() --name ros2-daemon --ros-domain-id 0 --rmw-implementation rmw_fastrtps_cpp"
2026-09-25T13:12:00Z,18,"noiseE2_20260925T131030Z",477106,"python3",6.0,77208,48552,"python3 /wt/contributions/compute-benchmark/OsakaTX/scripts/synthetic_scan_publisher.py --duration 490 --loop-s 40 --hz 5.0 --noise 0.05"
2026-09-25T13:12:00Z,18,"noiseE2_20260925T131030Z",477122,"ros2",0.6,78924,50824,"/usr/bin/python3 /opt/ros/jazzy/bin/ros2 launch slam_toolbox online_async_launch.py slam_params_file:=/wt/contributions/compute-benchmark/OsakaTX/scripts/slam_toolbox_params.yaml use_sim_time:=False autostart:=true"
2026-09-25T13:12:00Z,18,"noiseE2_20260925T131030Z",477123,"ros2",1.4,83264,55421,"/usr/bin/python3 /opt/ros/jazzy/bin/ros2 launch nav2_bringup bringup_launch.py map:=/wt/contributions/compute-benchmark/OsakaTX/scripts/../results/combo2/combo2_nav2_map.yaml params_file:=/wt/contributions/compute-benchmark/OsakaTX/scripts/nav2_params_bench.yaml use_sim_time:=False autostart:=True slam:=False use_localization:=False"
2026-09-25T13:12:00Z,18,"noiseE2_20260925T131030Z",477142,"async_slam_tool",15.9,70372,50371,"/opt/ros/jazzy/lib/slam_toolbox/async_slam_toolbox_node --ros-args -r __node:=slam_toolbox -r __ns:=/ --params-file /wt/contributions/compute-benchmark/OsakaTX/scripts/slam_toolbox_params.yaml --params-file /tmp/launch_params_taqg3ax4"
2026-09-25T13:12:00Z,18,"noiseE2_20260925T131030Z",477175,"component_conta",40.2,167068,146905,"/opt/ros/jazzy/lib/rclcpp_components/component_container_isolated --ros-args --log-level info --ros-args -r __node:=nav2_container --params-file /tmp/launch_params_s9huhwju --params-file /tmp/launch_params_1wti_32f -r /tf:=tf -r /tf_static:=tf_static"
2026-09-25T13:12:00Z,18,"noiseE2_20260925T131030Z",477249,"python3",6.7,83488,54104,"python3 /wt/contributions/compute-benchmark/OsakaTX/scripts/nav_goal_seq.py --x 4 --y 4 --yaw 0 --every 22.0 --pause 2.0 --cancel --repeats 0"
2026-09-25T13:12:00Z,18,"noiseE2_20260925T131030Z",477293,"bash",0.5,4356,1329,"bash /wt/contributions/compute-benchmark/xbattlax/scripts/measure_ros_processes.sh --pattern python3|ros2|slam|nav2|component_container|nav_goal_seq --duration 380 --interval 2 --label noiseE2_20260925T131030Z --output /wt/contributions/compute-benchmark/OsakaTX/scripts/../results/combo2/noiseE2_20260925T131030Z.csv"
2026-09-25T13:12:02Z,19,"noiseE2_20260925T131030Z",408070,"python3",0.1,74124,46550,"/usr/bin/python3 -c from ros2cli.daemon.daemonize import main; main() --name ros2-daemon --ros-domain-id 0 --rmw-implementation rmw_fastrtps_cpp"
2026-09-25T13:12:02Z,19,"noiseE2_20260925T131030Z",477106,"python3",6.0,77208,48554,"python3 /wt/contributions/compute-benchmark/OsakaTX/scripts/synthetic_scan_publisher.py --duration 490 --loop-s 40 --hz 5.0 --noise 0.05"
2026-09-25T13:12:02Z,19,"noiseE2_20260925T131030Z",477122,"ros2",0.6,78924,50820,"/usr/bin/python3 /opt/ros/jazzy/bin/ros2 launch slam_toolbox online_async_launch.py slam_params_file:=/wt/contributions/compute-benchmark/OsakaTX/scripts/slam_toolbox_params.yaml use_sim_time:=False autostart:=true"
2026-09-25T13:12:02Z,19,"noiseE2_20260925T131030Z",477123,"ros2",1.4,83264,55421,"/usr/bin/python3 /opt/ros/jazzy/bin/ros2 launch nav2_bringup bringup_launch.py map:=/wt/contributions/compute-benchmark/OsakaTX/scripts/../results/combo2/combo2_nav2_map.yaml params_file:=/wt/contributions/compute-benchmark/OsakaTX/scripts/nav2_params_bench.yaml use_sim_time:=False autostart:=True slam:=False use_localization:=False"
2026-09-25T13:12:02Z,19,"noiseE2_20260925T131030Z",477142,"async_slam_tool",16.0,70644,50643,"/opt/ros/jazzy/lib/slam_toolbox/async_slam_toolbox_node --ros-args -r __node:=slam_toolbox -r __ns:=/ --params-file /wt/contributions/compute-benchmark/OsakaTX/scripts/slam_toolbox_params.yaml --params-file /tmp/launch_params_taqg3ax4"
2026-09-25T13:12:02Z,19,"noiseE2_20260925T131030Z",477175,"component_conta",40.3,167244,147081,"/opt/ros/jazzy/lib/rclcpp_components/component_container_isolated --ros-args --log-level info --ros-args -r __node:=nav2_container --params-file /tmp/launch_params_s9huhwju --params-file /tmp/launch_params_1wti_32f -r /tf:=tf -r /tf_static:=tf_static"
2026-09-25T13:12:02Z,19,"noiseE2_20260925T131030Z",477249,"python3",6.6,83488,54106,"python3 /wt/contributions/compute-benchmark/OsakaTX/scripts/nav_goal_seq.py --x 4 --y 4 --yaw 0 --every 22.0 --pause 2.0 --cancel --repeats 0"
2026-09-25T13:12:02Z,19,"noiseE2_20260925T131030Z",477293,"bash",0.5,4356,1329,"bash /wt/contributions/compute-benchmark/xbattlax/scripts/measure_ros_processes.sh --pattern python3|ros2|slam|nav2|component_container|nav_goal_seq --duration 380 --interval 2 --label noiseE2_20260925T131030Z --output /wt/contributions/compute-benchmark/OsakaTX/scripts/../results/combo2/noiseE2_20260925T131030Z.csv"
2026-09-25T13:12:04Z,20,"noiseE2_20260925T131030Z",408070,"python3",0.1,74124,46550,"/usr/bin/python3 -c from ros2cli.daemon.daemonize import main; main() --name ros2-daemon --ros-domain-id 0 --rmw-implementation rmw_fastrtps_cpp"
2026-09-25T13:12:04Z,20,"noiseE2_20260925T131030Z",477106,"python3",6.0,77208,48553,"python3 /wt/contributions/compute-benchmark/OsakaTX/scripts/synthetic_scan_publisher.py --duration 490 --loop-s 40 --hz 5.0 --noise 0.05"
2026-09-25T13:12:04Z,20,"noiseE2_20260925T131030Z",477122,"ros2",0.6,78924,50821,"/usr/bin/python3 /opt/ros/jazzy/bin/ros2 launch slam_toolbox online_async_launch.py slam_params_file:=/wt/contributions/compute-benchmark/OsakaTX/scripts/slam_toolbox_params.yaml use_sim_time:=False autostart:=true"
2026-09-25T13:12:04Z,20,"noiseE2_20260925T131030Z",477123,"ros2",1.3,83264,55421,"/usr/bin/python3 /opt/ros/jazzy/bin/ros2 launch nav2_bringup bringup_launch.py map:=/wt/contributions/compute-benchmark/OsakaTX/scripts/../results/combo2/combo2_nav2_map.yaml params_file:=/wt/contributions/compute-benchmark/OsakaTX/scripts/nav2_params_bench.yaml use_sim_time:=False autostart:=True slam:=False use_localization:=False"
2026-09-25T13:12:04Z,20,"noiseE2_20260925T131030Z",477142,"async_slam_tool",16.1,70964,50963,"/opt/ros/jazzy/lib/slam_toolbox/async_slam_toolbox_node --ros-args -r __node:=slam_toolbox -r __ns:=/ --params-file /wt/contributions/compute-benchmark/OsakaTX/scripts/slam_toolbox_params.yaml --params-file /tmp/launch_params_taqg3ax4"
2026-09-25T13:12:04Z,20,"noiseE2_20260925T131030Z",477175,"component_conta",40.5,166292,146130,"/opt/ros/jazzy/lib/rclcpp_components/component_container_isolated --ros-args --log-level info --ros-args -r __node:=nav2_container --params-file /tmp/launch_params_s9huhwju --params-file /tmp/launch_params_1wti_32f -r /tf:=tf -r /tf_static:=tf_static"
2026-09-25T13:12:04Z,20,"noiseE2_20260925T131030Z",477249,"python3",6.6,83492,54107,"python3 /wt/contributions/compute-benchmark/OsakaTX/scripts/nav_goal_seq.py --x 4 --y 4 --yaw 0 --every 22.0 --pause 2.0 --cancel --repeats 0"
2026-09-25T13:12:04Z,20,"noiseE2_20260925T131030Z",477293,"bash",0.5,4356,1329,"bash /wt/contributions/compute-benchmark/xbattlax/scripts/measure_ros_processes.sh --pattern python3|ros2|slam|nav2|component_container|nav_goal_seq --duration 380 --interval 2 --label noiseE2_20260925T131030Z --output /wt/contributions/compute-benchmark/OsakaTX/scripts/../results/combo2/noiseE2_20260925T131030Z.csv"
2026-09-25T13:12:07Z,21,"noiseE2_20260925T131030Z",408070,"python3",0.1,74124,46554,"/usr/bin/python3 -c from ros2cli.daemon.daemonize import main; main() --name ros2-daemon --ros-domain-id 0 --rmw-implementation rmw_fastrtps_cpp"
2026-09-25T13:12:07Z,21,"noiseE2_20260925T131030Z",477106,"python3",6.0,77208,48554,"python3 /wt/contributions/compute-benchmark/OsakaTX/scripts/synthetic_scan_publisher.py --duration 490 --loop-s 40 --hz 5.0 --noise 0.05"
2026-09-25T13:12:07Z,21,"noiseE2_20260925T131030Z",477122,"ros2",0.6,78924,50823,"/usr/bin/python3 /opt/ros/jazzy/bin/ros2 launch slam_toolbox online_async_launch.py slam_params_file:=/wt/contributions/compute-benchmark/OsakaTX/scripts/slam_toolbox_params.yaml use_sim_time:=False autostart:=true"
2026-09-25T13:12:07Z,21,"noiseE2_20260925T131030Z",477123,"ros2",1.3,83264,55421,"/usr/bin/python3 /opt/ros/jazzy/bin/ros2 launch nav2_bringup bringup_launch.py map:=/wt/contributions/compute-benchmark/OsakaTX/scripts/../results/combo2/combo2_nav2_map.yaml params_file:=/wt/contributions/compute-benchmark/OsakaTX/scripts/nav2_params_bench.yaml use_sim_time:=False autostart:=True slam:=False use_localization:=False"
2026-09-25T13:12:07Z,21,"noiseE2_20260925T131030Z",477142,"async_slam_tool",16.2,71404,51403,"/opt/ros/jazzy/lib/slam_toolbox/async_slam_toolbox_node --ros-args -r __node:=slam_toolbox -r __ns:=/ --params-file /wt/contributions/compute-benchmark/OsakaTX/scripts/slam_toolbox_params.yaml --params-file /tmp/launch_params_taqg3ax4"
2026-09-25T13:12:07Z,21,"noiseE2_20260925T131030Z",477175,"component_conta",40.7,166308,146148,"/opt/ros/jazzy/lib/rclcpp_components/component_container_isolated --ros-args --log-level info --ros-args -r __node:=nav2_container --params-file /tmp/launch_params_s9huhwju --params-file /tmp/launch_params_1wti_32f -r /tf:=tf -r /tf_static:=tf_static"
2026-09-25T13:12:07Z,21,"noiseE2_20260925T131030Z",477249,"python3",6.6,83492,54110,"python3 /wt/contributions/compute-benchmark/OsakaTX/scripts/nav_goal_seq.py --x 4 --y 4 --yaw 0 --every 22.0 --pause 2.0 --cancel --repeats 0"
2026-09-25T13:12:07Z,21,"noiseE2_20260925T131030Z",477293,"bash",0.5,4356,1329,"bash /wt/contributions/compute-benchmark/xbattlax/scripts/measure_ros_processes.sh --pattern python3|ros2|slam|nav2|component_container|nav_goal_seq --duration 380 --interval 2 --label noiseE2_20260925T131030Z --output /wt/contributions/compute-benchmark/OsakaTX/scripts/../results/combo2/noiseE2_20260925T131030Z.csv"
2026-09-25T13:12:10Z,22,"noiseE2_20260925T131030Z",408070,"python3",0.1,74124,46554,"/usr/bin/python3 -c from ros2cli.daemon.daemonize import main; main() --name ros2-daemon --ros-domain-id 0 --rmw-implementation rmw_fastrtps_cpp"
2026-09-25T13:12:10Z,22,"noiseE2_20260925T131030Z",477106,"python3",6.0,77208,48553,"python3 /wt/contributions/compute-benchmark/OsakaTX/scripts/synthetic_scan_publisher.py --duration 490 --loop-s 40 --hz 5.0 --noise 0.05"
2026-09-25T13:12:10Z,22,"noiseE2_20260925T131030Z",477122,"ros2",0.6,78924,50824,"/usr/bin/python3 /opt/ros/jazzy/bin/ros2 launch slam_toolbox online_async_launch.py slam_params_file:=/wt/contributions/compute-benchmark/OsakaTX/scripts/slam_toolbox_params.yaml use_sim_time:=False autostart:=true"
2026-09-25T13:12:10Z,22,"noiseE2_20260925T131030Z",477123,"ros2",1.3,83264,55415,"/usr/bin/python3 /opt/ros/jazzy/bin/ros2 launch nav2_bringup bringup_launch.py map:=/wt/contributions/compute-benchmark/OsakaTX/scripts/../results/combo2/combo2_nav2_map.yaml params_file:=/wt/contributions/compute-benchmark/OsakaTX/scripts/nav2_params_bench.yaml use_sim_time:=False autostart:=True slam:=False use_localization:=False"
2026-09-25T13:12:10Z,22,"noiseE2_20260925T131030Z",477142,"async_slam_tool",16.3,71756,51755,"/opt/ros/jazzy/lib/slam_toolbox/async_slam_toolbox_node --ros-args -r __node:=slam_toolbox -r __ns:=/ --params-file /wt/contributions/compute-benchmark/OsakaTX/scripts/slam_toolbox_params.yaml --params-file /tmp/launch_params_taqg3ax4"
2026-09-25T13:12:10Z,22,"noiseE2_20260925T131030Z",477175,"component_conta",41.0,166652,146492,"/opt/ros/jazzy/lib/rclcpp_components/component_container_isolated --ros-args --log-level info --ros-args -r __node:=nav2_container --params-file /tmp/launch_params_s9huhwju --params-file /tmp/launch_params_1wti_32f -r /tf:=tf -r /tf_static:=tf_static"
2026-09-25T13:12:10Z,22,"noiseE2_20260925T131030Z",477249,"python3",6.6,83492,54110,"python3 /wt/contributions/compute-benchmark/OsakaTX/scripts/nav_goal_seq.py --x 4 --y 4 --yaw 0 --every 22.0 --pause 2.0 --cancel --repeats 0"
2026-09-25T13:12:10Z,22,"noiseE2_20260925T131030Z",477293,"bash",0.5,4360,1331,"bash /wt/contributions/compute-benchmark/xbattlax/scripts/measure_ros_processes.sh --pattern python3|ros2|slam|nav2|component_container|nav_goal_seq --duration 380 --interval 2 --label noiseE2_20260925T131030Z --output /wt/contributions/compute-benchmark/OsakaTX/scripts/../results/combo2/noiseE2_20260925T131030Z.csv"
2026-09-25T13:12:12Z,23,"noiseE2_20260925T131030Z",408070,"python3",0.1,74124,46550,"/usr/bin/python3 -c from ros2cli.daemon.daemonize import main; main() --name ros2-daemon --ros-domain-id 0 --rmw-implementation rmw_fastrtps_cpp"
2026-09-25T13:12:12Z,23,"noiseE2_20260925T131030Z",477106,"python3",6.0,77208,48552,"python3 /wt/contributions/compute-benchmark/OsakaTX/scripts/synthetic_scan_publisher.py --duration 490 --loop-s 40 --hz 5.0 --noise 0.05"
2026-09-25T13:12:12Z,23,"noiseE2_20260925T131030Z",477122,"ros2",0.6,78924,50824,"/usr/bin/python3 /opt/ros/jazzy/bin/ros2 launch slam_toolbox online_async_launch.py slam_params_file:=/wt/contributions/compute-benchmark/OsakaTX/scripts/slam_toolbox_params.yaml use_sim_time:=False autostart:=true"
2026-09-25T13:12:12Z,23,"noiseE2_20260925T131030Z",477123,"ros2",1.2,83264,55420,"/usr/bin/python3 /opt/ros/jazzy/bin/ros2 launch nav2_bringup bringup_launch.py map:=/wt/contributions/compute-benchmark/OsakaTX/scripts/../results/combo2/combo2_nav2_map.yaml params_file:=/wt/contributions/compute-benchmark/OsakaTX/scripts/nav2_params_bench.yaml use_sim_time:=False autostart:=True slam:=False use_localization:=False"
2026-09-25T13:12:12Z,23,"noiseE2_20260925T131030Z",477142,"async_slam_tool",16.4,72112,52111,"/opt/ros/jazzy/lib/slam_toolbox/async_slam_toolbox_node --ros-args -r __node:=slam_toolbox -r __ns:=/ --params-file /wt/contributions/compute-benchmark/OsakaTX/scripts/slam_toolbox_params.yaml --params-file /tmp/launch_params_taqg3ax4"
2026-09-25T13:12:12Z,23,"noiseE2_20260925T131030Z",477175,"component_conta",41.2,166652,146492,"/opt/ros/jazzy/lib/rclcpp_components/component_container_isolated --ros-args --log-level info --ros-args -r __node:=nav2_container --params-file /tmp/launch_params_s9huhwju --params-file /tmp/launch_params_1wti_32f -r /tf:=tf -r /tf_static:=tf_static"
2026-09-25T13:12:12Z,23,"noiseE2_20260925T131030Z",477249,"python3",6.6,83492,54106,"python3 /wt/contributions/compute-benchmark/OsakaTX/scripts/nav_goal_seq.py --x 4 --y 4 --yaw 0 --every 22.0 --pause 2.0 --cancel --repeats 0"
2026-09-25T13:12:12Z,23,"noiseE2_20260925T131030Z",477293,"bash",0.5,4360,1332,"bash /wt/contributions/compute-benchmark/xbattlax/scripts/measure_ros_processes.sh --pattern python3|ros2|slam|nav2|component_container|nav_goal_seq --duration 380 --interval 2 --label noiseE2_20260925T131030Z --output /wt/contributions/compute-benchmark/OsakaTX/scripts/../results/combo2/noiseE2_20260925T131030Z.csv"
2026-09-25T13:12:14Z,24,"noiseE2_20260925T131030Z",408070,"python3",0.1,74124,46550,"/usr/bin/python3 -c from ros2cli.daemon.daemonize import main; main() --name ros2-daemon --ros-domain-id 0 --rmw-implementation rmw_fastrtps_cpp"
2026-09-25T13:12:14Z,24,"noiseE2_20260925T131030Z",477106,"python3",6.0,77208,48551,"python3 /wt/contributions/compute-benchmark/OsakaTX/scripts/synthetic_scan_publisher.py --duration 490 --loop-s 40 --hz 5.0 --noise 0.05"
2026-09-25T13:12:14Z,24,"noiseE2_20260925T131030Z",477122,"ros2",0.5,78924,50825,"/usr/bin/python3 /opt/ros/jazzy/bin/ros2 launch slam_toolbox online_async_launch.py slam_params_file:=/wt/contributions/compute-benchmark/OsakaTX/scripts/slam_toolbox_params.yaml use_sim_time:=False autostart:=true"
2026-09-25T13:12:14Z,24,"noiseE2_20260925T131030Z",477123,"ros2",1.2,83264,55421,"/usr/bin/python3 /opt/ros/jazzy/bin/ros2 launch nav2_bringup bringup_launch.py map:=/wt/contributions/compute-benchmark/OsakaTX/scripts/../results/combo2/combo2_nav2_map.yaml params_file:=/wt/contributions/compute-benchmark/OsakaTX/scripts/nav2_params_bench.yaml use_sim_time:=False autostart:=True slam:=False use_localization:=False"
2026-09-25T13:12:14Z,24,"noiseE2_20260925T131030Z",477142,"async_slam_tool",16.3,72248,52246,"/opt/ros/jazzy/lib/slam_toolbox/async_slam_toolbox_node --ros-args -r __node:=slam_toolbox -r __ns:=/ --params-file /wt/contributions/compute-benchmark/OsakaTX/scripts/slam_toolbox_params.yaml --params-file /tmp/launch_params_taqg3ax4"
2026-09-25T13:12:14Z,24,"noiseE2_20260925T131030Z",477175,"component_conta",41.5,166660,146500,"/opt/ros/jazzy/lib/rclcpp_components/component_container_isolated --ros-args --log-level info --ros-args -r __node:=nav2_container --params-file /tmp/launch_params_s9huhwju --params-file /tmp/launch_params_1wti_32f -r /tf:=tf -r /tf_static:=tf_static"
2026-09-25T13:12:14Z,24,"noiseE2_20260925T131030Z",477249,"python3",6.6,83492,54110,"python3 /wt/contributions/compute-benchmark/OsakaTX/scripts/nav_goal_seq.py --x 4 --y 4 --yaw 0 --every 22.0 --pause 2.0 --cancel --repeats 0"
2026-09-25T13:12:14Z,24,"noiseE2_20260925T131030Z",477293,"bash",0.5,4360,1332,"bash /wt/contributions/compute-benchmark/xbattlax/scripts/measure_ros_processes.sh --pattern python3|ros2|slam|nav2|component_container|nav_goal_seq --duration 380 --interval 2 --label noiseE2_20260925T131030Z --output /wt/contributions/compute-benchmark/OsakaTX/scripts/../results/combo2/noiseE2_20260925T131030Z.csv"
2026-09-25T13:12:17Z,25,"noiseE2_20260925T131030Z",408070,"python3",0.1,74124,46553,"/usr/bin/python3 -c from ros2cli.daemon.daemonize import main; main() --name ros2-daemon --ros-domain-id 0 --rmw-implementation rmw_fastrtps_cpp"
2026-09-25T13:12:17Z,25,"noiseE2_20260925T131030Z",477106,"python3",6.0,77208,48552,"python3 /wt/contributions/compute-benchmark/OsakaTX/scripts/synthetic_scan_publisher.py --duration 490 --loop-s 40 --hz 5.0 --noise 0.05"
2026-09-25T13:12:17Z,25,"noiseE2_20260925T131030Z",477122,"ros2",0.5,78924,50823,"/usr/bin/python3 /opt/ros/jazzy/bin/ros2 launch slam_toolbox online_async_launch.py slam_params_file:=/wt/contributions/compute-benchmark/OsakaTX/scripts/slam_toolbox_params.yaml use_sim_time:=False autostart:=true"
2026-09-25T13:12:17Z,25,"noiseE2_20260925T131030Z",477123,"ros2",1.2,83264,55421,"/usr/bin/python3 /opt/ros/jazzy/bin/ros2 launch nav2_bringup bringup_launch.py map:=/wt/contributions/compute-benchmark/OsakaTX/scripts/../results/combo2/combo2_nav2_map.yaml params_file:=/wt/contributions/compute-benchmark/OsakaTX/scripts/nav2_params_bench.yaml use_sim_time:=False autostart:=True slam:=False use_localization:=False"
2026-09-25T13:12:17Z,25,"noiseE2_20260925T131030Z",477142,"async_slam_tool",16.4,72592,52591,"/opt/ros/jazzy/lib/slam_toolbox/async_slam_toolbox_node --ros-args -r __node:=slam_toolbox -r __ns:=/ --params-file /wt/contributions/compute-benchmark/OsakaTX/scripts/slam_toolbox_params.yaml --params-file /tmp/launch_params_taqg3ax4"
2026-09-25T13:12:17Z,25,"noiseE2_20260925T131030Z",477175,"component_conta",41.8,166696,147717,"/opt/ros/jazzy/lib/rclcpp_components/component_container_isolated --ros-args --log-level info --ros-args -r __node:=nav2_container --params-file /tmp/launch_params_s9huhwju --params-file /tmp/launch_params_1wti_32f -r /tf:=tf -r /tf_static:=tf_static"
2026-09-25T13:12:17Z,25,"noiseE2_20260925T131030Z",477249,"python3",6.6,83492,54110,"python3 /wt/contributions/compute-benchmark/OsakaTX/scripts/nav_goal_seq.py --x 4 --y 4 --yaw 0 --every 22.0 --pause 2.0 --cancel --repeats 0"
2026-09-25T13:12:17Z,25,"noiseE2_20260925T131030Z",477293,"bash",0.5,4360,1333,"bash /wt/contributions/compute-benchmark/xbattlax/scripts/measure_ros_processes.sh --pattern python3|ros2|slam|nav2|component_container|nav_goal_seq --duration 380 --interval 2 --label noiseE2_20260925T131030Z --output /wt/contributions/compute-benchmark/OsakaTX/scripts/../results/combo2/noiseE2_20260925T131030Z.csv"
2026-09-25T13:12:19Z,26,"noiseE2_20260925T131030Z",408070,"python3",0.1,74124,46550,"/usr/bin/python3 -c from ros2cli.daemon.daemonize import main; main() --name ros2-daemon --ros-domain-id 0 --rmw-implementation rmw_fastrtps_cpp"
2026-09-25T13:12:19Z,26,"noiseE2_20260925T131030Z",477106,"python3",6.0,77208,48552,"python3 /wt/contributions/compute-benchmark/OsakaTX/scripts/synthetic_scan_publisher.py --duration 490 --loop-s 40 --hz 5.0 --noise 0.05"
2026-09-25T13:12:19Z,26,"noiseE2_20260925T131030Z",477122,"ros2",0.5,78924,50822,"/usr/bin/python3 /opt/ros/jazzy/bin/ros2 launch slam_toolbox online_async_launch.py slam_params_file:=/wt/contributions/compute-benchmark/OsakaTX/scripts/slam_toolbox_params.yaml use_sim_time:=False autostart:=true"
2026-09-25T13:12:19Z,26,"noiseE2_20260925T131030Z",477123,"ros2",1.2,83264,55421,"/usr/bin/python3 /opt/ros/jazzy/bin/ros2 launch nav2_bringup bringup_launch.py map:=/wt/contributions/compute-benchmark/OsakaTX/scripts/../results/combo2/combo2_nav2_map.yaml params_file:=/wt/contributions/compute-benchmark/OsakaTX/scripts/nav2_params_bench.yaml use_sim_time:=False autostart:=True slam:=False use_localization:=False"
2026-09-25T13:12:19Z,26,"noiseE2_20260925T131030Z",477142,"async_slam_tool",16.5,72892,52891,"/opt/ros/jazzy/lib/slam_toolbox/async_slam_toolbox_node --ros-args -r __node:=slam_toolbox -r __ns:=/ --params-file /wt/contributions/compute-benchmark/OsakaTX/scripts/slam_toolbox_params.yaml --params-file /tmp/launch_params_taqg3ax4"
2026-09-25T13:12:19Z,26,"noiseE2_20260925T131030Z",477175,"component_conta",42.1,166704,146544,"/opt/ros/jazzy/lib/rclcpp_components/component_container_isolated --ros-args --log-level info --ros-args -r __node:=nav2_container --params-file /tmp/launch_params_s9huhwju --params-file /tmp/launch_params_1wti_32f -r /tf:=tf -r /tf_static:=tf_static"
2026-09-25T13:12:19Z,26,"noiseE2_20260925T131030Z",477249,"python3",6.7,83492,54108,"python3 /wt/contributions/compute-benchmark/OsakaTX/scripts/nav_goal_seq.py --x 4 --y 4 --yaw 0 --every 22.0 --pause 2.0 --cancel --repeats 0"
2026-09-25T13:12:19Z,26,"noiseE2_20260925T131030Z",477293,"bash",0.5,4360,1327,"bash /wt/contributions/compute-benchmark/xbattlax/scripts/measure_ros_processes.sh --pattern python3|ros2|slam|nav2|component_container|nav_goal_seq --duration 380 --interval 2 --label noiseE2_20260925T131030Z --output /wt/contributions/compute-benchmark/OsakaTX/scripts/../results/combo2/noiseE2_20260925T131030Z.csv"
2026-09-25T13:12:22Z,27,"noiseE2_20260925T131030Z",408070,"python3",0.1,74124,46554,"/usr/bin/python3 -c from ros2cli.daemon.daemonize import main; main() --name ros2-daemon --ros-domain-id 0 --rmw-implementation rmw_fastrtps_cpp"
2026-09-25T13:12:22Z,27,"noiseE2_20260925T131030Z",477106,"python3",5.9,77208,48552,"python3 /wt/contributions/compute-benchmark/OsakaTX/scripts/synthetic_scan_publisher.py --duration 490 --loop-s 40 --hz 5.0 --noise 0.05"
2026-09-25T13:12:22Z,27,"noiseE2_20260925T131030Z",477122,"ros2",0.5,78924,50825,"/usr/bin/python3 /opt/ros/jazzy/bin/ros2 launch slam_toolbox online_async_launch.py slam_params_file:=/wt/contributions/compute-benchmark/OsakaTX/scripts/slam_toolbox_params.yaml use_sim_time:=False autostart:=true"
2026-09-25T13:12:22Z,27,"noiseE2_20260925T131030Z",477123,"ros2",1.1,83264,55420,"/usr/bin/python3 /opt/ros/jazzy/bin/ros2 launch nav2_bringup bringup_launch.py map:=/wt/contributions/compute-benchmark/OsakaTX/scripts/../results/combo2/combo2_nav2_map.yaml params_file:=/wt/contributions/compute-benchmark/OsakaTX/scripts/nav2_params_bench.yaml use_sim_time:=False autostart:=True slam:=False use_localization:=False"
2026-09-25T13:12:22Z,27,"noiseE2_20260925T131030Z",477142,"async_slam_tool",16.6,73332,53331,"/opt/ros/jazzy/lib/slam_toolbox/async_slam_toolbox_node --ros-args -r __node:=slam_toolbox -r __ns:=/ --params-file /wt/contributions/compute-benchmark/OsakaTX/scripts/slam_toolbox_params.yaml --params-file /tmp/launch_params_taqg3ax4"
2026-09-25T13:12:22Z,27,"noiseE2_20260925T131030Z",477175,"component_conta",42.4,166744,146584,"/opt/ros/jazzy/lib/rclcpp_components/component_container_isolated --ros-args --log-level info --ros-args -r __node:=nav2_container --params-file /tmp/launch_params_s9huhwju --params-file /tmp/launch_params_1wti_32f -r /tf:=tf -r /tf_static:=tf_static"
2026-09-25T13:12:22Z,27,"noiseE2_20260925T131030Z",477249,"python3",6.7,83492,54110,"python3 /wt/contributions/compute-benchmark/OsakaTX/scripts/nav_goal_seq.py --x 4 --y 4 --yaw 0 --every 22.0 --pause 2.0 --cancel --repeats 0"
2026-09-25T13:12:22Z,27,"noiseE2_20260925T131030Z",477293,"bash",0.5,4360,1328,"bash /wt/contributions/compute-benchmark/xbattlax/scripts/measure_ros_processes.sh --pattern python3|ros2|slam|nav2|component_container|nav_goal_seq --duration 380 --interval 2 --label noiseE2_20260925T131030Z --output /wt/contributions/compute-benchmark/OsakaTX/scripts/../results/combo2/noiseE2_20260925T131030Z.csv"
2026-09-25T13:12:24Z,28,"noiseE2_20260925T131030Z",408070,"python3",0.1,74124,46554,"/usr/bin/python3 -c from ros2cli.daemon.daemonize import main; main() --name ros2-daemon --ros-domain-id 0 --rmw-implementation rmw_fastrtps_cpp"
2026-09-25T13:12:24Z,28,"noiseE2_20260925T131030Z",477106,"python3",5.9,77208,48553,"python3 /wt/contributions/compute-benchmark/OsakaTX/scripts/synthetic_scan_publisher.py --duration 490 --loop-s 40 --hz 5.0 --noise 0.05"
2026-09-25T13:12:24Z,28,"noiseE2_20260925T131030Z",477122,"ros2",0.5,78924,50823,"/usr/bin/python3 /opt/ros/jazzy/bin/ros2 launch slam_toolbox online_async_launch.py slam_params_file:=/wt/contributions/compute-benchmark/OsakaTX/scripts/slam_toolbox_params.yaml use_sim_time:=False autostart:=true"
2026-09-25T13:12:24Z,28,"noiseE2_20260925T131030Z",477123,"ros2",1.1,83264,55422,"/usr/bin/python3 /opt/ros/jazzy/bin/ros2 launch nav2_bringup bringup_launch.py map:=/wt/contributions/compute-benchmark/OsakaTX/scripts/../results/combo2/combo2_nav2_map.yaml params_file:=/wt/contributions/compute-benchmark/OsakaTX/scripts/nav2_params_bench.yaml use_sim_time:=False autostart:=True slam:=False use_localization:=False"
2026-09-25T13:12:24Z,28,"noiseE2_20260925T131030Z",477142,"async_slam_tool",16.7,73688,53686,"/opt/ros/jazzy/lib/slam_toolbox/async_slam_toolbox_node --ros-args -r __node:=slam_toolbox -r __ns:=/ --params-file /wt/contributions/compute-benchmark/OsakaTX/scripts/slam_toolbox_params.yaml --params-file /tmp/launch_params_taqg3ax4"
2026-09-25T13:12:24Z,28,"noiseE2_20260925T131030Z",477175,"component_conta",42.6,166968,146808,"/opt/ros/jazzy/lib/rclcpp_components/component_container_isolated --ros-args --log-level info --ros-args -r __node:=nav2_container --params-file /tmp/launch_params_s9huhwju --params-file /tmp/launch_params_1wti_32f -r /tf:=tf -r /tf_static:=tf_static"
2026-09-25T13:12:24Z,28,"noiseE2_20260925T131030Z",477249,"python3",6.6,83492,54110,"python3 /wt/contributions/compute-benchmark/OsakaTX/scripts/nav_goal_seq.py --x 4 --y 4 --yaw 0 --every 22.0 --pause 2.0 --cancel --repeats 0"
2026-09-25T13:12:24Z,28,"noiseE2_20260925T131030Z",477293,"bash",0.5,4360,1333,"bash /wt/contributions/compute-benchmark/xbattlax/scripts/measure_ros_processes.sh --pattern python3|ros2|slam|nav2|component_container|nav_goal_seq --duration 380 --interval 2 --label noiseE2_20260925T131030Z --output /wt/contributions/compute-benchmark/OsakaTX/scripts/../results/combo2/noiseE2_20260925T131030Z.csv"
2026-09-25T13:12:27Z,29,"noiseE2_20260925T131030Z",408070,"python3",0.1,74124,46554,"/usr/bin/python3 -c from ros2cli.daemon.daemonize import main; main() --name ros2-daemon --ros-domain-id 0 --rmw-implementation rmw_fastrtps_cpp"
2026-09-25T13:12:27Z,29,"noiseE2_20260925T131030Z",477106,"python3",5.9,77208,48553,"python3 /wt/contributions/compute-benchmark/OsakaTX/scripts/synthetic_scan_publisher.py --duration 490 --loop-s 40 --hz 5.0 --noise 0.05"
2026-09-25T13:12:27Z,29,"noiseE2_20260925T131030Z",477122,"ros2",0.5,78924,50821,"/usr/bin/python3 /opt/ros/jazzy/bin/ros2 launch slam_toolbox online_async_launch.py slam_params_file:=/wt/contributions/compute-benchmark/OsakaTX/scripts/slam_toolbox_params.yaml use_sim_time:=False autostart:=true"
2026-09-25T13:12:27Z,29,"noiseE2_20260925T131030Z",477123,"ros2",1.1,83264,55417,"/usr/bin/python3 /opt/ros/jazzy/bin/ros2 launch nav2_bringup bringup_launch.py map:=/wt/contributions/compute-benchmark/OsakaTX/scripts/../results/combo2/combo2_nav2_map.yaml params_file:=/wt/contributions/compute-benchmark/OsakaTX/scripts/nav2_params_bench.yaml use_sim_time:=False autostart:=True slam:=False use_localization:=False"
2026-09-25T13:12:27Z,29,"noiseE2_20260925T131030Z",477142,"async_slam_tool",16.6,73820,53818,"/opt/ros/jazzy/lib/slam_toolbox/async_slam_toolbox_node --ros-args -r __node:=slam_toolbox -r __ns:=/ --params-file /wt/contributions/compute-benchmark/OsakaTX/scripts/slam_toolbox_params.yaml --params-file /tmp/launch_params_taqg3ax4"
2026-09-25T13:12:27Z,29,"noiseE2_20260925T131030Z",477175,"component_conta",42.7,168268,148106,"/opt/ros/jazzy/lib/rclcpp_components/component_container_isolated --ros-args --log-level info --ros-args -r __node:=nav2_container --params-file /tmp/launch_params_s9huhwju --params-file /tmp/launch_params_1wti_32f -r /tf:=tf -r /tf_static:=tf_static"
2026-09-25T13:12:27Z,29,"noiseE2_20260925T131030Z",477249,"python3",6.6,83492,54107,"python3 /wt/contributions/compute-benchmark/OsakaTX/scripts/nav_goal_seq.py --x 4 --y 4 --yaw 0 --every 22.0 --pause 2.0 --cancel --repeats 0"
2026-09-25T13:12:27Z,29,"noiseE2_20260925T131030Z",477293,"bash",0.5,4360,1327,"bash /wt/contributions/compute-benchmark/xbattlax/scripts/measure_ros_processes.sh --pattern python3|ros2|slam|nav2|component_container|nav_goal_seq --duration 380 --interval 2 --label noiseE2_20260925T131030Z --output /wt/contributions/compute-benchmark/OsakaTX/scripts/../results/combo2/noiseE2_20260925T131030Z.csv"
2026-09-25T13:12:29Z,30,"noiseE2_20260925T131030Z",408070,"python3",0.1,74124,46550,"/usr/bin/python3 -c from ros2cli.daemon.daemonize import main; main() --name ros2-daemon --ros-domain-id 0 --rmw-implementation rmw_fastrtps_cpp"
2026-09-25T13:12:29Z,30,"noiseE2_20260925T131030Z",477106,"python3",5.9,77208,48551,"python3 /wt/contributions/compute-benchmark/OsakaTX/scripts/synthetic_scan_publisher.py --duration 490 --loop-s 40 --hz 5.0 --noise 0.05"
2026-09-25T13:12:29Z,30,"noiseE2_20260925T131030Z",477122,"ros2",0.5,78924,50825,"/usr/bin/python3 /opt/ros/jazzy/bin/ros2 launch slam_toolbox online_async_launch.py slam_params_file:=/wt/contributions/compute-benchmark/OsakaTX/scripts/slam_toolbox_params.yaml use_sim_time:=False autostart:=true"
2026-09-25T13:12:29Z,30,"noiseE2_20260925T131030Z",477123,"ros2",1.1,83264,55420,"/usr/bin/python3 /opt/ros/jazzy/bin/ros2 launch nav2_bringup bringup_launch.py map:=/wt/contributions/compute-benchmark/OsakaTX/scripts/../results/combo2/combo2_nav2_map.yaml params_file:=/wt/contributions/compute-benchmark/OsakaTX/scripts/nav2_params_bench.yaml use_sim_time:=False autostart:=True slam:=False use_localization:=False"
2026-09-25T13:12:29Z,30,"noiseE2_20260925T131030Z",477142,"async_slam_tool",16.7,74100,54098,"/opt/ros/jazzy/lib/slam_toolbox/async_slam_toolbox_node --ros-args -r __node:=slam_toolbox -r __ns:=/ --params-file /wt/contributions/compute-benchmark/OsakaTX/scripts/slam_toolbox_params.yaml --params-file /tmp/launch_params_taqg3ax4"
2026-09-25T13:12:29Z,30,"noiseE2_20260925T131030Z",477175,"component_conta",42.6,166416,146256,"/opt/ros/jazzy/lib/rclcpp_components/component_container_isolated --ros-args --log-level info --ros-args -r __node:=nav2_container --params-file /tmp/launch_params_s9huhwju --params-file /tmp/launch_params_1wti_32f -r /tf:=tf -r /tf_static:=tf_static"
2026-09-25T13:12:29Z,30,"noiseE2_20260925T131030Z",477249,"python3",6.5,83504,54118,"python3 /wt/contributions/compute-benchmark/OsakaTX/scripts/nav_goal_seq.py --x 4 --y 4 --yaw 0 --every 22.0 --pause 2.0 --cancel --repeats 0"
2026-09-25T13:12:29Z,30,"noiseE2_20260925T131030Z",477293,"bash",0.5,4360,1335,"bash /wt/contributions/compute-benchmark/xbattlax/scripts/measure_ros_processes.sh --pattern python3|ros2|slam|nav2|component_container|nav_goal_seq --duration 380 --interval 2 --label noiseE2_20260925T131030Z --output /wt/contributions/compute-benchmark/OsakaTX/scripts/../results/combo2/noiseE2_20260925T131030Z.csv"
2026-09-25T13:12:31Z,31,"noiseE2_20260925T131030Z",408070,"python3",0.1,74124,46554,"/usr/bin/python3 -c from ros2cli.daemon.daemonize import main; main() --name ros2-daemon --ros-domain-id 0 --rmw-implementation rmw_fastrtps_cpp"
2026-09-25T13:12:31Z,31,"noiseE2_20260925T131030Z",477106,"python3",5.9,77208,48552,"python3 /wt/contributions/compute-benchmark/OsakaTX/scripts/synthetic_scan_publisher.py --duration 490 --loop-s 40 --hz 5.0 --noise 0.05"
2026-09-25T13:12:31Z,31,"noiseE2_20260925T131030Z",477122,"ros2",0.5,78924,50823,"/usr/bin/python3 /opt/ros/jazzy/bin/ros2 launch slam_toolbox online_async_launch.py slam_params_file:=/wt/contributions/compute-benchmark/OsakaTX/scripts/slam_toolbox_params.yaml use_sim_time:=False autostart:=true"
2026-09-25T13:12:31Z,31,"noiseE2_20260925T131030Z",477123,"ros2",1.0,83264,55417,"/usr/bin/python3 /opt/ros/jazzy/bin/ros2 launch nav2_bringup bringup_launch.py map:=/wt/contributions/compute-benchmark/OsakaTX/scripts/../results/combo2/combo2_nav2_map.yaml params_file:=/wt/contributions/compute-benchmark/OsakaTX/scripts/nav2_params_bench.yaml use_sim_time:=False autostart:=True slam:=False use_localization:=False"
2026-09-25T13:12:31Z,31,"noiseE2_20260925T131030Z",477142,"async_slam_tool",16.8,74396,54395,"/opt/ros/jazzy/lib/slam_toolbox/async_slam_toolbox_node --ros-args -r __node:=slam_toolbox -r __ns:=/ --params-file /wt/contributions/compute-benchmark/OsakaTX/scripts/slam_toolbox_params.yaml --params-file /tmp/launch_params_taqg3ax4"
2026-09-25T13:12:31Z,31,"noiseE2_20260925T131030Z",477175,"component_conta",42.9,166492,146329,"/opt/ros/jazzy/lib/rclcpp_components/component_container_isolated --ros-args --log-level info --ros-args -r __node:=nav2_container --params-file /tmp/launch_params_s9huhwju --params-file /tmp/launch_params_1wti_32f -r /tf:=tf -r /tf_static:=tf_static"
2026-09-25T13:12:31Z,31,"noiseE2_20260925T131030Z",477249,"python3",6.6,83504,54121,"python3 /wt/contributions/compute-benchmark/OsakaTX/scripts/nav_goal_seq.py --x 4 --y 4 --yaw 0 --every 22.0 --pause 2.0 --cancel --repeats 0"
2026-09-25T13:12:31Z,31,"noiseE2_20260925T131030Z",477293,"bash",0.5,4360,1336,"bash /wt/contributions/compute-benchmark/xbattlax/scripts/measure_ros_processes.sh --pattern python3|ros2|slam|nav2|component_container|nav_goal_seq --duration 380 --interval 2 --label noiseE2_20260925T131030Z --output /wt/contributions/compute-benchmark/OsakaTX/scripts/../results/combo2/noiseE2_20260925T131030Z.csv"
2026-09-25T13:12:34Z,32,"noiseE2_20260925T131030Z",408070,"python3",0.1,74124,46554,"/usr/bin/python3 -c from ros2cli.daemon.daemonize import main; main() --name ros2-daemon --ros-domain-id 0 --rmw-implementation rmw_fastrtps_cpp"
2026-09-25T13:12:34Z,32,"noiseE2_20260925T131030Z",477106,"python3",5.9,77208,48552,"python3 /wt/contributions/compute-benchmark/OsakaTX/scripts/synthetic_scan_publisher.py --duration 490 --loop-s 40 --hz 5.0 --noise 0.05"
2026-09-25T13:12:34Z,32,"noiseE2_20260925T131030Z",477122,"ros2",0.5,78924,50825,"/usr/bin/python3 /opt/ros/jazzy/bin/ros2 launch slam_toolbox online_async_launch.py slam_params_file:=/wt/contributions/compute-benchmark/OsakaTX/scripts/slam_toolbox_params.yaml use_sim_time:=False autostart:=true"
2026-09-25T13:12:34Z,32,"noiseE2_20260925T131030Z",477123,"ros2",1.0,83264,55422,"/usr/bin/python3 /opt/ros/jazzy/bin/ros2 launch nav2_bringup bringup_launch.py map:=/wt/contributions/compute-benchmark/OsakaTX/scripts/../results/combo2/combo2_nav2_map.yaml params_file:=/wt/contributions/compute-benchmark/OsakaTX/scripts/nav2_params_bench.yaml use_sim_time:=False autostart:=True slam:=False use_localization:=False"
2026-09-25T13:12:34Z,32,"noiseE2_20260925T131030Z",477142,"async_slam_tool",16.9,74696,54696,"/opt/ros/jazzy/lib/slam_toolbox/async_slam_toolbox_node --ros-args -r __node:=slam_toolbox -r __ns:=/ --params-file /wt/contributions/compute-benchmark/OsakaTX/scripts/slam_toolbox_params.yaml --params-file /tmp/launch_params_taqg3ax4"
2026-09-25T13:12:34Z,32,"noiseE2_20260925T131030Z",477175,"component_conta",42.8,171280,151120,"/opt/ros/jazzy/lib/rclcpp_components/component_container_isolated --ros-args --log-level info --ros-args -r __node:=nav2_container --params-file /tmp/launch_params_s9huhwju --params-file /tmp/launch_params_1wti_32f -r /tf:=tf -r /tf_static:=tf_static"
2026-09-25T13:12:34Z,32,"noiseE2_20260925T131030Z",477249,"python3",6.4,83504,54121,"python3 /wt/contributions/compute-benchmark/OsakaTX/scripts/nav_goal_seq.py --x 4 --y 4 --yaw 0 --every 22.0 --pause 2.0 --cancel --repeats 0"
2026-09-25T13:12:34Z,32,"noiseE2_20260925T131030Z",477293,"bash",0.5,4360,1331,"bash /wt/contributions/compute-benchmark/xbattlax/scripts/measure_ros_processes.sh --pattern python3|ros2|slam|nav2|component_container|nav_goal_seq --duration 380 --interval 2 --label noiseE2_20260925T131030Z --output /wt/contributions/compute-benchmark/OsakaTX/scripts/../results/combo2/noiseE2_20260925T131030Z.csv"
2026-09-25T13:12:36Z,33,"noiseE2_20260925T131030Z",408070,"python3",0.1,74124,46550,"/usr/bin/python3 -c from ros2cli.daemon.daemonize import main; main() --name ros2-daemon --ros-domain-id 0 --rmw-implementation rmw_fastrtps_cpp"
2026-09-25T13:12:36Z,33,"noiseE2_20260925T131030Z",477106,"python3",5.9,77208,48553,"python3 /wt/contributions/compute-benchmark/OsakaTX/scripts/synthetic_scan_publisher.py --duration 490 --loop-s 40 --hz 5.0 --noise 0.05"
2026-09-25T13:12:36Z,33,"noiseE2_20260925T131030Z",477122,"ros2",0.5,78924,50825,"/usr/bin/python3 /opt/ros/jazzy/bin/ros2 launch slam_toolbox online_async_launch.py slam_params_file:=/wt/contributions/compute-benchmark/OsakaTX/scripts/slam_toolbox_params.yaml use_sim_time:=False autostart:=true"
2026-09-25T13:12:36Z,33,"noiseE2_20260925T131030Z",477123,"ros2",1.0,83264,55420,"/usr/bin/python3 /opt/ros/jazzy/bin/ros2 launch nav2_bringup bringup_launch.py map:=/wt/contributions/compute-benchmark/OsakaTX/scripts/../results/combo2/combo2_nav2_map.yaml params_file:=/wt/contributions/compute-benchmark/OsakaTX/scripts/nav2_params_bench.yaml use_sim_time:=False autostart:=True slam:=False use_localization:=False"
2026-09-25T13:12:36Z,33,"noiseE2_20260925T131030Z",477142,"async_slam_tool",16.9,75104,55103,"/opt/ros/jazzy/lib/slam_toolbox/async_slam_toolbox_node --ros-args -r __node:=slam_toolbox -r __ns:=/ --params-file /wt/contributions/compute-benchmark/OsakaTX/scripts/slam_toolbox_params.yaml --params-file /tmp/launch_params_taqg3ax4"
2026-09-25T13:12:36Z,33,"noiseE2_20260925T131030Z",477175,"component_conta",42.7,169560,149398,"/opt/ros/jazzy/lib/rclcpp_components/component_container_isolated --ros-args --log-level info --ros-args -r __node:=nav2_container --params-file /tmp/launch_params_s9huhwju --params-file /tmp/launch_params_1wti_32f -r /tf:=tf -r /tf_static:=tf_static"
2026-09-25T13:12:36Z,33,"noiseE2_20260925T131030Z",477249,"python3",6.4,83508,54124,"python3 /wt/contributions/compute-benchmark/OsakaTX/scripts/nav_goal_seq.py --x 4 --y 4 --yaw 0 --every 22.0 --pause 2.0 --cancel --repeats 0"
2026-09-25T13:12:36Z,33,"noiseE2_20260925T131030Z",477293,"bash",0.5,4360,1333,"bash /wt/contributions/compute-benchmark/xbattlax/scripts/measure_ros_processes.sh --pattern python3|ros2|slam|nav2|component_container|nav_goal_seq --duration 380 --interval 2 --label noiseE2_20260925T131030Z --output /wt/contributions/compute-benchmark/OsakaTX/scripts/../results/combo2/noiseE2_20260925T131030Z.csv"
2026-09-25T13:12:39Z,34,"noiseE2_20260925T131030Z",408070,"python3",0.1,74124,46554,"/usr/bin/python3 -c from ros2cli.daemon.daemonize import main; main() --name ros2-daemon --ros-domain-id 0 --rmw-implementation rmw_fastrtps_cpp"
2026-09-25T13:12:39Z,34,"noiseE2_20260925T131030Z",477106,"python3",5.9,77208,48553,"python3 /wt/contributions/compute-benchmark/OsakaTX/scripts/synthetic_scan_publisher.py --duration 490 --loop-s 40 --hz 5.0 --noise 0.05"
2026-09-25T13:12:39Z,34,"noiseE2_20260925T131030Z",477122,"ros2",0.4,78924,50821,"/usr/bin/python3 /opt/ros/jazzy/bin/ros2 launch slam_toolbox online_async_launch.py slam_params_file:=/wt/contributions/compute-benchmark/OsakaTX/scripts/slam_toolbox_params.yaml use_sim_time:=False autostart:=true"
2026-09-25T13:12:39Z,34,"noiseE2_20260925T131030Z",477123,"ros2",1.0,83264,55421,"/usr/bin/python3 /opt/ros/jazzy/bin/ros2 launch nav2_bringup bringup_launch.py map:=/wt/contributions/compute-benchmark/OsakaTX/scripts/../results/combo2/combo2_nav2_map.yaml params_file:=/wt/contributions/compute-benchmark/OsakaTX/scripts/nav2_params_bench.yaml use_sim_time:=False autostart:=True slam:=False use_localization:=False"
2026-09-25T13:12:39Z,34,"noiseE2_20260925T131030Z",477142,"async_slam_tool",16.9,75212,55211,"/opt/ros/jazzy/lib/slam_toolbox/async_slam_toolbox_node --ros-args -r __node:=slam_toolbox -r __ns:=/ --params-file /wt/contributions/compute-benchmark/OsakaTX/scripts/slam_toolbox_params.yaml --params-file /tmp/launch_params_taqg3ax4"
2026-09-25T13:12:39Z,34,"noiseE2_20260925T131030Z",477175,"component_conta",42.9,169572,149412,"/opt/ros/jazzy/lib/rclcpp_components/component_container_isolated --ros-args --log-level info --ros-args -r __node:=nav2_container --params-file /tmp/launch_params_s9huhwju --params-file /tmp/launch_params_1wti_32f -r /tf:=tf -r /tf_static:=tf_static"
2026-09-25T13:12:39Z,34,"noiseE2_20260925T131030Z",477249,"python3",6.5,83508,54126,"python3 /wt/contributions/compute-benchmark/OsakaTX/scripts/nav_goal_seq.py --x 4 --y 4 --yaw 0 --every 22.0 --pause 2.0 --cancel --repeats 0"
2026-09-25T13:12:39Z,34,"noiseE2_20260925T131030Z",477293,"bash",0.5,4364,1338,"bash /wt/contributions/compute-benchmark/xbattlax/scripts/measure_ros_processes.sh --pattern python3|ros2|slam|nav2|component_container|nav_goal_seq --duration 380 --interval 2 --label noiseE2_20260925T131030Z --output /wt/contributions/compute-benchmark/OsakaTX/scripts/../results/combo2/noiseE2_20260925T131030Z.csv"
2026-09-25T13:12:41Z,35,"noiseE2_20260925T131030Z",408070,"python3",0.1,74124,46554,"/usr/bin/python3 -c from ros2cli.daemon.daemonize import main; main() --name ros2-daemon --ros-domain-id 0 --rmw-implementation rmw_fastrtps_cpp"
2026-09-25T13:12:41Z,35,"noiseE2_20260925T131030Z",477106,"python3",5.9,77208,48554,"python3 /wt/contributions/compute-benchmark/OsakaTX/scripts/synthetic_scan_publisher.py --duration 490 --loop-s 40 --hz 5.0 --noise 0.05"
2026-09-25T13:12:41Z,35,"noiseE2_20260925T131030Z",477122,"ros2",0.4,78924,50821,"/usr/bin/python3 /opt/ros/jazzy/bin/ros2 launch slam_toolbox online_async_launch.py slam_params_file:=/wt/contributions/compute-benchmark/OsakaTX/scripts/slam_toolbox_params.yaml use_sim_time:=False autostart:=true"
2026-09-25T13:12:41Z,35,"noiseE2_20260925T131030Z",477123,"ros2",1.0,83264,55421,"/usr/bin/python3 /opt/ros/jazzy/bin/ros2 launch nav2_bringup bringup_launch.py map:=/wt/contributions/compute-benchmark/OsakaTX/scripts/../results/combo2/combo2_nav2_map.yaml params_file:=/wt/contributions/compute-benchmark/OsakaTX/scripts/nav2_params_bench.yaml use_sim_time:=False autostart:=True slam:=False use_localization:=False"
2026-09-25T13:12:41Z,35,"noiseE2_20260925T131030Z",477142,"async_slam_tool",16.9,75496,55494,"/opt/ros/jazzy/lib/slam_toolbox/async_slam_toolbox_node --ros-args -r __node:=slam_toolbox -r __ns:=/ --params-file /wt/contributions/compute-benchmark/OsakaTX/scripts/slam_toolbox_params.yaml --params-file /tmp/launch_params_taqg3ax4"
2026-09-25T13:12:41Z,35,"noiseE2_20260925T131030Z",477175,"component_conta",43.1,169564,149402,"/opt/ros/jazzy/lib/rclcpp_components/component_container_isolated --ros-args --log-level info --ros-args -r __node:=nav2_container --params-file /tmp/launch_params_s9huhwju --params-file /tmp/launch_params_1wti_32f -r /tf:=tf -r /tf_static:=tf_static"
2026-09-25T13:12:41Z,35,"noiseE2_20260925T131030Z",477249,"python3",6.5,83512,54130,"python3 /wt/contributions/compute-benchmark/OsakaTX/scripts/nav_goal_seq.py --x 4 --y 4 --yaw 0 --every 22.0 --pause 2.0 --cancel --repeats 0"
2026-09-25T13:12:41Z,35,"noiseE2_20260925T131030Z",477293,"bash",0.5,4364,1337,"bash /wt/contributions/compute-benchmark/xbattlax/scripts/measure_ros_processes.sh --pattern python3|ros2|slam|nav2|component_container|nav_goal_seq --duration 380 --interval 2 --label noiseE2_20260925T131030Z --output /wt/contributions/compute-benchmark/OsakaTX/scripts/../results/combo2/noiseE2_20260925T131030Z.csv"
2026-09-25T13:12:43Z,36,"noiseE2_20260925T131030Z",408070,"python3",0.1,74124,46550,"/usr/bin/python3 -c from ros2cli.daemon.daemonize import main; main() --name ros2-daemon --ros-domain-id 0 --rmw-implementation rmw_fastrtps_cpp"
2026-09-25T13:12:43Z,36,"noiseE2_20260925T131030Z",477106,"python3",5.9,77208,48552,"python3 /wt/contributions/compute-benchmark/OsakaTX/scripts/synthetic_scan_publisher.py --duration 490 --loop-s 40 --hz 5.0 --noise 0.05"
2026-09-25T13:12:43Z,36,"noiseE2_20260925T131030Z",477122,"ros2",0.4,78924,50824,"/usr/bin/python3 /opt/ros/jazzy/bin/ros2 launch slam_toolbox online_async_launch.py slam_params_file:=/wt/contributions/compute-benchmark/OsakaTX/scripts/slam_toolbox_params.yaml use_sim_time:=False autostart:=true"
2026-09-25T13:12:43Z,36,"noiseE2_20260925T131030Z",477123,"ros2",1.0,83264,55417,"/usr/bin/python3 /opt/ros/jazzy/bin/ros2 launch nav2_bringup bringup_launch.py map:=/wt/contributions/compute-benchmark/OsakaTX/scripts/../results/combo2/combo2_nav2_map.yaml params_file:=/wt/contributions/compute-benchmark/OsakaTX/scripts/nav2_params_bench.yaml use_sim_time:=False autostart:=True slam:=False use_localization:=False"
2026-09-25T13:12:43Z,36,"noiseE2_20260925T131030Z",477142,"async_slam_tool",17.0,75812,55811,"/opt/ros/jazzy/lib/slam_toolbox/async_slam_toolbox_node --ros-args -r __node:=slam_toolbox -r __ns:=/ --params-file /wt/contributions/compute-benchmark/OsakaTX/scripts/slam_toolbox_params.yaml --params-file /tmp/launch_params_taqg3ax4"
2026-09-25T13:12:43Z,36,"noiseE2_20260925T131030Z",477175,"component_conta",43.2,169588,149437,"/opt/ros/jazzy/lib/rclcpp_components/component_container_isolated --ros-args --log-level info --ros-args -r __node:=nav2_container --params-file /tmp/launch_params_s9huhwju --params-file /tmp/launch_params_1wti_32f -r /tf:=tf -r /tf_static:=tf_static"
2026-09-25T13:12:43Z,36,"noiseE2_20260925T131030Z",477249,"python3",6.5,83512,54129,"python3 /wt/contributions/compute-benchmark/OsakaTX/scripts/nav_goal_seq.py --x 4 --y 4 --yaw 0 --every 22.0 --pause 2.0 --cancel --repeats 0"
2026-09-25T13:12:43Z,36,"noiseE2_20260925T131030Z",477293,"bash",0.5,4364,1335,"bash /wt/contributions/compute-benchmark/xbattlax/scripts/measure_ros_processes.sh --pattern python3|ros2|slam|nav2|component_container|nav_goal_seq --duration 380 --interval 2 --label noiseE2_20260925T131030Z --output /wt/contributions/compute-benchmark/OsakaTX/scripts/../results/combo2/noiseE2_20260925T131030Z.csv"
2026-09-25T13:12:46Z,37,"noiseE2_20260925T131030Z",408070,"python3",0.1,74124,46554,"/usr/bin/python3 -c from ros2cli.daemon.daemonize import main; main() --name ros2-daemon --ros-domain-id 0 --rmw-implementation rmw_fastrtps_cpp"
2026-09-25T13:12:46Z,37,"noiseE2_20260925T131030Z",477106,"python3",5.8,77208,48554,"python3 /wt/contributions/compute-benchmark/OsakaTX/scripts/synthetic_scan_publisher.py --duration 490 --loop-s 40 --hz 5.0 --noise 0.05"
2026-09-25T13:12:46Z,37,"noiseE2_20260925T131030Z",477122,"ros2",0.4,78924,50825,"/usr/bin/python3 /opt/ros/jazzy/bin/ros2 launch slam_toolbox online_async_launch.py slam_params_file:=/wt/contributions/compute-benchmark/OsakaTX/scripts/slam_toolbox_params.yaml use_sim_time:=False autostart:=true"
2026-09-25T13:12:46Z,37,"noiseE2_20260925T131030Z",477123,"ros2",1.0,83264,55420,"/usr/bin/python3 /opt/ros/jazzy/bin/ros2 launch nav2_bringup bringup_launch.py map:=/wt/contributions/compute-benchmark/OsakaTX/scripts/../results/combo2/combo2_nav2_map.yaml params_file:=/wt/contributions/compute-benchmark/OsakaTX/scripts/nav2_params_bench.yaml use_sim_time:=False autostart:=True slam:=False use_localization:=False"
2026-09-25T13:12:46Z,37,"noiseE2_20260925T131030Z",477142,"async_slam_tool",17.1,76164,56163,"/opt/ros/jazzy/lib/slam_toolbox/async_slam_toolbox_node --ros-args -r __node:=slam_toolbox -r __ns:=/ --params-file /wt/contributions/compute-benchmark/OsakaTX/scripts/slam_toolbox_params.yaml --params-file /tmp/launch_params_taqg3ax4"
2026-09-25T13:12:46Z,37,"noiseE2_20260925T131030Z",477175,"component_conta",43.3,169596,149433,"/opt/ros/jazzy/lib/rclcpp_components/component_container_isolated --ros-args --log-level info --ros-args -r __node:=nav2_container --params-file /tmp/launch_params_s9huhwju --params-file /tmp/launch_params_1wti_32f -r /tf:=tf -r /tf_static:=tf_static"
2026-09-25T13:12:46Z,37,"noiseE2_20260925T131030Z",477249,"python3",6.5,83512,54126,"python3 /wt/contributions/compute-benchmark/OsakaTX/scripts/nav_goal_seq.py --x 4 --y 4 --yaw 0 --every 22.0 --pause 2.0 --cancel --repeats 0"
2026-09-25T13:12:46Z,37,"noiseE2_20260925T131030Z",477293,"bash",0.5,4364,1339,"bash /wt/contributions/compute-benchmark/xbattlax/scripts/measure_ros_processes.sh --pattern python3|ros2|slam|nav2|component_container|nav_goal_seq --duration 380 --interval 2 --label noiseE2_20260925T131030Z --output /wt/contributions/compute-benchmark/OsakaTX/scripts/../results/combo2/noiseE2_20260925T131030Z.csv"
2026-09-25T13:12:48Z,38,"noiseE2_20260925T131030Z",408070,"python3",0.1,74124,46554,"/usr/bin/python3 -c from ros2cli.daemon.daemonize import main; main() --name ros2-daemon --ros-domain-id 0 --rmw-implementation rmw_fastrtps_cpp"
2026-09-25T13:12:48Z,38,"noiseE2_20260925T131030Z",477106,"python3",5.8,77208,48553,"python3 /wt/contributions/compute-benchmark/OsakaTX/scripts/synthetic_scan_publisher.py --duration 490 --loop-s 40 --hz 5.0 --noise 0.05"
2026-09-25T13:12:48Z,38,"noiseE2_20260925T131030Z",477122,"ros2",0.4,78924,50821,"/usr/bin/python3 /opt/ros/jazzy/bin/ros2 launch slam_toolbox online_async_launch.py slam_params_file:=/wt/contributions/compute-benchmark/OsakaTX/scripts/slam_toolbox_params.yaml use_sim_time:=False autostart:=true"
2026-09-25T13:12:48Z,38,"noiseE2_20260925T131030Z",477123,"ros2",0.9,83264,55421,"/usr/bin/python3 /opt/ros/jazzy/bin/ros2 launch nav2_bringup bringup_launch.py map:=/wt/contributions/compute-benchmark/OsakaTX/scripts/../results/combo2/combo2_nav2_map.yaml params_file:=/wt/contributions/compute-benchmark/OsakaTX/scripts/nav2_params_bench.yaml use_sim_time:=False autostart:=True slam:=False use_localization:=False"
2026-09-25T13:12:48Z,38,"noiseE2_20260925T131030Z",477142,"async_slam_tool",17.2,76516,56514,"/opt/ros/jazzy/lib/slam_toolbox/async_slam_toolbox_node --ros-args -r __node:=slam_toolbox -r __ns:=/ --params-file /wt/contributions/compute-benchmark/OsakaTX/scripts/slam_toolbox_params.yaml --params-file /tmp/launch_params_taqg3ax4"
2026-09-25T13:12:48Z,38,"noiseE2_20260925T131030Z",477175,"component_conta",43.4,169600,149440,"/opt/ros/jazzy/lib/rclcpp_components/component_container_isolated --ros-args --log-level info --ros-args -r __node:=nav2_container --params-file /tmp/launch_params_s9huhwju --params-file /tmp/launch_params_1wti_32f -r /tf:=tf -r /tf_static:=tf_static"
2026-09-25T13:12:48Z,38,"noiseE2_20260925T131030Z",477249,"python3",6.5,83512,54129,"python3 /wt/contributions/compute-benchmark/OsakaTX/scripts/nav_goal_seq.py --x 4 --y 4 --yaw 0 --every 22.0 --pause 2.0 --cancel --repeats 0"
2026-09-25T13:12:48Z,38,"noiseE2_20260925T131030Z",477293,"bash",0.5,4364,1333,"bash /wt/contributions/compute-benchmark/xbattlax/scripts/measure_ros_processes.sh --pattern python3|ros2|slam|nav2|component_container|nav_goal_seq --duration 380 --interval 2 --label noiseE2_20260925T131030Z --output /wt/contributions/compute-benchmark/OsakaTX/scripts/../results/combo2/noiseE2_20260925T131030Z.csv"
2026-09-25T13:12:51Z,39,"noiseE2_20260925T131030Z",408070,"python3",0.1,74124,46550,"/usr/bin/python3 -c from ros2cli.daemon.daemonize import main; main() --name ros2-daemon --ros-domain-id 0 --rmw-implementation rmw_fastrtps_cpp"
2026-09-25T13:12:51Z,39,"noiseE2_20260925T131030Z",477106,"python3",5.8,77208,48552,"python3 /wt/contributions/compute-benchmark/OsakaTX/scripts/synthetic_scan_publisher.py --duration 490 --loop-s 40 --hz 5.0 --noise 0.05"
2026-09-25T13:12:51Z,39,"noiseE2_20260925T131030Z",477122,"ros2",0.4,78924,50820,"/usr/bin/python3 /opt/ros/jazzy/bin/ros2 launch slam_toolbox online_async_launch.py slam_params_file:=/wt/contributions/compute-benchmark/OsakaTX/scripts/slam_toolbox_params.yaml use_sim_time:=False autostart:=true"
2026-09-25T13:12:51Z,39,"noiseE2_20260925T131030Z",477123,"ros2",0.9,83264,55420,"/usr/bin/python3 /opt/ros/jazzy/bin/ros2 launch nav2_bringup bringup_launch.py map:=/wt/contributions/compute-benchmark/OsakaTX/scripts/../results/combo2/combo2_nav2_map.yaml params_file:=/wt/contributions/compute-benchmark/OsakaTX/scripts/nav2_params_bench.yaml use_sim_time:=False autostart:=True slam:=False use_localization:=False"
2026-09-25T13:12:51Z,39,"noiseE2_20260925T131030Z",477142,"async_slam_tool",17.1,76624,56623,"/opt/ros/jazzy/lib/slam_toolbox/async_slam_toolbox_node --ros-args -r __node:=slam_toolbox -r __ns:=/ --params-file /wt/contributions/compute-benchmark/OsakaTX/scripts/slam_toolbox_params.yaml --params-file /tmp/launch_params_taqg3ax4"
2026-09-25T13:12:51Z,39,"noiseE2_20260925T131030Z",477175,"component_conta",43.6,169620,149457,"/opt/ros/jazzy/lib/rclcpp_components/component_container_isolated --ros-args --log-level info --ros-args -r __node:=nav2_container --params-file /tmp/launch_params_s9huhwju --params-file /tmp/launch_params_1wti_32f -r /tf:=tf -r /tf_static:=tf_static"
2026-09-25T13:12:51Z,39,"noiseE2_20260925T131030Z",477249,"python3",6.5,83512,54128,"python3 /wt/contributions/compute-benchmark/OsakaTX/scripts/nav_goal_seq.py --x 4 --y 4 --yaw 0 --every 22.0 --pause 2.0 --cancel --repeats 0"
2026-09-25T13:12:51Z,39,"noiseE2_20260925T131030Z",477293,"bash",0.5,4364,1335,"bash /wt/contributions/compute-benchmark/xbattlax/scripts/measure_ros_processes.sh --pattern python3|ros2|slam|nav2|component_container|nav_goal_seq --duration 380 --interval 2 --label noiseE2_20260925T131030Z --output /wt/contributions/compute-benchmark/OsakaTX/scripts/../results/combo2/noiseE2_20260925T131030Z.csv"
2026-09-25T13:12:53Z,40,"noiseE2_20260925T131030Z",408070,"python3",0.1,74124,46550,"/usr/bin/python3 -c from ros2cli.daemon.daemonize import main; main() --name ros2-daemon --ros-domain-id 0 --rmw-implementation rmw_fastrtps_cpp"
2026-09-25T13:12:53Z,40,"noiseE2_20260925T131030Z",477106,"python3",5.8,77208,48554,"python3 /wt/contributions/compute-benchmark/OsakaTX/scripts/synthetic_scan_publisher.py --duration 490 --loop-s 40 --hz 5.0 --noise 0.05"
2026-09-25T13:12:53Z,40,"noiseE2_20260925T131030Z",477122,"ros2",0.4,78924,50825,"/usr/bin/python3 /opt/ros/jazzy/bin/ros2 launch slam_toolbox online_async_launch.py slam_params_file:=/wt/contributions/compute-benchmark/OsakaTX/scripts/slam_toolbox_params.yaml use_sim_time:=False autostart:=true"
2026-09-25T13:12:53Z,40,"noiseE2_20260925T131030Z",477123,"ros2",0.9,83264,55420,"/usr/bin/python3 /opt/ros/jazzy/bin/ros2 launch nav2_bringup bringup_launch.py map:=/wt/contributions/compute-benchmark/OsakaTX/scripts/../results/combo2/combo2_nav2_map.yaml params_file:=/wt/contributions/compute-benchmark/OsakaTX/scripts/nav2_params_bench.yaml use_sim_time:=False autostart:=True slam:=False use_localization:=False"
2026-09-25T13:12:53Z,40,"noiseE2_20260925T131030Z",477142,"async_slam_tool",17.2,76912,56911,"/opt/ros/jazzy/lib/slam_toolbox/async_slam_toolbox_node --ros-args -r __node:=slam_toolbox -r __ns:=/ --params-file /wt/contributions/compute-benchmark/OsakaTX/scripts/slam_toolbox_params.yaml --params-file /tmp/launch_params_taqg3ax4"
2026-09-25T13:12:53Z,40,"noiseE2_20260925T131030Z",477175,"component_conta",43.6,169620,149460,"/opt/ros/jazzy/lib/rclcpp_components/component_container_isolated --ros-args --log-level info --ros-args -r __node:=nav2_container --params-file /tmp/launch_params_s9huhwju --params-file /tmp/launch_params_1wti_32f -r /tf:=tf -r /tf_static:=tf_static"
2026-09-25T13:12:53Z,40,"noiseE2_20260925T131030Z",477249,"python3",6.5,83512,54128,"python3 /wt/contributions/compute-benchmark/OsakaTX/scripts/nav_goal_seq.py --x 4 --y 4 --yaw 0 --every 22.0 --pause 2.0 --cancel --repeats 0"
2026-09-25T13:12:53Z,40,"noiseE2_20260925T131030Z",477293,"bash",0.5,4364,1336,"bash /wt/contributions/compute-benchmark/xbattlax/scripts/measure_ros_processes.sh --pattern python3|ros2|slam|nav2|component_container|nav_goal_seq --duration 380 --interval 2 --label noiseE2_20260925T131030Z --output /wt/contributions/compute-benchmark/OsakaTX/scripts/../results/combo2/noiseE2_20260925T131030Z.csv"
2026-09-25T13:12:55Z,41,"noiseE2_20260925T131030Z",408070,"python3",0.1,74124,46555,"/usr/bin/python3 -c from ros2cli.daemon.daemonize import main; main() --name ros2-daemon --ros-domain-id 0 --rmw-implementation rmw_fastrtps_cpp"
2026-09-25T13:12:55Z,41,"noiseE2_20260925T131030Z",477106,"python3",5.8,77208,48554,"python3 /wt/contributions/compute-benchmark/OsakaTX/scripts/synthetic_scan_publisher.py --duration 490 --loop-s 40 --hz 5.0 --noise 0.05"
2026-09-25T13:12:55Z,41,"noiseE2_20260925T131030Z",477122,"ros2",0.4,78924,50821,"/usr/bin/python3 /opt/ros/jazzy/bin/ros2 launch slam_toolbox online_async_launch.py slam_params_file:=/wt/contributions/compute-benchmark/OsakaTX/scripts/slam_toolbox_params.yaml use_sim_time:=False autostart:=true"
2026-09-25T13:12:55Z,41,"noiseE2_20260925T131030Z",477123,"ros2",0.9,83264,55421,"/usr/bin/python3 /opt/ros/jazzy/bin/ros2 launch nav2_bringup bringup_launch.py map:=/wt/contributions/compute-benchmark/OsakaTX/scripts/../results/combo2/combo2_nav2_map.yaml params_file:=/wt/contributions/compute-benchmark/OsakaTX/scripts/nav2_params_bench.yaml use_sim_time:=False autostart:=True slam:=False use_localization:=False"
2026-09-25T13:12:55Z,41,"noiseE2_20260925T131030Z",477142,"async_slam_tool",17.3,77240,57239,"/opt/ros/jazzy/lib/slam_toolbox/async_slam_toolbox_node --ros-args -r __node:=slam_toolbox -r __ns:=/ --params-file /wt/contributions/compute-benchmark/OsakaTX/scripts/slam_toolbox_params.yaml --params-file /tmp/launch_params_taqg3ax4"
2026-09-25T13:12:55Z,41,"noiseE2_20260925T131030Z",477175,"component_conta",43.8,169624,149463,"/opt/ros/jazzy/lib/rclcpp_components/component_container_isolated --ros-args --log-level info --ros-args -r __node:=nav2_container --params-file /tmp/launch_params_s9huhwju --params-file /tmp/launch_params_1wti_32f -r /tf:=tf -r /tf_static:=tf_static"
2026-09-25T13:12:55Z,41,"noiseE2_20260925T131030Z",477249,"python3",6.5,83512,54129,"python3 /wt/contributions/compute-benchmark/OsakaTX/scripts/nav_goal_seq.py --x 4 --y 4 --yaw 0 --every 22.0 --pause 2.0 --cancel --repeats 0"
2026-09-25T13:12:55Z,41,"noiseE2_20260925T131030Z",477293,"bash",0.5,4364,1334,"bash /wt/contributions/compute-benchmark/xbattlax/scripts/measure_ros_processes.sh --pattern python3|ros2|slam|nav2|component_container|nav_goal_seq --duration 380 --interval 2 --label noiseE2_20260925T131030Z --output /wt/contributions/compute-benchmark/OsakaTX/scripts/../results/combo2/noiseE2_20260925T131030Z.csv"
2026-09-25T13:12:58Z,42,"noiseE2_20260925T131030Z",408070,"python3",0.1,74124,46554,"/usr/bin/python3 -c from ros2cli.daemon.daemonize import main; main() --name ros2-daemon --ros-domain-id 0 --rmw-implementation rmw_fastrtps_cpp"
2026-09-25T13:12:58Z,42,"noiseE2_20260925T131030Z",477106,"python3",5.8,77208,48554,"python3 /wt/contributions/compute-benchmark/OsakaTX/scripts/synthetic_scan_publisher.py --duration 490 --loop-s 40 --hz 5.0 --noise 0.05"
2026-09-25T13:12:58Z,42,"noiseE2_20260925T131030Z",477122,"ros2",0.4,78924,50824,"/usr/bin/python3 /opt/ros/jazzy/bin/ros2 launch slam_toolbox online_async_launch.py slam_params_file:=/wt/contributions/compute-benchmark/OsakaTX/scripts/slam_toolbox_params.yaml use_sim_time:=False autostart:=true"
2026-09-25T13:12:58Z,42,"noiseE2_20260925T131030Z",477123,"ros2",0.9,83264,55421,"/usr/bin/python3 /opt/ros/jazzy/bin/ros2 launch nav2_bringup bringup_launch.py map:=/wt/contributions/compute-benchmark/OsakaTX/scripts/../results/combo2/combo2_nav2_map.yaml params_file:=/wt/contributions/compute-benchmark/OsakaTX/scripts/nav2_params_bench.yaml use_sim_time:=False autostart:=True slam:=False use_localization:=False"
2026-09-25T13:12:58Z,42,"noiseE2_20260925T131030Z",477142,"async_slam_tool",17.4,77596,57595,"/opt/ros/jazzy/lib/slam_toolbox/async_slam_toolbox_node --ros-args -r __node:=slam_toolbox -r __ns:=/ --params-file /wt/contributions/compute-benchmark/OsakaTX/scripts/slam_toolbox_params.yaml --params-file /tmp/launch_params_taqg3ax4"
2026-09-25T13:12:58Z,42,"noiseE2_20260925T131030Z",477175,"component_conta",43.6,172548,152388,"/opt/ros/jazzy/lib/rclcpp_components/component_container_isolated --ros-args --log-level info --ros-args -r __node:=nav2_container --params-file /tmp/launch_params_s9huhwju --params-file /tmp/launch_params_1wti_32f -r /tf:=tf -r /tf_static:=tf_static"
2026-09-25T13:12:58Z,42,"noiseE2_20260925T131030Z",477249,"python3",6.4,83512,54128,"python3 /wt/contributions/compute-benchmark/OsakaTX/scripts/nav_goal_seq.py --x 4 --y 4 --yaw 0 --every 22.0 --pause 2.0 --cancel --repeats 0"
2026-09-25T13:12:58Z,42,"noiseE2_20260925T131030Z",477293,"bash",0.5,4364,1339,"bash /wt/contributions/compute-benchmark/xbattlax/scripts/measure_ros_processes.sh --pattern python3|ros2|slam|nav2|component_container|nav_goal_seq --duration 380 --interval 2 --label noiseE2_20260925T131030Z --output /wt/contributions/compute-benchmark/OsakaTX/scripts/../results/combo2/noiseE2_20260925T131030Z.csv"
2026-09-25T13:13:00Z,43,"noiseE2_20260925T131030Z",408070,"python3",0.1,74124,46550,"/usr/bin/python3 -c from ros2cli.daemon.daemonize import main; main() --name ros2-daemon --ros-domain-id 0 --rmw-implementation rmw_fastrtps_cpp"
2026-09-25T13:13:00Z,43,"noiseE2_20260925T131030Z",477106,"python3",5.8,77208,48554,"python3 /wt/contributions/compute-benchmark/OsakaTX/scripts/synthetic_scan_publisher.py --duration 490 --loop-s 40 --hz 5.0 --noise 0.05"
2026-09-25T13:13:00Z,43,"noiseE2_20260925T131030Z",477122,"ros2",0.4,78924,50824,"/usr/bin/python3 /opt/ros/jazzy/bin/ros2 launch slam_toolbox online_async_launch.py slam_params_file:=/wt/contributions/compute-benchmark/OsakaTX/scripts/slam_toolbox_params.yaml use_sim_time:=False autostart:=true"
2026-09-25T13:13:00Z,43,"noiseE2_20260925T131030Z",477123,"ros2",0.9,83264,55420,"/usr/bin/python3 /opt/ros/jazzy/bin/ros2 launch nav2_bringup bringup_launch.py map:=/wt/contributions/compute-benchmark/OsakaTX/scripts/../results/combo2/combo2_nav2_map.yaml params_file:=/wt/contributions/compute-benchmark/OsakaTX/scripts/nav2_params_bench.yaml use_sim_time:=False autostart:=True slam:=False use_localization:=False"
2026-09-25T13:13:00Z,43,"noiseE2_20260925T131030Z",477142,"async_slam_tool",17.4,77948,57947,"/opt/ros/jazzy/lib/slam_toolbox/async_slam_toolbox_node --ros-args -r __node:=slam_toolbox -r __ns:=/ --params-file /wt/contributions/compute-benchmark/OsakaTX/scripts/slam_toolbox_params.yaml --params-file /tmp/launch_params_taqg3ax4"
2026-09-25T13:13:00Z,43,"noiseE2_20260925T131030Z",477175,"component_conta",43.7,172476,152313,"/opt/ros/jazzy/lib/rclcpp_components/component_container_isolated --ros-args --log-level info --ros-args -r __node:=nav2_container --params-file /tmp/launch_params_s9huhwju --params-file /tmp/launch_params_1wti_32f -r /tf:=tf -r /tf_static:=tf_static"
2026-09-25T13:13:00Z,43,"noiseE2_20260925T131030Z",477249,"python3",6.4,83512,54129,"python3 /wt/contributions/compute-benchmark/OsakaTX/scripts/nav_goal_seq.py --x 4 --y 4 --yaw 0 --every 22.0 --pause 2.0 --cancel --repeats 0"
2026-09-25T13:13:00Z,43,"noiseE2_20260925T131030Z",477293,"bash",0.5,4364,1336,"bash /wt/contributions/compute-benchmark/xbattlax/scripts/measure_ros_processes.sh --pattern python3|ros2|slam|nav2|component_container|nav_goal_seq --duration 380 --interval 2 --label noiseE2_20260925T131030Z --output /wt/contributions/compute-benchmark/OsakaTX/scripts/../results/combo2/noiseE2_20260925T131030Z.csv"
2026-09-25T13:13:03Z,44,"noiseE2_20260925T131030Z",408070,"python3",0.1,74124,46550,"/usr/bin/python3 -c from ros2cli.daemon.daemonize import main; main() --name ros2-daemon --ros-domain-id 0 --rmw-implementation rmw_fastrtps_cpp"
2026-09-25T13:13:03Z,44,"noiseE2_20260925T131030Z",477106,"python3",5.8,77208,48552,"python3 /wt/contributions/compute-benchmark/OsakaTX/scripts/synthetic_scan_publisher.py --duration 490 --loop-s 40 --hz 5.0 --noise 0.05"
2026-09-25T13:13:03Z,44,"noiseE2_20260925T131030Z",477122,"ros2",0.4,78924,50823,"/usr/bin/python3 /opt/ros/jazzy/bin/ros2 launch slam_toolbox online_async_launch.py slam_params_file:=/wt/contributions/compute-benchmark/OsakaTX/scripts/slam_toolbox_params.yaml use_sim_time:=False autostart:=true"
2026-09-25T13:13:03Z,44,"noiseE2_20260925T131030Z",477123,"ros2",0.9,83264,55422,"/usr/bin/python3 /opt/ros/jazzy/bin/ros2 launch nav2_bringup bringup_launch.py map:=/wt/contributions/compute-benchmark/OsakaTX/scripts/../results/combo2/combo2_nav2_map.yaml params_file:=/wt/contributions/compute-benchmark/OsakaTX/scripts/nav2_params_bench.yaml use_sim_time:=False autostart:=True slam:=False use_localization:=False"
2026-09-25T13:13:03Z,44,"noiseE2_20260925T131030Z",477142,"async_slam_tool",17.4,78020,58019,"/opt/ros/jazzy/lib/slam_toolbox/async_slam_toolbox_node --ros-args -r __node:=slam_toolbox -r __ns:=/ --params-file /wt/contributions/compute-benchmark/OsakaTX/scripts/slam_toolbox_params.yaml --params-file /tmp/launch_params_taqg3ax4"
2026-09-25T13:13:03Z,44,"noiseE2_20260925T131030Z",477175,"component_conta",43.9,172480,152318,"/opt/ros/jazzy/lib/rclcpp_components/component_container_isolated --ros-args --log-level info --ros-args -r __node:=nav2_container --params-file /tmp/launch_params_s9huhwju --params-file /tmp/launch_params_1wti_32f -r /tf:=tf -r /tf_static:=tf_static"
2026-09-25T13:13:03Z,44,"noiseE2_20260925T131030Z",477249,"python3",6.5,83512,54126,"python3 /wt/contributions/compute-benchmark/OsakaTX/scripts/nav_goal_seq.py --x 4 --y 4 --yaw 0 --every 22.0 --pause 2.0 --cancel --repeats 0"
2026-09-25T13:13:03Z,44,"noiseE2_20260925T131030Z",477293,"bash",0.5,4364,1339,"bash /wt/contributions/compute-benchmark/xbattlax/scripts/measure_ros_processes.sh --pattern python3|ros2|slam|nav2|component_container|nav_goal_seq --duration 380 --interval 2 --label noiseE2_20260925T131030Z --output /wt/contributions/compute-benchmark/OsakaTX/scripts/../results/combo2/noiseE2_20260925T131030Z.csv"
2026-09-25T13:13:05Z,45,"noiseE2_20260925T131030Z",408070,"python3",0.1,74124,46550,"/usr/bin/python3 -c from ros2cli.daemon.daemonize import main; main() --name ros2-daemon --ros-domain-id 0 --rmw-implementation rmw_fastrtps_cpp"
2026-09-25T13:13:05Z,45,"noiseE2_20260925T131030Z",477106,"python3",5.8,77208,48554,"python3 /wt/contributions/compute-benchmark/OsakaTX/scripts/synthetic_scan_publisher.py --duration 490 --loop-s 40 --hz 5.0 --noise 0.05"
2026-09-25T13:13:05Z,45,"noiseE2_20260925T131030Z",477122,"ros2",0.4,78924,50821,"/usr/bin/python3 /opt/ros/jazzy/bin/ros2 launch slam_toolbox online_async_launch.py slam_params_file:=/wt/contributions/compute-benchmark/OsakaTX/scripts/slam_toolbox_params.yaml use_sim_time:=False autostart:=true"
2026-09-25T13:13:05Z,45,"noiseE2_20260925T131030Z",477123,"ros2",0.9,83264,55420,"/usr/bin/python3 /opt/ros/jazzy/bin/ros2 launch nav2_bringup bringup_launch.py map:=/wt/contributions/compute-benchmark/OsakaTX/scripts/../results/combo2/combo2_nav2_map.yaml params_file:=/wt/contributions/compute-benchmark/OsakaTX/scripts/nav2_params_bench.yaml use_sim_time:=False autostart:=True slam:=False use_localization:=False"
2026-09-25T13:13:05Z,45,"noiseE2_20260925T131030Z",477142,"async_slam_tool",17.5,78308,58306,"/opt/ros/jazzy/lib/slam_toolbox/async_slam_toolbox_node --ros-args -r __node:=slam_toolbox -r __ns:=/ --params-file /wt/contributions/compute-benchmark/OsakaTX/scripts/slam_toolbox_params.yaml --params-file /tmp/launch_params_taqg3ax4"
2026-09-25T13:13:05Z,45,"noiseE2_20260925T131030Z",477175,"component_conta",44.0,172452,152289,"/opt/ros/jazzy/lib/rclcpp_components/component_container_isolated --ros-args --log-level info --ros-args -r __node:=nav2_container --params-file /tmp/launch_params_s9huhwju --params-file /tmp/launch_params_1wti_32f -r /tf:=tf -r /tf_static:=tf_static"
2026-09-25T13:13:05Z,45,"noiseE2_20260925T131030Z",477249,"python3",6.5,83512,54130,"python3 /wt/contributions/compute-benchmark/OsakaTX/scripts/nav_goal_seq.py --x 4 --y 4 --yaw 0 --every 22.0 --pause 2.0 --cancel --repeats 0"
2026-09-25T13:13:05Z,45,"noiseE2_20260925T131030Z",477293,"bash",0.5,4364,1335,"bash /wt/contributions/compute-benchmark/xbattlax/scripts/measure_ros_processes.sh --pattern python3|ros2|slam|nav2|component_container|nav_goal_seq --duration 380 --interval 2 --label noiseE2_20260925T131030Z --output /wt/contributions/compute-benchmark/OsakaTX/scripts/../results/combo2/noiseE2_20260925T131030Z.csv"
2026-09-25T13:13:07Z,46,"noiseE2_20260925T131030Z",408070,"python3",0.1,74124,46553,"/usr/bin/python3 -c from ros2cli.daemon.daemonize import main; main() --name ros2-daemon --ros-domain-id 0 --rmw-implementation rmw_fastrtps_cpp"
2026-09-25T13:13:07Z,46,"noiseE2_20260925T131030Z",477106,"python3",5.8,77208,48553,"python3 /wt/contributions/compute-benchmark/OsakaTX/scripts/synthetic_scan_publisher.py --duration 490 --loop-s 40 --hz 5.0 --noise 0.05"
2026-09-25T13:13:07Z,46,"noiseE2_20260925T131030Z",477122,"ros2",0.4,78924,50822,"/usr/bin/python3 /opt/ros/jazzy/bin/ros2 launch slam_toolbox online_async_launch.py slam_params_file:=/wt/contributions/compute-benchmark/OsakaTX/scripts/slam_toolbox_params.yaml use_sim_time:=False autostart:=true"
2026-09-25T13:13:07Z,46,"noiseE2_20260925T131030Z",477123,"ros2",0.8,83264,55420,"/usr/bin/python3 /opt/ros/jazzy/bin/ros2 launch nav2_bringup bringup_launch.py map:=/wt/contributions/compute-benchmark/OsakaTX/scripts/../results/combo2/combo2_nav2_map.yaml params_file:=/wt/contributions/compute-benchmark/OsakaTX/scripts/nav2_params_bench.yaml use_sim_time:=False autostart:=True slam:=False use_localization:=False"
2026-09-25T13:13:07Z,46,"noiseE2_20260925T131030Z",477142,"async_slam_tool",17.6,78660,58659,"/opt/ros/jazzy/lib/slam_toolbox/async_slam_toolbox_node --ros-args -r __node:=slam_toolbox -r __ns:=/ --params-file /wt/contributions/compute-benchmark/OsakaTX/scripts/slam_toolbox_params.yaml --params-file /tmp/launch_params_taqg3ax4"
2026-09-25T13:13:07Z,46,"noiseE2_20260925T131030Z",477175,"component_conta",44.1,172468,152308,"/opt/ros/jazzy/lib/rclcpp_components/component_container_isolated --ros-args --log-level info --ros-args -r __node:=nav2_container --params-file /tmp/launch_params_s9huhwju --params-file /tmp/launch_params_1wti_32f -r /tf:=tf -r /tf_static:=tf_static"
2026-09-25T13:13:07Z,46,"noiseE2_20260925T131030Z",477249,"python3",6.5,83512,54129,"python3 /wt/contributions/compute-benchmark/OsakaTX/scripts/nav_goal_seq.py --x 4 --y 4 --yaw 0 --every 22.0 --pause 2.0 --cancel --repeats 0"
2026-09-25T13:13:07Z,46,"noiseE2_20260925T131030Z",477293,"bash",0.5,4364,1334,"bash /wt/contributions/compute-benchmark/xbattlax/scripts/measure_ros_processes.sh --pattern python3|ros2|slam|nav2|component_container|nav_goal_seq --duration 380 --interval 2 --label noiseE2_20260925T131030Z --output /wt/contributions/compute-benchmark/OsakaTX/scripts/../results/combo2/noiseE2_20260925T131030Z.csv"
2026-09-25T13:13:10Z,47,"noiseE2_20260925T131030Z",408070,"python3",0.1,74124,46550,"/usr/bin/python3 -c from ros2cli.daemon.daemonize import main; main() --name ros2-daemon --ros-domain-id 0 --rmw-implementation rmw_fastrtps_cpp"
2026-09-25T13:13:10Z,47,"noiseE2_20260925T131030Z",477106,"python3",5.8,77208,48552,"python3 /wt/contributions/compute-benchmark/OsakaTX/scripts/synthetic_scan_publisher.py --duration 490 --loop-s 40 --hz 5.0 --noise 0.05"
2026-09-25T13:13:10Z,47,"noiseE2_20260925T131030Z",477122,"ros2",0.4,78924,50820,"/usr/bin/python3 /opt/ros/jazzy/bin/ros2 launch slam_toolbox online_async_launch.py slam_params_file:=/wt/contributions/compute-benchmark/OsakaTX/scripts/slam_toolbox_params.yaml use_sim_time:=False autostart:=true"
2026-09-25T13:13:10Z,47,"noiseE2_20260925T131030Z",477123,"ros2",0.8,83264,55421,"/usr/bin/python3 /opt/ros/jazzy/bin/ros2 launch nav2_bringup bringup_launch.py map:=/wt/contributions/compute-benchmark/OsakaTX/scripts/../results/combo2/combo2_nav2_map.yaml params_file:=/wt/contributions/compute-benchmark/OsakaTX/scripts/nav2_params_bench.yaml use_sim_time:=False autostart:=True slam:=False use_localization:=False"
2026-09-25T13:13:10Z,47,"noiseE2_20260925T131030Z",477142,"async_slam_tool",17.7,79016,59015,"/opt/ros/jazzy/lib/slam_toolbox/async_slam_toolbox_node --ros-args -r __node:=slam_toolbox -r __ns:=/ --params-file /wt/contributions/compute-benchmark/OsakaTX/scripts/slam_toolbox_params.yaml --params-file /tmp/launch_params_taqg3ax4"
2026-09-25T13:13:10Z,47,"noiseE2_20260925T131030Z",477175,"component_conta",44.2,172512,152349,"/opt/ros/jazzy/lib/rclcpp_components/component_container_isolated --ros-args --log-level info --ros-args -r __node:=nav2_container --params-file /tmp/launch_params_s9huhwju --params-file /tmp/launch_params_1wti_32f -r /tf:=tf -r /tf_static:=tf_static"
2026-09-25T13:13:10Z,47,"noiseE2_20260925T131030Z",477249,"python3",6.5,83516,54133,"python3 /wt/contributions/compute-benchmark/OsakaTX/scripts/nav_goal_seq.py --x 4 --y 4 --yaw 0 --every 22.0 --pause 2.0 --cancel --repeats 0"
2026-09-25T13:13:10Z,47,"noiseE2_20260925T131030Z",477293,"bash",0.5,4364,1331,"bash /wt/contributions/compute-benchmark/xbattlax/scripts/measure_ros_processes.sh --pattern python3|ros2|slam|nav2|component_container|nav_goal_seq --duration 380 --interval 2 --label noiseE2_20260925T131030Z --output /wt/contributions/compute-benchmark/OsakaTX/scripts/../results/combo2/noiseE2_20260925T131030Z.csv"
2026-09-25T13:13:12Z,48,"noiseE2_20260925T131030Z",408070,"python3",0.1,74124,46550,"/usr/bin/python3 -c from ros2cli.daemon.daemonize import main; main() --name ros2-daemon --ros-domain-id 0 --rmw-implementation rmw_fastrtps_cpp"
2026-09-25T13:13:12Z,48,"noiseE2_20260925T131030Z",477106,"python3",5.8,77208,48553,"python3 /wt/contributions/compute-benchmark/OsakaTX/scripts/synthetic_scan_publisher.py --duration 490 --loop-s 40 --hz 5.0 --noise 0.05"
2026-09-25T13:13:12Z,48,"noiseE2_20260925T131030Z",477122,"ros2",0.4,78924,50822,"/usr/bin/python3 /opt/ros/jazzy/bin/ros2 launch slam_toolbox online_async_launch.py slam_params_file:=/wt/contributions/compute-benchmark/OsakaTX/scripts/slam_toolbox_params.yaml use_sim_time:=False autostart:=true"
2026-09-25T13:13:12Z,48,"noiseE2_20260925T131030Z",477123,"ros2",0.8,83264,55421,"/usr/bin/python3 /opt/ros/jazzy/bin/ros2 launch nav2_bringup bringup_launch.py map:=/wt/contributions/compute-benchmark/OsakaTX/scripts/../results/combo2/combo2_nav2_map.yaml params_file:=/wt/contributions/compute-benchmark/OsakaTX/scripts/nav2_params_bench.yaml use_sim_time:=False autostart:=True slam:=False use_localization:=False"
2026-09-25T13:13:12Z,48,"noiseE2_20260925T131030Z",477142,"async_slam_tool",17.8,79360,59359,"/opt/ros/jazzy/lib/slam_toolbox/async_slam_toolbox_node --ros-args -r __node:=slam_toolbox -r __ns:=/ --params-file /wt/contributions/compute-benchmark/OsakaTX/scripts/slam_toolbox_params.yaml --params-file /tmp/launch_params_taqg3ax4"
2026-09-25T13:13:12Z,48,"noiseE2_20260925T131030Z",477175,"component_conta",44.4,175268,155106,"/opt/ros/jazzy/lib/rclcpp_components/component_container_isolated --ros-args --log-level info --ros-args -r __node:=nav2_container --params-file /tmp/launch_params_s9huhwju --params-file /tmp/launch_params_1wti_32f -r /tf:=tf -r /tf_static:=tf_static"
2026-09-25T13:13:12Z,48,"noiseE2_20260925T131030Z",477249,"python3",6.5,83516,54134,"python3 /wt/contributions/compute-benchmark/OsakaTX/scripts/nav_goal_seq.py --x 4 --y 4 --yaw 0 --every 22.0 --pause 2.0 --cancel --repeats 0"
2026-09-25T13:13:12Z,48,"noiseE2_20260925T131030Z",477293,"bash",0.5,4364,1333,"bash /wt/contributions/compute-benchmark/xbattlax/scripts/measure_ros_processes.sh --pattern python3|ros2|slam|nav2|component_container|nav_goal_seq --duration 380 --interval 2 --label noiseE2_20260925T131030Z --output /wt/contributions/compute-benchmark/OsakaTX/scripts/../results/combo2/noiseE2_20260925T131030Z.csv"
2026-09-25T13:13:15Z,49,"noiseE2_20260925T131030Z",408070,"python3",0.1,74124,46554,"/usr/bin/python3 -c from ros2cli.daemon.daemonize import main; main() --name ros2-daemon --ros-domain-id 0 --rmw-implementation rmw_fastrtps_cpp"
2026-09-25T13:13:15Z,49,"noiseE2_20260925T131030Z",477106,"python3",5.8,77208,48554,"python3 /wt/contributions/compute-benchmark/OsakaTX/scripts/synthetic_scan_publisher.py --duration 490 --loop-s 40 --hz 5.0 --noise 0.05"
2026-09-25T13:13:15Z,49,"noiseE2_20260925T131030Z",477122,"ros2",0.4,78924,50821,"/usr/bin/python3 /opt/ros/jazzy/bin/ros2 launch slam_toolbox online_async_launch.py slam_params_file:=/wt/contributions/compute-benchmark/OsakaTX/scripts/slam_toolbox_params.yaml use_sim_time:=False autostart:=true"
2026-09-25T13:13:15Z,49,"noiseE2_20260925T131030Z",477123,"ros2",0.8,83264,55421,"/usr/bin/python3 /opt/ros/jazzy/bin/ros2 launch nav2_bringup bringup_launch.py map:=/wt/contributions/compute-benchmark/OsakaTX/scripts/../results/combo2/combo2_nav2_map.yaml params_file:=/wt/contributions/compute-benchmark/OsakaTX/scripts/nav2_params_bench.yaml use_sim_time:=False autostart:=True slam:=False use_localization:=False"
2026-09-25T13:13:15Z,49,"noiseE2_20260925T131030Z",477142,"async_slam_tool",17.7,79416,59415,"/opt/ros/jazzy/lib/slam_toolbox/async_slam_toolbox_node --ros-args -r __node:=slam_toolbox -r __ns:=/ --params-file /wt/contributions/compute-benchmark/OsakaTX/scripts/slam_toolbox_params.yaml --params-file /tmp/launch_params_taqg3ax4"
2026-09-25T13:13:15Z,49,"noiseE2_20260925T131030Z",477175,"component_conta",44.5,173508,153348,"/opt/ros/jazzy/lib/rclcpp_components/component_container_isolated --ros-args --log-level info --ros-args -r __node:=nav2_container --params-file /tmp/launch_params_s9huhwju --params-file /tmp/launch_params_1wti_32f -r /tf:=tf -r /tf_static:=tf_static"
2026-09-25T13:13:15Z,49,"noiseE2_20260925T131030Z",477249,"python3",6.5,83516,54133,"python3 /wt/contributions/compute-benchmark/OsakaTX/scripts/nav_goal_seq.py --x 4 --y 4 --yaw 0 --every 22.0 --pause 2.0 --cancel --repeats 0"
2026-09-25T13:13:15Z,49,"noiseE2_20260925T131030Z",477293,"bash",0.5,4364,1339,"bash /wt/contributions/compute-benchmark/xbattlax/scripts/measure_ros_processes.sh --pattern python3|ros2|slam|nav2|component_container|nav_goal_seq --duration 380 --interval 2 --label noiseE2_20260925T131030Z --output /wt/contributions/compute-benchmark/OsakaTX/scripts/../results/combo2/noiseE2_20260925T131030Z.csv"
2026-09-25T13:13:17Z,50,"noiseE2_20260925T131030Z",408070,"python3",0.1,74124,46554,"/usr/bin/python3 -c from ros2cli.daemon.daemonize import main; main() --name ros2-daemon --ros-domain-id 0 --rmw-implementation rmw_fastrtps_cpp"
2026-09-25T13:13:17Z,50,"noiseE2_20260925T131030Z",477106,"python3",5.8,77208,48553,"python3 /wt/contributions/compute-benchmark/OsakaTX/scripts/synthetic_scan_publisher.py --duration 490 --loop-s 40 --hz 5.0 --noise 0.05"
2026-09-25T13:13:17Z,50,"noiseE2_20260925T131030Z",477122,"ros2",0.3,78924,50821,"/usr/bin/python3 /opt/ros/jazzy/bin/ros2 launch slam_toolbox online_async_launch.py slam_params_file:=/wt/contributions/compute-benchmark/OsakaTX/scripts/slam_toolbox_params.yaml use_sim_time:=False autostart:=true"
2026-09-25T13:13:17Z,50,"noiseE2_20260925T131030Z",477123,"ros2",0.8,83264,55415,"/usr/bin/python3 /opt/ros/jazzy/bin/ros2 launch nav2_bringup bringup_launch.py map:=/wt/contributions/compute-benchmark/OsakaTX/scripts/../results/combo2/combo2_nav2_map.yaml params_file:=/wt/contributions/compute-benchmark/OsakaTX/scripts/nav2_params_bench.yaml use_sim_time:=False autostart:=True slam:=False use_localization:=False"
2026-09-25T13:13:17Z,50,"noiseE2_20260925T131030Z",477142,"async_slam_tool",17.8,79732,59731,"/opt/ros/jazzy/lib/slam_toolbox/async_slam_toolbox_node --ros-args -r __node:=slam_toolbox -r __ns:=/ --params-file /wt/contributions/compute-benchmark/OsakaTX/scripts/slam_toolbox_params.yaml --params-file /tmp/launch_params_taqg3ax4"
2026-09-25T13:13:17Z,50,"noiseE2_20260925T131030Z",477175,"component_conta",44.5,173496,153333,"/opt/ros/jazzy/lib/rclcpp_components/component_container_isolated --ros-args --log-level info --ros-args -r __node:=nav2_container --params-file /tmp/launch_params_s9huhwju --params-file /tmp/launch_params_1wti_32f -r /tf:=tf -r /tf_static:=tf_static"
2026-09-25T13:13:17Z,50,"noiseE2_20260925T131030Z",477249,"python3",6.5,83516,54133,"python3 /wt/contributions/compute-benchmark/OsakaTX/scripts/nav_goal_seq.py --x 4 --y 4 --yaw 0 --every 22.0 --pause 2.0 --cancel --repeats 0"
2026-09-25T13:13:17Z,50,"noiseE2_20260925T131030Z",477293,"bash",0.5,4364,1341,"bash /wt/contributions/compute-benchmark/xbattlax/scripts/measure_ros_processes.sh --pattern python3|ros2|slam|nav2|component_container|nav_goal_seq --duration 380 --interval 2 --label noiseE2_20260925T131030Z --output /wt/contributions/compute-benchmark/OsakaTX/scripts/../results/combo2/noiseE2_20260925T131030Z.csv"
2026-09-25T13:13:20Z,51,"noiseE2_20260925T131030Z",408070,"python3",0.1,74124,46554,"/usr/bin/python3 -c from ros2cli.daemon.daemonize import main; main() --name ros2-daemon --ros-domain-id 0 --rmw-implementation rmw_fastrtps_cpp"
2026-09-25T13:13:20Z,51,"noiseE2_20260925T131030Z",477106,"python3",5.8,77208,48552,"python3 /wt/contributions/compute-benchmark/OsakaTX/scripts/synthetic_scan_publisher.py --duration 490 --loop-s 40 --hz 5.0 --noise 0.05"
2026-09-25T13:13:20Z,51,"noiseE2_20260925T131030Z",477122,"ros2",0.3,78924,50824,"/usr/bin/python3 /opt/ros/jazzy/bin/ros2 launch slam_toolbox online_async_launch.py slam_params_file:=/wt/contributions/compute-benchmark/OsakaTX/scripts/slam_toolbox_params.yaml use_sim_time:=False autostart:=true"
2026-09-25T13:13:20Z,51,"noiseE2_20260925T131030Z",477123,"ros2",0.8,83264,55421,"/usr/bin/python3 /opt/ros/jazzy/bin/ros2 launch nav2_bringup bringup_launch.py map:=/wt/contributions/compute-benchmark/OsakaTX/scripts/../results/combo2/combo2_nav2_map.yaml params_file:=/wt/contributions/compute-benchmark/OsakaTX/scripts/nav2_params_bench.yaml use_sim_time:=False autostart:=True slam:=False use_localization:=False"
2026-09-25T13:13:20Z,51,"noiseE2_20260925T131030Z",477142,"async_slam_tool",17.9,80068,60067,"/opt/ros/jazzy/lib/slam_toolbox/async_slam_toolbox_node --ros-args -r __node:=slam_toolbox -r __ns:=/ --params-file /wt/contributions/compute-benchmark/OsakaTX/scripts/slam_toolbox_params.yaml --params-file /tmp/launch_params_taqg3ax4"
2026-09-25T13:13:20Z,51,"noiseE2_20260925T131030Z",477175,"component_conta",44.6,173520,153361,"/opt/ros/jazzy/lib/rclcpp_components/component_container_isolated --ros-args --log-level info --ros-args -r __node:=nav2_container --params-file /tmp/launch_params_s9huhwju --params-file /tmp/launch_params_1wti_32f -r /tf:=tf -r /tf_static:=tf_static"
2026-09-25T13:13:20Z,51,"noiseE2_20260925T131030Z",477249,"python3",6.5,83516,54134,"python3 /wt/contributions/compute-benchmark/OsakaTX/scripts/nav_goal_seq.py --x 4 --y 4 --yaw 0 --every 22.0 --pause 2.0 --cancel --repeats 0"
2026-09-25T13:13:20Z,51,"noiseE2_20260925T131030Z",477293,"bash",0.5,4364,1339,"bash /wt/contributions/compute-benchmark/xbattlax/scripts/measure_ros_processes.sh --pattern python3|ros2|slam|nav2|component_container|nav_goal_seq --duration 380 --interval 2 --label noiseE2_20260925T131030Z --output /wt/contributions/compute-benchmark/OsakaTX/scripts/../results/combo2/noiseE2_20260925T131030Z.csv"
2026-09-25T13:13:22Z,52,"noiseE2_20260925T131030Z",408070,"python3",0.1,74124,46554,"/usr/bin/python3 -c from ros2cli.daemon.daemonize import main; main() --name ros2-daemon --ros-domain-id 0 --rmw-implementation rmw_fastrtps_cpp"
2026-09-25T13:13:22Z,52,"noiseE2_20260925T131030Z",477106,"python3",5.8,77208,48553,"python3 /wt/contributions/compute-benchmark/OsakaTX/scripts/synthetic_scan_publisher.py --duration 490 --loop-s 40 --hz 5.0 --noise 0.05"
2026-09-25T13:13:22Z,52,"noiseE2_20260925T131030Z",477122,"ros2",0.3,78924,50825,"/usr/bin/python3 /opt/ros/jazzy/bin/ros2 launch slam_toolbox online_async_launch.py slam_params_file:=/wt/contributions/compute-benchmark/OsakaTX/scripts/slam_toolbox_params.yaml use_sim_time:=False autostart:=true"
2026-09-25T13:13:22Z,52,"noiseE2_20260925T131030Z",477123,"ros2",0.8,83264,55421,"/usr/bin/python3 /opt/ros/jazzy/bin/ros2 launch nav2_bringup bringup_launch.py map:=/wt/contributions/compute-benchmark/OsakaTX/scripts/../results/combo2/combo2_nav2_map.yaml params_file:=/wt/contributions/compute-benchmark/OsakaTX/scripts/nav2_params_bench.yaml use_sim_time:=False autostart:=True slam:=False use_localization:=False"
2026-09-25T13:13:22Z,52,"noiseE2_20260925T131030Z",477142,"async_slam_tool",18.0,80428,60427,"/opt/ros/jazzy/lib/slam_toolbox/async_slam_toolbox_node --ros-args -r __node:=slam_toolbox -r __ns:=/ --params-file /wt/contributions/compute-benchmark/OsakaTX/scripts/slam_toolbox_params.yaml --params-file /tmp/launch_params_taqg3ax4"
2026-09-25T13:13:22Z,52,"noiseE2_20260925T131030Z",477175,"component_conta",44.4,173468,153307,"/opt/ros/jazzy/lib/rclcpp_components/component_container_isolated --ros-args --log-level info --ros-args -r __node:=nav2_container --params-file /tmp/launch_params_s9huhwju --params-file /tmp/launch_params_1wti_32f -r /tf:=tf -r /tf_static:=tf_static"
2026-09-25T13:13:22Z,52,"noiseE2_20260925T131030Z",477249,"python3",6.4,83520,54138,"python3 /wt/contributions/compute-benchmark/OsakaTX/scripts/nav_goal_seq.py --x 4 --y 4 --yaw 0 --every 22.0 --pause 2.0 --cancel --repeats 0"
2026-09-25T13:13:22Z,52,"noiseE2_20260925T131030Z",477293,"bash",0.5,4364,1337,"bash /wt/contributions/compute-benchmark/xbattlax/scripts/measure_ros_processes.sh --pattern python3|ros2|slam|nav2|component_container|nav_goal_seq --duration 380 --interval 2 --label noiseE2_20260925T131030Z --output /wt/contributions/compute-benchmark/OsakaTX/scripts/../results/combo2/noiseE2_20260925T131030Z.csv"
2026-09-25T13:13:24Z,53,"noiseE2_20260925T131030Z",408070,"python3",0.1,74124,46550,"/usr/bin/python3 -c from ros2cli.daemon.daemonize import main; main() --name ros2-daemon --ros-domain-id 0 --rmw-implementation rmw_fastrtps_cpp"
2026-09-25T13:13:24Z,53,"noiseE2_20260925T131030Z",477106,"python3",5.8,77208,48552,"python3 /wt/contributions/compute-benchmark/OsakaTX/scripts/synthetic_scan_publisher.py --duration 490 --loop-s 40 --hz 5.0 --noise 0.05"
2026-09-25T13:13:24Z,53,"noiseE2_20260925T131030Z",477122,"ros2",0.3,78924,50823,"/usr/bin/python3 /opt/ros/jazzy/bin/ros2 launch slam_toolbox online_async_launch.py slam_params_file:=/wt/contributions/compute-benchmark/OsakaTX/scripts/slam_toolbox_params.yaml use_sim_time:=False autostart:=true"
2026-09-25T13:13:24Z,53,"noiseE2_20260925T131030Z",477123,"ros2",0.8,83264,55417,"/usr/bin/python3 /opt/ros/jazzy/bin/ros2 launch nav2_bringup bringup_launch.py map:=/wt/contributions/compute-benchmark/OsakaTX/scripts/../results/combo2/combo2_nav2_map.yaml params_file:=/wt/contributions/compute-benchmark/OsakaTX/scripts/nav2_params_bench.yaml use_sim_time:=False autostart:=True slam:=False use_localization:=False"
2026-09-25T13:13:24Z,53,"noiseE2_20260925T131030Z",477142,"async_slam_tool",18.1,80780,60778,"/opt/ros/jazzy/lib/slam_toolbox/async_slam_toolbox_node --ros-args -r __node:=slam_toolbox -r __ns:=/ --params-file /wt/contributions/compute-benchmark/OsakaTX/scripts/slam_toolbox_params.yaml --params-file /tmp/launch_params_taqg3ax4"
2026-09-25T13:13:24Z,53,"noiseE2_20260925T131030Z",477175,"component_conta",44.5,173492,153332,"/opt/ros/jazzy/lib/rclcpp_components/component_container_isolated --ros-args --log-level info --ros-args -r __node:=nav2_container --params-file /tmp/launch_params_s9huhwju --params-file /tmp/launch_params_1wti_32f -r /tf:=tf -r /tf_static:=tf_static"
2026-09-25T13:13:24Z,53,"noiseE2_20260925T131030Z",477249,"python3",6.4,83520,54138,"python3 /wt/contributions/compute-benchmark/OsakaTX/scripts/nav_goal_seq.py --x 4 --y 4 --yaw 0 --every 22.0 --pause 2.0 --cancel --repeats 0"
2026-09-25T13:13:24Z,53,"noiseE2_20260925T131030Z",477293,"bash",0.5,4364,1339,"bash /wt/contributions/compute-benchmark/xbattlax/scripts/measure_ros_processes.sh --pattern python3|ros2|slam|nav2|component_container|nav_goal_seq --duration 380 --interval 2 --label noiseE2_20260925T131030Z --output /wt/contributions/compute-benchmark/OsakaTX/scripts/../results/combo2/noiseE2_20260925T131030Z.csv"
2026-09-25T13:13:27Z,54,"noiseE2_20260925T131030Z",408070,"python3",0.1,74124,46555,"/usr/bin/python3 -c from ros2cli.daemon.daemonize import main; main() --name ros2-daemon --ros-domain-id 0 --rmw-implementation rmw_fastrtps_cpp"
2026-09-25T13:13:27Z,54,"noiseE2_20260925T131030Z",477106,"python3",5.7,77208,48552,"python3 /wt/contributions/compute-benchmark/OsakaTX/scripts/synthetic_scan_publisher.py --duration 490 --loop-s 40 --hz 5.0 --noise 0.05"
2026-09-25T13:13:27Z,54,"noiseE2_20260925T131030Z",477122,"ros2",0.3,78924,50821,"/usr/bin/python3 /opt/ros/jazzy/bin/ros2 launch slam_toolbox online_async_launch.py slam_params_file:=/wt/contributions/compute-benchmark/OsakaTX/scripts/slam_toolbox_params.yaml use_sim_time:=False autostart:=true"
2026-09-25T13:13:27Z,54,"noiseE2_20260925T131030Z",477123,"ros2",0.8,83264,55417,"/usr/bin/python3 /opt/ros/jazzy/bin/ros2 launch nav2_bringup bringup_launch.py map:=/wt/contributions/compute-benchmark/OsakaTX/scripts/../results/combo2/combo2_nav2_map.yaml params_file:=/wt/contributions/compute-benchmark/OsakaTX/scripts/nav2_params_bench.yaml use_sim_time:=False autostart:=True slam:=False use_localization:=False"
2026-09-25T13:13:27Z,54,"noiseE2_20260925T131030Z",477142,"async_slam_tool",18.1,80816,60815,"/opt/ros/jazzy/lib/slam_toolbox/async_slam_toolbox_node --ros-args -r __node:=slam_toolbox -r __ns:=/ --params-file /wt/contributions/compute-benchmark/OsakaTX/scripts/slam_toolbox_params.yaml --params-file /tmp/launch_params_taqg3ax4"
2026-09-25T13:13:27Z,54,"noiseE2_20260925T131030Z",477175,"component_conta",44.7,173528,153368,"/opt/ros/jazzy/lib/rclcpp_components/component_container_isolated --ros-args --log-level info --ros-args -r __node:=nav2_container --params-file /tmp/launch_params_s9huhwju --params-file /tmp/launch_params_1wti_32f -r /tf:=tf -r /tf_static:=tf_static"
2026-09-25T13:13:27Z,54,"noiseE2_20260925T131030Z",477249,"python3",6.4,83520,54136,"python3 /wt/contributions/compute-benchmark/OsakaTX/scripts/nav_goal_seq.py --x 4 --y 4 --yaw 0 --every 22.0 --pause 2.0 --cancel --repeats 0"
2026-09-25T13:13:27Z,54,"noiseE2_20260925T131030Z",477293,"bash",0.5,4364,1337,"bash /wt/contributions/compute-benchmark/xbattlax/scripts/measure_ros_processes.sh --pattern python3|ros2|slam|nav2|component_container|nav_goal_seq --duration 380 --interval 2 --label noiseE2_20260925T131030Z --output /wt/contributions/compute-benchmark/OsakaTX/scripts/../results/combo2/noiseE2_20260925T131030Z.csv"
2026-09-25T13:13:29Z,55,"noiseE2_20260925T131030Z",408070,"python3",0.1,74124,46553,"/usr/bin/python3 -c from ros2cli.daemon.daemonize import main; main() --name ros2-daemon --ros-domain-id 0 --rmw-implementation rmw_fastrtps_cpp"
2026-09-25T13:13:29Z,55,"noiseE2_20260925T131030Z",477106,"python3",5.7,77208,48554,"python3 /wt/contributions/compute-benchmark/OsakaTX/scripts/synthetic_scan_publisher.py --duration 490 --loop-s 40 --hz 5.0 --noise 0.05"
2026-09-25T13:13:29Z,55,"noiseE2_20260925T131030Z",477122,"ros2",0.3,78924,50820,"/usr/bin/python3 /opt/ros/jazzy/bin/ros2 launch slam_toolbox online_async_launch.py slam_params_file:=/wt/contributions/compute-benchmark/OsakaTX/scripts/slam_toolbox_params.yaml use_sim_time:=False autostart:=true"
2026-09-25T13:13:29Z,55,"noiseE2_20260925T131030Z",477123,"ros2",0.8,83264,55420,"/usr/bin/python3 /opt/ros/jazzy/bin/ros2 launch nav2_bringup bringup_launch.py map:=/wt/contributions/compute-benchmark/OsakaTX/scripts/../results/combo2/combo2_nav2_map.yaml params_file:=/wt/contributions/compute-benchmark/OsakaTX/scripts/nav2_params_bench.yaml use_sim_time:=False autostart:=True slam:=False use_localization:=False"
2026-09-25T13:13:29Z,55,"noiseE2_20260925T131030Z",477142,"async_slam_tool",18.1,81132,61131,"/opt/ros/jazzy/lib/slam_toolbox/async_slam_toolbox_node --ros-args -r __node:=slam_toolbox -r __ns:=/ --params-file /wt/contributions/compute-benchmark/OsakaTX/scripts/slam_toolbox_params.yaml --params-file /tmp/launch_params_taqg3ax4"
2026-09-25T13:13:29Z,55,"noiseE2_20260925T131030Z",477175,"component_conta",44.8,173500,153340,"/opt/ros/jazzy/lib/rclcpp_components/component_container_isolated --ros-args --log-level info --ros-args -r __node:=nav2_container --params-file /tmp/launch_params_s9huhwju --params-file /tmp/launch_params_1wti_32f -r /tf:=tf -r /tf_static:=tf_static"
2026-09-25T13:13:29Z,55,"noiseE2_20260925T131030Z",477249,"python3",6.4,83520,54135,"python3 /wt/contributions/compute-benchmark/OsakaTX/scripts/nav_goal_seq.py --x 4 --y 4 --yaw 0 --every 22.0 --pause 2.0 --cancel --repeats 0"
2026-09-25T13:13:29Z,55,"noiseE2_20260925T131030Z",477293,"bash",0.5,4364,1335,"bash /wt/contributions/compute-benchmark/xbattlax/scripts/measure_ros_processes.sh --pattern python3|ros2|slam|nav2|component_container|nav_goal_seq --duration 380 --interval 2 --label noiseE2_20260925T131030Z --output /wt/contributions/compute-benchmark/OsakaTX/scripts/../results/combo2/noiseE2_20260925T131030Z.csv"
2026-09-25T13:13:32Z,56,"noiseE2_20260925T131030Z",408070,"python3",0.1,74124,46553,"/usr/bin/python3 -c from ros2cli.daemon.daemonize import main; main() --name ros2-daemon --ros-domain-id 0 --rmw-implementation rmw_fastrtps_cpp"
2026-09-25T13:13:32Z,56,"noiseE2_20260925T131030Z",477106,"python3",5.7,77208,48551,"python3 /wt/contributions/compute-benchmark/OsakaTX/scripts/synthetic_scan_publisher.py --duration 490 --loop-s 40 --hz 5.0 --noise 0.05"
2026-09-25T13:13:32Z,56,"noiseE2_20260925T131030Z",477122,"ros2",0.3,78924,50823,"/usr/bin/python3 /opt/ros/jazzy/bin/ros2 launch slam_toolbox online_async_launch.py slam_params_file:=/wt/contributions/compute-benchmark/OsakaTX/scripts/slam_toolbox_params.yaml use_sim_time:=False autostart:=true"
2026-09-25T13:13:32Z,56,"noiseE2_20260925T131030Z",477123,"ros2",0.8,83264,55415,"/usr/bin/python3 /opt/ros/jazzy/bin/ros2 launch nav2_bringup bringup_launch.py map:=/wt/contributions/compute-benchmark/OsakaTX/scripts/../results/combo2/combo2_nav2_map.yaml params_file:=/wt/contributions/compute-benchmark/OsakaTX/scripts/nav2_params_bench.yaml use_sim_time:=False autostart:=True slam:=False use_localization:=False"
2026-09-25T13:13:32Z,56,"noiseE2_20260925T131030Z",477142,"async_slam_tool",18.2,81484,61483,"/opt/ros/jazzy/lib/slam_toolbox/async_slam_toolbox_node --ros-args -r __node:=slam_toolbox -r __ns:=/ --params-file /wt/contributions/compute-benchmark/OsakaTX/scripts/slam_toolbox_params.yaml --params-file /tmp/launch_params_taqg3ax4"
2026-09-25T13:13:32Z,56,"noiseE2_20260925T131030Z",477175,"component_conta",45.0,169700,149538,"/opt/ros/jazzy/lib/rclcpp_components/component_container_isolated --ros-args --log-level info --ros-args -r __node:=nav2_container --params-file /tmp/launch_params_s9huhwju --params-file /tmp/launch_params_1wti_32f -r /tf:=tf -r /tf_static:=tf_static"
2026-09-25T13:13:32Z,56,"noiseE2_20260925T131030Z",477249,"python3",6.4,83520,54135,"python3 /wt/contributions/compute-benchmark/OsakaTX/scripts/nav_goal_seq.py --x 4 --y 4 --yaw 0 --every 22.0 --pause 2.0 --cancel --repeats 0"
2026-09-25T13:13:32Z,56,"noiseE2_20260925T131030Z",477293,"bash",0.5,4364,1341,"bash /wt/contributions/compute-benchmark/xbattlax/scripts/measure_ros_processes.sh --pattern python3|ros2|slam|nav2|component_container|nav_goal_seq --duration 380 --interval 2 --label noiseE2_20260925T131030Z --output /wt/contributions/compute-benchmark/OsakaTX/scripts/../results/combo2/noiseE2_20260925T131030Z.csv"
2026-09-25T13:13:34Z,57,"noiseE2_20260925T131030Z",408070,"python3",0.1,74124,46554,"/usr/bin/python3 -c from ros2cli.daemon.daemonize import main; main() --name ros2-daemon --ros-domain-id 0 --rmw-implementation rmw_fastrtps_cpp"
2026-09-25T13:13:34Z,57,"noiseE2_20260925T131030Z",477106,"python3",5.7,77208,48554,"python3 /wt/contributions/compute-benchmark/OsakaTX/scripts/synthetic_scan_publisher.py --duration 490 --loop-s 40 --hz 5.0 --noise 0.05"
2026-09-25T13:13:34Z,57,"noiseE2_20260925T131030Z",477122,"ros2",0.3,78924,50823,"/usr/bin/python3 /opt/ros/jazzy/bin/ros2 launch slam_toolbox online_async_launch.py slam_params_file:=/wt/contributions/compute-benchmark/OsakaTX/scripts/slam_toolbox_params.yaml use_sim_time:=False autostart:=true"
2026-09-25T13:13:34Z,57,"noiseE2_20260925T131030Z",477123,"ros2",0.7,83264,55421,"/usr/bin/python3 /opt/ros/jazzy/bin/ros2 launch nav2_bringup bringup_launch.py map:=/wt/contributions/compute-benchmark/OsakaTX/scripts/../results/combo2/combo2_nav2_map.yaml params_file:=/wt/contributions/compute-benchmark/OsakaTX/scripts/nav2_params_bench.yaml use_sim_time:=False autostart:=True slam:=False use_localization:=False"
2026-09-25T13:13:34Z,57,"noiseE2_20260925T131030Z",477142,"async_slam_tool",18.3,81840,61839,"/opt/ros/jazzy/lib/slam_toolbox/async_slam_toolbox_node --ros-args -r __node:=slam_toolbox -r __ns:=/ --params-file /wt/contributions/compute-benchmark/OsakaTX/scripts/slam_toolbox_params.yaml --params-file /tmp/launch_params_taqg3ax4"
2026-09-25T13:13:34Z,57,"noiseE2_20260925T131030Z",477175,"component_conta",45.1,169656,149494,"/opt/ros/jazzy/lib/rclcpp_components/component_container_isolated --ros-args --log-level info --ros-args -r __node:=nav2_container --params-file /tmp/launch_params_s9huhwju --params-file /tmp/launch_params_1wti_32f -r /tf:=tf -r /tf_static:=tf_static"
2026-09-25T13:13:34Z,57,"noiseE2_20260925T131030Z",477249,"python3",6.4,83520,54135,"python3 /wt/contributions/compute-benchmark/OsakaTX/scripts/nav_goal_seq.py --x 4 --y 4 --yaw 0 --every 22.0 --pause 2.0 --cancel --repeats 0"
2026-09-25T13:13:34Z,57,"noiseE2_20260925T131030Z",477293,"bash",0.5,4364,1339,"bash /wt/contributions/compute-benchmark/xbattlax/scripts/measure_ros_processes.sh --pattern python3|ros2|slam|nav2|component_container|nav_goal_seq --duration 380 --interval 2 --label noiseE2_20260925T131030Z --output /wt/contributions/compute-benchmark/OsakaTX/scripts/../results/combo2/noiseE2_20260925T131030Z.csv"
2026-09-25T13:13:37Z,58,"noiseE2_20260925T131030Z",408070,"python3",0.1,74124,46553,"/usr/bin/python3 -c from ros2cli.daemon.daemonize import main; main() --name ros2-daemon --ros-domain-id 0 --rmw-implementation rmw_fastrtps_cpp"
2026-09-25T13:13:37Z,58,"noiseE2_20260925T131030Z",477106,"python3",5.7,77208,48552,"python3 /wt/contributions/compute-benchmark/OsakaTX/scripts/synthetic_scan_publisher.py --duration 490 --loop-s 40 --hz 5.0 --noise 0.05"
2026-09-25T13:13:37Z,58,"noiseE2_20260925T131030Z",477122,"ros2",0.3,78924,50823,"/usr/bin/python3 /opt/ros/jazzy/bin/ros2 launch slam_toolbox online_async_launch.py slam_params_file:=/wt/contributions/compute-benchmark/OsakaTX/scripts/slam_toolbox_params.yaml use_sim_time:=False autostart:=true"
2026-09-25T13:13:37Z,58,"noiseE2_20260925T131030Z",477123,"ros2",0.7,83264,55422,"/usr/bin/python3 /opt/ros/jazzy/bin/ros2 launch nav2_bringup bringup_launch.py map:=/wt/contributions/compute-benchmark/OsakaTX/scripts/../results/combo2/combo2_nav2_map.yaml params_file:=/wt/contributions/compute-benchmark/OsakaTX/scripts/nav2_params_bench.yaml use_sim_time:=False autostart:=True slam:=False use_localization:=False"
2026-09-25T13:13:37Z,58,"noiseE2_20260925T131030Z",477142,"async_slam_tool",18.4,82192,62191,"/opt/ros/jazzy/lib/slam_toolbox/async_slam_toolbox_node --ros-args -r __node:=slam_toolbox -r __ns:=/ --params-file /wt/contributions/compute-benchmark/OsakaTX/scripts/slam_toolbox_params.yaml --params-file /tmp/launch_params_taqg3ax4"
2026-09-25T13:13:37Z,58,"noiseE2_20260925T131030Z",477175,"component_conta",45.2,169704,149542,"/opt/ros/jazzy/lib/rclcpp_components/component_container_isolated --ros-args --log-level info --ros-args -r __node:=nav2_container --params-file /tmp/launch_params_s9huhwju --params-file /tmp/launch_params_1wti_32f -r /tf:=tf -r /tf_static:=tf_static"
2026-09-25T13:13:37Z,58,"noiseE2_20260925T131030Z",477249,"python3",6.4,83520,54135,"python3 /wt/contributions/compute-benchmark/OsakaTX/scripts/nav_goal_seq.py --x 4 --y 4 --yaw 0 --every 22.0 --pause 2.0 --cancel --repeats 0"
2026-09-25T13:13:37Z,58,"noiseE2_20260925T131030Z",477293,"bash",0.5,4364,1341,"bash /wt/contributions/compute-benchmark/xbattlax/scripts/measure_ros_processes.sh --pattern python3|ros2|slam|nav2|component_container|nav_goal_seq --duration 380 --interval 2 --label noiseE2_20260925T131030Z --output /wt/contributions/compute-benchmark/OsakaTX/scripts/../results/combo2/noiseE2_20260925T131030Z.csv"
2026-09-25T13:13:39Z,59,"noiseE2_20260925T131030Z",408070,"python3",0.1,74124,46555,"/usr/bin/python3 -c from ros2cli.daemon.daemonize import main; main() --name ros2-daemon --ros-domain-id 0 --rmw-implementation rmw_fastrtps_cpp"
2026-09-25T13:13:39Z,59,"noiseE2_20260925T131030Z",477106,"python3",5.7,77208,48553,"python3 /wt/contributions/compute-benchmark/OsakaTX/scripts/synthetic_scan_publisher.py --duration 490 --loop-s 40 --hz 5.0 --noise 0.05"
2026-09-25T13:13:39Z,59,"noiseE2_20260925T131030Z",477122,"ros2",0.3,78924,50825,"/usr/bin/python3 /opt/ros/jazzy/bin/ros2 launch slam_toolbox online_async_launch.py slam_params_file:=/wt/contributions/compute-benchmark/OsakaTX/scripts/slam_toolbox_params.yaml use_sim_time:=False autostart:=true"
2026-09-25T13:13:39Z,59,"noiseE2_20260925T131030Z",477123,"ros2",0.7,83264,55421,"/usr/bin/python3 /opt/ros/jazzy/bin/ros2 launch nav2_bringup bringup_launch.py map:=/wt/contributions/compute-benchmark/OsakaTX/scripts/../results/combo2/combo2_nav2_map.yaml params_file:=/wt/contributions/compute-benchmark/OsakaTX/scripts/nav2_params_bench.yaml use_sim_time:=False autostart:=True slam:=False use_localization:=False"
2026-09-25T13:13:39Z,59,"noiseE2_20260925T131030Z",477142,"async_slam_tool",18.4,82212,62210,"/opt/ros/jazzy/lib/slam_toolbox/async_slam_toolbox_node --ros-args -r __node:=slam_toolbox -r __ns:=/ --params-file /wt/contributions/compute-benchmark/OsakaTX/scripts/slam_toolbox_params.yaml --params-file /tmp/launch_params_taqg3ax4"
2026-09-25T13:13:39Z,59,"noiseE2_20260925T131030Z",477175,"component_conta",45.3,169704,149543,"/opt/ros/jazzy/lib/rclcpp_components/component_container_isolated --ros-args --log-level info --ros-args -r __node:=nav2_container --params-file /tmp/launch_params_s9huhwju --params-file /tmp/launch_params_1wti_32f -r /tf:=tf -r /tf_static:=tf_static"
2026-09-25T13:13:39Z,59,"noiseE2_20260925T131030Z",477249,"python3",6.4,83520,54138,"python3 /wt/contributions/compute-benchmark/OsakaTX/scripts/nav_goal_seq.py --x 4 --y 4 --yaw 0 --every 22.0 --pause 2.0 --cancel --repeats 0"
2026-09-25T13:13:39Z,59,"noiseE2_20260925T131030Z",477293,"bash",0.5,4364,1338,"bash /wt/contributions/compute-benchmark/xbattlax/scripts/measure_ros_processes.sh --pattern python3|ros2|slam|nav2|component_container|nav_goal_seq --duration 380 --interval 2 --label noiseE2_20260925T131030Z --output /wt/contributions/compute-benchmark/OsakaTX/scripts/../results/combo2/noiseE2_20260925T131030Z.csv"
2026-09-25T13:13:41Z,60,"noiseE2_20260925T131030Z",408070,"python3",0.1,74124,46553,"/usr/bin/python3 -c from ros2cli.daemon.daemonize import main; main() --name ros2-daemon --ros-domain-id 0 --rmw-implementation rmw_fastrtps_cpp"
2026-09-25T13:13:41Z,60,"noiseE2_20260925T131030Z",477106,"python3",5.7,77208,48552,"python3 /wt/contributions/compute-benchmark/OsakaTX/scripts/synthetic_scan_publisher.py --duration 490 --loop-s 40 --hz 5.0 --noise 0.05"
2026-09-25T13:13:41Z,60,"noiseE2_20260925T131030Z",477122,"ros2",0.3,78924,50823,"/usr/bin/python3 /opt/ros/jazzy/bin/ros2 launch slam_toolbox online_async_launch.py slam_params_file:=/wt/contributions/compute-benchmark/OsakaTX/scripts/slam_toolbox_params.yaml use_sim_time:=False autostart:=true"
2026-09-25T13:13:41Z,60,"noiseE2_20260925T131030Z",477123,"ros2",0.7,83264,55421,"/usr/bin/python3 /opt/ros/jazzy/bin/ros2 launch nav2_bringup bringup_launch.py map:=/wt/contributions/compute-benchmark/OsakaTX/scripts/../results/combo2/combo2_nav2_map.yaml params_file:=/wt/contributions/compute-benchmark/OsakaTX/scripts/nav2_params_bench.yaml use_sim_time:=False autostart:=True slam:=False use_localization:=False"
2026-09-25T13:13:41Z,60,"noiseE2_20260925T131030Z",477142,"async_slam_tool",18.4,82548,62546,"/opt/ros/jazzy/lib/slam_toolbox/async_slam_toolbox_node --ros-args -r __node:=slam_toolbox -r __ns:=/ --params-file /wt/contributions/compute-benchmark/OsakaTX/scripts/slam_toolbox_params.yaml --params-file /tmp/launch_params_taqg3ax4"
2026-09-25T13:13:41Z,60,"noiseE2_20260925T131030Z",477175,"component_conta",45.4,169796,149636,"/opt/ros/jazzy/lib/rclcpp_components/component_container_isolated --ros-args --log-level info --ros-args -r __node:=nav2_container --params-file /tmp/launch_params_s9huhwju --params-file /tmp/launch_params_1wti_32f -r /tf:=tf -r /tf_static:=tf_static"
2026-09-25T13:13:41Z,60,"noiseE2_20260925T131030Z",477249,"python3",6.4,83520,54135,"python3 /wt/contributions/compute-benchmark/OsakaTX/scripts/nav_goal_seq.py --x 4 --y 4 --yaw 0 --every 22.0 --pause 2.0 --cancel --repeats 0"
2026-09-25T13:13:41Z,60,"noiseE2_20260925T131030Z",477293,"bash",0.5,4364,1335,"bash /wt/contributions/compute-benchmark/xbattlax/scripts/measure_ros_processes.sh --pattern python3|ros2|slam|nav2|component_container|nav_goal_seq --duration 380 --interval 2 --label noiseE2_20260925T131030Z --output /wt/contributions/compute-benchmark/OsakaTX/scripts/../results/combo2/noiseE2_20260925T131030Z.csv"
2026-09-25T13:13:44Z,61,"noiseE2_20260925T131030Z",408070,"python3",0.1,74124,46554,"/usr/bin/python3 -c from ros2cli.daemon.daemonize import main; main() --name ros2-daemon --ros-domain-id 0 --rmw-implementation rmw_fastrtps_cpp"
2026-09-25T13:13:44Z,61,"noiseE2_20260925T131030Z",477106,"python3",5.7,77208,48554,"python3 /wt/contributions/compute-benchmark/OsakaTX/scripts/synthetic_scan_publisher.py --duration 490 --loop-s 40 --hz 5.0 --noise 0.05"
2026-09-25T13:13:44Z,61,"noiseE2_20260925T131030Z",477122,"ros2",0.3,78924,50824,"/usr/bin/python3 /opt/ros/jazzy/bin/ros2 launch slam_toolbox online_async_launch.py slam_params_file:=/wt/contributions/compute-benchmark/OsakaTX/scripts/slam_toolbox_params.yaml use_sim_time:=False autostart:=true"
2026-09-25T13:13:44Z,61,"noiseE2_20260925T131030Z",477123,"ros2",0.7,83264,55422,"/usr/bin/python3 /opt/ros/jazzy/bin/ros2 launch nav2_bringup bringup_launch.py map:=/wt/contributions/compute-benchmark/OsakaTX/scripts/../results/combo2/combo2_nav2_map.yaml params_file:=/wt/contributions/compute-benchmark/OsakaTX/scripts/nav2_params_bench.yaml use_sim_time:=False autostart:=True slam:=False use_localization:=False"
2026-09-25T13:13:44Z,61,"noiseE2_20260925T131030Z",477142,"async_slam_tool",18.5,82904,62903,"/opt/ros/jazzy/lib/slam_toolbox/async_slam_toolbox_node --ros-args -r __node:=slam_toolbox -r __ns:=/ --params-file /wt/contributions/compute-benchmark/OsakaTX/scripts/slam_toolbox_params.yaml --params-file /tmp/launch_params_taqg3ax4"
2026-09-25T13:13:44Z,61,"noiseE2_20260925T131030Z",477175,"component_conta",45.5,169804,149644,"/opt/ros/jazzy/lib/rclcpp_components/component_container_isolated --ros-args --log-level info --ros-args -r __node:=nav2_container --params-file /tmp/launch_params_s9huhwju --params-file /tmp/launch_params_1wti_32f -r /tf:=tf -r /tf_static:=tf_static"
2026-09-25T13:13:44Z,61,"noiseE2_20260925T131030Z",477249,"python3",6.4,83520,54135,"python3 /wt/contributions/compute-benchmark/OsakaTX/scripts/nav_goal_seq.py --x 4 --y 4 --yaw 0 --every 22.0 --pause 2.0 --cancel --repeats 0"
2026-09-25T13:13:44Z,61,"noiseE2_20260925T131030Z",477293,"bash",0.5,4364,1339,"bash /wt/contributions/compute-benchmark/xbattlax/scripts/measure_ros_processes.sh --pattern python3|ros2|slam|nav2|component_container|nav_goal_seq --duration 380 --interval 2 --label noiseE2_20260925T131030Z --output /wt/contributions/compute-benchmark/OsakaTX/scripts/../results/combo2/noiseE2_20260925T131030Z.csv"
2026-09-25T13:13:46Z,62,"noiseE2_20260925T131030Z",408070,"python3",0.1,74124,46553,"/usr/bin/python3 -c from ros2cli.daemon.daemonize import main; main() --name ros2-daemon --ros-domain-id 0 --rmw-implementation rmw_fastrtps_cpp"
2026-09-25T13:13:46Z,62,"noiseE2_20260925T131030Z",477106,"python3",5.7,77208,48553,"python3 /wt/contributions/compute-benchmark/OsakaTX/scripts/synthetic_scan_publisher.py --duration 490 --loop-s 40 --hz 5.0 --noise 0.05"
2026-09-25T13:13:46Z,62,"noiseE2_20260925T131030Z",477122,"ros2",0.3,78924,50824,"/usr/bin/python3 /opt/ros/jazzy/bin/ros2 launch slam_toolbox online_async_launch.py slam_params_file:=/wt/contributions/compute-benchmark/OsakaTX/scripts/slam_toolbox_params.yaml use_sim_time:=False autostart:=true"
2026-09-25T13:13:46Z,62,"noiseE2_20260925T131030Z",477123,"ros2",0.7,83264,55421,"/usr/bin/python3 /opt/ros/jazzy/bin/ros2 launch nav2_bringup bringup_launch.py map:=/wt/contributions/compute-benchmark/OsakaTX/scripts/../results/combo2/combo2_nav2_map.yaml params_file:=/wt/contributions/compute-benchmark/OsakaTX/scripts/nav2_params_bench.yaml use_sim_time:=False autostart:=True slam:=False use_localization:=False"
2026-09-25T13:13:46Z,62,"noiseE2_20260925T131030Z",477142,"async_slam_tool",18.5,83260,63258,"/opt/ros/jazzy/lib/slam_toolbox/async_slam_toolbox_node --ros-args -r __node:=slam_toolbox -r __ns:=/ --params-file /wt/contributions/compute-benchmark/OsakaTX/scripts/slam_toolbox_params.yaml --params-file /tmp/launch_params_taqg3ax4"
2026-09-25T13:13:46Z,62,"noiseE2_20260925T131030Z",477175,"component_conta",45.4,167576,147416,"/opt/ros/jazzy/lib/rclcpp_components/component_container_isolated --ros-args --log-level info --ros-args -r __node:=nav2_container --params-file /tmp/launch_params_s9huhwju --params-file /tmp/launch_params_1wti_32f -r /tf:=tf -r /tf_static:=tf_static"
2026-09-25T13:13:46Z,62,"noiseE2_20260925T131030Z",477249,"python3",6.4,83524,54139,"python3 /wt/contributions/compute-benchmark/OsakaTX/scripts/nav_goal_seq.py --x 4 --y 4 --yaw 0 --every 22.0 --pause 2.0 --cancel --repeats 0"
2026-09-25T13:13:46Z,62,"noiseE2_20260925T131030Z",477293,"bash",0.5,4364,1337,"bash /wt/contributions/compute-benchmark/xbattlax/scripts/measure_ros_processes.sh --pattern python3|ros2|slam|nav2|component_container|nav_goal_seq --duration 380 --interval 2 --label noiseE2_20260925T131030Z --output /wt/contributions/compute-benchmark/OsakaTX/scripts/../results/combo2/noiseE2_20260925T131030Z.csv"
2026-09-25T13:13:48Z,63,"noiseE2_20260925T131030Z",408070,"python3",0.1,74124,46550,"/usr/bin/python3 -c from ros2cli.daemon.daemonize import main; main() --name ros2-daemon --ros-domain-id 0 --rmw-implementation rmw_fastrtps_cpp"
2026-09-25T13:13:48Z,63,"noiseE2_20260925T131030Z",477106,"python3",5.7,77208,48552,"python3 /wt/contributions/compute-benchmark/OsakaTX/scripts/synthetic_scan_publisher.py --duration 490 --loop-s 40 --hz 5.0 --noise 0.05"
2026-09-25T13:13:48Z,63,"noiseE2_20260925T131030Z",477122,"ros2",0.3,78924,50824,"/usr/bin/python3 /opt/ros/jazzy/bin/ros2 launch slam_toolbox online_async_launch.py slam_params_file:=/wt/contributions/compute-benchmark/OsakaTX/scripts/slam_toolbox_params.yaml use_sim_time:=False autostart:=true"
2026-09-25T13:13:48Z,63,"noiseE2_20260925T131030Z",477123,"ros2",0.7,83264,55420,"/usr/bin/python3 /opt/ros/jazzy/bin/ros2 launch nav2_bringup bringup_launch.py map:=/wt/contributions/compute-benchmark/OsakaTX/scripts/../results/combo2/combo2_nav2_map.yaml params_file:=/wt/contributions/compute-benchmark/OsakaTX/scripts/nav2_params_bench.yaml use_sim_time:=False autostart:=True slam:=False use_localization:=False"
2026-09-25T13:13:48Z,63,"noiseE2_20260925T131030Z",477142,"async_slam_tool",18.6,83616,63614,"/opt/ros/jazzy/lib/slam_toolbox/async_slam_toolbox_node --ros-args -r __node:=slam_toolbox -r __ns:=/ --params-file /wt/contributions/compute-benchmark/OsakaTX/scripts/slam_toolbox_params.yaml --params-file /tmp/launch_params_taqg3ax4"
2026-09-25T13:13:48Z,63,"noiseE2_20260925T131030Z",477175,"component_conta",45.4,167232,147072,"/opt/ros/jazzy/lib/rclcpp_components/component_container_isolated --ros-args --log-level info --ros-args -r __node:=nav2_container --params-file /tmp/launch_params_s9huhwju --params-file /tmp/launch_params_1wti_32f -r /tf:=tf -r /tf_static:=tf_static"
2026-09-25T13:13:48Z,63,"noiseE2_20260925T131030Z",477249,"python3",6.4,83524,54139,"python3 /wt/contributions/compute-benchmark/OsakaTX/scripts/nav_goal_seq.py --x 4 --y 4 --yaw 0 --every 22.0 --pause 2.0 --cancel --repeats 0"
2026-09-25T13:13:48Z,63,"noiseE2_20260925T131030Z",477293,"bash",0.5,4364,1327,"bash /wt/contributions/compute-benchmark/xbattlax/scripts/measure_ros_processes.sh --pattern python3|ros2|slam|nav2|component_container|nav_goal_seq --duration 380 --interval 2 --label noiseE2_20260925T131030Z --output /wt/contributions/compute-benchmark/OsakaTX/scripts/../results/combo2/noiseE2_20260925T131030Z.csv"
2026-09-25T13:13:51Z,64,"noiseE2_20260925T131030Z",408070,"python3",0.1,74124,46550,"/usr/bin/python3 -c from ros2cli.daemon.daemonize import main; main() --name ros2-daemon --ros-domain-id 0 --rmw-implementation rmw_fastrtps_cpp"
2026-09-25T13:13:51Z,64,"noiseE2_20260925T131030Z",477106,"python3",5.7,77208,48554,"python3 /wt/contributions/compute-benchmark/OsakaTX/scripts/synthetic_scan_publisher.py --duration 490 --loop-s 40 --hz 5.0 --noise 0.05"
2026-09-25T13:13:51Z,64,"noiseE2_20260925T131030Z",477122,"ros2",0.3,78924,50824,"/usr/bin/python3 /opt/ros/jazzy/bin/ros2 launch slam_toolbox online_async_launch.py slam_params_file:=/wt/contributions/compute-benchmark/OsakaTX/scripts/slam_toolbox_params.yaml use_sim_time:=False autostart:=true"
2026-09-25T13:13:51Z,64,"noiseE2_20260925T131030Z",477123,"ros2",0.7,83264,55420,"/usr/bin/python3 /opt/ros/jazzy/bin/ros2 launch nav2_bringup bringup_launch.py map:=/wt/contributions/compute-benchmark/OsakaTX/scripts/../results/combo2/combo2_nav2_map.yaml params_file:=/wt/contributions/compute-benchmark/OsakaTX/scripts/nav2_params_bench.yaml use_sim_time:=False autostart:=True slam:=False use_localization:=False"
2026-09-25T13:13:51Z,64,"noiseE2_20260925T131030Z",477142,"async_slam_tool",18.6,83648,63647,"/opt/ros/jazzy/lib/slam_toolbox/async_slam_toolbox_node --ros-args -r __node:=slam_toolbox -r __ns:=/ --params-file /wt/contributions/compute-benchmark/OsakaTX/scripts/slam_toolbox_params.yaml --params-file /tmp/launch_params_taqg3ax4"
2026-09-25T13:13:51Z,64,"noiseE2_20260925T131030Z",477175,"component_conta",45.4,167236,147074,"/opt/ros/jazzy/lib/rclcpp_components/component_container_isolated --ros-args --log-level info --ros-args -r __node:=nav2_container --params-file /tmp/launch_params_s9huhwju --params-file /tmp/launch_params_1wti_32f -r /tf:=tf -r /tf_static:=tf_static"
2026-09-25T13:13:51Z,64,"noiseE2_20260925T131030Z",477249,"python3",6.4,83524,54139,"python3 /wt/contributions/compute-benchmark/OsakaTX/scripts/nav_goal_seq.py --x 4 --y 4 --yaw 0 --every 22.0 --pause 2.0 --cancel --repeats 0"
2026-09-25T13:13:51Z,64,"noiseE2_20260925T131030Z",477293,"bash",0.5,4364,1336,"bash /wt/contributions/compute-benchmark/xbattlax/scripts/measure_ros_processes.sh --pattern python3|ros2|slam|nav2|component_container|nav_goal_seq --duration 380 --interval 2 --label noiseE2_20260925T131030Z --output /wt/contributions/compute-benchmark/OsakaTX/scripts/../results/combo2/noiseE2_20260925T131030Z.csv"
2026-09-25T13:13:53Z,65,"noiseE2_20260925T131030Z",408070,"python3",0.1,74124,46550,"/usr/bin/python3 -c from ros2cli.daemon.daemonize import main; main() --name ros2-daemon --ros-domain-id 0 --rmw-implementation rmw_fastrtps_cpp"
2026-09-25T13:13:53Z,65,"noiseE2_20260925T131030Z",477106,"python3",5.7,77208,48552,"python3 /wt/contributions/compute-benchmark/OsakaTX/scripts/synthetic_scan_publisher.py --duration 490 --loop-s 40 --hz 5.0 --noise 0.05"
2026-09-25T13:13:53Z,65,"noiseE2_20260925T131030Z",477122,"ros2",0.3,78924,50823,"/usr/bin/python3 /opt/ros/jazzy/bin/ros2 launch slam_toolbox online_async_launch.py slam_params_file:=/wt/contributions/compute-benchmark/OsakaTX/scripts/slam_toolbox_params.yaml use_sim_time:=False autostart:=true"
2026-09-25T13:13:53Z,65,"noiseE2_20260925T131030Z",477123,"ros2",0.7,83264,55421,"/usr/bin/python3 /opt/ros/jazzy/bin/ros2 launch nav2_bringup bringup_launch.py map:=/wt/contributions/compute-benchmark/OsakaTX/scripts/../results/combo2/combo2_nav2_map.yaml params_file:=/wt/contributions/compute-benchmark/OsakaTX/scripts/nav2_params_bench.yaml use_sim_time:=False autostart:=True slam:=False use_localization:=False"
2026-09-25T13:13:53Z,65,"noiseE2_20260925T131030Z",477142,"async_slam_tool",18.6,84004,64003,"/opt/ros/jazzy/lib/slam_toolbox/async_slam_toolbox_node --ros-args -r __node:=slam_toolbox -r __ns:=/ --params-file /wt/contributions/compute-benchmark/OsakaTX/scripts/slam_toolbox_params.yaml --params-file /tmp/launch_params_taqg3ax4"
2026-09-25T13:13:53Z,65,"noiseE2_20260925T131030Z",477175,"component_conta",45.6,171188,151028,"/opt/ros/jazzy/lib/rclcpp_components/component_container_isolated --ros-args --log-level info --ros-args -r __node:=nav2_container --params-file /tmp/launch_params_s9huhwju --params-file /tmp/launch_params_1wti_32f -r /tf:=tf -r /tf_static:=tf_static"
2026-09-25T13:13:53Z,65,"noiseE2_20260925T131030Z",477249,"python3",6.4,83524,54139,"python3 /wt/contributions/compute-benchmark/OsakaTX/scripts/nav_goal_seq.py --x 4 --y 4 --yaw 0 --every 22.0 --pause 2.0 --cancel --repeats 0"
2026-09-25T13:13:53Z,65,"noiseE2_20260925T131030Z",477293,"bash",0.5,4364,1332,"bash /wt/contributions/compute-benchmark/xbattlax/scripts/measure_ros_processes.sh --pattern python3|ros2|slam|nav2|component_container|nav_goal_seq --duration 380 --interval 2 --label noiseE2_20260925T131030Z --output /wt/contributions/compute-benchmark/OsakaTX/scripts/../results/combo2/noiseE2_20260925T131030Z.csv"
2026-09-25T13:13:56Z,66,"noiseE2_20260925T131030Z",408070,"python3",0.1,74124,46550,"/usr/bin/python3 -c from ros2cli.daemon.daemonize import main; main() --name ros2-daemon --ros-domain-id 0 --rmw-implementation rmw_fastrtps_cpp"
2026-09-25T13:13:56Z,66,"noiseE2_20260925T131030Z",477106,"python3",5.7,77208,48554,"python3 /wt/contributions/compute-benchmark/OsakaTX/scripts/synthetic_scan_publisher.py --duration 490 --loop-s 40 --hz 5.0 --noise 0.05"
2026-09-25T13:13:56Z,66,"noiseE2_20260925T131030Z",477122,"ros2",0.3,78924,50821,"/usr/bin/python3 /opt/ros/jazzy/bin/ros2 launch slam_toolbox online_async_launch.py slam_params_file:=/wt/contributions/compute-benchmark/OsakaTX/scripts/slam_toolbox_params.yaml use_sim_time:=False autostart:=true"
2026-09-25T13:13:56Z,66,"noiseE2_20260925T131030Z",477123,"ros2",0.7,83264,55417,"/usr/bin/python3 /opt/ros/jazzy/bin/ros2 launch nav2_bringup bringup_launch.py map:=/wt/contributions/compute-benchmark/OsakaTX/scripts/../results/combo2/combo2_nav2_map.yaml params_file:=/wt/contributions/compute-benchmark/OsakaTX/scripts/nav2_params_bench.yaml use_sim_time:=False autostart:=True slam:=False use_localization:=False"
2026-09-25T13:13:56Z,66,"noiseE2_20260925T131030Z",477142,"async_slam_tool",18.7,84360,64359,"/opt/ros/jazzy/lib/slam_toolbox/async_slam_toolbox_node --ros-args -r __node:=slam_toolbox -r __ns:=/ --params-file /wt/contributions/compute-benchmark/OsakaTX/scripts/slam_toolbox_params.yaml --params-file /tmp/launch_params_taqg3ax4"
2026-09-25T13:13:56Z,66,"noiseE2_20260925T131030Z",477175,"component_conta",45.5,171196,151036,"/opt/ros/jazzy/lib/rclcpp_components/component_container_isolated --ros-args --log-level info --ros-args -r __node:=nav2_container --params-file /tmp/launch_params_s9huhwju --params-file /tmp/launch_params_1wti_32f -r /tf:=tf -r /tf_static:=tf_static"
2026-09-25T13:13:56Z,66,"noiseE2_20260925T131030Z",477249,"python3",6.4,83524,54140,"python3 /wt/contributions/compute-benchmark/OsakaTX/scripts/nav_goal_seq.py --x 4 --y 4 --yaw 0 --every 22.0 --pause 2.0 --cancel --repeats 0"
2026-09-25T13:13:56Z,66,"noiseE2_20260925T131030Z",477293,"bash",0.5,4364,1331,"bash /wt/contributions/compute-benchmark/xbattlax/scripts/measure_ros_processes.sh --pattern python3|ros2|slam|nav2|component_container|nav_goal_seq --duration 380 --interval 2 --label noiseE2_20260925T131030Z --output /wt/contributions/compute-benchmark/OsakaTX/scripts/../results/combo2/noiseE2_20260925T131030Z.csv"
2026-09-25T13:13:58Z,67,"noiseE2_20260925T131030Z",408070,"python3",0.1,74124,46554,"/usr/bin/python3 -c from ros2cli.daemon.daemonize import main; main() --name ros2-daemon --ros-domain-id 0 --rmw-implementation rmw_fastrtps_cpp"
2026-09-25T13:13:58Z,67,"noiseE2_20260925T131030Z",477106,"python3",5.7,77208,48552,"python3 /wt/contributions/compute-benchmark/OsakaTX/scripts/synthetic_scan_publisher.py --duration 490 --loop-s 40 --hz 5.0 --noise 0.05"
2026-09-25T13:13:58Z,67,"noiseE2_20260925T131030Z",477122,"ros2",0.3,78924,50821,"/usr/bin/python3 /opt/ros/jazzy/bin/ros2 launch slam_toolbox online_async_launch.py slam_params_file:=/wt/contributions/compute-benchmark/OsakaTX/scripts/slam_toolbox_params.yaml use_sim_time:=False autostart:=true"
2026-09-25T13:13:58Z,67,"noiseE2_20260925T131030Z",477123,"ros2",0.7,83264,55420,"/usr/bin/python3 /opt/ros/jazzy/bin/ros2 launch nav2_bringup bringup_launch.py map:=/wt/contributions/compute-benchmark/OsakaTX/scripts/../results/combo2/combo2_nav2_map.yaml params_file:=/wt/contributions/compute-benchmark/OsakaTX/scripts/nav2_params_bench.yaml use_sim_time:=False autostart:=True slam:=False use_localization:=False"
2026-09-25T13:13:58Z,67,"noiseE2_20260925T131030Z",477142,"async_slam_tool",18.8,84720,64719,"/opt/ros/jazzy/lib/slam_toolbox/async_slam_toolbox_node --ros-args -r __node:=slam_toolbox -r __ns:=/ --params-file /wt/contributions/compute-benchmark/OsakaTX/scripts/slam_toolbox_params.yaml --params-file /tmp/launch_params_taqg3ax4"
2026-09-25T13:13:58Z,67,"noiseE2_20260925T131030Z",477175,"component_conta",45.5,168272,148110,"/opt/ros/jazzy/lib/rclcpp_components/component_container_isolated --ros-args --log-level info --ros-args -r __node:=nav2_container --params-file /tmp/launch_params_s9huhwju --params-file /tmp/launch_params_1wti_32f -r /tf:=tf -r /tf_static:=tf_static"
2026-09-25T13:13:58Z,67,"noiseE2_20260925T131030Z",477249,"python3",6.4,83524,54142,"python3 /wt/contributions/compute-benchmark/OsakaTX/scripts/nav_goal_seq.py --x 4 --y 4 --yaw 0 --every 22.0 --pause 2.0 --cancel --repeats 0"
2026-09-25T13:13:58Z,67,"noiseE2_20260925T131030Z",477293,"bash",0.5,4364,1337,"bash /wt/contributions/compute-benchmark/xbattlax/scripts/measure_ros_processes.sh --pattern python3|ros2|slam|nav2|component_container|nav_goal_seq --duration 380 --interval 2 --label noiseE2_20260925T131030Z --output /wt/contributions/compute-benchmark/OsakaTX/scripts/../results/combo2/noiseE2_20260925T131030Z.csv"
2026-09-25T13:14:00Z,68,"noiseE2_20260925T131030Z",408070,"python3",0.1,74124,46553,"/usr/bin/python3 -c from ros2cli.daemon.daemonize import main; main() --name ros2-daemon --ros-domain-id 0 --rmw-implementation rmw_fastrtps_cpp"
2026-09-25T13:14:00Z,68,"noiseE2_20260925T131030Z",477106,"python3",5.7,77208,48551,"python3 /wt/contributions/compute-benchmark/OsakaTX/scripts/synthetic_scan_publisher.py --duration 490 --loop-s 40 --hz 5.0 --noise 0.05"
2026-09-25T13:14:00Z,68,"noiseE2_20260925T131030Z",477122,"ros2",0.3,78924,50823,"/usr/bin/python3 /opt/ros/jazzy/bin/ros2 launch slam_toolbox online_async_launch.py slam_params_file:=/wt/contributions/compute-benchmark/OsakaTX/scripts/slam_toolbox_params.yaml use_sim_time:=False autostart:=true"
2026-09-25T13:14:00Z,68,"noiseE2_20260925T131030Z",477123,"ros2",0.7,83264,55422,"/usr/bin/python3 /opt/ros/jazzy/bin/ros2 launch nav2_bringup bringup_launch.py map:=/wt/contributions/compute-benchmark/OsakaTX/scripts/../results/combo2/combo2_nav2_map.yaml params_file:=/wt/contributions/compute-benchmark/OsakaTX/scripts/nav2_params_bench.yaml use_sim_time:=False autostart:=True slam:=False use_localization:=False"
2026-09-25T13:14:00Z,68,"noiseE2_20260925T131030Z",477142,"async_slam_tool",18.9,85252,65251,"/opt/ros/jazzy/lib/slam_toolbox/async_slam_toolbox_node --ros-args -r __node:=slam_toolbox -r __ns:=/ --params-file /wt/contributions/compute-benchmark/OsakaTX/scripts/slam_toolbox_params.yaml --params-file /tmp/launch_params_taqg3ax4"
2026-09-25T13:14:00Z,68,"noiseE2_20260925T131030Z",477175,"component_conta",45.6,168292,148132,"/opt/ros/jazzy/lib/rclcpp_components/component_container_isolated --ros-args --log-level info --ros-args -r __node:=nav2_container --params-file /tmp/launch_params_s9huhwju --params-file /tmp/launch_params_1wti_32f -r /tf:=tf -r /tf_static:=tf_static"
2026-09-25T13:14:00Z,68,"noiseE2_20260925T131030Z",477249,"python3",6.4,83524,54142,"python3 /wt/contributions/compute-benchmark/OsakaTX/scripts/nav_goal_seq.py --x 4 --y 4 --yaw 0 --every 22.0 --pause 2.0 --cancel --repeats 0"
2026-09-25T13:14:00Z,68,"noiseE2_20260925T131030Z",477293,"bash",0.5,4364,1335,"bash /wt/contributions/compute-benchmark/xbattlax/scripts/measure_ros_processes.sh --pattern python3|ros2|slam|nav2|component_container|nav_goal_seq --duration 380 --interval 2 --label noiseE2_20260925T131030Z --output /wt/contributions/compute-benchmark/OsakaTX/scripts/../results/combo2/noiseE2_20260925T131030Z.csv"
2026-09-25T13:14:03Z,69,"noiseE2_20260925T131030Z",408070,"python3",0.1,74124,46554,"/usr/bin/python3 -c from ros2cli.daemon.daemonize import main; main() --name ros2-daemon --ros-domain-id 0 --rmw-implementation rmw_fastrtps_cpp"
2026-09-25T13:14:03Z,69,"noiseE2_20260925T131030Z",477106,"python3",5.7,77208,48553,"python3 /wt/contributions/compute-benchmark/OsakaTX/scripts/synthetic_scan_publisher.py --duration 490 --loop-s 40 --hz 5.0 --noise 0.05"
2026-09-25T13:14:03Z,69,"noiseE2_20260925T131030Z",477122,"ros2",0.3,78924,50823,"/usr/bin/python3 /opt/ros/jazzy/bin/ros2 launch slam_toolbox online_async_launch.py slam_params_file:=/wt/contributions/compute-benchmark/OsakaTX/scripts/slam_toolbox_params.yaml use_sim_time:=False autostart:=true"
2026-09-25T13:14:03Z,69,"noiseE2_20260925T131030Z",477123,"ros2",0.7,83264,55417,"/usr/bin/python3 /opt/ros/jazzy/bin/ros2 launch nav2_bringup bringup_launch.py map:=/wt/contributions/compute-benchmark/OsakaTX/scripts/../results/combo2/combo2_nav2_map.yaml params_file:=/wt/contributions/compute-benchmark/OsakaTX/scripts/nav2_params_bench.yaml use_sim_time:=False autostart:=True slam:=False use_localization:=False"
2026-09-25T13:14:03Z,69,"noiseE2_20260925T131030Z",477142,"async_slam_tool",18.9,85252,65250,"/opt/ros/jazzy/lib/slam_toolbox/async_slam_toolbox_node --ros-args -r __node:=slam_toolbox -r __ns:=/ --params-file /wt/contributions/compute-benchmark/OsakaTX/scripts/slam_toolbox_params.yaml --params-file /tmp/launch_params_taqg3ax4"
2026-09-25T13:14:03Z,69,"noiseE2_20260925T131030Z",477175,"component_conta",45.6,168292,148132,"/opt/ros/jazzy/lib/rclcpp_components/component_container_isolated --ros-args --log-level info --ros-args -r __node:=nav2_container --params-file /tmp/launch_params_s9huhwju --params-file /tmp/launch_params_1wti_32f -r /tf:=tf -r /tf_static:=tf_static"
2026-09-25T13:14:03Z,69,"noiseE2_20260925T131030Z",477249,"python3",6.4,83524,54142,"python3 /wt/contributions/compute-benchmark/OsakaTX/scripts/nav_goal_seq.py --x 4 --y 4 --yaw 0 --every 22.0 --pause 2.0 --cancel --repeats 0"
2026-09-25T13:14:03Z,69,"noiseE2_20260925T131030Z",477293,"bash",0.5,4364,1329,"bash /wt/contributions/compute-benchmark/xbattlax/scripts/measure_ros_processes.sh --pattern python3|ros2|slam|nav2|component_container|nav_goal_seq --duration 380 --interval 2 --label noiseE2_20260925T131030Z --output /wt/contributions/compute-benchmark/OsakaTX/scripts/../results/combo2/noiseE2_20260925T131030Z.csv"
2026-09-25T13:14:05Z,70,"noiseE2_20260925T131030Z",408070,"python3",0.1,74124,46554,"/usr/bin/python3 -c from ros2cli.daemon.daemonize import main; main() --name ros2-daemon --ros-domain-id 0 --rmw-implementation rmw_fastrtps_cpp"
2026-09-25T13:14:05Z,70,"noiseE2_20260925T131030Z",477106,"python3",5.7,77208,48554,"python3 /wt/contributions/compute-benchmark/OsakaTX/scripts/synthetic_scan_publisher.py --duration 490 --loop-s 40 --hz 5.0 --noise 0.05"
2026-09-25T13:14:05Z,70,"noiseE2_20260925T131030Z",477122,"ros2",0.3,78924,50825,"/usr/bin/python3 /opt/ros/jazzy/bin/ros2 launch slam_toolbox online_async_launch.py slam_params_file:=/wt/contributions/compute-benchmark/OsakaTX/scripts/slam_toolbox_params.yaml use_sim_time:=False autostart:=true"
2026-09-25T13:14:05Z,70,"noiseE2_20260925T131030Z",477123,"ros2",0.7,83264,55415,"/usr/bin/python3 /opt/ros/jazzy/bin/ros2 launch nav2_bringup bringup_launch.py map:=/wt/contributions/compute-benchmark/OsakaTX/scripts/../results/combo2/combo2_nav2_map.yaml params_file:=/wt/contributions/compute-benchmark/OsakaTX/scripts/nav2_params_bench.yaml use_sim_time:=False autostart:=True slam:=False use_localization:=False"
2026-09-25T13:14:05Z,70,"noiseE2_20260925T131030Z",477142,"async_slam_tool",18.9,85992,65990,"/opt/ros/jazzy/lib/slam_toolbox/async_slam_toolbox_node --ros-args -r __node:=slam_toolbox -r __ns:=/ --params-file /wt/contributions/compute-benchmark/OsakaTX/scripts/slam_toolbox_params.yaml --params-file /tmp/launch_params_taqg3ax4"
2026-09-25T13:14:05Z,70,"noiseE2_20260925T131030Z",477175,"component_conta",45.6,168292,148130,"/opt/ros/jazzy/lib/rclcpp_components/component_container_isolated --ros-args --log-level info --ros-args -r __node:=nav2_container --params-file /tmp/launch_params_s9huhwju --params-file /tmp/launch_params_1wti_32f -r /tf:=tf -r /tf_static:=tf_static"
2026-09-25T13:14:05Z,70,"noiseE2_20260925T131030Z",477249,"python3",6.4,83524,54138,"python3 /wt/contributions/compute-benchmark/OsakaTX/scripts/nav_goal_seq.py --x 4 --y 4 --yaw 0 --every 22.0 --pause 2.0 --cancel --repeats 0"
2026-09-25T13:14:05Z,70,"noiseE2_20260925T131030Z",477293,"bash",0.5,4364,1335,"bash /wt/contributions/compute-benchmark/xbattlax/scripts/measure_ros_processes.sh --pattern python3|ros2|slam|nav2|component_container|nav_goal_seq --duration 380 --interval 2 --label noiseE2_20260925T131030Z --output /wt/contributions/compute-benchmark/OsakaTX/scripts/../results/combo2/noiseE2_20260925T131030Z.csv"
2026-09-25T13:14:08Z,71,"noiseE2_20260925T131030Z",408070,"python3",0.1,74124,46550,"/usr/bin/python3 -c from ros2cli.daemon.daemonize import main; main() --name ros2-daemon --ros-domain-id 0 --rmw-implementation rmw_fastrtps_cpp"
2026-09-25T13:14:08Z,71,"noiseE2_20260925T131030Z",477106,"python3",5.7,77208,48552,"python3 /wt/contributions/compute-benchmark/OsakaTX/scripts/synthetic_scan_publisher.py --duration 490 --loop-s 40 --hz 5.0 --noise 0.05"
2026-09-25T13:14:08Z,71,"noiseE2_20260925T131030Z",477122,"ros2",0.3,78924,50824,"/usr/bin/python3 /opt/ros/jazzy/bin/ros2 launch slam_toolbox online_async_launch.py slam_params_file:=/wt/contributions/compute-benchmark/OsakaTX/scripts/slam_toolbox_params.yaml use_sim_time:=False autostart:=true"
2026-09-25T13:14:08Z,71,"noiseE2_20260925T131030Z",477123,"ros2",0.7,83264,55420,"/usr/bin/python3 /opt/ros/jazzy/bin/ros2 launch nav2_bringup bringup_launch.py map:=/wt/contributions/compute-benchmark/OsakaTX/scripts/../results/combo2/combo2_nav2_map.yaml params_file:=/wt/contributions/compute-benchmark/OsakaTX/scripts/nav2_params_bench.yaml use_sim_time:=False autostart:=True slam:=False use_localization:=False"
2026-09-25T13:14:08Z,71,"noiseE2_20260925T131030Z",477142,"async_slam_tool",19.1,86344,66343,"/opt/ros/jazzy/lib/slam_toolbox/async_slam_toolbox_node --ros-args -r __node:=slam_toolbox -r __ns:=/ --params-file /wt/contributions/compute-benchmark/OsakaTX/scripts/slam_toolbox_params.yaml --params-file /tmp/launch_params_taqg3ax4"
2026-09-25T13:14:08Z,71,"noiseE2_20260925T131030Z",477175,"component_conta",45.7,168292,148130,"/opt/ros/jazzy/lib/rclcpp_components/component_container_isolated --ros-args --log-level info --ros-args -r __node:=nav2_container --params-file /tmp/launch_params_s9huhwju --params-file /tmp/launch_params_1wti_32f -r /tf:=tf -r /tf_static:=tf_static"
2026-09-25T13:14:08Z,71,"noiseE2_20260925T131030Z",477249,"python3",6.4,83524,54140,"python3 /wt/contributions/compute-benchmark/OsakaTX/scripts/nav_goal_seq.py --x 4 --y 4 --yaw 0 --every 22.0 --pause 2.0 --cancel --repeats 0"
2026-09-25T13:14:08Z,71,"noiseE2_20260925T131030Z",477293,"bash",0.5,4364,1339,"bash /wt/contributions/compute-benchmark/xbattlax/scripts/measure_ros_processes.sh --pattern python3|ros2|slam|nav2|component_container|nav_goal_seq --duration 380 --interval 2 --label noiseE2_20260925T131030Z --output /wt/contributions/compute-benchmark/OsakaTX/scripts/../results/combo2/noiseE2_20260925T131030Z.csv"
2026-09-25T13:14:10Z,72,"noiseE2_20260925T131030Z",408070,"python3",0.1,74124,46554,"/usr/bin/python3 -c from ros2cli.daemon.daemonize import main; main() --name ros2-daemon --ros-domain-id 0 --rmw-implementation rmw_fastrtps_cpp"
2026-09-25T13:14:10Z,72,"noiseE2_20260925T131030Z",477106,"python3",5.7,77208,48552,"python3 /wt/contributions/compute-benchmark/OsakaTX/scripts/synthetic_scan_publisher.py --duration 490 --loop-s 40 --hz 5.0 --noise 0.05"
2026-09-25T13:14:10Z,72,"noiseE2_20260925T131030Z",477122,"ros2",0.3,78924,50824,"/usr/bin/python3 /opt/ros/jazzy/bin/ros2 launch slam_toolbox online_async_launch.py slam_params_file:=/wt/contributions/compute-benchmark/OsakaTX/scripts/slam_toolbox_params.yaml use_sim_time:=False autostart:=true"
2026-09-25T13:14:10Z,72,"noiseE2_20260925T131030Z",477123,"ros2",0.7,83264,55421,"/usr/bin/python3 /opt/ros/jazzy/bin/ros2 launch nav2_bringup bringup_launch.py map:=/wt/contributions/compute-benchmark/OsakaTX/scripts/../results/combo2/combo2_nav2_map.yaml params_file:=/wt/contributions/compute-benchmark/OsakaTX/scripts/nav2_params_bench.yaml use_sim_time:=False autostart:=True slam:=False use_localization:=False"
2026-09-25T13:14:10Z,72,"noiseE2_20260925T131030Z",477142,"async_slam_tool",19.1,86776,66775,"/opt/ros/jazzy/lib/slam_toolbox/async_slam_toolbox_node --ros-args -r __node:=slam_toolbox -r __ns:=/ --params-file /wt/contributions/compute-benchmark/OsakaTX/scripts/slam_toolbox_params.yaml --params-file /tmp/launch_params_taqg3ax4"
2026-09-25T13:14:10Z,72,"noiseE2_20260925T131030Z",477175,"component_conta",45.6,170776,150614,"/opt/ros/jazzy/lib/rclcpp_components/component_container_isolated --ros-args --log-level info --ros-args -r __node:=nav2_container --params-file /tmp/launch_params_s9huhwju --params-file /tmp/launch_params_1wti_32f -r /tf:=tf -r /tf_static:=tf_static"
2026-09-25T13:14:10Z,72,"noiseE2_20260925T131030Z",477249,"python3",6.4,83524,54139,"python3 /wt/contributions/compute-benchmark/OsakaTX/scripts/nav_goal_seq.py --x 4 --y 4 --yaw 0 --every 22.0 --pause 2.0 --cancel --repeats 0"
2026-09-25T13:14:10Z,72,"noiseE2_20260925T131030Z",477293,"bash",0.5,4364,1333,"bash /wt/contributions/compute-benchmark/xbattlax/scripts/measure_ros_processes.sh --pattern python3|ros2|slam|nav2|component_container|nav_goal_seq --duration 380 --interval 2 --label noiseE2_20260925T131030Z --output /wt/contributions/compute-benchmark/OsakaTX/scripts/../results/combo2/noiseE2_20260925T131030Z.csv"
2026-09-25T13:14:12Z,73,"noiseE2_20260925T131030Z",408070,"python3",0.1,74124,46554,"/usr/bin/python3 -c from ros2cli.daemon.daemonize import main; main() --name ros2-daemon --ros-domain-id 0 --rmw-implementation rmw_fastrtps_cpp"
2026-09-25T13:14:12Z,73,"noiseE2_20260925T131030Z",477106,"python3",5.6,77208,48552,"python3 /wt/contributions/compute-benchmark/OsakaTX/scripts/synthetic_scan_publisher.py --duration 490 --loop-s 40 --hz 5.0 --noise 0.05"
2026-09-25T13:14:12Z,73,"noiseE2_20260925T131030Z",477122,"ros2",0.3,78924,50825,"/usr/bin/python3 /opt/ros/jazzy/bin/ros2 launch slam_toolbox online_async_launch.py slam_params_file:=/wt/contributions/compute-benchmark/OsakaTX/scripts/slam_toolbox_params.yaml use_sim_time:=False autostart:=true"
2026-09-25T13:14:12Z,73,"noiseE2_20260925T131030Z",477123,"ros2",0.6,83264,55421,"/usr/bin/python3 /opt/ros/jazzy/bin/ros2 launch nav2_bringup bringup_launch.py map:=/wt/contributions/compute-benchmark/OsakaTX/scripts/../results/combo2/combo2_nav2_map.yaml params_file:=/wt/contributions/compute-benchmark/OsakaTX/scripts/nav2_params_bench.yaml use_sim_time:=False autostart:=True slam:=False use_localization:=False"
2026-09-25T13:14:12Z,73,"noiseE2_20260925T131030Z",477142,"async_slam_tool",19.2,87160,67159,"/opt/ros/jazzy/lib/slam_toolbox/async_slam_toolbox_node --ros-args -r __node:=slam_toolbox -r __ns:=/ --params-file /wt/contributions/compute-benchmark/OsakaTX/scripts/slam_toolbox_params.yaml --params-file /tmp/launch_params_taqg3ax4"
2026-09-25T13:14:12Z,73,"noiseE2_20260925T131030Z",477175,"component_conta",45.6,170804,150644,"/opt/ros/jazzy/lib/rclcpp_components/component_container_isolated --ros-args --log-level info --ros-args -r __node:=nav2_container --params-file /tmp/launch_params_s9huhwju --params-file /tmp/launch_params_1wti_32f -r /tf:=tf -r /tf_static:=tf_static"
2026-09-25T13:14:12Z,73,"noiseE2_20260925T131030Z",477249,"python3",6.4,83528,54145,"python3 /wt/contributions/compute-benchmark/OsakaTX/scripts/nav_goal_seq.py --x 4 --y 4 --yaw 0 --every 22.0 --pause 2.0 --cancel --repeats 0"
2026-09-25T13:14:12Z,73,"noiseE2_20260925T131030Z",477293,"bash",0.5,4364,1336,"bash /wt/contributions/compute-benchmark/xbattlax/scripts/measure_ros_processes.sh --pattern python3|ros2|slam|nav2|component_container|nav_goal_seq --duration 380 --interval 2 --label noiseE2_20260925T131030Z --output /wt/contributions/compute-benchmark/OsakaTX/scripts/../results/combo2/noiseE2_20260925T131030Z.csv"
2026-09-25T13:14:15Z,74,"noiseE2_20260925T131030Z",408070,"python3",0.1,74124,46555,"/usr/bin/python3 -c from ros2cli.daemon.daemonize import main; main() --name ros2-daemon --ros-domain-id 0 --rmw-implementation rmw_fastrtps_cpp"
2026-09-25T13:14:15Z,74,"noiseE2_20260925T131030Z",477106,"python3",5.6,77208,48551,"python3 /wt/contributions/compute-benchmark/OsakaTX/scripts/synthetic_scan_publisher.py --duration 490 --loop-s 40 --hz 5.0 --noise 0.05"
2026-09-25T13:14:15Z,74,"noiseE2_20260925T131030Z",477122,"ros2",0.3,78924,50821,"/usr/bin/python3 /opt/ros/jazzy/bin/ros2 launch slam_toolbox online_async_launch.py slam_params_file:=/wt/contributions/compute-benchmark/OsakaTX/scripts/slam_toolbox_params.yaml use_sim_time:=False autostart:=true"
2026-09-25T13:14:15Z,74,"noiseE2_20260925T131030Z",477123,"ros2",0.6,83264,55421,"/usr/bin/python3 /opt/ros/jazzy/bin/ros2 launch nav2_bringup bringup_launch.py map:=/wt/contributions/compute-benchmark/OsakaTX/scripts/../results/combo2/combo2_nav2_map.yaml params_file:=/wt/contributions/compute-benchmark/OsakaTX/scripts/nav2_params_bench.yaml use_sim_time:=False autostart:=True slam:=False use_localization:=False"
2026-09-25T13:14:15Z,74,"noiseE2_20260925T131030Z",477142,"async_slam_tool",19.3,87160,67159,"/opt/ros/jazzy/lib/slam_toolbox/async_slam_toolbox_node --ros-args -r __node:=slam_toolbox -r __ns:=/ --params-file /wt/contributions/compute-benchmark/OsakaTX/scripts/slam_toolbox_params.yaml --params-file /tmp/launch_params_taqg3ax4"
2026-09-25T13:14:15Z,74,"noiseE2_20260925T131030Z",477175,"component_conta",45.7,170804,150956,"/opt/ros/jazzy/lib/rclcpp_components/component_container_isolated --ros-args --log-level info --ros-args -r __node:=nav2_container --params-file /tmp/launch_params_s9huhwju --params-file /tmp/launch_params_1wti_32f -r /tf:=tf -r /tf_static:=tf_static"
2026-09-25T13:14:15Z,74,"noiseE2_20260925T131030Z",477249,"python3",6.4,83528,54142,"python3 /wt/contributions/compute-benchmark/OsakaTX/scripts/nav_goal_seq.py --x 4 --y 4 --yaw 0 --every 22.0 --pause 2.0 --cancel --repeats 0"
2026-09-25T13:14:15Z,74,"noiseE2_20260925T131030Z",477293,"bash",0.5,4364,1339,"bash /wt/contributions/compute-benchmark/xbattlax/scripts/measure_ros_processes.sh --pattern python3|ros2|slam|nav2|component_container|nav_goal_seq --duration 380 --interval 2 --label noiseE2_20260925T131030Z --output /wt/contributions/compute-benchmark/OsakaTX/scripts/../results/combo2/noiseE2_20260925T131030Z.csv"
2026-09-25T13:14:17Z,75,"noiseE2_20260925T131030Z",408070,"python3",0.1,74124,46554,"/usr/bin/python3 -c from ros2cli.daemon.daemonize import main; main() --name ros2-daemon --ros-domain-id 0 --rmw-implementation rmw_fastrtps_cpp"
2026-09-25T13:14:17Z,75,"noiseE2_20260925T131030Z",477106,"python3",5.6,77208,48553,"python3 /wt/contributions/compute-benchmark/OsakaTX/scripts/synthetic_scan_publisher.py --duration 490 --loop-s 40 --hz 5.0 --noise 0.05"
2026-09-25T13:14:17Z,75,"noiseE2_20260925T131030Z",477122,"ros2",0.3,78924,50823,"/usr/bin/python3 /opt/ros/jazzy/bin/ros2 launch slam_toolbox online_async_launch.py slam_params_file:=/wt/contributions/compute-benchmark/OsakaTX/scripts/slam_toolbox_params.yaml use_sim_time:=False autostart:=true"
2026-09-25T13:14:17Z,75,"noiseE2_20260925T131030Z",477123,"ros2",0.6,83264,55422,"/usr/bin/python3 /opt/ros/jazzy/bin/ros2 launch nav2_bringup bringup_launch.py map:=/wt/contributions/compute-benchmark/OsakaTX/scripts/../results/combo2/combo2_nav2_map.yaml params_file:=/wt/contributions/compute-benchmark/OsakaTX/scripts/nav2_params_bench.yaml use_sim_time:=False autostart:=True slam:=False use_localization:=False"
2026-09-25T13:14:17Z,75,"noiseE2_20260925T131030Z",477142,"async_slam_tool",19.3,87424,67423,"/opt/ros/jazzy/lib/slam_toolbox/async_slam_toolbox_node --ros-args -r __node:=slam_toolbox -r __ns:=/ --params-file /wt/contributions/compute-benchmark/OsakaTX/scripts/slam_toolbox_params.yaml --params-file /tmp/launch_params_taqg3ax4"
2026-09-25T13:14:17Z,75,"noiseE2_20260925T131030Z",477175,"component_conta",45.7,170804,150644,"/opt/ros/jazzy/lib/rclcpp_components/component_container_isolated --ros-args --log-level info --ros-args -r __node:=nav2_container --params-file /tmp/launch_params_s9huhwju --params-file /tmp/launch_params_1wti_32f -r /tf:=tf -r /tf_static:=tf_static"
2026-09-25T13:14:17Z,75,"noiseE2_20260925T131030Z",477249,"python3",6.4,83528,54143,"python3 /wt/contributions/compute-benchmark/OsakaTX/scripts/nav_goal_seq.py --x 4 --y 4 --yaw 0 --every 22.0 --pause 2.0 --cancel --repeats 0"
2026-09-25T13:14:17Z,75,"noiseE2_20260925T131030Z",477293,"bash",0.5,4364,1338,"bash /wt/contributions/compute-benchmark/xbattlax/scripts/measure_ros_processes.sh --pattern python3|ros2|slam|nav2|component_container|nav_goal_seq --duration 380 --interval 2 --label noiseE2_20260925T131030Z --output /wt/contributions/compute-benchmark/OsakaTX/scripts/../results/combo2/noiseE2_20260925T131030Z.csv"
2026-09-25T13:14:20Z,76,"noiseE2_20260925T131030Z",408070,"python3",0.1,74124,46550,"/usr/bin/python3 -c from ros2cli.daemon.daemonize import main; main() --name ros2-daemon --ros-domain-id 0 --rmw-implementation rmw_fastrtps_cpp"
2026-09-25T13:14:20Z,76,"noiseE2_20260925T131030Z",477106,"python3",5.6,77208,48551,"python3 /wt/contributions/compute-benchmark/OsakaTX/scripts/synthetic_scan_publisher.py --duration 490 --loop-s 40 --hz 5.0 --noise 0.05"
2026-09-25T13:14:20Z,76,"noiseE2_20260925T131030Z",477122,"ros2",0.3,78924,50824,"/usr/bin/python3 /opt/ros/jazzy/bin/ros2 launch slam_toolbox online_async_launch.py slam_params_file:=/wt/contributions/compute-benchmark/OsakaTX/scripts/slam_toolbox_params.yaml use_sim_time:=False autostart:=true"
2026-09-25T13:14:20Z,76,"noiseE2_20260925T131030Z",477123,"ros2",0.6,83264,55421,"/usr/bin/python3 /opt/ros/jazzy/bin/ros2 launch nav2_bringup bringup_launch.py map:=/wt/contributions/compute-benchmark/OsakaTX/scripts/../results/combo2/combo2_nav2_map.yaml params_file:=/wt/contributions/compute-benchmark/OsakaTX/scripts/nav2_params_bench.yaml use_sim_time:=False autostart:=True slam:=False use_localization:=False"
2026-09-25T13:14:20Z,76,"noiseE2_20260925T131030Z",477142,"async_slam_tool",19.4,87772,67770,"/opt/ros/jazzy/lib/slam_toolbox/async_slam_toolbox_node --ros-args -r __node:=slam_toolbox -r __ns:=/ --params-file /wt/contributions/compute-benchmark/OsakaTX/scripts/slam_toolbox_params.yaml --params-file /tmp/launch_params_taqg3ax4"
2026-09-25T13:14:20Z,76,"noiseE2_20260925T131030Z",477175,"component_conta",45.8,170804,150644,"/opt/ros/jazzy/lib/rclcpp_components/component_container_isolated --ros-args --log-level info --ros-args -r __node:=nav2_container --params-file /tmp/launch_params_s9huhwju --params-file /tmp/launch_params_1wti_32f -r /tf:=tf -r /tf_static:=tf_static"
2026-09-25T13:14:20Z,76,"noiseE2_20260925T131030Z",477249,"python3",6.4,83528,54144,"python3 /wt/contributions/compute-benchmark/OsakaTX/scripts/nav_goal_seq.py --x 4 --y 4 --yaw 0 --every 22.0 --pause 2.0 --cancel --repeats 0"
2026-09-25T13:14:20Z,76,"noiseE2_20260925T131030Z",477293,"bash",0.5,4364,1339,"bash /wt/contributions/compute-benchmark/xbattlax/scripts/measure_ros_processes.sh --pattern python3|ros2|slam|nav2|component_container|nav_goal_seq --duration 380 --interval 2 --label noiseE2_20260925T131030Z --output /wt/contributions/compute-benchmark/OsakaTX/scripts/../results/combo2/noiseE2_20260925T131030Z.csv"
2026-09-25T13:14:22Z,77,"noiseE2_20260925T131030Z",408070,"python3",0.1,74124,46554,"/usr/bin/python3 -c from ros2cli.daemon.daemonize import main; main() --name ros2-daemon --ros-domain-id 0 --rmw-implementation rmw_fastrtps_cpp"
2026-09-25T13:14:22Z,77,"noiseE2_20260925T131030Z",477106,"python3",5.6,77208,48553,"python3 /wt/contributions/compute-benchmark/OsakaTX/scripts/synthetic_scan_publisher.py --duration 490 --loop-s 40 --hz 5.0 --noise 0.05"
2026-09-25T13:14:22Z,77,"noiseE2_20260925T131030Z",477122,"ros2",0.3,78924,50821,"/usr/bin/python3 /opt/ros/jazzy/bin/ros2 launch slam_toolbox online_async_launch.py slam_params_file:=/wt/contributions/compute-benchmark/OsakaTX/scripts/slam_toolbox_params.yaml use_sim_time:=False autostart:=true"
2026-09-25T13:14:22Z,77,"noiseE2_20260925T131030Z",477123,"ros2",0.6,83264,55420,"/usr/bin/python3 /opt/ros/jazzy/bin/ros2 launch nav2_bringup bringup_launch.py map:=/wt/contributions/compute-benchmark/OsakaTX/scripts/../results/combo2/combo2_nav2_map.yaml params_file:=/wt/contributions/compute-benchmark/OsakaTX/scripts/nav2_params_bench.yaml use_sim_time:=False autostart:=True slam:=False use_localization:=False"
2026-09-25T13:14:22Z,77,"noiseE2_20260925T131030Z",477142,"async_slam_tool",19.4,88192,68191,"/opt/ros/jazzy/lib/slam_toolbox/async_slam_toolbox_node --ros-args -r __node:=slam_toolbox -r __ns:=/ --params-file /wt/contributions/compute-benchmark/OsakaTX/scripts/slam_toolbox_params.yaml --params-file /tmp/launch_params_taqg3ax4"
2026-09-25T13:14:22Z,77,"noiseE2_20260925T131030Z",477175,"component_conta",45.9,171020,150861,"/opt/ros/jazzy/lib/rclcpp_components/component_container_isolated --ros-args --log-level info --ros-args -r __node:=nav2_container --params-file /tmp/launch_params_s9huhwju --params-file /tmp/launch_params_1wti_32f -r /tf:=tf -r /tf_static:=tf_static"
2026-09-25T13:14:22Z,77,"noiseE2_20260925T131030Z",477249,"python3",6.4,83528,54144,"python3 /wt/contributions/compute-benchmark/OsakaTX/scripts/nav_goal_seq.py --x 4 --y 4 --yaw 0 --every 22.0 --pause 2.0 --cancel --repeats 0"
2026-09-25T13:14:22Z,77,"noiseE2_20260925T131030Z",477293,"bash",0.5,4364,1331,"bash /wt/contributions/compute-benchmark/xbattlax/scripts/measure_ros_processes.sh --pattern python3|ros2|slam|nav2|component_container|nav_goal_seq --duration 380 --interval 2 --label noiseE2_20260925T131030Z --output /wt/contributions/compute-benchmark/OsakaTX/scripts/../results/combo2/noiseE2_20260925T131030Z.csv"
2026-09-25T13:14:24Z,78,"noiseE2_20260925T131030Z",408070,"python3",0.1,74124,46550,"/usr/bin/python3 -c from ros2cli.daemon.daemonize import main; main() --name ros2-daemon --ros-domain-id 0 --rmw-implementation rmw_fastrtps_cpp"
2026-09-25T13:14:24Z,78,"noiseE2_20260925T131030Z",477106,"python3",5.6,77208,48552,"python3 /wt/contributions/compute-benchmark/OsakaTX/scripts/synthetic_scan_publisher.py --duration 490 --loop-s 40 --hz 5.0 --noise 0.05"
2026-09-25T13:14:24Z,78,"noiseE2_20260925T131030Z",477122,"ros2",0.3,78924,50823,"/usr/bin/python3 /opt/ros/jazzy/bin/ros2 launch slam_toolbox online_async_launch.py slam_params_file:=/wt/contributions/compute-benchmark/OsakaTX/scripts/slam_toolbox_params.yaml use_sim_time:=False autostart:=true"
2026-09-25T13:14:24Z,78,"noiseE2_20260925T131030Z",477123,"ros2",0.6,83264,55420,"/usr/bin/python3 /opt/ros/jazzy/bin/ros2 launch nav2_bringup bringup_launch.py map:=/wt/contributions/compute-benchmark/OsakaTX/scripts/../results/combo2/combo2_nav2_map.yaml params_file:=/wt/contributions/compute-benchmark/OsakaTX/scripts/nav2_params_bench.yaml use_sim_time:=False autostart:=True slam:=False use_localization:=False"
2026-09-25T13:14:24Z,78,"noiseE2_20260925T131030Z",477142,"async_slam_tool",19.5,88596,68595,"/opt/ros/jazzy/lib/slam_toolbox/async_slam_toolbox_node --ros-args -r __node:=slam_toolbox -r __ns:=/ --params-file /wt/contributions/compute-benchmark/OsakaTX/scripts/slam_toolbox_params.yaml --params-file /tmp/launch_params_taqg3ax4"
2026-09-25T13:14:24Z,78,"noiseE2_20260925T131030Z",477175,"component_conta",45.9,171020,150858,"/opt/ros/jazzy/lib/rclcpp_components/component_container_isolated --ros-args --log-level info --ros-args -r __node:=nav2_container --params-file /tmp/launch_params_s9huhwju --params-file /tmp/launch_params_1wti_32f -r /tf:=tf -r /tf_static:=tf_static"
2026-09-25T13:14:24Z,78,"noiseE2_20260925T131030Z",477249,"python3",6.4,83528,54144,"python3 /wt/contributions/compute-benchmark/OsakaTX/scripts/nav_goal_seq.py --x 4 --y 4 --yaw 0 --every 22.0 --pause 2.0 --cancel --repeats 0"
2026-09-25T13:14:24Z,78,"noiseE2_20260925T131030Z",477293,"bash",0.5,4364,1331,"bash /wt/contributions/compute-benchmark/xbattlax/scripts/measure_ros_processes.sh --pattern python3|ros2|slam|nav2|component_container|nav_goal_seq --duration 380 --interval 2 --label noiseE2_20260925T131030Z --output /wt/contributions/compute-benchmark/OsakaTX/scripts/../results/combo2/noiseE2_20260925T131030Z.csv"
2026-09-25T13:14:27Z,79,"noiseE2_20260925T131030Z",408070,"python3",0.1,74124,46550,"/usr/bin/python3 -c from ros2cli.daemon.daemonize import main; main() --name ros2-daemon --ros-domain-id 0 --rmw-implementation rmw_fastrtps_cpp"
2026-09-25T13:14:27Z,79,"noiseE2_20260925T131030Z",477106,"python3",5.6,77208,48553,"python3 /wt/contributions/compute-benchmark/OsakaTX/scripts/synthetic_scan_publisher.py --duration 490 --loop-s 40 --hz 5.0 --noise 0.05"
2026-09-25T13:14:27Z,79,"noiseE2_20260925T131030Z",477122,"ros2",0.3,78924,50825,"/usr/bin/python3 /opt/ros/jazzy/bin/ros2 launch slam_toolbox online_async_launch.py slam_params_file:=/wt/contributions/compute-benchmark/OsakaTX/scripts/slam_toolbox_params.yaml use_sim_time:=False autostart:=true"
2026-09-25T13:14:27Z,79,"noiseE2_20260925T131030Z",477123,"ros2",0.6,83264,55421,"/usr/bin/python3 /opt/ros/jazzy/bin/ros2 launch nav2_bringup bringup_launch.py map:=/wt/contributions/compute-benchmark/OsakaTX/scripts/../results/combo2/combo2_nav2_map.yaml params_file:=/wt/contributions/compute-benchmark/OsakaTX/scripts/nav2_params_bench.yaml use_sim_time:=False autostart:=True slam:=False use_localization:=False"
2026-09-25T13:14:27Z,79,"noiseE2_20260925T131030Z",477142,"async_slam_tool",19.5,88596,68595,"/opt/ros/jazzy/lib/slam_toolbox/async_slam_toolbox_node --ros-args -r __node:=slam_toolbox -r __ns:=/ --params-file /wt/contributions/compute-benchmark/OsakaTX/scripts/slam_toolbox_params.yaml --params-file /tmp/launch_params_taqg3ax4"
2026-09-25T13:14:27Z,79,"noiseE2_20260925T131030Z",477175,"component_conta",46.0,171224,150920,"/opt/ros/jazzy/lib/rclcpp_components/component_container_isolated --ros-args --log-level info --ros-args -r __node:=nav2_container --params-file /tmp/launch_params_s9huhwju --params-file /tmp/launch_params_1wti_32f -r /tf:=tf -r /tf_static:=tf_static"
2026-09-25T13:14:27Z,79,"noiseE2_20260925T131030Z",477249,"python3",6.4,83528,54144,"python3 /wt/contributions/compute-benchmark/OsakaTX/scripts/nav_goal_seq.py --x 4 --y 4 --yaw 0 --every 22.0 --pause 2.0 --cancel --repeats 0"
2026-09-25T13:14:27Z,79,"noiseE2_20260925T131030Z",477293,"bash",0.5,4364,1333,"bash /wt/contributions/compute-benchmark/xbattlax/scripts/measure_ros_processes.sh --pattern python3|ros2|slam|nav2|component_container|nav_goal_seq --duration 380 --interval 2 --label noiseE2_20260925T131030Z --output /wt/contributions/compute-benchmark/OsakaTX/scripts/../results/combo2/noiseE2_20260925T131030Z.csv"
2026-09-25T13:14:29Z,80,"noiseE2_20260925T131030Z",408070,"python3",0.1,74124,46554,"/usr/bin/python3 -c from ros2cli.daemon.daemonize import main; main() --name ros2-daemon --ros-domain-id 0 --rmw-implementation rmw_fastrtps_cpp"
2026-09-25T13:14:29Z,80,"noiseE2_20260925T131030Z",477106,"python3",5.6,77208,48551,"python3 /wt/contributions/compute-benchmark/OsakaTX/scripts/synthetic_scan_publisher.py --duration 490 --loop-s 40 --hz 5.0 --noise 0.05"
2026-09-25T13:14:29Z,80,"noiseE2_20260925T131030Z",477122,"ros2",0.3,78924,50824,"/usr/bin/python3 /opt/ros/jazzy/bin/ros2 launch slam_toolbox online_async_launch.py slam_params_file:=/wt/contributions/compute-benchmark/OsakaTX/scripts/slam_toolbox_params.yaml use_sim_time:=False autostart:=true"
2026-09-25T13:14:29Z,80,"noiseE2_20260925T131030Z",477123,"ros2",0.6,83264,55421,"/usr/bin/python3 /opt/ros/jazzy/bin/ros2 launch nav2_bringup bringup_launch.py map:=/wt/contributions/compute-benchmark/OsakaTX/scripts/../results/combo2/combo2_nav2_map.yaml params_file:=/wt/contributions/compute-benchmark/OsakaTX/scripts/nav2_params_bench.yaml use_sim_time:=False autostart:=True slam:=False use_localization:=False"
2026-09-25T13:14:29Z,80,"noiseE2_20260925T131030Z",477142,"async_slam_tool",19.5,88796,68795,"/opt/ros/jazzy/lib/slam_toolbox/async_slam_toolbox_node --ros-args -r __node:=slam_toolbox -r __ns:=/ --params-file /wt/contributions/compute-benchmark/OsakaTX/scripts/slam_toolbox_params.yaml --params-file /tmp/launch_params_taqg3ax4"
2026-09-25T13:14:29Z,80,"noiseE2_20260925T131030Z",477175,"component_conta",46.1,171108,150949,"/opt/ros/jazzy/lib/rclcpp_components/component_container_isolated --ros-args --log-level info --ros-args -r __node:=nav2_container --params-file /tmp/launch_params_s9huhwju --params-file /tmp/launch_params_1wti_32f -r /tf:=tf -r /tf_static:=tf_static"
2026-09-25T13:14:29Z,80,"noiseE2_20260925T131030Z",477249,"python3",6.4,83528,54146,"python3 /wt/contributions/compute-benchmark/OsakaTX/scripts/nav_goal_seq.py --x 4 --y 4 --yaw 0 --every 22.0 --pause 2.0 --cancel --repeats 0"
2026-09-25T13:14:29Z,80,"noiseE2_20260925T131030Z",477293,"bash",0.5,4364,1341,"bash /wt/contributions/compute-benchmark/xbattlax/scripts/measure_ros_processes.sh --pattern python3|ros2|slam|nav2|component_container|nav_goal_seq --duration 380 --interval 2 --label noiseE2_20260925T131030Z --output /wt/contributions/compute-benchmark/OsakaTX/scripts/../results/combo2/noiseE2_20260925T131030Z.csv"
2026-09-25T13:14:32Z,81,"noiseE2_20260925T131030Z",408070,"python3",0.1,74124,46554,"/usr/bin/python3 -c from ros2cli.daemon.daemonize import main; main() --name ros2-daemon --ros-domain-id 0 --rmw-implementation rmw_fastrtps_cpp"
2026-09-25T13:14:32Z,81,"noiseE2_20260925T131030Z",477106,"python3",5.6,77208,48553,"python3 /wt/contributions/compute-benchmark/OsakaTX/scripts/synthetic_scan_publisher.py --duration 490 --loop-s 40 --hz 5.0 --noise 0.05"
2026-09-25T13:14:32Z,81,"noiseE2_20260925T131030Z",477122,"ros2",0.3,78924,50825,"/usr/bin/python3 /opt/ros/jazzy/bin/ros2 launch slam_toolbox online_async_launch.py slam_params_file:=/wt/contributions/compute-benchmark/OsakaTX/scripts/slam_toolbox_params.yaml use_sim_time:=False autostart:=true"
2026-09-25T13:14:32Z,81,"noiseE2_20260925T131030Z",477123,"ros2",0.6,83264,55421,"/usr/bin/python3 /opt/ros/jazzy/bin/ros2 launch nav2_bringup bringup_launch.py map:=/wt/contributions/compute-benchmark/OsakaTX/scripts/../results/combo2/combo2_nav2_map.yaml params_file:=/wt/contributions/compute-benchmark/OsakaTX/scripts/nav2_params_bench.yaml use_sim_time:=False autostart:=True slam:=False use_localization:=False"
2026-09-25T13:14:32Z,81,"noiseE2_20260925T131030Z",477142,"async_slam_tool",19.6,89252,69250,"/opt/ros/jazzy/lib/slam_toolbox/async_slam_toolbox_node --ros-args -r __node:=slam_toolbox -r __ns:=/ --params-file /wt/contributions/compute-benchmark/OsakaTX/scripts/slam_toolbox_params.yaml --params-file /tmp/launch_params_taqg3ax4"
2026-09-25T13:14:32Z,81,"noiseE2_20260925T131030Z",477175,"component_conta",46.2,176232,154886,"/opt/ros/jazzy/lib/rclcpp_components/component_container_isolated --ros-args --log-level info --ros-args -r __node:=nav2_container --params-file /tmp/launch_params_s9huhwju --params-file /tmp/launch_params_1wti_32f -r /tf:=tf -r /tf_static:=tf_static"
2026-09-25T13:14:32Z,81,"noiseE2_20260925T131030Z",477249,"python3",6.5,83528,54144,"python3 /wt/contributions/compute-benchmark/OsakaTX/scripts/nav_goal_seq.py --x 4 --y 4 --yaw 0 --every 22.0 --pause 2.0 --cancel --repeats 0"
2026-09-25T13:14:32Z,81,"noiseE2_20260925T131030Z",477293,"bash",0.5,4364,1333,"bash /wt/contributions/compute-benchmark/xbattlax/scripts/measure_ros_processes.sh --pattern python3|ros2|slam|nav2|component_container|nav_goal_seq --duration 380 --interval 2 --label noiseE2_20260925T131030Z --output /wt/contributions/compute-benchmark/OsakaTX/scripts/../results/combo2/noiseE2_20260925T131030Z.csv"
2026-09-25T13:14:34Z,82,"noiseE2_20260925T131030Z",408070,"python3",0.1,74124,46554,"/usr/bin/python3 -c from ros2cli.daemon.daemonize import main; main() --name ros2-daemon --ros-domain-id 0 --rmw-implementation rmw_fastrtps_cpp"
2026-09-25T13:14:34Z,82,"noiseE2_20260925T131030Z",477106,"python3",5.6,77208,48552,"python3 /wt/contributions/compute-benchmark/OsakaTX/scripts/synthetic_scan_publisher.py --duration 490 --loop-s 40 --hz 5.0 --noise 0.05"
2026-09-25T13:14:34Z,82,"noiseE2_20260925T131030Z",477122,"ros2",0.3,78924,50821,"/usr/bin/python3 /opt/ros/jazzy/bin/ros2 launch slam_toolbox online_async_launch.py slam_params_file:=/wt/contributions/compute-benchmark/OsakaTX/scripts/slam_toolbox_params.yaml use_sim_time:=False autostart:=true"
2026-09-25T13:14:34Z,82,"noiseE2_20260925T131030Z",477123,"ros2",0.6,83264,55421,"/usr/bin/python3 /opt/ros/jazzy/bin/ros2 launch nav2_bringup bringup_launch.py map:=/wt/contributions/compute-benchmark/OsakaTX/scripts/../results/combo2/combo2_nav2_map.yaml params_file:=/wt/contributions/compute-benchmark/OsakaTX/scripts/nav2_params_bench.yaml use_sim_time:=False autostart:=True slam:=False use_localization:=False"
2026-09-25T13:14:34Z,82,"noiseE2_20260925T131030Z",477142,"async_slam_tool",19.7,89672,69671,"/opt/ros/jazzy/lib/slam_toolbox/async_slam_toolbox_node --ros-args -r __node:=slam_toolbox -r __ns:=/ --params-file /wt/contributions/compute-benchmark/OsakaTX/scripts/slam_toolbox_params.yaml --params-file /tmp/launch_params_taqg3ax4"
2026-09-25T13:14:34Z,82,"noiseE2_20260925T131030Z",477175,"component_conta",46.1,175052,154890,"/opt/ros/jazzy/lib/rclcpp_components/component_container_isolated --ros-args --log-level info --ros-args -r __node:=nav2_container --params-file /tmp/launch_params_s9huhwju --params-file /tmp/launch_params_1wti_32f -r /tf:=tf -r /tf_static:=tf_static"
2026-09-25T13:14:34Z,82,"noiseE2_20260925T131030Z",477249,"python3",6.4,83528,54146,"python3 /wt/contributions/compute-benchmark/OsakaTX/scripts/nav_goal_seq.py --x 4 --y 4 --yaw 0 --every 22.0 --pause 2.0 --cancel --repeats 0"
2026-09-25T13:14:34Z,82,"noiseE2_20260925T131030Z",477293,"bash",0.5,4364,1335,"bash /wt/contributions/compute-benchmark/xbattlax/scripts/measure_ros_processes.sh --pattern python3|ros2|slam|nav2|component_container|nav_goal_seq --duration 380 --interval 2 --label noiseE2_20260925T131030Z --output /wt/contributions/compute-benchmark/OsakaTX/scripts/../results/combo2/noiseE2_20260925T131030Z.csv"
2026-09-25T13:14:37Z,83,"noiseE2_20260925T131030Z",408070,"python3",0.1,74124,46555,"/usr/bin/python3 -c from ros2cli.daemon.daemonize import main; main() --name ros2-daemon --ros-domain-id 0 --rmw-implementation rmw_fastrtps_cpp"
2026-09-25T13:14:37Z,83,"noiseE2_20260925T131030Z",477106,"python3",5.6,77208,48554,"python3 /wt/contributions/compute-benchmark/OsakaTX/scripts/synthetic_scan_publisher.py --duration 490 --loop-s 40 --hz 5.0 --noise 0.05"
2026-09-25T13:14:37Z,83,"noiseE2_20260925T131030Z",477122,"ros2",0.3,78924,50821,"/usr/bin/python3 /opt/ros/jazzy/bin/ros2 launch slam_toolbox online_async_launch.py slam_params_file:=/wt/contributions/compute-benchmark/OsakaTX/scripts/slam_toolbox_params.yaml use_sim_time:=False autostart:=true"
2026-09-25T13:14:37Z,83,"noiseE2_20260925T131030Z",477123,"ros2",0.6,83264,55420,"/usr/bin/python3 /opt/ros/jazzy/bin/ros2 launch nav2_bringup bringup_launch.py map:=/wt/contributions/compute-benchmark/OsakaTX/scripts/../results/combo2/combo2_nav2_map.yaml params_file:=/wt/contributions/compute-benchmark/OsakaTX/scripts/nav2_params_bench.yaml use_sim_time:=False autostart:=True slam:=False use_localization:=False"
2026-09-25T13:14:37Z,83,"noiseE2_20260925T131030Z",477142,"async_slam_tool",19.7,89684,69651,"/opt/ros/jazzy/lib/slam_toolbox/async_slam_toolbox_node --ros-args -r __node:=slam_toolbox -r __ns:=/ --params-file /wt/contributions/compute-benchmark/OsakaTX/scripts/slam_toolbox_params.yaml --params-file /tmp/launch_params_taqg3ax4"
2026-09-25T13:14:37Z,83,"noiseE2_20260925T131030Z",477175,"component_conta",46.0,175968,155776,"/opt/ros/jazzy/lib/rclcpp_components/component_container_isolated --ros-args --log-level info --ros-args -r __node:=nav2_container --params-file /tmp/launch_params_s9huhwju --params-file /tmp/launch_params_1wti_32f -r /tf:=tf -r /tf_static:=tf_static"
2026-09-25T13:14:37Z,83,"noiseE2_20260925T131030Z",477249,"python3",6.4,83528,54145,"python3 /wt/contributions/compute-benchmark/OsakaTX/scripts/nav_goal_seq.py --x 4 --y 4 --yaw 0 --every 22.0 --pause 2.0 --cancel --repeats 0"
2026-09-25T13:14:37Z,83,"noiseE2_20260925T131030Z",477293,"bash",0.5,4364,1341,"bash /wt/contributions/compute-benchmark/xbattlax/scripts/measure_ros_processes.sh --pattern python3|ros2|slam|nav2|component_container|nav_goal_seq --duration 380 --interval 2 --label noiseE2_20260925T131030Z --output /wt/contributions/compute-benchmark/OsakaTX/scripts/../results/combo2/noiseE2_20260925T131030Z.csv"
2026-09-25T13:14:39Z,84,"noiseE2_20260925T131030Z",408070,"python3",0.1,74124,46554,"/usr/bin/python3 -c from ros2cli.daemon.daemonize import main; main() --name ros2-daemon --ros-domain-id 0 --rmw-implementation rmw_fastrtps_cpp"
2026-09-25T13:14:39Z,84,"noiseE2_20260925T131030Z",477106,"python3",5.6,77208,48553,"python3 /wt/contributions/compute-benchmark/OsakaTX/scripts/synthetic_scan_publisher.py --duration 490 --loop-s 40 --hz 5.0 --noise 0.05"
2026-09-25T13:14:39Z,84,"noiseE2_20260925T131030Z",477122,"ros2",0.2,78924,50823,"/usr/bin/python3 /opt/ros/jazzy/bin/ros2 launch slam_toolbox online_async_launch.py slam_params_file:=/wt/contributions/compute-benchmark/OsakaTX/scripts/slam_toolbox_params.yaml use_sim_time:=False autostart:=true"
2026-09-25T13:14:39Z,84,"noiseE2_20260925T131030Z",477123,"ros2",0.6,83264,55420,"/usr/bin/python3 /opt/ros/jazzy/bin/ros2 launch nav2_bringup bringup_launch.py map:=/wt/contributions/compute-benchmark/OsakaTX/scripts/../results/combo2/combo2_nav2_map.yaml params_file:=/wt/contributions/compute-benchmark/OsakaTX/scripts/nav2_params_bench.yaml use_sim_time:=False autostart:=True slam:=False use_localization:=False"
2026-09-25T13:14:39Z,84,"noiseE2_20260925T131030Z",477142,"async_slam_tool",19.8,90316,70283,"/opt/ros/jazzy/lib/slam_toolbox/async_slam_toolbox_node --ros-args -r __node:=slam_toolbox -r __ns:=/ --params-file /wt/contributions/compute-benchmark/OsakaTX/scripts/slam_toolbox_params.yaml --params-file /tmp/launch_params_taqg3ax4"
2026-09-25T13:14:39Z,84,"noiseE2_20260925T131030Z",477175,"component_conta",46.1,174200,154007,"/opt/ros/jazzy/lib/rclcpp_components/component_container_isolated --ros-args --log-level info --ros-args -r __node:=nav2_container --params-file /tmp/launch_params_s9huhwju --params-file /tmp/launch_params_1wti_32f -r /tf:=tf -r /tf_static:=tf_static"
2026-09-25T13:14:39Z,84,"noiseE2_20260925T131030Z",477249,"python3",6.4,83528,54145,"python3 /wt/contributions/compute-benchmark/OsakaTX/scripts/nav_goal_seq.py --x 4 --y 4 --yaw 0 --every 22.0 --pause 2.0 --cancel --repeats 0"
2026-09-25T13:14:39Z,84,"noiseE2_20260925T131030Z",477293,"bash",0.5,4364,1338,"bash /wt/contributions/compute-benchmark/xbattlax/scripts/measure_ros_processes.sh --pattern python3|ros2|slam|nav2|component_container|nav_goal_seq --duration 380 --interval 2 --label noiseE2_20260925T131030Z --output /wt/contributions/compute-benchmark/OsakaTX/scripts/../results/combo2/noiseE2_20260925T131030Z.csv"
2026-09-25T13:14:41Z,85,"noiseE2_20260925T131030Z",408070,"python3",0.1,74124,46550,"/usr/bin/python3 -c from ros2cli.daemon.daemonize import main; main() --name ros2-daemon --ros-domain-id 0 --rmw-implementation rmw_fastrtps_cpp"
2026-09-25T13:14:41Z,85,"noiseE2_20260925T131030Z",477106,"python3",5.6,77208,48553,"python3 /wt/contributions/compute-benchmark/OsakaTX/scripts/synthetic_scan_publisher.py --duration 490 --loop-s 40 --hz 5.0 --noise 0.05"
2026-09-25T13:14:41Z,85,"noiseE2_20260925T131030Z",477122,"ros2",0.2,78924,50823,"/usr/bin/python3 /opt/ros/jazzy/bin/ros2 launch slam_toolbox online_async_launch.py slam_params_file:=/wt/contributions/compute-benchmark/OsakaTX/scripts/slam_toolbox_params.yaml use_sim_time:=False autostart:=true"
2026-09-25T13:14:41Z,85,"noiseE2_20260925T131030Z",477123,"ros2",0.6,83264,55421,"/usr/bin/python3 /opt/ros/jazzy/bin/ros2 launch nav2_bringup bringup_launch.py map:=/wt/contributions/compute-benchmark/OsakaTX/scripts/../results/combo2/combo2_nav2_map.yaml params_file:=/wt/contributions/compute-benchmark/OsakaTX/scripts/nav2_params_bench.yaml use_sim_time:=False autostart:=True slam:=False use_localization:=False"
2026-09-25T13:14:41Z,85,"noiseE2_20260925T131030Z",477142,"async_slam_tool",19.8,90316,70283,"/opt/ros/jazzy/lib/slam_toolbox/async_slam_toolbox_node --ros-args -r __node:=slam_toolbox -r __ns:=/ --params-file /wt/contributions/compute-benchmark/OsakaTX/scripts/slam_toolbox_params.yaml --params-file /tmp/launch_params_taqg3ax4"
2026-09-25T13:14:41Z,85,"noiseE2_20260925T131030Z",477175,"component_conta",46.1,174212,154017,"/opt/ros/jazzy/lib/rclcpp_components/component_container_isolated --ros-args --log-level info --ros-args -r __node:=nav2_container --params-file /tmp/launch_params_s9huhwju --params-file /tmp/launch_params_1wti_32f -r /tf:=tf -r /tf_static:=tf_static"
2026-09-25T13:14:41Z,85,"noiseE2_20260925T131030Z",477249,"python3",6.4,83528,54146,"python3 /wt/contributions/compute-benchmark/OsakaTX/scripts/nav_goal_seq.py --x 4 --y 4 --yaw 0 --every 22.0 --pause 2.0 --cancel --repeats 0"
2026-09-25T13:14:41Z,85,"noiseE2_20260925T131030Z",477293,"bash",0.5,4364,1340,"bash /wt/contributions/compute-benchmark/xbattlax/scripts/measure_ros_processes.sh --pattern python3|ros2|slam|nav2|component_container|nav_goal_seq --duration 380 --interval 2 --label noiseE2_20260925T131030Z --output /wt/contributions/compute-benchmark/OsakaTX/scripts/../results/combo2/noiseE2_20260925T131030Z.csv"
2026-09-25T13:14:44Z,86,"noiseE2_20260925T131030Z",408070,"python3",0.1,74124,46554,"/usr/bin/python3 -c from ros2cli.daemon.daemonize import main; main() --name ros2-daemon --ros-domain-id 0 --rmw-implementation rmw_fastrtps_cpp"
2026-09-25T13:14:44Z,86,"noiseE2_20260925T131030Z",477106,"python3",5.6,77208,48553,"python3 /wt/contributions/compute-benchmark/OsakaTX/scripts/synthetic_scan_publisher.py --duration 490 --loop-s 40 --hz 5.0 --noise 0.05"
2026-09-25T13:14:44Z,86,"noiseE2_20260925T131030Z",477122,"ros2",0.2,78924,50821,"/usr/bin/python3 /opt/ros/jazzy/bin/ros2 launch slam_toolbox online_async_launch.py slam_params_file:=/wt/contributions/compute-benchmark/OsakaTX/scripts/slam_toolbox_params.yaml use_sim_time:=False autostart:=true"
2026-09-25T13:14:44Z,86,"noiseE2_20260925T131030Z",477123,"ros2",0.6,83264,55421,"/usr/bin/python3 /opt/ros/jazzy/bin/ros2 launch nav2_bringup bringup_launch.py map:=/wt/contributions/compute-benchmark/OsakaTX/scripts/../results/combo2/combo2_nav2_map.yaml params_file:=/wt/contributions/compute-benchmark/OsakaTX/scripts/nav2_params_bench.yaml use_sim_time:=False autostart:=True slam:=False use_localization:=False"
2026-09-25T13:14:44Z,86,"noiseE2_20260925T131030Z",477142,"async_slam_tool",19.8,90500,70467,"/opt/ros/jazzy/lib/slam_toolbox/async_slam_toolbox_node --ros-args -r __node:=slam_toolbox -r __ns:=/ --params-file /wt/contributions/compute-benchmark/OsakaTX/scripts/slam_toolbox_params.yaml --params-file /tmp/launch_params_taqg3ax4"
2026-09-25T13:14:44Z,86,"noiseE2_20260925T131030Z",477175,"component_conta",46.2,174212,154020,"/opt/ros/jazzy/lib/rclcpp_components/component_container_isolated --ros-args --log-level info --ros-args -r __node:=nav2_container --params-file /tmp/launch_params_s9huhwju --params-file /tmp/launch_params_1wti_32f -r /tf:=tf -r /tf_static:=tf_static"
2026-09-25T13:14:44Z,86,"noiseE2_20260925T131030Z",477249,"python3",6.4,83528,54143,"python3 /wt/contributions/compute-benchmark/OsakaTX/scripts/nav_goal_seq.py --x 4 --y 4 --yaw 0 --every 22.0 --pause 2.0 --cancel --repeats 0"
2026-09-25T13:14:44Z,86,"noiseE2_20260925T131030Z",477293,"bash",0.5,4364,1336,"bash /wt/contributions/compute-benchmark/xbattlax/scripts/measure_ros_processes.sh --pattern python3|ros2|slam|nav2|component_container|nav_goal_seq --duration 380 --interval 2 --label noiseE2_20260925T131030Z --output /wt/contributions/compute-benchmark/OsakaTX/scripts/../results/combo2/noiseE2_20260925T131030Z.csv"
2026-09-25T13:14:46Z,87,"noiseE2_20260925T131030Z",408070,"python3",0.1,74124,46553,"/usr/bin/python3 -c from ros2cli.daemon.daemonize import main; main() --name ros2-daemon --ros-domain-id 0 --rmw-implementation rmw_fastrtps_cpp"
2026-09-25T13:14:46Z,87,"noiseE2_20260925T131030Z",477106,"python3",5.6,77208,48553,"python3 /wt/contributions/compute-benchmark/OsakaTX/scripts/synthetic_scan_publisher.py --duration 490 --loop-s 40 --hz 5.0 --noise 0.05"
2026-09-25T13:14:46Z,87,"noiseE2_20260925T131030Z",477122,"ros2",0.2,78924,50825,"/usr/bin/python3 /opt/ros/jazzy/bin/ros2 launch slam_toolbox online_async_launch.py slam_params_file:=/wt/contributions/compute-benchmark/OsakaTX/scripts/slam_toolbox_params.yaml use_sim_time:=False autostart:=true"
2026-09-25T13:14:46Z,87,"noiseE2_20260925T131030Z",477123,"ros2",0.6,83264,55421,"/usr/bin/python3 /opt/ros/jazzy/bin/ros2 launch nav2_bringup bringup_launch.py map:=/wt/contributions/compute-benchmark/OsakaTX/scripts/../results/combo2/combo2_nav2_map.yaml params_file:=/wt/contributions/compute-benchmark/OsakaTX/scripts/nav2_params_bench.yaml use_sim_time:=False autostart:=True slam:=False use_localization:=False"
2026-09-25T13:14:46Z,87,"noiseE2_20260925T131030Z",477142,"async_slam_tool",20.0,91024,70991,"/opt/ros/jazzy/lib/slam_toolbox/async_slam_toolbox_node --ros-args -r __node:=slam_toolbox -r __ns:=/ --params-file /wt/contributions/compute-benchmark/OsakaTX/scripts/slam_toolbox_params.yaml --params-file /tmp/launch_params_taqg3ax4"
2026-09-25T13:14:46Z,87,"noiseE2_20260925T131030Z",477175,"component_conta",46.3,174116,153924,"/opt/ros/jazzy/lib/rclcpp_components/component_container_isolated --ros-args --log-level info --ros-args -r __node:=nav2_container --params-file /tmp/launch_params_s9huhwju --params-file /tmp/launch_params_1wti_32f -r /tf:=tf -r /tf_static:=tf_static"
2026-09-25T13:14:46Z,87,"noiseE2_20260925T131030Z",477249,"python3",6.4,83528,54146,"python3 /wt/contributions/compute-benchmark/OsakaTX/scripts/nav_goal_seq.py --x 4 --y 4 --yaw 0 --every 22.0 --pause 2.0 --cancel --repeats 0"
2026-09-25T13:14:46Z,87,"noiseE2_20260925T131030Z",477293,"bash",0.5,4364,1338,"bash /wt/contributions/compute-benchmark/xbattlax/scripts/measure_ros_processes.sh --pattern python3|ros2|slam|nav2|component_container|nav_goal_seq --duration 380 --interval 2 --label noiseE2_20260925T131030Z --output /wt/contributions/compute-benchmark/OsakaTX/scripts/../results/combo2/noiseE2_20260925T131030Z.csv"
2026-09-25T13:14:49Z,88,"noiseE2_20260925T131030Z",408070,"python3",0.1,74124,46554,"/usr/bin/python3 -c from ros2cli.daemon.daemonize import main; main() --name ros2-daemon --ros-domain-id 0 --rmw-implementation rmw_fastrtps_cpp"
2026-09-25T13:14:49Z,88,"noiseE2_20260925T131030Z",477106,"python3",5.6,77208,48552,"python3 /wt/contributions/compute-benchmark/OsakaTX/scripts/synthetic_scan_publisher.py --duration 490 --loop-s 40 --hz 5.0 --noise 0.05"
2026-09-25T13:14:49Z,88,"noiseE2_20260925T131030Z",477122,"ros2",0.2,78924,50821,"/usr/bin/python3 /opt/ros/jazzy/bin/ros2 launch slam_toolbox online_async_launch.py slam_params_file:=/wt/contributions/compute-benchmark/OsakaTX/scripts/slam_toolbox_params.yaml use_sim_time:=False autostart:=true"
2026-09-25T13:14:49Z,88,"noiseE2_20260925T131030Z",477123,"ros2",0.6,83264,55422,"/usr/bin/python3 /opt/ros/jazzy/bin/ros2 launch nav2_bringup bringup_launch.py map:=/wt/contributions/compute-benchmark/OsakaTX/scripts/../results/combo2/combo2_nav2_map.yaml params_file:=/wt/contributions/compute-benchmark/OsakaTX/scripts/nav2_params_bench.yaml use_sim_time:=False autostart:=True slam:=False use_localization:=False"
2026-09-25T13:14:49Z,88,"noiseE2_20260925T131030Z",477142,"async_slam_tool",20.0,91060,71027,"/opt/ros/jazzy/lib/slam_toolbox/async_slam_toolbox_node --ros-args -r __node:=slam_toolbox -r __ns:=/ --params-file /wt/contributions/compute-benchmark/OsakaTX/scripts/slam_toolbox_params.yaml --params-file /tmp/launch_params_taqg3ax4"
2026-09-25T13:14:49Z,88,"noiseE2_20260925T131030Z",477175,"component_conta",46.3,174116,153921,"/opt/ros/jazzy/lib/rclcpp_components/component_container_isolated --ros-args --log-level info --ros-args -r __node:=nav2_container --params-file /tmp/launch_params_s9huhwju --params-file /tmp/launch_params_1wti_32f -r /tf:=tf -r /tf_static:=tf_static"
2026-09-25T13:14:49Z,88,"noiseE2_20260925T131030Z",477249,"python3",6.4,83528,54143,"python3 /wt/contributions/compute-benchmark/OsakaTX/scripts/nav_goal_seq.py --x 4 --y 4 --yaw 0 --every 22.0 --pause 2.0 --cancel --repeats 0"
2026-09-25T13:14:49Z,88,"noiseE2_20260925T131030Z",477293,"bash",0.5,4364,1333,"bash /wt/contributions/compute-benchmark/xbattlax/scripts/measure_ros_processes.sh --pattern python3|ros2|slam|nav2|component_container|nav_goal_seq --duration 380 --interval 2 --label noiseE2_20260925T131030Z --output /wt/contributions/compute-benchmark/OsakaTX/scripts/../results/combo2/noiseE2_20260925T131030Z.csv"
2026-09-25T13:14:51Z,89,"noiseE2_20260925T131030Z",408070,"python3",0.1,74124,46554,"/usr/bin/python3 -c from ros2cli.daemon.daemonize import main; main() --name ros2-daemon --ros-domain-id 0 --rmw-implementation rmw_fastrtps_cpp"
2026-09-25T13:14:51Z,89,"noiseE2_20260925T131030Z",477106,"python3",5.6,77208,48552,"python3 /wt/contributions/compute-benchmark/OsakaTX/scripts/synthetic_scan_publisher.py --duration 490 --loop-s 40 --hz 5.0 --noise 0.05"
2026-09-25T13:14:51Z,89,"noiseE2_20260925T131030Z",477122,"ros2",0.2,78924,50825,"/usr/bin/python3 /opt/ros/jazzy/bin/ros2 launch slam_toolbox online_async_launch.py slam_params_file:=/wt/contributions/compute-benchmark/OsakaTX/scripts/slam_toolbox_params.yaml use_sim_time:=False autostart:=true"
2026-09-25T13:14:51Z,89,"noiseE2_20260925T131030Z",477123,"ros2",0.6,83264,55421,"/usr/bin/python3 /opt/ros/jazzy/bin/ros2 launch nav2_bringup bringup_launch.py map:=/wt/contributions/compute-benchmark/OsakaTX/scripts/../results/combo2/combo2_nav2_map.yaml params_file:=/wt/contributions/compute-benchmark/OsakaTX/scripts/nav2_params_bench.yaml use_sim_time:=False autostart:=True slam:=False use_localization:=False"
2026-09-25T13:14:51Z,89,"noiseE2_20260925T131030Z",477142,"async_slam_tool",20.1,91284,71251,"/opt/ros/jazzy/lib/slam_toolbox/async_slam_toolbox_node --ros-args -r __node:=slam_toolbox -r __ns:=/ --params-file /wt/contributions/compute-benchmark/OsakaTX/scripts/slam_toolbox_params.yaml --params-file /tmp/launch_params_taqg3ax4"
2026-09-25T13:14:51Z,89,"noiseE2_20260925T131030Z",477175,"component_conta",46.4,174176,153984,"/opt/ros/jazzy/lib/rclcpp_components/component_container_isolated --ros-args --log-level info --ros-args -r __node:=nav2_container --params-file /tmp/launch_params_s9huhwju --params-file /tmp/launch_params_1wti_32f -r /tf:=tf -r /tf_static:=tf_static"
2026-09-25T13:14:51Z,89,"noiseE2_20260925T131030Z",477249,"python3",6.4,83528,54143,"python3 /wt/contributions/compute-benchmark/OsakaTX/scripts/nav_goal_seq.py --x 4 --y 4 --yaw 0 --every 22.0 --pause 2.0 --cancel --repeats 0"
2026-09-25T13:14:51Z,89,"noiseE2_20260925T131030Z",477293,"bash",0.5,4364,1337,"bash /wt/contributions/compute-benchmark/xbattlax/scripts/measure_ros_processes.sh --pattern python3|ros2|slam|nav2|component_container|nav_goal_seq --duration 380 --interval 2 --label noiseE2_20260925T131030Z --output /wt/contributions/compute-benchmark/OsakaTX/scripts/../results/combo2/noiseE2_20260925T131030Z.csv"
2026-09-25T13:14:54Z,90,"noiseE2_20260925T131030Z",408070,"python3",0.1,74124,46554,"/usr/bin/python3 -c from ros2cli.daemon.daemonize import main; main() --name ros2-daemon --ros-domain-id 0 --rmw-implementation rmw_fastrtps_cpp"
2026-09-25T13:14:54Z,90,"noiseE2_20260925T131030Z",477106,"python3",5.6,77208,48553,"python3 /wt/contributions/compute-benchmark/OsakaTX/scripts/synthetic_scan_publisher.py --duration 490 --loop-s 40 --hz 5.0 --noise 0.05"
2026-09-25T13:14:54Z,90,"noiseE2_20260925T131030Z",477122,"ros2",0.2,78924,50823,"/usr/bin/python3 /opt/ros/jazzy/bin/ros2 launch slam_toolbox online_async_launch.py slam_params_file:=/wt/contributions/compute-benchmark/OsakaTX/scripts/slam_toolbox_params.yaml use_sim_time:=False autostart:=true"
2026-09-25T13:14:54Z,90,"noiseE2_20260925T131030Z",477123,"ros2",0.6,83264,55420,"/usr/bin/python3 /opt/ros/jazzy/bin/ros2 launch nav2_bringup bringup_launch.py map:=/wt/contributions/compute-benchmark/OsakaTX/scripts/../results/combo2/combo2_nav2_map.yaml params_file:=/wt/contributions/compute-benchmark/OsakaTX/scripts/nav2_params_bench.yaml use_sim_time:=False autostart:=True slam:=False use_localization:=False"
2026-09-25T13:14:54Z,90,"noiseE2_20260925T131030Z",477142,"async_slam_tool",20.1,91732,71698,"/opt/ros/jazzy/lib/slam_toolbox/async_slam_toolbox_node --ros-args -r __node:=slam_toolbox -r __ns:=/ --params-file /wt/contributions/compute-benchmark/OsakaTX/scripts/slam_toolbox_params.yaml --params-file /tmp/launch_params_taqg3ax4"
2026-09-25T13:14:54Z,90,"noiseE2_20260925T131030Z",477175,"component_conta",46.4,174208,154014,"/opt/ros/jazzy/lib/rclcpp_components/component_container_isolated --ros-args --log-level info --ros-args -r __node:=nav2_container --params-file /tmp/launch_params_s9huhwju --params-file /tmp/launch_params_1wti_32f -r /tf:=tf -r /tf_static:=tf_static"
2026-09-25T13:14:54Z,90,"noiseE2_20260925T131030Z",477249,"python3",6.4,83528,54143,"python3 /wt/contributions/compute-benchmark/OsakaTX/scripts/nav_goal_seq.py --x 4 --y 4 --yaw 0 --every 22.0 --pause 2.0 --cancel --repeats 0"
2026-09-25T13:14:54Z,90,"noiseE2_20260925T131030Z",477293,"bash",0.5,4364,1342,"bash /wt/contributions/compute-benchmark/xbattlax/scripts/measure_ros_processes.sh --pattern python3|ros2|slam|nav2|component_container|nav_goal_seq --duration 380 --interval 2 --label noiseE2_20260925T131030Z --output /wt/contributions/compute-benchmark/OsakaTX/scripts/../results/combo2/noiseE2_20260925T131030Z.csv"
2026-09-25T13:14:56Z,91,"noiseE2_20260925T131030Z",408070,"python3",0.1,74124,46550,"/usr/bin/python3 -c from ros2cli.daemon.daemonize import main; main() --name ros2-daemon --ros-domain-id 0 --rmw-implementation rmw_fastrtps_cpp"
2026-09-25T13:14:56Z,91,"noiseE2_20260925T131030Z",477106,"python3",5.6,77208,48552,"python3 /wt/contributions/compute-benchmark/OsakaTX/scripts/synthetic_scan_publisher.py --duration 490 --loop-s 40 --hz 5.0 --noise 0.05"
2026-09-25T13:14:56Z,91,"noiseE2_20260925T131030Z",477122,"ros2",0.2,78924,50823,"/usr/bin/python3 /opt/ros/jazzy/bin/ros2 launch slam_toolbox online_async_launch.py slam_params_file:=/wt/contributions/compute-benchmark/OsakaTX/scripts/slam_toolbox_params.yaml use_sim_time:=False autostart:=true"
2026-09-25T13:14:56Z,91,"noiseE2_20260925T131030Z",477123,"ros2",0.6,83264,55422,"/usr/bin/python3 /opt/ros/jazzy/bin/ros2 launch nav2_bringup bringup_launch.py map:=/wt/contributions/compute-benchmark/OsakaTX/scripts/../results/combo2/combo2_nav2_map.yaml params_file:=/wt/contributions/compute-benchmark/OsakaTX/scripts/nav2_params_bench.yaml use_sim_time:=False autostart:=True slam:=False use_localization:=False"
2026-09-25T13:14:56Z,91,"noiseE2_20260925T131030Z",477142,"async_slam_tool",20.2,91916,71882,"/opt/ros/jazzy/lib/slam_toolbox/async_slam_toolbox_node --ros-args -r __node:=slam_toolbox -r __ns:=/ --params-file /wt/contributions/compute-benchmark/OsakaTX/scripts/slam_toolbox_params.yaml --params-file /tmp/launch_params_taqg3ax4"
2026-09-25T13:14:56Z,91,"noiseE2_20260925T131030Z",477175,"component_conta",46.4,174224,154032,"/opt/ros/jazzy/lib/rclcpp_components/component_container_isolated --ros-args --log-level info --ros-args -r __node:=nav2_container --params-file /tmp/launch_params_s9huhwju --params-file /tmp/launch_params_1wti_32f -r /tf:=tf -r /tf_static:=tf_static"
2026-09-25T13:14:56Z,91,"noiseE2_20260925T131030Z",477249,"python3",6.4,83528,54145,"python3 /wt/contributions/compute-benchmark/OsakaTX/scripts/nav_goal_seq.py --x 4 --y 4 --yaw 0 --every 22.0 --pause 2.0 --cancel --repeats 0"
2026-09-25T13:14:56Z,91,"noiseE2_20260925T131030Z",477293,"bash",0.5,4364,1338,"bash /wt/contributions/compute-benchmark/xbattlax/scripts/measure_ros_processes.sh --pattern python3|ros2|slam|nav2|component_container|nav_goal_seq --duration 380 --interval 2 --label noiseE2_20260925T131030Z --output /wt/contributions/compute-benchmark/OsakaTX/scripts/../results/combo2/noiseE2_20260925T131030Z.csv"
2026-09-25T13:14:58Z,92,"noiseE2_20260925T131030Z",408070,"python3",0.1,74124,46554,"/usr/bin/python3 -c from ros2cli.daemon.daemonize import main; main() --name ros2-daemon --ros-domain-id 0 --rmw-implementation rmw_fastrtps_cpp"
2026-09-25T13:14:58Z,92,"noiseE2_20260925T131030Z",477106,"python3",5.6,77208,48551,"python3 /wt/contributions/compute-benchmark/OsakaTX/scripts/synthetic_scan_publisher.py --duration 490 --loop-s 40 --hz 5.0 --noise 0.05"
2026-09-25T13:14:58Z,92,"noiseE2_20260925T131030Z",477122,"ros2",0.2,78924,50822,"/usr/bin/python3 /opt/ros/jazzy/bin/ros2 launch slam_toolbox online_async_launch.py slam_params_file:=/wt/contributions/compute-benchmark/OsakaTX/scripts/slam_toolbox_params.yaml use_sim_time:=False autostart:=true"
2026-09-25T13:14:58Z,92,"noiseE2_20260925T131030Z",477123,"ros2",0.6,83264,55417,"/usr/bin/python3 /opt/ros/jazzy/bin/ros2 launch nav2_bringup bringup_launch.py map:=/wt/contributions/compute-benchmark/OsakaTX/scripts/../results/combo2/combo2_nav2_map.yaml params_file:=/wt/contributions/compute-benchmark/OsakaTX/scripts/nav2_params_bench.yaml use_sim_time:=False autostart:=True slam:=False use_localization:=False"
2026-09-25T13:14:58Z,92,"noiseE2_20260925T131030Z",477142,"async_slam_tool",20.3,92432,72398,"/opt/ros/jazzy/lib/slam_toolbox/async_slam_toolbox_node --ros-args -r __node:=slam_toolbox -r __ns:=/ --params-file /wt/contributions/compute-benchmark/OsakaTX/scripts/slam_toolbox_params.yaml --params-file /tmp/launch_params_taqg3ax4"
2026-09-25T13:14:58Z,92,"noiseE2_20260925T131030Z",477175,"component_conta",46.3,175976,155784,"/opt/ros/jazzy/lib/rclcpp_components/component_container_isolated --ros-args --log-level info --ros-args -r __node:=nav2_container --params-file /tmp/launch_params_s9huhwju --params-file /tmp/launch_params_1wti_32f -r /tf:=tf -r /tf_static:=tf_static"
2026-09-25T13:14:58Z,92,"noiseE2_20260925T131030Z",477249,"python3",6.4,83528,54144,"python3 /wt/contributions/compute-benchmark/OsakaTX/scripts/nav_goal_seq.py --x 4 --y 4 --yaw 0 --every 22.0 --pause 2.0 --cancel --repeats 0"
2026-09-25T13:14:58Z,92,"noiseE2_20260925T131030Z",477293,"bash",0.5,4364,1337,"bash /wt/contributions/compute-benchmark/xbattlax/scripts/measure_ros_processes.sh --pattern python3|ros2|slam|nav2|component_container|nav_goal_seq --duration 380 --interval 2 --label noiseE2_20260925T131030Z --output /wt/contributions/compute-benchmark/OsakaTX/scripts/../results/combo2/noiseE2_20260925T131030Z.csv"
2026-09-25T13:15:01Z,93,"noiseE2_20260925T131030Z",408070,"python3",0.1,74124,46554,"/usr/bin/python3 -c from ros2cli.daemon.daemonize import main; main() --name ros2-daemon --ros-domain-id 0 --rmw-implementation rmw_fastrtps_cpp"
2026-09-25T13:15:01Z,93,"noiseE2_20260925T131030Z",477106,"python3",5.6,77208,48552,"python3 /wt/contributions/compute-benchmark/OsakaTX/scripts/synthetic_scan_publisher.py --duration 490 --loop-s 40 --hz 5.0 --noise 0.05"
2026-09-25T13:15:01Z,93,"noiseE2_20260925T131030Z",477122,"ros2",0.2,78924,50821,"/usr/bin/python3 /opt/ros/jazzy/bin/ros2 launch slam_toolbox online_async_launch.py slam_params_file:=/wt/contributions/compute-benchmark/OsakaTX/scripts/slam_toolbox_params.yaml use_sim_time:=False autostart:=true"
2026-09-25T13:15:01Z,93,"noiseE2_20260925T131030Z",477123,"ros2",0.6,83264,55417,"/usr/bin/python3 /opt/ros/jazzy/bin/ros2 launch nav2_bringup bringup_launch.py map:=/wt/contributions/compute-benchmark/OsakaTX/scripts/../results/combo2/combo2_nav2_map.yaml params_file:=/wt/contributions/compute-benchmark/OsakaTX/scripts/nav2_params_bench.yaml use_sim_time:=False autostart:=True slam:=False use_localization:=False"
2026-09-25T13:15:01Z,93,"noiseE2_20260925T131030Z",477142,"async_slam_tool",20.4,92472,72439,"/opt/ros/jazzy/lib/slam_toolbox/async_slam_toolbox_node --ros-args -r __node:=slam_toolbox -r __ns:=/ --params-file /wt/contributions/compute-benchmark/OsakaTX/scripts/slam_toolbox_params.yaml --params-file /tmp/launch_params_taqg3ax4"
2026-09-25T13:15:01Z,93,"noiseE2_20260925T131030Z",477175,"component_conta",46.3,174868,154675,"/opt/ros/jazzy/lib/rclcpp_components/component_container_isolated --ros-args --log-level info --ros-args -r __node:=nav2_container --params-file /tmp/launch_params_s9huhwju --params-file /tmp/launch_params_1wti_32f -r /tf:=tf -r /tf_static:=tf_static"
2026-09-25T13:15:01Z,93,"noiseE2_20260925T131030Z",477249,"python3",6.4,83528,54142,"python3 /wt/contributions/compute-benchmark/OsakaTX/scripts/nav_goal_seq.py --x 4 --y 4 --yaw 0 --every 22.0 --pause 2.0 --cancel --repeats 0"
2026-09-25T13:15:01Z,93,"noiseE2_20260925T131030Z",477293,"bash",0.5,4364,1331,"bash /wt/contributions/compute-benchmark/xbattlax/scripts/measure_ros_processes.sh --pattern python3|ros2|slam|nav2|component_container|nav_goal_seq --duration 380 --interval 2 --label noiseE2_20260925T131030Z --output /wt/contributions/compute-benchmark/OsakaTX/scripts/../results/combo2/noiseE2_20260925T131030Z.csv"
2026-09-25T13:15:03Z,94,"noiseE2_20260925T131030Z",408070,"python3",0.1,74124,46554,"/usr/bin/python3 -c from ros2cli.daemon.daemonize import main; main() --name ros2-daemon --ros-domain-id 0 --rmw-implementation rmw_fastrtps_cpp"
2026-09-25T13:15:03Z,94,"noiseE2_20260925T131030Z",477106,"python3",5.6,77208,48552,"python3 /wt/contributions/compute-benchmark/OsakaTX/scripts/synthetic_scan_publisher.py --duration 490 --loop-s 40 --hz 5.0 --noise 0.05"
2026-09-25T13:15:03Z,94,"noiseE2_20260925T131030Z",477122,"ros2",0.2,78924,50824,"/usr/bin/python3 /opt/ros/jazzy/bin/ros2 launch slam_toolbox online_async_launch.py slam_params_file:=/wt/contributions/compute-benchmark/OsakaTX/scripts/slam_toolbox_params.yaml use_sim_time:=False autostart:=true"
2026-09-25T13:15:03Z,94,"noiseE2_20260925T131030Z",477123,"ros2",0.6,83264,55421,"/usr/bin/python3 /opt/ros/jazzy/bin/ros2 launch nav2_bringup bringup_launch.py map:=/wt/contributions/compute-benchmark/OsakaTX/scripts/../results/combo2/combo2_nav2_map.yaml params_file:=/wt/contributions/compute-benchmark/OsakaTX/scripts/nav2_params_bench.yaml use_sim_time:=False autostart:=True slam:=False use_localization:=False"
2026-09-25T13:15:03Z,94,"noiseE2_20260925T131030Z",477142,"async_slam_tool",20.5,93140,73106,"/opt/ros/jazzy/lib/slam_toolbox/async_slam_toolbox_node --ros-args -r __node:=slam_toolbox -r __ns:=/ --params-file /wt/contributions/compute-benchmark/OsakaTX/scripts/slam_toolbox_params.yaml --params-file /tmp/launch_params_taqg3ax4"
2026-09-25T13:15:03Z,94,"noiseE2_20260925T131030Z",477175,"component_conta",46.3,174828,154636,"/opt/ros/jazzy/lib/rclcpp_components/component_container_isolated --ros-args --log-level info --ros-args -r __node:=nav2_container --params-file /tmp/launch_params_s9huhwju --params-file /tmp/launch_params_1wti_32f -r /tf:=tf -r /tf_static:=tf_static"
2026-09-25T13:15:03Z,94,"noiseE2_20260925T131030Z",477249,"python3",6.4,83528,54145,"python3 /wt/contributions/compute-benchmark/OsakaTX/scripts/nav_goal_seq.py --x 4 --y 4 --yaw 0 --every 22.0 --pause 2.0 --cancel --repeats 0"
2026-09-25T13:15:03Z,94,"noiseE2_20260925T131030Z",477293,"bash",0.5,4364,1338,"bash /wt/contributions/compute-benchmark/xbattlax/scripts/measure_ros_processes.sh --pattern python3|ros2|slam|nav2|component_container|nav_goal_seq --duration 380 --interval 2 --label noiseE2_20260925T131030Z --output /wt/contributions/compute-benchmark/OsakaTX/scripts/../results/combo2/noiseE2_20260925T131030Z.csv"
2026-09-25T13:15:06Z,95,"noiseE2_20260925T131030Z",408070,"python3",0.1,74124,46553,"/usr/bin/python3 -c from ros2cli.daemon.daemonize import main; main() --name ros2-daemon --ros-domain-id 0 --rmw-implementation rmw_fastrtps_cpp"
2026-09-25T13:15:06Z,95,"noiseE2_20260925T131030Z",477106,"python3",5.6,77208,48553,"python3 /wt/contributions/compute-benchmark/OsakaTX/scripts/synthetic_scan_publisher.py --duration 490 --loop-s 40 --hz 5.0 --noise 0.05"
2026-09-25T13:15:06Z,95,"noiseE2_20260925T131030Z",477122,"ros2",0.2,78924,50824,"/usr/bin/python3 /opt/ros/jazzy/bin/ros2 launch slam_toolbox online_async_launch.py slam_params_file:=/wt/contributions/compute-benchmark/OsakaTX/scripts/slam_toolbox_params.yaml use_sim_time:=False autostart:=true"
2026-09-25T13:15:06Z,95,"noiseE2_20260925T131030Z",477123,"ros2",0.5,83264,55421,"/usr/bin/python3 /opt/ros/jazzy/bin/ros2 launch nav2_bringup bringup_launch.py map:=/wt/contributions/compute-benchmark/OsakaTX/scripts/../results/combo2/combo2_nav2_map.yaml params_file:=/wt/contributions/compute-benchmark/OsakaTX/scripts/nav2_params_bench.yaml use_sim_time:=False autostart:=True slam:=False use_localization:=False"
2026-09-25T13:15:06Z,95,"noiseE2_20260925T131030Z",477142,"async_slam_tool",20.5,93140,73107,"/opt/ros/jazzy/lib/slam_toolbox/async_slam_toolbox_node --ros-args -r __node:=slam_toolbox -r __ns:=/ --params-file /wt/contributions/compute-benchmark/OsakaTX/scripts/slam_toolbox_params.yaml --params-file /tmp/launch_params_taqg3ax4"
2026-09-25T13:15:06Z,95,"noiseE2_20260925T131030Z",477175,"component_conta",46.4,174916,154723,"/opt/ros/jazzy/lib/rclcpp_components/component_container_isolated --ros-args --log-level info --ros-args -r __node:=nav2_container --params-file /tmp/launch_params_s9huhwju --params-file /tmp/launch_params_1wti_32f -r /tf:=tf -r /tf_static:=tf_static"
2026-09-25T13:15:06Z,95,"noiseE2_20260925T131030Z",477249,"python3",6.4,83528,54146,"python3 /wt/contributions/compute-benchmark/OsakaTX/scripts/nav_goal_seq.py --x 4 --y 4 --yaw 0 --every 22.0 --pause 2.0 --cancel --repeats 0"
2026-09-25T13:15:06Z,95,"noiseE2_20260925T131030Z",477293,"bash",0.5,4364,1333,"bash /wt/contributions/compute-benchmark/xbattlax/scripts/measure_ros_processes.sh --pattern python3|ros2|slam|nav2|component_container|nav_goal_seq --duration 380 --interval 2 --label noiseE2_20260925T131030Z --output /wt/contributions/compute-benchmark/OsakaTX/scripts/../results/combo2/noiseE2_20260925T131030Z.csv"
2026-09-25T13:15:08Z,96,"noiseE2_20260925T131030Z",408070,"python3",0.1,74124,46555,"/usr/bin/python3 -c from ros2cli.daemon.daemonize import main; main() --name ros2-daemon --ros-domain-id 0 --rmw-implementation rmw_fastrtps_cpp"
2026-09-25T13:15:08Z,96,"noiseE2_20260925T131030Z",477106,"python3",5.6,77208,48552,"python3 /wt/contributions/compute-benchmark/OsakaTX/scripts/synthetic_scan_publisher.py --duration 490 --loop-s 40 --hz 5.0 --noise 0.05"
2026-09-25T13:15:08Z,96,"noiseE2_20260925T131030Z",477122,"ros2",0.2,78924,50821,"/usr/bin/python3 /opt/ros/jazzy/bin/ros2 launch slam_toolbox online_async_launch.py slam_params_file:=/wt/contributions/compute-benchmark/OsakaTX/scripts/slam_toolbox_params.yaml use_sim_time:=False autostart:=true"
2026-09-25T13:15:08Z,96,"noiseE2_20260925T131030Z",477123,"ros2",0.5,83264,55421,"/usr/bin/python3 /opt/ros/jazzy/bin/ros2 launch nav2_bringup bringup_launch.py map:=/wt/contributions/compute-benchmark/OsakaTX/scripts/../results/combo2/combo2_nav2_map.yaml params_file:=/wt/contributions/compute-benchmark/OsakaTX/scripts/nav2_params_bench.yaml use_sim_time:=False autostart:=True slam:=False use_localization:=False"
2026-09-25T13:15:08Z,96,"noiseE2_20260925T131030Z",477142,"async_slam_tool",20.6,93340,73307,"/opt/ros/jazzy/lib/slam_toolbox/async_slam_toolbox_node --ros-args -r __node:=slam_toolbox -r __ns:=/ --params-file /wt/contributions/compute-benchmark/OsakaTX/scripts/slam_toolbox_params.yaml --params-file /tmp/launch_params_taqg3ax4"
2026-09-25T13:15:08Z,96,"noiseE2_20260925T131030Z",477175,"component_conta",46.4,174900,154708,"/opt/ros/jazzy/lib/rclcpp_components/component_container_isolated --ros-args --log-level info --ros-args -r __node:=nav2_container --params-file /tmp/launch_params_s9huhwju --params-file /tmp/launch_params_1wti_32f -r /tf:=tf -r /tf_static:=tf_static"
2026-09-25T13:15:08Z,96,"noiseE2_20260925T131030Z",477249,"python3",6.4,83528,54143,"python3 /wt/contributions/compute-benchmark/OsakaTX/scripts/nav_goal_seq.py --x 4 --y 4 --yaw 0 --every 22.0 --pause 2.0 --cancel --repeats 0"
2026-09-25T13:15:08Z,96,"noiseE2_20260925T131030Z",477293,"bash",0.5,4364,1337,"bash /wt/contributions/compute-benchmark/xbattlax/scripts/measure_ros_processes.sh --pattern python3|ros2|slam|nav2|component_container|nav_goal_seq --duration 380 --interval 2 --label noiseE2_20260925T131030Z --output /wt/contributions/compute-benchmark/OsakaTX/scripts/../results/combo2/noiseE2_20260925T131030Z.csv"
2026-09-25T13:15:10Z,97,"noiseE2_20260925T131030Z",408070,"python3",0.1,74124,46553,"/usr/bin/python3 -c from ros2cli.daemon.daemonize import main; main() --name ros2-daemon --ros-domain-id 0 --rmw-implementation rmw_fastrtps_cpp"
2026-09-25T13:15:10Z,97,"noiseE2_20260925T131030Z",477106,"python3",5.6,77208,48552,"python3 /wt/contributions/compute-benchmark/OsakaTX/scripts/synthetic_scan_publisher.py --duration 490 --loop-s 40 --hz 5.0 --noise 0.05"
2026-09-25T13:15:10Z,97,"noiseE2_20260925T131030Z",477122,"ros2",0.2,78924,50822,"/usr/bin/python3 /opt/ros/jazzy/bin/ros2 launch slam_toolbox online_async_launch.py slam_params_file:=/wt/contributions/compute-benchmark/OsakaTX/scripts/slam_toolbox_params.yaml use_sim_time:=False autostart:=true"
2026-09-25T13:15:10Z,97,"noiseE2_20260925T131030Z",477123,"ros2",0.5,83264,55420,"/usr/bin/python3 /opt/ros/jazzy/bin/ros2 launch nav2_bringup bringup_launch.py map:=/wt/contributions/compute-benchmark/OsakaTX/scripts/../results/combo2/combo2_nav2_map.yaml params_file:=/wt/contributions/compute-benchmark/OsakaTX/scripts/nav2_params_bench.yaml use_sim_time:=False autostart:=True slam:=False use_localization:=False"
2026-09-25T13:15:10Z,97,"noiseE2_20260925T131030Z",477142,"async_slam_tool",20.7,93876,73843,"/opt/ros/jazzy/lib/slam_toolbox/async_slam_toolbox_node --ros-args -r __node:=slam_toolbox -r __ns:=/ --params-file /wt/contributions/compute-benchmark/OsakaTX/scripts/slam_toolbox_params.yaml --params-file /tmp/launch_params_taqg3ax4"
2026-09-25T13:15:10Z,97,"noiseE2_20260925T131030Z",477175,"component_conta",46.4,174900,154708,"/opt/ros/jazzy/lib/rclcpp_components/component_container_isolated --ros-args --log-level info --ros-args -r __node:=nav2_container --params-file /tmp/launch_params_s9huhwju --params-file /tmp/launch_params_1wti_32f -r /tf:=tf -r /tf_static:=tf_static"
2026-09-25T13:15:10Z,97,"noiseE2_20260925T131030Z",477249,"python3",6.4,83528,54143,"python3 /wt/contributions/compute-benchmark/OsakaTX/scripts/nav_goal_seq.py --x 4 --y 4 --yaw 0 --every 22.0 --pause 2.0 --cancel --repeats 0"
2026-09-25T13:15:10Z,97,"noiseE2_20260925T131030Z",477293,"bash",0.5,4364,1335,"bash /wt/contributions/compute-benchmark/xbattlax/scripts/measure_ros_processes.sh --pattern python3|ros2|slam|nav2|component_container|nav_goal_seq --duration 380 --interval 2 --label noiseE2_20260925T131030Z --output /wt/contributions/compute-benchmark/OsakaTX/scripts/../results/combo2/noiseE2_20260925T131030Z.csv"
2026-09-25T13:15:13Z,98,"noiseE2_20260925T131030Z",408070,"python3",0.1,74124,46555,"/usr/bin/python3 -c from ros2cli.daemon.daemonize import main; main() --name ros2-daemon --ros-domain-id 0 --rmw-implementation rmw_fastrtps_cpp"
2026-09-25T13:15:13Z,98,"noiseE2_20260925T131030Z",477106,"python3",5.6,77208,48553,"python3 /wt/contributions/compute-benchmark/OsakaTX/scripts/synthetic_scan_publisher.py --duration 490 --loop-s 40 --hz 5.0 --noise 0.05"
2026-09-25T13:15:13Z,98,"noiseE2_20260925T131030Z",477122,"ros2",0.2,78924,50824,"/usr/bin/python3 /opt/ros/jazzy/bin/ros2 launch slam_toolbox online_async_launch.py slam_params_file:=/wt/contributions/compute-benchmark/OsakaTX/scripts/slam_toolbox_params.yaml use_sim_time:=False autostart:=true"
2026-09-25T13:15:13Z,98,"noiseE2_20260925T131030Z",477123,"ros2",0.5,83264,55422,"/usr/bin/python3 /opt/ros/jazzy/bin/ros2 launch nav2_bringup bringup_launch.py map:=/wt/contributions/compute-benchmark/OsakaTX/scripts/../results/combo2/combo2_nav2_map.yaml params_file:=/wt/contributions/compute-benchmark/OsakaTX/scripts/nav2_params_bench.yaml use_sim_time:=False autostart:=True slam:=False use_localization:=False"
2026-09-25T13:15:13Z,98,"noiseE2_20260925T131030Z",477142,"async_slam_tool",20.7,93928,73895,"/opt/ros/jazzy/lib/slam_toolbox/async_slam_toolbox_node --ros-args -r __node:=slam_toolbox -r __ns:=/ --params-file /wt/contributions/compute-benchmark/OsakaTX/scripts/slam_toolbox_params.yaml --params-file /tmp/launch_params_taqg3ax4"
2026-09-25T13:15:13Z,98,"noiseE2_20260925T131030Z",477175,"component_conta",46.5,178808,158614,"/opt/ros/jazzy/lib/rclcpp_components/component_container_isolated --ros-args --log-level info --ros-args -r __node:=nav2_container --params-file /tmp/launch_params_s9huhwju --params-file /tmp/launch_params_1wti_32f -r /tf:=tf -r /tf_static:=tf_static"
2026-09-25T13:15:13Z,98,"noiseE2_20260925T131030Z",477249,"python3",6.4,83528,54145,"python3 /wt/contributions/compute-benchmark/OsakaTX/scripts/nav_goal_seq.py --x 4 --y 4 --yaw 0 --every 22.0 --pause 2.0 --cancel --repeats 0"
2026-09-25T13:15:13Z,98,"noiseE2_20260925T131030Z",477293,"bash",0.5,4364,1341,"bash /wt/contributions/compute-benchmark/xbattlax/scripts/measure_ros_processes.sh --pattern python3|ros2|slam|nav2|component_container|nav_goal_seq --duration 380 --interval 2 --label noiseE2_20260925T131030Z --output /wt/contributions/compute-benchmark/OsakaTX/scripts/../results/combo2/noiseE2_20260925T131030Z.csv"
2026-09-25T13:15:15Z,99,"noiseE2_20260925T131030Z",408070,"python3",0.1,74124,46550,"/usr/bin/python3 -c from ros2cli.daemon.daemonize import main; main() --name ros2-daemon --ros-domain-id 0 --rmw-implementation rmw_fastrtps_cpp"
2026-09-25T13:15:15Z,99,"noiseE2_20260925T131030Z",477106,"python3",5.6,77208,48552,"python3 /wt/contributions/compute-benchmark/OsakaTX/scripts/synthetic_scan_publisher.py --duration 490 --loop-s 40 --hz 5.0 --noise 0.05"
2026-09-25T13:15:15Z,99,"noiseE2_20260925T131030Z",477122,"ros2",0.2,78924,50824,"/usr/bin/python3 /opt/ros/jazzy/bin/ros2 launch slam_toolbox online_async_launch.py slam_params_file:=/wt/contributions/compute-benchmark/OsakaTX/scripts/slam_toolbox_params.yaml use_sim_time:=False autostart:=true"
2026-09-25T13:15:15Z,99,"noiseE2_20260925T131030Z",477123,"ros2",0.5,83264,55422,"/usr/bin/python3 /opt/ros/jazzy/bin/ros2 launch nav2_bringup bringup_launch.py map:=/wt/contributions/compute-benchmark/OsakaTX/scripts/../results/combo2/combo2_nav2_map.yaml params_file:=/wt/contributions/compute-benchmark/OsakaTX/scripts/nav2_params_bench.yaml use_sim_time:=False autostart:=True slam:=False use_localization:=False"
2026-09-25T13:15:15Z,99,"noiseE2_20260925T131030Z",477142,"async_slam_tool",20.8,94580,74547,"/opt/ros/jazzy/lib/slam_toolbox/async_slam_toolbox_node --ros-args -r __node:=slam_toolbox -r __ns:=/ --params-file /wt/contributions/compute-benchmark/OsakaTX/scripts/slam_toolbox_params.yaml --params-file /tmp/launch_params_taqg3ax4"
2026-09-25T13:15:15Z,99,"noiseE2_20260925T131030Z",477175,"component_conta",46.3,178828,158636,"/opt/ros/jazzy/lib/rclcpp_components/component_container_isolated --ros-args --log-level info --ros-args -r __node:=nav2_container --params-file /tmp/launch_params_s9huhwju --params-file /tmp/launch_params_1wti_32f -r /tf:=tf -r /tf_static:=tf_static"
2026-09-25T13:15:15Z,99,"noiseE2_20260925T131030Z",477249,"python3",6.4,83528,54143,"python3 /wt/contributions/compute-benchmark/OsakaTX/scripts/nav_goal_seq.py --x 4 --y 4 --yaw 0 --every 22.0 --pause 2.0 --cancel --repeats 0"
2026-09-25T13:15:15Z,99,"noiseE2_20260925T131030Z",477293,"bash",0.5,4364,1339,"bash /wt/contributions/compute-benchmark/xbattlax/scripts/measure_ros_processes.sh --pattern python3|ros2|slam|nav2|component_container|nav_goal_seq --duration 380 --interval 2 --label noiseE2_20260925T131030Z --output /wt/contributions/compute-benchmark/OsakaTX/scripts/../results/combo2/noiseE2_20260925T131030Z.csv"
2026-09-25T13:15:18Z,100,"noiseE2_20260925T131030Z",408070,"python3",0.1,74124,46554,"/usr/bin/python3 -c from ros2cli.daemon.daemonize import main; main() --name ros2-daemon --ros-domain-id 0 --rmw-implementation rmw_fastrtps_cpp"
2026-09-25T13:15:18Z,100,"noiseE2_20260925T131030Z",477106,"python3",5.6,77208,48552,"python3 /wt/contributions/compute-benchmark/OsakaTX/scripts/synthetic_scan_publisher.py --duration 490 --loop-s 40 --hz 5.0 --noise 0.05"
2026-09-25T13:15:18Z,100,"noiseE2_20260925T131030Z",477122,"ros2",0.2,78924,50821,"/usr/bin/python3 /opt/ros/jazzy/bin/ros2 launch slam_toolbox online_async_launch.py slam_params_file:=/wt/contributions/compute-benchmark/OsakaTX/scripts/slam_toolbox_params.yaml use_sim_time:=False autostart:=true"
2026-09-25T13:15:18Z,100,"noiseE2_20260925T131030Z",477123,"ros2",0.5,83264,55422,"/usr/bin/python3 /opt/ros/jazzy/bin/ros2 launch nav2_bringup bringup_launch.py map:=/wt/contributions/compute-benchmark/OsakaTX/scripts/../results/combo2/combo2_nav2_map.yaml params_file:=/wt/contributions/compute-benchmark/OsakaTX/scripts/nav2_params_bench.yaml use_sim_time:=False autostart:=True slam:=False use_localization:=False"
2026-09-25T13:15:18Z,100,"noiseE2_20260925T131030Z",477142,"async_slam_tool",20.8,94580,74547,"/opt/ros/jazzy/lib/slam_toolbox/async_slam_toolbox_node --ros-args -r __node:=slam_toolbox -r __ns:=/ --params-file /wt/contributions/compute-benchmark/OsakaTX/scripts/slam_toolbox_params.yaml --params-file /tmp/launch_params_taqg3ax4"
2026-09-25T13:15:18Z,100,"noiseE2_20260925T131030Z",477175,"component_conta",46.2,178820,158627,"/opt/ros/jazzy/lib/rclcpp_components/component_container_isolated --ros-args --log-level info --ros-args -r __node:=nav2_container --params-file /tmp/launch_params_s9huhwju --params-file /tmp/launch_params_1wti_32f -r /tf:=tf -r /tf_static:=tf_static"
2026-09-25T13:15:18Z,100,"noiseE2_20260925T131030Z",477249,"python3",6.4,83528,54144,"python3 /wt/contributions/compute-benchmark/OsakaTX/scripts/nav_goal_seq.py --x 4 --y 4 --yaw 0 --every 22.0 --pause 2.0 --cancel --repeats 0"
2026-09-25T13:15:18Z,100,"noiseE2_20260925T131030Z",477293,"bash",0.5,4364,1331,"bash /wt/contributions/compute-benchmark/xbattlax/scripts/measure_ros_processes.sh --pattern python3|ros2|slam|nav2|component_container|nav_goal_seq --duration 380 --interval 2 --label noiseE2_20260925T131030Z --output /wt/contributions/compute-benchmark/OsakaTX/scripts/../results/combo2/noiseE2_20260925T131030Z.csv"
2026-09-25T13:15:20Z,101,"noiseE2_20260925T131030Z",408070,"python3",0.1,74124,46554,"/usr/bin/python3 -c from ros2cli.daemon.daemonize import main; main() --name ros2-daemon --ros-domain-id 0 --rmw-implementation rmw_fastrtps_cpp"
2026-09-25T13:15:20Z,101,"noiseE2_20260925T131030Z",477106,"python3",5.6,77208,48552,"python3 /wt/contributions/compute-benchmark/OsakaTX/scripts/synthetic_scan_publisher.py --duration 490 --loop-s 40 --hz 5.0 --noise 0.05"
2026-09-25T13:15:20Z,101,"noiseE2_20260925T131030Z",477122,"ros2",0.2,78924,50825,"/usr/bin/python3 /opt/ros/jazzy/bin/ros2 launch slam_toolbox online_async_launch.py slam_params_file:=/wt/contributions/compute-benchmark/OsakaTX/scripts/slam_toolbox_params.yaml use_sim_time:=False autostart:=true"
2026-09-25T13:15:20Z,101,"noiseE2_20260925T131030Z",477123,"ros2",0.5,83264,55421,"/usr/bin/python3 /opt/ros/jazzy/bin/ros2 launch nav2_bringup bringup_launch.py map:=/wt/contributions/compute-benchmark/OsakaTX/scripts/../results/combo2/combo2_nav2_map.yaml params_file:=/wt/contributions/compute-benchmark/OsakaTX/scripts/nav2_params_bench.yaml use_sim_time:=False autostart:=True slam:=False use_localization:=False"
2026-09-25T13:15:20Z,101,"noiseE2_20260925T131030Z",477142,"async_slam_tool",20.8,94732,74698,"/opt/ros/jazzy/lib/slam_toolbox/async_slam_toolbox_node --ros-args -r __node:=slam_toolbox -r __ns:=/ --params-file /wt/contributions/compute-benchmark/OsakaTX/scripts/slam_toolbox_params.yaml --params-file /tmp/launch_params_taqg3ax4"
2026-09-25T13:15:20Z,101,"noiseE2_20260925T131030Z",477175,"component_conta",46.2,174620,154428,"/opt/ros/jazzy/lib/rclcpp_components/component_container_isolated --ros-args --log-level info --ros-args -r __node:=nav2_container --params-file /tmp/launch_params_s9huhwju --params-file /tmp/launch_params_1wti_32f -r /tf:=tf -r /tf_static:=tf_static"
2026-09-25T13:15:20Z,101,"noiseE2_20260925T131030Z",477249,"python3",6.4,83528,54143,"python3 /wt/contributions/compute-benchmark/OsakaTX/scripts/nav_goal_seq.py --x 4 --y 4 --yaw 0 --every 22.0 --pause 2.0 --cancel --repeats 0"
2026-09-25T13:15:20Z,101,"noiseE2_20260925T131030Z",477293,"bash",0.5,4368,1339,"bash /wt/contributions/compute-benchmark/xbattlax/scripts/measure_ros_processes.sh --pattern python3|ros2|slam|nav2|component_container|nav_goal_seq --duration 380 --interval 2 --label noiseE2_20260925T131030Z --output /wt/contributions/compute-benchmark/OsakaTX/scripts/../results/combo2/noiseE2_20260925T131030Z.csv"
2026-09-25T13:15:22Z,102,"noiseE2_20260925T131030Z",408070,"python3",0.1,74124,46553,"/usr/bin/python3 -c from ros2cli.daemon.daemonize import main; main() --name ros2-daemon --ros-domain-id 0 --rmw-implementation rmw_fastrtps_cpp"
2026-09-25T13:15:22Z,102,"noiseE2_20260925T131030Z",477106,"python3",5.5,77208,48552,"python3 /wt/contributions/compute-benchmark/OsakaTX/scripts/synthetic_scan_publisher.py --duration 490 --loop-s 40 --hz 5.0 --noise 0.05"
2026-09-25T13:15:22Z,102,"noiseE2_20260925T131030Z",477122,"ros2",0.2,78924,50825,"/usr/bin/python3 /opt/ros/jazzy/bin/ros2 launch slam_toolbox online_async_launch.py slam_params_file:=/wt/contributions/compute-benchmark/OsakaTX/scripts/slam_toolbox_params.yaml use_sim_time:=False autostart:=true"
2026-09-25T13:15:22Z,102,"noiseE2_20260925T131030Z",477123,"ros2",0.5,83264,55421,"/usr/bin/python3 /opt/ros/jazzy/bin/ros2 launch nav2_bringup bringup_launch.py map:=/wt/contributions/compute-benchmark/OsakaTX/scripts/../results/combo2/combo2_nav2_map.yaml params_file:=/wt/contributions/compute-benchmark/OsakaTX/scripts/nav2_params_bench.yaml use_sim_time:=False autostart:=True slam:=False use_localization:=False"
2026-09-25T13:15:22Z,102,"noiseE2_20260925T131030Z",477142,"async_slam_tool",20.9,95292,75259,"/opt/ros/jazzy/lib/slam_toolbox/async_slam_toolbox_node --ros-args -r __node:=slam_toolbox -r __ns:=/ --params-file /wt/contributions/compute-benchmark/OsakaTX/scripts/slam_toolbox_params.yaml --params-file /tmp/launch_params_taqg3ax4"
2026-09-25T13:15:22Z,102,"noiseE2_20260925T131030Z",477175,"component_conta",46.1,171808,151616,"/opt/ros/jazzy/lib/rclcpp_components/component_container_isolated --ros-args --log-level info --ros-args -r __node:=nav2_container --params-file /tmp/launch_params_s9huhwju --params-file /tmp/launch_params_1wti_32f -r /tf:=tf -r /tf_static:=tf_static"
2026-09-25T13:15:22Z,102,"noiseE2_20260925T131030Z",477249,"python3",6.4,83532,54148,"python3 /wt/contributions/compute-benchmark/OsakaTX/scripts/nav_goal_seq.py --x 4 --y 4 --yaw 0 --every 22.0 --pause 2.0 --cancel --repeats 0"
2026-09-25T13:15:22Z,102,"noiseE2_20260925T131030Z",477293,"bash",0.5,4368,1341,"bash /wt/contributions/compute-benchmark/xbattlax/scripts/measure_ros_processes.sh --pattern python3|ros2|slam|nav2|component_container|nav_goal_seq --duration 380 --interval 2 --label noiseE2_20260925T131030Z --output /wt/contributions/compute-benchmark/OsakaTX/scripts/../results/combo2/noiseE2_20260925T131030Z.csv"
2026-09-25T13:15:25Z,103,"noiseE2_20260925T131030Z",408070,"python3",0.1,74124,46550,"/usr/bin/python3 -c from ros2cli.daemon.daemonize import main; main() --name ros2-daemon --ros-domain-id 0 --rmw-implementation rmw_fastrtps_cpp"
2026-09-25T13:15:25Z,103,"noiseE2_20260925T131030Z",477106,"python3",5.5,77208,48552,"python3 /wt/contributions/compute-benchmark/OsakaTX/scripts/synthetic_scan_publisher.py --duration 490 --loop-s 40 --hz 5.0 --noise 0.05"
2026-09-25T13:15:25Z,103,"noiseE2_20260925T131030Z",477122,"ros2",0.2,78924,50822,"/usr/bin/python3 /opt/ros/jazzy/bin/ros2 launch slam_toolbox online_async_launch.py slam_params_file:=/wt/contributions/compute-benchmark/OsakaTX/scripts/slam_toolbox_params.yaml use_sim_time:=False autostart:=true"
2026-09-25T13:15:25Z,103,"noiseE2_20260925T131030Z",477123,"ros2",0.5,83264,55420,"/usr/bin/python3 /opt/ros/jazzy/bin/ros2 launch nav2_bringup bringup_launch.py map:=/wt/contributions/compute-benchmark/OsakaTX/scripts/../results/combo2/combo2_nav2_map.yaml params_file:=/wt/contributions/compute-benchmark/OsakaTX/scripts/nav2_params_bench.yaml use_sim_time:=False autostart:=True slam:=False use_localization:=False"
2026-09-25T13:15:25Z,103,"noiseE2_20260925T131030Z",477142,"async_slam_tool",21.0,95304,75271,"/opt/ros/jazzy/lib/slam_toolbox/async_slam_toolbox_node --ros-args -r __node:=slam_toolbox -r __ns:=/ --params-file /wt/contributions/compute-benchmark/OsakaTX/scripts/slam_toolbox_params.yaml --params-file /tmp/launch_params_taqg3ax4"
2026-09-25T13:15:25Z,103,"noiseE2_20260925T131030Z",477175,"component_conta",46.2,166828,146636,"/opt/ros/jazzy/lib/rclcpp_components/component_container_isolated --ros-args --log-level info --ros-args -r __node:=nav2_container --params-file /tmp/launch_params_s9huhwju --params-file /tmp/launch_params_1wti_32f -r /tf:=tf -r /tf_static:=tf_static"
2026-09-25T13:15:25Z,103,"noiseE2_20260925T131030Z",477249,"python3",6.4,83532,54148,"python3 /wt/contributions/compute-benchmark/OsakaTX/scripts/nav_goal_seq.py --x 4 --y 4 --yaw 0 --every 22.0 --pause 2.0 --cancel --repeats 0"
2026-09-25T13:15:25Z,103,"noiseE2_20260925T131030Z",477293,"bash",0.5,4368,1335,"bash /wt/contributions/compute-benchmark/xbattlax/scripts/measure_ros_processes.sh --pattern python3|ros2|slam|nav2|component_container|nav_goal_seq --duration 380 --interval 2 --label noiseE2_20260925T131030Z --output /wt/contributions/compute-benchmark/OsakaTX/scripts/../results/combo2/noiseE2_20260925T131030Z.csv"
2026-09-25T13:15:27Z,104,"noiseE2_20260925T131030Z",408070,"python3",0.1,74124,46550,"/usr/bin/python3 -c from ros2cli.daemon.daemonize import main; main() --name ros2-daemon --ros-domain-id 0 --rmw-implementation rmw_fastrtps_cpp"
2026-09-25T13:15:27Z,104,"noiseE2_20260925T131030Z",477106,"python3",5.5,77208,48552,"python3 /wt/contributions/compute-benchmark/OsakaTX/scripts/synthetic_scan_publisher.py --duration 490 --loop-s 40 --hz 5.0 --noise 0.05"
2026-09-25T13:15:27Z,104,"noiseE2_20260925T131030Z",477122,"ros2",0.2,78924,50823,"/usr/bin/python3 /opt/ros/jazzy/bin/ros2 launch slam_toolbox online_async_launch.py slam_params_file:=/wt/contributions/compute-benchmark/OsakaTX/scripts/slam_toolbox_params.yaml use_sim_time:=False autostart:=true"
2026-09-25T13:15:27Z,104,"noiseE2_20260925T131030Z",477123,"ros2",0.5,83264,55420,"/usr/bin/python3 /opt/ros/jazzy/bin/ros2 launch nav2_bringup bringup_launch.py map:=/wt/contributions/compute-benchmark/OsakaTX/scripts/../results/combo2/combo2_nav2_map.yaml params_file:=/wt/contributions/compute-benchmark/OsakaTX/scripts/nav2_params_bench.yaml use_sim_time:=False autostart:=True slam:=False use_localization:=False"
2026-09-25T13:15:27Z,104,"noiseE2_20260925T131030Z",477142,"async_slam_tool",21.1,95920,75886,"/opt/ros/jazzy/lib/slam_toolbox/async_slam_toolbox_node --ros-args -r __node:=slam_toolbox -r __ns:=/ --params-file /wt/contributions/compute-benchmark/OsakaTX/scripts/slam_toolbox_params.yaml --params-file /tmp/launch_params_taqg3ax4"
2026-09-25T13:15:27Z,104,"noiseE2_20260925T131030Z",477175,"component_conta",46.2,166828,146636,"/opt/ros/jazzy/lib/rclcpp_components/component_container_isolated --ros-args --log-level info --ros-args -r __node:=nav2_container --params-file /tmp/launch_params_s9huhwju --params-file /tmp/launch_params_1wti_32f -r /tf:=tf -r /tf_static:=tf_static"
2026-09-25T13:15:27Z,104,"noiseE2_20260925T131030Z",477249,"python3",6.4,83532,54148,"python3 /wt/contributions/compute-benchmark/OsakaTX/scripts/nav_goal_seq.py --x 4 --y 4 --yaw 0 --every 22.0 --pause 2.0 --cancel --repeats 0"
2026-09-25T13:15:27Z,104,"noiseE2_20260925T131030Z",477293,"bash",0.5,4368,1341,"bash /wt/contributions/compute-benchmark/xbattlax/scripts/measure_ros_processes.sh --pattern python3|ros2|slam|nav2|component_container|nav_goal_seq --duration 380 --interval 2 --label noiseE2_20260925T131030Z --output /wt/contributions/compute-benchmark/OsakaTX/scripts/../results/combo2/noiseE2_20260925T131030Z.csv"
2026-09-25T13:15:30Z,105,"noiseE2_20260925T131030Z",408070,"python3",0.1,74124,46554,"/usr/bin/python3 -c from ros2cli.daemon.daemonize import main; main() --name ros2-daemon --ros-domain-id 0 --rmw-implementation rmw_fastrtps_cpp"
2026-09-25T13:15:30Z,105,"noiseE2_20260925T131030Z",477106,"python3",5.5,77208,48552,"python3 /wt/contributions/compute-benchmark/OsakaTX/scripts/synthetic_scan_publisher.py --duration 490 --loop-s 40 --hz 5.0 --noise 0.05"
2026-09-25T13:15:30Z,105,"noiseE2_20260925T131030Z",477122,"ros2",0.2,78924,50824,"/usr/bin/python3 /opt/ros/jazzy/bin/ros2 launch slam_toolbox online_async_launch.py slam_params_file:=/wt/contributions/compute-benchmark/OsakaTX/scripts/slam_toolbox_params.yaml use_sim_time:=False autostart:=true"
2026-09-25T13:15:30Z,105,"noiseE2_20260925T131030Z",477123,"ros2",0.5,83264,55421,"/usr/bin/python3 /opt/ros/jazzy/bin/ros2 launch nav2_bringup bringup_launch.py map:=/wt/contributions/compute-benchmark/OsakaTX/scripts/../results/combo2/combo2_nav2_map.yaml params_file:=/wt/contributions/compute-benchmark/OsakaTX/scripts/nav2_params_bench.yaml use_sim_time:=False autostart:=True slam:=False use_localization:=False"
2026-09-25T13:15:30Z,105,"noiseE2_20260925T131030Z",477142,"async_slam_tool",21.1,95920,75887,"/opt/ros/jazzy/lib/slam_toolbox/async_slam_toolbox_node --ros-args -r __node:=slam_toolbox -r __ns:=/ --params-file /wt/contributions/compute-benchmark/OsakaTX/scripts/slam_toolbox_params.yaml --params-file /tmp/launch_params_taqg3ax4"
2026-09-25T13:15:30Z,105,"noiseE2_20260925T131030Z",477175,"component_conta",46.3,166828,146636,"/opt/ros/jazzy/lib/rclcpp_components/component_container_isolated --ros-args --log-level info --ros-args -r __node:=nav2_container --params-file /tmp/launch_params_s9huhwju --params-file /tmp/launch_params_1wti_32f -r /tf:=tf -r /tf_static:=tf_static"
2026-09-25T13:15:30Z,105,"noiseE2_20260925T131030Z",477249,"python3",6.4,83532,54147,"python3 /wt/contributions/compute-benchmark/OsakaTX/scripts/nav_goal_seq.py --x 4 --y 4 --yaw 0 --every 22.0 --pause 2.0 --cancel --repeats 0"
2026-09-25T13:15:30Z,105,"noiseE2_20260925T131030Z",477293,"bash",0.5,4368,1343,"bash /wt/contributions/compute-benchmark/xbattlax/scripts/measure_ros_processes.sh --pattern python3|ros2|slam|nav2|component_container|nav_goal_seq --duration 380 --interval 2 --label noiseE2_20260925T131030Z --output /wt/contributions/compute-benchmark/OsakaTX/scripts/../results/combo2/noiseE2_20260925T131030Z.csv"
2026-09-25T13:15:32Z,106,"noiseE2_20260925T131030Z",408070,"python3",0.1,74124,46553,"/usr/bin/python3 -c from ros2cli.daemon.daemonize import main; main() --name ros2-daemon --ros-domain-id 0 --rmw-implementation rmw_fastrtps_cpp"
2026-09-25T13:15:32Z,106,"noiseE2_20260925T131030Z",477106,"python3",5.5,77208,48552,"python3 /wt/contributions/compute-benchmark/OsakaTX/scripts/synthetic_scan_publisher.py --duration 490 --loop-s 40 --hz 5.0 --noise 0.05"
2026-09-25T13:15:32Z,106,"noiseE2_20260925T131030Z",477122,"ros2",0.2,78924,50825,"/usr/bin/python3 /opt/ros/jazzy/bin/ros2 launch slam_toolbox online_async_launch.py slam_params_file:=/wt/contributions/compute-benchmark/OsakaTX/scripts/slam_toolbox_params.yaml use_sim_time:=False autostart:=true"
2026-09-25T13:15:32Z,106,"noiseE2_20260925T131030Z",477123,"ros2",0.5,83264,55421,"/usr/bin/python3 /opt/ros/jazzy/bin/ros2 launch nav2_bringup bringup_launch.py map:=/wt/contributions/compute-benchmark/OsakaTX/scripts/../results/combo2/combo2_nav2_map.yaml params_file:=/wt/contributions/compute-benchmark/OsakaTX/scripts/nav2_params_bench.yaml use_sim_time:=False autostart:=True slam:=False use_localization:=False"
2026-09-25T13:15:32Z,106,"noiseE2_20260925T131030Z",477142,"async_slam_tool",21.2,96152,76119,"/opt/ros/jazzy/lib/slam_toolbox/async_slam_toolbox_node --ros-args -r __node:=slam_toolbox -r __ns:=/ --params-file /wt/contributions/compute-benchmark/OsakaTX/scripts/slam_toolbox_params.yaml --params-file /tmp/launch_params_taqg3ax4"
2026-09-25T13:15:32Z,106,"noiseE2_20260925T131030Z",477175,"component_conta",46.3,166832,146640,"/opt/ros/jazzy/lib/rclcpp_components/component_container_isolated --ros-args --log-level info --ros-args -r __node:=nav2_container --params-file /tmp/launch_params_s9huhwju --params-file /tmp/launch_params_1wti_32f -r /tf:=tf -r /tf_static:=tf_static"
2026-09-25T13:15:32Z,106,"noiseE2_20260925T131030Z",477249,"python3",6.4,83532,54149,"python3 /wt/contributions/compute-benchmark/OsakaTX/scripts/nav_goal_seq.py --x 4 --y 4 --yaw 0 --every 22.0 --pause 2.0 --cancel --repeats 0"
2026-09-25T13:15:32Z,106,"noiseE2_20260925T131030Z",477293,"bash",0.5,4368,1342,"bash /wt/contributions/compute-benchmark/xbattlax/scripts/measure_ros_processes.sh --pattern python3|ros2|slam|nav2|component_container|nav_goal_seq --duration 380 --interval 2 --label noiseE2_20260925T131030Z --output /wt/contributions/compute-benchmark/OsakaTX/scripts/../results/combo2/noiseE2_20260925T131030Z.csv"
2026-09-25T13:15:35Z,107,"noiseE2_20260925T131030Z",408070,"python3",0.1,74124,46550,"/usr/bin/python3 -c from ros2cli.daemon.daemonize import main; main() --name ros2-daemon --ros-domain-id 0 --rmw-implementation rmw_fastrtps_cpp"
2026-09-25T13:15:35Z,107,"noiseE2_20260925T131030Z",477106,"python3",5.5,77208,48551,"python3 /wt/contributions/compute-benchmark/OsakaTX/scripts/synthetic_scan_publisher.py --duration 490 --loop-s 40 --hz 5.0 --noise 0.05"
2026-09-25T13:15:35Z,107,"noiseE2_20260925T131030Z",477122,"ros2",0.2,78924,50825,"/usr/bin/python3 /opt/ros/jazzy/bin/ros2 launch slam_toolbox online_async_launch.py slam_params_file:=/wt/contributions/compute-benchmark/OsakaTX/scripts/slam_toolbox_params.yaml use_sim_time:=False autostart:=true"
2026-09-25T13:15:35Z,107,"noiseE2_20260925T131030Z",477123,"ros2",0.5,83264,55420,"/usr/bin/python3 /opt/ros/jazzy/bin/ros2 launch nav2_bringup bringup_launch.py map:=/wt/contributions/compute-benchmark/OsakaTX/scripts/../results/combo2/combo2_nav2_map.yaml params_file:=/wt/contributions/compute-benchmark/OsakaTX/scripts/nav2_params_bench.yaml use_sim_time:=False autostart:=True slam:=False use_localization:=False"
2026-09-25T13:15:35Z,107,"noiseE2_20260925T131030Z",477142,"async_slam_tool",21.2,96704,76671,"/opt/ros/jazzy/lib/slam_toolbox/async_slam_toolbox_node --ros-args -r __node:=slam_toolbox -r __ns:=/ --params-file /wt/contributions/compute-benchmark/OsakaTX/scripts/slam_toolbox_params.yaml --params-file /tmp/launch_params_taqg3ax4"
2026-09-25T13:15:35Z,107,"noiseE2_20260925T131030Z",477175,"component_conta",46.4,167192,147000,"/opt/ros/jazzy/lib/rclcpp_components/component_container_isolated --ros-args --log-level info --ros-args -r __node:=nav2_container --params-file /tmp/launch_params_s9huhwju --params-file /tmp/launch_params_1wti_32f -r /tf:=tf -r /tf_static:=tf_static"
2026-09-25T13:15:35Z,107,"noiseE2_20260925T131030Z",477249,"python3",6.4,83532,54150,"python3 /wt/contributions/compute-benchmark/OsakaTX/scripts/nav_goal_seq.py --x 4 --y 4 --yaw 0 --every 22.0 --pause 2.0 --cancel --repeats 0"
2026-09-25T13:15:35Z,107,"noiseE2_20260925T131030Z",477293,"bash",0.5,4368,1338,"bash /wt/contributions/compute-benchmark/xbattlax/scripts/measure_ros_processes.sh --pattern python3|ros2|slam|nav2|component_container|nav_goal_seq --duration 380 --interval 2 --label noiseE2_20260925T131030Z --output /wt/contributions/compute-benchmark/OsakaTX/scripts/../results/combo2/noiseE2_20260925T131030Z.csv"
2026-09-25T13:15:37Z,108,"noiseE2_20260925T131030Z",408070,"python3",0.1,74124,46550,"/usr/bin/python3 -c from ros2cli.daemon.daemonize import main; main() --name ros2-daemon --ros-domain-id 0 --rmw-implementation rmw_fastrtps_cpp"
2026-09-25T13:15:37Z,108,"noiseE2_20260925T131030Z",477106,"python3",5.5,77208,48552,"python3 /wt/contributions/compute-benchmark/OsakaTX/scripts/synthetic_scan_publisher.py --duration 490 --loop-s 40 --hz 5.0 --noise 0.05"
2026-09-25T13:15:37Z,108,"noiseE2_20260925T131030Z",477122,"ros2",0.2,78924,50821,"/usr/bin/python3 /opt/ros/jazzy/bin/ros2 launch slam_toolbox online_async_launch.py slam_params_file:=/wt/contributions/compute-benchmark/OsakaTX/scripts/slam_toolbox_params.yaml use_sim_time:=False autostart:=true"
2026-09-25T13:15:37Z,108,"noiseE2_20260925T131030Z",477123,"ros2",0.5,83264,55421,"/usr/bin/python3 /opt/ros/jazzy/bin/ros2 launch nav2_bringup bringup_launch.py map:=/wt/contributions/compute-benchmark/OsakaTX/scripts/../results/combo2/combo2_nav2_map.yaml params_file:=/wt/contributions/compute-benchmark/OsakaTX/scripts/nav2_params_bench.yaml use_sim_time:=False autostart:=True slam:=False use_localization:=False"
2026-09-25T13:15:37Z,108,"noiseE2_20260925T131030Z",477142,"async_slam_tool",21.3,96724,76691,"/opt/ros/jazzy/lib/slam_toolbox/async_slam_toolbox_node --ros-args -r __node:=slam_toolbox -r __ns:=/ --params-file /wt/contributions/compute-benchmark/OsakaTX/scripts/slam_toolbox_params.yaml --params-file /tmp/launch_params_taqg3ax4"
2026-09-25T13:15:37Z,108,"noiseE2_20260925T131030Z",477175,"component_conta",46.5,167220,147025,"/opt/ros/jazzy/lib/rclcpp_components/component_container_isolated --ros-args --log-level info --ros-args -r __node:=nav2_container --params-file /tmp/launch_params_s9huhwju --params-file /tmp/launch_params_1wti_32f -r /tf:=tf -r /tf_static:=tf_static"
2026-09-25T13:15:37Z,108,"noiseE2_20260925T131030Z",477249,"python3",6.4,83532,54148,"python3 /wt/contributions/compute-benchmark/OsakaTX/scripts/nav_goal_seq.py --x 4 --y 4 --yaw 0 --every 22.0 --pause 2.0 --cancel --repeats 0"
2026-09-25T13:15:37Z,108,"noiseE2_20260925T131030Z",477293,"bash",0.5,4368,1339,"bash /wt/contributions/compute-benchmark/xbattlax/scripts/measure_ros_processes.sh --pattern python3|ros2|slam|nav2|component_container|nav_goal_seq --duration 380 --interval 2 --label noiseE2_20260925T131030Z --output /wt/contributions/compute-benchmark/OsakaTX/scripts/../results/combo2/noiseE2_20260925T131030Z.csv"
2026-09-25T13:15:39Z,109,"noiseE2_20260925T131030Z",408070,"python3",0.1,74124,46553,"/usr/bin/python3 -c from ros2cli.daemon.daemonize import main; main() --name ros2-daemon --ros-domain-id 0 --rmw-implementation rmw_fastrtps_cpp"
2026-09-25T13:15:39Z,109,"noiseE2_20260925T131030Z",477106,"python3",5.5,77208,48552,"python3 /wt/contributions/compute-benchmark/OsakaTX/scripts/synthetic_scan_publisher.py --duration 490 --loop-s 40 --hz 5.0 --noise 0.05"
2026-09-25T13:15:39Z,109,"noiseE2_20260925T131030Z",477122,"ros2",0.2,78924,50823,"/usr/bin/python3 /opt/ros/jazzy/bin/ros2 launch slam_toolbox online_async_launch.py slam_params_file:=/wt/contributions/compute-benchmark/OsakaTX/scripts/slam_toolbox_params.yaml use_sim_time:=False autostart:=true"
2026-09-25T13:15:39Z,109,"noiseE2_20260925T131030Z",477123,"ros2",0.5,83264,55421,"/usr/bin/python3 /opt/ros/jazzy/bin/ros2 launch nav2_bringup bringup_launch.py map:=/wt/contributions/compute-benchmark/OsakaTX/scripts/../results/combo2/combo2_nav2_map.yaml params_file:=/wt/contributions/compute-benchmark/OsakaTX/scripts/nav2_params_bench.yaml use_sim_time:=False autostart:=True slam:=False use_localization:=False"
2026-09-25T13:15:39Z,109,"noiseE2_20260925T131030Z",477142,"async_slam_tool",21.4,97408,77374,"/opt/ros/jazzy/lib/slam_toolbox/async_slam_toolbox_node --ros-args -r __node:=slam_toolbox -r __ns:=/ --params-file /wt/contributions/compute-benchmark/OsakaTX/scripts/slam_toolbox_params.yaml --params-file /tmp/launch_params_taqg3ax4"
2026-09-25T13:15:39Z,109,"noiseE2_20260925T131030Z",477175,"component_conta",46.5,167120,146927,"/opt/ros/jazzy/lib/rclcpp_components/component_container_isolated --ros-args --log-level info --ros-args -r __node:=nav2_container --params-file /tmp/launch_params_s9huhwju --params-file /tmp/launch_params_1wti_32f -r /tf:=tf -r /tf_static:=tf_static"
2026-09-25T13:15:39Z,109,"noiseE2_20260925T131030Z",477249,"python3",6.4,83532,54148,"python3 /wt/contributions/compute-benchmark/OsakaTX/scripts/nav_goal_seq.py --x 4 --y 4 --yaw 0 --every 22.0 --pause 2.0 --cancel --repeats 0"
2026-09-25T13:15:39Z,109,"noiseE2_20260925T131030Z",477293,"bash",0.5,4368,1341,"bash /wt/contributions/compute-benchmark/xbattlax/scripts/measure_ros_processes.sh --pattern python3|ros2|slam|nav2|component_container|nav_goal_seq --duration 380 --interval 2 --label noiseE2_20260925T131030Z --output /wt/contributions/compute-benchmark/OsakaTX/scripts/../results/combo2/noiseE2_20260925T131030Z.csv"
2026-09-25T13:15:42Z,110,"noiseE2_20260925T131030Z",408070,"python3",0.1,74124,46553,"/usr/bin/python3 -c from ros2cli.daemon.daemonize import main; main() --name ros2-daemon --ros-domain-id 0 --rmw-implementation rmw_fastrtps_cpp"
2026-09-25T13:15:42Z,110,"noiseE2_20260925T131030Z",477106,"python3",5.5,77208,48553,"python3 /wt/contributions/compute-benchmark/OsakaTX/scripts/synthetic_scan_publisher.py --duration 490 --loop-s 40 --hz 5.0 --noise 0.05"
2026-09-25T13:15:42Z,110,"noiseE2_20260925T131030Z",477122,"ros2",0.2,78924,50820,"/usr/bin/python3 /opt/ros/jazzy/bin/ros2 launch slam_toolbox online_async_launch.py slam_params_file:=/wt/contributions/compute-benchmark/OsakaTX/scripts/slam_toolbox_params.yaml use_sim_time:=False autostart:=true"
2026-09-25T13:15:42Z,110,"noiseE2_20260925T131030Z",477123,"ros2",0.5,83264,55421,"/usr/bin/python3 /opt/ros/jazzy/bin/ros2 launch nav2_bringup bringup_launch.py map:=/wt/contributions/compute-benchmark/OsakaTX/scripts/../results/combo2/combo2_nav2_map.yaml params_file:=/wt/contributions/compute-benchmark/OsakaTX/scripts/nav2_params_bench.yaml use_sim_time:=False autostart:=True slam:=False use_localization:=False"
2026-09-25T13:15:42Z,110,"noiseE2_20260925T131030Z",477142,"async_slam_tool",21.4,97408,77375,"/opt/ros/jazzy/lib/slam_toolbox/async_slam_toolbox_node --ros-args -r __node:=slam_toolbox -r __ns:=/ --params-file /wt/contributions/compute-benchmark/OsakaTX/scripts/slam_toolbox_params.yaml --params-file /tmp/launch_params_taqg3ax4"
2026-09-25T13:15:42Z,110,"noiseE2_20260925T131030Z",477175,"component_conta",46.6,167180,146986,"/opt/ros/jazzy/lib/rclcpp_components/component_container_isolated --ros-args --log-level info --ros-args -r __node:=nav2_container --params-file /tmp/launch_params_s9huhwju --params-file /tmp/launch_params_1wti_32f -r /tf:=tf -r /tf_static:=tf_static"
2026-09-25T13:15:42Z,110,"noiseE2_20260925T131030Z",477249,"python3",6.4,83532,54150,"python3 /wt/contributions/compute-benchmark/OsakaTX/scripts/nav_goal_seq.py --x 4 --y 4 --yaw 0 --every 22.0 --pause 2.0 --cancel --repeats 0"
2026-09-25T13:15:42Z,110,"noiseE2_20260925T131030Z",477293,"bash",0.5,4368,1343,"bash /wt/contributions/compute-benchmark/xbattlax/scripts/measure_ros_processes.sh --pattern python3|ros2|slam|nav2|component_container|nav_goal_seq --duration 380 --interval 2 --label noiseE2_20260925T131030Z --output /wt/contributions/compute-benchmark/OsakaTX/scripts/../results/combo2/noiseE2_20260925T131030Z.csv"
2026-09-25T13:15:44Z,111,"noiseE2_20260925T131030Z",408070,"python3",0.1,74124,46550,"/usr/bin/python3 -c from ros2cli.daemon.daemonize import main; main() --name ros2-daemon --ros-domain-id 0 --rmw-implementation rmw_fastrtps_cpp"
2026-09-25T13:15:44Z,111,"noiseE2_20260925T131030Z",477106,"python3",5.5,77208,48553,"python3 /wt/contributions/compute-benchmark/OsakaTX/scripts/synthetic_scan_publisher.py --duration 490 --loop-s 40 --hz 5.0 --noise 0.05"
2026-09-25T13:15:44Z,111,"noiseE2_20260925T131030Z",477122,"ros2",0.2,78924,50821,"/usr/bin/python3 /opt/ros/jazzy/bin/ros2 launch slam_toolbox online_async_launch.py slam_params_file:=/wt/contributions/compute-benchmark/OsakaTX/scripts/slam_toolbox_params.yaml use_sim_time:=False autostart:=true"
2026-09-25T13:15:44Z,111,"noiseE2_20260925T131030Z",477123,"ros2",0.5,83264,55420,"/usr/bin/python3 /opt/ros/jazzy/bin/ros2 launch nav2_bringup bringup_launch.py map:=/wt/contributions/compute-benchmark/OsakaTX/scripts/../results/combo2/combo2_nav2_map.yaml params_file:=/wt/contributions/compute-benchmark/OsakaTX/scripts/nav2_params_bench.yaml use_sim_time:=False autostart:=True slam:=False use_localization:=False"
2026-09-25T13:15:44Z,111,"noiseE2_20260925T131030Z",477142,"async_slam_tool",21.5,97564,77531,"/opt/ros/jazzy/lib/slam_toolbox/async_slam_toolbox_node --ros-args -r __node:=slam_toolbox -r __ns:=/ --params-file /wt/contributions/compute-benchmark/OsakaTX/scripts/slam_toolbox_params.yaml --params-file /tmp/launch_params_taqg3ax4"
2026-09-25T13:15:44Z,111,"noiseE2_20260925T131030Z",477175,"component_conta",46.7,170120,149926,"/opt/ros/jazzy/lib/rclcpp_components/component_container_isolated --ros-args --log-level info --ros-args -r __node:=nav2_container --params-file /tmp/launch_params_s9huhwju --params-file /tmp/launch_params_1wti_32f -r /tf:=tf -r /tf_static:=tf_static"
2026-09-25T13:15:44Z,111,"noiseE2_20260925T131030Z",477249,"python3",6.4,83536,54152,"python3 /wt/contributions/compute-benchmark/OsakaTX/scripts/nav_goal_seq.py --x 4 --y 4 --yaw 0 --every 22.0 --pause 2.0 --cancel --repeats 0"
2026-09-25T13:15:44Z,111,"noiseE2_20260925T131030Z",477293,"bash",0.5,4368,1343,"bash /wt/contributions/compute-benchmark/xbattlax/scripts/measure_ros_processes.sh --pattern python3|ros2|slam|nav2|component_container|nav_goal_seq --duration 380 --interval 2 --label noiseE2_20260925T131030Z --output /wt/contributions/compute-benchmark/OsakaTX/scripts/../results/combo2/noiseE2_20260925T131030Z.csv"
2026-09-25T13:15:47Z,112,"noiseE2_20260925T131030Z",408070,"python3",0.1,74124,46550,"/usr/bin/python3 -c from ros2cli.daemon.daemonize import main; main() --name ros2-daemon --ros-domain-id 0 --rmw-implementation rmw_fastrtps_cpp"
2026-09-25T13:15:47Z,112,"noiseE2_20260925T131030Z",477106,"python3",5.5,77208,48553,"python3 /wt/contributions/compute-benchmark/OsakaTX/scripts/synthetic_scan_publisher.py --duration 490 --loop-s 40 --hz 5.0 --noise 0.05"
2026-09-25T13:15:47Z,112,"noiseE2_20260925T131030Z",477122,"ros2",0.2,78924,50821,"/usr/bin/python3 /opt/ros/jazzy/bin/ros2 launch slam_toolbox online_async_launch.py slam_params_file:=/wt/contributions/compute-benchmark/OsakaTX/scripts/slam_toolbox_params.yaml use_sim_time:=False autostart:=true"
2026-09-25T13:15:47Z,112,"noiseE2_20260925T131030Z",477123,"ros2",0.5,83264,55421,"/usr/bin/python3 /opt/ros/jazzy/bin/ros2 launch nav2_bringup bringup_launch.py map:=/wt/contributions/compute-benchmark/OsakaTX/scripts/../results/combo2/combo2_nav2_map.yaml params_file:=/wt/contributions/compute-benchmark/OsakaTX/scripts/nav2_params_bench.yaml use_sim_time:=False autostart:=True slam:=False use_localization:=False"
2026-09-25T13:15:47Z,112,"noiseE2_20260925T131030Z",477142,"async_slam_tool",21.6,98112,78079,"/opt/ros/jazzy/lib/slam_toolbox/async_slam_toolbox_node --ros-args -r __node:=slam_toolbox -r __ns:=/ --params-file /wt/contributions/compute-benchmark/OsakaTX/scripts/slam_toolbox_params.yaml --params-file /tmp/launch_params_taqg3ax4"
2026-09-25T13:15:47Z,112,"noiseE2_20260925T131030Z",477175,"component_conta",46.6,169220,149029,"/opt/ros/jazzy/lib/rclcpp_components/component_container_isolated --ros-args --log-level info --ros-args -r __node:=nav2_container --params-file /tmp/launch_params_s9huhwju --params-file /tmp/launch_params_1wti_32f -r /tf:=tf -r /tf_static:=tf_static"
2026-09-25T13:15:47Z,112,"noiseE2_20260925T131030Z",477249,"python3",6.4,83536,54151,"python3 /wt/contributions/compute-benchmark/OsakaTX/scripts/nav_goal_seq.py --x 4 --y 4 --yaw 0 --every 22.0 --pause 2.0 --cancel --repeats 0"
2026-09-25T13:15:47Z,112,"noiseE2_20260925T131030Z",477293,"bash",0.5,4368,1340,"bash /wt/contributions/compute-benchmark/xbattlax/scripts/measure_ros_processes.sh --pattern python3|ros2|slam|nav2|component_container|nav_goal_seq --duration 380 --interval 2 --label noiseE2_20260925T131030Z --output /wt/contributions/compute-benchmark/OsakaTX/scripts/../results/combo2/noiseE2_20260925T131030Z.csv"
2026-09-25T13:15:49Z,113,"noiseE2_20260925T131030Z",408070,"python3",0.1,74124,46550,"/usr/bin/python3 -c from ros2cli.daemon.daemonize import main; main() --name ros2-daemon --ros-domain-id 0 --rmw-implementation rmw_fastrtps_cpp"
2026-09-25T13:15:49Z,113,"noiseE2_20260925T131030Z",477106,"python3",5.5,77208,48553,"python3 /wt/contributions/compute-benchmark/OsakaTX/scripts/synthetic_scan_publisher.py --duration 490 --loop-s 40 --hz 5.0 --noise 0.05"
2026-09-25T13:15:49Z,113,"noiseE2_20260925T131030Z",477122,"ros2",0.2,78924,50824,"/usr/bin/python3 /opt/ros/jazzy/bin/ros2 launch slam_toolbox online_async_launch.py slam_params_file:=/wt/contributions/compute-benchmark/OsakaTX/scripts/slam_toolbox_params.yaml use_sim_time:=False autostart:=true"
2026-09-25T13:15:49Z,113,"noiseE2_20260925T131030Z",477123,"ros2",0.5,83264,55422,"/usr/bin/python3 /opt/ros/jazzy/bin/ros2 launch nav2_bringup bringup_launch.py map:=/wt/contributions/compute-benchmark/OsakaTX/scripts/../results/combo2/combo2_nav2_map.yaml params_file:=/wt/contributions/compute-benchmark/OsakaTX/scripts/nav2_params_bench.yaml use_sim_time:=False autostart:=True slam:=False use_localization:=False"
2026-09-25T13:15:49Z,113,"noiseE2_20260925T131030Z",477142,"async_slam_tool",21.7,98128,78095,"/opt/ros/jazzy/lib/slam_toolbox/async_slam_toolbox_node --ros-args -r __node:=slam_toolbox -r __ns:=/ --params-file /wt/contributions/compute-benchmark/OsakaTX/scripts/slam_toolbox_params.yaml --params-file /tmp/launch_params_taqg3ax4"
2026-09-25T13:15:49Z,113,"noiseE2_20260925T131030Z",477175,"component_conta",46.6,169276,149084,"/opt/ros/jazzy/lib/rclcpp_components/component_container_isolated --ros-args --log-level info --ros-args -r __node:=nav2_container --params-file /tmp/launch_params_s9huhwju --params-file /tmp/launch_params_1wti_32f -r /tf:=tf -r /tf_static:=tf_static"
2026-09-25T13:15:49Z,113,"noiseE2_20260925T131030Z",477249,"python3",6.4,83536,54150,"python3 /wt/contributions/compute-benchmark/OsakaTX/scripts/nav_goal_seq.py --x 4 --y 4 --yaw 0 --every 22.0 --pause 2.0 --cancel --repeats 0"
2026-09-25T13:15:49Z,113,"noiseE2_20260925T131030Z",477293,"bash",0.5,4368,1343,"bash /wt/contributions/compute-benchmark/xbattlax/scripts/measure_ros_processes.sh --pattern python3|ros2|slam|nav2|component_container|nav_goal_seq --duration 380 --interval 2 --label noiseE2_20260925T131030Z --output /wt/contributions/compute-benchmark/OsakaTX/scripts/../results/combo2/noiseE2_20260925T131030Z.csv"
2026-09-25T13:15:52Z,114,"noiseE2_20260925T131030Z",408070,"python3",0.1,74124,46555,"/usr/bin/python3 -c from ros2cli.daemon.daemonize import main; main() --name ros2-daemon --ros-domain-id 0 --rmw-implementation rmw_fastrtps_cpp"
2026-09-25T13:15:52Z,114,"noiseE2_20260925T131030Z",477106,"python3",5.5,77208,48551,"python3 /wt/contributions/compute-benchmark/OsakaTX/scripts/synthetic_scan_publisher.py --duration 490 --loop-s 40 --hz 5.0 --noise 0.05"
2026-09-25T13:15:52Z,114,"noiseE2_20260925T131030Z",477122,"ros2",0.2,78924,50820,"/usr/bin/python3 /opt/ros/jazzy/bin/ros2 launch slam_toolbox online_async_launch.py slam_params_file:=/wt/contributions/compute-benchmark/OsakaTX/scripts/slam_toolbox_params.yaml use_sim_time:=False autostart:=true"
2026-09-25T13:15:52Z,114,"noiseE2_20260925T131030Z",477123,"ros2",0.5,83264,55415,"/usr/bin/python3 /opt/ros/jazzy/bin/ros2 launch nav2_bringup bringup_launch.py map:=/wt/contributions/compute-benchmark/OsakaTX/scripts/../results/combo2/combo2_nav2_map.yaml params_file:=/wt/contributions/compute-benchmark/OsakaTX/scripts/nav2_params_bench.yaml use_sim_time:=False autostart:=True slam:=False use_localization:=False"
2026-09-25T13:15:52Z,114,"noiseE2_20260925T131030Z",477142,"async_slam_tool",21.8,98824,78791,"/opt/ros/jazzy/lib/slam_toolbox/async_slam_toolbox_node --ros-args -r __node:=slam_toolbox -r __ns:=/ --params-file /wt/contributions/compute-benchmark/OsakaTX/scripts/slam_toolbox_params.yaml --params-file /tmp/launch_params_taqg3ax4"
2026-09-25T13:15:52Z,114,"noiseE2_20260925T131030Z",477175,"component_conta",46.6,171044,150853,"/opt/ros/jazzy/lib/rclcpp_components/component_container_isolated --ros-args --log-level info --ros-args -r __node:=nav2_container --params-file /tmp/launch_params_s9huhwju --params-file /tmp/launch_params_1wti_32f -r /tf:=tf -r /tf_static:=tf_static"
2026-09-25T13:15:52Z,114,"noiseE2_20260925T131030Z",477249,"python3",6.4,83536,54153,"python3 /wt/contributions/compute-benchmark/OsakaTX/scripts/nav_goal_seq.py --x 4 --y 4 --yaw 0 --every 22.0 --pause 2.0 --cancel --repeats 0"
2026-09-25T13:15:52Z,114,"noiseE2_20260925T131030Z",477293,"bash",0.5,4368,1337,"bash /wt/contributions/compute-benchmark/xbattlax/scripts/measure_ros_processes.sh --pattern python3|ros2|slam|nav2|component_container|nav_goal_seq --duration 380 --interval 2 --label noiseE2_20260925T131030Z --output /wt/contributions/compute-benchmark/OsakaTX/scripts/../results/combo2/noiseE2_20260925T131030Z.csv"
2026-09-25T13:15:54Z,115,"noiseE2_20260925T131030Z",408070,"python3",0.1,74124,46553,"/usr/bin/python3 -c from ros2cli.daemon.daemonize import main; main() --name ros2-daemon --ros-domain-id 0 --rmw-implementation rmw_fastrtps_cpp"
2026-09-25T13:15:54Z,115,"noiseE2_20260925T131030Z",477106,"python3",5.5,77208,48552,"python3 /wt/contributions/compute-benchmark/OsakaTX/scripts/synthetic_scan_publisher.py --duration 490 --loop-s 40 --hz 5.0 --noise 0.05"
2026-09-25T13:15:54Z,115,"noiseE2_20260925T131030Z",477122,"ros2",0.2,78924,50824,"/usr/bin/python3 /opt/ros/jazzy/bin/ros2 launch slam_toolbox online_async_launch.py slam_params_file:=/wt/contributions/compute-benchmark/OsakaTX/scripts/slam_toolbox_params.yaml use_sim_time:=False autostart:=true"
2026-09-25T13:15:54Z,115,"noiseE2_20260925T131030Z",477123,"ros2",0.5,83264,55421,"/usr/bin/python3 /opt/ros/jazzy/bin/ros2 launch nav2_bringup bringup_launch.py map:=/wt/contributions/compute-benchmark/OsakaTX/scripts/../results/combo2/combo2_nav2_map.yaml params_file:=/wt/contributions/compute-benchmark/OsakaTX/scripts/nav2_params_bench.yaml use_sim_time:=False autostart:=True slam:=False use_localization:=False"
2026-09-25T13:15:54Z,115,"noiseE2_20260925T131030Z",477142,"async_slam_tool",21.8,98824,78791,"/opt/ros/jazzy/lib/slam_toolbox/async_slam_toolbox_node --ros-args -r __node:=slam_toolbox -r __ns:=/ --params-file /wt/contributions/compute-benchmark/OsakaTX/scripts/slam_toolbox_params.yaml --params-file /tmp/launch_params_taqg3ax4"
2026-09-25T13:15:54Z,115,"noiseE2_20260925T131030Z",477175,"component_conta",46.5,168216,148024,"/opt/ros/jazzy/lib/rclcpp_components/component_container_isolated --ros-args --log-level info --ros-args -r __node:=nav2_container --params-file /tmp/launch_params_s9huhwju --params-file /tmp/launch_params_1wti_32f -r /tf:=tf -r /tf_static:=tf_static"
2026-09-25T13:15:54Z,115,"noiseE2_20260925T131030Z",477249,"python3",6.3,83544,54159,"python3 /wt/contributions/compute-benchmark/OsakaTX/scripts/nav_goal_seq.py --x 4 --y 4 --yaw 0 --every 22.0 --pause 2.0 --cancel --repeats 0"
2026-09-25T13:15:54Z,115,"noiseE2_20260925T131030Z",477293,"bash",0.5,4368,1339,"bash /wt/contributions/compute-benchmark/xbattlax/scripts/measure_ros_processes.sh --pattern python3|ros2|slam|nav2|component_container|nav_goal_seq --duration 380 --interval 2 --label noiseE2_20260925T131030Z --output /wt/contributions/compute-benchmark/OsakaTX/scripts/../results/combo2/noiseE2_20260925T131030Z.csv"
2026-09-25T13:15:56Z,116,"noiseE2_20260925T131030Z",408070,"python3",0.1,74124,46554,"/usr/bin/python3 -c from ros2cli.daemon.daemonize import main; main() --name ros2-daemon --ros-domain-id 0 --rmw-implementation rmw_fastrtps_cpp"
2026-09-25T13:15:56Z,116,"noiseE2_20260925T131030Z",477106,"python3",5.5,77208,48552,"python3 /wt/contributions/compute-benchmark/OsakaTX/scripts/synthetic_scan_publisher.py --duration 490 --loop-s 40 --hz 5.0 --noise 0.05"
2026-09-25T13:15:56Z,116,"noiseE2_20260925T131030Z",477122,"ros2",0.2,78924,50824,"/usr/bin/python3 /opt/ros/jazzy/bin/ros2 launch slam_toolbox online_async_launch.py slam_params_file:=/wt/contributions/compute-benchmark/OsakaTX/scripts/slam_toolbox_params.yaml use_sim_time:=False autostart:=true"
2026-09-25T13:15:56Z,116,"noiseE2_20260925T131030Z",477123,"ros2",0.5,83264,55421,"/usr/bin/python3 /opt/ros/jazzy/bin/ros2 launch nav2_bringup bringup_launch.py map:=/wt/contributions/compute-benchmark/OsakaTX/scripts/../results/combo2/combo2_nav2_map.yaml params_file:=/wt/contributions/compute-benchmark/OsakaTX/scripts/nav2_params_bench.yaml use_sim_time:=False autostart:=True slam:=False use_localization:=False"
2026-09-25T13:15:56Z,116,"noiseE2_20260925T131030Z",477142,"async_slam_tool",21.8,98960,78927,"/opt/ros/jazzy/lib/slam_toolbox/async_slam_toolbox_node --ros-args -r __node:=slam_toolbox -r __ns:=/ --params-file /wt/contributions/compute-benchmark/OsakaTX/scripts/slam_toolbox_params.yaml --params-file /tmp/launch_params_taqg3ax4"
2026-09-25T13:15:56Z,116,"noiseE2_20260925T131030Z",477175,"component_conta",46.4,168332,148140,"/opt/ros/jazzy/lib/rclcpp_components/component_container_isolated --ros-args --log-level info --ros-args -r __node:=nav2_container --params-file /tmp/launch_params_s9huhwju --params-file /tmp/launch_params_1wti_32f -r /tf:=tf -r /tf_static:=tf_static"
2026-09-25T13:15:56Z,116,"noiseE2_20260925T131030Z",477249,"python3",6.3,83544,54161,"python3 /wt/contributions/compute-benchmark/OsakaTX/scripts/nav_goal_seq.py --x 4 --y 4 --yaw 0 --every 22.0 --pause 2.0 --cancel --repeats 0"
2026-09-25T13:15:56Z,116,"noiseE2_20260925T131030Z",477293,"bash",0.5,4368,1343,"bash /wt/contributions/compute-benchmark/xbattlax/scripts/measure_ros_processes.sh --pattern python3|ros2|slam|nav2|component_container|nav_goal_seq --duration 380 --interval 2 --label noiseE2_20260925T131030Z --output /wt/contributions/compute-benchmark/OsakaTX/scripts/../results/combo2/noiseE2_20260925T131030Z.csv"
2026-09-25T13:15:59Z,117,"noiseE2_20260925T131030Z",408070,"python3",0.1,74124,46550,"/usr/bin/python3 -c from ros2cli.daemon.daemonize import main; main() --name ros2-daemon --ros-domain-id 0 --rmw-implementation rmw_fastrtps_cpp"
2026-09-25T13:15:59Z,117,"noiseE2_20260925T131030Z",477106,"python3",5.5,77208,48553,"python3 /wt/contributions/compute-benchmark/OsakaTX/scripts/synthetic_scan_publisher.py --duration 490 --loop-s 40 --hz 5.0 --noise 0.05"
2026-09-25T13:15:59Z,117,"noiseE2_20260925T131030Z",477122,"ros2",0.2,78924,50821,"/usr/bin/python3 /opt/ros/jazzy/bin/ros2 launch slam_toolbox online_async_launch.py slam_params_file:=/wt/contributions/compute-benchmark/OsakaTX/scripts/slam_toolbox_params.yaml use_sim_time:=False autostart:=true"
2026-09-25T13:15:59Z,117,"noiseE2_20260925T131030Z",477123,"ros2",0.5,83264,55421,"/usr/bin/python3 /opt/ros/jazzy/bin/ros2 launch nav2_bringup bringup_launch.py map:=/wt/contributions/compute-benchmark/OsakaTX/scripts/../results/combo2/combo2_nav2_map.yaml params_file:=/wt/contributions/compute-benchmark/OsakaTX/scripts/nav2_params_bench.yaml use_sim_time:=False autostart:=True slam:=False use_localization:=False"
2026-09-25T13:15:59Z,117,"noiseE2_20260925T131030Z",477142,"async_slam_tool",21.9,99528,79494,"/opt/ros/jazzy/lib/slam_toolbox/async_slam_toolbox_node --ros-args -r __node:=slam_toolbox -r __ns:=/ --params-file /wt/contributions/compute-benchmark/OsakaTX/scripts/slam_toolbox_params.yaml --params-file /tmp/launch_params_taqg3ax4"
2026-09-25T13:15:59Z,117,"noiseE2_20260925T131030Z",477175,"component_conta",46.3,168332,148141,"/opt/ros/jazzy/lib/rclcpp_components/component_container_isolated --ros-args --log-level info --ros-args -r __node:=nav2_container --params-file /tmp/launch_params_s9huhwju --params-file /tmp/launch_params_1wti_32f -r /tf:=tf -r /tf_static:=tf_static"
2026-09-25T13:15:59Z,117,"noiseE2_20260925T131030Z",477249,"python3",6.3,83544,54162,"python3 /wt/contributions/compute-benchmark/OsakaTX/scripts/nav_goal_seq.py --x 4 --y 4 --yaw 0 --every 22.0 --pause 2.0 --cancel --repeats 0"
2026-09-25T13:15:59Z,117,"noiseE2_20260925T131030Z",477293,"bash",0.5,4368,1341,"bash /wt/contributions/compute-benchmark/xbattlax/scripts/measure_ros_processes.sh --pattern python3|ros2|slam|nav2|component_container|nav_goal_seq --duration 380 --interval 2 --label noiseE2_20260925T131030Z --output /wt/contributions/compute-benchmark/OsakaTX/scripts/../results/combo2/noiseE2_20260925T131030Z.csv"
2026-09-25T13:16:01Z,118,"noiseE2_20260925T131030Z",408070,"python3",0.1,74124,46550,"/usr/bin/python3 -c from ros2cli.daemon.daemonize import main; main() --name ros2-daemon --ros-domain-id 0 --rmw-implementation rmw_fastrtps_cpp"
2026-09-25T13:16:01Z,118,"noiseE2_20260925T131030Z",477106,"python3",5.5,77208,48552,"python3 /wt/contributions/compute-benchmark/OsakaTX/scripts/synthetic_scan_publisher.py --duration 490 --loop-s 40 --hz 5.0 --noise 0.05"
2026-09-25T13:16:01Z,118,"noiseE2_20260925T131030Z",477122,"ros2",0.2,78924,50821,"/usr/bin/python3 /opt/ros/jazzy/bin/ros2 launch slam_toolbox online_async_launch.py slam_params_file:=/wt/contributions/compute-benchmark/OsakaTX/scripts/slam_toolbox_params.yaml use_sim_time:=False autostart:=true"
2026-09-25T13:16:01Z,118,"noiseE2_20260925T131030Z",477123,"ros2",0.5,83264,55421,"/usr/bin/python3 /opt/ros/jazzy/bin/ros2 launch nav2_bringup bringup_launch.py map:=/wt/contributions/compute-benchmark/OsakaTX/scripts/../results/combo2/combo2_nav2_map.yaml params_file:=/wt/contributions/compute-benchmark/OsakaTX/scripts/nav2_params_bench.yaml use_sim_time:=False autostart:=True slam:=False use_localization:=False"
2026-09-25T13:16:01Z,118,"noiseE2_20260925T131030Z",477142,"async_slam_tool",22.0,99556,79523,"/opt/ros/jazzy/lib/slam_toolbox/async_slam_toolbox_node --ros-args -r __node:=slam_toolbox -r __ns:=/ --params-file /wt/contributions/compute-benchmark/OsakaTX/scripts/slam_toolbox_params.yaml --params-file /tmp/launch_params_taqg3ax4"
2026-09-25T13:16:01Z,118,"noiseE2_20260925T131030Z",477175,"component_conta",46.2,167152,146960,"/opt/ros/jazzy/lib/rclcpp_components/component_container_isolated --ros-args --log-level info --ros-args -r __node:=nav2_container --params-file /tmp/launch_params_s9huhwju --params-file /tmp/launch_params_1wti_32f -r /tf:=tf -r /tf_static:=tf_static"
2026-09-25T13:16:01Z,118,"noiseE2_20260925T131030Z",477249,"python3",6.4,83544,54162,"python3 /wt/contributions/compute-benchmark/OsakaTX/scripts/nav_goal_seq.py --x 4 --y 4 --yaw 0 --every 22.0 --pause 2.0 --cancel --repeats 0"
2026-09-25T13:16:01Z,118,"noiseE2_20260925T131030Z",477293,"bash",0.5,4368,1337,"bash /wt/contributions/compute-benchmark/xbattlax/scripts/measure_ros_processes.sh --pattern python3|ros2|slam|nav2|component_container|nav_goal_seq --duration 380 --interval 2 --label noiseE2_20260925T131030Z --output /wt/contributions/compute-benchmark/OsakaTX/scripts/../results/combo2/noiseE2_20260925T131030Z.csv"
2026-09-25T13:16:04Z,119,"noiseE2_20260925T131030Z",408070,"python3",0.1,74124,46550,"/usr/bin/python3 -c from ros2cli.daemon.daemonize import main; main() --name ros2-daemon --ros-domain-id 0 --rmw-implementation rmw_fastrtps_cpp"
2026-09-25T13:16:04Z,119,"noiseE2_20260925T131030Z",477106,"python3",5.5,77208,48551,"python3 /wt/contributions/compute-benchmark/OsakaTX/scripts/synthetic_scan_publisher.py --duration 490 --loop-s 40 --hz 5.0 --noise 0.05"
2026-09-25T13:16:04Z,119,"noiseE2_20260925T131030Z",477122,"ros2",0.2,78924,50825,"/usr/bin/python3 /opt/ros/jazzy/bin/ros2 launch slam_toolbox online_async_launch.py slam_params_file:=/wt/contributions/compute-benchmark/OsakaTX/scripts/slam_toolbox_params.yaml use_sim_time:=False autostart:=true"
2026-09-25T13:16:04Z,119,"noiseE2_20260925T131030Z",477123,"ros2",0.5,83264,55421,"/usr/bin/python3 /opt/ros/jazzy/bin/ros2 launch nav2_bringup bringup_launch.py map:=/wt/contributions/compute-benchmark/OsakaTX/scripts/../results/combo2/combo2_nav2_map.yaml params_file:=/wt/contributions/compute-benchmark/OsakaTX/scripts/nav2_params_bench.yaml use_sim_time:=False autostart:=True slam:=False use_localization:=False"
2026-09-25T13:16:04Z,119,"noiseE2_20260925T131030Z",477142,"async_slam_tool",22.1,100232,80199,"/opt/ros/jazzy/lib/slam_toolbox/async_slam_toolbox_node --ros-args -r __node:=slam_toolbox -r __ns:=/ --params-file /wt/contributions/compute-benchmark/OsakaTX/scripts/slam_toolbox_params.yaml --params-file /tmp/launch_params_taqg3ax4"
2026-09-25T13:16:04Z,119,"noiseE2_20260925T131030Z",477175,"component_conta",46.3,167152,146960,"/opt/ros/jazzy/lib/rclcpp_components/component_container_isolated --ros-args --log-level info --ros-args -r __node:=nav2_container --params-file /tmp/launch_params_s9huhwju --params-file /tmp/launch_params_1wti_32f -r /tf:=tf -r /tf_static:=tf_static"
2026-09-25T13:16:04Z,119,"noiseE2_20260925T131030Z",477249,"python3",6.4,83544,54162,"python3 /wt/contributions/compute-benchmark/OsakaTX/scripts/nav_goal_seq.py --x 4 --y 4 --yaw 0 --every 22.0 --pause 2.0 --cancel --repeats 0"
2026-09-25T13:16:04Z,119,"noiseE2_20260925T131030Z",477293,"bash",0.5,4368,1343,"bash /wt/contributions/compute-benchmark/xbattlax/scripts/measure_ros_processes.sh --pattern python3|ros2|slam|nav2|component_container|nav_goal_seq --duration 380 --interval 2 --label noiseE2_20260925T131030Z --output /wt/contributions/compute-benchmark/OsakaTX/scripts/../results/combo2/noiseE2_20260925T131030Z.csv"
2026-09-25T13:16:06Z,120,"noiseE2_20260925T131030Z",408070,"python3",0.1,74124,46554,"/usr/bin/python3 -c from ros2cli.daemon.daemonize import main; main() --name ros2-daemon --ros-domain-id 0 --rmw-implementation rmw_fastrtps_cpp"
2026-09-25T13:16:06Z,120,"noiseE2_20260925T131030Z",477106,"python3",5.5,77208,48554,"python3 /wt/contributions/compute-benchmark/OsakaTX/scripts/synthetic_scan_publisher.py --duration 490 --loop-s 40 --hz 5.0 --noise 0.05"
2026-09-25T13:16:06Z,120,"noiseE2_20260925T131030Z",477122,"ros2",0.2,78924,50823,"/usr/bin/python3 /opt/ros/jazzy/bin/ros2 launch slam_toolbox online_async_launch.py slam_params_file:=/wt/contributions/compute-benchmark/OsakaTX/scripts/slam_toolbox_params.yaml use_sim_time:=False autostart:=true"
2026-09-25T13:16:06Z,120,"noiseE2_20260925T131030Z",477123,"ros2",0.5,83264,55420,"/usr/bin/python3 /opt/ros/jazzy/bin/ros2 launch nav2_bringup bringup_launch.py map:=/wt/contributions/compute-benchmark/OsakaTX/scripts/../results/combo2/combo2_nav2_map.yaml params_file:=/wt/contributions/compute-benchmark/OsakaTX/scripts/nav2_params_bench.yaml use_sim_time:=False autostart:=True slam:=False use_localization:=False"
2026-09-25T13:16:06Z,120,"noiseE2_20260925T131030Z",477142,"async_slam_tool",22.2,100248,80215,"/opt/ros/jazzy/lib/slam_toolbox/async_slam_toolbox_node --ros-args -r __node:=slam_toolbox -r __ns:=/ --params-file /wt/contributions/compute-benchmark/OsakaTX/scripts/slam_toolbox_params.yaml --params-file /tmp/launch_params_taqg3ax4"
2026-09-25T13:16:06Z,120,"noiseE2_20260925T131030Z",477175,"component_conta",46.4,167152,146958,"/opt/ros/jazzy/lib/rclcpp_components/component_container_isolated --ros-args --log-level info --ros-args -r __node:=nav2_container --params-file /tmp/launch_params_s9huhwju --params-file /tmp/launch_params_1wti_32f -r /tf:=tf -r /tf_static:=tf_static"
2026-09-25T13:16:06Z,120,"noiseE2_20260925T131030Z",477249,"python3",6.4,83544,54161,"python3 /wt/contributions/compute-benchmark/OsakaTX/scripts/nav_goal_seq.py --x 4 --y 4 --yaw 0 --every 22.0 --pause 2.0 --cancel --repeats 0"
2026-09-25T13:16:06Z,120,"noiseE2_20260925T131030Z",477293,"bash",0.5,4368,1344,"bash /wt/contributions/compute-benchmark/xbattlax/scripts/measure_ros_processes.sh --pattern python3|ros2|slam|nav2|component_container|nav_goal_seq --duration 380 --interval 2 --label noiseE2_20260925T131030Z --output /wt/contributions/compute-benchmark/OsakaTX/scripts/../results/combo2/noiseE2_20260925T131030Z.csv"
2026-09-25T13:16:09Z,121,"noiseE2_20260925T131030Z",408070,"python3",0.1,74124,46550,"/usr/bin/python3 -c from ros2cli.daemon.daemonize import main; main() --name ros2-daemon --ros-domain-id 0 --rmw-implementation rmw_fastrtps_cpp"
2026-09-25T13:16:09Z,121,"noiseE2_20260925T131030Z",477106,"python3",5.5,77208,48554,"python3 /wt/contributions/compute-benchmark/OsakaTX/scripts/synthetic_scan_publisher.py --duration 490 --loop-s 40 --hz 5.0 --noise 0.05"
2026-09-25T13:16:09Z,121,"noiseE2_20260925T131030Z",477122,"ros2",0.2,78924,50821,"/usr/bin/python3 /opt/ros/jazzy/bin/ros2 launch slam_toolbox online_async_launch.py slam_params_file:=/wt/contributions/compute-benchmark/OsakaTX/scripts/slam_toolbox_params.yaml use_sim_time:=False autostart:=true"
2026-09-25T13:16:09Z,121,"noiseE2_20260925T131030Z",477123,"ros2",0.5,83264,55421,"/usr/bin/python3 /opt/ros/jazzy/bin/ros2 launch nav2_bringup bringup_launch.py map:=/wt/contributions/compute-benchmark/OsakaTX/scripts/../results/combo2/combo2_nav2_map.yaml params_file:=/wt/contributions/compute-benchmark/OsakaTX/scripts/nav2_params_bench.yaml use_sim_time:=False autostart:=True slam:=False use_localization:=False"
2026-09-25T13:16:09Z,121,"noiseE2_20260925T131030Z",477142,"async_slam_tool",22.1,100384,80350,"/opt/ros/jazzy/lib/slam_toolbox/async_slam_toolbox_node --ros-args -r __node:=slam_toolbox -r __ns:=/ --params-file /wt/contributions/compute-benchmark/OsakaTX/scripts/slam_toolbox_params.yaml --params-file /tmp/launch_params_taqg3ax4"
2026-09-25T13:16:09Z,121,"noiseE2_20260925T131030Z",477175,"component_conta",46.4,167388,147194,"/opt/ros/jazzy/lib/rclcpp_components/component_container_isolated --ros-args --log-level info --ros-args -r __node:=nav2_container --params-file /tmp/launch_params_s9huhwju --params-file /tmp/launch_params_1wti_32f -r /tf:=tf -r /tf_static:=tf_static"
2026-09-25T13:16:09Z,121,"noiseE2_20260925T131030Z",477249,"python3",6.4,83544,54158,"python3 /wt/contributions/compute-benchmark/OsakaTX/scripts/nav_goal_seq.py --x 4 --y 4 --yaw 0 --every 22.0 --pause 2.0 --cancel --repeats 0"
2026-09-25T13:16:09Z,121,"noiseE2_20260925T131030Z",477293,"bash",0.5,4368,1335,"bash /wt/contributions/compute-benchmark/xbattlax/scripts/measure_ros_processes.sh --pattern python3|ros2|slam|nav2|component_container|nav_goal_seq --duration 380 --interval 2 --label noiseE2_20260925T131030Z --output /wt/contributions/compute-benchmark/OsakaTX/scripts/../results/combo2/noiseE2_20260925T131030Z.csv"
2026-09-25T13:16:11Z,122,"noiseE2_20260925T131030Z",408070,"python3",0.1,74124,46553,"/usr/bin/python3 -c from ros2cli.daemon.daemonize import main; main() --name ros2-daemon --ros-domain-id 0 --rmw-implementation rmw_fastrtps_cpp"
2026-09-25T13:16:11Z,122,"noiseE2_20260925T131030Z",477106,"python3",5.5,77208,48553,"python3 /wt/contributions/compute-benchmark/OsakaTX/scripts/synthetic_scan_publisher.py --duration 490 --loop-s 40 --hz 5.0 --noise 0.05"
2026-09-25T13:16:11Z,122,"noiseE2_20260925T131030Z",477122,"ros2",0.2,78924,50824,"/usr/bin/python3 /opt/ros/jazzy/bin/ros2 launch slam_toolbox online_async_launch.py slam_params_file:=/wt/contributions/compute-benchmark/OsakaTX/scripts/slam_toolbox_params.yaml use_sim_time:=False autostart:=true"
2026-09-25T13:16:11Z,122,"noiseE2_20260925T131030Z",477123,"ros2",0.5,83264,55421,"/usr/bin/python3 /opt/ros/jazzy/bin/ros2 launch nav2_bringup bringup_launch.py map:=/wt/contributions/compute-benchmark/OsakaTX/scripts/../results/combo2/combo2_nav2_map.yaml params_file:=/wt/contributions/compute-benchmark/OsakaTX/scripts/nav2_params_bench.yaml use_sim_time:=False autostart:=True slam:=False use_localization:=False"
2026-09-25T13:16:11Z,122,"noiseE2_20260925T131030Z",477142,"async_slam_tool",22.2,100944,80911,"/opt/ros/jazzy/lib/slam_toolbox/async_slam_toolbox_node --ros-args -r __node:=slam_toolbox -r __ns:=/ --params-file /wt/contributions/compute-benchmark/OsakaTX/scripts/slam_toolbox_params.yaml --params-file /tmp/launch_params_taqg3ax4"
2026-09-25T13:16:11Z,122,"noiseE2_20260925T131030Z",477175,"component_conta",46.4,167416,147224,"/opt/ros/jazzy/lib/rclcpp_components/component_container_isolated --ros-args --log-level info --ros-args -r __node:=nav2_container --params-file /tmp/launch_params_s9huhwju --params-file /tmp/launch_params_1wti_32f -r /tf:=tf -r /tf_static:=tf_static"
2026-09-25T13:16:11Z,122,"noiseE2_20260925T131030Z",477249,"python3",6.4,83544,54161,"python3 /wt/contributions/compute-benchmark/OsakaTX/scripts/nav_goal_seq.py --x 4 --y 4 --yaw 0 --every 22.0 --pause 2.0 --cancel --repeats 0"
2026-09-25T13:16:11Z,122,"noiseE2_20260925T131030Z",477293,"bash",0.5,4368,1341,"bash /wt/contributions/compute-benchmark/xbattlax/scripts/measure_ros_processes.sh --pattern python3|ros2|slam|nav2|component_container|nav_goal_seq --duration 380 --interval 2 --label noiseE2_20260925T131030Z --output /wt/contributions/compute-benchmark/OsakaTX/scripts/../results/combo2/noiseE2_20260925T131030Z.csv"
2026-09-25T13:16:13Z,123,"noiseE2_20260925T131030Z",408070,"python3",0.1,74124,46553,"/usr/bin/python3 -c from ros2cli.daemon.daemonize import main; main() --name ros2-daemon --ros-domain-id 0 --rmw-implementation rmw_fastrtps_cpp"
2026-09-25T13:16:13Z,123,"noiseE2_20260925T131030Z",477106,"python3",5.5,77208,48552,"python3 /wt/contributions/compute-benchmark/OsakaTX/scripts/synthetic_scan_publisher.py --duration 490 --loop-s 40 --hz 5.0 --noise 0.05"
2026-09-25T13:16:13Z,123,"noiseE2_20260925T131030Z",477122,"ros2",0.2,78924,50825,"/usr/bin/python3 /opt/ros/jazzy/bin/ros2 launch slam_toolbox online_async_launch.py slam_params_file:=/wt/contributions/compute-benchmark/OsakaTX/scripts/slam_toolbox_params.yaml use_sim_time:=False autostart:=true"
2026-09-25T13:16:13Z,123,"noiseE2_20260925T131030Z",477123,"ros2",0.5,83264,55421,"/usr/bin/python3 /opt/ros/jazzy/bin/ros2 launch nav2_bringup bringup_launch.py map:=/wt/contributions/compute-benchmark/OsakaTX/scripts/../results/combo2/combo2_nav2_map.yaml params_file:=/wt/contributions/compute-benchmark/OsakaTX/scripts/nav2_params_bench.yaml use_sim_time:=False autostart:=True slam:=False use_localization:=False"
2026-09-25T13:16:13Z,123,"noiseE2_20260925T131030Z",477142,"async_slam_tool",22.3,100956,80923,"/opt/ros/jazzy/lib/slam_toolbox/async_slam_toolbox_node --ros-args -r __node:=slam_toolbox -r __ns:=/ --params-file /wt/contributions/compute-benchmark/OsakaTX/scripts/slam_toolbox_params.yaml --params-file /tmp/launch_params_taqg3ax4"
2026-09-25T13:16:13Z,123,"noiseE2_20260925T131030Z",477175,"component_conta",46.5,167416,147224,"/opt/ros/jazzy/lib/rclcpp_components/component_container_isolated --ros-args --log-level info --ros-args -r __node:=nav2_container --params-file /tmp/launch_params_s9huhwju --params-file /tmp/launch_params_1wti_32f -r /tf:=tf -r /tf_static:=tf_static"
2026-09-25T13:16:13Z,123,"noiseE2_20260925T131030Z",477249,"python3",6.4,83544,54159,"python3 /wt/contributions/compute-benchmark/OsakaTX/scripts/nav_goal_seq.py --x 4 --y 4 --yaw 0 --every 22.0 --pause 2.0 --cancel --repeats 0"
2026-09-25T13:16:13Z,123,"noiseE2_20260925T131030Z",477293,"bash",0.5,4368,1344,"bash /wt/contributions/compute-benchmark/xbattlax/scripts/measure_ros_processes.sh --pattern python3|ros2|slam|nav2|component_container|nav_goal_seq --duration 380 --interval 2 --label noiseE2_20260925T131030Z --output /wt/contributions/compute-benchmark/OsakaTX/scripts/../results/combo2/noiseE2_20260925T131030Z.csv"
2026-09-25T13:16:16Z,124,"noiseE2_20260925T131030Z",408070,"python3",0.1,74124,46554,"/usr/bin/python3 -c from ros2cli.daemon.daemonize import main; main() --name ros2-daemon --ros-domain-id 0 --rmw-implementation rmw_fastrtps_cpp"
2026-09-25T13:16:16Z,124,"noiseE2_20260925T131030Z",477106,"python3",5.5,77208,48552,"python3 /wt/contributions/compute-benchmark/OsakaTX/scripts/synthetic_scan_publisher.py --duration 490 --loop-s 40 --hz 5.0 --noise 0.05"
2026-09-25T13:16:16Z,124,"noiseE2_20260925T131030Z",477122,"ros2",0.2,78924,50821,"/usr/bin/python3 /opt/ros/jazzy/bin/ros2 launch slam_toolbox online_async_launch.py slam_params_file:=/wt/contributions/compute-benchmark/OsakaTX/scripts/slam_toolbox_params.yaml use_sim_time:=False autostart:=true"
2026-09-25T13:16:16Z,124,"noiseE2_20260925T131030Z",477123,"ros2",0.5,83264,55421,"/usr/bin/python3 /opt/ros/jazzy/bin/ros2 launch nav2_bringup bringup_launch.py map:=/wt/contributions/compute-benchmark/OsakaTX/scripts/../results/combo2/combo2_nav2_map.yaml params_file:=/wt/contributions/compute-benchmark/OsakaTX/scripts/nav2_params_bench.yaml use_sim_time:=False autostart:=True slam:=False use_localization:=False"
2026-09-25T13:16:16Z,124,"noiseE2_20260925T131030Z",477142,"async_slam_tool",22.4,101568,81535,"/opt/ros/jazzy/lib/slam_toolbox/async_slam_toolbox_node --ros-args -r __node:=slam_toolbox -r __ns:=/ --params-file /wt/contributions/compute-benchmark/OsakaTX/scripts/slam_toolbox_params.yaml --params-file /tmp/launch_params_taqg3ax4"
2026-09-25T13:16:16Z,124,"noiseE2_20260925T131030Z",477175,"component_conta",46.5,167416,147224,"/opt/ros/jazzy/lib/rclcpp_components/component_container_isolated --ros-args --log-level info --ros-args -r __node:=nav2_container --params-file /tmp/launch_params_s9huhwju --params-file /tmp/launch_params_1wti_32f -r /tf:=tf -r /tf_static:=tf_static"
2026-09-25T13:16:16Z,124,"noiseE2_20260925T131030Z",477249,"python3",6.4,83544,54162,"python3 /wt/contributions/compute-benchmark/OsakaTX/scripts/nav_goal_seq.py --x 4 --y 4 --yaw 0 --every 22.0 --pause 2.0 --cancel --repeats 0"
2026-09-25T13:16:16Z,124,"noiseE2_20260925T131030Z",477293,"bash",0.5,4368,1338,"bash /wt/contributions/compute-benchmark/xbattlax/scripts/measure_ros_processes.sh --pattern python3|ros2|slam|nav2|component_container|nav_goal_seq --duration 380 --interval 2 --label noiseE2_20260925T131030Z --output /wt/contributions/compute-benchmark/OsakaTX/scripts/../results/combo2/noiseE2_20260925T131030Z.csv"
2026-09-25T13:16:18Z,125,"noiseE2_20260925T131030Z",408070,"python3",0.1,74124,46554,"/usr/bin/python3 -c from ros2cli.daemon.daemonize import main; main() --name ros2-daemon --ros-domain-id 0 --rmw-implementation rmw_fastrtps_cpp"
2026-09-25T13:16:18Z,125,"noiseE2_20260925T131030Z",477106,"python3",5.5,77208,48552,"python3 /wt/contributions/compute-benchmark/OsakaTX/scripts/synthetic_scan_publisher.py --duration 490 --loop-s 40 --hz 5.0 --noise 0.05"
2026-09-25T13:16:18Z,125,"noiseE2_20260925T131030Z",477122,"ros2",0.2,78924,50821,"/usr/bin/python3 /opt/ros/jazzy/bin/ros2 launch slam_toolbox online_async_launch.py slam_params_file:=/wt/contributions/compute-benchmark/OsakaTX/scripts/slam_toolbox_params.yaml use_sim_time:=False autostart:=true"
2026-09-25T13:16:18Z,125,"noiseE2_20260925T131030Z",477123,"ros2",0.5,83264,55422,"/usr/bin/python3 /opt/ros/jazzy/bin/ros2 launch nav2_bringup bringup_launch.py map:=/wt/contributions/compute-benchmark/OsakaTX/scripts/../results/combo2/combo2_nav2_map.yaml params_file:=/wt/contributions/compute-benchmark/OsakaTX/scripts/nav2_params_bench.yaml use_sim_time:=False autostart:=True slam:=False use_localization:=False"
2026-09-25T13:16:18Z,125,"noiseE2_20260925T131030Z",477142,"async_slam_tool",22.5,101580,81547,"/opt/ros/jazzy/lib/slam_toolbox/async_slam_toolbox_node --ros-args -r __node:=slam_toolbox -r __ns:=/ --params-file /wt/contributions/compute-benchmark/OsakaTX/scripts/slam_toolbox_params.yaml --params-file /tmp/launch_params_taqg3ax4"
2026-09-25T13:16:18Z,125,"noiseE2_20260925T131030Z",477175,"component_conta",46.4,171876,151682,"/opt/ros/jazzy/lib/rclcpp_components/component_container_isolated --ros-args --log-level info --ros-args -r __node:=nav2_container --params-file /tmp/launch_params_s9huhwju --params-file /tmp/launch_params_1wti_32f -r /tf:=tf -r /tf_static:=tf_static"
2026-09-25T13:16:18Z,125,"noiseE2_20260925T131030Z",477249,"python3",6.4,83548,54166,"python3 /wt/contributions/compute-benchmark/OsakaTX/scripts/nav_goal_seq.py --x 4 --y 4 --yaw 0 --every 22.0 --pause 2.0 --cancel --repeats 0"
2026-09-25T13:16:18Z,125,"noiseE2_20260925T131030Z",477293,"bash",0.5,4368,1342,"bash /wt/contributions/compute-benchmark/xbattlax/scripts/measure_ros_processes.sh --pattern python3|ros2|slam|nav2|component_container|nav_goal_seq --duration 380 --interval 2 --label noiseE2_20260925T131030Z --output /wt/contributions/compute-benchmark/OsakaTX/scripts/../results/combo2/noiseE2_20260925T131030Z.csv"
2026-09-25T13:16:21Z,126,"noiseE2_20260925T131030Z",408070,"python3",0.1,74124,46553,"/usr/bin/python3 -c from ros2cli.daemon.daemonize import main; main() --name ros2-daemon --ros-domain-id 0 --rmw-implementation rmw_fastrtps_cpp"
2026-09-25T13:16:21Z,126,"noiseE2_20260925T131030Z",477106,"python3",5.5,77208,48551,"python3 /wt/contributions/compute-benchmark/OsakaTX/scripts/synthetic_scan_publisher.py --duration 490 --loop-s 40 --hz 5.0 --noise 0.05"
2026-09-25T13:16:21Z,126,"noiseE2_20260925T131030Z",477122,"ros2",0.2,78924,50825,"/usr/bin/python3 /opt/ros/jazzy/bin/ros2 launch slam_toolbox online_async_launch.py slam_params_file:=/wt/contributions/compute-benchmark/OsakaTX/scripts/slam_toolbox_params.yaml use_sim_time:=False autostart:=true"
2026-09-25T13:16:21Z,126,"noiseE2_20260925T131030Z",477123,"ros2",0.5,83264,55420,"/usr/bin/python3 /opt/ros/jazzy/bin/ros2 launch nav2_bringup bringup_launch.py map:=/wt/contributions/compute-benchmark/OsakaTX/scripts/../results/combo2/combo2_nav2_map.yaml params_file:=/wt/contributions/compute-benchmark/OsakaTX/scripts/nav2_params_bench.yaml use_sim_time:=False autostart:=True slam:=False use_localization:=False"
2026-09-25T13:16:21Z,126,"noiseE2_20260925T131030Z",477142,"async_slam_tool",22.5,101772,81739,"/opt/ros/jazzy/lib/slam_toolbox/async_slam_toolbox_node --ros-args -r __node:=slam_toolbox -r __ns:=/ --params-file /wt/contributions/compute-benchmark/OsakaTX/scripts/slam_toolbox_params.yaml --params-file /tmp/launch_params_taqg3ax4"
2026-09-25T13:16:21Z,126,"noiseE2_20260925T131030Z",477175,"component_conta",46.5,170884,150689,"/opt/ros/jazzy/lib/rclcpp_components/component_container_isolated --ros-args --log-level info --ros-args -r __node:=nav2_container --params-file /tmp/launch_params_s9huhwju --params-file /tmp/launch_params_1wti_32f -r /tf:=tf -r /tf_static:=tf_static"
2026-09-25T13:16:21Z,126,"noiseE2_20260925T131030Z",477249,"python3",6.4,83548,54164,"python3 /wt/contributions/compute-benchmark/OsakaTX/scripts/nav_goal_seq.py --x 4 --y 4 --yaw 0 --every 22.0 --pause 2.0 --cancel --repeats 0"
2026-09-25T13:16:21Z,126,"noiseE2_20260925T131030Z",477293,"bash",0.5,4368,1343,"bash /wt/contributions/compute-benchmark/xbattlax/scripts/measure_ros_processes.sh --pattern python3|ros2|slam|nav2|component_container|nav_goal_seq --duration 380 --interval 2 --label noiseE2_20260925T131030Z --output /wt/contributions/compute-benchmark/OsakaTX/scripts/../results/combo2/noiseE2_20260925T131030Z.csv"
2026-09-25T13:16:23Z,127,"noiseE2_20260925T131030Z",408070,"python3",0.1,74124,46554,"/usr/bin/python3 -c from ros2cli.daemon.daemonize import main; main() --name ros2-daemon --ros-domain-id 0 --rmw-implementation rmw_fastrtps_cpp"
2026-09-25T13:16:23Z,127,"noiseE2_20260925T131030Z",477106,"python3",5.5,77208,48552,"python3 /wt/contributions/compute-benchmark/OsakaTX/scripts/synthetic_scan_publisher.py --duration 490 --loop-s 40 --hz 5.0 --noise 0.05"
2026-09-25T13:16:23Z,127,"noiseE2_20260925T131030Z",477122,"ros2",0.2,78924,50824,"/usr/bin/python3 /opt/ros/jazzy/bin/ros2 launch slam_toolbox online_async_launch.py slam_params_file:=/wt/contributions/compute-benchmark/OsakaTX/scripts/slam_toolbox_params.yaml use_sim_time:=False autostart:=true"
2026-09-25T13:16:23Z,127,"noiseE2_20260925T131030Z",477123,"ros2",0.5,83264,55420,"/usr/bin/python3 /opt/ros/jazzy/bin/ros2 launch nav2_bringup bringup_launch.py map:=/wt/contributions/compute-benchmark/OsakaTX/scripts/../results/combo2/combo2_nav2_map.yaml params_file:=/wt/contributions/compute-benchmark/OsakaTX/scripts/nav2_params_bench.yaml use_sim_time:=False autostart:=True slam:=False use_localization:=False"
2026-09-25T13:16:23Z,127,"noiseE2_20260925T131030Z",477142,"async_slam_tool",22.6,102348,82315,"/opt/ros/jazzy/lib/slam_toolbox/async_slam_toolbox_node --ros-args -r __node:=slam_toolbox -r __ns:=/ --params-file /wt/contributions/compute-benchmark/OsakaTX/scripts/slam_toolbox_params.yaml --params-file /tmp/launch_params_taqg3ax4"
2026-09-25T13:16:23Z,127,"noiseE2_20260925T131030Z",477175,"component_conta",46.5,174848,154656,"/opt/ros/jazzy/lib/rclcpp_components/component_container_isolated --ros-args --log-level info --ros-args -r __node:=nav2_container --params-file /tmp/launch_params_s9huhwju --params-file /tmp/launch_params_1wti_32f -r /tf:=tf -r /tf_static:=tf_static"
2026-09-25T13:16:23Z,127,"noiseE2_20260925T131030Z",477249,"python3",6.4,83548,54166,"python3 /wt/contributions/compute-benchmark/OsakaTX/scripts/nav_goal_seq.py --x 4 --y 4 --yaw 0 --every 22.0 --pause 2.0 --cancel --repeats 0"
2026-09-25T13:16:23Z,127,"noiseE2_20260925T131030Z",477293,"bash",0.5,4368,1339,"bash /wt/contributions/compute-benchmark/xbattlax/scripts/measure_ros_processes.sh --pattern python3|ros2|slam|nav2|component_container|nav_goal_seq --duration 380 --interval 2 --label noiseE2_20260925T131030Z --output /wt/contributions/compute-benchmark/OsakaTX/scripts/../results/combo2/noiseE2_20260925T131030Z.csv"
2026-09-25T13:16:25Z,128,"noiseE2_20260925T131030Z",408070,"python3",0.1,74124,46553,"/usr/bin/python3 -c from ros2cli.daemon.daemonize import main; main() --name ros2-daemon --ros-domain-id 0 --rmw-implementation rmw_fastrtps_cpp"
2026-09-25T13:16:25Z,128,"noiseE2_20260925T131030Z",477106,"python3",5.5,77208,48553,"python3 /wt/contributions/compute-benchmark/OsakaTX/scripts/synthetic_scan_publisher.py --duration 490 --loop-s 40 --hz 5.0 --noise 0.05"
2026-09-25T13:16:25Z,128,"noiseE2_20260925T131030Z",477122,"ros2",0.2,78924,50823,"/usr/bin/python3 /opt/ros/jazzy/bin/ros2 launch slam_toolbox online_async_launch.py slam_params_file:=/wt/contributions/compute-benchmark/OsakaTX/scripts/slam_toolbox_params.yaml use_sim_time:=False autostart:=true"
2026-09-25T13:16:25Z,128,"noiseE2_20260925T131030Z",477123,"ros2",0.5,83264,55421,"/usr/bin/python3 /opt/ros/jazzy/bin/ros2 launch nav2_bringup bringup_launch.py map:=/wt/contributions/compute-benchmark/OsakaTX/scripts/../results/combo2/combo2_nav2_map.yaml params_file:=/wt/contributions/compute-benchmark/OsakaTX/scripts/nav2_params_bench.yaml use_sim_time:=False autostart:=True slam:=False use_localization:=False"
2026-09-25T13:16:25Z,128,"noiseE2_20260925T131030Z",477142,"async_slam_tool",22.7,102360,82327,"/opt/ros/jazzy/lib/slam_toolbox/async_slam_toolbox_node --ros-args -r __node:=slam_toolbox -r __ns:=/ --params-file /wt/contributions/compute-benchmark/OsakaTX/scripts/slam_toolbox_params.yaml --params-file /tmp/launch_params_taqg3ax4"
2026-09-25T13:16:25Z,128,"noiseE2_20260925T131030Z",477175,"component_conta",46.6,171828,151636,"/opt/ros/jazzy/lib/rclcpp_components/component_container_isolated --ros-args --log-level info --ros-args -r __node:=nav2_container --params-file /tmp/launch_params_s9huhwju --params-file /tmp/launch_params_1wti_32f -r /tf:=tf -r /tf_static:=tf_static"
2026-09-25T13:16:25Z,128,"noiseE2_20260925T131030Z",477249,"python3",6.4,83548,54164,"python3 /wt/contributions/compute-benchmark/OsakaTX/scripts/nav_goal_seq.py --x 4 --y 4 --yaw 0 --every 22.0 --pause 2.0 --cancel --repeats 0"
2026-09-25T13:16:25Z,128,"noiseE2_20260925T131030Z",477293,"bash",0.5,4368,1339,"bash /wt/contributions/compute-benchmark/xbattlax/scripts/measure_ros_processes.sh --pattern python3|ros2|slam|nav2|component_container|nav_goal_seq --duration 380 --interval 2 --label noiseE2_20260925T131030Z --output /wt/contributions/compute-benchmark/OsakaTX/scripts/../results/combo2/noiseE2_20260925T131030Z.csv"
2026-09-25T13:16:28Z,129,"noiseE2_20260925T131030Z",408070,"python3",0.1,74124,46554,"/usr/bin/python3 -c from ros2cli.daemon.daemonize import main; main() --name ros2-daemon --ros-domain-id 0 --rmw-implementation rmw_fastrtps_cpp"
2026-09-25T13:16:28Z,129,"noiseE2_20260925T131030Z",477106,"python3",5.5,77208,48551,"python3 /wt/contributions/compute-benchmark/OsakaTX/scripts/synthetic_scan_publisher.py --duration 490 --loop-s 40 --hz 5.0 --noise 0.05"
2026-09-25T13:16:28Z,129,"noiseE2_20260925T131030Z",477122,"ros2",0.2,78924,50824,"/usr/bin/python3 /opt/ros/jazzy/bin/ros2 launch slam_toolbox online_async_launch.py slam_params_file:=/wt/contributions/compute-benchmark/OsakaTX/scripts/slam_toolbox_params.yaml use_sim_time:=False autostart:=true"
2026-09-25T13:16:28Z,129,"noiseE2_20260925T131030Z",477123,"ros2",0.5,83264,55415,"/usr/bin/python3 /opt/ros/jazzy/bin/ros2 launch nav2_bringup bringup_launch.py map:=/wt/contributions/compute-benchmark/OsakaTX/scripts/../results/combo2/combo2_nav2_map.yaml params_file:=/wt/contributions/compute-benchmark/OsakaTX/scripts/nav2_params_bench.yaml use_sim_time:=False autostart:=True slam:=False use_localization:=False"
2026-09-25T13:16:28Z,129,"noiseE2_20260925T131030Z",477142,"async_slam_tool",22.8,103052,83018,"/opt/ros/jazzy/lib/slam_toolbox/async_slam_toolbox_node --ros-args -r __node:=slam_toolbox -r __ns:=/ --params-file /wt/contributions/compute-benchmark/OsakaTX/scripts/slam_toolbox_params.yaml --params-file /tmp/launch_params_taqg3ax4"
2026-09-25T13:16:28Z,129,"noiseE2_20260925T131030Z",477175,"component_conta",46.6,171800,151605,"/opt/ros/jazzy/lib/rclcpp_components/component_container_isolated --ros-args --log-level info --ros-args -r __node:=nav2_container --params-file /tmp/launch_params_s9huhwju --params-file /tmp/launch_params_1wti_32f -r /tf:=tf -r /tf_static:=tf_static"
2026-09-25T13:16:28Z,129,"noiseE2_20260925T131030Z",477249,"python3",6.4,83548,54165,"python3 /wt/contributions/compute-benchmark/OsakaTX/scripts/nav_goal_seq.py --x 4 --y 4 --yaw 0 --every 22.0 --pause 2.0 --cancel --repeats 0"
2026-09-25T13:16:28Z,129,"noiseE2_20260925T131030Z",477293,"bash",0.5,4368,1341,"bash /wt/contributions/compute-benchmark/xbattlax/scripts/measure_ros_processes.sh --pattern python3|ros2|slam|nav2|component_container|nav_goal_seq --duration 380 --interval 2 --label noiseE2_20260925T131030Z --output /wt/contributions/compute-benchmark/OsakaTX/scripts/../results/combo2/noiseE2_20260925T131030Z.csv"
2026-09-25T13:16:30Z,130,"noiseE2_20260925T131030Z",408070,"python3",0.1,74124,46550,"/usr/bin/python3 -c from ros2cli.daemon.daemonize import main; main() --name ros2-daemon --ros-domain-id 0 --rmw-implementation rmw_fastrtps_cpp"
2026-09-25T13:16:30Z,130,"noiseE2_20260925T131030Z",477106,"python3",5.5,77208,48552,"python3 /wt/contributions/compute-benchmark/OsakaTX/scripts/synthetic_scan_publisher.py --duration 490 --loop-s 40 --hz 5.0 --noise 0.05"
2026-09-25T13:16:30Z,130,"noiseE2_20260925T131030Z",477122,"ros2",0.2,78924,50824,"/usr/bin/python3 /opt/ros/jazzy/bin/ros2 launch slam_toolbox online_async_launch.py slam_params_file:=/wt/contributions/compute-benchmark/OsakaTX/scripts/slam_toolbox_params.yaml use_sim_time:=False autostart:=true"
2026-09-25T13:16:30Z,130,"noiseE2_20260925T131030Z",477123,"ros2",0.5,83264,55421,"/usr/bin/python3 /opt/ros/jazzy/bin/ros2 launch nav2_bringup bringup_launch.py map:=/wt/contributions/compute-benchmark/OsakaTX/scripts/../results/combo2/combo2_nav2_map.yaml params_file:=/wt/contributions/compute-benchmark/OsakaTX/scripts/nav2_params_bench.yaml use_sim_time:=False autostart:=True slam:=False use_localization:=False"
2026-09-25T13:16:30Z,130,"noiseE2_20260925T131030Z",477142,"async_slam_tool",22.9,103064,83030,"/opt/ros/jazzy/lib/slam_toolbox/async_slam_toolbox_node --ros-args -r __node:=slam_toolbox -r __ns:=/ --params-file /wt/contributions/compute-benchmark/OsakaTX/scripts/slam_toolbox_params.yaml --params-file /tmp/launch_params_taqg3ax4"
2026-09-25T13:16:30Z,130,"noiseE2_20260925T131030Z",477175,"component_conta",46.5,172008,151816,"/opt/ros/jazzy/lib/rclcpp_components/component_container_isolated --ros-args --log-level info --ros-args -r __node:=nav2_container --params-file /tmp/launch_params_s9huhwju --params-file /tmp/launch_params_1wti_32f -r /tf:=tf -r /tf_static:=tf_static"
2026-09-25T13:16:30Z,130,"noiseE2_20260925T131030Z",477249,"python3",6.3,83552,54169,"python3 /wt/contributions/compute-benchmark/OsakaTX/scripts/nav_goal_seq.py --x 4 --y 4 --yaw 0 --every 22.0 --pause 2.0 --cancel --repeats 0"
2026-09-25T13:16:30Z,130,"noiseE2_20260925T131030Z",477293,"bash",0.5,4368,1343,"bash /wt/contributions/compute-benchmark/xbattlax/scripts/measure_ros_processes.sh --pattern python3|ros2|slam|nav2|component_container|nav_goal_seq --duration 380 --interval 2 --label noiseE2_20260925T131030Z --output /wt/contributions/compute-benchmark/OsakaTX/scripts/../results/combo2/noiseE2_20260925T131030Z.csv"
2026-09-25T13:16:33Z,131,"noiseE2_20260925T131030Z",408070,"python3",0.1,74124,46554,"/usr/bin/python3 -c from ros2cli.daemon.daemonize import main; main() --name ros2-daemon --ros-domain-id 0 --rmw-implementation rmw_fastrtps_cpp"
2026-09-25T13:16:33Z,131,"noiseE2_20260925T131030Z",477106,"python3",5.5,77208,48553,"python3 /wt/contributions/compute-benchmark/OsakaTX/scripts/synthetic_scan_publisher.py --duration 490 --loop-s 40 --hz 5.0 --noise 0.05"
2026-09-25T13:16:33Z,131,"noiseE2_20260925T131030Z",477122,"ros2",0.2,78924,50824,"/usr/bin/python3 /opt/ros/jazzy/bin/ros2 launch slam_toolbox online_async_launch.py slam_params_file:=/wt/contributions/compute-benchmark/OsakaTX/scripts/slam_toolbox_params.yaml use_sim_time:=False autostart:=true"
2026-09-25T13:16:33Z,131,"noiseE2_20260925T131030Z",477123,"ros2",0.5,83264,55422,"/usr/bin/python3 /opt/ros/jazzy/bin/ros2 launch nav2_bringup bringup_launch.py map:=/wt/contributions/compute-benchmark/OsakaTX/scripts/../results/combo2/combo2_nav2_map.yaml params_file:=/wt/contributions/compute-benchmark/OsakaTX/scripts/nav2_params_bench.yaml use_sim_time:=False autostart:=True slam:=False use_localization:=False"
2026-09-25T13:16:33Z,131,"noiseE2_20260925T131030Z",477142,"async_slam_tool",22.8,103164,83130,"/opt/ros/jazzy/lib/slam_toolbox/async_slam_toolbox_node --ros-args -r __node:=slam_toolbox -r __ns:=/ --params-file /wt/contributions/compute-benchmark/OsakaTX/scripts/slam_toolbox_params.yaml --params-file /tmp/launch_params_taqg3ax4"
2026-09-25T13:16:33Z,131,"noiseE2_20260925T131030Z",477175,"component_conta",46.5,171820,151628,"/opt/ros/jazzy/lib/rclcpp_components/component_container_isolated --ros-args --log-level info --ros-args -r __node:=nav2_container --params-file /tmp/launch_params_s9huhwju --params-file /tmp/launch_params_1wti_32f -r /tf:=tf -r /tf_static:=tf_static"
2026-09-25T13:16:33Z,131,"noiseE2_20260925T131030Z",477249,"python3",6.3,83552,54168,"python3 /wt/contributions/compute-benchmark/OsakaTX/scripts/nav_goal_seq.py --x 4 --y 4 --yaw 0 --every 22.0 --pause 2.0 --cancel --repeats 0"
2026-09-25T13:16:33Z,131,"noiseE2_20260925T131030Z",477293,"bash",0.5,4368,1343,"bash /wt/contributions/compute-benchmark/xbattlax/scripts/measure_ros_processes.sh --pattern python3|ros2|slam|nav2|component_container|nav_goal_seq --duration 380 --interval 2 --label noiseE2_20260925T131030Z --output /wt/contributions/compute-benchmark/OsakaTX/scripts/../results/combo2/noiseE2_20260925T131030Z.csv"
2026-09-25T13:16:35Z,132,"noiseE2_20260925T131030Z",408070,"python3",0.1,74124,46555,"/usr/bin/python3 -c from ros2cli.daemon.daemonize import main; main() --name ros2-daemon --ros-domain-id 0 --rmw-implementation rmw_fastrtps_cpp"
2026-09-25T13:16:35Z,132,"noiseE2_20260925T131030Z",477106,"python3",5.5,77208,48552,"python3 /wt/contributions/compute-benchmark/OsakaTX/scripts/synthetic_scan_publisher.py --duration 490 --loop-s 40 --hz 5.0 --noise 0.05"
2026-09-25T13:16:35Z,132,"noiseE2_20260925T131030Z",477122,"ros2",0.2,78924,50825,"/usr/bin/python3 /opt/ros/jazzy/bin/ros2 launch slam_toolbox online_async_launch.py slam_params_file:=/wt/contributions/compute-benchmark/OsakaTX/scripts/slam_toolbox_params.yaml use_sim_time:=False autostart:=true"
2026-09-25T13:16:35Z,132,"noiseE2_20260925T131030Z",477123,"ros2",0.5,83264,55417,"/usr/bin/python3 /opt/ros/jazzy/bin/ros2 launch nav2_bringup bringup_launch.py map:=/wt/contributions/compute-benchmark/OsakaTX/scripts/../results/combo2/combo2_nav2_map.yaml params_file:=/wt/contributions/compute-benchmark/OsakaTX/scripts/nav2_params_bench.yaml use_sim_time:=False autostart:=True slam:=False use_localization:=False"
2026-09-25T13:16:35Z,132,"noiseE2_20260925T131030Z",477142,"async_slam_tool",22.9,103760,83727,"/opt/ros/jazzy/lib/slam_toolbox/async_slam_toolbox_node --ros-args -r __node:=slam_toolbox -r __ns:=/ --params-file /wt/contributions/compute-benchmark/OsakaTX/scripts/slam_toolbox_params.yaml --params-file /tmp/launch_params_taqg3ax4"
2026-09-25T13:16:35Z,132,"noiseE2_20260925T131030Z",477175,"component_conta",46.5,171796,151603,"/opt/ros/jazzy/lib/rclcpp_components/component_container_isolated --ros-args --log-level info --ros-args -r __node:=nav2_container --params-file /tmp/launch_params_s9huhwju --params-file /tmp/launch_params_1wti_32f -r /tf:=tf -r /tf_static:=tf_static"
2026-09-25T13:16:35Z,132,"noiseE2_20260925T131030Z",477249,"python3",6.3,83552,54170,"python3 /wt/contributions/compute-benchmark/OsakaTX/scripts/nav_goal_seq.py --x 4 --y 4 --yaw 0 --every 22.0 --pause 2.0 --cancel --repeats 0"
2026-09-25T13:16:35Z,132,"noiseE2_20260925T131030Z",477293,"bash",0.5,4368,1343,"bash /wt/contributions/compute-benchmark/xbattlax/scripts/measure_ros_processes.sh --pattern python3|ros2|slam|nav2|component_container|nav_goal_seq --duration 380 --interval 2 --label noiseE2_20260925T131030Z --output /wt/contributions/compute-benchmark/OsakaTX/scripts/../results/combo2/noiseE2_20260925T131030Z.csv"
2026-09-25T13:16:37Z,133,"noiseE2_20260925T131030Z",408070,"python3",0.1,74124,46554,"/usr/bin/python3 -c from ros2cli.daemon.daemonize import main; main() --name ros2-daemon --ros-domain-id 0 --rmw-implementation rmw_fastrtps_cpp"
2026-09-25T13:16:37Z,133,"noiseE2_20260925T131030Z",477106,"python3",5.5,77208,48552,"python3 /wt/contributions/compute-benchmark/OsakaTX/scripts/synthetic_scan_publisher.py --duration 490 --loop-s 40 --hz 5.0 --noise 0.05"
2026-09-25T13:16:37Z,133,"noiseE2_20260925T131030Z",477122,"ros2",0.2,78924,50821,"/usr/bin/python3 /opt/ros/jazzy/bin/ros2 launch slam_toolbox online_async_launch.py slam_params_file:=/wt/contributions/compute-benchmark/OsakaTX/scripts/slam_toolbox_params.yaml use_sim_time:=False autostart:=true"
2026-09-25T13:16:37Z,133,"noiseE2_20260925T131030Z",477123,"ros2",0.5,83264,55421,"/usr/bin/python3 /opt/ros/jazzy/bin/ros2 launch nav2_bringup bringup_launch.py map:=/wt/contributions/compute-benchmark/OsakaTX/scripts/../results/combo2/combo2_nav2_map.yaml params_file:=/wt/contributions/compute-benchmark/OsakaTX/scripts/nav2_params_bench.yaml use_sim_time:=False autostart:=True slam:=False use_localization:=False"
2026-09-25T13:16:37Z,133,"noiseE2_20260925T131030Z",477142,"async_slam_tool",23.0,103772,83739,"/opt/ros/jazzy/lib/slam_toolbox/async_slam_toolbox_node --ros-args -r __node:=slam_toolbox -r __ns:=/ --params-file /wt/contributions/compute-benchmark/OsakaTX/scripts/slam_toolbox_params.yaml --params-file /tmp/launch_params_taqg3ax4"
2026-09-25T13:16:37Z,133,"noiseE2_20260925T131030Z",477175,"component_conta",46.4,171820,151625,"/opt/ros/jazzy/lib/rclcpp_components/component_container_isolated --ros-args --log-level info --ros-args -r __node:=nav2_container --params-file /tmp/launch_params_s9huhwju --params-file /tmp/launch_params_1wti_32f -r /tf:=tf -r /tf_static:=tf_static"
2026-09-25T13:16:37Z,133,"noiseE2_20260925T131030Z",477249,"python3",6.3,83552,54170,"python3 /wt/contributions/compute-benchmark/OsakaTX/scripts/nav_goal_seq.py --x 4 --y 4 --yaw 0 --every 22.0 --pause 2.0 --cancel --repeats 0"
2026-09-25T13:16:37Z,133,"noiseE2_20260925T131030Z",477293,"bash",0.5,4368,1344,"bash /wt/contributions/compute-benchmark/xbattlax/scripts/measure_ros_processes.sh --pattern python3|ros2|slam|nav2|component_container|nav_goal_seq --duration 380 --interval 2 --label noiseE2_20260925T131030Z --output /wt/contributions/compute-benchmark/OsakaTX/scripts/../results/combo2/noiseE2_20260925T131030Z.csv"
2026-09-25T13:16:40Z,134,"noiseE2_20260925T131030Z",408070,"python3",0.1,74124,46550,"/usr/bin/python3 -c from ros2cli.daemon.daemonize import main; main() --name ros2-daemon --ros-domain-id 0 --rmw-implementation rmw_fastrtps_cpp"
2026-09-25T13:16:40Z,134,"noiseE2_20260925T131030Z",477106,"python3",5.5,77208,48552,"python3 /wt/contributions/compute-benchmark/OsakaTX/scripts/synthetic_scan_publisher.py --duration 490 --loop-s 40 --hz 5.0 --noise 0.05"
2026-09-25T13:16:40Z,134,"noiseE2_20260925T131030Z",477122,"ros2",0.2,78924,50821,"/usr/bin/python3 /opt/ros/jazzy/bin/ros2 launch slam_toolbox online_async_launch.py slam_params_file:=/wt/contributions/compute-benchmark/OsakaTX/scripts/slam_toolbox_params.yaml use_sim_time:=False autostart:=true"
2026-09-25T13:16:40Z,134,"noiseE2_20260925T131030Z",477123,"ros2",0.5,83264,55422,"/usr/bin/python3 /opt/ros/jazzy/bin/ros2 launch nav2_bringup bringup_launch.py map:=/wt/contributions/compute-benchmark/OsakaTX/scripts/../results/combo2/combo2_nav2_map.yaml params_file:=/wt/contributions/compute-benchmark/OsakaTX/scripts/nav2_params_bench.yaml use_sim_time:=False autostart:=True slam:=False use_localization:=False"
2026-09-25T13:16:40Z,134,"noiseE2_20260925T131030Z",477142,"async_slam_tool",23.1,104028,83994,"/opt/ros/jazzy/lib/slam_toolbox/async_slam_toolbox_node --ros-args -r __node:=slam_toolbox -r __ns:=/ --params-file /wt/contributions/compute-benchmark/OsakaTX/scripts/slam_toolbox_params.yaml --params-file /tmp/launch_params_taqg3ax4"
2026-09-25T13:16:40Z,134,"noiseE2_20260925T131030Z",477175,"component_conta",46.5,171824,151630,"/opt/ros/jazzy/lib/rclcpp_components/component_container_isolated --ros-args --log-level info --ros-args -r __node:=nav2_container --params-file /tmp/launch_params_s9huhwju --params-file /tmp/launch_params_1wti_32f -r /tf:=tf -r /tf_static:=tf_static"
2026-09-25T13:16:40Z,134,"noiseE2_20260925T131030Z",477249,"python3",6.3,83552,54170,"python3 /wt/contributions/compute-benchmark/OsakaTX/scripts/nav_goal_seq.py --x 4 --y 4 --yaw 0 --every 22.0 --pause 2.0 --cancel --repeats 0"
2026-09-25T13:16:40Z,134,"noiseE2_20260925T131030Z",477293,"bash",0.5,4368,1335,"bash /wt/contributions/compute-benchmark/xbattlax/scripts/measure_ros_processes.sh --pattern python3|ros2|slam|nav2|component_container|nav_goal_seq --duration 380 --interval 2 --label noiseE2_20260925T131030Z --output /wt/contributions/compute-benchmark/OsakaTX/scripts/../results/combo2/noiseE2_20260925T131030Z.csv"
2026-09-25T13:16:42Z,135,"noiseE2_20260925T131030Z",408070,"python3",0.1,74124,46553,"/usr/bin/python3 -c from ros2cli.daemon.daemonize import main; main() --name ros2-daemon --ros-domain-id 0 --rmw-implementation rmw_fastrtps_cpp"
2026-09-25T13:16:42Z,135,"noiseE2_20260925T131030Z",477106,"python3",5.5,77208,48553,"python3 /wt/contributions/compute-benchmark/OsakaTX/scripts/synthetic_scan_publisher.py --duration 490 --loop-s 40 --hz 5.0 --noise 0.05"
2026-09-25T13:16:42Z,135,"noiseE2_20260925T131030Z",477122,"ros2",0.2,78924,50822,"/usr/bin/python3 /opt/ros/jazzy/bin/ros2 launch slam_toolbox online_async_launch.py slam_params_file:=/wt/contributions/compute-benchmark/OsakaTX/scripts/slam_toolbox_params.yaml use_sim_time:=False autostart:=true"
2026-09-25T13:16:42Z,135,"noiseE2_20260925T131030Z",477123,"ros2",0.4,83264,55420,"/usr/bin/python3 /opt/ros/jazzy/bin/ros2 launch nav2_bringup bringup_launch.py map:=/wt/contributions/compute-benchmark/OsakaTX/scripts/../results/combo2/combo2_nav2_map.yaml params_file:=/wt/contributions/compute-benchmark/OsakaTX/scripts/nav2_params_bench.yaml use_sim_time:=False autostart:=True slam:=False use_localization:=False"
2026-09-25T13:16:42Z,135,"noiseE2_20260925T131030Z",477142,"async_slam_tool",23.1,104484,84451,"/opt/ros/jazzy/lib/slam_toolbox/async_slam_toolbox_node --ros-args -r __node:=slam_toolbox -r __ns:=/ --params-file /wt/contributions/compute-benchmark/OsakaTX/scripts/slam_toolbox_params.yaml --params-file /tmp/launch_params_taqg3ax4"
2026-09-25T13:16:42Z,135,"noiseE2_20260925T131030Z",477175,"component_conta",46.5,169772,149580,"/opt/ros/jazzy/lib/rclcpp_components/component_container_isolated --ros-args --log-level info --ros-args -r __node:=nav2_container --params-file /tmp/launch_params_s9huhwju --params-file /tmp/launch_params_1wti_32f -r /tf:=tf -r /tf_static:=tf_static"
2026-09-25T13:16:42Z,135,"noiseE2_20260925T131030Z",477249,"python3",6.3,83552,54169,"python3 /wt/contributions/compute-benchmark/OsakaTX/scripts/nav_goal_seq.py --x 4 --y 4 --yaw 0 --every 22.0 --pause 2.0 --cancel --repeats 0"
2026-09-25T13:16:42Z,135,"noiseE2_20260925T131030Z",477293,"bash",0.5,4368,1345,"bash /wt/contributions/compute-benchmark/xbattlax/scripts/measure_ros_processes.sh --pattern python3|ros2|slam|nav2|component_container|nav_goal_seq --duration 380 --interval 2 --label noiseE2_20260925T131030Z --output /wt/contributions/compute-benchmark/OsakaTX/scripts/../results/combo2/noiseE2_20260925T131030Z.csv"
2026-09-25T13:16:45Z,136,"noiseE2_20260925T131030Z",408070,"python3",0.1,74124,46554,"/usr/bin/python3 -c from ros2cli.daemon.daemonize import main; main() --name ros2-daemon --ros-domain-id 0 --rmw-implementation rmw_fastrtps_cpp"
2026-09-25T13:16:45Z,136,"noiseE2_20260925T131030Z",477106,"python3",5.5,77208,48553,"python3 /wt/contributions/compute-benchmark/OsakaTX/scripts/synthetic_scan_publisher.py --duration 490 --loop-s 40 --hz 5.0 --noise 0.05"
2026-09-25T13:16:45Z,136,"noiseE2_20260925T131030Z",477122,"ros2",0.2,78924,50825,"/usr/bin/python3 /opt/ros/jazzy/bin/ros2 launch slam_toolbox online_async_launch.py slam_params_file:=/wt/contributions/compute-benchmark/OsakaTX/scripts/slam_toolbox_params.yaml use_sim_time:=False autostart:=true"
2026-09-25T13:16:45Z,136,"noiseE2_20260925T131030Z",477123,"ros2",0.4,83264,55420,"/usr/bin/python3 /opt/ros/jazzy/bin/ros2 launch nav2_bringup bringup_launch.py map:=/wt/contributions/compute-benchmark/OsakaTX/scripts/../results/combo2/combo2_nav2_map.yaml params_file:=/wt/contributions/compute-benchmark/OsakaTX/scripts/nav2_params_bench.yaml use_sim_time:=False autostart:=True slam:=False use_localization:=False"
2026-09-25T13:16:45Z,136,"noiseE2_20260925T131030Z",477142,"async_slam_tool",23.1,104560,84526,"/opt/ros/jazzy/lib/slam_toolbox/async_slam_toolbox_node --ros-args -r __node:=slam_toolbox -r __ns:=/ --params-file /wt/contributions/compute-benchmark/OsakaTX/scripts/slam_toolbox_params.yaml --params-file /tmp/launch_params_taqg3ax4"
2026-09-25T13:16:45Z,136,"noiseE2_20260925T131030Z",477175,"component_conta",46.6,169772,149580,"/opt/ros/jazzy/lib/rclcpp_components/component_container_isolated --ros-args --log-level info --ros-args -r __node:=nav2_container --params-file /tmp/launch_params_s9huhwju --params-file /tmp/launch_params_1wti_32f -r /tf:=tf -r /tf_static:=tf_static"
2026-09-25T13:16:45Z,136,"noiseE2_20260925T131030Z",477249,"python3",6.3,83552,54170,"python3 /wt/contributions/compute-benchmark/OsakaTX/scripts/nav_goal_seq.py --x 4 --y 4 --yaw 0 --every 22.0 --pause 2.0 --cancel --repeats 0"
2026-09-25T13:16:45Z,136,"noiseE2_20260925T131030Z",477293,"bash",0.5,4368,1341,"bash /wt/contributions/compute-benchmark/xbattlax/scripts/measure_ros_processes.sh --pattern python3|ros2|slam|nav2|component_container|nav_goal_seq --duration 380 --interval 2 --label noiseE2_20260925T131030Z --output /wt/contributions/compute-benchmark/OsakaTX/scripts/../results/combo2/noiseE2_20260925T131030Z.csv"
2026-09-25T13:16:47Z,137,"noiseE2_20260925T131030Z",408070,"python3",0.1,74124,46554,"/usr/bin/python3 -c from ros2cli.daemon.daemonize import main; main() --name ros2-daemon --ros-domain-id 0 --rmw-implementation rmw_fastrtps_cpp"
2026-09-25T13:16:47Z,137,"noiseE2_20260925T131030Z",477106,"python3",5.5,77208,48552,"python3 /wt/contributions/compute-benchmark/OsakaTX/scripts/synthetic_scan_publisher.py --duration 490 --loop-s 40 --hz 5.0 --noise 0.05"
2026-09-25T13:16:47Z,137,"noiseE2_20260925T131030Z",477122,"ros2",0.2,78924,50822,"/usr/bin/python3 /opt/ros/jazzy/bin/ros2 launch slam_toolbox online_async_launch.py slam_params_file:=/wt/contributions/compute-benchmark/OsakaTX/scripts/slam_toolbox_params.yaml use_sim_time:=False autostart:=true"
2026-09-25T13:16:47Z,137,"noiseE2_20260925T131030Z",477123,"ros2",0.4,83264,55421,"/usr/bin/python3 /opt/ros/jazzy/bin/ros2 launch nav2_bringup bringup_launch.py map:=/wt/contributions/compute-benchmark/OsakaTX/scripts/../results/combo2/combo2_nav2_map.yaml params_file:=/wt/contributions/compute-benchmark/OsakaTX/scripts/nav2_params_bench.yaml use_sim_time:=False autostart:=True slam:=False use_localization:=False"
2026-09-25T13:16:47Z,137,"noiseE2_20260925T131030Z",477142,"async_slam_tool",23.2,105096,85063,"/opt/ros/jazzy/lib/slam_toolbox/async_slam_toolbox_node --ros-args -r __node:=slam_toolbox -r __ns:=/ --params-file /wt/contributions/compute-benchmark/OsakaTX/scripts/slam_toolbox_params.yaml --params-file /tmp/launch_params_taqg3ax4"
2026-09-25T13:16:47Z,137,"noiseE2_20260925T131030Z",477175,"component_conta",46.6,169772,149578,"/opt/ros/jazzy/lib/rclcpp_components/component_container_isolated --ros-args --log-level info --ros-args -r __node:=nav2_container --params-file /tmp/launch_params_s9huhwju --params-file /tmp/launch_params_1wti_32f -r /tf:=tf -r /tf_static:=tf_static"
2026-09-25T13:16:47Z,137,"noiseE2_20260925T131030Z",477249,"python3",6.3,83552,54168,"python3 /wt/contributions/compute-benchmark/OsakaTX/scripts/nav_goal_seq.py --x 4 --y 4 --yaw 0 --every 22.0 --pause 2.0 --cancel --repeats 0"
2026-09-25T13:16:47Z,137,"noiseE2_20260925T131030Z",477293,"bash",0.5,4368,1337,"bash /wt/contributions/compute-benchmark/xbattlax/scripts/measure_ros_processes.sh --pattern python3|ros2|slam|nav2|component_container|nav_goal_seq --duration 380 --interval 2 --label noiseE2_20260925T131030Z --output /wt/contributions/compute-benchmark/OsakaTX/scripts/../results/combo2/noiseE2_20260925T131030Z.csv"
2026-09-25T13:16:49Z,138,"noiseE2_20260925T131030Z",408070,"python3",0.1,74124,46550,"/usr/bin/python3 -c from ros2cli.daemon.daemonize import main; main() --name ros2-daemon --ros-domain-id 0 --rmw-implementation rmw_fastrtps_cpp"
2026-09-25T13:16:49Z,138,"noiseE2_20260925T131030Z",477106,"python3",5.5,77208,48554,"python3 /wt/contributions/compute-benchmark/OsakaTX/scripts/synthetic_scan_publisher.py --duration 490 --loop-s 40 --hz 5.0 --noise 0.05"
2026-09-25T13:16:49Z,138,"noiseE2_20260925T131030Z",477122,"ros2",0.2,78924,50821,"/usr/bin/python3 /opt/ros/jazzy/bin/ros2 launch slam_toolbox online_async_launch.py slam_params_file:=/wt/contributions/compute-benchmark/OsakaTX/scripts/slam_toolbox_params.yaml use_sim_time:=False autostart:=true"
2026-09-25T13:16:49Z,138,"noiseE2_20260925T131030Z",477123,"ros2",0.4,83264,55422,"/usr/bin/python3 /opt/ros/jazzy/bin/ros2 launch nav2_bringup bringup_launch.py map:=/wt/contributions/compute-benchmark/OsakaTX/scripts/../results/combo2/combo2_nav2_map.yaml params_file:=/wt/contributions/compute-benchmark/OsakaTX/scripts/nav2_params_bench.yaml use_sim_time:=False autostart:=True slam:=False use_localization:=False"
2026-09-25T13:16:49Z,138,"noiseE2_20260925T131030Z",477142,"async_slam_tool",23.3,105124,85091,"/opt/ros/jazzy/lib/slam_toolbox/async_slam_toolbox_node --ros-args -r __node:=slam_toolbox -r __ns:=/ --params-file /wt/contributions/compute-benchmark/OsakaTX/scripts/slam_toolbox_params.yaml --params-file /tmp/launch_params_taqg3ax4"
2026-09-25T13:16:49Z,138,"noiseE2_20260925T131030Z",477175,"component_conta",46.6,169772,149580,"/opt/ros/jazzy/lib/rclcpp_components/component_container_isolated --ros-args --log-level info --ros-args -r __node:=nav2_container --params-file /tmp/launch_params_s9huhwju --params-file /tmp/launch_params_1wti_32f -r /tf:=tf -r /tf_static:=tf_static"
2026-09-25T13:16:49Z,138,"noiseE2_20260925T131030Z",477249,"python3",6.3,83552,54167,"python3 /wt/contributions/compute-benchmark/OsakaTX/scripts/nav_goal_seq.py --x 4 --y 4 --yaw 0 --every 22.0 --pause 2.0 --cancel --repeats 0"
2026-09-25T13:16:49Z,138,"noiseE2_20260925T131030Z",477293,"bash",0.5,4368,1339,"bash /wt/contributions/compute-benchmark/xbattlax/scripts/measure_ros_processes.sh --pattern python3|ros2|slam|nav2|component_container|nav_goal_seq --duration 380 --interval 2 --label noiseE2_20260925T131030Z --output /wt/contributions/compute-benchmark/OsakaTX/scripts/../results/combo2/noiseE2_20260925T131030Z.csv"
2026-09-25T13:16:52Z,139,"noiseE2_20260925T131030Z",408070,"python3",0.1,74124,46550,"/usr/bin/python3 -c from ros2cli.daemon.daemonize import main; main() --name ros2-daemon --ros-domain-id 0 --rmw-implementation rmw_fastrtps_cpp"
2026-09-25T13:16:52Z,139,"noiseE2_20260925T131030Z",477106,"python3",5.5,77208,48552,"python3 /wt/contributions/compute-benchmark/OsakaTX/scripts/synthetic_scan_publisher.py --duration 490 --loop-s 40 --hz 5.0 --noise 0.05"
2026-09-25T13:16:52Z,139,"noiseE2_20260925T131030Z",477122,"ros2",0.2,78924,50823,"/usr/bin/python3 /opt/ros/jazzy/bin/ros2 launch slam_toolbox online_async_launch.py slam_params_file:=/wt/contributions/compute-benchmark/OsakaTX/scripts/slam_toolbox_params.yaml use_sim_time:=False autostart:=true"
2026-09-25T13:16:52Z,139,"noiseE2_20260925T131030Z",477123,"ros2",0.4,83264,55415,"/usr/bin/python3 /opt/ros/jazzy/bin/ros2 launch nav2_bringup bringup_launch.py map:=/wt/contributions/compute-benchmark/OsakaTX/scripts/../results/combo2/combo2_nav2_map.yaml params_file:=/wt/contributions/compute-benchmark/OsakaTX/scripts/nav2_params_bench.yaml use_sim_time:=False autostart:=True slam:=False use_localization:=False"
2026-09-25T13:16:52Z,139,"noiseE2_20260925T131030Z",477142,"async_slam_tool",23.3,105800,85767,"/opt/ros/jazzy/lib/slam_toolbox/async_slam_toolbox_node --ros-args -r __node:=slam_toolbox -r __ns:=/ --params-file /wt/contributions/compute-benchmark/OsakaTX/scripts/slam_toolbox_params.yaml --params-file /tmp/launch_params_taqg3ax4"
2026-09-25T13:16:52Z,139,"noiseE2_20260925T131030Z",477175,"component_conta",46.6,169772,149577,"/opt/ros/jazzy/lib/rclcpp_components/component_container_isolated --ros-args --log-level info --ros-args -r __node:=nav2_container --params-file /tmp/launch_params_s9huhwju --params-file /tmp/launch_params_1wti_32f -r /tf:=tf -r /tf_static:=tf_static"
2026-09-25T13:16:52Z,139,"noiseE2_20260925T131030Z",477249,"python3",6.3,83552,54170,"python3 /wt/contributions/compute-benchmark/OsakaTX/scripts/nav_goal_seq.py --x 4 --y 4 --yaw 0 --every 22.0 --pause 2.0 --cancel --repeats 0"
2026-09-25T13:16:52Z,139,"noiseE2_20260925T131030Z",477293,"bash",0.5,4368,1342,"bash /wt/contributions/compute-benchmark/xbattlax/scripts/measure_ros_processes.sh --pattern python3|ros2|slam|nav2|component_container|nav_goal_seq --duration 380 --interval 2 --label noiseE2_20260925T131030Z --output /wt/contributions/compute-benchmark/OsakaTX/scripts/../results/combo2/noiseE2_20260925T131030Z.csv"
2026-09-25T13:16:54Z,140,"noiseE2_20260925T131030Z",408070,"python3",0.1,74124,46554,"/usr/bin/python3 -c from ros2cli.daemon.daemonize import main; main() --name ros2-daemon --ros-domain-id 0 --rmw-implementation rmw_fastrtps_cpp"
2026-09-25T13:16:54Z,140,"noiseE2_20260925T131030Z",477106,"python3",5.5,77208,48554,"python3 /wt/contributions/compute-benchmark/OsakaTX/scripts/synthetic_scan_publisher.py --duration 490 --loop-s 40 --hz 5.0 --noise 0.05"
2026-09-25T13:16:54Z,140,"noiseE2_20260925T131030Z",477122,"ros2",0.2,78924,50821,"/usr/bin/python3 /opt/ros/jazzy/bin/ros2 launch slam_toolbox online_async_launch.py slam_params_file:=/wt/contributions/compute-benchmark/OsakaTX/scripts/slam_toolbox_params.yaml use_sim_time:=False autostart:=true"
2026-09-25T13:16:54Z,140,"noiseE2_20260925T131030Z",477123,"ros2",0.4,83264,55421,"/usr/bin/python3 /opt/ros/jazzy/bin/ros2 launch nav2_bringup bringup_launch.py map:=/wt/contributions/compute-benchmark/OsakaTX/scripts/../results/combo2/combo2_nav2_map.yaml params_file:=/wt/contributions/compute-benchmark/OsakaTX/scripts/nav2_params_bench.yaml use_sim_time:=False autostart:=True slam:=False use_localization:=False"
2026-09-25T13:16:54Z,140,"noiseE2_20260925T131030Z",477142,"async_slam_tool",23.4,105812,85779,"/opt/ros/jazzy/lib/slam_toolbox/async_slam_toolbox_node --ros-args -r __node:=slam_toolbox -r __ns:=/ --params-file /wt/contributions/compute-benchmark/OsakaTX/scripts/slam_toolbox_params.yaml --params-file /tmp/launch_params_taqg3ax4"
2026-09-25T13:16:54Z,140,"noiseE2_20260925T131030Z",477175,"component_conta",46.6,169772,149580,"/opt/ros/jazzy/lib/rclcpp_components/component_container_isolated --ros-args --log-level info --ros-args -r __node:=nav2_container --params-file /tmp/launch_params_s9huhwju --params-file /tmp/launch_params_1wti_32f -r /tf:=tf -r /tf_static:=tf_static"
2026-09-25T13:16:54Z,140,"noiseE2_20260925T131030Z",477249,"python3",6.3,83552,54170,"python3 /wt/contributions/compute-benchmark/OsakaTX/scripts/nav_goal_seq.py --x 4 --y 4 --yaw 0 --every 22.0 --pause 2.0 --cancel --repeats 0"
2026-09-25T13:16:54Z,140,"noiseE2_20260925T131030Z",477293,"bash",0.5,4368,1342,"bash /wt/contributions/compute-benchmark/xbattlax/scripts/measure_ros_processes.sh --pattern python3|ros2|slam|nav2|component_container|nav_goal_seq --duration 380 --interval 2 --label noiseE2_20260925T131030Z --output /wt/contributions/compute-benchmark/OsakaTX/scripts/../results/combo2/noiseE2_20260925T131030Z.csv"
2026-09-25T13:16:57Z,141,"noiseE2_20260925T131030Z",408070,"python3",0.1,74124,46553,"/usr/bin/python3 -c from ros2cli.daemon.daemonize import main; main() --name ros2-daemon --ros-domain-id 0 --rmw-implementation rmw_fastrtps_cpp"
2026-09-25T13:16:57Z,141,"noiseE2_20260925T131030Z",477106,"python3",5.5,77208,48552,"python3 /wt/contributions/compute-benchmark/OsakaTX/scripts/synthetic_scan_publisher.py --duration 490 --loop-s 40 --hz 5.0 --noise 0.05"
2026-09-25T13:16:57Z,141,"noiseE2_20260925T131030Z",477122,"ros2",0.2,78924,50824,"/usr/bin/python3 /opt/ros/jazzy/bin/ros2 launch slam_toolbox online_async_launch.py slam_params_file:=/wt/contributions/compute-benchmark/OsakaTX/scripts/slam_toolbox_params.yaml use_sim_time:=False autostart:=true"
2026-09-25T13:16:57Z,141,"noiseE2_20260925T131030Z",477123,"ros2",0.4,83264,55421,"/usr/bin/python3 /opt/ros/jazzy/bin/ros2 launch nav2_bringup bringup_launch.py map:=/wt/contributions/compute-benchmark/OsakaTX/scripts/../results/combo2/combo2_nav2_map.yaml params_file:=/wt/contributions/compute-benchmark/OsakaTX/scripts/nav2_params_bench.yaml use_sim_time:=False autostart:=True slam:=False use_localization:=False"
2026-09-25T13:16:57Z,141,"noiseE2_20260925T131030Z",477142,"async_slam_tool",23.4,105952,85918,"/opt/ros/jazzy/lib/slam_toolbox/async_slam_toolbox_node --ros-args -r __node:=slam_toolbox -r __ns:=/ --params-file /wt/contributions/compute-benchmark/OsakaTX/scripts/slam_toolbox_params.yaml --params-file /tmp/launch_params_taqg3ax4"
2026-09-25T13:16:57Z,141,"noiseE2_20260925T131030Z",477175,"component_conta",46.7,169772,149580,"/opt/ros/jazzy/lib/rclcpp_components/component_container_isolated --ros-args --log-level info --ros-args -r __node:=nav2_container --params-file /tmp/launch_params_s9huhwju --params-file /tmp/launch_params_1wti_32f -r /tf:=tf -r /tf_static:=tf_static"
2026-09-25T13:16:57Z,141,"noiseE2_20260925T131030Z",477249,"python3",6.3,83552,54167,"python3 /wt/contributions/compute-benchmark/OsakaTX/scripts/nav_goal_seq.py --x 4 --y 4 --yaw 0 --every 22.0 --pause 2.0 --cancel --repeats 0"
2026-09-25T13:16:57Z,141,"noiseE2_20260925T131030Z",477293,"bash",0.5,4368,1335,"bash /wt/contributions/compute-benchmark/xbattlax/scripts/measure_ros_processes.sh --pattern python3|ros2|slam|nav2|component_container|nav_goal_seq --duration 380 --interval 2 --label noiseE2_20260925T131030Z --output /wt/contributions/compute-benchmark/OsakaTX/scripts/../results/combo2/noiseE2_20260925T131030Z.csv"
2026-09-25T13:16:59Z,142,"noiseE2_20260925T131030Z",408070,"python3",0.1,74124,46553,"/usr/bin/python3 -c from ros2cli.daemon.daemonize import main; main() --name ros2-daemon --ros-domain-id 0 --rmw-implementation rmw_fastrtps_cpp"
2026-09-25T13:16:59Z,142,"noiseE2_20260925T131030Z",477106,"python3",5.5,77208,48552,"python3 /wt/contributions/compute-benchmark/OsakaTX/scripts/synthetic_scan_publisher.py --duration 490 --loop-s 40 --hz 5.0 --noise 0.05"
2026-09-25T13:16:59Z,142,"noiseE2_20260925T131030Z",477122,"ros2",0.2,78924,50824,"/usr/bin/python3 /opt/ros/jazzy/bin/ros2 launch slam_toolbox online_async_launch.py slam_params_file:=/wt/contributions/compute-benchmark/OsakaTX/scripts/slam_toolbox_params.yaml use_sim_time:=False autostart:=true"
2026-09-25T13:16:59Z,142,"noiseE2_20260925T131030Z",477123,"ros2",0.4,83264,55421,"/usr/bin/python3 /opt/ros/jazzy/bin/ros2 launch nav2_bringup bringup_launch.py map:=/wt/contributions/compute-benchmark/OsakaTX/scripts/../results/combo2/combo2_nav2_map.yaml params_file:=/wt/contributions/compute-benchmark/OsakaTX/scripts/nav2_params_bench.yaml use_sim_time:=False autostart:=True slam:=False use_localization:=False"
2026-09-25T13:16:59Z,142,"noiseE2_20260925T131030Z",477142,"async_slam_tool",23.5,106504,86471,"/opt/ros/jazzy/lib/slam_toolbox/async_slam_toolbox_node --ros-args -r __node:=slam_toolbox -r __ns:=/ --params-file /wt/contributions/compute-benchmark/OsakaTX/scripts/slam_toolbox_params.yaml --params-file /tmp/launch_params_taqg3ax4"
2026-09-25T13:16:59Z,142,"noiseE2_20260925T131030Z",477175,"component_conta",46.6,170840,150769,"/opt/ros/jazzy/lib/rclcpp_components/component_container_isolated --ros-args --log-level info --ros-args -r __node:=nav2_container --params-file /tmp/launch_params_s9huhwju --params-file /tmp/launch_params_1wti_32f -r /tf:=tf -r /tf_static:=tf_static"
2026-09-25T13:16:59Z,142,"noiseE2_20260925T131030Z",477249,"python3",6.3,83556,54170,"python3 /wt/contributions/compute-benchmark/OsakaTX/scripts/nav_goal_seq.py --x 4 --y 4 --yaw 0 --every 22.0 --pause 2.0 --cancel --repeats 0"
2026-09-25T13:16:59Z,142,"noiseE2_20260925T131030Z",477293,"bash",0.5,4372,1342,"bash /wt/contributions/compute-benchmark/xbattlax/scripts/measure_ros_processes.sh --pattern python3|ros2|slam|nav2|component_container|nav_goal_seq --duration 380 --interval 2 --label noiseE2_20260925T131030Z --output /wt/contributions/compute-benchmark/OsakaTX/scripts/../results/combo2/noiseE2_20260925T131030Z.csv"
2026-09-25T13:17:02Z,143,"noiseE2_20260925T131030Z",408070,"python3",0.1,74124,46550,"/usr/bin/python3 -c from ros2cli.daemon.daemonize import main; main() --name ros2-daemon --ros-domain-id 0 --rmw-implementation rmw_fastrtps_cpp"
2026-09-25T13:17:02Z,143,"noiseE2_20260925T131030Z",477106,"python3",5.5,77208,48552,"python3 /wt/contributions/compute-benchmark/OsakaTX/scripts/synthetic_scan_publisher.py --duration 490 --loop-s 40 --hz 5.0 --noise 0.05"
2026-09-25T13:17:02Z,143,"noiseE2_20260925T131030Z",477122,"ros2",0.2,78924,50821,"/usr/bin/python3 /opt/ros/jazzy/bin/ros2 launch slam_toolbox online_async_launch.py slam_params_file:=/wt/contributions/compute-benchmark/OsakaTX/scripts/slam_toolbox_params.yaml use_sim_time:=False autostart:=true"
2026-09-25T13:17:02Z,143,"noiseE2_20260925T131030Z",477123,"ros2",0.4,83264,55420,"/usr/bin/python3 /opt/ros/jazzy/bin/ros2 launch nav2_bringup bringup_launch.py map:=/wt/contributions/compute-benchmark/OsakaTX/scripts/../results/combo2/combo2_nav2_map.yaml params_file:=/wt/contributions/compute-benchmark/OsakaTX/scripts/nav2_params_bench.yaml use_sim_time:=False autostart:=True slam:=False use_localization:=False"
2026-09-25T13:17:02Z,143,"noiseE2_20260925T131030Z",477142,"async_slam_tool",23.6,106560,86527,"/opt/ros/jazzy/lib/slam_toolbox/async_slam_toolbox_node --ros-args -r __node:=slam_toolbox -r __ns:=/ --params-file /wt/contributions/compute-benchmark/OsakaTX/scripts/slam_toolbox_params.yaml --params-file /tmp/launch_params_taqg3ax4"
2026-09-25T13:17:02Z,143,"noiseE2_20260925T131030Z",477175,"component_conta",46.5,173876,153684,"/opt/ros/jazzy/lib/rclcpp_components/component_container_isolated --ros-args --log-level info --ros-args -r __node:=nav2_container --params-file /tmp/launch_params_s9huhwju --params-file /tmp/launch_params_1wti_32f -r /tf:=tf -r /tf_static:=tf_static"
2026-09-25T13:17:02Z,143,"noiseE2_20260925T131030Z",477249,"python3",6.3,83560,54174,"python3 /wt/contributions/compute-benchmark/OsakaTX/scripts/nav_goal_seq.py --x 4 --y 4 --yaw 0 --every 22.0 --pause 2.0 --cancel --repeats 0"
2026-09-25T13:17:02Z,143,"noiseE2_20260925T131030Z",477293,"bash",0.5,4372,1345,"bash /wt/contributions/compute-benchmark/xbattlax/scripts/measure_ros_processes.sh --pattern python3|ros2|slam|nav2|component_container|nav_goal_seq --duration 380 --interval 2 --label noiseE2_20260925T131030Z --output /wt/contributions/compute-benchmark/OsakaTX/scripts/../results/combo2/noiseE2_20260925T131030Z.csv"
2026-09-25T13:17:04Z,144,"noiseE2_20260925T131030Z",408070,"python3",0.1,74124,46553,"/usr/bin/python3 -c from ros2cli.daemon.daemonize import main; main() --name ros2-daemon --ros-domain-id 0 --rmw-implementation rmw_fastrtps_cpp"
2026-09-25T13:17:04Z,144,"noiseE2_20260925T131030Z",477106,"python3",5.5,77208,48553,"python3 /wt/contributions/compute-benchmark/OsakaTX/scripts/synthetic_scan_publisher.py --duration 490 --loop-s 40 --hz 5.0 --noise 0.05"
2026-09-25T13:17:04Z,144,"noiseE2_20260925T131030Z",477122,"ros2",0.2,78924,50825,"/usr/bin/python3 /opt/ros/jazzy/bin/ros2 launch slam_toolbox online_async_launch.py slam_params_file:=/wt/contributions/compute-benchmark/OsakaTX/scripts/slam_toolbox_params.yaml use_sim_time:=False autostart:=true"
2026-09-25T13:17:04Z,144,"noiseE2_20260925T131030Z",477123,"ros2",0.4,83264,55415,"/usr/bin/python3 /opt/ros/jazzy/bin/ros2 launch nav2_bringup bringup_launch.py map:=/wt/contributions/compute-benchmark/OsakaTX/scripts/../results/combo2/combo2_nav2_map.yaml params_file:=/wt/contributions/compute-benchmark/OsakaTX/scripts/nav2_params_bench.yaml use_sim_time:=False autostart:=True slam:=False use_localization:=False"
2026-09-25T13:17:04Z,144,"noiseE2_20260925T131030Z",477142,"async_slam_tool",23.7,106848,86815,"/opt/ros/jazzy/lib/slam_toolbox/async_slam_toolbox_node --ros-args -r __node:=slam_toolbox -r __ns:=/ --params-file /wt/contributions/compute-benchmark/OsakaTX/scripts/slam_toolbox_params.yaml --params-file /tmp/launch_params_taqg3ax4"
2026-09-25T13:17:04Z,144,"noiseE2_20260925T131030Z",477175,"component_conta",46.5,170092,149897,"/opt/ros/jazzy/lib/rclcpp_components/component_container_isolated --ros-args --log-level info --ros-args -r __node:=nav2_container --params-file /tmp/launch_params_s9huhwju --params-file /tmp/launch_params_1wti_32f -r /tf:=tf -r /tf_static:=tf_static"
2026-09-25T13:17:04Z,144,"noiseE2_20260925T131030Z",477249,"python3",6.3,83564,54182,"python3 /wt/contributions/compute-benchmark/OsakaTX/scripts/nav_goal_seq.py --x 4 --y 4 --yaw 0 --every 22.0 --pause 2.0 --cancel --repeats 0"
2026-09-25T13:17:04Z,144,"noiseE2_20260925T131030Z",477293,"bash",0.5,4372,1345,"bash /wt/contributions/compute-benchmark/xbattlax/scripts/measure_ros_processes.sh --pattern python3|ros2|slam|nav2|component_container|nav_goal_seq --duration 380 --interval 2 --label noiseE2_20260925T131030Z --output /wt/contributions/compute-benchmark/OsakaTX/scripts/../results/combo2/noiseE2_20260925T131030Z.csv"
2026-09-25T13:17:07Z,145,"noiseE2_20260925T131030Z",408070,"python3",0.1,74124,46554,"/usr/bin/python3 -c from ros2cli.daemon.daemonize import main; main() --name ros2-daemon --ros-domain-id 0 --rmw-implementation rmw_fastrtps_cpp"
2026-09-25T13:17:07Z,145,"noiseE2_20260925T131030Z",477106,"python3",5.5,77208,48554,"python3 /wt/contributions/compute-benchmark/OsakaTX/scripts/synthetic_scan_publisher.py --duration 490 --loop-s 40 --hz 5.0 --noise 0.05"
2026-09-25T13:17:07Z,145,"noiseE2_20260925T131030Z",477122,"ros2",0.2,78924,50824,"/usr/bin/python3 /opt/ros/jazzy/bin/ros2 launch slam_toolbox online_async_launch.py slam_params_file:=/wt/contributions/compute-benchmark/OsakaTX/scripts/slam_toolbox_params.yaml use_sim_time:=False autostart:=true"
2026-09-25T13:17:07Z,145,"noiseE2_20260925T131030Z",477123,"ros2",0.4,83264,55420,"/usr/bin/python3 /opt/ros/jazzy/bin/ros2 launch nav2_bringup bringup_launch.py map:=/wt/contributions/compute-benchmark/OsakaTX/scripts/../results/combo2/combo2_nav2_map.yaml params_file:=/wt/contributions/compute-benchmark/OsakaTX/scripts/nav2_params_bench.yaml use_sim_time:=False autostart:=True slam:=False use_localization:=False"
2026-09-25T13:17:07Z,145,"noiseE2_20260925T131030Z",477142,"async_slam_tool",23.8,107304,87271,"/opt/ros/jazzy/lib/slam_toolbox/async_slam_toolbox_node --ros-args -r __node:=slam_toolbox -r __ns:=/ --params-file /wt/contributions/compute-benchmark/OsakaTX/scripts/slam_toolbox_params.yaml --params-file /tmp/launch_params_taqg3ax4"
2026-09-25T13:17:07Z,145,"noiseE2_20260925T131030Z",477175,"component_conta",46.5,168912,148720,"/opt/ros/jazzy/lib/rclcpp_components/component_container_isolated --ros-args --log-level info --ros-args -r __node:=nav2_container --params-file /tmp/launch_params_s9huhwju --params-file /tmp/launch_params_1wti_32f -r /tf:=tf -r /tf_static:=tf_static"
2026-09-25T13:17:07Z,145,"noiseE2_20260925T131030Z",477249,"python3",6.3,83564,54181,"python3 /wt/contributions/compute-benchmark/OsakaTX/scripts/nav_goal_seq.py --x 4 --y 4 --yaw 0 --every 22.0 --pause 2.0 --cancel --repeats 0"
2026-09-25T13:17:07Z,145,"noiseE2_20260925T131030Z",477293,"bash",0.5,4372,1339,"bash /wt/contributions/compute-benchmark/xbattlax/scripts/measure_ros_processes.sh --pattern python3|ros2|slam|nav2|component_container|nav_goal_seq --duration 380 --interval 2 --label noiseE2_20260925T131030Z --output /wt/contributions/compute-benchmark/OsakaTX/scripts/../results/combo2/noiseE2_20260925T131030Z.csv"
2026-09-25T13:17:09Z,146,"noiseE2_20260925T131030Z",408070,"python3",0.1,74124,46550,"/usr/bin/python3 -c from ros2cli.daemon.daemonize import main; main() --name ros2-daemon --ros-domain-id 0 --rmw-implementation rmw_fastrtps_cpp"
2026-09-25T13:17:09Z,146,"noiseE2_20260925T131030Z",477106,"python3",5.5,77208,48552,"python3 /wt/contributions/compute-benchmark/OsakaTX/scripts/synthetic_scan_publisher.py --duration 490 --loop-s 40 --hz 5.0 --noise 0.05"
2026-09-25T13:17:09Z,146,"noiseE2_20260925T131030Z",477122,"ros2",0.2,78924,50825,"/usr/bin/python3 /opt/ros/jazzy/bin/ros2 launch slam_toolbox online_async_launch.py slam_params_file:=/wt/contributions/compute-benchmark/OsakaTX/scripts/slam_toolbox_params.yaml use_sim_time:=False autostart:=true"
2026-09-25T13:17:09Z,146,"noiseE2_20260925T131030Z",477123,"ros2",0.4,83264,55421,"/usr/bin/python3 /opt/ros/jazzy/bin/ros2 launch nav2_bringup bringup_launch.py map:=/wt/contributions/compute-benchmark/OsakaTX/scripts/../results/combo2/combo2_nav2_map.yaml params_file:=/wt/contributions/compute-benchmark/OsakaTX/scripts/nav2_params_bench.yaml use_sim_time:=False autostart:=True slam:=False use_localization:=False"
2026-09-25T13:17:09Z,146,"noiseE2_20260925T131030Z",477142,"async_slam_tool",23.8,107420,87386,"/opt/ros/jazzy/lib/slam_toolbox/async_slam_toolbox_node --ros-args -r __node:=slam_toolbox -r __ns:=/ --params-file /wt/contributions/compute-benchmark/OsakaTX/scripts/slam_toolbox_params.yaml --params-file /tmp/launch_params_taqg3ax4"
2026-09-25T13:17:09Z,146,"noiseE2_20260925T131030Z",477175,"component_conta",46.4,170448,150256,"/opt/ros/jazzy/lib/rclcpp_components/component_container_isolated --ros-args --log-level info --ros-args -r __node:=nav2_container --params-file /tmp/launch_params_s9huhwju --params-file /tmp/launch_params_1wti_32f -r /tf:=tf -r /tf_static:=tf_static"
2026-09-25T13:17:09Z,146,"noiseE2_20260925T131030Z",477249,"python3",6.2,83568,54184,"python3 /wt/contributions/compute-benchmark/OsakaTX/scripts/nav_goal_seq.py --x 4 --y 4 --yaw 0 --every 22.0 --pause 2.0 --cancel --repeats 0"
2026-09-25T13:17:09Z,146,"noiseE2_20260925T131030Z",477293,"bash",0.5,4372,1335,"bash /wt/contributions/compute-benchmark/xbattlax/scripts/measure_ros_processes.sh --pattern python3|ros2|slam|nav2|component_container|nav_goal_seq --duration 380 --interval 2 --label noiseE2_20260925T131030Z --output /wt/contributions/compute-benchmark/OsakaTX/scripts/../results/combo2/noiseE2_20260925T131030Z.csv"
2026-09-25T13:17:11Z,147,"noiseE2_20260925T131030Z",408070,"python3",0.1,74124,46550,"/usr/bin/python3 -c from ros2cli.daemon.daemonize import main; main() --name ros2-daemon --ros-domain-id 0 --rmw-implementation rmw_fastrtps_cpp"
2026-09-25T13:17:11Z,147,"noiseE2_20260925T131030Z",477106,"python3",5.5,77208,48552,"python3 /wt/contributions/compute-benchmark/OsakaTX/scripts/synthetic_scan_publisher.py --duration 490 --loop-s 40 --hz 5.0 --noise 0.05"
2026-09-25T13:17:11Z,147,"noiseE2_20260925T131030Z",477122,"ros2",0.2,78924,50825,"/usr/bin/python3 /opt/ros/jazzy/bin/ros2 launch slam_toolbox online_async_launch.py slam_params_file:=/wt/contributions/compute-benchmark/OsakaTX/scripts/slam_toolbox_params.yaml use_sim_time:=False autostart:=true"
2026-09-25T13:17:11Z,147,"noiseE2_20260925T131030Z",477123,"ros2",0.4,83264,55421,"/usr/bin/python3 /opt/ros/jazzy/bin/ros2 launch nav2_bringup bringup_launch.py map:=/wt/contributions/compute-benchmark/OsakaTX/scripts/../results/combo2/combo2_nav2_map.yaml params_file:=/wt/contributions/compute-benchmark/OsakaTX/scripts/nav2_params_bench.yaml use_sim_time:=False autostart:=True slam:=False use_localization:=False"
2026-09-25T13:17:11Z,147,"noiseE2_20260925T131030Z",477142,"async_slam_tool",23.8,107988,87955,"/opt/ros/jazzy/lib/slam_toolbox/async_slam_toolbox_node --ros-args -r __node:=slam_toolbox -r __ns:=/ --params-file /wt/contributions/compute-benchmark/OsakaTX/scripts/slam_toolbox_params.yaml --params-file /tmp/launch_params_taqg3ax4"
2026-09-25T13:17:11Z,147,"noiseE2_20260925T131030Z",477175,"component_conta",46.4,169816,149622,"/opt/ros/jazzy/lib/rclcpp_components/component_container_isolated --ros-args --log-level info --ros-args -r __node:=nav2_container --params-file /tmp/launch_params_s9huhwju --params-file /tmp/launch_params_1wti_32f -r /tf:=tf -r /tf_static:=tf_static"
2026-09-25T13:17:11Z,147,"noiseE2_20260925T131030Z",477249,"python3",6.2,83568,54185,"python3 /wt/contributions/compute-benchmark/OsakaTX/scripts/nav_goal_seq.py --x 4 --y 4 --yaw 0 --every 22.0 --pause 2.0 --cancel --repeats 0"
2026-09-25T13:17:11Z,147,"noiseE2_20260925T131030Z",477293,"bash",0.5,4372,1345,"bash /wt/contributions/compute-benchmark/xbattlax/scripts/measure_ros_processes.sh --pattern python3|ros2|slam|nav2|component_container|nav_goal_seq --duration 380 --interval 2 --label noiseE2_20260925T131030Z --output /wt/contributions/compute-benchmark/OsakaTX/scripts/../results/combo2/noiseE2_20260925T131030Z.csv"
2026-09-25T13:17:14Z,148,"noiseE2_20260925T131030Z",408070,"python3",0.1,74124,46554,"/usr/bin/python3 -c from ros2cli.daemon.daemonize import main; main() --name ros2-daemon --ros-domain-id 0 --rmw-implementation rmw_fastrtps_cpp"
2026-09-25T13:17:14Z,148,"noiseE2_20260925T131030Z",477106,"python3",5.5,77208,48553,"python3 /wt/contributions/compute-benchmark/OsakaTX/scripts/synthetic_scan_publisher.py --duration 490 --loop-s 40 --hz 5.0 --noise 0.05"
2026-09-25T13:17:14Z,148,"noiseE2_20260925T131030Z",477122,"ros2",0.2,78924,50824,"/usr/bin/python3 /opt/ros/jazzy/bin/ros2 launch slam_toolbox online_async_launch.py slam_params_file:=/wt/contributions/compute-benchmark/OsakaTX/scripts/slam_toolbox_params.yaml use_sim_time:=False autostart:=true"
2026-09-25T13:17:14Z,148,"noiseE2_20260925T131030Z",477123,"ros2",0.4,83264,55421,"/usr/bin/python3 /opt/ros/jazzy/bin/ros2 launch nav2_bringup bringup_launch.py map:=/wt/contributions/compute-benchmark/OsakaTX/scripts/../results/combo2/combo2_nav2_map.yaml params_file:=/wt/contributions/compute-benchmark/OsakaTX/scripts/nav2_params_bench.yaml use_sim_time:=False autostart:=True slam:=False use_localization:=False"
2026-09-25T13:17:14Z,148,"noiseE2_20260925T131030Z",477142,"async_slam_tool",23.9,107996,87962,"/opt/ros/jazzy/lib/slam_toolbox/async_slam_toolbox_node --ros-args -r __node:=slam_toolbox -r __ns:=/ --params-file /wt/contributions/compute-benchmark/OsakaTX/scripts/slam_toolbox_params.yaml --params-file /tmp/launch_params_taqg3ax4"
2026-09-25T13:17:14Z,148,"noiseE2_20260925T131030Z",477175,"component_conta",46.4,170528,150336,"/opt/ros/jazzy/lib/rclcpp_components/component_container_isolated --ros-args --log-level info --ros-args -r __node:=nav2_container --params-file /tmp/launch_params_s9huhwju --params-file /tmp/launch_params_1wti_32f -r /tf:=tf -r /tf_static:=tf_static"
2026-09-25T13:17:14Z,148,"noiseE2_20260925T131030Z",477249,"python3",6.2,83568,54183,"python3 /wt/contributions/compute-benchmark/OsakaTX/scripts/nav_goal_seq.py --x 4 --y 4 --yaw 0 --every 22.0 --pause 2.0 --cancel --repeats 0"
2026-09-25T13:17:14Z,148,"noiseE2_20260925T131030Z",477293,"bash",0.5,4372,1341,"bash /wt/contributions/compute-benchmark/xbattlax/scripts/measure_ros_processes.sh --pattern python3|ros2|slam|nav2|component_container|nav_goal_seq --duration 380 --interval 2 --label noiseE2_20260925T131030Z --output /wt/contributions/compute-benchmark/OsakaTX/scripts/../results/combo2/noiseE2_20260925T131030Z.csv"
2026-09-25T13:17:16Z,149,"noiseE2_20260925T131030Z",408070,"python3",0.1,74124,46554,"/usr/bin/python3 -c from ros2cli.daemon.daemonize import main; main() --name ros2-daemon --ros-domain-id 0 --rmw-implementation rmw_fastrtps_cpp"
2026-09-25T13:17:16Z,149,"noiseE2_20260925T131030Z",477106,"python3",5.5,77208,48551,"python3 /wt/contributions/compute-benchmark/OsakaTX/scripts/synthetic_scan_publisher.py --duration 490 --loop-s 40 --hz 5.0 --noise 0.05"
2026-09-25T13:17:16Z,149,"noiseE2_20260925T131030Z",477122,"ros2",0.2,78924,50824,"/usr/bin/python3 /opt/ros/jazzy/bin/ros2 launch slam_toolbox online_async_launch.py slam_params_file:=/wt/contributions/compute-benchmark/OsakaTX/scripts/slam_toolbox_params.yaml use_sim_time:=False autostart:=true"
2026-09-25T13:17:16Z,149,"noiseE2_20260925T131030Z",477123,"ros2",0.4,83264,55421,"/usr/bin/python3 /opt/ros/jazzy/bin/ros2 launch nav2_bringup bringup_launch.py map:=/wt/contributions/compute-benchmark/OsakaTX/scripts/../results/combo2/combo2_nav2_map.yaml params_file:=/wt/contributions/compute-benchmark/OsakaTX/scripts/nav2_params_bench.yaml use_sim_time:=False autostart:=True slam:=False use_localization:=False"
2026-09-25T13:17:16Z,149,"noiseE2_20260925T131030Z",477142,"async_slam_tool",24.0,108684,88651,"/opt/ros/jazzy/lib/slam_toolbox/async_slam_toolbox_node --ros-args -r __node:=slam_toolbox -r __ns:=/ --params-file /wt/contributions/compute-benchmark/OsakaTX/scripts/slam_toolbox_params.yaml --params-file /tmp/launch_params_taqg3ax4"
2026-09-25T13:17:16Z,149,"noiseE2_20260925T131030Z",477175,"component_conta",46.3,170532,150338,"/opt/ros/jazzy/lib/rclcpp_components/component_container_isolated --ros-args --log-level info --ros-args -r __node:=nav2_container --params-file /tmp/launch_params_s9huhwju --params-file /tmp/launch_params_1wti_32f -r /tf:=tf -r /tf_static:=tf_static"
2026-09-25T13:17:16Z,149,"noiseE2_20260925T131030Z",477249,"python3",6.2,83568,54186,"python3 /wt/contributions/compute-benchmark/OsakaTX/scripts/nav_goal_seq.py --x 4 --y 4 --yaw 0 --every 22.0 --pause 2.0 --cancel --repeats 0"
2026-09-25T13:17:16Z,149,"noiseE2_20260925T131030Z",477293,"bash",0.5,4372,1341,"bash /wt/contributions/compute-benchmark/xbattlax/scripts/measure_ros_processes.sh --pattern python3|ros2|slam|nav2|component_container|nav_goal_seq --duration 380 --interval 2 --label noiseE2_20260925T131030Z --output /wt/contributions/compute-benchmark/OsakaTX/scripts/../results/combo2/noiseE2_20260925T131030Z.csv"
2026-09-25T13:17:18Z,150,"noiseE2_20260925T131030Z",408070,"python3",0.1,74124,46554,"/usr/bin/python3 -c from ros2cli.daemon.daemonize import main; main() --name ros2-daemon --ros-domain-id 0 --rmw-implementation rmw_fastrtps_cpp"
2026-09-25T13:17:18Z,150,"noiseE2_20260925T131030Z",477106,"python3",5.5,77208,48552,"python3 /wt/contributions/compute-benchmark/OsakaTX/scripts/synthetic_scan_publisher.py --duration 490 --loop-s 40 --hz 5.0 --noise 0.05"
2026-09-25T13:17:18Z,150,"noiseE2_20260925T131030Z",477122,"ros2",0.2,78924,50824,"/usr/bin/python3 /opt/ros/jazzy/bin/ros2 launch slam_toolbox online_async_launch.py slam_params_file:=/wt/contributions/compute-benchmark/OsakaTX/scripts/slam_toolbox_params.yaml use_sim_time:=False autostart:=true"
2026-09-25T13:17:18Z,150,"noiseE2_20260925T131030Z",477123,"ros2",0.4,83264,55421,"/usr/bin/python3 /opt/ros/jazzy/bin/ros2 launch nav2_bringup bringup_launch.py map:=/wt/contributions/compute-benchmark/OsakaTX/scripts/../results/combo2/combo2_nav2_map.yaml params_file:=/wt/contributions/compute-benchmark/OsakaTX/scripts/nav2_params_bench.yaml use_sim_time:=False autostart:=True slam:=False use_localization:=False"
2026-09-25T13:17:18Z,150,"noiseE2_20260925T131030Z",477142,"async_slam_tool",24.1,108696,88663,"/opt/ros/jazzy/lib/slam_toolbox/async_slam_toolbox_node --ros-args -r __node:=slam_toolbox -r __ns:=/ --params-file /wt/contributions/compute-benchmark/OsakaTX/scripts/slam_toolbox_params.yaml --params-file /tmp/launch_params_taqg3ax4"
2026-09-25T13:17:18Z,150,"noiseE2_20260925T131030Z",477175,"component_conta",46.3,171392,151198,"/opt/ros/jazzy/lib/rclcpp_components/component_container_isolated --ros-args --log-level info --ros-args -r __node:=nav2_container --params-file /tmp/launch_params_s9huhwju --params-file /tmp/launch_params_1wti_32f -r /tf:=tf -r /tf_static:=tf_static"
2026-09-25T13:17:18Z,150,"noiseE2_20260925T131030Z",477249,"python3",6.2,83568,54184,"python3 /wt/contributions/compute-benchmark/OsakaTX/scripts/nav_goal_seq.py --x 4 --y 4 --yaw 0 --every 22.0 --pause 2.0 --cancel --repeats 0"
2026-09-25T13:17:18Z,150,"noiseE2_20260925T131030Z",477293,"bash",0.5,4372,1341,"bash /wt/contributions/compute-benchmark/xbattlax/scripts/measure_ros_processes.sh --pattern python3|ros2|slam|nav2|component_container|nav_goal_seq --duration 380 --interval 2 --label noiseE2_20260925T131030Z --output /wt/contributions/compute-benchmark/OsakaTX/scripts/../results/combo2/noiseE2_20260925T131030Z.csv"
2026-09-25T13:17:21Z,151,"noiseE2_20260925T131030Z",408070,"python3",0.1,74124,46550,"/usr/bin/python3 -c from ros2cli.daemon.daemonize import main; main() --name ros2-daemon --ros-domain-id 0 --rmw-implementation rmw_fastrtps_cpp"
2026-09-25T13:17:21Z,151,"noiseE2_20260925T131030Z",477106,"python3",5.5,77208,48553,"python3 /wt/contributions/compute-benchmark/OsakaTX/scripts/synthetic_scan_publisher.py --duration 490 --loop-s 40 --hz 5.0 --noise 0.05"
2026-09-25T13:17:21Z,151,"noiseE2_20260925T131030Z",477122,"ros2",0.2,78924,50820,"/usr/bin/python3 /opt/ros/jazzy/bin/ros2 launch slam_toolbox online_async_launch.py slam_params_file:=/wt/contributions/compute-benchmark/OsakaTX/scripts/slam_toolbox_params.yaml use_sim_time:=False autostart:=true"
2026-09-25T13:17:21Z,151,"noiseE2_20260925T131030Z",477123,"ros2",0.4,83264,55421,"/usr/bin/python3 /opt/ros/jazzy/bin/ros2 launch nav2_bringup bringup_launch.py map:=/wt/contributions/compute-benchmark/OsakaTX/scripts/../results/combo2/combo2_nav2_map.yaml params_file:=/wt/contributions/compute-benchmark/OsakaTX/scripts/nav2_params_bench.yaml use_sim_time:=False autostart:=True slam:=False use_localization:=False"
2026-09-25T13:17:21Z,151,"noiseE2_20260925T131030Z",477142,"async_slam_tool",24.1,108804,88770,"/opt/ros/jazzy/lib/slam_toolbox/async_slam_toolbox_node --ros-args -r __node:=slam_toolbox -r __ns:=/ --params-file /wt/contributions/compute-benchmark/OsakaTX/scripts/slam_toolbox_params.yaml --params-file /tmp/launch_params_taqg3ax4"
2026-09-25T13:17:21Z,151,"noiseE2_20260925T131030Z",477175,"component_conta",46.2,172004,151812,"/opt/ros/jazzy/lib/rclcpp_components/component_container_isolated --ros-args --log-level info --ros-args -r __node:=nav2_container --params-file /tmp/launch_params_s9huhwju --params-file /tmp/launch_params_1wti_32f -r /tf:=tf -r /tf_static:=tf_static"
2026-09-25T13:17:21Z,151,"noiseE2_20260925T131030Z",477249,"python3",6.2,83572,54189,"python3 /wt/contributions/compute-benchmark/OsakaTX/scripts/nav_goal_seq.py --x 4 --y 4 --yaw 0 --every 22.0 --pause 2.0 --cancel --repeats 0"
2026-09-25T13:17:21Z,151,"noiseE2_20260925T131030Z",477293,"bash",0.5,4372,1341,"bash /wt/contributions/compute-benchmark/xbattlax/scripts/measure_ros_processes.sh --pattern python3|ros2|slam|nav2|component_container|nav_goal_seq --duration 380 --interval 2 --label noiseE2_20260925T131030Z --output /wt/contributions/compute-benchmark/OsakaTX/scripts/../results/combo2/noiseE2_20260925T131030Z.csv"
2026-09-25T13:17:23Z,152,"noiseE2_20260925T131030Z",408070,"python3",0.1,74124,46553,"/usr/bin/python3 -c from ros2cli.daemon.daemonize import main; main() --name ros2-daemon --ros-domain-id 0 --rmw-implementation rmw_fastrtps_cpp"
2026-09-25T13:17:23Z,152,"noiseE2_20260925T131030Z",477106,"python3",5.5,77208,48552,"python3 /wt/contributions/compute-benchmark/OsakaTX/scripts/synthetic_scan_publisher.py --duration 490 --loop-s 40 --hz 5.0 --noise 0.05"
2026-09-25T13:17:23Z,152,"noiseE2_20260925T131030Z",477122,"ros2",0.2,78924,50825,"/usr/bin/python3 /opt/ros/jazzy/bin/ros2 launch slam_toolbox online_async_launch.py slam_params_file:=/wt/contributions/compute-benchmark/OsakaTX/scripts/slam_toolbox_params.yaml use_sim_time:=False autostart:=true"
2026-09-25T13:17:23Z,152,"noiseE2_20260925T131030Z",477123,"ros2",0.4,83264,55421,"/usr/bin/python3 /opt/ros/jazzy/bin/ros2 launch nav2_bringup bringup_launch.py map:=/wt/contributions/compute-benchmark/OsakaTX/scripts/../results/combo2/combo2_nav2_map.yaml params_file:=/wt/contributions/compute-benchmark/OsakaTX/scripts/nav2_params_bench.yaml use_sim_time:=False autostart:=True slam:=False use_localization:=False"
2026-09-25T13:17:23Z,152,"noiseE2_20260925T131030Z",477142,"async_slam_tool",24.2,109916,89883,"/opt/ros/jazzy/lib/slam_toolbox/async_slam_toolbox_node --ros-args -r __node:=slam_toolbox -r __ns:=/ --params-file /wt/contributions/compute-benchmark/OsakaTX/scripts/slam_toolbox_params.yaml --params-file /tmp/launch_params_taqg3ax4"
2026-09-25T13:17:23Z,152,"noiseE2_20260925T131030Z",477175,"component_conta",46.3,172328,152136,"/opt/ros/jazzy/lib/rclcpp_components/component_container_isolated --ros-args --log-level info --ros-args -r __node:=nav2_container --params-file /tmp/launch_params_s9huhwju --params-file /tmp/launch_params_1wti_32f -r /tf:=tf -r /tf_static:=tf_static"
2026-09-25T13:17:23Z,152,"noiseE2_20260925T131030Z",477249,"python3",6.2,83572,54187,"python3 /wt/contributions/compute-benchmark/OsakaTX/scripts/nav_goal_seq.py --x 4 --y 4 --yaw 0 --every 22.0 --pause 2.0 --cancel --repeats 0"
2026-09-25T13:17:23Z,152,"noiseE2_20260925T131030Z",477293,"bash",0.5,4372,1338,"bash /wt/contributions/compute-benchmark/xbattlax/scripts/measure_ros_processes.sh --pattern python3|ros2|slam|nav2|component_container|nav_goal_seq --duration 380 --interval 2 --label noiseE2_20260925T131030Z --output /wt/contributions/compute-benchmark/OsakaTX/scripts/../results/combo2/noiseE2_20260925T131030Z.csv"
2026-09-25T13:17:26Z,153,"noiseE2_20260925T131030Z",408070,"python3",0.1,74124,46554,"/usr/bin/python3 -c from ros2cli.daemon.daemonize import main; main() --name ros2-daemon --ros-domain-id 0 --rmw-implementation rmw_fastrtps_cpp"
2026-09-25T13:17:26Z,153,"noiseE2_20260925T131030Z",477106,"python3",5.5,77208,48552,"python3 /wt/contributions/compute-benchmark/OsakaTX/scripts/synthetic_scan_publisher.py --duration 490 --loop-s 40 --hz 5.0 --noise 0.05"
2026-09-25T13:17:26Z,153,"noiseE2_20260925T131030Z",477122,"ros2",0.2,78924,50825,"/usr/bin/python3 /opt/ros/jazzy/bin/ros2 launch slam_toolbox online_async_launch.py slam_params_file:=/wt/contributions/compute-benchmark/OsakaTX/scripts/slam_toolbox_params.yaml use_sim_time:=False autostart:=true"
2026-09-25T13:17:26Z,153,"noiseE2_20260925T131030Z",477123,"ros2",0.4,83264,55421,"/usr/bin/python3 /opt/ros/jazzy/bin/ros2 launch nav2_bringup bringup_launch.py map:=/wt/contributions/compute-benchmark/OsakaTX/scripts/../results/combo2/combo2_nav2_map.yaml params_file:=/wt/contributions/compute-benchmark/OsakaTX/scripts/nav2_params_bench.yaml use_sim_time:=False autostart:=True slam:=False use_localization:=False"
2026-09-25T13:17:26Z,153,"noiseE2_20260925T131030Z",477142,"async_slam_tool",24.2,110056,90023,"/opt/ros/jazzy/lib/slam_toolbox/async_slam_toolbox_node --ros-args -r __node:=slam_toolbox -r __ns:=/ --params-file /wt/contributions/compute-benchmark/OsakaTX/scripts/slam_toolbox_params.yaml --params-file /tmp/launch_params_taqg3ax4"
2026-09-25T13:17:26Z,153,"noiseE2_20260925T131030Z",477175,"component_conta",46.3,172328,152136,"/opt/ros/jazzy/lib/rclcpp_components/component_container_isolated --ros-args --log-level info --ros-args -r __node:=nav2_container --params-file /tmp/launch_params_s9huhwju --params-file /tmp/launch_params_1wti_32f -r /tf:=tf -r /tf_static:=tf_static"
2026-09-25T13:17:26Z,153,"noiseE2_20260925T131030Z",477249,"python3",6.2,83572,54190,"python3 /wt/contributions/compute-benchmark/OsakaTX/scripts/nav_goal_seq.py --x 4 --y 4 --yaw 0 --every 22.0 --pause 2.0 --cancel --repeats 0"
2026-09-25T13:17:26Z,153,"noiseE2_20260925T131030Z",477293,"bash",0.5,4372,1343,"bash /wt/contributions/compute-benchmark/xbattlax/scripts/measure_ros_processes.sh --pattern python3|ros2|slam|nav2|component_container|nav_goal_seq --duration 380 --interval 2 --label noiseE2_20260925T131030Z --output /wt/contributions/compute-benchmark/OsakaTX/scripts/../results/combo2/noiseE2_20260925T131030Z.csv"
2026-09-25T13:17:28Z,154,"noiseE2_20260925T131030Z",408070,"python3",0.1,74124,46554,"/usr/bin/python3 -c from ros2cli.daemon.daemonize import main; main() --name ros2-daemon --ros-domain-id 0 --rmw-implementation rmw_fastrtps_cpp"
2026-09-25T13:17:28Z,154,"noiseE2_20260925T131030Z",477106,"python3",5.5,77208,48554,"python3 /wt/contributions/compute-benchmark/OsakaTX/scripts/synthetic_scan_publisher.py --duration 490 --loop-s 40 --hz 5.0 --noise 0.05"
2026-09-25T13:17:28Z,154,"noiseE2_20260925T131030Z",477122,"ros2",0.2,78924,50823,"/usr/bin/python3 /opt/ros/jazzy/bin/ros2 launch slam_toolbox online_async_launch.py slam_params_file:=/wt/contributions/compute-benchmark/OsakaTX/scripts/slam_toolbox_params.yaml use_sim_time:=False autostart:=true"
2026-09-25T13:17:28Z,154,"noiseE2_20260925T131030Z",477123,"ros2",0.4,83264,55420,"/usr/bin/python3 /opt/ros/jazzy/bin/ros2 launch nav2_bringup bringup_launch.py map:=/wt/contributions/compute-benchmark/OsakaTX/scripts/../results/combo2/combo2_nav2_map.yaml params_file:=/wt/contributions/compute-benchmark/OsakaTX/scripts/nav2_params_bench.yaml use_sim_time:=False autostart:=True slam:=False use_localization:=False"
2026-09-25T13:17:28Z,154,"noiseE2_20260925T131030Z",477142,"async_slam_tool",24.3,111132,91099,"/opt/ros/jazzy/lib/slam_toolbox/async_slam_toolbox_node --ros-args -r __node:=slam_toolbox -r __ns:=/ --params-file /wt/contributions/compute-benchmark/OsakaTX/scripts/slam_toolbox_params.yaml --params-file /tmp/launch_params_taqg3ax4"
2026-09-25T13:17:28Z,154,"noiseE2_20260925T131030Z",477175,"component_conta",46.3,172328,152136,"/opt/ros/jazzy/lib/rclcpp_components/component_container_isolated --ros-args --log-level info --ros-args -r __node:=nav2_container --params-file /tmp/launch_params_s9huhwju --params-file /tmp/launch_params_1wti_32f -r /tf:=tf -r /tf_static:=tf_static"
2026-09-25T13:17:28Z,154,"noiseE2_20260925T131030Z",477249,"python3",6.2,83572,54187,"python3 /wt/contributions/compute-benchmark/OsakaTX/scripts/nav_goal_seq.py --x 4 --y 4 --yaw 0 --every 22.0 --pause 2.0 --cancel --repeats 0"
2026-09-25T13:17:28Z,154,"noiseE2_20260925T131030Z",477293,"bash",0.5,4372,1343,"bash /wt/contributions/compute-benchmark/xbattlax/scripts/measure_ros_processes.sh --pattern python3|ros2|slam|nav2|component_container|nav_goal_seq --duration 380 --interval 2 --label noiseE2_20260925T131030Z --output /wt/contributions/compute-benchmark/OsakaTX/scripts/../results/combo2/noiseE2_20260925T131030Z.csv"
2026-09-25T13:17:31Z,155,"noiseE2_20260925T131030Z",408070,"python3",0.1,74124,46550,"/usr/bin/python3 -c from ros2cli.daemon.daemonize import main; main() --name ros2-daemon --ros-domain-id 0 --rmw-implementation rmw_fastrtps_cpp"
2026-09-25T13:17:31Z,155,"noiseE2_20260925T131030Z",477106,"python3",5.5,77208,48553,"python3 /wt/contributions/compute-benchmark/OsakaTX/scripts/synthetic_scan_publisher.py --duration 490 --loop-s 40 --hz 5.0 --noise 0.05"
2026-09-25T13:17:31Z,155,"noiseE2_20260925T131030Z",477122,"ros2",0.2,78924,50825,"/usr/bin/python3 /opt/ros/jazzy/bin/ros2 launch slam_toolbox online_async_launch.py slam_params_file:=/wt/contributions/compute-benchmark/OsakaTX/scripts/slam_toolbox_params.yaml use_sim_time:=False autostart:=true"
2026-09-25T13:17:31Z,155,"noiseE2_20260925T131030Z",477123,"ros2",0.4,83264,55421,"/usr/bin/python3 /opt/ros/jazzy/bin/ros2 launch nav2_bringup bringup_launch.py map:=/wt/contributions/compute-benchmark/OsakaTX/scripts/../results/combo2/combo2_nav2_map.yaml params_file:=/wt/contributions/compute-benchmark/OsakaTX/scripts/nav2_params_bench.yaml use_sim_time:=False autostart:=True slam:=False use_localization:=False"
2026-09-25T13:17:31Z,155,"noiseE2_20260925T131030Z",477142,"async_slam_tool",24.4,111588,91555,"/opt/ros/jazzy/lib/slam_toolbox/async_slam_toolbox_node --ros-args -r __node:=slam_toolbox -r __ns:=/ --params-file /wt/contributions/compute-benchmark/OsakaTX/scripts/slam_toolbox_params.yaml --params-file /tmp/launch_params_taqg3ax4"
2026-09-25T13:17:31Z,155,"noiseE2_20260925T131030Z",477175,"component_conta",46.4,172328,152136,"/opt/ros/jazzy/lib/rclcpp_components/component_container_isolated --ros-args --log-level info --ros-args -r __node:=nav2_container --params-file /tmp/launch_params_s9huhwju --params-file /tmp/launch_params_1wti_32f -r /tf:=tf -r /tf_static:=tf_static"
2026-09-25T13:17:31Z,155,"noiseE2_20260925T131030Z",477249,"python3",6.2,83572,54189,"python3 /wt/contributions/compute-benchmark/OsakaTX/scripts/nav_goal_seq.py --x 4 --y 4 --yaw 0 --every 22.0 --pause 2.0 --cancel --repeats 0"
2026-09-25T13:17:31Z,155,"noiseE2_20260925T131030Z",477293,"bash",0.5,4372,1343,"bash /wt/contributions/compute-benchmark/xbattlax/scripts/measure_ros_processes.sh --pattern python3|ros2|slam|nav2|component_container|nav_goal_seq --duration 380 --interval 2 --label noiseE2_20260925T131030Z --output /wt/contributions/compute-benchmark/OsakaTX/scripts/../results/combo2/noiseE2_20260925T131030Z.csv"
2026-09-25T13:17:33Z,156,"noiseE2_20260925T131030Z",408070,"python3",0.1,74124,46553,"/usr/bin/python3 -c from ros2cli.daemon.daemonize import main; main() --name ros2-daemon --ros-domain-id 0 --rmw-implementation rmw_fastrtps_cpp"
2026-09-25T13:17:33Z,156,"noiseE2_20260925T131030Z",477106,"python3",5.5,77208,48553,"python3 /wt/contributions/compute-benchmark/OsakaTX/scripts/synthetic_scan_publisher.py --duration 490 --loop-s 40 --hz 5.0 --noise 0.05"
2026-09-25T13:17:33Z,156,"noiseE2_20260925T131030Z",477122,"ros2",0.2,78924,50824,"/usr/bin/python3 /opt/ros/jazzy/bin/ros2 launch slam_toolbox online_async_launch.py slam_params_file:=/wt/contributions/compute-benchmark/OsakaTX/scripts/slam_toolbox_params.yaml use_sim_time:=False autostart:=true"
2026-09-25T13:17:33Z,156,"noiseE2_20260925T131030Z",477123,"ros2",0.4,83264,55421,"/usr/bin/python3 /opt/ros/jazzy/bin/ros2 launch nav2_bringup bringup_launch.py map:=/wt/contributions/compute-benchmark/OsakaTX/scripts/../results/combo2/combo2_nav2_map.yaml params_file:=/wt/contributions/compute-benchmark/OsakaTX/scripts/nav2_params_bench.yaml use_sim_time:=False autostart:=True slam:=False use_localization:=False"
2026-09-25T13:17:33Z,156,"noiseE2_20260925T131030Z",477142,"async_slam_tool",24.4,111588,91555,"/opt/ros/jazzy/lib/slam_toolbox/async_slam_toolbox_node --ros-args -r __node:=slam_toolbox -r __ns:=/ --params-file /wt/contributions/compute-benchmark/OsakaTX/scripts/slam_toolbox_params.yaml --params-file /tmp/launch_params_taqg3ax4"
2026-09-25T13:17:33Z,156,"noiseE2_20260925T131030Z",477175,"component_conta",46.4,172328,152136,"/opt/ros/jazzy/lib/rclcpp_components/component_container_isolated --ros-args --log-level info --ros-args -r __node:=nav2_container --params-file /tmp/launch_params_s9huhwju --params-file /tmp/launch_params_1wti_32f -r /tf:=tf -r /tf_static:=tf_static"
2026-09-25T13:17:33Z,156,"noiseE2_20260925T131030Z",477249,"python3",6.2,83572,54187,"python3 /wt/contributions/compute-benchmark/OsakaTX/scripts/nav_goal_seq.py --x 4 --y 4 --yaw 0 --every 22.0 --pause 2.0 --cancel --repeats 0"
2026-09-25T13:17:33Z,156,"noiseE2_20260925T131030Z",477293,"bash",0.5,4372,1340,"bash /wt/contributions/compute-benchmark/xbattlax/scripts/measure_ros_processes.sh --pattern python3|ros2|slam|nav2|component_container|nav_goal_seq --duration 380 --interval 2 --label noiseE2_20260925T131030Z --output /wt/contributions/compute-benchmark/OsakaTX/scripts/../results/combo2/noiseE2_20260925T131030Z.csv"
2026-09-25T13:17:35Z,157,"noiseE2_20260925T131030Z",408070,"python3",0.1,74124,46550,"/usr/bin/python3 -c from ros2cli.daemon.daemonize import main; main() --name ros2-daemon --ros-domain-id 0 --rmw-implementation rmw_fastrtps_cpp"
2026-09-25T13:17:35Z,157,"noiseE2_20260925T131030Z",477106,"python3",5.5,77208,48552,"python3 /wt/contributions/compute-benchmark/OsakaTX/scripts/synthetic_scan_publisher.py --duration 490 --loop-s 40 --hz 5.0 --noise 0.05"
2026-09-25T13:17:35Z,157,"noiseE2_20260925T131030Z",477122,"ros2",0.2,78924,50821,"/usr/bin/python3 /opt/ros/jazzy/bin/ros2 launch slam_toolbox online_async_launch.py slam_params_file:=/wt/contributions/compute-benchmark/OsakaTX/scripts/slam_toolbox_params.yaml use_sim_time:=False autostart:=true"
2026-09-25T13:17:35Z,157,"noiseE2_20260925T131030Z",477123,"ros2",0.4,83264,55422,"/usr/bin/python3 /opt/ros/jazzy/bin/ros2 launch nav2_bringup bringup_launch.py map:=/wt/contributions/compute-benchmark/OsakaTX/scripts/../results/combo2/combo2_nav2_map.yaml params_file:=/wt/contributions/compute-benchmark/OsakaTX/scripts/nav2_params_bench.yaml use_sim_time:=False autostart:=True slam:=False use_localization:=False"
2026-09-25T13:17:35Z,157,"noiseE2_20260925T131030Z",477142,"async_slam_tool",24.4,111788,91754,"/opt/ros/jazzy/lib/slam_toolbox/async_slam_toolbox_node --ros-args -r __node:=slam_toolbox -r __ns:=/ --params-file /wt/contributions/compute-benchmark/OsakaTX/scripts/slam_toolbox_params.yaml --params-file /tmp/launch_params_taqg3ax4"
2026-09-25T13:17:35Z,157,"noiseE2_20260925T131030Z",477175,"component_conta",46.4,172336,152142,"/opt/ros/jazzy/lib/rclcpp_components/component_container_isolated --ros-args --log-level info --ros-args -r __node:=nav2_container --params-file /tmp/launch_params_s9huhwju --params-file /tmp/launch_params_1wti_32f -r /tf:=tf -r /tf_static:=tf_static"
2026-09-25T13:17:35Z,157,"noiseE2_20260925T131030Z",477249,"python3",6.2,83572,54190,"python3 /wt/contributions/compute-benchmark/OsakaTX/scripts/nav_goal_seq.py --x 4 --y 4 --yaw 0 --every 22.0 --pause 2.0 --cancel --repeats 0"
2026-09-25T13:17:35Z,157,"noiseE2_20260925T131030Z",477293,"bash",0.5,4372,1340,"bash /wt/contributions/compute-benchmark/xbattlax/scripts/measure_ros_processes.sh --pattern python3|ros2|slam|nav2|component_container|nav_goal_seq --duration 380 --interval 2 --label noiseE2_20260925T131030Z --output /wt/contributions/compute-benchmark/OsakaTX/scripts/../results/combo2/noiseE2_20260925T131030Z.csv"
