timestamp_utc,sample_index,label,pid,comm,cpu_percent,rss_kib,pss_kib,cmdline
2026-09-25T13:26:14Z,0,"noiseF1_20260925T132529Z",408070,"python3",0.1,74968,47299,"/usr/bin/python3 -c from ros2cli.daemon.daemonize import main; main() --name ros2-daemon --ros-domain-id 0 --rmw-implementation rmw_fastrtps_cpp"
2026-09-25T13:26:14Z,0,"noiseF1_20260925T132529Z",592803,"python3",5.9,77356,48488,"python3 /wt/contributions/compute-benchmark/OsakaTX/scripts/synthetic_scan_publisher.py --duration 490 --loop-s 40 --hz 5.0 --noise 0.05"
2026-09-25T13:26:14Z,0,"noiseF1_20260925T132529Z",592819,"ros2",1.9,79116,50896,"/usr/bin/python3 /opt/ros/jazzy/bin/ros2 launch /wt/contributions/compute-benchmark/OsakaTX/scripts/lifelong_launch.py slam_params_file:=/wt/contributions/compute-benchmark/OsakaTX/scripts/lifelong_slam_params.yaml use_sim_time:=False autostart:=true"
2026-09-25T13:26:14Z,0,"noiseF1_20260925T132529Z",592820,"ros2",3.3,83696,55486,"/usr/bin/python3 /opt/ros/jazzy/bin/ros2 launch nav2_bringup bringup_launch.py map:=/wt/contributions/compute-benchmark/OsakaTX/scripts/../results/combo2/combo2_nav2_map.yaml params_file:=/wt/contributions/compute-benchmark/OsakaTX/scripts/nav2_params_bench.yaml use_sim_time:=False autostart:=True slam:=False use_localization:=False"
2026-09-25T13:26:14Z,0,"noiseF1_20260925T132529Z",592839,"lifelong_slam_t",72.6,68980,48761,"/opt/ros/jazzy/lib/slam_toolbox/lifelong_slam_toolbox_node --ros-args -r __node:=slam_toolbox -r __ns:=/ --params-file /wt/contributions/compute-benchmark/OsakaTX/scripts/lifelong_slam_params.yaml --params-file /tmp/launch_params_u28nfoc8"
2026-09-25T13:26:14Z,0,"noiseF1_20260925T132529Z",592872,"component_conta",30.3,160360,140129,"/opt/ros/jazzy/lib/rclcpp_components/component_container_isolated --ros-args --log-level info --ros-args -r __node:=nav2_container --params-file /tmp/launch_params_f3kff4o9 --params-file /tmp/launch_params_qbgeiakg -r /tf:=tf -r /tf_static:=tf_static"
2026-09-25T13:26:14Z,0,"noiseF1_20260925T132529Z",592938,"python3",16.3,82932,53804,"python3 /wt/contributions/compute-benchmark/OsakaTX/scripts/nav_goal_seq.py --x 4 --y 4 --yaw 0 --every 22.0 --pause 2.0 --cancel --repeats 0"
2026-09-25T13:26:14Z,0,"noiseF1_20260925T132529Z",592983,"bash",2.7,4528,1332,"bash /wt/contributions/compute-benchmark/xbattlax/scripts/measure_ros_processes.sh --pattern python3|ros2|slam|nav2|component_container|nav_goal_seq --duration 380 --interval 2 --label noiseF1_20260925T132529Z --output /wt/contributions/compute-benchmark/OsakaTX/scripts/../results/combo2/noiseF1_20260925T132529Z.csv"
2026-09-25T13:26:16Z,1,"noiseF1_20260925T132529Z",408070,"python3",0.1,74968,47300,"/usr/bin/python3 -c from ros2cli.daemon.daemonize import main; main() --name ros2-daemon --ros-domain-id 0 --rmw-implementation rmw_fastrtps_cpp"
2026-09-25T13:26:16Z,1,"noiseF1_20260925T132529Z",592803,"python3",6.0,77476,48551,"python3 /wt/contributions/compute-benchmark/OsakaTX/scripts/synthetic_scan_publisher.py --duration 490 --loop-s 40 --hz 5.0 --noise 0.05"
2026-09-25T13:26:16Z,1,"noiseF1_20260925T132529Z",592819,"ros2",1.8,79148,50939,"/usr/bin/python3 /opt/ros/jazzy/bin/ros2 launch /wt/contributions/compute-benchmark/OsakaTX/scripts/lifelong_launch.py slam_params_file:=/wt/contributions/compute-benchmark/OsakaTX/scripts/lifelong_slam_params.yaml use_sim_time:=False autostart:=true"
2026-09-25T13:26:16Z,1,"noiseF1_20260925T132529Z",592820,"ros2",3.1,83696,55501,"/usr/bin/python3 /opt/ros/jazzy/bin/ros2 launch nav2_bringup bringup_launch.py map:=/wt/contributions/compute-benchmark/OsakaTX/scripts/../results/combo2/combo2_nav2_map.yaml params_file:=/wt/contributions/compute-benchmark/OsakaTX/scripts/nav2_params_bench.yaml use_sim_time:=False autostart:=True slam:=False use_localization:=False"
2026-09-25T13:26:16Z,1,"noiseF1_20260925T132529Z",592839,"lifelong_slam_t",73.3,69092,48932,"/opt/ros/jazzy/lib/slam_toolbox/lifelong_slam_toolbox_node --ros-args -r __node:=slam_toolbox -r __ns:=/ --params-file /wt/contributions/compute-benchmark/OsakaTX/scripts/lifelong_slam_params.yaml --params-file /tmp/launch_params_u28nfoc8"
2026-09-25T13:26:16Z,1,"noiseF1_20260925T132529Z",592872,"component_conta",31.8,161100,140953,"/opt/ros/jazzy/lib/rclcpp_components/component_container_isolated --ros-args --log-level info --ros-args -r __node:=nav2_container --params-file /tmp/launch_params_f3kff4o9 --params-file /tmp/launch_params_qbgeiakg -r /tf:=tf -r /tf_static:=tf_static"
2026-09-25T13:26:16Z,1,"noiseF1_20260925T132529Z",592938,"python3",12.1,82852,53809,"python3 /wt/contributions/compute-benchmark/OsakaTX/scripts/nav_goal_seq.py --x 4 --y 4 --yaw 0 --every 22.0 --pause 2.0 --cancel --repeats 0"
2026-09-25T13:26:16Z,1,"noiseF1_20260925T132529Z",592983,"bash",0.9,4536,1335,"bash /wt/contributions/compute-benchmark/xbattlax/scripts/measure_ros_processes.sh --pattern python3|ros2|slam|nav2|component_container|nav_goal_seq --duration 380 --interval 2 --label noiseF1_20260925T132529Z --output /wt/contributions/compute-benchmark/OsakaTX/scripts/../results/combo2/noiseF1_20260925T132529Z.csv"
2026-09-25T13:26:19Z,2,"noiseF1_20260925T132529Z",408070,"python3",0.1,74808,47256,"/usr/bin/python3 -c from ros2cli.daemon.daemonize import main; main() --name ros2-daemon --ros-domain-id 0 --rmw-implementation rmw_fastrtps_cpp"
2026-09-25T13:26:19Z,2,"noiseF1_20260925T132529Z",592803,"python3",6.1,77412,48550,"python3 /wt/contributions/compute-benchmark/OsakaTX/scripts/synthetic_scan_publisher.py --duration 490 --loop-s 40 --hz 5.0 --noise 0.05"
2026-09-25T13:26:19Z,2,"noiseF1_20260925T132529Z",592819,"ros2",1.8,78980,50899,"/usr/bin/python3 /opt/ros/jazzy/bin/ros2 launch /wt/contributions/compute-benchmark/OsakaTX/scripts/lifelong_launch.py slam_params_file:=/wt/contributions/compute-benchmark/OsakaTX/scripts/lifelong_slam_params.yaml use_sim_time:=False autostart:=true"
2026-09-25T13:26:19Z,2,"noiseF1_20260925T132529Z",592820,"ros2",3.0,83528,55457,"/usr/bin/python3 /opt/ros/jazzy/bin/ros2 launch nav2_bringup bringup_launch.py map:=/wt/contributions/compute-benchmark/OsakaTX/scripts/../results/combo2/combo2_nav2_map.yaml params_file:=/wt/contributions/compute-benchmark/OsakaTX/scripts/nav2_params_bench.yaml use_sim_time:=False autostart:=True slam:=False use_localization:=False"
2026-09-25T13:26:19Z,2,"noiseF1_20260925T132529Z",592839,"lifelong_slam_t",75.3,69084,49004,"/opt/ros/jazzy/lib/slam_toolbox/lifelong_slam_toolbox_node --ros-args -r __node:=slam_toolbox -r __ns:=/ --params-file /wt/contributions/compute-benchmark/OsakaTX/scripts/lifelong_slam_params.yaml --params-file /tmp/launch_params_u28nfoc8"
2026-09-25T13:26:19Z,2,"noiseF1_20260925T132529Z",592872,"component_conta",32.7,161268,141177,"/opt/ros/jazzy/lib/rclcpp_components/component_container_isolated --ros-args --log-level info --ros-args -r __node:=nav2_container --params-file /tmp/launch_params_f3kff4o9 --params-file /tmp/launch_params_qbgeiakg -r /tf:=tf -r /tf_static:=tf_static"
2026-09-25T13:26:19Z,2,"noiseF1_20260925T132529Z",592938,"python3",10.6,82788,53797,"python3 /wt/contributions/compute-benchmark/OsakaTX/scripts/nav_goal_seq.py --x 4 --y 4 --yaw 0 --every 22.0 --pause 2.0 --cancel --repeats 0"
2026-09-25T13:26:19Z,2,"noiseF1_20260925T132529Z",592983,"bash",0.7,4540,1341,"bash /wt/contributions/compute-benchmark/xbattlax/scripts/measure_ros_processes.sh --pattern python3|ros2|slam|nav2|component_container|nav_goal_seq --duration 380 --interval 2 --label noiseF1_20260925T132529Z --output /wt/contributions/compute-benchmark/OsakaTX/scripts/../results/combo2/noiseF1_20260925T132529Z.csv"
2026-09-25T13:26:21Z,3,"noiseF1_20260925T132529Z",408070,"python3",0.1,74808,47259,"/usr/bin/python3 -c from ros2cli.daemon.daemonize import main; main() --name ros2-daemon --ros-domain-id 0 --rmw-implementation rmw_fastrtps_cpp"
2026-09-25T13:26:21Z,3,"noiseF1_20260925T132529Z",592803,"python3",6.1,77412,48548,"python3 /wt/contributions/compute-benchmark/OsakaTX/scripts/synthetic_scan_publisher.py --duration 490 --loop-s 40 --hz 5.0 --noise 0.05"
2026-09-25T13:26:21Z,3,"noiseF1_20260925T132529Z",592819,"ros2",1.7,78980,50901,"/usr/bin/python3 /opt/ros/jazzy/bin/ros2 launch /wt/contributions/compute-benchmark/OsakaTX/scripts/lifelong_launch.py slam_params_file:=/wt/contributions/compute-benchmark/OsakaTX/scripts/lifelong_slam_params.yaml use_sim_time:=False autostart:=true"
2026-09-25T13:26:21Z,3,"noiseF1_20260925T132529Z",592820,"ros2",2.8,83528,55457,"/usr/bin/python3 /opt/ros/jazzy/bin/ros2 launch nav2_bringup bringup_launch.py map:=/wt/contributions/compute-benchmark/OsakaTX/scripts/../results/combo2/combo2_nav2_map.yaml params_file:=/wt/contributions/compute-benchmark/OsakaTX/scripts/nav2_params_bench.yaml use_sim_time:=False autostart:=True slam:=False use_localization:=False"
2026-09-25T13:26:21Z,3,"noiseF1_20260925T132529Z",592839,"lifelong_slam_t",77.1,69124,49070,"/opt/ros/jazzy/lib/slam_toolbox/lifelong_slam_toolbox_node --ros-args -r __node:=slam_toolbox -r __ns:=/ --params-file /wt/contributions/compute-benchmark/OsakaTX/scripts/lifelong_slam_params.yaml --params-file /tmp/launch_params_u28nfoc8"
2026-09-25T13:26:21Z,3,"noiseF1_20260925T132529Z",592872,"component_conta",33.7,161280,141188,"/opt/ros/jazzy/lib/rclcpp_components/component_container_isolated --ros-args --log-level info --ros-args -r __node:=nav2_container --params-file /tmp/launch_params_f3kff4o9 --params-file /tmp/launch_params_qbgeiakg -r /tf:=tf -r /tf_static:=tf_static"
2026-09-25T13:26:21Z,3,"noiseF1_20260925T132529Z",592938,"python3",9.7,82792,53800,"python3 /wt/contributions/compute-benchmark/OsakaTX/scripts/nav_goal_seq.py --x 4 --y 4 --yaw 0 --every 22.0 --pause 2.0 --cancel --repeats 0"
2026-09-25T13:26:21Z,3,"noiseF1_20260925T132529Z",592983,"bash",0.5,4540,1340,"bash /wt/contributions/compute-benchmark/xbattlax/scripts/measure_ros_processes.sh --pattern python3|ros2|slam|nav2|component_container|nav_goal_seq --duration 380 --interval 2 --label noiseF1_20260925T132529Z --output /wt/contributions/compute-benchmark/OsakaTX/scripts/../results/combo2/noiseF1_20260925T132529Z.csv"
2026-09-25T13:26:23Z,4,"noiseF1_20260925T132529Z",408070,"python3",0.1,74808,47260,"/usr/bin/python3 -c from ros2cli.daemon.daemonize import main; main() --name ros2-daemon --ros-domain-id 0 --rmw-implementation rmw_fastrtps_cpp"
2026-09-25T13:26:23Z,4,"noiseF1_20260925T132529Z",592803,"python3",6.2,77412,48546,"python3 /wt/contributions/compute-benchmark/OsakaTX/scripts/synthetic_scan_publisher.py --duration 490 --loop-s 40 --hz 5.0 --noise 0.05"
2026-09-25T13:26:23Z,4,"noiseF1_20260925T132529Z",592819,"ros2",1.7,79008,50930,"/usr/bin/python3 /opt/ros/jazzy/bin/ros2 launch /wt/contributions/compute-benchmark/OsakaTX/scripts/lifelong_launch.py slam_params_file:=/wt/contributions/compute-benchmark/OsakaTX/scripts/lifelong_slam_params.yaml use_sim_time:=False autostart:=true"
2026-09-25T13:26:23Z,4,"noiseF1_20260925T132529Z",592820,"ros2",2.7,83528,55458,"/usr/bin/python3 /opt/ros/jazzy/bin/ros2 launch nav2_bringup bringup_launch.py map:=/wt/contributions/compute-benchmark/OsakaTX/scripts/../results/combo2/combo2_nav2_map.yaml params_file:=/wt/contributions/compute-benchmark/OsakaTX/scripts/nav2_params_bench.yaml use_sim_time:=False autostart:=True slam:=False use_localization:=False"
2026-09-25T13:26:23Z,4,"noiseF1_20260925T132529Z",592839,"lifelong_slam_t",78.6,69128,49047,"/opt/ros/jazzy/lib/slam_toolbox/lifelong_slam_toolbox_node --ros-args -r __node:=slam_toolbox -r __ns:=/ --params-file /wt/contributions/compute-benchmark/OsakaTX/scripts/lifelong_slam_params.yaml --params-file /tmp/launch_params_u28nfoc8"
2026-09-25T13:26:23Z,4,"noiseF1_20260925T132529Z",592872,"component_conta",34.7,161372,141281,"/opt/ros/jazzy/lib/rclcpp_components/component_container_isolated --ros-args --log-level info --ros-args -r __node:=nav2_container --params-file /tmp/launch_params_f3kff4o9 --params-file /tmp/launch_params_qbgeiakg -r /tf:=tf -r /tf_static:=tf_static"
2026-09-25T13:26:23Z,4,"noiseF1_20260925T132529Z",592938,"python3",9.3,82792,53803,"python3 /wt/contributions/compute-benchmark/OsakaTX/scripts/nav_goal_seq.py --x 4 --y 4 --yaw 0 --every 22.0 --pause 2.0 --cancel --repeats 0"
2026-09-25T13:26:23Z,4,"noiseF1_20260925T132529Z",592983,"bash",0.5,4544,1349,"bash /wt/contributions/compute-benchmark/xbattlax/scripts/measure_ros_processes.sh --pattern python3|ros2|slam|nav2|component_container|nav_goal_seq --duration 380 --interval 2 --label noiseF1_20260925T132529Z --output /wt/contributions/compute-benchmark/OsakaTX/scripts/../results/combo2/noiseF1_20260925T132529Z.csv"
2026-09-25T13:26:26Z,5,"noiseF1_20260925T132529Z",408070,"python3",0.1,74808,47257,"/usr/bin/python3 -c from ros2cli.daemon.daemonize import main; main() --name ros2-daemon --ros-domain-id 0 --rmw-implementation rmw_fastrtps_cpp"
2026-09-25T13:26:26Z,5,"noiseF1_20260925T132529Z",592803,"python3",6.2,77412,48525,"python3 /wt/contributions/compute-benchmark/OsakaTX/scripts/synthetic_scan_publisher.py --duration 490 --loop-s 40 --hz 5.0 --noise 0.05"
2026-09-25T13:26:26Z,5,"noiseF1_20260925T132529Z",592819,"ros2",1.6,79016,50933,"/usr/bin/python3 /opt/ros/jazzy/bin/ros2 launch /wt/contributions/compute-benchmark/OsakaTX/scripts/lifelong_launch.py slam_params_file:=/wt/contributions/compute-benchmark/OsakaTX/scripts/lifelong_slam_params.yaml use_sim_time:=False autostart:=true"
2026-09-25T13:26:26Z,5,"noiseF1_20260925T132529Z",592820,"ros2",2.6,83528,55457,"/usr/bin/python3 /opt/ros/jazzy/bin/ros2 launch nav2_bringup bringup_launch.py map:=/wt/contributions/compute-benchmark/OsakaTX/scripts/../results/combo2/combo2_nav2_map.yaml params_file:=/wt/contributions/compute-benchmark/OsakaTX/scripts/nav2_params_bench.yaml use_sim_time:=False autostart:=True slam:=False use_localization:=False"
2026-09-25T13:26:26Z,5,"noiseF1_20260925T132529Z",592839,"lifelong_slam_t",79.9,69180,49075,"/opt/ros/jazzy/lib/slam_toolbox/lifelong_slam_toolbox_node --ros-args -r __node:=slam_toolbox -r __ns:=/ --params-file /wt/contributions/compute-benchmark/OsakaTX/scripts/lifelong_slam_params.yaml --params-file /tmp/launch_params_u28nfoc8"
2026-09-25T13:26:26Z,5,"noiseF1_20260925T132529Z",592872,"component_conta",35.5,161476,141385,"/opt/ros/jazzy/lib/rclcpp_components/component_container_isolated --ros-args --log-level info --ros-args -r __node:=nav2_container --params-file /tmp/launch_params_f3kff4o9 --params-file /tmp/launch_params_qbgeiakg -r /tf:=tf -r /tf_static:=tf_static"
2026-09-25T13:26:26Z,5,"noiseF1_20260925T132529Z",592938,"python3",8.9,82792,53803,"python3 /wt/contributions/compute-benchmark/OsakaTX/scripts/nav_goal_seq.py --x 4 --y 4 --yaw 0 --every 22.0 --pause 2.0 --cancel --repeats 0"
2026-09-25T13:26:26Z,5,"noiseF1_20260925T132529Z",592983,"bash",0.5,4544,1347,"bash /wt/contributions/compute-benchmark/xbattlax/scripts/measure_ros_processes.sh --pattern python3|ros2|slam|nav2|component_container|nav_goal_seq --duration 380 --interval 2 --label noiseF1_20260925T132529Z --output /wt/contributions/compute-benchmark/OsakaTX/scripts/../results/combo2/noiseF1_20260925T132529Z.csv"
2026-09-25T13:26:28Z,6,"noiseF1_20260925T132529Z",408070,"python3",0.1,74808,47260,"/usr/bin/python3 -c from ros2cli.daemon.daemonize import main; main() --name ros2-daemon --ros-domain-id 0 --rmw-implementation rmw_fastrtps_cpp"
2026-09-25T13:26:28Z,6,"noiseF1_20260925T132529Z",592803,"python3",6.2,77412,48552,"python3 /wt/contributions/compute-benchmark/OsakaTX/scripts/synthetic_scan_publisher.py --duration 490 --loop-s 40 --hz 5.0 --noise 0.05"
2026-09-25T13:26:28Z,6,"noiseF1_20260925T132529Z",592819,"ros2",1.6,79016,50935,"/usr/bin/python3 /opt/ros/jazzy/bin/ros2 launch /wt/contributions/compute-benchmark/OsakaTX/scripts/lifelong_launch.py slam_params_file:=/wt/contributions/compute-benchmark/OsakaTX/scripts/lifelong_slam_params.yaml use_sim_time:=False autostart:=true"
2026-09-25T13:26:28Z,6,"noiseF1_20260925T132529Z",592820,"ros2",2.5,83528,55455,"/usr/bin/python3 /opt/ros/jazzy/bin/ros2 launch nav2_bringup bringup_launch.py map:=/wt/contributions/compute-benchmark/OsakaTX/scripts/../results/combo2/combo2_nav2_map.yaml params_file:=/wt/contributions/compute-benchmark/OsakaTX/scripts/nav2_params_bench.yaml use_sim_time:=False autostart:=True slam:=False use_localization:=False"
2026-09-25T13:26:28Z,6,"noiseF1_20260925T132529Z",592839,"lifelong_slam_t",81.3,69180,49075,"/opt/ros/jazzy/lib/slam_toolbox/lifelong_slam_toolbox_node --ros-args -r __node:=slam_toolbox -r __ns:=/ --params-file /wt/contributions/compute-benchmark/OsakaTX/scripts/lifelong_slam_params.yaml --params-file /tmp/launch_params_u28nfoc8"
2026-09-25T13:26:28Z,6,"noiseF1_20260925T132529Z",592872,"component_conta",36.1,161568,141477,"/opt/ros/jazzy/lib/rclcpp_components/component_container_isolated --ros-args --log-level info --ros-args -r __node:=nav2_container --params-file /tmp/launch_params_f3kff4o9 --params-file /tmp/launch_params_qbgeiakg -r /tf:=tf -r /tf_static:=tf_static"
2026-09-25T13:26:28Z,6,"noiseF1_20260925T132529Z",592938,"python3",8.6,82792,53800,"python3 /wt/contributions/compute-benchmark/OsakaTX/scripts/nav_goal_seq.py --x 4 --y 4 --yaw 0 --every 22.0 --pause 2.0 --cancel --repeats 0"
2026-09-25T13:26:28Z,6,"noiseF1_20260925T132529Z",592983,"bash",0.5,4544,1349,"bash /wt/contributions/compute-benchmark/xbattlax/scripts/measure_ros_processes.sh --pattern python3|ros2|slam|nav2|component_container|nav_goal_seq --duration 380 --interval 2 --label noiseF1_20260925T132529Z --output /wt/contributions/compute-benchmark/OsakaTX/scripts/../results/combo2/noiseF1_20260925T132529Z.csv"
2026-09-25T13:26:31Z,7,"noiseF1_20260925T132529Z",408070,"python3",0.1,74808,47257,"/usr/bin/python3 -c from ros2cli.daemon.daemonize import main; main() --name ros2-daemon --ros-domain-id 0 --rmw-implementation rmw_fastrtps_cpp"
2026-09-25T13:26:31Z,7,"noiseF1_20260925T132529Z",592803,"python3",6.3,77412,48544,"python3 /wt/contributions/compute-benchmark/OsakaTX/scripts/synthetic_scan_publisher.py --duration 490 --loop-s 40 --hz 5.0 --noise 0.05"
2026-09-25T13:26:31Z,7,"noiseF1_20260925T132529Z",592819,"ros2",1.5,79016,50933,"/usr/bin/python3 /opt/ros/jazzy/bin/ros2 launch /wt/contributions/compute-benchmark/OsakaTX/scripts/lifelong_launch.py slam_params_file:=/wt/contributions/compute-benchmark/OsakaTX/scripts/lifelong_slam_params.yaml use_sim_time:=False autostart:=true"
2026-09-25T13:26:31Z,7,"noiseF1_20260925T132529Z",592820,"ros2",2.4,83528,55457,"/usr/bin/python3 /opt/ros/jazzy/bin/ros2 launch nav2_bringup bringup_launch.py map:=/wt/contributions/compute-benchmark/OsakaTX/scripts/../results/combo2/combo2_nav2_map.yaml params_file:=/wt/contributions/compute-benchmark/OsakaTX/scripts/nav2_params_bench.yaml use_sim_time:=False autostart:=True slam:=False use_localization:=False"
2026-09-25T13:26:31Z,7,"noiseF1_20260925T132529Z",592839,"lifelong_slam_t",82.4,69128,49049,"/opt/ros/jazzy/lib/slam_toolbox/lifelong_slam_toolbox_node --ros-args -r __node:=slam_toolbox -r __ns:=/ --params-file /wt/contributions/compute-benchmark/OsakaTX/scripts/lifelong_slam_params.yaml --params-file /tmp/launch_params_u28nfoc8"
2026-09-25T13:26:31Z,7,"noiseF1_20260925T132529Z",592872,"component_conta",36.9,161960,141868,"/opt/ros/jazzy/lib/rclcpp_components/component_container_isolated --ros-args --log-level info --ros-args -r __node:=nav2_container --params-file /tmp/launch_params_f3kff4o9 --params-file /tmp/launch_params_qbgeiakg -r /tf:=tf -r /tf_static:=tf_static"
2026-09-25T13:26:31Z,7,"noiseF1_20260925T132529Z",592938,"python3",8.5,82792,53804,"python3 /wt/contributions/compute-benchmark/OsakaTX/scripts/nav_goal_seq.py --x 4 --y 4 --yaw 0 --every 22.0 --pause 2.0 --cancel --repeats 0"
2026-09-25T13:26:31Z,7,"noiseF1_20260925T132529Z",592983,"bash",0.5,4548,1351,"bash /wt/contributions/compute-benchmark/xbattlax/scripts/measure_ros_processes.sh --pattern python3|ros2|slam|nav2|component_container|nav_goal_seq --duration 380 --interval 2 --label noiseF1_20260925T132529Z --output /wt/contributions/compute-benchmark/OsakaTX/scripts/../results/combo2/noiseF1_20260925T132529Z.csv"
2026-09-25T13:26:33Z,8,"noiseF1_20260925T132529Z",408070,"python3",0.1,74808,47260,"/usr/bin/python3 -c from ros2cli.daemon.daemonize import main; main() --name ros2-daemon --ros-domain-id 0 --rmw-implementation rmw_fastrtps_cpp"
2026-09-25T13:26:33Z,8,"noiseF1_20260925T132529Z",592803,"python3",6.3,77360,48499,"python3 /wt/contributions/compute-benchmark/OsakaTX/scripts/synthetic_scan_publisher.py --duration 490 --loop-s 40 --hz 5.0 --noise 0.05"
2026-09-25T13:26:33Z,8,"noiseF1_20260925T132529Z",592819,"ros2",1.5,79016,50931,"/usr/bin/python3 /opt/ros/jazzy/bin/ros2 launch /wt/contributions/compute-benchmark/OsakaTX/scripts/lifelong_launch.py slam_params_file:=/wt/contributions/compute-benchmark/OsakaTX/scripts/lifelong_slam_params.yaml use_sim_time:=False autostart:=true"
2026-09-25T13:26:33Z,8,"noiseF1_20260925T132529Z",592820,"ros2",2.3,83528,55459,"/usr/bin/python3 /opt/ros/jazzy/bin/ros2 launch nav2_bringup bringup_launch.py map:=/wt/contributions/compute-benchmark/OsakaTX/scripts/../results/combo2/combo2_nav2_map.yaml params_file:=/wt/contributions/compute-benchmark/OsakaTX/scripts/nav2_params_bench.yaml use_sim_time:=False autostart:=True slam:=False use_localization:=False"
2026-09-25T13:26:33Z,8,"noiseF1_20260925T132529Z",592839,"lifelong_slam_t",83.1,69128,49049,"/opt/ros/jazzy/lib/slam_toolbox/lifelong_slam_toolbox_node --ros-args -r __node:=slam_toolbox -r __ns:=/ --params-file /wt/contributions/compute-benchmark/OsakaTX/scripts/lifelong_slam_params.yaml --params-file /tmp/launch_params_u28nfoc8"
2026-09-25T13:26:33Z,8,"noiseF1_20260925T132529Z",592872,"component_conta",37.4,161964,141872,"/opt/ros/jazzy/lib/rclcpp_components/component_container_isolated --ros-args --log-level info --ros-args -r __node:=nav2_container --params-file /tmp/launch_params_f3kff4o9 --params-file /tmp/launch_params_qbgeiakg -r /tf:=tf -r /tf_static:=tf_static"
2026-09-25T13:26:33Z,8,"noiseF1_20260925T132529Z",592938,"python3",8.2,82792,53804,"python3 /wt/contributions/compute-benchmark/OsakaTX/scripts/nav_goal_seq.py --x 4 --y 4 --yaw 0 --every 22.0 --pause 2.0 --cancel --repeats 0"
2026-09-25T13:26:33Z,8,"noiseF1_20260925T132529Z",592983,"bash",0.5,4548,1349,"bash /wt/contributions/compute-benchmark/xbattlax/scripts/measure_ros_processes.sh --pattern python3|ros2|slam|nav2|component_container|nav_goal_seq --duration 380 --interval 2 --label noiseF1_20260925T132529Z --output /wt/contributions/compute-benchmark/OsakaTX/scripts/../results/combo2/noiseF1_20260925T132529Z.csv"
2026-09-25T13:26:36Z,9,"noiseF1_20260925T132529Z",408070,"python3",0.1,74808,47260,"/usr/bin/python3 -c from ros2cli.daemon.daemonize import main; main() --name ros2-daemon --ros-domain-id 0 --rmw-implementation rmw_fastrtps_cpp"
2026-09-25T13:26:36Z,9,"noiseF1_20260925T132529Z",592803,"python3",6.3,77360,48491,"python3 /wt/contributions/compute-benchmark/OsakaTX/scripts/synthetic_scan_publisher.py --duration 490 --loop-s 40 --hz 5.0 --noise 0.05"
2026-09-25T13:26:36Z,9,"noiseF1_20260925T132529Z",592819,"ros2",1.5,79016,50933,"/usr/bin/python3 /opt/ros/jazzy/bin/ros2 launch /wt/contributions/compute-benchmark/OsakaTX/scripts/lifelong_launch.py slam_params_file:=/wt/contributions/compute-benchmark/OsakaTX/scripts/lifelong_slam_params.yaml use_sim_time:=False autostart:=true"
2026-09-25T13:26:36Z,9,"noiseF1_20260925T132529Z",592820,"ros2",2.2,83528,55457,"/usr/bin/python3 /opt/ros/jazzy/bin/ros2 launch nav2_bringup bringup_launch.py map:=/wt/contributions/compute-benchmark/OsakaTX/scripts/../results/combo2/combo2_nav2_map.yaml params_file:=/wt/contributions/compute-benchmark/OsakaTX/scripts/nav2_params_bench.yaml use_sim_time:=False autostart:=True slam:=False use_localization:=False"
2026-09-25T13:26:36Z,9,"noiseF1_20260925T132529Z",592839,"lifelong_slam_t",82.2,69128,49048,"/opt/ros/jazzy/lib/slam_toolbox/lifelong_slam_toolbox_node --ros-args -r __node:=slam_toolbox -r __ns:=/ --params-file /wt/contributions/compute-benchmark/OsakaTX/scripts/lifelong_slam_params.yaml --params-file /tmp/launch_params_u28nfoc8"
2026-09-25T13:26:36Z,9,"noiseF1_20260925T132529Z",592872,"component_conta",37.6,164452,144360,"/opt/ros/jazzy/lib/rclcpp_components/component_container_isolated --ros-args --log-level info --ros-args -r __node:=nav2_container --params-file /tmp/launch_params_f3kff4o9 --params-file /tmp/launch_params_qbgeiakg -r /tf:=tf -r /tf_static:=tf_static"
2026-09-25T13:26:36Z,9,"noiseF1_20260925T132529Z",592938,"python3",7.7,82796,53808,"python3 /wt/contributions/compute-benchmark/OsakaTX/scripts/nav_goal_seq.py --x 4 --y 4 --yaw 0 --every 22.0 --pause 2.0 --cancel --repeats 0"
2026-09-25T13:26:36Z,9,"noiseF1_20260925T132529Z",592983,"bash",0.5,4548,1349,"bash /wt/contributions/compute-benchmark/xbattlax/scripts/measure_ros_processes.sh --pattern python3|ros2|slam|nav2|component_container|nav_goal_seq --duration 380 --interval 2 --label noiseF1_20260925T132529Z --output /wt/contributions/compute-benchmark/OsakaTX/scripts/../results/combo2/noiseF1_20260925T132529Z.csv"
2026-09-25T13:26:38Z,10,"noiseF1_20260925T132529Z",408070,"python3",0.1,74808,47260,"/usr/bin/python3 -c from ros2cli.daemon.daemonize import main; main() --name ros2-daemon --ros-domain-id 0 --rmw-implementation rmw_fastrtps_cpp"
2026-09-25T13:26:38Z,10,"noiseF1_20260925T132529Z",592803,"python3",6.2,77360,48491,"python3 /wt/contributions/compute-benchmark/OsakaTX/scripts/synthetic_scan_publisher.py --duration 490 --loop-s 40 --hz 5.0 --noise 0.05"
2026-09-25T13:26:38Z,10,"noiseF1_20260925T132529Z",592819,"ros2",1.4,79016,50939,"/usr/bin/python3 /opt/ros/jazzy/bin/ros2 launch /wt/contributions/compute-benchmark/OsakaTX/scripts/lifelong_launch.py slam_params_file:=/wt/contributions/compute-benchmark/OsakaTX/scripts/lifelong_slam_params.yaml use_sim_time:=False autostart:=true"
2026-09-25T13:26:38Z,10,"noiseF1_20260925T132529Z",592820,"ros2",2.2,83528,55459,"/usr/bin/python3 /opt/ros/jazzy/bin/ros2 launch nav2_bringup bringup_launch.py map:=/wt/contributions/compute-benchmark/OsakaTX/scripts/../results/combo2/combo2_nav2_map.yaml params_file:=/wt/contributions/compute-benchmark/OsakaTX/scripts/nav2_params_bench.yaml use_sim_time:=False autostart:=True slam:=False use_localization:=False"
2026-09-25T13:26:38Z,10,"noiseF1_20260925T132529Z",592839,"lifelong_slam_t",81.3,69128,49049,"/opt/ros/jazzy/lib/slam_toolbox/lifelong_slam_toolbox_node --ros-args -r __node:=slam_toolbox -r __ns:=/ --params-file /wt/contributions/compute-benchmark/OsakaTX/scripts/lifelong_slam_params.yaml --params-file /tmp/launch_params_u28nfoc8"
2026-09-25T13:26:38Z,10,"noiseF1_20260925T132529Z",592872,"component_conta",37.9,165660,145568,"/opt/ros/jazzy/lib/rclcpp_components/component_container_isolated --ros-args --log-level info --ros-args -r __node:=nav2_container --params-file /tmp/launch_params_f3kff4o9 --params-file /tmp/launch_params_qbgeiakg -r /tf:=tf -r /tf_static:=tf_static"
2026-09-25T13:26:38Z,10,"noiseF1_20260925T132529Z",592938,"python3",7.5,82796,53804,"python3 /wt/contributions/compute-benchmark/OsakaTX/scripts/nav_goal_seq.py --x 4 --y 4 --yaw 0 --every 22.0 --pause 2.0 --cancel --repeats 0"
2026-09-25T13:26:38Z,10,"noiseF1_20260925T132529Z",592983,"bash",0.5,4548,1351,"bash /wt/contributions/compute-benchmark/xbattlax/scripts/measure_ros_processes.sh --pattern python3|ros2|slam|nav2|component_container|nav_goal_seq --duration 380 --interval 2 --label noiseF1_20260925T132529Z --output /wt/contributions/compute-benchmark/OsakaTX/scripts/../results/combo2/noiseF1_20260925T132529Z.csv"
2026-09-25T13:26:41Z,11,"noiseF1_20260925T132529Z",408070,"python3",0.1,74808,47259,"/usr/bin/python3 -c from ros2cli.daemon.daemonize import main; main() --name ros2-daemon --ros-domain-id 0 --rmw-implementation rmw_fastrtps_cpp"
2026-09-25T13:26:41Z,11,"noiseF1_20260925T132529Z",592803,"python3",6.2,77360,48501,"python3 /wt/contributions/compute-benchmark/OsakaTX/scripts/synthetic_scan_publisher.py --duration 490 --loop-s 40 --hz 5.0 --noise 0.05"
2026-09-25T13:26:41Z,11,"noiseF1_20260925T132529Z",592819,"ros2",1.4,79016,50935,"/usr/bin/python3 /opt/ros/jazzy/bin/ros2 launch /wt/contributions/compute-benchmark/OsakaTX/scripts/lifelong_launch.py slam_params_file:=/wt/contributions/compute-benchmark/OsakaTX/scripts/lifelong_slam_params.yaml use_sim_time:=False autostart:=true"
2026-09-25T13:26:41Z,11,"noiseF1_20260925T132529Z",592820,"ros2",2.1,83528,55457,"/usr/bin/python3 /opt/ros/jazzy/bin/ros2 launch nav2_bringup bringup_launch.py map:=/wt/contributions/compute-benchmark/OsakaTX/scripts/../results/combo2/combo2_nav2_map.yaml params_file:=/wt/contributions/compute-benchmark/OsakaTX/scripts/nav2_params_bench.yaml use_sim_time:=False autostart:=True slam:=False use_localization:=False"
2026-09-25T13:26:41Z,11,"noiseF1_20260925T132529Z",592839,"lifelong_slam_t",80.9,69128,49047,"/opt/ros/jazzy/lib/slam_toolbox/lifelong_slam_toolbox_node --ros-args -r __node:=slam_toolbox -r __ns:=/ --params-file /wt/contributions/compute-benchmark/OsakaTX/scripts/lifelong_slam_params.yaml --params-file /tmp/launch_params_u28nfoc8"
2026-09-25T13:26:41Z,11,"noiseF1_20260925T132529Z",592872,"component_conta",38.4,165660,145569,"/opt/ros/jazzy/lib/rclcpp_components/component_container_isolated --ros-args --log-level info --ros-args -r __node:=nav2_container --params-file /tmp/launch_params_f3kff4o9 --params-file /tmp/launch_params_qbgeiakg -r /tf:=tf -r /tf_static:=tf_static"
2026-09-25T13:26:41Z,11,"noiseF1_20260925T132529Z",592938,"python3",7.4,82800,53811,"python3 /wt/contributions/compute-benchmark/OsakaTX/scripts/nav_goal_seq.py --x 4 --y 4 --yaw 0 --every 22.0 --pause 2.0 --cancel --repeats 0"
2026-09-25T13:26:41Z,11,"noiseF1_20260925T132529Z",592983,"bash",0.5,4548,1349,"bash /wt/contributions/compute-benchmark/xbattlax/scripts/measure_ros_processes.sh --pattern python3|ros2|slam|nav2|component_container|nav_goal_seq --duration 380 --interval 2 --label noiseF1_20260925T132529Z --output /wt/contributions/compute-benchmark/OsakaTX/scripts/../results/combo2/noiseF1_20260925T132529Z.csv"
2026-09-25T13:26:43Z,12,"noiseF1_20260925T132529Z",408070,"python3",0.1,74808,47260,"/usr/bin/python3 -c from ros2cli.daemon.daemonize import main; main() --name ros2-daemon --ros-domain-id 0 --rmw-implementation rmw_fastrtps_cpp"
2026-09-25T13:26:43Z,12,"noiseF1_20260925T132529Z",592803,"python3",6.2,77360,48489,"python3 /wt/contributions/compute-benchmark/OsakaTX/scripts/synthetic_scan_publisher.py --duration 490 --loop-s 40 --hz 5.0 --noise 0.05"
2026-09-25T13:26:43Z,12,"noiseF1_20260925T132529Z",592819,"ros2",1.4,79016,50938,"/usr/bin/python3 /opt/ros/jazzy/bin/ros2 launch /wt/contributions/compute-benchmark/OsakaTX/scripts/lifelong_launch.py slam_params_file:=/wt/contributions/compute-benchmark/OsakaTX/scripts/lifelong_slam_params.yaml use_sim_time:=False autostart:=true"
2026-09-25T13:26:43Z,12,"noiseF1_20260925T132529Z",592820,"ros2",2.0,83528,55457,"/usr/bin/python3 /opt/ros/jazzy/bin/ros2 launch nav2_bringup bringup_launch.py map:=/wt/contributions/compute-benchmark/OsakaTX/scripts/../results/combo2/combo2_nav2_map.yaml params_file:=/wt/contributions/compute-benchmark/OsakaTX/scripts/nav2_params_bench.yaml use_sim_time:=False autostart:=True slam:=False use_localization:=False"
2026-09-25T13:26:43Z,12,"noiseF1_20260925T132529Z",592839,"lifelong_slam_t",80.3,69128,49049,"/opt/ros/jazzy/lib/slam_toolbox/lifelong_slam_toolbox_node --ros-args -r __node:=slam_toolbox -r __ns:=/ --params-file /wt/contributions/compute-benchmark/OsakaTX/scripts/lifelong_slam_params.yaml --params-file /tmp/launch_params_u28nfoc8"
2026-09-25T13:26:43Z,12,"noiseF1_20260925T132529Z",592872,"component_conta",38.8,165660,145569,"/opt/ros/jazzy/lib/rclcpp_components/component_container_isolated --ros-args --log-level info --ros-args -r __node:=nav2_container --params-file /tmp/launch_params_f3kff4o9 --params-file /tmp/launch_params_qbgeiakg -r /tf:=tf -r /tf_static:=tf_static"
2026-09-25T13:26:43Z,12,"noiseF1_20260925T132529Z",592938,"python3",7.4,82800,53811,"python3 /wt/contributions/compute-benchmark/OsakaTX/scripts/nav_goal_seq.py --x 4 --y 4 --yaw 0 --every 22.0 --pause 2.0 --cancel --repeats 0"
2026-09-25T13:26:43Z,12,"noiseF1_20260925T132529Z",592983,"bash",0.5,4548,1349,"bash /wt/contributions/compute-benchmark/xbattlax/scripts/measure_ros_processes.sh --pattern python3|ros2|slam|nav2|component_container|nav_goal_seq --duration 380 --interval 2 --label noiseF1_20260925T132529Z --output /wt/contributions/compute-benchmark/OsakaTX/scripts/../results/combo2/noiseF1_20260925T132529Z.csv"
2026-09-25T13:26:45Z,13,"noiseF1_20260925T132529Z",408070,"python3",0.1,74808,47260,"/usr/bin/python3 -c from ros2cli.daemon.daemonize import main; main() --name ros2-daemon --ros-domain-id 0 --rmw-implementation rmw_fastrtps_cpp"
2026-09-25T13:26:45Z,13,"noiseF1_20260925T132529Z",592803,"python3",6.1,77360,48501,"python3 /wt/contributions/compute-benchmark/OsakaTX/scripts/synthetic_scan_publisher.py --duration 490 --loop-s 40 --hz 5.0 --noise 0.05"
2026-09-25T13:26:45Z,13,"noiseF1_20260925T132529Z",592819,"ros2",1.4,79016,50937,"/usr/bin/python3 /opt/ros/jazzy/bin/ros2 launch /wt/contributions/compute-benchmark/OsakaTX/scripts/lifelong_launch.py slam_params_file:=/wt/contributions/compute-benchmark/OsakaTX/scripts/lifelong_slam_params.yaml use_sim_time:=False autostart:=true"
2026-09-25T13:26:45Z,13,"noiseF1_20260925T132529Z",592820,"ros2",2.0,83528,55457,"/usr/bin/python3 /opt/ros/jazzy/bin/ros2 launch nav2_bringup bringup_launch.py map:=/wt/contributions/compute-benchmark/OsakaTX/scripts/../results/combo2/combo2_nav2_map.yaml params_file:=/wt/contributions/compute-benchmark/OsakaTX/scripts/nav2_params_bench.yaml use_sim_time:=False autostart:=True slam:=False use_localization:=False"
2026-09-25T13:26:45Z,13,"noiseF1_20260925T132529Z",592839,"lifelong_slam_t",79.5,69200,49121,"/opt/ros/jazzy/lib/slam_toolbox/lifelong_slam_toolbox_node --ros-args -r __node:=slam_toolbox -r __ns:=/ --params-file /wt/contributions/compute-benchmark/OsakaTX/scripts/lifelong_slam_params.yaml --params-file /tmp/launch_params_u28nfoc8"
2026-09-25T13:26:45Z,13,"noiseF1_20260925T132529Z",592872,"component_conta",39.2,165660,145568,"/opt/ros/jazzy/lib/rclcpp_components/component_container_isolated --ros-args --log-level info --ros-args -r __node:=nav2_container --params-file /tmp/launch_params_f3kff4o9 --params-file /tmp/launch_params_qbgeiakg -r /tf:=tf -r /tf_static:=tf_static"
2026-09-25T13:26:45Z,13,"noiseF1_20260925T132529Z",592938,"python3",7.3,82800,53808,"python3 /wt/contributions/compute-benchmark/OsakaTX/scripts/nav_goal_seq.py --x 4 --y 4 --yaw 0 --every 22.0 --pause 2.0 --cancel --repeats 0"
2026-09-25T13:26:45Z,13,"noiseF1_20260925T132529Z",592983,"bash",0.5,4548,1351,"bash /wt/contributions/compute-benchmark/xbattlax/scripts/measure_ros_processes.sh --pattern python3|ros2|slam|nav2|component_container|nav_goal_seq --duration 380 --interval 2 --label noiseF1_20260925T132529Z --output /wt/contributions/compute-benchmark/OsakaTX/scripts/../results/combo2/noiseF1_20260925T132529Z.csv"
2026-09-25T13:26:48Z,14,"noiseF1_20260925T132529Z",408070,"python3",0.1,74808,47260,"/usr/bin/python3 -c from ros2cli.daemon.daemonize import main; main() --name ros2-daemon --ros-domain-id 0 --rmw-implementation rmw_fastrtps_cpp"
2026-09-25T13:26:48Z,14,"noiseF1_20260925T132529Z",592803,"python3",6.1,77360,48501,"python3 /wt/contributions/compute-benchmark/OsakaTX/scripts/synthetic_scan_publisher.py --duration 490 --loop-s 40 --hz 5.0 --noise 0.05"
2026-09-25T13:26:48Z,14,"noiseF1_20260925T132529Z",592819,"ros2",1.3,79016,50937,"/usr/bin/python3 /opt/ros/jazzy/bin/ros2 launch /wt/contributions/compute-benchmark/OsakaTX/scripts/lifelong_launch.py slam_params_file:=/wt/contributions/compute-benchmark/OsakaTX/scripts/lifelong_slam_params.yaml use_sim_time:=False autostart:=true"
2026-09-25T13:26:48Z,14,"noiseF1_20260925T132529Z",592820,"ros2",1.9,83528,55458,"/usr/bin/python3 /opt/ros/jazzy/bin/ros2 launch nav2_bringup bringup_launch.py map:=/wt/contributions/compute-benchmark/OsakaTX/scripts/../results/combo2/combo2_nav2_map.yaml params_file:=/wt/contributions/compute-benchmark/OsakaTX/scripts/nav2_params_bench.yaml use_sim_time:=False autostart:=True slam:=False use_localization:=False"
2026-09-25T13:26:48Z,14,"noiseF1_20260925T132529Z",592839,"lifelong_slam_t",80.0,69216,49136,"/opt/ros/jazzy/lib/slam_toolbox/lifelong_slam_toolbox_node --ros-args -r __node:=slam_toolbox -r __ns:=/ --params-file /wt/contributions/compute-benchmark/OsakaTX/scripts/lifelong_slam_params.yaml --params-file /tmp/launch_params_u28nfoc8"
2026-09-25T13:26:48Z,14,"noiseF1_20260925T132529Z",592872,"component_conta",39.5,165632,145540,"/opt/ros/jazzy/lib/rclcpp_components/component_container_isolated --ros-args --log-level info --ros-args -r __node:=nav2_container --params-file /tmp/launch_params_f3kff4o9 --params-file /tmp/launch_params_qbgeiakg -r /tf:=tf -r /tf_static:=tf_static"
2026-09-25T13:26:48Z,14,"noiseF1_20260925T132529Z",592938,"python3",7.2,82800,53809,"python3 /wt/contributions/compute-benchmark/OsakaTX/scripts/nav_goal_seq.py --x 4 --y 4 --yaw 0 --every 22.0 --pause 2.0 --cancel --repeats 0"
2026-09-25T13:26:48Z,14,"noiseF1_20260925T132529Z",592983,"bash",0.5,4548,1349,"bash /wt/contributions/compute-benchmark/xbattlax/scripts/measure_ros_processes.sh --pattern python3|ros2|slam|nav2|component_container|nav_goal_seq --duration 380 --interval 2 --label noiseF1_20260925T132529Z --output /wt/contributions/compute-benchmark/OsakaTX/scripts/../results/combo2/noiseF1_20260925T132529Z.csv"
2026-09-25T13:26:50Z,15,"noiseF1_20260925T132529Z",408070,"python3",0.1,74808,47260,"/usr/bin/python3 -c from ros2cli.daemon.daemonize import main; main() --name ros2-daemon --ros-domain-id 0 --rmw-implementation rmw_fastrtps_cpp"
2026-09-25T13:26:50Z,15,"noiseF1_20260925T132529Z",592803,"python3",6.1,77360,48501,"python3 /wt/contributions/compute-benchmark/OsakaTX/scripts/synthetic_scan_publisher.py --duration 490 --loop-s 40 --hz 5.0 --noise 0.05"
2026-09-25T13:26:50Z,15,"noiseF1_20260925T132529Z",592819,"ros2",1.3,79016,50938,"/usr/bin/python3 /opt/ros/jazzy/bin/ros2 launch /wt/contributions/compute-benchmark/OsakaTX/scripts/lifelong_launch.py slam_params_file:=/wt/contributions/compute-benchmark/OsakaTX/scripts/lifelong_slam_params.yaml use_sim_time:=False autostart:=true"
2026-09-25T13:26:50Z,15,"noiseF1_20260925T132529Z",592820,"ros2",1.8,83528,55458,"/usr/bin/python3 /opt/ros/jazzy/bin/ros2 launch nav2_bringup bringup_launch.py map:=/wt/contributions/compute-benchmark/OsakaTX/scripts/../results/combo2/combo2_nav2_map.yaml params_file:=/wt/contributions/compute-benchmark/OsakaTX/scripts/nav2_params_bench.yaml use_sim_time:=False autostart:=True slam:=False use_localization:=False"
2026-09-25T13:26:50Z,15,"noiseF1_20260925T132529Z",592839,"lifelong_slam_t",79.6,69216,49137,"/opt/ros/jazzy/lib/slam_toolbox/lifelong_slam_toolbox_node --ros-args -r __node:=slam_toolbox -r __ns:=/ --params-file /wt/contributions/compute-benchmark/OsakaTX/scripts/lifelong_slam_params.yaml --params-file /tmp/launch_params_u28nfoc8"
2026-09-25T13:26:50Z,15,"noiseF1_20260925T132529Z",592872,"component_conta",40.0,165632,145542,"/opt/ros/jazzy/lib/rclcpp_components/component_container_isolated --ros-args --log-level info --ros-args -r __node:=nav2_container --params-file /tmp/launch_params_f3kff4o9 --params-file /tmp/launch_params_qbgeiakg -r /tf:=tf -r /tf_static:=tf_static"
2026-09-25T13:26:50Z,15,"noiseF1_20260925T132529Z",592938,"python3",7.3,82800,53811,"python3 /wt/contributions/compute-benchmark/OsakaTX/scripts/nav_goal_seq.py --x 4 --y 4 --yaw 0 --every 22.0 --pause 2.0 --cancel --repeats 0"
2026-09-25T13:26:50Z,15,"noiseF1_20260925T132529Z",592983,"bash",0.5,4548,1353,"bash /wt/contributions/compute-benchmark/xbattlax/scripts/measure_ros_processes.sh --pattern python3|ros2|slam|nav2|component_container|nav_goal_seq --duration 380 --interval 2 --label noiseF1_20260925T132529Z --output /wt/contributions/compute-benchmark/OsakaTX/scripts/../results/combo2/noiseF1_20260925T132529Z.csv"
2026-09-25T13:26:53Z,16,"noiseF1_20260925T132529Z",408070,"python3",0.1,74808,47257,"/usr/bin/python3 -c from ros2cli.daemon.daemonize import main; main() --name ros2-daemon --ros-domain-id 0 --rmw-implementation rmw_fastrtps_cpp"
2026-09-25T13:26:53Z,16,"noiseF1_20260925T132529Z",592803,"python3",6.1,77360,48501,"python3 /wt/contributions/compute-benchmark/OsakaTX/scripts/synthetic_scan_publisher.py --duration 490 --loop-s 40 --hz 5.0 --noise 0.05"
2026-09-25T13:26:53Z,16,"noiseF1_20260925T132529Z",592819,"ros2",1.3,79016,50931,"/usr/bin/python3 /opt/ros/jazzy/bin/ros2 launch /wt/contributions/compute-benchmark/OsakaTX/scripts/lifelong_launch.py slam_params_file:=/wt/contributions/compute-benchmark/OsakaTX/scripts/lifelong_slam_params.yaml use_sim_time:=False autostart:=true"
2026-09-25T13:26:53Z,16,"noiseF1_20260925T132529Z",592820,"ros2",1.8,83528,55455,"/usr/bin/python3 /opt/ros/jazzy/bin/ros2 launch nav2_bringup bringup_launch.py map:=/wt/contributions/compute-benchmark/OsakaTX/scripts/../results/combo2/combo2_nav2_map.yaml params_file:=/wt/contributions/compute-benchmark/OsakaTX/scripts/nav2_params_bench.yaml use_sim_time:=False autostart:=True slam:=False use_localization:=False"
2026-09-25T13:26:53Z,16,"noiseF1_20260925T132529Z",592839,"lifelong_slam_t",78.5,69216,49136,"/opt/ros/jazzy/lib/slam_toolbox/lifelong_slam_toolbox_node --ros-args -r __node:=slam_toolbox -r __ns:=/ --params-file /wt/contributions/compute-benchmark/OsakaTX/scripts/lifelong_slam_params.yaml --params-file /tmp/launch_params_u28nfoc8"
2026-09-25T13:26:53Z,16,"noiseF1_20260925T132529Z",592872,"component_conta",40.1,166296,146204,"/opt/ros/jazzy/lib/rclcpp_components/component_container_isolated --ros-args --log-level info --ros-args -r __node:=nav2_container --params-file /tmp/launch_params_f3kff4o9 --params-file /tmp/launch_params_qbgeiakg -r /tf:=tf -r /tf_static:=tf_static"
2026-09-25T13:26:53Z,16,"noiseF1_20260925T132529Z",592938,"python3",7.2,82800,53811,"python3 /wt/contributions/compute-benchmark/OsakaTX/scripts/nav_goal_seq.py --x 4 --y 4 --yaw 0 --every 22.0 --pause 2.0 --cancel --repeats 0"
2026-09-25T13:26:53Z,16,"noiseF1_20260925T132529Z",592983,"bash",0.5,4548,1349,"bash /wt/contributions/compute-benchmark/xbattlax/scripts/measure_ros_processes.sh --pattern python3|ros2|slam|nav2|component_container|nav_goal_seq --duration 380 --interval 2 --label noiseF1_20260925T132529Z --output /wt/contributions/compute-benchmark/OsakaTX/scripts/../results/combo2/noiseF1_20260925T132529Z.csv"
2026-09-25T13:26:55Z,17,"noiseF1_20260925T132529Z",408070,"python3",0.1,74808,47260,"/usr/bin/python3 -c from ros2cli.daemon.daemonize import main; main() --name ros2-daemon --ros-domain-id 0 --rmw-implementation rmw_fastrtps_cpp"
2026-09-25T13:26:55Z,17,"noiseF1_20260925T132529Z",592803,"python3",6.0,77360,48501,"python3 /wt/contributions/compute-benchmark/OsakaTX/scripts/synthetic_scan_publisher.py --duration 490 --loop-s 40 --hz 5.0 --noise 0.05"
2026-09-25T13:26:55Z,17,"noiseF1_20260925T132529Z",592819,"ros2",1.3,79016,50938,"/usr/bin/python3 /opt/ros/jazzy/bin/ros2 launch /wt/contributions/compute-benchmark/OsakaTX/scripts/lifelong_launch.py slam_params_file:=/wt/contributions/compute-benchmark/OsakaTX/scripts/lifelong_slam_params.yaml use_sim_time:=False autostart:=true"
2026-09-25T13:26:55Z,17,"noiseF1_20260925T132529Z",592820,"ros2",1.8,83528,55457,"/usr/bin/python3 /opt/ros/jazzy/bin/ros2 launch nav2_bringup bringup_launch.py map:=/wt/contributions/compute-benchmark/OsakaTX/scripts/../results/combo2/combo2_nav2_map.yaml params_file:=/wt/contributions/compute-benchmark/OsakaTX/scripts/nav2_params_bench.yaml use_sim_time:=False autostart:=True slam:=False use_localization:=False"
2026-09-25T13:26:55Z,17,"noiseF1_20260925T132529Z",592839,"lifelong_slam_t",78.4,69276,49195,"/opt/ros/jazzy/lib/slam_toolbox/lifelong_slam_toolbox_node --ros-args -r __node:=slam_toolbox -r __ns:=/ --params-file /wt/contributions/compute-benchmark/OsakaTX/scripts/lifelong_slam_params.yaml --params-file /tmp/launch_params_u28nfoc8"
2026-09-25T13:26:55Z,17,"noiseF1_20260925T132529Z",592872,"component_conta",40.5,166868,146777,"/opt/ros/jazzy/lib/rclcpp_components/component_container_isolated --ros-args --log-level info --ros-args -r __node:=nav2_container --params-file /tmp/launch_params_f3kff4o9 --params-file /tmp/launch_params_qbgeiakg -r /tf:=tf -r /tf_static:=tf_static"
2026-09-25T13:26:55Z,17,"noiseF1_20260925T132529Z",592938,"python3",7.2,82800,53811,"python3 /wt/contributions/compute-benchmark/OsakaTX/scripts/nav_goal_seq.py --x 4 --y 4 --yaw 0 --every 22.0 --pause 2.0 --cancel --repeats 0"
2026-09-25T13:26:55Z,17,"noiseF1_20260925T132529Z",592983,"bash",0.5,4548,1350,"bash /wt/contributions/compute-benchmark/xbattlax/scripts/measure_ros_processes.sh --pattern python3|ros2|slam|nav2|component_container|nav_goal_seq --duration 380 --interval 2 --label noiseF1_20260925T132529Z --output /wt/contributions/compute-benchmark/OsakaTX/scripts/../results/combo2/noiseF1_20260925T132529Z.csv"
2026-09-25T13:26:58Z,18,"noiseF1_20260925T132529Z",408070,"python3",0.1,74808,47259,"/usr/bin/python3 -c from ros2cli.daemon.daemonize import main; main() --name ros2-daemon --ros-domain-id 0 --rmw-implementation rmw_fastrtps_cpp"
2026-09-25T13:26:58Z,18,"noiseF1_20260925T132529Z",592803,"python3",6.0,77360,48489,"python3 /wt/contributions/compute-benchmark/OsakaTX/scripts/synthetic_scan_publisher.py --duration 490 --loop-s 40 --hz 5.0 --noise 0.05"
2026-09-25T13:26:58Z,18,"noiseF1_20260925T132529Z",592819,"ros2",1.3,79016,50935,"/usr/bin/python3 /opt/ros/jazzy/bin/ros2 launch /wt/contributions/compute-benchmark/OsakaTX/scripts/lifelong_launch.py slam_params_file:=/wt/contributions/compute-benchmark/OsakaTX/scripts/lifelong_slam_params.yaml use_sim_time:=False autostart:=true"
2026-09-25T13:26:58Z,18,"noiseF1_20260925T132529Z",592820,"ros2",1.7,83528,55457,"/usr/bin/python3 /opt/ros/jazzy/bin/ros2 launch nav2_bringup bringup_launch.py map:=/wt/contributions/compute-benchmark/OsakaTX/scripts/../results/combo2/combo2_nav2_map.yaml params_file:=/wt/contributions/compute-benchmark/OsakaTX/scripts/nav2_params_bench.yaml use_sim_time:=False autostart:=True slam:=False use_localization:=False"
2026-09-25T13:26:58Z,18,"noiseF1_20260925T132529Z",592839,"lifelong_slam_t",79.3,69296,49216,"/opt/ros/jazzy/lib/slam_toolbox/lifelong_slam_toolbox_node --ros-args -r __node:=slam_toolbox -r __ns:=/ --params-file /wt/contributions/compute-benchmark/OsakaTX/scripts/lifelong_slam_params.yaml --params-file /tmp/launch_params_u28nfoc8"
2026-09-25T13:26:58Z,18,"noiseF1_20260925T132529Z",592872,"component_conta",40.8,166868,146777,"/opt/ros/jazzy/lib/rclcpp_components/component_container_isolated --ros-args --log-level info --ros-args -r __node:=nav2_container --params-file /tmp/launch_params_f3kff4o9 --params-file /tmp/launch_params_qbgeiakg -r /tf:=tf -r /tf_static:=tf_static"
2026-09-25T13:26:58Z,18,"noiseF1_20260925T132529Z",592938,"python3",7.2,82800,53812,"python3 /wt/contributions/compute-benchmark/OsakaTX/scripts/nav_goal_seq.py --x 4 --y 4 --yaw 0 --every 22.0 --pause 2.0 --cancel --repeats 0"
2026-09-25T13:26:58Z,18,"noiseF1_20260925T132529Z",592983,"bash",0.5,4548,1350,"bash /wt/contributions/compute-benchmark/xbattlax/scripts/measure_ros_processes.sh --pattern python3|ros2|slam|nav2|component_container|nav_goal_seq --duration 380 --interval 2 --label noiseF1_20260925T132529Z --output /wt/contributions/compute-benchmark/OsakaTX/scripts/../results/combo2/noiseF1_20260925T132529Z.csv"
2026-09-25T13:27:00Z,19,"noiseF1_20260925T132529Z",408070,"python3",0.1,74808,47260,"/usr/bin/python3 -c from ros2cli.daemon.daemonize import main; main() --name ros2-daemon --ros-domain-id 0 --rmw-implementation rmw_fastrtps_cpp"
2026-09-25T13:27:00Z,19,"noiseF1_20260925T132529Z",592803,"python3",6.0,77360,48501,"python3 /wt/contributions/compute-benchmark/OsakaTX/scripts/synthetic_scan_publisher.py --duration 490 --loop-s 40 --hz 5.0 --noise 0.05"
2026-09-25T13:27:00Z,19,"noiseF1_20260925T132529Z",592819,"ros2",1.2,79016,50938,"/usr/bin/python3 /opt/ros/jazzy/bin/ros2 launch /wt/contributions/compute-benchmark/OsakaTX/scripts/lifelong_launch.py slam_params_file:=/wt/contributions/compute-benchmark/OsakaTX/scripts/lifelong_slam_params.yaml use_sim_time:=False autostart:=true"
2026-09-25T13:27:00Z,19,"noiseF1_20260925T132529Z",592820,"ros2",1.7,83528,55449,"/usr/bin/python3 /opt/ros/jazzy/bin/ros2 launch nav2_bringup bringup_launch.py map:=/wt/contributions/compute-benchmark/OsakaTX/scripts/../results/combo2/combo2_nav2_map.yaml params_file:=/wt/contributions/compute-benchmark/OsakaTX/scripts/nav2_params_bench.yaml use_sim_time:=False autostart:=True slam:=False use_localization:=False"
2026-09-25T13:27:00Z,19,"noiseF1_20260925T132529Z",592839,"lifelong_slam_t",80.1,69456,49376,"/opt/ros/jazzy/lib/slam_toolbox/lifelong_slam_toolbox_node --ros-args -r __node:=slam_toolbox -r __ns:=/ --params-file /wt/contributions/compute-benchmark/OsakaTX/scripts/lifelong_slam_params.yaml --params-file /tmp/launch_params_u28nfoc8"
2026-09-25T13:27:00Z,19,"noiseF1_20260925T132529Z",592872,"component_conta",40.6,166012,145920,"/opt/ros/jazzy/lib/rclcpp_components/component_container_isolated --ros-args --log-level info --ros-args -r __node:=nav2_container --params-file /tmp/launch_params_f3kff4o9 --params-file /tmp/launch_params_qbgeiakg -r /tf:=tf -r /tf_static:=tf_static"
2026-09-25T13:27:00Z,19,"noiseF1_20260925T132529Z",592938,"python3",7.0,82800,53809,"python3 /wt/contributions/compute-benchmark/OsakaTX/scripts/nav_goal_seq.py --x 4 --y 4 --yaw 0 --every 22.0 --pause 2.0 --cancel --repeats 0"
2026-09-25T13:27:00Z,19,"noiseF1_20260925T132529Z",592983,"bash",0.5,4548,1349,"bash /wt/contributions/compute-benchmark/xbattlax/scripts/measure_ros_processes.sh --pattern python3|ros2|slam|nav2|component_container|nav_goal_seq --duration 380 --interval 2 --label noiseF1_20260925T132529Z --output /wt/contributions/compute-benchmark/OsakaTX/scripts/../results/combo2/noiseF1_20260925T132529Z.csv"
2026-09-25T13:27:02Z,20,"noiseF1_20260925T132529Z",408070,"python3",0.1,74808,47258,"/usr/bin/python3 -c from ros2cli.daemon.daemonize import main; main() --name ros2-daemon --ros-domain-id 0 --rmw-implementation rmw_fastrtps_cpp"
2026-09-25T13:27:02Z,20,"noiseF1_20260925T132529Z",592803,"python3",6.0,77360,48501,"python3 /wt/contributions/compute-benchmark/OsakaTX/scripts/synthetic_scan_publisher.py --duration 490 --loop-s 40 --hz 5.0 --noise 0.05"
2026-09-25T13:27:02Z,20,"noiseF1_20260925T132529Z",592819,"ros2",1.2,79016,50938,"/usr/bin/python3 /opt/ros/jazzy/bin/ros2 launch /wt/contributions/compute-benchmark/OsakaTX/scripts/lifelong_launch.py slam_params_file:=/wt/contributions/compute-benchmark/OsakaTX/scripts/lifelong_slam_params.yaml use_sim_time:=False autostart:=true"
2026-09-25T13:27:02Z,20,"noiseF1_20260925T132529Z",592820,"ros2",1.6,83528,55457,"/usr/bin/python3 /opt/ros/jazzy/bin/ros2 launch nav2_bringup bringup_launch.py map:=/wt/contributions/compute-benchmark/OsakaTX/scripts/../results/combo2/combo2_nav2_map.yaml params_file:=/wt/contributions/compute-benchmark/OsakaTX/scripts/nav2_params_bench.yaml use_sim_time:=False autostart:=True slam:=False use_localization:=False"
2026-09-25T13:27:02Z,20,"noiseF1_20260925T132529Z",592839,"lifelong_slam_t",81.2,69456,49377,"/opt/ros/jazzy/lib/slam_toolbox/lifelong_slam_toolbox_node --ros-args -r __node:=slam_toolbox -r __ns:=/ --params-file /wt/contributions/compute-benchmark/OsakaTX/scripts/lifelong_slam_params.yaml --params-file /tmp/launch_params_u28nfoc8"
2026-09-25T13:27:02Z,20,"noiseF1_20260925T132529Z",592872,"component_conta",40.8,166492,146400,"/opt/ros/jazzy/lib/rclcpp_components/component_container_isolated --ros-args --log-level info --ros-args -r __node:=nav2_container --params-file /tmp/launch_params_f3kff4o9 --params-file /tmp/launch_params_qbgeiakg -r /tf:=tf -r /tf_static:=tf_static"
2026-09-25T13:27:02Z,20,"noiseF1_20260925T132529Z",592938,"python3",7.0,82804,53812,"python3 /wt/contributions/compute-benchmark/OsakaTX/scripts/nav_goal_seq.py --x 4 --y 4 --yaw 0 --every 22.0 --pause 2.0 --cancel --repeats 0"
2026-09-25T13:27:02Z,20,"noiseF1_20260925T132529Z",592983,"bash",0.5,4548,1351,"bash /wt/contributions/compute-benchmark/xbattlax/scripts/measure_ros_processes.sh --pattern python3|ros2|slam|nav2|component_container|nav_goal_seq --duration 380 --interval 2 --label noiseF1_20260925T132529Z --output /wt/contributions/compute-benchmark/OsakaTX/scripts/../results/combo2/noiseF1_20260925T132529Z.csv"
2026-09-25T13:27:05Z,21,"noiseF1_20260925T132529Z",408070,"python3",0.1,74808,47260,"/usr/bin/python3 -c from ros2cli.daemon.daemonize import main; main() --name ros2-daemon --ros-domain-id 0 --rmw-implementation rmw_fastrtps_cpp"
2026-09-25T13:27:05Z,21,"noiseF1_20260925T132529Z",592803,"python3",6.0,77360,48501,"python3 /wt/contributions/compute-benchmark/OsakaTX/scripts/synthetic_scan_publisher.py --duration 490 --loop-s 40 --hz 5.0 --noise 0.05"
2026-09-25T13:27:05Z,21,"noiseF1_20260925T132529Z",592819,"ros2",1.2,79016,50935,"/usr/bin/python3 /opt/ros/jazzy/bin/ros2 launch /wt/contributions/compute-benchmark/OsakaTX/scripts/lifelong_launch.py slam_params_file:=/wt/contributions/compute-benchmark/OsakaTX/scripts/lifelong_slam_params.yaml use_sim_time:=False autostart:=true"
2026-09-25T13:27:05Z,21,"noiseF1_20260925T132529Z",592820,"ros2",1.6,83528,55449,"/usr/bin/python3 /opt/ros/jazzy/bin/ros2 launch nav2_bringup bringup_launch.py map:=/wt/contributions/compute-benchmark/OsakaTX/scripts/../results/combo2/combo2_nav2_map.yaml params_file:=/wt/contributions/compute-benchmark/OsakaTX/scripts/nav2_params_bench.yaml use_sim_time:=False autostart:=True slam:=False use_localization:=False"
2026-09-25T13:27:05Z,21,"noiseF1_20260925T132529Z",592839,"lifelong_slam_t",82.1,69464,49384,"/opt/ros/jazzy/lib/slam_toolbox/lifelong_slam_toolbox_node --ros-args -r __node:=slam_toolbox -r __ns:=/ --params-file /wt/contributions/compute-benchmark/OsakaTX/scripts/lifelong_slam_params.yaml --params-file /tmp/launch_params_u28nfoc8"
2026-09-25T13:27:05Z,21,"noiseF1_20260925T132529Z",592872,"component_conta",41.0,166492,146400,"/opt/ros/jazzy/lib/rclcpp_components/component_container_isolated --ros-args --log-level info --ros-args -r __node:=nav2_container --params-file /tmp/launch_params_f3kff4o9 --params-file /tmp/launch_params_qbgeiakg -r /tf:=tf -r /tf_static:=tf_static"
2026-09-25T13:27:05Z,21,"noiseF1_20260925T132529Z",592938,"python3",7.0,82804,53816,"python3 /wt/contributions/compute-benchmark/OsakaTX/scripts/nav_goal_seq.py --x 4 --y 4 --yaw 0 --every 22.0 --pause 2.0 --cancel --repeats 0"
2026-09-25T13:27:05Z,21,"noiseF1_20260925T132529Z",592983,"bash",0.5,4548,1349,"bash /wt/contributions/compute-benchmark/xbattlax/scripts/measure_ros_processes.sh --pattern python3|ros2|slam|nav2|component_container|nav_goal_seq --duration 380 --interval 2 --label noiseF1_20260925T132529Z --output /wt/contributions/compute-benchmark/OsakaTX/scripts/../results/combo2/noiseF1_20260925T132529Z.csv"
2026-09-25T13:27:07Z,22,"noiseF1_20260925T132529Z",408070,"python3",0.1,74808,47260,"/usr/bin/python3 -c from ros2cli.daemon.daemonize import main; main() --name ros2-daemon --ros-domain-id 0 --rmw-implementation rmw_fastrtps_cpp"
2026-09-25T13:27:07Z,22,"noiseF1_20260925T132529Z",592803,"python3",6.0,77360,48499,"python3 /wt/contributions/compute-benchmark/OsakaTX/scripts/synthetic_scan_publisher.py --duration 490 --loop-s 40 --hz 5.0 --noise 0.05"
2026-09-25T13:27:07Z,22,"noiseF1_20260925T132529Z",592819,"ros2",1.2,79016,50938,"/usr/bin/python3 /opt/ros/jazzy/bin/ros2 launch /wt/contributions/compute-benchmark/OsakaTX/scripts/lifelong_launch.py slam_params_file:=/wt/contributions/compute-benchmark/OsakaTX/scripts/lifelong_slam_params.yaml use_sim_time:=False autostart:=true"
2026-09-25T13:27:07Z,22,"noiseF1_20260925T132529Z",592820,"ros2",1.5,83528,55457,"/usr/bin/python3 /opt/ros/jazzy/bin/ros2 launch nav2_bringup bringup_launch.py map:=/wt/contributions/compute-benchmark/OsakaTX/scripts/../results/combo2/combo2_nav2_map.yaml params_file:=/wt/contributions/compute-benchmark/OsakaTX/scripts/nav2_params_bench.yaml use_sim_time:=False autostart:=True slam:=False use_localization:=False"
2026-09-25T13:27:07Z,22,"noiseF1_20260925T132529Z",592839,"lifelong_slam_t",82.8,69512,49433,"/opt/ros/jazzy/lib/slam_toolbox/lifelong_slam_toolbox_node --ros-args -r __node:=slam_toolbox -r __ns:=/ --params-file /wt/contributions/compute-benchmark/OsakaTX/scripts/lifelong_slam_params.yaml --params-file /tmp/launch_params_u28nfoc8"
2026-09-25T13:27:07Z,22,"noiseF1_20260925T132529Z",592872,"component_conta",41.3,166492,146401,"/opt/ros/jazzy/lib/rclcpp_components/component_container_isolated --ros-args --log-level info --ros-args -r __node:=nav2_container --params-file /tmp/launch_params_f3kff4o9 --params-file /tmp/launch_params_qbgeiakg -r /tf:=tf -r /tf_static:=tf_static"
2026-09-25T13:27:07Z,22,"noiseF1_20260925T132529Z",592938,"python3",7.0,82804,53815,"python3 /wt/contributions/compute-benchmark/OsakaTX/scripts/nav_goal_seq.py --x 4 --y 4 --yaw 0 --every 22.0 --pause 2.0 --cancel --repeats 0"
2026-09-25T13:27:07Z,22,"noiseF1_20260925T132529Z",592983,"bash",0.5,4548,1355,"bash /wt/contributions/compute-benchmark/xbattlax/scripts/measure_ros_processes.sh --pattern python3|ros2|slam|nav2|component_container|nav_goal_seq --duration 380 --interval 2 --label noiseF1_20260925T132529Z --output /wt/contributions/compute-benchmark/OsakaTX/scripts/../results/combo2/noiseF1_20260925T132529Z.csv"
2026-09-25T13:27:10Z,23,"noiseF1_20260925T132529Z",408070,"python3",0.1,74808,47260,"/usr/bin/python3 -c from ros2cli.daemon.daemonize import main; main() --name ros2-daemon --ros-domain-id 0 --rmw-implementation rmw_fastrtps_cpp"
2026-09-25T13:27:10Z,23,"noiseF1_20260925T132529Z",592803,"python3",6.0,77360,48498,"python3 /wt/contributions/compute-benchmark/OsakaTX/scripts/synthetic_scan_publisher.py --duration 490 --loop-s 40 --hz 5.0 --noise 0.05"
2026-09-25T13:27:10Z,23,"noiseF1_20260925T132529Z",592819,"ros2",1.2,79016,50937,"/usr/bin/python3 /opt/ros/jazzy/bin/ros2 launch /wt/contributions/compute-benchmark/OsakaTX/scripts/lifelong_launch.py slam_params_file:=/wt/contributions/compute-benchmark/OsakaTX/scripts/lifelong_slam_params.yaml use_sim_time:=False autostart:=true"
2026-09-25T13:27:10Z,23,"noiseF1_20260925T132529Z",592820,"ros2",1.5,83528,55457,"/usr/bin/python3 /opt/ros/jazzy/bin/ros2 launch nav2_bringup bringup_launch.py map:=/wt/contributions/compute-benchmark/OsakaTX/scripts/../results/combo2/combo2_nav2_map.yaml params_file:=/wt/contributions/compute-benchmark/OsakaTX/scripts/nav2_params_bench.yaml use_sim_time:=False autostart:=True slam:=False use_localization:=False"
2026-09-25T13:27:10Z,23,"noiseF1_20260925T132529Z",592839,"lifelong_slam_t",83.5,69548,49467,"/opt/ros/jazzy/lib/slam_toolbox/lifelong_slam_toolbox_node --ros-args -r __node:=slam_toolbox -r __ns:=/ --params-file /wt/contributions/compute-benchmark/OsakaTX/scripts/lifelong_slam_params.yaml --params-file /tmp/launch_params_u28nfoc8"
2026-09-25T13:27:10Z,23,"noiseF1_20260925T132529Z",592872,"component_conta",41.6,166508,146416,"/opt/ros/jazzy/lib/rclcpp_components/component_container_isolated --ros-args --log-level info --ros-args -r __node:=nav2_container --params-file /tmp/launch_params_f3kff4o9 --params-file /tmp/launch_params_qbgeiakg -r /tf:=tf -r /tf_static:=tf_static"
2026-09-25T13:27:10Z,23,"noiseF1_20260925T132529Z",592938,"python3",7.0,82804,53815,"python3 /wt/contributions/compute-benchmark/OsakaTX/scripts/nav_goal_seq.py --x 4 --y 4 --yaw 0 --every 22.0 --pause 2.0 --cancel --repeats 0"
2026-09-25T13:27:10Z,23,"noiseF1_20260925T132529Z",592983,"bash",0.5,4548,1353,"bash /wt/contributions/compute-benchmark/xbattlax/scripts/measure_ros_processes.sh --pattern python3|ros2|slam|nav2|component_container|nav_goal_seq --duration 380 --interval 2 --label noiseF1_20260925T132529Z --output /wt/contributions/compute-benchmark/OsakaTX/scripts/../results/combo2/noiseF1_20260925T132529Z.csv"
2026-09-25T13:27:12Z,24,"noiseF1_20260925T132529Z",408070,"python3",0.1,74808,47258,"/usr/bin/python3 -c from ros2cli.daemon.daemonize import main; main() --name ros2-daemon --ros-domain-id 0 --rmw-implementation rmw_fastrtps_cpp"
2026-09-25T13:27:12Z,24,"noiseF1_20260925T132529Z",592803,"python3",6.0,77360,48496,"python3 /wt/contributions/compute-benchmark/OsakaTX/scripts/synthetic_scan_publisher.py --duration 490 --loop-s 40 --hz 5.0 --noise 0.05"
2026-09-25T13:27:12Z,24,"noiseF1_20260925T132529Z",592819,"ros2",1.2,79016,50934,"/usr/bin/python3 /opt/ros/jazzy/bin/ros2 launch /wt/contributions/compute-benchmark/OsakaTX/scripts/lifelong_launch.py slam_params_file:=/wt/contributions/compute-benchmark/OsakaTX/scripts/lifelong_slam_params.yaml use_sim_time:=False autostart:=true"
2026-09-25T13:27:12Z,24,"noiseF1_20260925T132529Z",592820,"ros2",1.5,83528,55457,"/usr/bin/python3 /opt/ros/jazzy/bin/ros2 launch nav2_bringup bringup_launch.py map:=/wt/contributions/compute-benchmark/OsakaTX/scripts/../results/combo2/combo2_nav2_map.yaml params_file:=/wt/contributions/compute-benchmark/OsakaTX/scripts/nav2_params_bench.yaml use_sim_time:=False autostart:=True slam:=False use_localization:=False"
2026-09-25T13:27:12Z,24,"noiseF1_20260925T132529Z",592839,"lifelong_slam_t",84.0,69548,49468,"/opt/ros/jazzy/lib/slam_toolbox/lifelong_slam_toolbox_node --ros-args -r __node:=slam_toolbox -r __ns:=/ --params-file /wt/contributions/compute-benchmark/OsakaTX/scripts/lifelong_slam_params.yaml --params-file /tmp/launch_params_u28nfoc8"
2026-09-25T13:27:12Z,24,"noiseF1_20260925T132529Z",592872,"component_conta",41.9,166520,146429,"/opt/ros/jazzy/lib/rclcpp_components/component_container_isolated --ros-args --log-level info --ros-args -r __node:=nav2_container --params-file /tmp/launch_params_f3kff4o9 --params-file /tmp/launch_params_qbgeiakg -r /tf:=tf -r /tf_static:=tf_static"
2026-09-25T13:27:12Z,24,"noiseF1_20260925T132529Z",592938,"python3",7.0,82804,53815,"python3 /wt/contributions/compute-benchmark/OsakaTX/scripts/nav_goal_seq.py --x 4 --y 4 --yaw 0 --every 22.0 --pause 2.0 --cancel --repeats 0"
2026-09-25T13:27:12Z,24,"noiseF1_20260925T132529Z",592983,"bash",0.5,4548,1345,"bash /wt/contributions/compute-benchmark/xbattlax/scripts/measure_ros_processes.sh --pattern python3|ros2|slam|nav2|component_container|nav_goal_seq --duration 380 --interval 2 --label noiseF1_20260925T132529Z --output /wt/contributions/compute-benchmark/OsakaTX/scripts/../results/combo2/noiseF1_20260925T132529Z.csv"
2026-09-25T13:27:15Z,25,"noiseF1_20260925T132529Z",408070,"python3",0.1,74808,47257,"/usr/bin/python3 -c from ros2cli.daemon.daemonize import main; main() --name ros2-daemon --ros-domain-id 0 --rmw-implementation rmw_fastrtps_cpp"
2026-09-25T13:27:15Z,25,"noiseF1_20260925T132529Z",592803,"python3",5.9,77360,48499,"python3 /wt/contributions/compute-benchmark/OsakaTX/scripts/synthetic_scan_publisher.py --duration 490 --loop-s 40 --hz 5.0 --noise 0.05"
2026-09-25T13:27:15Z,25,"noiseF1_20260925T132529Z",592819,"ros2",1.1,79016,50933,"/usr/bin/python3 /opt/ros/jazzy/bin/ros2 launch /wt/contributions/compute-benchmark/OsakaTX/scripts/lifelong_launch.py slam_params_file:=/wt/contributions/compute-benchmark/OsakaTX/scripts/lifelong_slam_params.yaml use_sim_time:=False autostart:=true"
2026-09-25T13:27:15Z,25,"noiseF1_20260925T132529Z",592820,"ros2",1.4,83528,55457,"/usr/bin/python3 /opt/ros/jazzy/bin/ros2 launch nav2_bringup bringup_launch.py map:=/wt/contributions/compute-benchmark/OsakaTX/scripts/../results/combo2/combo2_nav2_map.yaml params_file:=/wt/contributions/compute-benchmark/OsakaTX/scripts/nav2_params_bench.yaml use_sim_time:=False autostart:=True slam:=False use_localization:=False"
2026-09-25T13:27:15Z,25,"noiseF1_20260925T132529Z",592839,"lifelong_slam_t",84.8,69596,49515,"/opt/ros/jazzy/lib/slam_toolbox/lifelong_slam_toolbox_node --ros-args -r __node:=slam_toolbox -r __ns:=/ --params-file /wt/contributions/compute-benchmark/OsakaTX/scripts/lifelong_slam_params.yaml --params-file /tmp/launch_params_u28nfoc8"
2026-09-25T13:27:15Z,25,"noiseF1_20260925T132529Z",592872,"component_conta",42.1,166564,146472,"/opt/ros/jazzy/lib/rclcpp_components/component_container_isolated --ros-args --log-level info --ros-args -r __node:=nav2_container --params-file /tmp/launch_params_f3kff4o9 --params-file /tmp/launch_params_qbgeiakg -r /tf:=tf -r /tf_static:=tf_static"
2026-09-25T13:27:15Z,25,"noiseF1_20260925T132529Z",592938,"python3",7.0,82804,53815,"python3 /wt/contributions/compute-benchmark/OsakaTX/scripts/nav_goal_seq.py --x 4 --y 4 --yaw 0 --every 22.0 --pause 2.0 --cancel --repeats 0"
2026-09-25T13:27:15Z,25,"noiseF1_20260925T132529Z",592983,"bash",0.5,4548,1350,"bash /wt/contributions/compute-benchmark/xbattlax/scripts/measure_ros_processes.sh --pattern python3|ros2|slam|nav2|component_container|nav_goal_seq --duration 380 --interval 2 --label noiseF1_20260925T132529Z --output /wt/contributions/compute-benchmark/OsakaTX/scripts/../results/combo2/noiseF1_20260925T132529Z.csv"
2026-09-25T13:27:17Z,26,"noiseF1_20260925T132529Z",408070,"python3",0.1,74808,47257,"/usr/bin/python3 -c from ros2cli.daemon.daemonize import main; main() --name ros2-daemon --ros-domain-id 0 --rmw-implementation rmw_fastrtps_cpp"
2026-09-25T13:27:17Z,26,"noiseF1_20260925T132529Z",592803,"python3",5.9,77360,48489,"python3 /wt/contributions/compute-benchmark/OsakaTX/scripts/synthetic_scan_publisher.py --duration 490 --loop-s 40 --hz 5.0 --noise 0.05"
2026-09-25T13:27:17Z,26,"noiseF1_20260925T132529Z",592819,"ros2",1.1,79016,50935,"/usr/bin/python3 /opt/ros/jazzy/bin/ros2 launch /wt/contributions/compute-benchmark/OsakaTX/scripts/lifelong_launch.py slam_params_file:=/wt/contributions/compute-benchmark/OsakaTX/scripts/lifelong_slam_params.yaml use_sim_time:=False autostart:=true"
2026-09-25T13:27:17Z,26,"noiseF1_20260925T132529Z",592820,"ros2",1.4,83528,55457,"/usr/bin/python3 /opt/ros/jazzy/bin/ros2 launch nav2_bringup bringup_launch.py map:=/wt/contributions/compute-benchmark/OsakaTX/scripts/../results/combo2/combo2_nav2_map.yaml params_file:=/wt/contributions/compute-benchmark/OsakaTX/scripts/nav2_params_bench.yaml use_sim_time:=False autostart:=True slam:=False use_localization:=False"
2026-09-25T13:27:17Z,26,"noiseF1_20260925T132529Z",592839,"lifelong_slam_t",85.4,69640,49561,"/opt/ros/jazzy/lib/slam_toolbox/lifelong_slam_toolbox_node --ros-args -r __node:=slam_toolbox -r __ns:=/ --params-file /wt/contributions/compute-benchmark/OsakaTX/scripts/lifelong_slam_params.yaml --params-file /tmp/launch_params_u28nfoc8"
2026-09-25T13:27:17Z,26,"noiseF1_20260925T132529Z",592872,"component_conta",42.4,166564,146472,"/opt/ros/jazzy/lib/rclcpp_components/component_container_isolated --ros-args --log-level info --ros-args -r __node:=nav2_container --params-file /tmp/launch_params_f3kff4o9 --params-file /tmp/launch_params_qbgeiakg -r /tf:=tf -r /tf_static:=tf_static"
2026-09-25T13:27:17Z,26,"noiseF1_20260925T132529Z",592938,"python3",7.0,82804,53815,"python3 /wt/contributions/compute-benchmark/OsakaTX/scripts/nav_goal_seq.py --x 4 --y 4 --yaw 0 --every 22.0 --pause 2.0 --cancel --repeats 0"
2026-09-25T13:27:17Z,26,"noiseF1_20260925T132529Z",592983,"bash",0.5,4548,1353,"bash /wt/contributions/compute-benchmark/xbattlax/scripts/measure_ros_processes.sh --pattern python3|ros2|slam|nav2|component_container|nav_goal_seq --duration 380 --interval 2 --label noiseF1_20260925T132529Z --output /wt/contributions/compute-benchmark/OsakaTX/scripts/../results/combo2/noiseF1_20260925T132529Z.csv"
2026-09-25T13:27:20Z,27,"noiseF1_20260925T132529Z",408070,"python3",0.1,74808,47257,"/usr/bin/python3 -c from ros2cli.daemon.daemonize import main; main() --name ros2-daemon --ros-domain-id 0 --rmw-implementation rmw_fastrtps_cpp"
2026-09-25T13:27:20Z,27,"noiseF1_20260925T132529Z",592803,"python3",5.9,77360,48498,"python3 /wt/contributions/compute-benchmark/OsakaTX/scripts/synthetic_scan_publisher.py --duration 490 --loop-s 40 --hz 5.0 --noise 0.05"
2026-09-25T13:27:20Z,27,"noiseF1_20260925T132529Z",592819,"ros2",1.1,79016,50938,"/usr/bin/python3 /opt/ros/jazzy/bin/ros2 launch /wt/contributions/compute-benchmark/OsakaTX/scripts/lifelong_launch.py slam_params_file:=/wt/contributions/compute-benchmark/OsakaTX/scripts/lifelong_slam_params.yaml use_sim_time:=False autostart:=true"
2026-09-25T13:27:20Z,27,"noiseF1_20260925T132529Z",592820,"ros2",1.4,83528,55457,"/usr/bin/python3 /opt/ros/jazzy/bin/ros2 launch nav2_bringup bringup_launch.py map:=/wt/contributions/compute-benchmark/OsakaTX/scripts/../results/combo2/combo2_nav2_map.yaml params_file:=/wt/contributions/compute-benchmark/OsakaTX/scripts/nav2_params_bench.yaml use_sim_time:=False autostart:=True slam:=False use_localization:=False"
2026-09-25T13:27:20Z,27,"noiseF1_20260925T132529Z",592839,"lifelong_slam_t",85.9,69640,49560,"/opt/ros/jazzy/lib/slam_toolbox/lifelong_slam_toolbox_node --ros-args -r __node:=slam_toolbox -r __ns:=/ --params-file /wt/contributions/compute-benchmark/OsakaTX/scripts/lifelong_slam_params.yaml --params-file /tmp/launch_params_u28nfoc8"
2026-09-25T13:27:20Z,27,"noiseF1_20260925T132529Z",592872,"component_conta",42.6,166568,146477,"/opt/ros/jazzy/lib/rclcpp_components/component_container_isolated --ros-args --log-level info --ros-args -r __node:=nav2_container --params-file /tmp/launch_params_f3kff4o9 --params-file /tmp/launch_params_qbgeiakg -r /tf:=tf -r /tf_static:=tf_static"
2026-09-25T13:27:20Z,27,"noiseF1_20260925T132529Z",592938,"python3",7.0,82808,53819,"python3 /wt/contributions/compute-benchmark/OsakaTX/scripts/nav_goal_seq.py --x 4 --y 4 --yaw 0 --every 22.0 --pause 2.0 --cancel --repeats 0"
2026-09-25T13:27:20Z,27,"noiseF1_20260925T132529Z",592983,"bash",0.5,4548,1351,"bash /wt/contributions/compute-benchmark/xbattlax/scripts/measure_ros_processes.sh --pattern python3|ros2|slam|nav2|component_container|nav_goal_seq --duration 380 --interval 2 --label noiseF1_20260925T132529Z --output /wt/contributions/compute-benchmark/OsakaTX/scripts/../results/combo2/noiseF1_20260925T132529Z.csv"
2026-09-25T13:27:22Z,28,"noiseF1_20260925T132529Z",408070,"python3",0.1,74808,47260,"/usr/bin/python3 -c from ros2cli.daemon.daemonize import main; main() --name ros2-daemon --ros-domain-id 0 --rmw-implementation rmw_fastrtps_cpp"
2026-09-25T13:27:22Z,28,"noiseF1_20260925T132529Z",592803,"python3",5.9,77360,48496,"python3 /wt/contributions/compute-benchmark/OsakaTX/scripts/synthetic_scan_publisher.py --duration 490 --loop-s 40 --hz 5.0 --noise 0.05"
2026-09-25T13:27:22Z,28,"noiseF1_20260925T132529Z",592819,"ros2",1.1,79016,50937,"/usr/bin/python3 /opt/ros/jazzy/bin/ros2 launch /wt/contributions/compute-benchmark/OsakaTX/scripts/lifelong_launch.py slam_params_file:=/wt/contributions/compute-benchmark/OsakaTX/scripts/lifelong_slam_params.yaml use_sim_time:=False autostart:=true"
2026-09-25T13:27:22Z,28,"noiseF1_20260925T132529Z",592820,"ros2",1.4,83528,55455,"/usr/bin/python3 /opt/ros/jazzy/bin/ros2 launch nav2_bringup bringup_launch.py map:=/wt/contributions/compute-benchmark/OsakaTX/scripts/../results/combo2/combo2_nav2_map.yaml params_file:=/wt/contributions/compute-benchmark/OsakaTX/scripts/nav2_params_bench.yaml use_sim_time:=False autostart:=True slam:=False use_localization:=False"
2026-09-25T13:27:22Z,28,"noiseF1_20260925T132529Z",592839,"lifelong_slam_t",86.4,69640,49559,"/opt/ros/jazzy/lib/slam_toolbox/lifelong_slam_toolbox_node --ros-args -r __node:=slam_toolbox -r __ns:=/ --params-file /wt/contributions/compute-benchmark/OsakaTX/scripts/lifelong_slam_params.yaml --params-file /tmp/launch_params_u28nfoc8"
2026-09-25T13:27:22Z,28,"noiseF1_20260925T132529Z",592872,"component_conta",42.8,166572,146481,"/opt/ros/jazzy/lib/rclcpp_components/component_container_isolated --ros-args --log-level info --ros-args -r __node:=nav2_container --params-file /tmp/launch_params_f3kff4o9 --params-file /tmp/launch_params_qbgeiakg -r /tf:=tf -r /tf_static:=tf_static"
2026-09-25T13:27:22Z,28,"noiseF1_20260925T132529Z",592938,"python3",7.0,82808,53818,"python3 /wt/contributions/compute-benchmark/OsakaTX/scripts/nav_goal_seq.py --x 4 --y 4 --yaw 0 --every 22.0 --pause 2.0 --cancel --repeats 0"
2026-09-25T13:27:22Z,28,"noiseF1_20260925T132529Z",592983,"bash",0.5,4548,1351,"bash /wt/contributions/compute-benchmark/xbattlax/scripts/measure_ros_processes.sh --pattern python3|ros2|slam|nav2|component_container|nav_goal_seq --duration 380 --interval 2 --label noiseF1_20260925T132529Z --output /wt/contributions/compute-benchmark/OsakaTX/scripts/../results/combo2/noiseF1_20260925T132529Z.csv"
2026-09-25T13:27:25Z,29,"noiseF1_20260925T132529Z",408070,"python3",0.1,74808,47260,"/usr/bin/python3 -c from ros2cli.daemon.daemonize import main; main() --name ros2-daemon --ros-domain-id 0 --rmw-implementation rmw_fastrtps_cpp"
2026-09-25T13:27:25Z,29,"noiseF1_20260925T132529Z",592803,"python3",5.9,77360,48492,"python3 /wt/contributions/compute-benchmark/OsakaTX/scripts/synthetic_scan_publisher.py --duration 490 --loop-s 40 --hz 5.0 --noise 0.05"
2026-09-25T13:27:25Z,29,"noiseF1_20260925T132529Z",592819,"ros2",1.1,79016,50938,"/usr/bin/python3 /opt/ros/jazzy/bin/ros2 launch /wt/contributions/compute-benchmark/OsakaTX/scripts/lifelong_launch.py slam_params_file:=/wt/contributions/compute-benchmark/OsakaTX/scripts/lifelong_slam_params.yaml use_sim_time:=False autostart:=true"
2026-09-25T13:27:25Z,29,"noiseF1_20260925T132529Z",592820,"ros2",1.3,83528,55458,"/usr/bin/python3 /opt/ros/jazzy/bin/ros2 launch nav2_bringup bringup_launch.py map:=/wt/contributions/compute-benchmark/OsakaTX/scripts/../results/combo2/combo2_nav2_map.yaml params_file:=/wt/contributions/compute-benchmark/OsakaTX/scripts/nav2_params_bench.yaml use_sim_time:=False autostart:=True slam:=False use_localization:=False"
2026-09-25T13:27:25Z,29,"noiseF1_20260925T132529Z",592839,"lifelong_slam_t",86.3,69672,49593,"/opt/ros/jazzy/lib/slam_toolbox/lifelong_slam_toolbox_node --ros-args -r __node:=slam_toolbox -r __ns:=/ --params-file /wt/contributions/compute-benchmark/OsakaTX/scripts/lifelong_slam_params.yaml --params-file /tmp/launch_params_u28nfoc8"
2026-09-25T13:27:25Z,29,"noiseF1_20260925T132529Z",592872,"component_conta",42.6,166024,145933,"/opt/ros/jazzy/lib/rclcpp_components/component_container_isolated --ros-args --log-level info --ros-args -r __node:=nav2_container --params-file /tmp/launch_params_f3kff4o9 --params-file /tmp/launch_params_qbgeiakg -r /tf:=tf -r /tf_static:=tf_static"
2026-09-25T13:27:25Z,29,"noiseF1_20260925T132529Z",592938,"python3",6.8,82808,53816,"python3 /wt/contributions/compute-benchmark/OsakaTX/scripts/nav_goal_seq.py --x 4 --y 4 --yaw 0 --every 22.0 --pause 2.0 --cancel --repeats 0"
2026-09-25T13:27:25Z,29,"noiseF1_20260925T132529Z",592983,"bash",0.5,4548,1353,"bash /wt/contributions/compute-benchmark/xbattlax/scripts/measure_ros_processes.sh --pattern python3|ros2|slam|nav2|component_container|nav_goal_seq --duration 380 --interval 2 --label noiseF1_20260925T132529Z --output /wt/contributions/compute-benchmark/OsakaTX/scripts/../results/combo2/noiseF1_20260925T132529Z.csv"
2026-09-25T13:27:27Z,30,"noiseF1_20260925T132529Z",408070,"python3",0.1,74808,47259,"/usr/bin/python3 -c from ros2cli.daemon.daemonize import main; main() --name ros2-daemon --ros-domain-id 0 --rmw-implementation rmw_fastrtps_cpp"
2026-09-25T13:27:27Z,30,"noiseF1_20260925T132529Z",592803,"python3",5.9,77360,48490,"python3 /wt/contributions/compute-benchmark/OsakaTX/scripts/synthetic_scan_publisher.py --duration 490 --loop-s 40 --hz 5.0 --noise 0.05"
2026-09-25T13:27:27Z,30,"noiseF1_20260925T132529Z",592819,"ros2",1.0,79016,50938,"/usr/bin/python3 /opt/ros/jazzy/bin/ros2 launch /wt/contributions/compute-benchmark/OsakaTX/scripts/lifelong_launch.py slam_params_file:=/wt/contributions/compute-benchmark/OsakaTX/scripts/lifelong_slam_params.yaml use_sim_time:=False autostart:=true"
2026-09-25T13:27:27Z,30,"noiseF1_20260925T132529Z",592820,"ros2",1.3,83528,55458,"/usr/bin/python3 /opt/ros/jazzy/bin/ros2 launch nav2_bringup bringup_launch.py map:=/wt/contributions/compute-benchmark/OsakaTX/scripts/../results/combo2/combo2_nav2_map.yaml params_file:=/wt/contributions/compute-benchmark/OsakaTX/scripts/nav2_params_bench.yaml use_sim_time:=False autostart:=True slam:=False use_localization:=False"
2026-09-25T13:27:27Z,30,"noiseF1_20260925T132529Z",592839,"lifelong_slam_t",86.5,69716,49635,"/opt/ros/jazzy/lib/slam_toolbox/lifelong_slam_toolbox_node --ros-args -r __node:=slam_toolbox -r __ns:=/ --params-file /wt/contributions/compute-benchmark/OsakaTX/scripts/lifelong_slam_params.yaml --params-file /tmp/launch_params_u28nfoc8"
2026-09-25T13:27:27Z,30,"noiseF1_20260925T132529Z",592872,"component_conta",42.8,165820,145728,"/opt/ros/jazzy/lib/rclcpp_components/component_container_isolated --ros-args --log-level info --ros-args -r __node:=nav2_container --params-file /tmp/launch_params_f3kff4o9 --params-file /tmp/launch_params_qbgeiakg -r /tf:=tf -r /tf_static:=tf_static"
2026-09-25T13:27:27Z,30,"noiseF1_20260925T132529Z",592938,"python3",6.9,82808,53819,"python3 /wt/contributions/compute-benchmark/OsakaTX/scripts/nav_goal_seq.py --x 4 --y 4 --yaw 0 --every 22.0 --pause 2.0 --cancel --repeats 0"
2026-09-25T13:27:27Z,30,"noiseF1_20260925T132529Z",592983,"bash",0.5,4548,1351,"bash /wt/contributions/compute-benchmark/xbattlax/scripts/measure_ros_processes.sh --pattern python3|ros2|slam|nav2|component_container|nav_goal_seq --duration 380 --interval 2 --label noiseF1_20260925T132529Z --output /wt/contributions/compute-benchmark/OsakaTX/scripts/../results/combo2/noiseF1_20260925T132529Z.csv"
2026-09-25T13:27:30Z,31,"noiseF1_20260925T132529Z",408070,"python3",0.1,74808,47260,"/usr/bin/python3 -c from ros2cli.daemon.daemonize import main; main() --name ros2-daemon --ros-domain-id 0 --rmw-implementation rmw_fastrtps_cpp"
2026-09-25T13:27:30Z,31,"noiseF1_20260925T132529Z",592803,"python3",5.9,77360,48491,"python3 /wt/contributions/compute-benchmark/OsakaTX/scripts/synthetic_scan_publisher.py --duration 490 --loop-s 40 --hz 5.0 --noise 0.05"
2026-09-25T13:27:30Z,31,"noiseF1_20260925T132529Z",592819,"ros2",1.0,79016,50938,"/usr/bin/python3 /opt/ros/jazzy/bin/ros2 launch /wt/contributions/compute-benchmark/OsakaTX/scripts/lifelong_launch.py slam_params_file:=/wt/contributions/compute-benchmark/OsakaTX/scripts/lifelong_slam_params.yaml use_sim_time:=False autostart:=true"
2026-09-25T13:27:30Z,31,"noiseF1_20260925T132529Z",592820,"ros2",1.3,83528,55449,"/usr/bin/python3 /opt/ros/jazzy/bin/ros2 launch nav2_bringup bringup_launch.py map:=/wt/contributions/compute-benchmark/OsakaTX/scripts/../results/combo2/combo2_nav2_map.yaml params_file:=/wt/contributions/compute-benchmark/OsakaTX/scripts/nav2_params_bench.yaml use_sim_time:=False autostart:=True slam:=False use_localization:=False"
2026-09-25T13:27:30Z,31,"noiseF1_20260925T132529Z",592839,"lifelong_slam_t",87.1,69816,49736,"/opt/ros/jazzy/lib/slam_toolbox/lifelong_slam_toolbox_node --ros-args -r __node:=slam_toolbox -r __ns:=/ --params-file /wt/contributions/compute-benchmark/OsakaTX/scripts/lifelong_slam_params.yaml --params-file /tmp/launch_params_u28nfoc8"
2026-09-25T13:27:30Z,31,"noiseF1_20260925T132529Z",592872,"component_conta",43.0,165820,145729,"/opt/ros/jazzy/lib/rclcpp_components/component_container_isolated --ros-args --log-level info --ros-args -r __node:=nav2_container --params-file /tmp/launch_params_f3kff4o9 --params-file /tmp/launch_params_qbgeiakg -r /tf:=tf -r /tf_static:=tf_static"
2026-09-25T13:27:30Z,31,"noiseF1_20260925T132529Z",592938,"python3",6.9,82808,53817,"python3 /wt/contributions/compute-benchmark/OsakaTX/scripts/nav_goal_seq.py --x 4 --y 4 --yaw 0 --every 22.0 --pause 2.0 --cancel --repeats 0"
2026-09-25T13:27:30Z,31,"noiseF1_20260925T132529Z",592983,"bash",0.5,4548,1347,"bash /wt/contributions/compute-benchmark/xbattlax/scripts/measure_ros_processes.sh --pattern python3|ros2|slam|nav2|component_container|nav_goal_seq --duration 380 --interval 2 --label noiseF1_20260925T132529Z --output /wt/contributions/compute-benchmark/OsakaTX/scripts/../results/combo2/noiseF1_20260925T132529Z.csv"
2026-09-25T13:27:32Z,32,"noiseF1_20260925T132529Z",408070,"python3",0.1,74808,47260,"/usr/bin/python3 -c from ros2cli.daemon.daemonize import main; main() --name ros2-daemon --ros-domain-id 0 --rmw-implementation rmw_fastrtps_cpp"
2026-09-25T13:27:32Z,32,"noiseF1_20260925T132529Z",592803,"python3",5.9,77360,48498,"python3 /wt/contributions/compute-benchmark/OsakaTX/scripts/synthetic_scan_publisher.py --duration 490 --loop-s 40 --hz 5.0 --noise 0.05"
2026-09-25T13:27:32Z,32,"noiseF1_20260925T132529Z",592819,"ros2",1.0,79016,50934,"/usr/bin/python3 /opt/ros/jazzy/bin/ros2 launch /wt/contributions/compute-benchmark/OsakaTX/scripts/lifelong_launch.py slam_params_file:=/wt/contributions/compute-benchmark/OsakaTX/scripts/lifelong_slam_params.yaml use_sim_time:=False autostart:=true"
2026-09-25T13:27:32Z,32,"noiseF1_20260925T132529Z",592820,"ros2",1.3,83528,55457,"/usr/bin/python3 /opt/ros/jazzy/bin/ros2 launch nav2_bringup bringup_launch.py map:=/wt/contributions/compute-benchmark/OsakaTX/scripts/../results/combo2/combo2_nav2_map.yaml params_file:=/wt/contributions/compute-benchmark/OsakaTX/scripts/nav2_params_bench.yaml use_sim_time:=False autostart:=True slam:=False use_localization:=False"
2026-09-25T13:27:32Z,32,"noiseF1_20260925T132529Z",592839,"lifelong_slam_t",87.5,69896,49816,"/opt/ros/jazzy/lib/slam_toolbox/lifelong_slam_toolbox_node --ros-args -r __node:=slam_toolbox -r __ns:=/ --params-file /wt/contributions/compute-benchmark/OsakaTX/scripts/lifelong_slam_params.yaml --params-file /tmp/launch_params_u28nfoc8"
2026-09-25T13:27:32Z,32,"noiseF1_20260925T132529Z",592872,"component_conta",43.3,168540,148448,"/opt/ros/jazzy/lib/rclcpp_components/component_container_isolated --ros-args --log-level info --ros-args -r __node:=nav2_container --params-file /tmp/launch_params_f3kff4o9 --params-file /tmp/launch_params_qbgeiakg -r /tf:=tf -r /tf_static:=tf_static"
2026-09-25T13:27:32Z,32,"noiseF1_20260925T132529Z",592938,"python3",6.9,82808,53817,"python3 /wt/contributions/compute-benchmark/OsakaTX/scripts/nav_goal_seq.py --x 4 --y 4 --yaw 0 --every 22.0 --pause 2.0 --cancel --repeats 0"
2026-09-25T13:27:32Z,32,"noiseF1_20260925T132529Z",592983,"bash",0.5,4548,1349,"bash /wt/contributions/compute-benchmark/xbattlax/scripts/measure_ros_processes.sh --pattern python3|ros2|slam|nav2|component_container|nav_goal_seq --duration 380 --interval 2 --label noiseF1_20260925T132529Z --output /wt/contributions/compute-benchmark/OsakaTX/scripts/../results/combo2/noiseF1_20260925T132529Z.csv"
2026-09-25T13:27:34Z,33,"noiseF1_20260925T132529Z",408070,"python3",0.1,74808,47257,"/usr/bin/python3 -c from ros2cli.daemon.daemonize import main; main() --name ros2-daemon --ros-domain-id 0 --rmw-implementation rmw_fastrtps_cpp"
2026-09-25T13:27:34Z,33,"noiseF1_20260925T132529Z",592803,"python3",5.9,77360,48494,"python3 /wt/contributions/compute-benchmark/OsakaTX/scripts/synthetic_scan_publisher.py --duration 490 --loop-s 40 --hz 5.0 --noise 0.05"
2026-09-25T13:27:34Z,33,"noiseF1_20260925T132529Z",592819,"ros2",1.0,79016,50938,"/usr/bin/python3 /opt/ros/jazzy/bin/ros2 launch /wt/contributions/compute-benchmark/OsakaTX/scripts/lifelong_launch.py slam_params_file:=/wt/contributions/compute-benchmark/OsakaTX/scripts/lifelong_slam_params.yaml use_sim_time:=False autostart:=true"
2026-09-25T13:27:34Z,33,"noiseF1_20260925T132529Z",592820,"ros2",1.2,83528,55458,"/usr/bin/python3 /opt/ros/jazzy/bin/ros2 launch nav2_bringup bringup_launch.py map:=/wt/contributions/compute-benchmark/OsakaTX/scripts/../results/combo2/combo2_nav2_map.yaml params_file:=/wt/contributions/compute-benchmark/OsakaTX/scripts/nav2_params_bench.yaml use_sim_time:=False autostart:=True slam:=False use_localization:=False"
2026-09-25T13:27:34Z,33,"noiseF1_20260925T132529Z",592839,"lifelong_slam_t",87.0,70036,49956,"/opt/ros/jazzy/lib/slam_toolbox/lifelong_slam_toolbox_node --ros-args -r __node:=slam_toolbox -r __ns:=/ --params-file /wt/contributions/compute-benchmark/OsakaTX/scripts/lifelong_slam_params.yaml --params-file /tmp/launch_params_u28nfoc8"
2026-09-25T13:27:34Z,33,"noiseF1_20260925T132529Z",592872,"component_conta",43.3,166400,146309,"/opt/ros/jazzy/lib/rclcpp_components/component_container_isolated --ros-args --log-level info --ros-args -r __node:=nav2_container --params-file /tmp/launch_params_f3kff4o9 --params-file /tmp/launch_params_qbgeiakg -r /tf:=tf -r /tf_static:=tf_static"
2026-09-25T13:27:34Z,33,"noiseF1_20260925T132529Z",592938,"python3",6.9,82808,53819,"python3 /wt/contributions/compute-benchmark/OsakaTX/scripts/nav_goal_seq.py --x 4 --y 4 --yaw 0 --every 22.0 --pause 2.0 --cancel --repeats 0"
2026-09-25T13:27:34Z,33,"noiseF1_20260925T132529Z",592983,"bash",0.5,4548,1353,"bash /wt/contributions/compute-benchmark/xbattlax/scripts/measure_ros_processes.sh --pattern python3|ros2|slam|nav2|component_container|nav_goal_seq --duration 380 --interval 2 --label noiseF1_20260925T132529Z --output /wt/contributions/compute-benchmark/OsakaTX/scripts/../results/combo2/noiseF1_20260925T132529Z.csv"
2026-09-25T13:27:37Z,34,"noiseF1_20260925T132529Z",408070,"python3",0.1,74808,47260,"/usr/bin/python3 -c from ros2cli.daemon.daemonize import main; main() --name ros2-daemon --ros-domain-id 0 --rmw-implementation rmw_fastrtps_cpp"
2026-09-25T13:27:37Z,34,"noiseF1_20260925T132529Z",592803,"python3",5.9,77360,48496,"python3 /wt/contributions/compute-benchmark/OsakaTX/scripts/synthetic_scan_publisher.py --duration 490 --loop-s 40 --hz 5.0 --noise 0.05"
2026-09-25T13:27:37Z,34,"noiseF1_20260925T132529Z",592819,"ros2",1.0,79020,50939,"/usr/bin/python3 /opt/ros/jazzy/bin/ros2 launch /wt/contributions/compute-benchmark/OsakaTX/scripts/lifelong_launch.py slam_params_file:=/wt/contributions/compute-benchmark/OsakaTX/scripts/lifelong_slam_params.yaml use_sim_time:=False autostart:=true"
2026-09-25T13:27:37Z,34,"noiseF1_20260925T132529Z",592820,"ros2",1.2,83528,55457,"/usr/bin/python3 /opt/ros/jazzy/bin/ros2 launch nav2_bringup bringup_launch.py map:=/wt/contributions/compute-benchmark/OsakaTX/scripts/../results/combo2/combo2_nav2_map.yaml params_file:=/wt/contributions/compute-benchmark/OsakaTX/scripts/nav2_params_bench.yaml use_sim_time:=False autostart:=True slam:=False use_localization:=False"
2026-09-25T13:27:37Z,34,"noiseF1_20260925T132529Z",592839,"lifelong_slam_t",87.4,70116,50036,"/opt/ros/jazzy/lib/slam_toolbox/lifelong_slam_toolbox_node --ros-args -r __node:=slam_toolbox -r __ns:=/ --params-file /wt/contributions/compute-benchmark/OsakaTX/scripts/lifelong_slam_params.yaml --params-file /tmp/launch_params_u28nfoc8"
2026-09-25T13:27:37Z,34,"noiseF1_20260925T132529Z",592872,"component_conta",43.5,166400,146309,"/opt/ros/jazzy/lib/rclcpp_components/component_container_isolated --ros-args --log-level info --ros-args -r __node:=nav2_container --params-file /tmp/launch_params_f3kff4o9 --params-file /tmp/launch_params_qbgeiakg -r /tf:=tf -r /tf_static:=tf_static"
2026-09-25T13:27:37Z,34,"noiseF1_20260925T132529Z",592938,"python3",6.9,82808,53819,"python3 /wt/contributions/compute-benchmark/OsakaTX/scripts/nav_goal_seq.py --x 4 --y 4 --yaw 0 --every 22.0 --pause 2.0 --cancel --repeats 0"
2026-09-25T13:27:37Z,34,"noiseF1_20260925T132529Z",592983,"bash",0.5,4548,1353,"bash /wt/contributions/compute-benchmark/xbattlax/scripts/measure_ros_processes.sh --pattern python3|ros2|slam|nav2|component_container|nav_goal_seq --duration 380 --interval 2 --label noiseF1_20260925T132529Z --output /wt/contributions/compute-benchmark/OsakaTX/scripts/../results/combo2/noiseF1_20260925T132529Z.csv"
2026-09-25T13:27:40Z,35,"noiseF1_20260925T132529Z",408070,"python3",0.1,74808,47258,"/usr/bin/python3 -c from ros2cli.daemon.daemonize import main; main() --name ros2-daemon --ros-domain-id 0 --rmw-implementation rmw_fastrtps_cpp"
2026-09-25T13:27:40Z,35,"noiseF1_20260925T132529Z",592803,"python3",5.9,77360,48494,"python3 /wt/contributions/compute-benchmark/OsakaTX/scripts/synthetic_scan_publisher.py --duration 490 --loop-s 40 --hz 5.0 --noise 0.05"
2026-09-25T13:27:40Z,35,"noiseF1_20260925T132529Z",592819,"ros2",1.0,79020,50937,"/usr/bin/python3 /opt/ros/jazzy/bin/ros2 launch /wt/contributions/compute-benchmark/OsakaTX/scripts/lifelong_launch.py slam_params_file:=/wt/contributions/compute-benchmark/OsakaTX/scripts/lifelong_slam_params.yaml use_sim_time:=False autostart:=true"
2026-09-25T13:27:40Z,35,"noiseF1_20260925T132529Z",592820,"ros2",1.2,83528,55457,"/usr/bin/python3 /opt/ros/jazzy/bin/ros2 launch nav2_bringup bringup_launch.py map:=/wt/contributions/compute-benchmark/OsakaTX/scripts/../results/combo2/combo2_nav2_map.yaml params_file:=/wt/contributions/compute-benchmark/OsakaTX/scripts/nav2_params_bench.yaml use_sim_time:=False autostart:=True slam:=False use_localization:=False"
2026-09-25T13:27:40Z,35,"noiseF1_20260925T132529Z",592839,"lifelong_slam_t",87.0,70180,50100,"/opt/ros/jazzy/lib/slam_toolbox/lifelong_slam_toolbox_node --ros-args -r __node:=slam_toolbox -r __ns:=/ --params-file /wt/contributions/compute-benchmark/OsakaTX/scripts/lifelong_slam_params.yaml --params-file /tmp/launch_params_u28nfoc8"
2026-09-25T13:27:40Z,35,"noiseF1_20260925T132529Z",592872,"component_conta",43.7,166400,146309,"/opt/ros/jazzy/lib/rclcpp_components/component_container_isolated --ros-args --log-level info --ros-args -r __node:=nav2_container --params-file /tmp/launch_params_f3kff4o9 --params-file /tmp/launch_params_qbgeiakg -r /tf:=tf -r /tf_static:=tf_static"
2026-09-25T13:27:40Z,35,"noiseF1_20260925T132529Z",592938,"python3",6.9,82808,53819,"python3 /wt/contributions/compute-benchmark/OsakaTX/scripts/nav_goal_seq.py --x 4 --y 4 --yaw 0 --every 22.0 --pause 2.0 --cancel --repeats 0"
2026-09-25T13:27:40Z,35,"noiseF1_20260925T132529Z",592983,"bash",0.5,4548,1353,"bash /wt/contributions/compute-benchmark/xbattlax/scripts/measure_ros_processes.sh --pattern python3|ros2|slam|nav2|component_container|nav_goal_seq --duration 380 --interval 2 --label noiseF1_20260925T132529Z --output /wt/contributions/compute-benchmark/OsakaTX/scripts/../results/combo2/noiseF1_20260925T132529Z.csv"
2026-09-25T13:27:42Z,36,"noiseF1_20260925T132529Z",408070,"python3",0.1,74808,47260,"/usr/bin/python3 -c from ros2cli.daemon.daemonize import main; main() --name ros2-daemon --ros-domain-id 0 --rmw-implementation rmw_fastrtps_cpp"
2026-09-25T13:27:42Z,36,"noiseF1_20260925T132529Z",592803,"python3",5.9,77360,48489,"python3 /wt/contributions/compute-benchmark/OsakaTX/scripts/synthetic_scan_publisher.py --duration 490 --loop-s 40 --hz 5.0 --noise 0.05"
2026-09-25T13:27:42Z,36,"noiseF1_20260925T132529Z",592819,"ros2",1.0,79020,50941,"/usr/bin/python3 /opt/ros/jazzy/bin/ros2 launch /wt/contributions/compute-benchmark/OsakaTX/scripts/lifelong_launch.py slam_params_file:=/wt/contributions/compute-benchmark/OsakaTX/scripts/lifelong_slam_params.yaml use_sim_time:=False autostart:=true"
2026-09-25T13:27:42Z,36,"noiseF1_20260925T132529Z",592820,"ros2",1.2,83528,55458,"/usr/bin/python3 /opt/ros/jazzy/bin/ros2 launch nav2_bringup bringup_launch.py map:=/wt/contributions/compute-benchmark/OsakaTX/scripts/../results/combo2/combo2_nav2_map.yaml params_file:=/wt/contributions/compute-benchmark/OsakaTX/scripts/nav2_params_bench.yaml use_sim_time:=False autostart:=True slam:=False use_localization:=False"
2026-09-25T13:27:42Z,36,"noiseF1_20260925T132529Z",592839,"lifelong_slam_t",87.0,70196,50116,"/opt/ros/jazzy/lib/slam_toolbox/lifelong_slam_toolbox_node --ros-args -r __node:=slam_toolbox -r __ns:=/ --params-file /wt/contributions/compute-benchmark/OsakaTX/scripts/lifelong_slam_params.yaml --params-file /tmp/launch_params_u28nfoc8"
2026-09-25T13:27:42Z,36,"noiseF1_20260925T132529Z",592872,"component_conta",43.8,166400,146309,"/opt/ros/jazzy/lib/rclcpp_components/component_container_isolated --ros-args --log-level info --ros-args -r __node:=nav2_container --params-file /tmp/launch_params_f3kff4o9 --params-file /tmp/launch_params_qbgeiakg -r /tf:=tf -r /tf_static:=tf_static"
2026-09-25T13:27:42Z,36,"noiseF1_20260925T132529Z",592938,"python3",6.9,82808,53816,"python3 /wt/contributions/compute-benchmark/OsakaTX/scripts/nav_goal_seq.py --x 4 --y 4 --yaw 0 --every 22.0 --pause 2.0 --cancel --repeats 0"
2026-09-25T13:27:42Z,36,"noiseF1_20260925T132529Z",592983,"bash",0.5,4548,1349,"bash /wt/contributions/compute-benchmark/xbattlax/scripts/measure_ros_processes.sh --pattern python3|ros2|slam|nav2|component_container|nav_goal_seq --duration 380 --interval 2 --label noiseF1_20260925T132529Z --output /wt/contributions/compute-benchmark/OsakaTX/scripts/../results/combo2/noiseF1_20260925T132529Z.csv"
2026-09-25T13:27:44Z,37,"noiseF1_20260925T132529Z",408070,"python3",0.1,74808,47260,"/usr/bin/python3 -c from ros2cli.daemon.daemonize import main; main() --name ros2-daemon --ros-domain-id 0 --rmw-implementation rmw_fastrtps_cpp"
2026-09-25T13:27:44Z,37,"noiseF1_20260925T132529Z",592803,"python3",5.8,77360,48501,"python3 /wt/contributions/compute-benchmark/OsakaTX/scripts/synthetic_scan_publisher.py --duration 490 --loop-s 40 --hz 5.0 --noise 0.05"
2026-09-25T13:27:44Z,37,"noiseF1_20260925T132529Z",592819,"ros2",1.0,79020,50942,"/usr/bin/python3 /opt/ros/jazzy/bin/ros2 launch /wt/contributions/compute-benchmark/OsakaTX/scripts/lifelong_launch.py slam_params_file:=/wt/contributions/compute-benchmark/OsakaTX/scripts/lifelong_slam_params.yaml use_sim_time:=False autostart:=true"
2026-09-25T13:27:44Z,37,"noiseF1_20260925T132529Z",592820,"ros2",1.2,83528,55457,"/usr/bin/python3 /opt/ros/jazzy/bin/ros2 launch nav2_bringup bringup_launch.py map:=/wt/contributions/compute-benchmark/OsakaTX/scripts/../results/combo2/combo2_nav2_map.yaml params_file:=/wt/contributions/compute-benchmark/OsakaTX/scripts/nav2_params_bench.yaml use_sim_time:=False autostart:=True slam:=False use_localization:=False"
2026-09-25T13:27:44Z,37,"noiseF1_20260925T132529Z",592839,"lifelong_slam_t",87.5,70216,50136,"/opt/ros/jazzy/lib/slam_toolbox/lifelong_slam_toolbox_node --ros-args -r __node:=slam_toolbox -r __ns:=/ --params-file /wt/contributions/compute-benchmark/OsakaTX/scripts/lifelong_slam_params.yaml --params-file /tmp/launch_params_u28nfoc8"
2026-09-25T13:27:44Z,37,"noiseF1_20260925T132529Z",592872,"component_conta",43.9,166400,146308,"/opt/ros/jazzy/lib/rclcpp_components/component_container_isolated --ros-args --log-level info --ros-args -r __node:=nav2_container --params-file /tmp/launch_params_f3kff4o9 --params-file /tmp/launch_params_qbgeiakg -r /tf:=tf -r /tf_static:=tf_static"
2026-09-25T13:27:44Z,37,"noiseF1_20260925T132529Z",592938,"python3",6.9,82808,53819,"python3 /wt/contributions/compute-benchmark/OsakaTX/scripts/nav_goal_seq.py --x 4 --y 4 --yaw 0 --every 22.0 --pause 2.0 --cancel --repeats 0"
2026-09-25T13:27:44Z,37,"noiseF1_20260925T132529Z",592983,"bash",0.5,4548,1351,"bash /wt/contributions/compute-benchmark/xbattlax/scripts/measure_ros_processes.sh --pattern python3|ros2|slam|nav2|component_container|nav_goal_seq --duration 380 --interval 2 --label noiseF1_20260925T132529Z --output /wt/contributions/compute-benchmark/OsakaTX/scripts/../results/combo2/noiseF1_20260925T132529Z.csv"
2026-09-25T13:27:47Z,38,"noiseF1_20260925T132529Z",408070,"python3",0.1,74808,47256,"/usr/bin/python3 -c from ros2cli.daemon.daemonize import main; main() --name ros2-daemon --ros-domain-id 0 --rmw-implementation rmw_fastrtps_cpp"
2026-09-25T13:27:47Z,38,"noiseF1_20260925T132529Z",592803,"python3",5.8,77360,48490,"python3 /wt/contributions/compute-benchmark/OsakaTX/scripts/synthetic_scan_publisher.py --duration 490 --loop-s 40 --hz 5.0 --noise 0.05"
2026-09-25T13:27:47Z,38,"noiseF1_20260925T132529Z",592819,"ros2",1.0,79020,50941,"/usr/bin/python3 /opt/ros/jazzy/bin/ros2 launch /wt/contributions/compute-benchmark/OsakaTX/scripts/lifelong_launch.py slam_params_file:=/wt/contributions/compute-benchmark/OsakaTX/scripts/lifelong_slam_params.yaml use_sim_time:=False autostart:=true"
2026-09-25T13:27:47Z,38,"noiseF1_20260925T132529Z",592820,"ros2",1.1,83528,55459,"/usr/bin/python3 /opt/ros/jazzy/bin/ros2 launch nav2_bringup bringup_launch.py map:=/wt/contributions/compute-benchmark/OsakaTX/scripts/../results/combo2/combo2_nav2_map.yaml params_file:=/wt/contributions/compute-benchmark/OsakaTX/scripts/nav2_params_bench.yaml use_sim_time:=False autostart:=True slam:=False use_localization:=False"
2026-09-25T13:27:47Z,38,"noiseF1_20260925T132529Z",592839,"lifelong_slam_t",88.0,70216,50135,"/opt/ros/jazzy/lib/slam_toolbox/lifelong_slam_toolbox_node --ros-args -r __node:=slam_toolbox -r __ns:=/ --params-file /wt/contributions/compute-benchmark/OsakaTX/scripts/lifelong_slam_params.yaml --params-file /tmp/launch_params_u28nfoc8"
2026-09-25T13:27:47Z,38,"noiseF1_20260925T132529Z",592872,"component_conta",43.9,169876,149785,"/opt/ros/jazzy/lib/rclcpp_components/component_container_isolated --ros-args --log-level info --ros-args -r __node:=nav2_container --params-file /tmp/launch_params_f3kff4o9 --params-file /tmp/launch_params_qbgeiakg -r /tf:=tf -r /tf_static:=tf_static"
2026-09-25T13:27:47Z,38,"noiseF1_20260925T132529Z",592938,"python3",6.8,82812,53821,"python3 /wt/contributions/compute-benchmark/OsakaTX/scripts/nav_goal_seq.py --x 4 --y 4 --yaw 0 --every 22.0 --pause 2.0 --cancel --repeats 0"
2026-09-25T13:27:47Z,38,"noiseF1_20260925T132529Z",592983,"bash",0.5,4548,1352,"bash /wt/contributions/compute-benchmark/xbattlax/scripts/measure_ros_processes.sh --pattern python3|ros2|slam|nav2|component_container|nav_goal_seq --duration 380 --interval 2 --label noiseF1_20260925T132529Z --output /wt/contributions/compute-benchmark/OsakaTX/scripts/../results/combo2/noiseF1_20260925T132529Z.csv"
2026-09-25T13:27:49Z,39,"noiseF1_20260925T132529Z",408070,"python3",0.1,74808,47257,"/usr/bin/python3 -c from ros2cli.daemon.daemonize import main; main() --name ros2-daemon --ros-domain-id 0 --rmw-implementation rmw_fastrtps_cpp"
2026-09-25T13:27:49Z,39,"noiseF1_20260925T132529Z",592803,"python3",5.8,77360,48490,"python3 /wt/contributions/compute-benchmark/OsakaTX/scripts/synthetic_scan_publisher.py --duration 490 --loop-s 40 --hz 5.0 --noise 0.05"
2026-09-25T13:27:49Z,39,"noiseF1_20260925T132529Z",592819,"ros2",1.0,79020,50939,"/usr/bin/python3 /opt/ros/jazzy/bin/ros2 launch /wt/contributions/compute-benchmark/OsakaTX/scripts/lifelong_launch.py slam_params_file:=/wt/contributions/compute-benchmark/OsakaTX/scripts/lifelong_slam_params.yaml use_sim_time:=False autostart:=true"
2026-09-25T13:27:49Z,39,"noiseF1_20260925T132529Z",592820,"ros2",1.1,83528,55457,"/usr/bin/python3 /opt/ros/jazzy/bin/ros2 launch nav2_bringup bringup_launch.py map:=/wt/contributions/compute-benchmark/OsakaTX/scripts/../results/combo2/combo2_nav2_map.yaml params_file:=/wt/contributions/compute-benchmark/OsakaTX/scripts/nav2_params_bench.yaml use_sim_time:=False autostart:=True slam:=False use_localization:=False"
2026-09-25T13:27:49Z,39,"noiseF1_20260925T132529Z",592839,"lifelong_slam_t",88.4,70244,50165,"/opt/ros/jazzy/lib/slam_toolbox/lifelong_slam_toolbox_node --ros-args -r __node:=slam_toolbox -r __ns:=/ --params-file /wt/contributions/compute-benchmark/OsakaTX/scripts/lifelong_slam_params.yaml --params-file /tmp/launch_params_u28nfoc8"
2026-09-25T13:27:49Z,39,"noiseF1_20260925T132529Z",592872,"component_conta",43.8,170376,150284,"/opt/ros/jazzy/lib/rclcpp_components/component_container_isolated --ros-args --log-level info --ros-args -r __node:=nav2_container --params-file /tmp/launch_params_f3kff4o9 --params-file /tmp/launch_params_qbgeiakg -r /tf:=tf -r /tf_static:=tf_static"
2026-09-25T13:27:49Z,39,"noiseF1_20260925T132529Z",592938,"python3",6.7,82812,53821,"python3 /wt/contributions/compute-benchmark/OsakaTX/scripts/nav_goal_seq.py --x 4 --y 4 --yaw 0 --every 22.0 --pause 2.0 --cancel --repeats 0"
2026-09-25T13:27:49Z,39,"noiseF1_20260925T132529Z",592983,"bash",0.5,4548,1351,"bash /wt/contributions/compute-benchmark/xbattlax/scripts/measure_ros_processes.sh --pattern python3|ros2|slam|nav2|component_container|nav_goal_seq --duration 380 --interval 2 --label noiseF1_20260925T132529Z --output /wt/contributions/compute-benchmark/OsakaTX/scripts/../results/combo2/noiseF1_20260925T132529Z.csv"
2026-09-25T13:27:52Z,40,"noiseF1_20260925T132529Z",408070,"python3",0.1,74808,47258,"/usr/bin/python3 -c from ros2cli.daemon.daemonize import main; main() --name ros2-daemon --ros-domain-id 0 --rmw-implementation rmw_fastrtps_cpp"
2026-09-25T13:27:52Z,40,"noiseF1_20260925T132529Z",592803,"python3",5.8,77360,48499,"python3 /wt/contributions/compute-benchmark/OsakaTX/scripts/synthetic_scan_publisher.py --duration 490 --loop-s 40 --hz 5.0 --noise 0.05"
2026-09-25T13:27:52Z,40,"noiseF1_20260925T132529Z",592819,"ros2",1.0,79020,50942,"/usr/bin/python3 /opt/ros/jazzy/bin/ros2 launch /wt/contributions/compute-benchmark/OsakaTX/scripts/lifelong_launch.py slam_params_file:=/wt/contributions/compute-benchmark/OsakaTX/scripts/lifelong_slam_params.yaml use_sim_time:=False autostart:=true"
2026-09-25T13:27:52Z,40,"noiseF1_20260925T132529Z",592820,"ros2",1.1,83528,55459,"/usr/bin/python3 /opt/ros/jazzy/bin/ros2 launch nav2_bringup bringup_launch.py map:=/wt/contributions/compute-benchmark/OsakaTX/scripts/../results/combo2/combo2_nav2_map.yaml params_file:=/wt/contributions/compute-benchmark/OsakaTX/scripts/nav2_params_bench.yaml use_sim_time:=False autostart:=True slam:=False use_localization:=False"
2026-09-25T13:27:52Z,40,"noiseF1_20260925T132529Z",592839,"lifelong_slam_t",88.9,70304,50224,"/opt/ros/jazzy/lib/slam_toolbox/lifelong_slam_toolbox_node --ros-args -r __node:=slam_toolbox -r __ns:=/ --params-file /wt/contributions/compute-benchmark/OsakaTX/scripts/lifelong_slam_params.yaml --params-file /tmp/launch_params_u28nfoc8"
2026-09-25T13:27:52Z,40,"noiseF1_20260925T132529Z",592872,"component_conta",43.9,170336,150244,"/opt/ros/jazzy/lib/rclcpp_components/component_container_isolated --ros-args --log-level info --ros-args -r __node:=nav2_container --params-file /tmp/launch_params_f3kff4o9 --params-file /tmp/launch_params_qbgeiakg -r /tf:=tf -r /tf_static:=tf_static"
2026-09-25T13:27:52Z,40,"noiseF1_20260925T132529Z",592938,"python3",6.7,82812,53821,"python3 /wt/contributions/compute-benchmark/OsakaTX/scripts/nav_goal_seq.py --x 4 --y 4 --yaw 0 --every 22.0 --pause 2.0 --cancel --repeats 0"
2026-09-25T13:27:52Z,40,"noiseF1_20260925T132529Z",592983,"bash",0.5,4548,1349,"bash /wt/contributions/compute-benchmark/xbattlax/scripts/measure_ros_processes.sh --pattern python3|ros2|slam|nav2|component_container|nav_goal_seq --duration 380 --interval 2 --label noiseF1_20260925T132529Z --output /wt/contributions/compute-benchmark/OsakaTX/scripts/../results/combo2/noiseF1_20260925T132529Z.csv"
2026-09-25T13:27:54Z,41,"noiseF1_20260925T132529Z",408070,"python3",0.1,74808,47260,"/usr/bin/python3 -c from ros2cli.daemon.daemonize import main; main() --name ros2-daemon --ros-domain-id 0 --rmw-implementation rmw_fastrtps_cpp"
2026-09-25T13:27:54Z,41,"noiseF1_20260925T132529Z",592803,"python3",5.8,77360,48501,"python3 /wt/contributions/compute-benchmark/OsakaTX/scripts/synthetic_scan_publisher.py --duration 490 --loop-s 40 --hz 5.0 --noise 0.05"
2026-09-25T13:27:54Z,41,"noiseF1_20260925T132529Z",592819,"ros2",1.0,79024,50943,"/usr/bin/python3 /opt/ros/jazzy/bin/ros2 launch /wt/contributions/compute-benchmark/OsakaTX/scripts/lifelong_launch.py slam_params_file:=/wt/contributions/compute-benchmark/OsakaTX/scripts/lifelong_slam_params.yaml use_sim_time:=False autostart:=true"
2026-09-25T13:27:54Z,41,"noiseF1_20260925T132529Z",592820,"ros2",1.1,83528,55451,"/usr/bin/python3 /opt/ros/jazzy/bin/ros2 launch nav2_bringup bringup_launch.py map:=/wt/contributions/compute-benchmark/OsakaTX/scripts/../results/combo2/combo2_nav2_map.yaml params_file:=/wt/contributions/compute-benchmark/OsakaTX/scripts/nav2_params_bench.yaml use_sim_time:=False autostart:=True slam:=False use_localization:=False"
2026-09-25T13:27:54Z,41,"noiseF1_20260925T132529Z",592839,"lifelong_slam_t",88.5,70356,50275,"/opt/ros/jazzy/lib/slam_toolbox/lifelong_slam_toolbox_node --ros-args -r __node:=slam_toolbox -r __ns:=/ --params-file /wt/contributions/compute-benchmark/OsakaTX/scripts/lifelong_slam_params.yaml --params-file /tmp/launch_params_u28nfoc8"
2026-09-25T13:27:54Z,41,"noiseF1_20260925T132529Z",592872,"component_conta",44.0,170348,150257,"/opt/ros/jazzy/lib/rclcpp_components/component_container_isolated --ros-args --log-level info --ros-args -r __node:=nav2_container --params-file /tmp/launch_params_f3kff4o9 --params-file /tmp/launch_params_qbgeiakg -r /tf:=tf -r /tf_static:=tf_static"
2026-09-25T13:27:54Z,41,"noiseF1_20260925T132529Z",592938,"python3",6.7,82812,53820,"python3 /wt/contributions/compute-benchmark/OsakaTX/scripts/nav_goal_seq.py --x 4 --y 4 --yaw 0 --every 22.0 --pause 2.0 --cancel --repeats 0"
2026-09-25T13:27:54Z,41,"noiseF1_20260925T132529Z",592983,"bash",0.5,4548,1353,"bash /wt/contributions/compute-benchmark/xbattlax/scripts/measure_ros_processes.sh --pattern python3|ros2|slam|nav2|component_container|nav_goal_seq --duration 380 --interval 2 --label noiseF1_20260925T132529Z --output /wt/contributions/compute-benchmark/OsakaTX/scripts/../results/combo2/noiseF1_20260925T132529Z.csv"
2026-09-25T13:27:57Z,42,"noiseF1_20260925T132529Z",408070,"python3",0.1,74808,47260,"/usr/bin/python3 -c from ros2cli.daemon.daemonize import main; main() --name ros2-daemon --ros-domain-id 0 --rmw-implementation rmw_fastrtps_cpp"
2026-09-25T13:27:57Z,42,"noiseF1_20260925T132529Z",592803,"python3",5.8,77360,48496,"python3 /wt/contributions/compute-benchmark/OsakaTX/scripts/synthetic_scan_publisher.py --duration 490 --loop-s 40 --hz 5.0 --noise 0.05"
2026-09-25T13:27:57Z,42,"noiseF1_20260925T132529Z",592819,"ros2",0.9,79024,50942,"/usr/bin/python3 /opt/ros/jazzy/bin/ros2 launch /wt/contributions/compute-benchmark/OsakaTX/scripts/lifelong_launch.py slam_params_file:=/wt/contributions/compute-benchmark/OsakaTX/scripts/lifelong_slam_params.yaml use_sim_time:=False autostart:=true"
2026-09-25T13:27:57Z,42,"noiseF1_20260925T132529Z",592820,"ros2",1.1,83528,55455,"/usr/bin/python3 /opt/ros/jazzy/bin/ros2 launch nav2_bringup bringup_launch.py map:=/wt/contributions/compute-benchmark/OsakaTX/scripts/../results/combo2/combo2_nav2_map.yaml params_file:=/wt/contributions/compute-benchmark/OsakaTX/scripts/nav2_params_bench.yaml use_sim_time:=False autostart:=True slam:=False use_localization:=False"
2026-09-25T13:27:57Z,42,"noiseF1_20260925T132529Z",592839,"lifelong_slam_t",88.7,70500,50420,"/opt/ros/jazzy/lib/slam_toolbox/lifelong_slam_toolbox_node --ros-args -r __node:=slam_toolbox -r __ns:=/ --params-file /wt/contributions/compute-benchmark/OsakaTX/scripts/lifelong_slam_params.yaml --params-file /tmp/launch_params_u28nfoc8"
2026-09-25T13:27:57Z,42,"noiseF1_20260925T132529Z",592872,"component_conta",44.1,170352,150257,"/opt/ros/jazzy/lib/rclcpp_components/component_container_isolated --ros-args --log-level info --ros-args -r __node:=nav2_container --params-file /tmp/launch_params_f3kff4o9 --params-file /tmp/launch_params_qbgeiakg -r /tf:=tf -r /tf_static:=tf_static"
2026-09-25T13:27:57Z,42,"noiseF1_20260925T132529Z",592938,"python3",6.7,82812,53824,"python3 /wt/contributions/compute-benchmark/OsakaTX/scripts/nav_goal_seq.py --x 4 --y 4 --yaw 0 --every 22.0 --pause 2.0 --cancel --repeats 0"
2026-09-25T13:27:57Z,42,"noiseF1_20260925T132529Z",592983,"bash",0.5,4548,1352,"bash /wt/contributions/compute-benchmark/xbattlax/scripts/measure_ros_processes.sh --pattern python3|ros2|slam|nav2|component_container|nav_goal_seq --duration 380 --interval 2 --label noiseF1_20260925T132529Z --output /wt/contributions/compute-benchmark/OsakaTX/scripts/../results/combo2/noiseF1_20260925T132529Z.csv"
2026-09-25T13:27:59Z,43,"noiseF1_20260925T132529Z",408070,"python3",0.1,74808,47258,"/usr/bin/python3 -c from ros2cli.daemon.daemonize import main; main() --name ros2-daemon --ros-domain-id 0 --rmw-implementation rmw_fastrtps_cpp"
2026-09-25T13:27:59Z,43,"noiseF1_20260925T132529Z",592803,"python3",5.8,77360,48499,"python3 /wt/contributions/compute-benchmark/OsakaTX/scripts/synthetic_scan_publisher.py --duration 490 --loop-s 40 --hz 5.0 --noise 0.05"
2026-09-25T13:27:59Z,43,"noiseF1_20260925T132529Z",592819,"ros2",0.9,79024,50946,"/usr/bin/python3 /opt/ros/jazzy/bin/ros2 launch /wt/contributions/compute-benchmark/OsakaTX/scripts/lifelong_launch.py slam_params_file:=/wt/contributions/compute-benchmark/OsakaTX/scripts/lifelong_slam_params.yaml use_sim_time:=False autostart:=true"
2026-09-25T13:27:59Z,43,"noiseF1_20260925T132529Z",592820,"ros2",1.1,83528,55458,"/usr/bin/python3 /opt/ros/jazzy/bin/ros2 launch nav2_bringup bringup_launch.py map:=/wt/contributions/compute-benchmark/OsakaTX/scripts/../results/combo2/combo2_nav2_map.yaml params_file:=/wt/contributions/compute-benchmark/OsakaTX/scripts/nav2_params_bench.yaml use_sim_time:=False autostart:=True slam:=False use_localization:=False"
2026-09-25T13:27:59Z,43,"noiseF1_20260925T132529Z",592839,"lifelong_slam_t",89.1,70500,50420,"/opt/ros/jazzy/lib/slam_toolbox/lifelong_slam_toolbox_node --ros-args -r __node:=slam_toolbox -r __ns:=/ --params-file /wt/contributions/compute-benchmark/OsakaTX/scripts/lifelong_slam_params.yaml --params-file /tmp/launch_params_u28nfoc8"
2026-09-25T13:27:59Z,43,"noiseF1_20260925T132529Z",592872,"component_conta",44.2,170348,150256,"/opt/ros/jazzy/lib/rclcpp_components/component_container_isolated --ros-args --log-level info --ros-args -r __node:=nav2_container --params-file /tmp/launch_params_f3kff4o9 --params-file /tmp/launch_params_qbgeiakg -r /tf:=tf -r /tf_static:=tf_static"
2026-09-25T13:27:59Z,43,"noiseF1_20260925T132529Z",592938,"python3",6.7,82812,53821,"python3 /wt/contributions/compute-benchmark/OsakaTX/scripts/nav_goal_seq.py --x 4 --y 4 --yaw 0 --every 22.0 --pause 2.0 --cancel --repeats 0"
2026-09-25T13:27:59Z,43,"noiseF1_20260925T132529Z",592983,"bash",0.5,4548,1352,"bash /wt/contributions/compute-benchmark/xbattlax/scripts/measure_ros_processes.sh --pattern python3|ros2|slam|nav2|component_container|nav_goal_seq --duration 380 --interval 2 --label noiseF1_20260925T132529Z --output /wt/contributions/compute-benchmark/OsakaTX/scripts/../results/combo2/noiseF1_20260925T132529Z.csv"
2026-09-25T13:28:02Z,44,"noiseF1_20260925T132529Z",408070,"python3",0.1,74808,47256,"/usr/bin/python3 -c from ros2cli.daemon.daemonize import main; main() --name ros2-daemon --ros-domain-id 0 --rmw-implementation rmw_fastrtps_cpp"
2026-09-25T13:28:02Z,44,"noiseF1_20260925T132529Z",592803,"python3",5.8,77360,48492,"python3 /wt/contributions/compute-benchmark/OsakaTX/scripts/synthetic_scan_publisher.py --duration 490 --loop-s 40 --hz 5.0 --noise 0.05"
2026-09-25T13:28:02Z,44,"noiseF1_20260925T132529Z",592819,"ros2",0.9,79024,50946,"/usr/bin/python3 /opt/ros/jazzy/bin/ros2 launch /wt/contributions/compute-benchmark/OsakaTX/scripts/lifelong_launch.py slam_params_file:=/wt/contributions/compute-benchmark/OsakaTX/scripts/lifelong_slam_params.yaml use_sim_time:=False autostart:=true"
2026-09-25T13:28:02Z,44,"noiseF1_20260925T132529Z",592820,"ros2",1.0,83528,55453,"/usr/bin/python3 /opt/ros/jazzy/bin/ros2 launch nav2_bringup bringup_launch.py map:=/wt/contributions/compute-benchmark/OsakaTX/scripts/../results/combo2/combo2_nav2_map.yaml params_file:=/wt/contributions/compute-benchmark/OsakaTX/scripts/nav2_params_bench.yaml use_sim_time:=False autostart:=True slam:=False use_localization:=False"
2026-09-25T13:28:02Z,44,"noiseF1_20260925T132529Z",592839,"lifelong_slam_t",89.7,70500,50420,"/opt/ros/jazzy/lib/slam_toolbox/lifelong_slam_toolbox_node --ros-args -r __node:=slam_toolbox -r __ns:=/ --params-file /wt/contributions/compute-benchmark/OsakaTX/scripts/lifelong_slam_params.yaml --params-file /tmp/launch_params_u28nfoc8"
2026-09-25T13:28:02Z,44,"noiseF1_20260925T132529Z",592872,"component_conta",44.4,170348,150257,"/opt/ros/jazzy/lib/rclcpp_components/component_container_isolated --ros-args --log-level info --ros-args -r __node:=nav2_container --params-file /tmp/launch_params_f3kff4o9 --params-file /tmp/launch_params_qbgeiakg -r /tf:=tf -r /tf_static:=tf_static"
2026-09-25T13:28:02Z,44,"noiseF1_20260925T132529Z",592938,"python3",6.8,82812,53823,"python3 /wt/contributions/compute-benchmark/OsakaTX/scripts/nav_goal_seq.py --x 4 --y 4 --yaw 0 --every 22.0 --pause 2.0 --cancel --repeats 0"
2026-09-25T13:28:02Z,44,"noiseF1_20260925T132529Z",592983,"bash",0.5,4552,1351,"bash /wt/contributions/compute-benchmark/xbattlax/scripts/measure_ros_processes.sh --pattern python3|ros2|slam|nav2|component_container|nav_goal_seq --duration 380 --interval 2 --label noiseF1_20260925T132529Z --output /wt/contributions/compute-benchmark/OsakaTX/scripts/../results/combo2/noiseF1_20260925T132529Z.csv"
2026-09-25T13:28:04Z,45,"noiseF1_20260925T132529Z",408070,"python3",0.1,74808,47260,"/usr/bin/python3 -c from ros2cli.daemon.daemonize import main; main() --name ros2-daemon --ros-domain-id 0 --rmw-implementation rmw_fastrtps_cpp"
2026-09-25T13:28:04Z,45,"noiseF1_20260925T132529Z",592803,"python3",5.8,77360,48489,"python3 /wt/contributions/compute-benchmark/OsakaTX/scripts/synthetic_scan_publisher.py --duration 490 --loop-s 40 --hz 5.0 --noise 0.05"
2026-09-25T13:28:04Z,45,"noiseF1_20260925T132529Z",592819,"ros2",0.9,79024,50943,"/usr/bin/python3 /opt/ros/jazzy/bin/ros2 launch /wt/contributions/compute-benchmark/OsakaTX/scripts/lifelong_launch.py slam_params_file:=/wt/contributions/compute-benchmark/OsakaTX/scripts/lifelong_slam_params.yaml use_sim_time:=False autostart:=true"
2026-09-25T13:28:04Z,45,"noiseF1_20260925T132529Z",592820,"ros2",1.0,83528,55457,"/usr/bin/python3 /opt/ros/jazzy/bin/ros2 launch nav2_bringup bringup_launch.py map:=/wt/contributions/compute-benchmark/OsakaTX/scripts/../results/combo2/combo2_nav2_map.yaml params_file:=/wt/contributions/compute-benchmark/OsakaTX/scripts/nav2_params_bench.yaml use_sim_time:=False autostart:=True slam:=False use_localization:=False"
2026-09-25T13:28:04Z,45,"noiseF1_20260925T132529Z",592839,"lifelong_slam_t",90.3,70596,50516,"/opt/ros/jazzy/lib/slam_toolbox/lifelong_slam_toolbox_node --ros-args -r __node:=slam_toolbox -r __ns:=/ --params-file /wt/contributions/compute-benchmark/OsakaTX/scripts/lifelong_slam_params.yaml --params-file /tmp/launch_params_u28nfoc8"
2026-09-25T13:28:04Z,45,"noiseF1_20260925T132529Z",592872,"component_conta",44.6,170348,150257,"/opt/ros/jazzy/lib/rclcpp_components/component_container_isolated --ros-args --log-level info --ros-args -r __node:=nav2_container --params-file /tmp/launch_params_f3kff4o9 --params-file /tmp/launch_params_qbgeiakg -r /tf:=tf -r /tf_static:=tf_static"
2026-09-25T13:28:04Z,45,"noiseF1_20260925T132529Z",592938,"python3",6.8,82812,53821,"python3 /wt/contributions/compute-benchmark/OsakaTX/scripts/nav_goal_seq.py --x 4 --y 4 --yaw 0 --every 22.0 --pause 2.0 --cancel --repeats 0"
2026-09-25T13:28:04Z,45,"noiseF1_20260925T132529Z",592983,"bash",0.5,4552,1347,"bash /wt/contributions/compute-benchmark/xbattlax/scripts/measure_ros_processes.sh --pattern python3|ros2|slam|nav2|component_container|nav_goal_seq --duration 380 --interval 2 --label noiseF1_20260925T132529Z --output /wt/contributions/compute-benchmark/OsakaTX/scripts/../results/combo2/noiseF1_20260925T132529Z.csv"
2026-09-25T13:28:07Z,46,"noiseF1_20260925T132529Z",408070,"python3",0.1,74808,47260,"/usr/bin/python3 -c from ros2cli.daemon.daemonize import main; main() --name ros2-daemon --ros-domain-id 0 --rmw-implementation rmw_fastrtps_cpp"
2026-09-25T13:28:07Z,46,"noiseF1_20260925T132529Z",592803,"python3",5.8,77360,48499,"python3 /wt/contributions/compute-benchmark/OsakaTX/scripts/synthetic_scan_publisher.py --duration 490 --loop-s 40 --hz 5.0 --noise 0.05"
2026-09-25T13:28:07Z,46,"noiseF1_20260925T132529Z",592819,"ros2",0.9,79024,50945,"/usr/bin/python3 /opt/ros/jazzy/bin/ros2 launch /wt/contributions/compute-benchmark/OsakaTX/scripts/lifelong_launch.py slam_params_file:=/wt/contributions/compute-benchmark/OsakaTX/scripts/lifelong_slam_params.yaml use_sim_time:=False autostart:=true"
2026-09-25T13:28:07Z,46,"noiseF1_20260925T132529Z",592820,"ros2",1.0,83528,55457,"/usr/bin/python3 /opt/ros/jazzy/bin/ros2 launch nav2_bringup bringup_launch.py map:=/wt/contributions/compute-benchmark/OsakaTX/scripts/../results/combo2/combo2_nav2_map.yaml params_file:=/wt/contributions/compute-benchmark/OsakaTX/scripts/nav2_params_bench.yaml use_sim_time:=False autostart:=True slam:=False use_localization:=False"
2026-09-25T13:28:07Z,46,"noiseF1_20260925T132529Z",592839,"lifelong_slam_t",90.6,70644,50564,"/opt/ros/jazzy/lib/slam_toolbox/lifelong_slam_toolbox_node --ros-args -r __node:=slam_toolbox -r __ns:=/ --params-file /wt/contributions/compute-benchmark/OsakaTX/scripts/lifelong_slam_params.yaml --params-file /tmp/launch_params_u28nfoc8"
2026-09-25T13:28:07Z,46,"noiseF1_20260925T132529Z",592872,"component_conta",44.8,170348,150257,"/opt/ros/jazzy/lib/rclcpp_components/component_container_isolated --ros-args --log-level info --ros-args -r __node:=nav2_container --params-file /tmp/launch_params_f3kff4o9 --params-file /tmp/launch_params_qbgeiakg -r /tf:=tf -r /tf_static:=tf_static"
2026-09-25T13:28:07Z,46,"noiseF1_20260925T132529Z",592938,"python3",6.8,82812,53823,"python3 /wt/contributions/compute-benchmark/OsakaTX/scripts/nav_goal_seq.py --x 4 --y 4 --yaw 0 --every 22.0 --pause 2.0 --cancel --repeats 0"
2026-09-25T13:28:07Z,46,"noiseF1_20260925T132529Z",592983,"bash",0.5,4552,1355,"bash /wt/contributions/compute-benchmark/xbattlax/scripts/measure_ros_processes.sh --pattern python3|ros2|slam|nav2|component_container|nav_goal_seq --duration 380 --interval 2 --label noiseF1_20260925T132529Z --output /wt/contributions/compute-benchmark/OsakaTX/scripts/../results/combo2/noiseF1_20260925T132529Z.csv"
2026-09-25T13:28:10Z,47,"noiseF1_20260925T132529Z",408070,"python3",0.1,74808,47257,"/usr/bin/python3 -c from ros2cli.daemon.daemonize import main; main() --name ros2-daemon --ros-domain-id 0 --rmw-implementation rmw_fastrtps_cpp"
2026-09-25T13:28:10Z,47,"noiseF1_20260925T132529Z",592803,"python3",5.8,77360,48489,"python3 /wt/contributions/compute-benchmark/OsakaTX/scripts/synthetic_scan_publisher.py --duration 490 --loop-s 40 --hz 5.0 --noise 0.05"
2026-09-25T13:28:10Z,47,"noiseF1_20260925T132529Z",592819,"ros2",0.9,79024,50945,"/usr/bin/python3 /opt/ros/jazzy/bin/ros2 launch /wt/contributions/compute-benchmark/OsakaTX/scripts/lifelong_launch.py slam_params_file:=/wt/contributions/compute-benchmark/OsakaTX/scripts/lifelong_slam_params.yaml use_sim_time:=False autostart:=true"
2026-09-25T13:28:10Z,47,"noiseF1_20260925T132529Z",592820,"ros2",1.0,83528,55457,"/usr/bin/python3 /opt/ros/jazzy/bin/ros2 launch nav2_bringup bringup_launch.py map:=/wt/contributions/compute-benchmark/OsakaTX/scripts/../results/combo2/combo2_nav2_map.yaml params_file:=/wt/contributions/compute-benchmark/OsakaTX/scripts/nav2_params_bench.yaml use_sim_time:=False autostart:=True slam:=False use_localization:=False"
2026-09-25T13:28:10Z,47,"noiseF1_20260925T132529Z",592839,"lifelong_slam_t",90.9,70644,50564,"/opt/ros/jazzy/lib/slam_toolbox/lifelong_slam_toolbox_node --ros-args -r __node:=slam_toolbox -r __ns:=/ --params-file /wt/contributions/compute-benchmark/OsakaTX/scripts/lifelong_slam_params.yaml --params-file /tmp/launch_params_u28nfoc8"
2026-09-25T13:28:10Z,47,"noiseF1_20260925T132529Z",592872,"component_conta",44.9,170348,150256,"/opt/ros/jazzy/lib/rclcpp_components/component_container_isolated --ros-args --log-level info --ros-args -r __node:=nav2_container --params-file /tmp/launch_params_f3kff4o9 --params-file /tmp/launch_params_qbgeiakg -r /tf:=tf -r /tf_static:=tf_static"
2026-09-25T13:28:10Z,47,"noiseF1_20260925T132529Z",592938,"python3",6.9,82812,53820,"python3 /wt/contributions/compute-benchmark/OsakaTX/scripts/nav_goal_seq.py --x 4 --y 4 --yaw 0 --every 22.0 --pause 2.0 --cancel --repeats 0"
2026-09-25T13:28:10Z,47,"noiseF1_20260925T132529Z",592983,"bash",0.5,4552,1351,"bash /wt/contributions/compute-benchmark/xbattlax/scripts/measure_ros_processes.sh --pattern python3|ros2|slam|nav2|component_container|nav_goal_seq --duration 380 --interval 2 --label noiseF1_20260925T132529Z --output /wt/contributions/compute-benchmark/OsakaTX/scripts/../results/combo2/noiseF1_20260925T132529Z.csv"
2026-09-25T13:28:12Z,48,"noiseF1_20260925T132529Z",408070,"python3",0.1,74808,47259,"/usr/bin/python3 -c from ros2cli.daemon.daemonize import main; main() --name ros2-daemon --ros-domain-id 0 --rmw-implementation rmw_fastrtps_cpp"
2026-09-25T13:28:12Z,48,"noiseF1_20260925T132529Z",592803,"python3",5.8,77360,48499,"python3 /wt/contributions/compute-benchmark/OsakaTX/scripts/synthetic_scan_publisher.py --duration 490 --loop-s 40 --hz 5.0 --noise 0.05"
2026-09-25T13:28:12Z,48,"noiseF1_20260925T132529Z",592819,"ros2",0.9,79024,50946,"/usr/bin/python3 /opt/ros/jazzy/bin/ros2 launch /wt/contributions/compute-benchmark/OsakaTX/scripts/lifelong_launch.py slam_params_file:=/wt/contributions/compute-benchmark/OsakaTX/scripts/lifelong_slam_params.yaml use_sim_time:=False autostart:=true"
2026-09-25T13:28:12Z,48,"noiseF1_20260925T132529Z",592820,"ros2",1.0,83528,55457,"/usr/bin/python3 /opt/ros/jazzy/bin/ros2 launch nav2_bringup bringup_launch.py map:=/wt/contributions/compute-benchmark/OsakaTX/scripts/../results/combo2/combo2_nav2_map.yaml params_file:=/wt/contributions/compute-benchmark/OsakaTX/scripts/nav2_params_bench.yaml use_sim_time:=False autostart:=True slam:=False use_localization:=False"
2026-09-25T13:28:12Z,48,"noiseF1_20260925T132529Z",592839,"lifelong_slam_t",90.6,70644,50565,"/opt/ros/jazzy/lib/slam_toolbox/lifelong_slam_toolbox_node --ros-args -r __node:=slam_toolbox -r __ns:=/ --params-file /wt/contributions/compute-benchmark/OsakaTX/scripts/lifelong_slam_params.yaml --params-file /tmp/launch_params_u28nfoc8"
2026-09-25T13:28:12Z,48,"noiseF1_20260925T132529Z",592872,"component_conta",44.7,169452,149361,"/opt/ros/jazzy/lib/rclcpp_components/component_container_isolated --ros-args --log-level info --ros-args -r __node:=nav2_container --params-file /tmp/launch_params_f3kff4o9 --params-file /tmp/launch_params_qbgeiakg -r /tf:=tf -r /tf_static:=tf_static"
2026-09-25T13:28:12Z,48,"noiseF1_20260925T132529Z",592938,"python3",6.8,82812,53823,"python3 /wt/contributions/compute-benchmark/OsakaTX/scripts/nav_goal_seq.py --x 4 --y 4 --yaw 0 --every 22.0 --pause 2.0 --cancel --repeats 0"
2026-09-25T13:28:12Z,48,"noiseF1_20260925T132529Z",592983,"bash",0.5,4552,1353,"bash /wt/contributions/compute-benchmark/xbattlax/scripts/measure_ros_processes.sh --pattern python3|ros2|slam|nav2|component_container|nav_goal_seq --duration 380 --interval 2 --label noiseF1_20260925T132529Z --output /wt/contributions/compute-benchmark/OsakaTX/scripts/../results/combo2/noiseF1_20260925T132529Z.csv"
2026-09-25T13:28:14Z,49,"noiseF1_20260925T132529Z",408070,"python3",0.1,74808,47257,"/usr/bin/python3 -c from ros2cli.daemon.daemonize import main; main() --name ros2-daemon --ros-domain-id 0 --rmw-implementation rmw_fastrtps_cpp"
2026-09-25T13:28:14Z,49,"noiseF1_20260925T132529Z",592803,"python3",5.8,77360,48496,"python3 /wt/contributions/compute-benchmark/OsakaTX/scripts/synthetic_scan_publisher.py --duration 490 --loop-s 40 --hz 5.0 --noise 0.05"
2026-09-25T13:28:14Z,49,"noiseF1_20260925T132529Z",592819,"ros2",0.9,79024,50945,"/usr/bin/python3 /opt/ros/jazzy/bin/ros2 launch /wt/contributions/compute-benchmark/OsakaTX/scripts/lifelong_launch.py slam_params_file:=/wt/contributions/compute-benchmark/OsakaTX/scripts/lifelong_slam_params.yaml use_sim_time:=False autostart:=true"
2026-09-25T13:28:14Z,49,"noiseF1_20260925T132529Z",592820,"ros2",1.0,83528,55457,"/usr/bin/python3 /opt/ros/jazzy/bin/ros2 launch nav2_bringup bringup_launch.py map:=/wt/contributions/compute-benchmark/OsakaTX/scripts/../results/combo2/combo2_nav2_map.yaml params_file:=/wt/contributions/compute-benchmark/OsakaTX/scripts/nav2_params_bench.yaml use_sim_time:=False autostart:=True slam:=False use_localization:=False"
2026-09-25T13:28:14Z,49,"noiseF1_20260925T132529Z",592839,"lifelong_slam_t",90.2,70764,50683,"/opt/ros/jazzy/lib/slam_toolbox/lifelong_slam_toolbox_node --ros-args -r __node:=slam_toolbox -r __ns:=/ --params-file /wt/contributions/compute-benchmark/OsakaTX/scripts/lifelong_slam_params.yaml --params-file /tmp/launch_params_u28nfoc8"
2026-09-25T13:28:14Z,49,"noiseF1_20260925T132529Z",592872,"component_conta",44.7,170336,150245,"/opt/ros/jazzy/lib/rclcpp_components/component_container_isolated --ros-args --log-level info --ros-args -r __node:=nav2_container --params-file /tmp/launch_params_f3kff4o9 --params-file /tmp/launch_params_qbgeiakg -r /tf:=tf -r /tf_static:=tf_static"
2026-09-25T13:28:14Z,49,"noiseF1_20260925T132529Z",592938,"python3",6.7,82820,53829,"python3 /wt/contributions/compute-benchmark/OsakaTX/scripts/nav_goal_seq.py --x 4 --y 4 --yaw 0 --every 22.0 --pause 2.0 --cancel --repeats 0"
2026-09-25T13:28:14Z,49,"noiseF1_20260925T132529Z",592983,"bash",0.5,4552,1352,"bash /wt/contributions/compute-benchmark/xbattlax/scripts/measure_ros_processes.sh --pattern python3|ros2|slam|nav2|component_container|nav_goal_seq --duration 380 --interval 2 --label noiseF1_20260925T132529Z --output /wt/contributions/compute-benchmark/OsakaTX/scripts/../results/combo2/noiseF1_20260925T132529Z.csv"
2026-09-25T13:28:17Z,50,"noiseF1_20260925T132529Z",408070,"python3",0.1,74808,47256,"/usr/bin/python3 -c from ros2cli.daemon.daemonize import main; main() --name ros2-daemon --ros-domain-id 0 --rmw-implementation rmw_fastrtps_cpp"
2026-09-25T13:28:17Z,50,"noiseF1_20260925T132529Z",592803,"python3",5.8,77360,48500,"python3 /wt/contributions/compute-benchmark/OsakaTX/scripts/synthetic_scan_publisher.py --duration 490 --loop-s 40 --hz 5.0 --noise 0.05"
2026-09-25T13:28:17Z,50,"noiseF1_20260925T132529Z",592819,"ros2",0.9,79024,50945,"/usr/bin/python3 /opt/ros/jazzy/bin/ros2 launch /wt/contributions/compute-benchmark/OsakaTX/scripts/lifelong_launch.py slam_params_file:=/wt/contributions/compute-benchmark/OsakaTX/scripts/lifelong_slam_params.yaml use_sim_time:=False autostart:=true"
2026-09-25T13:28:17Z,50,"noiseF1_20260925T132529Z",592820,"ros2",1.0,83528,55457,"/usr/bin/python3 /opt/ros/jazzy/bin/ros2 launch nav2_bringup bringup_launch.py map:=/wt/contributions/compute-benchmark/OsakaTX/scripts/../results/combo2/combo2_nav2_map.yaml params_file:=/wt/contributions/compute-benchmark/OsakaTX/scripts/nav2_params_bench.yaml use_sim_time:=False autostart:=True slam:=False use_localization:=False"
2026-09-25T13:28:17Z,50,"noiseF1_20260925T132529Z",592839,"lifelong_slam_t",90.3,70900,50820,"/opt/ros/jazzy/lib/slam_toolbox/lifelong_slam_toolbox_node --ros-args -r __node:=slam_toolbox -r __ns:=/ --params-file /wt/contributions/compute-benchmark/OsakaTX/scripts/lifelong_slam_params.yaml --params-file /tmp/launch_params_u28nfoc8"
2026-09-25T13:28:17Z,50,"noiseF1_20260925T132529Z",592872,"component_conta",44.9,170372,150280,"/opt/ros/jazzy/lib/rclcpp_components/component_container_isolated --ros-args --log-level info --ros-args -r __node:=nav2_container --params-file /tmp/launch_params_f3kff4o9 --params-file /tmp/launch_params_qbgeiakg -r /tf:=tf -r /tf_static:=tf_static"
2026-09-25T13:28:17Z,50,"noiseF1_20260925T132529Z",592938,"python3",6.8,82820,53830,"python3 /wt/contributions/compute-benchmark/OsakaTX/scripts/nav_goal_seq.py --x 4 --y 4 --yaw 0 --every 22.0 --pause 2.0 --cancel --repeats 0"
2026-09-25T13:28:17Z,50,"noiseF1_20260925T132529Z",592983,"bash",0.5,4552,1353,"bash /wt/contributions/compute-benchmark/xbattlax/scripts/measure_ros_processes.sh --pattern python3|ros2|slam|nav2|component_container|nav_goal_seq --duration 380 --interval 2 --label noiseF1_20260925T132529Z --output /wt/contributions/compute-benchmark/OsakaTX/scripts/../results/combo2/noiseF1_20260925T132529Z.csv"
2026-09-25T13:28:19Z,51,"noiseF1_20260925T132529Z",408070,"python3",0.1,74808,47260,"/usr/bin/python3 -c from ros2cli.daemon.daemonize import main; main() --name ros2-daemon --ros-domain-id 0 --rmw-implementation rmw_fastrtps_cpp"
2026-09-25T13:28:19Z,51,"noiseF1_20260925T132529Z",592803,"python3",5.8,77360,48501,"python3 /wt/contributions/compute-benchmark/OsakaTX/scripts/synthetic_scan_publisher.py --duration 490 --loop-s 40 --hz 5.0 --noise 0.05"
2026-09-25T13:28:19Z,51,"noiseF1_20260925T132529Z",592819,"ros2",0.9,79024,50945,"/usr/bin/python3 /opt/ros/jazzy/bin/ros2 launch /wt/contributions/compute-benchmark/OsakaTX/scripts/lifelong_launch.py slam_params_file:=/wt/contributions/compute-benchmark/OsakaTX/scripts/lifelong_slam_params.yaml use_sim_time:=False autostart:=true"
2026-09-25T13:28:19Z,51,"noiseF1_20260925T132529Z",592820,"ros2",0.9,83528,55458,"/usr/bin/python3 /opt/ros/jazzy/bin/ros2 launch nav2_bringup bringup_launch.py map:=/wt/contributions/compute-benchmark/OsakaTX/scripts/../results/combo2/combo2_nav2_map.yaml params_file:=/wt/contributions/compute-benchmark/OsakaTX/scripts/nav2_params_bench.yaml use_sim_time:=False autostart:=True slam:=False use_localization:=False"
2026-09-25T13:28:19Z,51,"noiseF1_20260925T132529Z",592839,"lifelong_slam_t",90.6,70900,50820,"/opt/ros/jazzy/lib/slam_toolbox/lifelong_slam_toolbox_node --ros-args -r __node:=slam_toolbox -r __ns:=/ --params-file /wt/contributions/compute-benchmark/OsakaTX/scripts/lifelong_slam_params.yaml --params-file /tmp/launch_params_u28nfoc8"
2026-09-25T13:28:19Z,51,"noiseF1_20260925T132529Z",592872,"component_conta",44.9,170408,150317,"/opt/ros/jazzy/lib/rclcpp_components/component_container_isolated --ros-args --log-level info --ros-args -r __node:=nav2_container --params-file /tmp/launch_params_f3kff4o9 --params-file /tmp/launch_params_qbgeiakg -r /tf:=tf -r /tf_static:=tf_static"
2026-09-25T13:28:19Z,51,"noiseF1_20260925T132529Z",592938,"python3",6.7,82820,53829,"python3 /wt/contributions/compute-benchmark/OsakaTX/scripts/nav_goal_seq.py --x 4 --y 4 --yaw 0 --every 22.0 --pause 2.0 --cancel --repeats 0"
2026-09-25T13:28:19Z,51,"noiseF1_20260925T132529Z",592983,"bash",0.5,4552,1355,"bash /wt/contributions/compute-benchmark/xbattlax/scripts/measure_ros_processes.sh --pattern python3|ros2|slam|nav2|component_container|nav_goal_seq --duration 380 --interval 2 --label noiseF1_20260925T132529Z --output /wt/contributions/compute-benchmark/OsakaTX/scripts/../results/combo2/noiseF1_20260925T132529Z.csv"
2026-09-25T13:28:22Z,52,"noiseF1_20260925T132529Z",408070,"python3",0.1,74808,47256,"/usr/bin/python3 -c from ros2cli.daemon.daemonize import main; main() --name ros2-daemon --ros-domain-id 0 --rmw-implementation rmw_fastrtps_cpp"
2026-09-25T13:28:22Z,52,"noiseF1_20260925T132529Z",592803,"python3",5.8,77360,48496,"python3 /wt/contributions/compute-benchmark/OsakaTX/scripts/synthetic_scan_publisher.py --duration 490 --loop-s 40 --hz 5.0 --noise 0.05"
2026-09-25T13:28:22Z,52,"noiseF1_20260925T132529Z",592819,"ros2",0.9,79024,50945,"/usr/bin/python3 /opt/ros/jazzy/bin/ros2 launch /wt/contributions/compute-benchmark/OsakaTX/scripts/lifelong_launch.py slam_params_file:=/wt/contributions/compute-benchmark/OsakaTX/scripts/lifelong_slam_params.yaml use_sim_time:=False autostart:=true"
2026-09-25T13:28:22Z,52,"noiseF1_20260925T132529Z",592820,"ros2",0.9,83528,55458,"/usr/bin/python3 /opt/ros/jazzy/bin/ros2 launch nav2_bringup bringup_launch.py map:=/wt/contributions/compute-benchmark/OsakaTX/scripts/../results/combo2/combo2_nav2_map.yaml params_file:=/wt/contributions/compute-benchmark/OsakaTX/scripts/nav2_params_bench.yaml use_sim_time:=False autostart:=True slam:=False use_localization:=False"
2026-09-25T13:28:22Z,52,"noiseF1_20260925T132529Z",592839,"lifelong_slam_t",90.3,70944,50865,"/opt/ros/jazzy/lib/slam_toolbox/lifelong_slam_toolbox_node --ros-args -r __node:=slam_toolbox -r __ns:=/ --params-file /wt/contributions/compute-benchmark/OsakaTX/scripts/lifelong_slam_params.yaml --params-file /tmp/launch_params_u28nfoc8"
2026-09-25T13:28:22Z,52,"noiseF1_20260925T132529Z",592872,"component_conta",45.0,165500,145409,"/opt/ros/jazzy/lib/rclcpp_components/component_container_isolated --ros-args --log-level info --ros-args -r __node:=nav2_container --params-file /tmp/launch_params_f3kff4o9 --params-file /tmp/launch_params_qbgeiakg -r /tf:=tf -r /tf_static:=tf_static"
2026-09-25T13:28:22Z,52,"noiseF1_20260925T132529Z",592938,"python3",6.8,82820,53831,"python3 /wt/contributions/compute-benchmark/OsakaTX/scripts/nav_goal_seq.py --x 4 --y 4 --yaw 0 --every 22.0 --pause 2.0 --cancel --repeats 0"
2026-09-25T13:28:22Z,52,"noiseF1_20260925T132529Z",592983,"bash",0.5,4552,1354,"bash /wt/contributions/compute-benchmark/xbattlax/scripts/measure_ros_processes.sh --pattern python3|ros2|slam|nav2|component_container|nav_goal_seq --duration 380 --interval 2 --label noiseF1_20260925T132529Z --output /wt/contributions/compute-benchmark/OsakaTX/scripts/../results/combo2/noiseF1_20260925T132529Z.csv"
2026-09-25T13:28:24Z,53,"noiseF1_20260925T132529Z",408070,"python3",0.1,74808,47260,"/usr/bin/python3 -c from ros2cli.daemon.daemonize import main; main() --name ros2-daemon --ros-domain-id 0 --rmw-implementation rmw_fastrtps_cpp"
2026-09-25T13:28:24Z,53,"noiseF1_20260925T132529Z",592803,"python3",5.8,77360,48489,"python3 /wt/contributions/compute-benchmark/OsakaTX/scripts/synthetic_scan_publisher.py --duration 490 --loop-s 40 --hz 5.0 --noise 0.05"
2026-09-25T13:28:24Z,53,"noiseF1_20260925T132529Z",592819,"ros2",0.9,79024,50941,"/usr/bin/python3 /opt/ros/jazzy/bin/ros2 launch /wt/contributions/compute-benchmark/OsakaTX/scripts/lifelong_launch.py slam_params_file:=/wt/contributions/compute-benchmark/OsakaTX/scripts/lifelong_slam_params.yaml use_sim_time:=False autostart:=true"
2026-09-25T13:28:24Z,53,"noiseF1_20260925T132529Z",592820,"ros2",0.9,83528,55457,"/usr/bin/python3 /opt/ros/jazzy/bin/ros2 launch nav2_bringup bringup_launch.py map:=/wt/contributions/compute-benchmark/OsakaTX/scripts/../results/combo2/combo2_nav2_map.yaml params_file:=/wt/contributions/compute-benchmark/OsakaTX/scripts/nav2_params_bench.yaml use_sim_time:=False autostart:=True slam:=False use_localization:=False"
2026-09-25T13:28:24Z,53,"noiseF1_20260925T132529Z",592839,"lifelong_slam_t",90.0,70944,50864,"/opt/ros/jazzy/lib/slam_toolbox/lifelong_slam_toolbox_node --ros-args -r __node:=slam_toolbox -r __ns:=/ --params-file /wt/contributions/compute-benchmark/OsakaTX/scripts/lifelong_slam_params.yaml --params-file /tmp/launch_params_u28nfoc8"
2026-09-25T13:28:24Z,53,"noiseF1_20260925T132529Z",592872,"component_conta",45.1,165544,145453,"/opt/ros/jazzy/lib/rclcpp_components/component_container_isolated --ros-args --log-level info --ros-args -r __node:=nav2_container --params-file /tmp/launch_params_f3kff4o9 --params-file /tmp/launch_params_qbgeiakg -r /tf:=tf -r /tf_static:=tf_static"
2026-09-25T13:28:24Z,53,"noiseF1_20260925T132529Z",592938,"python3",6.8,82820,53829,"python3 /wt/contributions/compute-benchmark/OsakaTX/scripts/nav_goal_seq.py --x 4 --y 4 --yaw 0 --every 22.0 --pause 2.0 --cancel --repeats 0"
2026-09-25T13:28:24Z,53,"noiseF1_20260925T132529Z",592983,"bash",0.5,4552,1351,"bash /wt/contributions/compute-benchmark/xbattlax/scripts/measure_ros_processes.sh --pattern python3|ros2|slam|nav2|component_container|nav_goal_seq --duration 380 --interval 2 --label noiseF1_20260925T132529Z --output /wt/contributions/compute-benchmark/OsakaTX/scripts/../results/combo2/noiseF1_20260925T132529Z.csv"
2026-09-25T13:28:27Z,54,"noiseF1_20260925T132529Z",408070,"python3",0.1,74808,47260,"/usr/bin/python3 -c from ros2cli.daemon.daemonize import main; main() --name ros2-daemon --ros-domain-id 0 --rmw-implementation rmw_fastrtps_cpp"
2026-09-25T13:28:27Z,54,"noiseF1_20260925T132529Z",592803,"python3",5.8,77360,48498,"python3 /wt/contributions/compute-benchmark/OsakaTX/scripts/synthetic_scan_publisher.py --duration 490 --loop-s 40 --hz 5.0 --noise 0.05"
2026-09-25T13:28:27Z,54,"noiseF1_20260925T132529Z",592819,"ros2",0.9,79024,50945,"/usr/bin/python3 /opt/ros/jazzy/bin/ros2 launch /wt/contributions/compute-benchmark/OsakaTX/scripts/lifelong_launch.py slam_params_file:=/wt/contributions/compute-benchmark/OsakaTX/scripts/lifelong_slam_params.yaml use_sim_time:=False autostart:=true"
2026-09-25T13:28:27Z,54,"noiseF1_20260925T132529Z",592820,"ros2",0.9,83528,55457,"/usr/bin/python3 /opt/ros/jazzy/bin/ros2 launch nav2_bringup bringup_launch.py map:=/wt/contributions/compute-benchmark/OsakaTX/scripts/../results/combo2/combo2_nav2_map.yaml params_file:=/wt/contributions/compute-benchmark/OsakaTX/scripts/nav2_params_bench.yaml use_sim_time:=False autostart:=True slam:=False use_localization:=False"
2026-09-25T13:28:27Z,54,"noiseF1_20260925T132529Z",592839,"lifelong_slam_t",90.0,70992,50913,"/opt/ros/jazzy/lib/slam_toolbox/lifelong_slam_toolbox_node --ros-args -r __node:=slam_toolbox -r __ns:=/ --params-file /wt/contributions/compute-benchmark/OsakaTX/scripts/lifelong_slam_params.yaml --params-file /tmp/launch_params_u28nfoc8"
2026-09-25T13:28:27Z,54,"noiseF1_20260925T132529Z",592872,"component_conta",45.2,165596,145504,"/opt/ros/jazzy/lib/rclcpp_components/component_container_isolated --ros-args --log-level info --ros-args -r __node:=nav2_container --params-file /tmp/launch_params_f3kff4o9 --params-file /tmp/launch_params_qbgeiakg -r /tf:=tf -r /tf_static:=tf_static"
2026-09-25T13:28:27Z,54,"noiseF1_20260925T132529Z",592938,"python3",6.8,82820,53829,"python3 /wt/contributions/compute-benchmark/OsakaTX/scripts/nav_goal_seq.py --x 4 --y 4 --yaw 0 --every 22.0 --pause 2.0 --cancel --repeats 0"
2026-09-25T13:28:27Z,54,"noiseF1_20260925T132529Z",592983,"bash",0.5,4552,1355,"bash /wt/contributions/compute-benchmark/xbattlax/scripts/measure_ros_processes.sh --pattern python3|ros2|slam|nav2|component_container|nav_goal_seq --duration 380 --interval 2 --label noiseF1_20260925T132529Z --output /wt/contributions/compute-benchmark/OsakaTX/scripts/../results/combo2/noiseF1_20260925T132529Z.csv"
2026-09-25T13:28:29Z,55,"noiseF1_20260925T132529Z",408070,"python3",0.1,74808,47259,"/usr/bin/python3 -c from ros2cli.daemon.daemonize import main; main() --name ros2-daemon --ros-domain-id 0 --rmw-implementation rmw_fastrtps_cpp"
2026-09-25T13:28:29Z,55,"noiseF1_20260925T132529Z",592803,"python3",5.7,77360,48494,"python3 /wt/contributions/compute-benchmark/OsakaTX/scripts/synthetic_scan_publisher.py --duration 490 --loop-s 40 --hz 5.0 --noise 0.05"
2026-09-25T13:28:29Z,55,"noiseF1_20260925T132529Z",592819,"ros2",0.9,79024,50945,"/usr/bin/python3 /opt/ros/jazzy/bin/ros2 launch /wt/contributions/compute-benchmark/OsakaTX/scripts/lifelong_launch.py slam_params_file:=/wt/contributions/compute-benchmark/OsakaTX/scripts/lifelong_slam_params.yaml use_sim_time:=False autostart:=true"
2026-09-25T13:28:29Z,55,"noiseF1_20260925T132529Z",592820,"ros2",0.9,83528,55459,"/usr/bin/python3 /opt/ros/jazzy/bin/ros2 launch nav2_bringup bringup_launch.py map:=/wt/contributions/compute-benchmark/OsakaTX/scripts/../results/combo2/combo2_nav2_map.yaml params_file:=/wt/contributions/compute-benchmark/OsakaTX/scripts/nav2_params_bench.yaml use_sim_time:=False autostart:=True slam:=False use_localization:=False"
2026-09-25T13:28:29Z,55,"noiseF1_20260925T132529Z",592839,"lifelong_slam_t",90.5,70992,50913,"/opt/ros/jazzy/lib/slam_toolbox/lifelong_slam_toolbox_node --ros-args -r __node:=slam_toolbox -r __ns:=/ --params-file /wt/contributions/compute-benchmark/OsakaTX/scripts/lifelong_slam_params.yaml --params-file /tmp/launch_params_u28nfoc8"
2026-09-25T13:28:29Z,55,"noiseF1_20260925T132529Z",592872,"component_conta",45.3,165596,145505,"/opt/ros/jazzy/lib/rclcpp_components/component_container_isolated --ros-args --log-level info --ros-args -r __node:=nav2_container --params-file /tmp/launch_params_f3kff4o9 --params-file /tmp/launch_params_qbgeiakg -r /tf:=tf -r /tf_static:=tf_static"
2026-09-25T13:28:29Z,55,"noiseF1_20260925T132529Z",592938,"python3",6.8,82820,53829,"python3 /wt/contributions/compute-benchmark/OsakaTX/scripts/nav_goal_seq.py --x 4 --y 4 --yaw 0 --every 22.0 --pause 2.0 --cancel --repeats 0"
2026-09-25T13:28:29Z,55,"noiseF1_20260925T132529Z",592983,"bash",0.5,4552,1355,"bash /wt/contributions/compute-benchmark/xbattlax/scripts/measure_ros_processes.sh --pattern python3|ros2|slam|nav2|component_container|nav_goal_seq --duration 380 --interval 2 --label noiseF1_20260925T132529Z --output /wt/contributions/compute-benchmark/OsakaTX/scripts/../results/combo2/noiseF1_20260925T132529Z.csv"
2026-09-25T13:28:32Z,56,"noiseF1_20260925T132529Z",408070,"python3",0.1,74808,47260,"/usr/bin/python3 -c from ros2cli.daemon.daemonize import main; main() --name ros2-daemon --ros-domain-id 0 --rmw-implementation rmw_fastrtps_cpp"
2026-09-25T13:28:32Z,56,"noiseF1_20260925T132529Z",592803,"python3",5.7,77360,48492,"python3 /wt/contributions/compute-benchmark/OsakaTX/scripts/synthetic_scan_publisher.py --duration 490 --loop-s 40 --hz 5.0 --noise 0.05"
2026-09-25T13:28:32Z,56,"noiseF1_20260925T132529Z",592819,"ros2",0.8,79024,50945,"/usr/bin/python3 /opt/ros/jazzy/bin/ros2 launch /wt/contributions/compute-benchmark/OsakaTX/scripts/lifelong_launch.py slam_params_file:=/wt/contributions/compute-benchmark/OsakaTX/scripts/lifelong_slam_params.yaml use_sim_time:=False autostart:=true"
2026-09-25T13:28:32Z,56,"noiseF1_20260925T132529Z",592820,"ros2",0.9,83528,55453,"/usr/bin/python3 /opt/ros/jazzy/bin/ros2 launch nav2_bringup bringup_launch.py map:=/wt/contributions/compute-benchmark/OsakaTX/scripts/../results/combo2/combo2_nav2_map.yaml params_file:=/wt/contributions/compute-benchmark/OsakaTX/scripts/nav2_params_bench.yaml use_sim_time:=False autostart:=True slam:=False use_localization:=False"
2026-09-25T13:28:32Z,56,"noiseF1_20260925T132529Z",592839,"lifelong_slam_t",90.8,70992,50912,"/opt/ros/jazzy/lib/slam_toolbox/lifelong_slam_toolbox_node --ros-args -r __node:=slam_toolbox -r __ns:=/ --params-file /wt/contributions/compute-benchmark/OsakaTX/scripts/lifelong_slam_params.yaml --params-file /tmp/launch_params_u28nfoc8"
2026-09-25T13:28:32Z,56,"noiseF1_20260925T132529Z",592872,"component_conta",45.3,165652,145560,"/opt/ros/jazzy/lib/rclcpp_components/component_container_isolated --ros-args --log-level info --ros-args -r __node:=nav2_container --params-file /tmp/launch_params_f3kff4o9 --params-file /tmp/launch_params_qbgeiakg -r /tf:=tf -r /tf_static:=tf_static"
2026-09-25T13:28:32Z,56,"noiseF1_20260925T132529Z",592938,"python3",6.8,82820,53829,"python3 /wt/contributions/compute-benchmark/OsakaTX/scripts/nav_goal_seq.py --x 4 --y 4 --yaw 0 --every 22.0 --pause 2.0 --cancel --repeats 0"
2026-09-25T13:28:32Z,56,"noiseF1_20260925T132529Z",592983,"bash",0.5,4552,1355,"bash /wt/contributions/compute-benchmark/xbattlax/scripts/measure_ros_processes.sh --pattern python3|ros2|slam|nav2|component_container|nav_goal_seq --duration 380 --interval 2 --label noiseF1_20260925T132529Z --output /wt/contributions/compute-benchmark/OsakaTX/scripts/../results/combo2/noiseF1_20260925T132529Z.csv"
2026-09-25T13:28:34Z,57,"noiseF1_20260925T132529Z",408070,"python3",0.1,74808,47260,"/usr/bin/python3 -c from ros2cli.daemon.daemonize import main; main() --name ros2-daemon --ros-domain-id 0 --rmw-implementation rmw_fastrtps_cpp"
2026-09-25T13:28:34Z,57,"noiseF1_20260925T132529Z",592803,"python3",5.7,77360,48499,"python3 /wt/contributions/compute-benchmark/OsakaTX/scripts/synthetic_scan_publisher.py --duration 490 --loop-s 40 --hz 5.0 --noise 0.05"
2026-09-25T13:28:34Z,57,"noiseF1_20260925T132529Z",592819,"ros2",0.8,79024,50943,"/usr/bin/python3 /opt/ros/jazzy/bin/ros2 launch /wt/contributions/compute-benchmark/OsakaTX/scripts/lifelong_launch.py slam_params_file:=/wt/contributions/compute-benchmark/OsakaTX/scripts/lifelong_slam_params.yaml use_sim_time:=False autostart:=true"
2026-09-25T13:28:34Z,57,"noiseF1_20260925T132529Z",592820,"ros2",0.9,83528,55459,"/usr/bin/python3 /opt/ros/jazzy/bin/ros2 launch nav2_bringup bringup_launch.py map:=/wt/contributions/compute-benchmark/OsakaTX/scripts/../results/combo2/combo2_nav2_map.yaml params_file:=/wt/contributions/compute-benchmark/OsakaTX/scripts/nav2_params_bench.yaml use_sim_time:=False autostart:=True slam:=False use_localization:=False"
2026-09-25T13:28:34Z,57,"noiseF1_20260925T132529Z",592839,"lifelong_slam_t",91.1,70992,50913,"/opt/ros/jazzy/lib/slam_toolbox/lifelong_slam_toolbox_node --ros-args -r __node:=slam_toolbox -r __ns:=/ --params-file /wt/contributions/compute-benchmark/OsakaTX/scripts/lifelong_slam_params.yaml --params-file /tmp/launch_params_u28nfoc8"
2026-09-25T13:28:34Z,57,"noiseF1_20260925T132529Z",592872,"component_conta",45.4,165696,145604,"/opt/ros/jazzy/lib/rclcpp_components/component_container_isolated --ros-args --log-level info --ros-args -r __node:=nav2_container --params-file /tmp/launch_params_f3kff4o9 --params-file /tmp/launch_params_qbgeiakg -r /tf:=tf -r /tf_static:=tf_static"
2026-09-25T13:28:34Z,57,"noiseF1_20260925T132529Z",592938,"python3",6.8,82820,53829,"python3 /wt/contributions/compute-benchmark/OsakaTX/scripts/nav_goal_seq.py --x 4 --y 4 --yaw 0 --every 22.0 --pause 2.0 --cancel --repeats 0"
2026-09-25T13:28:34Z,57,"noiseF1_20260925T132529Z",592983,"bash",0.5,4552,1353,"bash /wt/contributions/compute-benchmark/xbattlax/scripts/measure_ros_processes.sh --pattern python3|ros2|slam|nav2|component_container|nav_goal_seq --duration 380 --interval 2 --label noiseF1_20260925T132529Z --output /wt/contributions/compute-benchmark/OsakaTX/scripts/../results/combo2/noiseF1_20260925T132529Z.csv"
2026-09-25T13:28:37Z,58,"noiseF1_20260925T132529Z",408070,"python3",0.1,74808,47256,"/usr/bin/python3 -c from ros2cli.daemon.daemonize import main; main() --name ros2-daemon --ros-domain-id 0 --rmw-implementation rmw_fastrtps_cpp"
2026-09-25T13:28:37Z,58,"noiseF1_20260925T132529Z",592803,"python3",5.7,77360,48501,"python3 /wt/contributions/compute-benchmark/OsakaTX/scripts/synthetic_scan_publisher.py --duration 490 --loop-s 40 --hz 5.0 --noise 0.05"
2026-09-25T13:28:37Z,58,"noiseF1_20260925T132529Z",592819,"ros2",0.8,79024,50946,"/usr/bin/python3 /opt/ros/jazzy/bin/ros2 launch /wt/contributions/compute-benchmark/OsakaTX/scripts/lifelong_launch.py slam_params_file:=/wt/contributions/compute-benchmark/OsakaTX/scripts/lifelong_slam_params.yaml use_sim_time:=False autostart:=true"
2026-09-25T13:28:37Z,58,"noiseF1_20260925T132529Z",592820,"ros2",0.9,83528,55453,"/usr/bin/python3 /opt/ros/jazzy/bin/ros2 launch nav2_bringup bringup_launch.py map:=/wt/contributions/compute-benchmark/OsakaTX/scripts/../results/combo2/combo2_nav2_map.yaml params_file:=/wt/contributions/compute-benchmark/OsakaTX/scripts/nav2_params_bench.yaml use_sim_time:=False autostart:=True slam:=False use_localization:=False"
2026-09-25T13:28:37Z,58,"noiseF1_20260925T132529Z",592839,"lifelong_slam_t",91.4,70996,50916,"/opt/ros/jazzy/lib/slam_toolbox/lifelong_slam_toolbox_node --ros-args -r __node:=slam_toolbox -r __ns:=/ --params-file /wt/contributions/compute-benchmark/OsakaTX/scripts/lifelong_slam_params.yaml --params-file /tmp/launch_params_u28nfoc8"
2026-09-25T13:28:37Z,58,"noiseF1_20260925T132529Z",592872,"component_conta",45.3,170112,150020,"/opt/ros/jazzy/lib/rclcpp_components/component_container_isolated --ros-args --log-level info --ros-args -r __node:=nav2_container --params-file /tmp/launch_params_f3kff4o9 --params-file /tmp/launch_params_qbgeiakg -r /tf:=tf -r /tf_static:=tf_static"
2026-09-25T13:28:37Z,58,"noiseF1_20260925T132529Z",592938,"python3",6.7,82820,53831,"python3 /wt/contributions/compute-benchmark/OsakaTX/scripts/nav_goal_seq.py --x 4 --y 4 --yaw 0 --every 22.0 --pause 2.0 --cancel --repeats 0"
2026-09-25T13:28:37Z,58,"noiseF1_20260925T132529Z",592983,"bash",0.5,4552,1351,"bash /wt/contributions/compute-benchmark/xbattlax/scripts/measure_ros_processes.sh --pattern python3|ros2|slam|nav2|component_container|nav_goal_seq --duration 380 --interval 2 --label noiseF1_20260925T132529Z --output /wt/contributions/compute-benchmark/OsakaTX/scripts/../results/combo2/noiseF1_20260925T132529Z.csv"
2026-09-25T13:28:39Z,59,"noiseF1_20260925T132529Z",408070,"python3",0.1,74808,47257,"/usr/bin/python3 -c from ros2cli.daemon.daemonize import main; main() --name ros2-daemon --ros-domain-id 0 --rmw-implementation rmw_fastrtps_cpp"
2026-09-25T13:28:39Z,59,"noiseF1_20260925T132529Z",592803,"python3",5.7,77360,48499,"python3 /wt/contributions/compute-benchmark/OsakaTX/scripts/synthetic_scan_publisher.py --duration 490 --loop-s 40 --hz 5.0 --noise 0.05"
2026-09-25T13:28:39Z,59,"noiseF1_20260925T132529Z",592819,"ros2",0.8,79024,50946,"/usr/bin/python3 /opt/ros/jazzy/bin/ros2 launch /wt/contributions/compute-benchmark/OsakaTX/scripts/lifelong_launch.py slam_params_file:=/wt/contributions/compute-benchmark/OsakaTX/scripts/lifelong_slam_params.yaml use_sim_time:=False autostart:=true"
2026-09-25T13:28:39Z,59,"noiseF1_20260925T132529Z",592820,"ros2",0.9,83528,55457,"/usr/bin/python3 /opt/ros/jazzy/bin/ros2 launch nav2_bringup bringup_launch.py map:=/wt/contributions/compute-benchmark/OsakaTX/scripts/../results/combo2/combo2_nav2_map.yaml params_file:=/wt/contributions/compute-benchmark/OsakaTX/scripts/nav2_params_bench.yaml use_sim_time:=False autostart:=True slam:=False use_localization:=False"
2026-09-25T13:28:39Z,59,"noiseF1_20260925T132529Z",592839,"lifelong_slam_t",91.6,70996,50916,"/opt/ros/jazzy/lib/slam_toolbox/lifelong_slam_toolbox_node --ros-args -r __node:=slam_toolbox -r __ns:=/ --params-file /wt/contributions/compute-benchmark/OsakaTX/scripts/lifelong_slam_params.yaml --params-file /tmp/launch_params_u28nfoc8"
2026-09-25T13:28:39Z,59,"noiseF1_20260925T132529Z",592872,"component_conta",45.4,169504,149413,"/opt/ros/jazzy/lib/rclcpp_components/component_container_isolated --ros-args --log-level info --ros-args -r __node:=nav2_container --params-file /tmp/launch_params_f3kff4o9 --params-file /tmp/launch_params_qbgeiakg -r /tf:=tf -r /tf_static:=tf_static"
2026-09-25T13:28:39Z,59,"noiseF1_20260925T132529Z",592938,"python3",6.7,82820,53832,"python3 /wt/contributions/compute-benchmark/OsakaTX/scripts/nav_goal_seq.py --x 4 --y 4 --yaw 0 --every 22.0 --pause 2.0 --cancel --repeats 0"
2026-09-25T13:28:39Z,59,"noiseF1_20260925T132529Z",592983,"bash",0.5,4552,1355,"bash /wt/contributions/compute-benchmark/xbattlax/scripts/measure_ros_processes.sh --pattern python3|ros2|slam|nav2|component_container|nav_goal_seq --duration 380 --interval 2 --label noiseF1_20260925T132529Z --output /wt/contributions/compute-benchmark/OsakaTX/scripts/../results/combo2/noiseF1_20260925T132529Z.csv"
2026-09-25T13:28:42Z,60,"noiseF1_20260925T132529Z",408070,"python3",0.1,74808,47260,"/usr/bin/python3 -c from ros2cli.daemon.daemonize import main; main() --name ros2-daemon --ros-domain-id 0 --rmw-implementation rmw_fastrtps_cpp"
2026-09-25T13:28:42Z,60,"noiseF1_20260925T132529Z",592803,"python3",5.7,77360,48499,"python3 /wt/contributions/compute-benchmark/OsakaTX/scripts/synthetic_scan_publisher.py --duration 490 --loop-s 40 --hz 5.0 --noise 0.05"
2026-09-25T13:28:42Z,60,"noiseF1_20260925T132529Z",592819,"ros2",0.8,79024,50942,"/usr/bin/python3 /opt/ros/jazzy/bin/ros2 launch /wt/contributions/compute-benchmark/OsakaTX/scripts/lifelong_launch.py slam_params_file:=/wt/contributions/compute-benchmark/OsakaTX/scripts/lifelong_slam_params.yaml use_sim_time:=False autostart:=true"
2026-09-25T13:28:42Z,60,"noiseF1_20260925T132529Z",592820,"ros2",0.9,83528,55457,"/usr/bin/python3 /opt/ros/jazzy/bin/ros2 launch nav2_bringup bringup_launch.py map:=/wt/contributions/compute-benchmark/OsakaTX/scripts/../results/combo2/combo2_nav2_map.yaml params_file:=/wt/contributions/compute-benchmark/OsakaTX/scripts/nav2_params_bench.yaml use_sim_time:=False autostart:=True slam:=False use_localization:=False"
2026-09-25T13:28:42Z,60,"noiseF1_20260925T132529Z",592839,"lifelong_slam_t",91.3,70996,50917,"/opt/ros/jazzy/lib/slam_toolbox/lifelong_slam_toolbox_node --ros-args -r __node:=slam_toolbox -r __ns:=/ --params-file /wt/contributions/compute-benchmark/OsakaTX/scripts/lifelong_slam_params.yaml --params-file /tmp/launch_params_u28nfoc8"
2026-09-25T13:28:42Z,60,"noiseF1_20260925T132529Z",592872,"component_conta",45.5,169504,149413,"/opt/ros/jazzy/lib/rclcpp_components/component_container_isolated --ros-args --log-level info --ros-args -r __node:=nav2_container --params-file /tmp/launch_params_f3kff4o9 --params-file /tmp/launch_params_qbgeiakg -r /tf:=tf -r /tf_static:=tf_static"
2026-09-25T13:28:42Z,60,"noiseF1_20260925T132529Z",592938,"python3",6.7,82820,53831,"python3 /wt/contributions/compute-benchmark/OsakaTX/scripts/nav_goal_seq.py --x 4 --y 4 --yaw 0 --every 22.0 --pause 2.0 --cancel --repeats 0"
2026-09-25T13:28:42Z,60,"noiseF1_20260925T132529Z",592983,"bash",0.5,4552,1355,"bash /wt/contributions/compute-benchmark/xbattlax/scripts/measure_ros_processes.sh --pattern python3|ros2|slam|nav2|component_container|nav_goal_seq --duration 380 --interval 2 --label noiseF1_20260925T132529Z --output /wt/contributions/compute-benchmark/OsakaTX/scripts/../results/combo2/noiseF1_20260925T132529Z.csv"
2026-09-25T13:28:44Z,61,"noiseF1_20260925T132529Z",408070,"python3",0.1,74808,47256,"/usr/bin/python3 -c from ros2cli.daemon.daemonize import main; main() --name ros2-daemon --ros-domain-id 0 --rmw-implementation rmw_fastrtps_cpp"
2026-09-25T13:28:44Z,61,"noiseF1_20260925T132529Z",592803,"python3",5.7,77360,48491,"python3 /wt/contributions/compute-benchmark/OsakaTX/scripts/synthetic_scan_publisher.py --duration 490 --loop-s 40 --hz 5.0 --noise 0.05"
2026-09-25T13:28:44Z,61,"noiseF1_20260925T132529Z",592819,"ros2",0.8,79024,50946,"/usr/bin/python3 /opt/ros/jazzy/bin/ros2 launch /wt/contributions/compute-benchmark/OsakaTX/scripts/lifelong_launch.py slam_params_file:=/wt/contributions/compute-benchmark/OsakaTX/scripts/lifelong_slam_params.yaml use_sim_time:=False autostart:=true"
2026-09-25T13:28:44Z,61,"noiseF1_20260925T132529Z",592820,"ros2",0.8,83528,55458,"/usr/bin/python3 /opt/ros/jazzy/bin/ros2 launch nav2_bringup bringup_launch.py map:=/wt/contributions/compute-benchmark/OsakaTX/scripts/../results/combo2/combo2_nav2_map.yaml params_file:=/wt/contributions/compute-benchmark/OsakaTX/scripts/nav2_params_bench.yaml use_sim_time:=False autostart:=True slam:=False use_localization:=False"
2026-09-25T13:28:44Z,61,"noiseF1_20260925T132529Z",592839,"lifelong_slam_t",91.5,70996,50916,"/opt/ros/jazzy/lib/slam_toolbox/lifelong_slam_toolbox_node --ros-args -r __node:=slam_toolbox -r __ns:=/ --params-file /wt/contributions/compute-benchmark/OsakaTX/scripts/lifelong_slam_params.yaml --params-file /tmp/launch_params_u28nfoc8"
2026-09-25T13:28:44Z,61,"noiseF1_20260925T132529Z",592872,"component_conta",45.6,169504,149412,"/opt/ros/jazzy/lib/rclcpp_components/component_container_isolated --ros-args --log-level info --ros-args -r __node:=nav2_container --params-file /tmp/launch_params_f3kff4o9 --params-file /tmp/launch_params_qbgeiakg -r /tf:=tf -r /tf_static:=tf_static"
2026-09-25T13:28:44Z,61,"noiseF1_20260925T132529Z",592938,"python3",6.7,82820,53828,"python3 /wt/contributions/compute-benchmark/OsakaTX/scripts/nav_goal_seq.py --x 4 --y 4 --yaw 0 --every 22.0 --pause 2.0 --cancel --repeats 0"
2026-09-25T13:28:44Z,61,"noiseF1_20260925T132529Z",592983,"bash",0.5,4552,1347,"bash /wt/contributions/compute-benchmark/xbattlax/scripts/measure_ros_processes.sh --pattern python3|ros2|slam|nav2|component_container|nav_goal_seq --duration 380 --interval 2 --label noiseF1_20260925T132529Z --output /wt/contributions/compute-benchmark/OsakaTX/scripts/../results/combo2/noiseF1_20260925T132529Z.csv"
2026-09-25T13:28:47Z,62,"noiseF1_20260925T132529Z",408070,"python3",0.1,74808,47256,"/usr/bin/python3 -c from ros2cli.daemon.daemonize import main; main() --name ros2-daemon --ros-domain-id 0 --rmw-implementation rmw_fastrtps_cpp"
2026-09-25T13:28:47Z,62,"noiseF1_20260925T132529Z",592803,"python3",5.7,77360,48499,"python3 /wt/contributions/compute-benchmark/OsakaTX/scripts/synthetic_scan_publisher.py --duration 490 --loop-s 40 --hz 5.0 --noise 0.05"
2026-09-25T13:28:47Z,62,"noiseF1_20260925T132529Z",592819,"ros2",0.8,79024,50941,"/usr/bin/python3 /opt/ros/jazzy/bin/ros2 launch /wt/contributions/compute-benchmark/OsakaTX/scripts/lifelong_launch.py slam_params_file:=/wt/contributions/compute-benchmark/OsakaTX/scripts/lifelong_slam_params.yaml use_sim_time:=False autostart:=true"
2026-09-25T13:28:47Z,62,"noiseF1_20260925T132529Z",592820,"ros2",0.8,83528,55457,"/usr/bin/python3 /opt/ros/jazzy/bin/ros2 launch nav2_bringup bringup_launch.py map:=/wt/contributions/compute-benchmark/OsakaTX/scripts/../results/combo2/combo2_nav2_map.yaml params_file:=/wt/contributions/compute-benchmark/OsakaTX/scripts/nav2_params_bench.yaml use_sim_time:=False autostart:=True slam:=False use_localization:=False"
2026-09-25T13:28:47Z,62,"noiseF1_20260925T132529Z",592839,"lifelong_slam_t",91.9,71012,50932,"/opt/ros/jazzy/lib/slam_toolbox/lifelong_slam_toolbox_node --ros-args -r __node:=slam_toolbox -r __ns:=/ --params-file /wt/contributions/compute-benchmark/OsakaTX/scripts/lifelong_slam_params.yaml --params-file /tmp/launch_params_u28nfoc8"
2026-09-25T13:28:47Z,62,"noiseF1_20260925T132529Z",592872,"component_conta",45.7,169504,149412,"/opt/ros/jazzy/lib/rclcpp_components/component_container_isolated --ros-args --log-level info --ros-args -r __node:=nav2_container --params-file /tmp/launch_params_f3kff4o9 --params-file /tmp/launch_params_qbgeiakg -r /tf:=tf -r /tf_static:=tf_static"
2026-09-25T13:28:47Z,62,"noiseF1_20260925T132529Z",592938,"python3",6.7,82820,53828,"python3 /wt/contributions/compute-benchmark/OsakaTX/scripts/nav_goal_seq.py --x 4 --y 4 --yaw 0 --every 22.0 --pause 2.0 --cancel --repeats 0"
2026-09-25T13:28:47Z,62,"noiseF1_20260925T132529Z",592983,"bash",0.5,4552,1353,"bash /wt/contributions/compute-benchmark/xbattlax/scripts/measure_ros_processes.sh --pattern python3|ros2|slam|nav2|component_container|nav_goal_seq --duration 380 --interval 2 --label noiseF1_20260925T132529Z --output /wt/contributions/compute-benchmark/OsakaTX/scripts/../results/combo2/noiseF1_20260925T132529Z.csv"
2026-09-25T13:28:49Z,63,"noiseF1_20260925T132529Z",408070,"python3",0.1,74808,47257,"/usr/bin/python3 -c from ros2cli.daemon.daemonize import main; main() --name ros2-daemon --ros-domain-id 0 --rmw-implementation rmw_fastrtps_cpp"
2026-09-25T13:28:49Z,63,"noiseF1_20260925T132529Z",592803,"python3",5.7,77360,48501,"python3 /wt/contributions/compute-benchmark/OsakaTX/scripts/synthetic_scan_publisher.py --duration 490 --loop-s 40 --hz 5.0 --noise 0.05"
2026-09-25T13:28:49Z,63,"noiseF1_20260925T132529Z",592819,"ros2",0.8,79024,50945,"/usr/bin/python3 /opt/ros/jazzy/bin/ros2 launch /wt/contributions/compute-benchmark/OsakaTX/scripts/lifelong_launch.py slam_params_file:=/wt/contributions/compute-benchmark/OsakaTX/scripts/lifelong_slam_params.yaml use_sim_time:=False autostart:=true"
2026-09-25T13:28:49Z,63,"noiseF1_20260925T132529Z",592820,"ros2",0.8,83528,55459,"/usr/bin/python3 /opt/ros/jazzy/bin/ros2 launch nav2_bringup bringup_launch.py map:=/wt/contributions/compute-benchmark/OsakaTX/scripts/../results/combo2/combo2_nav2_map.yaml params_file:=/wt/contributions/compute-benchmark/OsakaTX/scripts/nav2_params_bench.yaml use_sim_time:=False autostart:=True slam:=False use_localization:=False"
2026-09-25T13:28:49Z,63,"noiseF1_20260925T132529Z",592839,"lifelong_slam_t",92.2,71084,51004,"/opt/ros/jazzy/lib/slam_toolbox/lifelong_slam_toolbox_node --ros-args -r __node:=slam_toolbox -r __ns:=/ --params-file /wt/contributions/compute-benchmark/OsakaTX/scripts/lifelong_slam_params.yaml --params-file /tmp/launch_params_u28nfoc8"
2026-09-25T13:28:49Z,63,"noiseF1_20260925T132529Z",592872,"component_conta",45.7,169504,149412,"/opt/ros/jazzy/lib/rclcpp_components/component_container_isolated --ros-args --log-level info --ros-args -r __node:=nav2_container --params-file /tmp/launch_params_f3kff4o9 --params-file /tmp/launch_params_qbgeiakg -r /tf:=tf -r /tf_static:=tf_static"
2026-09-25T13:28:49Z,63,"noiseF1_20260925T132529Z",592938,"python3",6.7,82820,53829,"python3 /wt/contributions/compute-benchmark/OsakaTX/scripts/nav_goal_seq.py --x 4 --y 4 --yaw 0 --every 22.0 --pause 2.0 --cancel --repeats 0"
2026-09-25T13:28:49Z,63,"noiseF1_20260925T132529Z",592983,"bash",0.5,4552,1352,"bash /wt/contributions/compute-benchmark/xbattlax/scripts/measure_ros_processes.sh --pattern python3|ros2|slam|nav2|component_container|nav_goal_seq --duration 380 --interval 2 --label noiseF1_20260925T132529Z --output /wt/contributions/compute-benchmark/OsakaTX/scripts/../results/combo2/noiseF1_20260925T132529Z.csv"
2026-09-25T13:28:52Z,64,"noiseF1_20260925T132529Z",408070,"python3",0.1,74808,47260,"/usr/bin/python3 -c from ros2cli.daemon.daemonize import main; main() --name ros2-daemon --ros-domain-id 0 --rmw-implementation rmw_fastrtps_cpp"
2026-09-25T13:28:52Z,64,"noiseF1_20260925T132529Z",592803,"python3",5.7,77360,48489,"python3 /wt/contributions/compute-benchmark/OsakaTX/scripts/synthetic_scan_publisher.py --duration 490 --loop-s 40 --hz 5.0 --noise 0.05"
2026-09-25T13:28:52Z,64,"noiseF1_20260925T132529Z",592819,"ros2",0.8,79024,50942,"/usr/bin/python3 /opt/ros/jazzy/bin/ros2 launch /wt/contributions/compute-benchmark/OsakaTX/scripts/lifelong_launch.py slam_params_file:=/wt/contributions/compute-benchmark/OsakaTX/scripts/lifelong_slam_params.yaml use_sim_time:=False autostart:=true"
2026-09-25T13:28:52Z,64,"noiseF1_20260925T132529Z",592820,"ros2",0.8,83528,55457,"/usr/bin/python3 /opt/ros/jazzy/bin/ros2 launch nav2_bringup bringup_launch.py map:=/wt/contributions/compute-benchmark/OsakaTX/scripts/../results/combo2/combo2_nav2_map.yaml params_file:=/wt/contributions/compute-benchmark/OsakaTX/scripts/nav2_params_bench.yaml use_sim_time:=False autostart:=True slam:=False use_localization:=False"
2026-09-25T13:28:52Z,64,"noiseF1_20260925T132529Z",592839,"lifelong_slam_t",92.2,71136,51055,"/opt/ros/jazzy/lib/slam_toolbox/lifelong_slam_toolbox_node --ros-args -r __node:=slam_toolbox -r __ns:=/ --params-file /wt/contributions/compute-benchmark/OsakaTX/scripts/lifelong_slam_params.yaml --params-file /tmp/launch_params_u28nfoc8"
2026-09-25T13:28:52Z,64,"noiseF1_20260925T132529Z",592872,"component_conta",45.8,173432,153341,"/opt/ros/jazzy/lib/rclcpp_components/component_container_isolated --ros-args --log-level info --ros-args -r __node:=nav2_container --params-file /tmp/launch_params_f3kff4o9 --params-file /tmp/launch_params_qbgeiakg -r /tf:=tf -r /tf_static:=tf_static"
2026-09-25T13:28:52Z,64,"noiseF1_20260925T132529Z",592938,"python3",6.7,82820,53832,"python3 /wt/contributions/compute-benchmark/OsakaTX/scripts/nav_goal_seq.py --x 4 --y 4 --yaw 0 --every 22.0 --pause 2.0 --cancel --repeats 0"
2026-09-25T13:28:52Z,64,"noiseF1_20260925T132529Z",592983,"bash",0.5,4552,1353,"bash /wt/contributions/compute-benchmark/xbattlax/scripts/measure_ros_processes.sh --pattern python3|ros2|slam|nav2|component_container|nav_goal_seq --duration 380 --interval 2 --label noiseF1_20260925T132529Z --output /wt/contributions/compute-benchmark/OsakaTX/scripts/../results/combo2/noiseF1_20260925T132529Z.csv"
2026-09-25T13:28:54Z,65,"noiseF1_20260925T132529Z",408070,"python3",0.1,74808,47256,"/usr/bin/python3 -c from ros2cli.daemon.daemonize import main; main() --name ros2-daemon --ros-domain-id 0 --rmw-implementation rmw_fastrtps_cpp"
2026-09-25T13:28:54Z,65,"noiseF1_20260925T132529Z",592803,"python3",5.7,77360,48499,"python3 /wt/contributions/compute-benchmark/OsakaTX/scripts/synthetic_scan_publisher.py --duration 490 --loop-s 40 --hz 5.0 --noise 0.05"
2026-09-25T13:28:54Z,65,"noiseF1_20260925T132529Z",592819,"ros2",0.8,79028,50950,"/usr/bin/python3 /opt/ros/jazzy/bin/ros2 launch /wt/contributions/compute-benchmark/OsakaTX/scripts/lifelong_launch.py slam_params_file:=/wt/contributions/compute-benchmark/OsakaTX/scripts/lifelong_slam_params.yaml use_sim_time:=False autostart:=true"
2026-09-25T13:28:54Z,65,"noiseF1_20260925T132529Z",592820,"ros2",0.8,83528,55457,"/usr/bin/python3 /opt/ros/jazzy/bin/ros2 launch nav2_bringup bringup_launch.py map:=/wt/contributions/compute-benchmark/OsakaTX/scripts/../results/combo2/combo2_nav2_map.yaml params_file:=/wt/contributions/compute-benchmark/OsakaTX/scripts/nav2_params_bench.yaml use_sim_time:=False autostart:=True slam:=False use_localization:=False"
2026-09-25T13:28:54Z,65,"noiseF1_20260925T132529Z",592839,"lifelong_slam_t",92.0,71248,51168,"/opt/ros/jazzy/lib/slam_toolbox/lifelong_slam_toolbox_node --ros-args -r __node:=slam_toolbox -r __ns:=/ --params-file /wt/contributions/compute-benchmark/OsakaTX/scripts/lifelong_slam_params.yaml --params-file /tmp/launch_params_u28nfoc8"
2026-09-25T13:28:54Z,65,"noiseF1_20260925T132529Z",592872,"component_conta",45.9,166736,146645,"/opt/ros/jazzy/lib/rclcpp_components/component_container_isolated --ros-args --log-level info --ros-args -r __node:=nav2_container --params-file /tmp/launch_params_f3kff4o9 --params-file /tmp/launch_params_qbgeiakg -r /tf:=tf -r /tf_static:=tf_static"
2026-09-25T13:28:54Z,65,"noiseF1_20260925T132529Z",592938,"python3",6.7,82820,53831,"python3 /wt/contributions/compute-benchmark/OsakaTX/scripts/nav_goal_seq.py --x 4 --y 4 --yaw 0 --every 22.0 --pause 2.0 --cancel --repeats 0"
2026-09-25T13:28:54Z,65,"noiseF1_20260925T132529Z",592983,"bash",0.5,4552,1356,"bash /wt/contributions/compute-benchmark/xbattlax/scripts/measure_ros_processes.sh --pattern python3|ros2|slam|nav2|component_container|nav_goal_seq --duration 380 --interval 2 --label noiseF1_20260925T132529Z --output /wt/contributions/compute-benchmark/OsakaTX/scripts/../results/combo2/noiseF1_20260925T132529Z.csv"
2026-09-25T13:28:57Z,66,"noiseF1_20260925T132529Z",408070,"python3",0.1,74808,47260,"/usr/bin/python3 -c from ros2cli.daemon.daemonize import main; main() --name ros2-daemon --ros-domain-id 0 --rmw-implementation rmw_fastrtps_cpp"
2026-09-25T13:28:57Z,66,"noiseF1_20260925T132529Z",592803,"python3",5.7,77360,48491,"python3 /wt/contributions/compute-benchmark/OsakaTX/scripts/synthetic_scan_publisher.py --duration 490 --loop-s 40 --hz 5.0 --noise 0.05"
2026-09-25T13:28:57Z,66,"noiseF1_20260925T132529Z",592819,"ros2",0.8,79028,50945,"/usr/bin/python3 /opt/ros/jazzy/bin/ros2 launch /wt/contributions/compute-benchmark/OsakaTX/scripts/lifelong_launch.py slam_params_file:=/wt/contributions/compute-benchmark/OsakaTX/scripts/lifelong_slam_params.yaml use_sim_time:=False autostart:=true"
2026-09-25T13:28:57Z,66,"noiseF1_20260925T132529Z",592820,"ros2",0.8,83528,55457,"/usr/bin/python3 /opt/ros/jazzy/bin/ros2 launch nav2_bringup bringup_launch.py map:=/wt/contributions/compute-benchmark/OsakaTX/scripts/../results/combo2/combo2_nav2_map.yaml params_file:=/wt/contributions/compute-benchmark/OsakaTX/scripts/nav2_params_bench.yaml use_sim_time:=False autostart:=True slam:=False use_localization:=False"
2026-09-25T13:28:57Z,66,"noiseF1_20260925T132529Z",592839,"lifelong_slam_t",91.9,71420,51341,"/opt/ros/jazzy/lib/slam_toolbox/lifelong_slam_toolbox_node --ros-args -r __node:=slam_toolbox -r __ns:=/ --params-file /wt/contributions/compute-benchmark/OsakaTX/scripts/lifelong_slam_params.yaml --params-file /tmp/launch_params_u28nfoc8"
2026-09-25T13:28:57Z,66,"noiseF1_20260925T132529Z",592872,"component_conta",45.9,167956,146680,"/opt/ros/jazzy/lib/rclcpp_components/component_container_isolated --ros-args --log-level info --ros-args -r __node:=nav2_container --params-file /tmp/launch_params_f3kff4o9 --params-file /tmp/launch_params_qbgeiakg -r /tf:=tf -r /tf_static:=tf_static"
2026-09-25T13:28:57Z,66,"noiseF1_20260925T132529Z",592938,"python3",6.7,82820,53832,"python3 /wt/contributions/compute-benchmark/OsakaTX/scripts/nav_goal_seq.py --x 4 --y 4 --yaw 0 --every 22.0 --pause 2.0 --cancel --repeats 0"
2026-09-25T13:28:57Z,66,"noiseF1_20260925T132529Z",592983,"bash",0.5,4552,1353,"bash /wt/contributions/compute-benchmark/xbattlax/scripts/measure_ros_processes.sh --pattern python3|ros2|slam|nav2|component_container|nav_goal_seq --duration 380 --interval 2 --label noiseF1_20260925T132529Z --output /wt/contributions/compute-benchmark/OsakaTX/scripts/../results/combo2/noiseF1_20260925T132529Z.csv"
2026-09-25T13:28:59Z,67,"noiseF1_20260925T132529Z",408070,"python3",0.1,74808,47258,"/usr/bin/python3 -c from ros2cli.daemon.daemonize import main; main() --name ros2-daemon --ros-domain-id 0 --rmw-implementation rmw_fastrtps_cpp"
2026-09-25T13:28:59Z,67,"noiseF1_20260925T132529Z",592803,"python3",5.7,77360,48494,"python3 /wt/contributions/compute-benchmark/OsakaTX/scripts/synthetic_scan_publisher.py --duration 490 --loop-s 40 --hz 5.0 --noise 0.05"
2026-09-25T13:28:59Z,67,"noiseF1_20260925T132529Z",592819,"ros2",0.8,79028,50943,"/usr/bin/python3 /opt/ros/jazzy/bin/ros2 launch /wt/contributions/compute-benchmark/OsakaTX/scripts/lifelong_launch.py slam_params_file:=/wt/contributions/compute-benchmark/OsakaTX/scripts/lifelong_slam_params.yaml use_sim_time:=False autostart:=true"
2026-09-25T13:28:59Z,67,"noiseF1_20260925T132529Z",592820,"ros2",0.8,83528,55457,"/usr/bin/python3 /opt/ros/jazzy/bin/ros2 launch nav2_bringup bringup_launch.py map:=/wt/contributions/compute-benchmark/OsakaTX/scripts/../results/combo2/combo2_nav2_map.yaml params_file:=/wt/contributions/compute-benchmark/OsakaTX/scripts/nav2_params_bench.yaml use_sim_time:=False autostart:=True slam:=False use_localization:=False"
2026-09-25T13:28:59Z,67,"noiseF1_20260925T132529Z",592839,"lifelong_slam_t",91.8,71564,51485,"/opt/ros/jazzy/lib/slam_toolbox/lifelong_slam_toolbox_node --ros-args -r __node:=slam_toolbox -r __ns:=/ --params-file /wt/contributions/compute-benchmark/OsakaTX/scripts/lifelong_slam_params.yaml --params-file /tmp/launch_params_u28nfoc8"
2026-09-25T13:28:59Z,67,"noiseF1_20260925T132529Z",592872,"component_conta",45.8,166212,146121,"/opt/ros/jazzy/lib/rclcpp_components/component_container_isolated --ros-args --log-level info --ros-args -r __node:=nav2_container --params-file /tmp/launch_params_f3kff4o9 --params-file /tmp/launch_params_qbgeiakg -r /tf:=tf -r /tf_static:=tf_static"
2026-09-25T13:28:59Z,67,"noiseF1_20260925T132529Z",592938,"python3",6.7,82824,53835,"python3 /wt/contributions/compute-benchmark/OsakaTX/scripts/nav_goal_seq.py --x 4 --y 4 --yaw 0 --every 22.0 --pause 2.0 --cancel --repeats 0"
2026-09-25T13:28:59Z,67,"noiseF1_20260925T132529Z",592983,"bash",0.5,4552,1357,"bash /wt/contributions/compute-benchmark/xbattlax/scripts/measure_ros_processes.sh --pattern python3|ros2|slam|nav2|component_container|nav_goal_seq --duration 380 --interval 2 --label noiseF1_20260925T132529Z --output /wt/contributions/compute-benchmark/OsakaTX/scripts/../results/combo2/noiseF1_20260925T132529Z.csv"
2026-09-25T13:29:02Z,68,"noiseF1_20260925T132529Z",408070,"python3",0.1,74808,47258,"/usr/bin/python3 -c from ros2cli.daemon.daemonize import main; main() --name ros2-daemon --ros-domain-id 0 --rmw-implementation rmw_fastrtps_cpp"
2026-09-25T13:29:02Z,68,"noiseF1_20260925T132529Z",592803,"python3",5.7,77360,48496,"python3 /wt/contributions/compute-benchmark/OsakaTX/scripts/synthetic_scan_publisher.py --duration 490 --loop-s 40 --hz 5.0 --noise 0.05"
2026-09-25T13:29:02Z,68,"noiseF1_20260925T132529Z",592819,"ros2",0.8,79028,50950,"/usr/bin/python3 /opt/ros/jazzy/bin/ros2 launch /wt/contributions/compute-benchmark/OsakaTX/scripts/lifelong_launch.py slam_params_file:=/wt/contributions/compute-benchmark/OsakaTX/scripts/lifelong_slam_params.yaml use_sim_time:=False autostart:=true"
2026-09-25T13:29:02Z,68,"noiseF1_20260925T132529Z",592820,"ros2",0.8,83528,55459,"/usr/bin/python3 /opt/ros/jazzy/bin/ros2 launch nav2_bringup bringup_launch.py map:=/wt/contributions/compute-benchmark/OsakaTX/scripts/../results/combo2/combo2_nav2_map.yaml params_file:=/wt/contributions/compute-benchmark/OsakaTX/scripts/nav2_params_bench.yaml use_sim_time:=False autostart:=True slam:=False use_localization:=False"
2026-09-25T13:29:02Z,68,"noiseF1_20260925T132529Z",592839,"lifelong_slam_t",91.6,71564,51484,"/opt/ros/jazzy/lib/slam_toolbox/lifelong_slam_toolbox_node --ros-args -r __node:=slam_toolbox -r __ns:=/ --params-file /wt/contributions/compute-benchmark/OsakaTX/scripts/lifelong_slam_params.yaml --params-file /tmp/launch_params_u28nfoc8"
2026-09-25T13:29:02Z,68,"noiseF1_20260925T132529Z",592872,"component_conta",45.8,166572,146480,"/opt/ros/jazzy/lib/rclcpp_components/component_container_isolated --ros-args --log-level info --ros-args -r __node:=nav2_container --params-file /tmp/launch_params_f3kff4o9 --params-file /tmp/launch_params_qbgeiakg -r /tf:=tf -r /tf_static:=tf_static"
2026-09-25T13:29:02Z,68,"noiseF1_20260925T132529Z",592938,"python3",6.6,82824,53833,"python3 /wt/contributions/compute-benchmark/OsakaTX/scripts/nav_goal_seq.py --x 4 --y 4 --yaw 0 --every 22.0 --pause 2.0 --cancel --repeats 0"
2026-09-25T13:29:02Z,68,"noiseF1_20260925T132529Z",592983,"bash",0.5,4556,1357,"bash /wt/contributions/compute-benchmark/xbattlax/scripts/measure_ros_processes.sh --pattern python3|ros2|slam|nav2|component_container|nav_goal_seq --duration 380 --interval 2 --label noiseF1_20260925T132529Z --output /wt/contributions/compute-benchmark/OsakaTX/scripts/../results/combo2/noiseF1_20260925T132529Z.csv"
2026-09-25T13:29:04Z,69,"noiseF1_20260925T132529Z",408070,"python3",0.1,74808,47261,"/usr/bin/python3 -c from ros2cli.daemon.daemonize import main; main() --name ros2-daemon --ros-domain-id 0 --rmw-implementation rmw_fastrtps_cpp"
2026-09-25T13:29:04Z,69,"noiseF1_20260925T132529Z",592803,"python3",5.7,77360,48496,"python3 /wt/contributions/compute-benchmark/OsakaTX/scripts/synthetic_scan_publisher.py --duration 490 --loop-s 40 --hz 5.0 --noise 0.05"
2026-09-25T13:29:04Z,69,"noiseF1_20260925T132529Z",592819,"ros2",0.8,79028,50947,"/usr/bin/python3 /opt/ros/jazzy/bin/ros2 launch /wt/contributions/compute-benchmark/OsakaTX/scripts/lifelong_launch.py slam_params_file:=/wt/contributions/compute-benchmark/OsakaTX/scripts/lifelong_slam_params.yaml use_sim_time:=False autostart:=true"
2026-09-25T13:29:04Z,69,"noiseF1_20260925T132529Z",592820,"ros2",0.8,83528,55457,"/usr/bin/python3 /opt/ros/jazzy/bin/ros2 launch nav2_bringup bringup_launch.py map:=/wt/contributions/compute-benchmark/OsakaTX/scripts/../results/combo2/combo2_nav2_map.yaml params_file:=/wt/contributions/compute-benchmark/OsakaTX/scripts/nav2_params_bench.yaml use_sim_time:=False autostart:=True slam:=False use_localization:=False"
2026-09-25T13:29:04Z,69,"noiseF1_20260925T132529Z",592839,"lifelong_slam_t",91.6,71688,51608,"/opt/ros/jazzy/lib/slam_toolbox/lifelong_slam_toolbox_node --ros-args -r __node:=slam_toolbox -r __ns:=/ --params-file /wt/contributions/compute-benchmark/OsakaTX/scripts/lifelong_slam_params.yaml --params-file /tmp/launch_params_u28nfoc8"
2026-09-25T13:29:04Z,69,"noiseF1_20260925T132529Z",592872,"component_conta",45.8,166596,146504,"/opt/ros/jazzy/lib/rclcpp_components/component_container_isolated --ros-args --log-level info --ros-args -r __node:=nav2_container --params-file /tmp/launch_params_f3kff4o9 --params-file /tmp/launch_params_qbgeiakg -r /tf:=tf -r /tf_static:=tf_static"
2026-09-25T13:29:04Z,69,"noiseF1_20260925T132529Z",592938,"python3",6.6,82824,53833,"python3 /wt/contributions/compute-benchmark/OsakaTX/scripts/nav_goal_seq.py --x 4 --y 4 --yaw 0 --every 22.0 --pause 2.0 --cancel --repeats 0"
2026-09-25T13:29:04Z,69,"noiseF1_20260925T132529Z",592983,"bash",0.5,4556,1350,"bash /wt/contributions/compute-benchmark/xbattlax/scripts/measure_ros_processes.sh --pattern python3|ros2|slam|nav2|component_container|nav_goal_seq --duration 380 --interval 2 --label noiseF1_20260925T132529Z --output /wt/contributions/compute-benchmark/OsakaTX/scripts/../results/combo2/noiseF1_20260925T132529Z.csv"
2026-09-25T13:29:07Z,70,"noiseF1_20260925T132529Z",408070,"python3",0.1,74808,47257,"/usr/bin/python3 -c from ros2cli.daemon.daemonize import main; main() --name ros2-daemon --ros-domain-id 0 --rmw-implementation rmw_fastrtps_cpp"
2026-09-25T13:29:07Z,70,"noiseF1_20260925T132529Z",592803,"python3",5.7,77360,48489,"python3 /wt/contributions/compute-benchmark/OsakaTX/scripts/synthetic_scan_publisher.py --duration 490 --loop-s 40 --hz 5.0 --noise 0.05"
2026-09-25T13:29:07Z,70,"noiseF1_20260925T132529Z",592819,"ros2",0.8,79028,50949,"/usr/bin/python3 /opt/ros/jazzy/bin/ros2 launch /wt/contributions/compute-benchmark/OsakaTX/scripts/lifelong_launch.py slam_params_file:=/wt/contributions/compute-benchmark/OsakaTX/scripts/lifelong_slam_params.yaml use_sim_time:=False autostart:=true"
2026-09-25T13:29:07Z,70,"noiseF1_20260925T132529Z",592820,"ros2",0.8,83528,55451,"/usr/bin/python3 /opt/ros/jazzy/bin/ros2 launch nav2_bringup bringup_launch.py map:=/wt/contributions/compute-benchmark/OsakaTX/scripts/../results/combo2/combo2_nav2_map.yaml params_file:=/wt/contributions/compute-benchmark/OsakaTX/scripts/nav2_params_bench.yaml use_sim_time:=False autostart:=True slam:=False use_localization:=False"
2026-09-25T13:29:07Z,70,"noiseF1_20260925T132529Z",592839,"lifelong_slam_t",91.3,71688,51609,"/opt/ros/jazzy/lib/slam_toolbox/lifelong_slam_toolbox_node --ros-args -r __node:=slam_toolbox -r __ns:=/ --params-file /wt/contributions/compute-benchmark/OsakaTX/scripts/lifelong_slam_params.yaml --params-file /tmp/launch_params_u28nfoc8"
2026-09-25T13:29:07Z,70,"noiseF1_20260925T132529Z",592872,"component_conta",45.9,166644,146553,"/opt/ros/jazzy/lib/rclcpp_components/component_container_isolated --ros-args --log-level info --ros-args -r __node:=nav2_container --params-file /tmp/launch_params_f3kff4o9 --params-file /tmp/launch_params_qbgeiakg -r /tf:=tf -r /tf_static:=tf_static"
2026-09-25T13:29:07Z,70,"noiseF1_20260925T132529Z",592938,"python3",6.6,82824,53833,"python3 /wt/contributions/compute-benchmark/OsakaTX/scripts/nav_goal_seq.py --x 4 --y 4 --yaw 0 --every 22.0 --pause 2.0 --cancel --repeats 0"
2026-09-25T13:29:07Z,70,"noiseF1_20260925T132529Z",592983,"bash",0.5,4556,1361,"bash /wt/contributions/compute-benchmark/xbattlax/scripts/measure_ros_processes.sh --pattern python3|ros2|slam|nav2|component_container|nav_goal_seq --duration 380 --interval 2 --label noiseF1_20260925T132529Z --output /wt/contributions/compute-benchmark/OsakaTX/scripts/../results/combo2/noiseF1_20260925T132529Z.csv"
2026-09-25T13:29:09Z,71,"noiseF1_20260925T132529Z",408070,"python3",0.1,74808,47260,"/usr/bin/python3 -c from ros2cli.daemon.daemonize import main; main() --name ros2-daemon --ros-domain-id 0 --rmw-implementation rmw_fastrtps_cpp"
2026-09-25T13:29:09Z,71,"noiseF1_20260925T132529Z",592803,"python3",5.7,77360,48501,"python3 /wt/contributions/compute-benchmark/OsakaTX/scripts/synthetic_scan_publisher.py --duration 490 --loop-s 40 --hz 5.0 --noise 0.05"
2026-09-25T13:29:09Z,71,"noiseF1_20260925T132529Z",592819,"ros2",0.8,79028,50949,"/usr/bin/python3 /opt/ros/jazzy/bin/ros2 launch /wt/contributions/compute-benchmark/OsakaTX/scripts/lifelong_launch.py slam_params_file:=/wt/contributions/compute-benchmark/OsakaTX/scripts/lifelong_slam_params.yaml use_sim_time:=False autostart:=true"
2026-09-25T13:29:09Z,71,"noiseF1_20260925T132529Z",592820,"ros2",0.8,83528,55457,"/usr/bin/python3 /opt/ros/jazzy/bin/ros2 launch nav2_bringup bringup_launch.py map:=/wt/contributions/compute-benchmark/OsakaTX/scripts/../results/combo2/combo2_nav2_map.yaml params_file:=/wt/contributions/compute-benchmark/OsakaTX/scripts/nav2_params_bench.yaml use_sim_time:=False autostart:=True slam:=False use_localization:=False"
2026-09-25T13:29:09Z,71,"noiseF1_20260925T132529Z",592839,"lifelong_slam_t",91.2,71852,51772,"/opt/ros/jazzy/lib/slam_toolbox/lifelong_slam_toolbox_node --ros-args -r __node:=slam_toolbox -r __ns:=/ --params-file /wt/contributions/compute-benchmark/OsakaTX/scripts/lifelong_slam_params.yaml --params-file /tmp/launch_params_u28nfoc8"
2026-09-25T13:29:09Z,71,"noiseF1_20260925T132529Z",592872,"component_conta",46.0,166672,146580,"/opt/ros/jazzy/lib/rclcpp_components/component_container_isolated --ros-args --log-level info --ros-args -r __node:=nav2_container --params-file /tmp/launch_params_f3kff4o9 --params-file /tmp/launch_params_qbgeiakg -r /tf:=tf -r /tf_static:=tf_static"
2026-09-25T13:29:09Z,71,"noiseF1_20260925T132529Z",592938,"python3",6.6,82824,53834,"python3 /wt/contributions/compute-benchmark/OsakaTX/scripts/nav_goal_seq.py --x 4 --y 4 --yaw 0 --every 22.0 --pause 2.0 --cancel --repeats 0"
2026-09-25T13:29:09Z,71,"noiseF1_20260925T132529Z",592983,"bash",0.5,4556,1355,"bash /wt/contributions/compute-benchmark/xbattlax/scripts/measure_ros_processes.sh --pattern python3|ros2|slam|nav2|component_container|nav_goal_seq --duration 380 --interval 2 --label noiseF1_20260925T132529Z --output /wt/contributions/compute-benchmark/OsakaTX/scripts/../results/combo2/noiseF1_20260925T132529Z.csv"
2026-09-25T13:29:12Z,72,"noiseF1_20260925T132529Z",408070,"python3",0.1,74808,47258,"/usr/bin/python3 -c from ros2cli.daemon.daemonize import main; main() --name ros2-daemon --ros-domain-id 0 --rmw-implementation rmw_fastrtps_cpp"
2026-09-25T13:29:12Z,72,"noiseF1_20260925T132529Z",592803,"python3",5.7,77360,48501,"python3 /wt/contributions/compute-benchmark/OsakaTX/scripts/synthetic_scan_publisher.py --duration 490 --loop-s 40 --hz 5.0 --noise 0.05"
2026-09-25T13:29:12Z,72,"noiseF1_20260925T132529Z",592819,"ros2",0.8,79028,50946,"/usr/bin/python3 /opt/ros/jazzy/bin/ros2 launch /wt/contributions/compute-benchmark/OsakaTX/scripts/lifelong_launch.py slam_params_file:=/wt/contributions/compute-benchmark/OsakaTX/scripts/lifelong_slam_params.yaml use_sim_time:=False autostart:=true"
2026-09-25T13:29:12Z,72,"noiseF1_20260925T132529Z",592820,"ros2",0.8,83528,55457,"/usr/bin/python3 /opt/ros/jazzy/bin/ros2 launch nav2_bringup bringup_launch.py map:=/wt/contributions/compute-benchmark/OsakaTX/scripts/../results/combo2/combo2_nav2_map.yaml params_file:=/wt/contributions/compute-benchmark/OsakaTX/scripts/nav2_params_bench.yaml use_sim_time:=False autostart:=True slam:=False use_localization:=False"
2026-09-25T13:29:12Z,72,"noiseF1_20260925T132529Z",592839,"lifelong_slam_t",91.1,71916,51836,"/opt/ros/jazzy/lib/slam_toolbox/lifelong_slam_toolbox_node --ros-args -r __node:=slam_toolbox -r __ns:=/ --params-file /wt/contributions/compute-benchmark/OsakaTX/scripts/lifelong_slam_params.yaml --params-file /tmp/launch_params_u28nfoc8"
2026-09-25T13:29:12Z,72,"noiseF1_20260925T132529Z",592872,"component_conta",46.1,166744,146652,"/opt/ros/jazzy/lib/rclcpp_components/component_container_isolated --ros-args --log-level info --ros-args -r __node:=nav2_container --params-file /tmp/launch_params_f3kff4o9 --params-file /tmp/launch_params_qbgeiakg -r /tf:=tf -r /tf_static:=tf_static"
2026-09-25T13:29:12Z,72,"noiseF1_20260925T132529Z",592938,"python3",6.6,82824,53833,"python3 /wt/contributions/compute-benchmark/OsakaTX/scripts/nav_goal_seq.py --x 4 --y 4 --yaw 0 --every 22.0 --pause 2.0 --cancel --repeats 0"
2026-09-25T13:29:12Z,72,"noiseF1_20260925T132529Z",592983,"bash",0.5,4556,1359,"bash /wt/contributions/compute-benchmark/xbattlax/scripts/measure_ros_processes.sh --pattern python3|ros2|slam|nav2|component_container|nav_goal_seq --duration 380 --interval 2 --label noiseF1_20260925T132529Z --output /wt/contributions/compute-benchmark/OsakaTX/scripts/../results/combo2/noiseF1_20260925T132529Z.csv"
2026-09-25T13:29:14Z,73,"noiseF1_20260925T132529Z",408070,"python3",0.1,74808,47260,"/usr/bin/python3 -c from ros2cli.daemon.daemonize import main; main() --name ros2-daemon --ros-domain-id 0 --rmw-implementation rmw_fastrtps_cpp"
2026-09-25T13:29:14Z,73,"noiseF1_20260925T132529Z",592803,"python3",5.7,77360,48500,"python3 /wt/contributions/compute-benchmark/OsakaTX/scripts/synthetic_scan_publisher.py --duration 490 --loop-s 40 --hz 5.0 --noise 0.05"
2026-09-25T13:29:14Z,73,"noiseF1_20260925T132529Z",592819,"ros2",0.8,79028,50943,"/usr/bin/python3 /opt/ros/jazzy/bin/ros2 launch /wt/contributions/compute-benchmark/OsakaTX/scripts/lifelong_launch.py slam_params_file:=/wt/contributions/compute-benchmark/OsakaTX/scripts/lifelong_slam_params.yaml use_sim_time:=False autostart:=true"
2026-09-25T13:29:14Z,73,"noiseF1_20260925T132529Z",592820,"ros2",0.8,83528,55457,"/usr/bin/python3 /opt/ros/jazzy/bin/ros2 launch nav2_bringup bringup_launch.py map:=/wt/contributions/compute-benchmark/OsakaTX/scripts/../results/combo2/combo2_nav2_map.yaml params_file:=/wt/contributions/compute-benchmark/OsakaTX/scripts/nav2_params_bench.yaml use_sim_time:=False autostart:=True slam:=False use_localization:=False"
2026-09-25T13:29:14Z,73,"noiseF1_20260925T132529Z",592839,"lifelong_slam_t",91.2,71928,51849,"/opt/ros/jazzy/lib/slam_toolbox/lifelong_slam_toolbox_node --ros-args -r __node:=slam_toolbox -r __ns:=/ --params-file /wt/contributions/compute-benchmark/OsakaTX/scripts/lifelong_slam_params.yaml --params-file /tmp/launch_params_u28nfoc8"
2026-09-25T13:29:14Z,73,"noiseF1_20260925T132529Z",592872,"component_conta",46.2,166748,146657,"/opt/ros/jazzy/lib/rclcpp_components/component_container_isolated --ros-args --log-level info --ros-args -r __node:=nav2_container --params-file /tmp/launch_params_f3kff4o9 --params-file /tmp/launch_params_qbgeiakg -r /tf:=tf -r /tf_static:=tf_static"
2026-09-25T13:29:14Z,73,"noiseF1_20260925T132529Z",592938,"python3",6.6,82824,53833,"python3 /wt/contributions/compute-benchmark/OsakaTX/scripts/nav_goal_seq.py --x 4 --y 4 --yaw 0 --every 22.0 --pause 2.0 --cancel --repeats 0"
2026-09-25T13:29:14Z,73,"noiseF1_20260925T132529Z",592983,"bash",0.5,4556,1361,"bash /wt/contributions/compute-benchmark/xbattlax/scripts/measure_ros_processes.sh --pattern python3|ros2|slam|nav2|component_container|nav_goal_seq --duration 380 --interval 2 --label noiseF1_20260925T132529Z --output /wt/contributions/compute-benchmark/OsakaTX/scripts/../results/combo2/noiseF1_20260925T132529Z.csv"
2026-09-25T13:29:17Z,74,"noiseF1_20260925T132529Z",408070,"python3",0.1,74808,47260,"/usr/bin/python3 -c from ros2cli.daemon.daemonize import main; main() --name ros2-daemon --ros-domain-id 0 --rmw-implementation rmw_fastrtps_cpp"
2026-09-25T13:29:17Z,74,"noiseF1_20260925T132529Z",592803,"python3",5.7,77360,48501,"python3 /wt/contributions/compute-benchmark/OsakaTX/scripts/synthetic_scan_publisher.py --duration 490 --loop-s 40 --hz 5.0 --noise 0.05"
2026-09-25T13:29:17Z,74,"noiseF1_20260925T132529Z",592819,"ros2",0.8,79028,50949,"/usr/bin/python3 /opt/ros/jazzy/bin/ros2 launch /wt/contributions/compute-benchmark/OsakaTX/scripts/lifelong_launch.py slam_params_file:=/wt/contributions/compute-benchmark/OsakaTX/scripts/lifelong_slam_params.yaml use_sim_time:=False autostart:=true"
2026-09-25T13:29:17Z,74,"noiseF1_20260925T132529Z",592820,"ros2",0.7,83528,55451,"/usr/bin/python3 /opt/ros/jazzy/bin/ros2 launch nav2_bringup bringup_launch.py map:=/wt/contributions/compute-benchmark/OsakaTX/scripts/../results/combo2/combo2_nav2_map.yaml params_file:=/wt/contributions/compute-benchmark/OsakaTX/scripts/nav2_params_bench.yaml use_sim_time:=False autostart:=True slam:=False use_localization:=False"
2026-09-25T13:29:17Z,74,"noiseF1_20260925T132529Z",592839,"lifelong_slam_t",91.3,71928,51850,"/opt/ros/jazzy/lib/slam_toolbox/lifelong_slam_toolbox_node --ros-args -r __node:=slam_toolbox -r __ns:=/ --params-file /wt/contributions/compute-benchmark/OsakaTX/scripts/lifelong_slam_params.yaml --params-file /tmp/launch_params_u28nfoc8"
2026-09-25T13:29:17Z,74,"noiseF1_20260925T132529Z",592872,"component_conta",46.2,166800,146708,"/opt/ros/jazzy/lib/rclcpp_components/component_container_isolated --ros-args --log-level info --ros-args -r __node:=nav2_container --params-file /tmp/launch_params_f3kff4o9 --params-file /tmp/launch_params_qbgeiakg -r /tf:=tf -r /tf_static:=tf_static"
2026-09-25T13:29:17Z,74,"noiseF1_20260925T132529Z",592938,"python3",6.6,82824,53833,"python3 /wt/contributions/compute-benchmark/OsakaTX/scripts/nav_goal_seq.py --x 4 --y 4 --yaw 0 --every 22.0 --pause 2.0 --cancel --repeats 0"
2026-09-25T13:29:17Z,74,"noiseF1_20260925T132529Z",592983,"bash",0.5,4556,1357,"bash /wt/contributions/compute-benchmark/xbattlax/scripts/measure_ros_processes.sh --pattern python3|ros2|slam|nav2|component_container|nav_goal_seq --duration 380 --interval 2 --label noiseF1_20260925T132529Z --output /wt/contributions/compute-benchmark/OsakaTX/scripts/../results/combo2/noiseF1_20260925T132529Z.csv"
2026-09-25T13:29:19Z,75,"noiseF1_20260925T132529Z",408070,"python3",0.1,74808,47256,"/usr/bin/python3 -c from ros2cli.daemon.daemonize import main; main() --name ros2-daemon --ros-domain-id 0 --rmw-implementation rmw_fastrtps_cpp"
2026-09-25T13:29:19Z,75,"noiseF1_20260925T132529Z",592803,"python3",5.7,77360,48501,"python3 /wt/contributions/compute-benchmark/OsakaTX/scripts/synthetic_scan_publisher.py --duration 490 --loop-s 40 --hz 5.0 --noise 0.05"
2026-09-25T13:29:19Z,75,"noiseF1_20260925T132529Z",592819,"ros2",0.8,79028,50950,"/usr/bin/python3 /opt/ros/jazzy/bin/ros2 launch /wt/contributions/compute-benchmark/OsakaTX/scripts/lifelong_launch.py slam_params_file:=/wt/contributions/compute-benchmark/OsakaTX/scripts/lifelong_slam_params.yaml use_sim_time:=False autostart:=true"
2026-09-25T13:29:19Z,75,"noiseF1_20260925T132529Z",592820,"ros2",0.7,83528,55457,"/usr/bin/python3 /opt/ros/jazzy/bin/ros2 launch nav2_bringup bringup_launch.py map:=/wt/contributions/compute-benchmark/OsakaTX/scripts/../results/combo2/combo2_nav2_map.yaml params_file:=/wt/contributions/compute-benchmark/OsakaTX/scripts/nav2_params_bench.yaml use_sim_time:=False autostart:=True slam:=False use_localization:=False"
2026-09-25T13:29:19Z,75,"noiseF1_20260925T132529Z",592839,"lifelong_slam_t",91.6,71928,51848,"/opt/ros/jazzy/lib/slam_toolbox/lifelong_slam_toolbox_node --ros-args -r __node:=slam_toolbox -r __ns:=/ --params-file /wt/contributions/compute-benchmark/OsakaTX/scripts/lifelong_slam_params.yaml --params-file /tmp/launch_params_u28nfoc8"
2026-09-25T13:29:19Z,75,"noiseF1_20260925T132529Z",592872,"component_conta",46.3,166800,146709,"/opt/ros/jazzy/lib/rclcpp_components/component_container_isolated --ros-args --log-level info --ros-args -r __node:=nav2_container --params-file /tmp/launch_params_f3kff4o9 --params-file /tmp/launch_params_qbgeiakg -r /tf:=tf -r /tf_static:=tf_static"
2026-09-25T13:29:19Z,75,"noiseF1_20260925T132529Z",592938,"python3",6.6,82824,53835,"python3 /wt/contributions/compute-benchmark/OsakaTX/scripts/nav_goal_seq.py --x 4 --y 4 --yaw 0 --every 22.0 --pause 2.0 --cancel --repeats 0"
2026-09-25T13:29:19Z,75,"noiseF1_20260925T132529Z",592983,"bash",0.5,4556,1361,"bash /wt/contributions/compute-benchmark/xbattlax/scripts/measure_ros_processes.sh --pattern python3|ros2|slam|nav2|component_container|nav_goal_seq --duration 380 --interval 2 --label noiseF1_20260925T132529Z --output /wt/contributions/compute-benchmark/OsakaTX/scripts/../results/combo2/noiseF1_20260925T132529Z.csv"
2026-09-25T13:29:22Z,76,"noiseF1_20260925T132529Z",408070,"python3",0.1,74808,47258,"/usr/bin/python3 -c from ros2cli.daemon.daemonize import main; main() --name ros2-daemon --ros-domain-id 0 --rmw-implementation rmw_fastrtps_cpp"
2026-09-25T13:29:22Z,76,"noiseF1_20260925T132529Z",592803,"python3",5.6,77360,48500,"python3 /wt/contributions/compute-benchmark/OsakaTX/scripts/synthetic_scan_publisher.py --duration 490 --loop-s 40 --hz 5.0 --noise 0.05"
2026-09-25T13:29:22Z,76,"noiseF1_20260925T132529Z",592819,"ros2",0.7,79028,50951,"/usr/bin/python3 /opt/ros/jazzy/bin/ros2 launch /wt/contributions/compute-benchmark/OsakaTX/scripts/lifelong_launch.py slam_params_file:=/wt/contributions/compute-benchmark/OsakaTX/scripts/lifelong_slam_params.yaml use_sim_time:=False autostart:=true"
2026-09-25T13:29:22Z,76,"noiseF1_20260925T132529Z",592820,"ros2",0.7,83528,55457,"/usr/bin/python3 /opt/ros/jazzy/bin/ros2 launch nav2_bringup bringup_launch.py map:=/wt/contributions/compute-benchmark/OsakaTX/scripts/../results/combo2/combo2_nav2_map.yaml params_file:=/wt/contributions/compute-benchmark/OsakaTX/scripts/nav2_params_bench.yaml use_sim_time:=False autostart:=True slam:=False use_localization:=False"
2026-09-25T13:29:22Z,76,"noiseF1_20260925T132529Z",592839,"lifelong_slam_t",91.9,71928,51848,"/opt/ros/jazzy/lib/slam_toolbox/lifelong_slam_toolbox_node --ros-args -r __node:=slam_toolbox -r __ns:=/ --params-file /wt/contributions/compute-benchmark/OsakaTX/scripts/lifelong_slam_params.yaml --params-file /tmp/launch_params_u28nfoc8"
2026-09-25T13:29:22Z,76,"noiseF1_20260925T132529Z",592872,"component_conta",46.4,166816,146725,"/opt/ros/jazzy/lib/rclcpp_components/component_container_isolated --ros-args --log-level info --ros-args -r __node:=nav2_container --params-file /tmp/launch_params_f3kff4o9 --params-file /tmp/launch_params_qbgeiakg -r /tf:=tf -r /tf_static:=tf_static"
2026-09-25T13:29:22Z,76,"noiseF1_20260925T132529Z",592938,"python3",6.7,82824,53833,"python3 /wt/contributions/compute-benchmark/OsakaTX/scripts/nav_goal_seq.py --x 4 --y 4 --yaw 0 --every 22.0 --pause 2.0 --cancel --repeats 0"
2026-09-25T13:29:22Z,76,"noiseF1_20260925T132529Z",592983,"bash",0.5,4556,1357,"bash /wt/contributions/compute-benchmark/xbattlax/scripts/measure_ros_processes.sh --pattern python3|ros2|slam|nav2|component_container|nav_goal_seq --duration 380 --interval 2 --label noiseF1_20260925T132529Z --output /wt/contributions/compute-benchmark/OsakaTX/scripts/../results/combo2/noiseF1_20260925T132529Z.csv"
2026-09-25T13:29:24Z,77,"noiseF1_20260925T132529Z",408070,"python3",0.1,74808,47260,"/usr/bin/python3 -c from ros2cli.daemon.daemonize import main; main() --name ros2-daemon --ros-domain-id 0 --rmw-implementation rmw_fastrtps_cpp"
2026-09-25T13:29:24Z,77,"noiseF1_20260925T132529Z",592803,"python3",5.6,77360,48498,"python3 /wt/contributions/compute-benchmark/OsakaTX/scripts/synthetic_scan_publisher.py --duration 490 --loop-s 40 --hz 5.0 --noise 0.05"
2026-09-25T13:29:24Z,77,"noiseF1_20260925T132529Z",592819,"ros2",0.7,79028,50950,"/usr/bin/python3 /opt/ros/jazzy/bin/ros2 launch /wt/contributions/compute-benchmark/OsakaTX/scripts/lifelong_launch.py slam_params_file:=/wt/contributions/compute-benchmark/OsakaTX/scripts/lifelong_slam_params.yaml use_sim_time:=False autostart:=true"
2026-09-25T13:29:24Z,77,"noiseF1_20260925T132529Z",592820,"ros2",0.7,83528,55457,"/usr/bin/python3 /opt/ros/jazzy/bin/ros2 launch nav2_bringup bringup_launch.py map:=/wt/contributions/compute-benchmark/OsakaTX/scripts/../results/combo2/combo2_nav2_map.yaml params_file:=/wt/contributions/compute-benchmark/OsakaTX/scripts/nav2_params_bench.yaml use_sim_time:=False autostart:=True slam:=False use_localization:=False"
2026-09-25T13:29:24Z,77,"noiseF1_20260925T132529Z",592839,"lifelong_slam_t",91.9,71928,51848,"/opt/ros/jazzy/lib/slam_toolbox/lifelong_slam_toolbox_node --ros-args -r __node:=slam_toolbox -r __ns:=/ --params-file /wt/contributions/compute-benchmark/OsakaTX/scripts/lifelong_slam_params.yaml --params-file /tmp/launch_params_u28nfoc8"
2026-09-25T13:29:24Z,77,"noiseF1_20260925T132529Z",592872,"component_conta",46.3,165692,145600,"/opt/ros/jazzy/lib/rclcpp_components/component_container_isolated --ros-args --log-level info --ros-args -r __node:=nav2_container --params-file /tmp/launch_params_f3kff4o9 --params-file /tmp/launch_params_qbgeiakg -r /tf:=tf -r /tf_static:=tf_static"
2026-09-25T13:29:24Z,77,"noiseF1_20260925T132529Z",592938,"python3",6.6,82824,53836,"python3 /wt/contributions/compute-benchmark/OsakaTX/scripts/nav_goal_seq.py --x 4 --y 4 --yaw 0 --every 22.0 --pause 2.0 --cancel --repeats 0"
2026-09-25T13:29:24Z,77,"noiseF1_20260925T132529Z",592983,"bash",0.5,4556,1355,"bash /wt/contributions/compute-benchmark/xbattlax/scripts/measure_ros_processes.sh --pattern python3|ros2|slam|nav2|component_container|nav_goal_seq --duration 380 --interval 2 --label noiseF1_20260925T132529Z --output /wt/contributions/compute-benchmark/OsakaTX/scripts/../results/combo2/noiseF1_20260925T132529Z.csv"
2026-09-25T13:29:27Z,78,"noiseF1_20260925T132529Z",408070,"python3",0.1,74808,47260,"/usr/bin/python3 -c from ros2cli.daemon.daemonize import main; main() --name ros2-daemon --ros-domain-id 0 --rmw-implementation rmw_fastrtps_cpp"
2026-09-25T13:29:27Z,78,"noiseF1_20260925T132529Z",592803,"python3",5.6,77360,48489,"python3 /wt/contributions/compute-benchmark/OsakaTX/scripts/synthetic_scan_publisher.py --duration 490 --loop-s 40 --hz 5.0 --noise 0.05"
2026-09-25T13:29:27Z,78,"noiseF1_20260925T132529Z",592819,"ros2",0.7,79028,50950,"/usr/bin/python3 /opt/ros/jazzy/bin/ros2 launch /wt/contributions/compute-benchmark/OsakaTX/scripts/lifelong_launch.py slam_params_file:=/wt/contributions/compute-benchmark/OsakaTX/scripts/lifelong_slam_params.yaml use_sim_time:=False autostart:=true"
2026-09-25T13:29:27Z,78,"noiseF1_20260925T132529Z",592820,"ros2",0.7,83528,55453,"/usr/bin/python3 /opt/ros/jazzy/bin/ros2 launch nav2_bringup bringup_launch.py map:=/wt/contributions/compute-benchmark/OsakaTX/scripts/../results/combo2/combo2_nav2_map.yaml params_file:=/wt/contributions/compute-benchmark/OsakaTX/scripts/nav2_params_bench.yaml use_sim_time:=False autostart:=True slam:=False use_localization:=False"
2026-09-25T13:29:27Z,78,"noiseF1_20260925T132529Z",592839,"lifelong_slam_t",92.3,71928,51849,"/opt/ros/jazzy/lib/slam_toolbox/lifelong_slam_toolbox_node --ros-args -r __node:=slam_toolbox -r __ns:=/ --params-file /wt/contributions/compute-benchmark/OsakaTX/scripts/lifelong_slam_params.yaml --params-file /tmp/launch_params_u28nfoc8"
2026-09-25T13:29:27Z,78,"noiseF1_20260925T132529Z",592872,"component_conta",46.3,166160,146061,"/opt/ros/jazzy/lib/rclcpp_components/component_container_isolated --ros-args --log-level info --ros-args -r __node:=nav2_container --params-file /tmp/launch_params_f3kff4o9 --params-file /tmp/launch_params_qbgeiakg -r /tf:=tf -r /tf_static:=tf_static"
2026-09-25T13:29:27Z,78,"noiseF1_20260925T132529Z",592938,"python3",6.6,82824,53835,"python3 /wt/contributions/compute-benchmark/OsakaTX/scripts/nav_goal_seq.py --x 4 --y 4 --yaw 0 --every 22.0 --pause 2.0 --cancel --repeats 0"
2026-09-25T13:29:27Z,78,"noiseF1_20260925T132529Z",592983,"bash",0.5,4556,1353,"bash /wt/contributions/compute-benchmark/xbattlax/scripts/measure_ros_processes.sh --pattern python3|ros2|slam|nav2|component_container|nav_goal_seq --duration 380 --interval 2 --label noiseF1_20260925T132529Z --output /wt/contributions/compute-benchmark/OsakaTX/scripts/../results/combo2/noiseF1_20260925T132529Z.csv"
2026-09-25T13:29:29Z,79,"noiseF1_20260925T132529Z",408070,"python3",0.1,74808,47256,"/usr/bin/python3 -c from ros2cli.daemon.daemonize import main; main() --name ros2-daemon --ros-domain-id 0 --rmw-implementation rmw_fastrtps_cpp"
2026-09-25T13:29:29Z,79,"noiseF1_20260925T132529Z",592803,"python3",5.6,77360,48501,"python3 /wt/contributions/compute-benchmark/OsakaTX/scripts/synthetic_scan_publisher.py --duration 490 --loop-s 40 --hz 5.0 --noise 0.05"
2026-09-25T13:29:29Z,79,"noiseF1_20260925T132529Z",592819,"ros2",0.7,79028,50949,"/usr/bin/python3 /opt/ros/jazzy/bin/ros2 launch /wt/contributions/compute-benchmark/OsakaTX/scripts/lifelong_launch.py slam_params_file:=/wt/contributions/compute-benchmark/OsakaTX/scripts/lifelong_slam_params.yaml use_sim_time:=False autostart:=true"
2026-09-25T13:29:29Z,79,"noiseF1_20260925T132529Z",592820,"ros2",0.7,83528,55453,"/usr/bin/python3 /opt/ros/jazzy/bin/ros2 launch nav2_bringup bringup_launch.py map:=/wt/contributions/compute-benchmark/OsakaTX/scripts/../results/combo2/combo2_nav2_map.yaml params_file:=/wt/contributions/compute-benchmark/OsakaTX/scripts/nav2_params_bench.yaml use_sim_time:=False autostart:=True slam:=False use_localization:=False"
2026-09-25T13:29:29Z,79,"noiseF1_20260925T132529Z",592839,"lifelong_slam_t",92.5,71928,51849,"/opt/ros/jazzy/lib/slam_toolbox/lifelong_slam_toolbox_node --ros-args -r __node:=slam_toolbox -r __ns:=/ --params-file /wt/contributions/compute-benchmark/OsakaTX/scripts/lifelong_slam_params.yaml --params-file /tmp/launch_params_u28nfoc8"
2026-09-25T13:29:29Z,79,"noiseF1_20260925T132529Z",592872,"component_conta",46.3,166152,146061,"/opt/ros/jazzy/lib/rclcpp_components/component_container_isolated --ros-args --log-level info --ros-args -r __node:=nav2_container --params-file /tmp/launch_params_f3kff4o9 --params-file /tmp/launch_params_qbgeiakg -r /tf:=tf -r /tf_static:=tf_static"
2026-09-25T13:29:29Z,79,"noiseF1_20260925T132529Z",592938,"python3",6.6,82824,53834,"python3 /wt/contributions/compute-benchmark/OsakaTX/scripts/nav_goal_seq.py --x 4 --y 4 --yaw 0 --every 22.0 --pause 2.0 --cancel --repeats 0"
2026-09-25T13:29:29Z,79,"noiseF1_20260925T132529Z",592983,"bash",0.5,4556,1355,"bash /wt/contributions/compute-benchmark/xbattlax/scripts/measure_ros_processes.sh --pattern python3|ros2|slam|nav2|component_container|nav_goal_seq --duration 380 --interval 2 --label noiseF1_20260925T132529Z --output /wt/contributions/compute-benchmark/OsakaTX/scripts/../results/combo2/noiseF1_20260925T132529Z.csv"
2026-09-25T13:29:32Z,80,"noiseF1_20260925T132529Z",408070,"python3",0.1,74808,47260,"/usr/bin/python3 -c from ros2cli.daemon.daemonize import main; main() --name ros2-daemon --ros-domain-id 0 --rmw-implementation rmw_fastrtps_cpp"
2026-09-25T13:29:32Z,80,"noiseF1_20260925T132529Z",592803,"python3",5.6,77360,48490,"python3 /wt/contributions/compute-benchmark/OsakaTX/scripts/synthetic_scan_publisher.py --duration 490 --loop-s 40 --hz 5.0 --noise 0.05"
2026-09-25T13:29:32Z,80,"noiseF1_20260925T132529Z",592819,"ros2",0.7,79028,50947,"/usr/bin/python3 /opt/ros/jazzy/bin/ros2 launch /wt/contributions/compute-benchmark/OsakaTX/scripts/lifelong_launch.py slam_params_file:=/wt/contributions/compute-benchmark/OsakaTX/scripts/lifelong_slam_params.yaml use_sim_time:=False autostart:=true"
2026-09-25T13:29:32Z,80,"noiseF1_20260925T132529Z",592820,"ros2",0.7,83528,55458,"/usr/bin/python3 /opt/ros/jazzy/bin/ros2 launch nav2_bringup bringup_launch.py map:=/wt/contributions/compute-benchmark/OsakaTX/scripts/../results/combo2/combo2_nav2_map.yaml params_file:=/wt/contributions/compute-benchmark/OsakaTX/scripts/nav2_params_bench.yaml use_sim_time:=False autostart:=True slam:=False use_localization:=False"
2026-09-25T13:29:32Z,80,"noiseF1_20260925T132529Z",592839,"lifelong_slam_t",92.5,71928,51849,"/opt/ros/jazzy/lib/slam_toolbox/lifelong_slam_toolbox_node --ros-args -r __node:=slam_toolbox -r __ns:=/ --params-file /wt/contributions/compute-benchmark/OsakaTX/scripts/lifelong_slam_params.yaml --params-file /tmp/launch_params_u28nfoc8"
2026-09-25T13:29:32Z,80,"noiseF1_20260925T132529Z",592872,"component_conta",46.4,168900,148809,"/opt/ros/jazzy/lib/rclcpp_components/component_container_isolated --ros-args --log-level info --ros-args -r __node:=nav2_container --params-file /tmp/launch_params_f3kff4o9 --params-file /tmp/launch_params_qbgeiakg -r /tf:=tf -r /tf_static:=tf_static"
2026-09-25T13:29:32Z,80,"noiseF1_20260925T132529Z",592938,"python3",6.6,82824,53835,"python3 /wt/contributions/compute-benchmark/OsakaTX/scripts/nav_goal_seq.py --x 4 --y 4 --yaw 0 --every 22.0 --pause 2.0 --cancel --repeats 0"
2026-09-25T13:29:32Z,80,"noiseF1_20260925T132529Z",592983,"bash",0.5,4556,1355,"bash /wt/contributions/compute-benchmark/xbattlax/scripts/measure_ros_processes.sh --pattern python3|ros2|slam|nav2|component_container|nav_goal_seq --duration 380 --interval 2 --label noiseF1_20260925T132529Z --output /wt/contributions/compute-benchmark/OsakaTX/scripts/../results/combo2/noiseF1_20260925T132529Z.csv"
2026-09-25T13:29:34Z,81,"noiseF1_20260925T132529Z",408070,"python3",0.1,74808,47260,"/usr/bin/python3 -c from ros2cli.daemon.daemonize import main; main() --name ros2-daemon --ros-domain-id 0 --rmw-implementation rmw_fastrtps_cpp"
2026-09-25T13:29:34Z,81,"noiseF1_20260925T132529Z",592803,"python3",5.6,77360,48494,"python3 /wt/contributions/compute-benchmark/OsakaTX/scripts/synthetic_scan_publisher.py --duration 490 --loop-s 40 --hz 5.0 --noise 0.05"
2026-09-25T13:29:34Z,81,"noiseF1_20260925T132529Z",592819,"ros2",0.7,79032,50953,"/usr/bin/python3 /opt/ros/jazzy/bin/ros2 launch /wt/contributions/compute-benchmark/OsakaTX/scripts/lifelong_launch.py slam_params_file:=/wt/contributions/compute-benchmark/OsakaTX/scripts/lifelong_slam_params.yaml use_sim_time:=False autostart:=true"
2026-09-25T13:29:34Z,81,"noiseF1_20260925T132529Z",592820,"ros2",0.7,83528,55457,"/usr/bin/python3 /opt/ros/jazzy/bin/ros2 launch nav2_bringup bringup_launch.py map:=/wt/contributions/compute-benchmark/OsakaTX/scripts/../results/combo2/combo2_nav2_map.yaml params_file:=/wt/contributions/compute-benchmark/OsakaTX/scripts/nav2_params_bench.yaml use_sim_time:=False autostart:=True slam:=False use_localization:=False"
2026-09-25T13:29:34Z,81,"noiseF1_20260925T132529Z",592839,"lifelong_slam_t",92.4,71928,51849,"/opt/ros/jazzy/lib/slam_toolbox/lifelong_slam_toolbox_node --ros-args -r __node:=slam_toolbox -r __ns:=/ --params-file /wt/contributions/compute-benchmark/OsakaTX/scripts/lifelong_slam_params.yaml --params-file /tmp/launch_params_u28nfoc8"
2026-09-25T13:29:34Z,81,"noiseF1_20260925T132529Z",592872,"component_conta",46.4,166280,146189,"/opt/ros/jazzy/lib/rclcpp_components/component_container_isolated --ros-args --log-level info --ros-args -r __node:=nav2_container --params-file /tmp/launch_params_f3kff4o9 --params-file /tmp/launch_params_qbgeiakg -r /tf:=tf -r /tf_static:=tf_static"
2026-09-25T13:29:34Z,81,"noiseF1_20260925T132529Z",592938,"python3",6.6,82824,53835,"python3 /wt/contributions/compute-benchmark/OsakaTX/scripts/nav_goal_seq.py --x 4 --y 4 --yaw 0 --every 22.0 --pause 2.0 --cancel --repeats 0"
2026-09-25T13:29:34Z,81,"noiseF1_20260925T132529Z",592983,"bash",0.5,4556,1356,"bash /wt/contributions/compute-benchmark/xbattlax/scripts/measure_ros_processes.sh --pattern python3|ros2|slam|nav2|component_container|nav_goal_seq --duration 380 --interval 2 --label noiseF1_20260925T132529Z --output /wt/contributions/compute-benchmark/OsakaTX/scripts/../results/combo2/noiseF1_20260925T132529Z.csv"
2026-09-25T13:29:36Z,82,"noiseF1_20260925T132529Z",408070,"python3",0.1,74808,47258,"/usr/bin/python3 -c from ros2cli.daemon.daemonize import main; main() --name ros2-daemon --ros-domain-id 0 --rmw-implementation rmw_fastrtps_cpp"
2026-09-25T13:29:36Z,82,"noiseF1_20260925T132529Z",592803,"python3",5.6,77360,48491,"python3 /wt/contributions/compute-benchmark/OsakaTX/scripts/synthetic_scan_publisher.py --duration 490 --loop-s 40 --hz 5.0 --noise 0.05"
2026-09-25T13:29:36Z,82,"noiseF1_20260925T132529Z",592819,"ros2",0.7,79036,50957,"/usr/bin/python3 /opt/ros/jazzy/bin/ros2 launch /wt/contributions/compute-benchmark/OsakaTX/scripts/lifelong_launch.py slam_params_file:=/wt/contributions/compute-benchmark/OsakaTX/scripts/lifelong_slam_params.yaml use_sim_time:=False autostart:=true"
2026-09-25T13:29:36Z,82,"noiseF1_20260925T132529Z",592820,"ros2",0.7,83528,55457,"/usr/bin/python3 /opt/ros/jazzy/bin/ros2 launch nav2_bringup bringup_launch.py map:=/wt/contributions/compute-benchmark/OsakaTX/scripts/../results/combo2/combo2_nav2_map.yaml params_file:=/wt/contributions/compute-benchmark/OsakaTX/scripts/nav2_params_bench.yaml use_sim_time:=False autostart:=True slam:=False use_localization:=False"
2026-09-25T13:29:36Z,82,"noiseF1_20260925T132529Z",592839,"lifelong_slam_t",92.3,71928,51847,"/opt/ros/jazzy/lib/slam_toolbox/lifelong_slam_toolbox_node --ros-args -r __node:=slam_toolbox -r __ns:=/ --params-file /wt/contributions/compute-benchmark/OsakaTX/scripts/lifelong_slam_params.yaml --params-file /tmp/launch_params_u28nfoc8"
2026-09-25T13:29:36Z,82,"noiseF1_20260925T132529Z",592872,"component_conta",46.5,166280,146188,"/opt/ros/jazzy/lib/rclcpp_components/component_container_isolated --ros-args --log-level info --ros-args -r __node:=nav2_container --params-file /tmp/launch_params_f3kff4o9 --params-file /tmp/launch_params_qbgeiakg -r /tf:=tf -r /tf_static:=tf_static"
2026-09-25T13:29:36Z,82,"noiseF1_20260925T132529Z",592938,"python3",6.6,82824,53835,"python3 /wt/contributions/compute-benchmark/OsakaTX/scripts/nav_goal_seq.py --x 4 --y 4 --yaw 0 --every 22.0 --pause 2.0 --cancel --repeats 0"
2026-09-25T13:29:36Z,82,"noiseF1_20260925T132529Z",592983,"bash",0.5,4556,1355,"bash /wt/contributions/compute-benchmark/xbattlax/scripts/measure_ros_processes.sh --pattern python3|ros2|slam|nav2|component_container|nav_goal_seq --duration 380 --interval 2 --label noiseF1_20260925T132529Z --output /wt/contributions/compute-benchmark/OsakaTX/scripts/../results/combo2/noiseF1_20260925T132529Z.csv"
2026-09-25T13:29:39Z,83,"noiseF1_20260925T132529Z",408070,"python3",0.1,74808,47257,"/usr/bin/python3 -c from ros2cli.daemon.daemonize import main; main() --name ros2-daemon --ros-domain-id 0 --rmw-implementation rmw_fastrtps_cpp"
2026-09-25T13:29:39Z,83,"noiseF1_20260925T132529Z",592803,"python3",5.6,77360,48499,"python3 /wt/contributions/compute-benchmark/OsakaTX/scripts/synthetic_scan_publisher.py --duration 490 --loop-s 40 --hz 5.0 --noise 0.05"
2026-09-25T13:29:39Z,83,"noiseF1_20260925T132529Z",592819,"ros2",0.7,79036,50954,"/usr/bin/python3 /opt/ros/jazzy/bin/ros2 launch /wt/contributions/compute-benchmark/OsakaTX/scripts/lifelong_launch.py slam_params_file:=/wt/contributions/compute-benchmark/OsakaTX/scripts/lifelong_slam_params.yaml use_sim_time:=False autostart:=true"
2026-09-25T13:29:39Z,83,"noiseF1_20260925T132529Z",592820,"ros2",0.7,83528,55457,"/usr/bin/python3 /opt/ros/jazzy/bin/ros2 launch nav2_bringup bringup_launch.py map:=/wt/contributions/compute-benchmark/OsakaTX/scripts/../results/combo2/combo2_nav2_map.yaml params_file:=/wt/contributions/compute-benchmark/OsakaTX/scripts/nav2_params_bench.yaml use_sim_time:=False autostart:=True slam:=False use_localization:=False"
2026-09-25T13:29:39Z,83,"noiseF1_20260925T132529Z",592839,"lifelong_slam_t",92.0,71928,51849,"/opt/ros/jazzy/lib/slam_toolbox/lifelong_slam_toolbox_node --ros-args -r __node:=slam_toolbox -r __ns:=/ --params-file /wt/contributions/compute-benchmark/OsakaTX/scripts/lifelong_slam_params.yaml --params-file /tmp/launch_params_u28nfoc8"
2026-09-25T13:29:39Z,83,"noiseF1_20260925T132529Z",592872,"component_conta",46.5,166280,146188,"/opt/ros/jazzy/lib/rclcpp_components/component_container_isolated --ros-args --log-level info --ros-args -r __node:=nav2_container --params-file /tmp/launch_params_f3kff4o9 --params-file /tmp/launch_params_qbgeiakg -r /tf:=tf -r /tf_static:=tf_static"
2026-09-25T13:29:39Z,83,"noiseF1_20260925T132529Z",592938,"python3",6.6,82824,53835,"python3 /wt/contributions/compute-benchmark/OsakaTX/scripts/nav_goal_seq.py --x 4 --y 4 --yaw 0 --every 22.0 --pause 2.0 --cancel --repeats 0"
2026-09-25T13:29:39Z,83,"noiseF1_20260925T132529Z",592983,"bash",0.5,4556,1355,"bash /wt/contributions/compute-benchmark/xbattlax/scripts/measure_ros_processes.sh --pattern python3|ros2|slam|nav2|component_container|nav_goal_seq --duration 380 --interval 2 --label noiseF1_20260925T132529Z --output /wt/contributions/compute-benchmark/OsakaTX/scripts/../results/combo2/noiseF1_20260925T132529Z.csv"
2026-09-25T13:29:41Z,84,"noiseF1_20260925T132529Z",408070,"python3",0.1,74808,47260,"/usr/bin/python3 -c from ros2cli.daemon.daemonize import main; main() --name ros2-daemon --ros-domain-id 0 --rmw-implementation rmw_fastrtps_cpp"
2026-09-25T13:29:41Z,84,"noiseF1_20260925T132529Z",592803,"python3",5.6,77360,48501,"python3 /wt/contributions/compute-benchmark/OsakaTX/scripts/synthetic_scan_publisher.py --duration 490 --loop-s 40 --hz 5.0 --noise 0.05"
2026-09-25T13:29:41Z,84,"noiseF1_20260925T132529Z",592819,"ros2",0.7,79036,50957,"/usr/bin/python3 /opt/ros/jazzy/bin/ros2 launch /wt/contributions/compute-benchmark/OsakaTX/scripts/lifelong_launch.py slam_params_file:=/wt/contributions/compute-benchmark/OsakaTX/scripts/lifelong_slam_params.yaml use_sim_time:=False autostart:=true"
2026-09-25T13:29:41Z,84,"noiseF1_20260925T132529Z",592820,"ros2",0.7,83528,55449,"/usr/bin/python3 /opt/ros/jazzy/bin/ros2 launch nav2_bringup bringup_launch.py map:=/wt/contributions/compute-benchmark/OsakaTX/scripts/../results/combo2/combo2_nav2_map.yaml params_file:=/wt/contributions/compute-benchmark/OsakaTX/scripts/nav2_params_bench.yaml use_sim_time:=False autostart:=True slam:=False use_localization:=False"
2026-09-25T13:29:41Z,84,"noiseF1_20260925T132529Z",592839,"lifelong_slam_t",92.0,71928,51849,"/opt/ros/jazzy/lib/slam_toolbox/lifelong_slam_toolbox_node --ros-args -r __node:=slam_toolbox -r __ns:=/ --params-file /wt/contributions/compute-benchmark/OsakaTX/scripts/lifelong_slam_params.yaml --params-file /tmp/launch_params_u28nfoc8"
2026-09-25T13:29:41Z,84,"noiseF1_20260925T132529Z",592872,"component_conta",46.5,166280,146188,"/opt/ros/jazzy/lib/rclcpp_components/component_container_isolated --ros-args --log-level info --ros-args -r __node:=nav2_container --params-file /tmp/launch_params_f3kff4o9 --params-file /tmp/launch_params_qbgeiakg -r /tf:=tf -r /tf_static:=tf_static"
2026-09-25T13:29:41Z,84,"noiseF1_20260925T132529Z",592938,"python3",6.6,82824,53834,"python3 /wt/contributions/compute-benchmark/OsakaTX/scripts/nav_goal_seq.py --x 4 --y 4 --yaw 0 --every 22.0 --pause 2.0 --cancel --repeats 0"
2026-09-25T13:29:41Z,84,"noiseF1_20260925T132529Z",592983,"bash",0.5,4556,1361,"bash /wt/contributions/compute-benchmark/xbattlax/scripts/measure_ros_processes.sh --pattern python3|ros2|slam|nav2|component_container|nav_goal_seq --duration 380 --interval 2 --label noiseF1_20260925T132529Z --output /wt/contributions/compute-benchmark/OsakaTX/scripts/../results/combo2/noiseF1_20260925T132529Z.csv"
2026-09-25T13:29:44Z,85,"noiseF1_20260925T132529Z",408070,"python3",0.1,74808,47260,"/usr/bin/python3 -c from ros2cli.daemon.daemonize import main; main() --name ros2-daemon --ros-domain-id 0 --rmw-implementation rmw_fastrtps_cpp"
2026-09-25T13:29:44Z,85,"noiseF1_20260925T132529Z",592803,"python3",5.6,77360,48492,"python3 /wt/contributions/compute-benchmark/OsakaTX/scripts/synthetic_scan_publisher.py --duration 490 --loop-s 40 --hz 5.0 --noise 0.05"
2026-09-25T13:29:44Z,85,"noiseF1_20260925T132529Z",592819,"ros2",0.7,79036,50953,"/usr/bin/python3 /opt/ros/jazzy/bin/ros2 launch /wt/contributions/compute-benchmark/OsakaTX/scripts/lifelong_launch.py slam_params_file:=/wt/contributions/compute-benchmark/OsakaTX/scripts/lifelong_slam_params.yaml use_sim_time:=False autostart:=true"
2026-09-25T13:29:44Z,85,"noiseF1_20260925T132529Z",592820,"ros2",0.7,83528,55453,"/usr/bin/python3 /opt/ros/jazzy/bin/ros2 launch nav2_bringup bringup_launch.py map:=/wt/contributions/compute-benchmark/OsakaTX/scripts/../results/combo2/combo2_nav2_map.yaml params_file:=/wt/contributions/compute-benchmark/OsakaTX/scripts/nav2_params_bench.yaml use_sim_time:=False autostart:=True slam:=False use_localization:=False"
2026-09-25T13:29:44Z,85,"noiseF1_20260925T132529Z",592839,"lifelong_slam_t",92.1,71928,51849,"/opt/ros/jazzy/lib/slam_toolbox/lifelong_slam_toolbox_node --ros-args -r __node:=slam_toolbox -r __ns:=/ --params-file /wt/contributions/compute-benchmark/OsakaTX/scripts/lifelong_slam_params.yaml --params-file /tmp/launch_params_u28nfoc8"
2026-09-25T13:29:44Z,85,"noiseF1_20260925T132529Z",592872,"component_conta",46.6,166280,146188,"/opt/ros/jazzy/lib/rclcpp_components/component_container_isolated --ros-args --log-level info --ros-args -r __node:=nav2_container --params-file /tmp/launch_params_f3kff4o9 --params-file /tmp/launch_params_qbgeiakg -r /tf:=tf -r /tf_static:=tf_static"
2026-09-25T13:29:44Z,85,"noiseF1_20260925T132529Z",592938,"python3",6.6,82824,53836,"python3 /wt/contributions/compute-benchmark/OsakaTX/scripts/nav_goal_seq.py --x 4 --y 4 --yaw 0 --every 22.0 --pause 2.0 --cancel --repeats 0"
2026-09-25T13:29:44Z,85,"noiseF1_20260925T132529Z",592983,"bash",0.5,4556,1354,"bash /wt/contributions/compute-benchmark/xbattlax/scripts/measure_ros_processes.sh --pattern python3|ros2|slam|nav2|component_container|nav_goal_seq --duration 380 --interval 2 --label noiseF1_20260925T132529Z --output /wt/contributions/compute-benchmark/OsakaTX/scripts/../results/combo2/noiseF1_20260925T132529Z.csv"
2026-09-25T13:29:46Z,86,"noiseF1_20260925T132529Z",408070,"python3",0.1,74808,47256,"/usr/bin/python3 -c from ros2cli.daemon.daemonize import main; main() --name ros2-daemon --ros-domain-id 0 --rmw-implementation rmw_fastrtps_cpp"
2026-09-25T13:29:46Z,86,"noiseF1_20260925T132529Z",592803,"python3",5.6,77360,48501,"python3 /wt/contributions/compute-benchmark/OsakaTX/scripts/synthetic_scan_publisher.py --duration 490 --loop-s 40 --hz 5.0 --noise 0.05"
2026-09-25T13:29:46Z,86,"noiseF1_20260925T132529Z",592819,"ros2",0.7,79036,50955,"/usr/bin/python3 /opt/ros/jazzy/bin/ros2 launch /wt/contributions/compute-benchmark/OsakaTX/scripts/lifelong_launch.py slam_params_file:=/wt/contributions/compute-benchmark/OsakaTX/scripts/lifelong_slam_params.yaml use_sim_time:=False autostart:=true"
2026-09-25T13:29:46Z,86,"noiseF1_20260925T132529Z",592820,"ros2",0.7,83528,55457,"/usr/bin/python3 /opt/ros/jazzy/bin/ros2 launch nav2_bringup bringup_launch.py map:=/wt/contributions/compute-benchmark/OsakaTX/scripts/../results/combo2/combo2_nav2_map.yaml params_file:=/wt/contributions/compute-benchmark/OsakaTX/scripts/nav2_params_bench.yaml use_sim_time:=False autostart:=True slam:=False use_localization:=False"
2026-09-25T13:29:46Z,86,"noiseF1_20260925T132529Z",592839,"lifelong_slam_t",91.9,71996,51917,"/opt/ros/jazzy/lib/slam_toolbox/lifelong_slam_toolbox_node --ros-args -r __node:=slam_toolbox -r __ns:=/ --params-file /wt/contributions/compute-benchmark/OsakaTX/scripts/lifelong_slam_params.yaml --params-file /tmp/launch_params_u28nfoc8"
2026-09-25T13:29:46Z,86,"noiseF1_20260925T132529Z",592872,"component_conta",46.6,166280,146188,"/opt/ros/jazzy/lib/rclcpp_components/component_container_isolated --ros-args --log-level info --ros-args -r __node:=nav2_container --params-file /tmp/launch_params_f3kff4o9 --params-file /tmp/launch_params_qbgeiakg -r /tf:=tf -r /tf_static:=tf_static"
2026-09-25T13:29:46Z,86,"noiseF1_20260925T132529Z",592938,"python3",6.6,82824,53833,"python3 /wt/contributions/compute-benchmark/OsakaTX/scripts/nav_goal_seq.py --x 4 --y 4 --yaw 0 --every 22.0 --pause 2.0 --cancel --repeats 0"
2026-09-25T13:29:46Z,86,"noiseF1_20260925T132529Z",592983,"bash",0.5,4556,1355,"bash /wt/contributions/compute-benchmark/xbattlax/scripts/measure_ros_processes.sh --pattern python3|ros2|slam|nav2|component_container|nav_goal_seq --duration 380 --interval 2 --label noiseF1_20260925T132529Z --output /wt/contributions/compute-benchmark/OsakaTX/scripts/../results/combo2/noiseF1_20260925T132529Z.csv"
2026-09-25T13:29:48Z,87,"noiseF1_20260925T132529Z",408070,"python3",0.1,74808,47259,"/usr/bin/python3 -c from ros2cli.daemon.daemonize import main; main() --name ros2-daemon --ros-domain-id 0 --rmw-implementation rmw_fastrtps_cpp"
2026-09-25T13:29:48Z,87,"noiseF1_20260925T132529Z",592803,"python3",5.6,77360,48501,"python3 /wt/contributions/compute-benchmark/OsakaTX/scripts/synthetic_scan_publisher.py --duration 490 --loop-s 40 --hz 5.0 --noise 0.05"
2026-09-25T13:29:48Z,87,"noiseF1_20260925T132529Z",592819,"ros2",0.7,79036,50958,"/usr/bin/python3 /opt/ros/jazzy/bin/ros2 launch /wt/contributions/compute-benchmark/OsakaTX/scripts/lifelong_launch.py slam_params_file:=/wt/contributions/compute-benchmark/OsakaTX/scripts/lifelong_slam_params.yaml use_sim_time:=False autostart:=true"
2026-09-25T13:29:48Z,87,"noiseF1_20260925T132529Z",592820,"ros2",0.7,83528,55457,"/usr/bin/python3 /opt/ros/jazzy/bin/ros2 launch nav2_bringup bringup_launch.py map:=/wt/contributions/compute-benchmark/OsakaTX/scripts/../results/combo2/combo2_nav2_map.yaml params_file:=/wt/contributions/compute-benchmark/OsakaTX/scripts/nav2_params_bench.yaml use_sim_time:=False autostart:=True slam:=False use_localization:=False"
2026-09-25T13:29:48Z,87,"noiseF1_20260925T132529Z",592839,"lifelong_slam_t",91.8,72060,51981,"/opt/ros/jazzy/lib/slam_toolbox/lifelong_slam_toolbox_node --ros-args -r __node:=slam_toolbox -r __ns:=/ --params-file /wt/contributions/compute-benchmark/OsakaTX/scripts/lifelong_slam_params.yaml --params-file /tmp/launch_params_u28nfoc8"
2026-09-25T13:29:48Z,87,"noiseF1_20260925T132529Z",592872,"component_conta",46.5,167876,147785,"/opt/ros/jazzy/lib/rclcpp_components/component_container_isolated --ros-args --log-level info --ros-args -r __node:=nav2_container --params-file /tmp/launch_params_f3kff4o9 --params-file /tmp/launch_params_qbgeiakg -r /tf:=tf -r /tf_static:=tf_static"
2026-09-25T13:29:48Z,87,"noiseF1_20260925T132529Z",592938,"python3",6.5,82828,53840,"python3 /wt/contributions/compute-benchmark/OsakaTX/scripts/nav_goal_seq.py --x 4 --y 4 --yaw 0 --every 22.0 --pause 2.0 --cancel --repeats 0"
2026-09-25T13:29:48Z,87,"noiseF1_20260925T132529Z",592983,"bash",0.5,4556,1356,"bash /wt/contributions/compute-benchmark/xbattlax/scripts/measure_ros_processes.sh --pattern python3|ros2|slam|nav2|component_container|nav_goal_seq --duration 380 --interval 2 --label noiseF1_20260925T132529Z --output /wt/contributions/compute-benchmark/OsakaTX/scripts/../results/combo2/noiseF1_20260925T132529Z.csv"
2026-09-25T13:29:51Z,88,"noiseF1_20260925T132529Z",408070,"python3",0.1,74808,47257,"/usr/bin/python3 -c from ros2cli.daemon.daemonize import main; main() --name ros2-daemon --ros-domain-id 0 --rmw-implementation rmw_fastrtps_cpp"
2026-09-25T13:29:51Z,88,"noiseF1_20260925T132529Z",592803,"python3",5.6,77360,48500,"python3 /wt/contributions/compute-benchmark/OsakaTX/scripts/synthetic_scan_publisher.py --duration 490 --loop-s 40 --hz 5.0 --noise 0.05"
2026-09-25T13:29:51Z,88,"noiseF1_20260925T132529Z",592819,"ros2",0.7,79036,50958,"/usr/bin/python3 /opt/ros/jazzy/bin/ros2 launch /wt/contributions/compute-benchmark/OsakaTX/scripts/lifelong_launch.py slam_params_file:=/wt/contributions/compute-benchmark/OsakaTX/scripts/lifelong_slam_params.yaml use_sim_time:=False autostart:=true"
2026-09-25T13:29:51Z,88,"noiseF1_20260925T132529Z",592820,"ros2",0.7,83528,55458,"/usr/bin/python3 /opt/ros/jazzy/bin/ros2 launch nav2_bringup bringup_launch.py map:=/wt/contributions/compute-benchmark/OsakaTX/scripts/../results/combo2/combo2_nav2_map.yaml params_file:=/wt/contributions/compute-benchmark/OsakaTX/scripts/nav2_params_bench.yaml use_sim_time:=False autostart:=True slam:=False use_localization:=False"
2026-09-25T13:29:51Z,88,"noiseF1_20260925T132529Z",592839,"lifelong_slam_t",92.1,72064,51984,"/opt/ros/jazzy/lib/slam_toolbox/lifelong_slam_toolbox_node --ros-args -r __node:=slam_toolbox -r __ns:=/ --params-file /wt/contributions/compute-benchmark/OsakaTX/scripts/lifelong_slam_params.yaml --params-file /tmp/launch_params_u28nfoc8"
2026-09-25T13:29:51Z,88,"noiseF1_20260925T132529Z",592872,"component_conta",46.5,168212,148120,"/opt/ros/jazzy/lib/rclcpp_components/component_container_isolated --ros-args --log-level info --ros-args -r __node:=nav2_container --params-file /tmp/launch_params_f3kff4o9 --params-file /tmp/launch_params_qbgeiakg -r /tf:=tf -r /tf_static:=tf_static"
2026-09-25T13:29:51Z,88,"noiseF1_20260925T132529Z",592938,"python3",6.6,82832,53843,"python3 /wt/contributions/compute-benchmark/OsakaTX/scripts/nav_goal_seq.py --x 4 --y 4 --yaw 0 --every 22.0 --pause 2.0 --cancel --repeats 0"
2026-09-25T13:29:51Z,88,"noiseF1_20260925T132529Z",592983,"bash",0.5,4556,1357,"bash /wt/contributions/compute-benchmark/xbattlax/scripts/measure_ros_processes.sh --pattern python3|ros2|slam|nav2|component_container|nav_goal_seq --duration 380 --interval 2 --label noiseF1_20260925T132529Z --output /wt/contributions/compute-benchmark/OsakaTX/scripts/../results/combo2/noiseF1_20260925T132529Z.csv"
2026-09-25T13:29:53Z,89,"noiseF1_20260925T132529Z",408070,"python3",0.1,74808,47260,"/usr/bin/python3 -c from ros2cli.daemon.daemonize import main; main() --name ros2-daemon --ros-domain-id 0 --rmw-implementation rmw_fastrtps_cpp"
2026-09-25T13:29:53Z,89,"noiseF1_20260925T132529Z",592803,"python3",5.6,77360,48499,"python3 /wt/contributions/compute-benchmark/OsakaTX/scripts/synthetic_scan_publisher.py --duration 490 --loop-s 40 --hz 5.0 --noise 0.05"
2026-09-25T13:29:53Z,89,"noiseF1_20260925T132529Z",592819,"ros2",0.7,79036,50957,"/usr/bin/python3 /opt/ros/jazzy/bin/ros2 launch /wt/contributions/compute-benchmark/OsakaTX/scripts/lifelong_launch.py slam_params_file:=/wt/contributions/compute-benchmark/OsakaTX/scripts/lifelong_slam_params.yaml use_sim_time:=False autostart:=true"
2026-09-25T13:29:53Z,89,"noiseF1_20260925T132529Z",592820,"ros2",0.7,83528,55457,"/usr/bin/python3 /opt/ros/jazzy/bin/ros2 launch nav2_bringup bringup_launch.py map:=/wt/contributions/compute-benchmark/OsakaTX/scripts/../results/combo2/combo2_nav2_map.yaml params_file:=/wt/contributions/compute-benchmark/OsakaTX/scripts/nav2_params_bench.yaml use_sim_time:=False autostart:=True slam:=False use_localization:=False"
2026-09-25T13:29:53Z,89,"noiseF1_20260925T132529Z",592839,"lifelong_slam_t",91.9,72136,52055,"/opt/ros/jazzy/lib/slam_toolbox/lifelong_slam_toolbox_node --ros-args -r __node:=slam_toolbox -r __ns:=/ --params-file /wt/contributions/compute-benchmark/OsakaTX/scripts/lifelong_slam_params.yaml --params-file /tmp/launch_params_u28nfoc8"
2026-09-25T13:29:53Z,89,"noiseF1_20260925T132529Z",592872,"component_conta",46.6,168212,148120,"/opt/ros/jazzy/lib/rclcpp_components/component_container_isolated --ros-args --log-level info --ros-args -r __node:=nav2_container --params-file /tmp/launch_params_f3kff4o9 --params-file /tmp/launch_params_qbgeiakg -r /tf:=tf -r /tf_static:=tf_static"
2026-09-25T13:29:53Z,89,"noiseF1_20260925T132529Z",592938,"python3",6.6,82832,53841,"python3 /wt/contributions/compute-benchmark/OsakaTX/scripts/nav_goal_seq.py --x 4 --y 4 --yaw 0 --every 22.0 --pause 2.0 --cancel --repeats 0"
2026-09-25T13:29:53Z,89,"noiseF1_20260925T132529Z",592983,"bash",0.5,4556,1357,"bash /wt/contributions/compute-benchmark/xbattlax/scripts/measure_ros_processes.sh --pattern python3|ros2|slam|nav2|component_container|nav_goal_seq --duration 380 --interval 2 --label noiseF1_20260925T132529Z --output /wt/contributions/compute-benchmark/OsakaTX/scripts/../results/combo2/noiseF1_20260925T132529Z.csv"
2026-09-25T13:29:56Z,90,"noiseF1_20260925T132529Z",408070,"python3",0.1,74808,47256,"/usr/bin/python3 -c from ros2cli.daemon.daemonize import main; main() --name ros2-daemon --ros-domain-id 0 --rmw-implementation rmw_fastrtps_cpp"
2026-09-25T13:29:56Z,90,"noiseF1_20260925T132529Z",592803,"python3",5.6,77360,48489,"python3 /wt/contributions/compute-benchmark/OsakaTX/scripts/synthetic_scan_publisher.py --duration 490 --loop-s 40 --hz 5.0 --noise 0.05"
2026-09-25T13:29:56Z,90,"noiseF1_20260925T132529Z",592819,"ros2",0.7,79036,50958,"/usr/bin/python3 /opt/ros/jazzy/bin/ros2 launch /wt/contributions/compute-benchmark/OsakaTX/scripts/lifelong_launch.py slam_params_file:=/wt/contributions/compute-benchmark/OsakaTX/scripts/lifelong_slam_params.yaml use_sim_time:=False autostart:=true"
2026-09-25T13:29:56Z,90,"noiseF1_20260925T132529Z",592820,"ros2",0.7,83528,55458,"/usr/bin/python3 /opt/ros/jazzy/bin/ros2 launch nav2_bringup bringup_launch.py map:=/wt/contributions/compute-benchmark/OsakaTX/scripts/../results/combo2/combo2_nav2_map.yaml params_file:=/wt/contributions/compute-benchmark/OsakaTX/scripts/nav2_params_bench.yaml use_sim_time:=False autostart:=True slam:=False use_localization:=False"
2026-09-25T13:29:56Z,90,"noiseF1_20260925T132529Z",592839,"lifelong_slam_t",91.8,72136,52055,"/opt/ros/jazzy/lib/slam_toolbox/lifelong_slam_toolbox_node --ros-args -r __node:=slam_toolbox -r __ns:=/ --params-file /wt/contributions/compute-benchmark/OsakaTX/scripts/lifelong_slam_params.yaml --params-file /tmp/launch_params_u28nfoc8"
2026-09-25T13:29:56Z,90,"noiseF1_20260925T132529Z",592872,"component_conta",46.6,168212,148120,"/opt/ros/jazzy/lib/rclcpp_components/component_container_isolated --ros-args --log-level info --ros-args -r __node:=nav2_container --params-file /tmp/launch_params_f3kff4o9 --params-file /tmp/launch_params_qbgeiakg -r /tf:=tf -r /tf_static:=tf_static"
2026-09-25T13:29:56Z,90,"noiseF1_20260925T132529Z",592938,"python3",6.6,82832,53844,"python3 /wt/contributions/compute-benchmark/OsakaTX/scripts/nav_goal_seq.py --x 4 --y 4 --yaw 0 --every 22.0 --pause 2.0 --cancel --repeats 0"
2026-09-25T13:29:56Z,90,"noiseF1_20260925T132529Z",592983,"bash",0.5,4556,1360,"bash /wt/contributions/compute-benchmark/xbattlax/scripts/measure_ros_processes.sh --pattern python3|ros2|slam|nav2|component_container|nav_goal_seq --duration 380 --interval 2 --label noiseF1_20260925T132529Z --output /wt/contributions/compute-benchmark/OsakaTX/scripts/../results/combo2/noiseF1_20260925T132529Z.csv"
2026-09-25T13:29:58Z,91,"noiseF1_20260925T132529Z",408070,"python3",0.1,74808,47260,"/usr/bin/python3 -c from ros2cli.daemon.daemonize import main; main() --name ros2-daemon --ros-domain-id 0 --rmw-implementation rmw_fastrtps_cpp"
2026-09-25T13:29:58Z,91,"noiseF1_20260925T132529Z",592803,"python3",5.6,77360,48493,"python3 /wt/contributions/compute-benchmark/OsakaTX/scripts/synthetic_scan_publisher.py --duration 490 --loop-s 40 --hz 5.0 --noise 0.05"
2026-09-25T13:29:58Z,91,"noiseF1_20260925T132529Z",592819,"ros2",0.7,79036,50955,"/usr/bin/python3 /opt/ros/jazzy/bin/ros2 launch /wt/contributions/compute-benchmark/OsakaTX/scripts/lifelong_launch.py slam_params_file:=/wt/contributions/compute-benchmark/OsakaTX/scripts/lifelong_slam_params.yaml use_sim_time:=False autostart:=true"
2026-09-25T13:29:58Z,91,"noiseF1_20260925T132529Z",592820,"ros2",0.7,83528,55457,"/usr/bin/python3 /opt/ros/jazzy/bin/ros2 launch nav2_bringup bringup_launch.py map:=/wt/contributions/compute-benchmark/OsakaTX/scripts/../results/combo2/combo2_nav2_map.yaml params_file:=/wt/contributions/compute-benchmark/OsakaTX/scripts/nav2_params_bench.yaml use_sim_time:=False autostart:=True slam:=False use_localization:=False"
2026-09-25T13:29:58Z,91,"noiseF1_20260925T132529Z",592839,"lifelong_slam_t",92.0,72136,52056,"/opt/ros/jazzy/lib/slam_toolbox/lifelong_slam_toolbox_node --ros-args -r __node:=slam_toolbox -r __ns:=/ --params-file /wt/contributions/compute-benchmark/OsakaTX/scripts/lifelong_slam_params.yaml --params-file /tmp/launch_params_u28nfoc8"
2026-09-25T13:29:58Z,91,"noiseF1_20260925T132529Z",592872,"component_conta",46.7,168212,148120,"/opt/ros/jazzy/lib/rclcpp_components/component_container_isolated --ros-args --log-level info --ros-args -r __node:=nav2_container --params-file /tmp/launch_params_f3kff4o9 --params-file /tmp/launch_params_qbgeiakg -r /tf:=tf -r /tf_static:=tf_static"
2026-09-25T13:29:58Z,91,"noiseF1_20260925T132529Z",592938,"python3",6.6,82832,53842,"python3 /wt/contributions/compute-benchmark/OsakaTX/scripts/nav_goal_seq.py --x 4 --y 4 --yaw 0 --every 22.0 --pause 2.0 --cancel --repeats 0"
2026-09-25T13:29:58Z,91,"noiseF1_20260925T132529Z",592983,"bash",0.5,4556,1351,"bash /wt/contributions/compute-benchmark/xbattlax/scripts/measure_ros_processes.sh --pattern python3|ros2|slam|nav2|component_container|nav_goal_seq --duration 380 --interval 2 --label noiseF1_20260925T132529Z --output /wt/contributions/compute-benchmark/OsakaTX/scripts/../results/combo2/noiseF1_20260925T132529Z.csv"
2026-09-25T13:30:01Z,92,"noiseF1_20260925T132529Z",408070,"python3",0.1,74808,47260,"/usr/bin/python3 -c from ros2cli.daemon.daemonize import main; main() --name ros2-daemon --ros-domain-id 0 --rmw-implementation rmw_fastrtps_cpp"
2026-09-25T13:30:01Z,92,"noiseF1_20260925T132529Z",592803,"python3",5.6,77360,48501,"python3 /wt/contributions/compute-benchmark/OsakaTX/scripts/synthetic_scan_publisher.py --duration 490 --loop-s 40 --hz 5.0 --noise 0.05"
2026-09-25T13:30:01Z,92,"noiseF1_20260925T132529Z",592819,"ros2",0.7,79036,50957,"/usr/bin/python3 /opt/ros/jazzy/bin/ros2 launch /wt/contributions/compute-benchmark/OsakaTX/scripts/lifelong_launch.py slam_params_file:=/wt/contributions/compute-benchmark/OsakaTX/scripts/lifelong_slam_params.yaml use_sim_time:=False autostart:=true"
2026-09-25T13:30:01Z,92,"noiseF1_20260925T132529Z",592820,"ros2",0.6,83528,55449,"/usr/bin/python3 /opt/ros/jazzy/bin/ros2 launch nav2_bringup bringup_launch.py map:=/wt/contributions/compute-benchmark/OsakaTX/scripts/../results/combo2/combo2_nav2_map.yaml params_file:=/wt/contributions/compute-benchmark/OsakaTX/scripts/nav2_params_bench.yaml use_sim_time:=False autostart:=True slam:=False use_localization:=False"
2026-09-25T13:30:01Z,92,"noiseF1_20260925T132529Z",592839,"lifelong_slam_t",92.4,72136,52056,"/opt/ros/jazzy/lib/slam_toolbox/lifelong_slam_toolbox_node --ros-args -r __node:=slam_toolbox -r __ns:=/ --params-file /wt/contributions/compute-benchmark/OsakaTX/scripts/lifelong_slam_params.yaml --params-file /tmp/launch_params_u28nfoc8"
2026-09-25T13:30:01Z,92,"noiseF1_20260925T132529Z",592872,"component_conta",46.8,168216,148124,"/opt/ros/jazzy/lib/rclcpp_components/component_container_isolated --ros-args --log-level info --ros-args -r __node:=nav2_container --params-file /tmp/launch_params_f3kff4o9 --params-file /tmp/launch_params_qbgeiakg -r /tf:=tf -r /tf_static:=tf_static"
2026-09-25T13:30:01Z,92,"noiseF1_20260925T132529Z",592938,"python3",6.6,82832,53842,"python3 /wt/contributions/compute-benchmark/OsakaTX/scripts/nav_goal_seq.py --x 4 --y 4 --yaw 0 --every 22.0 --pause 2.0 --cancel --repeats 0"
2026-09-25T13:30:01Z,92,"noiseF1_20260925T132529Z",592983,"bash",0.5,4556,1353,"bash /wt/contributions/compute-benchmark/xbattlax/scripts/measure_ros_processes.sh --pattern python3|ros2|slam|nav2|component_container|nav_goal_seq --duration 380 --interval 2 --label noiseF1_20260925T132529Z --output /wt/contributions/compute-benchmark/OsakaTX/scripts/../results/combo2/noiseF1_20260925T132529Z.csv"
2026-09-25T13:30:03Z,93,"noiseF1_20260925T132529Z",408070,"python3",0.1,74808,47260,"/usr/bin/python3 -c from ros2cli.daemon.daemonize import main; main() --name ros2-daemon --ros-domain-id 0 --rmw-implementation rmw_fastrtps_cpp"
2026-09-25T13:30:03Z,93,"noiseF1_20260925T132529Z",592803,"python3",5.6,77360,48500,"python3 /wt/contributions/compute-benchmark/OsakaTX/scripts/synthetic_scan_publisher.py --duration 490 --loop-s 40 --hz 5.0 --noise 0.05"
2026-09-25T13:30:03Z,93,"noiseF1_20260925T132529Z",592819,"ros2",0.7,79036,50958,"/usr/bin/python3 /opt/ros/jazzy/bin/ros2 launch /wt/contributions/compute-benchmark/OsakaTX/scripts/lifelong_launch.py slam_params_file:=/wt/contributions/compute-benchmark/OsakaTX/scripts/lifelong_slam_params.yaml use_sim_time:=False autostart:=true"
2026-09-25T13:30:03Z,93,"noiseF1_20260925T132529Z",592820,"ros2",0.6,83528,55457,"/usr/bin/python3 /opt/ros/jazzy/bin/ros2 launch nav2_bringup bringup_launch.py map:=/wt/contributions/compute-benchmark/OsakaTX/scripts/../results/combo2/combo2_nav2_map.yaml params_file:=/wt/contributions/compute-benchmark/OsakaTX/scripts/nav2_params_bench.yaml use_sim_time:=False autostart:=True slam:=False use_localization:=False"
2026-09-25T13:30:03Z,93,"noiseF1_20260925T132529Z",592839,"lifelong_slam_t",92.7,72136,52056,"/opt/ros/jazzy/lib/slam_toolbox/lifelong_slam_toolbox_node --ros-args -r __node:=slam_toolbox -r __ns:=/ --params-file /wt/contributions/compute-benchmark/OsakaTX/scripts/lifelong_slam_params.yaml --params-file /tmp/launch_params_u28nfoc8"
2026-09-25T13:30:03Z,93,"noiseF1_20260925T132529Z",592872,"component_conta",46.8,168216,148124,"/opt/ros/jazzy/lib/rclcpp_components/component_container_isolated --ros-args --log-level info --ros-args -r __node:=nav2_container --params-file /tmp/launch_params_f3kff4o9 --params-file /tmp/launch_params_qbgeiakg -r /tf:=tf -r /tf_static:=tf_static"
2026-09-25T13:30:03Z,93,"noiseF1_20260925T132529Z",592938,"python3",6.6,82832,53841,"python3 /wt/contributions/compute-benchmark/OsakaTX/scripts/nav_goal_seq.py --x 4 --y 4 --yaw 0 --every 22.0 --pause 2.0 --cancel --repeats 0"
2026-09-25T13:30:03Z,93,"noiseF1_20260925T132529Z",592983,"bash",0.5,4556,1359,"bash /wt/contributions/compute-benchmark/xbattlax/scripts/measure_ros_processes.sh --pattern python3|ros2|slam|nav2|component_container|nav_goal_seq --duration 380 --interval 2 --label noiseF1_20260925T132529Z --output /wt/contributions/compute-benchmark/OsakaTX/scripts/../results/combo2/noiseF1_20260925T132529Z.csv"
2026-09-25T13:30:06Z,94,"noiseF1_20260925T132529Z",408070,"python3",0.1,74808,47257,"/usr/bin/python3 -c from ros2cli.daemon.daemonize import main; main() --name ros2-daemon --ros-domain-id 0 --rmw-implementation rmw_fastrtps_cpp"
2026-09-25T13:30:06Z,94,"noiseF1_20260925T132529Z",592803,"python3",5.6,77360,48499,"python3 /wt/contributions/compute-benchmark/OsakaTX/scripts/synthetic_scan_publisher.py --duration 490 --loop-s 40 --hz 5.0 --noise 0.05"
2026-09-25T13:30:06Z,94,"noiseF1_20260925T132529Z",592819,"ros2",0.7,79036,50951,"/usr/bin/python3 /opt/ros/jazzy/bin/ros2 launch /wt/contributions/compute-benchmark/OsakaTX/scripts/lifelong_launch.py slam_params_file:=/wt/contributions/compute-benchmark/OsakaTX/scripts/lifelong_slam_params.yaml use_sim_time:=False autostart:=true"
2026-09-25T13:30:06Z,94,"noiseF1_20260925T132529Z",592820,"ros2",0.6,83528,55458,"/usr/bin/python3 /opt/ros/jazzy/bin/ros2 launch nav2_bringup bringup_launch.py map:=/wt/contributions/compute-benchmark/OsakaTX/scripts/../results/combo2/combo2_nav2_map.yaml params_file:=/wt/contributions/compute-benchmark/OsakaTX/scripts/nav2_params_bench.yaml use_sim_time:=False autostart:=True slam:=False use_localization:=False"
2026-09-25T13:30:06Z,94,"noiseF1_20260925T132529Z",592839,"lifelong_slam_t",93.0,72140,52059,"/opt/ros/jazzy/lib/slam_toolbox/lifelong_slam_toolbox_node --ros-args -r __node:=slam_toolbox -r __ns:=/ --params-file /wt/contributions/compute-benchmark/OsakaTX/scripts/lifelong_slam_params.yaml --params-file /tmp/launch_params_u28nfoc8"
2026-09-25T13:30:06Z,94,"noiseF1_20260925T132529Z",592872,"component_conta",46.9,168216,148124,"/opt/ros/jazzy/lib/rclcpp_components/component_container_isolated --ros-args --log-level info --ros-args -r __node:=nav2_container --params-file /tmp/launch_params_f3kff4o9 --params-file /tmp/launch_params_qbgeiakg -r /tf:=tf -r /tf_static:=tf_static"
2026-09-25T13:30:06Z,94,"noiseF1_20260925T132529Z",592938,"python3",6.6,82832,53843,"python3 /wt/contributions/compute-benchmark/OsakaTX/scripts/nav_goal_seq.py --x 4 --y 4 --yaw 0 --every 22.0 --pause 2.0 --cancel --repeats 0"
2026-09-25T13:30:06Z,94,"noiseF1_20260925T132529Z",592983,"bash",0.5,4556,1359,"bash /wt/contributions/compute-benchmark/xbattlax/scripts/measure_ros_processes.sh --pattern python3|ros2|slam|nav2|component_container|nav_goal_seq --duration 380 --interval 2 --label noiseF1_20260925T132529Z --output /wt/contributions/compute-benchmark/OsakaTX/scripts/../results/combo2/noiseF1_20260925T132529Z.csv"
2026-09-25T13:30:08Z,95,"noiseF1_20260925T132529Z",408070,"python3",0.1,74808,47257,"/usr/bin/python3 -c from ros2cli.daemon.daemonize import main; main() --name ros2-daemon --ros-domain-id 0 --rmw-implementation rmw_fastrtps_cpp"
2026-09-25T13:30:08Z,95,"noiseF1_20260925T132529Z",592803,"python3",5.6,77360,48489,"python3 /wt/contributions/compute-benchmark/OsakaTX/scripts/synthetic_scan_publisher.py --duration 490 --loop-s 40 --hz 5.0 --noise 0.05"
2026-09-25T13:30:08Z,95,"noiseF1_20260925T132529Z",592819,"ros2",0.7,79036,50958,"/usr/bin/python3 /opt/ros/jazzy/bin/ros2 launch /wt/contributions/compute-benchmark/OsakaTX/scripts/lifelong_launch.py slam_params_file:=/wt/contributions/compute-benchmark/OsakaTX/scripts/lifelong_slam_params.yaml use_sim_time:=False autostart:=true"
2026-09-25T13:30:08Z,95,"noiseF1_20260925T132529Z",592820,"ros2",0.6,83528,55451,"/usr/bin/python3 /opt/ros/jazzy/bin/ros2 launch nav2_bringup bringup_launch.py map:=/wt/contributions/compute-benchmark/OsakaTX/scripts/../results/combo2/combo2_nav2_map.yaml params_file:=/wt/contributions/compute-benchmark/OsakaTX/scripts/nav2_params_bench.yaml use_sim_time:=False autostart:=True slam:=False use_localization:=False"
2026-09-25T13:30:08Z,95,"noiseF1_20260925T132529Z",592839,"lifelong_slam_t",93.2,72216,52137,"/opt/ros/jazzy/lib/slam_toolbox/lifelong_slam_toolbox_node --ros-args -r __node:=slam_toolbox -r __ns:=/ --params-file /wt/contributions/compute-benchmark/OsakaTX/scripts/lifelong_slam_params.yaml --params-file /tmp/launch_params_u28nfoc8"
2026-09-25T13:30:08Z,95,"noiseF1_20260925T132529Z",592872,"component_conta",46.9,168652,148125,"/opt/ros/jazzy/lib/rclcpp_components/component_container_isolated --ros-args --log-level info --ros-args -r __node:=nav2_container --params-file /tmp/launch_params_f3kff4o9 --params-file /tmp/launch_params_qbgeiakg -r /tf:=tf -r /tf_static:=tf_static"
2026-09-25T13:30:08Z,95,"noiseF1_20260925T132529Z",592938,"python3",6.6,82832,53843,"python3 /wt/contributions/compute-benchmark/OsakaTX/scripts/nav_goal_seq.py --x 4 --y 4 --yaw 0 --every 22.0 --pause 2.0 --cancel --repeats 0"
2026-09-25T13:30:08Z,95,"noiseF1_20260925T132529Z",592983,"bash",0.5,4556,1351,"bash /wt/contributions/compute-benchmark/xbattlax/scripts/measure_ros_processes.sh --pattern python3|ros2|slam|nav2|component_container|nav_goal_seq --duration 380 --interval 2 --label noiseF1_20260925T132529Z --output /wt/contributions/compute-benchmark/OsakaTX/scripts/../results/combo2/noiseF1_20260925T132529Z.csv"
2026-09-25T13:30:11Z,96,"noiseF1_20260925T132529Z",408070,"python3",0.1,74808,47259,"/usr/bin/python3 -c from ros2cli.daemon.daemonize import main; main() --name ros2-daemon --ros-domain-id 0 --rmw-implementation rmw_fastrtps_cpp"
2026-09-25T13:30:11Z,96,"noiseF1_20260925T132529Z",592803,"python3",5.6,77360,48501,"python3 /wt/contributions/compute-benchmark/OsakaTX/scripts/synthetic_scan_publisher.py --duration 490 --loop-s 40 --hz 5.0 --noise 0.05"
2026-09-25T13:30:11Z,96,"noiseF1_20260925T132529Z",592819,"ros2",0.7,79036,50954,"/usr/bin/python3 /opt/ros/jazzy/bin/ros2 launch /wt/contributions/compute-benchmark/OsakaTX/scripts/lifelong_launch.py slam_params_file:=/wt/contributions/compute-benchmark/OsakaTX/scripts/lifelong_slam_params.yaml use_sim_time:=False autostart:=true"
2026-09-25T13:30:11Z,96,"noiseF1_20260925T132529Z",592820,"ros2",0.6,83528,55455,"/usr/bin/python3 /opt/ros/jazzy/bin/ros2 launch nav2_bringup bringup_launch.py map:=/wt/contributions/compute-benchmark/OsakaTX/scripts/../results/combo2/combo2_nav2_map.yaml params_file:=/wt/contributions/compute-benchmark/OsakaTX/scripts/nav2_params_bench.yaml use_sim_time:=False autostart:=True slam:=False use_localization:=False"
2026-09-25T13:30:11Z,96,"noiseF1_20260925T132529Z",592839,"lifelong_slam_t",93.5,72288,52209,"/opt/ros/jazzy/lib/slam_toolbox/lifelong_slam_toolbox_node --ros-args -r __node:=slam_toolbox -r __ns:=/ --params-file /wt/contributions/compute-benchmark/OsakaTX/scripts/lifelong_slam_params.yaml --params-file /tmp/launch_params_u28nfoc8"
2026-09-25T13:30:11Z,96,"noiseF1_20260925T132529Z",592872,"component_conta",46.9,168760,148669,"/opt/ros/jazzy/lib/rclcpp_components/component_container_isolated --ros-args --log-level info --ros-args -r __node:=nav2_container --params-file /tmp/launch_params_f3kff4o9 --params-file /tmp/launch_params_qbgeiakg -r /tf:=tf -r /tf_static:=tf_static"
2026-09-25T13:30:11Z,96,"noiseF1_20260925T132529Z",592938,"python3",6.6,82832,53841,"python3 /wt/contributions/compute-benchmark/OsakaTX/scripts/nav_goal_seq.py --x 4 --y 4 --yaw 0 --every 22.0 --pause 2.0 --cancel --repeats 0"
2026-09-25T13:30:11Z,96,"noiseF1_20260925T132529Z",592983,"bash",0.5,4556,1358,"bash /wt/contributions/compute-benchmark/xbattlax/scripts/measure_ros_processes.sh --pattern python3|ros2|slam|nav2|component_container|nav_goal_seq --duration 380 --interval 2 --label noiseF1_20260925T132529Z --output /wt/contributions/compute-benchmark/OsakaTX/scripts/../results/combo2/noiseF1_20260925T132529Z.csv"
2026-09-25T13:30:13Z,97,"noiseF1_20260925T132529Z",408070,"python3",0.1,74808,47259,"/usr/bin/python3 -c from ros2cli.daemon.daemonize import main; main() --name ros2-daemon --ros-domain-id 0 --rmw-implementation rmw_fastrtps_cpp"
2026-09-25T13:30:13Z,97,"noiseF1_20260925T132529Z",592803,"python3",5.6,77360,48496,"python3 /wt/contributions/compute-benchmark/OsakaTX/scripts/synthetic_scan_publisher.py --duration 490 --loop-s 40 --hz 5.0 --noise 0.05"
2026-09-25T13:30:13Z,97,"noiseF1_20260925T132529Z",592819,"ros2",0.7,79036,50958,"/usr/bin/python3 /opt/ros/jazzy/bin/ros2 launch /wt/contributions/compute-benchmark/OsakaTX/scripts/lifelong_launch.py slam_params_file:=/wt/contributions/compute-benchmark/OsakaTX/scripts/lifelong_slam_params.yaml use_sim_time:=False autostart:=true"
2026-09-25T13:30:13Z,97,"noiseF1_20260925T132529Z",592820,"ros2",0.6,83528,55457,"/usr/bin/python3 /opt/ros/jazzy/bin/ros2 launch nav2_bringup bringup_launch.py map:=/wt/contributions/compute-benchmark/OsakaTX/scripts/../results/combo2/combo2_nav2_map.yaml params_file:=/wt/contributions/compute-benchmark/OsakaTX/scripts/nav2_params_bench.yaml use_sim_time:=False autostart:=True slam:=False use_localization:=False"
2026-09-25T13:30:13Z,97,"noiseF1_20260925T132529Z",592839,"lifelong_slam_t",93.5,72288,52209,"/opt/ros/jazzy/lib/slam_toolbox/lifelong_slam_toolbox_node --ros-args -r __node:=slam_toolbox -r __ns:=/ --params-file /wt/contributions/compute-benchmark/OsakaTX/scripts/lifelong_slam_params.yaml --params-file /tmp/launch_params_u28nfoc8"
2026-09-25T13:30:13Z,97,"noiseF1_20260925T132529Z",592872,"component_conta",46.8,167160,147068,"/opt/ros/jazzy/lib/rclcpp_components/component_container_isolated --ros-args --log-level info --ros-args -r __node:=nav2_container --params-file /tmp/launch_params_f3kff4o9 --params-file /tmp/launch_params_qbgeiakg -r /tf:=tf -r /tf_static:=tf_static"
2026-09-25T13:30:13Z,97,"noiseF1_20260925T132529Z",592938,"python3",6.6,82832,53842,"python3 /wt/contributions/compute-benchmark/OsakaTX/scripts/nav_goal_seq.py --x 4 --y 4 --yaw 0 --every 22.0 --pause 2.0 --cancel --repeats 0"
2026-09-25T13:30:13Z,97,"noiseF1_20260925T132529Z",592983,"bash",0.5,4556,1357,"bash /wt/contributions/compute-benchmark/xbattlax/scripts/measure_ros_processes.sh --pattern python3|ros2|slam|nav2|component_container|nav_goal_seq --duration 380 --interval 2 --label noiseF1_20260925T132529Z --output /wt/contributions/compute-benchmark/OsakaTX/scripts/../results/combo2/noiseF1_20260925T132529Z.csv"
2026-09-25T13:30:16Z,98,"noiseF1_20260925T132529Z",408070,"python3",0.1,74808,47260,"/usr/bin/python3 -c from ros2cli.daemon.daemonize import main; main() --name ros2-daemon --ros-domain-id 0 --rmw-implementation rmw_fastrtps_cpp"
2026-09-25T13:30:16Z,98,"noiseF1_20260925T132529Z",592803,"python3",5.6,77360,48491,"python3 /wt/contributions/compute-benchmark/OsakaTX/scripts/synthetic_scan_publisher.py --duration 490 --loop-s 40 --hz 5.0 --noise 0.05"
2026-09-25T13:30:16Z,98,"noiseF1_20260925T132529Z",592819,"ros2",0.7,79040,50962,"/usr/bin/python3 /opt/ros/jazzy/bin/ros2 launch /wt/contributions/compute-benchmark/OsakaTX/scripts/lifelong_launch.py slam_params_file:=/wt/contributions/compute-benchmark/OsakaTX/scripts/lifelong_slam_params.yaml use_sim_time:=False autostart:=true"
2026-09-25T13:30:16Z,98,"noiseF1_20260925T132529Z",592820,"ros2",0.6,83528,55457,"/usr/bin/python3 /opt/ros/jazzy/bin/ros2 launch nav2_bringup bringup_launch.py map:=/wt/contributions/compute-benchmark/OsakaTX/scripts/../results/combo2/combo2_nav2_map.yaml params_file:=/wt/contributions/compute-benchmark/OsakaTX/scripts/nav2_params_bench.yaml use_sim_time:=False autostart:=True slam:=False use_localization:=False"
2026-09-25T13:30:16Z,98,"noiseF1_20260925T132529Z",592839,"lifelong_slam_t",93.8,72308,52229,"/opt/ros/jazzy/lib/slam_toolbox/lifelong_slam_toolbox_node --ros-args -r __node:=slam_toolbox -r __ns:=/ --params-file /wt/contributions/compute-benchmark/OsakaTX/scripts/lifelong_slam_params.yaml --params-file /tmp/launch_params_u28nfoc8"
2026-09-25T13:30:16Z,98,"noiseF1_20260925T132529Z",592872,"component_conta",46.9,167952,147860,"/opt/ros/jazzy/lib/rclcpp_components/component_container_isolated --ros-args --log-level info --ros-args -r __node:=nav2_container --params-file /tmp/launch_params_f3kff4o9 --params-file /tmp/launch_params_qbgeiakg -r /tf:=tf -r /tf_static:=tf_static"
2026-09-25T13:30:16Z,98,"noiseF1_20260925T132529Z",592938,"python3",6.6,82832,53842,"python3 /wt/contributions/compute-benchmark/OsakaTX/scripts/nav_goal_seq.py --x 4 --y 4 --yaw 0 --every 22.0 --pause 2.0 --cancel --repeats 0"
2026-09-25T13:30:16Z,98,"noiseF1_20260925T132529Z",592983,"bash",0.5,4556,1362,"bash /wt/contributions/compute-benchmark/xbattlax/scripts/measure_ros_processes.sh --pattern python3|ros2|slam|nav2|component_container|nav_goal_seq --duration 380 --interval 2 --label noiseF1_20260925T132529Z --output /wt/contributions/compute-benchmark/OsakaTX/scripts/../results/combo2/noiseF1_20260925T132529Z.csv"
2026-09-25T13:30:18Z,99,"noiseF1_20260925T132529Z",408070,"python3",0.1,74808,47260,"/usr/bin/python3 -c from ros2cli.daemon.daemonize import main; main() --name ros2-daemon --ros-domain-id 0 --rmw-implementation rmw_fastrtps_cpp"
2026-09-25T13:30:18Z,99,"noiseF1_20260925T132529Z",592803,"python3",5.6,77360,48491,"python3 /wt/contributions/compute-benchmark/OsakaTX/scripts/synthetic_scan_publisher.py --duration 490 --loop-s 40 --hz 5.0 --noise 0.05"
2026-09-25T13:30:18Z,99,"noiseF1_20260925T132529Z",592819,"ros2",0.7,79040,50958,"/usr/bin/python3 /opt/ros/jazzy/bin/ros2 launch /wt/contributions/compute-benchmark/OsakaTX/scripts/lifelong_launch.py slam_params_file:=/wt/contributions/compute-benchmark/OsakaTX/scripts/lifelong_slam_params.yaml use_sim_time:=False autostart:=true"
2026-09-25T13:30:18Z,99,"noiseF1_20260925T132529Z",592820,"ros2",0.6,83528,55459,"/usr/bin/python3 /opt/ros/jazzy/bin/ros2 launch nav2_bringup bringup_launch.py map:=/wt/contributions/compute-benchmark/OsakaTX/scripts/../results/combo2/combo2_nav2_map.yaml params_file:=/wt/contributions/compute-benchmark/OsakaTX/scripts/nav2_params_bench.yaml use_sim_time:=False autostart:=True slam:=False use_localization:=False"
2026-09-25T13:30:18Z,99,"noiseF1_20260925T132529Z",592839,"lifelong_slam_t",93.9,72376,52296,"/opt/ros/jazzy/lib/slam_toolbox/lifelong_slam_toolbox_node --ros-args -r __node:=slam_toolbox -r __ns:=/ --params-file /wt/contributions/compute-benchmark/OsakaTX/scripts/lifelong_slam_params.yaml --params-file /tmp/launch_params_u28nfoc8"
2026-09-25T13:30:18Z,99,"noiseF1_20260925T132529Z",592872,"component_conta",46.9,167952,147860,"/opt/ros/jazzy/lib/rclcpp_components/component_container_isolated --ros-args --log-level info --ros-args -r __node:=nav2_container --params-file /tmp/launch_params_f3kff4o9 --params-file /tmp/launch_params_qbgeiakg -r /tf:=tf -r /tf_static:=tf_static"
2026-09-25T13:30:18Z,99,"noiseF1_20260925T132529Z",592938,"python3",6.6,82832,53843,"python3 /wt/contributions/compute-benchmark/OsakaTX/scripts/nav_goal_seq.py --x 4 --y 4 --yaw 0 --every 22.0 --pause 2.0 --cancel --repeats 0"
2026-09-25T13:30:18Z,99,"noiseF1_20260925T132529Z",592983,"bash",0.5,4556,1360,"bash /wt/contributions/compute-benchmark/xbattlax/scripts/measure_ros_processes.sh --pattern python3|ros2|slam|nav2|component_container|nav_goal_seq --duration 380 --interval 2 --label noiseF1_20260925T132529Z --output /wt/contributions/compute-benchmark/OsakaTX/scripts/../results/combo2/noiseF1_20260925T132529Z.csv"
2026-09-25T13:30:21Z,100,"noiseF1_20260925T132529Z",408070,"python3",0.1,74808,47260,"/usr/bin/python3 -c from ros2cli.daemon.daemonize import main; main() --name ros2-daemon --ros-domain-id 0 --rmw-implementation rmw_fastrtps_cpp"
2026-09-25T13:30:21Z,100,"noiseF1_20260925T132529Z",592803,"python3",5.6,77360,48490,"python3 /wt/contributions/compute-benchmark/OsakaTX/scripts/synthetic_scan_publisher.py --duration 490 --loop-s 40 --hz 5.0 --noise 0.05"
2026-09-25T13:30:21Z,100,"noiseF1_20260925T132529Z",592819,"ros2",0.7,79040,50961,"/usr/bin/python3 /opt/ros/jazzy/bin/ros2 launch /wt/contributions/compute-benchmark/OsakaTX/scripts/lifelong_launch.py slam_params_file:=/wt/contributions/compute-benchmark/OsakaTX/scripts/lifelong_slam_params.yaml use_sim_time:=False autostart:=true"
2026-09-25T13:30:21Z,100,"noiseF1_20260925T132529Z",592820,"ros2",0.6,83528,55457,"/usr/bin/python3 /opt/ros/jazzy/bin/ros2 launch nav2_bringup bringup_launch.py map:=/wt/contributions/compute-benchmark/OsakaTX/scripts/../results/combo2/combo2_nav2_map.yaml params_file:=/wt/contributions/compute-benchmark/OsakaTX/scripts/nav2_params_bench.yaml use_sim_time:=False autostart:=True slam:=False use_localization:=False"
2026-09-25T13:30:21Z,100,"noiseF1_20260925T132529Z",592839,"lifelong_slam_t",93.7,72376,52296,"/opt/ros/jazzy/lib/slam_toolbox/lifelong_slam_toolbox_node --ros-args -r __node:=slam_toolbox -r __ns:=/ --params-file /wt/contributions/compute-benchmark/OsakaTX/scripts/lifelong_slam_params.yaml --params-file /tmp/launch_params_u28nfoc8"
2026-09-25T13:30:21Z,100,"noiseF1_20260925T132529Z",592872,"component_conta",46.9,167952,147860,"/opt/ros/jazzy/lib/rclcpp_components/component_container_isolated --ros-args --log-level info --ros-args -r __node:=nav2_container --params-file /tmp/launch_params_f3kff4o9 --params-file /tmp/launch_params_qbgeiakg -r /tf:=tf -r /tf_static:=tf_static"
2026-09-25T13:30:21Z,100,"noiseF1_20260925T132529Z",592938,"python3",6.6,82832,53841,"python3 /wt/contributions/compute-benchmark/OsakaTX/scripts/nav_goal_seq.py --x 4 --y 4 --yaw 0 --every 22.0 --pause 2.0 --cancel --repeats 0"
2026-09-25T13:30:21Z,100,"noiseF1_20260925T132529Z",592983,"bash",0.5,4556,1361,"bash /wt/contributions/compute-benchmark/xbattlax/scripts/measure_ros_processes.sh --pattern python3|ros2|slam|nav2|component_container|nav_goal_seq --duration 380 --interval 2 --label noiseF1_20260925T132529Z --output /wt/contributions/compute-benchmark/OsakaTX/scripts/../results/combo2/noiseF1_20260925T132529Z.csv"
2026-09-25T13:30:23Z,101,"noiseF1_20260925T132529Z",408070,"python3",0.1,74808,47256,"/usr/bin/python3 -c from ros2cli.daemon.daemonize import main; main() --name ros2-daemon --ros-domain-id 0 --rmw-implementation rmw_fastrtps_cpp"
2026-09-25T13:30:23Z,101,"noiseF1_20260925T132529Z",592803,"python3",5.6,77360,48490,"python3 /wt/contributions/compute-benchmark/OsakaTX/scripts/synthetic_scan_publisher.py --duration 490 --loop-s 40 --hz 5.0 --noise 0.05"
2026-09-25T13:30:23Z,101,"noiseF1_20260925T132529Z",592819,"ros2",0.7,79040,50962,"/usr/bin/python3 /opt/ros/jazzy/bin/ros2 launch /wt/contributions/compute-benchmark/OsakaTX/scripts/lifelong_launch.py slam_params_file:=/wt/contributions/compute-benchmark/OsakaTX/scripts/lifelong_slam_params.yaml use_sim_time:=False autostart:=true"
2026-09-25T13:30:23Z,101,"noiseF1_20260925T132529Z",592820,"ros2",0.6,83528,55457,"/usr/bin/python3 /opt/ros/jazzy/bin/ros2 launch nav2_bringup bringup_launch.py map:=/wt/contributions/compute-benchmark/OsakaTX/scripts/../results/combo2/combo2_nav2_map.yaml params_file:=/wt/contributions/compute-benchmark/OsakaTX/scripts/nav2_params_bench.yaml use_sim_time:=False autostart:=True slam:=False use_localization:=False"
2026-09-25T13:30:23Z,101,"noiseF1_20260925T132529Z",592839,"lifelong_slam_t",93.9,72376,52296,"/opt/ros/jazzy/lib/slam_toolbox/lifelong_slam_toolbox_node --ros-args -r __node:=slam_toolbox -r __ns:=/ --params-file /wt/contributions/compute-benchmark/OsakaTX/scripts/lifelong_slam_params.yaml --params-file /tmp/launch_params_u28nfoc8"
2026-09-25T13:30:23Z,101,"noiseF1_20260925T132529Z",592872,"component_conta",47.0,168304,148212,"/opt/ros/jazzy/lib/rclcpp_components/component_container_isolated --ros-args --log-level info --ros-args -r __node:=nav2_container --params-file /tmp/launch_params_f3kff4o9 --params-file /tmp/launch_params_qbgeiakg -r /tf:=tf -r /tf_static:=tf_static"
2026-09-25T13:30:23Z,101,"noiseF1_20260925T132529Z",592938,"python3",6.6,82832,53841,"python3 /wt/contributions/compute-benchmark/OsakaTX/scripts/nav_goal_seq.py --x 4 --y 4 --yaw 0 --every 22.0 --pause 2.0 --cancel --repeats 0"
2026-09-25T13:30:23Z,101,"noiseF1_20260925T132529Z",592983,"bash",0.5,4556,1357,"bash /wt/contributions/compute-benchmark/xbattlax/scripts/measure_ros_processes.sh --pattern python3|ros2|slam|nav2|component_container|nav_goal_seq --duration 380 --interval 2 --label noiseF1_20260925T132529Z --output /wt/contributions/compute-benchmark/OsakaTX/scripts/../results/combo2/noiseF1_20260925T132529Z.csv"
2026-09-25T13:30:25Z,102,"noiseF1_20260925T132529Z",408070,"python3",0.1,74808,47257,"/usr/bin/python3 -c from ros2cli.daemon.daemonize import main; main() --name ros2-daemon --ros-domain-id 0 --rmw-implementation rmw_fastrtps_cpp"
2026-09-25T13:30:25Z,102,"noiseF1_20260925T132529Z",592803,"python3",5.6,77360,48489,"python3 /wt/contributions/compute-benchmark/OsakaTX/scripts/synthetic_scan_publisher.py --duration 490 --loop-s 40 --hz 5.0 --noise 0.05"
2026-09-25T13:30:25Z,102,"noiseF1_20260925T132529Z",592819,"ros2",0.7,79040,50962,"/usr/bin/python3 /opt/ros/jazzy/bin/ros2 launch /wt/contributions/compute-benchmark/OsakaTX/scripts/lifelong_launch.py slam_params_file:=/wt/contributions/compute-benchmark/OsakaTX/scripts/lifelong_slam_params.yaml use_sim_time:=False autostart:=true"
2026-09-25T13:30:25Z,102,"noiseF1_20260925T132529Z",592820,"ros2",0.6,83528,55457,"/usr/bin/python3 /opt/ros/jazzy/bin/ros2 launch nav2_bringup bringup_launch.py map:=/wt/contributions/compute-benchmark/OsakaTX/scripts/../results/combo2/combo2_nav2_map.yaml params_file:=/wt/contributions/compute-benchmark/OsakaTX/scripts/nav2_params_bench.yaml use_sim_time:=False autostart:=True slam:=False use_localization:=False"
2026-09-25T13:30:25Z,102,"noiseF1_20260925T132529Z",592839,"lifelong_slam_t",94.1,72376,52296,"/opt/ros/jazzy/lib/slam_toolbox/lifelong_slam_toolbox_node --ros-args -r __node:=slam_toolbox -r __ns:=/ --params-file /wt/contributions/compute-benchmark/OsakaTX/scripts/lifelong_slam_params.yaml --params-file /tmp/launch_params_u28nfoc8"
2026-09-25T13:30:25Z,102,"noiseF1_20260925T132529Z",592872,"component_conta",47.0,168304,148213,"/opt/ros/jazzy/lib/rclcpp_components/component_container_isolated --ros-args --log-level info --ros-args -r __node:=nav2_container --params-file /tmp/launch_params_f3kff4o9 --params-file /tmp/launch_params_qbgeiakg -r /tf:=tf -r /tf_static:=tf_static"
2026-09-25T13:30:25Z,102,"noiseF1_20260925T132529Z",592938,"python3",6.6,82832,53843,"python3 /wt/contributions/compute-benchmark/OsakaTX/scripts/nav_goal_seq.py --x 4 --y 4 --yaw 0 --every 22.0 --pause 2.0 --cancel --repeats 0"
2026-09-25T13:30:25Z,102,"noiseF1_20260925T132529Z",592983,"bash",0.5,4556,1359,"bash /wt/contributions/compute-benchmark/xbattlax/scripts/measure_ros_processes.sh --pattern python3|ros2|slam|nav2|component_container|nav_goal_seq --duration 380 --interval 2 --label noiseF1_20260925T132529Z --output /wt/contributions/compute-benchmark/OsakaTX/scripts/../results/combo2/noiseF1_20260925T132529Z.csv"
2026-09-25T13:30:28Z,103,"noiseF1_20260925T132529Z",408070,"python3",0.1,74808,47259,"/usr/bin/python3 -c from ros2cli.daemon.daemonize import main; main() --name ros2-daemon --ros-domain-id 0 --rmw-implementation rmw_fastrtps_cpp"
2026-09-25T13:30:28Z,103,"noiseF1_20260925T132529Z",592803,"python3",5.6,77360,48492,"python3 /wt/contributions/compute-benchmark/OsakaTX/scripts/synthetic_scan_publisher.py --duration 490 --loop-s 40 --hz 5.0 --noise 0.05"
2026-09-25T13:30:28Z,103,"noiseF1_20260925T132529Z",592819,"ros2",0.7,79040,50955,"/usr/bin/python3 /opt/ros/jazzy/bin/ros2 launch /wt/contributions/compute-benchmark/OsakaTX/scripts/lifelong_launch.py slam_params_file:=/wt/contributions/compute-benchmark/OsakaTX/scripts/lifelong_slam_params.yaml use_sim_time:=False autostart:=true"
2026-09-25T13:30:28Z,103,"noiseF1_20260925T132529Z",592820,"ros2",0.6,83528,55457,"/usr/bin/python3 /opt/ros/jazzy/bin/ros2 launch nav2_bringup bringup_launch.py map:=/wt/contributions/compute-benchmark/OsakaTX/scripts/../results/combo2/combo2_nav2_map.yaml params_file:=/wt/contributions/compute-benchmark/OsakaTX/scripts/nav2_params_bench.yaml use_sim_time:=False autostart:=True slam:=False use_localization:=False"
2026-09-25T13:30:28Z,103,"noiseF1_20260925T132529Z",592839,"lifelong_slam_t",94.3,72376,52297,"/opt/ros/jazzy/lib/slam_toolbox/lifelong_slam_toolbox_node --ros-args -r __node:=slam_toolbox -r __ns:=/ --params-file /wt/contributions/compute-benchmark/OsakaTX/scripts/lifelong_slam_params.yaml --params-file /tmp/launch_params_u28nfoc8"
2026-09-25T13:30:28Z,103,"noiseF1_20260925T132529Z",592872,"component_conta",47.0,168304,148212,"/opt/ros/jazzy/lib/rclcpp_components/component_container_isolated --ros-args --log-level info --ros-args -r __node:=nav2_container --params-file /tmp/launch_params_f3kff4o9 --params-file /tmp/launch_params_qbgeiakg -r /tf:=tf -r /tf_static:=tf_static"
2026-09-25T13:30:28Z,103,"noiseF1_20260925T132529Z",592938,"python3",6.6,82836,53844,"python3 /wt/contributions/compute-benchmark/OsakaTX/scripts/nav_goal_seq.py --x 4 --y 4 --yaw 0 --every 22.0 --pause 2.0 --cancel --repeats 0"
2026-09-25T13:30:28Z,103,"noiseF1_20260925T132529Z",592983,"bash",0.5,4556,1361,"bash /wt/contributions/compute-benchmark/xbattlax/scripts/measure_ros_processes.sh --pattern python3|ros2|slam|nav2|component_container|nav_goal_seq --duration 380 --interval 2 --label noiseF1_20260925T132529Z --output /wt/contributions/compute-benchmark/OsakaTX/scripts/../results/combo2/noiseF1_20260925T132529Z.csv"
2026-09-25T13:30:30Z,104,"noiseF1_20260925T132529Z",408070,"python3",0.1,74808,47260,"/usr/bin/python3 -c from ros2cli.daemon.daemonize import main; main() --name ros2-daemon --ros-domain-id 0 --rmw-implementation rmw_fastrtps_cpp"
2026-09-25T13:30:30Z,104,"noiseF1_20260925T132529Z",592803,"python3",5.6,77360,48492,"python3 /wt/contributions/compute-benchmark/OsakaTX/scripts/synthetic_scan_publisher.py --duration 490 --loop-s 40 --hz 5.0 --noise 0.05"
2026-09-25T13:30:30Z,104,"noiseF1_20260925T132529Z",592819,"ros2",0.7,79040,50962,"/usr/bin/python3 /opt/ros/jazzy/bin/ros2 launch /wt/contributions/compute-benchmark/OsakaTX/scripts/lifelong_launch.py slam_params_file:=/wt/contributions/compute-benchmark/OsakaTX/scripts/lifelong_slam_params.yaml use_sim_time:=False autostart:=true"
2026-09-25T13:30:30Z,104,"noiseF1_20260925T132529Z",592820,"ros2",0.6,83528,55457,"/usr/bin/python3 /opt/ros/jazzy/bin/ros2 launch nav2_bringup bringup_launch.py map:=/wt/contributions/compute-benchmark/OsakaTX/scripts/../results/combo2/combo2_nav2_map.yaml params_file:=/wt/contributions/compute-benchmark/OsakaTX/scripts/nav2_params_bench.yaml use_sim_time:=False autostart:=True slam:=False use_localization:=False"
2026-09-25T13:30:30Z,104,"noiseF1_20260925T132529Z",592839,"lifelong_slam_t",94.5,72376,52296,"/opt/ros/jazzy/lib/slam_toolbox/lifelong_slam_toolbox_node --ros-args -r __node:=slam_toolbox -r __ns:=/ --params-file /wt/contributions/compute-benchmark/OsakaTX/scripts/lifelong_slam_params.yaml --params-file /tmp/launch_params_u28nfoc8"
2026-09-25T13:30:30Z,104,"noiseF1_20260925T132529Z",592872,"component_conta",47.1,168304,148213,"/opt/ros/jazzy/lib/rclcpp_components/component_container_isolated --ros-args --log-level info --ros-args -r __node:=nav2_container --params-file /tmp/launch_params_f3kff4o9 --params-file /tmp/launch_params_qbgeiakg -r /tf:=tf -r /tf_static:=tf_static"
2026-09-25T13:30:30Z,104,"noiseF1_20260925T132529Z",592938,"python3",6.6,82836,53845,"python3 /wt/contributions/compute-benchmark/OsakaTX/scripts/nav_goal_seq.py --x 4 --y 4 --yaw 0 --every 22.0 --pause 2.0 --cancel --repeats 0"
2026-09-25T13:30:30Z,104,"noiseF1_20260925T132529Z",592983,"bash",0.5,4556,1359,"bash /wt/contributions/compute-benchmark/xbattlax/scripts/measure_ros_processes.sh --pattern python3|ros2|slam|nav2|component_container|nav_goal_seq --duration 380 --interval 2 --label noiseF1_20260925T132529Z --output /wt/contributions/compute-benchmark/OsakaTX/scripts/../results/combo2/noiseF1_20260925T132529Z.csv"
2026-09-25T13:30:33Z,105,"noiseF1_20260925T132529Z",408070,"python3",0.1,74808,47257,"/usr/bin/python3 -c from ros2cli.daemon.daemonize import main; main() --name ros2-daemon --ros-domain-id 0 --rmw-implementation rmw_fastrtps_cpp"
2026-09-25T13:30:33Z,105,"noiseF1_20260925T132529Z",592803,"python3",5.6,77360,48494,"python3 /wt/contributions/compute-benchmark/OsakaTX/scripts/synthetic_scan_publisher.py --duration 490 --loop-s 40 --hz 5.0 --noise 0.05"
2026-09-25T13:30:33Z,105,"noiseF1_20260925T132529Z",592819,"ros2",0.7,79040,50961,"/usr/bin/python3 /opt/ros/jazzy/bin/ros2 launch /wt/contributions/compute-benchmark/OsakaTX/scripts/lifelong_launch.py slam_params_file:=/wt/contributions/compute-benchmark/OsakaTX/scripts/lifelong_slam_params.yaml use_sim_time:=False autostart:=true"
2026-09-25T13:30:33Z,105,"noiseF1_20260925T132529Z",592820,"ros2",0.6,83528,55449,"/usr/bin/python3 /opt/ros/jazzy/bin/ros2 launch nav2_bringup bringup_launch.py map:=/wt/contributions/compute-benchmark/OsakaTX/scripts/../results/combo2/combo2_nav2_map.yaml params_file:=/wt/contributions/compute-benchmark/OsakaTX/scripts/nav2_params_bench.yaml use_sim_time:=False autostart:=True slam:=False use_localization:=False"
2026-09-25T13:30:33Z,105,"noiseF1_20260925T132529Z",592839,"lifelong_slam_t",94.4,72376,52297,"/opt/ros/jazzy/lib/slam_toolbox/lifelong_slam_toolbox_node --ros-args -r __node:=slam_toolbox -r __ns:=/ --params-file /wt/contributions/compute-benchmark/OsakaTX/scripts/lifelong_slam_params.yaml --params-file /tmp/launch_params_u28nfoc8"
2026-09-25T13:30:33Z,105,"noiseF1_20260925T132529Z",592872,"component_conta",47.1,168304,148213,"/opt/ros/jazzy/lib/rclcpp_components/component_container_isolated --ros-args --log-level info --ros-args -r __node:=nav2_container --params-file /tmp/launch_params_f3kff4o9 --params-file /tmp/launch_params_qbgeiakg -r /tf:=tf -r /tf_static:=tf_static"
2026-09-25T13:30:33Z,105,"noiseF1_20260925T132529Z",592938,"python3",6.6,82836,53844,"python3 /wt/contributions/compute-benchmark/OsakaTX/scripts/nav_goal_seq.py --x 4 --y 4 --yaw 0 --every 22.0 --pause 2.0 --cancel --repeats 0"
2026-09-25T13:30:33Z,105,"noiseF1_20260925T132529Z",592983,"bash",0.5,4556,1357,"bash /wt/contributions/compute-benchmark/xbattlax/scripts/measure_ros_processes.sh --pattern python3|ros2|slam|nav2|component_container|nav_goal_seq --duration 380 --interval 2 --label noiseF1_20260925T132529Z --output /wt/contributions/compute-benchmark/OsakaTX/scripts/../results/combo2/noiseF1_20260925T132529Z.csv"
2026-09-25T13:30:35Z,106,"noiseF1_20260925T132529Z",408070,"python3",0.1,74808,47257,"/usr/bin/python3 -c from ros2cli.daemon.daemonize import main; main() --name ros2-daemon --ros-domain-id 0 --rmw-implementation rmw_fastrtps_cpp"
2026-09-25T13:30:35Z,106,"noiseF1_20260925T132529Z",592803,"python3",5.6,77360,48489,"python3 /wt/contributions/compute-benchmark/OsakaTX/scripts/synthetic_scan_publisher.py --duration 490 --loop-s 40 --hz 5.0 --noise 0.05"
2026-09-25T13:30:35Z,106,"noiseF1_20260925T132529Z",592819,"ros2",0.7,79040,50961,"/usr/bin/python3 /opt/ros/jazzy/bin/ros2 launch /wt/contributions/compute-benchmark/OsakaTX/scripts/lifelong_launch.py slam_params_file:=/wt/contributions/compute-benchmark/OsakaTX/scripts/lifelong_slam_params.yaml use_sim_time:=False autostart:=true"
2026-09-25T13:30:35Z,106,"noiseF1_20260925T132529Z",592820,"ros2",0.6,83528,55453,"/usr/bin/python3 /opt/ros/jazzy/bin/ros2 launch nav2_bringup bringup_launch.py map:=/wt/contributions/compute-benchmark/OsakaTX/scripts/../results/combo2/combo2_nav2_map.yaml params_file:=/wt/contributions/compute-benchmark/OsakaTX/scripts/nav2_params_bench.yaml use_sim_time:=False autostart:=True slam:=False use_localization:=False"
2026-09-25T13:30:35Z,106,"noiseF1_20260925T132529Z",592839,"lifelong_slam_t",94.5,72376,52297,"/opt/ros/jazzy/lib/slam_toolbox/lifelong_slam_toolbox_node --ros-args -r __node:=slam_toolbox -r __ns:=/ --params-file /wt/contributions/compute-benchmark/OsakaTX/scripts/lifelong_slam_params.yaml --params-file /tmp/launch_params_u28nfoc8"
2026-09-25T13:30:35Z,106,"noiseF1_20260925T132529Z",592872,"component_conta",47.1,167096,147005,"/opt/ros/jazzy/lib/rclcpp_components/component_container_isolated --ros-args --log-level info --ros-args -r __node:=nav2_container --params-file /tmp/launch_params_f3kff4o9 --params-file /tmp/launch_params_qbgeiakg -r /tf:=tf -r /tf_static:=tf_static"
2026-09-25T13:30:35Z,106,"noiseF1_20260925T132529Z",592938,"python3",6.6,82836,53845,"python3 /wt/contributions/compute-benchmark/OsakaTX/scripts/nav_goal_seq.py --x 4 --y 4 --yaw 0 --every 22.0 --pause 2.0 --cancel --repeats 0"
2026-09-25T13:30:35Z,106,"noiseF1_20260925T132529Z",592983,"bash",0.5,4556,1361,"bash /wt/contributions/compute-benchmark/xbattlax/scripts/measure_ros_processes.sh --pattern python3|ros2|slam|nav2|component_container|nav_goal_seq --duration 380 --interval 2 --label noiseF1_20260925T132529Z --output /wt/contributions/compute-benchmark/OsakaTX/scripts/../results/combo2/noiseF1_20260925T132529Z.csv"
2026-09-25T13:30:38Z,107,"noiseF1_20260925T132529Z",408070,"python3",0.1,74808,47256,"/usr/bin/python3 -c from ros2cli.daemon.daemonize import main; main() --name ros2-daemon --ros-domain-id 0 --rmw-implementation rmw_fastrtps_cpp"
2026-09-25T13:30:38Z,107,"noiseF1_20260925T132529Z",592803,"python3",5.6,77360,48499,"python3 /wt/contributions/compute-benchmark/OsakaTX/scripts/synthetic_scan_publisher.py --duration 490 --loop-s 40 --hz 5.0 --noise 0.05"
2026-09-25T13:30:38Z,107,"noiseF1_20260925T132529Z",592819,"ros2",0.7,79040,50961,"/usr/bin/python3 /opt/ros/jazzy/bin/ros2 launch /wt/contributions/compute-benchmark/OsakaTX/scripts/lifelong_launch.py slam_params_file:=/wt/contributions/compute-benchmark/OsakaTX/scripts/lifelong_slam_params.yaml use_sim_time:=False autostart:=true"
2026-09-25T13:30:38Z,107,"noiseF1_20260925T132529Z",592820,"ros2",0.6,83528,55457,"/usr/bin/python3 /opt/ros/jazzy/bin/ros2 launch nav2_bringup bringup_launch.py map:=/wt/contributions/compute-benchmark/OsakaTX/scripts/../results/combo2/combo2_nav2_map.yaml params_file:=/wt/contributions/compute-benchmark/OsakaTX/scripts/nav2_params_bench.yaml use_sim_time:=False autostart:=True slam:=False use_localization:=False"
2026-09-25T13:30:38Z,107,"noiseF1_20260925T132529Z",592839,"lifelong_slam_t",94.7,72468,52388,"/opt/ros/jazzy/lib/slam_toolbox/lifelong_slam_toolbox_node --ros-args -r __node:=slam_toolbox -r __ns:=/ --params-file /wt/contributions/compute-benchmark/OsakaTX/scripts/lifelong_slam_params.yaml --params-file /tmp/launch_params_u28nfoc8"
2026-09-25T13:30:38Z,107,"noiseF1_20260925T132529Z",592872,"component_conta",47.1,167532,147445,"/opt/ros/jazzy/lib/rclcpp_components/component_container_isolated --ros-args --log-level info --ros-args -r __node:=nav2_container --params-file /tmp/launch_params_f3kff4o9 --params-file /tmp/launch_params_qbgeiakg -r /tf:=tf -r /tf_static:=tf_static"
2026-09-25T13:30:38Z,107,"noiseF1_20260925T132529Z",592938,"python3",6.6,82836,53847,"python3 /wt/contributions/compute-benchmark/OsakaTX/scripts/nav_goal_seq.py --x 4 --y 4 --yaw 0 --every 22.0 --pause 2.0 --cancel --repeats 0"
2026-09-25T13:30:38Z,107,"noiseF1_20260925T132529Z",592983,"bash",0.5,4560,1362,"bash /wt/contributions/compute-benchmark/xbattlax/scripts/measure_ros_processes.sh --pattern python3|ros2|slam|nav2|component_container|nav_goal_seq --duration 380 --interval 2 --label noiseF1_20260925T132529Z --output /wt/contributions/compute-benchmark/OsakaTX/scripts/../results/combo2/noiseF1_20260925T132529Z.csv"
2026-09-25T13:30:40Z,108,"noiseF1_20260925T132529Z",408070,"python3",0.1,74808,47256,"/usr/bin/python3 -c from ros2cli.daemon.daemonize import main; main() --name ros2-daemon --ros-domain-id 0 --rmw-implementation rmw_fastrtps_cpp"
2026-09-25T13:30:40Z,108,"noiseF1_20260925T132529Z",592803,"python3",5.6,77360,48492,"python3 /wt/contributions/compute-benchmark/OsakaTX/scripts/synthetic_scan_publisher.py --duration 490 --loop-s 40 --hz 5.0 --noise 0.05"
2026-09-25T13:30:40Z,108,"noiseF1_20260925T132529Z",592819,"ros2",0.7,79040,50955,"/usr/bin/python3 /opt/ros/jazzy/bin/ros2 launch /wt/contributions/compute-benchmark/OsakaTX/scripts/lifelong_launch.py slam_params_file:=/wt/contributions/compute-benchmark/OsakaTX/scripts/lifelong_slam_params.yaml use_sim_time:=False autostart:=true"
2026-09-25T13:30:40Z,108,"noiseF1_20260925T132529Z",592820,"ros2",0.6,83528,55457,"/usr/bin/python3 /opt/ros/jazzy/bin/ros2 launch nav2_bringup bringup_launch.py map:=/wt/contributions/compute-benchmark/OsakaTX/scripts/../results/combo2/combo2_nav2_map.yaml params_file:=/wt/contributions/compute-benchmark/OsakaTX/scripts/nav2_params_bench.yaml use_sim_time:=False autostart:=True slam:=False use_localization:=False"
2026-09-25T13:30:40Z,108,"noiseF1_20260925T132529Z",592839,"lifelong_slam_t",94.9,72472,52393,"/opt/ros/jazzy/lib/slam_toolbox/lifelong_slam_toolbox_node --ros-args -r __node:=slam_toolbox -r __ns:=/ --params-file /wt/contributions/compute-benchmark/OsakaTX/scripts/lifelong_slam_params.yaml --params-file /tmp/launch_params_u28nfoc8"
2026-09-25T13:30:40Z,108,"noiseF1_20260925T132529Z",592872,"component_conta",47.1,167536,147445,"/opt/ros/jazzy/lib/rclcpp_components/component_container_isolated --ros-args --log-level info --ros-args -r __node:=nav2_container --params-file /tmp/launch_params_f3kff4o9 --params-file /tmp/launch_params_qbgeiakg -r /tf:=tf -r /tf_static:=tf_static"
2026-09-25T13:30:40Z,108,"noiseF1_20260925T132529Z",592938,"python3",6.6,82836,53845,"python3 /wt/contributions/compute-benchmark/OsakaTX/scripts/nav_goal_seq.py --x 4 --y 4 --yaw 0 --every 22.0 --pause 2.0 --cancel --repeats 0"
2026-09-25T13:30:40Z,108,"noiseF1_20260925T132529Z",592983,"bash",0.5,4560,1361,"bash /wt/contributions/compute-benchmark/xbattlax/scripts/measure_ros_processes.sh --pattern python3|ros2|slam|nav2|component_container|nav_goal_seq --duration 380 --interval 2 --label noiseF1_20260925T132529Z --output /wt/contributions/compute-benchmark/OsakaTX/scripts/../results/combo2/noiseF1_20260925T132529Z.csv"
2026-09-25T13:30:43Z,109,"noiseF1_20260925T132529Z",408070,"python3",0.1,74808,47260,"/usr/bin/python3 -c from ros2cli.daemon.daemonize import main; main() --name ros2-daemon --ros-domain-id 0 --rmw-implementation rmw_fastrtps_cpp"
2026-09-25T13:30:43Z,109,"noiseF1_20260925T132529Z",592803,"python3",5.6,77360,48491,"python3 /wt/contributions/compute-benchmark/OsakaTX/scripts/synthetic_scan_publisher.py --duration 490 --loop-s 40 --hz 5.0 --noise 0.05"
2026-09-25T13:30:43Z,109,"noiseF1_20260925T132529Z",592819,"ros2",0.7,79040,50962,"/usr/bin/python3 /opt/ros/jazzy/bin/ros2 launch /wt/contributions/compute-benchmark/OsakaTX/scripts/lifelong_launch.py slam_params_file:=/wt/contributions/compute-benchmark/OsakaTX/scripts/lifelong_slam_params.yaml use_sim_time:=False autostart:=true"
2026-09-25T13:30:43Z,109,"noiseF1_20260925T132529Z",592820,"ros2",0.6,83528,55455,"/usr/bin/python3 /opt/ros/jazzy/bin/ros2 launch nav2_bringup bringup_launch.py map:=/wt/contributions/compute-benchmark/OsakaTX/scripts/../results/combo2/combo2_nav2_map.yaml params_file:=/wt/contributions/compute-benchmark/OsakaTX/scripts/nav2_params_bench.yaml use_sim_time:=False autostart:=True slam:=False use_localization:=False"
2026-09-25T13:30:43Z,109,"noiseF1_20260925T132529Z",592839,"lifelong_slam_t",95.1,72496,52417,"/opt/ros/jazzy/lib/slam_toolbox/lifelong_slam_toolbox_node --ros-args -r __node:=slam_toolbox -r __ns:=/ --params-file /wt/contributions/compute-benchmark/OsakaTX/scripts/lifelong_slam_params.yaml --params-file /tmp/launch_params_u28nfoc8"
2026-09-25T13:30:43Z,109,"noiseF1_20260925T132529Z",592872,"component_conta",47.2,167536,147445,"/opt/ros/jazzy/lib/rclcpp_components/component_container_isolated --ros-args --log-level info --ros-args -r __node:=nav2_container --params-file /tmp/launch_params_f3kff4o9 --params-file /tmp/launch_params_qbgeiakg -r /tf:=tf -r /tf_static:=tf_static"
2026-09-25T13:30:43Z,109,"noiseF1_20260925T132529Z",592938,"python3",6.6,82836,53847,"python3 /wt/contributions/compute-benchmark/OsakaTX/scripts/nav_goal_seq.py --x 4 --y 4 --yaw 0 --every 22.0 --pause 2.0 --cancel --repeats 0"
2026-09-25T13:30:43Z,109,"noiseF1_20260925T132529Z",592983,"bash",0.5,4560,1360,"bash /wt/contributions/compute-benchmark/xbattlax/scripts/measure_ros_processes.sh --pattern python3|ros2|slam|nav2|component_container|nav_goal_seq --duration 380 --interval 2 --label noiseF1_20260925T132529Z --output /wt/contributions/compute-benchmark/OsakaTX/scripts/../results/combo2/noiseF1_20260925T132529Z.csv"
2026-09-25T13:30:45Z,110,"noiseF1_20260925T132529Z",408070,"python3",0.1,74808,47260,"/usr/bin/python3 -c from ros2cli.daemon.daemonize import main; main() --name ros2-daemon --ros-domain-id 0 --rmw-implementation rmw_fastrtps_cpp"
2026-09-25T13:30:45Z,110,"noiseF1_20260925T132529Z",592803,"python3",5.6,77360,48489,"python3 /wt/contributions/compute-benchmark/OsakaTX/scripts/synthetic_scan_publisher.py --duration 490 --loop-s 40 --hz 5.0 --noise 0.05"
2026-09-25T13:30:45Z,110,"noiseF1_20260925T132529Z",592819,"ros2",0.6,79040,50962,"/usr/bin/python3 /opt/ros/jazzy/bin/ros2 launch /wt/contributions/compute-benchmark/OsakaTX/scripts/lifelong_launch.py slam_params_file:=/wt/contributions/compute-benchmark/OsakaTX/scripts/lifelong_slam_params.yaml use_sim_time:=False autostart:=true"
2026-09-25T13:30:45Z,110,"noiseF1_20260925T132529Z",592820,"ros2",0.6,83528,55457,"/usr/bin/python3 /opt/ros/jazzy/bin/ros2 launch nav2_bringup bringup_launch.py map:=/wt/contributions/compute-benchmark/OsakaTX/scripts/../results/combo2/combo2_nav2_map.yaml params_file:=/wt/contributions/compute-benchmark/OsakaTX/scripts/nav2_params_bench.yaml use_sim_time:=False autostart:=True slam:=False use_localization:=False"
2026-09-25T13:30:45Z,110,"noiseF1_20260925T132529Z",592839,"lifelong_slam_t",95.3,72564,52485,"/opt/ros/jazzy/lib/slam_toolbox/lifelong_slam_toolbox_node --ros-args -r __node:=slam_toolbox -r __ns:=/ --params-file /wt/contributions/compute-benchmark/OsakaTX/scripts/lifelong_slam_params.yaml --params-file /tmp/launch_params_u28nfoc8"
2026-09-25T13:30:45Z,110,"noiseF1_20260925T132529Z",592872,"component_conta",47.2,167536,147444,"/opt/ros/jazzy/lib/rclcpp_components/component_container_isolated --ros-args --log-level info --ros-args -r __node:=nav2_container --params-file /tmp/launch_params_f3kff4o9 --params-file /tmp/launch_params_qbgeiakg -r /tf:=tf -r /tf_static:=tf_static"
2026-09-25T13:30:45Z,110,"noiseF1_20260925T132529Z",592938,"python3",6.6,82836,53844,"python3 /wt/contributions/compute-benchmark/OsakaTX/scripts/nav_goal_seq.py --x 4 --y 4 --yaw 0 --every 22.0 --pause 2.0 --cancel --repeats 0"
2026-09-25T13:30:45Z,110,"noiseF1_20260925T132529Z",592983,"bash",0.5,4560,1362,"bash /wt/contributions/compute-benchmark/xbattlax/scripts/measure_ros_processes.sh --pattern python3|ros2|slam|nav2|component_container|nav_goal_seq --duration 380 --interval 2 --label noiseF1_20260925T132529Z --output /wt/contributions/compute-benchmark/OsakaTX/scripts/../results/combo2/noiseF1_20260925T132529Z.csv"
2026-09-25T13:30:47Z,111,"noiseF1_20260925T132529Z",408070,"python3",0.1,74808,47260,"/usr/bin/python3 -c from ros2cli.daemon.daemonize import main; main() --name ros2-daemon --ros-domain-id 0 --rmw-implementation rmw_fastrtps_cpp"
2026-09-25T13:30:47Z,111,"noiseF1_20260925T132529Z",592803,"python3",5.6,77360,48501,"python3 /wt/contributions/compute-benchmark/OsakaTX/scripts/synthetic_scan_publisher.py --duration 490 --loop-s 40 --hz 5.0 --noise 0.05"
2026-09-25T13:30:47Z,111,"noiseF1_20260925T132529Z",592819,"ros2",0.6,79040,50962,"/usr/bin/python3 /opt/ros/jazzy/bin/ros2 launch /wt/contributions/compute-benchmark/OsakaTX/scripts/lifelong_launch.py slam_params_file:=/wt/contributions/compute-benchmark/OsakaTX/scripts/lifelong_slam_params.yaml use_sim_time:=False autostart:=true"
2026-09-25T13:30:47Z,111,"noiseF1_20260925T132529Z",592820,"ros2",0.6,83528,55457,"/usr/bin/python3 /opt/ros/jazzy/bin/ros2 launch nav2_bringup bringup_launch.py map:=/wt/contributions/compute-benchmark/OsakaTX/scripts/../results/combo2/combo2_nav2_map.yaml params_file:=/wt/contributions/compute-benchmark/OsakaTX/scripts/nav2_params_bench.yaml use_sim_time:=False autostart:=True slam:=False use_localization:=False"
2026-09-25T13:30:47Z,111,"noiseF1_20260925T132529Z",592839,"lifelong_slam_t",95.5,72700,52620,"/opt/ros/jazzy/lib/slam_toolbox/lifelong_slam_toolbox_node --ros-args -r __node:=slam_toolbox -r __ns:=/ --params-file /wt/contributions/compute-benchmark/OsakaTX/scripts/lifelong_slam_params.yaml --params-file /tmp/launch_params_u28nfoc8"
2026-09-25T13:30:47Z,111,"noiseF1_20260925T132529Z",592872,"component_conta",47.2,167536,147444,"/opt/ros/jazzy/lib/rclcpp_components/component_container_isolated --ros-args --log-level info --ros-args -r __node:=nav2_container --params-file /tmp/launch_params_f3kff4o9 --params-file /tmp/launch_params_qbgeiakg -r /tf:=tf -r /tf_static:=tf_static"
2026-09-25T13:30:47Z,111,"noiseF1_20260925T132529Z",592938,"python3",6.6,82836,53845,"python3 /wt/contributions/compute-benchmark/OsakaTX/scripts/nav_goal_seq.py --x 4 --y 4 --yaw 0 --every 22.0 --pause 2.0 --cancel --repeats 0"
2026-09-25T13:30:47Z,111,"noiseF1_20260925T132529Z",592983,"bash",0.5,4560,1361,"bash /wt/contributions/compute-benchmark/xbattlax/scripts/measure_ros_processes.sh --pattern python3|ros2|slam|nav2|component_container|nav_goal_seq --duration 380 --interval 2 --label noiseF1_20260925T132529Z --output /wt/contributions/compute-benchmark/OsakaTX/scripts/../results/combo2/noiseF1_20260925T132529Z.csv"
2026-09-25T13:30:50Z,112,"noiseF1_20260925T132529Z",408070,"python3",0.1,74808,47257,"/usr/bin/python3 -c from ros2cli.daemon.daemonize import main; main() --name ros2-daemon --ros-domain-id 0 --rmw-implementation rmw_fastrtps_cpp"
2026-09-25T13:30:50Z,112,"noiseF1_20260925T132529Z",592803,"python3",5.6,77360,48501,"python3 /wt/contributions/compute-benchmark/OsakaTX/scripts/synthetic_scan_publisher.py --duration 490 --loop-s 40 --hz 5.0 --noise 0.05"
2026-09-25T13:30:50Z,112,"noiseF1_20260925T132529Z",592819,"ros2",0.6,79040,50962,"/usr/bin/python3 /opt/ros/jazzy/bin/ros2 launch /wt/contributions/compute-benchmark/OsakaTX/scripts/lifelong_launch.py slam_params_file:=/wt/contributions/compute-benchmark/OsakaTX/scripts/lifelong_slam_params.yaml use_sim_time:=False autostart:=true"
2026-09-25T13:30:50Z,112,"noiseF1_20260925T132529Z",592820,"ros2",0.6,83528,55457,"/usr/bin/python3 /opt/ros/jazzy/bin/ros2 launch nav2_bringup bringup_launch.py map:=/wt/contributions/compute-benchmark/OsakaTX/scripts/../results/combo2/combo2_nav2_map.yaml params_file:=/wt/contributions/compute-benchmark/OsakaTX/scripts/nav2_params_bench.yaml use_sim_time:=False autostart:=True slam:=False use_localization:=False"
2026-09-25T13:30:50Z,112,"noiseF1_20260925T132529Z",592839,"lifelong_slam_t",95.7,72728,52649,"/opt/ros/jazzy/lib/slam_toolbox/lifelong_slam_toolbox_node --ros-args -r __node:=slam_toolbox -r __ns:=/ --params-file /wt/contributions/compute-benchmark/OsakaTX/scripts/lifelong_slam_params.yaml --params-file /tmp/launch_params_u28nfoc8"
2026-09-25T13:30:50Z,112,"noiseF1_20260925T132529Z",592872,"component_conta",47.2,167536,147444,"/opt/ros/jazzy/lib/rclcpp_components/component_container_isolated --ros-args --log-level info --ros-args -r __node:=nav2_container --params-file /tmp/launch_params_f3kff4o9 --params-file /tmp/launch_params_qbgeiakg -r /tf:=tf -r /tf_static:=tf_static"
2026-09-25T13:30:50Z,112,"noiseF1_20260925T132529Z",592938,"python3",6.6,82836,53847,"python3 /wt/contributions/compute-benchmark/OsakaTX/scripts/nav_goal_seq.py --x 4 --y 4 --yaw 0 --every 22.0 --pause 2.0 --cancel --repeats 0"
2026-09-25T13:30:50Z,112,"noiseF1_20260925T132529Z",592983,"bash",0.5,4560,1365,"bash /wt/contributions/compute-benchmark/xbattlax/scripts/measure_ros_processes.sh --pattern python3|ros2|slam|nav2|component_container|nav_goal_seq --duration 380 --interval 2 --label noiseF1_20260925T132529Z --output /wt/contributions/compute-benchmark/OsakaTX/scripts/../results/combo2/noiseF1_20260925T132529Z.csv"
2026-09-25T13:30:52Z,113,"noiseF1_20260925T132529Z",408070,"python3",0.1,74808,47257,"/usr/bin/python3 -c from ros2cli.daemon.daemonize import main; main() --name ros2-daemon --ros-domain-id 0 --rmw-implementation rmw_fastrtps_cpp"
2026-09-25T13:30:52Z,113,"noiseF1_20260925T132529Z",592803,"python3",5.6,77360,48489,"python3 /wt/contributions/compute-benchmark/OsakaTX/scripts/synthetic_scan_publisher.py --duration 490 --loop-s 40 --hz 5.0 --noise 0.05"
2026-09-25T13:30:52Z,113,"noiseF1_20260925T132529Z",592819,"ros2",0.6,79040,50955,"/usr/bin/python3 /opt/ros/jazzy/bin/ros2 launch /wt/contributions/compute-benchmark/OsakaTX/scripts/lifelong_launch.py slam_params_file:=/wt/contributions/compute-benchmark/OsakaTX/scripts/lifelong_slam_params.yaml use_sim_time:=False autostart:=true"
2026-09-25T13:30:52Z,113,"noiseF1_20260925T132529Z",592820,"ros2",0.6,83528,55457,"/usr/bin/python3 /opt/ros/jazzy/bin/ros2 launch nav2_bringup bringup_launch.py map:=/wt/contributions/compute-benchmark/OsakaTX/scripts/../results/combo2/combo2_nav2_map.yaml params_file:=/wt/contributions/compute-benchmark/OsakaTX/scripts/nav2_params_bench.yaml use_sim_time:=False autostart:=True slam:=False use_localization:=False"
2026-09-25T13:30:52Z,113,"noiseF1_20260925T132529Z",592839,"lifelong_slam_t",95.9,72728,52648,"/opt/ros/jazzy/lib/slam_toolbox/lifelong_slam_toolbox_node --ros-args -r __node:=slam_toolbox -r __ns:=/ --params-file /wt/contributions/compute-benchmark/OsakaTX/scripts/lifelong_slam_params.yaml --params-file /tmp/launch_params_u28nfoc8"
2026-09-25T13:30:52Z,113,"noiseF1_20260925T132529Z",592872,"component_conta",47.1,165740,145648,"/opt/ros/jazzy/lib/rclcpp_components/component_container_isolated --ros-args --log-level info --ros-args -r __node:=nav2_container --params-file /tmp/launch_params_f3kff4o9 --params-file /tmp/launch_params_qbgeiakg -r /tf:=tf -r /tf_static:=tf_static"
2026-09-25T13:30:52Z,113,"noiseF1_20260925T132529Z",592938,"python3",6.6,82836,53847,"python3 /wt/contributions/compute-benchmark/OsakaTX/scripts/nav_goal_seq.py --x 4 --y 4 --yaw 0 --every 22.0 --pause 2.0 --cancel --repeats 0"
2026-09-25T13:30:52Z,113,"noiseF1_20260925T132529Z",592983,"bash",0.5,4560,1363,"bash /wt/contributions/compute-benchmark/xbattlax/scripts/measure_ros_processes.sh --pattern python3|ros2|slam|nav2|component_container|nav_goal_seq --duration 380 --interval 2 --label noiseF1_20260925T132529Z --output /wt/contributions/compute-benchmark/OsakaTX/scripts/../results/combo2/noiseF1_20260925T132529Z.csv"
2026-09-25T13:30:55Z,114,"noiseF1_20260925T132529Z",408070,"python3",0.1,74808,47257,"/usr/bin/python3 -c from ros2cli.daemon.daemonize import main; main() --name ros2-daemon --ros-domain-id 0 --rmw-implementation rmw_fastrtps_cpp"
2026-09-25T13:30:55Z,114,"noiseF1_20260925T132529Z",592803,"python3",5.6,77360,48491,"python3 /wt/contributions/compute-benchmark/OsakaTX/scripts/synthetic_scan_publisher.py --duration 490 --loop-s 40 --hz 5.0 --noise 0.05"
2026-09-25T13:30:55Z,114,"noiseF1_20260925T132529Z",592819,"ros2",0.6,79044,50966,"/usr/bin/python3 /opt/ros/jazzy/bin/ros2 launch /wt/contributions/compute-benchmark/OsakaTX/scripts/lifelong_launch.py slam_params_file:=/wt/contributions/compute-benchmark/OsakaTX/scripts/lifelong_slam_params.yaml use_sim_time:=False autostart:=true"
2026-09-25T13:30:55Z,114,"noiseF1_20260925T132529Z",592820,"ros2",0.6,83528,55453,"/usr/bin/python3 /opt/ros/jazzy/bin/ros2 launch nav2_bringup bringup_launch.py map:=/wt/contributions/compute-benchmark/OsakaTX/scripts/../results/combo2/combo2_nav2_map.yaml params_file:=/wt/contributions/compute-benchmark/OsakaTX/scripts/nav2_params_bench.yaml use_sim_time:=False autostart:=True slam:=False use_localization:=False"
2026-09-25T13:30:55Z,114,"noiseF1_20260925T132529Z",592839,"lifelong_slam_t",96.0,72796,52717,"/opt/ros/jazzy/lib/slam_toolbox/lifelong_slam_toolbox_node --ros-args -r __node:=slam_toolbox -r __ns:=/ --params-file /wt/contributions/compute-benchmark/OsakaTX/scripts/lifelong_slam_params.yaml --params-file /tmp/launch_params_u28nfoc8"
2026-09-25T13:30:55Z,114,"noiseF1_20260925T132529Z",592872,"component_conta",47.2,166876,146784,"/opt/ros/jazzy/lib/rclcpp_components/component_container_isolated --ros-args --log-level info --ros-args -r __node:=nav2_container --params-file /tmp/launch_params_f3kff4o9 --params-file /tmp/launch_params_qbgeiakg -r /tf:=tf -r /tf_static:=tf_static"
2026-09-25T13:30:55Z,114,"noiseF1_20260925T132529Z",592938,"python3",6.6,82836,53846,"python3 /wt/contributions/compute-benchmark/OsakaTX/scripts/nav_goal_seq.py --x 4 --y 4 --yaw 0 --every 22.0 --pause 2.0 --cancel --repeats 0"
2026-09-25T13:30:55Z,114,"noiseF1_20260925T132529Z",592983,"bash",0.5,4560,1361,"bash /wt/contributions/compute-benchmark/xbattlax/scripts/measure_ros_processes.sh --pattern python3|ros2|slam|nav2|component_container|nav_goal_seq --duration 380 --interval 2 --label noiseF1_20260925T132529Z --output /wt/contributions/compute-benchmark/OsakaTX/scripts/../results/combo2/noiseF1_20260925T132529Z.csv"
2026-09-25T13:30:57Z,115,"noiseF1_20260925T132529Z",408070,"python3",0.1,74808,47257,"/usr/bin/python3 -c from ros2cli.daemon.daemonize import main; main() --name ros2-daemon --ros-domain-id 0 --rmw-implementation rmw_fastrtps_cpp"
2026-09-25T13:30:57Z,115,"noiseF1_20260925T132529Z",592803,"python3",5.6,77360,48494,"python3 /wt/contributions/compute-benchmark/OsakaTX/scripts/synthetic_scan_publisher.py --duration 490 --loop-s 40 --hz 5.0 --noise 0.05"
2026-09-25T13:30:57Z,115,"noiseF1_20260925T132529Z",592819,"ros2",0.6,79044,50965,"/usr/bin/python3 /opt/ros/jazzy/bin/ros2 launch /wt/contributions/compute-benchmark/OsakaTX/scripts/lifelong_launch.py slam_params_file:=/wt/contributions/compute-benchmark/OsakaTX/scripts/lifelong_slam_params.yaml use_sim_time:=False autostart:=true"
2026-09-25T13:30:57Z,115,"noiseF1_20260925T132529Z",592820,"ros2",0.6,83528,55453,"/usr/bin/python3 /opt/ros/jazzy/bin/ros2 launch nav2_bringup bringup_launch.py map:=/wt/contributions/compute-benchmark/OsakaTX/scripts/../results/combo2/combo2_nav2_map.yaml params_file:=/wt/contributions/compute-benchmark/OsakaTX/scripts/nav2_params_bench.yaml use_sim_time:=False autostart:=True slam:=False use_localization:=False"
2026-09-25T13:30:57Z,115,"noiseF1_20260925T132529Z",592839,"lifelong_slam_t",95.9,72996,52917,"/opt/ros/jazzy/lib/slam_toolbox/lifelong_slam_toolbox_node --ros-args -r __node:=slam_toolbox -r __ns:=/ --params-file /wt/contributions/compute-benchmark/OsakaTX/scripts/lifelong_slam_params.yaml --params-file /tmp/launch_params_u28nfoc8"
2026-09-25T13:30:57Z,115,"noiseF1_20260925T132529Z",592872,"component_conta",47.2,166876,146784,"/opt/ros/jazzy/lib/rclcpp_components/component_container_isolated --ros-args --log-level info --ros-args -r __node:=nav2_container --params-file /tmp/launch_params_f3kff4o9 --params-file /tmp/launch_params_qbgeiakg -r /tf:=tf -r /tf_static:=tf_static"
2026-09-25T13:30:57Z,115,"noiseF1_20260925T132529Z",592938,"python3",6.6,82836,53845,"python3 /wt/contributions/compute-benchmark/OsakaTX/scripts/nav_goal_seq.py --x 4 --y 4 --yaw 0 --every 22.0 --pause 2.0 --cancel --repeats 0"
2026-09-25T13:30:57Z,115,"noiseF1_20260925T132529Z",592983,"bash",0.5,4560,1359,"bash /wt/contributions/compute-benchmark/xbattlax/scripts/measure_ros_processes.sh --pattern python3|ros2|slam|nav2|component_container|nav_goal_seq --duration 380 --interval 2 --label noiseF1_20260925T132529Z --output /wt/contributions/compute-benchmark/OsakaTX/scripts/../results/combo2/noiseF1_20260925T132529Z.csv"
2026-09-25T13:31:00Z,116,"noiseF1_20260925T132529Z",408070,"python3",0.1,74808,47260,"/usr/bin/python3 -c from ros2cli.daemon.daemonize import main; main() --name ros2-daemon --ros-domain-id 0 --rmw-implementation rmw_fastrtps_cpp"
2026-09-25T13:31:00Z,116,"noiseF1_20260925T132529Z",592803,"python3",5.6,77360,48500,"python3 /wt/contributions/compute-benchmark/OsakaTX/scripts/synthetic_scan_publisher.py --duration 490 --loop-s 40 --hz 5.0 --noise 0.05"
2026-09-25T13:31:00Z,116,"noiseF1_20260925T132529Z",592819,"ros2",0.6,79048,50970,"/usr/bin/python3 /opt/ros/jazzy/bin/ros2 launch /wt/contributions/compute-benchmark/OsakaTX/scripts/lifelong_launch.py slam_params_file:=/wt/contributions/compute-benchmark/OsakaTX/scripts/lifelong_slam_params.yaml use_sim_time:=False autostart:=true"
2026-09-25T13:31:00Z,116,"noiseF1_20260925T132529Z",592820,"ros2",0.6,83528,55458,"/usr/bin/python3 /opt/ros/jazzy/bin/ros2 launch nav2_bringup bringup_launch.py map:=/wt/contributions/compute-benchmark/OsakaTX/scripts/../results/combo2/combo2_nav2_map.yaml params_file:=/wt/contributions/compute-benchmark/OsakaTX/scripts/nav2_params_bench.yaml use_sim_time:=False autostart:=True slam:=False use_localization:=False"
2026-09-25T13:31:00Z,116,"noiseF1_20260925T132529Z",592839,"lifelong_slam_t",96.2,72996,52916,"/opt/ros/jazzy/lib/slam_toolbox/lifelong_slam_toolbox_node --ros-args -r __node:=slam_toolbox -r __ns:=/ --params-file /wt/contributions/compute-benchmark/OsakaTX/scripts/lifelong_slam_params.yaml --params-file /tmp/launch_params_u28nfoc8"
2026-09-25T13:31:00Z,116,"noiseF1_20260925T132529Z",592872,"component_conta",47.1,166288,146196,"/opt/ros/jazzy/lib/rclcpp_components/component_container_isolated --ros-args --log-level info --ros-args -r __node:=nav2_container --params-file /tmp/launch_params_f3kff4o9 --params-file /tmp/launch_params_qbgeiakg -r /tf:=tf -r /tf_static:=tf_static"
2026-09-25T13:31:00Z,116,"noiseF1_20260925T132529Z",592938,"python3",6.6,82836,53845,"python3 /wt/contributions/compute-benchmark/OsakaTX/scripts/nav_goal_seq.py --x 4 --y 4 --yaw 0 --every 22.0 --pause 2.0 --cancel --repeats 0"
2026-09-25T13:31:00Z,116,"noiseF1_20260925T132529Z",592983,"bash",0.5,4560,1359,"bash /wt/contributions/compute-benchmark/xbattlax/scripts/measure_ros_processes.sh --pattern python3|ros2|slam|nav2|component_container|nav_goal_seq --duration 380 --interval 2 --label noiseF1_20260925T132529Z --output /wt/contributions/compute-benchmark/OsakaTX/scripts/../results/combo2/noiseF1_20260925T132529Z.csv"
2026-09-25T13:31:02Z,117,"noiseF1_20260925T132529Z",408070,"python3",0.1,74808,47260,"/usr/bin/python3 -c from ros2cli.daemon.daemonize import main; main() --name ros2-daemon --ros-domain-id 0 --rmw-implementation rmw_fastrtps_cpp"
2026-09-25T13:31:02Z,117,"noiseF1_20260925T132529Z",592803,"python3",5.6,77360,48499,"python3 /wt/contributions/compute-benchmark/OsakaTX/scripts/synthetic_scan_publisher.py --duration 490 --loop-s 40 --hz 5.0 --noise 0.05"
2026-09-25T13:31:02Z,117,"noiseF1_20260925T132529Z",592819,"ros2",0.6,79048,50970,"/usr/bin/python3 /opt/ros/jazzy/bin/ros2 launch /wt/contributions/compute-benchmark/OsakaTX/scripts/lifelong_launch.py slam_params_file:=/wt/contributions/compute-benchmark/OsakaTX/scripts/lifelong_slam_params.yaml use_sim_time:=False autostart:=true"
2026-09-25T13:31:02Z,117,"noiseF1_20260925T132529Z",592820,"ros2",0.5,83528,55457,"/usr/bin/python3 /opt/ros/jazzy/bin/ros2 launch nav2_bringup bringup_launch.py map:=/wt/contributions/compute-benchmark/OsakaTX/scripts/../results/combo2/combo2_nav2_map.yaml params_file:=/wt/contributions/compute-benchmark/OsakaTX/scripts/nav2_params_bench.yaml use_sim_time:=False autostart:=True slam:=False use_localization:=False"
2026-09-25T13:31:02Z,117,"noiseF1_20260925T132529Z",592839,"lifelong_slam_t",96.0,72996,52916,"/opt/ros/jazzy/lib/slam_toolbox/lifelong_slam_toolbox_node --ros-args -r __node:=slam_toolbox -r __ns:=/ --params-file /wt/contributions/compute-benchmark/OsakaTX/scripts/lifelong_slam_params.yaml --params-file /tmp/launch_params_u28nfoc8"
2026-09-25T13:31:02Z,117,"noiseF1_20260925T132529Z",592872,"component_conta",47.1,166748,146656,"/opt/ros/jazzy/lib/rclcpp_components/component_container_isolated --ros-args --log-level info --ros-args -r __node:=nav2_container --params-file /tmp/launch_params_f3kff4o9 --params-file /tmp/launch_params_qbgeiakg -r /tf:=tf -r /tf_static:=tf_static"
2026-09-25T13:31:02Z,117,"noiseF1_20260925T132529Z",592938,"python3",6.6,82840,53849,"python3 /wt/contributions/compute-benchmark/OsakaTX/scripts/nav_goal_seq.py --x 4 --y 4 --yaw 0 --every 22.0 --pause 2.0 --cancel --repeats 0"
2026-09-25T13:31:02Z,117,"noiseF1_20260925T132529Z",592983,"bash",0.5,4560,1359,"bash /wt/contributions/compute-benchmark/xbattlax/scripts/measure_ros_processes.sh --pattern python3|ros2|slam|nav2|component_container|nav_goal_seq --duration 380 --interval 2 --label noiseF1_20260925T132529Z --output /wt/contributions/compute-benchmark/OsakaTX/scripts/../results/combo2/noiseF1_20260925T132529Z.csv"
2026-09-25T13:31:05Z,118,"noiseF1_20260925T132529Z",408070,"python3",0.1,74808,47258,"/usr/bin/python3 -c from ros2cli.daemon.daemonize import main; main() --name ros2-daemon --ros-domain-id 0 --rmw-implementation rmw_fastrtps_cpp"
2026-09-25T13:31:05Z,118,"noiseF1_20260925T132529Z",592803,"python3",5.6,77360,48499,"python3 /wt/contributions/compute-benchmark/OsakaTX/scripts/synthetic_scan_publisher.py --duration 490 --loop-s 40 --hz 5.0 --noise 0.05"
2026-09-25T13:31:05Z,118,"noiseF1_20260925T132529Z",592819,"ros2",0.6,79048,50969,"/usr/bin/python3 /opt/ros/jazzy/bin/ros2 launch /wt/contributions/compute-benchmark/OsakaTX/scripts/lifelong_launch.py slam_params_file:=/wt/contributions/compute-benchmark/OsakaTX/scripts/lifelong_slam_params.yaml use_sim_time:=False autostart:=true"
2026-09-25T13:31:05Z,118,"noiseF1_20260925T132529Z",592820,"ros2",0.5,83528,55457,"/usr/bin/python3 /opt/ros/jazzy/bin/ros2 launch nav2_bringup bringup_launch.py map:=/wt/contributions/compute-benchmark/OsakaTX/scripts/../results/combo2/combo2_nav2_map.yaml params_file:=/wt/contributions/compute-benchmark/OsakaTX/scripts/nav2_params_bench.yaml use_sim_time:=False autostart:=True slam:=False use_localization:=False"
2026-09-25T13:31:05Z,118,"noiseF1_20260925T132529Z",592839,"lifelong_slam_t",95.8,72996,52916,"/opt/ros/jazzy/lib/slam_toolbox/lifelong_slam_toolbox_node --ros-args -r __node:=slam_toolbox -r __ns:=/ --params-file /wt/contributions/compute-benchmark/OsakaTX/scripts/lifelong_slam_params.yaml --params-file /tmp/launch_params_u28nfoc8"
2026-09-25T13:31:05Z,118,"noiseF1_20260925T132529Z",592872,"component_conta",47.1,166748,146656,"/opt/ros/jazzy/lib/rclcpp_components/component_container_isolated --ros-args --log-level info --ros-args -r __node:=nav2_container --params-file /tmp/launch_params_f3kff4o9 --params-file /tmp/launch_params_qbgeiakg -r /tf:=tf -r /tf_static:=tf_static"
2026-09-25T13:31:05Z,118,"noiseF1_20260925T132529Z",592938,"python3",6.6,82844,53856,"python3 /wt/contributions/compute-benchmark/OsakaTX/scripts/nav_goal_seq.py --x 4 --y 4 --yaw 0 --every 22.0 --pause 2.0 --cancel --repeats 0"
2026-09-25T13:31:05Z,118,"noiseF1_20260925T132529Z",592983,"bash",0.5,4560,1362,"bash /wt/contributions/compute-benchmark/xbattlax/scripts/measure_ros_processes.sh --pattern python3|ros2|slam|nav2|component_container|nav_goal_seq --duration 380 --interval 2 --label noiseF1_20260925T132529Z --output /wt/contributions/compute-benchmark/OsakaTX/scripts/../results/combo2/noiseF1_20260925T132529Z.csv"
2026-09-25T13:31:07Z,119,"noiseF1_20260925T132529Z",408070,"python3",0.1,74808,47258,"/usr/bin/python3 -c from ros2cli.daemon.daemonize import main; main() --name ros2-daemon --ros-domain-id 0 --rmw-implementation rmw_fastrtps_cpp"
2026-09-25T13:31:07Z,119,"noiseF1_20260925T132529Z",592803,"python3",5.6,77360,48501,"python3 /wt/contributions/compute-benchmark/OsakaTX/scripts/synthetic_scan_publisher.py --duration 490 --loop-s 40 --hz 5.0 --noise 0.05"
2026-09-25T13:31:07Z,119,"noiseF1_20260925T132529Z",592819,"ros2",0.6,79048,50970,"/usr/bin/python3 /opt/ros/jazzy/bin/ros2 launch /wt/contributions/compute-benchmark/OsakaTX/scripts/lifelong_launch.py slam_params_file:=/wt/contributions/compute-benchmark/OsakaTX/scripts/lifelong_slam_params.yaml use_sim_time:=False autostart:=true"
2026-09-25T13:31:07Z,119,"noiseF1_20260925T132529Z",592820,"ros2",0.5,83528,55457,"/usr/bin/python3 /opt/ros/jazzy/bin/ros2 launch nav2_bringup bringup_launch.py map:=/wt/contributions/compute-benchmark/OsakaTX/scripts/../results/combo2/combo2_nav2_map.yaml params_file:=/wt/contributions/compute-benchmark/OsakaTX/scripts/nav2_params_bench.yaml use_sim_time:=False autostart:=True slam:=False use_localization:=False"
2026-09-25T13:31:07Z,119,"noiseF1_20260925T132529Z",592839,"lifelong_slam_t",95.8,72996,52917,"/opt/ros/jazzy/lib/slam_toolbox/lifelong_slam_toolbox_node --ros-args -r __node:=slam_toolbox -r __ns:=/ --params-file /wt/contributions/compute-benchmark/OsakaTX/scripts/lifelong_slam_params.yaml --params-file /tmp/launch_params_u28nfoc8"
2026-09-25T13:31:07Z,119,"noiseF1_20260925T132529Z",592872,"component_conta",47.2,166748,146656,"/opt/ros/jazzy/lib/rclcpp_components/component_container_isolated --ros-args --log-level info --ros-args -r __node:=nav2_container --params-file /tmp/launch_params_f3kff4o9 --params-file /tmp/launch_params_qbgeiakg -r /tf:=tf -r /tf_static:=tf_static"
2026-09-25T13:31:07Z,119,"noiseF1_20260925T132529Z",592938,"python3",6.6,82844,53853,"python3 /wt/contributions/compute-benchmark/OsakaTX/scripts/nav_goal_seq.py --x 4 --y 4 --yaw 0 --every 22.0 --pause 2.0 --cancel --repeats 0"
2026-09-25T13:31:07Z,119,"noiseF1_20260925T132529Z",592983,"bash",0.5,4560,1359,"bash /wt/contributions/compute-benchmark/xbattlax/scripts/measure_ros_processes.sh --pattern python3|ros2|slam|nav2|component_container|nav_goal_seq --duration 380 --interval 2 --label noiseF1_20260925T132529Z --output /wt/contributions/compute-benchmark/OsakaTX/scripts/../results/combo2/noiseF1_20260925T132529Z.csv"
2026-09-25T13:31:10Z,120,"noiseF1_20260925T132529Z",408070,"python3",0.1,74808,47260,"/usr/bin/python3 -c from ros2cli.daemon.daemonize import main; main() --name ros2-daemon --ros-domain-id 0 --rmw-implementation rmw_fastrtps_cpp"
2026-09-25T13:31:10Z,120,"noiseF1_20260925T132529Z",592803,"python3",5.6,77360,48500,"python3 /wt/contributions/compute-benchmark/OsakaTX/scripts/synthetic_scan_publisher.py --duration 490 --loop-s 40 --hz 5.0 --noise 0.05"
2026-09-25T13:31:10Z,120,"noiseF1_20260925T132529Z",592819,"ros2",0.6,79048,50965,"/usr/bin/python3 /opt/ros/jazzy/bin/ros2 launch /wt/contributions/compute-benchmark/OsakaTX/scripts/lifelong_launch.py slam_params_file:=/wt/contributions/compute-benchmark/OsakaTX/scripts/lifelong_slam_params.yaml use_sim_time:=False autostart:=true"
2026-09-25T13:31:10Z,120,"noiseF1_20260925T132529Z",592820,"ros2",0.5,83528,55457,"/usr/bin/python3 /opt/ros/jazzy/bin/ros2 launch nav2_bringup bringup_launch.py map:=/wt/contributions/compute-benchmark/OsakaTX/scripts/../results/combo2/combo2_nav2_map.yaml params_file:=/wt/contributions/compute-benchmark/OsakaTX/scripts/nav2_params_bench.yaml use_sim_time:=False autostart:=True slam:=False use_localization:=False"
2026-09-25T13:31:10Z,120,"noiseF1_20260925T132529Z",592839,"lifelong_slam_t",95.6,72996,52917,"/opt/ros/jazzy/lib/slam_toolbox/lifelong_slam_toolbox_node --ros-args -r __node:=slam_toolbox -r __ns:=/ --params-file /wt/contributions/compute-benchmark/OsakaTX/scripts/lifelong_slam_params.yaml --params-file /tmp/launch_params_u28nfoc8"
2026-09-25T13:31:10Z,120,"noiseF1_20260925T132529Z",592872,"component_conta",47.2,166748,146656,"/opt/ros/jazzy/lib/rclcpp_components/component_container_isolated --ros-args --log-level info --ros-args -r __node:=nav2_container --params-file /tmp/launch_params_f3kff4o9 --params-file /tmp/launch_params_qbgeiakg -r /tf:=tf -r /tf_static:=tf_static"
2026-09-25T13:31:10Z,120,"noiseF1_20260925T132529Z",592938,"python3",6.6,82844,53856,"python3 /wt/contributions/compute-benchmark/OsakaTX/scripts/nav_goal_seq.py --x 4 --y 4 --yaw 0 --every 22.0 --pause 2.0 --cancel --repeats 0"
2026-09-25T13:31:10Z,120,"noiseF1_20260925T132529Z",592983,"bash",0.5,4560,1363,"bash /wt/contributions/compute-benchmark/xbattlax/scripts/measure_ros_processes.sh --pattern python3|ros2|slam|nav2|component_container|nav_goal_seq --duration 380 --interval 2 --label noiseF1_20260925T132529Z --output /wt/contributions/compute-benchmark/OsakaTX/scripts/../results/combo2/noiseF1_20260925T132529Z.csv"
2026-09-25T13:31:12Z,121,"noiseF1_20260925T132529Z",408070,"python3",0.1,74808,47260,"/usr/bin/python3 -c from ros2cli.daemon.daemonize import main; main() --name ros2-daemon --ros-domain-id 0 --rmw-implementation rmw_fastrtps_cpp"
2026-09-25T13:31:12Z,121,"noiseF1_20260925T132529Z",592803,"python3",5.6,77360,48489,"python3 /wt/contributions/compute-benchmark/OsakaTX/scripts/synthetic_scan_publisher.py --duration 490 --loop-s 40 --hz 5.0 --noise 0.05"
2026-09-25T13:31:12Z,121,"noiseF1_20260925T132529Z",592819,"ros2",0.6,79048,50970,"/usr/bin/python3 /opt/ros/jazzy/bin/ros2 launch /wt/contributions/compute-benchmark/OsakaTX/scripts/lifelong_launch.py slam_params_file:=/wt/contributions/compute-benchmark/OsakaTX/scripts/lifelong_slam_params.yaml use_sim_time:=False autostart:=true"
2026-09-25T13:31:12Z,121,"noiseF1_20260925T132529Z",592820,"ros2",0.5,83528,55449,"/usr/bin/python3 /opt/ros/jazzy/bin/ros2 launch nav2_bringup bringup_launch.py map:=/wt/contributions/compute-benchmark/OsakaTX/scripts/../results/combo2/combo2_nav2_map.yaml params_file:=/wt/contributions/compute-benchmark/OsakaTX/scripts/nav2_params_bench.yaml use_sim_time:=False autostart:=True slam:=False use_localization:=False"
2026-09-25T13:31:12Z,121,"noiseF1_20260925T132529Z",592839,"lifelong_slam_t",95.8,72996,52916,"/opt/ros/jazzy/lib/slam_toolbox/lifelong_slam_toolbox_node --ros-args -r __node:=slam_toolbox -r __ns:=/ --params-file /wt/contributions/compute-benchmark/OsakaTX/scripts/lifelong_slam_params.yaml --params-file /tmp/launch_params_u28nfoc8"
2026-09-25T13:31:12Z,121,"noiseF1_20260925T132529Z",592872,"component_conta",47.2,166748,146657,"/opt/ros/jazzy/lib/rclcpp_components/component_container_isolated --ros-args --log-level info --ros-args -r __node:=nav2_container --params-file /tmp/launch_params_f3kff4o9 --params-file /tmp/launch_params_qbgeiakg -r /tf:=tf -r /tf_static:=tf_static"
2026-09-25T13:31:12Z,121,"noiseF1_20260925T132529Z",592938,"python3",6.6,82844,53854,"python3 /wt/contributions/compute-benchmark/OsakaTX/scripts/nav_goal_seq.py --x 4 --y 4 --yaw 0 --every 22.0 --pause 2.0 --cancel --repeats 0"
2026-09-25T13:31:12Z,121,"noiseF1_20260925T132529Z",592983,"bash",0.5,4560,1364,"bash /wt/contributions/compute-benchmark/xbattlax/scripts/measure_ros_processes.sh --pattern python3|ros2|slam|nav2|component_container|nav_goal_seq --duration 380 --interval 2 --label noiseF1_20260925T132529Z --output /wt/contributions/compute-benchmark/OsakaTX/scripts/../results/combo2/noiseF1_20260925T132529Z.csv"
2026-09-25T13:31:14Z,122,"noiseF1_20260925T132529Z",408070,"python3",0.1,74808,47259,"/usr/bin/python3 -c from ros2cli.daemon.daemonize import main; main() --name ros2-daemon --ros-domain-id 0 --rmw-implementation rmw_fastrtps_cpp"
2026-09-25T13:31:14Z,122,"noiseF1_20260925T132529Z",592803,"python3",5.6,77360,48489,"python3 /wt/contributions/compute-benchmark/OsakaTX/scripts/synthetic_scan_publisher.py --duration 490 --loop-s 40 --hz 5.0 --noise 0.05"
2026-09-25T13:31:14Z,122,"noiseF1_20260925T132529Z",592819,"ros2",0.6,79048,50970,"/usr/bin/python3 /opt/ros/jazzy/bin/ros2 launch /wt/contributions/compute-benchmark/OsakaTX/scripts/lifelong_launch.py slam_params_file:=/wt/contributions/compute-benchmark/OsakaTX/scripts/lifelong_slam_params.yaml use_sim_time:=False autostart:=true"
2026-09-25T13:31:14Z,122,"noiseF1_20260925T132529Z",592820,"ros2",0.5,83528,55459,"/usr/bin/python3 /opt/ros/jazzy/bin/ros2 launch nav2_bringup bringup_launch.py map:=/wt/contributions/compute-benchmark/OsakaTX/scripts/../results/combo2/combo2_nav2_map.yaml params_file:=/wt/contributions/compute-benchmark/OsakaTX/scripts/nav2_params_bench.yaml use_sim_time:=False autostart:=True slam:=False use_localization:=False"
2026-09-25T13:31:14Z,122,"noiseF1_20260925T132529Z",592839,"lifelong_slam_t",96.0,72996,52916,"/opt/ros/jazzy/lib/slam_toolbox/lifelong_slam_toolbox_node --ros-args -r __node:=slam_toolbox -r __ns:=/ --params-file /wt/contributions/compute-benchmark/OsakaTX/scripts/lifelong_slam_params.yaml --params-file /tmp/launch_params_u28nfoc8"
2026-09-25T13:31:14Z,122,"noiseF1_20260925T132529Z",592872,"component_conta",47.3,166748,146656,"/opt/ros/jazzy/lib/rclcpp_components/component_container_isolated --ros-args --log-level info --ros-args -r __node:=nav2_container --params-file /tmp/launch_params_f3kff4o9 --params-file /tmp/launch_params_qbgeiakg -r /tf:=tf -r /tf_static:=tf_static"
2026-09-25T13:31:14Z,122,"noiseF1_20260925T132529Z",592938,"python3",6.6,82844,53852,"python3 /wt/contributions/compute-benchmark/OsakaTX/scripts/nav_goal_seq.py --x 4 --y 4 --yaw 0 --every 22.0 --pause 2.0 --cancel --repeats 0"
2026-09-25T13:31:14Z,122,"noiseF1_20260925T132529Z",592983,"bash",0.5,4560,1364,"bash /wt/contributions/compute-benchmark/xbattlax/scripts/measure_ros_processes.sh --pattern python3|ros2|slam|nav2|component_container|nav_goal_seq --duration 380 --interval 2 --label noiseF1_20260925T132529Z --output /wt/contributions/compute-benchmark/OsakaTX/scripts/../results/combo2/noiseF1_20260925T132529Z.csv"
2026-09-25T13:31:17Z,123,"noiseF1_20260925T132529Z",408070,"python3",0.1,74808,47256,"/usr/bin/python3 -c from ros2cli.daemon.daemonize import main; main() --name ros2-daemon --ros-domain-id 0 --rmw-implementation rmw_fastrtps_cpp"
2026-09-25T13:31:17Z,123,"noiseF1_20260925T132529Z",592803,"python3",5.6,77360,48490,"python3 /wt/contributions/compute-benchmark/OsakaTX/scripts/synthetic_scan_publisher.py --duration 490 --loop-s 40 --hz 5.0 --noise 0.05"
2026-09-25T13:31:17Z,123,"noiseF1_20260925T132529Z",592819,"ros2",0.6,79048,50967,"/usr/bin/python3 /opt/ros/jazzy/bin/ros2 launch /wt/contributions/compute-benchmark/OsakaTX/scripts/lifelong_launch.py slam_params_file:=/wt/contributions/compute-benchmark/OsakaTX/scripts/lifelong_slam_params.yaml use_sim_time:=False autostart:=true"
2026-09-25T13:31:17Z,123,"noiseF1_20260925T132529Z",592820,"ros2",0.5,83528,55453,"/usr/bin/python3 /opt/ros/jazzy/bin/ros2 launch nav2_bringup bringup_launch.py map:=/wt/contributions/compute-benchmark/OsakaTX/scripts/../results/combo2/combo2_nav2_map.yaml params_file:=/wt/contributions/compute-benchmark/OsakaTX/scripts/nav2_params_bench.yaml use_sim_time:=False autostart:=True slam:=False use_localization:=False"
2026-09-25T13:31:17Z,123,"noiseF1_20260925T132529Z",592839,"lifelong_slam_t",95.9,72996,52916,"/opt/ros/jazzy/lib/slam_toolbox/lifelong_slam_toolbox_node --ros-args -r __node:=slam_toolbox -r __ns:=/ --params-file /wt/contributions/compute-benchmark/OsakaTX/scripts/lifelong_slam_params.yaml --params-file /tmp/launch_params_u28nfoc8"
2026-09-25T13:31:17Z,123,"noiseF1_20260925T132529Z",592872,"component_conta",47.3,166776,146685,"/opt/ros/jazzy/lib/rclcpp_components/component_container_isolated --ros-args --log-level info --ros-args -r __node:=nav2_container --params-file /tmp/launch_params_f3kff4o9 --params-file /tmp/launch_params_qbgeiakg -r /tf:=tf -r /tf_static:=tf_static"
2026-09-25T13:31:17Z,123,"noiseF1_20260925T132529Z",592938,"python3",6.6,82844,53856,"python3 /wt/contributions/compute-benchmark/OsakaTX/scripts/nav_goal_seq.py --x 4 --y 4 --yaw 0 --every 22.0 --pause 2.0 --cancel --repeats 0"
2026-09-25T13:31:17Z,123,"noiseF1_20260925T132529Z",592983,"bash",0.5,4560,1357,"bash /wt/contributions/compute-benchmark/xbattlax/scripts/measure_ros_processes.sh --pattern python3|ros2|slam|nav2|component_container|nav_goal_seq --duration 380 --interval 2 --label noiseF1_20260925T132529Z --output /wt/contributions/compute-benchmark/OsakaTX/scripts/../results/combo2/noiseF1_20260925T132529Z.csv"
2026-09-25T13:31:20Z,124,"noiseF1_20260925T132529Z",408070,"python3",0.1,74808,47260,"/usr/bin/python3 -c from ros2cli.daemon.daemonize import main; main() --name ros2-daemon --ros-domain-id 0 --rmw-implementation rmw_fastrtps_cpp"
2026-09-25T13:31:20Z,124,"noiseF1_20260925T132529Z",592803,"python3",5.6,77360,48499,"python3 /wt/contributions/compute-benchmark/OsakaTX/scripts/synthetic_scan_publisher.py --duration 490 --loop-s 40 --hz 5.0 --noise 0.05"
2026-09-25T13:31:20Z,124,"noiseF1_20260925T132529Z",592819,"ros2",0.6,79048,50969,"/usr/bin/python3 /opt/ros/jazzy/bin/ros2 launch /wt/contributions/compute-benchmark/OsakaTX/scripts/lifelong_launch.py slam_params_file:=/wt/contributions/compute-benchmark/OsakaTX/scripts/lifelong_slam_params.yaml use_sim_time:=False autostart:=true"
2026-09-25T13:31:20Z,124,"noiseF1_20260925T132529Z",592820,"ros2",0.5,83528,55457,"/usr/bin/python3 /opt/ros/jazzy/bin/ros2 launch nav2_bringup bringup_launch.py map:=/wt/contributions/compute-benchmark/OsakaTX/scripts/../results/combo2/combo2_nav2_map.yaml params_file:=/wt/contributions/compute-benchmark/OsakaTX/scripts/nav2_params_bench.yaml use_sim_time:=False autostart:=True slam:=False use_localization:=False"
2026-09-25T13:31:20Z,124,"noiseF1_20260925T132529Z",592839,"lifelong_slam_t",96.1,72996,52916,"/opt/ros/jazzy/lib/slam_toolbox/lifelong_slam_toolbox_node --ros-args -r __node:=slam_toolbox -r __ns:=/ --params-file /wt/contributions/compute-benchmark/OsakaTX/scripts/lifelong_slam_params.yaml --params-file /tmp/launch_params_u28nfoc8"
2026-09-25T13:31:20Z,124,"noiseF1_20260925T132529Z",592872,"component_conta",47.3,166776,146685,"/opt/ros/jazzy/lib/rclcpp_components/component_container_isolated --ros-args --log-level info --ros-args -r __node:=nav2_container --params-file /tmp/launch_params_f3kff4o9 --params-file /tmp/launch_params_qbgeiakg -r /tf:=tf -r /tf_static:=tf_static"
2026-09-25T13:31:20Z,124,"noiseF1_20260925T132529Z",592938,"python3",6.6,82844,53853,"python3 /wt/contributions/compute-benchmark/OsakaTX/scripts/nav_goal_seq.py --x 4 --y 4 --yaw 0 --every 22.0 --pause 2.0 --cancel --repeats 0"
2026-09-25T13:31:20Z,124,"noiseF1_20260925T132529Z",592983,"bash",0.5,4560,1360,"bash /wt/contributions/compute-benchmark/xbattlax/scripts/measure_ros_processes.sh --pattern python3|ros2|slam|nav2|component_container|nav_goal_seq --duration 380 --interval 2 --label noiseF1_20260925T132529Z --output /wt/contributions/compute-benchmark/OsakaTX/scripts/../results/combo2/noiseF1_20260925T132529Z.csv"
2026-09-25T13:31:22Z,125,"noiseF1_20260925T132529Z",408070,"python3",0.1,74808,47260,"/usr/bin/python3 -c from ros2cli.daemon.daemonize import main; main() --name ros2-daemon --ros-domain-id 0 --rmw-implementation rmw_fastrtps_cpp"
2026-09-25T13:31:22Z,125,"noiseF1_20260925T132529Z",592803,"python3",5.6,77360,48501,"python3 /wt/contributions/compute-benchmark/OsakaTX/scripts/synthetic_scan_publisher.py --duration 490 --loop-s 40 --hz 5.0 --noise 0.05"
2026-09-25T13:31:22Z,125,"noiseF1_20260925T132529Z",592819,"ros2",0.6,79048,50969,"/usr/bin/python3 /opt/ros/jazzy/bin/ros2 launch /wt/contributions/compute-benchmark/OsakaTX/scripts/lifelong_launch.py slam_params_file:=/wt/contributions/compute-benchmark/OsakaTX/scripts/lifelong_slam_params.yaml use_sim_time:=False autostart:=true"
2026-09-25T13:31:22Z,125,"noiseF1_20260925T132529Z",592820,"ros2",0.5,83528,55458,"/usr/bin/python3 /opt/ros/jazzy/bin/ros2 launch nav2_bringup bringup_launch.py map:=/wt/contributions/compute-benchmark/OsakaTX/scripts/../results/combo2/combo2_nav2_map.yaml params_file:=/wt/contributions/compute-benchmark/OsakaTX/scripts/nav2_params_bench.yaml use_sim_time:=False autostart:=True slam:=False use_localization:=False"
2026-09-25T13:31:22Z,125,"noiseF1_20260925T132529Z",592839,"lifelong_slam_t",96.3,72996,52917,"/opt/ros/jazzy/lib/slam_toolbox/lifelong_slam_toolbox_node --ros-args -r __node:=slam_toolbox -r __ns:=/ --params-file /wt/contributions/compute-benchmark/OsakaTX/scripts/lifelong_slam_params.yaml --params-file /tmp/launch_params_u28nfoc8"
2026-09-25T13:31:22Z,125,"noiseF1_20260925T132529Z",592872,"component_conta",47.4,166804,146712,"/opt/ros/jazzy/lib/rclcpp_components/component_container_isolated --ros-args --log-level info --ros-args -r __node:=nav2_container --params-file /tmp/launch_params_f3kff4o9 --params-file /tmp/launch_params_qbgeiakg -r /tf:=tf -r /tf_static:=tf_static"
2026-09-25T13:31:22Z,125,"noiseF1_20260925T132529Z",592938,"python3",6.6,82844,53855,"python3 /wt/contributions/compute-benchmark/OsakaTX/scripts/nav_goal_seq.py --x 4 --y 4 --yaw 0 --every 22.0 --pause 2.0 --cancel --repeats 0"
2026-09-25T13:31:22Z,125,"noiseF1_20260925T132529Z",592983,"bash",0.5,4560,1365,"bash /wt/contributions/compute-benchmark/xbattlax/scripts/measure_ros_processes.sh --pattern python3|ros2|slam|nav2|component_container|nav_goal_seq --duration 380 --interval 2 --label noiseF1_20260925T132529Z --output /wt/contributions/compute-benchmark/OsakaTX/scripts/../results/combo2/noiseF1_20260925T132529Z.csv"
2026-09-25T13:31:25Z,126,"noiseF1_20260925T132529Z",408070,"python3",0.1,74808,47260,"/usr/bin/python3 -c from ros2cli.daemon.daemonize import main; main() --name ros2-daemon --ros-domain-id 0 --rmw-implementation rmw_fastrtps_cpp"
2026-09-25T13:31:25Z,126,"noiseF1_20260925T132529Z",592803,"python3",5.6,77360,48496,"python3 /wt/contributions/compute-benchmark/OsakaTX/scripts/synthetic_scan_publisher.py --duration 490 --loop-s 40 --hz 5.0 --noise 0.05"
2026-09-25T13:31:25Z,126,"noiseF1_20260925T132529Z",592819,"ros2",0.6,79048,50963,"/usr/bin/python3 /opt/ros/jazzy/bin/ros2 launch /wt/contributions/compute-benchmark/OsakaTX/scripts/lifelong_launch.py slam_params_file:=/wt/contributions/compute-benchmark/OsakaTX/scripts/lifelong_slam_params.yaml use_sim_time:=False autostart:=true"
2026-09-25T13:31:25Z,126,"noiseF1_20260925T132529Z",592820,"ros2",0.5,83528,55457,"/usr/bin/python3 /opt/ros/jazzy/bin/ros2 launch nav2_bringup bringup_launch.py map:=/wt/contributions/compute-benchmark/OsakaTX/scripts/../results/combo2/combo2_nav2_map.yaml params_file:=/wt/contributions/compute-benchmark/OsakaTX/scripts/nav2_params_bench.yaml use_sim_time:=False autostart:=True slam:=False use_localization:=False"
2026-09-25T13:31:25Z,126,"noiseF1_20260925T132529Z",592839,"lifelong_slam_t",96.5,72996,52915,"/opt/ros/jazzy/lib/slam_toolbox/lifelong_slam_toolbox_node --ros-args -r __node:=slam_toolbox -r __ns:=/ --params-file /wt/contributions/compute-benchmark/OsakaTX/scripts/lifelong_slam_params.yaml --params-file /tmp/launch_params_u28nfoc8"
2026-09-25T13:31:25Z,126,"noiseF1_20260925T132529Z",592872,"component_conta",47.3,165736,145644,"/opt/ros/jazzy/lib/rclcpp_components/component_container_isolated --ros-args --log-level info --ros-args -r __node:=nav2_container --params-file /tmp/launch_params_f3kff4o9 --params-file /tmp/launch_params_qbgeiakg -r /tf:=tf -r /tf_static:=tf_static"
2026-09-25T13:31:25Z,126,"noiseF1_20260925T132529Z",592938,"python3",6.6,82844,53852,"python3 /wt/contributions/compute-benchmark/OsakaTX/scripts/nav_goal_seq.py --x 4 --y 4 --yaw 0 --every 22.0 --pause 2.0 --cancel --repeats 0"
2026-09-25T13:31:25Z,126,"noiseF1_20260925T132529Z",592983,"bash",0.5,4560,1359,"bash /wt/contributions/compute-benchmark/xbattlax/scripts/measure_ros_processes.sh --pattern python3|ros2|slam|nav2|component_container|nav_goal_seq --duration 380 --interval 2 --label noiseF1_20260925T132529Z --output /wt/contributions/compute-benchmark/OsakaTX/scripts/../results/combo2/noiseF1_20260925T132529Z.csv"
2026-09-25T13:31:27Z,127,"noiseF1_20260925T132529Z",408070,"python3",0.1,74808,47259,"/usr/bin/python3 -c from ros2cli.daemon.daemonize import main; main() --name ros2-daemon --ros-domain-id 0 --rmw-implementation rmw_fastrtps_cpp"
2026-09-25T13:31:27Z,127,"noiseF1_20260925T132529Z",592803,"python3",5.6,77360,48501,"python3 /wt/contributions/compute-benchmark/OsakaTX/scripts/synthetic_scan_publisher.py --duration 490 --loop-s 40 --hz 5.0 --noise 0.05"
2026-09-25T13:31:27Z,127,"noiseF1_20260925T132529Z",592819,"ros2",0.6,79048,50963,"/usr/bin/python3 /opt/ros/jazzy/bin/ros2 launch /wt/contributions/compute-benchmark/OsakaTX/scripts/lifelong_launch.py slam_params_file:=/wt/contributions/compute-benchmark/OsakaTX/scripts/lifelong_slam_params.yaml use_sim_time:=False autostart:=true"
2026-09-25T13:31:27Z,127,"noiseF1_20260925T132529Z",592820,"ros2",0.5,83528,55457,"/usr/bin/python3 /opt/ros/jazzy/bin/ros2 launch nav2_bringup bringup_launch.py map:=/wt/contributions/compute-benchmark/OsakaTX/scripts/../results/combo2/combo2_nav2_map.yaml params_file:=/wt/contributions/compute-benchmark/OsakaTX/scripts/nav2_params_bench.yaml use_sim_time:=False autostart:=True slam:=False use_localization:=False"
2026-09-25T13:31:27Z,127,"noiseF1_20260925T132529Z",592839,"lifelong_slam_t",96.7,73056,52976,"/opt/ros/jazzy/lib/slam_toolbox/lifelong_slam_toolbox_node --ros-args -r __node:=slam_toolbox -r __ns:=/ --params-file /wt/contributions/compute-benchmark/OsakaTX/scripts/lifelong_slam_params.yaml --params-file /tmp/launch_params_u28nfoc8"
2026-09-25T13:31:27Z,127,"noiseF1_20260925T132529Z",592872,"component_conta",47.3,165656,145564,"/opt/ros/jazzy/lib/rclcpp_components/component_container_isolated --ros-args --log-level info --ros-args -r __node:=nav2_container --params-file /tmp/launch_params_f3kff4o9 --params-file /tmp/launch_params_qbgeiakg -r /tf:=tf -r /tf_static:=tf_static"
2026-09-25T13:31:27Z,127,"noiseF1_20260925T132529Z",592938,"python3",6.5,82848,53859,"python3 /wt/contributions/compute-benchmark/OsakaTX/scripts/nav_goal_seq.py --x 4 --y 4 --yaw 0 --every 22.0 --pause 2.0 --cancel --repeats 0"
2026-09-25T13:31:27Z,127,"noiseF1_20260925T132529Z",592983,"bash",0.5,4560,1365,"bash /wt/contributions/compute-benchmark/xbattlax/scripts/measure_ros_processes.sh --pattern python3|ros2|slam|nav2|component_container|nav_goal_seq --duration 380 --interval 2 --label noiseF1_20260925T132529Z --output /wt/contributions/compute-benchmark/OsakaTX/scripts/../results/combo2/noiseF1_20260925T132529Z.csv"
2026-09-25T13:31:29Z,128,"noiseF1_20260925T132529Z",408070,"python3",0.1,74808,47258,"/usr/bin/python3 -c from ros2cli.daemon.daemonize import main; main() --name ros2-daemon --ros-domain-id 0 --rmw-implementation rmw_fastrtps_cpp"
2026-09-25T13:31:29Z,128,"noiseF1_20260925T132529Z",592803,"python3",5.6,77360,48501,"python3 /wt/contributions/compute-benchmark/OsakaTX/scripts/synthetic_scan_publisher.py --duration 490 --loop-s 40 --hz 5.0 --noise 0.05"
2026-09-25T13:31:29Z,128,"noiseF1_20260925T132529Z",592819,"ros2",0.6,79048,50969,"/usr/bin/python3 /opt/ros/jazzy/bin/ros2 launch /wt/contributions/compute-benchmark/OsakaTX/scripts/lifelong_launch.py slam_params_file:=/wt/contributions/compute-benchmark/OsakaTX/scripts/lifelong_slam_params.yaml use_sim_time:=False autostart:=true"
2026-09-25T13:31:29Z,128,"noiseF1_20260925T132529Z",592820,"ros2",0.5,83528,55458,"/usr/bin/python3 /opt/ros/jazzy/bin/ros2 launch nav2_bringup bringup_launch.py map:=/wt/contributions/compute-benchmark/OsakaTX/scripts/../results/combo2/combo2_nav2_map.yaml params_file:=/wt/contributions/compute-benchmark/OsakaTX/scripts/nav2_params_bench.yaml use_sim_time:=False autostart:=True slam:=False use_localization:=False"
2026-09-25T13:31:29Z,128,"noiseF1_20260925T132529Z",592839,"lifelong_slam_t",96.9,73220,53139,"/opt/ros/jazzy/lib/slam_toolbox/lifelong_slam_toolbox_node --ros-args -r __node:=slam_toolbox -r __ns:=/ --params-file /wt/contributions/compute-benchmark/OsakaTX/scripts/lifelong_slam_params.yaml --params-file /tmp/launch_params_u28nfoc8"
2026-09-25T13:31:29Z,128,"noiseF1_20260925T132529Z",592872,"component_conta",47.3,165656,146000,"/opt/ros/jazzy/lib/rclcpp_components/component_container_isolated --ros-args --log-level info --ros-args -r __node:=nav2_container --params-file /tmp/launch_params_f3kff4o9 --params-file /tmp/launch_params_qbgeiakg -r /tf:=tf -r /tf_static:=tf_static"
2026-09-25T13:31:29Z,128,"noiseF1_20260925T132529Z",592938,"python3",6.6,82848,53859,"python3 /wt/contributions/compute-benchmark/OsakaTX/scripts/nav_goal_seq.py --x 4 --y 4 --yaw 0 --every 22.0 --pause 2.0 --cancel --repeats 0"
2026-09-25T13:31:29Z,128,"noiseF1_20260925T132529Z",592983,"bash",0.5,4560,1359,"bash /wt/contributions/compute-benchmark/xbattlax/scripts/measure_ros_processes.sh --pattern python3|ros2|slam|nav2|component_container|nav_goal_seq --duration 380 --interval 2 --label noiseF1_20260925T132529Z --output /wt/contributions/compute-benchmark/OsakaTX/scripts/../results/combo2/noiseF1_20260925T132529Z.csv"
2026-09-25T13:31:32Z,129,"noiseF1_20260925T132529Z",408070,"python3",0.1,74808,47260,"/usr/bin/python3 -c from ros2cli.daemon.daemonize import main; main() --name ros2-daemon --ros-domain-id 0 --rmw-implementation rmw_fastrtps_cpp"
2026-09-25T13:31:32Z,129,"noiseF1_20260925T132529Z",592803,"python3",5.6,77360,48498,"python3 /wt/contributions/compute-benchmark/OsakaTX/scripts/synthetic_scan_publisher.py --duration 490 --loop-s 40 --hz 5.0 --noise 0.05"
2026-09-25T13:31:32Z,129,"noiseF1_20260925T132529Z",592819,"ros2",0.6,79048,50966,"/usr/bin/python3 /opt/ros/jazzy/bin/ros2 launch /wt/contributions/compute-benchmark/OsakaTX/scripts/lifelong_launch.py slam_params_file:=/wt/contributions/compute-benchmark/OsakaTX/scripts/lifelong_slam_params.yaml use_sim_time:=False autostart:=true"
2026-09-25T13:31:32Z,129,"noiseF1_20260925T132529Z",592820,"ros2",0.5,83528,55457,"/usr/bin/python3 /opt/ros/jazzy/bin/ros2 launch nav2_bringup bringup_launch.py map:=/wt/contributions/compute-benchmark/OsakaTX/scripts/../results/combo2/combo2_nav2_map.yaml params_file:=/wt/contributions/compute-benchmark/OsakaTX/scripts/nav2_params_bench.yaml use_sim_time:=False autostart:=True slam:=False use_localization:=False"
2026-09-25T13:31:32Z,129,"noiseF1_20260925T132529Z",592839,"lifelong_slam_t",97.0,73220,53140,"/opt/ros/jazzy/lib/slam_toolbox/lifelong_slam_toolbox_node --ros-args -r __node:=slam_toolbox -r __ns:=/ --params-file /wt/contributions/compute-benchmark/OsakaTX/scripts/lifelong_slam_params.yaml --params-file /tmp/launch_params_u28nfoc8"
2026-09-25T13:31:32Z,129,"noiseF1_20260925T132529Z",592872,"component_conta",47.2,169584,149493,"/opt/ros/jazzy/lib/rclcpp_components/component_container_isolated --ros-args --log-level info --ros-args -r __node:=nav2_container --params-file /tmp/launch_params_f3kff4o9 --params-file /tmp/launch_params_qbgeiakg -r /tf:=tf -r /tf_static:=tf_static"
2026-09-25T13:31:32Z,129,"noiseF1_20260925T132529Z",592938,"python3",6.6,82848,53856,"python3 /wt/contributions/compute-benchmark/OsakaTX/scripts/nav_goal_seq.py --x 4 --y 4 --yaw 0 --every 22.0 --pause 2.0 --cancel --repeats 0"
2026-09-25T13:31:32Z,129,"noiseF1_20260925T132529Z",592983,"bash",0.5,4560,1365,"bash /wt/contributions/compute-benchmark/xbattlax/scripts/measure_ros_processes.sh --pattern python3|ros2|slam|nav2|component_container|nav_goal_seq --duration 380 --interval 2 --label noiseF1_20260925T132529Z --output /wt/contributions/compute-benchmark/OsakaTX/scripts/../results/combo2/noiseF1_20260925T132529Z.csv"
2026-09-25T13:31:35Z,130,"noiseF1_20260925T132529Z",408070,"python3",0.1,74808,47260,"/usr/bin/python3 -c from ros2cli.daemon.daemonize import main; main() --name ros2-daemon --ros-domain-id 0 --rmw-implementation rmw_fastrtps_cpp"
2026-09-25T13:31:35Z,130,"noiseF1_20260925T132529Z",592803,"python3",5.6,77360,48501,"python3 /wt/contributions/compute-benchmark/OsakaTX/scripts/synthetic_scan_publisher.py --duration 490 --loop-s 40 --hz 5.0 --noise 0.05"
2026-09-25T13:31:35Z,130,"noiseF1_20260925T132529Z",592819,"ros2",0.6,79048,50970,"/usr/bin/python3 /opt/ros/jazzy/bin/ros2 launch /wt/contributions/compute-benchmark/OsakaTX/scripts/lifelong_launch.py slam_params_file:=/wt/contributions/compute-benchmark/OsakaTX/scripts/lifelong_slam_params.yaml use_sim_time:=False autostart:=true"
2026-09-25T13:31:35Z,130,"noiseF1_20260925T132529Z",592820,"ros2",0.5,83528,55457,"/usr/bin/python3 /opt/ros/jazzy/bin/ros2 launch nav2_bringup bringup_launch.py map:=/wt/contributions/compute-benchmark/OsakaTX/scripts/../results/combo2/combo2_nav2_map.yaml params_file:=/wt/contributions/compute-benchmark/OsakaTX/scripts/nav2_params_bench.yaml use_sim_time:=False autostart:=True slam:=False use_localization:=False"
2026-09-25T13:31:35Z,130,"noiseF1_20260925T132529Z",592839,"lifelong_slam_t",96.8,73248,53168,"/opt/ros/jazzy/lib/slam_toolbox/lifelong_slam_toolbox_node --ros-args -r __node:=slam_toolbox -r __ns:=/ --params-file /wt/contributions/compute-benchmark/OsakaTX/scripts/lifelong_slam_params.yaml --params-file /tmp/launch_params_u28nfoc8"
2026-09-25T13:31:35Z,130,"noiseF1_20260925T132529Z",592872,"component_conta",47.3,167204,146800,"/opt/ros/jazzy/lib/rclcpp_components/component_container_isolated --ros-args --log-level info --ros-args -r __node:=nav2_container --params-file /tmp/launch_params_f3kff4o9 --params-file /tmp/launch_params_qbgeiakg -r /tf:=tf -r /tf_static:=tf_static"
2026-09-25T13:31:35Z,130,"noiseF1_20260925T132529Z",592938,"python3",6.6,82848,53857,"python3 /wt/contributions/compute-benchmark/OsakaTX/scripts/nav_goal_seq.py --x 4 --y 4 --yaw 0 --every 22.0 --pause 2.0 --cancel --repeats 0"
2026-09-25T13:31:35Z,130,"noiseF1_20260925T132529Z",592983,"bash",0.5,4560,1365,"bash /wt/contributions/compute-benchmark/xbattlax/scripts/measure_ros_processes.sh --pattern python3|ros2|slam|nav2|component_container|nav_goal_seq --duration 380 --interval 2 --label noiseF1_20260925T132529Z --output /wt/contributions/compute-benchmark/OsakaTX/scripts/../results/combo2/noiseF1_20260925T132529Z.csv"
2026-09-25T13:31:37Z,131,"noiseF1_20260925T132529Z",408070,"python3",0.1,74808,47257,"/usr/bin/python3 -c from ros2cli.daemon.daemonize import main; main() --name ros2-daemon --ros-domain-id 0 --rmw-implementation rmw_fastrtps_cpp"
2026-09-25T13:31:37Z,131,"noiseF1_20260925T132529Z",592803,"python3",5.6,77360,48491,"python3 /wt/contributions/compute-benchmark/OsakaTX/scripts/synthetic_scan_publisher.py --duration 490 --loop-s 40 --hz 5.0 --noise 0.05"
2026-09-25T13:31:37Z,131,"noiseF1_20260925T132529Z",592819,"ros2",0.6,79048,50970,"/usr/bin/python3 /opt/ros/jazzy/bin/ros2 launch /wt/contributions/compute-benchmark/OsakaTX/scripts/lifelong_launch.py slam_params_file:=/wt/contributions/compute-benchmark/OsakaTX/scripts/lifelong_slam_params.yaml use_sim_time:=False autostart:=true"
2026-09-25T13:31:37Z,131,"noiseF1_20260925T132529Z",592820,"ros2",0.5,83528,55457,"/usr/bin/python3 /opt/ros/jazzy/bin/ros2 launch nav2_bringup bringup_launch.py map:=/wt/contributions/compute-benchmark/OsakaTX/scripts/../results/combo2/combo2_nav2_map.yaml params_file:=/wt/contributions/compute-benchmark/OsakaTX/scripts/nav2_params_bench.yaml use_sim_time:=False autostart:=True slam:=False use_localization:=False"
2026-09-25T13:31:37Z,131,"noiseF1_20260925T132529Z",592839,"lifelong_slam_t",96.6,73356,53277,"/opt/ros/jazzy/lib/slam_toolbox/lifelong_slam_toolbox_node --ros-args -r __node:=slam_toolbox -r __ns:=/ --params-file /wt/contributions/compute-benchmark/OsakaTX/scripts/lifelong_slam_params.yaml --params-file /tmp/launch_params_u28nfoc8"
2026-09-25T13:31:37Z,131,"noiseF1_20260925T132529Z",592872,"component_conta",47.3,167640,147548,"/opt/ros/jazzy/lib/rclcpp_components/component_container_isolated --ros-args --log-level info --ros-args -r __node:=nav2_container --params-file /tmp/launch_params_f3kff4o9 --params-file /tmp/launch_params_qbgeiakg -r /tf:=tf -r /tf_static:=tf_static"
2026-09-25T13:31:37Z,131,"noiseF1_20260925T132529Z",592938,"python3",6.6,82848,53859,"python3 /wt/contributions/compute-benchmark/OsakaTX/scripts/nav_goal_seq.py --x 4 --y 4 --yaw 0 --every 22.0 --pause 2.0 --cancel --repeats 0"
2026-09-25T13:31:37Z,131,"noiseF1_20260925T132529Z",592983,"bash",0.5,4560,1361,"bash /wt/contributions/compute-benchmark/xbattlax/scripts/measure_ros_processes.sh --pattern python3|ros2|slam|nav2|component_container|nav_goal_seq --duration 380 --interval 2 --label noiseF1_20260925T132529Z --output /wt/contributions/compute-benchmark/OsakaTX/scripts/../results/combo2/noiseF1_20260925T132529Z.csv"
2026-09-25T13:31:40Z,132,"noiseF1_20260925T132529Z",408070,"python3",0.1,74808,47258,"/usr/bin/python3 -c from ros2cli.daemon.daemonize import main; main() --name ros2-daemon --ros-domain-id 0 --rmw-implementation rmw_fastrtps_cpp"
2026-09-25T13:31:40Z,132,"noiseF1_20260925T132529Z",592803,"python3",5.6,77360,48501,"python3 /wt/contributions/compute-benchmark/OsakaTX/scripts/synthetic_scan_publisher.py --duration 490 --loop-s 40 --hz 5.0 --noise 0.05"
2026-09-25T13:31:40Z,132,"noiseF1_20260925T132529Z",592819,"ros2",0.6,79048,50969,"/usr/bin/python3 /opt/ros/jazzy/bin/ros2 launch /wt/contributions/compute-benchmark/OsakaTX/scripts/lifelong_launch.py slam_params_file:=/wt/contributions/compute-benchmark/OsakaTX/scripts/lifelong_slam_params.yaml use_sim_time:=False autostart:=true"
2026-09-25T13:31:40Z,132,"noiseF1_20260925T132529Z",592820,"ros2",0.5,83528,55458,"/usr/bin/python3 /opt/ros/jazzy/bin/ros2 launch nav2_bringup bringup_launch.py map:=/wt/contributions/compute-benchmark/OsakaTX/scripts/../results/combo2/combo2_nav2_map.yaml params_file:=/wt/contributions/compute-benchmark/OsakaTX/scripts/nav2_params_bench.yaml use_sim_time:=False autostart:=True slam:=False use_localization:=False"
2026-09-25T13:31:40Z,132,"noiseF1_20260925T132529Z",592839,"lifelong_slam_t",96.4,73356,53277,"/opt/ros/jazzy/lib/slam_toolbox/lifelong_slam_toolbox_node --ros-args -r __node:=slam_toolbox -r __ns:=/ --params-file /wt/contributions/compute-benchmark/OsakaTX/scripts/lifelong_slam_params.yaml --params-file /tmp/launch_params_u28nfoc8"
2026-09-25T13:31:40Z,132,"noiseF1_20260925T132529Z",592872,"component_conta",47.3,167640,147548,"/opt/ros/jazzy/lib/rclcpp_components/component_container_isolated --ros-args --log-level info --ros-args -r __node:=nav2_container --params-file /tmp/launch_params_f3kff4o9 --params-file /tmp/launch_params_qbgeiakg -r /tf:=tf -r /tf_static:=tf_static"
2026-09-25T13:31:40Z,132,"noiseF1_20260925T132529Z",592938,"python3",6.6,82848,53859,"python3 /wt/contributions/compute-benchmark/OsakaTX/scripts/nav_goal_seq.py --x 4 --y 4 --yaw 0 --every 22.0 --pause 2.0 --cancel --repeats 0"
2026-09-25T13:31:40Z,132,"noiseF1_20260925T132529Z",592983,"bash",0.5,4560,1361,"bash /wt/contributions/compute-benchmark/xbattlax/scripts/measure_ros_processes.sh --pattern python3|ros2|slam|nav2|component_container|nav_goal_seq --duration 380 --interval 2 --label noiseF1_20260925T132529Z --output /wt/contributions/compute-benchmark/OsakaTX/scripts/../results/combo2/noiseF1_20260925T132529Z.csv"
2026-09-25T13:31:42Z,133,"noiseF1_20260925T132529Z",408070,"python3",0.1,74808,47257,"/usr/bin/python3 -c from ros2cli.daemon.daemonize import main; main() --name ros2-daemon --ros-domain-id 0 --rmw-implementation rmw_fastrtps_cpp"
2026-09-25T13:31:42Z,133,"noiseF1_20260925T132529Z",592803,"python3",5.6,77360,48501,"python3 /wt/contributions/compute-benchmark/OsakaTX/scripts/synthetic_scan_publisher.py --duration 490 --loop-s 40 --hz 5.0 --noise 0.05"
2026-09-25T13:31:42Z,133,"noiseF1_20260925T132529Z",592819,"ros2",0.6,79048,50967,"/usr/bin/python3 /opt/ros/jazzy/bin/ros2 launch /wt/contributions/compute-benchmark/OsakaTX/scripts/lifelong_launch.py slam_params_file:=/wt/contributions/compute-benchmark/OsakaTX/scripts/lifelong_slam_params.yaml use_sim_time:=False autostart:=true"
2026-09-25T13:31:42Z,133,"noiseF1_20260925T132529Z",592820,"ros2",0.5,83528,55457,"/usr/bin/python3 /opt/ros/jazzy/bin/ros2 launch nav2_bringup bringup_launch.py map:=/wt/contributions/compute-benchmark/OsakaTX/scripts/../results/combo2/combo2_nav2_map.yaml params_file:=/wt/contributions/compute-benchmark/OsakaTX/scripts/nav2_params_bench.yaml use_sim_time:=False autostart:=True slam:=False use_localization:=False"
2026-09-25T13:31:42Z,133,"noiseF1_20260925T132529Z",592839,"lifelong_slam_t",96.5,73440,53361,"/opt/ros/jazzy/lib/slam_toolbox/lifelong_slam_toolbox_node --ros-args -r __node:=slam_toolbox -r __ns:=/ --params-file /wt/contributions/compute-benchmark/OsakaTX/scripts/lifelong_slam_params.yaml --params-file /tmp/launch_params_u28nfoc8"
2026-09-25T13:31:42Z,133,"noiseF1_20260925T132529Z",592872,"component_conta",47.3,167640,147549,"/opt/ros/jazzy/lib/rclcpp_components/component_container_isolated --ros-args --log-level info --ros-args -r __node:=nav2_container --params-file /tmp/launch_params_f3kff4o9 --params-file /tmp/launch_params_qbgeiakg -r /tf:=tf -r /tf_static:=tf_static"
2026-09-25T13:31:42Z,133,"noiseF1_20260925T132529Z",592938,"python3",6.6,82848,53859,"python3 /wt/contributions/compute-benchmark/OsakaTX/scripts/nav_goal_seq.py --x 4 --y 4 --yaw 0 --every 22.0 --pause 2.0 --cancel --repeats 0"
2026-09-25T13:31:42Z,133,"noiseF1_20260925T132529Z",592983,"bash",0.5,4560,1361,"bash /wt/contributions/compute-benchmark/xbattlax/scripts/measure_ros_processes.sh --pattern python3|ros2|slam|nav2|component_container|nav_goal_seq --duration 380 --interval 2 --label noiseF1_20260925T132529Z --output /wt/contributions/compute-benchmark/OsakaTX/scripts/../results/combo2/noiseF1_20260925T132529Z.csv"
2026-09-25T13:31:44Z,134,"noiseF1_20260925T132529Z",408070,"python3",0.1,74808,47256,"/usr/bin/python3 -c from ros2cli.daemon.daemonize import main; main() --name ros2-daemon --ros-domain-id 0 --rmw-implementation rmw_fastrtps_cpp"
2026-09-25T13:31:44Z,134,"noiseF1_20260925T132529Z",592803,"python3",5.6,77360,48497,"python3 /wt/contributions/compute-benchmark/OsakaTX/scripts/synthetic_scan_publisher.py --duration 490 --loop-s 40 --hz 5.0 --noise 0.05"
2026-09-25T13:31:44Z,134,"noiseF1_20260925T132529Z",592819,"ros2",0.6,79048,50970,"/usr/bin/python3 /opt/ros/jazzy/bin/ros2 launch /wt/contributions/compute-benchmark/OsakaTX/scripts/lifelong_launch.py slam_params_file:=/wt/contributions/compute-benchmark/OsakaTX/scripts/lifelong_slam_params.yaml use_sim_time:=False autostart:=true"
2026-09-25T13:31:44Z,134,"noiseF1_20260925T132529Z",592820,"ros2",0.5,83528,55459,"/usr/bin/python3 /opt/ros/jazzy/bin/ros2 launch nav2_bringup bringup_launch.py map:=/wt/contributions/compute-benchmark/OsakaTX/scripts/../results/combo2/combo2_nav2_map.yaml params_file:=/wt/contributions/compute-benchmark/OsakaTX/scripts/nav2_params_bench.yaml use_sim_time:=False autostart:=True slam:=False use_localization:=False"
2026-09-25T13:31:44Z,134,"noiseF1_20260925T132529Z",592839,"lifelong_slam_t",96.8,73440,53360,"/opt/ros/jazzy/lib/slam_toolbox/lifelong_slam_toolbox_node --ros-args -r __node:=slam_toolbox -r __ns:=/ --params-file /wt/contributions/compute-benchmark/OsakaTX/scripts/lifelong_slam_params.yaml --params-file /tmp/launch_params_u28nfoc8"
2026-09-25T13:31:44Z,134,"noiseF1_20260925T132529Z",592872,"component_conta",47.3,167640,147548,"/opt/ros/jazzy/lib/rclcpp_components/component_container_isolated --ros-args --log-level info --ros-args -r __node:=nav2_container --params-file /tmp/launch_params_f3kff4o9 --params-file /tmp/launch_params_qbgeiakg -r /tf:=tf -r /tf_static:=tf_static"
2026-09-25T13:31:44Z,134,"noiseF1_20260925T132529Z",592938,"python3",6.6,82848,53859,"python3 /wt/contributions/compute-benchmark/OsakaTX/scripts/nav_goal_seq.py --x 4 --y 4 --yaw 0 --every 22.0 --pause 2.0 --cancel --repeats 0"
2026-09-25T13:31:44Z,134,"noiseF1_20260925T132529Z",592983,"bash",0.5,4560,1365,"bash /wt/contributions/compute-benchmark/xbattlax/scripts/measure_ros_processes.sh --pattern python3|ros2|slam|nav2|component_container|nav_goal_seq --duration 380 --interval 2 --label noiseF1_20260925T132529Z --output /wt/contributions/compute-benchmark/OsakaTX/scripts/../results/combo2/noiseF1_20260925T132529Z.csv"
2026-09-25T13:31:47Z,135,"noiseF1_20260925T132529Z",408070,"python3",0.1,74808,47260,"/usr/bin/python3 -c from ros2cli.daemon.daemonize import main; main() --name ros2-daemon --ros-domain-id 0 --rmw-implementation rmw_fastrtps_cpp"
2026-09-25T13:31:47Z,135,"noiseF1_20260925T132529Z",592803,"python3",5.6,77360,48492,"python3 /wt/contributions/compute-benchmark/OsakaTX/scripts/synthetic_scan_publisher.py --duration 490 --loop-s 40 --hz 5.0 --noise 0.05"
2026-09-25T13:31:47Z,135,"noiseF1_20260925T132529Z",592819,"ros2",0.6,79048,50970,"/usr/bin/python3 /opt/ros/jazzy/bin/ros2 launch /wt/contributions/compute-benchmark/OsakaTX/scripts/lifelong_launch.py slam_params_file:=/wt/contributions/compute-benchmark/OsakaTX/scripts/lifelong_slam_params.yaml use_sim_time:=False autostart:=true"
2026-09-25T13:31:47Z,135,"noiseF1_20260925T132529Z",592820,"ros2",0.5,83528,55457,"/usr/bin/python3 /opt/ros/jazzy/bin/ros2 launch nav2_bringup bringup_launch.py map:=/wt/contributions/compute-benchmark/OsakaTX/scripts/../results/combo2/combo2_nav2_map.yaml params_file:=/wt/contributions/compute-benchmark/OsakaTX/scripts/nav2_params_bench.yaml use_sim_time:=False autostart:=True slam:=False use_localization:=False"
2026-09-25T13:31:47Z,135,"noiseF1_20260925T132529Z",592839,"lifelong_slam_t",96.9,73440,53360,"/opt/ros/jazzy/lib/slam_toolbox/lifelong_slam_toolbox_node --ros-args -r __node:=slam_toolbox -r __ns:=/ --params-file /wt/contributions/compute-benchmark/OsakaTX/scripts/lifelong_slam_params.yaml --params-file /tmp/launch_params_u28nfoc8"
2026-09-25T13:31:47Z,135,"noiseF1_20260925T132529Z",592872,"component_conta",47.4,165996,145905,"/opt/ros/jazzy/lib/rclcpp_components/component_container_isolated --ros-args --log-level info --ros-args -r __node:=nav2_container --params-file /tmp/launch_params_f3kff4o9 --params-file /tmp/launch_params_qbgeiakg -r /tf:=tf -r /tf_static:=tf_static"
2026-09-25T13:31:47Z,135,"noiseF1_20260925T132529Z",592938,"python3",6.6,82852,53863,"python3 /wt/contributions/compute-benchmark/OsakaTX/scripts/nav_goal_seq.py --x 4 --y 4 --yaw 0 --every 22.0 --pause 2.0 --cancel --repeats 0"
2026-09-25T13:31:47Z,135,"noiseF1_20260925T132529Z",592983,"bash",0.5,4560,1361,"bash /wt/contributions/compute-benchmark/xbattlax/scripts/measure_ros_processes.sh --pattern python3|ros2|slam|nav2|component_container|nav_goal_seq --duration 380 --interval 2 --label noiseF1_20260925T132529Z --output /wt/contributions/compute-benchmark/OsakaTX/scripts/../results/combo2/noiseF1_20260925T132529Z.csv"
2026-09-25T13:31:49Z,136,"noiseF1_20260925T132529Z",408070,"python3",0.1,74808,47260,"/usr/bin/python3 -c from ros2cli.daemon.daemonize import main; main() --name ros2-daemon --ros-domain-id 0 --rmw-implementation rmw_fastrtps_cpp"
2026-09-25T13:31:49Z,136,"noiseF1_20260925T132529Z",592803,"python3",5.6,77360,48489,"python3 /wt/contributions/compute-benchmark/OsakaTX/scripts/synthetic_scan_publisher.py --duration 490 --loop-s 40 --hz 5.0 --noise 0.05"
2026-09-25T13:31:49Z,136,"noiseF1_20260925T132529Z",592819,"ros2",0.6,79048,50967,"/usr/bin/python3 /opt/ros/jazzy/bin/ros2 launch /wt/contributions/compute-benchmark/OsakaTX/scripts/lifelong_launch.py slam_params_file:=/wt/contributions/compute-benchmark/OsakaTX/scripts/lifelong_slam_params.yaml use_sim_time:=False autostart:=true"
2026-09-25T13:31:49Z,136,"noiseF1_20260925T132529Z",592820,"ros2",0.5,83528,55457,"/usr/bin/python3 /opt/ros/jazzy/bin/ros2 launch nav2_bringup bringup_launch.py map:=/wt/contributions/compute-benchmark/OsakaTX/scripts/../results/combo2/combo2_nav2_map.yaml params_file:=/wt/contributions/compute-benchmark/OsakaTX/scripts/nav2_params_bench.yaml use_sim_time:=False autostart:=True slam:=False use_localization:=False"
2026-09-25T13:31:49Z,136,"noiseF1_20260925T132529Z",592839,"lifelong_slam_t",97.1,73440,53361,"/opt/ros/jazzy/lib/slam_toolbox/lifelong_slam_toolbox_node --ros-args -r __node:=slam_toolbox -r __ns:=/ --params-file /wt/contributions/compute-benchmark/OsakaTX/scripts/lifelong_slam_params.yaml --params-file /tmp/launch_params_u28nfoc8"
2026-09-25T13:31:49Z,136,"noiseF1_20260925T132529Z",592872,"component_conta",47.3,166940,146408,"/opt/ros/jazzy/lib/rclcpp_components/component_container_isolated --ros-args --log-level info --ros-args -r __node:=nav2_container --params-file /tmp/launch_params_f3kff4o9 --params-file /tmp/launch_params_qbgeiakg -r /tf:=tf -r /tf_static:=tf_static"
2026-09-25T13:31:49Z,136,"noiseF1_20260925T132529Z",592938,"python3",6.5,82852,53863,"python3 /wt/contributions/compute-benchmark/OsakaTX/scripts/nav_goal_seq.py --x 4 --y 4 --yaw 0 --every 22.0 --pause 2.0 --cancel --repeats 0"
2026-09-25T13:31:49Z,136,"noiseF1_20260925T132529Z",592983,"bash",0.5,4560,1365,"bash /wt/contributions/compute-benchmark/xbattlax/scripts/measure_ros_processes.sh --pattern python3|ros2|slam|nav2|component_container|nav_goal_seq --duration 380 --interval 2 --label noiseF1_20260925T132529Z --output /wt/contributions/compute-benchmark/OsakaTX/scripts/../results/combo2/noiseF1_20260925T132529Z.csv"
2026-09-25T13:31:52Z,137,"noiseF1_20260925T132529Z",408070,"python3",0.1,74808,47260,"/usr/bin/python3 -c from ros2cli.daemon.daemonize import main; main() --name ros2-daemon --ros-domain-id 0 --rmw-implementation rmw_fastrtps_cpp"
2026-09-25T13:31:52Z,137,"noiseF1_20260925T132529Z",592803,"python3",5.6,77360,48492,"python3 /wt/contributions/compute-benchmark/OsakaTX/scripts/synthetic_scan_publisher.py --duration 490 --loop-s 40 --hz 5.0 --noise 0.05"
2026-09-25T13:31:52Z,137,"noiseF1_20260925T132529Z",592819,"ros2",0.6,79048,50969,"/usr/bin/python3 /opt/ros/jazzy/bin/ros2 launch /wt/contributions/compute-benchmark/OsakaTX/scripts/lifelong_launch.py slam_params_file:=/wt/contributions/compute-benchmark/OsakaTX/scripts/lifelong_slam_params.yaml use_sim_time:=False autostart:=true"
2026-09-25T13:31:52Z,137,"noiseF1_20260925T132529Z",592820,"ros2",0.5,83528,55457,"/usr/bin/python3 /opt/ros/jazzy/bin/ros2 launch nav2_bringup bringup_launch.py map:=/wt/contributions/compute-benchmark/OsakaTX/scripts/../results/combo2/combo2_nav2_map.yaml params_file:=/wt/contributions/compute-benchmark/OsakaTX/scripts/nav2_params_bench.yaml use_sim_time:=False autostart:=True slam:=False use_localization:=False"
2026-09-25T13:31:52Z,137,"noiseF1_20260925T132529Z",592839,"lifelong_slam_t",97.3,73520,53440,"/opt/ros/jazzy/lib/slam_toolbox/lifelong_slam_toolbox_node --ros-args -r __node:=slam_toolbox -r __ns:=/ --params-file /wt/contributions/compute-benchmark/OsakaTX/scripts/lifelong_slam_params.yaml --params-file /tmp/launch_params_u28nfoc8"
2026-09-25T13:31:52Z,137,"noiseF1_20260925T132529Z",592872,"component_conta",47.3,166456,146365,"/opt/ros/jazzy/lib/rclcpp_components/component_container_isolated --ros-args --log-level info --ros-args -r __node:=nav2_container --params-file /tmp/launch_params_f3kff4o9 --params-file /tmp/launch_params_qbgeiakg -r /tf:=tf -r /tf_static:=tf_static"
2026-09-25T13:31:52Z,137,"noiseF1_20260925T132529Z",592938,"python3",6.5,82852,53860,"python3 /wt/contributions/compute-benchmark/OsakaTX/scripts/nav_goal_seq.py --x 4 --y 4 --yaw 0 --every 22.0 --pause 2.0 --cancel --repeats 0"
2026-09-25T13:31:52Z,137,"noiseF1_20260925T132529Z",592983,"bash",0.5,4564,1365,"bash /wt/contributions/compute-benchmark/xbattlax/scripts/measure_ros_processes.sh --pattern python3|ros2|slam|nav2|component_container|nav_goal_seq --duration 380 --interval 2 --label noiseF1_20260925T132529Z --output /wt/contributions/compute-benchmark/OsakaTX/scripts/../results/combo2/noiseF1_20260925T132529Z.csv"
2026-09-25T13:31:54Z,138,"noiseF1_20260925T132529Z",408070,"python3",0.1,74808,47260,"/usr/bin/python3 -c from ros2cli.daemon.daemonize import main; main() --name ros2-daemon --ros-domain-id 0 --rmw-implementation rmw_fastrtps_cpp"
2026-09-25T13:31:54Z,138,"noiseF1_20260925T132529Z",592803,"python3",5.6,77360,48492,"python3 /wt/contributions/compute-benchmark/OsakaTX/scripts/synthetic_scan_publisher.py --duration 490 --loop-s 40 --hz 5.0 --noise 0.05"
2026-09-25T13:31:54Z,138,"noiseF1_20260925T132529Z",592819,"ros2",0.6,79048,50970,"/usr/bin/python3 /opt/ros/jazzy/bin/ros2 launch /wt/contributions/compute-benchmark/OsakaTX/scripts/lifelong_launch.py slam_params_file:=/wt/contributions/compute-benchmark/OsakaTX/scripts/lifelong_slam_params.yaml use_sim_time:=False autostart:=true"
2026-09-25T13:31:54Z,138,"noiseF1_20260925T132529Z",592820,"ros2",0.5,83528,55459,"/usr/bin/python3 /opt/ros/jazzy/bin/ros2 launch nav2_bringup bringup_launch.py map:=/wt/contributions/compute-benchmark/OsakaTX/scripts/../results/combo2/combo2_nav2_map.yaml params_file:=/wt/contributions/compute-benchmark/OsakaTX/scripts/nav2_params_bench.yaml use_sim_time:=False autostart:=True slam:=False use_localization:=False"
2026-09-25T13:31:54Z,138,"noiseF1_20260925T132529Z",592839,"lifelong_slam_t",97.5,73520,53441,"/opt/ros/jazzy/lib/slam_toolbox/lifelong_slam_toolbox_node --ros-args -r __node:=slam_toolbox -r __ns:=/ --params-file /wt/contributions/compute-benchmark/OsakaTX/scripts/lifelong_slam_params.yaml --params-file /tmp/launch_params_u28nfoc8"
2026-09-25T13:31:54Z,138,"noiseF1_20260925T132529Z",592872,"component_conta",47.3,166904,146365,"/opt/ros/jazzy/lib/rclcpp_components/component_container_isolated --ros-args --log-level info --ros-args -r __node:=nav2_container --params-file /tmp/launch_params_f3kff4o9 --params-file /tmp/launch_params_qbgeiakg -r /tf:=tf -r /tf_static:=tf_static"
2026-09-25T13:31:54Z,138,"noiseF1_20260925T132529Z",592938,"python3",6.5,82852,53863,"python3 /wt/contributions/compute-benchmark/OsakaTX/scripts/nav_goal_seq.py --x 4 --y 4 --yaw 0 --every 22.0 --pause 2.0 --cancel --repeats 0"
2026-09-25T13:31:54Z,138,"noiseF1_20260925T132529Z",592983,"bash",0.5,4564,1365,"bash /wt/contributions/compute-benchmark/xbattlax/scripts/measure_ros_processes.sh --pattern python3|ros2|slam|nav2|component_container|nav_goal_seq --duration 380 --interval 2 --label noiseF1_20260925T132529Z --output /wt/contributions/compute-benchmark/OsakaTX/scripts/../results/combo2/noiseF1_20260925T132529Z.csv"
2026-09-25T13:31:57Z,139,"noiseF1_20260925T132529Z",408070,"python3",0.1,74808,47257,"/usr/bin/python3 -c from ros2cli.daemon.daemonize import main; main() --name ros2-daemon --ros-domain-id 0 --rmw-implementation rmw_fastrtps_cpp"
2026-09-25T13:31:57Z,139,"noiseF1_20260925T132529Z",592803,"python3",5.6,77360,48496,"python3 /wt/contributions/compute-benchmark/OsakaTX/scripts/synthetic_scan_publisher.py --duration 490 --loop-s 40 --hz 5.0 --noise 0.05"
2026-09-25T13:31:57Z,139,"noiseF1_20260925T132529Z",592819,"ros2",0.6,79048,50969,"/usr/bin/python3 /opt/ros/jazzy/bin/ros2 launch /wt/contributions/compute-benchmark/OsakaTX/scripts/lifelong_launch.py slam_params_file:=/wt/contributions/compute-benchmark/OsakaTX/scripts/lifelong_slam_params.yaml use_sim_time:=False autostart:=true"
2026-09-25T13:31:57Z,139,"noiseF1_20260925T132529Z",592820,"ros2",0.5,83528,55458,"/usr/bin/python3 /opt/ros/jazzy/bin/ros2 launch nav2_bringup bringup_launch.py map:=/wt/contributions/compute-benchmark/OsakaTX/scripts/../results/combo2/combo2_nav2_map.yaml params_file:=/wt/contributions/compute-benchmark/OsakaTX/scripts/nav2_params_bench.yaml use_sim_time:=False autostart:=True slam:=False use_localization:=False"
2026-09-25T13:31:57Z,139,"noiseF1_20260925T132529Z",592839,"lifelong_slam_t",97.7,73520,53440,"/opt/ros/jazzy/lib/slam_toolbox/lifelong_slam_toolbox_node --ros-args -r __node:=slam_toolbox -r __ns:=/ --params-file /wt/contributions/compute-benchmark/OsakaTX/scripts/lifelong_slam_params.yaml --params-file /tmp/launch_params_u28nfoc8"
2026-09-25T13:31:57Z,139,"noiseF1_20260925T132529Z",592872,"component_conta",47.3,166500,146408,"/opt/ros/jazzy/lib/rclcpp_components/component_container_isolated --ros-args --log-level info --ros-args -r __node:=nav2_container --params-file /tmp/launch_params_f3kff4o9 --params-file /tmp/launch_params_qbgeiakg -r /tf:=tf -r /tf_static:=tf_static"
2026-09-25T13:31:57Z,139,"noiseF1_20260925T132529Z",592938,"python3",6.5,82852,53863,"python3 /wt/contributions/compute-benchmark/OsakaTX/scripts/nav_goal_seq.py --x 4 --y 4 --yaw 0 --every 22.0 --pause 2.0 --cancel --repeats 0"
2026-09-25T13:31:57Z,139,"noiseF1_20260925T132529Z",592983,"bash",0.5,4564,1366,"bash /wt/contributions/compute-benchmark/xbattlax/scripts/measure_ros_processes.sh --pattern python3|ros2|slam|nav2|component_container|nav_goal_seq --duration 380 --interval 2 --label noiseF1_20260925T132529Z --output /wt/contributions/compute-benchmark/OsakaTX/scripts/../results/combo2/noiseF1_20260925T132529Z.csv"
2026-09-25T13:32:00Z,140,"noiseF1_20260925T132529Z",408070,"python3",0.1,74808,47259,"/usr/bin/python3 -c from ros2cli.daemon.daemonize import main; main() --name ros2-daemon --ros-domain-id 0 --rmw-implementation rmw_fastrtps_cpp"
2026-09-25T13:32:00Z,140,"noiseF1_20260925T132529Z",592803,"python3",5.6,77360,48491,"python3 /wt/contributions/compute-benchmark/OsakaTX/scripts/synthetic_scan_publisher.py --duration 490 --loop-s 40 --hz 5.0 --noise 0.05"
2026-09-25T13:32:00Z,140,"noiseF1_20260925T132529Z",592819,"ros2",0.6,79048,50970,"/usr/bin/python3 /opt/ros/jazzy/bin/ros2 launch /wt/contributions/compute-benchmark/OsakaTX/scripts/lifelong_launch.py slam_params_file:=/wt/contributions/compute-benchmark/OsakaTX/scripts/lifelong_slam_params.yaml use_sim_time:=False autostart:=true"
2026-09-25T13:32:00Z,140,"noiseF1_20260925T132529Z",592820,"ros2",0.5,83528,55458,"/usr/bin/python3 /opt/ros/jazzy/bin/ros2 launch nav2_bringup bringup_launch.py map:=/wt/contributions/compute-benchmark/OsakaTX/scripts/../results/combo2/combo2_nav2_map.yaml params_file:=/wt/contributions/compute-benchmark/OsakaTX/scripts/nav2_params_bench.yaml use_sim_time:=False autostart:=True slam:=False use_localization:=False"
2026-09-25T13:32:00Z,140,"noiseF1_20260925T132529Z",592839,"lifelong_slam_t",97.9,73520,53440,"/opt/ros/jazzy/lib/slam_toolbox/lifelong_slam_toolbox_node --ros-args -r __node:=slam_toolbox -r __ns:=/ --params-file /wt/contributions/compute-benchmark/OsakaTX/scripts/lifelong_slam_params.yaml --params-file /tmp/launch_params_u28nfoc8"
2026-09-25T13:32:00Z,140,"noiseF1_20260925T132529Z",592872,"component_conta",47.4,166500,146409,"/opt/ros/jazzy/lib/rclcpp_components/component_container_isolated --ros-args --log-level info --ros-args -r __node:=nav2_container --params-file /tmp/launch_params_f3kff4o9 --params-file /tmp/launch_params_qbgeiakg -r /tf:=tf -r /tf_static:=tf_static"
2026-09-25T13:32:00Z,140,"noiseF1_20260925T132529Z",592938,"python3",6.5,82852,53862,"python3 /wt/contributions/compute-benchmark/OsakaTX/scripts/nav_goal_seq.py --x 4 --y 4 --yaw 0 --every 22.0 --pause 2.0 --cancel --repeats 0"
2026-09-25T13:32:00Z,140,"noiseF1_20260925T132529Z",592983,"bash",0.5,4564,1366,"bash /wt/contributions/compute-benchmark/xbattlax/scripts/measure_ros_processes.sh --pattern python3|ros2|slam|nav2|component_container|nav_goal_seq --duration 380 --interval 2 --label noiseF1_20260925T132529Z --output /wt/contributions/compute-benchmark/OsakaTX/scripts/../results/combo2/noiseF1_20260925T132529Z.csv"
2026-09-25T13:32:02Z,141,"noiseF1_20260925T132529Z",408070,"python3",0.1,74808,47257,"/usr/bin/python3 -c from ros2cli.daemon.daemonize import main; main() --name ros2-daemon --ros-domain-id 0 --rmw-implementation rmw_fastrtps_cpp"
2026-09-25T13:32:02Z,141,"noiseF1_20260925T132529Z",592803,"python3",5.6,77360,48501,"python3 /wt/contributions/compute-benchmark/OsakaTX/scripts/synthetic_scan_publisher.py --duration 490 --loop-s 40 --hz 5.0 --noise 0.05"
2026-09-25T13:32:02Z,141,"noiseF1_20260925T132529Z",592819,"ros2",0.6,79048,50970,"/usr/bin/python3 /opt/ros/jazzy/bin/ros2 launch /wt/contributions/compute-benchmark/OsakaTX/scripts/lifelong_launch.py slam_params_file:=/wt/contributions/compute-benchmark/OsakaTX/scripts/lifelong_slam_params.yaml use_sim_time:=False autostart:=true"
2026-09-25T13:32:02Z,141,"noiseF1_20260925T132529Z",592820,"ros2",0.5,83528,55457,"/usr/bin/python3 /opt/ros/jazzy/bin/ros2 launch nav2_bringup bringup_launch.py map:=/wt/contributions/compute-benchmark/OsakaTX/scripts/../results/combo2/combo2_nav2_map.yaml params_file:=/wt/contributions/compute-benchmark/OsakaTX/scripts/nav2_params_bench.yaml use_sim_time:=False autostart:=True slam:=False use_localization:=False"
2026-09-25T13:32:02Z,141,"noiseF1_20260925T132529Z",592839,"lifelong_slam_t",98.2,73520,53440,"/opt/ros/jazzy/lib/slam_toolbox/lifelong_slam_toolbox_node --ros-args -r __node:=slam_toolbox -r __ns:=/ --params-file /wt/contributions/compute-benchmark/OsakaTX/scripts/lifelong_slam_params.yaml --params-file /tmp/launch_params_u28nfoc8"
2026-09-25T13:32:02Z,141,"noiseF1_20260925T132529Z",592872,"component_conta",47.5,166500,146409,"/opt/ros/jazzy/lib/rclcpp_components/component_container_isolated --ros-args --log-level info --ros-args -r __node:=nav2_container --params-file /tmp/launch_params_f3kff4o9 --params-file /tmp/launch_params_qbgeiakg -r /tf:=tf -r /tf_static:=tf_static"
2026-09-25T13:32:02Z,141,"noiseF1_20260925T132529Z",592938,"python3",6.6,82852,53861,"python3 /wt/contributions/compute-benchmark/OsakaTX/scripts/nav_goal_seq.py --x 4 --y 4 --yaw 0 --every 22.0 --pause 2.0 --cancel --repeats 0"
2026-09-25T13:32:02Z,141,"noiseF1_20260925T132529Z",592983,"bash",0.5,4564,1366,"bash /wt/contributions/compute-benchmark/xbattlax/scripts/measure_ros_processes.sh --pattern python3|ros2|slam|nav2|component_container|nav_goal_seq --duration 380 --interval 2 --label noiseF1_20260925T132529Z --output /wt/contributions/compute-benchmark/OsakaTX/scripts/../results/combo2/noiseF1_20260925T132529Z.csv"
2026-09-25T13:32:05Z,142,"noiseF1_20260925T132529Z",408070,"python3",0.1,74808,47257,"/usr/bin/python3 -c from ros2cli.daemon.daemonize import main; main() --name ros2-daemon --ros-domain-id 0 --rmw-implementation rmw_fastrtps_cpp"
2026-09-25T13:32:05Z,142,"noiseF1_20260925T132529Z",592803,"python3",5.6,77360,48491,"python3 /wt/contributions/compute-benchmark/OsakaTX/scripts/synthetic_scan_publisher.py --duration 490 --loop-s 40 --hz 5.0 --noise 0.05"
2026-09-25T13:32:05Z,142,"noiseF1_20260925T132529Z",592819,"ros2",0.6,79048,50970,"/usr/bin/python3 /opt/ros/jazzy/bin/ros2 launch /wt/contributions/compute-benchmark/OsakaTX/scripts/lifelong_launch.py slam_params_file:=/wt/contributions/compute-benchmark/OsakaTX/scripts/lifelong_slam_params.yaml use_sim_time:=False autostart:=true"
2026-09-25T13:32:05Z,142,"noiseF1_20260925T132529Z",592820,"ros2",0.5,83528,55457,"/usr/bin/python3 /opt/ros/jazzy/bin/ros2 launch nav2_bringup bringup_launch.py map:=/wt/contributions/compute-benchmark/OsakaTX/scripts/../results/combo2/combo2_nav2_map.yaml params_file:=/wt/contributions/compute-benchmark/OsakaTX/scripts/nav2_params_bench.yaml use_sim_time:=False autostart:=True slam:=False use_localization:=False"
2026-09-25T13:32:05Z,142,"noiseF1_20260925T132529Z",592839,"lifelong_slam_t",98.6,73520,53441,"/opt/ros/jazzy/lib/slam_toolbox/lifelong_slam_toolbox_node --ros-args -r __node:=slam_toolbox -r __ns:=/ --params-file /wt/contributions/compute-benchmark/OsakaTX/scripts/lifelong_slam_params.yaml --params-file /tmp/launch_params_u28nfoc8"
2026-09-25T13:32:05Z,142,"noiseF1_20260925T132529Z",592872,"component_conta",47.7,167284,147192,"/opt/ros/jazzy/lib/rclcpp_components/component_container_isolated --ros-args --log-level info --ros-args -r __node:=nav2_container --params-file /tmp/launch_params_f3kff4o9 --params-file /tmp/launch_params_qbgeiakg -r /tf:=tf -r /tf_static:=tf_static"
2026-09-25T13:32:05Z,142,"noiseF1_20260925T132529Z",592938,"python3",6.6,82856,53865,"python3 /wt/contributions/compute-benchmark/OsakaTX/scripts/nav_goal_seq.py --x 4 --y 4 --yaw 0 --every 22.0 --pause 2.0 --cancel --repeats 0"
2026-09-25T13:32:05Z,142,"noiseF1_20260925T132529Z",592983,"bash",0.5,4564,1367,"bash /wt/contributions/compute-benchmark/xbattlax/scripts/measure_ros_processes.sh --pattern python3|ros2|slam|nav2|component_container|nav_goal_seq --duration 380 --interval 2 --label noiseF1_20260925T132529Z --output /wt/contributions/compute-benchmark/OsakaTX/scripts/../results/combo2/noiseF1_20260925T132529Z.csv"
2026-09-25T13:32:08Z,143,"noiseF1_20260925T132529Z",408070,"python3",0.1,74808,47260,"/usr/bin/python3 -c from ros2cli.daemon.daemonize import main; main() --name ros2-daemon --ros-domain-id 0 --rmw-implementation rmw_fastrtps_cpp"
2026-09-25T13:32:08Z,143,"noiseF1_20260925T132529Z",592803,"python3",5.6,77360,48499,"python3 /wt/contributions/compute-benchmark/OsakaTX/scripts/synthetic_scan_publisher.py --duration 490 --loop-s 40 --hz 5.0 --noise 0.05"
2026-09-25T13:32:08Z,143,"noiseF1_20260925T132529Z",592819,"ros2",0.6,79048,50965,"/usr/bin/python3 /opt/ros/jazzy/bin/ros2 launch /wt/contributions/compute-benchmark/OsakaTX/scripts/lifelong_launch.py slam_params_file:=/wt/contributions/compute-benchmark/OsakaTX/scripts/lifelong_slam_params.yaml use_sim_time:=False autostart:=true"
2026-09-25T13:32:08Z,143,"noiseF1_20260925T132529Z",592820,"ros2",0.5,83528,55451,"/usr/bin/python3 /opt/ros/jazzy/bin/ros2 launch nav2_bringup bringup_launch.py map:=/wt/contributions/compute-benchmark/OsakaTX/scripts/../results/combo2/combo2_nav2_map.yaml params_file:=/wt/contributions/compute-benchmark/OsakaTX/scripts/nav2_params_bench.yaml use_sim_time:=False autostart:=True slam:=False use_localization:=False"
2026-09-25T13:32:08Z,143,"noiseF1_20260925T132529Z",592839,"lifelong_slam_t",99.2,73520,53441,"/opt/ros/jazzy/lib/slam_toolbox/lifelong_slam_toolbox_node --ros-args -r __node:=slam_toolbox -r __ns:=/ --params-file /wt/contributions/compute-benchmark/OsakaTX/scripts/lifelong_slam_params.yaml --params-file /tmp/launch_params_u28nfoc8"
2026-09-25T13:32:08Z,143,"noiseF1_20260925T132529Z",592872,"component_conta",47.8,165840,145748,"/opt/ros/jazzy/lib/rclcpp_components/component_container_isolated --ros-args --log-level info --ros-args -r __node:=nav2_container --params-file /tmp/launch_params_f3kff4o9 --params-file /tmp/launch_params_qbgeiakg -r /tf:=tf -r /tf_static:=tf_static"
2026-09-25T13:32:08Z,143,"noiseF1_20260925T132529Z",592938,"python3",6.6,82856,53867,"python3 /wt/contributions/compute-benchmark/OsakaTX/scripts/nav_goal_seq.py --x 4 --y 4 --yaw 0 --every 22.0 --pause 2.0 --cancel --repeats 0"
2026-09-25T13:32:08Z,143,"noiseF1_20260925T132529Z",592983,"bash",0.5,4564,1367,"bash /wt/contributions/compute-benchmark/xbattlax/scripts/measure_ros_processes.sh --pattern python3|ros2|slam|nav2|component_container|nav_goal_seq --duration 380 --interval 2 --label noiseF1_20260925T132529Z --output /wt/contributions/compute-benchmark/OsakaTX/scripts/../results/combo2/noiseF1_20260925T132529Z.csv"
2026-09-25T13:32:11Z,144,"noiseF1_20260925T132529Z",408070,"python3",0.1,74808,47257,"/usr/bin/python3 -c from ros2cli.daemon.daemonize import main; main() --name ros2-daemon --ros-domain-id 0 --rmw-implementation rmw_fastrtps_cpp"
2026-09-25T13:32:11Z,144,"noiseF1_20260925T132529Z",592803,"python3",5.6,77360,48501,"python3 /wt/contributions/compute-benchmark/OsakaTX/scripts/synthetic_scan_publisher.py --duration 490 --loop-s 40 --hz 5.0 --noise 0.05"
2026-09-25T13:32:11Z,144,"noiseF1_20260925T132529Z",592819,"ros2",0.6,79048,50970,"/usr/bin/python3 /opt/ros/jazzy/bin/ros2 launch /wt/contributions/compute-benchmark/OsakaTX/scripts/lifelong_launch.py slam_params_file:=/wt/contributions/compute-benchmark/OsakaTX/scripts/lifelong_slam_params.yaml use_sim_time:=False autostart:=true"
2026-09-25T13:32:11Z,144,"noiseF1_20260925T132529Z",592820,"ros2",0.5,83528,55457,"/usr/bin/python3 /opt/ros/jazzy/bin/ros2 launch nav2_bringup bringup_launch.py map:=/wt/contributions/compute-benchmark/OsakaTX/scripts/../results/combo2/combo2_nav2_map.yaml params_file:=/wt/contributions/compute-benchmark/OsakaTX/scripts/nav2_params_bench.yaml use_sim_time:=False autostart:=True slam:=False use_localization:=False"
2026-09-25T13:32:11Z,144,"noiseF1_20260925T132529Z",592839,"lifelong_slam_t",99.3,73520,53440,"/opt/ros/jazzy/lib/slam_toolbox/lifelong_slam_toolbox_node --ros-args -r __node:=slam_toolbox -r __ns:=/ --params-file /wt/contributions/compute-benchmark/OsakaTX/scripts/lifelong_slam_params.yaml --params-file /tmp/launch_params_u28nfoc8"
2026-09-25T13:32:11Z,144,"noiseF1_20260925T132529Z",592872,"component_conta",47.8,165840,145749,"/opt/ros/jazzy/lib/rclcpp_components/component_container_isolated --ros-args --log-level info --ros-args -r __node:=nav2_container --params-file /tmp/launch_params_f3kff4o9 --params-file /tmp/launch_params_qbgeiakg -r /tf:=tf -r /tf_static:=tf_static"
2026-09-25T13:32:11Z,144,"noiseF1_20260925T132529Z",592938,"python3",6.6,82856,53865,"python3 /wt/contributions/compute-benchmark/OsakaTX/scripts/nav_goal_seq.py --x 4 --y 4 --yaw 0 --every 22.0 --pause 2.0 --cancel --repeats 0"
2026-09-25T13:32:11Z,144,"noiseF1_20260925T132529Z",592983,"bash",0.5,4564,1365,"bash /wt/contributions/compute-benchmark/xbattlax/scripts/measure_ros_processes.sh --pattern python3|ros2|slam|nav2|component_container|nav_goal_seq --duration 380 --interval 2 --label noiseF1_20260925T132529Z --output /wt/contributions/compute-benchmark/OsakaTX/scripts/../results/combo2/noiseF1_20260925T132529Z.csv"
2026-09-25T13:32:13Z,145,"noiseF1_20260925T132529Z",408070,"python3",0.1,74808,47260,"/usr/bin/python3 -c from ros2cli.daemon.daemonize import main; main() --name ros2-daemon --ros-domain-id 0 --rmw-implementation rmw_fastrtps_cpp"
2026-09-25T13:32:13Z,145,"noiseF1_20260925T132529Z",592803,"python3",5.6,77360,48501,"python3 /wt/contributions/compute-benchmark/OsakaTX/scripts/synthetic_scan_publisher.py --duration 490 --loop-s 40 --hz 5.0 --noise 0.05"
2026-09-25T13:32:13Z,145,"noiseF1_20260925T132529Z",592819,"ros2",0.6,79048,50970,"/usr/bin/python3 /opt/ros/jazzy/bin/ros2 launch /wt/contributions/compute-benchmark/OsakaTX/scripts/lifelong_launch.py slam_params_file:=/wt/contributions/compute-benchmark/OsakaTX/scripts/lifelong_slam_params.yaml use_sim_time:=False autostart:=true"
2026-09-25T13:32:13Z,145,"noiseF1_20260925T132529Z",592820,"ros2",0.5,83528,55451,"/usr/bin/python3 /opt/ros/jazzy/bin/ros2 launch nav2_bringup bringup_launch.py map:=/wt/contributions/compute-benchmark/OsakaTX/scripts/../results/combo2/combo2_nav2_map.yaml params_file:=/wt/contributions/compute-benchmark/OsakaTX/scripts/nav2_params_bench.yaml use_sim_time:=False autostart:=True slam:=False use_localization:=False"
2026-09-25T13:32:13Z,145,"noiseF1_20260925T132529Z",592839,"lifelong_slam_t",99.1,73520,53440,"/opt/ros/jazzy/lib/slam_toolbox/lifelong_slam_toolbox_node --ros-args -r __node:=slam_toolbox -r __ns:=/ --params-file /wt/contributions/compute-benchmark/OsakaTX/scripts/lifelong_slam_params.yaml --params-file /tmp/launch_params_u28nfoc8"
2026-09-25T13:32:13Z,145,"noiseF1_20260925T132529Z",592872,"component_conta",47.8,165832,145741,"/opt/ros/jazzy/lib/rclcpp_components/component_container_isolated --ros-args --log-level info --ros-args -r __node:=nav2_container --params-file /tmp/launch_params_f3kff4o9 --params-file /tmp/launch_params_qbgeiakg -r /tf:=tf -r /tf_static:=tf_static"
2026-09-25T13:32:13Z,145,"noiseF1_20260925T132529Z",592938,"python3",6.6,82856,53864,"python3 /wt/contributions/compute-benchmark/OsakaTX/scripts/nav_goal_seq.py --x 4 --y 4 --yaw 0 --every 22.0 --pause 2.0 --cancel --repeats 0"
2026-09-25T13:32:13Z,145,"noiseF1_20260925T132529Z",592983,"bash",0.5,4564,1366,"bash /wt/contributions/compute-benchmark/xbattlax/scripts/measure_ros_processes.sh --pattern python3|ros2|slam|nav2|component_container|nav_goal_seq --duration 380 --interval 2 --label noiseF1_20260925T132529Z --output /wt/contributions/compute-benchmark/OsakaTX/scripts/../results/combo2/noiseF1_20260925T132529Z.csv"
2026-09-25T13:32:16Z,146,"noiseF1_20260925T132529Z",408070,"python3",0.1,74808,47256,"/usr/bin/python3 -c from ros2cli.daemon.daemonize import main; main() --name ros2-daemon --ros-domain-id 0 --rmw-implementation rmw_fastrtps_cpp"
2026-09-25T13:32:16Z,146,"noiseF1_20260925T132529Z",592803,"python3",5.6,77360,48496,"python3 /wt/contributions/compute-benchmark/OsakaTX/scripts/synthetic_scan_publisher.py --duration 490 --loop-s 40 --hz 5.0 --noise 0.05"
2026-09-25T13:32:16Z,146,"noiseF1_20260925T132529Z",592819,"ros2",0.6,79048,50970,"/usr/bin/python3 /opt/ros/jazzy/bin/ros2 launch /wt/contributions/compute-benchmark/OsakaTX/scripts/lifelong_launch.py slam_params_file:=/wt/contributions/compute-benchmark/OsakaTX/scripts/lifelong_slam_params.yaml use_sim_time:=False autostart:=true"
2026-09-25T13:32:16Z,146,"noiseF1_20260925T132529Z",592820,"ros2",0.5,83528,55457,"/usr/bin/python3 /opt/ros/jazzy/bin/ros2 launch nav2_bringup bringup_launch.py map:=/wt/contributions/compute-benchmark/OsakaTX/scripts/../results/combo2/combo2_nav2_map.yaml params_file:=/wt/contributions/compute-benchmark/OsakaTX/scripts/nav2_params_bench.yaml use_sim_time:=False autostart:=True slam:=False use_localization:=False"
2026-09-25T13:32:16Z,146,"noiseF1_20260925T132529Z",592839,"lifelong_slam_t",98.9,73520,53440,"/opt/ros/jazzy/lib/slam_toolbox/lifelong_slam_toolbox_node --ros-args -r __node:=slam_toolbox -r __ns:=/ --params-file /wt/contributions/compute-benchmark/OsakaTX/scripts/lifelong_slam_params.yaml --params-file /tmp/launch_params_u28nfoc8"
2026-09-25T13:32:16Z,146,"noiseF1_20260925T132529Z",592872,"component_conta",47.8,166156,146065,"/opt/ros/jazzy/lib/rclcpp_components/component_container_isolated --ros-args --log-level info --ros-args -r __node:=nav2_container --params-file /tmp/launch_params_f3kff4o9 --params-file /tmp/launch_params_qbgeiakg -r /tf:=tf -r /tf_static:=tf_static"
2026-09-25T13:32:16Z,146,"noiseF1_20260925T132529Z",592938,"python3",6.6,82856,53865,"python3 /wt/contributions/compute-benchmark/OsakaTX/scripts/nav_goal_seq.py --x 4 --y 4 --yaw 0 --every 22.0 --pause 2.0 --cancel --repeats 0"
2026-09-25T13:32:16Z,146,"noiseF1_20260925T132529Z",592983,"bash",0.5,4564,1366,"bash /wt/contributions/compute-benchmark/xbattlax/scripts/measure_ros_processes.sh --pattern python3|ros2|slam|nav2|component_container|nav_goal_seq --duration 380 --interval 2 --label noiseF1_20260925T132529Z --output /wt/contributions/compute-benchmark/OsakaTX/scripts/../results/combo2/noiseF1_20260925T132529Z.csv"
2026-09-25T13:32:18Z,147,"noiseF1_20260925T132529Z",408070,"python3",0.1,74808,47260,"/usr/bin/python3 -c from ros2cli.daemon.daemonize import main; main() --name ros2-daemon --ros-domain-id 0 --rmw-implementation rmw_fastrtps_cpp"
2026-09-25T13:32:18Z,147,"noiseF1_20260925T132529Z",592803,"python3",5.6,77360,48498,"python3 /wt/contributions/compute-benchmark/OsakaTX/scripts/synthetic_scan_publisher.py --duration 490 --loop-s 40 --hz 5.0 --noise 0.05"
2026-09-25T13:32:18Z,147,"noiseF1_20260925T132529Z",592819,"ros2",0.6,79048,50970,"/usr/bin/python3 /opt/ros/jazzy/bin/ros2 launch /wt/contributions/compute-benchmark/OsakaTX/scripts/lifelong_launch.py slam_params_file:=/wt/contributions/compute-benchmark/OsakaTX/scripts/lifelong_slam_params.yaml use_sim_time:=False autostart:=true"
2026-09-25T13:32:18Z,147,"noiseF1_20260925T132529Z",592820,"ros2",0.5,83528,55449,"/usr/bin/python3 /opt/ros/jazzy/bin/ros2 launch nav2_bringup bringup_launch.py map:=/wt/contributions/compute-benchmark/OsakaTX/scripts/../results/combo2/combo2_nav2_map.yaml params_file:=/wt/contributions/compute-benchmark/OsakaTX/scripts/nav2_params_bench.yaml use_sim_time:=False autostart:=True slam:=False use_localization:=False"
2026-09-25T13:32:18Z,147,"noiseF1_20260925T132529Z",592839,"lifelong_slam_t",98.9,73520,53440,"/opt/ros/jazzy/lib/slam_toolbox/lifelong_slam_toolbox_node --ros-args -r __node:=slam_toolbox -r __ns:=/ --params-file /wt/contributions/compute-benchmark/OsakaTX/scripts/lifelong_slam_params.yaml --params-file /tmp/launch_params_u28nfoc8"
2026-09-25T13:32:18Z,147,"noiseF1_20260925T132529Z",592872,"component_conta",47.8,166156,146500,"/opt/ros/jazzy/lib/rclcpp_components/component_container_isolated --ros-args --log-level info --ros-args -r __node:=nav2_container --params-file /tmp/launch_params_f3kff4o9 --params-file /tmp/launch_params_qbgeiakg -r /tf:=tf -r /tf_static:=tf_static"
2026-09-25T13:32:18Z,147,"noiseF1_20260925T132529Z",592938,"python3",6.6,82856,53865,"python3 /wt/contributions/compute-benchmark/OsakaTX/scripts/nav_goal_seq.py --x 4 --y 4 --yaw 0 --every 22.0 --pause 2.0 --cancel --repeats 0"
2026-09-25T13:32:18Z,147,"noiseF1_20260925T132529Z",592983,"bash",0.5,4564,1361,"bash /wt/contributions/compute-benchmark/xbattlax/scripts/measure_ros_processes.sh --pattern python3|ros2|slam|nav2|component_container|nav_goal_seq --duration 380 --interval 2 --label noiseF1_20260925T132529Z --output /wt/contributions/compute-benchmark/OsakaTX/scripts/../results/combo2/noiseF1_20260925T132529Z.csv"
2026-09-25T13:32:21Z,148,"noiseF1_20260925T132529Z",408070,"python3",0.1,74808,47257,"/usr/bin/python3 -c from ros2cli.daemon.daemonize import main; main() --name ros2-daemon --ros-domain-id 0 --rmw-implementation rmw_fastrtps_cpp"
2026-09-25T13:32:21Z,148,"noiseF1_20260925T132529Z",592803,"python3",5.6,77360,48500,"python3 /wt/contributions/compute-benchmark/OsakaTX/scripts/synthetic_scan_publisher.py --duration 490 --loop-s 40 --hz 5.0 --noise 0.05"
2026-09-25T13:32:21Z,148,"noiseF1_20260925T132529Z",592819,"ros2",0.6,79048,50966,"/usr/bin/python3 /opt/ros/jazzy/bin/ros2 launch /wt/contributions/compute-benchmark/OsakaTX/scripts/lifelong_launch.py slam_params_file:=/wt/contributions/compute-benchmark/OsakaTX/scripts/lifelong_slam_params.yaml use_sim_time:=False autostart:=true"
2026-09-25T13:32:21Z,148,"noiseF1_20260925T132529Z",592820,"ros2",0.5,83528,55458,"/usr/bin/python3 /opt/ros/jazzy/bin/ros2 launch nav2_bringup bringup_launch.py map:=/wt/contributions/compute-benchmark/OsakaTX/scripts/../results/combo2/combo2_nav2_map.yaml params_file:=/wt/contributions/compute-benchmark/OsakaTX/scripts/nav2_params_bench.yaml use_sim_time:=False autostart:=True slam:=False use_localization:=False"
2026-09-25T13:32:21Z,148,"noiseF1_20260925T132529Z",592839,"lifelong_slam_t",99.1,73520,53441,"/opt/ros/jazzy/lib/slam_toolbox/lifelong_slam_toolbox_node --ros-args -r __node:=slam_toolbox -r __ns:=/ --params-file /wt/contributions/compute-benchmark/OsakaTX/scripts/lifelong_slam_params.yaml --params-file /tmp/launch_params_u28nfoc8"
2026-09-25T13:32:21Z,148,"noiseF1_20260925T132529Z",592872,"component_conta",47.9,166156,146064,"/opt/ros/jazzy/lib/rclcpp_components/component_container_isolated --ros-args --log-level info --ros-args -r __node:=nav2_container --params-file /tmp/launch_params_f3kff4o9 --params-file /tmp/launch_params_qbgeiakg -r /tf:=tf -r /tf_static:=tf_static"
2026-09-25T13:32:21Z,148,"noiseF1_20260925T132529Z",592938,"python3",6.6,82856,53864,"python3 /wt/contributions/compute-benchmark/OsakaTX/scripts/nav_goal_seq.py --x 4 --y 4 --yaw 0 --every 22.0 --pause 2.0 --cancel --repeats 0"
2026-09-25T13:32:21Z,148,"noiseF1_20260925T132529Z",592983,"bash",0.5,4564,1363,"bash /wt/contributions/compute-benchmark/xbattlax/scripts/measure_ros_processes.sh --pattern python3|ros2|slam|nav2|component_container|nav_goal_seq --duration 380 --interval 2 --label noiseF1_20260925T132529Z --output /wt/contributions/compute-benchmark/OsakaTX/scripts/../results/combo2/noiseF1_20260925T132529Z.csv"
2026-09-25T13:32:23Z,149,"noiseF1_20260925T132529Z",408070,"python3",0.1,74808,47260,"/usr/bin/python3 -c from ros2cli.daemon.daemonize import main; main() --name ros2-daemon --ros-domain-id 0 --rmw-implementation rmw_fastrtps_cpp"
2026-09-25T13:32:23Z,149,"noiseF1_20260925T132529Z",592803,"python3",5.6,77360,48494,"python3 /wt/contributions/compute-benchmark/OsakaTX/scripts/synthetic_scan_publisher.py --duration 490 --loop-s 40 --hz 5.0 --noise 0.05"
2026-09-25T13:32:23Z,149,"noiseF1_20260925T132529Z",592819,"ros2",0.6,79048,50970,"/usr/bin/python3 /opt/ros/jazzy/bin/ros2 launch /wt/contributions/compute-benchmark/OsakaTX/scripts/lifelong_launch.py slam_params_file:=/wt/contributions/compute-benchmark/OsakaTX/scripts/lifelong_slam_params.yaml use_sim_time:=False autostart:=true"
2026-09-25T13:32:23Z,149,"noiseF1_20260925T132529Z",592820,"ros2",0.5,83528,55458,"/usr/bin/python3 /opt/ros/jazzy/bin/ros2 launch nav2_bringup bringup_launch.py map:=/wt/contributions/compute-benchmark/OsakaTX/scripts/../results/combo2/combo2_nav2_map.yaml params_file:=/wt/contributions/compute-benchmark/OsakaTX/scripts/nav2_params_bench.yaml use_sim_time:=False autostart:=True slam:=False use_localization:=False"
2026-09-25T13:32:23Z,149,"noiseF1_20260925T132529Z",592839,"lifelong_slam_t",99.2,73700,53621,"/opt/ros/jazzy/lib/slam_toolbox/lifelong_slam_toolbox_node --ros-args -r __node:=slam_toolbox -r __ns:=/ --params-file /wt/contributions/compute-benchmark/OsakaTX/scripts/lifelong_slam_params.yaml --params-file /tmp/launch_params_u28nfoc8"
2026-09-25T13:32:23Z,149,"noiseF1_20260925T132529Z",592872,"component_conta",47.9,166592,145768,"/opt/ros/jazzy/lib/rclcpp_components/component_container_isolated --ros-args --log-level info --ros-args -r __node:=nav2_container --params-file /tmp/launch_params_f3kff4o9 --params-file /tmp/launch_params_qbgeiakg -r /tf:=tf -r /tf_static:=tf_static"
2026-09-25T13:32:23Z,149,"noiseF1_20260925T132529Z",592938,"python3",6.6,82856,53867,"python3 /wt/contributions/compute-benchmark/OsakaTX/scripts/nav_goal_seq.py --x 4 --y 4 --yaw 0 --every 22.0 --pause 2.0 --cancel --repeats 0"
2026-09-25T13:32:23Z,149,"noiseF1_20260925T132529Z",592983,"bash",0.5,4564,1367,"bash /wt/contributions/compute-benchmark/xbattlax/scripts/measure_ros_processes.sh --pattern python3|ros2|slam|nav2|component_container|nav_goal_seq --duration 380 --interval 2 --label noiseF1_20260925T132529Z --output /wt/contributions/compute-benchmark/OsakaTX/scripts/../results/combo2/noiseF1_20260925T132529Z.csv"
2026-09-25T13:32:26Z,150,"noiseF1_20260925T132529Z",408070,"python3",0.1,74808,47258,"/usr/bin/python3 -c from ros2cli.daemon.daemonize import main; main() --name ros2-daemon --ros-domain-id 0 --rmw-implementation rmw_fastrtps_cpp"
2026-09-25T13:32:26Z,150,"noiseF1_20260925T132529Z",592803,"python3",5.6,77360,48498,"python3 /wt/contributions/compute-benchmark/OsakaTX/scripts/synthetic_scan_publisher.py --duration 490 --loop-s 40 --hz 5.0 --noise 0.05"
2026-09-25T13:32:26Z,150,"noiseF1_20260925T132529Z",592819,"ros2",0.6,79048,50970,"/usr/bin/python3 /opt/ros/jazzy/bin/ros2 launch /wt/contributions/compute-benchmark/OsakaTX/scripts/lifelong_launch.py slam_params_file:=/wt/contributions/compute-benchmark/OsakaTX/scripts/lifelong_slam_params.yaml use_sim_time:=False autostart:=true"
2026-09-25T13:32:26Z,150,"noiseF1_20260925T132529Z",592820,"ros2",0.5,83528,55455,"/usr/bin/python3 /opt/ros/jazzy/bin/ros2 launch nav2_bringup bringup_launch.py map:=/wt/contributions/compute-benchmark/OsakaTX/scripts/../results/combo2/combo2_nav2_map.yaml params_file:=/wt/contributions/compute-benchmark/OsakaTX/scripts/nav2_params_bench.yaml use_sim_time:=False autostart:=True slam:=False use_localization:=False"
2026-09-25T13:32:26Z,150,"noiseF1_20260925T132529Z",592839,"lifelong_slam_t",99.3,73700,53620,"/opt/ros/jazzy/lib/slam_toolbox/lifelong_slam_toolbox_node --ros-args -r __node:=slam_toolbox -r __ns:=/ --params-file /wt/contributions/compute-benchmark/OsakaTX/scripts/lifelong_slam_params.yaml --params-file /tmp/launch_params_u28nfoc8"
2026-09-25T13:32:26Z,150,"noiseF1_20260925T132529Z",592872,"component_conta",47.9,166436,147812,"/opt/ros/jazzy/lib/rclcpp_components/component_container_isolated --ros-args --log-level info --ros-args -r __node:=nav2_container --params-file /tmp/launch_params_f3kff4o9 --params-file /tmp/launch_params_qbgeiakg -r /tf:=tf -r /tf_static:=tf_static"
2026-09-25T13:32:26Z,150,"noiseF1_20260925T132529Z",592938,"python3",6.6,82856,53867,"python3 /wt/contributions/compute-benchmark/OsakaTX/scripts/nav_goal_seq.py --x 4 --y 4 --yaw 0 --every 22.0 --pause 2.0 --cancel --repeats 0"
2026-09-25T13:32:26Z,150,"noiseF1_20260925T132529Z",592983,"bash",0.5,4564,1361,"bash /wt/contributions/compute-benchmark/xbattlax/scripts/measure_ros_processes.sh --pattern python3|ros2|slam|nav2|component_container|nav_goal_seq --duration 380 --interval 2 --label noiseF1_20260925T132529Z --output /wt/contributions/compute-benchmark/OsakaTX/scripts/../results/combo2/noiseF1_20260925T132529Z.csv"
2026-09-25T13:32:28Z,151,"noiseF1_20260925T132529Z",408070,"python3",0.1,74808,47259,"/usr/bin/python3 -c from ros2cli.daemon.daemonize import main; main() --name ros2-daemon --ros-domain-id 0 --rmw-implementation rmw_fastrtps_cpp"
2026-09-25T13:32:28Z,151,"noiseF1_20260925T132529Z",592803,"python3",5.6,77360,48491,"python3 /wt/contributions/compute-benchmark/OsakaTX/scripts/synthetic_scan_publisher.py --duration 490 --loop-s 40 --hz 5.0 --noise 0.05"
2026-09-25T13:32:28Z,151,"noiseF1_20260925T132529Z",592819,"ros2",0.6,79056,50978,"/usr/bin/python3 /opt/ros/jazzy/bin/ros2 launch /wt/contributions/compute-benchmark/OsakaTX/scripts/lifelong_launch.py slam_params_file:=/wt/contributions/compute-benchmark/OsakaTX/scripts/lifelong_slam_params.yaml use_sim_time:=False autostart:=true"
2026-09-25T13:32:28Z,151,"noiseF1_20260925T132529Z",592820,"ros2",0.5,83528,55457,"/usr/bin/python3 /opt/ros/jazzy/bin/ros2 launch nav2_bringup bringup_launch.py map:=/wt/contributions/compute-benchmark/OsakaTX/scripts/../results/combo2/combo2_nav2_map.yaml params_file:=/wt/contributions/compute-benchmark/OsakaTX/scripts/nav2_params_bench.yaml use_sim_time:=False autostart:=True slam:=False use_localization:=False"
2026-09-25T13:32:28Z,151,"noiseF1_20260925T132529Z",592839,"lifelong_slam_t",99.4,73704,53624,"/opt/ros/jazzy/lib/slam_toolbox/lifelong_slam_toolbox_node --ros-args -r __node:=slam_toolbox -r __ns:=/ --params-file /wt/contributions/compute-benchmark/OsakaTX/scripts/lifelong_slam_params.yaml --params-file /tmp/launch_params_u28nfoc8"
2026-09-25T13:32:28Z,151,"noiseF1_20260925T132529Z",592872,"component_conta",48.0,167764,146064,"/opt/ros/jazzy/lib/rclcpp_components/component_container_isolated --ros-args --log-level info --ros-args -r __node:=nav2_container --params-file /tmp/launch_params_f3kff4o9 --params-file /tmp/launch_params_qbgeiakg -r /tf:=tf -r /tf_static:=tf_static"
2026-09-25T13:32:28Z,151,"noiseF1_20260925T132529Z",592938,"python3",6.6,82856,53866,"python3 /wt/contributions/compute-benchmark/OsakaTX/scripts/nav_goal_seq.py --x 4 --y 4 --yaw 0 --every 22.0 --pause 2.0 --cancel --repeats 0"
2026-09-25T13:32:28Z,151,"noiseF1_20260925T132529Z",592983,"bash",0.5,4564,1363,"bash /wt/contributions/compute-benchmark/xbattlax/scripts/measure_ros_processes.sh --pattern python3|ros2|slam|nav2|component_container|nav_goal_seq --duration 380 --interval 2 --label noiseF1_20260925T132529Z --output /wt/contributions/compute-benchmark/OsakaTX/scripts/../results/combo2/noiseF1_20260925T132529Z.csv"
2026-09-25T13:32:30Z,152,"noiseF1_20260925T132529Z",408070,"python3",0.1,74808,47260,"/usr/bin/python3 -c from ros2cli.daemon.daemonize import main; main() --name ros2-daemon --ros-domain-id 0 --rmw-implementation rmw_fastrtps_cpp"
2026-09-25T13:32:30Z,152,"noiseF1_20260925T132529Z",592803,"python3",5.6,77360,48500,"python3 /wt/contributions/compute-benchmark/OsakaTX/scripts/synthetic_scan_publisher.py --duration 490 --loop-s 40 --hz 5.0 --noise 0.05"
2026-09-25T13:32:30Z,152,"noiseF1_20260925T132529Z",592819,"ros2",0.6,79056,50975,"/usr/bin/python3 /opt/ros/jazzy/bin/ros2 launch /wt/contributions/compute-benchmark/OsakaTX/scripts/lifelong_launch.py slam_params_file:=/wt/contributions/compute-benchmark/OsakaTX/scripts/lifelong_slam_params.yaml use_sim_time:=False autostart:=true"
2026-09-25T13:32:30Z,152,"noiseF1_20260925T132529Z",592820,"ros2",0.5,83528,55458,"/usr/bin/python3 /opt/ros/jazzy/bin/ros2 launch nav2_bringup bringup_launch.py map:=/wt/contributions/compute-benchmark/OsakaTX/scripts/../results/combo2/combo2_nav2_map.yaml params_file:=/wt/contributions/compute-benchmark/OsakaTX/scripts/nav2_params_bench.yaml use_sim_time:=False autostart:=True slam:=False use_localization:=False"
2026-09-25T13:32:30Z,152,"noiseF1_20260925T132529Z",592839,"lifelong_slam_t",99.5,73704,53625,"/opt/ros/jazzy/lib/slam_toolbox/lifelong_slam_toolbox_node --ros-args -r __node:=slam_toolbox -r __ns:=/ --params-file /wt/contributions/compute-benchmark/OsakaTX/scripts/lifelong_slam_params.yaml --params-file /tmp/launch_params_u28nfoc8"
2026-09-25T13:32:30Z,152,"noiseF1_20260925T132529Z",592872,"component_conta",47.9,172304,150460,"/opt/ros/jazzy/lib/rclcpp_components/component_container_isolated --ros-args --log-level info --ros-args -r __node:=nav2_container --params-file /tmp/launch_params_f3kff4o9 --params-file /tmp/launch_params_qbgeiakg -r /tf:=tf -r /tf_static:=tf_static"
2026-09-25T13:32:30Z,152,"noiseF1_20260925T132529Z",592938,"python3",6.6,82856,53867,"python3 /wt/contributions/compute-benchmark/OsakaTX/scripts/nav_goal_seq.py --x 4 --y 4 --yaw 0 --every 22.0 --pause 2.0 --cancel --repeats 0"
2026-09-25T13:32:30Z,152,"noiseF1_20260925T132529Z",592983,"bash",0.5,4564,1367,"bash /wt/contributions/compute-benchmark/xbattlax/scripts/measure_ros_processes.sh --pattern python3|ros2|slam|nav2|component_container|nav_goal_seq --duration 380 --interval 2 --label noiseF1_20260925T132529Z --output /wt/contributions/compute-benchmark/OsakaTX/scripts/../results/combo2/noiseF1_20260925T132529Z.csv"
2026-09-25T13:32:33Z,153,"noiseF1_20260925T132529Z",408070,"python3",0.1,74808,47260,"/usr/bin/python3 -c from ros2cli.daemon.daemonize import main; main() --name ros2-daemon --ros-domain-id 0 --rmw-implementation rmw_fastrtps_cpp"
2026-09-25T13:32:33Z,153,"noiseF1_20260925T132529Z",592803,"python3",5.6,77360,48498,"python3 /wt/contributions/compute-benchmark/OsakaTX/scripts/synthetic_scan_publisher.py --duration 490 --loop-s 40 --hz 5.0 --noise 0.05"
2026-09-25T13:32:33Z,153,"noiseF1_20260925T132529Z",592819,"ros2",0.6,79056,50975,"/usr/bin/python3 /opt/ros/jazzy/bin/ros2 launch /wt/contributions/compute-benchmark/OsakaTX/scripts/lifelong_launch.py slam_params_file:=/wt/contributions/compute-benchmark/OsakaTX/scripts/lifelong_slam_params.yaml use_sim_time:=False autostart:=true"
2026-09-25T13:32:33Z,153,"noiseF1_20260925T132529Z",592820,"ros2",0.5,83528,55458,"/usr/bin/python3 /opt/ros/jazzy/bin/ros2 launch nav2_bringup bringup_launch.py map:=/wt/contributions/compute-benchmark/OsakaTX/scripts/../results/combo2/combo2_nav2_map.yaml params_file:=/wt/contributions/compute-benchmark/OsakaTX/scripts/nav2_params_bench.yaml use_sim_time:=False autostart:=True slam:=False use_localization:=False"
2026-09-25T13:32:33Z,153,"noiseF1_20260925T132529Z",592839,"lifelong_slam_t",99.8,73704,53624,"/opt/ros/jazzy/lib/slam_toolbox/lifelong_slam_toolbox_node --ros-args -r __node:=slam_toolbox -r __ns:=/ --params-file /wt/contributions/compute-benchmark/OsakaTX/scripts/lifelong_slam_params.yaml --params-file /tmp/launch_params_u28nfoc8"
2026-09-25T13:32:33Z,153,"noiseF1_20260925T132529Z",592872,"component_conta",48.0,169948,149856,"/opt/ros/jazzy/lib/rclcpp_components/component_container_isolated --ros-args --log-level info --ros-args -r __node:=nav2_container --params-file /tmp/launch_params_f3kff4o9 --params-file /tmp/launch_params_qbgeiakg -r /tf:=tf -r /tf_static:=tf_static"
2026-09-25T13:32:33Z,153,"noiseF1_20260925T132529Z",592938,"python3",6.6,82856,53868,"python3 /wt/contributions/compute-benchmark/OsakaTX/scripts/nav_goal_seq.py --x 4 --y 4 --yaw 0 --every 22.0 --pause 2.0 --cancel --repeats 0"
2026-09-25T13:32:33Z,153,"noiseF1_20260925T132529Z",592983,"bash",0.5,4564,1363,"bash /wt/contributions/compute-benchmark/xbattlax/scripts/measure_ros_processes.sh --pattern python3|ros2|slam|nav2|component_container|nav_goal_seq --duration 380 --interval 2 --label noiseF1_20260925T132529Z --output /wt/contributions/compute-benchmark/OsakaTX/scripts/../results/combo2/noiseF1_20260925T132529Z.csv"
