timestamp_utc,sample_index,label,pid,comm,cpu_percent,rss_kib,pss_kib,cmdline
2026-09-21T08:00:51Z,0,"smoke_conv2_a_20260921T080016Z",118907,"python3",6.4,77504,48413,"python3 /wt/contributions/compute-benchmark/OsakaTX/scripts/synthetic_scan_publisher.py --duration 190 --loop-s 40 --hz 5.0"
2026-09-21T08:00:51Z,0,"smoke_conv2_a_20260921T080016Z",118923,"ros2",1.7,79172,50688,"/usr/bin/python3 /opt/ros/jazzy/bin/ros2 launch slam_toolbox online_async_launch.py slam_params_file:=/wt/contributions/compute-benchmark/OsakaTX/scripts/slam_toolbox_params.yaml use_sim_time:=False autostart:=true"
2026-09-21T08:00:51Z,0,"smoke_conv2_a_20260921T080016Z",118924,"ros2",3.5,83772,55511,"/usr/bin/python3 /opt/ros/jazzy/bin/ros2 launch nav2_bringup bringup_launch.py map:=/wt/contributions/compute-benchmark/OsakaTX/scripts/../results/combo2/combo2_nav2_map.yaml params_file:=/wt/contributions/compute-benchmark/OsakaTX/scripts/nav2_params_converge.yaml use_sim_time:=False autostart:=True slam:=False use_localization:=False"
2026-09-21T08:00:51Z,0,"smoke_conv2_a_20260921T080016Z",118943,"async_slam_tool",12.7,64256,43758,"/opt/ros/jazzy/lib/slam_toolbox/async_slam_toolbox_node --ros-args -r __node:=slam_toolbox -r __ns:=/ --params-file /wt/contributions/compute-benchmark/OsakaTX/scripts/slam_toolbox_params.yaml --params-file /tmp/launch_params_bi0hthu2"
2026-09-21T08:00:51Z,0,"smoke_conv2_a_20260921T080016Z",118976,"component_conta",29.9,160392,139982,"/opt/ros/jazzy/lib/rclcpp_components/component_container_isolated --ros-args --log-level info --ros-args -r __node:=nav2_container --params-file /tmp/launch_params_uhh68xez --params-file /tmp/launch_params_gqa9cwwx -r /tf:=tf -r /tf_static:=tf_static"
2026-09-21T08:00:51Z,0,"smoke_conv2_a_20260921T080016Z",119035,"python3",16.4,83680,54181,"python3 /wt/contributions/compute-benchmark/OsakaTX/scripts/nav_goal_seq.py --x 4 --y 4 --yaw 0 --every 22.0 --pause 2.0 --cx 1.0606601717749816 --cy 1.0606601717749816 --cyaw 0 --stable 6 --stable-tol 0.10 --immediate-converge --repeats 0"
2026-09-21T08:00:51Z,0,"smoke_conv2_a_20260921T080016Z",119080,"bash",0.0,4444,1129,"bash /wt/contributions/compute-benchmark/xbattlax/scripts/measure_ros_processes.sh --pattern python3|ros2|slam|nav2|component_container|nav_goal_seq --duration 90 --interval 2 --label smoke_conv2_a_20260921T080016Z --output /wt/contributions/compute-benchmark/OsakaTX/scripts/../results/combo2/smoke_conv2_a_20260921T080016Z.csv"
2026-09-21T08:00:51Z,0,"smoke_conv2_a_20260921T080016Z",99796,"python3",0.2,74480,46596,"/usr/bin/python3 -c from ros2cli.daemon.daemonize import main; main() --name ros2-daemon --ros-domain-id 0 --rmw-implementation rmw_fastrtps_cpp"
2026-09-21T08:00:53Z,1,"smoke_conv2_a_20260921T080016Z",118907,"python3",6.4,77596,48506,"python3 /wt/contributions/compute-benchmark/OsakaTX/scripts/synthetic_scan_publisher.py --duration 190 --loop-s 40 --hz 5.0"
2026-09-21T08:00:53Z,1,"smoke_conv2_a_20260921T080016Z",118923,"ros2",1.6,79172,50703,"/usr/bin/python3 /opt/ros/jazzy/bin/ros2 launch slam_toolbox online_async_launch.py slam_params_file:=/wt/contributions/compute-benchmark/OsakaTX/scripts/slam_toolbox_params.yaml use_sim_time:=False autostart:=true"
2026-09-21T08:00:53Z,1,"smoke_conv2_a_20260921T080016Z",118924,"ros2",3.3,83772,55528,"/usr/bin/python3 /opt/ros/jazzy/bin/ros2 launch nav2_bringup bringup_launch.py map:=/wt/contributions/compute-benchmark/OsakaTX/scripts/../results/combo2/combo2_nav2_map.yaml params_file:=/wt/contributions/compute-benchmark/OsakaTX/scripts/nav2_params_converge.yaml use_sim_time:=False autostart:=True slam:=False use_localization:=False"
2026-09-21T08:00:53Z,1,"smoke_conv2_a_20260921T080016Z",118943,"async_slam_tool",12.8,64616,44149,"/opt/ros/jazzy/lib/slam_toolbox/async_slam_toolbox_node --ros-args -r __node:=slam_toolbox -r __ns:=/ --params-file /wt/contributions/compute-benchmark/OsakaTX/scripts/slam_toolbox_params.yaml --params-file /tmp/launch_params_bi0hthu2"
2026-09-21T08:00:53Z,1,"smoke_conv2_a_20260921T080016Z",118976,"component_conta",31.7,160328,140006,"/opt/ros/jazzy/lib/rclcpp_components/component_container_isolated --ros-args --log-level info --ros-args -r __node:=nav2_container --params-file /tmp/launch_params_uhh68xez --params-file /tmp/launch_params_gqa9cwwx -r /tf:=tf -r /tf_static:=tf_static"
2026-09-21T08:00:53Z,1,"smoke_conv2_a_20260921T080016Z",119035,"python3",12.2,83588,54176,"python3 /wt/contributions/compute-benchmark/OsakaTX/scripts/nav_goal_seq.py --x 4 --y 4 --yaw 0 --every 22.0 --pause 2.0 --cx 1.0606601717749816 --cy 1.0606601717749816 --cyaw 0 --stable 6 --stable-tol 0.10 --immediate-converge --repeats 0"
2026-09-21T08:00:53Z,1,"smoke_conv2_a_20260921T080016Z",119080,"bash",0.7,4452,1137,"bash /wt/contributions/compute-benchmark/xbattlax/scripts/measure_ros_processes.sh --pattern python3|ros2|slam|nav2|component_container|nav_goal_seq --duration 90 --interval 2 --label smoke_conv2_a_20260921T080016Z --output /wt/contributions/compute-benchmark/OsakaTX/scripts/../results/combo2/smoke_conv2_a_20260921T080016Z.csv"
2026-09-21T08:00:53Z,1,"smoke_conv2_a_20260921T080016Z",99796,"python3",0.2,74480,46613,"/usr/bin/python3 -c from ros2cli.daemon.daemonize import main; main() --name ros2-daemon --ros-domain-id 0 --rmw-implementation rmw_fastrtps_cpp"
2026-09-21T08:00:56Z,2,"smoke_conv2_a_20260921T080016Z",118907,"python3",6.4,77548,48511,"python3 /wt/contributions/compute-benchmark/OsakaTX/scripts/synthetic_scan_publisher.py --duration 190 --loop-s 40 --hz 5.0"
2026-09-21T08:00:56Z,2,"smoke_conv2_a_20260921T080016Z",118923,"ros2",1.5,79004,50662,"/usr/bin/python3 /opt/ros/jazzy/bin/ros2 launch slam_toolbox online_async_launch.py slam_params_file:=/wt/contributions/compute-benchmark/OsakaTX/scripts/slam_toolbox_params.yaml use_sim_time:=False autostart:=true"
2026-09-21T08:00:56Z,2,"smoke_conv2_a_20260921T080016Z",118924,"ros2",3.1,83604,55483,"/usr/bin/python3 /opt/ros/jazzy/bin/ros2 launch nav2_bringup bringup_launch.py map:=/wt/contributions/compute-benchmark/OsakaTX/scripts/../results/combo2/combo2_nav2_map.yaml params_file:=/wt/contributions/compute-benchmark/OsakaTX/scripts/nav2_params_converge.yaml use_sim_time:=False autostart:=True slam:=False use_localization:=False"
2026-09-21T08:00:56Z,2,"smoke_conv2_a_20260921T080016Z",118943,"async_slam_tool",12.9,64796,44401,"/opt/ros/jazzy/lib/slam_toolbox/async_slam_toolbox_node --ros-args -r __node:=slam_toolbox -r __ns:=/ --params-file /wt/contributions/compute-benchmark/OsakaTX/scripts/slam_toolbox_params.yaml --params-file /tmp/launch_params_bi0hthu2"
2026-09-21T08:00:56Z,2,"smoke_conv2_a_20260921T080016Z",118976,"component_conta",33.0,161964,141650,"/opt/ros/jazzy/lib/rclcpp_components/component_container_isolated --ros-args --log-level info --ros-args -r __node:=nav2_container --params-file /tmp/launch_params_uhh68xez --params-file /tmp/launch_params_gqa9cwwx -r /tf:=tf -r /tf_static:=tf_static"
2026-09-21T08:00:56Z,2,"smoke_conv2_a_20260921T080016Z",119035,"python3",10.5,83528,54170,"python3 /wt/contributions/compute-benchmark/OsakaTX/scripts/nav_goal_seq.py --x 4 --y 4 --yaw 0 --every 22.0 --pause 2.0 --cx 1.0606601717749816 --cy 1.0606601717749816 --cyaw 0 --stable 6 --stable-tol 0.10 --immediate-converge --repeats 0"
2026-09-21T08:00:56Z,2,"smoke_conv2_a_20260921T080016Z",119080,"bash",0.5,4456,1139,"bash /wt/contributions/compute-benchmark/xbattlax/scripts/measure_ros_processes.sh --pattern python3|ros2|slam|nav2|component_container|nav_goal_seq --duration 90 --interval 2 --label smoke_conv2_a_20260921T080016Z --output /wt/contributions/compute-benchmark/OsakaTX/scripts/../results/combo2/smoke_conv2_a_20260921T080016Z.csv"
2026-09-21T08:00:56Z,2,"smoke_conv2_a_20260921T080016Z",99796,"python3",0.2,74312,46568,"/usr/bin/python3 -c from ros2cli.daemon.daemonize import main; main() --name ros2-daemon --ros-domain-id 0 --rmw-implementation rmw_fastrtps_cpp"
2026-09-21T08:00:58Z,3,"smoke_conv2_a_20260921T080016Z",118907,"python3",6.4,77548,48508,"python3 /wt/contributions/compute-benchmark/OsakaTX/scripts/synthetic_scan_publisher.py --duration 190 --loop-s 40 --hz 5.0"
2026-09-21T08:00:58Z,3,"smoke_conv2_a_20260921T080016Z",118923,"ros2",1.4,79004,50660,"/usr/bin/python3 /opt/ros/jazzy/bin/ros2 launch slam_toolbox online_async_launch.py slam_params_file:=/wt/contributions/compute-benchmark/OsakaTX/scripts/slam_toolbox_params.yaml use_sim_time:=False autostart:=true"
2026-09-21T08:00:58Z,3,"smoke_conv2_a_20260921T080016Z",118924,"ros2",2.9,83604,55485,"/usr/bin/python3 /opt/ros/jazzy/bin/ros2 launch nav2_bringup bringup_launch.py map:=/wt/contributions/compute-benchmark/OsakaTX/scripts/../results/combo2/combo2_nav2_map.yaml params_file:=/wt/contributions/compute-benchmark/OsakaTX/scripts/nav2_params_converge.yaml use_sim_time:=False autostart:=True slam:=False use_localization:=False"
2026-09-21T08:00:58Z,3,"smoke_conv2_a_20260921T080016Z",118943,"async_slam_tool",13.0,65072,44677,"/opt/ros/jazzy/lib/slam_toolbox/async_slam_toolbox_node --ros-args -r __node:=slam_toolbox -r __ns:=/ --params-file /wt/contributions/compute-benchmark/OsakaTX/scripts/slam_toolbox_params.yaml --params-file /tmp/launch_params_bi0hthu2"
2026-09-21T08:00:58Z,3,"smoke_conv2_a_20260921T080016Z",118976,"component_conta",34.5,163384,143070,"/opt/ros/jazzy/lib/rclcpp_components/component_container_isolated --ros-args --log-level info --ros-args -r __node:=nav2_container --params-file /tmp/launch_params_uhh68xez --params-file /tmp/launch_params_gqa9cwwx -r /tf:=tf -r /tf_static:=tf_static"
2026-09-21T08:00:58Z,3,"smoke_conv2_a_20260921T080016Z",119035,"python3",9.8,83528,54170,"python3 /wt/contributions/compute-benchmark/OsakaTX/scripts/nav_goal_seq.py --x 4 --y 4 --yaw 0 --every 22.0 --pause 2.0 --cx 1.0606601717749816 --cy 1.0606601717749816 --cyaw 0 --stable 6 --stable-tol 0.10 --immediate-converge --repeats 0"
2026-09-21T08:00:58Z,3,"smoke_conv2_a_20260921T080016Z",119080,"bash",0.5,4456,1139,"bash /wt/contributions/compute-benchmark/xbattlax/scripts/measure_ros_processes.sh --pattern python3|ros2|slam|nav2|component_container|nav_goal_seq --duration 90 --interval 2 --label smoke_conv2_a_20260921T080016Z --output /wt/contributions/compute-benchmark/OsakaTX/scripts/../results/combo2/smoke_conv2_a_20260921T080016Z.csv"
2026-09-21T08:00:58Z,3,"smoke_conv2_a_20260921T080016Z",99796,"python3",0.2,74312,46569,"/usr/bin/python3 -c from ros2cli.daemon.daemonize import main; main() --name ros2-daemon --ros-domain-id 0 --rmw-implementation rmw_fastrtps_cpp"
2026-09-21T08:01:00Z,4,"smoke_conv2_a_20260921T080016Z",118907,"python3",6.6,77548,48480,"python3 /wt/contributions/compute-benchmark/OsakaTX/scripts/synthetic_scan_publisher.py --duration 190 --loop-s 40 --hz 5.0"
2026-09-21T08:01:00Z,4,"smoke_conv2_a_20260921T080016Z",118923,"ros2",1.3,79004,50659,"/usr/bin/python3 /opt/ros/jazzy/bin/ros2 launch slam_toolbox online_async_launch.py slam_params_file:=/wt/contributions/compute-benchmark/OsakaTX/scripts/slam_toolbox_params.yaml use_sim_time:=False autostart:=true"
2026-09-21T08:01:00Z,4,"smoke_conv2_a_20260921T080016Z",118924,"ros2",2.8,83604,55484,"/usr/bin/python3 /opt/ros/jazzy/bin/ros2 launch nav2_bringup bringup_launch.py map:=/wt/contributions/compute-benchmark/OsakaTX/scripts/../results/combo2/combo2_nav2_map.yaml params_file:=/wt/contributions/compute-benchmark/OsakaTX/scripts/nav2_params_converge.yaml use_sim_time:=False autostart:=True slam:=False use_localization:=False"
2026-09-21T08:01:00Z,4,"smoke_conv2_a_20260921T080016Z",118943,"async_slam_tool",13.1,65316,44922,"/opt/ros/jazzy/lib/slam_toolbox/async_slam_toolbox_node --ros-args -r __node:=slam_toolbox -r __ns:=/ --params-file /wt/contributions/compute-benchmark/OsakaTX/scripts/slam_toolbox_params.yaml --params-file /tmp/launch_params_bi0hthu2"
2026-09-21T08:01:00Z,4,"smoke_conv2_a_20260921T080016Z",118976,"component_conta",35.3,165136,144822,"/opt/ros/jazzy/lib/rclcpp_components/component_container_isolated --ros-args --log-level info --ros-args -r __node:=nav2_container --params-file /tmp/launch_params_uhh68xez --params-file /tmp/launch_params_gqa9cwwx -r /tf:=tf -r /tf_static:=tf_static"
2026-09-21T08:01:00Z,4,"smoke_conv2_a_20260921T080016Z",119035,"python3",8.9,83528,54168,"python3 /wt/contributions/compute-benchmark/OsakaTX/scripts/nav_goal_seq.py --x 4 --y 4 --yaw 0 --every 22.0 --pause 2.0 --cx 1.0606601717749816 --cy 1.0606601717749816 --cyaw 0 --stable 6 --stable-tol 0.10 --immediate-converge --repeats 0"
2026-09-21T08:01:00Z,4,"smoke_conv2_a_20260921T080016Z",119080,"bash",0.6,4460,1141,"bash /wt/contributions/compute-benchmark/xbattlax/scripts/measure_ros_processes.sh --pattern python3|ros2|slam|nav2|component_container|nav_goal_seq --duration 90 --interval 2 --label smoke_conv2_a_20260921T080016Z --output /wt/contributions/compute-benchmark/OsakaTX/scripts/../results/combo2/smoke_conv2_a_20260921T080016Z.csv"
2026-09-21T08:01:00Z,4,"smoke_conv2_a_20260921T080016Z",99796,"python3",0.2,74312,46568,"/usr/bin/python3 -c from ros2cli.daemon.daemonize import main; main() --name ros2-daemon --ros-domain-id 0 --rmw-implementation rmw_fastrtps_cpp"
2026-09-21T08:01:03Z,5,"smoke_conv2_a_20260921T080016Z",118907,"python3",6.7,77496,48451,"python3 /wt/contributions/compute-benchmark/OsakaTX/scripts/synthetic_scan_publisher.py --duration 190 --loop-s 40 --hz 5.0"
2026-09-21T08:01:03Z,5,"smoke_conv2_a_20260921T080016Z",118923,"ros2",1.2,79004,50660,"/usr/bin/python3 /opt/ros/jazzy/bin/ros2 launch slam_toolbox online_async_launch.py slam_params_file:=/wt/contributions/compute-benchmark/OsakaTX/scripts/slam_toolbox_params.yaml use_sim_time:=False autostart:=true"
2026-09-21T08:01:03Z,5,"smoke_conv2_a_20260921T080016Z",118924,"ros2",2.6,83604,55484,"/usr/bin/python3 /opt/ros/jazzy/bin/ros2 launch nav2_bringup bringup_launch.py map:=/wt/contributions/compute-benchmark/OsakaTX/scripts/../results/combo2/combo2_nav2_map.yaml params_file:=/wt/contributions/compute-benchmark/OsakaTX/scripts/nav2_params_converge.yaml use_sim_time:=False autostart:=True slam:=False use_localization:=False"
2026-09-21T08:01:03Z,5,"smoke_conv2_a_20260921T080016Z",118943,"async_slam_tool",13.1,65640,45220,"/opt/ros/jazzy/lib/slam_toolbox/async_slam_toolbox_node --ros-args -r __node:=slam_toolbox -r __ns:=/ --params-file /wt/contributions/compute-benchmark/OsakaTX/scripts/slam_toolbox_params.yaml --params-file /tmp/launch_params_bi0hthu2"
2026-09-21T08:01:03Z,5,"smoke_conv2_a_20260921T080016Z",118976,"component_conta",35.7,164012,143699,"/opt/ros/jazzy/lib/rclcpp_components/component_container_isolated --ros-args --log-level info --ros-args -r __node:=nav2_container --params-file /tmp/launch_params_uhh68xez --params-file /tmp/launch_params_gqa9cwwx -r /tf:=tf -r /tf_static:=tf_static"
2026-09-21T08:01:03Z,5,"smoke_conv2_a_20260921T080016Z",119035,"python3",8.2,83536,54179,"python3 /wt/contributions/compute-benchmark/OsakaTX/scripts/nav_goal_seq.py --x 4 --y 4 --yaw 0 --every 22.0 --pause 2.0 --cx 1.0606601717749816 --cy 1.0606601717749816 --cyaw 0 --stable 6 --stable-tol 0.10 --immediate-converge --repeats 0"
2026-09-21T08:01:03Z,5,"smoke_conv2_a_20260921T080016Z",119080,"bash",0.5,4460,1141,"bash /wt/contributions/compute-benchmark/xbattlax/scripts/measure_ros_processes.sh --pattern python3|ros2|slam|nav2|component_container|nav_goal_seq --duration 90 --interval 2 --label smoke_conv2_a_20260921T080016Z --output /wt/contributions/compute-benchmark/OsakaTX/scripts/../results/combo2/smoke_conv2_a_20260921T080016Z.csv"
2026-09-21T08:01:03Z,5,"smoke_conv2_a_20260921T080016Z",99796,"python3",0.2,74312,46566,"/usr/bin/python3 -c from ros2cli.daemon.daemonize import main; main() --name ros2-daemon --ros-domain-id 0 --rmw-implementation rmw_fastrtps_cpp"
2026-09-21T08:01:05Z,6,"smoke_conv2_a_20260921T080016Z",118907,"python3",6.7,77496,48480,"python3 /wt/contributions/compute-benchmark/OsakaTX/scripts/synthetic_scan_publisher.py --duration 190 --loop-s 40 --hz 5.0"
2026-09-21T08:01:05Z,6,"smoke_conv2_a_20260921T080016Z",118923,"ros2",1.2,79004,50661,"/usr/bin/python3 /opt/ros/jazzy/bin/ros2 launch slam_toolbox online_async_launch.py slam_params_file:=/wt/contributions/compute-benchmark/OsakaTX/scripts/slam_toolbox_params.yaml use_sim_time:=False autostart:=true"
2026-09-21T08:01:05Z,6,"smoke_conv2_a_20260921T080016Z",118924,"ros2",2.5,83604,55484,"/usr/bin/python3 /opt/ros/jazzy/bin/ros2 launch nav2_bringup bringup_launch.py map:=/wt/contributions/compute-benchmark/OsakaTX/scripts/../results/combo2/combo2_nav2_map.yaml params_file:=/wt/contributions/compute-benchmark/OsakaTX/scripts/nav2_params_converge.yaml use_sim_time:=False autostart:=True slam:=False use_localization:=False"
2026-09-21T08:01:05Z,6,"smoke_conv2_a_20260921T080016Z",118943,"async_slam_tool",13.3,65856,45462,"/opt/ros/jazzy/lib/slam_toolbox/async_slam_toolbox_node --ros-args -r __node:=slam_toolbox -r __ns:=/ --params-file /wt/contributions/compute-benchmark/OsakaTX/scripts/slam_toolbox_params.yaml --params-file /tmp/launch_params_bi0hthu2"
2026-09-21T08:01:05Z,6,"smoke_conv2_a_20260921T080016Z",118976,"component_conta",36.7,164064,143750,"/opt/ros/jazzy/lib/rclcpp_components/component_container_isolated --ros-args --log-level info --ros-args -r __node:=nav2_container --params-file /tmp/launch_params_uhh68xez --params-file /tmp/launch_params_gqa9cwwx -r /tf:=tf -r /tf_static:=tf_static"
2026-09-21T08:01:05Z,6,"smoke_conv2_a_20260921T080016Z",119035,"python3",8.2,83536,54180,"python3 /wt/contributions/compute-benchmark/OsakaTX/scripts/nav_goal_seq.py --x 4 --y 4 --yaw 0 --every 22.0 --pause 2.0 --cx 1.0606601717749816 --cy 1.0606601717749816 --cyaw 0 --stable 6 --stable-tol 0.10 --immediate-converge --repeats 0"
2026-09-21T08:01:05Z,6,"smoke_conv2_a_20260921T080016Z",119080,"bash",0.5,4460,1143,"bash /wt/contributions/compute-benchmark/xbattlax/scripts/measure_ros_processes.sh --pattern python3|ros2|slam|nav2|component_container|nav_goal_seq --duration 90 --interval 2 --label smoke_conv2_a_20260921T080016Z --output /wt/contributions/compute-benchmark/OsakaTX/scripts/../results/combo2/smoke_conv2_a_20260921T080016Z.csv"
2026-09-21T08:01:05Z,6,"smoke_conv2_a_20260921T080016Z",99796,"python3",0.2,74312,46567,"/usr/bin/python3 -c from ros2cli.daemon.daemonize import main; main() --name ros2-daemon --ros-domain-id 0 --rmw-implementation rmw_fastrtps_cpp"
2026-09-21T08:01:07Z,7,"smoke_conv2_a_20260921T080016Z",118907,"python3",6.8,77548,48506,"python3 /wt/contributions/compute-benchmark/OsakaTX/scripts/synthetic_scan_publisher.py --duration 190 --loop-s 40 --hz 5.0"
2026-09-21T08:01:07Z,7,"smoke_conv2_a_20260921T080016Z",118923,"ros2",1.1,79004,50660,"/usr/bin/python3 /opt/ros/jazzy/bin/ros2 launch slam_toolbox online_async_launch.py slam_params_file:=/wt/contributions/compute-benchmark/OsakaTX/scripts/slam_toolbox_params.yaml use_sim_time:=False autostart:=true"
2026-09-21T08:01:07Z,7,"smoke_conv2_a_20260921T080016Z",118924,"ros2",2.4,83604,55483,"/usr/bin/python3 /opt/ros/jazzy/bin/ros2 launch nav2_bringup bringup_launch.py map:=/wt/contributions/compute-benchmark/OsakaTX/scripts/../results/combo2/combo2_nav2_map.yaml params_file:=/wt/contributions/compute-benchmark/OsakaTX/scripts/nav2_params_converge.yaml use_sim_time:=False autostart:=True slam:=False use_localization:=False"
2026-09-21T08:01:07Z,7,"smoke_conv2_a_20260921T080016Z",118943,"async_slam_tool",13.4,66108,45714,"/opt/ros/jazzy/lib/slam_toolbox/async_slam_toolbox_node --ros-args -r __node:=slam_toolbox -r __ns:=/ --params-file /wt/contributions/compute-benchmark/OsakaTX/scripts/slam_toolbox_params.yaml --params-file /tmp/launch_params_bi0hthu2"
2026-09-21T08:01:07Z,7,"smoke_conv2_a_20260921T080016Z",118976,"component_conta",37.7,164120,143806,"/opt/ros/jazzy/lib/rclcpp_components/component_container_isolated --ros-args --log-level info --ros-args -r __node:=nav2_container --params-file /tmp/launch_params_uhh68xez --params-file /tmp/launch_params_gqa9cwwx -r /tf:=tf -r /tf_static:=tf_static"
2026-09-21T08:01:07Z,7,"smoke_conv2_a_20260921T080016Z",119035,"python3",8.3,83536,54180,"python3 /wt/contributions/compute-benchmark/OsakaTX/scripts/nav_goal_seq.py --x 4 --y 4 --yaw 0 --every 22.0 --pause 2.0 --cx 1.0606601717749816 --cy 1.0606601717749816 --cyaw 0 --stable 6 --stable-tol 0.10 --immediate-converge --repeats 0"
2026-09-21T08:01:07Z,7,"smoke_conv2_a_20260921T080016Z",119080,"bash",0.5,4460,1141,"bash /wt/contributions/compute-benchmark/xbattlax/scripts/measure_ros_processes.sh --pattern python3|ros2|slam|nav2|component_container|nav_goal_seq --duration 90 --interval 2 --label smoke_conv2_a_20260921T080016Z --output /wt/contributions/compute-benchmark/OsakaTX/scripts/../results/combo2/smoke_conv2_a_20260921T080016Z.csv"
2026-09-21T08:01:07Z,7,"smoke_conv2_a_20260921T080016Z",99796,"python3",0.2,74312,46568,"/usr/bin/python3 -c from ros2cli.daemon.daemonize import main; main() --name ros2-daemon --ros-domain-id 0 --rmw-implementation rmw_fastrtps_cpp"
2026-09-21T08:01:10Z,8,"smoke_conv2_a_20260921T080016Z",118907,"python3",6.8,77496,48452,"python3 /wt/contributions/compute-benchmark/OsakaTX/scripts/synthetic_scan_publisher.py --duration 190 --loop-s 40 --hz 5.0"
2026-09-21T08:01:10Z,8,"smoke_conv2_a_20260921T080016Z",118923,"ros2",1.1,79004,50660,"/usr/bin/python3 /opt/ros/jazzy/bin/ros2 launch slam_toolbox online_async_launch.py slam_params_file:=/wt/contributions/compute-benchmark/OsakaTX/scripts/slam_toolbox_params.yaml use_sim_time:=False autostart:=true"
2026-09-21T08:01:10Z,8,"smoke_conv2_a_20260921T080016Z",118924,"ros2",2.3,83604,55485,"/usr/bin/python3 /opt/ros/jazzy/bin/ros2 launch nav2_bringup bringup_launch.py map:=/wt/contributions/compute-benchmark/OsakaTX/scripts/../results/combo2/combo2_nav2_map.yaml params_file:=/wt/contributions/compute-benchmark/OsakaTX/scripts/nav2_params_converge.yaml use_sim_time:=False autostart:=True slam:=False use_localization:=False"
2026-09-21T08:01:10Z,8,"smoke_conv2_a_20260921T080016Z",118943,"async_slam_tool",13.5,66372,45976,"/opt/ros/jazzy/lib/slam_toolbox/async_slam_toolbox_node --ros-args -r __node:=slam_toolbox -r __ns:=/ --params-file /wt/contributions/compute-benchmark/OsakaTX/scripts/slam_toolbox_params.yaml --params-file /tmp/launch_params_bi0hthu2"
2026-09-21T08:01:10Z,8,"smoke_conv2_a_20260921T080016Z",118976,"component_conta",38.3,164252,143939,"/opt/ros/jazzy/lib/rclcpp_components/component_container_isolated --ros-args --log-level info --ros-args -r __node:=nav2_container --params-file /tmp/launch_params_uhh68xez --params-file /tmp/launch_params_gqa9cwwx -r /tf:=tf -r /tf_static:=tf_static"
2026-09-21T08:01:10Z,8,"smoke_conv2_a_20260921T080016Z",119035,"python3",8.1,83536,54180,"python3 /wt/contributions/compute-benchmark/OsakaTX/scripts/nav_goal_seq.py --x 4 --y 4 --yaw 0 --every 22.0 --pause 2.0 --cx 1.0606601717749816 --cy 1.0606601717749816 --cyaw 0 --stable 6 --stable-tol 0.10 --immediate-converge --repeats 0"
2026-09-21T08:01:10Z,8,"smoke_conv2_a_20260921T080016Z",119080,"bash",0.5,4460,1145,"bash /wt/contributions/compute-benchmark/xbattlax/scripts/measure_ros_processes.sh --pattern python3|ros2|slam|nav2|component_container|nav_goal_seq --duration 90 --interval 2 --label smoke_conv2_a_20260921T080016Z --output /wt/contributions/compute-benchmark/OsakaTX/scripts/../results/combo2/smoke_conv2_a_20260921T080016Z.csv"
2026-09-21T08:01:10Z,8,"smoke_conv2_a_20260921T080016Z",99796,"python3",0.2,74312,46568,"/usr/bin/python3 -c from ros2cli.daemon.daemonize import main; main() --name ros2-daemon --ros-domain-id 0 --rmw-implementation rmw_fastrtps_cpp"
2026-09-21T08:01:12Z,9,"smoke_conv2_a_20260921T080016Z",118907,"python3",6.8,77496,48451,"python3 /wt/contributions/compute-benchmark/OsakaTX/scripts/synthetic_scan_publisher.py --duration 190 --loop-s 40 --hz 5.0"
2026-09-21T08:01:12Z,9,"smoke_conv2_a_20260921T080016Z",118923,"ros2",1.0,79004,50659,"/usr/bin/python3 /opt/ros/jazzy/bin/ros2 launch slam_toolbox online_async_launch.py slam_params_file:=/wt/contributions/compute-benchmark/OsakaTX/scripts/slam_toolbox_params.yaml use_sim_time:=False autostart:=true"
2026-09-21T08:01:12Z,9,"smoke_conv2_a_20260921T080016Z",118924,"ros2",2.2,83604,55485,"/usr/bin/python3 /opt/ros/jazzy/bin/ros2 launch nav2_bringup bringup_launch.py map:=/wt/contributions/compute-benchmark/OsakaTX/scripts/../results/combo2/combo2_nav2_map.yaml params_file:=/wt/contributions/compute-benchmark/OsakaTX/scripts/nav2_params_converge.yaml use_sim_time:=False autostart:=True slam:=False use_localization:=False"
2026-09-21T08:01:12Z,9,"smoke_conv2_a_20260921T080016Z",118943,"async_slam_tool",13.4,66712,46318,"/opt/ros/jazzy/lib/slam_toolbox/async_slam_toolbox_node --ros-args -r __node:=slam_toolbox -r __ns:=/ --params-file /wt/contributions/compute-benchmark/OsakaTX/scripts/slam_toolbox_params.yaml --params-file /tmp/launch_params_bi0hthu2"
2026-09-21T08:01:12Z,9,"smoke_conv2_a_20260921T080016Z",118976,"component_conta",38.9,164308,143995,"/opt/ros/jazzy/lib/rclcpp_components/component_container_isolated --ros-args --log-level info --ros-args -r __node:=nav2_container --params-file /tmp/launch_params_uhh68xez --params-file /tmp/launch_params_gqa9cwwx -r /tf:=tf -r /tf_static:=tf_static"
2026-09-21T08:01:12Z,9,"smoke_conv2_a_20260921T080016Z",119035,"python3",8.1,83536,54180,"python3 /wt/contributions/compute-benchmark/OsakaTX/scripts/nav_goal_seq.py --x 4 --y 4 --yaw 0 --every 22.0 --pause 2.0 --cx 1.0606601717749816 --cy 1.0606601717749816 --cyaw 0 --stable 6 --stable-tol 0.10 --immediate-converge --repeats 0"
2026-09-21T08:01:12Z,9,"smoke_conv2_a_20260921T080016Z",119080,"bash",0.5,4460,1140,"bash /wt/contributions/compute-benchmark/xbattlax/scripts/measure_ros_processes.sh --pattern python3|ros2|slam|nav2|component_container|nav_goal_seq --duration 90 --interval 2 --label smoke_conv2_a_20260921T080016Z --output /wt/contributions/compute-benchmark/OsakaTX/scripts/../results/combo2/smoke_conv2_a_20260921T080016Z.csv"
2026-09-21T08:01:12Z,9,"smoke_conv2_a_20260921T080016Z",99796,"python3",0.2,74312,46569,"/usr/bin/python3 -c from ros2cli.daemon.daemonize import main; main() --name ros2-daemon --ros-domain-id 0 --rmw-implementation rmw_fastrtps_cpp"
2026-09-21T08:01:15Z,10,"smoke_conv2_a_20260921T080016Z",118907,"python3",6.7,77496,48456,"python3 /wt/contributions/compute-benchmark/OsakaTX/scripts/synthetic_scan_publisher.py --duration 190 --loop-s 40 --hz 5.0"
2026-09-21T08:01:15Z,10,"smoke_conv2_a_20260921T080016Z",118923,"ros2",1.0,79004,50660,"/usr/bin/python3 /opt/ros/jazzy/bin/ros2 launch slam_toolbox online_async_launch.py slam_params_file:=/wt/contributions/compute-benchmark/OsakaTX/scripts/slam_toolbox_params.yaml use_sim_time:=False autostart:=true"
2026-09-21T08:01:15Z,10,"smoke_conv2_a_20260921T080016Z",118924,"ros2",2.1,83604,55484,"/usr/bin/python3 /opt/ros/jazzy/bin/ros2 launch nav2_bringup bringup_launch.py map:=/wt/contributions/compute-benchmark/OsakaTX/scripts/../results/combo2/combo2_nav2_map.yaml params_file:=/wt/contributions/compute-benchmark/OsakaTX/scripts/nav2_params_converge.yaml use_sim_time:=False autostart:=True slam:=False use_localization:=False"
2026-09-21T08:01:15Z,10,"smoke_conv2_a_20260921T080016Z",118943,"async_slam_tool",13.5,66964,46568,"/opt/ros/jazzy/lib/slam_toolbox/async_slam_toolbox_node --ros-args -r __node:=slam_toolbox -r __ns:=/ --params-file /wt/contributions/compute-benchmark/OsakaTX/scripts/slam_toolbox_params.yaml --params-file /tmp/launch_params_bi0hthu2"
2026-09-21T08:01:15Z,10,"smoke_conv2_a_20260921T080016Z",118976,"component_conta",39.4,164396,144082,"/opt/ros/jazzy/lib/rclcpp_components/component_container_isolated --ros-args --log-level info --ros-args -r __node:=nav2_container --params-file /tmp/launch_params_uhh68xez --params-file /tmp/launch_params_gqa9cwwx -r /tf:=tf -r /tf_static:=tf_static"
2026-09-21T08:01:15Z,10,"smoke_conv2_a_20260921T080016Z",119035,"python3",8.0,83536,54177,"python3 /wt/contributions/compute-benchmark/OsakaTX/scripts/nav_goal_seq.py --x 4 --y 4 --yaw 0 --every 22.0 --pause 2.0 --cx 1.0606601717749816 --cy 1.0606601717749816 --cyaw 0 --stable 6 --stable-tol 0.10 --immediate-converge --repeats 0"
2026-09-21T08:01:15Z,10,"smoke_conv2_a_20260921T080016Z",119080,"bash",0.5,4460,1145,"bash /wt/contributions/compute-benchmark/xbattlax/scripts/measure_ros_processes.sh --pattern python3|ros2|slam|nav2|component_container|nav_goal_seq --duration 90 --interval 2 --label smoke_conv2_a_20260921T080016Z --output /wt/contributions/compute-benchmark/OsakaTX/scripts/../results/combo2/smoke_conv2_a_20260921T080016Z.csv"
2026-09-21T08:01:15Z,10,"smoke_conv2_a_20260921T080016Z",99796,"python3",0.2,74312,46567,"/usr/bin/python3 -c from ros2cli.daemon.daemonize import main; main() --name ros2-daemon --ros-domain-id 0 --rmw-implementation rmw_fastrtps_cpp"
2026-09-21T08:01:17Z,11,"smoke_conv2_a_20260921T080016Z",118907,"python3",6.6,77496,48455,"python3 /wt/contributions/compute-benchmark/OsakaTX/scripts/synthetic_scan_publisher.py --duration 190 --loop-s 40 --hz 5.0"
2026-09-21T08:01:17Z,11,"smoke_conv2_a_20260921T080016Z",118923,"ros2",1.0,79004,50660,"/usr/bin/python3 /opt/ros/jazzy/bin/ros2 launch slam_toolbox online_async_launch.py slam_params_file:=/wt/contributions/compute-benchmark/OsakaTX/scripts/slam_toolbox_params.yaml use_sim_time:=False autostart:=true"
2026-09-21T08:01:17Z,11,"smoke_conv2_a_20260921T080016Z",118924,"ros2",2.0,83604,55484,"/usr/bin/python3 /opt/ros/jazzy/bin/ros2 launch nav2_bringup bringup_launch.py map:=/wt/contributions/compute-benchmark/OsakaTX/scripts/../results/combo2/combo2_nav2_map.yaml params_file:=/wt/contributions/compute-benchmark/OsakaTX/scripts/nav2_params_converge.yaml use_sim_time:=False autostart:=True slam:=False use_localization:=False"
2026-09-21T08:01:17Z,11,"smoke_conv2_a_20260921T080016Z",118943,"async_slam_tool",13.6,67240,46846,"/opt/ros/jazzy/lib/slam_toolbox/async_slam_toolbox_node --ros-args -r __node:=slam_toolbox -r __ns:=/ --params-file /wt/contributions/compute-benchmark/OsakaTX/scripts/slam_toolbox_params.yaml --params-file /tmp/launch_params_bi0hthu2"
2026-09-21T08:01:17Z,11,"smoke_conv2_a_20260921T080016Z",118976,"component_conta",39.6,164480,144166,"/opt/ros/jazzy/lib/rclcpp_components/component_container_isolated --ros-args --log-level info --ros-args -r __node:=nav2_container --params-file /tmp/launch_params_uhh68xez --params-file /tmp/launch_params_gqa9cwwx -r /tf:=tf -r /tf_static:=tf_static"
2026-09-21T08:01:17Z,11,"smoke_conv2_a_20260921T080016Z",119035,"python3",7.8,83536,54180,"python3 /wt/contributions/compute-benchmark/OsakaTX/scripts/nav_goal_seq.py --x 4 --y 4 --yaw 0 --every 22.0 --pause 2.0 --cx 1.0606601717749816 --cy 1.0606601717749816 --cyaw 0 --stable 6 --stable-tol 0.10 --immediate-converge --repeats 0"
2026-09-21T08:01:17Z,11,"smoke_conv2_a_20260921T080016Z",119080,"bash",0.5,4460,1140,"bash /wt/contributions/compute-benchmark/xbattlax/scripts/measure_ros_processes.sh --pattern python3|ros2|slam|nav2|component_container|nav_goal_seq --duration 90 --interval 2 --label smoke_conv2_a_20260921T080016Z --output /wt/contributions/compute-benchmark/OsakaTX/scripts/../results/combo2/smoke_conv2_a_20260921T080016Z.csv"
2026-09-21T08:01:17Z,11,"smoke_conv2_a_20260921T080016Z",99796,"python3",0.2,74312,46566,"/usr/bin/python3 -c from ros2cli.daemon.daemonize import main; main() --name ros2-daemon --ros-domain-id 0 --rmw-implementation rmw_fastrtps_cpp"
2026-09-21T08:01:19Z,12,"smoke_conv2_a_20260921T080016Z",118907,"python3",6.6,77496,48456,"python3 /wt/contributions/compute-benchmark/OsakaTX/scripts/synthetic_scan_publisher.py --duration 190 --loop-s 40 --hz 5.0"
2026-09-21T08:01:19Z,12,"smoke_conv2_a_20260921T080016Z",118923,"ros2",0.9,79004,50660,"/usr/bin/python3 /opt/ros/jazzy/bin/ros2 launch slam_toolbox online_async_launch.py slam_params_file:=/wt/contributions/compute-benchmark/OsakaTX/scripts/slam_toolbox_params.yaml use_sim_time:=False autostart:=true"
2026-09-21T08:01:19Z,12,"smoke_conv2_a_20260921T080016Z",118924,"ros2",1.9,83604,55485,"/usr/bin/python3 /opt/ros/jazzy/bin/ros2 launch nav2_bringup bringup_launch.py map:=/wt/contributions/compute-benchmark/OsakaTX/scripts/../results/combo2/combo2_nav2_map.yaml params_file:=/wt/contributions/compute-benchmark/OsakaTX/scripts/nav2_params_converge.yaml use_sim_time:=False autostart:=True slam:=False use_localization:=False"
2026-09-21T08:01:19Z,12,"smoke_conv2_a_20260921T080016Z",118943,"async_slam_tool",13.6,67532,47136,"/opt/ros/jazzy/lib/slam_toolbox/async_slam_toolbox_node --ros-args -r __node:=slam_toolbox -r __ns:=/ --params-file /wt/contributions/compute-benchmark/OsakaTX/scripts/slam_toolbox_params.yaml --params-file /tmp/launch_params_bi0hthu2"
2026-09-21T08:01:19Z,12,"smoke_conv2_a_20260921T080016Z",118976,"component_conta",40.1,164540,144666,"/opt/ros/jazzy/lib/rclcpp_components/component_container_isolated --ros-args --log-level info --ros-args -r __node:=nav2_container --params-file /tmp/launch_params_uhh68xez --params-file /tmp/launch_params_gqa9cwwx -r /tf:=tf -r /tf_static:=tf_static"
2026-09-21T08:01:19Z,12,"smoke_conv2_a_20260921T080016Z",119035,"python3",7.8,83540,54184,"python3 /wt/contributions/compute-benchmark/OsakaTX/scripts/nav_goal_seq.py --x 4 --y 4 --yaw 0 --every 22.0 --pause 2.0 --cx 1.0606601717749816 --cy 1.0606601717749816 --cyaw 0 --stable 6 --stable-tol 0.10 --immediate-converge --repeats 0"
2026-09-21T08:01:19Z,12,"smoke_conv2_a_20260921T080016Z",119080,"bash",0.5,4460,1141,"bash /wt/contributions/compute-benchmark/xbattlax/scripts/measure_ros_processes.sh --pattern python3|ros2|slam|nav2|component_container|nav_goal_seq --duration 90 --interval 2 --label smoke_conv2_a_20260921T080016Z --output /wt/contributions/compute-benchmark/OsakaTX/scripts/../results/combo2/smoke_conv2_a_20260921T080016Z.csv"
2026-09-21T08:01:19Z,12,"smoke_conv2_a_20260921T080016Z",99796,"python3",0.2,74312,46568,"/usr/bin/python3 -c from ros2cli.daemon.daemonize import main; main() --name ros2-daemon --ros-domain-id 0 --rmw-implementation rmw_fastrtps_cpp"
2026-09-21T08:01:22Z,13,"smoke_conv2_a_20260921T080016Z",118907,"python3",6.5,77496,48454,"python3 /wt/contributions/compute-benchmark/OsakaTX/scripts/synthetic_scan_publisher.py --duration 190 --loop-s 40 --hz 5.0"
2026-09-21T08:01:22Z,13,"smoke_conv2_a_20260921T080016Z",118923,"ros2",0.9,79004,50660,"/usr/bin/python3 /opt/ros/jazzy/bin/ros2 launch slam_toolbox online_async_launch.py slam_params_file:=/wt/contributions/compute-benchmark/OsakaTX/scripts/slam_toolbox_params.yaml use_sim_time:=False autostart:=true"
2026-09-21T08:01:22Z,13,"smoke_conv2_a_20260921T080016Z",118924,"ros2",1.9,83604,55485,"/usr/bin/python3 /opt/ros/jazzy/bin/ros2 launch nav2_bringup bringup_launch.py map:=/wt/contributions/compute-benchmark/OsakaTX/scripts/../results/combo2/combo2_nav2_map.yaml params_file:=/wt/contributions/compute-benchmark/OsakaTX/scripts/nav2_params_converge.yaml use_sim_time:=False autostart:=True slam:=False use_localization:=False"
2026-09-21T08:01:22Z,13,"smoke_conv2_a_20260921T080016Z",118943,"async_slam_tool",13.7,67784,47390,"/opt/ros/jazzy/lib/slam_toolbox/async_slam_toolbox_node --ros-args -r __node:=slam_toolbox -r __ns:=/ --params-file /wt/contributions/compute-benchmark/OsakaTX/scripts/slam_toolbox_params.yaml --params-file /tmp/launch_params_bi0hthu2"
2026-09-21T08:01:22Z,13,"smoke_conv2_a_20260921T080016Z",118976,"component_conta",40.4,165868,145554,"/opt/ros/jazzy/lib/rclcpp_components/component_container_isolated --ros-args --log-level info --ros-args -r __node:=nav2_container --params-file /tmp/launch_params_uhh68xez --params-file /tmp/launch_params_gqa9cwwx -r /tf:=tf -r /tf_static:=tf_static"
2026-09-21T08:01:22Z,13,"smoke_conv2_a_20260921T080016Z",119035,"python3",7.7,83540,54183,"python3 /wt/contributions/compute-benchmark/OsakaTX/scripts/nav_goal_seq.py --x 4 --y 4 --yaw 0 --every 22.0 --pause 2.0 --cx 1.0606601717749816 --cy 1.0606601717749816 --cyaw 0 --stable 6 --stable-tol 0.10 --immediate-converge --repeats 0"
2026-09-21T08:01:22Z,13,"smoke_conv2_a_20260921T080016Z",119080,"bash",0.5,4460,1138,"bash /wt/contributions/compute-benchmark/xbattlax/scripts/measure_ros_processes.sh --pattern python3|ros2|slam|nav2|component_container|nav_goal_seq --duration 90 --interval 2 --label smoke_conv2_a_20260921T080016Z --output /wt/contributions/compute-benchmark/OsakaTX/scripts/../results/combo2/smoke_conv2_a_20260921T080016Z.csv"
2026-09-21T08:01:22Z,13,"smoke_conv2_a_20260921T080016Z",99796,"python3",0.2,74312,46568,"/usr/bin/python3 -c from ros2cli.daemon.daemonize import main; main() --name ros2-daemon --ros-domain-id 0 --rmw-implementation rmw_fastrtps_cpp"
2026-09-21T08:01:24Z,14,"smoke_conv2_a_20260921T080016Z",118907,"python3",6.5,77496,48456,"python3 /wt/contributions/compute-benchmark/OsakaTX/scripts/synthetic_scan_publisher.py --duration 190 --loop-s 40 --hz 5.0"
2026-09-21T08:01:24Z,14,"smoke_conv2_a_20260921T080016Z",118923,"ros2",0.9,79004,50658,"/usr/bin/python3 /opt/ros/jazzy/bin/ros2 launch slam_toolbox online_async_launch.py slam_params_file:=/wt/contributions/compute-benchmark/OsakaTX/scripts/slam_toolbox_params.yaml use_sim_time:=False autostart:=true"
2026-09-21T08:01:24Z,14,"smoke_conv2_a_20260921T080016Z",118924,"ros2",1.8,83604,55485,"/usr/bin/python3 /opt/ros/jazzy/bin/ros2 launch nav2_bringup bringup_launch.py map:=/wt/contributions/compute-benchmark/OsakaTX/scripts/../results/combo2/combo2_nav2_map.yaml params_file:=/wt/contributions/compute-benchmark/OsakaTX/scripts/nav2_params_converge.yaml use_sim_time:=False autostart:=True slam:=False use_localization:=False"
2026-09-21T08:01:24Z,14,"smoke_conv2_a_20260921T080016Z",118943,"async_slam_tool",13.6,68060,47664,"/opt/ros/jazzy/lib/slam_toolbox/async_slam_toolbox_node --ros-args -r __node:=slam_toolbox -r __ns:=/ --params-file /wt/contributions/compute-benchmark/OsakaTX/scripts/slam_toolbox_params.yaml --params-file /tmp/launch_params_bi0hthu2"
2026-09-21T08:01:24Z,14,"smoke_conv2_a_20260921T080016Z",118976,"component_conta",40.7,164560,144246,"/opt/ros/jazzy/lib/rclcpp_components/component_container_isolated --ros-args --log-level info --ros-args -r __node:=nav2_container --params-file /tmp/launch_params_uhh68xez --params-file /tmp/launch_params_gqa9cwwx -r /tf:=tf -r /tf_static:=tf_static"
2026-09-21T08:01:24Z,14,"smoke_conv2_a_20260921T080016Z",119035,"python3",7.6,83540,54183,"python3 /wt/contributions/compute-benchmark/OsakaTX/scripts/nav_goal_seq.py --x 4 --y 4 --yaw 0 --every 22.0 --pause 2.0 --cx 1.0606601717749816 --cy 1.0606601717749816 --cyaw 0 --stable 6 --stable-tol 0.10 --immediate-converge --repeats 0"
2026-09-21T08:01:24Z,14,"smoke_conv2_a_20260921T080016Z",119080,"bash",0.5,4460,1141,"bash /wt/contributions/compute-benchmark/xbattlax/scripts/measure_ros_processes.sh --pattern python3|ros2|slam|nav2|component_container|nav_goal_seq --duration 90 --interval 2 --label smoke_conv2_a_20260921T080016Z --output /wt/contributions/compute-benchmark/OsakaTX/scripts/../results/combo2/smoke_conv2_a_20260921T080016Z.csv"
2026-09-21T08:01:24Z,14,"smoke_conv2_a_20260921T080016Z",99796,"python3",0.2,74312,46568,"/usr/bin/python3 -c from ros2cli.daemon.daemonize import main; main() --name ros2-daemon --ros-domain-id 0 --rmw-implementation rmw_fastrtps_cpp"
2026-09-21T08:01:26Z,15,"smoke_conv2_a_20260921T080016Z",118907,"python3",6.4,77496,48455,"python3 /wt/contributions/compute-benchmark/OsakaTX/scripts/synthetic_scan_publisher.py --duration 190 --loop-s 40 --hz 5.0"
2026-09-21T08:01:26Z,15,"smoke_conv2_a_20260921T080016Z",118923,"ros2",0.8,79004,50658,"/usr/bin/python3 /opt/ros/jazzy/bin/ros2 launch slam_toolbox online_async_launch.py slam_params_file:=/wt/contributions/compute-benchmark/OsakaTX/scripts/slam_toolbox_params.yaml use_sim_time:=False autostart:=true"
2026-09-21T08:01:26Z,15,"smoke_conv2_a_20260921T080016Z",118924,"ros2",1.8,83604,55484,"/usr/bin/python3 /opt/ros/jazzy/bin/ros2 launch nav2_bringup bringup_launch.py map:=/wt/contributions/compute-benchmark/OsakaTX/scripts/../results/combo2/combo2_nav2_map.yaml params_file:=/wt/contributions/compute-benchmark/OsakaTX/scripts/nav2_params_converge.yaml use_sim_time:=False autostart:=True slam:=False use_localization:=False"
2026-09-21T08:01:26Z,15,"smoke_conv2_a_20260921T080016Z",118943,"async_slam_tool",13.7,68320,47926,"/opt/ros/jazzy/lib/slam_toolbox/async_slam_toolbox_node --ros-args -r __node:=slam_toolbox -r __ns:=/ --params-file /wt/contributions/compute-benchmark/OsakaTX/scripts/slam_toolbox_params.yaml --params-file /tmp/launch_params_bi0hthu2"
2026-09-21T08:01:26Z,15,"smoke_conv2_a_20260921T080016Z",118976,"component_conta",41.1,164596,144282,"/opt/ros/jazzy/lib/rclcpp_components/component_container_isolated --ros-args --log-level info --ros-args -r __node:=nav2_container --params-file /tmp/launch_params_uhh68xez --params-file /tmp/launch_params_gqa9cwwx -r /tf:=tf -r /tf_static:=tf_static"
2026-09-21T08:01:26Z,15,"smoke_conv2_a_20260921T080016Z",119035,"python3",7.6,83540,54183,"python3 /wt/contributions/compute-benchmark/OsakaTX/scripts/nav_goal_seq.py --x 4 --y 4 --yaw 0 --every 22.0 --pause 2.0 --cx 1.0606601717749816 --cy 1.0606601717749816 --cyaw 0 --stable 6 --stable-tol 0.10 --immediate-converge --repeats 0"
2026-09-21T08:01:26Z,15,"smoke_conv2_a_20260921T080016Z",119080,"bash",0.5,4460,1139,"bash /wt/contributions/compute-benchmark/xbattlax/scripts/measure_ros_processes.sh --pattern python3|ros2|slam|nav2|component_container|nav_goal_seq --duration 90 --interval 2 --label smoke_conv2_a_20260921T080016Z --output /wt/contributions/compute-benchmark/OsakaTX/scripts/../results/combo2/smoke_conv2_a_20260921T080016Z.csv"
2026-09-21T08:01:26Z,15,"smoke_conv2_a_20260921T080016Z",99796,"python3",0.2,74312,46569,"/usr/bin/python3 -c from ros2cli.daemon.daemonize import main; main() --name ros2-daemon --ros-domain-id 0 --rmw-implementation rmw_fastrtps_cpp"
2026-09-21T08:01:29Z,16,"smoke_conv2_a_20260921T080016Z",118907,"python3",6.4,77496,48450,"python3 /wt/contributions/compute-benchmark/OsakaTX/scripts/synthetic_scan_publisher.py --duration 190 --loop-s 40 --hz 5.0"
2026-09-21T08:01:29Z,16,"smoke_conv2_a_20260921T080016Z",118923,"ros2",0.8,79004,50661,"/usr/bin/python3 /opt/ros/jazzy/bin/ros2 launch slam_toolbox online_async_launch.py slam_params_file:=/wt/contributions/compute-benchmark/OsakaTX/scripts/slam_toolbox_params.yaml use_sim_time:=False autostart:=true"
2026-09-21T08:01:29Z,16,"smoke_conv2_a_20260921T080016Z",118924,"ros2",1.7,83604,55484,"/usr/bin/python3 /opt/ros/jazzy/bin/ros2 launch nav2_bringup bringup_launch.py map:=/wt/contributions/compute-benchmark/OsakaTX/scripts/../results/combo2/combo2_nav2_map.yaml params_file:=/wt/contributions/compute-benchmark/OsakaTX/scripts/nav2_params_converge.yaml use_sim_time:=False autostart:=True slam:=False use_localization:=False"
2026-09-21T08:01:29Z,16,"smoke_conv2_a_20260921T080016Z",118943,"async_slam_tool",13.8,68604,48210,"/opt/ros/jazzy/lib/slam_toolbox/async_slam_toolbox_node --ros-args -r __node:=slam_toolbox -r __ns:=/ --params-file /wt/contributions/compute-benchmark/OsakaTX/scripts/slam_toolbox_params.yaml --params-file /tmp/launch_params_bi0hthu2"
2026-09-21T08:01:29Z,16,"smoke_conv2_a_20260921T080016Z",118976,"component_conta",41.3,164596,144283,"/opt/ros/jazzy/lib/rclcpp_components/component_container_isolated --ros-args --log-level info --ros-args -r __node:=nav2_container --params-file /tmp/launch_params_uhh68xez --params-file /tmp/launch_params_gqa9cwwx -r /tf:=tf -r /tf_static:=tf_static"
2026-09-21T08:01:29Z,16,"smoke_conv2_a_20260921T080016Z",119035,"python3",7.5,83540,54184,"python3 /wt/contributions/compute-benchmark/OsakaTX/scripts/nav_goal_seq.py --x 4 --y 4 --yaw 0 --every 22.0 --pause 2.0 --cx 1.0606601717749816 --cy 1.0606601717749816 --cyaw 0 --stable 6 --stable-tol 0.10 --immediate-converge --repeats 0"
2026-09-21T08:01:29Z,16,"smoke_conv2_a_20260921T080016Z",119080,"bash",0.5,4460,1143,"bash /wt/contributions/compute-benchmark/xbattlax/scripts/measure_ros_processes.sh --pattern python3|ros2|slam|nav2|component_container|nav_goal_seq --duration 90 --interval 2 --label smoke_conv2_a_20260921T080016Z --output /wt/contributions/compute-benchmark/OsakaTX/scripts/../results/combo2/smoke_conv2_a_20260921T080016Z.csv"
2026-09-21T08:01:29Z,16,"smoke_conv2_a_20260921T080016Z",99796,"python3",0.2,74312,46567,"/usr/bin/python3 -c from ros2cli.daemon.daemonize import main; main() --name ros2-daemon --ros-domain-id 0 --rmw-implementation rmw_fastrtps_cpp"
2026-09-21T08:01:31Z,17,"smoke_conv2_a_20260921T080016Z",118907,"python3",6.3,77496,48453,"python3 /wt/contributions/compute-benchmark/OsakaTX/scripts/synthetic_scan_publisher.py --duration 190 --loop-s 40 --hz 5.0"
2026-09-21T08:01:31Z,17,"smoke_conv2_a_20260921T080016Z",118923,"ros2",0.8,79004,50658,"/usr/bin/python3 /opt/ros/jazzy/bin/ros2 launch slam_toolbox online_async_launch.py slam_params_file:=/wt/contributions/compute-benchmark/OsakaTX/scripts/slam_toolbox_params.yaml use_sim_time:=False autostart:=true"
2026-09-21T08:01:31Z,17,"smoke_conv2_a_20260921T080016Z",118924,"ros2",1.6,83604,55483,"/usr/bin/python3 /opt/ros/jazzy/bin/ros2 launch nav2_bringup bringup_launch.py map:=/wt/contributions/compute-benchmark/OsakaTX/scripts/../results/combo2/combo2_nav2_map.yaml params_file:=/wt/contributions/compute-benchmark/OsakaTX/scripts/nav2_params_converge.yaml use_sim_time:=False autostart:=True slam:=False use_localization:=False"
2026-09-21T08:01:31Z,17,"smoke_conv2_a_20260921T080016Z",118943,"async_slam_tool",13.8,68936,48540,"/opt/ros/jazzy/lib/slam_toolbox/async_slam_toolbox_node --ros-args -r __node:=slam_toolbox -r __ns:=/ --params-file /wt/contributions/compute-benchmark/OsakaTX/scripts/slam_toolbox_params.yaml --params-file /tmp/launch_params_bi0hthu2"
2026-09-21T08:01:31Z,17,"smoke_conv2_a_20260921T080016Z",118976,"component_conta",41.6,164596,144283,"/opt/ros/jazzy/lib/rclcpp_components/component_container_isolated --ros-args --log-level info --ros-args -r __node:=nav2_container --params-file /tmp/launch_params_uhh68xez --params-file /tmp/launch_params_gqa9cwwx -r /tf:=tf -r /tf_static:=tf_static"
2026-09-21T08:01:31Z,17,"smoke_conv2_a_20260921T080016Z",119035,"python3",7.5,83540,54182,"python3 /wt/contributions/compute-benchmark/OsakaTX/scripts/nav_goal_seq.py --x 4 --y 4 --yaw 0 --every 22.0 --pause 2.0 --cx 1.0606601717749816 --cy 1.0606601717749816 --cyaw 0 --stable 6 --stable-tol 0.10 --immediate-converge --repeats 0"
2026-09-21T08:01:31Z,17,"smoke_conv2_a_20260921T080016Z",119080,"bash",0.5,4460,1143,"bash /wt/contributions/compute-benchmark/xbattlax/scripts/measure_ros_processes.sh --pattern python3|ros2|slam|nav2|component_container|nav_goal_seq --duration 90 --interval 2 --label smoke_conv2_a_20260921T080016Z --output /wt/contributions/compute-benchmark/OsakaTX/scripts/../results/combo2/smoke_conv2_a_20260921T080016Z.csv"
2026-09-21T08:01:31Z,17,"smoke_conv2_a_20260921T080016Z",99796,"python3",0.2,74312,46568,"/usr/bin/python3 -c from ros2cli.daemon.daemonize import main; main() --name ros2-daemon --ros-domain-id 0 --rmw-implementation rmw_fastrtps_cpp"
2026-09-21T08:01:33Z,18,"smoke_conv2_a_20260921T080016Z",118907,"python3",6.3,77496,48456,"python3 /wt/contributions/compute-benchmark/OsakaTX/scripts/synthetic_scan_publisher.py --duration 190 --loop-s 40 --hz 5.0"
2026-09-21T08:01:33Z,18,"smoke_conv2_a_20260921T080016Z",118923,"ros2",0.8,79004,50658,"/usr/bin/python3 /opt/ros/jazzy/bin/ros2 launch slam_toolbox online_async_launch.py slam_params_file:=/wt/contributions/compute-benchmark/OsakaTX/scripts/slam_toolbox_params.yaml use_sim_time:=False autostart:=true"
2026-09-21T08:01:33Z,18,"smoke_conv2_a_20260921T080016Z",118924,"ros2",1.6,83604,55485,"/usr/bin/python3 /opt/ros/jazzy/bin/ros2 launch nav2_bringup bringup_launch.py map:=/wt/contributions/compute-benchmark/OsakaTX/scripts/../results/combo2/combo2_nav2_map.yaml params_file:=/wt/contributions/compute-benchmark/OsakaTX/scripts/nav2_params_converge.yaml use_sim_time:=False autostart:=True slam:=False use_localization:=False"
2026-09-21T08:01:33Z,18,"smoke_conv2_a_20260921T080016Z",118943,"async_slam_tool",13.8,69152,48756,"/opt/ros/jazzy/lib/slam_toolbox/async_slam_toolbox_node --ros-args -r __node:=slam_toolbox -r __ns:=/ --params-file /wt/contributions/compute-benchmark/OsakaTX/scripts/slam_toolbox_params.yaml --params-file /tmp/launch_params_bi0hthu2"
2026-09-21T08:01:33Z,18,"smoke_conv2_a_20260921T080016Z",118976,"component_conta",41.9,164596,144282,"/opt/ros/jazzy/lib/rclcpp_components/component_container_isolated --ros-args --log-level info --ros-args -r __node:=nav2_container --params-file /tmp/launch_params_uhh68xez --params-file /tmp/launch_params_gqa9cwwx -r /tf:=tf -r /tf_static:=tf_static"
2026-09-21T08:01:33Z,18,"smoke_conv2_a_20260921T080016Z",119035,"python3",7.5,83544,54184,"python3 /wt/contributions/compute-benchmark/OsakaTX/scripts/nav_goal_seq.py --x 4 --y 4 --yaw 0 --every 22.0 --pause 2.0 --cx 1.0606601717749816 --cy 1.0606601717749816 --cyaw 0 --stable 6 --stable-tol 0.10 --immediate-converge --repeats 0"
2026-09-21T08:01:33Z,18,"smoke_conv2_a_20260921T080016Z",119080,"bash",0.5,4460,1145,"bash /wt/contributions/compute-benchmark/xbattlax/scripts/measure_ros_processes.sh --pattern python3|ros2|slam|nav2|component_container|nav_goal_seq --duration 90 --interval 2 --label smoke_conv2_a_20260921T080016Z --output /wt/contributions/compute-benchmark/OsakaTX/scripts/../results/combo2/smoke_conv2_a_20260921T080016Z.csv"
2026-09-21T08:01:33Z,18,"smoke_conv2_a_20260921T080016Z",99796,"python3",0.2,74312,46566,"/usr/bin/python3 -c from ros2cli.daemon.daemonize import main; main() --name ros2-daemon --ros-domain-id 0 --rmw-implementation rmw_fastrtps_cpp"
2026-09-21T08:01:36Z,19,"smoke_conv2_a_20260921T080016Z",118907,"python3",6.3,77496,48454,"python3 /wt/contributions/compute-benchmark/OsakaTX/scripts/synthetic_scan_publisher.py --duration 190 --loop-s 40 --hz 5.0"
2026-09-21T08:01:36Z,19,"smoke_conv2_a_20260921T080016Z",118923,"ros2",0.7,79004,50661,"/usr/bin/python3 /opt/ros/jazzy/bin/ros2 launch slam_toolbox online_async_launch.py slam_params_file:=/wt/contributions/compute-benchmark/OsakaTX/scripts/slam_toolbox_params.yaml use_sim_time:=False autostart:=true"
2026-09-21T08:01:36Z,19,"smoke_conv2_a_20260921T080016Z",118924,"ros2",1.6,83604,55485,"/usr/bin/python3 /opt/ros/jazzy/bin/ros2 launch nav2_bringup bringup_launch.py map:=/wt/contributions/compute-benchmark/OsakaTX/scripts/../results/combo2/combo2_nav2_map.yaml params_file:=/wt/contributions/compute-benchmark/OsakaTX/scripts/nav2_params_converge.yaml use_sim_time:=False autostart:=True slam:=False use_localization:=False"
2026-09-21T08:01:36Z,19,"smoke_conv2_a_20260921T080016Z",118943,"async_slam_tool",13.8,69412,49017,"/opt/ros/jazzy/lib/slam_toolbox/async_slam_toolbox_node --ros-args -r __node:=slam_toolbox -r __ns:=/ --params-file /wt/contributions/compute-benchmark/OsakaTX/scripts/slam_toolbox_params.yaml --params-file /tmp/launch_params_bi0hthu2"
2026-09-21T08:01:36Z,19,"smoke_conv2_a_20260921T080016Z",118976,"component_conta",42.0,164596,144282,"/opt/ros/jazzy/lib/rclcpp_components/component_container_isolated --ros-args --log-level info --ros-args -r __node:=nav2_container --params-file /tmp/launch_params_uhh68xez --params-file /tmp/launch_params_gqa9cwwx -r /tf:=tf -r /tf_static:=tf_static"
2026-09-21T08:01:36Z,19,"smoke_conv2_a_20260921T080016Z",119035,"python3",7.5,83544,54188,"python3 /wt/contributions/compute-benchmark/OsakaTX/scripts/nav_goal_seq.py --x 4 --y 4 --yaw 0 --every 22.0 --pause 2.0 --cx 1.0606601717749816 --cy 1.0606601717749816 --cyaw 0 --stable 6 --stable-tol 0.10 --immediate-converge --repeats 0"
2026-09-21T08:01:36Z,19,"smoke_conv2_a_20260921T080016Z",119080,"bash",0.5,4460,1142,"bash /wt/contributions/compute-benchmark/xbattlax/scripts/measure_ros_processes.sh --pattern python3|ros2|slam|nav2|component_container|nav_goal_seq --duration 90 --interval 2 --label smoke_conv2_a_20260921T080016Z --output /wt/contributions/compute-benchmark/OsakaTX/scripts/../results/combo2/smoke_conv2_a_20260921T080016Z.csv"
2026-09-21T08:01:36Z,19,"smoke_conv2_a_20260921T080016Z",99796,"python3",0.2,74312,46566,"/usr/bin/python3 -c from ros2cli.daemon.daemonize import main; main() --name ros2-daemon --ros-domain-id 0 --rmw-implementation rmw_fastrtps_cpp"
2026-09-21T08:01:38Z,20,"smoke_conv2_a_20260921T080016Z",118907,"python3",6.3,77496,48455,"python3 /wt/contributions/compute-benchmark/OsakaTX/scripts/synthetic_scan_publisher.py --duration 190 --loop-s 40 --hz 5.0"
2026-09-21T08:01:38Z,20,"smoke_conv2_a_20260921T080016Z",118923,"ros2",0.7,79004,50659,"/usr/bin/python3 /opt/ros/jazzy/bin/ros2 launch slam_toolbox online_async_launch.py slam_params_file:=/wt/contributions/compute-benchmark/OsakaTX/scripts/slam_toolbox_params.yaml use_sim_time:=False autostart:=true"
2026-09-21T08:01:38Z,20,"smoke_conv2_a_20260921T080016Z",118924,"ros2",1.5,83604,55484,"/usr/bin/python3 /opt/ros/jazzy/bin/ros2 launch nav2_bringup bringup_launch.py map:=/wt/contributions/compute-benchmark/OsakaTX/scripts/../results/combo2/combo2_nav2_map.yaml params_file:=/wt/contributions/compute-benchmark/OsakaTX/scripts/nav2_params_converge.yaml use_sim_time:=False autostart:=True slam:=False use_localization:=False"
2026-09-21T08:01:38Z,20,"smoke_conv2_a_20260921T080016Z",118943,"async_slam_tool",13.9,69712,49316,"/opt/ros/jazzy/lib/slam_toolbox/async_slam_toolbox_node --ros-args -r __node:=slam_toolbox -r __ns:=/ --params-file /wt/contributions/compute-benchmark/OsakaTX/scripts/slam_toolbox_params.yaml --params-file /tmp/launch_params_bi0hthu2"
2026-09-21T08:01:38Z,20,"smoke_conv2_a_20260921T080016Z",118976,"component_conta",42.5,167660,147347,"/opt/ros/jazzy/lib/rclcpp_components/component_container_isolated --ros-args --log-level info --ros-args -r __node:=nav2_container --params-file /tmp/launch_params_uhh68xez --params-file /tmp/launch_params_gqa9cwwx -r /tf:=tf -r /tf_static:=tf_static"
2026-09-21T08:01:38Z,20,"smoke_conv2_a_20260921T080016Z",119035,"python3",7.4,83548,54189,"python3 /wt/contributions/compute-benchmark/OsakaTX/scripts/nav_goal_seq.py --x 4 --y 4 --yaw 0 --every 22.0 --pause 2.0 --cx 1.0606601717749816 --cy 1.0606601717749816 --cyaw 0 --stable 6 --stable-tol 0.10 --immediate-converge --repeats 0"
2026-09-21T08:01:38Z,20,"smoke_conv2_a_20260921T080016Z",119080,"bash",0.5,4460,1140,"bash /wt/contributions/compute-benchmark/xbattlax/scripts/measure_ros_processes.sh --pattern python3|ros2|slam|nav2|component_container|nav_goal_seq --duration 90 --interval 2 --label smoke_conv2_a_20260921T080016Z --output /wt/contributions/compute-benchmark/OsakaTX/scripts/../results/combo2/smoke_conv2_a_20260921T080016Z.csv"
2026-09-21T08:01:38Z,20,"smoke_conv2_a_20260921T080016Z",99796,"python3",0.2,74312,46569,"/usr/bin/python3 -c from ros2cli.daemon.daemonize import main; main() --name ros2-daemon --ros-domain-id 0 --rmw-implementation rmw_fastrtps_cpp"
2026-09-21T08:01:41Z,21,"smoke_conv2_a_20260921T080016Z",118907,"python3",6.2,77496,48450,"python3 /wt/contributions/compute-benchmark/OsakaTX/scripts/synthetic_scan_publisher.py --duration 190 --loop-s 40 --hz 5.0"
2026-09-21T08:01:41Z,21,"smoke_conv2_a_20260921T080016Z",118923,"ros2",0.7,79004,50661,"/usr/bin/python3 /opt/ros/jazzy/bin/ros2 launch slam_toolbox online_async_launch.py slam_params_file:=/wt/contributions/compute-benchmark/OsakaTX/scripts/slam_toolbox_params.yaml use_sim_time:=False autostart:=true"
2026-09-21T08:01:41Z,21,"smoke_conv2_a_20260921T080016Z",118924,"ros2",1.5,83604,55485,"/usr/bin/python3 /opt/ros/jazzy/bin/ros2 launch nav2_bringup bringup_launch.py map:=/wt/contributions/compute-benchmark/OsakaTX/scripts/../results/combo2/combo2_nav2_map.yaml params_file:=/wt/contributions/compute-benchmark/OsakaTX/scripts/nav2_params_converge.yaml use_sim_time:=False autostart:=True slam:=False use_localization:=False"
2026-09-21T08:01:41Z,21,"smoke_conv2_a_20260921T080016Z",118943,"async_slam_tool",13.9,69992,49597,"/opt/ros/jazzy/lib/slam_toolbox/async_slam_toolbox_node --ros-args -r __node:=slam_toolbox -r __ns:=/ --params-file /wt/contributions/compute-benchmark/OsakaTX/scripts/slam_toolbox_params.yaml --params-file /tmp/launch_params_bi0hthu2"
2026-09-21T08:01:41Z,21,"smoke_conv2_a_20260921T080016Z",118976,"component_conta",42.5,167324,147010,"/opt/ros/jazzy/lib/rclcpp_components/component_container_isolated --ros-args --log-level info --ros-args -r __node:=nav2_container --params-file /tmp/launch_params_uhh68xez --params-file /tmp/launch_params_gqa9cwwx -r /tf:=tf -r /tf_static:=tf_static"
2026-09-21T08:01:41Z,21,"smoke_conv2_a_20260921T080016Z",119035,"python3",7.4,83548,54192,"python3 /wt/contributions/compute-benchmark/OsakaTX/scripts/nav_goal_seq.py --x 4 --y 4 --yaw 0 --every 22.0 --pause 2.0 --cx 1.0606601717749816 --cy 1.0606601717749816 --cyaw 0 --stable 6 --stable-tol 0.10 --immediate-converge --repeats 0"
2026-09-21T08:01:41Z,21,"smoke_conv2_a_20260921T080016Z",119080,"bash",0.5,4460,1146,"bash /wt/contributions/compute-benchmark/xbattlax/scripts/measure_ros_processes.sh --pattern python3|ros2|slam|nav2|component_container|nav_goal_seq --duration 90 --interval 2 --label smoke_conv2_a_20260921T080016Z --output /wt/contributions/compute-benchmark/OsakaTX/scripts/../results/combo2/smoke_conv2_a_20260921T080016Z.csv"
2026-09-21T08:01:41Z,21,"smoke_conv2_a_20260921T080016Z",99796,"python3",0.2,74312,46568,"/usr/bin/python3 -c from ros2cli.daemon.daemonize import main; main() --name ros2-daemon --ros-domain-id 0 --rmw-implementation rmw_fastrtps_cpp"
2026-09-21T08:01:43Z,22,"smoke_conv2_a_20260921T080016Z",118907,"python3",6.2,77496,48455,"python3 /wt/contributions/compute-benchmark/OsakaTX/scripts/synthetic_scan_publisher.py --duration 190 --loop-s 40 --hz 5.0"
2026-09-21T08:01:43Z,22,"smoke_conv2_a_20260921T080016Z",118923,"ros2",0.7,79004,50659,"/usr/bin/python3 /opt/ros/jazzy/bin/ros2 launch slam_toolbox online_async_launch.py slam_params_file:=/wt/contributions/compute-benchmark/OsakaTX/scripts/slam_toolbox_params.yaml use_sim_time:=False autostart:=true"
2026-09-21T08:01:43Z,22,"smoke_conv2_a_20260921T080016Z",118924,"ros2",1.4,83604,55484,"/usr/bin/python3 /opt/ros/jazzy/bin/ros2 launch nav2_bringup bringup_launch.py map:=/wt/contributions/compute-benchmark/OsakaTX/scripts/../results/combo2/combo2_nav2_map.yaml params_file:=/wt/contributions/compute-benchmark/OsakaTX/scripts/nav2_params_converge.yaml use_sim_time:=False autostart:=True slam:=False use_localization:=False"
2026-09-21T08:01:43Z,22,"smoke_conv2_a_20260921T080016Z",118943,"async_slam_tool",13.9,70344,49949,"/opt/ros/jazzy/lib/slam_toolbox/async_slam_toolbox_node --ros-args -r __node:=slam_toolbox -r __ns:=/ --params-file /wt/contributions/compute-benchmark/OsakaTX/scripts/slam_toolbox_params.yaml --params-file /tmp/launch_params_bi0hthu2"
2026-09-21T08:01:43Z,22,"smoke_conv2_a_20260921T080016Z",118976,"component_conta",42.6,168076,147762,"/opt/ros/jazzy/lib/rclcpp_components/component_container_isolated --ros-args --log-level info --ros-args -r __node:=nav2_container --params-file /tmp/launch_params_uhh68xez --params-file /tmp/launch_params_gqa9cwwx -r /tf:=tf -r /tf_static:=tf_static"
2026-09-21T08:01:43Z,22,"smoke_conv2_a_20260921T080016Z",119035,"python3",7.4,83552,54196,"python3 /wt/contributions/compute-benchmark/OsakaTX/scripts/nav_goal_seq.py --x 4 --y 4 --yaw 0 --every 22.0 --pause 2.0 --cx 1.0606601717749816 --cy 1.0606601717749816 --cyaw 0 --stable 6 --stable-tol 0.10 --immediate-converge --repeats 0"
2026-09-21T08:01:43Z,22,"smoke_conv2_a_20260921T080016Z",119080,"bash",0.5,4460,1143,"bash /wt/contributions/compute-benchmark/xbattlax/scripts/measure_ros_processes.sh --pattern python3|ros2|slam|nav2|component_container|nav_goal_seq --duration 90 --interval 2 --label smoke_conv2_a_20260921T080016Z --output /wt/contributions/compute-benchmark/OsakaTX/scripts/../results/combo2/smoke_conv2_a_20260921T080016Z.csv"
2026-09-21T08:01:43Z,22,"smoke_conv2_a_20260921T080016Z",99796,"python3",0.2,74312,46567,"/usr/bin/python3 -c from ros2cli.daemon.daemonize import main; main() --name ros2-daemon --ros-domain-id 0 --rmw-implementation rmw_fastrtps_cpp"
2026-09-21T08:01:45Z,23,"smoke_conv2_a_20260921T080016Z",118907,"python3",6.2,77496,48454,"python3 /wt/contributions/compute-benchmark/OsakaTX/scripts/synthetic_scan_publisher.py --duration 190 --loop-s 40 --hz 5.0"
2026-09-21T08:01:45Z,23,"smoke_conv2_a_20260921T080016Z",118923,"ros2",0.7,79004,50659,"/usr/bin/python3 /opt/ros/jazzy/bin/ros2 launch slam_toolbox online_async_launch.py slam_params_file:=/wt/contributions/compute-benchmark/OsakaTX/scripts/slam_toolbox_params.yaml use_sim_time:=False autostart:=true"
2026-09-21T08:01:45Z,23,"smoke_conv2_a_20260921T080016Z",118924,"ros2",1.4,83604,55485,"/usr/bin/python3 /opt/ros/jazzy/bin/ros2 launch nav2_bringup bringup_launch.py map:=/wt/contributions/compute-benchmark/OsakaTX/scripts/../results/combo2/combo2_nav2_map.yaml params_file:=/wt/contributions/compute-benchmark/OsakaTX/scripts/nav2_params_converge.yaml use_sim_time:=False autostart:=True slam:=False use_localization:=False"
2026-09-21T08:01:45Z,23,"smoke_conv2_a_20260921T080016Z",118943,"async_slam_tool",13.9,70520,50126,"/opt/ros/jazzy/lib/slam_toolbox/async_slam_toolbox_node --ros-args -r __node:=slam_toolbox -r __ns:=/ --params-file /wt/contributions/compute-benchmark/OsakaTX/scripts/slam_toolbox_params.yaml --params-file /tmp/launch_params_bi0hthu2"
2026-09-21T08:01:45Z,23,"smoke_conv2_a_20260921T080016Z",118976,"component_conta",42.9,166736,146115,"/opt/ros/jazzy/lib/rclcpp_components/component_container_isolated --ros-args --log-level info --ros-args -r __node:=nav2_container --params-file /tmp/launch_params_uhh68xez --params-file /tmp/launch_params_gqa9cwwx -r /tf:=tf -r /tf_static:=tf_static"
2026-09-21T08:01:45Z,23,"smoke_conv2_a_20260921T080016Z",119035,"python3",7.4,83552,54196,"python3 /wt/contributions/compute-benchmark/OsakaTX/scripts/nav_goal_seq.py --x 4 --y 4 --yaw 0 --every 22.0 --pause 2.0 --cx 1.0606601717749816 --cy 1.0606601717749816 --cyaw 0 --stable 6 --stable-tol 0.10 --immediate-converge --repeats 0"
2026-09-21T08:01:45Z,23,"smoke_conv2_a_20260921T080016Z",119080,"bash",0.5,4460,1145,"bash /wt/contributions/compute-benchmark/xbattlax/scripts/measure_ros_processes.sh --pattern python3|ros2|slam|nav2|component_container|nav_goal_seq --duration 90 --interval 2 --label smoke_conv2_a_20260921T080016Z --output /wt/contributions/compute-benchmark/OsakaTX/scripts/../results/combo2/smoke_conv2_a_20260921T080016Z.csv"
2026-09-21T08:01:45Z,23,"smoke_conv2_a_20260921T080016Z",99796,"python3",0.2,74312,46568,"/usr/bin/python3 -c from ros2cli.daemon.daemonize import main; main() --name ros2-daemon --ros-domain-id 0 --rmw-implementation rmw_fastrtps_cpp"
2026-09-21T08:01:48Z,24,"smoke_conv2_a_20260921T080016Z",118907,"python3",6.2,77496,48455,"python3 /wt/contributions/compute-benchmark/OsakaTX/scripts/synthetic_scan_publisher.py --duration 190 --loop-s 40 --hz 5.0"
2026-09-21T08:01:48Z,24,"smoke_conv2_a_20260921T080016Z",118923,"ros2",0.6,79004,50660,"/usr/bin/python3 /opt/ros/jazzy/bin/ros2 launch slam_toolbox online_async_launch.py slam_params_file:=/wt/contributions/compute-benchmark/OsakaTX/scripts/slam_toolbox_params.yaml use_sim_time:=False autostart:=true"
2026-09-21T08:01:48Z,24,"smoke_conv2_a_20260921T080016Z",118924,"ros2",1.4,83604,55484,"/usr/bin/python3 /opt/ros/jazzy/bin/ros2 launch nav2_bringup bringup_launch.py map:=/wt/contributions/compute-benchmark/OsakaTX/scripts/../results/combo2/combo2_nav2_map.yaml params_file:=/wt/contributions/compute-benchmark/OsakaTX/scripts/nav2_params_converge.yaml use_sim_time:=False autostart:=True slam:=False use_localization:=False"
2026-09-21T08:01:48Z,24,"smoke_conv2_a_20260921T080016Z",118943,"async_slam_tool",13.9,70804,50410,"/opt/ros/jazzy/lib/slam_toolbox/async_slam_toolbox_node --ros-args -r __node:=slam_toolbox -r __ns:=/ --params-file /wt/contributions/compute-benchmark/OsakaTX/scripts/slam_toolbox_params.yaml --params-file /tmp/launch_params_bi0hthu2"
2026-09-21T08:01:48Z,24,"smoke_conv2_a_20260921T080016Z",118976,"component_conta",43.0,166404,146090,"/opt/ros/jazzy/lib/rclcpp_components/component_container_isolated --ros-args --log-level info --ros-args -r __node:=nav2_container --params-file /tmp/launch_params_uhh68xez --params-file /tmp/launch_params_gqa9cwwx -r /tf:=tf -r /tf_static:=tf_static"
2026-09-21T08:01:48Z,24,"smoke_conv2_a_20260921T080016Z",119035,"python3",7.4,83556,54196,"python3 /wt/contributions/compute-benchmark/OsakaTX/scripts/nav_goal_seq.py --x 4 --y 4 --yaw 0 --every 22.0 --pause 2.0 --cx 1.0606601717749816 --cy 1.0606601717749816 --cyaw 0 --stable 6 --stable-tol 0.10 --immediate-converge --repeats 0"
2026-09-21T08:01:48Z,24,"smoke_conv2_a_20260921T080016Z",119080,"bash",0.5,4460,1141,"bash /wt/contributions/compute-benchmark/xbattlax/scripts/measure_ros_processes.sh --pattern python3|ros2|slam|nav2|component_container|nav_goal_seq --duration 90 --interval 2 --label smoke_conv2_a_20260921T080016Z --output /wt/contributions/compute-benchmark/OsakaTX/scripts/../results/combo2/smoke_conv2_a_20260921T080016Z.csv"
2026-09-21T08:01:48Z,24,"smoke_conv2_a_20260921T080016Z",99796,"python3",0.2,74312,46568,"/usr/bin/python3 -c from ros2cli.daemon.daemonize import main; main() --name ros2-daemon --ros-domain-id 0 --rmw-implementation rmw_fastrtps_cpp"
2026-09-21T08:01:50Z,25,"smoke_conv2_a_20260921T080016Z",118907,"python3",6.1,77496,48454,"python3 /wt/contributions/compute-benchmark/OsakaTX/scripts/synthetic_scan_publisher.py --duration 190 --loop-s 40 --hz 5.0"
2026-09-21T08:01:50Z,25,"smoke_conv2_a_20260921T080016Z",118923,"ros2",0.6,79004,50658,"/usr/bin/python3 /opt/ros/jazzy/bin/ros2 launch slam_toolbox online_async_launch.py slam_params_file:=/wt/contributions/compute-benchmark/OsakaTX/scripts/slam_toolbox_params.yaml use_sim_time:=False autostart:=true"
2026-09-21T08:01:50Z,25,"smoke_conv2_a_20260921T080016Z",118924,"ros2",1.3,83604,55484,"/usr/bin/python3 /opt/ros/jazzy/bin/ros2 launch nav2_bringup bringup_launch.py map:=/wt/contributions/compute-benchmark/OsakaTX/scripts/../results/combo2/combo2_nav2_map.yaml params_file:=/wt/contributions/compute-benchmark/OsakaTX/scripts/nav2_params_converge.yaml use_sim_time:=False autostart:=True slam:=False use_localization:=False"
2026-09-21T08:01:50Z,25,"smoke_conv2_a_20260921T080016Z",118943,"async_slam_tool",14.0,71064,50670,"/opt/ros/jazzy/lib/slam_toolbox/async_slam_toolbox_node --ros-args -r __node:=slam_toolbox -r __ns:=/ --params-file /wt/contributions/compute-benchmark/OsakaTX/scripts/slam_toolbox_params.yaml --params-file /tmp/launch_params_bi0hthu2"
2026-09-21T08:01:50Z,25,"smoke_conv2_a_20260921T080016Z",118976,"component_conta",43.1,166404,146089,"/opt/ros/jazzy/lib/rclcpp_components/component_container_isolated --ros-args --log-level info --ros-args -r __node:=nav2_container --params-file /tmp/launch_params_uhh68xez --params-file /tmp/launch_params_gqa9cwwx -r /tf:=tf -r /tf_static:=tf_static"
2026-09-21T08:01:50Z,25,"smoke_conv2_a_20260921T080016Z",119035,"python3",7.3,83556,54200,"python3 /wt/contributions/compute-benchmark/OsakaTX/scripts/nav_goal_seq.py --x 4 --y 4 --yaw 0 --every 22.0 --pause 2.0 --cx 1.0606601717749816 --cy 1.0606601717749816 --cyaw 0 --stable 6 --stable-tol 0.10 --immediate-converge --repeats 0"
2026-09-21T08:01:50Z,25,"smoke_conv2_a_20260921T080016Z",119080,"bash",0.5,4460,1146,"bash /wt/contributions/compute-benchmark/xbattlax/scripts/measure_ros_processes.sh --pattern python3|ros2|slam|nav2|component_container|nav_goal_seq --duration 90 --interval 2 --label smoke_conv2_a_20260921T080016Z --output /wt/contributions/compute-benchmark/OsakaTX/scripts/../results/combo2/smoke_conv2_a_20260921T080016Z.csv"
2026-09-21T08:01:50Z,25,"smoke_conv2_a_20260921T080016Z",99796,"python3",0.2,74312,46568,"/usr/bin/python3 -c from ros2cli.daemon.daemonize import main; main() --name ros2-daemon --ros-domain-id 0 --rmw-implementation rmw_fastrtps_cpp"
2026-09-21T08:01:52Z,26,"smoke_conv2_a_20260921T080016Z",118907,"python3",6.1,77496,48452,"python3 /wt/contributions/compute-benchmark/OsakaTX/scripts/synthetic_scan_publisher.py --duration 190 --loop-s 40 --hz 5.0"
2026-09-21T08:01:52Z,26,"smoke_conv2_a_20260921T080016Z",118923,"ros2",0.6,79004,50659,"/usr/bin/python3 /opt/ros/jazzy/bin/ros2 launch slam_toolbox online_async_launch.py slam_params_file:=/wt/contributions/compute-benchmark/OsakaTX/scripts/slam_toolbox_params.yaml use_sim_time:=False autostart:=true"
2026-09-21T08:01:52Z,26,"smoke_conv2_a_20260921T080016Z",118924,"ros2",1.3,83604,55485,"/usr/bin/python3 /opt/ros/jazzy/bin/ros2 launch nav2_bringup bringup_launch.py map:=/wt/contributions/compute-benchmark/OsakaTX/scripts/../results/combo2/combo2_nav2_map.yaml params_file:=/wt/contributions/compute-benchmark/OsakaTX/scripts/nav2_params_converge.yaml use_sim_time:=False autostart:=True slam:=False use_localization:=False"
2026-09-21T08:01:52Z,26,"smoke_conv2_a_20260921T080016Z",118943,"async_slam_tool",14.1,71396,51001,"/opt/ros/jazzy/lib/slam_toolbox/async_slam_toolbox_node --ros-args -r __node:=slam_toolbox -r __ns:=/ --params-file /wt/contributions/compute-benchmark/OsakaTX/scripts/slam_toolbox_params.yaml --params-file /tmp/launch_params_bi0hthu2"
2026-09-21T08:01:52Z,26,"smoke_conv2_a_20260921T080016Z",118976,"component_conta",43.4,166404,146092,"/opt/ros/jazzy/lib/rclcpp_components/component_container_isolated --ros-args --log-level info --ros-args -r __node:=nav2_container --params-file /tmp/launch_params_uhh68xez --params-file /tmp/launch_params_gqa9cwwx -r /tf:=tf -r /tf_static:=tf_static"
2026-09-21T08:01:52Z,26,"smoke_conv2_a_20260921T080016Z",119035,"python3",7.3,83560,54201,"python3 /wt/contributions/compute-benchmark/OsakaTX/scripts/nav_goal_seq.py --x 4 --y 4 --yaw 0 --every 22.0 --pause 2.0 --cx 1.0606601717749816 --cy 1.0606601717749816 --cyaw 0 --stable 6 --stable-tol 0.10 --immediate-converge --repeats 0"
2026-09-21T08:01:52Z,26,"smoke_conv2_a_20260921T080016Z",119080,"bash",0.5,4460,1143,"bash /wt/contributions/compute-benchmark/xbattlax/scripts/measure_ros_processes.sh --pattern python3|ros2|slam|nav2|component_container|nav_goal_seq --duration 90 --interval 2 --label smoke_conv2_a_20260921T080016Z --output /wt/contributions/compute-benchmark/OsakaTX/scripts/../results/combo2/smoke_conv2_a_20260921T080016Z.csv"
2026-09-21T08:01:52Z,26,"smoke_conv2_a_20260921T080016Z",99796,"python3",0.2,74312,46568,"/usr/bin/python3 -c from ros2cli.daemon.daemonize import main; main() --name ros2-daemon --ros-domain-id 0 --rmw-implementation rmw_fastrtps_cpp"
2026-09-21T08:01:55Z,27,"smoke_conv2_a_20260921T080016Z",118907,"python3",6.1,77496,48456,"python3 /wt/contributions/compute-benchmark/OsakaTX/scripts/synthetic_scan_publisher.py --duration 190 --loop-s 40 --hz 5.0"
2026-09-21T08:01:55Z,27,"smoke_conv2_a_20260921T080016Z",118923,"ros2",0.6,79004,50660,"/usr/bin/python3 /opt/ros/jazzy/bin/ros2 launch slam_toolbox online_async_launch.py slam_params_file:=/wt/contributions/compute-benchmark/OsakaTX/scripts/slam_toolbox_params.yaml use_sim_time:=False autostart:=true"
2026-09-21T08:01:55Z,27,"smoke_conv2_a_20260921T080016Z",118924,"ros2",1.3,83604,55485,"/usr/bin/python3 /opt/ros/jazzy/bin/ros2 launch nav2_bringup bringup_launch.py map:=/wt/contributions/compute-benchmark/OsakaTX/scripts/../results/combo2/combo2_nav2_map.yaml params_file:=/wt/contributions/compute-benchmark/OsakaTX/scripts/nav2_params_converge.yaml use_sim_time:=False autostart:=True slam:=False use_localization:=False"
2026-09-21T08:01:55Z,27,"smoke_conv2_a_20260921T080016Z",118943,"async_slam_tool",14.0,71608,51214,"/opt/ros/jazzy/lib/slam_toolbox/async_slam_toolbox_node --ros-args -r __node:=slam_toolbox -r __ns:=/ --params-file /wt/contributions/compute-benchmark/OsakaTX/scripts/slam_toolbox_params.yaml --params-file /tmp/launch_params_bi0hthu2"
2026-09-21T08:01:55Z,27,"smoke_conv2_a_20260921T080016Z",118976,"component_conta",43.4,167288,146089,"/opt/ros/jazzy/lib/rclcpp_components/component_container_isolated --ros-args --log-level info --ros-args -r __node:=nav2_container --params-file /tmp/launch_params_uhh68xez --params-file /tmp/launch_params_gqa9cwwx -r /tf:=tf -r /tf_static:=tf_static"
2026-09-21T08:01:55Z,27,"smoke_conv2_a_20260921T080016Z",119035,"python3",7.3,83560,54202,"python3 /wt/contributions/compute-benchmark/OsakaTX/scripts/nav_goal_seq.py --x 4 --y 4 --yaw 0 --every 22.0 --pause 2.0 --cx 1.0606601717749816 --cy 1.0606601717749816 --cyaw 0 --stable 6 --stable-tol 0.10 --immediate-converge --repeats 0"
2026-09-21T08:01:55Z,27,"smoke_conv2_a_20260921T080016Z",119080,"bash",0.5,4460,1143,"bash /wt/contributions/compute-benchmark/xbattlax/scripts/measure_ros_processes.sh --pattern python3|ros2|slam|nav2|component_container|nav_goal_seq --duration 90 --interval 2 --label smoke_conv2_a_20260921T080016Z --output /wt/contributions/compute-benchmark/OsakaTX/scripts/../results/combo2/smoke_conv2_a_20260921T080016Z.csv"
2026-09-21T08:01:55Z,27,"smoke_conv2_a_20260921T080016Z",99796,"python3",0.2,74312,46568,"/usr/bin/python3 -c from ros2cli.daemon.daemonize import main; main() --name ros2-daemon --ros-domain-id 0 --rmw-implementation rmw_fastrtps_cpp"
2026-09-21T08:01:57Z,28,"smoke_conv2_a_20260921T080016Z",118907,"python3",6.1,77496,48451,"python3 /wt/contributions/compute-benchmark/OsakaTX/scripts/synthetic_scan_publisher.py --duration 190 --loop-s 40 --hz 5.0"
2026-09-21T08:01:57Z,28,"smoke_conv2_a_20260921T080016Z",118923,"ros2",0.6,79004,50659,"/usr/bin/python3 /opt/ros/jazzy/bin/ros2 launch slam_toolbox online_async_launch.py slam_params_file:=/wt/contributions/compute-benchmark/OsakaTX/scripts/slam_toolbox_params.yaml use_sim_time:=False autostart:=true"
2026-09-21T08:01:57Z,28,"smoke_conv2_a_20260921T080016Z",118924,"ros2",1.3,83604,55484,"/usr/bin/python3 /opt/ros/jazzy/bin/ros2 launch nav2_bringup bringup_launch.py map:=/wt/contributions/compute-benchmark/OsakaTX/scripts/../results/combo2/combo2_nav2_map.yaml params_file:=/wt/contributions/compute-benchmark/OsakaTX/scripts/nav2_params_converge.yaml use_sim_time:=False autostart:=True slam:=False use_localization:=False"
2026-09-21T08:01:57Z,28,"smoke_conv2_a_20260921T080016Z",118943,"async_slam_tool",14.1,71888,51494,"/opt/ros/jazzy/lib/slam_toolbox/async_slam_toolbox_node --ros-args -r __node:=slam_toolbox -r __ns:=/ --params-file /wt/contributions/compute-benchmark/OsakaTX/scripts/slam_toolbox_params.yaml --params-file /tmp/launch_params_bi0hthu2"
2026-09-21T08:01:57Z,28,"smoke_conv2_a_20260921T080016Z",118976,"component_conta",43.6,166404,146092,"/opt/ros/jazzy/lib/rclcpp_components/component_container_isolated --ros-args --log-level info --ros-args -r __node:=nav2_container --params-file /tmp/launch_params_uhh68xez --params-file /tmp/launch_params_gqa9cwwx -r /tf:=tf -r /tf_static:=tf_static"
2026-09-21T08:01:57Z,28,"smoke_conv2_a_20260921T080016Z",119035,"python3",7.3,83564,54205,"python3 /wt/contributions/compute-benchmark/OsakaTX/scripts/nav_goal_seq.py --x 4 --y 4 --yaw 0 --every 22.0 --pause 2.0 --cx 1.0606601717749816 --cy 1.0606601717749816 --cyaw 0 --stable 6 --stable-tol 0.10 --immediate-converge --repeats 0"
2026-09-21T08:01:57Z,28,"smoke_conv2_a_20260921T080016Z",119080,"bash",0.5,4460,1144,"bash /wt/contributions/compute-benchmark/xbattlax/scripts/measure_ros_processes.sh --pattern python3|ros2|slam|nav2|component_container|nav_goal_seq --duration 90 --interval 2 --label smoke_conv2_a_20260921T080016Z --output /wt/contributions/compute-benchmark/OsakaTX/scripts/../results/combo2/smoke_conv2_a_20260921T080016Z.csv"
2026-09-21T08:01:57Z,28,"smoke_conv2_a_20260921T080016Z",99796,"python3",0.2,74312,46568,"/usr/bin/python3 -c from ros2cli.daemon.daemonize import main; main() --name ros2-daemon --ros-domain-id 0 --rmw-implementation rmw_fastrtps_cpp"
2026-09-21T08:01:59Z,29,"smoke_conv2_a_20260921T080016Z",118907,"python3",6.1,77496,48453,"python3 /wt/contributions/compute-benchmark/OsakaTX/scripts/synthetic_scan_publisher.py --duration 190 --loop-s 40 --hz 5.0"
2026-09-21T08:01:59Z,29,"smoke_conv2_a_20260921T080016Z",118923,"ros2",0.6,79004,50659,"/usr/bin/python3 /opt/ros/jazzy/bin/ros2 launch slam_toolbox online_async_launch.py slam_params_file:=/wt/contributions/compute-benchmark/OsakaTX/scripts/slam_toolbox_params.yaml use_sim_time:=False autostart:=true"
2026-09-21T08:01:59Z,29,"smoke_conv2_a_20260921T080016Z",118924,"ros2",1.2,83604,55485,"/usr/bin/python3 /opt/ros/jazzy/bin/ros2 launch nav2_bringup bringup_launch.py map:=/wt/contributions/compute-benchmark/OsakaTX/scripts/../results/combo2/combo2_nav2_map.yaml params_file:=/wt/contributions/compute-benchmark/OsakaTX/scripts/nav2_params_converge.yaml use_sim_time:=False autostart:=True slam:=False use_localization:=False"
2026-09-21T08:01:59Z,29,"smoke_conv2_a_20260921T080016Z",118943,"async_slam_tool",14.2,72168,51772,"/opt/ros/jazzy/lib/slam_toolbox/async_slam_toolbox_node --ros-args -r __node:=slam_toolbox -r __ns:=/ --params-file /wt/contributions/compute-benchmark/OsakaTX/scripts/slam_toolbox_params.yaml --params-file /tmp/launch_params_bi0hthu2"
2026-09-21T08:01:59Z,29,"smoke_conv2_a_20260921T080016Z",118976,"component_conta",43.8,166404,146090,"/opt/ros/jazzy/lib/rclcpp_components/component_container_isolated --ros-args --log-level info --ros-args -r __node:=nav2_container --params-file /tmp/launch_params_uhh68xez --params-file /tmp/launch_params_gqa9cwwx -r /tf:=tf -r /tf_static:=tf_static"
2026-09-21T08:01:59Z,29,"smoke_conv2_a_20260921T080016Z",119035,"python3",7.3,83564,54204,"python3 /wt/contributions/compute-benchmark/OsakaTX/scripts/nav_goal_seq.py --x 4 --y 4 --yaw 0 --every 22.0 --pause 2.0 --cx 1.0606601717749816 --cy 1.0606601717749816 --cyaw 0 --stable 6 --stable-tol 0.10 --immediate-converge --repeats 0"
2026-09-21T08:01:59Z,29,"smoke_conv2_a_20260921T080016Z",119080,"bash",0.5,4460,1143,"bash /wt/contributions/compute-benchmark/xbattlax/scripts/measure_ros_processes.sh --pattern python3|ros2|slam|nav2|component_container|nav_goal_seq --duration 90 --interval 2 --label smoke_conv2_a_20260921T080016Z --output /wt/contributions/compute-benchmark/OsakaTX/scripts/../results/combo2/smoke_conv2_a_20260921T080016Z.csv"
2026-09-21T08:01:59Z,29,"smoke_conv2_a_20260921T080016Z",99796,"python3",0.2,74312,46568,"/usr/bin/python3 -c from ros2cli.daemon.daemonize import main; main() --name ros2-daemon --ros-domain-id 0 --rmw-implementation rmw_fastrtps_cpp"
2026-09-21T08:02:02Z,30,"smoke_conv2_a_20260921T080016Z",118907,"python3",6.0,77496,48454,"python3 /wt/contributions/compute-benchmark/OsakaTX/scripts/synthetic_scan_publisher.py --duration 190 --loop-s 40 --hz 5.0"
2026-09-21T08:02:02Z,30,"smoke_conv2_a_20260921T080016Z",118923,"ros2",0.6,79004,50660,"/usr/bin/python3 /opt/ros/jazzy/bin/ros2 launch slam_toolbox online_async_launch.py slam_params_file:=/wt/contributions/compute-benchmark/OsakaTX/scripts/slam_toolbox_params.yaml use_sim_time:=False autostart:=true"
2026-09-21T08:02:02Z,30,"smoke_conv2_a_20260921T080016Z",118924,"ros2",1.2,83604,55485,"/usr/bin/python3 /opt/ros/jazzy/bin/ros2 launch nav2_bringup bringup_launch.py map:=/wt/contributions/compute-benchmark/OsakaTX/scripts/../results/combo2/combo2_nav2_map.yaml params_file:=/wt/contributions/compute-benchmark/OsakaTX/scripts/nav2_params_converge.yaml use_sim_time:=False autostart:=True slam:=False use_localization:=False"
2026-09-21T08:02:02Z,30,"smoke_conv2_a_20260921T080016Z",118943,"async_slam_tool",14.3,72472,52076,"/opt/ros/jazzy/lib/slam_toolbox/async_slam_toolbox_node --ros-args -r __node:=slam_toolbox -r __ns:=/ --params-file /wt/contributions/compute-benchmark/OsakaTX/scripts/slam_toolbox_params.yaml --params-file /tmp/launch_params_bi0hthu2"
2026-09-21T08:02:02Z,30,"smoke_conv2_a_20260921T080016Z",118976,"component_conta",43.9,166328,146015,"/opt/ros/jazzy/lib/rclcpp_components/component_container_isolated --ros-args --log-level info --ros-args -r __node:=nav2_container --params-file /tmp/launch_params_uhh68xez --params-file /tmp/launch_params_gqa9cwwx -r /tf:=tf -r /tf_static:=tf_static"
2026-09-21T08:02:02Z,30,"smoke_conv2_a_20260921T080016Z",119035,"python3",7.3,83564,54208,"python3 /wt/contributions/compute-benchmark/OsakaTX/scripts/nav_goal_seq.py --x 4 --y 4 --yaw 0 --every 22.0 --pause 2.0 --cx 1.0606601717749816 --cy 1.0606601717749816 --cyaw 0 --stable 6 --stable-tol 0.10 --immediate-converge --repeats 0"
2026-09-21T08:02:02Z,30,"smoke_conv2_a_20260921T080016Z",119080,"bash",0.5,4460,1144,"bash /wt/contributions/compute-benchmark/xbattlax/scripts/measure_ros_processes.sh --pattern python3|ros2|slam|nav2|component_container|nav_goal_seq --duration 90 --interval 2 --label smoke_conv2_a_20260921T080016Z --output /wt/contributions/compute-benchmark/OsakaTX/scripts/../results/combo2/smoke_conv2_a_20260921T080016Z.csv"
2026-09-21T08:02:02Z,30,"smoke_conv2_a_20260921T080016Z",99796,"python3",0.2,74312,46568,"/usr/bin/python3 -c from ros2cli.daemon.daemonize import main; main() --name ros2-daemon --ros-domain-id 0 --rmw-implementation rmw_fastrtps_cpp"
2026-09-21T08:02:04Z,31,"smoke_conv2_a_20260921T080016Z",118907,"python3",6.0,77496,48455,"python3 /wt/contributions/compute-benchmark/OsakaTX/scripts/synthetic_scan_publisher.py --duration 190 --loop-s 40 --hz 5.0"
2026-09-21T08:02:04Z,31,"smoke_conv2_a_20260921T080016Z",118923,"ros2",0.5,79004,50660,"/usr/bin/python3 /opt/ros/jazzy/bin/ros2 launch slam_toolbox online_async_launch.py slam_params_file:=/wt/contributions/compute-benchmark/OsakaTX/scripts/slam_toolbox_params.yaml use_sim_time:=False autostart:=true"
2026-09-21T08:02:04Z,31,"smoke_conv2_a_20260921T080016Z",118924,"ros2",1.2,83604,55483,"/usr/bin/python3 /opt/ros/jazzy/bin/ros2 launch nav2_bringup bringup_launch.py map:=/wt/contributions/compute-benchmark/OsakaTX/scripts/../results/combo2/combo2_nav2_map.yaml params_file:=/wt/contributions/compute-benchmark/OsakaTX/scripts/nav2_params_converge.yaml use_sim_time:=False autostart:=True slam:=False use_localization:=False"
2026-09-21T08:02:04Z,31,"smoke_conv2_a_20260921T080016Z",118943,"async_slam_tool",14.4,72872,52478,"/opt/ros/jazzy/lib/slam_toolbox/async_slam_toolbox_node --ros-args -r __node:=slam_toolbox -r __ns:=/ --params-file /wt/contributions/compute-benchmark/OsakaTX/scripts/slam_toolbox_params.yaml --params-file /tmp/launch_params_bi0hthu2"
2026-09-21T08:02:04Z,31,"smoke_conv2_a_20260921T080016Z",118976,"component_conta",44.1,166328,146014,"/opt/ros/jazzy/lib/rclcpp_components/component_container_isolated --ros-args --log-level info --ros-args -r __node:=nav2_container --params-file /tmp/launch_params_uhh68xez --params-file /tmp/launch_params_gqa9cwwx -r /tf:=tf -r /tf_static:=tf_static"
2026-09-21T08:02:04Z,31,"smoke_conv2_a_20260921T080016Z",119035,"python3",7.3,83568,54210,"python3 /wt/contributions/compute-benchmark/OsakaTX/scripts/nav_goal_seq.py --x 4 --y 4 --yaw 0 --every 22.0 --pause 2.0 --cx 1.0606601717749816 --cy 1.0606601717749816 --cyaw 0 --stable 6 --stable-tol 0.10 --immediate-converge --repeats 0"
2026-09-21T08:02:04Z,31,"smoke_conv2_a_20260921T080016Z",119080,"bash",0.5,4460,1146,"bash /wt/contributions/compute-benchmark/xbattlax/scripts/measure_ros_processes.sh --pattern python3|ros2|slam|nav2|component_container|nav_goal_seq --duration 90 --interval 2 --label smoke_conv2_a_20260921T080016Z --output /wt/contributions/compute-benchmark/OsakaTX/scripts/../results/combo2/smoke_conv2_a_20260921T080016Z.csv"
2026-09-21T08:02:04Z,31,"smoke_conv2_a_20260921T080016Z",99796,"python3",0.2,74312,46568,"/usr/bin/python3 -c from ros2cli.daemon.daemonize import main; main() --name ros2-daemon --ros-domain-id 0 --rmw-implementation rmw_fastrtps_cpp"
2026-09-21T08:02:07Z,32,"smoke_conv2_a_20260921T080016Z",118907,"python3",6.0,77496,48455,"python3 /wt/contributions/compute-benchmark/OsakaTX/scripts/synthetic_scan_publisher.py --duration 190 --loop-s 40 --hz 5.0"
2026-09-21T08:02:07Z,32,"smoke_conv2_a_20260921T080016Z",118923,"ros2",0.5,79004,50659,"/usr/bin/python3 /opt/ros/jazzy/bin/ros2 launch slam_toolbox online_async_launch.py slam_params_file:=/wt/contributions/compute-benchmark/OsakaTX/scripts/slam_toolbox_params.yaml use_sim_time:=False autostart:=true"
2026-09-21T08:02:07Z,32,"smoke_conv2_a_20260921T080016Z",118924,"ros2",1.2,83604,55483,"/usr/bin/python3 /opt/ros/jazzy/bin/ros2 launch nav2_bringup bringup_launch.py map:=/wt/contributions/compute-benchmark/OsakaTX/scripts/../results/combo2/combo2_nav2_map.yaml params_file:=/wt/contributions/compute-benchmark/OsakaTX/scripts/nav2_params_converge.yaml use_sim_time:=False autostart:=True slam:=False use_localization:=False"
2026-09-21T08:02:07Z,32,"smoke_conv2_a_20260921T080016Z",118943,"async_slam_tool",14.4,73064,52670,"/opt/ros/jazzy/lib/slam_toolbox/async_slam_toolbox_node --ros-args -r __node:=slam_toolbox -r __ns:=/ --params-file /wt/contributions/compute-benchmark/OsakaTX/scripts/slam_toolbox_params.yaml --params-file /tmp/launch_params_bi0hthu2"
2026-09-21T08:02:07Z,32,"smoke_conv2_a_20260921T080016Z",118976,"component_conta",44.3,166328,146014,"/opt/ros/jazzy/lib/rclcpp_components/component_container_isolated --ros-args --log-level info --ros-args -r __node:=nav2_container --params-file /tmp/launch_params_uhh68xez --params-file /tmp/launch_params_gqa9cwwx -r /tf:=tf -r /tf_static:=tf_static"
2026-09-21T08:02:07Z,32,"smoke_conv2_a_20260921T080016Z",119035,"python3",7.3,83568,54209,"python3 /wt/contributions/compute-benchmark/OsakaTX/scripts/nav_goal_seq.py --x 4 --y 4 --yaw 0 --every 22.0 --pause 2.0 --cx 1.0606601717749816 --cy 1.0606601717749816 --cyaw 0 --stable 6 --stable-tol 0.10 --immediate-converge --repeats 0"
2026-09-21T08:02:07Z,32,"smoke_conv2_a_20260921T080016Z",119080,"bash",0.5,4460,1145,"bash /wt/contributions/compute-benchmark/xbattlax/scripts/measure_ros_processes.sh --pattern python3|ros2|slam|nav2|component_container|nav_goal_seq --duration 90 --interval 2 --label smoke_conv2_a_20260921T080016Z --output /wt/contributions/compute-benchmark/OsakaTX/scripts/../results/combo2/smoke_conv2_a_20260921T080016Z.csv"
2026-09-21T08:02:07Z,32,"smoke_conv2_a_20260921T080016Z",99796,"python3",0.2,74312,46568,"/usr/bin/python3 -c from ros2cli.daemon.daemonize import main; main() --name ros2-daemon --ros-domain-id 0 --rmw-implementation rmw_fastrtps_cpp"
2026-09-21T08:02:09Z,33,"smoke_conv2_a_20260921T080016Z",118907,"python3",6.0,77496,48455,"python3 /wt/contributions/compute-benchmark/OsakaTX/scripts/synthetic_scan_publisher.py --duration 190 --loop-s 40 --hz 5.0"
2026-09-21T08:02:09Z,33,"smoke_conv2_a_20260921T080016Z",118923,"ros2",0.5,79004,50660,"/usr/bin/python3 /opt/ros/jazzy/bin/ros2 launch slam_toolbox online_async_launch.py slam_params_file:=/wt/contributions/compute-benchmark/OsakaTX/scripts/slam_toolbox_params.yaml use_sim_time:=False autostart:=true"
2026-09-21T08:02:09Z,33,"smoke_conv2_a_20260921T080016Z",118924,"ros2",1.1,83604,55483,"/usr/bin/python3 /opt/ros/jazzy/bin/ros2 launch nav2_bringup bringup_launch.py map:=/wt/contributions/compute-benchmark/OsakaTX/scripts/../results/combo2/combo2_nav2_map.yaml params_file:=/wt/contributions/compute-benchmark/OsakaTX/scripts/nav2_params_converge.yaml use_sim_time:=False autostart:=True slam:=False use_localization:=False"
2026-09-21T08:02:09Z,33,"smoke_conv2_a_20260921T080016Z",118943,"async_slam_tool",14.4,73604,53233,"/opt/ros/jazzy/lib/slam_toolbox/async_slam_toolbox_node --ros-args -r __node:=slam_toolbox -r __ns:=/ --params-file /wt/contributions/compute-benchmark/OsakaTX/scripts/slam_toolbox_params.yaml --params-file /tmp/launch_params_bi0hthu2"
2026-09-21T08:02:09Z,33,"smoke_conv2_a_20260921T080016Z",118976,"component_conta",44.5,166328,146014,"/opt/ros/jazzy/lib/rclcpp_components/component_container_isolated --ros-args --log-level info --ros-args -r __node:=nav2_container --params-file /tmp/launch_params_uhh68xez --params-file /tmp/launch_params_gqa9cwwx -r /tf:=tf -r /tf_static:=tf_static"
2026-09-21T08:02:09Z,33,"smoke_conv2_a_20260921T080016Z",119035,"python3",7.3,83572,54216,"python3 /wt/contributions/compute-benchmark/OsakaTX/scripts/nav_goal_seq.py --x 4 --y 4 --yaw 0 --every 22.0 --pause 2.0 --cx 1.0606601717749816 --cy 1.0606601717749816 --cyaw 0 --stable 6 --stable-tol 0.10 --immediate-converge --repeats 0"
2026-09-21T08:02:09Z,33,"smoke_conv2_a_20260921T080016Z",119080,"bash",0.5,4460,1143,"bash /wt/contributions/compute-benchmark/xbattlax/scripts/measure_ros_processes.sh --pattern python3|ros2|slam|nav2|component_container|nav_goal_seq --duration 90 --interval 2 --label smoke_conv2_a_20260921T080016Z --output /wt/contributions/compute-benchmark/OsakaTX/scripts/../results/combo2/smoke_conv2_a_20260921T080016Z.csv"
2026-09-21T08:02:09Z,33,"smoke_conv2_a_20260921T080016Z",99796,"python3",0.2,74312,46567,"/usr/bin/python3 -c from ros2cli.daemon.daemonize import main; main() --name ros2-daemon --ros-domain-id 0 --rmw-implementation rmw_fastrtps_cpp"
2026-09-21T08:02:11Z,34,"smoke_conv2_a_20260921T080016Z",118907,"python3",6.0,77496,48455,"python3 /wt/contributions/compute-benchmark/OsakaTX/scripts/synthetic_scan_publisher.py --duration 190 --loop-s 40 --hz 5.0"
2026-09-21T08:02:11Z,34,"smoke_conv2_a_20260921T080016Z",118923,"ros2",0.5,79004,50659,"/usr/bin/python3 /opt/ros/jazzy/bin/ros2 launch slam_toolbox online_async_launch.py slam_params_file:=/wt/contributions/compute-benchmark/OsakaTX/scripts/slam_toolbox_params.yaml use_sim_time:=False autostart:=true"
2026-09-21T08:02:11Z,34,"smoke_conv2_a_20260921T080016Z",118924,"ros2",1.1,83604,55484,"/usr/bin/python3 /opt/ros/jazzy/bin/ros2 launch nav2_bringup bringup_launch.py map:=/wt/contributions/compute-benchmark/OsakaTX/scripts/../results/combo2/combo2_nav2_map.yaml params_file:=/wt/contributions/compute-benchmark/OsakaTX/scripts/nav2_params_converge.yaml use_sim_time:=False autostart:=True slam:=False use_localization:=False"
2026-09-21T08:02:11Z,34,"smoke_conv2_a_20260921T080016Z",118943,"async_slam_tool",14.5,73888,53492,"/opt/ros/jazzy/lib/slam_toolbox/async_slam_toolbox_node --ros-args -r __node:=slam_toolbox -r __ns:=/ --params-file /wt/contributions/compute-benchmark/OsakaTX/scripts/slam_toolbox_params.yaml --params-file /tmp/launch_params_bi0hthu2"
2026-09-21T08:02:11Z,34,"smoke_conv2_a_20260921T080016Z",118976,"component_conta",44.7,166328,146015,"/opt/ros/jazzy/lib/rclcpp_components/component_container_isolated --ros-args --log-level info --ros-args -r __node:=nav2_container --params-file /tmp/launch_params_uhh68xez --params-file /tmp/launch_params_gqa9cwwx -r /tf:=tf -r /tf_static:=tf_static"
2026-09-21T08:02:11Z,34,"smoke_conv2_a_20260921T080016Z",119035,"python3",7.3,83572,54216,"python3 /wt/contributions/compute-benchmark/OsakaTX/scripts/nav_goal_seq.py --x 4 --y 4 --yaw 0 --every 22.0 --pause 2.0 --cx 1.0606601717749816 --cy 1.0606601717749816 --cyaw 0 --stable 6 --stable-tol 0.10 --immediate-converge --repeats 0"
2026-09-21T08:02:11Z,34,"smoke_conv2_a_20260921T080016Z",119080,"bash",0.5,4460,1146,"bash /wt/contributions/compute-benchmark/xbattlax/scripts/measure_ros_processes.sh --pattern python3|ros2|slam|nav2|component_container|nav_goal_seq --duration 90 --interval 2 --label smoke_conv2_a_20260921T080016Z --output /wt/contributions/compute-benchmark/OsakaTX/scripts/../results/combo2/smoke_conv2_a_20260921T080016Z.csv"
2026-09-21T08:02:11Z,34,"smoke_conv2_a_20260921T080016Z",99796,"python3",0.2,74312,46568,"/usr/bin/python3 -c from ros2cli.daemon.daemonize import main; main() --name ros2-daemon --ros-domain-id 0 --rmw-implementation rmw_fastrtps_cpp"
2026-09-21T08:02:14Z,35,"smoke_conv2_a_20260921T080016Z",118907,"python3",6.0,77496,48452,"python3 /wt/contributions/compute-benchmark/OsakaTX/scripts/synthetic_scan_publisher.py --duration 190 --loop-s 40 --hz 5.0"
2026-09-21T08:02:14Z,35,"smoke_conv2_a_20260921T080016Z",118923,"ros2",0.5,79004,50659,"/usr/bin/python3 /opt/ros/jazzy/bin/ros2 launch slam_toolbox online_async_launch.py slam_params_file:=/wt/contributions/compute-benchmark/OsakaTX/scripts/slam_toolbox_params.yaml use_sim_time:=False autostart:=true"
2026-09-21T08:02:14Z,35,"smoke_conv2_a_20260921T080016Z",118924,"ros2",1.1,83604,55484,"/usr/bin/python3 /opt/ros/jazzy/bin/ros2 launch nav2_bringup bringup_launch.py map:=/wt/contributions/compute-benchmark/OsakaTX/scripts/../results/combo2/combo2_nav2_map.yaml params_file:=/wt/contributions/compute-benchmark/OsakaTX/scripts/nav2_params_converge.yaml use_sim_time:=False autostart:=True slam:=False use_localization:=False"
2026-09-21T08:02:14Z,35,"smoke_conv2_a_20260921T080016Z",118943,"async_slam_tool",14.6,74208,53814,"/opt/ros/jazzy/lib/slam_toolbox/async_slam_toolbox_node --ros-args -r __node:=slam_toolbox -r __ns:=/ --params-file /wt/contributions/compute-benchmark/OsakaTX/scripts/slam_toolbox_params.yaml --params-file /tmp/launch_params_bi0hthu2"
2026-09-21T08:02:14Z,35,"smoke_conv2_a_20260921T080016Z",118976,"component_conta",44.9,166328,146014,"/opt/ros/jazzy/lib/rclcpp_components/component_container_isolated --ros-args --log-level info --ros-args -r __node:=nav2_container --params-file /tmp/launch_params_uhh68xez --params-file /tmp/launch_params_gqa9cwwx -r /tf:=tf -r /tf_static:=tf_static"
2026-09-21T08:02:14Z,35,"smoke_conv2_a_20260921T080016Z",119035,"python3",7.3,83576,54216,"python3 /wt/contributions/compute-benchmark/OsakaTX/scripts/nav_goal_seq.py --x 4 --y 4 --yaw 0 --every 22.0 --pause 2.0 --cx 1.0606601717749816 --cy 1.0606601717749816 --cyaw 0 --stable 6 --stable-tol 0.10 --immediate-converge --repeats 0"
2026-09-21T08:02:14Z,35,"smoke_conv2_a_20260921T080016Z",119080,"bash",0.5,4460,1147,"bash /wt/contributions/compute-benchmark/xbattlax/scripts/measure_ros_processes.sh --pattern python3|ros2|slam|nav2|component_container|nav_goal_seq --duration 90 --interval 2 --label smoke_conv2_a_20260921T080016Z --output /wt/contributions/compute-benchmark/OsakaTX/scripts/../results/combo2/smoke_conv2_a_20260921T080016Z.csv"
2026-09-21T08:02:14Z,35,"smoke_conv2_a_20260921T080016Z",99796,"python3",0.2,74312,46566,"/usr/bin/python3 -c from ros2cli.daemon.daemonize import main; main() --name ros2-daemon --ros-domain-id 0 --rmw-implementation rmw_fastrtps_cpp"
2026-09-21T08:02:16Z,36,"smoke_conv2_a_20260921T080016Z",118907,"python3",6.0,77496,48455,"python3 /wt/contributions/compute-benchmark/OsakaTX/scripts/synthetic_scan_publisher.py --duration 190 --loop-s 40 --hz 5.0"
2026-09-21T08:02:16Z,36,"smoke_conv2_a_20260921T080016Z",118923,"ros2",0.5,79004,50660,"/usr/bin/python3 /opt/ros/jazzy/bin/ros2 launch slam_toolbox online_async_launch.py slam_params_file:=/wt/contributions/compute-benchmark/OsakaTX/scripts/slam_toolbox_params.yaml use_sim_time:=False autostart:=true"
2026-09-21T08:02:16Z,36,"smoke_conv2_a_20260921T080016Z",118924,"ros2",1.1,83604,55483,"/usr/bin/python3 /opt/ros/jazzy/bin/ros2 launch nav2_bringup bringup_launch.py map:=/wt/contributions/compute-benchmark/OsakaTX/scripts/../results/combo2/combo2_nav2_map.yaml params_file:=/wt/contributions/compute-benchmark/OsakaTX/scripts/nav2_params_converge.yaml use_sim_time:=False autostart:=True slam:=False use_localization:=False"
2026-09-21T08:02:16Z,36,"smoke_conv2_a_20260921T080016Z",118943,"async_slam_tool",14.6,74564,54170,"/opt/ros/jazzy/lib/slam_toolbox/async_slam_toolbox_node --ros-args -r __node:=slam_toolbox -r __ns:=/ --params-file /wt/contributions/compute-benchmark/OsakaTX/scripts/slam_toolbox_params.yaml --params-file /tmp/launch_params_bi0hthu2"
2026-09-21T08:02:16Z,36,"smoke_conv2_a_20260921T080016Z",118976,"component_conta",45.0,166328,146016,"/opt/ros/jazzy/lib/rclcpp_components/component_container_isolated --ros-args --log-level info --ros-args -r __node:=nav2_container --params-file /tmp/launch_params_uhh68xez --params-file /tmp/launch_params_gqa9cwwx -r /tf:=tf -r /tf_static:=tf_static"
2026-09-21T08:02:16Z,36,"smoke_conv2_a_20260921T080016Z",119035,"python3",7.3,83576,54217,"python3 /wt/contributions/compute-benchmark/OsakaTX/scripts/nav_goal_seq.py --x 4 --y 4 --yaw 0 --every 22.0 --pause 2.0 --cx 1.0606601717749816 --cy 1.0606601717749816 --cyaw 0 --stable 6 --stable-tol 0.10 --immediate-converge --repeats 0"
2026-09-21T08:02:16Z,36,"smoke_conv2_a_20260921T080016Z",119080,"bash",0.5,4460,1146,"bash /wt/contributions/compute-benchmark/xbattlax/scripts/measure_ros_processes.sh --pattern python3|ros2|slam|nav2|component_container|nav_goal_seq --duration 90 --interval 2 --label smoke_conv2_a_20260921T080016Z --output /wt/contributions/compute-benchmark/OsakaTX/scripts/../results/combo2/smoke_conv2_a_20260921T080016Z.csv"
2026-09-21T08:02:16Z,36,"smoke_conv2_a_20260921T080016Z",99796,"python3",0.2,74312,46567,"/usr/bin/python3 -c from ros2cli.daemon.daemonize import main; main() --name ros2-daemon --ros-domain-id 0 --rmw-implementation rmw_fastrtps_cpp"
2026-09-21T08:02:18Z,37,"smoke_conv2_a_20260921T080016Z",118907,"python3",6.0,77496,48453,"python3 /wt/contributions/compute-benchmark/OsakaTX/scripts/synthetic_scan_publisher.py --duration 190 --loop-s 40 --hz 5.0"
2026-09-21T08:02:18Z,37,"smoke_conv2_a_20260921T080016Z",118923,"ros2",0.5,79004,50660,"/usr/bin/python3 /opt/ros/jazzy/bin/ros2 launch slam_toolbox online_async_launch.py slam_params_file:=/wt/contributions/compute-benchmark/OsakaTX/scripts/slam_toolbox_params.yaml use_sim_time:=False autostart:=true"
2026-09-21T08:02:18Z,37,"smoke_conv2_a_20260921T080016Z",118924,"ros2",1.1,83604,55486,"/usr/bin/python3 /opt/ros/jazzy/bin/ros2 launch nav2_bringup bringup_launch.py map:=/wt/contributions/compute-benchmark/OsakaTX/scripts/../results/combo2/combo2_nav2_map.yaml params_file:=/wt/contributions/compute-benchmark/OsakaTX/scripts/nav2_params_converge.yaml use_sim_time:=False autostart:=True slam:=False use_localization:=False"
2026-09-21T08:02:18Z,37,"smoke_conv2_a_20260921T080016Z",118943,"async_slam_tool",14.6,74692,54298,"/opt/ros/jazzy/lib/slam_toolbox/async_slam_toolbox_node --ros-args -r __node:=slam_toolbox -r __ns:=/ --params-file /wt/contributions/compute-benchmark/OsakaTX/scripts/slam_toolbox_params.yaml --params-file /tmp/launch_params_bi0hthu2"
2026-09-21T08:02:18Z,37,"smoke_conv2_a_20260921T080016Z",118976,"component_conta",45.2,170732,150417,"/opt/ros/jazzy/lib/rclcpp_components/component_container_isolated --ros-args --log-level info --ros-args -r __node:=nav2_container --params-file /tmp/launch_params_uhh68xez --params-file /tmp/launch_params_gqa9cwwx -r /tf:=tf -r /tf_static:=tf_static"
2026-09-21T08:02:18Z,37,"smoke_conv2_a_20260921T080016Z",119035,"python3",7.3,83580,54224,"python3 /wt/contributions/compute-benchmark/OsakaTX/scripts/nav_goal_seq.py --x 4 --y 4 --yaw 0 --every 22.0 --pause 2.0 --cx 1.0606601717749816 --cy 1.0606601717749816 --cyaw 0 --stable 6 --stable-tol 0.10 --immediate-converge --repeats 0"
2026-09-21T08:02:18Z,37,"smoke_conv2_a_20260921T080016Z",119080,"bash",0.5,4460,1142,"bash /wt/contributions/compute-benchmark/xbattlax/scripts/measure_ros_processes.sh --pattern python3|ros2|slam|nav2|component_container|nav_goal_seq --duration 90 --interval 2 --label smoke_conv2_a_20260921T080016Z --output /wt/contributions/compute-benchmark/OsakaTX/scripts/../results/combo2/smoke_conv2_a_20260921T080016Z.csv"
2026-09-21T08:02:18Z,37,"smoke_conv2_a_20260921T080016Z",99796,"python3",0.2,74312,46568,"/usr/bin/python3 -c from ros2cli.daemon.daemonize import main; main() --name ros2-daemon --ros-domain-id 0 --rmw-implementation rmw_fastrtps_cpp"
2026-09-21T08:02:21Z,38,"smoke_conv2_a_20260921T080016Z",118907,"python3",6.0,77496,48456,"python3 /wt/contributions/compute-benchmark/OsakaTX/scripts/synthetic_scan_publisher.py --duration 190 --loop-s 40 --hz 5.0"
2026-09-21T08:02:21Z,38,"smoke_conv2_a_20260921T080016Z",118923,"ros2",0.5,79004,50658,"/usr/bin/python3 /opt/ros/jazzy/bin/ros2 launch slam_toolbox online_async_launch.py slam_params_file:=/wt/contributions/compute-benchmark/OsakaTX/scripts/slam_toolbox_params.yaml use_sim_time:=False autostart:=true"
2026-09-21T08:02:21Z,38,"smoke_conv2_a_20260921T080016Z",118924,"ros2",1.0,83604,55485,"/usr/bin/python3 /opt/ros/jazzy/bin/ros2 launch nav2_bringup bringup_launch.py map:=/wt/contributions/compute-benchmark/OsakaTX/scripts/../results/combo2/combo2_nav2_map.yaml params_file:=/wt/contributions/compute-benchmark/OsakaTX/scripts/nav2_params_converge.yaml use_sim_time:=False autostart:=True slam:=False use_localization:=False"
2026-09-21T08:02:21Z,38,"smoke_conv2_a_20260921T080016Z",118943,"async_slam_tool",14.6,74976,54582,"/opt/ros/jazzy/lib/slam_toolbox/async_slam_toolbox_node --ros-args -r __node:=slam_toolbox -r __ns:=/ --params-file /wt/contributions/compute-benchmark/OsakaTX/scripts/slam_toolbox_params.yaml --params-file /tmp/launch_params_bi0hthu2"
2026-09-21T08:02:21Z,38,"smoke_conv2_a_20260921T080016Z",118976,"component_conta",45.1,170732,150418,"/opt/ros/jazzy/lib/rclcpp_components/component_container_isolated --ros-args --log-level info --ros-args -r __node:=nav2_container --params-file /tmp/launch_params_uhh68xez --params-file /tmp/launch_params_gqa9cwwx -r /tf:=tf -r /tf_static:=tf_static"
2026-09-21T08:02:21Z,38,"smoke_conv2_a_20260921T080016Z",119035,"python3",7.3,83580,54224,"python3 /wt/contributions/compute-benchmark/OsakaTX/scripts/nav_goal_seq.py --x 4 --y 4 --yaw 0 --every 22.0 --pause 2.0 --cx 1.0606601717749816 --cy 1.0606601717749816 --cyaw 0 --stable 6 --stable-tol 0.10 --immediate-converge --repeats 0"
2026-09-21T08:02:21Z,38,"smoke_conv2_a_20260921T080016Z",119080,"bash",0.5,4460,1143,"bash /wt/contributions/compute-benchmark/xbattlax/scripts/measure_ros_processes.sh --pattern python3|ros2|slam|nav2|component_container|nav_goal_seq --duration 90 --interval 2 --label smoke_conv2_a_20260921T080016Z --output /wt/contributions/compute-benchmark/OsakaTX/scripts/../results/combo2/smoke_conv2_a_20260921T080016Z.csv"
2026-09-21T08:02:21Z,38,"smoke_conv2_a_20260921T080016Z",99796,"python3",0.2,74312,46566,"/usr/bin/python3 -c from ros2cli.daemon.daemonize import main; main() --name ros2-daemon --ros-domain-id 0 --rmw-implementation rmw_fastrtps_cpp"
