[INFO] [1789251526.021255786] [nav_goal_sender]: waiting for /navigate_to_pose action server...
[INFO] [1789251526.524617050] [nav_goal_sender]: cycle 1: sending goal x=4.000 y=4.000 yaw=0.000
[INFO] [1789251526.526519360] [nav_goal_sender]: cycle 1 goal ACCEPTED: True
[INFO] [1789251526.527911568] [nav_goal_sender]: cycle 1 feedback: 0.0
[INFO] [1789251526.537119616] [nav_goal_sender]: cycle 1 feedback: 0.0
[INFO] [1789251526.548117275] [nav_goal_sender]: cycle 1 feedback: 0.0
[INFO] [1789251526.557458524] [nav_goal_sender]: cycle 1 feedback: 0.0
[INFO] [1789251526.567110275] [nav_goal_sender]: cycle 1 feedback: 0.0
[INFO] [1789251526.577073928] [nav_goal_sender]: cycle 1 feedback: 0.0
[INFO] [1789251526.587079481] [nav_goal_sender]: cycle 1 feedback: 0.0
[INFO] [1789251526.597042334] [nav_goal_sender]: cycle 1 feedback: 0.0
[INFO] [1789251526.607154087] [nav_goal_sender]: cycle 1 feedback: 0.0
[INFO] [1789251526.617132740] [nav_goal_sender]: cycle 1 feedback: 0.0
[INFO] [1789251526.627030592] [nav_goal_sender]: cycle 1 feedback: 0.0
[INFO] [1789251526.637152746] [nav_goal_sender]: cycle 1 feedback: 0.0
[INFO] [1789251526.647028898] [nav_goal_sender]: cycle 1 feedback: 0.0
[INFO] [1789251526.657108551] [nav_goal_sender]: cycle 1 feedback: 0.0
[INFO] [1789251526.667044304] [nav_goal_sender]: cycle 1 feedback: 0.0
[INFO] [1789251526.677018357] [nav_goal_sender]: cycle 1 feedback: 0.0
[INFO] [1789251526.687087810] [nav_goal_sender]: cycle 1 feedback: 0.0
[INFO] [1789251526.697103463] [nav_goal_sender]: cycle 1 feedback: 0.0
[INFO] [1789251526.707209117] [nav_goal_sender]: cycle 1 feedback: 0.0
[INFO] [1789251526.717099569] [nav_goal_sender]: cycle 1 feedback: 0.0
[INFO] [1789251526.727022222] [nav_goal_sender]: cycle 1 feedback: 0.0
[INFO] [1789251526.737152775] [nav_goal_sender]: cycle 1 feedback: 0.0
[INFO] [1789251526.747058828] [nav_goal_sender]: cycle 1 feedback: 0.0
[INFO] [1789251526.757176181] [nav_goal_sender]: cycle 1 feedback: 0.0
[INFO] [1789251526.767028833] [nav_goal_sender]: cycle 1 feedback: 0.0
[INFO] [1789251526.777019486] [nav_goal_sender]: cycle 1 feedback: 0.0
[INFO] [1789251526.787131240] [nav_goal_sender]: cycle 1 feedback: 0.0
[INFO] [1789251526.797062892] [nav_goal_sender]: cycle 1 feedback: 0.0
[INFO] [1789251526.807044345] [nav_goal_sender]: cycle 1 feedback: 0.0
[INFO] [1789251526.817166999] [nav_goal_sender]: cycle 1 feedback: 0.0
[INFO] [1789251526.827019051] [nav_goal_sender]: cycle 1 feedback: 0.0
[INFO] [1789251526.837188005] [nav_goal_sender]: cycle 1 feedback: 0.0
[INFO] [1789251526.847081657] [nav_goal_sender]: cycle 1 feedback: 0.0
[INFO] [1789251526.857139610] [nav_goal_sender]: cycle 1 feedback: 0.0
[INFO] [1789251526.867047063] [nav_goal_sender]: cycle 1 feedback: 0.0
[INFO] [1789251526.877038816] [nav_goal_sender]: cycle 1 feedback: 0.0
[INFO] [1789251526.887129469] [nav_goal_sender]: cycle 1 feedback: 0.0
[INFO] [1789251526.897060122] [nav_goal_sender]: cycle 1 feedback: 0.0
[INFO] [1789251526.907298176] [nav_goal_sender]: cycle 1 feedback: 0.0
[INFO] [1789251526.917085728] [nav_goal_sender]: cycle 1 feedback: 0.0
[INFO] [1789251526.927022480] [nav_goal_sender]: cycle 1 feedback: 0.0
[INFO] [1789251526.937158434] [nav_goal_sender]: cycle 1 feedback: 0.0
[INFO] [1789251526.947103387] [nav_goal_sender]: cycle 1 feedback: 0.0
[INFO] [1789251526.957119840] [nav_goal_sender]: cycle 1 feedback: 0.0
[INFO] [1789251526.967088592] [nav_goal_sender]: cycle 1 feedback: 0.0
[INFO] [1789251526.977013845] [nav_goal_sender]: cycle 1 feedback: 0.0
[INFO] [1789251526.987075798] [nav_goal_sender]: cycle 1 feedback: 0.0
[INFO] [1789251526.997019051] [nav_goal_sender]: cycle 1 feedback: 0.0
[INFO] [1789251527.007288005] [nav_goal_sender]: cycle 1 feedback: 0.0
[INFO] [1789251527.017741060] [nav_goal_sender]: cycle 1 feedback: 0.0
[INFO] [1789251527.027472912] [nav_goal_sender]: cycle 1 feedback: 0.0
[INFO] [1789251527.037419965] [nav_goal_sender]: cycle 1 feedback: 0.0
[INFO] [1789251527.047399317] [nav_goal_sender]: cycle 1 feedback: 0.0
[INFO] [1789251527.058245075] [nav_goal_sender]: cycle 1 feedback: 0.0
[INFO] [1789251527.067661625] [nav_goal_sender]: cycle 1 feedback: 0.0
[INFO] [1789251527.078603583] [nav_goal_sender]: cycle 1 feedback: 0.0
[INFO] [1789251527.087426429] [nav_goal_sender]: cycle 1 feedback: 0.0
[INFO] [1789251527.097699584] [nav_goal_sender]: cycle 1 feedback: 0.0
[INFO] [1789251527.107106133] [nav_goal_sender]: cycle 1 feedback: 0.0
[INFO] [1789251527.117556489] [nav_goal_sender]: cycle 1 feedback: 0.0
[INFO] [1789251527.127119339] [nav_goal_sender]: cycle 1 feedback: 0.0
[INFO] [1789251527.137028792] [nav_goal_sender]: cycle 1 feedback: 0.0
[INFO] [1789251527.147329146] [nav_goal_sender]: cycle 1 feedback: 0.0
[INFO] [1789251527.157276299] [nav_goal_sender]: cycle 1 feedback: 0.0
[INFO] [1789251527.167410453] [nav_goal_sender]: cycle 1 feedback: 0.0
[INFO] [1789251527.177742407] [nav_goal_sender]: cycle 1 feedback: 0.0
[INFO] [1789251527.187331958] [nav_goal_sender]: cycle 1 feedback: 0.0
[INFO] [1789251527.197162710] [nav_goal_sender]: cycle 1 feedback: 0.0
[INFO] [1789251527.207069763] [nav_goal_sender]: cycle 1 feedback: 0.0
[INFO] [1789251527.217073816] [nav_goal_sender]: cycle 1 feedback: 0.0
[INFO] [1789251527.227061868] [nav_goal_sender]: cycle 1 feedback: 0.0
[INFO] [1789251527.237094822] [nav_goal_sender]: cycle 1 feedback: 0.0
[INFO] [1789251527.247039774] [nav_goal_sender]: cycle 1 feedback: 0.0
[INFO] [1789251527.259056038] [nav_goal_sender]: cycle 1 feedback: 0.0
[INFO] [1789251527.267090780] [nav_goal_sender]: cycle 1 feedback: 0.0
[INFO] [1789251527.277137834] [nav_goal_sender]: cycle 1 feedback: 0.0
[INFO] [1789251527.287168287] [nav_goal_sender]: cycle 1 feedback: 0.0
[INFO] [1789251527.297029139] [nav_goal_sender]: cycle 1 feedback: 0.0
[INFO] [1789251527.307017992] [nav_goal_sender]: cycle 1 feedback: 0.0
[INFO] [1789251527.317125045] [nav_goal_sender]: cycle 1 feedback: 0.0
[INFO] [1789251527.327046998] [nav_goal_sender]: cycle 1 feedback: 0.0
[INFO] [1789251527.337118151] [nav_goal_sender]: cycle 1 feedback: 0.0
[INFO] [1789251527.347078004] [nav_goal_sender]: cycle 1 feedback: 0.0
[INFO] [1789251527.357208257] [nav_goal_sender]: cycle 1 feedback: 0.0
[INFO] [1789251527.367122810] [nav_goal_sender]: cycle 1 feedback: 0.0
[INFO] [1789251527.377068163] [nav_goal_sender]: cycle 1 feedback: 0.0
[INFO] [1789251527.387086116] [nav_goal_sender]: cycle 1 feedback: 0.0
[INFO] [1789251527.397032368] [nav_goal_sender]: cycle 1 feedback: 0.0
[INFO] [1789251527.407337823] [nav_goal_sender]: cycle 1 feedback: 0.0
[INFO] [1789251527.417056974] [nav_goal_sender]: cycle 1 feedback: 0.0
[INFO] [1789251527.427075027] [nav_goal_sender]: cycle 1 feedback: 0.0
[INFO] [1789251527.437172481] [nav_goal_sender]: cycle 1 feedback: 0.0
[INFO] [1789251527.447125633] [nav_goal_sender]: cycle 1 feedback: 0.0
[INFO] [1789251527.457153786] [nav_goal_sender]: cycle 1 feedback: 0.0
[INFO] [1789251527.467112539] [nav_goal_sender]: cycle 1 feedback: 0.0
[INFO] [1789251527.477033992] [nav_goal_sender]: cycle 1 feedback: 0.0
[INFO] [1789251527.487014444] [nav_goal_sender]: cycle 1 feedback: 0.0
[INFO] [1789251527.497031698] [nav_goal_sender]: cycle 1 feedback: 0.0
[INFO] [1789251527.507015950] [nav_goal_sender]: cycle 1 feedback: 0.0
[INFO] [1789251527.517079704] [nav_goal_sender]: cycle 1 feedback: 0.0
[INFO] [1789251527.527028256] [nav_goal_sender]: cycle 1 feedback: 0.0
[INFO] [1789251527.537169610] [nav_goal_sender]: cycle 1 feedback: 0.0
[INFO] [1789251527.547049562] [nav_goal_sender]: cycle 1 feedback: 0.0
[INFO] [1789251527.557356217] [nav_goal_sender]: cycle 1 feedback: 0.0
[INFO] [1789251527.567101768] [nav_goal_sender]: cycle 1 feedback: 0.0
[INFO] [1789251527.577040121] [nav_goal_sender]: cycle 1 feedback: 0.0
[INFO] [1789251527.587061774] [nav_goal_sender]: cycle 1 feedback: 0.0
[INFO] [1789251527.597060227] [nav_goal_sender]: cycle 1 feedback: 0.0
[INFO] [1789251527.607129780] [nav_goal_sender]: cycle 1 feedback: 0.0
[INFO] [1789251527.617169833] [nav_goal_sender]: cycle 1 feedback: 0.0
[INFO] [1789251527.627056586] [nav_goal_sender]: cycle 1 feedback: 0.0
[INFO] [1789251527.637116339] [nav_goal_sender]: cycle 1 feedback: 0.0
[INFO] [1789251527.647127192] [nav_goal_sender]: cycle 1 feedback: 0.0
[INFO] [1789251527.657167845] [nav_goal_sender]: cycle 1 feedback: 0.0
[INFO] [1789251527.667198798] [nav_goal_sender]: cycle 1 feedback: 0.0
[INFO] [1789251527.677076551] [nav_goal_sender]: cycle 1 feedback: 0.0
[INFO] [1789251527.687065203] [nav_goal_sender]: cycle 1 feedback: 0.0
[INFO] [1789251527.697153457] [nav_goal_sender]: cycle 1 feedback: 0.0
[INFO] [1789251527.707046509] [nav_goal_sender]: cycle 1 feedback: 0.0
[INFO] [1789251527.717115163] [nav_goal_sender]: cycle 1 feedback: 0.0
[INFO] [1789251527.727075515] [nav_goal_sender]: cycle 1 feedback: 0.0
[INFO] [1789251527.737192469] [nav_goal_sender]: cycle 1 feedback: 0.0
[INFO] [1789251527.747234422] [nav_goal_sender]: cycle 1 feedback: 0.0
[INFO] [1789251527.757134674] [nav_goal_sender]: cycle 1 feedback: 0.0
[INFO] [1789251527.767133927] [nav_goal_sender]: cycle 1 feedback: 0.0
[INFO] [1789251527.777084480] [nav_goal_sender]: cycle 1 feedback: 0.0
[INFO] [1789251527.787137433] [nav_goal_sender]: cycle 1 feedback: 0.0
[INFO] [1789251527.797068486] [nav_goal_sender]: cycle 1 feedback: 0.0
[INFO] [1789251527.807178739] [nav_goal_sender]: cycle 1 feedback: 0.0
[INFO] [1789251527.817185792] [nav_goal_sender]: cycle 1 feedback: 0.0
[INFO] [1789251527.827070445] [nav_goal_sender]: cycle 1 feedback: 0.0
[INFO] [1789251527.837194798] [nav_goal_sender]: cycle 1 feedback: 0.0
[INFO] [1789251527.847065050] [nav_goal_sender]: cycle 1 feedback: 0.0
[INFO] [1789251527.857144604] [nav_goal_sender]: cycle 1 feedback: 0.0
[INFO] [1789251527.867089956] [nav_goal_sender]: cycle 1 feedback: 0.0
[INFO] [1789251527.877043109] [nav_goal_sender]: cycle 1 feedback: 0.0
[INFO] [1789251527.887075662] [nav_goal_sender]: cycle 1 feedback: 0.0
[INFO] [1789251527.897033015] [nav_goal_sender]: cycle 1 feedback: 0.0
[INFO] [1789251527.907079068] [nav_goal_sender]: cycle 1 feedback: 0.0
[INFO] [1789251527.917166921] [nav_goal_sender]: cycle 1 feedback: 0.0
[INFO] [1789251527.927048274] [nav_goal_sender]: cycle 1 feedback: 0.0
[INFO] [1789251527.937201828] [nav_goal_sender]: cycle 1 feedback: 0.0
[INFO] [1789251527.947134080] [nav_goal_sender]: cycle 1 feedback: 0.0
[INFO] [1789251527.957108233] [nav_goal_sender]: cycle 1 feedback: 0.0
[INFO] [1789251527.967048685] [nav_goal_sender]: cycle 1 feedback: 0.0
[INFO] [1789251527.977011638] [nav_goal_sender]: cycle 1 feedback: 0.0
[INFO] [1789251527.987049391] [nav_goal_sender]: cycle 1 feedback: 0.0
[INFO] [1789251527.997041144] [nav_goal_sender]: cycle 1 feedback: 0.0
[INFO] [1789251528.007022997] [nav_goal_sender]: cycle 1 feedback: 0.0
[INFO] [1789251528.017185351] [nav_goal_sender]: cycle 1 feedback: 0.0
[INFO] [1789251528.027089003] [nav_goal_sender]: cycle 1 feedback: 0.0
[INFO] [1789251528.037105556] [nav_goal_sender]: cycle 1 feedback: 0.0
[INFO] [1789251528.047023209] [nav_goal_sender]: cycle 1 feedback: 0.0
[INFO] [1789251528.057174263] [nav_goal_sender]: cycle 1 feedback: 0.0
[INFO] [1789251528.067162715] [nav_goal_sender]: cycle 1 feedback: 0.0
[INFO] [1789251528.077526170] [nav_goal_sender]: cycle 1 feedback: 0.0
[INFO] [1789251528.087058521] [nav_goal_sender]: cycle 1 feedback: 0.0
[INFO] [1789251528.097051474] [nav_goal_sender]: cycle 1 feedback: 0.0
[INFO] [1789251528.107051327] [nav_goal_sender]: cycle 1 feedback: 0.0
[INFO] [1789251528.117331881] [nav_goal_sender]: cycle 1 feedback: 0.0
[INFO] [1789251528.127323534] [nav_goal_sender]: cycle 1 feedback: 0.0
[INFO] [1789251528.137048285] [nav_goal_sender]: cycle 1 feedback: 0.0
[INFO] [1789251528.147045338] [nav_goal_sender]: cycle 1 feedback: 0.0
[INFO] [1789251528.157150992] [nav_goal_sender]: cycle 1 feedback: 0.0
[INFO] [1789251528.167034844] [nav_goal_sender]: cycle 1 feedback: 0.0
[INFO] [1789251528.177009197] [nav_goal_sender]: cycle 1 feedback: 0.0
[INFO] [1789251528.187008450] [nav_goal_sender]: cycle 1 feedback: 0.0
[INFO] [1789251528.197010603] [nav_goal_sender]: cycle 1 feedback: 0.0
[INFO] [1789251528.207102256] [nav_goal_sender]: cycle 1 feedback: 0.0
[INFO] [1789251528.217054409] [nav_goal_sender]: cycle 1 feedback: 0.0
[INFO] [1789251528.227014162] [nav_goal_sender]: cycle 1 feedback: 0.0
[INFO] [1789251528.237157815] [nav_goal_sender]: cycle 1 feedback: 0.0
[INFO] [1789251528.247007767] [nav_goal_sender]: cycle 1 feedback: 0.0
[INFO] [1789251528.258094626] [nav_goal_sender]: cycle 1 feedback: 0.0
[INFO] [1789251528.267070074] [nav_goal_sender]: cycle 1 feedback: 0.0
[INFO] [1789251528.277027726] [nav_goal_sender]: cycle 1 feedback: 0.0
[INFO] [1789251528.287057779] [nav_goal_sender]: cycle 1 feedback: 0.0
[INFO] [1789251528.297091033] [nav_goal_sender]: cycle 1 feedback: 0.0
[INFO] [1789251528.307090585] [nav_goal_sender]: cycle 1 feedback: 0.0
[INFO] [1789251528.317101638] [nav_goal_sender]: cycle 1 feedback: 0.0
[INFO] [1789251528.327083191] [nav_goal_sender]: cycle 1 feedback: 0.0
[INFO] [1789251528.337148645] [nav_goal_sender]: cycle 1 feedback: 0.0
[INFO] [1789251528.347088897] [nav_goal_sender]: cycle 1 feedback: 0.0
[INFO] [1789251528.357150750] [nav_goal_sender]: cycle 1 feedback: 0.0
[INFO] [1789251528.367074603] [nav_goal_sender]: cycle 1 feedback: 0.0
[INFO] [1789251528.377029856] [nav_goal_sender]: cycle 1 feedback: 0.0
[INFO] [1789251528.387121509] [nav_goal_sender]: cycle 1 feedback: 0.0
[INFO] [1789251528.397047462] [nav_goal_sender]: cycle 1 feedback: 0.0
[INFO] [1789251528.407044215] [nav_goal_sender]: cycle 1 feedback: 0.0
[INFO] [1789251528.417122368] [nav_goal_sender]: cycle 1 feedback: 0.0
[INFO] [1789251528.427326222] [nav_goal_sender]: cycle 1 feedback: 0.0
[INFO] [1789251528.437116374] [nav_goal_sender]: cycle 1 feedback: 0.0
[INFO] [1789251528.447052826] [nav_goal_sender]: cycle 1 feedback: 0.0
[INFO] [1789251528.457115080] [nav_goal_sender]: cycle 1 feedback: 0.0
[INFO] [1789251528.467127833] [nav_goal_sender]: cycle 1 feedback: 0.0
[INFO] [1789251528.477133686] [nav_goal_sender]: cycle 1 feedback: 0.0
[INFO] [1789251528.487079438] [nav_goal_sender]: cycle 1 feedback: 0.0
[INFO] [1789251528.497019091] [nav_goal_sender]: cycle 1 feedback: 0.0
[INFO] [1789251528.507020344] [nav_goal_sender]: cycle 1 feedback: 0.0
[INFO] [1789251528.517059897] [nav_goal_sender]: cycle 1 feedback: 0.0
[INFO] [1789251528.527032650] [nav_goal_sender]: cycle 1 feedback: 0.0
[INFO] [1789251528.537135603] [nav_goal_sender]: cycle 1 feedback: 0.0
[INFO] [1789251528.547061056] [nav_goal_sender]: cycle 1 feedback: 0.0
[INFO] [1789251528.557155009] [nav_goal_sender]: cycle 1 feedback: 0.0
[INFO] [1789251528.567164062] [nav_goal_sender]: cycle 1 feedback: 0.0
[INFO] [1789251528.577013914] [nav_goal_sender]: cycle 1 feedback: 0.0
[INFO] [1789251528.587117168] [nav_goal_sender]: cycle 1 feedback: 0.0
[INFO] [1789251528.597168521] [nav_goal_sender]: cycle 1 feedback: 0.0
[INFO] [1789251528.607049673] [nav_goal_sender]: cycle 1 feedback: 0.0
[INFO] [1789251528.617412228] [nav_goal_sender]: cycle 1 feedback: 0.0
[INFO] [1789251528.627328381] [nav_goal_sender]: cycle 1 feedback: 0.0
[INFO] [1789251528.637031632] [nav_goal_sender]: cycle 1 feedback: 0.0
[INFO] [1789251528.647047085] [nav_goal_sender]: cycle 1 feedback: 0.0
[INFO] [1789251528.657090238] [nav_goal_sender]: cycle 1 feedback: 0.0
[INFO] [1789251528.667142991] [nav_goal_sender]: cycle 1 feedback: 0.0
[INFO] [1789251528.677030844] [nav_goal_sender]: cycle 1 feedback: 0.0
[INFO] [1789251528.687118597] [nav_goal_sender]: cycle 1 feedback: 0.0
[INFO] [1789251528.697066250] [nav_goal_sender]: cycle 1 feedback: 0.0
[INFO] [1789251528.707016702] [nav_goal_sender]: cycle 1 feedback: 0.0
[INFO] [1789251528.717219256] [nav_goal_sender]: cycle 1 feedback: 0.0
[INFO] [1789251528.727027408] [nav_goal_sender]: cycle 1 feedback: 0.0
[INFO] [1789251528.737142462] [nav_goal_sender]: cycle 1 feedback: 0.0
[INFO] [1789251528.747072214] [nav_goal_sender]: cycle 1 feedback: 0.0
[INFO] [1789251528.757128368] [nav_goal_sender]: cycle 1 feedback: 0.0
[INFO] [1789251528.767133921] [nav_goal_sender]: cycle 1 feedback: 0.0
[INFO] [1789251528.777021973] [nav_goal_sender]: cycle 1 feedback: 0.0
[INFO] [1789251528.787059126] [nav_goal_sender]: cycle 1 feedback: 0.0
[INFO] [1789251528.797042179] [nav_goal_sender]: cycle 1 feedback: 0.0
[INFO] [1789251528.807080832] [nav_goal_sender]: cycle 1 feedback: 0.0
[INFO] [1789251528.817034285] [nav_goal_sender]: cycle 1 feedback: 0.0
[INFO] [1789251528.827068038] [nav_goal_sender]: cycle 1 feedback: 0.0
[INFO] [1789251528.837167991] [nav_goal_sender]: cycle 1 feedback: 0.0
[INFO] [1789251528.847080744] [nav_goal_sender]: cycle 1 feedback: 0.0
[INFO] [1789251528.857162697] [nav_goal_sender]: cycle 1 feedback: 0.0
[INFO] [1789251528.867095150] [nav_goal_sender]: cycle 1 feedback: 0.0
[INFO] [1789251528.877056802] [nav_goal_sender]: cycle 1 feedback: 0.0
[INFO] [1789251528.887127956] [nav_goal_sender]: cycle 1 feedback: 0.0
[INFO] [1789251528.897054308] [nav_goal_sender]: cycle 1 feedback: 0.0
[INFO] [1789251528.907057961] [nav_goal_sender]: cycle 1 feedback: 0.0
[INFO] [1789251528.917141915] [nav_goal_sender]: cycle 1 feedback: 0.0
[INFO] [1789251528.927149068] [nav_goal_sender]: cycle 1 feedback: 0.0
[INFO] [1789251528.937083720] [nav_goal_sender]: cycle 1 feedback: 0.0
[INFO] [1789251528.947358875] [nav_goal_sender]: cycle 1 feedback: 0.0
[INFO] [1789251528.957180927] [nav_goal_sender]: cycle 1 feedback: 0.0
[INFO] [1789251528.967141079] [nav_goal_sender]: cycle 1 feedback: 0.0
[INFO] [1789251528.977020332] [nav_goal_sender]: cycle 1 feedback: 0.0
[INFO] [1789251528.987168285] [nav_goal_sender]: cycle 1 feedback: 0.0
[INFO] [1789251528.997079838] [nav_goal_sender]: cycle 1 feedback: 0.0
[INFO] [1789251529.007020290] [nav_goal_sender]: cycle 1 feedback: 0.0
[INFO] [1789251529.017071444] [nav_goal_sender]: cycle 1 feedback: 0.0
[INFO] [1789251529.027027296] [nav_goal_sender]: cycle 1 feedback: 0.0
[INFO] [1789251529.037045549] [nav_goal_sender]: cycle 1 feedback: 0.0
[INFO] [1789251529.047114903] [nav_goal_sender]: cycle 1 feedback: 0.0
[INFO] [1789251529.057198156] [nav_goal_sender]: cycle 1 feedback: 0.0
[INFO] [1789251529.067226309] [nav_goal_sender]: cycle 1 feedback: 0.0
[INFO] [1789251529.077019161] [nav_goal_sender]: cycle 1 feedback: 0.0
[INFO] [1789251529.087155315] [nav_goal_sender]: cycle 1 feedback: 0.0
[INFO] [1789251529.097075067] [nav_goal_sender]: cycle 1 feedback: 0.0
[INFO] [1789251529.107019120] [nav_goal_sender]: cycle 1 feedback: 0.0
[INFO] [1789251529.117425175] [nav_goal_sender]: cycle 1 feedback: 0.0
[INFO] [1789251529.127318727] [nav_goal_sender]: cycle 1 feedback: 0.0
[INFO] [1789251529.137410581] [nav_goal_sender]: cycle 1 feedback: 0.0
[INFO] [1789251529.147406334] [nav_goal_sender]: cycle 1 feedback: 0.0
[INFO] [1789251529.157332186] [nav_goal_sender]: cycle 1 feedback: 0.0
[INFO] [1789251529.167048938] [nav_goal_sender]: cycle 1 feedback: 0.0
[INFO] [1789251529.177017690] [nav_goal_sender]: cycle 1 feedback: 0.0
[INFO] [1789251529.187345945] [nav_goal_sender]: cycle 1 feedback: 0.0
[INFO] [1789251529.197037296] [nav_goal_sender]: cycle 1 feedback: 0.0
[INFO] [1789251529.207133150] [nav_goal_sender]: cycle 1 feedback: 0.0
[INFO] [1789251529.217153503] [nav_goal_sender]: cycle 1 feedback: 0.0
[INFO] [1789251529.227007655] [nav_goal_sender]: cycle 1 feedback: 0.0
[INFO] [1789251529.237092208] [nav_goal_sender]: cycle 1 feedback: 0.0
[INFO] [1789251529.246971061] [nav_goal_sender]: cycle 1 feedback: 0.0
[INFO] [1789251529.257991819] [nav_goal_sender]: cycle 1 feedback: 0.0
[INFO] [1789251529.267045967] [nav_goal_sender]: cycle 1 feedback: 0.0
[INFO] [1789251529.276879119] [nav_goal_sender]: cycle 1 feedback: 0.0
[INFO] [1789251529.287016673] [nav_goal_sender]: cycle 1 feedback: 0.0
[INFO] [1789251529.296903625] [nav_goal_sender]: cycle 1 feedback: 0.0
[INFO] [1789251529.306879278] [nav_goal_sender]: cycle 1 feedback: 0.0
[INFO] [1789251529.316913431] [nav_goal_sender]: cycle 1 feedback: 0.0
[INFO] [1789251529.326927984] [nav_goal_sender]: cycle 1 feedback: 0.0
[INFO] [1789251529.336975937] [nav_goal_sender]: cycle 1 feedback: 0.0
[INFO] [1789251529.346891689] [nav_goal_sender]: cycle 1 feedback: 0.0
[INFO] [1789251529.357060543] [nav_goal_sender]: cycle 1 feedback: 0.0
[INFO] [1789251529.366941696] [nav_goal_sender]: cycle 1 feedback: 0.0
[INFO] [1789251529.376864548] [nav_goal_sender]: cycle 1 feedback: 0.0
[INFO] [1789251529.386976802] [nav_goal_sender]: cycle 1 feedback: 0.0
[INFO] [1789251529.396877754] [nav_goal_sender]: cycle 1 feedback: 0.0
[INFO] [1789251529.407120008] [nav_goal_sender]: cycle 1 feedback: 0.0
[INFO] [1789251529.416995661] [nav_goal_sender]: cycle 1 feedback: 0.0
[INFO] [1789251529.426976013] [nav_goal_sender]: cycle 1 feedback: 0.0
[INFO] [1789251529.437022867] [nav_goal_sender]: cycle 1 feedback: 0.0
[INFO] [1789251529.447022319] [nav_goal_sender]: cycle 1 feedback: 0.0
[INFO] [1789251529.457048673] [nav_goal_sender]: cycle 1 feedback: 0.0
[INFO] [1789251529.467081626] [nav_goal_sender]: cycle 1 feedback: 0.0
[INFO] [1789251529.476899378] [nav_goal_sender]: cycle 1 feedback: 0.0
[INFO] [1789251529.488426739] [nav_goal_sender]: cycle 1 feedback: 0.0
[INFO] [1789251529.496925484] [nav_goal_sender]: cycle 1 feedback: 0.0
[INFO] [1789251529.506924437] [nav_goal_sender]: cycle 1 feedback: 0.0
[INFO] [1789251529.517034190] [nav_goal_sender]: cycle 1 feedback: 0.0
[INFO] [1789251529.528245049] [nav_goal_sender]: cycle 1 feedback: 0.0
[INFO] [1789251529.536933295] [nav_goal_sender]: cycle 1 feedback: 0.0
[INFO] [1789251529.546999749] [nav_goal_sender]: cycle 1 feedback: 0.0
[INFO] [1789251529.557022802] [nav_goal_sender]: cycle 1 feedback: 0.0
[INFO] [1789251529.566998655] [nav_goal_sender]: cycle 1 feedback: 0.0
[INFO] [1789251529.576876707] [nav_goal_sender]: cycle 1 feedback: 0.0
[INFO] [1789251529.586923760] [nav_goal_sender]: cycle 1 feedback: 0.0
[INFO] [1789251529.596900213] [nav_goal_sender]: cycle 1 feedback: 0.0
[INFO] [1789251529.607071367] [nav_goal_sender]: cycle 1 feedback: 0.0
[INFO] [1789251529.617009119] [nav_goal_sender]: cycle 1 feedback: 0.0
[INFO] [1789251529.626888572] [nav_goal_sender]: cycle 1 feedback: 0.0
[INFO] [1789251529.636916625] [nav_goal_sender]: cycle 1 feedback: 0.0
[INFO] [1789251529.646890777] [nav_goal_sender]: cycle 1 feedback: 0.0
[INFO] [1789251529.657263532] [nav_goal_sender]: cycle 1 feedback: 0.0
[INFO] [1789251529.666998284] [nav_goal_sender]: cycle 1 feedback: 0.0
[INFO] [1789251529.676881936] [nav_goal_sender]: cycle 1 feedback: 0.0
[INFO] [1789251529.686942989] [nav_goal_sender]: cycle 1 feedback: 0.0
[INFO] [1789251529.696943542] [nav_goal_sender]: cycle 1 feedback: 0.0
[INFO] [1789251529.706886495] [nav_goal_sender]: cycle 1 feedback: 0.0
[INFO] [1789251529.717093649] [nav_goal_sender]: cycle 1 feedback: 0.0
[INFO] [1789251529.726967201] [nav_goal_sender]: cycle 1 feedback: 0.0
[INFO] [1789251529.736939254] [nav_goal_sender]: cycle 1 feedback: 0.0
[INFO] [1789251529.746922107] [nav_goal_sender]: cycle 1 feedback: 0.0
[INFO] [1789251529.756991160] [nav_goal_sender]: cycle 1 feedback: 0.0
[INFO] [1789251529.767103414] [nav_goal_sender]: cycle 1 feedback: 0.0
[INFO] [1789251529.776880166] [nav_goal_sender]: cycle 1 feedback: 0.0
[INFO] [1789251529.787252420] [nav_goal_sender]: cycle 1 feedback: 0.0
[INFO] [1789251529.796889771] [nav_goal_sender]: cycle 1 feedback: 0.0
[INFO] [1789251529.806994425] [nav_goal_sender]: cycle 1 feedback: 0.0
[INFO] [1789251529.816940378] [nav_goal_sender]: cycle 1 feedback: 0.0
[INFO] [1789251529.826879430] [nav_goal_sender]: cycle 1 feedback: 0.0
[INFO] [1789251529.837015684] [nav_goal_sender]: cycle 1 feedback: 0.0
[INFO] [1789251529.846884436] [nav_goal_sender]: cycle 1 feedback: 0.0
[INFO] [1789251529.857029390] [nav_goal_sender]: cycle 1 feedback: 0.0
[INFO] [1789251529.867099143] [nav_goal_sender]: cycle 1 feedback: 0.0
[INFO] [1789251529.876894495] [nav_goal_sender]: cycle 1 feedback: 0.0
[INFO] [1789251529.886963348] [nav_goal_sender]: cycle 1 feedback: 0.0
[INFO] [1789251529.896894701] [nav_goal_sender]: cycle 1 feedback: 0.0
[INFO] [1789251529.907147255] [nav_goal_sender]: cycle 1 feedback: 0.0
[INFO] [1789251529.917012707] [nav_goal_sender]: cycle 1 feedback: 0.0
[INFO] [1789251529.926882360] [nav_goal_sender]: cycle 1 feedback: 0.0
[INFO] [1789251529.937046813] [nav_goal_sender]: cycle 1 feedback: 0.0
[INFO] [1789251529.946894565] [nav_goal_sender]: cycle 1 feedback: 0.0
[INFO] [1789251529.956976119] [nav_goal_sender]: cycle 1 feedback: 0.0
[INFO] [1789251529.966995572] [nav_goal_sender]: cycle 1 feedback: 0.0
[INFO] [1789251529.976895924] [nav_goal_sender]: cycle 1 feedback: 0.0
[INFO] [1789251529.987055278] [nav_goal_sender]: cycle 1 feedback: 0.0
[INFO] [1789251529.996875330] [nav_goal_sender]: cycle 1 feedback: 0.0
[INFO] [1789251530.006938383] [nav_goal_sender]: cycle 1 feedback: 0.0
[INFO] [1789251530.017091137] [nav_goal_sender]: cycle 1 feedback: 0.0
[INFO] [1789251530.026912989] [nav_goal_sender]: cycle 1 feedback: 0.0
[INFO] [1789251530.036892542] [nav_goal_sender]: cycle 1 feedback: 0.0
[INFO] [1789251530.046889995] [nav_goal_sender]: cycle 1 feedback: 0.0
[INFO] [1789251530.057050549] [nav_goal_sender]: cycle 1 feedback: 0.0
[INFO] [1789251530.066930701] [nav_goal_sender]: cycle 1 feedback: 0.0
[INFO] [1789251530.076896054] [nav_goal_sender]: cycle 1 feedback: 0.0
[INFO] [1789251530.086894407] [nav_goal_sender]: cycle 1 feedback: 0.0
[INFO] [1789251530.097027460] [nav_goal_sender]: cycle 1 feedback: 0.0
[INFO] [1789251530.106889112] [nav_goal_sender]: cycle 1 feedback: 0.0
[INFO] [1789251530.117050066] [nav_goal_sender]: cycle 1 feedback: 0.0
[INFO] [1789251530.126939619] [nav_goal_sender]: cycle 1 feedback: 0.0
[INFO] [1789251530.136947871] [nav_goal_sender]: cycle 1 feedback: 0.0
[INFO] [1789251530.146889624] [nav_goal_sender]: cycle 1 feedback: 0.0
[INFO] [1789251530.157060178] [nav_goal_sender]: cycle 1 feedback: 0.0
[INFO] [1789251530.166911630] [nav_goal_sender]: cycle 1 feedback: 0.0
[INFO] [1789251530.176882183] [nav_goal_sender]: cycle 1 feedback: 0.0
[INFO] [1789251530.187029937] [nav_goal_sender]: cycle 1 feedback: 0.0
[INFO] [1789251530.196908089] [nav_goal_sender]: cycle 1 feedback: 0.0
[INFO] [1789251530.206906142] [nav_goal_sender]: cycle 1 feedback: 0.0
[INFO] [1789251530.217052495] [nav_goal_sender]: cycle 1 feedback: 0.0
[INFO] [1789251530.226895148] [nav_goal_sender]: cycle 1 feedback: 0.0
[INFO] [1789251530.237053801] [nav_goal_sender]: cycle 1 feedback: 0.0
[INFO] [1789251530.246933654] [nav_goal_sender]: cycle 1 feedback: 0.0
[INFO] [1789251530.257044307] [nav_goal_sender]: cycle 1 feedback: 0.0
[INFO] [1789251530.267024560] [nav_goal_sender]: cycle 1 feedback: 0.0
[INFO] [1789251530.276888212] [nav_goal_sender]: cycle 1 feedback: 0.0
[INFO] [1789251530.287254567] [nav_goal_sender]: cycle 1 feedback: 0.0
[INFO] [1789251530.296919718] [nav_goal_sender]: cycle 1 feedback: 0.0
[INFO] [1789251530.306896371] [nav_goal_sender]: cycle 1 feedback: 0.0
[INFO] [1789251530.317017425] [nav_goal_sender]: cycle 1 feedback: 0.0
[INFO] [1789251530.327029878] [nav_goal_sender]: cycle 1 feedback: 0.0
[INFO] [1789251530.337060331] [nav_goal_sender]: cycle 1 feedback: 0.0
[INFO] [1789251530.346993083] [nav_goal_sender]: cycle 1 feedback: 0.0
[INFO] [1789251530.356993036] [nav_goal_sender]: cycle 1 feedback: 0.0
[INFO] [1789251530.366928289] [nav_goal_sender]: cycle 1 feedback: 0.0
[INFO] [1789251530.376889242] [nav_goal_sender]: cycle 1 feedback: 0.0
[INFO] [1789251530.386895895] [nav_goal_sender]: cycle 1 feedback: 0.0
[INFO] [1789251530.396880447] [nav_goal_sender]: cycle 1 feedback: 0.0
[INFO] [1789251530.407047801] [nav_goal_sender]: cycle 1 feedback: 0.0
[INFO] [1789251530.416948154] [nav_goal_sender]: cycle 1 feedback: 0.0
[INFO] [1789251530.426894706] [nav_goal_sender]: cycle 1 feedback: 0.0
[INFO] [1789251530.437004460] [nav_goal_sender]: cycle 1 feedback: 0.0
[INFO] [1789251530.446896812] [nav_goal_sender]: cycle 1 feedback: 0.0
[INFO] [1789251530.457839370] [nav_goal_sender]: cycle 1 feedback: 0.0
[INFO] [1789251530.467052319] [nav_goal_sender]: cycle 1 feedback: 0.0
[INFO] [1789251530.477018272] [nav_goal_sender]: cycle 1 feedback: 0.0
[INFO] [1789251530.487223626] [nav_goal_sender]: cycle 1 feedback: 0.0
[INFO] [1789251530.496976677] [nav_goal_sender]: cycle 1 feedback: 0.0
[INFO] [1789251530.507154731] [nav_goal_sender]: cycle 1 feedback: 0.0
[INFO] [1789251530.517191284] [nav_goal_sender]: cycle 1 feedback: 0.0
[INFO] [1789251530.526916036] [nav_goal_sender]: cycle 1 feedback: 0.0
[INFO] [1789251530.536915889] [nav_goal_sender]: cycle 1 feedback: 0.0
[INFO] [1789251530.547017342] [nav_goal_sender]: cycle 1 feedback: 0.0
[INFO] [1789251530.557104595] [nav_goal_sender]: cycle 1 feedback: 0.0
[INFO] [1789251530.567191549] [nav_goal_sender]: cycle 1 feedback: 0.0
[INFO] [1789251530.576907000] [nav_goal_sender]: cycle 1 feedback: 0.0
[INFO] [1789251530.586897753] [nav_goal_sender]: cycle 1 feedback: 0.0
[INFO] [1789251530.597429809] [nav_goal_sender]: cycle 1 feedback: 0.0
[INFO] [1789251530.607150560] [nav_goal_sender]: cycle 1 feedback: 0.0
[INFO] [1789251530.617278814] [nav_goal_sender]: cycle 1 feedback: 0.0
[INFO] [1789251530.627446768] [nav_goal_sender]: cycle 1 feedback: 0.0
[INFO] [1789251530.640489637] [nav_goal_sender]: cycle 1 feedback: 0.0
[INFO] [1789251530.647305073] [nav_goal_sender]: cycle 1 feedback: 0.0
[INFO] [1789251530.657171825] [nav_goal_sender]: cycle 1 feedback: 0.0
[INFO] [1789251530.666997077] [nav_goal_sender]: cycle 1 feedback: 0.0
[INFO] [1789251530.676901530] [nav_goal_sender]: cycle 1 feedback: 0.0
[INFO] [1789251530.687042183] [nav_goal_sender]: cycle 1 feedback: 0.0
[INFO] [1789251530.697263637] [nav_goal_sender]: cycle 1 feedback: 0.0
[INFO] [1789251530.707278590] [nav_goal_sender]: cycle 1 feedback: 0.0
[INFO] [1789251530.717238443] [nav_goal_sender]: cycle 1 feedback: 0.0
[INFO] [1789251530.727177096] [nav_goal_sender]: cycle 1 feedback: 0.0
[INFO] [1789251530.736901747] [nav_goal_sender]: cycle 1 feedback: 0.0
[INFO] [1789251530.746899800] [nav_goal_sender]: cycle 1 feedback: 0.0
[INFO] [1789251530.757238555] [nav_goal_sender]: cycle 1 feedback: 0.0
[INFO] [1789251530.767377509] [nav_goal_sender]: cycle 1 feedback: 0.0
[INFO] [1789251530.777120060] [nav_goal_sender]: cycle 1 feedback: 0.0
[INFO] [1789251530.787363214] [nav_goal_sender]: cycle 1 feedback: 0.0
[INFO] [1789251530.797188566] [nav_goal_sender]: cycle 1 feedback: 0.0
[INFO] [1789251530.807024018] [nav_goal_sender]: cycle 1 feedback: 0.0
[INFO] [1789251530.817340673] [nav_goal_sender]: cycle 1 feedback: 0.0
[INFO] [1789251530.827121525] [nav_goal_sender]: cycle 1 feedback: 0.0
[INFO] [1789251530.837278279] [nav_goal_sender]: cycle 1 feedback: 0.0
[INFO] [1789251530.847474632] [nav_goal_sender]: cycle 1 feedback: 0.0
[INFO] [1789251530.858124589] [nav_goal_sender]: cycle 1 feedback: 0.0
[INFO] [1789251530.867573839] [nav_goal_sender]: cycle 1 feedback: 0.0
[INFO] [1789251530.877268890] [nav_goal_sender]: cycle 1 feedback: 0.0
[INFO] [1789251530.886929741] [nav_goal_sender]: cycle 1 feedback: 0.0
[INFO] [1789251530.896920394] [nav_goal_sender]: cycle 1 feedback: 0.0
[INFO] [1789251530.907201649] [nav_goal_sender]: cycle 1 feedback: 0.0
[INFO] [1789251530.917041601] [nav_goal_sender]: cycle 1 feedback: 0.0
[INFO] [1789251530.926903253] [nav_goal_sender]: cycle 1 feedback: 0.0
[INFO] [1789251530.936922006] [nav_goal_sender]: cycle 1 feedback: 0.0
[INFO] [1789251530.946968659] [nav_goal_sender]: cycle 1 feedback: 0.0
[INFO] [1789251530.957386614] [nav_goal_sender]: cycle 1 feedback: 0.0
[INFO] [1789251530.967258367] [nav_goal_sender]: cycle 1 feedback: 0.0
[INFO] [1789251530.977091019] [nav_goal_sender]: cycle 1 feedback: 0.0
[INFO] [1789251530.987296773] [nav_goal_sender]: cycle 1 feedback: 0.0
[INFO] [1789251530.996902723] [nav_goal_sender]: cycle 1 feedback: 0.0
[INFO] [1789251531.006887976] [nav_goal_sender]: cycle 1 feedback: 0.0
[INFO] [1789251531.017244631] [nav_goal_sender]: cycle 1 feedback: 0.0
[INFO] [1789251531.027021783] [nav_goal_sender]: cycle 1 feedback: 0.0
[INFO] [1789251531.037377538] [nav_goal_sender]: cycle 1 feedback: 0.0
[INFO] [1789251531.047322290] [nav_goal_sender]: cycle 1 feedback: 0.0
[INFO] [1789251531.058005047] [nav_goal_sender]: cycle 1 feedback: 0.0
[INFO] [1789251531.067635398] [nav_goal_sender]: cycle 1 feedback: 0.0
[INFO] [1789251531.077284349] [nav_goal_sender]: cycle 1 feedback: 0.0
[INFO] [1789251531.087287602] [nav_goal_sender]: cycle 1 feedback: 0.0
[INFO] [1789251531.097356755] [nav_goal_sender]: cycle 1 feedback: 0.0
[INFO] [1789251531.107279108] [nav_goal_sender]: cycle 1 feedback: 0.0
[INFO] [1789251531.117631863] [nav_goal_sender]: cycle 1 feedback: 0.0
[INFO] [1789251531.127122513] [nav_goal_sender]: cycle 1 feedback: 0.0
[INFO] [1789251531.137773069] [nav_goal_sender]: cycle 1 feedback: 0.0
[INFO] [1789251531.147230119] [nav_goal_sender]: cycle 1 feedback: 0.0
[INFO] [1789251531.157323573] [nav_goal_sender]: cycle 1 feedback: 0.0
[INFO] [1789251531.167490826] [nav_goal_sender]: cycle 1 feedback: 0.0
[INFO] [1789251531.176922476] [nav_goal_sender]: cycle 1 feedback: 0.0
[INFO] [1789251531.187296931] [nav_goal_sender]: cycle 1 feedback: 0.0
[INFO] [1789251531.197304684] [nav_goal_sender]: cycle 1 feedback: 0.0
[INFO] [1789251531.207239437] [nav_goal_sender]: cycle 1 feedback: 0.0
[INFO] [1789251531.217909193] [nav_goal_sender]: cycle 1 feedback: 0.0
[INFO] [1789251531.227340843] [nav_goal_sender]: cycle 1 feedback: 0.0
[INFO] [1789251531.237291396] [nav_goal_sender]: cycle 1 feedback: 0.0
[INFO] [1789251531.247101748] [nav_goal_sender]: cycle 1 feedback: 0.0
[INFO] [1789251531.257593703] [nav_goal_sender]: cycle 1 feedback: 0.0
[INFO] [1789251531.267692657] [nav_goal_sender]: cycle 1 feedback: 0.0
[INFO] [1789251531.277345308] [nav_goal_sender]: cycle 1 feedback: 0.0
[INFO] [1789251531.287421761] [nav_goal_sender]: cycle 1 feedback: 0.0
[INFO] [1789251531.297235213] [nav_goal_sender]: cycle 1 feedback: 0.0
[INFO] [1789251531.307309967] [nav_goal_sender]: cycle 1 feedback: 0.0
[INFO] [1789251531.317385120] [nav_goal_sender]: cycle 1 feedback: 0.0
[INFO] [1789251531.327393873] [nav_goal_sender]: cycle 1 feedback: 0.0
[INFO] [1789251531.337497726] [nav_goal_sender]: cycle 1 feedback: 0.0
[INFO] [1789251531.347315078] [nav_goal_sender]: cycle 1 feedback: 0.0
[INFO] [1789251531.357623533] [nav_goal_sender]: cycle 1 feedback: 0.0
[INFO] [1789251531.367289484] [nav_goal_sender]: cycle 1 feedback: 0.0
[INFO] [1789251531.377568738] [nav_goal_sender]: cycle 1 feedback: 0.0
[INFO] [1789251531.387290090] [nav_goal_sender]: cycle 1 feedback: 0.0
[INFO] [1789251531.397251543] [nav_goal_sender]: cycle 1 feedback: 0.0
[INFO] [1789251531.407361396] [nav_goal_sender]: cycle 1 feedback: 0.0
[INFO] [1789251531.417358449] [nav_goal_sender]: cycle 1 feedback: 0.0
[INFO] [1789251531.427380402] [nav_goal_sender]: cycle 1 feedback: 0.0
[INFO] [1789251531.437361655] [nav_goal_sender]: cycle 1 feedback: 0.0
[INFO] [1789251531.447058806] [nav_goal_sender]: cycle 1 feedback: 0.0
[INFO] [1789251531.457663662] [nav_goal_sender]: cycle 1 feedback: 0.0
[INFO] [1789251531.467889016] [nav_goal_sender]: cycle 1 feedback: 0.0
[INFO] [1789251531.477486467] [nav_goal_sender]: cycle 1 feedback: 0.0
[INFO] [1789251531.487113418] [nav_goal_sender]: cycle 1 feedback: 0.0
[INFO] [1789251531.497528473] [nav_goal_sender]: cycle 1 feedback: 0.0
[INFO] [1789251531.507810828] [nav_goal_sender]: cycle 1 feedback: 0.0
[INFO] [1789251531.517578080] [nav_goal_sender]: cycle 1 feedback: 0.0
[INFO] [1789251531.527323431] [nav_goal_sender]: cycle 1 feedback: 0.0
[INFO] [1789251531.537591485] [nav_goal_sender]: cycle 1 feedback: 0.0
[INFO] [1789251531.547309837] [nav_goal_sender]: cycle 1 feedback: 0.0
[INFO] [1789251531.557866493] [nav_goal_sender]: cycle 1 feedback: 0.0
[INFO] [1789251531.567526444] [nav_goal_sender]: cycle 1 feedback: 0.0
[INFO] [1789251531.577265495] [nav_goal_sender]: cycle 1 feedback: 0.0
[INFO] [1789251531.587374849] [nav_goal_sender]: cycle 1 feedback: 0.0
[INFO] [1789251531.597443802] [nav_goal_sender]: cycle 1 feedback: 0.0
[INFO] [1789251531.607191054] [nav_goal_sender]: cycle 1 feedback: 0.0
[INFO] [1789251531.617090706] [nav_goal_sender]: cycle 1 feedback: 0.0
[INFO] [1789251531.627139859] [nav_goal_sender]: cycle 1 feedback: 0.0
[INFO] [1789251531.637351614] [nav_goal_sender]: cycle 1 feedback: 0.0
[INFO] [1789251531.647272366] [nav_goal_sender]: cycle 1 feedback: 0.0
[INFO] [1789251531.657771722] [nav_goal_sender]: cycle 1 feedback: 0.0
[INFO] [1789251531.667173671] [nav_goal_sender]: cycle 1 feedback: 0.0
[INFO] [1789251531.677550926] [nav_goal_sender]: cycle 1 feedback: 0.0
[INFO] [1789251531.688825386] [nav_goal_sender]: cycle 1 feedback: 0.0
[INFO] [1789251531.697354831] [nav_goal_sender]: cycle 1 feedback: 0.0
[INFO] [1789251531.706979282] [nav_goal_sender]: cycle 1 feedback: 0.0
[INFO] [1789251531.717878340] [nav_goal_sender]: cycle 1 feedback: 0.0
[INFO] [1789251531.727005888] [nav_goal_sender]: cycle 1 feedback: 0.0
[INFO] [1789251531.737079041] [nav_goal_sender]: cycle 1 feedback: 0.0
[INFO] [1789251531.746982494] [nav_goal_sender]: cycle 1 feedback: 0.0
[INFO] [1789251531.757034047] [nav_goal_sender]: cycle 1 feedback: 0.0
[INFO] [1789251531.766971100] [nav_goal_sender]: cycle 1 feedback: 0.0
[INFO] [1789251531.776899252] [nav_goal_sender]: cycle 1 feedback: 0.0
[INFO] [1789251531.787063306] [nav_goal_sender]: cycle 1 feedback: 0.0
[INFO] [1789251531.796921958] [nav_goal_sender]: cycle 1 feedback: 0.0
[INFO] [1789251531.807244913] [nav_goal_sender]: cycle 1 feedback: 0.0
[INFO] [1789251531.817092265] [nav_goal_sender]: cycle 1 feedback: 0.0
[INFO] [1789251531.827050518] [nav_goal_sender]: cycle 1 feedback: 0.0
[INFO] [1789251531.837272872] [nav_goal_sender]: cycle 1 feedback: 0.0
[INFO] [1789251531.847090724] [nav_goal_sender]: cycle 1 feedback: 0.0
[INFO] [1789251531.857226377] [nav_goal_sender]: cycle 1 feedback: 0.0
[INFO] [1789251531.867128130] [nav_goal_sender]: cycle 1 feedback: 0.0
[INFO] [1789251531.876896781] [nav_goal_sender]: cycle 1 feedback: 0.0
[INFO] [1789251531.887261136] [nav_goal_sender]: cycle 1 feedback: 0.0
[INFO] [1789251531.897343390] [nav_goal_sender]: cycle 1 feedback: 0.0
[INFO] [1789251531.907357143] [nav_goal_sender]: cycle 1 feedback: 0.0
[INFO] [1789251531.917221995] [nav_goal_sender]: cycle 1 feedback: 0.0
[INFO] [1789251531.926883646] [nav_goal_sender]: cycle 1 feedback: 0.0
[INFO] [1789251531.937322601] [nav_goal_sender]: cycle 1 feedback: 0.0
[INFO] [1789251531.947452455] [nav_goal_sender]: cycle 1 feedback: 0.0
[INFO] [1789251531.957381007] [nav_goal_sender]: cycle 1 feedback: 0.0
[INFO] [1789251531.967561361] [nav_goal_sender]: cycle 1 feedback: 0.0
[INFO] [1789251531.977436414] [nav_goal_sender]: cycle 1 feedback: 0.0
[INFO] [1789251531.987576967] [nav_goal_sender]: cycle 1 feedback: 0.0
[INFO] [1789251531.997469420] [nav_goal_sender]: cycle 1 feedback: 0.0
[INFO] [1789251532.009458583] [nav_goal_sender]: cycle 1 feedback: 0.0
[INFO] [1789251532.016968223] [nav_goal_sender]: cycle 1 feedback: 0.0
[INFO] [1789251532.026902475] [nav_goal_sender]: cycle 1 feedback: 0.0
[INFO] [1789251532.036971529] [nav_goal_sender]: cycle 1 feedback: 0.0
[INFO] [1789251532.047127883] [nav_goal_sender]: cycle 1 feedback: 0.0
[INFO] [1789251532.057728439] [nav_goal_sender]: cycle 1 feedback: 0.0
[INFO] [1789251532.067474390] [nav_goal_sender]: cycle 1 feedback: 0.0
[INFO] [1789251532.076941640] [nav_goal_sender]: cycle 1 feedback: 0.0
[INFO] [1789251532.086926993] [nav_goal_sender]: cycle 1 feedback: 0.0
[INFO] [1789251532.096933146] [nav_goal_sender]: cycle 1 feedback: 0.0
[INFO] [1789251532.106941999] [nav_goal_sender]: cycle 1 feedback: 0.0
[INFO] [1789251532.117046153] [nav_goal_sender]: cycle 1 feedback: 0.0
[INFO] [1789251532.127781209] [nav_goal_sender]: cycle 1 feedback: 0.0
[INFO] [1789251532.137083959] [nav_goal_sender]: cycle 1 feedback: 0.0
[INFO] [1789251532.147388913] [nav_goal_sender]: cycle 1 feedback: 0.0
[INFO] [1789251532.157054064] [nav_goal_sender]: cycle 1 feedback: 0.0
[INFO] [1789251532.167480520] [nav_goal_sender]: cycle 1 feedback: 0.0
[INFO] [1789251532.177143571] [nav_goal_sender]: cycle 1 feedback: 0.0
[INFO] [1789251532.187225424] [nav_goal_sender]: cycle 1 feedback: 0.0
[INFO] [1789251532.196890575] [nav_goal_sender]: cycle 1 feedback: 0.0
[INFO] [1789251532.207250630] [nav_goal_sender]: cycle 1 feedback: 0.0
[INFO] [1789251532.217072982] [nav_goal_sender]: cycle 1 feedback: 0.0
[INFO] [1789251532.226887134] [nav_goal_sender]: cycle 1 feedback: 0.0
[INFO] [1789251532.237032488] [nav_goal_sender]: cycle 1 feedback: 0.0
[INFO] [1789251532.246996440] [nav_goal_sender]: cycle 1 feedback: 0.0
[INFO] [1789251532.257164594] [nav_goal_sender]: cycle 1 feedback: 0.0
[INFO] [1789251532.266982146] [nav_goal_sender]: cycle 1 feedback: 0.0
[INFO] [1789251532.276902199] [nav_goal_sender]: cycle 1 feedback: 0.0
[INFO] [1789251532.287129453] [nav_goal_sender]: cycle 1 feedback: 0.0
[INFO] [1789251532.297088506] [nav_goal_sender]: cycle 1 feedback: 0.0
[INFO] [1789251532.306908958] [nav_goal_sender]: cycle 1 feedback: 0.0
[INFO] [1789251532.317311513] [nav_goal_sender]: cycle 1 feedback: 0.0
[INFO] [1789251532.326967364] [nav_goal_sender]: cycle 1 feedback: 0.0
[INFO] [1789251532.337172318] [nav_goal_sender]: cycle 1 feedback: 0.0
[INFO] [1789251532.347437872] [nav_goal_sender]: cycle 1 feedback: 0.0
[INFO] [1789251532.357072123] [nav_goal_sender]: cycle 1 feedback: 0.0
[INFO] [1789251532.367013476] [nav_goal_sender]: cycle 1 feedback: 0.0
[INFO] [1789251532.376935128] [nav_goal_sender]: cycle 1 feedback: 0.0
[INFO] [1789251532.387503284] [nav_goal_sender]: cycle 1 feedback: 0.0
[INFO] [1789251532.396982234] [nav_goal_sender]: cycle 1 feedback: 0.0
[INFO] [1789251532.407110288] [nav_goal_sender]: cycle 1 feedback: 0.0
[INFO] [1789251532.417099841] [nav_goal_sender]: cycle 1 feedback: 0.0
[INFO] [1789251532.426925593] [nav_goal_sender]: cycle 1 feedback: 0.0
[INFO] [1789251532.437047746] [nav_goal_sender]: cycle 1 feedback: 0.0
[INFO] [1789251532.446934999] [nav_goal_sender]: cycle 1 feedback: 0.0
[INFO] [1789251532.457054752] [nav_goal_sender]: cycle 1 feedback: 0.0
[INFO] [1789251532.467032605] [nav_goal_sender]: cycle 1 feedback: 0.0
[INFO] [1789251532.476945758] [nav_goal_sender]: cycle 1 feedback: 0.0
[INFO] [1789251532.487062911] [nav_goal_sender]: cycle 1 feedback: 0.0
[INFO] [1789251532.497035664] [nav_goal_sender]: cycle 1 feedback: 0.0
[INFO] [1789251532.507010017] [nav_goal_sender]: cycle 1 feedback: 0.0
[INFO] [1789251532.517088570] [nav_goal_sender]: cycle 1 feedback: 0.0
[INFO] [1789251532.527000723] [nav_goal_sender]: cycle 1 feedback: 0.0
[INFO] [1789251532.536944075] [nav_goal_sender]: cycle 1 feedback: 0.0
[INFO] [1789251532.546929128] [nav_goal_sender]: cycle 1 feedback: 0.0
[INFO] [1789251532.557110782] [nav_goal_sender]: cycle 1 feedback: 0.0
[INFO] [1789251532.567032635] [nav_goal_sender]: cycle 1 feedback: 0.0
[INFO] [1789251532.577007487] [nav_goal_sender]: cycle 1 feedback: 0.0
[INFO] [1789251532.587021740] [nav_goal_sender]: cycle 1 feedback: 0.0
[INFO] [1789251532.597402295] [nav_goal_sender]: cycle 1 feedback: 0.0
[INFO] [1789251532.607178947] [nav_goal_sender]: cycle 1 feedback: 0.0
[INFO] [1789251532.617906704] [nav_goal_sender]: cycle 1 feedback: 0.0
[INFO] [1789251532.627326254] [nav_goal_sender]: cycle 1 feedback: 0.0
[INFO] [1789251532.637057305] [nav_goal_sender]: cycle 1 feedback: 0.0
[INFO] [1789251532.647993863] [nav_goal_sender]: cycle 1 feedback: 0.0
[INFO] [1789251532.657279112] [nav_goal_sender]: cycle 1 feedback: 0.0
[INFO] [1789251532.667322865] [nav_goal_sender]: cycle 1 feedback: 0.0
[INFO] [1789251532.677702020] [nav_goal_sender]: cycle 1 feedback: 0.0
[INFO] [1789251532.687670073] [nav_goal_sender]: cycle 1 feedback: 0.0
[INFO] [1789251532.698288429] [nav_goal_sender]: cycle 1 feedback: 0.0
[INFO] [1789251532.707199876] [nav_goal_sender]: cycle 1 feedback: 0.0
[INFO] [1789251532.717792733] [nav_goal_sender]: cycle 1 feedback: 0.0
[INFO] [1789251532.727498884] [nav_goal_sender]: cycle 1 feedback: 0.0
[INFO] [1789251532.737165335] [nav_goal_sender]: cycle 1 feedback: 0.0
[INFO] [1789251532.747352789] [nav_goal_sender]: cycle 1 feedback: 0.0
[INFO] [1789251532.757574443] [nav_goal_sender]: cycle 1 feedback: 0.0
[INFO] [1789251532.767087393] [nav_goal_sender]: cycle 1 feedback: 0.0
[INFO] [1789251532.777043346] [nav_goal_sender]: cycle 1 feedback: 0.0
[INFO] [1789251532.787099699] [nav_goal_sender]: cycle 1 feedback: 0.0
[INFO] [1789251532.801069673] [nav_goal_sender]: cycle 1 feedback: 0.0
[INFO] [1789251532.807073005] [nav_goal_sender]: cycle 1 feedback: 0.0
[INFO] [1789251532.817099358] [nav_goal_sender]: cycle 1 feedback: 0.0
[INFO] [1789251532.827180812] [nav_goal_sender]: cycle 1 feedback: 0.0
[INFO] [1789251532.837028664] [nav_goal_sender]: cycle 1 feedback: 0.0
[INFO] [1789251532.847042217] [nav_goal_sender]: cycle 1 feedback: 0.0
[INFO] [1789251532.857139770] [nav_goal_sender]: cycle 1 feedback: 0.0
[INFO] [1789251532.867097723] [nav_goal_sender]: cycle 1 feedback: 0.0
[INFO] [1789251532.877685179] [nav_goal_sender]: cycle 1 feedback: 0.0
[INFO] [1789251532.887331730] [nav_goal_sender]: cycle 1 feedback: 0.0
[INFO] [1789251532.897743585] [nav_goal_sender]: cycle 1 feedback: 0.0
[INFO] [1789251532.907040334] [nav_goal_sender]: cycle 1 feedback: 0.0
[INFO] [1789251532.917137088] [nav_goal_sender]: cycle 1 feedback: 0.0
[INFO] [1789251532.927113840] [nav_goal_sender]: cycle 1 feedback: 0.0
[INFO] [1789251532.937759197] [nav_goal_sender]: cycle 1 feedback: 0.0
[INFO] [1789251532.947197047] [nav_goal_sender]: cycle 1 feedback: 0.0
[INFO] [1789251532.957143999] [nav_goal_sender]: cycle 1 feedback: 0.0
[INFO] [1789251532.967092252] [nav_goal_sender]: cycle 1 feedback: 0.0
[INFO] [1789251532.977044705] [nav_goal_sender]: cycle 1 feedback: 0.0
[INFO] [1789251532.987255059] [nav_goal_sender]: cycle 1 feedback: 0.0
[INFO] [1789251532.997857315] [nav_goal_sender]: cycle 1 feedback: 0.0
[INFO] [1789251533.007236365] [nav_goal_sender]: cycle 1 feedback: 0.0
[INFO] [1789251533.017211817] [nav_goal_sender]: cycle 1 feedback: 0.0
[INFO] [1789251533.027214770] [nav_goal_sender]: cycle 1 feedback: 0.0
[INFO] [1789251533.037854027] [nav_goal_sender]: cycle 1 feedback: 0.0
[INFO] [1789251533.047156976] [nav_goal_sender]: cycle 1 feedback: 0.0
[INFO] [1789251533.057366230] [nav_goal_sender]: cycle 1 feedback: 0.0
[INFO] [1789251533.067222682] [nav_goal_sender]: cycle 1 feedback: 0.0
[INFO] [1789251533.077681037] [nav_goal_sender]: cycle 1 feedback: 0.0
[INFO] [1789251533.088075592] [nav_goal_sender]: cycle 1 feedback: 0.0
[INFO] [1789251533.097256641] [nav_goal_sender]: cycle 1 feedback: 0.0
[INFO] [1789251533.107020693] [nav_goal_sender]: cycle 1 feedback: 0.0
[INFO] [1789251533.117283947] [nav_goal_sender]: cycle 1 feedback: 0.0
[INFO] [1789251533.127346000] [nav_goal_sender]: cycle 1 feedback: 0.0
[INFO] [1789251533.137407154] [nav_goal_sender]: cycle 1 feedback: 0.0
[INFO] [1789251533.147874509] [nav_goal_sender]: cycle 1 feedback: 0.0
[INFO] [1789251533.157088258] [nav_goal_sender]: cycle 1 feedback: 0.0
[INFO] [1789251533.167093711] [nav_goal_sender]: cycle 1 feedback: 0.0
[INFO] [1789251533.177039263] [nav_goal_sender]: cycle 1 feedback: 0.0
[INFO] [1789251533.187289418] [nav_goal_sender]: cycle 1 feedback: 0.0
[INFO] [1789251533.197215070] [nav_goal_sender]: cycle 1 feedback: 0.0
[INFO] [1789251533.207228423] [nav_goal_sender]: cycle 1 feedback: 0.0
[INFO] [1789251533.217238976] [nav_goal_sender]: cycle 1 feedback: 0.0
[INFO] [1789251533.227045628] [nav_goal_sender]: cycle 1 feedback: 0.0
[INFO] [1789251533.237199582] [nav_goal_sender]: cycle 1 feedback: 0.0
[INFO] [1789251533.247008234] [nav_goal_sender]: cycle 1 feedback: 0.0
[INFO] [1789251533.258314394] [nav_goal_sender]: cycle 1 feedback: 10.519250869750977
[INFO] [1789251533.267269741] [nav_goal_sender]: cycle 1 feedback: 10.519250869750977
[INFO] [1789251533.277108193] [nav_goal_sender]: cycle 1 feedback: 10.519250869750977
[INFO] [1789251533.287380947] [nav_goal_sender]: cycle 1 feedback: 10.519250869750977
[INFO] [1789251533.297171999] [nav_goal_sender]: cycle 1 feedback: 10.519250869750977
[INFO] [1789251533.307095452] [nav_goal_sender]: cycle 1 feedback: 10.519250869750977
[INFO] [1789251533.317255806] [nav_goal_sender]: cycle 1 feedback: 10.519250869750977
[INFO] [1789251533.327184458] [nav_goal_sender]: cycle 1 feedback: 10.519250869750977
[INFO] [1789251533.337227311] [nav_goal_sender]: cycle 1 feedback: 10.519250869750977
[INFO] [1789251533.347117464] [nav_goal_sender]: cycle 1 feedback: 10.519250869750977
[INFO] [1789251533.357223217] [nav_goal_sender]: cycle 1 feedback: 10.519250869750977
[INFO] [1789251533.367245570] [nav_goal_sender]: cycle 1 feedback: 10.519250869750977
[INFO] [1789251533.377202223] [nav_goal_sender]: cycle 1 feedback: 10.519250869750977
[INFO] [1789251533.387233976] [nav_goal_sender]: cycle 1 feedback: 10.519250869750977
[INFO] [1789251533.397135528] [nav_goal_sender]: cycle 1 feedback: 10.519250869750977
[INFO] [1789251533.407210582] [nav_goal_sender]: cycle 1 feedback: 10.519250869750977
[INFO] [1789251533.417275935] [nav_goal_sender]: cycle 1 feedback: 10.519250869750977
[INFO] [1789251533.427080287] [nav_goal_sender]: cycle 1 feedback: 10.519250869750977
[INFO] [1789251533.437203740] [nav_goal_sender]: cycle 1 feedback: 10.519250869750977
[INFO] [1789251533.447126593] [nav_goal_sender]: cycle 1 feedback: 10.470711708068848
[INFO] [1789251533.457146746] [nav_goal_sender]: cycle 1 feedback: 10.470711708068848
[INFO] [1789251533.467249300] [nav_goal_sender]: cycle 1 feedback: 10.470711708068848
[INFO] [1789251533.477074752] [nav_goal_sender]: cycle 1 feedback: 10.470711708068848
[INFO] [1789251533.487224205] [nav_goal_sender]: cycle 1 feedback: 10.470711708068848
[INFO] [1789251533.497131058] [nav_goal_sender]: cycle 1 feedback: 10.470711708068848
[INFO] [1789251533.509341922] [nav_goal_sender]: cycle 1 feedback: 10.470711708068848
[INFO] [1789251533.517488965] [nav_goal_sender]: cycle 1 feedback: 10.470711708068848
[INFO] [1789251533.527375018] [nav_goal_sender]: cycle 1 feedback: 10.470711708068848
[INFO] [1789251533.537132069] [nav_goal_sender]: cycle 1 feedback: 10.470711708068848
[INFO] [1789251533.547161723] [nav_goal_sender]: cycle 1 feedback: 10.470711708068848
[INFO] [1789251533.557284876] [nav_goal_sender]: cycle 1 feedback: 10.470711708068848
[INFO] [1789251533.567247829] [nav_goal_sender]: cycle 1 feedback: 10.470711708068848
[INFO] [1789251533.577062881] [nav_goal_sender]: cycle 1 feedback: 10.470711708068848
[INFO] [1789251533.587279835] [nav_goal_sender]: cycle 1 feedback: 10.470711708068848
[INFO] [1789251533.597102187] [nav_goal_sender]: cycle 1 feedback: 10.470711708068848
[INFO] [1789251533.607087740] [nav_goal_sender]: cycle 1 feedback: 10.470711708068848
[INFO] [1789251533.617260894] [nav_goal_sender]: cycle 1 feedback: 10.470711708068848
[INFO] [1789251533.627075746] [nav_goal_sender]: cycle 1 feedback: 10.220711708068848
[INFO] [1789251533.637075398] [nav_goal_sender]: cycle 1 feedback: 10.220711708068848
[INFO] [1789251533.647075951] [nav_goal_sender]: cycle 1 feedback: 10.045711517333984
[INFO] [1789251533.657146005] [nav_goal_sender]: cycle 1 feedback: 10.045711517333984
[INFO] [1789251533.667221358] [nav_goal_sender]: cycle 1 feedback: 9.920711517333984
[INFO] [1789251533.677063210] [nav_goal_sender]: cycle 1 feedback: 9.920711517333984
[INFO] [1789251533.687156164] [nav_goal_sender]: cycle 1 feedback: 9.845711708068848
[INFO] [1789251533.697086216] [nav_goal_sender]: cycle 1 feedback: 9.845711708068848
[INFO] [1789251533.707062269] [nav_goal_sender]: cycle 1 feedback: 9.770711898803711
[INFO] [1789251533.717280323] [nav_goal_sender]: cycle 1 feedback: 9.770711898803711
[INFO] [1789251533.727103275] [nav_goal_sender]: cycle 1 feedback: 9.745711326599121
[INFO] [1789251533.737222429] [nav_goal_sender]: cycle 1 feedback: 9.745711326599121
[INFO] [1789251533.747195281] [nav_goal_sender]: cycle 1 feedback: 10.519250869750977
[INFO] [1789251533.757124734] [nav_goal_sender]: cycle 1 feedback: 10.519250869750977
[INFO] [1789251533.767239487] [nav_goal_sender]: cycle 1 feedback: 10.519250869750977
[INFO] [1789251533.777075139] [nav_goal_sender]: cycle 1 feedback: 10.519250869750977
[INFO] [1789251533.787248393] [nav_goal_sender]: cycle 1 feedback: 10.519250869750977
[INFO] [1789251533.797107646] [nav_goal_sender]: cycle 1 feedback: 10.519250869750977
[INFO] [1789251533.807158099] [nav_goal_sender]: cycle 1 feedback: 10.519250869750977
[INFO] [1789251533.817379353] [nav_goal_sender]: cycle 1 feedback: 10.519250869750977
[INFO] [1789251533.827083104] [nav_goal_sender]: cycle 1 feedback: 10.519250869750977
[INFO] [1789251533.837136557] [nav_goal_sender]: cycle 1 feedback: 10.519250869750977
[INFO] [1789251533.847093310] [nav_goal_sender]: cycle 1 feedback: 10.519250869750977
[INFO] [1789251533.857206064] [nav_goal_sender]: cycle 1 feedback: 10.519250869750977
[INFO] [1789251533.867441518] [nav_goal_sender]: cycle 1 feedback: 10.519250869750977
[INFO] [1789251533.877196469] [nav_goal_sender]: cycle 1 feedback: 10.519250869750977
[INFO] [1789251533.887331823] [nav_goal_sender]: cycle 1 feedback: 10.519250869750977
[INFO] [1789251533.897194875] [nav_goal_sender]: cycle 1 feedback: 10.519250869750977
[INFO] [1789251533.907142628] [nav_goal_sender]: cycle 1 feedback: 10.519250869750977
[INFO] [1789251533.917276282] [nav_goal_sender]: cycle 1 feedback: 10.519250869750977
[INFO] [1789251533.927086934] [nav_goal_sender]: cycle 1 feedback: 10.519250869750977
[INFO] [1789251533.937160487] [nav_goal_sender]: cycle 1 feedback: 10.519250869750977
[INFO] [1789251533.947069339] [nav_goal_sender]: cycle 1 feedback: 10.519250869750977
[INFO] [1789251533.957139693] [nav_goal_sender]: cycle 1 feedback: 10.519250869750977
[INFO] [1789251533.967260746] [nav_goal_sender]: cycle 1 feedback: 10.519250869750977
[INFO] [1789251533.977070298] [nav_goal_sender]: cycle 1 feedback: 10.519250869750977
[INFO] [1789251533.987232652] [nav_goal_sender]: cycle 1 feedback: 10.519250869750977
[INFO] [1789251533.997224205] [nav_goal_sender]: cycle 1 feedback: 10.519250869750977
[INFO] [1789251534.007075857] [nav_goal_sender]: cycle 1 feedback: 10.519250869750977
[INFO] [1789251534.017231011] [nav_goal_sender]: cycle 1 feedback: 10.519250869750977
[INFO] [1789251534.027073563] [nav_goal_sender]: cycle 1 feedback: 10.519250869750977
[INFO] [1789251534.037193116] [nav_goal_sender]: cycle 1 feedback: 10.519250869750977
[INFO] [1789251534.047069069] [nav_goal_sender]: cycle 1 feedback: 10.519250869750977
[INFO] [1789251534.057194122] [nav_goal_sender]: cycle 1 feedback: 10.519250869750977
[INFO] [1789251534.067283176] [nav_goal_sender]: cycle 1 feedback: 10.519250869750977
[INFO] [1789251534.077134928] [nav_goal_sender]: cycle 1 feedback: 10.519250869750977
[INFO] [1789251534.087068880] [nav_goal_sender]: cycle 1 feedback: 10.519250869750977
[INFO] [1789251534.097102033] [nav_goal_sender]: cycle 1 feedback: 10.519250869750977
[INFO] [1789251534.107213387] [nav_goal_sender]: cycle 1 feedback: 10.519250869750977
[INFO] [1789251534.117365841] [nav_goal_sender]: cycle 1 feedback: 10.519250869750977
[INFO] [1789251534.127154293] [nav_goal_sender]: cycle 1 feedback: 10.519250869750977
[INFO] [1789251534.137149445] [nav_goal_sender]: cycle 1 feedback: 10.519250869750977
[INFO] [1789251534.147112898] [nav_goal_sender]: cycle 1 feedback: 10.519250869750977
[INFO] [1789251534.157176651] [nav_goal_sender]: cycle 1 feedback: 10.519250869750977
[INFO] [1789251534.167266905] [nav_goal_sender]: cycle 1 feedback: 10.519250869750977
[INFO] [1789251534.177085857] [nav_goal_sender]: cycle 1 feedback: 10.519250869750977
[INFO] [1789251534.187095910] [nav_goal_sender]: cycle 1 feedback: 10.519250869750977
[INFO] [1789251534.197125963] [nav_goal_sender]: cycle 1 feedback: 10.519250869750977
[INFO] [1789251534.207150716] [nav_goal_sender]: cycle 1 feedback: 10.519250869750977
[INFO] [1789251534.217267069] [nav_goal_sender]: cycle 1 feedback: 10.519250869750977
[INFO] [1789251534.227076221] [nav_goal_sender]: cycle 1 feedback: 10.519250869750977
[INFO] [1789251534.237117375] [nav_goal_sender]: cycle 1 feedback: 10.519250869750977
[INFO] [1789251534.247116127] [nav_goal_sender]: cycle 1 feedback: 10.519250869750977
[INFO] [1789251534.257152081] [nav_goal_sender]: cycle 1 feedback: 10.519250869750977
[INFO] [1789251534.267443135] [nav_goal_sender]: cycle 1 feedback: 10.519250869750977
[INFO] [1789251534.287612442] [nav_goal_sender]: cycle 1 goal FINISHED: status=6 (re-sending after 1s pause)
[INFO] [1789251535.290876752] [nav_goal_sender]: cycle 2: sending goal x=4.000 y=4.000 yaw=0.000
[INFO] [1789251535.292828463] [nav_goal_sender]: cycle 2 goal ACCEPTED: True
[INFO] [1789251535.294400171] [nav_goal_sender]: cycle 2 feedback: 0.0
[INFO] [1789251535.303006616] [nav_goal_sender]: cycle 2 feedback: 0.0
[INFO] [1789251535.314224076] [nav_goal_sender]: cycle 2 feedback: 8.295710563659668
[INFO] [1789251535.324478230] [nav_goal_sender]: cycle 2 feedback: 8.295710563659668
[INFO] [1789251535.332944475] [nav_goal_sender]: cycle 2 feedback: 8.295710563659668
[INFO] [1789251535.342948128] [nav_goal_sender]: cycle 2 feedback: 8.295710563659668
[INFO] [1789251535.352894080] [nav_goal_sender]: cycle 2 feedback: 8.295710563659668
[INFO] [1789251535.362873533] [nav_goal_sender]: cycle 2 feedback: 8.295710563659668
[INFO] [1789251535.373541290] [nav_goal_sender]: cycle 2 feedback: 8.295710563659668
[INFO] [1789251535.383339142] [nav_goal_sender]: cycle 2 feedback: 8.295710563659668
[INFO] [1789251535.393033393] [nav_goal_sender]: cycle 2 feedback: 8.295710563659668
[INFO] [1789251535.402922545] [nav_goal_sender]: cycle 2 feedback: 8.295710563659668
[INFO] [1789251535.412727797] [nav_goal_sender]: cycle 2 feedback: 8.295710563659668
[INFO] [1789251535.423321253] [nav_goal_sender]: cycle 2 feedback: 8.295710563659668
[INFO] [1789251535.433004405] [nav_goal_sender]: cycle 2 feedback: 8.220710754394531
[INFO] [1789251535.442828557] [nav_goal_sender]: cycle 2 feedback: 8.220710754394531
[INFO] [1789251535.452813809] [nav_goal_sender]: cycle 2 feedback: 7.970710754394531
[INFO] [1789251535.463732867] [nav_goal_sender]: cycle 2 feedback: 7.970710754394531
[INFO] [1789251535.473215017] [nav_goal_sender]: cycle 2 feedback: 7.820710182189941
[INFO] [1789251535.482861668] [nav_goal_sender]: cycle 2 feedback: 7.820710182189941
[INFO] [1789251535.492862021] [nav_goal_sender]: cycle 2 feedback: 7.670710563659668
[INFO] [1789251535.503072275] [nav_goal_sender]: cycle 2 feedback: 7.670710563659668
[INFO] [1789251535.512703426] [nav_goal_sender]: cycle 2 feedback: 7.545710563659668
[INFO] [1789251535.523479883] [nav_goal_sender]: cycle 2 feedback: 7.545710563659668
[INFO] [1789251535.532869133] [nav_goal_sender]: cycle 2 feedback: 7.4457106590271
[INFO] [1789251535.542791986] [nav_goal_sender]: cycle 2 feedback: 7.4457106590271
[INFO] [1789251535.552706138] [nav_goal_sender]: cycle 2 feedback: 7.3207106590271
[INFO] [1789251535.562985493] [nav_goal_sender]: cycle 2 feedback: 7.3207106590271
[INFO] [1789251535.573281647] [nav_goal_sender]: cycle 2 feedback: 7.245710372924805
[INFO] [1789251535.583524501] [nav_goal_sender]: cycle 2 feedback: 7.245710372924805
[INFO] [1789251535.592906351] [nav_goal_sender]: cycle 2 feedback: 7.145710468292236
[INFO] [1789251535.602873404] [nav_goal_sender]: cycle 2 feedback: 7.145710468292236
[INFO] [1789251535.612845056] [nav_goal_sender]: cycle 2 feedback: 7.0707106590271
[INFO] [1789251535.623192311] [nav_goal_sender]: cycle 2 feedback: 7.0707106590271
[INFO] [1789251535.632732762] [nav_goal_sender]: cycle 2 feedback: 7.0707106590271
[INFO] [1789251535.642844915] [nav_goal_sender]: cycle 2 feedback: 7.0707106590271
[INFO] [1789251535.652718067] [nav_goal_sender]: cycle 2 feedback: 7.0707106590271
[INFO] [1789251535.662732421] [nav_goal_sender]: cycle 2 feedback: 7.0707106590271
[INFO] [1789251535.673029075] [nav_goal_sender]: cycle 2 feedback: 7.0707106590271
[INFO] [1789251535.682842227] [nav_goal_sender]: cycle 2 feedback: 7.0707106590271
[INFO] [1789251535.692984081] [nav_goal_sender]: cycle 2 feedback: 7.0707106590271
[INFO] [1789251535.702997134] [nav_goal_sender]: cycle 2 feedback: 7.0707106590271
[INFO] [1789251535.712699885] [nav_goal_sender]: cycle 2 feedback: 7.045710563659668
[INFO] [1789251535.723190441] [nav_goal_sender]: cycle 2 feedback: 7.045710563659668
[INFO] [1789251535.732742891] [nav_goal_sender]: cycle 2 feedback: 7.045710563659668
[INFO] [1789251535.743270847] [nav_goal_sender]: cycle 2 feedback: 7.045710563659668
[INFO] [1789251535.752775897] [nav_goal_sender]: cycle 2 feedback: 7.045710563659668
[INFO] [1789251535.763366853] [nav_goal_sender]: cycle 2 feedback: 7.045710563659668
[INFO] [1789251535.773446507] [nav_goal_sender]: cycle 2 feedback: 7.045710563659668
[INFO] [1789251535.783082458] [nav_goal_sender]: cycle 2 feedback: 7.045710563659668
[INFO] [1789251535.792901410] [nav_goal_sender]: cycle 2 feedback: 7.045710563659668
[INFO] [1789251535.803001963] [nav_goal_sender]: cycle 2 feedback: 7.045710563659668
[INFO] [1789251535.813461618] [nav_goal_sender]: cycle 2 feedback: 7.045710563659668
[INFO] [1789251535.823136370] [nav_goal_sender]: cycle 2 feedback: 7.045710563659668
[INFO] [1789251535.833511024] [nav_goal_sender]: cycle 2 feedback: 7.045710563659668
[INFO] [1789251535.843136475] [nav_goal_sender]: cycle 2 feedback: 7.045710563659668
[INFO] [1789251535.853685531] [nav_goal_sender]: cycle 2 feedback: 7.045710563659668
[INFO] [1789251535.863812085] [nav_goal_sender]: cycle 2 feedback: 7.045710563659668
[INFO] [1789251535.873822238] [nav_goal_sender]: cycle 2 feedback: 7.045710563659668
[INFO] [1789251535.883199287] [nav_goal_sender]: cycle 2 feedback: 7.045710563659668
[INFO] [1789251535.893084740] [nav_goal_sender]: cycle 2 feedback: 7.045710563659668
[INFO] [1789251535.903003892] [nav_goal_sender]: cycle 2 feedback: 7.045710563659668
[INFO] [1789251535.912695344] [nav_goal_sender]: cycle 2 feedback: 7.020710468292236
[INFO] [1789251535.923307500] [nav_goal_sender]: cycle 2 feedback: 7.020710468292236
[INFO] [1789251535.932967751] [nav_goal_sender]: cycle 2 feedback: 7.020710468292236
[INFO] [1789251535.943378206] [nav_goal_sender]: cycle 2 feedback: 7.020710468292236
[INFO] [1789251535.953815461] [nav_goal_sender]: cycle 2 feedback: 7.020710468292236
[INFO] [1789251535.963027910] [nav_goal_sender]: cycle 2 feedback: 7.020710468292236
[INFO] [1789251535.973775867] [nav_goal_sender]: cycle 2 feedback: 7.020710468292236
[INFO] [1789251535.983355818] [nav_goal_sender]: cycle 2 feedback: 7.020710468292236
[INFO] [1789251535.993240170] [nav_goal_sender]: cycle 2 feedback: 7.020710468292236
[INFO] [1789251536.003301823] [nav_goal_sender]: cycle 2 feedback: 7.020710468292236
[INFO] [1789251536.013044875] [nav_goal_sender]: cycle 2 feedback: 7.020710468292236
[INFO] [1789251536.023645731] [nav_goal_sender]: cycle 2 feedback: 7.020710468292236
[INFO] [1789251536.033192381] [nav_goal_sender]: cycle 2 feedback: 7.020710468292236
[INFO] [1789251536.043281635] [nav_goal_sender]: cycle 2 feedback: 7.020710468292236
[INFO] [1789251536.052688185] [nav_goal_sender]: cycle 2 feedback: 6.995710372924805
[INFO] [1789251536.063113240] [nav_goal_sender]: cycle 2 feedback: 6.995710372924805
[INFO] [1789251536.073084993] [nav_goal_sender]: cycle 2 feedback: 6.995710372924805
[INFO] [1789251536.082822144] [nav_goal_sender]: cycle 2 feedback: 6.995710372924805
[INFO] [1789251536.092816397] [nav_goal_sender]: cycle 2 feedback: 6.970710277557373
[INFO] [1789251536.102781150] [nav_goal_sender]: cycle 2 feedback: 6.970710277557373
[INFO] [1789251536.112702802] [nav_goal_sender]: cycle 2 feedback: 6.970710277557373
[INFO] [1789251536.123137757] [nav_goal_sender]: cycle 2 feedback: 6.970710277557373
[INFO] [1789251536.132785509] [nav_goal_sender]: cycle 2 feedback: 6.970710277557373
[INFO] [1789251536.142799762] [nav_goal_sender]: cycle 2 feedback: 6.970710277557373
[INFO] [1789251536.152699614] [nav_goal_sender]: cycle 2 feedback: 6.945710182189941
[INFO] [1789251536.162924668] [nav_goal_sender]: cycle 2 feedback: 6.945710182189941
[INFO] [1789251536.173157322] [nav_goal_sender]: cycle 2 feedback: 6.945710182189941
[INFO] [1789251536.182896774] [nav_goal_sender]: cycle 2 feedback: 6.945710182189941
[INFO] [1789251536.193645831] [nav_goal_sender]: cycle 2 feedback: 6.945710182189941
[INFO] [1789251536.202860879] [nav_goal_sender]: cycle 2 feedback: 6.945710182189941
[INFO] [1789251536.212775032] [nav_goal_sender]: cycle 2 feedback: 6.945710182189941
[INFO] [1789251536.223205587] [nav_goal_sender]: cycle 2 feedback: 6.920710563659668
[INFO] [1789251536.232926139] [nav_goal_sender]: cycle 2 feedback: 6.920710563659668
[INFO] [1789251536.243132093] [nav_goal_sender]: cycle 2 feedback: 6.920710563659668
[INFO] [1789251536.253594448] [nav_goal_sender]: cycle 2 feedback: 6.920710563659668
[INFO] [1789251536.263317799] [nav_goal_sender]: cycle 2 feedback: 6.920710563659668
[INFO] [1789251536.273595354] [nav_goal_sender]: cycle 2 feedback: 6.920710563659668
[INFO] [1789251536.282792903] [nav_goal_sender]: cycle 2 feedback: 6.920710563659668
[INFO] [1789251536.292985356] [nav_goal_sender]: cycle 2 feedback: 6.920710563659668
[INFO] [1789251536.302921009] [nav_goal_sender]: cycle 2 feedback: 6.920710563659668
[INFO] [1789251536.312923762] [nav_goal_sender]: cycle 2 feedback: 6.920710563659668
[INFO] [1789251536.324015821] [nav_goal_sender]: cycle 2 feedback: 6.920710563659668
[INFO] [1789251536.332986068] [nav_goal_sender]: cycle 2 feedback: 6.920710563659668
[INFO] [1789251536.344637030] [nav_goal_sender]: cycle 2 feedback: 6.9134745597839355
[INFO] [1789251536.353188975] [nav_goal_sender]: cycle 2 feedback: 6.9134745597839355
[INFO] [1789251536.363179128] [nav_goal_sender]: cycle 2 feedback: 6.9134745597839355
[INFO] [1789251536.373164881] [nav_goal_sender]: cycle 2 feedback: 6.9134745597839355
[INFO] [1789251536.383108534] [nav_goal_sender]: cycle 2 feedback: 6.9134745597839355
[INFO] [1789251536.393097286] [nav_goal_sender]: cycle 2 feedback: 6.9134745597839355
[INFO] [1789251536.402947639] [nav_goal_sender]: cycle 2 feedback: 6.9134745597839355
[INFO] [1789251536.413150293] [nav_goal_sender]: cycle 2 feedback: 6.9134745597839355
[INFO] [1789251536.423390847] [nav_goal_sender]: cycle 2 feedback: 6.9134745597839355
[INFO] [1789251536.433816302] [nav_goal_sender]: cycle 2 feedback: 6.9134745597839355
[INFO] [1789251536.443059251] [nav_goal_sender]: cycle 2 feedback: 6.9134745597839355
[INFO] [1789251536.453998909] [nav_goal_sender]: cycle 2 feedback: 6.9134745597839355
[INFO] [1789251536.462753055] [nav_goal_sender]: cycle 2 feedback: 6.9134745597839355
[INFO] [1789251536.473393711] [nav_goal_sender]: cycle 2 feedback: 6.9134745597839355
[INFO] [1789251536.482756061] [nav_goal_sender]: cycle 2 feedback: 6.9134745597839355
[INFO] [1789251536.493524618] [nav_goal_sender]: cycle 2 feedback: 6.9134745597839355
[INFO] [1789251536.503231169] [nav_goal_sender]: cycle 2 feedback: 6.9134745597839355
[INFO] [1789251536.512753320] [nav_goal_sender]: cycle 2 feedback: 6.9134745597839355
[INFO] [1789251536.523565777] [nav_goal_sender]: cycle 2 feedback: 6.9134745597839355
[INFO] [1789251536.533095427] [nav_goal_sender]: cycle 2 feedback: 6.9134745597839355
[INFO] [1789251536.542817479] [nav_goal_sender]: cycle 2 feedback: 6.9134745597839355
[INFO] [1789251536.553333035] [nav_goal_sender]: cycle 2 feedback: 6.9134745597839355
[INFO] [1789251536.563370588] [nav_goal_sender]: cycle 2 feedback: 6.9134745597839355
[INFO] [1789251536.572945838] [nav_goal_sender]: cycle 2 feedback: 6.9134745597839355
[INFO] [1789251536.582889591] [nav_goal_sender]: cycle 2 feedback: 6.9134745597839355
[INFO] [1789251536.592879044] [nav_goal_sender]: cycle 2 feedback: 6.9134745597839355
[INFO] [1789251536.602730596] [nav_goal_sender]: cycle 2 feedback: 6.9134745597839355
[INFO] [1789251536.612704849] [nav_goal_sender]: cycle 2 feedback: 6.9134745597839355
[INFO] [1789251536.623864908] [nav_goal_sender]: cycle 2 feedback: 6.9134745597839355
[INFO] [1789251536.633283358] [nav_goal_sender]: cycle 2 feedback: 6.9134745597839355
[INFO] [1789251536.643598712] [nav_goal_sender]: cycle 2 feedback: 6.9134745597839355
[INFO] [1789251536.653401864] [nav_goal_sender]: cycle 2 feedback: 6.9134745597839355
[INFO] [1789251536.663514218] [nav_goal_sender]: cycle 2 feedback: 6.9134745597839355
[INFO] [1789251536.673190369] [nav_goal_sender]: cycle 2 feedback: 6.9134745597839355
[INFO] [1789251536.682987121] [nav_goal_sender]: cycle 2 feedback: 6.9134745597839355
[INFO] [1789251536.693608677] [nav_goal_sender]: cycle 2 feedback: 6.9134745597839355
[INFO] [1789251536.702822626] [nav_goal_sender]: cycle 2 feedback: 6.9134745597839355
[INFO] [1789251536.712710578] [nav_goal_sender]: cycle 2 feedback: 6.9134745597839355
[INFO] [1789251536.723012933] [nav_goal_sender]: cycle 2 feedback: 6.9134745597839355
[INFO] [1789251536.732919285] [nav_goal_sender]: cycle 2 feedback: 6.9134745597839355
[INFO] [1789251536.742914238] [nav_goal_sender]: cycle 2 feedback: 6.9134745597839355
[INFO] [1789251536.752773590] [nav_goal_sender]: cycle 2 feedback: 6.9134745597839355
[INFO] [1789251536.762845143] [nav_goal_sender]: cycle 2 feedback: 6.9134745597839355
[INFO] [1789251536.773382099] [nav_goal_sender]: cycle 2 feedback: 6.9134745597839355
[INFO] [1789251536.783328752] [nav_goal_sender]: cycle 2 feedback: 6.9134745597839355
[INFO] [1789251536.792998803] [nav_goal_sender]: cycle 2 feedback: 6.9134745597839355
[INFO] [1789251536.802854655] [nav_goal_sender]: cycle 2 feedback: 6.9134745597839355
[INFO] [1789251536.812849508] [nav_goal_sender]: cycle 2 feedback: 6.9134745597839355
[INFO] [1789251536.823127063] [nav_goal_sender]: cycle 2 feedback: 6.9134745597839355
[INFO] [1789251536.832774214] [nav_goal_sender]: cycle 2 feedback: 6.9134745597839355
[INFO] [1789251536.842794167] [nav_goal_sender]: cycle 2 feedback: 6.9134745597839355
[INFO] [1789251536.854017526] [nav_goal_sender]: cycle 2 feedback: 6.9134745597839355
[INFO] [1789251536.863586977] [nav_goal_sender]: cycle 2 feedback: 6.9134745597839355
[INFO] [1789251536.873229128] [nav_goal_sender]: cycle 2 feedback: 6.9134745597839355
[INFO] [1789251536.882980879] [nav_goal_sender]: cycle 2 feedback: 6.9134745597839355
[INFO] [1789251536.893169233] [nav_goal_sender]: cycle 2 feedback: 6.9134745597839355
[INFO] [1789251536.903124486] [nav_goal_sender]: cycle 2 feedback: 6.9134745597839355
[INFO] [1789251536.913889043] [nav_goal_sender]: cycle 2 feedback: 6.9134745597839355
[INFO] [1789251536.923336193] [nav_goal_sender]: cycle 2 feedback: 6.9134745597839355
[INFO] [1789251536.933100045] [nav_goal_sender]: cycle 2 feedback: 6.9134745597839355
[INFO] [1789251536.943042997] [nav_goal_sender]: cycle 2 feedback: 6.9134745597839355
[INFO] [1789251536.952926350] [nav_goal_sender]: cycle 2 feedback: 6.9134745597839355
[INFO] [1789251536.963267704] [nav_goal_sender]: cycle 2 feedback: 6.9134745597839355
[INFO] [1789251536.973282657] [nav_goal_sender]: cycle 2 feedback: 6.9134745597839355
[INFO] [1789251536.983824313] [nav_goal_sender]: cycle 2 feedback: 6.9134745597839355
[INFO] [1789251536.993321763] [nav_goal_sender]: cycle 2 feedback: 6.9134745597839355
[INFO] [1789251537.002778113] [nav_goal_sender]: cycle 2 feedback: 6.9134745597839355
[INFO] [1789251537.016601187] [nav_goal_sender]: cycle 2 feedback: 6.9134745597839355
[INFO] [1789251537.023589324] [nav_goal_sender]: cycle 2 feedback: 6.9134745597839355
[INFO] [1789251537.033459076] [nav_goal_sender]: cycle 2 feedback: 6.9134745597839355
[INFO] [1789251537.043474529] [nav_goal_sender]: cycle 2 feedback: 6.9134745597839355
[INFO] [1789251537.053007379] [nav_goal_sender]: cycle 2 feedback: 6.9134745597839355
[INFO] [1789251537.064238539] [nav_goal_sender]: cycle 2 feedback: 6.9134745597839355
[INFO] [1789251537.074502493] [nav_goal_sender]: cycle 2 feedback: 6.9134745597839355
[INFO] [1789251537.083352940] [nav_goal_sender]: cycle 2 feedback: 6.9134745597839355
[INFO] [1789251537.093425093] [nav_goal_sender]: cycle 2 feedback: 6.9134745597839355
[INFO] [1789251537.105221956] [nav_goal_sender]: cycle 2 feedback: 6.9134745597839355
[INFO] [1789251537.113319299] [nav_goal_sender]: cycle 2 feedback: 6.9134745597839355
[INFO] [1789251537.123916455] [nav_goal_sender]: cycle 2 feedback: 6.9134745597839355
[INFO] [1789251537.133608506] [nav_goal_sender]: cycle 2 feedback: 6.9134745597839355
[INFO] [1789251537.143383158] [nav_goal_sender]: cycle 2 feedback: 6.9134745597839355
[INFO] [1789251537.154182015] [nav_goal_sender]: cycle 2 feedback: 6.9134745597839355
[INFO] [1789251537.163338263] [nav_goal_sender]: cycle 2 feedback: 6.9134745597839355
[INFO] [1789251537.173349616] [nav_goal_sender]: cycle 2 feedback: 6.9134745597839355
[INFO] [1789251537.184121373] [nav_goal_sender]: cycle 2 feedback: 6.9134745597839355
[INFO] [1789251537.193927925] [nav_goal_sender]: cycle 2 feedback: 6.9134745597839355
[INFO] [1789251537.203799077] [nav_goal_sender]: cycle 2 feedback: 6.9134745597839355
[INFO] [1789251537.214256933] [nav_goal_sender]: cycle 2 feedback: 6.9134745597839355
[INFO] [1789251537.225336591] [nav_goal_sender]: cycle 2 feedback: 6.9134745597839355
[INFO] [1789251537.237226854] [nav_goal_sender]: cycle 2 feedback: 6.9134745597839355
[INFO] [1789251537.243155986] [nav_goal_sender]: cycle 2 feedback: 6.9134745597839355
[INFO] [1789251537.253248739] [nav_goal_sender]: cycle 2 feedback: 6.870710849761963
[INFO] [1789251537.263846395] [nav_goal_sender]: cycle 2 feedback: 6.870710849761963
[INFO] [1789251537.273623047] [nav_goal_sender]: cycle 2 feedback: 6.870710849761963
[INFO] [1789251537.283132997] [nav_goal_sender]: cycle 2 feedback: 6.870710849761963
[INFO] [1789251537.292946049] [nav_goal_sender]: cycle 2 feedback: 6.870710849761963
[INFO] [1789251537.303088303] [nav_goal_sender]: cycle 2 feedback: 6.870710849761963
[INFO] [1789251537.312773654] [nav_goal_sender]: cycle 2 feedback: 6.870710849761963
[INFO] [1789251537.323309010] [nav_goal_sender]: cycle 2 feedback: 6.870710849761963
[INFO] [1789251537.333081562] [nav_goal_sender]: cycle 2 feedback: 6.870710849761963
[INFO] [1789251537.343716918] [nav_goal_sender]: cycle 2 feedback: 6.870710849761963
[INFO] [1789251537.354291974] [nav_goal_sender]: cycle 2 feedback: 6.870710849761963
[INFO] [1789251537.362844219] [nav_goal_sender]: cycle 2 feedback: 6.870710849761963
[INFO] [1789251537.374629482] [nav_goal_sender]: cycle 2 feedback: 6.925612926483154
[INFO] [1789251537.383227127] [nav_goal_sender]: cycle 2 feedback: 6.925612926483154
[INFO] [1789251537.393194980] [nav_goal_sender]: cycle 2 feedback: 6.925612926483154
[INFO] [1789251537.403583735] [nav_goal_sender]: cycle 2 feedback: 6.925612926483154
[INFO] [1789251537.413875589] [nav_goal_sender]: cycle 2 feedback: 6.925612926483154
[INFO] [1789251537.423109438] [nav_goal_sender]: cycle 2 feedback: 6.925612926483154
[INFO] [1789251537.434830100] [nav_goal_sender]: cycle 2 feedback: 6.925612926483154
[INFO] [1789251537.443240845] [nav_goal_sender]: cycle 2 feedback: 6.925612926483154
[INFO] [1789251537.453028897] [nav_goal_sender]: cycle 2 feedback: 6.925612926483154
[INFO] [1789251537.463410252] [nav_goal_sender]: cycle 2 feedback: 6.925612926483154
[INFO] [1789251537.474001108] [nav_goal_sender]: cycle 2 feedback: 6.925612926483154
[INFO] [1789251537.483597958] [nav_goal_sender]: cycle 2 feedback: 6.925612926483154
[INFO] [1789251537.492998808] [nav_goal_sender]: cycle 2 feedback: 6.925612926483154
[INFO] [1789251537.502920361] [nav_goal_sender]: cycle 2 feedback: 6.925612926483154
[INFO] [1789251537.513098715] [nav_goal_sender]: cycle 2 feedback: 6.925612926483154
[INFO] [1789251537.523364269] [nav_goal_sender]: cycle 2 feedback: 6.925612926483154
[INFO] [1789251537.533366222] [nav_goal_sender]: cycle 2 feedback: 6.925612926483154
[INFO] [1789251537.543715477] [nav_goal_sender]: cycle 2 feedback: 6.925612926483154
[INFO] [1789251537.554121232] [nav_goal_sender]: cycle 2 feedback: 6.925612926483154
[INFO] [1789251537.563480881] [nav_goal_sender]: cycle 2 feedback: 6.925612926483154
[INFO] [1789251537.573683335] [nav_goal_sender]: cycle 2 feedback: 6.925612926483154
[INFO] [1789251537.583815589] [nav_goal_sender]: cycle 2 feedback: 6.925612926483154
[INFO] [1789251537.593248239] [nav_goal_sender]: cycle 2 feedback: 6.925612926483154
[INFO] [1789251537.603074191] [nav_goal_sender]: cycle 2 feedback: 6.925612926483154
[INFO] [1789251537.612948043] [nav_goal_sender]: cycle 2 feedback: 6.925612926483154
[INFO] [1789251537.623533399] [nav_goal_sender]: cycle 2 feedback: 6.925612926483154
[INFO] [1789251537.633459852] [nav_goal_sender]: cycle 2 feedback: 6.925612926483154
[INFO] [1789251537.643276404] [nav_goal_sender]: cycle 2 feedback: 6.925612926483154
[INFO] [1789251537.653076356] [nav_goal_sender]: cycle 2 feedback: 6.925612926483154
[INFO] [1789251537.663233309] [nav_goal_sender]: cycle 2 feedback: 6.925612926483154
[INFO] [1789251537.673841165] [nav_goal_sender]: cycle 2 feedback: 6.925612926483154
[INFO] [1789251537.683672217] [nav_goal_sender]: cycle 2 feedback: 6.925612926483154
[INFO] [1789251537.693247768] [nav_goal_sender]: cycle 2 feedback: 6.925612926483154
[INFO] [1789251537.703228621] [nav_goal_sender]: cycle 2 feedback: 6.925612926483154
[INFO] [1789251537.713792277] [nav_goal_sender]: cycle 2 feedback: 6.925612926483154
[INFO] [1789251537.724392133] [nav_goal_sender]: cycle 2 feedback: 6.925612926483154
[INFO] [1789251537.733243980] [nav_goal_sender]: cycle 2 feedback: 6.925612926483154
[INFO] [1789251537.743414734] [nav_goal_sender]: cycle 2 feedback: 6.925612926483154
[INFO] [1789251537.753924889] [nav_goal_sender]: cycle 2 feedback: 6.925612926483154
[INFO] [1789251537.763367039] [nav_goal_sender]: cycle 2 feedback: 6.925612926483154
[INFO] [1789251537.774272797] [nav_goal_sender]: cycle 2 feedback: 6.925612926483154
[INFO] [1789251537.784035649] [nav_goal_sender]: cycle 2 feedback: 6.925612926483154
[INFO] [1789251537.793525999] [nav_goal_sender]: cycle 2 feedback: 6.925612926483154
[INFO] [1789251537.803408451] [nav_goal_sender]: cycle 2 feedback: 6.925612926483154
[INFO] [1789251537.814374209] [nav_goal_sender]: cycle 2 feedback: 6.925612926483154
[INFO] [1789251537.823792659] [nav_goal_sender]: cycle 2 feedback: 6.925612926483154
[INFO] [1789251537.833294209] [nav_goal_sender]: cycle 2 feedback: 6.925612926483154
[INFO] [1789251537.843530364] [nav_goal_sender]: cycle 2 feedback: 6.925612926483154
[INFO] [1789251537.853408516] [nav_goal_sender]: cycle 2 feedback: 6.925612926483154
[INFO] [1789251537.864735976] [nav_goal_sender]: cycle 2 feedback: 6.925612926483154
[INFO] [1789251537.873840124] [nav_goal_sender]: cycle 2 feedback: 6.925612926483154
[INFO] [1789251537.883465375] [nav_goal_sender]: cycle 2 feedback: 6.925612926483154
[INFO] [1789251537.893829830] [nav_goal_sender]: cycle 2 feedback: 6.925612926483154
[INFO] [1789251537.903208179] [nav_goal_sender]: cycle 2 feedback: 6.925612926483154
[INFO] [1789251537.913503434] [nav_goal_sender]: cycle 2 feedback: 6.925612926483154
[INFO] [1789251537.924409692] [nav_goal_sender]: cycle 2 feedback: 6.925612926483154
[INFO] [1789251537.933556140] [nav_goal_sender]: cycle 2 feedback: 6.925612926483154
[INFO] [1789251537.943356892] [nav_goal_sender]: cycle 2 feedback: 6.925612926483154
[INFO] [1789251537.953166744] [nav_goal_sender]: cycle 2 feedback: 6.925612926483154
[INFO] [1789251537.963829800] [nav_goal_sender]: cycle 2 feedback: 6.925612926483154
[INFO] [1789251537.974176855] [nav_goal_sender]: cycle 2 feedback: 6.925612926483154
[INFO] [1789251537.983899407] [nav_goal_sender]: cycle 2 feedback: 6.925612926483154
[INFO] [1789251537.993721259] [nav_goal_sender]: cycle 2 feedback: 6.925612926483154
[INFO] [1789251538.003513210] [nav_goal_sender]: cycle 2 feedback: 6.925612926483154
[INFO] [1789251538.013158161] [nav_goal_sender]: cycle 2 feedback: 6.925612926483154
[INFO] [1789251538.024499221] [nav_goal_sender]: cycle 2 feedback: 6.925612926483154
[INFO] [1789251538.034275473] [nav_goal_sender]: cycle 2 feedback: 6.925612926483154
[INFO] [1789251538.043637523] [nav_goal_sender]: cycle 2 feedback: 6.925612926483154
[INFO] [1789251538.053811277] [nav_goal_sender]: cycle 2 feedback: 6.925612926483154
[INFO] [1789251538.063128626] [nav_goal_sender]: cycle 2 feedback: 6.925612926483154
[INFO] [1789251538.073331180] [nav_goal_sender]: cycle 2 feedback: 6.925612926483154
[INFO] [1789251538.083917636] [nav_goal_sender]: cycle 2 feedback: 6.925612926483154
[INFO] [1789251538.093590687] [nav_goal_sender]: cycle 2 feedback: 6.925612926483154
[INFO] [1789251538.103083337] [nav_goal_sender]: cycle 2 feedback: 6.925612926483154
[INFO] [1789251538.113797994] [nav_goal_sender]: cycle 2 feedback: 6.925612926483154
[INFO] [1789251538.124127249] [nav_goal_sender]: cycle 2 feedback: 6.925612926483154
[INFO] [1789251538.133502798] [nav_goal_sender]: cycle 2 feedback: 6.925612926483154
[INFO] [1789251538.143989754] [nav_goal_sender]: cycle 2 feedback: 6.925612926483154
[INFO] [1789251538.153453204] [nav_goal_sender]: cycle 2 feedback: 6.925612926483154
[INFO] [1789251538.163738858] [nav_goal_sender]: cycle 2 feedback: 6.925612926483154
[INFO] [1789251538.174067613] [nav_goal_sender]: cycle 2 feedback: 6.925612926483154
[INFO] [1789251538.183253262] [nav_goal_sender]: cycle 2 feedback: 6.925612926483154
[INFO] [1789251538.193036514] [nav_goal_sender]: cycle 2 feedback: 6.925612926483154
[INFO] [1789251538.203219967] [nav_goal_sender]: cycle 2 feedback: 6.925612926483154
[INFO] [1789251538.212797318] [nav_goal_sender]: cycle 2 feedback: 6.925612926483154
[INFO] [1789251538.223193773] [nav_goal_sender]: cycle 2 feedback: 6.925612926483154
[INFO] [1789251538.232791524] [nav_goal_sender]: cycle 2 feedback: 6.925612926483154
[INFO] [1789251538.242819777] [nav_goal_sender]: cycle 2 feedback: 6.925612926483154
[INFO] [1789251538.252734730] [nav_goal_sender]: cycle 2 feedback: 6.925612926483154
[INFO] [1789251538.262784583] [nav_goal_sender]: cycle 2 feedback: 6.925612926483154
[INFO] [1789251538.273146038] [nav_goal_sender]: cycle 2 feedback: 6.925612926483154
[INFO] [1789251538.282830389] [nav_goal_sender]: cycle 2 feedback: 6.925612926483154
[INFO] [1789251538.292931342] [nav_goal_sender]: cycle 2 feedback: 6.925612926483154
[INFO] [1789251538.302783194] [nav_goal_sender]: cycle 2 feedback: 6.925612926483154
[INFO] [1789251538.312872448] [nav_goal_sender]: cycle 2 feedback: 6.925612926483154
[INFO] [1789251538.323125102] [nav_goal_sender]: cycle 2 feedback: 6.925612926483154
[INFO] [1789251538.332771753] [nav_goal_sender]: cycle 2 feedback: 6.925612926483154
[INFO] [1789251538.343113808] [nav_goal_sender]: cycle 2 feedback: 6.925612926483154
[INFO] [1789251538.352739259] [nav_goal_sender]: cycle 2 feedback: 6.925612926483154
[INFO] [1789251538.362856012] [nav_goal_sender]: cycle 2 feedback: 6.925612926483154
[INFO] [1789251538.373558869] [nav_goal_sender]: cycle 2 feedback: 6.925612926483154
[INFO] [1789251538.382802918] [nav_goal_sender]: cycle 2 feedback: 6.925612926483154
[INFO] [1789251538.393529575] [nav_goal_sender]: cycle 2 feedback: 7.0977559089660645
[INFO] [1789251538.402820524] [nav_goal_sender]: cycle 2 feedback: 7.0977559089660645
[INFO] [1789251538.412703376] [nav_goal_sender]: cycle 2 feedback: 7.0977559089660645
[INFO] [1789251538.422990631] [nav_goal_sender]: cycle 2 feedback: 7.0977559089660645
[INFO] [1789251538.432679582] [nav_goal_sender]: cycle 2 feedback: 7.0707106590271
[INFO] [1789251538.442917336] [nav_goal_sender]: cycle 2 feedback: 7.0707106590271
[INFO] [1789251538.452706788] [nav_goal_sender]: cycle 2 feedback: 6.995710849761963
[INFO] [1789251538.462939442] [nav_goal_sender]: cycle 2 feedback: 6.995710849761963
[INFO] [1789251538.473061296] [nav_goal_sender]: cycle 2 feedback: 6.9457106590271
[INFO] [1789251538.482945648] [nav_goal_sender]: cycle 2 feedback: 6.9457106590271
[INFO] [1789251538.492769300] [nav_goal_sender]: cycle 2 feedback: 6.895710468292236
[INFO] [1789251538.502780053] [nav_goal_sender]: cycle 2 feedback: 6.895710468292236
[INFO] [1789251538.512736306] [nav_goal_sender]: cycle 2 feedback: 6.870710849761963
[INFO] [1789251538.523134761] [nav_goal_sender]: cycle 2 feedback: 6.870710849761963
[INFO] [1789251538.532702411] [nav_goal_sender]: cycle 2 feedback: 6.8207106590271
[INFO] [1789251538.542761565] [nav_goal_sender]: cycle 2 feedback: 6.8207106590271
[INFO] [1789251538.552719417] [nav_goal_sender]: cycle 2 feedback: 6.795710563659668
[INFO] [1789251538.563216373] [nav_goal_sender]: cycle 2 feedback: 6.795710563659668
[INFO] [1789251538.573331226] [nav_goal_sender]: cycle 2 feedback: 6.745710849761963
[INFO] [1789251538.582864977] [nav_goal_sender]: cycle 2 feedback: 6.745710849761963
[INFO] [1789251538.593353232] [nav_goal_sender]: cycle 2 feedback: 6.720710754394531
[INFO] [1789251538.602984083] [nav_goal_sender]: cycle 2 feedback: 6.720710754394531
[INFO] [1789251538.613828241] [nav_goal_sender]: cycle 2 feedback: 6.670710563659668
[INFO] [1789251538.623181890] [nav_goal_sender]: cycle 2 feedback: 6.670710563659668
[INFO] [1789251538.632889842] [nav_goal_sender]: cycle 2 feedback: 6.670710563659668
[INFO] [1789251538.642845794] [nav_goal_sender]: cycle 2 feedback: 6.670710563659668
[INFO] [1789251538.653208349] [nav_goal_sender]: cycle 2 feedback: 6.670710563659668
[INFO] [1789251538.662937201] [nav_goal_sender]: cycle 2 feedback: 6.670710563659668
[INFO] [1789251538.674106260] [nav_goal_sender]: cycle 2 feedback: 6.6957106590271
[INFO] [1789251538.682818306] [nav_goal_sender]: cycle 2 feedback: 6.6957106590271
[INFO] [1789251538.693029360] [nav_goal_sender]: cycle 2 feedback: 6.6957106590271
[INFO] [1789251538.703162914] [nav_goal_sender]: cycle 2 feedback: 6.6957106590271
[INFO] [1789251538.713160867] [nav_goal_sender]: cycle 2 feedback: 6.6957106590271
[INFO] [1789251538.723124819] [nav_goal_sender]: cycle 2 feedback: 6.6957106590271
[INFO] [1789251538.732710170] [nav_goal_sender]: cycle 2 feedback: 6.6957106590271
[INFO] [1789251538.743361726] [nav_goal_sender]: cycle 2 feedback: 6.6957106590271
[INFO] [1789251538.752695376] [nav_goal_sender]: cycle 2 feedback: 6.6957106590271
[INFO] [1789251538.763630234] [nav_goal_sender]: cycle 2 feedback: 6.6957106590271
[INFO] [1789251538.773043884] [nav_goal_sender]: cycle 2 feedback: 6.6957106590271
[INFO] [1789251538.783042236] [nav_goal_sender]: cycle 2 feedback: 6.6957106590271
[INFO] [1789251538.793027289] [nav_goal_sender]: cycle 2 feedback: 6.6957106590271
[INFO] [1789251538.803566045] [nav_goal_sender]: cycle 2 feedback: 6.6957106590271
[INFO] [1789251538.813325797] [nav_goal_sender]: cycle 2 feedback: 6.6957106590271
[INFO] [1789251538.823275349] [nav_goal_sender]: cycle 2 feedback: 6.720710754394531
[INFO] [1789251538.833527304] [nav_goal_sender]: cycle 2 feedback: 6.720710754394531
[INFO] [1789251538.843546857] [nav_goal_sender]: cycle 2 feedback: 6.720710754394531
[INFO] [1789251538.853512709] [nav_goal_sender]: cycle 2 feedback: 6.720710754394531
[INFO] [1789251538.863653263] [nav_goal_sender]: cycle 2 feedback: 6.720710754394531
[INFO] [1789251538.873799217] [nav_goal_sender]: cycle 2 feedback: 6.720710754394531
[INFO] [1789251538.883089566] [nav_goal_sender]: cycle 2 feedback: 6.720710754394531
[INFO] [1789251538.893125719] [nav_goal_sender]: cycle 2 feedback: 6.720710754394531
[INFO] [1789251538.903132172] [nav_goal_sender]: cycle 2 feedback: 6.720710754394531
[INFO] [1789251538.912686023] [nav_goal_sender]: cycle 2 feedback: 6.720710754394531
[INFO] [1789251538.923268579] [nav_goal_sender]: cycle 2 feedback: 6.720710754394531
[INFO] [1789251538.933092731] [nav_goal_sender]: cycle 2 feedback: 6.720710754394531
[INFO] [1789251538.943155284] [nav_goal_sender]: cycle 2 feedback: 6.720710754394531
[INFO] [1789251538.952988036] [nav_goal_sender]: cycle 2 feedback: 6.720710754394531
[INFO] [1789251538.963184290] [nav_goal_sender]: cycle 2 feedback: 6.720710754394531
[INFO] [1789251538.973484944] [nav_goal_sender]: cycle 2 feedback: 6.745710849761963
[INFO] [1789251538.982726293] [nav_goal_sender]: cycle 2 feedback: 6.745710849761963
[INFO] [1789251538.993369450] [nav_goal_sender]: cycle 2 feedback: 6.745710849761963
[INFO] [1789251539.003117001] [nav_goal_sender]: cycle 2 feedback: 6.745710849761963
[INFO] [1789251539.013232755] [nav_goal_sender]: cycle 2 feedback: 6.745710849761963
[INFO] [1789251539.023072107] [nav_goal_sender]: cycle 2 feedback: 6.745710849761963
[INFO] [1789251539.033187560] [nav_goal_sender]: cycle 2 feedback: 6.745710849761963
[INFO] [1789251539.043015212] [nav_goal_sender]: cycle 2 feedback: 6.745710849761963
[INFO] [1789251539.053320767] [nav_goal_sender]: cycle 2 feedback: 6.745710849761963
[INFO] [1789251539.063197519] [nav_goal_sender]: cycle 2 feedback: 6.745710849761963
[INFO] [1789251539.073336473] [nav_goal_sender]: cycle 2 feedback: 6.745710849761963
[INFO] [1789251539.082744523] [nav_goal_sender]: cycle 2 feedback: 6.745710849761963
[INFO] [1789251539.093297879] [nav_goal_sender]: cycle 2 feedback: 6.745710849761963
[INFO] [1789251539.103461532] [nav_goal_sender]: cycle 2 feedback: 6.745710849761963
[INFO] [1789251539.112698181] [nav_goal_sender]: cycle 2 feedback: 6.770710468292236
[INFO] [1789251539.123212137] [nav_goal_sender]: cycle 2 feedback: 6.795710563659668
[INFO] [1789251539.133206990] [nav_goal_sender]: cycle 2 feedback: 6.795710563659668
[INFO] [1789251539.143566645] [nav_goal_sender]: cycle 2 feedback: 6.795710563659668
[INFO] [1789251539.152726293] [nav_goal_sender]: cycle 2 feedback: 6.8207106590271
[INFO] [1789251539.163656751] [nav_goal_sender]: cycle 2 feedback: 6.8207106590271
[INFO] [1789251539.173507503] [nav_goal_sender]: cycle 2 feedback: 6.845710754394531
[INFO] [1789251539.182803352] [nav_goal_sender]: cycle 2 feedback: 6.845710754394531
[INFO] [1789251539.193721310] [nav_goal_sender]: cycle 2 feedback: 6.895710468292236
[INFO] [1789251539.203257661] [nav_goal_sender]: cycle 2 feedback: 6.895710468292236
[INFO] [1789251539.213611515] [nav_goal_sender]: cycle 2 feedback: 6.920710563659668
[INFO] [1789251539.223088866] [nav_goal_sender]: cycle 2 feedback: 6.920710563659668
[INFO] [1789251539.233583621] [nav_goal_sender]: cycle 2 feedback: 6.920710563659668
[INFO] [1789251539.243165372] [nav_goal_sender]: cycle 2 feedback: 6.920710563659668
[INFO] [1789251539.252918923] [nav_goal_sender]: cycle 2 feedback: 6.920710563659668
[INFO] [1789251539.263000577] [nav_goal_sender]: cycle 2 feedback: 6.920710563659668
[INFO] [1789251539.273209831] [nav_goal_sender]: cycle 2 feedback: 6.920710563659668
[INFO] [1789251539.283080683] [nav_goal_sender]: cycle 2 feedback: 6.920710563659668
[INFO] [1789251539.293140336] [nav_goal_sender]: cycle 2 feedback: 6.920710563659668
[INFO] [1789251539.303305490] [nav_goal_sender]: cycle 2 feedback: 6.920710563659668
[INFO] [1789251539.313019942] [nav_goal_sender]: cycle 2 feedback: 6.920710563659668
[INFO] [1789251539.323100395] [nav_goal_sender]: cycle 2 feedback: 6.920710563659668
[INFO] [1789251539.333088248] [nav_goal_sender]: cycle 2 feedback: 6.920710563659668
[INFO] [1789251539.343194501] [nav_goal_sender]: cycle 2 feedback: 6.920710563659668
[INFO] [1789251539.352767552] [nav_goal_sender]: cycle 2 feedback: 6.9457106590271
[INFO] [1789251539.362815605] [nav_goal_sender]: cycle 2 feedback: 6.9457106590271
[INFO] [1789251539.372804058] [nav_goal_sender]: cycle 2 feedback: 6.9457106590271
[INFO] [1789251539.382945112] [nav_goal_sender]: cycle 2 feedback: 6.9457106590271
[INFO] [1789251539.392904364] [nav_goal_sender]: cycle 2 feedback: 6.9457106590271
[INFO] [1789251539.403096818] [nav_goal_sender]: cycle 2 feedback: 6.9457106590271
[INFO] [1789251539.412866370] [nav_goal_sender]: cycle 2 feedback: 6.9457106590271
[INFO] [1789251539.423567527] [nav_goal_sender]: cycle 2 feedback: 6.979558944702148
[INFO] [1789251539.432871576] [nav_goal_sender]: cycle 2 feedback: 6.979558944702148
[INFO] [1789251539.442871729] [nav_goal_sender]: cycle 2 feedback: 6.979558944702148
[INFO] [1789251539.453423285] [nav_goal_sender]: cycle 2 feedback: 6.979558944702148
[INFO] [1789251539.463117436] [nav_goal_sender]: cycle 2 feedback: 6.979558944702148
[INFO] [1789251539.473386890] [nav_goal_sender]: cycle 2 feedback: 6.979558944702148
[INFO] [1789251539.482742840] [nav_goal_sender]: cycle 2 feedback: 6.979558944702148
[INFO] [1789251539.492837293] [nav_goal_sender]: cycle 2 feedback: 6.979558944702148
[INFO] [1789251539.503306849] [nav_goal_sender]: cycle 2 feedback: 6.979558944702148
[INFO] [1789251539.512686498] [nav_goal_sender]: cycle 2 feedback: 6.979558944702148
[INFO] [1789251539.523434355] [nav_goal_sender]: cycle 2 feedback: 6.979558944702148
[INFO] [1789251539.533201107] [nav_goal_sender]: cycle 2 feedback: 6.979558944702148
[INFO] [1789251539.543197360] [nav_goal_sender]: cycle 2 feedback: 6.979558944702148
[INFO] [1789251539.553414614] [nav_goal_sender]: cycle 2 feedback: 6.979558944702148
[INFO] [1789251539.563079465] [nav_goal_sender]: cycle 2 feedback: 6.979558944702148
[INFO] [1789251539.572980518] [nav_goal_sender]: cycle 2 feedback: 6.979558944702148
[INFO] [1789251539.582883070] [nav_goal_sender]: cycle 2 feedback: 6.979558944702148
[INFO] [1789251539.592943123] [nav_goal_sender]: cycle 2 feedback: 6.979558944702148
[INFO] [1789251539.602909576] [nav_goal_sender]: cycle 2 feedback: 6.979558944702148
[INFO] [1789251539.612821328] [nav_goal_sender]: cycle 2 feedback: 6.979558944702148
[INFO] [1789251539.623146783] [nav_goal_sender]: cycle 2 feedback: 6.979558944702148
[INFO] [1789251539.633700639] [nav_goal_sender]: cycle 2 feedback: 6.979558944702148
[INFO] [1789251539.642873787] [nav_goal_sender]: cycle 2 feedback: 6.979558944702148
[INFO] [1789251539.652782040] [nav_goal_sender]: cycle 2 feedback: 6.979558944702148
[INFO] [1789251539.662769293] [nav_goal_sender]: cycle 2 feedback: 6.979558944702148
[INFO] [1789251539.672991247] [nav_goal_sender]: cycle 2 feedback: 6.979558944702148
[INFO] [1789251539.682842399] [nav_goal_sender]: cycle 2 feedback: 6.979558944702148
[INFO] [1789251539.693491155] [nav_goal_sender]: cycle 2 feedback: 6.979558944702148
[INFO] [1789251539.702803105] [nav_goal_sender]: cycle 2 feedback: 6.979558944702148
[INFO] [1789251539.713175560] [nav_goal_sender]: cycle 2 feedback: 6.979558944702148
[INFO] [1789251539.723368914] [nav_goal_sender]: cycle 2 feedback: 6.979558944702148
[INFO] [1789251539.732932964] [nav_goal_sender]: cycle 2 feedback: 6.979558944702148
[INFO] [1789251539.743160818] [nav_goal_sender]: cycle 2 feedback: 6.979558944702148
[INFO] [1789251539.752944370] [nav_goal_sender]: cycle 2 feedback: 6.979558944702148
[INFO] [1789251539.763105824] [nav_goal_sender]: cycle 2 feedback: 6.979558944702148
[INFO] [1789251539.773254878] [nav_goal_sender]: cycle 2 feedback: 6.979558944702148
[INFO] [1789251539.783050629] [nav_goal_sender]: cycle 2 feedback: 6.979558944702148
[INFO] [1789251539.793125083] [nav_goal_sender]: cycle 2 feedback: 6.979558944702148
[INFO] [1789251539.802966635] [nav_goal_sender]: cycle 2 feedback: 6.979558944702148
[INFO] [1789251539.813254489] [nav_goal_sender]: cycle 2 feedback: 6.979558944702148
[INFO] [1789251539.822998741] [nav_goal_sender]: cycle 2 feedback: 6.979558944702148
[INFO] [1789251539.832923993] [nav_goal_sender]: cycle 2 feedback: 6.979558944702148
[INFO] [1789251539.843228848] [nav_goal_sender]: cycle 2 feedback: 6.979558944702148
[INFO] [1789251539.853205101] [nav_goal_sender]: cycle 2 feedback: 6.979558944702148
[INFO] [1789251539.863203854] [nav_goal_sender]: cycle 2 feedback: 6.979558944702148
[INFO] [1789251539.873298107] [nav_goal_sender]: cycle 2 feedback: 6.979558944702148
[INFO] [1789251539.882787357] [nav_goal_sender]: cycle 2 feedback: 6.979558944702148
[INFO] [1789251539.893303513] [nav_goal_sender]: cycle 2 feedback: 6.979558944702148
[INFO] [1789251539.902768963] [nav_goal_sender]: cycle 2 feedback: 6.979558944702148
[INFO] [1789251539.913165618] [nav_goal_sender]: cycle 2 feedback: 6.979558944702148
[INFO] [1789251539.923453973] [nav_goal_sender]: cycle 2 feedback: 6.979558944702148
[INFO] [1789251539.932944223] [nav_goal_sender]: cycle 2 feedback: 6.979558944702148
[INFO] [1789251539.943376778] [nav_goal_sender]: cycle 2 feedback: 6.979558944702148
[INFO] [1789251539.953420731] [nav_goal_sender]: cycle 2 feedback: 6.979558944702148
[INFO] [1789251539.963360384] [nav_goal_sender]: cycle 2 feedback: 6.979558944702148
[INFO] [1789251539.973120935] [nav_goal_sender]: cycle 2 feedback: 6.979558944702148
[INFO] [1789251539.982869487] [nav_goal_sender]: cycle 2 feedback: 6.979558944702148
[INFO] [1789251539.993421343] [nav_goal_sender]: cycle 2 feedback: 6.979558944702148
[INFO] [1789251540.002902093] [nav_goal_sender]: cycle 2 feedback: 6.979558944702148
[INFO] [1789251540.013251048] [nav_goal_sender]: cycle 2 feedback: 6.979558944702148
[INFO] [1789251540.023256501] [nav_goal_sender]: cycle 2 feedback: 6.979558944702148
[INFO] [1789251540.032771051] [nav_goal_sender]: cycle 2 feedback: 6.979558944702148
[INFO] [1789251540.042939305] [nav_goal_sender]: cycle 2 feedback: 6.979558944702148
[INFO] [1789251540.053614062] [nav_goal_sender]: cycle 2 feedback: 6.979558944702148
[INFO] [1789251540.063105812] [nav_goal_sender]: cycle 2 feedback: 6.979558944702148
[INFO] [1789251540.073041064] [nav_goal_sender]: cycle 2 feedback: 6.979558944702148
[INFO] [1789251540.082767116] [nav_goal_sender]: cycle 2 feedback: 6.979558944702148
[INFO] [1789251540.092987170] [nav_goal_sender]: cycle 2 feedback: 6.979558944702148
[INFO] [1789251540.102729821] [nav_goal_sender]: cycle 2 feedback: 6.979558944702148
[INFO] [1789251540.112712174] [nav_goal_sender]: cycle 2 feedback: 6.979558944702148
[INFO] [1789251540.123392831] [nav_goal_sender]: cycle 2 feedback: 6.979558944702148
[INFO] [1789251540.132787081] [nav_goal_sender]: cycle 2 feedback: 6.979558944702148
[INFO] [1789251540.142806934] [nav_goal_sender]: cycle 2 feedback: 6.979558944702148
[INFO] [1789251540.153731091] [nav_goal_sender]: cycle 2 feedback: 6.979558944702148
[INFO] [1789251540.162883740] [nav_goal_sender]: cycle 2 feedback: 6.979558944702148
[INFO] [1789251540.173125594] [nav_goal_sender]: cycle 2 feedback: 6.979558944702148
[INFO] [1789251540.183045847] [nav_goal_sender]: cycle 2 feedback: 6.979558944702148
[INFO] [1789251540.192973099] [nav_goal_sender]: cycle 2 feedback: 6.979558944702148
[INFO] [1789251540.203040752] [nav_goal_sender]: cycle 2 feedback: 6.979558944702148
[INFO] [1789251540.213235406] [nav_goal_sender]: cycle 2 feedback: 6.979558944702148
[INFO] [1789251540.223103359] [nav_goal_sender]: cycle 2 feedback: 6.979558944702148
[INFO] [1789251540.233003111] [nav_goal_sender]: cycle 2 feedback: 6.979558944702148
[INFO] [1789251540.243100764] [nav_goal_sender]: cycle 2 feedback: 6.979558944702148
[INFO] [1789251540.253162018] [nav_goal_sender]: cycle 2 feedback: 6.979558944702148
[INFO] [1789251540.263053270] [nav_goal_sender]: cycle 2 feedback: 6.979558944702148
[INFO] [1789251540.273106323] [nav_goal_sender]: cycle 2 feedback: 6.979558944702148
[INFO] [1789251540.282783774] [nav_goal_sender]: cycle 2 feedback: 6.979558944702148
[INFO] [1789251540.293248930] [nav_goal_sender]: cycle 2 feedback: 6.979558944702148
[INFO] [1789251540.303159782] [nav_goal_sender]: cycle 2 feedback: 6.979558944702148
[INFO] [1789251540.313187735] [nav_goal_sender]: cycle 2 feedback: 6.979558944702148
[INFO] [1789251540.323562790] [nav_goal_sender]: cycle 2 feedback: 6.979558944702148
[INFO] [1789251540.333192641] [nav_goal_sender]: cycle 2 feedback: 6.979558944702148
[INFO] [1789251540.342912993] [nav_goal_sender]: cycle 2 feedback: 6.979558944702148
[INFO] [1789251540.353132247] [nav_goal_sender]: cycle 2 feedback: 6.979558944702148
[INFO] [1789251540.362892499] [nav_goal_sender]: cycle 2 feedback: 6.979558944702148
[INFO] [1789251540.372881551] [nav_goal_sender]: cycle 2 feedback: 6.979558944702148
[INFO] [1789251540.382946105] [nav_goal_sender]: cycle 2 feedback: 6.979558944702148
[INFO] [1789251540.392890257] [nav_goal_sender]: cycle 2 feedback: 6.979558944702148
[INFO] [1789251540.402808110] [nav_goal_sender]: cycle 2 feedback: 6.979558944702148
[INFO] [1789251540.413017064] [nav_goal_sender]: cycle 2 feedback: 6.979558944702148
[INFO] [1789251540.424784526] [nav_goal_sender]: cycle 2 feedback: 6.979558944702148
[INFO] [1789251540.432864569] [nav_goal_sender]: cycle 2 feedback: 6.979558944702148
[INFO] [1789251540.443672126] [nav_goal_sender]: cycle 2 feedback: 7.494554042816162
[INFO] [1789251540.453445978] [nav_goal_sender]: cycle 2 feedback: 7.494554042816162
[INFO] [1789251540.462818927] [nav_goal_sender]: cycle 2 feedback: 7.494554042816162
[INFO] [1789251540.473181182] [nav_goal_sender]: cycle 2 feedback: 7.494554042816162
[INFO] [1789251540.484102140] [nav_goal_sender]: cycle 2 feedback: 7.494554042816162
[INFO] [1789251540.492990487] [nav_goal_sender]: cycle 2 feedback: 7.494554042816162
[INFO] [1789251540.503057740] [nav_goal_sender]: cycle 2 feedback: 7.494554042816162
[INFO] [1789251540.512777992] [nav_goal_sender]: cycle 2 feedback: 7.494554042816162
[INFO] [1789251540.523026046] [nav_goal_sender]: cycle 2 feedback: 7.494554042816162
[INFO] [1789251540.532744298] [nav_goal_sender]: cycle 2 feedback: 7.494554042816162
[INFO] [1789251540.542870451] [nav_goal_sender]: cycle 2 feedback: 7.494554042816162
[INFO] [1789251540.552889404] [nav_goal_sender]: cycle 2 feedback: 7.494554042816162
[INFO] [1789251540.562869857] [nav_goal_sender]: cycle 2 feedback: 7.494554042816162
[INFO] [1789251540.573251712] [nav_goal_sender]: cycle 2 feedback: 7.494554042816162
[INFO] [1789251540.583238865] [nav_goal_sender]: cycle 2 feedback: 7.494554042816162
[INFO] [1789251540.593071517] [nav_goal_sender]: cycle 2 feedback: 7.494554042816162
[INFO] [1789251540.602866169] [nav_goal_sender]: cycle 2 feedback: 7.494554042816162
[INFO] [1789251540.612732921] [nav_goal_sender]: cycle 2 feedback: 7.494554042816162
[INFO] [1789251540.623127976] [nav_goal_sender]: cycle 2 feedback: 7.494554042816162
[INFO] [1789251540.632840127] [nav_goal_sender]: cycle 2 feedback: 7.494554042816162
[INFO] [1789251540.642988381] [nav_goal_sender]: cycle 2 feedback: 7.494554042816162
[INFO] [1789251540.652727733] [nav_goal_sender]: cycle 2 feedback: 7.494554042816162
[INFO] [1789251540.662870686] [nav_goal_sender]: cycle 2 feedback: 7.494554042816162
[INFO] [1789251540.673680643] [nav_goal_sender]: cycle 2 feedback: 7.494554042816162
[INFO] [1789251540.682926192] [nav_goal_sender]: cycle 2 feedback: 7.494554042816162
[INFO] [1789251540.692966146] [nav_goal_sender]: cycle 2 feedback: 7.494554042816162
[INFO] [1789251540.702930198] [nav_goal_sender]: cycle 2 feedback: 7.494554042816162
[INFO] [1789251540.713124852] [nav_goal_sender]: cycle 2 feedback: 7.494554042816162
[INFO] [1789251540.723312406] [nav_goal_sender]: cycle 2 feedback: 7.494554042816162
[INFO] [1789251540.733002857] [nav_goal_sender]: cycle 2 feedback: 7.494554042816162
[INFO] [1789251540.742888810] [nav_goal_sender]: cycle 2 feedback: 7.494554042816162
[INFO] [1789251540.752844062] [nav_goal_sender]: cycle 2 feedback: 7.494554042816162
[INFO] [1789251540.762835515] [nav_goal_sender]: cycle 2 feedback: 7.494554042816162
[INFO] [1789251540.773220670] [nav_goal_sender]: cycle 2 feedback: 7.494554042816162
[INFO] [1789251540.782824621] [nav_goal_sender]: cycle 2 feedback: 7.494554042816162
[INFO] [1789251540.792878574] [nav_goal_sender]: cycle 2 feedback: 7.494554042816162
[INFO] [1789251540.802781227] [nav_goal_sender]: cycle 2 feedback: 7.494554042816162
[INFO] [1789251540.812982381] [nav_goal_sender]: cycle 2 feedback: 7.494554042816162
[INFO] [1789251540.823203235] [nav_goal_sender]: cycle 2 feedback: 7.494554042816162
[INFO] [1789251540.832810986] [nav_goal_sender]: cycle 2 feedback: 7.494554042816162
[INFO] [1789251540.842836139] [nav_goal_sender]: cycle 2 feedback: 7.494554042816162
[INFO] [1789251540.852718591] [nav_goal_sender]: cycle 2 feedback: 7.494554042816162
[INFO] [1789251540.862822445] [nav_goal_sender]: cycle 2 feedback: 7.494554042816162
[INFO] [1789251540.873061299] [nav_goal_sender]: cycle 2 feedback: 7.494554042816162
[INFO] [1789251540.882933951] [nav_goal_sender]: cycle 2 feedback: 7.494554042816162
[INFO] [1789251540.892878604] [nav_goal_sender]: cycle 2 feedback: 7.494554042816162
[INFO] [1789251540.903014057] [nav_goal_sender]: cycle 2 feedback: 7.494554042816162
[INFO] [1789251540.912729509] [nav_goal_sender]: cycle 2 feedback: 7.494554042816162
[INFO] [1789251540.923363665] [nav_goal_sender]: cycle 2 feedback: 7.494554042816162
[INFO] [1789251540.932815215] [nav_goal_sender]: cycle 2 feedback: 7.494554042816162
[INFO] [1789251540.942920669] [nav_goal_sender]: cycle 2 feedback: 7.494554042816162
[INFO] [1789251540.953106622] [nav_goal_sender]: cycle 2 feedback: 7.494554042816162
[INFO] [1789251540.962943875] [nav_goal_sender]: cycle 2 feedback: 7.494554042816162
[INFO] [1789251540.973274829] [nav_goal_sender]: cycle 2 feedback: 7.494554042816162
[INFO] [1789251540.982762079] [nav_goal_sender]: cycle 2 feedback: 7.494554042816162
[INFO] [1789251540.992899733] [nav_goal_sender]: cycle 2 feedback: 7.494554042816162
[INFO] [1789251541.002789985] [nav_goal_sender]: cycle 2 feedback: 7.494554042816162
[INFO] [1789251541.012741638] [nav_goal_sender]: cycle 2 feedback: 7.494554042816162
[INFO] [1789251541.023404695] [nav_goal_sender]: cycle 2 feedback: 7.494554042816162
[INFO] [1789251541.032756544] [nav_goal_sender]: cycle 2 feedback: 7.494554042816162
[INFO] [1789251541.042789597] [nav_goal_sender]: cycle 2 feedback: 7.494554042816162
[INFO] [1789251541.052724950] [nav_goal_sender]: cycle 2 feedback: 7.494554042816162
[INFO] [1789251541.062937204] [nav_goal_sender]: cycle 2 feedback: 7.494554042816162
[INFO] [1789251541.073054457] [nav_goal_sender]: cycle 2 feedback: 7.494554042816162
[INFO] [1789251541.082812209] [nav_goal_sender]: cycle 2 feedback: 7.494554042816162
[INFO] [1789251541.092942563] [nav_goal_sender]: cycle 2 feedback: 7.494554042816162
[INFO] [1789251541.102855815] [nav_goal_sender]: cycle 2 feedback: 7.494554042816162
[INFO] [1789251541.112717367] [nav_goal_sender]: cycle 2 feedback: 7.494554042816162
[INFO] [1789251541.123610225] [nav_goal_sender]: cycle 2 feedback: 7.494554042816162
[INFO] [1789251541.132824474] [nav_goal_sender]: cycle 2 feedback: 7.494554042816162
[INFO] [1789251541.143075928] [nav_goal_sender]: cycle 2 feedback: 7.494554042816162
[INFO] [1789251541.152731679] [nav_goal_sender]: cycle 2 feedback: 7.494554042816162
[INFO] [1789251541.162784932] [nav_goal_sender]: cycle 2 feedback: 7.494554042816162
[INFO] [1789251541.173033587] [nav_goal_sender]: cycle 2 feedback: 7.494554042816162
[INFO] [1789251541.182782438] [nav_goal_sender]: cycle 2 feedback: 7.494554042816162
[INFO] [1789251541.192938092] [nav_goal_sender]: cycle 2 feedback: 7.494554042816162
[INFO] [1789251541.202764444] [nav_goal_sender]: cycle 2 feedback: 7.494554042816162
[INFO] [1789251541.212831097] [nav_goal_sender]: cycle 2 feedback: 7.494554042816162
[INFO] [1789251541.223522354] [nav_goal_sender]: cycle 2 feedback: 7.494554042816162
[INFO] [1789251541.232832603] [nav_goal_sender]: cycle 2 feedback: 7.494554042816162
[INFO] [1789251541.243532260] [nav_goal_sender]: cycle 2 feedback: 7.494554042816162
[INFO] [1789251541.253164111] [nav_goal_sender]: cycle 2 feedback: 7.494554042816162
[INFO] [1789251541.263280264] [nav_goal_sender]: cycle 2 feedback: 7.494554042816162
[INFO] [1789251541.273422618] [nav_goal_sender]: cycle 2 feedback: 7.494554042816162
[INFO] [1789251541.282983968] [nav_goal_sender]: cycle 2 feedback: 7.494554042816162
[INFO] [1789251541.292850921] [nav_goal_sender]: cycle 2 feedback: 7.494554042816162
[INFO] [1789251541.303786279] [nav_goal_sender]: cycle 2 feedback: 7.494554042816162
[INFO] [1789251541.312709826] [nav_goal_sender]: cycle 2 feedback: 7.494554042816162
[INFO] [1789251541.323198681] [nav_goal_sender]: cycle 2 feedback: 7.494554042816162
[INFO] [1789251541.333724137] [nav_goal_sender]: cycle 2 feedback: 7.494554042816162
[INFO] [1789251541.343379488] [nav_goal_sender]: cycle 2 feedback: 7.494554042816162
[INFO] [1789251541.353296741] [nav_goal_sender]: cycle 2 feedback: 7.494554042816162
[INFO] [1789251541.362835991] [nav_goal_sender]: cycle 2 feedback: 7.494554042816162
[INFO] [1789251541.373203646] [nav_goal_sender]: cycle 2 feedback: 7.494554042816162
[INFO] [1789251541.382789097] [nav_goal_sender]: cycle 2 feedback: 7.494554042816162
[INFO] [1789251541.393618254] [nav_goal_sender]: cycle 2 feedback: 7.494554042816162
[INFO] [1789251541.403135404] [nav_goal_sender]: cycle 2 feedback: 7.494554042816162
[INFO] [1789251541.412887256] [nav_goal_sender]: cycle 2 feedback: 7.494554042816162
[INFO] [1789251541.423238011] [nav_goal_sender]: cycle 2 feedback: 7.494554042816162
[INFO] [1789251541.432886162] [nav_goal_sender]: cycle 2 feedback: 7.494554042816162
[INFO] [1789251541.444170122] [nav_goal_sender]: cycle 2 feedback: 7.494554042816162
[INFO] [1789251541.453055169] [nav_goal_sender]: cycle 2 feedback: 7.494554042816162
[INFO] [1789251541.463830026] [nav_goal_sender]: cycle 2 feedback: 7.5707106590271
[INFO] [1789251541.473022174] [nav_goal_sender]: cycle 2 feedback: 7.5707106590271
[INFO] [1789251541.482723926] [nav_goal_sender]: cycle 2 feedback: 7.5707106590271
[INFO] [1789251541.492864379] [nav_goal_sender]: cycle 2 feedback: 7.5707106590271
[INFO] [1789251541.503383735] [nav_goal_sender]: cycle 2 feedback: 7.5707106590271
[INFO] [1789251541.513231287] [nav_goal_sender]: cycle 2 feedback: 7.5707106590271
[INFO] [1789251541.523382441] [nav_goal_sender]: cycle 2 feedback: 7.5707106590271
[INFO] [1789251541.533029792] [nav_goal_sender]: cycle 2 feedback: 7.5707106590271
[INFO] [1789251541.542801644] [nav_goal_sender]: cycle 2 feedback: 7.5707106590271
[INFO] [1789251541.553390600] [nav_goal_sender]: cycle 2 feedback: 7.545710563659668
[INFO] [1789251541.562793649] [nav_goal_sender]: cycle 2 feedback: 7.545710563659668
[INFO] [1789251541.573042504] [nav_goal_sender]: cycle 2 feedback: 7.5207109451293945
[INFO] [1789251541.582729655] [nav_goal_sender]: cycle 2 feedback: 7.5207109451293945
[INFO] [1789251541.592768208] [nav_goal_sender]: cycle 2 feedback: 7.5207109451293945
[INFO] [1789251541.602941862] [nav_goal_sender]: cycle 2 feedback: 7.5207109451293945
[INFO] [1789251541.612738514] [nav_goal_sender]: cycle 2 feedback: 7.5207109451293945
[INFO] [1789251541.623132269] [nav_goal_sender]: cycle 2 feedback: 7.5207109451293945
[INFO] [1789251541.632842920] [nav_goal_sender]: cycle 2 feedback: 7.5207109451293945
[INFO] [1789251541.642836673] [nav_goal_sender]: cycle 2 feedback: 7.5207109451293945
[INFO] [1789251541.653404529] [nav_goal_sender]: cycle 2 feedback: 7.5207109451293945
[INFO] [1789251541.662790679] [nav_goal_sender]: cycle 2 feedback: 7.5207109451293945
[INFO] [1789251541.673222834] [nav_goal_sender]: cycle 2 feedback: 7.5207109451293945
[INFO] [1789251541.682969686] [nav_goal_sender]: cycle 2 feedback: 7.5207109451293945
[INFO] [1789251541.693067739] [nav_goal_sender]: cycle 2 feedback: 7.5207109451293945
[INFO] [1789251541.702852191] [nav_goal_sender]: cycle 2 feedback: 7.5207109451293945
[INFO] [1789251541.712732943] [nav_goal_sender]: cycle 2 feedback: 7.5207109451293945
[INFO] [1789251541.723256599] [nav_goal_sender]: cycle 2 feedback: 7.5207109451293945
[INFO] [1789251541.732945750] [nav_goal_sender]: cycle 2 feedback: 7.5207109451293945
[INFO] [1789251541.743470006] [nav_goal_sender]: cycle 2 feedback: 7.5207109451293945
[INFO] [1789251541.752906956] [nav_goal_sender]: cycle 2 feedback: 7.5207109451293945
[INFO] [1789251541.762921909] [nav_goal_sender]: cycle 2 feedback: 7.5207109451293945
[INFO] [1789251541.773469965] [nav_goal_sender]: cycle 2 feedback: 7.545710563659668
[INFO] [1789251541.782937415] [nav_goal_sender]: cycle 2 feedback: 7.545710563659668
[INFO] [1789251541.792940468] [nav_goal_sender]: cycle 2 feedback: 7.545710563659668
[INFO] [1789251541.803136522] [nav_goal_sender]: cycle 2 feedback: 7.545710563659668
[INFO] [1789251541.812784773] [nav_goal_sender]: cycle 2 feedback: 7.5707106590271
[INFO] [1789251541.823222128] [nav_goal_sender]: cycle 2 feedback: 7.5707106590271
[INFO] [1789251541.833245381] [nav_goal_sender]: cycle 2 feedback: 7.5707106590271
[INFO] [1789251541.842849632] [nav_goal_sender]: cycle 2 feedback: 7.5707106590271
[INFO] [1789251541.853130286] [nav_goal_sender]: cycle 2 feedback: 7.5707106590271
[INFO] [1789251541.863007938] [nav_goal_sender]: cycle 2 feedback: 7.5707106590271
[INFO] [1789251541.873331893] [nav_goal_sender]: cycle 2 feedback: 7.5707106590271
[INFO] [1789251541.883117345] [nav_goal_sender]: cycle 2 feedback: 7.5707106590271
[INFO] [1789251541.893507900] [nav_goal_sender]: cycle 2 feedback: 7.5707106590271
[INFO] [1789251541.902805449] [nav_goal_sender]: cycle 2 feedback: 7.5707106590271
[INFO] [1789251541.912720002] [nav_goal_sender]: cycle 2 feedback: 7.5707106590271
[INFO] [1789251541.923616259] [nav_goal_sender]: cycle 2 feedback: 7.5707106590271
[INFO] [1789251541.932722307] [nav_goal_sender]: cycle 2 feedback: 7.5707106590271
[INFO] [1789251541.943440364] [nav_goal_sender]: cycle 2 feedback: 7.5707106590271
[INFO] [1789251541.953120915] [nav_goal_sender]: cycle 2 feedback: 7.5707106590271
[INFO] [1789251541.963017668] [nav_goal_sender]: cycle 2 feedback: 7.5707106590271
[INFO] [1789251541.974057226] [nav_goal_sender]: cycle 2 feedback: 7.5707106590271
[INFO] [1789251541.982739972] [nav_goal_sender]: cycle 2 feedback: 7.5707106590271
[INFO] [1789251541.993053327] [nav_goal_sender]: cycle 2 feedback: 7.5707106590271
[INFO] [1789251542.003165180] [nav_goal_sender]: cycle 2 feedback: 7.5707106590271
[INFO] [1789251542.012998132] [nav_goal_sender]: cycle 2 feedback: 7.5707106590271
[INFO] [1789251542.023729789] [nav_goal_sender]: cycle 2 feedback: 7.5707106590271
[INFO] [1789251542.034295445] [nav_goal_sender]: cycle 2 feedback: 7.5707106590271
[INFO] [1789251542.043049591] [nav_goal_sender]: cycle 2 feedback: 7.5707106590271
[INFO] [1789251542.053294346] [nav_goal_sender]: cycle 2 feedback: 7.5707106590271
[INFO] [1789251542.063070797] [nav_goal_sender]: cycle 2 feedback: 7.5707106590271
[INFO] [1789251542.076669669] [nav_goal_sender]: cycle 2 feedback: 7.5707106590271
[INFO] [1789251542.083608306] [nav_goal_sender]: cycle 2 feedback: 7.5707106590271
[INFO] [1789251542.093171557] [nav_goal_sender]: cycle 2 feedback: 7.5707106590271
[INFO] [1789251542.102781608] [nav_goal_sender]: cycle 2 feedback: 7.5707106590271
[INFO] [1789251542.112686060] [nav_goal_sender]: cycle 2 feedback: 7.5707106590271
[INFO] [1789251542.123045515] [nav_goal_sender]: cycle 2 feedback: 7.5707106590271
[INFO] [1789251542.132684266] [nav_goal_sender]: cycle 2 feedback: 7.5707106590271
[INFO] [1789251542.143018921] [nav_goal_sender]: cycle 2 feedback: 7.5707106590271
[INFO] [1789251542.152690272] [nav_goal_sender]: cycle 2 feedback: 7.5707106590271
[INFO] [1789251542.162990226] [nav_goal_sender]: cycle 2 feedback: 7.5707106590271
[INFO] [1789251542.173195380] [nav_goal_sender]: cycle 2 feedback: 7.5707106590271
[INFO] [1789251542.183466035] [nav_goal_sender]: cycle 2 feedback: 7.5707106590271
[INFO] [1789251542.192988885] [nav_goal_sender]: cycle 2 feedback: 7.595710754394531
[INFO] [1789251542.202893137] [nav_goal_sender]: cycle 2 feedback: 7.595710754394531
[INFO] [1789251542.212833990] [nav_goal_sender]: cycle 2 feedback: 7.628193378448486
[INFO] [1789251542.223284045] [nav_goal_sender]: cycle 2 feedback: 7.628193378448486
[INFO] [1789251542.232690595] [nav_goal_sender]: cycle 2 feedback: 7.628193378448486
[INFO] [1789251542.242822149] [nav_goal_sender]: cycle 2 feedback: 7.628193378448486
[INFO] [1789251542.252885902] [nav_goal_sender]: cycle 2 feedback: 7.628193378448486
[INFO] [1789251542.262980655] [nav_goal_sender]: cycle 2 feedback: 7.628193378448486
[INFO] [1789251542.273867813] [nav_goal_sender]: cycle 2 feedback: 7.628193378448486
[INFO] [1789251542.283030462] [nav_goal_sender]: cycle 2 feedback: 7.628193378448486
[INFO] [1789251542.293120615] [nav_goal_sender]: cycle 2 feedback: 7.628193378448486
[INFO] [1789251542.303035267] [nav_goal_sender]: cycle 2 feedback: 7.628193378448486
[INFO] [1789251542.313211521] [nav_goal_sender]: cycle 2 feedback: 7.628193378448486
[INFO] [1789251542.323283275] [nav_goal_sender]: cycle 2 feedback: 7.628193378448486
[INFO] [1789251542.333010226] [nav_goal_sender]: cycle 2 feedback: 7.628193378448486
[INFO] [1789251542.342784178] [nav_goal_sender]: cycle 2 feedback: 7.628193378448486
[INFO] [1789251542.353258433] [nav_goal_sender]: cycle 2 feedback: 7.628193378448486
[INFO] [1789251542.362835384] [nav_goal_sender]: cycle 2 feedback: 7.628193378448486
[INFO] [1789251542.373045838] [nav_goal_sender]: cycle 2 feedback: 7.628193378448486
[INFO] [1789251542.383019191] [nav_goal_sender]: cycle 2 feedback: 7.628193378448486
[INFO] [1789251542.393077344] [nav_goal_sender]: cycle 2 feedback: 7.628193378448486
[INFO] [1789251542.403083897] [nav_goal_sender]: cycle 2 feedback: 7.628193378448486
[INFO] [1789251542.412890649] [nav_goal_sender]: cycle 2 feedback: 7.628193378448486
[INFO] [1789251542.423276404] [nav_goal_sender]: cycle 2 feedback: 7.628193378448486
[INFO] [1789251542.432932255] [nav_goal_sender]: cycle 2 feedback: 7.628193378448486
[INFO] [1789251542.443058309] [nav_goal_sender]: cycle 2 feedback: 7.628193378448486
[INFO] [1789251542.452868561] [nav_goal_sender]: cycle 2 feedback: 7.628193378448486
[INFO] [1789251542.462861613] [nav_goal_sender]: cycle 2 feedback: 7.628193378448486
[INFO] [1789251542.473833571] [nav_goal_sender]: cycle 2 feedback: 7.628193378448486
[INFO] [1789251542.482914720] [nav_goal_sender]: cycle 2 feedback: 7.628193378448486
[INFO] [1789251542.493918478] [nav_goal_sender]: cycle 2 feedback: 7.79556941986084
[INFO] [1789251542.502870525] [nav_goal_sender]: cycle 2 feedback: 7.79556941986084
[INFO] [1789251542.513342881] [nav_goal_sender]: cycle 2 feedback: 7.79556941986084
[INFO] [1789251542.523236533] [nav_goal_sender]: cycle 2 feedback: 7.79556941986084
[INFO] [1789251542.532872984] [nav_goal_sender]: cycle 2 feedback: 7.79556941986084
[INFO] [1789251542.542935837] [nav_goal_sender]: cycle 2 feedback: 7.79556941986084
[INFO] [1789251542.552920890] [nav_goal_sender]: cycle 2 feedback: 7.79556941986084
[INFO] [1789251542.563125944] [nav_goal_sender]: cycle 2 feedback: 7.79556941986084
[INFO] [1789251542.573345198] [nav_goal_sender]: cycle 2 feedback: 7.79556941986084
[INFO] [1789251542.583126250] [nav_goal_sender]: cycle 2 feedback: 7.79556941986084
[INFO] [1789251542.593131303] [nav_goal_sender]: cycle 2 feedback: 7.79556941986084
[INFO] [1789251542.603073156] [nav_goal_sender]: cycle 2 feedback: 7.79556941986084
[INFO] [1789251542.612871607] [nav_goal_sender]: cycle 2 feedback: 7.79556941986084
[INFO] [1789251542.623229562] [nav_goal_sender]: cycle 2 feedback: 7.79556941986084
[INFO] [1789251542.632804413] [nav_goal_sender]: cycle 2 feedback: 7.79556941986084
[INFO] [1789251542.642995467] [nav_goal_sender]: cycle 2 feedback: 7.79556941986084
[INFO] [1789251542.652927319] [nav_goal_sender]: cycle 2 feedback: 7.79556941986084
[INFO] [1789251542.662868972] [nav_goal_sender]: cycle 2 feedback: 7.79556941986084
[INFO] [1789251542.673019026] [nav_goal_sender]: cycle 2 feedback: 7.79556941986084
[INFO] [1789251542.683229680] [nav_goal_sender]: cycle 2 feedback: 7.79556941986084
[INFO] [1789251542.693140132] [nav_goal_sender]: cycle 2 feedback: 7.79556941986084
[INFO] [1789251542.703137585] [nav_goal_sender]: cycle 2 feedback: 7.79556941986084
[INFO] [1789251542.712860737] [nav_goal_sender]: cycle 2 feedback: 7.79556941986084
[INFO] [1789251542.723381392] [nav_goal_sender]: cycle 2 feedback: 7.79556941986084
[INFO] [1789251542.735521657] [nav_goal_sender]: cycle 2 feedback: 7.79556941986084
[INFO] [1789251542.743023396] [nav_goal_sender]: cycle 2 feedback: 7.79556941986084
[INFO] [1789251542.752821448] [nav_goal_sender]: cycle 2 feedback: 7.79556941986084
[INFO] [1789251542.762877501] [nav_goal_sender]: cycle 2 feedback: 7.79556941986084
[INFO] [1789251542.773176656] [nav_goal_sender]: cycle 2 feedback: 7.79556941986084
[INFO] [1789251542.782833007] [nav_goal_sender]: cycle 2 feedback: 7.79556941986084
[INFO] [1789251542.792927160] [nav_goal_sender]: cycle 2 feedback: 7.79556941986084
[INFO] [1789251542.802925113] [nav_goal_sender]: cycle 2 feedback: 7.79556941986084
[INFO] [1789251542.813081867] [nav_goal_sender]: cycle 2 feedback: 7.79556941986084
[INFO] [1789251542.823198921] [nav_goal_sender]: cycle 2 feedback: 7.79556941986084
[INFO] [1789251542.833170573] [nav_goal_sender]: cycle 2 feedback: 7.79556941986084
[INFO] [1789251542.843437428] [nav_goal_sender]: cycle 2 feedback: 7.79556941986084
[INFO] [1789251542.852900778] [nav_goal_sender]: cycle 2 feedback: 7.79556941986084
[INFO] [1789251542.863023931] [nav_goal_sender]: cycle 2 feedback: 7.79556941986084
[INFO] [1789251542.873357086] [nav_goal_sender]: cycle 2 feedback: 7.79556941986084
[INFO] [1789251542.883243938] [nav_goal_sender]: cycle 2 feedback: 7.79556941986084
[INFO] [1789251542.893329792] [nav_goal_sender]: cycle 2 feedback: 7.79556941986084
[INFO] [1789251542.903031343] [nav_goal_sender]: cycle 2 feedback: 7.79556941986084
[INFO] [1789251542.912687894] [nav_goal_sender]: cycle 2 feedback: 7.79556941986084
[INFO] [1789251542.923129150] [nav_goal_sender]: cycle 2 feedback: 7.79556941986084
[INFO] [1789251542.933190203] [nav_goal_sender]: cycle 2 feedback: 7.79556941986084
[INFO] [1789251542.943206556] [nav_goal_sender]: cycle 2 feedback: 7.79556941986084
[INFO] [1789251542.953482510] [nav_goal_sender]: cycle 2 feedback: 7.79556941986084
[INFO] [1789251542.963525163] [nav_goal_sender]: cycle 2 feedback: 7.79556941986084
[INFO] [1789251542.973405516] [nav_goal_sender]: cycle 2 feedback: 7.79556941986084
[INFO] [1789251542.982809065] [nav_goal_sender]: cycle 2 feedback: 7.79556941986084
[INFO] [1789251542.993416222] [nav_goal_sender]: cycle 2 feedback: 7.79556941986084
[INFO] [1789251543.002948272] [nav_goal_sender]: cycle 2 feedback: 7.79556941986084
[INFO] [1789251543.012969025] [nav_goal_sender]: cycle 2 feedback: 7.79556941986084
[INFO] [1789251543.023242079] [nav_goal_sender]: cycle 2 feedback: 7.79556941986084
[INFO] [1789251543.032917331] [nav_goal_sender]: cycle 2 feedback: 7.79556941986084
[INFO] [1789251543.043609587] [nav_goal_sender]: cycle 2 feedback: 7.79556941986084
[INFO] [1789251543.053615740] [nav_goal_sender]: cycle 2 feedback: 7.79556941986084
[INFO] [1789251543.062927189] [nav_goal_sender]: cycle 2 feedback: 7.79556941986084
[INFO] [1789251543.073018243] [nav_goal_sender]: cycle 2 feedback: 7.79556941986084
[INFO] [1789251543.083264897] [nav_goal_sender]: cycle 2 feedback: 7.79556941986084
[INFO] [1789251543.093646252] [nav_goal_sender]: cycle 2 feedback: 7.79556941986084
[INFO] [1789251543.103147902] [nav_goal_sender]: cycle 2 feedback: 7.79556941986084
[INFO] [1789251543.112723953] [nav_goal_sender]: cycle 2 feedback: 7.79556941986084
[INFO] [1789251543.123247709] [nav_goal_sender]: cycle 2 feedback: 7.79556941986084
[INFO] [1789251543.133680364] [nav_goal_sender]: cycle 2 feedback: 7.79556941986084
[INFO] [1789251543.142764412] [nav_goal_sender]: cycle 2 feedback: 7.79556941986084
[INFO] [1789251543.152937966] [nav_goal_sender]: cycle 2 feedback: 7.79556941986084
[INFO] [1789251543.163060119] [nav_goal_sender]: cycle 2 feedback: 7.79556941986084
[INFO] [1789251543.173276874] [nav_goal_sender]: cycle 2 feedback: 7.79556941986084
[INFO] [1789251543.182718724] [nav_goal_sender]: cycle 2 feedback: 7.79556941986084
[INFO] [1789251543.193003378] [nav_goal_sender]: cycle 2 feedback: 7.79556941986084
[INFO] [1789251543.203050131] [nav_goal_sender]: cycle 2 feedback: 7.79556941986084
[INFO] [1789251543.212784683] [nav_goal_sender]: cycle 2 feedback: 7.79556941986084
[INFO] [1789251543.223496839] [nav_goal_sender]: cycle 2 feedback: 7.79556941986084
[INFO] [1789251543.232756388] [nav_goal_sender]: cycle 2 feedback: 7.1957106590271
[INFO] [1789251543.243133043] [nav_goal_sender]: cycle 2 feedback: 7.1957106590271
[INFO] [1789251543.252966795] [nav_goal_sender]: cycle 2 feedback: 6.720710754394531
[INFO] [1789251543.263238150] [nav_goal_sender]: cycle 2 feedback: 6.720710754394531
[INFO] [1789251543.273386503] [nav_goal_sender]: cycle 2 feedback: 6.3207106590271
[INFO] [1789251543.283258756] [nav_goal_sender]: cycle 2 feedback: 6.3207106590271
[INFO] [1789251543.293029807] [nav_goal_sender]: cycle 2 feedback: 5.970710754394531
[INFO] [1789251543.303150261] [nav_goal_sender]: cycle 2 feedback: 5.970710754394531
[INFO] [1789251543.313121014] [nav_goal_sender]: cycle 2 feedback: 5.6957106590271
[INFO] [1789251543.323393768] [nav_goal_sender]: cycle 2 feedback: 5.6957106590271
[INFO] [1789251543.334376726] [nav_goal_sender]: cycle 2 feedback: 5.470710754394531
[INFO] [1789251543.343782876] [nav_goal_sender]: cycle 2 feedback: 5.470710754394531
[INFO] [1789251543.353336227] [nav_goal_sender]: cycle 2 feedback: 5.295710563659668
[INFO] [1789251543.363310379] [nav_goal_sender]: cycle 2 feedback: 5.295710563659668
[INFO] [1789251543.373321432] [nav_goal_sender]: cycle 2 feedback: 5.1957106590271
[INFO] [1789251543.383418586] [nav_goal_sender]: cycle 2 feedback: 5.1957106590271
[INFO] [1789251543.393113137] [nav_goal_sender]: cycle 2 feedback: 5.120710372924805
[INFO] [1789251543.403000589] [nav_goal_sender]: cycle 2 feedback: 5.120710372924805
[INFO] [1789251543.413875447] [nav_goal_sender]: cycle 2 feedback: 5.0707106590271
[INFO] [1789251543.423490198] [nav_goal_sender]: cycle 2 feedback: 5.0707106590271
[INFO] [1789251543.433083149] [nav_goal_sender]: cycle 2 feedback: 5.0707106590271
[INFO] [1789251543.443220802] [nav_goal_sender]: cycle 2 feedback: 5.0707106590271
[INFO] [1789251543.453193955] [nav_goal_sender]: cycle 2 feedback: 5.0707106590271
[INFO] [1789251543.465031318] [nav_goal_sender]: cycle 2 feedback: 5.0707106590271
[INFO] [1789251543.474275867] [nav_goal_sender]: cycle 2 feedback: 5.0707106590271
[INFO] [1789251543.483768417] [nav_goal_sender]: cycle 2 feedback: 5.0707106590271
[INFO] [1789251543.493172067] [nav_goal_sender]: cycle 2 feedback: 5.045710563659668
[INFO] [1789251543.503987024] [nav_goal_sender]: cycle 2 feedback: 5.045710563659668
[INFO] [1789251543.513533874] [nav_goal_sender]: cycle 2 feedback: 5.045710563659668
[INFO] [1789251543.524212531] [nav_goal_sender]: cycle 2 feedback: 5.1457109451293945
[INFO] [1789251543.532898277] [nav_goal_sender]: cycle 2 feedback: 5.1457109451293945
[INFO] [1789251543.543183631] [nav_goal_sender]: cycle 2 feedback: 5.1457109451293945
[INFO] [1789251543.553486786] [nav_goal_sender]: cycle 2 feedback: 5.1457109451293945
[INFO] [1789251543.565359549] [nav_goal_sender]: cycle 2 feedback: 5.1457109451293945
[INFO] [1789251543.572916689] [nav_goal_sender]: cycle 2 feedback: 5.1457109451293945
[INFO] [1789251543.583326844] [nav_goal_sender]: cycle 2 feedback: 5.1457109451293945
[INFO] [1789251543.595245207] [nav_goal_sender]: cycle 2 feedback: 5.120710849761963
[INFO] [1789251543.603009048] [nav_goal_sender]: cycle 2 feedback: 5.120710849761963
[INFO] [1789251543.613450103] [nav_goal_sender]: cycle 2 feedback: 5.120710849761963
[INFO] [1789251543.624465462] [nav_goal_sender]: cycle 2 feedback: 5.120710849761963
[INFO] [1789251543.633452809] [nav_goal_sender]: cycle 2 feedback: 5.120710849761963
[INFO] [1789251543.643607663] [nav_goal_sender]: cycle 2 feedback: 5.120710849761963
[INFO] [1789251543.652843612] [nav_goal_sender]: cycle 2 feedback: 5.120710849761963
[INFO] [1789251543.663171566] [nav_goal_sender]: cycle 2 feedback: 5.120710849761963
[INFO] [1789251543.673366120] [nav_goal_sender]: cycle 2 feedback: 5.120710849761963
[INFO] [1789251543.683210073] [nav_goal_sender]: cycle 2 feedback: 5.120710849761963
[INFO] [1789251543.693012024] [nav_goal_sender]: cycle 2 feedback: 5.120710849761963
[INFO] [1789251543.702924477] [nav_goal_sender]: cycle 2 feedback: 5.120710849761963
[INFO] [1789251543.713432832] [nav_goal_sender]: cycle 2 feedback: 5.120710849761963
[INFO] [1789251543.724336190] [nav_goal_sender]: cycle 2 feedback: 5.120710849761963
[INFO] [1789251543.733550139] [nav_goal_sender]: cycle 2 feedback: 5.0707106590271
[INFO] [1789251543.743827293] [nav_goal_sender]: cycle 2 feedback: 5.0707106590271
[INFO] [1789251543.753688446] [nav_goal_sender]: cycle 2 feedback: 5.0707106590271
[INFO] [1789251543.763020795] [nav_goal_sender]: cycle 2 feedback: 5.0707106590271
[INFO] [1789251543.774865258] [nav_goal_sender]: cycle 2 feedback: 5.0707106590271
[INFO] [1789251543.783776205] [nav_goal_sender]: cycle 2 feedback: 5.0707106590271
[INFO] [1789251543.793784658] [nav_goal_sender]: cycle 2 feedback: 5.0707106590271
[INFO] [1789251543.803120507] [nav_goal_sender]: cycle 2 feedback: 5.0707106590271
[INFO] [1789251543.812791358] [nav_goal_sender]: cycle 2 feedback: 5.0707106590271
[INFO] [1789251543.823760216] [nav_goal_sender]: cycle 2 feedback: 5.0707106590271
[INFO] [1789251543.833359767] [nav_goal_sender]: cycle 2 feedback: 5.045711040496826
[INFO] [1789251543.842853117] [nav_goal_sender]: cycle 2 feedback: 5.045711040496826
[INFO] [1789251543.853375173] [nav_goal_sender]: cycle 2 feedback: 5.045711040496826
[INFO] [1789251543.864414432] [nav_goal_sender]: cycle 2 feedback: 5.045711040496826
[INFO] [1789251543.873791781] [nav_goal_sender]: cycle 2 feedback: 5.095710754394531
[INFO] [1789251543.883865235] [nav_goal_sender]: cycle 2 feedback: 5.095710754394531
[INFO] [1789251543.893944088] [nav_goal_sender]: cycle 2 feedback: 5.172424793243408
[INFO] [1789251543.904138742] [nav_goal_sender]: cycle 2 feedback: 5.172424793243408
[INFO] [1789251543.914813398] [nav_goal_sender]: cycle 2 feedback: 5.172424793243408
[INFO] [1789251543.923805546] [nav_goal_sender]: cycle 2 feedback: 5.172424793243408
[INFO] [1789251543.933786099] [nav_goal_sender]: cycle 2 feedback: 5.172424793243408
[INFO] [1789251543.943238049] [nav_goal_sender]: cycle 2 feedback: 5.172424793243408
[INFO] [1789251543.953003900] [nav_goal_sender]: cycle 2 feedback: 5.172424793243408
[INFO] [1789251543.963610257] [nav_goal_sender]: cycle 2 feedback: 5.172424793243408
[INFO] [1789251543.973561109] [nav_goal_sender]: cycle 2 feedback: 5.172424793243408
[INFO] [1789251543.993850217] [nav_goal_sender]: cycle 2 goal FINISHED: status=6 (re-sending after 1s pause)
[INFO] [1789251544.998678535] [nav_goal_sender]: cycle 3: sending goal x=4.000 y=4.000 yaw=0.000
[INFO] [1789251545.000460044] [nav_goal_sender]: cycle 3 goal ACCEPTED: True
[INFO] [1789251545.001461750] [nav_goal_sender]: cycle 3 feedback: 0.0
[INFO] [1789251545.011083401] [nav_goal_sender]: cycle 3 feedback: 0.0
[INFO] [1789251545.021356955] [nav_goal_sender]: cycle 3 feedback: 7.893421649932861
[INFO] [1789251545.031132307] [nav_goal_sender]: cycle 3 feedback: 7.893421649932861
[INFO] [1789251545.040550257] [nav_goal_sender]: cycle 3 feedback: 7.893421649932861
[INFO] [1789251545.050614210] [nav_goal_sender]: cycle 3 feedback: 7.795710563659668
[INFO] [1789251545.060574163] [nav_goal_sender]: cycle 3 feedback: 7.795710563659668
[INFO] [1789251545.070581716] [nav_goal_sender]: cycle 3 feedback: 7.670710563659668
[INFO] [1789251545.080786070] [nav_goal_sender]: cycle 3 feedback: 7.670710563659668
[INFO] [1789251545.091298825] [nav_goal_sender]: cycle 3 feedback: 7.420710563659668
[INFO] [1789251545.101193278] [nav_goal_sender]: cycle 3 feedback: 7.420710563659668
[INFO] [1789251545.110582627] [nav_goal_sender]: cycle 3 feedback: 7.095710754394531
[INFO] [1789251545.120568480] [nav_goal_sender]: cycle 3 feedback: 7.095710754394531
[INFO] [1789251545.130802534] [nav_goal_sender]: cycle 3 feedback: 6.670710563659668
[INFO] [1789251545.140643686] [nav_goal_sender]: cycle 3 feedback: 6.670710563659668
[INFO] [1789251545.150857740] [nav_goal_sender]: cycle 3 feedback: 6.1957106590271
[INFO] [1789251545.160614792] [nav_goal_sender]: cycle 3 feedback: 6.1957106590271
[INFO] [1789251545.170850546] [nav_goal_sender]: cycle 3 feedback: 5.620710372924805
[INFO] [1789251545.181195601] [nav_goal_sender]: cycle 3 feedback: 5.620710372924805
[INFO] [1789251545.190535450] [nav_goal_sender]: cycle 3 feedback: 5.045710563659668
[INFO] [1789251545.200778205] [nav_goal_sender]: cycle 3 feedback: 5.045710563659668
[INFO] [1789251545.210773558] [nav_goal_sender]: cycle 3 feedback: 4.445710182189941
[INFO] [1789251545.220695510] [nav_goal_sender]: cycle 3 feedback: 4.445710182189941
[INFO] [1789251545.231012565] [nav_goal_sender]: cycle 3 feedback: 4.420710563659668
[INFO] [1789251545.240656216] [nav_goal_sender]: cycle 3 feedback: 4.420710563659668
[INFO] [1789251545.251030071] [nav_goal_sender]: cycle 3 feedback: 4.420710563659668
[INFO] [1789251545.261011123] [nav_goal_sender]: cycle 3 feedback: 4.420710563659668
[INFO] [1789251545.270534674] [nav_goal_sender]: cycle 3 feedback: 4.395710468292236
[INFO] [1789251545.281591532] [nav_goal_sender]: cycle 3 feedback: 4.395710468292236
[INFO] [1789251545.290804881] [nav_goal_sender]: cycle 3 feedback: 4.395710468292236
[INFO] [1789251545.301035635] [nav_goal_sender]: cycle 3 feedback: 4.395710468292236
[INFO] [1789251545.310545786] [nav_goal_sender]: cycle 3 feedback: 4.395710468292236
[INFO] [1789251545.320745440] [nav_goal_sender]: cycle 3 feedback: 4.395710468292236
[INFO] [1789251545.331074094] [nav_goal_sender]: cycle 3 feedback: 4.395710468292236
[INFO] [1789251545.340978247] [nav_goal_sender]: cycle 3 feedback: 4.395710468292236
[INFO] [1789251545.351103600] [nav_goal_sender]: cycle 3 feedback: 4.395710468292236
[INFO] [1789251545.360896152] [nav_goal_sender]: cycle 3 feedback: 4.395710468292236
[INFO] [1789251545.370531703] [nav_goal_sender]: cycle 3 feedback: 4.370710849761963
[INFO] [1789251545.380619057] [nav_goal_sender]: cycle 3 feedback: 4.370710849761963
[INFO] [1789251545.390566709] [nav_goal_sender]: cycle 3 feedback: 4.370710849761963
[INFO] [1789251545.401142265] [nav_goal_sender]: cycle 3 feedback: 4.370710849761963
[INFO] [1789251545.411092918] [nav_goal_sender]: cycle 3 feedback: 4.370710849761963
[INFO] [1789251545.421039270] [nav_goal_sender]: cycle 3 feedback: 4.370710849761963
[INFO] [1789251545.430613621] [nav_goal_sender]: cycle 3 feedback: 4.370710849761963
[INFO] [1789251545.441144777] [nav_goal_sender]: cycle 3 feedback: 4.370710849761963
[INFO] [1789251545.450515326] [nav_goal_sender]: cycle 3 feedback: 4.370710849761963
[INFO] [1789251545.461291084] [nav_goal_sender]: cycle 3 feedback: 4.370710849761963
[INFO] [1789251545.470765834] [nav_goal_sender]: cycle 3 feedback: 4.370710849761963
[INFO] [1789251545.480849687] [nav_goal_sender]: cycle 3 feedback: 4.370710849761963
[INFO] [1789251545.490637639] [nav_goal_sender]: cycle 3 feedback: 4.345710277557373
[INFO] [1789251545.500875093] [nav_goal_sender]: cycle 3 feedback: 4.345710277557373
[INFO] [1789251545.510774345] [nav_goal_sender]: cycle 3 feedback: 4.345710277557373
[INFO] [1789251545.520614598] [nav_goal_sender]: cycle 3 feedback: 4.345710277557373
[INFO] [1789251545.530843352] [nav_goal_sender]: cycle 3 feedback: 4.345710277557373
[INFO] [1789251545.540763404] [nav_goal_sender]: cycle 3 feedback: 4.345710277557373
[INFO] [1789251545.550626756] [nav_goal_sender]: cycle 3 feedback: 4.345710277557373
[INFO] [1789251545.561133312] [nav_goal_sender]: cycle 3 feedback: 4.345710277557373
[INFO] [1789251545.570715963] [nav_goal_sender]: cycle 3 feedback: 4.345710277557373
[INFO] [1789251545.580995017] [nav_goal_sender]: cycle 3 feedback: 4.345710277557373
[INFO] [1789251545.590577968] [nav_goal_sender]: cycle 3 feedback: 4.320710182189941
[INFO] [1789251545.600801122] [nav_goal_sender]: cycle 3 feedback: 4.320710182189941
[INFO] [1789251545.610634874] [nav_goal_sender]: cycle 3 feedback: 4.320710182189941
[INFO] [1789251545.620481326] [nav_goal_sender]: cycle 3 feedback: 4.320710182189941
[INFO] [1789251545.631730886] [nav_goal_sender]: cycle 3 feedback: 4.420710563659668
[INFO] [1789251545.640629433] [nav_goal_sender]: cycle 3 feedback: 4.420710563659668
[INFO] [1789251545.650610586] [nav_goal_sender]: cycle 3 feedback: 4.520710468292236
[INFO] [1789251545.660914140] [nav_goal_sender]: cycle 3 feedback: 4.520710468292236
[INFO] [1789251545.670680792] [nav_goal_sender]: cycle 3 feedback: 4.620710849761963
[INFO] [1789251545.681055247] [nav_goal_sender]: cycle 3 feedback: 4.620710849761963
[INFO] [1789251545.690636397] [nav_goal_sender]: cycle 3 feedback: 4.6957106590271
[INFO] [1789251545.700668150] [nav_goal_sender]: cycle 3 feedback: 4.6957106590271
[INFO] [1789251545.710886305] [nav_goal_sender]: cycle 3 feedback: 4.795710563659668
[INFO] [1789251545.720918158] [nav_goal_sender]: cycle 3 feedback: 4.795710563659668
[INFO] [1789251545.730890210] [nav_goal_sender]: cycle 3 feedback: 4.870710372924805
[INFO] [1789251545.740698262] [nav_goal_sender]: cycle 3 feedback: 4.870710372924805
[INFO] [1789251545.750584215] [nav_goal_sender]: cycle 3 feedback: 4.970710277557373
[INFO] [1789251545.761089570] [nav_goal_sender]: cycle 3 feedback: 4.970710277557373
[INFO] [1789251545.770578521] [nav_goal_sender]: cycle 3 feedback: 5.045710563659668
[INFO] [1789251545.781160577] [nav_goal_sender]: cycle 3 feedback: 5.045710563659668
[INFO] [1789251545.791040029] [nav_goal_sender]: cycle 3 feedback: 5.120710372924805
[INFO] [1789251545.801105382] [nav_goal_sender]: cycle 3 feedback: 5.120710372924805
[INFO] [1789251545.810546332] [nav_goal_sender]: cycle 3 feedback: 5.170710563659668
[INFO] [1789251545.820460485] [nav_goal_sender]: cycle 3 feedback: 5.170710563659668
[INFO] [1789251545.830680339] [nav_goal_sender]: cycle 3 feedback: 5.170710563659668
[INFO] [1789251545.840702692] [nav_goal_sender]: cycle 3 feedback: 5.170710563659668
[INFO] [1789251545.850569644] [nav_goal_sender]: cycle 3 feedback: 5.170710563659668
[INFO] [1789251545.860446796] [nav_goal_sender]: cycle 3 feedback: 5.170710563659668
[INFO] [1789251545.870659150] [nav_goal_sender]: cycle 3 feedback: 5.170710563659668
[INFO] [1789251545.881284606] [nav_goal_sender]: cycle 3 feedback: 5.170710563659668
[INFO] [1789251545.891287059] [nav_goal_sender]: cycle 3 feedback: 5.170710563659668
[INFO] [1789251545.901377013] [nav_goal_sender]: cycle 3 feedback: 5.170710563659668
[INFO] [1789251545.911242765] [nav_goal_sender]: cycle 3 feedback: 5.145710468292236
[INFO] [1789251545.920544814] [nav_goal_sender]: cycle 3 feedback: 5.145710468292236
[INFO] [1789251545.931134870] [nav_goal_sender]: cycle 3 feedback: 5.145710468292236
[INFO] [1789251545.941012423] [nav_goal_sender]: cycle 3 feedback: 5.145710468292236
[INFO] [1789251545.950681574] [nav_goal_sender]: cycle 3 feedback: 5.145710468292236
[INFO] [1789251545.960744127] [nav_goal_sender]: cycle 3 feedback: 5.145710468292236
[INFO] [1789251545.970561079] [nav_goal_sender]: cycle 3 feedback: 5.145710468292236
[INFO] [1789251545.980833133] [nav_goal_sender]: cycle 3 feedback: 5.145710468292236
[INFO] [1789251545.990542885] [nav_goal_sender]: cycle 3 feedback: 5.145710468292236
[INFO] [1789251546.000548838] [nav_goal_sender]: cycle 3 feedback: 5.145710468292236
[INFO] [1789251546.010537291] [nav_goal_sender]: cycle 3 feedback: 5.145710468292236
[INFO] [1789251546.020463343] [nav_goal_sender]: cycle 3 feedback: 5.145710468292236
[INFO] [1789251546.031313001] [nav_goal_sender]: cycle 3 feedback: 5.145710468292236
[INFO] [1789251546.040481549] [nav_goal_sender]: cycle 3 feedback: 5.145710468292236
[INFO] [1789251546.051164206] [nav_goal_sender]: cycle 3 feedback: 5.245710849761963
[INFO] [1789251546.060495255] [nav_goal_sender]: cycle 3 feedback: 5.245710849761963
[INFO] [1789251546.071247212] [nav_goal_sender]: cycle 3 feedback: 5.245710849761963
[INFO] [1789251546.080775362] [nav_goal_sender]: cycle 3 feedback: 5.245710849761963
[INFO] [1789251546.090879116] [nav_goal_sender]: cycle 3 feedback: 5.245710849761963
[INFO] [1789251546.100927669] [nav_goal_sender]: cycle 3 feedback: 5.245710849761963
[INFO] [1789251546.110520220] [nav_goal_sender]: cycle 3 feedback: 5.245710849761963
[INFO] [1789251546.120454772] [nav_goal_sender]: cycle 3 feedback: 5.245710849761963
[INFO] [1789251546.130577726] [nav_goal_sender]: cycle 3 feedback: 5.245710849761963
[INFO] [1789251546.140452578] [nav_goal_sender]: cycle 3 feedback: 5.245710849761963
[INFO] [1789251546.150579332] [nav_goal_sender]: cycle 3 feedback: 5.245710849761963
[INFO] [1789251546.160589285] [nav_goal_sender]: cycle 3 feedback: 5.245710849761963
[INFO] [1789251546.170793839] [nav_goal_sender]: cycle 3 feedback: 5.245710849761963
[INFO] [1789251546.180610091] [nav_goal_sender]: cycle 3 feedback: 5.245710849761963
[INFO] [1789251546.190476443] [nav_goal_sender]: cycle 3 feedback: 5.245710849761963
[INFO] [1789251546.200685997] [nav_goal_sender]: cycle 3 feedback: 5.245710849761963
[INFO] [1789251546.210474749] [nav_goal_sender]: cycle 3 feedback: 5.245710849761963
[INFO] [1789251546.220498002] [nav_goal_sender]: cycle 3 feedback: 5.245710849761963
[INFO] [1789251546.230969857] [nav_goal_sender]: cycle 3 feedback: 5.270931720733643
[INFO] [1789251546.240694909] [nav_goal_sender]: cycle 3 feedback: 5.270931720733643
[INFO] [1789251546.250546361] [nav_goal_sender]: cycle 3 feedback: 5.270931720733643
[INFO] [1789251546.260481113] [nav_goal_sender]: cycle 3 feedback: 5.270931720733643
[INFO] [1789251546.270728768] [nav_goal_sender]: cycle 3 feedback: 5.270931720733643
[INFO] [1789251546.280572220] [nav_goal_sender]: cycle 3 feedback: 5.270931720733643
[INFO] [1789251546.290468372] [nav_goal_sender]: cycle 3 feedback: 5.270931720733643
[INFO] [1789251546.300604926] [nav_goal_sender]: cycle 3 feedback: 5.270931720733643
[INFO] [1789251546.310723079] [nav_goal_sender]: cycle 3 feedback: 5.270931720733643
[INFO] [1789251546.320500431] [nav_goal_sender]: cycle 3 feedback: 5.270931720733643
[INFO] [1789251546.330701985] [nav_goal_sender]: cycle 3 feedback: 5.270931720733643
[INFO] [1789251546.340503937] [nav_goal_sender]: cycle 3 feedback: 5.270931720733643
[INFO] [1789251546.350713791] [nav_goal_sender]: cycle 3 feedback: 5.270931720733643
[INFO] [1789251546.360486443] [nav_goal_sender]: cycle 3 feedback: 5.270931720733643
[INFO] [1789251546.370844598] [nav_goal_sender]: cycle 3 feedback: 5.270931720733643
[INFO] [1789251546.380398348] [nav_goal_sender]: cycle 3 feedback: 5.270931720733643
[INFO] [1789251546.400585855] [nav_goal_sender]: cycle 3 goal FINISHED: status=6 (re-sending after 1s pause)
[INFO] [1789251547.404742970] [nav_goal_sender]: cycle 4: sending goal x=4.000 y=4.000 yaw=0.000
[INFO] [1789251547.406988882] [nav_goal_sender]: cycle 4 goal ACCEPTED: True
[INFO] [1789251547.408245788] [nav_goal_sender]: cycle 4 feedback: 0.0
[INFO] [1789251547.417019635] [nav_goal_sender]: cycle 4 feedback: 0.0
[INFO] [1789251547.427678591] [nav_goal_sender]: cycle 4 feedback: 0.0
[INFO] [1789251547.437139641] [nav_goal_sender]: cycle 4 feedback: 0.0
[INFO] [1789251547.446563591] [nav_goal_sender]: cycle 4 feedback: 0.0
[INFO] [1789251547.456734945] [nav_goal_sender]: cycle 4 feedback: 0.0
[INFO] [1789251547.466836898] [nav_goal_sender]: cycle 4 feedback: 0.0
[INFO] [1789251547.476742451] [nav_goal_sender]: cycle 4 feedback: 0.0
[INFO] [1789251547.486771804] [nav_goal_sender]: cycle 4 feedback: 0.0
[INFO] [1789251547.496632256] [nav_goal_sender]: cycle 4 feedback: 0.0
[INFO] [1789251547.506747810] [nav_goal_sender]: cycle 4 feedback: 0.0
[INFO] [1789251547.516666862] [nav_goal_sender]: cycle 4 feedback: 0.0
[INFO] [1789251547.526643615] [nav_goal_sender]: cycle 4 feedback: 0.0
[INFO] [1789251547.536802169] [nav_goal_sender]: cycle 4 feedback: 0.0
[INFO] [1789251547.547124923] [nav_goal_sender]: cycle 4 feedback: 0.0
[INFO] [1789251547.557093776] [nav_goal_sender]: cycle 4 feedback: 0.0
[INFO] [1789251547.566855228] [nav_goal_sender]: cycle 4 feedback: 0.0
[INFO] [1789251547.576612879] [nav_goal_sender]: cycle 4 feedback: 0.0
[INFO] [1789251547.587121635] [nav_goal_sender]: cycle 4 feedback: 0.0
[INFO] [1789251547.597019187] [nav_goal_sender]: cycle 4 feedback: 0.0
[INFO] [1789251547.607287542] [nav_goal_sender]: cycle 4 feedback: 0.0
[INFO] [1789251547.616668591] [nav_goal_sender]: cycle 4 feedback: 0.0
[INFO] [1789251547.626654144] [nav_goal_sender]: cycle 4 feedback: 0.0
[INFO] [1789251547.636750598] [nav_goal_sender]: cycle 4 feedback: 0.0
[INFO] [1789251547.646726350] [nav_goal_sender]: cycle 4 feedback: 0.0
[INFO] [1789251547.656820004] [nav_goal_sender]: cycle 4 feedback: 0.0
[INFO] [1789251547.666787757] [nav_goal_sender]: cycle 4 feedback: 0.0
[INFO] [1789251547.676673609] [nav_goal_sender]: cycle 4 feedback: 0.0
[INFO] [1789251547.687409766] [nav_goal_sender]: cycle 4 feedback: 0.0
[INFO] [1789251547.696609914] [nav_goal_sender]: cycle 4 feedback: 0.0
[INFO] [1789251547.707384971] [nav_goal_sender]: cycle 4 feedback: 0.0
[INFO] [1789251547.716604720] [nav_goal_sender]: cycle 4 feedback: 0.0
[INFO] [1789251547.726691174] [nav_goal_sender]: cycle 4 feedback: 0.0
[INFO] [1789251547.737154329] [nav_goal_sender]: cycle 4 feedback: 0.0
[INFO] [1789251547.746845280] [nav_goal_sender]: cycle 4 feedback: 0.0
[INFO] [1789251547.757387236] [nav_goal_sender]: cycle 4 feedback: 0.0
[INFO] [1789251547.766766086] [nav_goal_sender]: cycle 4 feedback: 0.0
[INFO] [1789251547.776726838] [nav_goal_sender]: cycle 4 feedback: 0.0
[INFO] [1789251547.786864092] [nav_goal_sender]: cycle 4 feedback: 0.0
[INFO] [1789251547.796619244] [nav_goal_sender]: cycle 4 feedback: 0.0
[INFO] [1789251547.806909198] [nav_goal_sender]: cycle 4 feedback: 0.0
[INFO] [1789251547.816883851] [nav_goal_sender]: cycle 4 feedback: 0.0
[INFO] [1789251547.826891204] [nav_goal_sender]: cycle 4 feedback: 0.0
[INFO] [1789251547.836821557] [nav_goal_sender]: cycle 4 feedback: 0.0
[INFO] [1789251547.847444713] [nav_goal_sender]: cycle 4 feedback: 0.0
[INFO] [1789251547.856933263] [nav_goal_sender]: cycle 4 feedback: 0.0
[INFO] [1789251547.866795715] [nav_goal_sender]: cycle 4 feedback: 0.0
[INFO] [1789251547.876644667] [nav_goal_sender]: cycle 4 feedback: 0.0
[INFO] [1789251547.886662920] [nav_goal_sender]: cycle 4 feedback: 0.0
[INFO] [1789251547.896783374] [nav_goal_sender]: cycle 4 feedback: 0.0
[INFO] [1789251547.906629126] [nav_goal_sender]: cycle 4 feedback: 0.0
[INFO] [1789251547.916654079] [nav_goal_sender]: cycle 4 feedback: 0.0
[INFO] [1789251547.926616932] [nav_goal_sender]: cycle 4 feedback: 0.0
[INFO] [1789251547.936766685] [nav_goal_sender]: cycle 4 feedback: 0.0
[INFO] [1789251547.946822839] [nav_goal_sender]: cycle 4 feedback: 0.0
[INFO] [1789251547.956745691] [nav_goal_sender]: cycle 4 feedback: 0.0
[INFO] [1789251547.966738244] [nav_goal_sender]: cycle 4 feedback: 0.0
[INFO] [1789251547.976649597] [nav_goal_sender]: cycle 4 feedback: 0.0
[INFO] [1789251547.986659350] [nav_goal_sender]: cycle 4 feedback: 0.0
[INFO] [1789251547.996657602] [nav_goal_sender]: cycle 4 feedback: 0.0
[INFO] [1789251548.006615255] [nav_goal_sender]: cycle 4 feedback: 0.0
[INFO] [1789251548.016692309] [nav_goal_sender]: cycle 4 feedback: 0.0
[INFO] [1789251548.026607461] [nav_goal_sender]: cycle 4 feedback: 0.0
[INFO] [1789251548.036763615] [nav_goal_sender]: cycle 4 feedback: 0.0
[INFO] [1789251548.046610867] [nav_goal_sender]: cycle 4 feedback: 0.0
[INFO] [1789251548.056666920] [nav_goal_sender]: cycle 4 feedback: 0.0
[INFO] [1789251548.066711673] [nav_goal_sender]: cycle 4 feedback: 0.0
[INFO] [1789251548.076680226] [nav_goal_sender]: cycle 4 feedback: 0.0
[INFO] [1789251548.086846280] [nav_goal_sender]: cycle 4 feedback: 0.0
[INFO] [1789251548.096648132] [nav_goal_sender]: cycle 4 feedback: 0.0
[INFO] [1789251548.106687085] [nav_goal_sender]: cycle 4 feedback: 0.0
[INFO] [1789251548.116617637] [nav_goal_sender]: cycle 4 feedback: 0.0
[INFO] [1789251548.126687691] [nav_goal_sender]: cycle 4 feedback: 0.0
[INFO] [1789251548.136693444] [nav_goal_sender]: cycle 4 feedback: 0.0
[INFO] [1789251548.146603596] [nav_goal_sender]: cycle 4 feedback: 0.0
[INFO] [1789251548.156738050] [nav_goal_sender]: cycle 4 feedback: 0.0
[INFO] [1789251548.166809403] [nav_goal_sender]: cycle 4 feedback: 0.0
[INFO] [1789251548.176657155] [nav_goal_sender]: cycle 4 feedback: 0.0
[INFO] [1789251548.186780809] [nav_goal_sender]: cycle 4 feedback: 0.0
[INFO] [1789251548.196554860] [nav_goal_sender]: cycle 4 feedback: 0.0
[INFO] [1789251548.206816115] [nav_goal_sender]: cycle 4 feedback: 0.0
[INFO] [1789251548.216794868] [nav_goal_sender]: cycle 4 feedback: 0.0
[INFO] [1789251548.226632320] [nav_goal_sender]: cycle 4 feedback: 0.0
[INFO] [1789251548.236779973] [nav_goal_sender]: cycle 4 feedback: 0.0
[INFO] [1789251548.246731126] [nav_goal_sender]: cycle 4 feedback: 0.0
[INFO] [1789251548.258120586] [nav_goal_sender]: cycle 4 feedback: 0.0
[INFO] [1789251548.266699832] [nav_goal_sender]: cycle 4 feedback: 0.0
[INFO] [1789251548.276617884] [nav_goal_sender]: cycle 4 feedback: 0.0
[INFO] [1789251548.287188740] [nav_goal_sender]: cycle 4 feedback: 0.0
[INFO] [1789251548.296619990] [nav_goal_sender]: cycle 4 feedback: 0.0
[INFO] [1789251548.308362952] [nav_goal_sender]: cycle 4 feedback: 0.0
[INFO] [1789251548.318771307] [nav_goal_sender]: cycle 4 feedback: 0.0
[INFO] [1789251548.326612249] [nav_goal_sender]: cycle 4 feedback: 0.0
[INFO] [1789251548.336712002] [nav_goal_sender]: cycle 4 feedback: 0.0
[INFO] [1789251548.346608155] [nav_goal_sender]: cycle 4 feedback: 0.0
[INFO] [1789251548.358142416] [nav_goal_sender]: cycle 4 feedback: 0.0
[INFO] [1789251548.367006963] [nav_goal_sender]: cycle 4 feedback: 0.0
[INFO] [1789251548.376552413] [nav_goal_sender]: cycle 4 feedback: 0.0
[INFO] [1789251548.386801067] [nav_goal_sender]: cycle 4 feedback: 0.0
[INFO] [1789251548.396618019] [nav_goal_sender]: cycle 4 feedback: 0.0
[INFO] [1789251548.407080075] [nav_goal_sender]: cycle 4 feedback: 0.0
[INFO] [1789251548.416996527] [nav_goal_sender]: cycle 4 feedback: 0.0
[INFO] [1789251548.426604478] [nav_goal_sender]: cycle 4 feedback: 0.0
[INFO] [1789251548.437087934] [nav_goal_sender]: cycle 4 feedback: 0.0
[INFO] [1789251548.447259587] [nav_goal_sender]: cycle 4 feedback: 0.0
[INFO] [1789251548.456633437] [nav_goal_sender]: cycle 4 feedback: 0.0
[INFO] [1789251548.466800091] [nav_goal_sender]: cycle 4 feedback: 0.0
[INFO] [1789251548.477193746] [nav_goal_sender]: cycle 4 feedback: 0.0
[INFO] [1789251548.487346600] [nav_goal_sender]: cycle 4 feedback: 0.0
[INFO] [1789251548.497322552] [nav_goal_sender]: cycle 4 feedback: 0.0
[INFO] [1789251548.506595501] [nav_goal_sender]: cycle 4 feedback: 0.0
[INFO] [1789251548.516737855] [nav_goal_sender]: cycle 4 feedback: 0.0
[INFO] [1789251548.526681708] [nav_goal_sender]: cycle 4 feedback: 0.0
[INFO] [1789251548.537187863] [nav_goal_sender]: cycle 4 feedback: 0.0
[INFO] [1789251548.546709814] [nav_goal_sender]: cycle 4 feedback: 0.0
[INFO] [1789251548.556859167] [nav_goal_sender]: cycle 4 feedback: 0.0
[INFO] [1789251548.566995921] [nav_goal_sender]: cycle 4 feedback: 0.0
[INFO] [1789251548.576722873] [nav_goal_sender]: cycle 4 feedback: 0.0
[INFO] [1789251548.587550930] [nav_goal_sender]: cycle 4 feedback: 0.0
[INFO] [1789251548.597299281] [nav_goal_sender]: cycle 4 feedback: 0.0
[INFO] [1789251548.606911132] [nav_goal_sender]: cycle 4 feedback: 0.0
[INFO] [1789251548.616842585] [nav_goal_sender]: cycle 4 feedback: 0.0
[INFO] [1789251548.626616737] [nav_goal_sender]: cycle 4 feedback: 0.0
[INFO] [1789251548.636677290] [nav_goal_sender]: cycle 4 feedback: 0.0
[INFO] [1789251548.646850244] [nav_goal_sender]: cycle 4 feedback: 0.0
[INFO] [1789251548.657054198] [nav_goal_sender]: cycle 4 feedback: 0.0
[INFO] [1789251548.666741749] [nav_goal_sender]: cycle 4 feedback: 0.0
[INFO] [1789251548.676792802] [nav_goal_sender]: cycle 4 feedback: 0.0
[INFO] [1789251548.686904356] [nav_goal_sender]: cycle 4 feedback: 0.0
[INFO] [1789251548.697201310] [nav_goal_sender]: cycle 4 feedback: 0.0
[INFO] [1789251548.706870861] [nav_goal_sender]: cycle 4 feedback: 0.0
[INFO] [1789251548.717133916] [nav_goal_sender]: cycle 4 feedback: 0.0
[INFO] [1789251548.726931168] [nav_goal_sender]: cycle 4 feedback: 0.0
[INFO] [1789251548.737219422] [nav_goal_sender]: cycle 4 feedback: 0.0
[INFO] [1789251548.746608372] [nav_goal_sender]: cycle 4 feedback: 0.0
[INFO] [1789251548.757113927] [nav_goal_sender]: cycle 4 feedback: 0.0
[INFO] [1789251548.767257181] [nav_goal_sender]: cycle 4 feedback: 0.0
[INFO] [1789251548.776629831] [nav_goal_sender]: cycle 4 feedback: 0.0
[INFO] [1789251548.786872385] [nav_goal_sender]: cycle 4 feedback: 0.0
[INFO] [1789251548.796621636] [nav_goal_sender]: cycle 4 feedback: 0.0
[INFO] [1789251548.806627289] [nav_goal_sender]: cycle 4 feedback: 0.0
[INFO] [1789251548.816887744] [nav_goal_sender]: cycle 4 feedback: 0.0
[INFO] [1789251548.826649395] [nav_goal_sender]: cycle 4 feedback: 0.0
[INFO] [1789251548.837131651] [nav_goal_sender]: cycle 4 feedback: 0.0
[INFO] [1789251548.846682001] [nav_goal_sender]: cycle 4 feedback: 0.0
[INFO] [1789251548.856672354] [nav_goal_sender]: cycle 4 feedback: 0.0
[INFO] [1789251548.867025009] [nav_goal_sender]: cycle 4 feedback: 0.0
[INFO] [1789251548.876627860] [nav_goal_sender]: cycle 4 feedback: 0.0
[INFO] [1789251548.886694913] [nav_goal_sender]: cycle 4 feedback: 0.0
[INFO] [1789251548.896640266] [nav_goal_sender]: cycle 4 feedback: 0.0
[INFO] [1789251548.906644019] [nav_goal_sender]: cycle 4 feedback: 0.0
[INFO] [1789251548.916666172] [nav_goal_sender]: cycle 4 feedback: 0.0
[INFO] [1789251548.926667025] [nav_goal_sender]: cycle 4 feedback: 0.0
[INFO] [1789251548.936652078] [nav_goal_sender]: cycle 4 feedback: 0.0
[INFO] [1789251548.946704331] [nav_goal_sender]: cycle 4 feedback: 0.0
[INFO] [1789251548.956729384] [nav_goal_sender]: cycle 4 feedback: 0.0
[INFO] [1789251548.966735437] [nav_goal_sender]: cycle 4 feedback: 0.0
[INFO] [1789251548.976676789] [nav_goal_sender]: cycle 4 feedback: 0.0
[INFO] [1789251548.986690742] [nav_goal_sender]: cycle 4 feedback: 0.0
[INFO] [1789251548.996702095] [nav_goal_sender]: cycle 4 feedback: 0.0
[INFO] [1789251549.006625148] [nav_goal_sender]: cycle 4 feedback: 0.0
[INFO] [1789251549.016628501] [nav_goal_sender]: cycle 4 feedback: 0.0
[INFO] [1789251549.026616854] [nav_goal_sender]: cycle 4 feedback: 0.0
[INFO] [1789251549.036629407] [nav_goal_sender]: cycle 4 feedback: 0.0
[INFO] [1789251549.046624860] [nav_goal_sender]: cycle 4 feedback: 0.0
[INFO] [1789251549.056660313] [nav_goal_sender]: cycle 4 feedback: 0.0
[INFO] [1789251549.066757266] [nav_goal_sender]: cycle 4 feedback: 0.0
[INFO] [1789251549.076620818] [nav_goal_sender]: cycle 4 feedback: 0.0
[INFO] [1789251549.086611471] [nav_goal_sender]: cycle 4 feedback: 0.0
[INFO] [1789251549.096635824] [nav_goal_sender]: cycle 4 feedback: 0.0
[INFO] [1789251549.106597977] [nav_goal_sender]: cycle 4 feedback: 0.0
[INFO] [1789251549.116940732] [nav_goal_sender]: cycle 4 feedback: 0.0
[INFO] [1789251549.126611183] [nav_goal_sender]: cycle 4 feedback: 0.0
[INFO] [1789251549.136621736] [nav_goal_sender]: cycle 4 feedback: 0.0
[INFO] [1789251549.146629789] [nav_goal_sender]: cycle 4 feedback: 0.0
[INFO] [1789251549.156701542] [nav_goal_sender]: cycle 4 feedback: 0.0
[INFO] [1789251549.166857196] [nav_goal_sender]: cycle 4 feedback: 0.0
[INFO] [1789251549.176718148] [nav_goal_sender]: cycle 4 feedback: 0.0
[INFO] [1789251549.186691701] [nav_goal_sender]: cycle 4 feedback: 0.0
[INFO] [1789251549.196740154] [nav_goal_sender]: cycle 4 feedback: 0.0
[INFO] [1789251549.206621706] [nav_goal_sender]: cycle 4 feedback: 0.0
[INFO] [1789251549.216626359] [nav_goal_sender]: cycle 4 feedback: 0.0
[INFO] [1789251549.226704913] [nav_goal_sender]: cycle 4 feedback: 0.0
[INFO] [1789251549.236738066] [nav_goal_sender]: cycle 4 feedback: 0.0
[INFO] [1789251549.246591618] [nav_goal_sender]: cycle 4 feedback: 0.0
[INFO] [1789251549.258571081] [nav_goal_sender]: cycle 4 feedback: 0.0
[INFO] [1789251549.266800625] [nav_goal_sender]: cycle 4 feedback: 0.0
[INFO] [1789251549.276642277] [nav_goal_sender]: cycle 4 feedback: 0.0
[INFO] [1789251549.287694635] [nav_goal_sender]: cycle 4 feedback: 0.0
[INFO] [1789251549.296692683] [nav_goal_sender]: cycle 4 feedback: 0.0
[INFO] [1789251549.306631436] [nav_goal_sender]: cycle 4 feedback: 0.0
[INFO] [1789251549.316685889] [nav_goal_sender]: cycle 4 feedback: 0.0
[INFO] [1789251549.327269745] [nav_goal_sender]: cycle 4 feedback: 0.0
[INFO] [1789251549.336611594] [nav_goal_sender]: cycle 4 feedback: 0.0
[INFO] [1789251549.346670148] [nav_goal_sender]: cycle 4 feedback: 0.0
[INFO] [1789251549.356677201] [nav_goal_sender]: cycle 4 feedback: 0.0
[INFO] [1789251549.366711054] [nav_goal_sender]: cycle 4 feedback: 0.0
[INFO] [1789251549.376639506] [nav_goal_sender]: cycle 4 feedback: 0.0
[INFO] [1789251549.386604659] [nav_goal_sender]: cycle 4 feedback: 0.0
[INFO] [1789251549.396557012] [nav_goal_sender]: cycle 4 feedback: 0.0
[INFO] [1789251549.406641465] [nav_goal_sender]: cycle 4 feedback: 0.0
[INFO] [1789251549.416644118] [nav_goal_sender]: cycle 4 feedback: 0.0
[INFO] [1789251549.426619271] [nav_goal_sender]: cycle 4 feedback: 0.0
[INFO] [1789251549.436626324] [nav_goal_sender]: cycle 4 feedback: 0.0
[INFO] [1789251549.446617077] [nav_goal_sender]: cycle 4 feedback: 0.0
[INFO] [1789251549.456718430] [nav_goal_sender]: cycle 4 feedback: 0.0
[INFO] [1789251549.467269286] [nav_goal_sender]: cycle 4 feedback: 0.0
[INFO] [1789251549.476628035] [nav_goal_sender]: cycle 4 feedback: 0.0
[INFO] [1789251549.486812889] [nav_goal_sender]: cycle 4 feedback: 0.0
[INFO] [1789251549.496725642] [nav_goal_sender]: cycle 4 feedback: 0.0
[INFO] [1789251549.506765495] [nav_goal_sender]: cycle 4 feedback: 0.0
[INFO] [1789251549.517023649] [nav_goal_sender]: cycle 4 feedback: 0.0
[INFO] [1789251549.527010102] [nav_goal_sender]: cycle 4 feedback: 0.0
[INFO] [1789251549.537644958] [nav_goal_sender]: cycle 4 feedback: 0.0
[INFO] [1789251549.547716312] [nav_goal_sender]: cycle 4 feedback: 0.0
[INFO] [1789251549.557785065] [nav_goal_sender]: cycle 4 feedback: 0.0
[INFO] [1789251549.566859513] [nav_goal_sender]: cycle 4 feedback: 0.0
[INFO] [1789251549.577017067] [nav_goal_sender]: cycle 4 feedback: 0.0
[INFO] [1789251549.586718318] [nav_goal_sender]: cycle 4 feedback: 0.0
[INFO] [1789251549.596579770] [nav_goal_sender]: cycle 4 feedback: 0.0
[INFO] [1789251549.606699224] [nav_goal_sender]: cycle 4 feedback: 0.0
[INFO] [1789251549.616607576] [nav_goal_sender]: cycle 4 feedback: 0.0
[INFO] [1789251549.626630029] [nav_goal_sender]: cycle 4 feedback: 0.0
[INFO] [1789251549.636707683] [nav_goal_sender]: cycle 4 feedback: 0.0
[INFO] [1789251549.646845136] [nav_goal_sender]: cycle 4 feedback: 0.0
[INFO] [1789251549.656710789] [nav_goal_sender]: cycle 4 feedback: 0.0
[INFO] [1789251549.666692141] [nav_goal_sender]: cycle 4 feedback: 0.0
[INFO] [1789251549.676648694] [nav_goal_sender]: cycle 4 feedback: 0.0
[INFO] [1789251549.687023449] [nav_goal_sender]: cycle 4 feedback: 0.0
[INFO] [1789251549.696971402] [nav_goal_sender]: cycle 4 feedback: 0.0
[INFO] [1789251549.706784854] [nav_goal_sender]: cycle 4 feedback: 0.0
[INFO] [1789251549.716815507] [nav_goal_sender]: cycle 4 feedback: 0.0
[INFO] [1789251549.726695259] [nav_goal_sender]: cycle 4 feedback: 0.0
[INFO] [1789251549.737479516] [nav_goal_sender]: cycle 4 feedback: 0.0
[INFO] [1789251549.746648365] [nav_goal_sender]: cycle 4 feedback: 0.0
[INFO] [1789251549.756713618] [nav_goal_sender]: cycle 4 feedback: 0.0
[INFO] [1789251549.767272774] [nav_goal_sender]: cycle 4 feedback: 0.0
[INFO] [1789251549.776651523] [nav_goal_sender]: cycle 4 feedback: 0.0
[INFO] [1789251549.786939778] [nav_goal_sender]: cycle 4 feedback: 0.0
[INFO] [1789251549.796806230] [nav_goal_sender]: cycle 4 feedback: 0.0
[INFO] [1789251549.807112685] [nav_goal_sender]: cycle 4 feedback: 0.0
[INFO] [1789251549.816830636] [nav_goal_sender]: cycle 4 feedback: 0.0
[INFO] [1789251549.826816589] [nav_goal_sender]: cycle 4 feedback: 0.0
[INFO] [1789251549.836824342] [nav_goal_sender]: cycle 4 feedback: 0.0
[INFO] [1789251549.847040496] [nav_goal_sender]: cycle 4 feedback: 0.0
[INFO] [1789251549.856851048] [nav_goal_sender]: cycle 4 feedback: 0.0
[INFO] [1789251549.866759600] [nav_goal_sender]: cycle 4 feedback: 0.0
[INFO] [1789251549.876826354] [nav_goal_sender]: cycle 4 feedback: 0.0
[INFO] [1789251549.886810806] [nav_goal_sender]: cycle 4 feedback: 0.0
[INFO] [1789251549.896681959] [nav_goal_sender]: cycle 4 feedback: 0.0
[INFO] [1789251549.906921813] [nav_goal_sender]: cycle 4 feedback: 0.0
[INFO] [1789251549.917031966] [nav_goal_sender]: cycle 4 feedback: 0.0
[INFO] [1789251549.926839218] [nav_goal_sender]: cycle 4 feedback: 0.0
[INFO] [1789251549.937047572] [nav_goal_sender]: cycle 4 feedback: 0.0
[INFO] [1789251549.946810324] [nav_goal_sender]: cycle 4 feedback: 0.0
[INFO] [1789251549.956660976] [nav_goal_sender]: cycle 4 feedback: 0.0
[INFO] [1789251549.966733229] [nav_goal_sender]: cycle 4 feedback: 0.0
[INFO] [1789251549.976606882] [nav_goal_sender]: cycle 4 feedback: 0.0
[INFO] [1789251549.986612735] [nav_goal_sender]: cycle 4 feedback: 0.0
[INFO] [1789251549.996893889] [nav_goal_sender]: cycle 4 feedback: 0.0
[INFO] [1789251550.006615740] [nav_goal_sender]: cycle 4 feedback: 0.0
[INFO] [1789251550.016542593] [nav_goal_sender]: cycle 4 feedback: 0.0
[INFO] [1789251550.026887648] [nav_goal_sender]: cycle 4 feedback: 0.0
[INFO] [1789251550.036908401] [nav_goal_sender]: cycle 4 feedback: 0.0
[INFO] [1789251550.046882254] [nav_goal_sender]: cycle 4 feedback: 0.0
[INFO] [1789251550.057353709] [nav_goal_sender]: cycle 4 feedback: 0.0
[INFO] [1789251550.067145561] [nav_goal_sender]: cycle 4 feedback: 0.0
[INFO] [1789251550.077077313] [nav_goal_sender]: cycle 4 feedback: 0.0
[INFO] [1789251550.086768165] [nav_goal_sender]: cycle 4 feedback: 0.0
[INFO] [1789251550.096767418] [nav_goal_sender]: cycle 4 feedback: 0.0
[INFO] [1789251550.107092772] [nav_goal_sender]: cycle 4 feedback: 0.0
[INFO] [1789251550.117054625] [nav_goal_sender]: cycle 4 feedback: 0.0
[INFO] [1789251550.126638876] [nav_goal_sender]: cycle 4 feedback: 0.0
[INFO] [1789251550.136858230] [nav_goal_sender]: cycle 4 feedback: 0.0
[INFO] [1789251550.146893483] [nav_goal_sender]: cycle 4 feedback: 0.0
[INFO] [1789251550.157185037] [nav_goal_sender]: cycle 4 feedback: 0.0
[INFO] [1789251550.166742088] [nav_goal_sender]: cycle 4 feedback: 0.0
[INFO] [1789251550.176626740] [nav_goal_sender]: cycle 4 feedback: 0.0
[INFO] [1789251550.187328597] [nav_goal_sender]: cycle 4 feedback: 0.0
[INFO] [1789251550.196875247] [nav_goal_sender]: cycle 4 feedback: 0.0
[INFO] [1789251550.207189302] [nav_goal_sender]: cycle 4 feedback: 0.0
[INFO] [1789251550.216911853] [nav_goal_sender]: cycle 4 feedback: 0.0
[INFO] [1789251550.226938407] [nav_goal_sender]: cycle 4 feedback: 0.0
[INFO] [1789251550.236813459] [nav_goal_sender]: cycle 4 feedback: 0.0
[INFO] [1789251550.247017813] [nav_goal_sender]: cycle 4 feedback: 0.0
[INFO] [1789251550.257824770] [nav_goal_sender]: cycle 4 feedback: 0.0
[INFO] [1789251550.267835423] [nav_goal_sender]: cycle 4 feedback: 0.0
[INFO] [1789251550.276873271] [nav_goal_sender]: cycle 4 feedback: 0.0
[INFO] [1789251550.286598922] [nav_goal_sender]: cycle 4 feedback: 0.0
[INFO] [1789251550.296909677] [nav_goal_sender]: cycle 4 feedback: 0.0
[INFO] [1789251550.306913030] [nav_goal_sender]: cycle 4 feedback: 0.0
[INFO] [1789251550.317042883] [nav_goal_sender]: cycle 4 feedback: 0.0
[INFO] [1789251550.326875135] [nav_goal_sender]: cycle 4 feedback: 0.0
[INFO] [1789251550.336848388] [nav_goal_sender]: cycle 4 feedback: 0.0
[INFO] [1789251550.346873041] [nav_goal_sender]: cycle 4 feedback: 0.0
[INFO] [1789251550.356939195] [nav_goal_sender]: cycle 4 feedback: 0.0
[INFO] [1789251550.366977048] [nav_goal_sender]: cycle 4 feedback: 0.0
[INFO] [1789251550.376844500] [nav_goal_sender]: cycle 4 feedback: 0.0
[INFO] [1789251550.386590851] [nav_goal_sender]: cycle 4 feedback: 0.0
[INFO] [1789251550.396869306] [nav_goal_sender]: cycle 4 feedback: 0.0
[INFO] [1789251550.406904759] [nav_goal_sender]: cycle 4 feedback: 0.0
[INFO] [1789251550.416897812] [nav_goal_sender]: cycle 4 feedback: 0.0
[INFO] [1789251550.426976765] [nav_goal_sender]: cycle 4 feedback: 0.0
[INFO] [1789251550.436550116] [nav_goal_sender]: cycle 4 feedback: 0.0
[INFO] [1789251550.446557869] [nav_goal_sender]: cycle 4 feedback: 0.0
[INFO] [1789251550.457108825] [nav_goal_sender]: cycle 4 feedback: 0.0
[INFO] [1789251550.467166078] [nav_goal_sender]: cycle 4 feedback: 0.0
[INFO] [1789251550.476874129] [nav_goal_sender]: cycle 4 feedback: 0.0
[INFO] [1789251550.486596581] [nav_goal_sender]: cycle 4 feedback: 0.0
[INFO] [1789251550.497199537] [nav_goal_sender]: cycle 4 feedback: 0.0
[INFO] [1789251550.507528592] [nav_goal_sender]: cycle 4 feedback: 0.0
[INFO] [1789251550.516843541] [nav_goal_sender]: cycle 4 feedback: 0.0
[INFO] [1789251550.526708493] [nav_goal_sender]: cycle 4 feedback: 0.0
[INFO] [1789251550.536977247] [nav_goal_sender]: cycle 4 feedback: 0.0
[INFO] [1789251550.546528698] [nav_goal_sender]: cycle 4 feedback: 0.0
[INFO] [1789251550.557660957] [nav_goal_sender]: cycle 4 feedback: 0.0
[INFO] [1789251550.566970906] [nav_goal_sender]: cycle 4 feedback: 0.0
[INFO] [1789251550.577473562] [nav_goal_sender]: cycle 4 feedback: 0.0
[INFO] [1789251550.586840911] [nav_goal_sender]: cycle 4 feedback: 0.0
[INFO] [1789251550.596739364] [nav_goal_sender]: cycle 4 feedback: 0.0
[INFO] [1789251550.607505821] [nav_goal_sender]: cycle 4 feedback: 0.0
[INFO] [1789251550.616968871] [nav_goal_sender]: cycle 4 feedback: 0.0
[INFO] [1789251550.626518521] [nav_goal_sender]: cycle 4 feedback: 0.0
[INFO] [1789251550.636783476] [nav_goal_sender]: cycle 4 feedback: 0.0
[INFO] [1789251550.646756828] [nav_goal_sender]: cycle 4 feedback: 0.0
[INFO] [1789251550.657243784] [nav_goal_sender]: cycle 4 feedback: 0.0
[INFO] [1789251550.667185037] [nav_goal_sender]: cycle 4 feedback: 0.0
[INFO] [1789251550.676869388] [nav_goal_sender]: cycle 4 feedback: 0.0
[INFO] [1789251550.686961441] [nav_goal_sender]: cycle 4 feedback: 0.0
[INFO] [1789251550.696842094] [nav_goal_sender]: cycle 4 feedback: 0.0
[INFO] [1789251550.706862847] [nav_goal_sender]: cycle 4 feedback: 0.0
[INFO] [1789251550.716877100] [nav_goal_sender]: cycle 4 feedback: 0.0
[INFO] [1789251550.726685251] [nav_goal_sender]: cycle 4 feedback: 0.0
[INFO] [1789251550.736813605] [nav_goal_sender]: cycle 4 feedback: 0.0
[INFO] [1789251550.746486356] [nav_goal_sender]: cycle 4 feedback: 0.0
[INFO] [1789251550.756688810] [nav_goal_sender]: cycle 4 feedback: 0.0
[INFO] [1789251550.766691263] [nav_goal_sender]: cycle 4 feedback: 0.0
[INFO] [1789251550.777658821] [nav_goal_sender]: cycle 4 feedback: 0.0
[INFO] [1789251550.787432473] [nav_goal_sender]: cycle 4 feedback: 0.0
[INFO] [1789251550.797330025] [nav_goal_sender]: cycle 4 feedback: 0.0
[INFO] [1789251550.806500474] [nav_goal_sender]: cycle 4 feedback: 0.0
[INFO] [1789251550.816482927] [nav_goal_sender]: cycle 4 feedback: 0.0
[INFO] [1789251550.826573480] [nav_goal_sender]: cycle 4 feedback: 0.0
[INFO] [1789251550.836634733] [nav_goal_sender]: cycle 4 feedback: 0.0
[INFO] [1789251550.846680987] [nav_goal_sender]: cycle 4 feedback: 0.0
[INFO] [1789251550.856856540] [nav_goal_sender]: cycle 4 feedback: 0.0
[INFO] [1789251550.866580992] [nav_goal_sender]: cycle 4 feedback: 0.0
[INFO] [1789251550.876810246] [nav_goal_sender]: cycle 4 feedback: 0.0
[INFO] [1789251550.886677298] [nav_goal_sender]: cycle 4 feedback: 0.0
[INFO] [1789251550.896823252] [nav_goal_sender]: cycle 4 feedback: 0.0
[INFO] [1789251550.906502803] [nav_goal_sender]: cycle 4 feedback: 0.0
[INFO] [1789251550.916596157] [nav_goal_sender]: cycle 4 feedback: 0.0
[INFO] [1789251550.926804311] [nav_goal_sender]: cycle 4 feedback: 0.0
[INFO] [1789251550.936568262] [nav_goal_sender]: cycle 4 feedback: 0.0
[INFO] [1789251550.946502715] [nav_goal_sender]: cycle 4 feedback: 0.0
[INFO] [1789251550.956515768] [nav_goal_sender]: cycle 4 feedback: 0.0
[INFO] [1789251550.967202124] [nav_goal_sender]: cycle 4 feedback: 0.0
[INFO] [1789251550.977315278] [nav_goal_sender]: cycle 4 feedback: 0.0
[INFO] [1789251550.987124430] [nav_goal_sender]: cycle 4 feedback: 0.0
[INFO] [1789251550.996866381] [nav_goal_sender]: cycle 4 feedback: 0.0
[INFO] [1789251551.007050635] [nav_goal_sender]: cycle 4 feedback: 0.0
[INFO] [1789251551.016684686] [nav_goal_sender]: cycle 4 feedback: 0.0
[INFO] [1789251551.026633439] [nav_goal_sender]: cycle 4 feedback: 0.0
[INFO] [1789251551.037032394] [nav_goal_sender]: cycle 4 feedback: 0.0
[INFO] [1789251551.046620345] [nav_goal_sender]: cycle 4 feedback: 0.0
[INFO] [1789251551.056485297] [nav_goal_sender]: cycle 4 feedback: 0.0
[INFO] [1789251551.067518255] [nav_goal_sender]: cycle 4 feedback: 0.0
[INFO] [1789251551.077279107] [nav_goal_sender]: cycle 4 feedback: 0.0
[INFO] [1789251551.087776563] [nav_goal_sender]: cycle 4 feedback: 0.0
[INFO] [1789251551.097155212] [nav_goal_sender]: cycle 4 feedback: 0.0
[INFO] [1789251551.107145065] [nav_goal_sender]: cycle 4 feedback: 0.0
[INFO] [1789251551.116664715] [nav_goal_sender]: cycle 4 feedback: 0.0
[INFO] [1789251551.126734969] [nav_goal_sender]: cycle 4 feedback: 0.0
[INFO] [1789251551.136646721] [nav_goal_sender]: cycle 4 feedback: 0.0
[INFO] [1789251551.146752775] [nav_goal_sender]: cycle 4 feedback: 0.0
[INFO] [1789251551.156621027] [nav_goal_sender]: cycle 4 feedback: 0.0
[INFO] [1789251551.166620980] [nav_goal_sender]: cycle 4 feedback: 0.0
[INFO] [1789251551.176668433] [nav_goal_sender]: cycle 4 feedback: 0.0
[INFO] [1789251551.186626986] [nav_goal_sender]: cycle 4 feedback: 0.0
[INFO] [1789251551.196719739] [nav_goal_sender]: cycle 4 feedback: 0.0
[INFO] [1789251551.206847093] [nav_goal_sender]: cycle 4 feedback: 0.0
[INFO] [1789251551.216627645] [nav_goal_sender]: cycle 4 feedback: 0.0
[INFO] [1789251551.226489597] [nav_goal_sender]: cycle 4 feedback: 0.0
[INFO] [1789251551.236675751] [nav_goal_sender]: cycle 4 feedback: 0.0
[INFO] [1789251551.246805604] [nav_goal_sender]: cycle 4 feedback: 0.0
[INFO] [1789251551.256602256] [nav_goal_sender]: cycle 4 feedback: 0.0
[INFO] [1789251551.266878810] [nav_goal_sender]: cycle 4 feedback: 0.0
[INFO] [1789251551.276556062] [nav_goal_sender]: cycle 4 feedback: 0.0
[INFO] [1789251551.286892016] [nav_goal_sender]: cycle 4 feedback: 0.0
[INFO] [1789251551.296490167] [nav_goal_sender]: cycle 4 feedback: 0.0
[INFO] [1789251551.306757822] [nav_goal_sender]: cycle 4 feedback: 0.0
[INFO] [1789251551.317020576] [nav_goal_sender]: cycle 4 feedback: 0.0
[INFO] [1789251551.326795428] [nav_goal_sender]: cycle 4 feedback: 0.0
[INFO] [1789251551.336988682] [nav_goal_sender]: cycle 4 feedback: 0.0
[INFO] [1789251551.346940034] [nav_goal_sender]: cycle 4 feedback: 0.0
[INFO] [1789251551.356584985] [nav_goal_sender]: cycle 4 feedback: 0.0
[INFO] [1789251551.366929540] [nav_goal_sender]: cycle 4 feedback: 0.0
[INFO] [1789251551.376517691] [nav_goal_sender]: cycle 4 feedback: 0.0
[INFO] [1789251551.386709945] [nav_goal_sender]: cycle 4 feedback: 0.0
[INFO] [1789251551.396506597] [nav_goal_sender]: cycle 4 feedback: 0.0
[INFO] [1789251551.406602950] [nav_goal_sender]: cycle 4 feedback: 0.0
[INFO] [1789251551.416699203] [nav_goal_sender]: cycle 4 feedback: 0.0
[INFO] [1789251551.426555356] [nav_goal_sender]: cycle 4 feedback: 0.0
[INFO] [1789251551.436705409] [nav_goal_sender]: cycle 4 feedback: 0.0
[INFO] [1789251551.446503761] [nav_goal_sender]: cycle 4 feedback: 0.0
[INFO] [1789251551.456499314] [nav_goal_sender]: cycle 4 feedback: 0.0
[INFO] [1789251551.466771968] [nav_goal_sender]: cycle 4 feedback: 0.0
[INFO] [1789251551.476554720] [nav_goal_sender]: cycle 4 feedback: 0.0
[INFO] [1789251551.486690674] [nav_goal_sender]: cycle 4 feedback: 0.0
[INFO] [1789251551.496639526] [nav_goal_sender]: cycle 4 feedback: 0.0
[INFO] [1789251551.506832380] [nav_goal_sender]: cycle 4 feedback: 0.0
[INFO] [1789251551.516587432] [nav_goal_sender]: cycle 4 feedback: 0.0
[INFO] [1789251551.526551785] [nav_goal_sender]: cycle 4 feedback: 0.0
[INFO] [1789251551.536589338] [nav_goal_sender]: cycle 4 feedback: 0.0
[INFO] [1789251551.546612391] [nav_goal_sender]: cycle 4 feedback: 0.0
[INFO] [1789251551.556589244] [nav_goal_sender]: cycle 4 feedback: 0.0
[INFO] [1789251551.566812398] [nav_goal_sender]: cycle 4 feedback: 0.0
[INFO] [1789251551.576816251] [nav_goal_sender]: cycle 4 feedback: 0.0
[INFO] [1789251551.586648103] [nav_goal_sender]: cycle 4 feedback: 0.0
[INFO] [1789251551.596594456] [nav_goal_sender]: cycle 4 feedback: 0.0
[INFO] [1789251551.606646609] [nav_goal_sender]: cycle 4 feedback: 0.0
[INFO] [1789251551.616545861] [nav_goal_sender]: cycle 4 feedback: 0.0
[INFO] [1789251551.626666415] [nav_goal_sender]: cycle 4 feedback: 0.0
[INFO] [1789251551.636773868] [nav_goal_sender]: cycle 4 feedback: 0.0
[INFO] [1789251551.646565220] [nav_goal_sender]: cycle 4 feedback: 0.0
[INFO] [1789251551.657696579] [nav_goal_sender]: cycle 4 feedback: 0.0
[INFO] [1789251551.666632826] [nav_goal_sender]: cycle 4 feedback: 0.0
[INFO] [1789251551.676541879] [nav_goal_sender]: cycle 4 feedback: 0.0
[INFO] [1789251551.686526731] [nav_goal_sender]: cycle 4 feedback: 0.0
[INFO] [1789251551.696518084] [nav_goal_sender]: cycle 4 feedback: 0.0
[INFO] [1789251551.706556137] [nav_goal_sender]: cycle 4 feedback: 0.0
[INFO] [1789251551.716656291] [nav_goal_sender]: cycle 4 feedback: 0.0
[INFO] [1789251551.726709044] [nav_goal_sender]: cycle 4 feedback: 0.0
[INFO] [1789251551.736753697] [nav_goal_sender]: cycle 4 feedback: 0.0
[INFO] [1789251551.746663250] [nav_goal_sender]: cycle 4 feedback: 0.0
[INFO] [1789251551.756705603] [nav_goal_sender]: cycle 4 feedback: 0.0
[INFO] [1789251551.766753056] [nav_goal_sender]: cycle 4 feedback: 0.0
[INFO] [1789251551.776776209] [nav_goal_sender]: cycle 4 feedback: 0.0
[INFO] [1789251551.786552861] [nav_goal_sender]: cycle 4 feedback: 0.0
[INFO] [1789251551.796679514] [nav_goal_sender]: cycle 4 feedback: 0.0
[INFO] [1789251551.806582467] [nav_goal_sender]: cycle 4 feedback: 0.0
[INFO] [1789251551.816533420] [nav_goal_sender]: cycle 4 feedback: 0.0
[INFO] [1789251551.826501972] [nav_goal_sender]: cycle 4 feedback: 0.0
[INFO] [1789251551.836525525] [nav_goal_sender]: cycle 4 feedback: 0.0
[INFO] [1789251551.846603179] [nav_goal_sender]: cycle 4 feedback: 0.0
[INFO] [1789251551.856587832] [nav_goal_sender]: cycle 4 feedback: 0.0
[INFO] [1789251551.866682085] [nav_goal_sender]: cycle 4 feedback: 0.0
[INFO] [1789251551.876497937] [nav_goal_sender]: cycle 4 feedback: 0.0
[INFO] [1789251551.886520690] [nav_goal_sender]: cycle 4 feedback: 0.0
[INFO] [1789251551.896620643] [nav_goal_sender]: cycle 4 feedback: 0.0
[INFO] [1789251551.906570796] [nav_goal_sender]: cycle 4 feedback: 0.0
[INFO] [1789251551.916818050] [nav_goal_sender]: cycle 4 feedback: 0.0
[INFO] [1789251551.926634602] [nav_goal_sender]: cycle 4 feedback: 0.0
[INFO] [1789251551.936572255] [nav_goal_sender]: cycle 4 feedback: 0.0
[INFO] [1789251551.946536108] [nav_goal_sender]: cycle 4 feedback: 0.0
[INFO] [1789251551.956729862] [nav_goal_sender]: cycle 4 feedback: 0.0
[INFO] [1789251551.967192517] [nav_goal_sender]: cycle 4 feedback: 0.0
[INFO] [1789251551.976941469] [nav_goal_sender]: cycle 4 feedback: 0.0
[INFO] [1789251551.986563619] [nav_goal_sender]: cycle 4 feedback: 0.0
[INFO] [1789251551.996587572] [nav_goal_sender]: cycle 4 feedback: 0.0
[INFO] [1789251552.007211029] [nav_goal_sender]: cycle 4 feedback: 0.0
[INFO] [1789251552.017721084] [nav_goal_sender]: cycle 4 feedback: 0.0
[INFO] [1789251552.029267445] [nav_goal_sender]: cycle 4 feedback: 0.0
[INFO] [1789251552.037599090] [nav_goal_sender]: cycle 4 feedback: 0.0
[INFO] [1789251552.047130040] [nav_goal_sender]: cycle 4 feedback: 0.0
[INFO] [1789251552.058726601] [nav_goal_sender]: cycle 4 feedback: 0.0
[INFO] [1789251552.068131051] [nav_goal_sender]: cycle 4 feedback: 0.0
[INFO] [1789251552.076743197] [nav_goal_sender]: cycle 4 feedback: 0.0
[INFO] [1789251552.087681955] [nav_goal_sender]: cycle 4 feedback: 0.0
[INFO] [1789251552.096903103] [nav_goal_sender]: cycle 4 feedback: 0.0
[INFO] [1789251552.107122958] [nav_goal_sender]: cycle 4 feedback: 0.0
[INFO] [1789251552.116725708] [nav_goal_sender]: cycle 4 feedback: 0.0
[INFO] [1789251552.127326464] [nav_goal_sender]: cycle 4 feedback: 0.0
[INFO] [1789251552.136587513] [nav_goal_sender]: cycle 4 feedback: 0.0
[INFO] [1789251552.146526166] [nav_goal_sender]: cycle 4 feedback: 0.0
[INFO] [1789251552.156669120] [nav_goal_sender]: cycle 4 feedback: 0.0
[INFO] [1789251552.167220376] [nav_goal_sender]: cycle 4 feedback: 0.0
[INFO] [1789251552.178132033] [nav_goal_sender]: cycle 4 feedback: 0.0
[INFO] [1789251552.186853079] [nav_goal_sender]: cycle 4 feedback: 0.0
[INFO] [1789251552.196821932] [nav_goal_sender]: cycle 4 feedback: 0.0
[INFO] [1789251552.206572284] [nav_goal_sender]: cycle 4 feedback: 0.0
[INFO] [1789251552.216548337] [nav_goal_sender]: cycle 4 feedback: 0.0
[INFO] [1789251552.226514389] [nav_goal_sender]: cycle 4 feedback: 0.0
[INFO] [1789251552.236508342] [nav_goal_sender]: cycle 4 feedback: 0.0
[INFO] [1789251552.246636196] [nav_goal_sender]: cycle 4 feedback: 0.0
[INFO] [1789251552.256578349] [nav_goal_sender]: cycle 4 feedback: 0.0
[INFO] [1789251552.266655202] [nav_goal_sender]: cycle 4 feedback: 0.0
[INFO] [1789251552.276495154] [nav_goal_sender]: cycle 4 feedback: 0.0
[INFO] [1789251552.286516807] [nav_goal_sender]: cycle 4 feedback: 0.0
[INFO] [1789251552.296620460] [nav_goal_sender]: cycle 4 feedback: 0.0
[INFO] [1789251552.306490913] [nav_goal_sender]: cycle 4 feedback: 0.0
[INFO] [1789251552.316540066] [nav_goal_sender]: cycle 4 feedback: 0.0
[INFO] [1789251552.326510619] [nav_goal_sender]: cycle 4 feedback: 0.0
[INFO] [1789251552.336578072] [nav_goal_sender]: cycle 4 feedback: 0.0
[INFO] [1789251552.346505724] [nav_goal_sender]: cycle 4 feedback: 0.0
[INFO] [1789251552.356526077] [nav_goal_sender]: cycle 4 feedback: 0.0
[INFO] [1789251552.366670731] [nav_goal_sender]: cycle 4 feedback: 0.0
[INFO] [1789251552.376524283] [nav_goal_sender]: cycle 4 feedback: 0.0
[INFO] [1789251552.386542736] [nav_goal_sender]: cycle 4 feedback: 0.0
[INFO] [1789251552.396523589] [nav_goal_sender]: cycle 4 feedback: 0.0
[INFO] [1789251552.406521942] [nav_goal_sender]: cycle 4 feedback: 0.0
[INFO] [1789251552.416579295] [nav_goal_sender]: cycle 4 feedback: 0.0
[INFO] [1789251552.426493848] [nav_goal_sender]: cycle 4 feedback: 0.0
[INFO] [1789251552.436559201] [nav_goal_sender]: cycle 4 feedback: 0.0
[INFO] [1789251552.446481454] [nav_goal_sender]: cycle 4 feedback: 0.0
[INFO] [1789251552.456513207] [nav_goal_sender]: cycle 4 feedback: 0.0
[INFO] [1789251552.466686861] [nav_goal_sender]: cycle 4 feedback: 0.0
[INFO] [1789251552.476491112] [nav_goal_sender]: cycle 4 feedback: 0.0
[INFO] [1789251552.486511865] [nav_goal_sender]: cycle 4 feedback: 0.0
[INFO] [1789251552.496619619] [nav_goal_sender]: cycle 4 feedback: 0.0
[INFO] [1789251552.506509271] [nav_goal_sender]: cycle 4 feedback: 0.0
[INFO] [1789251552.516493224] [nav_goal_sender]: cycle 4 feedback: 0.0
[INFO] [1789251552.526502477] [nav_goal_sender]: cycle 4 feedback: 0.0
[INFO] [1789251552.537416035] [nav_goal_sender]: cycle 4 feedback: 0.0
[INFO] [1789251552.546520683] [nav_goal_sender]: cycle 4 feedback: 0.0
[INFO] [1789251552.556551936] [nav_goal_sender]: cycle 4 feedback: 0.0
[INFO] [1789251552.566863791] [nav_goal_sender]: cycle 4 feedback: 0.0
[INFO] [1789251552.576527642] [nav_goal_sender]: cycle 4 feedback: 0.0
[INFO] [1789251552.586577795] [nav_goal_sender]: cycle 4 feedback: 0.0
[INFO] [1789251552.596609748] [nav_goal_sender]: cycle 4 feedback: 0.0
[INFO] [1789251552.606592101] [nav_goal_sender]: cycle 4 feedback: 0.0
[INFO] [1789251552.616616154] [nav_goal_sender]: cycle 4 feedback: 0.0
[INFO] [1789251552.626562007] [nav_goal_sender]: cycle 4 feedback: 0.0
[INFO] [1789251552.636627460] [nav_goal_sender]: cycle 4 feedback: 0.0
[INFO] [1789251552.646774914] [nav_goal_sender]: cycle 4 feedback: 0.0
[INFO] [1789251552.656574265] [nav_goal_sender]: cycle 4 feedback: 0.0
[INFO] [1789251552.666745419] [nav_goal_sender]: cycle 4 feedback: 0.0
[INFO] [1789251552.676569171] [nav_goal_sender]: cycle 4 feedback: 0.0
[INFO] [1789251552.686588024] [nav_goal_sender]: cycle 4 feedback: 0.0
[INFO] [1789251552.696516577] [nav_goal_sender]: cycle 4 feedback: 0.0
[INFO] [1789251552.706593330] [nav_goal_sender]: cycle 4 feedback: 0.0
[INFO] [1789251552.716598383] [nav_goal_sender]: cycle 4 feedback: 0.0
[INFO] [1789251552.726557436] [nav_goal_sender]: cycle 4 feedback: 0.0
[INFO] [1789251552.736662989] [nav_goal_sender]: cycle 4 feedback: 0.0
[INFO] [1789251552.746597642] [nav_goal_sender]: cycle 4 feedback: 0.0
[INFO] [1789251552.756572395] [nav_goal_sender]: cycle 4 feedback: 0.0
[INFO] [1789251552.766617248] [nav_goal_sender]: cycle 4 feedback: 0.0
[INFO] [1789251552.776542900] [nav_goal_sender]: cycle 4 feedback: 0.0
[INFO] [1789251552.786595154] [nav_goal_sender]: cycle 4 feedback: 0.0
[INFO] [1789251552.796630207] [nav_goal_sender]: cycle 4 feedback: 0.0
[INFO] [1789251552.806597459] [nav_goal_sender]: cycle 4 feedback: 0.0
[INFO] [1789251552.816643413] [nav_goal_sender]: cycle 4 feedback: 0.0
[INFO] [1789251552.826518165] [nav_goal_sender]: cycle 4 feedback: 0.0
[INFO] [1789251552.836514118] [nav_goal_sender]: cycle 4 feedback: 0.0
[INFO] [1789251552.846507571] [nav_goal_sender]: cycle 4 feedback: 0.0
[INFO] [1789251552.856536824] [nav_goal_sender]: cycle 4 feedback: 0.0
[INFO] [1789251552.866668377] [nav_goal_sender]: cycle 4 feedback: 0.0
[INFO] [1789251552.876502229] [nav_goal_sender]: cycle 4 feedback: 0.0
[INFO] [1789251552.886564083] [nav_goal_sender]: cycle 4 feedback: 0.0
[INFO] [1789251552.896498435] [nav_goal_sender]: cycle 4 feedback: 0.0
[INFO] [1789251552.906500988] [nav_goal_sender]: cycle 4 feedback: 0.0
[INFO] [1789251552.916637742] [nav_goal_sender]: cycle 4 feedback: 0.0
[INFO] [1789251552.926505194] [nav_goal_sender]: cycle 4 feedback: 0.0
[INFO] [1789251552.936640148] [nav_goal_sender]: cycle 4 feedback: 0.0
[INFO] [1789251552.946492300] [nav_goal_sender]: cycle 4 feedback: 0.0
[INFO] [1789251552.956510453] [nav_goal_sender]: cycle 4 feedback: 0.0
[INFO] [1789251552.966614706] [nav_goal_sender]: cycle 4 feedback: 0.0
[INFO] [1789251552.976511359] [nav_goal_sender]: cycle 4 feedback: 0.0
[INFO] [1789251552.986572312] [nav_goal_sender]: cycle 4 feedback: 0.0
[INFO] [1789251552.996499465] [nav_goal_sender]: cycle 4 feedback: 0.0
[INFO] [1789251553.006507618] [nav_goal_sender]: cycle 4 feedback: 0.0
[INFO] [1789251553.016594771] [nav_goal_sender]: cycle 4 feedback: 0.0
[INFO] [1789251553.026495723] [nav_goal_sender]: cycle 4 feedback: 0.0
[INFO] [1789251553.036560877] [nav_goal_sender]: cycle 4 feedback: 0.0
[INFO] [1789251553.046490629] [nav_goal_sender]: cycle 4 feedback: 0.0
[INFO] [1789251553.056524082] [nav_goal_sender]: cycle 4 feedback: 0.0
[INFO] [1789251553.066664336] [nav_goal_sender]: cycle 4 feedback: 0.0
[INFO] [1789251553.076497588] [nav_goal_sender]: cycle 4 feedback: 0.0
[INFO] [1789251553.086652242] [nav_goal_sender]: cycle 4 feedback: 0.0
[INFO] [1789251553.096566694] [nav_goal_sender]: cycle 4 feedback: 0.0
[INFO] [1789251553.106562047] [nav_goal_sender]: cycle 4 feedback: 0.0
[INFO] [1789251553.116641100] [nav_goal_sender]: cycle 4 feedback: 0.0
[INFO] [1789251553.126529453] [nav_goal_sender]: cycle 4 feedback: 0.0
[INFO] [1789251553.136650006] [nav_goal_sender]: cycle 4 feedback: 0.0
[INFO] [1789251553.146508658] [nav_goal_sender]: cycle 4 feedback: 0.0
[INFO] [1789251553.156514511] [nav_goal_sender]: cycle 4 feedback: 0.0
[INFO] [1789251553.166711465] [nav_goal_sender]: cycle 4 feedback: 0.0
[INFO] [1789251553.176508617] [nav_goal_sender]: cycle 4 feedback: 0.0
[INFO] [1789251553.186613071] [nav_goal_sender]: cycle 4 feedback: 0.0
[INFO] [1789251553.196980726] [nav_goal_sender]: cycle 4 feedback: 0.0
[INFO] [1789251553.206724577] [nav_goal_sender]: cycle 4 feedback: 0.0
[INFO] [1789251553.216702730] [nav_goal_sender]: cycle 4 feedback: 0.0
[INFO] [1789251553.226577682] [nav_goal_sender]: cycle 4 feedback: 0.0
[INFO] [1789251553.236628135] [nav_goal_sender]: cycle 4 feedback: 0.0
[INFO] [1789251553.246517988] [nav_goal_sender]: cycle 4 feedback: 0.0
[INFO] [1789251553.256540841] [nav_goal_sender]: cycle 4 feedback: 0.0
[INFO] [1789251553.266817495] [nav_goal_sender]: cycle 4 feedback: 0.0
[INFO] [1789251553.276531347] [nav_goal_sender]: cycle 4 feedback: 0.0
[INFO] [1789251553.286727301] [nav_goal_sender]: cycle 4 feedback: 0.0
[INFO] [1789251553.296519552] [nav_goal_sender]: cycle 4 feedback: 0.0
[INFO] [1789251553.306533105] [nav_goal_sender]: cycle 4 feedback: 0.0
[INFO] [1789251553.316665659] [nav_goal_sender]: cycle 4 feedback: 0.0
[INFO] [1789251553.326601912] [nav_goal_sender]: cycle 4 feedback: 0.0
[INFO] [1789251553.336714565] [nav_goal_sender]: cycle 4 feedback: 0.0
[INFO] [1789251553.346565617] [nav_goal_sender]: cycle 4 feedback: 0.0
[INFO] [1789251553.357030173] [nav_goal_sender]: cycle 4 feedback: 0.0
[INFO] [1789251553.366814424] [nav_goal_sender]: cycle 4 feedback: 0.0
[INFO] [1789251553.376589676] [nav_goal_sender]: cycle 4 feedback: 0.0
[INFO] [1789251553.386735830] [nav_goal_sender]: cycle 4 feedback: 0.0
[INFO] [1789251553.396714483] [nav_goal_sender]: cycle 4 feedback: 0.0
[INFO] [1789251553.406676235] [nav_goal_sender]: cycle 4 feedback: 0.0
[INFO] [1789251553.416668088] [nav_goal_sender]: cycle 4 feedback: 0.0
[INFO] [1789251553.426506140] [nav_goal_sender]: cycle 4 feedback: 0.0
[INFO] [1789251553.436639394] [nav_goal_sender]: cycle 4 feedback: 0.0
[INFO] [1789251553.446517746] [nav_goal_sender]: cycle 4 feedback: 0.0
[INFO] [1789251553.456534399] [nav_goal_sender]: cycle 4 feedback: 0.0
[INFO] [1789251553.466764053] [nav_goal_sender]: cycle 4 feedback: 0.0
[INFO] [1789251553.476504305] [nav_goal_sender]: cycle 4 feedback: 0.0
[INFO] [1789251553.486587458] [nav_goal_sender]: cycle 4 feedback: 0.0
[INFO] [1789251553.496484511] [nav_goal_sender]: cycle 4 feedback: 0.0
[INFO] [1789251553.506535564] [nav_goal_sender]: cycle 4 feedback: 0.0
[INFO] [1789251553.516570717] [nav_goal_sender]: cycle 4 feedback: 0.0
[INFO] [1789251553.526509170] [nav_goal_sender]: cycle 4 feedback: 0.0
[INFO] [1789251553.536688123] [nav_goal_sender]: cycle 4 feedback: 0.0
[INFO] [1789251553.546492475] [nav_goal_sender]: cycle 4 feedback: 0.0
[INFO] [1789251553.556517428] [nav_goal_sender]: cycle 4 feedback: 0.0
[INFO] [1789251553.566673282] [nav_goal_sender]: cycle 4 feedback: 0.0
[INFO] [1789251553.576511834] [nav_goal_sender]: cycle 4 feedback: 0.0
[INFO] [1789251553.586662788] [nav_goal_sender]: cycle 4 feedback: 0.0
[INFO] [1789251553.596530140] [nav_goal_sender]: cycle 4 feedback: 0.0
[INFO] [1789251553.606675994] [nav_goal_sender]: cycle 4 feedback: 0.0
[INFO] [1789251553.616516346] [nav_goal_sender]: cycle 4 feedback: 0.0
[INFO] [1789251553.626503899] [nav_goal_sender]: cycle 4 feedback: 0.0
[INFO] [1789251553.636533852] [nav_goal_sender]: cycle 4 feedback: 0.0
[INFO] [1789251553.646507905] [nav_goal_sender]: cycle 4 feedback: 0.0
[INFO] [1789251553.656520958] [nav_goal_sender]: cycle 4 feedback: 0.0
[INFO] [1789251553.666609111] [nav_goal_sender]: cycle 4 feedback: 0.0
[INFO] [1789251553.677278368] [nav_goal_sender]: cycle 4 feedback: 0.0
[INFO] [1789251553.686646917] [nav_goal_sender]: cycle 4 feedback: 0.0
[INFO] [1789251553.698777281] [nav_goal_sender]: cycle 4 feedback: 0.0
[INFO] [1789251553.706644323] [nav_goal_sender]: cycle 4 feedback: 0.0
[INFO] [1789251553.716784377] [nav_goal_sender]: cycle 4 feedback: 0.0
[INFO] [1789251553.726628229] [nav_goal_sender]: cycle 4 feedback: 0.0
[INFO] [1789251553.736663782] [nav_goal_sender]: cycle 4 feedback: 0.0
[INFO] [1789251553.746620435] [nav_goal_sender]: cycle 4 feedback: 0.0
[INFO] [1789251553.756897689] [nav_goal_sender]: cycle 4 feedback: 0.0
[INFO] [1789251553.766704241] [nav_goal_sender]: cycle 4 feedback: 0.0
[INFO] [1789251553.777037496] [nav_goal_sender]: cycle 4 feedback: 0.0
[INFO] [1789251553.786883548] [nav_goal_sender]: cycle 4 feedback: 0.0
[INFO] [1789251553.796903201] [nav_goal_sender]: cycle 4 feedback: 0.0
[INFO] [1789251553.807579557] [nav_goal_sender]: cycle 4 feedback: 0.0
[INFO] [1789251553.817101308] [nav_goal_sender]: cycle 4 feedback: 0.0
[INFO] [1789251553.826591758] [nav_goal_sender]: cycle 4 feedback: 0.0
[INFO] [1789251553.836927512] [nav_goal_sender]: cycle 4 feedback: 0.0
[INFO] [1789251553.846828765] [nav_goal_sender]: cycle 4 feedback: 0.0
[INFO] [1789251553.857750223] [nav_goal_sender]: cycle 4 feedback: 0.0
[INFO] [1789251553.867059972] [nav_goal_sender]: cycle 4 feedback: 0.0
[INFO] [1789251553.876947324] [nav_goal_sender]: cycle 4 feedback: 0.0
[INFO] [1789251553.887066878] [nav_goal_sender]: cycle 4 feedback: 0.0
[INFO] [1789251553.897944635] [nav_goal_sender]: cycle 4 feedback: 0.0
[INFO] [1789251553.906800082] [nav_goal_sender]: cycle 4 feedback: 0.0
[INFO] [1789251553.916820535] [nav_goal_sender]: cycle 4 feedback: 0.0
[INFO] [1789251553.926592887] [nav_goal_sender]: cycle 4 feedback: 0.0
[INFO] [1789251553.937053242] [nav_goal_sender]: cycle 4 feedback: 0.0
[INFO] [1789251553.947021095] [nav_goal_sender]: cycle 4 feedback: 0.0
[INFO] [1789251553.957067248] [nav_goal_sender]: cycle 4 feedback: 0.0
[INFO] [1789251553.966778300] [nav_goal_sender]: cycle 4 feedback: 0.0
[INFO] [1789251553.977213555] [nav_goal_sender]: cycle 4 feedback: 0.0
[INFO] [1789251553.987298708] [nav_goal_sender]: cycle 4 feedback: 0.0
[INFO] [1789251553.996609758] [nav_goal_sender]: cycle 4 feedback: 0.0
[INFO] [1789251554.006652911] [nav_goal_sender]: cycle 4 feedback: 0.0
[INFO] [1789251554.016786364] [nav_goal_sender]: cycle 4 feedback: 0.0
[INFO] [1789251554.026557216] [nav_goal_sender]: cycle 4 feedback: 0.0
[INFO] [1789251554.037098072] [nav_goal_sender]: cycle 4 feedback: 0.0
[INFO] [1789251554.046722623] [nav_goal_sender]: cycle 4 feedback: 0.0
[INFO] [1789251554.057453080] [nav_goal_sender]: cycle 4 feedback: 0.0
[INFO] [1789251554.066944930] [nav_goal_sender]: cycle 4 feedback: 0.0
[INFO] [1789251554.076765782] [nav_goal_sender]: cycle 4 feedback: 0.0
[INFO] [1789251554.086971236] [nav_goal_sender]: cycle 4 feedback: 0.0
[INFO] [1789251554.096620187] [nav_goal_sender]: cycle 4 feedback: 0.0
[INFO] [1789251554.107470844] [nav_goal_sender]: cycle 4 feedback: 0.0
[INFO] [1789251554.116801194] [nav_goal_sender]: cycle 4 feedback: 0.0
[INFO] [1789251554.126673646] [nav_goal_sender]: cycle 4 feedback: 0.0
[INFO] [1789251554.137502803] [nav_goal_sender]: cycle 4 feedback: 0.0
[INFO] [1789251554.146836753] [nav_goal_sender]: cycle 4 feedback: 0.0
[INFO] [1789251554.157433409] [nav_goal_sender]: cycle 4 feedback: 0.0
[INFO] [1789251554.166765958] [nav_goal_sender]: cycle 4 feedback: 0.0
[INFO] [1789251554.176764511] [nav_goal_sender]: cycle 4 feedback: 0.0
[INFO] [1789251554.186707364] [nav_goal_sender]: cycle 4 feedback: 0.0
[INFO] [1789251554.196713817] [nav_goal_sender]: cycle 4 feedback: 0.0
[INFO] [1789251554.206741970] [nav_goal_sender]: cycle 4 feedback: 0.0
[INFO] [1789251554.216686422] [nav_goal_sender]: cycle 4 feedback: 0.0
[INFO] [1789251554.226615975] [nav_goal_sender]: cycle 4 feedback: 0.0
[INFO] [1789251554.236627128] [nav_goal_sender]: cycle 4 feedback: 0.0
[INFO] [1789251554.246582481] [nav_goal_sender]: cycle 4 feedback: 0.0
[INFO] [1789251554.257442938] [nav_goal_sender]: cycle 4 feedback: 0.0
[INFO] [1789251554.266772787] [nav_goal_sender]: cycle 4 feedback: 0.0
[INFO] [1789251554.276546139] [nav_goal_sender]: cycle 4 feedback: 0.0
[INFO] [1789251554.286538492] [nav_goal_sender]: cycle 4 feedback: 0.0
[INFO] [1789251554.296496945] [nav_goal_sender]: cycle 4 feedback: 0.0
[INFO] [1789251554.306642798] [nav_goal_sender]: cycle 4 feedback: 0.0
[INFO] [1789251554.316582051] [nav_goal_sender]: cycle 4 feedback: 0.0
[INFO] [1789251554.326465203] [nav_goal_sender]: cycle 4 feedback: 0.0
[INFO] [1789251554.336588257] [nav_goal_sender]: cycle 4 feedback: 0.0
[INFO] [1789251554.346516709] [nav_goal_sender]: cycle 4 feedback: 0.0
[INFO] [1789251554.356506962] [nav_goal_sender]: cycle 4 feedback: 0.0
[INFO] [1789251554.366823517] [nav_goal_sender]: cycle 4 feedback: 0.0
[INFO] [1789251554.376483568] [nav_goal_sender]: cycle 4 feedback: 0.0
[INFO] [1789251554.386541821] [nav_goal_sender]: cycle 4 feedback: 0.0
[INFO] [1789251554.396572274] [nav_goal_sender]: cycle 4 feedback: 0.0
[INFO] [1789251554.406783428] [nav_goal_sender]: cycle 4 feedback: 0.0
[INFO] [1789251554.416497780] [nav_goal_sender]: cycle 4 feedback: 0.0
[INFO] [1789251554.426656734] [nav_goal_sender]: cycle 4 feedback: 0.0
[INFO] [1789251554.436495186] [nav_goal_sender]: cycle 4 feedback: 0.0
[INFO] [1789251554.446548839] [nav_goal_sender]: cycle 4 feedback: 0.0
[INFO] [1789251554.456516192] [nav_goal_sender]: cycle 4 feedback: 0.0
[INFO] [1789251554.466712246] [nav_goal_sender]: cycle 4 feedback: 0.0
[INFO] [1789251554.476538698] [nav_goal_sender]: cycle 4 feedback: 0.0
[INFO] [1789251554.486519150] [nav_goal_sender]: cycle 4 feedback: 0.0
[INFO] [1789251554.496511403] [nav_goal_sender]: cycle 4 feedback: 0.0
[INFO] [1789251554.506533956] [nav_goal_sender]: cycle 4 feedback: 0.0
[INFO] [1789251554.516684910] [nav_goal_sender]: cycle 4 feedback: 0.0
[INFO] [1789251554.526557862] [nav_goal_sender]: cycle 4 feedback: 0.0
[INFO] [1789251554.536750316] [nav_goal_sender]: cycle 4 feedback: 0.0
[INFO] [1789251554.546524868] [nav_goal_sender]: cycle 4 feedback: 0.0
[INFO] [1789251554.556524821] [nav_goal_sender]: cycle 4 feedback: 0.0
[INFO] [1789251554.566725975] [nav_goal_sender]: cycle 4 feedback: 0.0
[INFO] [1789251554.576765528] [nav_goal_sender]: cycle 4 feedback: 0.0
[INFO] [1789251554.586568680] [nav_goal_sender]: cycle 4 feedback: 0.0
[INFO] [1789251554.596494032] [nav_goal_sender]: cycle 4 feedback: 0.0
[INFO] [1789251554.606475685] [nav_goal_sender]: cycle 4 feedback: 0.0
[INFO] [1789251554.616477438] [nav_goal_sender]: cycle 4 feedback: 0.0
[INFO] [1789251554.626485291] [nav_goal_sender]: cycle 4 feedback: 0.0
[INFO] [1789251554.636560545] [nav_goal_sender]: cycle 4 feedback: 0.0
[INFO] [1789251554.646495297] [nav_goal_sender]: cycle 4 feedback: 0.0
[INFO] [1789251554.656521750] [nav_goal_sender]: cycle 4 feedback: 0.0
[INFO] [1789251554.666575903] [nav_goal_sender]: cycle 4 feedback: 0.0
[INFO] [1789251554.676486856] [nav_goal_sender]: cycle 4 feedback: 0.0
[INFO] [1789251554.686596409] [nav_goal_sender]: cycle 4 feedback: 0.0
[INFO] [1789251554.696502262] [nav_goal_sender]: cycle 4 feedback: 0.0
[INFO] [1789251554.706750416] [nav_goal_sender]: cycle 4 feedback: 0.0
[INFO] [1789251554.716616668] [nav_goal_sender]: cycle 4 feedback: 0.0
[INFO] [1789251554.726504321] [nav_goal_sender]: cycle 4 feedback: 0.0
[INFO] [1789251554.736492473] [nav_goal_sender]: cycle 4 feedback: 0.0
[INFO] [1789251554.746524626] [nav_goal_sender]: cycle 4 feedback: 0.0
[INFO] [1789251554.756564180] [nav_goal_sender]: cycle 4 feedback: 0.0
[INFO] [1789251554.766918934] [nav_goal_sender]: cycle 4 feedback: 0.0
[INFO] [1789251554.776540485] [nav_goal_sender]: cycle 4 feedback: 0.0
[INFO] [1789251554.786643139] [nav_goal_sender]: cycle 4 feedback: 0.0
[INFO] [1789251554.796576791] [nav_goal_sender]: cycle 4 feedback: 0.0
[INFO] [1789251554.806524544] [nav_goal_sender]: cycle 4 feedback: 0.0
[INFO] [1789251554.816528797] [nav_goal_sender]: cycle 4 feedback: 0.0
[INFO] [1789251554.826496650] [nav_goal_sender]: cycle 4 feedback: 0.0
[INFO] [1789251554.836549903] [nav_goal_sender]: cycle 4 feedback: 0.0
[INFO] [1789251554.847323260] [nav_goal_sender]: cycle 4 feedback: 0.0
[INFO] [1789251554.856531009] [nav_goal_sender]: cycle 4 feedback: 0.0
[INFO] [1789251554.867231865] [nav_goal_sender]: cycle 4 feedback: 0.0
[INFO] [1789251554.876478414] [nav_goal_sender]: cycle 4 feedback: 0.0
[INFO] [1789251554.887220771] [nav_goal_sender]: cycle 4 feedback: 0.0
[INFO] [1789251554.896548020] [nav_goal_sender]: cycle 4 feedback: 0.0
[INFO] [1789251554.907199777] [nav_goal_sender]: cycle 4 feedback: 0.0
[INFO] [1789251554.916491326] [nav_goal_sender]: cycle 4 feedback: 0.0
[INFO] [1789251554.926623680] [nav_goal_sender]: cycle 4 feedback: 0.0
[INFO] [1789251554.936742933] [nav_goal_sender]: cycle 4 feedback: 0.0
[INFO] [1789251554.947193989] [nav_goal_sender]: cycle 4 feedback: 0.0
[INFO] [1789251554.957315342] [nav_goal_sender]: cycle 4 feedback: 0.0
[INFO] [1789251554.966768392] [nav_goal_sender]: cycle 4 feedback: 0.0
[INFO] [1789251554.976633044] [nav_goal_sender]: cycle 4 feedback: 0.0
[INFO] [1789251554.986701498] [nav_goal_sender]: cycle 4 feedback: 0.0
[INFO] [1789251554.997369154] [nav_goal_sender]: cycle 4 feedback: 0.0
[INFO] [1789251555.007369507] [nav_goal_sender]: cycle 4 feedback: 0.0
[INFO] [1789251555.016793857] [nav_goal_sender]: cycle 4 feedback: 0.0
[INFO] [1789251555.026628809] [nav_goal_sender]: cycle 4 feedback: 0.0
[INFO] [1789251555.036593962] [nav_goal_sender]: cycle 4 feedback: 0.0
[INFO] [1789251555.046501014] [nav_goal_sender]: cycle 4 feedback: 0.0
[INFO] [1789251555.056503367] [nav_goal_sender]: cycle 4 feedback: 0.0
[INFO] [1789251555.066746921] [nav_goal_sender]: cycle 4 feedback: 0.0
[INFO] [1789251555.077433478] [nav_goal_sender]: cycle 4 feedback: 0.0
[INFO] [1789251555.086690027] [nav_goal_sender]: cycle 4 feedback: 0.0
[INFO] [1789251555.096484479] [nav_goal_sender]: cycle 4 feedback: 0.0
[INFO] [1789251555.106490132] [nav_goal_sender]: cycle 4 feedback: 0.0
[INFO] [1789251555.116532485] [nav_goal_sender]: cycle 4 feedback: 0.0
[INFO] [1789251555.126744239] [nav_goal_sender]: cycle 4 feedback: 0.0
[INFO] [1789251555.136910893] [nav_goal_sender]: cycle 4 feedback: 0.0
[INFO] [1789251555.146808245] [nav_goal_sender]: cycle 4 feedback: 0.0
[INFO] [1789251555.157096199] [nav_goal_sender]: cycle 4 feedback: 0.0
[INFO] [1789251555.166887651] [nav_goal_sender]: cycle 4 feedback: 0.0
[INFO] [1789251555.176489502] [nav_goal_sender]: cycle 4 feedback: 0.0
[INFO] [1789251555.186637456] [nav_goal_sender]: cycle 4 feedback: 0.0
[INFO] [1789251555.197073011] [nav_goal_sender]: cycle 4 feedback: 0.0
[INFO] [1789251555.206859963] [nav_goal_sender]: cycle 4 feedback: 0.0
[INFO] [1789251555.216845616] [nav_goal_sender]: cycle 4 feedback: 0.0
[INFO] [1789251555.226493667] [nav_goal_sender]: cycle 4 feedback: 0.0
[INFO] [1789251555.236817621] [nav_goal_sender]: cycle 4 feedback: 0.0
[INFO] [1789251555.247210876] [nav_goal_sender]: cycle 4 feedback: 0.0
[INFO] [1789251555.256548226] [nav_goal_sender]: cycle 4 feedback: 0.0
[INFO] [1789251555.266652379] [nav_goal_sender]: cycle 4 feedback: 0.0
[INFO] [1789251555.276570232] [nav_goal_sender]: cycle 4 feedback: 0.0
[INFO] [1789251555.287144188] [nav_goal_sender]: cycle 4 feedback: 0.0
[INFO] [1789251555.297008240] [nav_goal_sender]: cycle 4 feedback: 0.0
[INFO] [1789251555.306743091] [nav_goal_sender]: cycle 4 feedback: 0.0
[INFO] [1789251555.316591144] [nav_goal_sender]: cycle 4 feedback: 0.0
[INFO] [1789251555.326553996] [nav_goal_sender]: cycle 4 feedback: 0.0
[INFO] [1789251555.336663550] [nav_goal_sender]: cycle 4 feedback: 0.0
[INFO] [1789251555.346542202] [nav_goal_sender]: cycle 4 feedback: 0.0
[INFO] [1789251555.356503855] [nav_goal_sender]: cycle 4 feedback: 0.0
[INFO] [1789251555.366636708] [nav_goal_sender]: cycle 4 feedback: 0.0
[INFO] [1789251555.376535561] [nav_goal_sender]: cycle 4 feedback: 0.0
[INFO] [1789251555.386644714] [nav_goal_sender]: cycle 4 feedback: 0.0
[INFO] [1789251555.396673867] [nav_goal_sender]: cycle 4 feedback: 0.0
[INFO] [1789251555.407096623] [nav_goal_sender]: cycle 4 feedback: 0.0
[INFO] [1789251555.416729274] [nav_goal_sender]: cycle 4 feedback: 0.0
[INFO] [1789251555.426817827] [nav_goal_sender]: cycle 4 feedback: 0.0
[INFO] [1789251555.436689479] [nav_goal_sender]: cycle 4 feedback: 0.0
[INFO] [1789251555.446519031] [nav_goal_sender]: cycle 4 feedback: 0.0
[INFO] [1789251555.456914686] [nav_goal_sender]: cycle 4 feedback: 0.0
[INFO] [1789251555.466928939] [nav_goal_sender]: cycle 4 feedback: 0.0
[INFO] [1789251555.476739491] [nav_goal_sender]: cycle 4 feedback: 0.0
[INFO] [1789251555.486795244] [nav_goal_sender]: cycle 4 feedback: 0.0
[INFO] [1789251555.496718997] [nav_goal_sender]: cycle 4 feedback: 0.0
[INFO] [1789251555.506870851] [nav_goal_sender]: cycle 4 feedback: 0.0
[INFO] [1789251555.516844503] [nav_goal_sender]: cycle 4 feedback: 0.0
[INFO] [1789251555.526509555] [nav_goal_sender]: cycle 4 feedback: 0.0
[INFO] [1789251555.537032210] [nav_goal_sender]: cycle 4 feedback: 0.0
[INFO] [1789251555.546890462] [nav_goal_sender]: cycle 4 feedback: 0.0
[INFO] [1789251555.557089816] [nav_goal_sender]: cycle 4 feedback: 0.0
[INFO] [1789251555.567310370] [nav_goal_sender]: cycle 4 feedback: 0.0
[INFO] [1789251555.576508219] [nav_goal_sender]: cycle 4 feedback: 0.0
[INFO] [1789251555.586555372] [nav_goal_sender]: cycle 4 feedback: 0.0
[INFO] [1789251555.597241329] [nav_goal_sender]: cycle 4 feedback: 0.0
[INFO] [1789251555.606887080] [nav_goal_sender]: cycle 4 feedback: 0.0
[INFO] [1789251555.616996833] [nav_goal_sender]: cycle 4 feedback: 0.0
[INFO] [1789251555.626624784] [nav_goal_sender]: cycle 4 feedback: 0.0
[INFO] [1789251555.637661443] [nav_goal_sender]: cycle 4 feedback: 0.0
[INFO] [1789251555.646890792] [nav_goal_sender]: cycle 4 feedback: 0.0
[INFO] [1789251555.657305447] [nav_goal_sender]: cycle 4 feedback: 0.0
[INFO] [1789251555.667230299] [nav_goal_sender]: cycle 4 feedback: 0.0
[INFO] [1789251555.676566849] [nav_goal_sender]: cycle 4 feedback: 0.0
[INFO] [1789251555.686515301] [nav_goal_sender]: cycle 4 feedback: 0.0
[INFO] [1789251555.696500454] [nav_goal_sender]: cycle 4 feedback: 0.0
[INFO] [1789251555.706506407] [nav_goal_sender]: cycle 4 feedback: 0.0
[INFO] [1789251555.716627661] [nav_goal_sender]: cycle 4 feedback: 0.0
[INFO] [1789251555.726512313] [nav_goal_sender]: cycle 4 feedback: 0.0
[INFO] [1789251555.736553666] [nav_goal_sender]: cycle 4 feedback: 0.0
[INFO] [1789251555.746582919] [nav_goal_sender]: cycle 4 feedback: 0.0
[INFO] [1789251555.757374876] [nav_goal_sender]: cycle 4 feedback: 0.0
[INFO] [1789251555.766721126] [nav_goal_sender]: cycle 4 feedback: 0.0
[INFO] [1789251555.776599478] [nav_goal_sender]: cycle 4 feedback: 0.0
[INFO] [1789251555.787415335] [nav_goal_sender]: cycle 4 feedback: 0.0
[INFO] [1789251555.796674984] [nav_goal_sender]: cycle 4 feedback: 0.0
[INFO] [1789251555.806641837] [nav_goal_sender]: cycle 4 feedback: 0.0
[INFO] [1789251555.816577090] [nav_goal_sender]: cycle 4 feedback: 0.0
[INFO] [1789251555.826641843] [nav_goal_sender]: cycle 4 feedback: 0.0
[INFO] [1789251555.836624596] [nav_goal_sender]: cycle 4 feedback: 0.0
[INFO] [1789251555.852356579] [nav_goal_sender]: cycle 4 feedback: 0.0
[INFO] [1789251555.856794903] [nav_goal_sender]: cycle 4 feedback: 0.0
[INFO] [1789251555.866654555] [nav_goal_sender]: cycle 4 feedback: 0.0
[INFO] [1789251555.876502707] [nav_goal_sender]: cycle 4 feedback: 0.0
[INFO] [1789251555.886496660] [nav_goal_sender]: cycle 4 feedback: 0.0
[INFO] [1789251555.896532813] [nav_goal_sender]: cycle 4 feedback: 0.0
[INFO] [1789251555.906571966] [nav_goal_sender]: cycle 4 feedback: 0.0
[INFO] [1789251555.916647819] [nav_goal_sender]: cycle 4 feedback: 0.0
[INFO] [1789251555.926524072] [nav_goal_sender]: cycle 4 feedback: 0.0
[INFO] [1789251555.936529024] [nav_goal_sender]: cycle 4 feedback: 0.0
[INFO] [1789251555.946503777] [nav_goal_sender]: cycle 4 feedback: 0.0
[INFO] [1789251555.956676031] [nav_goal_sender]: cycle 4 feedback: 0.0
[INFO] [1789251555.967307687] [nav_goal_sender]: cycle 4 feedback: 0.0
[INFO] [1789251555.976595737] [nav_goal_sender]: cycle 4 feedback: 0.0
[INFO] [1789251555.986827391] [nav_goal_sender]: cycle 4 feedback: 0.0
[INFO] [1789251555.997099045] [nav_goal_sender]: cycle 4 feedback: 0.0
[INFO] [1789251556.006533995] [nav_goal_sender]: cycle 4 feedback: 0.0
[INFO] [1789251556.016572148] [nav_goal_sender]: cycle 4 feedback: 0.0
[INFO] [1789251556.026525901] [nav_goal_sender]: cycle 4 feedback: 0.0
[INFO] [1789251556.036514354] [nav_goal_sender]: cycle 4 feedback: 0.0
[INFO] [1789251556.047075510] [nav_goal_sender]: cycle 4 feedback: 0.0
[INFO] [1789251556.057494065] [nav_goal_sender]: cycle 4 feedback: 0.0
[INFO] [1789251556.066729414] [nav_goal_sender]: cycle 4 feedback: 0.0
[INFO] [1789251556.076925768] [nav_goal_sender]: cycle 4 feedback: 0.0
[INFO] [1789251556.087061221] [nav_goal_sender]: cycle 4 feedback: 0.0
[INFO] [1789251556.097005174] [nav_goal_sender]: cycle 4 feedback: 0.0
[INFO] [1789251556.106594425] [nav_goal_sender]: cycle 4 feedback: 0.0
[INFO] [1789251556.116510977] [nav_goal_sender]: cycle 4 feedback: 0.0
[INFO] [1789251556.126797931] [nav_goal_sender]: cycle 4 feedback: 0.0
[INFO] [1789251556.136570383] [nav_goal_sender]: cycle 4 feedback: 0.0
[INFO] [1789251556.146523536] [nav_goal_sender]: cycle 4 feedback: 0.0
[INFO] [1789251556.157562694] [nav_goal_sender]: cycle 4 feedback: 0.0
[INFO] [1789251556.167234845] [nav_goal_sender]: cycle 4 feedback: 0.0
[INFO] [1789251556.176787896] [nav_goal_sender]: cycle 4 feedback: 0.0
[INFO] [1789251556.186745449] [nav_goal_sender]: cycle 4 feedback: 0.0
[INFO] [1789251556.196774902] [nav_goal_sender]: cycle 4 feedback: 0.0
[INFO] [1789251556.208608164] [nav_goal_sender]: cycle 4 feedback: 0.0
[INFO] [1789251556.217322011] [nav_goal_sender]: cycle 4 feedback: 0.0
[INFO] [1789251556.226875361] [nav_goal_sender]: cycle 4 feedback: 0.0
[INFO] [1789251556.237194516] [nav_goal_sender]: cycle 4 feedback: 0.0
[INFO] [1789251556.247033568] [nav_goal_sender]: cycle 4 feedback: 0.0
[INFO] [1789251556.257680424] [nav_goal_sender]: cycle 4 feedback: 0.0
[INFO] [1789251556.267217275] [nav_goal_sender]: cycle 4 feedback: 0.0
[INFO] [1789251556.276584224] [nav_goal_sender]: cycle 4 feedback: 0.0
[INFO] [1789251556.286611877] [nav_goal_sender]: cycle 4 feedback: 0.0
[INFO] [1789251556.297058933] [nav_goal_sender]: cycle 4 feedback: 0.0
[INFO] [1789251556.307084986] [nav_goal_sender]: cycle 4 feedback: 0.0
[INFO] [1789251556.316832537] [nav_goal_sender]: cycle 4 feedback: 0.0
[INFO] [1789251556.326830490] [nav_goal_sender]: cycle 4 feedback: 0.0
[INFO] [1789251556.337059644] [nav_goal_sender]: cycle 4 feedback: 0.0
[INFO] [1789251556.347085397] [nav_goal_sender]: cycle 4 feedback: 0.0
[INFO] [1789251556.356533447] [nav_goal_sender]: cycle 4 feedback: 0.0
[INFO] [1789251556.366655001] [nav_goal_sender]: cycle 4 feedback: 0.0
[INFO] [1789251556.377064656] [nav_goal_sender]: cycle 4 feedback: 0.0
[INFO] [1789251556.386652707] [nav_goal_sender]: cycle 4 feedback: 0.0
[INFO] [1789251556.396724660] [nav_goal_sender]: cycle 4 feedback: 0.0
[INFO] [1789251556.406941414] [nav_goal_sender]: cycle 4 feedback: 0.0
[INFO] [1789251556.417009867] [nav_goal_sender]: cycle 4 feedback: 0.0
[INFO] [1789251556.426670019] [nav_goal_sender]: cycle 4 feedback: 0.0
[INFO] [1789251556.436570171] [nav_goal_sender]: cycle 4 feedback: 0.0
[INFO] [1789251556.446663324] [nav_goal_sender]: cycle 4 feedback: 0.0
[INFO] [1789251556.457608282] [nav_goal_sender]: cycle 4 feedback: 0.0
[INFO] [1789251556.467575335] [nav_goal_sender]: cycle 4 feedback: 0.0
[INFO] [1789251556.477153286] [nav_goal_sender]: cycle 4 feedback: 0.0
[INFO] [1789251556.486928037] [nav_goal_sender]: cycle 4 feedback: 0.0
[INFO] [1789251556.497157092] [nav_goal_sender]: cycle 4 feedback: 0.0
[INFO] [1789251556.506551541] [nav_goal_sender]: cycle 4 feedback: 0.0
[INFO] [1789251556.516566594] [nav_goal_sender]: cycle 4 feedback: 0.0
[INFO] [1789251556.527100050] [nav_goal_sender]: cycle 4 feedback: 0.0
[INFO] [1789251556.537010202] [nav_goal_sender]: cycle 4 feedback: 0.0
[INFO] [1789251556.547025455] [nav_goal_sender]: cycle 4 feedback: 0.0
[INFO] [1789251556.557254710] [nav_goal_sender]: cycle 4 feedback: 0.0
[INFO] [1789251556.567734465] [nav_goal_sender]: cycle 4 feedback: 0.0
[INFO] [1789251556.577510217] [nav_goal_sender]: cycle 4 feedback: 0.0
[INFO] [1789251556.589319879] [nav_goal_sender]: cycle 4 feedback: 0.0
[INFO] [1789251556.597197021] [nav_goal_sender]: cycle 4 feedback: 0.0
[INFO] [1789251556.606815272] [nav_goal_sender]: cycle 4 feedback: 0.0
[INFO] [1789251556.617209227] [nav_goal_sender]: cycle 4 feedback: 0.0
[INFO] [1789251556.627779883] [nav_goal_sender]: cycle 4 feedback: 0.0
[INFO] [1789251556.636945531] [nav_goal_sender]: cycle 4 feedback: 0.0
[INFO] [1789251556.647381987] [nav_goal_sender]: cycle 4 feedback: 0.0
[INFO] [1789251556.657336539] [nav_goal_sender]: cycle 4 feedback: 0.0
[INFO] [1789251556.667181891] [nav_goal_sender]: cycle 4 feedback: 0.0
[INFO] [1789251556.677714447] [nav_goal_sender]: cycle 4 feedback: 0.0
[INFO] [1789251556.686880496] [nav_goal_sender]: cycle 4 feedback: 0.0
[INFO] [1789251556.697269051] [nav_goal_sender]: cycle 4 feedback: 0.0
[INFO] [1789251556.707181503] [nav_goal_sender]: cycle 4 feedback: 0.0
[INFO] [1789251556.716559853] [nav_goal_sender]: cycle 4 feedback: 0.0
[INFO] [1789251556.727093208] [nav_goal_sender]: cycle 4 feedback: 0.0
[INFO] [1789251556.736876760] [nav_goal_sender]: cycle 4 feedback: 0.0
[INFO] [1789251556.746843913] [nav_goal_sender]: cycle 4 feedback: 0.0
[INFO] [1789251556.756748965] [nav_goal_sender]: cycle 4 feedback: 0.0
[INFO] [1789251556.767145020] [nav_goal_sender]: cycle 4 feedback: 0.0
[INFO] [1789251556.777308674] [nav_goal_sender]: cycle 4 feedback: 0.0
[INFO] [1789251556.787135826] [nav_goal_sender]: cycle 4 feedback: 0.0
[INFO] [1789251556.797022979] [nav_goal_sender]: cycle 4 feedback: 0.0
[INFO] [1789251556.806930831] [nav_goal_sender]: cycle 4 feedback: 0.0
[INFO] [1789251556.816843083] [nav_goal_sender]: cycle 4 feedback: 0.0
[INFO] [1789251556.826859036] [nav_goal_sender]: cycle 4 feedback: 0.0
[INFO] [1789251556.836851289] [nav_goal_sender]: cycle 4 feedback: 0.0
[INFO] [1789251556.846852642] [nav_goal_sender]: cycle 4 feedback: 0.0
[INFO] [1789251556.857535999] [nav_goal_sender]: cycle 4 feedback: 0.0
[INFO] [1789251556.866751348] [nav_goal_sender]: cycle 4 feedback: 0.0
[INFO] [1789251556.877255403] [nav_goal_sender]: cycle 4 feedback: 0.0
[INFO] [1789251556.886656853] [nav_goal_sender]: cycle 4 feedback: 0.0
[INFO] [1789251556.898545416] [nav_goal_sender]: cycle 4 feedback: 0.0
[INFO] [1789251556.908002566] [nav_goal_sender]: cycle 4 feedback: 0.0
[INFO] [1789251556.918311220] [nav_goal_sender]: cycle 4 feedback: 0.0
[INFO] [1789251556.927448469] [nav_goal_sender]: cycle 4 feedback: 0.0
[INFO] [1789251556.937846024] [nav_goal_sender]: cycle 4 feedback: 0.0
[INFO] [1789251556.948022078] [nav_goal_sender]: cycle 4 feedback: 0.0
[INFO] [1789251556.957000425] [nav_goal_sender]: cycle 4 feedback: 0.0
[INFO] [1789251556.967028478] [nav_goal_sender]: cycle 4 feedback: 0.0
[INFO] [1789251556.976715530] [nav_goal_sender]: cycle 4 feedback: 0.0
[INFO] [1789251556.986863983] [nav_goal_sender]: cycle 4 feedback: 0.0
[INFO] [1789251556.996846736] [nav_goal_sender]: cycle 4 feedback: 0.0
[INFO] [1789251557.006779489] [nav_goal_sender]: cycle 4 feedback: 0.0
[INFO] [1789251557.017260944] [nav_goal_sender]: cycle 4 feedback: 0.0
[INFO] [1789251557.031999322] [nav_goal_sender]: cycle 4 feedback: 0.0
[INFO] [1789251557.038733058] [nav_goal_sender]: cycle 4 feedback: 0.0
[INFO] [1789251557.047171502] [nav_goal_sender]: cycle 4 feedback: 0.0
[INFO] [1789251557.059377267] [nav_goal_sender]: cycle 4 feedback: 0.0
[INFO] [1789251557.067013807] [nav_goal_sender]: cycle 4 feedback: 0.0
[INFO] [1789251557.081581085] [nav_goal_sender]: cycle 4 feedback: 0.0
[INFO] [1789251557.089724628] [nav_goal_sender]: cycle 4 feedback: 0.0
[INFO] [1789251557.099651580] [nav_goal_sender]: cycle 4 feedback: 0.0
[INFO] [1789251557.111101941] [nav_goal_sender]: cycle 4 feedback: 0.0
[INFO] [1789251557.116940372] [nav_goal_sender]: cycle 4 feedback: 0.0
[INFO] [1789251557.127233726] [nav_goal_sender]: cycle 4 feedback: 0.0
[INFO] [1789251557.139793093] [nav_goal_sender]: cycle 4 feedback: 0.0
[INFO] [1789251557.148343938] [nav_goal_sender]: cycle 4 feedback: 0.0
[INFO] [1789251557.158201990] [nav_goal_sender]: cycle 4 feedback: 0.0
[INFO] [1789251557.167033837] [nav_goal_sender]: cycle 4 feedback: 0.0
[INFO] [1789251557.177763094] [nav_goal_sender]: cycle 4 feedback: 0.0
[INFO] [1789251557.187269144] [nav_goal_sender]: cycle 4 feedback: 0.0
[INFO] [1789251557.197210196] [nav_goal_sender]: cycle 4 feedback: 0.0
[INFO] [1789251557.206565946] [nav_goal_sender]: cycle 4 feedback: 0.0
[INFO] [1789251557.217578504] [nav_goal_sender]: cycle 4 feedback: 0.0
[INFO] [1789251557.227819458] [nav_goal_sender]: cycle 4 feedback: 0.0
[INFO] [1789251557.236933807] [nav_goal_sender]: cycle 4 feedback: 0.0
[INFO] [1789251557.246972160] [nav_goal_sender]: cycle 4 feedback: 0.0
[INFO] [1789251557.258083819] [nav_goal_sender]: cycle 4 feedback: 0.0
[INFO] [1789251557.268495274] [nav_goal_sender]: cycle 4 feedback: 0.0
[INFO] [1789251557.278200225] [nav_goal_sender]: cycle 4 feedback: 0.0
[INFO] [1789251557.286645170] [nav_goal_sender]: cycle 4 feedback: 0.0
[INFO] [1789251557.297887429] [nav_goal_sender]: cycle 4 feedback: 0.0
[INFO] [1789251557.307228479] [nav_goal_sender]: cycle 4 feedback: 0.0
[INFO] [1789251557.317047731] [nav_goal_sender]: cycle 4 feedback: 0.0
[INFO] [1789251557.327460286] [nav_goal_sender]: cycle 4 feedback: 0.0
[INFO] [1789251557.337654040] [nav_goal_sender]: cycle 4 feedback: 0.0
[INFO] [1789251557.346671687] [nav_goal_sender]: cycle 4 feedback: 0.0
[INFO] [1789251557.356619240] [nav_goal_sender]: cycle 4 feedback: 0.0
[INFO] [1789251557.366704894] [nav_goal_sender]: cycle 4 feedback: 0.0
[INFO] [1789251557.376531646] [nav_goal_sender]: cycle 4 feedback: 0.0
[INFO] [1789251557.386810300] [nav_goal_sender]: cycle 4 feedback: 0.0
[INFO] [1789251557.396573452] [nav_goal_sender]: cycle 4 feedback: 0.0
[INFO] [1789251557.406868606] [nav_goal_sender]: cycle 4 feedback: 0.0
[INFO] [1789251557.416509357] [nav_goal_sender]: cycle 4 feedback: 0.0
[INFO] [1789251557.426528710] [nav_goal_sender]: cycle 4 feedback: 0.0
[INFO] [1789251557.436601463] [nav_goal_sender]: cycle 4 feedback: 0.0
[INFO] [1789251557.446546116] [nav_goal_sender]: cycle 4 feedback: 0.0
[INFO] [1789251557.456607269] [nav_goal_sender]: cycle 4 feedback: 0.0
[INFO] [1789251557.466911124] [nav_goal_sender]: cycle 4 feedback: 0.0
[INFO] [1789251557.476588375] [nav_goal_sender]: cycle 4 feedback: 0.0
[INFO] [1789251557.486591128] [nav_goal_sender]: cycle 4 feedback: 0.0
[INFO] [1789251557.496493980] [nav_goal_sender]: cycle 4 feedback: 0.0
[INFO] [1789251557.506486833] [nav_goal_sender]: cycle 4 feedback: 0.0
[INFO] [1789251557.516505586] [nav_goal_sender]: cycle 4 feedback: 0.0
[INFO] [1789251557.526582340] [nav_goal_sender]: cycle 4 feedback: 0.0
[INFO] [1789251557.536510792] [nav_goal_sender]: cycle 4 feedback: 0.0
[INFO] [1789251557.546619146] [nav_goal_sender]: cycle 4 feedback: 0.0
[INFO] [1789251557.556497798] [nav_goal_sender]: cycle 4 feedback: 0.0
[INFO] [1789251557.566680352] [nav_goal_sender]: cycle 4 feedback: 0.0
[INFO] [1789251557.576587404] [nav_goal_sender]: cycle 4 feedback: 0.0
[INFO] [1789251557.586606557] [nav_goal_sender]: cycle 4 feedback: 0.0
[INFO] [1789251557.596510610] [nav_goal_sender]: cycle 4 feedback: 0.0
[INFO] [1789251557.606663763] [nav_goal_sender]: cycle 4 feedback: 0.0
[INFO] [1789251557.616762417] [nav_goal_sender]: cycle 4 feedback: 0.0
[INFO] [1789251557.626597469] [nav_goal_sender]: cycle 4 feedback: 0.0
[INFO] [1789251557.636532322] [nav_goal_sender]: cycle 4 feedback: 0.0
[INFO] [1789251557.646553375] [nav_goal_sender]: cycle 4 feedback: 0.0
[INFO] [1789251557.656609028] [nav_goal_sender]: cycle 4 feedback: 0.0
[INFO] [1789251557.666725881] [nav_goal_sender]: cycle 4 feedback: 0.0
[INFO] [1789251557.676595134] [nav_goal_sender]: cycle 4 feedback: 0.0
[INFO] [1789251557.686606187] [nav_goal_sender]: cycle 4 feedback: 0.0
[INFO] [1789251557.696589539] [nav_goal_sender]: cycle 4 feedback: 0.0
[INFO] [1789251557.706582592] [nav_goal_sender]: cycle 4 feedback: 0.0
[INFO] [1789251557.716517545] [nav_goal_sender]: cycle 4 feedback: 0.0
[INFO] [1789251557.726554098] [nav_goal_sender]: cycle 4 feedback: 0.0
[INFO] [1789251557.736498751] [nav_goal_sender]: cycle 4 feedback: 0.0
[INFO] [1789251557.746493803] [nav_goal_sender]: cycle 4 feedback: 0.0
[INFO] [1789251557.756627757] [nav_goal_sender]: cycle 4 feedback: 0.0
[INFO] [1789251557.766566210] [nav_goal_sender]: cycle 4 feedback: 0.0
[INFO] [1789251557.776874764] [nav_goal_sender]: cycle 4 feedback: 0.0
[INFO] [1789251557.787011518] [nav_goal_sender]: cycle 4 feedback: 0.0
[INFO] [1789251557.796566368] [nav_goal_sender]: cycle 4 feedback: 0.0
[INFO] [1789251557.806591022] [nav_goal_sender]: cycle 4 feedback: 0.0
[INFO] [1789251557.817145477] [nav_goal_sender]: cycle 4 feedback: 0.0
[INFO] [1789251557.826527727] [nav_goal_sender]: cycle 4 feedback: 0.0
[INFO] [1789251557.837338284] [nav_goal_sender]: cycle 4 feedback: 0.0
[INFO] [1789251557.847055836] [nav_goal_sender]: cycle 4 feedback: 0.0
[INFO] [1789251557.857336990] [nav_goal_sender]: cycle 4 feedback: 0.0
[INFO] [1789251557.866709840] [nav_goal_sender]: cycle 4 feedback: 0.0
[INFO] [1789251557.876625492] [nav_goal_sender]: cycle 4 feedback: 0.0
[INFO] [1789251557.887356349] [nav_goal_sender]: cycle 4 feedback: 0.0
[INFO] [1789251557.897213501] [nav_goal_sender]: cycle 4 feedback: 0.0
[INFO] [1789251557.906595751] [nav_goal_sender]: cycle 4 feedback: 0.0
[INFO] [1789251557.917339008] [nav_goal_sender]: cycle 4 feedback: 0.0
[INFO] [1789251557.926523756] [nav_goal_sender]: cycle 4 feedback: 0.0
[INFO] [1789251557.936708610] [nav_goal_sender]: cycle 4 feedback: 0.0
[INFO] [1789251557.946504662] [nav_goal_sender]: cycle 4 feedback: 0.0
[INFO] [1789251557.956583915] [nav_goal_sender]: cycle 4 feedback: 0.0
[INFO] [1789251557.967541073] [nav_goal_sender]: cycle 4 feedback: 0.0
[INFO] [1789251557.976622221] [nav_goal_sender]: cycle 4 feedback: 0.0
[INFO] [1789251557.987303678] [nav_goal_sender]: cycle 4 feedback: 0.0
[INFO] [1789251557.996480927] [nav_goal_sender]: cycle 4 feedback: 0.0
[INFO] [1789251558.006879682] [nav_goal_sender]: cycle 4 feedback: 0.0
[INFO] [1789251558.016766434] [nav_goal_sender]: cycle 4 feedback: 0.0
[INFO] [1789251558.026637486] [nav_goal_sender]: cycle 4 feedback: 0.0
[INFO] [1789251558.036907340] [nav_goal_sender]: cycle 4 feedback: 0.0
[INFO] [1789251558.046510791] [nav_goal_sender]: cycle 4 feedback: 0.0
[INFO] [1789251558.057609950] [nav_goal_sender]: cycle 4 feedback: 0.0
[INFO] [1789251558.066731098] [nav_goal_sender]: cycle 4 feedback: 0.0
[INFO] [1789251558.076530250] [nav_goal_sender]: cycle 4 feedback: 0.0
[INFO] [1789251558.086507103] [nav_goal_sender]: cycle 4 feedback: 0.0
[INFO] [1789251558.096540956] [nav_goal_sender]: cycle 4 feedback: 0.0
[INFO] [1789251558.106759610] [nav_goal_sender]: cycle 4 feedback: 0.0
[INFO] [1789251558.116824763] [nav_goal_sender]: cycle 4 feedback: 0.0
[INFO] [1789251558.126502915] [nav_goal_sender]: cycle 4 feedback: 0.0
[INFO] [1789251558.136580568] [nav_goal_sender]: cycle 4 feedback: 0.0
[INFO] [1789251558.147095024] [nav_goal_sender]: cycle 4 feedback: 0.0
[INFO] [1789251558.157150377] [nav_goal_sender]: cycle 4 feedback: 0.0
[INFO] [1789251558.166991029] [nav_goal_sender]: cycle 4 feedback: 0.0
[INFO] [1789251558.177057482] [nav_goal_sender]: cycle 4 feedback: 0.0
[INFO] [1789251558.186907034] [nav_goal_sender]: cycle 4 feedback: 0.0
[INFO] [1789251558.196555885] [nav_goal_sender]: cycle 4 feedback: 0.0
[INFO] [1789251558.206601739] [nav_goal_sender]: cycle 4 feedback: 0.0
[INFO] [1789251558.217065494] [nav_goal_sender]: cycle 4 feedback: 0.0
[INFO] [1789251558.226541244] [nav_goal_sender]: cycle 4 feedback: 0.0
[INFO] [1789251558.237211201] [nav_goal_sender]: cycle 4 feedback: 0.0
[INFO] [1789251558.246845652] [nav_goal_sender]: cycle 4 feedback: 0.0
[INFO] [1789251558.257282307] [nav_goal_sender]: cycle 4 feedback: 0.0
[INFO] [1789251558.267202459] [nav_goal_sender]: cycle 4 feedback: 0.0
[INFO] [1789251558.276535009] [nav_goal_sender]: cycle 4 feedback: 0.0
[INFO] [1789251558.287015264] [nav_goal_sender]: cycle 4 feedback: 0.0
[INFO] [1789251558.296597915] [nav_goal_sender]: cycle 4 feedback: 0.0
[INFO] [1789251558.307117370] [nav_goal_sender]: cycle 4 feedback: 0.0
[INFO] [1789251558.317202724] [nav_goal_sender]: cycle 4 feedback: 0.0
[INFO] [1789251558.326490173] [nav_goal_sender]: cycle 4 feedback: 0.0
[INFO] [1789251558.336690327] [nav_goal_sender]: cycle 4 feedback: 0.0
[INFO] [1789251558.346638380] [nav_goal_sender]: cycle 4 feedback: 0.0
[INFO] [1789251558.356848434] [nav_goal_sender]: cycle 4 feedback: 0.0
[INFO] [1789251558.366813186] [nav_goal_sender]: cycle 4 feedback: 0.0
[INFO] [1789251558.376638038] [nav_goal_sender]: cycle 4 feedback: 0.0
[INFO] [1789251558.386637991] [nav_goal_sender]: cycle 4 feedback: 0.0
[INFO] [1789251558.396749145] [nav_goal_sender]: cycle 4 feedback: 0.0
[INFO] [1789251558.406807098] [nav_goal_sender]: cycle 4 feedback: 0.0
[INFO] [1789251558.416611150] [nav_goal_sender]: cycle 4 feedback: 0.0
[INFO] [1789251558.426487102] [nav_goal_sender]: cycle 4 feedback: 0.0
[INFO] [1789251558.436803257] [nav_goal_sender]: cycle 4 feedback: 0.0
[INFO] [1789251558.446636309] [nav_goal_sender]: cycle 4 feedback: 0.0
[INFO] [1789251558.456499861] [nav_goal_sender]: cycle 4 feedback: 0.0
[INFO] [1789251558.466907516] [nav_goal_sender]: cycle 4 feedback: 0.0
[INFO] [1789251558.476623168] [nav_goal_sender]: cycle 4 feedback: 0.0
[INFO] [1789251558.486806121] [nav_goal_sender]: cycle 4 feedback: 0.0
[INFO] [1789251558.496798574] [nav_goal_sender]: cycle 4 feedback: 0.0
[INFO] [1789251558.506846328] [nav_goal_sender]: cycle 4 feedback: 0.0
[INFO] [1789251558.517010081] [nav_goal_sender]: cycle 4 feedback: 0.0
[INFO] [1789251558.526481731] [nav_goal_sender]: cycle 4 feedback: 0.0
[INFO] [1789251558.536597585] [nav_goal_sender]: cycle 4 feedback: 0.0
[INFO] [1789251558.546505337] [nav_goal_sender]: cycle 4 feedback: 0.0
[INFO] [1789251558.557070793] [nav_goal_sender]: cycle 4 feedback: 0.0
[INFO] [1789251558.567110846] [nav_goal_sender]: cycle 4 feedback: 0.0
[INFO] [1789251558.576717297] [nav_goal_sender]: cycle 4 feedback: 0.0
[INFO] [1789251558.586896851] [nav_goal_sender]: cycle 4 feedback: 0.0
[INFO] [1789251558.596855604] [nav_goal_sender]: cycle 4 feedback: 0.0
[INFO] [1789251558.606885057] [nav_goal_sender]: cycle 4 feedback: 0.0
[INFO] [1789251558.616865910] [nav_goal_sender]: cycle 4 feedback: 0.0
[INFO] [1789251558.626640562] [nav_goal_sender]: cycle 4 feedback: 0.0
[INFO] [1789251558.636905616] [nav_goal_sender]: cycle 4 feedback: 0.0
[INFO] [1789251558.647012769] [nav_goal_sender]: cycle 4 feedback: 0.0
[INFO] [1789251558.657391424] [nav_goal_sender]: cycle 4 feedback: 0.0
[INFO] [1789251558.667108776] [nav_goal_sender]: cycle 4 feedback: 0.0
[INFO] [1789251558.677188829] [nav_goal_sender]: cycle 4 feedback: 0.0
[INFO] [1789251558.686671679] [nav_goal_sender]: cycle 4 feedback: 0.0
[INFO] [1789251558.696528831] [nav_goal_sender]: cycle 4 feedback: 0.0
[INFO] [1789251558.706591485] [nav_goal_sender]: cycle 4 feedback: 0.0
[INFO] [1789251558.716509237] [nav_goal_sender]: cycle 4 feedback: 0.0
[INFO] [1789251558.726483690] [nav_goal_sender]: cycle 4 feedback: 0.0
[INFO] [1789251558.737401648] [nav_goal_sender]: cycle 4 feedback: 0.0
[INFO] [1789251558.747157799] [nav_goal_sender]: cycle 4 feedback: 0.0
[INFO] [1789251558.756550349] [nav_goal_sender]: cycle 4 feedback: 0.0
[INFO] [1789251558.766836703] [nav_goal_sender]: cycle 4 feedback: 0.0
[INFO] [1789251558.776594055] [nav_goal_sender]: cycle 4 feedback: 0.0
[INFO] [1789251558.786810709] [nav_goal_sender]: cycle 4 feedback: 0.0
[INFO] [1789251558.797286965] [nav_goal_sender]: cycle 4 feedback: 0.0
[INFO] [1789251558.807378318] [nav_goal_sender]: cycle 4 feedback: 0.0
[INFO] [1789251558.816687667] [nav_goal_sender]: cycle 4 feedback: 0.0
[INFO] [1789251558.826716120] [nav_goal_sender]: cycle 4 feedback: 0.0
[INFO] [1789251558.836515172] [nav_goal_sender]: cycle 4 feedback: 0.0
[INFO] [1789251558.846800127] [nav_goal_sender]: cycle 4 feedback: 0.0
[INFO] [1789251558.856572278] [nav_goal_sender]: cycle 4 feedback: 0.0
[INFO] [1789251558.866901433] [nav_goal_sender]: cycle 4 feedback: 0.0
[INFO] [1789251558.876509784] [nav_goal_sender]: cycle 4 feedback: 0.0
[INFO] [1789251558.886630137] [nav_goal_sender]: cycle 4 feedback: 0.0
[INFO] [1789251558.896476690] [nav_goal_sender]: cycle 4 feedback: 0.0
[INFO] [1789251558.906509443] [nav_goal_sender]: cycle 4 feedback: 0.0
[INFO] [1789251558.916633496] [nav_goal_sender]: cycle 4 feedback: 0.0
[INFO] [1789251558.926502848] [nav_goal_sender]: cycle 4 feedback: 0.0
[INFO] [1789251558.936604202] [nav_goal_sender]: cycle 4 feedback: 0.0
[INFO] [1789251558.946518054] [nav_goal_sender]: cycle 4 feedback: 0.0
[INFO] [1789251558.956515207] [nav_goal_sender]: cycle 4 feedback: 0.0
[INFO] [1789251558.966641961] [nav_goal_sender]: cycle 4 feedback: 0.0
[INFO] [1789251558.976498813] [nav_goal_sender]: cycle 4 feedback: 0.0
[INFO] [1789251558.986629867] [nav_goal_sender]: cycle 4 feedback: 0.0
[INFO] [1789251558.996499719] [nav_goal_sender]: cycle 4 feedback: 0.0
[INFO] [1789251559.006513272] [nav_goal_sender]: cycle 4 feedback: 0.0
[INFO] [1789251559.016618625] [nav_goal_sender]: cycle 4 feedback: 0.0
[INFO] [1789251559.026497878] [nav_goal_sender]: cycle 4 feedback: 0.0
[INFO] [1789251559.036619131] [nav_goal_sender]: cycle 4 feedback: 0.0
[INFO] [1789251559.046485283] [nav_goal_sender]: cycle 4 feedback: 0.0
[INFO] [1789251559.056492836] [nav_goal_sender]: cycle 4 feedback: 0.0
[INFO] [1789251559.066651590] [nav_goal_sender]: cycle 4 feedback: 0.0
[INFO] [1789251559.076511342] [nav_goal_sender]: cycle 4 feedback: 0.0
[INFO] [1789251559.086611696] [nav_goal_sender]: cycle 4 feedback: 0.0
[INFO] [1789251559.096544548] [nav_goal_sender]: cycle 4 feedback: 0.0
[INFO] [1789251559.106485101] [nav_goal_sender]: cycle 4 feedback: 0.0
[INFO] [1789251559.116683055] [nav_goal_sender]: cycle 4 feedback: 0.0
[INFO] [1789251559.126511907] [nav_goal_sender]: cycle 4 feedback: 0.0
[INFO] [1789251559.136581760] [nav_goal_sender]: cycle 4 feedback: 0.0
[INFO] [1789251559.146577613] [nav_goal_sender]: cycle 4 feedback: 0.0
[INFO] [1789251559.156568866] [nav_goal_sender]: cycle 4 feedback: 0.0
[INFO] [1789251559.166700520] [nav_goal_sender]: cycle 4 feedback: 0.0
[INFO] [1789251559.176520672] [nav_goal_sender]: cycle 4 feedback: 0.0
[INFO] [1789251559.186558425] [nav_goal_sender]: cycle 4 feedback: 0.0
[INFO] [1789251559.196516177] [nav_goal_sender]: cycle 4 feedback: 0.0
[INFO] [1789251559.206544831] [nav_goal_sender]: cycle 4 feedback: 0.0
[INFO] [1789251559.216523583] [nav_goal_sender]: cycle 4 feedback: 0.0
[INFO] [1789251559.226524836] [nav_goal_sender]: cycle 4 feedback: 0.0
[INFO] [1789251559.236596490] [nav_goal_sender]: cycle 4 feedback: 0.0
[INFO] [1789251559.246518342] [nav_goal_sender]: cycle 4 feedback: 0.0
[INFO] [1789251559.256499295] [nav_goal_sender]: cycle 4 feedback: 0.0
[INFO] [1789251559.266678849] [nav_goal_sender]: cycle 4 feedback: 0.0
[INFO] [1789251559.277998109] [nav_goal_sender]: cycle 4 feedback: 0.0
[INFO] [1789251559.286868456] [nav_goal_sender]: cycle 4 feedback: 0.0
[INFO] [1789251559.297564712] [nav_goal_sender]: cycle 4 feedback: 6.823538780212402
[INFO] [1789251559.306967962] [nav_goal_sender]: cycle 4 feedback: 6.823538780212402
[INFO] [1789251559.316832014] [nav_goal_sender]: cycle 4 feedback: 6.823538780212402
[INFO] [1789251559.326618066] [nav_goal_sender]: cycle 4 feedback: 6.823538780212402
[INFO] [1789251559.337494224] [nav_goal_sender]: cycle 4 feedback: 6.823538780212402
[INFO] [1789251559.347399176] [nav_goal_sender]: cycle 4 feedback: 6.823538780212402
[INFO] [1789251559.357127827] [nav_goal_sender]: cycle 4 feedback: 6.823538780212402
[INFO] [1789251559.366773579] [nav_goal_sender]: cycle 4 feedback: 6.823538780212402
[INFO] [1789251559.376605631] [nav_goal_sender]: cycle 4 feedback: 6.823538780212402
[INFO] [1789251559.386860485] [nav_goal_sender]: cycle 4 feedback: 6.823538780212402
[INFO] [1789251559.396906038] [nav_goal_sender]: cycle 4 feedback: 6.823538780212402
[INFO] [1789251559.407967897] [nav_goal_sender]: cycle 4 feedback: 6.823538780212402
[INFO] [1789251559.417004144] [nav_goal_sender]: cycle 4 feedback: 6.823538780212402
[INFO] [1789251559.426667895] [nav_goal_sender]: cycle 4 feedback: 6.823538780212402
[INFO] [1789251559.437813354] [nav_goal_sender]: cycle 4 feedback: 6.823538780212402
[INFO] [1789251559.447012203] [nav_goal_sender]: cycle 4 feedback: 6.823538780212402
[INFO] [1789251559.456991356] [nav_goal_sender]: cycle 4 feedback: 6.823538780212402
[INFO] [1789251559.467283610] [nav_goal_sender]: cycle 4 feedback: 6.823538780212402
[INFO] [1789251559.477083062] [nav_goal_sender]: cycle 4 feedback: 6.823538780212402
[INFO] [1789251559.487079115] [nav_goal_sender]: cycle 4 feedback: 6.823538780212402
[INFO] [1789251559.496897967] [nav_goal_sender]: cycle 4 feedback: 6.823538780212402
[INFO] [1789251559.506840920] [nav_goal_sender]: cycle 4 feedback: 6.823538780212402
[INFO] [1789251559.517234175] [nav_goal_sender]: cycle 4 feedback: 6.823538780212402
[INFO] [1789251559.526768525] [nav_goal_sender]: cycle 4 feedback: 6.823538780212402
[INFO] [1789251559.537123980] [nav_goal_sender]: cycle 4 feedback: 6.823538780212402
[INFO] [1789251559.546765731] [nav_goal_sender]: cycle 4 feedback: 6.823538780212402
[INFO] [1789251559.557115086] [nav_goal_sender]: cycle 4 feedback: 6.823538780212402
[INFO] [1789251559.566887438] [nav_goal_sender]: cycle 4 feedback: 6.823538780212402
[INFO] [1789251559.577113292] [nav_goal_sender]: cycle 4 feedback: 6.823538780212402
[INFO] [1789251559.586830643] [nav_goal_sender]: cycle 4 feedback: 6.823538780212402
[INFO] [1789251559.596783296] [nav_goal_sender]: cycle 4 feedback: 6.823538780212402
[INFO] [1789251559.607029450] [nav_goal_sender]: cycle 4 feedback: 6.823538780212402
[INFO] [1789251559.616759302] [nav_goal_sender]: cycle 4 feedback: 6.823538780212402
[INFO] [1789251559.626826655] [nav_goal_sender]: cycle 4 feedback: 6.823538780212402
[INFO] [1789251559.637483211] [nav_goal_sender]: cycle 4 feedback: 6.823538780212402
[INFO] [1789251559.647307763] [nav_goal_sender]: cycle 4 feedback: 6.823538780212402
[INFO] [1789251559.657026915] [nav_goal_sender]: cycle 4 feedback: 6.823538780212402
[INFO] [1789251559.667561270] [nav_goal_sender]: cycle 4 feedback: 6.823538780212402
[INFO] [1789251559.677533223] [nav_goal_sender]: cycle 4 feedback: 6.823538780212402
[INFO] [1789251559.686793272] [nav_goal_sender]: cycle 4 feedback: 6.823538780212402
[INFO] [1789251559.696858225] [nav_goal_sender]: cycle 4 feedback: 6.823538780212402
[INFO] [1789251559.706897379] [nav_goal_sender]: cycle 4 feedback: 6.823538780212402
[INFO] [1789251559.716630530] [nav_goal_sender]: cycle 4 feedback: 6.823538780212402
[INFO] [1789251559.726738984] [nav_goal_sender]: cycle 4 feedback: 6.823538780212402
[INFO] [1789251559.737015138] [nav_goal_sender]: cycle 4 feedback: 6.823538780212402
[INFO] [1789251559.746810090] [nav_goal_sender]: cycle 4 feedback: 6.823538780212402
[INFO] [1789251559.756912743] [nav_goal_sender]: cycle 4 feedback: 6.823538780212402
[INFO] [1789251559.766672495] [nav_goal_sender]: cycle 4 feedback: 6.823538780212402
[INFO] [1789251559.776629248] [nav_goal_sender]: cycle 4 feedback: 6.823538780212402
[INFO] [1789251559.786757301] [nav_goal_sender]: cycle 4 feedback: 6.823538780212402
[INFO] [1789251559.796612053] [nav_goal_sender]: cycle 4 feedback: 6.823538780212402
[INFO] [1789251559.807448511] [nav_goal_sender]: cycle 4 feedback: 6.823538780212402
[INFO] [1789251559.816609059] [nav_goal_sender]: cycle 4 feedback: 6.823538780212402
[INFO] [1789251559.826646112] [nav_goal_sender]: cycle 4 feedback: 6.823538780212402
[INFO] [1789251559.836629365] [nav_goal_sender]: cycle 4 feedback: 6.823538780212402
[INFO] [1789251559.846634918] [nav_goal_sender]: cycle 4 feedback: 6.823538780212402
[INFO] [1789251559.856875772] [nav_goal_sender]: cycle 4 feedback: 6.823538780212402
[INFO] [1789251559.866767925] [nav_goal_sender]: cycle 4 feedback: 6.823538780212402
[INFO] [1789251559.876613477] [nav_goal_sender]: cycle 4 feedback: 6.823538780212402
[INFO] [1789251559.886784731] [nav_goal_sender]: cycle 4 feedback: 6.823538780212402
[INFO] [1789251559.896619883] [nav_goal_sender]: cycle 4 feedback: 6.823538780212402
[INFO] [1789251559.906810037] [nav_goal_sender]: cycle 4 feedback: 6.823538780212402
[INFO] [1789251559.916790989] [nav_goal_sender]: cycle 4 feedback: 6.823538780212402
[INFO] [1789251559.926667142] [nav_goal_sender]: cycle 4 feedback: 6.823538780212402
[INFO] [1789251559.936633394] [nav_goal_sender]: cycle 4 feedback: 6.823538780212402
[INFO] [1789251559.946640247] [nav_goal_sender]: cycle 4 feedback: 6.823538780212402
[INFO] [1789251559.956864301] [nav_goal_sender]: cycle 4 feedback: 6.823538780212402
[INFO] [1789251559.966844154] [nav_goal_sender]: cycle 4 feedback: 6.823538780212402
[INFO] [1789251559.976693106] [nav_goal_sender]: cycle 4 feedback: 6.823538780212402
[INFO] [1789251559.986623759] [nav_goal_sender]: cycle 4 feedback: 6.823538780212402
[INFO] [1789251559.996614612] [nav_goal_sender]: cycle 4 feedback: 6.823538780212402
[INFO] [1789251560.006851366] [nav_goal_sender]: cycle 4 feedback: 6.823538780212402
[INFO] [1789251560.016671118] [nav_goal_sender]: cycle 4 feedback: 6.823538780212402
[INFO] [1789251560.026644971] [nav_goal_sender]: cycle 4 feedback: 6.823538780212402
[INFO] [1789251560.036626524] [nav_goal_sender]: cycle 4 feedback: 6.823538780212402
[INFO] [1789251560.046906578] [nav_goal_sender]: cycle 4 feedback: 6.823538780212402
[INFO] [1789251560.057183132] [nav_goal_sender]: cycle 4 feedback: 6.823538780212402
[INFO] [1789251560.066814583] [nav_goal_sender]: cycle 4 feedback: 6.823538780212402
[INFO] [1789251560.076720236] [nav_goal_sender]: cycle 4 feedback: 6.823538780212402
[INFO] [1789251560.086695689] [nav_goal_sender]: cycle 4 feedback: 6.823538780212402
[INFO] [1789251560.096613141] [nav_goal_sender]: cycle 4 feedback: 6.823538780212402
[INFO] [1789251560.107012496] [nav_goal_sender]: cycle 4 feedback: 6.823538780212402
[INFO] [1789251560.116631047] [nav_goal_sender]: cycle 4 feedback: 6.823538780212402
[INFO] [1789251560.126646200] [nav_goal_sender]: cycle 4 feedback: 6.823538780212402
[INFO] [1789251560.136656953] [nav_goal_sender]: cycle 4 feedback: 6.823538780212402
[INFO] [1789251560.146617106] [nav_goal_sender]: cycle 4 feedback: 6.823538780212402
[INFO] [1789251560.157005861] [nav_goal_sender]: cycle 4 feedback: 6.823538780212402
[INFO] [1789251560.166975013] [nav_goal_sender]: cycle 4 feedback: 6.823538780212402
[INFO] [1789251560.176759165] [nav_goal_sender]: cycle 4 feedback: 6.823538780212402
[INFO] [1789251560.186880419] [nav_goal_sender]: cycle 4 feedback: 6.823538780212402
[INFO] [1789251560.196624570] [nav_goal_sender]: cycle 4 feedback: 6.823538780212402
[INFO] [1789251560.206754224] [nav_goal_sender]: cycle 4 feedback: 6.823538780212402
[INFO] [1789251560.216635976] [nav_goal_sender]: cycle 4 feedback: 6.823538780212402
[INFO] [1789251560.226655929] [nav_goal_sender]: cycle 4 feedback: 6.823538780212402
[INFO] [1789251560.236626882] [nav_goal_sender]: cycle 4 feedback: 6.823538780212402
[INFO] [1789251560.246628835] [nav_goal_sender]: cycle 4 feedback: 6.823538780212402
[INFO] [1789251560.258077296] [nav_goal_sender]: cycle 4 feedback: 6.823538780212402
[INFO] [1789251560.266842242] [nav_goal_sender]: cycle 4 feedback: 6.823538780212402
[INFO] [1789251560.276684594] [nav_goal_sender]: cycle 4 feedback: 6.823538780212402
[INFO] [1789251560.286783847] [nav_goal_sender]: cycle 4 feedback: 6.823538780212402
[INFO] [1789251560.297178802] [nav_goal_sender]: cycle 4 feedback: 6.823538780212402
[INFO] [1789251560.307859259] [nav_goal_sender]: cycle 4 feedback: 6.823538780212402
[INFO] [1789251560.316662706] [nav_goal_sender]: cycle 4 feedback: 6.823538780212402
[INFO] [1789251560.327652064] [nav_goal_sender]: cycle 4 feedback: 7.232961654663086
[INFO] [1789251560.336761512] [nav_goal_sender]: cycle 4 feedback: 7.232961654663086
[INFO] [1789251560.346747365] [nav_goal_sender]: cycle 4 feedback: 7.232961654663086
[INFO] [1789251560.357022419] [nav_goal_sender]: cycle 4 feedback: 7.232961654663086
[INFO] [1789251560.367080972] [nav_goal_sender]: cycle 4 feedback: 7.232961654663086
[INFO] [1789251560.376697323] [nav_goal_sender]: cycle 4 feedback: 7.232961654663086
[INFO] [1789251560.386660476] [nav_goal_sender]: cycle 4 feedback: 7.232961654663086
[INFO] [1789251560.396645829] [nav_goal_sender]: cycle 4 feedback: 7.232961654663086
[INFO] [1789251560.406799983] [nav_goal_sender]: cycle 4 feedback: 7.232961654663086
[INFO] [1789251560.416629635] [nav_goal_sender]: cycle 4 feedback: 7.232961654663086
[INFO] [1789251560.426629088] [nav_goal_sender]: cycle 4 feedback: 7.232961654663086
[INFO] [1789251560.436648041] [nav_goal_sender]: cycle 4 feedback: 7.232961654663086
[INFO] [1789251560.447687499] [nav_goal_sender]: cycle 4 feedback: 7.232961654663086
[INFO] [1789251560.457012348] [nav_goal_sender]: cycle 4 feedback: 7.232961654663086
[INFO] [1789251560.466795600] [nav_goal_sender]: cycle 4 feedback: 7.232961654663086
[INFO] [1789251560.476629152] [nav_goal_sender]: cycle 4 feedback: 7.232961654663086
[INFO] [1789251560.486704605] [nav_goal_sender]: cycle 4 feedback: 7.232961654663086
[INFO] [1789251560.496615658] [nav_goal_sender]: cycle 4 feedback: 7.232961654663086
[INFO] [1789251560.506771312] [nav_goal_sender]: cycle 4 feedback: 7.232961654663086
[INFO] [1789251560.516742664] [nav_goal_sender]: cycle 4 feedback: 7.232961654663086
[INFO] [1789251560.526873718] [nav_goal_sender]: cycle 4 feedback: 7.232961654663086
[INFO] [1789251560.536644870] [nav_goal_sender]: cycle 4 feedback: 7.232961654663086
[INFO] [1789251560.546639623] [nav_goal_sender]: cycle 4 feedback: 7.232961654663086
[INFO] [1789251560.556879377] [nav_goal_sender]: cycle 4 feedback: 7.232961654663086
[INFO] [1789251560.566835330] [nav_goal_sender]: cycle 4 feedback: 7.232961654663086
[INFO] [1789251560.576636681] [nav_goal_sender]: cycle 4 feedback: 7.232961654663086
[INFO] [1789251560.586633434] [nav_goal_sender]: cycle 4 feedback: 7.232961654663086
[INFO] [1789251560.596627087] [nav_goal_sender]: cycle 4 feedback: 7.232961654663086
[INFO] [1789251560.606864541] [nav_goal_sender]: cycle 4 feedback: 7.232961654663086
[INFO] [1789251560.616778294] [nav_goal_sender]: cycle 4 feedback: 7.232961654663086
[INFO] [1789251560.626635746] [nav_goal_sender]: cycle 4 feedback: 7.232961654663086
[INFO] [1789251560.639700115] [nav_goal_sender]: cycle 4 feedback: 7.232961654663086
[INFO] [1789251560.646770053] [nav_goal_sender]: cycle 4 feedback: 7.0707106590271
[INFO] [1789251560.657377809] [nav_goal_sender]: cycle 4 feedback: 7.0707106590271
[INFO] [1789251560.667113460] [nav_goal_sender]: cycle 4 feedback: 7.020710468292236
[INFO] [1789251560.676624011] [nav_goal_sender]: cycle 4 feedback: 7.020710468292236
[INFO] [1789251560.686679964] [nav_goal_sender]: cycle 4 feedback: 6.970710277557373
[INFO] [1789251560.696615816] [nav_goal_sender]: cycle 4 feedback: 6.970710277557373
[INFO] [1789251560.706781270] [nav_goal_sender]: cycle 4 feedback: 6.920710563659668
[INFO] [1789251560.716765123] [nav_goal_sender]: cycle 4 feedback: 6.920710563659668
[INFO] [1789251560.726713176] [nav_goal_sender]: cycle 4 feedback: 6.895710468292236
[INFO] [1789251560.736845229] [nav_goal_sender]: cycle 4 feedback: 6.895710468292236
[INFO] [1789251560.746726082] [nav_goal_sender]: cycle 4 feedback: 6.870710849761963
[INFO] [1789251560.756895635] [nav_goal_sender]: cycle 4 feedback: 6.870710849761963
[INFO] [1789251560.766827488] [nav_goal_sender]: cycle 4 feedback: 6.895710468292236
[INFO] [1789251560.776631740] [nav_goal_sender]: cycle 4 feedback: 6.895710468292236
[INFO] [1789251560.786862794] [nav_goal_sender]: cycle 4 feedback: 6.895710468292236
[INFO] [1789251560.796633046] [nav_goal_sender]: cycle 4 feedback: 6.895710468292236
[INFO] [1789251560.806916200] [nav_goal_sender]: cycle 4 feedback: 6.9457106590271
[INFO] [1789251560.816796852] [nav_goal_sender]: cycle 4 feedback: 6.9457106590271
[INFO] [1789251560.826647705] [nav_goal_sender]: cycle 4 feedback: 6.9457106590271
[INFO] [1789251560.836733658] [nav_goal_sender]: cycle 4 feedback: 6.9457106590271
[INFO] [1789251560.846619310] [nav_goal_sender]: cycle 4 feedback: 6.9457106590271
[INFO] [1789251560.857021365] [nav_goal_sender]: cycle 4 feedback: 6.9457106590271
[INFO] [1789251560.866807917] [nav_goal_sender]: cycle 4 feedback: 6.920710563659668
[INFO] [1789251560.876634569] [nav_goal_sender]: cycle 4 feedback: 6.920710563659668
[INFO] [1789251560.886797823] [nav_goal_sender]: cycle 4 feedback: 6.920710563659668
[INFO] [1789251560.896622775] [nav_goal_sender]: cycle 4 feedback: 6.920710563659668
[INFO] [1789251560.906865229] [nav_goal_sender]: cycle 4 feedback: 6.920710563659668
[INFO] [1789251560.916641581] [nav_goal_sender]: cycle 4 feedback: 6.920710563659668
[INFO] [1789251560.926633434] [nav_goal_sender]: cycle 4 feedback: 6.920710563659668
[INFO] [1789251560.936712387] [nav_goal_sender]: cycle 4 feedback: 6.920710563659668
[INFO] [1789251560.946615939] [nav_goal_sender]: cycle 4 feedback: 6.920710563659668
[INFO] [1789251560.956857694] [nav_goal_sender]: cycle 4 feedback: 6.920710563659668
[INFO] [1789251560.966866347] [nav_goal_sender]: cycle 4 feedback: 6.920710563659668
[INFO] [1789251560.976627898] [nav_goal_sender]: cycle 4 feedback: 6.920710563659668
[INFO] [1789251560.986756352] [nav_goal_sender]: cycle 4 feedback: 6.920710563659668
[INFO] [1789251560.996742805] [nav_goal_sender]: cycle 4 feedback: 6.920710563659668
[INFO] [1789251561.006784858] [nav_goal_sender]: cycle 4 feedback: 6.920710563659668
[INFO] [1789251561.016778511] [nav_goal_sender]: cycle 4 feedback: 6.920710563659668
[INFO] [1789251561.026622763] [nav_goal_sender]: cycle 4 feedback: 6.920710563659668
[INFO] [1789251561.036709016] [nav_goal_sender]: cycle 4 feedback: 6.920710563659668
[INFO] [1789251561.046617069] [nav_goal_sender]: cycle 4 feedback: 6.920710563659668
[INFO] [1789251561.056978524] [nav_goal_sender]: cycle 4 feedback: 6.920710563659668
[INFO] [1789251561.066746675] [nav_goal_sender]: cycle 4 feedback: 6.920710563659668
[INFO] [1789251561.076629628] [nav_goal_sender]: cycle 4 feedback: 6.920710563659668
[INFO] [1789251561.086765781] [nav_goal_sender]: cycle 4 feedback: 6.920710563659668
[INFO] [1789251561.096755634] [nav_goal_sender]: cycle 4 feedback: 6.920710563659668
[INFO] [1789251561.106907888] [nav_goal_sender]: cycle 4 feedback: 6.920710563659668
[INFO] [1789251561.116809340] [nav_goal_sender]: cycle 4 feedback: 6.920710563659668
[INFO] [1789251561.126623692] [nav_goal_sender]: cycle 4 feedback: 6.920710563659668
[INFO] [1789251561.136765246] [nav_goal_sender]: cycle 4 feedback: 6.920710563659668
[INFO] [1789251561.146611398] [nav_goal_sender]: cycle 4 feedback: 6.920710563659668
[INFO] [1789251561.156872352] [nav_goal_sender]: cycle 4 feedback: 6.920710563659668
[INFO] [1789251561.166757104] [nav_goal_sender]: cycle 4 feedback: 6.920710563659668
[INFO] [1789251561.176839958] [nav_goal_sender]: cycle 4 feedback: 6.920710563659668
[INFO] [1789251561.186749010] [nav_goal_sender]: cycle 4 feedback: 6.895710468292236
[INFO] [1789251561.196632763] [nav_goal_sender]: cycle 4 feedback: 6.895710468292236
[INFO] [1789251561.207189818] [nav_goal_sender]: cycle 4 feedback: 6.895710468292236
[INFO] [1789251561.216783969] [nav_goal_sender]: cycle 4 feedback: 6.895710468292236
[INFO] [1789251561.226660622] [nav_goal_sender]: cycle 4 feedback: 6.8207106590271
[INFO] [1789251561.236865176] [nav_goal_sender]: cycle 4 feedback: 6.8207106590271
[INFO] [1789251561.246617527] [nav_goal_sender]: cycle 4 feedback: 6.770710468292236
[INFO] [1789251561.257017482] [nav_goal_sender]: cycle 4 feedback: 6.770710468292236
[INFO] [1789251561.266887134] [nav_goal_sender]: cycle 4 feedback: 6.770710468292236
[INFO] [1789251561.276624386] [nav_goal_sender]: cycle 4 feedback: 6.770710468292236
[INFO] [1789251561.286774240] [nav_goal_sender]: cycle 4 feedback: 6.795710563659668
[INFO] [1789251561.296620592] [nav_goal_sender]: cycle 4 feedback: 6.795710563659668
[INFO] [1789251561.306811046] [nav_goal_sender]: cycle 4 feedback: 6.845710277557373
[INFO] [1789251561.317133900] [nav_goal_sender]: cycle 4 feedback: 6.845710277557373
[INFO] [1789251561.326647851] [nav_goal_sender]: cycle 4 feedback: 6.9457106590271
[INFO] [1789251561.337336807] [nav_goal_sender]: cycle 4 feedback: 6.9457106590271
[INFO] [1789251561.346634356] [nav_goal_sender]: cycle 4 feedback: 7.0707106590271
[INFO] [1789251561.357967216] [nav_goal_sender]: cycle 4 feedback: 6.935436725616455
[INFO] [1789251561.366788463] [nav_goal_sender]: cycle 4 feedback: 6.935436725616455
[INFO] [1789251561.378068823] [nav_goal_sender]: cycle 4 feedback: 6.935436725616455
[INFO] [1789251561.386908070] [nav_goal_sender]: cycle 4 feedback: 6.935436725616455
[INFO] [1789251561.396628521] [nav_goal_sender]: cycle 4 feedback: 6.935436725616455
[INFO] [1789251561.406679074] [nav_goal_sender]: cycle 4 feedback: 6.935436725616455
[INFO] [1789251561.416863728] [nav_goal_sender]: cycle 4 feedback: 6.935436725616455
[INFO] [1789251561.426637280] [nav_goal_sender]: cycle 4 feedback: 6.935436725616455
[INFO] [1789251561.436803134] [nav_goal_sender]: cycle 4 feedback: 6.935436725616455
[INFO] [1789251561.446722886] [nav_goal_sender]: cycle 4 feedback: 6.935436725616455
[INFO] [1789251561.456867340] [nav_goal_sender]: cycle 4 feedback: 6.935436725616455
[INFO] [1789251561.466816192] [nav_goal_sender]: cycle 4 feedback: 6.935436725616455
[INFO] [1789251561.476624644] [nav_goal_sender]: cycle 4 feedback: 6.935436725616455
[INFO] [1789251561.486768298] [nav_goal_sender]: cycle 4 feedback: 6.935436725616455
[INFO] [1789251561.496740751] [nav_goal_sender]: cycle 4 feedback: 6.935436725616455
[INFO] [1789251561.506796504] [nav_goal_sender]: cycle 4 feedback: 6.935436725616455
[INFO] [1789251561.516646156] [nav_goal_sender]: cycle 4 feedback: 6.935436725616455
[INFO] [1789251561.526630709] [nav_goal_sender]: cycle 4 feedback: 6.935436725616455
[INFO] [1789251561.536802763] [nav_goal_sender]: cycle 4 feedback: 6.935436725616455
[INFO] [1789251561.546653315] [nav_goal_sender]: cycle 4 feedback: 6.935436725616455
[INFO] [1789251561.557756574] [nav_goal_sender]: cycle 4 feedback: 6.935436725616455
[INFO] [1789251561.566805622] [nav_goal_sender]: cycle 4 feedback: 6.935436725616455
[INFO] [1789251561.576636174] [nav_goal_sender]: cycle 4 feedback: 6.935436725616455
[INFO] [1789251561.586744327] [nav_goal_sender]: cycle 4 feedback: 6.935436725616455
[INFO] [1789251561.596617079] [nav_goal_sender]: cycle 4 feedback: 6.935436725616455
[INFO] [1789251561.606930034] [nav_goal_sender]: cycle 4 feedback: 6.935436725616455
[INFO] [1789251561.616806486] [nav_goal_sender]: cycle 4 feedback: 6.935436725616455
[INFO] [1789251561.626623638] [nav_goal_sender]: cycle 4 feedback: 6.935436725616455
[INFO] [1789251561.636644291] [nav_goal_sender]: cycle 4 feedback: 6.935436725616455
[INFO] [1789251561.646612544] [nav_goal_sender]: cycle 4 feedback: 6.935436725616455
[INFO] [1789251561.656931999] [nav_goal_sender]: cycle 4 feedback: 6.935436725616455
[INFO] [1789251561.666717350] [nav_goal_sender]: cycle 4 feedback: 6.935436725616455
[INFO] [1789251561.676621403] [nav_goal_sender]: cycle 4 feedback: 6.935436725616455
[INFO] [1789251561.686766056] [nav_goal_sender]: cycle 4 feedback: 6.935436725616455
[INFO] [1789251561.696617809] [nav_goal_sender]: cycle 4 feedback: 6.935436725616455
[INFO] [1789251561.706839263] [nav_goal_sender]: cycle 4 feedback: 6.935436725616455
[INFO] [1789251561.716850316] [nav_goal_sender]: cycle 4 feedback: 6.935436725616455
[INFO] [1789251561.726637667] [nav_goal_sender]: cycle 4 feedback: 6.935436725616455
[INFO] [1789251561.736635320] [nav_goal_sender]: cycle 4 feedback: 6.935436725616455
[INFO] [1789251561.746628973] [nav_goal_sender]: cycle 4 feedback: 6.935436725616455
[INFO] [1789251561.756935228] [nav_goal_sender]: cycle 4 feedback: 6.935436725616455
[INFO] [1789251561.766843380] [nav_goal_sender]: cycle 4 feedback: 6.935436725616455
[INFO] [1789251561.776619332] [nav_goal_sender]: cycle 4 feedback: 6.935436725616455
[INFO] [1789251561.786845686] [nav_goal_sender]: cycle 4 feedback: 6.935436725616455
[INFO] [1789251561.796716538] [nav_goal_sender]: cycle 4 feedback: 6.935436725616455
[INFO] [1789251561.806917792] [nav_goal_sender]: cycle 4 feedback: 6.935436725616455
[INFO] [1789251561.816624044] [nav_goal_sender]: cycle 4 feedback: 6.935436725616455
[INFO] [1789251561.826625297] [nav_goal_sender]: cycle 4 feedback: 6.935436725616455
[INFO] [1789251561.836796050] [nav_goal_sender]: cycle 4 feedback: 6.935436725616455
[INFO] [1789251561.846642503] [nav_goal_sender]: cycle 4 feedback: 6.935436725616455
[INFO] [1789251561.856932057] [nav_goal_sender]: cycle 4 feedback: 6.935436725616455
[INFO] [1789251561.866771209] [nav_goal_sender]: cycle 4 feedback: 6.935436725616455
[INFO] [1789251561.876628961] [nav_goal_sender]: cycle 4 feedback: 6.935436725616455
[INFO] [1789251561.886624714] [nav_goal_sender]: cycle 4 feedback: 6.935436725616455
[INFO] [1789251561.896708768] [nav_goal_sender]: cycle 4 feedback: 6.935436725616455
[INFO] [1789251561.906907522] [nav_goal_sender]: cycle 4 feedback: 6.935436725616455
[INFO] [1789251561.916885574] [nav_goal_sender]: cycle 4 feedback: 6.935436725616455
[INFO] [1789251561.926640326] [nav_goal_sender]: cycle 4 feedback: 6.935436725616455
[INFO] [1789251561.936664979] [nav_goal_sender]: cycle 4 feedback: 6.935436725616455
[INFO] [1789251561.946634932] [nav_goal_sender]: cycle 4 feedback: 6.935436725616455
[INFO] [1789251561.956643785] [nav_goal_sender]: cycle 4 feedback: 6.935436725616455
[INFO] [1789251561.976627590] [nav_goal_sender]: cycle 4 goal FINISHED: status=6 (re-sending after 1s pause)
[INFO] [1789251562.980848905] [nav_goal_sender]: cycle 5: sending goal x=4.000 y=4.000 yaw=0.000
[INFO] [1789251562.984338223] [nav_goal_sender]: cycle 5 goal ACCEPTED: True
[INFO] [1789251562.986730736] [nav_goal_sender]: cycle 5 feedback: 0.0
[INFO] [1789251562.994707378] [nav_goal_sender]: cycle 5 feedback: 0.0
[INFO] [1789251563.006920443] [nav_goal_sender]: cycle 5 feedback: 0.0
[INFO] [1789251563.014683984] [nav_goal_sender]: cycle 5 feedback: 0.0
[INFO] [1789251563.024532236] [nav_goal_sender]: cycle 5 feedback: 0.0
[INFO] [1789251563.035041592] [nav_goal_sender]: cycle 5 feedback: 0.0
[INFO] [1789251563.044292441] [nav_goal_sender]: cycle 5 feedback: 0.0
[INFO] [1789251563.054583695] [nav_goal_sender]: cycle 5 feedback: 0.0
[INFO] [1789251563.064387847] [nav_goal_sender]: cycle 5 feedback: 0.0
[INFO] [1789251563.075194504] [nav_goal_sender]: cycle 5 feedback: 0.0
[INFO] [1789251563.084416653] [nav_goal_sender]: cycle 5 feedback: 0.0
[INFO] [1789251563.094461406] [nav_goal_sender]: cycle 5 feedback: 0.0
[INFO] [1789251563.104082157] [nav_goal_sender]: cycle 5 feedback: 0.0
[INFO] [1789251563.114739014] [nav_goal_sender]: cycle 5 feedback: 0.0
[INFO] [1789251563.124597166] [nav_goal_sender]: cycle 5 feedback: 0.0
[INFO] [1789251563.134439918] [nav_goal_sender]: cycle 5 feedback: 0.0
[INFO] [1789251563.144614672] [nav_goal_sender]: cycle 5 feedback: 0.0
[INFO] [1789251563.155308928] [nav_goal_sender]: cycle 5 feedback: 0.0
[INFO] [1789251563.164287276] [nav_goal_sender]: cycle 5 feedback: 0.0
[INFO] [1789251563.174716831] [nav_goal_sender]: cycle 5 feedback: 0.0
[INFO] [1789251563.184312382] [nav_goal_sender]: cycle 5 feedback: 0.0
[INFO] [1789251563.194443835] [nav_goal_sender]: cycle 5 feedback: 0.0
[INFO] [1789251563.204189787] [nav_goal_sender]: cycle 5 feedback: 0.0
[INFO] [1789251563.214353741] [nav_goal_sender]: cycle 5 feedback: 0.0
[INFO] [1789251563.224595195] [nav_goal_sender]: cycle 5 feedback: 0.0
[INFO] [1789251563.234317046] [nav_goal_sender]: cycle 5 feedback: 0.0
[INFO] [1789251563.245064403] [nav_goal_sender]: cycle 5 feedback: 0.0
[INFO] [1789251563.256777465] [nav_goal_sender]: cycle 5 feedback: 0.0
[INFO] [1789251563.264514006] [nav_goal_sender]: cycle 5 feedback: 0.0
[INFO] [1789251563.274303458] [nav_goal_sender]: cycle 5 feedback: 0.0
[INFO] [1789251563.285396417] [nav_goal_sender]: cycle 5 feedback: 0.0
[INFO] [1789251563.294488865] [nav_goal_sender]: cycle 5 feedback: 0.0
[INFO] [1789251563.303912715] [nav_goal_sender]: cycle 5 feedback: 0.0
[INFO] [1789251563.314466371] [nav_goal_sender]: cycle 5 feedback: 0.0
[INFO] [1789251563.324131122] [nav_goal_sender]: cycle 5 feedback: 0.0
[INFO] [1789251563.334155375] [nav_goal_sender]: cycle 5 feedback: 0.0
[INFO] [1789251563.344586030] [nav_goal_sender]: cycle 5 feedback: 0.0
[INFO] [1789251563.355430487] [nav_goal_sender]: cycle 5 feedback: 0.0
[INFO] [1789251563.364424735] [nav_goal_sender]: cycle 5 feedback: 0.0
[INFO] [1789251563.374530888] [nav_goal_sender]: cycle 5 feedback: 0.0
[INFO] [1789251563.384187740] [nav_goal_sender]: cycle 5 feedback: 0.0
[INFO] [1789251563.394040492] [nav_goal_sender]: cycle 5 feedback: 0.0
[INFO] [1789251563.404157545] [nav_goal_sender]: cycle 5 feedback: 0.0
[INFO] [1789251563.414175598] [nav_goal_sender]: cycle 5 feedback: 0.0
[INFO] [1789251563.424234051] [nav_goal_sender]: cycle 5 feedback: 0.0
[INFO] [1789251563.434115904] [nav_goal_sender]: cycle 5 feedback: 0.0
[INFO] [1789251563.444360958] [nav_goal_sender]: cycle 5 feedback: 0.0
[INFO] [1789251563.454230910] [nav_goal_sender]: cycle 5 feedback: 0.0
[INFO] [1789251563.464185463] [nav_goal_sender]: cycle 5 feedback: 0.0
[INFO] [1789251563.474326317] [nav_goal_sender]: cycle 5 feedback: 0.0
[INFO] [1789251563.484281069] [nav_goal_sender]: cycle 5 feedback: 0.0
[INFO] [1789251563.494021321] [nav_goal_sender]: cycle 5 feedback: 0.0
[INFO] [1789251563.504901578] [nav_goal_sender]: cycle 5 feedback: 0.0
[INFO] [1789251563.514239328] [nav_goal_sender]: cycle 5 feedback: 0.0
[INFO] [1789251563.524063880] [nav_goal_sender]: cycle 5 feedback: 0.0
[INFO] [1789251563.534383734] [nav_goal_sender]: cycle 5 feedback: 0.0
[INFO] [1789251563.544159986] [nav_goal_sender]: cycle 5 feedback: 0.0
[INFO] [1789251563.554710042] [nav_goal_sender]: cycle 5 feedback: 0.0
[INFO] [1789251563.564533994] [nav_goal_sender]: cycle 5 feedback: 0.0
[INFO] [1789251563.574700348] [nav_goal_sender]: cycle 5 feedback: 0.0
[INFO] [1789251563.584198598] [nav_goal_sender]: cycle 5 feedback: 0.0
[INFO] [1789251563.594339552] [nav_goal_sender]: cycle 5 feedback: 0.0
[INFO] [1789251563.603927602] [nav_goal_sender]: cycle 5 feedback: 0.0
[INFO] [1789251563.614267557] [nav_goal_sender]: cycle 5 feedback: 0.0
[INFO] [1789251563.624412011] [nav_goal_sender]: cycle 5 feedback: 0.0
[INFO] [1789251563.634296863] [nav_goal_sender]: cycle 5 feedback: 0.0
[INFO] [1789251563.644004915] [nav_goal_sender]: cycle 5 feedback: 0.0
[INFO] [1789251563.654833672] [nav_goal_sender]: cycle 5 feedback: 0.0
[INFO] [1789251563.664274422] [nav_goal_sender]: cycle 5 feedback: 0.0
[INFO] [1789251563.675443081] [nav_goal_sender]: cycle 5 feedback: 0.0
[INFO] [1789251563.683815425] [nav_goal_sender]: cycle 5 feedback: 0.0
[INFO] [1789251563.693838678] [nav_goal_sender]: cycle 5 feedback: 0.0
[INFO] [1789251563.703810031] [nav_goal_sender]: cycle 5 feedback: 0.0
[INFO] [1789251563.713993885] [nav_goal_sender]: cycle 5 feedback: 0.0
[INFO] [1789251563.723808637] [nav_goal_sender]: cycle 5 feedback: 0.0
[INFO] [1789251563.734199792] [nav_goal_sender]: cycle 5 feedback: 0.0
[INFO] [1789251563.743837243] [nav_goal_sender]: cycle 5 feedback: 0.0
[INFO] [1789251563.754523499] [nav_goal_sender]: cycle 5 feedback: 0.0
[INFO] [1789251563.763821149] [nav_goal_sender]: cycle 5 feedback: 0.0
[INFO] [1789251563.773947302] [nav_goal_sender]: cycle 5 feedback: 0.0
[INFO] [1789251563.784338057] [nav_goal_sender]: cycle 5 feedback: 0.0
[INFO] [1789251563.793813107] [nav_goal_sender]: cycle 5 feedback: 0.0
[INFO] [1789251563.803834860] [nav_goal_sender]: cycle 5 feedback: 0.0
[INFO] [1789251563.813894514] [nav_goal_sender]: cycle 5 feedback: 0.0
[INFO] [1789251563.824173568] [nav_goal_sender]: cycle 5 feedback: 0.0
[INFO] [1789251563.834286922] [nav_goal_sender]: cycle 5 feedback: 0.0
[INFO] [1789251563.843803572] [nav_goal_sender]: cycle 5 feedback: 0.0
[INFO] [1789251563.854069426] [nav_goal_sender]: cycle 5 feedback: 0.0
[INFO] [1789251563.863828078] [nav_goal_sender]: cycle 5 feedback: 0.0
[INFO] [1789251563.873993032] [nav_goal_sender]: cycle 5 feedback: 0.0
[INFO] [1789251563.884306386] [nav_goal_sender]: cycle 5 feedback: 0.0
[INFO] [1789251563.893925337] [nav_goal_sender]: cycle 5 feedback: 0.0
[INFO] [1789251563.903881790] [nav_goal_sender]: cycle 5 feedback: 0.0
[INFO] [1789251563.914432946] [nav_goal_sender]: cycle 5 feedback: 0.0
[INFO] [1789251563.923905296] [nav_goal_sender]: cycle 5 feedback: 0.0
[INFO] [1789251563.934508552] [nav_goal_sender]: cycle 5 feedback: 0.0
[INFO] [1789251563.944016402] [nav_goal_sender]: cycle 5 feedback: 0.0
[INFO] [1789251563.953872754] [nav_goal_sender]: cycle 5 feedback: 0.0
[INFO] [1789251563.964602311] [nav_goal_sender]: cycle 5 feedback: 0.0
[INFO] [1789251563.974073961] [nav_goal_sender]: cycle 5 feedback: 0.0
[INFO] [1789251563.983843213] [nav_goal_sender]: cycle 5 feedback: 0.0
[INFO] [1789251563.994021467] [nav_goal_sender]: cycle 5 feedback: 0.0
[INFO] [1789251564.004015920] [nav_goal_sender]: cycle 5 feedback: 0.0
[INFO] [1789251564.014596776] [nav_goal_sender]: cycle 5 feedback: 0.0
[INFO] [1789251564.023804024] [nav_goal_sender]: cycle 5 feedback: 0.0
[INFO] [1789251564.034639782] [nav_goal_sender]: cycle 5 feedback: 0.0
[INFO] [1789251564.043805730] [nav_goal_sender]: cycle 5 feedback: 0.0
[INFO] [1789251564.053982684] [nav_goal_sender]: cycle 5 feedback: 0.0
[INFO] [1789251564.064616040] [nav_goal_sender]: cycle 5 feedback: 0.0
[INFO] [1789251564.074355692] [nav_goal_sender]: cycle 5 feedback: 0.0
[INFO] [1789251564.084447945] [nav_goal_sender]: cycle 5 feedback: 0.0
[INFO] [1789251564.093971796] [nav_goal_sender]: cycle 5 feedback: 0.0
[INFO] [1789251564.103797548] [nav_goal_sender]: cycle 5 feedback: 0.0
[INFO] [1789251564.114034702] [nav_goal_sender]: cycle 5 feedback: 0.0
[INFO] [1789251564.123935954] [nav_goal_sender]: cycle 5 feedback: 0.0
[INFO] [1789251564.134335009] [nav_goal_sender]: cycle 5 feedback: 0.0
[INFO] [1789251564.143814860] [nav_goal_sender]: cycle 5 feedback: 0.0
[INFO] [1789251564.154129914] [nav_goal_sender]: cycle 5 feedback: 0.0
[INFO] [1789251564.163807665] [nav_goal_sender]: cycle 5 feedback: 0.0
[INFO] [1789251564.174021019] [nav_goal_sender]: cycle 5 feedback: 0.0
[INFO] [1789251564.183995572] [nav_goal_sender]: cycle 5 feedback: 0.0
[INFO] [1789251564.194230526] [nav_goal_sender]: cycle 5 feedback: 0.0
[INFO] [1789251564.204104179] [nav_goal_sender]: cycle 5 feedback: 0.0
[INFO] [1789251564.214219432] [nav_goal_sender]: cycle 5 feedback: 0.0
[INFO] [1789251564.223884783] [nav_goal_sender]: cycle 5 feedback: 0.0
[INFO] [1789251564.233852436] [nav_goal_sender]: cycle 5 feedback: 0.0
[INFO] [1789251564.243776189] [nav_goal_sender]: cycle 5 feedback: 0.0
[INFO] [1789251564.254995248] [nav_goal_sender]: cycle 5 feedback: 0.0
[INFO] [1789251564.263817595] [nav_goal_sender]: cycle 5 feedback: 0.0
[INFO] [1789251564.273897848] [nav_goal_sender]: cycle 5 feedback: 0.0
[INFO] [1789251564.283816900] [nav_goal_sender]: cycle 5 feedback: 0.0
[INFO] [1789251564.293817753] [nav_goal_sender]: cycle 5 feedback: 0.0
[INFO] [1789251564.303892207] [nav_goal_sender]: cycle 5 feedback: 0.0
[INFO] [1789251564.314221061] [nav_goal_sender]: cycle 5 feedback: 0.0
[INFO] [1789251564.324269415] [nav_goal_sender]: cycle 5 feedback: 0.0
[INFO] [1789251564.334379368] [nav_goal_sender]: cycle 5 feedback: 0.0
[INFO] [1789251564.344101820] [nav_goal_sender]: cycle 5 feedback: 0.0
[INFO] [1789251564.354604075] [nav_goal_sender]: cycle 5 feedback: 0.0
[INFO] [1789251564.364468527] [nav_goal_sender]: cycle 5 feedback: 0.0
[INFO] [1789251564.373990978] [nav_goal_sender]: cycle 5 feedback: 0.0
[INFO] [1789251564.383844030] [nav_goal_sender]: cycle 5 feedback: 0.0
[INFO] [1789251564.393831583] [nav_goal_sender]: cycle 5 feedback: 0.0
[INFO] [1789251564.403836436] [nav_goal_sender]: cycle 5 feedback: 0.0
[INFO] [1789251564.413986489] [nav_goal_sender]: cycle 5 feedback: 0.0
[INFO] [1789251564.423849642] [nav_goal_sender]: cycle 5 feedback: 0.0
[INFO] [1789251564.434002595] [nav_goal_sender]: cycle 5 feedback: 0.0
[INFO] [1789251564.443834347] [nav_goal_sender]: cycle 5 feedback: 0.0
[INFO] [1789251564.454052501] [nav_goal_sender]: cycle 5 feedback: 0.0
[INFO] [1789251564.463824153] [nav_goal_sender]: cycle 5 feedback: 0.0
[INFO] [1789251564.473943507] [nav_goal_sender]: cycle 5 feedback: 0.0
[INFO] [1789251564.483836759] [nav_goal_sender]: cycle 5 feedback: 0.0
[INFO] [1789251564.493820712] [nav_goal_sender]: cycle 5 feedback: 0.0
[INFO] [1789251564.504160867] [nav_goal_sender]: cycle 5 feedback: 0.0
[INFO] [1789251564.513825818] [nav_goal_sender]: cycle 5 feedback: 0.0
[INFO] [1789251564.523847771] [nav_goal_sender]: cycle 5 feedback: 0.0
[INFO] [1789251564.533874024] [nav_goal_sender]: cycle 5 feedback: 0.0
[INFO] [1789251564.543829577] [nav_goal_sender]: cycle 5 feedback: 0.0
[INFO] [1789251564.553946930] [nav_goal_sender]: cycle 5 feedback: 0.0
[INFO] [1789251564.563823282] [nav_goal_sender]: cycle 5 feedback: 0.0
[INFO] [1789251564.573991736] [nav_goal_sender]: cycle 5 feedback: 0.0
[INFO] [1789251564.583845588] [nav_goal_sender]: cycle 5 feedback: 0.0
[INFO] [1789251564.593848141] [nav_goal_sender]: cycle 5 feedback: 0.0
[INFO] [1789251564.603833494] [nav_goal_sender]: cycle 5 feedback: 0.0
[INFO] [1789251564.613867047] [nav_goal_sender]: cycle 5 feedback: 0.0
[INFO] [1789251564.623898700] [nav_goal_sender]: cycle 5 feedback: 0.0
[INFO] [1789251564.633985154] [nav_goal_sender]: cycle 5 feedback: 0.0
[INFO] [1789251564.643845906] [nav_goal_sender]: cycle 5 feedback: 0.0
[INFO] [1789251564.654160260] [nav_goal_sender]: cycle 5 feedback: 0.0
[INFO] [1789251564.663833612] [nav_goal_sender]: cycle 5 feedback: 0.0
[INFO] [1789251564.673983965] [nav_goal_sender]: cycle 5 feedback: 0.0
[INFO] [1789251564.683847417] [nav_goal_sender]: cycle 5 feedback: 0.0
[INFO] [1789251564.693854670] [nav_goal_sender]: cycle 5 feedback: 0.0
[INFO] [1789251564.703837023] [nav_goal_sender]: cycle 5 feedback: 0.0
[INFO] [1789251564.713939277] [nav_goal_sender]: cycle 5 feedback: 0.0
[INFO] [1789251564.723882729] [nav_goal_sender]: cycle 5 feedback: 0.0
[INFO] [1789251564.733834282] [nav_goal_sender]: cycle 5 feedback: 0.0
[INFO] [1789251564.743854235] [nav_goal_sender]: cycle 5 feedback: 0.0
[INFO] [1789251564.754028589] [nav_goal_sender]: cycle 5 feedback: 0.0
[INFO] [1789251564.763838241] [nav_goal_sender]: cycle 5 feedback: 0.0
[INFO] [1789251564.773878594] [nav_goal_sender]: cycle 5 feedback: 0.0
[INFO] [1789251564.784286749] [nav_goal_sender]: cycle 5 feedback: 0.0
[INFO] [1789251564.793978000] [nav_goal_sender]: cycle 5 feedback: 0.0
[INFO] [1789251564.803823952] [nav_goal_sender]: cycle 5 feedback: 0.0
[INFO] [1789251564.814362508] [nav_goal_sender]: cycle 5 feedback: 0.0
[INFO] [1789251564.824253761] [nav_goal_sender]: cycle 5 feedback: 0.0
[INFO] [1789251564.834121113] [nav_goal_sender]: cycle 5 feedback: 0.0
[INFO] [1789251564.844159766] [nav_goal_sender]: cycle 5 feedback: 0.0
[INFO] [1789251564.853941018] [nav_goal_sender]: cycle 5 feedback: 0.0
[INFO] [1789251564.864692675] [nav_goal_sender]: cycle 5 feedback: 0.0
[INFO] [1789251564.874066724] [nav_goal_sender]: cycle 5 feedback: 0.0
[INFO] [1789251564.883926476] [nav_goal_sender]: cycle 5 feedback: 0.0
[INFO] [1789251564.894672733] [nav_goal_sender]: cycle 5 feedback: 0.0
[INFO] [1789251564.903808382] [nav_goal_sender]: cycle 5 feedback: 0.0
[INFO] [1789251564.914668939] [nav_goal_sender]: cycle 5 feedback: 0.0
[INFO] [1789251564.923805187] [nav_goal_sender]: cycle 5 feedback: 0.0
[INFO] [1789251564.934231643] [nav_goal_sender]: cycle 5 feedback: 0.0
[INFO] [1789251564.943835193] [nav_goal_sender]: cycle 5 feedback: 0.0
[INFO] [1789251564.954500050] [nav_goal_sender]: cycle 5 feedback: 0.0
[INFO] [1789251564.964456003] [nav_goal_sender]: cycle 5 feedback: 0.0
[INFO] [1789251564.974386555] [nav_goal_sender]: cycle 5 feedback: 0.0
[INFO] [1789251564.984895911] [nav_goal_sender]: cycle 5 feedback: 0.0
[INFO] [1789251564.993819658] [nav_goal_sender]: cycle 5 feedback: 0.0
[INFO] [1789251565.004213413] [nav_goal_sender]: cycle 5 feedback: 0.0
[INFO] [1789251565.014115965] [nav_goal_sender]: cycle 5 feedback: 0.0
[INFO] [1789251565.023853217] [nav_goal_sender]: cycle 5 feedback: 0.0
[INFO] [1789251565.035075976] [nav_goal_sender]: cycle 5 feedback: 0.0
[INFO] [1789251565.043923623] [nav_goal_sender]: cycle 5 feedback: 0.0
[INFO] [1789251565.054324578] [nav_goal_sender]: cycle 5 feedback: 0.0
[INFO] [1789251565.063830128] [nav_goal_sender]: cycle 5 feedback: 0.0
[INFO] [1789251565.074218783] [nav_goal_sender]: cycle 5 feedback: 0.0
[INFO] [1789251565.084384837] [nav_goal_sender]: cycle 5 feedback: 0.0
[INFO] [1789251565.093825887] [nav_goal_sender]: cycle 5 feedback: 0.0
[INFO] [1789251565.103936541] [nav_goal_sender]: cycle 5 feedback: 0.0
[INFO] [1789251565.114298495] [nav_goal_sender]: cycle 5 feedback: 0.0
[INFO] [1789251565.124292848] [nav_goal_sender]: cycle 5 feedback: 0.0
[INFO] [1789251565.134241601] [nav_goal_sender]: cycle 5 feedback: 0.0
[INFO] [1789251565.143892352] [nav_goal_sender]: cycle 5 feedback: 0.0
[INFO] [1789251565.154580209] [nav_goal_sender]: cycle 5 feedback: 0.0
[INFO] [1789251565.163822958] [nav_goal_sender]: cycle 5 feedback: 0.0
[INFO] [1789251565.173903711] [nav_goal_sender]: cycle 5 feedback: 0.0
[INFO] [1789251565.184415067] [nav_goal_sender]: cycle 5 feedback: 0.0
[INFO] [1789251565.193974817] [nav_goal_sender]: cycle 5 feedback: 0.0
[INFO] [1789251565.203794969] [nav_goal_sender]: cycle 5 feedback: 0.0
[INFO] [1789251565.214506026] [nav_goal_sender]: cycle 5 feedback: 0.0
[INFO] [1789251565.223805375] [nav_goal_sender]: cycle 5 feedback: 0.0
[INFO] [1789251565.234613832] [nav_goal_sender]: cycle 5 feedback: 0.0
[INFO] [1789251565.244020382] [nav_goal_sender]: cycle 5 feedback: 0.0
[INFO] [1789251565.254597538] [nav_goal_sender]: cycle 5 feedback: 0.0
[INFO] [1789251565.264066288] [nav_goal_sender]: cycle 5 feedback: 0.0
[INFO] [1789251565.274489343] [nav_goal_sender]: cycle 5 feedback: 0.0
[INFO] [1789251565.283855493] [nav_goal_sender]: cycle 5 feedback: 0.0
[INFO] [1789251565.293743445] [nav_goal_sender]: cycle 5 feedback: 0.0
[INFO] [1789251565.303722898] [nav_goal_sender]: cycle 5 feedback: 0.0
[INFO] [1789251565.313851052] [nav_goal_sender]: cycle 5 feedback: 0.0
[INFO] [1789251565.323753604] [nav_goal_sender]: cycle 5 feedback: 0.0
[INFO] [1789251565.333976358] [nav_goal_sender]: cycle 5 feedback: 0.0
[INFO] [1789251565.343742010] [nav_goal_sender]: cycle 5 feedback: 0.0
[INFO] [1789251565.353746963] [nav_goal_sender]: cycle 5 feedback: 0.0
[INFO] [1789251565.363753216] [nav_goal_sender]: cycle 5 feedback: 0.0
[INFO] [1789251565.373776269] [nav_goal_sender]: cycle 5 feedback: 0.0
[INFO] [1789251565.383769622] [nav_goal_sender]: cycle 5 feedback: 0.0
[INFO] [1789251565.393784775] [nav_goal_sender]: cycle 5 feedback: 0.0
[INFO] [1789251565.403760027] [nav_goal_sender]: cycle 5 feedback: 0.0
[INFO] [1789251565.413743880] [nav_goal_sender]: cycle 5 feedback: 0.0
[INFO] [1789251565.423784633] [nav_goal_sender]: cycle 5 feedback: 0.0
[INFO] [1789251565.433780286] [nav_goal_sender]: cycle 5 feedback: 0.0
[INFO] [1789251565.444599743] [nav_goal_sender]: cycle 5 feedback: 0.0
[INFO] [1789251565.453886293] [nav_goal_sender]: cycle 5 feedback: 0.0
[INFO] [1789251565.464120947] [nav_goal_sender]: cycle 5 feedback: 0.0
[INFO] [1789251565.474473002] [nav_goal_sender]: cycle 5 feedback: 0.0
[INFO] [1789251565.483796451] [nav_goal_sender]: cycle 5 feedback: 0.0
[INFO] [1789251565.493774604] [nav_goal_sender]: cycle 5 feedback: 0.0
[INFO] [1789251565.504134159] [nav_goal_sender]: cycle 5 feedback: 0.0
[INFO] [1789251565.513851310] [nav_goal_sender]: cycle 5 feedback: 0.0
[INFO] [1789251565.524584967] [nav_goal_sender]: cycle 5 feedback: 0.0
[INFO] [1789251565.533771615] [nav_goal_sender]: cycle 5 feedback: 0.0
[INFO] [1789251565.544471372] [nav_goal_sender]: cycle 5 feedback: 0.0
[INFO] [1789251565.553924322] [nav_goal_sender]: cycle 5 feedback: 0.0
[INFO] [1789251565.563829974] [nav_goal_sender]: cycle 5 feedback: 0.0
[INFO] [1789251565.574113929] [nav_goal_sender]: cycle 5 feedback: 0.0
[INFO] [1789251565.583871481] [nav_goal_sender]: cycle 5 feedback: 0.0
[INFO] [1789251565.593778733] [nav_goal_sender]: cycle 5 feedback: 0.0
[INFO] [1789251565.603909287] [nav_goal_sender]: cycle 5 feedback: 0.0
[INFO] [1789251565.613820339] [nav_goal_sender]: cycle 5 feedback: 0.0
[INFO] [1789251565.623901992] [nav_goal_sender]: cycle 5 feedback: 0.0
[INFO] [1789251565.633763345] [nav_goal_sender]: cycle 5 feedback: 0.0
[INFO] [1789251565.644137299] [nav_goal_sender]: cycle 5 feedback: 0.0
[INFO] [1789251565.654025552] [nav_goal_sender]: cycle 5 feedback: 0.0
[INFO] [1789251565.664052905] [nav_goal_sender]: cycle 5 feedback: 0.0
[INFO] [1789251565.673906057] [nav_goal_sender]: cycle 5 feedback: 0.0
[INFO] [1789251565.683785809] [nav_goal_sender]: cycle 5 feedback: 0.0
[INFO] [1789251565.693887563] [nav_goal_sender]: cycle 5 feedback: 0.0
[INFO] [1789251565.703857115] [nav_goal_sender]: cycle 5 feedback: 0.0
[INFO] [1789251565.713752368] [nav_goal_sender]: cycle 5 feedback: 0.0
[INFO] [1789251565.723734421] [nav_goal_sender]: cycle 5 feedback: 0.0
[INFO] [1789251565.733776674] [nav_goal_sender]: cycle 5 feedback: 0.0
[INFO] [1789251565.743813027] [nav_goal_sender]: cycle 5 feedback: 0.0
[INFO] [1789251565.754070881] [nav_goal_sender]: cycle 5 feedback: 0.0
[INFO] [1789251565.763825433] [nav_goal_sender]: cycle 5 feedback: 0.0
[INFO] [1789251565.773892486] [nav_goal_sender]: cycle 5 feedback: 0.0
[INFO] [1789251565.783822839] [nav_goal_sender]: cycle 5 feedback: 0.0
[INFO] [1789251565.793772491] [nav_goal_sender]: cycle 5 feedback: 0.0
[INFO] [1789251565.803763944] [nav_goal_sender]: cycle 5 feedback: 0.0
[INFO] [1789251565.813746297] [nav_goal_sender]: cycle 5 feedback: 0.0
[INFO] [1789251565.823736350] [nav_goal_sender]: cycle 5 feedback: 0.0
[INFO] [1789251565.833732103] [nav_goal_sender]: cycle 5 feedback: 0.0
[INFO] [1789251565.843817756] [nav_goal_sender]: cycle 5 feedback: 0.0
[INFO] [1789251565.853930410] [nav_goal_sender]: cycle 5 feedback: 0.0
[INFO] [1789251565.863751362] [nav_goal_sender]: cycle 5 feedback: 0.0
[INFO] [1789251565.873910115] [nav_goal_sender]: cycle 5 feedback: 0.0
[INFO] [1789251565.883796768] [nav_goal_sender]: cycle 5 feedback: 0.0
[INFO] [1789251565.893736720] [nav_goal_sender]: cycle 5 feedback: 0.0
[INFO] [1789251565.903744773] [nav_goal_sender]: cycle 5 feedback: 0.0
[INFO] [1789251565.913761726] [nav_goal_sender]: cycle 5 feedback: 0.0
[INFO] [1789251565.923745779] [nav_goal_sender]: cycle 5 feedback: 0.0
[INFO] [1789251565.933743132] [nav_goal_sender]: cycle 5 feedback: 0.0
[INFO] [1789251565.943742185] [nav_goal_sender]: cycle 5 feedback: 0.0
[INFO] [1789251565.954146140] [nav_goal_sender]: cycle 5 feedback: 0.0
[INFO] [1789251565.963740291] [nav_goal_sender]: cycle 5 feedback: 0.0
[INFO] [1789251565.973815444] [nav_goal_sender]: cycle 5 feedback: 0.0
[INFO] [1789251565.983745497] [nav_goal_sender]: cycle 5 feedback: 0.0
[INFO] [1789251565.993765850] [nav_goal_sender]: cycle 5 feedback: 0.0
[INFO] [1789251566.003852203] [nav_goal_sender]: cycle 5 feedback: 0.0
[INFO] [1789251566.013775156] [nav_goal_sender]: cycle 5 feedback: 0.0
[INFO] [1789251566.023748608] [nav_goal_sender]: cycle 5 feedback: 0.0
[INFO] [1789251566.033753461] [nav_goal_sender]: cycle 5 feedback: 0.0
[INFO] [1789251566.043766014] [nav_goal_sender]: cycle 5 feedback: 0.0
[INFO] [1789251566.053850068] [nav_goal_sender]: cycle 5 feedback: 0.0
[INFO] [1789251566.063738920] [nav_goal_sender]: cycle 5 feedback: 0.0
[INFO] [1789251566.073826973] [nav_goal_sender]: cycle 5 feedback: 0.0
[INFO] [1789251566.083768026] [nav_goal_sender]: cycle 5 feedback: 0.0
[INFO] [1789251566.093724679] [nav_goal_sender]: cycle 5 feedback: 0.0
[INFO] [1789251566.103717332] [nav_goal_sender]: cycle 5 feedback: 0.0
[INFO] [1789251566.113792185] [nav_goal_sender]: cycle 5 feedback: 0.0
[INFO] [1789251566.123795338] [nav_goal_sender]: cycle 5 feedback: 0.0
[INFO] [1789251566.133695990] [nav_goal_sender]: cycle 5 feedback: 0.0
[INFO] [1789251566.143716443] [nav_goal_sender]: cycle 5 feedback: 0.0
[INFO] [1789251566.153860397] [nav_goal_sender]: cycle 5 feedback: 0.0
[INFO] [1789251566.163730549] [nav_goal_sender]: cycle 5 feedback: 0.0
[INFO] [1789251566.173848703] [nav_goal_sender]: cycle 5 feedback: 0.0
[INFO] [1789251566.183787555] [nav_goal_sender]: cycle 5 feedback: 0.0
[INFO] [1789251566.193724108] [nav_goal_sender]: cycle 5 feedback: 0.0
[INFO] [1789251566.203706361] [nav_goal_sender]: cycle 5 feedback: 0.0
[INFO] [1789251566.213832514] [nav_goal_sender]: cycle 5 feedback: 0.0
[INFO] [1789251566.223710967] [nav_goal_sender]: cycle 5 feedback: 0.0
[INFO] [1789251566.233711720] [nav_goal_sender]: cycle 5 feedback: 0.0
[INFO] [1789251566.243708372] [nav_goal_sender]: cycle 5 feedback: 0.0
[INFO] [1789251566.253820226] [nav_goal_sender]: cycle 5 feedback: 0.0
[INFO] [1789251566.263763779] [nav_goal_sender]: cycle 5 feedback: 0.0
[INFO] [1789251566.273797332] [nav_goal_sender]: cycle 5 feedback: 0.0
[INFO] [1789251566.283722084] [nav_goal_sender]: cycle 5 feedback: 0.0
[INFO] [1789251566.293703537] [nav_goal_sender]: cycle 5 feedback: 0.0
[INFO] [1789251566.303721790] [nav_goal_sender]: cycle 5 feedback: 0.0
[INFO] [1789251566.313730743] [nav_goal_sender]: cycle 5 feedback: 0.0
[INFO] [1789251566.323739396] [nav_goal_sender]: cycle 5 feedback: 0.0
[INFO] [1789251566.333926550] [nav_goal_sender]: cycle 5 feedback: 0.0
[INFO] [1789251566.343780602] [nav_goal_sender]: cycle 5 feedback: 0.0
[INFO] [1789251566.353829955] [nav_goal_sender]: cycle 5 feedback: 0.0
[INFO] [1789251566.363720208] [nav_goal_sender]: cycle 5 feedback: 0.0
[INFO] [1789251566.373811261] [nav_goal_sender]: cycle 5 feedback: 0.0
[INFO] [1789251566.383729813] [nav_goal_sender]: cycle 5 feedback: 0.0
[INFO] [1789251566.393716466] [nav_goal_sender]: cycle 5 feedback: 0.0
[INFO] [1789251566.403709719] [nav_goal_sender]: cycle 5 feedback: 0.0
[INFO] [1789251566.413829273] [nav_goal_sender]: cycle 5 feedback: 0.0
[INFO] [1789251566.423707525] [nav_goal_sender]: cycle 5 feedback: 0.0
[INFO] [1789251566.433921079] [nav_goal_sender]: cycle 5 feedback: 0.0
[INFO] [1789251566.443703031] [nav_goal_sender]: cycle 5 feedback: 0.0
[INFO] [1789251566.454051686] [nav_goal_sender]: cycle 5 feedback: 0.0
[INFO] [1789251566.463746237] [nav_goal_sender]: cycle 5 feedback: 0.0
[INFO] [1789251566.473830990] [nav_goal_sender]: cycle 5 feedback: 0.0
[INFO] [1789251566.483754243] [nav_goal_sender]: cycle 5 feedback: 0.0
[INFO] [1789251566.493728996] [nav_goal_sender]: cycle 5 feedback: 0.0
[INFO] [1789251566.503824549] [nav_goal_sender]: cycle 5 feedback: 0.0
[INFO] [1789251566.513782602] [nav_goal_sender]: cycle 5 feedback: 0.0
[INFO] [1789251566.523753854] [nav_goal_sender]: cycle 5 feedback: 0.0
[INFO] [1789251566.533869008] [nav_goal_sender]: cycle 5 feedback: 0.0
[INFO] [1789251566.543749160] [nav_goal_sender]: cycle 5 feedback: 0.0
[INFO] [1789251566.553848714] [nav_goal_sender]: cycle 5 feedback: 0.0
[INFO] [1789251566.563740566] [nav_goal_sender]: cycle 5 feedback: 0.0
[INFO] [1789251566.573791319] [nav_goal_sender]: cycle 5 feedback: 0.0
[INFO] [1789251566.583740372] [nav_goal_sender]: cycle 5 feedback: 0.0
[INFO] [1789251566.593723825] [nav_goal_sender]: cycle 5 feedback: 0.0
[INFO] [1789251566.603724078] [nav_goal_sender]: cycle 5 feedback: 0.0
[INFO] [1789251566.613903431] [nav_goal_sender]: cycle 5 feedback: 0.0
[INFO] [1789251566.623817084] [nav_goal_sender]: cycle 5 feedback: 0.0
[INFO] [1789251566.633942538] [nav_goal_sender]: cycle 5 feedback: 0.0
[INFO] [1789251566.643723489] [nav_goal_sender]: cycle 5 feedback: 0.0
[INFO] [1789251566.653829943] [nav_goal_sender]: cycle 5 feedback: 0.0
[INFO] [1789251566.663711295] [nav_goal_sender]: cycle 5 feedback: 0.0
[INFO] [1789251566.673831449] [nav_goal_sender]: cycle 5 feedback: 0.0
[INFO] [1789251566.683743301] [nav_goal_sender]: cycle 5 feedback: 0.0
[INFO] [1789251566.693719554] [nav_goal_sender]: cycle 5 feedback: 0.0
[INFO] [1789251566.703706907] [nav_goal_sender]: cycle 5 feedback: 0.0
[INFO] [1789251566.713779360] [nav_goal_sender]: cycle 5 feedback: 0.0
[INFO] [1789251566.723704913] [nav_goal_sender]: cycle 5 feedback: 0.0
[INFO] [1789251566.733699065] [nav_goal_sender]: cycle 5 feedback: 0.0
[INFO] [1789251566.743698918] [nav_goal_sender]: cycle 5 feedback: 0.0
[INFO] [1789251566.753785472] [nav_goal_sender]: cycle 5 feedback: 0.0
[INFO] [1789251566.763709924] [nav_goal_sender]: cycle 5 feedback: 0.0
[INFO] [1789251566.773846878] [nav_goal_sender]: cycle 5 feedback: 0.0
[INFO] [1789251566.783719430] [nav_goal_sender]: cycle 5 feedback: 0.0
[INFO] [1789251566.793718083] [nav_goal_sender]: cycle 5 feedback: 0.0
[INFO] [1789251566.803710136] [nav_goal_sender]: cycle 5 feedback: 0.0
[INFO] [1789251566.813749389] [nav_goal_sender]: cycle 5 feedback: 0.0
[INFO] [1789251566.823706442] [nav_goal_sender]: cycle 5 feedback: 0.0
[INFO] [1789251566.833858696] [nav_goal_sender]: cycle 5 feedback: 0.0
[INFO] [1789251566.843769348] [nav_goal_sender]: cycle 5 feedback: 0.0
[INFO] [1789251566.853996502] [nav_goal_sender]: cycle 5 feedback: 0.0
[INFO] [1789251566.863707853] [nav_goal_sender]: cycle 5 feedback: 0.0
[INFO] [1789251566.873809107] [nav_goal_sender]: cycle 5 feedback: 0.0
[INFO] [1789251566.883722259] [nav_goal_sender]: cycle 5 feedback: 0.0
[INFO] [1789251566.894089614] [nav_goal_sender]: cycle 5 feedback: 0.0
[INFO] [1789251566.903754565] [nav_goal_sender]: cycle 5 feedback: 0.0
[INFO] [1789251566.913756718] [nav_goal_sender]: cycle 5 feedback: 0.0
[INFO] [1789251566.923717971] [nav_goal_sender]: cycle 5 feedback: 0.0
[INFO] [1789251566.933759324] [nav_goal_sender]: cycle 5 feedback: 0.0
[INFO] [1789251566.943700177] [nav_goal_sender]: cycle 5 feedback: 0.0
[INFO] [1789251566.953780230] [nav_goal_sender]: cycle 5 feedback: 0.0
[INFO] [1789251566.963939084] [nav_goal_sender]: cycle 5 feedback: 0.0
[INFO] [1789251566.973756536] [nav_goal_sender]: cycle 5 feedback: 0.0
[INFO] [1789251566.983720089] [nav_goal_sender]: cycle 5 feedback: 0.0
[INFO] [1789251566.993707741] [nav_goal_sender]: cycle 5 feedback: 0.0
[INFO] [1789251567.003796195] [nav_goal_sender]: cycle 5 feedback: 0.0
[INFO] [1789251567.014063249] [nav_goal_sender]: cycle 5 feedback: 0.0
[INFO] [1789251567.024331103] [nav_goal_sender]: cycle 5 feedback: 0.0
[INFO] [1789251567.034600858] [nav_goal_sender]: cycle 5 feedback: 0.0
[INFO] [1789251567.044057608] [nav_goal_sender]: cycle 5 feedback: 0.0
[INFO] [1789251567.055238467] [nav_goal_sender]: cycle 5 feedback: 0.0
[INFO] [1789251567.064099714] [nav_goal_sender]: cycle 5 feedback: 0.0
[INFO] [1789251567.074392968] [nav_goal_sender]: cycle 5 feedback: 0.0
[INFO] [1789251567.084144220] [nav_goal_sender]: cycle 5 feedback: 0.0
[INFO] [1789251567.093682171] [nav_goal_sender]: cycle 5 feedback: 0.0
[INFO] [1789251567.104010025] [nav_goal_sender]: cycle 5 feedback: 0.0
[INFO] [1789251567.113690776] [nav_goal_sender]: cycle 5 feedback: 0.0
[INFO] [1789251567.123771130] [nav_goal_sender]: cycle 5 feedback: 0.0
[INFO] [1789251567.134019184] [nav_goal_sender]: cycle 5 feedback: 0.0
[INFO] [1789251567.143745835] [nav_goal_sender]: cycle 5 feedback: 0.0
[INFO] [1789251567.154079190] [nav_goal_sender]: cycle 5 feedback: 0.0
[INFO] [1789251567.164002743] [nav_goal_sender]: cycle 5 feedback: 0.0
[INFO] [1789251567.174441398] [nav_goal_sender]: cycle 5 feedback: 0.0
[INFO] [1789251567.183757147] [nav_goal_sender]: cycle 5 feedback: 0.0
[INFO] [1789251567.193708000] [nav_goal_sender]: cycle 5 feedback: 0.0
[INFO] [1789251567.203714453] [nav_goal_sender]: cycle 5 feedback: 0.0
[INFO] [1789251567.213775206] [nav_goal_sender]: cycle 5 feedback: 0.0
[INFO] [1789251567.223709859] [nav_goal_sender]: cycle 5 feedback: 0.0
[INFO] [1789251567.233995513] [nav_goal_sender]: cycle 5 feedback: 0.0
[INFO] [1789251567.243912066] [nav_goal_sender]: cycle 5 feedback: 0.0
[INFO] [1789251567.254190420] [nav_goal_sender]: cycle 5 feedback: 0.0
[INFO] [1789251567.263856671] [nav_goal_sender]: cycle 5 feedback: 0.0
[INFO] [1789251567.273906224] [nav_goal_sender]: cycle 5 feedback: 0.0
[INFO] [1789251567.283824577] [nav_goal_sender]: cycle 5 feedback: 0.0
[INFO] [1789251567.293769429] [nav_goal_sender]: cycle 5 feedback: 0.0
[INFO] [1789251567.303828383] [nav_goal_sender]: cycle 5 feedback: 0.0
[INFO] [1789251567.313838736] [nav_goal_sender]: cycle 5 feedback: 0.0
[INFO] [1789251567.323783588] [nav_goal_sender]: cycle 5 feedback: 0.0
[INFO] [1789251567.334124843] [nav_goal_sender]: cycle 5 feedback: 0.0
[INFO] [1789251567.343986095] [nav_goal_sender]: cycle 5 feedback: 0.0
[INFO] [1789251567.353929648] [nav_goal_sender]: cycle 5 feedback: 0.0
[INFO] [1789251567.363771200] [nav_goal_sender]: cycle 5 feedback: 0.0
[INFO] [1789251567.373935854] [nav_goal_sender]: cycle 5 feedback: 0.0
[INFO] [1789251567.383776706] [nav_goal_sender]: cycle 5 feedback: 0.0
[INFO] [1789251567.394335262] [nav_goal_sender]: cycle 5 feedback: 0.0
[INFO] [1789251567.403729811] [nav_goal_sender]: cycle 5 feedback: 0.0
[INFO] [1789251567.414414568] [nav_goal_sender]: cycle 5 feedback: 0.0
[INFO] [1789251567.423711717] [nav_goal_sender]: cycle 5 feedback: 0.0
[INFO] [1789251567.434378773] [nav_goal_sender]: cycle 5 feedback: 0.0
[INFO] [1789251567.443699323] [nav_goal_sender]: cycle 5 feedback: 0.0
[INFO] [1789251567.453792276] [nav_goal_sender]: cycle 5 feedback: 0.0
[INFO] [1789251567.464527233] [nav_goal_sender]: cycle 5 feedback: 0.0
[INFO] [1789251567.473787782] [nav_goal_sender]: cycle 5 feedback: 0.0
[INFO] [1789251567.484052236] [nav_goal_sender]: cycle 5 feedback: 0.0
[INFO] [1789251567.494019589] [nav_goal_sender]: cycle 5 feedback: 0.0
[INFO] [1789251567.503905141] [nav_goal_sender]: cycle 5 feedback: 0.0
[INFO] [1789251567.513937194] [nav_goal_sender]: cycle 5 feedback: 0.0
[INFO] [1789251567.524046848] [nav_goal_sender]: cycle 5 feedback: 0.0
[INFO] [1789251567.534028201] [nav_goal_sender]: cycle 5 feedback: 0.0
[INFO] [1789251567.543727052] [nav_goal_sender]: cycle 5 feedback: 0.0
[INFO] [1789251567.554083607] [nav_goal_sender]: cycle 5 feedback: 0.0
[INFO] [1789251567.563711458] [nav_goal_sender]: cycle 5 feedback: 0.0
[INFO] [1789251567.574278914] [nav_goal_sender]: cycle 5 feedback: 0.0
[INFO] [1789251567.583976165] [nav_goal_sender]: cycle 5 feedback: 0.0
[INFO] [1789251567.593704317] [nav_goal_sender]: cycle 5 feedback: 0.0
[INFO] [1789251567.603715370] [nav_goal_sender]: cycle 5 feedback: 0.0
[INFO] [1789251567.614302326] [nav_goal_sender]: cycle 5 feedback: 0.0
[INFO] [1789251567.623825376] [nav_goal_sender]: cycle 5 feedback: 0.0
[INFO] [1789251567.633994730] [nav_goal_sender]: cycle 5 feedback: 0.0
[INFO] [1789251567.643714581] [nav_goal_sender]: cycle 5 feedback: 0.0
[INFO] [1789251567.654443738] [nav_goal_sender]: cycle 5 feedback: 0.0
[INFO] [1789251567.664200390] [nav_goal_sender]: cycle 5 feedback: 0.0
[INFO] [1789251567.673990242] [nav_goal_sender]: cycle 5 feedback: 0.0
[INFO] [1789251567.684140895] [nav_goal_sender]: cycle 5 feedback: 0.0
[INFO] [1789251567.693687146] [nav_goal_sender]: cycle 5 feedback: 0.0
[INFO] [1789251567.703792699] [nav_goal_sender]: cycle 5 feedback: 0.0
[INFO] [1789251567.713752552] [nav_goal_sender]: cycle 5 feedback: 0.0
[INFO] [1789251567.724441908] [nav_goal_sender]: cycle 5 feedback: 0.0
[INFO] [1789251567.734313761] [nav_goal_sender]: cycle 5 feedback: 0.0
[INFO] [1789251567.743831211] [nav_goal_sender]: cycle 5 feedback: 0.0
[INFO] [1789251567.753866164] [nav_goal_sender]: cycle 5 feedback: 0.0
[INFO] [1789251567.764050818] [nav_goal_sender]: cycle 5 feedback: 0.0
[INFO] [1789251567.773898170] [nav_goal_sender]: cycle 5 feedback: 0.0
[INFO] [1789251567.783783423] [nav_goal_sender]: cycle 5 feedback: 0.0
[INFO] [1789251567.794265078] [nav_goal_sender]: cycle 5 feedback: 0.0
[INFO] [1789251567.804393532] [nav_goal_sender]: cycle 5 feedback: 0.0
[INFO] [1789251567.813736381] [nav_goal_sender]: cycle 5 feedback: 0.0
[INFO] [1789251567.823741734] [nav_goal_sender]: cycle 5 feedback: 0.0
[INFO] [1789251567.833739787] [nav_goal_sender]: cycle 5 feedback: 0.0
[INFO] [1789251567.843745540] [nav_goal_sender]: cycle 5 feedback: 0.0
[INFO] [1789251567.853909894] [nav_goal_sender]: cycle 5 feedback: 0.0
[INFO] [1789251567.863706245] [nav_goal_sender]: cycle 5 feedback: 0.0
[INFO] [1789251567.873971700] [nav_goal_sender]: cycle 5 feedback: 0.0
[INFO] [1789251567.883709551] [nav_goal_sender]: cycle 5 feedback: 0.0
[INFO] [1789251567.894017106] [nav_goal_sender]: cycle 5 feedback: 0.0
[INFO] [1789251567.903693757] [nav_goal_sender]: cycle 5 feedback: 0.0
[INFO] [1789251567.914098612] [nav_goal_sender]: cycle 5 feedback: 0.0
[INFO] [1789251567.923706463] [nav_goal_sender]: cycle 5 feedback: 0.0
[INFO] [1789251567.934015518] [nav_goal_sender]: cycle 5 feedback: 0.0
[INFO] [1789251567.943726769] [nav_goal_sender]: cycle 5 feedback: 0.0
[INFO] [1789251567.953867923] [nav_goal_sender]: cycle 5 feedback: 0.0
[INFO] [1789251567.963706575] [nav_goal_sender]: cycle 5 feedback: 0.0
[INFO] [1789251567.973782428] [nav_goal_sender]: cycle 5 feedback: 0.0
[INFO] [1789251567.983710481] [nav_goal_sender]: cycle 5 feedback: 0.0
[INFO] [1789251567.993713733] [nav_goal_sender]: cycle 5 feedback: 0.0
[INFO] [1789251568.003707286] [nav_goal_sender]: cycle 5 feedback: 0.0
[INFO] [1789251568.013843340] [nav_goal_sender]: cycle 5 feedback: 0.0
[INFO] [1789251568.023699592] [nav_goal_sender]: cycle 5 feedback: 0.0
[INFO] [1789251568.033865246] [nav_goal_sender]: cycle 5 feedback: 0.0
[INFO] [1789251568.043687498] [nav_goal_sender]: cycle 5 feedback: 0.0
[INFO] [1789251568.054503555] [nav_goal_sender]: cycle 5 feedback: 0.0
[INFO] [1789251568.063726404] [nav_goal_sender]: cycle 5 feedback: 0.0
[INFO] [1789251568.073798657] [nav_goal_sender]: cycle 5 feedback: 0.0
[INFO] [1789251568.084011611] [nav_goal_sender]: cycle 5 feedback: 0.0
[INFO] [1789251568.093716663] [nav_goal_sender]: cycle 5 feedback: 0.0
[INFO] [1789251568.103785616] [nav_goal_sender]: cycle 5 feedback: 0.0
[INFO] [1789251568.113709868] [nav_goal_sender]: cycle 5 feedback: 0.0
[INFO] [1789251568.123788122] [nav_goal_sender]: cycle 5 feedback: 0.0
[INFO] [1789251568.133867275] [nav_goal_sender]: cycle 5 feedback: 0.0
[INFO] [1789251568.143872928] [nav_goal_sender]: cycle 5 feedback: 0.0
[INFO] [1789251568.153801181] [nav_goal_sender]: cycle 5 feedback: 0.0
[INFO] [1789251568.163725233] [nav_goal_sender]: cycle 5 feedback: 0.0
[INFO] [1789251568.173824487] [nav_goal_sender]: cycle 5 feedback: 0.0
[INFO] [1789251568.183746239] [nav_goal_sender]: cycle 5 feedback: 0.0
[INFO] [1789251568.193779692] [nav_goal_sender]: cycle 5 feedback: 0.0
[INFO] [1789251568.203811945] [nav_goal_sender]: cycle 5 feedback: 0.0
[INFO] [1789251568.213848198] [nav_goal_sender]: cycle 5 feedback: 0.0
[INFO] [1789251568.223735951] [nav_goal_sender]: cycle 5 feedback: 0.0
[INFO] [1789251568.233803704] [nav_goal_sender]: cycle 5 feedback: 0.0
[INFO] [1789251568.243713556] [nav_goal_sender]: cycle 5 feedback: 0.0
[INFO] [1789251568.253766510] [nav_goal_sender]: cycle 5 feedback: 0.0
[INFO] [1789251568.263686562] [nav_goal_sender]: cycle 5 feedback: 0.0
[INFO] [1789251568.273845216] [nav_goal_sender]: cycle 5 feedback: 0.0
[INFO] [1789251568.284032570] [nav_goal_sender]: cycle 5 feedback: 0.0
[INFO] [1789251568.293715421] [nav_goal_sender]: cycle 5 feedback: 0.0
[INFO] [1789251568.303699074] [nav_goal_sender]: cycle 5 feedback: 0.0
[INFO] [1789251568.313901528] [nav_goal_sender]: cycle 5 feedback: 0.0
[INFO] [1789251568.323713380] [nav_goal_sender]: cycle 5 feedback: 0.0
[INFO] [1789251568.333721633] [nav_goal_sender]: cycle 5 feedback: 0.0
[INFO] [1789251568.343781086] [nav_goal_sender]: cycle 5 feedback: 0.0
[INFO] [1789251568.353809539] [nav_goal_sender]: cycle 5 feedback: 0.0
[INFO] [1789251568.363779292] [nav_goal_sender]: cycle 5 feedback: 0.0
[INFO] [1789251568.374041746] [nav_goal_sender]: cycle 5 feedback: 0.0
[INFO] [1789251568.384046599] [nav_goal_sender]: cycle 5 feedback: 0.0
[INFO] [1789251568.393718950] [nav_goal_sender]: cycle 5 feedback: 0.0
[INFO] [1789251568.403737703] [nav_goal_sender]: cycle 5 feedback: 0.0
[INFO] [1789251568.413711956] [nav_goal_sender]: cycle 5 feedback: 0.0
[INFO] [1789251568.423790309] [nav_goal_sender]: cycle 5 feedback: 0.0
[INFO] [1789251568.433760862] [nav_goal_sender]: cycle 5 feedback: 0.0
[INFO] [1789251568.443725215] [nav_goal_sender]: cycle 5 feedback: 0.0
[INFO] [1789251568.453805368] [nav_goal_sender]: cycle 5 feedback: 0.0
[INFO] [1789251568.463702121] [nav_goal_sender]: cycle 5 feedback: 0.0
[INFO] [1789251568.473855674] [nav_goal_sender]: cycle 5 feedback: 0.0
[INFO] [1789251568.483994128] [nav_goal_sender]: cycle 5 feedback: 0.0
[INFO] [1789251568.493729580] [nav_goal_sender]: cycle 5 feedback: 0.0
[INFO] [1789251568.503842733] [nav_goal_sender]: cycle 5 feedback: 0.0
[INFO] [1789251568.513777486] [nav_goal_sender]: cycle 5 feedback: 0.0
[INFO] [1789251568.523702838] [nav_goal_sender]: cycle 5 feedback: 0.0
[INFO] [1789251568.533982993] [nav_goal_sender]: cycle 5 feedback: 0.0
[INFO] [1789251568.543704444] [nav_goal_sender]: cycle 5 feedback: 0.0
[INFO] [1789251568.553915398] [nav_goal_sender]: cycle 5 feedback: 0.0
[INFO] [1789251568.563716650] [nav_goal_sender]: cycle 5 feedback: 0.0
[INFO] [1789251568.573810303] [nav_goal_sender]: cycle 5 feedback: 0.0
[INFO] [1789251568.583739356] [nav_goal_sender]: cycle 5 feedback: 0.0
[INFO] [1789251568.593692509] [nav_goal_sender]: cycle 5 feedback: 0.0
[INFO] [1789251568.603688261] [nav_goal_sender]: cycle 5 feedback: 0.0
[INFO] [1789251568.613743715] [nav_goal_sender]: cycle 5 feedback: 0.0
[INFO] [1789251568.623756068] [nav_goal_sender]: cycle 5 feedback: 0.0
[INFO] [1789251568.633705620] [nav_goal_sender]: cycle 5 feedback: 0.0
[INFO] [1789251568.643704873] [nav_goal_sender]: cycle 5 feedback: 0.0
[INFO] [1789251568.653824127] [nav_goal_sender]: cycle 5 feedback: 0.0
[INFO] [1789251568.663759979] [nav_goal_sender]: cycle 5 feedback: 0.0
[INFO] [1789251568.673843133] [nav_goal_sender]: cycle 5 feedback: 0.0
[INFO] [1789251568.684029587] [nav_goal_sender]: cycle 5 feedback: 0.0
[INFO] [1789251568.693700238] [nav_goal_sender]: cycle 5 feedback: 0.0
[INFO] [1789251568.703920592] [nav_goal_sender]: cycle 5 feedback: 0.0
[INFO] [1789251568.713766944] [nav_goal_sender]: cycle 5 feedback: 0.0
[INFO] [1789251568.723770297] [nav_goal_sender]: cycle 5 feedback: 0.0
[INFO] [1789251568.733710150] [nav_goal_sender]: cycle 5 feedback: 0.0
[INFO] [1789251568.743880103] [nav_goal_sender]: cycle 5 feedback: 0.0
[INFO] [1789251568.754372159] [nav_goal_sender]: cycle 5 feedback: 0.0
[INFO] [1789251568.763766909] [nav_goal_sender]: cycle 5 feedback: 0.0
[INFO] [1789251568.773795462] [nav_goal_sender]: cycle 5 feedback: 0.0
[INFO] [1789251568.783768814] [nav_goal_sender]: cycle 5 feedback: 0.0
[INFO] [1789251568.793706067] [nav_goal_sender]: cycle 5 feedback: 0.0
[INFO] [1789251568.803715820] [nav_goal_sender]: cycle 5 feedback: 0.0
[INFO] [1789251568.813743973] [nav_goal_sender]: cycle 5 feedback: 0.0
[INFO] [1789251568.824041828] [nav_goal_sender]: cycle 5 feedback: 0.0
[INFO] [1789251568.833829379] [nav_goal_sender]: cycle 5 feedback: 0.0
[INFO] [1789251568.845190139] [nav_goal_sender]: cycle 5 feedback: 0.0
[INFO] [1789251568.854608789] [nav_goal_sender]: cycle 5 feedback: 0.0
[INFO] [1789251568.864067039] [nav_goal_sender]: cycle 5 feedback: 0.0
[INFO] [1789251568.873752691] [nav_goal_sender]: cycle 5 feedback: 0.0
[INFO] [1789251568.884052345] [nav_goal_sender]: cycle 5 feedback: 0.0
[INFO] [1789251568.893696696] [nav_goal_sender]: cycle 5 feedback: 0.0
[INFO] [1789251568.904227352] [nav_goal_sender]: cycle 5 feedback: 0.0
[INFO] [1789251568.914221905] [nav_goal_sender]: cycle 5 feedback: 0.0
[INFO] [1789251568.923964156] [nav_goal_sender]: cycle 5 feedback: 0.0
[INFO] [1789251568.933805908] [nav_goal_sender]: cycle 5 feedback: 0.0
[INFO] [1789251568.944012062] [nav_goal_sender]: cycle 5 feedback: 0.0
[INFO] [1789251568.954052516] [nav_goal_sender]: cycle 5 feedback: 0.0
[INFO] [1789251568.964057869] [nav_goal_sender]: cycle 5 feedback: 0.0
[INFO] [1789251568.974009021] [nav_goal_sender]: cycle 5 feedback: 0.0
[INFO] [1789251568.984181575] [nav_goal_sender]: cycle 5 feedback: 0.0
[INFO] [1789251568.993862326] [nav_goal_sender]: cycle 5 feedback: 0.0
[INFO] [1789251569.004096480] [nav_goal_sender]: cycle 5 feedback: 0.0
[INFO] [1789251569.014015333] [nav_goal_sender]: cycle 5 feedback: 0.0
[INFO] [1789251569.024225087] [nav_goal_sender]: cycle 5 feedback: 0.0
[INFO] [1789251569.033707137] [nav_goal_sender]: cycle 5 feedback: 0.0
[INFO] [1789251569.043718190] [nav_goal_sender]: cycle 5 feedback: 0.0
[INFO] [1789251569.054838249] [nav_goal_sender]: cycle 5 feedback: 0.0
[INFO] [1789251569.064036298] [nav_goal_sender]: cycle 5 feedback: 0.0
[INFO] [1789251569.074635454] [nav_goal_sender]: cycle 5 feedback: 0.0
[INFO] [1789251569.084808508] [nav_goal_sender]: cycle 5 feedback: 0.0
[INFO] [1789251569.094412758] [nav_goal_sender]: cycle 5 feedback: 0.0
[INFO] [1789251569.103854508] [nav_goal_sender]: cycle 5 feedback: 0.0
[INFO] [1789251569.113896061] [nav_goal_sender]: cycle 5 feedback: 0.0
[INFO] [1789251569.124678819] [nav_goal_sender]: cycle 5 feedback: 0.0
[INFO] [1789251569.133768067] [nav_goal_sender]: cycle 5 feedback: 0.0
[INFO] [1789251569.143746719] [nav_goal_sender]: cycle 5 feedback: 0.0
[INFO] [1789251569.153867973] [nav_goal_sender]: cycle 5 feedback: 0.0
[INFO] [1789251569.163874026] [nav_goal_sender]: cycle 5 feedback: 0.0
[INFO] [1789251569.173857079] [nav_goal_sender]: cycle 5 feedback: 0.0
[INFO] [1789251569.183965632] [nav_goal_sender]: cycle 5 feedback: 0.0
[INFO] [1789251569.194038786] [nav_goal_sender]: cycle 5 feedback: 0.0
[INFO] [1789251569.204032338] [nav_goal_sender]: cycle 5 feedback: 0.0
[INFO] [1789251569.213850290] [nav_goal_sender]: cycle 5 feedback: 0.0
[INFO] [1789251569.223775343] [nav_goal_sender]: cycle 5 feedback: 0.0
[INFO] [1789251569.233782096] [nav_goal_sender]: cycle 5 feedback: 0.0
[INFO] [1789251569.243737649] [nav_goal_sender]: cycle 5 feedback: 0.0
[INFO] [1789251569.253990503] [nav_goal_sender]: cycle 5 feedback: 0.0
[INFO] [1789251569.263796655] [nav_goal_sender]: cycle 5 feedback: 0.0
[INFO] [1789251569.274173110] [nav_goal_sender]: cycle 5 feedback: 0.0
[INFO] [1789251569.283719960] [nav_goal_sender]: cycle 5 feedback: 0.0
[INFO] [1789251569.294040415] [nav_goal_sender]: cycle 5 feedback: 0.0
[INFO] [1789251569.304276869] [nav_goal_sender]: cycle 5 feedback: 0.0
[INFO] [1789251569.314055521] [nav_goal_sender]: cycle 5 feedback: 0.0
[INFO] [1789251569.324148574] [nav_goal_sender]: cycle 5 feedback: 0.0
[INFO] [1789251569.334040226] [nav_goal_sender]: cycle 5 feedback: 0.0
[INFO] [1789251569.344193380] [nav_goal_sender]: cycle 5 feedback: 0.0
[INFO] [1789251569.354804936] [nav_goal_sender]: cycle 5 feedback: 0.0
[INFO] [1789251569.363967085] [nav_goal_sender]: cycle 5 feedback: 0.0
[INFO] [1789251569.374091038] [nav_goal_sender]: cycle 5 feedback: 0.0
[INFO] [1789251569.384046191] [nav_goal_sender]: cycle 5 feedback: 0.0
[INFO] [1789251569.394083844] [nav_goal_sender]: cycle 5 feedback: 0.0
[INFO] [1789251569.404046597] [nav_goal_sender]: cycle 5 feedback: 0.0
[INFO] [1789251569.413899349] [nav_goal_sender]: cycle 5 feedback: 0.0
[INFO] [1789251569.424084903] [nav_goal_sender]: cycle 5 feedback: 0.0
[INFO] [1789251569.434036556] [nav_goal_sender]: cycle 5 feedback: 0.0
[INFO] [1789251569.444155309] [nav_goal_sender]: cycle 5 feedback: 0.0
[INFO] [1789251569.454909266] [nav_goal_sender]: cycle 5 feedback: 0.0
[INFO] [1789251569.464039914] [nav_goal_sender]: cycle 5 feedback: 0.0
[INFO] [1789251569.474191468] [nav_goal_sender]: cycle 5 feedback: 0.0
[INFO] [1789251569.484277121] [nav_goal_sender]: cycle 5 feedback: 0.0
[INFO] [1789251569.494078173] [nav_goal_sender]: cycle 5 feedback: 0.0
[INFO] [1789251569.504052126] [nav_goal_sender]: cycle 5 feedback: 0.0
[INFO] [1789251569.514209580] [nav_goal_sender]: cycle 5 feedback: 0.0
[INFO] [1789251569.524199833] [nav_goal_sender]: cycle 5 feedback: 0.0
[INFO] [1789251569.534084885] [nav_goal_sender]: cycle 5 feedback: 0.0
[INFO] [1789251569.544636341] [nav_goal_sender]: cycle 5 feedback: 0.0
[INFO] [1789251569.554158491] [nav_goal_sender]: cycle 5 feedback: 0.0
[INFO] [1789251569.564061244] [nav_goal_sender]: cycle 5 feedback: 0.0
[INFO] [1789251569.574217897] [nav_goal_sender]: cycle 5 feedback: 0.0
[INFO] [1789251569.584068450] [nav_goal_sender]: cycle 5 feedback: 0.0
[INFO] [1789251569.594164903] [nav_goal_sender]: cycle 5 feedback: 0.0
[INFO] [1789251569.604215556] [nav_goal_sender]: cycle 5 feedback: 0.0
[INFO] [1789251569.613859807] [nav_goal_sender]: cycle 5 feedback: 0.0
[INFO] [1789251569.624171162] [nav_goal_sender]: cycle 5 feedback: 0.0
[INFO] [1789251569.633729012] [nav_goal_sender]: cycle 5 feedback: 0.0
[INFO] [1789251569.644121967] [nav_goal_sender]: cycle 5 feedback: 0.0
[INFO] [1789251569.654420622] [nav_goal_sender]: cycle 5 feedback: 0.0
[INFO] [1789251569.664067073] [nav_goal_sender]: cycle 5 feedback: 0.0
[INFO] [1789251569.674405428] [nav_goal_sender]: cycle 5 feedback: 0.0
[INFO] [1789251569.684119579] [nav_goal_sender]: cycle 5 feedback: 0.0
[INFO] [1789251569.694133432] [nav_goal_sender]: cycle 5 feedback: 0.0
[INFO] [1789251569.704170985] [nav_goal_sender]: cycle 5 feedback: 0.0
[INFO] [1789251569.714062138] [nav_goal_sender]: cycle 5 feedback: 0.0
[INFO] [1789251569.724150391] [nav_goal_sender]: cycle 5 feedback: 0.0
[INFO] [1789251569.734120244] [nav_goal_sender]: cycle 5 feedback: 0.0
[INFO] [1789251569.743949896] [nav_goal_sender]: cycle 5 feedback: 0.0
[INFO] [1789251569.755012154] [nav_goal_sender]: cycle 5 feedback: 0.0
[INFO] [1789251569.764009302] [nav_goal_sender]: cycle 5 feedback: 0.0
[INFO] [1789251569.774372857] [nav_goal_sender]: cycle 5 feedback: 0.0
[INFO] [1789251569.784163608] [nav_goal_sender]: cycle 5 feedback: 0.0
[INFO] [1789251569.794005561] [nav_goal_sender]: cycle 5 feedback: 0.0
[INFO] [1789251569.804112414] [nav_goal_sender]: cycle 5 feedback: 0.0
[INFO] [1789251569.813800565] [nav_goal_sender]: cycle 5 feedback: 0.0
[INFO] [1789251569.824136320] [nav_goal_sender]: cycle 5 feedback: 0.0
[INFO] [1789251569.834010572] [nav_goal_sender]: cycle 5 feedback: 0.0
[INFO] [1789251569.844108626] [nav_goal_sender]: cycle 5 feedback: 0.0
[INFO] [1789251569.855245085] [nav_goal_sender]: cycle 5 feedback: 0.0
[INFO] [1789251569.864045531] [nav_goal_sender]: cycle 5 feedback: 0.0
[INFO] [1789251569.874390086] [nav_goal_sender]: cycle 5 feedback: 0.0
[INFO] [1789251569.884146838] [nav_goal_sender]: cycle 5 feedback: 0.0
[INFO] [1789251569.893793289] [nav_goal_sender]: cycle 5 feedback: 0.0
[INFO] [1789251569.903766741] [nav_goal_sender]: cycle 5 feedback: 0.0
[INFO] [1789251569.914189897] [nav_goal_sender]: cycle 5 feedback: 0.0
[INFO] [1789251569.923894448] [nav_goal_sender]: cycle 5 feedback: 0.0
[INFO] [1789251569.933784400] [nav_goal_sender]: cycle 5 feedback: 0.0
[INFO] [1789251569.943793053] [nav_goal_sender]: cycle 5 feedback: 0.0
[INFO] [1789251569.954150908] [nav_goal_sender]: cycle 5 feedback: 0.0
[INFO] [1789251569.963772759] [nav_goal_sender]: cycle 5 feedback: 0.0
[INFO] [1789251569.973802712] [nav_goal_sender]: cycle 5 feedback: 0.0
[INFO] [1789251569.983760765] [nav_goal_sender]: cycle 5 feedback: 0.0
[INFO] [1789251569.993724217] [nav_goal_sender]: cycle 5 feedback: 0.0
[INFO] [1789251570.003768871] [nav_goal_sender]: cycle 5 feedback: 0.0
[INFO] [1789251570.013988825] [nav_goal_sender]: cycle 5 feedback: 0.0
[INFO] [1789251570.023732476] [nav_goal_sender]: cycle 5 feedback: 0.0
[INFO] [1789251570.033795930] [nav_goal_sender]: cycle 5 feedback: 0.0
[INFO] [1789251570.043733382] [nav_goal_sender]: cycle 5 feedback: 0.0
[INFO] [1789251570.053903336] [nav_goal_sender]: cycle 5 feedback: 0.0
[INFO] [1789251570.063720188] [nav_goal_sender]: cycle 5 feedback: 0.0
[INFO] [1789251570.073831841] [nav_goal_sender]: cycle 5 feedback: 0.0
[INFO] [1789251570.083746594] [nav_goal_sender]: cycle 5 feedback: 0.0
[INFO] [1789251570.093723647] [nav_goal_sender]: cycle 5 feedback: 0.0
[INFO] [1789251570.103741900] [nav_goal_sender]: cycle 5 feedback: 0.0
[INFO] [1789251570.113775053] [nav_goal_sender]: cycle 5 feedback: 0.0
[INFO] [1789251570.123845706] [nav_goal_sender]: cycle 5 feedback: 0.0
[INFO] [1789251570.133809959] [nav_goal_sender]: cycle 5 feedback: 0.0
[INFO] [1789251570.143764211] [nav_goal_sender]: cycle 5 feedback: 0.0
[INFO] [1789251570.153870465] [nav_goal_sender]: cycle 5 feedback: 0.0
[INFO] [1789251570.163725117] [nav_goal_sender]: cycle 5 feedback: 0.0
[INFO] [1789251570.173862071] [nav_goal_sender]: cycle 5 feedback: 0.0
[INFO] [1789251570.183733723] [nav_goal_sender]: cycle 5 feedback: 0.0
[INFO] [1789251570.193723676] [nav_goal_sender]: cycle 5 feedback: 0.0
[INFO] [1789251570.203713229] [nav_goal_sender]: cycle 5 feedback: 0.0
[INFO] [1789251570.213870082] [nav_goal_sender]: cycle 5 feedback: 0.0
[INFO] [1789251570.223723335] [nav_goal_sender]: cycle 5 feedback: 0.0
[INFO] [1789251570.233750488] [nav_goal_sender]: cycle 5 feedback: 0.0
[INFO] [1789251570.243865341] [nav_goal_sender]: cycle 5 feedback: 0.0
[INFO] [1789251570.253805094] [nav_goal_sender]: cycle 5 feedback: 0.0
[INFO] [1789251570.263771447] [nav_goal_sender]: cycle 5 feedback: 0.0
[INFO] [1789251570.273811500] [nav_goal_sender]: cycle 5 feedback: 0.0
[INFO] [1789251570.283742152] [nav_goal_sender]: cycle 5 feedback: 0.0
[INFO] [1789251570.293833006] [nav_goal_sender]: cycle 5 feedback: 0.0
[INFO] [1789251570.303717258] [nav_goal_sender]: cycle 5 feedback: 0.0
[INFO] [1789251570.314438615] [nav_goal_sender]: cycle 5 feedback: 0.0
[INFO] [1789251570.323710264] [nav_goal_sender]: cycle 5 feedback: 0.0
[INFO] [1789251570.334402620] [nav_goal_sender]: cycle 5 feedback: 0.0
[INFO] [1789251570.343684769] [nav_goal_sender]: cycle 5 feedback: 0.0
[INFO] [1789251570.354724828] [nav_goal_sender]: cycle 5 feedback: 0.0
[INFO] [1789251570.364442279] [nav_goal_sender]: cycle 5 feedback: 0.0
[INFO] [1789251570.373874129] [nav_goal_sender]: cycle 5 feedback: 0.0
[INFO] [1789251570.384551586] [nav_goal_sender]: cycle 5 feedback: 0.0
[INFO] [1789251570.393777635] [nav_goal_sender]: cycle 5 feedback: 0.0
[INFO] [1789251570.403899888] [nav_goal_sender]: cycle 5 feedback: 0.0
[INFO] [1789251570.413989841] [nav_goal_sender]: cycle 5 feedback: 0.0
[INFO] [1789251570.423714893] [nav_goal_sender]: cycle 5 feedback: 0.0
[INFO] [1789251570.433880047] [nav_goal_sender]: cycle 5 feedback: 0.0
[INFO] [1789251570.443752099] [nav_goal_sender]: cycle 5 feedback: 0.0
[INFO] [1789251570.454089754] [nav_goal_sender]: cycle 5 feedback: 0.0
[INFO] [1789251570.463994406] [nav_goal_sender]: cycle 5 feedback: 0.0
[INFO] [1789251570.473786658] [nav_goal_sender]: cycle 5 feedback: 0.0
[INFO] [1789251570.483654510] [nav_goal_sender]: cycle 5 feedback: 0.0
[INFO] [1789251570.494582768] [nav_goal_sender]: cycle 5 feedback: 0.0
[INFO] [1789251570.504089818] [nav_goal_sender]: cycle 5 feedback: 0.0
[INFO] [1789251570.515212277] [nav_goal_sender]: cycle 5 feedback: 0.0
[INFO] [1789251570.524206925] [nav_goal_sender]: cycle 5 feedback: 0.0
[INFO] [1789251570.534687580] [nav_goal_sender]: cycle 5 feedback: 0.0
[INFO] [1789251570.543811528] [nav_goal_sender]: cycle 5 feedback: 0.0
[INFO] [1789251570.554367184] [nav_goal_sender]: cycle 5 feedback: 0.0
[INFO] [1789251570.564067936] [nav_goal_sender]: cycle 5 feedback: 0.0
[INFO] [1789251570.573866188] [nav_goal_sender]: cycle 5 feedback: 0.0
[INFO] [1789251570.583805140] [nav_goal_sender]: cycle 5 feedback: 0.0
[INFO] [1789251570.595208300] [nav_goal_sender]: cycle 5 feedback: 0.0
[INFO] [1789251570.603812346] [nav_goal_sender]: cycle 5 feedback: 0.0
[INFO] [1789251570.614194101] [nav_goal_sender]: cycle 5 feedback: 0.0
[INFO] [1789251570.623837452] [nav_goal_sender]: cycle 5 feedback: 0.0
[INFO] [1789251570.634129406] [nav_goal_sender]: cycle 5 feedback: 0.0
[INFO] [1789251570.643802458] [nav_goal_sender]: cycle 5 feedback: 0.0
[INFO] [1789251570.654505414] [nav_goal_sender]: cycle 5 feedback: 0.0
[INFO] [1789251570.664008865] [nav_goal_sender]: cycle 5 feedback: 0.0
[INFO] [1789251570.673933117] [nav_goal_sender]: cycle 5 feedback: 0.0
[INFO] [1789251570.684428973] [nav_goal_sender]: cycle 5 feedback: 0.0
[INFO] [1789251570.693810122] [nav_goal_sender]: cycle 5 feedback: 0.0
[INFO] [1789251570.703807975] [nav_goal_sender]: cycle 5 feedback: 0.0
[INFO] [1789251570.714030729] [nav_goal_sender]: cycle 5 feedback: 0.0
[INFO] [1789251570.724326284] [nav_goal_sender]: cycle 5 feedback: 0.0
[INFO] [1789251570.734360437] [nav_goal_sender]: cycle 5 feedback: 0.0
[INFO] [1789251570.744017688] [nav_goal_sender]: cycle 5 feedback: 0.0
[INFO] [1789251570.754126241] [nav_goal_sender]: cycle 5 feedback: 0.0
[INFO] [1789251570.764189095] [nav_goal_sender]: cycle 5 feedback: 0.0
[INFO] [1789251570.773901846] [nav_goal_sender]: cycle 5 feedback: 0.0
[INFO] [1789251570.783823999] [nav_goal_sender]: cycle 5 feedback: 0.0
[INFO] [1789251570.793896152] [nav_goal_sender]: cycle 5 feedback: 0.0
[INFO] [1789251570.803836805] [nav_goal_sender]: cycle 5 feedback: 0.0
[INFO] [1789251570.813927258] [nav_goal_sender]: cycle 5 feedback: 0.0
[INFO] [1789251570.823856310] [nav_goal_sender]: cycle 5 feedback: 0.0
[INFO] [1789251570.833942964] [nav_goal_sender]: cycle 5 feedback: 0.0
[INFO] [1789251570.843897317] [nav_goal_sender]: cycle 5 feedback: 0.0
[INFO] [1789251570.853906569] [nav_goal_sender]: cycle 5 feedback: 0.0
[INFO] [1789251570.863830122] [nav_goal_sender]: cycle 5 feedback: 0.0
[INFO] [1789251570.874011276] [nav_goal_sender]: cycle 5 feedback: 0.0
[INFO] [1789251570.883851128] [nav_goal_sender]: cycle 5 feedback: 0.0
[INFO] [1789251570.894110082] [nav_goal_sender]: cycle 5 feedback: 0.0
[INFO] [1789251570.903863434] [nav_goal_sender]: cycle 5 feedback: 0.0
[INFO] [1789251570.913828587] [nav_goal_sender]: cycle 5 feedback: 0.0
[INFO] [1789251570.923885040] [nav_goal_sender]: cycle 5 feedback: 0.0
[INFO] [1789251570.933865393] [nav_goal_sender]: cycle 5 feedback: 0.0
[INFO] [1789251570.943874746] [nav_goal_sender]: cycle 5 feedback: 0.0
[INFO] [1789251570.953945799] [nav_goal_sender]: cycle 5 feedback: 0.0
[INFO] [1789251570.963864851] [nav_goal_sender]: cycle 5 feedback: 0.0
[INFO] [1789251570.974045705] [nav_goal_sender]: cycle 5 feedback: 0.0
[INFO] [1789251570.983884357] [nav_goal_sender]: cycle 5 feedback: 0.0
[INFO] [1789251570.993872710] [nav_goal_sender]: cycle 5 feedback: 0.0
[INFO] [1789251571.003875563] [nav_goal_sender]: cycle 5 feedback: 0.0
[INFO] [1789251571.013818516] [nav_goal_sender]: cycle 5 feedback: 0.0
[INFO] [1789251571.023846069] [nav_goal_sender]: cycle 5 feedback: 0.0
[INFO] [1789251571.033819622] [nav_goal_sender]: cycle 5 feedback: 0.0
[INFO] [1789251571.043812274] [nav_goal_sender]: cycle 5 feedback: 0.0
[INFO] [1789251571.053916628] [nav_goal_sender]: cycle 5 feedback: 0.0
[INFO] [1789251571.063829380] [nav_goal_sender]: cycle 5 feedback: 0.0
[INFO] [1789251571.073887134] [nav_goal_sender]: cycle 5 feedback: 0.0
[INFO] [1789251571.083878686] [nav_goal_sender]: cycle 5 feedback: 0.0
[INFO] [1789251571.093826739] [nav_goal_sender]: cycle 5 feedback: 0.0
[INFO] [1789251571.104113794] [nav_goal_sender]: cycle 5 feedback: 0.0
[INFO] [1789251571.113833045] [nav_goal_sender]: cycle 5 feedback: 0.0
[INFO] [1789251571.123851798] [nav_goal_sender]: cycle 5 feedback: 0.0
[INFO] [1789251571.134176053] [nav_goal_sender]: cycle 5 feedback: 0.0
[INFO] [1789251571.143841604] [nav_goal_sender]: cycle 5 feedback: 0.0
[INFO] [1789251571.154117558] [nav_goal_sender]: cycle 5 feedback: 0.0
[INFO] [1789251571.163815509] [nav_goal_sender]: cycle 5 feedback: 0.0
[INFO] [1789251571.174281665] [nav_goal_sender]: cycle 5 feedback: 0.0
[INFO] [1789251571.183890116] [nav_goal_sender]: cycle 5 feedback: 0.0
[INFO] [1789251571.193856968] [nav_goal_sender]: cycle 5 feedback: 0.0
[INFO] [1789251571.203822821] [nav_goal_sender]: cycle 5 feedback: 0.0
[INFO] [1789251571.213851874] [nav_goal_sender]: cycle 5 feedback: 0.0
[INFO] [1789251571.223835727] [nav_goal_sender]: cycle 5 feedback: 0.0
[INFO] [1789251571.233850380] [nav_goal_sender]: cycle 5 feedback: 0.0
[INFO] [1789251571.243962834] [nav_goal_sender]: cycle 5 feedback: 0.0
[INFO] [1789251571.255699596] [nav_goal_sender]: cycle 5 feedback: 0.0
[INFO] [1789251571.266972355] [nav_goal_sender]: cycle 5 feedback: 0.0
[INFO] [1789251571.273802992] [nav_goal_sender]: cycle 5 feedback: 0.0
[INFO] [1789251571.283746444] [nav_goal_sender]: cycle 5 feedback: 0.0
[INFO] [1789251571.293733497] [nav_goal_sender]: cycle 5 feedback: 0.0
[INFO] [1789251571.303779450] [nav_goal_sender]: cycle 5 feedback: 0.0
[INFO] [1789251571.313725103] [nav_goal_sender]: cycle 5 feedback: 0.0
[INFO] [1789251571.323734956] [nav_goal_sender]: cycle 5 feedback: 0.0
[INFO] [1789251571.333848809] [nav_goal_sender]: cycle 5 feedback: 0.0
[INFO] [1789251571.343819362] [nav_goal_sender]: cycle 5 feedback: 0.0
[INFO] [1789251571.353784715] [nav_goal_sender]: cycle 5 feedback: 0.0
[INFO] [1789251571.363934468] [nav_goal_sender]: cycle 5 feedback: 0.0
[INFO] [1789251571.373818921] [nav_goal_sender]: cycle 5 feedback: 0.0
[INFO] [1789251571.383714473] [nav_goal_sender]: cycle 5 feedback: 0.0
[INFO] [1789251571.393718026] [nav_goal_sender]: cycle 5 feedback: 0.0
[INFO] [1789251571.403702179] [nav_goal_sender]: cycle 5 feedback: 0.0
[INFO] [1789251571.413736132] [nav_goal_sender]: cycle 5 feedback: 0.0
[INFO] [1789251571.423739085] [nav_goal_sender]: cycle 5 feedback: 0.0
[INFO] [1789251571.434193740] [nav_goal_sender]: cycle 5 feedback: 0.0
[INFO] [1789251571.443712291] [nav_goal_sender]: cycle 5 feedback: 0.0
[INFO] [1789251571.453790844] [nav_goal_sender]: cycle 5 feedback: 0.0
[INFO] [1789251571.463738797] [nav_goal_sender]: cycle 5 feedback: 0.0
[INFO] [1789251571.473781650] [nav_goal_sender]: cycle 5 feedback: 0.0
[INFO] [1789251571.483694702] [nav_goal_sender]: cycle 5 feedback: 0.0
[INFO] [1789251571.493709155] [nav_goal_sender]: cycle 5 feedback: 0.0
[INFO] [1789251571.503816209] [nav_goal_sender]: cycle 5 feedback: 0.0
[INFO] [1789251571.514310264] [nav_goal_sender]: cycle 5 feedback: 0.0
[INFO] [1789251571.524259117] [nav_goal_sender]: cycle 5 feedback: 0.0
[INFO] [1789251571.534357770] [nav_goal_sender]: cycle 5 feedback: 0.0
[INFO] [1789251571.543700620] [nav_goal_sender]: cycle 5 feedback: 0.0
[INFO] [1789251571.554021074] [nav_goal_sender]: cycle 5 feedback: 0.0
[INFO] [1789251571.563773126] [nav_goal_sender]: cycle 5 feedback: 0.0
[INFO] [1789251571.573837779] [nav_goal_sender]: cycle 5 feedback: 0.0
[INFO] [1789251571.583704231] [nav_goal_sender]: cycle 5 feedback: 0.0
[INFO] [1789251571.593706284] [nav_goal_sender]: cycle 5 feedback: 0.0
[INFO] [1789251571.603716537] [nav_goal_sender]: cycle 5 feedback: 0.0
[INFO] [1789251571.613768491] [nav_goal_sender]: cycle 5 feedback: 0.0
[INFO] [1789251571.624303046] [nav_goal_sender]: cycle 5 feedback: 0.0
[INFO] [1789251571.633850797] [nav_goal_sender]: cycle 5 feedback: 0.0
[INFO] [1789251571.643716349] [nav_goal_sender]: cycle 5 feedback: 0.0
[INFO] [1789251571.653825703] [nav_goal_sender]: cycle 5 feedback: 0.0
[INFO] [1789251571.663808055] [nav_goal_sender]: cycle 5 feedback: 0.0
[INFO] [1789251571.673818108] [nav_goal_sender]: cycle 5 feedback: 0.0
[INFO] [1789251571.683709661] [nav_goal_sender]: cycle 5 feedback: 0.0
[INFO] [1789251571.694080216] [nav_goal_sender]: cycle 5 feedback: 0.0
[INFO] [1789251571.703714067] [nav_goal_sender]: cycle 5 feedback: 0.0
[INFO] [1789251571.713736120] [nav_goal_sender]: cycle 5 feedback: 0.0
[INFO] [1789251571.723999474] [nav_goal_sender]: cycle 5 feedback: 0.0
[INFO] [1789251571.733719125] [nav_goal_sender]: cycle 5 feedback: 0.0
[INFO] [1789251571.743818679] [nav_goal_sender]: cycle 5 feedback: 0.0
[INFO] [1789251571.753932332] [nav_goal_sender]: cycle 5 feedback: 0.0
[INFO] [1789251571.763909585] [nav_goal_sender]: cycle 5 feedback: 0.0
[INFO] [1789251571.773843838] [nav_goal_sender]: cycle 5 feedback: 0.0
[INFO] [1789251571.784154592] [nav_goal_sender]: cycle 5 feedback: 0.0
[INFO] [1789251571.793716543] [nav_goal_sender]: cycle 5 feedback: 0.0
[INFO] [1789251571.803719896] [nav_goal_sender]: cycle 5 feedback: 0.0
[INFO] [1789251571.814105651] [nav_goal_sender]: cycle 5 feedback: 0.0
[INFO] [1789251571.823695501] [nav_goal_sender]: cycle 5 feedback: 0.0
[INFO] [1789251571.834046056] [nav_goal_sender]: cycle 5 feedback: 0.0
[INFO] [1789251571.844141910] [nav_goal_sender]: cycle 5 feedback: 0.0
[INFO] [1789251571.854428364] [nav_goal_sender]: cycle 5 feedback: 0.0
[INFO] [1789251571.863777514] [nav_goal_sender]: cycle 5 feedback: 0.0
[INFO] [1789251571.873783967] [nav_goal_sender]: cycle 5 feedback: 0.0
[INFO] [1789251571.884269722] [nav_goal_sender]: cycle 5 feedback: 0.0
[INFO] [1789251571.893760472] [nav_goal_sender]: cycle 5 feedback: 0.0
[INFO] [1789251571.903756525] [nav_goal_sender]: cycle 5 feedback: 0.0
[INFO] [1789251571.913712078] [nav_goal_sender]: cycle 5 feedback: 0.0
[INFO] [1789251571.923706831] [nav_goal_sender]: cycle 5 feedback: 0.0
[INFO] [1789251571.934322687] [nav_goal_sender]: cycle 5 feedback: 0.0
[INFO] [1789251571.943790537] [nav_goal_sender]: cycle 5 feedback: 0.0
[INFO] [1789251571.954629294] [nav_goal_sender]: cycle 5 feedback: 0.0
[INFO] [1789251571.964093344] [nav_goal_sender]: cycle 5 feedback: 0.0
[INFO] [1789251571.973733395] [nav_goal_sender]: cycle 5 feedback: 0.0
[INFO] [1789251571.983720948] [nav_goal_sender]: cycle 5 feedback: 0.0
[INFO] [1789251571.993758101] [nav_goal_sender]: cycle 5 feedback: 0.0
[INFO] [1789251572.004103756] [nav_goal_sender]: cycle 5 feedback: 0.0
[INFO] [1789251572.013997409] [nav_goal_sender]: cycle 5 feedback: 0.0
[INFO] [1789251572.024006162] [nav_goal_sender]: cycle 5 feedback: 0.0
[INFO] [1789251572.035540123] [nav_goal_sender]: cycle 5 feedback: 0.0
[INFO] [1789251572.044433770] [nav_goal_sender]: cycle 5 feedback: 0.0
[INFO] [1789251572.054297922] [nav_goal_sender]: cycle 5 feedback: 0.0
[INFO] [1789251572.064591876] [nav_goal_sender]: cycle 5 feedback: 0.0
[INFO] [1789251572.074353628] [nav_goal_sender]: cycle 5 feedback: 0.0
[INFO] [1789251572.084007379] [nav_goal_sender]: cycle 5 feedback: 0.0
[INFO] [1789251572.093726330] [nav_goal_sender]: cycle 5 feedback: 0.0
[INFO] [1789251572.104030685] [nav_goal_sender]: cycle 5 feedback: 0.0
[INFO] [1789251572.113868037] [nav_goal_sender]: cycle 5 feedback: 0.0
[INFO] [1789251572.123784190] [nav_goal_sender]: cycle 5 feedback: 0.0
[INFO] [1789251572.133995744] [nav_goal_sender]: cycle 5 feedback: 0.0
[INFO] [1789251572.143701495] [nav_goal_sender]: cycle 5 feedback: 0.0
[INFO] [1789251572.153740548] [nav_goal_sender]: cycle 5 feedback: 0.0
[INFO] [1789251572.163810301] [nav_goal_sender]: cycle 5 feedback: 0.0
[INFO] [1789251572.173987155] [nav_goal_sender]: cycle 5 feedback: 0.0
[INFO] [1789251572.183729107] [nav_goal_sender]: cycle 5 feedback: 0.0
[INFO] [1789251572.193803060] [nav_goal_sender]: cycle 5 feedback: 0.0
[INFO] [1789251572.204007814] [nav_goal_sender]: cycle 5 feedback: 0.0
[INFO] [1789251572.214010967] [nav_goal_sender]: cycle 5 feedback: 0.0
[INFO] [1789251572.223705718] [nav_goal_sender]: cycle 5 feedback: 0.0
[INFO] [1789251572.234096573] [nav_goal_sender]: cycle 5 feedback: 0.0
[INFO] [1789251572.243944425] [nav_goal_sender]: cycle 5 feedback: 0.0
[INFO] [1789251572.254288680] [nav_goal_sender]: cycle 5 feedback: 0.0
[INFO] [1789251572.263720130] [nav_goal_sender]: cycle 5 feedback: 0.0
[INFO] [1789251572.273791883] [nav_goal_sender]: cycle 5 feedback: 0.0
[INFO] [1789251572.284295739] [nav_goal_sender]: cycle 5 feedback: 0.0
[INFO] [1789251572.293743889] [nav_goal_sender]: cycle 5 feedback: 0.0
[INFO] [1789251572.303759542] [nav_goal_sender]: cycle 5 feedback: 0.0
[INFO] [1789251572.314356898] [nav_goal_sender]: cycle 5 feedback: 0.0
[INFO] [1789251572.324429351] [nav_goal_sender]: cycle 5 feedback: 0.0
[INFO] [1789251572.333708900] [nav_goal_sender]: cycle 5 feedback: 0.0
[INFO] [1789251572.343750454] [nav_goal_sender]: cycle 5 feedback: 0.0
[INFO] [1789251572.353810207] [nav_goal_sender]: cycle 5 feedback: 0.0
[INFO] [1789251572.363718159] [nav_goal_sender]: cycle 5 feedback: 0.0
[INFO] [1789251572.373761312] [nav_goal_sender]: cycle 5 feedback: 0.0
[INFO] [1789251572.383712465] [nav_goal_sender]: cycle 5 feedback: 0.0
[INFO] [1789251572.393705418] [nav_goal_sender]: cycle 5 feedback: 0.0
[INFO] [1789251572.403705471] [nav_goal_sender]: cycle 5 feedback: 0.0
[INFO] [1789251572.413812024] [nav_goal_sender]: cycle 5 feedback: 0.0
[INFO] [1789251572.423706377] [nav_goal_sender]: cycle 5 feedback: 0.0
[INFO] [1789251572.434424333] [nav_goal_sender]: cycle 5 feedback: 0.0
[INFO] [1789251572.443753983] [nav_goal_sender]: cycle 5 feedback: 0.0
[INFO] [1789251572.453913337] [nav_goal_sender]: cycle 5 feedback: 0.0
[INFO] [1789251572.463733488] [nav_goal_sender]: cycle 5 feedback: 0.0
[INFO] [1789251572.473754842] [nav_goal_sender]: cycle 5 feedback: 0.0
[INFO] [1789251572.483701994] [nav_goal_sender]: cycle 5 feedback: 0.0
[INFO] [1789251572.493727947] [nav_goal_sender]: cycle 5 feedback: 0.0
[INFO] [1789251572.503802801] [nav_goal_sender]: cycle 5 feedback: 0.0
[INFO] [1789251572.513721753] [nav_goal_sender]: cycle 5 feedback: 0.0
[INFO] [1789251572.524491710] [nav_goal_sender]: cycle 5 feedback: 0.0
[INFO] [1789251572.534422563] [nav_goal_sender]: cycle 5 feedback: 0.0
[INFO] [1789251572.544153714] [nav_goal_sender]: cycle 5 feedback: 0.0
[INFO] [1789251572.554117767] [nav_goal_sender]: cycle 5 feedback: 0.0
[INFO] [1789251572.564056919] [nav_goal_sender]: cycle 5 feedback: 0.0
[INFO] [1789251572.574405874] [nav_goal_sender]: cycle 5 feedback: 0.0
[INFO] [1789251572.584765429] [nav_goal_sender]: cycle 5 feedback: 0.0
[INFO] [1789251572.594988083] [nav_goal_sender]: cycle 5 feedback: 7.235653877258301
[INFO] [1789251572.603994231] [nav_goal_sender]: cycle 5 feedback: 7.235653877258301
[INFO] [1789251572.614261385] [nav_goal_sender]: cycle 5 feedback: 7.235653877258301
[INFO] [1789251572.623848336] [nav_goal_sender]: cycle 5 feedback: 7.235653877258301
[INFO] [1789251572.634686893] [nav_goal_sender]: cycle 5 feedback: 7.235653877258301
[INFO] [1789251572.643834442] [nav_goal_sender]: cycle 5 feedback: 7.235653877258301
[INFO] [1789251572.654490998] [nav_goal_sender]: cycle 5 feedback: 7.235653877258301
[INFO] [1789251572.664118349] [nav_goal_sender]: cycle 5 feedback: 7.235653877258301
[INFO] [1789251572.674473204] [nav_goal_sender]: cycle 5 feedback: 7.235653877258301
[INFO] [1789251572.684889859] [nav_goal_sender]: cycle 5 feedback: 7.235653877258301
[INFO] [1789251572.693871506] [nav_goal_sender]: cycle 5 feedback: 7.235653877258301
[INFO] [1789251572.703764659] [nav_goal_sender]: cycle 5 feedback: 7.235653877258301
[INFO] [1789251572.724484268] [nav_goal_sender]: cycle 5 goal FINISHED: status=6 (re-sending after 1s pause)
[INFO] [1789251573.728284580] [nav_goal_sender]: cycle 6: sending goal x=4.000 y=4.000 yaw=0.000
[INFO] [1789251573.729796088] [nav_goal_sender]: cycle 6 goal ACCEPTED: True
[INFO] [1789251573.731419397] [nav_goal_sender]: cycle 6 feedback: 0.0
[INFO] [1789251573.740183443] [nav_goal_sender]: cycle 6 feedback: 0.0
[INFO] [1789251573.751039301] [nav_goal_sender]: cycle 6 feedback: 9.372527122497559
[INFO] [1789251573.760264950] [nav_goal_sender]: cycle 6 feedback: 9.372527122497559
[INFO] [1789251573.770335103] [nav_goal_sender]: cycle 6 feedback: 9.372527122497559
[INFO] [1789251573.780121155] [nav_goal_sender]: cycle 6 feedback: 9.372527122497559
[INFO] [1789251573.790083007] [nav_goal_sender]: cycle 6 feedback: 9.345710754394531
[INFO] [1789251573.800071860] [nav_goal_sender]: cycle 6 feedback: 9.345710754394531
[INFO] [1789251573.810325614] [nav_goal_sender]: cycle 6 feedback: 9.345710754394531
[INFO] [1789251573.820090166] [nav_goal_sender]: cycle 6 feedback: 9.345710754394531
[INFO] [1789251573.830108019] [nav_goal_sender]: cycle 6 feedback: 9.270710945129395
[INFO] [1789251573.840063872] [nav_goal_sender]: cycle 6 feedback: 9.270710945129395
[INFO] [1789251573.850418027] [nav_goal_sender]: cycle 6 feedback: 9.145710945129395
[INFO] [1789251573.860248379] [nav_goal_sender]: cycle 6 feedback: 9.145710945129395
[INFO] [1789251573.870253032] [nav_goal_sender]: cycle 6 feedback: 8.970710754394531
[INFO] [1789251573.880130184] [nav_goal_sender]: cycle 6 feedback: 8.970710754394531
[INFO] [1789251573.890055036] [nav_goal_sender]: cycle 6 feedback: 8.795710563659668
[INFO] [1789251573.900137190] [nav_goal_sender]: cycle 6 feedback: 8.795710563659668
[INFO] [1789251573.910230243] [nav_goal_sender]: cycle 6 feedback: 8.595710754394531
[INFO] [1789251573.920081795] [nav_goal_sender]: cycle 6 feedback: 8.595710754394531
[INFO] [1789251573.930105848] [nav_goal_sender]: cycle 6 feedback: 8.470710754394531
[INFO] [1789251573.940103301] [nav_goal_sender]: cycle 6 feedback: 8.470710754394531
[INFO] [1789251573.950310455] [nav_goal_sender]: cycle 6 feedback: 8.395710945129395
[INFO] [1789251573.960346808] [nav_goal_sender]: cycle 6 feedback: 8.395710945129395
[INFO] [1789251573.970259561] [nav_goal_sender]: cycle 6 feedback: 8.470710754394531
[INFO] [1789251573.980109713] [nav_goal_sender]: cycle 6 feedback: 8.470710754394531
[INFO] [1789251573.990417067] [nav_goal_sender]: cycle 6 feedback: 8.720710754394531
[INFO] [1789251574.000170319] [nav_goal_sender]: cycle 6 feedback: 8.720710754394531
[INFO] [1789251574.010080771] [nav_goal_sender]: cycle 6 feedback: 9.372527122497559
[INFO] [1789251574.030325479] [nav_goal_sender]: cycle 6 goal FINISHED: status=6 (re-sending after 1s pause)
[INFO] [1789251575.034201791] [nav_goal_sender]: cycle 7: sending goal x=4.000 y=4.000 yaw=0.000
[INFO] [1789251575.036357002] [nav_goal_sender]: cycle 7 goal ACCEPTED: True
[INFO] [1789251575.037548109] [nav_goal_sender]: cycle 7 feedback: 0.0
[INFO] [1789251575.046142554] [nav_goal_sender]: cycle 7 feedback: 0.0
[INFO] [1789251575.057228013] [nav_goal_sender]: cycle 7 feedback: 8.15839672088623
[INFO] [1789251575.066650563] [nav_goal_sender]: cycle 7 feedback: 8.15839672088623
[INFO] [1789251575.076601615] [nav_goal_sender]: cycle 7 feedback: 8.15839672088623
[INFO] [1789251575.086892870] [nav_goal_sender]: cycle 7 feedback: 8.15839672088623
[INFO] [1789251575.096624221] [nav_goal_sender]: cycle 7 feedback: 8.15839672088623
[INFO] [1789251575.106572774] [nav_goal_sender]: cycle 7 feedback: 8.15839672088623
[INFO] [1789251575.116308925] [nav_goal_sender]: cycle 7 feedback: 8.15839672088623
[INFO] [1789251575.126758081] [nav_goal_sender]: cycle 7 feedback: 8.15839672088623
[INFO] [1789251575.136222431] [nav_goal_sender]: cycle 7 feedback: 8.15839672088623
[INFO] [1789251575.146215084] [nav_goal_sender]: cycle 7 feedback: 8.15839672088623
[INFO] [1789251575.156155536] [nav_goal_sender]: cycle 7 feedback: 8.15839672088623
[INFO] [1789251575.167110594] [nav_goal_sender]: cycle 7 feedback: 8.15839672088623
[INFO] [1789251575.176480944] [nav_goal_sender]: cycle 7 feedback: 8.15839672088623
[INFO] [1789251575.186257396] [nav_goal_sender]: cycle 7 feedback: 8.095710754394531
[INFO] [1789251575.196156348] [nav_goal_sender]: cycle 7 feedback: 8.095710754394531
[INFO] [1789251575.206616703] [nav_goal_sender]: cycle 7 feedback: 8.095710754394531
[INFO] [1789251575.216355855] [nav_goal_sender]: cycle 7 feedback: 8.095710754394531
[INFO] [1789251575.226243107] [nav_goal_sender]: cycle 7 feedback: 8.095710754394531
[INFO] [1789251575.236201360] [nav_goal_sender]: cycle 7 feedback: 8.095710754394531
[INFO] [1789251575.246502614] [nav_goal_sender]: cycle 7 feedback: 8.15839672088623
[INFO] [1789251575.256259366] [nav_goal_sender]: cycle 7 feedback: 8.15839672088623
[INFO] [1789251575.266556120] [nav_goal_sender]: cycle 7 feedback: 8.15839672088623
[INFO] [1789251575.276629274] [nav_goal_sender]: cycle 7 feedback: 8.15839672088623
[INFO] [1789251575.286785428] [nav_goal_sender]: cycle 7 feedback: 8.15839672088623
[INFO] [1789251575.296525179] [nav_goal_sender]: cycle 7 feedback: 8.15839672088623
[INFO] [1789251575.306513432] [nav_goal_sender]: cycle 7 feedback: 8.15839672088623
[INFO] [1789251575.316234083] [nav_goal_sender]: cycle 7 feedback: 8.15839672088623
[INFO] [1789251575.326615038] [nav_goal_sender]: cycle 7 feedback: 8.15839672088623
[INFO] [1789251575.336720192] [nav_goal_sender]: cycle 7 feedback: 8.15839672088623
[INFO] [1789251575.346958746] [nav_goal_sender]: cycle 7 feedback: 8.15839672088623
[INFO] [1789251575.356240695] [nav_goal_sender]: cycle 7 feedback: 8.15839672088623
[INFO] [1789251575.367657455] [nav_goal_sender]: cycle 7 feedback: 8.15839672088623
[INFO] [1789251575.377012905] [nav_goal_sender]: cycle 7 feedback: 8.15839672088623
[INFO] [1789251575.386346054] [nav_goal_sender]: cycle 7 feedback: 8.15839672088623
[INFO] [1789251575.396544608] [nav_goal_sender]: cycle 7 feedback: 8.15839672088623
[INFO] [1789251575.406822563] [nav_goal_sender]: cycle 7 feedback: 8.15839672088623
[INFO] [1789251575.417108817] [nav_goal_sender]: cycle 7 feedback: 8.15839672088623
[INFO] [1789251575.426342666] [nav_goal_sender]: cycle 7 feedback: 8.15839672088623
[INFO] [1789251575.436293819] [nav_goal_sender]: cycle 7 feedback: 8.15839672088623
[INFO] [1789251575.446321372] [nav_goal_sender]: cycle 7 feedback: 8.15839672088623
[INFO] [1789251575.456402725] [nav_goal_sender]: cycle 7 feedback: 8.15839672088623
[INFO] [1789251575.466920381] [nav_goal_sender]: cycle 7 feedback: 8.15839672088623
[INFO] [1789251575.476436031] [nav_goal_sender]: cycle 7 feedback: 8.15839672088623
[INFO] [1789251575.486316783] [nav_goal_sender]: cycle 7 feedback: 8.15839672088623
[INFO] [1789251575.496746739] [nav_goal_sender]: cycle 7 feedback: 8.15839672088623
[INFO] [1789251575.506400090] [nav_goal_sender]: cycle 7 feedback: 8.15839672088623
[INFO] [1789251575.517226047] [nav_goal_sender]: cycle 7 feedback: 8.15839672088623
[INFO] [1789251575.526586296] [nav_goal_sender]: cycle 7 feedback: 8.15839672088623
[INFO] [1789251575.536664250] [nav_goal_sender]: cycle 7 feedback: 8.15839672088623
[INFO] [1789251575.547412307] [nav_goal_sender]: cycle 7 feedback: 8.15839672088623
[INFO] [1789251575.556966657] [nav_goal_sender]: cycle 7 feedback: 8.15839672088623
[INFO] [1789251575.568043816] [nav_goal_sender]: cycle 7 feedback: 8.15839672088623
[INFO] [1789251575.577104364] [nav_goal_sender]: cycle 7 feedback: 8.15839672088623
[INFO] [1789251575.586778915] [nav_goal_sender]: cycle 7 feedback: 8.15839672088623
[INFO] [1789251575.596841168] [nav_goal_sender]: cycle 7 feedback: 8.15839672088623
[INFO] [1789251575.606657020] [nav_goal_sender]: cycle 7 feedback: 8.15839672088623
[INFO] [1789251575.616940675] [nav_goal_sender]: cycle 7 feedback: 8.15839672088623
[INFO] [1789251575.626596226] [nav_goal_sender]: cycle 7 feedback: 8.045710563659668
[INFO] [1789251575.636972881] [nav_goal_sender]: cycle 7 feedback: 8.045710563659668
[INFO] [1789251575.646727332] [nav_goal_sender]: cycle 7 feedback: 7.920710563659668
[INFO] [1789251575.656777385] [nav_goal_sender]: cycle 7 feedback: 7.920710563659668
[INFO] [1789251575.666404036] [nav_goal_sender]: cycle 7 feedback: 7.8207106590271
[INFO] [1789251575.676640191] [nav_goal_sender]: cycle 7 feedback: 7.8207106590271
[INFO] [1789251575.686602243] [nav_goal_sender]: cycle 7 feedback: 7.720710277557373
[INFO] [1789251575.697411400] [nav_goal_sender]: cycle 7 feedback: 7.720710277557373
[INFO] [1789251575.708405259] [nav_goal_sender]: cycle 7 feedback: 7.620710849761963
[INFO] [1789251575.717061004] [nav_goal_sender]: cycle 7 feedback: 7.620710849761963
[INFO] [1789251575.726619255] [nav_goal_sender]: cycle 7 feedback: 7.520710468292236
[INFO] [1789251575.736816309] [nav_goal_sender]: cycle 7 feedback: 7.520710468292236
[INFO] [1789251575.747853267] [nav_goal_sender]: cycle 7 feedback: 7.4457106590271
[INFO] [1789251575.756838215] [nav_goal_sender]: cycle 7 feedback: 7.4457106590271
[INFO] [1789251575.766765167] [nav_goal_sender]: cycle 7 feedback: 7.370710372924805
[INFO] [1789251575.776830221] [nav_goal_sender]: cycle 7 feedback: 7.370710372924805
[INFO] [1789251575.787026175] [nav_goal_sender]: cycle 7 feedback: 7.295710563659668
[INFO] [1789251575.796373424] [nav_goal_sender]: cycle 7 feedback: 7.295710563659668
[INFO] [1789251575.806594978] [nav_goal_sender]: cycle 7 feedback: 7.220710754394531
[INFO] [1789251575.817195034] [nav_goal_sender]: cycle 7 feedback: 7.220710754394531
[INFO] [1789251575.826472383] [nav_goal_sender]: cycle 7 feedback: 7.1957106590271
[INFO] [1789251575.836776738] [nav_goal_sender]: cycle 7 feedback: 7.1957106590271
[INFO] [1789251575.846609790] [nav_goal_sender]: cycle 7 feedback: 7.1957106590271
[INFO] [1789251575.856603943] [nav_goal_sender]: cycle 7 feedback: 7.1957106590271
[INFO] [1789251575.867120699] [nav_goal_sender]: cycle 7 feedback: 7.1957106590271
[INFO] [1789251575.876766850] [nav_goal_sender]: cycle 7 feedback: 7.1957106590271
[INFO] [1789251575.886288000] [nav_goal_sender]: cycle 7 feedback: 7.220710754394531
[INFO] [1789251575.896489954] [nav_goal_sender]: cycle 7 feedback: 7.220710754394531
[INFO] [1789251575.906866709] [nav_goal_sender]: cycle 7 feedback: 7.220710754394531
[INFO] [1789251575.916846562] [nav_goal_sender]: cycle 7 feedback: 7.220710754394531
[INFO] [1789251575.926674214] [nav_goal_sender]: cycle 7 feedback: 7.220710754394531
[INFO] [1789251575.936440065] [nav_goal_sender]: cycle 7 feedback: 7.220710754394531
[INFO] [1789251575.946581219] [nav_goal_sender]: cycle 7 feedback: 7.220710754394531
[INFO] [1789251575.956574072] [nav_goal_sender]: cycle 7 feedback: 7.220710754394531
[INFO] [1789251575.966556325] [nav_goal_sender]: cycle 7 feedback: 7.220710754394531
[INFO] [1789251575.976781579] [nav_goal_sender]: cycle 7 feedback: 7.220710754394531
[INFO] [1789251575.986243729] [nav_goal_sender]: cycle 7 feedback: 7.220710754394531
[INFO] [1789251575.996407883] [nav_goal_sender]: cycle 7 feedback: 7.220710754394531
[INFO] [1789251576.006554336] [nav_goal_sender]: cycle 7 feedback: 7.220710754394531
[INFO] [1789251576.016710890] [nav_goal_sender]: cycle 7 feedback: 7.220710754394531
[INFO] [1789251576.026346741] [nav_goal_sender]: cycle 7 feedback: 7.220710754394531
[INFO] [1789251576.036524295] [nav_goal_sender]: cycle 7 feedback: 7.220710754394531
[INFO] [1789251576.046184446] [nav_goal_sender]: cycle 7 feedback: 7.220710754394531
[INFO] [1789251576.056640301] [nav_goal_sender]: cycle 7 feedback: 7.220710754394531
[INFO] [1789251576.067971761] [nav_goal_sender]: cycle 7 feedback: 7.220710754394531
[INFO] [1789251576.076581807] [nav_goal_sender]: cycle 7 feedback: 7.220710754394531
[INFO] [1789251576.087375164] [nav_goal_sender]: cycle 7 feedback: 7.1837592124938965
[INFO] [1789251576.097120516] [nav_goal_sender]: cycle 7 feedback: 7.1837592124938965
[INFO] [1789251576.106568866] [nav_goal_sender]: cycle 7 feedback: 7.1837592124938965
[INFO] [1789251576.116783420] [nav_goal_sender]: cycle 7 feedback: 7.1837592124938965
[INFO] [1789251576.127187175] [nav_goal_sender]: cycle 7 feedback: 7.1837592124938965
[INFO] [1789251576.137030927] [nav_goal_sender]: cycle 7 feedback: 7.1837592124938965
[INFO] [1789251576.147169080] [nav_goal_sender]: cycle 7 feedback: 7.1837592124938965
[INFO] [1789251576.156490630] [nav_goal_sender]: cycle 7 feedback: 7.1837592124938965
[INFO] [1789251576.167373787] [nav_goal_sender]: cycle 7 feedback: 7.1837592124938965
[INFO] [1789251576.177020638] [nav_goal_sender]: cycle 7 feedback: 7.1837592124938965
[INFO] [1789251576.186813890] [nav_goal_sender]: cycle 7 feedback: 7.1837592124938965
[INFO] [1789251576.196647142] [nav_goal_sender]: cycle 7 feedback: 7.1837592124938965
[INFO] [1789251576.207335399] [nav_goal_sender]: cycle 7 feedback: 7.1837592124938965
[INFO] [1789251576.216887449] [nav_goal_sender]: cycle 7 feedback: 7.1837592124938965
[INFO] [1789251576.226896802] [nav_goal_sender]: cycle 7 feedback: 7.1837592124938965
[INFO] [1789251576.236813355] [nav_goal_sender]: cycle 7 feedback: 7.1837592124938965
[INFO] [1789251576.246291305] [nav_goal_sender]: cycle 7 feedback: 7.1837592124938965
[INFO] [1789251576.256305358] [nav_goal_sender]: cycle 7 feedback: 7.1837592124938965
[INFO] [1789251576.266997815] [nav_goal_sender]: cycle 7 feedback: 7.1837592124938965
[INFO] [1789251576.277525970] [nav_goal_sender]: cycle 7 feedback: 7.1837592124938965
[INFO] [1789251576.286785219] [nav_goal_sender]: cycle 7 feedback: 7.1837592124938965
[INFO] [1789251576.297341575] [nav_goal_sender]: cycle 7 feedback: 7.1837592124938965
[INFO] [1789251576.306356723] [nav_goal_sender]: cycle 7 feedback: 7.1837592124938965
[INFO] [1789251576.316517677] [nav_goal_sender]: cycle 7 feedback: 7.1837592124938965
[INFO] [1789251576.326424129] [nav_goal_sender]: cycle 7 feedback: 7.1837592124938965
[INFO] [1789251576.336295781] [nav_goal_sender]: cycle 7 feedback: 7.1837592124938965
[INFO] [1789251576.346244734] [nav_goal_sender]: cycle 7 feedback: 7.1837592124938965
[INFO] [1789251576.356182086] [nav_goal_sender]: cycle 7 feedback: 7.1837592124938965
[INFO] [1789251576.366364440] [nav_goal_sender]: cycle 7 feedback: 7.1837592124938965
[INFO] [1789251576.376210892] [nav_goal_sender]: cycle 7 feedback: 7.1837592124938965
[INFO] [1789251576.386160245] [nav_goal_sender]: cycle 7 feedback: 7.145710468292236
[INFO] [1789251576.396241198] [nav_goal_sender]: cycle 7 feedback: 7.145710468292236
[INFO] [1789251576.406157351] [nav_goal_sender]: cycle 7 feedback: 7.145710468292236
[INFO] [1789251576.416328105] [nav_goal_sender]: cycle 7 feedback: 7.145710468292236
[INFO] [1789251576.426310558] [nav_goal_sender]: cycle 7 feedback: 7.145710468292236
[INFO] [1789251576.436223110] [nav_goal_sender]: cycle 7 feedback: 7.145710468292236
[INFO] [1789251576.446117162] [nav_goal_sender]: cycle 7 feedback: 7.145710468292236
[INFO] [1789251576.456174116] [nav_goal_sender]: cycle 7 feedback: 7.145710468292236
[INFO] [1789251576.466432870] [nav_goal_sender]: cycle 7 feedback: 7.1837592124938965
[INFO] [1789251576.476469523] [nav_goal_sender]: cycle 7 feedback: 7.1837592124938965
[INFO] [1789251576.486159674] [nav_goal_sender]: cycle 7 feedback: 7.1837592124938965
[INFO] [1789251576.496287028] [nav_goal_sender]: cycle 7 feedback: 7.1837592124938965
[INFO] [1789251576.506215480] [nav_goal_sender]: cycle 7 feedback: 7.1837592124938965
[INFO] [1789251576.516430934] [nav_goal_sender]: cycle 7 feedback: 7.1837592124938965
[INFO] [1789251576.526459088] [nav_goal_sender]: cycle 7 feedback: 7.1837592124938965
[INFO] [1789251576.536432940] [nav_goal_sender]: cycle 7 feedback: 7.1837592124938965
[INFO] [1789251576.546185192] [nav_goal_sender]: cycle 7 feedback: 7.1837592124938965
[INFO] [1789251576.556227145] [nav_goal_sender]: cycle 7 feedback: 7.1837592124938965
[INFO] [1789251576.566584100] [nav_goal_sender]: cycle 7 feedback: 7.1837592124938965
[INFO] [1789251576.576252351] [nav_goal_sender]: cycle 7 feedback: 7.1837592124938965
[INFO] [1789251576.586170604] [nav_goal_sender]: cycle 7 feedback: 7.1837592124938965
[INFO] [1789251576.596247757] [nav_goal_sender]: cycle 7 feedback: 7.1837592124938965
[INFO] [1789251576.606189809] [nav_goal_sender]: cycle 7 feedback: 7.1837592124938965
[INFO] [1789251576.616390763] [nav_goal_sender]: cycle 7 feedback: 7.1837592124938965
[INFO] [1789251576.626372416] [nav_goal_sender]: cycle 7 feedback: 7.1837592124938965
[INFO] [1789251576.636324969] [nav_goal_sender]: cycle 7 feedback: 7.1837592124938965
[INFO] [1789251576.646316622] [nav_goal_sender]: cycle 7 feedback: 7.1837592124938965
[INFO] [1789251576.656252774] [nav_goal_sender]: cycle 7 feedback: 7.1837592124938965
[INFO] [1789251576.666482229] [nav_goal_sender]: cycle 7 feedback: 7.1837592124938965
[INFO] [1789251576.676233280] [nav_goal_sender]: cycle 7 feedback: 7.1837592124938965
[INFO] [1789251576.686232933] [nav_goal_sender]: cycle 7 feedback: 7.1837592124938965
[INFO] [1789251576.696167086] [nav_goal_sender]: cycle 7 feedback: 7.1837592124938965
[INFO] [1789251576.706256539] [nav_goal_sender]: cycle 7 feedback: 7.1837592124938965
[INFO] [1789251576.716547093] [nav_goal_sender]: cycle 7 feedback: 7.1837592124938965
[INFO] [1789251576.726331045] [nav_goal_sender]: cycle 7 feedback: 7.1837592124938965
[INFO] [1789251576.736229098] [nav_goal_sender]: cycle 7 feedback: 7.1837592124938965
[INFO] [1789251576.746465752] [nav_goal_sender]: cycle 7 feedback: 7.1837592124938965
[INFO] [1789251576.756315404] [nav_goal_sender]: cycle 7 feedback: 7.1837592124938965
[INFO] [1789251576.766748959] [nav_goal_sender]: cycle 7 feedback: 7.1837592124938965
[INFO] [1789251576.776472311] [nav_goal_sender]: cycle 7 feedback: 7.1837592124938965
[INFO] [1789251576.786282362] [nav_goal_sender]: cycle 7 feedback: 7.1837592124938965
[INFO] [1789251576.796324016] [nav_goal_sender]: cycle 7 feedback: 7.1837592124938965
[INFO] [1789251576.806431269] [nav_goal_sender]: cycle 7 feedback: 7.1837592124938965
[INFO] [1789251576.816484622] [nav_goal_sender]: cycle 7 feedback: 7.1837592124938965
[INFO] [1789251576.826698776] [nav_goal_sender]: cycle 7 feedback: 7.1837592124938965
[INFO] [1789251576.836515628] [nav_goal_sender]: cycle 7 feedback: 7.1837592124938965
[INFO] [1789251576.846504781] [nav_goal_sender]: cycle 7 feedback: 7.1837592124938965
[INFO] [1789251576.856493434] [nav_goal_sender]: cycle 7 feedback: 7.1837592124938965
[INFO] [1789251576.867313791] [nav_goal_sender]: cycle 7 feedback: 7.1837592124938965
[INFO] [1789251576.876295639] [nav_goal_sender]: cycle 7 feedback: 7.1837592124938965
[INFO] [1789251576.886384492] [nav_goal_sender]: cycle 7 feedback: 7.1837592124938965
[INFO] [1789251576.896503546] [nav_goal_sender]: cycle 7 feedback: 7.1837592124938965
[INFO] [1789251576.906360698] [nav_goal_sender]: cycle 7 feedback: 7.1837592124938965
[INFO] [1789251576.916411951] [nav_goal_sender]: cycle 7 feedback: 7.1837592124938965
[INFO] [1789251576.926219603] [nav_goal_sender]: cycle 7 feedback: 7.1837592124938965
[INFO] [1789251576.936440657] [nav_goal_sender]: cycle 7 feedback: 7.1837592124938965
[INFO] [1789251576.946182909] [nav_goal_sender]: cycle 7 feedback: 7.1837592124938965
[INFO] [1789251576.956253562] [nav_goal_sender]: cycle 7 feedback: 7.1837592124938965
[INFO] [1789251576.966403816] [nav_goal_sender]: cycle 7 feedback: 7.1837592124938965
[INFO] [1789251576.976301368] [nav_goal_sender]: cycle 7 feedback: 7.1837592124938965
[INFO] [1789251576.986281221] [nav_goal_sender]: cycle 7 feedback: 7.1837592124938965
[INFO] [1789251576.996161573] [nav_goal_sender]: cycle 7 feedback: 7.1837592124938965
[INFO] [1789251577.006459828] [nav_goal_sender]: cycle 7 feedback: 7.1837592124938965
[INFO] [1789251577.017764787] [nav_goal_sender]: cycle 7 feedback: 7.1837592124938965
[INFO] [1789251577.027194037] [nav_goal_sender]: cycle 7 feedback: 7.1837592124938965
[INFO] [1789251577.036414286] [nav_goal_sender]: cycle 7 feedback: 7.1837592124938965
[INFO] [1789251577.046722541] [nav_goal_sender]: cycle 7 feedback: 7.1837592124938965
[INFO] [1789251577.061444019] [nav_goal_sender]: cycle 7 feedback: 7.1837592124938965
[INFO] [1789251577.067128349] [nav_goal_sender]: cycle 7 feedback: 7.1837592124938965
[INFO] [1789251577.076724499] [nav_goal_sender]: cycle 7 feedback: 7.1837592124938965
[INFO] [1789251577.086429451] [nav_goal_sender]: cycle 7 feedback: 7.1837592124938965
[INFO] [1789251577.097643810] [nav_goal_sender]: cycle 7 feedback: 7.1837592124938965
[INFO] [1789251577.106252856] [nav_goal_sender]: cycle 7 feedback: 7.1837592124938965
[INFO] [1789251577.116947112] [nav_goal_sender]: cycle 7 feedback: 7.331847667694092
[INFO] [1789251577.126258862] [nav_goal_sender]: cycle 7 feedback: 7.331847667694092
[INFO] [1789251577.136277015] [nav_goal_sender]: cycle 7 feedback: 7.331847667694092
[INFO] [1789251577.146200067] [nav_goal_sender]: cycle 7 feedback: 7.331847667694092
[INFO] [1789251577.156400921] [nav_goal_sender]: cycle 7 feedback: 7.331847667694092
[INFO] [1789251577.167726581] [nav_goal_sender]: cycle 7 feedback: 7.331847667694092
[INFO] [1789251577.176127325] [nav_goal_sender]: cycle 7 feedback: 7.331847667694092
[INFO] [1789251577.186404280] [nav_goal_sender]: cycle 7 feedback: 7.331847667694092
[INFO] [1789251577.196255432] [nav_goal_sender]: cycle 7 feedback: 7.331847667694092
[INFO] [1789251577.206196685] [nav_goal_sender]: cycle 7 feedback: 7.331847667694092
[INFO] [1789251577.216343338] [nav_goal_sender]: cycle 7 feedback: 7.331847667694092
[INFO] [1789251577.226210290] [nav_goal_sender]: cycle 7 feedback: 7.331847667694092
[INFO] [1789251577.236575045] [nav_goal_sender]: cycle 7 feedback: 7.331847667694092
[INFO] [1789251577.246174396] [nav_goal_sender]: cycle 7 feedback: 7.331847667694092
[INFO] [1789251577.256338650] [nav_goal_sender]: cycle 7 feedback: 7.331847667694092
[INFO] [1789251577.266519804] [nav_goal_sender]: cycle 7 feedback: 7.331847667694092
[INFO] [1789251577.276922459] [nav_goal_sender]: cycle 7 feedback: 7.331847667694092
[INFO] [1789251577.286548610] [nav_goal_sender]: cycle 7 feedback: 7.331847667694092
[INFO] [1789251577.296206461] [nav_goal_sender]: cycle 7 feedback: 7.331847667694092
[INFO] [1789251577.306189114] [nav_goal_sender]: cycle 7 feedback: 7.331847667694092
[INFO] [1789251577.316398568] [nav_goal_sender]: cycle 7 feedback: 7.331847667694092
[INFO] [1789251577.326395021] [nav_goal_sender]: cycle 7 feedback: 7.331847667694092
[INFO] [1789251577.336182272] [nav_goal_sender]: cycle 7 feedback: 7.331847667694092
[INFO] [1789251577.346934729] [nav_goal_sender]: cycle 7 feedback: 7.331847667694092
[INFO] [1789251577.356136778] [nav_goal_sender]: cycle 7 feedback: 7.331847667694092
[INFO] [1789251577.366486333] [nav_goal_sender]: cycle 7 feedback: 7.331847667694092
[INFO] [1789251577.376189684] [nav_goal_sender]: cycle 7 feedback: 7.331847667694092
[INFO] [1789251577.386160337] [nav_goal_sender]: cycle 7 feedback: 7.331847667694092
[INFO] [1789251577.396250290] [nav_goal_sender]: cycle 7 feedback: 7.331847667694092
[INFO] [1789251577.406140043] [nav_goal_sender]: cycle 7 feedback: 7.331847667694092
[INFO] [1789251577.416360297] [nav_goal_sender]: cycle 7 feedback: 7.331847667694092
[INFO] [1789251577.426256549] [nav_goal_sender]: cycle 7 feedback: 7.331847667694092
[INFO] [1789251577.436189802] [nav_goal_sender]: cycle 7 feedback: 7.331847667694092
[INFO] [1789251577.446121254] [nav_goal_sender]: cycle 7 feedback: 7.331847667694092
[INFO] [1789251577.456134607] [nav_goal_sender]: cycle 7 feedback: 7.331847667694092
[INFO] [1789251577.466411262] [nav_goal_sender]: cycle 7 feedback: 7.245710372924805
[INFO] [1789251577.476162813] [nav_goal_sender]: cycle 7 feedback: 7.245710372924805
[INFO] [1789251577.486324867] [nav_goal_sender]: cycle 7 feedback: 7.220710277557373
[INFO] [1789251577.496151219] [nav_goal_sender]: cycle 7 feedback: 7.220710277557373
[INFO] [1789251577.506192072] [nav_goal_sender]: cycle 7 feedback: 7.220710277557373
[INFO] [1789251577.516355926] [nav_goal_sender]: cycle 7 feedback: 7.220710277557373
[INFO] [1789251577.526283878] [nav_goal_sender]: cycle 7 feedback: 7.1957106590271
[INFO] [1789251577.536157231] [nav_goal_sender]: cycle 7 feedback: 7.1957106590271
[INFO] [1789251577.546132483] [nav_goal_sender]: cycle 7 feedback: 7.1957106590271
[INFO] [1789251577.556132636] [nav_goal_sender]: cycle 7 feedback: 7.1957106590271
[INFO] [1789251577.566531491] [nav_goal_sender]: cycle 7 feedback: 7.1957106590271
[INFO] [1789251577.576191442] [nav_goal_sender]: cycle 7 feedback: 7.1957106590271
[INFO] [1789251577.586262996] [nav_goal_sender]: cycle 7 feedback: 7.220710277557373
[INFO] [1789251577.596177348] [nav_goal_sender]: cycle 7 feedback: 7.220710277557373
[INFO] [1789251577.606173801] [nav_goal_sender]: cycle 7 feedback: 7.245710372924805
[INFO] [1789251577.616417455] [nav_goal_sender]: cycle 7 feedback: 7.245710372924805
[INFO] [1789251577.626224707] [nav_goal_sender]: cycle 7 feedback: 7.331847667694092
[INFO] [1789251577.636342061] [nav_goal_sender]: cycle 7 feedback: 7.331847667694092
[INFO] [1789251577.646166113] [nav_goal_sender]: cycle 7 feedback: 7.331847667694092
[INFO] [1789251577.656164266] [nav_goal_sender]: cycle 7 feedback: 7.331847667694092
[INFO] [1789251577.666402320] [nav_goal_sender]: cycle 7 feedback: 7.331847667694092
[INFO] [1789251577.676164571] [nav_goal_sender]: cycle 7 feedback: 7.331847667694092
[INFO] [1789251577.686289125] [nav_goal_sender]: cycle 7 feedback: 7.331847667694092
[INFO] [1789251577.696229978] [nav_goal_sender]: cycle 7 feedback: 7.331847667694092
[INFO] [1789251577.706165330] [nav_goal_sender]: cycle 7 feedback: 7.331847667694092
[INFO] [1789251577.716419784] [nav_goal_sender]: cycle 7 feedback: 7.331847667694092
[INFO] [1789251577.726320037] [nav_goal_sender]: cycle 7 feedback: 7.331847667694092
[INFO] [1789251577.736154389] [nav_goal_sender]: cycle 7 feedback: 7.331847667694092
[INFO] [1789251577.746184142] [nav_goal_sender]: cycle 7 feedback: 7.331847667694092
[INFO] [1789251577.756150895] [nav_goal_sender]: cycle 7 feedback: 7.331847667694092
[INFO] [1789251577.766410449] [nav_goal_sender]: cycle 7 feedback: 7.331847667694092
[INFO] [1789251577.776151501] [nav_goal_sender]: cycle 7 feedback: 7.331847667694092
[INFO] [1789251577.786184254] [nav_goal_sender]: cycle 7 feedback: 7.331847667694092
[INFO] [1789251577.796153106] [nav_goal_sender]: cycle 7 feedback: 7.331847667694092
[INFO] [1789251577.806219560] [nav_goal_sender]: cycle 7 feedback: 7.331847667694092
[INFO] [1789251577.816300513] [nav_goal_sender]: cycle 7 feedback: 7.331847667694092
[INFO] [1789251577.826155865] [nav_goal_sender]: cycle 7 feedback: 7.331847667694092
[INFO] [1789251577.836238119] [nav_goal_sender]: cycle 7 feedback: 7.331847667694092
[INFO] [1789251577.846155471] [nav_goal_sender]: cycle 7 feedback: 7.331847667694092
[INFO] [1789251577.856148624] [nav_goal_sender]: cycle 7 feedback: 7.331847667694092
[INFO] [1789251577.866400978] [nav_goal_sender]: cycle 7 feedback: 7.331847667694092
[INFO] [1789251577.876198730] [nav_goal_sender]: cycle 7 feedback: 7.331847667694092
[INFO] [1789251577.886210483] [nav_goal_sender]: cycle 7 feedback: 7.331847667694092
[INFO] [1789251577.896156336] [nav_goal_sender]: cycle 7 feedback: 7.331847667694092
[INFO] [1789251577.906183389] [nav_goal_sender]: cycle 7 feedback: 7.331847667694092
[INFO] [1789251577.916393643] [nav_goal_sender]: cycle 7 feedback: 7.331847667694092
[INFO] [1789251577.926397496] [nav_goal_sender]: cycle 7 feedback: 7.331847667694092
[INFO] [1789251577.936256948] [nav_goal_sender]: cycle 7 feedback: 7.331847667694092
[INFO] [1789251577.946165400] [nav_goal_sender]: cycle 7 feedback: 7.331847667694092
[INFO] [1789251577.956142053] [nav_goal_sender]: cycle 7 feedback: 7.331847667694092
[INFO] [1789251577.966403307] [nav_goal_sender]: cycle 7 feedback: 7.331847667694092
[INFO] [1789251577.976192859] [nav_goal_sender]: cycle 7 feedback: 7.331847667694092
[INFO] [1789251577.986424513] [nav_goal_sender]: cycle 7 feedback: 7.331847667694092
[INFO] [1789251577.996178665] [nav_goal_sender]: cycle 7 feedback: 7.331847667694092
[INFO] [1789251578.006176318] [nav_goal_sender]: cycle 7 feedback: 7.331847667694092
[INFO] [1789251578.016624573] [nav_goal_sender]: cycle 7 feedback: 7.331847667694092
[INFO] [1789251578.026166724] [nav_goal_sender]: cycle 7 feedback: 7.1957106590271
[INFO] [1789251578.036187977] [nav_goal_sender]: cycle 7 feedback: 7.1957106590271
[INFO] [1789251578.046404831] [nav_goal_sender]: cycle 7 feedback: 7.170710563659668
[INFO] [1789251578.056388983] [nav_goal_sender]: cycle 7 feedback: 7.170710563659668
[INFO] [1789251578.066436737] [nav_goal_sender]: cycle 7 feedback: 7.145710468292236
[INFO] [1789251578.076478590] [nav_goal_sender]: cycle 7 feedback: 7.145710468292236
[INFO] [1789251578.086462443] [nav_goal_sender]: cycle 7 feedback: 7.145710468292236
[INFO] [1789251578.096474196] [nav_goal_sender]: cycle 7 feedback: 7.145710468292236
[INFO] [1789251578.106134947] [nav_goal_sender]: cycle 7 feedback: 7.145710468292236
[INFO] [1789251578.116718303] [nav_goal_sender]: cycle 7 feedback: 7.145710468292236
[INFO] [1789251578.126201353] [nav_goal_sender]: cycle 7 feedback: 7.145710468292236
[INFO] [1789251578.136698208] [nav_goal_sender]: cycle 7 feedback: 7.203159809112549
[INFO] [1789251578.146117458] [nav_goal_sender]: cycle 7 feedback: 7.203159809112549
[INFO] [1789251578.156130211] [nav_goal_sender]: cycle 7 feedback: 7.203159809112549
[INFO] [1789251578.166366965] [nav_goal_sender]: cycle 7 feedback: 7.203159809112549
[INFO] [1789251578.176066617] [nav_goal_sender]: cycle 7 feedback: 7.203159809112549
[INFO] [1789251578.186135570] [nav_goal_sender]: cycle 7 feedback: 7.203159809112549
[INFO] [1789251578.196109923] [nav_goal_sender]: cycle 7 feedback: 7.203159809112549
[INFO] [1789251578.206198276] [nav_goal_sender]: cycle 7 feedback: 7.203159809112549
[INFO] [1789251578.216327430] [nav_goal_sender]: cycle 7 feedback: 7.203159809112549
[INFO] [1789251578.226315483] [nav_goal_sender]: cycle 7 feedback: 7.203159809112549
[INFO] [1789251578.236255135] [nav_goal_sender]: cycle 7 feedback: 7.203159809112549
[INFO] [1789251578.246104587] [nav_goal_sender]: cycle 7 feedback: 7.203159809112549
[INFO] [1789251578.256433842] [nav_goal_sender]: cycle 7 feedback: 7.203159809112549
[INFO] [1789251578.266600596] [nav_goal_sender]: cycle 7 feedback: 7.203159809112549
[INFO] [1789251578.276142246] [nav_goal_sender]: cycle 7 feedback: 7.203159809112549
[INFO] [1789251578.286164199] [nav_goal_sender]: cycle 7 feedback: 7.203159809112549
[INFO] [1789251578.296430754] [nav_goal_sender]: cycle 7 feedback: 7.203159809112549
[INFO] [1789251578.306102405] [nav_goal_sender]: cycle 7 feedback: 7.203159809112549
[INFO] [1789251578.316324759] [nav_goal_sender]: cycle 7 feedback: 7.203159809112549
[INFO] [1789251578.326591113] [nav_goal_sender]: cycle 7 feedback: 7.203159809112549
[INFO] [1789251578.336504666] [nav_goal_sender]: cycle 7 feedback: 7.203159809112549
[INFO] [1789251578.346439218] [nav_goal_sender]: cycle 7 feedback: 7.203159809112549
[INFO] [1789251578.356450571] [nav_goal_sender]: cycle 7 feedback: 7.203159809112549
[INFO] [1789251578.366608625] [nav_goal_sender]: cycle 7 feedback: 7.203159809112549
[INFO] [1789251578.376149676] [nav_goal_sender]: cycle 7 feedback: 7.203159809112549
[INFO] [1789251578.386279529] [nav_goal_sender]: cycle 7 feedback: 7.203159809112549
[INFO] [1789251578.396107681] [nav_goal_sender]: cycle 7 feedback: 7.203159809112549
[INFO] [1789251578.406343535] [nav_goal_sender]: cycle 7 feedback: 7.203159809112549
[INFO] [1789251578.416382888] [nav_goal_sender]: cycle 7 feedback: 7.203159809112549
[INFO] [1789251578.426236341] [nav_goal_sender]: cycle 7 feedback: 7.203159809112549
[INFO] [1789251578.436166893] [nav_goal_sender]: cycle 7 feedback: 7.203159809112549
[INFO] [1789251578.446152346] [nav_goal_sender]: cycle 7 feedback: 7.203159809112549
[INFO] [1789251578.456099299] [nav_goal_sender]: cycle 7 feedback: 7.203159809112549
[INFO] [1789251578.466515754] [nav_goal_sender]: cycle 7 feedback: 7.203159809112549
[INFO] [1789251578.476144905] [nav_goal_sender]: cycle 7 feedback: 7.203159809112549
[INFO] [1789251578.486195458] [nav_goal_sender]: cycle 7 feedback: 7.203159809112549
[INFO] [1789251578.496100010] [nav_goal_sender]: cycle 7 feedback: 7.203159809112549
[INFO] [1789251578.506153263] [nav_goal_sender]: cycle 7 feedback: 7.203159809112549
[INFO] [1789251578.516289617] [nav_goal_sender]: cycle 7 feedback: 7.203159809112549
[INFO] [1789251578.526271970] [nav_goal_sender]: cycle 7 feedback: 7.203159809112549
[INFO] [1789251578.536133622] [nav_goal_sender]: cycle 7 feedback: 7.203159809112549
[INFO] [1789251578.546129975] [nav_goal_sender]: cycle 7 feedback: 7.203159809112549
[INFO] [1789251578.556112928] [nav_goal_sender]: cycle 7 feedback: 7.203159809112549
[INFO] [1789251578.566697284] [nav_goal_sender]: cycle 7 feedback: 7.203159809112549
[INFO] [1789251578.576167434] [nav_goal_sender]: cycle 7 feedback: 7.203159809112549
[INFO] [1789251578.586122687] [nav_goal_sender]: cycle 7 feedback: 7.203159809112549
[INFO] [1789251578.596110439] [nav_goal_sender]: cycle 7 feedback: 7.203159809112549
[INFO] [1789251578.606348994] [nav_goal_sender]: cycle 7 feedback: 7.203159809112549
[INFO] [1789251578.616330146] [nav_goal_sender]: cycle 7 feedback: 7.203159809112549
[INFO] [1789251578.626218599] [nav_goal_sender]: cycle 7 feedback: 7.203159809112549
[INFO] [1789251578.636213452] [nav_goal_sender]: cycle 7 feedback: 7.203159809112549
[INFO] [1789251578.646138304] [nav_goal_sender]: cycle 7 feedback: 7.203159809112549
[INFO] [1789251578.656153157] [nav_goal_sender]: cycle 7 feedback: 7.203159809112549
[INFO] [1789251578.666574212] [nav_goal_sender]: cycle 7 feedback: 6.9457106590271
[INFO] [1789251578.676144563] [nav_goal_sender]: cycle 7 feedback: 6.9457106590271
[INFO] [1789251578.686139916] [nav_goal_sender]: cycle 7 feedback: 6.8207106590271
[INFO] [1789251578.696119569] [nav_goal_sender]: cycle 7 feedback: 6.8207106590271
[INFO] [1789251578.706091121] [nav_goal_sender]: cycle 7 feedback: 6.745710372924805
[INFO] [1789251578.716415976] [nav_goal_sender]: cycle 7 feedback: 6.745710372924805
[INFO] [1789251578.726325429] [nav_goal_sender]: cycle 7 feedback: 6.670710563659668
[INFO] [1789251578.736129880] [nav_goal_sender]: cycle 7 feedback: 6.670710563659668
[INFO] [1789251578.746118933] [nav_goal_sender]: cycle 7 feedback: 6.620710372924805
[INFO] [1789251578.756348487] [nav_goal_sender]: cycle 7 feedback: 6.620710372924805
[INFO] [1789251578.766433741] [nav_goal_sender]: cycle 7 feedback: 6.5707106590271
[INFO] [1789251578.776140292] [nav_goal_sender]: cycle 7 feedback: 6.5707106590271
[INFO] [1789251578.786225146] [nav_goal_sender]: cycle 7 feedback: 6.5707106590271
[INFO] [1789251578.796127498] [nav_goal_sender]: cycle 7 feedback: 6.5707106590271
[INFO] [1789251578.806152751] [nav_goal_sender]: cycle 7 feedback: 6.595710277557373
[INFO] [1789251578.816395805] [nav_goal_sender]: cycle 7 feedback: 6.595710277557373
[INFO] [1789251578.826422658] [nav_goal_sender]: cycle 7 feedback: 6.595710277557373
[INFO] [1789251578.836138610] [nav_goal_sender]: cycle 7 feedback: 6.595710277557373
[INFO] [1789251578.846129263] [nav_goal_sender]: cycle 7 feedback: 6.5707106590271
[INFO] [1789251578.856130915] [nav_goal_sender]: cycle 7 feedback: 6.5707106590271
[INFO] [1789251578.866457570] [nav_goal_sender]: cycle 7 feedback: 6.5707106590271
[INFO] [1789251578.876184022] [nav_goal_sender]: cycle 7 feedback: 6.5707106590271
[INFO] [1789251578.886288375] [nav_goal_sender]: cycle 7 feedback: 6.5707106590271
[INFO] [1789251578.896176227] [nav_goal_sender]: cycle 7 feedback: 6.5707106590271
[INFO] [1789251578.906223681] [nav_goal_sender]: cycle 7 feedback: 6.5707106590271
[INFO] [1789251578.916649836] [nav_goal_sender]: cycle 7 feedback: 6.5707106590271
[INFO] [1789251578.926638789] [nav_goal_sender]: cycle 7 feedback: 6.5707106590271
[INFO] [1789251578.936510741] [nav_goal_sender]: cycle 7 feedback: 6.5707106590271
[INFO] [1789251578.953380830] [nav_goal_sender]: cycle 7 feedback: 6.5707106590271
[INFO] [1789251578.956531147] [nav_goal_sender]: cycle 7 feedback: 6.5707106590271
[INFO] [1789251578.966629000] [nav_goal_sender]: cycle 7 feedback: 6.5707106590271
[INFO] [1789251578.976509452] [nav_goal_sender]: cycle 7 feedback: 6.5707106590271
[INFO] [1789251578.986560106] [nav_goal_sender]: cycle 7 feedback: 6.5707106590271
[INFO] [1789251578.996452458] [nav_goal_sender]: cycle 7 feedback: 6.5707106590271
[INFO] [1789251579.006231110] [nav_goal_sender]: cycle 7 feedback: 6.5707106590271
[INFO] [1789251579.016394063] [nav_goal_sender]: cycle 7 feedback: 6.5707106590271
[INFO] [1789251579.026845419] [nav_goal_sender]: cycle 7 feedback: 6.5707106590271
[INFO] [1789251579.036494870] [nav_goal_sender]: cycle 7 feedback: 6.5707106590271
[INFO] [1789251579.046188921] [nav_goal_sender]: cycle 7 feedback: 6.5707106590271
[INFO] [1789251579.056197374] [nav_goal_sender]: cycle 7 feedback: 6.5707106590271
[INFO] [1789251579.067007131] [nav_goal_sender]: cycle 7 feedback: 6.5707106590271
[INFO] [1789251579.076312681] [nav_goal_sender]: cycle 7 feedback: 6.5707106590271
[INFO] [1789251579.086295133] [nav_goal_sender]: cycle 7 feedback: 6.5707106590271
[INFO] [1789251579.096166886] [nav_goal_sender]: cycle 7 feedback: 6.5707106590271
[INFO] [1789251579.106259439] [nav_goal_sender]: cycle 7 feedback: 6.5707106590271
[INFO] [1789251579.116418793] [nav_goal_sender]: cycle 7 feedback: 6.5707106590271
[INFO] [1789251579.126310345] [nav_goal_sender]: cycle 7 feedback: 6.5707106590271
[INFO] [1789251579.136201897] [nav_goal_sender]: cycle 7 feedback: 6.5707106590271
[INFO] [1789251579.146917054] [nav_goal_sender]: cycle 7 feedback: 6.5707106590271
[INFO] [1789251579.156578605] [nav_goal_sender]: cycle 7 feedback: 6.5707106590271
[INFO] [1789251579.167110961] [nav_goal_sender]: cycle 7 feedback: 6.6336259841918945
[INFO] [1789251579.176530111] [nav_goal_sender]: cycle 7 feedback: 6.6336259841918945
[INFO] [1789251579.186321663] [nav_goal_sender]: cycle 7 feedback: 6.6336259841918945
[INFO] [1789251579.196576017] [nav_goal_sender]: cycle 7 feedback: 6.6336259841918945
[INFO] [1789251579.206475069] [nav_goal_sender]: cycle 7 feedback: 6.6336259841918945
[INFO] [1789251579.216555423] [nav_goal_sender]: cycle 7 feedback: 6.6336259841918945
[INFO] [1789251579.226428875] [nav_goal_sender]: cycle 7 feedback: 6.6336259841918945
[INFO] [1789251579.236283327] [nav_goal_sender]: cycle 7 feedback: 6.6336259841918945
[INFO] [1789251579.246215680] [nav_goal_sender]: cycle 7 feedback: 6.6336259841918945
[INFO] [1789251579.256323733] [nav_goal_sender]: cycle 7 feedback: 6.6336259841918945
[INFO] [1789251579.266408586] [nav_goal_sender]: cycle 7 feedback: 6.6336259841918945
[INFO] [1789251579.276340039] [nav_goal_sender]: cycle 7 feedback: 6.6336259841918945
[INFO] [1789251579.286262192] [nav_goal_sender]: cycle 7 feedback: 6.6336259841918945
[INFO] [1789251579.296308045] [nav_goal_sender]: cycle 7 feedback: 6.6336259841918945
[INFO] [1789251579.306233097] [nav_goal_sender]: cycle 7 feedback: 6.6336259841918945
[INFO] [1789251579.316426051] [nav_goal_sender]: cycle 7 feedback: 6.6336259841918945
[INFO] [1789251579.326534905] [nav_goal_sender]: cycle 7 feedback: 6.6336259841918945
[INFO] [1789251579.336476257] [nav_goal_sender]: cycle 7 feedback: 6.6336259841918945
[INFO] [1789251579.346169609] [nav_goal_sender]: cycle 7 feedback: 6.6336259841918945
[INFO] [1789251579.356220262] [nav_goal_sender]: cycle 7 feedback: 6.6336259841918945
[INFO] [1789251579.366573317] [nav_goal_sender]: cycle 7 feedback: 6.6336259841918945
[INFO] [1789251579.376237568] [nav_goal_sender]: cycle 7 feedback: 6.6336259841918945
[INFO] [1789251579.386534522] [nav_goal_sender]: cycle 7 feedback: 6.6336259841918945
[INFO] [1789251579.396288274] [nav_goal_sender]: cycle 7 feedback: 6.6336259841918945
[INFO] [1789251579.406242826] [nav_goal_sender]: cycle 7 feedback: 6.6336259841918945
[INFO] [1789251579.416326080] [nav_goal_sender]: cycle 7 feedback: 6.6336259841918945
[INFO] [1789251579.426306833] [nav_goal_sender]: cycle 7 feedback: 6.6336259841918945
[INFO] [1789251579.436161885] [nav_goal_sender]: cycle 7 feedback: 6.6336259841918945
[INFO] [1789251579.446140138] [nav_goal_sender]: cycle 7 feedback: 6.6336259841918945
[INFO] [1789251579.456179191] [nav_goal_sender]: cycle 7 feedback: 6.6336259841918945
[INFO] [1789251579.466542446] [nav_goal_sender]: cycle 7 feedback: 6.6336259841918945
[INFO] [1789251579.476172396] [nav_goal_sender]: cycle 7 feedback: 6.6336259841918945
[INFO] [1789251579.486378450] [nav_goal_sender]: cycle 7 feedback: 6.6336259841918945
[INFO] [1789251579.496340403] [nav_goal_sender]: cycle 7 feedback: 6.6336259841918945
[INFO] [1789251579.506451157] [nav_goal_sender]: cycle 7 feedback: 6.6336259841918945
[INFO] [1789251579.516861512] [nav_goal_sender]: cycle 7 feedback: 6.6336259841918945
[INFO] [1789251579.526324462] [nav_goal_sender]: cycle 7 feedback: 6.6336259841918945
[INFO] [1789251579.536167714] [nav_goal_sender]: cycle 7 feedback: 6.6336259841918945
[INFO] [1789251579.546120767] [nav_goal_sender]: cycle 7 feedback: 6.6336259841918945
[INFO] [1789251579.556190520] [nav_goal_sender]: cycle 7 feedback: 6.6336259841918945
[INFO] [1789251579.566610175] [nav_goal_sender]: cycle 7 feedback: 6.6336259841918945
[INFO] [1789251579.576515727] [nav_goal_sender]: cycle 7 feedback: 6.6336259841918945
[INFO] [1789251579.586142178] [nav_goal_sender]: cycle 7 feedback: 6.6336259841918945
[INFO] [1789251579.596122431] [nav_goal_sender]: cycle 7 feedback: 6.6336259841918945
[INFO] [1789251579.606104384] [nav_goal_sender]: cycle 7 feedback: 6.6336259841918945
[INFO] [1789251579.616260338] [nav_goal_sender]: cycle 7 feedback: 6.6336259841918945
[INFO] [1789251579.626251391] [nav_goal_sender]: cycle 7 feedback: 6.6336259841918945
[INFO] [1789251579.636124043] [nav_goal_sender]: cycle 7 feedback: 6.6336259841918945
[INFO] [1789251579.646129496] [nav_goal_sender]: cycle 7 feedback: 6.6336259841918945
[INFO] [1789251579.656114149] [nav_goal_sender]: cycle 7 feedback: 6.6336259841918945
[INFO] [1789251579.666473503] [nav_goal_sender]: cycle 7 feedback: 6.6336259841918945
[INFO] [1789251579.676150355] [nav_goal_sender]: cycle 7 feedback: 6.6336259841918945
[INFO] [1789251579.686234308] [nav_goal_sender]: cycle 7 feedback: 6.6336259841918945
[INFO] [1789251579.696144260] [nav_goal_sender]: cycle 7 feedback: 6.6336259841918945
[INFO] [1789251579.706469615] [nav_goal_sender]: cycle 7 feedback: 6.6336259841918945
[INFO] [1789251579.716277467] [nav_goal_sender]: cycle 7 feedback: 6.6336259841918945
[INFO] [1789251579.726395021] [nav_goal_sender]: cycle 7 feedback: 6.6336259841918945
[INFO] [1789251579.736216973] [nav_goal_sender]: cycle 7 feedback: 6.6336259841918945
[INFO] [1789251579.746117725] [nav_goal_sender]: cycle 7 feedback: 6.6336259841918945
[INFO] [1789251579.756161678] [nav_goal_sender]: cycle 7 feedback: 6.6336259841918945
[INFO] [1789251579.766526633] [nav_goal_sender]: cycle 7 feedback: 6.6336259841918945
[INFO] [1789251579.776128884] [nav_goal_sender]: cycle 7 feedback: 6.6336259841918945
[INFO] [1789251579.786251637] [nav_goal_sender]: cycle 7 feedback: 6.6336259841918945
[INFO] [1789251579.796120890] [nav_goal_sender]: cycle 7 feedback: 6.6336259841918945
[INFO] [1789251579.806120642] [nav_goal_sender]: cycle 7 feedback: 6.6336259841918945
[INFO] [1789251579.816280696] [nav_goal_sender]: cycle 7 feedback: 6.6336259841918945
[INFO] [1789251579.826250249] [nav_goal_sender]: cycle 7 feedback: 6.6336259841918945
[INFO] [1789251579.836124901] [nav_goal_sender]: cycle 7 feedback: 6.6336259841918945
[INFO] [1789251579.846183754] [nav_goal_sender]: cycle 7 feedback: 6.6336259841918945
[INFO] [1789251579.856207007] [nav_goal_sender]: cycle 7 feedback: 6.6336259841918945
[INFO] [1789251579.866408861] [nav_goal_sender]: cycle 7 feedback: 6.6336259841918945
[INFO] [1789251579.876163713] [nav_goal_sender]: cycle 7 feedback: 6.6336259841918945
[INFO] [1789251579.886251966] [nav_goal_sender]: cycle 7 feedback: 6.6336259841918945
[INFO] [1789251579.896114719] [nav_goal_sender]: cycle 7 feedback: 6.6336259841918945
[INFO] [1789251579.906096371] [nav_goal_sender]: cycle 7 feedback: 6.6336259841918945
[INFO] [1789251579.916254725] [nav_goal_sender]: cycle 7 feedback: 6.6336259841918945
[INFO] [1789251579.926303078] [nav_goal_sender]: cycle 7 feedback: 6.6336259841918945
[INFO] [1789251579.936237631] [nav_goal_sender]: cycle 7 feedback: 6.6336259841918945
[INFO] [1789251579.946112683] [nav_goal_sender]: cycle 7 feedback: 6.6336259841918945
[INFO] [1789251579.956107136] [nav_goal_sender]: cycle 7 feedback: 6.6336259841918945
[INFO] [1789251579.966446491] [nav_goal_sender]: cycle 7 feedback: 6.6336259841918945
[INFO] [1789251579.976135742] [nav_goal_sender]: cycle 7 feedback: 6.6336259841918945
[INFO] [1789251579.986207995] [nav_goal_sender]: cycle 7 feedback: 6.6336259841918945
[INFO] [1789251579.996130548] [nav_goal_sender]: cycle 7 feedback: 6.6336259841918945
[INFO] [1789251580.006177501] [nav_goal_sender]: cycle 7 feedback: 6.6336259841918945
[INFO] [1789251580.016464155] [nav_goal_sender]: cycle 7 feedback: 6.6336259841918945
[INFO] [1789251580.026293407] [nav_goal_sender]: cycle 7 feedback: 6.6336259841918945
[INFO] [1789251580.036240460] [nav_goal_sender]: cycle 7 feedback: 6.6336259841918945
[INFO] [1789251580.046115912] [nav_goal_sender]: cycle 7 feedback: 6.6336259841918945
[INFO] [1789251580.056126565] [nav_goal_sender]: cycle 7 feedback: 6.6336259841918945
[INFO] [1789251580.066583421] [nav_goal_sender]: cycle 7 feedback: 6.6336259841918945
[INFO] [1789251580.076166971] [nav_goal_sender]: cycle 7 feedback: 6.6336259841918945
[INFO] [1789251580.086259725] [nav_goal_sender]: cycle 7 feedback: 6.6336259841918945
[INFO] [1789251580.096124077] [nav_goal_sender]: cycle 7 feedback: 6.6336259841918945
[INFO] [1789251580.106115030] [nav_goal_sender]: cycle 7 feedback: 6.6336259841918945
[INFO] [1789251580.116324984] [nav_goal_sender]: cycle 7 feedback: 6.6336259841918945
[INFO] [1789251580.126233836] [nav_goal_sender]: cycle 7 feedback: 6.6336259841918945
[INFO] [1789251580.136207389] [nav_goal_sender]: cycle 7 feedback: 6.6336259841918945
[INFO] [1789251580.146114742] [nav_goal_sender]: cycle 7 feedback: 6.6336259841918945
[INFO] [1789251580.156117594] [nav_goal_sender]: cycle 7 feedback: 6.6336259841918945
[INFO] [1789251580.166712151] [nav_goal_sender]: cycle 7 feedback: 6.6336259841918945
[INFO] [1789251580.176335701] [nav_goal_sender]: cycle 7 feedback: 6.6336259841918945
[INFO] [1789251580.186839657] [nav_goal_sender]: cycle 7 feedback: 6.962080955505371
[INFO] [1789251580.196122306] [nav_goal_sender]: cycle 7 feedback: 6.962080955505371
[INFO] [1789251580.206206960] [nav_goal_sender]: cycle 7 feedback: 6.962080955505371
[INFO] [1789251580.216323613] [nav_goal_sender]: cycle 7 feedback: 6.962080955505371
[INFO] [1789251580.226281866] [nav_goal_sender]: cycle 7 feedback: 6.962080955505371
[INFO] [1789251580.236134018] [nav_goal_sender]: cycle 7 feedback: 6.962080955505371
[INFO] [1789251580.246120671] [nav_goal_sender]: cycle 7 feedback: 6.962080955505371
[INFO] [1789251580.256102624] [nav_goal_sender]: cycle 7 feedback: 6.962080955505371
[INFO] [1789251580.266490279] [nav_goal_sender]: cycle 7 feedback: 6.962080955505371
[INFO] [1789251580.276147430] [nav_goal_sender]: cycle 7 feedback: 6.962080955505371
[INFO] [1789251580.286253183] [nav_goal_sender]: cycle 7 feedback: 6.962080955505371
[INFO] [1789251580.296120935] [nav_goal_sender]: cycle 7 feedback: 6.962080955505371
[INFO] [1789251580.306118488] [nav_goal_sender]: cycle 7 feedback: 6.962080955505371
[INFO] [1789251580.316292042] [nav_goal_sender]: cycle 7 feedback: 6.962080955505371
[INFO] [1789251580.326188494] [nav_goal_sender]: cycle 7 feedback: 6.962080955505371
[INFO] [1789251580.336237248] [nav_goal_sender]: cycle 7 feedback: 6.962080955505371
[INFO] [1789251580.346146500] [nav_goal_sender]: cycle 7 feedback: 6.962080955505371
[INFO] [1789251580.356108153] [nav_goal_sender]: cycle 7 feedback: 6.962080955505371
[INFO] [1789251580.366404907] [nav_goal_sender]: cycle 7 feedback: 6.962080955505371
[INFO] [1789251580.376140259] [nav_goal_sender]: cycle 7 feedback: 6.962080955505371
[INFO] [1789251580.386252612] [nav_goal_sender]: cycle 7 feedback: 6.962080955505371
[INFO] [1789251580.396098964] [nav_goal_sender]: cycle 7 feedback: 6.962080955505371
[INFO] [1789251580.406205718] [nav_goal_sender]: cycle 7 feedback: 6.962080955505371
[INFO] [1789251580.416290971] [nav_goal_sender]: cycle 7 feedback: 6.962080955505371
[INFO] [1789251580.426318524] [nav_goal_sender]: cycle 7 feedback: 6.766421318054199
[INFO] [1789251580.436219377] [nav_goal_sender]: cycle 7 feedback: 6.766421318054199
[INFO] [1789251580.446101029] [nav_goal_sender]: cycle 7 feedback: 6.541420936584473
[INFO] [1789251580.456160182] [nav_goal_sender]: cycle 7 feedback: 6.541420936584473
[INFO] [1789251580.466364536] [nav_goal_sender]: cycle 7 feedback: 6.366421222686768
[INFO] [1789251580.476117488] [nav_goal_sender]: cycle 7 feedback: 6.366421222686768
[INFO] [1789251580.486213141] [nav_goal_sender]: cycle 7 feedback: 6.191421031951904
[INFO] [1789251580.496103594] [nav_goal_sender]: cycle 7 feedback: 6.191421031951904
[INFO] [1789251580.506120447] [nav_goal_sender]: cycle 7 feedback: 6.041420936584473
[INFO] [1789251580.516363901] [nav_goal_sender]: cycle 7 feedback: 6.041420936584473
[INFO] [1789251580.526365854] [nav_goal_sender]: cycle 7 feedback: 5.916421413421631
[INFO] [1789251580.536186706] [nav_goal_sender]: cycle 7 feedback: 5.916421413421631
[INFO] [1789251580.546115858] [nav_goal_sender]: cycle 7 feedback: 5.8164215087890625
[INFO] [1789251580.556134311] [nav_goal_sender]: cycle 7 feedback: 5.8164215087890625
[INFO] [1789251580.566469966] [nav_goal_sender]: cycle 7 feedback: 5.741421222686768
[INFO] [1789251580.576705020] [nav_goal_sender]: cycle 7 feedback: 5.741421222686768
[INFO] [1789251580.586498972] [nav_goal_sender]: cycle 7 feedback: 5.691421031951904
[INFO] [1789251580.596399124] [nav_goal_sender]: cycle 7 feedback: 5.691421031951904
[INFO] [1789251580.606480278] [nav_goal_sender]: cycle 7 feedback: 5.641421318054199
[INFO] [1789251580.616671632] [nav_goal_sender]: cycle 7 feedback: 5.641421318054199
[INFO] [1789251580.626465583] [nav_goal_sender]: cycle 7 feedback: 5.641421318054199
[INFO] [1789251580.636222635] [nav_goal_sender]: cycle 7 feedback: 5.641421318054199
[INFO] [1789251580.646108687] [nav_goal_sender]: cycle 7 feedback: 5.641421318054199
[INFO] [1789251580.656114040] [nav_goal_sender]: cycle 7 feedback: 5.641421318054199
[INFO] [1789251580.666488595] [nav_goal_sender]: cycle 7 feedback: 5.641421318054199
[INFO] [1789251580.676465648] [nav_goal_sender]: cycle 7 feedback: 5.641421318054199
[INFO] [1789251580.686579801] [nav_goal_sender]: cycle 7 feedback: 5.641421318054199
[INFO] [1789251580.696397853] [nav_goal_sender]: cycle 7 feedback: 5.641421318054199
[INFO] [1789251580.706726508] [nav_goal_sender]: cycle 7 feedback: 5.641421318054199
[INFO] [1789251580.716706061] [nav_goal_sender]: cycle 7 feedback: 5.641421318054199
[INFO] [1789251580.726642313] [nav_goal_sender]: cycle 7 feedback: 5.616421222686768
[INFO] [1789251580.736520866] [nav_goal_sender]: cycle 7 feedback: 5.616421222686768
[INFO] [1789251580.746432918] [nav_goal_sender]: cycle 7 feedback: 5.616421222686768
[INFO] [1789251580.756427571] [nav_goal_sender]: cycle 7 feedback: 5.616421222686768
[INFO] [1789251580.766537925] [nav_goal_sender]: cycle 7 feedback: 5.616421222686768
[INFO] [1789251580.776494377] [nav_goal_sender]: cycle 7 feedback: 5.616421222686768
[INFO] [1789251580.786461330] [nav_goal_sender]: cycle 7 feedback: 5.616421222686768
[INFO] [1789251580.796172581] [nav_goal_sender]: cycle 7 feedback: 5.616421222686768
[INFO] [1789251580.806220135] [nav_goal_sender]: cycle 7 feedback: 5.616421222686768
[INFO] [1789251580.816404688] [nav_goal_sender]: cycle 7 feedback: 5.616421222686768
[INFO] [1789251580.826316141] [nav_goal_sender]: cycle 7 feedback: 5.616421222686768
[INFO] [1789251580.836120393] [nav_goal_sender]: cycle 7 feedback: 5.616421222686768
[INFO] [1789251580.846123446] [nav_goal_sender]: cycle 7 feedback: 5.616421222686768
[INFO] [1789251580.858065609] [nav_goal_sender]: cycle 7 feedback: 5.616421222686768
[INFO] [1789251580.866497954] [nav_goal_sender]: cycle 7 feedback: 5.591421127319336
[INFO] [1789251580.876167605] [nav_goal_sender]: cycle 7 feedback: 5.591421127319336
[INFO] [1789251580.886193558] [nav_goal_sender]: cycle 7 feedback: 5.591421127319336
[INFO] [1789251580.896133710] [nav_goal_sender]: cycle 7 feedback: 5.591421127319336
[INFO] [1789251580.906210864] [nav_goal_sender]: cycle 7 feedback: 5.591421127319336
[INFO] [1789251580.916388818] [nav_goal_sender]: cycle 7 feedback: 5.591421127319336
[INFO] [1789251580.926335670] [nav_goal_sender]: cycle 7 feedback: 5.591421127319336
[INFO] [1789251580.936273323] [nav_goal_sender]: cycle 7 feedback: 5.591421127319336
[INFO] [1789251580.946133775] [nav_goal_sender]: cycle 7 feedback: 5.591421127319336
[INFO] [1789251580.956135428] [nav_goal_sender]: cycle 7 feedback: 5.591421127319336
[INFO] [1789251580.966450982] [nav_goal_sender]: cycle 7 feedback: 5.591421127319336
[INFO] [1789251580.976212534] [nav_goal_sender]: cycle 7 feedback: 5.591421127319336
[INFO] [1789251580.986271687] [nav_goal_sender]: cycle 7 feedback: 5.591421127319336
[INFO] [1789251580.996130839] [nav_goal_sender]: cycle 7 feedback: 5.591421127319336
[INFO] [1789251581.006206093] [nav_goal_sender]: cycle 7 feedback: 5.591421127319336
[INFO] [1789251581.016388747] [nav_goal_sender]: cycle 7 feedback: 5.591421127319336
[INFO] [1789251581.026356499] [nav_goal_sender]: cycle 7 feedback: 5.716421127319336
[INFO] [1789251581.036277052] [nav_goal_sender]: cycle 7 feedback: 5.716421127319336
[INFO] [1789251581.046151304] [nav_goal_sender]: cycle 7 feedback: 5.841421127319336
[INFO] [1789251581.056143257] [nav_goal_sender]: cycle 7 feedback: 5.841421127319336
[INFO] [1789251581.066580212] [nav_goal_sender]: cycle 7 feedback: 5.991421222686768
[INFO] [1789251581.076233463] [nav_goal_sender]: cycle 7 feedback: 5.991421222686768
[INFO] [1789251581.086247816] [nav_goal_sender]: cycle 7 feedback: 6.141421318054199
[INFO] [1789251581.096147869] [nav_goal_sender]: cycle 7 feedback: 6.141421318054199
[INFO] [1789251581.106137922] [nav_goal_sender]: cycle 7 feedback: 6.291421413421631
[INFO] [1789251581.116308175] [nav_goal_sender]: cycle 7 feedback: 6.291421413421631
[INFO] [1789251581.126415129] [nav_goal_sender]: cycle 7 feedback: 6.441421031951904
[INFO] [1789251581.136141680] [nav_goal_sender]: cycle 7 feedback: 6.441421031951904
[INFO] [1789251581.146155233] [nav_goal_sender]: cycle 7 feedback: 6.591421604156494
[INFO] [1789251581.156146886] [nav_goal_sender]: cycle 7 feedback: 6.591421604156494
[INFO] [1789251581.166536741] [nav_goal_sender]: cycle 7 feedback: 6.766421318054199
[INFO] [1789251581.176237393] [nav_goal_sender]: cycle 7 feedback: 6.766421318054199
[INFO] [1789251581.186330546] [nav_goal_sender]: cycle 7 feedback: 6.916421413421631
[INFO] [1789251581.196431199] [nav_goal_sender]: cycle 7 feedback: 6.916421413421631
[INFO] [1789251581.206338552] [nav_goal_sender]: cycle 7 feedback: 6.916421413421631
[INFO] [1789251581.216889208] [nav_goal_sender]: cycle 7 feedback: 6.950575351715088
[INFO] [1789251581.226481458] [nav_goal_sender]: cycle 7 feedback: 6.950575351715088
[INFO] [1789251581.236226210] [nav_goal_sender]: cycle 7 feedback: 6.950575351715088
[INFO] [1789251581.246156463] [nav_goal_sender]: cycle 7 feedback: 6.950575351715088
[INFO] [1789251581.256154315] [nav_goal_sender]: cycle 7 feedback: 6.950575351715088
[INFO] [1789251581.266461770] [nav_goal_sender]: cycle 7 feedback: 6.950575351715088
[INFO] [1789251581.276229522] [nav_goal_sender]: cycle 7 feedback: 6.950575351715088
[INFO] [1789251581.286232475] [nav_goal_sender]: cycle 7 feedback: 6.950575351715088
[INFO] [1789251581.296126627] [nav_goal_sender]: cycle 7 feedback: 6.950575351715088
[INFO] [1789251581.306168580] [nav_goal_sender]: cycle 7 feedback: 6.950575351715088
[INFO] [1789251581.316281434] [nav_goal_sender]: cycle 7 feedback: 6.950575351715088
[INFO] [1789251581.326302187] [nav_goal_sender]: cycle 7 feedback: 6.950575351715088
[INFO] [1789251581.336176739] [nav_goal_sender]: cycle 7 feedback: 6.950575351715088
[INFO] [1789251581.346122491] [nav_goal_sender]: cycle 7 feedback: 6.950575351715088
[INFO] [1789251581.356166945] [nav_goal_sender]: cycle 7 feedback: 6.950575351715088
[INFO] [1789251581.366636200] [nav_goal_sender]: cycle 7 feedback: 6.950575351715088
[INFO] [1789251581.376222551] [nav_goal_sender]: cycle 7 feedback: 6.950575351715088
[INFO] [1789251581.386175703] [nav_goal_sender]: cycle 7 feedback: 6.950575351715088
[INFO] [1789251581.396167656] [nav_goal_sender]: cycle 7 feedback: 6.950575351715088
[INFO] [1789251581.406208409] [nav_goal_sender]: cycle 7 feedback: 6.950575351715088
[INFO] [1789251581.416282863] [nav_goal_sender]: cycle 7 feedback: 6.950575351715088
[INFO] [1789251581.426218515] [nav_goal_sender]: cycle 7 feedback: 6.950575351715088
[INFO] [1789251581.436226768] [nav_goal_sender]: cycle 7 feedback: 6.950575351715088
[INFO] [1789251581.446477423] [nav_goal_sender]: cycle 7 feedback: 6.950575351715088
[INFO] [1789251581.456238674] [nav_goal_sender]: cycle 7 feedback: 6.950575351715088
[INFO] [1789251581.466712730] [nav_goal_sender]: cycle 7 feedback: 6.950575351715088
[INFO] [1789251581.476874483] [nav_goal_sender]: cycle 7 feedback: 6.950575351715088
[INFO] [1789251581.486760736] [nav_goal_sender]: cycle 7 feedback: 6.950575351715088
[INFO] [1789251581.496624788] [nav_goal_sender]: cycle 7 feedback: 6.950575351715088
[INFO] [1789251581.506517740] [nav_goal_sender]: cycle 7 feedback: 6.950575351715088
[INFO] [1789251581.517767700] [nav_goal_sender]: cycle 7 feedback: 6.950575351715088
[INFO] [1789251581.526453746] [nav_goal_sender]: cycle 7 feedback: 6.950575351715088
[INFO] [1789251581.536391198] [nav_goal_sender]: cycle 7 feedback: 6.950575351715088
[INFO] [1789251581.546654753] [nav_goal_sender]: cycle 7 feedback: 6.950575351715088
[INFO] [1789251581.556332604] [nav_goal_sender]: cycle 7 feedback: 6.950575351715088
[INFO] [1789251581.567456163] [nav_goal_sender]: cycle 7 feedback: 6.950575351715088
[INFO] [1789251581.576971113] [nav_goal_sender]: cycle 7 feedback: 6.950575351715088
[INFO] [1789251581.586269462] [nav_goal_sender]: cycle 7 feedback: 6.950575351715088
[INFO] [1789251581.596758418] [nav_goal_sender]: cycle 7 feedback: 6.950575351715088
[INFO] [1789251581.607224973] [nav_goal_sender]: cycle 7 feedback: 6.950575351715088
[INFO] [1789251581.619618039] [nav_goal_sender]: cycle 7 feedback: 6.950575351715088
[INFO] [1789251581.628032283] [nav_goal_sender]: cycle 7 feedback: 6.745710372924805
[INFO] [1789251581.636213827] [nav_goal_sender]: cycle 7 feedback: 6.745710372924805
[INFO] [1789251581.647097884] [nav_goal_sender]: cycle 7 feedback: 6.4457106590271
[INFO] [1789251581.656770135] [nav_goal_sender]: cycle 7 feedback: 6.4457106590271
[INFO] [1789251581.667539592] [nav_goal_sender]: cycle 7 feedback: 6.170710563659668
[INFO] [1789251581.676458739] [nav_goal_sender]: cycle 7 feedback: 6.170710563659668
[INFO] [1789251581.687370797] [nav_goal_sender]: cycle 7 feedback: 5.970710754394531
[INFO] [1789251581.696744147] [nav_goal_sender]: cycle 7 feedback: 5.970710754394531
[INFO] [1789251581.707843306] [nav_goal_sender]: cycle 7 feedback: 5.745710849761963
[INFO] [1789251581.716917354] [nav_goal_sender]: cycle 7 feedback: 5.745710849761963
[INFO] [1789251581.727117008] [nav_goal_sender]: cycle 7 feedback: 5.5707106590271
[INFO] [1789251581.738326067] [nav_goal_sender]: cycle 7 feedback: 5.5707106590271
[INFO] [1789251581.746798012] [nav_goal_sender]: cycle 7 feedback: 5.370710372924805
[INFO] [1789251581.756821265] [nav_goal_sender]: cycle 7 feedback: 5.370710372924805
[INFO] [1789251581.766762317] [nav_goal_sender]: cycle 7 feedback: 5.1957106590271
[INFO] [1789251581.776597169] [nav_goal_sender]: cycle 7 feedback: 5.1957106590271
[INFO] [1789251581.786616422] [nav_goal_sender]: cycle 7 feedback: 4.995710372924805
[INFO] [1789251581.796593975] [nav_goal_sender]: cycle 7 feedback: 4.995710372924805
[INFO] [1789251581.806790129] [nav_goal_sender]: cycle 7 feedback: 4.770710468292236
[INFO] [1789251581.816551381] [nav_goal_sender]: cycle 7 feedback: 4.770710468292236
[INFO] [1789251581.826515034] [nav_goal_sender]: cycle 7 feedback: 4.745710849761963
[INFO] [1789251581.837046189] [nav_goal_sender]: cycle 7 feedback: 4.745710849761963
[INFO] [1789251581.847013542] [nav_goal_sender]: cycle 7 feedback: 4.745710849761963
[INFO] [1789251581.856653093] [nav_goal_sender]: cycle 7 feedback: 4.745710849761963
[INFO] [1789251581.867531751] [nav_goal_sender]: cycle 7 feedback: 4.745710849761963
[INFO] [1789251581.876760399] [nav_goal_sender]: cycle 7 feedback: 4.745710849761963
[INFO] [1789251581.886673652] [nav_goal_sender]: cycle 7 feedback: 4.745710849761963
[INFO] [1789251581.896622904] [nav_goal_sender]: cycle 7 feedback: 4.745710849761963
[INFO] [1789251581.906560257] [nav_goal_sender]: cycle 7 feedback: 4.745710849761963
[INFO] [1789251581.917636116] [nav_goal_sender]: cycle 7 feedback: 4.745710849761963
[INFO] [1789251581.927716269] [nav_goal_sender]: cycle 7 feedback: 4.745710849761963
[INFO] [1789251581.937363720] [nav_goal_sender]: cycle 7 feedback: 4.745710849761963
[INFO] [1789251581.946841070] [nav_goal_sender]: cycle 7 feedback: 4.720710754394531
[INFO] [1789251581.956696522] [nav_goal_sender]: cycle 7 feedback: 4.720710754394531
[INFO] [1789251581.967073477] [nav_goal_sender]: cycle 7 feedback: 4.720710754394531
[INFO] [1789251581.978933640] [nav_goal_sender]: cycle 7 feedback: 4.720710754394531
[INFO] [1789251581.988026088] [nav_goal_sender]: cycle 7 feedback: 4.720710754394531
[INFO] [1789251581.996625734] [nav_goal_sender]: cycle 7 feedback: 4.720710754394531
[INFO] [1789251582.007076089] [nav_goal_sender]: cycle 7 feedback: 4.720710754394531
[INFO] [1789251582.019415254] [nav_goal_sender]: cycle 7 feedback: 4.720710754394531
[INFO] [1789251582.029046805] [nav_goal_sender]: cycle 7 feedback: 4.720710754394531
[INFO] [1789251582.036893147] [nav_goal_sender]: cycle 7 feedback: 4.720710754394531
[INFO] [1789251582.047438403] [nav_goal_sender]: cycle 7 feedback: 4.720710754394531
[INFO] [1789251582.057425755] [nav_goal_sender]: cycle 7 feedback: 4.720710754394531
[INFO] [1789251582.072121233] [nav_goal_sender]: cycle 7 feedback: 4.720710754394531
[INFO] [1789251582.079134070] [nav_goal_sender]: cycle 7 feedback: 4.720710754394531
[INFO] [1789251582.087730016] [nav_goal_sender]: cycle 7 feedback: 4.720710754394531
[INFO] [1789251582.099899180] [nav_goal_sender]: cycle 7 feedback: 4.6957106590271
[INFO] [1789251582.107549621] [nav_goal_sender]: cycle 7 feedback: 4.6957106590271
[INFO] [1789251582.116599969] [nav_goal_sender]: cycle 7 feedback: 4.6957106590271
[INFO] [1789251582.129713438] [nav_goal_sender]: cycle 7 feedback: 4.6957106590271
[INFO] [1789251582.140873897] [nav_goal_sender]: cycle 7 feedback: 4.6957106590271
[INFO] [1789251582.147292431] [nav_goal_sender]: cycle 7 feedback: 4.6957106590271
[INFO] [1789251582.158049188] [nav_goal_sender]: cycle 7 feedback: 4.6957106590271
[INFO] [1789251582.167876540] [nav_goal_sender]: cycle 7 feedback: 4.6957106590271
[INFO] [1789251582.177243189] [nav_goal_sender]: cycle 7 feedback: 4.6957106590271
[INFO] [1789251582.186736140] [nav_goal_sender]: cycle 7 feedback: 4.6957106590271
[INFO] [1789251582.196733693] [nav_goal_sender]: cycle 7 feedback: 4.6957106590271
[INFO] [1789251582.207085247] [nav_goal_sender]: cycle 7 feedback: 4.670710563659668
[INFO] [1789251582.220683119] [nav_goal_sender]: cycle 7 feedback: 4.670710563659668
[INFO] [1789251582.230068369] [nav_goal_sender]: cycle 7 feedback: 4.6882758140563965
[INFO] [1789251582.236751204] [nav_goal_sender]: cycle 7 feedback: 4.6882758140563965
[INFO] [1789251582.247371860] [nav_goal_sender]: cycle 7 feedback: 4.645710468292236
[INFO] [1789251582.256768810] [nav_goal_sender]: cycle 7 feedback: 4.645710468292236
[INFO] [1789251582.271675989] [nav_goal_sender]: cycle 7 feedback: 4.645710468292236
[INFO] [1789251582.280347135] [nav_goal_sender]: cycle 7 feedback: 4.645710468292236
[INFO] [1789251582.287056370] [nav_goal_sender]: cycle 7 feedback: 4.645710468292236
[INFO] [1789251582.297141124] [nav_goal_sender]: cycle 7 feedback: 4.620710372924805
[INFO] [1789251582.306747375] [nav_goal_sender]: cycle 7 feedback: 4.595710754394531
[INFO] [1789251582.316859928] [nav_goal_sender]: cycle 7 feedback: 4.595710754394531
[INFO] [1789251582.328430989] [nav_goal_sender]: cycle 7 feedback: 4.595710754394531
[INFO] [1789251582.337108935] [nav_goal_sender]: cycle 7 feedback: 4.595710754394531
[INFO] [1789251582.346475185] [nav_goal_sender]: cycle 7 feedback: 4.570710182189941
[INFO] [1789251582.357393943] [nav_goal_sender]: cycle 7 feedback: 4.570710182189941
[INFO] [1789251582.367373995] [nav_goal_sender]: cycle 7 feedback: 4.570710182189941
[INFO] [1789251582.377260048] [nav_goal_sender]: cycle 7 feedback: 4.570710182189941
[INFO] [1789251582.386350096] [nav_goal_sender]: cycle 7 feedback: 4.545710563659668
[INFO] [1789251582.396535450] [nav_goal_sender]: cycle 7 feedback: 4.545710563659668
[INFO] [1789251582.406914105] [nav_goal_sender]: cycle 7 feedback: 4.545710563659668
[INFO] [1789251582.416842257] [nav_goal_sender]: cycle 7 feedback: 4.545710563659668
[INFO] [1789251582.427565714] [nav_goal_sender]: cycle 7 feedback: 4.520710468292236
[INFO] [1789251582.436800663] [nav_goal_sender]: cycle 7 feedback: 4.520710468292236
[INFO] [1789251582.447706821] [nav_goal_sender]: cycle 7 feedback: 4.520710468292236
[INFO] [1789251582.456681668] [nav_goal_sender]: cycle 7 feedback: 4.520710468292236
[INFO] [1789251582.467587026] [nav_goal_sender]: cycle 7 feedback: 4.520710468292236
[INFO] [1789251582.477169276] [nav_goal_sender]: cycle 7 feedback: 4.520710468292236
[INFO] [1789251582.487196530] [nav_goal_sender]: cycle 7 feedback: 4.520710468292236
[INFO] [1789251582.496265878] [nav_goal_sender]: cycle 7 feedback: 4.520710468292236
[INFO] [1789251582.506936834] [nav_goal_sender]: cycle 7 feedback: 4.520710468292236
[INFO] [1789251582.517042087] [nav_goal_sender]: cycle 7 feedback: 4.520710468292236
[INFO] [1789251582.527673744] [nav_goal_sender]: cycle 7 feedback: 4.520710468292236
[INFO] [1789251582.536790692] [nav_goal_sender]: cycle 7 feedback: 4.520710468292236
[INFO] [1789251582.546571544] [nav_goal_sender]: cycle 7 feedback: 4.4957098960876465
[INFO] [1789251582.556531696] [nav_goal_sender]: cycle 7 feedback: 4.4957098960876465
[INFO] [1789251582.567117352] [nav_goal_sender]: cycle 7 feedback: 4.4957098960876465
[INFO] [1789251582.577045505] [nav_goal_sender]: cycle 7 feedback: 4.4957098960876465
[INFO] [1789251582.586507655] [nav_goal_sender]: cycle 7 feedback: 4.4957098960876465
[INFO] [1789251582.596710809] [nav_goal_sender]: cycle 7 feedback: 4.4957098960876465
[INFO] [1789251582.606842463] [nav_goal_sender]: cycle 7 feedback: 4.4957098960876465
[INFO] [1789251582.617278618] [nav_goal_sender]: cycle 7 feedback: 4.4957098960876465
[INFO] [1789251582.627544172] [nav_goal_sender]: cycle 7 feedback: 4.4957098960876465
[INFO] [1789251582.636760421] [nav_goal_sender]: cycle 7 feedback: 4.4957098960876465
[INFO] [1789251582.646852174] [nav_goal_sender]: cycle 7 feedback: 4.4957098960876465
[INFO] [1789251582.656690826] [nav_goal_sender]: cycle 7 feedback: 4.4957098960876465
[INFO] [1789251582.668085787] [nav_goal_sender]: cycle 7 feedback: 4.4957098960876465
[INFO] [1789251582.676558732] [nav_goal_sender]: cycle 7 feedback: 4.4957098960876465
[INFO] [1789251582.686807186] [nav_goal_sender]: cycle 7 feedback: 4.470710277557373
[INFO] [1789251582.697234241] [nav_goal_sender]: cycle 7 feedback: 4.470710277557373
[INFO] [1789251582.707151793] [nav_goal_sender]: cycle 7 feedback: 4.470710277557373
[INFO] [1789251582.718024351] [nav_goal_sender]: cycle 7 feedback: 4.470710277557373
[INFO] [1789251582.726447096] [nav_goal_sender]: cycle 7 feedback: 4.470710277557373
[INFO] [1789251582.736538449] [nav_goal_sender]: cycle 7 feedback: 4.470710277557373
[INFO] [1789251582.746568602] [nav_goal_sender]: cycle 7 feedback: 4.470710277557373
[INFO] [1789251582.756781456] [nav_goal_sender]: cycle 7 feedback: 4.470710277557373
[INFO] [1789251582.766923510] [nav_goal_sender]: cycle 7 feedback: 4.470710277557373
[INFO] [1789251582.777017663] [nav_goal_sender]: cycle 7 feedback: 4.470710277557373
[INFO] [1789251582.786378013] [nav_goal_sender]: cycle 7 feedback: 4.470710277557373
[INFO] [1789251582.796476666] [nav_goal_sender]: cycle 7 feedback: 4.470710277557373
[INFO] [1789251582.808212428] [nav_goal_sender]: cycle 7 feedback: 4.4457106590271
[INFO] [1789251582.816635373] [nav_goal_sender]: cycle 7 feedback: 4.4457106590271
[INFO] [1789251582.826577325] [nav_goal_sender]: cycle 7 feedback: 4.570710182189941
[INFO] [1789251582.836406177] [nav_goal_sender]: cycle 7 feedback: 4.570710182189941
[INFO] [1789251582.846203129] [nav_goal_sender]: cycle 7 feedback: 4.6882758140563965
[INFO] [1789251582.856687085] [nav_goal_sender]: cycle 7 feedback: 4.6882758140563965
[INFO] [1789251582.866579437] [nav_goal_sender]: cycle 7 feedback: 4.6882758140563965
[INFO] [1789251582.876912692] [nav_goal_sender]: cycle 7 feedback: 4.6882758140563965
[INFO] [1789251582.886551943] [nav_goal_sender]: cycle 7 feedback: 4.6882758140563965
[INFO] [1789251582.896525696] [nav_goal_sender]: cycle 7 feedback: 4.6882758140563965
[INFO] [1789251582.906669649] [nav_goal_sender]: cycle 7 feedback: 4.6882758140563965
[INFO] [1789251582.920179621] [nav_goal_sender]: cycle 7 feedback: 4.6882758140563965
[INFO] [1789251582.926218753] [nav_goal_sender]: cycle 7 feedback: 4.6882758140563965
[INFO] [1789251582.936276306] [nav_goal_sender]: cycle 7 feedback: 4.6882758140563965
[INFO] [1789251582.946844062] [nav_goal_sender]: cycle 7 feedback: 4.6882758140563965
[INFO] [1789251582.956149111] [nav_goal_sender]: cycle 7 feedback: 4.6882758140563965
[INFO] [1789251582.966637567] [nav_goal_sender]: cycle 7 feedback: 4.6882758140563965
[INFO] [1789251582.976202017] [nav_goal_sender]: cycle 7 feedback: 4.6882758140563965
[INFO] [1789251582.986146370] [nav_goal_sender]: cycle 7 feedback: 4.6882758140563965
[INFO] [1789251582.996166823] [nav_goal_sender]: cycle 7 feedback: 4.6882758140563965
[INFO] [1789251583.006327377] [nav_goal_sender]: cycle 7 feedback: 4.6882758140563965
[INFO] [1789251583.016514430] [nav_goal_sender]: cycle 7 feedback: 4.6882758140563965
[INFO] [1789251583.036631237] [nav_goal_sender]: cycle 7 goal FINISHED: status=6 (re-sending after 1s pause)
[INFO] [1789251584.039833345] [nav_goal_sender]: cycle 8: sending goal x=4.000 y=4.000 yaw=0.000
[INFO] [1789251584.041533254] [nav_goal_sender]: cycle 8 goal ACCEPTED: True
[INFO] [1789251584.042348259] [nav_goal_sender]: cycle 8 feedback: 0.0
[INFO] [1789251584.051848909] [nav_goal_sender]: cycle 8 feedback: 0.0
[INFO] [1789251584.062432165] [nav_goal_sender]: cycle 8 feedback: 4.620035648345947
[INFO] [1789251584.072019716] [nav_goal_sender]: cycle 8 feedback: 4.620035648345947
[INFO] [1789251584.082038469] [nav_goal_sender]: cycle 8 feedback: 4.620035648345947
[INFO] [1789251584.092380223] [nav_goal_sender]: cycle 8 feedback: 4.620035648345947
[INFO] [1789251584.101949874] [nav_goal_sender]: cycle 8 feedback: 4.620035648345947
[INFO] [1789251584.111609225] [nav_goal_sender]: cycle 8 feedback: 4.620035648345947
[INFO] [1789251584.122506483] [nav_goal_sender]: cycle 8 feedback: 4.620035648345947
[INFO] [1789251584.132102334] [nav_goal_sender]: cycle 8 feedback: 4.620035648345947
[INFO] [1789251584.142313288] [nav_goal_sender]: cycle 8 feedback: 4.620035648345947
[INFO] [1789251584.152112639] [nav_goal_sender]: cycle 8 feedback: 4.620035648345947
[INFO] [1789251584.161696290] [nav_goal_sender]: cycle 8 feedback: 4.620035648345947
[INFO] [1789251584.172205246] [nav_goal_sender]: cycle 8 feedback: 4.620035648345947
[INFO] [1789251584.182160398] [nav_goal_sender]: cycle 8 feedback: 4.620035648345947
[INFO] [1789251584.191614348] [nav_goal_sender]: cycle 8 feedback: 4.620035648345947
[INFO] [1789251584.201968703] [nav_goal_sender]: cycle 8 feedback: 4.620035648345947
[INFO] [1789251584.212083957] [nav_goal_sender]: cycle 8 feedback: 4.620035648345947
[INFO] [1789251584.222645713] [nav_goal_sender]: cycle 8 feedback: 4.620035648345947
[INFO] [1789251584.231748461] [nav_goal_sender]: cycle 8 feedback: 4.620035648345947
[INFO] [1789251584.242043615] [nav_goal_sender]: cycle 8 feedback: 4.620035648345947
[INFO] [1789251584.252090868] [nav_goal_sender]: cycle 8 feedback: 4.620035648345947
[INFO] [1789251584.261820020] [nav_goal_sender]: cycle 8 feedback: 4.620035648345947
[INFO] [1789251584.272455876] [nav_goal_sender]: cycle 8 feedback: 4.620035648345947
[INFO] [1789251584.282345729] [nav_goal_sender]: cycle 8 feedback: 4.620035648345947
[INFO] [1789251584.291864779] [nav_goal_sender]: cycle 8 feedback: 4.620035648345947
[INFO] [1789251584.301731031] [nav_goal_sender]: cycle 8 feedback: 4.620035648345947
[INFO] [1789251584.311820285] [nav_goal_sender]: cycle 8 feedback: 4.620035648345947
[INFO] [1789251584.322653742] [nav_goal_sender]: cycle 8 feedback: 4.620035648345947
[INFO] [1789251584.332296593] [nav_goal_sender]: cycle 8 feedback: 4.620035648345947
[INFO] [1789251584.341948444] [nav_goal_sender]: cycle 8 feedback: 4.620035648345947
[INFO] [1789251584.351602195] [nav_goal_sender]: cycle 8 feedback: 4.620035648345947
[INFO] [1789251584.362022750] [nav_goal_sender]: cycle 8 feedback: 4.620035648345947
[INFO] [1789251584.371767302] [nav_goal_sender]: cycle 8 feedback: 4.620035648345947
[INFO] [1789251584.381868655] [nav_goal_sender]: cycle 8 feedback: 4.620035648345947
[INFO] [1789251584.392655912] [nav_goal_sender]: cycle 8 feedback: 4.5707106590271
[INFO] [1789251584.401604260] [nav_goal_sender]: cycle 8 feedback: 4.5707106590271
[INFO] [1789251584.411919814] [nav_goal_sender]: cycle 8 feedback: 4.5707106590271
[INFO] [1789251584.421765966] [nav_goal_sender]: cycle 8 feedback: 4.5707106590271
[INFO] [1789251584.431922320] [nav_goal_sender]: cycle 8 feedback: 4.5707106590271
[INFO] [1789251584.441876173] [nav_goal_sender]: cycle 8 feedback: 4.5707106590271
[INFO] [1789251584.451759225] [nav_goal_sender]: cycle 8 feedback: 4.5707106590271
[INFO] [1789251584.461645677] [nav_goal_sender]: cycle 8 feedback: 4.5707106590271
[INFO] [1789251584.472592135] [nav_goal_sender]: cycle 8 feedback: 4.5707106590271
[INFO] [1789251584.481730584] [nav_goal_sender]: cycle 8 feedback: 4.5707106590271
[INFO] [1789251584.491733037] [nav_goal_sender]: cycle 8 feedback: 4.5707106590271
[INFO] [1789251584.501663189] [nav_goal_sender]: cycle 8 feedback: 4.5707106590271
[INFO] [1789251584.511728542] [nav_goal_sender]: cycle 8 feedback: 4.5707106590271
[INFO] [1789251584.522019797] [nav_goal_sender]: cycle 8 feedback: 4.5707106590271
[INFO] [1789251584.531668648] [nav_goal_sender]: cycle 8 feedback: 4.5707106590271
[INFO] [1789251584.541724801] [nav_goal_sender]: cycle 8 feedback: 4.5707106590271
[INFO] [1789251584.552139256] [nav_goal_sender]: cycle 8 feedback: 4.5707106590271
[INFO] [1789251584.561620606] [nav_goal_sender]: cycle 8 feedback: 4.5707106590271
[INFO] [1789251584.571841360] [nav_goal_sender]: cycle 8 feedback: 4.54571008682251
[INFO] [1789251584.582337316] [nav_goal_sender]: cycle 8 feedback: 4.54571008682251
[INFO] [1789251584.591810866] [nav_goal_sender]: cycle 8 feedback: 4.54571008682251
[INFO] [1789251584.601708818] [nav_goal_sender]: cycle 8 feedback: 4.54571008682251
[INFO] [1789251584.612075373] [nav_goal_sender]: cycle 8 feedback: 4.54571008682251
[INFO] [1789251584.621897725] [nav_goal_sender]: cycle 8 feedback: 4.54571008682251
[INFO] [1789251584.631755177] [nav_goal_sender]: cycle 8 feedback: 4.620035648345947
[INFO] [1789251584.641759330] [nav_goal_sender]: cycle 8 feedback: 4.620035648345947
[INFO] [1789251584.652005285] [nav_goal_sender]: cycle 8 feedback: 4.620035648345947
[INFO] [1789251584.661855137] [nav_goal_sender]: cycle 8 feedback: 4.620035648345947
[INFO] [1789251584.671828889] [nav_goal_sender]: cycle 8 feedback: 4.620035648345947
[INFO] [1789251584.682111744] [nav_goal_sender]: cycle 8 feedback: 4.620035648345947
[INFO] [1789251584.691808695] [nav_goal_sender]: cycle 8 feedback: 4.620035648345947
[INFO] [1789251584.701806648] [nav_goal_sender]: cycle 8 feedback: 4.620035648345947
[INFO] [1789251584.711878701] [nav_goal_sender]: cycle 8 feedback: 4.620035648345947
[INFO] [1789251584.722372457] [nav_goal_sender]: cycle 8 feedback: 4.620035648345947
[INFO] [1789251584.731812307] [nav_goal_sender]: cycle 8 feedback: 4.620035648345947
[INFO] [1789251584.741644859] [nav_goal_sender]: cycle 8 feedback: 4.620035648345947
[INFO] [1789251584.751719212] [nav_goal_sender]: cycle 8 feedback: 4.620035648345947
[INFO] [1789251584.761738065] [nav_goal_sender]: cycle 8 feedback: 4.620035648345947
[INFO] [1789251584.772054620] [nav_goal_sender]: cycle 8 feedback: 4.620035648345947
[INFO] [1789251584.781943172] [nav_goal_sender]: cycle 8 feedback: 4.620035648345947
[INFO] [1789251584.792179026] [nav_goal_sender]: cycle 8 feedback: 4.620035648345947
[INFO] [1789251584.801984878] [nav_goal_sender]: cycle 8 feedback: 4.620035648345947
[INFO] [1789251584.811764630] [nav_goal_sender]: cycle 8 feedback: 4.620035648345947
[INFO] [1789251584.821751983] [nav_goal_sender]: cycle 8 feedback: 4.620035648345947
[INFO] [1789251584.831932737] [nav_goal_sender]: cycle 8 feedback: 4.620035648345947
[INFO] [1789251584.841683888] [nav_goal_sender]: cycle 8 feedback: 4.620035648345947
[INFO] [1789251584.852448445] [nav_goal_sender]: cycle 8 feedback: 4.620035648345947
[INFO] [1789251584.861783195] [nav_goal_sender]: cycle 8 feedback: 4.620035648345947
[INFO] [1789251584.871845448] [nav_goal_sender]: cycle 8 feedback: 4.620035648345947
[INFO] [1789251584.881761100] [nav_goal_sender]: cycle 8 feedback: 4.620035648345947
[INFO] [1789251584.891706653] [nav_goal_sender]: cycle 8 feedback: 4.620035648345947
[INFO] [1789251584.901653706] [nav_goal_sender]: cycle 8 feedback: 4.620035648345947
[INFO] [1789251584.911924660] [nav_goal_sender]: cycle 8 feedback: 4.620035648345947
[INFO] [1789251584.922060214] [nav_goal_sender]: cycle 8 feedback: 4.620035648345947
[INFO] [1789251584.931711965] [nav_goal_sender]: cycle 8 feedback: 4.620035648345947
[INFO] [1789251584.941635517] [nav_goal_sender]: cycle 8 feedback: 4.620035648345947
[INFO] [1789251584.951733871] [nav_goal_sender]: cycle 8 feedback: 4.620035648345947
[INFO] [1789251584.961929025] [nav_goal_sender]: cycle 8 feedback: 4.620035648345947
[INFO] [1789251584.971975478] [nav_goal_sender]: cycle 8 feedback: 4.620035648345947
[INFO] [1789251584.981786230] [nav_goal_sender]: cycle 8 feedback: 4.620035648345947
[INFO] [1789251584.991788383] [nav_goal_sender]: cycle 8 feedback: 4.620035648345947
[INFO] [1789251585.001729135] [nav_goal_sender]: cycle 8 feedback: 4.620035648345947
[INFO] [1789251585.011728488] [nav_goal_sender]: cycle 8 feedback: 4.620035648345947
[INFO] [1789251585.021867542] [nav_goal_sender]: cycle 8 feedback: 4.620035648345947
[INFO] [1789251585.031737194] [nav_goal_sender]: cycle 8 feedback: 4.620035648345947
[INFO] [1789251585.041753847] [nav_goal_sender]: cycle 8 feedback: 4.620035648345947
[INFO] [1789251585.051678099] [nav_goal_sender]: cycle 8 feedback: 4.620035648345947
[INFO] [1789251585.061679252] [nav_goal_sender]: cycle 8 feedback: 4.620035648345947
[INFO] [1789251585.072646810] [nav_goal_sender]: cycle 8 feedback: 4.620035648345947
[INFO] [1789251585.081807559] [nav_goal_sender]: cycle 8 feedback: 4.620035648345947
[INFO] [1789251585.092443415] [nav_goal_sender]: cycle 8 feedback: 4.921650409698486
[INFO] [1789251585.101638364] [nav_goal_sender]: cycle 8 feedback: 4.921650409698486
[INFO] [1789251585.111762917] [nav_goal_sender]: cycle 8 feedback: 4.921650409698486
[INFO] [1789251585.122255773] [nav_goal_sender]: cycle 8 feedback: 4.921650409698486
[INFO] [1789251585.131589622] [nav_goal_sender]: cycle 8 feedback: 4.921650409698486
[INFO] [1789251585.141678276] [nav_goal_sender]: cycle 8 feedback: 4.921650409698486
[INFO] [1789251585.151652528] [nav_goal_sender]: cycle 8 feedback: 4.921650409698486
[INFO] [1789251585.161732982] [nav_goal_sender]: cycle 8 feedback: 4.921650409698486
[INFO] [1789251585.171840435] [nav_goal_sender]: cycle 8 feedback: 4.895709991455078
[INFO] [1789251585.181817788] [nav_goal_sender]: cycle 8 feedback: 4.895709991455078
[INFO] [1789251585.191736041] [nav_goal_sender]: cycle 8 feedback: 4.895709991455078
[INFO] [1789251585.201697893] [nav_goal_sender]: cycle 8 feedback: 4.895709991455078
[INFO] [1789251585.211914347] [nav_goal_sender]: cycle 8 feedback: 4.895709991455078
[INFO] [1789251585.221871400] [nav_goal_sender]: cycle 8 feedback: 4.895709991455078
[INFO] [1789251585.231709752] [nav_goal_sender]: cycle 8 feedback: 4.8207106590271
[INFO] [1789251585.241636505] [nav_goal_sender]: cycle 8 feedback: 4.8207106590271
[INFO] [1789251585.251643358] [nav_goal_sender]: cycle 8 feedback: 4.770710468292236
[INFO] [1789251585.261577810] [nav_goal_sender]: cycle 8 feedback: 4.770710468292236
[INFO] [1789251585.272001365] [nav_goal_sender]: cycle 8 feedback: 4.720710754394531
[INFO] [1789251585.281839817] [nav_goal_sender]: cycle 8 feedback: 4.720710754394531
[INFO] [1789251585.291649569] [nav_goal_sender]: cycle 8 feedback: 4.670710563659668
[INFO] [1789251585.301915824] [nav_goal_sender]: cycle 8 feedback: 4.670710563659668
[INFO] [1789251585.311882176] [nav_goal_sender]: cycle 8 feedback: 4.645710468292236
[INFO] [1789251585.322051430] [nav_goal_sender]: cycle 8 feedback: 4.645710468292236
[INFO] [1789251585.331701781] [nav_goal_sender]: cycle 8 feedback: 4.595710277557373
[INFO] [1789251585.341921135] [nav_goal_sender]: cycle 8 feedback: 4.595710277557373
[INFO] [1789251585.351669587] [nav_goal_sender]: cycle 8 feedback: 4.54571008682251
[INFO] [1789251585.361633240] [nav_goal_sender]: cycle 8 feedback: 4.54571008682251
[INFO] [1789251585.371946094] [nav_goal_sender]: cycle 8 feedback: 4.495710372924805
[INFO] [1789251585.381816046] [nav_goal_sender]: cycle 8 feedback: 4.495710372924805
[INFO] [1789251585.391697299] [nav_goal_sender]: cycle 8 feedback: 4.4457106590271
[INFO] [1789251585.401650051] [nav_goal_sender]: cycle 8 feedback: 4.4457106590271
[INFO] [1789251585.411656104] [nav_goal_sender]: cycle 8 feedback: 4.395710468292236
[INFO] [1789251585.422261860] [nav_goal_sender]: cycle 8 feedback: 4.395710468292236
[INFO] [1789251585.431708710] [nav_goal_sender]: cycle 8 feedback: 4.395710468292236
[INFO] [1789251585.441650463] [nav_goal_sender]: cycle 8 feedback: 4.395710468292236
[INFO] [1789251585.451658816] [nav_goal_sender]: cycle 8 feedback: 4.395710468292236
[INFO] [1789251585.461619069] [nav_goal_sender]: cycle 8 feedback: 4.395710468292236
[INFO] [1789251585.471806723] [nav_goal_sender]: cycle 8 feedback: 4.395710468292236
[INFO] [1789251585.482248378] [nav_goal_sender]: cycle 8 feedback: 4.395710468292236
[INFO] [1789251585.492271331] [nav_goal_sender]: cycle 8 feedback: 4.370710849761963
[INFO] [1789251585.501731781] [nav_goal_sender]: cycle 8 feedback: 4.370710849761963
[INFO] [1789251585.511949535] [nav_goal_sender]: cycle 8 feedback: 4.370710849761963
[INFO] [1789251585.521748987] [nav_goal_sender]: cycle 8 feedback: 4.370710849761963
[INFO] [1789251585.531829840] [nav_goal_sender]: cycle 8 feedback: 4.370710849761963
[INFO] [1789251585.541743293] [nav_goal_sender]: cycle 8 feedback: 4.370710849761963
[INFO] [1789251585.551645445] [nav_goal_sender]: cycle 8 feedback: 4.370710849761963
[INFO] [1789251585.561613498] [nav_goal_sender]: cycle 8 feedback: 4.370710849761963
[INFO] [1789251585.571890252] [nav_goal_sender]: cycle 8 feedback: 4.370710849761963
[INFO] [1789251585.582448808] [nav_goal_sender]: cycle 8 feedback: 4.370710849761963
[INFO] [1789251585.591670257] [nav_goal_sender]: cycle 8 feedback: 4.370710849761963
[INFO] [1789251585.601652010] [nav_goal_sender]: cycle 8 feedback: 4.370710849761963
[INFO] [1789251585.611642762] [nav_goal_sender]: cycle 8 feedback: 4.345710754394531
[INFO] [1789251585.621907917] [nav_goal_sender]: cycle 8 feedback: 4.345710754394531
[INFO] [1789251585.631746869] [nav_goal_sender]: cycle 8 feedback: 4.345710754394531
[INFO] [1789251585.641795322] [nav_goal_sender]: cycle 8 feedback: 4.345710754394531
[INFO] [1789251585.651766775] [nav_goal_sender]: cycle 8 feedback: 4.345710754394531
[INFO] [1789251585.661726227] [nav_goal_sender]: cycle 8 feedback: 4.345710754394531
[INFO] [1789251585.671883181] [nav_goal_sender]: cycle 8 feedback: 4.345710754394531
[INFO] [1789251585.681795934] [nav_goal_sender]: cycle 8 feedback: 4.345710754394531
[INFO] [1789251585.691672486] [nav_goal_sender]: cycle 8 feedback: 4.345710754394531
[INFO] [1789251585.701638039] [nav_goal_sender]: cycle 8 feedback: 4.345710754394531
[INFO] [1789251585.711872593] [nav_goal_sender]: cycle 8 feedback: 4.3207106590271
[INFO] [1789251585.722016546] [nav_goal_sender]: cycle 8 feedback: 4.3207106590271
[INFO] [1789251585.731634697] [nav_goal_sender]: cycle 8 feedback: 4.3207106590271
[INFO] [1789251585.741661650] [nav_goal_sender]: cycle 8 feedback: 4.3207106590271
[INFO] [1789251585.751639903] [nav_goal_sender]: cycle 8 feedback: 4.3207106590271
[INFO] [1789251585.761608956] [nav_goal_sender]: cycle 8 feedback: 4.3207106590271
[INFO] [1789251585.771771510] [nav_goal_sender]: cycle 8 feedback: 4.3207106590271
[INFO] [1789251585.781829763] [nav_goal_sender]: cycle 8 feedback: 4.3207106590271
[INFO] [1789251585.791638315] [nav_goal_sender]: cycle 8 feedback: 4.3207106590271
[INFO] [1789251585.801600268] [nav_goal_sender]: cycle 8 feedback: 4.3207106590271
[INFO] [1789251585.811713421] [nav_goal_sender]: cycle 8 feedback: 4.295710563659668
[INFO] [1789251585.821816575] [nav_goal_sender]: cycle 8 feedback: 4.295710563659668
[INFO] [1789251585.831655327] [nav_goal_sender]: cycle 8 feedback: 4.295710563659668
[INFO] [1789251585.841639379] [nav_goal_sender]: cycle 8 feedback: 4.295710563659668
[INFO] [1789251585.851598332] [nav_goal_sender]: cycle 8 feedback: 4.3207106590271
[INFO] [1789251585.861668985] [nav_goal_sender]: cycle 8 feedback: 4.3207106590271
[INFO] [1789251585.871758739] [nav_goal_sender]: cycle 8 feedback: 4.3207106590271
[INFO] [1789251585.881807092] [nav_goal_sender]: cycle 8 feedback: 4.3207106590271
[INFO] [1789251585.891735845] [nav_goal_sender]: cycle 8 feedback: 4.3207106590271
[INFO] [1789251585.901587797] [nav_goal_sender]: cycle 8 feedback: 4.3207106590271
[INFO] [1789251585.911874451] [nav_goal_sender]: cycle 8 feedback: 4.3207106590271
[INFO] [1789251585.921949604] [nav_goal_sender]: cycle 8 feedback: 4.3207106590271
[INFO] [1789251585.931730356] [nav_goal_sender]: cycle 8 feedback: 4.3207106590271
[INFO] [1789251585.941692909] [nav_goal_sender]: cycle 8 feedback: 4.3207106590271
[INFO] [1789251585.951597961] [nav_goal_sender]: cycle 8 feedback: 4.3207106590271
[INFO] [1789251585.961568514] [nav_goal_sender]: cycle 8 feedback: 4.3207106590271
[INFO] [1789251585.971741368] [nav_goal_sender]: cycle 8 feedback: 4.3207106590271
[INFO] [1789251585.982026022] [nav_goal_sender]: cycle 8 feedback: 4.3207106590271
[INFO] [1789251585.992125376] [nav_goal_sender]: cycle 8 feedback: 4.3207106590271
[INFO] [1789251586.001943828] [nav_goal_sender]: cycle 8 feedback: 4.3207106590271
[INFO] [1789251586.011639479] [nav_goal_sender]: cycle 8 feedback: 4.3207106590271
[INFO] [1789251586.021860633] [nav_goal_sender]: cycle 8 feedback: 4.3207106590271
[INFO] [1789251586.031715685] [nav_goal_sender]: cycle 8 feedback: 4.3207106590271
[INFO] [1789251586.041691938] [nav_goal_sender]: cycle 8 feedback: 4.3207106590271
[INFO] [1789251586.051584190] [nav_goal_sender]: cycle 8 feedback: 4.3207106590271
[INFO] [1789251586.061600043] [nav_goal_sender]: cycle 8 feedback: 4.3207106590271
[INFO] [1789251586.071801197] [nav_goal_sender]: cycle 8 feedback: 4.3207106590271
[INFO] [1789251586.081752650] [nav_goal_sender]: cycle 8 feedback: 4.3207106590271
[INFO] [1789251586.091665302] [nav_goal_sender]: cycle 8 feedback: 4.295710563659668
[INFO] [1789251586.101884357] [nav_goal_sender]: cycle 8 feedback: 4.295710563659668
[INFO] [1789251586.111742209] [nav_goal_sender]: cycle 8 feedback: 4.295710563659668
[INFO] [1789251586.122422665] [nav_goal_sender]: cycle 8 feedback: 5.365255832672119
[INFO] [1789251586.131648914] [nav_goal_sender]: cycle 8 feedback: 5.365255832672119
[INFO] [1789251586.141693267] [nav_goal_sender]: cycle 8 feedback: 5.365255832672119
[INFO] [1789251586.151630120] [nav_goal_sender]: cycle 8 feedback: 5.365255832672119
[INFO] [1789251586.161617773] [nav_goal_sender]: cycle 8 feedback: 5.365255832672119
[INFO] [1789251586.171710526] [nav_goal_sender]: cycle 8 feedback: 5.365255832672119
[INFO] [1789251586.181810879] [nav_goal_sender]: cycle 8 feedback: 5.365255832672119
[INFO] [1789251586.191742732] [nav_goal_sender]: cycle 8 feedback: 5.365255832672119
[INFO] [1789251586.201604184] [nav_goal_sender]: cycle 8 feedback: 5.365255832672119
[INFO] [1789251586.211683938] [nav_goal_sender]: cycle 8 feedback: 5.365255832672119
[INFO] [1789251586.221992492] [nav_goal_sender]: cycle 8 feedback: 5.365255832672119
[INFO] [1789251586.231607243] [nav_goal_sender]: cycle 8 feedback: 5.365255832672119
[INFO] [1789251586.241748397] [nav_goal_sender]: cycle 8 feedback: 5.365255832672119
[INFO] [1789251586.251592149] [nav_goal_sender]: cycle 8 feedback: 5.365255832672119
[INFO] [1789251586.261700402] [nav_goal_sender]: cycle 8 feedback: 5.365255832672119
[INFO] [1789251586.271747355] [nav_goal_sender]: cycle 8 feedback: 5.365255832672119
[INFO] [1789251586.281820809] [nav_goal_sender]: cycle 8 feedback: 5.365255832672119
[INFO] [1789251586.291679461] [nav_goal_sender]: cycle 8 feedback: 5.365255832672119
[INFO] [1789251586.301595113] [nav_goal_sender]: cycle 8 feedback: 5.365255832672119
[INFO] [1789251586.311959368] [nav_goal_sender]: cycle 8 feedback: 5.365255832672119
[INFO] [1789251586.321870921] [nav_goal_sender]: cycle 8 feedback: 5.365255832672119
[INFO] [1789251586.331687473] [nav_goal_sender]: cycle 8 feedback: 5.365255832672119
[INFO] [1789251586.341722426] [nav_goal_sender]: cycle 8 feedback: 5.365255832672119
[INFO] [1789251586.351593578] [nav_goal_sender]: cycle 8 feedback: 5.365255832672119
[INFO] [1789251586.361617631] [nav_goal_sender]: cycle 8 feedback: 5.365255832672119
[INFO] [1789251586.371791285] [nav_goal_sender]: cycle 8 feedback: 5.365255832672119
[INFO] [1789251586.381841838] [nav_goal_sender]: cycle 8 feedback: 5.365255832672119
[INFO] [1789251586.391693690] [nav_goal_sender]: cycle 8 feedback: 5.365255832672119
[INFO] [1789251586.401681443] [nav_goal_sender]: cycle 8 feedback: 5.365255832672119
[INFO] [1789251586.411693596] [nav_goal_sender]: cycle 8 feedback: 5.365255832672119
[INFO] [1789251586.422087251] [nav_goal_sender]: cycle 8 feedback: 5.365255832672119
[INFO] [1789251586.431749402] [nav_goal_sender]: cycle 8 feedback: 5.220710754394531
[INFO] [1789251586.441638854] [nav_goal_sender]: cycle 8 feedback: 5.220710754394531
[INFO] [1789251586.451619207] [nav_goal_sender]: cycle 8 feedback: 5.170710563659668
[INFO] [1789251586.461626760] [nav_goal_sender]: cycle 8 feedback: 5.170710563659668
[INFO] [1789251586.471804314] [nav_goal_sender]: cycle 8 feedback: 5.170710563659668
[INFO] [1789251586.481743167] [nav_goal_sender]: cycle 8 feedback: 5.170710563659668
[INFO] [1789251586.491784620] [nav_goal_sender]: cycle 8 feedback: 5.170710563659668
[INFO] [1789251586.501609072] [nav_goal_sender]: cycle 8 feedback: 5.170710563659668
[INFO] [1789251586.511925926] [nav_goal_sender]: cycle 8 feedback: 5.170710563659668
[INFO] [1789251586.521747278] [nav_goal_sender]: cycle 8 feedback: 5.170710563659668
[INFO] [1789251586.541736884] [nav_goal_sender]: cycle 8 goal FINISHED: status=6 (re-sending after 1s pause)
[INFO] [1789251587.546534001] [nav_goal_sender]: cycle 9: sending goal x=4.000 y=4.000 yaw=0.000
[INFO] [1789251587.548321110] [nav_goal_sender]: cycle 9 goal ACCEPTED: True
[INFO] [1789251587.550022419] [nav_goal_sender]: cycle 9 feedback: 0.0
[INFO] [1789251587.558999867] [nav_goal_sender]: cycle 9 feedback: 0.0
[INFO] [1789251587.569710123] [nav_goal_sender]: cycle 9 feedback: 0.0
[INFO] [1789251587.578895672] [nav_goal_sender]: cycle 9 feedback: 0.0
[INFO] [1789251587.588435622] [nav_goal_sender]: cycle 9 feedback: 0.0
[INFO] [1789251587.598579476] [nav_goal_sender]: cycle 9 feedback: 0.0
[INFO] [1789251587.608726930] [nav_goal_sender]: cycle 9 feedback: 0.0
[INFO] [1789251587.618664082] [nav_goal_sender]: cycle 9 feedback: 0.0
[INFO] [1789251587.628462834] [nav_goal_sender]: cycle 9 feedback: 0.0
[INFO] [1789251587.638587188] [nav_goal_sender]: cycle 9 feedback: 0.0
[INFO] [1789251587.648652841] [nav_goal_sender]: cycle 9 feedback: 0.0
[INFO] [1789251587.658564894] [nav_goal_sender]: cycle 9 feedback: 0.0
[INFO] [1789251587.668483046] [nav_goal_sender]: cycle 9 feedback: 0.0
[INFO] [1789251587.678637200] [nav_goal_sender]: cycle 9 feedback: 0.0
[INFO] [1789251587.688429152] [nav_goal_sender]: cycle 9 feedback: 0.0
[INFO] [1789251587.698595205] [nav_goal_sender]: cycle 9 feedback: 0.0
[INFO] [1789251587.708399057] [nav_goal_sender]: cycle 9 feedback: 0.0
[INFO] [1789251587.718518511] [nav_goal_sender]: cycle 9 feedback: 0.0
[INFO] [1789251587.728592264] [nav_goal_sender]: cycle 9 feedback: 0.0
[INFO] [1789251587.738424316] [nav_goal_sender]: cycle 9 feedback: 0.0
[INFO] [1789251587.748489269] [nav_goal_sender]: cycle 9 feedback: 0.0
[INFO] [1789251587.758499222] [nav_goal_sender]: cycle 9 feedback: 0.0
[INFO] [1789251587.768487975] [nav_goal_sender]: cycle 9 feedback: 0.0
[INFO] [1789251587.778612029] [nav_goal_sender]: cycle 9 feedback: 0.0
[INFO] [1789251587.789304985] [nav_goal_sender]: cycle 9 feedback: 0.0
[INFO] [1789251587.798704335] [nav_goal_sender]: cycle 9 feedback: 0.0
[INFO] [1789251587.809302991] [nav_goal_sender]: cycle 9 feedback: 0.0
[INFO] [1789251587.819667246] [nav_goal_sender]: cycle 9 feedback: 0.0
[INFO] [1789251587.829576398] [nav_goal_sender]: cycle 9 feedback: 0.0
[INFO] [1789251587.838447645] [nav_goal_sender]: cycle 9 feedback: 0.0
[INFO] [1789251587.848600899] [nav_goal_sender]: cycle 9 feedback: 0.0
[INFO] [1789251587.858393651] [nav_goal_sender]: cycle 9 feedback: 0.0
[INFO] [1789251587.868445004] [nav_goal_sender]: cycle 9 feedback: 0.0
[INFO] [1789251587.879600163] [nav_goal_sender]: cycle 9 feedback: 0.0
[INFO] [1789251587.888452010] [nav_goal_sender]: cycle 9 feedback: 0.0
[INFO] [1789251587.898639764] [nav_goal_sender]: cycle 9 feedback: 0.0
[INFO] [1789251587.908409416] [nav_goal_sender]: cycle 9 feedback: 0.0
[INFO] [1789251587.918551269] [nav_goal_sender]: cycle 9 feedback: 0.0
[INFO] [1789251587.928477622] [nav_goal_sender]: cycle 9 feedback: 0.0
[INFO] [1789251587.938713576] [nav_goal_sender]: cycle 9 feedback: 0.0
[INFO] [1789251587.948468528] [nav_goal_sender]: cycle 9 feedback: 0.0
[INFO] [1789251587.958453280] [nav_goal_sender]: cycle 9 feedback: 0.0
[INFO] [1789251587.968719335] [nav_goal_sender]: cycle 9 feedback: 0.0
[INFO] [1789251587.978779188] [nav_goal_sender]: cycle 9 feedback: 0.0
[INFO] [1789251587.988506839] [nav_goal_sender]: cycle 9 feedback: 0.0
[INFO] [1789251587.999831399] [nav_goal_sender]: cycle 9 feedback: 0.0
[INFO] [1789251588.008700446] [nav_goal_sender]: cycle 9 feedback: 0.0
[INFO] [1789251588.018810700] [nav_goal_sender]: cycle 9 feedback: 0.0
[INFO] [1789251588.028860653] [nav_goal_sender]: cycle 9 feedback: 0.0
[INFO] [1789251588.038739805] [nav_goal_sender]: cycle 9 feedback: 0.0
[INFO] [1789251588.049414962] [nav_goal_sender]: cycle 9 feedback: 0.0
[INFO] [1789251588.058756511] [nav_goal_sender]: cycle 9 feedback: 0.0
[INFO] [1789251588.069255067] [nav_goal_sender]: cycle 9 feedback: 0.0
[INFO] [1789251588.078905418] [nav_goal_sender]: cycle 9 feedback: 0.0
[INFO] [1789251588.090180477] [nav_goal_sender]: cycle 9 feedback: 0.0
[INFO] [1789251588.098853923] [nav_goal_sender]: cycle 9 feedback: 0.0
[INFO] [1789251588.109119278] [nav_goal_sender]: cycle 9 feedback: 0.0
[INFO] [1789251588.119863634] [nav_goal_sender]: cycle 9 feedback: 0.0
[INFO] [1789251588.129173284] [nav_goal_sender]: cycle 9 feedback: 0.0
[INFO] [1789251588.140597744] [nav_goal_sender]: cycle 9 feedback: 0.0
[INFO] [1789251588.149314790] [nav_goal_sender]: cycle 9 feedback: 0.0
[INFO] [1789251588.159106042] [nav_goal_sender]: cycle 9 feedback: 0.0
[INFO] [1789251588.168793193] [nav_goal_sender]: cycle 9 feedback: 0.0
[INFO] [1789251588.179214448] [nav_goal_sender]: cycle 9 feedback: 0.0
[INFO] [1789251588.189116601] [nav_goal_sender]: cycle 9 feedback: 0.0
[INFO] [1789251588.199553556] [nav_goal_sender]: cycle 9 feedback: 0.0
[INFO] [1789251588.208718005] [nav_goal_sender]: cycle 9 feedback: 0.0
[INFO] [1789251588.218540457] [nav_goal_sender]: cycle 9 feedback: 0.0
[INFO] [1789251588.228843911] [nav_goal_sender]: cycle 9 feedback: 0.0
[INFO] [1789251588.239241666] [nav_goal_sender]: cycle 9 feedback: 0.0
[INFO] [1789251588.248685216] [nav_goal_sender]: cycle 9 feedback: 0.0
[INFO] [1789251588.259771575] [nav_goal_sender]: cycle 9 feedback: 10.345711708068848
[INFO] [1789251588.269183725] [nav_goal_sender]: cycle 9 feedback: 10.345711708068848
[INFO] [1789251588.279310978] [nav_goal_sender]: cycle 9 feedback: 10.345711708068848
[INFO] [1789251588.289153730] [nav_goal_sender]: cycle 9 feedback: 10.345711708068848
[INFO] [1789251588.298475880] [nav_goal_sender]: cycle 9 feedback: 10.345711708068848
[INFO] [1789251588.308996835] [nav_goal_sender]: cycle 9 feedback: 10.345711708068848
[INFO] [1789251588.319297890] [nav_goal_sender]: cycle 9 feedback: 10.345711708068848
[INFO] [1789251588.330596749] [nav_goal_sender]: cycle 9 feedback: 10.345711708068848
[INFO] [1789251588.340238501] [nav_goal_sender]: cycle 9 feedback: 10.345711708068848
[INFO] [1789251588.349667550] [nav_goal_sender]: cycle 9 feedback: 10.345711708068848
[INFO] [1789251588.359218301] [nav_goal_sender]: cycle 9 feedback: 10.345711708068848
[INFO] [1789251588.368563150] [nav_goal_sender]: cycle 9 feedback: 10.345711708068848
[INFO] [1789251588.378687404] [nav_goal_sender]: cycle 9 feedback: 10.345711708068848
[INFO] [1789251588.388499156] [nav_goal_sender]: cycle 9 feedback: 10.320711135864258
[INFO] [1789251588.398571809] [nav_goal_sender]: cycle 9 feedback: 10.320711135864258
[INFO] [1789251588.408410361] [nav_goal_sender]: cycle 9 feedback: 10.320711135864258
[INFO] [1789251588.419463720] [nav_goal_sender]: cycle 9 feedback: 10.320711135864258
[INFO] [1789251588.428570768] [nav_goal_sender]: cycle 9 feedback: 10.320711135864258
[INFO] [1789251588.438524521] [nav_goal_sender]: cycle 9 feedback: 10.320711135864258
[INFO] [1789251588.448532674] [nav_goal_sender]: cycle 9 feedback: 10.295711517333984
[INFO] [1789251588.458814628] [nav_goal_sender]: cycle 9 feedback: 10.295711517333984
[INFO] [1789251588.468662880] [nav_goal_sender]: cycle 9 feedback: 10.295711517333984
[INFO] [1789251588.479091335] [nav_goal_sender]: cycle 9 feedback: 10.295711517333984
[INFO] [1789251588.488964187] [nav_goal_sender]: cycle 9 feedback: 10.295711517333984
[INFO] [1789251588.498565738] [nav_goal_sender]: cycle 9 feedback: 10.295711517333984
[INFO] [1789251588.508908893] [nav_goal_sender]: cycle 9 feedback: 10.295711517333984
[INFO] [1789251588.519276948] [nav_goal_sender]: cycle 9 feedback: 10.295711517333984
[INFO] [1789251588.529160300] [nav_goal_sender]: cycle 9 feedback: 10.295711517333984
[INFO] [1789251588.539168953] [nav_goal_sender]: cycle 9 feedback: 10.295711517333984
[INFO] [1789251588.549040605] [nav_goal_sender]: cycle 9 feedback: 10.270710945129395
[INFO] [1789251588.559051958] [nav_goal_sender]: cycle 9 feedback: 10.270710945129395
[INFO] [1789251588.568861810] [nav_goal_sender]: cycle 9 feedback: 10.270710945129395
[INFO] [1789251588.578811163] [nav_goal_sender]: cycle 9 feedback: 10.270710945129395
[INFO] [1789251588.588653015] [nav_goal_sender]: cycle 9 feedback: 10.270710945129395
[INFO] [1789251588.598760668] [nav_goal_sender]: cycle 9 feedback: 10.270710945129395
[INFO] [1789251588.608965722] [nav_goal_sender]: cycle 9 feedback: 10.270710945129395
[INFO] [1789251588.619653179] [nav_goal_sender]: cycle 9 feedback: 10.270710945129395
[INFO] [1789251588.629324930] [nav_goal_sender]: cycle 9 feedback: 10.270710945129395
[INFO] [1789251588.639302383] [nav_goal_sender]: cycle 9 feedback: 10.270710945129395
[INFO] [1789251588.649428237] [nav_goal_sender]: cycle 9 feedback: 10.245711326599121
[INFO] [1789251588.659034287] [nav_goal_sender]: cycle 9 feedback: 10.245711326599121
[INFO] [1789251588.669278842] [nav_goal_sender]: cycle 9 feedback: 10.245711326599121
[INFO] [1789251588.679548296] [nav_goal_sender]: cycle 9 feedback: 10.245711326599121
[INFO] [1789251588.688576644] [nav_goal_sender]: cycle 9 feedback: 10.245711326599121
[INFO] [1789251588.699123099] [nav_goal_sender]: cycle 9 feedback: 10.245711326599121
[INFO] [1789251588.708968252] [nav_goal_sender]: cycle 9 feedback: 10.245711326599121
[INFO] [1789251588.720471812] [nav_goal_sender]: cycle 9 feedback: 10.245711326599121
[INFO] [1789251588.729689861] [nav_goal_sender]: cycle 9 feedback: 10.245711326599121
[INFO] [1789251588.739126711] [nav_goal_sender]: cycle 9 feedback: 10.245711326599121
[INFO] [1789251588.749107064] [nav_goal_sender]: cycle 9 feedback: 10.245711326599121
[INFO] [1789251588.759727420] [nav_goal_sender]: cycle 9 feedback: 10.245711326599121
[INFO] [1789251588.768632667] [nav_goal_sender]: cycle 9 feedback: 10.220711708068848
[INFO] [1789251588.779551225] [nav_goal_sender]: cycle 9 feedback: 10.220711708068848
[INFO] [1789251588.789320677] [nav_goal_sender]: cycle 9 feedback: 10.220711708068848
[INFO] [1789251588.798817427] [nav_goal_sender]: cycle 9 feedback: 10.220711708068848
[INFO] [1789251588.808781480] [nav_goal_sender]: cycle 9 feedback: 10.220711708068848
[INFO] [1789251588.819702538] [nav_goal_sender]: cycle 9 feedback: 10.220711708068848
[INFO] [1789251588.829098887] [nav_goal_sender]: cycle 9 feedback: 10.245711326599121
[INFO] [1789251588.838638938] [nav_goal_sender]: cycle 9 feedback: 10.245711326599121
[INFO] [1789251588.849186494] [nav_goal_sender]: cycle 9 feedback: 10.270710945129395
[INFO] [1789251588.858947245] [nav_goal_sender]: cycle 9 feedback: 10.270710945129395
[INFO] [1789251588.870082204] [nav_goal_sender]: cycle 9 feedback: 10.270710945129395
[INFO] [1789251588.880548059] [nav_goal_sender]: cycle 9 feedback: 10.270710945129395
[INFO] [1789251588.889400606] [nav_goal_sender]: cycle 9 feedback: 10.295711517333984
[INFO] [1789251588.898906957] [nav_goal_sender]: cycle 9 feedback: 10.295711517333984
[INFO] [1789251588.909129511] [nav_goal_sender]: cycle 9 feedback: 10.320711135864258
[INFO] [1789251588.919596566] [nav_goal_sender]: cycle 9 feedback: 10.320711135864258
[INFO] [1789251588.929437418] [nav_goal_sender]: cycle 9 feedback: 10.345711708068848
[INFO] [1789251588.939791273] [nav_goal_sender]: cycle 9 feedback: 10.345711708068848
[INFO] [1789251588.950068227] [nav_goal_sender]: cycle 9 feedback: 10.345711708068848
[INFO] [1789251588.959180076] [nav_goal_sender]: cycle 9 feedback: 10.345711708068848
[INFO] [1789251588.969209429] [nav_goal_sender]: cycle 9 feedback: 10.385479927062988
[INFO] [1789251588.978857080] [nav_goal_sender]: cycle 9 feedback: 10.385479927062988
[INFO] [1789251588.988840732] [nav_goal_sender]: cycle 9 feedback: 10.385479927062988
[INFO] [1789251588.998766885] [nav_goal_sender]: cycle 9 feedback: 10.385479927062988
[INFO] [1789251589.009003739] [nav_goal_sender]: cycle 9 feedback: 10.385479927062988
[INFO] [1789251589.019170193] [nav_goal_sender]: cycle 9 feedback: 10.385479927062988
[INFO] [1789251589.029006245] [nav_goal_sender]: cycle 9 feedback: 10.385479927062988
[INFO] [1789251589.038966498] [nav_goal_sender]: cycle 9 feedback: 10.385479927062988
[INFO] [1789251589.048720749] [nav_goal_sender]: cycle 9 feedback: 10.385479927062988
[INFO] [1789251589.059248905] [nav_goal_sender]: cycle 9 feedback: 10.385479927062988
[INFO] [1789251589.069529159] [nav_goal_sender]: cycle 9 feedback: 10.385479927062988
[INFO] [1789251589.078762508] [nav_goal_sender]: cycle 9 feedback: 10.385479927062988
[INFO] [1789251589.088678661] [nav_goal_sender]: cycle 9 feedback: 10.385479927062988
[INFO] [1789251589.099575718] [nav_goal_sender]: cycle 9 feedback: 10.385479927062988
[INFO] [1789251589.108721667] [nav_goal_sender]: cycle 9 feedback: 10.385479927062988
[INFO] [1789251589.118878421] [nav_goal_sender]: cycle 9 feedback: 10.385479927062988
[INFO] [1789251589.129284776] [nav_goal_sender]: cycle 9 feedback: 10.385479927062988
[INFO] [1789251589.139355329] [nav_goal_sender]: cycle 9 feedback: 10.385479927062988
[INFO] [1789251589.149056080] [nav_goal_sender]: cycle 9 feedback: 10.385479927062988
[INFO] [1789251589.159103133] [nav_goal_sender]: cycle 9 feedback: 10.385479927062988
[INFO] [1789251589.168696484] [nav_goal_sender]: cycle 9 feedback: 10.385479927062988
[INFO] [1789251589.179216940] [nav_goal_sender]: cycle 9 feedback: 10.385479927062988
[INFO] [1789251589.189476294] [nav_goal_sender]: cycle 9 feedback: 10.385479927062988
[INFO] [1789251589.199007545] [nav_goal_sender]: cycle 9 feedback: 10.385479927062988
[INFO] [1789251589.209008997] [nav_goal_sender]: cycle 9 feedback: 10.385479927062988
[INFO] [1789251589.218791449] [nav_goal_sender]: cycle 9 feedback: 10.385479927062988
[INFO] [1789251589.229828908] [nav_goal_sender]: cycle 9 feedback: 10.345711708068848
[INFO] [1789251589.239511259] [nav_goal_sender]: cycle 9 feedback: 10.345711708068848
[INFO] [1789251589.249467412] [nav_goal_sender]: cycle 9 feedback: 10.345711708068848
[INFO] [1789251589.259150263] [nav_goal_sender]: cycle 9 feedback: 10.345711708068848
[INFO] [1789251589.269272816] [nav_goal_sender]: cycle 9 feedback: 10.345711708068848
[INFO] [1789251589.280551776] [nav_goal_sender]: cycle 9 feedback: 10.083980560302734
[INFO] [1789251589.289684224] [nav_goal_sender]: cycle 9 feedback: 10.083980560302734
[INFO] [1789251589.300067079] [nav_goal_sender]: cycle 9 feedback: 10.083980560302734
[INFO] [1789251589.308864726] [nav_goal_sender]: cycle 9 feedback: 10.083980560302734
[INFO] [1789251589.319286081] [nav_goal_sender]: cycle 9 feedback: 10.083980560302734
[INFO] [1789251589.328686731] [nav_goal_sender]: cycle 9 feedback: 10.083980560302734
[INFO] [1789251589.338742884] [nav_goal_sender]: cycle 9 feedback: 10.083980560302734
[INFO] [1789251589.348804037] [nav_goal_sender]: cycle 9 feedback: 10.083980560302734
[INFO] [1789251589.358434388] [nav_goal_sender]: cycle 9 feedback: 10.083980560302734
[INFO] [1789251589.368565142] [nav_goal_sender]: cycle 9 feedback: 10.083980560302734
[INFO] [1789251589.378511794] [nav_goal_sender]: cycle 9 feedback: 10.083980560302734
[INFO] [1789251589.388428447] [nav_goal_sender]: cycle 9 feedback: 10.083980560302734
[INFO] [1789251589.398451900] [nav_goal_sender]: cycle 9 feedback: 10.083980560302734
[INFO] [1789251589.408498053] [nav_goal_sender]: cycle 9 feedback: 10.083980560302734
[INFO] [1789251589.418688507] [nav_goal_sender]: cycle 9 feedback: 10.083980560302734
[INFO] [1789251589.428464959] [nav_goal_sender]: cycle 9 feedback: 10.083980560302734
[INFO] [1789251589.438696513] [nav_goal_sender]: cycle 9 feedback: 10.083980560302734
[INFO] [1789251589.448517865] [nav_goal_sender]: cycle 9 feedback: 10.083980560302734
[INFO] [1789251589.458458117] [nav_goal_sender]: cycle 9 feedback: 10.083980560302734
[INFO] [1789251589.468579371] [nav_goal_sender]: cycle 9 feedback: 10.083980560302734
[INFO] [1789251589.478552724] [nav_goal_sender]: cycle 9 feedback: 10.083980560302734
[INFO] [1789251589.488454976] [nav_goal_sender]: cycle 9 feedback: 10.083980560302734
[INFO] [1789251589.498611930] [nav_goal_sender]: cycle 9 feedback: 10.083980560302734
[INFO] [1789251589.508760584] [nav_goal_sender]: cycle 9 feedback: 10.083980560302734
[INFO] [1789251589.518859337] [nav_goal_sender]: cycle 9 feedback: 10.083980560302734
[INFO] [1789251589.528803690] [nav_goal_sender]: cycle 9 feedback: 10.083980560302734
[INFO] [1789251589.538711342] [nav_goal_sender]: cycle 9 feedback: 10.083980560302734
[INFO] [1789251589.548869796] [nav_goal_sender]: cycle 9 feedback: 10.083980560302734
[INFO] [1789251589.558566547] [nav_goal_sender]: cycle 9 feedback: 10.083980560302734
[INFO] [1789251589.568586300] [nav_goal_sender]: cycle 9 feedback: 10.083980560302734
[INFO] [1789251589.578458952] [nav_goal_sender]: cycle 9 feedback: 10.083980560302734
[INFO] [1789251589.588415905] [nav_goal_sender]: cycle 9 feedback: 10.083980560302734
[INFO] [1789251589.598554859] [nav_goal_sender]: cycle 9 feedback: 10.083980560302734
[INFO] [1789251589.608541312] [nav_goal_sender]: cycle 9 feedback: 10.083980560302734
[INFO] [1789251589.618691765] [nav_goal_sender]: cycle 9 feedback: 10.083980560302734
[INFO] [1789251589.628488417] [nav_goal_sender]: cycle 9 feedback: 10.083980560302734
[INFO] [1789251589.638504770] [nav_goal_sender]: cycle 9 feedback: 10.083980560302734
[INFO] [1789251589.648795125] [nav_goal_sender]: cycle 9 feedback: 10.083980560302734
[INFO] [1789251589.658392175] [nav_goal_sender]: cycle 9 feedback: 10.083980560302734
[INFO] [1789251589.668547929] [nav_goal_sender]: cycle 9 feedback: 10.083980560302734
[INFO] [1789251589.678744683] [nav_goal_sender]: cycle 9 feedback: 10.083980560302734
[INFO] [1789251589.688706536] [nav_goal_sender]: cycle 9 feedback: 10.083980560302734
[INFO] [1789251589.698637788] [nav_goal_sender]: cycle 9 feedback: 10.083980560302734
[INFO] [1789251589.708424340] [nav_goal_sender]: cycle 9 feedback: 10.083980560302734
[INFO] [1789251589.718641394] [nav_goal_sender]: cycle 9 feedback: 10.083980560302734
[INFO] [1789251589.728565647] [nav_goal_sender]: cycle 9 feedback: 10.083980560302734
[INFO] [1789251589.738461699] [nav_goal_sender]: cycle 9 feedback: 10.083980560302734
[INFO] [1789251589.748610953] [nav_goal_sender]: cycle 9 feedback: 10.083980560302734
[INFO] [1789251589.758392704] [nav_goal_sender]: cycle 9 feedback: 10.083980560302734
[INFO] [1789251589.768548958] [nav_goal_sender]: cycle 9 feedback: 10.083980560302734
[INFO] [1789251589.778550611] [nav_goal_sender]: cycle 9 feedback: 10.083980560302734
[INFO] [1789251589.788411363] [nav_goal_sender]: cycle 9 feedback: 10.083980560302734
[INFO] [1789251589.798583717] [nav_goal_sender]: cycle 9 feedback: 10.083980560302734
[INFO] [1789251589.808453369] [nav_goal_sender]: cycle 9 feedback: 10.083980560302734
[INFO] [1789251589.819150226] [nav_goal_sender]: cycle 9 feedback: 10.083980560302734
[INFO] [1789251589.828580476] [nav_goal_sender]: cycle 9 feedback: 10.083980560302734
[INFO] [1789251589.838768430] [nav_goal_sender]: cycle 9 feedback: 10.083980560302734
[INFO] [1789251589.848618882] [nav_goal_sender]: cycle 9 feedback: 10.083980560302734
[INFO] [1789251589.858421234] [nav_goal_sender]: cycle 9 feedback: 10.083980560302734
[INFO] [1789251589.868586687] [nav_goal_sender]: cycle 9 feedback: 10.083980560302734
[INFO] [1789251589.878511840] [nav_goal_sender]: cycle 9 feedback: 10.083980560302734
[INFO] [1789251589.888456193] [nav_goal_sender]: cycle 9 feedback: 10.083980560302734
[INFO] [1789251589.898596746] [nav_goal_sender]: cycle 9 feedback: 10.083980560302734
[INFO] [1789251589.908682800] [nav_goal_sender]: cycle 9 feedback: 10.083980560302734
[INFO] [1789251589.918559652] [nav_goal_sender]: cycle 9 feedback: 10.083980560302734
[INFO] [1789251589.928539405] [nav_goal_sender]: cycle 9 feedback: 10.083980560302734
[INFO] [1789251589.938730359] [nav_goal_sender]: cycle 9 feedback: 10.083980560302734
[INFO] [1789251589.948691511] [nav_goal_sender]: cycle 9 feedback: 10.083980560302734
[INFO] [1789251589.959089366] [nav_goal_sender]: cycle 9 feedback: 10.083980560302734
[INFO] [1789251589.968770118] [nav_goal_sender]: cycle 9 feedback: 10.083980560302734
[INFO] [1789251589.978466069] [nav_goal_sender]: cycle 9 feedback: 10.083980560302734
[INFO] [1789251589.988539522] [nav_goal_sender]: cycle 9 feedback: 10.083980560302734
[INFO] [1789251589.998655376] [nav_goal_sender]: cycle 9 feedback: 10.083980560302734
[INFO] [1789251590.008423027] [nav_goal_sender]: cycle 9 feedback: 10.083980560302734
[INFO] [1789251590.018695382] [nav_goal_sender]: cycle 9 feedback: 10.083980560302734
[INFO] [1789251590.028481234] [nav_goal_sender]: cycle 9 feedback: 10.083980560302734
[INFO] [1789251590.038703288] [nav_goal_sender]: cycle 9 feedback: 10.083980560302734
[INFO] [1789251590.048547940] [nav_goal_sender]: cycle 9 feedback: 10.083980560302734
[INFO] [1789251590.058519492] [nav_goal_sender]: cycle 9 feedback: 10.083980560302734
[INFO] [1789251590.068557246] [nav_goal_sender]: cycle 9 feedback: 10.083980560302734
[INFO] [1789251590.078384698] [nav_goal_sender]: cycle 9 feedback: 10.083980560302734
[INFO] [1789251590.088509251] [nav_goal_sender]: cycle 9 feedback: 10.083980560302734
[INFO] [1789251590.098764405] [nav_goal_sender]: cycle 9 feedback: 10.083980560302734
[INFO] [1789251590.108424357] [nav_goal_sender]: cycle 9 feedback: 10.083980560302734
[INFO] [1789251590.118669511] [nav_goal_sender]: cycle 9 feedback: 10.083980560302734
[INFO] [1789251590.128530363] [nav_goal_sender]: cycle 9 feedback: 10.083980560302734
[INFO] [1789251590.138570816] [nav_goal_sender]: cycle 9 feedback: 10.083980560302734
[INFO] [1789251590.148565369] [nav_goal_sender]: cycle 9 feedback: 10.083980560302734
[INFO] [1789251590.158391021] [nav_goal_sender]: cycle 9 feedback: 10.083980560302734
[INFO] [1789251590.168569275] [nav_goal_sender]: cycle 9 feedback: 10.083980560302734
[INFO] [1789251590.178503527] [nav_goal_sender]: cycle 9 feedback: 10.083980560302734
[INFO] [1789251590.188442480] [nav_goal_sender]: cycle 9 feedback: 10.083980560302734
[INFO] [1789251590.198600334] [nav_goal_sender]: cycle 9 feedback: 10.083980560302734
[INFO] [1789251590.208429086] [nav_goal_sender]: cycle 9 feedback: 10.083980560302734
[INFO] [1789251590.218685740] [nav_goal_sender]: cycle 9 feedback: 10.083980560302734
[INFO] [1789251590.228718893] [nav_goal_sender]: cycle 9 feedback: 10.083980560302734
[INFO] [1789251590.238524145] [nav_goal_sender]: cycle 9 feedback: 10.083980560302734
[INFO] [1789251590.248827599] [nav_goal_sender]: cycle 9 feedback: 10.083980560302734
[INFO] [1789251590.258538951] [nav_goal_sender]: cycle 9 feedback: 10.083980560302734
[INFO] [1789251590.268859205] [nav_goal_sender]: cycle 9 feedback: 10.083980560302734
[INFO] [1789251590.278473856] [nav_goal_sender]: cycle 9 feedback: 10.083980560302734
[INFO] [1789251590.289143813] [nav_goal_sender]: cycle 9 feedback: 10.083980560302734
[INFO] [1789251590.298678263] [nav_goal_sender]: cycle 9 feedback: 10.083980560302734
[INFO] [1789251590.309775722] [nav_goal_sender]: cycle 9 feedback: 0.0
[INFO] [1789251590.318787570] [nav_goal_sender]: cycle 9 feedback: 0.0
[INFO] [1789251590.328942623] [nav_goal_sender]: cycle 9 feedback: 0.0
[INFO] [1789251590.338714675] [nav_goal_sender]: cycle 9 feedback: 0.0
[INFO] [1789251590.348662028] [nav_goal_sender]: cycle 9 feedback: 0.0
[INFO] [1789251590.358532780] [nav_goal_sender]: cycle 9 feedback: 0.0
[INFO] [1789251590.369032835] [nav_goal_sender]: cycle 9 feedback: 0.0
[INFO] [1789251590.378584686] [nav_goal_sender]: cycle 9 feedback: 0.0
[INFO] [1789251590.388563239] [nav_goal_sender]: cycle 9 feedback: 0.0
[INFO] [1789251590.398524992] [nav_goal_sender]: cycle 9 feedback: 0.0
[INFO] [1789251590.408466144] [nav_goal_sender]: cycle 9 feedback: 0.0
[INFO] [1789251590.418918799] [nav_goal_sender]: cycle 9 feedback: 0.0
[INFO] [1789251590.428874352] [nav_goal_sender]: cycle 9 feedback: 0.0
[INFO] [1789251590.438725704] [nav_goal_sender]: cycle 9 feedback: 0.0
[INFO] [1789251590.448843258] [nav_goal_sender]: cycle 9 feedback: 0.0
[INFO] [1789251590.458525309] [nav_goal_sender]: cycle 9 feedback: 0.0
[INFO] [1789251590.468724163] [nav_goal_sender]: cycle 9 feedback: 0.0
[INFO] [1789251590.478530115] [nav_goal_sender]: cycle 9 feedback: 0.0
[INFO] [1789251590.488536468] [nav_goal_sender]: cycle 9 feedback: 0.0
[INFO] [1789251590.498576021] [nav_goal_sender]: cycle 9 feedback: 0.0
[INFO] [1789251590.508742975] [nav_goal_sender]: cycle 9 feedback: 0.0
[INFO] [1789251590.518935429] [nav_goal_sender]: cycle 9 feedback: 0.0
[INFO] [1789251590.528614680] [nav_goal_sender]: cycle 9 feedback: 0.0
[INFO] [1789251590.538606533] [nav_goal_sender]: cycle 9 feedback: 0.0
[INFO] [1789251590.548884787] [nav_goal_sender]: cycle 9 feedback: 0.0
[INFO] [1789251590.558566638] [nav_goal_sender]: cycle 9 feedback: 0.0
[INFO] [1789251590.568716792] [nav_goal_sender]: cycle 9 feedback: 0.0
[INFO] [1789251590.578511244] [nav_goal_sender]: cycle 9 feedback: 0.0
[INFO] [1789251590.588453597] [nav_goal_sender]: cycle 9 feedback: 0.0
[INFO] [1789251590.599710756] [nav_goal_sender]: cycle 9 feedback: 0.0
[INFO] [1789251590.608468502] [nav_goal_sender]: cycle 9 feedback: 0.0
[INFO] [1789251590.618879657] [nav_goal_sender]: cycle 9 feedback: 0.0
[INFO] [1789251590.628545609] [nav_goal_sender]: cycle 9 feedback: 0.0
[INFO] [1789251590.638586562] [nav_goal_sender]: cycle 9 feedback: 0.0
[INFO] [1789251590.648786916] [nav_goal_sender]: cycle 9 feedback: 0.0
[INFO] [1789251590.658456267] [nav_goal_sender]: cycle 9 feedback: 0.0
[INFO] [1789251590.668993623] [nav_goal_sender]: cycle 9 feedback: 0.0
[INFO] [1789251590.678565873] [nav_goal_sender]: cycle 9 feedback: 0.0
[INFO] [1789251590.688470526] [nav_goal_sender]: cycle 9 feedback: 0.0
[INFO] [1789251590.698866781] [nav_goal_sender]: cycle 9 feedback: 0.0
[INFO] [1789251590.708556332] [nav_goal_sender]: cycle 9 feedback: 0.0
[INFO] [1789251590.718760086] [nav_goal_sender]: cycle 9 feedback: 0.0
[INFO] [1789251590.728579538] [nav_goal_sender]: cycle 9 feedback: 0.0
[INFO] [1789251590.738662891] [nav_goal_sender]: cycle 9 feedback: 0.0
[INFO] [1789251590.748810945] [nav_goal_sender]: cycle 9 feedback: 0.0
[INFO] [1789251590.758501596] [nav_goal_sender]: cycle 9 feedback: 0.0
[INFO] [1789251590.768717350] [nav_goal_sender]: cycle 9 feedback: 0.0
[INFO] [1789251590.799373813] [nav_goal_sender]: cycle 9 goal FINISHED: status=6 (re-sending after 1s pause)
[INFO] [1789251591.803431825] [nav_goal_sender]: cycle 10: sending goal x=4.000 y=4.000 yaw=0.000
[INFO] [1789251591.804896533] [nav_goal_sender]: cycle 10 goal ACCEPTED: True
[INFO] [1789251591.806075539] [nav_goal_sender]: cycle 10 feedback: 0.0
[INFO] [1789251591.815289888] [nav_goal_sender]: cycle 10 feedback: 0.0
[INFO] [1789251591.826270546] [nav_goal_sender]: cycle 10 feedback: 0.0
[INFO] [1789251591.835257794] [nav_goal_sender]: cycle 10 feedback: 0.0
[INFO] [1789251591.845561948] [nav_goal_sender]: cycle 10 feedback: 0.0
[INFO] [1789251591.855500001] [nav_goal_sender]: cycle 10 feedback: 0.0
[INFO] [1789251591.865529654] [nav_goal_sender]: cycle 10 feedback: 0.0
[INFO] [1789251591.875194705] [nav_goal_sender]: cycle 10 feedback: 0.0
[INFO] [1789251591.885218958] [nav_goal_sender]: cycle 10 feedback: 0.0
[INFO] [1789251591.895544213] [nav_goal_sender]: cycle 10 feedback: 0.0
[INFO] [1789251591.905277164] [nav_goal_sender]: cycle 10 feedback: 0.0
[INFO] [1789251591.915230317] [nav_goal_sender]: cycle 10 feedback: 0.0
[INFO] [1789251591.925415671] [nav_goal_sender]: cycle 10 feedback: 0.0
[INFO] [1789251591.935222223] [nav_goal_sender]: cycle 10 feedback: 0.0
[INFO] [1789251591.945542077] [nav_goal_sender]: cycle 10 feedback: 0.0
[INFO] [1789251591.955400929] [nav_goal_sender]: cycle 10 feedback: 0.0
[INFO] [1789251591.965250481] [nav_goal_sender]: cycle 10 feedback: 0.0
[INFO] [1789251591.975301235] [nav_goal_sender]: cycle 10 feedback: 0.0
[INFO] [1789251591.985461188] [nav_goal_sender]: cycle 10 feedback: 0.0
[INFO] [1789251591.995350741] [nav_goal_sender]: cycle 10 feedback: 0.0
[INFO] [1789251592.005576295] [nav_goal_sender]: cycle 10 feedback: 0.0
[INFO] [1789251592.015534548] [nav_goal_sender]: cycle 10 feedback: 0.0
[INFO] [1789251592.025467200] [nav_goal_sender]: cycle 10 feedback: 0.0
[INFO] [1789251592.035516453] [nav_goal_sender]: cycle 10 feedback: 0.0
[INFO] [1789251592.047202515] [nav_goal_sender]: cycle 10 feedback: 0.0
[INFO] [1789251592.057217768] [nav_goal_sender]: cycle 10 feedback: 0.0
[INFO] [1789251592.065559512] [nav_goal_sender]: cycle 10 feedback: 0.0
[INFO] [1789251592.075489765] [nav_goal_sender]: cycle 10 feedback: 0.0
[INFO] [1789251592.085564618] [nav_goal_sender]: cycle 10 feedback: 0.0
[INFO] [1789251592.095431770] [nav_goal_sender]: cycle 10 feedback: 0.0
[INFO] [1789251592.105468723] [nav_goal_sender]: cycle 10 feedback: 0.0
[INFO] [1789251592.115175675] [nav_goal_sender]: cycle 10 feedback: 0.0
[INFO] [1789251592.125171628] [nav_goal_sender]: cycle 10 feedback: 0.0
[INFO] [1789251592.135202781] [nav_goal_sender]: cycle 10 feedback: 0.0
[INFO] [1789251592.145408335] [nav_goal_sender]: cycle 10 feedback: 0.0
[INFO] [1789251592.155329587] [nav_goal_sender]: cycle 10 feedback: 0.0
[INFO] [1789251592.165292040] [nav_goal_sender]: cycle 10 feedback: 0.0
[INFO] [1789251592.175405093] [nav_goal_sender]: cycle 10 feedback: 0.0
[INFO] [1789251592.188487763] [nav_goal_sender]: cycle 10 feedback: 0.0
[INFO] [1789251592.195369999] [nav_goal_sender]: cycle 10 feedback: 0.0
[INFO] [1789251592.205281052] [nav_goal_sender]: cycle 10 feedback: 0.0
[INFO] [1789251592.215262104] [nav_goal_sender]: cycle 10 feedback: 0.0
[INFO] [1789251592.225285357] [nav_goal_sender]: cycle 10 feedback: 0.0
[INFO] [1789251592.235276710] [nav_goal_sender]: cycle 10 feedback: 0.0
[INFO] [1789251592.245362364] [nav_goal_sender]: cycle 10 feedback: 0.0
[INFO] [1789251592.256596523] [nav_goal_sender]: cycle 10 feedback: 0.0
[INFO] [1789251592.265237569] [nav_goal_sender]: cycle 10 feedback: 0.0
[INFO] [1789251592.275228022] [nav_goal_sender]: cycle 10 feedback: 0.0
[INFO] [1789251592.285501876] [nav_goal_sender]: cycle 10 feedback: 0.0
[INFO] [1789251592.295533529] [nav_goal_sender]: cycle 10 feedback: 0.0
[INFO] [1789251592.305301581] [nav_goal_sender]: cycle 10 feedback: 0.0
[INFO] [1789251592.315235433] [nav_goal_sender]: cycle 10 feedback: 0.0
[INFO] [1789251592.325194086] [nav_goal_sender]: cycle 10 feedback: 0.0
[INFO] [1789251592.336020443] [nav_goal_sender]: cycle 10 feedback: 0.0
[INFO] [1789251592.345306492] [nav_goal_sender]: cycle 10 feedback: 0.0
[INFO] [1789251592.355647247] [nav_goal_sender]: cycle 10 feedback: 0.0
[INFO] [1789251592.365325398] [nav_goal_sender]: cycle 10 feedback: 0.0
[INFO] [1789251592.376184256] [nav_goal_sender]: cycle 10 feedback: 0.0
[INFO] [1789251592.385323604] [nav_goal_sender]: cycle 10 feedback: 0.0
[INFO] [1789251592.395553158] [nav_goal_sender]: cycle 10 feedback: 0.0
[INFO] [1789251592.405260710] [nav_goal_sender]: cycle 10 feedback: 0.0
[INFO] [1789251592.415582764] [nav_goal_sender]: cycle 10 feedback: 0.0
[INFO] [1789251592.425506917] [nav_goal_sender]: cycle 10 feedback: 0.0
[INFO] [1789251592.436270674] [nav_goal_sender]: cycle 10 feedback: 0.0
[INFO] [1789251592.445448022] [nav_goal_sender]: cycle 10 feedback: 0.0
[INFO] [1789251592.455589976] [nav_goal_sender]: cycle 10 feedback: 0.0
[INFO] [1789251592.465603329] [nav_goal_sender]: cycle 10 feedback: 0.0
[INFO] [1789251592.475486381] [nav_goal_sender]: cycle 10 feedback: 0.0
[INFO] [1789251592.486439139] [nav_goal_sender]: cycle 10 feedback: 0.0
[INFO] [1789251592.495606888] [nav_goal_sender]: cycle 10 feedback: 0.0
[INFO] [1789251592.505223539] [nav_goal_sender]: cycle 10 feedback: 0.0
[INFO] [1789251592.515175691] [nav_goal_sender]: cycle 10 feedback: 0.0
[INFO] [1789251592.525219144] [nav_goal_sender]: cycle 10 feedback: 0.0
[INFO] [1789251592.535625599] [nav_goal_sender]: cycle 10 feedback: 0.0
[INFO] [1789251592.545324751] [nav_goal_sender]: cycle 10 feedback: 0.0
[INFO] [1789251592.555427904] [nav_goal_sender]: cycle 10 feedback: 0.0
[INFO] [1789251592.565733659] [nav_goal_sender]: cycle 10 feedback: 0.0
[INFO] [1789251592.575771712] [nav_goal_sender]: cycle 10 feedback: 0.0
[INFO] [1789251592.585371863] [nav_goal_sender]: cycle 10 feedback: 0.0
[INFO] [1789251592.595733718] [nav_goal_sender]: cycle 10 feedback: 0.0
[INFO] [1789251592.605924271] [nav_goal_sender]: cycle 10 feedback: 0.0
[INFO] [1789251592.615348221] [nav_goal_sender]: cycle 10 feedback: 0.0
[INFO] [1789251592.625201773] [nav_goal_sender]: cycle 10 feedback: 0.0
[INFO] [1789251592.635287927] [nav_goal_sender]: cycle 10 feedback: 0.0
[INFO] [1789251592.645385080] [nav_goal_sender]: cycle 10 feedback: 0.0
[INFO] [1789251592.655401033] [nav_goal_sender]: cycle 10 feedback: 0.0
[INFO] [1789251592.665883089] [nav_goal_sender]: cycle 10 feedback: 0.0
[INFO] [1789251592.675506940] [nav_goal_sender]: cycle 10 feedback: 0.0
[INFO] [1789251592.685226491] [nav_goal_sender]: cycle 10 feedback: 0.0
[INFO] [1789251592.695506945] [nav_goal_sender]: cycle 10 feedback: 0.0
[INFO] [1789251592.705302297] [nav_goal_sender]: cycle 10 feedback: 0.0
[INFO] [1789251592.715894053] [nav_goal_sender]: cycle 10 feedback: 0.0
[INFO] [1789251592.725241303] [nav_goal_sender]: cycle 10 feedback: 0.0
[INFO] [1789251592.735239356] [nav_goal_sender]: cycle 10 feedback: 0.0
[INFO] [1789251592.745610111] [nav_goal_sender]: cycle 10 feedback: 0.0
[INFO] [1789251592.755251862] [nav_goal_sender]: cycle 10 feedback: 0.0
[INFO] [1789251592.765404715] [nav_goal_sender]: cycle 10 feedback: 0.0
[INFO] [1789251592.776094972] [nav_goal_sender]: cycle 10 feedback: 0.0
[INFO] [1789251592.785613622] [nav_goal_sender]: cycle 10 feedback: 0.0
[INFO] [1789251592.795424974] [nav_goal_sender]: cycle 10 feedback: 0.0
[INFO] [1789251592.805236826] [nav_goal_sender]: cycle 10 feedback: 0.0
[INFO] [1789251592.815297079] [nav_goal_sender]: cycle 10 feedback: 0.0
[INFO] [1789251592.825664334] [nav_goal_sender]: cycle 10 feedback: 0.0
[INFO] [1789251592.835225285] [nav_goal_sender]: cycle 10 feedback: 0.0
[INFO] [1789251592.845488539] [nav_goal_sender]: cycle 10 feedback: 0.0
[INFO] [1789251592.855640193] [nav_goal_sender]: cycle 10 feedback: 0.0
[INFO] [1789251592.865185443] [nav_goal_sender]: cycle 10 feedback: 0.0
[INFO] [1789251592.875495998] [nav_goal_sender]: cycle 10 feedback: 0.0
[INFO] [1789251592.885559151] [nav_goal_sender]: cycle 10 feedback: 0.0
[INFO] [1789251592.895572204] [nav_goal_sender]: cycle 10 feedback: 0.0
[INFO] [1789251592.905203455] [nav_goal_sender]: cycle 10 feedback: 0.0
[INFO] [1789251592.915427909] [nav_goal_sender]: cycle 10 feedback: 0.0
[INFO] [1789251592.925218461] [nav_goal_sender]: cycle 10 feedback: 0.0
[INFO] [1789251592.935233414] [nav_goal_sender]: cycle 10 feedback: 0.0
[INFO] [1789251592.945330067] [nav_goal_sender]: cycle 10 feedback: 0.0
[INFO] [1789251592.955550421] [nav_goal_sender]: cycle 10 feedback: 0.0
[INFO] [1789251592.965197772] [nav_goal_sender]: cycle 10 feedback: 0.0
[INFO] [1789251592.975215425] [nav_goal_sender]: cycle 10 feedback: 0.0
[INFO] [1789251592.985289379] [nav_goal_sender]: cycle 10 feedback: 0.0
[INFO] [1789251592.995462533] [nav_goal_sender]: cycle 10 feedback: 0.0
[INFO] [1789251593.005266184] [nav_goal_sender]: cycle 10 feedback: 0.0
[INFO] [1789251593.015338238] [nav_goal_sender]: cycle 10 feedback: 0.0
[INFO] [1789251593.025351491] [nav_goal_sender]: cycle 10 feedback: 0.0
[INFO] [1789251593.035244643] [nav_goal_sender]: cycle 10 feedback: 0.0
[INFO] [1789251593.045448097] [nav_goal_sender]: cycle 10 feedback: 0.0
[INFO] [1789251593.055310949] [nav_goal_sender]: cycle 10 feedback: 0.0
[INFO] [1789251593.065274602] [nav_goal_sender]: cycle 10 feedback: 0.0
[INFO] [1789251593.075238955] [nav_goal_sender]: cycle 10 feedback: 0.0
[INFO] [1789251593.085451409] [nav_goal_sender]: cycle 10 feedback: 0.0
[INFO] [1789251593.095343661] [nav_goal_sender]: cycle 10 feedback: 0.0
[INFO] [1789251593.105194013] [nav_goal_sender]: cycle 10 feedback: 0.0
[INFO] [1789251593.115273267] [nav_goal_sender]: cycle 10 feedback: 0.0
[INFO] [1789251593.125210919] [nav_goal_sender]: cycle 10 feedback: 0.0
[INFO] [1789251593.135305672] [nav_goal_sender]: cycle 10 feedback: 0.0
[INFO] [1789251593.145507626] [nav_goal_sender]: cycle 10 feedback: 0.0
[INFO] [1789251593.155299778] [nav_goal_sender]: cycle 10 feedback: 0.0
[INFO] [1789251593.165325931] [nav_goal_sender]: cycle 10 feedback: 0.0
[INFO] [1789251593.175363484] [nav_goal_sender]: cycle 10 feedback: 0.0
[INFO] [1789251593.185451338] [nav_goal_sender]: cycle 10 feedback: 0.0
[INFO] [1789251593.195735792] [nav_goal_sender]: cycle 10 feedback: 0.0
[INFO] [1789251593.205418243] [nav_goal_sender]: cycle 10 feedback: 0.0
[INFO] [1789251593.215266996] [nav_goal_sender]: cycle 10 feedback: 0.0
[INFO] [1789251593.225513050] [nav_goal_sender]: cycle 10 feedback: 0.0
[INFO] [1789251593.235218301] [nav_goal_sender]: cycle 10 feedback: 0.0
[INFO] [1789251593.245899458] [nav_goal_sender]: cycle 10 feedback: 0.0
[INFO] [1789251593.256882116] [nav_goal_sender]: cycle 10 feedback: 7.7515869140625
[INFO] [1789251593.265510761] [nav_goal_sender]: cycle 10 feedback: 7.7515869140625
[INFO] [1789251593.275306713] [nav_goal_sender]: cycle 10 feedback: 7.7515869140625
[INFO] [1789251593.286000370] [nav_goal_sender]: cycle 10 feedback: 7.695710182189941
[INFO] [1789251593.295428320] [nav_goal_sender]: cycle 10 feedback: 7.695710182189941
[INFO] [1789251593.306129076] [nav_goal_sender]: cycle 10 feedback: 7.695710182189941
[INFO] [1789251593.316206230] [nav_goal_sender]: cycle 10 feedback: 7.695710182189941
[INFO] [1789251593.325681280] [nav_goal_sender]: cycle 10 feedback: 7.695710182189941
[INFO] [1789251593.335359431] [nav_goal_sender]: cycle 10 feedback: 7.695710182189941
[INFO] [1789251593.346060488] [nav_goal_sender]: cycle 10 feedback: 7.695710182189941
[INFO] [1789251593.355419437] [nav_goal_sender]: cycle 10 feedback: 7.695710182189941
[INFO] [1789251593.365491690] [nav_goal_sender]: cycle 10 feedback: 7.695710182189941
[INFO] [1789251593.375347743] [nav_goal_sender]: cycle 10 feedback: 7.695710182189941
[INFO] [1789251593.386477601] [nav_goal_sender]: cycle 10 feedback: 7.695710182189941
[INFO] [1789251593.395613850] [nav_goal_sender]: cycle 10 feedback: 7.695710182189941
[INFO] [1789251593.405317201] [nav_goal_sender]: cycle 10 feedback: 7.695710182189941
[INFO] [1789251593.415543655] [nav_goal_sender]: cycle 10 feedback: 7.695710182189941
[INFO] [1789251593.425272207] [nav_goal_sender]: cycle 10 feedback: 7.695710182189941
[INFO] [1789251593.435260060] [nav_goal_sender]: cycle 10 feedback: 7.695710182189941
[INFO] [1789251593.445617114] [nav_goal_sender]: cycle 10 feedback: 7.695710182189941
[INFO] [1789251593.455442366] [nav_goal_sender]: cycle 10 feedback: 7.695710182189941
[INFO] [1789251593.465502320] [nav_goal_sender]: cycle 10 feedback: 7.67071008682251
[INFO] [1789251593.475405272] [nav_goal_sender]: cycle 10 feedback: 7.67071008682251
[INFO] [1789251593.485328025] [nav_goal_sender]: cycle 10 feedback: 7.67071008682251
[INFO] [1789251593.495392578] [nav_goal_sender]: cycle 10 feedback: 7.67071008682251
[INFO] [1789251593.505273930] [nav_goal_sender]: cycle 10 feedback: 7.67071008682251
[INFO] [1789251593.515757686] [nav_goal_sender]: cycle 10 feedback: 7.67071008682251
[INFO] [1789251593.525218536] [nav_goal_sender]: cycle 10 feedback: 7.67071008682251
[INFO] [1789251593.535227489] [nav_goal_sender]: cycle 10 feedback: 7.67071008682251
[INFO] [1789251593.545414742] [nav_goal_sender]: cycle 10 feedback: 7.67071008682251
[INFO] [1789251593.555365495] [nav_goal_sender]: cycle 10 feedback: 7.67071008682251
[INFO] [1789251593.565744650] [nav_goal_sender]: cycle 10 feedback: 7.67071008682251
[INFO] [1789251593.575336501] [nav_goal_sender]: cycle 10 feedback: 7.67071008682251
[INFO] [1789251593.585211153] [nav_goal_sender]: cycle 10 feedback: 7.645710468292236
[INFO] [1789251593.595350607] [nav_goal_sender]: cycle 10 feedback: 7.645710468292236
[INFO] [1789251593.605197359] [nav_goal_sender]: cycle 10 feedback: 7.645710468292236
[INFO] [1789251593.615405813] [nav_goal_sender]: cycle 10 feedback: 7.645710468292236
[INFO] [1789251593.625332165] [nav_goal_sender]: cycle 10 feedback: 7.645710468292236
[INFO] [1789251593.635446419] [nav_goal_sender]: cycle 10 feedback: 7.645710468292236
[INFO] [1789251593.645269471] [nav_goal_sender]: cycle 10 feedback: 7.645710468292236
[INFO] [1789251593.655485625] [nav_goal_sender]: cycle 10 feedback: 7.645710468292236
[INFO] [1789251593.665566378] [nav_goal_sender]: cycle 10 feedback: 7.645710468292236
[INFO] [1789251593.675673432] [nav_goal_sender]: cycle 10 feedback: 7.645710468292236
[INFO] [1789251593.685499484] [nav_goal_sender]: cycle 10 feedback: 7.645710468292236
[INFO] [1789251593.695530737] [nav_goal_sender]: cycle 10 feedback: 7.645710468292236
[INFO] [1789251593.705263788] [nav_goal_sender]: cycle 10 feedback: 7.620710372924805
[INFO] [1789251593.716255946] [nav_goal_sender]: cycle 10 feedback: 7.620710372924805
[INFO] [1789251593.725660396] [nav_goal_sender]: cycle 10 feedback: 7.620710372924805
[INFO] [1789251593.735528648] [nav_goal_sender]: cycle 10 feedback: 7.620710372924805
[INFO] [1789251593.745656702] [nav_goal_sender]: cycle 10 feedback: 7.620710372924805
[INFO] [1789251593.755697055] [nav_goal_sender]: cycle 10 feedback: 7.620710372924805
[INFO] [1789251593.765636208] [nav_goal_sender]: cycle 10 feedback: 7.595710277557373
[INFO] [1789251593.775605460] [nav_goal_sender]: cycle 10 feedback: 7.595710277557373
[INFO] [1789251593.785653414] [nav_goal_sender]: cycle 10 feedback: 7.595710277557373
[INFO] [1789251593.795594366] [nav_goal_sender]: cycle 10 feedback: 7.595710277557373
[INFO] [1789251593.805274817] [nav_goal_sender]: cycle 10 feedback: 7.595710277557373
[INFO] [1789251593.815974874] [nav_goal_sender]: cycle 10 feedback: 7.595710277557373
[INFO] [1789251593.825859126] [nav_goal_sender]: cycle 10 feedback: 7.5707106590271
[INFO] [1789251593.835641478] [nav_goal_sender]: cycle 10 feedback: 7.5707106590271
[INFO] [1789251593.845358130] [nav_goal_sender]: cycle 10 feedback: 7.5707106590271
[INFO] [1789251593.855380683] [nav_goal_sender]: cycle 10 feedback: 7.5707106590271
[INFO] [1789251593.865885238] [nav_goal_sender]: cycle 10 feedback: 7.54571008682251
[INFO] [1789251593.875925991] [nav_goal_sender]: cycle 10 feedback: 7.54571008682251
[INFO] [1789251593.885645043] [nav_goal_sender]: cycle 10 feedback: 7.54571008682251
[INFO] [1789251593.895823097] [nav_goal_sender]: cycle 10 feedback: 7.54571008682251
[INFO] [1789251593.905266646] [nav_goal_sender]: cycle 10 feedback: 7.54571008682251
[INFO] [1789251593.915910703] [nav_goal_sender]: cycle 10 feedback: 7.54571008682251
[INFO] [1789251593.925226852] [nav_goal_sender]: cycle 10 feedback: 7.54571008682251
[INFO] [1789251593.935770108] [nav_goal_sender]: cycle 10 feedback: 7.54571008682251
[INFO] [1789251593.945338759] [nav_goal_sender]: cycle 10 feedback: 7.54571008682251
[INFO] [1789251593.955833214] [nav_goal_sender]: cycle 10 feedback: 7.54571008682251
[INFO] [1789251593.965436965] [nav_goal_sender]: cycle 10 feedback: 7.54571008682251
[INFO] [1789251593.976125021] [nav_goal_sender]: cycle 10 feedback: 7.54571008682251
[INFO] [1789251593.986134974] [nav_goal_sender]: cycle 10 feedback: 7.54571008682251
[INFO] [1789251593.995415923] [nav_goal_sender]: cycle 10 feedback: 7.54571008682251
[INFO] [1789251594.006170380] [nav_goal_sender]: cycle 10 feedback: 7.54571008682251
[INFO] [1789251594.015981432] [nav_goal_sender]: cycle 10 feedback: 7.54571008682251
[INFO] [1789251594.025285582] [nav_goal_sender]: cycle 10 feedback: 7.520710468292236
[INFO] [1789251594.035453735] [nav_goal_sender]: cycle 10 feedback: 7.520710468292236
[INFO] [1789251594.045484588] [nav_goal_sender]: cycle 10 feedback: 7.520710468292236
[INFO] [1789251594.055315740] [nav_goal_sender]: cycle 10 feedback: 7.520710468292236
[INFO] [1789251594.065598395] [nav_goal_sender]: cycle 10 feedback: 7.520710468292236
[INFO] [1789251594.075444447] [nav_goal_sender]: cycle 10 feedback: 7.520710468292236
[INFO] [1789251594.085474700] [nav_goal_sender]: cycle 10 feedback: 7.520710468292236
[INFO] [1789251594.095417053] [nav_goal_sender]: cycle 10 feedback: 7.520710468292236
[INFO] [1789251594.105355605] [nav_goal_sender]: cycle 10 feedback: 7.520710468292236
[INFO] [1789251594.115639460] [nav_goal_sender]: cycle 10 feedback: 7.520710468292236
[INFO] [1789251594.125515512] [nav_goal_sender]: cycle 10 feedback: 7.495710372924805
[INFO] [1789251594.135488965] [nav_goal_sender]: cycle 10 feedback: 7.495710372924805
[INFO] [1789251594.145551018] [nav_goal_sender]: cycle 10 feedback: 7.495710372924805
[INFO] [1789251594.155712172] [nav_goal_sender]: cycle 10 feedback: 7.495710372924805
[INFO] [1789251594.165606224] [nav_goal_sender]: cycle 10 feedback: 7.495710372924805
[INFO] [1789251594.175234175] [nav_goal_sender]: cycle 10 feedback: 7.495710372924805
[INFO] [1789251594.185636730] [nav_goal_sender]: cycle 10 feedback: 7.470710754394531
[INFO] [1789251594.195710183] [nav_goal_sender]: cycle 10 feedback: 7.470710754394531
[INFO] [1789251594.205556435] [nav_goal_sender]: cycle 10 feedback: 7.470710754394531
[INFO] [1789251594.216399393] [nav_goal_sender]: cycle 10 feedback: 7.470710754394531
[INFO] [1789251594.225511741] [nav_goal_sender]: cycle 10 feedback: 7.445710182189941
[INFO] [1789251594.235574394] [nav_goal_sender]: cycle 10 feedback: 7.445710182189941
[INFO] [1789251594.245947749] [nav_goal_sender]: cycle 10 feedback: 7.420710563659668
[INFO] [1789251594.255890302] [nav_goal_sender]: cycle 10 feedback: 7.420710563659668
[INFO] [1789251594.266299257] [nav_goal_sender]: cycle 10 feedback: 7.420710563659668
[INFO] [1789251594.275536406] [nav_goal_sender]: cycle 10 feedback: 7.420710563659668
[INFO] [1789251594.286817865] [nav_goal_sender]: cycle 10 feedback: 7.3407883644104
[INFO] [1789251594.295860713] [nav_goal_sender]: cycle 10 feedback: 7.3407883644104
[INFO] [1789251594.305284863] [nav_goal_sender]: cycle 10 feedback: 7.3407883644104
[INFO] [1789251594.315453517] [nav_goal_sender]: cycle 10 feedback: 7.3407883644104
[INFO] [1789251594.325286369] [nav_goal_sender]: cycle 10 feedback: 7.3407883644104
[INFO] [1789251594.335413722] [nav_goal_sender]: cycle 10 feedback: 7.3407883644104
[INFO] [1789251594.345584076] [nav_goal_sender]: cycle 10 feedback: 7.3407883644104
[INFO] [1789251594.355371528] [nav_goal_sender]: cycle 10 feedback: 7.3407883644104
[INFO] [1789251594.365288481] [nav_goal_sender]: cycle 10 feedback: 7.3407883644104
[INFO] [1789251594.375443834] [nav_goal_sender]: cycle 10 feedback: 7.3407883644104
[INFO] [1789251594.385257186] [nav_goal_sender]: cycle 10 feedback: 7.3407883644104
[INFO] [1789251594.395412840] [nav_goal_sender]: cycle 10 feedback: 7.3407883644104
[INFO] [1789251594.405314892] [nav_goal_sender]: cycle 10 feedback: 7.3407883644104
[INFO] [1789251594.415433946] [nav_goal_sender]: cycle 10 feedback: 7.3407883644104
[INFO] [1789251594.425355098] [nav_goal_sender]: cycle 10 feedback: 7.3407883644104
[INFO] [1789251594.435261951] [nav_goal_sender]: cycle 10 feedback: 7.3407883644104
[INFO] [1789251594.445381704] [nav_goal_sender]: cycle 10 feedback: 7.3407883644104
[INFO] [1789251594.455381757] [nav_goal_sender]: cycle 10 feedback: 7.3407883644104
[INFO] [1789251594.465495311] [nav_goal_sender]: cycle 10 feedback: 7.3407883644104
[INFO] [1789251594.476156767] [nav_goal_sender]: cycle 10 feedback: 7.3407883644104
[INFO] [1789251594.485388116] [nav_goal_sender]: cycle 10 feedback: 7.3407883644104
[INFO] [1789251594.495413169] [nav_goal_sender]: cycle 10 feedback: 7.3407883644104
[INFO] [1789251594.505749824] [nav_goal_sender]: cycle 10 feedback: 7.3407883644104
[INFO] [1789251594.515829177] [nav_goal_sender]: cycle 10 feedback: 7.3407883644104
[INFO] [1789251594.525258627] [nav_goal_sender]: cycle 10 feedback: 7.3407883644104
[INFO] [1789251594.535272780] [nav_goal_sender]: cycle 10 feedback: 7.3407883644104
[INFO] [1789251594.545467934] [nav_goal_sender]: cycle 10 feedback: 7.3407883644104
[INFO] [1789251594.555597787] [nav_goal_sender]: cycle 10 feedback: 7.3407883644104
[INFO] [1789251594.565525640] [nav_goal_sender]: cycle 10 feedback: 7.3407883644104
[INFO] [1789251594.575500693] [nav_goal_sender]: cycle 10 feedback: 7.3407883644104
[INFO] [1789251594.585475046] [nav_goal_sender]: cycle 10 feedback: 7.3407883644104
[INFO] [1789251594.595763400] [nav_goal_sender]: cycle 10 feedback: 7.3407883644104
[INFO] [1789251594.605524652] [nav_goal_sender]: cycle 10 feedback: 7.3407883644104
[INFO] [1789251594.615886606] [nav_goal_sender]: cycle 10 feedback: 7.3407883644104
[INFO] [1789251594.625726559] [nav_goal_sender]: cycle 10 feedback: 7.3407883644104
[INFO] [1789251594.635501910] [nav_goal_sender]: cycle 10 feedback: 7.3407883644104
[INFO] [1789251594.645303562] [nav_goal_sender]: cycle 10 feedback: 7.3407883644104
[INFO] [1789251594.655302015] [nav_goal_sender]: cycle 10 feedback: 7.3407883644104
[INFO] [1789251594.665743670] [nav_goal_sender]: cycle 10 feedback: 7.3407883644104
[INFO] [1789251594.675705423] [nav_goal_sender]: cycle 10 feedback: 7.3407883644104
[INFO] [1789251594.685321274] [nav_goal_sender]: cycle 10 feedback: 7.3407883644104
[INFO] [1789251594.695661429] [nav_goal_sender]: cycle 10 feedback: 7.3407883644104
[INFO] [1789251594.705403380] [nav_goal_sender]: cycle 10 feedback: 7.3407883644104
[INFO] [1789251594.715916036] [nav_goal_sender]: cycle 10 feedback: 7.3407883644104
[INFO] [1789251594.726157990] [nav_goal_sender]: cycle 10 feedback: 7.3407883644104
[INFO] [1789251594.735539340] [nav_goal_sender]: cycle 10 feedback: 7.3407883644104
[INFO] [1789251594.745593493] [nav_goal_sender]: cycle 10 feedback: 7.3407883644104
[INFO] [1789251594.755776547] [nav_goal_sender]: cycle 10 feedback: 7.3407883644104
[INFO] [1789251594.765584999] [nav_goal_sender]: cycle 10 feedback: 7.3407883644104
[INFO] [1789251594.775308150] [nav_goal_sender]: cycle 10 feedback: 7.3407883644104
[INFO] [1789251594.785192002] [nav_goal_sender]: cycle 10 feedback: 7.3407883644104
[INFO] [1789251594.795550857] [nav_goal_sender]: cycle 10 feedback: 7.3407883644104
[INFO] [1789251594.805241008] [nav_goal_sender]: cycle 10 feedback: 7.3407883644104
[INFO] [1789251594.815358362] [nav_goal_sender]: cycle 10 feedback: 7.3407883644104
[INFO] [1789251594.825267314] [nav_goal_sender]: cycle 10 feedback: 7.3407883644104
[INFO] [1789251594.835650269] [nav_goal_sender]: cycle 10 feedback: 7.3407883644104
[INFO] [1789251594.845388021] [nav_goal_sender]: cycle 10 feedback: 7.3407883644104
[INFO] [1789251594.855436074] [nav_goal_sender]: cycle 10 feedback: 7.3407883644104
[INFO] [1789251594.865781029] [nav_goal_sender]: cycle 10 feedback: 7.3407883644104
[INFO] [1789251594.875686881] [nav_goal_sender]: cycle 10 feedback: 7.3407883644104
[INFO] [1789251594.885411333] [nav_goal_sender]: cycle 10 feedback: 7.3407883644104
[INFO] [1789251594.895366385] [nav_goal_sender]: cycle 10 feedback: 7.3407883644104
[INFO] [1789251594.905619240] [nav_goal_sender]: cycle 10 feedback: 7.3407883644104
[INFO] [1789251594.915367491] [nav_goal_sender]: cycle 10 feedback: 7.3407883644104
[INFO] [1789251594.925630145] [nav_goal_sender]: cycle 10 feedback: 7.295710563659668
[INFO] [1789251594.935677799] [nav_goal_sender]: cycle 10 feedback: 7.295710563659668
[INFO] [1789251594.946003153] [nav_goal_sender]: cycle 10 feedback: 7.170710563659668
[INFO] [1789251594.955729605] [nav_goal_sender]: cycle 10 feedback: 7.170710563659668
[INFO] [1789251594.965649757] [nav_goal_sender]: cycle 10 feedback: 7.170710563659668
[INFO] [1789251594.975728910] [nav_goal_sender]: cycle 10 feedback: 7.170710563659668
[INFO] [1789251594.985653063] [nav_goal_sender]: cycle 10 feedback: 7.170710563659668
[INFO] [1789251594.995898217] [nav_goal_sender]: cycle 10 feedback: 7.170710563659668
[INFO] [1789251595.005311167] [nav_goal_sender]: cycle 10 feedback: 7.170710563659668
[INFO] [1789251595.015940423] [nav_goal_sender]: cycle 10 feedback: 7.170710563659668
[INFO] [1789251595.025826776] [nav_goal_sender]: cycle 10 feedback: 7.170710563659668
[INFO] [1789251595.035577027] [nav_goal_sender]: cycle 10 feedback: 7.170710563659668
[INFO] [1789251595.046694886] [nav_goal_sender]: cycle 10 feedback: 7.170710563659668
[INFO] [1789251595.055635733] [nav_goal_sender]: cycle 10 feedback: 7.170710563659668
[INFO] [1789251595.068365101] [nav_goal_sender]: cycle 10 feedback: 7.145710468292236
[INFO] [1789251595.075280437] [nav_goal_sender]: cycle 10 feedback: 7.145710468292236
[INFO] [1789251595.087027999] [nav_goal_sender]: cycle 10 feedback: 7.145710468292236
[INFO] [1789251595.095968847] [nav_goal_sender]: cycle 10 feedback: 7.145710468292236
[INFO] [1789251595.105861799] [nav_goal_sender]: cycle 10 feedback: 7.145710468292236
[INFO] [1789251595.116393255] [nav_goal_sender]: cycle 10 feedback: 7.145710468292236
[INFO] [1789251595.125841305] [nav_goal_sender]: cycle 10 feedback: 7.145710468292236
[INFO] [1789251595.135335355] [nav_goal_sender]: cycle 10 feedback: 7.145710468292236
[INFO] [1789251595.145937911] [nav_goal_sender]: cycle 10 feedback: 7.145710468292236
[INFO] [1789251595.155572262] [nav_goal_sender]: cycle 10 feedback: 7.145710468292236
[INFO] [1789251595.165883317] [nav_goal_sender]: cycle 10 feedback: 7.120710372924805
[INFO] [1789251595.175857069] [nav_goal_sender]: cycle 10 feedback: 7.120710372924805
[INFO] [1789251595.185679221] [nav_goal_sender]: cycle 10 feedback: 7.120710372924805
[INFO] [1789251595.196077776] [nav_goal_sender]: cycle 10 feedback: 7.120710372924805
[INFO] [1789251595.205736727] [nav_goal_sender]: cycle 10 feedback: 7.120710372924805
[INFO] [1789251595.215539379] [nav_goal_sender]: cycle 10 feedback: 7.120710372924805
[INFO] [1789251595.225853334] [nav_goal_sender]: cycle 10 feedback: 7.120710372924805
[INFO] [1789251595.235709086] [nav_goal_sender]: cycle 10 feedback: 7.120710372924805
[INFO] [1789251595.245502838] [nav_goal_sender]: cycle 10 feedback: 7.120710372924805
[INFO] [1789251595.255913293] [nav_goal_sender]: cycle 10 feedback: 7.120710372924805
[INFO] [1789251595.266118547] [nav_goal_sender]: cycle 10 feedback: 7.120710372924805
[INFO] [1789251595.275872499] [nav_goal_sender]: cycle 10 feedback: 7.120710372924805
[INFO] [1789251595.285683450] [nav_goal_sender]: cycle 10 feedback: 7.095710754394531
[INFO] [1789251595.296200006] [nav_goal_sender]: cycle 10 feedback: 7.095710754394531
[INFO] [1789251595.306145759] [nav_goal_sender]: cycle 10 feedback: 7.095710754394531
[INFO] [1789251595.316627614] [nav_goal_sender]: cycle 10 feedback: 7.101539611816406
[INFO] [1789251595.325719262] [nav_goal_sender]: cycle 10 feedback: 7.101539611816406
[INFO] [1789251595.335620415] [nav_goal_sender]: cycle 10 feedback: 7.101539611816406
[INFO] [1789251595.345701568] [nav_goal_sender]: cycle 10 feedback: 7.101539611816406
[INFO] [1789251595.355929722] [nav_goal_sender]: cycle 10 feedback: 7.101539611816406
[INFO] [1789251595.365606173] [nav_goal_sender]: cycle 10 feedback: 7.101539611816406
[INFO] [1789251595.375451625] [nav_goal_sender]: cycle 10 feedback: 7.101539611816406
[INFO] [1789251595.385644679] [nav_goal_sender]: cycle 10 feedback: 7.101539611816406
[INFO] [1789251595.395483631] [nav_goal_sender]: cycle 10 feedback: 7.101539611816406
[INFO] [1789251595.405836686] [nav_goal_sender]: cycle 10 feedback: 7.101539611816406
[INFO] [1789251595.415633538] [nav_goal_sender]: cycle 10 feedback: 7.101539611816406
[INFO] [1789251595.425894692] [nav_goal_sender]: cycle 10 feedback: 7.0707106590271
[INFO] [1789251595.435611144] [nav_goal_sender]: cycle 10 feedback: 7.0707106590271
[INFO] [1789251595.445330095] [nav_goal_sender]: cycle 10 feedback: 7.0707106590271
[INFO] [1789251595.455371948] [nav_goal_sender]: cycle 10 feedback: 7.0707106590271
[INFO] [1789251595.466507107] [nav_goal_sender]: cycle 10 feedback: 7.0707106590271
[INFO] [1789251595.475688356] [nav_goal_sender]: cycle 10 feedback: 7.0707106590271
[INFO] [1789251595.485797509] [nav_goal_sender]: cycle 10 feedback: 7.0707106590271
[INFO] [1789251595.495496461] [nav_goal_sender]: cycle 10 feedback: 7.0707106590271
[INFO] [1789251595.506159117] [nav_goal_sender]: cycle 10 feedback: 7.0707106590271
[INFO] [1789251595.515935369] [nav_goal_sender]: cycle 10 feedback: 7.0707106590271
[INFO] [1789251595.526691726] [nav_goal_sender]: cycle 10 feedback: 7.0707106590271
[INFO] [1789251595.536792779] [nav_goal_sender]: cycle 10 feedback: 7.0707106590271
[INFO] [1789251595.546121328] [nav_goal_sender]: cycle 10 feedback: 7.0707106590271
[INFO] [1789251595.556377683] [nav_goal_sender]: cycle 10 feedback: 7.0707106590271
[INFO] [1789251595.565920933] [nav_goal_sender]: cycle 10 feedback: 7.0707106590271
[INFO] [1789251595.575454884] [nav_goal_sender]: cycle 10 feedback: 7.0707106590271
[INFO] [1789251595.585360736] [nav_goal_sender]: cycle 10 feedback: 7.0707106590271
[INFO] [1789251595.595882692] [nav_goal_sender]: cycle 10 feedback: 7.0707106590271
[INFO] [1789251595.606473748] [nav_goal_sender]: cycle 10 feedback: 7.0707106590271
[INFO] [1789251595.615768397] [nav_goal_sender]: cycle 10 feedback: 7.0707106590271
[INFO] [1789251595.626385453] [nav_goal_sender]: cycle 10 feedback: 7.0707106590271
[INFO] [1789251595.635277700] [nav_goal_sender]: cycle 10 feedback: 7.0707106590271
[INFO] [1789251595.645468654] [nav_goal_sender]: cycle 10 feedback: 7.0707106590271
[INFO] [1789251595.655355506] [nav_goal_sender]: cycle 10 feedback: 7.0707106590271
[INFO] [1789251595.665397360] [nav_goal_sender]: cycle 10 feedback: 7.0707106590271
[INFO] [1789251595.675379212] [nav_goal_sender]: cycle 10 feedback: 7.0707106590271
[INFO] [1789251595.685550366] [nav_goal_sender]: cycle 10 feedback: 7.0707106590271
[INFO] [1789251595.695286018] [nav_goal_sender]: cycle 10 feedback: 7.0707106590271
[INFO] [1789251595.705409671] [nav_goal_sender]: cycle 10 feedback: 7.0707106590271
[INFO] [1789251595.715438624] [nav_goal_sender]: cycle 10 feedback: 7.0707106590271
[INFO] [1789251595.725231476] [nav_goal_sender]: cycle 10 feedback: 7.0707106590271
[INFO] [1789251595.735198829] [nav_goal_sender]: cycle 10 feedback: 7.0707106590271
[INFO] [1789251595.745340983] [nav_goal_sender]: cycle 10 feedback: 7.0707106590271
[INFO] [1789251595.755257435] [nav_goal_sender]: cycle 10 feedback: 7.0707106590271
[INFO] [1789251595.765450489] [nav_goal_sender]: cycle 10 feedback: 7.0707106590271
[INFO] [1789251595.775244541] [nav_goal_sender]: cycle 10 feedback: 7.0707106590271
[INFO] [1789251595.785400595] [nav_goal_sender]: cycle 10 feedback: 7.0707106590271
[INFO] [1789251595.795252747] [nav_goal_sender]: cycle 10 feedback: 7.0707106590271
[INFO] [1789251595.805281900] [nav_goal_sender]: cycle 10 feedback: 7.0707106590271
[INFO] [1789251595.815375953] [nav_goal_sender]: cycle 10 feedback: 7.0707106590271
[INFO] [1789251595.825632107] [nav_goal_sender]: cycle 10 feedback: 7.0707106590271
[INFO] [1789251595.835194058] [nav_goal_sender]: cycle 10 feedback: 7.0707106590271
[INFO] [1789251595.845453312] [nav_goal_sender]: cycle 10 feedback: 7.0707106590271
[INFO] [1789251595.855274164] [nav_goal_sender]: cycle 10 feedback: 7.0707106590271
[INFO] [1789251595.865387218] [nav_goal_sender]: cycle 10 feedback: 7.045710563659668
[INFO] [1789251595.875578372] [nav_goal_sender]: cycle 10 feedback: 7.045710563659668
[INFO] [1789251595.885257723] [nav_goal_sender]: cycle 10 feedback: 7.045710563659668
[INFO] [1789251595.895420877] [nav_goal_sender]: cycle 10 feedback: 7.045710563659668
[INFO] [1789251595.905237929] [nav_goal_sender]: cycle 10 feedback: 7.045710563659668
[INFO] [1789251595.915344382] [nav_goal_sender]: cycle 10 feedback: 7.045710563659668
[INFO] [1789251595.925547636] [nav_goal_sender]: cycle 10 feedback: 7.045710563659668
[INFO] [1789251595.935241687] [nav_goal_sender]: cycle 10 feedback: 7.045710563659668
[INFO] [1789251595.945291741] [nav_goal_sender]: cycle 10 feedback: 7.045710563659668
[INFO] [1789251595.955432794] [nav_goal_sender]: cycle 10 feedback: 7.045710563659668
[INFO] [1789251595.965483747] [nav_goal_sender]: cycle 10 feedback: 7.045710563659668
[INFO] [1789251595.975351600] [nav_goal_sender]: cycle 10 feedback: 7.045710563659668
[INFO] [1789251595.985297252] [nav_goal_sender]: cycle 10 feedback: 7.045710563659668
[INFO] [1789251595.995303605] [nav_goal_sender]: cycle 10 feedback: 7.045710563659668
[INFO] [1789251596.005264158] [nav_goal_sender]: cycle 10 feedback: 7.045710563659668
[INFO] [1789251596.015741813] [nav_goal_sender]: cycle 10 feedback: 7.045710563659668
[INFO] [1789251596.025265864] [nav_goal_sender]: cycle 10 feedback: 7.020710468292236
[INFO] [1789251596.035250417] [nav_goal_sender]: cycle 10 feedback: 7.020710468292236
[INFO] [1789251596.045392370] [nav_goal_sender]: cycle 10 feedback: 7.020710468292236
[INFO] [1789251596.055306223] [nav_goal_sender]: cycle 10 feedback: 7.020710468292236
[INFO] [1789251596.065386776] [nav_goal_sender]: cycle 10 feedback: 7.020710468292236
[INFO] [1789251596.075306328] [nav_goal_sender]: cycle 10 feedback: 7.020710468292236
[INFO] [1789251596.085321881] [nav_goal_sender]: cycle 10 feedback: 6.995710849761963
[INFO] [1789251596.096039938] [nav_goal_sender]: cycle 10 feedback: 6.995710849761963
[INFO] [1789251596.105300887] [nav_goal_sender]: cycle 10 feedback: 6.995710849761963
[INFO] [1789251596.115661342] [nav_goal_sender]: cycle 10 feedback: 6.995710849761963
[INFO] [1789251596.125265693] [nav_goal_sender]: cycle 10 feedback: 6.995710849761963
[INFO] [1789251596.135265546] [nav_goal_sender]: cycle 10 feedback: 6.995710849761963
[INFO] [1789251596.145552300] [nav_goal_sender]: cycle 10 feedback: 6.970710754394531
[INFO] [1789251596.155291252] [nav_goal_sender]: cycle 10 feedback: 6.970710754394531
[INFO] [1789251596.165421705] [nav_goal_sender]: cycle 10 feedback: 6.970710754394531
[INFO] [1789251596.175297158] [nav_goal_sender]: cycle 10 feedback: 6.970710754394531
[INFO] [1789251596.185251310] [nav_goal_sender]: cycle 10 feedback: 6.970710754394531
[INFO] [1789251596.195420364] [nav_goal_sender]: cycle 10 feedback: 6.970710754394531
[INFO] [1789251596.205255116] [nav_goal_sender]: cycle 10 feedback: 6.9457106590271
[INFO] [1789251596.215797172] [nav_goal_sender]: cycle 10 feedback: 6.9457106590271
[INFO] [1789251596.225217222] [nav_goal_sender]: cycle 10 feedback: 6.920710563659668
[INFO] [1789251596.235251175] [nav_goal_sender]: cycle 10 feedback: 6.920710563659668
[INFO] [1789251596.245530529] [nav_goal_sender]: cycle 10 feedback: 6.920710563659668
[INFO] [1789251596.255289781] [nav_goal_sender]: cycle 10 feedback: 6.920710563659668
[INFO] [1789251596.265375634] [nav_goal_sender]: cycle 10 feedback: 6.920710563659668
[INFO] [1789251596.275470088] [nav_goal_sender]: cycle 10 feedback: 6.920710563659668
[INFO] [1789251596.285268939] [nav_goal_sender]: cycle 10 feedback: 6.920710563659668
[INFO] [1789251596.295715195] [nav_goal_sender]: cycle 10 feedback: 6.920710563659668
[INFO] [1789251596.305380446] [nav_goal_sender]: cycle 10 feedback: 6.920710563659668
[INFO] [1789251596.316291304] [nav_goal_sender]: cycle 10 feedback: 6.920710563659668
[INFO] [1789251596.325830354] [nav_goal_sender]: cycle 10 feedback: 6.920710563659668
[INFO] [1789251596.336421110] [nav_goal_sender]: cycle 10 feedback: 7.039671421051025
[INFO] [1789251596.345837160] [nav_goal_sender]: cycle 10 feedback: 7.039671421051025
[INFO] [1789251596.355305110] [nav_goal_sender]: cycle 10 feedback: 7.039671421051025
[INFO] [1789251596.365709665] [nav_goal_sender]: cycle 10 feedback: 7.039671421051025
[INFO] [1789251596.375726018] [nav_goal_sender]: cycle 10 feedback: 7.039671421051025
[INFO] [1789251596.385518070] [nav_goal_sender]: cycle 10 feedback: 7.039671421051025
[INFO] [1789251596.395934225] [nav_goal_sender]: cycle 10 feedback: 7.039671421051025
[INFO] [1789251596.406091479] [nav_goal_sender]: cycle 10 feedback: 7.039671421051025
[INFO] [1789251596.416009831] [nav_goal_sender]: cycle 10 feedback: 7.039671421051025
[INFO] [1789251596.426133685] [nav_goal_sender]: cycle 10 feedback: 7.039671421051025
[INFO] [1789251596.435762836] [nav_goal_sender]: cycle 10 feedback: 7.039671421051025
[INFO] [1789251596.445410087] [nav_goal_sender]: cycle 10 feedback: 7.039671421051025
[INFO] [1789251596.455364839] [nav_goal_sender]: cycle 10 feedback: 7.039671421051025
[INFO] [1789251596.465871395] [nav_goal_sender]: cycle 10 feedback: 7.039671421051025
[INFO] [1789251596.475876248] [nav_goal_sender]: cycle 10 feedback: 7.039671421051025
[INFO] [1789251596.485988001] [nav_goal_sender]: cycle 10 feedback: 7.039671421051025
[INFO] [1789251596.495988254] [nav_goal_sender]: cycle 10 feedback: 7.039671421051025
[INFO] [1789251596.505220403] [nav_goal_sender]: cycle 10 feedback: 7.039671421051025
[INFO] [1789251596.515419357] [nav_goal_sender]: cycle 10 feedback: 7.039671421051025
[INFO] [1789251596.526087514] [nav_goal_sender]: cycle 10 feedback: 7.039671421051025
[INFO] [1789251596.535225662] [nav_goal_sender]: cycle 10 feedback: 7.039671421051025
[INFO] [1789251596.545265815] [nav_goal_sender]: cycle 10 feedback: 7.039671421051025
[INFO] [1789251596.555238168] [nav_goal_sender]: cycle 10 feedback: 7.039671421051025
[INFO] [1789251596.565439822] [nav_goal_sender]: cycle 10 feedback: 7.039671421051025
[INFO] [1789251596.575290674] [nav_goal_sender]: cycle 10 feedback: 7.039671421051025
[INFO] [1789251596.585343827] [nav_goal_sender]: cycle 10 feedback: 7.039671421051025
[INFO] [1789251596.595352280] [nav_goal_sender]: cycle 10 feedback: 7.039671421051025
[INFO] [1789251596.605291133] [nav_goal_sender]: cycle 10 feedback: 7.039671421051025
[INFO] [1789251596.615413886] [nav_goal_sender]: cycle 10 feedback: 7.039671421051025
[INFO] [1789251596.625330239] [nav_goal_sender]: cycle 10 feedback: 7.039671421051025
[INFO] [1789251596.635651193] [nav_goal_sender]: cycle 10 feedback: 7.039671421051025
[INFO] [1789251596.645578646] [nav_goal_sender]: cycle 10 feedback: 7.039671421051025
[INFO] [1789251596.655496598] [nav_goal_sender]: cycle 10 feedback: 7.039671421051025
[INFO] [1789251596.665609552] [nav_goal_sender]: cycle 10 feedback: 7.039671421051025
[INFO] [1789251596.675613005] [nav_goal_sender]: cycle 10 feedback: 7.039671421051025
[INFO] [1789251596.685587058] [nav_goal_sender]: cycle 10 feedback: 7.039671421051025
[INFO] [1789251596.695786011] [nav_goal_sender]: cycle 10 feedback: 7.039671421051025
[INFO] [1789251596.705270562] [nav_goal_sender]: cycle 10 feedback: 7.039671421051025
[INFO] [1789251596.715903318] [nav_goal_sender]: cycle 10 feedback: 7.039671421051025
[INFO] [1789251596.725552969] [nav_goal_sender]: cycle 10 feedback: 7.039671421051025
[INFO] [1789251596.735583622] [nav_goal_sender]: cycle 10 feedback: 7.039671421051025
[INFO] [1789251596.745858876] [nav_goal_sender]: cycle 10 feedback: 7.039671421051025
[INFO] [1789251596.755614928] [nav_goal_sender]: cycle 10 feedback: 7.039671421051025
[INFO] [1789251596.766388485] [nav_goal_sender]: cycle 10 feedback: 7.039671421051025
[INFO] [1789251596.775309332] [nav_goal_sender]: cycle 10 feedback: 7.039671421051025
[INFO] [1789251596.785346185] [nav_goal_sender]: cycle 10 feedback: 7.039671421051025
[INFO] [1789251596.795381138] [nav_goal_sender]: cycle 10 feedback: 7.039671421051025
[INFO] [1789251596.805316191] [nav_goal_sender]: cycle 10 feedback: 7.039671421051025
[INFO] [1789251596.815392344] [nav_goal_sender]: cycle 10 feedback: 7.039671421051025
[INFO] [1789251596.825350997] [nav_goal_sender]: cycle 10 feedback: 7.039671421051025
[INFO] [1789251596.835688652] [nav_goal_sender]: cycle 10 feedback: 7.039671421051025
[INFO] [1789251596.845319303] [nav_goal_sender]: cycle 10 feedback: 7.039671421051025
[INFO] [1789251596.855291155] [nav_goal_sender]: cycle 10 feedback: 7.039671421051025
[INFO] [1789251596.865725111] [nav_goal_sender]: cycle 10 feedback: 7.039671421051025
[INFO] [1789251596.876071365] [nav_goal_sender]: cycle 10 feedback: 7.039671421051025
[INFO] [1789251596.885876617] [nav_goal_sender]: cycle 10 feedback: 7.039671421051025
[INFO] [1789251596.895362367] [nav_goal_sender]: cycle 10 feedback: 7.039671421051025
[INFO] [1789251596.905225620] [nav_goal_sender]: cycle 10 feedback: 7.039671421051025
[INFO] [1789251596.915429374] [nav_goal_sender]: cycle 10 feedback: 7.039671421051025
[INFO] [1789251596.926151130] [nav_goal_sender]: cycle 10 feedback: 7.039671421051025
[INFO] [1789251596.935398479] [nav_goal_sender]: cycle 10 feedback: 7.039671421051025
[INFO] [1789251596.945347232] [nav_goal_sender]: cycle 10 feedback: 7.039671421051025
[INFO] [1789251596.955751187] [nav_goal_sender]: cycle 10 feedback: 7.039671421051025
[INFO] [1789251596.965857240] [nav_goal_sender]: cycle 10 feedback: 7.039671421051025
[INFO] [1789251596.975399791] [nav_goal_sender]: cycle 10 feedback: 7.039671421051025
[INFO] [1789251596.985922447] [nav_goal_sender]: cycle 10 feedback: 7.039671421051025
[INFO] [1789251596.995532897] [nav_goal_sender]: cycle 10 feedback: 7.039671421051025
[INFO] [1789251597.005387550] [nav_goal_sender]: cycle 10 feedback: 7.039671421051025
[INFO] [1789251597.016487208] [nav_goal_sender]: cycle 10 feedback: 7.039671421051025
[INFO] [1789251597.025309955] [nav_goal_sender]: cycle 10 feedback: 7.039671421051025
[INFO] [1789251597.035413708] [nav_goal_sender]: cycle 10 feedback: 7.039671421051025
[INFO] [1789251597.046098865] [nav_goal_sender]: cycle 10 feedback: 7.039671421051025
[INFO] [1789251597.056172918] [nav_goal_sender]: cycle 10 feedback: 7.039671421051025
[INFO] [1789251597.065660469] [nav_goal_sender]: cycle 10 feedback: 7.039671421051025
[INFO] [1789251597.075630321] [nav_goal_sender]: cycle 10 feedback: 7.039671421051025
[INFO] [1789251597.085384773] [nav_goal_sender]: cycle 10 feedback: 7.039671421051025
[INFO] [1789251597.095467026] [nav_goal_sender]: cycle 10 feedback: 7.039671421051025
[INFO] [1789251597.107709191] [nav_goal_sender]: cycle 10 feedback: 7.039671421051025
[INFO] [1789251597.116688739] [nav_goal_sender]: cycle 10 feedback: 7.039671421051025
[INFO] [1789251597.125847487] [nav_goal_sender]: cycle 10 feedback: 7.039671421051025
[INFO] [1789251597.135214737] [nav_goal_sender]: cycle 10 feedback: 7.039671421051025
[INFO] [1789251597.145912493] [nav_goal_sender]: cycle 10 feedback: 7.039671421051025
[INFO] [1789251597.155327343] [nav_goal_sender]: cycle 10 feedback: 7.039671421051025
[INFO] [1789251597.165758198] [nav_goal_sender]: cycle 10 feedback: 7.039671421051025
[INFO] [1789251597.176180053] [nav_goal_sender]: cycle 10 feedback: 7.039671421051025
[INFO] [1789251597.185451102] [nav_goal_sender]: cycle 10 feedback: 7.039671421051025
[INFO] [1789251597.195476155] [nav_goal_sender]: cycle 10 feedback: 7.039671421051025
[INFO] [1789251597.205259007] [nav_goal_sender]: cycle 10 feedback: 7.039671421051025
[INFO] [1789251597.215356361] [nav_goal_sender]: cycle 10 feedback: 7.039671421051025
[INFO] [1789251597.225200913] [nav_goal_sender]: cycle 10 feedback: 7.039671421051025
[INFO] [1789251597.235764469] [nav_goal_sender]: cycle 10 feedback: 7.039671421051025
[INFO] [1789251597.246015923] [nav_goal_sender]: cycle 10 feedback: 7.039671421051025
[INFO] [1789251597.256272877] [nav_goal_sender]: cycle 10 feedback: 7.039671421051025
[INFO] [1789251597.265400725] [nav_goal_sender]: cycle 10 feedback: 7.039671421051025
[INFO] [1789251597.275878381] [nav_goal_sender]: cycle 10 feedback: 7.039671421051025
[INFO] [1789251597.285711733] [nav_goal_sender]: cycle 10 feedback: 7.039671421051025
[INFO] [1789251597.295684486] [nav_goal_sender]: cycle 10 feedback: 7.039671421051025
[INFO] [1789251597.305244036] [nav_goal_sender]: cycle 10 feedback: 7.039671421051025
[INFO] [1789251597.315595591] [nav_goal_sender]: cycle 10 feedback: 7.039671421051025
[INFO] [1789251597.325454543] [nav_goal_sender]: cycle 10 feedback: 7.039671421051025
[INFO] [1789251597.335757198] [nav_goal_sender]: cycle 10 feedback: 7.039671421051025
[INFO] [1789251597.345822451] [nav_goal_sender]: cycle 10 feedback: 7.039671421051025
[INFO] [1789251597.355526702] [nav_goal_sender]: cycle 10 feedback: 7.039671421051025
[INFO] [1789251597.366304359] [nav_goal_sender]: cycle 10 feedback: 7.209389686584473
[INFO] [1789251597.375316107] [nav_goal_sender]: cycle 10 feedback: 7.209389686584473
[INFO] [1789251597.385403260] [nav_goal_sender]: cycle 10 feedback: 7.209389686584473
[INFO] [1789251597.395611914] [nav_goal_sender]: cycle 10 feedback: 7.209389686584473
[INFO] [1789251597.405331466] [nav_goal_sender]: cycle 10 feedback: 7.209389686584473
[INFO] [1789251597.415437319] [nav_goal_sender]: cycle 10 feedback: 7.209389686584473
[INFO] [1789251597.425424972] [nav_goal_sender]: cycle 10 feedback: 7.209389686584473
[INFO] [1789251597.435294224] [nav_goal_sender]: cycle 10 feedback: 7.209389686584473
[INFO] [1789251597.445440078] [nav_goal_sender]: cycle 10 feedback: 7.209389686584473
[INFO] [1789251597.455414531] [nav_goal_sender]: cycle 10 feedback: 7.209389686584473
[INFO] [1789251597.465531784] [nav_goal_sender]: cycle 10 feedback: 7.209389686584473
[INFO] [1789251597.475261436] [nav_goal_sender]: cycle 10 feedback: 7.209389686584473
[INFO] [1789251597.485351789] [nav_goal_sender]: cycle 10 feedback: 7.209389686584473
[INFO] [1789251597.495360642] [nav_goal_sender]: cycle 10 feedback: 7.209389686584473
[INFO] [1789251597.505323095] [nav_goal_sender]: cycle 10 feedback: 7.209389686584473
[INFO] [1789251597.515376248] [nav_goal_sender]: cycle 10 feedback: 7.209389686584473
[INFO] [1789251597.525293900] [nav_goal_sender]: cycle 10 feedback: 7.209389686584473
[INFO] [1789251597.535327654] [nav_goal_sender]: cycle 10 feedback: 7.209389686584473
[INFO] [1789251597.545405807] [nav_goal_sender]: cycle 10 feedback: 7.209389686584473
[INFO] [1789251597.555334159] [nav_goal_sender]: cycle 10 feedback: 7.209389686584473
[INFO] [1789251597.565450913] [nav_goal_sender]: cycle 10 feedback: 7.209389686584473
[INFO] [1789251597.575257665] [nav_goal_sender]: cycle 10 feedback: 7.209389686584473
[INFO] [1789251597.585247818] [nav_goal_sender]: cycle 10 feedback: 7.209389686584473
[INFO] [1789251597.595317671] [nav_goal_sender]: cycle 10 feedback: 7.209389686584473
[INFO] [1789251597.605218223] [nav_goal_sender]: cycle 10 feedback: 7.209389686584473
[INFO] [1789251597.615445377] [nav_goal_sender]: cycle 10 feedback: 7.209389686584473
[INFO] [1789251597.625197229] [nav_goal_sender]: cycle 10 feedback: 7.209389686584473
[INFO] [1789251597.635307583] [nav_goal_sender]: cycle 10 feedback: 7.209389686584473
[INFO] [1789251597.645347336] [nav_goal_sender]: cycle 10 feedback: 7.209389686584473
[INFO] [1789251597.655332789] [nav_goal_sender]: cycle 10 feedback: 7.209389686584473
[INFO] [1789251597.665563343] [nav_goal_sender]: cycle 10 feedback: 7.209389686584473
[INFO] [1789251597.675684896] [nav_goal_sender]: cycle 10 feedback: 7.209389686584473
[INFO] [1789251597.685283047] [nav_goal_sender]: cycle 10 feedback: 7.209389686584473
[INFO] [1789251597.695370300] [nav_goal_sender]: cycle 10 feedback: 7.209389686584473
[INFO] [1789251597.705226552] [nav_goal_sender]: cycle 10 feedback: 7.209389686584473
[INFO] [1789251597.715493607] [nav_goal_sender]: cycle 10 feedback: 7.209389686584473
[INFO] [1789251597.725518260] [nav_goal_sender]: cycle 10 feedback: 7.209389686584473
[INFO] [1789251597.735229011] [nav_goal_sender]: cycle 10 feedback: 7.209389686584473
[INFO] [1789251597.745378065] [nav_goal_sender]: cycle 10 feedback: 7.209389686584473
[INFO] [1789251597.755383818] [nav_goal_sender]: cycle 10 feedback: 7.209389686584473
[INFO] [1789251597.765613272] [nav_goal_sender]: cycle 10 feedback: 7.209389686584473
[INFO] [1789251597.775370424] [nav_goal_sender]: cycle 10 feedback: 7.209389686584473
[INFO] [1789251597.785857979] [nav_goal_sender]: cycle 10 feedback: 7.209389686584473
[INFO] [1789251597.795430530] [nav_goal_sender]: cycle 10 feedback: 7.209389686584473
[INFO] [1789251597.805394782] [nav_goal_sender]: cycle 10 feedback: 7.209389686584473
[INFO] [1789251597.816143039] [nav_goal_sender]: cycle 10 feedback: 7.209389686584473
[INFO] [1789251597.825851891] [nav_goal_sender]: cycle 10 feedback: 7.209389686584473
[INFO] [1789251597.835623842] [nav_goal_sender]: cycle 10 feedback: 7.209389686584473
[INFO] [1789251597.845436894] [nav_goal_sender]: cycle 10 feedback: 7.209389686584473
[INFO] [1789251597.855348147] [nav_goal_sender]: cycle 10 feedback: 7.209389686584473
[INFO] [1789251597.865558801] [nav_goal_sender]: cycle 10 feedback: 7.166421413421631
[INFO] [1789251597.875521554] [nav_goal_sender]: cycle 10 feedback: 7.166421413421631
[INFO] [1789251597.885620807] [nav_goal_sender]: cycle 10 feedback: 7.166421413421631
[INFO] [1789251597.895487459] [nav_goal_sender]: cycle 10 feedback: 7.166421413421631
[INFO] [1789251597.905258411] [nav_goal_sender]: cycle 10 feedback: 7.166421413421631
[INFO] [1789251597.915875767] [nav_goal_sender]: cycle 10 feedback: 7.166421413421631
[INFO] [1789251597.925698119] [nav_goal_sender]: cycle 10 feedback: 7.166421413421631
[INFO] [1789251597.936245175] [nav_goal_sender]: cycle 10 feedback: 7.166421413421631
[INFO] [1789251597.945719225] [nav_goal_sender]: cycle 10 feedback: 7.166421413421631
[INFO] [1789251597.955637377] [nav_goal_sender]: cycle 10 feedback: 7.166421413421631
[INFO] [1789251597.965779631] [nav_goal_sender]: cycle 10 feedback: 7.166421413421631
[INFO] [1789251597.975486582] [nav_goal_sender]: cycle 10 feedback: 7.166421413421631
[INFO] [1789251597.985200234] [nav_goal_sender]: cycle 10 feedback: 7.166421413421631
[INFO] [1789251597.995213987] [nav_goal_sender]: cycle 10 feedback: 7.166421413421631
[INFO] [1789251598.005599642] [nav_goal_sender]: cycle 10 feedback: 7.166421413421631
[INFO] [1789251598.015677195] [nav_goal_sender]: cycle 10 feedback: 7.166421413421631
[INFO] [1789251598.025764748] [nav_goal_sender]: cycle 10 feedback: 7.166421413421631
[INFO] [1789251598.035612201] [nav_goal_sender]: cycle 10 feedback: 7.166421413421631
[INFO] [1789251598.045900155] [nav_goal_sender]: cycle 10 feedback: 7.166421413421631
[INFO] [1789251598.055321005] [nav_goal_sender]: cycle 10 feedback: 7.166421413421631
[INFO] [1789251598.066532264] [nav_goal_sender]: cycle 10 feedback: 7.166421413421631
[INFO] [1789251598.075784813] [nav_goal_sender]: cycle 10 feedback: 7.166421413421631
[INFO] [1789251598.085832066] [nav_goal_sender]: cycle 10 feedback: 7.166421413421631
[INFO] [1789251598.095416617] [nav_goal_sender]: cycle 10 feedback: 7.166421413421631
[INFO] [1789251598.105280869] [nav_goal_sender]: cycle 10 feedback: 7.166421413421631
[INFO] [1789251598.115867625] [nav_goal_sender]: cycle 10 feedback: 7.166421413421631
[INFO] [1789251598.125273075] [nav_goal_sender]: cycle 10 feedback: 7.166421413421631
[INFO] [1789251598.135235028] [nav_goal_sender]: cycle 10 feedback: 7.166421413421631
[INFO] [1789251598.145365981] [nav_goal_sender]: cycle 10 feedback: 7.166421413421631
[INFO] [1789251598.155289134] [nav_goal_sender]: cycle 10 feedback: 7.166421413421631
[INFO] [1789251598.165441988] [nav_goal_sender]: cycle 10 feedback: 7.166421413421631
[INFO] [1789251598.175725142] [nav_goal_sender]: cycle 10 feedback: 7.166421413421631
[INFO] [1789251598.185345493] [nav_goal_sender]: cycle 10 feedback: 7.166421413421631
[INFO] [1789251598.196047849] [nav_goal_sender]: cycle 10 feedback: 7.166421413421631
[INFO] [1789251598.205367199] [nav_goal_sender]: cycle 10 feedback: 7.166421413421631
[INFO] [1789251598.215524253] [nav_goal_sender]: cycle 10 feedback: 7.166421413421631
[INFO] [1789251598.225492705] [nav_goal_sender]: cycle 10 feedback: 7.166421413421631
[INFO] [1789251598.235565359] [nav_goal_sender]: cycle 10 feedback: 7.166421413421631
[INFO] [1789251598.245368010] [nav_goal_sender]: cycle 10 feedback: 7.166421413421631
[INFO] [1789251598.255271563] [nav_goal_sender]: cycle 10 feedback: 7.166421413421631
[INFO] [1789251598.265515717] [nav_goal_sender]: cycle 10 feedback: 7.166421413421631
[INFO] [1789251598.275273069] [nav_goal_sender]: cycle 10 feedback: 7.166421413421631
[INFO] [1789251598.285359522] [nav_goal_sender]: cycle 10 feedback: 7.166421413421631
[INFO] [1789251598.295332075] [nav_goal_sender]: cycle 10 feedback: 7.166421413421631
[INFO] [1789251598.305479628] [nav_goal_sender]: cycle 10 feedback: 7.166421413421631
[INFO] [1789251598.315557882] [nav_goal_sender]: cycle 10 feedback: 7.166421413421631
[INFO] [1789251598.325229133] [nav_goal_sender]: cycle 10 feedback: 7.166421413421631
[INFO] [1789251598.335728189] [nav_goal_sender]: cycle 10 feedback: 7.166421413421631
[INFO] [1789251598.345475540] [nav_goal_sender]: cycle 10 feedback: 7.166421413421631
[INFO] [1789251598.355369092] [nav_goal_sender]: cycle 10 feedback: 7.166421413421631
[INFO] [1789251598.365699947] [nav_goal_sender]: cycle 10 feedback: 7.166421413421631
[INFO] [1789251598.375658200] [nav_goal_sender]: cycle 10 feedback: 7.166421413421631
[INFO] [1789251598.385263951] [nav_goal_sender]: cycle 10 feedback: 7.166421413421631
[INFO] [1789251598.396177608] [nav_goal_sender]: cycle 10 feedback: 7.310076713562012
[INFO] [1789251598.405199756] [nav_goal_sender]: cycle 10 feedback: 7.310076713562012
[INFO] [1789251598.415415810] [nav_goal_sender]: cycle 10 feedback: 7.310076713562012
[INFO] [1789251598.425174362] [nav_goal_sender]: cycle 10 feedback: 7.245710372924805
[INFO] [1789251598.435195715] [nav_goal_sender]: cycle 10 feedback: 7.245710372924805
[INFO] [1789251598.445440769] [nav_goal_sender]: cycle 10 feedback: 7.1957106590271
[INFO] [1789251598.455427522] [nav_goal_sender]: cycle 10 feedback: 7.1957106590271
[INFO] [1789251598.465417075] [nav_goal_sender]: cycle 10 feedback: 7.145710468292236
[INFO] [1789251598.475273827] [nav_goal_sender]: cycle 10 feedback: 7.145710468292236
[INFO] [1789251598.485232680] [nav_goal_sender]: cycle 10 feedback: 7.095710277557373
[INFO] [1789251598.496046437] [nav_goal_sender]: cycle 10 feedback: 7.095710277557373
[INFO] [1789251598.505390086] [nav_goal_sender]: cycle 10 feedback: 7.04571008682251
[INFO] [1789251598.515361639] [nav_goal_sender]: cycle 10 feedback: 7.04571008682251
[INFO] [1789251598.525184391] [nav_goal_sender]: cycle 10 feedback: 6.995710372924805
[INFO] [1789251598.535183144] [nav_goal_sender]: cycle 10 feedback: 6.995710372924805
[INFO] [1789251598.545494298] [nav_goal_sender]: cycle 10 feedback: 6.9457106590271
[INFO] [1789251598.555261950] [nav_goal_sender]: cycle 10 feedback: 6.9457106590271
[INFO] [1789251598.565357303] [nav_goal_sender]: cycle 10 feedback: 6.895710468292236
[INFO] [1789251598.575263656] [nav_goal_sender]: cycle 10 feedback: 6.895710468292236
[INFO] [1789251598.585356009] [nav_goal_sender]: cycle 10 feedback: 6.870710849761963
[INFO] [1789251598.595508363] [nav_goal_sender]: cycle 10 feedback: 6.870710849761963
[INFO] [1789251598.605215514] [nav_goal_sender]: cycle 10 feedback: 6.8207106590271
[INFO] [1789251598.615438068] [nav_goal_sender]: cycle 10 feedback: 6.8207106590271
[INFO] [1789251598.625240020] [nav_goal_sender]: cycle 10 feedback: 6.8207106590271
[INFO] [1789251598.635250973] [nav_goal_sender]: cycle 10 feedback: 6.8207106590271
[INFO] [1789251598.645667428] [nav_goal_sender]: cycle 10 feedback: 6.8207106590271
[INFO] [1789251598.655347180] [nav_goal_sender]: cycle 10 feedback: 6.8207106590271
[INFO] [1789251598.665454433] [nav_goal_sender]: cycle 10 feedback: 6.8207106590271
[INFO] [1789251598.675165884] [nav_goal_sender]: cycle 10 feedback: 6.8207106590271
[INFO] [1789251598.685233238] [nav_goal_sender]: cycle 10 feedback: 6.8207106590271
[INFO] [1789251598.695370591] [nav_goal_sender]: cycle 10 feedback: 6.8207106590271
[INFO] [1789251598.705195243] [nav_goal_sender]: cycle 10 feedback: 6.795710563659668
[INFO] [1789251598.715420997] [nav_goal_sender]: cycle 10 feedback: 6.795710563659668
[INFO] [1789251598.725309550] [nav_goal_sender]: cycle 10 feedback: 6.795710563659668
[INFO] [1789251598.735215602] [nav_goal_sender]: cycle 10 feedback: 6.795710563659668
[INFO] [1789251598.746054560] [nav_goal_sender]: cycle 10 feedback: 6.795710563659668
[INFO] [1789251598.755731511] [nav_goal_sender]: cycle 10 feedback: 6.795710563659668
[INFO] [1789251598.765262061] [nav_goal_sender]: cycle 10 feedback: 6.795710563659668
[INFO] [1789251598.775660116] [nav_goal_sender]: cycle 10 feedback: 6.795710563659668
[INFO] [1789251598.785317367] [nav_goal_sender]: cycle 10 feedback: 6.795710563659668
[INFO] [1789251598.795530121] [nav_goal_sender]: cycle 10 feedback: 6.795710563659668
[INFO] [1789251598.805263273] [nav_goal_sender]: cycle 10 feedback: 6.795710563659668
[INFO] [1789251598.815485527] [nav_goal_sender]: cycle 10 feedback: 6.795710563659668
[INFO] [1789251598.825270379] [nav_goal_sender]: cycle 10 feedback: 6.770710468292236
[INFO] [1789251598.835232831] [nav_goal_sender]: cycle 10 feedback: 6.770710468292236
[INFO] [1789251598.845355285] [nav_goal_sender]: cycle 10 feedback: 6.770710468292236
[INFO] [1789251598.855512939] [nav_goal_sender]: cycle 10 feedback: 6.770710468292236
[INFO] [1789251598.865446691] [nav_goal_sender]: cycle 10 feedback: 6.770710468292236
[INFO] [1789251598.875368644] [nav_goal_sender]: cycle 10 feedback: 6.770710468292236
[INFO] [1789251598.885259896] [nav_goal_sender]: cycle 10 feedback: 6.770710468292236
[INFO] [1789251598.895321049] [nav_goal_sender]: cycle 10 feedback: 6.770710468292236
[INFO] [1789251598.905375603] [nav_goal_sender]: cycle 10 feedback: 6.770710468292236
[INFO] [1789251598.915415956] [nav_goal_sender]: cycle 10 feedback: 6.770710468292236
[INFO] [1789251598.925479909] [nav_goal_sender]: cycle 10 feedback: 6.770710468292236
[INFO] [1789251598.935457862] [nav_goal_sender]: cycle 10 feedback: 6.770710468292236
[INFO] [1789251598.945580015] [nav_goal_sender]: cycle 10 feedback: 6.745710372924805
[INFO] [1789251598.955280567] [nav_goal_sender]: cycle 10 feedback: 6.745710372924805
[INFO] [1789251598.965992523] [nav_goal_sender]: cycle 10 feedback: 6.745710372924805
[INFO] [1789251598.975291172] [nav_goal_sender]: cycle 10 feedback: 6.745710372924805
[INFO] [1789251598.985678927] [nav_goal_sender]: cycle 10 feedback: 6.745710372924805
[INFO] [1789251598.995348679] [nav_goal_sender]: cycle 10 feedback: 6.745710372924805
[INFO] [1789251599.005816134] [nav_goal_sender]: cycle 10 feedback: 6.745710372924805
[INFO] [1789251599.015633486] [nav_goal_sender]: cycle 10 feedback: 6.745710372924805
[INFO] [1789251599.025351537] [nav_goal_sender]: cycle 10 feedback: 6.495710372924805
[INFO] [1789251599.036004894] [nav_goal_sender]: cycle 10 feedback: 6.495710372924805
[INFO] [1789251599.045260743] [nav_goal_sender]: cycle 10 feedback: 6.320710182189941
[INFO] [1789251599.055419196] [nav_goal_sender]: cycle 10 feedback: 6.320710182189941
[INFO] [1789251599.066283554] [nav_goal_sender]: cycle 10 feedback: 6.1957106590271
[INFO] [1789251599.075752704] [nav_goal_sender]: cycle 10 feedback: 6.1957106590271
[INFO] [1789251599.086009858] [nav_goal_sender]: cycle 10 feedback: 6.145710468292236
[INFO] [1789251599.096075412] [nav_goal_sender]: cycle 10 feedback: 6.145710468292236
[INFO] [1789251599.105322760] [nav_goal_sender]: cycle 10 feedback: 6.1957106590271
[INFO] [1789251599.115794216] [nav_goal_sender]: cycle 10 feedback: 6.1957106590271
[INFO] [1789251599.125403367] [nav_goal_sender]: cycle 10 feedback: 6.295710563659668
[INFO] [1789251599.135497120] [nav_goal_sender]: cycle 10 feedback: 6.295710563659668
[INFO] [1789251599.145416873] [nav_goal_sender]: cycle 10 feedback: 6.470710754394531
[INFO] [1789251599.155620627] [nav_goal_sender]: cycle 10 feedback: 6.470710754394531
[INFO] [1789251599.165467179] [nav_goal_sender]: cycle 10 feedback: 6.720710277557373
[INFO] [1789251599.175276831] [nav_goal_sender]: cycle 10 feedback: 6.720710277557373
[INFO] [1789251599.185427084] [nav_goal_sender]: cycle 10 feedback: 7.020710468292236
[INFO] [1789251599.195639938] [nav_goal_sender]: cycle 10 feedback: 7.020710468292236
[INFO] [1789251599.205342590] [nav_goal_sender]: cycle 10 feedback: 7.310076713562012
[INFO] [1789251599.215783745] [nav_goal_sender]: cycle 10 feedback: 7.310076713562012
[INFO] [1789251599.225627997] [nav_goal_sender]: cycle 10 feedback: 7.310076713562012
[INFO] [1789251599.235515149] [nav_goal_sender]: cycle 10 feedback: 7.310076713562012
[INFO] [1789251599.245590703] [nav_goal_sender]: cycle 10 feedback: 7.310076713562012
[INFO] [1789251599.255211854] [nav_goal_sender]: cycle 10 feedback: 7.310076713562012
[INFO] [1789251599.265649809] [nav_goal_sender]: cycle 10 feedback: 7.310076713562012
[INFO] [1789251599.275538861] [nav_goal_sender]: cycle 10 feedback: 7.310076713562012
[INFO] [1789251599.285590114] [nav_goal_sender]: cycle 10 feedback: 7.310076713562012
[INFO] [1789251599.295495567] [nav_goal_sender]: cycle 10 feedback: 7.310076713562012
[INFO] [1789251599.305185518] [nav_goal_sender]: cycle 10 feedback: 7.310076713562012
[INFO] [1789251599.315856874] [nav_goal_sender]: cycle 10 feedback: 7.310076713562012
[INFO] [1789251599.325327424] [nav_goal_sender]: cycle 10 feedback: 7.310076713562012
[INFO] [1789251599.335627979] [nav_goal_sender]: cycle 10 feedback: 7.310076713562012
[INFO] [1789251599.345382031] [nav_goal_sender]: cycle 10 feedback: 7.310076713562012
[INFO] [1789251599.355882986] [nav_goal_sender]: cycle 10 feedback: 7.310076713562012
[INFO] [1789251599.365780239] [nav_goal_sender]: cycle 10 feedback: 7.310076713562012
[INFO] [1789251599.375304089] [nav_goal_sender]: cycle 10 feedback: 7.310076713562012
[INFO] [1789251599.385171141] [nav_goal_sender]: cycle 10 feedback: 7.310076713562012
[INFO] [1789251599.396391700] [nav_goal_sender]: cycle 10 feedback: 7.310076713562012
[INFO] [1789251599.405874851] [nav_goal_sender]: cycle 10 feedback: 7.310076713562012
[INFO] [1789251599.416699908] [nav_goal_sender]: cycle 10 feedback: 7.5091776847839355
[INFO] [1789251599.425861156] [nav_goal_sender]: cycle 10 feedback: 7.5091776847839355
[INFO] [1789251599.435343007] [nav_goal_sender]: cycle 10 feedback: 7.5091776847839355
[INFO] [1789251599.445426560] [nav_goal_sender]: cycle 10 feedback: 7.5091776847839355
[INFO] [1789251599.455314312] [nav_goal_sender]: cycle 10 feedback: 7.5091776847839355
[INFO] [1789251599.465794668] [nav_goal_sender]: cycle 10 feedback: 7.5091776847839355
[INFO] [1789251599.475864021] [nav_goal_sender]: cycle 10 feedback: 7.5091776847839355
[INFO] [1789251599.485282871] [nav_goal_sender]: cycle 10 feedback: 7.5091776847839355
[INFO] [1789251599.495992627] [nav_goal_sender]: cycle 10 feedback: 7.5091776847839355
[INFO] [1789251599.505378177] [nav_goal_sender]: cycle 10 feedback: 7.5091776847839355
[INFO] [1789251599.515682832] [nav_goal_sender]: cycle 10 feedback: 7.5091776847839355
[INFO] [1789251599.525432683] [nav_goal_sender]: cycle 10 feedback: 7.5091776847839355
[INFO] [1789251599.535253335] [nav_goal_sender]: cycle 10 feedback: 7.5091776847839355
[INFO] [1789251599.545650690] [nav_goal_sender]: cycle 10 feedback: 7.5091776847839355
[INFO] [1789251599.555459042] [nav_goal_sender]: cycle 10 feedback: 7.5091776847839355
[INFO] [1789251599.566181199] [nav_goal_sender]: cycle 10 feedback: 7.5091776847839355
[INFO] [1789251599.575555848] [nav_goal_sender]: cycle 10 feedback: 7.5091776847839355
[INFO] [1789251599.585902103] [nav_goal_sender]: cycle 10 feedback: 7.5091776847839355
[INFO] [1789251599.595406353] [nav_goal_sender]: cycle 10 feedback: 7.5091776847839355
[INFO] [1789251599.606201011] [nav_goal_sender]: cycle 10 feedback: 7.5091776847839355
[INFO] [1789251599.615511160] [nav_goal_sender]: cycle 10 feedback: 7.5091776847839355
[INFO] [1789251599.625302012] [nav_goal_sender]: cycle 10 feedback: 7.220710277557373
[INFO] [1789251599.635561766] [nav_goal_sender]: cycle 10 feedback: 7.220710277557373
[INFO] [1789251599.645829520] [nav_goal_sender]: cycle 10 feedback: 6.920710563659668
[INFO] [1789251599.655556172] [nav_goal_sender]: cycle 10 feedback: 6.920710563659668
[INFO] [1789251599.665325723] [nav_goal_sender]: cycle 10 feedback: 6.645710468292236
[INFO] [1789251599.675213776] [nav_goal_sender]: cycle 10 feedback: 6.645710468292236
[INFO] [1789251599.685490930] [nav_goal_sender]: cycle 10 feedback: 6.420710563659668
[INFO] [1789251599.695489683] [nav_goal_sender]: cycle 10 feedback: 6.420710563659668
[INFO] [1789251599.705242535] [nav_goal_sender]: cycle 10 feedback: 6.270710468292236
[INFO] [1789251599.715565589] [nav_goal_sender]: cycle 10 feedback: 6.270710468292236
[INFO] [1789251599.725738943] [nav_goal_sender]: cycle 10 feedback: 6.1957106590271
[INFO] [1789251599.735528595] [nav_goal_sender]: cycle 10 feedback: 6.1957106590271
[INFO] [1789251599.745700949] [nav_goal_sender]: cycle 10 feedback: 6.1957106590271
[INFO] [1789251599.755707502] [nav_goal_sender]: cycle 10 feedback: 6.1957106590271
[INFO] [1789251599.765989256] [nav_goal_sender]: cycle 10 feedback: 6.270710468292236
[INFO] [1789251599.775373806] [nav_goal_sender]: cycle 10 feedback: 6.270710468292236
[INFO] [1789251599.785215158] [nav_goal_sender]: cycle 10 feedback: 6.4457106590271
[INFO] [1789251599.795337411] [nav_goal_sender]: cycle 10 feedback: 6.4457106590271
[INFO] [1789251599.805258264] [nav_goal_sender]: cycle 10 feedback: 6.720710277557373
[INFO] [1789251599.816015321] [nav_goal_sender]: cycle 10 feedback: 6.720710277557373
[INFO] [1789251599.825887773] [nav_goal_sender]: cycle 10 feedback: 6.6957106590271
[INFO] [1789251599.835302923] [nav_goal_sender]: cycle 10 feedback: 6.6957106590271
[INFO] [1789251599.845463777] [nav_goal_sender]: cycle 10 feedback: 6.6957106590271
[INFO] [1789251599.855232628] [nav_goal_sender]: cycle 10 feedback: 6.6957106590271
[INFO] [1789251599.865499383] [nav_goal_sender]: cycle 10 feedback: 6.6957106590271
[INFO] [1789251599.875252634] [nav_goal_sender]: cycle 10 feedback: 6.6957106590271
[INFO] [1789251599.885368688] [nav_goal_sender]: cycle 10 feedback: 6.6957106590271
[INFO] [1789251599.895293440] [nav_goal_sender]: cycle 10 feedback: 6.6957106590271
[INFO] [1789251599.905198393] [nav_goal_sender]: cycle 10 feedback: 6.6957106590271
[INFO] [1789251599.915629448] [nav_goal_sender]: cycle 10 feedback: 6.6957106590271
[INFO] [1789251599.925421700] [nav_goal_sender]: cycle 10 feedback: 6.6957106590271
[INFO] [1789251599.935380152] [nav_goal_sender]: cycle 10 feedback: 6.6957106590271
[INFO] [1789251599.945560006] [nav_goal_sender]: cycle 10 feedback: 6.6957106590271
[INFO] [1789251599.955302058] [nav_goal_sender]: cycle 10 feedback: 6.6957106590271
[INFO] [1789251599.966084515] [nav_goal_sender]: cycle 10 feedback: 6.6957106590271
[INFO] [1789251599.975489364] [nav_goal_sender]: cycle 10 feedback: 6.6957106590271
[INFO] [1789251599.985566918] [nav_goal_sender]: cycle 10 feedback: 6.670710563659668
[INFO] [1789251599.995593671] [nav_goal_sender]: cycle 10 feedback: 6.670710563659668
[INFO] [1789251600.005447023] [nav_goal_sender]: cycle 10 feedback: 6.670710563659668
[INFO] [1789251600.015571477] [nav_goal_sender]: cycle 10 feedback: 6.670710563659668
[INFO] [1789251600.025678530] [nav_goal_sender]: cycle 10 feedback: 6.670710563659668
[INFO] [1789251600.035263681] [nav_goal_sender]: cycle 10 feedback: 6.670710563659668
[INFO] [1789251600.045823037] [nav_goal_sender]: cycle 10 feedback: 6.670710563659668
[INFO] [1789251600.055320487] [nav_goal_sender]: cycle 10 feedback: 6.670710563659668
[INFO] [1789251600.065647342] [nav_goal_sender]: cycle 10 feedback: 6.670710563659668
[INFO] [1789251600.075307793] [nav_goal_sender]: cycle 10 feedback: 6.670710563659668
[INFO] [1789251600.085360446] [nav_goal_sender]: cycle 10 feedback: 6.670710563659668
[INFO] [1789251600.095384599] [nav_goal_sender]: cycle 10 feedback: 6.670710563659668
[INFO] [1789251600.105333651] [nav_goal_sender]: cycle 10 feedback: 6.670710563659668
[INFO] [1789251600.115394905] [nav_goal_sender]: cycle 10 feedback: 6.670710563659668
[INFO] [1789251600.125212457] [nav_goal_sender]: cycle 10 feedback: 6.670710563659668
[INFO] [1789251600.135551211] [nav_goal_sender]: cycle 10 feedback: 6.670710563659668
[INFO] [1789251600.145443364] [nav_goal_sender]: cycle 10 feedback: 6.670710563659668
[INFO] [1789251600.155375216] [nav_goal_sender]: cycle 10 feedback: 6.670710563659668
[INFO] [1789251600.165510370] [nav_goal_sender]: cycle 10 feedback: 6.645710468292236
[INFO] [1789251600.175787024] [nav_goal_sender]: cycle 10 feedback: 6.645710468292236
[INFO] [1789251600.185360575] [nav_goal_sender]: cycle 10 feedback: 6.645710468292236
[INFO] [1789251600.195512229] [nav_goal_sender]: cycle 10 feedback: 6.645710468292236
[INFO] [1789251600.205368681] [nav_goal_sender]: cycle 10 feedback: 6.645710468292236
[INFO] [1789251600.215458234] [nav_goal_sender]: cycle 10 feedback: 6.645710468292236
[INFO] [1789251600.225396187] [nav_goal_sender]: cycle 10 feedback: 6.395710468292236
[INFO] [1789251600.235219539] [nav_goal_sender]: cycle 10 feedback: 6.395710468292236
[INFO] [1789251600.245360792] [nav_goal_sender]: cycle 10 feedback: 6.145710468292236
[INFO] [1789251600.255382245] [nav_goal_sender]: cycle 10 feedback: 6.145710468292236
[INFO] [1789251600.265505599] [nav_goal_sender]: cycle 10 feedback: 5.920710563659668
[INFO] [1789251600.275507952] [nav_goal_sender]: cycle 10 feedback: 5.920710563659668
[INFO] [1789251600.285375704] [nav_goal_sender]: cycle 10 feedback: 5.720710277557373
[INFO] [1789251600.295873960] [nav_goal_sender]: cycle 10 feedback: 5.720710277557373
[INFO] [1789251600.305387110] [nav_goal_sender]: cycle 10 feedback: 5.420710563659668
[INFO] [1789251600.316241867] [nav_goal_sender]: cycle 10 feedback: 5.420710563659668
[INFO] [1789251600.325384816] [nav_goal_sender]: cycle 10 feedback: 5.220710754394531
[INFO] [1789251600.336722876] [nav_goal_sender]: cycle 10 feedback: 5.220710754394531
[INFO] [1789251600.345663523] [nav_goal_sender]: cycle 10 feedback: 5.045710563659668
[INFO] [1789251600.355481575] [nav_goal_sender]: cycle 10 feedback: 5.045710563659668
[INFO] [1789251600.365691729] [nav_goal_sender]: cycle 10 feedback: 4.895710468292236
[INFO] [1789251600.375355880] [nav_goal_sender]: cycle 10 feedback: 4.895710468292236
[INFO] [1789251600.385375933] [nav_goal_sender]: cycle 10 feedback: 4.745710372924805
[INFO] [1789251600.395500987] [nav_goal_sender]: cycle 10 feedback: 4.745710372924805
[INFO] [1789251600.405462839] [nav_goal_sender]: cycle 10 feedback: 4.595710277557373
[INFO] [1789251600.415464692] [nav_goal_sender]: cycle 10 feedback: 4.595710277557373
[INFO] [1789251600.425716047] [nav_goal_sender]: cycle 10 feedback: 4.570710182189941
[INFO] [1789251600.435385798] [nav_goal_sender]: cycle 10 feedback: 4.570710182189941
[INFO] [1789251600.445912553] [nav_goal_sender]: cycle 10 feedback: 5.277115821838379
[INFO] [1789251600.455342003] [nav_goal_sender]: cycle 10 feedback: 5.277115821838379
[INFO] [1789251600.465556657] [nav_goal_sender]: cycle 10 feedback: 5.277115821838379
[INFO] [1789251600.475249009] [nav_goal_sender]: cycle 10 feedback: 5.277115821838379
[INFO] [1789251600.485367462] [nav_goal_sender]: cycle 10 feedback: 5.277115821838379
[INFO] [1789251600.495370915] [nav_goal_sender]: cycle 10 feedback: 5.277115821838379
[INFO] [1789251600.505255767] [nav_goal_sender]: cycle 10 feedback: 5.277115821838379
[INFO] [1789251600.515541422] [nav_goal_sender]: cycle 10 feedback: 5.277115821838379
[INFO] [1789251600.525243273] [nav_goal_sender]: cycle 10 feedback: 5.277115821838379
[INFO] [1789251600.535342927] [nav_goal_sender]: cycle 10 feedback: 5.277115821838379
[INFO] [1789251600.545275179] [nav_goal_sender]: cycle 10 feedback: 5.277115821838379
[INFO] [1789251600.555277832] [nav_goal_sender]: cycle 10 feedback: 5.277115821838379
[INFO] [1789251600.565451786] [nav_goal_sender]: cycle 10 feedback: 5.277115821838379
[INFO] [1789251600.575340538] [nav_goal_sender]: cycle 10 feedback: 5.277115821838379
[INFO] [1789251600.585292991] [nav_goal_sender]: cycle 10 feedback: 5.277115821838379
[INFO] [1789251600.595266244] [nav_goal_sender]: cycle 10 feedback: 5.277115821838379
[INFO] [1789251600.605293397] [nav_goal_sender]: cycle 10 feedback: 5.277115821838379
[INFO] [1789251600.615976753] [nav_goal_sender]: cycle 10 feedback: 5.277115821838379
[INFO] [1789251600.625269102] [nav_goal_sender]: cycle 10 feedback: 5.277115821838379
[INFO] [1789251600.635243055] [nav_goal_sender]: cycle 10 feedback: 5.277115821838379
[INFO] [1789251600.645427609] [nav_goal_sender]: cycle 10 feedback: 5.277115821838379
[INFO] [1789251600.655549463] [nav_goal_sender]: cycle 10 feedback: 5.277115821838379
[INFO] [1789251600.668455231] [nav_goal_sender]: cycle 10 feedback: 5.277115821838379
[INFO] [1789251600.675548768] [nav_goal_sender]: cycle 10 feedback: 5.277115821838379
[INFO] [1789251600.685332020] [nav_goal_sender]: cycle 10 feedback: 5.277115821838379
[INFO] [1789251600.695406974] [nav_goal_sender]: cycle 10 feedback: 5.277115821838379
[INFO] [1789251600.705418827] [nav_goal_sender]: cycle 10 feedback: 5.277115821838379
[INFO] [1789251600.715644881] [nav_goal_sender]: cycle 10 feedback: 5.277115821838379
[INFO] [1789251600.725515033] [nav_goal_sender]: cycle 10 feedback: 5.277115821838379
[INFO] [1789251600.735392985] [nav_goal_sender]: cycle 10 feedback: 5.277115821838379
[INFO] [1789251600.745540039] [nav_goal_sender]: cycle 10 feedback: 5.277115821838379
[INFO] [1789251600.755491191] [nav_goal_sender]: cycle 10 feedback: 5.277115821838379
[INFO] [1789251600.765769846] [nav_goal_sender]: cycle 10 feedback: 5.277115821838379
[INFO] [1789251600.775567098] [nav_goal_sender]: cycle 10 feedback: 5.277115821838379
[INFO] [1789251600.785488050] [nav_goal_sender]: cycle 10 feedback: 5.277115821838379
[INFO] [1789251600.795888805] [nav_goal_sender]: cycle 10 feedback: 5.277115821838379
[INFO] [1789251600.805598957] [nav_goal_sender]: cycle 10 feedback: 5.277115821838379
[INFO] [1789251600.816176813] [nav_goal_sender]: cycle 10 feedback: 5.277115821838379
[INFO] [1789251600.825492962] [nav_goal_sender]: cycle 10 feedback: 5.277115821838379
[INFO] [1789251600.835394514] [nav_goal_sender]: cycle 10 feedback: 5.277115821838379
[INFO] [1789251600.845986970] [nav_goal_sender]: cycle 10 feedback: 5.277115821838379
[INFO] [1789251600.855440020] [nav_goal_sender]: cycle 10 feedback: 5.277115821838379
[INFO] [1789251600.865387873] [nav_goal_sender]: cycle 10 feedback: 5.277115821838379
[INFO] [1789251600.875622727] [nav_goal_sender]: cycle 10 feedback: 5.277115821838379
[INFO] [1789251600.885604180] [nav_goal_sender]: cycle 10 feedback: 5.277115821838379
[INFO] [1789251600.895832234] [nav_goal_sender]: cycle 10 feedback: 5.277115821838379
[INFO] [1789251600.906499190] [nav_goal_sender]: cycle 10 feedback: 5.277115821838379
[INFO] [1789251600.917272647] [nav_goal_sender]: cycle 10 feedback: 5.277115821838379
[INFO] [1789251600.925907893] [nav_goal_sender]: cycle 10 feedback: 5.277115821838379
[INFO] [1789251600.939031263] [nav_goal_sender]: cycle 10 feedback: 5.277115821838379
[INFO] [1789251600.946425102] [nav_goal_sender]: cycle 10 feedback: 5.245710849761963
[INFO] [1789251600.956779856] [nav_goal_sender]: cycle 10 feedback: 5.245710849761963
[INFO] [1789251600.966177906] [nav_goal_sender]: cycle 10 feedback: 5.220710754394531
[INFO] [1789251600.976145959] [nav_goal_sender]: cycle 10 feedback: 5.220710754394531
[INFO] [1789251600.988038422] [nav_goal_sender]: cycle 10 feedback: 5.170711040496826
[INFO] [1789251600.997232870] [nav_goal_sender]: cycle 10 feedback: 5.170711040496826
[INFO] [1789251601.005911116] [nav_goal_sender]: cycle 10 feedback: 5.1457109451293945
[INFO] [1789251601.015712768] [nav_goal_sender]: cycle 10 feedback: 5.1457109451293945
[INFO] [1789251601.026485225] [nav_goal_sender]: cycle 10 feedback: 5.1457109451293945
[INFO] [1789251601.036561479] [nav_goal_sender]: cycle 10 feedback: 5.1457109451293945
[INFO] [1789251601.046116029] [nav_goal_sender]: cycle 10 feedback: 5.1457109451293945
[INFO] [1789251601.055830281] [nav_goal_sender]: cycle 10 feedback: 5.1457109451293945
[INFO] [1789251601.067880744] [nav_goal_sender]: cycle 10 feedback: 5.1457109451293945
[INFO] [1789251601.077053593] [nav_goal_sender]: cycle 10 feedback: 5.1457109451293945
[INFO] [1789251601.086692144] [nav_goal_sender]: cycle 10 feedback: 5.1457109451293945
[INFO] [1789251601.095914793] [nav_goal_sender]: cycle 10 feedback: 5.1457109451293945
[INFO] [1789251601.106537149] [nav_goal_sender]: cycle 10 feedback: 5.1457109451293945
[INFO] [1789251601.116221300] [nav_goal_sender]: cycle 10 feedback: 5.1457109451293945
[INFO] [1789251601.127044357] [nav_goal_sender]: cycle 10 feedback: 5.1457109451293945
[INFO] [1789251601.135821104] [nav_goal_sender]: cycle 10 feedback: 5.1457109451293945
[INFO] [1789251601.146299559] [nav_goal_sender]: cycle 10 feedback: 5.1457109451293945
[INFO] [1789251601.158574424] [nav_goal_sender]: cycle 10 feedback: 5.1457109451293945
[INFO] [1789251601.165827463] [nav_goal_sender]: cycle 10 feedback: 5.1457109451293945
[INFO] [1789251601.175722915] [nav_goal_sender]: cycle 10 feedback: 5.1457109451293945
[INFO] [1789251601.185597267] [nav_goal_sender]: cycle 10 feedback: 5.1457109451293945
[INFO] [1789251601.196016122] [nav_goal_sender]: cycle 10 feedback: 5.1457109451293945
[INFO] [1789251601.205831174] [nav_goal_sender]: cycle 10 feedback: 5.1457109451293945
[INFO] [1789251601.216066028] [nav_goal_sender]: cycle 10 feedback: 5.1457109451293945
[INFO] [1789251601.225847780] [nav_goal_sender]: cycle 10 feedback: 5.1457109451293945
[INFO] [1789251601.236149435] [nav_goal_sender]: cycle 10 feedback: 5.1457109451293945
[INFO] [1789251601.246143687] [nav_goal_sender]: cycle 10 feedback: 5.1457109451293945
[INFO] [1789251601.256224341] [nav_goal_sender]: cycle 10 feedback: 5.1457109451293945
[INFO] [1789251601.265812492] [nav_goal_sender]: cycle 10 feedback: 5.1457109451293945
[INFO] [1789251601.276449648] [nav_goal_sender]: cycle 10 feedback: 5.1457109451293945
[INFO] [1789251601.285659297] [nav_goal_sender]: cycle 10 feedback: 5.170711040496826
[INFO] [1789251601.295844250] [nav_goal_sender]: cycle 10 feedback: 5.170711040496826
[INFO] [1789251601.306643608] [nav_goal_sender]: cycle 10 feedback: 5.170711040496826
[INFO] [1789251601.316114658] [nav_goal_sender]: cycle 10 feedback: 5.170711040496826
[INFO] [1789251601.325878509] [nav_goal_sender]: cycle 10 feedback: 5.170711040496826
[INFO] [1789251601.335897062] [nav_goal_sender]: cycle 10 feedback: 5.170711040496826
[INFO] [1789251601.346300217] [nav_goal_sender]: cycle 10 feedback: 5.170711040496826
[INFO] [1789251601.355718567] [nav_goal_sender]: cycle 10 feedback: 5.170711040496826
[INFO] [1789251601.366516524] [nav_goal_sender]: cycle 10 feedback: 5.170711040496826
[INFO] [1789251601.376438077] [nav_goal_sender]: cycle 10 feedback: 5.170711040496826
[INFO] [1789251601.386528630] [nav_goal_sender]: cycle 10 feedback: 5.170711040496826
[INFO] [1789251601.396329382] [nav_goal_sender]: cycle 10 feedback: 5.170711040496826
[INFO] [1789251601.406224134] [nav_goal_sender]: cycle 10 feedback: 5.170711040496826
[INFO] [1789251601.416451989] [nav_goal_sender]: cycle 10 feedback: 5.170711040496826
[INFO] [1789251601.428830454] [nav_goal_sender]: cycle 10 feedback: 5.095710754394531
[INFO] [1789251601.435618190] [nav_goal_sender]: cycle 10 feedback: 5.095710754394531
[INFO] [1789251601.445891244] [nav_goal_sender]: cycle 10 feedback: 5.0707106590271
[INFO] [1789251601.462678033] [nav_goal_sender]: cycle 10 feedback: 5.0707106590271
[INFO] [1789251601.466562254] [nav_goal_sender]: cycle 10 feedback: 5.045710563659668
[INFO] [1789251601.476897908] [nav_goal_sender]: cycle 10 feedback: 5.925130844116211
[INFO] [1789251601.485677455] [nav_goal_sender]: cycle 10 feedback: 5.925130844116211
[INFO] [1789251601.496265611] [nav_goal_sender]: cycle 10 feedback: 5.925130844116211
[INFO] [1789251601.508841477] [nav_goal_sender]: cycle 10 feedback: 5.925130844116211
[INFO] [1789251601.516717419] [nav_goal_sender]: cycle 10 feedback: 5.925130844116211
[INFO] [1789251601.526682272] [nav_goal_sender]: cycle 10 feedback: 5.925130844116211
[INFO] [1789251601.535460418] [nav_goal_sender]: cycle 10 feedback: 5.925130844116211
[INFO] [1789251601.546694078] [nav_goal_sender]: cycle 10 feedback: 5.925130844116211
[INFO] [1789251601.557967637] [nav_goal_sender]: cycle 10 feedback: 5.925130844116211
[INFO] [1789251601.565571778] [nav_goal_sender]: cycle 10 feedback: 5.925130844116211
[INFO] [1789251601.589068902] [nav_goal_sender]: cycle 10 goal FINISHED: status=6 (re-sending after 1s pause)
[INFO] [1789251602.593813618] [nav_goal_sender]: cycle 11: sending goal x=4.000 y=4.000 yaw=0.000
[INFO] [1789251602.595900129] [nav_goal_sender]: cycle 11 goal ACCEPTED: True
[INFO] [1789251602.596791734] [nav_goal_sender]: cycle 11 feedback: 0.0
[INFO] [1789251602.605876682] [nav_goal_sender]: cycle 11 feedback: 0.0
[INFO] [1789251602.616525438] [nav_goal_sender]: cycle 11 feedback: 6.881723880767822
[INFO] [1789251602.626134989] [nav_goal_sender]: cycle 11 feedback: 6.145710468292236
[INFO] [1789251602.635945841] [nav_goal_sender]: cycle 11 feedback: 6.145710468292236
[INFO] [1789251602.645694492] [nav_goal_sender]: cycle 11 feedback: 6.095710277557373
[INFO] [1789251602.656027147] [nav_goal_sender]: cycle 11 feedback: 6.095710277557373
[INFO] [1789251602.665872099] [nav_goal_sender]: cycle 11 feedback: 6.070710182189941
[INFO] [1789251602.676468755] [nav_goal_sender]: cycle 11 feedback: 6.070710182189941
[INFO] [1789251602.686421208] [nav_goal_sender]: cycle 11 feedback: 6.070710182189941
[INFO] [1789251602.695762057] [nav_goal_sender]: cycle 11 feedback: 6.070710182189941
[INFO] [1789251602.706405914] [nav_goal_sender]: cycle 11 feedback: 6.070710182189941
[INFO] [1789251602.716043965] [nav_goal_sender]: cycle 11 feedback: 6.070710182189941
[INFO] [1789251602.725929717] [nav_goal_sender]: cycle 11 feedback: 6.070710182189941
[INFO] [1789251602.745705122] [nav_goal_sender]: cycle 11 goal FINISHED: status=6 (re-sending after 1s pause)
[INFO] [1789251603.749784134] [nav_goal_sender]: cycle 12: sending goal x=4.000 y=4.000 yaw=0.000
[INFO] [1789251603.751207342] [nav_goal_sender]: cycle 12 goal ACCEPTED: True
[INFO] [1789251603.752561749] [nav_goal_sender]: cycle 12 feedback: 0.0
[INFO] [1789251603.761680297] [nav_goal_sender]: cycle 12 feedback: 0.0
[INFO] [1789251603.772564655] [nav_goal_sender]: cycle 12 feedback: 0.0
[INFO] [1789251603.781978004] [nav_goal_sender]: cycle 12 feedback: 0.0
[INFO] [1789251603.792256859] [nav_goal_sender]: cycle 12 feedback: 0.0
[INFO] [1789251603.801538608] [nav_goal_sender]: cycle 12 feedback: 0.0
[INFO] [1789251603.811680961] [nav_goal_sender]: cycle 12 feedback: 0.0
[INFO] [1789251603.822202717] [nav_goal_sender]: cycle 12 feedback: 0.0
[INFO] [1789251603.832268770] [nav_goal_sender]: cycle 12 feedback: 0.0
[INFO] [1789251603.842235123] [nav_goal_sender]: cycle 12 feedback: 0.0
[INFO] [1789251603.851659673] [nav_goal_sender]: cycle 12 feedback: 0.0
[INFO] [1789251603.861725526] [nav_goal_sender]: cycle 12 feedback: 0.0
[INFO] [1789251603.871603879] [nav_goal_sender]: cycle 12 feedback: 0.0
[INFO] [1789251603.882429536] [nav_goal_sender]: cycle 12 feedback: 0.0
[INFO] [1789251603.892211888] [nav_goal_sender]: cycle 12 feedback: 0.0
[INFO] [1789251603.902247541] [nav_goal_sender]: cycle 12 feedback: 0.0
[INFO] [1789251603.911626190] [nav_goal_sender]: cycle 12 feedback: 0.0
[INFO] [1789251603.922220246] [nav_goal_sender]: cycle 12 feedback: 0.0
[INFO] [1789251603.931732497] [nav_goal_sender]: cycle 12 feedback: 0.0
[INFO] [1789251603.942238952] [nav_goal_sender]: cycle 12 feedback: 0.0
[INFO] [1789251603.952384206] [nav_goal_sender]: cycle 12 feedback: 0.0
[INFO] [1789251603.961599855] [nav_goal_sender]: cycle 12 feedback: 0.0
[INFO] [1789251603.971669808] [nav_goal_sender]: cycle 12 feedback: 0.0
[INFO] [1789251603.981657261] [nav_goal_sender]: cycle 12 feedback: 0.0
[INFO] [1789251603.991554013] [nav_goal_sender]: cycle 12 feedback: 0.0
[INFO] [1789251604.001579066] [nav_goal_sender]: cycle 12 feedback: 0.0
[INFO] [1789251604.011537919] [nav_goal_sender]: cycle 12 feedback: 0.0
[INFO] [1789251604.021556572] [nav_goal_sender]: cycle 12 feedback: 0.0
[INFO] [1789251604.031544125] [nav_goal_sender]: cycle 12 feedback: 0.0
[INFO] [1789251604.041799379] [nav_goal_sender]: cycle 12 feedback: 0.0
[INFO] [1789251604.051539331] [nav_goal_sender]: cycle 12 feedback: 0.0
[INFO] [1789251604.061574484] [nav_goal_sender]: cycle 12 feedback: 0.0
[INFO] [1789251604.071613837] [nav_goal_sender]: cycle 12 feedback: 0.0
[INFO] [1789251604.081631290] [nav_goal_sender]: cycle 12 feedback: 0.0
[INFO] [1789251604.091612843] [nav_goal_sender]: cycle 12 feedback: 0.0
[INFO] [1789251604.101544595] [nav_goal_sender]: cycle 12 feedback: 0.0
[INFO] [1789251604.111566848] [nav_goal_sender]: cycle 12 feedback: 0.0
[INFO] [1789251604.121563501] [nav_goal_sender]: cycle 12 feedback: 0.0
[INFO] [1789251604.131565054] [nav_goal_sender]: cycle 12 feedback: 0.0
[INFO] [1789251604.141607007] [nav_goal_sender]: cycle 12 feedback: 0.0
[INFO] [1789251604.151588760] [nav_goal_sender]: cycle 12 feedback: 0.0
[INFO] [1789251604.161515912] [nav_goal_sender]: cycle 12 feedback: 0.0
[INFO] [1789251604.171527165] [nav_goal_sender]: cycle 12 feedback: 0.0
[INFO] [1789251604.181662219] [nav_goal_sender]: cycle 12 feedback: 0.0
[INFO] [1789251604.191576271] [nav_goal_sender]: cycle 12 feedback: 0.0
[INFO] [1789251604.201557724] [nav_goal_sender]: cycle 12 feedback: 0.0
[INFO] [1789251604.211554077] [nav_goal_sender]: cycle 12 feedback: 0.0
[INFO] [1789251604.221598930] [nav_goal_sender]: cycle 12 feedback: 0.0
[INFO] [1789251604.231563583] [nav_goal_sender]: cycle 12 feedback: 0.0
[INFO] [1789251604.241842737] [nav_goal_sender]: cycle 12 feedback: 0.0
[INFO] [1789251604.253303198] [nav_goal_sender]: cycle 12 feedback: 0.0
[INFO] [1789251604.261576042] [nav_goal_sender]: cycle 12 feedback: 0.0
[INFO] [1789251604.275233614] [nav_goal_sender]: cycle 12 feedback: 0.0
[INFO] [1789251604.281727048] [nav_goal_sender]: cycle 12 feedback: 0.0
[INFO] [1789251604.291607901] [nav_goal_sender]: cycle 12 feedback: 0.0
[INFO] [1789251604.301637554] [nav_goal_sender]: cycle 12 feedback: 0.0
[INFO] [1789251604.311641407] [nav_goal_sender]: cycle 12 feedback: 0.0
[INFO] [1789251604.321589659] [nav_goal_sender]: cycle 12 feedback: 0.0
[INFO] [1789251604.331846814] [nav_goal_sender]: cycle 12 feedback: 0.0
[INFO] [1789251604.341579165] [nav_goal_sender]: cycle 12 feedback: 0.0
[INFO] [1789251604.351559318] [nav_goal_sender]: cycle 12 feedback: 0.0
[INFO] [1789251604.361684671] [nav_goal_sender]: cycle 12 feedback: 0.0
[INFO] [1789251604.371551624] [nav_goal_sender]: cycle 12 feedback: 0.0
[INFO] [1789251604.381675677] [nav_goal_sender]: cycle 12 feedback: 0.0
[INFO] [1789251604.391555029] [nav_goal_sender]: cycle 12 feedback: 0.0
[INFO] [1789251604.401581183] [nav_goal_sender]: cycle 12 feedback: 0.0
[INFO] [1789251604.411571335] [nav_goal_sender]: cycle 12 feedback: 0.0
[INFO] [1789251604.421550188] [nav_goal_sender]: cycle 12 feedback: 0.0
[INFO] [1789251604.431539141] [nav_goal_sender]: cycle 12 feedback: 0.0
[INFO] [1789251604.441708495] [nav_goal_sender]: cycle 12 feedback: 0.0
[INFO] [1789251604.451883349] [nav_goal_sender]: cycle 12 feedback: 0.0
[INFO] [1789251604.461526800] [nav_goal_sender]: cycle 12 feedback: 0.0
[INFO] [1789251604.471559653] [nav_goal_sender]: cycle 12 feedback: 0.0
[INFO] [1789251604.481740207] [nav_goal_sender]: cycle 12 feedback: 0.0
[INFO] [1789251604.491675159] [nav_goal_sender]: cycle 12 feedback: 0.0
[INFO] [1789251604.501529211] [nav_goal_sender]: cycle 12 feedback: 0.0
[INFO] [1789251604.511875166] [nav_goal_sender]: cycle 12 feedback: 0.0
[INFO] [1789251604.521544917] [nav_goal_sender]: cycle 12 feedback: 0.0
[INFO] [1789251604.531561070] [nav_goal_sender]: cycle 12 feedback: 0.0
[INFO] [1789251604.541541123] [nav_goal_sender]: cycle 12 feedback: 0.0
[INFO] [1789251604.551559276] [nav_goal_sender]: cycle 12 feedback: 0.0
[INFO] [1789251604.561544829] [nav_goal_sender]: cycle 12 feedback: 0.0
[INFO] [1789251604.571601682] [nav_goal_sender]: cycle 12 feedback: 0.0
[INFO] [1789251604.581613835] [nav_goal_sender]: cycle 12 feedback: 0.0
[INFO] [1789251604.591610988] [nav_goal_sender]: cycle 12 feedback: 0.0
[INFO] [1789251604.601548241] [nav_goal_sender]: cycle 12 feedback: 0.0
[INFO] [1789251604.611559394] [nav_goal_sender]: cycle 12 feedback: 0.0
[INFO] [1789251604.621598747] [nav_goal_sender]: cycle 12 feedback: 0.0
[INFO] [1789251604.631572299] [nav_goal_sender]: cycle 12 feedback: 0.0
[INFO] [1789251604.641567652] [nav_goal_sender]: cycle 12 feedback: 0.0
[INFO] [1789251604.651884807] [nav_goal_sender]: cycle 12 feedback: 0.0
[INFO] [1789251604.661541558] [nav_goal_sender]: cycle 12 feedback: 0.0
[INFO] [1789251604.672021113] [nav_goal_sender]: cycle 12 feedback: 0.0
[INFO] [1789251604.681788265] [nav_goal_sender]: cycle 12 feedback: 0.0
[INFO] [1789251604.691683917] [nav_goal_sender]: cycle 12 feedback: 0.0
[INFO] [1789251604.701878871] [nav_goal_sender]: cycle 12 feedback: 0.0
[INFO] [1789251604.712234026] [nav_goal_sender]: cycle 12 feedback: 0.0
[INFO] [1789251604.721649376] [nav_goal_sender]: cycle 12 feedback: 0.0
[INFO] [1789251604.731806830] [nav_goal_sender]: cycle 12 feedback: 0.0
[INFO] [1789251604.741654082] [nav_goal_sender]: cycle 12 feedback: 0.0
[INFO] [1789251604.751595234] [nav_goal_sender]: cycle 12 feedback: 0.0
[INFO] [1789251604.761828189] [nav_goal_sender]: cycle 12 feedback: 0.0
[INFO] [1789251604.771727441] [nav_goal_sender]: cycle 12 feedback: 0.0
[INFO] [1789251604.781882495] [nav_goal_sender]: cycle 12 feedback: 0.0
[INFO] [1789251604.791899348] [nav_goal_sender]: cycle 12 feedback: 0.0
[INFO] [1789251604.801739200] [nav_goal_sender]: cycle 12 feedback: 0.0
[INFO] [1789251604.811683252] [nav_goal_sender]: cycle 12 feedback: 0.0
[INFO] [1789251604.821764106] [nav_goal_sender]: cycle 12 feedback: 0.0
[INFO] [1789251604.831878859] [nav_goal_sender]: cycle 12 feedback: 0.0
[INFO] [1789251604.841795712] [nav_goal_sender]: cycle 12 feedback: 0.0
[INFO] [1789251604.851754564] [nav_goal_sender]: cycle 12 feedback: 0.0
[INFO] [1789251604.861553716] [nav_goal_sender]: cycle 12 feedback: 0.0
[INFO] [1789251604.871679370] [nav_goal_sender]: cycle 12 feedback: 0.0
[INFO] [1789251604.882610728] [nav_goal_sender]: cycle 12 feedback: 0.0
[INFO] [1789251604.891712576] [nav_goal_sender]: cycle 12 feedback: 0.0
[INFO] [1789251604.901517828] [nav_goal_sender]: cycle 12 feedback: 0.0
[INFO] [1789251604.911528081] [nav_goal_sender]: cycle 12 feedback: 0.0
[INFO] [1789251604.921895835] [nav_goal_sender]: cycle 12 feedback: 0.0
[INFO] [1789251604.932050089] [nav_goal_sender]: cycle 12 feedback: 0.0
[INFO] [1789251604.941791841] [nav_goal_sender]: cycle 12 feedback: 0.0
[INFO] [1789251604.951607293] [nav_goal_sender]: cycle 12 feedback: 0.0
[INFO] [1789251604.961913747] [nav_goal_sender]: cycle 12 feedback: 0.0
[INFO] [1789251604.971545498] [nav_goal_sender]: cycle 12 feedback: 0.0
[INFO] [1789251604.982085654] [nav_goal_sender]: cycle 12 feedback: 0.0
[INFO] [1789251604.992195507] [nav_goal_sender]: cycle 12 feedback: 0.0
[INFO] [1789251605.001542657] [nav_goal_sender]: cycle 12 feedback: 0.0
[INFO] [1789251605.011835311] [nav_goal_sender]: cycle 12 feedback: 0.0
[INFO] [1789251605.022002565] [nav_goal_sender]: cycle 12 feedback: 0.0
[INFO] [1789251605.031634416] [nav_goal_sender]: cycle 12 feedback: 0.0
[INFO] [1789251605.041896570] [nav_goal_sender]: cycle 12 feedback: 0.0
[INFO] [1789251605.052114624] [nav_goal_sender]: cycle 12 feedback: 0.0
[INFO] [1789251605.061674475] [nav_goal_sender]: cycle 12 feedback: 0.0
[INFO] [1789251605.071623928] [nav_goal_sender]: cycle 12 feedback: 0.0
[INFO] [1789251605.082272484] [nav_goal_sender]: cycle 12 feedback: 0.0
[INFO] [1789251605.092307937] [nav_goal_sender]: cycle 12 feedback: 0.0
[INFO] [1789251605.101542986] [nav_goal_sender]: cycle 12 feedback: 0.0
[INFO] [1789251605.112444344] [nav_goal_sender]: cycle 12 feedback: 0.0
[INFO] [1789251605.121680892] [nav_goal_sender]: cycle 12 feedback: 0.0
[INFO] [1789251605.132141448] [nav_goal_sender]: cycle 12 feedback: 0.0
[INFO] [1789251605.141936600] [nav_goal_sender]: cycle 12 feedback: 0.0
[INFO] [1789251605.153722962] [nav_goal_sender]: cycle 12 feedback: 0.0
[INFO] [1789251605.161557803] [nav_goal_sender]: cycle 12 feedback: 0.0
[INFO] [1789251605.171539156] [nav_goal_sender]: cycle 12 feedback: 0.0
[INFO] [1789251605.181812111] [nav_goal_sender]: cycle 12 feedback: 0.0
[INFO] [1789251605.191537762] [nav_goal_sender]: cycle 12 feedback: 0.0
[INFO] [1789251605.201650316] [nav_goal_sender]: cycle 12 feedback: 0.0
[INFO] [1789251605.211522468] [nav_goal_sender]: cycle 12 feedback: 0.0
[INFO] [1789251605.221657121] [nav_goal_sender]: cycle 12 feedback: 0.0
[INFO] [1789251605.231541774] [nav_goal_sender]: cycle 12 feedback: 0.0
[INFO] [1789251605.241585727] [nav_goal_sender]: cycle 12 feedback: 0.0
[INFO] [1789251605.252341384] [nav_goal_sender]: cycle 12 feedback: 0.0
[INFO] [1789251605.261549932] [nav_goal_sender]: cycle 12 feedback: 0.0
[INFO] [1789251605.271565085] [nav_goal_sender]: cycle 12 feedback: 0.0
[INFO] [1789251605.281708639] [nav_goal_sender]: cycle 12 feedback: 0.0
[INFO] [1789251605.291632292] [nav_goal_sender]: cycle 12 feedback: 0.0
[INFO] [1789251605.301556744] [nav_goal_sender]: cycle 12 feedback: 0.0
[INFO] [1789251605.312175600] [nav_goal_sender]: cycle 12 feedback: 0.0
[INFO] [1789251605.321606850] [nav_goal_sender]: cycle 12 feedback: 0.0
[INFO] [1789251605.331661003] [nav_goal_sender]: cycle 12 feedback: 0.0
[INFO] [1789251605.341635356] [nav_goal_sender]: cycle 12 feedback: 0.0
[INFO] [1789251605.351547709] [nav_goal_sender]: cycle 12 feedback: 0.0
[INFO] [1789251605.361573962] [nav_goal_sender]: cycle 12 feedback: 0.0
[INFO] [1789251605.371581415] [nav_goal_sender]: cycle 12 feedback: 0.0
[INFO] [1789251605.381759568] [nav_goal_sender]: cycle 12 feedback: 0.0
[INFO] [1789251605.391554020] [nav_goal_sender]: cycle 12 feedback: 0.0
[INFO] [1789251605.401551673] [nav_goal_sender]: cycle 12 feedback: 0.0
[INFO] [1789251605.411567926] [nav_goal_sender]: cycle 12 feedback: 0.0
[INFO] [1789251605.421667780] [nav_goal_sender]: cycle 12 feedback: 0.0
[INFO] [1789251605.431616132] [nav_goal_sender]: cycle 12 feedback: 0.0
[INFO] [1789251605.441803086] [nav_goal_sender]: cycle 12 feedback: 0.0
[INFO] [1789251605.451543838] [nav_goal_sender]: cycle 12 feedback: 0.0
[INFO] [1789251605.462240094] [nav_goal_sender]: cycle 12 feedback: 0.0
[INFO] [1789251605.472099046] [nav_goal_sender]: cycle 12 feedback: 0.0
[INFO] [1789251605.482377001] [nav_goal_sender]: cycle 12 feedback: 0.0
[INFO] [1789251605.492182253] [nav_goal_sender]: cycle 12 feedback: 0.0
[INFO] [1789251605.501671803] [nav_goal_sender]: cycle 12 feedback: 0.0
[INFO] [1789251605.511610856] [nav_goal_sender]: cycle 12 feedback: 0.0
[INFO] [1789251605.521715709] [nav_goal_sender]: cycle 12 feedback: 0.0
[INFO] [1789251605.532330865] [nav_goal_sender]: cycle 12 feedback: 0.0
[INFO] [1789251605.542098117] [nav_goal_sender]: cycle 12 feedback: 0.0
[INFO] [1789251605.552341471] [nav_goal_sender]: cycle 12 feedback: 0.0
[INFO] [1789251605.561880521] [nav_goal_sender]: cycle 12 feedback: 0.0
[INFO] [1789251605.571618173] [nav_goal_sender]: cycle 12 feedback: 0.0
[INFO] [1789251605.582477730] [nav_goal_sender]: cycle 12 feedback: 0.0
[INFO] [1789251605.591709779] [nav_goal_sender]: cycle 12 feedback: 0.0
[INFO] [1789251605.602324735] [nav_goal_sender]: cycle 12 feedback: 0.0
[INFO] [1789251605.611702285] [nav_goal_sender]: cycle 12 feedback: 0.0
[INFO] [1789251605.621677338] [nav_goal_sender]: cycle 12 feedback: 0.0
[INFO] [1789251605.631904692] [nav_goal_sender]: cycle 12 feedback: 0.0
[INFO] [1789251605.641681744] [nav_goal_sender]: cycle 12 feedback: 0.0
[INFO] [1789251605.651562796] [nav_goal_sender]: cycle 12 feedback: 0.0
[INFO] [1789251605.661735250] [nav_goal_sender]: cycle 12 feedback: 0.0
[INFO] [1789251605.671525902] [nav_goal_sender]: cycle 12 feedback: 0.0
[INFO] [1789251605.681889756] [nav_goal_sender]: cycle 12 feedback: 0.0
[INFO] [1789251605.692663213] [nav_goal_sender]: cycle 12 feedback: 0.0
[INFO] [1789251605.701544160] [nav_goal_sender]: cycle 12 feedback: 0.0
[INFO] [1789251605.711640014] [nav_goal_sender]: cycle 12 feedback: 0.0
[INFO] [1789251605.722112069] [nav_goal_sender]: cycle 12 feedback: 0.0
[INFO] [1789251605.731875221] [nav_goal_sender]: cycle 12 feedback: 0.0
[INFO] [1789251605.741728773] [nav_goal_sender]: cycle 12 feedback: 0.0
[INFO] [1789251605.751524625] [nav_goal_sender]: cycle 12 feedback: 0.0
[INFO] [1789251605.761943980] [nav_goal_sender]: cycle 12 feedback: 0.0
[INFO] [1789251605.771734132] [nav_goal_sender]: cycle 12 feedback: 0.0
[INFO] [1789251605.782137187] [nav_goal_sender]: cycle 12 feedback: 0.0
[INFO] [1789251605.792669343] [nav_goal_sender]: cycle 12 feedback: 0.0
[INFO] [1789251605.801545690] [nav_goal_sender]: cycle 12 feedback: 0.0
[INFO] [1789251605.811919044] [nav_goal_sender]: cycle 12 feedback: 0.0
[INFO] [1789251605.821801297] [nav_goal_sender]: cycle 12 feedback: 0.0
[INFO] [1789251605.831727349] [nav_goal_sender]: cycle 12 feedback: 0.0
[INFO] [1789251605.842142504] [nav_goal_sender]: cycle 12 feedback: 0.0
[INFO] [1789251605.851810555] [nav_goal_sender]: cycle 12 feedback: 0.0
[INFO] [1789251605.861693408] [nav_goal_sender]: cycle 12 feedback: 0.0
[INFO] [1789251605.872010262] [nav_goal_sender]: cycle 12 feedback: 0.0
[INFO] [1789251605.882090916] [nav_goal_sender]: cycle 12 feedback: 0.0
[INFO] [1789251605.891911368] [nav_goal_sender]: cycle 12 feedback: 0.0
[INFO] [1789251605.901617319] [nav_goal_sender]: cycle 12 feedback: 0.0
[INFO] [1789251605.911745773] [nav_goal_sender]: cycle 12 feedback: 0.0
[INFO] [1789251605.921582225] [nav_goal_sender]: cycle 12 feedback: 0.0
[INFO] [1789251605.932256481] [nav_goal_sender]: cycle 12 feedback: 0.0
[INFO] [1789251605.942302134] [nav_goal_sender]: cycle 12 feedback: 0.0
[INFO] [1789251605.952145686] [nav_goal_sender]: cycle 12 feedback: 0.0
[INFO] [1789251605.961944038] [nav_goal_sender]: cycle 12 feedback: 0.0
[INFO] [1789251605.972089492] [nav_goal_sender]: cycle 12 feedback: 0.0
[INFO] [1789251605.982207345] [nav_goal_sender]: cycle 12 feedback: 0.0
[INFO] [1789251605.992434099] [nav_goal_sender]: cycle 12 feedback: 0.0
[INFO] [1789251606.001817449] [nav_goal_sender]: cycle 12 feedback: 0.0
[INFO] [1789251606.012283204] [nav_goal_sender]: cycle 12 feedback: 0.0
[INFO] [1789251606.021598554] [nav_goal_sender]: cycle 12 feedback: 0.0
[INFO] [1789251606.031759508] [nav_goal_sender]: cycle 12 feedback: 0.0
[INFO] [1789251606.042262263] [nav_goal_sender]: cycle 12 feedback: 0.0
[INFO] [1789251606.051579112] [nav_goal_sender]: cycle 12 feedback: 0.0
[INFO] [1789251606.061613165] [nav_goal_sender]: cycle 12 feedback: 0.0
[INFO] [1789251606.071578318] [nav_goal_sender]: cycle 12 feedback: 0.0
[INFO] [1789251606.082539276] [nav_goal_sender]: cycle 12 feedback: 0.0
[INFO] [1789251606.092437729] [nav_goal_sender]: cycle 12 feedback: 0.0
[INFO] [1789251606.101722278] [nav_goal_sender]: cycle 12 feedback: 0.0
[INFO] [1789251606.111823931] [nav_goal_sender]: cycle 12 feedback: 0.0
[INFO] [1789251606.121743684] [nav_goal_sender]: cycle 12 feedback: 0.0
[INFO] [1789251606.131907937] [nav_goal_sender]: cycle 12 feedback: 0.0
[INFO] [1789251606.141705389] [nav_goal_sender]: cycle 12 feedback: 0.0
[INFO] [1789251606.152464546] [nav_goal_sender]: cycle 12 feedback: 0.0
[INFO] [1789251606.161877196] [nav_goal_sender]: cycle 12 feedback: 0.0
[INFO] [1789251606.171689548] [nav_goal_sender]: cycle 12 feedback: 0.0
[INFO] [1789251606.182151803] [nav_goal_sender]: cycle 12 feedback: 0.0
[INFO] [1789251606.191803654] [nav_goal_sender]: cycle 12 feedback: 0.0
[INFO] [1789251606.201548806] [nav_goal_sender]: cycle 12 feedback: 0.0
[INFO] [1789251606.211890961] [nav_goal_sender]: cycle 12 feedback: 0.0
[INFO] [1789251606.222092715] [nav_goal_sender]: cycle 12 feedback: 0.0
[INFO] [1789251606.231692065] [nav_goal_sender]: cycle 12 feedback: 0.0
[INFO] [1789251606.242142821] [nav_goal_sender]: cycle 12 feedback: 0.0
[INFO] [1789251606.252600276] [nav_goal_sender]: cycle 12 feedback: 0.0
[INFO] [1789251606.261550523] [nav_goal_sender]: cycle 12 feedback: 0.0
[INFO] [1789251606.271421676] [nav_goal_sender]: cycle 12 feedback: 0.0
[INFO] [1789251606.282180932] [nav_goal_sender]: cycle 12 feedback: 0.0
[INFO] [1789251606.291973084] [nav_goal_sender]: cycle 12 feedback: 0.0
[INFO] [1789251606.301583335] [nav_goal_sender]: cycle 12 feedback: 0.0
[INFO] [1789251606.312075591] [nav_goal_sender]: cycle 12 feedback: 0.0
[INFO] [1789251606.321641441] [nav_goal_sender]: cycle 12 feedback: 0.0
[INFO] [1789251606.332168597] [nav_goal_sender]: cycle 12 feedback: 0.0
[INFO] [1789251606.341515146] [nav_goal_sender]: cycle 12 feedback: 0.0
[INFO] [1789251606.351421899] [nav_goal_sender]: cycle 12 feedback: 0.0
[INFO] [1789251606.361462052] [nav_goal_sender]: cycle 12 feedback: 0.0
[INFO] [1789251606.371538505] [nav_goal_sender]: cycle 12 feedback: 0.0
[INFO] [1789251606.381673859] [nav_goal_sender]: cycle 12 feedback: 0.0
[INFO] [1789251606.392399216] [nav_goal_sender]: cycle 12 feedback: 0.0
[INFO] [1789251606.401559264] [nav_goal_sender]: cycle 12 feedback: 0.0
[INFO] [1789251606.412134920] [nav_goal_sender]: cycle 12 feedback: 0.0
[INFO] [1789251606.421588970] [nav_goal_sender]: cycle 12 feedback: 0.0
[INFO] [1789251606.431444722] [nav_goal_sender]: cycle 12 feedback: 0.0
[INFO] [1789251606.441665676] [nav_goal_sender]: cycle 12 feedback: 0.0
[INFO] [1789251606.451431128] [nav_goal_sender]: cycle 12 feedback: 0.0
[INFO] [1789251606.461516081] [nav_goal_sender]: cycle 12 feedback: 0.0
[INFO] [1789251606.471439434] [nav_goal_sender]: cycle 12 feedback: 0.0
[INFO] [1789251606.481645288] [nav_goal_sender]: cycle 12 feedback: 0.0
[INFO] [1789251606.491550340] [nav_goal_sender]: cycle 12 feedback: 0.0
[INFO] [1789251606.501430192] [nav_goal_sender]: cycle 12 feedback: 0.0
[INFO] [1789251606.511535946] [nav_goal_sender]: cycle 12 feedback: 0.0
[INFO] [1789251606.521544199] [nav_goal_sender]: cycle 12 feedback: 0.0
[INFO] [1789251606.531585952] [nav_goal_sender]: cycle 12 feedback: 0.0
[INFO] [1789251606.541495604] [nav_goal_sender]: cycle 12 feedback: 0.0
[INFO] [1789251606.551467457] [nav_goal_sender]: cycle 12 feedback: 0.0
[INFO] [1789251606.561476310] [nav_goal_sender]: cycle 12 feedback: 0.0
[INFO] [1789251606.571475063] [nav_goal_sender]: cycle 12 feedback: 0.0
[INFO] [1789251606.581640917] [nav_goal_sender]: cycle 12 feedback: 0.0
[INFO] [1789251606.591552569] [nav_goal_sender]: cycle 12 feedback: 0.0
[INFO] [1789251606.601427022] [nav_goal_sender]: cycle 12 feedback: 0.0
[INFO] [1789251606.611610575] [nav_goal_sender]: cycle 12 feedback: 0.0
[INFO] [1789251606.621565128] [nav_goal_sender]: cycle 12 feedback: 0.0
[INFO] [1789251606.631521981] [nav_goal_sender]: cycle 12 feedback: 0.0
[INFO] [1789251606.641494033] [nav_goal_sender]: cycle 12 feedback: 0.0
[INFO] [1789251606.651458786] [nav_goal_sender]: cycle 12 feedback: 0.0
[INFO] [1789251606.661502139] [nav_goal_sender]: cycle 12 feedback: 0.0
[INFO] [1789251606.671456792] [nav_goal_sender]: cycle 12 feedback: 0.0
[INFO] [1789251606.681648846] [nav_goal_sender]: cycle 12 feedback: 0.0
[INFO] [1789251606.691470398] [nav_goal_sender]: cycle 12 feedback: 0.0
[INFO] [1789251606.701483951] [nav_goal_sender]: cycle 12 feedback: 0.0
[INFO] [1789251606.711432104] [nav_goal_sender]: cycle 12 feedback: 0.0
[INFO] [1789251606.721428956] [nav_goal_sender]: cycle 12 feedback: 0.0
[INFO] [1789251606.731530910] [nav_goal_sender]: cycle 12 feedback: 0.0
[INFO] [1789251606.741442662] [nav_goal_sender]: cycle 12 feedback: 0.0
[INFO] [1789251606.751793117] [nav_goal_sender]: cycle 12 feedback: 0.0
[INFO] [1789251606.761740570] [nav_goal_sender]: cycle 12 feedback: 0.0
[INFO] [1789251606.771505521] [nav_goal_sender]: cycle 12 feedback: 0.0
[INFO] [1789251606.781745476] [nav_goal_sender]: cycle 12 feedback: 0.0
[INFO] [1789251606.791656128] [nav_goal_sender]: cycle 12 feedback: 0.0
[INFO] [1789251606.801471980] [nav_goal_sender]: cycle 12 feedback: 0.0
[INFO] [1789251606.811736734] [nav_goal_sender]: cycle 12 feedback: 0.0
[INFO] [1789251606.821700587] [nav_goal_sender]: cycle 12 feedback: 0.0
[INFO] [1789251606.831501339] [nav_goal_sender]: cycle 12 feedback: 0.0
[INFO] [1789251606.841539392] [nav_goal_sender]: cycle 12 feedback: 0.0
[INFO] [1789251606.851539845] [nav_goal_sender]: cycle 12 feedback: 0.0
[INFO] [1789251606.861519698] [nav_goal_sender]: cycle 12 feedback: 0.0
[INFO] [1789251606.871497650] [nav_goal_sender]: cycle 12 feedback: 0.0
[INFO] [1789251606.881616604] [nav_goal_sender]: cycle 12 feedback: 0.0
[INFO] [1789251606.892496061] [nav_goal_sender]: cycle 12 feedback: 0.0
[INFO] [1789251606.901528309] [nav_goal_sender]: cycle 12 feedback: 0.0
[INFO] [1789251606.911547962] [nav_goal_sender]: cycle 12 feedback: 0.0
[INFO] [1789251606.921491115] [nav_goal_sender]: cycle 12 feedback: 0.0
[INFO] [1789251606.931555768] [nav_goal_sender]: cycle 12 feedback: 0.0
[INFO] [1789251606.941504521] [nav_goal_sender]: cycle 12 feedback: 0.0
[INFO] [1789251606.951749775] [nav_goal_sender]: cycle 12 feedback: 0.0
[INFO] [1789251606.961555627] [nav_goal_sender]: cycle 12 feedback: 0.0
[INFO] [1789251606.971786581] [nav_goal_sender]: cycle 12 feedback: 0.0
[INFO] [1789251606.981702533] [nav_goal_sender]: cycle 12 feedback: 0.0
[INFO] [1789251606.991524185] [nav_goal_sender]: cycle 12 feedback: 0.0
[INFO] [1789251607.001501038] [nav_goal_sender]: cycle 12 feedback: 0.0
[INFO] [1789251607.013809903] [nav_goal_sender]: cycle 12 feedback: 0.0
[INFO] [1789251607.021760545] [nav_goal_sender]: cycle 12 feedback: 0.0
[INFO] [1789251607.035288617] [nav_goal_sender]: cycle 12 feedback: 0.0
[INFO] [1789251607.042500855] [nav_goal_sender]: cycle 12 feedback: 0.0
[INFO] [1789251607.051706604] [nav_goal_sender]: cycle 12 feedback: 0.0
[INFO] [1789251607.063040964] [nav_goal_sender]: cycle 12 feedback: 0.0
[INFO] [1789251607.071775810] [nav_goal_sender]: cycle 12 feedback: 0.0
[INFO] [1789251607.081740863] [nav_goal_sender]: cycle 12 feedback: 0.0
[INFO] [1789251607.091717716] [nav_goal_sender]: cycle 12 feedback: 0.0
[INFO] [1789251607.101904769] [nav_goal_sender]: cycle 12 feedback: 0.0
[INFO] [1789251607.112767327] [nav_goal_sender]: cycle 12 feedback: 0.0
[INFO] [1789251607.121728074] [nav_goal_sender]: cycle 12 feedback: 0.0
[INFO] [1789251607.131548426] [nav_goal_sender]: cycle 12 feedback: 0.0
[INFO] [1789251607.141543479] [nav_goal_sender]: cycle 12 feedback: 0.0
[INFO] [1789251607.151994134] [nav_goal_sender]: cycle 12 feedback: 0.0
[INFO] [1789251607.161564585] [nav_goal_sender]: cycle 12 feedback: 0.0
[INFO] [1789251607.171827939] [nav_goal_sender]: cycle 12 feedback: 0.0
[INFO] [1789251607.182376395] [nav_goal_sender]: cycle 12 feedback: 0.0
[INFO] [1789251607.191798745] [nav_goal_sender]: cycle 12 feedback: 0.0
[INFO] [1789251607.201468196] [nav_goal_sender]: cycle 12 feedback: 0.0
[INFO] [1789251607.211762151] [nav_goal_sender]: cycle 12 feedback: 0.0
[INFO] [1789251607.221480702] [nav_goal_sender]: cycle 12 feedback: 0.0
[INFO] [1789251607.231506055] [nav_goal_sender]: cycle 12 feedback: 0.0
[INFO] [1789251607.241709209] [nav_goal_sender]: cycle 12 feedback: 0.0
[INFO] [1789251607.251566461] [nav_goal_sender]: cycle 12 feedback: 0.0
[INFO] [1789251607.261591214] [nav_goal_sender]: cycle 12 feedback: 0.0
[INFO] [1789251607.271508667] [nav_goal_sender]: cycle 12 feedback: 0.0
[INFO] [1789251607.282376424] [nav_goal_sender]: cycle 12 feedback: 0.0
[INFO] [1789251607.291512973] [nav_goal_sender]: cycle 12 feedback: 0.0
[INFO] [1789251607.301840227] [nav_goal_sender]: cycle 12 feedback: 0.0
[INFO] [1789251607.311619379] [nav_goal_sender]: cycle 12 feedback: 0.0
[INFO] [1789251607.321604832] [nav_goal_sender]: cycle 12 feedback: 0.0
[INFO] [1789251607.331652085] [nav_goal_sender]: cycle 12 feedback: 0.0
[INFO] [1789251607.341693738] [nav_goal_sender]: cycle 12 feedback: 0.0
[INFO] [1789251607.351655691] [nav_goal_sender]: cycle 12 feedback: 0.0
[INFO] [1789251607.361745644] [nav_goal_sender]: cycle 12 feedback: 0.0
[INFO] [1789251607.372160099] [nav_goal_sender]: cycle 12 feedback: 0.0
[INFO] [1789251607.382131352] [nav_goal_sender]: cycle 12 feedback: 0.0
[INFO] [1789251607.391808103] [nav_goal_sender]: cycle 12 feedback: 0.0
[INFO] [1789251607.402603260] [nav_goal_sender]: cycle 12 feedback: 0.0
[INFO] [1789251607.412360412] [nav_goal_sender]: cycle 12 feedback: 0.0
[INFO] [1789251607.421729262] [nav_goal_sender]: cycle 12 feedback: 0.0
[INFO] [1789251607.431661114] [nav_goal_sender]: cycle 12 feedback: 0.0
[INFO] [1789251607.442001769] [nav_goal_sender]: cycle 12 feedback: 0.0
[INFO] [1789251607.451681320] [nav_goal_sender]: cycle 12 feedback: 0.0
[INFO] [1789251607.461817974] [nav_goal_sender]: cycle 12 feedback: 0.0
[INFO] [1789251607.471939127] [nav_goal_sender]: cycle 12 feedback: 0.0
[INFO] [1789251607.481790779] [nav_goal_sender]: cycle 12 feedback: 0.0
[INFO] [1789251607.492055834] [nav_goal_sender]: cycle 12 feedback: 0.0
[INFO] [1789251607.501603084] [nav_goal_sender]: cycle 12 feedback: 0.0
[INFO] [1789251607.511437636] [nav_goal_sender]: cycle 12 feedback: 0.0
[INFO] [1789251607.521684290] [nav_goal_sender]: cycle 12 feedback: 0.0
[INFO] [1789251607.531844844] [nav_goal_sender]: cycle 12 feedback: 0.0
[INFO] [1789251607.541496695] [nav_goal_sender]: cycle 12 feedback: 0.0
[INFO] [1789251607.551687649] [nav_goal_sender]: cycle 12 feedback: 0.0
[INFO] [1789251607.561571001] [nav_goal_sender]: cycle 12 feedback: 0.0
[INFO] [1789251607.571879356] [nav_goal_sender]: cycle 12 feedback: 0.0
[INFO] [1789251607.583679818] [nav_goal_sender]: cycle 12 feedback: 0.0
[INFO] [1789251607.592644566] [nav_goal_sender]: cycle 12 feedback: 0.0
[INFO] [1789251607.601676414] [nav_goal_sender]: cycle 12 feedback: 0.0
[INFO] [1789251607.611863567] [nav_goal_sender]: cycle 12 feedback: 0.0
[INFO] [1789251607.622000621] [nav_goal_sender]: cycle 12 feedback: 0.0
[INFO] [1789251607.631723973] [nav_goal_sender]: cycle 12 feedback: 0.0
[INFO] [1789251607.641877226] [nav_goal_sender]: cycle 12 feedback: 0.0
[INFO] [1789251607.651695478] [nav_goal_sender]: cycle 12 feedback: 0.0
[INFO] [1789251607.661838932] [nav_goal_sender]: cycle 12 feedback: 0.0
[INFO] [1789251607.671893185] [nav_goal_sender]: cycle 12 feedback: 0.0
[INFO] [1789251607.681799837] [nav_goal_sender]: cycle 12 feedback: 0.0
[INFO] [1789251607.691587189] [nav_goal_sender]: cycle 12 feedback: 0.0
[INFO] [1789251607.701479242] [nav_goal_sender]: cycle 12 feedback: 0.0
[INFO] [1789251607.711858497] [nav_goal_sender]: cycle 12 feedback: 0.0
[INFO] [1789251607.721564448] [nav_goal_sender]: cycle 12 feedback: 0.0
[INFO] [1789251607.731437100] [nav_goal_sender]: cycle 12 feedback: 0.0
[INFO] [1789251607.741479253] [nav_goal_sender]: cycle 12 feedback: 0.0
[INFO] [1789251607.751818608] [nav_goal_sender]: cycle 12 feedback: 0.0
[INFO] [1789251607.761877761] [nav_goal_sender]: cycle 12 feedback: 0.0
[INFO] [1789251607.771718313] [nav_goal_sender]: cycle 12 feedback: 0.0
[INFO] [1789251607.781759266] [nav_goal_sender]: cycle 12 feedback: 0.0
[INFO] [1789251607.791853720] [nav_goal_sender]: cycle 12 feedback: 0.0
[INFO] [1789251607.803414781] [nav_goal_sender]: cycle 12 feedback: 0.0
[INFO] [1789251607.812182727] [nav_goal_sender]: cycle 12 feedback: 0.0
[INFO] [1789251607.821865479] [nav_goal_sender]: cycle 12 feedback: 0.0
[INFO] [1789251607.831793931] [nav_goal_sender]: cycle 12 feedback: 0.0
[INFO] [1789251607.841473582] [nav_goal_sender]: cycle 12 feedback: 0.0
[INFO] [1789251607.852009238] [nav_goal_sender]: cycle 12 feedback: 0.0
[INFO] [1789251607.862021591] [nav_goal_sender]: cycle 12 feedback: 0.0
[INFO] [1789251607.871833743] [nav_goal_sender]: cycle 12 feedback: 0.0
[INFO] [1789251607.882256998] [nav_goal_sender]: cycle 12 feedback: 0.0
[INFO] [1789251607.892178151] [nav_goal_sender]: cycle 12 feedback: 0.0
[INFO] [1789251607.901923502] [nav_goal_sender]: cycle 12 feedback: 0.0
[INFO] [1789251607.913918966] [nav_goal_sender]: cycle 12 feedback: 0.0
[INFO] [1789251607.922008208] [nav_goal_sender]: cycle 12 feedback: 0.0
[INFO] [1789251607.931862461] [nav_goal_sender]: cycle 12 feedback: 0.0
[INFO] [1789251607.942503817] [nav_goal_sender]: cycle 12 feedback: 0.0
[INFO] [1789251607.952561870] [nav_goal_sender]: cycle 12 feedback: 0.0
[INFO] [1789251607.961937120] [nav_goal_sender]: cycle 12 feedback: 0.0
[INFO] [1789251607.971597371] [nav_goal_sender]: cycle 12 feedback: 0.0
[INFO] [1789251607.981835725] [nav_goal_sender]: cycle 12 feedback: 0.0
[INFO] [1789251607.993062884] [nav_goal_sender]: cycle 12 feedback: 0.0
[INFO] [1789251608.002207633] [nav_goal_sender]: cycle 12 feedback: 0.0
[INFO] [1789251608.011920984] [nav_goal_sender]: cycle 12 feedback: 0.0
[INFO] [1789251608.021930437] [nav_goal_sender]: cycle 12 feedback: 0.0
[INFO] [1789251608.031787689] [nav_goal_sender]: cycle 12 feedback: 0.0
[INFO] [1789251608.041460740] [nav_goal_sender]: cycle 12 feedback: 0.0
[INFO] [1789251608.051804595] [nav_goal_sender]: cycle 12 feedback: 0.0
[INFO] [1789251608.061566147] [nav_goal_sender]: cycle 12 feedback: 0.0
[INFO] [1789251608.071717400] [nav_goal_sender]: cycle 12 feedback: 0.0
[INFO] [1789251608.082163656] [nav_goal_sender]: cycle 12 feedback: 0.0
[INFO] [1789251608.092014508] [nav_goal_sender]: cycle 12 feedback: 0.0
[INFO] [1789251608.101585458] [nav_goal_sender]: cycle 12 feedback: 0.0
[INFO] [1789251608.111918213] [nav_goal_sender]: cycle 12 feedback: 0.0
[INFO] [1789251608.121495164] [nav_goal_sender]: cycle 12 feedback: 0.0
[INFO] [1789251608.131913519] [nav_goal_sender]: cycle 12 feedback: 0.0
[INFO] [1789251608.141547970] [nav_goal_sender]: cycle 12 feedback: 0.0
[INFO] [1789251608.151814324] [nav_goal_sender]: cycle 12 feedback: 0.0
[INFO] [1789251608.161840977] [nav_goal_sender]: cycle 12 feedback: 0.0
[INFO] [1789251608.171720430] [nav_goal_sender]: cycle 12 feedback: 0.0
[INFO] [1789251608.181915683] [nav_goal_sender]: cycle 12 feedback: 0.0
[INFO] [1789251608.191565935] [nav_goal_sender]: cycle 12 feedback: 0.0
[INFO] [1789251608.201617388] [nav_goal_sender]: cycle 12 feedback: 0.0
[INFO] [1789251608.211803042] [nav_goal_sender]: cycle 12 feedback: 0.0
[INFO] [1789251608.221577793] [nav_goal_sender]: cycle 12 feedback: 0.0
[INFO] [1789251608.231749747] [nav_goal_sender]: cycle 12 feedback: 0.0
[INFO] [1789251608.241696500] [nav_goal_sender]: cycle 12 feedback: 0.0
[INFO] [1789251608.251826853] [nav_goal_sender]: cycle 12 feedback: 0.0
[INFO] [1789251608.262016807] [nav_goal_sender]: cycle 12 feedback: 0.0
[INFO] [1789251608.271818959] [nav_goal_sender]: cycle 12 feedback: 0.0
[INFO] [1789251608.281988813] [nav_goal_sender]: cycle 12 feedback: 0.0
[INFO] [1789251608.292519969] [nav_goal_sender]: cycle 12 feedback: 0.0
[INFO] [1789251608.301844418] [nav_goal_sender]: cycle 12 feedback: 0.0
[INFO] [1789251608.311732670] [nav_goal_sender]: cycle 12 feedback: 0.0
[INFO] [1789251608.321784323] [nav_goal_sender]: cycle 12 feedback: 0.0
[INFO] [1789251608.331483675] [nav_goal_sender]: cycle 12 feedback: 0.0
[INFO] [1789251608.343081336] [nav_goal_sender]: cycle 12 feedback: 0.0
[INFO] [1789251608.351637581] [nav_goal_sender]: cycle 12 feedback: 0.0
[INFO] [1789251608.361780835] [nav_goal_sender]: cycle 12 feedback: 0.0
[INFO] [1789251608.371714388] [nav_goal_sender]: cycle 12 feedback: 0.0
[INFO] [1789251608.382753846] [nav_goal_sender]: cycle 12 feedback: 0.0
[INFO] [1789251608.392148596] [nav_goal_sender]: cycle 12 feedback: 0.0
[INFO] [1789251608.402359250] [nav_goal_sender]: cycle 12 feedback: 0.0
[INFO] [1789251608.412154402] [nav_goal_sender]: cycle 12 feedback: 0.0
[INFO] [1789251608.422252855] [nav_goal_sender]: cycle 12 feedback: 0.0
[INFO] [1789251608.432073207] [nav_goal_sender]: cycle 12 feedback: 0.0
[INFO] [1789251608.441657158] [nav_goal_sender]: cycle 12 feedback: 0.0
[INFO] [1789251608.451968512] [nav_goal_sender]: cycle 12 feedback: 0.0
[INFO] [1789251608.462010265] [nav_goal_sender]: cycle 12 feedback: 0.0
[INFO] [1789251608.471784417] [nav_goal_sender]: cycle 12 feedback: 0.0
[INFO] [1789251608.482395573] [nav_goal_sender]: cycle 12 feedback: 0.0
[INFO] [1789251608.491858923] [nav_goal_sender]: cycle 12 feedback: 0.0
[INFO] [1789251608.501922477] [nav_goal_sender]: cycle 12 feedback: 0.0
[INFO] [1789251608.512177831] [nav_goal_sender]: cycle 12 feedback: 0.0
[INFO] [1789251608.521631181] [nav_goal_sender]: cycle 12 feedback: 0.0
[INFO] [1789251608.531570033] [nav_goal_sender]: cycle 12 feedback: 0.0
[INFO] [1789251608.542062589] [nav_goal_sender]: cycle 12 feedback: 0.0
[INFO] [1789251608.551923741] [nav_goal_sender]: cycle 12 feedback: 0.0
[INFO] [1789251608.561728193] [nav_goal_sender]: cycle 12 feedback: 0.0
[INFO] [1789251608.571595145] [nav_goal_sender]: cycle 12 feedback: 0.0
[INFO] [1789251608.581683499] [nav_goal_sender]: cycle 12 feedback: 0.0
[INFO] [1789251608.591668651] [nav_goal_sender]: cycle 12 feedback: 0.0
[INFO] [1789251608.601503603] [nav_goal_sender]: cycle 12 feedback: 0.0
[INFO] [1789251608.611552057] [nav_goal_sender]: cycle 12 feedback: 0.0
[INFO] [1789251608.621523909] [nav_goal_sender]: cycle 12 feedback: 0.0
[INFO] [1789251608.632241266] [nav_goal_sender]: cycle 12 feedback: 0.0
[INFO] [1789251608.641563515] [nav_goal_sender]: cycle 12 feedback: 0.0
[INFO] [1789251608.651443568] [nav_goal_sender]: cycle 12 feedback: 0.0
[INFO] [1789251608.661522521] [nav_goal_sender]: cycle 12 feedback: 0.0
[INFO] [1789251608.671521374] [nav_goal_sender]: cycle 12 feedback: 0.0
[INFO] [1789251608.681609427] [nav_goal_sender]: cycle 12 feedback: 0.0
[INFO] [1789251608.691600480] [nav_goal_sender]: cycle 12 feedback: 0.0
[INFO] [1789251608.701483732] [nav_goal_sender]: cycle 12 feedback: 0.0
[INFO] [1789251608.711576286] [nav_goal_sender]: cycle 12 feedback: 0.0
[INFO] [1789251608.721582639] [nav_goal_sender]: cycle 12 feedback: 0.0
[INFO] [1789251608.731468091] [nav_goal_sender]: cycle 12 feedback: 0.0
[INFO] [1789251608.741511444] [nav_goal_sender]: cycle 12 feedback: 0.0
[INFO] [1789251608.751474097] [nav_goal_sender]: cycle 12 feedback: 0.0
[INFO] [1789251608.761653151] [nav_goal_sender]: cycle 12 feedback: 0.0
[INFO] [1789251608.771582403] [nav_goal_sender]: cycle 12 feedback: 0.0
[INFO] [1789251608.781721557] [nav_goal_sender]: cycle 12 feedback: 0.0
[INFO] [1789251608.791553009] [nav_goal_sender]: cycle 12 feedback: 0.0
[INFO] [1789251608.801486761] [nav_goal_sender]: cycle 12 feedback: 0.0
[INFO] [1789251608.811468714] [nav_goal_sender]: cycle 12 feedback: 0.0
[INFO] [1789251608.821525167] [nav_goal_sender]: cycle 12 feedback: 0.0
[INFO] [1789251608.831577321] [nav_goal_sender]: cycle 12 feedback: 0.0
[INFO] [1789251608.841582074] [nav_goal_sender]: cycle 12 feedback: 0.0
[INFO] [1789251608.851464626] [nav_goal_sender]: cycle 12 feedback: 0.0
[INFO] [1789251608.861456179] [nav_goal_sender]: cycle 12 feedback: 0.0
[INFO] [1789251608.871420231] [nav_goal_sender]: cycle 12 feedback: 0.0
[INFO] [1789251608.881624885] [nav_goal_sender]: cycle 12 feedback: 0.0
[INFO] [1789251608.891599238] [nav_goal_sender]: cycle 12 feedback: 0.0
[INFO] [1789251608.901428590] [nav_goal_sender]: cycle 12 feedback: 0.0
[INFO] [1789251608.911544344] [nav_goal_sender]: cycle 12 feedback: 0.0
[INFO] [1789251608.921505496] [nav_goal_sender]: cycle 12 feedback: 0.0
[INFO] [1789251608.931569850] [nav_goal_sender]: cycle 12 feedback: 0.0
[INFO] [1789251608.941563003] [nav_goal_sender]: cycle 12 feedback: 0.0
[INFO] [1789251608.951465555] [nav_goal_sender]: cycle 12 feedback: 0.0
[INFO] [1789251608.961446108] [nav_goal_sender]: cycle 12 feedback: 0.0
[INFO] [1789251608.971430561] [nav_goal_sender]: cycle 12 feedback: 0.0
[INFO] [1789251608.981669915] [nav_goal_sender]: cycle 12 feedback: 0.0
[INFO] [1789251608.991440766] [nav_goal_sender]: cycle 12 feedback: 0.0
[INFO] [1789251609.001426619] [nav_goal_sender]: cycle 12 feedback: 0.0
[INFO] [1789251609.011634473] [nav_goal_sender]: cycle 12 feedback: 0.0
[INFO] [1789251609.021672526] [nav_goal_sender]: cycle 12 feedback: 0.0
[INFO] [1789251609.031588879] [nav_goal_sender]: cycle 12 feedback: 0.0
[INFO] [1789251609.041619232] [nav_goal_sender]: cycle 12 feedback: 0.0
[INFO] [1789251609.051470084] [nav_goal_sender]: cycle 12 feedback: 0.0
[INFO] [1789251609.061568037] [nav_goal_sender]: cycle 12 feedback: 0.0
[INFO] [1789251609.071458890] [nav_goal_sender]: cycle 12 feedback: 0.0
[INFO] [1789251609.081664744] [nav_goal_sender]: cycle 12 feedback: 0.0
[INFO] [1789251609.091554196] [nav_goal_sender]: cycle 12 feedback: 0.0
[INFO] [1789251609.101521949] [nav_goal_sender]: cycle 12 feedback: 0.0
[INFO] [1789251609.111586802] [nav_goal_sender]: cycle 12 feedback: 0.0
[INFO] [1789251609.121526755] [nav_goal_sender]: cycle 12 feedback: 0.0
[INFO] [1789251609.131555908] [nav_goal_sender]: cycle 12 feedback: 0.0
[INFO] [1789251609.141775762] [nav_goal_sender]: cycle 12 feedback: 0.0
[INFO] [1789251609.151460313] [nav_goal_sender]: cycle 12 feedback: 0.0
[INFO] [1789251609.161516166] [nav_goal_sender]: cycle 12 feedback: 0.0
[INFO] [1789251609.171422119] [nav_goal_sender]: cycle 12 feedback: 0.0
[INFO] [1789251609.181667573] [nav_goal_sender]: cycle 12 feedback: 0.0
[INFO] [1789251609.191578425] [nav_goal_sender]: cycle 12 feedback: 0.0
[INFO] [1789251609.201422977] [nav_goal_sender]: cycle 12 feedback: 0.0
[INFO] [1789251609.211459030] [nav_goal_sender]: cycle 12 feedback: 0.0
[INFO] [1789251609.221538784] [nav_goal_sender]: cycle 12 feedback: 0.0
[INFO] [1789251609.231505937] [nav_goal_sender]: cycle 12 feedback: 0.0
[INFO] [1789251609.241559990] [nav_goal_sender]: cycle 12 feedback: 0.0
[INFO] [1789251609.251470342] [nav_goal_sender]: cycle 12 feedback: 0.0
[INFO] [1789251609.261471595] [nav_goal_sender]: cycle 12 feedback: 0.0
[INFO] [1789251609.271423948] [nav_goal_sender]: cycle 12 feedback: 0.0
[INFO] [1789251609.281717602] [nav_goal_sender]: cycle 12 feedback: 0.0
[INFO] [1789251609.291506454] [nav_goal_sender]: cycle 12 feedback: 0.0
[INFO] [1789251609.301427006] [nav_goal_sender]: cycle 12 feedback: 0.0
[INFO] [1789251609.311566360] [nav_goal_sender]: cycle 12 feedback: 0.0
[INFO] [1789251609.321431312] [nav_goal_sender]: cycle 12 feedback: 0.0
[INFO] [1789251609.331540866] [nav_goal_sender]: cycle 12 feedback: 0.0
[INFO] [1789251609.341599419] [nav_goal_sender]: cycle 12 feedback: 0.0
[INFO] [1789251609.351513571] [nav_goal_sender]: cycle 12 feedback: 0.0
[INFO] [1789251609.361456024] [nav_goal_sender]: cycle 12 feedback: 0.0
[INFO] [1789251609.371422877] [nav_goal_sender]: cycle 12 feedback: 0.0
[INFO] [1789251609.381726131] [nav_goal_sender]: cycle 12 feedback: 0.0
[INFO] [1789251609.391549983] [nav_goal_sender]: cycle 12 feedback: 0.0
[INFO] [1789251609.401437536] [nav_goal_sender]: cycle 12 feedback: 0.0
[INFO] [1789251609.411544289] [nav_goal_sender]: cycle 12 feedback: 0.0
[INFO] [1789251609.421465442] [nav_goal_sender]: cycle 12 feedback: 0.0
[INFO] [1789251609.431503895] [nav_goal_sender]: cycle 12 feedback: 0.0
[INFO] [1789251609.441498648] [nav_goal_sender]: cycle 12 feedback: 0.0
[INFO] [1789251609.451500000] [nav_goal_sender]: cycle 12 feedback: 0.0
[INFO] [1789251609.461509053] [nav_goal_sender]: cycle 12 feedback: 0.0
[INFO] [1789251609.471691007] [nav_goal_sender]: cycle 12 feedback: 0.0
[INFO] [1789251609.481604760] [nav_goal_sender]: cycle 12 feedback: 0.0
[INFO] [1789251609.491486512] [nav_goal_sender]: cycle 12 feedback: 0.0
[INFO] [1789251609.501497765] [nav_goal_sender]: cycle 12 feedback: 0.0
[INFO] [1789251609.511460118] [nav_goal_sender]: cycle 12 feedback: 0.0
[INFO] [1789251609.521480671] [nav_goal_sender]: cycle 12 feedback: 0.0
[INFO] [1789251609.531549224] [nav_goal_sender]: cycle 12 feedback: 0.0
[INFO] [1789251609.541692678] [nav_goal_sender]: cycle 12 feedback: 0.0
[INFO] [1789251609.551743931] [nav_goal_sender]: cycle 12 feedback: 0.0
[INFO] [1789251609.561564783] [nav_goal_sender]: cycle 12 feedback: 0.0
[INFO] [1789251609.571532836] [nav_goal_sender]: cycle 12 feedback: 0.0
[INFO] [1789251609.581596989] [nav_goal_sender]: cycle 12 feedback: 0.0
[INFO] [1789251609.591515341] [nav_goal_sender]: cycle 12 feedback: 0.0
[INFO] [1789251609.601475994] [nav_goal_sender]: cycle 12 feedback: 0.0
[INFO] [1789251609.611499547] [nav_goal_sender]: cycle 12 feedback: 0.0
[INFO] [1789251609.621491000] [nav_goal_sender]: cycle 12 feedback: 0.0
[INFO] [1789251609.631472153] [nav_goal_sender]: cycle 12 feedback: 0.0
[INFO] [1789251609.641447305] [nav_goal_sender]: cycle 12 feedback: 0.0
[INFO] [1789251609.651745360] [nav_goal_sender]: cycle 12 feedback: 0.0
[INFO] [1789251609.661699413] [nav_goal_sender]: cycle 12 feedback: 0.0
[INFO] [1789251609.672555470] [nav_goal_sender]: cycle 12 feedback: 0.0
[INFO] [1789251609.681616418] [nav_goal_sender]: cycle 12 feedback: 0.0
[INFO] [1789251609.692930578] [nav_goal_sender]: cycle 12 feedback: 0.0
[INFO] [1789251609.701578524] [nav_goal_sender]: cycle 12 feedback: 0.0
[INFO] [1789251609.711590177] [nav_goal_sender]: cycle 12 feedback: 0.0
[INFO] [1789251609.721622630] [nav_goal_sender]: cycle 12 feedback: 0.0
[INFO] [1789251609.731554382] [nav_goal_sender]: cycle 12 feedback: 0.0
[INFO] [1789251609.741674736] [nav_goal_sender]: cycle 12 feedback: 0.0
[INFO] [1789251609.751605488] [nav_goal_sender]: cycle 12 feedback: 0.0
[INFO] [1789251609.761899843] [nav_goal_sender]: cycle 12 feedback: 0.0
[INFO] [1789251609.771590494] [nav_goal_sender]: cycle 12 feedback: 0.0
[INFO] [1789251609.781720048] [nav_goal_sender]: cycle 12 feedback: 0.0
[INFO] [1789251609.791587500] [nav_goal_sender]: cycle 12 feedback: 0.0
[INFO] [1789251609.801664753] [nav_goal_sender]: cycle 12 feedback: 0.0
[INFO] [1789251609.811573406] [nav_goal_sender]: cycle 12 feedback: 0.0
[INFO] [1789251609.821548158] [nav_goal_sender]: cycle 12 feedback: 0.0
[INFO] [1789251609.831587111] [nav_goal_sender]: cycle 12 feedback: 0.0
[INFO] [1789251609.841555364] [nav_goal_sender]: cycle 12 feedback: 0.0
[INFO] [1789251609.851860019] [nav_goal_sender]: cycle 12 feedback: 0.0
[INFO] [1789251609.861563970] [nav_goal_sender]: cycle 12 feedback: 0.0
[INFO] [1789251609.871587423] [nav_goal_sender]: cycle 12 feedback: 0.0
[INFO] [1789251609.881686276] [nav_goal_sender]: cycle 12 feedback: 0.0
[INFO] [1789251609.891573029] [nav_goal_sender]: cycle 12 feedback: 0.0
[INFO] [1789251609.901541882] [nav_goal_sender]: cycle 12 feedback: 0.0
[INFO] [1789251609.911856136] [nav_goal_sender]: cycle 12 feedback: 0.0
[INFO] [1789251609.921817389] [nav_goal_sender]: cycle 12 feedback: 0.0
[INFO] [1789251609.931586140] [nav_goal_sender]: cycle 12 feedback: 0.0
[INFO] [1789251609.941579193] [nav_goal_sender]: cycle 12 feedback: 0.0
[INFO] [1789251609.951540946] [nav_goal_sender]: cycle 12 feedback: 0.0
[INFO] [1789251609.961551199] [nav_goal_sender]: cycle 12 feedback: 0.0
[INFO] [1789251609.971559252] [nav_goal_sender]: cycle 12 feedback: 0.0
[INFO] [1789251609.981713706] [nav_goal_sender]: cycle 12 feedback: 0.0
[INFO] [1789251609.991550858] [nav_goal_sender]: cycle 12 feedback: 0.0
[INFO] [1789251610.001545411] [nav_goal_sender]: cycle 12 feedback: 0.0
[INFO] [1789251610.011558064] [nav_goal_sender]: cycle 12 feedback: 0.0
[INFO] [1789251610.021663617] [nav_goal_sender]: cycle 12 feedback: 0.0
[INFO] [1789251610.031562569] [nav_goal_sender]: cycle 12 feedback: 0.0
[INFO] [1789251610.041551822] [nav_goal_sender]: cycle 12 feedback: 0.0
[INFO] [1789251610.051568575] [nav_goal_sender]: cycle 12 feedback: 0.0
[INFO] [1789251610.061905430] [nav_goal_sender]: cycle 12 feedback: 0.0
[INFO] [1789251610.071688482] [nav_goal_sender]: cycle 12 feedback: 0.0
[INFO] [1789251610.081798635] [nav_goal_sender]: cycle 12 feedback: 0.0
[INFO] [1789251610.091579887] [nav_goal_sender]: cycle 12 feedback: 0.0
[INFO] [1789251610.101567240] [nav_goal_sender]: cycle 12 feedback: 0.0
[INFO] [1789251610.111748894] [nav_goal_sender]: cycle 12 feedback: 0.0
[INFO] [1789251610.121706346] [nav_goal_sender]: cycle 12 feedback: 0.0
[INFO] [1789251610.131738999] [nav_goal_sender]: cycle 12 feedback: 0.0
[INFO] [1789251610.141625852] [nav_goal_sender]: cycle 12 feedback: 0.0
[INFO] [1789251610.151534804] [nav_goal_sender]: cycle 12 feedback: 0.0
[INFO] [1789251610.161549257] [nav_goal_sender]: cycle 12 feedback: 0.0
[INFO] [1789251610.172211914] [nav_goal_sender]: cycle 12 feedback: 0.0
[INFO] [1789251610.181680364] [nav_goal_sender]: cycle 12 feedback: 0.0
[INFO] [1789251610.192190819] [nav_goal_sender]: cycle 12 feedback: 0.0
[INFO] [1789251610.201618569] [nav_goal_sender]: cycle 12 feedback: 0.0
[INFO] [1789251610.212137125] [nav_goal_sender]: cycle 12 feedback: 0.0
[INFO] [1789251610.221726875] [nav_goal_sender]: cycle 12 feedback: 0.0
[INFO] [1789251610.231560228] [nav_goal_sender]: cycle 12 feedback: 0.0
[INFO] [1789251610.241609281] [nav_goal_sender]: cycle 12 feedback: 0.0
[INFO] [1789251610.252831440] [nav_goal_sender]: cycle 12 feedback: 11.370710372924805
[INFO] [1789251610.261793387] [nav_goal_sender]: cycle 12 feedback: 11.370710372924805
[INFO] [1789251610.271591539] [nav_goal_sender]: cycle 12 feedback: 11.370710372924805
[INFO] [1789251610.281872194] [nav_goal_sender]: cycle 12 feedback: 11.370710372924805
[INFO] [1789251610.291806746] [nav_goal_sender]: cycle 12 feedback: 11.370710372924805
[INFO] [1789251610.301713099] [nav_goal_sender]: cycle 12 feedback: 11.370710372924805
[INFO] [1789251610.312136554] [nav_goal_sender]: cycle 12 feedback: 11.370710372924805
[INFO] [1789251610.322201107] [nav_goal_sender]: cycle 12 feedback: 11.370710372924805
[INFO] [1789251610.331902258] [nav_goal_sender]: cycle 12 feedback: 11.370710372924805
[INFO] [1789251610.341906011] [nav_goal_sender]: cycle 12 feedback: 11.370710372924805
[INFO] [1789251610.351668663] [nav_goal_sender]: cycle 12 feedback: 11.370710372924805
[INFO] [1789251610.361868917] [nav_goal_sender]: cycle 12 feedback: 11.370710372924805
[INFO] [1789251610.371682769] [nav_goal_sender]: cycle 12 feedback: 11.370710372924805
[INFO] [1789251610.381798622] [nav_goal_sender]: cycle 12 feedback: 11.370710372924805
[INFO] [1789251610.391702775] [nav_goal_sender]: cycle 12 feedback: 11.370710372924805
[INFO] [1789251610.401582427] [nav_goal_sender]: cycle 12 feedback: 11.370710372924805
[INFO] [1789251610.411729581] [nav_goal_sender]: cycle 12 feedback: 11.370710372924805
[INFO] [1789251610.421656033] [nav_goal_sender]: cycle 12 feedback: 11.370710372924805
[INFO] [1789251610.431744387] [nav_goal_sender]: cycle 12 feedback: 11.412100791931152
[INFO] [1789251610.441679039] [nav_goal_sender]: cycle 12 feedback: 11.412100791931152
[INFO] [1789251610.451608692] [nav_goal_sender]: cycle 12 feedback: 11.412100791931152
[INFO] [1789251610.462079147] [nav_goal_sender]: cycle 12 feedback: 11.412100791931152
[INFO] [1789251610.471586997] [nav_goal_sender]: cycle 12 feedback: 11.412100791931152
[INFO] [1789251610.481675951] [nav_goal_sender]: cycle 12 feedback: 11.412100791931152
[INFO] [1789251610.491616003] [nav_goal_sender]: cycle 12 feedback: 11.412100791931152
[INFO] [1789251610.501554656] [nav_goal_sender]: cycle 12 feedback: 11.412100791931152
[INFO] [1789251610.511732510] [nav_goal_sender]: cycle 12 feedback: 11.412100791931152
[INFO] [1789251610.522235165] [nav_goal_sender]: cycle 12 feedback: 11.412100791931152
[INFO] [1789251610.532216518] [nav_goal_sender]: cycle 12 feedback: 11.412100791931152
[INFO] [1789251610.541923670] [nav_goal_sender]: cycle 12 feedback: 11.412100791931152
[INFO] [1789251610.551916822] [nav_goal_sender]: cycle 12 feedback: 11.412100791931152
[INFO] [1789251610.561886275] [nav_goal_sender]: cycle 12 feedback: 11.412100791931152
[INFO] [1789251610.572267130] [nav_goal_sender]: cycle 12 feedback: 11.412100791931152
[INFO] [1789251610.582470284] [nav_goal_sender]: cycle 12 feedback: 11.412100791931152
[INFO] [1789251610.591614232] [nav_goal_sender]: cycle 12 feedback: 11.412100791931152
[INFO] [1789251610.601632085] [nav_goal_sender]: cycle 12 feedback: 11.412100791931152
[INFO] [1789251610.612123041] [nav_goal_sender]: cycle 12 feedback: 11.412100791931152
[INFO] [1789251610.622132994] [nav_goal_sender]: cycle 12 feedback: 11.412100791931152
[INFO] [1789251610.632181747] [nav_goal_sender]: cycle 12 feedback: 11.412100791931152
[INFO] [1789251610.642294201] [nav_goal_sender]: cycle 12 feedback: 11.412100791931152
[INFO] [1789251610.651571950] [nav_goal_sender]: cycle 12 feedback: 11.412100791931152
[INFO] [1789251610.661770504] [nav_goal_sender]: cycle 12 feedback: 11.412100791931152
[INFO] [1789251610.671760256] [nav_goal_sender]: cycle 12 feedback: 11.412100791931152
[INFO] [1789251610.681723909] [nav_goal_sender]: cycle 12 feedback: 11.412100791931152
[INFO] [1789251610.692203065] [nav_goal_sender]: cycle 12 feedback: 11.412100791931152
[INFO] [1789251610.701564014] [nav_goal_sender]: cycle 12 feedback: 11.412100791931152
[INFO] [1789251610.712069470] [nav_goal_sender]: cycle 12 feedback: 11.412100791931152
[INFO] [1789251610.721830721] [nav_goal_sender]: cycle 12 feedback: 11.412100791931152
[INFO] [1789251610.731807474] [nav_goal_sender]: cycle 12 feedback: 11.412100791931152
[INFO] [1789251610.741852427] [nav_goal_sender]: cycle 12 feedback: 11.412100791931152
[INFO] [1789251610.751833580] [nav_goal_sender]: cycle 12 feedback: 11.412100791931152
[INFO] [1789251610.762070934] [nav_goal_sender]: cycle 12 feedback: 11.412100791931152
[INFO] [1789251610.771743985] [nav_goal_sender]: cycle 12 feedback: 11.412100791931152
[INFO] [1789251610.782712243] [nav_goal_sender]: cycle 12 feedback: 11.412100791931152
[INFO] [1789251610.791867092] [nav_goal_sender]: cycle 12 feedback: 11.412100791931152
[INFO] [1789251610.801552343] [nav_goal_sender]: cycle 12 feedback: 11.412100791931152
[INFO] [1789251610.811938098] [nav_goal_sender]: cycle 12 feedback: 11.412100791931152
[INFO] [1789251610.821840450] [nav_goal_sender]: cycle 12 feedback: 11.412100791931152
[INFO] [1789251610.832454807] [nav_goal_sender]: cycle 12 feedback: 11.412100791931152
[INFO] [1789251610.841762856] [nav_goal_sender]: cycle 12 feedback: 11.412100791931152
[INFO] [1789251610.851664008] [nav_goal_sender]: cycle 12 feedback: 11.412100791931152
[INFO] [1789251610.862046863] [nav_goal_sender]: cycle 12 feedback: 11.412100791931152
[INFO] [1789251610.871603314] [nav_goal_sender]: cycle 12 feedback: 11.412100791931152
[INFO] [1789251610.881721067] [nav_goal_sender]: cycle 12 feedback: 11.412100791931152
[INFO] [1789251610.891977422] [nav_goal_sender]: cycle 12 feedback: 11.412100791931152
[INFO] [1789251610.902826779] [nav_goal_sender]: cycle 12 feedback: 11.412100791931152
[INFO] [1789251610.912020128] [nav_goal_sender]: cycle 12 feedback: 11.412100791931152
[INFO] [1789251610.921661679] [nav_goal_sender]: cycle 12 feedback: 11.412100791931152
[INFO] [1789251610.931821932] [nav_goal_sender]: cycle 12 feedback: 11.412100791931152
[INFO] [1789251610.941704385] [nav_goal_sender]: cycle 12 feedback: 11.412100791931152
[INFO] [1789251610.951577437] [nav_goal_sender]: cycle 12 feedback: 11.412100791931152
[INFO] [1789251610.963051698] [nav_goal_sender]: cycle 12 feedback: 11.412100791931152
[INFO] [1789251610.972118246] [nav_goal_sender]: cycle 12 feedback: 11.412100791931152
[INFO] [1789251610.982147599] [nav_goal_sender]: cycle 12 feedback: 11.412100791931152
[INFO] [1789251610.991999751] [nav_goal_sender]: cycle 12 feedback: 11.412100791931152
[INFO] [1789251611.001721302] [nav_goal_sender]: cycle 12 feedback: 11.412100791931152
[INFO] [1789251611.012367659] [nav_goal_sender]: cycle 12 feedback: 11.412100791931152
[INFO] [1789251611.022281511] [nav_goal_sender]: cycle 12 feedback: 11.412100791931152
[INFO] [1789251611.032076763] [nav_goal_sender]: cycle 12 feedback: 11.412100791931152
[INFO] [1789251611.041579813] [nav_goal_sender]: cycle 12 feedback: 11.412100791931152
[INFO] [1789251611.051756667] [nav_goal_sender]: cycle 12 feedback: 11.412100791931152
[INFO] [1789251611.061822320] [nav_goal_sender]: cycle 12 feedback: 11.412100791931152
[INFO] [1789251611.071656472] [nav_goal_sender]: cycle 12 feedback: 11.412100791931152
[INFO] [1789251611.081846726] [nav_goal_sender]: cycle 12 feedback: 11.412100791931152
[INFO] [1789251611.091655578] [nav_goal_sender]: cycle 12 feedback: 11.412100791931152
[INFO] [1789251611.102225634] [nav_goal_sender]: cycle 12 feedback: 11.412100791931152
[INFO] [1789251611.112609289] [nav_goal_sender]: cycle 12 feedback: 11.412100791931152
[INFO] [1789251611.122583642] [nav_goal_sender]: cycle 12 feedback: 11.412100791931152
[INFO] [1789251611.131614989] [nav_goal_sender]: cycle 12 feedback: 11.412100791931152
[INFO] [1789251611.142355146] [nav_goal_sender]: cycle 12 feedback: 11.412100791931152
[INFO] [1789251611.151587395] [nav_goal_sender]: cycle 12 feedback: 11.412100791931152
[INFO] [1789251611.162023050] [nav_goal_sender]: cycle 12 feedback: 11.412100791931152
[INFO] [1789251611.171760702] [nav_goal_sender]: cycle 12 feedback: 11.412100791931152
[INFO] [1789251611.181805455] [nav_goal_sender]: cycle 12 feedback: 11.412100791931152
[INFO] [1789251611.191650607] [nav_goal_sender]: cycle 12 feedback: 11.412100791931152
[INFO] [1789251611.201541459] [nav_goal_sender]: cycle 12 feedback: 11.412100791931152
[INFO] [1789251611.212161916] [nav_goal_sender]: cycle 12 feedback: 11.412100791931152
[INFO] [1789251611.222485070] [nav_goal_sender]: cycle 12 feedback: 11.412100791931152
[INFO] [1789251611.231571218] [nav_goal_sender]: cycle 12 feedback: 11.412100791931152
[INFO] [1789251611.242547176] [nav_goal_sender]: cycle 12 feedback: 11.412100791931152
[INFO] [1789251611.252008326] [nav_goal_sender]: cycle 12 feedback: 11.412100791931152
[INFO] [1789251611.262589982] [nav_goal_sender]: cycle 12 feedback: 11.412100791931152
[INFO] [1789251611.272302634] [nav_goal_sender]: cycle 12 feedback: 11.412100791931152
[INFO] [1789251611.282618088] [nav_goal_sender]: cycle 12 feedback: 10.945710182189941
[INFO] [1789251611.291761637] [nav_goal_sender]: cycle 12 feedback: 10.945710182189941
[INFO] [1789251611.301566889] [nav_goal_sender]: cycle 12 feedback: 10.945710182189941
[INFO] [1789251611.311901843] [nav_goal_sender]: cycle 12 feedback: 10.945710182189941
[INFO] [1789251611.321786396] [nav_goal_sender]: cycle 12 feedback: 10.945710182189941
[INFO] [1789251611.331551847] [nav_goal_sender]: cycle 12 feedback: 10.945710182189941
[INFO] [1789251611.342127703] [nav_goal_sender]: cycle 12 feedback: 10.945710182189941
[INFO] [1789251611.351829254] [nav_goal_sender]: cycle 12 feedback: 10.945710182189941
[INFO] [1789251611.361839107] [nav_goal_sender]: cycle 12 feedback: 10.945710182189941
[INFO] [1789251611.371610459] [nav_goal_sender]: cycle 12 feedback: 10.945710182189941
[INFO] [1789251611.381725013] [nav_goal_sender]: cycle 12 feedback: 10.945710182189941
[INFO] [1789251611.391703265] [nav_goal_sender]: cycle 12 feedback: 10.945710182189941
[INFO] [1789251611.401570618] [nav_goal_sender]: cycle 12 feedback: 10.945710182189941
[INFO] [1789251611.412046373] [nav_goal_sender]: cycle 12 feedback: 10.945710182189941
[INFO] [1789251611.421764724] [nav_goal_sender]: cycle 12 feedback: 10.945710182189941
[INFO] [1789251611.432253880] [nav_goal_sender]: cycle 12 feedback: 10.920710563659668
[INFO] [1789251611.442288433] [nav_goal_sender]: cycle 12 feedback: 10.920710563659668
[INFO] [1789251611.452030285] [nav_goal_sender]: cycle 12 feedback: 10.920710563659668
[INFO] [1789251611.461875437] [nav_goal_sender]: cycle 12 feedback: 10.920710563659668
[INFO] [1789251611.472193791] [nav_goal_sender]: cycle 12 feedback: 10.920710563659668
[INFO] [1789251611.481683041] [nav_goal_sender]: cycle 12 feedback: 10.920710563659668
[INFO] [1789251611.491689294] [nav_goal_sender]: cycle 12 feedback: 10.920710563659668
[INFO] [1789251611.501599347] [nav_goal_sender]: cycle 12 feedback: 10.920710563659668
[INFO] [1789251611.511741301] [nav_goal_sender]: cycle 12 feedback: 10.920710563659668
[INFO] [1789251611.521668953] [nav_goal_sender]: cycle 12 feedback: 10.920710563659668
[INFO] [1789251611.532342309] [nav_goal_sender]: cycle 12 feedback: 10.920710563659668
[INFO] [1789251611.541796860] [nav_goal_sender]: cycle 12 feedback: 10.920710563659668
[INFO] [1789251611.551709312] [nav_goal_sender]: cycle 12 feedback: 10.895710945129395
[INFO] [1789251611.561714465] [nav_goal_sender]: cycle 12 feedback: 10.895710945129395
[INFO] [1789251611.571606617] [nav_goal_sender]: cycle 12 feedback: 10.895710945129395
[INFO] [1789251611.581813271] [nav_goal_sender]: cycle 12 feedback: 10.895710945129395
[INFO] [1789251611.591773324] [nav_goal_sender]: cycle 12 feedback: 10.895710945129395
[INFO] [1789251611.601915078] [nav_goal_sender]: cycle 12 feedback: 10.895710945129395
[INFO] [1789251611.612602234] [nav_goal_sender]: cycle 12 feedback: 10.895710945129395
[INFO] [1789251611.621946884] [nav_goal_sender]: cycle 12 feedback: 10.895710945129395
[INFO] [1789251611.631903836] [nav_goal_sender]: cycle 12 feedback: 10.895710945129395
[INFO] [1789251611.641917189] [nav_goal_sender]: cycle 12 feedback: 10.895710945129395
[INFO] [1789251611.651557040] [nav_goal_sender]: cycle 12 feedback: 10.895710945129395
[INFO] [1789251611.662793100] [nav_goal_sender]: cycle 12 feedback: 10.895710945129395
[INFO] [1789251611.671561146] [nav_goal_sender]: cycle 12 feedback: 10.895710945129395
[INFO] [1789251611.681730200] [nav_goal_sender]: cycle 12 feedback: 10.895710945129395
[INFO] [1789251611.691898454] [nav_goal_sender]: cycle 12 feedback: 10.98646068572998
[INFO] [1789251611.701932507] [nav_goal_sender]: cycle 12 feedback: 10.98646068572998
[INFO] [1789251611.712181161] [nav_goal_sender]: cycle 12 feedback: 10.98646068572998
[INFO] [1789251611.721807512] [nav_goal_sender]: cycle 12 feedback: 10.98646068572998
[INFO] [1789251611.731904365] [nav_goal_sender]: cycle 12 feedback: 10.98646068572998
[INFO] [1789251611.741742817] [nav_goal_sender]: cycle 12 feedback: 10.98646068572998
[INFO] [1789251611.751580669] [nav_goal_sender]: cycle 12 feedback: 9.945710182189941
[INFO] [1789251611.761881424] [nav_goal_sender]: cycle 12 feedback: 9.945710182189941
[INFO] [1789251611.771900577] [nav_goal_sender]: cycle 12 feedback: 9.870710372924805
[INFO] [1789251611.782269732] [nav_goal_sender]: cycle 12 feedback: 9.870710372924805
[INFO] [1789251611.792068984] [nav_goal_sender]: cycle 12 feedback: 9.820710182189941
[INFO] [1789251611.801745735] [nav_goal_sender]: cycle 12 feedback: 9.820710182189941
[INFO] [1789251611.812225190] [nav_goal_sender]: cycle 12 feedback: 9.795710563659668
[INFO] [1789251611.821658040] [nav_goal_sender]: cycle 12 feedback: 9.795710563659668
[INFO] [1789251611.832053395] [nav_goal_sender]: cycle 12 feedback: 9.795710563659668
[INFO] [1789251611.842075148] [nav_goal_sender]: cycle 12 feedback: 9.795710563659668
[INFO] [1789251611.851644599] [nav_goal_sender]: cycle 12 feedback: 9.795710563659668
[INFO] [1789251611.861902853] [nav_goal_sender]: cycle 12 feedback: 9.795710563659668
[INFO] [1789251611.872289708] [nav_goal_sender]: cycle 12 feedback: 9.795710563659668
[INFO] [1789251611.882076860] [nav_goal_sender]: cycle 12 feedback: 9.795710563659668
[INFO] [1789251611.892103813] [nav_goal_sender]: cycle 12 feedback: 9.795710563659668
[INFO] [1789251611.901600363] [nav_goal_sender]: cycle 12 feedback: 9.795710563659668
[INFO] [1789251611.911897418] [nav_goal_sender]: cycle 12 feedback: 9.795710563659668
[INFO] [1789251611.921634269] [nav_goal_sender]: cycle 12 feedback: 9.795710563659668
[INFO] [1789251611.931639822] [nav_goal_sender]: cycle 12 feedback: 9.795710563659668
[INFO] [1789251611.941631875] [nav_goal_sender]: cycle 12 feedback: 9.795710563659668
[INFO] [1789251611.951658028] [nav_goal_sender]: cycle 12 feedback: 9.795710563659668
[INFO] [1789251611.963354390] [nav_goal_sender]: cycle 12 feedback: 9.795710563659668
[INFO] [1789251611.971727534] [nav_goal_sender]: cycle 12 feedback: 9.795710563659668
[INFO] [1789251611.981762287] [nav_goal_sender]: cycle 12 feedback: 9.795710563659668
[INFO] [1789251611.991686040] [nav_goal_sender]: cycle 12 feedback: 9.795710563659668
[INFO] [1789251612.001571892] [nav_goal_sender]: cycle 12 feedback: 9.795710563659668
[INFO] [1789251612.012095348] [nav_goal_sender]: cycle 12 feedback: 9.795710563659668
[INFO] [1789251612.022013400] [nav_goal_sender]: cycle 12 feedback: 9.795710563659668
[INFO] [1789251612.032860258] [nav_goal_sender]: cycle 12 feedback: 9.770710945129395
[INFO] [1789251612.041906405] [nav_goal_sender]: cycle 12 feedback: 9.770710945129395
[INFO] [1789251612.051880058] [nav_goal_sender]: cycle 12 feedback: 9.770710945129395
[INFO] [1789251612.063903122] [nav_goal_sender]: cycle 12 feedback: 9.770710945129395
[INFO] [1789251612.072181166] [nav_goal_sender]: cycle 12 feedback: 9.770710945129395
[INFO] [1789251612.082275919] [nav_goal_sender]: cycle 12 feedback: 9.770710945129395
[INFO] [1789251612.091557968] [nav_goal_sender]: cycle 12 feedback: 9.770710945129395
[INFO] [1789251612.101983123] [nav_goal_sender]: cycle 12 feedback: 9.770710945129395
[INFO] [1789251612.112071477] [nav_goal_sender]: cycle 12 feedback: 9.770710945129395
[INFO] [1789251612.122505032] [nav_goal_sender]: cycle 12 feedback: 9.770710945129395
[INFO] [1789251612.131640880] [nav_goal_sender]: cycle 12 feedback: 9.770710945129395
[INFO] [1789251612.141575733] [nav_goal_sender]: cycle 12 feedback: 9.770710945129395
[INFO] [1789251612.151575886] [nav_goal_sender]: cycle 12 feedback: 9.770710945129395
[INFO] [1789251612.162007341] [nav_goal_sender]: cycle 12 feedback: 9.770710945129395
[INFO] [1789251612.171895693] [nav_goal_sender]: cycle 12 feedback: 9.770710945129395
[INFO] [1789251612.181900346] [nav_goal_sender]: cycle 12 feedback: 9.770710945129395
[INFO] [1789251612.191873899] [nav_goal_sender]: cycle 12 feedback: 9.770710945129395
[INFO] [1789251612.202860357] [nav_goal_sender]: cycle 12 feedback: 9.770710945129395
[INFO] [1789251612.211843604] [nav_goal_sender]: cycle 12 feedback: 9.770710945129395
[INFO] [1789251612.221597756] [nav_goal_sender]: cycle 12 feedback: 9.770710945129395
[INFO] [1789251612.231581409] [nav_goal_sender]: cycle 12 feedback: 8.695710182189941
[INFO] [1789251612.241609062] [nav_goal_sender]: cycle 12 feedback: 8.695710182189941
[INFO] [1789251612.251591515] [nav_goal_sender]: cycle 12 feedback: 8.120710372924805
[INFO] [1789251612.261758769] [nav_goal_sender]: cycle 12 feedback: 8.120710372924805
[INFO] [1789251612.271678921] [nav_goal_sender]: cycle 12 feedback: 7.620710849761963
[INFO] [1789251612.281735574] [nav_goal_sender]: cycle 12 feedback: 7.620710849761963
[INFO] [1789251612.292185330] [nav_goal_sender]: cycle 12 feedback: 7.120710849761963
[INFO] [1789251612.301577279] [nav_goal_sender]: cycle 12 feedback: 7.120710849761963
[INFO] [1789251612.312702438] [nav_goal_sender]: cycle 12 feedback: 6.6957106590271
[INFO] [1789251612.321586185] [nav_goal_sender]: cycle 12 feedback: 6.6957106590271
[INFO] [1789251612.331619138] [nav_goal_sender]: cycle 12 feedback: 6.245710849761963
[INFO] [1789251612.341602691] [nav_goal_sender]: cycle 12 feedback: 6.245710849761963
[INFO] [1789251612.351615344] [nav_goal_sender]: cycle 12 feedback: 5.795710563659668
[INFO] [1789251612.361807198] [nav_goal_sender]: cycle 12 feedback: 5.795710563659668
[INFO] [1789251612.371716050] [nav_goal_sender]: cycle 12 feedback: 5.3207106590271
[INFO] [1789251612.381922504] [nav_goal_sender]: cycle 12 feedback: 5.3207106590271
[INFO] [1789251612.391622756] [nav_goal_sender]: cycle 12 feedback: 4.845710277557373
[INFO] [1789251612.401675009] [nav_goal_sender]: cycle 12 feedback: 4.845710277557373
[INFO] [1789251612.411881563] [nav_goal_sender]: cycle 12 feedback: 4.370710372924805
[INFO] [1789251612.421634114] [nav_goal_sender]: cycle 12 feedback: 4.370710372924805
[INFO] [1789251612.431596767] [nav_goal_sender]: cycle 12 feedback: 4.370710372924805
[INFO] [1789251612.441594720] [nav_goal_sender]: cycle 12 feedback: 4.370710372924805
[INFO] [1789251612.451585773] [nav_goal_sender]: cycle 12 feedback: 4.370710372924805
[INFO] [1789251612.462133029] [nav_goal_sender]: cycle 12 feedback: 4.370710372924805
[INFO] [1789251612.471570779] [nav_goal_sender]: cycle 12 feedback: 4.370710372924805
[INFO] [1789251612.482570637] [nav_goal_sender]: cycle 12 feedback: 4.370710372924805
[INFO] [1789251612.491593685] [nav_goal_sender]: cycle 12 feedback: 4.370710372924805
[INFO] [1789251612.501570037] [nav_goal_sender]: cycle 12 feedback: 4.370710372924805
[INFO] [1789251612.511747091] [nav_goal_sender]: cycle 12 feedback: 4.370710372924805
[INFO] [1789251612.522099246] [nav_goal_sender]: cycle 12 feedback: 4.370710372924805
[INFO] [1789251612.532027498] [nav_goal_sender]: cycle 12 feedback: 4.370710372924805
[INFO] [1789251612.541580349] [nav_goal_sender]: cycle 12 feedback: 4.370710372924805
[INFO] [1789251612.551595502] [nav_goal_sender]: cycle 12 feedback: 4.370710372924805
[INFO] [1789251612.561828356] [nav_goal_sender]: cycle 12 feedback: 4.370710372924805
[INFO] [1789251612.571710908] [nav_goal_sender]: cycle 12 feedback: 4.3957109451293945
[INFO] [1789251612.581668161] [nav_goal_sender]: cycle 12 feedback: 4.3957109451293945
[INFO] [1789251612.591607514] [nav_goal_sender]: cycle 12 feedback: 4.3957109451293945
[INFO] [1789251612.601553666] [nav_goal_sender]: cycle 12 feedback: 4.3957109451293945
[INFO] [1789251612.611738520] [nav_goal_sender]: cycle 12 feedback: 4.3957109451293945
[INFO] [1789251612.621778873] [nav_goal_sender]: cycle 12 feedback: 4.3957109451293945
[INFO] [1789251612.631606025] [nav_goal_sender]: cycle 12 feedback: 4.3957109451293945
[INFO] [1789251612.641555778] [nav_goal_sender]: cycle 12 feedback: 4.3957109451293945
[INFO] [1789251612.651576331] [nav_goal_sender]: cycle 12 feedback: 4.3957109451293945
[INFO] [1789251612.661837185] [nav_goal_sender]: cycle 12 feedback: 4.3957109451293945
[INFO] [1789251612.671590637] [nav_goal_sender]: cycle 12 feedback: 4.3957109451293945
[INFO] [1789251612.681658690] [nav_goal_sender]: cycle 12 feedback: 4.3957109451293945
[INFO] [1789251612.691573643] [nav_goal_sender]: cycle 12 feedback: 4.3957109451293945
[INFO] [1789251612.701805897] [nav_goal_sender]: cycle 12 feedback: 4.3957109451293945
[INFO] [1789251612.711863350] [nav_goal_sender]: cycle 12 feedback: 4.3957109451293945
[INFO] [1789251612.721633402] [nav_goal_sender]: cycle 12 feedback: 4.3957109451293945
[INFO] [1789251612.731595754] [nav_goal_sender]: cycle 12 feedback: 4.420710563659668
[INFO] [1789251612.741822808] [nav_goal_sender]: cycle 12 feedback: 4.420710563659668
[INFO] [1789251612.751575460] [nav_goal_sender]: cycle 12 feedback: 4.420710563659668
[INFO] [1789251612.761834914] [nav_goal_sender]: cycle 12 feedback: 4.420710563659668
[INFO] [1789251612.771622666] [nav_goal_sender]: cycle 12 feedback: 4.420710563659668
[INFO] [1789251612.781737220] [nav_goal_sender]: cycle 12 feedback: 4.420710563659668
[INFO] [1789251612.791934974] [nav_goal_sender]: cycle 12 feedback: 4.420710563659668
[INFO] [1789251612.801583025] [nav_goal_sender]: cycle 12 feedback: 4.420710563659668
[INFO] [1789251612.811901979] [nav_goal_sender]: cycle 12 feedback: 4.420710563659668
[INFO] [1789251612.822504235] [nav_goal_sender]: cycle 12 feedback: 4.420710563659668
[INFO] [1789251612.831635284] [nav_goal_sender]: cycle 12 feedback: 4.445710182189941
[INFO] [1789251612.842463541] [nav_goal_sender]: cycle 12 feedback: 4.445710182189941
[INFO] [1789251612.851568489] [nav_goal_sender]: cycle 12 feedback: 4.445710182189941
[INFO] [1789251612.861685043] [nav_goal_sender]: cycle 12 feedback: 4.445710182189941
[INFO] [1789251612.882171751] [nav_goal_sender]: cycle 12 goal FINISHED: status=6 (re-sending after 1s pause)
[INFO] [1789251613.885669660] [nav_goal_sender]: cycle 13: sending goal x=4.000 y=4.000 yaw=0.000
[INFO] [1789251613.888010072] [nav_goal_sender]: cycle 13 goal ACCEPTED: True
[INFO] [1789251613.888850077] [nav_goal_sender]: cycle 13 feedback: 0.0
[INFO] [1789251613.898889230] [nav_goal_sender]: cycle 13 feedback: 0.0
[INFO] [1789251613.909847288] [nav_goal_sender]: cycle 13 feedback: 10.938863754272461
[INFO] [1789251613.917903931] [nav_goal_sender]: cycle 13 feedback: 10.938863754272461
[INFO] [1789251613.929067790] [nav_goal_sender]: cycle 13 feedback: 10.938863754272461
[INFO] [1789251613.938001637] [nav_goal_sender]: cycle 13 feedback: 10.938863754272461
[INFO] [1789251613.948241891] [nav_goal_sender]: cycle 13 feedback: 10.938863754272461
[INFO] [1789251613.958197844] [nav_goal_sender]: cycle 13 feedback: 10.938863754272461
[INFO] [1789251613.968893100] [nav_goal_sender]: cycle 13 feedback: 10.938863754272461
[INFO] [1789251613.978575452] [nav_goal_sender]: cycle 13 feedback: 10.938863754272461
[INFO] [1789251613.988507604] [nav_goal_sender]: cycle 13 feedback: 10.938863754272461
[INFO] [1789251613.998444357] [nav_goal_sender]: cycle 13 feedback: 10.938863754272461
[INFO] [1789251614.007927307] [nav_goal_sender]: cycle 13 feedback: 10.938863754272461
[INFO] [1789251614.018106561] [nav_goal_sender]: cycle 13 feedback: 10.938863754272461
[INFO] [1789251614.027878812] [nav_goal_sender]: cycle 13 feedback: 10.938863754272461
[INFO] [1789251614.037753065] [nav_goal_sender]: cycle 13 feedback: 10.938863754272461
[INFO] [1789251614.047782018] [nav_goal_sender]: cycle 13 feedback: 10.938863754272461
[INFO] [1789251614.058335373] [nav_goal_sender]: cycle 13 feedback: 10.938863754272461
[INFO] [1789251614.068072825] [nav_goal_sender]: cycle 13 feedback: 10.938863754272461
[INFO] [1789251614.078737381] [nav_goal_sender]: cycle 13 feedback: 10.938863754272461
[INFO] [1789251614.088388632] [nav_goal_sender]: cycle 13 feedback: 10.938863754272461
[INFO] [1789251614.097738482] [nav_goal_sender]: cycle 13 feedback: 10.938863754272461
[INFO] [1789251614.108330038] [nav_goal_sender]: cycle 13 feedback: 10.938863754272461
[INFO] [1789251614.119770899] [nav_goal_sender]: cycle 13 feedback: 10.938863754272461
[INFO] [1789251614.128508145] [nav_goal_sender]: cycle 13 feedback: 10.938863754272461
[INFO] [1789251614.137843694] [nav_goal_sender]: cycle 13 feedback: 10.938863754272461
[INFO] [1789251614.147901947] [nav_goal_sender]: cycle 13 feedback: 10.938863754272461
[INFO] [1789251614.158284702] [nav_goal_sender]: cycle 13 feedback: 10.938863754272461
[INFO] [1789251614.168411256] [nav_goal_sender]: cycle 13 feedback: 10.938863754272461
[INFO] [1789251614.178075207] [nav_goal_sender]: cycle 13 feedback: 10.938863754272461
[INFO] [1789251614.188517962] [nav_goal_sender]: cycle 13 feedback: 10.938863754272461
[INFO] [1789251614.198052213] [nav_goal_sender]: cycle 13 feedback: 10.938863754272461
[INFO] [1789251614.207681664] [nav_goal_sender]: cycle 13 feedback: 10.938863754272461
[INFO] [1789251614.218298220] [nav_goal_sender]: cycle 13 feedback: 10.938863754272461
[INFO] [1789251614.227854770] [nav_goal_sender]: cycle 13 feedback: 10.938863754272461
[INFO] [1789251614.239062430] [nav_goal_sender]: cycle 13 feedback: 10.938863754272461
[INFO] [1789251614.248329879] [nav_goal_sender]: cycle 13 feedback: 10.938863754272461
[INFO] [1789251614.258442832] [nav_goal_sender]: cycle 13 feedback: 10.938863754272461
[INFO] [1789251614.268510185] [nav_goal_sender]: cycle 13 feedback: 10.938863754272461
[INFO] [1789251614.278216037] [nav_goal_sender]: cycle 13 feedback: 10.938863754272461
[INFO] [1789251614.288855193] [nav_goal_sender]: cycle 13 feedback: 10.938863754272461
[INFO] [1789251614.298149742] [nav_goal_sender]: cycle 13 feedback: 10.938863754272461
[INFO] [1789251614.307882594] [nav_goal_sender]: cycle 13 feedback: 10.938863754272461
[INFO] [1789251614.318629151] [nav_goal_sender]: cycle 13 feedback: 10.938863754272461
[INFO] [1789251614.328241501] [nav_goal_sender]: cycle 13 feedback: 10.938863754272461
[INFO] [1789251614.338256354] [nav_goal_sender]: cycle 13 feedback: 10.938863754272461
[INFO] [1789251614.348224407] [nav_goal_sender]: cycle 13 feedback: 10.938863754272461
[INFO] [1789251614.357792058] [nav_goal_sender]: cycle 13 feedback: 10.938863754272461
[INFO] [1789251614.368268413] [nav_goal_sender]: cycle 13 feedback: 10.938863754272461
[INFO] [1789251614.377978765] [nav_goal_sender]: cycle 13 feedback: 10.938863754272461
[INFO] [1789251614.388359319] [nav_goal_sender]: cycle 13 feedback: 10.938863754272461
[INFO] [1789251614.398052171] [nav_goal_sender]: cycle 13 feedback: 10.938863754272461
[INFO] [1789251614.408077124] [nav_goal_sender]: cycle 13 feedback: 10.938863754272461
[INFO] [1789251614.418282378] [nav_goal_sender]: cycle 13 feedback: 10.938863754272461
[INFO] [1789251614.428353531] [nav_goal_sender]: cycle 13 feedback: 10.938863754272461
[INFO] [1789251614.438505985] [nav_goal_sender]: cycle 13 feedback: 10.938863754272461
[INFO] [1789251614.447806234] [nav_goal_sender]: cycle 13 feedback: 10.938863754272461
[INFO] [1789251614.458021788] [nav_goal_sender]: cycle 13 feedback: 10.938863754272461
[INFO] [1789251614.468294342] [nav_goal_sender]: cycle 13 feedback: 10.938863754272461
[INFO] [1789251614.478204795] [nav_goal_sender]: cycle 13 feedback: 10.938863754272461
[INFO] [1789251614.488295248] [nav_goal_sender]: cycle 13 feedback: 10.938863754272461
[INFO] [1789251614.498149900] [nav_goal_sender]: cycle 13 feedback: 10.938863754272461
[INFO] [1789251614.508557155] [nav_goal_sender]: cycle 13 feedback: 10.938863754272461
[INFO] [1789251614.518289307] [nav_goal_sender]: cycle 13 feedback: 10.938863754272461
[INFO] [1789251614.528723562] [nav_goal_sender]: cycle 13 feedback: 10.938863754272461
[INFO] [1789251614.538166212] [nav_goal_sender]: cycle 13 feedback: 10.938863754272461
[INFO] [1789251614.547880463] [nav_goal_sender]: cycle 13 feedback: 10.938863754272461
[INFO] [1789251614.558277418] [nav_goal_sender]: cycle 13 feedback: 10.938863754272461
[INFO] [1789251614.568340572] [nav_goal_sender]: cycle 13 feedback: 10.938863754272461
[INFO] [1789251614.578371425] [nav_goal_sender]: cycle 13 feedback: 10.938863754272461
[INFO] [1789251614.588491778] [nav_goal_sender]: cycle 13 feedback: 10.938863754272461
[INFO] [1789251614.597945228] [nav_goal_sender]: cycle 13 feedback: 10.938863754272461
[INFO] [1789251614.608274283] [nav_goal_sender]: cycle 13 feedback: 10.938863754272461
[INFO] [1789251614.618463637] [nav_goal_sender]: cycle 13 feedback: 10.938863754272461
[INFO] [1789251614.628672491] [nav_goal_sender]: cycle 13 feedback: 10.938863754272461
[INFO] [1789251614.638560843] [nav_goal_sender]: cycle 13 feedback: 10.938863754272461
[INFO] [1789251614.648125894] [nav_goal_sender]: cycle 13 feedback: 10.938863754272461
[INFO] [1789251614.657984046] [nav_goal_sender]: cycle 13 feedback: 10.938863754272461
[INFO] [1789251614.668485002] [nav_goal_sender]: cycle 13 feedback: 10.938863754272461
[INFO] [1789251614.678360954] [nav_goal_sender]: cycle 13 feedback: 10.938863754272461
[INFO] [1789251614.688300106] [nav_goal_sender]: cycle 13 feedback: 10.938863754272461
[INFO] [1789251614.698154558] [nav_goal_sender]: cycle 13 feedback: 10.938863754272461
[INFO] [1789251614.708121011] [nav_goal_sender]: cycle 13 feedback: 10.938863754272461
[INFO] [1789251614.718294165] [nav_goal_sender]: cycle 13 feedback: 10.938863754272461
[INFO] [1789251614.728000216] [nav_goal_sender]: cycle 13 feedback: 10.895710945129395
[INFO] [1789251614.737798568] [nav_goal_sender]: cycle 13 feedback: 10.895710945129395
[INFO] [1789251614.748324324] [nav_goal_sender]: cycle 13 feedback: 10.895710945129395
[INFO] [1789251614.758340577] [nav_goal_sender]: cycle 13 feedback: 10.895710945129395
[INFO] [1789251614.768709132] [nav_goal_sender]: cycle 13 feedback: 10.895710945129395
[INFO] [1789251614.778653584] [nav_goal_sender]: cycle 13 feedback: 10.895710945129395
[INFO] [1789251614.787785833] [nav_goal_sender]: cycle 13 feedback: 10.870710372924805
[INFO] [1789251614.797772386] [nav_goal_sender]: cycle 13 feedback: 10.870710372924805
[INFO] [1789251614.807941039] [nav_goal_sender]: cycle 13 feedback: 10.870710372924805
[INFO] [1789251614.817944092] [nav_goal_sender]: cycle 13 feedback: 10.870710372924805
[INFO] [1789251614.828868750] [nav_goal_sender]: cycle 13 feedback: 10.870710372924805
[INFO] [1789251614.838033699] [nav_goal_sender]: cycle 13 feedback: 10.870710372924805
[INFO] [1789251614.848478554] [nav_goal_sender]: cycle 13 feedback: 10.870710372924805
[INFO] [1789251614.858440106] [nav_goal_sender]: cycle 13 feedback: 10.870710372924805
[INFO] [1789251614.869871767] [nav_goal_sender]: cycle 13 feedback: 10.845710754394531
[INFO] [1789251614.878833814] [nav_goal_sender]: cycle 13 feedback: 10.845710754394531
[INFO] [1789251614.887882062] [nav_goal_sender]: cycle 13 feedback: 10.845710754394531
[INFO] [1789251614.897856115] [nav_goal_sender]: cycle 13 feedback: 10.845710754394531
[INFO] [1789251614.908013369] [nav_goal_sender]: cycle 13 feedback: 10.845710754394531
[INFO] [1789251614.918496924] [nav_goal_sender]: cycle 13 feedback: 10.845710754394531
[INFO] [1789251614.928099075] [nav_goal_sender]: cycle 13 feedback: 10.845710754394531
[INFO] [1789251614.938528130] [nav_goal_sender]: cycle 13 feedback: 10.841531753540039
[INFO] [1789251614.947629978] [nav_goal_sender]: cycle 13 feedback: 10.841531753540039
[INFO] [1789251614.957653731] [nav_goal_sender]: cycle 13 feedback: 10.841531753540039
[INFO] [1789251614.967741085] [nav_goal_sender]: cycle 13 feedback: 10.841531753540039
[INFO] [1789251614.977921539] [nav_goal_sender]: cycle 13 feedback: 10.841531753540039
[INFO] [1789251614.987804791] [nav_goal_sender]: cycle 13 feedback: 10.841531753540039
[INFO] [1789251614.997651943] [nav_goal_sender]: cycle 13 feedback: 10.841531753540039
[INFO] [1789251615.007636096] [nav_goal_sender]: cycle 13 feedback: 10.841531753540039
[INFO] [1789251615.017823650] [nav_goal_sender]: cycle 13 feedback: 10.841531753540039
[INFO] [1789251615.027859303] [nav_goal_sender]: cycle 13 feedback: 10.841531753540039
[INFO] [1789251615.037619854] [nav_goal_sender]: cycle 13 feedback: 10.841531753540039
[INFO] [1789251615.047764408] [nav_goal_sender]: cycle 13 feedback: 10.841531753540039
[INFO] [1789251615.057757361] [nav_goal_sender]: cycle 13 feedback: 10.841531753540039
[INFO] [1789251615.067776614] [nav_goal_sender]: cycle 13 feedback: 10.841531753540039
[INFO] [1789251615.077650766] [nav_goal_sender]: cycle 13 feedback: 10.841531753540039
[INFO] [1789251615.087748320] [nav_goal_sender]: cycle 13 feedback: 10.841531753540039
[INFO] [1789251615.097616772] [nav_goal_sender]: cycle 13 feedback: 10.841531753540039
[INFO] [1789251615.107607425] [nav_goal_sender]: cycle 13 feedback: 10.841531753540039
[INFO] [1789251615.117828279] [nav_goal_sender]: cycle 13 feedback: 10.841531753540039
[INFO] [1789251615.127926432] [nav_goal_sender]: cycle 13 feedback: 10.841531753540039
[INFO] [1789251615.137771484] [nav_goal_sender]: cycle 13 feedback: 10.841531753540039
[INFO] [1789251615.147681537] [nav_goal_sender]: cycle 13 feedback: 10.841531753540039
[INFO] [1789251615.157647289] [nav_goal_sender]: cycle 13 feedback: 10.841531753540039
[INFO] [1789251615.167842343] [nav_goal_sender]: cycle 13 feedback: 10.841531753540039
[INFO] [1789251615.177784996] [nav_goal_sender]: cycle 13 feedback: 10.841531753540039
[INFO] [1789251615.187775649] [nav_goal_sender]: cycle 13 feedback: 10.841531753540039
[INFO] [1789251615.197664401] [nav_goal_sender]: cycle 13 feedback: 10.841531753540039
[INFO] [1789251615.207626054] [nav_goal_sender]: cycle 13 feedback: 10.841531753540039
[INFO] [1789251615.217807008] [nav_goal_sender]: cycle 13 feedback: 10.841531753540039
[INFO] [1789251615.227792561] [nav_goal_sender]: cycle 13 feedback: 10.841531753540039
[INFO] [1789251615.237670013] [nav_goal_sender]: cycle 13 feedback: 10.841531753540039
[INFO] [1789251615.247871867] [nav_goal_sender]: cycle 13 feedback: 10.841531753540039
[INFO] [1789251615.257743319] [nav_goal_sender]: cycle 13 feedback: 10.841531753540039
[INFO] [1789251615.267876173] [nav_goal_sender]: cycle 13 feedback: 10.841531753540039
[INFO] [1789251615.277801025] [nav_goal_sender]: cycle 13 feedback: 10.841531753540039
[INFO] [1789251615.287866378] [nav_goal_sender]: cycle 13 feedback: 10.841531753540039
[INFO] [1789251615.297763531] [nav_goal_sender]: cycle 13 feedback: 10.841531753540039
[INFO] [1789251615.307767384] [nav_goal_sender]: cycle 13 feedback: 10.841531753540039
[INFO] [1789251615.318266039] [nav_goal_sender]: cycle 13 feedback: 10.841531753540039
[INFO] [1789251615.328488893] [nav_goal_sender]: cycle 13 feedback: 10.841531753540039
[INFO] [1789251615.337718242] [nav_goal_sender]: cycle 13 feedback: 10.841531753540039
[INFO] [1789251615.352145018] [nav_goal_sender]: cycle 13 feedback: 10.841531753540039
[INFO] [1789251615.357783648] [nav_goal_sender]: cycle 13 feedback: 10.841531753540039
[INFO] [1789251615.368139703] [nav_goal_sender]: cycle 13 feedback: 10.841531753540039
[INFO] [1789251615.378042255] [nav_goal_sender]: cycle 13 feedback: 10.841531753540039
[INFO] [1789251615.388113509] [nav_goal_sender]: cycle 13 feedback: 10.841531753540039
[INFO] [1789251615.397898060] [nav_goal_sender]: cycle 13 feedback: 10.841531753540039
[INFO] [1789251615.407932314] [nav_goal_sender]: cycle 13 feedback: 10.841531753540039
[INFO] [1789251615.417974767] [nav_goal_sender]: cycle 13 feedback: 10.841531753540039
[INFO] [1789251615.428061220] [nav_goal_sender]: cycle 13 feedback: 10.841531753540039
[INFO] [1789251615.437646571] [nav_goal_sender]: cycle 13 feedback: 10.841531753540039
[INFO] [1789251615.447643124] [nav_goal_sender]: cycle 13 feedback: 10.841531753540039
[INFO] [1789251615.457730677] [nav_goal_sender]: cycle 13 feedback: 10.841531753540039
[INFO] [1789251615.467943531] [nav_goal_sender]: cycle 13 feedback: 10.841531753540039
[INFO] [1789251615.477715383] [nav_goal_sender]: cycle 13 feedback: 10.841531753540039
[INFO] [1789251615.487935237] [nav_goal_sender]: cycle 13 feedback: 10.841531753540039
[INFO] [1789251615.497663788] [nav_goal_sender]: cycle 13 feedback: 10.841531753540039
[INFO] [1789251615.507718441] [nav_goal_sender]: cycle 13 feedback: 10.841531753540039
[INFO] [1789251615.517938196] [nav_goal_sender]: cycle 13 feedback: 10.841531753540039
[INFO] [1789251615.527815348] [nav_goal_sender]: cycle 13 feedback: 10.841531753540039
[INFO] [1789251615.537722900] [nav_goal_sender]: cycle 13 feedback: 10.841531753540039
[INFO] [1789251615.547645353] [nav_goal_sender]: cycle 13 feedback: 10.841531753540039
[INFO] [1789251615.557703106] [nav_goal_sender]: cycle 13 feedback: 10.841531753540039
[INFO] [1789251615.568023961] [nav_goal_sender]: cycle 13 feedback: 10.841531753540039
[INFO] [1789251615.577686412] [nav_goal_sender]: cycle 13 feedback: 10.841531753540039
[INFO] [1789251615.587747865] [nav_goal_sender]: cycle 13 feedback: 10.841531753540039
[INFO] [1789251615.597706818] [nav_goal_sender]: cycle 13 feedback: 10.841531753540039
[INFO] [1789251615.607883771] [nav_goal_sender]: cycle 13 feedback: 10.841531753540039
[INFO] [1789251615.618022825] [nav_goal_sender]: cycle 13 feedback: 10.841531753540039
[INFO] [1789251615.627922477] [nav_goal_sender]: cycle 13 feedback: 10.841531753540039
[INFO] [1789251615.637697829] [nav_goal_sender]: cycle 13 feedback: 10.841531753540039
[INFO] [1789251615.648078784] [nav_goal_sender]: cycle 13 feedback: 10.841531753540039
[INFO] [1789251615.657798735] [nav_goal_sender]: cycle 13 feedback: 10.841531753540039
[INFO] [1789251615.667944989] [nav_goal_sender]: cycle 13 feedback: 10.841531753540039
[INFO] [1789251615.677674341] [nav_goal_sender]: cycle 13 feedback: 10.841531753540039
[INFO] [1789251615.687769994] [nav_goal_sender]: cycle 13 feedback: 10.841531753540039
[INFO] [1789251615.697749447] [nav_goal_sender]: cycle 13 feedback: 10.841531753540039
[INFO] [1789251615.707786000] [nav_goal_sender]: cycle 13 feedback: 10.841531753540039
[INFO] [1789251615.717782253] [nav_goal_sender]: cycle 13 feedback: 10.841531753540039
[INFO] [1789251615.727640605] [nav_goal_sender]: cycle 13 feedback: 10.841531753540039
[INFO] [1789251615.737793559] [nav_goal_sender]: cycle 13 feedback: 10.841531753540039
[INFO] [1789251615.747665111] [nav_goal_sender]: cycle 13 feedback: 10.841531753540039
[INFO] [1789251615.757701864] [nav_goal_sender]: cycle 13 feedback: 10.841531753540039
[INFO] [1789251615.767806317] [nav_goal_sender]: cycle 13 feedback: 10.841531753540039
[INFO] [1789251615.777799570] [nav_goal_sender]: cycle 13 feedback: 10.841531753540039
[INFO] [1789251615.787774723] [nav_goal_sender]: cycle 13 feedback: 10.841531753540039
[INFO] [1789251615.797799976] [nav_goal_sender]: cycle 13 feedback: 10.841531753540039
[INFO] [1789251615.807794429] [nav_goal_sender]: cycle 13 feedback: 10.841531753540039
[INFO] [1789251615.817764782] [nav_goal_sender]: cycle 13 feedback: 10.841531753540039
[INFO] [1789251615.827797735] [nav_goal_sender]: cycle 13 feedback: 10.841531753540039
[INFO] [1789251615.837755588] [nav_goal_sender]: cycle 13 feedback: 10.841531753540039
[INFO] [1789251615.847717640] [nav_goal_sender]: cycle 13 feedback: 10.841531753540039
[INFO] [1789251615.857616293] [nav_goal_sender]: cycle 13 feedback: 10.841531753540039
[INFO] [1789251615.867823947] [nav_goal_sender]: cycle 13 feedback: 10.841531753540039
[INFO] [1789251615.877647399] [nav_goal_sender]: cycle 13 feedback: 10.841531753540039
[INFO] [1789251615.887862953] [nav_goal_sender]: cycle 13 feedback: 10.270709991455078
[INFO] [1789251615.897792405] [nav_goal_sender]: cycle 13 feedback: 10.270709991455078
[INFO] [1789251615.907765158] [nav_goal_sender]: cycle 13 feedback: 9.920709609985352
[INFO] [1789251615.917596110] [nav_goal_sender]: cycle 13 feedback: 9.920709609985352
[INFO] [1789251615.938161319] [nav_goal_sender]: cycle 13 goal FINISHED: status=6 (re-sending after 1s pause)
[INFO] [1789251616.941392826] [nav_goal_sender]: cycle 14: sending goal x=4.000 y=4.000 yaw=0.000
[INFO] [1789251616.942978235] [nav_goal_sender]: cycle 14 goal ACCEPTED: True
[INFO] [1789251616.944409742] [nav_goal_sender]: cycle 14 feedback: 0.0
[INFO] [1789251616.953313589] [nav_goal_sender]: cycle 14 feedback: 0.0
[INFO] [1789251616.964061046] [nav_goal_sender]: cycle 14 feedback: 7.470710754394531
[INFO] [1789251616.973850798] [nav_goal_sender]: cycle 14 feedback: 7.470710754394531
[INFO] [1789251616.983299548] [nav_goal_sender]: cycle 14 feedback: 7.470710754394531
[INFO] [1789251616.993237501] [nav_goal_sender]: cycle 14 feedback: 7.470710754394531
[INFO] [1789251617.003408954] [nav_goal_sender]: cycle 14 feedback: 7.5055975914001465
[INFO] [1789251617.013495008] [nav_goal_sender]: cycle 14 feedback: 7.5055975914001465
[INFO] [1789251617.024032864] [nav_goal_sender]: cycle 14 feedback: 7.5055975914001465
[INFO] [1789251617.033816115] [nav_goal_sender]: cycle 14 feedback: 7.5055975914001465
[INFO] [1789251617.045225576] [nav_goal_sender]: cycle 14 feedback: 7.5055975914001465
[INFO] [1789251617.053485819] [nav_goal_sender]: cycle 14 feedback: 7.5055975914001465
[INFO] [1789251617.063395072] [nav_goal_sender]: cycle 14 feedback: 7.5055975914001465
[INFO] [1789251617.074262429] [nav_goal_sender]: cycle 14 feedback: 7.5055975914001465
[INFO] [1789251617.083610679] [nav_goal_sender]: cycle 14 feedback: 7.5055975914001465
[INFO] [1789251617.093604732] [nav_goal_sender]: cycle 14 feedback: 7.5055975914001465
[INFO] [1789251617.103532784] [nav_goal_sender]: cycle 14 feedback: 7.5055975914001465
[INFO] [1789251617.113484637] [nav_goal_sender]: cycle 14 feedback: 7.5055975914001465
[INFO] [1789251617.123637090] [nav_goal_sender]: cycle 14 feedback: 7.5055975914001465
[INFO] [1789251617.133753844] [nav_goal_sender]: cycle 14 feedback: 7.5055975914001465
[INFO] [1789251617.143655096] [nav_goal_sender]: cycle 14 feedback: 7.5055975914001465
[INFO] [1789251617.153408648] [nav_goal_sender]: cycle 14 feedback: 7.5055975914001465
[INFO] [1789251617.163273400] [nav_goal_sender]: cycle 14 feedback: 7.5055975914001465
[INFO] [1789251617.173698555] [nav_goal_sender]: cycle 14 feedback: 7.5055975914001465
[INFO] [1789251617.183300606] [nav_goal_sender]: cycle 14 feedback: 7.5055975914001465
[INFO] [1789251617.194499465] [nav_goal_sender]: cycle 14 feedback: 7.5055975914001465
[INFO] [1789251617.203725314] [nav_goal_sender]: cycle 14 feedback: 7.5055975914001465
[INFO] [1789251617.213227064] [nav_goal_sender]: cycle 14 feedback: 7.5055975914001465
[INFO] [1789251617.224291423] [nav_goal_sender]: cycle 14 feedback: 7.5055975914001465
[INFO] [1789251617.233430771] [nav_goal_sender]: cycle 14 feedback: 7.5055975914001465
[INFO] [1789251617.243671226] [nav_goal_sender]: cycle 14 feedback: 7.5055975914001465
[INFO] [1789251617.253726779] [nav_goal_sender]: cycle 14 feedback: 7.5055975914001465
[INFO] [1789251617.263761032] [nav_goal_sender]: cycle 14 feedback: 7.5055975914001465
[INFO] [1789251617.273773085] [nav_goal_sender]: cycle 14 feedback: 7.5055975914001465
[INFO] [1789251617.283421336] [nav_goal_sender]: cycle 14 feedback: 7.5055975914001465
[INFO] [1789251617.293330688] [nav_goal_sender]: cycle 14 feedback: 7.5055975914001465
[INFO] [1789251617.303358141] [nav_goal_sender]: cycle 14 feedback: 7.5055975914001465
[INFO] [1789251617.313342494] [nav_goal_sender]: cycle 14 feedback: 7.5055975914001465
[INFO] [1789251617.323529748] [nav_goal_sender]: cycle 14 feedback: 7.5055975914001465
[INFO] [1789251617.333355300] [nav_goal_sender]: cycle 14 feedback: 7.5055975914001465
[INFO] [1789251617.343476654] [nav_goal_sender]: cycle 14 feedback: 7.5055975914001465
[INFO] [1789251617.353427306] [nav_goal_sender]: cycle 14 feedback: 7.5055975914001465
[INFO] [1789251617.363414959] [nav_goal_sender]: cycle 14 feedback: 7.5055975914001465
[INFO] [1789251617.373563413] [nav_goal_sender]: cycle 14 feedback: 7.5055975914001465
[INFO] [1789251617.383335064] [nav_goal_sender]: cycle 14 feedback: 7.5055975914001465
[INFO] [1789251617.393326517] [nav_goal_sender]: cycle 14 feedback: 7.5055975914001465
[INFO] [1789251617.403404871] [nav_goal_sender]: cycle 14 feedback: 7.5055975914001465
[INFO] [1789251617.413294223] [nav_goal_sender]: cycle 14 feedback: 7.5055975914001465
[INFO] [1789251617.423636678] [nav_goal_sender]: cycle 14 feedback: 7.5055975914001465
[INFO] [1789251617.433275729] [nav_goal_sender]: cycle 14 feedback: 7.5055975914001465
[INFO] [1789251617.443611183] [nav_goal_sender]: cycle 14 feedback: 7.5055975914001465
[INFO] [1789251617.453650636] [nav_goal_sender]: cycle 14 feedback: 7.5055975914001465
[INFO] [1789251617.463486488] [nav_goal_sender]: cycle 14 feedback: 7.5055975914001465
[INFO] [1789251617.473662242] [nav_goal_sender]: cycle 14 feedback: 7.5055975914001465
[INFO] [1789251617.483340393] [nav_goal_sender]: cycle 14 feedback: 7.5055975914001465
[INFO] [1789251617.493232746] [nav_goal_sender]: cycle 14 feedback: 7.5055975914001465
[INFO] [1789251617.503224999] [nav_goal_sender]: cycle 14 feedback: 7.5055975914001465
[INFO] [1789251617.513193151] [nav_goal_sender]: cycle 14 feedback: 7.5055975914001465
[INFO] [1789251617.523388005] [nav_goal_sender]: cycle 14 feedback: 7.5055975914001465
[INFO] [1789251617.533282358] [nav_goal_sender]: cycle 14 feedback: 7.5055975914001465
[INFO] [1789251617.543269311] [nav_goal_sender]: cycle 14 feedback: 7.5055975914001465
[INFO] [1789251617.553401364] [nav_goal_sender]: cycle 14 feedback: 7.5055975914001465
[INFO] [1789251617.563370417] [nav_goal_sender]: cycle 14 feedback: 7.5055975914001465
[INFO] [1789251617.573680371] [nav_goal_sender]: cycle 14 feedback: 7.5055975914001465
[INFO] [1789251617.583316422] [nav_goal_sender]: cycle 14 feedback: 7.5055975914001465
[INFO] [1789251617.593252475] [nav_goal_sender]: cycle 14 feedback: 7.5055975914001465
[INFO] [1789251617.603373629] [nav_goal_sender]: cycle 14 feedback: 7.5055975914001465
[INFO] [1789251617.613263881] [nav_goal_sender]: cycle 14 feedback: 7.5055975914001465
[INFO] [1789251617.623585835] [nav_goal_sender]: cycle 14 feedback: 7.5055975914001465
[INFO] [1789251617.633218586] [nav_goal_sender]: cycle 14 feedback: 7.5055975914001465
[INFO] [1789251617.643547441] [nav_goal_sender]: cycle 14 feedback: 7.5055975914001465
[INFO] [1789251617.653458793] [nav_goal_sender]: cycle 14 feedback: 7.5055975914001465
[INFO] [1789251617.663613447] [nav_goal_sender]: cycle 14 feedback: 7.5055975914001465
[INFO] [1789251617.674025902] [nav_goal_sender]: cycle 14 feedback: 7.5055975914001465
[INFO] [1789251617.683386652] [nav_goal_sender]: cycle 14 feedback: 7.5055975914001465
[INFO] [1789251617.693238504] [nav_goal_sender]: cycle 14 feedback: 7.345710754394531
[INFO] [1789251617.703364758] [nav_goal_sender]: cycle 14 feedback: 7.345710754394531
[INFO] [1789251617.713251410] [nav_goal_sender]: cycle 14 feedback: 7.270710468292236
[INFO] [1789251617.723724465] [nav_goal_sender]: cycle 14 feedback: 7.220710754394531
[INFO] [1789251617.733356616] [nav_goal_sender]: cycle 14 feedback: 7.220710754394531
[INFO] [1789251617.743535370] [nav_goal_sender]: cycle 14 feedback: 7.170710563659668
[INFO] [1789251617.753401522] [nav_goal_sender]: cycle 14 feedback: 7.170710563659668
[INFO] [1789251617.763326975] [nav_goal_sender]: cycle 14 feedback: 7.120710849761963
[INFO] [1789251617.773557029] [nav_goal_sender]: cycle 14 feedback: 7.120710849761963
[INFO] [1789251617.783600082] [nav_goal_sender]: cycle 14 feedback: 7.0707106590271
[INFO] [1789251617.793333933] [nav_goal_sender]: cycle 14 feedback: 7.0707106590271
[INFO] [1789251617.803295286] [nav_goal_sender]: cycle 14 feedback: 7.020710468292236
[INFO] [1789251617.813202439] [nav_goal_sender]: cycle 14 feedback: 7.020710468292236
[INFO] [1789251617.823470493] [nav_goal_sender]: cycle 14 feedback: 7.020710468292236
[INFO] [1789251617.833245245] [nav_goal_sender]: cycle 14 feedback: 7.020710468292236
[INFO] [1789251617.843399398] [nav_goal_sender]: cycle 14 feedback: 7.020710468292236
[INFO] [1789251617.853309751] [nav_goal_sender]: cycle 14 feedback: 7.020710468292236
[INFO] [1789251617.863285904] [nav_goal_sender]: cycle 14 feedback: 7.020710468292236
[INFO] [1789251617.873546958] [nav_goal_sender]: cycle 14 feedback: 7.020710468292236
[INFO] [1789251617.883261609] [nav_goal_sender]: cycle 14 feedback: 7.020710468292236
[INFO] [1789251617.893241462] [nav_goal_sender]: cycle 14 feedback: 7.020710468292236
[INFO] [1789251617.903257015] [nav_goal_sender]: cycle 14 feedback: 7.020710468292236
[INFO] [1789251617.913199368] [nav_goal_sender]: cycle 14 feedback: 7.020710468292236
[INFO] [1789251617.923438722] [nav_goal_sender]: cycle 14 feedback: 7.020710468292236
[INFO] [1789251617.933476375] [nav_goal_sender]: cycle 14 feedback: 7.020710468292236
[INFO] [1789251617.943229526] [nav_goal_sender]: cycle 14 feedback: 7.045710563659668
[INFO] [1789251617.953472781] [nav_goal_sender]: cycle 14 feedback: 7.045710563659668
[INFO] [1789251617.963252732] [nav_goal_sender]: cycle 14 feedback: 7.045710563659668
[INFO] [1789251617.974112190] [nav_goal_sender]: cycle 14 feedback: 7.045710563659668
[INFO] [1789251617.983338239] [nav_goal_sender]: cycle 14 feedback: 7.045710563659668
[INFO] [1789251617.993886994] [nav_goal_sender]: cycle 14 feedback: 7.156261444091797
[INFO] [1789251618.003597246] [nav_goal_sender]: cycle 14 feedback: 7.156261444091797
[INFO] [1789251618.013759100] [nav_goal_sender]: cycle 14 feedback: 7.156261444091797
[INFO] [1789251618.023458551] [nav_goal_sender]: cycle 14 feedback: 7.156261444091797
[INFO] [1789251618.033188702] [nav_goal_sender]: cycle 14 feedback: 7.156261444091797
[INFO] [1789251618.043259256] [nav_goal_sender]: cycle 14 feedback: 7.156261444091797
[INFO] [1789251618.053297109] [nav_goal_sender]: cycle 14 feedback: 7.156261444091797
[INFO] [1789251618.063273462] [nav_goal_sender]: cycle 14 feedback: 7.156261444091797
[INFO] [1789251618.073556416] [nav_goal_sender]: cycle 14 feedback: 7.156261444091797
[INFO] [1789251618.083251667] [nav_goal_sender]: cycle 14 feedback: 7.156261444091797
[INFO] [1789251618.093223720] [nav_goal_sender]: cycle 14 feedback: 7.156261444091797
[INFO] [1789251618.103349374] [nav_goal_sender]: cycle 14 feedback: 7.156261444091797
[INFO] [1789251618.113257426] [nav_goal_sender]: cycle 14 feedback: 7.156261444091797
[INFO] [1789251618.123675881] [nav_goal_sender]: cycle 14 feedback: 7.156261444091797
[INFO] [1789251618.133487633] [nav_goal_sender]: cycle 14 feedback: 7.156261444091797
[INFO] [1789251618.143287685] [nav_goal_sender]: cycle 14 feedback: 7.156261444091797
[INFO] [1789251618.153412938] [nav_goal_sender]: cycle 14 feedback: 7.156261444091797
[INFO] [1789251618.163277591] [nav_goal_sender]: cycle 14 feedback: 7.156261444091797
[INFO] [1789251618.173696846] [nav_goal_sender]: cycle 14 feedback: 7.156261444091797
[INFO] [1789251618.183281196] [nav_goal_sender]: cycle 14 feedback: 7.156261444091797
[INFO] [1789251618.193269149] [nav_goal_sender]: cycle 14 feedback: 7.156261444091797
[INFO] [1789251618.203292302] [nav_goal_sender]: cycle 14 feedback: 7.156261444091797
[INFO] [1789251618.213985159] [nav_goal_sender]: cycle 14 feedback: 7.156261444091797
[INFO] [1789251618.223395409] [nav_goal_sender]: cycle 14 feedback: 6.4457106590271
[INFO] [1789251618.237922386] [nav_goal_sender]: cycle 14 feedback: 6.4457106590271
[INFO] [1789251618.243254614] [nav_goal_sender]: cycle 14 feedback: 5.795710563659668
[INFO] [1789251618.253418068] [nav_goal_sender]: cycle 14 feedback: 5.795710563659668
[INFO] [1789251618.263312220] [nav_goal_sender]: cycle 14 feedback: 5.195710182189941
[INFO] [1789251618.273577874] [nav_goal_sender]: cycle 14 feedback: 5.195710182189941
[INFO] [1789251618.283253025] [nav_goal_sender]: cycle 14 feedback: 4.670710563659668
[INFO] [1789251618.293241078] [nav_goal_sender]: cycle 14 feedback: 4.670710563659668
[INFO] [1789251618.303364132] [nav_goal_sender]: cycle 14 feedback: 4.220710754394531
[INFO] [1789251618.313202884] [nav_goal_sender]: cycle 14 feedback: 4.220710754394531
[INFO] [1789251618.323217737] [nav_goal_sender]: cycle 14 feedback: 3.870710611343384
[INFO] [1789251618.343471844] [nav_goal_sender]: cycle 14 goal FINISHED: status=6 (re-sending after 1s pause)
[INFO] [1789251619.347115054] [nav_goal_sender]: cycle 15: sending goal x=4.000 y=4.000 yaw=0.000
[INFO] [1789251619.348693462] [nav_goal_sender]: cycle 15 goal ACCEPTED: True
[INFO] [1789251619.349910968] [nav_goal_sender]: cycle 15 feedback: 0.0
[INFO] [1789251619.359053517] [nav_goal_sender]: cycle 15 feedback: 0.0
[INFO] [1789251619.370012475] [nav_goal_sender]: cycle 15 feedback: 5.717592716217041
[INFO] [1789251619.379206223] [nav_goal_sender]: cycle 15 feedback: 5.717592716217041
[INFO] [1789251619.389109576] [nav_goal_sender]: cycle 15 feedback: 5.717592716217041
[INFO] [1789251619.399090729] [nav_goal_sender]: cycle 15 feedback: 5.717592716217041
[INFO] [1789251619.409047181] [nav_goal_sender]: cycle 15 feedback: 5.717592716217041
[INFO] [1789251619.419101034] [nav_goal_sender]: cycle 15 feedback: 5.717592716217041
[INFO] [1789251619.429172888] [nav_goal_sender]: cycle 15 feedback: 5.645709991455078
[INFO] [1789251619.439242341] [nav_goal_sender]: cycle 15 feedback: 5.645709991455078
[INFO] [1789251619.449167494] [nav_goal_sender]: cycle 15 feedback: 5.67071008682251
[INFO] [1789251619.459090746] [nav_goal_sender]: cycle 15 feedback: 5.67071008682251
[INFO] [1789251619.469052699] [nav_goal_sender]: cycle 15 feedback: 5.67071008682251
[INFO] [1789251619.479179252] [nav_goal_sender]: cycle 15 feedback: 5.67071008682251
[INFO] [1789251619.489001304] [nav_goal_sender]: cycle 15 feedback: 5.67071008682251
[INFO] [1789251619.499119058] [nav_goal_sender]: cycle 15 feedback: 5.67071008682251
[INFO] [1789251619.509022210] [nav_goal_sender]: cycle 15 feedback: 5.67071008682251
[INFO] [1789251619.519156464] [nav_goal_sender]: cycle 15 feedback: 5.67071008682251
[INFO] [1789251619.529183817] [nav_goal_sender]: cycle 15 feedback: 5.67071008682251
[INFO] [1789251619.539207770] [nav_goal_sender]: cycle 15 feedback: 5.67071008682251
[INFO] [1789251619.549141222] [nav_goal_sender]: cycle 15 feedback: 5.67071008682251
[INFO] [1789251619.558993775] [nav_goal_sender]: cycle 15 feedback: 5.67071008682251
[INFO] [1789251619.568981927] [nav_goal_sender]: cycle 15 feedback: 5.67071008682251
[INFO] [1789251619.579251282] [nav_goal_sender]: cycle 15 feedback: 5.67071008682251
[INFO] [1789251619.589063134] [nav_goal_sender]: cycle 15 feedback: 5.67071008682251
[INFO] [1789251619.599155187] [nav_goal_sender]: cycle 15 feedback: 5.67071008682251
[INFO] [1789251619.609148840] [nav_goal_sender]: cycle 15 feedback: 5.67071008682251
[INFO] [1789251619.619146893] [nav_goal_sender]: cycle 15 feedback: 5.67071008682251
[INFO] [1789251619.629127346] [nav_goal_sender]: cycle 15 feedback: 5.67071008682251
[INFO] [1789251619.639338200] [nav_goal_sender]: cycle 15 feedback: 5.67071008682251
[INFO] [1789251619.649171852] [nav_goal_sender]: cycle 15 feedback: 5.67071008682251
[INFO] [1789251619.659073804] [nav_goal_sender]: cycle 15 feedback: 5.67071008682251
[INFO] [1789251619.669071457] [nav_goal_sender]: cycle 15 feedback: 5.67071008682251
[INFO] [1789251619.679296611] [nav_goal_sender]: cycle 15 feedback: 5.67071008682251
[INFO] [1789251619.689073163] [nav_goal_sender]: cycle 15 feedback: 5.67071008682251
[INFO] [1789251619.699108716] [nav_goal_sender]: cycle 15 feedback: 5.67071008682251
[INFO] [1789251619.709085169] [nav_goal_sender]: cycle 15 feedback: 5.67071008682251
[INFO] [1789251619.719341323] [nav_goal_sender]: cycle 15 feedback: 5.67071008682251
[INFO] [1789251619.729096174] [nav_goal_sender]: cycle 15 feedback: 5.67071008682251
[INFO] [1789251619.739423329] [nav_goal_sender]: cycle 15 feedback: 5.67071008682251
[INFO] [1789251619.749193181] [nav_goal_sender]: cycle 15 feedback: 5.67071008682251
[INFO] [1789251619.759109233] [nav_goal_sender]: cycle 15 feedback: 5.67071008682251
[INFO] [1789251619.769147586] [nav_goal_sender]: cycle 15 feedback: 5.67071008682251
[INFO] [1789251619.779186439] [nav_goal_sender]: cycle 15 feedback: 5.67071008682251
[INFO] [1789251619.789113692] [nav_goal_sender]: cycle 15 feedback: 5.67071008682251
[INFO] [1789251619.799212145] [nav_goal_sender]: cycle 15 feedback: 5.67071008682251
[INFO] [1789251619.809840802] [nav_goal_sender]: cycle 15 feedback: 5.67071008682251
[INFO] [1789251619.819091351] [nav_goal_sender]: cycle 15 feedback: 5.67071008682251
[INFO] [1789251619.829750407] [nav_goal_sender]: cycle 15 feedback: 5.67071008682251
[INFO] [1789251619.839380358] [nav_goal_sender]: cycle 15 feedback: 5.67071008682251
[INFO] [1789251619.849229210] [nav_goal_sender]: cycle 15 feedback: 5.67071008682251
[INFO] [1789251619.859188563] [nav_goal_sender]: cycle 15 feedback: 5.67071008682251
[INFO] [1789251619.869266316] [nav_goal_sender]: cycle 15 feedback: 5.67071008682251
[INFO] [1789251619.879708671] [nav_goal_sender]: cycle 15 feedback: 5.67071008682251
[INFO] [1789251619.889641324] [nav_goal_sender]: cycle 15 feedback: 5.67071008682251
[INFO] [1789251619.899359875] [nav_goal_sender]: cycle 15 feedback: 5.67071008682251
[INFO] [1789251619.909247728] [nav_goal_sender]: cycle 15 feedback: 5.67071008682251
[INFO] [1789251619.919308681] [nav_goal_sender]: cycle 15 feedback: 5.67071008682251
[INFO] [1789251619.929199333] [nav_goal_sender]: cycle 15 feedback: 5.67071008682251
[INFO] [1789251619.939078985] [nav_goal_sender]: cycle 15 feedback: 5.67071008682251
[INFO] [1789251619.949308739] [nav_goal_sender]: cycle 15 feedback: 5.67071008682251
[INFO] [1789251619.959127291] [nav_goal_sender]: cycle 15 feedback: 5.67071008682251
[INFO] [1789251619.969126844] [nav_goal_sender]: cycle 15 feedback: 5.67071008682251
[INFO] [1789251619.979053297] [nav_goal_sender]: cycle 15 feedback: 5.67071008682251
[INFO] [1789251619.989178250] [nav_goal_sender]: cycle 15 feedback: 5.67071008682251
[INFO] [1789251619.999113703] [nav_goal_sender]: cycle 15 feedback: 5.67071008682251
[INFO] [1789251620.009110956] [nav_goal_sender]: cycle 15 feedback: 5.67071008682251
[INFO] [1789251620.019078609] [nav_goal_sender]: cycle 15 feedback: 5.67071008682251
[INFO] [1789251620.028946561] [nav_goal_sender]: cycle 15 feedback: 5.67071008682251
[INFO] [1789251620.039719718] [nav_goal_sender]: cycle 15 feedback: 5.67071008682251
[INFO] [1789251620.049233068] [nav_goal_sender]: cycle 15 feedback: 5.67071008682251
[INFO] [1789251620.059333922] [nav_goal_sender]: cycle 15 feedback: 5.67071008682251
[INFO] [1789251620.069255774] [nav_goal_sender]: cycle 15 feedback: 5.67071008682251
[INFO] [1789251620.080534534] [nav_goal_sender]: cycle 15 feedback: 5.67071008682251
[INFO] [1789251620.089173579] [nav_goal_sender]: cycle 15 feedback: 5.595710277557373
[INFO] [1789251620.099150832] [nav_goal_sender]: cycle 15 feedback: 5.595710277557373
[INFO] [1789251620.109060185] [nav_goal_sender]: cycle 15 feedback: 5.545710563659668
[INFO] [1789251620.119439540] [nav_goal_sender]: cycle 15 feedback: 5.545710563659668
[INFO] [1789251620.129674494] [nav_goal_sender]: cycle 15 feedback: 5.4457106590271
[INFO] [1789251620.140067149] [nav_goal_sender]: cycle 15 feedback: 5.4457106590271
[INFO] [1789251620.149213097] [nav_goal_sender]: cycle 15 feedback: 5.395710468292236
[INFO] [1789251620.159099549] [nav_goal_sender]: cycle 15 feedback: 5.395710468292236
[INFO] [1789251620.169036902] [nav_goal_sender]: cycle 15 feedback: 5.320710182189941
[INFO] [1789251620.179262956] [nav_goal_sender]: cycle 15 feedback: 5.320710182189941
[INFO] [1789251620.189140708] [nav_goal_sender]: cycle 15 feedback: 5.220710277557373
[INFO] [1789251620.199132061] [nav_goal_sender]: cycle 15 feedback: 5.220710277557373
[INFO] [1789251620.209494616] [nav_goal_sender]: cycle 15 feedback: 5.145710468292236
[INFO] [1789251620.219997772] [nav_goal_sender]: cycle 15 feedback: 5.145710468292236
[INFO] [1789251620.230159625] [nav_goal_sender]: cycle 15 feedback: 5.145710468292236
[INFO] [1789251620.239272873] [nav_goal_sender]: cycle 15 feedback: 5.145710468292236
[INFO] [1789251620.249480927] [nav_goal_sender]: cycle 15 feedback: 5.120710372924805
[INFO] [1789251620.261066989] [nav_goal_sender]: cycle 15 feedback: 5.120710372924805
[INFO] [1789251620.269608534] [nav_goal_sender]: cycle 15 feedback: 5.120710372924805
[INFO] [1789251620.280433391] [nav_goal_sender]: cycle 15 feedback: 5.120710372924805
[INFO] [1789251620.289725740] [nav_goal_sender]: cycle 15 feedback: 5.120710372924805
[INFO] [1789251620.299566392] [nav_goal_sender]: cycle 15 feedback: 5.120710372924805
[INFO] [1789251620.309697946] [nav_goal_sender]: cycle 15 feedback: 5.120710372924805
[INFO] [1789251620.319396197] [nav_goal_sender]: cycle 15 feedback: 5.120710372924805
[INFO] [1789251620.329304250] [nav_goal_sender]: cycle 15 feedback: 5.120710372924805
[INFO] [1789251620.339493204] [nav_goal_sender]: cycle 15 feedback: 5.120710372924805
[INFO] [1789251620.349880259] [nav_goal_sender]: cycle 15 feedback: 5.120710372924805
[INFO] [1789251620.359428209] [nav_goal_sender]: cycle 15 feedback: 5.120710372924805
[INFO] [1789251620.369198461] [nav_goal_sender]: cycle 15 feedback: 5.120710372924805
[INFO] [1789251620.380201119] [nav_goal_sender]: cycle 15 feedback: 5.120710372924805
[INFO] [1789251620.389455068] [nav_goal_sender]: cycle 15 feedback: 5.095710277557373
[INFO] [1789251620.399978324] [nav_goal_sender]: cycle 15 feedback: 5.0957112312316895
[INFO] [1789251620.409072772] [nav_goal_sender]: cycle 15 feedback: 5.0957112312316895
[INFO] [1789251620.420194831] [nav_goal_sender]: cycle 15 feedback: 5.0957112312316895
[INFO] [1789251620.429443880] [nav_goal_sender]: cycle 15 feedback: 5.0957112312316895
[INFO] [1789251620.440650239] [nav_goal_sender]: cycle 15 feedback: 5.0957112312316895
[INFO] [1789251620.449230284] [nav_goal_sender]: cycle 15 feedback: 5.0957112312316895
[INFO] [1789251620.459325238] [nav_goal_sender]: cycle 15 feedback: 5.0957112312316895
[INFO] [1789251620.469870393] [nav_goal_sender]: cycle 15 feedback: 5.0957112312316895
[INFO] [1789251620.479808746] [nav_goal_sender]: cycle 15 feedback: 5.0957112312316895
[INFO] [1789251620.489620098] [nav_goal_sender]: cycle 15 feedback: 5.0957112312316895
[INFO] [1789251620.499479650] [nav_goal_sender]: cycle 15 feedback: 5.0957112312316895
[INFO] [1789251620.509448103] [nav_goal_sender]: cycle 15 feedback: 5.0957112312316895
[INFO] [1789251620.519854958] [nav_goal_sender]: cycle 15 feedback: 5.0957112312316895
[INFO] [1789251620.529484209] [nav_goal_sender]: cycle 15 feedback: 5.0957112312316895
[INFO] [1789251620.540333966] [nav_goal_sender]: cycle 15 feedback: 5.0957112312316895
[INFO] [1789251620.550448220] [nav_goal_sender]: cycle 15 feedback: 5.0707106590271
[INFO] [1789251620.560698774] [nav_goal_sender]: cycle 15 feedback: 5.0707106590271
[INFO] [1789251620.569156619] [nav_goal_sender]: cycle 15 feedback: 5.0707106590271
[INFO] [1789251620.580825580] [nav_goal_sender]: cycle 15 feedback: 5.0707106590271
[INFO] [1789251620.589938629] [nav_goal_sender]: cycle 15 feedback: 5.0707106590271
[INFO] [1789251620.600333784] [nav_goal_sender]: cycle 15 feedback: 5.0707106590271
[INFO] [1789251620.610743339] [nav_goal_sender]: cycle 15 feedback: 5.0707106590271
[INFO] [1789251620.619903087] [nav_goal_sender]: cycle 15 feedback: 5.0707106590271
[INFO] [1789251620.629557938] [nav_goal_sender]: cycle 15 feedback: 4.7207112312316895
[INFO] [1789251620.639691892] [nav_goal_sender]: cycle 15 feedback: 4.7207112312316895
[INFO] [1789251620.650413749] [nav_goal_sender]: cycle 15 feedback: 4.420711517333984
[INFO] [1789251620.660173400] [nav_goal_sender]: cycle 15 feedback: 4.420711517333984
[INFO] [1789251620.669556050] [nav_goal_sender]: cycle 15 feedback: 4.045711040496826
[INFO] [1789251620.679583703] [nav_goal_sender]: cycle 15 feedback: 4.045711040496826
[INFO] [1789251620.690580461] [nav_goal_sender]: cycle 15 feedback: 3.670710802078247
[INFO] [1789251620.699761210] [nav_goal_sender]: cycle 15 feedback: 3.670710802078247
[INFO] [1789251620.709537061] [nav_goal_sender]: cycle 15 feedback: 3.2707104682922363
[INFO] [1789251620.719157012] [nav_goal_sender]: cycle 15 feedback: 3.2707104682922363
[INFO] [1789251620.730291471] [nav_goal_sender]: cycle 15 feedback: 2.845710515975952
[INFO] [1789251620.740127423] [nav_goal_sender]: cycle 15 feedback: 2.845710515975952
[INFO] [1789251620.750892480] [nav_goal_sender]: cycle 15 feedback: 2.3957107067108154
[INFO] [1789251620.759818927] [nav_goal_sender]: cycle 15 feedback: 2.3957107067108154
[INFO] [1789251620.769585979] [nav_goal_sender]: cycle 15 feedback: 1.9207106828689575
[INFO] [1789251620.779715633] [nav_goal_sender]: cycle 15 feedback: 1.9207106828689575
[INFO] [1789251620.789612385] [nav_goal_sender]: cycle 15 feedback: 1.4707103967666626
[INFO] [1789251620.800075740] [nav_goal_sender]: cycle 15 feedback: 1.4707103967666626
[INFO] [1789251620.811008998] [nav_goal_sender]: cycle 15 feedback: 1.020710825920105
[INFO] [1789251620.820506148] [nav_goal_sender]: cycle 15 feedback: 1.020710825920105
[INFO] [1789251620.830491601] [nav_goal_sender]: cycle 15 feedback: 0.9957102537155151
[INFO] [1789251620.840110752] [nav_goal_sender]: cycle 15 feedback: 0.9957102537155151
[INFO] [1789251620.850216506] [nav_goal_sender]: cycle 15 feedback: 0.9957102537155151
[INFO] [1789251620.859183453] [nav_goal_sender]: cycle 15 feedback: 0.9957102537155151
[INFO] [1789251620.869891810] [nav_goal_sender]: cycle 15 feedback: 0.9957102537155151
[INFO] [1789251620.879970863] [nav_goal_sender]: cycle 15 feedback: 0.9957102537155151
[INFO] [1789251620.889719415] [nav_goal_sender]: cycle 15 feedback: 0.9707103371620178
[INFO] [1789251620.899745468] [nav_goal_sender]: cycle 15 feedback: 0.9707103371620178
[INFO] [1789251620.909390419] [nav_goal_sender]: cycle 15 feedback: 0.9707103371620178
[INFO] [1789251620.922797990] [nav_goal_sender]: cycle 15 feedback: 0.9707103371620178
[INFO] [1789251620.931213334] [nav_goal_sender]: cycle 15 feedback: 0.9707103371620178
[INFO] [1789251620.941211887] [nav_goal_sender]: cycle 15 feedback: 0.9707103371620178
[INFO] [1789251620.949912533] [nav_goal_sender]: cycle 15 feedback: 0.9707103371620178
[INFO] [1789251620.959800085] [nav_goal_sender]: cycle 15 feedback: 0.9707103371620178
[INFO] [1789251620.969339036] [nav_goal_sender]: cycle 15 feedback: 0.9707103371620178
[INFO] [1789251620.979418589] [nav_goal_sender]: cycle 15 feedback: 0.9707103371620178
[INFO] [1789251620.989339442] [nav_goal_sender]: cycle 15 feedback: 0.9707103371620178
[INFO] [1789251621.000557401] [nav_goal_sender]: cycle 15 feedback: 0.9707103371620178
[INFO] [1789251621.009070946] [nav_goal_sender]: cycle 15 feedback: 0.9457101821899414
[INFO] [1789251621.019986604] [nav_goal_sender]: cycle 15 feedback: 0.9457101821899414
[INFO] [1789251621.032710771] [nav_goal_sender]: cycle 15 feedback: 0.9457101821899414
[INFO] [1789251621.040098210] [nav_goal_sender]: cycle 15 feedback: 0.9457101821899414
[INFO] [1789251621.051283969] [nav_goal_sender]: cycle 15 feedback: 0.9457101821899414
[INFO] [1789251621.059733114] [nav_goal_sender]: cycle 15 feedback: 0.9457101821899414
[INFO] [1789251621.070041869] [nav_goal_sender]: cycle 15 feedback: 0.9457101821899414
[INFO] [1789251621.080395123] [nav_goal_sender]: cycle 15 feedback: 0.9457101821899414
[INFO] [1789251621.089904574] [nav_goal_sender]: cycle 15 feedback: 0.9457101821899414
[INFO] [1789251621.099781826] [nav_goal_sender]: cycle 15 feedback: 0.9457101821899414
[INFO] [1789251621.109506277] [nav_goal_sender]: cycle 15 feedback: 0.9457101821899414
[INFO] [1789251621.119804532] [nav_goal_sender]: cycle 15 feedback: 0.9457101821899414
[INFO] [1789251621.130120086] [nav_goal_sender]: cycle 15 feedback: 0.9207102656364441
[INFO] [1789251621.140125439] [nav_goal_sender]: cycle 15 feedback: 0.9207102656364441
[INFO] [1789251621.149721990] [nav_goal_sender]: cycle 15 feedback: 0.9207102656364441
[INFO] [1789251621.159219240] [nav_goal_sender]: cycle 15 feedback: 0.9207102656364441
[INFO] [1789251621.169999297] [nav_goal_sender]: cycle 15 feedback: 0.9207102656364441
[INFO] [1789251621.180592753] [nav_goal_sender]: cycle 15 feedback: 0.9207102656364441
[INFO] [1789251621.189786802] [nav_goal_sender]: cycle 15 feedback: 0.9207102656364441
[INFO] [1789251621.199890355] [nav_goal_sender]: cycle 15 feedback: 0.9207102656364441
[INFO] [1789251621.209457406] [nav_goal_sender]: cycle 15 feedback: 0.9207102656364441
[INFO] [1789251621.220575765] [nav_goal_sender]: cycle 15 feedback: 0.9207102656364441
[INFO] [1789251621.229090510] [nav_goal_sender]: cycle 15 feedback: 1.1207104921340942
[INFO] [1789251621.239521665] [nav_goal_sender]: cycle 15 feedback: 1.1207104921340942
[INFO] [1789251621.249855820] [nav_goal_sender]: cycle 15 feedback: 1.3457109928131104
[INFO] [1789251621.259247670] [nav_goal_sender]: cycle 15 feedback: 1.3457109928131104
[INFO] [1789251621.269558024] [nav_goal_sender]: cycle 15 feedback: 1.570710301399231
[INFO] [1789251621.279427076] [nav_goal_sender]: cycle 15 feedback: 1.570710301399231
[INFO] [1789251621.289147428] [nav_goal_sender]: cycle 15 feedback: 1.7707109451293945
[INFO] [1789251621.299554483] [nav_goal_sender]: cycle 15 feedback: 1.7707109451293945
[INFO] [1789251621.310212939] [nav_goal_sender]: cycle 15 feedback: 1.9957107305526733
[INFO] [1789251621.320054491] [nav_goal_sender]: cycle 15 feedback: 1.9957107305526733
[INFO] [1789251621.329172839] [nav_goal_sender]: cycle 15 feedback: 2.220710515975952
[INFO] [1789251621.349186345] [nav_goal_sender]: cycle 15 goal FINISHED: status=6 (re-sending after 1s pause)
[INFO] [1789251622.353471658] [nav_goal_sender]: cycle 16: sending goal x=4.000 y=4.000 yaw=0.000
[INFO] [1789251622.355093067] [nav_goal_sender]: cycle 16 goal ACCEPTED: True
[INFO] [1789251622.356231773] [nav_goal_sender]: cycle 16 feedback: 0.0
[INFO] [1789251622.365256421] [nav_goal_sender]: cycle 16 feedback: 0.0
[INFO] [1789251622.376317979] [nav_goal_sender]: cycle 16 feedback: 5.794192314147949
[INFO] [1789251622.385595128] [nav_goal_sender]: cycle 16 feedback: 5.794192314147949
[INFO] [1789251622.395466780] [nav_goal_sender]: cycle 16 feedback: 5.794192314147949
[INFO] [1789251622.405291132] [nav_goal_sender]: cycle 16 feedback: 5.794192314147949
[INFO] [1789251622.415284185] [nav_goal_sender]: cycle 16 feedback: 5.794192314147949
[INFO] [1789251622.425267738] [nav_goal_sender]: cycle 16 feedback: 5.794192314147949
[INFO] [1789251622.435600293] [nav_goal_sender]: cycle 16 feedback: 5.794192314147949
[INFO] [1789251622.445450445] [nav_goal_sender]: cycle 16 feedback: 5.794192314147949
[INFO] [1789251622.455382497] [nav_goal_sender]: cycle 16 feedback: 5.794192314147949
[INFO] [1789251622.465331250] [nav_goal_sender]: cycle 16 feedback: 5.794192314147949
[INFO] [1789251622.475293903] [nav_goal_sender]: cycle 16 feedback: 5.794192314147949
[INFO] [1789251622.485469657] [nav_goal_sender]: cycle 16 feedback: 5.794192314147949
[INFO] [1789251622.495536710] [nav_goal_sender]: cycle 16 feedback: 5.794192314147949
[INFO] [1789251622.505542263] [nav_goal_sender]: cycle 16 feedback: 5.794192314147949
[INFO] [1789251622.515452615] [nav_goal_sender]: cycle 16 feedback: 5.794192314147949
[INFO] [1789251622.526116372] [nav_goal_sender]: cycle 16 feedback: 5.794192314147949
[INFO] [1789251622.536050024] [nav_goal_sender]: cycle 16 feedback: 5.794192314147949
[INFO] [1789251622.545454174] [nav_goal_sender]: cycle 16 feedback: 5.794192314147949
[INFO] [1789251622.555566827] [nav_goal_sender]: cycle 16 feedback: 5.794192314147949
[INFO] [1789251622.565267279] [nav_goal_sender]: cycle 16 feedback: 5.794192314147949
[INFO] [1789251622.575505533] [nav_goal_sender]: cycle 16 feedback: 5.794192314147949
[INFO] [1789251622.586303590] [nav_goal_sender]: cycle 16 feedback: 5.794192314147949
[INFO] [1789251622.595536339] [nav_goal_sender]: cycle 16 feedback: 5.794192314147949
[INFO] [1789251622.605410991] [nav_goal_sender]: cycle 16 feedback: 5.794192314147949
[INFO] [1789251622.615531945] [nav_goal_sender]: cycle 16 feedback: 5.794192314147949
[INFO] [1789251622.625601198] [nav_goal_sender]: cycle 16 feedback: 5.794192314147949
[INFO] [1789251622.635596851] [nav_goal_sender]: cycle 16 feedback: 5.794192314147949
[INFO] [1789251622.645357202] [nav_goal_sender]: cycle 16 feedback: 5.794192314147949
[INFO] [1789251622.655670457] [nav_goal_sender]: cycle 16 feedback: 5.794192314147949
[INFO] [1789251622.665615210] [nav_goal_sender]: cycle 16 feedback: 5.794192314147949
[INFO] [1789251622.675511962] [nav_goal_sender]: cycle 16 feedback: 5.794192314147949
[INFO] [1789251622.685720116] [nav_goal_sender]: cycle 16 feedback: 5.794192314147949
[INFO] [1789251622.695706769] [nav_goal_sender]: cycle 16 feedback: 5.794192314147949
[INFO] [1789251622.705362320] [nav_goal_sender]: cycle 16 feedback: 5.794192314147949
[INFO] [1789251622.715801075] [nav_goal_sender]: cycle 16 feedback: 5.794192314147949
[INFO] [1789251622.725823328] [nav_goal_sender]: cycle 16 feedback: 5.794192314147949
[INFO] [1789251622.735818881] [nav_goal_sender]: cycle 16 feedback: 5.794192314147949
[INFO] [1789251622.745903034] [nav_goal_sender]: cycle 16 feedback: 5.794192314147949
[INFO] [1789251622.755321384] [nav_goal_sender]: cycle 16 feedback: 5.794192314147949
[INFO] [1789251622.765557538] [nav_goal_sender]: cycle 16 feedback: 5.794192314147949
[INFO] [1789251622.775356490] [nav_goal_sender]: cycle 16 feedback: 5.794192314147949
[INFO] [1789251622.785777945] [nav_goal_sender]: cycle 16 feedback: 5.794192314147949
[INFO] [1789251622.795414996] [nav_goal_sender]: cycle 16 feedback: 5.794192314147949
[INFO] [1789251622.805288549] [nav_goal_sender]: cycle 16 feedback: 5.794192314147949
[INFO] [1789251622.815458802] [nav_goal_sender]: cycle 16 feedback: 5.794192314147949
[INFO] [1789251622.825325455] [nav_goal_sender]: cycle 16 feedback: 5.794192314147949
[INFO] [1789251622.835441308] [nav_goal_sender]: cycle 16 feedback: 5.794192314147949
[INFO] [1789251622.845503161] [nav_goal_sender]: cycle 16 feedback: 5.794192314147949
[INFO] [1789251622.855341913] [nav_goal_sender]: cycle 16 feedback: 5.794192314147949
[INFO] [1789251622.865480967] [nav_goal_sender]: cycle 16 feedback: 5.794192314147949
[INFO] [1789251622.875333119] [nav_goal_sender]: cycle 16 feedback: 5.794192314147949
[INFO] [1789251622.885841675] [nav_goal_sender]: cycle 16 feedback: 5.794192314147949
[INFO] [1789251622.895438025] [nav_goal_sender]: cycle 16 feedback: 5.794192314147949
[INFO] [1789251622.905298378] [nav_goal_sender]: cycle 16 feedback: 5.794192314147949
[INFO] [1789251622.915401831] [nav_goal_sender]: cycle 16 feedback: 5.794192314147949
[INFO] [1789251622.925997987] [nav_goal_sender]: cycle 16 feedback: 5.794192314147949
[INFO] [1789251622.935728339] [nav_goal_sender]: cycle 16 feedback: 5.794192314147949
[INFO] [1789251622.945523590] [nav_goal_sender]: cycle 16 feedback: 5.794192314147949
[INFO] [1789251622.955325342] [nav_goal_sender]: cycle 16 feedback: 5.794192314147949
[INFO] [1789251622.966011399] [nav_goal_sender]: cycle 16 feedback: 5.794192314147949
[INFO] [1789251622.976158652] [nav_goal_sender]: cycle 16 feedback: 5.794192314147949
[INFO] [1789251622.985546002] [nav_goal_sender]: cycle 16 feedback: 5.794192314147949
[INFO] [1789251622.995343254] [nav_goal_sender]: cycle 16 feedback: 5.794192314147949
[INFO] [1789251623.005343907] [nav_goal_sender]: cycle 16 feedback: 5.794192314147949
[INFO] [1789251623.015476861] [nav_goal_sender]: cycle 16 feedback: 5.794192314147949
[INFO] [1789251623.025644514] [nav_goal_sender]: cycle 16 feedback: 5.766421318054199
[INFO] [1789251623.035527667] [nav_goal_sender]: cycle 16 feedback: 5.766421318054199
[INFO] [1789251623.045427519] [nav_goal_sender]: cycle 16 feedback: 5.641420841217041
[INFO] [1789251623.055276971] [nav_goal_sender]: cycle 16 feedback: 5.641420841217041
[INFO] [1789251623.065443725] [nav_goal_sender]: cycle 16 feedback: 5.591421127319336
[INFO] [1789251623.075306577] [nav_goal_sender]: cycle 16 feedback: 5.591421127319336
[INFO] [1789251623.085706232] [nav_goal_sender]: cycle 16 feedback: 5.591421127319336
[INFO] [1789251623.105317436] [nav_goal_sender]: cycle 16 goal FINISHED: status=6 (re-sending after 1s pause)
[INFO] [1789251624.109096146] [nav_goal_sender]: cycle 17: sending goal x=4.000 y=4.000 yaw=0.000
[INFO] [1789251624.111016156] [nav_goal_sender]: cycle 17 goal ACCEPTED: True
[INFO] [1789251624.111785960] [nav_goal_sender]: cycle 17 feedback: 0.0
[INFO] [1789251624.121052409] [nav_goal_sender]: cycle 17 feedback: 0.0
[INFO] [1789251624.131875967] [nav_goal_sender]: cycle 17 feedback: 7.408115386962891
[INFO] [1789251624.141323817] [nav_goal_sender]: cycle 17 feedback: 7.408115386962891
[INFO] [1789251624.150946967] [nav_goal_sender]: cycle 17 feedback: 7.408115386962891
[INFO] [1789251624.161096321] [nav_goal_sender]: cycle 17 feedback: 7.408115386962891
[INFO] [1789251624.170987273] [nav_goal_sender]: cycle 17 feedback: 7.408115386962891
[INFO] [1789251624.181810231] [nav_goal_sender]: cycle 17 feedback: 7.408115386962891
[INFO] [1789251624.191918284] [nav_goal_sender]: cycle 17 feedback: 7.408115386962891
[INFO] [1789251624.201065333] [nav_goal_sender]: cycle 17 feedback: 7.408115386962891
[INFO] [1789251624.211206786] [nav_goal_sender]: cycle 17 feedback: 7.408115386962891
[INFO] [1789251624.221119639] [nav_goal_sender]: cycle 17 feedback: 7.408115386962891
[INFO] [1789251624.230973091] [nav_goal_sender]: cycle 17 feedback: 7.408115386962891
[INFO] [1789251624.241123044] [nav_goal_sender]: cycle 17 feedback: 7.408115386962891
[INFO] [1789251624.250930196] [nav_goal_sender]: cycle 17 feedback: 7.408115386962891
[INFO] [1789251624.261011450] [nav_goal_sender]: cycle 17 feedback: 7.408115386962891
[INFO] [1789251624.271035203] [nav_goal_sender]: cycle 17 feedback: 7.408115386962891
[INFO] [1789251624.280924955] [nav_goal_sender]: cycle 17 feedback: 7.408115386962891
[INFO] [1789251624.291252010] [nav_goal_sender]: cycle 17 feedback: 7.408115386962891
[INFO] [1789251624.300993161] [nav_goal_sender]: cycle 17 feedback: 7.408115386962891
[INFO] [1789251624.311076315] [nav_goal_sender]: cycle 17 feedback: 7.408115386962891
[INFO] [1789251624.320979167] [nav_goal_sender]: cycle 17 feedback: 7.408115386962891
[INFO] [1789251624.331052520] [nav_goal_sender]: cycle 17 feedback: 7.408115386962891
[INFO] [1789251624.341171574] [nav_goal_sender]: cycle 17 feedback: 7.408115386962891
[INFO] [1789251624.351016426] [nav_goal_sender]: cycle 17 feedback: 7.408115386962891
[INFO] [1789251624.361576782] [nav_goal_sender]: cycle 17 feedback: 7.408115386962891
[INFO] [1789251624.371174032] [nav_goal_sender]: cycle 17 feedback: 7.408115386962891
[INFO] [1789251624.381032985] [nav_goal_sender]: cycle 17 feedback: 7.408115386962891
[INFO] [1789251624.391713541] [nav_goal_sender]: cycle 17 feedback: 7.408115386962891
[INFO] [1789251624.401721994] [nav_goal_sender]: cycle 17 feedback: 7.408115386962891
[INFO] [1789251624.411052643] [nav_goal_sender]: cycle 17 feedback: 7.408115386962891
[INFO] [1789251624.421644699] [nav_goal_sender]: cycle 17 feedback: 7.408115386962891
[INFO] [1789251624.431510752] [nav_goal_sender]: cycle 17 feedback: 7.408115386962891
[INFO] [1789251624.441387304] [nav_goal_sender]: cycle 17 feedback: 7.408115386962891
[INFO] [1789251624.450922354] [nav_goal_sender]: cycle 17 feedback: 7.408115386962891
[INFO] [1789251624.461496310] [nav_goal_sender]: cycle 17 feedback: 7.408115386962891
[INFO] [1789251624.470925160] [nav_goal_sender]: cycle 17 feedback: 7.408115386962891
[INFO] [1789251624.481235515] [nav_goal_sender]: cycle 17 feedback: 7.408115386962891
[INFO] [1789251624.491746870] [nav_goal_sender]: cycle 17 feedback: 7.408115386962891
[INFO] [1789251624.501279121] [nav_goal_sender]: cycle 17 feedback: 7.408115386962891
[INFO] [1789251624.511127273] [nav_goal_sender]: cycle 17 feedback: 7.408115386962891
[INFO] [1789251624.521163426] [nav_goal_sender]: cycle 17 feedback: 7.408115386962891
[INFO] [1789251624.531122979] [nav_goal_sender]: cycle 17 feedback: 7.408115386962891
[INFO] [1789251624.541218332] [nav_goal_sender]: cycle 17 feedback: 7.408115386962891
[INFO] [1789251624.551037284] [nav_goal_sender]: cycle 17 feedback: 7.408115386962891
[INFO] [1789251624.561364239] [nav_goal_sender]: cycle 17 feedback: 7.408115386962891
[INFO] [1789251624.570998290] [nav_goal_sender]: cycle 17 feedback: 7.408115386962891
[INFO] [1789251624.581026443] [nav_goal_sender]: cycle 17 feedback: 7.408115386962891
[INFO] [1789251624.591931100] [nav_goal_sender]: cycle 17 feedback: 7.408115386962891
[INFO] [1789251624.601403450] [nav_goal_sender]: cycle 17 feedback: 7.408115386962891
[INFO] [1789251624.611295603] [nav_goal_sender]: cycle 17 feedback: 7.408115386962891
[INFO] [1789251624.621332056] [nav_goal_sender]: cycle 17 feedback: 7.408115386962891
[INFO] [1789251624.631205608] [nav_goal_sender]: cycle 17 feedback: 7.408115386962891
[INFO] [1789251624.642088766] [nav_goal_sender]: cycle 17 feedback: 7.408115386962891
[INFO] [1789251624.651362615] [nav_goal_sender]: cycle 17 feedback: 7.408115386962891
[INFO] [1789251624.661187667] [nav_goal_sender]: cycle 17 feedback: 7.408115386962891
[INFO] [1789251624.670916118] [nav_goal_sender]: cycle 17 feedback: 7.408115386962891
[INFO] [1789251624.681200073] [nav_goal_sender]: cycle 17 feedback: 7.408115386962891
[INFO] [1789251624.691597128] [nav_goal_sender]: cycle 17 feedback: 7.408115386962891
[INFO] [1789251624.701614881] [nav_goal_sender]: cycle 17 feedback: 7.408115386962891
[INFO] [1789251624.711295832] [nav_goal_sender]: cycle 17 feedback: 7.408115386962891
[INFO] [1789251624.721232184] [nav_goal_sender]: cycle 17 feedback: 7.408115386962891
[INFO] [1789251624.731757940] [nav_goal_sender]: cycle 17 feedback: 7.408115386962891
[INFO] [1789251624.741408091] [nav_goal_sender]: cycle 17 feedback: 7.408115386962891
[INFO] [1789251624.750988742] [nav_goal_sender]: cycle 17 feedback: 7.408115386962891
[INFO] [1789251624.761383397] [nav_goal_sender]: cycle 17 feedback: 7.408115386962891
[INFO] [1789251624.771565751] [nav_goal_sender]: cycle 17 feedback: 7.408115386962891
[INFO] [1789251624.781656404] [nav_goal_sender]: cycle 17 feedback: 7.408115386962891
[INFO] [1789251624.791089954] [nav_goal_sender]: cycle 17 feedback: 7.408115386962891
[INFO] [1789251624.801396408] [nav_goal_sender]: cycle 17 feedback: 7.408115386962891
[INFO] [1789251624.811505062] [nav_goal_sender]: cycle 17 feedback: 7.408115386962891
[INFO] [1789251624.820981012] [nav_goal_sender]: cycle 17 feedback: 7.408115386962891
[INFO] [1789251624.831489168] [nav_goal_sender]: cycle 17 feedback: 7.408115386962891
[INFO] [1789251624.841100619] [nav_goal_sender]: cycle 17 feedback: 7.408115386962891
[INFO] [1789251624.850947971] [nav_goal_sender]: cycle 17 feedback: 7.408115386962891
[INFO] [1789251624.861358926] [nav_goal_sender]: cycle 17 feedback: 7.408115386962891
[INFO] [1789251624.871081477] [nav_goal_sender]: cycle 17 feedback: 7.408115386962891
[INFO] [1789251624.881163030] [nav_goal_sender]: cycle 17 feedback: 7.408115386962891
[INFO] [1789251624.891169683] [nav_goal_sender]: cycle 17 feedback: 7.408115386962891
[INFO] [1789251624.900992635] [nav_goal_sender]: cycle 17 feedback: 7.408115386962891
[INFO] [1789251624.911018688] [nav_goal_sender]: cycle 17 feedback: 7.408115386962891
[INFO] [1789251624.921061242] [nav_goal_sender]: cycle 17 feedback: 7.408115386962891
[INFO] [1789251624.931041494] [nav_goal_sender]: cycle 17 feedback: 7.408115386962891
[INFO] [1789251624.941229448] [nav_goal_sender]: cycle 17 feedback: 7.408115386962891
[INFO] [1789251624.951001800] [nav_goal_sender]: cycle 17 feedback: 7.408115386962891
[INFO] [1789251624.961111553] [nav_goal_sender]: cycle 17 feedback: 7.408115386962891
[INFO] [1789251624.970971506] [nav_goal_sender]: cycle 17 feedback: 7.408115386962891
[INFO] [1789251624.981067459] [nav_goal_sender]: cycle 17 feedback: 7.408115386962891
[INFO] [1789251624.991116312] [nav_goal_sender]: cycle 17 feedback: 7.408115386962891
[INFO] [1789251625.001103365] [nav_goal_sender]: cycle 17 feedback: 7.408115386962891
[INFO] [1789251625.011133618] [nav_goal_sender]: cycle 17 feedback: 7.408115386962891
[INFO] [1789251625.020985670] [nav_goal_sender]: cycle 17 feedback: 7.408115386962891
[INFO] [1789251625.031109924] [nav_goal_sender]: cycle 17 feedback: 7.408115386962891
[INFO] [1789251625.041143077] [nav_goal_sender]: cycle 17 feedback: 7.408115386962891
[INFO] [1789251625.050937529] [nav_goal_sender]: cycle 17 feedback: 7.408115386962891
[INFO] [1789251625.061155483] [nav_goal_sender]: cycle 17 feedback: 7.408115386962891
[INFO] [1789251625.070933434] [nav_goal_sender]: cycle 17 feedback: 7.408115386962891
[INFO] [1789251625.081216589] [nav_goal_sender]: cycle 17 feedback: 7.408115386962891
[INFO] [1789251625.091216242] [nav_goal_sender]: cycle 17 feedback: 7.408115386962891
[INFO] [1789251625.101099294] [nav_goal_sender]: cycle 17 feedback: 7.408115386962891
[INFO] [1789251625.111120447] [nav_goal_sender]: cycle 17 feedback: 7.408115386962891
[INFO] [1789251625.121062200] [nav_goal_sender]: cycle 17 feedback: 7.408115386962891
[INFO] [1789251625.131040052] [nav_goal_sender]: cycle 17 feedback: 7.408115386962891
[INFO] [1789251625.141650408] [nav_goal_sender]: cycle 17 feedback: 7.408115386962891
[INFO] [1789251625.151010258] [nav_goal_sender]: cycle 17 feedback: 7.408115386962891
[INFO] [1789251625.161708015] [nav_goal_sender]: cycle 17 feedback: 7.611602306365967
[INFO] [1789251625.170988564] [nav_goal_sender]: cycle 17 feedback: 7.611602306365967
[INFO] [1789251625.180994917] [nav_goal_sender]: cycle 17 feedback: 7.611602306365967
[INFO] [1789251625.191196171] [nav_goal_sender]: cycle 17 feedback: 7.611602306365967
[INFO] [1789251625.201730226] [nav_goal_sender]: cycle 17 feedback: 7.611602306365967
[INFO] [1789251625.211189576] [nav_goal_sender]: cycle 17 feedback: 7.611602306365967
[INFO] [1789251625.221069329] [nav_goal_sender]: cycle 17 feedback: 7.611602306365967
[INFO] [1789251625.231015981] [nav_goal_sender]: cycle 17 feedback: 7.611602306365967
[INFO] [1789251625.241270336] [nav_goal_sender]: cycle 17 feedback: 7.611602306365967
[INFO] [1789251625.250997687] [nav_goal_sender]: cycle 17 feedback: 7.611602306365967
[INFO] [1789251625.261100240] [nav_goal_sender]: cycle 17 feedback: 7.611602306365967
[INFO] [1789251625.271097093] [nav_goal_sender]: cycle 17 feedback: 7.611602306365967
[INFO] [1789251625.281101746] [nav_goal_sender]: cycle 17 feedback: 7.611602306365967
[INFO] [1789251625.292092004] [nav_goal_sender]: cycle 17 feedback: 7.611602306365967
[INFO] [1789251625.301723255] [nav_goal_sender]: cycle 17 feedback: 7.611602306365967
[INFO] [1789251625.311470807] [nav_goal_sender]: cycle 17 feedback: 7.611602306365967
[INFO] [1789251625.322633366] [nav_goal_sender]: cycle 17 feedback: 7.611602306365967
[INFO] [1789251625.331212811] [nav_goal_sender]: cycle 17 feedback: 7.611602306365967
[INFO] [1789251625.341257464] [nav_goal_sender]: cycle 17 feedback: 7.611602306365967
[INFO] [1789251625.350976316] [nav_goal_sender]: cycle 17 feedback: 7.611602306365967
[INFO] [1789251625.361257770] [nav_goal_sender]: cycle 17 feedback: 7.611602306365967
[INFO] [1789251625.370966822] [nav_goal_sender]: cycle 17 feedback: 7.611602306365967
[INFO] [1789251625.381182576] [nav_goal_sender]: cycle 17 feedback: 7.611602306365967
[INFO] [1789251625.391697331] [nav_goal_sender]: cycle 17 feedback: 7.611602306365967
[INFO] [1789251625.401084881] [nav_goal_sender]: cycle 17 feedback: 7.611602306365967
[INFO] [1789251625.411371935] [nav_goal_sender]: cycle 17 feedback: 7.611602306365967
[INFO] [1789251625.421215287] [nav_goal_sender]: cycle 17 feedback: 7.611602306365967
[INFO] [1789251625.431114040] [nav_goal_sender]: cycle 17 feedback: 7.611602306365967
[INFO] [1789251625.441187693] [nav_goal_sender]: cycle 17 feedback: 7.611602306365967
[INFO] [1789251625.451298447] [nav_goal_sender]: cycle 17 feedback: 7.611602306365967
[INFO] [1789251625.461292299] [nav_goal_sender]: cycle 17 feedback: 7.611602306365967
[INFO] [1789251625.471132752] [nav_goal_sender]: cycle 17 feedback: 7.611602306365967
[INFO] [1789251625.481267005] [nav_goal_sender]: cycle 17 feedback: 7.611602306365967
[INFO] [1789251625.491856661] [nav_goal_sender]: cycle 17 feedback: 7.611602306365967
[INFO] [1789251625.501356811] [nav_goal_sender]: cycle 17 feedback: 7.611602306365967
[INFO] [1789251625.511481965] [nav_goal_sender]: cycle 17 feedback: 7.611602306365967
[INFO] [1789251625.521249617] [nav_goal_sender]: cycle 17 feedback: 7.611602306365967
[INFO] [1789251625.531245470] [nav_goal_sender]: cycle 17 feedback: 7.611602306365967
[INFO] [1789251625.541498124] [nav_goal_sender]: cycle 17 feedback: 7.611602306365967
[INFO] [1789251625.551014974] [nav_goal_sender]: cycle 17 feedback: 7.611602306365967
[INFO] [1789251625.561674731] [nav_goal_sender]: cycle 17 feedback: 7.611602306365967
[INFO] [1789251625.570999080] [nav_goal_sender]: cycle 17 feedback: 7.611602306365967
[INFO] [1789251625.581582936] [nav_goal_sender]: cycle 17 feedback: 7.611602306365967
[INFO] [1789251625.591182987] [nav_goal_sender]: cycle 17 feedback: 7.611602306365967
[INFO] [1789251625.601639042] [nav_goal_sender]: cycle 17 feedback: 7.611602306365967
[INFO] [1789251625.611576394] [nav_goal_sender]: cycle 17 feedback: 7.611602306365967
[INFO] [1789251625.621469947] [nav_goal_sender]: cycle 17 feedback: 7.611602306365967
[INFO] [1789251625.631417099] [nav_goal_sender]: cycle 17 feedback: 7.611602306365967
[INFO] [1789251625.641486353] [nav_goal_sender]: cycle 17 feedback: 7.611602306365967
[INFO] [1789251625.651080803] [nav_goal_sender]: cycle 17 feedback: 7.611602306365967
[INFO] [1789251625.661228757] [nav_goal_sender]: cycle 17 feedback: 7.611602306365967
[INFO] [1789251625.671463011] [nav_goal_sender]: cycle 17 feedback: 7.611602306365967
[INFO] [1789251625.681223963] [nav_goal_sender]: cycle 17 feedback: 7.611602306365967
[INFO] [1789251625.691924120] [nav_goal_sender]: cycle 17 feedback: 7.611602306365967
[INFO] [1789251625.701136068] [nav_goal_sender]: cycle 17 feedback: 7.611602306365967
[INFO] [1789251625.711079921] [nav_goal_sender]: cycle 17 feedback: 7.611602306365967
[INFO] [1789251625.721426276] [nav_goal_sender]: cycle 17 feedback: 7.611602306365967
[INFO] [1789251625.731139727] [nav_goal_sender]: cycle 17 feedback: 7.611602306365967
[INFO] [1789251625.741676683] [nav_goal_sender]: cycle 17 feedback: 7.611602306365967
[INFO] [1789251625.751093633] [nav_goal_sender]: cycle 17 feedback: 7.611602306365967
[INFO] [1789251625.761158086] [nav_goal_sender]: cycle 17 feedback: 7.611602306365967
[INFO] [1789251625.771074438] [nav_goal_sender]: cycle 17 feedback: 7.611602306365967
[INFO] [1789251625.781161992] [nav_goal_sender]: cycle 17 feedback: 7.611602306365967
[INFO] [1789251625.791486746] [nav_goal_sender]: cycle 17 feedback: 7.611602306365967
[INFO] [1789251625.801158597] [nav_goal_sender]: cycle 17 feedback: 7.611602306365967
[INFO] [1789251625.811150650] [nav_goal_sender]: cycle 17 feedback: 7.611602306365967
[INFO] [1789251625.821119303] [nav_goal_sender]: cycle 17 feedback: 7.611602306365967
[INFO] [1789251625.831252057] [nav_goal_sender]: cycle 17 feedback: 7.611602306365967
[INFO] [1789251625.841510911] [nav_goal_sender]: cycle 17 feedback: 7.611602306365967
[INFO] [1789251625.850936461] [nav_goal_sender]: cycle 17 feedback: 7.611602306365967
[INFO] [1789251625.861715218] [nav_goal_sender]: cycle 17 feedback: 7.611602306365967
[INFO] [1789251625.870969767] [nav_goal_sender]: cycle 17 feedback: 7.611602306365967
[INFO] [1789251625.881140921] [nav_goal_sender]: cycle 17 feedback: 7.611602306365967
[INFO] [1789251625.891134273] [nav_goal_sender]: cycle 17 feedback: 7.611602306365967
[INFO] [1789251625.901187027] [nav_goal_sender]: cycle 17 feedback: 7.611602306365967
[INFO] [1789251625.911091979] [nav_goal_sender]: cycle 17 feedback: 7.611602306365967
[INFO] [1789251625.921018432] [nav_goal_sender]: cycle 17 feedback: 7.611602306365967
[INFO] [1789251625.931029484] [nav_goal_sender]: cycle 17 feedback: 7.611602306365967
[INFO] [1789251625.941233338] [nav_goal_sender]: cycle 17 feedback: 7.611602306365967
[INFO] [1789251625.951207691] [nav_goal_sender]: cycle 17 feedback: 7.611602306365967
[INFO] [1789251625.961193644] [nav_goal_sender]: cycle 17 feedback: 7.611602306365967
[INFO] [1789251625.971861400] [nav_goal_sender]: cycle 17 feedback: 7.611602306365967
[INFO] [1789251625.981025049] [nav_goal_sender]: cycle 17 feedback: 7.611602306365967
[INFO] [1789251625.991247703] [nav_goal_sender]: cycle 17 feedback: 7.611602306365967
[INFO] [1789251626.001087655] [nav_goal_sender]: cycle 17 feedback: 7.611602306365967
[INFO] [1789251626.010941507] [nav_goal_sender]: cycle 17 feedback: 7.611602306365967
[INFO] [1789251626.020908460] [nav_goal_sender]: cycle 17 feedback: 7.611602306365967
[INFO] [1789251626.030938813] [nav_goal_sender]: cycle 17 feedback: 7.611602306365967
[INFO] [1789251626.041176267] [nav_goal_sender]: cycle 17 feedback: 7.611602306365967
[INFO] [1789251626.050990519] [nav_goal_sender]: cycle 17 feedback: 7.611602306365967
[INFO] [1789251626.061456974] [nav_goal_sender]: cycle 17 feedback: 7.611602306365967
[INFO] [1789251626.071107826] [nav_goal_sender]: cycle 17 feedback: 7.611602306365967
[INFO] [1789251626.080967278] [nav_goal_sender]: cycle 17 feedback: 7.611602306365967
[INFO] [1789251626.091226932] [nav_goal_sender]: cycle 17 feedback: 7.611602306365967
[INFO] [1789251626.101640687] [nav_goal_sender]: cycle 17 feedback: 7.611602306365967
[INFO] [1789251626.111029437] [nav_goal_sender]: cycle 17 feedback: 7.611602306365967
[INFO] [1789251626.120947189] [nav_goal_sender]: cycle 17 feedback: 7.611602306365967
[INFO] [1789251626.131066543] [nav_goal_sender]: cycle 17 feedback: 7.611602306365967
[INFO] [1789251626.141203896] [nav_goal_sender]: cycle 17 feedback: 7.611602306365967
[INFO] [1789251626.151013048] [nav_goal_sender]: cycle 17 feedback: 7.611602306365967
[INFO] [1789251626.161097302] [nav_goal_sender]: cycle 17 feedback: 7.611602306365967
[INFO] [1789251626.171421956] [nav_goal_sender]: cycle 17 feedback: 7.611602306365967
[INFO] [1789251626.181312309] [nav_goal_sender]: cycle 17 feedback: 7.611602306365967
[INFO] [1789251626.192143766] [nav_goal_sender]: cycle 17 feedback: 0.0
[INFO] [1789251626.201352715] [nav_goal_sender]: cycle 17 feedback: 0.0
[INFO] [1789251626.211190767] [nav_goal_sender]: cycle 17 feedback: 0.0
[INFO] [1789251626.221055119] [nav_goal_sender]: cycle 17 feedback: 0.0
[INFO] [1789251626.231127872] [nav_goal_sender]: cycle 17 feedback: 0.0
[INFO] [1789251626.263266542] [nav_goal_sender]: cycle 17 feedback: 0.0
[INFO] [1789251626.264097546] [nav_goal_sender]: cycle 17 feedback: 0.0
[INFO] [1789251626.274050099] [nav_goal_sender]: cycle 17 feedback: 0.0
[INFO] [1789251626.284445954] [nav_goal_sender]: cycle 17 feedback: 0.0
[INFO] [1789251626.294940510] [nav_goal_sender]: cycle 17 feedback: 0.0
[INFO] [1789251626.305337865] [nav_goal_sender]: cycle 17 feedback: 0.0
[INFO] [1789251626.316475324] [nav_goal_sender]: cycle 17 feedback: 0.0
[INFO] [1789251626.327070380] [nav_goal_sender]: cycle 17 feedback: 0.0
[INFO] [1789251626.338891042] [nav_goal_sender]: cycle 17 feedback: 0.0
[INFO] [1789251626.347763189] [nav_goal_sender]: cycle 17 feedback: 0.0
[INFO] [1789251626.358345145] [nav_goal_sender]: cycle 17 feedback: 0.0
[INFO] [1789251626.369007801] [nav_goal_sender]: cycle 17 feedback: 0.0
[INFO] [1789251626.379355956] [nav_goal_sender]: cycle 17 feedback: 0.0
[INFO] [1789251626.389686611] [nav_goal_sender]: cycle 17 feedback: 0.0
[INFO] [1789251626.400454868] [nav_goal_sender]: cycle 17 feedback: 0.0
[INFO] [1789251626.410921823] [nav_goal_sender]: cycle 17 feedback: 0.0
[INFO] [1789251626.421125577] [nav_goal_sender]: cycle 17 feedback: 0.0
[INFO] [1789251626.431764533] [nav_goal_sender]: cycle 17 feedback: 0.0
[INFO] [1789251626.441998888] [nav_goal_sender]: cycle 17 feedback: 0.0
[INFO] [1789251626.452564343] [nav_goal_sender]: cycle 17 feedback: 0.0
[INFO] [1789251626.463384601] [nav_goal_sender]: cycle 17 feedback: 0.0
[INFO] [1789251626.473730755] [nav_goal_sender]: cycle 17 feedback: 0.0
[INFO] [1789251626.484044610] [nav_goal_sender]: cycle 17 feedback: 0.0
[INFO] [1789251626.493997763] [nav_goal_sender]: cycle 17 feedback: 0.0
[INFO] [1789251626.503835815] [nav_goal_sender]: cycle 17 feedback: 0.0
[INFO] [1789251626.513756467] [nav_goal_sender]: cycle 17 feedback: 0.0
[INFO] [1789251626.524868426] [nav_goal_sender]: cycle 17 feedback: 0.0
[INFO] [1789251626.534049475] [nav_goal_sender]: cycle 17 feedback: 0.0
[INFO] [1789251626.544188128] [nav_goal_sender]: cycle 17 feedback: 0.0
[INFO] [1789251626.553630678] [nav_goal_sender]: cycle 17 feedback: 0.0
[INFO] [1789251626.563653231] [nav_goal_sender]: cycle 17 feedback: 0.0
[INFO] [1789251626.573712684] [nav_goal_sender]: cycle 17 feedback: 0.0
[INFO] [1789251626.583637937] [nav_goal_sender]: cycle 17 feedback: 0.0
[INFO] [1789251626.594238793] [nav_goal_sender]: cycle 17 feedback: 0.0
[INFO] [1789251626.604050545] [nav_goal_sender]: cycle 17 feedback: 0.0
[INFO] [1789251626.613762696] [nav_goal_sender]: cycle 17 feedback: 0.0
[INFO] [1789251626.626027161] [nav_goal_sender]: cycle 17 feedback: 0.0
[INFO] [1789251626.633610901] [nav_goal_sender]: cycle 17 feedback: 0.0
[INFO] [1789251626.643884956] [nav_goal_sender]: cycle 17 feedback: 0.0
[INFO] [1789251626.654124510] [nav_goal_sender]: cycle 17 feedback: 0.0
[INFO] [1789251626.663558960] [nav_goal_sender]: cycle 17 feedback: 0.0
[INFO] [1789251626.673797214] [nav_goal_sender]: cycle 17 feedback: 0.0
[INFO] [1789251626.683440265] [nav_goal_sender]: cycle 17 feedback: 0.0
[INFO] [1789251626.696292533] [nav_goal_sender]: cycle 17 feedback: 0.0
[INFO] [1789251626.703777172] [nav_goal_sender]: cycle 17 feedback: 0.0
[INFO] [1789251626.713485724] [nav_goal_sender]: cycle 17 feedback: 0.0
[INFO] [1789251626.723827179] [nav_goal_sender]: cycle 17 feedback: 0.0
[INFO] [1789251626.734019132] [nav_goal_sender]: cycle 17 feedback: 0.0
[INFO] [1789251626.743860484] [nav_goal_sender]: cycle 17 feedback: 0.0
[INFO] [1789251626.754309740] [nav_goal_sender]: cycle 17 feedback: 0.0
[INFO] [1789251626.763976991] [nav_goal_sender]: cycle 17 feedback: 0.0
[INFO] [1789251626.774416046] [nav_goal_sender]: cycle 17 feedback: 0.0
[INFO] [1789251626.783829396] [nav_goal_sender]: cycle 17 feedback: 0.0
[INFO] [1789251626.793718648] [nav_goal_sender]: cycle 17 feedback: 0.0
[INFO] [1789251626.803634601] [nav_goal_sender]: cycle 17 feedback: 0.0
[INFO] [1789251626.813589953] [nav_goal_sender]: cycle 17 feedback: 0.0
[INFO] [1789251626.823819207] [nav_goal_sender]: cycle 17 feedback: 0.0
[INFO] [1789251626.833478459] [nav_goal_sender]: cycle 17 feedback: 0.0
[INFO] [1789251626.843500512] [nav_goal_sender]: cycle 17 feedback: 0.0
[INFO] [1789251626.853585865] [nav_goal_sender]: cycle 17 feedback: 0.0
[INFO] [1789251626.863810219] [nav_goal_sender]: cycle 17 feedback: 0.0
[INFO] [1789251626.873674671] [nav_goal_sender]: cycle 17 feedback: 0.0
[INFO] [1789251626.883751525] [nav_goal_sender]: cycle 17 feedback: 0.0
[INFO] [1789251626.896275691] [nav_goal_sender]: cycle 17 feedback: 0.0
[INFO] [1789251626.904137632] [nav_goal_sender]: cycle 17 feedback: 0.0
[INFO] [1789251626.914226386] [nav_goal_sender]: cycle 17 feedback: 0.0
[INFO] [1789251626.924197439] [nav_goal_sender]: cycle 17 feedback: 0.0
[INFO] [1789251626.934130091] [nav_goal_sender]: cycle 17 feedback: 0.0
[INFO] [1789251626.943796342] [nav_goal_sender]: cycle 17 feedback: 0.0
[INFO] [1789251626.953982896] [nav_goal_sender]: cycle 17 feedback: 0.0
[INFO] [1789251626.963941749] [nav_goal_sender]: cycle 17 feedback: 0.0
[INFO] [1789251626.974317204] [nav_goal_sender]: cycle 17 feedback: 0.0
[INFO] [1789251626.983671453] [nav_goal_sender]: cycle 17 feedback: 0.0
[INFO] [1789251626.993973008] [nav_goal_sender]: cycle 17 feedback: 0.0
[INFO] [1789251627.003925960] [nav_goal_sender]: cycle 17 feedback: 0.0
[INFO] [1789251627.015726523] [nav_goal_sender]: cycle 17 feedback: 0.0
[INFO] [1789251627.025087272] [nav_goal_sender]: cycle 17 feedback: 0.0
[INFO] [1789251627.033996019] [nav_goal_sender]: cycle 17 feedback: 0.0
[INFO] [1789251627.043754871] [nav_goal_sender]: cycle 17 feedback: 0.0
[INFO] [1789251627.054135226] [nav_goal_sender]: cycle 17 feedback: 0.0
[INFO] [1789251627.064619881] [nav_goal_sender]: cycle 17 feedback: 0.0
[INFO] [1789251627.074287633] [nav_goal_sender]: cycle 17 feedback: 0.0
[INFO] [1789251627.085023789] [nav_goal_sender]: cycle 17 feedback: 0.0
[INFO] [1789251627.096124948] [nav_goal_sender]: cycle 17 feedback: 0.0
[INFO] [1789251627.104615493] [nav_goal_sender]: cycle 17 feedback: 0.0
[INFO] [1789251627.114374345] [nav_goal_sender]: cycle 17 feedback: 0.0
[INFO] [1789251627.123933995] [nav_goal_sender]: cycle 17 feedback: 0.0
[INFO] [1789251627.133649147] [nav_goal_sender]: cycle 17 feedback: 0.0
[INFO] [1789251627.143617699] [nav_goal_sender]: cycle 17 feedback: 0.0
[INFO] [1789251627.153854853] [nav_goal_sender]: cycle 17 feedback: 0.0
[INFO] [1789251627.165193713] [nav_goal_sender]: cycle 17 feedback: 0.0
[INFO] [1789251627.176395873] [nav_goal_sender]: cycle 17 feedback: 0.0
[INFO] [1789251627.185715522] [nav_goal_sender]: cycle 17 feedback: 0.0
[INFO] [1789251627.194111366] [nav_goal_sender]: cycle 17 feedback: 0.0
[INFO] [1789251627.203779618] [nav_goal_sender]: cycle 17 feedback: 0.0
[INFO] [1789251627.214124072] [nav_goal_sender]: cycle 17 feedback: 0.0
[INFO] [1789251627.224027725] [nav_goal_sender]: cycle 17 feedback: 0.0
[INFO] [1789251627.235525085] [nav_goal_sender]: cycle 17 feedback: 0.0
[INFO] [1789251627.243945830] [nav_goal_sender]: cycle 17 feedback: 0.0
[INFO] [1789251627.253916583] [nav_goal_sender]: cycle 17 feedback: 0.0
[INFO] [1789251627.263684334] [nav_goal_sender]: cycle 17 feedback: 0.0
[INFO] [1789251627.274166290] [nav_goal_sender]: cycle 17 feedback: 0.0
[INFO] [1789251627.283874041] [nav_goal_sender]: cycle 17 feedback: 0.0
[INFO] [1789251627.293543592] [nav_goal_sender]: cycle 17 feedback: 0.0
[INFO] [1789251627.303878947] [nav_goal_sender]: cycle 17 feedback: 0.0
[INFO] [1789251627.313820900] [nav_goal_sender]: cycle 17 feedback: 0.0
[INFO] [1789251627.323865553] [nav_goal_sender]: cycle 17 feedback: 0.0
[INFO] [1789251627.334068407] [nav_goal_sender]: cycle 17 feedback: 0.0
[INFO] [1789251627.344090160] [nav_goal_sender]: cycle 17 feedback: 0.0
[INFO] [1789251627.353871012] [nav_goal_sender]: cycle 17 feedback: 0.0
[INFO] [1789251627.363858564] [nav_goal_sender]: cycle 17 feedback: 0.0
[INFO] [1789251627.374196419] [nav_goal_sender]: cycle 17 feedback: 0.0
[INFO] [1789251627.383927171] [nav_goal_sender]: cycle 17 feedback: 0.0
[INFO] [1789251627.393560222] [nav_goal_sender]: cycle 17 feedback: 0.0
[INFO] [1789251627.405796686] [nav_goal_sender]: cycle 17 feedback: 0.0
[INFO] [1789251627.414975135] [nav_goal_sender]: cycle 17 feedback: 0.0
[INFO] [1789251627.424071583] [nav_goal_sender]: cycle 17 feedback: 0.0
[INFO] [1789251627.434149336] [nav_goal_sender]: cycle 17 feedback: 0.0
[INFO] [1789251627.444287990] [nav_goal_sender]: cycle 17 feedback: 0.0
[INFO] [1789251627.454850046] [nav_goal_sender]: cycle 17 feedback: 0.0
[INFO] [1789251627.464139795] [nav_goal_sender]: cycle 17 feedback: 0.0
[INFO] [1789251627.474221148] [nav_goal_sender]: cycle 17 feedback: 0.0
[INFO] [1789251627.484456802] [nav_goal_sender]: cycle 17 feedback: 0.0
[INFO] [1789251627.493876852] [nav_goal_sender]: cycle 17 feedback: 0.0
[INFO] [1789251627.503833105] [nav_goal_sender]: cycle 17 feedback: 0.0
[INFO] [1789251627.513664557] [nav_goal_sender]: cycle 17 feedback: 0.0
[INFO] [1789251627.523932011] [nav_goal_sender]: cycle 17 feedback: 0.0
[INFO] [1789251627.534307266] [nav_goal_sender]: cycle 17 feedback: 0.0
[INFO] [1789251627.543979617] [nav_goal_sender]: cycle 17 feedback: 0.0
[INFO] [1789251627.554087771] [nav_goal_sender]: cycle 17 feedback: 0.0
[INFO] [1789251627.563828222] [nav_goal_sender]: cycle 17 feedback: 0.0
[INFO] [1789251627.574610579] [nav_goal_sender]: cycle 17 feedback: 0.0
[INFO] [1789251627.583829728] [nav_goal_sender]: cycle 17 feedback: 0.0
[INFO] [1789251627.593814381] [nav_goal_sender]: cycle 17 feedback: 0.0
[INFO] [1789251627.604296536] [nav_goal_sender]: cycle 17 feedback: 0.0
[INFO] [1789251627.613804987] [nav_goal_sender]: cycle 17 feedback: 0.0
[INFO] [1789251627.623961540] [nav_goal_sender]: cycle 17 feedback: 0.0
[INFO] [1789251627.633911593] [nav_goal_sender]: cycle 17 feedback: 0.0
[INFO] [1789251627.643459444] [nav_goal_sender]: cycle 17 feedback: 0.0
[INFO] [1789251627.654633703] [nav_goal_sender]: cycle 17 feedback: 0.0
[INFO] [1789251627.663813051] [nav_goal_sender]: cycle 17 feedback: 0.0
[INFO] [1789251627.673910305] [nav_goal_sender]: cycle 17 feedback: 0.0
[INFO] [1789251627.683997058] [nav_goal_sender]: cycle 17 feedback: 0.0
[INFO] [1789251627.693583209] [nav_goal_sender]: cycle 17 feedback: 0.0
[INFO] [1789251627.703896863] [nav_goal_sender]: cycle 17 feedback: 0.0
[INFO] [1789251627.714819121] [nav_goal_sender]: cycle 17 feedback: 0.0
[INFO] [1789251627.724000370] [nav_goal_sender]: cycle 17 feedback: 0.0
[INFO] [1789251627.733544220] [nav_goal_sender]: cycle 17 feedback: 0.0
[INFO] [1789251627.743848275] [nav_goal_sender]: cycle 17 feedback: 0.0
[INFO] [1789251627.753602726] [nav_goal_sender]: cycle 17 feedback: 0.0
[INFO] [1789251627.763557379] [nav_goal_sender]: cycle 17 feedback: 0.0
[INFO] [1789251627.773668032] [nav_goal_sender]: cycle 17 feedback: 0.0
[INFO] [1789251627.783457884] [nav_goal_sender]: cycle 17 feedback: 0.0
[INFO] [1789251627.793724838] [nav_goal_sender]: cycle 17 feedback: 0.0
[INFO] [1789251627.803429990] [nav_goal_sender]: cycle 17 feedback: 0.0
[INFO] [1789251627.813688444] [nav_goal_sender]: cycle 17 feedback: 0.0
[INFO] [1789251627.823440496] [nav_goal_sender]: cycle 17 feedback: 0.0
[INFO] [1789251627.833623850] [nav_goal_sender]: cycle 17 feedback: 0.0
[INFO] [1789251627.843918104] [nav_goal_sender]: cycle 17 feedback: 0.0
[INFO] [1789251627.854700661] [nav_goal_sender]: cycle 17 feedback: 0.0
[INFO] [1789251627.863464907] [nav_goal_sender]: cycle 17 feedback: 0.0
[INFO] [1789251627.873758762] [nav_goal_sender]: cycle 17 feedback: 0.0
[INFO] [1789251627.883484613] [nav_goal_sender]: cycle 17 feedback: 0.0
[INFO] [1789251627.893456566] [nav_goal_sender]: cycle 17 feedback: 0.0
[INFO] [1789251627.903453719] [nav_goal_sender]: cycle 17 feedback: 0.0
[INFO] [1789251627.913475972] [nav_goal_sender]: cycle 17 feedback: 0.0
[INFO] [1789251627.923596325] [nav_goal_sender]: cycle 17 feedback: 0.0
[INFO] [1789251627.933656679] [nav_goal_sender]: cycle 17 feedback: 0.0
[INFO] [1789251627.943506131] [nav_goal_sender]: cycle 17 feedback: 0.0
[INFO] [1789251627.953930086] [nav_goal_sender]: cycle 17 feedback: 0.0
[INFO] [1789251627.963434136] [nav_goal_sender]: cycle 17 feedback: 0.0
[INFO] [1789251627.974127293] [nav_goal_sender]: cycle 17 feedback: 0.0
[INFO] [1789251627.983436542] [nav_goal_sender]: cycle 17 feedback: 0.0
[INFO] [1789251627.993546696] [nav_goal_sender]: cycle 17 feedback: 0.0
[INFO] [1789251628.003752850] [nav_goal_sender]: cycle 17 feedback: 0.0
[INFO] [1789251628.013854503] [nav_goal_sender]: cycle 17 feedback: 0.0
[INFO] [1789251628.023472454] [nav_goal_sender]: cycle 17 feedback: 0.0
[INFO] [1789251628.033927009] [nav_goal_sender]: cycle 17 feedback: 0.0
[INFO] [1789251628.043642661] [nav_goal_sender]: cycle 17 feedback: 0.0
[INFO] [1789251628.053667614] [nav_goal_sender]: cycle 17 feedback: 0.0
[INFO] [1789251628.063455365] [nav_goal_sender]: cycle 17 feedback: 0.0
[INFO] [1789251628.073577919] [nav_goal_sender]: cycle 17 feedback: 0.0
[INFO] [1789251628.083938474] [nav_goal_sender]: cycle 17 feedback: 0.0
[INFO] [1789251628.093752726] [nav_goal_sender]: cycle 17 feedback: 0.0
[INFO] [1789251628.103716578] [nav_goal_sender]: cycle 17 feedback: 0.0
[INFO] [1789251628.113609631] [nav_goal_sender]: cycle 17 feedback: 0.0
[INFO] [1789251628.123821485] [nav_goal_sender]: cycle 17 feedback: 0.0
[INFO] [1789251628.133623837] [nav_goal_sender]: cycle 17 feedback: 0.0
[INFO] [1789251628.143629189] [nav_goal_sender]: cycle 17 feedback: 0.0
[INFO] [1789251628.153654643] [nav_goal_sender]: cycle 17 feedback: 0.0
[INFO] [1789251628.164293499] [nav_goal_sender]: cycle 17 feedback: 0.0
[INFO] [1789251628.173973750] [nav_goal_sender]: cycle 17 feedback: 0.0
[INFO] [1789251628.184254704] [nav_goal_sender]: cycle 17 feedback: 0.0
[INFO] [1789251628.193731555] [nav_goal_sender]: cycle 17 feedback: 0.0
[INFO] [1789251628.203454906] [nav_goal_sender]: cycle 17 feedback: 0.0
[INFO] [1789251628.213633560] [nav_goal_sender]: cycle 17 feedback: 0.0
[INFO] [1789251628.223501912] [nav_goal_sender]: cycle 17 feedback: 0.0
[INFO] [1789251628.233498365] [nav_goal_sender]: cycle 17 feedback: 0.0
[INFO] [1789251628.243420917] [nav_goal_sender]: cycle 17 feedback: 0.0
[INFO] [1789251628.254533876] [nav_goal_sender]: cycle 17 feedback: 8.020709991455078
[INFO] [1789251628.263674725] [nav_goal_sender]: cycle 17 feedback: 8.020709991455078
[INFO] [1789251628.273665377] [nav_goal_sender]: cycle 17 feedback: 8.020709991455078
[INFO] [1789251628.283585330] [nav_goal_sender]: cycle 17 feedback: 8.020709991455078
[INFO] [1789251628.294051685] [nav_goal_sender]: cycle 17 feedback: 8.020709991455078
[INFO] [1789251628.303500135] [nav_goal_sender]: cycle 17 feedback: 8.020709991455078
[INFO] [1789251628.314067991] [nav_goal_sender]: cycle 17 feedback: 8.020709991455078
[INFO] [1789251628.323493641] [nav_goal_sender]: cycle 17 feedback: 8.020709991455078
[INFO] [1789251628.333604294] [nav_goal_sender]: cycle 17 feedback: 8.020709991455078
[INFO] [1789251628.343504847] [nav_goal_sender]: cycle 17 feedback: 8.020709991455078
[INFO] [1789251628.353714001] [nav_goal_sender]: cycle 17 feedback: 8.020709991455078
[INFO] [1789251628.363614953] [nav_goal_sender]: cycle 17 feedback: 8.020709991455078
[INFO] [1789251628.373650206] [nav_goal_sender]: cycle 17 feedback: 8.020709991455078
[INFO] [1789251628.383480558] [nav_goal_sender]: cycle 17 feedback: 7.995710372924805
[INFO] [1789251628.393510611] [nav_goal_sender]: cycle 17 feedback: 7.995710372924805
[INFO] [1789251628.403723165] [nav_goal_sender]: cycle 17 feedback: 7.995710372924805
[INFO] [1789251628.414140721] [nav_goal_sender]: cycle 17 feedback: 7.995710372924805
[INFO] [1789251628.423865872] [nav_goal_sender]: cycle 17 feedback: 8.047757148742676
[INFO] [1789251628.433941025] [nav_goal_sender]: cycle 17 feedback: 8.047757148742676
[INFO] [1789251628.443623976] [nav_goal_sender]: cycle 17 feedback: 8.047757148742676
[INFO] [1789251628.454199432] [nav_goal_sender]: cycle 17 feedback: 8.047757148742676
[INFO] [1789251628.463767883] [nav_goal_sender]: cycle 17 feedback: 8.047757148742676
[INFO] [1789251628.473658635] [nav_goal_sender]: cycle 17 feedback: 8.047757148742676
[INFO] [1789251628.483477787] [nav_goal_sender]: cycle 17 feedback: 8.047757148742676
[INFO] [1789251628.493495440] [nav_goal_sender]: cycle 17 feedback: 8.047757148742676
[INFO] [1789251628.503506593] [nav_goal_sender]: cycle 17 feedback: 8.047757148742676
[INFO] [1789251628.513633847] [nav_goal_sender]: cycle 17 feedback: 8.047757148742676
[INFO] [1789251628.523481499] [nav_goal_sender]: cycle 17 feedback: 8.047757148742676
[INFO] [1789251628.533660553] [nav_goal_sender]: cycle 17 feedback: 8.047757148742676
[INFO] [1789251628.543892707] [nav_goal_sender]: cycle 17 feedback: 8.047757148742676
[INFO] [1789251628.553642359] [nav_goal_sender]: cycle 17 feedback: 8.047757148742676
[INFO] [1789251628.563634511] [nav_goal_sender]: cycle 17 feedback: 8.047757148742676
[INFO] [1789251628.573652164] [nav_goal_sender]: cycle 17 feedback: 8.047757148742676
[INFO] [1789251628.583542817] [nav_goal_sender]: cycle 17 feedback: 8.047757148742676
[INFO] [1789251628.593894871] [nav_goal_sender]: cycle 17 feedback: 8.047757148742676
[INFO] [1789251628.603691623] [nav_goal_sender]: cycle 17 feedback: 8.047757148742676
[INFO] [1789251628.614372680] [nav_goal_sender]: cycle 17 feedback: 8.047757148742676
[INFO] [1789251628.624317332] [nav_goal_sender]: cycle 17 feedback: 8.047757148742676
[INFO] [1789251628.634242485] [nav_goal_sender]: cycle 17 feedback: 8.047757148742676
[INFO] [1789251628.643656135] [nav_goal_sender]: cycle 17 feedback: 8.047757148742676
[INFO] [1789251628.653719288] [nav_goal_sender]: cycle 17 feedback: 8.047757148742676
[INFO] [1789251628.665339249] [nav_goal_sender]: cycle 17 feedback: 8.047757148742676
[INFO] [1789251628.673862294] [nav_goal_sender]: cycle 17 feedback: 8.047757148742676
[INFO] [1789251628.684492851] [nav_goal_sender]: cycle 17 feedback: 8.047757148742676
[INFO] [1789251628.693575399] [nav_goal_sender]: cycle 17 feedback: 8.047757148742676
[INFO] [1789251628.703660252] [nav_goal_sender]: cycle 17 feedback: 8.047757148742676
[INFO] [1789251628.713745605] [nav_goal_sender]: cycle 17 feedback: 8.047757148742676
[INFO] [1789251628.723680558] [nav_goal_sender]: cycle 17 feedback: 8.047757148742676
[INFO] [1789251628.733591310] [nav_goal_sender]: cycle 17 feedback: 8.047757148742676
[INFO] [1789251628.743535863] [nav_goal_sender]: cycle 17 feedback: 8.047757148742676
[INFO] [1789251628.753690517] [nav_goal_sender]: cycle 17 feedback: 8.047757148742676
[INFO] [1789251628.763669570] [nav_goal_sender]: cycle 17 feedback: 8.047757148742676
[INFO] [1789251628.773681623] [nav_goal_sender]: cycle 17 feedback: 8.047757148742676
[INFO] [1789251628.783535475] [nav_goal_sender]: cycle 17 feedback: 8.047757148742676
[INFO] [1789251628.793700828] [nav_goal_sender]: cycle 17 feedback: 8.047757148742676
[INFO] [1789251628.803553181] [nav_goal_sender]: cycle 17 feedback: 8.047757148742676
[INFO] [1789251628.813649734] [nav_goal_sender]: cycle 17 feedback: 8.047757148742676
[INFO] [1789251628.823806488] [nav_goal_sender]: cycle 17 feedback: 8.047757148742676
[INFO] [1789251628.833540039] [nav_goal_sender]: cycle 17 feedback: 8.047757148742676
[INFO] [1789251628.843544892] [nav_goal_sender]: cycle 17 feedback: 8.047757148742676
[INFO] [1789251628.853867247] [nav_goal_sender]: cycle 17 feedback: 8.047757148742676
[INFO] [1789251628.863658699] [nav_goal_sender]: cycle 17 feedback: 8.047757148742676
[INFO] [1789251628.873671652] [nav_goal_sender]: cycle 17 feedback: 8.047757148742676
[INFO] [1789251628.883521804] [nav_goal_sender]: cycle 17 feedback: 8.047757148742676
[INFO] [1789251628.893518256] [nav_goal_sender]: cycle 17 feedback: 8.047757148742676
[INFO] [1789251628.903820711] [nav_goal_sender]: cycle 17 feedback: 8.047757148742676
[INFO] [1789251628.914046965] [nav_goal_sender]: cycle 17 feedback: 8.047757148742676
[INFO] [1789251628.923572115] [nav_goal_sender]: cycle 17 feedback: 8.047757148742676
[INFO] [1789251628.933507268] [nav_goal_sender]: cycle 17 feedback: 8.047757148742676
[INFO] [1789251628.943513421] [nav_goal_sender]: cycle 17 feedback: 8.047757148742676
[INFO] [1789251628.953779275] [nav_goal_sender]: cycle 17 feedback: 8.047757148742676
[INFO] [1789251628.963886729] [nav_goal_sender]: cycle 17 feedback: 8.047757148742676
[INFO] [1789251628.973879982] [nav_goal_sender]: cycle 17 feedback: 8.047757148742676
[INFO] [1789251628.983598533] [nav_goal_sender]: cycle 17 feedback: 8.047757148742676
[INFO] [1789251628.993538086] [nav_goal_sender]: cycle 17 feedback: 8.047757148742676
[INFO] [1789251629.003609539] [nav_goal_sender]: cycle 17 feedback: 8.047757148742676
[INFO] [1789251629.013815293] [nav_goal_sender]: cycle 17 feedback: 8.047757148742676
[INFO] [1789251629.023548244] [nav_goal_sender]: cycle 17 feedback: 8.047757148742676
[INFO] [1789251629.033757098] [nav_goal_sender]: cycle 17 feedback: 8.047757148742676
[INFO] [1789251629.043502150] [nav_goal_sender]: cycle 17 feedback: 8.047757148742676
[INFO] [1789251629.053651104] [nav_goal_sender]: cycle 17 feedback: 8.047757148742676
[INFO] [1789251629.063726757] [nav_goal_sender]: cycle 17 feedback: 8.047757148742676
[INFO] [1789251629.073690610] [nav_goal_sender]: cycle 17 feedback: 8.047757148742676
[INFO] [1789251629.083505962] [nav_goal_sender]: cycle 17 feedback: 8.047757148742676
[INFO] [1789251629.093625315] [nav_goal_sender]: cycle 17 feedback: 8.047757148742676
[INFO] [1789251629.103516267] [nav_goal_sender]: cycle 17 feedback: 8.047757148742676
[INFO] [1789251629.113639321] [nav_goal_sender]: cycle 17 feedback: 8.047757148742676
[INFO] [1789251629.123626074] [nav_goal_sender]: cycle 17 feedback: 8.047757148742676
[INFO] [1789251629.133497926] [nav_goal_sender]: cycle 17 feedback: 8.047757148742676
[INFO] [1789251629.143469979] [nav_goal_sender]: cycle 17 feedback: 8.047757148742676
[INFO] [1789251629.154007935] [nav_goal_sender]: cycle 17 feedback: 8.047757148742676
[INFO] [1789251629.163649286] [nav_goal_sender]: cycle 17 feedback: 8.047757148742676
[INFO] [1789251629.173784939] [nav_goal_sender]: cycle 17 feedback: 8.047757148742676
[INFO] [1789251629.183544991] [nav_goal_sender]: cycle 17 feedback: 8.047757148742676
[INFO] [1789251629.193670144] [nav_goal_sender]: cycle 17 feedback: 8.047757148742676
[INFO] [1789251629.203848298] [nav_goal_sender]: cycle 17 feedback: 8.047757148742676
[INFO] [1789251629.213652450] [nav_goal_sender]: cycle 17 feedback: 8.047757148742676
[INFO] [1789251629.223526002] [nav_goal_sender]: cycle 17 feedback: 8.047757148742676
[INFO] [1789251629.233552355] [nav_goal_sender]: cycle 17 feedback: 8.047757148742676
[INFO] [1789251629.243496008] [nav_goal_sender]: cycle 17 feedback: 8.047757148742676
[INFO] [1789251629.253790162] [nav_goal_sender]: cycle 17 feedback: 8.047757148742676
[INFO] [1789251629.264425219] [nav_goal_sender]: cycle 17 feedback: 8.047757148742676
[INFO] [1789251629.273801668] [nav_goal_sender]: cycle 17 feedback: 8.047757148742676
[INFO] [1789251629.284590725] [nav_goal_sender]: cycle 17 feedback: 0.0
[INFO] [1789251629.293544773] [nav_goal_sender]: cycle 17 feedback: 0.0
[INFO] [1789251629.303834627] [nav_goal_sender]: cycle 17 feedback: 0.0
[INFO] [1789251629.313772680] [nav_goal_sender]: cycle 17 feedback: 0.0
[INFO] [1789251629.323768933] [nav_goal_sender]: cycle 17 feedback: 0.0
[INFO] [1789251629.334054987] [nav_goal_sender]: cycle 17 feedback: 0.0
[INFO] [1789251629.343754038] [nav_goal_sender]: cycle 17 feedback: 0.0
[INFO] [1789251629.353786191] [nav_goal_sender]: cycle 17 feedback: 0.0
[INFO] [1789251629.363878545] [nav_goal_sender]: cycle 17 feedback: 0.0
[INFO] [1789251629.373889998] [nav_goal_sender]: cycle 17 feedback: 0.0
[INFO] [1789251629.383540249] [nav_goal_sender]: cycle 17 feedback: 0.0
[INFO] [1789251629.393862303] [nav_goal_sender]: cycle 17 feedback: 0.0
[INFO] [1789251629.403691855] [nav_goal_sender]: cycle 17 feedback: 0.0
[INFO] [1789251629.414221911] [nav_goal_sender]: cycle 17 feedback: 0.0
[INFO] [1789251629.423535760] [nav_goal_sender]: cycle 17 feedback: 0.0
[INFO] [1789251629.433701914] [nav_goal_sender]: cycle 17 feedback: 0.0
[INFO] [1789251629.443859968] [nav_goal_sender]: cycle 17 feedback: 0.0
[INFO] [1789251629.453863221] [nav_goal_sender]: cycle 17 feedback: 0.0
[INFO] [1789251629.463891974] [nav_goal_sender]: cycle 17 feedback: 0.0
[INFO] [1789251629.473706826] [nav_goal_sender]: cycle 17 feedback: 0.0
[INFO] [1789251629.483528878] [nav_goal_sender]: cycle 17 feedback: 0.0
[INFO] [1789251629.493803132] [nav_goal_sender]: cycle 17 feedback: 0.0
[INFO] [1789251629.504223787] [nav_goal_sender]: cycle 17 feedback: 0.0
[INFO] [1789251629.513744238] [nav_goal_sender]: cycle 17 feedback: 0.0
[INFO] [1789251629.523536689] [nav_goal_sender]: cycle 17 feedback: 0.0
[INFO] [1789251629.533882544] [nav_goal_sender]: cycle 17 feedback: 0.0
[INFO] [1789251629.543617996] [nav_goal_sender]: cycle 17 feedback: 0.0
[INFO] [1789251629.553905850] [nav_goal_sender]: cycle 17 feedback: 0.0
[INFO] [1789251629.564540106] [nav_goal_sender]: cycle 17 feedback: 0.0
[INFO] [1789251629.573986056] [nav_goal_sender]: cycle 17 feedback: 0.0
[INFO] [1789251629.583553407] [nav_goal_sender]: cycle 17 feedback: 0.0
[INFO] [1789251629.594543665] [nav_goal_sender]: cycle 17 feedback: 0.0
[INFO] [1789251629.603580213] [nav_goal_sender]: cycle 17 feedback: 0.0
[INFO] [1789251629.613783067] [nav_goal_sender]: cycle 17 feedback: 0.0
[INFO] [1789251629.623597019] [nav_goal_sender]: cycle 17 feedback: 0.0
[INFO] [1789251629.633553871] [nav_goal_sender]: cycle 17 feedback: 0.0
[INFO] [1789251629.643533724] [nav_goal_sender]: cycle 17 feedback: 0.0
[INFO] [1789251629.653766378] [nav_goal_sender]: cycle 17 feedback: 0.0
[INFO] [1789251629.663741431] [nav_goal_sender]: cycle 17 feedback: 0.0
[INFO] [1789251629.673673184] [nav_goal_sender]: cycle 17 feedback: 0.0
[INFO] [1789251629.683578236] [nav_goal_sender]: cycle 17 feedback: 0.0
[INFO] [1789251629.693576289] [nav_goal_sender]: cycle 17 feedback: 0.0
[INFO] [1789251629.703675742] [nav_goal_sender]: cycle 17 feedback: 0.0
[INFO] [1789251629.713723595] [nav_goal_sender]: cycle 17 feedback: 0.0
[INFO] [1789251629.723924449] [nav_goal_sender]: cycle 17 feedback: 0.0
[INFO] [1789251629.733997503] [nav_goal_sender]: cycle 17 feedback: 0.0
[INFO] [1789251629.743587253] [nav_goal_sender]: cycle 17 feedback: 0.0
[INFO] [1789251629.753900208] [nav_goal_sender]: cycle 17 feedback: 0.0
[INFO] [1789251629.763764460] [nav_goal_sender]: cycle 17 feedback: 0.0
[INFO] [1789251629.774479417] [nav_goal_sender]: cycle 17 feedback: 0.0
[INFO] [1789251629.783542665] [nav_goal_sender]: cycle 17 feedback: 0.0
[INFO] [1789251629.793591818] [nav_goal_sender]: cycle 17 feedback: 0.0
[INFO] [1789251629.803720472] [nav_goal_sender]: cycle 17 feedback: 0.0
[INFO] [1789251629.814396628] [nav_goal_sender]: cycle 17 feedback: 0.0
[INFO] [1789251629.824103779] [nav_goal_sender]: cycle 17 feedback: 0.0
[INFO] [1789251629.834095732] [nav_goal_sender]: cycle 17 feedback: 0.0
[INFO] [1789251629.843619683] [nav_goal_sender]: cycle 17 feedback: 0.0
[INFO] [1789251629.854781042] [nav_goal_sender]: cycle 17 feedback: 0.0
[INFO] [1789251629.864370292] [nav_goal_sender]: cycle 17 feedback: 0.0
[INFO] [1789251629.873634941] [nav_goal_sender]: cycle 17 feedback: 0.0
[INFO] [1789251629.883525194] [nav_goal_sender]: cycle 17 feedback: 0.0
[INFO] [1789251629.893830048] [nav_goal_sender]: cycle 17 feedback: 0.0
[INFO] [1789251629.903850601] [nav_goal_sender]: cycle 17 feedback: 0.0
[INFO] [1789251629.914540258] [nav_goal_sender]: cycle 17 feedback: 0.0
[INFO] [1789251629.923831007] [nav_goal_sender]: cycle 17 feedback: 0.0
[INFO] [1789251629.934449563] [nav_goal_sender]: cycle 17 feedback: 0.0
[INFO] [1789251629.944349115] [nav_goal_sender]: cycle 17 feedback: 0.0
[INFO] [1789251629.953909166] [nav_goal_sender]: cycle 17 feedback: 0.0
[INFO] [1789251629.963725918] [nav_goal_sender]: cycle 17 feedback: 0.0
[INFO] [1789251629.974182973] [nav_goal_sender]: cycle 17 feedback: 0.0
[INFO] [1789251629.983539423] [nav_goal_sender]: cycle 17 feedback: 0.0
[INFO] [1789251629.993562676] [nav_goal_sender]: cycle 17 feedback: 0.0
[INFO] [1789251630.003675629] [nav_goal_sender]: cycle 17 feedback: 0.0
[INFO] [1789251630.013884083] [nav_goal_sender]: cycle 17 feedback: 0.0
[INFO] [1789251630.023583235] [nav_goal_sender]: cycle 17 feedback: 0.0
[INFO] [1789251630.034051790] [nav_goal_sender]: cycle 17 feedback: 0.0
[INFO] [1789251630.043578540] [nav_goal_sender]: cycle 17 feedback: 0.0
[INFO] [1789251630.054383998] [nav_goal_sender]: cycle 17 feedback: 0.0
[INFO] [1789251630.063726347] [nav_goal_sender]: cycle 17 feedback: 0.0
[INFO] [1789251630.074098802] [nav_goal_sender]: cycle 17 feedback: 0.0
[INFO] [1789251630.083545252] [nav_goal_sender]: cycle 17 feedback: 0.0
[INFO] [1789251630.093569105] [nav_goal_sender]: cycle 17 feedback: 0.0
[INFO] [1789251630.103930060] [nav_goal_sender]: cycle 17 feedback: 0.0
[INFO] [1789251630.113742512] [nav_goal_sender]: cycle 17 feedback: 0.0
[INFO] [1789251630.123585464] [nav_goal_sender]: cycle 17 feedback: 0.0
[INFO] [1789251630.134152620] [nav_goal_sender]: cycle 17 feedback: 0.0
[INFO] [1789251630.144037672] [nav_goal_sender]: cycle 17 feedback: 0.0
[INFO] [1789251630.154306926] [nav_goal_sender]: cycle 17 feedback: 0.0
[INFO] [1789251630.164160778] [nav_goal_sender]: cycle 17 feedback: 0.0
[INFO] [1789251630.173837029] [nav_goal_sender]: cycle 17 feedback: 0.0
[INFO] [1789251630.183921583] [nav_goal_sender]: cycle 17 feedback: 0.0
[INFO] [1789251630.193838235] [nav_goal_sender]: cycle 17 feedback: 0.0
[INFO] [1789251630.203703587] [nav_goal_sender]: cycle 17 feedback: 0.0
[INFO] [1789251630.213857241] [nav_goal_sender]: cycle 17 feedback: 0.0
[INFO] [1789251630.223725493] [nav_goal_sender]: cycle 17 feedback: 0.0
[INFO] [1789251630.233836647] [nav_goal_sender]: cycle 17 feedback: 0.0
[INFO] [1789251630.243553998] [nav_goal_sender]: cycle 17 feedback: 0.0
[INFO] [1789251630.254669957] [nav_goal_sender]: cycle 17 feedback: 10.744776725769043
[INFO] [1789251630.264013207] [nav_goal_sender]: cycle 17 feedback: 10.744776725769043
[INFO] [1789251630.273785658] [nav_goal_sender]: cycle 17 feedback: 10.744776725769043
[INFO] [1789251630.283539510] [nav_goal_sender]: cycle 17 feedback: 10.744776725769043
[INFO] [1789251630.293569963] [nav_goal_sender]: cycle 17 feedback: 10.744776725769043
[INFO] [1789251630.303515416] [nav_goal_sender]: cycle 17 feedback: 10.744776725769043
[INFO] [1789251630.313735470] [nav_goal_sender]: cycle 17 feedback: 10.744776725769043
[INFO] [1789251630.323535021] [nav_goal_sender]: cycle 17 feedback: 10.744776725769043
[INFO] [1789251630.333669275] [nav_goal_sender]: cycle 17 feedback: 10.744776725769043
[INFO] [1789251630.343497027] [nav_goal_sender]: cycle 17 feedback: 10.744776725769043
[INFO] [1789251630.353629381] [nav_goal_sender]: cycle 17 feedback: 10.744776725769043
[INFO] [1789251630.363660634] [nav_goal_sender]: cycle 17 feedback: 10.744776725769043
[INFO] [1789251630.373769787] [nav_goal_sender]: cycle 17 feedback: 10.744776725769043
[INFO] [1789251630.383578239] [nav_goal_sender]: cycle 17 feedback: 10.744776725769043
[INFO] [1789251630.393550092] [nav_goal_sender]: cycle 17 feedback: 10.744776725769043
[INFO] [1789251630.403788146] [nav_goal_sender]: cycle 17 feedback: 10.744776725769043
[INFO] [1789251630.413726499] [nav_goal_sender]: cycle 17 feedback: 10.744776725769043
[INFO] [1789251630.423554851] [nav_goal_sender]: cycle 17 feedback: 10.744776725769043
[INFO] [1789251630.433663504] [nav_goal_sender]: cycle 17 feedback: 10.744776725769043
[INFO] [1789251630.443615957] [nav_goal_sender]: cycle 17 feedback: 10.744776725769043
[INFO] [1789251630.453715310] [nav_goal_sender]: cycle 17 feedback: 10.744776725769043
[INFO] [1789251630.463854764] [nav_goal_sender]: cycle 17 feedback: 10.744776725769043
[INFO] [1789251630.473777716] [nav_goal_sender]: cycle 17 feedback: 10.744776725769043
[INFO] [1789251630.483589068] [nav_goal_sender]: cycle 17 feedback: 10.744776725769043
[INFO] [1789251630.493608221] [nav_goal_sender]: cycle 17 feedback: 10.744776725769043
[INFO] [1789251630.503620374] [nav_goal_sender]: cycle 17 feedback: 10.744776725769043
[INFO] [1789251630.513670927] [nav_goal_sender]: cycle 17 feedback: 10.744776725769043
[INFO] [1789251630.523512379] [nav_goal_sender]: cycle 17 feedback: 10.744776725769043
[INFO] [1789251630.533595833] [nav_goal_sender]: cycle 17 feedback: 10.744776725769043
[INFO] [1789251630.543553585] [nav_goal_sender]: cycle 17 feedback: 10.744776725769043
[INFO] [1789251630.553753639] [nav_goal_sender]: cycle 17 feedback: 10.744776725769043
[INFO] [1789251630.563663292] [nav_goal_sender]: cycle 17 feedback: 10.744776725769043
[INFO] [1789251630.573652845] [nav_goal_sender]: cycle 17 feedback: 10.744776725769043
[INFO] [1789251630.583523997] [nav_goal_sender]: cycle 17 feedback: 10.744776725769043
[INFO] [1789251630.593512350] [nav_goal_sender]: cycle 17 feedback: 10.744776725769043
[INFO] [1789251630.603505802] [nav_goal_sender]: cycle 17 feedback: 10.744776725769043
[INFO] [1789251630.613703756] [nav_goal_sender]: cycle 17 feedback: 10.744776725769043
[INFO] [1789251630.623555909] [nav_goal_sender]: cycle 17 feedback: 10.744776725769043
[INFO] [1789251630.633576462] [nav_goal_sender]: cycle 17 feedback: 10.744776725769043
[INFO] [1789251630.643515714] [nav_goal_sender]: cycle 17 feedback: 10.744776725769043
[INFO] [1789251630.653808269] [nav_goal_sender]: cycle 17 feedback: 10.744776725769043
[INFO] [1789251630.663676721] [nav_goal_sender]: cycle 17 feedback: 10.744776725769043
[INFO] [1789251630.674250377] [nav_goal_sender]: cycle 17 feedback: 10.744776725769043
[INFO] [1789251630.683573526] [nav_goal_sender]: cycle 17 feedback: 10.744776725769043
[INFO] [1789251630.693549779] [nav_goal_sender]: cycle 17 feedback: 10.744776725769043
[INFO] [1789251630.703544632] [nav_goal_sender]: cycle 17 feedback: 10.744776725769043
[INFO] [1789251630.715128393] [nav_goal_sender]: cycle 17 feedback: 10.744776725769043
[INFO] [1789251630.723785439] [nav_goal_sender]: cycle 17 feedback: 10.744776725769043
[INFO] [1789251630.733581791] [nav_goal_sender]: cycle 17 feedback: 10.744776725769043
[INFO] [1789251630.743947045] [nav_goal_sender]: cycle 17 feedback: 10.744776725769043
[INFO] [1789251630.754920303] [nav_goal_sender]: cycle 17 feedback: 10.744776725769043
[INFO] [1789251630.767704071] [nav_goal_sender]: cycle 17 feedback: 10.744776725769043
[INFO] [1789251630.773849904] [nav_goal_sender]: cycle 17 feedback: 10.744776725769043
[INFO] [1789251630.784586460] [nav_goal_sender]: cycle 17 feedback: 10.744776725769043
[INFO] [1789251630.793550208] [nav_goal_sender]: cycle 17 feedback: 10.744776725769043
[INFO] [1789251630.803516861] [nav_goal_sender]: cycle 17 feedback: 10.744776725769043
[INFO] [1789251630.814137717] [nav_goal_sender]: cycle 17 feedback: 10.744776725769043
[INFO] [1789251630.823561267] [nav_goal_sender]: cycle 17 feedback: 10.744776725769043
[INFO] [1789251630.834553325] [nav_goal_sender]: cycle 17 feedback: 10.744776725769043
[INFO] [1789251630.843595873] [nav_goal_sender]: cycle 17 feedback: 10.744776725769043
[INFO] [1789251630.854011028] [nav_goal_sender]: cycle 17 feedback: 10.744776725769043
[INFO] [1789251630.864487783] [nav_goal_sender]: cycle 17 feedback: 10.744776725769043
[INFO] [1789251630.874083234] [nav_goal_sender]: cycle 17 feedback: 10.744776725769043
[INFO] [1789251630.883602684] [nav_goal_sender]: cycle 17 feedback: 10.744776725769043
[INFO] [1789251630.893884439] [nav_goal_sender]: cycle 17 feedback: 10.744776725769043
[INFO] [1789251630.903706591] [nav_goal_sender]: cycle 17 feedback: 10.744776725769043
[INFO] [1789251630.913620443] [nav_goal_sender]: cycle 17 feedback: 10.744776725769043
[INFO] [1789251630.923539395] [nav_goal_sender]: cycle 17 feedback: 10.744776725769043
[INFO] [1789251630.933847650] [nav_goal_sender]: cycle 17 feedback: 10.744776725769043
[INFO] [1789251630.944031804] [nav_goal_sender]: cycle 17 feedback: 10.744776725769043
[INFO] [1789251630.954534559] [nav_goal_sender]: cycle 17 feedback: 10.744776725769043
[INFO] [1789251630.964773114] [nav_goal_sender]: cycle 17 feedback: 10.744776725769043
[INFO] [1789251630.974272564] [nav_goal_sender]: cycle 17 feedback: 10.744776725769043
[INFO] [1789251630.983514113] [nav_goal_sender]: cycle 17 feedback: 10.744776725769043
[INFO] [1789251630.993521166] [nav_goal_sender]: cycle 17 feedback: 10.744776725769043
[INFO] [1789251631.003629719] [nav_goal_sender]: cycle 17 feedback: 10.744776725769043
[INFO] [1789251631.013780173] [nav_goal_sender]: cycle 17 feedback: 10.744776725769043
[INFO] [1789251631.023528424] [nav_goal_sender]: cycle 17 feedback: 10.744776725769043
[INFO] [1789251631.033597478] [nav_goal_sender]: cycle 17 feedback: 10.744776725769043
[INFO] [1789251631.043537930] [nav_goal_sender]: cycle 17 feedback: 10.744776725769043
[INFO] [1789251631.053755784] [nav_goal_sender]: cycle 17 feedback: 10.744776725769043
[INFO] [1789251631.063786737] [nav_goal_sender]: cycle 17 feedback: 10.744776725769043
[INFO] [1789251631.073577489] [nav_goal_sender]: cycle 17 feedback: 10.744776725769043
[INFO] [1789251631.083485842] [nav_goal_sender]: cycle 17 feedback: 10.744776725769043
[INFO] [1789251631.093568295] [nav_goal_sender]: cycle 17 feedback: 10.744776725769043
[INFO] [1789251631.103630548] [nav_goal_sender]: cycle 17 feedback: 10.744776725769043
[INFO] [1789251631.114115204] [nav_goal_sender]: cycle 17 feedback: 10.744776725769043
[INFO] [1789251631.123756355] [nav_goal_sender]: cycle 17 feedback: 10.744776725769043
[INFO] [1789251631.133906008] [nav_goal_sender]: cycle 17 feedback: 10.744776725769043
[INFO] [1789251631.143579959] [nav_goal_sender]: cycle 17 feedback: 10.744776725769043
[INFO] [1789251631.154049715] [nav_goal_sender]: cycle 17 feedback: 10.744776725769043
[INFO] [1789251631.163652366] [nav_goal_sender]: cycle 17 feedback: 10.744776725769043
[INFO] [1789251631.173917320] [nav_goal_sender]: cycle 17 feedback: 10.744776725769043
[INFO] [1789251631.183477271] [nav_goal_sender]: cycle 17 feedback: 10.744776725769043
[INFO] [1789251631.193482423] [nav_goal_sender]: cycle 17 feedback: 10.744776725769043
[INFO] [1789251631.203928779] [nav_goal_sender]: cycle 17 feedback: 10.744776725769043
[INFO] [1789251631.214101133] [nav_goal_sender]: cycle 17 feedback: 10.744776725769043
[INFO] [1789251631.223497082] [nav_goal_sender]: cycle 17 feedback: 10.744776725769043
[INFO] [1789251631.233811837] [nav_goal_sender]: cycle 17 feedback: 10.744776725769043
[INFO] [1789251631.243530188] [nav_goal_sender]: cycle 17 feedback: 10.744776725769043
[INFO] [1789251631.253810743] [nav_goal_sender]: cycle 17 feedback: 10.744776725769043
[INFO] [1789251631.264099097] [nav_goal_sender]: cycle 17 feedback: 10.744776725769043
[INFO] [1789251631.274182450] [nav_goal_sender]: cycle 17 feedback: 10.744776725769043
[INFO] [1789251631.284265704] [nav_goal_sender]: cycle 17 feedback: 8.136350631713867
[INFO] [1789251631.294580558] [nav_goal_sender]: cycle 17 feedback: 8.136350631713867
[INFO] [1789251631.303616906] [nav_goal_sender]: cycle 17 feedback: 8.136350631713867
[INFO] [1789251631.313912861] [nav_goal_sender]: cycle 17 feedback: 8.136350631713867
[INFO] [1789251631.323649712] [nav_goal_sender]: cycle 17 feedback: 8.136350631713867
[INFO] [1789251631.333501564] [nav_goal_sender]: cycle 17 feedback: 8.136350631713867
[INFO] [1789251631.343554117] [nav_goal_sender]: cycle 17 feedback: 8.136350631713867
[INFO] [1789251631.353630671] [nav_goal_sender]: cycle 17 feedback: 8.136350631713867
[INFO] [1789251631.363696824] [nav_goal_sender]: cycle 17 feedback: 8.136350631713867
[INFO] [1789251631.373763077] [nav_goal_sender]: cycle 17 feedback: 8.136350631713867
[INFO] [1789251631.383571129] [nav_goal_sender]: cycle 17 feedback: 8.136350631713867
[INFO] [1789251631.393548782] [nav_goal_sender]: cycle 17 feedback: 8.136350631713867
[INFO] [1789251631.403580535] [nav_goal_sender]: cycle 17 feedback: 8.136350631713867
[INFO] [1789251631.413788989] [nav_goal_sender]: cycle 17 feedback: 8.136350631713867
[INFO] [1789251631.423575341] [nav_goal_sender]: cycle 17 feedback: 8.136350631713867
[INFO] [1789251631.433543893] [nav_goal_sender]: cycle 17 feedback: 8.136350631713867
[INFO] [1789251631.443536146] [nav_goal_sender]: cycle 17 feedback: 8.136350631713867
[INFO] [1789251631.453734500] [nav_goal_sender]: cycle 17 feedback: 8.136350631713867
[INFO] [1789251631.464062655] [nav_goal_sender]: cycle 17 feedback: 8.136350631713867
[INFO] [1789251631.473727006] [nav_goal_sender]: cycle 17 feedback: 8.136350631713867
[INFO] [1789251631.483772759] [nav_goal_sender]: cycle 17 feedback: 8.136350631713867
[INFO] [1789251631.493515711] [nav_goal_sender]: cycle 17 feedback: 8.136350631713867
[INFO] [1789251631.503716865] [nav_goal_sender]: cycle 17 feedback: 8.136350631713867
[INFO] [1789251631.513832418] [nav_goal_sender]: cycle 17 feedback: 8.136350631713867
[INFO] [1789251631.523574070] [nav_goal_sender]: cycle 17 feedback: 8.136350631713867
[INFO] [1789251631.533631223] [nav_goal_sender]: cycle 17 feedback: 8.136350631713867
[INFO] [1789251631.543678476] [nav_goal_sender]: cycle 17 feedback: 8.136350631713867
[INFO] [1789251631.553936530] [nav_goal_sender]: cycle 17 feedback: 8.136350631713867
[INFO] [1789251631.563741782] [nav_goal_sender]: cycle 17 feedback: 8.136350631713867
[INFO] [1789251631.573702035] [nav_goal_sender]: cycle 17 feedback: 8.136350631713867
[INFO] [1789251631.583555487] [nav_goal_sender]: cycle 17 feedback: 8.136350631713867
[INFO] [1789251631.593486540] [nav_goal_sender]: cycle 17 feedback: 8.136350631713867
[INFO] [1789251631.603549493] [nav_goal_sender]: cycle 17 feedback: 8.136350631713867
[INFO] [1789251631.613641146] [nav_goal_sender]: cycle 17 feedback: 8.136350631713867
[INFO] [1789251631.623622799] [nav_goal_sender]: cycle 17 feedback: 8.136350631713867
[INFO] [1789251631.633579852] [nav_goal_sender]: cycle 17 feedback: 8.136350631713867
[INFO] [1789251631.643564504] [nav_goal_sender]: cycle 17 feedback: 8.136350631713867
[INFO] [1789251631.653594857] [nav_goal_sender]: cycle 17 feedback: 8.136350631713867
[INFO] [1789251631.663617711] [nav_goal_sender]: cycle 17 feedback: 8.136350631713867
[INFO] [1789251631.673631763] [nav_goal_sender]: cycle 17 feedback: 8.136350631713867
[INFO] [1789251631.683546816] [nav_goal_sender]: cycle 17 feedback: 8.136350631713867
[INFO] [1789251631.693585369] [nav_goal_sender]: cycle 17 feedback: 8.136350631713867
[INFO] [1789251631.703518722] [nav_goal_sender]: cycle 17 feedback: 8.136350631713867
[INFO] [1789251631.713696675] [nav_goal_sender]: cycle 17 feedback: 8.136350631713867
[INFO] [1789251631.723697628] [nav_goal_sender]: cycle 17 feedback: 8.136350631713867
[INFO] [1789251631.733826482] [nav_goal_sender]: cycle 17 feedback: 8.136350631713867
[INFO] [1789251631.743570633] [nav_goal_sender]: cycle 17 feedback: 8.136350631713867
[INFO] [1789251631.753603687] [nav_goal_sender]: cycle 17 feedback: 8.136350631713867
[INFO] [1789251631.763747640] [nav_goal_sender]: cycle 17 feedback: 8.136350631713867
[INFO] [1789251631.773735393] [nav_goal_sender]: cycle 17 feedback: 8.136350631713867
[INFO] [1789251631.783507145] [nav_goal_sender]: cycle 17 feedback: 8.136350631713867
[INFO] [1789251631.793535898] [nav_goal_sender]: cycle 17 feedback: 8.136350631713867
[INFO] [1789251631.803479850] [nav_goal_sender]: cycle 17 feedback: 8.136350631713867
[INFO] [1789251631.813655404] [nav_goal_sender]: cycle 17 feedback: 8.136350631713867
[INFO] [1789251631.823981459] [nav_goal_sender]: cycle 17 feedback: 8.136350631713867
[INFO] [1789251631.834992117] [nav_goal_sender]: cycle 17 feedback: 8.136350631713867
[INFO] [1789251631.843667763] [nav_goal_sender]: cycle 17 feedback: 8.136350631713867
[INFO] [1789251631.854276419] [nav_goal_sender]: cycle 17 feedback: 8.136350631713867
[INFO] [1789251631.863774269] [nav_goal_sender]: cycle 17 feedback: 8.136350631713867
[INFO] [1789251631.874362625] [nav_goal_sender]: cycle 17 feedback: 8.136350631713867
[INFO] [1789251631.884382978] [nav_goal_sender]: cycle 17 feedback: 8.136350631713867
[INFO] [1789251631.894331631] [nav_goal_sender]: cycle 17 feedback: 8.136350631713867
[INFO] [1789251631.904742186] [nav_goal_sender]: cycle 17 feedback: 8.136350631713867
[INFO] [1789251631.913840334] [nav_goal_sender]: cycle 17 feedback: 8.136350631713867
[INFO] [1789251631.923592886] [nav_goal_sender]: cycle 17 feedback: 8.136350631713867
[INFO] [1789251631.933527038] [nav_goal_sender]: cycle 17 feedback: 8.136350631713867
[INFO] [1789251631.943599992] [nav_goal_sender]: cycle 17 feedback: 8.136350631713867
[INFO] [1789251631.953594345] [nav_goal_sender]: cycle 17 feedback: 8.136350631713867
[INFO] [1789251631.964078900] [nav_goal_sender]: cycle 17 feedback: 8.136350631713867
[INFO] [1789251631.973915452] [nav_goal_sender]: cycle 17 feedback: 8.136350631713867
[INFO] [1789251631.983829804] [nav_goal_sender]: cycle 17 feedback: 8.136350631713867
[INFO] [1789251631.993545856] [nav_goal_sender]: cycle 17 feedback: 8.136350631713867
[INFO] [1789251632.003592009] [nav_goal_sender]: cycle 17 feedback: 8.136350631713867
[INFO] [1789251632.013992564] [nav_goal_sender]: cycle 17 feedback: 8.136350631713867
[INFO] [1789251632.024084417] [nav_goal_sender]: cycle 17 feedback: 8.136350631713867
[INFO] [1789251632.036334682] [nav_goal_sender]: cycle 17 feedback: 8.136350631713867
[INFO] [1789251632.044598626] [nav_goal_sender]: cycle 17 feedback: 8.136350631713867
[INFO] [1789251632.057351493] [nav_goal_sender]: cycle 17 feedback: 8.136350631713867
[INFO] [1789251632.067417847] [nav_goal_sender]: cycle 17 feedback: 8.136350631713867
[INFO] [1789251632.074647185] [nav_goal_sender]: cycle 17 feedback: 8.136350631713867
[INFO] [1789251632.084721038] [nav_goal_sender]: cycle 17 feedback: 8.136350631713867
[INFO] [1789251632.094001787] [nav_goal_sender]: cycle 17 feedback: 8.136350631713867
[INFO] [1789251632.103838839] [nav_goal_sender]: cycle 17 feedback: 8.136350631713867
[INFO] [1789251632.113622291] [nav_goal_sender]: cycle 17 feedback: 8.136350631713867
[INFO] [1789251632.123630244] [nav_goal_sender]: cycle 17 feedback: 8.136350631713867
[INFO] [1789251632.134172800] [nav_goal_sender]: cycle 17 feedback: 8.136350631713867
[INFO] [1789251632.143725750] [nav_goal_sender]: cycle 17 feedback: 8.136350631713867
[INFO] [1789251632.153653303] [nav_goal_sender]: cycle 17 feedback: 8.136350631713867
[INFO] [1789251632.164043458] [nav_goal_sender]: cycle 17 feedback: 8.136350631713867
[INFO] [1789251632.174164411] [nav_goal_sender]: cycle 17 feedback: 8.136350631713867
[INFO] [1789251632.183716362] [nav_goal_sender]: cycle 17 feedback: 8.136350631713867
[INFO] [1789251632.193487714] [nav_goal_sender]: cycle 17 feedback: 8.136350631713867
[INFO] [1789251632.203892369] [nav_goal_sender]: cycle 17 feedback: 8.136350631713867
[INFO] [1789251632.213881021] [nav_goal_sender]: cycle 17 feedback: 8.136350631713867
[INFO] [1789251632.223555873] [nav_goal_sender]: cycle 17 feedback: 8.136350631713867
[INFO] [1789251632.234087428] [nav_goal_sender]: cycle 17 feedback: 8.136350631713867
[INFO] [1789251632.243501578] [nav_goal_sender]: cycle 17 feedback: 8.136350631713867
[INFO] [1789251632.253660032] [nav_goal_sender]: cycle 17 feedback: 8.136350631713867
[INFO] [1789251632.264167587] [nav_goal_sender]: cycle 17 feedback: 8.136350631713867
[INFO] [1789251632.273753738] [nav_goal_sender]: cycle 17 feedback: 8.136350631713867
[INFO] [1789251632.283471590] [nav_goal_sender]: cycle 17 feedback: 8.136350631713867
[INFO] [1789251632.293785444] [nav_goal_sender]: cycle 17 feedback: 8.136350631713867
[INFO] [1789251632.304176199] [nav_goal_sender]: cycle 17 feedback: 8.136350631713867
[INFO] [1789251632.314567954] [nav_goal_sender]: cycle 17 feedback: 0.0
[INFO] [1789251632.323543402] [nav_goal_sender]: cycle 17 feedback: 0.0
[INFO] [1789251632.334242258] [nav_goal_sender]: cycle 17 feedback: 0.0
[INFO] [1789251632.343599508] [nav_goal_sender]: cycle 17 feedback: 0.0
[INFO] [1789251632.353680161] [nav_goal_sender]: cycle 17 feedback: 0.0
[INFO] [1789251632.364126816] [nav_goal_sender]: cycle 17 feedback: 0.0
[INFO] [1789251632.373859568] [nav_goal_sender]: cycle 17 feedback: 0.0
[INFO] [1789251632.383551319] [nav_goal_sender]: cycle 17 feedback: 0.0
[INFO] [1789251632.393754773] [nav_goal_sender]: cycle 17 feedback: 0.0
[INFO] [1789251632.404054527] [nav_goal_sender]: cycle 17 feedback: 0.0
[INFO] [1789251632.414216581] [nav_goal_sender]: cycle 17 feedback: 0.0
[INFO] [1789251632.424203034] [nav_goal_sender]: cycle 17 feedback: 0.0
[INFO] [1789251632.434414088] [nav_goal_sender]: cycle 17 feedback: 0.0
[INFO] [1789251632.443650237] [nav_goal_sender]: cycle 17 feedback: 0.0
[INFO] [1789251632.453849891] [nav_goal_sender]: cycle 17 feedback: 0.0
[INFO] [1789251632.464230346] [nav_goal_sender]: cycle 17 feedback: 0.0
[INFO] [1789251632.473782896] [nav_goal_sender]: cycle 17 feedback: 0.0
[INFO] [1789251632.483536448] [nav_goal_sender]: cycle 17 feedback: 0.0
[INFO] [1789251632.493802002] [nav_goal_sender]: cycle 17 feedback: 0.0
[INFO] [1789251632.504131157] [nav_goal_sender]: cycle 17 feedback: 0.0
[INFO] [1789251632.513748808] [nav_goal_sender]: cycle 17 feedback: 0.0
[INFO] [1789251632.523539960] [nav_goal_sender]: cycle 17 feedback: 0.0
[INFO] [1789251632.533973715] [nav_goal_sender]: cycle 17 feedback: 0.0
[INFO] [1789251632.543546465] [nav_goal_sender]: cycle 17 feedback: 0.0
[INFO] [1789251632.554243922] [nav_goal_sender]: cycle 17 feedback: 0.0
[INFO] [1789251632.564398076] [nav_goal_sender]: cycle 17 feedback: 0.0
[INFO] [1789251632.574160527] [nav_goal_sender]: cycle 17 feedback: 0.0
[INFO] [1789251632.583610177] [nav_goal_sender]: cycle 17 feedback: 0.0
[INFO] [1789251632.593593130] [nav_goal_sender]: cycle 17 feedback: 0.0
[INFO] [1789251632.603999685] [nav_goal_sender]: cycle 17 feedback: 0.0
[INFO] [1789251632.614239739] [nav_goal_sender]: cycle 17 feedback: 0.0
[INFO] [1789251632.623671389] [nav_goal_sender]: cycle 17 feedback: 0.0
[INFO] [1789251632.634110044] [nav_goal_sender]: cycle 17 feedback: 0.0
[INFO] [1789251632.643657895] [nav_goal_sender]: cycle 17 feedback: 0.0
[INFO] [1789251632.654005450] [nav_goal_sender]: cycle 17 feedback: 0.0
[INFO] [1789251632.663915502] [nav_goal_sender]: cycle 17 feedback: 0.0
[INFO] [1789251632.674358657] [nav_goal_sender]: cycle 17 feedback: 0.0
[INFO] [1789251632.683787807] [nav_goal_sender]: cycle 17 feedback: 0.0
[INFO] [1789251632.694077362] [nav_goal_sender]: cycle 17 feedback: 0.0
[INFO] [1789251632.703557212] [nav_goal_sender]: cycle 17 feedback: 0.0
[INFO] [1789251632.713747066] [nav_goal_sender]: cycle 17 feedback: 0.0
[INFO] [1789251632.724019120] [nav_goal_sender]: cycle 17 feedback: 0.0
[INFO] [1789251632.734157374] [nav_goal_sender]: cycle 17 feedback: 0.0
[INFO] [1789251632.743817125] [nav_goal_sender]: cycle 17 feedback: 0.0
[INFO] [1789251632.754565282] [nav_goal_sender]: cycle 17 feedback: 0.0
[INFO] [1789251632.763825431] [nav_goal_sender]: cycle 17 feedback: 0.0
[INFO] [1789251632.773842284] [nav_goal_sender]: cycle 17 feedback: 0.0
[INFO] [1789251632.783540935] [nav_goal_sender]: cycle 17 feedback: 0.0
[INFO] [1789251632.793596788] [nav_goal_sender]: cycle 17 feedback: 0.0
[INFO] [1789251632.803537641] [nav_goal_sender]: cycle 17 feedback: 0.0
[INFO] [1789251632.813827195] [nav_goal_sender]: cycle 17 feedback: 0.0
[INFO] [1789251632.823600547] [nav_goal_sender]: cycle 17 feedback: 0.0
[INFO] [1789251632.833628800] [nav_goal_sender]: cycle 17 feedback: 0.0
[INFO] [1789251632.843651353] [nav_goal_sender]: cycle 17 feedback: 0.0
[INFO] [1789251632.854228109] [nav_goal_sender]: cycle 17 feedback: 0.0
[INFO] [1789251632.863815060] [nav_goal_sender]: cycle 17 feedback: 0.0
[INFO] [1789251632.874050614] [nav_goal_sender]: cycle 17 feedback: 0.0
[INFO] [1789251632.884656670] [nav_goal_sender]: cycle 17 feedback: 0.0
[INFO] [1789251632.893729818] [nav_goal_sender]: cycle 17 feedback: 0.0
[INFO] [1789251632.903814571] [nav_goal_sender]: cycle 17 feedback: 0.0
[INFO] [1789251632.914178026] [nav_goal_sender]: cycle 17 feedback: 0.0
[INFO] [1789251632.923784677] [nav_goal_sender]: cycle 17 feedback: 0.0
[INFO] [1789251632.933589029] [nav_goal_sender]: cycle 17 feedback: 0.0
[INFO] [1789251632.944121084] [nav_goal_sender]: cycle 17 feedback: 0.0
[INFO] [1789251632.953633135] [nav_goal_sender]: cycle 17 feedback: 0.0
[INFO] [1789251632.963681788] [nav_goal_sender]: cycle 17 feedback: 0.0
[INFO] [1789251632.974405245] [nav_goal_sender]: cycle 17 feedback: 0.0
[INFO] [1789251632.985871705] [nav_goal_sender]: cycle 17 feedback: 0.0
[INFO] [1789251632.994016048] [nav_goal_sender]: cycle 17 feedback: 0.0
[INFO] [1789251633.003940201] [nav_goal_sender]: cycle 17 feedback: 0.0
[INFO] [1789251633.014134155] [nav_goal_sender]: cycle 17 feedback: 0.0
[INFO] [1789251633.023797306] [nav_goal_sender]: cycle 17 feedback: 0.0
[INFO] [1789251633.033545857] [nav_goal_sender]: cycle 17 feedback: 0.0
[INFO] [1789251633.043881912] [nav_goal_sender]: cycle 17 feedback: 0.0
[INFO] [1789251633.054101266] [nav_goal_sender]: cycle 17 feedback: 0.0
[INFO] [1789251633.064151019] [nav_goal_sender]: cycle 17 feedback: 0.0
[INFO] [1789251633.073829571] [nav_goal_sender]: cycle 17 feedback: 0.0
[INFO] [1789251633.083575022] [nav_goal_sender]: cycle 17 feedback: 0.0
[INFO] [1789251633.093572775] [nav_goal_sender]: cycle 17 feedback: 0.0
[INFO] [1789251633.103710829] [nav_goal_sender]: cycle 17 feedback: 0.0
[INFO] [1789251633.114326185] [nav_goal_sender]: cycle 17 feedback: 0.0
[INFO] [1789251633.123761035] [nav_goal_sender]: cycle 17 feedback: 0.0
[INFO] [1789251633.133711787] [nav_goal_sender]: cycle 17 feedback: 0.0
[INFO] [1789251633.143736640] [nav_goal_sender]: cycle 17 feedback: 0.0
[INFO] [1789251633.153936894] [nav_goal_sender]: cycle 17 feedback: 0.0
[INFO] [1789251633.164152048] [nav_goal_sender]: cycle 17 feedback: 0.0
[INFO] [1789251633.174006800] [nav_goal_sender]: cycle 17 feedback: 0.0
[INFO] [1789251633.183932953] [nav_goal_sender]: cycle 17 feedback: 0.0
[INFO] [1789251633.193864506] [nav_goal_sender]: cycle 17 feedback: 0.0
[INFO] [1789251633.204049459] [nav_goal_sender]: cycle 17 feedback: 0.0
[INFO] [1789251633.213790611] [nav_goal_sender]: cycle 17 feedback: 0.0
[INFO] [1789251633.224455367] [nav_goal_sender]: cycle 17 feedback: 0.0
[INFO] [1789251633.233565816] [nav_goal_sender]: cycle 17 feedback: 0.0
[INFO] [1789251633.243655369] [nav_goal_sender]: cycle 17 feedback: 0.0
[INFO] [1789251633.254778528] [nav_goal_sender]: cycle 17 feedback: 3.1418867111206055
[INFO] [1789251633.264213278] [nav_goal_sender]: cycle 17 feedback: 3.1418867111206055
[INFO] [1789251633.273632528] [nav_goal_sender]: cycle 17 feedback: 3.1418867111206055
[INFO] [1789251633.283965482] [nav_goal_sender]: cycle 17 feedback: 3.1418867111206055
[INFO] [1789251633.293857634] [nav_goal_sender]: cycle 17 feedback: 3.1418867111206055
[INFO] [1789251633.303767387] [nav_goal_sender]: cycle 17 feedback: 3.1418867111206055
[INFO] [1789251633.313874140] [nav_goal_sender]: cycle 17 feedback: 3.1418867111206055
[INFO] [1789251633.323892693] [nav_goal_sender]: cycle 17 feedback: 3.1418867111206055
[INFO] [1789251633.333813346] [nav_goal_sender]: cycle 17 feedback: 3.1418867111206055
[INFO] [1789251633.344093000] [nav_goal_sender]: cycle 17 feedback: 3.1418867111206055
[INFO] [1789251633.353921052] [nav_goal_sender]: cycle 17 feedback: 3.1418867111206055
[INFO] [1789251633.363551003] [nav_goal_sender]: cycle 17 feedback: 3.1418867111206055
[INFO] [1789251633.385652420] [nav_goal_sender]: cycle 17 goal FINISHED: status=6 (re-sending after 1s pause)
[INFO] [1789251634.389362730] [nav_goal_sender]: cycle 18: sending goal x=4.000 y=4.000 yaw=0.000
[INFO] [1789251634.390946338] [nav_goal_sender]: cycle 18 goal ACCEPTED: True
[INFO] [1789251634.392581947] [nav_goal_sender]: cycle 18 feedback: 0.0
[INFO] [1789251634.401364293] [nav_goal_sender]: cycle 18 feedback: 0.0
[INFO] [1789251634.412438652] [nav_goal_sender]: cycle 18 feedback: 7.124795436859131
[INFO] [1789251634.421576900] [nav_goal_sender]: cycle 18 feedback: 7.124795436859131
[INFO] [1789251634.431274951] [nav_goal_sender]: cycle 18 feedback: 7.124795436859131
[INFO] [1789251634.441277104] [nav_goal_sender]: cycle 18 feedback: 7.124795436859131
[INFO] [1789251634.451177057] [nav_goal_sender]: cycle 18 feedback: 7.124795436859131
[INFO] [1789251634.461275810] [nav_goal_sender]: cycle 18 feedback: 7.124795436859131
[INFO] [1789251634.471350563] [nav_goal_sender]: cycle 18 feedback: 7.124795436859131
[INFO] [1789251634.481264116] [nav_goal_sender]: cycle 18 feedback: 7.124795436859131
[INFO] [1789251634.491245069] [nav_goal_sender]: cycle 18 feedback: 7.124795436859131
[INFO] [1789251634.501284022] [nav_goal_sender]: cycle 18 feedback: 7.124795436859131
[INFO] [1789251634.511284475] [nav_goal_sender]: cycle 18 feedback: 7.124795436859131
[INFO] [1789251634.521340028] [nav_goal_sender]: cycle 18 feedback: 7.124795436859131
[INFO] [1789251634.531157980] [nav_goal_sender]: cycle 18 feedback: 7.124795436859131
[INFO] [1789251634.541217733] [nav_goal_sender]: cycle 18 feedback: 7.124795436859131
[INFO] [1789251634.551167786] [nav_goal_sender]: cycle 18 feedback: 7.124795436859131
[INFO] [1789251634.561313539] [nav_goal_sender]: cycle 18 feedback: 7.124795436859131
[INFO] [1789251634.571421293] [nav_goal_sender]: cycle 18 feedback: 7.124795436859131
[INFO] [1789251634.581192744] [nav_goal_sender]: cycle 18 feedback: 7.124795436859131
[INFO] [1789251634.591202497] [nav_goal_sender]: cycle 18 feedback: 7.124795436859131
[INFO] [1789251634.601525352] [nav_goal_sender]: cycle 18 feedback: 7.124795436859131
[INFO] [1789251634.611500305] [nav_goal_sender]: cycle 18 feedback: 7.124795436859131
[INFO] [1789251634.621621958] [nav_goal_sender]: cycle 18 feedback: 7.124795436859131
[INFO] [1789251634.631178809] [nav_goal_sender]: cycle 18 feedback: 7.124795436859131
[INFO] [1789251634.641172062] [nav_goal_sender]: cycle 18 feedback: 7.124795436859131
[INFO] [1789251634.651226715] [nav_goal_sender]: cycle 18 feedback: 7.124795436859131
[INFO] [1789251634.661268568] [nav_goal_sender]: cycle 18 feedback: 7.124795436859131
[INFO] [1789251634.671606723] [nav_goal_sender]: cycle 18 feedback: 7.124795436859131
[INFO] [1789251634.681584276] [nav_goal_sender]: cycle 18 feedback: 7.124795436859131
[INFO] [1789251634.691436728] [nav_goal_sender]: cycle 18 feedback: 7.124795436859131
[INFO] [1789251634.701260280] [nav_goal_sender]: cycle 18 feedback: 7.124795436859131
[INFO] [1789251634.711258732] [nav_goal_sender]: cycle 18 feedback: 7.124795436859131
[INFO] [1789251634.721655987] [nav_goal_sender]: cycle 18 feedback: 7.124795436859131
[INFO] [1789251634.731834641] [nav_goal_sender]: cycle 18 feedback: 7.124795436859131
[INFO] [1789251634.741580793] [nav_goal_sender]: cycle 18 feedback: 7.124795436859131
[INFO] [1789251634.751784147] [nav_goal_sender]: cycle 18 feedback: 7.124795436859131
[INFO] [1789251634.762280702] [nav_goal_sender]: cycle 18 feedback: 7.124795436859131
[INFO] [1789251634.771762253] [nav_goal_sender]: cycle 18 feedback: 7.124795436859131
[INFO] [1789251634.781770305] [nav_goal_sender]: cycle 18 feedback: 7.124795436859131
[INFO] [1789251634.791418857] [nav_goal_sender]: cycle 18 feedback: 7.124795436859131
[INFO] [1789251634.801713911] [nav_goal_sender]: cycle 18 feedback: 7.124795436859131
[INFO] [1789251634.811387562] [nav_goal_sender]: cycle 18 feedback: 7.124795436859131
[INFO] [1789251634.822260320] [nav_goal_sender]: cycle 18 feedback: 7.124795436859131
[INFO] [1789251634.831909571] [nav_goal_sender]: cycle 18 feedback: 7.124795436859131
[INFO] [1789251634.841391321] [nav_goal_sender]: cycle 18 feedback: 7.124795436859131
[INFO] [1789251634.851756376] [nav_goal_sender]: cycle 18 feedback: 7.124795436859131
[INFO] [1789251634.861467127] [nav_goal_sender]: cycle 18 feedback: 7.124795436859131
[INFO] [1789251634.871835482] [nav_goal_sender]: cycle 18 feedback: 7.124795436859131
[INFO] [1789251634.881895835] [nav_goal_sender]: cycle 18 feedback: 7.124795436859131
[INFO] [1789251634.891477886] [nav_goal_sender]: cycle 18 feedback: 7.124795436859131
[INFO] [1789251634.901514739] [nav_goal_sender]: cycle 18 feedback: 7.124795436859131
[INFO] [1789251634.911375391] [nav_goal_sender]: cycle 18 feedback: 7.124795436859131
[INFO] [1789251634.921595945] [nav_goal_sender]: cycle 18 feedback: 7.124795436859131
[INFO] [1789251634.931505198] [nav_goal_sender]: cycle 18 feedback: 7.124795436859131
[INFO] [1789251634.941334950] [nav_goal_sender]: cycle 18 feedback: 7.124795436859131
[INFO] [1789251634.951150802] [nav_goal_sender]: cycle 18 feedback: 7.124795436859131
[INFO] [1789251634.961297855] [nav_goal_sender]: cycle 18 feedback: 7.124795436859131
[INFO] [1789251634.972348514] [nav_goal_sender]: cycle 18 feedback: 7.124795436859131
[INFO] [1789251634.981737863] [nav_goal_sender]: cycle 18 feedback: 7.124795436859131
[INFO] [1789251634.991428315] [nav_goal_sender]: cycle 18 feedback: 7.124795436859131
[INFO] [1789251635.001496368] [nav_goal_sender]: cycle 18 feedback: 7.124795436859131
[INFO] [1789251635.011254919] [nav_goal_sender]: cycle 18 feedback: 7.124795436859131
[INFO] [1789251635.022418879] [nav_goal_sender]: cycle 18 feedback: 7.124795436859131
[INFO] [1789251635.031524027] [nav_goal_sender]: cycle 18 feedback: 7.124795436859131
[INFO] [1789251635.041442679] [nav_goal_sender]: cycle 18 feedback: 7.124795436859131
[INFO] [1789251635.051239731] [nav_goal_sender]: cycle 18 feedback: 7.124795436859131
[INFO] [1789251635.062005488] [nav_goal_sender]: cycle 18 feedback: 7.124795436859131
[INFO] [1789251635.071715739] [nav_goal_sender]: cycle 18 feedback: 7.124795436859131
[INFO] [1789251635.081884193] [nav_goal_sender]: cycle 18 feedback: 7.124795436859131
[INFO] [1789251635.091232843] [nav_goal_sender]: cycle 18 feedback: 7.124795436859131
[INFO] [1789251635.101894999] [nav_goal_sender]: cycle 18 feedback: 7.124795436859131
[INFO] [1789251635.111221048] [nav_goal_sender]: cycle 18 feedback: 7.124795436859131
[INFO] [1789251635.121809604] [nav_goal_sender]: cycle 18 feedback: 7.124795436859131
[INFO] [1789251635.131490455] [nav_goal_sender]: cycle 18 feedback: 7.124795436859131
[INFO] [1789251635.141254707] [nav_goal_sender]: cycle 18 feedback: 7.124795436859131
[INFO] [1789251635.151204460] [nav_goal_sender]: cycle 18 feedback: 7.124795436859131
[INFO] [1789251635.162099417] [nav_goal_sender]: cycle 18 feedback: 7.124795436859131
[INFO] [1789251635.171392667] [nav_goal_sender]: cycle 18 feedback: 7.124795436859131
[INFO] [1789251635.181203018] [nav_goal_sender]: cycle 18 feedback: 7.124795436859131
[INFO] [1789251635.191221771] [nav_goal_sender]: cycle 18 feedback: 7.124795436859131
[INFO] [1789251635.201395925] [nav_goal_sender]: cycle 18 feedback: 7.124795436859131
[INFO] [1789251635.211913081] [nav_goal_sender]: cycle 18 feedback: 7.124795436859131
[INFO] [1789251635.221843533] [nav_goal_sender]: cycle 18 feedback: 7.124795436859131
[INFO] [1789251635.231834286] [nav_goal_sender]: cycle 18 feedback: 7.124795436859131
[INFO] [1789251635.241708339] [nav_goal_sender]: cycle 18 feedback: 7.124795436859131
[INFO] [1789251635.251163189] [nav_goal_sender]: cycle 18 feedback: 7.124795436859131
[INFO] [1789251635.261496243] [nav_goal_sender]: cycle 18 feedback: 7.124795436859131
[INFO] [1789251635.271639397] [nav_goal_sender]: cycle 18 feedback: 7.124795436859131
[INFO] [1789251635.281590450] [nav_goal_sender]: cycle 18 feedback: 7.124795436859131
[INFO] [1789251635.291542102] [nav_goal_sender]: cycle 18 feedback: 7.124795436859131
[INFO] [1789251635.301232653] [nav_goal_sender]: cycle 18 feedback: 7.124795436859131
[INFO] [1789251635.311276407] [nav_goal_sender]: cycle 18 feedback: 7.124795436859131
[INFO] [1789251635.321304360] [nav_goal_sender]: cycle 18 feedback: 7.124795436859131
[INFO] [1789251635.331293912] [nav_goal_sender]: cycle 18 feedback: 7.124795436859131
[INFO] [1789251635.341280065] [nav_goal_sender]: cycle 18 feedback: 7.124795436859131
[INFO] [1789251635.351161718] [nav_goal_sender]: cycle 18 feedback: 7.124795436859131
[INFO] [1789251635.361297571] [nav_goal_sender]: cycle 18 feedback: 7.124795436859131
[INFO] [1789251635.371300524] [nav_goal_sender]: cycle 18 feedback: 7.124795436859131
[INFO] [1789251635.381315577] [nav_goal_sender]: cycle 18 feedback: 7.124795436859131
[INFO] [1789251635.391199929] [nav_goal_sender]: cycle 18 feedback: 7.124795436859131
[INFO] [1789251635.401679985] [nav_goal_sender]: cycle 18 feedback: 7.124795436859131
[INFO] [1789251635.411756538] [nav_goal_sender]: cycle 18 feedback: 7.124795436859131
[INFO] [1789251635.423324599] [nav_goal_sender]: cycle 18 feedback: 7.1272807121276855
[INFO] [1789251635.431590743] [nav_goal_sender]: cycle 18 feedback: 7.1272807121276855
[INFO] [1789251635.441609196] [nav_goal_sender]: cycle 18 feedback: 7.1272807121276855
[INFO] [1789251635.451145046] [nav_goal_sender]: cycle 18 feedback: 7.070710182189941
[INFO] [1789251635.461520901] [nav_goal_sender]: cycle 18 feedback: 7.070710182189941
[INFO] [1789251635.471842956] [nav_goal_sender]: cycle 18 feedback: 7.070710182189941
[INFO] [1789251635.481644108] [nav_goal_sender]: cycle 18 feedback: 7.070710182189941
[INFO] [1789251635.491729761] [nav_goal_sender]: cycle 18 feedback: 7.070710182189941
[INFO] [1789251635.501220711] [nav_goal_sender]: cycle 18 feedback: 7.070710182189941
[INFO] [1789251635.511315365] [nav_goal_sender]: cycle 18 feedback: 7.070710182189941
[INFO] [1789251635.521303918] [nav_goal_sender]: cycle 18 feedback: 7.070710182189941
[INFO] [1789251635.531182970] [nav_goal_sender]: cycle 18 feedback: 7.070710182189941
[INFO] [1789251635.541162323] [nav_goal_sender]: cycle 18 feedback: 7.070710182189941
[INFO] [1789251635.551146275] [nav_goal_sender]: cycle 18 feedback: 7.070710182189941
[INFO] [1789251635.561351929] [nav_goal_sender]: cycle 18 feedback: 7.070710182189941
[INFO] [1789251635.571357882] [nav_goal_sender]: cycle 18 feedback: 7.070710182189941
[INFO] [1789251635.581907838] [nav_goal_sender]: cycle 18 feedback: 7.070710182189941
[INFO] [1789251635.591315688] [nav_goal_sender]: cycle 18 feedback: 7.070710182189941
[INFO] [1789251635.601440941] [nav_goal_sender]: cycle 18 feedback: 7.070710182189941
[INFO] [1789251635.611688896] [nav_goal_sender]: cycle 18 feedback: 7.070710182189941
[INFO] [1789251635.621403447] [nav_goal_sender]: cycle 18 feedback: 7.070710182189941
[INFO] [1789251635.631234699] [nav_goal_sender]: cycle 18 feedback: 7.070710182189941
[INFO] [1789251635.641739855] [nav_goal_sender]: cycle 18 feedback: 7.070710182189941
[INFO] [1789251635.651317705] [nav_goal_sender]: cycle 18 feedback: 7.070710182189941
[INFO] [1789251635.661347858] [nav_goal_sender]: cycle 18 feedback: 7.070710182189941
[INFO] [1789251635.671804214] [nav_goal_sender]: cycle 18 feedback: 7.070710182189941
[INFO] [1789251635.681780366] [nav_goal_sender]: cycle 18 feedback: 7.070710182189941
[INFO] [1789251635.692126321] [nav_goal_sender]: cycle 18 feedback: 7.1272807121276855
[INFO] [1789251635.701255670] [nav_goal_sender]: cycle 18 feedback: 7.1272807121276855
[INFO] [1789251635.712276728] [nav_goal_sender]: cycle 18 feedback: 7.1272807121276855
[INFO] [1789251635.721552977] [nav_goal_sender]: cycle 18 feedback: 7.1272807121276855
[INFO] [1789251635.731457129] [nav_goal_sender]: cycle 18 feedback: 7.1272807121276855
[INFO] [1789251635.741475082] [nav_goal_sender]: cycle 18 feedback: 7.1272807121276855
[INFO] [1789251635.751513235] [nav_goal_sender]: cycle 18 feedback: 7.1272807121276855
[INFO] [1789251635.761851390] [nav_goal_sender]: cycle 18 feedback: 7.1272807121276855
[INFO] [1789251635.771689042] [nav_goal_sender]: cycle 18 feedback: 7.1272807121276855
[INFO] [1789251635.781718995] [nav_goal_sender]: cycle 18 feedback: 7.1272807121276855
[INFO] [1789251635.791576547] [nav_goal_sender]: cycle 18 feedback: 7.1272807121276855
[INFO] [1789251635.801485200] [nav_goal_sender]: cycle 18 feedback: 7.1272807121276855
[INFO] [1789251635.812121256] [nav_goal_sender]: cycle 18 feedback: 7.1272807121276855
[INFO] [1789251635.821672207] [nav_goal_sender]: cycle 18 feedback: 7.1272807121276855
[INFO] [1789251635.831556759] [nav_goal_sender]: cycle 18 feedback: 7.1272807121276855
[INFO] [1789251635.841476011] [nav_goal_sender]: cycle 18 feedback: 7.1272807121276855
[INFO] [1789251635.851150862] [nav_goal_sender]: cycle 18 feedback: 7.1272807121276855
[INFO] [1789251635.861406517] [nav_goal_sender]: cycle 18 feedback: 7.1272807121276855
[INFO] [1789251635.871361569] [nav_goal_sender]: cycle 18 feedback: 7.1272807121276855
[INFO] [1789251635.881456923] [nav_goal_sender]: cycle 18 feedback: 7.1272807121276855
[INFO] [1789251635.891314375] [nav_goal_sender]: cycle 18 feedback: 7.1272807121276855
[INFO] [1789251635.901237527] [nav_goal_sender]: cycle 18 feedback: 7.1272807121276855
[INFO] [1789251635.911244380] [nav_goal_sender]: cycle 18 feedback: 7.1272807121276855
[INFO] [1789251635.921405834] [nav_goal_sender]: cycle 18 feedback: 7.1272807121276855
[INFO] [1789251635.931186186] [nav_goal_sender]: cycle 18 feedback: 7.1272807121276855
[INFO] [1789251635.941254939] [nav_goal_sender]: cycle 18 feedback: 7.1272807121276855
[INFO] [1789251635.951185192] [nav_goal_sender]: cycle 18 feedback: 7.1272807121276855
[INFO] [1789251635.961231845] [nav_goal_sender]: cycle 18 feedback: 7.1272807121276855
[INFO] [1789251635.971341798] [nav_goal_sender]: cycle 18 feedback: 7.1272807121276855
[INFO] [1789251635.981349051] [nav_goal_sender]: cycle 18 feedback: 7.1272807121276855
[INFO] [1789251635.991336904] [nav_goal_sender]: cycle 18 feedback: 7.1272807121276855
[INFO] [1789251636.001264357] [nav_goal_sender]: cycle 18 feedback: 7.1272807121276855
[INFO] [1789251636.011329910] [nav_goal_sender]: cycle 18 feedback: 7.1272807121276855
[INFO] [1789251636.021503964] [nav_goal_sender]: cycle 18 feedback: 7.1272807121276855
[INFO] [1789251636.031605317] [nav_goal_sender]: cycle 18 feedback: 7.1272807121276855
[INFO] [1789251636.041228368] [nav_goal_sender]: cycle 18 feedback: 7.1272807121276855
[INFO] [1789251636.051198821] [nav_goal_sender]: cycle 18 feedback: 7.1272807121276855
[INFO] [1789251636.061342674] [nav_goal_sender]: cycle 18 feedback: 7.1272807121276855
[INFO] [1789251636.071411928] [nav_goal_sender]: cycle 18 feedback: 7.1272807121276855
[INFO] [1789251636.081478781] [nav_goal_sender]: cycle 18 feedback: 7.1272807121276855
[INFO] [1789251636.091368933] [nav_goal_sender]: cycle 18 feedback: 7.1272807121276855
[INFO] [1789251636.101281486] [nav_goal_sender]: cycle 18 feedback: 7.1272807121276855
[INFO] [1789251636.111310939] [nav_goal_sender]: cycle 18 feedback: 7.1272807121276855
[INFO] [1789251636.121344692] [nav_goal_sender]: cycle 18 feedback: 7.1272807121276855
[INFO] [1789251636.131264644] [nav_goal_sender]: cycle 18 feedback: 7.1272807121276855
[INFO] [1789251636.141232697] [nav_goal_sender]: cycle 18 feedback: 7.1272807121276855
[INFO] [1789251636.151225050] [nav_goal_sender]: cycle 18 feedback: 7.1272807121276855
[INFO] [1789251636.161396604] [nav_goal_sender]: cycle 18 feedback: 7.1272807121276855
[INFO] [1789251636.171469557] [nav_goal_sender]: cycle 18 feedback: 7.1272807121276855
[INFO] [1789251636.181279509] [nav_goal_sender]: cycle 18 feedback: 7.1272807121276855
[INFO] [1789251636.191329162] [nav_goal_sender]: cycle 18 feedback: 7.1272807121276855
[INFO] [1789251636.201496016] [nav_goal_sender]: cycle 18 feedback: 7.1272807121276855
[INFO] [1789251636.211294968] [nav_goal_sender]: cycle 18 feedback: 7.1272807121276855
[INFO] [1789251636.221454021] [nav_goal_sender]: cycle 18 feedback: 7.1272807121276855
[INFO] [1789251636.231253373] [nav_goal_sender]: cycle 18 feedback: 7.1272807121276855
[INFO] [1789251636.241231826] [nav_goal_sender]: cycle 18 feedback: 7.1272807121276855
[INFO] [1789251636.251193579] [nav_goal_sender]: cycle 18 feedback: 7.1272807121276855
[INFO] [1789251636.261286532] [nav_goal_sender]: cycle 18 feedback: 7.1272807121276855
[INFO] [1789251636.271562186] [nav_goal_sender]: cycle 18 feedback: 7.1272807121276855
[INFO] [1789251636.281352538] [nav_goal_sender]: cycle 18 feedback: 7.1272807121276855
[INFO] [1789251636.291235790] [nav_goal_sender]: cycle 18 feedback: 7.070710182189941
[INFO] [1789251636.301735046] [nav_goal_sender]: cycle 18 feedback: 7.070710182189941
[INFO] [1789251636.311355297] [nav_goal_sender]: cycle 18 feedback: 7.070710182189941
[INFO] [1789251636.321717152] [nav_goal_sender]: cycle 18 feedback: 7.070710182189941
[INFO] [1789251636.331563404] [nav_goal_sender]: cycle 18 feedback: 7.070710182189941
[INFO] [1789251636.341608457] [nav_goal_sender]: cycle 18 feedback: 7.070710182189941
[INFO] [1789251636.351188808] [nav_goal_sender]: cycle 18 feedback: 7.070710182189941
[INFO] [1789251636.361873564] [nav_goal_sender]: cycle 18 feedback: 7.070710182189941
[INFO] [1789251636.371518015] [nav_goal_sender]: cycle 18 feedback: 7.070710182189941
[INFO] [1789251636.381449468] [nav_goal_sender]: cycle 18 feedback: 7.070710182189941
[INFO] [1789251636.391311020] [nav_goal_sender]: cycle 18 feedback: 7.070710182189941
[INFO] [1789251636.401300273] [nav_goal_sender]: cycle 18 feedback: 7.070710182189941
[INFO] [1789251636.411728628] [nav_goal_sender]: cycle 18 feedback: 7.070710182189941
[INFO] [1789251636.421358079] [nav_goal_sender]: cycle 18 feedback: 7.070710182189941
[INFO] [1789251636.431614833] [nav_goal_sender]: cycle 18 feedback: 7.070710182189941
[INFO] [1789251636.441828487] [nav_goal_sender]: cycle 18 feedback: 7.070710182189941
[INFO] [1789251636.452760745] [nav_goal_sender]: cycle 18 feedback: 7.083846569061279
[INFO] [1789251636.461383991] [nav_goal_sender]: cycle 18 feedback: 7.083846569061279
[INFO] [1789251636.471943546] [nav_goal_sender]: cycle 18 feedback: 7.083846569061279
[INFO] [1789251636.481243296] [nav_goal_sender]: cycle 18 feedback: 7.083846569061279
[INFO] [1789251636.491264249] [nav_goal_sender]: cycle 18 feedback: 7.083846569061279
[INFO] [1789251636.501589903] [nav_goal_sender]: cycle 18 feedback: 7.083846569061279
[INFO] [1789251636.511463055] [nav_goal_sender]: cycle 18 feedback: 7.083846569061279
[INFO] [1789251636.521480708] [nav_goal_sender]: cycle 18 feedback: 7.083846569061279
[INFO] [1789251636.531441061] [nav_goal_sender]: cycle 18 feedback: 7.083846569061279
[INFO] [1789251636.541156012] [nav_goal_sender]: cycle 18 feedback: 7.083846569061279
[INFO] [1789251636.551168765] [nav_goal_sender]: cycle 18 feedback: 7.083846569061279
[INFO] [1789251636.562834827] [nav_goal_sender]: cycle 18 feedback: 7.083846569061279
[INFO] [1789251636.571693074] [nav_goal_sender]: cycle 18 feedback: 7.083846569061279
[INFO] [1789251636.581496926] [nav_goal_sender]: cycle 18 feedback: 7.083846569061279
[INFO] [1789251636.592095382] [nav_goal_sender]: cycle 18 feedback: 7.083846569061279
[INFO] [1789251636.601568532] [nav_goal_sender]: cycle 18 feedback: 7.083846569061279
[INFO] [1789251636.612204388] [nav_goal_sender]: cycle 18 feedback: 7.083846569061279
[INFO] [1789251636.621679538] [nav_goal_sender]: cycle 18 feedback: 7.083846569061279
[INFO] [1789251636.631230989] [nav_goal_sender]: cycle 18 feedback: 7.083846569061279
[INFO] [1789251636.641566744] [nav_goal_sender]: cycle 18 feedback: 7.083846569061279
[INFO] [1789251636.651199095] [nav_goal_sender]: cycle 18 feedback: 7.083846569061279
[INFO] [1789251636.661297148] [nav_goal_sender]: cycle 18 feedback: 7.083846569061279
[INFO] [1789251636.671383401] [nav_goal_sender]: cycle 18 feedback: 7.083846569061279
[INFO] [1789251636.681205053] [nav_goal_sender]: cycle 18 feedback: 7.083846569061279
[INFO] [1789251636.691359207] [nav_goal_sender]: cycle 18 feedback: 7.083846569061279
[INFO] [1789251636.701326260] [nav_goal_sender]: cycle 18 feedback: 7.083846569061279
[INFO] [1789251636.711708215] [nav_goal_sender]: cycle 18 feedback: 7.045710563659668
[INFO] [1789251636.721568167] [nav_goal_sender]: cycle 18 feedback: 7.045710563659668
[INFO] [1789251636.731340419] [nav_goal_sender]: cycle 18 feedback: 7.045710563659668
[INFO] [1789251636.741283971] [nav_goal_sender]: cycle 18 feedback: 7.045710563659668
[INFO] [1789251636.751240024] [nav_goal_sender]: cycle 18 feedback: 7.045710563659668
[INFO] [1789251636.761546878] [nav_goal_sender]: cycle 18 feedback: 7.045710563659668
[INFO] [1789251636.771747032] [nav_goal_sender]: cycle 18 feedback: 7.045710563659668
[INFO] [1789251636.781341683] [nav_goal_sender]: cycle 18 feedback: 7.045710563659668
[INFO] [1789251636.791485337] [nav_goal_sender]: cycle 18 feedback: 7.045710563659668
[INFO] [1789251636.801442989] [nav_goal_sender]: cycle 18 feedback: 7.045710563659668
[INFO] [1789251636.811424242] [nav_goal_sender]: cycle 18 feedback: 7.045710563659668
[INFO] [1789251636.821487895] [nav_goal_sender]: cycle 18 feedback: 7.045710563659668
[INFO] [1789251636.831536549] [nav_goal_sender]: cycle 18 feedback: 7.020710468292236
[INFO] [1789251636.841248200] [nav_goal_sender]: cycle 18 feedback: 7.020710468292236
[INFO] [1789251636.851240053] [nav_goal_sender]: cycle 18 feedback: 7.020710468292236
[INFO] [1789251636.861477707] [nav_goal_sender]: cycle 18 feedback: 7.020710468292236
[INFO] [1789251636.871473360] [nav_goal_sender]: cycle 18 feedback: 7.020710468292236
[INFO] [1789251636.881236811] [nav_goal_sender]: cycle 18 feedback: 7.020710468292236
[INFO] [1789251636.891561066] [nav_goal_sender]: cycle 18 feedback: 7.083846569061279
[INFO] [1789251636.901578319] [nav_goal_sender]: cycle 18 feedback: 7.083846569061279
[INFO] [1789251636.911271370] [nav_goal_sender]: cycle 18 feedback: 7.083846569061279
[INFO] [1789251636.921374324] [nav_goal_sender]: cycle 18 feedback: 7.083846569061279
[INFO] [1789251636.931274276] [nav_goal_sender]: cycle 18 feedback: 7.083846569061279
[INFO] [1789251636.941263729] [nav_goal_sender]: cycle 18 feedback: 7.083846569061279
[INFO] [1789251636.951320482] [nav_goal_sender]: cycle 18 feedback: 7.083846569061279
[INFO] [1789251636.961511336] [nav_goal_sender]: cycle 18 feedback: 7.083846569061279
[INFO] [1789251636.971557289] [nav_goal_sender]: cycle 18 feedback: 7.083846569061279
[INFO] [1789251636.981384941] [nav_goal_sender]: cycle 18 feedback: 7.083846569061279
[INFO] [1789251636.991358994] [nav_goal_sender]: cycle 18 feedback: 7.083846569061279
[INFO] [1789251637.001477848] [nav_goal_sender]: cycle 18 feedback: 7.083846569061279
[INFO] [1789251637.012231604] [nav_goal_sender]: cycle 18 feedback: 7.083846569061279
[INFO] [1789251637.022269358] [nav_goal_sender]: cycle 18 feedback: 7.083846569061279
[INFO] [1789251637.035787929] [nav_goal_sender]: cycle 18 feedback: 7.083846569061279
[INFO] [1789251637.042052762] [nav_goal_sender]: cycle 18 feedback: 7.083846569061279
[INFO] [1789251637.055338632] [nav_goal_sender]: cycle 18 feedback: 7.083846569061279
[INFO] [1789251637.065319685] [nav_goal_sender]: cycle 18 feedback: 7.083846569061279
[INFO] [1789251637.072918125] [nav_goal_sender]: cycle 18 feedback: 7.083846569061279
[INFO] [1789251637.081733072] [nav_goal_sender]: cycle 18 feedback: 7.083846569061279
[INFO] [1789251637.091654825] [nav_goal_sender]: cycle 18 feedback: 7.083846569061279
[INFO] [1789251637.101491777] [nav_goal_sender]: cycle 18 feedback: 7.083846569061279
[INFO] [1789251637.111612330] [nav_goal_sender]: cycle 18 feedback: 7.083846569061279
[INFO] [1789251637.121805684] [nav_goal_sender]: cycle 18 feedback: 7.083846569061279
[INFO] [1789251637.131642136] [nav_goal_sender]: cycle 18 feedback: 7.083846569061279
[INFO] [1789251637.141575589] [nav_goal_sender]: cycle 18 feedback: 7.083846569061279
[INFO] [1789251637.151464641] [nav_goal_sender]: cycle 18 feedback: 7.083846569061279
[INFO] [1789251637.161273193] [nav_goal_sender]: cycle 18 feedback: 7.083846569061279
[INFO] [1789251637.171447247] [nav_goal_sender]: cycle 18 feedback: 7.083846569061279
[INFO] [1789251637.181512500] [nav_goal_sender]: cycle 18 feedback: 7.083846569061279
[INFO] [1789251637.191826854] [nav_goal_sender]: cycle 18 feedback: 7.083846569061279
[INFO] [1789251637.201727607] [nav_goal_sender]: cycle 18 feedback: 7.083846569061279
[INFO] [1789251637.213646570] [nav_goal_sender]: cycle 18 feedback: 7.083846569061279
[INFO] [1789251637.221719813] [nav_goal_sender]: cycle 18 feedback: 7.083846569061279
[INFO] [1789251637.231528764] [nav_goal_sender]: cycle 18 feedback: 7.083846569061279
[INFO] [1789251637.241433117] [nav_goal_sender]: cycle 18 feedback: 7.083846569061279
[INFO] [1789251637.251351369] [nav_goal_sender]: cycle 18 feedback: 7.083846569061279
[INFO] [1789251637.261352922] [nav_goal_sender]: cycle 18 feedback: 7.083846569061279
[INFO] [1789251637.271624177] [nav_goal_sender]: cycle 18 feedback: 7.083846569061279
[INFO] [1789251637.281519129] [nav_goal_sender]: cycle 18 feedback: 7.083846569061279
[INFO] [1789251637.291508182] [nav_goal_sender]: cycle 18 feedback: 7.083846569061279
[INFO] [1789251637.301494535] [nav_goal_sender]: cycle 18 feedback: 7.083846569061279
[INFO] [1789251637.311342087] [nav_goal_sender]: cycle 18 feedback: 7.083846569061279
[INFO] [1789251637.321648741] [nav_goal_sender]: cycle 18 feedback: 7.083846569061279
[INFO] [1789251637.331385693] [nav_goal_sender]: cycle 18 feedback: 7.083846569061279
[INFO] [1789251637.341427046] [nav_goal_sender]: cycle 18 feedback: 7.083846569061279
[INFO] [1789251637.351349298] [nav_goal_sender]: cycle 18 feedback: 7.083846569061279
[INFO] [1789251637.361410652] [nav_goal_sender]: cycle 18 feedback: 7.083846569061279
[INFO] [1789251637.371580405] [nav_goal_sender]: cycle 18 feedback: 7.083846569061279
[INFO] [1789251637.381372257] [nav_goal_sender]: cycle 18 feedback: 7.083846569061279
[INFO] [1789251637.391495511] [nav_goal_sender]: cycle 18 feedback: 7.083846569061279
[INFO] [1789251637.401354963] [nav_goal_sender]: cycle 18 feedback: 7.083846569061279
[INFO] [1789251637.411389116] [nav_goal_sender]: cycle 18 feedback: 7.083846569061279
[INFO] [1789251637.421450769] [nav_goal_sender]: cycle 18 feedback: 7.083846569061279
[INFO] [1789251637.431294921] [nav_goal_sender]: cycle 18 feedback: 7.083846569061279
[INFO] [1789251637.441378775] [nav_goal_sender]: cycle 18 feedback: 7.083846569061279
[INFO] [1789251637.451220327] [nav_goal_sender]: cycle 18 feedback: 7.083846569061279
[INFO] [1789251637.461615682] [nav_goal_sender]: cycle 18 feedback: 7.083846569061279
[INFO] [1789251637.472136137] [nav_goal_sender]: cycle 18 feedback: 7.262941837310791
[INFO] [1789251637.481224685] [nav_goal_sender]: cycle 18 feedback: 7.262941837310791
[INFO] [1789251637.491212438] [nav_goal_sender]: cycle 18 feedback: 7.220710754394531
[INFO] [1789251637.501389292] [nav_goal_sender]: cycle 18 feedback: 7.220710754394531
[INFO] [1789251637.511165544] [nav_goal_sender]: cycle 18 feedback: 7.220710754394531
[INFO] [1789251637.521256197] [nav_goal_sender]: cycle 18 feedback: 7.220710754394531
[INFO] [1789251637.531128649] [nav_goal_sender]: cycle 18 feedback: 7.220710754394531
[INFO] [1789251637.541238803] [nav_goal_sender]: cycle 18 feedback: 7.220710754394531
[INFO] [1789251637.551146255] [nav_goal_sender]: cycle 18 feedback: 7.220710754394531
[INFO] [1789251637.561468810] [nav_goal_sender]: cycle 18 feedback: 7.220710754394531
[INFO] [1789251637.571357162] [nav_goal_sender]: cycle 18 feedback: 7.220710754394531
[INFO] [1789251637.581279215] [nav_goal_sender]: cycle 18 feedback: 7.220710754394531
[INFO] [1789251637.591225467] [nav_goal_sender]: cycle 18 feedback: 7.220710754394531
[INFO] [1789251637.601210120] [nav_goal_sender]: cycle 18 feedback: 7.220710754394531
[INFO] [1789251637.611278573] [nav_goal_sender]: cycle 18 feedback: 7.220710754394531
[INFO] [1789251637.621322026] [nav_goal_sender]: cycle 18 feedback: 7.220710754394531
[INFO] [1789251637.631234079] [nav_goal_sender]: cycle 18 feedback: 7.220710754394531
[INFO] [1789251637.641221332] [nav_goal_sender]: cycle 18 feedback: 7.220710754394531
[INFO] [1789251637.651152284] [nav_goal_sender]: cycle 18 feedback: 7.220710754394531
[INFO] [1789251637.661218437] [nav_goal_sender]: cycle 18 feedback: 7.220710754394531
[INFO] [1789251637.671298991] [nav_goal_sender]: cycle 18 feedback: 7.220710754394531
[INFO] [1789251637.681181743] [nav_goal_sender]: cycle 18 feedback: 7.220710754394531
[INFO] [1789251637.691297197] [nav_goal_sender]: cycle 18 feedback: 7.220710754394531
[INFO] [1789251637.701305150] [nav_goal_sender]: cycle 18 feedback: 7.220710754394531
[INFO] [1789251637.711176802] [nav_goal_sender]: cycle 18 feedback: 7.220710754394531
[INFO] [1789251637.721378256] [nav_goal_sender]: cycle 18 feedback: 7.220710754394531
[INFO] [1789251637.731208608] [nav_goal_sender]: cycle 18 feedback: 7.220710754394531
[INFO] [1789251637.741164660] [nav_goal_sender]: cycle 18 feedback: 7.220710754394531
[INFO] [1789251637.751188913] [nav_goal_sender]: cycle 18 feedback: 7.220710754394531
[INFO] [1789251637.761553768] [nav_goal_sender]: cycle 18 feedback: 7.220710754394531
[INFO] [1789251637.772209525] [nav_goal_sender]: cycle 18 feedback: 7.220710754394531
[INFO] [1789251637.781189472] [nav_goal_sender]: cycle 18 feedback: 7.220710754394531
[INFO] [1789251637.791142125] [nav_goal_sender]: cycle 18 feedback: 7.220710754394531
[INFO] [1789251637.801220478] [nav_goal_sender]: cycle 18 feedback: 7.220710754394531
[INFO] [1789251637.811218531] [nav_goal_sender]: cycle 18 feedback: 7.220710754394531
[INFO] [1789251637.821348585] [nav_goal_sender]: cycle 18 feedback: 7.220710754394531
[INFO] [1789251637.831254337] [nav_goal_sender]: cycle 18 feedback: 7.220710754394531
[INFO] [1789251637.841262190] [nav_goal_sender]: cycle 18 feedback: 7.220710754394531
[INFO] [1789251637.851167142] [nav_goal_sender]: cycle 18 feedback: 7.220710754394531
[INFO] [1789251637.861479497] [nav_goal_sender]: cycle 18 feedback: 7.220710754394531
[INFO] [1789251637.871304349] [nav_goal_sender]: cycle 18 feedback: 7.262941837310791
[INFO] [1789251637.881249701] [nav_goal_sender]: cycle 18 feedback: 7.262941837310791
[INFO] [1789251637.891169054] [nav_goal_sender]: cycle 18 feedback: 7.262941837310791
[INFO] [1789251637.901219007] [nav_goal_sender]: cycle 18 feedback: 7.262941837310791
[INFO] [1789251637.911339161] [nav_goal_sender]: cycle 18 feedback: 7.262941837310791
[INFO] [1789251637.921333413] [nav_goal_sender]: cycle 18 feedback: 7.262941837310791
[INFO] [1789251637.931177466] [nav_goal_sender]: cycle 18 feedback: 7.262941837310791
[INFO] [1789251637.941209819] [nav_goal_sender]: cycle 18 feedback: 7.262941837310791
[INFO] [1789251637.951179671] [nav_goal_sender]: cycle 18 feedback: 7.262941837310791
[INFO] [1789251637.961338625] [nav_goal_sender]: cycle 18 feedback: 7.262941837310791
[INFO] [1789251637.971285978] [nav_goal_sender]: cycle 18 feedback: 7.262941837310791
[INFO] [1789251637.981293431] [nav_goal_sender]: cycle 18 feedback: 7.262941837310791
[INFO] [1789251637.991178983] [nav_goal_sender]: cycle 18 feedback: 7.262941837310791
[INFO] [1789251638.001270536] [nav_goal_sender]: cycle 18 feedback: 7.262941837310791
[INFO] [1789251638.011406290] [nav_goal_sender]: cycle 18 feedback: 7.262941837310791
[INFO] [1789251638.021369443] [nav_goal_sender]: cycle 18 feedback: 7.262941837310791
[INFO] [1789251638.031210995] [nav_goal_sender]: cycle 18 feedback: 7.1957106590271
[INFO] [1789251638.041203048] [nav_goal_sender]: cycle 18 feedback: 7.1957106590271
[INFO] [1789251638.051260901] [nav_goal_sender]: cycle 18 feedback: 7.170710563659668
[INFO] [1789251638.061295254] [nav_goal_sender]: cycle 18 feedback: 7.170710563659668
[INFO] [1789251638.071398607] [nav_goal_sender]: cycle 18 feedback: 7.170710563659668
[INFO] [1789251638.081161659] [nav_goal_sender]: cycle 18 feedback: 7.170710563659668
[INFO] [1789251638.091148912] [nav_goal_sender]: cycle 18 feedback: 7.145710468292236
[INFO] [1789251638.101230565] [nav_goal_sender]: cycle 18 feedback: 7.145710468292236
[INFO] [1789251638.111164718] [nav_goal_sender]: cycle 18 feedback: 7.120710372924805
[INFO] [1789251638.121296171] [nav_goal_sender]: cycle 18 feedback: 7.120710372924805
[INFO] [1789251638.131155723] [nav_goal_sender]: cycle 18 feedback: 7.120710372924805
[INFO] [1789251638.141184976] [nav_goal_sender]: cycle 18 feedback: 7.120710372924805
[INFO] [1789251638.151160429] [nav_goal_sender]: cycle 18 feedback: 7.095710754394531
[INFO] [1789251638.161226782] [nav_goal_sender]: cycle 18 feedback: 7.095710754394531
[INFO] [1789251638.171308236] [nav_goal_sender]: cycle 18 feedback: 7.0707106590271
[INFO] [1789251638.181168988] [nav_goal_sender]: cycle 18 feedback: 7.0707106590271
[INFO] [1789251638.191155441] [nav_goal_sender]: cycle 18 feedback: 7.0707106590271
[INFO] [1789251638.201346695] [nav_goal_sender]: cycle 18 feedback: 7.0707106590271
[INFO] [1789251638.211367348] [nav_goal_sender]: cycle 18 feedback: 7.045710563659668
[INFO] [1789251638.221314700] [nav_goal_sender]: cycle 18 feedback: 7.045710563659668
[INFO] [1789251638.231720955] [nav_goal_sender]: cycle 18 feedback: 7.045710563659668
[INFO] [1789251638.241217306] [nav_goal_sender]: cycle 18 feedback: 7.045710563659668
[INFO] [1789251638.251177858] [nav_goal_sender]: cycle 18 feedback: 7.045710563659668
[INFO] [1789251638.261596913] [nav_goal_sender]: cycle 18 feedback: 7.045710563659668
[INFO] [1789251638.271639367] [nav_goal_sender]: cycle 18 feedback: 7.045710563659668
[INFO] [1789251638.281224417] [nav_goal_sender]: cycle 18 feedback: 7.045710563659668
[INFO] [1789251638.291246070] [nav_goal_sender]: cycle 18 feedback: 7.045710563659668
[INFO] [1789251638.301339024] [nav_goal_sender]: cycle 18 feedback: 7.045710563659668
[INFO] [1789251638.311206876] [nav_goal_sender]: cycle 18 feedback: 7.045710563659668
[INFO] [1789251638.321395630] [nav_goal_sender]: cycle 18 feedback: 7.045710563659668
[INFO] [1789251638.331270682] [nav_goal_sender]: cycle 18 feedback: 7.045710563659668
[INFO] [1789251638.341255835] [nav_goal_sender]: cycle 18 feedback: 7.045710563659668
[INFO] [1789251638.351198887] [nav_goal_sender]: cycle 18 feedback: 7.045710563659668
[INFO] [1789251638.361336841] [nav_goal_sender]: cycle 18 feedback: 7.045710563659668
[INFO] [1789251638.371323194] [nav_goal_sender]: cycle 18 feedback: 7.045710563659668
[INFO] [1789251638.381257446] [nav_goal_sender]: cycle 18 feedback: 7.045710563659668
[INFO] [1789251638.391159399] [nav_goal_sender]: cycle 18 feedback: 7.045710563659668
[INFO] [1789251638.401208652] [nav_goal_sender]: cycle 18 feedback: 7.045710563659668
[INFO] [1789251638.412250910] [nav_goal_sender]: cycle 18 feedback: 7.045710563659668
[INFO] [1789251638.421390259] [nav_goal_sender]: cycle 18 feedback: 7.045710563659668
[INFO] [1789251638.431239511] [nav_goal_sender]: cycle 18 feedback: 7.045710563659668
[INFO] [1789251638.441259264] [nav_goal_sender]: cycle 18 feedback: 7.045710563659668
[INFO] [1789251638.451158516] [nav_goal_sender]: cycle 18 feedback: 7.045710563659668
[INFO] [1789251638.461364970] [nav_goal_sender]: cycle 18 feedback: 7.045710563659668
[INFO] [1789251638.471354923] [nav_goal_sender]: cycle 18 feedback: 7.045710563659668
[INFO] [1789251638.481679578] [nav_goal_sender]: cycle 18 feedback: 7.045710563659668
[INFO] [1789251638.491214228] [nav_goal_sender]: cycle 18 feedback: 7.045710563659668
[INFO] [1789251638.502012885] [nav_goal_sender]: cycle 18 feedback: 7.034449577331543
[INFO] [1789251638.511220434] [nav_goal_sender]: cycle 18 feedback: 7.034449577331543
[INFO] [1789251638.521257987] [nav_goal_sender]: cycle 18 feedback: 7.034449577331543
[INFO] [1789251638.531128039] [nav_goal_sender]: cycle 18 feedback: 7.034449577331543
[INFO] [1789251638.541265693] [nav_goal_sender]: cycle 18 feedback: 7.034449577331543
[INFO] [1789251638.551149345] [nav_goal_sender]: cycle 18 feedback: 7.034449577331543
[INFO] [1789251638.561344099] [nav_goal_sender]: cycle 18 feedback: 7.034449577331543
[INFO] [1789251638.571321252] [nav_goal_sender]: cycle 18 feedback: 7.034449577331543
[INFO] [1789251638.581270304] [nav_goal_sender]: cycle 18 feedback: 7.034449577331543
[INFO] [1789251638.591229357] [nav_goal_sender]: cycle 18 feedback: 7.034449577331543
[INFO] [1789251638.601213910] [nav_goal_sender]: cycle 18 feedback: 7.034449577331543
[INFO] [1789251638.611221963] [nav_goal_sender]: cycle 18 feedback: 7.034449577331543
[INFO] [1789251638.621332116] [nav_goal_sender]: cycle 18 feedback: 7.034449577331543
[INFO] [1789251638.631227569] [nav_goal_sender]: cycle 18 feedback: 7.034449577331543
[INFO] [1789251638.641193021] [nav_goal_sender]: cycle 18 feedback: 7.034449577331543
[INFO] [1789251638.651170274] [nav_goal_sender]: cycle 18 feedback: 7.034449577331543
[INFO] [1789251638.661232027] [nav_goal_sender]: cycle 18 feedback: 7.034449577331543
[INFO] [1789251638.671668083] [nav_goal_sender]: cycle 18 feedback: 6.9457106590271
[INFO] [1789251638.681565035] [nav_goal_sender]: cycle 18 feedback: 6.9457106590271
[INFO] [1789251638.691843789] [nav_goal_sender]: cycle 18 feedback: 6.920710563659668
[INFO] [1789251638.701596841] [nav_goal_sender]: cycle 18 feedback: 6.920710563659668
[INFO] [1789251638.711429393] [nav_goal_sender]: cycle 18 feedback: 6.895710468292236
[INFO] [1789251638.721632947] [nav_goal_sender]: cycle 18 feedback: 6.895710468292236
[INFO] [1789251638.731184397] [nav_goal_sender]: cycle 18 feedback: 6.870710372924805
[INFO] [1789251638.741521152] [nav_goal_sender]: cycle 18 feedback: 6.870710372924805
[INFO] [1789251638.751133303] [nav_goal_sender]: cycle 18 feedback: 6.8207106590271
[INFO] [1789251638.761383257] [nav_goal_sender]: cycle 18 feedback: 6.8207106590271
[INFO] [1789251638.771284310] [nav_goal_sender]: cycle 18 feedback: 6.795710563659668
[INFO] [1789251638.781238262] [nav_goal_sender]: cycle 18 feedback: 6.795710563659668
[INFO] [1789251638.791219415] [nav_goal_sender]: cycle 18 feedback: 6.770710468292236
[INFO] [1789251638.801348869] [nav_goal_sender]: cycle 18 feedback: 6.770710468292236
[INFO] [1789251638.811304521] [nav_goal_sender]: cycle 18 feedback: 6.745710849761963
[INFO] [1789251638.821354874] [nav_goal_sender]: cycle 18 feedback: 6.745710849761963
[INFO] [1789251638.831219327] [nav_goal_sender]: cycle 18 feedback: 6.745710849761963
[INFO] [1789251638.841287980] [nav_goal_sender]: cycle 18 feedback: 6.745710849761963
[INFO] [1789251638.851162832] [nav_goal_sender]: cycle 18 feedback: 6.770710468292236
[INFO] [1789251638.861455887] [nav_goal_sender]: cycle 18 feedback: 6.770710468292236
[INFO] [1789251638.871351239] [nav_goal_sender]: cycle 18 feedback: 6.770710468292236
[INFO] [1789251638.881431692] [nav_goal_sender]: cycle 18 feedback: 6.770710468292236
[INFO] [1789251638.891328445] [nav_goal_sender]: cycle 18 feedback: 6.770710468292236
[INFO] [1789251638.901236697] [nav_goal_sender]: cycle 18 feedback: 6.770710468292236
[INFO] [1789251638.911240350] [nav_goal_sender]: cycle 18 feedback: 6.770710468292236
[INFO] [1789251638.921307803] [nav_goal_sender]: cycle 18 feedback: 6.770710468292236
[INFO] [1789251638.931245656] [nav_goal_sender]: cycle 18 feedback: 6.770710468292236
[INFO] [1789251638.941206408] [nav_goal_sender]: cycle 18 feedback: 6.770710468292236
[INFO] [1789251638.951140361] [nav_goal_sender]: cycle 18 feedback: 6.770710468292236
[INFO] [1789251638.961210114] [nav_goal_sender]: cycle 18 feedback: 6.770710468292236
[INFO] [1789251638.971296868] [nav_goal_sender]: cycle 18 feedback: 6.770710468292236
[INFO] [1789251638.981270620] [nav_goal_sender]: cycle 18 feedback: 6.770710468292236
[INFO] [1789251638.991214373] [nav_goal_sender]: cycle 18 feedback: 6.770710468292236
[INFO] [1789251639.001233826] [nav_goal_sender]: cycle 18 feedback: 6.770710468292236
[INFO] [1789251639.011245279] [nav_goal_sender]: cycle 18 feedback: 6.770710468292236
[INFO] [1789251639.021506233] [nav_goal_sender]: cycle 18 feedback: 6.770710468292236
[INFO] [1789251639.031246285] [nav_goal_sender]: cycle 18 feedback: 6.770710468292236
[INFO] [1789251639.041180537] [nav_goal_sender]: cycle 18 feedback: 6.770710468292236
[INFO] [1789251639.051172590] [nav_goal_sender]: cycle 18 feedback: 6.770710468292236
[INFO] [1789251639.061338044] [nav_goal_sender]: cycle 18 feedback: 6.770710468292236
[INFO] [1789251639.071402097] [nav_goal_sender]: cycle 18 feedback: 6.770710468292236
[INFO] [1789251639.081234749] [nav_goal_sender]: cycle 18 feedback: 6.770710468292236
[INFO] [1789251639.091285402] [nav_goal_sender]: cycle 18 feedback: 6.770710468292236
[INFO] [1789251639.101611657] [nav_goal_sender]: cycle 18 feedback: 6.770710468292236
[INFO] [1789251639.111502909] [nav_goal_sender]: cycle 18 feedback: 6.770710468292236
[INFO] [1789251639.121402462] [nav_goal_sender]: cycle 18 feedback: 6.770710468292236
[INFO] [1789251639.131236214] [nav_goal_sender]: cycle 18 feedback: 6.770710468292236
[INFO] [1789251639.141223466] [nav_goal_sender]: cycle 18 feedback: 6.770710468292236
[INFO] [1789251639.151172319] [nav_goal_sender]: cycle 18 feedback: 6.770710468292236
[INFO] [1789251639.161248072] [nav_goal_sender]: cycle 18 feedback: 6.770710468292236
[INFO] [1789251639.171313726] [nav_goal_sender]: cycle 18 feedback: 6.770710468292236
[INFO] [1789251639.181737381] [nav_goal_sender]: cycle 18 feedback: 6.770710468292236
[INFO] [1789251639.191831934] [nav_goal_sender]: cycle 18 feedback: 6.770710468292236
[INFO] [1789251639.201486085] [nav_goal_sender]: cycle 18 feedback: 6.770710468292236
[INFO] [1789251639.211652839] [nav_goal_sender]: cycle 18 feedback: 6.770710468292236
[INFO] [1789251639.221693192] [nav_goal_sender]: cycle 18 feedback: 6.770710468292236
[INFO] [1789251639.232129647] [nav_goal_sender]: cycle 18 feedback: 6.795710563659668
[INFO] [1789251639.241854299] [nav_goal_sender]: cycle 18 feedback: 6.795710563659668
[INFO] [1789251639.251531250] [nav_goal_sender]: cycle 18 feedback: 6.8207106590271
[INFO] [1789251639.261429102] [nav_goal_sender]: cycle 18 feedback: 6.8207106590271
[INFO] [1789251639.271532856] [nav_goal_sender]: cycle 18 feedback: 6.8207106590271
[INFO] [1789251639.281486208] [nav_goal_sender]: cycle 18 feedback: 6.8207106590271
[INFO] [1789251639.291884063] [nav_goal_sender]: cycle 18 feedback: 6.845710754394531
[INFO] [1789251639.301321313] [nav_goal_sender]: cycle 18 feedback: 6.845710754394531
[INFO] [1789251639.311600968] [nav_goal_sender]: cycle 18 feedback: 6.845710754394531
[INFO] [1789251639.321738721] [nav_goal_sender]: cycle 18 feedback: 6.845710754394531
[INFO] [1789251639.331444173] [nav_goal_sender]: cycle 18 feedback: 6.870710372924805
[INFO] [1789251639.341472026] [nav_goal_sender]: cycle 18 feedback: 6.870710372924805
[INFO] [1789251639.351842381] [nav_goal_sender]: cycle 18 feedback: 6.895710468292236
[INFO] [1789251639.361287331] [nav_goal_sender]: cycle 18 feedback: 6.895710468292236
[INFO] [1789251639.371435884] [nav_goal_sender]: cycle 18 feedback: 6.920710563659668
[INFO] [1789251639.381206836] [nav_goal_sender]: cycle 18 feedback: 6.920710563659668
[INFO] [1789251639.391374190] [nav_goal_sender]: cycle 18 feedback: 6.920710563659668
[INFO] [1789251639.401852645] [nav_goal_sender]: cycle 18 feedback: 6.920710563659668
[INFO] [1789251639.411673597] [nav_goal_sender]: cycle 18 feedback: 6.9457106590271
[INFO] [1789251639.421554349] [nav_goal_sender]: cycle 18 feedback: 6.9457106590271
[INFO] [1789251639.431869004] [nav_goal_sender]: cycle 18 feedback: 6.9457106590271
[INFO] [1789251639.441679556] [nav_goal_sender]: cycle 18 feedback: 6.9457106590271
[INFO] [1789251639.451692709] [nav_goal_sender]: cycle 18 feedback: 6.9457106590271
[INFO] [1789251639.462178864] [nav_goal_sender]: cycle 18 feedback: 6.9457106590271
[INFO] [1789251639.472138817] [nav_goal_sender]: cycle 18 feedback: 6.9457106590271
[INFO] [1789251639.481919069] [nav_goal_sender]: cycle 18 feedback: 6.9457106590271
[INFO] [1789251639.491817721] [nav_goal_sender]: cycle 18 feedback: 6.970710754394531
[INFO] [1789251639.502475477] [nav_goal_sender]: cycle 18 feedback: 6.970710754394531
[INFO] [1789251639.512450130] [nav_goal_sender]: cycle 18 feedback: 6.970710754394531
[INFO] [1789251639.525035697] [nav_goal_sender]: cycle 18 feedback: 6.990704536437988
[INFO] [1789251639.531443731] [nav_goal_sender]: cycle 18 feedback: 6.990704536437988
[INFO] [1789251639.541297483] [nav_goal_sender]: cycle 18 feedback: 6.990704536437988
[INFO] [1789251639.551283836] [nav_goal_sender]: cycle 18 feedback: 6.990704536437988
[INFO] [1789251639.561833791] [nav_goal_sender]: cycle 18 feedback: 6.990704536437988
[INFO] [1789251639.571845144] [nav_goal_sender]: cycle 18 feedback: 6.990704536437988
[INFO] [1789251639.581690696] [nav_goal_sender]: cycle 18 feedback: 6.990704536437988
[INFO] [1789251639.591327747] [nav_goal_sender]: cycle 18 feedback: 6.990704536437988
[INFO] [1789251639.601657802] [nav_goal_sender]: cycle 18 feedback: 6.990704536437988
[INFO] [1789251639.611586155] [nav_goal_sender]: cycle 18 feedback: 6.990704536437988
[INFO] [1789251639.622204511] [nav_goal_sender]: cycle 18 feedback: 6.990704536437988
[INFO] [1789251639.632042763] [nav_goal_sender]: cycle 18 feedback: 6.990704536437988
[INFO] [1789251639.641312712] [nav_goal_sender]: cycle 18 feedback: 6.990704536437988
[INFO] [1789251639.651661067] [nav_goal_sender]: cycle 18 feedback: 6.990704536437988
[INFO] [1789251639.661660119] [nav_goal_sender]: cycle 18 feedback: 6.990704536437988
[INFO] [1789251639.671915774] [nav_goal_sender]: cycle 18 feedback: 6.990704536437988
[INFO] [1789251639.682380629] [nav_goal_sender]: cycle 18 feedback: 6.990704536437988
[INFO] [1789251639.691433177] [nav_goal_sender]: cycle 18 feedback: 6.990704536437988
[INFO] [1789251639.701978533] [nav_goal_sender]: cycle 18 feedback: 6.990704536437988
[INFO] [1789251639.712004886] [nav_goal_sender]: cycle 18 feedback: 6.990704536437988
[INFO] [1789251639.723164245] [nav_goal_sender]: cycle 18 feedback: 6.990704536437988
[INFO] [1789251639.732746196] [nav_goal_sender]: cycle 18 feedback: 6.990704536437988
[INFO] [1789251639.741721543] [nav_goal_sender]: cycle 18 feedback: 6.990704536437988
[INFO] [1789251639.752034598] [nav_goal_sender]: cycle 18 feedback: 6.990704536437988
[INFO] [1789251639.761892850] [nav_goal_sender]: cycle 18 feedback: 6.990704536437988
[INFO] [1789251639.772553906] [nav_goal_sender]: cycle 18 feedback: 6.990704536437988
[INFO] [1789251639.782224157] [nav_goal_sender]: cycle 18 feedback: 6.990704536437988
[INFO] [1789251639.792149610] [nav_goal_sender]: cycle 18 feedback: 6.990704536437988
[INFO] [1789251639.802057062] [nav_goal_sender]: cycle 18 feedback: 6.990704536437988
[INFO] [1789251639.811682613] [nav_goal_sender]: cycle 18 feedback: 6.990704536437988
[INFO] [1789251639.821656366] [nav_goal_sender]: cycle 18 feedback: 6.990704536437988
[INFO] [1789251639.831944720] [nav_goal_sender]: cycle 18 feedback: 6.990704536437988
[INFO] [1789251639.842416376] [nav_goal_sender]: cycle 18 feedback: 6.990704536437988
[INFO] [1789251639.852374028] [nav_goal_sender]: cycle 18 feedback: 6.990704536437988
[INFO] [1789251639.861860679] [nav_goal_sender]: cycle 18 feedback: 6.990704536437988
[INFO] [1789251639.874114543] [nav_goal_sender]: cycle 18 feedback: 6.990704536437988
[INFO] [1789251639.881782884] [nav_goal_sender]: cycle 18 feedback: 6.990704536437988
[INFO] [1789251639.892864743] [nav_goal_sender]: cycle 18 feedback: 6.990704536437988
[INFO] [1789251639.902929396] [nav_goal_sender]: cycle 18 feedback: 6.990704536437988
[INFO] [1789251639.913441051] [nav_goal_sender]: cycle 18 feedback: 6.990704536437988
[INFO] [1789251639.922207498] [nav_goal_sender]: cycle 18 feedback: 6.990704536437988
[INFO] [1789251639.932426752] [nav_goal_sender]: cycle 18 feedback: 6.990704536437988
[INFO] [1789251639.942110403] [nav_goal_sender]: cycle 18 feedback: 6.990704536437988
[INFO] [1789251639.952043856] [nav_goal_sender]: cycle 18 feedback: 6.990704536437988
[INFO] [1789251639.962258810] [nav_goal_sender]: cycle 18 feedback: 6.990704536437988
[INFO] [1789251639.972160362] [nav_goal_sender]: cycle 18 feedback: 6.990704536437988
[INFO] [1789251639.981772813] [nav_goal_sender]: cycle 18 feedback: 6.990704536437988
[INFO] [1789251639.991527164] [nav_goal_sender]: cycle 18 feedback: 6.9457106590271
[INFO] [1789251640.001492017] [nav_goal_sender]: cycle 18 feedback: 6.9457106590271
[INFO] [1789251640.011509370] [nav_goal_sender]: cycle 18 feedback: 6.9457106590271
[INFO] [1789251640.022388128] [nav_goal_sender]: cycle 18 feedback: 6.9457106590271
[INFO] [1789251640.042098332] [nav_goal_sender]: cycle 18 goal FINISHED: status=6 (re-sending after 1s pause)
[INFO] [1789251641.045658641] [nav_goal_sender]: cycle 19: sending goal x=4.000 y=4.000 yaw=0.000
[INFO] [1789251641.047561851] [nav_goal_sender]: cycle 19 goal ACCEPTED: True
[INFO] [1789251641.048505956] [nav_goal_sender]: cycle 19 feedback: 0.0
[INFO] [1789251641.057601204] [nav_goal_sender]: cycle 19 feedback: 0.0
[INFO] [1789251641.068520661] [nav_goal_sender]: cycle 19 feedback: 0.0
[INFO] [1789251641.077402908] [nav_goal_sender]: cycle 19 feedback: 0.0
[INFO] [1789251641.087395561] [nav_goal_sender]: cycle 19 feedback: 0.0
[INFO] [1789251641.097432614] [nav_goal_sender]: cycle 19 feedback: 0.0
[INFO] [1789251641.107410767] [nav_goal_sender]: cycle 19 feedback: 0.0
[INFO] [1789251641.117382520] [nav_goal_sender]: cycle 19 feedback: 0.0
[INFO] [1789251641.127470073] [nav_goal_sender]: cycle 19 feedback: 0.0
[INFO] [1789251641.137397826] [nav_goal_sender]: cycle 19 feedback: 0.0
[INFO] [1789251641.147438379] [nav_goal_sender]: cycle 19 feedback: 0.0
[INFO] [1789251641.157726533] [nav_goal_sender]: cycle 19 feedback: 0.0
[INFO] [1789251641.167426085] [nav_goal_sender]: cycle 19 feedback: 0.0
[INFO] [1789251641.177406237] [nav_goal_sender]: cycle 19 feedback: 0.0
[INFO] [1789251641.187390890] [nav_goal_sender]: cycle 19 feedback: 0.0
[INFO] [1789251641.197388143] [nav_goal_sender]: cycle 19 feedback: 0.0
[INFO] [1789251641.207429496] [nav_goal_sender]: cycle 19 feedback: 0.0
[INFO] [1789251641.217453949] [nav_goal_sender]: cycle 19 feedback: 0.0
[INFO] [1789251641.227419802] [nav_goal_sender]: cycle 19 feedback: 0.0
[INFO] [1789251641.237562956] [nav_goal_sender]: cycle 19 feedback: 0.0
[INFO] [1789251641.247465608] [nav_goal_sender]: cycle 19 feedback: 0.0
[INFO] [1789251641.258806168] [nav_goal_sender]: cycle 19 feedback: 0.0
[INFO] [1789251641.267374313] [nav_goal_sender]: cycle 19 feedback: 0.0
[INFO] [1789251641.277400566] [nav_goal_sender]: cycle 19 feedback: 0.0
[INFO] [1789251641.287427719] [nav_goal_sender]: cycle 19 feedback: 0.0
[INFO] [1789251641.297439472] [nav_goal_sender]: cycle 19 feedback: 0.0
[INFO] [1789251641.307564626] [nav_goal_sender]: cycle 19 feedback: 0.0
[INFO] [1789251641.317532379] [nav_goal_sender]: cycle 19 feedback: 0.0
[INFO] [1789251641.327413931] [nav_goal_sender]: cycle 19 feedback: 0.0
[INFO] [1789251641.337500584] [nav_goal_sender]: cycle 19 feedback: 0.0
[INFO] [1789251641.347459137] [nav_goal_sender]: cycle 19 feedback: 0.0
[INFO] [1789251641.357685791] [nav_goal_sender]: cycle 19 feedback: 0.0
[INFO] [1789251641.367462543] [nav_goal_sender]: cycle 19 feedback: 0.0
[INFO] [1789251641.377453896] [nav_goal_sender]: cycle 19 feedback: 0.0
[INFO] [1789251641.387448449] [nav_goal_sender]: cycle 19 feedback: 0.0
[INFO] [1789251641.397415901] [nav_goal_sender]: cycle 19 feedback: 0.0
[INFO] [1789251641.407449954] [nav_goal_sender]: cycle 19 feedback: 0.0
[INFO] [1789251641.417455307] [nav_goal_sender]: cycle 19 feedback: 0.0
[INFO] [1789251641.427439260] [nav_goal_sender]: cycle 19 feedback: 0.0
[INFO] [1789251641.437465213] [nav_goal_sender]: cycle 19 feedback: 0.0
[INFO] [1789251641.447420866] [nav_goal_sender]: cycle 19 feedback: 0.0
[INFO] [1789251641.457503619] [nav_goal_sender]: cycle 19 feedback: 0.0
[INFO] [1789251641.467453572] [nav_goal_sender]: cycle 19 feedback: 0.0
[INFO] [1789251641.477428724] [nav_goal_sender]: cycle 19 feedback: 0.0
[INFO] [1789251641.487470178] [nav_goal_sender]: cycle 19 feedback: 0.0
[INFO] [1789251641.497424830] [nav_goal_sender]: cycle 19 feedback: 0.0
[INFO] [1789251641.507452283] [nav_goal_sender]: cycle 19 feedback: 0.0
[INFO] [1789251641.517502036] [nav_goal_sender]: cycle 19 feedback: 0.0
[INFO] [1789251641.527445089] [nav_goal_sender]: cycle 19 feedback: 0.0
[INFO] [1789251641.537515042] [nav_goal_sender]: cycle 19 feedback: 0.0
[INFO] [1789251641.547463795] [nav_goal_sender]: cycle 19 feedback: 0.0
[INFO] [1789251641.557586949] [nav_goal_sender]: cycle 19 feedback: 0.0
[INFO] [1789251641.567468301] [nav_goal_sender]: cycle 19 feedback: 0.0
[INFO] [1789251641.577410653] [nav_goal_sender]: cycle 19 feedback: 0.0
[INFO] [1789251641.587510007] [nav_goal_sender]: cycle 19 feedback: 0.0
[INFO] [1789251641.597414459] [nav_goal_sender]: cycle 19 feedback: 0.0
[INFO] [1789251641.607504413] [nav_goal_sender]: cycle 19 feedback: 0.0
[INFO] [1789251641.617482165] [nav_goal_sender]: cycle 19 feedback: 0.0
[INFO] [1789251641.627471218] [nav_goal_sender]: cycle 19 feedback: 0.0
[INFO] [1789251641.637435671] [nav_goal_sender]: cycle 19 feedback: 0.0
[INFO] [1789251641.647508024] [nav_goal_sender]: cycle 19 feedback: 0.0
[INFO] [1789251641.657595578] [nav_goal_sender]: cycle 19 feedback: 0.0
[INFO] [1789251641.667546130] [nav_goal_sender]: cycle 19 feedback: 0.0
[INFO] [1789251641.677414782] [nav_goal_sender]: cycle 19 feedback: 0.0
[INFO] [1789251641.687493136] [nav_goal_sender]: cycle 19 feedback: 0.0
[INFO] [1789251641.697400488] [nav_goal_sender]: cycle 19 feedback: 0.0
[INFO] [1789251641.707474741] [nav_goal_sender]: cycle 19 feedback: 0.0
[INFO] [1789251641.717484594] [nav_goal_sender]: cycle 19 feedback: 0.0
[INFO] [1789251641.727412047] [nav_goal_sender]: cycle 19 feedback: 0.0
[INFO] [1789251641.737475700] [nav_goal_sender]: cycle 19 feedback: 0.0
[INFO] [1789251641.747505753] [nav_goal_sender]: cycle 19 feedback: 0.0
[INFO] [1789251641.757567806] [nav_goal_sender]: cycle 19 feedback: 0.0
[INFO] [1789251641.767484859] [nav_goal_sender]: cycle 19 feedback: 0.0
[INFO] [1789251641.777603812] [nav_goal_sender]: cycle 19 feedback: 0.0
[INFO] [1789251641.787546465] [nav_goal_sender]: cycle 19 feedback: 0.0
[INFO] [1789251641.797528118] [nav_goal_sender]: cycle 19 feedback: 0.0
[INFO] [1789251641.807517571] [nav_goal_sender]: cycle 19 feedback: 0.0
[INFO] [1789251641.817484923] [nav_goal_sender]: cycle 19 feedback: 0.0
[INFO] [1789251641.827410876] [nav_goal_sender]: cycle 19 feedback: 0.0
[INFO] [1789251641.837503029] [nav_goal_sender]: cycle 19 feedback: 0.0
[INFO] [1789251641.847480982] [nav_goal_sender]: cycle 19 feedback: 0.0
[INFO] [1789251641.857541935] [nav_goal_sender]: cycle 19 feedback: 0.0
[INFO] [1789251641.867433188] [nav_goal_sender]: cycle 19 feedback: 0.0
[INFO] [1789251641.877390540] [nav_goal_sender]: cycle 19 feedback: 0.0
[INFO] [1789251641.887455193] [nav_goal_sender]: cycle 19 feedback: 0.0
[INFO] [1789251641.897435646] [nav_goal_sender]: cycle 19 feedback: 0.0
[INFO] [1789251641.907663600] [nav_goal_sender]: cycle 19 feedback: 0.0
[INFO] [1789251641.917710753] [nav_goal_sender]: cycle 19 feedback: 0.0
[INFO] [1789251641.927855607] [nav_goal_sender]: cycle 19 feedback: 0.0
[INFO] [1789251641.937785660] [nav_goal_sender]: cycle 19 feedback: 0.0
[INFO] [1789251641.947726112] [nav_goal_sender]: cycle 19 feedback: 0.0
[INFO] [1789251641.957571464] [nav_goal_sender]: cycle 19 feedback: 0.0
[INFO] [1789251641.967417716] [nav_goal_sender]: cycle 19 feedback: 0.0
[INFO] [1789251641.977415169] [nav_goal_sender]: cycle 19 feedback: 0.0
[INFO] [1789251641.987557023] [nav_goal_sender]: cycle 19 feedback: 0.0
[INFO] [1789251641.997405075] [nav_goal_sender]: cycle 19 feedback: 0.0
[INFO] [1789251642.007756030] [nav_goal_sender]: cycle 19 feedback: 0.0
[INFO] [1789251642.017782383] [nav_goal_sender]: cycle 19 feedback: 0.0
[INFO] [1789251642.029018642] [nav_goal_sender]: cycle 19 feedback: 0.0
[INFO] [1789251642.037772889] [nav_goal_sender]: cycle 19 feedback: 0.0
[INFO] [1789251642.047771941] [nav_goal_sender]: cycle 19 feedback: 0.0
[INFO] [1789251642.058554398] [nav_goal_sender]: cycle 19 feedback: 0.0
[INFO] [1789251642.068576252] [nav_goal_sender]: cycle 19 feedback: 0.0
[INFO] [1789251642.077662400] [nav_goal_sender]: cycle 19 feedback: 0.0
[INFO] [1789251642.087644452] [nav_goal_sender]: cycle 19 feedback: 0.0
[INFO] [1789251642.097708506] [nav_goal_sender]: cycle 19 feedback: 0.0
[INFO] [1789251642.110172372] [nav_goal_sender]: cycle 19 feedback: 0.0
[INFO] [1789251642.118056613] [nav_goal_sender]: cycle 19 feedback: 0.0
[INFO] [1789251642.127638264] [nav_goal_sender]: cycle 19 feedback: 0.0
[INFO] [1789251642.137442116] [nav_goal_sender]: cycle 19 feedback: 0.0
[INFO] [1789251642.147385468] [nav_goal_sender]: cycle 19 feedback: 0.0
[INFO] [1789251642.157734523] [nav_goal_sender]: cycle 19 feedback: 0.0
[INFO] [1789251642.167666176] [nav_goal_sender]: cycle 19 feedback: 0.0
[INFO] [1789251642.177713229] [nav_goal_sender]: cycle 19 feedback: 0.0
[INFO] [1789251642.187741182] [nav_goal_sender]: cycle 19 feedback: 0.0
[INFO] [1789251642.197692634] [nav_goal_sender]: cycle 19 feedback: 0.0
[INFO] [1789251642.207629287] [nav_goal_sender]: cycle 19 feedback: 0.0
[INFO] [1789251642.217472739] [nav_goal_sender]: cycle 19 feedback: 0.0
[INFO] [1789251642.227381192] [nav_goal_sender]: cycle 19 feedback: 0.0
[INFO] [1789251642.237389144] [nav_goal_sender]: cycle 19 feedback: 0.0
[INFO] [1789251642.247350197] [nav_goal_sender]: cycle 19 feedback: 0.0
[INFO] [1789251642.258287955] [nav_goal_sender]: cycle 19 feedback: 0.0
[INFO] [1789251642.267401303] [nav_goal_sender]: cycle 19 feedback: 0.0
[INFO] [1789251642.277394356] [nav_goal_sender]: cycle 19 feedback: 0.0
[INFO] [1789251642.287452609] [nav_goal_sender]: cycle 19 feedback: 0.0
[INFO] [1789251642.297475162] [nav_goal_sender]: cycle 19 feedback: 0.0
[INFO] [1789251642.307399215] [nav_goal_sender]: cycle 19 feedback: 0.0
[INFO] [1789251642.317503568] [nav_goal_sender]: cycle 19 feedback: 0.0
[INFO] [1789251642.328623127] [nav_goal_sender]: cycle 19 feedback: 0.0
[INFO] [1789251642.337428774] [nav_goal_sender]: cycle 19 feedback: 0.0
[INFO] [1789251642.347428827] [nav_goal_sender]: cycle 19 feedback: 0.0
[INFO] [1789251642.357590980] [nav_goal_sender]: cycle 19 feedback: 0.0
[INFO] [1789251642.367398932] [nav_goal_sender]: cycle 19 feedback: 0.0
[INFO] [1789251642.377405885] [nav_goal_sender]: cycle 19 feedback: 0.0
[INFO] [1789251642.387429938] [nav_goal_sender]: cycle 19 feedback: 0.0
[INFO] [1789251642.397617292] [nav_goal_sender]: cycle 19 feedback: 0.0
[INFO] [1789251642.407470144] [nav_goal_sender]: cycle 19 feedback: 0.0
[INFO] [1789251642.417508197] [nav_goal_sender]: cycle 19 feedback: 0.0
[INFO] [1789251642.427424150] [nav_goal_sender]: cycle 19 feedback: 0.0
[INFO] [1789251642.437537303] [nav_goal_sender]: cycle 19 feedback: 0.0
[INFO] [1789251642.447457656] [nav_goal_sender]: cycle 19 feedback: 0.0
[INFO] [1789251642.457528909] [nav_goal_sender]: cycle 19 feedback: 0.0
[INFO] [1789251642.467441561] [nav_goal_sender]: cycle 19 feedback: 0.0
[INFO] [1789251642.477508615] [nav_goal_sender]: cycle 19 feedback: 0.0
[INFO] [1789251642.488093071] [nav_goal_sender]: cycle 19 feedback: 0.0
[INFO] [1789251642.497785522] [nav_goal_sender]: cycle 19 feedback: 0.0
[INFO] [1789251642.507535173] [nav_goal_sender]: cycle 19 feedback: 0.0
[INFO] [1789251642.517726127] [nav_goal_sender]: cycle 19 feedback: 0.0
[INFO] [1789251642.527459079] [nav_goal_sender]: cycle 19 feedback: 0.0
[INFO] [1789251642.537636933] [nav_goal_sender]: cycle 19 feedback: 0.0
[INFO] [1789251642.547456085] [nav_goal_sender]: cycle 19 feedback: 0.0
[INFO] [1789251642.557825640] [nav_goal_sender]: cycle 19 feedback: 0.0
[INFO] [1789251642.567426790] [nav_goal_sender]: cycle 19 feedback: 0.0
[INFO] [1789251642.577743645] [nav_goal_sender]: cycle 19 feedback: 0.0
[INFO] [1789251642.587689797] [nav_goal_sender]: cycle 19 feedback: 0.0
[INFO] [1789251642.597667450] [nav_goal_sender]: cycle 19 feedback: 0.0
[INFO] [1789251642.608193206] [nav_goal_sender]: cycle 19 feedback: 0.0
[INFO] [1789251642.617687356] [nav_goal_sender]: cycle 19 feedback: 0.0
[INFO] [1789251642.627663909] [nav_goal_sender]: cycle 19 feedback: 0.0
[INFO] [1789251642.637650662] [nav_goal_sender]: cycle 19 feedback: 0.0
[INFO] [1789251642.647418913] [nav_goal_sender]: cycle 19 feedback: 0.0
[INFO] [1789251642.657646768] [nav_goal_sender]: cycle 19 feedback: 0.0
[INFO] [1789251642.667420119] [nav_goal_sender]: cycle 19 feedback: 0.0
[INFO] [1789251642.677668073] [nav_goal_sender]: cycle 19 feedback: 0.0
[INFO] [1789251642.687500725] [nav_goal_sender]: cycle 19 feedback: 0.0
[INFO] [1789251642.697686179] [nav_goal_sender]: cycle 19 feedback: 0.0
[INFO] [1789251642.707725332] [nav_goal_sender]: cycle 19 feedback: 0.0
[INFO] [1789251642.717518384] [nav_goal_sender]: cycle 19 feedback: 0.0
[INFO] [1789251642.727378236] [nav_goal_sender]: cycle 19 feedback: 0.0
[INFO] [1789251642.737421590] [nav_goal_sender]: cycle 19 feedback: 0.0
[INFO] [1789251642.747404742] [nav_goal_sender]: cycle 19 feedback: 0.0
[INFO] [1789251642.757485696] [nav_goal_sender]: cycle 19 feedback: 0.0
[INFO] [1789251642.767473648] [nav_goal_sender]: cycle 19 feedback: 0.0
[INFO] [1789251642.777411401] [nav_goal_sender]: cycle 19 feedback: 0.0
[INFO] [1789251642.787441854] [nav_goal_sender]: cycle 19 feedback: 0.0
[INFO] [1789251642.797616408] [nav_goal_sender]: cycle 19 feedback: 0.0
[INFO] [1789251642.807544860] [nav_goal_sender]: cycle 19 feedback: 0.0
[INFO] [1789251642.817539613] [nav_goal_sender]: cycle 19 feedback: 0.0
[INFO] [1789251642.827432466] [nav_goal_sender]: cycle 19 feedback: 0.0
[INFO] [1789251642.837430519] [nav_goal_sender]: cycle 19 feedback: 0.0
[INFO] [1789251642.847463172] [nav_goal_sender]: cycle 19 feedback: 0.0
[INFO] [1789251642.857641825] [nav_goal_sender]: cycle 19 feedback: 0.0
[INFO] [1789251642.867447377] [nav_goal_sender]: cycle 19 feedback: 0.0
[INFO] [1789251642.877812032] [nav_goal_sender]: cycle 19 feedback: 0.0
[INFO] [1789251642.887426183] [nav_goal_sender]: cycle 19 feedback: 0.0
[INFO] [1789251642.897469636] [nav_goal_sender]: cycle 19 feedback: 0.0
[INFO] [1789251642.907410489] [nav_goal_sender]: cycle 19 feedback: 0.0
[INFO] [1789251642.917467642] [nav_goal_sender]: cycle 19 feedback: 0.0
[INFO] [1789251642.927424295] [nav_goal_sender]: cycle 19 feedback: 0.0
[INFO] [1789251642.937469448] [nav_goal_sender]: cycle 19 feedback: 0.0
[INFO] [1789251642.947439600] [nav_goal_sender]: cycle 19 feedback: 0.0
[INFO] [1789251642.957565654] [nav_goal_sender]: cycle 19 feedback: 0.0
[INFO] [1789251642.967490407] [nav_goal_sender]: cycle 19 feedback: 0.0
[INFO] [1789251642.977469359] [nav_goal_sender]: cycle 19 feedback: 0.0
[INFO] [1789251642.987425512] [nav_goal_sender]: cycle 19 feedback: 0.0
[INFO] [1789251642.997425565] [nav_goal_sender]: cycle 19 feedback: 0.0
[INFO] [1789251643.007403918] [nav_goal_sender]: cycle 19 feedback: 0.0
[INFO] [1789251643.017390270] [nav_goal_sender]: cycle 19 feedback: 0.0
[INFO] [1789251643.027433424] [nav_goal_sender]: cycle 19 feedback: 0.0
[INFO] [1789251643.037438277] [nav_goal_sender]: cycle 19 feedback: 0.0
[INFO] [1789251643.047420129] [nav_goal_sender]: cycle 19 feedback: 0.0
[INFO] [1789251643.057715784] [nav_goal_sender]: cycle 19 feedback: 0.0
[INFO] [1789251643.067417635] [nav_goal_sender]: cycle 19 feedback: 0.0
[INFO] [1789251643.077874790] [nav_goal_sender]: cycle 19 feedback: 0.0
[INFO] [1789251643.087438541] [nav_goal_sender]: cycle 19 feedback: 0.0
[INFO] [1789251643.097414694] [nav_goal_sender]: cycle 19 feedback: 0.0
[INFO] [1789251643.107415947] [nav_goal_sender]: cycle 19 feedback: 0.0
[INFO] [1789251643.117410800] [nav_goal_sender]: cycle 19 feedback: 0.0
[INFO] [1789251643.127469153] [nav_goal_sender]: cycle 19 feedback: 0.0
[INFO] [1789251643.137420705] [nav_goal_sender]: cycle 19 feedback: 0.0
[INFO] [1789251643.147401558] [nav_goal_sender]: cycle 19 feedback: 0.0
[INFO] [1789251643.157474711] [nav_goal_sender]: cycle 19 feedback: 0.0
[INFO] [1789251643.167732966] [nav_goal_sender]: cycle 19 feedback: 0.0
[INFO] [1789251643.177868119] [nav_goal_sender]: cycle 19 feedback: 0.0
[INFO] [1789251643.188501576] [nav_goal_sender]: cycle 19 feedback: 0.0
[INFO] [1789251643.197842325] [nav_goal_sender]: cycle 19 feedback: 0.0
[INFO] [1789251643.208363581] [nav_goal_sender]: cycle 19 feedback: 0.0
[INFO] [1789251643.217625030] [nav_goal_sender]: cycle 19 feedback: 0.0
[INFO] [1789251643.227438582] [nav_goal_sender]: cycle 19 feedback: 0.0
[INFO] [1789251643.237712036] [nav_goal_sender]: cycle 19 feedback: 0.0
[INFO] [1789251643.248229692] [nav_goal_sender]: cycle 19 feedback: 0.0
[INFO] [1789251643.257900843] [nav_goal_sender]: cycle 19 feedback: 0.0
[INFO] [1789251643.267355193] [nav_goal_sender]: cycle 19 feedback: 0.0
[INFO] [1789251643.277319345] [nav_goal_sender]: cycle 19 feedback: 0.0
[INFO] [1789251643.287489999] [nav_goal_sender]: cycle 19 feedback: 0.0
[INFO] [1789251643.297301851] [nav_goal_sender]: cycle 19 feedback: 0.0
[INFO] [1789251643.307282904] [nav_goal_sender]: cycle 19 feedback: 0.0
[INFO] [1789251643.317309957] [nav_goal_sender]: cycle 19 feedback: 0.0
[INFO] [1789251643.327365010] [nav_goal_sender]: cycle 19 feedback: 0.0
[INFO] [1789251643.337421763] [nav_goal_sender]: cycle 19 feedback: 0.0
[INFO] [1789251643.347383316] [nav_goal_sender]: cycle 19 feedback: 0.0
[INFO] [1789251643.357568070] [nav_goal_sender]: cycle 19 feedback: 0.0
[INFO] [1789251643.367376622] [nav_goal_sender]: cycle 19 feedback: 0.0
[INFO] [1789251643.377340674] [nav_goal_sender]: cycle 19 feedback: 0.0
[INFO] [1789251643.387565129] [nav_goal_sender]: cycle 19 feedback: 0.0
[INFO] [1789251643.397359880] [nav_goal_sender]: cycle 19 feedback: 0.0
[INFO] [1789251643.407378433] [nav_goal_sender]: cycle 19 feedback: 0.0
[INFO] [1789251643.417467787] [nav_goal_sender]: cycle 19 feedback: 0.0
[INFO] [1789251643.427465740] [nav_goal_sender]: cycle 19 feedback: 0.0
[INFO] [1789251643.437901295] [nav_goal_sender]: cycle 19 feedback: 0.0
[INFO] [1789251643.447553046] [nav_goal_sender]: cycle 19 feedback: 0.0
[INFO] [1789251643.457647199] [nav_goal_sender]: cycle 19 feedback: 0.0
[INFO] [1789251643.467434851] [nav_goal_sender]: cycle 19 feedback: 0.0
[INFO] [1789251643.477897406] [nav_goal_sender]: cycle 19 feedback: 0.0
[INFO] [1789251643.487848559] [nav_goal_sender]: cycle 19 feedback: 0.0
[INFO] [1789251643.497412110] [nav_goal_sender]: cycle 19 feedback: 0.0
[INFO] [1789251643.507611464] [nav_goal_sender]: cycle 19 feedback: 0.0
[INFO] [1789251643.517643217] [nav_goal_sender]: cycle 19 feedback: 0.0
[INFO] [1789251643.527356068] [nav_goal_sender]: cycle 19 feedback: 0.0
[INFO] [1789251643.537435121] [nav_goal_sender]: cycle 19 feedback: 0.0
[INFO] [1789251643.547435774] [nav_goal_sender]: cycle 19 feedback: 0.0
[INFO] [1789251643.557451327] [nav_goal_sender]: cycle 19 feedback: 0.0
[INFO] [1789251643.567335280] [nav_goal_sender]: cycle 19 feedback: 0.0
[INFO] [1789251643.577337832] [nav_goal_sender]: cycle 19 feedback: 0.0
[INFO] [1789251643.587555586] [nav_goal_sender]: cycle 19 feedback: 0.0
[INFO] [1789251643.597632840] [nav_goal_sender]: cycle 19 feedback: 0.0
[INFO] [1789251643.607503792] [nav_goal_sender]: cycle 19 feedback: 0.0
[INFO] [1789251643.617798846] [nav_goal_sender]: cycle 19 feedback: 0.0
[INFO] [1789251643.627898400] [nav_goal_sender]: cycle 19 feedback: 0.0
[INFO] [1789251643.637354750] [nav_goal_sender]: cycle 19 feedback: 0.0
[INFO] [1789251643.647329503] [nav_goal_sender]: cycle 19 feedback: 0.0
[INFO] [1789251643.657420756] [nav_goal_sender]: cycle 19 feedback: 0.0
[INFO] [1789251643.667361209] [nav_goal_sender]: cycle 19 feedback: 0.0
[INFO] [1789251643.677855164] [nav_goal_sender]: cycle 19 feedback: 0.0
[INFO] [1789251643.687865117] [nav_goal_sender]: cycle 19 feedback: 0.0
[INFO] [1789251643.697333867] [nav_goal_sender]: cycle 19 feedback: 0.0
[INFO] [1789251643.707817023] [nav_goal_sender]: cycle 19 feedback: 0.0
[INFO] [1789251643.717845776] [nav_goal_sender]: cycle 19 feedback: 0.0
[INFO] [1789251643.727272026] [nav_goal_sender]: cycle 19 feedback: 0.0
[INFO] [1789251643.737476880] [nav_goal_sender]: cycle 19 feedback: 0.0
[INFO] [1789251643.748005235] [nav_goal_sender]: cycle 19 feedback: 0.0
[INFO] [1789251643.758165789] [nav_goal_sender]: cycle 19 feedback: 0.0
[INFO] [1789251643.767306937] [nav_goal_sender]: cycle 19 feedback: 0.0
[INFO] [1789251643.778134495] [nav_goal_sender]: cycle 19 feedback: 0.0
[INFO] [1789251643.787602145] [nav_goal_sender]: cycle 19 feedback: 0.0
[INFO] [1789251643.798044200] [nav_goal_sender]: cycle 19 feedback: 0.0
[INFO] [1789251643.808095153] [nav_goal_sender]: cycle 19 feedback: 0.0
[INFO] [1789251643.817591603] [nav_goal_sender]: cycle 19 feedback: 0.0
[INFO] [1789251643.827297255] [nav_goal_sender]: cycle 19 feedback: 0.0
[INFO] [1789251643.838182812] [nav_goal_sender]: cycle 19 feedback: 0.0
[INFO] [1789251643.847455161] [nav_goal_sender]: cycle 19 feedback: 0.0
[INFO] [1789251643.857666915] [nav_goal_sender]: cycle 19 feedback: 0.0
[INFO] [1789251643.867326366] [nav_goal_sender]: cycle 19 feedback: 0.0
[INFO] [1789251643.877531020] [nav_goal_sender]: cycle 19 feedback: 0.0
[INFO] [1789251643.887519873] [nav_goal_sender]: cycle 19 feedback: 0.0
[INFO] [1789251643.898310930] [nav_goal_sender]: cycle 19 feedback: 0.0
[INFO] [1789251643.907380378] [nav_goal_sender]: cycle 19 feedback: 0.0
[INFO] [1789251643.917306731] [nav_goal_sender]: cycle 19 feedback: 0.0
[INFO] [1789251643.927426784] [nav_goal_sender]: cycle 19 feedback: 0.0
[INFO] [1789251643.937423137] [nav_goal_sender]: cycle 19 feedback: 0.0
[INFO] [1789251643.947422890] [nav_goal_sender]: cycle 19 feedback: 0.0
[INFO] [1789251643.957393943] [nav_goal_sender]: cycle 19 feedback: 0.0
[INFO] [1789251643.967446996] [nav_goal_sender]: cycle 19 feedback: 0.0
[INFO] [1789251643.977348948] [nav_goal_sender]: cycle 19 feedback: 0.0
[INFO] [1789251643.987608203] [nav_goal_sender]: cycle 19 feedback: 0.0
[INFO] [1789251643.997362454] [nav_goal_sender]: cycle 19 feedback: 0.0
[INFO] [1789251644.007367507] [nav_goal_sender]: cycle 19 feedback: 0.0
[INFO] [1789251644.017393160] [nav_goal_sender]: cycle 19 feedback: 0.0
[INFO] [1789251644.027311413] [nav_goal_sender]: cycle 19 feedback: 0.0
[INFO] [1789251644.037380366] [nav_goal_sender]: cycle 19 feedback: 0.0
[INFO] [1789251644.047301118] [nav_goal_sender]: cycle 19 feedback: 0.0
[INFO] [1789251644.057802474] [nav_goal_sender]: cycle 19 feedback: 0.0
[INFO] [1789251644.067409325] [nav_goal_sender]: cycle 19 feedback: 0.0
[INFO] [1789251644.077441878] [nav_goal_sender]: cycle 19 feedback: 0.0
[INFO] [1789251644.087544731] [nav_goal_sender]: cycle 19 feedback: 0.0
[INFO] [1789251644.097564284] [nav_goal_sender]: cycle 19 feedback: 0.0
[INFO] [1789251644.107435136] [nav_goal_sender]: cycle 19 feedback: 0.0
[INFO] [1789251644.117351189] [nav_goal_sender]: cycle 19 feedback: 0.0
[INFO] [1789251644.127360342] [nav_goal_sender]: cycle 19 feedback: 0.0
[INFO] [1789251644.137323195] [nav_goal_sender]: cycle 19 feedback: 0.0
[INFO] [1789251644.147302047] [nav_goal_sender]: cycle 19 feedback: 0.0
[INFO] [1789251644.157462501] [nav_goal_sender]: cycle 19 feedback: 0.0
[INFO] [1789251644.167352553] [nav_goal_sender]: cycle 19 feedback: 0.0
[INFO] [1789251644.177331706] [nav_goal_sender]: cycle 19 feedback: 0.0
[INFO] [1789251644.187495160] [nav_goal_sender]: cycle 19 feedback: 0.0
[INFO] [1789251644.197450913] [nav_goal_sender]: cycle 19 feedback: 0.0
[INFO] [1789251644.207475466] [nav_goal_sender]: cycle 19 feedback: 0.0
[INFO] [1789251644.217468219] [nav_goal_sender]: cycle 19 feedback: 0.0
[INFO] [1789251644.227597572] [nav_goal_sender]: cycle 19 feedback: 0.0
[INFO] [1789251644.237496224] [nav_goal_sender]: cycle 19 feedback: 0.0
[INFO] [1789251644.248327482] [nav_goal_sender]: cycle 19 feedback: 0.0
[INFO] [1789251644.258216034] [nav_goal_sender]: cycle 19 feedback: 0.0
[INFO] [1789251644.267352482] [nav_goal_sender]: cycle 19 feedback: 0.0
[INFO] [1789251644.277303635] [nav_goal_sender]: cycle 19 feedback: 0.0
[INFO] [1789251644.287496589] [nav_goal_sender]: cycle 19 feedback: 0.0
[INFO] [1789251644.298018545] [nav_goal_sender]: cycle 19 feedback: 0.0
[INFO] [1789251644.307310894] [nav_goal_sender]: cycle 19 feedback: 0.0
[INFO] [1789251644.317481148] [nav_goal_sender]: cycle 19 feedback: 0.0
[INFO] [1789251644.327583201] [nav_goal_sender]: cycle 19 feedback: 0.0
[INFO] [1789251644.337508753] [nav_goal_sender]: cycle 19 feedback: 0.0
[INFO] [1789251644.347371406] [nav_goal_sender]: cycle 19 feedback: 0.0
[INFO] [1789251644.357554060] [nav_goal_sender]: cycle 19 feedback: 0.0
[INFO] [1789251644.367363211] [nav_goal_sender]: cycle 19 feedback: 0.0
[INFO] [1789251644.377595166] [nav_goal_sender]: cycle 19 feedback: 0.0
[INFO] [1789251644.387657319] [nav_goal_sender]: cycle 19 feedback: 0.0
[INFO] [1789251644.397470771] [nav_goal_sender]: cycle 19 feedback: 0.0
[INFO] [1789251644.407424023] [nav_goal_sender]: cycle 19 feedback: 0.0
[INFO] [1789251644.417399176] [nav_goal_sender]: cycle 19 feedback: 0.0
[INFO] [1789251644.427344129] [nav_goal_sender]: cycle 19 feedback: 0.0
[INFO] [1789251644.437395482] [nav_goal_sender]: cycle 19 feedback: 0.0
[INFO] [1789251644.447765937] [nav_goal_sender]: cycle 19 feedback: 0.0
[INFO] [1789251644.457374788] [nav_goal_sender]: cycle 19 feedback: 0.0
[INFO] [1789251644.467301240] [nav_goal_sender]: cycle 19 feedback: 0.0
[INFO] [1789251644.477559394] [nav_goal_sender]: cycle 19 feedback: 0.0
[INFO] [1789251644.487421246] [nav_goal_sender]: cycle 19 feedback: 0.0
[INFO] [1789251644.497920002] [nav_goal_sender]: cycle 19 feedback: 0.0
[INFO] [1789251644.507304252] [nav_goal_sender]: cycle 19 feedback: 0.0
[INFO] [1789251644.517339705] [nav_goal_sender]: cycle 19 feedback: 0.0
[INFO] [1789251644.527316658] [nav_goal_sender]: cycle 19 feedback: 0.0
[INFO] [1789251644.537828313] [nav_goal_sender]: cycle 19 feedback: 0.0
[INFO] [1789251644.547782666] [nav_goal_sender]: cycle 19 feedback: 0.0
[INFO] [1789251644.558169921] [nav_goal_sender]: cycle 19 feedback: 0.0
[INFO] [1789251644.567299869] [nav_goal_sender]: cycle 19 feedback: 0.0
[INFO] [1789251644.577436023] [nav_goal_sender]: cycle 19 feedback: 0.0
[INFO] [1789251644.587391375] [nav_goal_sender]: cycle 19 feedback: 0.0
[INFO] [1789251644.597548429] [nav_goal_sender]: cycle 19 feedback: 0.0
[INFO] [1789251644.607569182] [nav_goal_sender]: cycle 19 feedback: 0.0
[INFO] [1789251644.617417334] [nav_goal_sender]: cycle 19 feedback: 0.0
[INFO] [1789251644.628209691] [nav_goal_sender]: cycle 19 feedback: 0.0
[INFO] [1789251644.637523540] [nav_goal_sender]: cycle 19 feedback: 0.0
[INFO] [1789251644.647416893] [nav_goal_sender]: cycle 19 feedback: 0.0
[INFO] [1789251644.657632847] [nav_goal_sender]: cycle 19 feedback: 0.0
[INFO] [1789251644.667624200] [nav_goal_sender]: cycle 19 feedback: 0.0
[INFO] [1789251644.677556352] [nav_goal_sender]: cycle 19 feedback: 0.0
[INFO] [1789251644.688184608] [nav_goal_sender]: cycle 19 feedback: 0.0
[INFO] [1789251644.697372157] [nav_goal_sender]: cycle 19 feedback: 0.0
[INFO] [1789251644.707396010] [nav_goal_sender]: cycle 19 feedback: 0.0
[INFO] [1789251644.717366763] [nav_goal_sender]: cycle 19 feedback: 0.0
[INFO] [1789251644.728229620] [nav_goal_sender]: cycle 19 feedback: 0.0
[INFO] [1789251644.738182473] [nav_goal_sender]: cycle 19 feedback: 0.0
[INFO] [1789251644.747303621] [nav_goal_sender]: cycle 19 feedback: 0.0
[INFO] [1789251644.757586076] [nav_goal_sender]: cycle 19 feedback: 0.0
[INFO] [1789251644.767396427] [nav_goal_sender]: cycle 19 feedback: 0.0
[INFO] [1789251644.777583481] [nav_goal_sender]: cycle 19 feedback: 0.0
[INFO] [1789251644.787713235] [nav_goal_sender]: cycle 19 feedback: 0.0
[INFO] [1789251644.797340886] [nav_goal_sender]: cycle 19 feedback: 0.0
[INFO] [1789251644.807344239] [nav_goal_sender]: cycle 19 feedback: 0.0
[INFO] [1789251644.817726194] [nav_goal_sender]: cycle 19 feedback: 0.0
[INFO] [1789251644.827316844] [nav_goal_sender]: cycle 19 feedback: 0.0
[INFO] [1789251644.837620499] [nav_goal_sender]: cycle 19 feedback: 0.0
[INFO] [1789251644.847650652] [nav_goal_sender]: cycle 19 feedback: 0.0
[INFO] [1789251644.857519504] [nav_goal_sender]: cycle 19 feedback: 0.0
[INFO] [1789251644.867310956] [nav_goal_sender]: cycle 19 feedback: 0.0
[INFO] [1789251644.877698111] [nav_goal_sender]: cycle 19 feedback: 0.0
[INFO] [1789251644.887346462] [nav_goal_sender]: cycle 19 feedback: 0.0
[INFO] [1789251644.897438015] [nav_goal_sender]: cycle 19 feedback: 0.0
[INFO] [1789251644.907365968] [nav_goal_sender]: cycle 19 feedback: 0.0
[INFO] [1789251644.917369521] [nav_goal_sender]: cycle 19 feedback: 0.0
[INFO] [1789251644.927315373] [nav_goal_sender]: cycle 19 feedback: 0.0
[INFO] [1789251644.937327226] [nav_goal_sender]: cycle 19 feedback: 0.0
[INFO] [1789251644.947390580] [nav_goal_sender]: cycle 19 feedback: 0.0
[INFO] [1789251644.957534533] [nav_goal_sender]: cycle 19 feedback: 0.0
[INFO] [1789251644.967369285] [nav_goal_sender]: cycle 19 feedback: 0.0
[INFO] [1789251644.977315038] [nav_goal_sender]: cycle 19 feedback: 0.0
[INFO] [1789251644.989570003] [nav_goal_sender]: cycle 19 feedback: 0.0
[INFO] [1789251644.997329844] [nav_goal_sender]: cycle 19 feedback: 0.0
[INFO] [1789251645.007282196] [nav_goal_sender]: cycle 19 feedback: 0.0
[INFO] [1789251645.017277849] [nav_goal_sender]: cycle 19 feedback: 0.0
[INFO] [1789251645.027322402] [nav_goal_sender]: cycle 19 feedback: 0.0
[INFO] [1789251645.037428156] [nav_goal_sender]: cycle 19 feedback: 0.0
[INFO] [1789251645.047298508] [nav_goal_sender]: cycle 19 feedback: 0.0
[INFO] [1789251645.057492362] [nav_goal_sender]: cycle 19 feedback: 0.0
[INFO] [1789251645.067436515] [nav_goal_sender]: cycle 19 feedback: 0.0
[INFO] [1789251645.077384467] [nav_goal_sender]: cycle 19 feedback: 0.0
[INFO] [1789251645.088274325] [nav_goal_sender]: cycle 19 feedback: 0.0
[INFO] [1789251645.097575774] [nav_goal_sender]: cycle 19 feedback: 0.0
[INFO] [1789251645.107315225] [nav_goal_sender]: cycle 19 feedback: 0.0
[INFO] [1789251645.117454479] [nav_goal_sender]: cycle 19 feedback: 0.0
[INFO] [1789251645.127798434] [nav_goal_sender]: cycle 19 feedback: 0.0
[INFO] [1789251645.137448185] [nav_goal_sender]: cycle 19 feedback: 0.0
[INFO] [1789251645.147497138] [nav_goal_sender]: cycle 19 feedback: 0.0
[INFO] [1789251645.157643692] [nav_goal_sender]: cycle 19 feedback: 0.0
[INFO] [1789251645.167640545] [nav_goal_sender]: cycle 19 feedback: 0.0
[INFO] [1789251645.177798298] [nav_goal_sender]: cycle 19 feedback: 0.0
[INFO] [1789251645.187588250] [nav_goal_sender]: cycle 19 feedback: 0.0
[INFO] [1789251645.197351802] [nav_goal_sender]: cycle 19 feedback: 0.0
[INFO] [1789251645.207392955] [nav_goal_sender]: cycle 19 feedback: 0.0
[INFO] [1789251645.217358508] [nav_goal_sender]: cycle 19 feedback: 0.0
[INFO] [1789251645.227491961] [nav_goal_sender]: cycle 19 feedback: 0.0
[INFO] [1789251645.237594915] [nav_goal_sender]: cycle 19 feedback: 0.0
[INFO] [1789251645.247461467] [nav_goal_sender]: cycle 19 feedback: 0.0
[INFO] [1789251645.257947022] [nav_goal_sender]: cycle 19 feedback: 0.0
[INFO] [1789251645.267572573] [nav_goal_sender]: cycle 19 feedback: 0.0
[INFO] [1789251645.277601326] [nav_goal_sender]: cycle 19 feedback: 0.0
[INFO] [1789251645.287473878] [nav_goal_sender]: cycle 19 feedback: 0.0
[INFO] [1789251645.297398731] [nav_goal_sender]: cycle 19 feedback: 0.0
[INFO] [1789251645.307398184] [nav_goal_sender]: cycle 19 feedback: 0.0
[INFO] [1789251645.317459437] [nav_goal_sender]: cycle 19 feedback: 0.0
[INFO] [1789251645.327474290] [nav_goal_sender]: cycle 19 feedback: 0.0
[INFO] [1789251645.337495343] [nav_goal_sender]: cycle 19 feedback: 0.0
[INFO] [1789251645.347522596] [nav_goal_sender]: cycle 19 feedback: 0.0
[INFO] [1789251645.357639650] [nav_goal_sender]: cycle 19 feedback: 0.0
[INFO] [1789251645.367595402] [nav_goal_sender]: cycle 19 feedback: 0.0
[INFO] [1789251645.377407154] [nav_goal_sender]: cycle 19 feedback: 0.0
[INFO] [1789251645.387521608] [nav_goal_sender]: cycle 19 feedback: 0.0
[INFO] [1789251645.397762562] [nav_goal_sender]: cycle 19 feedback: 0.0
[INFO] [1789251645.407281912] [nav_goal_sender]: cycle 19 feedback: 0.0
[INFO] [1789251645.417576167] [nav_goal_sender]: cycle 19 feedback: 0.0
[INFO] [1789251645.427341618] [nav_goal_sender]: cycle 19 feedback: 0.0
[INFO] [1789251645.437367671] [nav_goal_sender]: cycle 19 feedback: 0.0
[INFO] [1789251645.447405624] [nav_goal_sender]: cycle 19 feedback: 0.0
[INFO] [1789251645.457583378] [nav_goal_sender]: cycle 19 feedback: 0.0
[INFO] [1789251645.467326330] [nav_goal_sender]: cycle 19 feedback: 0.0
[INFO] [1789251645.477453283] [nav_goal_sender]: cycle 19 feedback: 0.0
[INFO] [1789251645.487360236] [nav_goal_sender]: cycle 19 feedback: 0.0
[INFO] [1789251645.497621590] [nav_goal_sender]: cycle 19 feedback: 0.0
[INFO] [1789251645.507359742] [nav_goal_sender]: cycle 19 feedback: 0.0
[INFO] [1789251645.517471795] [nav_goal_sender]: cycle 19 feedback: 0.0
[INFO] [1789251645.527363847] [nav_goal_sender]: cycle 19 feedback: 0.0
[INFO] [1789251645.537620902] [nav_goal_sender]: cycle 19 feedback: 0.0
[INFO] [1789251645.547353953] [nav_goal_sender]: cycle 19 feedback: 0.0
[INFO] [1789251645.557508207] [nav_goal_sender]: cycle 19 feedback: 0.0
[INFO] [1789251645.567485360] [nav_goal_sender]: cycle 19 feedback: 0.0
[INFO] [1789251645.577336612] [nav_goal_sender]: cycle 19 feedback: 0.0
[INFO] [1789251645.587478165] [nav_goal_sender]: cycle 19 feedback: 0.0
[INFO] [1789251645.597462518] [nav_goal_sender]: cycle 19 feedback: 0.0
[INFO] [1789251645.607753373] [nav_goal_sender]: cycle 19 feedback: 0.0
[INFO] [1789251645.617443124] [nav_goal_sender]: cycle 19 feedback: 0.0
[INFO] [1789251645.627660378] [nav_goal_sender]: cycle 19 feedback: 0.0
[INFO] [1789251645.637500230] [nav_goal_sender]: cycle 19 feedback: 0.0
[INFO] [1789251645.647695184] [nav_goal_sender]: cycle 19 feedback: 0.0
[INFO] [1789251645.657849638] [nav_goal_sender]: cycle 19 feedback: 0.0
[INFO] [1789251645.667679690] [nav_goal_sender]: cycle 19 feedback: 0.0
[INFO] [1789251645.677882244] [nav_goal_sender]: cycle 19 feedback: 0.0
[INFO] [1789251645.687838896] [nav_goal_sender]: cycle 19 feedback: 0.0
[INFO] [1789251645.697923150] [nav_goal_sender]: cycle 19 feedback: 0.0
[INFO] [1789251645.707666501] [nav_goal_sender]: cycle 19 feedback: 0.0
[INFO] [1789251645.719278963] [nav_goal_sender]: cycle 19 feedback: 0.0
[INFO] [1789251645.727480306] [nav_goal_sender]: cycle 19 feedback: 0.0
[INFO] [1789251645.737512359] [nav_goal_sender]: cycle 19 feedback: 0.0
[INFO] [1789251645.748055615] [nav_goal_sender]: cycle 19 feedback: 0.0
[INFO] [1789251645.757639565] [nav_goal_sender]: cycle 19 feedback: 0.0
[INFO] [1789251645.768379122] [nav_goal_sender]: cycle 19 feedback: 0.0
[INFO] [1789251645.777427270] [nav_goal_sender]: cycle 19 feedback: 0.0
[INFO] [1789251645.787712625] [nav_goal_sender]: cycle 19 feedback: 0.0
[INFO] [1789251645.799325686] [nav_goal_sender]: cycle 19 feedback: 0.0
[INFO] [1789251645.807656730] [nav_goal_sender]: cycle 19 feedback: 0.0
[INFO] [1789251645.818217186] [nav_goal_sender]: cycle 19 feedback: 0.0
[INFO] [1789251645.828787042] [nav_goal_sender]: cycle 19 feedback: 0.0
[INFO] [1789251645.837622189] [nav_goal_sender]: cycle 19 feedback: 0.0
[INFO] [1789251645.847681042] [nav_goal_sender]: cycle 19 feedback: 0.0
[INFO] [1789251645.858159697] [nav_goal_sender]: cycle 19 feedback: 0.0
[INFO] [1789251645.867593647] [nav_goal_sender]: cycle 19 feedback: 0.0
[INFO] [1789251645.878756406] [nav_goal_sender]: cycle 19 feedback: 0.0
[INFO] [1789251645.887659453] [nav_goal_sender]: cycle 19 feedback: 0.0
[INFO] [1789251645.898152909] [nav_goal_sender]: cycle 19 feedback: 0.0
[INFO] [1789251645.908359063] [nav_goal_sender]: cycle 19 feedback: 0.0
[INFO] [1789251645.917974514] [nav_goal_sender]: cycle 19 feedback: 0.0
[INFO] [1789251645.927687165] [nav_goal_sender]: cycle 19 feedback: 0.0
[INFO] [1789251645.939237726] [nav_goal_sender]: cycle 19 feedback: 0.0
[INFO] [1789251645.948677376] [nav_goal_sender]: cycle 19 feedback: 0.0
[INFO] [1789251645.957934925] [nav_goal_sender]: cycle 19 feedback: 0.0
Traceback (most recent call last):
  File "/cbab5/work/scripts/nav_goal_sender.py", line 129, in <module>
    main()
  File "/cbab5/work/scripts/nav_goal_sender.py", line 120, in main
    node.spin_once()
  File "/cbab5/work/scripts/nav_goal_sender.py", line 55, in spin_once
    rclpy.spin_once(self, timeout_sec=0.25)
  File "/opt/ros/jazzy/lib/python3.12/site-packages/rclpy/__init__.py", line 226, in spin_once
    executor.spin_once(timeout_sec=timeout_sec)
  File "/opt/ros/jazzy/lib/python3.12/site-packages/rclpy/executors.py", line 926, in spin_once
    self._spin_once_impl(timeout_sec)
  File "/opt/ros/jazzy/lib/python3.12/site-packages/rclpy/executors.py", line 907, in _spin_once_impl
    handler, entity, node = self.wait_for_ready_callbacks(
                            ^^^^^^^^^^^^^^^^^^^^^^^^^^^^^^
  File "/opt/ros/jazzy/lib/python3.12/site-packages/rclpy/executors.py", line 877, in wait_for_ready_callbacks
    return next(self._cb_iter)
           ^^^^^^^^^^^^^^^^^^^
  File "/opt/ros/jazzy/lib/python3.12/site-packages/rclpy/executors.py", line 785, in _wait_for_ready_callbacks
    raise ExternalShutdownException()
rclpy.executors.ExternalShutdownException
