timestamp_utc,sample_index,label,pid,comm,cpu_percent,rss_kib,pss_kib,cmdline
2026-09-12T22:16:06Z,0,"compAB_r2_composable",340884,"python3",0.2,77648,52289,"/usr/bin/python3 -c from ros2cli.daemon.daemonize import main; main() --name ros2-daemon --ros-domain-id 0 --rmw-implementation rmw_fastrtps_cpp"
2026-09-12T22:16:06Z,0,"compAB_r2_composable",386842,"bash",0.0,4004,1050,"bash -c source /opt/ros/jazzy/setup.bash && bash /cbab5/work/scripts/run_nav2_composition_ab.sh --label compAB_r2 --duration 120 >/dev/null 2>&1; ls /cbab5/work/results/composition_ab/ | grep r2"
2026-09-12T22:16:06Z,0,"compAB_r2_composable",386855,"bash",0.0,3712,798,"bash /cbab5/work/scripts/run_nav2_composition_ab.sh --label compAB_r2 --duration 120"
2026-09-12T22:16:06Z,0,"compAB_r2_composable",386960,"python3",5.7,76020,49856,"python3 /cbab5/work/scripts/synthetic_scan_publisher.py --duration 220 --loop-s 40 --hz 5.0"
2026-09-12T22:16:06Z,0,"compAB_r2_composable",386976,"ros2",2.5,84036,58360,"/usr/bin/python3 /opt/ros/jazzy/bin/ros2 launch nav2_bringup bringup_launch.py map:=/cbab5/work/scripts/../results/composition_ab/compAB_nav2_map.yaml params_file:=/cbab5/work/scripts/nav2_params_bench.yaml use_sim_time:=False autostart:=True slam:=False use_composition:=True"
2026-09-12T22:16:06Z,0,"compAB_r2_composable",386996,"component_conta",44.2,184092,168775,"/opt/ros/jazzy/lib/rclcpp_components/component_container_isolated --ros-args --log-level info --ros-args -r __node:=nav2_container --params-file /tmp/launch_params_3wcg8vl7 --params-file /tmp/launch_params_b6to_wi_ -r /tf:=tf -r /tf_static:=tf_static"
2026-09-12T22:16:06Z,0,"compAB_r2_composable",387080,"bash",0.0,2352,582,"bash /cbab5/work/scripts/run_nav2_composition_ab.sh --label compAB_r2 --duration 120"
2026-09-12T22:16:06Z,0,"compAB_r2_composable",387081,"python3",12.0,82004,55589,"python3 /cbab5/work/scripts/nav_goal_sender.py --x 4.0 --y 4.0 --yaw 0.0 --repeat 0 --pause 1"
2026-09-12T22:16:06Z,0,"compAB_r2_composable",387212,"bash",1.4,4344,1081,"bash /oomwoo/contributions/compute-benchmark/xbattlax/scripts/measure_ros_processes.sh --pattern python3|ros2|nav2|component_container|nav_goal_sender|amcl|map_server|planner|controller|behavior|bt_nav|smoother|waypoint --duration 110 --interval 2 --label compAB_r2_composable --output /cbab5/work/scripts/../results/composition_ab/compAB_r2_composable_20260912T221503Z.csv"
2026-09-12T22:16:09Z,1,"compAB_r2_composable",340884,"python3",0.2,77584,52273,"/usr/bin/python3 -c from ros2cli.daemon.daemonize import main; main() --name ros2-daemon --ros-domain-id 0 --rmw-implementation rmw_fastrtps_cpp"
2026-09-12T22:16:09Z,1,"compAB_r2_composable",386842,"bash",0.0,4004,1049,"bash -c source /opt/ros/jazzy/setup.bash && bash /cbab5/work/scripts/run_nav2_composition_ab.sh --label compAB_r2 --duration 120 >/dev/null 2>&1; ls /cbab5/work/results/composition_ab/ | grep r2"
2026-09-12T22:16:09Z,1,"compAB_r2_composable",386855,"bash",0.0,3712,798,"bash /cbab5/work/scripts/run_nav2_composition_ab.sh --label compAB_r2 --duration 120"
2026-09-12T22:16:09Z,1,"compAB_r2_composable",386960,"python3",5.6,75956,49839,"python3 /cbab5/work/scripts/synthetic_scan_publisher.py --duration 220 --loop-s 40 --hz 5.0"
2026-09-12T22:16:09Z,1,"compAB_r2_composable",386976,"ros2",2.4,83868,58242,"/usr/bin/python3 /opt/ros/jazzy/bin/ros2 launch nav2_bringup bringup_launch.py map:=/cbab5/work/scripts/../results/composition_ab/compAB_nav2_map.yaml params_file:=/cbab5/work/scripts/nav2_params_bench.yaml use_sim_time:=False autostart:=True slam:=False use_composition:=True"
2026-09-12T22:16:09Z,1,"compAB_r2_composable",386996,"component_conta",45.0,184080,168812,"/opt/ros/jazzy/lib/rclcpp_components/component_container_isolated --ros-args --log-level info --ros-args -r __node:=nav2_container --params-file /tmp/launch_params_3wcg8vl7 --params-file /tmp/launch_params_b6to_wi_ -r /tf:=tf -r /tf_static:=tf_static"
2026-09-12T22:16:09Z,1,"compAB_r2_composable",387080,"bash",0.0,2352,583,"bash /cbab5/work/scripts/run_nav2_composition_ab.sh --label compAB_r2 --duration 120"
2026-09-12T22:16:09Z,1,"compAB_r2_composable",387081,"python3",11.6,81940,55581,"python3 /cbab5/work/scripts/nav_goal_sender.py --x 4.0 --y 4.0 --yaw 0.0 --repeat 0 --pause 1"
2026-09-12T22:16:09Z,1,"compAB_r2_composable",387212,"bash",0.6,4356,1090,"bash /oomwoo/contributions/compute-benchmark/xbattlax/scripts/measure_ros_processes.sh --pattern python3|ros2|nav2|component_container|nav_goal_sender|amcl|map_server|planner|controller|behavior|bt_nav|smoother|waypoint --duration 110 --interval 2 --label compAB_r2_composable --output /cbab5/work/scripts/../results/composition_ab/compAB_r2_composable_20260912T221503Z.csv"
2026-09-12T22:16:11Z,2,"compAB_r2_composable",340884,"python3",0.2,77520,52264,"/usr/bin/python3 -c from ros2cli.daemon.daemonize import main; main() --name ros2-daemon --ros-domain-id 0 --rmw-implementation rmw_fastrtps_cpp"
2026-09-12T22:16:11Z,2,"compAB_r2_composable",386842,"bash",0.0,4004,1046,"bash -c source /opt/ros/jazzy/setup.bash && bash /cbab5/work/scripts/run_nav2_composition_ab.sh --label compAB_r2 --duration 120 >/dev/null 2>&1; ls /cbab5/work/results/composition_ab/ | grep r2"
2026-09-12T22:16:11Z,2,"compAB_r2_composable",386855,"bash",0.0,3712,797,"bash /cbab5/work/scripts/run_nav2_composition_ab.sh --label compAB_r2 --duration 120"
2026-09-12T22:16:11Z,2,"compAB_r2_composable",386960,"python3",5.6,75892,49829,"python3 /cbab5/work/scripts/synthetic_scan_publisher.py --duration 220 --loop-s 40 --hz 5.0"
2026-09-12T22:16:11Z,2,"compAB_r2_composable",386976,"ros2",2.3,83804,58230,"/usr/bin/python3 /opt/ros/jazzy/bin/ros2 launch nav2_bringup bringup_launch.py map:=/cbab5/work/scripts/../results/composition_ab/compAB_nav2_map.yaml params_file:=/cbab5/work/scripts/nav2_params_bench.yaml use_sim_time:=False autostart:=True slam:=False use_composition:=True"
2026-09-12T22:16:11Z,2,"compAB_r2_composable",386996,"component_conta",45.6,186988,171775,"/opt/ros/jazzy/lib/rclcpp_components/component_container_isolated --ros-args --log-level info --ros-args -r __node:=nav2_container --params-file /tmp/launch_params_3wcg8vl7 --params-file /tmp/launch_params_b6to_wi_ -r /tf:=tf -r /tf_static:=tf_static"
2026-09-12T22:16:11Z,2,"compAB_r2_composable",387080,"bash",0.0,2352,582,"bash /cbab5/work/scripts/run_nav2_composition_ab.sh --label compAB_r2 --duration 120"
2026-09-12T22:16:11Z,2,"compAB_r2_composable",387081,"python3",11.1,81876,55563,"python3 /cbab5/work/scripts/nav_goal_sender.py --x 4.0 --y 4.0 --yaw 0.0 --repeat 0 --pause 1"
2026-09-12T22:16:11Z,2,"compAB_r2_composable",387212,"bash",0.7,4360,1089,"bash /oomwoo/contributions/compute-benchmark/xbattlax/scripts/measure_ros_processes.sh --pattern python3|ros2|nav2|component_container|nav_goal_sender|amcl|map_server|planner|controller|behavior|bt_nav|smoother|waypoint --duration 110 --interval 2 --label compAB_r2_composable --output /cbab5/work/scripts/../results/composition_ab/compAB_r2_composable_20260912T221503Z.csv"
2026-09-12T22:16:14Z,3,"compAB_r2_composable",340884,"python3",0.2,77520,52262,"/usr/bin/python3 -c from ros2cli.daemon.daemonize import main; main() --name ros2-daemon --ros-domain-id 0 --rmw-implementation rmw_fastrtps_cpp"
2026-09-12T22:16:14Z,3,"compAB_r2_composable",386842,"bash",0.0,4004,1042,"bash -c source /opt/ros/jazzy/setup.bash && bash /cbab5/work/scripts/run_nav2_composition_ab.sh --label compAB_r2 --duration 120 >/dev/null 2>&1; ls /cbab5/work/results/composition_ab/ | grep r2"
2026-09-12T22:16:14Z,3,"compAB_r2_composable",386855,"bash",0.0,3712,797,"bash /cbab5/work/scripts/run_nav2_composition_ab.sh --label compAB_r2 --duration 120"
2026-09-12T22:16:14Z,3,"compAB_r2_composable",386960,"python3",5.6,75892,49826,"python3 /cbab5/work/scripts/synthetic_scan_publisher.py --duration 220 --loop-s 40 --hz 5.0"
2026-09-12T22:16:14Z,3,"compAB_r2_composable",386976,"ros2",2.2,83804,58225,"/usr/bin/python3 /opt/ros/jazzy/bin/ros2 launch nav2_bringup bringup_launch.py map:=/cbab5/work/scripts/../results/composition_ab/compAB_nav2_map.yaml params_file:=/cbab5/work/scripts/nav2_params_bench.yaml use_sim_time:=False autostart:=True slam:=False use_composition:=True"
2026-09-12T22:16:14Z,3,"compAB_r2_composable",386996,"component_conta",45.5,188996,173781,"/opt/ros/jazzy/lib/rclcpp_components/component_container_isolated --ros-args --log-level info --ros-args -r __node:=nav2_container --params-file /tmp/launch_params_3wcg8vl7 --params-file /tmp/launch_params_b6to_wi_ -r /tf:=tf -r /tf_static:=tf_static"
2026-09-12T22:16:14Z,3,"compAB_r2_composable",387080,"bash",0.0,2352,582,"bash /cbab5/work/scripts/run_nav2_composition_ab.sh --label compAB_r2 --duration 120"
2026-09-12T22:16:14Z,3,"compAB_r2_composable",387081,"python3",10.1,81884,55572,"python3 /cbab5/work/scripts/nav_goal_sender.py --x 4.0 --y 4.0 --yaw 0.0 --repeat 0 --pause 1"
2026-09-12T22:16:14Z,3,"compAB_r2_composable",387212,"bash",0.6,4364,1097,"bash /oomwoo/contributions/compute-benchmark/xbattlax/scripts/measure_ros_processes.sh --pattern python3|ros2|nav2|component_container|nav_goal_sender|amcl|map_server|planner|controller|behavior|bt_nav|smoother|waypoint --duration 110 --interval 2 --label compAB_r2_composable --output /cbab5/work/scripts/../results/composition_ab/compAB_r2_composable_20260912T221503Z.csv"
2026-09-12T22:16:16Z,4,"compAB_r2_composable",340884,"python3",0.2,77520,52258,"/usr/bin/python3 -c from ros2cli.daemon.daemonize import main; main() --name ros2-daemon --ros-domain-id 0 --rmw-implementation rmw_fastrtps_cpp"
2026-09-12T22:16:16Z,4,"compAB_r2_composable",386842,"bash",0.0,4004,1049,"bash -c source /opt/ros/jazzy/setup.bash && bash /cbab5/work/scripts/run_nav2_composition_ab.sh --label compAB_r2 --duration 120 >/dev/null 2>&1; ls /cbab5/work/results/composition_ab/ | grep r2"
2026-09-12T22:16:16Z,4,"compAB_r2_composable",386855,"bash",0.0,3712,799,"bash /cbab5/work/scripts/run_nav2_composition_ab.sh --label compAB_r2 --duration 120"
2026-09-12T22:16:16Z,4,"compAB_r2_composable",386960,"python3",5.5,75892,49830,"python3 /cbab5/work/scripts/synthetic_scan_publisher.py --duration 220 --loop-s 40 --hz 5.0"
2026-09-12T22:16:16Z,4,"compAB_r2_composable",386976,"ros2",2.1,83804,58230,"/usr/bin/python3 /opt/ros/jazzy/bin/ros2 launch nav2_bringup bringup_launch.py map:=/cbab5/work/scripts/../results/composition_ab/compAB_nav2_map.yaml params_file:=/cbab5/work/scripts/nav2_params_bench.yaml use_sim_time:=False autostart:=True slam:=False use_composition:=True"
2026-09-12T22:16:16Z,4,"compAB_r2_composable",386996,"component_conta",46.0,189748,174532,"/opt/ros/jazzy/lib/rclcpp_components/component_container_isolated --ros-args --log-level info --ros-args -r __node:=nav2_container --params-file /tmp/launch_params_3wcg8vl7 --params-file /tmp/launch_params_b6to_wi_ -r /tf:=tf -r /tf_static:=tf_static"
2026-09-12T22:16:16Z,4,"compAB_r2_composable",387080,"bash",0.0,2352,582,"bash /cbab5/work/scripts/run_nav2_composition_ab.sh --label compAB_r2 --duration 120"
2026-09-12T22:16:16Z,4,"compAB_r2_composable",387081,"python3",10.0,81888,55582,"python3 /cbab5/work/scripts/nav_goal_sender.py --x 4.0 --y 4.0 --yaw 0.0 --repeat 0 --pause 1"
2026-09-12T22:16:16Z,4,"compAB_r2_composable",387212,"bash",0.5,4364,1095,"bash /oomwoo/contributions/compute-benchmark/xbattlax/scripts/measure_ros_processes.sh --pattern python3|ros2|nav2|component_container|nav_goal_sender|amcl|map_server|planner|controller|behavior|bt_nav|smoother|waypoint --duration 110 --interval 2 --label compAB_r2_composable --output /cbab5/work/scripts/../results/composition_ab/compAB_r2_composable_20260912T221503Z.csv"
2026-09-12T22:16:18Z,5,"compAB_r2_composable",340884,"python3",0.2,77520,52260,"/usr/bin/python3 -c from ros2cli.daemon.daemonize import main; main() --name ros2-daemon --ros-domain-id 0 --rmw-implementation rmw_fastrtps_cpp"
2026-09-12T22:16:18Z,5,"compAB_r2_composable",386842,"bash",0.0,4004,1046,"bash -c source /opt/ros/jazzy/setup.bash && bash /cbab5/work/scripts/run_nav2_composition_ab.sh --label compAB_r2 --duration 120 >/dev/null 2>&1; ls /cbab5/work/results/composition_ab/ | grep r2"
2026-09-12T22:16:18Z,5,"compAB_r2_composable",386855,"bash",0.0,3712,800,"bash /cbab5/work/scripts/run_nav2_composition_ab.sh --label compAB_r2 --duration 120"
2026-09-12T22:16:18Z,5,"compAB_r2_composable",386960,"python3",5.5,75892,49825,"python3 /cbab5/work/scripts/synthetic_scan_publisher.py --duration 220 --loop-s 40 --hz 5.0"
2026-09-12T22:16:18Z,5,"compAB_r2_composable",386976,"ros2",2.0,83804,58227,"/usr/bin/python3 /opt/ros/jazzy/bin/ros2 launch nav2_bringup bringup_launch.py map:=/cbab5/work/scripts/../results/composition_ab/compAB_nav2_map.yaml params_file:=/cbab5/work/scripts/nav2_params_bench.yaml use_sim_time:=False autostart:=True slam:=False use_composition:=True"
2026-09-12T22:16:18Z,5,"compAB_r2_composable",386996,"component_conta",46.4,188324,173108,"/opt/ros/jazzy/lib/rclcpp_components/component_container_isolated --ros-args --log-level info --ros-args -r __node:=nav2_container --params-file /tmp/launch_params_3wcg8vl7 --params-file /tmp/launch_params_b6to_wi_ -r /tf:=tf -r /tf_static:=tf_static"
2026-09-12T22:16:18Z,5,"compAB_r2_composable",387080,"bash",0.0,2352,582,"bash /cbab5/work/scripts/run_nav2_composition_ab.sh --label compAB_r2 --duration 120"
2026-09-12T22:16:18Z,5,"compAB_r2_composable",387081,"python3",10.0,81888,55579,"python3 /cbab5/work/scripts/nav_goal_sender.py --x 4.0 --y 4.0 --yaw 0.0 --repeat 0 --pause 1"
2026-09-12T22:16:18Z,5,"compAB_r2_composable",387212,"bash",0.5,4364,1099,"bash /oomwoo/contributions/compute-benchmark/xbattlax/scripts/measure_ros_processes.sh --pattern python3|ros2|nav2|component_container|nav_goal_sender|amcl|map_server|planner|controller|behavior|bt_nav|smoother|waypoint --duration 110 --interval 2 --label compAB_r2_composable --output /cbab5/work/scripts/../results/composition_ab/compAB_r2_composable_20260912T221503Z.csv"
2026-09-12T22:16:21Z,6,"compAB_r2_composable",340884,"python3",0.2,77520,52257,"/usr/bin/python3 -c from ros2cli.daemon.daemonize import main; main() --name ros2-daemon --ros-domain-id 0 --rmw-implementation rmw_fastrtps_cpp"
2026-09-12T22:16:21Z,6,"compAB_r2_composable",386842,"bash",0.0,4004,1049,"bash -c source /opt/ros/jazzy/setup.bash && bash /cbab5/work/scripts/run_nav2_composition_ab.sh --label compAB_r2 --duration 120 >/dev/null 2>&1; ls /cbab5/work/results/composition_ab/ | grep r2"
2026-09-12T22:16:21Z,6,"compAB_r2_composable",386855,"bash",0.0,3712,801,"bash /cbab5/work/scripts/run_nav2_composition_ab.sh --label compAB_r2 --duration 120"
2026-09-12T22:16:21Z,6,"compAB_r2_composable",386960,"python3",5.5,75892,49827,"python3 /cbab5/work/scripts/synthetic_scan_publisher.py --duration 220 --loop-s 40 --hz 5.0"
2026-09-12T22:16:21Z,6,"compAB_r2_composable",386976,"ros2",2.0,83804,58229,"/usr/bin/python3 /opt/ros/jazzy/bin/ros2 launch nav2_bringup bringup_launch.py map:=/cbab5/work/scripts/../results/composition_ab/compAB_nav2_map.yaml params_file:=/cbab5/work/scripts/nav2_params_bench.yaml use_sim_time:=False autostart:=True slam:=False use_composition:=True"
2026-09-12T22:16:21Z,6,"compAB_r2_composable",386996,"component_conta",46.5,185980,170763,"/opt/ros/jazzy/lib/rclcpp_components/component_container_isolated --ros-args --log-level info --ros-args -r __node:=nav2_container --params-file /tmp/launch_params_3wcg8vl7 --params-file /tmp/launch_params_b6to_wi_ -r /tf:=tf -r /tf_static:=tf_static"
2026-09-12T22:16:21Z,6,"compAB_r2_composable",387080,"bash",0.0,2352,583,"bash /cbab5/work/scripts/run_nav2_composition_ab.sh --label compAB_r2 --duration 120"
2026-09-12T22:16:21Z,6,"compAB_r2_composable",387081,"python3",10.0,81888,55580,"python3 /cbab5/work/scripts/nav_goal_sender.py --x 4.0 --y 4.0 --yaw 0.0 --repeat 0 --pause 1"
2026-09-12T22:16:21Z,6,"compAB_r2_composable",387212,"bash",0.5,4364,1098,"bash /oomwoo/contributions/compute-benchmark/xbattlax/scripts/measure_ros_processes.sh --pattern python3|ros2|nav2|component_container|nav_goal_sender|amcl|map_server|planner|controller|behavior|bt_nav|smoother|waypoint --duration 110 --interval 2 --label compAB_r2_composable --output /cbab5/work/scripts/../results/composition_ab/compAB_r2_composable_20260912T221503Z.csv"
2026-09-12T22:16:24Z,7,"compAB_r2_composable",340884,"python3",0.2,77520,52262,"/usr/bin/python3 -c from ros2cli.daemon.daemonize import main; main() --name ros2-daemon --ros-domain-id 0 --rmw-implementation rmw_fastrtps_cpp"
2026-09-12T22:16:24Z,7,"compAB_r2_composable",386842,"bash",0.0,4004,1044,"bash -c source /opt/ros/jazzy/setup.bash && bash /cbab5/work/scripts/run_nav2_composition_ab.sh --label compAB_r2 --duration 120 >/dev/null 2>&1; ls /cbab5/work/results/composition_ab/ | grep r2"
2026-09-12T22:16:24Z,7,"compAB_r2_composable",386855,"bash",0.0,3712,800,"bash /cbab5/work/scripts/run_nav2_composition_ab.sh --label compAB_r2 --duration 120"
2026-09-12T22:16:24Z,7,"compAB_r2_composable",386960,"python3",5.5,75892,49828,"python3 /cbab5/work/scripts/synthetic_scan_publisher.py --duration 220 --loop-s 40 --hz 5.0"
2026-09-12T22:16:24Z,7,"compAB_r2_composable",386976,"ros2",1.9,83804,58228,"/usr/bin/python3 /opt/ros/jazzy/bin/ros2 launch nav2_bringup bringup_launch.py map:=/cbab5/work/scripts/../results/composition_ab/compAB_nav2_map.yaml params_file:=/cbab5/work/scripts/nav2_params_bench.yaml use_sim_time:=False autostart:=True slam:=False use_composition:=True"
2026-09-12T22:16:24Z,7,"compAB_r2_composable",386996,"component_conta",46.8,185240,170023,"/opt/ros/jazzy/lib/rclcpp_components/component_container_isolated --ros-args --log-level info --ros-args -r __node:=nav2_container --params-file /tmp/launch_params_3wcg8vl7 --params-file /tmp/launch_params_b6to_wi_ -r /tf:=tf -r /tf_static:=tf_static"
2026-09-12T22:16:24Z,7,"compAB_r2_composable",387080,"bash",0.0,2352,582,"bash /cbab5/work/scripts/run_nav2_composition_ab.sh --label compAB_r2 --duration 120"
2026-09-12T22:16:24Z,7,"compAB_r2_composable",387081,"python3",9.8,81888,55578,"python3 /cbab5/work/scripts/nav_goal_sender.py --x 4.0 --y 4.0 --yaw 0.0 --repeat 0 --pause 1"
2026-09-12T22:16:24Z,7,"compAB_r2_composable",387212,"bash",0.5,4364,1096,"bash /oomwoo/contributions/compute-benchmark/xbattlax/scripts/measure_ros_processes.sh --pattern python3|ros2|nav2|component_container|nav_goal_sender|amcl|map_server|planner|controller|behavior|bt_nav|smoother|waypoint --duration 110 --interval 2 --label compAB_r2_composable --output /cbab5/work/scripts/../results/composition_ab/compAB_r2_composable_20260912T221503Z.csv"
2026-09-12T22:16:26Z,8,"compAB_r2_composable",340884,"python3",0.2,77520,52263,"/usr/bin/python3 -c from ros2cli.daemon.daemonize import main; main() --name ros2-daemon --ros-domain-id 0 --rmw-implementation rmw_fastrtps_cpp"
2026-09-12T22:16:26Z,8,"compAB_r2_composable",386842,"bash",0.0,4004,1049,"bash -c source /opt/ros/jazzy/setup.bash && bash /cbab5/work/scripts/run_nav2_composition_ab.sh --label compAB_r2 --duration 120 >/dev/null 2>&1; ls /cbab5/work/results/composition_ab/ | grep r2"
2026-09-12T22:16:26Z,8,"compAB_r2_composable",386855,"bash",0.0,3712,795,"bash /cbab5/work/scripts/run_nav2_composition_ab.sh --label compAB_r2 --duration 120"
2026-09-12T22:16:26Z,8,"compAB_r2_composable",386960,"python3",5.4,75892,49828,"python3 /cbab5/work/scripts/synthetic_scan_publisher.py --duration 220 --loop-s 40 --hz 5.0"
2026-09-12T22:16:26Z,8,"compAB_r2_composable",386976,"ros2",1.9,83804,58229,"/usr/bin/python3 /opt/ros/jazzy/bin/ros2 launch nav2_bringup bringup_launch.py map:=/cbab5/work/scripts/../results/composition_ab/compAB_nav2_map.yaml params_file:=/cbab5/work/scripts/nav2_params_bench.yaml use_sim_time:=False autostart:=True slam:=False use_composition:=True"
2026-09-12T22:16:26Z,8,"compAB_r2_composable",386996,"component_conta",46.8,185388,170169,"/opt/ros/jazzy/lib/rclcpp_components/component_container_isolated --ros-args --log-level info --ros-args -r __node:=nav2_container --params-file /tmp/launch_params_3wcg8vl7 --params-file /tmp/launch_params_b6to_wi_ -r /tf:=tf -r /tf_static:=tf_static"
2026-09-12T22:16:26Z,8,"compAB_r2_composable",387080,"bash",0.0,2352,583,"bash /cbab5/work/scripts/run_nav2_composition_ab.sh --label compAB_r2 --duration 120"
2026-09-12T22:16:26Z,8,"compAB_r2_composable",387081,"python3",9.4,81908,55592,"python3 /cbab5/work/scripts/nav_goal_sender.py --x 4.0 --y 4.0 --yaw 0.0 --repeat 0 --pause 1"
2026-09-12T22:16:26Z,8,"compAB_r2_composable",387212,"bash",0.5,4364,1093,"bash /oomwoo/contributions/compute-benchmark/xbattlax/scripts/measure_ros_processes.sh --pattern python3|ros2|nav2|component_container|nav_goal_sender|amcl|map_server|planner|controller|behavior|bt_nav|smoother|waypoint --duration 110 --interval 2 --label compAB_r2_composable --output /cbab5/work/scripts/../results/composition_ab/compAB_r2_composable_20260912T221503Z.csv"
2026-09-12T22:16:28Z,9,"compAB_r2_composable",340884,"python3",0.2,77520,52257,"/usr/bin/python3 -c from ros2cli.daemon.daemonize import main; main() --name ros2-daemon --ros-domain-id 0 --rmw-implementation rmw_fastrtps_cpp"
2026-09-12T22:16:28Z,9,"compAB_r2_composable",386842,"bash",0.0,4004,1047,"bash -c source /opt/ros/jazzy/setup.bash && bash /cbab5/work/scripts/run_nav2_composition_ab.sh --label compAB_r2 --duration 120 >/dev/null 2>&1; ls /cbab5/work/results/composition_ab/ | grep r2"
2026-09-12T22:16:28Z,9,"compAB_r2_composable",386855,"bash",0.0,3712,798,"bash /cbab5/work/scripts/run_nav2_composition_ab.sh --label compAB_r2 --duration 120"
2026-09-12T22:16:28Z,9,"compAB_r2_composable",386960,"python3",5.4,75892,49827,"python3 /cbab5/work/scripts/synthetic_scan_publisher.py --duration 220 --loop-s 40 --hz 5.0"
2026-09-12T22:16:28Z,9,"compAB_r2_composable",386976,"ros2",1.8,83804,58227,"/usr/bin/python3 /opt/ros/jazzy/bin/ros2 launch nav2_bringup bringup_launch.py map:=/cbab5/work/scripts/../results/composition_ab/compAB_nav2_map.yaml params_file:=/cbab5/work/scripts/nav2_params_bench.yaml use_sim_time:=False autostart:=True slam:=False use_composition:=True"
2026-09-12T22:16:28Z,9,"compAB_r2_composable",386996,"component_conta",47.2,186140,170922,"/opt/ros/jazzy/lib/rclcpp_components/component_container_isolated --ros-args --log-level info --ros-args -r __node:=nav2_container --params-file /tmp/launch_params_3wcg8vl7 --params-file /tmp/launch_params_b6to_wi_ -r /tf:=tf -r /tf_static:=tf_static"
2026-09-12T22:16:28Z,9,"compAB_r2_composable",387080,"bash",0.0,2352,582,"bash /cbab5/work/scripts/run_nav2_composition_ab.sh --label compAB_r2 --duration 120"
2026-09-12T22:16:28Z,9,"compAB_r2_composable",387081,"python3",9.4,81908,55594,"python3 /cbab5/work/scripts/nav_goal_sender.py --x 4.0 --y 4.0 --yaw 0.0 --repeat 0 --pause 1"
2026-09-12T22:16:28Z,9,"compAB_r2_composable",387212,"bash",0.5,4364,1093,"bash /oomwoo/contributions/compute-benchmark/xbattlax/scripts/measure_ros_processes.sh --pattern python3|ros2|nav2|component_container|nav_goal_sender|amcl|map_server|planner|controller|behavior|bt_nav|smoother|waypoint --duration 110 --interval 2 --label compAB_r2_composable --output /cbab5/work/scripts/../results/composition_ab/compAB_r2_composable_20260912T221503Z.csv"
2026-09-12T22:16:31Z,10,"compAB_r2_composable",340884,"python3",0.2,77520,52259,"/usr/bin/python3 -c from ros2cli.daemon.daemonize import main; main() --name ros2-daemon --ros-domain-id 0 --rmw-implementation rmw_fastrtps_cpp"
2026-09-12T22:16:31Z,10,"compAB_r2_composable",386842,"bash",0.0,4004,1049,"bash -c source /opt/ros/jazzy/setup.bash && bash /cbab5/work/scripts/run_nav2_composition_ab.sh --label compAB_r2 --duration 120 >/dev/null 2>&1; ls /cbab5/work/results/composition_ab/ | grep r2"
2026-09-12T22:16:31Z,10,"compAB_r2_composable",386855,"bash",0.0,3712,797,"bash /cbab5/work/scripts/run_nav2_composition_ab.sh --label compAB_r2 --duration 120"
2026-09-12T22:16:31Z,10,"compAB_r2_composable",386960,"python3",5.4,75892,49826,"python3 /cbab5/work/scripts/synthetic_scan_publisher.py --duration 220 --loop-s 40 --hz 5.0"
2026-09-12T22:16:31Z,10,"compAB_r2_composable",386976,"ros2",1.7,83804,58229,"/usr/bin/python3 /opt/ros/jazzy/bin/ros2 launch nav2_bringup bringup_launch.py map:=/cbab5/work/scripts/../results/composition_ab/compAB_nav2_map.yaml params_file:=/cbab5/work/scripts/nav2_params_bench.yaml use_sim_time:=False autostart:=True slam:=False use_composition:=True"
2026-09-12T22:16:31Z,10,"compAB_r2_composable",386996,"component_conta",47.5,184232,169017,"/opt/ros/jazzy/lib/rclcpp_components/component_container_isolated --ros-args --log-level info --ros-args -r __node:=nav2_container --params-file /tmp/launch_params_3wcg8vl7 --params-file /tmp/launch_params_b6to_wi_ -r /tf:=tf -r /tf_static:=tf_static"
2026-09-12T22:16:31Z,10,"compAB_r2_composable",387080,"bash",0.0,2352,583,"bash /cbab5/work/scripts/run_nav2_composition_ab.sh --label compAB_r2 --duration 120"
2026-09-12T22:16:31Z,10,"compAB_r2_composable",387081,"python3",9.2,81908,55600,"python3 /cbab5/work/scripts/nav_goal_sender.py --x 4.0 --y 4.0 --yaw 0.0 --repeat 0 --pause 1"
2026-09-12T22:16:31Z,10,"compAB_r2_composable",387212,"bash",0.5,4364,1094,"bash /oomwoo/contributions/compute-benchmark/xbattlax/scripts/measure_ros_processes.sh --pattern python3|ros2|nav2|component_container|nav_goal_sender|amcl|map_server|planner|controller|behavior|bt_nav|smoother|waypoint --duration 110 --interval 2 --label compAB_r2_composable --output /cbab5/work/scripts/../results/composition_ab/compAB_r2_composable_20260912T221503Z.csv"
2026-09-12T22:16:33Z,11,"compAB_r2_composable",340884,"python3",0.2,77520,52261,"/usr/bin/python3 -c from ros2cli.daemon.daemonize import main; main() --name ros2-daemon --ros-domain-id 0 --rmw-implementation rmw_fastrtps_cpp"
2026-09-12T22:16:33Z,11,"compAB_r2_composable",386842,"bash",0.0,4004,1050,"bash -c source /opt/ros/jazzy/setup.bash && bash /cbab5/work/scripts/run_nav2_composition_ab.sh --label compAB_r2 --duration 120 >/dev/null 2>&1; ls /cbab5/work/results/composition_ab/ | grep r2"
2026-09-12T22:16:33Z,11,"compAB_r2_composable",386855,"bash",0.0,3712,794,"bash /cbab5/work/scripts/run_nav2_composition_ab.sh --label compAB_r2 --duration 120"
2026-09-12T22:16:33Z,11,"compAB_r2_composable",386960,"python3",5.4,75892,49829,"python3 /cbab5/work/scripts/synthetic_scan_publisher.py --duration 220 --loop-s 40 --hz 5.0"
2026-09-12T22:16:33Z,11,"compAB_r2_composable",386976,"ros2",1.7,83804,58230,"/usr/bin/python3 /opt/ros/jazzy/bin/ros2 launch nav2_bringup bringup_launch.py map:=/cbab5/work/scripts/../results/composition_ab/compAB_nav2_map.yaml params_file:=/cbab5/work/scripts/nav2_params_bench.yaml use_sim_time:=False autostart:=True slam:=False use_composition:=True"
2026-09-12T22:16:33Z,11,"compAB_r2_composable",386996,"component_conta",47.7,185124,169909,"/opt/ros/jazzy/lib/rclcpp_components/component_container_isolated --ros-args --log-level info --ros-args -r __node:=nav2_container --params-file /tmp/launch_params_3wcg8vl7 --params-file /tmp/launch_params_b6to_wi_ -r /tf:=tf -r /tf_static:=tf_static"
2026-09-12T22:16:33Z,11,"compAB_r2_composable",387080,"bash",0.0,2352,582,"bash /cbab5/work/scripts/run_nav2_composition_ab.sh --label compAB_r2 --duration 120"
2026-09-12T22:16:33Z,11,"compAB_r2_composable",387081,"python3",9.3,81908,55593,"python3 /cbab5/work/scripts/nav_goal_sender.py --x 4.0 --y 4.0 --yaw 0.0 --repeat 0 --pause 1"
2026-09-12T22:16:33Z,11,"compAB_r2_composable",387212,"bash",0.5,4364,1096,"bash /oomwoo/contributions/compute-benchmark/xbattlax/scripts/measure_ros_processes.sh --pattern python3|ros2|nav2|component_container|nav_goal_sender|amcl|map_server|planner|controller|behavior|bt_nav|smoother|waypoint --duration 110 --interval 2 --label compAB_r2_composable --output /cbab5/work/scripts/../results/composition_ab/compAB_r2_composable_20260912T221503Z.csv"
2026-09-12T22:16:36Z,12,"compAB_r2_composable",340884,"python3",0.2,77520,52257,"/usr/bin/python3 -c from ros2cli.daemon.daemonize import main; main() --name ros2-daemon --ros-domain-id 0 --rmw-implementation rmw_fastrtps_cpp"
2026-09-12T22:16:36Z,12,"compAB_r2_composable",386842,"bash",0.0,4004,1049,"bash -c source /opt/ros/jazzy/setup.bash && bash /cbab5/work/scripts/run_nav2_composition_ab.sh --label compAB_r2 --duration 120 >/dev/null 2>&1; ls /cbab5/work/results/composition_ab/ | grep r2"
2026-09-12T22:16:36Z,12,"compAB_r2_composable",386855,"bash",0.0,3712,799,"bash /cbab5/work/scripts/run_nav2_composition_ab.sh --label compAB_r2 --duration 120"
2026-09-12T22:16:36Z,12,"compAB_r2_composable",386960,"python3",5.4,75892,49828,"python3 /cbab5/work/scripts/synthetic_scan_publisher.py --duration 220 --loop-s 40 --hz 5.0"
2026-09-12T22:16:36Z,12,"compAB_r2_composable",386976,"ros2",1.6,83804,58228,"/usr/bin/python3 /opt/ros/jazzy/bin/ros2 launch nav2_bringup bringup_launch.py map:=/cbab5/work/scripts/../results/composition_ab/compAB_nav2_map.yaml params_file:=/cbab5/work/scripts/nav2_params_bench.yaml use_sim_time:=False autostart:=True slam:=False use_composition:=True"
2026-09-12T22:16:36Z,12,"compAB_r2_composable",386996,"component_conta",47.7,185160,169946,"/opt/ros/jazzy/lib/rclcpp_components/component_container_isolated --ros-args --log-level info --ros-args -r __node:=nav2_container --params-file /tmp/launch_params_3wcg8vl7 --params-file /tmp/launch_params_b6to_wi_ -r /tf:=tf -r /tf_static:=tf_static"
2026-09-12T22:16:36Z,12,"compAB_r2_composable",387080,"bash",0.0,2352,582,"bash /cbab5/work/scripts/run_nav2_composition_ab.sh --label compAB_r2 --duration 120"
2026-09-12T22:16:36Z,12,"compAB_r2_composable",387081,"python3",9.3,81908,55599,"python3 /cbab5/work/scripts/nav_goal_sender.py --x 4.0 --y 4.0 --yaw 0.0 --repeat 0 --pause 1"
2026-09-12T22:16:36Z,12,"compAB_r2_composable",387212,"bash",0.5,4364,1095,"bash /oomwoo/contributions/compute-benchmark/xbattlax/scripts/measure_ros_processes.sh --pattern python3|ros2|nav2|component_container|nav_goal_sender|amcl|map_server|planner|controller|behavior|bt_nav|smoother|waypoint --duration 110 --interval 2 --label compAB_r2_composable --output /cbab5/work/scripts/../results/composition_ab/compAB_r2_composable_20260912T221503Z.csv"
2026-09-12T22:16:38Z,13,"compAB_r2_composable",340884,"python3",0.2,77520,52257,"/usr/bin/python3 -c from ros2cli.daemon.daemonize import main; main() --name ros2-daemon --ros-domain-id 0 --rmw-implementation rmw_fastrtps_cpp"
2026-09-12T22:16:38Z,13,"compAB_r2_composable",386842,"bash",0.0,4004,1048,"bash -c source /opt/ros/jazzy/setup.bash && bash /cbab5/work/scripts/run_nav2_composition_ab.sh --label compAB_r2 --duration 120 >/dev/null 2>&1; ls /cbab5/work/results/composition_ab/ | grep r2"
2026-09-12T22:16:38Z,13,"compAB_r2_composable",386855,"bash",0.0,3712,739,"bash /cbab5/work/scripts/run_nav2_composition_ab.sh --label compAB_r2 --duration 120"
2026-09-12T22:16:38Z,13,"compAB_r2_composable",386960,"python3",5.4,75892,49828,"python3 /cbab5/work/scripts/synthetic_scan_publisher.py --duration 220 --loop-s 40 --hz 5.0"
2026-09-12T22:16:38Z,13,"compAB_r2_composable",386976,"ros2",1.6,83804,58233,"/usr/bin/python3 /opt/ros/jazzy/bin/ros2 launch nav2_bringup bringup_launch.py map:=/cbab5/work/scripts/../results/composition_ab/compAB_nav2_map.yaml params_file:=/cbab5/work/scripts/nav2_params_bench.yaml use_sim_time:=False autostart:=True slam:=False use_composition:=True"
2026-09-12T22:16:38Z,13,"compAB_r2_composable",386996,"component_conta",47.4,185160,169947,"/opt/ros/jazzy/lib/rclcpp_components/component_container_isolated --ros-args --log-level info --ros-args -r __node:=nav2_container --params-file /tmp/launch_params_3wcg8vl7 --params-file /tmp/launch_params_b6to_wi_ -r /tf:=tf -r /tf_static:=tf_static"
2026-09-12T22:16:38Z,13,"compAB_r2_composable",387080,"bash",0.0,2352,583,"bash /cbab5/work/scripts/run_nav2_composition_ab.sh --label compAB_r2 --duration 120"
2026-09-12T22:16:38Z,13,"compAB_r2_composable",387081,"python3",9.4,81908,55597,"python3 /cbab5/work/scripts/nav_goal_sender.py --x 4.0 --y 4.0 --yaw 0.0 --repeat 0 --pause 1"
2026-09-12T22:16:38Z,13,"compAB_r2_composable",387212,"bash",0.5,4364,1096,"bash /oomwoo/contributions/compute-benchmark/xbattlax/scripts/measure_ros_processes.sh --pattern python3|ros2|nav2|component_container|nav_goal_sender|amcl|map_server|planner|controller|behavior|bt_nav|smoother|waypoint --duration 110 --interval 2 --label compAB_r2_composable --output /cbab5/work/scripts/../results/composition_ab/compAB_r2_composable_20260912T221503Z.csv"
2026-09-12T22:16:41Z,14,"compAB_r2_composable",340884,"python3",0.2,77520,52261,"/usr/bin/python3 -c from ros2cli.daemon.daemonize import main; main() --name ros2-daemon --ros-domain-id 0 --rmw-implementation rmw_fastrtps_cpp"
2026-09-12T22:16:41Z,14,"compAB_r2_composable",386842,"bash",0.0,4004,1045,"bash -c source /opt/ros/jazzy/setup.bash && bash /cbab5/work/scripts/run_nav2_composition_ab.sh --label compAB_r2 --duration 120 >/dev/null 2>&1; ls /cbab5/work/results/composition_ab/ | grep r2"
2026-09-12T22:16:41Z,14,"compAB_r2_composable",386855,"bash",0.0,3712,800,"bash /cbab5/work/scripts/run_nav2_composition_ab.sh --label compAB_r2 --duration 120"
2026-09-12T22:16:41Z,14,"compAB_r2_composable",386960,"python3",5.4,75892,49827,"python3 /cbab5/work/scripts/synthetic_scan_publisher.py --duration 220 --loop-s 40 --hz 5.0"
2026-09-12T22:16:41Z,14,"compAB_r2_composable",386976,"ros2",1.6,83804,58227,"/usr/bin/python3 /opt/ros/jazzy/bin/ros2 launch nav2_bringup bringup_launch.py map:=/cbab5/work/scripts/../results/composition_ab/compAB_nav2_map.yaml params_file:=/cbab5/work/scripts/nav2_params_bench.yaml use_sim_time:=False autostart:=True slam:=False use_composition:=True"
2026-09-12T22:16:41Z,14,"compAB_r2_composable",386996,"component_conta",47.0,185596,170380,"/opt/ros/jazzy/lib/rclcpp_components/component_container_isolated --ros-args --log-level info --ros-args -r __node:=nav2_container --params-file /tmp/launch_params_3wcg8vl7 --params-file /tmp/launch_params_b6to_wi_ -r /tf:=tf -r /tf_static:=tf_static"
2026-09-12T22:16:41Z,14,"compAB_r2_composable",387080,"bash",0.0,2352,583,"bash /cbab5/work/scripts/run_nav2_composition_ab.sh --label compAB_r2 --duration 120"
2026-09-12T22:16:41Z,14,"compAB_r2_composable",387081,"python3",9.2,81908,55598,"python3 /cbab5/work/scripts/nav_goal_sender.py --x 4.0 --y 4.0 --yaw 0.0 --repeat 0 --pause 1"
2026-09-12T22:16:41Z,14,"compAB_r2_composable",387212,"bash",0.5,4364,1092,"bash /oomwoo/contributions/compute-benchmark/xbattlax/scripts/measure_ros_processes.sh --pattern python3|ros2|nav2|component_container|nav_goal_sender|amcl|map_server|planner|controller|behavior|bt_nav|smoother|waypoint --duration 110 --interval 2 --label compAB_r2_composable --output /cbab5/work/scripts/../results/composition_ab/compAB_r2_composable_20260912T221503Z.csv"
2026-09-12T22:16:43Z,15,"compAB_r2_composable",340884,"python3",0.2,77520,52263,"/usr/bin/python3 -c from ros2cli.daemon.daemonize import main; main() --name ros2-daemon --ros-domain-id 0 --rmw-implementation rmw_fastrtps_cpp"
2026-09-12T22:16:43Z,15,"compAB_r2_composable",386842,"bash",0.0,4004,1050,"bash -c source /opt/ros/jazzy/setup.bash && bash /cbab5/work/scripts/run_nav2_composition_ab.sh --label compAB_r2 --duration 120 >/dev/null 2>&1; ls /cbab5/work/results/composition_ab/ | grep r2"
2026-09-12T22:16:43Z,15,"compAB_r2_composable",386855,"bash",0.0,3712,797,"bash /cbab5/work/scripts/run_nav2_composition_ab.sh --label compAB_r2 --duration 120"
2026-09-12T22:16:43Z,15,"compAB_r2_composable",386960,"python3",5.4,75892,49829,"python3 /cbab5/work/scripts/synthetic_scan_publisher.py --duration 220 --loop-s 40 --hz 5.0"
2026-09-12T22:16:43Z,15,"compAB_r2_composable",386976,"ros2",1.5,83804,58228,"/usr/bin/python3 /opt/ros/jazzy/bin/ros2 launch nav2_bringup bringup_launch.py map:=/cbab5/work/scripts/../results/composition_ab/compAB_nav2_map.yaml params_file:=/cbab5/work/scripts/nav2_params_bench.yaml use_sim_time:=False autostart:=True slam:=False use_composition:=True"
2026-09-12T22:16:43Z,15,"compAB_r2_composable",386996,"component_conta",47.0,186468,171254,"/opt/ros/jazzy/lib/rclcpp_components/component_container_isolated --ros-args --log-level info --ros-args -r __node:=nav2_container --params-file /tmp/launch_params_3wcg8vl7 --params-file /tmp/launch_params_b6to_wi_ -r /tf:=tf -r /tf_static:=tf_static"
2026-09-12T22:16:43Z,15,"compAB_r2_composable",387080,"bash",0.0,2352,582,"bash /cbab5/work/scripts/run_nav2_composition_ab.sh --label compAB_r2 --duration 120"
2026-09-12T22:16:43Z,15,"compAB_r2_composable",387081,"python3",9.1,81908,55595,"python3 /cbab5/work/scripts/nav_goal_sender.py --x 4.0 --y 4.0 --yaw 0.0 --repeat 0 --pause 1"
2026-09-12T22:16:43Z,15,"compAB_r2_composable",387212,"bash",0.5,4364,1095,"bash /oomwoo/contributions/compute-benchmark/xbattlax/scripts/measure_ros_processes.sh --pattern python3|ros2|nav2|component_container|nav_goal_sender|amcl|map_server|planner|controller|behavior|bt_nav|smoother|waypoint --duration 110 --interval 2 --label compAB_r2_composable --output /cbab5/work/scripts/../results/composition_ab/compAB_r2_composable_20260912T221503Z.csv"
2026-09-12T22:16:46Z,16,"compAB_r2_composable",340884,"python3",0.2,77520,52257,"/usr/bin/python3 -c from ros2cli.daemon.daemonize import main; main() --name ros2-daemon --ros-domain-id 0 --rmw-implementation rmw_fastrtps_cpp"
2026-09-12T22:16:46Z,16,"compAB_r2_composable",386842,"bash",0.0,4004,1048,"bash -c source /opt/ros/jazzy/setup.bash && bash /cbab5/work/scripts/run_nav2_composition_ab.sh --label compAB_r2 --duration 120 >/dev/null 2>&1; ls /cbab5/work/results/composition_ab/ | grep r2"
2026-09-12T22:16:46Z,16,"compAB_r2_composable",386855,"bash",0.0,3712,795,"bash /cbab5/work/scripts/run_nav2_composition_ab.sh --label compAB_r2 --duration 120"
2026-09-12T22:16:46Z,16,"compAB_r2_composable",386960,"python3",5.3,75892,49828,"python3 /cbab5/work/scripts/synthetic_scan_publisher.py --duration 220 --loop-s 40 --hz 5.0"
2026-09-12T22:16:46Z,16,"compAB_r2_composable",386976,"ros2",1.5,83804,58226,"/usr/bin/python3 /opt/ros/jazzy/bin/ros2 launch nav2_bringup bringup_launch.py map:=/cbab5/work/scripts/../results/composition_ab/compAB_nav2_map.yaml params_file:=/cbab5/work/scripts/nav2_params_bench.yaml use_sim_time:=False autostart:=True slam:=False use_composition:=True"
2026-09-12T22:16:46Z,16,"compAB_r2_composable",386996,"component_conta",47.1,186620,171401,"/opt/ros/jazzy/lib/rclcpp_components/component_container_isolated --ros-args --log-level info --ros-args -r __node:=nav2_container --params-file /tmp/launch_params_3wcg8vl7 --params-file /tmp/launch_params_b6to_wi_ -r /tf:=tf -r /tf_static:=tf_static"
2026-09-12T22:16:46Z,16,"compAB_r2_composable",387080,"bash",0.0,2352,582,"bash /cbab5/work/scripts/run_nav2_composition_ab.sh --label compAB_r2 --duration 120"
2026-09-12T22:16:46Z,16,"compAB_r2_composable",387081,"python3",9.1,81916,55602,"python3 /cbab5/work/scripts/nav_goal_sender.py --x 4.0 --y 4.0 --yaw 0.0 --repeat 0 --pause 1"
2026-09-12T22:16:46Z,16,"compAB_r2_composable",387212,"bash",0.5,4364,1092,"bash /oomwoo/contributions/compute-benchmark/xbattlax/scripts/measure_ros_processes.sh --pattern python3|ros2|nav2|component_container|nav_goal_sender|amcl|map_server|planner|controller|behavior|bt_nav|smoother|waypoint --duration 110 --interval 2 --label compAB_r2_composable --output /cbab5/work/scripts/../results/composition_ab/compAB_r2_composable_20260912T221503Z.csv"
2026-09-12T22:16:48Z,17,"compAB_r2_composable",340884,"python3",0.2,77520,52262,"/usr/bin/python3 -c from ros2cli.daemon.daemonize import main; main() --name ros2-daemon --ros-domain-id 0 --rmw-implementation rmw_fastrtps_cpp"
2026-09-12T22:16:48Z,17,"compAB_r2_composable",386842,"bash",0.0,4004,1044,"bash -c source /opt/ros/jazzy/setup.bash && bash /cbab5/work/scripts/run_nav2_composition_ab.sh --label compAB_r2 --duration 120 >/dev/null 2>&1; ls /cbab5/work/results/composition_ab/ | grep r2"
2026-09-12T22:16:48Z,17,"compAB_r2_composable",386855,"bash",0.0,3712,796,"bash /cbab5/work/scripts/run_nav2_composition_ab.sh --label compAB_r2 --duration 120"
2026-09-12T22:16:48Z,17,"compAB_r2_composable",386960,"python3",5.4,75892,49825,"python3 /cbab5/work/scripts/synthetic_scan_publisher.py --duration 220 --loop-s 40 --hz 5.0"
2026-09-12T22:16:48Z,17,"compAB_r2_composable",386976,"ros2",1.5,83804,58227,"/usr/bin/python3 /opt/ros/jazzy/bin/ros2 launch nav2_bringup bringup_launch.py map:=/cbab5/work/scripts/../results/composition_ab/compAB_nav2_map.yaml params_file:=/cbab5/work/scripts/nav2_params_bench.yaml use_sim_time:=False autostart:=True slam:=False use_composition:=True"
2026-09-12T22:16:48Z,17,"compAB_r2_composable",386996,"component_conta",47.6,186624,171405,"/opt/ros/jazzy/lib/rclcpp_components/component_container_isolated --ros-args --log-level info --ros-args -r __node:=nav2_container --params-file /tmp/launch_params_3wcg8vl7 --params-file /tmp/launch_params_b6to_wi_ -r /tf:=tf -r /tf_static:=tf_static"
2026-09-12T22:16:48Z,17,"compAB_r2_composable",387080,"bash",0.0,2352,583,"bash /cbab5/work/scripts/run_nav2_composition_ab.sh --label compAB_r2 --duration 120"
2026-09-12T22:16:48Z,17,"compAB_r2_composable",387081,"python3",9.1,81916,55598,"python3 /cbab5/work/scripts/nav_goal_sender.py --x 4.0 --y 4.0 --yaw 0.0 --repeat 0 --pause 1"
2026-09-12T22:16:48Z,17,"compAB_r2_composable",387212,"bash",0.5,4368,1096,"bash /oomwoo/contributions/compute-benchmark/xbattlax/scripts/measure_ros_processes.sh --pattern python3|ros2|nav2|component_container|nav_goal_sender|amcl|map_server|planner|controller|behavior|bt_nav|smoother|waypoint --duration 110 --interval 2 --label compAB_r2_composable --output /cbab5/work/scripts/../results/composition_ab/compAB_r2_composable_20260912T221503Z.csv"
2026-09-12T22:16:50Z,18,"compAB_r2_composable",340884,"python3",0.2,77520,52262,"/usr/bin/python3 -c from ros2cli.daemon.daemonize import main; main() --name ros2-daemon --ros-domain-id 0 --rmw-implementation rmw_fastrtps_cpp"
2026-09-12T22:16:50Z,18,"compAB_r2_composable",386842,"bash",0.0,4004,1042,"bash -c source /opt/ros/jazzy/setup.bash && bash /cbab5/work/scripts/run_nav2_composition_ab.sh --label compAB_r2 --duration 120 >/dev/null 2>&1; ls /cbab5/work/results/composition_ab/ | grep r2"
2026-09-12T22:16:50Z,18,"compAB_r2_composable",386855,"bash",0.0,3712,796,"bash /cbab5/work/scripts/run_nav2_composition_ab.sh --label compAB_r2 --duration 120"
2026-09-12T22:16:50Z,18,"compAB_r2_composable",386960,"python3",5.3,75892,49826,"python3 /cbab5/work/scripts/synthetic_scan_publisher.py --duration 220 --loop-s 40 --hz 5.0"
2026-09-12T22:16:50Z,18,"compAB_r2_composable",386976,"ros2",1.4,83804,58225,"/usr/bin/python3 /opt/ros/jazzy/bin/ros2 launch nav2_bringup bringup_launch.py map:=/cbab5/work/scripts/../results/composition_ab/compAB_nav2_map.yaml params_file:=/cbab5/work/scripts/nav2_params_bench.yaml use_sim_time:=False autostart:=True slam:=False use_composition:=True"
2026-09-12T22:16:50Z,18,"compAB_r2_composable",386996,"component_conta",47.4,188660,173445,"/opt/ros/jazzy/lib/rclcpp_components/component_container_isolated --ros-args --log-level info --ros-args -r __node:=nav2_container --params-file /tmp/launch_params_3wcg8vl7 --params-file /tmp/launch_params_b6to_wi_ -r /tf:=tf -r /tf_static:=tf_static"
2026-09-12T22:16:50Z,18,"compAB_r2_composable",387080,"bash",0.0,2352,583,"bash /cbab5/work/scripts/run_nav2_composition_ab.sh --label compAB_r2 --duration 120"
2026-09-12T22:16:50Z,18,"compAB_r2_composable",387081,"python3",8.9,81916,55604,"python3 /cbab5/work/scripts/nav_goal_sender.py --x 4.0 --y 4.0 --yaw 0.0 --repeat 0 --pause 1"
2026-09-12T22:16:50Z,18,"compAB_r2_composable",387212,"bash",0.5,4368,1097,"bash /oomwoo/contributions/compute-benchmark/xbattlax/scripts/measure_ros_processes.sh --pattern python3|ros2|nav2|component_container|nav_goal_sender|amcl|map_server|planner|controller|behavior|bt_nav|smoother|waypoint --duration 110 --interval 2 --label compAB_r2_composable --output /cbab5/work/scripts/../results/composition_ab/compAB_r2_composable_20260912T221503Z.csv"
2026-09-12T22:16:53Z,19,"compAB_r2_composable",340884,"python3",0.2,77520,52259,"/usr/bin/python3 -c from ros2cli.daemon.daemonize import main; main() --name ros2-daemon --ros-domain-id 0 --rmw-implementation rmw_fastrtps_cpp"
2026-09-12T22:16:53Z,19,"compAB_r2_composable",386842,"bash",0.0,4004,1050,"bash -c source /opt/ros/jazzy/setup.bash && bash /cbab5/work/scripts/run_nav2_composition_ab.sh --label compAB_r2 --duration 120 >/dev/null 2>&1; ls /cbab5/work/results/composition_ab/ | grep r2"
2026-09-12T22:16:53Z,19,"compAB_r2_composable",386855,"bash",0.0,3712,798,"bash /cbab5/work/scripts/run_nav2_composition_ab.sh --label compAB_r2 --duration 120"
2026-09-12T22:16:53Z,19,"compAB_r2_composable",386960,"python3",5.3,75892,49830,"python3 /cbab5/work/scripts/synthetic_scan_publisher.py --duration 220 --loop-s 40 --hz 5.0"
2026-09-12T22:16:53Z,19,"compAB_r2_composable",386976,"ros2",1.4,83804,58231,"/usr/bin/python3 /opt/ros/jazzy/bin/ros2 launch nav2_bringup bringup_launch.py map:=/cbab5/work/scripts/../results/composition_ab/compAB_nav2_map.yaml params_file:=/cbab5/work/scripts/nav2_params_bench.yaml use_sim_time:=False autostart:=True slam:=False use_composition:=True"
2026-09-12T22:16:53Z,19,"compAB_r2_composable",386996,"component_conta",47.3,187936,172720,"/opt/ros/jazzy/lib/rclcpp_components/component_container_isolated --ros-args --log-level info --ros-args -r __node:=nav2_container --params-file /tmp/launch_params_3wcg8vl7 --params-file /tmp/launch_params_b6to_wi_ -r /tf:=tf -r /tf_static:=tf_static"
2026-09-12T22:16:53Z,19,"compAB_r2_composable",387080,"bash",0.0,2352,582,"bash /cbab5/work/scripts/run_nav2_composition_ab.sh --label compAB_r2 --duration 120"
2026-09-12T22:16:53Z,19,"compAB_r2_composable",387081,"python3",8.7,81932,55621,"python3 /cbab5/work/scripts/nav_goal_sender.py --x 4.0 --y 4.0 --yaw 0.0 --repeat 0 --pause 1"
2026-09-12T22:16:53Z,19,"compAB_r2_composable",387212,"bash",0.5,4368,1098,"bash /oomwoo/contributions/compute-benchmark/xbattlax/scripts/measure_ros_processes.sh --pattern python3|ros2|nav2|component_container|nav_goal_sender|amcl|map_server|planner|controller|behavior|bt_nav|smoother|waypoint --duration 110 --interval 2 --label compAB_r2_composable --output /cbab5/work/scripts/../results/composition_ab/compAB_r2_composable_20260912T221503Z.csv"
2026-09-12T22:16:56Z,20,"compAB_r2_composable",340884,"python3",0.2,77520,52262,"/usr/bin/python3 -c from ros2cli.daemon.daemonize import main; main() --name ros2-daemon --ros-domain-id 0 --rmw-implementation rmw_fastrtps_cpp"
2026-09-12T22:16:56Z,20,"compAB_r2_composable",386842,"bash",0.0,4004,1047,"bash -c source /opt/ros/jazzy/setup.bash && bash /cbab5/work/scripts/run_nav2_composition_ab.sh --label compAB_r2 --duration 120 >/dev/null 2>&1; ls /cbab5/work/results/composition_ab/ | grep r2"
2026-09-12T22:16:56Z,20,"compAB_r2_composable",386855,"bash",0.0,3712,799,"bash /cbab5/work/scripts/run_nav2_composition_ab.sh --label compAB_r2 --duration 120"
2026-09-12T22:16:56Z,20,"compAB_r2_composable",386960,"python3",5.3,75892,49825,"python3 /cbab5/work/scripts/synthetic_scan_publisher.py --duration 220 --loop-s 40 --hz 5.0"
2026-09-12T22:16:56Z,20,"compAB_r2_composable",386976,"ros2",1.4,83804,58229,"/usr/bin/python3 /opt/ros/jazzy/bin/ros2 launch nav2_bringup bringup_launch.py map:=/cbab5/work/scripts/../results/composition_ab/compAB_nav2_map.yaml params_file:=/cbab5/work/scripts/nav2_params_bench.yaml use_sim_time:=False autostart:=True slam:=False use_composition:=True"
2026-09-12T22:16:56Z,20,"compAB_r2_composable",386996,"component_conta",47.3,187912,172692,"/opt/ros/jazzy/lib/rclcpp_components/component_container_isolated --ros-args --log-level info --ros-args -r __node:=nav2_container --params-file /tmp/launch_params_3wcg8vl7 --params-file /tmp/launch_params_b6to_wi_ -r /tf:=tf -r /tf_static:=tf_static"
2026-09-12T22:16:56Z,20,"compAB_r2_composable",387080,"bash",0.0,2352,583,"bash /cbab5/work/scripts/run_nav2_composition_ab.sh --label compAB_r2 --duration 120"
2026-09-12T22:16:56Z,20,"compAB_r2_composable",387081,"python3",8.5,81932,55614,"python3 /cbab5/work/scripts/nav_goal_sender.py --x 4.0 --y 4.0 --yaw 0.0 --repeat 0 --pause 1"
2026-09-12T22:16:56Z,20,"compAB_r2_composable",387212,"bash",0.5,4368,1100,"bash /oomwoo/contributions/compute-benchmark/xbattlax/scripts/measure_ros_processes.sh --pattern python3|ros2|nav2|component_container|nav_goal_sender|amcl|map_server|planner|controller|behavior|bt_nav|smoother|waypoint --duration 110 --interval 2 --label compAB_r2_composable --output /cbab5/work/scripts/../results/composition_ab/compAB_r2_composable_20260912T221503Z.csv"
2026-09-12T22:16:58Z,21,"compAB_r2_composable",340884,"python3",0.2,77520,52262,"/usr/bin/python3 -c from ros2cli.daemon.daemonize import main; main() --name ros2-daemon --ros-domain-id 0 --rmw-implementation rmw_fastrtps_cpp"
2026-09-12T22:16:58Z,21,"compAB_r2_composable",386842,"bash",0.0,4004,1047,"bash -c source /opt/ros/jazzy/setup.bash && bash /cbab5/work/scripts/run_nav2_composition_ab.sh --label compAB_r2 --duration 120 >/dev/null 2>&1; ls /cbab5/work/results/composition_ab/ | grep r2"
2026-09-12T22:16:58Z,21,"compAB_r2_composable",386855,"bash",0.0,3712,799,"bash /cbab5/work/scripts/run_nav2_composition_ab.sh --label compAB_r2 --duration 120"
2026-09-12T22:16:58Z,21,"compAB_r2_composable",386960,"python3",5.3,75892,49825,"python3 /cbab5/work/scripts/synthetic_scan_publisher.py --duration 220 --loop-s 40 --hz 5.0"
2026-09-12T22:16:58Z,21,"compAB_r2_composable",386976,"ros2",1.3,83804,58227,"/usr/bin/python3 /opt/ros/jazzy/bin/ros2 launch nav2_bringup bringup_launch.py map:=/cbab5/work/scripts/../results/composition_ab/compAB_nav2_map.yaml params_file:=/cbab5/work/scripts/nav2_params_bench.yaml use_sim_time:=False autostart:=True slam:=False use_composition:=True"
2026-09-12T22:16:58Z,21,"compAB_r2_composable",386996,"component_conta",47.3,187984,172768,"/opt/ros/jazzy/lib/rclcpp_components/component_container_isolated --ros-args --log-level info --ros-args -r __node:=nav2_container --params-file /tmp/launch_params_3wcg8vl7 --params-file /tmp/launch_params_b6to_wi_ -r /tf:=tf -r /tf_static:=tf_static"
2026-09-12T22:16:58Z,21,"compAB_r2_composable",387080,"bash",0.0,2352,582,"bash /cbab5/work/scripts/run_nav2_composition_ab.sh --label compAB_r2 --duration 120"
2026-09-12T22:16:58Z,21,"compAB_r2_composable",387081,"python3",8.4,81944,55631,"python3 /cbab5/work/scripts/nav_goal_sender.py --x 4.0 --y 4.0 --yaw 0.0 --repeat 0 --pause 1"
2026-09-12T22:16:58Z,21,"compAB_r2_composable",387212,"bash",0.5,4368,1103,"bash /oomwoo/contributions/compute-benchmark/xbattlax/scripts/measure_ros_processes.sh --pattern python3|ros2|nav2|component_container|nav_goal_sender|amcl|map_server|planner|controller|behavior|bt_nav|smoother|waypoint --duration 110 --interval 2 --label compAB_r2_composable --output /cbab5/work/scripts/../results/composition_ab/compAB_r2_composable_20260912T221503Z.csv"
2026-09-12T22:17:00Z,22,"compAB_r2_composable",340884,"python3",0.2,77520,52264,"/usr/bin/python3 -c from ros2cli.daemon.daemonize import main; main() --name ros2-daemon --ros-domain-id 0 --rmw-implementation rmw_fastrtps_cpp"
2026-09-12T22:17:00Z,22,"compAB_r2_composable",386842,"bash",0.0,4004,1049,"bash -c source /opt/ros/jazzy/setup.bash && bash /cbab5/work/scripts/run_nav2_composition_ab.sh --label compAB_r2 --duration 120 >/dev/null 2>&1; ls /cbab5/work/results/composition_ab/ | grep r2"
2026-09-12T22:17:00Z,22,"compAB_r2_composable",386855,"bash",0.0,3712,797,"bash /cbab5/work/scripts/run_nav2_composition_ab.sh --label compAB_r2 --duration 120"
2026-09-12T22:17:00Z,22,"compAB_r2_composable",386960,"python3",5.3,75892,49830,"python3 /cbab5/work/scripts/synthetic_scan_publisher.py --duration 220 --loop-s 40 --hz 5.0"
2026-09-12T22:17:00Z,22,"compAB_r2_composable",386976,"ros2",1.3,83804,58221,"/usr/bin/python3 /opt/ros/jazzy/bin/ros2 launch nav2_bringup bringup_launch.py map:=/cbab5/work/scripts/../results/composition_ab/compAB_nav2_map.yaml params_file:=/cbab5/work/scripts/nav2_params_bench.yaml use_sim_time:=False autostart:=True slam:=False use_composition:=True"
2026-09-12T22:17:00Z,22,"compAB_r2_composable",386996,"component_conta",47.7,187988,172771,"/opt/ros/jazzy/lib/rclcpp_components/component_container_isolated --ros-args --log-level info --ros-args -r __node:=nav2_container --params-file /tmp/launch_params_3wcg8vl7 --params-file /tmp/launch_params_b6to_wi_ -r /tf:=tf -r /tf_static:=tf_static"
2026-09-12T22:17:00Z,22,"compAB_r2_composable",387080,"bash",0.0,2352,583,"bash /cbab5/work/scripts/run_nav2_composition_ab.sh --label compAB_r2 --duration 120"
2026-09-12T22:17:00Z,22,"compAB_r2_composable",387081,"python3",8.4,81944,55628,"python3 /cbab5/work/scripts/nav_goal_sender.py --x 4.0 --y 4.0 --yaw 0.0 --repeat 0 --pause 1"
2026-09-12T22:17:00Z,22,"compAB_r2_composable",387212,"bash",0.5,4368,1095,"bash /oomwoo/contributions/compute-benchmark/xbattlax/scripts/measure_ros_processes.sh --pattern python3|ros2|nav2|component_container|nav_goal_sender|amcl|map_server|planner|controller|behavior|bt_nav|smoother|waypoint --duration 110 --interval 2 --label compAB_r2_composable --output /cbab5/work/scripts/../results/composition_ab/compAB_r2_composable_20260912T221503Z.csv"
2026-09-12T22:17:03Z,23,"compAB_r2_composable",340884,"python3",0.2,77520,52259,"/usr/bin/python3 -c from ros2cli.daemon.daemonize import main; main() --name ros2-daemon --ros-domain-id 0 --rmw-implementation rmw_fastrtps_cpp"
2026-09-12T22:17:03Z,23,"compAB_r2_composable",386842,"bash",0.0,4004,1049,"bash -c source /opt/ros/jazzy/setup.bash && bash /cbab5/work/scripts/run_nav2_composition_ab.sh --label compAB_r2 --duration 120 >/dev/null 2>&1; ls /cbab5/work/results/composition_ab/ | grep r2"
2026-09-12T22:17:03Z,23,"compAB_r2_composable",386855,"bash",0.0,3712,797,"bash /cbab5/work/scripts/run_nav2_composition_ab.sh --label compAB_r2 --duration 120"
2026-09-12T22:17:03Z,23,"compAB_r2_composable",386960,"python3",5.3,75892,49826,"python3 /cbab5/work/scripts/synthetic_scan_publisher.py --duration 220 --loop-s 40 --hz 5.0"
2026-09-12T22:17:03Z,23,"compAB_r2_composable",386976,"ros2",1.3,83804,58230,"/usr/bin/python3 /opt/ros/jazzy/bin/ros2 launch nav2_bringup bringup_launch.py map:=/cbab5/work/scripts/../results/composition_ab/compAB_nav2_map.yaml params_file:=/cbab5/work/scripts/nav2_params_bench.yaml use_sim_time:=False autostart:=True slam:=False use_composition:=True"
2026-09-12T22:17:03Z,23,"compAB_r2_composable",386996,"component_conta",47.7,189120,173906,"/opt/ros/jazzy/lib/rclcpp_components/component_container_isolated --ros-args --log-level info --ros-args -r __node:=nav2_container --params-file /tmp/launch_params_3wcg8vl7 --params-file /tmp/launch_params_b6to_wi_ -r /tf:=tf -r /tf_static:=tf_static"
2026-09-12T22:17:03Z,23,"compAB_r2_composable",387080,"bash",0.0,2352,583,"bash /cbab5/work/scripts/run_nav2_composition_ab.sh --label compAB_r2 --duration 120"
2026-09-12T22:17:03Z,23,"compAB_r2_composable",387081,"python3",8.2,81944,55635,"python3 /cbab5/work/scripts/nav_goal_sender.py --x 4.0 --y 4.0 --yaw 0.0 --repeat 0 --pause 1"
2026-09-12T22:17:03Z,23,"compAB_r2_composable",387212,"bash",0.5,4368,1101,"bash /oomwoo/contributions/compute-benchmark/xbattlax/scripts/measure_ros_processes.sh --pattern python3|ros2|nav2|component_container|nav_goal_sender|amcl|map_server|planner|controller|behavior|bt_nav|smoother|waypoint --duration 110 --interval 2 --label compAB_r2_composable --output /cbab5/work/scripts/../results/composition_ab/compAB_r2_composable_20260912T221503Z.csv"
2026-09-12T22:17:05Z,24,"compAB_r2_composable",340884,"python3",0.2,77520,52263,"/usr/bin/python3 -c from ros2cli.daemon.daemonize import main; main() --name ros2-daemon --ros-domain-id 0 --rmw-implementation rmw_fastrtps_cpp"
2026-09-12T22:17:05Z,24,"compAB_r2_composable",386842,"bash",0.0,4004,1050,"bash -c source /opt/ros/jazzy/setup.bash && bash /cbab5/work/scripts/run_nav2_composition_ab.sh --label compAB_r2 --duration 120 >/dev/null 2>&1; ls /cbab5/work/results/composition_ab/ | grep r2"
2026-09-12T22:17:05Z,24,"compAB_r2_composable",386855,"bash",0.0,3712,798,"bash /cbab5/work/scripts/run_nav2_composition_ab.sh --label compAB_r2 --duration 120"
2026-09-12T22:17:05Z,24,"compAB_r2_composable",386960,"python3",5.3,75892,49829,"python3 /cbab5/work/scripts/synthetic_scan_publisher.py --duration 220 --loop-s 40 --hz 5.0"
2026-09-12T22:17:05Z,24,"compAB_r2_composable",386976,"ros2",1.3,83804,58231,"/usr/bin/python3 /opt/ros/jazzy/bin/ros2 launch nav2_bringup bringup_launch.py map:=/cbab5/work/scripts/../results/composition_ab/compAB_nav2_map.yaml params_file:=/cbab5/work/scripts/nav2_params_bench.yaml use_sim_time:=False autostart:=True slam:=False use_composition:=True"
2026-09-12T22:17:05Z,24,"compAB_r2_composable",386996,"component_conta",47.8,189560,174344,"/opt/ros/jazzy/lib/rclcpp_components/component_container_isolated --ros-args --log-level info --ros-args -r __node:=nav2_container --params-file /tmp/launch_params_3wcg8vl7 --params-file /tmp/launch_params_b6to_wi_ -r /tf:=tf -r /tf_static:=tf_static"
2026-09-12T22:17:05Z,24,"compAB_r2_composable",387080,"bash",0.0,2352,582,"bash /cbab5/work/scripts/run_nav2_composition_ab.sh --label compAB_r2 --duration 120"
2026-09-12T22:17:05Z,24,"compAB_r2_composable",387081,"python3",8.2,81948,55632,"python3 /cbab5/work/scripts/nav_goal_sender.py --x 4.0 --y 4.0 --yaw 0.0 --repeat 0 --pause 1"
2026-09-12T22:17:05Z,24,"compAB_r2_composable",387212,"bash",0.5,4368,1094,"bash /oomwoo/contributions/compute-benchmark/xbattlax/scripts/measure_ros_processes.sh --pattern python3|ros2|nav2|component_container|nav_goal_sender|amcl|map_server|planner|controller|behavior|bt_nav|smoother|waypoint --duration 110 --interval 2 --label compAB_r2_composable --output /cbab5/work/scripts/../results/composition_ab/compAB_r2_composable_20260912T221503Z.csv"
2026-09-12T22:17:08Z,25,"compAB_r2_composable",340884,"python3",0.2,77520,52261,"/usr/bin/python3 -c from ros2cli.daemon.daemonize import main; main() --name ros2-daemon --ros-domain-id 0 --rmw-implementation rmw_fastrtps_cpp"
2026-09-12T22:17:08Z,25,"compAB_r2_composable",386842,"bash",0.0,4004,1046,"bash -c source /opt/ros/jazzy/setup.bash && bash /cbab5/work/scripts/run_nav2_composition_ab.sh --label compAB_r2 --duration 120 >/dev/null 2>&1; ls /cbab5/work/results/composition_ab/ | grep r2"
2026-09-12T22:17:08Z,25,"compAB_r2_composable",386855,"bash",0.0,3712,797,"bash /cbab5/work/scripts/run_nav2_composition_ab.sh --label compAB_r2 --duration 120"
2026-09-12T22:17:08Z,25,"compAB_r2_composable",386960,"python3",5.3,75892,49826,"python3 /cbab5/work/scripts/synthetic_scan_publisher.py --duration 220 --loop-s 40 --hz 5.0"
2026-09-12T22:17:08Z,25,"compAB_r2_composable",386976,"ros2",1.2,83804,58228,"/usr/bin/python3 /opt/ros/jazzy/bin/ros2 launch nav2_bringup bringup_launch.py map:=/cbab5/work/scripts/../results/composition_ab/compAB_nav2_map.yaml params_file:=/cbab5/work/scripts/nav2_params_bench.yaml use_sim_time:=False autostart:=True slam:=False use_composition:=True"
2026-09-12T22:17:08Z,25,"compAB_r2_composable",386996,"component_conta",47.8,189744,174527,"/opt/ros/jazzy/lib/rclcpp_components/component_container_isolated --ros-args --log-level info --ros-args -r __node:=nav2_container --params-file /tmp/launch_params_3wcg8vl7 --params-file /tmp/launch_params_b6to_wi_ -r /tf:=tf -r /tf_static:=tf_static"
2026-09-12T22:17:08Z,25,"compAB_r2_composable",387080,"bash",0.0,2352,582,"bash /cbab5/work/scripts/run_nav2_composition_ab.sh --label compAB_r2 --duration 120"
2026-09-12T22:17:08Z,25,"compAB_r2_composable",387081,"python3",8.0,81956,55639,"python3 /cbab5/work/scripts/nav_goal_sender.py --x 4.0 --y 4.0 --yaw 0.0 --repeat 0 --pause 1"
2026-09-12T22:17:08Z,25,"compAB_r2_composable",387212,"bash",0.5,4368,1094,"bash /oomwoo/contributions/compute-benchmark/xbattlax/scripts/measure_ros_processes.sh --pattern python3|ros2|nav2|component_container|nav_goal_sender|amcl|map_server|planner|controller|behavior|bt_nav|smoother|waypoint --duration 110 --interval 2 --label compAB_r2_composable --output /cbab5/work/scripts/../results/composition_ab/compAB_r2_composable_20260912T221503Z.csv"
2026-09-12T22:17:10Z,26,"compAB_r2_composable",340884,"python3",0.2,77520,52261,"/usr/bin/python3 -c from ros2cli.daemon.daemonize import main; main() --name ros2-daemon --ros-domain-id 0 --rmw-implementation rmw_fastrtps_cpp"
2026-09-12T22:17:10Z,26,"compAB_r2_composable",386842,"bash",0.0,4004,1045,"bash -c source /opt/ros/jazzy/setup.bash && bash /cbab5/work/scripts/run_nav2_composition_ab.sh --label compAB_r2 --duration 120 >/dev/null 2>&1; ls /cbab5/work/results/composition_ab/ | grep r2"
2026-09-12T22:17:10Z,26,"compAB_r2_composable",386855,"bash",0.0,3712,800,"bash /cbab5/work/scripts/run_nav2_composition_ab.sh --label compAB_r2 --duration 120"
2026-09-12T22:17:10Z,26,"compAB_r2_composable",386960,"python3",5.3,75892,49827,"python3 /cbab5/work/scripts/synthetic_scan_publisher.py --duration 220 --loop-s 40 --hz 5.0"
2026-09-12T22:17:10Z,26,"compAB_r2_composable",386976,"ros2",1.2,83804,58225,"/usr/bin/python3 /opt/ros/jazzy/bin/ros2 launch nav2_bringup bringup_launch.py map:=/cbab5/work/scripts/../results/composition_ab/compAB_nav2_map.yaml params_file:=/cbab5/work/scripts/nav2_params_bench.yaml use_sim_time:=False autostart:=True slam:=False use_composition:=True"
2026-09-12T22:17:10Z,26,"compAB_r2_composable",386996,"component_conta",47.6,190180,174964,"/opt/ros/jazzy/lib/rclcpp_components/component_container_isolated --ros-args --log-level info --ros-args -r __node:=nav2_container --params-file /tmp/launch_params_3wcg8vl7 --params-file /tmp/launch_params_b6to_wi_ -r /tf:=tf -r /tf_static:=tf_static"
2026-09-12T22:17:10Z,26,"compAB_r2_composable",387080,"bash",0.0,2352,583,"bash /cbab5/work/scripts/run_nav2_composition_ab.sh --label compAB_r2 --duration 120"
2026-09-12T22:17:10Z,26,"compAB_r2_composable",387081,"python3",7.8,81960,55651,"python3 /cbab5/work/scripts/nav_goal_sender.py --x 4.0 --y 4.0 --yaw 0.0 --repeat 0 --pause 1"
2026-09-12T22:17:10Z,26,"compAB_r2_composable",387212,"bash",0.5,4368,1099,"bash /oomwoo/contributions/compute-benchmark/xbattlax/scripts/measure_ros_processes.sh --pattern python3|ros2|nav2|component_container|nav_goal_sender|amcl|map_server|planner|controller|behavior|bt_nav|smoother|waypoint --duration 110 --interval 2 --label compAB_r2_composable --output /cbab5/work/scripts/../results/composition_ab/compAB_r2_composable_20260912T221503Z.csv"
2026-09-12T22:17:13Z,27,"compAB_r2_composable",340884,"python3",0.2,77520,52260,"/usr/bin/python3 -c from ros2cli.daemon.daemonize import main; main() --name ros2-daemon --ros-domain-id 0 --rmw-implementation rmw_fastrtps_cpp"
2026-09-12T22:17:13Z,27,"compAB_r2_composable",386842,"bash",0.0,4004,1044,"bash -c source /opt/ros/jazzy/setup.bash && bash /cbab5/work/scripts/run_nav2_composition_ab.sh --label compAB_r2 --duration 120 >/dev/null 2>&1; ls /cbab5/work/results/composition_ab/ | grep r2"
2026-09-12T22:17:13Z,27,"compAB_r2_composable",386855,"bash",0.0,3712,797,"bash /cbab5/work/scripts/run_nav2_composition_ab.sh --label compAB_r2 --duration 120"
2026-09-12T22:17:13Z,27,"compAB_r2_composable",386960,"python3",5.2,75892,49829,"python3 /cbab5/work/scripts/synthetic_scan_publisher.py --duration 220 --loop-s 40 --hz 5.0"
2026-09-12T22:17:13Z,27,"compAB_r2_composable",386976,"ros2",1.2,83804,58230,"/usr/bin/python3 /opt/ros/jazzy/bin/ros2 launch nav2_bringup bringup_launch.py map:=/cbab5/work/scripts/../results/composition_ab/compAB_nav2_map.yaml params_file:=/cbab5/work/scripts/nav2_params_bench.yaml use_sim_time:=False autostart:=True slam:=False use_composition:=True"
2026-09-12T22:17:13Z,27,"compAB_r2_composable",386996,"component_conta",47.7,190768,175550,"/opt/ros/jazzy/lib/rclcpp_components/component_container_isolated --ros-args --log-level info --ros-args -r __node:=nav2_container --params-file /tmp/launch_params_3wcg8vl7 --params-file /tmp/launch_params_b6to_wi_ -r /tf:=tf -r /tf_static:=tf_static"
2026-09-12T22:17:13Z,27,"compAB_r2_composable",387080,"bash",0.0,2352,583,"bash /cbab5/work/scripts/run_nav2_composition_ab.sh --label compAB_r2 --duration 120"
2026-09-12T22:17:13Z,27,"compAB_r2_composable",387081,"python3",7.8,81964,55646,"python3 /cbab5/work/scripts/nav_goal_sender.py --x 4.0 --y 4.0 --yaw 0.0 --repeat 0 --pause 1"
2026-09-12T22:17:13Z,27,"compAB_r2_composable",387212,"bash",0.5,4368,1099,"bash /oomwoo/contributions/compute-benchmark/xbattlax/scripts/measure_ros_processes.sh --pattern python3|ros2|nav2|component_container|nav_goal_sender|amcl|map_server|planner|controller|behavior|bt_nav|smoother|waypoint --duration 110 --interval 2 --label compAB_r2_composable --output /cbab5/work/scripts/../results/composition_ab/compAB_r2_composable_20260912T221503Z.csv"
2026-09-12T22:17:15Z,28,"compAB_r2_composable",340884,"python3",0.2,77520,52263,"/usr/bin/python3 -c from ros2cli.daemon.daemonize import main; main() --name ros2-daemon --ros-domain-id 0 --rmw-implementation rmw_fastrtps_cpp"
2026-09-12T22:17:15Z,28,"compAB_r2_composable",386842,"bash",0.0,4004,1046,"bash -c source /opt/ros/jazzy/setup.bash && bash /cbab5/work/scripts/run_nav2_composition_ab.sh --label compAB_r2 --duration 120 >/dev/null 2>&1; ls /cbab5/work/results/composition_ab/ | grep r2"
2026-09-12T22:17:15Z,28,"compAB_r2_composable",386855,"bash",0.0,3712,797,"bash /cbab5/work/scripts/run_nav2_composition_ab.sh --label compAB_r2 --duration 120"
2026-09-12T22:17:15Z,28,"compAB_r2_composable",386960,"python3",5.2,75892,49830,"python3 /cbab5/work/scripts/synthetic_scan_publisher.py --duration 220 --loop-s 40 --hz 5.0"
2026-09-12T22:17:15Z,28,"compAB_r2_composable",386976,"ros2",1.2,83804,58231,"/usr/bin/python3 /opt/ros/jazzy/bin/ros2 launch nav2_bringup bringup_launch.py map:=/cbab5/work/scripts/../results/composition_ab/compAB_nav2_map.yaml params_file:=/cbab5/work/scripts/nav2_params_bench.yaml use_sim_time:=False autostart:=True slam:=False use_composition:=True"
2026-09-12T22:17:15Z,28,"compAB_r2_composable",386996,"component_conta",47.7,190332,175117,"/opt/ros/jazzy/lib/rclcpp_components/component_container_isolated --ros-args --log-level info --ros-args -r __node:=nav2_container --params-file /tmp/launch_params_3wcg8vl7 --params-file /tmp/launch_params_b6to_wi_ -r /tf:=tf -r /tf_static:=tf_static"
2026-09-12T22:17:15Z,28,"compAB_r2_composable",387080,"bash",0.0,2352,582,"bash /cbab5/work/scripts/run_nav2_composition_ab.sh --label compAB_r2 --duration 120"
2026-09-12T22:17:15Z,28,"compAB_r2_composable",387081,"python3",7.9,81964,55649,"python3 /cbab5/work/scripts/nav_goal_sender.py --x 4.0 --y 4.0 --yaw 0.0 --repeat 0 --pause 1"
2026-09-12T22:17:15Z,28,"compAB_r2_composable",387212,"bash",0.5,4368,1100,"bash /oomwoo/contributions/compute-benchmark/xbattlax/scripts/measure_ros_processes.sh --pattern python3|ros2|nav2|component_container|nav_goal_sender|amcl|map_server|planner|controller|behavior|bt_nav|smoother|waypoint --duration 110 --interval 2 --label compAB_r2_composable --output /cbab5/work/scripts/../results/composition_ab/compAB_r2_composable_20260912T221503Z.csv"
2026-09-12T22:17:18Z,29,"compAB_r2_composable",340884,"python3",0.2,77520,52260,"/usr/bin/python3 -c from ros2cli.daemon.daemonize import main; main() --name ros2-daemon --ros-domain-id 0 --rmw-implementation rmw_fastrtps_cpp"
2026-09-12T22:17:18Z,29,"compAB_r2_composable",386842,"bash",0.0,4004,1049,"bash -c source /opt/ros/jazzy/setup.bash && bash /cbab5/work/scripts/run_nav2_composition_ab.sh --label compAB_r2 --duration 120 >/dev/null 2>&1; ls /cbab5/work/results/composition_ab/ | grep r2"
2026-09-12T22:17:18Z,29,"compAB_r2_composable",386855,"bash",0.0,3712,796,"bash /cbab5/work/scripts/run_nav2_composition_ab.sh --label compAB_r2 --duration 120"
2026-09-12T22:17:18Z,29,"compAB_r2_composable",386960,"python3",5.2,75892,49825,"python3 /cbab5/work/scripts/synthetic_scan_publisher.py --duration 220 --loop-s 40 --hz 5.0"
2026-09-12T22:17:18Z,29,"compAB_r2_composable",386976,"ros2",1.2,83804,58229,"/usr/bin/python3 /opt/ros/jazzy/bin/ros2 launch nav2_bringup bringup_launch.py map:=/cbab5/work/scripts/../results/composition_ab/compAB_nav2_map.yaml params_file:=/cbab5/work/scripts/nav2_params_bench.yaml use_sim_time:=False autostart:=True slam:=False use_composition:=True"
2026-09-12T22:17:18Z,29,"compAB_r2_composable",386996,"component_conta",47.6,190332,175118,"/opt/ros/jazzy/lib/rclcpp_components/component_container_isolated --ros-args --log-level info --ros-args -r __node:=nav2_container --params-file /tmp/launch_params_3wcg8vl7 --params-file /tmp/launch_params_b6to_wi_ -r /tf:=tf -r /tf_static:=tf_static"
2026-09-12T22:17:18Z,29,"compAB_r2_composable",387080,"bash",0.0,2352,583,"bash /cbab5/work/scripts/run_nav2_composition_ab.sh --label compAB_r2 --duration 120"
2026-09-12T22:17:18Z,29,"compAB_r2_composable",387081,"python3",8.0,81964,55656,"python3 /cbab5/work/scripts/nav_goal_sender.py --x 4.0 --y 4.0 --yaw 0.0 --repeat 0 --pause 1"
2026-09-12T22:17:18Z,29,"compAB_r2_composable",387212,"bash",0.5,4368,1100,"bash /oomwoo/contributions/compute-benchmark/xbattlax/scripts/measure_ros_processes.sh --pattern python3|ros2|nav2|component_container|nav_goal_sender|amcl|map_server|planner|controller|behavior|bt_nav|smoother|waypoint --duration 110 --interval 2 --label compAB_r2_composable --output /cbab5/work/scripts/../results/composition_ab/compAB_r2_composable_20260912T221503Z.csv"
2026-09-12T22:17:20Z,30,"compAB_r2_composable",340884,"python3",0.2,77520,52262,"/usr/bin/python3 -c from ros2cli.daemon.daemonize import main; main() --name ros2-daemon --ros-domain-id 0 --rmw-implementation rmw_fastrtps_cpp"
2026-09-12T22:17:20Z,30,"compAB_r2_composable",386842,"bash",0.0,4004,1045,"bash -c source /opt/ros/jazzy/setup.bash && bash /cbab5/work/scripts/run_nav2_composition_ab.sh --label compAB_r2 --duration 120 >/dev/null 2>&1; ls /cbab5/work/results/composition_ab/ | grep r2"
2026-09-12T22:17:20Z,30,"compAB_r2_composable",386855,"bash",0.0,3712,797,"bash /cbab5/work/scripts/run_nav2_composition_ab.sh --label compAB_r2 --duration 120"
2026-09-12T22:17:20Z,30,"compAB_r2_composable",386960,"python3",5.2,75892,49827,"python3 /cbab5/work/scripts/synthetic_scan_publisher.py --duration 220 --loop-s 40 --hz 5.0"
2026-09-12T22:17:20Z,30,"compAB_r2_composable",386976,"ros2",1.1,83804,58227,"/usr/bin/python3 /opt/ros/jazzy/bin/ros2 launch nav2_bringup bringup_launch.py map:=/cbab5/work/scripts/../results/composition_ab/compAB_nav2_map.yaml params_file:=/cbab5/work/scripts/nav2_params_bench.yaml use_sim_time:=False autostart:=True slam:=False use_composition:=True"
2026-09-12T22:17:20Z,30,"compAB_r2_composable",386996,"component_conta",47.8,190380,175163,"/opt/ros/jazzy/lib/rclcpp_components/component_container_isolated --ros-args --log-level info --ros-args -r __node:=nav2_container --params-file /tmp/launch_params_3wcg8vl7 --params-file /tmp/launch_params_b6to_wi_ -r /tf:=tf -r /tf_static:=tf_static"
2026-09-12T22:17:20Z,30,"compAB_r2_composable",387080,"bash",0.0,2352,582,"bash /cbab5/work/scripts/run_nav2_composition_ab.sh --label compAB_r2 --duration 120"
2026-09-12T22:17:20Z,30,"compAB_r2_composable",387081,"python3",8.1,81964,55650,"python3 /cbab5/work/scripts/nav_goal_sender.py --x 4.0 --y 4.0 --yaw 0.0 --repeat 0 --pause 1"
2026-09-12T22:17:20Z,30,"compAB_r2_composable",387212,"bash",0.5,4368,1097,"bash /oomwoo/contributions/compute-benchmark/xbattlax/scripts/measure_ros_processes.sh --pattern python3|ros2|nav2|component_container|nav_goal_sender|amcl|map_server|planner|controller|behavior|bt_nav|smoother|waypoint --duration 110 --interval 2 --label compAB_r2_composable --output /cbab5/work/scripts/../results/composition_ab/compAB_r2_composable_20260912T221503Z.csv"
2026-09-12T22:17:23Z,31,"compAB_r2_composable",340884,"python3",0.2,77520,52262,"/usr/bin/python3 -c from ros2cli.daemon.daemonize import main; main() --name ros2-daemon --ros-domain-id 0 --rmw-implementation rmw_fastrtps_cpp"
2026-09-12T22:17:23Z,31,"compAB_r2_composable",386842,"bash",0.0,4004,1051,"bash -c source /opt/ros/jazzy/setup.bash && bash /cbab5/work/scripts/run_nav2_composition_ab.sh --label compAB_r2 --duration 120 >/dev/null 2>&1; ls /cbab5/work/results/composition_ab/ | grep r2"
2026-09-12T22:17:23Z,31,"compAB_r2_composable",386855,"bash",0.0,3712,797,"bash /cbab5/work/scripts/run_nav2_composition_ab.sh --label compAB_r2 --duration 120"
2026-09-12T22:17:23Z,31,"compAB_r2_composable",386960,"python3",5.2,75892,49830,"python3 /cbab5/work/scripts/synthetic_scan_publisher.py --duration 220 --loop-s 40 --hz 5.0"
2026-09-12T22:17:23Z,31,"compAB_r2_composable",386976,"ros2",1.1,83804,58231,"/usr/bin/python3 /opt/ros/jazzy/bin/ros2 launch nav2_bringup bringup_launch.py map:=/cbab5/work/scripts/../results/composition_ab/compAB_nav2_map.yaml params_file:=/cbab5/work/scripts/nav2_params_bench.yaml use_sim_time:=False autostart:=True slam:=False use_composition:=True"
2026-09-12T22:17:23Z,31,"compAB_r2_composable",386996,"component_conta",47.8,186460,171246,"/opt/ros/jazzy/lib/rclcpp_components/component_container_isolated --ros-args --log-level info --ros-args -r __node:=nav2_container --params-file /tmp/launch_params_3wcg8vl7 --params-file /tmp/launch_params_b6to_wi_ -r /tf:=tf -r /tf_static:=tf_static"
2026-09-12T22:17:23Z,31,"compAB_r2_composable",387080,"bash",0.0,2352,583,"bash /cbab5/work/scripts/run_nav2_composition_ab.sh --label compAB_r2 --duration 120"
2026-09-12T22:17:23Z,31,"compAB_r2_composable",387081,"python3",8.0,81968,55657,"python3 /cbab5/work/scripts/nav_goal_sender.py --x 4.0 --y 4.0 --yaw 0.0 --repeat 0 --pause 1"
2026-09-12T22:17:23Z,31,"compAB_r2_composable",387212,"bash",0.5,4368,1100,"bash /oomwoo/contributions/compute-benchmark/xbattlax/scripts/measure_ros_processes.sh --pattern python3|ros2|nav2|component_container|nav_goal_sender|amcl|map_server|planner|controller|behavior|bt_nav|smoother|waypoint --duration 110 --interval 2 --label compAB_r2_composable --output /cbab5/work/scripts/../results/composition_ab/compAB_r2_composable_20260912T221503Z.csv"
2026-09-12T22:17:25Z,32,"compAB_r2_composable",340884,"python3",0.2,77520,52261,"/usr/bin/python3 -c from ros2cli.daemon.daemonize import main; main() --name ros2-daemon --ros-domain-id 0 --rmw-implementation rmw_fastrtps_cpp"
2026-09-12T22:17:25Z,32,"compAB_r2_composable",386842,"bash",0.0,4004,1045,"bash -c source /opt/ros/jazzy/setup.bash && bash /cbab5/work/scripts/run_nav2_composition_ab.sh --label compAB_r2 --duration 120 >/dev/null 2>&1; ls /cbab5/work/results/composition_ab/ | grep r2"
2026-09-12T22:17:25Z,32,"compAB_r2_composable",386855,"bash",0.0,3712,799,"bash /cbab5/work/scripts/run_nav2_composition_ab.sh --label compAB_r2 --duration 120"
2026-09-12T22:17:25Z,32,"compAB_r2_composable",386960,"python3",5.2,75892,49825,"python3 /cbab5/work/scripts/synthetic_scan_publisher.py --duration 220 --loop-s 40 --hz 5.0"
2026-09-12T22:17:25Z,32,"compAB_r2_composable",386976,"ros2",1.1,83804,58227,"/usr/bin/python3 /opt/ros/jazzy/bin/ros2 launch nav2_bringup bringup_launch.py map:=/cbab5/work/scripts/../results/composition_ab/compAB_nav2_map.yaml params_file:=/cbab5/work/scripts/nav2_params_bench.yaml use_sim_time:=False autostart:=True slam:=False use_composition:=True"
2026-09-12T22:17:25Z,32,"compAB_r2_composable",386996,"component_conta",47.8,186916,171701,"/opt/ros/jazzy/lib/rclcpp_components/component_container_isolated --ros-args --log-level info --ros-args -r __node:=nav2_container --params-file /tmp/launch_params_3wcg8vl7 --params-file /tmp/launch_params_b6to_wi_ -r /tf:=tf -r /tf_static:=tf_static"
2026-09-12T22:17:25Z,32,"compAB_r2_composable",387080,"bash",0.0,2352,583,"bash /cbab5/work/scripts/run_nav2_composition_ab.sh --label compAB_r2 --duration 120"
2026-09-12T22:17:25Z,32,"compAB_r2_composable",387081,"python3",8.1,81968,55655,"python3 /cbab5/work/scripts/nav_goal_sender.py --x 4.0 --y 4.0 --yaw 0.0 --repeat 0 --pause 1"
2026-09-12T22:17:25Z,32,"compAB_r2_composable",387212,"bash",0.5,4368,1101,"bash /oomwoo/contributions/compute-benchmark/xbattlax/scripts/measure_ros_processes.sh --pattern python3|ros2|nav2|component_container|nav_goal_sender|amcl|map_server|planner|controller|behavior|bt_nav|smoother|waypoint --duration 110 --interval 2 --label compAB_r2_composable --output /cbab5/work/scripts/../results/composition_ab/compAB_r2_composable_20260912T221503Z.csv"
2026-09-12T22:17:28Z,33,"compAB_r2_composable",340884,"python3",0.2,77520,52258,"/usr/bin/python3 -c from ros2cli.daemon.daemonize import main; main() --name ros2-daemon --ros-domain-id 0 --rmw-implementation rmw_fastrtps_cpp"
2026-09-12T22:17:28Z,33,"compAB_r2_composable",386842,"bash",0.0,4004,1048,"bash -c source /opt/ros/jazzy/setup.bash && bash /cbab5/work/scripts/run_nav2_composition_ab.sh --label compAB_r2 --duration 120 >/dev/null 2>&1; ls /cbab5/work/results/composition_ab/ | grep r2"
2026-09-12T22:17:28Z,33,"compAB_r2_composable",386855,"bash",0.0,3712,800,"bash /cbab5/work/scripts/run_nav2_composition_ab.sh --label compAB_r2 --duration 120"
2026-09-12T22:17:28Z,33,"compAB_r2_composable",386960,"python3",5.2,75892,49825,"python3 /cbab5/work/scripts/synthetic_scan_publisher.py --duration 220 --loop-s 40 --hz 5.0"
2026-09-12T22:17:28Z,33,"compAB_r2_composable",386976,"ros2",1.1,83804,58230,"/usr/bin/python3 /opt/ros/jazzy/bin/ros2 launch nav2_bringup bringup_launch.py map:=/cbab5/work/scripts/../results/composition_ab/compAB_nav2_map.yaml params_file:=/cbab5/work/scripts/nav2_params_bench.yaml use_sim_time:=False autostart:=True slam:=False use_composition:=True"
2026-09-12T22:17:28Z,33,"compAB_r2_composable",386996,"component_conta",48.1,186608,171395,"/opt/ros/jazzy/lib/rclcpp_components/component_container_isolated --ros-args --log-level info --ros-args -r __node:=nav2_container --params-file /tmp/launch_params_3wcg8vl7 --params-file /tmp/launch_params_b6to_wi_ -r /tf:=tf -r /tf_static:=tf_static"
2026-09-12T22:17:28Z,33,"compAB_r2_composable",387080,"bash",0.0,2352,583,"bash /cbab5/work/scripts/run_nav2_composition_ab.sh --label compAB_r2 --duration 120"
2026-09-12T22:17:28Z,33,"compAB_r2_composable",387081,"python3",8.1,81968,55660,"python3 /cbab5/work/scripts/nav_goal_sender.py --x 4.0 --y 4.0 --yaw 0.0 --repeat 0 --pause 1"
2026-09-12T22:17:28Z,33,"compAB_r2_composable",387212,"bash",0.5,4368,1101,"bash /oomwoo/contributions/compute-benchmark/xbattlax/scripts/measure_ros_processes.sh --pattern python3|ros2|nav2|component_container|nav_goal_sender|amcl|map_server|planner|controller|behavior|bt_nav|smoother|waypoint --duration 110 --interval 2 --label compAB_r2_composable --output /cbab5/work/scripts/../results/composition_ab/compAB_r2_composable_20260912T221503Z.csv"
2026-09-12T22:17:30Z,34,"compAB_r2_composable",340884,"python3",0.2,77520,52261,"/usr/bin/python3 -c from ros2cli.daemon.daemonize import main; main() --name ros2-daemon --ros-domain-id 0 --rmw-implementation rmw_fastrtps_cpp"
2026-09-12T22:17:30Z,34,"compAB_r2_composable",386842,"bash",0.0,4004,1050,"bash -c source /opt/ros/jazzy/setup.bash && bash /cbab5/work/scripts/run_nav2_composition_ab.sh --label compAB_r2 --duration 120 >/dev/null 2>&1; ls /cbab5/work/results/composition_ab/ | grep r2"
2026-09-12T22:17:30Z,34,"compAB_r2_composable",386855,"bash",0.0,3712,798,"bash /cbab5/work/scripts/run_nav2_composition_ab.sh --label compAB_r2 --duration 120"
2026-09-12T22:17:30Z,34,"compAB_r2_composable",386960,"python3",5.2,75892,49830,"python3 /cbab5/work/scripts/synthetic_scan_publisher.py --duration 220 --loop-s 40 --hz 5.0"
2026-09-12T22:17:30Z,34,"compAB_r2_composable",386976,"ros2",1.1,83804,58228,"/usr/bin/python3 /opt/ros/jazzy/bin/ros2 launch nav2_bringup bringup_launch.py map:=/cbab5/work/scripts/../results/composition_ab/compAB_nav2_map.yaml params_file:=/cbab5/work/scripts/nav2_params_bench.yaml use_sim_time:=False autostart:=True slam:=False use_composition:=True"
2026-09-12T22:17:30Z,34,"compAB_r2_composable",386996,"component_conta",48.3,186608,171392,"/opt/ros/jazzy/lib/rclcpp_components/component_container_isolated --ros-args --log-level info --ros-args -r __node:=nav2_container --params-file /tmp/launch_params_3wcg8vl7 --params-file /tmp/launch_params_b6to_wi_ -r /tf:=tf -r /tf_static:=tf_static"
2026-09-12T22:17:30Z,34,"compAB_r2_composable",387080,"bash",0.0,2352,583,"bash /cbab5/work/scripts/run_nav2_composition_ab.sh --label compAB_r2 --duration 120"
2026-09-12T22:17:30Z,34,"compAB_r2_composable",387081,"python3",8.2,81968,55657,"python3 /cbab5/work/scripts/nav_goal_sender.py --x 4.0 --y 4.0 --yaw 0.0 --repeat 0 --pause 1"
2026-09-12T22:17:30Z,34,"compAB_r2_composable",387212,"bash",0.5,4368,1097,"bash /oomwoo/contributions/compute-benchmark/xbattlax/scripts/measure_ros_processes.sh --pattern python3|ros2|nav2|component_container|nav_goal_sender|amcl|map_server|planner|controller|behavior|bt_nav|smoother|waypoint --duration 110 --interval 2 --label compAB_r2_composable --output /cbab5/work/scripts/../results/composition_ab/compAB_r2_composable_20260912T221503Z.csv"
2026-09-12T22:17:33Z,35,"compAB_r2_composable",340884,"python3",0.2,77520,52263,"/usr/bin/python3 -c from ros2cli.daemon.daemonize import main; main() --name ros2-daemon --ros-domain-id 0 --rmw-implementation rmw_fastrtps_cpp"
2026-09-12T22:17:33Z,35,"compAB_r2_composable",386842,"bash",0.0,4004,1050,"bash -c source /opt/ros/jazzy/setup.bash && bash /cbab5/work/scripts/run_nav2_composition_ab.sh --label compAB_r2 --duration 120 >/dev/null 2>&1; ls /cbab5/work/results/composition_ab/ | grep r2"
2026-09-12T22:17:33Z,35,"compAB_r2_composable",386855,"bash",0.0,3712,794,"bash /cbab5/work/scripts/run_nav2_composition_ab.sh --label compAB_r2 --duration 120"
2026-09-12T22:17:33Z,35,"compAB_r2_composable",386960,"python3",5.2,75892,49830,"python3 /cbab5/work/scripts/synthetic_scan_publisher.py --duration 220 --loop-s 40 --hz 5.0"
2026-09-12T22:17:33Z,35,"compAB_r2_composable",386976,"ros2",1.0,83804,58231,"/usr/bin/python3 /opt/ros/jazzy/bin/ros2 launch nav2_bringup bringup_launch.py map:=/cbab5/work/scripts/../results/composition_ab/compAB_nav2_map.yaml params_file:=/cbab5/work/scripts/nav2_params_bench.yaml use_sim_time:=False autostart:=True slam:=False use_composition:=True"
2026-09-12T22:17:33Z,35,"compAB_r2_composable",386996,"component_conta",48.6,186608,171394,"/opt/ros/jazzy/lib/rclcpp_components/component_container_isolated --ros-args --log-level info --ros-args -r __node:=nav2_container --params-file /tmp/launch_params_3wcg8vl7 --params-file /tmp/launch_params_b6to_wi_ -r /tf:=tf -r /tf_static:=tf_static"
2026-09-12T22:17:33Z,35,"compAB_r2_composable",387080,"bash",0.0,2352,583,"bash /cbab5/work/scripts/run_nav2_composition_ab.sh --label compAB_r2 --duration 120"
2026-09-12T22:17:33Z,35,"compAB_r2_composable",387081,"python3",8.2,81968,55657,"python3 /cbab5/work/scripts/nav_goal_sender.py --x 4.0 --y 4.0 --yaw 0.0 --repeat 0 --pause 1"
2026-09-12T22:17:33Z,35,"compAB_r2_composable",387212,"bash",0.5,4368,1099,"bash /oomwoo/contributions/compute-benchmark/xbattlax/scripts/measure_ros_processes.sh --pattern python3|ros2|nav2|component_container|nav_goal_sender|amcl|map_server|planner|controller|behavior|bt_nav|smoother|waypoint --duration 110 --interval 2 --label compAB_r2_composable --output /cbab5/work/scripts/../results/composition_ab/compAB_r2_composable_20260912T221503Z.csv"
2026-09-12T22:17:35Z,36,"compAB_r2_composable",340884,"python3",0.2,77520,52261,"/usr/bin/python3 -c from ros2cli.daemon.daemonize import main; main() --name ros2-daemon --ros-domain-id 0 --rmw-implementation rmw_fastrtps_cpp"
2026-09-12T22:17:35Z,36,"compAB_r2_composable",386842,"bash",0.0,4004,1047,"bash -c source /opt/ros/jazzy/setup.bash && bash /cbab5/work/scripts/run_nav2_composition_ab.sh --label compAB_r2 --duration 120 >/dev/null 2>&1; ls /cbab5/work/results/composition_ab/ | grep r2"
2026-09-12T22:17:35Z,36,"compAB_r2_composable",386855,"bash",0.0,3712,799,"bash /cbab5/work/scripts/run_nav2_composition_ab.sh --label compAB_r2 --duration 120"
2026-09-12T22:17:35Z,36,"compAB_r2_composable",386960,"python3",5.2,75892,49827,"python3 /cbab5/work/scripts/synthetic_scan_publisher.py --duration 220 --loop-s 40 --hz 5.0"
2026-09-12T22:17:35Z,36,"compAB_r2_composable",386976,"ros2",1.0,83804,58227,"/usr/bin/python3 /opt/ros/jazzy/bin/ros2 launch nav2_bringup bringup_launch.py map:=/cbab5/work/scripts/../results/composition_ab/compAB_nav2_map.yaml params_file:=/cbab5/work/scripts/nav2_params_bench.yaml use_sim_time:=False autostart:=True slam:=False use_composition:=True"
2026-09-12T22:17:35Z,36,"compAB_r2_composable",386996,"component_conta",48.5,187036,171820,"/opt/ros/jazzy/lib/rclcpp_components/component_container_isolated --ros-args --log-level info --ros-args -r __node:=nav2_container --params-file /tmp/launch_params_3wcg8vl7 --params-file /tmp/launch_params_b6to_wi_ -r /tf:=tf -r /tf_static:=tf_static"
2026-09-12T22:17:35Z,36,"compAB_r2_composable",387080,"bash",0.0,2352,583,"bash /cbab5/work/scripts/run_nav2_composition_ab.sh --label compAB_r2 --duration 120"
2026-09-12T22:17:35Z,36,"compAB_r2_composable",387081,"python3",8.2,81972,55663,"python3 /cbab5/work/scripts/nav_goal_sender.py --x 4.0 --y 4.0 --yaw 0.0 --repeat 0 --pause 1"
2026-09-12T22:17:35Z,36,"compAB_r2_composable",387212,"bash",0.5,4368,1101,"bash /oomwoo/contributions/compute-benchmark/xbattlax/scripts/measure_ros_processes.sh --pattern python3|ros2|nav2|component_container|nav_goal_sender|amcl|map_server|planner|controller|behavior|bt_nav|smoother|waypoint --duration 110 --interval 2 --label compAB_r2_composable --output /cbab5/work/scripts/../results/composition_ab/compAB_r2_composable_20260912T221503Z.csv"
2026-09-12T22:17:38Z,37,"compAB_r2_composable",340884,"python3",0.2,77520,52260,"/usr/bin/python3 -c from ros2cli.daemon.daemonize import main; main() --name ros2-daemon --ros-domain-id 0 --rmw-implementation rmw_fastrtps_cpp"
2026-09-12T22:17:38Z,37,"compAB_r2_composable",386842,"bash",0.0,4004,1047,"bash -c source /opt/ros/jazzy/setup.bash && bash /cbab5/work/scripts/run_nav2_composition_ab.sh --label compAB_r2 --duration 120 >/dev/null 2>&1; ls /cbab5/work/results/composition_ab/ | grep r2"
2026-09-12T22:17:38Z,37,"compAB_r2_composable",386855,"bash",0.0,3712,801,"bash /cbab5/work/scripts/run_nav2_composition_ab.sh --label compAB_r2 --duration 120"
2026-09-12T22:17:38Z,37,"compAB_r2_composable",386960,"python3",5.2,75892,49826,"python3 /cbab5/work/scripts/synthetic_scan_publisher.py --duration 220 --loop-s 40 --hz 5.0"
2026-09-12T22:17:38Z,37,"compAB_r2_composable",386976,"ros2",1.0,83804,58226,"/usr/bin/python3 /opt/ros/jazzy/bin/ros2 launch nav2_bringup bringup_launch.py map:=/cbab5/work/scripts/../results/composition_ab/compAB_nav2_map.yaml params_file:=/cbab5/work/scripts/nav2_params_bench.yaml use_sim_time:=False autostart:=True slam:=False use_composition:=True"
2026-09-12T22:17:38Z,37,"compAB_r2_composable",386996,"component_conta",48.7,187912,172696,"/opt/ros/jazzy/lib/rclcpp_components/component_container_isolated --ros-args --log-level info --ros-args -r __node:=nav2_container --params-file /tmp/launch_params_3wcg8vl7 --params-file /tmp/launch_params_b6to_wi_ -r /tf:=tf -r /tf_static:=tf_static"
2026-09-12T22:17:38Z,37,"compAB_r2_composable",387080,"bash",0.0,2352,583,"bash /cbab5/work/scripts/run_nav2_composition_ab.sh --label compAB_r2 --duration 120"
2026-09-12T22:17:38Z,37,"compAB_r2_composable",387081,"python3",8.2,81976,55663,"python3 /cbab5/work/scripts/nav_goal_sender.py --x 4.0 --y 4.0 --yaw 0.0 --repeat 0 --pause 1"
2026-09-12T22:17:38Z,37,"compAB_r2_composable",387212,"bash",0.5,4368,1099,"bash /oomwoo/contributions/compute-benchmark/xbattlax/scripts/measure_ros_processes.sh --pattern python3|ros2|nav2|component_container|nav_goal_sender|amcl|map_server|planner|controller|behavior|bt_nav|smoother|waypoint --duration 110 --interval 2 --label compAB_r2_composable --output /cbab5/work/scripts/../results/composition_ab/compAB_r2_composable_20260912T221503Z.csv"
2026-09-12T22:17:40Z,38,"compAB_r2_composable",340884,"python3",0.2,77520,52263,"/usr/bin/python3 -c from ros2cli.daemon.daemonize import main; main() --name ros2-daemon --ros-domain-id 0 --rmw-implementation rmw_fastrtps_cpp"
2026-09-12T22:17:40Z,38,"compAB_r2_composable",386842,"bash",0.0,4004,1049,"bash -c source /opt/ros/jazzy/setup.bash && bash /cbab5/work/scripts/run_nav2_composition_ab.sh --label compAB_r2 --duration 120 >/dev/null 2>&1; ls /cbab5/work/results/composition_ab/ | grep r2"
2026-09-12T22:17:40Z,38,"compAB_r2_composable",386855,"bash",0.0,3712,799,"bash /cbab5/work/scripts/run_nav2_composition_ab.sh --label compAB_r2 --duration 120"
2026-09-12T22:17:40Z,38,"compAB_r2_composable",386960,"python3",5.2,75892,49827,"python3 /cbab5/work/scripts/synthetic_scan_publisher.py --duration 220 --loop-s 40 --hz 5.0"
2026-09-12T22:17:40Z,38,"compAB_r2_composable",386976,"ros2",1.0,83804,58229,"/usr/bin/python3 /opt/ros/jazzy/bin/ros2 launch nav2_bringup bringup_launch.py map:=/cbab5/work/scripts/../results/composition_ab/compAB_nav2_map.yaml params_file:=/cbab5/work/scripts/nav2_params_bench.yaml use_sim_time:=False autostart:=True slam:=False use_composition:=True"
2026-09-12T22:17:40Z,38,"compAB_r2_composable",386996,"component_conta",48.6,189648,174432,"/opt/ros/jazzy/lib/rclcpp_components/component_container_isolated --ros-args --log-level info --ros-args -r __node:=nav2_container --params-file /tmp/launch_params_3wcg8vl7 --params-file /tmp/launch_params_b6to_wi_ -r /tf:=tf -r /tf_static:=tf_static"
2026-09-12T22:17:40Z,38,"compAB_r2_composable",387080,"bash",0.0,2352,583,"bash /cbab5/work/scripts/run_nav2_composition_ab.sh --label compAB_r2 --duration 120"
2026-09-12T22:17:40Z,38,"compAB_r2_composable",387081,"python3",8.2,81980,55665,"python3 /cbab5/work/scripts/nav_goal_sender.py --x 4.0 --y 4.0 --yaw 0.0 --repeat 0 --pause 1"
2026-09-12T22:17:40Z,38,"compAB_r2_composable",387212,"bash",0.5,4368,1096,"bash /oomwoo/contributions/compute-benchmark/xbattlax/scripts/measure_ros_processes.sh --pattern python3|ros2|nav2|component_container|nav_goal_sender|amcl|map_server|planner|controller|behavior|bt_nav|smoother|waypoint --duration 110 --interval 2 --label compAB_r2_composable --output /cbab5/work/scripts/../results/composition_ab/compAB_r2_composable_20260912T221503Z.csv"
2026-09-12T22:17:42Z,39,"compAB_r2_composable",340884,"python3",0.2,77520,52260,"/usr/bin/python3 -c from ros2cli.daemon.daemonize import main; main() --name ros2-daemon --ros-domain-id 0 --rmw-implementation rmw_fastrtps_cpp"
2026-09-12T22:17:42Z,39,"compAB_r2_composable",386842,"bash",0.0,4004,1044,"bash -c source /opt/ros/jazzy/setup.bash && bash /cbab5/work/scripts/run_nav2_composition_ab.sh --label compAB_r2 --duration 120 >/dev/null 2>&1; ls /cbab5/work/results/composition_ab/ | grep r2"
2026-09-12T22:17:42Z,39,"compAB_r2_composable",386855,"bash",0.0,3712,795,"bash /cbab5/work/scripts/run_nav2_composition_ab.sh --label compAB_r2 --duration 120"
2026-09-12T22:17:42Z,39,"compAB_r2_composable",386960,"python3",5.2,75892,49827,"python3 /cbab5/work/scripts/synthetic_scan_publisher.py --duration 220 --loop-s 40 --hz 5.0"
2026-09-12T22:17:42Z,39,"compAB_r2_composable",386976,"ros2",1.0,83804,58228,"/usr/bin/python3 /opt/ros/jazzy/bin/ros2 launch nav2_bringup bringup_launch.py map:=/cbab5/work/scripts/../results/composition_ab/compAB_nav2_map.yaml params_file:=/cbab5/work/scripts/nav2_params_bench.yaml use_sim_time:=False autostart:=True slam:=False use_composition:=True"
2026-09-12T22:17:42Z,39,"compAB_r2_composable",386996,"component_conta",48.4,189664,174446,"/opt/ros/jazzy/lib/rclcpp_components/component_container_isolated --ros-args --log-level info --ros-args -r __node:=nav2_container --params-file /tmp/launch_params_3wcg8vl7 --params-file /tmp/launch_params_b6to_wi_ -r /tf:=tf -r /tf_static:=tf_static"
2026-09-12T22:17:42Z,39,"compAB_r2_composable",387080,"bash",0.0,2352,582,"bash /cbab5/work/scripts/run_nav2_composition_ab.sh --label compAB_r2 --duration 120"
2026-09-12T22:17:42Z,39,"compAB_r2_composable",387081,"python3",8.2,81980,55667,"python3 /cbab5/work/scripts/nav_goal_sender.py --x 4.0 --y 4.0 --yaw 0.0 --repeat 0 --pause 1"
2026-09-12T22:17:42Z,39,"compAB_r2_composable",387212,"bash",0.5,4368,1098,"bash /oomwoo/contributions/compute-benchmark/xbattlax/scripts/measure_ros_processes.sh --pattern python3|ros2|nav2|component_container|nav_goal_sender|amcl|map_server|planner|controller|behavior|bt_nav|smoother|waypoint --duration 110 --interval 2 --label compAB_r2_composable --output /cbab5/work/scripts/../results/composition_ab/compAB_r2_composable_20260912T221503Z.csv"
2026-09-12T22:17:45Z,40,"compAB_r2_composable",340884,"python3",0.2,77520,52257,"/usr/bin/python3 -c from ros2cli.daemon.daemonize import main; main() --name ros2-daemon --ros-domain-id 0 --rmw-implementation rmw_fastrtps_cpp"
2026-09-12T22:17:45Z,40,"compAB_r2_composable",386842,"bash",0.0,4004,1048,"bash -c source /opt/ros/jazzy/setup.bash && bash /cbab5/work/scripts/run_nav2_composition_ab.sh --label compAB_r2 --duration 120 >/dev/null 2>&1; ls /cbab5/work/results/composition_ab/ | grep r2"
2026-09-12T22:17:45Z,40,"compAB_r2_composable",386855,"bash",0.0,3712,795,"bash /cbab5/work/scripts/run_nav2_composition_ab.sh --label compAB_r2 --duration 120"
2026-09-12T22:17:45Z,40,"compAB_r2_composable",386960,"python3",5.2,75892,49829,"python3 /cbab5/work/scripts/synthetic_scan_publisher.py --duration 220 --loop-s 40 --hz 5.0"
2026-09-12T22:17:45Z,40,"compAB_r2_composable",386976,"ros2",1.0,83804,58228,"/usr/bin/python3 /opt/ros/jazzy/bin/ros2 launch nav2_bringup bringup_launch.py map:=/cbab5/work/scripts/../results/composition_ab/compAB_nav2_map.yaml params_file:=/cbab5/work/scripts/nav2_params_bench.yaml use_sim_time:=False autostart:=True slam:=False use_composition:=True"
2026-09-12T22:17:45Z,40,"compAB_r2_composable",386996,"component_conta",48.5,190548,175328,"/opt/ros/jazzy/lib/rclcpp_components/component_container_isolated --ros-args --log-level info --ros-args -r __node:=nav2_container --params-file /tmp/launch_params_3wcg8vl7 --params-file /tmp/launch_params_b6to_wi_ -r /tf:=tf -r /tf_static:=tf_static"
2026-09-12T22:17:45Z,40,"compAB_r2_composable",387080,"bash",0.0,2352,583,"bash /cbab5/work/scripts/run_nav2_composition_ab.sh --label compAB_r2 --duration 120"
2026-09-12T22:17:45Z,40,"compAB_r2_composable",387081,"python3",8.2,81980,55662,"python3 /cbab5/work/scripts/nav_goal_sender.py --x 4.0 --y 4.0 --yaw 0.0 --repeat 0 --pause 1"
2026-09-12T22:17:45Z,40,"compAB_r2_composable",387212,"bash",0.5,4368,1098,"bash /oomwoo/contributions/compute-benchmark/xbattlax/scripts/measure_ros_processes.sh --pattern python3|ros2|nav2|component_container|nav_goal_sender|amcl|map_server|planner|controller|behavior|bt_nav|smoother|waypoint --duration 110 --interval 2 --label compAB_r2_composable --output /cbab5/work/scripts/../results/composition_ab/compAB_r2_composable_20260912T221503Z.csv"
2026-09-12T22:17:47Z,41,"compAB_r2_composable",340884,"python3",0.2,77520,52261,"/usr/bin/python3 -c from ros2cli.daemon.daemonize import main; main() --name ros2-daemon --ros-domain-id 0 --rmw-implementation rmw_fastrtps_cpp"
2026-09-12T22:17:47Z,41,"compAB_r2_composable",386842,"bash",0.0,4004,1048,"bash -c source /opt/ros/jazzy/setup.bash && bash /cbab5/work/scripts/run_nav2_composition_ab.sh --label compAB_r2 --duration 120 >/dev/null 2>&1; ls /cbab5/work/results/composition_ab/ | grep r2"
2026-09-12T22:17:47Z,41,"compAB_r2_composable",386855,"bash",0.0,3712,799,"bash /cbab5/work/scripts/run_nav2_composition_ab.sh --label compAB_r2 --duration 120"
2026-09-12T22:17:47Z,41,"compAB_r2_composable",386960,"python3",5.2,75892,49825,"python3 /cbab5/work/scripts/synthetic_scan_publisher.py --duration 220 --loop-s 40 --hz 5.0"
2026-09-12T22:17:47Z,41,"compAB_r2_composable",386976,"ros2",1.0,83804,58229,"/usr/bin/python3 /opt/ros/jazzy/bin/ros2 launch nav2_bringup bringup_launch.py map:=/cbab5/work/scripts/../results/composition_ab/compAB_nav2_map.yaml params_file:=/cbab5/work/scripts/nav2_params_bench.yaml use_sim_time:=False autostart:=True slam:=False use_composition:=True"
2026-09-12T22:17:47Z,41,"compAB_r2_composable",386996,"component_conta",48.6,189240,174019,"/opt/ros/jazzy/lib/rclcpp_components/component_container_isolated --ros-args --log-level info --ros-args -r __node:=nav2_container --params-file /tmp/launch_params_3wcg8vl7 --params-file /tmp/launch_params_b6to_wi_ -r /tf:=tf -r /tf_static:=tf_static"
2026-09-12T22:17:47Z,41,"compAB_r2_composable",387080,"bash",0.0,2352,583,"bash /cbab5/work/scripts/run_nav2_composition_ab.sh --label compAB_r2 --duration 120"
2026-09-12T22:17:47Z,41,"compAB_r2_composable",387081,"python3",8.2,81984,55667,"python3 /cbab5/work/scripts/nav_goal_sender.py --x 4.0 --y 4.0 --yaw 0.0 --repeat 0 --pause 1"
2026-09-12T22:17:47Z,41,"compAB_r2_composable",387212,"bash",0.5,4368,1096,"bash /oomwoo/contributions/compute-benchmark/xbattlax/scripts/measure_ros_processes.sh --pattern python3|ros2|nav2|component_container|nav_goal_sender|amcl|map_server|planner|controller|behavior|bt_nav|smoother|waypoint --duration 110 --interval 2 --label compAB_r2_composable --output /cbab5/work/scripts/../results/composition_ab/compAB_r2_composable_20260912T221503Z.csv"
2026-09-12T22:17:50Z,42,"compAB_r2_composable",340884,"python3",0.2,77520,52263,"/usr/bin/python3 -c from ros2cli.daemon.daemonize import main; main() --name ros2-daemon --ros-domain-id 0 --rmw-implementation rmw_fastrtps_cpp"
2026-09-12T22:17:50Z,42,"compAB_r2_composable",386842,"bash",0.0,4004,1050,"bash -c source /opt/ros/jazzy/setup.bash && bash /cbab5/work/scripts/run_nav2_composition_ab.sh --label compAB_r2 --duration 120 >/dev/null 2>&1; ls /cbab5/work/results/composition_ab/ | grep r2"
2026-09-12T22:17:50Z,42,"compAB_r2_composable",386855,"bash",0.0,3712,798,"bash /cbab5/work/scripts/run_nav2_composition_ab.sh --label compAB_r2 --duration 120"
2026-09-12T22:17:50Z,42,"compAB_r2_composable",386960,"python3",5.2,75892,49829,"python3 /cbab5/work/scripts/synthetic_scan_publisher.py --duration 220 --loop-s 40 --hz 5.0"
2026-09-12T22:17:50Z,42,"compAB_r2_composable",386976,"ros2",0.9,83804,58230,"/usr/bin/python3 /opt/ros/jazzy/bin/ros2 launch nav2_bringup bringup_launch.py map:=/cbab5/work/scripts/../results/composition_ab/compAB_nav2_map.yaml params_file:=/cbab5/work/scripts/nav2_params_bench.yaml use_sim_time:=False autostart:=True slam:=False use_composition:=True"
2026-09-12T22:17:50Z,42,"compAB_r2_composable",386996,"component_conta",48.6,189344,174129,"/opt/ros/jazzy/lib/rclcpp_components/component_container_isolated --ros-args --log-level info --ros-args -r __node:=nav2_container --params-file /tmp/launch_params_3wcg8vl7 --params-file /tmp/launch_params_b6to_wi_ -r /tf:=tf -r /tf_static:=tf_static"
2026-09-12T22:17:50Z,42,"compAB_r2_composable",387080,"bash",0.0,2352,582,"bash /cbab5/work/scripts/run_nav2_composition_ab.sh --label compAB_r2 --duration 120"
2026-09-12T22:17:50Z,42,"compAB_r2_composable",387081,"python3",8.3,81984,55668,"python3 /cbab5/work/scripts/nav_goal_sender.py --x 4.0 --y 4.0 --yaw 0.0 --repeat 0 --pause 1"
2026-09-12T22:17:50Z,42,"compAB_r2_composable",387212,"bash",0.5,4368,1098,"bash /oomwoo/contributions/compute-benchmark/xbattlax/scripts/measure_ros_processes.sh --pattern python3|ros2|nav2|component_container|nav_goal_sender|amcl|map_server|planner|controller|behavior|bt_nav|smoother|waypoint --duration 110 --interval 2 --label compAB_r2_composable --output /cbab5/work/scripts/../results/composition_ab/compAB_r2_composable_20260912T221503Z.csv"
2026-09-12T22:17:52Z,43,"compAB_r2_composable",340884,"python3",0.2,77520,52261,"/usr/bin/python3 -c from ros2cli.daemon.daemonize import main; main() --name ros2-daemon --ros-domain-id 0 --rmw-implementation rmw_fastrtps_cpp"
2026-09-12T22:17:52Z,43,"compAB_r2_composable",386842,"bash",0.0,4004,1044,"bash -c source /opt/ros/jazzy/setup.bash && bash /cbab5/work/scripts/run_nav2_composition_ab.sh --label compAB_r2 --duration 120 >/dev/null 2>&1; ls /cbab5/work/results/composition_ab/ | grep r2"
2026-09-12T22:17:52Z,43,"compAB_r2_composable",386855,"bash",0.0,3712,797,"bash /cbab5/work/scripts/run_nav2_composition_ab.sh --label compAB_r2 --duration 120"
2026-09-12T22:17:52Z,43,"compAB_r2_composable",386960,"python3",5.2,75892,49827,"python3 /cbab5/work/scripts/synthetic_scan_publisher.py --duration 220 --loop-s 40 --hz 5.0"
2026-09-12T22:17:52Z,43,"compAB_r2_composable",386976,"ros2",0.9,83804,58227,"/usr/bin/python3 /opt/ros/jazzy/bin/ros2 launch nav2_bringup bringup_launch.py map:=/cbab5/work/scripts/../results/composition_ab/compAB_nav2_map.yaml params_file:=/cbab5/work/scripts/nav2_params_bench.yaml use_sim_time:=False autostart:=True slam:=False use_composition:=True"
2026-09-12T22:17:52Z,43,"compAB_r2_composable",386996,"component_conta",48.6,190092,174877,"/opt/ros/jazzy/lib/rclcpp_components/component_container_isolated --ros-args --log-level info --ros-args -r __node:=nav2_container --params-file /tmp/launch_params_3wcg8vl7 --params-file /tmp/launch_params_b6to_wi_ -r /tf:=tf -r /tf_static:=tf_static"
2026-09-12T22:17:52Z,43,"compAB_r2_composable",387080,"bash",0.0,2352,583,"bash /cbab5/work/scripts/run_nav2_composition_ab.sh --label compAB_r2 --duration 120"
2026-09-12T22:17:52Z,43,"compAB_r2_composable",387081,"python3",8.2,81984,55670,"python3 /cbab5/work/scripts/nav_goal_sender.py --x 4.0 --y 4.0 --yaw 0.0 --repeat 0 --pause 1"
2026-09-12T22:17:52Z,43,"compAB_r2_composable",387212,"bash",0.5,4368,1096,"bash /oomwoo/contributions/compute-benchmark/xbattlax/scripts/measure_ros_processes.sh --pattern python3|ros2|nav2|component_container|nav_goal_sender|amcl|map_server|planner|controller|behavior|bt_nav|smoother|waypoint --duration 110 --interval 2 --label compAB_r2_composable --output /cbab5/work/scripts/../results/composition_ab/compAB_r2_composable_20260912T221503Z.csv"
2026-09-12T22:17:55Z,44,"compAB_r2_composable",340884,"python3",0.2,77520,52276,"/usr/bin/python3 -c from ros2cli.daemon.daemonize import main; main() --name ros2-daemon --ros-domain-id 0 --rmw-implementation rmw_fastrtps_cpp"
2026-09-12T22:17:55Z,44,"compAB_r2_composable",386842,"bash",0.0,4004,1047,"bash -c source /opt/ros/jazzy/setup.bash && bash /cbab5/work/scripts/run_nav2_composition_ab.sh --label compAB_r2 --duration 120 >/dev/null 2>&1; ls /cbab5/work/results/composition_ab/ | grep r2"
2026-09-12T22:17:55Z,44,"compAB_r2_composable",386855,"bash",0.0,3712,800,"bash /cbab5/work/scripts/run_nav2_composition_ab.sh --label compAB_r2 --duration 120"
2026-09-12T22:17:55Z,44,"compAB_r2_composable",386960,"python3",5.2,75892,49826,"python3 /cbab5/work/scripts/synthetic_scan_publisher.py --duration 220 --loop-s 40 --hz 5.0"
2026-09-12T22:17:55Z,44,"compAB_r2_composable",386976,"ros2",0.9,83804,58228,"/usr/bin/python3 /opt/ros/jazzy/bin/ros2 launch nav2_bringup bringup_launch.py map:=/cbab5/work/scripts/../results/composition_ab/compAB_nav2_map.yaml params_file:=/cbab5/work/scripts/nav2_params_bench.yaml use_sim_time:=False autostart:=True slam:=False use_composition:=True"
2026-09-12T22:17:55Z,44,"compAB_r2_composable",386996,"component_conta",48.5,190108,174892,"/opt/ros/jazzy/lib/rclcpp_components/component_container_isolated --ros-args --log-level info --ros-args -r __node:=nav2_container --params-file /tmp/launch_params_3wcg8vl7 --params-file /tmp/launch_params_b6to_wi_ -r /tf:=tf -r /tf_static:=tf_static"
2026-09-12T22:17:55Z,44,"compAB_r2_composable",387080,"bash",0.0,2352,583,"bash /cbab5/work/scripts/run_nav2_composition_ab.sh --label compAB_r2 --duration 120"
2026-09-12T22:17:55Z,44,"compAB_r2_composable",387081,"python3",8.2,81988,55675,"python3 /cbab5/work/scripts/nav_goal_sender.py --x 4.0 --y 4.0 --yaw 0.0 --repeat 0 --pause 1"
2026-09-12T22:17:55Z,44,"compAB_r2_composable",387212,"bash",0.5,4368,1098,"bash /oomwoo/contributions/compute-benchmark/xbattlax/scripts/measure_ros_processes.sh --pattern python3|ros2|nav2|component_container|nav_goal_sender|amcl|map_server|planner|controller|behavior|bt_nav|smoother|waypoint --duration 110 --interval 2 --label compAB_r2_composable --output /cbab5/work/scripts/../results/composition_ab/compAB_r2_composable_20260912T221503Z.csv"
