timestamp_utc,sample_index,label,pid,comm,cpu_percent,rss_kib,pss_kib,cmdline
2026-09-12T22:18:55Z,0,"compAB_r2_singleton",340884,"python3",0.2,80148,51080,"/usr/bin/python3 -c from ros2cli.daemon.daemonize import main; main() --name ros2-daemon --ros-domain-id 0 --rmw-implementation rmw_fastrtps_cpp"
2026-09-12T22:18:55Z,0,"compAB_r2_singleton",386842,"bash",0.0,4004,951,"bash -c source /opt/ros/jazzy/setup.bash && bash /cbab5/work/scripts/run_nav2_composition_ab.sh --label compAB_r2 --duration 120 >/dev/null 2>&1; ls /cbab5/work/results/composition_ab/ | grep r2"
2026-09-12T22:18:55Z,0,"compAB_r2_singleton",386855,"bash",0.0,4252,1257,"bash /cbab5/work/scripts/run_nav2_composition_ab.sh --label compAB_r2 --duration 120"
2026-09-12T22:18:55Z,0,"compAB_r2_singleton",408488,"python3",5.9,78764,48656,"python3 /cbab5/work/scripts/synthetic_scan_publisher.py --duration 220 --loop-s 40 --hz 5.0"
2026-09-12T22:18:55Z,0,"compAB_r2_singleton",408504,"ros2",1.1,43900,30629,"/usr/bin/python3 /opt/ros/jazzy/bin/ros2 launch nav2_bringup bringup_launch.py map:=/cbab5/work/scripts/../results/composition_ab/compAB_nav2_map.yaml params_file:=/cbab5/work/scripts/nav2_params_bench.yaml use_sim_time:=False autostart:=True slam:=False use_composition:=False"
2026-09-12T22:18:55Z,0,"compAB_r2_singleton",408508,"map_server",3.8,49492,23106,"/opt/ros/jazzy/lib/nav2_map_server/map_server --ros-args --log-level info --ros-args -r __node:=map_server -p use_sim_time:=False --params-file /tmp/launch_params_amag_3a0 --params-file /tmp/launch_params_8jw_ii1a -r /tf:=tf -r /tf_static:=tf_static"
2026-09-12T22:18:55Z,0,"compAB_r2_singleton",408509,"amcl",6.6,51256,22359,"/opt/ros/jazzy/lib/nav2_amcl/amcl --ros-args --log-level info --ros-args -r __node:=amcl -p use_sim_time:=False --params-file /tmp/launch_params_amag_3a0 -r /tf:=tf -r /tf_static:=tf_static"
2026-09-12T22:18:55Z,0,"compAB_r2_singleton",408510,"lifecycle_manag",4.2,42424,16608,"/opt/ros/jazzy/lib/nav2_lifecycle_manager/lifecycle_manager --ros-args --log-level info --ros-args -r __node:=lifecycle_manager_localization -p use_sim_time:=False --params-file /tmp/launch_params_1xbcgfz6 --params-file /tmp/launch_params_fmevwfj1"
2026-09-12T22:18:55Z,0,"compAB_r2_singleton",408511,"controller_serv",6.1,69072,37903,"/opt/ros/jazzy/lib/nav2_controller/controller_server --ros-args --log-level info --ros-args -p use_sim_time:=False --params-file /tmp/launch_params_j9iinff9 -r /tf:=tf -r /tf_static:=tf_static -r cmd_vel:=cmd_vel_nav"
2026-09-12T22:18:55Z,0,"compAB_r2_singleton",408512,"smoother_server",4.3,49316,19737,"/opt/ros/jazzy/lib/nav2_smoother/smoother_server --ros-args --log-level info --ros-args -r __node:=smoother_server -p use_sim_time:=False --params-file /tmp/launch_params_j9iinff9 -r /tf:=tf -r /tf_static:=tf_static"
2026-09-12T22:18:55Z,0,"compAB_r2_singleton",408513,"planner_server",4.8,58012,27171,"/opt/ros/jazzy/lib/nav2_planner/planner_server --ros-args --log-level info --ros-args -r __node:=planner_server -p use_sim_time:=False --params-file /tmp/launch_params_j9iinff9 -r /tf:=tf -r /tf_static:=tf_static"
2026-09-12T22:18:55Z,0,"compAB_r2_singleton",408514,"route_server",4.3,52980,22746,"/opt/ros/jazzy/lib/nav2_route/route_server --ros-args --log-level info --ros-args -r __node:=route_server -p use_sim_time:=False --params-file /tmp/launch_params_j9iinff9 -r /tf:=tf -r /tf_static:=tf_static"
2026-09-12T22:18:55Z,0,"compAB_r2_singleton",408515,"behavior_server",4.9,53928,23825,"/opt/ros/jazzy/lib/nav2_behaviors/behavior_server --ros-args --log-level info --ros-args -r __node:=behavior_server -p use_sim_time:=False --params-file /tmp/launch_params_j9iinff9 -r /tf:=tf -r /tf_static:=tf_static -r cmd_vel:=cmd_vel_nav"
2026-09-12T22:18:55Z,0,"compAB_r2_singleton",408516,"bt_navigator",6.0,77556,48469,"/opt/ros/jazzy/lib/nav2_bt_navigator/bt_navigator --ros-args --log-level info --ros-args -r __node:=bt_navigator -p use_sim_time:=False --params-file /tmp/launch_params_j9iinff9 -r /tf:=tf -r /tf_static:=tf_static"
2026-09-12T22:18:55Z,0,"compAB_r2_singleton",408517,"waypoint_follow",3.6,46812,19260,"/opt/ros/jazzy/lib/nav2_waypoint_follower/waypoint_follower --ros-args --log-level info --ros-args -r __node:=waypoint_follower -p use_sim_time:=False --params-file /tmp/launch_params_j9iinff9 -r /tf:=tf -r /tf_static:=tf_static"
2026-09-12T22:18:55Z,0,"compAB_r2_singleton",408518,"velocity_smooth",3.6,39636,16099,"/opt/ros/jazzy/lib/nav2_velocity_smoother/velocity_smoother --ros-args --log-level info --ros-args -r __node:=velocity_smoother -p use_sim_time:=False --params-file /tmp/launch_params_j9iinff9 -r /tf:=tf -r /tf_static:=tf_static -r cmd_vel:=cmd_vel_nav"
2026-09-12T22:18:55Z,0,"compAB_r2_singleton",408519,"collision_monit",4.1,51416,21408,"/opt/ros/jazzy/lib/nav2_collision_monitor/collision_monitor --ros-args --log-level info --ros-args -r __node:=collision_monitor -p use_sim_time:=False --params-file /tmp/launch_params_j9iinff9 -r /tf:=tf -r /tf_static:=tf_static"
2026-09-12T22:18:55Z,0,"compAB_r2_singleton",408521,"lifecycle_manag",9.2,46784,20766,"/opt/ros/jazzy/lib/nav2_lifecycle_manager/lifecycle_manager --ros-args --log-level info --ros-args -r __node:=lifecycle_manager_navigation -p use_sim_time:=False --params-file /tmp/launch_params_gv1a6bko --params-file /tmp/launch_params_6bl7znxa"
2026-09-12T22:18:55Z,0,"compAB_r2_singleton",408773,"bash",0.0,2376,558,"bash /cbab5/work/scripts/run_nav2_composition_ab.sh --label compAB_r2 --duration 120"
2026-09-12T22:18:55Z,0,"compAB_r2_singleton",408774,"python3",11.8,85432,54180,"python3 /cbab5/work/scripts/nav_goal_sender.py --x 4.0 --y 4.0 --yaw 0.0 --repeat 0 --pause 1"
2026-09-12T22:18:55Z,0,"compAB_r2_singleton",408900,"bash",3.0,4456,998,"bash /oomwoo/contributions/compute-benchmark/xbattlax/scripts/measure_ros_processes.sh --pattern python3|ros2|nav2|component_container|nav_goal_sender|amcl|map_server|planner|controller|behavior|bt_nav|smoother|waypoint --duration 110 --interval 2 --label compAB_r2_singleton --output /cbab5/work/scripts/../results/composition_ab/compAB_r2_singleton_20260912T221503Z.csv"
2026-09-12T22:18:57Z,1,"compAB_r2_singleton",340884,"python3",0.2,79980,50981,"/usr/bin/python3 -c from ros2cli.daemon.daemonize import main; main() --name ros2-daemon --ros-domain-id 0 --rmw-implementation rmw_fastrtps_cpp"
2026-09-12T22:18:57Z,1,"compAB_r2_singleton",386842,"bash",0.0,4004,951,"bash -c source /opt/ros/jazzy/setup.bash && bash /cbab5/work/scripts/run_nav2_composition_ab.sh --label compAB_r2 --duration 120 >/dev/null 2>&1; ls /cbab5/work/results/composition_ab/ | grep r2"
2026-09-12T22:18:57Z,1,"compAB_r2_singleton",386855,"bash",0.0,4252,1246,"bash /cbab5/work/scripts/run_nav2_composition_ab.sh --label compAB_r2 --duration 120"
2026-09-12T22:18:57Z,1,"compAB_r2_singleton",408488,"python3",6.0,78720,48653,"python3 /cbab5/work/scripts/synthetic_scan_publisher.py --duration 220 --loop-s 40 --hz 5.0"
2026-09-12T22:18:57Z,1,"compAB_r2_singleton",408504,"ros2",1.0,43900,30629,"/usr/bin/python3 /opt/ros/jazzy/bin/ros2 launch nav2_bringup bringup_launch.py map:=/cbab5/work/scripts/../results/composition_ab/compAB_nav2_map.yaml params_file:=/cbab5/work/scripts/nav2_params_bench.yaml use_sim_time:=False autostart:=True slam:=False use_composition:=False"
2026-09-12T22:18:57Z,1,"compAB_r2_singleton",408508,"map_server",3.7,49428,23102,"/opt/ros/jazzy/lib/nav2_map_server/map_server --ros-args --log-level info --ros-args -r __node:=map_server -p use_sim_time:=False --params-file /tmp/launch_params_amag_3a0 --params-file /tmp/launch_params_8jw_ii1a -r /tf:=tf -r /tf_static:=tf_static"
2026-09-12T22:18:57Z,1,"compAB_r2_singleton",408509,"amcl",6.6,51192,22355,"/opt/ros/jazzy/lib/nav2_amcl/amcl --ros-args --log-level info --ros-args -r __node:=amcl -p use_sim_time:=False --params-file /tmp/launch_params_amag_3a0 -r /tf:=tf -r /tf_static:=tf_static"
2026-09-12T22:18:57Z,1,"compAB_r2_singleton",408510,"lifecycle_manag",4.2,42360,16604,"/opt/ros/jazzy/lib/nav2_lifecycle_manager/lifecycle_manager --ros-args --log-level info --ros-args -r __node:=lifecycle_manager_localization -p use_sim_time:=False --params-file /tmp/launch_params_1xbcgfz6 --params-file /tmp/launch_params_fmevwfj1"
2026-09-12T22:18:57Z,1,"compAB_r2_singleton",408511,"controller_serv",7.2,69068,37957,"/opt/ros/jazzy/lib/nav2_controller/controller_server --ros-args --log-level info --ros-args -p use_sim_time:=False --params-file /tmp/launch_params_j9iinff9 -r /tf:=tf -r /tf_static:=tf_static -r cmd_vel:=cmd_vel_nav"
2026-09-12T22:18:57Z,1,"compAB_r2_singleton",408512,"smoother_server",4.2,49252,19734,"/opt/ros/jazzy/lib/nav2_smoother/smoother_server --ros-args --log-level info --ros-args -r __node:=smoother_server -p use_sim_time:=False --params-file /tmp/launch_params_j9iinff9 -r /tf:=tf -r /tf_static:=tf_static"
2026-09-12T22:18:57Z,1,"compAB_r2_singleton",408513,"planner_server",4.8,58044,27263,"/opt/ros/jazzy/lib/nav2_planner/planner_server --ros-args --log-level info --ros-args -r __node:=planner_server -p use_sim_time:=False --params-file /tmp/launch_params_j9iinff9 -r /tf:=tf -r /tf_static:=tf_static"
2026-09-12T22:18:57Z,1,"compAB_r2_singleton",408514,"route_server",4.3,52916,22742,"/opt/ros/jazzy/lib/nav2_route/route_server --ros-args --log-level info --ros-args -r __node:=route_server -p use_sim_time:=False --params-file /tmp/launch_params_j9iinff9 -r /tf:=tf -r /tf_static:=tf_static"
2026-09-12T22:18:57Z,1,"compAB_r2_singleton",408515,"behavior_server",4.9,53864,23821,"/opt/ros/jazzy/lib/nav2_behaviors/behavior_server --ros-args --log-level info --ros-args -r __node:=behavior_server -p use_sim_time:=False --params-file /tmp/launch_params_j9iinff9 -r /tf:=tf -r /tf_static:=tf_static -r cmd_vel:=cmd_vel_nav"
2026-09-12T22:18:57Z,1,"compAB_r2_singleton",408516,"bt_navigator",6.1,77524,48497,"/opt/ros/jazzy/lib/nav2_bt_navigator/bt_navigator --ros-args --log-level info --ros-args -r __node:=bt_navigator -p use_sim_time:=False --params-file /tmp/launch_params_j9iinff9 -r /tf:=tf -r /tf_static:=tf_static"
2026-09-12T22:18:57Z,1,"compAB_r2_singleton",408517,"waypoint_follow",3.6,46748,19257,"/opt/ros/jazzy/lib/nav2_waypoint_follower/waypoint_follower --ros-args --log-level info --ros-args -r __node:=waypoint_follower -p use_sim_time:=False --params-file /tmp/launch_params_j9iinff9 -r /tf:=tf -r /tf_static:=tf_static"
2026-09-12T22:18:57Z,1,"compAB_r2_singleton",408518,"velocity_smooth",3.6,39572,16095,"/opt/ros/jazzy/lib/nav2_velocity_smoother/velocity_smoother --ros-args --log-level info --ros-args -r __node:=velocity_smoother -p use_sim_time:=False --params-file /tmp/launch_params_j9iinff9 -r /tf:=tf -r /tf_static:=tf_static -r cmd_vel:=cmd_vel_nav"
2026-09-12T22:18:57Z,1,"compAB_r2_singleton",408519,"collision_monit",4.2,51352,21404,"/opt/ros/jazzy/lib/nav2_collision_monitor/collision_monitor --ros-args --log-level info --ros-args -r __node:=collision_monitor -p use_sim_time:=False --params-file /tmp/launch_params_j9iinff9 -r /tf:=tf -r /tf_static:=tf_static"
2026-09-12T22:18:57Z,1,"compAB_r2_singleton",408521,"lifecycle_manag",9.2,46720,20762,"/opt/ros/jazzy/lib/nav2_lifecycle_manager/lifecycle_manager --ros-args --log-level info --ros-args -r __node:=lifecycle_manager_navigation -p use_sim_time:=False --params-file /tmp/launch_params_gv1a6bko --params-file /tmp/launch_params_6bl7znxa"
2026-09-12T22:18:57Z,1,"compAB_r2_singleton",408773,"bash",0.0,2376,558,"bash /cbab5/work/scripts/run_nav2_composition_ab.sh --label compAB_r2 --duration 120"
2026-09-12T22:18:57Z,1,"compAB_r2_singleton",408774,"python3",11.6,85384,54194,"python3 /cbab5/work/scripts/nav_goal_sender.py --x 4.0 --y 4.0 --yaw 0.0 --repeat 0 --pause 1"
2026-09-12T22:18:57Z,1,"compAB_r2_singleton",408900,"bash",1.4,4468,1005,"bash /oomwoo/contributions/compute-benchmark/xbattlax/scripts/measure_ros_processes.sh --pattern python3|ros2|nav2|component_container|nav_goal_sender|amcl|map_server|planner|controller|behavior|bt_nav|smoother|waypoint --duration 110 --interval 2 --label compAB_r2_singleton --output /cbab5/work/scripts/../results/composition_ab/compAB_r2_singleton_20260912T221503Z.csv"
2026-09-12T22:19:00Z,2,"compAB_r2_singleton",340884,"python3",0.2,79916,50964,"/usr/bin/python3 -c from ros2cli.daemon.daemonize import main; main() --name ros2-daemon --ros-domain-id 0 --rmw-implementation rmw_fastrtps_cpp"
2026-09-12T22:19:00Z,2,"compAB_r2_singleton",386842,"bash",0.0,4004,950,"bash -c source /opt/ros/jazzy/setup.bash && bash /cbab5/work/scripts/run_nav2_composition_ab.sh --label compAB_r2 --duration 120 >/dev/null 2>&1; ls /cbab5/work/results/composition_ab/ | grep r2"
2026-09-12T22:19:00Z,2,"compAB_r2_singleton",386855,"bash",0.0,4252,1256,"bash /cbab5/work/scripts/run_nav2_composition_ab.sh --label compAB_r2 --duration 120"
2026-09-12T22:19:00Z,2,"compAB_r2_singleton",408488,"python3",5.9,78720,48652,"python3 /cbab5/work/scripts/synthetic_scan_publisher.py --duration 220 --loop-s 40 --hz 5.0"
2026-09-12T22:19:00Z,2,"compAB_r2_singleton",408504,"ros2",1.0,43900,30628,"/usr/bin/python3 /opt/ros/jazzy/bin/ros2 launch nav2_bringup bringup_launch.py map:=/cbab5/work/scripts/../results/composition_ab/compAB_nav2_map.yaml params_file:=/cbab5/work/scripts/nav2_params_bench.yaml use_sim_time:=False autostart:=True slam:=False use_composition:=False"
2026-09-12T22:19:00Z,2,"compAB_r2_singleton",408508,"map_server",3.7,49428,23101,"/opt/ros/jazzy/lib/nav2_map_server/map_server --ros-args --log-level info --ros-args -r __node:=map_server -p use_sim_time:=False --params-file /tmp/launch_params_amag_3a0 --params-file /tmp/launch_params_8jw_ii1a -r /tf:=tf -r /tf_static:=tf_static"
2026-09-12T22:19:00Z,2,"compAB_r2_singleton",408509,"amcl",6.6,51128,22338,"/opt/ros/jazzy/lib/nav2_amcl/amcl --ros-args --log-level info --ros-args -r __node:=amcl -p use_sim_time:=False --params-file /tmp/launch_params_amag_3a0 -r /tf:=tf -r /tf_static:=tf_static"
2026-09-12T22:19:00Z,2,"compAB_r2_singleton",408510,"lifecycle_manag",4.2,42360,16604,"/opt/ros/jazzy/lib/nav2_lifecycle_manager/lifecycle_manager --ros-args --log-level info --ros-args -r __node:=lifecycle_manager_localization -p use_sim_time:=False --params-file /tmp/launch_params_1xbcgfz6 --params-file /tmp/launch_params_fmevwfj1"
2026-09-12T22:19:00Z,2,"compAB_r2_singleton",408511,"controller_serv",8.0,69108,37997,"/opt/ros/jazzy/lib/nav2_controller/controller_server --ros-args --log-level info --ros-args -p use_sim_time:=False --params-file /tmp/launch_params_j9iinff9 -r /tf:=tf -r /tf_static:=tf_static -r cmd_vel:=cmd_vel_nav"
2026-09-12T22:19:00Z,2,"compAB_r2_singleton",408512,"smoother_server",4.2,49252,19734,"/opt/ros/jazzy/lib/nav2_smoother/smoother_server --ros-args --log-level info --ros-args -r __node:=smoother_server -p use_sim_time:=False --params-file /tmp/launch_params_j9iinff9 -r /tf:=tf -r /tf_static:=tf_static"
2026-09-12T22:19:00Z,2,"compAB_r2_singleton",408513,"planner_server",4.7,58104,27323,"/opt/ros/jazzy/lib/nav2_planner/planner_server --ros-args --log-level info --ros-args -r __node:=planner_server -p use_sim_time:=False --params-file /tmp/launch_params_j9iinff9 -r /tf:=tf -r /tf_static:=tf_static"
2026-09-12T22:19:00Z,2,"compAB_r2_singleton",408514,"route_server",4.3,52916,22742,"/opt/ros/jazzy/lib/nav2_route/route_server --ros-args --log-level info --ros-args -r __node:=route_server -p use_sim_time:=False --params-file /tmp/launch_params_j9iinff9 -r /tf:=tf -r /tf_static:=tf_static"
2026-09-12T22:19:00Z,2,"compAB_r2_singleton",408515,"behavior_server",4.8,53864,23821,"/opt/ros/jazzy/lib/nav2_behaviors/behavior_server --ros-args --log-level info --ros-args -r __node:=behavior_server -p use_sim_time:=False --params-file /tmp/launch_params_j9iinff9 -r /tf:=tf -r /tf_static:=tf_static -r cmd_vel:=cmd_vel_nav"
2026-09-12T22:19:00Z,2,"compAB_r2_singleton",408516,"bt_navigator",6.3,77524,48497,"/opt/ros/jazzy/lib/nav2_bt_navigator/bt_navigator --ros-args --log-level info --ros-args -r __node:=bt_navigator -p use_sim_time:=False --params-file /tmp/launch_params_j9iinff9 -r /tf:=tf -r /tf_static:=tf_static"
2026-09-12T22:19:00Z,2,"compAB_r2_singleton",408517,"waypoint_follow",3.6,46684,19241,"/opt/ros/jazzy/lib/nav2_waypoint_follower/waypoint_follower --ros-args --log-level info --ros-args -r __node:=waypoint_follower -p use_sim_time:=False --params-file /tmp/launch_params_j9iinff9 -r /tf:=tf -r /tf_static:=tf_static"
2026-09-12T22:19:00Z,2,"compAB_r2_singleton",408518,"velocity_smooth",3.6,39572,16095,"/opt/ros/jazzy/lib/nav2_velocity_smoother/velocity_smoother --ros-args --log-level info --ros-args -r __node:=velocity_smoother -p use_sim_time:=False --params-file /tmp/launch_params_j9iinff9 -r /tf:=tf -r /tf_static:=tf_static -r cmd_vel:=cmd_vel_nav"
2026-09-12T22:19:00Z,2,"compAB_r2_singleton",408519,"collision_monit",4.2,51288,21388,"/opt/ros/jazzy/lib/nav2_collision_monitor/collision_monitor --ros-args --log-level info --ros-args -r __node:=collision_monitor -p use_sim_time:=False --params-file /tmp/launch_params_j9iinff9 -r /tf:=tf -r /tf_static:=tf_static"
2026-09-12T22:19:00Z,2,"compAB_r2_singleton",408521,"lifecycle_manag",9.2,46720,20762,"/opt/ros/jazzy/lib/nav2_lifecycle_manager/lifecycle_manager --ros-args --log-level info --ros-args -r __node:=lifecycle_manager_navigation -p use_sim_time:=False --params-file /tmp/launch_params_gv1a6bko --params-file /tmp/launch_params_6bl7znxa"
2026-09-12T22:19:00Z,2,"compAB_r2_singleton",408773,"bash",0.0,2376,558,"bash /cbab5/work/scripts/run_nav2_composition_ab.sh --label compAB_r2 --duration 120"
2026-09-12T22:19:00Z,2,"compAB_r2_singleton",408774,"python3",11.3,85384,54193,"python3 /cbab5/work/scripts/nav_goal_sender.py --x 4.0 --y 4.0 --yaw 0.0 --repeat 0 --pause 1"
2026-09-12T22:19:00Z,2,"compAB_r2_singleton",408900,"bash",1.3,4472,1006,"bash /oomwoo/contributions/compute-benchmark/xbattlax/scripts/measure_ros_processes.sh --pattern python3|ros2|nav2|component_container|nav_goal_sender|amcl|map_server|planner|controller|behavior|bt_nav|smoother|waypoint --duration 110 --interval 2 --label compAB_r2_singleton --output /cbab5/work/scripts/../results/composition_ab/compAB_r2_singleton_20260912T221503Z.csv"
2026-09-12T22:19:03Z,3,"compAB_r2_singleton",340884,"python3",0.2,79916,50956,"/usr/bin/python3 -c from ros2cli.daemon.daemonize import main; main() --name ros2-daemon --ros-domain-id 0 --rmw-implementation rmw_fastrtps_cpp"
2026-09-12T22:19:03Z,3,"compAB_r2_singleton",386842,"bash",0.0,4004,951,"bash -c source /opt/ros/jazzy/setup.bash && bash /cbab5/work/scripts/run_nav2_composition_ab.sh --label compAB_r2 --duration 120 >/dev/null 2>&1; ls /cbab5/work/results/composition_ab/ | grep r2"
2026-09-12T22:19:03Z,3,"compAB_r2_singleton",386855,"bash",0.0,4252,1244,"bash /cbab5/work/scripts/run_nav2_composition_ab.sh --label compAB_r2 --duration 120"
2026-09-12T22:19:03Z,3,"compAB_r2_singleton",408488,"python3",5.9,78720,48653,"python3 /cbab5/work/scripts/synthetic_scan_publisher.py --duration 220 --loop-s 40 --hz 5.0"
2026-09-12T22:19:03Z,3,"compAB_r2_singleton",408504,"ros2",1.0,43900,30629,"/usr/bin/python3 /opt/ros/jazzy/bin/ros2 launch nav2_bringup bringup_launch.py map:=/cbab5/work/scripts/../results/composition_ab/compAB_nav2_map.yaml params_file:=/cbab5/work/scripts/nav2_params_bench.yaml use_sim_time:=False autostart:=True slam:=False use_composition:=False"
2026-09-12T22:19:03Z,3,"compAB_r2_singleton",408508,"map_server",3.7,49428,23102,"/opt/ros/jazzy/lib/nav2_map_server/map_server --ros-args --log-level info --ros-args -r __node:=map_server -p use_sim_time:=False --params-file /tmp/launch_params_amag_3a0 --params-file /tmp/launch_params_8jw_ii1a -r /tf:=tf -r /tf_static:=tf_static"
2026-09-12T22:19:03Z,3,"compAB_r2_singleton",408509,"amcl",6.6,51128,22339,"/opt/ros/jazzy/lib/nav2_amcl/amcl --ros-args --log-level info --ros-args -r __node:=amcl -p use_sim_time:=False --params-file /tmp/launch_params_amag_3a0 -r /tf:=tf -r /tf_static:=tf_static"
2026-09-12T22:19:03Z,3,"compAB_r2_singleton",408510,"lifecycle_manag",4.2,42360,16604,"/opt/ros/jazzy/lib/nav2_lifecycle_manager/lifecycle_manager --ros-args --log-level info --ros-args -r __node:=lifecycle_manager_localization -p use_sim_time:=False --params-file /tmp/launch_params_1xbcgfz6 --params-file /tmp/launch_params_fmevwfj1"
2026-09-12T22:19:03Z,3,"compAB_r2_singleton",408511,"controller_serv",8.8,69136,38026,"/opt/ros/jazzy/lib/nav2_controller/controller_server --ros-args --log-level info --ros-args -p use_sim_time:=False --params-file /tmp/launch_params_j9iinff9 -r /tf:=tf -r /tf_static:=tf_static -r cmd_vel:=cmd_vel_nav"
2026-09-12T22:19:03Z,3,"compAB_r2_singleton",408512,"smoother_server",4.2,49252,19734,"/opt/ros/jazzy/lib/nav2_smoother/smoother_server --ros-args --log-level info --ros-args -r __node:=smoother_server -p use_sim_time:=False --params-file /tmp/launch_params_j9iinff9 -r /tf:=tf -r /tf_static:=tf_static"
2026-09-12T22:19:03Z,3,"compAB_r2_singleton",408513,"planner_server",4.7,58184,27403,"/opt/ros/jazzy/lib/nav2_planner/planner_server --ros-args --log-level info --ros-args -r __node:=planner_server -p use_sim_time:=False --params-file /tmp/launch_params_j9iinff9 -r /tf:=tf -r /tf_static:=tf_static"
2026-09-12T22:19:03Z,3,"compAB_r2_singleton",408514,"route_server",4.2,52916,22742,"/opt/ros/jazzy/lib/nav2_route/route_server --ros-args --log-level info --ros-args -r __node:=route_server -p use_sim_time:=False --params-file /tmp/launch_params_j9iinff9 -r /tf:=tf -r /tf_static:=tf_static"
2026-09-12T22:19:03Z,3,"compAB_r2_singleton",408515,"behavior_server",4.8,53864,23821,"/opt/ros/jazzy/lib/nav2_behaviors/behavior_server --ros-args --log-level info --ros-args -r __node:=behavior_server -p use_sim_time:=False --params-file /tmp/launch_params_j9iinff9 -r /tf:=tf -r /tf_static:=tf_static -r cmd_vel:=cmd_vel_nav"
2026-09-12T22:19:03Z,3,"compAB_r2_singleton",408516,"bt_navigator",6.4,77556,48529,"/opt/ros/jazzy/lib/nav2_bt_navigator/bt_navigator --ros-args --log-level info --ros-args -r __node:=bt_navigator -p use_sim_time:=False --params-file /tmp/launch_params_j9iinff9 -r /tf:=tf -r /tf_static:=tf_static"
2026-09-12T22:19:03Z,3,"compAB_r2_singleton",408517,"waypoint_follow",3.6,46684,19241,"/opt/ros/jazzy/lib/nav2_waypoint_follower/waypoint_follower --ros-args --log-level info --ros-args -r __node:=waypoint_follower -p use_sim_time:=False --params-file /tmp/launch_params_j9iinff9 -r /tf:=tf -r /tf_static:=tf_static"
2026-09-12T22:19:03Z,3,"compAB_r2_singleton",408518,"velocity_smooth",3.6,39572,16096,"/opt/ros/jazzy/lib/nav2_velocity_smoother/velocity_smoother --ros-args --log-level info --ros-args -r __node:=velocity_smoother -p use_sim_time:=False --params-file /tmp/launch_params_j9iinff9 -r /tf:=tf -r /tf_static:=tf_static -r cmd_vel:=cmd_vel_nav"
2026-09-12T22:19:03Z,3,"compAB_r2_singleton",408519,"collision_monit",4.2,51288,21389,"/opt/ros/jazzy/lib/nav2_collision_monitor/collision_monitor --ros-args --log-level info --ros-args -r __node:=collision_monitor -p use_sim_time:=False --params-file /tmp/launch_params_j9iinff9 -r /tf:=tf -r /tf_static:=tf_static"
2026-09-12T22:19:03Z,3,"compAB_r2_singleton",408521,"lifecycle_manag",9.2,46720,20762,"/opt/ros/jazzy/lib/nav2_lifecycle_manager/lifecycle_manager --ros-args --log-level info --ros-args -r __node:=lifecycle_manager_navigation -p use_sim_time:=False --params-file /tmp/launch_params_gv1a6bko --params-file /tmp/launch_params_6bl7znxa"
2026-09-12T22:19:03Z,3,"compAB_r2_singleton",408773,"bash",0.0,2376,558,"bash /cbab5/work/scripts/run_nav2_composition_ab.sh --label compAB_r2 --duration 120"
2026-09-12T22:19:03Z,3,"compAB_r2_singleton",408774,"python3",11.2,85384,54193,"python3 /cbab5/work/scripts/nav_goal_sender.py --x 4.0 --y 4.0 --yaw 0.0 --repeat 0 --pause 1"
2026-09-12T22:19:03Z,3,"compAB_r2_singleton",408900,"bash",1.2,4476,1011,"bash /oomwoo/contributions/compute-benchmark/xbattlax/scripts/measure_ros_processes.sh --pattern python3|ros2|nav2|component_container|nav_goal_sender|amcl|map_server|planner|controller|behavior|bt_nav|smoother|waypoint --duration 110 --interval 2 --label compAB_r2_singleton --output /cbab5/work/scripts/../results/composition_ab/compAB_r2_singleton_20260912T221503Z.csv"
2026-09-12T22:19:06Z,4,"compAB_r2_singleton",340884,"python3",0.2,79916,50965,"/usr/bin/python3 -c from ros2cli.daemon.daemonize import main; main() --name ros2-daemon --ros-domain-id 0 --rmw-implementation rmw_fastrtps_cpp"
2026-09-12T22:19:06Z,4,"compAB_r2_singleton",386842,"bash",0.0,4004,951,"bash -c source /opt/ros/jazzy/setup.bash && bash /cbab5/work/scripts/run_nav2_composition_ab.sh --label compAB_r2 --duration 120 >/dev/null 2>&1; ls /cbab5/work/results/composition_ab/ | grep r2"
2026-09-12T22:19:06Z,4,"compAB_r2_singleton",386855,"bash",0.0,4252,1254,"bash /cbab5/work/scripts/run_nav2_composition_ab.sh --label compAB_r2 --duration 120"
2026-09-12T22:19:06Z,4,"compAB_r2_singleton",408488,"python3",5.9,78720,48652,"python3 /cbab5/work/scripts/synthetic_scan_publisher.py --duration 220 --loop-s 40 --hz 5.0"
2026-09-12T22:19:06Z,4,"compAB_r2_singleton",408504,"ros2",0.9,43900,30628,"/usr/bin/python3 /opt/ros/jazzy/bin/ros2 launch nav2_bringup bringup_launch.py map:=/cbab5/work/scripts/../results/composition_ab/compAB_nav2_map.yaml params_file:=/cbab5/work/scripts/nav2_params_bench.yaml use_sim_time:=False autostart:=True slam:=False use_composition:=False"
2026-09-12T22:19:06Z,4,"compAB_r2_singleton",408508,"map_server",3.7,49428,23101,"/opt/ros/jazzy/lib/nav2_map_server/map_server --ros-args --log-level info --ros-args -r __node:=map_server -p use_sim_time:=False --params-file /tmp/launch_params_amag_3a0 --params-file /tmp/launch_params_8jw_ii1a -r /tf:=tf -r /tf_static:=tf_static"
2026-09-12T22:19:06Z,4,"compAB_r2_singleton",408509,"amcl",6.6,51128,22338,"/opt/ros/jazzy/lib/nav2_amcl/amcl --ros-args --log-level info --ros-args -r __node:=amcl -p use_sim_time:=False --params-file /tmp/launch_params_amag_3a0 -r /tf:=tf -r /tf_static:=tf_static"
2026-09-12T22:19:06Z,4,"compAB_r2_singleton",408510,"lifecycle_manag",4.2,42360,16604,"/opt/ros/jazzy/lib/nav2_lifecycle_manager/lifecycle_manager --ros-args --log-level info --ros-args -r __node:=lifecycle_manager_localization -p use_sim_time:=False --params-file /tmp/launch_params_1xbcgfz6 --params-file /tmp/launch_params_fmevwfj1"
2026-09-12T22:19:06Z,4,"compAB_r2_singleton",408511,"controller_serv",9.1,71296,40185,"/opt/ros/jazzy/lib/nav2_controller/controller_server --ros-args --log-level info --ros-args -p use_sim_time:=False --params-file /tmp/launch_params_j9iinff9 -r /tf:=tf -r /tf_static:=tf_static -r cmd_vel:=cmd_vel_nav"
2026-09-12T22:19:06Z,4,"compAB_r2_singleton",408512,"smoother_server",4.2,49252,19733,"/opt/ros/jazzy/lib/nav2_smoother/smoother_server --ros-args --log-level info --ros-args -r __node:=smoother_server -p use_sim_time:=False --params-file /tmp/launch_params_j9iinff9 -r /tf:=tf -r /tf_static:=tf_static"
2026-09-12T22:19:06Z,4,"compAB_r2_singleton",408513,"planner_server",4.7,58204,27423,"/opt/ros/jazzy/lib/nav2_planner/planner_server --ros-args --log-level info --ros-args -r __node:=planner_server -p use_sim_time:=False --params-file /tmp/launch_params_j9iinff9 -r /tf:=tf -r /tf_static:=tf_static"
2026-09-12T22:19:06Z,4,"compAB_r2_singleton",408514,"route_server",4.2,52916,22742,"/opt/ros/jazzy/lib/nav2_route/route_server --ros-args --log-level info --ros-args -r __node:=route_server -p use_sim_time:=False --params-file /tmp/launch_params_j9iinff9 -r /tf:=tf -r /tf_static:=tf_static"
2026-09-12T22:19:06Z,4,"compAB_r2_singleton",408515,"behavior_server",4.8,53864,23821,"/opt/ros/jazzy/lib/nav2_behaviors/behavior_server --ros-args --log-level info --ros-args -r __node:=behavior_server -p use_sim_time:=False --params-file /tmp/launch_params_j9iinff9 -r /tf:=tf -r /tf_static:=tf_static -r cmd_vel:=cmd_vel_nav"
2026-09-12T22:19:06Z,4,"compAB_r2_singleton",408516,"bt_navigator",6.5,77520,48493,"/opt/ros/jazzy/lib/nav2_bt_navigator/bt_navigator --ros-args --log-level info --ros-args -r __node:=bt_navigator -p use_sim_time:=False --params-file /tmp/launch_params_j9iinff9 -r /tf:=tf -r /tf_static:=tf_static"
2026-09-12T22:19:06Z,4,"compAB_r2_singleton",408517,"waypoint_follow",3.6,46684,19241,"/opt/ros/jazzy/lib/nav2_waypoint_follower/waypoint_follower --ros-args --log-level info --ros-args -r __node:=waypoint_follower -p use_sim_time:=False --params-file /tmp/launch_params_j9iinff9 -r /tf:=tf -r /tf_static:=tf_static"
2026-09-12T22:19:06Z,4,"compAB_r2_singleton",408518,"velocity_smooth",3.6,39572,16095,"/opt/ros/jazzy/lib/nav2_velocity_smoother/velocity_smoother --ros-args --log-level info --ros-args -r __node:=velocity_smoother -p use_sim_time:=False --params-file /tmp/launch_params_j9iinff9 -r /tf:=tf -r /tf_static:=tf_static -r cmd_vel:=cmd_vel_nav"
2026-09-12T22:19:06Z,4,"compAB_r2_singleton",408519,"collision_monit",4.2,51288,21389,"/opt/ros/jazzy/lib/nav2_collision_monitor/collision_monitor --ros-args --log-level info --ros-args -r __node:=collision_monitor -p use_sim_time:=False --params-file /tmp/launch_params_j9iinff9 -r /tf:=tf -r /tf_static:=tf_static"
2026-09-12T22:19:06Z,4,"compAB_r2_singleton",408521,"lifecycle_manag",9.2,46720,20762,"/opt/ros/jazzy/lib/nav2_lifecycle_manager/lifecycle_manager --ros-args --log-level info --ros-args -r __node:=lifecycle_manager_navigation -p use_sim_time:=False --params-file /tmp/launch_params_gv1a6bko --params-file /tmp/launch_params_6bl7znxa"
2026-09-12T22:19:06Z,4,"compAB_r2_singleton",408773,"bash",0.0,2376,558,"bash /cbab5/work/scripts/run_nav2_composition_ab.sh --label compAB_r2 --duration 120"
2026-09-12T22:19:06Z,4,"compAB_r2_singleton",408774,"python3",10.5,85388,54197,"python3 /cbab5/work/scripts/nav_goal_sender.py --x 4.0 --y 4.0 --yaw 0.0 --repeat 0 --pause 1"
2026-09-12T22:19:06Z,4,"compAB_r2_singleton",408900,"bash",1.1,4476,1007,"bash /oomwoo/contributions/compute-benchmark/xbattlax/scripts/measure_ros_processes.sh --pattern python3|ros2|nav2|component_container|nav_goal_sender|amcl|map_server|planner|controller|behavior|bt_nav|smoother|waypoint --duration 110 --interval 2 --label compAB_r2_singleton --output /cbab5/work/scripts/../results/composition_ab/compAB_r2_singleton_20260912T221503Z.csv"
2026-09-12T22:19:08Z,5,"compAB_r2_singleton",340884,"python3",0.2,79916,50965,"/usr/bin/python3 -c from ros2cli.daemon.daemonize import main; main() --name ros2-daemon --ros-domain-id 0 --rmw-implementation rmw_fastrtps_cpp"
2026-09-12T22:19:08Z,5,"compAB_r2_singleton",386842,"bash",0.0,4004,951,"bash -c source /opt/ros/jazzy/setup.bash && bash /cbab5/work/scripts/run_nav2_composition_ab.sh --label compAB_r2 --duration 120 >/dev/null 2>&1; ls /cbab5/work/results/composition_ab/ | grep r2"
2026-09-12T22:19:08Z,5,"compAB_r2_singleton",386855,"bash",0.0,4252,1256,"bash /cbab5/work/scripts/run_nav2_composition_ab.sh --label compAB_r2 --duration 120"
2026-09-12T22:19:08Z,5,"compAB_r2_singleton",408488,"python3",5.9,78720,48652,"python3 /cbab5/work/scripts/synthetic_scan_publisher.py --duration 220 --loop-s 40 --hz 5.0"
2026-09-12T22:19:08Z,5,"compAB_r2_singleton",408504,"ros2",0.9,43900,30627,"/usr/bin/python3 /opt/ros/jazzy/bin/ros2 launch nav2_bringup bringup_launch.py map:=/cbab5/work/scripts/../results/composition_ab/compAB_nav2_map.yaml params_file:=/cbab5/work/scripts/nav2_params_bench.yaml use_sim_time:=False autostart:=True slam:=False use_composition:=False"
2026-09-12T22:19:08Z,5,"compAB_r2_singleton",408508,"map_server",3.7,49428,23102,"/opt/ros/jazzy/lib/nav2_map_server/map_server --ros-args --log-level info --ros-args -r __node:=map_server -p use_sim_time:=False --params-file /tmp/launch_params_amag_3a0 --params-file /tmp/launch_params_8jw_ii1a -r /tf:=tf -r /tf_static:=tf_static"
2026-09-12T22:19:08Z,5,"compAB_r2_singleton",408509,"amcl",6.6,51128,22338,"/opt/ros/jazzy/lib/nav2_amcl/amcl --ros-args --log-level info --ros-args -r __node:=amcl -p use_sim_time:=False --params-file /tmp/launch_params_amag_3a0 -r /tf:=tf -r /tf_static:=tf_static"
2026-09-12T22:19:08Z,5,"compAB_r2_singleton",408510,"lifecycle_manag",4.2,42360,16604,"/opt/ros/jazzy/lib/nav2_lifecycle_manager/lifecycle_manager --ros-args --log-level info --ros-args -r __node:=lifecycle_manager_localization -p use_sim_time:=False --params-file /tmp/launch_params_1xbcgfz6 --params-file /tmp/launch_params_fmevwfj1"
2026-09-12T22:19:08Z,5,"compAB_r2_singleton",408511,"controller_serv",8.9,71296,40184,"/opt/ros/jazzy/lib/nav2_controller/controller_server --ros-args --log-level info --ros-args -p use_sim_time:=False --params-file /tmp/launch_params_j9iinff9 -r /tf:=tf -r /tf_static:=tf_static -r cmd_vel:=cmd_vel_nav"
2026-09-12T22:19:08Z,5,"compAB_r2_singleton",408512,"smoother_server",4.2,49252,19733,"/opt/ros/jazzy/lib/nav2_smoother/smoother_server --ros-args --log-level info --ros-args -r __node:=smoother_server -p use_sim_time:=False --params-file /tmp/launch_params_j9iinff9 -r /tf:=tf -r /tf_static:=tf_static"
2026-09-12T22:19:08Z,5,"compAB_r2_singleton",408513,"planner_server",4.7,58204,27423,"/opt/ros/jazzy/lib/nav2_planner/planner_server --ros-args --log-level info --ros-args -r __node:=planner_server -p use_sim_time:=False --params-file /tmp/launch_params_j9iinff9 -r /tf:=tf -r /tf_static:=tf_static"
2026-09-12T22:19:08Z,5,"compAB_r2_singleton",408514,"route_server",4.2,52916,22742,"/opt/ros/jazzy/lib/nav2_route/route_server --ros-args --log-level info --ros-args -r __node:=route_server -p use_sim_time:=False --params-file /tmp/launch_params_j9iinff9 -r /tf:=tf -r /tf_static:=tf_static"
2026-09-12T22:19:08Z,5,"compAB_r2_singleton",408515,"behavior_server",4.8,53864,23821,"/opt/ros/jazzy/lib/nav2_behaviors/behavior_server --ros-args --log-level info --ros-args -r __node:=behavior_server -p use_sim_time:=False --params-file /tmp/launch_params_j9iinff9 -r /tf:=tf -r /tf_static:=tf_static -r cmd_vel:=cmd_vel_nav"
2026-09-12T22:19:08Z,5,"compAB_r2_singleton",408516,"bt_navigator",6.5,77536,48509,"/opt/ros/jazzy/lib/nav2_bt_navigator/bt_navigator --ros-args --log-level info --ros-args -r __node:=bt_navigator -p use_sim_time:=False --params-file /tmp/launch_params_j9iinff9 -r /tf:=tf -r /tf_static:=tf_static"
2026-09-12T22:19:08Z,5,"compAB_r2_singleton",408517,"waypoint_follow",3.6,46684,19241,"/opt/ros/jazzy/lib/nav2_waypoint_follower/waypoint_follower --ros-args --log-level info --ros-args -r __node:=waypoint_follower -p use_sim_time:=False --params-file /tmp/launch_params_j9iinff9 -r /tf:=tf -r /tf_static:=tf_static"
2026-09-12T22:19:08Z,5,"compAB_r2_singleton",408518,"velocity_smooth",3.6,39572,16095,"/opt/ros/jazzy/lib/nav2_velocity_smoother/velocity_smoother --ros-args --log-level info --ros-args -r __node:=velocity_smoother -p use_sim_time:=False --params-file /tmp/launch_params_j9iinff9 -r /tf:=tf -r /tf_static:=tf_static -r cmd_vel:=cmd_vel_nav"
2026-09-12T22:19:08Z,5,"compAB_r2_singleton",408519,"collision_monit",4.2,51288,21388,"/opt/ros/jazzy/lib/nav2_collision_monitor/collision_monitor --ros-args --log-level info --ros-args -r __node:=collision_monitor -p use_sim_time:=False --params-file /tmp/launch_params_j9iinff9 -r /tf:=tf -r /tf_static:=tf_static"
2026-09-12T22:19:08Z,5,"compAB_r2_singleton",408521,"lifecycle_manag",9.2,46720,20762,"/opt/ros/jazzy/lib/nav2_lifecycle_manager/lifecycle_manager --ros-args --log-level info --ros-args -r __node:=lifecycle_manager_navigation -p use_sim_time:=False --params-file /tmp/launch_params_gv1a6bko --params-file /tmp/launch_params_6bl7znxa"
2026-09-12T22:19:08Z,5,"compAB_r2_singleton",408773,"bash",0.0,2376,558,"bash /cbab5/work/scripts/run_nav2_composition_ab.sh --label compAB_r2 --duration 120"
2026-09-12T22:19:08Z,5,"compAB_r2_singleton",408774,"python3",10.2,85388,54197,"python3 /cbab5/work/scripts/nav_goal_sender.py --x 4.0 --y 4.0 --yaw 0.0 --repeat 0 --pause 1"
2026-09-12T22:19:08Z,5,"compAB_r2_singleton",408900,"bash",1.1,4480,1008,"bash /oomwoo/contributions/compute-benchmark/xbattlax/scripts/measure_ros_processes.sh --pattern python3|ros2|nav2|component_container|nav_goal_sender|amcl|map_server|planner|controller|behavior|bt_nav|smoother|waypoint --duration 110 --interval 2 --label compAB_r2_singleton --output /cbab5/work/scripts/../results/composition_ab/compAB_r2_singleton_20260912T221503Z.csv"
2026-09-12T22:19:11Z,6,"compAB_r2_singleton",340884,"python3",0.2,79916,50966,"/usr/bin/python3 -c from ros2cli.daemon.daemonize import main; main() --name ros2-daemon --ros-domain-id 0 --rmw-implementation rmw_fastrtps_cpp"
2026-09-12T22:19:11Z,6,"compAB_r2_singleton",386842,"bash",0.0,4004,951,"bash -c source /opt/ros/jazzy/setup.bash && bash /cbab5/work/scripts/run_nav2_composition_ab.sh --label compAB_r2 --duration 120 >/dev/null 2>&1; ls /cbab5/work/results/composition_ab/ | grep r2"
2026-09-12T22:19:11Z,6,"compAB_r2_singleton",386855,"bash",0.0,4252,1244,"bash /cbab5/work/scripts/run_nav2_composition_ab.sh --label compAB_r2 --duration 120"
2026-09-12T22:19:11Z,6,"compAB_r2_singleton",408488,"python3",5.8,78720,48653,"python3 /cbab5/work/scripts/synthetic_scan_publisher.py --duration 220 --loop-s 40 --hz 5.0"
2026-09-12T22:19:11Z,6,"compAB_r2_singleton",408504,"ros2",0.8,43900,30629,"/usr/bin/python3 /opt/ros/jazzy/bin/ros2 launch nav2_bringup bringup_launch.py map:=/cbab5/work/scripts/../results/composition_ab/compAB_nav2_map.yaml params_file:=/cbab5/work/scripts/nav2_params_bench.yaml use_sim_time:=False autostart:=True slam:=False use_composition:=False"
2026-09-12T22:19:11Z,6,"compAB_r2_singleton",408508,"map_server",3.7,49428,23102,"/opt/ros/jazzy/lib/nav2_map_server/map_server --ros-args --log-level info --ros-args -r __node:=map_server -p use_sim_time:=False --params-file /tmp/launch_params_amag_3a0 --params-file /tmp/launch_params_8jw_ii1a -r /tf:=tf -r /tf_static:=tf_static"
2026-09-12T22:19:11Z,6,"compAB_r2_singleton",408509,"amcl",6.5,51128,22339,"/opt/ros/jazzy/lib/nav2_amcl/amcl --ros-args --log-level info --ros-args -r __node:=amcl -p use_sim_time:=False --params-file /tmp/launch_params_amag_3a0 -r /tf:=tf -r /tf_static:=tf_static"
2026-09-12T22:19:11Z,6,"compAB_r2_singleton",408510,"lifecycle_manag",4.1,42360,16604,"/opt/ros/jazzy/lib/nav2_lifecycle_manager/lifecycle_manager --ros-args --log-level info --ros-args -r __node:=lifecycle_manager_localization -p use_sim_time:=False --params-file /tmp/launch_params_1xbcgfz6 --params-file /tmp/launch_params_fmevwfj1"
2026-09-12T22:19:11Z,6,"compAB_r2_singleton",408511,"controller_serv",8.7,71296,40186,"/opt/ros/jazzy/lib/nav2_controller/controller_server --ros-args --log-level info --ros-args -p use_sim_time:=False --params-file /tmp/launch_params_j9iinff9 -r /tf:=tf -r /tf_static:=tf_static -r cmd_vel:=cmd_vel_nav"
2026-09-12T22:19:11Z,6,"compAB_r2_singleton",408512,"smoother_server",4.1,49252,19734,"/opt/ros/jazzy/lib/nav2_smoother/smoother_server --ros-args --log-level info --ros-args -r __node:=smoother_server -p use_sim_time:=False --params-file /tmp/launch_params_j9iinff9 -r /tf:=tf -r /tf_static:=tf_static"
2026-09-12T22:19:11Z,6,"compAB_r2_singleton",408513,"planner_server",4.6,58204,27423,"/opt/ros/jazzy/lib/nav2_planner/planner_server --ros-args --log-level info --ros-args -r __node:=planner_server -p use_sim_time:=False --params-file /tmp/launch_params_j9iinff9 -r /tf:=tf -r /tf_static:=tf_static"
2026-09-12T22:19:11Z,6,"compAB_r2_singleton",408514,"route_server",4.2,52916,22742,"/opt/ros/jazzy/lib/nav2_route/route_server --ros-args --log-level info --ros-args -r __node:=route_server -p use_sim_time:=False --params-file /tmp/launch_params_j9iinff9 -r /tf:=tf -r /tf_static:=tf_static"
2026-09-12T22:19:11Z,6,"compAB_r2_singleton",408515,"behavior_server",4.8,53900,23857,"/opt/ros/jazzy/lib/nav2_behaviors/behavior_server --ros-args --log-level info --ros-args -r __node:=behavior_server -p use_sim_time:=False --params-file /tmp/launch_params_j9iinff9 -r /tf:=tf -r /tf_static:=tf_static -r cmd_vel:=cmd_vel_nav"
2026-09-12T22:19:11Z,6,"compAB_r2_singleton",408516,"bt_navigator",6.5,77536,48509,"/opt/ros/jazzy/lib/nav2_bt_navigator/bt_navigator --ros-args --log-level info --ros-args -r __node:=bt_navigator -p use_sim_time:=False --params-file /tmp/launch_params_j9iinff9 -r /tf:=tf -r /tf_static:=tf_static"
2026-09-12T22:19:11Z,6,"compAB_r2_singleton",408517,"waypoint_follow",3.6,46684,19241,"/opt/ros/jazzy/lib/nav2_waypoint_follower/waypoint_follower --ros-args --log-level info --ros-args -r __node:=waypoint_follower -p use_sim_time:=False --params-file /tmp/launch_params_j9iinff9 -r /tf:=tf -r /tf_static:=tf_static"
2026-09-12T22:19:11Z,6,"compAB_r2_singleton",408518,"velocity_smooth",3.6,39572,16096,"/opt/ros/jazzy/lib/nav2_velocity_smoother/velocity_smoother --ros-args --log-level info --ros-args -r __node:=velocity_smoother -p use_sim_time:=False --params-file /tmp/launch_params_j9iinff9 -r /tf:=tf -r /tf_static:=tf_static -r cmd_vel:=cmd_vel_nav"
2026-09-12T22:19:11Z,6,"compAB_r2_singleton",408519,"collision_monit",4.1,51288,21388,"/opt/ros/jazzy/lib/nav2_collision_monitor/collision_monitor --ros-args --log-level info --ros-args -r __node:=collision_monitor -p use_sim_time:=False --params-file /tmp/launch_params_j9iinff9 -r /tf:=tf -r /tf_static:=tf_static"
2026-09-12T22:19:11Z,6,"compAB_r2_singleton",408521,"lifecycle_manag",9.1,46720,20762,"/opt/ros/jazzy/lib/nav2_lifecycle_manager/lifecycle_manager --ros-args --log-level info --ros-args -r __node:=lifecycle_manager_navigation -p use_sim_time:=False --params-file /tmp/launch_params_gv1a6bko --params-file /tmp/launch_params_6bl7znxa"
2026-09-12T22:19:11Z,6,"compAB_r2_singleton",408773,"bash",0.0,2376,558,"bash /cbab5/work/scripts/run_nav2_composition_ab.sh --label compAB_r2 --duration 120"
2026-09-12T22:19:11Z,6,"compAB_r2_singleton",408774,"python3",10.2,85392,54202,"python3 /cbab5/work/scripts/nav_goal_sender.py --x 4.0 --y 4.0 --yaw 0.0 --repeat 0 --pause 1"
2026-09-12T22:19:11Z,6,"compAB_r2_singleton",408900,"bash",1.1,4480,1017,"bash /oomwoo/contributions/compute-benchmark/xbattlax/scripts/measure_ros_processes.sh --pattern python3|ros2|nav2|component_container|nav_goal_sender|amcl|map_server|planner|controller|behavior|bt_nav|smoother|waypoint --duration 110 --interval 2 --label compAB_r2_singleton --output /cbab5/work/scripts/../results/composition_ab/compAB_r2_singleton_20260912T221503Z.csv"
2026-09-12T22:19:14Z,7,"compAB_r2_singleton",340884,"python3",0.2,79916,50956,"/usr/bin/python3 -c from ros2cli.daemon.daemonize import main; main() --name ros2-daemon --ros-domain-id 0 --rmw-implementation rmw_fastrtps_cpp"
2026-09-12T22:19:14Z,7,"compAB_r2_singleton",386842,"bash",0.0,4004,951,"bash -c source /opt/ros/jazzy/setup.bash && bash /cbab5/work/scripts/run_nav2_composition_ab.sh --label compAB_r2 --duration 120 >/dev/null 2>&1; ls /cbab5/work/results/composition_ab/ | grep r2"
2026-09-12T22:19:14Z,7,"compAB_r2_singleton",386855,"bash",0.0,4252,1242,"bash /cbab5/work/scripts/run_nav2_composition_ab.sh --label compAB_r2 --duration 120"
2026-09-12T22:19:14Z,7,"compAB_r2_singleton",408488,"python3",5.8,78720,48653,"python3 /cbab5/work/scripts/synthetic_scan_publisher.py --duration 220 --loop-s 40 --hz 5.0"
2026-09-12T22:19:14Z,7,"compAB_r2_singleton",408504,"ros2",0.8,43900,30629,"/usr/bin/python3 /opt/ros/jazzy/bin/ros2 launch nav2_bringup bringup_launch.py map:=/cbab5/work/scripts/../results/composition_ab/compAB_nav2_map.yaml params_file:=/cbab5/work/scripts/nav2_params_bench.yaml use_sim_time:=False autostart:=True slam:=False use_composition:=False"
2026-09-12T22:19:14Z,7,"compAB_r2_singleton",408508,"map_server",3.6,49428,23102,"/opt/ros/jazzy/lib/nav2_map_server/map_server --ros-args --log-level info --ros-args -r __node:=map_server -p use_sim_time:=False --params-file /tmp/launch_params_amag_3a0 --params-file /tmp/launch_params_8jw_ii1a -r /tf:=tf -r /tf_static:=tf_static"
2026-09-12T22:19:14Z,7,"compAB_r2_singleton",408509,"amcl",6.5,51128,22339,"/opt/ros/jazzy/lib/nav2_amcl/amcl --ros-args --log-level info --ros-args -r __node:=amcl -p use_sim_time:=False --params-file /tmp/launch_params_amag_3a0 -r /tf:=tf -r /tf_static:=tf_static"
2026-09-12T22:19:14Z,7,"compAB_r2_singleton",408510,"lifecycle_manag",4.1,42360,16604,"/opt/ros/jazzy/lib/nav2_lifecycle_manager/lifecycle_manager --ros-args --log-level info --ros-args -r __node:=lifecycle_manager_localization -p use_sim_time:=False --params-file /tmp/launch_params_1xbcgfz6 --params-file /tmp/launch_params_fmevwfj1"
2026-09-12T22:19:14Z,7,"compAB_r2_singleton",408511,"controller_serv",8.6,71296,40185,"/opt/ros/jazzy/lib/nav2_controller/controller_server --ros-args --log-level info --ros-args -p use_sim_time:=False --params-file /tmp/launch_params_j9iinff9 -r /tf:=tf -r /tf_static:=tf_static -r cmd_vel:=cmd_vel_nav"
2026-09-12T22:19:14Z,7,"compAB_r2_singleton",408512,"smoother_server",4.1,49252,19734,"/opt/ros/jazzy/lib/nav2_smoother/smoother_server --ros-args --log-level info --ros-args -r __node:=smoother_server -p use_sim_time:=False --params-file /tmp/launch_params_j9iinff9 -r /tf:=tf -r /tf_static:=tf_static"
2026-09-12T22:19:14Z,7,"compAB_r2_singleton",408513,"planner_server",4.6,58208,27427,"/opt/ros/jazzy/lib/nav2_planner/planner_server --ros-args --log-level info --ros-args -r __node:=planner_server -p use_sim_time:=False --params-file /tmp/launch_params_j9iinff9 -r /tf:=tf -r /tf_static:=tf_static"
2026-09-12T22:19:14Z,7,"compAB_r2_singleton",408514,"route_server",4.1,52916,22742,"/opt/ros/jazzy/lib/nav2_route/route_server --ros-args --log-level info --ros-args -r __node:=route_server -p use_sim_time:=False --params-file /tmp/launch_params_j9iinff9 -r /tf:=tf -r /tf_static:=tf_static"
2026-09-12T22:19:14Z,7,"compAB_r2_singleton",408515,"behavior_server",4.8,53896,23853,"/opt/ros/jazzy/lib/nav2_behaviors/behavior_server --ros-args --log-level info --ros-args -r __node:=behavior_server -p use_sim_time:=False --params-file /tmp/launch_params_j9iinff9 -r /tf:=tf -r /tf_static:=tf_static -r cmd_vel:=cmd_vel_nav"
2026-09-12T22:19:14Z,7,"compAB_r2_singleton",408516,"bt_navigator",6.6,77536,48508,"/opt/ros/jazzy/lib/nav2_bt_navigator/bt_navigator --ros-args --log-level info --ros-args -r __node:=bt_navigator -p use_sim_time:=False --params-file /tmp/launch_params_j9iinff9 -r /tf:=tf -r /tf_static:=tf_static"
2026-09-12T22:19:14Z,7,"compAB_r2_singleton",408517,"waypoint_follow",3.6,46684,19241,"/opt/ros/jazzy/lib/nav2_waypoint_follower/waypoint_follower --ros-args --log-level info --ros-args -r __node:=waypoint_follower -p use_sim_time:=False --params-file /tmp/launch_params_j9iinff9 -r /tf:=tf -r /tf_static:=tf_static"
2026-09-12T22:19:14Z,7,"compAB_r2_singleton",408518,"velocity_smooth",3.6,39572,16095,"/opt/ros/jazzy/lib/nav2_velocity_smoother/velocity_smoother --ros-args --log-level info --ros-args -r __node:=velocity_smoother -p use_sim_time:=False --params-file /tmp/launch_params_j9iinff9 -r /tf:=tf -r /tf_static:=tf_static -r cmd_vel:=cmd_vel_nav"
2026-09-12T22:19:14Z,7,"compAB_r2_singleton",408519,"collision_monit",4.1,51288,21388,"/opt/ros/jazzy/lib/nav2_collision_monitor/collision_monitor --ros-args --log-level info --ros-args -r __node:=collision_monitor -p use_sim_time:=False --params-file /tmp/launch_params_j9iinff9 -r /tf:=tf -r /tf_static:=tf_static"
2026-09-12T22:19:14Z,7,"compAB_r2_singleton",408521,"lifecycle_manag",9.1,46720,20762,"/opt/ros/jazzy/lib/nav2_lifecycle_manager/lifecycle_manager --ros-args --log-level info --ros-args -r __node:=lifecycle_manager_navigation -p use_sim_time:=False --params-file /tmp/launch_params_gv1a6bko --params-file /tmp/launch_params_6bl7znxa"
2026-09-12T22:19:14Z,7,"compAB_r2_singleton",408773,"bash",0.0,2376,557,"bash /cbab5/work/scripts/run_nav2_composition_ab.sh --label compAB_r2 --duration 120"
2026-09-12T22:19:14Z,7,"compAB_r2_singleton",408774,"python3",10.1,85392,54201,"python3 /cbab5/work/scripts/nav_goal_sender.py --x 4.0 --y 4.0 --yaw 0.0 --repeat 0 --pause 1"
2026-09-12T22:19:14Z,7,"compAB_r2_singleton",408900,"bash",1.1,4480,1015,"bash /oomwoo/contributions/compute-benchmark/xbattlax/scripts/measure_ros_processes.sh --pattern python3|ros2|nav2|component_container|nav_goal_sender|amcl|map_server|planner|controller|behavior|bt_nav|smoother|waypoint --duration 110 --interval 2 --label compAB_r2_singleton --output /cbab5/work/scripts/../results/composition_ab/compAB_r2_singleton_20260912T221503Z.csv"
2026-09-12T22:19:16Z,8,"compAB_r2_singleton",340884,"python3",0.2,79916,50966,"/usr/bin/python3 -c from ros2cli.daemon.daemonize import main; main() --name ros2-daemon --ros-domain-id 0 --rmw-implementation rmw_fastrtps_cpp"
2026-09-12T22:19:16Z,8,"compAB_r2_singleton",386842,"bash",0.0,4004,952,"bash -c source /opt/ros/jazzy/setup.bash && bash /cbab5/work/scripts/run_nav2_composition_ab.sh --label compAB_r2 --duration 120 >/dev/null 2>&1; ls /cbab5/work/results/composition_ab/ | grep r2"
2026-09-12T22:19:16Z,8,"compAB_r2_singleton",386855,"bash",0.0,4252,1244,"bash /cbab5/work/scripts/run_nav2_composition_ab.sh --label compAB_r2 --duration 120"
2026-09-12T22:19:16Z,8,"compAB_r2_singleton",408488,"python3",5.8,78720,48653,"python3 /cbab5/work/scripts/synthetic_scan_publisher.py --duration 220 --loop-s 40 --hz 5.0"
2026-09-12T22:19:16Z,8,"compAB_r2_singleton",408504,"ros2",0.8,43900,30629,"/usr/bin/python3 /opt/ros/jazzy/bin/ros2 launch nav2_bringup bringup_launch.py map:=/cbab5/work/scripts/../results/composition_ab/compAB_nav2_map.yaml params_file:=/cbab5/work/scripts/nav2_params_bench.yaml use_sim_time:=False autostart:=True slam:=False use_composition:=False"
2026-09-12T22:19:16Z,8,"compAB_r2_singleton",408508,"map_server",3.6,49428,23102,"/opt/ros/jazzy/lib/nav2_map_server/map_server --ros-args --log-level info --ros-args -r __node:=map_server -p use_sim_time:=False --params-file /tmp/launch_params_amag_3a0 --params-file /tmp/launch_params_8jw_ii1a -r /tf:=tf -r /tf_static:=tf_static"
2026-09-12T22:19:16Z,8,"compAB_r2_singleton",408509,"amcl",6.5,51128,22339,"/opt/ros/jazzy/lib/nav2_amcl/amcl --ros-args --log-level info --ros-args -r __node:=amcl -p use_sim_time:=False --params-file /tmp/launch_params_amag_3a0 -r /tf:=tf -r /tf_static:=tf_static"
2026-09-12T22:19:16Z,8,"compAB_r2_singleton",408510,"lifecycle_manag",4.1,42360,16604,"/opt/ros/jazzy/lib/nav2_lifecycle_manager/lifecycle_manager --ros-args --log-level info --ros-args -r __node:=lifecycle_manager_localization -p use_sim_time:=False --params-file /tmp/launch_params_1xbcgfz6 --params-file /tmp/launch_params_fmevwfj1"
2026-09-12T22:19:16Z,8,"compAB_r2_singleton",408511,"controller_serv",8.4,71296,40185,"/opt/ros/jazzy/lib/nav2_controller/controller_server --ros-args --log-level info --ros-args -p use_sim_time:=False --params-file /tmp/launch_params_j9iinff9 -r /tf:=tf -r /tf_static:=tf_static -r cmd_vel:=cmd_vel_nav"
2026-09-12T22:19:16Z,8,"compAB_r2_singleton",408512,"smoother_server",4.1,49252,19734,"/opt/ros/jazzy/lib/nav2_smoother/smoother_server --ros-args --log-level info --ros-args -r __node:=smoother_server -p use_sim_time:=False --params-file /tmp/launch_params_j9iinff9 -r /tf:=tf -r /tf_static:=tf_static"
2026-09-12T22:19:16Z,8,"compAB_r2_singleton",408513,"planner_server",4.6,58208,27427,"/opt/ros/jazzy/lib/nav2_planner/planner_server --ros-args --log-level info --ros-args -r __node:=planner_server -p use_sim_time:=False --params-file /tmp/launch_params_j9iinff9 -r /tf:=tf -r /tf_static:=tf_static"
2026-09-12T22:19:16Z,8,"compAB_r2_singleton",408514,"route_server",4.1,52916,22742,"/opt/ros/jazzy/lib/nav2_route/route_server --ros-args --log-level info --ros-args -r __node:=route_server -p use_sim_time:=False --params-file /tmp/launch_params_j9iinff9 -r /tf:=tf -r /tf_static:=tf_static"
2026-09-12T22:19:16Z,8,"compAB_r2_singleton",408515,"behavior_server",4.7,53896,23853,"/opt/ros/jazzy/lib/nav2_behaviors/behavior_server --ros-args --log-level info --ros-args -r __node:=behavior_server -p use_sim_time:=False --params-file /tmp/launch_params_j9iinff9 -r /tf:=tf -r /tf_static:=tf_static -r cmd_vel:=cmd_vel_nav"
2026-09-12T22:19:16Z,8,"compAB_r2_singleton",408516,"bt_navigator",6.6,77536,48509,"/opt/ros/jazzy/lib/nav2_bt_navigator/bt_navigator --ros-args --log-level info --ros-args -r __node:=bt_navigator -p use_sim_time:=False --params-file /tmp/launch_params_j9iinff9 -r /tf:=tf -r /tf_static:=tf_static"
2026-09-12T22:19:16Z,8,"compAB_r2_singleton",408517,"waypoint_follow",3.5,46684,19241,"/opt/ros/jazzy/lib/nav2_waypoint_follower/waypoint_follower --ros-args --log-level info --ros-args -r __node:=waypoint_follower -p use_sim_time:=False --params-file /tmp/launch_params_j9iinff9 -r /tf:=tf -r /tf_static:=tf_static"
2026-09-12T22:19:16Z,8,"compAB_r2_singleton",408518,"velocity_smooth",3.5,39572,16096,"/opt/ros/jazzy/lib/nav2_velocity_smoother/velocity_smoother --ros-args --log-level info --ros-args -r __node:=velocity_smoother -p use_sim_time:=False --params-file /tmp/launch_params_j9iinff9 -r /tf:=tf -r /tf_static:=tf_static -r cmd_vel:=cmd_vel_nav"
2026-09-12T22:19:16Z,8,"compAB_r2_singleton",408519,"collision_monit",4.1,51288,21389,"/opt/ros/jazzy/lib/nav2_collision_monitor/collision_monitor --ros-args --log-level info --ros-args -r __node:=collision_monitor -p use_sim_time:=False --params-file /tmp/launch_params_j9iinff9 -r /tf:=tf -r /tf_static:=tf_static"
2026-09-12T22:19:16Z,8,"compAB_r2_singleton",408521,"lifecycle_manag",9.1,46720,20764,"/opt/ros/jazzy/lib/nav2_lifecycle_manager/lifecycle_manager --ros-args --log-level info --ros-args -r __node:=lifecycle_manager_navigation -p use_sim_time:=False --params-file /tmp/launch_params_gv1a6bko --params-file /tmp/launch_params_6bl7znxa"
2026-09-12T22:19:16Z,8,"compAB_r2_singleton",408773,"bash",0.0,2376,557,"bash /cbab5/work/scripts/run_nav2_composition_ab.sh --label compAB_r2 --duration 120"
2026-09-12T22:19:16Z,8,"compAB_r2_singleton",408774,"python3",10.2,85392,54201,"python3 /cbab5/work/scripts/nav_goal_sender.py --x 4.0 --y 4.0 --yaw 0.0 --repeat 0 --pause 1"
2026-09-12T22:19:16Z,8,"compAB_r2_singleton",408900,"bash",1.1,4480,1011,"bash /oomwoo/contributions/compute-benchmark/xbattlax/scripts/measure_ros_processes.sh --pattern python3|ros2|nav2|component_container|nav_goal_sender|amcl|map_server|planner|controller|behavior|bt_nav|smoother|waypoint --duration 110 --interval 2 --label compAB_r2_singleton --output /cbab5/work/scripts/../results/composition_ab/compAB_r2_singleton_20260912T221503Z.csv"
2026-09-12T22:19:19Z,9,"compAB_r2_singleton",340884,"python3",0.2,79916,50956,"/usr/bin/python3 -c from ros2cli.daemon.daemonize import main; main() --name ros2-daemon --ros-domain-id 0 --rmw-implementation rmw_fastrtps_cpp"
2026-09-12T22:19:19Z,9,"compAB_r2_singleton",386842,"bash",0.0,4004,951,"bash -c source /opt/ros/jazzy/setup.bash && bash /cbab5/work/scripts/run_nav2_composition_ab.sh --label compAB_r2 --duration 120 >/dev/null 2>&1; ls /cbab5/work/results/composition_ab/ | grep r2"
2026-09-12T22:19:19Z,9,"compAB_r2_singleton",386855,"bash",0.0,4252,1248,"bash /cbab5/work/scripts/run_nav2_composition_ab.sh --label compAB_r2 --duration 120"
2026-09-12T22:19:19Z,9,"compAB_r2_singleton",408488,"python3",5.8,78720,48653,"python3 /cbab5/work/scripts/synthetic_scan_publisher.py --duration 220 --loop-s 40 --hz 5.0"
2026-09-12T22:19:19Z,9,"compAB_r2_singleton",408504,"ros2",0.8,43900,30629,"/usr/bin/python3 /opt/ros/jazzy/bin/ros2 launch nav2_bringup bringup_launch.py map:=/cbab5/work/scripts/../results/composition_ab/compAB_nav2_map.yaml params_file:=/cbab5/work/scripts/nav2_params_bench.yaml use_sim_time:=False autostart:=True slam:=False use_composition:=False"
2026-09-12T22:19:19Z,9,"compAB_r2_singleton",408508,"map_server",3.6,49428,23102,"/opt/ros/jazzy/lib/nav2_map_server/map_server --ros-args --log-level info --ros-args -r __node:=map_server -p use_sim_time:=False --params-file /tmp/launch_params_amag_3a0 --params-file /tmp/launch_params_8jw_ii1a -r /tf:=tf -r /tf_static:=tf_static"
2026-09-12T22:19:19Z,9,"compAB_r2_singleton",408509,"amcl",6.5,51132,22343,"/opt/ros/jazzy/lib/nav2_amcl/amcl --ros-args --log-level info --ros-args -r __node:=amcl -p use_sim_time:=False --params-file /tmp/launch_params_amag_3a0 -r /tf:=tf -r /tf_static:=tf_static"
2026-09-12T22:19:19Z,9,"compAB_r2_singleton",408510,"lifecycle_manag",4.1,42360,16604,"/opt/ros/jazzy/lib/nav2_lifecycle_manager/lifecycle_manager --ros-args --log-level info --ros-args -r __node:=lifecycle_manager_localization -p use_sim_time:=False --params-file /tmp/launch_params_1xbcgfz6 --params-file /tmp/launch_params_fmevwfj1"
2026-09-12T22:19:19Z,9,"compAB_r2_singleton",408511,"controller_serv",8.5,71300,40190,"/opt/ros/jazzy/lib/nav2_controller/controller_server --ros-args --log-level info --ros-args -p use_sim_time:=False --params-file /tmp/launch_params_j9iinff9 -r /tf:=tf -r /tf_static:=tf_static -r cmd_vel:=cmd_vel_nav"
2026-09-12T22:19:19Z,9,"compAB_r2_singleton",408512,"smoother_server",4.1,49252,19734,"/opt/ros/jazzy/lib/nav2_smoother/smoother_server --ros-args --log-level info --ros-args -r __node:=smoother_server -p use_sim_time:=False --params-file /tmp/launch_params_j9iinff9 -r /tf:=tf -r /tf_static:=tf_static"
2026-09-12T22:19:19Z,9,"compAB_r2_singleton",408513,"planner_server",4.6,58208,27427,"/opt/ros/jazzy/lib/nav2_planner/planner_server --ros-args --log-level info --ros-args -r __node:=planner_server -p use_sim_time:=False --params-file /tmp/launch_params_j9iinff9 -r /tf:=tf -r /tf_static:=tf_static"
2026-09-12T22:19:19Z,9,"compAB_r2_singleton",408514,"route_server",4.1,52916,22742,"/opt/ros/jazzy/lib/nav2_route/route_server --ros-args --log-level info --ros-args -r __node:=route_server -p use_sim_time:=False --params-file /tmp/launch_params_j9iinff9 -r /tf:=tf -r /tf_static:=tf_static"
2026-09-12T22:19:19Z,9,"compAB_r2_singleton",408515,"behavior_server",4.7,53892,23849,"/opt/ros/jazzy/lib/nav2_behaviors/behavior_server --ros-args --log-level info --ros-args -r __node:=behavior_server -p use_sim_time:=False --params-file /tmp/launch_params_j9iinff9 -r /tf:=tf -r /tf_static:=tf_static -r cmd_vel:=cmd_vel_nav"
2026-09-12T22:19:19Z,9,"compAB_r2_singleton",408516,"bt_navigator",6.7,77536,48509,"/opt/ros/jazzy/lib/nav2_bt_navigator/bt_navigator --ros-args --log-level info --ros-args -r __node:=bt_navigator -p use_sim_time:=False --params-file /tmp/launch_params_j9iinff9 -r /tf:=tf -r /tf_static:=tf_static"
2026-09-12T22:19:19Z,9,"compAB_r2_singleton",408517,"waypoint_follow",3.6,46684,19241,"/opt/ros/jazzy/lib/nav2_waypoint_follower/waypoint_follower --ros-args --log-level info --ros-args -r __node:=waypoint_follower -p use_sim_time:=False --params-file /tmp/launch_params_j9iinff9 -r /tf:=tf -r /tf_static:=tf_static"
2026-09-12T22:19:19Z,9,"compAB_r2_singleton",408518,"velocity_smooth",3.5,39572,16095,"/opt/ros/jazzy/lib/nav2_velocity_smoother/velocity_smoother --ros-args --log-level info --ros-args -r __node:=velocity_smoother -p use_sim_time:=False --params-file /tmp/launch_params_j9iinff9 -r /tf:=tf -r /tf_static:=tf_static -r cmd_vel:=cmd_vel_nav"
2026-09-12T22:19:19Z,9,"compAB_r2_singleton",408519,"collision_monit",4.1,51288,21388,"/opt/ros/jazzy/lib/nav2_collision_monitor/collision_monitor --ros-args --log-level info --ros-args -r __node:=collision_monitor -p use_sim_time:=False --params-file /tmp/launch_params_j9iinff9 -r /tf:=tf -r /tf_static:=tf_static"
2026-09-12T22:19:19Z,9,"compAB_r2_singleton",408521,"lifecycle_manag",9.1,46720,20762,"/opt/ros/jazzy/lib/nav2_lifecycle_manager/lifecycle_manager --ros-args --log-level info --ros-args -r __node:=lifecycle_manager_navigation -p use_sim_time:=False --params-file /tmp/launch_params_gv1a6bko --params-file /tmp/launch_params_6bl7znxa"
2026-09-12T22:19:19Z,9,"compAB_r2_singleton",408773,"bash",0.0,2376,558,"bash /cbab5/work/scripts/run_nav2_composition_ab.sh --label compAB_r2 --duration 120"
2026-09-12T22:19:19Z,9,"compAB_r2_singleton",408774,"python3",10.2,85392,54201,"python3 /cbab5/work/scripts/nav_goal_sender.py --x 4.0 --y 4.0 --yaw 0.0 --repeat 0 --pause 1"
2026-09-12T22:19:19Z,9,"compAB_r2_singleton",408900,"bash",1.1,4480,1013,"bash /oomwoo/contributions/compute-benchmark/xbattlax/scripts/measure_ros_processes.sh --pattern python3|ros2|nav2|component_container|nav_goal_sender|amcl|map_server|planner|controller|behavior|bt_nav|smoother|waypoint --duration 110 --interval 2 --label compAB_r2_singleton --output /cbab5/work/scripts/../results/composition_ab/compAB_r2_singleton_20260912T221503Z.csv"
2026-09-12T22:19:22Z,10,"compAB_r2_singleton",340884,"python3",0.2,79916,50960,"/usr/bin/python3 -c from ros2cli.daemon.daemonize import main; main() --name ros2-daemon --ros-domain-id 0 --rmw-implementation rmw_fastrtps_cpp"
2026-09-12T22:19:22Z,10,"compAB_r2_singleton",386842,"bash",0.0,4004,951,"bash -c source /opt/ros/jazzy/setup.bash && bash /cbab5/work/scripts/run_nav2_composition_ab.sh --label compAB_r2 --duration 120 >/dev/null 2>&1; ls /cbab5/work/results/composition_ab/ | grep r2"
2026-09-12T22:19:22Z,10,"compAB_r2_singleton",386855,"bash",0.0,4252,1254,"bash /cbab5/work/scripts/run_nav2_composition_ab.sh --label compAB_r2 --duration 120"
2026-09-12T22:19:22Z,10,"compAB_r2_singleton",408488,"python3",5.8,78720,48653,"python3 /cbab5/work/scripts/synthetic_scan_publisher.py --duration 220 --loop-s 40 --hz 5.0"
2026-09-12T22:19:22Z,10,"compAB_r2_singleton",408504,"ros2",0.7,43900,30629,"/usr/bin/python3 /opt/ros/jazzy/bin/ros2 launch nav2_bringup bringup_launch.py map:=/cbab5/work/scripts/../results/composition_ab/compAB_nav2_map.yaml params_file:=/cbab5/work/scripts/nav2_params_bench.yaml use_sim_time:=False autostart:=True slam:=False use_composition:=False"
2026-09-12T22:19:22Z,10,"compAB_r2_singleton",408508,"map_server",3.6,49428,23102,"/opt/ros/jazzy/lib/nav2_map_server/map_server --ros-args --log-level info --ros-args -r __node:=map_server -p use_sim_time:=False --params-file /tmp/launch_params_amag_3a0 --params-file /tmp/launch_params_8jw_ii1a -r /tf:=tf -r /tf_static:=tf_static"
2026-09-12T22:19:22Z,10,"compAB_r2_singleton",408509,"amcl",6.5,51132,22342,"/opt/ros/jazzy/lib/nav2_amcl/amcl --ros-args --log-level info --ros-args -r __node:=amcl -p use_sim_time:=False --params-file /tmp/launch_params_amag_3a0 -r /tf:=tf -r /tf_static:=tf_static"
2026-09-12T22:19:22Z,10,"compAB_r2_singleton",408510,"lifecycle_manag",4.1,42360,16604,"/opt/ros/jazzy/lib/nav2_lifecycle_manager/lifecycle_manager --ros-args --log-level info --ros-args -r __node:=lifecycle_manager_localization -p use_sim_time:=False --params-file /tmp/launch_params_1xbcgfz6 --params-file /tmp/launch_params_fmevwfj1"
2026-09-12T22:19:22Z,10,"compAB_r2_singleton",408511,"controller_serv",8.8,71296,40185,"/opt/ros/jazzy/lib/nav2_controller/controller_server --ros-args --log-level info --ros-args -p use_sim_time:=False --params-file /tmp/launch_params_j9iinff9 -r /tf:=tf -r /tf_static:=tf_static -r cmd_vel:=cmd_vel_nav"
2026-09-12T22:19:22Z,10,"compAB_r2_singleton",408512,"smoother_server",4.1,49252,19734,"/opt/ros/jazzy/lib/nav2_smoother/smoother_server --ros-args --log-level info --ros-args -r __node:=smoother_server -p use_sim_time:=False --params-file /tmp/launch_params_j9iinff9 -r /tf:=tf -r /tf_static:=tf_static"
2026-09-12T22:19:22Z,10,"compAB_r2_singleton",408513,"planner_server",4.6,58212,27431,"/opt/ros/jazzy/lib/nav2_planner/planner_server --ros-args --log-level info --ros-args -r __node:=planner_server -p use_sim_time:=False --params-file /tmp/launch_params_j9iinff9 -r /tf:=tf -r /tf_static:=tf_static"
2026-09-12T22:19:22Z,10,"compAB_r2_singleton",408514,"route_server",4.1,52916,22742,"/opt/ros/jazzy/lib/nav2_route/route_server --ros-args --log-level info --ros-args -r __node:=route_server -p use_sim_time:=False --params-file /tmp/launch_params_j9iinff9 -r /tf:=tf -r /tf_static:=tf_static"
2026-09-12T22:19:22Z,10,"compAB_r2_singleton",408515,"behavior_server",4.7,53892,23849,"/opt/ros/jazzy/lib/nav2_behaviors/behavior_server --ros-args --log-level info --ros-args -r __node:=behavior_server -p use_sim_time:=False --params-file /tmp/launch_params_j9iinff9 -r /tf:=tf -r /tf_static:=tf_static -r cmd_vel:=cmd_vel_nav"
2026-09-12T22:19:22Z,10,"compAB_r2_singleton",408516,"bt_navigator",6.7,77572,48545,"/opt/ros/jazzy/lib/nav2_bt_navigator/bt_navigator --ros-args --log-level info --ros-args -r __node:=bt_navigator -p use_sim_time:=False --params-file /tmp/launch_params_j9iinff9 -r /tf:=tf -r /tf_static:=tf_static"
2026-09-12T22:19:22Z,10,"compAB_r2_singleton",408517,"waypoint_follow",3.5,46684,19241,"/opt/ros/jazzy/lib/nav2_waypoint_follower/waypoint_follower --ros-args --log-level info --ros-args -r __node:=waypoint_follower -p use_sim_time:=False --params-file /tmp/launch_params_j9iinff9 -r /tf:=tf -r /tf_static:=tf_static"
2026-09-12T22:19:22Z,10,"compAB_r2_singleton",408518,"velocity_smooth",3.5,39572,16095,"/opt/ros/jazzy/lib/nav2_velocity_smoother/velocity_smoother --ros-args --log-level info --ros-args -r __node:=velocity_smoother -p use_sim_time:=False --params-file /tmp/launch_params_j9iinff9 -r /tf:=tf -r /tf_static:=tf_static -r cmd_vel:=cmd_vel_nav"
2026-09-12T22:19:22Z,10,"compAB_r2_singleton",408519,"collision_monit",4.1,51288,21389,"/opt/ros/jazzy/lib/nav2_collision_monitor/collision_monitor --ros-args --log-level info --ros-args -r __node:=collision_monitor -p use_sim_time:=False --params-file /tmp/launch_params_j9iinff9 -r /tf:=tf -r /tf_static:=tf_static"
2026-09-12T22:19:22Z,10,"compAB_r2_singleton",408521,"lifecycle_manag",9.1,46720,20762,"/opt/ros/jazzy/lib/nav2_lifecycle_manager/lifecycle_manager --ros-args --log-level info --ros-args -r __node:=lifecycle_manager_navigation -p use_sim_time:=False --params-file /tmp/launch_params_gv1a6bko --params-file /tmp/launch_params_6bl7znxa"
2026-09-12T22:19:22Z,10,"compAB_r2_singleton",408773,"bash",0.0,2376,558,"bash /cbab5/work/scripts/run_nav2_composition_ab.sh --label compAB_r2 --duration 120"
2026-09-12T22:19:22Z,10,"compAB_r2_singleton",408774,"python3",9.9,85392,54200,"python3 /cbab5/work/scripts/nav_goal_sender.py --x 4.0 --y 4.0 --yaw 0.0 --repeat 0 --pause 1"
2026-09-12T22:19:22Z,10,"compAB_r2_singleton",408900,"bash",1.1,4480,1015,"bash /oomwoo/contributions/compute-benchmark/xbattlax/scripts/measure_ros_processes.sh --pattern python3|ros2|nav2|component_container|nav_goal_sender|amcl|map_server|planner|controller|behavior|bt_nav|smoother|waypoint --duration 110 --interval 2 --label compAB_r2_singleton --output /cbab5/work/scripts/../results/composition_ab/compAB_r2_singleton_20260912T221503Z.csv"
2026-09-12T22:19:25Z,11,"compAB_r2_singleton",340884,"python3",0.2,79916,50954,"/usr/bin/python3 -c from ros2cli.daemon.daemonize import main; main() --name ros2-daemon --ros-domain-id 0 --rmw-implementation rmw_fastrtps_cpp"
2026-09-12T22:19:25Z,11,"compAB_r2_singleton",386842,"bash",0.0,4004,951,"bash -c source /opt/ros/jazzy/setup.bash && bash /cbab5/work/scripts/run_nav2_composition_ab.sh --label compAB_r2 --duration 120 >/dev/null 2>&1; ls /cbab5/work/results/composition_ab/ | grep r2"
2026-09-12T22:19:25Z,11,"compAB_r2_singleton",386855,"bash",0.0,4252,1242,"bash /cbab5/work/scripts/run_nav2_composition_ab.sh --label compAB_r2 --duration 120"
2026-09-12T22:19:25Z,11,"compAB_r2_singleton",408488,"python3",5.8,78720,48653,"python3 /cbab5/work/scripts/synthetic_scan_publisher.py --duration 220 --loop-s 40 --hz 5.0"
2026-09-12T22:19:25Z,11,"compAB_r2_singleton",408504,"ros2",0.7,43900,30629,"/usr/bin/python3 /opt/ros/jazzy/bin/ros2 launch nav2_bringup bringup_launch.py map:=/cbab5/work/scripts/../results/composition_ab/compAB_nav2_map.yaml params_file:=/cbab5/work/scripts/nav2_params_bench.yaml use_sim_time:=False autostart:=True slam:=False use_composition:=False"
2026-09-12T22:19:25Z,11,"compAB_r2_singleton",408508,"map_server",3.6,49428,23102,"/opt/ros/jazzy/lib/nav2_map_server/map_server --ros-args --log-level info --ros-args -r __node:=map_server -p use_sim_time:=False --params-file /tmp/launch_params_amag_3a0 --params-file /tmp/launch_params_8jw_ii1a -r /tf:=tf -r /tf_static:=tf_static"
2026-09-12T22:19:25Z,11,"compAB_r2_singleton",408509,"amcl",6.4,51132,22343,"/opt/ros/jazzy/lib/nav2_amcl/amcl --ros-args --log-level info --ros-args -r __node:=amcl -p use_sim_time:=False --params-file /tmp/launch_params_amag_3a0 -r /tf:=tf -r /tf_static:=tf_static"
2026-09-12T22:19:25Z,11,"compAB_r2_singleton",408510,"lifecycle_manag",4.0,42360,16604,"/opt/ros/jazzy/lib/nav2_lifecycle_manager/lifecycle_manager --ros-args --log-level info --ros-args -r __node:=lifecycle_manager_localization -p use_sim_time:=False --params-file /tmp/launch_params_1xbcgfz6 --params-file /tmp/launch_params_fmevwfj1"
2026-09-12T22:19:25Z,11,"compAB_r2_singleton",408511,"controller_serv",8.6,71296,40185,"/opt/ros/jazzy/lib/nav2_controller/controller_server --ros-args --log-level info --ros-args -p use_sim_time:=False --params-file /tmp/launch_params_j9iinff9 -r /tf:=tf -r /tf_static:=tf_static -r cmd_vel:=cmd_vel_nav"
2026-09-12T22:19:25Z,11,"compAB_r2_singleton",408512,"smoother_server",4.1,49252,19734,"/opt/ros/jazzy/lib/nav2_smoother/smoother_server --ros-args --log-level info --ros-args -r __node:=smoother_server -p use_sim_time:=False --params-file /tmp/launch_params_j9iinff9 -r /tf:=tf -r /tf_static:=tf_static"
2026-09-12T22:19:25Z,11,"compAB_r2_singleton",408513,"planner_server",4.6,58212,27431,"/opt/ros/jazzy/lib/nav2_planner/planner_server --ros-args --log-level info --ros-args -r __node:=planner_server -p use_sim_time:=False --params-file /tmp/launch_params_j9iinff9 -r /tf:=tf -r /tf_static:=tf_static"
2026-09-12T22:19:25Z,11,"compAB_r2_singleton",408514,"route_server",4.1,52916,22742,"/opt/ros/jazzy/lib/nav2_route/route_server --ros-args --log-level info --ros-args -r __node:=route_server -p use_sim_time:=False --params-file /tmp/launch_params_j9iinff9 -r /tf:=tf -r /tf_static:=tf_static"
2026-09-12T22:19:25Z,11,"compAB_r2_singleton",408515,"behavior_server",4.7,53924,23881,"/opt/ros/jazzy/lib/nav2_behaviors/behavior_server --ros-args --log-level info --ros-args -r __node:=behavior_server -p use_sim_time:=False --params-file /tmp/launch_params_j9iinff9 -r /tf:=tf -r /tf_static:=tf_static -r cmd_vel:=cmd_vel_nav"
2026-09-12T22:19:25Z,11,"compAB_r2_singleton",408516,"bt_navigator",6.7,77572,48545,"/opt/ros/jazzy/lib/nav2_bt_navigator/bt_navigator --ros-args --log-level info --ros-args -r __node:=bt_navigator -p use_sim_time:=False --params-file /tmp/launch_params_j9iinff9 -r /tf:=tf -r /tf_static:=tf_static"
2026-09-12T22:19:25Z,11,"compAB_r2_singleton",408517,"waypoint_follow",3.5,46684,19241,"/opt/ros/jazzy/lib/nav2_waypoint_follower/waypoint_follower --ros-args --log-level info --ros-args -r __node:=waypoint_follower -p use_sim_time:=False --params-file /tmp/launch_params_j9iinff9 -r /tf:=tf -r /tf_static:=tf_static"
2026-09-12T22:19:25Z,11,"compAB_r2_singleton",408518,"velocity_smooth",3.5,39572,16095,"/opt/ros/jazzy/lib/nav2_velocity_smoother/velocity_smoother --ros-args --log-level info --ros-args -r __node:=velocity_smoother -p use_sim_time:=False --params-file /tmp/launch_params_j9iinff9 -r /tf:=tf -r /tf_static:=tf_static -r cmd_vel:=cmd_vel_nav"
2026-09-12T22:19:25Z,11,"compAB_r2_singleton",408519,"collision_monit",4.1,51288,21388,"/opt/ros/jazzy/lib/nav2_collision_monitor/collision_monitor --ros-args --log-level info --ros-args -r __node:=collision_monitor -p use_sim_time:=False --params-file /tmp/launch_params_j9iinff9 -r /tf:=tf -r /tf_static:=tf_static"
2026-09-12T22:19:25Z,11,"compAB_r2_singleton",408521,"lifecycle_manag",9.1,46720,20762,"/opt/ros/jazzy/lib/nav2_lifecycle_manager/lifecycle_manager --ros-args --log-level info --ros-args -r __node:=lifecycle_manager_navigation -p use_sim_time:=False --params-file /tmp/launch_params_gv1a6bko --params-file /tmp/launch_params_6bl7znxa"
2026-09-12T22:19:25Z,11,"compAB_r2_singleton",408773,"bash",0.0,2376,558,"bash /cbab5/work/scripts/run_nav2_composition_ab.sh --label compAB_r2 --duration 120"
2026-09-12T22:19:25Z,11,"compAB_r2_singleton",408774,"python3",9.9,85392,54202,"python3 /cbab5/work/scripts/nav_goal_sender.py --x 4.0 --y 4.0 --yaw 0.0 --repeat 0 --pause 1"
2026-09-12T22:19:25Z,11,"compAB_r2_singleton",408900,"bash",1.1,4480,1015,"bash /oomwoo/contributions/compute-benchmark/xbattlax/scripts/measure_ros_processes.sh --pattern python3|ros2|nav2|component_container|nav_goal_sender|amcl|map_server|planner|controller|behavior|bt_nav|smoother|waypoint --duration 110 --interval 2 --label compAB_r2_singleton --output /cbab5/work/scripts/../results/composition_ab/compAB_r2_singleton_20260912T221503Z.csv"
2026-09-12T22:19:28Z,12,"compAB_r2_singleton",340884,"python3",0.2,79916,50956,"/usr/bin/python3 -c from ros2cli.daemon.daemonize import main; main() --name ros2-daemon --ros-domain-id 0 --rmw-implementation rmw_fastrtps_cpp"
2026-09-12T22:19:28Z,12,"compAB_r2_singleton",386842,"bash",0.0,4004,951,"bash -c source /opt/ros/jazzy/setup.bash && bash /cbab5/work/scripts/run_nav2_composition_ab.sh --label compAB_r2 --duration 120 >/dev/null 2>&1; ls /cbab5/work/results/composition_ab/ | grep r2"
2026-09-12T22:19:28Z,12,"compAB_r2_singleton",386855,"bash",0.0,4252,1255,"bash /cbab5/work/scripts/run_nav2_composition_ab.sh --label compAB_r2 --duration 120"
2026-09-12T22:19:28Z,12,"compAB_r2_singleton",408488,"python3",5.7,78720,48652,"python3 /cbab5/work/scripts/synthetic_scan_publisher.py --duration 220 --loop-s 40 --hz 5.0"
2026-09-12T22:19:28Z,12,"compAB_r2_singleton",408504,"ros2",0.7,43900,30628,"/usr/bin/python3 /opt/ros/jazzy/bin/ros2 launch nav2_bringup bringup_launch.py map:=/cbab5/work/scripts/../results/composition_ab/compAB_nav2_map.yaml params_file:=/cbab5/work/scripts/nav2_params_bench.yaml use_sim_time:=False autostart:=True slam:=False use_composition:=False"
2026-09-12T22:19:28Z,12,"compAB_r2_singleton",408508,"map_server",3.5,49428,23101,"/opt/ros/jazzy/lib/nav2_map_server/map_server --ros-args --log-level info --ros-args -r __node:=map_server -p use_sim_time:=False --params-file /tmp/launch_params_amag_3a0 --params-file /tmp/launch_params_8jw_ii1a -r /tf:=tf -r /tf_static:=tf_static"
2026-09-12T22:19:28Z,12,"compAB_r2_singleton",408509,"amcl",6.4,51132,22342,"/opt/ros/jazzy/lib/nav2_amcl/amcl --ros-args --log-level info --ros-args -r __node:=amcl -p use_sim_time:=False --params-file /tmp/launch_params_amag_3a0 -r /tf:=tf -r /tf_static:=tf_static"
2026-09-12T22:19:28Z,12,"compAB_r2_singleton",408510,"lifecycle_manag",4.0,42360,16604,"/opt/ros/jazzy/lib/nav2_lifecycle_manager/lifecycle_manager --ros-args --log-level info --ros-args -r __node:=lifecycle_manager_localization -p use_sim_time:=False --params-file /tmp/launch_params_1xbcgfz6 --params-file /tmp/launch_params_fmevwfj1"
2026-09-12T22:19:28Z,12,"compAB_r2_singleton",408511,"controller_serv",8.5,71296,40185,"/opt/ros/jazzy/lib/nav2_controller/controller_server --ros-args --log-level info --ros-args -p use_sim_time:=False --params-file /tmp/launch_params_j9iinff9 -r /tf:=tf -r /tf_static:=tf_static -r cmd_vel:=cmd_vel_nav"
2026-09-12T22:19:28Z,12,"compAB_r2_singleton",408512,"smoother_server",4.0,49252,19734,"/opt/ros/jazzy/lib/nav2_smoother/smoother_server --ros-args --log-level info --ros-args -r __node:=smoother_server -p use_sim_time:=False --params-file /tmp/launch_params_j9iinff9 -r /tf:=tf -r /tf_static:=tf_static"
2026-09-12T22:19:28Z,12,"compAB_r2_singleton",408513,"planner_server",4.5,58212,27431,"/opt/ros/jazzy/lib/nav2_planner/planner_server --ros-args --log-level info --ros-args -r __node:=planner_server -p use_sim_time:=False --params-file /tmp/launch_params_j9iinff9 -r /tf:=tf -r /tf_static:=tf_static"
2026-09-12T22:19:28Z,12,"compAB_r2_singleton",408514,"route_server",4.1,52916,22742,"/opt/ros/jazzy/lib/nav2_route/route_server --ros-args --log-level info --ros-args -r __node:=route_server -p use_sim_time:=False --params-file /tmp/launch_params_j9iinff9 -r /tf:=tf -r /tf_static:=tf_static"
2026-09-12T22:19:28Z,12,"compAB_r2_singleton",408515,"behavior_server",4.7,53924,23881,"/opt/ros/jazzy/lib/nav2_behaviors/behavior_server --ros-args --log-level info --ros-args -r __node:=behavior_server -p use_sim_time:=False --params-file /tmp/launch_params_j9iinff9 -r /tf:=tf -r /tf_static:=tf_static -r cmd_vel:=cmd_vel_nav"
2026-09-12T22:19:28Z,12,"compAB_r2_singleton",408516,"bt_navigator",6.8,77572,48545,"/opt/ros/jazzy/lib/nav2_bt_navigator/bt_navigator --ros-args --log-level info --ros-args -r __node:=bt_navigator -p use_sim_time:=False --params-file /tmp/launch_params_j9iinff9 -r /tf:=tf -r /tf_static:=tf_static"
2026-09-12T22:19:28Z,12,"compAB_r2_singleton",408517,"waypoint_follow",3.5,46684,19241,"/opt/ros/jazzy/lib/nav2_waypoint_follower/waypoint_follower --ros-args --log-level info --ros-args -r __node:=waypoint_follower -p use_sim_time:=False --params-file /tmp/launch_params_j9iinff9 -r /tf:=tf -r /tf_static:=tf_static"
2026-09-12T22:19:28Z,12,"compAB_r2_singleton",408518,"velocity_smooth",3.5,39572,16095,"/opt/ros/jazzy/lib/nav2_velocity_smoother/velocity_smoother --ros-args --log-level info --ros-args -r __node:=velocity_smoother -p use_sim_time:=False --params-file /tmp/launch_params_j9iinff9 -r /tf:=tf -r /tf_static:=tf_static -r cmd_vel:=cmd_vel_nav"
2026-09-12T22:19:28Z,12,"compAB_r2_singleton",408519,"collision_monit",4.0,51288,21389,"/opt/ros/jazzy/lib/nav2_collision_monitor/collision_monitor --ros-args --log-level info --ros-args -r __node:=collision_monitor -p use_sim_time:=False --params-file /tmp/launch_params_j9iinff9 -r /tf:=tf -r /tf_static:=tf_static"
2026-09-12T22:19:28Z,12,"compAB_r2_singleton",408521,"lifecycle_manag",9.0,46720,20762,"/opt/ros/jazzy/lib/nav2_lifecycle_manager/lifecycle_manager --ros-args --log-level info --ros-args -r __node:=lifecycle_manager_navigation -p use_sim_time:=False --params-file /tmp/launch_params_gv1a6bko --params-file /tmp/launch_params_6bl7znxa"
2026-09-12T22:19:28Z,12,"compAB_r2_singleton",408773,"bash",0.0,2376,558,"bash /cbab5/work/scripts/run_nav2_composition_ab.sh --label compAB_r2 --duration 120"
2026-09-12T22:19:28Z,12,"compAB_r2_singleton",408774,"python3",9.9,85392,54201,"python3 /cbab5/work/scripts/nav_goal_sender.py --x 4.0 --y 4.0 --yaw 0.0 --repeat 0 --pause 1"
2026-09-12T22:19:28Z,12,"compAB_r2_singleton",408900,"bash",1.0,4480,1015,"bash /oomwoo/contributions/compute-benchmark/xbattlax/scripts/measure_ros_processes.sh --pattern python3|ros2|nav2|component_container|nav_goal_sender|amcl|map_server|planner|controller|behavior|bt_nav|smoother|waypoint --duration 110 --interval 2 --label compAB_r2_singleton --output /cbab5/work/scripts/../results/composition_ab/compAB_r2_singleton_20260912T221503Z.csv"
2026-09-12T22:19:30Z,13,"compAB_r2_singleton",340884,"python3",0.2,79916,50956,"/usr/bin/python3 -c from ros2cli.daemon.daemonize import main; main() --name ros2-daemon --ros-domain-id 0 --rmw-implementation rmw_fastrtps_cpp"
2026-09-12T22:19:30Z,13,"compAB_r2_singleton",386842,"bash",0.0,4004,951,"bash -c source /opt/ros/jazzy/setup.bash && bash /cbab5/work/scripts/run_nav2_composition_ab.sh --label compAB_r2 --duration 120 >/dev/null 2>&1; ls /cbab5/work/results/composition_ab/ | grep r2"
2026-09-12T22:19:30Z,13,"compAB_r2_singleton",386855,"bash",0.0,4252,1255,"bash /cbab5/work/scripts/run_nav2_composition_ab.sh --label compAB_r2 --duration 120"
2026-09-12T22:19:30Z,13,"compAB_r2_singleton",408488,"python3",5.7,78720,48652,"python3 /cbab5/work/scripts/synthetic_scan_publisher.py --duration 220 --loop-s 40 --hz 5.0"
2026-09-12T22:19:30Z,13,"compAB_r2_singleton",408504,"ros2",0.7,43900,30628,"/usr/bin/python3 /opt/ros/jazzy/bin/ros2 launch nav2_bringup bringup_launch.py map:=/cbab5/work/scripts/../results/composition_ab/compAB_nav2_map.yaml params_file:=/cbab5/work/scripts/nav2_params_bench.yaml use_sim_time:=False autostart:=True slam:=False use_composition:=False"
2026-09-12T22:19:30Z,13,"compAB_r2_singleton",408508,"map_server",3.5,49428,23101,"/opt/ros/jazzy/lib/nav2_map_server/map_server --ros-args --log-level info --ros-args -r __node:=map_server -p use_sim_time:=False --params-file /tmp/launch_params_amag_3a0 --params-file /tmp/launch_params_8jw_ii1a -r /tf:=tf -r /tf_static:=tf_static"
2026-09-12T22:19:30Z,13,"compAB_r2_singleton",408509,"amcl",6.4,51132,22342,"/opt/ros/jazzy/lib/nav2_amcl/amcl --ros-args --log-level info --ros-args -r __node:=amcl -p use_sim_time:=False --params-file /tmp/launch_params_amag_3a0 -r /tf:=tf -r /tf_static:=tf_static"
2026-09-12T22:19:30Z,13,"compAB_r2_singleton",408510,"lifecycle_manag",4.0,42360,16604,"/opt/ros/jazzy/lib/nav2_lifecycle_manager/lifecycle_manager --ros-args --log-level info --ros-args -r __node:=lifecycle_manager_localization -p use_sim_time:=False --params-file /tmp/launch_params_1xbcgfz6 --params-file /tmp/launch_params_fmevwfj1"
2026-09-12T22:19:30Z,13,"compAB_r2_singleton",408511,"controller_serv",8.4,71296,40185,"/opt/ros/jazzy/lib/nav2_controller/controller_server --ros-args --log-level info --ros-args -p use_sim_time:=False --params-file /tmp/launch_params_j9iinff9 -r /tf:=tf -r /tf_static:=tf_static -r cmd_vel:=cmd_vel_nav"
2026-09-12T22:19:30Z,13,"compAB_r2_singleton",408512,"smoother_server",4.0,49252,19734,"/opt/ros/jazzy/lib/nav2_smoother/smoother_server --ros-args --log-level info --ros-args -r __node:=smoother_server -p use_sim_time:=False --params-file /tmp/launch_params_j9iinff9 -r /tf:=tf -r /tf_static:=tf_static"
2026-09-12T22:19:30Z,13,"compAB_r2_singleton",408513,"planner_server",4.5,58212,27431,"/opt/ros/jazzy/lib/nav2_planner/planner_server --ros-args --log-level info --ros-args -r __node:=planner_server -p use_sim_time:=False --params-file /tmp/launch_params_j9iinff9 -r /tf:=tf -r /tf_static:=tf_static"
2026-09-12T22:19:30Z,13,"compAB_r2_singleton",408514,"route_server",4.1,52916,22742,"/opt/ros/jazzy/lib/nav2_route/route_server --ros-args --log-level info --ros-args -r __node:=route_server -p use_sim_time:=False --params-file /tmp/launch_params_j9iinff9 -r /tf:=tf -r /tf_static:=tf_static"
2026-09-12T22:19:30Z,13,"compAB_r2_singleton",408515,"behavior_server",4.7,53924,23881,"/opt/ros/jazzy/lib/nav2_behaviors/behavior_server --ros-args --log-level info --ros-args -r __node:=behavior_server -p use_sim_time:=False --params-file /tmp/launch_params_j9iinff9 -r /tf:=tf -r /tf_static:=tf_static -r cmd_vel:=cmd_vel_nav"
2026-09-12T22:19:30Z,13,"compAB_r2_singleton",408516,"bt_navigator",6.8,77576,48549,"/opt/ros/jazzy/lib/nav2_bt_navigator/bt_navigator --ros-args --log-level info --ros-args -r __node:=bt_navigator -p use_sim_time:=False --params-file /tmp/launch_params_j9iinff9 -r /tf:=tf -r /tf_static:=tf_static"
2026-09-12T22:19:30Z,13,"compAB_r2_singleton",408517,"waypoint_follow",3.5,46684,19241,"/opt/ros/jazzy/lib/nav2_waypoint_follower/waypoint_follower --ros-args --log-level info --ros-args -r __node:=waypoint_follower -p use_sim_time:=False --params-file /tmp/launch_params_j9iinff9 -r /tf:=tf -r /tf_static:=tf_static"
2026-09-12T22:19:30Z,13,"compAB_r2_singleton",408518,"velocity_smooth",3.5,39572,16095,"/opt/ros/jazzy/lib/nav2_velocity_smoother/velocity_smoother --ros-args --log-level info --ros-args -r __node:=velocity_smoother -p use_sim_time:=False --params-file /tmp/launch_params_j9iinff9 -r /tf:=tf -r /tf_static:=tf_static -r cmd_vel:=cmd_vel_nav"
2026-09-12T22:19:30Z,13,"compAB_r2_singleton",408519,"collision_monit",4.0,51288,21389,"/opt/ros/jazzy/lib/nav2_collision_monitor/collision_monitor --ros-args --log-level info --ros-args -r __node:=collision_monitor -p use_sim_time:=False --params-file /tmp/launch_params_j9iinff9 -r /tf:=tf -r /tf_static:=tf_static"
2026-09-12T22:19:30Z,13,"compAB_r2_singleton",408521,"lifecycle_manag",9.0,46720,20762,"/opt/ros/jazzy/lib/nav2_lifecycle_manager/lifecycle_manager --ros-args --log-level info --ros-args -r __node:=lifecycle_manager_navigation -p use_sim_time:=False --params-file /tmp/launch_params_gv1a6bko --params-file /tmp/launch_params_6bl7znxa"
2026-09-12T22:19:30Z,13,"compAB_r2_singleton",408773,"bash",0.0,2376,558,"bash /cbab5/work/scripts/run_nav2_composition_ab.sh --label compAB_r2 --duration 120"
2026-09-12T22:19:30Z,13,"compAB_r2_singleton",408774,"python3",9.9,85392,54201,"python3 /cbab5/work/scripts/nav_goal_sender.py --x 4.0 --y 4.0 --yaw 0.0 --repeat 0 --pause 1"
2026-09-12T22:19:30Z,13,"compAB_r2_singleton",408900,"bash",1.1,4480,1014,"bash /oomwoo/contributions/compute-benchmark/xbattlax/scripts/measure_ros_processes.sh --pattern python3|ros2|nav2|component_container|nav_goal_sender|amcl|map_server|planner|controller|behavior|bt_nav|smoother|waypoint --duration 110 --interval 2 --label compAB_r2_singleton --output /cbab5/work/scripts/../results/composition_ab/compAB_r2_singleton_20260912T221503Z.csv"
2026-09-12T22:19:33Z,14,"compAB_r2_singleton",340884,"python3",0.2,79916,50966,"/usr/bin/python3 -c from ros2cli.daemon.daemonize import main; main() --name ros2-daemon --ros-domain-id 0 --rmw-implementation rmw_fastrtps_cpp"
2026-09-12T22:19:33Z,14,"compAB_r2_singleton",386842,"bash",0.0,4004,952,"bash -c source /opt/ros/jazzy/setup.bash && bash /cbab5/work/scripts/run_nav2_composition_ab.sh --label compAB_r2 --duration 120 >/dev/null 2>&1; ls /cbab5/work/results/composition_ab/ | grep r2"
2026-09-12T22:19:33Z,14,"compAB_r2_singleton",386855,"bash",0.0,4252,1244,"bash /cbab5/work/scripts/run_nav2_composition_ab.sh --label compAB_r2 --duration 120"
2026-09-12T22:19:33Z,14,"compAB_r2_singleton",408488,"python3",5.7,78720,48653,"python3 /cbab5/work/scripts/synthetic_scan_publisher.py --duration 220 --loop-s 40 --hz 5.0"
2026-09-12T22:19:33Z,14,"compAB_r2_singleton",408504,"ros2",0.7,43900,30629,"/usr/bin/python3 /opt/ros/jazzy/bin/ros2 launch nav2_bringup bringup_launch.py map:=/cbab5/work/scripts/../results/composition_ab/compAB_nav2_map.yaml params_file:=/cbab5/work/scripts/nav2_params_bench.yaml use_sim_time:=False autostart:=True slam:=False use_composition:=False"
2026-09-12T22:19:33Z,14,"compAB_r2_singleton",408508,"map_server",3.5,49428,23102,"/opt/ros/jazzy/lib/nav2_map_server/map_server --ros-args --log-level info --ros-args -r __node:=map_server -p use_sim_time:=False --params-file /tmp/launch_params_amag_3a0 --params-file /tmp/launch_params_8jw_ii1a -r /tf:=tf -r /tf_static:=tf_static"
2026-09-12T22:19:33Z,14,"compAB_r2_singleton",408509,"amcl",6.4,51132,22342,"/opt/ros/jazzy/lib/nav2_amcl/amcl --ros-args --log-level info --ros-args -r __node:=amcl -p use_sim_time:=False --params-file /tmp/launch_params_amag_3a0 -r /tf:=tf -r /tf_static:=tf_static"
2026-09-12T22:19:33Z,14,"compAB_r2_singleton",408510,"lifecycle_manag",4.0,42360,16604,"/opt/ros/jazzy/lib/nav2_lifecycle_manager/lifecycle_manager --ros-args --log-level info --ros-args -r __node:=lifecycle_manager_localization -p use_sim_time:=False --params-file /tmp/launch_params_1xbcgfz6 --params-file /tmp/launch_params_fmevwfj1"
2026-09-12T22:19:33Z,14,"compAB_r2_singleton",408511,"controller_serv",8.3,70092,38981,"/opt/ros/jazzy/lib/nav2_controller/controller_server --ros-args --log-level info --ros-args -p use_sim_time:=False --params-file /tmp/launch_params_j9iinff9 -r /tf:=tf -r /tf_static:=tf_static -r cmd_vel:=cmd_vel_nav"
2026-09-12T22:19:33Z,14,"compAB_r2_singleton",408512,"smoother_server",4.0,49252,19734,"/opt/ros/jazzy/lib/nav2_smoother/smoother_server --ros-args --log-level info --ros-args -r __node:=smoother_server -p use_sim_time:=False --params-file /tmp/launch_params_j9iinff9 -r /tf:=tf -r /tf_static:=tf_static"
2026-09-12T22:19:33Z,14,"compAB_r2_singleton",408513,"planner_server",4.5,58216,27435,"/opt/ros/jazzy/lib/nav2_planner/planner_server --ros-args --log-level info --ros-args -r __node:=planner_server -p use_sim_time:=False --params-file /tmp/launch_params_j9iinff9 -r /tf:=tf -r /tf_static:=tf_static"
2026-09-12T22:19:33Z,14,"compAB_r2_singleton",408514,"route_server",4.0,52916,22742,"/opt/ros/jazzy/lib/nav2_route/route_server --ros-args --log-level info --ros-args -r __node:=route_server -p use_sim_time:=False --params-file /tmp/launch_params_j9iinff9 -r /tf:=tf -r /tf_static:=tf_static"
2026-09-12T22:19:33Z,14,"compAB_r2_singleton",408515,"behavior_server",4.7,53920,23877,"/opt/ros/jazzy/lib/nav2_behaviors/behavior_server --ros-args --log-level info --ros-args -r __node:=behavior_server -p use_sim_time:=False --params-file /tmp/launch_params_j9iinff9 -r /tf:=tf -r /tf_static:=tf_static -r cmd_vel:=cmd_vel_nav"
2026-09-12T22:19:33Z,14,"compAB_r2_singleton",408516,"bt_navigator",6.8,77612,48585,"/opt/ros/jazzy/lib/nav2_bt_navigator/bt_navigator --ros-args --log-level info --ros-args -r __node:=bt_navigator -p use_sim_time:=False --params-file /tmp/launch_params_j9iinff9 -r /tf:=tf -r /tf_static:=tf_static"
2026-09-12T22:19:33Z,14,"compAB_r2_singleton",408517,"waypoint_follow",3.5,46684,19241,"/opt/ros/jazzy/lib/nav2_waypoint_follower/waypoint_follower --ros-args --log-level info --ros-args -r __node:=waypoint_follower -p use_sim_time:=False --params-file /tmp/launch_params_j9iinff9 -r /tf:=tf -r /tf_static:=tf_static"
2026-09-12T22:19:33Z,14,"compAB_r2_singleton",408518,"velocity_smooth",3.5,39572,16095,"/opt/ros/jazzy/lib/nav2_velocity_smoother/velocity_smoother --ros-args --log-level info --ros-args -r __node:=velocity_smoother -p use_sim_time:=False --params-file /tmp/launch_params_j9iinff9 -r /tf:=tf -r /tf_static:=tf_static -r cmd_vel:=cmd_vel_nav"
2026-09-12T22:19:33Z,14,"compAB_r2_singleton",408519,"collision_monit",4.0,51288,21388,"/opt/ros/jazzy/lib/nav2_collision_monitor/collision_monitor --ros-args --log-level info --ros-args -r __node:=collision_monitor -p use_sim_time:=False --params-file /tmp/launch_params_j9iinff9 -r /tf:=tf -r /tf_static:=tf_static"
2026-09-12T22:19:33Z,14,"compAB_r2_singleton",408521,"lifecycle_manag",9.0,46720,20762,"/opt/ros/jazzy/lib/nav2_lifecycle_manager/lifecycle_manager --ros-args --log-level info --ros-args -r __node:=lifecycle_manager_navigation -p use_sim_time:=False --params-file /tmp/launch_params_gv1a6bko --params-file /tmp/launch_params_6bl7znxa"
2026-09-12T22:19:33Z,14,"compAB_r2_singleton",408773,"bash",0.0,2376,558,"bash /cbab5/work/scripts/run_nav2_composition_ab.sh --label compAB_r2 --duration 120"
2026-09-12T22:19:33Z,14,"compAB_r2_singleton",408774,"python3",9.7,85396,54205,"python3 /cbab5/work/scripts/nav_goal_sender.py --x 4.0 --y 4.0 --yaw 0.0 --repeat 0 --pause 1"
2026-09-12T22:19:33Z,14,"compAB_r2_singleton",408900,"bash",1.1,4480,1018,"bash /oomwoo/contributions/compute-benchmark/xbattlax/scripts/measure_ros_processes.sh --pattern python3|ros2|nav2|component_container|nav_goal_sender|amcl|map_server|planner|controller|behavior|bt_nav|smoother|waypoint --duration 110 --interval 2 --label compAB_r2_singleton --output /cbab5/work/scripts/../results/composition_ab/compAB_r2_singleton_20260912T221503Z.csv"
2026-09-12T22:19:36Z,15,"compAB_r2_singleton",340884,"python3",0.2,79916,50965,"/usr/bin/python3 -c from ros2cli.daemon.daemonize import main; main() --name ros2-daemon --ros-domain-id 0 --rmw-implementation rmw_fastrtps_cpp"
2026-09-12T22:19:36Z,15,"compAB_r2_singleton",386842,"bash",0.0,4004,952,"bash -c source /opt/ros/jazzy/setup.bash && bash /cbab5/work/scripts/run_nav2_composition_ab.sh --label compAB_r2 --duration 120 >/dev/null 2>&1; ls /cbab5/work/results/composition_ab/ | grep r2"
2026-09-12T22:19:36Z,15,"compAB_r2_singleton",386855,"bash",0.0,4252,1242,"bash /cbab5/work/scripts/run_nav2_composition_ab.sh --label compAB_r2 --duration 120"
2026-09-12T22:19:36Z,15,"compAB_r2_singleton",408488,"python3",5.7,78720,48653,"python3 /cbab5/work/scripts/synthetic_scan_publisher.py --duration 220 --loop-s 40 --hz 5.0"
2026-09-12T22:19:36Z,15,"compAB_r2_singleton",408504,"ros2",0.6,43900,30629,"/usr/bin/python3 /opt/ros/jazzy/bin/ros2 launch nav2_bringup bringup_launch.py map:=/cbab5/work/scripts/../results/composition_ab/compAB_nav2_map.yaml params_file:=/cbab5/work/scripts/nav2_params_bench.yaml use_sim_time:=False autostart:=True slam:=False use_composition:=False"
2026-09-12T22:19:36Z,15,"compAB_r2_singleton",408508,"map_server",3.5,49428,23102,"/opt/ros/jazzy/lib/nav2_map_server/map_server --ros-args --log-level info --ros-args -r __node:=map_server -p use_sim_time:=False --params-file /tmp/launch_params_amag_3a0 --params-file /tmp/launch_params_8jw_ii1a -r /tf:=tf -r /tf_static:=tf_static"
2026-09-12T22:19:36Z,15,"compAB_r2_singleton",408509,"amcl",6.4,51132,22343,"/opt/ros/jazzy/lib/nav2_amcl/amcl --ros-args --log-level info --ros-args -r __node:=amcl -p use_sim_time:=False --params-file /tmp/launch_params_amag_3a0 -r /tf:=tf -r /tf_static:=tf_static"
2026-09-12T22:19:36Z,15,"compAB_r2_singleton",408510,"lifecycle_manag",4.0,42360,16604,"/opt/ros/jazzy/lib/nav2_lifecycle_manager/lifecycle_manager --ros-args --log-level info --ros-args -r __node:=lifecycle_manager_localization -p use_sim_time:=False --params-file /tmp/launch_params_1xbcgfz6 --params-file /tmp/launch_params_fmevwfj1"
2026-09-12T22:19:36Z,15,"compAB_r2_singleton",408511,"controller_serv",8.7,70096,38985,"/opt/ros/jazzy/lib/nav2_controller/controller_server --ros-args --log-level info --ros-args -p use_sim_time:=False --params-file /tmp/launch_params_j9iinff9 -r /tf:=tf -r /tf_static:=tf_static -r cmd_vel:=cmd_vel_nav"
2026-09-12T22:19:36Z,15,"compAB_r2_singleton",408512,"smoother_server",4.0,49252,19734,"/opt/ros/jazzy/lib/nav2_smoother/smoother_server --ros-args --log-level info --ros-args -r __node:=smoother_server -p use_sim_time:=False --params-file /tmp/launch_params_j9iinff9 -r /tf:=tf -r /tf_static:=tf_static"
2026-09-12T22:19:36Z,15,"compAB_r2_singleton",408513,"planner_server",4.5,58216,27435,"/opt/ros/jazzy/lib/nav2_planner/planner_server --ros-args --log-level info --ros-args -r __node:=planner_server -p use_sim_time:=False --params-file /tmp/launch_params_j9iinff9 -r /tf:=tf -r /tf_static:=tf_static"
2026-09-12T22:19:36Z,15,"compAB_r2_singleton",408514,"route_server",4.0,52916,22742,"/opt/ros/jazzy/lib/nav2_route/route_server --ros-args --log-level info --ros-args -r __node:=route_server -p use_sim_time:=False --params-file /tmp/launch_params_j9iinff9 -r /tf:=tf -r /tf_static:=tf_static"
2026-09-12T22:19:36Z,15,"compAB_r2_singleton",408515,"behavior_server",4.7,53920,23877,"/opt/ros/jazzy/lib/nav2_behaviors/behavior_server --ros-args --log-level info --ros-args -r __node:=behavior_server -p use_sim_time:=False --params-file /tmp/launch_params_j9iinff9 -r /tf:=tf -r /tf_static:=tf_static -r cmd_vel:=cmd_vel_nav"
2026-09-12T22:19:36Z,15,"compAB_r2_singleton",408516,"bt_navigator",6.8,77592,48565,"/opt/ros/jazzy/lib/nav2_bt_navigator/bt_navigator --ros-args --log-level info --ros-args -r __node:=bt_navigator -p use_sim_time:=False --params-file /tmp/launch_params_j9iinff9 -r /tf:=tf -r /tf_static:=tf_static"
2026-09-12T22:19:36Z,15,"compAB_r2_singleton",408517,"waypoint_follow",3.5,46684,19241,"/opt/ros/jazzy/lib/nav2_waypoint_follower/waypoint_follower --ros-args --log-level info --ros-args -r __node:=waypoint_follower -p use_sim_time:=False --params-file /tmp/launch_params_j9iinff9 -r /tf:=tf -r /tf_static:=tf_static"
2026-09-12T22:19:36Z,15,"compAB_r2_singleton",408518,"velocity_smooth",3.5,39572,16095,"/opt/ros/jazzy/lib/nav2_velocity_smoother/velocity_smoother --ros-args --log-level info --ros-args -r __node:=velocity_smoother -p use_sim_time:=False --params-file /tmp/launch_params_j9iinff9 -r /tf:=tf -r /tf_static:=tf_static -r cmd_vel:=cmd_vel_nav"
2026-09-12T22:19:36Z,15,"compAB_r2_singleton",408519,"collision_monit",4.0,51288,21389,"/opt/ros/jazzy/lib/nav2_collision_monitor/collision_monitor --ros-args --log-level info --ros-args -r __node:=collision_monitor -p use_sim_time:=False --params-file /tmp/launch_params_j9iinff9 -r /tf:=tf -r /tf_static:=tf_static"
2026-09-12T22:19:36Z,15,"compAB_r2_singleton",408521,"lifecycle_manag",9.0,46720,20762,"/opt/ros/jazzy/lib/nav2_lifecycle_manager/lifecycle_manager --ros-args --log-level info --ros-args -r __node:=lifecycle_manager_navigation -p use_sim_time:=False --params-file /tmp/launch_params_gv1a6bko --params-file /tmp/launch_params_6bl7znxa"
2026-09-12T22:19:36Z,15,"compAB_r2_singleton",408773,"bash",0.0,2376,558,"bash /cbab5/work/scripts/run_nav2_composition_ab.sh --label compAB_r2 --duration 120"
2026-09-12T22:19:36Z,15,"compAB_r2_singleton",408774,"python3",9.6,85400,54210,"python3 /cbab5/work/scripts/nav_goal_sender.py --x 4.0 --y 4.0 --yaw 0.0 --repeat 0 --pause 1"
2026-09-12T22:19:36Z,15,"compAB_r2_singleton",408900,"bash",1.1,4480,1017,"bash /oomwoo/contributions/compute-benchmark/xbattlax/scripts/measure_ros_processes.sh --pattern python3|ros2|nav2|component_container|nav_goal_sender|amcl|map_server|planner|controller|behavior|bt_nav|smoother|waypoint --duration 110 --interval 2 --label compAB_r2_singleton --output /cbab5/work/scripts/../results/composition_ab/compAB_r2_singleton_20260912T221503Z.csv"
2026-09-12T22:19:38Z,16,"compAB_r2_singleton",340884,"python3",0.2,79916,50962,"/usr/bin/python3 -c from ros2cli.daemon.daemonize import main; main() --name ros2-daemon --ros-domain-id 0 --rmw-implementation rmw_fastrtps_cpp"
2026-09-12T22:19:38Z,16,"compAB_r2_singleton",386842,"bash",0.0,4004,951,"bash -c source /opt/ros/jazzy/setup.bash && bash /cbab5/work/scripts/run_nav2_composition_ab.sh --label compAB_r2 --duration 120 >/dev/null 2>&1; ls /cbab5/work/results/composition_ab/ | grep r2"
2026-09-12T22:19:38Z,16,"compAB_r2_singleton",386855,"bash",0.0,4252,1250,"bash /cbab5/work/scripts/run_nav2_composition_ab.sh --label compAB_r2 --duration 120"
2026-09-12T22:19:38Z,16,"compAB_r2_singleton",408488,"python3",5.6,78720,48652,"python3 /cbab5/work/scripts/synthetic_scan_publisher.py --duration 220 --loop-s 40 --hz 5.0"
2026-09-12T22:19:38Z,16,"compAB_r2_singleton",408504,"ros2",0.6,43900,30628,"/usr/bin/python3 /opt/ros/jazzy/bin/ros2 launch nav2_bringup bringup_launch.py map:=/cbab5/work/scripts/../results/composition_ab/compAB_nav2_map.yaml params_file:=/cbab5/work/scripts/nav2_params_bench.yaml use_sim_time:=False autostart:=True slam:=False use_composition:=False"
2026-09-12T22:19:38Z,16,"compAB_r2_singleton",408508,"map_server",3.5,49428,23102,"/opt/ros/jazzy/lib/nav2_map_server/map_server --ros-args --log-level info --ros-args -r __node:=map_server -p use_sim_time:=False --params-file /tmp/launch_params_amag_3a0 --params-file /tmp/launch_params_8jw_ii1a -r /tf:=tf -r /tf_static:=tf_static"
2026-09-12T22:19:38Z,16,"compAB_r2_singleton",408509,"amcl",6.4,51132,22342,"/opt/ros/jazzy/lib/nav2_amcl/amcl --ros-args --log-level info --ros-args -r __node:=amcl -p use_sim_time:=False --params-file /tmp/launch_params_amag_3a0 -r /tf:=tf -r /tf_static:=tf_static"
2026-09-12T22:19:38Z,16,"compAB_r2_singleton",408510,"lifecycle_manag",4.0,42360,16604,"/opt/ros/jazzy/lib/nav2_lifecycle_manager/lifecycle_manager --ros-args --log-level info --ros-args -r __node:=lifecycle_manager_localization -p use_sim_time:=False --params-file /tmp/launch_params_1xbcgfz6 --params-file /tmp/launch_params_fmevwfj1"
2026-09-12T22:19:38Z,16,"compAB_r2_singleton",408511,"controller_serv",9.1,70096,38985,"/opt/ros/jazzy/lib/nav2_controller/controller_server --ros-args --log-level info --ros-args -p use_sim_time:=False --params-file /tmp/launch_params_j9iinff9 -r /tf:=tf -r /tf_static:=tf_static -r cmd_vel:=cmd_vel_nav"
2026-09-12T22:19:38Z,16,"compAB_r2_singleton",408512,"smoother_server",4.0,49252,19734,"/opt/ros/jazzy/lib/nav2_smoother/smoother_server --ros-args --log-level info --ros-args -r __node:=smoother_server -p use_sim_time:=False --params-file /tmp/launch_params_j9iinff9 -r /tf:=tf -r /tf_static:=tf_static"
2026-09-12T22:19:38Z,16,"compAB_r2_singleton",408513,"planner_server",4.5,58216,27435,"/opt/ros/jazzy/lib/nav2_planner/planner_server --ros-args --log-level info --ros-args -r __node:=planner_server -p use_sim_time:=False --params-file /tmp/launch_params_j9iinff9 -r /tf:=tf -r /tf_static:=tf_static"
2026-09-12T22:19:38Z,16,"compAB_r2_singleton",408514,"route_server",4.0,52916,22742,"/opt/ros/jazzy/lib/nav2_route/route_server --ros-args --log-level info --ros-args -r __node:=route_server -p use_sim_time:=False --params-file /tmp/launch_params_j9iinff9 -r /tf:=tf -r /tf_static:=tf_static"
2026-09-12T22:19:38Z,16,"compAB_r2_singleton",408515,"behavior_server",4.6,53920,23877,"/opt/ros/jazzy/lib/nav2_behaviors/behavior_server --ros-args --log-level info --ros-args -r __node:=behavior_server -p use_sim_time:=False --params-file /tmp/launch_params_j9iinff9 -r /tf:=tf -r /tf_static:=tf_static -r cmd_vel:=cmd_vel_nav"
2026-09-12T22:19:38Z,16,"compAB_r2_singleton",408516,"bt_navigator",6.8,77592,48565,"/opt/ros/jazzy/lib/nav2_bt_navigator/bt_navigator --ros-args --log-level info --ros-args -r __node:=bt_navigator -p use_sim_time:=False --params-file /tmp/launch_params_j9iinff9 -r /tf:=tf -r /tf_static:=tf_static"
2026-09-12T22:19:38Z,16,"compAB_r2_singleton",408517,"waypoint_follow",3.5,46684,19241,"/opt/ros/jazzy/lib/nav2_waypoint_follower/waypoint_follower --ros-args --log-level info --ros-args -r __node:=waypoint_follower -p use_sim_time:=False --params-file /tmp/launch_params_j9iinff9 -r /tf:=tf -r /tf_static:=tf_static"
2026-09-12T22:19:38Z,16,"compAB_r2_singleton",408518,"velocity_smooth",3.5,39572,16095,"/opt/ros/jazzy/lib/nav2_velocity_smoother/velocity_smoother --ros-args --log-level info --ros-args -r __node:=velocity_smoother -p use_sim_time:=False --params-file /tmp/launch_params_j9iinff9 -r /tf:=tf -r /tf_static:=tf_static -r cmd_vel:=cmd_vel_nav"
2026-09-12T22:19:38Z,16,"compAB_r2_singleton",408519,"collision_monit",4.0,51288,21389,"/opt/ros/jazzy/lib/nav2_collision_monitor/collision_monitor --ros-args --log-level info --ros-args -r __node:=collision_monitor -p use_sim_time:=False --params-file /tmp/launch_params_j9iinff9 -r /tf:=tf -r /tf_static:=tf_static"
2026-09-12T22:19:38Z,16,"compAB_r2_singleton",408521,"lifecycle_manag",9.0,46720,20762,"/opt/ros/jazzy/lib/nav2_lifecycle_manager/lifecycle_manager --ros-args --log-level info --ros-args -r __node:=lifecycle_manager_navigation -p use_sim_time:=False --params-file /tmp/launch_params_gv1a6bko --params-file /tmp/launch_params_6bl7znxa"
2026-09-12T22:19:38Z,16,"compAB_r2_singleton",408773,"bash",0.0,2376,558,"bash /cbab5/work/scripts/run_nav2_composition_ab.sh --label compAB_r2 --duration 120"
2026-09-12T22:19:38Z,16,"compAB_r2_singleton",408774,"python3",9.6,85404,54212,"python3 /cbab5/work/scripts/nav_goal_sender.py --x 4.0 --y 4.0 --yaw 0.0 --repeat 0 --pause 1"
2026-09-12T22:19:38Z,16,"compAB_r2_singleton",408900,"bash",1.1,4480,1020,"bash /oomwoo/contributions/compute-benchmark/xbattlax/scripts/measure_ros_processes.sh --pattern python3|ros2|nav2|component_container|nav_goal_sender|amcl|map_server|planner|controller|behavior|bt_nav|smoother|waypoint --duration 110 --interval 2 --label compAB_r2_singleton --output /cbab5/work/scripts/../results/composition_ab/compAB_r2_singleton_20260912T221503Z.csv"
2026-09-12T22:19:41Z,17,"compAB_r2_singleton",340884,"python3",0.2,79916,50966,"/usr/bin/python3 -c from ros2cli.daemon.daemonize import main; main() --name ros2-daemon --ros-domain-id 0 --rmw-implementation rmw_fastrtps_cpp"
2026-09-12T22:19:41Z,17,"compAB_r2_singleton",386842,"bash",0.0,4004,952,"bash -c source /opt/ros/jazzy/setup.bash && bash /cbab5/work/scripts/run_nav2_composition_ab.sh --label compAB_r2 --duration 120 >/dev/null 2>&1; ls /cbab5/work/results/composition_ab/ | grep r2"
2026-09-12T22:19:41Z,17,"compAB_r2_singleton",386855,"bash",0.0,4252,1244,"bash /cbab5/work/scripts/run_nav2_composition_ab.sh --label compAB_r2 --duration 120"
2026-09-12T22:19:41Z,17,"compAB_r2_singleton",408488,"python3",5.6,78720,48653,"python3 /cbab5/work/scripts/synthetic_scan_publisher.py --duration 220 --loop-s 40 --hz 5.0"
2026-09-12T22:19:41Z,17,"compAB_r2_singleton",408504,"ros2",0.6,43900,30629,"/usr/bin/python3 /opt/ros/jazzy/bin/ros2 launch nav2_bringup bringup_launch.py map:=/cbab5/work/scripts/../results/composition_ab/compAB_nav2_map.yaml params_file:=/cbab5/work/scripts/nav2_params_bench.yaml use_sim_time:=False autostart:=True slam:=False use_composition:=False"
2026-09-12T22:19:41Z,17,"compAB_r2_singleton",408508,"map_server",3.5,49428,23102,"/opt/ros/jazzy/lib/nav2_map_server/map_server --ros-args --log-level info --ros-args -r __node:=map_server -p use_sim_time:=False --params-file /tmp/launch_params_amag_3a0 --params-file /tmp/launch_params_8jw_ii1a -r /tf:=tf -r /tf_static:=tf_static"
2026-09-12T22:19:41Z,17,"compAB_r2_singleton",408509,"amcl",6.4,51132,22343,"/opt/ros/jazzy/lib/nav2_amcl/amcl --ros-args --log-level info --ros-args -r __node:=amcl -p use_sim_time:=False --params-file /tmp/launch_params_amag_3a0 -r /tf:=tf -r /tf_static:=tf_static"
2026-09-12T22:19:41Z,17,"compAB_r2_singleton",408510,"lifecycle_manag",3.9,42360,16604,"/opt/ros/jazzy/lib/nav2_lifecycle_manager/lifecycle_manager --ros-args --log-level info --ros-args -r __node:=lifecycle_manager_localization -p use_sim_time:=False --params-file /tmp/launch_params_1xbcgfz6 --params-file /tmp/launch_params_fmevwfj1"
2026-09-12T22:19:41Z,17,"compAB_r2_singleton",408511,"controller_serv",9.6,70096,38986,"/opt/ros/jazzy/lib/nav2_controller/controller_server --ros-args --log-level info --ros-args -p use_sim_time:=False --params-file /tmp/launch_params_j9iinff9 -r /tf:=tf -r /tf_static:=tf_static -r cmd_vel:=cmd_vel_nav"
2026-09-12T22:19:41Z,17,"compAB_r2_singleton",408512,"smoother_server",4.0,49252,19734,"/opt/ros/jazzy/lib/nav2_smoother/smoother_server --ros-args --log-level info --ros-args -r __node:=smoother_server -p use_sim_time:=False --params-file /tmp/launch_params_j9iinff9 -r /tf:=tf -r /tf_static:=tf_static"
2026-09-12T22:19:41Z,17,"compAB_r2_singleton",408513,"planner_server",4.4,58224,27443,"/opt/ros/jazzy/lib/nav2_planner/planner_server --ros-args --log-level info --ros-args -r __node:=planner_server -p use_sim_time:=False --params-file /tmp/launch_params_j9iinff9 -r /tf:=tf -r /tf_static:=tf_static"
2026-09-12T22:19:41Z,17,"compAB_r2_singleton",408514,"route_server",4.0,52916,22742,"/opt/ros/jazzy/lib/nav2_route/route_server --ros-args --log-level info --ros-args -r __node:=route_server -p use_sim_time:=False --params-file /tmp/launch_params_j9iinff9 -r /tf:=tf -r /tf_static:=tf_static"
2026-09-12T22:19:41Z,17,"compAB_r2_singleton",408515,"behavior_server",4.6,53920,23877,"/opt/ros/jazzy/lib/nav2_behaviors/behavior_server --ros-args --log-level info --ros-args -r __node:=behavior_server -p use_sim_time:=False --params-file /tmp/launch_params_j9iinff9 -r /tf:=tf -r /tf_static:=tf_static -r cmd_vel:=cmd_vel_nav"
2026-09-12T22:19:41Z,17,"compAB_r2_singleton",408516,"bt_navigator",6.8,77592,48565,"/opt/ros/jazzy/lib/nav2_bt_navigator/bt_navigator --ros-args --log-level info --ros-args -r __node:=bt_navigator -p use_sim_time:=False --params-file /tmp/launch_params_j9iinff9 -r /tf:=tf -r /tf_static:=tf_static"
2026-09-12T22:19:41Z,17,"compAB_r2_singleton",408517,"waypoint_follow",3.5,46684,19241,"/opt/ros/jazzy/lib/nav2_waypoint_follower/waypoint_follower --ros-args --log-level info --ros-args -r __node:=waypoint_follower -p use_sim_time:=False --params-file /tmp/launch_params_j9iinff9 -r /tf:=tf -r /tf_static:=tf_static"
2026-09-12T22:19:41Z,17,"compAB_r2_singleton",408518,"velocity_smooth",3.4,39572,16096,"/opt/ros/jazzy/lib/nav2_velocity_smoother/velocity_smoother --ros-args --log-level info --ros-args -r __node:=velocity_smoother -p use_sim_time:=False --params-file /tmp/launch_params_j9iinff9 -r /tf:=tf -r /tf_static:=tf_static -r cmd_vel:=cmd_vel_nav"
2026-09-12T22:19:41Z,17,"compAB_r2_singleton",408519,"collision_monit",4.0,51288,21389,"/opt/ros/jazzy/lib/nav2_collision_monitor/collision_monitor --ros-args --log-level info --ros-args -r __node:=collision_monitor -p use_sim_time:=False --params-file /tmp/launch_params_j9iinff9 -r /tf:=tf -r /tf_static:=tf_static"
2026-09-12T22:19:41Z,17,"compAB_r2_singleton",408521,"lifecycle_manag",8.9,46720,20762,"/opt/ros/jazzy/lib/nav2_lifecycle_manager/lifecycle_manager --ros-args --log-level info --ros-args -r __node:=lifecycle_manager_navigation -p use_sim_time:=False --params-file /tmp/launch_params_gv1a6bko --params-file /tmp/launch_params_6bl7znxa"
2026-09-12T22:19:41Z,17,"compAB_r2_singleton",408773,"bash",0.0,2376,558,"bash /cbab5/work/scripts/run_nav2_composition_ab.sh --label compAB_r2 --duration 120"
2026-09-12T22:19:41Z,17,"compAB_r2_singleton",408774,"python3",9.7,85404,54214,"python3 /cbab5/work/scripts/nav_goal_sender.py --x 4.0 --y 4.0 --yaw 0.0 --repeat 0 --pause 1"
2026-09-12T22:19:41Z,17,"compAB_r2_singleton",408900,"bash",1.1,4480,1019,"bash /oomwoo/contributions/compute-benchmark/xbattlax/scripts/measure_ros_processes.sh --pattern python3|ros2|nav2|component_container|nav_goal_sender|amcl|map_server|planner|controller|behavior|bt_nav|smoother|waypoint --duration 110 --interval 2 --label compAB_r2_singleton --output /cbab5/work/scripts/../results/composition_ab/compAB_r2_singleton_20260912T221503Z.csv"
2026-09-12T22:19:44Z,18,"compAB_r2_singleton",340884,"python3",0.2,79916,50953,"/usr/bin/python3 -c from ros2cli.daemon.daemonize import main; main() --name ros2-daemon --ros-domain-id 0 --rmw-implementation rmw_fastrtps_cpp"
2026-09-12T22:19:44Z,18,"compAB_r2_singleton",386842,"bash",0.0,4004,951,"bash -c source /opt/ros/jazzy/setup.bash && bash /cbab5/work/scripts/run_nav2_composition_ab.sh --label compAB_r2 --duration 120 >/dev/null 2>&1; ls /cbab5/work/results/composition_ab/ | grep r2"
2026-09-12T22:19:44Z,18,"compAB_r2_singleton",386855,"bash",0.0,4252,1250,"bash /cbab5/work/scripts/run_nav2_composition_ab.sh --label compAB_r2 --duration 120"
2026-09-12T22:19:44Z,18,"compAB_r2_singleton",408488,"python3",5.6,78720,48654,"python3 /cbab5/work/scripts/synthetic_scan_publisher.py --duration 220 --loop-s 40 --hz 5.0"
2026-09-12T22:19:44Z,18,"compAB_r2_singleton",408504,"ros2",0.6,43900,30629,"/usr/bin/python3 /opt/ros/jazzy/bin/ros2 launch nav2_bringup bringup_launch.py map:=/cbab5/work/scripts/../results/composition_ab/compAB_nav2_map.yaml params_file:=/cbab5/work/scripts/nav2_params_bench.yaml use_sim_time:=False autostart:=True slam:=False use_composition:=False"
2026-09-12T22:19:44Z,18,"compAB_r2_singleton",408508,"map_server",3.5,49428,23101,"/opt/ros/jazzy/lib/nav2_map_server/map_server --ros-args --log-level info --ros-args -r __node:=map_server -p use_sim_time:=False --params-file /tmp/launch_params_amag_3a0 --params-file /tmp/launch_params_8jw_ii1a -r /tf:=tf -r /tf_static:=tf_static"
2026-09-12T22:19:44Z,18,"compAB_r2_singleton",408509,"amcl",6.4,51132,22343,"/opt/ros/jazzy/lib/nav2_amcl/amcl --ros-args --log-level info --ros-args -r __node:=amcl -p use_sim_time:=False --params-file /tmp/launch_params_amag_3a0 -r /tf:=tf -r /tf_static:=tf_static"
2026-09-12T22:19:44Z,18,"compAB_r2_singleton",408510,"lifecycle_manag",3.9,42360,16604,"/opt/ros/jazzy/lib/nav2_lifecycle_manager/lifecycle_manager --ros-args --log-level info --ros-args -r __node:=lifecycle_manager_localization -p use_sim_time:=False --params-file /tmp/launch_params_1xbcgfz6 --params-file /tmp/launch_params_fmevwfj1"
2026-09-12T22:19:44Z,18,"compAB_r2_singleton",408511,"controller_serv",9.8,71024,39876,"/opt/ros/jazzy/lib/nav2_controller/controller_server --ros-args --log-level info --ros-args -p use_sim_time:=False --params-file /tmp/launch_params_j9iinff9 -r /tf:=tf -r /tf_static:=tf_static -r cmd_vel:=cmd_vel_nav"
2026-09-12T22:19:44Z,18,"compAB_r2_singleton",408512,"smoother_server",4.0,49252,19734,"/opt/ros/jazzy/lib/nav2_smoother/smoother_server --ros-args --log-level info --ros-args -r __node:=smoother_server -p use_sim_time:=False --params-file /tmp/launch_params_j9iinff9 -r /tf:=tf -r /tf_static:=tf_static"
2026-09-12T22:19:44Z,18,"compAB_r2_singleton",408513,"planner_server",4.4,58224,27442,"/opt/ros/jazzy/lib/nav2_planner/planner_server --ros-args --log-level info --ros-args -r __node:=planner_server -p use_sim_time:=False --params-file /tmp/launch_params_j9iinff9 -r /tf:=tf -r /tf_static:=tf_static"
2026-09-12T22:19:44Z,18,"compAB_r2_singleton",408514,"route_server",4.0,52916,22742,"/opt/ros/jazzy/lib/nav2_route/route_server --ros-args --log-level info --ros-args -r __node:=route_server -p use_sim_time:=False --params-file /tmp/launch_params_j9iinff9 -r /tf:=tf -r /tf_static:=tf_static"
2026-09-12T22:19:44Z,18,"compAB_r2_singleton",408515,"behavior_server",4.6,53920,23873,"/opt/ros/jazzy/lib/nav2_behaviors/behavior_server --ros-args --log-level info --ros-args -r __node:=behavior_server -p use_sim_time:=False --params-file /tmp/launch_params_j9iinff9 -r /tf:=tf -r /tf_static:=tf_static -r cmd_vel:=cmd_vel_nav"
2026-09-12T22:19:44Z,18,"compAB_r2_singleton",408516,"bt_navigator",6.8,77576,48548,"/opt/ros/jazzy/lib/nav2_bt_navigator/bt_navigator --ros-args --log-level info --ros-args -r __node:=bt_navigator -p use_sim_time:=False --params-file /tmp/launch_params_j9iinff9 -r /tf:=tf -r /tf_static:=tf_static"
2026-09-12T22:19:44Z,18,"compAB_r2_singleton",408517,"waypoint_follow",3.5,46684,19241,"/opt/ros/jazzy/lib/nav2_waypoint_follower/waypoint_follower --ros-args --log-level info --ros-args -r __node:=waypoint_follower -p use_sim_time:=False --params-file /tmp/launch_params_j9iinff9 -r /tf:=tf -r /tf_static:=tf_static"
2026-09-12T22:19:44Z,18,"compAB_r2_singleton",408518,"velocity_smooth",3.5,39572,16096,"/opt/ros/jazzy/lib/nav2_velocity_smoother/velocity_smoother --ros-args --log-level info --ros-args -r __node:=velocity_smoother -p use_sim_time:=False --params-file /tmp/launch_params_j9iinff9 -r /tf:=tf -r /tf_static:=tf_static -r cmd_vel:=cmd_vel_nav"
2026-09-12T22:19:44Z,18,"compAB_r2_singleton",408519,"collision_monit",4.0,51292,21393,"/opt/ros/jazzy/lib/nav2_collision_monitor/collision_monitor --ros-args --log-level info --ros-args -r __node:=collision_monitor -p use_sim_time:=False --params-file /tmp/launch_params_j9iinff9 -r /tf:=tf -r /tf_static:=tf_static"
2026-09-12T22:19:44Z,18,"compAB_r2_singleton",408521,"lifecycle_manag",8.9,46720,20762,"/opt/ros/jazzy/lib/nav2_lifecycle_manager/lifecycle_manager --ros-args --log-level info --ros-args -r __node:=lifecycle_manager_navigation -p use_sim_time:=False --params-file /tmp/launch_params_gv1a6bko --params-file /tmp/launch_params_6bl7znxa"
2026-09-12T22:19:44Z,18,"compAB_r2_singleton",408773,"bash",0.0,2376,558,"bash /cbab5/work/scripts/run_nav2_composition_ab.sh --label compAB_r2 --duration 120"
2026-09-12T22:19:44Z,18,"compAB_r2_singleton",408774,"python3",9.6,85404,54213,"python3 /cbab5/work/scripts/nav_goal_sender.py --x 4.0 --y 4.0 --yaw 0.0 --repeat 0 --pause 1"
2026-09-12T22:19:44Z,18,"compAB_r2_singleton",408900,"bash",1.1,4484,1017,"bash /oomwoo/contributions/compute-benchmark/xbattlax/scripts/measure_ros_processes.sh --pattern python3|ros2|nav2|component_container|nav_goal_sender|amcl|map_server|planner|controller|behavior|bt_nav|smoother|waypoint --duration 110 --interval 2 --label compAB_r2_singleton --output /cbab5/work/scripts/../results/composition_ab/compAB_r2_singleton_20260912T221503Z.csv"
2026-09-12T22:19:47Z,19,"compAB_r2_singleton",340884,"python3",0.2,79916,50956,"/usr/bin/python3 -c from ros2cli.daemon.daemonize import main; main() --name ros2-daemon --ros-domain-id 0 --rmw-implementation rmw_fastrtps_cpp"
2026-09-12T22:19:47Z,19,"compAB_r2_singleton",386842,"bash",0.0,4004,951,"bash -c source /opt/ros/jazzy/setup.bash && bash /cbab5/work/scripts/run_nav2_composition_ab.sh --label compAB_r2 --duration 120 >/dev/null 2>&1; ls /cbab5/work/results/composition_ab/ | grep r2"
2026-09-12T22:19:47Z,19,"compAB_r2_singleton",386855,"bash",0.0,4252,1242,"bash /cbab5/work/scripts/run_nav2_composition_ab.sh --label compAB_r2 --duration 120"
2026-09-12T22:19:47Z,19,"compAB_r2_singleton",408488,"python3",5.6,78720,48653,"python3 /cbab5/work/scripts/synthetic_scan_publisher.py --duration 220 --loop-s 40 --hz 5.0"
2026-09-12T22:19:47Z,19,"compAB_r2_singleton",408504,"ros2",0.6,43900,30625,"/usr/bin/python3 /opt/ros/jazzy/bin/ros2 launch nav2_bringup bringup_launch.py map:=/cbab5/work/scripts/../results/composition_ab/compAB_nav2_map.yaml params_file:=/cbab5/work/scripts/nav2_params_bench.yaml use_sim_time:=False autostart:=True slam:=False use_composition:=False"
2026-09-12T22:19:47Z,19,"compAB_r2_singleton",408508,"map_server",3.4,49428,23102,"/opt/ros/jazzy/lib/nav2_map_server/map_server --ros-args --log-level info --ros-args -r __node:=map_server -p use_sim_time:=False --params-file /tmp/launch_params_amag_3a0 --params-file /tmp/launch_params_8jw_ii1a -r /tf:=tf -r /tf_static:=tf_static"
2026-09-12T22:19:47Z,19,"compAB_r2_singleton",408509,"amcl",6.3,51132,22343,"/opt/ros/jazzy/lib/nav2_amcl/amcl --ros-args --log-level info --ros-args -r __node:=amcl -p use_sim_time:=False --params-file /tmp/launch_params_amag_3a0 -r /tf:=tf -r /tf_static:=tf_static"
2026-09-12T22:19:47Z,19,"compAB_r2_singleton",408510,"lifecycle_manag",3.9,42360,16604,"/opt/ros/jazzy/lib/nav2_lifecycle_manager/lifecycle_manager --ros-args --log-level info --ros-args -r __node:=lifecycle_manager_localization -p use_sim_time:=False --params-file /tmp/launch_params_1xbcgfz6 --params-file /tmp/launch_params_fmevwfj1"
2026-09-12T22:19:47Z,19,"compAB_r2_singleton",408511,"controller_serv",9.9,70452,39304,"/opt/ros/jazzy/lib/nav2_controller/controller_server --ros-args --log-level info --ros-args -p use_sim_time:=False --params-file /tmp/launch_params_j9iinff9 -r /tf:=tf -r /tf_static:=tf_static -r cmd_vel:=cmd_vel_nav"
2026-09-12T22:19:47Z,19,"compAB_r2_singleton",408512,"smoother_server",3.9,49252,19734,"/opt/ros/jazzy/lib/nav2_smoother/smoother_server --ros-args --log-level info --ros-args -r __node:=smoother_server -p use_sim_time:=False --params-file /tmp/launch_params_j9iinff9 -r /tf:=tf -r /tf_static:=tf_static"
2026-09-12T22:19:47Z,19,"compAB_r2_singleton",408513,"planner_server",4.4,58224,27442,"/opt/ros/jazzy/lib/nav2_planner/planner_server --ros-args --log-level info --ros-args -r __node:=planner_server -p use_sim_time:=False --params-file /tmp/launch_params_j9iinff9 -r /tf:=tf -r /tf_static:=tf_static"
2026-09-12T22:19:47Z,19,"compAB_r2_singleton",408514,"route_server",4.0,52916,22742,"/opt/ros/jazzy/lib/nav2_route/route_server --ros-args --log-level info --ros-args -r __node:=route_server -p use_sim_time:=False --params-file /tmp/launch_params_j9iinff9 -r /tf:=tf -r /tf_static:=tf_static"
2026-09-12T22:19:47Z,19,"compAB_r2_singleton",408515,"behavior_server",4.6,53920,23873,"/opt/ros/jazzy/lib/nav2_behaviors/behavior_server --ros-args --log-level info --ros-args -r __node:=behavior_server -p use_sim_time:=False --params-file /tmp/launch_params_j9iinff9 -r /tf:=tf -r /tf_static:=tf_static -r cmd_vel:=cmd_vel_nav"
2026-09-12T22:19:47Z,19,"compAB_r2_singleton",408516,"bt_navigator",6.8,77576,48549,"/opt/ros/jazzy/lib/nav2_bt_navigator/bt_navigator --ros-args --log-level info --ros-args -r __node:=bt_navigator -p use_sim_time:=False --params-file /tmp/launch_params_j9iinff9 -r /tf:=tf -r /tf_static:=tf_static"
2026-09-12T22:19:47Z,19,"compAB_r2_singleton",408517,"waypoint_follow",3.4,46688,19245,"/opt/ros/jazzy/lib/nav2_waypoint_follower/waypoint_follower --ros-args --log-level info --ros-args -r __node:=waypoint_follower -p use_sim_time:=False --params-file /tmp/launch_params_j9iinff9 -r /tf:=tf -r /tf_static:=tf_static"
2026-09-12T22:19:47Z,19,"compAB_r2_singleton",408518,"velocity_smooth",3.4,39572,16096,"/opt/ros/jazzy/lib/nav2_velocity_smoother/velocity_smoother --ros-args --log-level info --ros-args -r __node:=velocity_smoother -p use_sim_time:=False --params-file /tmp/launch_params_j9iinff9 -r /tf:=tf -r /tf_static:=tf_static -r cmd_vel:=cmd_vel_nav"
2026-09-12T22:19:47Z,19,"compAB_r2_singleton",408519,"collision_monit",4.0,51292,21392,"/opt/ros/jazzy/lib/nav2_collision_monitor/collision_monitor --ros-args --log-level info --ros-args -r __node:=collision_monitor -p use_sim_time:=False --params-file /tmp/launch_params_j9iinff9 -r /tf:=tf -r /tf_static:=tf_static"
2026-09-12T22:19:47Z,19,"compAB_r2_singleton",408521,"lifecycle_manag",8.9,46720,20762,"/opt/ros/jazzy/lib/nav2_lifecycle_manager/lifecycle_manager --ros-args --log-level info --ros-args -r __node:=lifecycle_manager_navigation -p use_sim_time:=False --params-file /tmp/launch_params_gv1a6bko --params-file /tmp/launch_params_6bl7znxa"
2026-09-12T22:19:47Z,19,"compAB_r2_singleton",408773,"bash",0.0,2376,558,"bash /cbab5/work/scripts/run_nav2_composition_ab.sh --label compAB_r2 --duration 120"
2026-09-12T22:19:47Z,19,"compAB_r2_singleton",408774,"python3",9.5,85408,54217,"python3 /cbab5/work/scripts/nav_goal_sender.py --x 4.0 --y 4.0 --yaw 0.0 --repeat 0 --pause 1"
2026-09-12T22:19:47Z,19,"compAB_r2_singleton",408900,"bash",1.1,4484,1017,"bash /oomwoo/contributions/compute-benchmark/xbattlax/scripts/measure_ros_processes.sh --pattern python3|ros2|nav2|component_container|nav_goal_sender|amcl|map_server|planner|controller|behavior|bt_nav|smoother|waypoint --duration 110 --interval 2 --label compAB_r2_singleton --output /cbab5/work/scripts/../results/composition_ab/compAB_r2_singleton_20260912T221503Z.csv"
2026-09-12T22:19:50Z,20,"compAB_r2_singleton",340884,"python3",0.2,79916,50964,"/usr/bin/python3 -c from ros2cli.daemon.daemonize import main; main() --name ros2-daemon --ros-domain-id 0 --rmw-implementation rmw_fastrtps_cpp"
2026-09-12T22:19:50Z,20,"compAB_r2_singleton",386842,"bash",0.0,4004,951,"bash -c source /opt/ros/jazzy/setup.bash && bash /cbab5/work/scripts/run_nav2_composition_ab.sh --label compAB_r2 --duration 120 >/dev/null 2>&1; ls /cbab5/work/results/composition_ab/ | grep r2"
2026-09-12T22:19:50Z,20,"compAB_r2_singleton",386855,"bash",0.0,4252,1246,"bash /cbab5/work/scripts/run_nav2_composition_ab.sh --label compAB_r2 --duration 120"
2026-09-12T22:19:50Z,20,"compAB_r2_singleton",408488,"python3",5.6,78720,48652,"python3 /cbab5/work/scripts/synthetic_scan_publisher.py --duration 220 --loop-s 40 --hz 5.0"
2026-09-12T22:19:50Z,20,"compAB_r2_singleton",408504,"ros2",0.6,43900,30624,"/usr/bin/python3 /opt/ros/jazzy/bin/ros2 launch nav2_bringup bringup_launch.py map:=/cbab5/work/scripts/../results/composition_ab/compAB_nav2_map.yaml params_file:=/cbab5/work/scripts/nav2_params_bench.yaml use_sim_time:=False autostart:=True slam:=False use_composition:=False"
2026-09-12T22:19:50Z,20,"compAB_r2_singleton",408508,"map_server",3.4,49428,23102,"/opt/ros/jazzy/lib/nav2_map_server/map_server --ros-args --log-level info --ros-args -r __node:=map_server -p use_sim_time:=False --params-file /tmp/launch_params_amag_3a0 --params-file /tmp/launch_params_8jw_ii1a -r /tf:=tf -r /tf_static:=tf_static"
2026-09-12T22:19:50Z,20,"compAB_r2_singleton",408509,"amcl",6.3,51132,22341,"/opt/ros/jazzy/lib/nav2_amcl/amcl --ros-args --log-level info --ros-args -r __node:=amcl -p use_sim_time:=False --params-file /tmp/launch_params_amag_3a0 -r /tf:=tf -r /tf_static:=tf_static"
2026-09-12T22:19:50Z,20,"compAB_r2_singleton",408510,"lifecycle_manag",3.9,42360,16604,"/opt/ros/jazzy/lib/nav2_lifecycle_manager/lifecycle_manager --ros-args --log-level info --ros-args -r __node:=lifecycle_manager_localization -p use_sim_time:=False --params-file /tmp/launch_params_1xbcgfz6 --params-file /tmp/launch_params_fmevwfj1"
2026-09-12T22:19:50Z,20,"compAB_r2_singleton",408511,"controller_serv",10.3,70588,39440,"/opt/ros/jazzy/lib/nav2_controller/controller_server --ros-args --log-level info --ros-args -p use_sim_time:=False --params-file /tmp/launch_params_j9iinff9 -r /tf:=tf -r /tf_static:=tf_static -r cmd_vel:=cmd_vel_nav"
2026-09-12T22:19:50Z,20,"compAB_r2_singleton",408512,"smoother_server",3.9,49252,19734,"/opt/ros/jazzy/lib/nav2_smoother/smoother_server --ros-args --log-level info --ros-args -r __node:=smoother_server -p use_sim_time:=False --params-file /tmp/launch_params_j9iinff9 -r /tf:=tf -r /tf_static:=tf_static"
2026-09-12T22:19:50Z,20,"compAB_r2_singleton",408513,"planner_server",4.4,58284,27501,"/opt/ros/jazzy/lib/nav2_planner/planner_server --ros-args --log-level info --ros-args -r __node:=planner_server -p use_sim_time:=False --params-file /tmp/launch_params_j9iinff9 -r /tf:=tf -r /tf_static:=tf_static"
2026-09-12T22:19:50Z,20,"compAB_r2_singleton",408514,"route_server",4.0,52916,22742,"/opt/ros/jazzy/lib/nav2_route/route_server --ros-args --log-level info --ros-args -r __node:=route_server -p use_sim_time:=False --params-file /tmp/launch_params_j9iinff9 -r /tf:=tf -r /tf_static:=tf_static"
2026-09-12T22:19:50Z,20,"compAB_r2_singleton",408515,"behavior_server",4.6,53920,23873,"/opt/ros/jazzy/lib/nav2_behaviors/behavior_server --ros-args --log-level info --ros-args -r __node:=behavior_server -p use_sim_time:=False --params-file /tmp/launch_params_j9iinff9 -r /tf:=tf -r /tf_static:=tf_static -r cmd_vel:=cmd_vel_nav"
2026-09-12T22:19:50Z,20,"compAB_r2_singleton",408516,"bt_navigator",6.8,77600,48573,"/opt/ros/jazzy/lib/nav2_bt_navigator/bt_navigator --ros-args --log-level info --ros-args -r __node:=bt_navigator -p use_sim_time:=False --params-file /tmp/launch_params_j9iinff9 -r /tf:=tf -r /tf_static:=tf_static"
2026-09-12T22:19:50Z,20,"compAB_r2_singleton",408517,"waypoint_follow",3.4,46688,19245,"/opt/ros/jazzy/lib/nav2_waypoint_follower/waypoint_follower --ros-args --log-level info --ros-args -r __node:=waypoint_follower -p use_sim_time:=False --params-file /tmp/launch_params_j9iinff9 -r /tf:=tf -r /tf_static:=tf_static"
2026-09-12T22:19:50Z,20,"compAB_r2_singleton",408518,"velocity_smooth",3.4,39572,16095,"/opt/ros/jazzy/lib/nav2_velocity_smoother/velocity_smoother --ros-args --log-level info --ros-args -r __node:=velocity_smoother -p use_sim_time:=False --params-file /tmp/launch_params_j9iinff9 -r /tf:=tf -r /tf_static:=tf_static -r cmd_vel:=cmd_vel_nav"
2026-09-12T22:19:50Z,20,"compAB_r2_singleton",408519,"collision_monit",4.0,51292,21392,"/opt/ros/jazzy/lib/nav2_collision_monitor/collision_monitor --ros-args --log-level info --ros-args -r __node:=collision_monitor -p use_sim_time:=False --params-file /tmp/launch_params_j9iinff9 -r /tf:=tf -r /tf_static:=tf_static"
2026-09-12T22:19:50Z,20,"compAB_r2_singleton",408521,"lifecycle_manag",8.8,46720,20762,"/opt/ros/jazzy/lib/nav2_lifecycle_manager/lifecycle_manager --ros-args --log-level info --ros-args -r __node:=lifecycle_manager_navigation -p use_sim_time:=False --params-file /tmp/launch_params_gv1a6bko --params-file /tmp/launch_params_6bl7znxa"
2026-09-12T22:19:50Z,20,"compAB_r2_singleton",408773,"bash",0.0,2376,558,"bash /cbab5/work/scripts/run_nav2_composition_ab.sh --label compAB_r2 --duration 120"
2026-09-12T22:19:50Z,20,"compAB_r2_singleton",408774,"python3",9.5,85408,54216,"python3 /cbab5/work/scripts/nav_goal_sender.py --x 4.0 --y 4.0 --yaw 0.0 --repeat 0 --pause 1"
2026-09-12T22:19:50Z,20,"compAB_r2_singleton",408900,"bash",1.1,4484,1021,"bash /oomwoo/contributions/compute-benchmark/xbattlax/scripts/measure_ros_processes.sh --pattern python3|ros2|nav2|component_container|nav_goal_sender|amcl|map_server|planner|controller|behavior|bt_nav|smoother|waypoint --duration 110 --interval 2 --label compAB_r2_singleton --output /cbab5/work/scripts/../results/composition_ab/compAB_r2_singleton_20260912T221503Z.csv"
2026-09-12T22:19:52Z,21,"compAB_r2_singleton",340884,"python3",0.2,79916,50953,"/usr/bin/python3 -c from ros2cli.daemon.daemonize import main; main() --name ros2-daemon --ros-domain-id 0 --rmw-implementation rmw_fastrtps_cpp"
2026-09-12T22:19:52Z,21,"compAB_r2_singleton",386842,"bash",0.0,4004,951,"bash -c source /opt/ros/jazzy/setup.bash && bash /cbab5/work/scripts/run_nav2_composition_ab.sh --label compAB_r2 --duration 120 >/dev/null 2>&1; ls /cbab5/work/results/composition_ab/ | grep r2"
2026-09-12T22:19:52Z,21,"compAB_r2_singleton",386855,"bash",0.0,4252,1248,"bash /cbab5/work/scripts/run_nav2_composition_ab.sh --label compAB_r2 --duration 120"
2026-09-12T22:19:52Z,21,"compAB_r2_singleton",408488,"python3",5.6,78720,48653,"python3 /cbab5/work/scripts/synthetic_scan_publisher.py --duration 220 --loop-s 40 --hz 5.0"
2026-09-12T22:19:52Z,21,"compAB_r2_singleton",408504,"ros2",0.5,43900,30625,"/usr/bin/python3 /opt/ros/jazzy/bin/ros2 launch nav2_bringup bringup_launch.py map:=/cbab5/work/scripts/../results/composition_ab/compAB_nav2_map.yaml params_file:=/cbab5/work/scripts/nav2_params_bench.yaml use_sim_time:=False autostart:=True slam:=False use_composition:=False"
2026-09-12T22:19:52Z,21,"compAB_r2_singleton",408508,"map_server",3.4,49428,23102,"/opt/ros/jazzy/lib/nav2_map_server/map_server --ros-args --log-level info --ros-args -r __node:=map_server -p use_sim_time:=False --params-file /tmp/launch_params_amag_3a0 --params-file /tmp/launch_params_8jw_ii1a -r /tf:=tf -r /tf_static:=tf_static"
2026-09-12T22:19:52Z,21,"compAB_r2_singleton",408509,"amcl",6.3,51132,22342,"/opt/ros/jazzy/lib/nav2_amcl/amcl --ros-args --log-level info --ros-args -r __node:=amcl -p use_sim_time:=False --params-file /tmp/launch_params_amag_3a0 -r /tf:=tf -r /tf_static:=tf_static"
2026-09-12T22:19:52Z,21,"compAB_r2_singleton",408510,"lifecycle_manag",3.9,42360,16604,"/opt/ros/jazzy/lib/nav2_lifecycle_manager/lifecycle_manager --ros-args --log-level info --ros-args -r __node:=lifecycle_manager_localization -p use_sim_time:=False --params-file /tmp/launch_params_1xbcgfz6 --params-file /tmp/launch_params_fmevwfj1"
2026-09-12T22:19:52Z,21,"compAB_r2_singleton",408511,"controller_serv",10.2,70144,38996,"/opt/ros/jazzy/lib/nav2_controller/controller_server --ros-args --log-level info --ros-args -p use_sim_time:=False --params-file /tmp/launch_params_j9iinff9 -r /tf:=tf -r /tf_static:=tf_static -r cmd_vel:=cmd_vel_nav"
2026-09-12T22:19:52Z,21,"compAB_r2_singleton",408512,"smoother_server",3.9,49252,19734,"/opt/ros/jazzy/lib/nav2_smoother/smoother_server --ros-args --log-level info --ros-args -r __node:=smoother_server -p use_sim_time:=False --params-file /tmp/launch_params_j9iinff9 -r /tf:=tf -r /tf_static:=tf_static"
2026-09-12T22:19:52Z,21,"compAB_r2_singleton",408513,"planner_server",4.4,58284,27501,"/opt/ros/jazzy/lib/nav2_planner/planner_server --ros-args --log-level info --ros-args -r __node:=planner_server -p use_sim_time:=False --params-file /tmp/launch_params_j9iinff9 -r /tf:=tf -r /tf_static:=tf_static"
2026-09-12T22:19:52Z,21,"compAB_r2_singleton",408514,"route_server",4.0,52916,22742,"/opt/ros/jazzy/lib/nav2_route/route_server --ros-args --log-level info --ros-args -r __node:=route_server -p use_sim_time:=False --params-file /tmp/launch_params_j9iinff9 -r /tf:=tf -r /tf_static:=tf_static"
2026-09-12T22:19:52Z,21,"compAB_r2_singleton",408515,"behavior_server",4.6,53920,23873,"/opt/ros/jazzy/lib/nav2_behaviors/behavior_server --ros-args --log-level info --ros-args -r __node:=behavior_server -p use_sim_time:=False --params-file /tmp/launch_params_j9iinff9 -r /tf:=tf -r /tf_static:=tf_static -r cmd_vel:=cmd_vel_nav"
2026-09-12T22:19:52Z,21,"compAB_r2_singleton",408516,"bt_navigator",6.9,77600,48572,"/opt/ros/jazzy/lib/nav2_bt_navigator/bt_navigator --ros-args --log-level info --ros-args -r __node:=bt_navigator -p use_sim_time:=False --params-file /tmp/launch_params_j9iinff9 -r /tf:=tf -r /tf_static:=tf_static"
2026-09-12T22:19:52Z,21,"compAB_r2_singleton",408517,"waypoint_follow",3.4,46688,19245,"/opt/ros/jazzy/lib/nav2_waypoint_follower/waypoint_follower --ros-args --log-level info --ros-args -r __node:=waypoint_follower -p use_sim_time:=False --params-file /tmp/launch_params_j9iinff9 -r /tf:=tf -r /tf_static:=tf_static"
2026-09-12T22:19:52Z,21,"compAB_r2_singleton",408518,"velocity_smooth",3.4,39572,16095,"/opt/ros/jazzy/lib/nav2_velocity_smoother/velocity_smoother --ros-args --log-level info --ros-args -r __node:=velocity_smoother -p use_sim_time:=False --params-file /tmp/launch_params_j9iinff9 -r /tf:=tf -r /tf_static:=tf_static -r cmd_vel:=cmd_vel_nav"
2026-09-12T22:19:52Z,21,"compAB_r2_singleton",408519,"collision_monit",4.0,51292,21392,"/opt/ros/jazzy/lib/nav2_collision_monitor/collision_monitor --ros-args --log-level info --ros-args -r __node:=collision_monitor -p use_sim_time:=False --params-file /tmp/launch_params_j9iinff9 -r /tf:=tf -r /tf_static:=tf_static"
2026-09-12T22:19:52Z,21,"compAB_r2_singleton",408521,"lifecycle_manag",8.8,46720,20762,"/opt/ros/jazzy/lib/nav2_lifecycle_manager/lifecycle_manager --ros-args --log-level info --ros-args -r __node:=lifecycle_manager_navigation -p use_sim_time:=False --params-file /tmp/launch_params_gv1a6bko --params-file /tmp/launch_params_6bl7znxa"
2026-09-12T22:19:52Z,21,"compAB_r2_singleton",408773,"bash",0.0,2376,557,"bash /cbab5/work/scripts/run_nav2_composition_ab.sh --label compAB_r2 --duration 120"
2026-09-12T22:19:52Z,21,"compAB_r2_singleton",408774,"python3",9.4,85416,54225,"python3 /cbab5/work/scripts/nav_goal_sender.py --x 4.0 --y 4.0 --yaw 0.0 --repeat 0 --pause 1"
2026-09-12T22:19:52Z,21,"compAB_r2_singleton",408900,"bash",1.1,4484,1021,"bash /oomwoo/contributions/compute-benchmark/xbattlax/scripts/measure_ros_processes.sh --pattern python3|ros2|nav2|component_container|nav_goal_sender|amcl|map_server|planner|controller|behavior|bt_nav|smoother|waypoint --duration 110 --interval 2 --label compAB_r2_singleton --output /cbab5/work/scripts/../results/composition_ab/compAB_r2_singleton_20260912T221503Z.csv"
2026-09-12T22:19:55Z,22,"compAB_r2_singleton",340884,"python3",0.2,79916,50956,"/usr/bin/python3 -c from ros2cli.daemon.daemonize import main; main() --name ros2-daemon --ros-domain-id 0 --rmw-implementation rmw_fastrtps_cpp"
2026-09-12T22:19:55Z,22,"compAB_r2_singleton",386842,"bash",0.0,4004,958,"bash -c source /opt/ros/jazzy/setup.bash && bash /cbab5/work/scripts/run_nav2_composition_ab.sh --label compAB_r2 --duration 120 >/dev/null 2>&1; ls /cbab5/work/results/composition_ab/ | grep r2"
2026-09-12T22:19:55Z,22,"compAB_r2_singleton",386855,"bash",0.0,4252,1256,"bash /cbab5/work/scripts/run_nav2_composition_ab.sh --label compAB_r2 --duration 120"
2026-09-12T22:19:55Z,22,"compAB_r2_singleton",408488,"python3",5.6,78720,48652,"python3 /cbab5/work/scripts/synthetic_scan_publisher.py --duration 220 --loop-s 40 --hz 5.0"
2026-09-12T22:19:55Z,22,"compAB_r2_singleton",408504,"ros2",0.5,43900,30624,"/usr/bin/python3 /opt/ros/jazzy/bin/ros2 launch nav2_bringup bringup_launch.py map:=/cbab5/work/scripts/../results/composition_ab/compAB_nav2_map.yaml params_file:=/cbab5/work/scripts/nav2_params_bench.yaml use_sim_time:=False autostart:=True slam:=False use_composition:=False"
2026-09-12T22:19:55Z,22,"compAB_r2_singleton",408508,"map_server",3.4,49428,23101,"/opt/ros/jazzy/lib/nav2_map_server/map_server --ros-args --log-level info --ros-args -r __node:=map_server -p use_sim_time:=False --params-file /tmp/launch_params_amag_3a0 --params-file /tmp/launch_params_8jw_ii1a -r /tf:=tf -r /tf_static:=tf_static"
2026-09-12T22:19:55Z,22,"compAB_r2_singleton",408509,"amcl",6.3,51132,22341,"/opt/ros/jazzy/lib/nav2_amcl/amcl --ros-args --log-level info --ros-args -r __node:=amcl -p use_sim_time:=False --params-file /tmp/launch_params_amag_3a0 -r /tf:=tf -r /tf_static:=tf_static"
2026-09-12T22:19:55Z,22,"compAB_r2_singleton",408510,"lifecycle_manag",3.9,42360,16604,"/opt/ros/jazzy/lib/nav2_lifecycle_manager/lifecycle_manager --ros-args --log-level info --ros-args -r __node:=lifecycle_manager_localization -p use_sim_time:=False --params-file /tmp/launch_params_1xbcgfz6 --params-file /tmp/launch_params_fmevwfj1"
2026-09-12T22:19:55Z,22,"compAB_r2_singleton",408511,"controller_serv",10.5,70148,39000,"/opt/ros/jazzy/lib/nav2_controller/controller_server --ros-args --log-level info --ros-args -p use_sim_time:=False --params-file /tmp/launch_params_j9iinff9 -r /tf:=tf -r /tf_static:=tf_static -r cmd_vel:=cmd_vel_nav"
2026-09-12T22:19:55Z,22,"compAB_r2_singleton",408512,"smoother_server",3.9,49252,19733,"/opt/ros/jazzy/lib/nav2_smoother/smoother_server --ros-args --log-level info --ros-args -r __node:=smoother_server -p use_sim_time:=False --params-file /tmp/launch_params_j9iinff9 -r /tf:=tf -r /tf_static:=tf_static"
2026-09-12T22:19:55Z,22,"compAB_r2_singleton",408513,"planner_server",4.4,58284,27502,"/opt/ros/jazzy/lib/nav2_planner/planner_server --ros-args --log-level info --ros-args -r __node:=planner_server -p use_sim_time:=False --params-file /tmp/launch_params_j9iinff9 -r /tf:=tf -r /tf_static:=tf_static"
2026-09-12T22:19:55Z,22,"compAB_r2_singleton",408514,"route_server",3.9,52916,22742,"/opt/ros/jazzy/lib/nav2_route/route_server --ros-args --log-level info --ros-args -r __node:=route_server -p use_sim_time:=False --params-file /tmp/launch_params_j9iinff9 -r /tf:=tf -r /tf_static:=tf_static"
2026-09-12T22:19:55Z,22,"compAB_r2_singleton",408515,"behavior_server",4.6,53920,23873,"/opt/ros/jazzy/lib/nav2_behaviors/behavior_server --ros-args --log-level info --ros-args -r __node:=behavior_server -p use_sim_time:=False --params-file /tmp/launch_params_j9iinff9 -r /tf:=tf -r /tf_static:=tf_static -r cmd_vel:=cmd_vel_nav"
2026-09-12T22:19:55Z,22,"compAB_r2_singleton",408516,"bt_navigator",6.9,77600,48573,"/opt/ros/jazzy/lib/nav2_bt_navigator/bt_navigator --ros-args --log-level info --ros-args -r __node:=bt_navigator -p use_sim_time:=False --params-file /tmp/launch_params_j9iinff9 -r /tf:=tf -r /tf_static:=tf_static"
2026-09-12T22:19:55Z,22,"compAB_r2_singleton",408517,"waypoint_follow",3.4,46688,19245,"/opt/ros/jazzy/lib/nav2_waypoint_follower/waypoint_follower --ros-args --log-level info --ros-args -r __node:=waypoint_follower -p use_sim_time:=False --params-file /tmp/launch_params_j9iinff9 -r /tf:=tf -r /tf_static:=tf_static"
2026-09-12T22:19:55Z,22,"compAB_r2_singleton",408518,"velocity_smooth",3.4,39572,16095,"/opt/ros/jazzy/lib/nav2_velocity_smoother/velocity_smoother --ros-args --log-level info --ros-args -r __node:=velocity_smoother -p use_sim_time:=False --params-file /tmp/launch_params_j9iinff9 -r /tf:=tf -r /tf_static:=tf_static -r cmd_vel:=cmd_vel_nav"
2026-09-12T22:19:55Z,22,"compAB_r2_singleton",408519,"collision_monit",4.0,51292,21392,"/opt/ros/jazzy/lib/nav2_collision_monitor/collision_monitor --ros-args --log-level info --ros-args -r __node:=collision_monitor -p use_sim_time:=False --params-file /tmp/launch_params_j9iinff9 -r /tf:=tf -r /tf_static:=tf_static"
2026-09-12T22:19:55Z,22,"compAB_r2_singleton",408521,"lifecycle_manag",8.8,46720,20762,"/opt/ros/jazzy/lib/nav2_lifecycle_manager/lifecycle_manager --ros-args --log-level info --ros-args -r __node:=lifecycle_manager_navigation -p use_sim_time:=False --params-file /tmp/launch_params_gv1a6bko --params-file /tmp/launch_params_6bl7znxa"
2026-09-12T22:19:55Z,22,"compAB_r2_singleton",408773,"bash",0.0,2376,558,"bash /cbab5/work/scripts/run_nav2_composition_ab.sh --label compAB_r2 --duration 120"
2026-09-12T22:19:55Z,22,"compAB_r2_singleton",408774,"python3",9.4,85416,54225,"python3 /cbab5/work/scripts/nav_goal_sender.py --x 4.0 --y 4.0 --yaw 0.0 --repeat 0 --pause 1"
2026-09-12T22:19:55Z,22,"compAB_r2_singleton",408900,"bash",1.1,4484,1022,"bash /oomwoo/contributions/compute-benchmark/xbattlax/scripts/measure_ros_processes.sh --pattern python3|ros2|nav2|component_container|nav_goal_sender|amcl|map_server|planner|controller|behavior|bt_nav|smoother|waypoint --duration 110 --interval 2 --label compAB_r2_singleton --output /cbab5/work/scripts/../results/composition_ab/compAB_r2_singleton_20260912T221503Z.csv"
2026-09-12T22:19:58Z,23,"compAB_r2_singleton",340884,"python3",0.2,79916,50966,"/usr/bin/python3 -c from ros2cli.daemon.daemonize import main; main() --name ros2-daemon --ros-domain-id 0 --rmw-implementation rmw_fastrtps_cpp"
2026-09-12T22:19:58Z,23,"compAB_r2_singleton",386842,"bash",0.0,4004,952,"bash -c source /opt/ros/jazzy/setup.bash && bash /cbab5/work/scripts/run_nav2_composition_ab.sh --label compAB_r2 --duration 120 >/dev/null 2>&1; ls /cbab5/work/results/composition_ab/ | grep r2"
2026-09-12T22:19:58Z,23,"compAB_r2_singleton",386855,"bash",0.0,4252,1243,"bash /cbab5/work/scripts/run_nav2_composition_ab.sh --label compAB_r2 --duration 120"
2026-09-12T22:19:58Z,23,"compAB_r2_singleton",408488,"python3",5.6,78720,48653,"python3 /cbab5/work/scripts/synthetic_scan_publisher.py --duration 220 --loop-s 40 --hz 5.0"
2026-09-12T22:19:58Z,23,"compAB_r2_singleton",408504,"ros2",0.5,43900,30625,"/usr/bin/python3 /opt/ros/jazzy/bin/ros2 launch nav2_bringup bringup_launch.py map:=/cbab5/work/scripts/../results/composition_ab/compAB_nav2_map.yaml params_file:=/cbab5/work/scripts/nav2_params_bench.yaml use_sim_time:=False autostart:=True slam:=False use_composition:=False"
2026-09-12T22:19:58Z,23,"compAB_r2_singleton",408508,"map_server",3.4,49428,23102,"/opt/ros/jazzy/lib/nav2_map_server/map_server --ros-args --log-level info --ros-args -r __node:=map_server -p use_sim_time:=False --params-file /tmp/launch_params_amag_3a0 --params-file /tmp/launch_params_8jw_ii1a -r /tf:=tf -r /tf_static:=tf_static"
2026-09-12T22:19:58Z,23,"compAB_r2_singleton",408509,"amcl",6.3,51132,22342,"/opt/ros/jazzy/lib/nav2_amcl/amcl --ros-args --log-level info --ros-args -r __node:=amcl -p use_sim_time:=False --params-file /tmp/launch_params_amag_3a0 -r /tf:=tf -r /tf_static:=tf_static"
2026-09-12T22:19:58Z,23,"compAB_r2_singleton",408510,"lifecycle_manag",3.9,42360,16604,"/opt/ros/jazzy/lib/nav2_lifecycle_manager/lifecycle_manager --ros-args --log-level info --ros-args -r __node:=lifecycle_manager_localization -p use_sim_time:=False --params-file /tmp/launch_params_1xbcgfz6 --params-file /tmp/launch_params_fmevwfj1"
2026-09-12T22:19:58Z,23,"compAB_r2_singleton",408511,"controller_serv",10.8,70148,39001,"/opt/ros/jazzy/lib/nav2_controller/controller_server --ros-args --log-level info --ros-args -p use_sim_time:=False --params-file /tmp/launch_params_j9iinff9 -r /tf:=tf -r /tf_static:=tf_static -r cmd_vel:=cmd_vel_nav"
2026-09-12T22:19:58Z,23,"compAB_r2_singleton",408512,"smoother_server",3.9,49252,19734,"/opt/ros/jazzy/lib/nav2_smoother/smoother_server --ros-args --log-level info --ros-args -r __node:=smoother_server -p use_sim_time:=False --params-file /tmp/launch_params_j9iinff9 -r /tf:=tf -r /tf_static:=tf_static"
2026-09-12T22:19:58Z,23,"compAB_r2_singleton",408513,"planner_server",4.4,58292,27510,"/opt/ros/jazzy/lib/nav2_planner/planner_server --ros-args --log-level info --ros-args -r __node:=planner_server -p use_sim_time:=False --params-file /tmp/launch_params_j9iinff9 -r /tf:=tf -r /tf_static:=tf_static"
2026-09-12T22:19:58Z,23,"compAB_r2_singleton",408514,"route_server",3.9,52916,22742,"/opt/ros/jazzy/lib/nav2_route/route_server --ros-args --log-level info --ros-args -r __node:=route_server -p use_sim_time:=False --params-file /tmp/launch_params_j9iinff9 -r /tf:=tf -r /tf_static:=tf_static"
2026-09-12T22:19:58Z,23,"compAB_r2_singleton",408515,"behavior_server",4.6,53920,23873,"/opt/ros/jazzy/lib/nav2_behaviors/behavior_server --ros-args --log-level info --ros-args -r __node:=behavior_server -p use_sim_time:=False --params-file /tmp/launch_params_j9iinff9 -r /tf:=tf -r /tf_static:=tf_static -r cmd_vel:=cmd_vel_nav"
2026-09-12T22:19:58Z,23,"compAB_r2_singleton",408516,"bt_navigator",6.9,77604,48577,"/opt/ros/jazzy/lib/nav2_bt_navigator/bt_navigator --ros-args --log-level info --ros-args -r __node:=bt_navigator -p use_sim_time:=False --params-file /tmp/launch_params_j9iinff9 -r /tf:=tf -r /tf_static:=tf_static"
2026-09-12T22:19:58Z,23,"compAB_r2_singleton",408517,"waypoint_follow",3.4,46688,19245,"/opt/ros/jazzy/lib/nav2_waypoint_follower/waypoint_follower --ros-args --log-level info --ros-args -r __node:=waypoint_follower -p use_sim_time:=False --params-file /tmp/launch_params_j9iinff9 -r /tf:=tf -r /tf_static:=tf_static"
2026-09-12T22:19:58Z,23,"compAB_r2_singleton",408518,"velocity_smooth",3.4,39572,16095,"/opt/ros/jazzy/lib/nav2_velocity_smoother/velocity_smoother --ros-args --log-level info --ros-args -r __node:=velocity_smoother -p use_sim_time:=False --params-file /tmp/launch_params_j9iinff9 -r /tf:=tf -r /tf_static:=tf_static -r cmd_vel:=cmd_vel_nav"
2026-09-12T22:19:58Z,23,"compAB_r2_singleton",408519,"collision_monit",4.0,51292,21393,"/opt/ros/jazzy/lib/nav2_collision_monitor/collision_monitor --ros-args --log-level info --ros-args -r __node:=collision_monitor -p use_sim_time:=False --params-file /tmp/launch_params_j9iinff9 -r /tf:=tf -r /tf_static:=tf_static"
2026-09-12T22:19:58Z,23,"compAB_r2_singleton",408521,"lifecycle_manag",8.8,46720,20762,"/opt/ros/jazzy/lib/nav2_lifecycle_manager/lifecycle_manager --ros-args --log-level info --ros-args -r __node:=lifecycle_manager_navigation -p use_sim_time:=False --params-file /tmp/launch_params_gv1a6bko --params-file /tmp/launch_params_6bl7znxa"
2026-09-12T22:19:58Z,23,"compAB_r2_singleton",408773,"bash",0.0,2376,558,"bash /cbab5/work/scripts/run_nav2_composition_ab.sh --label compAB_r2 --duration 120"
2026-09-12T22:19:58Z,23,"compAB_r2_singleton",408774,"python3",9.4,85416,54226,"python3 /cbab5/work/scripts/nav_goal_sender.py --x 4.0 --y 4.0 --yaw 0.0 --repeat 0 --pause 1"
2026-09-12T22:19:58Z,23,"compAB_r2_singleton",408900,"bash",1.1,4484,1019,"bash /oomwoo/contributions/compute-benchmark/xbattlax/scripts/measure_ros_processes.sh --pattern python3|ros2|nav2|component_container|nav_goal_sender|amcl|map_server|planner|controller|behavior|bt_nav|smoother|waypoint --duration 110 --interval 2 --label compAB_r2_singleton --output /cbab5/work/scripts/../results/composition_ab/compAB_r2_singleton_20260912T221503Z.csv"
2026-09-12T22:20:00Z,24,"compAB_r2_singleton",340884,"python3",0.2,79916,50964,"/usr/bin/python3 -c from ros2cli.daemon.daemonize import main; main() --name ros2-daemon --ros-domain-id 0 --rmw-implementation rmw_fastrtps_cpp"
2026-09-12T22:20:00Z,24,"compAB_r2_singleton",386842,"bash",0.0,4004,951,"bash -c source /opt/ros/jazzy/setup.bash && bash /cbab5/work/scripts/run_nav2_composition_ab.sh --label compAB_r2 --duration 120 >/dev/null 2>&1; ls /cbab5/work/results/composition_ab/ | grep r2"
2026-09-12T22:20:00Z,24,"compAB_r2_singleton",386855,"bash",0.0,4252,1246,"bash /cbab5/work/scripts/run_nav2_composition_ab.sh --label compAB_r2 --duration 120"
2026-09-12T22:20:00Z,24,"compAB_r2_singleton",408488,"python3",5.6,78720,48652,"python3 /cbab5/work/scripts/synthetic_scan_publisher.py --duration 220 --loop-s 40 --hz 5.0"
2026-09-12T22:20:00Z,24,"compAB_r2_singleton",408504,"ros2",0.5,43900,30624,"/usr/bin/python3 /opt/ros/jazzy/bin/ros2 launch nav2_bringup bringup_launch.py map:=/cbab5/work/scripts/../results/composition_ab/compAB_nav2_map.yaml params_file:=/cbab5/work/scripts/nav2_params_bench.yaml use_sim_time:=False autostart:=True slam:=False use_composition:=False"
2026-09-12T22:20:00Z,24,"compAB_r2_singleton",408508,"map_server",3.4,49428,23102,"/opt/ros/jazzy/lib/nav2_map_server/map_server --ros-args --log-level info --ros-args -r __node:=map_server -p use_sim_time:=False --params-file /tmp/launch_params_amag_3a0 --params-file /tmp/launch_params_8jw_ii1a -r /tf:=tf -r /tf_static:=tf_static"
2026-09-12T22:20:00Z,24,"compAB_r2_singleton",408509,"amcl",6.3,51132,22341,"/opt/ros/jazzy/lib/nav2_amcl/amcl --ros-args --log-level info --ros-args -r __node:=amcl -p use_sim_time:=False --params-file /tmp/launch_params_amag_3a0 -r /tf:=tf -r /tf_static:=tf_static"
2026-09-12T22:20:00Z,24,"compAB_r2_singleton",408510,"lifecycle_manag",3.9,42360,16604,"/opt/ros/jazzy/lib/nav2_lifecycle_manager/lifecycle_manager --ros-args --log-level info --ros-args -r __node:=lifecycle_manager_localization -p use_sim_time:=False --params-file /tmp/launch_params_1xbcgfz6 --params-file /tmp/launch_params_fmevwfj1"
2026-09-12T22:20:00Z,24,"compAB_r2_singleton",408511,"controller_serv",11.1,70140,38992,"/opt/ros/jazzy/lib/nav2_controller/controller_server --ros-args --log-level info --ros-args -p use_sim_time:=False --params-file /tmp/launch_params_j9iinff9 -r /tf:=tf -r /tf_static:=tf_static -r cmd_vel:=cmd_vel_nav"
2026-09-12T22:20:00Z,24,"compAB_r2_singleton",408512,"smoother_server",3.9,49252,19733,"/opt/ros/jazzy/lib/nav2_smoother/smoother_server --ros-args --log-level info --ros-args -r __node:=smoother_server -p use_sim_time:=False --params-file /tmp/launch_params_j9iinff9 -r /tf:=tf -r /tf_static:=tf_static"
2026-09-12T22:20:00Z,24,"compAB_r2_singleton",408513,"planner_server",4.4,58292,27510,"/opt/ros/jazzy/lib/nav2_planner/planner_server --ros-args --log-level info --ros-args -r __node:=planner_server -p use_sim_time:=False --params-file /tmp/launch_params_j9iinff9 -r /tf:=tf -r /tf_static:=tf_static"
2026-09-12T22:20:00Z,24,"compAB_r2_singleton",408514,"route_server",4.0,52916,22742,"/opt/ros/jazzy/lib/nav2_route/route_server --ros-args --log-level info --ros-args -r __node:=route_server -p use_sim_time:=False --params-file /tmp/launch_params_j9iinff9 -r /tf:=tf -r /tf_static:=tf_static"
2026-09-12T22:20:00Z,24,"compAB_r2_singleton",408515,"behavior_server",4.5,53920,23873,"/opt/ros/jazzy/lib/nav2_behaviors/behavior_server --ros-args --log-level info --ros-args -r __node:=behavior_server -p use_sim_time:=False --params-file /tmp/launch_params_j9iinff9 -r /tf:=tf -r /tf_static:=tf_static -r cmd_vel:=cmd_vel_nav"
2026-09-12T22:20:00Z,24,"compAB_r2_singleton",408516,"bt_navigator",7.0,77592,48565,"/opt/ros/jazzy/lib/nav2_bt_navigator/bt_navigator --ros-args --log-level info --ros-args -r __node:=bt_navigator -p use_sim_time:=False --params-file /tmp/launch_params_j9iinff9 -r /tf:=tf -r /tf_static:=tf_static"
2026-09-12T22:20:00Z,24,"compAB_r2_singleton",408517,"waypoint_follow",3.4,46688,19244,"/opt/ros/jazzy/lib/nav2_waypoint_follower/waypoint_follower --ros-args --log-level info --ros-args -r __node:=waypoint_follower -p use_sim_time:=False --params-file /tmp/launch_params_j9iinff9 -r /tf:=tf -r /tf_static:=tf_static"
2026-09-12T22:20:00Z,24,"compAB_r2_singleton",408518,"velocity_smooth",3.4,39572,16095,"/opt/ros/jazzy/lib/nav2_velocity_smoother/velocity_smoother --ros-args --log-level info --ros-args -r __node:=velocity_smoother -p use_sim_time:=False --params-file /tmp/launch_params_j9iinff9 -r /tf:=tf -r /tf_static:=tf_static -r cmd_vel:=cmd_vel_nav"
2026-09-12T22:20:00Z,24,"compAB_r2_singleton",408519,"collision_monit",4.0,51292,21392,"/opt/ros/jazzy/lib/nav2_collision_monitor/collision_monitor --ros-args --log-level info --ros-args -r __node:=collision_monitor -p use_sim_time:=False --params-file /tmp/launch_params_j9iinff9 -r /tf:=tf -r /tf_static:=tf_static"
2026-09-12T22:20:00Z,24,"compAB_r2_singleton",408521,"lifecycle_manag",8.8,46720,20762,"/opt/ros/jazzy/lib/nav2_lifecycle_manager/lifecycle_manager --ros-args --log-level info --ros-args -r __node:=lifecycle_manager_navigation -p use_sim_time:=False --params-file /tmp/launch_params_gv1a6bko --params-file /tmp/launch_params_6bl7znxa"
2026-09-12T22:20:00Z,24,"compAB_r2_singleton",408773,"bash",0.0,2376,558,"bash /cbab5/work/scripts/run_nav2_composition_ab.sh --label compAB_r2 --duration 120"
2026-09-12T22:20:00Z,24,"compAB_r2_singleton",408774,"python3",9.5,85416,54224,"python3 /cbab5/work/scripts/nav_goal_sender.py --x 4.0 --y 4.0 --yaw 0.0 --repeat 0 --pause 1"
2026-09-12T22:20:00Z,24,"compAB_r2_singleton",408900,"bash",1.1,4484,1020,"bash /oomwoo/contributions/compute-benchmark/xbattlax/scripts/measure_ros_processes.sh --pattern python3|ros2|nav2|component_container|nav_goal_sender|amcl|map_server|planner|controller|behavior|bt_nav|smoother|waypoint --duration 110 --interval 2 --label compAB_r2_singleton --output /cbab5/work/scripts/../results/composition_ab/compAB_r2_singleton_20260912T221503Z.csv"
2026-09-12T22:20:03Z,25,"compAB_r2_singleton",340884,"python3",0.2,79916,50966,"/usr/bin/python3 -c from ros2cli.daemon.daemonize import main; main() --name ros2-daemon --ros-domain-id 0 --rmw-implementation rmw_fastrtps_cpp"
2026-09-12T22:20:03Z,25,"compAB_r2_singleton",386842,"bash",0.0,4004,951,"bash -c source /opt/ros/jazzy/setup.bash && bash /cbab5/work/scripts/run_nav2_composition_ab.sh --label compAB_r2 --duration 120 >/dev/null 2>&1; ls /cbab5/work/results/composition_ab/ | grep r2"
2026-09-12T22:20:03Z,25,"compAB_r2_singleton",386855,"bash",0.0,4252,1238,"bash /cbab5/work/scripts/run_nav2_composition_ab.sh --label compAB_r2 --duration 120"
2026-09-12T22:20:03Z,25,"compAB_r2_singleton",408488,"python3",5.6,78720,48653,"python3 /cbab5/work/scripts/synthetic_scan_publisher.py --duration 220 --loop-s 40 --hz 5.0"
2026-09-12T22:20:03Z,25,"compAB_r2_singleton",408504,"ros2",0.5,43900,30624,"/usr/bin/python3 /opt/ros/jazzy/bin/ros2 launch nav2_bringup bringup_launch.py map:=/cbab5/work/scripts/../results/composition_ab/compAB_nav2_map.yaml params_file:=/cbab5/work/scripts/nav2_params_bench.yaml use_sim_time:=False autostart:=True slam:=False use_composition:=False"
2026-09-12T22:20:03Z,25,"compAB_r2_singleton",408508,"map_server",3.4,49428,23102,"/opt/ros/jazzy/lib/nav2_map_server/map_server --ros-args --log-level info --ros-args -r __node:=map_server -p use_sim_time:=False --params-file /tmp/launch_params_amag_3a0 --params-file /tmp/launch_params_8jw_ii1a -r /tf:=tf -r /tf_static:=tf_static"
2026-09-12T22:20:03Z,25,"compAB_r2_singleton",408509,"amcl",6.3,51132,22342,"/opt/ros/jazzy/lib/nav2_amcl/amcl --ros-args --log-level info --ros-args -r __node:=amcl -p use_sim_time:=False --params-file /tmp/launch_params_amag_3a0 -r /tf:=tf -r /tf_static:=tf_static"
2026-09-12T22:20:03Z,25,"compAB_r2_singleton",408510,"lifecycle_manag",3.9,42360,16604,"/opt/ros/jazzy/lib/nav2_lifecycle_manager/lifecycle_manager --ros-args --log-level info --ros-args -r __node:=lifecycle_manager_localization -p use_sim_time:=False --params-file /tmp/launch_params_1xbcgfz6 --params-file /tmp/launch_params_fmevwfj1"
2026-09-12T22:20:03Z,25,"compAB_r2_singleton",408511,"controller_serv",11.0,70452,39304,"/opt/ros/jazzy/lib/nav2_controller/controller_server --ros-args --log-level info --ros-args -p use_sim_time:=False --params-file /tmp/launch_params_j9iinff9 -r /tf:=tf -r /tf_static:=tf_static -r cmd_vel:=cmd_vel_nav"
2026-09-12T22:20:03Z,25,"compAB_r2_singleton",408512,"smoother_server",3.9,49252,19734,"/opt/ros/jazzy/lib/nav2_smoother/smoother_server --ros-args --log-level info --ros-args -r __node:=smoother_server -p use_sim_time:=False --params-file /tmp/launch_params_j9iinff9 -r /tf:=tf -r /tf_static:=tf_static"
2026-09-12T22:20:03Z,25,"compAB_r2_singleton",408513,"planner_server",4.4,58296,27514,"/opt/ros/jazzy/lib/nav2_planner/planner_server --ros-args --log-level info --ros-args -r __node:=planner_server -p use_sim_time:=False --params-file /tmp/launch_params_j9iinff9 -r /tf:=tf -r /tf_static:=tf_static"
2026-09-12T22:20:03Z,25,"compAB_r2_singleton",408514,"route_server",3.9,52916,22742,"/opt/ros/jazzy/lib/nav2_route/route_server --ros-args --log-level info --ros-args -r __node:=route_server -p use_sim_time:=False --params-file /tmp/launch_params_j9iinff9 -r /tf:=tf -r /tf_static:=tf_static"
2026-09-12T22:20:03Z,25,"compAB_r2_singleton",408515,"behavior_server",4.5,53920,23873,"/opt/ros/jazzy/lib/nav2_behaviors/behavior_server --ros-args --log-level info --ros-args -r __node:=behavior_server -p use_sim_time:=False --params-file /tmp/launch_params_j9iinff9 -r /tf:=tf -r /tf_static:=tf_static -r cmd_vel:=cmd_vel_nav"
2026-09-12T22:20:03Z,25,"compAB_r2_singleton",408516,"bt_navigator",7.0,77608,48581,"/opt/ros/jazzy/lib/nav2_bt_navigator/bt_navigator --ros-args --log-level info --ros-args -r __node:=bt_navigator -p use_sim_time:=False --params-file /tmp/launch_params_j9iinff9 -r /tf:=tf -r /tf_static:=tf_static"
2026-09-12T22:20:03Z,25,"compAB_r2_singleton",408517,"waypoint_follow",3.4,46688,19245,"/opt/ros/jazzy/lib/nav2_waypoint_follower/waypoint_follower --ros-args --log-level info --ros-args -r __node:=waypoint_follower -p use_sim_time:=False --params-file /tmp/launch_params_j9iinff9 -r /tf:=tf -r /tf_static:=tf_static"
2026-09-12T22:20:03Z,25,"compAB_r2_singleton",408518,"velocity_smooth",3.4,39572,16096,"/opt/ros/jazzy/lib/nav2_velocity_smoother/velocity_smoother --ros-args --log-level info --ros-args -r __node:=velocity_smoother -p use_sim_time:=False --params-file /tmp/launch_params_j9iinff9 -r /tf:=tf -r /tf_static:=tf_static -r cmd_vel:=cmd_vel_nav"
2026-09-12T22:20:03Z,25,"compAB_r2_singleton",408519,"collision_monit",4.0,51292,21392,"/opt/ros/jazzy/lib/nav2_collision_monitor/collision_monitor --ros-args --log-level info --ros-args -r __node:=collision_monitor -p use_sim_time:=False --params-file /tmp/launch_params_j9iinff9 -r /tf:=tf -r /tf_static:=tf_static"
2026-09-12T22:20:03Z,25,"compAB_r2_singleton",408521,"lifecycle_manag",8.8,46720,20762,"/opt/ros/jazzy/lib/nav2_lifecycle_manager/lifecycle_manager --ros-args --log-level info --ros-args -r __node:=lifecycle_manager_navigation -p use_sim_time:=False --params-file /tmp/launch_params_gv1a6bko --params-file /tmp/launch_params_6bl7znxa"
2026-09-12T22:20:03Z,25,"compAB_r2_singleton",408773,"bash",0.0,2376,558,"bash /cbab5/work/scripts/run_nav2_composition_ab.sh --label compAB_r2 --duration 120"
2026-09-12T22:20:03Z,25,"compAB_r2_singleton",408774,"python3",9.3,85424,54233,"python3 /cbab5/work/scripts/nav_goal_sender.py --x 4.0 --y 4.0 --yaw 0.0 --repeat 0 --pause 1"
2026-09-12T22:20:03Z,25,"compAB_r2_singleton",408900,"bash",1.1,4484,1021,"bash /oomwoo/contributions/compute-benchmark/xbattlax/scripts/measure_ros_processes.sh --pattern python3|ros2|nav2|component_container|nav_goal_sender|amcl|map_server|planner|controller|behavior|bt_nav|smoother|waypoint --duration 110 --interval 2 --label compAB_r2_singleton --output /cbab5/work/scripts/../results/composition_ab/compAB_r2_singleton_20260912T221503Z.csv"
2026-09-12T22:20:06Z,26,"compAB_r2_singleton",340884,"python3",0.2,79916,50964,"/usr/bin/python3 -c from ros2cli.daemon.daemonize import main; main() --name ros2-daemon --ros-domain-id 0 --rmw-implementation rmw_fastrtps_cpp"
2026-09-12T22:20:06Z,26,"compAB_r2_singleton",386842,"bash",0.0,4004,950,"bash -c source /opt/ros/jazzy/setup.bash && bash /cbab5/work/scripts/run_nav2_composition_ab.sh --label compAB_r2 --duration 120 >/dev/null 2>&1; ls /cbab5/work/results/composition_ab/ | grep r2"
2026-09-12T22:20:06Z,26,"compAB_r2_singleton",386855,"bash",0.0,4252,1246,"bash /cbab5/work/scripts/run_nav2_composition_ab.sh --label compAB_r2 --duration 120"
2026-09-12T22:20:06Z,26,"compAB_r2_singleton",408488,"python3",5.5,78720,48652,"python3 /cbab5/work/scripts/synthetic_scan_publisher.py --duration 220 --loop-s 40 --hz 5.0"
2026-09-12T22:20:06Z,26,"compAB_r2_singleton",408504,"ros2",0.5,43900,30624,"/usr/bin/python3 /opt/ros/jazzy/bin/ros2 launch nav2_bringup bringup_launch.py map:=/cbab5/work/scripts/../results/composition_ab/compAB_nav2_map.yaml params_file:=/cbab5/work/scripts/nav2_params_bench.yaml use_sim_time:=False autostart:=True slam:=False use_composition:=False"
2026-09-12T22:20:06Z,26,"compAB_r2_singleton",408508,"map_server",3.4,49428,23101,"/opt/ros/jazzy/lib/nav2_map_server/map_server --ros-args --log-level info --ros-args -r __node:=map_server -p use_sim_time:=False --params-file /tmp/launch_params_amag_3a0 --params-file /tmp/launch_params_8jw_ii1a -r /tf:=tf -r /tf_static:=tf_static"
2026-09-12T22:20:06Z,26,"compAB_r2_singleton",408509,"amcl",6.3,51132,22341,"/opt/ros/jazzy/lib/nav2_amcl/amcl --ros-args --log-level info --ros-args -r __node:=amcl -p use_sim_time:=False --params-file /tmp/launch_params_amag_3a0 -r /tf:=tf -r /tf_static:=tf_static"
2026-09-12T22:20:06Z,26,"compAB_r2_singleton",408510,"lifecycle_manag",3.9,42360,16604,"/opt/ros/jazzy/lib/nav2_lifecycle_manager/lifecycle_manager --ros-args --log-level info --ros-args -r __node:=lifecycle_manager_localization -p use_sim_time:=False --params-file /tmp/launch_params_1xbcgfz6 --params-file /tmp/launch_params_fmevwfj1"
2026-09-12T22:20:06Z,26,"compAB_r2_singleton",408511,"controller_serv",10.9,70452,39304,"/opt/ros/jazzy/lib/nav2_controller/controller_server --ros-args --log-level info --ros-args -p use_sim_time:=False --params-file /tmp/launch_params_j9iinff9 -r /tf:=tf -r /tf_static:=tf_static -r cmd_vel:=cmd_vel_nav"
2026-09-12T22:20:06Z,26,"compAB_r2_singleton",408512,"smoother_server",3.9,49252,19733,"/opt/ros/jazzy/lib/nav2_smoother/smoother_server --ros-args --log-level info --ros-args -r __node:=smoother_server -p use_sim_time:=False --params-file /tmp/launch_params_j9iinff9 -r /tf:=tf -r /tf_static:=tf_static"
2026-09-12T22:20:06Z,26,"compAB_r2_singleton",408513,"planner_server",4.4,58296,27514,"/opt/ros/jazzy/lib/nav2_planner/planner_server --ros-args --log-level info --ros-args -r __node:=planner_server -p use_sim_time:=False --params-file /tmp/launch_params_j9iinff9 -r /tf:=tf -r /tf_static:=tf_static"
2026-09-12T22:20:06Z,26,"compAB_r2_singleton",408514,"route_server",3.9,52916,22742,"/opt/ros/jazzy/lib/nav2_route/route_server --ros-args --log-level info --ros-args -r __node:=route_server -p use_sim_time:=False --params-file /tmp/launch_params_j9iinff9 -r /tf:=tf -r /tf_static:=tf_static"
2026-09-12T22:20:06Z,26,"compAB_r2_singleton",408515,"behavior_server",4.5,53956,23909,"/opt/ros/jazzy/lib/nav2_behaviors/behavior_server --ros-args --log-level info --ros-args -r __node:=behavior_server -p use_sim_time:=False --params-file /tmp/launch_params_j9iinff9 -r /tf:=tf -r /tf_static:=tf_static -r cmd_vel:=cmd_vel_nav"
2026-09-12T22:20:06Z,26,"compAB_r2_singleton",408516,"bt_navigator",7.0,77608,48581,"/opt/ros/jazzy/lib/nav2_bt_navigator/bt_navigator --ros-args --log-level info --ros-args -r __node:=bt_navigator -p use_sim_time:=False --params-file /tmp/launch_params_j9iinff9 -r /tf:=tf -r /tf_static:=tf_static"
2026-09-12T22:20:06Z,26,"compAB_r2_singleton",408517,"waypoint_follow",3.4,46688,19245,"/opt/ros/jazzy/lib/nav2_waypoint_follower/waypoint_follower --ros-args --log-level info --ros-args -r __node:=waypoint_follower -p use_sim_time:=False --params-file /tmp/launch_params_j9iinff9 -r /tf:=tf -r /tf_static:=tf_static"
2026-09-12T22:20:06Z,26,"compAB_r2_singleton",408518,"velocity_smooth",3.4,39572,16095,"/opt/ros/jazzy/lib/nav2_velocity_smoother/velocity_smoother --ros-args --log-level info --ros-args -r __node:=velocity_smoother -p use_sim_time:=False --params-file /tmp/launch_params_j9iinff9 -r /tf:=tf -r /tf_static:=tf_static -r cmd_vel:=cmd_vel_nav"
2026-09-12T22:20:06Z,26,"compAB_r2_singleton",408519,"collision_monit",4.0,51292,21392,"/opt/ros/jazzy/lib/nav2_collision_monitor/collision_monitor --ros-args --log-level info --ros-args -r __node:=collision_monitor -p use_sim_time:=False --params-file /tmp/launch_params_j9iinff9 -r /tf:=tf -r /tf_static:=tf_static"
2026-09-12T22:20:06Z,26,"compAB_r2_singleton",408521,"lifecycle_manag",8.9,46720,20762,"/opt/ros/jazzy/lib/nav2_lifecycle_manager/lifecycle_manager --ros-args --log-level info --ros-args -r __node:=lifecycle_manager_navigation -p use_sim_time:=False --params-file /tmp/launch_params_gv1a6bko --params-file /tmp/launch_params_6bl7znxa"
2026-09-12T22:20:06Z,26,"compAB_r2_singleton",408773,"bash",0.0,2376,557,"bash /cbab5/work/scripts/run_nav2_composition_ab.sh --label compAB_r2 --duration 120"
2026-09-12T22:20:06Z,26,"compAB_r2_singleton",408774,"python3",9.3,85424,54233,"python3 /cbab5/work/scripts/nav_goal_sender.py --x 4.0 --y 4.0 --yaw 0.0 --repeat 0 --pause 1"
2026-09-12T22:20:06Z,26,"compAB_r2_singleton",408900,"bash",1.1,4484,1020,"bash /oomwoo/contributions/compute-benchmark/xbattlax/scripts/measure_ros_processes.sh --pattern python3|ros2|nav2|component_container|nav_goal_sender|amcl|map_server|planner|controller|behavior|bt_nav|smoother|waypoint --duration 110 --interval 2 --label compAB_r2_singleton --output /cbab5/work/scripts/../results/composition_ab/compAB_r2_singleton_20260912T221503Z.csv"
2026-09-12T22:20:09Z,27,"compAB_r2_singleton",340884,"python3",0.2,79916,50953,"/usr/bin/python3 -c from ros2cli.daemon.daemonize import main; main() --name ros2-daemon --ros-domain-id 0 --rmw-implementation rmw_fastrtps_cpp"
2026-09-12T22:20:09Z,27,"compAB_r2_singleton",386842,"bash",0.0,4004,952,"bash -c source /opt/ros/jazzy/setup.bash && bash /cbab5/work/scripts/run_nav2_composition_ab.sh --label compAB_r2 --duration 120 >/dev/null 2>&1; ls /cbab5/work/results/composition_ab/ | grep r2"
2026-09-12T22:20:09Z,27,"compAB_r2_singleton",386855,"bash",0.0,4252,1250,"bash /cbab5/work/scripts/run_nav2_composition_ab.sh --label compAB_r2 --duration 120"
2026-09-12T22:20:09Z,27,"compAB_r2_singleton",408488,"python3",5.5,78720,48653,"python3 /cbab5/work/scripts/synthetic_scan_publisher.py --duration 220 --loop-s 40 --hz 5.0"
2026-09-12T22:20:09Z,27,"compAB_r2_singleton",408504,"ros2",0.5,43900,30625,"/usr/bin/python3 /opt/ros/jazzy/bin/ros2 launch nav2_bringup bringup_launch.py map:=/cbab5/work/scripts/../results/composition_ab/compAB_nav2_map.yaml params_file:=/cbab5/work/scripts/nav2_params_bench.yaml use_sim_time:=False autostart:=True slam:=False use_composition:=False"
2026-09-12T22:20:09Z,27,"compAB_r2_singleton",408508,"map_server",3.4,49428,23102,"/opt/ros/jazzy/lib/nav2_map_server/map_server --ros-args --log-level info --ros-args -r __node:=map_server -p use_sim_time:=False --params-file /tmp/launch_params_amag_3a0 --params-file /tmp/launch_params_8jw_ii1a -r /tf:=tf -r /tf_static:=tf_static"
2026-09-12T22:20:09Z,27,"compAB_r2_singleton",408509,"amcl",6.3,51132,22342,"/opt/ros/jazzy/lib/nav2_amcl/amcl --ros-args --log-level info --ros-args -r __node:=amcl -p use_sim_time:=False --params-file /tmp/launch_params_amag_3a0 -r /tf:=tf -r /tf_static:=tf_static"
2026-09-12T22:20:09Z,27,"compAB_r2_singleton",408510,"lifecycle_manag",3.9,42360,16604,"/opt/ros/jazzy/lib/nav2_lifecycle_manager/lifecycle_manager --ros-args --log-level info --ros-args -r __node:=lifecycle_manager_localization -p use_sim_time:=False --params-file /tmp/launch_params_1xbcgfz6 --params-file /tmp/launch_params_fmevwfj1"
2026-09-12T22:20:09Z,27,"compAB_r2_singleton",408511,"controller_serv",10.7,70452,39304,"/opt/ros/jazzy/lib/nav2_controller/controller_server --ros-args --log-level info --ros-args -p use_sim_time:=False --params-file /tmp/launch_params_j9iinff9 -r /tf:=tf -r /tf_static:=tf_static -r cmd_vel:=cmd_vel_nav"
2026-09-12T22:20:09Z,27,"compAB_r2_singleton",408512,"smoother_server",3.9,49252,19734,"/opt/ros/jazzy/lib/nav2_smoother/smoother_server --ros-args --log-level info --ros-args -r __node:=smoother_server -p use_sim_time:=False --params-file /tmp/launch_params_j9iinff9 -r /tf:=tf -r /tf_static:=tf_static"
2026-09-12T22:20:09Z,27,"compAB_r2_singleton",408513,"planner_server",4.4,58296,27513,"/opt/ros/jazzy/lib/nav2_planner/planner_server --ros-args --log-level info --ros-args -r __node:=planner_server -p use_sim_time:=False --params-file /tmp/launch_params_j9iinff9 -r /tf:=tf -r /tf_static:=tf_static"
2026-09-12T22:20:09Z,27,"compAB_r2_singleton",408514,"route_server",3.9,52916,22742,"/opt/ros/jazzy/lib/nav2_route/route_server --ros-args --log-level info --ros-args -r __node:=route_server -p use_sim_time:=False --params-file /tmp/launch_params_j9iinff9 -r /tf:=tf -r /tf_static:=tf_static"
2026-09-12T22:20:09Z,27,"compAB_r2_singleton",408515,"behavior_server",4.5,53948,23901,"/opt/ros/jazzy/lib/nav2_behaviors/behavior_server --ros-args --log-level info --ros-args -r __node:=behavior_server -p use_sim_time:=False --params-file /tmp/launch_params_j9iinff9 -r /tf:=tf -r /tf_static:=tf_static -r cmd_vel:=cmd_vel_nav"
2026-09-12T22:20:09Z,27,"compAB_r2_singleton",408516,"bt_navigator",7.0,77608,48581,"/opt/ros/jazzy/lib/nav2_bt_navigator/bt_navigator --ros-args --log-level info --ros-args -r __node:=bt_navigator -p use_sim_time:=False --params-file /tmp/launch_params_j9iinff9 -r /tf:=tf -r /tf_static:=tf_static"
2026-09-12T22:20:09Z,27,"compAB_r2_singleton",408517,"waypoint_follow",3.4,46688,19245,"/opt/ros/jazzy/lib/nav2_waypoint_follower/waypoint_follower --ros-args --log-level info --ros-args -r __node:=waypoint_follower -p use_sim_time:=False --params-file /tmp/launch_params_j9iinff9 -r /tf:=tf -r /tf_static:=tf_static"
2026-09-12T22:20:09Z,27,"compAB_r2_singleton",408518,"velocity_smooth",3.4,39572,16095,"/opt/ros/jazzy/lib/nav2_velocity_smoother/velocity_smoother --ros-args --log-level info --ros-args -r __node:=velocity_smoother -p use_sim_time:=False --params-file /tmp/launch_params_j9iinff9 -r /tf:=tf -r /tf_static:=tf_static -r cmd_vel:=cmd_vel_nav"
2026-09-12T22:20:09Z,27,"compAB_r2_singleton",408519,"collision_monit",4.0,51292,21392,"/opt/ros/jazzy/lib/nav2_collision_monitor/collision_monitor --ros-args --log-level info --ros-args -r __node:=collision_monitor -p use_sim_time:=False --params-file /tmp/launch_params_j9iinff9 -r /tf:=tf -r /tf_static:=tf_static"
2026-09-12T22:20:09Z,27,"compAB_r2_singleton",408521,"lifecycle_manag",8.8,46720,20762,"/opt/ros/jazzy/lib/nav2_lifecycle_manager/lifecycle_manager --ros-args --log-level info --ros-args -r __node:=lifecycle_manager_navigation -p use_sim_time:=False --params-file /tmp/launch_params_gv1a6bko --params-file /tmp/launch_params_6bl7znxa"
2026-09-12T22:20:09Z,27,"compAB_r2_singleton",408773,"bash",0.0,2376,558,"bash /cbab5/work/scripts/run_nav2_composition_ab.sh --label compAB_r2 --duration 120"
2026-09-12T22:20:09Z,27,"compAB_r2_singleton",408774,"python3",9.4,85424,54233,"python3 /cbab5/work/scripts/nav_goal_sender.py --x 4.0 --y 4.0 --yaw 0.0 --repeat 0 --pause 1"
2026-09-12T22:20:09Z,27,"compAB_r2_singleton",408900,"bash",1.1,4484,1021,"bash /oomwoo/contributions/compute-benchmark/xbattlax/scripts/measure_ros_processes.sh --pattern python3|ros2|nav2|component_container|nav_goal_sender|amcl|map_server|planner|controller|behavior|bt_nav|smoother|waypoint --duration 110 --interval 2 --label compAB_r2_singleton --output /cbab5/work/scripts/../results/composition_ab/compAB_r2_singleton_20260912T221503Z.csv"
2026-09-12T22:20:12Z,28,"compAB_r2_singleton",340884,"python3",0.2,79916,50956,"/usr/bin/python3 -c from ros2cli.daemon.daemonize import main; main() --name ros2-daemon --ros-domain-id 0 --rmw-implementation rmw_fastrtps_cpp"
2026-09-12T22:20:12Z,28,"compAB_r2_singleton",386842,"bash",0.0,4004,951,"bash -c source /opt/ros/jazzy/setup.bash && bash /cbab5/work/scripts/run_nav2_composition_ab.sh --label compAB_r2 --duration 120 >/dev/null 2>&1; ls /cbab5/work/results/composition_ab/ | grep r2"
2026-09-12T22:20:12Z,28,"compAB_r2_singleton",386855,"bash",0.0,4252,1257,"bash /cbab5/work/scripts/run_nav2_composition_ab.sh --label compAB_r2 --duration 120"
2026-09-12T22:20:12Z,28,"compAB_r2_singleton",408488,"python3",5.5,78720,48653,"python3 /cbab5/work/scripts/synthetic_scan_publisher.py --duration 220 --loop-s 40 --hz 5.0"
2026-09-12T22:20:12Z,28,"compAB_r2_singleton",408504,"ros2",0.5,43900,30625,"/usr/bin/python3 /opt/ros/jazzy/bin/ros2 launch nav2_bringup bringup_launch.py map:=/cbab5/work/scripts/../results/composition_ab/compAB_nav2_map.yaml params_file:=/cbab5/work/scripts/nav2_params_bench.yaml use_sim_time:=False autostart:=True slam:=False use_composition:=False"
2026-09-12T22:20:12Z,28,"compAB_r2_singleton",408508,"map_server",3.4,49428,23102,"/opt/ros/jazzy/lib/nav2_map_server/map_server --ros-args --log-level info --ros-args -r __node:=map_server -p use_sim_time:=False --params-file /tmp/launch_params_amag_3a0 --params-file /tmp/launch_params_8jw_ii1a -r /tf:=tf -r /tf_static:=tf_static"
2026-09-12T22:20:12Z,28,"compAB_r2_singleton",408509,"amcl",6.3,51132,22342,"/opt/ros/jazzy/lib/nav2_amcl/amcl --ros-args --log-level info --ros-args -r __node:=amcl -p use_sim_time:=False --params-file /tmp/launch_params_amag_3a0 -r /tf:=tf -r /tf_static:=tf_static"
2026-09-12T22:20:12Z,28,"compAB_r2_singleton",408510,"lifecycle_manag",3.9,42360,16604,"/opt/ros/jazzy/lib/nav2_lifecycle_manager/lifecycle_manager --ros-args --log-level info --ros-args -r __node:=lifecycle_manager_localization -p use_sim_time:=False --params-file /tmp/launch_params_1xbcgfz6 --params-file /tmp/launch_params_fmevwfj1"
2026-09-12T22:20:12Z,28,"compAB_r2_singleton",408511,"controller_serv",10.9,71344,40196,"/opt/ros/jazzy/lib/nav2_controller/controller_server --ros-args --log-level info --ros-args -p use_sim_time:=False --params-file /tmp/launch_params_j9iinff9 -r /tf:=tf -r /tf_static:=tf_static -r cmd_vel:=cmd_vel_nav"
2026-09-12T22:20:12Z,28,"compAB_r2_singleton",408512,"smoother_server",3.9,49252,19734,"/opt/ros/jazzy/lib/nav2_smoother/smoother_server --ros-args --log-level info --ros-args -r __node:=smoother_server -p use_sim_time:=False --params-file /tmp/launch_params_j9iinff9 -r /tf:=tf -r /tf_static:=tf_static"
2026-09-12T22:20:12Z,28,"compAB_r2_singleton",408513,"planner_server",4.4,58356,27574,"/opt/ros/jazzy/lib/nav2_planner/planner_server --ros-args --log-level info --ros-args -r __node:=planner_server -p use_sim_time:=False --params-file /tmp/launch_params_j9iinff9 -r /tf:=tf -r /tf_static:=tf_static"
2026-09-12T22:20:12Z,28,"compAB_r2_singleton",408514,"route_server",3.9,52916,22742,"/opt/ros/jazzy/lib/nav2_route/route_server --ros-args --log-level info --ros-args -r __node:=route_server -p use_sim_time:=False --params-file /tmp/launch_params_j9iinff9 -r /tf:=tf -r /tf_static:=tf_static"
2026-09-12T22:20:12Z,28,"compAB_r2_singleton",408515,"behavior_server",4.5,53952,23905,"/opt/ros/jazzy/lib/nav2_behaviors/behavior_server --ros-args --log-level info --ros-args -r __node:=behavior_server -p use_sim_time:=False --params-file /tmp/launch_params_j9iinff9 -r /tf:=tf -r /tf_static:=tf_static -r cmd_vel:=cmd_vel_nav"
2026-09-12T22:20:12Z,28,"compAB_r2_singleton",408516,"bt_navigator",7.1,77708,48681,"/opt/ros/jazzy/lib/nav2_bt_navigator/bt_navigator --ros-args --log-level info --ros-args -r __node:=bt_navigator -p use_sim_time:=False --params-file /tmp/launch_params_j9iinff9 -r /tf:=tf -r /tf_static:=tf_static"
2026-09-12T22:20:12Z,28,"compAB_r2_singleton",408517,"waypoint_follow",3.4,46688,19245,"/opt/ros/jazzy/lib/nav2_waypoint_follower/waypoint_follower --ros-args --log-level info --ros-args -r __node:=waypoint_follower -p use_sim_time:=False --params-file /tmp/launch_params_j9iinff9 -r /tf:=tf -r /tf_static:=tf_static"
2026-09-12T22:20:12Z,28,"compAB_r2_singleton",408518,"velocity_smooth",3.4,39572,16095,"/opt/ros/jazzy/lib/nav2_velocity_smoother/velocity_smoother --ros-args --log-level info --ros-args -r __node:=velocity_smoother -p use_sim_time:=False --params-file /tmp/launch_params_j9iinff9 -r /tf:=tf -r /tf_static:=tf_static -r cmd_vel:=cmd_vel_nav"
2026-09-12T22:20:12Z,28,"compAB_r2_singleton",408519,"collision_monit",4.0,51292,21392,"/opt/ros/jazzy/lib/nav2_collision_monitor/collision_monitor --ros-args --log-level info --ros-args -r __node:=collision_monitor -p use_sim_time:=False --params-file /tmp/launch_params_j9iinff9 -r /tf:=tf -r /tf_static:=tf_static"
2026-09-12T22:20:12Z,28,"compAB_r2_singleton",408521,"lifecycle_manag",8.8,46720,20762,"/opt/ros/jazzy/lib/nav2_lifecycle_manager/lifecycle_manager --ros-args --log-level info --ros-args -r __node:=lifecycle_manager_navigation -p use_sim_time:=False --params-file /tmp/launch_params_gv1a6bko --params-file /tmp/launch_params_6bl7znxa"
2026-09-12T22:20:12Z,28,"compAB_r2_singleton",408773,"bash",0.0,2376,558,"bash /cbab5/work/scripts/run_nav2_composition_ab.sh --label compAB_r2 --duration 120"
2026-09-12T22:20:12Z,28,"compAB_r2_singleton",408774,"python3",9.4,85424,54233,"python3 /cbab5/work/scripts/nav_goal_sender.py --x 4.0 --y 4.0 --yaw 0.0 --repeat 0 --pause 1"
2026-09-12T22:20:12Z,28,"compAB_r2_singleton",408900,"bash",1.1,4484,1020,"bash /oomwoo/contributions/compute-benchmark/xbattlax/scripts/measure_ros_processes.sh --pattern python3|ros2|nav2|component_container|nav_goal_sender|amcl|map_server|planner|controller|behavior|bt_nav|smoother|waypoint --duration 110 --interval 2 --label compAB_r2_singleton --output /cbab5/work/scripts/../results/composition_ab/compAB_r2_singleton_20260912T221503Z.csv"
2026-09-12T22:20:14Z,29,"compAB_r2_singleton",340884,"python3",0.2,79916,50965,"/usr/bin/python3 -c from ros2cli.daemon.daemonize import main; main() --name ros2-daemon --ros-domain-id 0 --rmw-implementation rmw_fastrtps_cpp"
2026-09-12T22:20:14Z,29,"compAB_r2_singleton",386842,"bash",0.0,4004,952,"bash -c source /opt/ros/jazzy/setup.bash && bash /cbab5/work/scripts/run_nav2_composition_ab.sh --label compAB_r2 --duration 120 >/dev/null 2>&1; ls /cbab5/work/results/composition_ab/ | grep r2"
2026-09-12T22:20:14Z,29,"compAB_r2_singleton",386855,"bash",0.0,4252,1242,"bash /cbab5/work/scripts/run_nav2_composition_ab.sh --label compAB_r2 --duration 120"
2026-09-12T22:20:14Z,29,"compAB_r2_singleton",408488,"python3",5.5,78720,48653,"python3 /cbab5/work/scripts/synthetic_scan_publisher.py --duration 220 --loop-s 40 --hz 5.0"
2026-09-12T22:20:14Z,29,"compAB_r2_singleton",408504,"ros2",0.5,43900,30625,"/usr/bin/python3 /opt/ros/jazzy/bin/ros2 launch nav2_bringup bringup_launch.py map:=/cbab5/work/scripts/../results/composition_ab/compAB_nav2_map.yaml params_file:=/cbab5/work/scripts/nav2_params_bench.yaml use_sim_time:=False autostart:=True slam:=False use_composition:=False"
2026-09-12T22:20:14Z,29,"compAB_r2_singleton",408508,"map_server",3.4,49428,23102,"/opt/ros/jazzy/lib/nav2_map_server/map_server --ros-args --log-level info --ros-args -r __node:=map_server -p use_sim_time:=False --params-file /tmp/launch_params_amag_3a0 --params-file /tmp/launch_params_8jw_ii1a -r /tf:=tf -r /tf_static:=tf_static"
2026-09-12T22:20:14Z,29,"compAB_r2_singleton",408509,"amcl",6.3,51132,22342,"/opt/ros/jazzy/lib/nav2_amcl/amcl --ros-args --log-level info --ros-args -r __node:=amcl -p use_sim_time:=False --params-file /tmp/launch_params_amag_3a0 -r /tf:=tf -r /tf_static:=tf_static"
2026-09-12T22:20:14Z,29,"compAB_r2_singleton",408510,"lifecycle_manag",3.9,42360,16604,"/opt/ros/jazzy/lib/nav2_lifecycle_manager/lifecycle_manager --ros-args --log-level info --ros-args -r __node:=lifecycle_manager_localization -p use_sim_time:=False --params-file /tmp/launch_params_1xbcgfz6 --params-file /tmp/launch_params_fmevwfj1"
2026-09-12T22:20:14Z,29,"compAB_r2_singleton",408511,"controller_serv",11.1,69868,38721,"/opt/ros/jazzy/lib/nav2_controller/controller_server --ros-args --log-level info --ros-args -p use_sim_time:=False --params-file /tmp/launch_params_j9iinff9 -r /tf:=tf -r /tf_static:=tf_static -r cmd_vel:=cmd_vel_nav"
2026-09-12T22:20:14Z,29,"compAB_r2_singleton",408512,"smoother_server",3.9,49252,19734,"/opt/ros/jazzy/lib/nav2_smoother/smoother_server --ros-args --log-level info --ros-args -r __node:=smoother_server -p use_sim_time:=False --params-file /tmp/launch_params_j9iinff9 -r /tf:=tf -r /tf_static:=tf_static"
2026-09-12T22:20:14Z,29,"compAB_r2_singleton",408513,"planner_server",4.4,58356,27574,"/opt/ros/jazzy/lib/nav2_planner/planner_server --ros-args --log-level info --ros-args -r __node:=planner_server -p use_sim_time:=False --params-file /tmp/launch_params_j9iinff9 -r /tf:=tf -r /tf_static:=tf_static"
2026-09-12T22:20:14Z,29,"compAB_r2_singleton",408514,"route_server",3.9,52916,22742,"/opt/ros/jazzy/lib/nav2_route/route_server --ros-args --log-level info --ros-args -r __node:=route_server -p use_sim_time:=False --params-file /tmp/launch_params_j9iinff9 -r /tf:=tf -r /tf_static:=tf_static"
2026-09-12T22:20:14Z,29,"compAB_r2_singleton",408515,"behavior_server",4.5,53952,23905,"/opt/ros/jazzy/lib/nav2_behaviors/behavior_server --ros-args --log-level info --ros-args -r __node:=behavior_server -p use_sim_time:=False --params-file /tmp/launch_params_j9iinff9 -r /tf:=tf -r /tf_static:=tf_static -r cmd_vel:=cmd_vel_nav"
2026-09-12T22:20:14Z,29,"compAB_r2_singleton",408516,"bt_navigator",7.1,77680,48652,"/opt/ros/jazzy/lib/nav2_bt_navigator/bt_navigator --ros-args --log-level info --ros-args -r __node:=bt_navigator -p use_sim_time:=False --params-file /tmp/launch_params_j9iinff9 -r /tf:=tf -r /tf_static:=tf_static"
2026-09-12T22:20:14Z,29,"compAB_r2_singleton",408517,"waypoint_follow",3.4,46688,19245,"/opt/ros/jazzy/lib/nav2_waypoint_follower/waypoint_follower --ros-args --log-level info --ros-args -r __node:=waypoint_follower -p use_sim_time:=False --params-file /tmp/launch_params_j9iinff9 -r /tf:=tf -r /tf_static:=tf_static"
2026-09-12T22:20:14Z,29,"compAB_r2_singleton",408518,"velocity_smooth",3.4,39572,16096,"/opt/ros/jazzy/lib/nav2_velocity_smoother/velocity_smoother --ros-args --log-level info --ros-args -r __node:=velocity_smoother -p use_sim_time:=False --params-file /tmp/launch_params_j9iinff9 -r /tf:=tf -r /tf_static:=tf_static -r cmd_vel:=cmd_vel_nav"
2026-09-12T22:20:14Z,29,"compAB_r2_singleton",408519,"collision_monit",4.0,51292,21392,"/opt/ros/jazzy/lib/nav2_collision_monitor/collision_monitor --ros-args --log-level info --ros-args -r __node:=collision_monitor -p use_sim_time:=False --params-file /tmp/launch_params_j9iinff9 -r /tf:=tf -r /tf_static:=tf_static"
2026-09-12T22:20:14Z,29,"compAB_r2_singleton",408521,"lifecycle_manag",8.8,46720,20762,"/opt/ros/jazzy/lib/nav2_lifecycle_manager/lifecycle_manager --ros-args --log-level info --ros-args -r __node:=lifecycle_manager_navigation -p use_sim_time:=False --params-file /tmp/launch_params_gv1a6bko --params-file /tmp/launch_params_6bl7znxa"
2026-09-12T22:20:14Z,29,"compAB_r2_singleton",408773,"bash",0.0,2376,558,"bash /cbab5/work/scripts/run_nav2_composition_ab.sh --label compAB_r2 --duration 120"
2026-09-12T22:20:14Z,29,"compAB_r2_singleton",408774,"python3",9.4,85428,54237,"python3 /cbab5/work/scripts/nav_goal_sender.py --x 4.0 --y 4.0 --yaw 0.0 --repeat 0 --pause 1"
2026-09-12T22:20:14Z,29,"compAB_r2_singleton",408900,"bash",1.1,4484,1023,"bash /oomwoo/contributions/compute-benchmark/xbattlax/scripts/measure_ros_processes.sh --pattern python3|ros2|nav2|component_container|nav_goal_sender|amcl|map_server|planner|controller|behavior|bt_nav|smoother|waypoint --duration 110 --interval 2 --label compAB_r2_singleton --output /cbab5/work/scripts/../results/composition_ab/compAB_r2_singleton_20260912T221503Z.csv"
2026-09-12T22:20:17Z,30,"compAB_r2_singleton",340884,"python3",0.2,79916,50956,"/usr/bin/python3 -c from ros2cli.daemon.daemonize import main; main() --name ros2-daemon --ros-domain-id 0 --rmw-implementation rmw_fastrtps_cpp"
2026-09-12T22:20:17Z,30,"compAB_r2_singleton",386842,"bash",0.0,4004,951,"bash -c source /opt/ros/jazzy/setup.bash && bash /cbab5/work/scripts/run_nav2_composition_ab.sh --label compAB_r2 --duration 120 >/dev/null 2>&1; ls /cbab5/work/results/composition_ab/ | grep r2"
2026-09-12T22:20:17Z,30,"compAB_r2_singleton",386855,"bash",0.0,4252,1257,"bash /cbab5/work/scripts/run_nav2_composition_ab.sh --label compAB_r2 --duration 120"
2026-09-12T22:20:17Z,30,"compAB_r2_singleton",408488,"python3",5.5,78720,48653,"python3 /cbab5/work/scripts/synthetic_scan_publisher.py --duration 220 --loop-s 40 --hz 5.0"
2026-09-12T22:20:17Z,30,"compAB_r2_singleton",408504,"ros2",0.5,43900,30625,"/usr/bin/python3 /opt/ros/jazzy/bin/ros2 launch nav2_bringup bringup_launch.py map:=/cbab5/work/scripts/../results/composition_ab/compAB_nav2_map.yaml params_file:=/cbab5/work/scripts/nav2_params_bench.yaml use_sim_time:=False autostart:=True slam:=False use_composition:=False"
2026-09-12T22:20:17Z,30,"compAB_r2_singleton",408508,"map_server",3.4,49428,23102,"/opt/ros/jazzy/lib/nav2_map_server/map_server --ros-args --log-level info --ros-args -r __node:=map_server -p use_sim_time:=False --params-file /tmp/launch_params_amag_3a0 --params-file /tmp/launch_params_8jw_ii1a -r /tf:=tf -r /tf_static:=tf_static"
2026-09-12T22:20:17Z,30,"compAB_r2_singleton",408509,"amcl",6.3,51132,22342,"/opt/ros/jazzy/lib/nav2_amcl/amcl --ros-args --log-level info --ros-args -r __node:=amcl -p use_sim_time:=False --params-file /tmp/launch_params_amag_3a0 -r /tf:=tf -r /tf_static:=tf_static"
2026-09-12T22:20:17Z,30,"compAB_r2_singleton",408510,"lifecycle_manag",3.8,42360,16604,"/opt/ros/jazzy/lib/nav2_lifecycle_manager/lifecycle_manager --ros-args --log-level info --ros-args -r __node:=lifecycle_manager_localization -p use_sim_time:=False --params-file /tmp/launch_params_1xbcgfz6 --params-file /tmp/launch_params_fmevwfj1"
2026-09-12T22:20:17Z,30,"compAB_r2_singleton",408511,"controller_serv",11.2,69864,38716,"/opt/ros/jazzy/lib/nav2_controller/controller_server --ros-args --log-level info --ros-args -p use_sim_time:=False --params-file /tmp/launch_params_j9iinff9 -r /tf:=tf -r /tf_static:=tf_static -r cmd_vel:=cmd_vel_nav"
2026-09-12T22:20:17Z,30,"compAB_r2_singleton",408512,"smoother_server",3.9,49252,19734,"/opt/ros/jazzy/lib/nav2_smoother/smoother_server --ros-args --log-level info --ros-args -r __node:=smoother_server -p use_sim_time:=False --params-file /tmp/launch_params_j9iinff9 -r /tf:=tf -r /tf_static:=tf_static"
2026-09-12T22:20:17Z,30,"compAB_r2_singleton",408513,"planner_server",4.4,58356,27574,"/opt/ros/jazzy/lib/nav2_planner/planner_server --ros-args --log-level info --ros-args -r __node:=planner_server -p use_sim_time:=False --params-file /tmp/launch_params_j9iinff9 -r /tf:=tf -r /tf_static:=tf_static"
2026-09-12T22:20:17Z,30,"compAB_r2_singleton",408514,"route_server",3.9,52916,22742,"/opt/ros/jazzy/lib/nav2_route/route_server --ros-args --log-level info --ros-args -r __node:=route_server -p use_sim_time:=False --params-file /tmp/launch_params_j9iinff9 -r /tf:=tf -r /tf_static:=tf_static"
2026-09-12T22:20:17Z,30,"compAB_r2_singleton",408515,"behavior_server",4.5,53952,23905,"/opt/ros/jazzy/lib/nav2_behaviors/behavior_server --ros-args --log-level info --ros-args -r __node:=behavior_server -p use_sim_time:=False --params-file /tmp/launch_params_j9iinff9 -r /tf:=tf -r /tf_static:=tf_static -r cmd_vel:=cmd_vel_nav"
2026-09-12T22:20:17Z,30,"compAB_r2_singleton",408516,"bt_navigator",7.1,77680,48653,"/opt/ros/jazzy/lib/nav2_bt_navigator/bt_navigator --ros-args --log-level info --ros-args -r __node:=bt_navigator -p use_sim_time:=False --params-file /tmp/launch_params_j9iinff9 -r /tf:=tf -r /tf_static:=tf_static"
2026-09-12T22:20:17Z,30,"compAB_r2_singleton",408517,"waypoint_follow",3.4,46688,19245,"/opt/ros/jazzy/lib/nav2_waypoint_follower/waypoint_follower --ros-args --log-level info --ros-args -r __node:=waypoint_follower -p use_sim_time:=False --params-file /tmp/launch_params_j9iinff9 -r /tf:=tf -r /tf_static:=tf_static"
2026-09-12T22:20:17Z,30,"compAB_r2_singleton",408518,"velocity_smooth",3.4,39572,16096,"/opt/ros/jazzy/lib/nav2_velocity_smoother/velocity_smoother --ros-args --log-level info --ros-args -r __node:=velocity_smoother -p use_sim_time:=False --params-file /tmp/launch_params_j9iinff9 -r /tf:=tf -r /tf_static:=tf_static -r cmd_vel:=cmd_vel_nav"
2026-09-12T22:20:17Z,30,"compAB_r2_singleton",408519,"collision_monit",4.0,51292,21392,"/opt/ros/jazzy/lib/nav2_collision_monitor/collision_monitor --ros-args --log-level info --ros-args -r __node:=collision_monitor -p use_sim_time:=False --params-file /tmp/launch_params_j9iinff9 -r /tf:=tf -r /tf_static:=tf_static"
2026-09-12T22:20:17Z,30,"compAB_r2_singleton",408521,"lifecycle_manag",8.8,46720,20763,"/opt/ros/jazzy/lib/nav2_lifecycle_manager/lifecycle_manager --ros-args --log-level info --ros-args -r __node:=lifecycle_manager_navigation -p use_sim_time:=False --params-file /tmp/launch_params_gv1a6bko --params-file /tmp/launch_params_6bl7znxa"
2026-09-12T22:20:17Z,30,"compAB_r2_singleton",408773,"bash",0.0,2376,558,"bash /cbab5/work/scripts/run_nav2_composition_ab.sh --label compAB_r2 --duration 120"
2026-09-12T22:20:17Z,30,"compAB_r2_singleton",408774,"python3",9.3,85428,54237,"python3 /cbab5/work/scripts/nav_goal_sender.py --x 4.0 --y 4.0 --yaw 0.0 --repeat 0 --pause 1"
2026-09-12T22:20:17Z,30,"compAB_r2_singleton",408900,"bash",1.1,4488,1023,"bash /oomwoo/contributions/compute-benchmark/xbattlax/scripts/measure_ros_processes.sh --pattern python3|ros2|nav2|component_container|nav_goal_sender|amcl|map_server|planner|controller|behavior|bt_nav|smoother|waypoint --duration 110 --interval 2 --label compAB_r2_singleton --output /cbab5/work/scripts/../results/composition_ab/compAB_r2_singleton_20260912T221503Z.csv"
2026-09-12T22:20:20Z,31,"compAB_r2_singleton",340884,"python3",0.2,79916,50965,"/usr/bin/python3 -c from ros2cli.daemon.daemonize import main; main() --name ros2-daemon --ros-domain-id 0 --rmw-implementation rmw_fastrtps_cpp"
2026-09-12T22:20:20Z,31,"compAB_r2_singleton",386842,"bash",0.0,4004,951,"bash -c source /opt/ros/jazzy/setup.bash && bash /cbab5/work/scripts/run_nav2_composition_ab.sh --label compAB_r2 --duration 120 >/dev/null 2>&1; ls /cbab5/work/results/composition_ab/ | grep r2"
2026-09-12T22:20:20Z,31,"compAB_r2_singleton",386855,"bash",0.0,4252,1256,"bash /cbab5/work/scripts/run_nav2_composition_ab.sh --label compAB_r2 --duration 120"
2026-09-12T22:20:20Z,31,"compAB_r2_singleton",408488,"python3",5.5,78720,48652,"python3 /cbab5/work/scripts/synthetic_scan_publisher.py --duration 220 --loop-s 40 --hz 5.0"
2026-09-12T22:20:20Z,31,"compAB_r2_singleton",408504,"ros2",0.5,43900,30623,"/usr/bin/python3 /opt/ros/jazzy/bin/ros2 launch nav2_bringup bringup_launch.py map:=/cbab5/work/scripts/../results/composition_ab/compAB_nav2_map.yaml params_file:=/cbab5/work/scripts/nav2_params_bench.yaml use_sim_time:=False autostart:=True slam:=False use_composition:=False"
2026-09-12T22:20:20Z,31,"compAB_r2_singleton",408508,"map_server",3.4,49428,23102,"/opt/ros/jazzy/lib/nav2_map_server/map_server --ros-args --log-level info --ros-args -r __node:=map_server -p use_sim_time:=False --params-file /tmp/launch_params_amag_3a0 --params-file /tmp/launch_params_8jw_ii1a -r /tf:=tf -r /tf_static:=tf_static"
2026-09-12T22:20:20Z,31,"compAB_r2_singleton",408509,"amcl",6.3,51132,22341,"/opt/ros/jazzy/lib/nav2_amcl/amcl --ros-args --log-level info --ros-args -r __node:=amcl -p use_sim_time:=False --params-file /tmp/launch_params_amag_3a0 -r /tf:=tf -r /tf_static:=tf_static"
2026-09-12T22:20:20Z,31,"compAB_r2_singleton",408510,"lifecycle_manag",3.9,42360,16604,"/opt/ros/jazzy/lib/nav2_lifecycle_manager/lifecycle_manager --ros-args --log-level info --ros-args -r __node:=lifecycle_manager_localization -p use_sim_time:=False --params-file /tmp/launch_params_1xbcgfz6 --params-file /tmp/launch_params_fmevwfj1"
2026-09-12T22:20:20Z,31,"compAB_r2_singleton",408511,"controller_serv",11.4,69872,38723,"/opt/ros/jazzy/lib/nav2_controller/controller_server --ros-args --log-level info --ros-args -p use_sim_time:=False --params-file /tmp/launch_params_j9iinff9 -r /tf:=tf -r /tf_static:=tf_static -r cmd_vel:=cmd_vel_nav"
2026-09-12T22:20:20Z,31,"compAB_r2_singleton",408512,"smoother_server",3.9,49252,19733,"/opt/ros/jazzy/lib/nav2_smoother/smoother_server --ros-args --log-level info --ros-args -r __node:=smoother_server -p use_sim_time:=False --params-file /tmp/launch_params_j9iinff9 -r /tf:=tf -r /tf_static:=tf_static"
2026-09-12T22:20:20Z,31,"compAB_r2_singleton",408513,"planner_server",4.4,58356,27573,"/opt/ros/jazzy/lib/nav2_planner/planner_server --ros-args --log-level info --ros-args -r __node:=planner_server -p use_sim_time:=False --params-file /tmp/launch_params_j9iinff9 -r /tf:=tf -r /tf_static:=tf_static"
2026-09-12T22:20:20Z,31,"compAB_r2_singleton",408514,"route_server",3.9,52916,22742,"/opt/ros/jazzy/lib/nav2_route/route_server --ros-args --log-level info --ros-args -r __node:=route_server -p use_sim_time:=False --params-file /tmp/launch_params_j9iinff9 -r /tf:=tf -r /tf_static:=tf_static"
2026-09-12T22:20:20Z,31,"compAB_r2_singleton",408515,"behavior_server",4.5,53952,23905,"/opt/ros/jazzy/lib/nav2_behaviors/behavior_server --ros-args --log-level info --ros-args -r __node:=behavior_server -p use_sim_time:=False --params-file /tmp/launch_params_j9iinff9 -r /tf:=tf -r /tf_static:=tf_static -r cmd_vel:=cmd_vel_nav"
2026-09-12T22:20:20Z,31,"compAB_r2_singleton",408516,"bt_navigator",7.1,77640,48613,"/opt/ros/jazzy/lib/nav2_bt_navigator/bt_navigator --ros-args --log-level info --ros-args -r __node:=bt_navigator -p use_sim_time:=False --params-file /tmp/launch_params_j9iinff9 -r /tf:=tf -r /tf_static:=tf_static"
2026-09-12T22:20:20Z,31,"compAB_r2_singleton",408517,"waypoint_follow",3.4,46692,19249,"/opt/ros/jazzy/lib/nav2_waypoint_follower/waypoint_follower --ros-args --log-level info --ros-args -r __node:=waypoint_follower -p use_sim_time:=False --params-file /tmp/launch_params_j9iinff9 -r /tf:=tf -r /tf_static:=tf_static"
2026-09-12T22:20:20Z,31,"compAB_r2_singleton",408518,"velocity_smooth",3.4,39572,16095,"/opt/ros/jazzy/lib/nav2_velocity_smoother/velocity_smoother --ros-args --log-level info --ros-args -r __node:=velocity_smoother -p use_sim_time:=False --params-file /tmp/launch_params_j9iinff9 -r /tf:=tf -r /tf_static:=tf_static -r cmd_vel:=cmd_vel_nav"
2026-09-12T22:20:20Z,31,"compAB_r2_singleton",408519,"collision_monit",4.0,51292,21392,"/opt/ros/jazzy/lib/nav2_collision_monitor/collision_monitor --ros-args --log-level info --ros-args -r __node:=collision_monitor -p use_sim_time:=False --params-file /tmp/launch_params_j9iinff9 -r /tf:=tf -r /tf_static:=tf_static"
2026-09-12T22:20:20Z,31,"compAB_r2_singleton",408521,"lifecycle_manag",8.8,46720,20762,"/opt/ros/jazzy/lib/nav2_lifecycle_manager/lifecycle_manager --ros-args --log-level info --ros-args -r __node:=lifecycle_manager_navigation -p use_sim_time:=False --params-file /tmp/launch_params_gv1a6bko --params-file /tmp/launch_params_6bl7znxa"
2026-09-12T22:20:20Z,31,"compAB_r2_singleton",408773,"bash",0.0,2376,558,"bash /cbab5/work/scripts/run_nav2_composition_ab.sh --label compAB_r2 --duration 120"
2026-09-12T22:20:20Z,31,"compAB_r2_singleton",408774,"python3",9.2,85440,54248,"python3 /cbab5/work/scripts/nav_goal_sender.py --x 4.0 --y 4.0 --yaw 0.0 --repeat 0 --pause 1"
2026-09-12T22:20:20Z,31,"compAB_r2_singleton",408900,"bash",1.1,4488,1022,"bash /oomwoo/contributions/compute-benchmark/xbattlax/scripts/measure_ros_processes.sh --pattern python3|ros2|nav2|component_container|nav_goal_sender|amcl|map_server|planner|controller|behavior|bt_nav|smoother|waypoint --duration 110 --interval 2 --label compAB_r2_singleton --output /cbab5/work/scripts/../results/composition_ab/compAB_r2_singleton_20260912T221503Z.csv"
2026-09-12T22:20:23Z,32,"compAB_r2_singleton",340884,"python3",0.2,79916,50964,"/usr/bin/python3 -c from ros2cli.daemon.daemonize import main; main() --name ros2-daemon --ros-domain-id 0 --rmw-implementation rmw_fastrtps_cpp"
2026-09-12T22:20:23Z,32,"compAB_r2_singleton",386842,"bash",0.0,4004,951,"bash -c source /opt/ros/jazzy/setup.bash && bash /cbab5/work/scripts/run_nav2_composition_ab.sh --label compAB_r2 --duration 120 >/dev/null 2>&1; ls /cbab5/work/results/composition_ab/ | grep r2"
2026-09-12T22:20:23Z,32,"compAB_r2_singleton",386855,"bash",0.0,4252,1242,"bash /cbab5/work/scripts/run_nav2_composition_ab.sh --label compAB_r2 --duration 120"
2026-09-12T22:20:23Z,32,"compAB_r2_singleton",408488,"python3",5.5,78720,48652,"python3 /cbab5/work/scripts/synthetic_scan_publisher.py --duration 220 --loop-s 40 --hz 5.0"
2026-09-12T22:20:23Z,32,"compAB_r2_singleton",408504,"ros2",0.4,43900,30623,"/usr/bin/python3 /opt/ros/jazzy/bin/ros2 launch nav2_bringup bringup_launch.py map:=/cbab5/work/scripts/../results/composition_ab/compAB_nav2_map.yaml params_file:=/cbab5/work/scripts/nav2_params_bench.yaml use_sim_time:=False autostart:=True slam:=False use_composition:=False"
2026-09-12T22:20:23Z,32,"compAB_r2_singleton",408508,"map_server",3.4,49428,23101,"/opt/ros/jazzy/lib/nav2_map_server/map_server --ros-args --log-level info --ros-args -r __node:=map_server -p use_sim_time:=False --params-file /tmp/launch_params_amag_3a0 --params-file /tmp/launch_params_8jw_ii1a -r /tf:=tf -r /tf_static:=tf_static"
2026-09-12T22:20:23Z,32,"compAB_r2_singleton",408509,"amcl",6.3,51132,22341,"/opt/ros/jazzy/lib/nav2_amcl/amcl --ros-args --log-level info --ros-args -r __node:=amcl -p use_sim_time:=False --params-file /tmp/launch_params_amag_3a0 -r /tf:=tf -r /tf_static:=tf_static"
2026-09-12T22:20:23Z,32,"compAB_r2_singleton",408510,"lifecycle_manag",3.9,42360,16604,"/opt/ros/jazzy/lib/nav2_lifecycle_manager/lifecycle_manager --ros-args --log-level info --ros-args -r __node:=lifecycle_manager_localization -p use_sim_time:=False --params-file /tmp/launch_params_1xbcgfz6 --params-file /tmp/launch_params_fmevwfj1"
2026-09-12T22:20:23Z,32,"compAB_r2_singleton",408511,"controller_serv",11.4,71048,39900,"/opt/ros/jazzy/lib/nav2_controller/controller_server --ros-args --log-level info --ros-args -p use_sim_time:=False --params-file /tmp/launch_params_j9iinff9 -r /tf:=tf -r /tf_static:=tf_static -r cmd_vel:=cmd_vel_nav"
2026-09-12T22:20:23Z,32,"compAB_r2_singleton",408512,"smoother_server",3.9,49252,19733,"/opt/ros/jazzy/lib/nav2_smoother/smoother_server --ros-args --log-level info --ros-args -r __node:=smoother_server -p use_sim_time:=False --params-file /tmp/launch_params_j9iinff9 -r /tf:=tf -r /tf_static:=tf_static"
2026-09-12T22:20:23Z,32,"compAB_r2_singleton",408513,"planner_server",4.3,58356,27574,"/opt/ros/jazzy/lib/nav2_planner/planner_server --ros-args --log-level info --ros-args -r __node:=planner_server -p use_sim_time:=False --params-file /tmp/launch_params_j9iinff9 -r /tf:=tf -r /tf_static:=tf_static"
2026-09-12T22:20:23Z,32,"compAB_r2_singleton",408514,"route_server",3.9,52916,22742,"/opt/ros/jazzy/lib/nav2_route/route_server --ros-args --log-level info --ros-args -r __node:=route_server -p use_sim_time:=False --params-file /tmp/launch_params_j9iinff9 -r /tf:=tf -r /tf_static:=tf_static"
2026-09-12T22:20:23Z,32,"compAB_r2_singleton",408515,"behavior_server",4.5,53952,23905,"/opt/ros/jazzy/lib/nav2_behaviors/behavior_server --ros-args --log-level info --ros-args -r __node:=behavior_server -p use_sim_time:=False --params-file /tmp/launch_params_j9iinff9 -r /tf:=tf -r /tf_static:=tf_static -r cmd_vel:=cmd_vel_nav"
2026-09-12T22:20:23Z,32,"compAB_r2_singleton",408516,"bt_navigator",7.1,77624,48597,"/opt/ros/jazzy/lib/nav2_bt_navigator/bt_navigator --ros-args --log-level info --ros-args -r __node:=bt_navigator -p use_sim_time:=False --params-file /tmp/launch_params_j9iinff9 -r /tf:=tf -r /tf_static:=tf_static"
2026-09-12T22:20:23Z,32,"compAB_r2_singleton",408517,"waypoint_follow",3.4,46692,19249,"/opt/ros/jazzy/lib/nav2_waypoint_follower/waypoint_follower --ros-args --log-level info --ros-args -r __node:=waypoint_follower -p use_sim_time:=False --params-file /tmp/launch_params_j9iinff9 -r /tf:=tf -r /tf_static:=tf_static"
2026-09-12T22:20:23Z,32,"compAB_r2_singleton",408518,"velocity_smooth",3.4,39572,16095,"/opt/ros/jazzy/lib/nav2_velocity_smoother/velocity_smoother --ros-args --log-level info --ros-args -r __node:=velocity_smoother -p use_sim_time:=False --params-file /tmp/launch_params_j9iinff9 -r /tf:=tf -r /tf_static:=tf_static -r cmd_vel:=cmd_vel_nav"
2026-09-12T22:20:23Z,32,"compAB_r2_singleton",408519,"collision_monit",4.0,51292,21392,"/opt/ros/jazzy/lib/nav2_collision_monitor/collision_monitor --ros-args --log-level info --ros-args -r __node:=collision_monitor -p use_sim_time:=False --params-file /tmp/launch_params_j9iinff9 -r /tf:=tf -r /tf_static:=tf_static"
2026-09-12T22:20:23Z,32,"compAB_r2_singleton",408521,"lifecycle_manag",8.8,46720,20762,"/opt/ros/jazzy/lib/nav2_lifecycle_manager/lifecycle_manager --ros-args --log-level info --ros-args -r __node:=lifecycle_manager_navigation -p use_sim_time:=False --params-file /tmp/launch_params_gv1a6bko --params-file /tmp/launch_params_6bl7znxa"
2026-09-12T22:20:23Z,32,"compAB_r2_singleton",408773,"bash",0.0,2376,558,"bash /cbab5/work/scripts/run_nav2_composition_ab.sh --label compAB_r2 --duration 120"
2026-09-12T22:20:23Z,32,"compAB_r2_singleton",408774,"python3",9.1,85440,54248,"python3 /cbab5/work/scripts/nav_goal_sender.py --x 4.0 --y 4.0 --yaw 0.0 --repeat 0 --pause 1"
2026-09-12T22:20:23Z,32,"compAB_r2_singleton",408900,"bash",1.1,4488,1020,"bash /oomwoo/contributions/compute-benchmark/xbattlax/scripts/measure_ros_processes.sh --pattern python3|ros2|nav2|component_container|nav_goal_sender|amcl|map_server|planner|controller|behavior|bt_nav|smoother|waypoint --duration 110 --interval 2 --label compAB_r2_singleton --output /cbab5/work/scripts/../results/composition_ab/compAB_r2_singleton_20260912T221503Z.csv"
2026-09-12T22:20:25Z,33,"compAB_r2_singleton",340884,"python3",0.2,79916,50955,"/usr/bin/python3 -c from ros2cli.daemon.daemonize import main; main() --name ros2-daemon --ros-domain-id 0 --rmw-implementation rmw_fastrtps_cpp"
2026-09-12T22:20:25Z,33,"compAB_r2_singleton",386842,"bash",0.0,4004,950,"bash -c source /opt/ros/jazzy/setup.bash && bash /cbab5/work/scripts/run_nav2_composition_ab.sh --label compAB_r2 --duration 120 >/dev/null 2>&1; ls /cbab5/work/results/composition_ab/ | grep r2"
2026-09-12T22:20:25Z,33,"compAB_r2_singleton",386855,"bash",0.0,4252,1256,"bash /cbab5/work/scripts/run_nav2_composition_ab.sh --label compAB_r2 --duration 120"
2026-09-12T22:20:25Z,33,"compAB_r2_singleton",408488,"python3",5.5,78720,48653,"python3 /cbab5/work/scripts/synthetic_scan_publisher.py --duration 220 --loop-s 40 --hz 5.0"
2026-09-12T22:20:25Z,33,"compAB_r2_singleton",408504,"ros2",0.4,43900,30624,"/usr/bin/python3 /opt/ros/jazzy/bin/ros2 launch nav2_bringup bringup_launch.py map:=/cbab5/work/scripts/../results/composition_ab/compAB_nav2_map.yaml params_file:=/cbab5/work/scripts/nav2_params_bench.yaml use_sim_time:=False autostart:=True slam:=False use_composition:=False"
2026-09-12T22:20:25Z,33,"compAB_r2_singleton",408508,"map_server",3.3,49428,23101,"/opt/ros/jazzy/lib/nav2_map_server/map_server --ros-args --log-level info --ros-args -r __node:=map_server -p use_sim_time:=False --params-file /tmp/launch_params_amag_3a0 --params-file /tmp/launch_params_8jw_ii1a -r /tf:=tf -r /tf_static:=tf_static"
2026-09-12T22:20:25Z,33,"compAB_r2_singleton",408509,"amcl",6.3,51132,22341,"/opt/ros/jazzy/lib/nav2_amcl/amcl --ros-args --log-level info --ros-args -r __node:=amcl -p use_sim_time:=False --params-file /tmp/launch_params_amag_3a0 -r /tf:=tf -r /tf_static:=tf_static"
2026-09-12T22:20:25Z,33,"compAB_r2_singleton",408510,"lifecycle_manag",3.9,42360,16604,"/opt/ros/jazzy/lib/nav2_lifecycle_manager/lifecycle_manager --ros-args --log-level info --ros-args -r __node:=lifecycle_manager_localization -p use_sim_time:=False --params-file /tmp/launch_params_1xbcgfz6 --params-file /tmp/launch_params_fmevwfj1"
2026-09-12T22:20:25Z,33,"compAB_r2_singleton",408511,"controller_serv",11.6,71048,39900,"/opt/ros/jazzy/lib/nav2_controller/controller_server --ros-args --log-level info --ros-args -p use_sim_time:=False --params-file /tmp/launch_params_j9iinff9 -r /tf:=tf -r /tf_static:=tf_static -r cmd_vel:=cmd_vel_nav"
2026-09-12T22:20:25Z,33,"compAB_r2_singleton",408512,"smoother_server",3.9,49252,19734,"/opt/ros/jazzy/lib/nav2_smoother/smoother_server --ros-args --log-level info --ros-args -r __node:=smoother_server -p use_sim_time:=False --params-file /tmp/launch_params_j9iinff9 -r /tf:=tf -r /tf_static:=tf_static"
2026-09-12T22:20:25Z,33,"compAB_r2_singleton",408513,"planner_server",4.4,58356,27574,"/opt/ros/jazzy/lib/nav2_planner/planner_server --ros-args --log-level info --ros-args -r __node:=planner_server -p use_sim_time:=False --params-file /tmp/launch_params_j9iinff9 -r /tf:=tf -r /tf_static:=tf_static"
2026-09-12T22:20:25Z,33,"compAB_r2_singleton",408514,"route_server",3.9,52916,22742,"/opt/ros/jazzy/lib/nav2_route/route_server --ros-args --log-level info --ros-args -r __node:=route_server -p use_sim_time:=False --params-file /tmp/launch_params_j9iinff9 -r /tf:=tf -r /tf_static:=tf_static"
2026-09-12T22:20:25Z,33,"compAB_r2_singleton",408515,"behavior_server",4.5,53952,23905,"/opt/ros/jazzy/lib/nav2_behaviors/behavior_server --ros-args --log-level info --ros-args -r __node:=behavior_server -p use_sim_time:=False --params-file /tmp/launch_params_j9iinff9 -r /tf:=tf -r /tf_static:=tf_static -r cmd_vel:=cmd_vel_nav"
2026-09-12T22:20:25Z,33,"compAB_r2_singleton",408516,"bt_navigator",7.1,77644,48617,"/opt/ros/jazzy/lib/nav2_bt_navigator/bt_navigator --ros-args --log-level info --ros-args -r __node:=bt_navigator -p use_sim_time:=False --params-file /tmp/launch_params_j9iinff9 -r /tf:=tf -r /tf_static:=tf_static"
2026-09-12T22:20:25Z,33,"compAB_r2_singleton",408517,"waypoint_follow",3.4,46692,19248,"/opt/ros/jazzy/lib/nav2_waypoint_follower/waypoint_follower --ros-args --log-level info --ros-args -r __node:=waypoint_follower -p use_sim_time:=False --params-file /tmp/launch_params_j9iinff9 -r /tf:=tf -r /tf_static:=tf_static"
2026-09-12T22:20:25Z,33,"compAB_r2_singleton",408518,"velocity_smooth",3.4,39572,16095,"/opt/ros/jazzy/lib/nav2_velocity_smoother/velocity_smoother --ros-args --log-level info --ros-args -r __node:=velocity_smoother -p use_sim_time:=False --params-file /tmp/launch_params_j9iinff9 -r /tf:=tf -r /tf_static:=tf_static -r cmd_vel:=cmd_vel_nav"
2026-09-12T22:20:25Z,33,"compAB_r2_singleton",408519,"collision_monit",4.0,51292,21392,"/opt/ros/jazzy/lib/nav2_collision_monitor/collision_monitor --ros-args --log-level info --ros-args -r __node:=collision_monitor -p use_sim_time:=False --params-file /tmp/launch_params_j9iinff9 -r /tf:=tf -r /tf_static:=tf_static"
2026-09-12T22:20:25Z,33,"compAB_r2_singleton",408521,"lifecycle_manag",8.8,46720,20762,"/opt/ros/jazzy/lib/nav2_lifecycle_manager/lifecycle_manager --ros-args --log-level info --ros-args -r __node:=lifecycle_manager_navigation -p use_sim_time:=False --params-file /tmp/launch_params_gv1a6bko --params-file /tmp/launch_params_6bl7znxa"
2026-09-12T22:20:25Z,33,"compAB_r2_singleton",408773,"bash",0.0,2376,558,"bash /cbab5/work/scripts/run_nav2_composition_ab.sh --label compAB_r2 --duration 120"
2026-09-12T22:20:25Z,33,"compAB_r2_singleton",408774,"python3",9.1,85440,54248,"python3 /cbab5/work/scripts/nav_goal_sender.py --x 4.0 --y 4.0 --yaw 0.0 --repeat 0 --pause 1"
2026-09-12T22:20:25Z,33,"compAB_r2_singleton",408900,"bash",1.1,4488,1021,"bash /oomwoo/contributions/compute-benchmark/xbattlax/scripts/measure_ros_processes.sh --pattern python3|ros2|nav2|component_container|nav_goal_sender|amcl|map_server|planner|controller|behavior|bt_nav|smoother|waypoint --duration 110 --interval 2 --label compAB_r2_singleton --output /cbab5/work/scripts/../results/composition_ab/compAB_r2_singleton_20260912T221503Z.csv"
2026-09-12T22:20:28Z,34,"compAB_r2_singleton",340884,"python3",0.2,79916,50956,"/usr/bin/python3 -c from ros2cli.daemon.daemonize import main; main() --name ros2-daemon --ros-domain-id 0 --rmw-implementation rmw_fastrtps_cpp"
2026-09-12T22:20:28Z,34,"compAB_r2_singleton",386842,"bash",0.0,4004,951,"bash -c source /opt/ros/jazzy/setup.bash && bash /cbab5/work/scripts/run_nav2_composition_ab.sh --label compAB_r2 --duration 120 >/dev/null 2>&1; ls /cbab5/work/results/composition_ab/ | grep r2"
2026-09-12T22:20:28Z,34,"compAB_r2_singleton",386855,"bash",0.0,4252,1246,"bash /cbab5/work/scripts/run_nav2_composition_ab.sh --label compAB_r2 --duration 120"
2026-09-12T22:20:28Z,34,"compAB_r2_singleton",408488,"python3",5.5,78720,48653,"python3 /cbab5/work/scripts/synthetic_scan_publisher.py --duration 220 --loop-s 40 --hz 5.0"
2026-09-12T22:20:28Z,34,"compAB_r2_singleton",408504,"ros2",0.4,43900,30624,"/usr/bin/python3 /opt/ros/jazzy/bin/ros2 launch nav2_bringup bringup_launch.py map:=/cbab5/work/scripts/../results/composition_ab/compAB_nav2_map.yaml params_file:=/cbab5/work/scripts/nav2_params_bench.yaml use_sim_time:=False autostart:=True slam:=False use_composition:=False"
2026-09-12T22:20:28Z,34,"compAB_r2_singleton",408508,"map_server",3.3,49428,23102,"/opt/ros/jazzy/lib/nav2_map_server/map_server --ros-args --log-level info --ros-args -r __node:=map_server -p use_sim_time:=False --params-file /tmp/launch_params_amag_3a0 --params-file /tmp/launch_params_8jw_ii1a -r /tf:=tf -r /tf_static:=tf_static"
2026-09-12T22:20:28Z,34,"compAB_r2_singleton",408509,"amcl",6.3,51132,22342,"/opt/ros/jazzy/lib/nav2_amcl/amcl --ros-args --log-level info --ros-args -r __node:=amcl -p use_sim_time:=False --params-file /tmp/launch_params_amag_3a0 -r /tf:=tf -r /tf_static:=tf_static"
2026-09-12T22:20:28Z,34,"compAB_r2_singleton",408510,"lifecycle_manag",3.9,42360,16604,"/opt/ros/jazzy/lib/nav2_lifecycle_manager/lifecycle_manager --ros-args --log-level info --ros-args -r __node:=lifecycle_manager_localization -p use_sim_time:=False --params-file /tmp/launch_params_1xbcgfz6 --params-file /tmp/launch_params_fmevwfj1"
2026-09-12T22:20:28Z,34,"compAB_r2_singleton",408511,"controller_serv",11.5,71052,39904,"/opt/ros/jazzy/lib/nav2_controller/controller_server --ros-args --log-level info --ros-args -p use_sim_time:=False --params-file /tmp/launch_params_j9iinff9 -r /tf:=tf -r /tf_static:=tf_static -r cmd_vel:=cmd_vel_nav"
2026-09-12T22:20:28Z,34,"compAB_r2_singleton",408512,"smoother_server",3.9,49252,19733,"/opt/ros/jazzy/lib/nav2_smoother/smoother_server --ros-args --log-level info --ros-args -r __node:=smoother_server -p use_sim_time:=False --params-file /tmp/launch_params_j9iinff9 -r /tf:=tf -r /tf_static:=tf_static"
2026-09-12T22:20:28Z,34,"compAB_r2_singleton",408513,"planner_server",4.3,58356,27574,"/opt/ros/jazzy/lib/nav2_planner/planner_server --ros-args --log-level info --ros-args -r __node:=planner_server -p use_sim_time:=False --params-file /tmp/launch_params_j9iinff9 -r /tf:=tf -r /tf_static:=tf_static"
2026-09-12T22:20:28Z,34,"compAB_r2_singleton",408514,"route_server",3.9,52916,22742,"/opt/ros/jazzy/lib/nav2_route/route_server --ros-args --log-level info --ros-args -r __node:=route_server -p use_sim_time:=False --params-file /tmp/launch_params_j9iinff9 -r /tf:=tf -r /tf_static:=tf_static"
2026-09-12T22:20:28Z,34,"compAB_r2_singleton",408515,"behavior_server",4.5,53952,23905,"/opt/ros/jazzy/lib/nav2_behaviors/behavior_server --ros-args --log-level info --ros-args -r __node:=behavior_server -p use_sim_time:=False --params-file /tmp/launch_params_j9iinff9 -r /tf:=tf -r /tf_static:=tf_static -r cmd_vel:=cmd_vel_nav"
2026-09-12T22:20:28Z,34,"compAB_r2_singleton",408516,"bt_navigator",7.1,77660,48633,"/opt/ros/jazzy/lib/nav2_bt_navigator/bt_navigator --ros-args --log-level info --ros-args -r __node:=bt_navigator -p use_sim_time:=False --params-file /tmp/launch_params_j9iinff9 -r /tf:=tf -r /tf_static:=tf_static"
2026-09-12T22:20:28Z,34,"compAB_r2_singleton",408517,"waypoint_follow",3.4,46692,19249,"/opt/ros/jazzy/lib/nav2_waypoint_follower/waypoint_follower --ros-args --log-level info --ros-args -r __node:=waypoint_follower -p use_sim_time:=False --params-file /tmp/launch_params_j9iinff9 -r /tf:=tf -r /tf_static:=tf_static"
2026-09-12T22:20:28Z,34,"compAB_r2_singleton",408518,"velocity_smooth",3.4,39572,16095,"/opt/ros/jazzy/lib/nav2_velocity_smoother/velocity_smoother --ros-args --log-level info --ros-args -r __node:=velocity_smoother -p use_sim_time:=False --params-file /tmp/launch_params_j9iinff9 -r /tf:=tf -r /tf_static:=tf_static -r cmd_vel:=cmd_vel_nav"
2026-09-12T22:20:28Z,34,"compAB_r2_singleton",408519,"collision_monit",4.0,51292,21392,"/opt/ros/jazzy/lib/nav2_collision_monitor/collision_monitor --ros-args --log-level info --ros-args -r __node:=collision_monitor -p use_sim_time:=False --params-file /tmp/launch_params_j9iinff9 -r /tf:=tf -r /tf_static:=tf_static"
2026-09-12T22:20:28Z,34,"compAB_r2_singleton",408521,"lifecycle_manag",8.8,46720,20762,"/opt/ros/jazzy/lib/nav2_lifecycle_manager/lifecycle_manager --ros-args --log-level info --ros-args -r __node:=lifecycle_manager_navigation -p use_sim_time:=False --params-file /tmp/launch_params_gv1a6bko --params-file /tmp/launch_params_6bl7znxa"
2026-09-12T22:20:28Z,34,"compAB_r2_singleton",408773,"bash",0.0,2376,557,"bash /cbab5/work/scripts/run_nav2_composition_ab.sh --label compAB_r2 --duration 120"
2026-09-12T22:20:28Z,34,"compAB_r2_singleton",408774,"python3",9.1,85440,54250,"python3 /cbab5/work/scripts/nav_goal_sender.py --x 4.0 --y 4.0 --yaw 0.0 --repeat 0 --pause 1"
2026-09-12T22:20:28Z,34,"compAB_r2_singleton",408900,"bash",1.1,4488,1025,"bash /oomwoo/contributions/compute-benchmark/xbattlax/scripts/measure_ros_processes.sh --pattern python3|ros2|nav2|component_container|nav_goal_sender|amcl|map_server|planner|controller|behavior|bt_nav|smoother|waypoint --duration 110 --interval 2 --label compAB_r2_singleton --output /cbab5/work/scripts/../results/composition_ab/compAB_r2_singleton_20260912T221503Z.csv"
2026-09-12T22:20:31Z,35,"compAB_r2_singleton",340884,"python3",0.2,79916,50958,"/usr/bin/python3 -c from ros2cli.daemon.daemonize import main; main() --name ros2-daemon --ros-domain-id 0 --rmw-implementation rmw_fastrtps_cpp"
2026-09-12T22:20:31Z,35,"compAB_r2_singleton",386842,"bash",0.0,4004,951,"bash -c source /opt/ros/jazzy/setup.bash && bash /cbab5/work/scripts/run_nav2_composition_ab.sh --label compAB_r2 --duration 120 >/dev/null 2>&1; ls /cbab5/work/results/composition_ab/ | grep r2"
2026-09-12T22:20:31Z,35,"compAB_r2_singleton",386855,"bash",0.0,4252,1246,"bash /cbab5/work/scripts/run_nav2_composition_ab.sh --label compAB_r2 --duration 120"
2026-09-12T22:20:31Z,35,"compAB_r2_singleton",408488,"python3",5.5,78720,48653,"python3 /cbab5/work/scripts/synthetic_scan_publisher.py --duration 220 --loop-s 40 --hz 5.0"
2026-09-12T22:20:31Z,35,"compAB_r2_singleton",408504,"ros2",0.4,43900,30625,"/usr/bin/python3 /opt/ros/jazzy/bin/ros2 launch nav2_bringup bringup_launch.py map:=/cbab5/work/scripts/../results/composition_ab/compAB_nav2_map.yaml params_file:=/cbab5/work/scripts/nav2_params_bench.yaml use_sim_time:=False autostart:=True slam:=False use_composition:=False"
2026-09-12T22:20:31Z,35,"compAB_r2_singleton",408508,"map_server",3.3,49428,23102,"/opt/ros/jazzy/lib/nav2_map_server/map_server --ros-args --log-level info --ros-args -r __node:=map_server -p use_sim_time:=False --params-file /tmp/launch_params_amag_3a0 --params-file /tmp/launch_params_8jw_ii1a -r /tf:=tf -r /tf_static:=tf_static"
2026-09-12T22:20:31Z,35,"compAB_r2_singleton",408509,"amcl",6.3,51132,22342,"/opt/ros/jazzy/lib/nav2_amcl/amcl --ros-args --log-level info --ros-args -r __node:=amcl -p use_sim_time:=False --params-file /tmp/launch_params_amag_3a0 -r /tf:=tf -r /tf_static:=tf_static"
2026-09-12T22:20:31Z,35,"compAB_r2_singleton",408510,"lifecycle_manag",3.8,42360,16604,"/opt/ros/jazzy/lib/nav2_lifecycle_manager/lifecycle_manager --ros-args --log-level info --ros-args -r __node:=lifecycle_manager_localization -p use_sim_time:=False --params-file /tmp/launch_params_1xbcgfz6 --params-file /tmp/launch_params_fmevwfj1"
2026-09-12T22:20:31Z,35,"compAB_r2_singleton",408511,"controller_serv",11.7,71072,39924,"/opt/ros/jazzy/lib/nav2_controller/controller_server --ros-args --log-level info --ros-args -p use_sim_time:=False --params-file /tmp/launch_params_j9iinff9 -r /tf:=tf -r /tf_static:=tf_static -r cmd_vel:=cmd_vel_nav"
2026-09-12T22:20:31Z,35,"compAB_r2_singleton",408512,"smoother_server",3.9,49252,19734,"/opt/ros/jazzy/lib/nav2_smoother/smoother_server --ros-args --log-level info --ros-args -r __node:=smoother_server -p use_sim_time:=False --params-file /tmp/launch_params_j9iinff9 -r /tf:=tf -r /tf_static:=tf_static"
2026-09-12T22:20:31Z,35,"compAB_r2_singleton",408513,"planner_server",4.3,58356,27574,"/opt/ros/jazzy/lib/nav2_planner/planner_server --ros-args --log-level info --ros-args -r __node:=planner_server -p use_sim_time:=False --params-file /tmp/launch_params_j9iinff9 -r /tf:=tf -r /tf_static:=tf_static"
2026-09-12T22:20:31Z,35,"compAB_r2_singleton",408514,"route_server",3.9,52916,22742,"/opt/ros/jazzy/lib/nav2_route/route_server --ros-args --log-level info --ros-args -r __node:=route_server -p use_sim_time:=False --params-file /tmp/launch_params_j9iinff9 -r /tf:=tf -r /tf_static:=tf_static"
2026-09-12T22:20:31Z,35,"compAB_r2_singleton",408515,"behavior_server",4.5,53952,23905,"/opt/ros/jazzy/lib/nav2_behaviors/behavior_server --ros-args --log-level info --ros-args -r __node:=behavior_server -p use_sim_time:=False --params-file /tmp/launch_params_j9iinff9 -r /tf:=tf -r /tf_static:=tf_static -r cmd_vel:=cmd_vel_nav"
2026-09-12T22:20:31Z,35,"compAB_r2_singleton",408516,"bt_navigator",7.1,77688,48661,"/opt/ros/jazzy/lib/nav2_bt_navigator/bt_navigator --ros-args --log-level info --ros-args -r __node:=bt_navigator -p use_sim_time:=False --params-file /tmp/launch_params_j9iinff9 -r /tf:=tf -r /tf_static:=tf_static"
2026-09-12T22:20:31Z,35,"compAB_r2_singleton",408517,"waypoint_follow",3.4,46692,19249,"/opt/ros/jazzy/lib/nav2_waypoint_follower/waypoint_follower --ros-args --log-level info --ros-args -r __node:=waypoint_follower -p use_sim_time:=False --params-file /tmp/launch_params_j9iinff9 -r /tf:=tf -r /tf_static:=tf_static"
2026-09-12T22:20:31Z,35,"compAB_r2_singleton",408518,"velocity_smooth",3.4,39572,16096,"/opt/ros/jazzy/lib/nav2_velocity_smoother/velocity_smoother --ros-args --log-level info --ros-args -r __node:=velocity_smoother -p use_sim_time:=False --params-file /tmp/launch_params_j9iinff9 -r /tf:=tf -r /tf_static:=tf_static -r cmd_vel:=cmd_vel_nav"
2026-09-12T22:20:31Z,35,"compAB_r2_singleton",408519,"collision_monit",4.0,51292,21392,"/opt/ros/jazzy/lib/nav2_collision_monitor/collision_monitor --ros-args --log-level info --ros-args -r __node:=collision_monitor -p use_sim_time:=False --params-file /tmp/launch_params_j9iinff9 -r /tf:=tf -r /tf_static:=tf_static"
2026-09-12T22:20:31Z,35,"compAB_r2_singleton",408521,"lifecycle_manag",8.8,46720,20762,"/opt/ros/jazzy/lib/nav2_lifecycle_manager/lifecycle_manager --ros-args --log-level info --ros-args -r __node:=lifecycle_manager_navigation -p use_sim_time:=False --params-file /tmp/launch_params_gv1a6bko --params-file /tmp/launch_params_6bl7znxa"
2026-09-12T22:20:31Z,35,"compAB_r2_singleton",408773,"bash",0.0,2376,558,"bash /cbab5/work/scripts/run_nav2_composition_ab.sh --label compAB_r2 --duration 120"
2026-09-12T22:20:31Z,35,"compAB_r2_singleton",408774,"python3",9.1,85440,54249,"python3 /cbab5/work/scripts/nav_goal_sender.py --x 4.0 --y 4.0 --yaw 0.0 --repeat 0 --pause 1"
2026-09-12T22:20:31Z,35,"compAB_r2_singleton",408900,"bash",1.1,4488,1029,"bash /oomwoo/contributions/compute-benchmark/xbattlax/scripts/measure_ros_processes.sh --pattern python3|ros2|nav2|component_container|nav_goal_sender|amcl|map_server|planner|controller|behavior|bt_nav|smoother|waypoint --duration 110 --interval 2 --label compAB_r2_singleton --output /cbab5/work/scripts/../results/composition_ab/compAB_r2_singleton_20260912T221503Z.csv"
2026-09-12T22:20:34Z,36,"compAB_r2_singleton",340884,"python3",0.2,79916,50958,"/usr/bin/python3 -c from ros2cli.daemon.daemonize import main; main() --name ros2-daemon --ros-domain-id 0 --rmw-implementation rmw_fastrtps_cpp"
2026-09-12T22:20:34Z,36,"compAB_r2_singleton",386842,"bash",0.0,4004,951,"bash -c source /opt/ros/jazzy/setup.bash && bash /cbab5/work/scripts/run_nav2_composition_ab.sh --label compAB_r2 --duration 120 >/dev/null 2>&1; ls /cbab5/work/results/composition_ab/ | grep r2"
2026-09-12T22:20:34Z,36,"compAB_r2_singleton",386855,"bash",0.0,4252,1257,"bash /cbab5/work/scripts/run_nav2_composition_ab.sh --label compAB_r2 --duration 120"
2026-09-12T22:20:34Z,36,"compAB_r2_singleton",408488,"python3",5.5,78720,48653,"python3 /cbab5/work/scripts/synthetic_scan_publisher.py --duration 220 --loop-s 40 --hz 5.0"
2026-09-12T22:20:34Z,36,"compAB_r2_singleton",408504,"ros2",0.4,43900,30625,"/usr/bin/python3 /opt/ros/jazzy/bin/ros2 launch nav2_bringup bringup_launch.py map:=/cbab5/work/scripts/../results/composition_ab/compAB_nav2_map.yaml params_file:=/cbab5/work/scripts/nav2_params_bench.yaml use_sim_time:=False autostart:=True slam:=False use_composition:=False"
2026-09-12T22:20:34Z,36,"compAB_r2_singleton",408508,"map_server",3.3,49428,23101,"/opt/ros/jazzy/lib/nav2_map_server/map_server --ros-args --log-level info --ros-args -r __node:=map_server -p use_sim_time:=False --params-file /tmp/launch_params_amag_3a0 --params-file /tmp/launch_params_8jw_ii1a -r /tf:=tf -r /tf_static:=tf_static"
2026-09-12T22:20:34Z,36,"compAB_r2_singleton",408509,"amcl",6.3,51132,22342,"/opt/ros/jazzy/lib/nav2_amcl/amcl --ros-args --log-level info --ros-args -r __node:=amcl -p use_sim_time:=False --params-file /tmp/launch_params_amag_3a0 -r /tf:=tf -r /tf_static:=tf_static"
2026-09-12T22:20:34Z,36,"compAB_r2_singleton",408510,"lifecycle_manag",3.9,42360,16604,"/opt/ros/jazzy/lib/nav2_lifecycle_manager/lifecycle_manager --ros-args --log-level info --ros-args -r __node:=lifecycle_manager_localization -p use_sim_time:=False --params-file /tmp/launch_params_1xbcgfz6 --params-file /tmp/launch_params_fmevwfj1"
2026-09-12T22:20:34Z,36,"compAB_r2_singleton",408511,"controller_serv",11.8,71068,39920,"/opt/ros/jazzy/lib/nav2_controller/controller_server --ros-args --log-level info --ros-args -p use_sim_time:=False --params-file /tmp/launch_params_j9iinff9 -r /tf:=tf -r /tf_static:=tf_static -r cmd_vel:=cmd_vel_nav"
2026-09-12T22:20:34Z,36,"compAB_r2_singleton",408512,"smoother_server",3.9,49252,19734,"/opt/ros/jazzy/lib/nav2_smoother/smoother_server --ros-args --log-level info --ros-args -r __node:=smoother_server -p use_sim_time:=False --params-file /tmp/launch_params_j9iinff9 -r /tf:=tf -r /tf_static:=tf_static"
2026-09-12T22:20:34Z,36,"compAB_r2_singleton",408513,"planner_server",4.4,58356,27574,"/opt/ros/jazzy/lib/nav2_planner/planner_server --ros-args --log-level info --ros-args -r __node:=planner_server -p use_sim_time:=False --params-file /tmp/launch_params_j9iinff9 -r /tf:=tf -r /tf_static:=tf_static"
2026-09-12T22:20:34Z,36,"compAB_r2_singleton",408514,"route_server",3.9,52916,22742,"/opt/ros/jazzy/lib/nav2_route/route_server --ros-args --log-level info --ros-args -r __node:=route_server -p use_sim_time:=False --params-file /tmp/launch_params_j9iinff9 -r /tf:=tf -r /tf_static:=tf_static"
2026-09-12T22:20:34Z,36,"compAB_r2_singleton",408515,"behavior_server",4.5,53952,23905,"/opt/ros/jazzy/lib/nav2_behaviors/behavior_server --ros-args --log-level info --ros-args -r __node:=behavior_server -p use_sim_time:=False --params-file /tmp/launch_params_j9iinff9 -r /tf:=tf -r /tf_static:=tf_static -r cmd_vel:=cmd_vel_nav"
2026-09-12T22:20:34Z,36,"compAB_r2_singleton",408516,"bt_navigator",7.1,77688,48661,"/opt/ros/jazzy/lib/nav2_bt_navigator/bt_navigator --ros-args --log-level info --ros-args -r __node:=bt_navigator -p use_sim_time:=False --params-file /tmp/launch_params_j9iinff9 -r /tf:=tf -r /tf_static:=tf_static"
2026-09-12T22:20:34Z,36,"compAB_r2_singleton",408517,"waypoint_follow",3.4,46692,19249,"/opt/ros/jazzy/lib/nav2_waypoint_follower/waypoint_follower --ros-args --log-level info --ros-args -r __node:=waypoint_follower -p use_sim_time:=False --params-file /tmp/launch_params_j9iinff9 -r /tf:=tf -r /tf_static:=tf_static"
2026-09-12T22:20:34Z,36,"compAB_r2_singleton",408518,"velocity_smooth",3.4,39572,16096,"/opt/ros/jazzy/lib/nav2_velocity_smoother/velocity_smoother --ros-args --log-level info --ros-args -r __node:=velocity_smoother -p use_sim_time:=False --params-file /tmp/launch_params_j9iinff9 -r /tf:=tf -r /tf_static:=tf_static -r cmd_vel:=cmd_vel_nav"
2026-09-12T22:20:34Z,36,"compAB_r2_singleton",408519,"collision_monit",4.0,51292,21392,"/opt/ros/jazzy/lib/nav2_collision_monitor/collision_monitor --ros-args --log-level info --ros-args -r __node:=collision_monitor -p use_sim_time:=False --params-file /tmp/launch_params_j9iinff9 -r /tf:=tf -r /tf_static:=tf_static"
2026-09-12T22:20:34Z,36,"compAB_r2_singleton",408521,"lifecycle_manag",8.8,46720,20762,"/opt/ros/jazzy/lib/nav2_lifecycle_manager/lifecycle_manager --ros-args --log-level info --ros-args -r __node:=lifecycle_manager_navigation -p use_sim_time:=False --params-file /tmp/launch_params_gv1a6bko --params-file /tmp/launch_params_6bl7znxa"
2026-09-12T22:20:34Z,36,"compAB_r2_singleton",408773,"bash",0.0,2376,558,"bash /cbab5/work/scripts/run_nav2_composition_ab.sh --label compAB_r2 --duration 120"
2026-09-12T22:20:34Z,36,"compAB_r2_singleton",408774,"python3",9.1,85448,54257,"python3 /cbab5/work/scripts/nav_goal_sender.py --x 4.0 --y 4.0 --yaw 0.0 --repeat 0 --pause 1"
2026-09-12T22:20:34Z,36,"compAB_r2_singleton",408900,"bash",1.1,4488,1023,"bash /oomwoo/contributions/compute-benchmark/xbattlax/scripts/measure_ros_processes.sh --pattern python3|ros2|nav2|component_container|nav_goal_sender|amcl|map_server|planner|controller|behavior|bt_nav|smoother|waypoint --duration 110 --interval 2 --label compAB_r2_singleton --output /cbab5/work/scripts/../results/composition_ab/compAB_r2_singleton_20260912T221503Z.csv"
2026-09-12T22:20:36Z,37,"compAB_r2_singleton",340884,"python3",0.2,79916,50966,"/usr/bin/python3 -c from ros2cli.daemon.daemonize import main; main() --name ros2-daemon --ros-domain-id 0 --rmw-implementation rmw_fastrtps_cpp"
2026-09-12T22:20:36Z,37,"compAB_r2_singleton",386842,"bash",0.0,4004,952,"bash -c source /opt/ros/jazzy/setup.bash && bash /cbab5/work/scripts/run_nav2_composition_ab.sh --label compAB_r2 --duration 120 >/dev/null 2>&1; ls /cbab5/work/results/composition_ab/ | grep r2"
2026-09-12T22:20:36Z,37,"compAB_r2_singleton",386855,"bash",0.0,4252,1242,"bash /cbab5/work/scripts/run_nav2_composition_ab.sh --label compAB_r2 --duration 120"
2026-09-12T22:20:36Z,37,"compAB_r2_singleton",408488,"python3",5.5,78720,48653,"python3 /cbab5/work/scripts/synthetic_scan_publisher.py --duration 220 --loop-s 40 --hz 5.0"
2026-09-12T22:20:36Z,37,"compAB_r2_singleton",408504,"ros2",0.4,43900,30625,"/usr/bin/python3 /opt/ros/jazzy/bin/ros2 launch nav2_bringup bringup_launch.py map:=/cbab5/work/scripts/../results/composition_ab/compAB_nav2_map.yaml params_file:=/cbab5/work/scripts/nav2_params_bench.yaml use_sim_time:=False autostart:=True slam:=False use_composition:=False"
2026-09-12T22:20:36Z,37,"compAB_r2_singleton",408508,"map_server",3.3,49428,23102,"/opt/ros/jazzy/lib/nav2_map_server/map_server --ros-args --log-level info --ros-args -r __node:=map_server -p use_sim_time:=False --params-file /tmp/launch_params_amag_3a0 --params-file /tmp/launch_params_8jw_ii1a -r /tf:=tf -r /tf_static:=tf_static"
2026-09-12T22:20:36Z,37,"compAB_r2_singleton",408509,"amcl",6.3,51132,22342,"/opt/ros/jazzy/lib/nav2_amcl/amcl --ros-args --log-level info --ros-args -r __node:=amcl -p use_sim_time:=False --params-file /tmp/launch_params_amag_3a0 -r /tf:=tf -r /tf_static:=tf_static"
2026-09-12T22:20:36Z,37,"compAB_r2_singleton",408510,"lifecycle_manag",3.8,42360,16604,"/opt/ros/jazzy/lib/nav2_lifecycle_manager/lifecycle_manager --ros-args --log-level info --ros-args -r __node:=lifecycle_manager_localization -p use_sim_time:=False --params-file /tmp/launch_params_1xbcgfz6 --params-file /tmp/launch_params_fmevwfj1"
2026-09-12T22:20:36Z,37,"compAB_r2_singleton",408511,"controller_serv",12.0,71072,39924,"/opt/ros/jazzy/lib/nav2_controller/controller_server --ros-args --log-level info --ros-args -p use_sim_time:=False --params-file /tmp/launch_params_j9iinff9 -r /tf:=tf -r /tf_static:=tf_static -r cmd_vel:=cmd_vel_nav"
2026-09-12T22:20:36Z,37,"compAB_r2_singleton",408512,"smoother_server",3.9,49252,19734,"/opt/ros/jazzy/lib/nav2_smoother/smoother_server --ros-args --log-level info --ros-args -r __node:=smoother_server -p use_sim_time:=False --params-file /tmp/launch_params_j9iinff9 -r /tf:=tf -r /tf_static:=tf_static"
2026-09-12T22:20:36Z,37,"compAB_r2_singleton",408513,"planner_server",4.3,58356,27574,"/opt/ros/jazzy/lib/nav2_planner/planner_server --ros-args --log-level info --ros-args -r __node:=planner_server -p use_sim_time:=False --params-file /tmp/launch_params_j9iinff9 -r /tf:=tf -r /tf_static:=tf_static"
2026-09-12T22:20:36Z,37,"compAB_r2_singleton",408514,"route_server",3.9,52916,22742,"/opt/ros/jazzy/lib/nav2_route/route_server --ros-args --log-level info --ros-args -r __node:=route_server -p use_sim_time:=False --params-file /tmp/launch_params_j9iinff9 -r /tf:=tf -r /tf_static:=tf_static"
2026-09-12T22:20:36Z,37,"compAB_r2_singleton",408515,"behavior_server",4.5,53952,23905,"/opt/ros/jazzy/lib/nav2_behaviors/behavior_server --ros-args --log-level info --ros-args -r __node:=behavior_server -p use_sim_time:=False --params-file /tmp/launch_params_j9iinff9 -r /tf:=tf -r /tf_static:=tf_static -r cmd_vel:=cmd_vel_nav"
2026-09-12T22:20:36Z,37,"compAB_r2_singleton",408516,"bt_navigator",7.2,77688,48661,"/opt/ros/jazzy/lib/nav2_bt_navigator/bt_navigator --ros-args --log-level info --ros-args -r __node:=bt_navigator -p use_sim_time:=False --params-file /tmp/launch_params_j9iinff9 -r /tf:=tf -r /tf_static:=tf_static"
2026-09-12T22:20:36Z,37,"compAB_r2_singleton",408517,"waypoint_follow",3.4,46692,19249,"/opt/ros/jazzy/lib/nav2_waypoint_follower/waypoint_follower --ros-args --log-level info --ros-args -r __node:=waypoint_follower -p use_sim_time:=False --params-file /tmp/launch_params_j9iinff9 -r /tf:=tf -r /tf_static:=tf_static"
2026-09-12T22:20:36Z,37,"compAB_r2_singleton",408518,"velocity_smooth",3.4,39572,16096,"/opt/ros/jazzy/lib/nav2_velocity_smoother/velocity_smoother --ros-args --log-level info --ros-args -r __node:=velocity_smoother -p use_sim_time:=False --params-file /tmp/launch_params_j9iinff9 -r /tf:=tf -r /tf_static:=tf_static -r cmd_vel:=cmd_vel_nav"
2026-09-12T22:20:36Z,37,"compAB_r2_singleton",408519,"collision_monit",4.0,51292,21392,"/opt/ros/jazzy/lib/nav2_collision_monitor/collision_monitor --ros-args --log-level info --ros-args -r __node:=collision_monitor -p use_sim_time:=False --params-file /tmp/launch_params_j9iinff9 -r /tf:=tf -r /tf_static:=tf_static"
2026-09-12T22:20:36Z,37,"compAB_r2_singleton",408521,"lifecycle_manag",8.8,46720,20762,"/opt/ros/jazzy/lib/nav2_lifecycle_manager/lifecycle_manager --ros-args --log-level info --ros-args -r __node:=lifecycle_manager_navigation -p use_sim_time:=False --params-file /tmp/launch_params_gv1a6bko --params-file /tmp/launch_params_6bl7znxa"
2026-09-12T22:20:36Z,37,"compAB_r2_singleton",408773,"bash",0.0,2376,558,"bash /cbab5/work/scripts/run_nav2_composition_ab.sh --label compAB_r2 --duration 120"
2026-09-12T22:20:36Z,37,"compAB_r2_singleton",408774,"python3",9.1,85448,54258,"python3 /cbab5/work/scripts/nav_goal_sender.py --x 4.0 --y 4.0 --yaw 0.0 --repeat 0 --pause 1"
2026-09-12T22:20:36Z,37,"compAB_r2_singleton",408900,"bash",1.1,4488,1025,"bash /oomwoo/contributions/compute-benchmark/xbattlax/scripts/measure_ros_processes.sh --pattern python3|ros2|nav2|component_container|nav_goal_sender|amcl|map_server|planner|controller|behavior|bt_nav|smoother|waypoint --duration 110 --interval 2 --label compAB_r2_singleton --output /cbab5/work/scripts/../results/composition_ab/compAB_r2_singleton_20260912T221503Z.csv"
2026-09-12T22:20:39Z,38,"compAB_r2_singleton",340884,"python3",0.2,79916,50966,"/usr/bin/python3 -c from ros2cli.daemon.daemonize import main; main() --name ros2-daemon --ros-domain-id 0 --rmw-implementation rmw_fastrtps_cpp"
2026-09-12T22:20:39Z,38,"compAB_r2_singleton",386842,"bash",0.0,4004,952,"bash -c source /opt/ros/jazzy/setup.bash && bash /cbab5/work/scripts/run_nav2_composition_ab.sh --label compAB_r2 --duration 120 >/dev/null 2>&1; ls /cbab5/work/results/composition_ab/ | grep r2"
2026-09-12T22:20:39Z,38,"compAB_r2_singleton",386855,"bash",0.0,4252,1244,"bash /cbab5/work/scripts/run_nav2_composition_ab.sh --label compAB_r2 --duration 120"
2026-09-12T22:20:39Z,38,"compAB_r2_singleton",408488,"python3",5.5,78720,48653,"python3 /cbab5/work/scripts/synthetic_scan_publisher.py --duration 220 --loop-s 40 --hz 5.0"
2026-09-12T22:20:39Z,38,"compAB_r2_singleton",408504,"ros2",0.4,43900,30624,"/usr/bin/python3 /opt/ros/jazzy/bin/ros2 launch nav2_bringup bringup_launch.py map:=/cbab5/work/scripts/../results/composition_ab/compAB_nav2_map.yaml params_file:=/cbab5/work/scripts/nav2_params_bench.yaml use_sim_time:=False autostart:=True slam:=False use_composition:=False"
2026-09-12T22:20:39Z,38,"compAB_r2_singleton",408508,"map_server",3.3,49428,23102,"/opt/ros/jazzy/lib/nav2_map_server/map_server --ros-args --log-level info --ros-args -r __node:=map_server -p use_sim_time:=False --params-file /tmp/launch_params_amag_3a0 --params-file /tmp/launch_params_8jw_ii1a -r /tf:=tf -r /tf_static:=tf_static"
2026-09-12T22:20:39Z,38,"compAB_r2_singleton",408509,"amcl",6.2,51132,22342,"/opt/ros/jazzy/lib/nav2_amcl/amcl --ros-args --log-level info --ros-args -r __node:=amcl -p use_sim_time:=False --params-file /tmp/launch_params_amag_3a0 -r /tf:=tf -r /tf_static:=tf_static"
2026-09-12T22:20:39Z,38,"compAB_r2_singleton",408510,"lifecycle_manag",3.8,42360,16604,"/opt/ros/jazzy/lib/nav2_lifecycle_manager/lifecycle_manager --ros-args --log-level info --ros-args -r __node:=lifecycle_manager_localization -p use_sim_time:=False --params-file /tmp/launch_params_1xbcgfz6 --params-file /tmp/launch_params_fmevwfj1"
2026-09-12T22:20:39Z,38,"compAB_r2_singleton",408511,"controller_serv",12.2,71064,39916,"/opt/ros/jazzy/lib/nav2_controller/controller_server --ros-args --log-level info --ros-args -p use_sim_time:=False --params-file /tmp/launch_params_j9iinff9 -r /tf:=tf -r /tf_static:=tf_static -r cmd_vel:=cmd_vel_nav"
2026-09-12T22:20:39Z,38,"compAB_r2_singleton",408512,"smoother_server",3.8,49252,19733,"/opt/ros/jazzy/lib/nav2_smoother/smoother_server --ros-args --log-level info --ros-args -r __node:=smoother_server -p use_sim_time:=False --params-file /tmp/launch_params_j9iinff9 -r /tf:=tf -r /tf_static:=tf_static"
2026-09-12T22:20:39Z,38,"compAB_r2_singleton",408513,"planner_server",4.3,58360,27578,"/opt/ros/jazzy/lib/nav2_planner/planner_server --ros-args --log-level info --ros-args -r __node:=planner_server -p use_sim_time:=False --params-file /tmp/launch_params_j9iinff9 -r /tf:=tf -r /tf_static:=tf_static"
2026-09-12T22:20:39Z,38,"compAB_r2_singleton",408514,"route_server",3.9,52916,22742,"/opt/ros/jazzy/lib/nav2_route/route_server --ros-args --log-level info --ros-args -r __node:=route_server -p use_sim_time:=False --params-file /tmp/launch_params_j9iinff9 -r /tf:=tf -r /tf_static:=tf_static"
2026-09-12T22:20:39Z,38,"compAB_r2_singleton",408515,"behavior_server",4.5,53952,23905,"/opt/ros/jazzy/lib/nav2_behaviors/behavior_server --ros-args --log-level info --ros-args -r __node:=behavior_server -p use_sim_time:=False --params-file /tmp/launch_params_j9iinff9 -r /tf:=tf -r /tf_static:=tf_static -r cmd_vel:=cmd_vel_nav"
2026-09-12T22:20:39Z,38,"compAB_r2_singleton",408516,"bt_navigator",7.2,77672,48646,"/opt/ros/jazzy/lib/nav2_bt_navigator/bt_navigator --ros-args --log-level info --ros-args -r __node:=bt_navigator -p use_sim_time:=False --params-file /tmp/launch_params_j9iinff9 -r /tf:=tf -r /tf_static:=tf_static"
2026-09-12T22:20:39Z,38,"compAB_r2_singleton",408517,"waypoint_follow",3.4,46692,19249,"/opt/ros/jazzy/lib/nav2_waypoint_follower/waypoint_follower --ros-args --log-level info --ros-args -r __node:=waypoint_follower -p use_sim_time:=False --params-file /tmp/launch_params_j9iinff9 -r /tf:=tf -r /tf_static:=tf_static"
2026-09-12T22:20:39Z,38,"compAB_r2_singleton",408518,"velocity_smooth",3.4,39572,16095,"/opt/ros/jazzy/lib/nav2_velocity_smoother/velocity_smoother --ros-args --log-level info --ros-args -r __node:=velocity_smoother -p use_sim_time:=False --params-file /tmp/launch_params_j9iinff9 -r /tf:=tf -r /tf_static:=tf_static -r cmd_vel:=cmd_vel_nav"
2026-09-12T22:20:39Z,38,"compAB_r2_singleton",408519,"collision_monit",4.0,51292,21393,"/opt/ros/jazzy/lib/nav2_collision_monitor/collision_monitor --ros-args --log-level info --ros-args -r __node:=collision_monitor -p use_sim_time:=False --params-file /tmp/launch_params_j9iinff9 -r /tf:=tf -r /tf_static:=tf_static"
2026-09-12T22:20:39Z,38,"compAB_r2_singleton",408521,"lifecycle_manag",8.8,46720,20762,"/opt/ros/jazzy/lib/nav2_lifecycle_manager/lifecycle_manager --ros-args --log-level info --ros-args -r __node:=lifecycle_manager_navigation -p use_sim_time:=False --params-file /tmp/launch_params_gv1a6bko --params-file /tmp/launch_params_6bl7znxa"
2026-09-12T22:20:39Z,38,"compAB_r2_singleton",408773,"bash",0.0,2376,558,"bash /cbab5/work/scripts/run_nav2_composition_ab.sh --label compAB_r2 --duration 120"
2026-09-12T22:20:39Z,38,"compAB_r2_singleton",408774,"python3",9.1,85452,54261,"python3 /cbab5/work/scripts/nav_goal_sender.py --x 4.0 --y 4.0 --yaw 0.0 --repeat 0 --pause 1"
2026-09-12T22:20:39Z,38,"compAB_r2_singleton",408900,"bash",1.1,4488,1027,"bash /oomwoo/contributions/compute-benchmark/xbattlax/scripts/measure_ros_processes.sh --pattern python3|ros2|nav2|component_container|nav_goal_sender|amcl|map_server|planner|controller|behavior|bt_nav|smoother|waypoint --duration 110 --interval 2 --label compAB_r2_singleton --output /cbab5/work/scripts/../results/composition_ab/compAB_r2_singleton_20260912T221503Z.csv"
2026-09-12T22:20:42Z,39,"compAB_r2_singleton",340884,"python3",0.2,79916,50965,"/usr/bin/python3 -c from ros2cli.daemon.daemonize import main; main() --name ros2-daemon --ros-domain-id 0 --rmw-implementation rmw_fastrtps_cpp"
2026-09-12T22:20:42Z,39,"compAB_r2_singleton",386842,"bash",0.0,4004,950,"bash -c source /opt/ros/jazzy/setup.bash && bash /cbab5/work/scripts/run_nav2_composition_ab.sh --label compAB_r2 --duration 120 >/dev/null 2>&1; ls /cbab5/work/results/composition_ab/ | grep r2"
2026-09-12T22:20:42Z,39,"compAB_r2_singleton",386855,"bash",0.0,4252,1246,"bash /cbab5/work/scripts/run_nav2_composition_ab.sh --label compAB_r2 --duration 120"
2026-09-12T22:20:42Z,39,"compAB_r2_singleton",408488,"python3",5.5,78720,48653,"python3 /cbab5/work/scripts/synthetic_scan_publisher.py --duration 220 --loop-s 40 --hz 5.0"
2026-09-12T22:20:42Z,39,"compAB_r2_singleton",408504,"ros2",0.4,43900,30624,"/usr/bin/python3 /opt/ros/jazzy/bin/ros2 launch nav2_bringup bringup_launch.py map:=/cbab5/work/scripts/../results/composition_ab/compAB_nav2_map.yaml params_file:=/cbab5/work/scripts/nav2_params_bench.yaml use_sim_time:=False autostart:=True slam:=False use_composition:=False"
2026-09-12T22:20:42Z,39,"compAB_r2_singleton",408508,"map_server",3.3,49428,23101,"/opt/ros/jazzy/lib/nav2_map_server/map_server --ros-args --log-level info --ros-args -r __node:=map_server -p use_sim_time:=False --params-file /tmp/launch_params_amag_3a0 --params-file /tmp/launch_params_8jw_ii1a -r /tf:=tf -r /tf_static:=tf_static"
2026-09-12T22:20:42Z,39,"compAB_r2_singleton",408509,"amcl",6.2,51132,22341,"/opt/ros/jazzy/lib/nav2_amcl/amcl --ros-args --log-level info --ros-args -r __node:=amcl -p use_sim_time:=False --params-file /tmp/launch_params_amag_3a0 -r /tf:=tf -r /tf_static:=tf_static"
2026-09-12T22:20:42Z,39,"compAB_r2_singleton",408510,"lifecycle_manag",3.8,42360,16604,"/opt/ros/jazzy/lib/nav2_lifecycle_manager/lifecycle_manager --ros-args --log-level info --ros-args -r __node:=lifecycle_manager_localization -p use_sim_time:=False --params-file /tmp/launch_params_1xbcgfz6 --params-file /tmp/launch_params_fmevwfj1"
2026-09-12T22:20:42Z,39,"compAB_r2_singleton",408511,"controller_serv",12.0,71064,39916,"/opt/ros/jazzy/lib/nav2_controller/controller_server --ros-args --log-level info --ros-args -p use_sim_time:=False --params-file /tmp/launch_params_j9iinff9 -r /tf:=tf -r /tf_static:=tf_static -r cmd_vel:=cmd_vel_nav"
2026-09-12T22:20:42Z,39,"compAB_r2_singleton",408512,"smoother_server",3.8,49252,19734,"/opt/ros/jazzy/lib/nav2_smoother/smoother_server --ros-args --log-level info --ros-args -r __node:=smoother_server -p use_sim_time:=False --params-file /tmp/launch_params_j9iinff9 -r /tf:=tf -r /tf_static:=tf_static"
2026-09-12T22:20:42Z,39,"compAB_r2_singleton",408513,"planner_server",4.3,58360,27578,"/opt/ros/jazzy/lib/nav2_planner/planner_server --ros-args --log-level info --ros-args -r __node:=planner_server -p use_sim_time:=False --params-file /tmp/launch_params_j9iinff9 -r /tf:=tf -r /tf_static:=tf_static"
2026-09-12T22:20:42Z,39,"compAB_r2_singleton",408514,"route_server",3.9,52916,22742,"/opt/ros/jazzy/lib/nav2_route/route_server --ros-args --log-level info --ros-args -r __node:=route_server -p use_sim_time:=False --params-file /tmp/launch_params_j9iinff9 -r /tf:=tf -r /tf_static:=tf_static"
2026-09-12T22:20:42Z,39,"compAB_r2_singleton",408515,"behavior_server",4.5,53952,23905,"/opt/ros/jazzy/lib/nav2_behaviors/behavior_server --ros-args --log-level info --ros-args -r __node:=behavior_server -p use_sim_time:=False --params-file /tmp/launch_params_j9iinff9 -r /tf:=tf -r /tf_static:=tf_static -r cmd_vel:=cmd_vel_nav"
2026-09-12T22:20:42Z,39,"compAB_r2_singleton",408516,"bt_navigator",7.1,77688,48660,"/opt/ros/jazzy/lib/nav2_bt_navigator/bt_navigator --ros-args --log-level info --ros-args -r __node:=bt_navigator -p use_sim_time:=False --params-file /tmp/launch_params_j9iinff9 -r /tf:=tf -r /tf_static:=tf_static"
2026-09-12T22:20:42Z,39,"compAB_r2_singleton",408517,"waypoint_follow",3.4,46696,19253,"/opt/ros/jazzy/lib/nav2_waypoint_follower/waypoint_follower --ros-args --log-level info --ros-args -r __node:=waypoint_follower -p use_sim_time:=False --params-file /tmp/launch_params_j9iinff9 -r /tf:=tf -r /tf_static:=tf_static"
2026-09-12T22:20:42Z,39,"compAB_r2_singleton",408518,"velocity_smooth",3.4,39572,16095,"/opt/ros/jazzy/lib/nav2_velocity_smoother/velocity_smoother --ros-args --log-level info --ros-args -r __node:=velocity_smoother -p use_sim_time:=False --params-file /tmp/launch_params_j9iinff9 -r /tf:=tf -r /tf_static:=tf_static -r cmd_vel:=cmd_vel_nav"
2026-09-12T22:20:42Z,39,"compAB_r2_singleton",408519,"collision_monit",4.0,51292,21392,"/opt/ros/jazzy/lib/nav2_collision_monitor/collision_monitor --ros-args --log-level info --ros-args -r __node:=collision_monitor -p use_sim_time:=False --params-file /tmp/launch_params_j9iinff9 -r /tf:=tf -r /tf_static:=tf_static"
2026-09-12T22:20:42Z,39,"compAB_r2_singleton",408521,"lifecycle_manag",8.8,46720,20762,"/opt/ros/jazzy/lib/nav2_lifecycle_manager/lifecycle_manager --ros-args --log-level info --ros-args -r __node:=lifecycle_manager_navigation -p use_sim_time:=False --params-file /tmp/launch_params_gv1a6bko --params-file /tmp/launch_params_6bl7znxa"
2026-09-12T22:20:42Z,39,"compAB_r2_singleton",408773,"bash",0.0,2376,557,"bash /cbab5/work/scripts/run_nav2_composition_ab.sh --label compAB_r2 --duration 120"
2026-09-12T22:20:42Z,39,"compAB_r2_singleton",408774,"python3",9.1,85452,54261,"python3 /cbab5/work/scripts/nav_goal_sender.py --x 4.0 --y 4.0 --yaw 0.0 --repeat 0 --pause 1"
2026-09-12T22:20:42Z,39,"compAB_r2_singleton",408900,"bash",1.1,4488,1023,"bash /oomwoo/contributions/compute-benchmark/xbattlax/scripts/measure_ros_processes.sh --pattern python3|ros2|nav2|component_container|nav_goal_sender|amcl|map_server|planner|controller|behavior|bt_nav|smoother|waypoint --duration 110 --interval 2 --label compAB_r2_singleton --output /cbab5/work/scripts/../results/composition_ab/compAB_r2_singleton_20260912T221503Z.csv"
2026-09-12T22:20:45Z,40,"compAB_r2_singleton",340884,"python3",0.2,79916,50960,"/usr/bin/python3 -c from ros2cli.daemon.daemonize import main; main() --name ros2-daemon --ros-domain-id 0 --rmw-implementation rmw_fastrtps_cpp"
2026-09-12T22:20:45Z,40,"compAB_r2_singleton",386842,"bash",0.0,4004,952,"bash -c source /opt/ros/jazzy/setup.bash && bash /cbab5/work/scripts/run_nav2_composition_ab.sh --label compAB_r2 --duration 120 >/dev/null 2>&1; ls /cbab5/work/results/composition_ab/ | grep r2"
2026-09-12T22:20:45Z,40,"compAB_r2_singleton",386855,"bash",0.0,4252,1243,"bash /cbab5/work/scripts/run_nav2_composition_ab.sh --label compAB_r2 --duration 120"
2026-09-12T22:20:45Z,40,"compAB_r2_singleton",408488,"python3",5.5,78720,48653,"python3 /cbab5/work/scripts/synthetic_scan_publisher.py --duration 220 --loop-s 40 --hz 5.0"
2026-09-12T22:20:45Z,40,"compAB_r2_singleton",408504,"ros2",0.4,43900,30625,"/usr/bin/python3 /opt/ros/jazzy/bin/ros2 launch nav2_bringup bringup_launch.py map:=/cbab5/work/scripts/../results/composition_ab/compAB_nav2_map.yaml params_file:=/cbab5/work/scripts/nav2_params_bench.yaml use_sim_time:=False autostart:=True slam:=False use_composition:=False"
2026-09-12T22:20:45Z,40,"compAB_r2_singleton",408508,"map_server",3.3,49428,23102,"/opt/ros/jazzy/lib/nav2_map_server/map_server --ros-args --log-level info --ros-args -r __node:=map_server -p use_sim_time:=False --params-file /tmp/launch_params_amag_3a0 --params-file /tmp/launch_params_8jw_ii1a -r /tf:=tf -r /tf_static:=tf_static"
2026-09-12T22:20:45Z,40,"compAB_r2_singleton",408509,"amcl",6.2,51132,22342,"/opt/ros/jazzy/lib/nav2_amcl/amcl --ros-args --log-level info --ros-args -r __node:=amcl -p use_sim_time:=False --params-file /tmp/launch_params_amag_3a0 -r /tf:=tf -r /tf_static:=tf_static"
2026-09-12T22:20:45Z,40,"compAB_r2_singleton",408510,"lifecycle_manag",3.8,42360,16604,"/opt/ros/jazzy/lib/nav2_lifecycle_manager/lifecycle_manager --ros-args --log-level info --ros-args -r __node:=lifecycle_manager_localization -p use_sim_time:=False --params-file /tmp/launch_params_1xbcgfz6 --params-file /tmp/launch_params_fmevwfj1"
2026-09-12T22:20:45Z,40,"compAB_r2_singleton",408511,"controller_serv",11.9,71064,39916,"/opt/ros/jazzy/lib/nav2_controller/controller_server --ros-args --log-level info --ros-args -p use_sim_time:=False --params-file /tmp/launch_params_j9iinff9 -r /tf:=tf -r /tf_static:=tf_static -r cmd_vel:=cmd_vel_nav"
2026-09-12T22:20:45Z,40,"compAB_r2_singleton",408512,"smoother_server",3.8,49252,19734,"/opt/ros/jazzy/lib/nav2_smoother/smoother_server --ros-args --log-level info --ros-args -r __node:=smoother_server -p use_sim_time:=False --params-file /tmp/launch_params_j9iinff9 -r /tf:=tf -r /tf_static:=tf_static"
2026-09-12T22:20:45Z,40,"compAB_r2_singleton",408513,"planner_server",4.3,58360,27578,"/opt/ros/jazzy/lib/nav2_planner/planner_server --ros-args --log-level info --ros-args -r __node:=planner_server -p use_sim_time:=False --params-file /tmp/launch_params_j9iinff9 -r /tf:=tf -r /tf_static:=tf_static"
2026-09-12T22:20:45Z,40,"compAB_r2_singleton",408514,"route_server",3.9,52916,22742,"/opt/ros/jazzy/lib/nav2_route/route_server --ros-args --log-level info --ros-args -r __node:=route_server -p use_sim_time:=False --params-file /tmp/launch_params_j9iinff9 -r /tf:=tf -r /tf_static:=tf_static"
2026-09-12T22:20:45Z,40,"compAB_r2_singleton",408515,"behavior_server",4.5,53956,23909,"/opt/ros/jazzy/lib/nav2_behaviors/behavior_server --ros-args --log-level info --ros-args -r __node:=behavior_server -p use_sim_time:=False --params-file /tmp/launch_params_j9iinff9 -r /tf:=tf -r /tf_static:=tf_static -r cmd_vel:=cmd_vel_nav"
2026-09-12T22:20:45Z,40,"compAB_r2_singleton",408516,"bt_navigator",7.2,77688,48661,"/opt/ros/jazzy/lib/nav2_bt_navigator/bt_navigator --ros-args --log-level info --ros-args -r __node:=bt_navigator -p use_sim_time:=False --params-file /tmp/launch_params_j9iinff9 -r /tf:=tf -r /tf_static:=tf_static"
2026-09-12T22:20:45Z,40,"compAB_r2_singleton",408517,"waypoint_follow",3.4,46696,19253,"/opt/ros/jazzy/lib/nav2_waypoint_follower/waypoint_follower --ros-args --log-level info --ros-args -r __node:=waypoint_follower -p use_sim_time:=False --params-file /tmp/launch_params_j9iinff9 -r /tf:=tf -r /tf_static:=tf_static"
2026-09-12T22:20:45Z,40,"compAB_r2_singleton",408518,"velocity_smooth",3.4,39572,16095,"/opt/ros/jazzy/lib/nav2_velocity_smoother/velocity_smoother --ros-args --log-level info --ros-args -r __node:=velocity_smoother -p use_sim_time:=False --params-file /tmp/launch_params_j9iinff9 -r /tf:=tf -r /tf_static:=tf_static -r cmd_vel:=cmd_vel_nav"
2026-09-12T22:20:45Z,40,"compAB_r2_singleton",408519,"collision_monit",4.0,51292,21393,"/opt/ros/jazzy/lib/nav2_collision_monitor/collision_monitor --ros-args --log-level info --ros-args -r __node:=collision_monitor -p use_sim_time:=False --params-file /tmp/launch_params_j9iinff9 -r /tf:=tf -r /tf_static:=tf_static"
2026-09-12T22:20:45Z,40,"compAB_r2_singleton",408521,"lifecycle_manag",8.8,46720,20762,"/opt/ros/jazzy/lib/nav2_lifecycle_manager/lifecycle_manager --ros-args --log-level info --ros-args -r __node:=lifecycle_manager_navigation -p use_sim_time:=False --params-file /tmp/launch_params_gv1a6bko --params-file /tmp/launch_params_6bl7znxa"
2026-09-12T22:20:45Z,40,"compAB_r2_singleton",408773,"bash",0.0,2376,558,"bash /cbab5/work/scripts/run_nav2_composition_ab.sh --label compAB_r2 --duration 120"
2026-09-12T22:20:45Z,40,"compAB_r2_singleton",408774,"python3",9.1,85452,54262,"python3 /cbab5/work/scripts/nav_goal_sender.py --x 4.0 --y 4.0 --yaw 0.0 --repeat 0 --pause 1"
2026-09-12T22:20:45Z,40,"compAB_r2_singleton",408900,"bash",1.1,4488,1031,"bash /oomwoo/contributions/compute-benchmark/xbattlax/scripts/measure_ros_processes.sh --pattern python3|ros2|nav2|component_container|nav_goal_sender|amcl|map_server|planner|controller|behavior|bt_nav|smoother|waypoint --duration 110 --interval 2 --label compAB_r2_singleton --output /cbab5/work/scripts/../results/composition_ab/compAB_r2_singleton_20260912T221503Z.csv"
