timestamp_utc,sample_index,label,pid,comm,cpu_percent,rss_kib,pss_kib,cmdline
2026-09-12T22:08:47Z,0,"compAB_r1_composable",340659,"bash",0.0,3976,1036,"bash -c source /opt/ros/jazzy/setup.bash && bash /cbab5/work/scripts/run_nav2_composition_ab.sh --label compAB_r1 --duration 120 2>&1 | tail -30"
2026-09-12T22:08:47Z,0,"compAB_r1_composable",340672,"bash",0.0,3728,795,"bash /cbab5/work/scripts/run_nav2_composition_ab.sh --label compAB_r1 --duration 120"
2026-09-12T22:08:47Z,0,"compAB_r1_composable",340778,"python3",5.5,76232,49907,"python3 /cbab5/work/scripts/synthetic_scan_publisher.py --duration 220 --loop-s 40 --hz 5.0"
2026-09-12T22:08:47Z,0,"compAB_r1_composable",340794,"ros2",2.8,83696,58157,"/usr/bin/python3 /opt/ros/jazzy/bin/ros2 launch nav2_bringup bringup_launch.py map:=/cbab5/work/scripts/../results/composition_ab/compAB_nav2_map.yaml params_file:=/cbab5/work/scripts/nav2_params_bench.yaml use_sim_time:=False autostart:=True slam:=False use_composition:=True"
2026-09-12T22:08:47Z,0,"compAB_r1_composable",340814,"component_conta",44.3,180296,164897,"/opt/ros/jazzy/lib/rclcpp_components/component_container_isolated --ros-args --log-level info --ros-args -r __node:=nav2_container --params-file /tmp/launch_params_4titmdt9 --params-file /tmp/launch_params_dds6jmqc -r /tf:=tf -r /tf_static:=tf_static"
2026-09-12T22:08:47Z,0,"compAB_r1_composable",340884,"python3",2.5,73372,48094,"/usr/bin/python3 -c from ros2cli.daemon.daemonize import main; main() --name ros2-daemon --ros-domain-id 0 --rmw-implementation rmw_fastrtps_cpp"
2026-09-12T22:08:47Z,0,"compAB_r1_composable",340937,"bash",0.0,2308,579,"bash /cbab5/work/scripts/run_nav2_composition_ab.sh --label compAB_r1 --duration 120"
2026-09-12T22:08:47Z,0,"compAB_r1_composable",340938,"python3",12.6,82204,55481,"python3 /cbab5/work/scripts/nav_goal_sender.py --x 4.0 --y 4.0 --yaw 0.0 --repeat 0 --pause 1"
2026-09-12T22:08:47Z,0,"compAB_r1_composable",341077,"bash",2.2,4364,1064,"bash /oomwoo/contributions/compute-benchmark/xbattlax/scripts/measure_ros_processes.sh --pattern python3|ros2|nav2|component_container|nav_goal_sender|amcl|map_server|planner|controller|behavior|bt_nav|smoother|waypoint --duration 110 --interval 2 --label compAB_r1_composable --output /cbab5/work/scripts/../results/composition_ab/compAB_r1_composable_20260912T220742Z.csv"
2026-09-12T22:08:49Z,1,"compAB_r1_composable",340659,"bash",0.0,3976,1038,"bash -c source /opt/ros/jazzy/setup.bash && bash /cbab5/work/scripts/run_nav2_composition_ab.sh --label compAB_r1 --duration 120 2>&1 | tail -30"
2026-09-12T22:08:49Z,1,"compAB_r1_composable",340672,"bash",0.0,3728,793,"bash /cbab5/work/scripts/run_nav2_composition_ab.sh --label compAB_r1 --duration 120"
2026-09-12T22:08:49Z,1,"compAB_r1_composable",340778,"python3",5.5,76168,49897,"python3 /cbab5/work/scripts/synthetic_scan_publisher.py --duration 220 --loop-s 40 --hz 5.0"
2026-09-12T22:08:49Z,1,"compAB_r1_composable",340794,"ros2",2.7,83632,58145,"/usr/bin/python3 /opt/ros/jazzy/bin/ros2 launch nav2_bringup bringup_launch.py map:=/cbab5/work/scripts/../results/composition_ab/compAB_nav2_map.yaml params_file:=/cbab5/work/scripts/nav2_params_bench.yaml use_sim_time:=False autostart:=True slam:=False use_composition:=True"
2026-09-12T22:08:49Z,1,"compAB_r1_composable",340814,"component_conta",44.9,180320,164975,"/opt/ros/jazzy/lib/rclcpp_components/component_container_isolated --ros-args --log-level info --ros-args -r __node:=nav2_container --params-file /tmp/launch_params_4titmdt9 --params-file /tmp/launch_params_dds6jmqc -r /tf:=tf -r /tf_static:=tf_static"
2026-09-12T22:08:49Z,1,"compAB_r1_composable",340884,"python3",2.1,73204,47975,"/usr/bin/python3 -c from ros2cli.daemon.daemonize import main; main() --name ros2-daemon --ros-domain-id 0 --rmw-implementation rmw_fastrtps_cpp"
2026-09-12T22:08:49Z,1,"compAB_r1_composable",340937,"bash",0.0,2308,578,"bash /cbab5/work/scripts/run_nav2_composition_ab.sh --label compAB_r1 --duration 120"
2026-09-12T22:08:49Z,1,"compAB_r1_composable",340938,"python3",12.1,82140,55470,"python3 /cbab5/work/scripts/nav_goal_sender.py --x 4.0 --y 4.0 --yaw 0.0 --repeat 0 --pause 1"
2026-09-12T22:08:49Z,1,"compAB_r1_composable",341077,"bash",0.6,4376,1077,"bash /oomwoo/contributions/compute-benchmark/xbattlax/scripts/measure_ros_processes.sh --pattern python3|ros2|nav2|component_container|nav_goal_sender|amcl|map_server|planner|controller|behavior|bt_nav|smoother|waypoint --duration 110 --interval 2 --label compAB_r1_composable --output /cbab5/work/scripts/../results/composition_ab/compAB_r1_composable_20260912T220742Z.csv"
2026-09-12T22:08:52Z,2,"compAB_r1_composable",340659,"bash",0.0,3976,1038,"bash -c source /opt/ros/jazzy/setup.bash && bash /cbab5/work/scripts/run_nav2_composition_ab.sh --label compAB_r1 --duration 120 2>&1 | tail -30"
2026-09-12T22:08:52Z,2,"compAB_r1_composable",340672,"bash",0.0,3728,796,"bash /cbab5/work/scripts/run_nav2_composition_ab.sh --label compAB_r1 --duration 120"
2026-09-12T22:08:52Z,2,"compAB_r1_composable",340778,"python3",5.5,76104,49886,"python3 /cbab5/work/scripts/synthetic_scan_publisher.py --duration 220 --loop-s 40 --hz 5.0"
2026-09-12T22:08:52Z,2,"compAB_r1_composable",340794,"ros2",2.6,83568,58132,"/usr/bin/python3 /opt/ros/jazzy/bin/ros2 launch nav2_bringup bringup_launch.py map:=/cbab5/work/scripts/../results/composition_ab/compAB_nav2_map.yaml params_file:=/cbab5/work/scripts/nav2_params_bench.yaml use_sim_time:=False autostart:=True slam:=False use_composition:=True"
2026-09-12T22:08:52Z,2,"compAB_r1_composable",340814,"component_conta",45.6,180308,165540,"/opt/ros/jazzy/lib/rclcpp_components/component_container_isolated --ros-args --log-level info --ros-args -r __node:=nav2_container --params-file /tmp/launch_params_4titmdt9 --params-file /tmp/launch_params_dds6jmqc -r /tf:=tf -r /tf_static:=tf_static"
2026-09-12T22:08:52Z,2,"compAB_r1_composable",340884,"python3",1.8,73140,47965,"/usr/bin/python3 -c from ros2cli.daemon.daemonize import main; main() --name ros2-daemon --ros-domain-id 0 --rmw-implementation rmw_fastrtps_cpp"
2026-09-12T22:08:52Z,2,"compAB_r1_composable",340937,"bash",0.0,2308,579,"bash /cbab5/work/scripts/run_nav2_composition_ab.sh --label compAB_r1 --duration 120"
2026-09-12T22:08:52Z,2,"compAB_r1_composable",340938,"python3",11.9,82076,55461,"python3 /cbab5/work/scripts/nav_goal_sender.py --x 4.0 --y 4.0 --yaw 0.0 --repeat 0 --pause 1"
2026-09-12T22:08:52Z,2,"compAB_r1_composable",341077,"bash",0.5,4380,1082,"bash /oomwoo/contributions/compute-benchmark/xbattlax/scripts/measure_ros_processes.sh --pattern python3|ros2|nav2|component_container|nav_goal_sender|amcl|map_server|planner|controller|behavior|bt_nav|smoother|waypoint --duration 110 --interval 2 --label compAB_r1_composable --output /cbab5/work/scripts/../results/composition_ab/compAB_r1_composable_20260912T220742Z.csv"
2026-09-12T22:08:54Z,3,"compAB_r1_composable",340659,"bash",0.0,3976,1038,"bash -c source /opt/ros/jazzy/setup.bash && bash /cbab5/work/scripts/run_nav2_composition_ab.sh --label compAB_r1 --duration 120 2>&1 | tail -30"
2026-09-12T22:08:54Z,3,"compAB_r1_composable",340672,"bash",0.0,3728,794,"bash /cbab5/work/scripts/run_nav2_composition_ab.sh --label compAB_r1 --duration 120"
2026-09-12T22:08:54Z,3,"compAB_r1_composable",340778,"python3",5.5,76104,49883,"python3 /cbab5/work/scripts/synthetic_scan_publisher.py --duration 220 --loop-s 40 --hz 5.0"
2026-09-12T22:08:54Z,3,"compAB_r1_composable",340794,"ros2",2.5,83568,58136,"/usr/bin/python3 /opt/ros/jazzy/bin/ros2 launch nav2_bringup bringup_launch.py map:=/cbab5/work/scripts/../results/composition_ab/compAB_nav2_map.yaml params_file:=/cbab5/work/scripts/nav2_params_bench.yaml use_sim_time:=False autostart:=True slam:=False use_composition:=True"
2026-09-12T22:08:54Z,3,"compAB_r1_composable",340814,"component_conta",46.2,182836,167541,"/opt/ros/jazzy/lib/rclcpp_components/component_container_isolated --ros-args --log-level info --ros-args -r __node:=nav2_container --params-file /tmp/launch_params_4titmdt9 --params-file /tmp/launch_params_dds6jmqc -r /tf:=tf -r /tf_static:=tf_static"
2026-09-12T22:08:54Z,3,"compAB_r1_composable",340884,"python3",1.7,73140,47963,"/usr/bin/python3 -c from ros2cli.daemon.daemonize import main; main() --name ros2-daemon --ros-domain-id 0 --rmw-implementation rmw_fastrtps_cpp"
2026-09-12T22:08:54Z,3,"compAB_r1_composable",340937,"bash",0.0,2308,579,"bash /cbab5/work/scripts/run_nav2_composition_ab.sh --label compAB_r1 --duration 120"
2026-09-12T22:08:54Z,3,"compAB_r1_composable",340938,"python3",11.3,82076,55457,"python3 /cbab5/work/scripts/nav_goal_sender.py --x 4.0 --y 4.0 --yaw 0.0 --repeat 0 --pause 1"
2026-09-12T22:08:54Z,3,"compAB_r1_composable",341077,"bash",0.6,4384,1085,"bash /oomwoo/contributions/compute-benchmark/xbattlax/scripts/measure_ros_processes.sh --pattern python3|ros2|nav2|component_container|nav_goal_sender|amcl|map_server|planner|controller|behavior|bt_nav|smoother|waypoint --duration 110 --interval 2 --label compAB_r1_composable --output /cbab5/work/scripts/../results/composition_ab/compAB_r1_composable_20260912T220742Z.csv"
2026-09-12T22:08:56Z,4,"compAB_r1_composable",340659,"bash",0.0,3976,1038,"bash -c source /opt/ros/jazzy/setup.bash && bash /cbab5/work/scripts/run_nav2_composition_ab.sh --label compAB_r1 --duration 120 2>&1 | tail -30"
2026-09-12T22:08:56Z,4,"compAB_r1_composable",340672,"bash",0.0,3728,794,"bash /cbab5/work/scripts/run_nav2_composition_ab.sh --label compAB_r1 --duration 120"
2026-09-12T22:08:56Z,4,"compAB_r1_composable",340778,"python3",5.5,76104,49885,"python3 /cbab5/work/scripts/synthetic_scan_publisher.py --duration 220 --loop-s 40 --hz 5.0"
2026-09-12T22:08:56Z,4,"compAB_r1_composable",340794,"ros2",2.4,83568,58133,"/usr/bin/python3 /opt/ros/jazzy/bin/ros2 launch nav2_bringup bringup_launch.py map:=/cbab5/work/scripts/../results/composition_ab/compAB_nav2_map.yaml params_file:=/cbab5/work/scripts/nav2_params_bench.yaml use_sim_time:=False autostart:=True slam:=False use_composition:=True"
2026-09-12T22:08:56Z,4,"compAB_r1_composable",340814,"component_conta",46.1,183368,168073,"/opt/ros/jazzy/lib/rclcpp_components/component_container_isolated --ros-args --log-level info --ros-args -r __node:=nav2_container --params-file /tmp/launch_params_4titmdt9 --params-file /tmp/launch_params_dds6jmqc -r /tf:=tf -r /tf_static:=tf_static"
2026-09-12T22:08:56Z,4,"compAB_r1_composable",340884,"python3",1.5,73140,47962,"/usr/bin/python3 -c from ros2cli.daemon.daemonize import main; main() --name ros2-daemon --ros-domain-id 0 --rmw-implementation rmw_fastrtps_cpp"
2026-09-12T22:08:56Z,4,"compAB_r1_composable",340937,"bash",0.0,2308,578,"bash /cbab5/work/scripts/run_nav2_composition_ab.sh --label compAB_r1 --duration 120"
2026-09-12T22:08:56Z,4,"compAB_r1_composable",340938,"python3",11.0,82076,55456,"python3 /cbab5/work/scripts/nav_goal_sender.py --x 4.0 --y 4.0 --yaw 0.0 --repeat 0 --pause 1"
2026-09-12T22:08:56Z,4,"compAB_r1_composable",341077,"bash",0.5,4384,1087,"bash /oomwoo/contributions/compute-benchmark/xbattlax/scripts/measure_ros_processes.sh --pattern python3|ros2|nav2|component_container|nav_goal_sender|amcl|map_server|planner|controller|behavior|bt_nav|smoother|waypoint --duration 110 --interval 2 --label compAB_r1_composable --output /cbab5/work/scripts/../results/composition_ab/compAB_r1_composable_20260912T220742Z.csv"
2026-09-12T22:08:59Z,5,"compAB_r1_composable",340659,"bash",0.0,3976,1036,"bash -c source /opt/ros/jazzy/setup.bash && bash /cbab5/work/scripts/run_nav2_composition_ab.sh --label compAB_r1 --duration 120 2>&1 | tail -30"
2026-09-12T22:08:59Z,5,"compAB_r1_composable",340672,"bash",0.0,3728,795,"bash /cbab5/work/scripts/run_nav2_composition_ab.sh --label compAB_r1 --duration 120"
2026-09-12T22:08:59Z,5,"compAB_r1_composable",340778,"python3",5.5,76104,49879,"python3 /cbab5/work/scripts/synthetic_scan_publisher.py --duration 220 --loop-s 40 --hz 5.0"
2026-09-12T22:08:59Z,5,"compAB_r1_composable",340794,"ros2",2.4,83568,58130,"/usr/bin/python3 /opt/ros/jazzy/bin/ros2 launch nav2_bringup bringup_launch.py map:=/cbab5/work/scripts/../results/composition_ab/compAB_nav2_map.yaml params_file:=/cbab5/work/scripts/nav2_params_bench.yaml use_sim_time:=False autostart:=True slam:=False use_composition:=True"
2026-09-12T22:08:59Z,5,"compAB_r1_composable",340814,"component_conta",46.2,185388,170091,"/opt/ros/jazzy/lib/rclcpp_components/component_container_isolated --ros-args --log-level info --ros-args -r __node:=nav2_container --params-file /tmp/launch_params_4titmdt9 --params-file /tmp/launch_params_dds6jmqc -r /tf:=tf -r /tf_static:=tf_static"
2026-09-12T22:08:59Z,5,"compAB_r1_composable",340884,"python3",1.4,73140,47964,"/usr/bin/python3 -c from ros2cli.daemon.daemonize import main; main() --name ros2-daemon --ros-domain-id 0 --rmw-implementation rmw_fastrtps_cpp"
2026-09-12T22:08:59Z,5,"compAB_r1_composable",340937,"bash",0.0,2308,578,"bash /cbab5/work/scripts/run_nav2_composition_ab.sh --label compAB_r1 --duration 120"
2026-09-12T22:08:59Z,5,"compAB_r1_composable",340938,"python3",10.5,82080,55460,"python3 /cbab5/work/scripts/nav_goal_sender.py --x 4.0 --y 4.0 --yaw 0.0 --repeat 0 --pause 1"
2026-09-12T22:08:59Z,5,"compAB_r1_composable",341077,"bash",0.5,4384,1088,"bash /oomwoo/contributions/compute-benchmark/xbattlax/scripts/measure_ros_processes.sh --pattern python3|ros2|nav2|component_container|nav_goal_sender|amcl|map_server|planner|controller|behavior|bt_nav|smoother|waypoint --duration 110 --interval 2 --label compAB_r1_composable --output /cbab5/work/scripts/../results/composition_ab/compAB_r1_composable_20260912T220742Z.csv"
2026-09-12T22:09:01Z,6,"compAB_r1_composable",340659,"bash",0.0,3976,1037,"bash -c source /opt/ros/jazzy/setup.bash && bash /cbab5/work/scripts/run_nav2_composition_ab.sh --label compAB_r1 --duration 120 2>&1 | tail -30"
2026-09-12T22:09:01Z,6,"compAB_r1_composable",340672,"bash",0.0,3728,795,"bash /cbab5/work/scripts/run_nav2_composition_ab.sh --label compAB_r1 --duration 120"
2026-09-12T22:09:01Z,6,"compAB_r1_composable",340778,"python3",5.4,76104,49883,"python3 /cbab5/work/scripts/synthetic_scan_publisher.py --duration 220 --loop-s 40 --hz 5.0"
2026-09-12T22:09:01Z,6,"compAB_r1_composable",340794,"ros2",2.3,83568,58134,"/usr/bin/python3 /opt/ros/jazzy/bin/ros2 launch nav2_bringup bringup_launch.py map:=/cbab5/work/scripts/../results/composition_ab/compAB_nav2_map.yaml params_file:=/cbab5/work/scripts/nav2_params_bench.yaml use_sim_time:=False autostart:=True slam:=False use_composition:=True"
2026-09-12T22:09:01Z,6,"compAB_r1_composable",340814,"component_conta",46.3,186264,170968,"/opt/ros/jazzy/lib/rclcpp_components/component_container_isolated --ros-args --log-level info --ros-args -r __node:=nav2_container --params-file /tmp/launch_params_4titmdt9 --params-file /tmp/launch_params_dds6jmqc -r /tf:=tf -r /tf_static:=tf_static"
2026-09-12T22:09:01Z,6,"compAB_r1_composable",340884,"python3",1.3,73140,47963,"/usr/bin/python3 -c from ros2cli.daemon.daemonize import main; main() --name ros2-daemon --ros-domain-id 0 --rmw-implementation rmw_fastrtps_cpp"
2026-09-12T22:09:01Z,6,"compAB_r1_composable",340937,"bash",0.0,2308,578,"bash /cbab5/work/scripts/run_nav2_composition_ab.sh --label compAB_r1 --duration 120"
2026-09-12T22:09:01Z,6,"compAB_r1_composable",340938,"python3",10.0,82080,55462,"python3 /cbab5/work/scripts/nav_goal_sender.py --x 4.0 --y 4.0 --yaw 0.0 --repeat 0 --pause 1"
2026-09-12T22:09:01Z,6,"compAB_r1_composable",341077,"bash",0.5,4384,1085,"bash /oomwoo/contributions/compute-benchmark/xbattlax/scripts/measure_ros_processes.sh --pattern python3|ros2|nav2|component_container|nav_goal_sender|amcl|map_server|planner|controller|behavior|bt_nav|smoother|waypoint --duration 110 --interval 2 --label compAB_r1_composable --output /cbab5/work/scripts/../results/composition_ab/compAB_r1_composable_20260912T220742Z.csv"
2026-09-12T22:09:04Z,7,"compAB_r1_composable",340659,"bash",0.0,3976,1040,"bash -c source /opt/ros/jazzy/setup.bash && bash /cbab5/work/scripts/run_nav2_composition_ab.sh --label compAB_r1 --duration 120 2>&1 | tail -30"
2026-09-12T22:09:04Z,7,"compAB_r1_composable",340672,"bash",0.0,3728,794,"bash /cbab5/work/scripts/run_nav2_composition_ab.sh --label compAB_r1 --duration 120"
2026-09-12T22:09:04Z,7,"compAB_r1_composable",340778,"python3",5.4,76104,49883,"python3 /cbab5/work/scripts/synthetic_scan_publisher.py --duration 220 --loop-s 40 --hz 5.0"
2026-09-12T22:09:04Z,7,"compAB_r1_composable",340794,"ros2",2.2,83568,58133,"/usr/bin/python3 /opt/ros/jazzy/bin/ros2 launch nav2_bringup bringup_launch.py map:=/cbab5/work/scripts/../results/composition_ab/compAB_nav2_map.yaml params_file:=/cbab5/work/scripts/nav2_params_bench.yaml use_sim_time:=False autostart:=True slam:=False use_composition:=True"
2026-09-12T22:09:04Z,7,"compAB_r1_composable",340814,"component_conta",46.4,186416,171126,"/opt/ros/jazzy/lib/rclcpp_components/component_container_isolated --ros-args --log-level info --ros-args -r __node:=nav2_container --params-file /tmp/launch_params_4titmdt9 --params-file /tmp/launch_params_dds6jmqc -r /tf:=tf -r /tf_static:=tf_static"
2026-09-12T22:09:04Z,7,"compAB_r1_composable",340884,"python3",1.2,73140,47964,"/usr/bin/python3 -c from ros2cli.daemon.daemonize import main; main() --name ros2-daemon --ros-domain-id 0 --rmw-implementation rmw_fastrtps_cpp"
2026-09-12T22:09:04Z,7,"compAB_r1_composable",340937,"bash",0.0,2308,579,"bash /cbab5/work/scripts/run_nav2_composition_ab.sh --label compAB_r1 --duration 120"
2026-09-12T22:09:04Z,7,"compAB_r1_composable",340938,"python3",10.1,82088,55473,"python3 /cbab5/work/scripts/nav_goal_sender.py --x 4.0 --y 4.0 --yaw 0.0 --repeat 0 --pause 1"
2026-09-12T22:09:04Z,7,"compAB_r1_composable",341077,"bash",0.5,4384,1086,"bash /oomwoo/contributions/compute-benchmark/xbattlax/scripts/measure_ros_processes.sh --pattern python3|ros2|nav2|component_container|nav_goal_sender|amcl|map_server|planner|controller|behavior|bt_nav|smoother|waypoint --duration 110 --interval 2 --label compAB_r1_composable --output /cbab5/work/scripts/../results/composition_ab/compAB_r1_composable_20260912T220742Z.csv"
2026-09-12T22:09:06Z,8,"compAB_r1_composable",340659,"bash",0.0,3976,1036,"bash -c source /opt/ros/jazzy/setup.bash && bash /cbab5/work/scripts/run_nav2_composition_ab.sh --label compAB_r1 --duration 120 2>&1 | tail -30"
2026-09-12T22:09:06Z,8,"compAB_r1_composable",340672,"bash",0.0,3728,790,"bash /cbab5/work/scripts/run_nav2_composition_ab.sh --label compAB_r1 --duration 120"
2026-09-12T22:09:06Z,8,"compAB_r1_composable",340778,"python3",5.4,76104,49881,"python3 /cbab5/work/scripts/synthetic_scan_publisher.py --duration 220 --loop-s 40 --hz 5.0"
2026-09-12T22:09:06Z,8,"compAB_r1_composable",340794,"ros2",2.2,83568,58130,"/usr/bin/python3 /opt/ros/jazzy/bin/ros2 launch nav2_bringup bringup_launch.py map:=/cbab5/work/scripts/../results/composition_ab/compAB_nav2_map.yaml params_file:=/cbab5/work/scripts/nav2_params_bench.yaml use_sim_time:=False autostart:=True slam:=False use_composition:=True"
2026-09-12T22:09:06Z,8,"compAB_r1_composable",340814,"component_conta",47.1,186420,171124,"/opt/ros/jazzy/lib/rclcpp_components/component_container_isolated --ros-args --log-level info --ros-args -r __node:=nav2_container --params-file /tmp/launch_params_4titmdt9 --params-file /tmp/launch_params_dds6jmqc -r /tf:=tf -r /tf_static:=tf_static"
2026-09-12T22:09:06Z,8,"compAB_r1_composable",340884,"python3",1.1,73140,47963,"/usr/bin/python3 -c from ros2cli.daemon.daemonize import main; main() --name ros2-daemon --ros-domain-id 0 --rmw-implementation rmw_fastrtps_cpp"
2026-09-12T22:09:06Z,8,"compAB_r1_composable",340937,"bash",0.0,2308,579,"bash /cbab5/work/scripts/run_nav2_composition_ab.sh --label compAB_r1 --duration 120"
2026-09-12T22:09:06Z,8,"compAB_r1_composable",340938,"python3",10.1,82092,55471,"python3 /cbab5/work/scripts/nav_goal_sender.py --x 4.0 --y 4.0 --yaw 0.0 --repeat 0 --pause 1"
2026-09-12T22:09:06Z,8,"compAB_r1_composable",341077,"bash",0.5,4384,1085,"bash /oomwoo/contributions/compute-benchmark/xbattlax/scripts/measure_ros_processes.sh --pattern python3|ros2|nav2|component_container|nav_goal_sender|amcl|map_server|planner|controller|behavior|bt_nav|smoother|waypoint --duration 110 --interval 2 --label compAB_r1_composable --output /cbab5/work/scripts/../results/composition_ab/compAB_r1_composable_20260912T220742Z.csv"
2026-09-12T22:09:08Z,9,"compAB_r1_composable",340659,"bash",0.0,3976,1038,"bash -c source /opt/ros/jazzy/setup.bash && bash /cbab5/work/scripts/run_nav2_composition_ab.sh --label compAB_r1 --duration 120 2>&1 | tail -30"
2026-09-12T22:09:08Z,9,"compAB_r1_composable",340672,"bash",0.0,3728,796,"bash /cbab5/work/scripts/run_nav2_composition_ab.sh --label compAB_r1 --duration 120"
2026-09-12T22:09:08Z,9,"compAB_r1_composable",340778,"python3",5.4,76104,49885,"python3 /cbab5/work/scripts/synthetic_scan_publisher.py --duration 220 --loop-s 40 --hz 5.0"
2026-09-12T22:09:08Z,9,"compAB_r1_composable",340794,"ros2",2.1,83568,58131,"/usr/bin/python3 /opt/ros/jazzy/bin/ros2 launch nav2_bringup bringup_launch.py map:=/cbab5/work/scripts/../results/composition_ab/compAB_nav2_map.yaml params_file:=/cbab5/work/scripts/nav2_params_bench.yaml use_sim_time:=False autostart:=True slam:=False use_composition:=True"
2026-09-12T22:09:08Z,9,"compAB_r1_composable",340814,"component_conta",47.7,186424,171131,"/opt/ros/jazzy/lib/rclcpp_components/component_container_isolated --ros-args --log-level info --ros-args -r __node:=nav2_container --params-file /tmp/launch_params_4titmdt9 --params-file /tmp/launch_params_dds6jmqc -r /tf:=tf -r /tf_static:=tf_static"
2026-09-12T22:09:08Z,9,"compAB_r1_composable",340884,"python3",1.0,73140,47965,"/usr/bin/python3 -c from ros2cli.daemon.daemonize import main; main() --name ros2-daemon --ros-domain-id 0 --rmw-implementation rmw_fastrtps_cpp"
2026-09-12T22:09:08Z,9,"compAB_r1_composable",340937,"bash",0.0,2308,579,"bash /cbab5/work/scripts/run_nav2_composition_ab.sh --label compAB_r1 --duration 120"
2026-09-12T22:09:08Z,9,"compAB_r1_composable",340938,"python3",10.2,82096,55479,"python3 /cbab5/work/scripts/nav_goal_sender.py --x 4.0 --y 4.0 --yaw 0.0 --repeat 0 --pause 1"
2026-09-12T22:09:08Z,9,"compAB_r1_composable",341077,"bash",0.5,4384,1084,"bash /oomwoo/contributions/compute-benchmark/xbattlax/scripts/measure_ros_processes.sh --pattern python3|ros2|nav2|component_container|nav_goal_sender|amcl|map_server|planner|controller|behavior|bt_nav|smoother|waypoint --duration 110 --interval 2 --label compAB_r1_composable --output /cbab5/work/scripts/../results/composition_ab/compAB_r1_composable_20260912T220742Z.csv"
2026-09-12T22:09:11Z,10,"compAB_r1_composable",340659,"bash",0.0,3976,1036,"bash -c source /opt/ros/jazzy/setup.bash && bash /cbab5/work/scripts/run_nav2_composition_ab.sh --label compAB_r1 --duration 120 2>&1 | tail -30"
2026-09-12T22:09:11Z,10,"compAB_r1_composable",340672,"bash",0.0,3728,795,"bash /cbab5/work/scripts/run_nav2_composition_ab.sh --label compAB_r1 --duration 120"
2026-09-12T22:09:11Z,10,"compAB_r1_composable",340778,"python3",5.4,76104,49879,"python3 /cbab5/work/scripts/synthetic_scan_publisher.py --duration 220 --loop-s 40 --hz 5.0"
2026-09-12T22:09:11Z,10,"compAB_r1_composable",340794,"ros2",2.0,83568,58133,"/usr/bin/python3 /opt/ros/jazzy/bin/ros2 launch nav2_bringup bringup_launch.py map:=/cbab5/work/scripts/../results/composition_ab/compAB_nav2_map.yaml params_file:=/cbab5/work/scripts/nav2_params_bench.yaml use_sim_time:=False autostart:=True slam:=False use_composition:=True"
2026-09-12T22:09:11Z,10,"compAB_r1_composable",340814,"component_conta",47.3,186416,171120,"/opt/ros/jazzy/lib/rclcpp_components/component_container_isolated --ros-args --log-level info --ros-args -r __node:=nav2_container --params-file /tmp/launch_params_4titmdt9 --params-file /tmp/launch_params_dds6jmqc -r /tf:=tf -r /tf_static:=tf_static"
2026-09-12T22:09:11Z,10,"compAB_r1_composable",340884,"python3",1.0,73140,47964,"/usr/bin/python3 -c from ros2cli.daemon.daemonize import main; main() --name ros2-daemon --ros-domain-id 0 --rmw-implementation rmw_fastrtps_cpp"
2026-09-12T22:09:11Z,10,"compAB_r1_composable",340937,"bash",0.0,2308,578,"bash /cbab5/work/scripts/run_nav2_composition_ab.sh --label compAB_r1 --duration 120"
2026-09-12T22:09:11Z,10,"compAB_r1_composable",340938,"python3",9.7,82104,55482,"python3 /cbab5/work/scripts/nav_goal_sender.py --x 4.0 --y 4.0 --yaw 0.0 --repeat 0 --pause 1"
2026-09-12T22:09:11Z,10,"compAB_r1_composable",341077,"bash",0.5,4384,1086,"bash /oomwoo/contributions/compute-benchmark/xbattlax/scripts/measure_ros_processes.sh --pattern python3|ros2|nav2|component_container|nav_goal_sender|amcl|map_server|planner|controller|behavior|bt_nav|smoother|waypoint --duration 110 --interval 2 --label compAB_r1_composable --output /cbab5/work/scripts/../results/composition_ab/compAB_r1_composable_20260912T220742Z.csv"
2026-09-12T22:09:13Z,11,"compAB_r1_composable",340659,"bash",0.0,3976,1036,"bash -c source /opt/ros/jazzy/setup.bash && bash /cbab5/work/scripts/run_nav2_composition_ab.sh --label compAB_r1 --duration 120 2>&1 | tail -30"
2026-09-12T22:09:13Z,11,"compAB_r1_composable",340672,"bash",0.0,3728,795,"bash /cbab5/work/scripts/run_nav2_composition_ab.sh --label compAB_r1 --duration 120"
2026-09-12T22:09:13Z,11,"compAB_r1_composable",340778,"python3",5.4,76104,49881,"python3 /cbab5/work/scripts/synthetic_scan_publisher.py --duration 220 --loop-s 40 --hz 5.0"
2026-09-12T22:09:13Z,11,"compAB_r1_composable",340794,"ros2",2.0,83568,58134,"/usr/bin/python3 /opt/ros/jazzy/bin/ros2 launch nav2_bringup bringup_launch.py map:=/cbab5/work/scripts/../results/composition_ab/compAB_nav2_map.yaml params_file:=/cbab5/work/scripts/nav2_params_bench.yaml use_sim_time:=False autostart:=True slam:=False use_composition:=True"
2026-09-12T22:09:13Z,11,"compAB_r1_composable",340814,"component_conta",47.1,186416,171121,"/opt/ros/jazzy/lib/rclcpp_components/component_container_isolated --ros-args --log-level info --ros-args -r __node:=nav2_container --params-file /tmp/launch_params_4titmdt9 --params-file /tmp/launch_params_dds6jmqc -r /tf:=tf -r /tf_static:=tf_static"
2026-09-12T22:09:13Z,11,"compAB_r1_composable",340884,"python3",0.9,73140,47964,"/usr/bin/python3 -c from ros2cli.daemon.daemonize import main; main() --name ros2-daemon --ros-domain-id 0 --rmw-implementation rmw_fastrtps_cpp"
2026-09-12T22:09:13Z,11,"compAB_r1_composable",340937,"bash",0.0,2308,578,"bash /cbab5/work/scripts/run_nav2_composition_ab.sh --label compAB_r1 --duration 120"
2026-09-12T22:09:13Z,11,"compAB_r1_composable",340938,"python3",9.7,82108,55488,"python3 /cbab5/work/scripts/nav_goal_sender.py --x 4.0 --y 4.0 --yaw 0.0 --repeat 0 --pause 1"
2026-09-12T22:09:13Z,11,"compAB_r1_composable",341077,"bash",0.5,4384,1084,"bash /oomwoo/contributions/compute-benchmark/xbattlax/scripts/measure_ros_processes.sh --pattern python3|ros2|nav2|component_container|nav_goal_sender|amcl|map_server|planner|controller|behavior|bt_nav|smoother|waypoint --duration 110 --interval 2 --label compAB_r1_composable --output /cbab5/work/scripts/../results/composition_ab/compAB_r1_composable_20260912T220742Z.csv"
2026-09-12T22:09:16Z,12,"compAB_r1_composable",340659,"bash",0.0,3976,1036,"bash -c source /opt/ros/jazzy/setup.bash && bash /cbab5/work/scripts/run_nav2_composition_ab.sh --label compAB_r1 --duration 120 2>&1 | tail -30"
2026-09-12T22:09:16Z,12,"compAB_r1_composable",340672,"bash",0.0,3728,794,"bash /cbab5/work/scripts/run_nav2_composition_ab.sh --label compAB_r1 --duration 120"
2026-09-12T22:09:16Z,12,"compAB_r1_composable",340778,"python3",5.3,76104,49881,"python3 /cbab5/work/scripts/synthetic_scan_publisher.py --duration 220 --loop-s 40 --hz 5.0"
2026-09-12T22:09:16Z,12,"compAB_r1_composable",340794,"ros2",1.9,83568,58132,"/usr/bin/python3 /opt/ros/jazzy/bin/ros2 launch nav2_bringup bringup_launch.py map:=/cbab5/work/scripts/../results/composition_ab/compAB_nav2_map.yaml params_file:=/cbab5/work/scripts/nav2_params_bench.yaml use_sim_time:=False autostart:=True slam:=False use_composition:=True"
2026-09-12T22:09:16Z,12,"compAB_r1_composable",340814,"component_conta",46.9,186452,171156,"/opt/ros/jazzy/lib/rclcpp_components/component_container_isolated --ros-args --log-level info --ros-args -r __node:=nav2_container --params-file /tmp/launch_params_4titmdt9 --params-file /tmp/launch_params_dds6jmqc -r /tf:=tf -r /tf_static:=tf_static"
2026-09-12T22:09:16Z,12,"compAB_r1_composable",340884,"python3",0.9,73140,47963,"/usr/bin/python3 -c from ros2cli.daemon.daemonize import main; main() --name ros2-daemon --ros-domain-id 0 --rmw-implementation rmw_fastrtps_cpp"
2026-09-12T22:09:16Z,12,"compAB_r1_composable",340937,"bash",0.0,2308,578,"bash /cbab5/work/scripts/run_nav2_composition_ab.sh --label compAB_r1 --duration 120"
2026-09-12T22:09:16Z,12,"compAB_r1_composable",340938,"python3",9.8,82108,55490,"python3 /cbab5/work/scripts/nav_goal_sender.py --x 4.0 --y 4.0 --yaw 0.0 --repeat 0 --pause 1"
2026-09-12T22:09:16Z,12,"compAB_r1_composable",341077,"bash",0.5,4388,1091,"bash /oomwoo/contributions/compute-benchmark/xbattlax/scripts/measure_ros_processes.sh --pattern python3|ros2|nav2|component_container|nav_goal_sender|amcl|map_server|planner|controller|behavior|bt_nav|smoother|waypoint --duration 110 --interval 2 --label compAB_r1_composable --output /cbab5/work/scripts/../results/composition_ab/compAB_r1_composable_20260912T220742Z.csv"
2026-09-12T22:09:18Z,13,"compAB_r1_composable",340659,"bash",0.0,3976,1039,"bash -c source /opt/ros/jazzy/setup.bash && bash /cbab5/work/scripts/run_nav2_composition_ab.sh --label compAB_r1 --duration 120 2>&1 | tail -30"
2026-09-12T22:09:18Z,13,"compAB_r1_composable",340672,"bash",0.0,3728,795,"bash /cbab5/work/scripts/run_nav2_composition_ab.sh --label compAB_r1 --duration 120"
2026-09-12T22:09:18Z,13,"compAB_r1_composable",340778,"python3",5.3,76104,49885,"python3 /cbab5/work/scripts/synthetic_scan_publisher.py --duration 220 --loop-s 40 --hz 5.0"
2026-09-12T22:09:18Z,13,"compAB_r1_composable",340794,"ros2",1.9,83568,58131,"/usr/bin/python3 /opt/ros/jazzy/bin/ros2 launch nav2_bringup bringup_launch.py map:=/cbab5/work/scripts/../results/composition_ab/compAB_nav2_map.yaml params_file:=/cbab5/work/scripts/nav2_params_bench.yaml use_sim_time:=False autostart:=True slam:=False use_composition:=True"
2026-09-12T22:09:18Z,13,"compAB_r1_composable",340814,"component_conta",46.9,186452,171158,"/opt/ros/jazzy/lib/rclcpp_components/component_container_isolated --ros-args --log-level info --ros-args -r __node:=nav2_container --params-file /tmp/launch_params_4titmdt9 --params-file /tmp/launch_params_dds6jmqc -r /tf:=tf -r /tf_static:=tf_static"
2026-09-12T22:09:18Z,13,"compAB_r1_composable",340884,"python3",0.8,73140,47963,"/usr/bin/python3 -c from ros2cli.daemon.daemonize import main; main() --name ros2-daemon --ros-domain-id 0 --rmw-implementation rmw_fastrtps_cpp"
2026-09-12T22:09:18Z,13,"compAB_r1_composable",340937,"bash",0.0,2308,578,"bash /cbab5/work/scripts/run_nav2_composition_ab.sh --label compAB_r1 --duration 120"
2026-09-12T22:09:18Z,13,"compAB_r1_composable",340938,"python3",9.8,82112,55494,"python3 /cbab5/work/scripts/nav_goal_sender.py --x 4.0 --y 4.0 --yaw 0.0 --repeat 0 --pause 1"
2026-09-12T22:09:18Z,13,"compAB_r1_composable",341077,"bash",0.5,4388,1090,"bash /oomwoo/contributions/compute-benchmark/xbattlax/scripts/measure_ros_processes.sh --pattern python3|ros2|nav2|component_container|nav_goal_sender|amcl|map_server|planner|controller|behavior|bt_nav|smoother|waypoint --duration 110 --interval 2 --label compAB_r1_composable --output /cbab5/work/scripts/../results/composition_ab/compAB_r1_composable_20260912T220742Z.csv"
2026-09-12T22:09:21Z,14,"compAB_r1_composable",340659,"bash",0.0,3976,1036,"bash -c source /opt/ros/jazzy/setup.bash && bash /cbab5/work/scripts/run_nav2_composition_ab.sh --label compAB_r1 --duration 120 2>&1 | tail -30"
2026-09-12T22:09:21Z,14,"compAB_r1_composable",340672,"bash",0.0,3728,794,"bash /cbab5/work/scripts/run_nav2_composition_ab.sh --label compAB_r1 --duration 120"
2026-09-12T22:09:21Z,14,"compAB_r1_composable",340778,"python3",5.3,76104,49880,"python3 /cbab5/work/scripts/synthetic_scan_publisher.py --duration 220 --loop-s 40 --hz 5.0"
2026-09-12T22:09:21Z,14,"compAB_r1_composable",340794,"ros2",1.8,83568,58132,"/usr/bin/python3 /opt/ros/jazzy/bin/ros2 launch nav2_bringup bringup_launch.py map:=/cbab5/work/scripts/../results/composition_ab/compAB_nav2_map.yaml params_file:=/cbab5/work/scripts/nav2_params_bench.yaml use_sim_time:=False autostart:=True slam:=False use_composition:=True"
2026-09-12T22:09:21Z,14,"compAB_r1_composable",340814,"component_conta",46.8,186484,171187,"/opt/ros/jazzy/lib/rclcpp_components/component_container_isolated --ros-args --log-level info --ros-args -r __node:=nav2_container --params-file /tmp/launch_params_4titmdt9 --params-file /tmp/launch_params_dds6jmqc -r /tf:=tf -r /tf_static:=tf_static"
2026-09-12T22:09:21Z,14,"compAB_r1_composable",340884,"python3",0.8,73140,47963,"/usr/bin/python3 -c from ros2cli.daemon.daemonize import main; main() --name ros2-daemon --ros-domain-id 0 --rmw-implementation rmw_fastrtps_cpp"
2026-09-12T22:09:21Z,14,"compAB_r1_composable",340937,"bash",0.0,2308,578,"bash /cbab5/work/scripts/run_nav2_composition_ab.sh --label compAB_r1 --duration 120"
2026-09-12T22:09:21Z,14,"compAB_r1_composable",340938,"python3",9.8,82112,55491,"python3 /cbab5/work/scripts/nav_goal_sender.py --x 4.0 --y 4.0 --yaw 0.0 --repeat 0 --pause 1"
2026-09-12T22:09:21Z,14,"compAB_r1_composable",341077,"bash",0.5,4388,1088,"bash /oomwoo/contributions/compute-benchmark/xbattlax/scripts/measure_ros_processes.sh --pattern python3|ros2|nav2|component_container|nav_goal_sender|amcl|map_server|planner|controller|behavior|bt_nav|smoother|waypoint --duration 110 --interval 2 --label compAB_r1_composable --output /cbab5/work/scripts/../results/composition_ab/compAB_r1_composable_20260912T220742Z.csv"
2026-09-12T22:09:23Z,15,"compAB_r1_composable",340659,"bash",0.0,3976,1038,"bash -c source /opt/ros/jazzy/setup.bash && bash /cbab5/work/scripts/run_nav2_composition_ab.sh --label compAB_r1 --duration 120 2>&1 | tail -30"
2026-09-12T22:09:23Z,15,"compAB_r1_composable",340672,"bash",0.0,3728,795,"bash /cbab5/work/scripts/run_nav2_composition_ab.sh --label compAB_r1 --duration 120"
2026-09-12T22:09:23Z,15,"compAB_r1_composable",340778,"python3",5.3,76104,49884,"python3 /cbab5/work/scripts/synthetic_scan_publisher.py --duration 220 --loop-s 40 --hz 5.0"
2026-09-12T22:09:23Z,15,"compAB_r1_composable",340794,"ros2",1.8,83568,58131,"/usr/bin/python3 /opt/ros/jazzy/bin/ros2 launch nav2_bringup bringup_launch.py map:=/cbab5/work/scripts/../results/composition_ab/compAB_nav2_map.yaml params_file:=/cbab5/work/scripts/nav2_params_bench.yaml use_sim_time:=False autostart:=True slam:=False use_composition:=True"
2026-09-12T22:09:23Z,15,"compAB_r1_composable",340814,"component_conta",46.8,187260,171965,"/opt/ros/jazzy/lib/rclcpp_components/component_container_isolated --ros-args --log-level info --ros-args -r __node:=nav2_container --params-file /tmp/launch_params_4titmdt9 --params-file /tmp/launch_params_dds6jmqc -r /tf:=tf -r /tf_static:=tf_static"
2026-09-12T22:09:23Z,15,"compAB_r1_composable",340884,"python3",0.8,73140,47964,"/usr/bin/python3 -c from ros2cli.daemon.daemonize import main; main() --name ros2-daemon --ros-domain-id 0 --rmw-implementation rmw_fastrtps_cpp"
2026-09-12T22:09:23Z,15,"compAB_r1_composable",340937,"bash",0.0,2308,578,"bash /cbab5/work/scripts/run_nav2_composition_ab.sh --label compAB_r1 --duration 120"
2026-09-12T22:09:23Z,15,"compAB_r1_composable",340938,"python3",9.8,82112,55495,"python3 /cbab5/work/scripts/nav_goal_sender.py --x 4.0 --y 4.0 --yaw 0.0 --repeat 0 --pause 1"
2026-09-12T22:09:23Z,15,"compAB_r1_composable",341077,"bash",0.5,4388,1087,"bash /oomwoo/contributions/compute-benchmark/xbattlax/scripts/measure_ros_processes.sh --pattern python3|ros2|nav2|component_container|nav_goal_sender|amcl|map_server|planner|controller|behavior|bt_nav|smoother|waypoint --duration 110 --interval 2 --label compAB_r1_composable --output /cbab5/work/scripts/../results/composition_ab/compAB_r1_composable_20260912T220742Z.csv"
2026-09-12T22:09:26Z,16,"compAB_r1_composable",340659,"bash",0.0,3976,1040,"bash -c source /opt/ros/jazzy/setup.bash && bash /cbab5/work/scripts/run_nav2_composition_ab.sh --label compAB_r1 --duration 120 2>&1 | tail -30"
2026-09-12T22:09:26Z,16,"compAB_r1_composable",340672,"bash",0.0,3728,791,"bash /cbab5/work/scripts/run_nav2_composition_ab.sh --label compAB_r1 --duration 120"
2026-09-12T22:09:26Z,16,"compAB_r1_composable",340778,"python3",5.3,76104,49884,"python3 /cbab5/work/scripts/synthetic_scan_publisher.py --duration 220 --loop-s 40 --hz 5.0"
2026-09-12T22:09:26Z,16,"compAB_r1_composable",340794,"ros2",1.7,83568,58132,"/usr/bin/python3 /opt/ros/jazzy/bin/ros2 launch nav2_bringup bringup_launch.py map:=/cbab5/work/scripts/../results/composition_ab/compAB_nav2_map.yaml params_file:=/cbab5/work/scripts/nav2_params_bench.yaml use_sim_time:=False autostart:=True slam:=False use_composition:=True"
2026-09-12T22:09:26Z,16,"compAB_r1_composable",340814,"component_conta",46.9,186512,171219,"/opt/ros/jazzy/lib/rclcpp_components/component_container_isolated --ros-args --log-level info --ros-args -r __node:=nav2_container --params-file /tmp/launch_params_4titmdt9 --params-file /tmp/launch_params_dds6jmqc -r /tf:=tf -r /tf_static:=tf_static"
2026-09-12T22:09:26Z,16,"compAB_r1_composable",340884,"python3",0.7,73140,47962,"/usr/bin/python3 -c from ros2cli.daemon.daemonize import main; main() --name ros2-daemon --ros-domain-id 0 --rmw-implementation rmw_fastrtps_cpp"
2026-09-12T22:09:26Z,16,"compAB_r1_composable",340937,"bash",0.0,2308,579,"bash /cbab5/work/scripts/run_nav2_composition_ab.sh --label compAB_r1 --duration 120"
2026-09-12T22:09:26Z,16,"compAB_r1_composable",340938,"python3",9.6,82112,55495,"python3 /cbab5/work/scripts/nav_goal_sender.py --x 4.0 --y 4.0 --yaw 0.0 --repeat 0 --pause 1"
2026-09-12T22:09:26Z,16,"compAB_r1_composable",341077,"bash",0.5,4388,1089,"bash /oomwoo/contributions/compute-benchmark/xbattlax/scripts/measure_ros_processes.sh --pattern python3|ros2|nav2|component_container|nav_goal_sender|amcl|map_server|planner|controller|behavior|bt_nav|smoother|waypoint --duration 110 --interval 2 --label compAB_r1_composable --output /cbab5/work/scripts/../results/composition_ab/compAB_r1_composable_20260912T220742Z.csv"
2026-09-12T22:09:28Z,17,"compAB_r1_composable",340659,"bash",0.0,3976,1039,"bash -c source /opt/ros/jazzy/setup.bash && bash /cbab5/work/scripts/run_nav2_composition_ab.sh --label compAB_r1 --duration 120 2>&1 | tail -30"
2026-09-12T22:09:28Z,17,"compAB_r1_composable",340672,"bash",0.0,3728,793,"bash /cbab5/work/scripts/run_nav2_composition_ab.sh --label compAB_r1 --duration 120"
2026-09-12T22:09:28Z,17,"compAB_r1_composable",340778,"python3",5.3,76104,49883,"python3 /cbab5/work/scripts/synthetic_scan_publisher.py --duration 220 --loop-s 40 --hz 5.0"
2026-09-12T22:09:28Z,17,"compAB_r1_composable",340794,"ros2",1.7,83568,58133,"/usr/bin/python3 /opt/ros/jazzy/bin/ros2 launch nav2_bringup bringup_launch.py map:=/cbab5/work/scripts/../results/composition_ab/compAB_nav2_map.yaml params_file:=/cbab5/work/scripts/nav2_params_bench.yaml use_sim_time:=False autostart:=True slam:=False use_composition:=True"
2026-09-12T22:09:28Z,17,"compAB_r1_composable",340814,"component_conta",47.0,186496,171203,"/opt/ros/jazzy/lib/rclcpp_components/component_container_isolated --ros-args --log-level info --ros-args -r __node:=nav2_container --params-file /tmp/launch_params_4titmdt9 --params-file /tmp/launch_params_dds6jmqc -r /tf:=tf -r /tf_static:=tf_static"
2026-09-12T22:09:28Z,17,"compAB_r1_composable",340884,"python3",0.7,73140,47964,"/usr/bin/python3 -c from ros2cli.daemon.daemonize import main; main() --name ros2-daemon --ros-domain-id 0 --rmw-implementation rmw_fastrtps_cpp"
2026-09-12T22:09:28Z,17,"compAB_r1_composable",340937,"bash",0.0,2308,579,"bash /cbab5/work/scripts/run_nav2_composition_ab.sh --label compAB_r1 --duration 120"
2026-09-12T22:09:28Z,17,"compAB_r1_composable",340938,"python3",9.5,82116,55499,"python3 /cbab5/work/scripts/nav_goal_sender.py --x 4.0 --y 4.0 --yaw 0.0 --repeat 0 --pause 1"
2026-09-12T22:09:28Z,17,"compAB_r1_composable",341077,"bash",0.5,4388,1088,"bash /oomwoo/contributions/compute-benchmark/xbattlax/scripts/measure_ros_processes.sh --pattern python3|ros2|nav2|component_container|nav_goal_sender|amcl|map_server|planner|controller|behavior|bt_nav|smoother|waypoint --duration 110 --interval 2 --label compAB_r1_composable --output /cbab5/work/scripts/../results/composition_ab/compAB_r1_composable_20260912T220742Z.csv"
2026-09-12T22:09:30Z,18,"compAB_r1_composable",340659,"bash",0.0,3976,1037,"bash -c source /opt/ros/jazzy/setup.bash && bash /cbab5/work/scripts/run_nav2_composition_ab.sh --label compAB_r1 --duration 120 2>&1 | tail -30"
2026-09-12T22:09:30Z,18,"compAB_r1_composable",340672,"bash",0.0,3728,795,"bash /cbab5/work/scripts/run_nav2_composition_ab.sh --label compAB_r1 --duration 120"
2026-09-12T22:09:30Z,18,"compAB_r1_composable",340778,"python3",5.3,76104,49880,"python3 /cbab5/work/scripts/synthetic_scan_publisher.py --duration 220 --loop-s 40 --hz 5.0"
2026-09-12T22:09:30Z,18,"compAB_r1_composable",340794,"ros2",1.7,83568,58131,"/usr/bin/python3 /opt/ros/jazzy/bin/ros2 launch nav2_bringup bringup_launch.py map:=/cbab5/work/scripts/../results/composition_ab/compAB_nav2_map.yaml params_file:=/cbab5/work/scripts/nav2_params_bench.yaml use_sim_time:=False autostart:=True slam:=False use_composition:=True"
2026-09-12T22:09:30Z,18,"compAB_r1_composable",340814,"component_conta",47.0,188684,173388,"/opt/ros/jazzy/lib/rclcpp_components/component_container_isolated --ros-args --log-level info --ros-args -r __node:=nav2_container --params-file /tmp/launch_params_4titmdt9 --params-file /tmp/launch_params_dds6jmqc -r /tf:=tf -r /tf_static:=tf_static"
2026-09-12T22:09:30Z,18,"compAB_r1_composable",340884,"python3",0.7,73140,47964,"/usr/bin/python3 -c from ros2cli.daemon.daemonize import main; main() --name ros2-daemon --ros-domain-id 0 --rmw-implementation rmw_fastrtps_cpp"
2026-09-12T22:09:30Z,18,"compAB_r1_composable",340937,"bash",0.0,2308,579,"bash /cbab5/work/scripts/run_nav2_composition_ab.sh --label compAB_r1 --duration 120"
2026-09-12T22:09:30Z,18,"compAB_r1_composable",340938,"python3",9.2,82116,55486,"python3 /cbab5/work/scripts/nav_goal_sender.py --x 4.0 --y 4.0 --yaw 0.0 --repeat 0 --pause 1"
2026-09-12T22:09:30Z,18,"compAB_r1_composable",341077,"bash",0.5,4388,1090,"bash /oomwoo/contributions/compute-benchmark/xbattlax/scripts/measure_ros_processes.sh --pattern python3|ros2|nav2|component_container|nav_goal_sender|amcl|map_server|planner|controller|behavior|bt_nav|smoother|waypoint --duration 110 --interval 2 --label compAB_r1_composable --output /cbab5/work/scripts/../results/composition_ab/compAB_r1_composable_20260912T220742Z.csv"
2026-09-12T22:09:33Z,19,"compAB_r1_composable",340659,"bash",0.0,3976,1037,"bash -c source /opt/ros/jazzy/setup.bash && bash /cbab5/work/scripts/run_nav2_composition_ab.sh --label compAB_r1 --duration 120 2>&1 | tail -30"
2026-09-12T22:09:33Z,19,"compAB_r1_composable",340672,"bash",0.0,3728,793,"bash /cbab5/work/scripts/run_nav2_composition_ab.sh --label compAB_r1 --duration 120"
2026-09-12T22:09:33Z,19,"compAB_r1_composable",340778,"python3",5.3,76104,49883,"python3 /cbab5/work/scripts/synthetic_scan_publisher.py --duration 220 --loop-s 40 --hz 5.0"
2026-09-12T22:09:33Z,19,"compAB_r1_composable",340794,"ros2",1.6,83568,58134,"/usr/bin/python3 /opt/ros/jazzy/bin/ros2 launch nav2_bringup bringup_launch.py map:=/cbab5/work/scripts/../results/composition_ab/compAB_nav2_map.yaml params_file:=/cbab5/work/scripts/nav2_params_bench.yaml use_sim_time:=False autostart:=True slam:=False use_composition:=True"
2026-09-12T22:09:33Z,19,"compAB_r1_composable",340814,"component_conta",47.4,189016,173722,"/opt/ros/jazzy/lib/rclcpp_components/component_container_isolated --ros-args --log-level info --ros-args -r __node:=nav2_container --params-file /tmp/launch_params_4titmdt9 --params-file /tmp/launch_params_dds6jmqc -r /tf:=tf -r /tf_static:=tf_static"
2026-09-12T22:09:33Z,19,"compAB_r1_composable",340884,"python3",0.6,73140,47961,"/usr/bin/python3 -c from ros2cli.daemon.daemonize import main; main() --name ros2-daemon --ros-domain-id 0 --rmw-implementation rmw_fastrtps_cpp"
2026-09-12T22:09:33Z,19,"compAB_r1_composable",340937,"bash",0.0,2308,578,"bash /cbab5/work/scripts/run_nav2_composition_ab.sh --label compAB_r1 --duration 120"
2026-09-12T22:09:33Z,19,"compAB_r1_composable",340938,"python3",9.2,82120,55501,"python3 /cbab5/work/scripts/nav_goal_sender.py --x 4.0 --y 4.0 --yaw 0.0 --repeat 0 --pause 1"
2026-09-12T22:09:33Z,19,"compAB_r1_composable",341077,"bash",0.5,4388,1085,"bash /oomwoo/contributions/compute-benchmark/xbattlax/scripts/measure_ros_processes.sh --pattern python3|ros2|nav2|component_container|nav_goal_sender|amcl|map_server|planner|controller|behavior|bt_nav|smoother|waypoint --duration 110 --interval 2 --label compAB_r1_composable --output /cbab5/work/scripts/../results/composition_ab/compAB_r1_composable_20260912T220742Z.csv"
2026-09-12T22:09:35Z,20,"compAB_r1_composable",340659,"bash",0.0,3976,1038,"bash -c source /opt/ros/jazzy/setup.bash && bash /cbab5/work/scripts/run_nav2_composition_ab.sh --label compAB_r1 --duration 120 2>&1 | tail -30"
2026-09-12T22:09:35Z,20,"compAB_r1_composable",340672,"bash",0.0,3728,789,"bash /cbab5/work/scripts/run_nav2_composition_ab.sh --label compAB_r1 --duration 120"
2026-09-12T22:09:35Z,20,"compAB_r1_composable",340778,"python3",5.3,76104,49885,"python3 /cbab5/work/scripts/synthetic_scan_publisher.py --duration 220 --loop-s 40 --hz 5.0"
2026-09-12T22:09:35Z,20,"compAB_r1_composable",340794,"ros2",1.6,83568,58134,"/usr/bin/python3 /opt/ros/jazzy/bin/ros2 launch nav2_bringup bringup_launch.py map:=/cbab5/work/scripts/../results/composition_ab/compAB_nav2_map.yaml params_file:=/cbab5/work/scripts/nav2_params_bench.yaml use_sim_time:=False autostart:=True slam:=False use_composition:=True"
2026-09-12T22:09:35Z,20,"compAB_r1_composable",340814,"component_conta",47.7,189056,173761,"/opt/ros/jazzy/lib/rclcpp_components/component_container_isolated --ros-args --log-level info --ros-args -r __node:=nav2_container --params-file /tmp/launch_params_4titmdt9 --params-file /tmp/launch_params_dds6jmqc -r /tf:=tf -r /tf_static:=tf_static"
2026-09-12T22:09:35Z,20,"compAB_r1_composable",340884,"python3",0.6,73140,47960,"/usr/bin/python3 -c from ros2cli.daemon.daemonize import main; main() --name ros2-daemon --ros-domain-id 0 --rmw-implementation rmw_fastrtps_cpp"
2026-09-12T22:09:35Z,20,"compAB_r1_composable",340937,"bash",0.0,2308,579,"bash /cbab5/work/scripts/run_nav2_composition_ab.sh --label compAB_r1 --duration 120"
2026-09-12T22:09:35Z,20,"compAB_r1_composable",340938,"python3",9.2,82120,55502,"python3 /cbab5/work/scripts/nav_goal_sender.py --x 4.0 --y 4.0 --yaw 0.0 --repeat 0 --pause 1"
2026-09-12T22:09:35Z,20,"compAB_r1_composable",341077,"bash",0.5,4388,1089,"bash /oomwoo/contributions/compute-benchmark/xbattlax/scripts/measure_ros_processes.sh --pattern python3|ros2|nav2|component_container|nav_goal_sender|amcl|map_server|planner|controller|behavior|bt_nav|smoother|waypoint --duration 110 --interval 2 --label compAB_r1_composable --output /cbab5/work/scripts/../results/composition_ab/compAB_r1_composable_20260912T220742Z.csv"
2026-09-12T22:09:38Z,21,"compAB_r1_composable",340659,"bash",0.0,3976,1038,"bash -c source /opt/ros/jazzy/setup.bash && bash /cbab5/work/scripts/run_nav2_composition_ab.sh --label compAB_r1 --duration 120 2>&1 | tail -30"
2026-09-12T22:09:38Z,21,"compAB_r1_composable",340672,"bash",0.0,3728,789,"bash /cbab5/work/scripts/run_nav2_composition_ab.sh --label compAB_r1 --duration 120"
2026-09-12T22:09:38Z,21,"compAB_r1_composable",340778,"python3",5.3,76104,49882,"python3 /cbab5/work/scripts/synthetic_scan_publisher.py --duration 220 --loop-s 40 --hz 5.0"
2026-09-12T22:09:38Z,21,"compAB_r1_composable",340794,"ros2",1.6,83568,58134,"/usr/bin/python3 /opt/ros/jazzy/bin/ros2 launch nav2_bringup bringup_launch.py map:=/cbab5/work/scripts/../results/composition_ab/compAB_nav2_map.yaml params_file:=/cbab5/work/scripts/nav2_params_bench.yaml use_sim_time:=False autostart:=True slam:=False use_composition:=True"
2026-09-12T22:09:38Z,21,"compAB_r1_composable",340814,"component_conta",47.8,187432,172139,"/opt/ros/jazzy/lib/rclcpp_components/component_container_isolated --ros-args --log-level info --ros-args -r __node:=nav2_container --params-file /tmp/launch_params_4titmdt9 --params-file /tmp/launch_params_dds6jmqc -r /tf:=tf -r /tf_static:=tf_static"
2026-09-12T22:09:38Z,21,"compAB_r1_composable",340884,"python3",0.6,73140,47960,"/usr/bin/python3 -c from ros2cli.daemon.daemonize import main; main() --name ros2-daemon --ros-domain-id 0 --rmw-implementation rmw_fastrtps_cpp"
2026-09-12T22:09:38Z,21,"compAB_r1_composable",340937,"bash",0.0,2308,579,"bash /cbab5/work/scripts/run_nav2_composition_ab.sh --label compAB_r1 --duration 120"
2026-09-12T22:09:38Z,21,"compAB_r1_composable",340938,"python3",9.3,82120,55504,"python3 /cbab5/work/scripts/nav_goal_sender.py --x 4.0 --y 4.0 --yaw 0.0 --repeat 0 --pause 1"
2026-09-12T22:09:38Z,21,"compAB_r1_composable",341077,"bash",0.5,4388,1091,"bash /oomwoo/contributions/compute-benchmark/xbattlax/scripts/measure_ros_processes.sh --pattern python3|ros2|nav2|component_container|nav_goal_sender|amcl|map_server|planner|controller|behavior|bt_nav|smoother|waypoint --duration 110 --interval 2 --label compAB_r1_composable --output /cbab5/work/scripts/../results/composition_ab/compAB_r1_composable_20260912T220742Z.csv"
2026-09-12T22:09:40Z,22,"compAB_r1_composable",340659,"bash",0.0,3976,1036,"bash -c source /opt/ros/jazzy/setup.bash && bash /cbab5/work/scripts/run_nav2_composition_ab.sh --label compAB_r1 --duration 120 2>&1 | tail -30"
2026-09-12T22:09:40Z,22,"compAB_r1_composable",340672,"bash",0.0,3728,790,"bash /cbab5/work/scripts/run_nav2_composition_ab.sh --label compAB_r1 --duration 120"
2026-09-12T22:09:40Z,22,"compAB_r1_composable",340778,"python3",5.3,76104,49882,"python3 /cbab5/work/scripts/synthetic_scan_publisher.py --duration 220 --loop-s 40 --hz 5.0"
2026-09-12T22:09:40Z,22,"compAB_r1_composable",340794,"ros2",1.5,83568,58134,"/usr/bin/python3 /opt/ros/jazzy/bin/ros2 launch nav2_bringup bringup_launch.py map:=/cbab5/work/scripts/../results/composition_ab/compAB_nav2_map.yaml params_file:=/cbab5/work/scripts/nav2_params_bench.yaml use_sim_time:=False autostart:=True slam:=False use_composition:=True"
2026-09-12T22:09:40Z,22,"compAB_r1_composable",340814,"component_conta",47.5,187440,172145,"/opt/ros/jazzy/lib/rclcpp_components/component_container_isolated --ros-args --log-level info --ros-args -r __node:=nav2_container --params-file /tmp/launch_params_4titmdt9 --params-file /tmp/launch_params_dds6jmqc -r /tf:=tf -r /tf_static:=tf_static"
2026-09-12T22:09:40Z,22,"compAB_r1_composable",340884,"python3",0.6,73140,47963,"/usr/bin/python3 -c from ros2cli.daemon.daemonize import main; main() --name ros2-daemon --ros-domain-id 0 --rmw-implementation rmw_fastrtps_cpp"
2026-09-12T22:09:40Z,22,"compAB_r1_composable",340937,"bash",0.0,2308,578,"bash /cbab5/work/scripts/run_nav2_composition_ab.sh --label compAB_r1 --duration 120"
2026-09-12T22:09:40Z,22,"compAB_r1_composable",340938,"python3",9.3,82120,55500,"python3 /cbab5/work/scripts/nav_goal_sender.py --x 4.0 --y 4.0 --yaw 0.0 --repeat 0 --pause 1"
2026-09-12T22:09:40Z,22,"compAB_r1_composable",341077,"bash",0.5,4388,1089,"bash /oomwoo/contributions/compute-benchmark/xbattlax/scripts/measure_ros_processes.sh --pattern python3|ros2|nav2|component_container|nav_goal_sender|amcl|map_server|planner|controller|behavior|bt_nav|smoother|waypoint --duration 110 --interval 2 --label compAB_r1_composable --output /cbab5/work/scripts/../results/composition_ab/compAB_r1_composable_20260912T220742Z.csv"
2026-09-12T22:09:43Z,23,"compAB_r1_composable",340659,"bash",0.0,3976,1039,"bash -c source /opt/ros/jazzy/setup.bash && bash /cbab5/work/scripts/run_nav2_composition_ab.sh --label compAB_r1 --duration 120 2>&1 | tail -30"
2026-09-12T22:09:43Z,23,"compAB_r1_composable",340672,"bash",0.0,3728,795,"bash /cbab5/work/scripts/run_nav2_composition_ab.sh --label compAB_r1 --duration 120"
2026-09-12T22:09:43Z,23,"compAB_r1_composable",340778,"python3",5.3,76104,49883,"python3 /cbab5/work/scripts/synthetic_scan_publisher.py --duration 220 --loop-s 40 --hz 5.0"
2026-09-12T22:09:43Z,23,"compAB_r1_composable",340794,"ros2",1.5,83568,58134,"/usr/bin/python3 /opt/ros/jazzy/bin/ros2 launch nav2_bringup bringup_launch.py map:=/cbab5/work/scripts/../results/composition_ab/compAB_nav2_map.yaml params_file:=/cbab5/work/scripts/nav2_params_bench.yaml use_sim_time:=False autostart:=True slam:=False use_composition:=True"
2026-09-12T22:09:43Z,23,"compAB_r1_composable",340814,"component_conta",47.3,187432,172137,"/opt/ros/jazzy/lib/rclcpp_components/component_container_isolated --ros-args --log-level info --ros-args -r __node:=nav2_container --params-file /tmp/launch_params_4titmdt9 --params-file /tmp/launch_params_dds6jmqc -r /tf:=tf -r /tf_static:=tf_static"
2026-09-12T22:09:43Z,23,"compAB_r1_composable",340884,"python3",0.6,73140,47962,"/usr/bin/python3 -c from ros2cli.daemon.daemonize import main; main() --name ros2-daemon --ros-domain-id 0 --rmw-implementation rmw_fastrtps_cpp"
2026-09-12T22:09:43Z,23,"compAB_r1_composable",340937,"bash",0.0,2308,579,"bash /cbab5/work/scripts/run_nav2_composition_ab.sh --label compAB_r1 --duration 120"
2026-09-12T22:09:43Z,23,"compAB_r1_composable",340938,"python3",9.3,82120,55501,"python3 /cbab5/work/scripts/nav_goal_sender.py --x 4.0 --y 4.0 --yaw 0.0 --repeat 0 --pause 1"
2026-09-12T22:09:43Z,23,"compAB_r1_composable",341077,"bash",0.5,4388,1092,"bash /oomwoo/contributions/compute-benchmark/xbattlax/scripts/measure_ros_processes.sh --pattern python3|ros2|nav2|component_container|nav_goal_sender|amcl|map_server|planner|controller|behavior|bt_nav|smoother|waypoint --duration 110 --interval 2 --label compAB_r1_composable --output /cbab5/work/scripts/../results/composition_ab/compAB_r1_composable_20260912T220742Z.csv"
2026-09-12T22:09:45Z,24,"compAB_r1_composable",340659,"bash",0.0,3976,1037,"bash -c source /opt/ros/jazzy/setup.bash && bash /cbab5/work/scripts/run_nav2_composition_ab.sh --label compAB_r1 --duration 120 2>&1 | tail -30"
2026-09-12T22:09:45Z,24,"compAB_r1_composable",340672,"bash",0.0,3728,789,"bash /cbab5/work/scripts/run_nav2_composition_ab.sh --label compAB_r1 --duration 120"
2026-09-12T22:09:45Z,24,"compAB_r1_composable",340778,"python3",5.2,76104,49883,"python3 /cbab5/work/scripts/synthetic_scan_publisher.py --duration 220 --loop-s 40 --hz 5.0"
2026-09-12T22:09:45Z,24,"compAB_r1_composable",340794,"ros2",1.5,83568,58131,"/usr/bin/python3 /opt/ros/jazzy/bin/ros2 launch nav2_bringup bringup_launch.py map:=/cbab5/work/scripts/../results/composition_ab/compAB_nav2_map.yaml params_file:=/cbab5/work/scripts/nav2_params_bench.yaml use_sim_time:=False autostart:=True slam:=False use_composition:=True"
2026-09-12T22:09:45Z,24,"compAB_r1_composable",340814,"component_conta",47.2,187436,172140,"/opt/ros/jazzy/lib/rclcpp_components/component_container_isolated --ros-args --log-level info --ros-args -r __node:=nav2_container --params-file /tmp/launch_params_4titmdt9 --params-file /tmp/launch_params_dds6jmqc -r /tf:=tf -r /tf_static:=tf_static"
2026-09-12T22:09:45Z,24,"compAB_r1_composable",340884,"python3",0.5,73140,47960,"/usr/bin/python3 -c from ros2cli.daemon.daemonize import main; main() --name ros2-daemon --ros-domain-id 0 --rmw-implementation rmw_fastrtps_cpp"
2026-09-12T22:09:45Z,24,"compAB_r1_composable",340937,"bash",0.0,2308,579,"bash /cbab5/work/scripts/run_nav2_composition_ab.sh --label compAB_r1 --duration 120"
2026-09-12T22:09:45Z,24,"compAB_r1_composable",340938,"python3",9.3,82120,55504,"python3 /cbab5/work/scripts/nav_goal_sender.py --x 4.0 --y 4.0 --yaw 0.0 --repeat 0 --pause 1"
2026-09-12T22:09:45Z,24,"compAB_r1_composable",341077,"bash",0.5,4388,1089,"bash /oomwoo/contributions/compute-benchmark/xbattlax/scripts/measure_ros_processes.sh --pattern python3|ros2|nav2|component_container|nav_goal_sender|amcl|map_server|planner|controller|behavior|bt_nav|smoother|waypoint --duration 110 --interval 2 --label compAB_r1_composable --output /cbab5/work/scripts/../results/composition_ab/compAB_r1_composable_20260912T220742Z.csv"
2026-09-12T22:09:47Z,25,"compAB_r1_composable",340659,"bash",0.0,3976,1037,"bash -c source /opt/ros/jazzy/setup.bash && bash /cbab5/work/scripts/run_nav2_composition_ab.sh --label compAB_r1 --duration 120 2>&1 | tail -30"
2026-09-12T22:09:47Z,25,"compAB_r1_composable",340672,"bash",0.0,3728,790,"bash /cbab5/work/scripts/run_nav2_composition_ab.sh --label compAB_r1 --duration 120"
2026-09-12T22:09:47Z,25,"compAB_r1_composable",340778,"python3",5.2,76104,49881,"python3 /cbab5/work/scripts/synthetic_scan_publisher.py --duration 220 --loop-s 40 --hz 5.0"
2026-09-12T22:09:47Z,25,"compAB_r1_composable",340794,"ros2",1.4,83568,58133,"/usr/bin/python3 /opt/ros/jazzy/bin/ros2 launch nav2_bringup bringup_launch.py map:=/cbab5/work/scripts/../results/composition_ab/compAB_nav2_map.yaml params_file:=/cbab5/work/scripts/nav2_params_bench.yaml use_sim_time:=False autostart:=True slam:=False use_composition:=True"
2026-09-12T22:09:47Z,25,"compAB_r1_composable",340814,"component_conta",46.9,187436,172139,"/opt/ros/jazzy/lib/rclcpp_components/component_container_isolated --ros-args --log-level info --ros-args -r __node:=nav2_container --params-file /tmp/launch_params_4titmdt9 --params-file /tmp/launch_params_dds6jmqc -r /tf:=tf -r /tf_static:=tf_static"
2026-09-12T22:09:47Z,25,"compAB_r1_composable",340884,"python3",0.5,73140,47963,"/usr/bin/python3 -c from ros2cli.daemon.daemonize import main; main() --name ros2-daemon --ros-domain-id 0 --rmw-implementation rmw_fastrtps_cpp"
2026-09-12T22:09:47Z,25,"compAB_r1_composable",340937,"bash",0.0,2308,578,"bash /cbab5/work/scripts/run_nav2_composition_ab.sh --label compAB_r1 --duration 120"
2026-09-12T22:09:47Z,25,"compAB_r1_composable",340938,"python3",9.4,82120,55499,"python3 /cbab5/work/scripts/nav_goal_sender.py --x 4.0 --y 4.0 --yaw 0.0 --repeat 0 --pause 1"
2026-09-12T22:09:47Z,25,"compAB_r1_composable",341077,"bash",0.5,4388,1088,"bash /oomwoo/contributions/compute-benchmark/xbattlax/scripts/measure_ros_processes.sh --pattern python3|ros2|nav2|component_container|nav_goal_sender|amcl|map_server|planner|controller|behavior|bt_nav|smoother|waypoint --duration 110 --interval 2 --label compAB_r1_composable --output /cbab5/work/scripts/../results/composition_ab/compAB_r1_composable_20260912T220742Z.csv"
2026-09-12T22:09:50Z,26,"compAB_r1_composable",340659,"bash",0.0,3976,1038,"bash -c source /opt/ros/jazzy/setup.bash && bash /cbab5/work/scripts/run_nav2_composition_ab.sh --label compAB_r1 --duration 120 2>&1 | tail -30"
2026-09-12T22:09:50Z,26,"compAB_r1_composable",340672,"bash",0.0,3728,793,"bash /cbab5/work/scripts/run_nav2_composition_ab.sh --label compAB_r1 --duration 120"
2026-09-12T22:09:50Z,26,"compAB_r1_composable",340778,"python3",5.2,76104,49884,"python3 /cbab5/work/scripts/synthetic_scan_publisher.py --duration 220 --loop-s 40 --hz 5.0"
2026-09-12T22:09:50Z,26,"compAB_r1_composable",340794,"ros2",1.4,83568,58131,"/usr/bin/python3 /opt/ros/jazzy/bin/ros2 launch nav2_bringup bringup_launch.py map:=/cbab5/work/scripts/../results/composition_ab/compAB_nav2_map.yaml params_file:=/cbab5/work/scripts/nav2_params_bench.yaml use_sim_time:=False autostart:=True slam:=False use_composition:=True"
2026-09-12T22:09:50Z,26,"compAB_r1_composable",340814,"component_conta",47.0,187828,172533,"/opt/ros/jazzy/lib/rclcpp_components/component_container_isolated --ros-args --log-level info --ros-args -r __node:=nav2_container --params-file /tmp/launch_params_4titmdt9 --params-file /tmp/launch_params_dds6jmqc -r /tf:=tf -r /tf_static:=tf_static"
2026-09-12T22:09:50Z,26,"compAB_r1_composable",340884,"python3",0.5,73140,47962,"/usr/bin/python3 -c from ros2cli.daemon.daemonize import main; main() --name ros2-daemon --ros-domain-id 0 --rmw-implementation rmw_fastrtps_cpp"
2026-09-12T22:09:50Z,26,"compAB_r1_composable",340937,"bash",0.0,2308,579,"bash /cbab5/work/scripts/run_nav2_composition_ab.sh --label compAB_r1 --duration 120"
2026-09-12T22:09:50Z,26,"compAB_r1_composable",340938,"python3",9.4,82120,55503,"python3 /cbab5/work/scripts/nav_goal_sender.py --x 4.0 --y 4.0 --yaw 0.0 --repeat 0 --pause 1"
2026-09-12T22:09:50Z,26,"compAB_r1_composable",341077,"bash",0.5,4388,1088,"bash /oomwoo/contributions/compute-benchmark/xbattlax/scripts/measure_ros_processes.sh --pattern python3|ros2|nav2|component_container|nav_goal_sender|amcl|map_server|planner|controller|behavior|bt_nav|smoother|waypoint --duration 110 --interval 2 --label compAB_r1_composable --output /cbab5/work/scripts/../results/composition_ab/compAB_r1_composable_20260912T220742Z.csv"
2026-09-12T22:09:52Z,27,"compAB_r1_composable",340659,"bash",0.0,3976,1039,"bash -c source /opt/ros/jazzy/setup.bash && bash /cbab5/work/scripts/run_nav2_composition_ab.sh --label compAB_r1 --duration 120 2>&1 | tail -30"
2026-09-12T22:09:52Z,27,"compAB_r1_composable",340672,"bash",0.0,3728,789,"bash /cbab5/work/scripts/run_nav2_composition_ab.sh --label compAB_r1 --duration 120"
2026-09-12T22:09:52Z,27,"compAB_r1_composable",340778,"python3",5.2,76104,49885,"python3 /cbab5/work/scripts/synthetic_scan_publisher.py --duration 220 --loop-s 40 --hz 5.0"
2026-09-12T22:09:52Z,27,"compAB_r1_composable",340794,"ros2",1.4,83568,58132,"/usr/bin/python3 /opt/ros/jazzy/bin/ros2 launch nav2_bringup bringup_launch.py map:=/cbab5/work/scripts/../results/composition_ab/compAB_nav2_map.yaml params_file:=/cbab5/work/scripts/nav2_params_bench.yaml use_sim_time:=False autostart:=True slam:=False use_composition:=True"
2026-09-12T22:09:52Z,27,"compAB_r1_composable",340814,"component_conta",47.3,191744,176451,"/opt/ros/jazzy/lib/rclcpp_components/component_container_isolated --ros-args --log-level info --ros-args -r __node:=nav2_container --params-file /tmp/launch_params_4titmdt9 --params-file /tmp/launch_params_dds6jmqc -r /tf:=tf -r /tf_static:=tf_static"
2026-09-12T22:09:52Z,27,"compAB_r1_composable",340884,"python3",0.5,73140,47963,"/usr/bin/python3 -c from ros2cli.daemon.daemonize import main; main() --name ros2-daemon --ros-domain-id 0 --rmw-implementation rmw_fastrtps_cpp"
2026-09-12T22:09:52Z,27,"compAB_r1_composable",340937,"bash",0.0,2308,579,"bash /cbab5/work/scripts/run_nav2_composition_ab.sh --label compAB_r1 --duration 120"
2026-09-12T22:09:52Z,27,"compAB_r1_composable",340938,"python3",9.4,82120,55502,"python3 /cbab5/work/scripts/nav_goal_sender.py --x 4.0 --y 4.0 --yaw 0.0 --repeat 0 --pause 1"
2026-09-12T22:09:52Z,27,"compAB_r1_composable",341077,"bash",0.5,4388,1089,"bash /oomwoo/contributions/compute-benchmark/xbattlax/scripts/measure_ros_processes.sh --pattern python3|ros2|nav2|component_container|nav_goal_sender|amcl|map_server|planner|controller|behavior|bt_nav|smoother|waypoint --duration 110 --interval 2 --label compAB_r1_composable --output /cbab5/work/scripts/../results/composition_ab/compAB_r1_composable_20260912T220742Z.csv"
2026-09-12T22:09:55Z,28,"compAB_r1_composable",340659,"bash",0.0,3976,1036,"bash -c source /opt/ros/jazzy/setup.bash && bash /cbab5/work/scripts/run_nav2_composition_ab.sh --label compAB_r1 --duration 120 2>&1 | tail -30"
2026-09-12T22:09:55Z,28,"compAB_r1_composable",340672,"bash",0.0,3728,795,"bash /cbab5/work/scripts/run_nav2_composition_ab.sh --label compAB_r1 --duration 120"
2026-09-12T22:09:55Z,28,"compAB_r1_composable",340778,"python3",5.3,76104,49880,"python3 /cbab5/work/scripts/synthetic_scan_publisher.py --duration 220 --loop-s 40 --hz 5.0"
2026-09-12T22:09:55Z,28,"compAB_r1_composable",340794,"ros2",1.4,83568,58134,"/usr/bin/python3 /opt/ros/jazzy/bin/ros2 launch nav2_bringup bringup_launch.py map:=/cbab5/work/scripts/../results/composition_ab/compAB_nav2_map.yaml params_file:=/cbab5/work/scripts/nav2_params_bench.yaml use_sim_time:=False autostart:=True slam:=False use_composition:=True"
2026-09-12T22:09:55Z,28,"compAB_r1_composable",340814,"component_conta",47.4,191760,176464,"/opt/ros/jazzy/lib/rclcpp_components/component_container_isolated --ros-args --log-level info --ros-args -r __node:=nav2_container --params-file /tmp/launch_params_4titmdt9 --params-file /tmp/launch_params_dds6jmqc -r /tf:=tf -r /tf_static:=tf_static"
2026-09-12T22:09:55Z,28,"compAB_r1_composable",340884,"python3",0.5,73140,47963,"/usr/bin/python3 -c from ros2cli.daemon.daemonize import main; main() --name ros2-daemon --ros-domain-id 0 --rmw-implementation rmw_fastrtps_cpp"
2026-09-12T22:09:55Z,28,"compAB_r1_composable",340937,"bash",0.0,2308,578,"bash /cbab5/work/scripts/run_nav2_composition_ab.sh --label compAB_r1 --duration 120"
2026-09-12T22:09:55Z,28,"compAB_r1_composable",340938,"python3",9.4,82132,55511,"python3 /cbab5/work/scripts/nav_goal_sender.py --x 4.0 --y 4.0 --yaw 0.0 --repeat 0 --pause 1"
2026-09-12T22:09:55Z,28,"compAB_r1_composable",341077,"bash",0.5,4388,1091,"bash /oomwoo/contributions/compute-benchmark/xbattlax/scripts/measure_ros_processes.sh --pattern python3|ros2|nav2|component_container|nav_goal_sender|amcl|map_server|planner|controller|behavior|bt_nav|smoother|waypoint --duration 110 --interval 2 --label compAB_r1_composable --output /cbab5/work/scripts/../results/composition_ab/compAB_r1_composable_20260912T220742Z.csv"
2026-09-12T22:09:57Z,29,"compAB_r1_composable",340659,"bash",0.0,3976,1038,"bash -c source /opt/ros/jazzy/setup.bash && bash /cbab5/work/scripts/run_nav2_composition_ab.sh --label compAB_r1 --duration 120 2>&1 | tail -30"
2026-09-12T22:09:57Z,29,"compAB_r1_composable",340672,"bash",0.0,3728,790,"bash /cbab5/work/scripts/run_nav2_composition_ab.sh --label compAB_r1 --duration 120"
2026-09-12T22:09:57Z,29,"compAB_r1_composable",340778,"python3",5.2,76104,49883,"python3 /cbab5/work/scripts/synthetic_scan_publisher.py --duration 220 --loop-s 40 --hz 5.0"
2026-09-12T22:09:57Z,29,"compAB_r1_composable",340794,"ros2",1.3,83568,58133,"/usr/bin/python3 /opt/ros/jazzy/bin/ros2 launch nav2_bringup bringup_launch.py map:=/cbab5/work/scripts/../results/composition_ab/compAB_nav2_map.yaml params_file:=/cbab5/work/scripts/nav2_params_bench.yaml use_sim_time:=False autostart:=True slam:=False use_composition:=True"
2026-09-12T22:09:57Z,29,"compAB_r1_composable",340814,"component_conta",47.3,191768,176474,"/opt/ros/jazzy/lib/rclcpp_components/component_container_isolated --ros-args --log-level info --ros-args -r __node:=nav2_container --params-file /tmp/launch_params_4titmdt9 --params-file /tmp/launch_params_dds6jmqc -r /tf:=tf -r /tf_static:=tf_static"
2026-09-12T22:09:57Z,29,"compAB_r1_composable",340884,"python3",0.5,73140,47960,"/usr/bin/python3 -c from ros2cli.daemon.daemonize import main; main() --name ros2-daemon --ros-domain-id 0 --rmw-implementation rmw_fastrtps_cpp"
2026-09-12T22:09:57Z,29,"compAB_r1_composable",340937,"bash",0.0,2308,579,"bash /cbab5/work/scripts/run_nav2_composition_ab.sh --label compAB_r1 --duration 120"
2026-09-12T22:09:57Z,29,"compAB_r1_composable",340938,"python3",9.4,82132,55516,"python3 /cbab5/work/scripts/nav_goal_sender.py --x 4.0 --y 4.0 --yaw 0.0 --repeat 0 --pause 1"
2026-09-12T22:09:57Z,29,"compAB_r1_composable",341077,"bash",0.5,4388,1094,"bash /oomwoo/contributions/compute-benchmark/xbattlax/scripts/measure_ros_processes.sh --pattern python3|ros2|nav2|component_container|nav_goal_sender|amcl|map_server|planner|controller|behavior|bt_nav|smoother|waypoint --duration 110 --interval 2 --label compAB_r1_composable --output /cbab5/work/scripts/../results/composition_ab/compAB_r1_composable_20260912T220742Z.csv"
2026-09-12T22:10:00Z,30,"compAB_r1_composable",340659,"bash",0.0,3976,1038,"bash -c source /opt/ros/jazzy/setup.bash && bash /cbab5/work/scripts/run_nav2_composition_ab.sh --label compAB_r1 --duration 120 2>&1 | tail -30"
2026-09-12T22:10:00Z,30,"compAB_r1_composable",340672,"bash",0.0,3728,795,"bash /cbab5/work/scripts/run_nav2_composition_ab.sh --label compAB_r1 --duration 120"
2026-09-12T22:10:00Z,30,"compAB_r1_composable",340778,"python3",5.3,76104,49884,"python3 /cbab5/work/scripts/synthetic_scan_publisher.py --duration 220 --loop-s 40 --hz 5.0"
2026-09-12T22:10:00Z,30,"compAB_r1_composable",340794,"ros2",1.3,83568,58133,"/usr/bin/python3 /opt/ros/jazzy/bin/ros2 launch nav2_bringup bringup_launch.py map:=/cbab5/work/scripts/../results/composition_ab/compAB_nav2_map.yaml params_file:=/cbab5/work/scripts/nav2_params_bench.yaml use_sim_time:=False autostart:=True slam:=False use_composition:=True"
2026-09-12T22:10:00Z,30,"compAB_r1_composable",340814,"component_conta",47.2,191764,176470,"/opt/ros/jazzy/lib/rclcpp_components/component_container_isolated --ros-args --log-level info --ros-args -r __node:=nav2_container --params-file /tmp/launch_params_4titmdt9 --params-file /tmp/launch_params_dds6jmqc -r /tf:=tf -r /tf_static:=tf_static"
2026-09-12T22:10:00Z,30,"compAB_r1_composable",340884,"python3",0.5,73140,47964,"/usr/bin/python3 -c from ros2cli.daemon.daemonize import main; main() --name ros2-daemon --ros-domain-id 0 --rmw-implementation rmw_fastrtps_cpp"
2026-09-12T22:10:00Z,30,"compAB_r1_composable",340937,"bash",0.0,2308,578,"bash /cbab5/work/scripts/run_nav2_composition_ab.sh --label compAB_r1 --duration 120"
2026-09-12T22:10:00Z,30,"compAB_r1_composable",340938,"python3",9.5,82132,55513,"python3 /cbab5/work/scripts/nav_goal_sender.py --x 4.0 --y 4.0 --yaw 0.0 --repeat 0 --pause 1"
2026-09-12T22:10:00Z,30,"compAB_r1_composable",341077,"bash",0.5,4392,1090,"bash /oomwoo/contributions/compute-benchmark/xbattlax/scripts/measure_ros_processes.sh --pattern python3|ros2|nav2|component_container|nav_goal_sender|amcl|map_server|planner|controller|behavior|bt_nav|smoother|waypoint --duration 110 --interval 2 --label compAB_r1_composable --output /cbab5/work/scripts/../results/composition_ab/compAB_r1_composable_20260912T220742Z.csv"
2026-09-12T22:10:02Z,31,"compAB_r1_composable",340659,"bash",0.0,3976,1036,"bash -c source /opt/ros/jazzy/setup.bash && bash /cbab5/work/scripts/run_nav2_composition_ab.sh --label compAB_r1 --duration 120 2>&1 | tail -30"
2026-09-12T22:10:02Z,31,"compAB_r1_composable",340672,"bash",0.0,3728,795,"bash /cbab5/work/scripts/run_nav2_composition_ab.sh --label compAB_r1 --duration 120"
2026-09-12T22:10:02Z,31,"compAB_r1_composable",340778,"python3",5.2,76104,49882,"python3 /cbab5/work/scripts/synthetic_scan_publisher.py --duration 220 --loop-s 40 --hz 5.0"
2026-09-12T22:10:02Z,31,"compAB_r1_composable",340794,"ros2",1.3,83568,58133,"/usr/bin/python3 /opt/ros/jazzy/bin/ros2 launch nav2_bringup bringup_launch.py map:=/cbab5/work/scripts/../results/composition_ab/compAB_nav2_map.yaml params_file:=/cbab5/work/scripts/nav2_params_bench.yaml use_sim_time:=False autostart:=True slam:=False use_composition:=True"
2026-09-12T22:10:02Z,31,"compAB_r1_composable",340814,"component_conta",47.0,191764,176469,"/opt/ros/jazzy/lib/rclcpp_components/component_container_isolated --ros-args --log-level info --ros-args -r __node:=nav2_container --params-file /tmp/launch_params_4titmdt9 --params-file /tmp/launch_params_dds6jmqc -r /tf:=tf -r /tf_static:=tf_static"
2026-09-12T22:10:02Z,31,"compAB_r1_composable",340884,"python3",0.5,73140,47963,"/usr/bin/python3 -c from ros2cli.daemon.daemonize import main; main() --name ros2-daemon --ros-domain-id 0 --rmw-implementation rmw_fastrtps_cpp"
2026-09-12T22:10:02Z,31,"compAB_r1_composable",340937,"bash",0.0,2308,579,"bash /cbab5/work/scripts/run_nav2_composition_ab.sh --label compAB_r1 --duration 120"
2026-09-12T22:10:02Z,31,"compAB_r1_composable",340938,"python3",9.5,82132,55513,"python3 /cbab5/work/scripts/nav_goal_sender.py --x 4.0 --y 4.0 --yaw 0.0 --repeat 0 --pause 1"
2026-09-12T22:10:02Z,31,"compAB_r1_composable",341077,"bash",0.5,4392,1092,"bash /oomwoo/contributions/compute-benchmark/xbattlax/scripts/measure_ros_processes.sh --pattern python3|ros2|nav2|component_container|nav_goal_sender|amcl|map_server|planner|controller|behavior|bt_nav|smoother|waypoint --duration 110 --interval 2 --label compAB_r1_composable --output /cbab5/work/scripts/../results/composition_ab/compAB_r1_composable_20260912T220742Z.csv"
2026-09-12T22:10:04Z,32,"compAB_r1_composable",340659,"bash",0.0,3976,1037,"bash -c source /opt/ros/jazzy/setup.bash && bash /cbab5/work/scripts/run_nav2_composition_ab.sh --label compAB_r1 --duration 120 2>&1 | tail -30"
2026-09-12T22:10:04Z,32,"compAB_r1_composable",340672,"bash",0.0,3728,794,"bash /cbab5/work/scripts/run_nav2_composition_ab.sh --label compAB_r1 --duration 120"
2026-09-12T22:10:04Z,32,"compAB_r1_composable",340778,"python3",5.2,76104,49882,"python3 /cbab5/work/scripts/synthetic_scan_publisher.py --duration 220 --loop-s 40 --hz 5.0"
2026-09-12T22:10:04Z,32,"compAB_r1_composable",340794,"ros2",1.3,83568,58130,"/usr/bin/python3 /opt/ros/jazzy/bin/ros2 launch nav2_bringup bringup_launch.py map:=/cbab5/work/scripts/../results/composition_ab/compAB_nav2_map.yaml params_file:=/cbab5/work/scripts/nav2_params_bench.yaml use_sim_time:=False autostart:=True slam:=False use_composition:=True"
2026-09-12T22:10:04Z,32,"compAB_r1_composable",340814,"component_conta",46.8,191764,176469,"/opt/ros/jazzy/lib/rclcpp_components/component_container_isolated --ros-args --log-level info --ros-args -r __node:=nav2_container --params-file /tmp/launch_params_4titmdt9 --params-file /tmp/launch_params_dds6jmqc -r /tf:=tf -r /tf_static:=tf_static"
2026-09-12T22:10:04Z,32,"compAB_r1_composable",340884,"python3",0.4,73140,47962,"/usr/bin/python3 -c from ros2cli.daemon.daemonize import main; main() --name ros2-daemon --ros-domain-id 0 --rmw-implementation rmw_fastrtps_cpp"
2026-09-12T22:10:04Z,32,"compAB_r1_composable",340937,"bash",0.0,2308,579,"bash /cbab5/work/scripts/run_nav2_composition_ab.sh --label compAB_r1 --duration 120"
2026-09-12T22:10:04Z,32,"compAB_r1_composable",340938,"python3",9.5,82132,55513,"python3 /cbab5/work/scripts/nav_goal_sender.py --x 4.0 --y 4.0 --yaw 0.0 --repeat 0 --pause 1"
2026-09-12T22:10:04Z,32,"compAB_r1_composable",341077,"bash",0.5,4392,1091,"bash /oomwoo/contributions/compute-benchmark/xbattlax/scripts/measure_ros_processes.sh --pattern python3|ros2|nav2|component_container|nav_goal_sender|amcl|map_server|planner|controller|behavior|bt_nav|smoother|waypoint --duration 110 --interval 2 --label compAB_r1_composable --output /cbab5/work/scripts/../results/composition_ab/compAB_r1_composable_20260912T220742Z.csv"
2026-09-12T22:10:07Z,33,"compAB_r1_composable",340659,"bash",0.0,3976,1039,"bash -c source /opt/ros/jazzy/setup.bash && bash /cbab5/work/scripts/run_nav2_composition_ab.sh --label compAB_r1 --duration 120 2>&1 | tail -30"
2026-09-12T22:10:07Z,33,"compAB_r1_composable",340672,"bash",0.0,3728,793,"bash /cbab5/work/scripts/run_nav2_composition_ab.sh --label compAB_r1 --duration 120"
2026-09-12T22:10:07Z,33,"compAB_r1_composable",340778,"python3",5.2,76104,49884,"python3 /cbab5/work/scripts/synthetic_scan_publisher.py --duration 220 --loop-s 40 --hz 5.0"
2026-09-12T22:10:07Z,33,"compAB_r1_composable",340794,"ros2",1.2,83568,58132,"/usr/bin/python3 /opt/ros/jazzy/bin/ros2 launch nav2_bringup bringup_launch.py map:=/cbab5/work/scripts/../results/composition_ab/compAB_nav2_map.yaml params_file:=/cbab5/work/scripts/nav2_params_bench.yaml use_sim_time:=False autostart:=True slam:=False use_composition:=True"
2026-09-12T22:10:07Z,33,"compAB_r1_composable",340814,"component_conta",47.0,191768,176474,"/opt/ros/jazzy/lib/rclcpp_components/component_container_isolated --ros-args --log-level info --ros-args -r __node:=nav2_container --params-file /tmp/launch_params_4titmdt9 --params-file /tmp/launch_params_dds6jmqc -r /tf:=tf -r /tf_static:=tf_static"
2026-09-12T22:10:07Z,33,"compAB_r1_composable",340884,"python3",0.4,73140,47965,"/usr/bin/python3 -c from ros2cli.daemon.daemonize import main; main() --name ros2-daemon --ros-domain-id 0 --rmw-implementation rmw_fastrtps_cpp"
2026-09-12T22:10:07Z,33,"compAB_r1_composable",340937,"bash",0.0,2308,579,"bash /cbab5/work/scripts/run_nav2_composition_ab.sh --label compAB_r1 --duration 120"
2026-09-12T22:10:07Z,33,"compAB_r1_composable",340938,"python3",9.5,82132,55514,"python3 /cbab5/work/scripts/nav_goal_sender.py --x 4.0 --y 4.0 --yaw 0.0 --repeat 0 --pause 1"
2026-09-12T22:10:07Z,33,"compAB_r1_composable",341077,"bash",0.5,4392,1082,"bash /oomwoo/contributions/compute-benchmark/xbattlax/scripts/measure_ros_processes.sh --pattern python3|ros2|nav2|component_container|nav_goal_sender|amcl|map_server|planner|controller|behavior|bt_nav|smoother|waypoint --duration 110 --interval 2 --label compAB_r1_composable --output /cbab5/work/scripts/../results/composition_ab/compAB_r1_composable_20260912T220742Z.csv"
2026-09-12T22:10:09Z,34,"compAB_r1_composable",340659,"bash",0.0,3976,1037,"bash -c source /opt/ros/jazzy/setup.bash && bash /cbab5/work/scripts/run_nav2_composition_ab.sh --label compAB_r1 --duration 120 2>&1 | tail -30"
2026-09-12T22:10:09Z,34,"compAB_r1_composable",340672,"bash",0.0,3728,794,"bash /cbab5/work/scripts/run_nav2_composition_ab.sh --label compAB_r1 --duration 120"
2026-09-12T22:10:09Z,34,"compAB_r1_composable",340778,"python3",5.2,76104,49881,"python3 /cbab5/work/scripts/synthetic_scan_publisher.py --duration 220 --loop-s 40 --hz 5.0"
2026-09-12T22:10:09Z,34,"compAB_r1_composable",340794,"ros2",1.2,83568,58134,"/usr/bin/python3 /opt/ros/jazzy/bin/ros2 launch nav2_bringup bringup_launch.py map:=/cbab5/work/scripts/../results/composition_ab/compAB_nav2_map.yaml params_file:=/cbab5/work/scripts/nav2_params_bench.yaml use_sim_time:=False autostart:=True slam:=False use_composition:=True"
2026-09-12T22:10:09Z,34,"compAB_r1_composable",340814,"component_conta",47.3,191768,176473,"/opt/ros/jazzy/lib/rclcpp_components/component_container_isolated --ros-args --log-level info --ros-args -r __node:=nav2_container --params-file /tmp/launch_params_4titmdt9 --params-file /tmp/launch_params_dds6jmqc -r /tf:=tf -r /tf_static:=tf_static"
2026-09-12T22:10:09Z,34,"compAB_r1_composable",340884,"python3",0.4,73140,47963,"/usr/bin/python3 -c from ros2cli.daemon.daemonize import main; main() --name ros2-daemon --ros-domain-id 0 --rmw-implementation rmw_fastrtps_cpp"
2026-09-12T22:10:09Z,34,"compAB_r1_composable",340937,"bash",0.0,2308,579,"bash /cbab5/work/scripts/run_nav2_composition_ab.sh --label compAB_r1 --duration 120"
2026-09-12T22:10:09Z,34,"compAB_r1_composable",340938,"python3",9.6,82132,55514,"python3 /cbab5/work/scripts/nav_goal_sender.py --x 4.0 --y 4.0 --yaw 0.0 --repeat 0 --pause 1"
2026-09-12T22:10:09Z,34,"compAB_r1_composable",341077,"bash",0.5,4392,1090,"bash /oomwoo/contributions/compute-benchmark/xbattlax/scripts/measure_ros_processes.sh --pattern python3|ros2|nav2|component_container|nav_goal_sender|amcl|map_server|planner|controller|behavior|bt_nav|smoother|waypoint --duration 110 --interval 2 --label compAB_r1_composable --output /cbab5/work/scripts/../results/composition_ab/compAB_r1_composable_20260912T220742Z.csv"
2026-09-12T22:10:12Z,35,"compAB_r1_composable",340659,"bash",0.0,3976,1038,"bash -c source /opt/ros/jazzy/setup.bash && bash /cbab5/work/scripts/run_nav2_composition_ab.sh --label compAB_r1 --duration 120 2>&1 | tail -30"
2026-09-12T22:10:12Z,35,"compAB_r1_composable",340672,"bash",0.0,3728,795,"bash /cbab5/work/scripts/run_nav2_composition_ab.sh --label compAB_r1 --duration 120"
2026-09-12T22:10:12Z,35,"compAB_r1_composable",340778,"python3",5.2,76104,49883,"python3 /cbab5/work/scripts/synthetic_scan_publisher.py --duration 220 --loop-s 40 --hz 5.0"
2026-09-12T22:10:12Z,35,"compAB_r1_composable",340794,"ros2",1.2,83568,58131,"/usr/bin/python3 /opt/ros/jazzy/bin/ros2 launch nav2_bringup bringup_launch.py map:=/cbab5/work/scripts/../results/composition_ab/compAB_nav2_map.yaml params_file:=/cbab5/work/scripts/nav2_params_bench.yaml use_sim_time:=False autostart:=True slam:=False use_composition:=True"
2026-09-12T22:10:12Z,35,"compAB_r1_composable",340814,"component_conta",47.6,191768,176475,"/opt/ros/jazzy/lib/rclcpp_components/component_container_isolated --ros-args --log-level info --ros-args -r __node:=nav2_container --params-file /tmp/launch_params_4titmdt9 --params-file /tmp/launch_params_dds6jmqc -r /tf:=tf -r /tf_static:=tf_static"
2026-09-12T22:10:12Z,35,"compAB_r1_composable",340884,"python3",0.4,73140,47967,"/usr/bin/python3 -c from ros2cli.daemon.daemonize import main; main() --name ros2-daemon --ros-domain-id 0 --rmw-implementation rmw_fastrtps_cpp"
2026-09-12T22:10:12Z,35,"compAB_r1_composable",340937,"bash",0.0,2308,579,"bash /cbab5/work/scripts/run_nav2_composition_ab.sh --label compAB_r1 --duration 120"
2026-09-12T22:10:12Z,35,"compAB_r1_composable",340938,"python3",9.6,82132,55514,"python3 /cbab5/work/scripts/nav_goal_sender.py --x 4.0 --y 4.0 --yaw 0.0 --repeat 0 --pause 1"
2026-09-12T22:10:12Z,35,"compAB_r1_composable",341077,"bash",0.5,4392,1088,"bash /oomwoo/contributions/compute-benchmark/xbattlax/scripts/measure_ros_processes.sh --pattern python3|ros2|nav2|component_container|nav_goal_sender|amcl|map_server|planner|controller|behavior|bt_nav|smoother|waypoint --duration 110 --interval 2 --label compAB_r1_composable --output /cbab5/work/scripts/../results/composition_ab/compAB_r1_composable_20260912T220742Z.csv"
2026-09-12T22:10:14Z,36,"compAB_r1_composable",340659,"bash",0.0,3976,1040,"bash -c source /opt/ros/jazzy/setup.bash && bash /cbab5/work/scripts/run_nav2_composition_ab.sh --label compAB_r1 --duration 120 2>&1 | tail -30"
2026-09-12T22:10:14Z,36,"compAB_r1_composable",340672,"bash",0.0,3728,795,"bash /cbab5/work/scripts/run_nav2_composition_ab.sh --label compAB_r1 --duration 120"
2026-09-12T22:10:14Z,36,"compAB_r1_composable",340778,"python3",5.3,76104,49883,"python3 /cbab5/work/scripts/synthetic_scan_publisher.py --duration 220 --loop-s 40 --hz 5.0"
2026-09-12T22:10:14Z,36,"compAB_r1_composable",340794,"ros2",1.2,83568,58132,"/usr/bin/python3 /opt/ros/jazzy/bin/ros2 launch nav2_bringup bringup_launch.py map:=/cbab5/work/scripts/../results/composition_ab/compAB_nav2_map.yaml params_file:=/cbab5/work/scripts/nav2_params_bench.yaml use_sim_time:=False autostart:=True slam:=False use_composition:=True"
2026-09-12T22:10:14Z,36,"compAB_r1_composable",340814,"component_conta",47.8,193928,178635,"/opt/ros/jazzy/lib/rclcpp_components/component_container_isolated --ros-args --log-level info --ros-args -r __node:=nav2_container --params-file /tmp/launch_params_4titmdt9 --params-file /tmp/launch_params_dds6jmqc -r /tf:=tf -r /tf_static:=tf_static"
2026-09-12T22:10:14Z,36,"compAB_r1_composable",340884,"python3",0.4,73140,47964,"/usr/bin/python3 -c from ros2cli.daemon.daemonize import main; main() --name ros2-daemon --ros-domain-id 0 --rmw-implementation rmw_fastrtps_cpp"
2026-09-12T22:10:14Z,36,"compAB_r1_composable",340937,"bash",0.0,2308,578,"bash /cbab5/work/scripts/run_nav2_composition_ab.sh --label compAB_r1 --duration 120"
2026-09-12T22:10:14Z,36,"compAB_r1_composable",340938,"python3",9.6,82132,55516,"python3 /cbab5/work/scripts/nav_goal_sender.py --x 4.0 --y 4.0 --yaw 0.0 --repeat 0 --pause 1"
2026-09-12T22:10:14Z,36,"compAB_r1_composable",341077,"bash",0.5,4392,1088,"bash /oomwoo/contributions/compute-benchmark/xbattlax/scripts/measure_ros_processes.sh --pattern python3|ros2|nav2|component_container|nav_goal_sender|amcl|map_server|planner|controller|behavior|bt_nav|smoother|waypoint --duration 110 --interval 2 --label compAB_r1_composable --output /cbab5/work/scripts/../results/composition_ab/compAB_r1_composable_20260912T220742Z.csv"
2026-09-12T22:10:17Z,37,"compAB_r1_composable",340659,"bash",0.0,3976,1039,"bash -c source /opt/ros/jazzy/setup.bash && bash /cbab5/work/scripts/run_nav2_composition_ab.sh --label compAB_r1 --duration 120 2>&1 | tail -30"
2026-09-12T22:10:17Z,37,"compAB_r1_composable",340672,"bash",0.0,3728,796,"bash /cbab5/work/scripts/run_nav2_composition_ab.sh --label compAB_r1 --duration 120"
2026-09-12T22:10:17Z,37,"compAB_r1_composable",340778,"python3",5.3,76104,49886,"python3 /cbab5/work/scripts/synthetic_scan_publisher.py --duration 220 --loop-s 40 --hz 5.0"
2026-09-12T22:10:17Z,37,"compAB_r1_composable",340794,"ros2",1.2,83568,58133,"/usr/bin/python3 /opt/ros/jazzy/bin/ros2 launch nav2_bringup bringup_launch.py map:=/cbab5/work/scripts/../results/composition_ab/compAB_nav2_map.yaml params_file:=/cbab5/work/scripts/nav2_params_bench.yaml use_sim_time:=False autostart:=True slam:=False use_composition:=True"
2026-09-12T22:10:17Z,37,"compAB_r1_composable",340814,"component_conta",47.7,194076,178783,"/opt/ros/jazzy/lib/rclcpp_components/component_container_isolated --ros-args --log-level info --ros-args -r __node:=nav2_container --params-file /tmp/launch_params_4titmdt9 --params-file /tmp/launch_params_dds6jmqc -r /tf:=tf -r /tf_static:=tf_static"
2026-09-12T22:10:17Z,37,"compAB_r1_composable",340884,"python3",0.4,73140,47962,"/usr/bin/python3 -c from ros2cli.daemon.daemonize import main; main() --name ros2-daemon --ros-domain-id 0 --rmw-implementation rmw_fastrtps_cpp"
2026-09-12T22:10:17Z,37,"compAB_r1_composable",340937,"bash",0.0,2308,438,"bash /cbab5/work/scripts/run_nav2_composition_ab.sh --label compAB_r1 --duration 120"
2026-09-12T22:10:17Z,37,"compAB_r1_composable",340938,"python3",9.5,82132,55514,"python3 /cbab5/work/scripts/nav_goal_sender.py --x 4.0 --y 4.0 --yaw 0.0 --repeat 0 --pause 1"
2026-09-12T22:10:17Z,37,"compAB_r1_composable",341077,"bash",0.5,4392,1092,"bash /oomwoo/contributions/compute-benchmark/xbattlax/scripts/measure_ros_processes.sh --pattern python3|ros2|nav2|component_container|nav_goal_sender|amcl|map_server|planner|controller|behavior|bt_nav|smoother|waypoint --duration 110 --interval 2 --label compAB_r1_composable --output /cbab5/work/scripts/../results/composition_ab/compAB_r1_composable_20260912T220742Z.csv"
2026-09-12T22:10:19Z,38,"compAB_r1_composable",340659,"bash",0.0,3976,1038,"bash -c source /opt/ros/jazzy/setup.bash && bash /cbab5/work/scripts/run_nav2_composition_ab.sh --label compAB_r1 --duration 120 2>&1 | tail -30"
2026-09-12T22:10:19Z,38,"compAB_r1_composable",340672,"bash",0.0,3728,796,"bash /cbab5/work/scripts/run_nav2_composition_ab.sh --label compAB_r1 --duration 120"
2026-09-12T22:10:19Z,38,"compAB_r1_composable",340778,"python3",5.3,76104,49885,"python3 /cbab5/work/scripts/synthetic_scan_publisher.py --duration 220 --loop-s 40 --hz 5.0"
2026-09-12T22:10:19Z,38,"compAB_r1_composable",340794,"ros2",1.1,83568,58133,"/usr/bin/python3 /opt/ros/jazzy/bin/ros2 launch nav2_bringup bringup_launch.py map:=/cbab5/work/scripts/../results/composition_ab/compAB_nav2_map.yaml params_file:=/cbab5/work/scripts/nav2_params_bench.yaml use_sim_time:=False autostart:=True slam:=False use_composition:=True"
2026-09-12T22:10:19Z,38,"compAB_r1_composable",340814,"component_conta",48.0,194392,179098,"/opt/ros/jazzy/lib/rclcpp_components/component_container_isolated --ros-args --log-level info --ros-args -r __node:=nav2_container --params-file /tmp/launch_params_4titmdt9 --params-file /tmp/launch_params_dds6jmqc -r /tf:=tf -r /tf_static:=tf_static"
2026-09-12T22:10:19Z,38,"compAB_r1_composable",340884,"python3",0.4,73140,47966,"/usr/bin/python3 -c from ros2cli.daemon.daemonize import main; main() --name ros2-daemon --ros-domain-id 0 --rmw-implementation rmw_fastrtps_cpp"
2026-09-12T22:10:19Z,38,"compAB_r1_composable",340937,"bash",0.0,2308,579,"bash /cbab5/work/scripts/run_nav2_composition_ab.sh --label compAB_r1 --duration 120"
2026-09-12T22:10:19Z,38,"compAB_r1_composable",340938,"python3",9.6,82132,55516,"python3 /cbab5/work/scripts/nav_goal_sender.py --x 4.0 --y 4.0 --yaw 0.0 --repeat 0 --pause 1"
2026-09-12T22:10:19Z,38,"compAB_r1_composable",341077,"bash",0.5,4392,1090,"bash /oomwoo/contributions/compute-benchmark/xbattlax/scripts/measure_ros_processes.sh --pattern python3|ros2|nav2|component_container|nav_goal_sender|amcl|map_server|planner|controller|behavior|bt_nav|smoother|waypoint --duration 110 --interval 2 --label compAB_r1_composable --output /cbab5/work/scripts/../results/composition_ab/compAB_r1_composable_20260912T220742Z.csv"
2026-09-12T22:10:22Z,39,"compAB_r1_composable",340659,"bash",0.0,3976,1037,"bash -c source /opt/ros/jazzy/setup.bash && bash /cbab5/work/scripts/run_nav2_composition_ab.sh --label compAB_r1 --duration 120 2>&1 | tail -30"
2026-09-12T22:10:22Z,39,"compAB_r1_composable",340672,"bash",0.0,3728,795,"bash /cbab5/work/scripts/run_nav2_composition_ab.sh --label compAB_r1 --duration 120"
2026-09-12T22:10:22Z,39,"compAB_r1_composable",340778,"python3",5.3,76104,49881,"python3 /cbab5/work/scripts/synthetic_scan_publisher.py --duration 220 --loop-s 40 --hz 5.0"
2026-09-12T22:10:22Z,39,"compAB_r1_composable",340794,"ros2",1.1,83568,58131,"/usr/bin/python3 /opt/ros/jazzy/bin/ros2 launch nav2_bringup bringup_launch.py map:=/cbab5/work/scripts/../results/composition_ab/compAB_nav2_map.yaml params_file:=/cbab5/work/scripts/nav2_params_bench.yaml use_sim_time:=False autostart:=True slam:=False use_composition:=True"
2026-09-12T22:10:22Z,39,"compAB_r1_composable",340814,"component_conta",48.1,194420,179123,"/opt/ros/jazzy/lib/rclcpp_components/component_container_isolated --ros-args --log-level info --ros-args -r __node:=nav2_container --params-file /tmp/launch_params_4titmdt9 --params-file /tmp/launch_params_dds6jmqc -r /tf:=tf -r /tf_static:=tf_static"
2026-09-12T22:10:22Z,39,"compAB_r1_composable",340884,"python3",0.4,73140,47961,"/usr/bin/python3 -c from ros2cli.daemon.daemonize import main; main() --name ros2-daemon --ros-domain-id 0 --rmw-implementation rmw_fastrtps_cpp"
2026-09-12T22:10:22Z,39,"compAB_r1_composable",340937,"bash",0.0,2308,578,"bash /cbab5/work/scripts/run_nav2_composition_ab.sh --label compAB_r1 --duration 120"
2026-09-12T22:10:22Z,39,"compAB_r1_composable",340938,"python3",9.6,82132,55511,"python3 /cbab5/work/scripts/nav_goal_sender.py --x 4.0 --y 4.0 --yaw 0.0 --repeat 0 --pause 1"
2026-09-12T22:10:22Z,39,"compAB_r1_composable",341077,"bash",0.5,4392,1090,"bash /oomwoo/contributions/compute-benchmark/xbattlax/scripts/measure_ros_processes.sh --pattern python3|ros2|nav2|component_container|nav_goal_sender|amcl|map_server|planner|controller|behavior|bt_nav|smoother|waypoint --duration 110 --interval 2 --label compAB_r1_composable --output /cbab5/work/scripts/../results/composition_ab/compAB_r1_composable_20260912T220742Z.csv"
2026-09-12T22:10:24Z,40,"compAB_r1_composable",340659,"bash",0.0,3976,1039,"bash -c source /opt/ros/jazzy/setup.bash && bash /cbab5/work/scripts/run_nav2_composition_ab.sh --label compAB_r1 --duration 120 2>&1 | tail -30"
2026-09-12T22:10:24Z,40,"compAB_r1_composable",340672,"bash",0.0,3728,796,"bash /cbab5/work/scripts/run_nav2_composition_ab.sh --label compAB_r1 --duration 120"
2026-09-12T22:10:24Z,40,"compAB_r1_composable",340778,"python3",5.3,76104,49884,"python3 /cbab5/work/scripts/synthetic_scan_publisher.py --duration 220 --loop-s 40 --hz 5.0"
2026-09-12T22:10:24Z,40,"compAB_r1_composable",340794,"ros2",1.1,83568,58132,"/usr/bin/python3 /opt/ros/jazzy/bin/ros2 launch nav2_bringup bringup_launch.py map:=/cbab5/work/scripts/../results/composition_ab/compAB_nav2_map.yaml params_file:=/cbab5/work/scripts/nav2_params_bench.yaml use_sim_time:=False autostart:=True slam:=False use_composition:=True"
2026-09-12T22:10:24Z,40,"compAB_r1_composable",340814,"component_conta",48.4,194432,179138,"/opt/ros/jazzy/lib/rclcpp_components/component_container_isolated --ros-args --log-level info --ros-args -r __node:=nav2_container --params-file /tmp/launch_params_4titmdt9 --params-file /tmp/launch_params_dds6jmqc -r /tf:=tf -r /tf_static:=tf_static"
2026-09-12T22:10:24Z,40,"compAB_r1_composable",340884,"python3",0.4,73140,47962,"/usr/bin/python3 -c from ros2cli.daemon.daemonize import main; main() --name ros2-daemon --ros-domain-id 0 --rmw-implementation rmw_fastrtps_cpp"
2026-09-12T22:10:24Z,40,"compAB_r1_composable",340937,"bash",0.0,2308,578,"bash /cbab5/work/scripts/run_nav2_composition_ab.sh --label compAB_r1 --duration 120"
2026-09-12T22:10:24Z,40,"compAB_r1_composable",340938,"python3",9.6,82132,55514,"python3 /cbab5/work/scripts/nav_goal_sender.py --x 4.0 --y 4.0 --yaw 0.0 --repeat 0 --pause 1"
2026-09-12T22:10:24Z,40,"compAB_r1_composable",341077,"bash",0.5,4392,1089,"bash /oomwoo/contributions/compute-benchmark/xbattlax/scripts/measure_ros_processes.sh --pattern python3|ros2|nav2|component_container|nav_goal_sender|amcl|map_server|planner|controller|behavior|bt_nav|smoother|waypoint --duration 110 --interval 2 --label compAB_r1_composable --output /cbab5/work/scripts/../results/composition_ab/compAB_r1_composable_20260912T220742Z.csv"
2026-09-12T22:10:26Z,41,"compAB_r1_composable",340659,"bash",0.0,3976,1036,"bash -c source /opt/ros/jazzy/setup.bash && bash /cbab5/work/scripts/run_nav2_composition_ab.sh --label compAB_r1 --duration 120 2>&1 | tail -30"
2026-09-12T22:10:26Z,41,"compAB_r1_composable",340672,"bash",0.0,3728,795,"bash /cbab5/work/scripts/run_nav2_composition_ab.sh --label compAB_r1 --duration 120"
2026-09-12T22:10:26Z,41,"compAB_r1_composable",340778,"python3",5.3,76104,49879,"python3 /cbab5/work/scripts/synthetic_scan_publisher.py --duration 220 --loop-s 40 --hz 5.0"
2026-09-12T22:10:26Z,41,"compAB_r1_composable",340794,"ros2",1.1,83568,58132,"/usr/bin/python3 /opt/ros/jazzy/bin/ros2 launch nav2_bringup bringup_launch.py map:=/cbab5/work/scripts/../results/composition_ab/compAB_nav2_map.yaml params_file:=/cbab5/work/scripts/nav2_params_bench.yaml use_sim_time:=False autostart:=True slam:=False use_composition:=True"
2026-09-12T22:10:26Z,41,"compAB_r1_composable",340814,"component_conta",48.5,193532,178235,"/opt/ros/jazzy/lib/rclcpp_components/component_container_isolated --ros-args --log-level info --ros-args -r __node:=nav2_container --params-file /tmp/launch_params_4titmdt9 --params-file /tmp/launch_params_dds6jmqc -r /tf:=tf -r /tf_static:=tf_static"
2026-09-12T22:10:26Z,41,"compAB_r1_composable",340884,"python3",0.4,73140,47963,"/usr/bin/python3 -c from ros2cli.daemon.daemonize import main; main() --name ros2-daemon --ros-domain-id 0 --rmw-implementation rmw_fastrtps_cpp"
2026-09-12T22:10:26Z,41,"compAB_r1_composable",340937,"bash",0.0,2308,578,"bash /cbab5/work/scripts/run_nav2_composition_ab.sh --label compAB_r1 --duration 120"
2026-09-12T22:10:26Z,41,"compAB_r1_composable",340938,"python3",9.5,82144,55524,"python3 /cbab5/work/scripts/nav_goal_sender.py --x 4.0 --y 4.0 --yaw 0.0 --repeat 0 --pause 1"
2026-09-12T22:10:26Z,41,"compAB_r1_composable",341077,"bash",0.5,4392,1092,"bash /oomwoo/contributions/compute-benchmark/xbattlax/scripts/measure_ros_processes.sh --pattern python3|ros2|nav2|component_container|nav_goal_sender|amcl|map_server|planner|controller|behavior|bt_nav|smoother|waypoint --duration 110 --interval 2 --label compAB_r1_composable --output /cbab5/work/scripts/../results/composition_ab/compAB_r1_composable_20260912T220742Z.csv"
2026-09-12T22:10:29Z,42,"compAB_r1_composable",340659,"bash",0.0,3976,1036,"bash -c source /opt/ros/jazzy/setup.bash && bash /cbab5/work/scripts/run_nav2_composition_ab.sh --label compAB_r1 --duration 120 2>&1 | tail -30"
2026-09-12T22:10:29Z,42,"compAB_r1_composable",340672,"bash",0.0,3728,793,"bash /cbab5/work/scripts/run_nav2_composition_ab.sh --label compAB_r1 --duration 120"
2026-09-12T22:10:29Z,42,"compAB_r1_composable",340778,"python3",5.3,76104,49889,"python3 /cbab5/work/scripts/synthetic_scan_publisher.py --duration 220 --loop-s 40 --hz 5.0"
2026-09-12T22:10:29Z,42,"compAB_r1_composable",340794,"ros2",1.1,83568,58129,"/usr/bin/python3 /opt/ros/jazzy/bin/ros2 launch nav2_bringup bringup_launch.py map:=/cbab5/work/scripts/../results/composition_ab/compAB_nav2_map.yaml params_file:=/cbab5/work/scripts/nav2_params_bench.yaml use_sim_time:=False autostart:=True slam:=False use_composition:=True"
2026-09-12T22:10:29Z,42,"compAB_r1_composable",340814,"component_conta",48.6,194992,179695,"/opt/ros/jazzy/lib/rclcpp_components/component_container_isolated --ros-args --log-level info --ros-args -r __node:=nav2_container --params-file /tmp/launch_params_4titmdt9 --params-file /tmp/launch_params_dds6jmqc -r /tf:=tf -r /tf_static:=tf_static"
2026-09-12T22:10:29Z,42,"compAB_r1_composable",340884,"python3",0.4,73140,47964,"/usr/bin/python3 -c from ros2cli.daemon.daemonize import main; main() --name ros2-daemon --ros-domain-id 0 --rmw-implementation rmw_fastrtps_cpp"
2026-09-12T22:10:29Z,42,"compAB_r1_composable",340937,"bash",0.0,2308,579,"bash /cbab5/work/scripts/run_nav2_composition_ab.sh --label compAB_r1 --duration 120"
2026-09-12T22:10:29Z,42,"compAB_r1_composable",340938,"python3",9.4,82144,55524,"python3 /cbab5/work/scripts/nav_goal_sender.py --x 4.0 --y 4.0 --yaw 0.0 --repeat 0 --pause 1"
2026-09-12T22:10:29Z,42,"compAB_r1_composable",341077,"bash",0.5,4392,1090,"bash /oomwoo/contributions/compute-benchmark/xbattlax/scripts/measure_ros_processes.sh --pattern python3|ros2|nav2|component_container|nav_goal_sender|amcl|map_server|planner|controller|behavior|bt_nav|smoother|waypoint --duration 110 --interval 2 --label compAB_r1_composable --output /cbab5/work/scripts/../results/composition_ab/compAB_r1_composable_20260912T220742Z.csv"
2026-09-12T22:10:31Z,43,"compAB_r1_composable",340659,"bash",0.0,3976,1035,"bash -c source /opt/ros/jazzy/setup.bash && bash /cbab5/work/scripts/run_nav2_composition_ab.sh --label compAB_r1 --duration 120 2>&1 | tail -30"
2026-09-12T22:10:31Z,43,"compAB_r1_composable",340672,"bash",0.0,3728,794,"bash /cbab5/work/scripts/run_nav2_composition_ab.sh --label compAB_r1 --duration 120"
2026-09-12T22:10:31Z,43,"compAB_r1_composable",340778,"python3",5.3,76104,49882,"python3 /cbab5/work/scripts/synthetic_scan_publisher.py --duration 220 --loop-s 40 --hz 5.0"
2026-09-12T22:10:31Z,43,"compAB_r1_composable",340794,"ros2",1.1,83568,58134,"/usr/bin/python3 /opt/ros/jazzy/bin/ros2 launch nav2_bringup bringup_launch.py map:=/cbab5/work/scripts/../results/composition_ab/compAB_nav2_map.yaml params_file:=/cbab5/work/scripts/nav2_params_bench.yaml use_sim_time:=False autostart:=True slam:=False use_composition:=True"
2026-09-12T22:10:31Z,43,"compAB_r1_composable",340814,"component_conta",48.5,193144,177847,"/opt/ros/jazzy/lib/rclcpp_components/component_container_isolated --ros-args --log-level info --ros-args -r __node:=nav2_container --params-file /tmp/launch_params_4titmdt9 --params-file /tmp/launch_params_dds6jmqc -r /tf:=tf -r /tf_static:=tf_static"
2026-09-12T22:10:31Z,43,"compAB_r1_composable",340884,"python3",0.4,73140,47963,"/usr/bin/python3 -c from ros2cli.daemon.daemonize import main; main() --name ros2-daemon --ros-domain-id 0 --rmw-implementation rmw_fastrtps_cpp"
2026-09-12T22:10:31Z,43,"compAB_r1_composable",340937,"bash",0.0,2308,578,"bash /cbab5/work/scripts/run_nav2_composition_ab.sh --label compAB_r1 --duration 120"
2026-09-12T22:10:31Z,43,"compAB_r1_composable",340938,"python3",9.3,82152,55531,"python3 /cbab5/work/scripts/nav_goal_sender.py --x 4.0 --y 4.0 --yaw 0.0 --repeat 0 --pause 1"
2026-09-12T22:10:31Z,43,"compAB_r1_composable",341077,"bash",0.5,4392,1090,"bash /oomwoo/contributions/compute-benchmark/xbattlax/scripts/measure_ros_processes.sh --pattern python3|ros2|nav2|component_container|nav_goal_sender|amcl|map_server|planner|controller|behavior|bt_nav|smoother|waypoint --duration 110 --interval 2 --label compAB_r1_composable --output /cbab5/work/scripts/../results/composition_ab/compAB_r1_composable_20260912T220742Z.csv"
2026-09-12T22:10:34Z,44,"compAB_r1_composable",340659,"bash",0.0,3976,1038,"bash -c source /opt/ros/jazzy/setup.bash && bash /cbab5/work/scripts/run_nav2_composition_ab.sh --label compAB_r1 --duration 120 2>&1 | tail -30"
2026-09-12T22:10:34Z,44,"compAB_r1_composable",340672,"bash",0.0,3728,789,"bash /cbab5/work/scripts/run_nav2_composition_ab.sh --label compAB_r1 --duration 120"
2026-09-12T22:10:34Z,44,"compAB_r1_composable",340778,"python3",5.3,76104,49885,"python3 /cbab5/work/scripts/synthetic_scan_publisher.py --duration 220 --loop-s 40 --hz 5.0"
2026-09-12T22:10:34Z,44,"compAB_r1_composable",340794,"ros2",1.1,83568,58132,"/usr/bin/python3 /opt/ros/jazzy/bin/ros2 launch nav2_bringup bringup_launch.py map:=/cbab5/work/scripts/../results/composition_ab/compAB_nav2_map.yaml params_file:=/cbab5/work/scripts/nav2_params_bench.yaml use_sim_time:=False autostart:=True slam:=False use_composition:=True"
2026-09-12T22:10:34Z,44,"compAB_r1_composable",340814,"component_conta",48.5,193148,177855,"/opt/ros/jazzy/lib/rclcpp_components/component_container_isolated --ros-args --log-level info --ros-args -r __node:=nav2_container --params-file /tmp/launch_params_4titmdt9 --params-file /tmp/launch_params_dds6jmqc -r /tf:=tf -r /tf_static:=tf_static"
2026-09-12T22:10:34Z,44,"compAB_r1_composable",340884,"python3",0.4,73140,47962,"/usr/bin/python3 -c from ros2cli.daemon.daemonize import main; main() --name ros2-daemon --ros-domain-id 0 --rmw-implementation rmw_fastrtps_cpp"
2026-09-12T22:10:34Z,44,"compAB_r1_composable",340937,"bash",0.0,2308,579,"bash /cbab5/work/scripts/run_nav2_composition_ab.sh --label compAB_r1 --duration 120"
2026-09-12T22:10:34Z,44,"compAB_r1_composable",340938,"python3",9.3,82152,55534,"python3 /cbab5/work/scripts/nav_goal_sender.py --x 4.0 --y 4.0 --yaw 0.0 --repeat 0 --pause 1"
2026-09-12T22:10:34Z,44,"compAB_r1_composable",341077,"bash",0.5,4392,1089,"bash /oomwoo/contributions/compute-benchmark/xbattlax/scripts/measure_ros_processes.sh --pattern python3|ros2|nav2|component_container|nav_goal_sender|amcl|map_server|planner|controller|behavior|bt_nav|smoother|waypoint --duration 110 --interval 2 --label compAB_r1_composable --output /cbab5/work/scripts/../results/composition_ab/compAB_r1_composable_20260912T220742Z.csv"
2026-09-12T22:10:36Z,45,"compAB_r1_composable",340659,"bash",0.0,3976,1038,"bash -c source /opt/ros/jazzy/setup.bash && bash /cbab5/work/scripts/run_nav2_composition_ab.sh --label compAB_r1 --duration 120 2>&1 | tail -30"
2026-09-12T22:10:36Z,45,"compAB_r1_composable",340672,"bash",0.0,3728,793,"bash /cbab5/work/scripts/run_nav2_composition_ab.sh --label compAB_r1 --duration 120"
2026-09-12T22:10:36Z,45,"compAB_r1_composable",340778,"python3",5.3,76104,49881,"python3 /cbab5/work/scripts/synthetic_scan_publisher.py --duration 220 --loop-s 40 --hz 5.0"
2026-09-12T22:10:36Z,45,"compAB_r1_composable",340794,"ros2",1.0,83568,58131,"/usr/bin/python3 /opt/ros/jazzy/bin/ros2 launch nav2_bringup bringup_launch.py map:=/cbab5/work/scripts/../results/composition_ab/compAB_nav2_map.yaml params_file:=/cbab5/work/scripts/nav2_params_bench.yaml use_sim_time:=False autostart:=True slam:=False use_composition:=True"
2026-09-12T22:10:36Z,45,"compAB_r1_composable",340814,"component_conta",48.4,193148,177852,"/opt/ros/jazzy/lib/rclcpp_components/component_container_isolated --ros-args --log-level info --ros-args -r __node:=nav2_container --params-file /tmp/launch_params_4titmdt9 --params-file /tmp/launch_params_dds6jmqc -r /tf:=tf -r /tf_static:=tf_static"
2026-09-12T22:10:36Z,45,"compAB_r1_composable",340884,"python3",0.3,73140,47961,"/usr/bin/python3 -c from ros2cli.daemon.daemonize import main; main() --name ros2-daemon --ros-domain-id 0 --rmw-implementation rmw_fastrtps_cpp"
2026-09-12T22:10:36Z,45,"compAB_r1_composable",340937,"bash",0.0,2308,578,"bash /cbab5/work/scripts/run_nav2_composition_ab.sh --label compAB_r1 --duration 120"
2026-09-12T22:10:36Z,45,"compAB_r1_composable",340938,"python3",9.3,82152,55532,"python3 /cbab5/work/scripts/nav_goal_sender.py --x 4.0 --y 4.0 --yaw 0.0 --repeat 0 --pause 1"
2026-09-12T22:10:36Z,45,"compAB_r1_composable",341077,"bash",0.5,4392,1089,"bash /oomwoo/contributions/compute-benchmark/xbattlax/scripts/measure_ros_processes.sh --pattern python3|ros2|nav2|component_container|nav_goal_sender|amcl|map_server|planner|controller|behavior|bt_nav|smoother|waypoint --duration 110 --interval 2 --label compAB_r1_composable --output /cbab5/work/scripts/../results/composition_ab/compAB_r1_composable_20260912T220742Z.csv"
